PASS        results/certs/b13_09/per7_10_4_2_2_2_2_2_d8_fullrank_p2147483629.json.gz  (7.6s)  cubic side: mult_per3((10, 4, 2, 2, 2, 2, 2), 8) = a = 1 mod 2147483629 in Sym^8(Sym^3 C^7) -- S_mu not in I(D_7^per3) (B13-09)
    [ok  ] cell: n in {3, 4} — n = 3
    [ok  ] cell: length(lambda) = r — lambda (10, 4, 2, 2, 2, 2, 2), r 7
    [ok  ] cell: lambda weakly decreasing
    [ok  ] cell: |lambda| = n*delta — 24 vs 3*8
    [ok  ] cell: a recomputed (Weyl alternation) — recomputed 1, claimed 1
    [ok  ] basis vector 0: highest weight mod 2147483629
    [ok  ] basis: 1 independent vectors = a — rank 1, a = 1
    [ok  ] evaluation of the a = 1 highest-weight vectors at 9 recorded permanent_pencil points has rank a mod 2147483629 — rank 1
    [ok  ] conclusion: mult_permanent_pencil(lambda, delta) = a = 1 over Q (rank_p <= rank_Q <= a)
PASS        results/certs/b13_09/per7_10_4_2_2_2_2_2_d8_fullrank_p2147483647.json.gz  (7.3s)  cubic side: mult_per3((10, 4, 2, 2, 2, 2, 2), 8) = a = 1 mod 2147483647 in Sym^8(Sym^3 C^7) -- S_mu not in I(D_7^per3) (B13-09)
    [ok  ] cell: n in {3, 4} — n = 3
    [ok  ] cell: length(lambda) = r — lambda (10, 4, 2, 2, 2, 2, 2), r 7
    [ok  ] cell: lambda weakly decreasing
    [ok  ] cell: |lambda| = n*delta — 24 vs 3*8
    [ok  ] cell: a recomputed (Weyl alternation) — recomputed 1, claimed 1
    [ok  ] basis vector 0: highest weight mod 2147483647
    [ok  ] basis: 1 independent vectors = a — rank 1, a = 1
    [ok  ] evaluation of the a = 1 highest-weight vectors at 9 recorded permanent_pencil points has rank a mod 2147483647 — rank 1
    [ok  ] conclusion: mult_permanent_pencil(lambda, delta) = a = 1 over Q (rank_p <= rank_Q <= a)
PASS        results/certs/b13_09/per7_10_4_3_2_2_2_1_d8_fullrank_p2147483629.json.gz  (5.4s)  cubic side: mult_per3((10, 4, 3, 2, 2, 2, 1), 8) = a = 1 mod 2147483629 in Sym^8(Sym^3 C^7) -- S_mu not in I(D_7^per3) (B13-09)
    [ok  ] cell: n in {3, 4} — n = 3
    [ok  ] cell: length(lambda) = r — lambda (10, 4, 3, 2, 2, 2, 1), r 7
    [ok  ] cell: lambda weakly decreasing
    [ok  ] cell: |lambda| = n*delta — 24 vs 3*8
    [ok  ] cell: a recomputed (Weyl alternation) — recomputed 1, claimed 1
    [ok  ] basis vector 0: highest weight mod 2147483629
    [ok  ] basis: 1 independent vectors = a — rank 1, a = 1
    [ok  ] evaluation of the a = 1 highest-weight vectors at 9 recorded permanent_pencil points has rank a mod 2147483629 — rank 1
    [ok  ] conclusion: mult_permanent_pencil(lambda, delta) = a = 1 over Q (rank_p <= rank_Q <= a)
PASS        results/certs/b13_09/per7_10_4_3_2_2_2_1_d8_fullrank_p2147483647.json.gz  (5.9s)  cubic side: mult_per3((10, 4, 3, 2, 2, 2, 1), 8) = a = 1 mod 2147483647 in Sym^8(Sym^3 C^7) -- S_mu not in I(D_7^per3) (B13-09)
    [ok  ] cell: n in {3, 4} — n = 3
    [ok  ] cell: length(lambda) = r — lambda (10, 4, 3, 2, 2, 2, 1), r 7
    [ok  ] cell: lambda weakly decreasing
    [ok  ] cell: |lambda| = n*delta — 24 vs 3*8
    [ok  ] cell: a recomputed (Weyl alternation) — recomputed 1, claimed 1
    [ok  ] basis vector 0: highest weight mod 2147483647
    [ok  ] basis: 1 independent vectors = a — rank 1, a = 1
    [ok  ] evaluation of the a = 1 highest-weight vectors at 9 recorded permanent_pencil points has rank a mod 2147483647 — rank 1
    [ok  ] conclusion: mult_permanent_pencil(lambda, delta) = a = 1 over Q (rank_p <= rank_Q <= a)
PASS        results/certs/b13_09/per7_10_5_2_2_2_2_1_d8_fullrank_p2147483629.json.gz  (4.1s)  cubic side: mult_per3((10, 5, 2, 2, 2, 2, 1), 8) = a = 1 mod 2147483629 in Sym^8(Sym^3 C^7) -- S_mu not in I(D_7^per3) (B13-09)
    [ok  ] cell: n in {3, 4} — n = 3
    [ok  ] cell: length(lambda) = r — lambda (10, 5, 2, 2, 2, 2, 1), r 7
    [ok  ] cell: lambda weakly decreasing
    [ok  ] cell: |lambda| = n*delta — 24 vs 3*8
    [ok  ] cell: a recomputed (Weyl alternation) — recomputed 1, claimed 1
    [ok  ] basis vector 0: highest weight mod 2147483629
    [ok  ] basis: 1 independent vectors = a — rank 1, a = 1
    [ok  ] evaluation of the a = 1 highest-weight vectors at 9 recorded permanent_pencil points has rank a mod 2147483629 — rank 1
    [ok  ] conclusion: mult_permanent_pencil(lambda, delta) = a = 1 over Q (rank_p <= rank_Q <= a)
PASS        results/certs/b13_09/per7_10_5_2_2_2_2_1_d8_fullrank_p2147483647.json.gz  (4.6s)  cubic side: mult_per3((10, 5, 2, 2, 2, 2, 1), 8) = a = 1 mod 2147483647 in Sym^8(Sym^3 C^7) -- S_mu not in I(D_7^per3) (B13-09)
    [ok  ] cell: n in {3, 4} — n = 3
    [ok  ] cell: length(lambda) = r — lambda (10, 5, 2, 2, 2, 2, 1), r 7
    [ok  ] cell: lambda weakly decreasing
    [ok  ] cell: |lambda| = n*delta — 24 vs 3*8
    [ok  ] cell: a recomputed (Weyl alternation) — recomputed 1, claimed 1
    [ok  ] basis vector 0: highest weight mod 2147483647
    [ok  ] basis: 1 independent vectors = a — rank 1, a = 1
    [ok  ] evaluation of the a = 1 highest-weight vectors at 9 recorded permanent_pencil points has rank a mod 2147483647 — rank 1
    [ok  ] conclusion: mult_permanent_pencil(lambda, delta) = a = 1 over Q (rank_p <= rank_Q <= a)
PASS        results/certs/b13_09/per7_10_5_3_2_2_1_1_d8_fullrank_p2147483629.json.gz  (2.7s)  cubic side: mult_per3((10, 5, 3, 2, 2, 1, 1), 8) = a = 1 mod 2147483629 in Sym^8(Sym^3 C^7) -- S_mu not in I(D_7^per3) (B13-09)
    [ok  ] cell: n in {3, 4} — n = 3
    [ok  ] cell: length(lambda) = r — lambda (10, 5, 3, 2, 2, 1, 1), r 7
    [ok  ] cell: lambda weakly decreasing
    [ok  ] cell: |lambda| = n*delta — 24 vs 3*8
    [ok  ] cell: a recomputed (Weyl alternation) — recomputed 1, claimed 1
    [ok  ] basis vector 0: highest weight mod 2147483629
    [ok  ] basis: 1 independent vectors = a — rank 1, a = 1
    [ok  ] evaluation of the a = 1 highest-weight vectors at 9 recorded permanent_pencil points has rank a mod 2147483629 — rank 1
    [ok  ] conclusion: mult_permanent_pencil(lambda, delta) = a = 1 over Q (rank_p <= rank_Q <= a)
PASS        results/certs/b13_09/per7_10_5_3_2_2_1_1_d8_fullrank_p2147483647.json.gz  (2.2s)  cubic side: mult_per3((10, 5, 3, 2, 2, 1, 1), 8) = a = 1 mod 2147483647 in Sym^8(Sym^3 C^7) -- S_mu not in I(D_7^per3) (B13-09)
    [ok  ] cell: n in {3, 4} — n = 3
    [ok  ] cell: length(lambda) = r — lambda (10, 5, 3, 2, 2, 1, 1), r 7
    [ok  ] cell: lambda weakly decreasing
    [ok  ] cell: |lambda| = n*delta — 24 vs 3*8
    [ok  ] cell: a recomputed (Weyl alternation) — recomputed 1, claimed 1
    [ok  ] basis vector 0: highest weight mod 2147483647
    [ok  ] basis: 1 independent vectors = a — rank 1, a = 1
    [ok  ] evaluation of the a = 1 highest-weight vectors at 9 recorded permanent_pencil points has rank a mod 2147483647 — rank 1
    [ok  ] conclusion: mult_permanent_pencil(lambda, delta) = a = 1 over Q (rank_p <= rank_Q <= a)
PASS        results/certs/b13_09/per7_10_7_5_2_1_1_1_d9_fullrank_p2147483629.json.gz  (3.3s)  cubic side: mult_per3((10, 7, 5, 2, 1, 1, 1), 9) = a = 1 mod 2147483629 in Sym^9(Sym^3 C^7) -- S_mu not in I(D_7^per3) (B13-09)
    [ok  ] cell: n in {3, 4} — n = 3
    [ok  ] cell: length(lambda) = r — lambda (10, 7, 5, 2, 1, 1, 1), r 7
    [ok  ] cell: lambda weakly decreasing
    [ok  ] cell: |lambda| = n*delta — 27 vs 3*9
    [ok  ] cell: a recomputed (Weyl alternation) — recomputed 1, claimed 1
    [ok  ] basis vector 0: highest weight mod 2147483629
    [ok  ] basis: 1 independent vectors = a — rank 1, a = 1
    [ok  ] evaluation of the a = 1 highest-weight vectors at 9 recorded permanent_pencil points has rank a mod 2147483629 — rank 1
    [ok  ] conclusion: mult_permanent_pencil(lambda, delta) = a = 1 over Q (rank_p <= rank_Q <= a)
PASS        results/certs/b13_09/per7_10_7_5_2_1_1_1_d9_fullrank_p2147483647.json.gz  (3.5s)  cubic side: mult_per3((10, 7, 5, 2, 1, 1, 1), 9) = a = 1 mod 2147483647 in Sym^9(Sym^3 C^7) -- S_mu not in I(D_7^per3) (B13-09)
    [ok  ] cell: n in {3, 4} — n = 3
    [ok  ] cell: length(lambda) = r — lambda (10, 7, 5, 2, 1, 1, 1), r 7
    [ok  ] cell: lambda weakly decreasing
    [ok  ] cell: |lambda| = n*delta — 27 vs 3*9
    [ok  ] cell: a recomputed (Weyl alternation) — recomputed 1, claimed 1
    [ok  ] basis vector 0: highest weight mod 2147483647
    [ok  ] basis: 1 independent vectors = a — rank 1, a = 1
    [ok  ] evaluation of the a = 1 highest-weight vectors at 9 recorded permanent_pencil points has rank a mod 2147483647 — rank 1
    [ok  ] conclusion: mult_permanent_pencil(lambda, delta) = a = 1 over Q (rank_p <= rank_Q <= a)
PASS        results/certs/b13_09/per7_10_8_3_3_1_1_1_d9_fullrank_p2147483629.json.gz  (3.3s)  cubic side: mult_per3((10, 8, 3, 3, 1, 1, 1), 9) = a = 1 mod 2147483629 in Sym^9(Sym^3 C^7) -- S_mu not in I(D_7^per3) (B13-09)
    [ok  ] cell: n in {3, 4} — n = 3
    [ok  ] cell: length(lambda) = r — lambda (10, 8, 3, 3, 1, 1, 1), r 7
    [ok  ] cell: lambda weakly decreasing
    [ok  ] cell: |lambda| = n*delta — 27 vs 3*9
    [ok  ] cell: a recomputed (Weyl alternation) — recomputed 1, claimed 1
    [ok  ] basis vector 0: highest weight mod 2147483629
    [ok  ] basis: 1 independent vectors = a — rank 1, a = 1
    [ok  ] evaluation of the a = 1 highest-weight vectors at 9 recorded permanent_pencil points has rank a mod 2147483629 — rank 1
    [ok  ] conclusion: mult_permanent_pencil(lambda, delta) = a = 1 over Q (rank_p <= rank_Q <= a)
PASS        results/certs/b13_09/per7_10_8_3_3_1_1_1_d9_fullrank_p2147483647.json.gz  (3.6s)  cubic side: mult_per3((10, 8, 3, 3, 1, 1, 1), 9) = a = 1 mod 2147483647 in Sym^9(Sym^3 C^7) -- S_mu not in I(D_7^per3) (B13-09)
    [ok  ] cell: n in {3, 4} — n = 3
    [ok  ] cell: length(lambda) = r — lambda (10, 8, 3, 3, 1, 1, 1), r 7
    [ok  ] cell: lambda weakly decreasing
    [ok  ] cell: |lambda| = n*delta — 27 vs 3*9
    [ok  ] cell: a recomputed (Weyl alternation) — recomputed 1, claimed 1
    [ok  ] basis vector 0: highest weight mod 2147483647
    [ok  ] basis: 1 independent vectors = a — rank 1, a = 1
    [ok  ] evaluation of the a = 1 highest-weight vectors at 9 recorded permanent_pencil points has rank a mod 2147483647 — rank 1
    [ok  ] conclusion: mult_permanent_pencil(lambda, delta) = a = 1 over Q (rank_p <= rank_Q <= a)
PASS        results/certs/b13_09/per7_11_3_2_2_2_2_2_d8_fullrank_p2147483629.json.gz  (4.3s)  cubic side: mult_per3((11, 3, 2, 2, 2, 2, 2), 8) = a = 1 mod 2147483629 in Sym^8(Sym^3 C^7) -- S_mu not in I(D_7^per3) (B13-09)
    [ok  ] cell: n in {3, 4} — n = 3
    [ok  ] cell: length(lambda) = r — lambda (11, 3, 2, 2, 2, 2, 2), r 7
    [ok  ] cell: lambda weakly decreasing
    [ok  ] cell: |lambda| = n*delta — 24 vs 3*8
    [ok  ] cell: a recomputed (Weyl alternation) — recomputed 1, claimed 1
    [ok  ] basis vector 0: highest weight mod 2147483629
    [ok  ] basis: 1 independent vectors = a — rank 1, a = 1
    [ok  ] evaluation of the a = 1 highest-weight vectors at 9 recorded permanent_pencil points has rank a mod 2147483629 — rank 1
    [ok  ] conclusion: mult_permanent_pencil(lambda, delta) = a = 1 over Q (rank_p <= rank_Q <= a)
PASS        results/certs/b13_09/per7_11_3_2_2_2_2_2_d8_fullrank_p2147483647.json.gz  (4.8s)  cubic side: mult_per3((11, 3, 2, 2, 2, 2, 2), 8) = a = 1 mod 2147483647 in Sym^8(Sym^3 C^7) -- S_mu not in I(D_7^per3) (B13-09)
    [ok  ] cell: n in {3, 4} — n = 3
    [ok  ] cell: length(lambda) = r — lambda (11, 3, 2, 2, 2, 2, 2), r 7
    [ok  ] cell: lambda weakly decreasing
    [ok  ] cell: |lambda| = n*delta — 24 vs 3*8
    [ok  ] cell: a recomputed (Weyl alternation) — recomputed 1, claimed 1
    [ok  ] basis vector 0: highest weight mod 2147483647
    [ok  ] basis: 1 independent vectors = a — rank 1, a = 1
    [ok  ] evaluation of the a = 1 highest-weight vectors at 9 recorded permanent_pencil points has rank a mod 2147483647 — rank 1
    [ok  ] conclusion: mult_permanent_pencil(lambda, delta) = a = 1 over Q (rank_p <= rank_Q <= a)
PASS        results/certs/b13_09/per7_11_4_2_2_2_2_1_d8_fullrank_p2147483629.json.gz  (2.6s)  cubic side: mult_per3((11, 4, 2, 2, 2, 2, 1), 8) = a = 1 mod 2147483629 in Sym^8(Sym^3 C^7) -- S_mu not in I(D_7^per3) (B13-09)
    [ok  ] cell: n in {3, 4} — n = 3
    [ok  ] cell: length(lambda) = r — lambda (11, 4, 2, 2, 2, 2, 1), r 7
    [ok  ] cell: lambda weakly decreasing
    [ok  ] cell: |lambda| = n*delta — 24 vs 3*8
    [ok  ] cell: a recomputed (Weyl alternation) — recomputed 1, claimed 1
    [ok  ] basis vector 0: highest weight mod 2147483629
    [ok  ] basis: 1 independent vectors = a — rank 1, a = 1
    [ok  ] evaluation of the a = 1 highest-weight vectors at 9 recorded permanent_pencil points has rank a mod 2147483629 — rank 1
    [ok  ] conclusion: mult_permanent_pencil(lambda, delta) = a = 1 over Q (rank_p <= rank_Q <= a)
PASS        results/certs/b13_09/per7_11_4_2_2_2_2_1_d8_fullrank_p2147483647.json.gz  (2.9s)  cubic side: mult_per3((11, 4, 2, 2, 2, 2, 1), 8) = a = 1 mod 2147483647 in Sym^8(Sym^3 C^7) -- S_mu not in I(D_7^per3) (B13-09)
    [ok  ] cell: n in {3, 4} — n = 3
    [ok  ] cell: length(lambda) = r — lambda (11, 4, 2, 2, 2, 2, 1), r 7
    [ok  ] cell: lambda weakly decreasing
    [ok  ] cell: |lambda| = n*delta — 24 vs 3*8
    [ok  ] cell: a recomputed (Weyl alternation) — recomputed 1, claimed 1
    [ok  ] basis vector 0: highest weight mod 2147483647
    [ok  ] basis: 1 independent vectors = a — rank 1, a = 1
    [ok  ] evaluation of the a = 1 highest-weight vectors at 9 recorded permanent_pencil points has rank a mod 2147483647 — rank 1
    [ok  ] conclusion: mult_permanent_pencil(lambda, delta) = a = 1 over Q (rank_p <= rank_Q <= a)
PASS        results/certs/b13_09/per7_11_6_5_2_1_1_1_d9_fullrank_p2147483629.json.gz  (3.6s)  cubic side: mult_per3((11, 6, 5, 2, 1, 1, 1), 9) = a = 1 mod 2147483629 in Sym^9(Sym^3 C^7) -- S_mu not in I(D_7^per3) (B13-09)
    [ok  ] cell: n in {3, 4} — n = 3
    [ok  ] cell: length(lambda) = r — lambda (11, 6, 5, 2, 1, 1, 1), r 7
    [ok  ] cell: lambda weakly decreasing
    [ok  ] cell: |lambda| = n*delta — 27 vs 3*9
    [ok  ] cell: a recomputed (Weyl alternation) — recomputed 1, claimed 1
    [ok  ] basis vector 0: highest weight mod 2147483629
    [ok  ] basis: 1 independent vectors = a — rank 1, a = 1
    [ok  ] evaluation of the a = 1 highest-weight vectors at 9 recorded permanent_pencil points has rank a mod 2147483629 — rank 1
    [ok  ] conclusion: mult_permanent_pencil(lambda, delta) = a = 1 over Q (rank_p <= rank_Q <= a)
PASS        results/certs/b13_09/per7_11_6_5_2_1_1_1_d9_fullrank_p2147483647.json.gz  (3.6s)  cubic side: mult_per3((11, 6, 5, 2, 1, 1, 1), 9) = a = 1 mod 2147483647 in Sym^9(Sym^3 C^7) -- S_mu not in I(D_7^per3) (B13-09)
    [ok  ] cell: n in {3, 4} — n = 3
    [ok  ] cell: length(lambda) = r — lambda (11, 6, 5, 2, 1, 1, 1), r 7
    [ok  ] cell: lambda weakly decreasing
    [ok  ] cell: |lambda| = n*delta — 27 vs 3*9
    [ok  ] cell: a recomputed (Weyl alternation) — recomputed 1, claimed 1
    [ok  ] basis vector 0: highest weight mod 2147483647
    [ok  ] basis: 1 independent vectors = a — rank 1, a = 1
    [ok  ] evaluation of the a = 1 highest-weight vectors at 9 recorded permanent_pencil points has rank a mod 2147483647 — rank 1
    [ok  ] conclusion: mult_permanent_pencil(lambda, delta) = a = 1 over Q (rank_p <= rank_Q <= a)
PASS        results/certs/b13_09/per7_11_7_3_2_2_1_1_d9_fullrank_p2147483629.json.gz  (5.6s)  cubic side: mult_per3((11, 7, 3, 2, 2, 1, 1), 9) = a = 2 mod 2147483629 in Sym^9(Sym^3 C^7) -- S_mu not in I(D_7^per3) (B13-09)
    [ok  ] cell: n in {3, 4} — n = 3
    [ok  ] cell: length(lambda) = r — lambda (11, 7, 3, 2, 2, 1, 1), r 7
    [ok  ] cell: lambda weakly decreasing
    [ok  ] cell: |lambda| = n*delta — 27 vs 3*9
    [ok  ] cell: a recomputed (Weyl alternation) — recomputed 2, claimed 2
    [ok  ] basis vector 0: highest weight mod 2147483629
    [ok  ] basis vector 1: highest weight mod 2147483629
    [ok  ] basis: 2 independent vectors = a — rank 2, a = 2
    [ok  ] evaluation of the a = 2 highest-weight vectors at 10 recorded permanent_pencil points has rank a mod 2147483629 — rank 2
    [ok  ] conclusion: mult_permanent_pencil(lambda, delta) = a = 2 over Q (rank_p <= rank_Q <= a)
PASS        results/certs/b13_09/per7_11_7_3_2_2_1_1_d9_fullrank_p2147483647.json.gz  (5.9s)  cubic side: mult_per3((11, 7, 3, 2, 2, 1, 1), 9) = a = 2 mod 2147483647 in Sym^9(Sym^3 C^7) -- S_mu not in I(D_7^per3) (B13-09)
    [ok  ] cell: n in {3, 4} — n = 3
    [ok  ] cell: length(lambda) = r — lambda (11, 7, 3, 2, 2, 1, 1), r 7
    [ok  ] cell: lambda weakly decreasing
    [ok  ] cell: |lambda| = n*delta — 27 vs 3*9
    [ok  ] cell: a recomputed (Weyl alternation) — recomputed 2, claimed 2
    [ok  ] basis vector 0: highest weight mod 2147483647
    [ok  ] basis vector 1: highest weight mod 2147483647
    [ok  ] basis: 2 independent vectors = a — rank 2, a = 2
    [ok  ] evaluation of the a = 2 highest-weight vectors at 10 recorded permanent_pencil points has rank a mod 2147483647 — rank 2
    [ok  ] conclusion: mult_permanent_pencil(lambda, delta) = a = 2 over Q (rank_p <= rank_Q <= a)
PASS        results/certs/b13_09/per7_12_2_2_2_2_2_2_d8_fullrank_p2147483629.json.gz  (3.1s)  cubic side: mult_per3((12, 2, 2, 2, 2, 2, 2), 8) = a = 1 mod 2147483629 in Sym^8(Sym^3 C^7) -- S_mu not in I(D_7^per3) (B13-09)
    [ok  ] cell: n in {3, 4} — n = 3
    [ok  ] cell: length(lambda) = r — lambda (12, 2, 2, 2, 2, 2, 2), r 7
    [ok  ] cell: lambda weakly decreasing
    [ok  ] cell: |lambda| = n*delta — 24 vs 3*8
    [ok  ] cell: a recomputed (Weyl alternation) — recomputed 1, claimed 1
    [ok  ] basis vector 0: highest weight mod 2147483629
    [ok  ] basis: 1 independent vectors = a — rank 1, a = 1
    [ok  ] evaluation of the a = 1 highest-weight vectors at 9 recorded permanent_pencil points has rank a mod 2147483629 — rank 1
    [ok  ] conclusion: mult_permanent_pencil(lambda, delta) = a = 1 over Q (rank_p <= rank_Q <= a)
PASS        results/certs/b13_09/per7_12_2_2_2_2_2_2_d8_fullrank_p2147483647.json.gz  (2.8s)  cubic side: mult_per3((12, 2, 2, 2, 2, 2, 2), 8) = a = 1 mod 2147483647 in Sym^8(Sym^3 C^7) -- S_mu not in I(D_7^per3) (B13-09)
    [ok  ] cell: n in {3, 4} — n = 3
    [ok  ] cell: length(lambda) = r — lambda (12, 2, 2, 2, 2, 2, 2), r 7
    [ok  ] cell: lambda weakly decreasing
    [ok  ] cell: |lambda| = n*delta — 24 vs 3*8
    [ok  ] cell: a recomputed (Weyl alternation) — recomputed 1, claimed 1
    [ok  ] basis vector 0: highest weight mod 2147483647
    [ok  ] basis: 1 independent vectors = a — rank 1, a = 1
    [ok  ] evaluation of the a = 1 highest-weight vectors at 9 recorded permanent_pencil points has rank a mod 2147483647 — rank 1
    [ok  ] conclusion: mult_permanent_pencil(lambda, delta) = a = 1 over Q (rank_p <= rank_Q <= a)
PASS        results/certs/b13_09/per7_12_5_4_2_2_1_1_d9_fullrank_p2147483629.json.gz  (5.3s)  cubic side: mult_per3((12, 5, 4, 2, 2, 1, 1), 9) = a = 1 mod 2147483629 in Sym^9(Sym^3 C^7) -- S_mu not in I(D_7^per3) (B13-09)
    [ok  ] cell: n in {3, 4} — n = 3
    [ok  ] cell: length(lambda) = r — lambda (12, 5, 4, 2, 2, 1, 1), r 7
    [ok  ] cell: lambda weakly decreasing
    [ok  ] cell: |lambda| = n*delta — 27 vs 3*9
    [ok  ] cell: a recomputed (Weyl alternation) — recomputed 1, claimed 1
    [ok  ] basis vector 0: highest weight mod 2147483629
    [ok  ] basis: 1 independent vectors = a — rank 1, a = 1
    [ok  ] evaluation of the a = 1 highest-weight vectors at 9 recorded permanent_pencil points has rank a mod 2147483629 — rank 1
    [ok  ] conclusion: mult_permanent_pencil(lambda, delta) = a = 1 over Q (rank_p <= rank_Q <= a)
PASS        results/certs/b13_09/per7_12_5_4_2_2_1_1_d9_fullrank_p2147483647.json.gz  (6.1s)  cubic side: mult_per3((12, 5, 4, 2, 2, 1, 1), 9) = a = 1 mod 2147483647 in Sym^9(Sym^3 C^7) -- S_mu not in I(D_7^per3) (B13-09)
    [ok  ] cell: n in {3, 4} — n = 3
    [ok  ] cell: length(lambda) = r — lambda (12, 5, 4, 2, 2, 1, 1), r 7
    [ok  ] cell: lambda weakly decreasing
    [ok  ] cell: |lambda| = n*delta — 27 vs 3*9
    [ok  ] cell: a recomputed (Weyl alternation) — recomputed 1, claimed 1
    [ok  ] basis vector 0: highest weight mod 2147483647
    [ok  ] basis: 1 independent vectors = a — rank 1, a = 1
    [ok  ] evaluation of the a = 1 highest-weight vectors at 9 recorded permanent_pencil points has rank a mod 2147483647 — rank 1
    [ok  ] conclusion: mult_permanent_pencil(lambda, delta) = a = 1 over Q (rank_p <= rank_Q <= a)
PASS        results/certs/b13_09/per7_12_5_5_2_1_1_1_d9_fullrank_p2147483629.json.gz  (2.4s)  cubic side: mult_per3((12, 5, 5, 2, 1, 1, 1), 9) = a = 1 mod 2147483629 in Sym^9(Sym^3 C^7) -- S_mu not in I(D_7^per3) (B13-09)
    [ok  ] cell: n in {3, 4} — n = 3
    [ok  ] cell: length(lambda) = r — lambda (12, 5, 5, 2, 1, 1, 1), r 7
    [ok  ] cell: lambda weakly decreasing
    [ok  ] cell: |lambda| = n*delta — 27 vs 3*9
    [ok  ] cell: a recomputed (Weyl alternation) — recomputed 1, claimed 1
    [ok  ] basis vector 0: highest weight mod 2147483629
    [ok  ] basis: 1 independent vectors = a — rank 1, a = 1
    [ok  ] evaluation of the a = 1 highest-weight vectors at 9 recorded permanent_pencil points has rank a mod 2147483629 — rank 1
    [ok  ] conclusion: mult_permanent_pencil(lambda, delta) = a = 1 over Q (rank_p <= rank_Q <= a)
PASS        results/certs/b13_09/per7_12_5_5_2_1_1_1_d9_fullrank_p2147483647.json.gz  (2.7s)  cubic side: mult_per3((12, 5, 5, 2, 1, 1, 1), 9) = a = 1 mod 2147483647 in Sym^9(Sym^3 C^7) -- S_mu not in I(D_7^per3) (B13-09)
    [ok  ] cell: n in {3, 4} — n = 3
    [ok  ] cell: length(lambda) = r — lambda (12, 5, 5, 2, 1, 1, 1), r 7
    [ok  ] cell: lambda weakly decreasing
    [ok  ] cell: |lambda| = n*delta — 27 vs 3*9
    [ok  ] cell: a recomputed (Weyl alternation) — recomputed 1, claimed 1
    [ok  ] basis vector 0: highest weight mod 2147483647
    [ok  ] basis: 1 independent vectors = a — rank 1, a = 1
    [ok  ] evaluation of the a = 1 highest-weight vectors at 9 recorded permanent_pencil points has rank a mod 2147483647 — rank 1
    [ok  ] conclusion: mult_permanent_pencil(lambda, delta) = a = 1 over Q (rank_p <= rank_Q <= a)
PASS        results/certs/b13_09/per7_12_6_3_2_2_1_1_d9_fullrank_p2147483629.json.gz  (3.9s)  cubic side: mult_per3((12, 6, 3, 2, 2, 1, 1), 9) = a = 1 mod 2147483629 in Sym^9(Sym^3 C^7) -- S_mu not in I(D_7^per3) (B13-09)
    [ok  ] cell: n in {3, 4} — n = 3
    [ok  ] cell: length(lambda) = r — lambda (12, 6, 3, 2, 2, 1, 1), r 7
    [ok  ] cell: lambda weakly decreasing
    [ok  ] cell: |lambda| = n*delta — 27 vs 3*9
    [ok  ] cell: a recomputed (Weyl alternation) — recomputed 1, claimed 1
    [ok  ] basis vector 0: highest weight mod 2147483629
    [ok  ] basis: 1 independent vectors = a — rank 1, a = 1
    [ok  ] evaluation of the a = 1 highest-weight vectors at 9 recorded permanent_pencil points has rank a mod 2147483629 — rank 1
    [ok  ] conclusion: mult_permanent_pencil(lambda, delta) = a = 1 over Q (rank_p <= rank_Q <= a)
PASS        results/certs/b13_09/per7_12_6_3_2_2_1_1_d9_fullrank_p2147483647.json.gz  (4.1s)  cubic side: mult_per3((12, 6, 3, 2, 2, 1, 1), 9) = a = 1 mod 2147483647 in Sym^9(Sym^3 C^7) -- S_mu not in I(D_7^per3) (B13-09)
    [ok  ] cell: n in {3, 4} — n = 3
    [ok  ] cell: length(lambda) = r — lambda (12, 6, 3, 2, 2, 1, 1), r 7
    [ok  ] cell: lambda weakly decreasing
    [ok  ] cell: |lambda| = n*delta — 27 vs 3*9
    [ok  ] cell: a recomputed (Weyl alternation) — recomputed 1, claimed 1
    [ok  ] basis vector 0: highest weight mod 2147483647
    [ok  ] basis: 1 independent vectors = a — rank 1, a = 1
    [ok  ] evaluation of the a = 1 highest-weight vectors at 9 recorded permanent_pencil points has rank a mod 2147483647 — rank 1
    [ok  ] conclusion: mult_permanent_pencil(lambda, delta) = a = 1 over Q (rank_p <= rank_Q <= a)
PASS        results/certs/b13_09/per7_12_6_3_3_1_1_1_d9_fullrank_p2147483629.json.gz  (3.0s)  cubic side: mult_per3((12, 6, 3, 3, 1, 1, 1), 9) = a = 1 mod 2147483629 in Sym^9(Sym^3 C^7) -- S_mu not in I(D_7^per3) (B13-09)
    [ok  ] cell: n in {3, 4} — n = 3
    [ok  ] cell: length(lambda) = r — lambda (12, 6, 3, 3, 1, 1, 1), r 7
    [ok  ] cell: lambda weakly decreasing
    [ok  ] cell: |lambda| = n*delta — 27 vs 3*9
    [ok  ] cell: a recomputed (Weyl alternation) — recomputed 1, claimed 1
    [ok  ] basis vector 0: highest weight mod 2147483629
    [ok  ] basis: 1 independent vectors = a — rank 1, a = 1
    [ok  ] evaluation of the a = 1 highest-weight vectors at 9 recorded permanent_pencil points has rank a mod 2147483629 — rank 1
    [ok  ] conclusion: mult_permanent_pencil(lambda, delta) = a = 1 over Q (rank_p <= rank_Q <= a)
PASS        results/certs/b13_09/per7_12_6_3_3_1_1_1_d9_fullrank_p2147483647.json.gz  (2.6s)  cubic side: mult_per3((12, 6, 3, 3, 1, 1, 1), 9) = a = 1 mod 2147483647 in Sym^9(Sym^3 C^7) -- S_mu not in I(D_7^per3) (B13-09)
    [ok  ] cell: n in {3, 4} — n = 3
    [ok  ] cell: length(lambda) = r — lambda (12, 6, 3, 3, 1, 1, 1), r 7
    [ok  ] cell: lambda weakly decreasing
    [ok  ] cell: |lambda| = n*delta — 27 vs 3*9
    [ok  ] cell: a recomputed (Weyl alternation) — recomputed 1, claimed 1
    [ok  ] basis vector 0: highest weight mod 2147483647
    [ok  ] basis: 1 independent vectors = a — rank 1, a = 1
    [ok  ] evaluation of the a = 1 highest-weight vectors at 9 recorded permanent_pencil points has rank a mod 2147483647 — rank 1
    [ok  ] conclusion: mult_permanent_pencil(lambda, delta) = a = 1 over Q (rank_p <= rank_Q <= a)
PASS        results/certs/b13_09/per7_13_4_3_2_2_2_1_d9_fullrank_p2147483647.json.gz  (6.8s)  cubic side: mult_per3((13, 4, 3, 2, 2, 2, 1), 9) = a = 1 mod 2147483647 in Sym^9(Sym^3 C^7) -- S_mu not in I(D_7^per3) (B13-09)
    [ok  ] cell: n in {3, 4} — n = 3
    [ok  ] cell: length(lambda) = r — lambda (13, 4, 3, 2, 2, 2, 1), r 7
    [ok  ] cell: lambda weakly decreasing
    [ok  ] cell: |lambda| = n*delta — 27 vs 3*9
    [ok  ] cell: a recomputed (Weyl alternation) — recomputed 1, claimed 1
    [ok  ] basis vector 0: highest weight mod 2147483647
    [ok  ] basis: 1 independent vectors = a — rank 1, a = 1
    [ok  ] evaluation of the a = 1 highest-weight vectors at 9 recorded permanent_pencil points has rank a mod 2147483647 — rank 1
    [ok  ] conclusion: mult_permanent_pencil(lambda, delta) = a = 1 over Q (rank_p <= rank_Q <= a)
PASS        results/certs/b13_09/per7_13_5_2_2_2_2_1_d9_fullrank_p2147483629.json.gz  (4.7s)  cubic side: mult_per3((13, 5, 2, 2, 2, 2, 1), 9) = a = 1 mod 2147483629 in Sym^9(Sym^3 C^7) -- S_mu not in I(D_7^per3) (B13-09)
    [ok  ] cell: n in {3, 4} — n = 3
    [ok  ] cell: length(lambda) = r — lambda (13, 5, 2, 2, 2, 2, 1), r 7
    [ok  ] cell: lambda weakly decreasing
    [ok  ] cell: |lambda| = n*delta — 27 vs 3*9
    [ok  ] cell: a recomputed (Weyl alternation) — recomputed 1, claimed 1
    [ok  ] basis vector 0: highest weight mod 2147483629
    [ok  ] basis: 1 independent vectors = a — rank 1, a = 1
    [ok  ] evaluation of the a = 1 highest-weight vectors at 9 recorded permanent_pencil points has rank a mod 2147483629 — rank 1
    [ok  ] conclusion: mult_permanent_pencil(lambda, delta) = a = 1 over Q (rank_p <= rank_Q <= a)
PASS        results/certs/b13_09/per7_13_5_2_2_2_2_1_d9_fullrank_p2147483647.json.gz  (5.3s)  cubic side: mult_per3((13, 5, 2, 2, 2, 2, 1), 9) = a = 1 mod 2147483647 in Sym^9(Sym^3 C^7) -- S_mu not in I(D_7^per3) (B13-09)
    [ok  ] cell: n in {3, 4} — n = 3
    [ok  ] cell: length(lambda) = r — lambda (13, 5, 2, 2, 2, 2, 1), r 7
    [ok  ] cell: lambda weakly decreasing
    [ok  ] cell: |lambda| = n*delta — 27 vs 3*9
    [ok  ] cell: a recomputed (Weyl alternation) — recomputed 1, claimed 1
    [ok  ] basis vector 0: highest weight mod 2147483647
    [ok  ] basis: 1 independent vectors = a — rank 1, a = 1
    [ok  ] evaluation of the a = 1 highest-weight vectors at 9 recorded permanent_pencil points has rank a mod 2147483647 — rank 1
    [ok  ] conclusion: mult_permanent_pencil(lambda, delta) = a = 1 over Q (rank_p <= rank_Q <= a)
PASS        results/certs/b13_09/per7_13_5_3_2_2_1_1_d9_fullrank_p2147483629.json.gz  (3.0s)  cubic side: mult_per3((13, 5, 3, 2, 2, 1, 1), 9) = a = 1 mod 2147483629 in Sym^9(Sym^3 C^7) -- S_mu not in I(D_7^per3) (B13-09)
    [ok  ] cell: n in {3, 4} — n = 3
    [ok  ] cell: length(lambda) = r — lambda (13, 5, 3, 2, 2, 1, 1), r 7
    [ok  ] cell: lambda weakly decreasing
    [ok  ] cell: |lambda| = n*delta — 27 vs 3*9
    [ok  ] cell: a recomputed (Weyl alternation) — recomputed 1, claimed 1
    [ok  ] basis vector 0: highest weight mod 2147483629
    [ok  ] basis: 1 independent vectors = a — rank 1, a = 1
    [ok  ] evaluation of the a = 1 highest-weight vectors at 9 recorded permanent_pencil points has rank a mod 2147483629 — rank 1
    [ok  ] conclusion: mult_permanent_pencil(lambda, delta) = a = 1 over Q (rank_p <= rank_Q <= a)
PASS        results/certs/b13_09/per7_13_5_3_2_2_1_1_d9_fullrank_p2147483647.json.gz  (2.8s)  cubic side: mult_per3((13, 5, 3, 2, 2, 1, 1), 9) = a = 1 mod 2147483647 in Sym^9(Sym^3 C^7) -- S_mu not in I(D_7^per3) (B13-09)
    [ok  ] cell: n in {3, 4} — n = 3
    [ok  ] cell: length(lambda) = r — lambda (13, 5, 3, 2, 2, 1, 1), r 7
    [ok  ] cell: lambda weakly decreasing
    [ok  ] cell: |lambda| = n*delta — 27 vs 3*9
    [ok  ] cell: a recomputed (Weyl alternation) — recomputed 1, claimed 1
    [ok  ] basis vector 0: highest weight mod 2147483647
    [ok  ] basis: 1 independent vectors = a — rank 1, a = 1
    [ok  ] evaluation of the a = 1 highest-weight vectors at 9 recorded permanent_pencil points has rank a mod 2147483647 — rank 1
    [ok  ] conclusion: mult_permanent_pencil(lambda, delta) = a = 1 over Q (rank_p <= rank_Q <= a)
PASS        results/certs/b13_09/per7_14_3_2_2_2_2_2_d9_fullrank_p2147483629.json.gz  (5.7s)  cubic side: mult_per3((14, 3, 2, 2, 2, 2, 2), 9) = a = 1 mod 2147483629 in Sym^9(Sym^3 C^7) -- S_mu not in I(D_7^per3) (B13-09)
    [ok  ] cell: n in {3, 4} — n = 3
    [ok  ] cell: length(lambda) = r — lambda (14, 3, 2, 2, 2, 2, 2), r 7
    [ok  ] cell: lambda weakly decreasing
    [ok  ] cell: |lambda| = n*delta — 27 vs 3*9
    [ok  ] cell: a recomputed (Weyl alternation) — recomputed 1, claimed 1
    [ok  ] basis vector 0: highest weight mod 2147483629
    [ok  ] basis: 1 independent vectors = a — rank 1, a = 1
    [ok  ] evaluation of the a = 1 highest-weight vectors at 9 recorded permanent_pencil points has rank a mod 2147483629 — rank 1
    [ok  ] conclusion: mult_permanent_pencil(lambda, delta) = a = 1 over Q (rank_p <= rank_Q <= a)
PASS        results/certs/b13_09/per7_14_3_2_2_2_2_2_d9_fullrank_p2147483647.json.gz  (5.7s)  cubic side: mult_per3((14, 3, 2, 2, 2, 2, 2), 9) = a = 1 mod 2147483647 in Sym^9(Sym^3 C^7) -- S_mu not in I(D_7^per3) (B13-09)
    [ok  ] cell: n in {3, 4} — n = 3
    [ok  ] cell: length(lambda) = r — lambda (14, 3, 2, 2, 2, 2, 2), r 7
    [ok  ] cell: lambda weakly decreasing
    [ok  ] cell: |lambda| = n*delta — 27 vs 3*9
    [ok  ] cell: a recomputed (Weyl alternation) — recomputed 1, claimed 1
    [ok  ] basis vector 0: highest weight mod 2147483647
    [ok  ] basis: 1 independent vectors = a — rank 1, a = 1
    [ok  ] evaluation of the a = 1 highest-weight vectors at 9 recorded permanent_pencil points has rank a mod 2147483647 — rank 1
    [ok  ] conclusion: mult_permanent_pencil(lambda, delta) = a = 1 over Q (rank_p <= rank_Q <= a)
PASS        results/certs/b13_09/per7_14_4_2_2_2_2_1_d9_fullrank_p2147483629.json.gz  (3.2s)  cubic side: mult_per3((14, 4, 2, 2, 2, 2, 1), 9) = a = 1 mod 2147483629 in Sym^9(Sym^3 C^7) -- S_mu not in I(D_7^per3) (B13-09)
    [ok  ] cell: n in {3, 4} — n = 3
    [ok  ] cell: length(lambda) = r — lambda (14, 4, 2, 2, 2, 2, 1), r 7
    [ok  ] cell: lambda weakly decreasing
    [ok  ] cell: |lambda| = n*delta — 27 vs 3*9
    [ok  ] cell: a recomputed (Weyl alternation) — recomputed 1, claimed 1
    [ok  ] basis vector 0: highest weight mod 2147483629
    [ok  ] basis: 1 independent vectors = a — rank 1, a = 1
    [ok  ] evaluation of the a = 1 highest-weight vectors at 9 recorded permanent_pencil points has rank a mod 2147483629 — rank 1
    [ok  ] conclusion: mult_permanent_pencil(lambda, delta) = a = 1 over Q (rank_p <= rank_Q <= a)
PASS        results/certs/b13_09/per7_14_4_2_2_2_2_1_d9_fullrank_p2147483647.json.gz  (3.4s)  cubic side: mult_per3((14, 4, 2, 2, 2, 2, 1), 9) = a = 1 mod 2147483647 in Sym^9(Sym^3 C^7) -- S_mu not in I(D_7^per3) (B13-09)
    [ok  ] cell: n in {3, 4} — n = 3
    [ok  ] cell: length(lambda) = r — lambda (14, 4, 2, 2, 2, 2, 1), r 7
    [ok  ] cell: lambda weakly decreasing
    [ok  ] cell: |lambda| = n*delta — 27 vs 3*9
    [ok  ] cell: a recomputed (Weyl alternation) — recomputed 1, claimed 1
    [ok  ] basis vector 0: highest weight mod 2147483647
    [ok  ] basis: 1 independent vectors = a — rank 1, a = 1
    [ok  ] evaluation of the a = 1 highest-weight vectors at 9 recorded permanent_pencil points has rank a mod 2147483647 — rank 1
    [ok  ] conclusion: mult_permanent_pencil(lambda, delta) = a = 1 over Q (rank_p <= rank_Q <= a)
PASS        results/certs/b13_09/per7_15_2_2_2_2_2_2_d9_fullrank_p2147483629.json.gz  (4.5s)  cubic side: mult_per3((15, 2, 2, 2, 2, 2, 2), 9) = a = 1 mod 2147483629 in Sym^9(Sym^3 C^7) -- S_mu not in I(D_7^per3) (B13-09)
    [ok  ] cell: n in {3, 4} — n = 3
    [ok  ] cell: length(lambda) = r — lambda (15, 2, 2, 2, 2, 2, 2), r 7
    [ok  ] cell: lambda weakly decreasing
    [ok  ] cell: |lambda| = n*delta — 27 vs 3*9
    [ok  ] cell: a recomputed (Weyl alternation) — recomputed 1, claimed 1
    [ok  ] basis vector 0: highest weight mod 2147483629
    [ok  ] basis: 1 independent vectors = a — rank 1, a = 1
    [ok  ] evaluation of the a = 1 highest-weight vectors at 9 recorded permanent_pencil points has rank a mod 2147483629 — rank 1
    [ok  ] conclusion: mult_permanent_pencil(lambda, delta) = a = 1 over Q (rank_p <= rank_Q <= a)
PASS        results/certs/b13_09/per7_15_2_2_2_2_2_2_d9_fullrank_p2147483647.json.gz  (4.5s)  cubic side: mult_per3((15, 2, 2, 2, 2, 2, 2), 9) = a = 1 mod 2147483647 in Sym^9(Sym^3 C^7) -- S_mu not in I(D_7^per3) (B13-09)
    [ok  ] cell: n in {3, 4} — n = 3
    [ok  ] cell: length(lambda) = r — lambda (15, 2, 2, 2, 2, 2, 2), r 7
    [ok  ] cell: lambda weakly decreasing
    [ok  ] cell: |lambda| = n*delta — 27 vs 3*9
    [ok  ] cell: a recomputed (Weyl alternation) — recomputed 1, claimed 1
    [ok  ] basis vector 0: highest weight mod 2147483647
    [ok  ] basis: 1 independent vectors = a — rank 1, a = 1
    [ok  ] evaluation of the a = 1 highest-weight vectors at 9 recorded permanent_pencil points has rank a mod 2147483647 — rank 1
    [ok  ] conclusion: mult_permanent_pencil(lambda, delta) = a = 1 over Q (rank_p <= rank_Q <= a)
PASS        results/certs/b13_09/per7_6_5_5_2_1_1_1_d7_fullrank_p2147483629.json.gz  (1.2s)  cubic side: mult_per3((6, 5, 5, 2, 1, 1, 1), 7) = a = 1 mod 2147483629 in Sym^7(Sym^3 C^7) -- S_mu not in I(D_7^per3) (B13-09)
    [ok  ] cell: n in {3, 4} — n = 3
    [ok  ] cell: length(lambda) = r — lambda (6, 5, 5, 2, 1, 1, 1), r 7
    [ok  ] cell: lambda weakly decreasing
    [ok  ] cell: |lambda| = n*delta — 21 vs 3*7
    [ok  ] cell: a recomputed (Weyl alternation) — recomputed 1, claimed 1
    [ok  ] basis vector 0: highest weight mod 2147483629
    [ok  ] basis: 1 independent vectors = a — rank 1, a = 1
    [ok  ] evaluation of the a = 1 highest-weight vectors at 9 recorded permanent_pencil points has rank a mod 2147483629 — rank 1
    [ok  ] conclusion: mult_permanent_pencil(lambda, delta) = a = 1 over Q (rank_p <= rank_Q <= a)
PASS        results/certs/b13_09/per7_6_5_5_2_1_1_1_d7_fullrank_p2147483647.json.gz  (1.5s)  cubic side: mult_per3((6, 5, 5, 2, 1, 1, 1), 7) = a = 1 mod 2147483647 in Sym^7(Sym^3 C^7) -- S_mu not in I(D_7^per3) (B13-09)
    [ok  ] cell: n in {3, 4} — n = 3
    [ok  ] cell: length(lambda) = r — lambda (6, 5, 5, 2, 1, 1, 1), r 7
    [ok  ] cell: lambda weakly decreasing
    [ok  ] cell: |lambda| = n*delta — 21 vs 3*7
    [ok  ] cell: a recomputed (Weyl alternation) — recomputed 1, claimed 1
    [ok  ] basis vector 0: highest weight mod 2147483647
    [ok  ] basis: 1 independent vectors = a — rank 1, a = 1
    [ok  ] evaluation of the a = 1 highest-weight vectors at 9 recorded permanent_pencil points has rank a mod 2147483647 — rank 1
    [ok  ] conclusion: mult_permanent_pencil(lambda, delta) = a = 1 over Q (rank_p <= rank_Q <= a)
PASS        results/certs/b13_09/per7_6_5_5_4_2_1_1_d8_fullrank_p2147483629.json.gz  (12.6s)  cubic side: mult_per3((6, 5, 5, 4, 2, 1, 1), 8) = a = 1 mod 2147483629 in Sym^8(Sym^3 C^7) -- S_mu not in I(D_7^per3) (B13-09)
    [ok  ] cell: n in {3, 4} — n = 3
    [ok  ] cell: length(lambda) = r — lambda (6, 5, 5, 4, 2, 1, 1), r 7
    [ok  ] cell: lambda weakly decreasing
    [ok  ] cell: |lambda| = n*delta — 24 vs 3*8
    [ok  ] cell: a recomputed (Weyl alternation) — recomputed 1, claimed 1
    [ok  ] basis vector 0: highest weight mod 2147483629
    [ok  ] basis: 1 independent vectors = a — rank 1, a = 1
    [ok  ] evaluation of the a = 1 highest-weight vectors at 9 recorded permanent_pencil points has rank a mod 2147483629 — rank 1
    [ok  ] conclusion: mult_permanent_pencil(lambda, delta) = a = 1 over Q (rank_p <= rank_Q <= a)
PASS        results/certs/b13_09/per7_6_5_5_4_2_1_1_d8_fullrank_p2147483647.json.gz  (14.1s)  cubic side: mult_per3((6, 5, 5, 4, 2, 1, 1), 8) = a = 1 mod 2147483647 in Sym^8(Sym^3 C^7) -- S_mu not in I(D_7^per3) (B13-09)
    [ok  ] cell: n in {3, 4} — n = 3
    [ok  ] cell: length(lambda) = r — lambda (6, 5, 5, 4, 2, 1, 1), r 7
    [ok  ] cell: lambda weakly decreasing
    [ok  ] cell: |lambda| = n*delta — 24 vs 3*8
    [ok  ] cell: a recomputed (Weyl alternation) — recomputed 1, claimed 1
    [ok  ] basis vector 0: highest weight mod 2147483647
    [ok  ] basis: 1 independent vectors = a — rank 1, a = 1
    [ok  ] evaluation of the a = 1 highest-weight vectors at 9 recorded permanent_pencil points has rank a mod 2147483647 — rank 1
    [ok  ] conclusion: mult_permanent_pencil(lambda, delta) = a = 1 over Q (rank_p <= rank_Q <= a)
PASS        results/certs/b13_09/per7_6_5_5_5_1_1_1_d8_fullrank_p2147483629.json.gz  (14.4s)  cubic side: mult_per3((6, 5, 5, 5, 1, 1, 1), 8) = a = 1 mod 2147483629 in Sym^8(Sym^3 C^7) -- S_mu not in I(D_7^per3) (B13-09)
    [ok  ] cell: n in {3, 4} — n = 3
    [ok  ] cell: length(lambda) = r — lambda (6, 5, 5, 5, 1, 1, 1), r 7
    [ok  ] cell: lambda weakly decreasing
    [ok  ] cell: |lambda| = n*delta — 24 vs 3*8
    [ok  ] cell: a recomputed (Weyl alternation) — recomputed 1, claimed 1
    [ok  ] basis vector 0: highest weight mod 2147483629
    [ok  ] basis: 1 independent vectors = a — rank 1, a = 1
    [ok  ] evaluation of the a = 1 highest-weight vectors at 9 recorded permanent_pencil points has rank a mod 2147483629 — rank 1
    [ok  ] conclusion: mult_permanent_pencil(lambda, delta) = a = 1 over Q (rank_p <= rank_Q <= a)
PASS        results/certs/b13_09/per7_6_5_5_5_1_1_1_d8_fullrank_p2147483647.json.gz  (15.6s)  cubic side: mult_per3((6, 5, 5, 5, 1, 1, 1), 8) = a = 1 mod 2147483647 in Sym^8(Sym^3 C^7) -- S_mu not in I(D_7^per3) (B13-09)
    [ok  ] cell: n in {3, 4} — n = 3
    [ok  ] cell: length(lambda) = r — lambda (6, 5, 5, 5, 1, 1, 1), r 7
    [ok  ] cell: lambda weakly decreasing
    [ok  ] cell: |lambda| = n*delta — 24 vs 3*8
    [ok  ] cell: a recomputed (Weyl alternation) — recomputed 1, claimed 1
    [ok  ] basis vector 0: highest weight mod 2147483647
    [ok  ] basis: 1 independent vectors = a — rank 1, a = 1
    [ok  ] evaluation of the a = 1 highest-weight vectors at 9 recorded permanent_pencil points has rank a mod 2147483647 — rank 1
    [ok  ] conclusion: mult_permanent_pencil(lambda, delta) = a = 1 over Q (rank_p <= rank_Q <= a)
PASS        results/certs/b13_09/per7_6_6_3_3_1_1_1_d7_fullrank_p2147483629.json.gz  (1.3s)  cubic side: mult_per3((6, 6, 3, 3, 1, 1, 1), 7) = a = 1 mod 2147483629 in Sym^7(Sym^3 C^7) -- S_mu not in I(D_7^per3) (B13-09)
    [ok  ] cell: n in {3, 4} — n = 3
    [ok  ] cell: length(lambda) = r — lambda (6, 6, 3, 3, 1, 1, 1), r 7
    [ok  ] cell: lambda weakly decreasing
    [ok  ] cell: |lambda| = n*delta — 21 vs 3*7
    [ok  ] cell: a recomputed (Weyl alternation) — recomputed 1, claimed 1
    [ok  ] basis vector 0: highest weight mod 2147483629
    [ok  ] basis: 1 independent vectors = a — rank 1, a = 1
    [ok  ] evaluation of the a = 1 highest-weight vectors at 9 recorded permanent_pencil points has rank a mod 2147483629 — rank 1
    [ok  ] conclusion: mult_permanent_pencil(lambda, delta) = a = 1 over Q (rank_p <= rank_Q <= a)
PASS        results/certs/b13_09/per7_6_6_3_3_1_1_1_d7_fullrank_p2147483647.json.gz  (1.4s)  cubic side: mult_per3((6, 6, 3, 3, 1, 1, 1), 7) = a = 1 mod 2147483647 in Sym^7(Sym^3 C^7) -- S_mu not in I(D_7^per3) (B13-09)
    [ok  ] cell: n in {3, 4} — n = 3
    [ok  ] cell: length(lambda) = r — lambda (6, 6, 3, 3, 1, 1, 1), r 7
    [ok  ] cell: lambda weakly decreasing
    [ok  ] cell: |lambda| = n*delta — 21 vs 3*7
    [ok  ] cell: a recomputed (Weyl alternation) — recomputed 1, claimed 1
    [ok  ] basis vector 0: highest weight mod 2147483647
    [ok  ] basis: 1 independent vectors = a — rank 1, a = 1
    [ok  ] evaluation of the a = 1 highest-weight vectors at 9 recorded permanent_pencil points has rank a mod 2147483647 — rank 1
    [ok  ] conclusion: mult_permanent_pencil(lambda, delta) = a = 1 over Q (rank_p <= rank_Q <= a)
PASS        results/certs/b13_09/per7_6_6_4_3_3_1_1_d8_fullrank_p2147483629.json.gz  (11.8s)  cubic side: mult_per3((6, 6, 4, 3, 3, 1, 1), 8) = a = 1 mod 2147483629 in Sym^8(Sym^3 C^7) -- S_mu not in I(D_7^per3) (B13-09)
    [ok  ] cell: n in {3, 4} — n = 3
    [ok  ] cell: length(lambda) = r — lambda (6, 6, 4, 3, 3, 1, 1), r 7
    [ok  ] cell: lambda weakly decreasing
    [ok  ] cell: |lambda| = n*delta — 24 vs 3*8
    [ok  ] cell: a recomputed (Weyl alternation) — recomputed 1, claimed 1
    [ok  ] basis vector 0: highest weight mod 2147483629
    [ok  ] basis: 1 independent vectors = a — rank 1, a = 1
    [ok  ] evaluation of the a = 1 highest-weight vectors at 9 recorded permanent_pencil points has rank a mod 2147483629 — rank 1
    [ok  ] conclusion: mult_permanent_pencil(lambda, delta) = a = 1 over Q (rank_p <= rank_Q <= a)
PASS        results/certs/b13_09/per7_6_6_4_3_3_1_1_d8_fullrank_p2147483647.json.gz  (11.7s)  cubic side: mult_per3((6, 6, 4, 3, 3, 1, 1), 8) = a = 1 mod 2147483647 in Sym^8(Sym^3 C^7) -- S_mu not in I(D_7^per3) (B13-09)
    [ok  ] cell: n in {3, 4} — n = 3
    [ok  ] cell: length(lambda) = r — lambda (6, 6, 4, 3, 3, 1, 1), r 7
    [ok  ] cell: lambda weakly decreasing
    [ok  ] cell: |lambda| = n*delta — 24 vs 3*8
    [ok  ] cell: a recomputed (Weyl alternation) — recomputed 1, claimed 1
    [ok  ] basis vector 0: highest weight mod 2147483647
    [ok  ] basis: 1 independent vectors = a — rank 1, a = 1
    [ok  ] evaluation of the a = 1 highest-weight vectors at 9 recorded permanent_pencil points has rank a mod 2147483647 — rank 1
    [ok  ] conclusion: mult_permanent_pencil(lambda, delta) = a = 1 over Q (rank_p <= rank_Q <= a)
PASS        results/certs/b13_09/per7_6_6_5_3_2_1_1_d8_fullrank_p2147483629.json.gz  (21.5s)  cubic side: mult_per3((6, 6, 5, 3, 2, 1, 1), 8) = a = 1 mod 2147483629 in Sym^8(Sym^3 C^7) -- S_mu not in I(D_7^per3) (B13-09)
    [ok  ] cell: n in {3, 4} — n = 3
    [ok  ] cell: length(lambda) = r — lambda (6, 6, 5, 3, 2, 1, 1), r 7
    [ok  ] cell: lambda weakly decreasing
    [ok  ] cell: |lambda| = n*delta — 24 vs 3*8
    [ok  ] cell: a recomputed (Weyl alternation) — recomputed 1, claimed 1
    [ok  ] basis vector 0: highest weight mod 2147483629
    [ok  ] basis: 1 independent vectors = a — rank 1, a = 1
    [ok  ] evaluation of the a = 1 highest-weight vectors at 9 recorded permanent_pencil points has rank a mod 2147483629 — rank 1
    [ok  ] conclusion: mult_permanent_pencil(lambda, delta) = a = 1 over Q (rank_p <= rank_Q <= a)
PASS        results/certs/b13_09/per7_6_6_5_3_2_1_1_d8_fullrank_p2147483647.json.gz  (20.9s)  cubic side: mult_per3((6, 6, 5, 3, 2, 1, 1), 8) = a = 1 mod 2147483647 in Sym^8(Sym^3 C^7) -- S_mu not in I(D_7^per3) (B13-09)
    [ok  ] cell: n in {3, 4} — n = 3
    [ok  ] cell: length(lambda) = r — lambda (6, 6, 5, 3, 2, 1, 1), r 7
    [ok  ] cell: lambda weakly decreasing
    [ok  ] cell: |lambda| = n*delta — 24 vs 3*8
    [ok  ] cell: a recomputed (Weyl alternation) — recomputed 1, claimed 1
    [ok  ] basis vector 0: highest weight mod 2147483647
    [ok  ] basis: 1 independent vectors = a — rank 1, a = 1
    [ok  ] evaluation of the a = 1 highest-weight vectors at 9 recorded permanent_pencil points has rank a mod 2147483647 — rank 1
    [ok  ] conclusion: mult_permanent_pencil(lambda, delta) = a = 1 over Q (rank_p <= rank_Q <= a)
PASS        results/certs/b13_09/per7_7_5_3_2_2_1_1_d7_fullrank_p2147483629.json.gz  (1.6s)  cubic side: mult_per3((7, 5, 3, 2, 2, 1, 1), 7) = a = 1 mod 2147483629 in Sym^7(Sym^3 C^7) -- S_mu not in I(D_7^per3) (B13-09)
    [ok  ] cell: n in {3, 4} — n = 3
    [ok  ] cell: length(lambda) = r — lambda (7, 5, 3, 2, 2, 1, 1), r 7
    [ok  ] cell: lambda weakly decreasing
    [ok  ] cell: |lambda| = n*delta — 21 vs 3*7
    [ok  ] cell: a recomputed (Weyl alternation) — recomputed 1, claimed 1
    [ok  ] basis vector 0: highest weight mod 2147483629
    [ok  ] basis: 1 independent vectors = a — rank 1, a = 1
    [ok  ] evaluation of the a = 1 highest-weight vectors at 9 recorded permanent_pencil points has rank a mod 2147483629 — rank 1
    [ok  ] conclusion: mult_permanent_pencil(lambda, delta) = a = 1 over Q (rank_p <= rank_Q <= a)
PASS        results/certs/b13_09/per7_7_5_3_2_2_1_1_d7_fullrank_p2147483647.json.gz  (1.3s)  cubic side: mult_per3((7, 5, 3, 2, 2, 1, 1), 7) = a = 1 mod 2147483647 in Sym^7(Sym^3 C^7) -- S_mu not in I(D_7^per3) (B13-09)
    [ok  ] cell: n in {3, 4} — n = 3
    [ok  ] cell: length(lambda) = r — lambda (7, 5, 3, 2, 2, 1, 1), r 7
    [ok  ] cell: lambda weakly decreasing
    [ok  ] cell: |lambda| = n*delta — 21 vs 3*7
    [ok  ] cell: a recomputed (Weyl alternation) — recomputed 1, claimed 1
    [ok  ] basis vector 0: highest weight mod 2147483647
    [ok  ] basis: 1 independent vectors = a — rank 1, a = 1
    [ok  ] evaluation of the a = 1 highest-weight vectors at 9 recorded permanent_pencil points has rank a mod 2147483647 — rank 1
    [ok  ] conclusion: mult_permanent_pencil(lambda, delta) = a = 1 over Q (rank_p <= rank_Q <= a)
PASS        results/certs/b13_09/per7_7_5_5_3_2_1_1_d8_fullrank_p2147483629.json.gz  (29.4s)  cubic side: mult_per3((7, 5, 5, 3, 2, 1, 1), 8) = a = 1 mod 2147483629 in Sym^8(Sym^3 C^7) -- S_mu not in I(D_7^per3) (B13-09)
    [ok  ] cell: n in {3, 4} — n = 3
    [ok  ] cell: length(lambda) = r — lambda (7, 5, 5, 3, 2, 1, 1), r 7
    [ok  ] cell: lambda weakly decreasing
    [ok  ] cell: |lambda| = n*delta — 24 vs 3*8
    [ok  ] cell: a recomputed (Weyl alternation) — recomputed 1, claimed 1
    [ok  ] basis vector 0: highest weight mod 2147483629
    [ok  ] basis: 1 independent vectors = a — rank 1, a = 1
    [ok  ] evaluation of the a = 1 highest-weight vectors at 9 recorded permanent_pencil points has rank a mod 2147483629 — rank 1
    [ok  ] conclusion: mult_permanent_pencil(lambda, delta) = a = 1 over Q (rank_p <= rank_Q <= a)
PASS        results/certs/b13_09/per7_7_5_5_3_2_1_1_d8_fullrank_p2147483647.json.gz  (30.2s)  cubic side: mult_per3((7, 5, 5, 3, 2, 1, 1), 8) = a = 1 mod 2147483647 in Sym^8(Sym^3 C^7) -- S_mu not in I(D_7^per3) (B13-09)
    [ok  ] cell: n in {3, 4} — n = 3
    [ok  ] cell: length(lambda) = r — lambda (7, 5, 5, 3, 2, 1, 1), r 7
    [ok  ] cell: lambda weakly decreasing
    [ok  ] cell: |lambda| = n*delta — 24 vs 3*8
    [ok  ] cell: a recomputed (Weyl alternation) — recomputed 1, claimed 1
    [ok  ] basis vector 0: highest weight mod 2147483647
    [ok  ] basis: 1 independent vectors = a — rank 1, a = 1
    [ok  ] evaluation of the a = 1 highest-weight vectors at 9 recorded permanent_pencil points has rank a mod 2147483647 — rank 1
    [ok  ] conclusion: mult_permanent_pencil(lambda, delta) = a = 1 over Q (rank_p <= rank_Q <= a)
PASS        results/certs/b13_09/per7_7_5_5_4_1_1_1_d8_fullrank_p2147483629.json.gz  (11.4s)  cubic side: mult_per3((7, 5, 5, 4, 1, 1, 1), 8) = a = 1 mod 2147483629 in Sym^8(Sym^3 C^7) -- S_mu not in I(D_7^per3) (B13-09)
    [ok  ] cell: n in {3, 4} — n = 3
    [ok  ] cell: length(lambda) = r — lambda (7, 5, 5, 4, 1, 1, 1), r 7
    [ok  ] cell: lambda weakly decreasing
    [ok  ] cell: |lambda| = n*delta — 24 vs 3*8
    [ok  ] cell: a recomputed (Weyl alternation) — recomputed 1, claimed 1
    [ok  ] basis vector 0: highest weight mod 2147483629
    [ok  ] basis: 1 independent vectors = a — rank 1, a = 1
    [ok  ] evaluation of the a = 1 highest-weight vectors at 9 recorded permanent_pencil points has rank a mod 2147483629 — rank 1
    [ok  ] conclusion: mult_permanent_pencil(lambda, delta) = a = 1 over Q (rank_p <= rank_Q <= a)
PASS        results/certs/b13_09/per7_7_5_5_4_1_1_1_d8_fullrank_p2147483647.json.gz  (11.1s)  cubic side: mult_per3((7, 5, 5, 4, 1, 1, 1), 8) = a = 1 mod 2147483647 in Sym^8(Sym^3 C^7) -- S_mu not in I(D_7^per3) (B13-09)
    [ok  ] cell: n in {3, 4} — n = 3
    [ok  ] cell: length(lambda) = r — lambda (7, 5, 5, 4, 1, 1, 1), r 7
    [ok  ] cell: lambda weakly decreasing
    [ok  ] cell: |lambda| = n*delta — 24 vs 3*8
    [ok  ] cell: a recomputed (Weyl alternation) — recomputed 1, claimed 1
    [ok  ] basis vector 0: highest weight mod 2147483647
    [ok  ] basis: 1 independent vectors = a — rank 1, a = 1
    [ok  ] evaluation of the a = 1 highest-weight vectors at 9 recorded permanent_pencil points has rank a mod 2147483647 — rank 1
    [ok  ] conclusion: mult_permanent_pencil(lambda, delta) = a = 1 over Q (rank_p <= rank_Q <= a)
PASS        results/certs/b13_09/per7_7_6_4_2_2_2_1_d8_fullrank_p2147483629.json.gz  (36.4s)  cubic side: mult_per3((7, 6, 4, 2, 2, 2, 1), 8) = a = 1 mod 2147483629 in Sym^8(Sym^3 C^7) -- S_mu not in I(D_7^per3) (B13-09)
    [ok  ] cell: n in {3, 4} — n = 3
    [ok  ] cell: length(lambda) = r — lambda (7, 6, 4, 2, 2, 2, 1), r 7
    [ok  ] cell: lambda weakly decreasing
    [ok  ] cell: |lambda| = n*delta — 24 vs 3*8
    [ok  ] cell: a recomputed (Weyl alternation) — recomputed 1, claimed 1
    [ok  ] basis vector 0: highest weight mod 2147483629
    [ok  ] basis: 1 independent vectors = a — rank 1, a = 1
    [ok  ] evaluation of the a = 1 highest-weight vectors at 9 recorded permanent_pencil points has rank a mod 2147483629 — rank 1
    [ok  ] conclusion: mult_permanent_pencil(lambda, delta) = a = 1 over Q (rank_p <= rank_Q <= a)
PASS        results/certs/b13_09/per7_7_6_4_2_2_2_1_d8_fullrank_p2147483647.json.gz  (39.8s)  cubic side: mult_per3((7, 6, 4, 2, 2, 2, 1), 8) = a = 1 mod 2147483647 in Sym^8(Sym^3 C^7) -- S_mu not in I(D_7^per3) (B13-09)
    [ok  ] cell: n in {3, 4} — n = 3
    [ok  ] cell: length(lambda) = r — lambda (7, 6, 4, 2, 2, 2, 1), r 7
    [ok  ] cell: lambda weakly decreasing
    [ok  ] cell: |lambda| = n*delta — 24 vs 3*8
    [ok  ] cell: a recomputed (Weyl alternation) — recomputed 1, claimed 1
    [ok  ] basis vector 0: highest weight mod 2147483647
    [ok  ] basis: 1 independent vectors = a — rank 1, a = 1
    [ok  ] evaluation of the a = 1 highest-weight vectors at 9 recorded permanent_pencil points has rank a mod 2147483647 — rank 1
    [ok  ] conclusion: mult_permanent_pencil(lambda, delta) = a = 1 over Q (rank_p <= rank_Q <= a)
PASS        results/certs/b13_09/per7_7_6_4_3_2_1_1_d8_fullrank_p2147483629.json.gz  (21.2s)  cubic side: mult_per3((7, 6, 4, 3, 2, 1, 1), 8) = a = 1 mod 2147483629 in Sym^8(Sym^3 C^7) -- S_mu not in I(D_7^per3) (B13-09)
    [ok  ] cell: n in {3, 4} — n = 3
    [ok  ] cell: length(lambda) = r — lambda (7, 6, 4, 3, 2, 1, 1), r 7
    [ok  ] cell: lambda weakly decreasing
    [ok  ] cell: |lambda| = n*delta — 24 vs 3*8
    [ok  ] cell: a recomputed (Weyl alternation) — recomputed 1, claimed 1
    [ok  ] basis vector 0: highest weight mod 2147483629
    [ok  ] basis: 1 independent vectors = a — rank 1, a = 1
    [ok  ] evaluation of the a = 1 highest-weight vectors at 9 recorded permanent_pencil points has rank a mod 2147483629 — rank 1
    [ok  ] conclusion: mult_permanent_pencil(lambda, delta) = a = 1 over Q (rank_p <= rank_Q <= a)
PASS        results/certs/b13_09/per7_7_6_4_3_2_1_1_d8_fullrank_p2147483647.json.gz  (20.9s)  cubic side: mult_per3((7, 6, 4, 3, 2, 1, 1), 8) = a = 1 mod 2147483647 in Sym^8(Sym^3 C^7) -- S_mu not in I(D_7^per3) (B13-09)
    [ok  ] cell: n in {3, 4} — n = 3
    [ok  ] cell: length(lambda) = r — lambda (7, 6, 4, 3, 2, 1, 1), r 7
    [ok  ] cell: lambda weakly decreasing
    [ok  ] cell: |lambda| = n*delta — 24 vs 3*8
    [ok  ] cell: a recomputed (Weyl alternation) — recomputed 1, claimed 1
    [ok  ] basis vector 0: highest weight mod 2147483647
    [ok  ] basis: 1 independent vectors = a — rank 1, a = 1
    [ok  ] evaluation of the a = 1 highest-weight vectors at 9 recorded permanent_pencil points has rank a mod 2147483647 — rank 1
    [ok  ] conclusion: mult_permanent_pencil(lambda, delta) = a = 1 over Q (rank_p <= rank_Q <= a)
PASS        results/certs/b13_09/per7_7_6_5_2_2_1_1_d8_fullrank_p2147483629.json.gz  (11.9s)  cubic side: mult_per3((7, 6, 5, 2, 2, 1, 1), 8) = a = 1 mod 2147483629 in Sym^8(Sym^3 C^7) -- S_mu not in I(D_7^per3) (B13-09)
    [ok  ] cell: n in {3, 4} — n = 3
    [ok  ] cell: length(lambda) = r — lambda (7, 6, 5, 2, 2, 1, 1), r 7
    [ok  ] cell: lambda weakly decreasing
    [ok  ] cell: |lambda| = n*delta — 24 vs 3*8
    [ok  ] cell: a recomputed (Weyl alternation) — recomputed 1, claimed 1
    [ok  ] basis vector 0: highest weight mod 2147483629
    [ok  ] basis: 1 independent vectors = a — rank 1, a = 1
    [ok  ] evaluation of the a = 1 highest-weight vectors at 9 recorded permanent_pencil points has rank a mod 2147483629 — rank 1
    [ok  ] conclusion: mult_permanent_pencil(lambda, delta) = a = 1 over Q (rank_p <= rank_Q <= a)
PASS        results/certs/b13_09/per7_7_6_5_2_2_1_1_d8_fullrank_p2147483647.json.gz  (12.2s)  cubic side: mult_per3((7, 6, 5, 2, 2, 1, 1), 8) = a = 1 mod 2147483647 in Sym^8(Sym^3 C^7) -- S_mu not in I(D_7^per3) (B13-09)
    [ok  ] cell: n in {3, 4} — n = 3
    [ok  ] cell: length(lambda) = r — lambda (7, 6, 5, 2, 2, 1, 1), r 7
    [ok  ] cell: lambda weakly decreasing
    [ok  ] cell: |lambda| = n*delta — 24 vs 3*8
    [ok  ] cell: a recomputed (Weyl alternation) — recomputed 1, claimed 1
    [ok  ] basis vector 0: highest weight mod 2147483647
    [ok  ] basis: 1 independent vectors = a — rank 1, a = 1
    [ok  ] evaluation of the a = 1 highest-weight vectors at 9 recorded permanent_pencil points has rank a mod 2147483647 — rank 1
    [ok  ] conclusion: mult_permanent_pencil(lambda, delta) = a = 1 over Q (rank_p <= rank_Q <= a)
PASS        results/certs/b13_09/per7_7_6_5_3_1_1_1_d8_fullrank_p2147483629.json.gz  (5.8s)  cubic side: mult_per3((7, 6, 5, 3, 1, 1, 1), 8) = a = 1 mod 2147483629 in Sym^8(Sym^3 C^7) -- S_mu not in I(D_7^per3) (B13-09)
    [ok  ] cell: n in {3, 4} — n = 3
    [ok  ] cell: length(lambda) = r — lambda (7, 6, 5, 3, 1, 1, 1), r 7
    [ok  ] cell: lambda weakly decreasing
    [ok  ] cell: |lambda| = n*delta — 24 vs 3*8
    [ok  ] cell: a recomputed (Weyl alternation) — recomputed 1, claimed 1
    [ok  ] basis vector 0: highest weight mod 2147483629
    [ok  ] basis: 1 independent vectors = a — rank 1, a = 1
    [ok  ] evaluation of the a = 1 highest-weight vectors at 9 recorded permanent_pencil points has rank a mod 2147483629 — rank 1
    [ok  ] conclusion: mult_permanent_pencil(lambda, delta) = a = 1 over Q (rank_p <= rank_Q <= a)
PASS        results/certs/b13_09/per7_7_6_5_3_1_1_1_d8_fullrank_p2147483647.json.gz  (5.7s)  cubic side: mult_per3((7, 6, 5, 3, 1, 1, 1), 8) = a = 1 mod 2147483647 in Sym^8(Sym^3 C^7) -- S_mu not in I(D_7^per3) (B13-09)
    [ok  ] cell: n in {3, 4} — n = 3
    [ok  ] cell: length(lambda) = r — lambda (7, 6, 5, 3, 1, 1, 1), r 7
    [ok  ] cell: lambda weakly decreasing
    [ok  ] cell: |lambda| = n*delta — 24 vs 3*8
    [ok  ] cell: a recomputed (Weyl alternation) — recomputed 1, claimed 1
    [ok  ] basis vector 0: highest weight mod 2147483647
    [ok  ] basis: 1 independent vectors = a — rank 1, a = 1
    [ok  ] evaluation of the a = 1 highest-weight vectors at 9 recorded permanent_pencil points has rank a mod 2147483647 — rank 1
    [ok  ] conclusion: mult_permanent_pencil(lambda, delta) = a = 1 over Q (rank_p <= rank_Q <= a)
PASS        results/certs/b13_09/per7_7_7_3_2_2_2_1_d8_fullrank_p2147483629.json.gz  (22.0s)  cubic side: mult_per3((7, 7, 3, 2, 2, 2, 1), 8) = a = 1 mod 2147483629 in Sym^8(Sym^3 C^7) -- S_mu not in I(D_7^per3) (B13-09)
    [ok  ] cell: n in {3, 4} — n = 3
    [ok  ] cell: length(lambda) = r — lambda (7, 7, 3, 2, 2, 2, 1), r 7
    [ok  ] cell: lambda weakly decreasing
    [ok  ] cell: |lambda| = n*delta — 24 vs 3*8
    [ok  ] cell: a recomputed (Weyl alternation) — recomputed 1, claimed 1
    [ok  ] basis vector 0: highest weight mod 2147483629
    [ok  ] basis: 1 independent vectors = a — rank 1, a = 1
    [ok  ] evaluation of the a = 1 highest-weight vectors at 9 recorded permanent_pencil points has rank a mod 2147483629 — rank 1
    [ok  ] conclusion: mult_permanent_pencil(lambda, delta) = a = 1 over Q (rank_p <= rank_Q <= a)
PASS        results/certs/b13_09/per7_7_7_3_2_2_2_1_d8_fullrank_p2147483647.json.gz  (20.6s)  cubic side: mult_per3((7, 7, 3, 2, 2, 2, 1), 8) = a = 1 mod 2147483647 in Sym^8(Sym^3 C^7) -- S_mu not in I(D_7^per3) (B13-09)
    [ok  ] cell: n in {3, 4} — n = 3
    [ok  ] cell: length(lambda) = r — lambda (7, 7, 3, 2, 2, 2, 1), r 7
    [ok  ] cell: lambda weakly decreasing
    [ok  ] cell: |lambda| = n*delta — 24 vs 3*8
    [ok  ] cell: a recomputed (Weyl alternation) — recomputed 1, claimed 1
    [ok  ] basis vector 0: highest weight mod 2147483647
    [ok  ] basis: 1 independent vectors = a — rank 1, a = 1
    [ok  ] evaluation of the a = 1 highest-weight vectors at 9 recorded permanent_pencil points has rank a mod 2147483647 — rank 1
    [ok  ] conclusion: mult_permanent_pencil(lambda, delta) = a = 1 over Q (rank_p <= rank_Q <= a)
PASS        results/certs/b13_09/per7_7_7_4_2_2_1_1_d8_fullrank_p2147483629.json.gz  (6.7s)  cubic side: mult_per3((7, 7, 4, 2, 2, 1, 1), 8) = a = 1 mod 2147483629 in Sym^8(Sym^3 C^7) -- S_mu not in I(D_7^per3) (B13-09)
    [ok  ] cell: n in {3, 4} — n = 3
    [ok  ] cell: length(lambda) = r — lambda (7, 7, 4, 2, 2, 1, 1), r 7
    [ok  ] cell: lambda weakly decreasing
    [ok  ] cell: |lambda| = n*delta — 24 vs 3*8
    [ok  ] cell: a recomputed (Weyl alternation) — recomputed 1, claimed 1
    [ok  ] basis vector 0: highest weight mod 2147483629
    [ok  ] basis: 1 independent vectors = a — rank 1, a = 1
    [ok  ] evaluation of the a = 1 highest-weight vectors at 9 recorded permanent_pencil points has rank a mod 2147483629 — rank 1
    [ok  ] conclusion: mult_permanent_pencil(lambda, delta) = a = 1 over Q (rank_p <= rank_Q <= a)
PASS        results/certs/b13_09/per7_7_7_4_2_2_1_1_d8_fullrank_p2147483647.json.gz  (7.5s)  cubic side: mult_per3((7, 7, 4, 2, 2, 1, 1), 8) = a = 1 mod 2147483647 in Sym^8(Sym^3 C^7) -- S_mu not in I(D_7^per3) (B13-09)
    [ok  ] cell: n in {3, 4} — n = 3
    [ok  ] cell: length(lambda) = r — lambda (7, 7, 4, 2, 2, 1, 1), r 7
    [ok  ] cell: lambda weakly decreasing
    [ok  ] cell: |lambda| = n*delta — 24 vs 3*8
    [ok  ] cell: a recomputed (Weyl alternation) — recomputed 1, claimed 1
    [ok  ] basis vector 0: highest weight mod 2147483647
    [ok  ] basis: 1 independent vectors = a — rank 1, a = 1
    [ok  ] evaluation of the a = 1 highest-weight vectors at 9 recorded permanent_pencil points has rank a mod 2147483647 — rank 1
    [ok  ] conclusion: mult_permanent_pencil(lambda, delta) = a = 1 over Q (rank_p <= rank_Q <= a)
PASS        results/certs/b13_09/per7_8_4_2_2_2_2_1_d7_fullrank_p2147483629.json.gz  (1.8s)  cubic side: mult_per3((8, 4, 2, 2, 2, 2, 1), 7) = a = 1 mod 2147483629 in Sym^7(Sym^3 C^7) -- S_mu not in I(D_7^per3) (B13-09)
    [ok  ] cell: n in {3, 4} — n = 3
    [ok  ] cell: length(lambda) = r — lambda (8, 4, 2, 2, 2, 2, 1), r 7
    [ok  ] cell: lambda weakly decreasing
    [ok  ] cell: |lambda| = n*delta — 21 vs 3*7
    [ok  ] cell: a recomputed (Weyl alternation) — recomputed 1, claimed 1
    [ok  ] basis vector 0: highest weight mod 2147483629
    [ok  ] basis: 1 independent vectors = a — rank 1, a = 1
    [ok  ] evaluation of the a = 1 highest-weight vectors at 9 recorded permanent_pencil points has rank a mod 2147483629 — rank 1
    [ok  ] conclusion: mult_permanent_pencil(lambda, delta) = a = 1 over Q (rank_p <= rank_Q <= a)
PASS        results/certs/b13_09/per7_8_4_2_2_2_2_1_d7_fullrank_p2147483647.json.gz  (1.9s)  cubic side: mult_per3((8, 4, 2, 2, 2, 2, 1), 7) = a = 1 mod 2147483647 in Sym^7(Sym^3 C^7) -- S_mu not in I(D_7^per3) (B13-09)
    [ok  ] cell: n in {3, 4} — n = 3
    [ok  ] cell: length(lambda) = r — lambda (8, 4, 2, 2, 2, 2, 1), r 7
    [ok  ] cell: lambda weakly decreasing
    [ok  ] cell: |lambda| = n*delta — 21 vs 3*7
    [ok  ] cell: a recomputed (Weyl alternation) — recomputed 1, claimed 1
    [ok  ] basis vector 0: highest weight mod 2147483647
    [ok  ] basis: 1 independent vectors = a — rank 1, a = 1
    [ok  ] evaluation of the a = 1 highest-weight vectors at 9 recorded permanent_pencil points has rank a mod 2147483647 — rank 1
    [ok  ] conclusion: mult_permanent_pencil(lambda, delta) = a = 1 over Q (rank_p <= rank_Q <= a)
PASS        results/certs/b13_09/per7_8_4_4_2_2_2_2_d8_fullrank_p2147483629.json.gz  (8.2s)  cubic side: mult_per3((8, 4, 4, 2, 2, 2, 2), 8) = a = 1 mod 2147483629 in Sym^8(Sym^3 C^7) -- S_mu not in I(D_7^per3) (B13-09)
    [ok  ] cell: n in {3, 4} — n = 3
    [ok  ] cell: length(lambda) = r — lambda (8, 4, 4, 2, 2, 2, 2), r 7
    [ok  ] cell: lambda weakly decreasing
    [ok  ] cell: |lambda| = n*delta — 24 vs 3*8
    [ok  ] cell: a recomputed (Weyl alternation) — recomputed 1, claimed 1
    [ok  ] basis vector 0: highest weight mod 2147483629
    [ok  ] basis: 1 independent vectors = a — rank 1, a = 1
    [ok  ] evaluation of the a = 1 highest-weight vectors at 9 recorded permanent_pencil points has rank a mod 2147483629 — rank 1
    [ok  ] conclusion: mult_permanent_pencil(lambda, delta) = a = 1 over Q (rank_p <= rank_Q <= a)
PASS        results/certs/b13_09/per7_8_4_4_2_2_2_2_d8_fullrank_p2147483647.json.gz  (8.2s)  cubic side: mult_per3((8, 4, 4, 2, 2, 2, 2), 8) = a = 1 mod 2147483647 in Sym^8(Sym^3 C^7) -- S_mu not in I(D_7^per3) (B13-09)
    [ok  ] cell: n in {3, 4} — n = 3
    [ok  ] cell: length(lambda) = r — lambda (8, 4, 4, 2, 2, 2, 2), r 7
    [ok  ] cell: lambda weakly decreasing
    [ok  ] cell: |lambda| = n*delta — 24 vs 3*8
    [ok  ] cell: a recomputed (Weyl alternation) — recomputed 1, claimed 1
    [ok  ] basis vector 0: highest weight mod 2147483647
    [ok  ] basis: 1 independent vectors = a — rank 1, a = 1
    [ok  ] evaluation of the a = 1 highest-weight vectors at 9 recorded permanent_pencil points has rank a mod 2147483647 — rank 1
    [ok  ] conclusion: mult_permanent_pencil(lambda, delta) = a = 1 over Q (rank_p <= rank_Q <= a)
PASS        results/certs/b13_09/per7_8_5_4_2_2_2_1_d8_fullrank_p2147483629.json.gz  (30.9s)  cubic side: mult_per3((8, 5, 4, 2, 2, 2, 1), 8) = a = 1 mod 2147483629 in Sym^8(Sym^3 C^7) -- S_mu not in I(D_7^per3) (B13-09)
    [ok  ] cell: n in {3, 4} — n = 3
    [ok  ] cell: length(lambda) = r — lambda (8, 5, 4, 2, 2, 2, 1), r 7
    [ok  ] cell: lambda weakly decreasing
    [ok  ] cell: |lambda| = n*delta — 24 vs 3*8
    [ok  ] cell: a recomputed (Weyl alternation) — recomputed 1, claimed 1
    [ok  ] basis vector 0: highest weight mod 2147483629
    [ok  ] basis: 1 independent vectors = a — rank 1, a = 1
    [ok  ] evaluation of the a = 1 highest-weight vectors at 9 recorded permanent_pencil points has rank a mod 2147483629 — rank 1
    [ok  ] conclusion: mult_permanent_pencil(lambda, delta) = a = 1 over Q (rank_p <= rank_Q <= a)
PASS        results/certs/b13_09/per7_8_5_4_2_2_2_1_d8_fullrank_p2147483647.json.gz  (34.2s)  cubic side: mult_per3((8, 5, 4, 2, 2, 2, 1), 8) = a = 1 mod 2147483647 in Sym^8(Sym^3 C^7) -- S_mu not in I(D_7^per3) (B13-09)
    [ok  ] cell: n in {3, 4} — n = 3
    [ok  ] cell: length(lambda) = r — lambda (8, 5, 4, 2, 2, 2, 1), r 7
    [ok  ] cell: lambda weakly decreasing
    [ok  ] cell: |lambda| = n*delta — 24 vs 3*8
    [ok  ] cell: a recomputed (Weyl alternation) — recomputed 1, claimed 1
    [ok  ] basis vector 0: highest weight mod 2147483647
    [ok  ] basis: 1 independent vectors = a — rank 1, a = 1
    [ok  ] evaluation of the a = 1 highest-weight vectors at 9 recorded permanent_pencil points has rank a mod 2147483647 — rank 1
    [ok  ] conclusion: mult_permanent_pencil(lambda, delta) = a = 1 over Q (rank_p <= rank_Q <= a)
PASS        results/certs/b13_09/per7_8_5_4_3_2_1_1_d8_fullrank_p2147483629.json.gz  (19.9s)  cubic side: mult_per3((8, 5, 4, 3, 2, 1, 1), 8) = a = 1 mod 2147483629 in Sym^8(Sym^3 C^7) -- S_mu not in I(D_7^per3) (B13-09)
    [ok  ] cell: n in {3, 4} — n = 3
    [ok  ] cell: length(lambda) = r — lambda (8, 5, 4, 3, 2, 1, 1), r 7
    [ok  ] cell: lambda weakly decreasing
    [ok  ] cell: |lambda| = n*delta — 24 vs 3*8
    [ok  ] cell: a recomputed (Weyl alternation) — recomputed 1, claimed 1
    [ok  ] basis vector 0: highest weight mod 2147483629
    [ok  ] basis: 1 independent vectors = a — rank 1, a = 1
    [ok  ] evaluation of the a = 1 highest-weight vectors at 9 recorded permanent_pencil points has rank a mod 2147483629 — rank 1
    [ok  ] conclusion: mult_permanent_pencil(lambda, delta) = a = 1 over Q (rank_p <= rank_Q <= a)
PASS        results/certs/b13_09/per7_8_5_4_3_2_1_1_d8_fullrank_p2147483647.json.gz  (19.8s)  cubic side: mult_per3((8, 5, 4, 3, 2, 1, 1), 8) = a = 1 mod 2147483647 in Sym^8(Sym^3 C^7) -- S_mu not in I(D_7^per3) (B13-09)
    [ok  ] cell: n in {3, 4} — n = 3
    [ok  ] cell: length(lambda) = r — lambda (8, 5, 4, 3, 2, 1, 1), r 7
    [ok  ] cell: lambda weakly decreasing
    [ok  ] cell: |lambda| = n*delta — 24 vs 3*8
    [ok  ] cell: a recomputed (Weyl alternation) — recomputed 1, claimed 1
    [ok  ] basis vector 0: highest weight mod 2147483647
    [ok  ] basis: 1 independent vectors = a — rank 1, a = 1
    [ok  ] evaluation of the a = 1 highest-weight vectors at 9 recorded permanent_pencil points has rank a mod 2147483647 — rank 1
    [ok  ] conclusion: mult_permanent_pencil(lambda, delta) = a = 1 over Q (rank_p <= rank_Q <= a)
PASS        results/certs/b13_09/per7_8_5_5_2_2_1_1_d8_fullrank_p2147483629.json.gz  (9.4s)  cubic side: mult_per3((8, 5, 5, 2, 2, 1, 1), 8) = a = 1 mod 2147483629 in Sym^8(Sym^3 C^7) -- S_mu not in I(D_7^per3) (B13-09)
    [ok  ] cell: n in {3, 4} — n = 3
    [ok  ] cell: length(lambda) = r — lambda (8, 5, 5, 2, 2, 1, 1), r 7
    [ok  ] cell: lambda weakly decreasing
    [ok  ] cell: |lambda| = n*delta — 24 vs 3*8
    [ok  ] cell: a recomputed (Weyl alternation) — recomputed 1, claimed 1
    [ok  ] basis vector 0: highest weight mod 2147483629
    [ok  ] basis: 1 independent vectors = a — rank 1, a = 1
    [ok  ] evaluation of the a = 1 highest-weight vectors at 9 recorded permanent_pencil points has rank a mod 2147483629 — rank 1
    [ok  ] conclusion: mult_permanent_pencil(lambda, delta) = a = 1 over Q (rank_p <= rank_Q <= a)
PASS        results/certs/b13_09/per7_8_5_5_2_2_1_1_d8_fullrank_p2147483647.json.gz  (10.5s)  cubic side: mult_per3((8, 5, 5, 2, 2, 1, 1), 8) = a = 1 mod 2147483647 in Sym^8(Sym^3 C^7) -- S_mu not in I(D_7^per3) (B13-09)
    [ok  ] cell: n in {3, 4} — n = 3
    [ok  ] cell: length(lambda) = r — lambda (8, 5, 5, 2, 2, 1, 1), r 7
    [ok  ] cell: lambda weakly decreasing
    [ok  ] cell: |lambda| = n*delta — 24 vs 3*8
    [ok  ] cell: a recomputed (Weyl alternation) — recomputed 1, claimed 1
    [ok  ] basis vector 0: highest weight mod 2147483647
    [ok  ] basis: 1 independent vectors = a — rank 1, a = 1
    [ok  ] evaluation of the a = 1 highest-weight vectors at 9 recorded permanent_pencil points has rank a mod 2147483647 — rank 1
    [ok  ] conclusion: mult_permanent_pencil(lambda, delta) = a = 1 over Q (rank_p <= rank_Q <= a)
PASS        results/certs/b13_09/per7_8_5_5_3_1_1_1_d8_fullrank_p2147483629.json.gz  (5.5s)  cubic side: mult_per3((8, 5, 5, 3, 1, 1, 1), 8) = a = 1 mod 2147483629 in Sym^8(Sym^3 C^7) -- S_mu not in I(D_7^per3) (B13-09)
    [ok  ] cell: n in {3, 4} — n = 3
    [ok  ] cell: length(lambda) = r — lambda (8, 5, 5, 3, 1, 1, 1), r 7
    [ok  ] cell: lambda weakly decreasing
    [ok  ] cell: |lambda| = n*delta — 24 vs 3*8
    [ok  ] cell: a recomputed (Weyl alternation) — recomputed 1, claimed 1
    [ok  ] basis vector 0: highest weight mod 2147483629
    [ok  ] basis: 1 independent vectors = a — rank 1, a = 1
    [ok  ] evaluation of the a = 1 highest-weight vectors at 9 recorded permanent_pencil points has rank a mod 2147483629 — rank 1
    [ok  ] conclusion: mult_permanent_pencil(lambda, delta) = a = 1 over Q (rank_p <= rank_Q <= a)
PASS        results/certs/b13_09/per7_8_5_5_3_1_1_1_d8_fullrank_p2147483647.json.gz  (5.4s)  cubic side: mult_per3((8, 5, 5, 3, 1, 1, 1), 8) = a = 1 mod 2147483647 in Sym^8(Sym^3 C^7) -- S_mu not in I(D_7^per3) (B13-09)
    [ok  ] cell: n in {3, 4} — n = 3
    [ok  ] cell: length(lambda) = r — lambda (8, 5, 5, 3, 1, 1, 1), r 7
    [ok  ] cell: lambda weakly decreasing
    [ok  ] cell: |lambda| = n*delta — 24 vs 3*8
    [ok  ] cell: a recomputed (Weyl alternation) — recomputed 1, claimed 1
    [ok  ] basis vector 0: highest weight mod 2147483647
    [ok  ] basis: 1 independent vectors = a — rank 1, a = 1
    [ok  ] evaluation of the a = 1 highest-weight vectors at 9 recorded permanent_pencil points has rank a mod 2147483647 — rank 1
    [ok  ] conclusion: mult_permanent_pencil(lambda, delta) = a = 1 over Q (rank_p <= rank_Q <= a)
PASS        results/certs/b13_09/per7_8_6_2_2_2_2_2_d8_fullrank_p2147483629.json.gz  (19.8s)  cubic side: mult_per3((8, 6, 2, 2, 2, 2, 2), 8) = a = 1 mod 2147483629 in Sym^8(Sym^3 C^7) -- S_mu not in I(D_7^per3) (B13-09)
    [ok  ] cell: n in {3, 4} — n = 3
    [ok  ] cell: length(lambda) = r — lambda (8, 6, 2, 2, 2, 2, 2), r 7
    [ok  ] cell: lambda weakly decreasing
    [ok  ] cell: |lambda| = n*delta — 24 vs 3*8
    [ok  ] cell: a recomputed (Weyl alternation) — recomputed 1, claimed 1
    [ok  ] basis vector 0: highest weight mod 2147483629
    [ok  ] basis: 1 independent vectors = a — rank 1, a = 1
    [ok  ] evaluation of the a = 1 highest-weight vectors at 9 recorded permanent_pencil points has rank a mod 2147483629 — rank 1
    [ok  ] conclusion: mult_permanent_pencil(lambda, delta) = a = 1 over Q (rank_p <= rank_Q <= a)
PASS        results/certs/b13_09/per7_8_6_2_2_2_2_2_d8_fullrank_p2147483647.json.gz  (23.0s)  cubic side: mult_per3((8, 6, 2, 2, 2, 2, 2), 8) = a = 1 mod 2147483647 in Sym^8(Sym^3 C^7) -- S_mu not in I(D_7^per3) (B13-09)
    [ok  ] cell: n in {3, 4} — n = 3
    [ok  ] cell: length(lambda) = r — lambda (8, 6, 2, 2, 2, 2, 2), r 7
    [ok  ] cell: lambda weakly decreasing
    [ok  ] cell: |lambda| = n*delta — 24 vs 3*8
    [ok  ] cell: a recomputed (Weyl alternation) — recomputed 1, claimed 1
    [ok  ] basis vector 0: highest weight mod 2147483647
    [ok  ] basis: 1 independent vectors = a — rank 1, a = 1
    [ok  ] evaluation of the a = 1 highest-weight vectors at 9 recorded permanent_pencil points has rank a mod 2147483647 — rank 1
    [ok  ] conclusion: mult_permanent_pencil(lambda, delta) = a = 1 over Q (rank_p <= rank_Q <= a)
PASS        results/certs/b13_09/per7_8_6_3_2_2_2_1_d8_fullrank_p2147483629.json.gz  (27.0s)  cubic side: mult_per3((8, 6, 3, 2, 2, 2, 1), 8) = a = 1 mod 2147483629 in Sym^8(Sym^3 C^7) -- S_mu not in I(D_7^per3) (B13-09)
    [ok  ] cell: n in {3, 4} — n = 3
    [ok  ] cell: length(lambda) = r — lambda (8, 6, 3, 2, 2, 2, 1), r 7
    [ok  ] cell: lambda weakly decreasing
    [ok  ] cell: |lambda| = n*delta — 24 vs 3*8
    [ok  ] cell: a recomputed (Weyl alternation) — recomputed 1, claimed 1
    [ok  ] basis vector 0: highest weight mod 2147483629
    [ok  ] basis: 1 independent vectors = a — rank 1, a = 1
    [ok  ] evaluation of the a = 1 highest-weight vectors at 9 recorded permanent_pencil points has rank a mod 2147483629 — rank 1
    [ok  ] conclusion: mult_permanent_pencil(lambda, delta) = a = 1 over Q (rank_p <= rank_Q <= a)
PASS        results/certs/b13_09/per7_8_6_3_2_2_2_1_d8_fullrank_p2147483647.json.gz  (26.5s)  cubic side: mult_per3((8, 6, 3, 2, 2, 2, 1), 8) = a = 1 mod 2147483647 in Sym^8(Sym^3 C^7) -- S_mu not in I(D_7^per3) (B13-09)
    [ok  ] cell: n in {3, 4} — n = 3
    [ok  ] cell: length(lambda) = r — lambda (8, 6, 3, 2, 2, 2, 1), r 7
    [ok  ] cell: lambda weakly decreasing
    [ok  ] cell: |lambda| = n*delta — 24 vs 3*8
    [ok  ] cell: a recomputed (Weyl alternation) — recomputed 1, claimed 1
    [ok  ] basis vector 0: highest weight mod 2147483647
    [ok  ] basis: 1 independent vectors = a — rank 1, a = 1
    [ok  ] evaluation of the a = 1 highest-weight vectors at 9 recorded permanent_pencil points has rank a mod 2147483647 — rank 1
    [ok  ] conclusion: mult_permanent_pencil(lambda, delta) = a = 1 over Q (rank_p <= rank_Q <= a)
PASS        results/certs/b13_09/per7_8_6_3_3_2_1_1_d8_fullrank_p2147483629.json.gz  (13.6s)  cubic side: mult_per3((8, 6, 3, 3, 2, 1, 1), 8) = a = 1 mod 2147483629 in Sym^8(Sym^3 C^7) -- S_mu not in I(D_7^per3) (B13-09)
    [ok  ] cell: n in {3, 4} — n = 3
    [ok  ] cell: length(lambda) = r — lambda (8, 6, 3, 3, 2, 1, 1), r 7
    [ok  ] cell: lambda weakly decreasing
    [ok  ] cell: |lambda| = n*delta — 24 vs 3*8
    [ok  ] cell: a recomputed (Weyl alternation) — recomputed 1, claimed 1
    [ok  ] basis vector 0: highest weight mod 2147483629
    [ok  ] basis: 1 independent vectors = a — rank 1, a = 1
    [ok  ] evaluation of the a = 1 highest-weight vectors at 9 recorded permanent_pencil points has rank a mod 2147483629 — rank 1
    [ok  ] conclusion: mult_permanent_pencil(lambda, delta) = a = 1 over Q (rank_p <= rank_Q <= a)
PASS        results/certs/b13_09/per7_8_6_3_3_2_1_1_d8_fullrank_p2147483647.json.gz  (12.8s)  cubic side: mult_per3((8, 6, 3, 3, 2, 1, 1), 8) = a = 1 mod 2147483647 in Sym^8(Sym^3 C^7) -- S_mu not in I(D_7^per3) (B13-09)
    [ok  ] cell: n in {3, 4} — n = 3
    [ok  ] cell: length(lambda) = r — lambda (8, 6, 3, 3, 2, 1, 1), r 7
    [ok  ] cell: lambda weakly decreasing
    [ok  ] cell: |lambda| = n*delta — 24 vs 3*8
    [ok  ] cell: a recomputed (Weyl alternation) — recomputed 1, claimed 1
    [ok  ] basis vector 0: highest weight mod 2147483647
    [ok  ] basis: 1 independent vectors = a — rank 1, a = 1
    [ok  ] evaluation of the a = 1 highest-weight vectors at 9 recorded permanent_pencil points has rank a mod 2147483647 — rank 1
    [ok  ] conclusion: mult_permanent_pencil(lambda, delta) = a = 1 over Q (rank_p <= rank_Q <= a)
PASS        results/certs/b13_09/per7_8_6_4_2_2_1_1_d8_fullrank_p2147483629.json.gz  (10.7s)  cubic side: mult_per3((8, 6, 4, 2, 2, 1, 1), 8) = a = 1 mod 2147483629 in Sym^8(Sym^3 C^7) -- S_mu not in I(D_7^per3) (B13-09)
    [ok  ] cell: n in {3, 4} — n = 3
    [ok  ] cell: length(lambda) = r — lambda (8, 6, 4, 2, 2, 1, 1), r 7
    [ok  ] cell: lambda weakly decreasing
    [ok  ] cell: |lambda| = n*delta — 24 vs 3*8
    [ok  ] cell: a recomputed (Weyl alternation) — recomputed 1, claimed 1
    [ok  ] basis vector 0: highest weight mod 2147483629
    [ok  ] basis: 1 independent vectors = a — rank 1, a = 1
    [ok  ] evaluation of the a = 1 highest-weight vectors at 9 recorded permanent_pencil points has rank a mod 2147483629 — rank 1
    [ok  ] conclusion: mult_permanent_pencil(lambda, delta) = a = 1 over Q (rank_p <= rank_Q <= a)
PASS        results/certs/b13_09/per7_8_6_4_2_2_1_1_d8_fullrank_p2147483647.json.gz  (10.6s)  cubic side: mult_per3((8, 6, 4, 2, 2, 1, 1), 8) = a = 1 mod 2147483647 in Sym^8(Sym^3 C^7) -- S_mu not in I(D_7^per3) (B13-09)
    [ok  ] cell: n in {3, 4} — n = 3
    [ok  ] cell: length(lambda) = r — lambda (8, 6, 4, 2, 2, 1, 1), r 7
    [ok  ] cell: lambda weakly decreasing
    [ok  ] cell: |lambda| = n*delta — 24 vs 3*8
    [ok  ] cell: a recomputed (Weyl alternation) — recomputed 1, claimed 1
    [ok  ] basis vector 0: highest weight mod 2147483647
    [ok  ] basis: 1 independent vectors = a — rank 1, a = 1
    [ok  ] evaluation of the a = 1 highest-weight vectors at 9 recorded permanent_pencil points has rank a mod 2147483647 — rank 1
    [ok  ] conclusion: mult_permanent_pencil(lambda, delta) = a = 1 over Q (rank_p <= rank_Q <= a)
PASS        results/certs/b13_09/per7_8_6_4_3_1_1_1_d8_fullrank_p2147483629.json.gz  (5.3s)  cubic side: mult_per3((8, 6, 4, 3, 1, 1, 1), 8) = a = 1 mod 2147483629 in Sym^8(Sym^3 C^7) -- S_mu not in I(D_7^per3) (B13-09)
    [ok  ] cell: n in {3, 4} — n = 3
    [ok  ] cell: length(lambda) = r — lambda (8, 6, 4, 3, 1, 1, 1), r 7
    [ok  ] cell: lambda weakly decreasing
    [ok  ] cell: |lambda| = n*delta — 24 vs 3*8
    [ok  ] cell: a recomputed (Weyl alternation) — recomputed 1, claimed 1
    [ok  ] basis vector 0: highest weight mod 2147483629
    [ok  ] basis: 1 independent vectors = a — rank 1, a = 1
    [ok  ] evaluation of the a = 1 highest-weight vectors at 9 recorded permanent_pencil points has rank a mod 2147483629 — rank 1
    [ok  ] conclusion: mult_permanent_pencil(lambda, delta) = a = 1 over Q (rank_p <= rank_Q <= a)
PASS        results/certs/b13_09/per7_8_6_4_3_1_1_1_d8_fullrank_p2147483647.json.gz  (5.6s)  cubic side: mult_per3((8, 6, 4, 3, 1, 1, 1), 8) = a = 1 mod 2147483647 in Sym^8(Sym^3 C^7) -- S_mu not in I(D_7^per3) (B13-09)
    [ok  ] cell: n in {3, 4} — n = 3
    [ok  ] cell: length(lambda) = r — lambda (8, 6, 4, 3, 1, 1, 1), r 7
    [ok  ] cell: lambda weakly decreasing
    [ok  ] cell: |lambda| = n*delta — 24 vs 3*8
    [ok  ] cell: a recomputed (Weyl alternation) — recomputed 1, claimed 1
    [ok  ] basis vector 0: highest weight mod 2147483647
    [ok  ] basis: 1 independent vectors = a — rank 1, a = 1
    [ok  ] evaluation of the a = 1 highest-weight vectors at 9 recorded permanent_pencil points has rank a mod 2147483647 — rank 1
    [ok  ] conclusion: mult_permanent_pencil(lambda, delta) = a = 1 over Q (rank_p <= rank_Q <= a)
PASS        results/certs/b13_09/per7_8_6_5_2_1_1_1_d8_fullrank_p2147483629.json.gz  (3.5s)  cubic side: mult_per3((8, 6, 5, 2, 1, 1, 1), 8) = a = 1 mod 2147483629 in Sym^8(Sym^3 C^7) -- S_mu not in I(D_7^per3) (B13-09)
    [ok  ] cell: n in {3, 4} — n = 3
    [ok  ] cell: length(lambda) = r — lambda (8, 6, 5, 2, 1, 1, 1), r 7
    [ok  ] cell: lambda weakly decreasing
    [ok  ] cell: |lambda| = n*delta — 24 vs 3*8
    [ok  ] cell: a recomputed (Weyl alternation) — recomputed 1, claimed 1
    [ok  ] basis vector 0: highest weight mod 2147483629
    [ok  ] basis: 1 independent vectors = a — rank 1, a = 1
    [ok  ] evaluation of the a = 1 highest-weight vectors at 9 recorded permanent_pencil points has rank a mod 2147483629 — rank 1
    [ok  ] conclusion: mult_permanent_pencil(lambda, delta) = a = 1 over Q (rank_p <= rank_Q <= a)
PASS        results/certs/b13_09/per7_8_6_5_2_1_1_1_d8_fullrank_p2147483647.json.gz  (3.6s)  cubic side: mult_per3((8, 6, 5, 2, 1, 1, 1), 8) = a = 1 mod 2147483647 in Sym^8(Sym^3 C^7) -- S_mu not in I(D_7^per3) (B13-09)
    [ok  ] cell: n in {3, 4} — n = 3
    [ok  ] cell: length(lambda) = r — lambda (8, 6, 5, 2, 1, 1, 1), r 7
    [ok  ] cell: lambda weakly decreasing
    [ok  ] cell: |lambda| = n*delta — 24 vs 3*8
    [ok  ] cell: a recomputed (Weyl alternation) — recomputed 1, claimed 1
    [ok  ] basis vector 0: highest weight mod 2147483647
    [ok  ] basis: 1 independent vectors = a — rank 1, a = 1
    [ok  ] evaluation of the a = 1 highest-weight vectors at 9 recorded permanent_pencil points has rank a mod 2147483647 — rank 1
    [ok  ] conclusion: mult_permanent_pencil(lambda, delta) = a = 1 over Q (rank_p <= rank_Q <= a)
PASS        results/certs/b13_09/per7_8_7_2_2_2_2_1_d8_fullrank_p2147483629.json.gz  (11.2s)  cubic side: mult_per3((8, 7, 2, 2, 2, 2, 1), 8) = a = 1 mod 2147483629 in Sym^8(Sym^3 C^7) -- S_mu not in I(D_7^per3) (B13-09)
    [ok  ] cell: n in {3, 4} — n = 3
    [ok  ] cell: length(lambda) = r — lambda (8, 7, 2, 2, 2, 2, 1), r 7
    [ok  ] cell: lambda weakly decreasing
    [ok  ] cell: |lambda| = n*delta — 24 vs 3*8
    [ok  ] cell: a recomputed (Weyl alternation) — recomputed 1, claimed 1
    [ok  ] basis vector 0: highest weight mod 2147483629
    [ok  ] basis: 1 independent vectors = a — rank 1, a = 1
    [ok  ] evaluation of the a = 1 highest-weight vectors at 9 recorded permanent_pencil points has rank a mod 2147483629 — rank 1
    [ok  ] conclusion: mult_permanent_pencil(lambda, delta) = a = 1 over Q (rank_p <= rank_Q <= a)
PASS        results/certs/b13_09/per7_8_7_2_2_2_2_1_d8_fullrank_p2147483647.json.gz  (10.6s)  cubic side: mult_per3((8, 7, 2, 2, 2, 2, 1), 8) = a = 1 mod 2147483647 in Sym^8(Sym^3 C^7) -- S_mu not in I(D_7^per3) (B13-09)
    [ok  ] cell: n in {3, 4} — n = 3
    [ok  ] cell: length(lambda) = r — lambda (8, 7, 2, 2, 2, 2, 1), r 7
    [ok  ] cell: lambda weakly decreasing
    [ok  ] cell: |lambda| = n*delta — 24 vs 3*8
    [ok  ] cell: a recomputed (Weyl alternation) — recomputed 1, claimed 1
    [ok  ] basis vector 0: highest weight mod 2147483647
    [ok  ] basis: 1 independent vectors = a — rank 1, a = 1
    [ok  ] evaluation of the a = 1 highest-weight vectors at 9 recorded permanent_pencil points has rank a mod 2147483647 — rank 1
    [ok  ] conclusion: mult_permanent_pencil(lambda, delta) = a = 1 over Q (rank_p <= rank_Q <= a)
PASS        results/certs/b13_09/per7_8_7_3_2_2_1_1_d8_fullrank_p2147483629.json.gz  (4.8s)  cubic side: mult_per3((8, 7, 3, 2, 2, 1, 1), 8) = a = 1 mod 2147483629 in Sym^8(Sym^3 C^7) -- S_mu not in I(D_7^per3) (B13-09)
    [ok  ] cell: n in {3, 4} — n = 3
    [ok  ] cell: length(lambda) = r — lambda (8, 7, 3, 2, 2, 1, 1), r 7
    [ok  ] cell: lambda weakly decreasing
    [ok  ] cell: |lambda| = n*delta — 24 vs 3*8
    [ok  ] cell: a recomputed (Weyl alternation) — recomputed 1, claimed 1
    [ok  ] basis vector 0: highest weight mod 2147483629
    [ok  ] basis: 1 independent vectors = a — rank 1, a = 1
    [ok  ] evaluation of the a = 1 highest-weight vectors at 9 recorded permanent_pencil points has rank a mod 2147483629 — rank 1
    [ok  ] conclusion: mult_permanent_pencil(lambda, delta) = a = 1 over Q (rank_p <= rank_Q <= a)
PASS        results/certs/b13_09/per7_8_7_3_2_2_1_1_d8_fullrank_p2147483647.json.gz  (4.7s)  cubic side: mult_per3((8, 7, 3, 2, 2, 1, 1), 8) = a = 1 mod 2147483647 in Sym^8(Sym^3 C^7) -- S_mu not in I(D_7^per3) (B13-09)
    [ok  ] cell: n in {3, 4} — n = 3
    [ok  ] cell: length(lambda) = r — lambda (8, 7, 3, 2, 2, 1, 1), r 7
    [ok  ] cell: lambda weakly decreasing
    [ok  ] cell: |lambda| = n*delta — 24 vs 3*8
    [ok  ] cell: a recomputed (Weyl alternation) — recomputed 1, claimed 1
    [ok  ] basis vector 0: highest weight mod 2147483647
    [ok  ] basis: 1 independent vectors = a — rank 1, a = 1
    [ok  ] evaluation of the a = 1 highest-weight vectors at 9 recorded permanent_pencil points has rank a mod 2147483647 — rank 1
    [ok  ] conclusion: mult_permanent_pencil(lambda, delta) = a = 1 over Q (rank_p <= rank_Q <= a)
PASS        results/certs/b13_09/per7_9_2_2_2_2_2_2_d7_fullrank_p2147483629.json.gz  (2.8s)  cubic side: mult_per3((9, 2, 2, 2, 2, 2, 2), 7) = a = 1 mod 2147483629 in Sym^7(Sym^3 C^7) -- S_mu not in I(D_7^per3) (B13-09)
    [ok  ] cell: n in {3, 4} — n = 3
    [ok  ] cell: length(lambda) = r — lambda (9, 2, 2, 2, 2, 2, 2), r 7
    [ok  ] cell: lambda weakly decreasing
    [ok  ] cell: |lambda| = n*delta — 21 vs 3*7
    [ok  ] cell: a recomputed (Weyl alternation) — recomputed 1, claimed 1
    [ok  ] basis vector 0: highest weight mod 2147483629
    [ok  ] basis: 1 independent vectors = a — rank 1, a = 1
    [ok  ] evaluation of the a = 1 highest-weight vectors at 9 recorded permanent_pencil points has rank a mod 2147483629 — rank 1
    [ok  ] conclusion: mult_permanent_pencil(lambda, delta) = a = 1 over Q (rank_p <= rank_Q <= a)
PASS        results/certs/b13_09/per7_9_2_2_2_2_2_2_d7_fullrank_p2147483647.json.gz  (3.0s)  cubic side: mult_per3((9, 2, 2, 2, 2, 2, 2), 7) = a = 1 mod 2147483647 in Sym^7(Sym^3 C^7) -- S_mu not in I(D_7^per3) (B13-09)
    [ok  ] cell: n in {3, 4} — n = 3
    [ok  ] cell: length(lambda) = r — lambda (9, 2, 2, 2, 2, 2, 2), r 7
    [ok  ] cell: lambda weakly decreasing
    [ok  ] cell: |lambda| = n*delta — 21 vs 3*7
    [ok  ] cell: a recomputed (Weyl alternation) — recomputed 1, claimed 1
    [ok  ] basis vector 0: highest weight mod 2147483647
    [ok  ] basis: 1 independent vectors = a — rank 1, a = 1
    [ok  ] evaluation of the a = 1 highest-weight vectors at 9 recorded permanent_pencil points has rank a mod 2147483647 — rank 1
    [ok  ] conclusion: mult_permanent_pencil(lambda, delta) = a = 1 over Q (rank_p <= rank_Q <= a)
PASS        results/certs/b13_09/per7_9_4_4_2_2_2_1_d8_fullrank_p2147483629.json.gz  (20.9s)  cubic side: mult_per3((9, 4, 4, 2, 2, 2, 1), 8) = a = 1 mod 2147483629 in Sym^8(Sym^3 C^7) -- S_mu not in I(D_7^per3) (B13-09)
    [ok  ] cell: n in {3, 4} — n = 3
    [ok  ] cell: length(lambda) = r — lambda (9, 4, 4, 2, 2, 2, 1), r 7
    [ok  ] cell: lambda weakly decreasing
    [ok  ] cell: |lambda| = n*delta — 24 vs 3*8
    [ok  ] cell: a recomputed (Weyl alternation) — recomputed 1, claimed 1
    [ok  ] basis vector 0: highest weight mod 2147483629
    [ok  ] basis: 1 independent vectors = a — rank 1, a = 1
    [ok  ] evaluation of the a = 1 highest-weight vectors at 9 recorded permanent_pencil points has rank a mod 2147483629 — rank 1
    [ok  ] conclusion: mult_permanent_pencil(lambda, delta) = a = 1 over Q (rank_p <= rank_Q <= a)
PASS        results/certs/b13_09/per7_9_4_4_2_2_2_1_d8_fullrank_p2147483647.json.gz  (21.6s)  cubic side: mult_per3((9, 4, 4, 2, 2, 2, 1), 8) = a = 1 mod 2147483647 in Sym^8(Sym^3 C^7) -- S_mu not in I(D_7^per3) (B13-09)
    [ok  ] cell: n in {3, 4} — n = 3
    [ok  ] cell: length(lambda) = r — lambda (9, 4, 4, 2, 2, 2, 1), r 7
    [ok  ] cell: lambda weakly decreasing
    [ok  ] cell: |lambda| = n*delta — 24 vs 3*8
    [ok  ] cell: a recomputed (Weyl alternation) — recomputed 1, claimed 1
    [ok  ] basis vector 0: highest weight mod 2147483647
    [ok  ] basis: 1 independent vectors = a — rank 1, a = 1
    [ok  ] evaluation of the a = 1 highest-weight vectors at 9 recorded permanent_pencil points has rank a mod 2147483647 — rank 1
    [ok  ] conclusion: mult_permanent_pencil(lambda, delta) = a = 1 over Q (rank_p <= rank_Q <= a)
PASS        results/certs/b13_09/per7_9_5_2_2_2_2_2_d8_fullrank_p2147483629.json.gz  (16.0s)  cubic side: mult_per3((9, 5, 2, 2, 2, 2, 2), 8) = a = 1 mod 2147483629 in Sym^8(Sym^3 C^7) -- S_mu not in I(D_7^per3) (B13-09)
    [ok  ] cell: n in {3, 4} — n = 3
    [ok  ] cell: length(lambda) = r — lambda (9, 5, 2, 2, 2, 2, 2), r 7
    [ok  ] cell: lambda weakly decreasing
    [ok  ] cell: |lambda| = n*delta — 24 vs 3*8
    [ok  ] cell: a recomputed (Weyl alternation) — recomputed 1, claimed 1
    [ok  ] basis vector 0: highest weight mod 2147483629
    [ok  ] basis: 1 independent vectors = a — rank 1, a = 1
    [ok  ] evaluation of the a = 1 highest-weight vectors at 9 recorded permanent_pencil points has rank a mod 2147483629 — rank 1
    [ok  ] conclusion: mult_permanent_pencil(lambda, delta) = a = 1 over Q (rank_p <= rank_Q <= a)
PASS        results/certs/b13_09/per7_9_5_2_2_2_2_2_d8_fullrank_p2147483647.json.gz  (17.3s)  cubic side: mult_per3((9, 5, 2, 2, 2, 2, 2), 8) = a = 1 mod 2147483647 in Sym^8(Sym^3 C^7) -- S_mu not in I(D_7^per3) (B13-09)
    [ok  ] cell: n in {3, 4} — n = 3
    [ok  ] cell: length(lambda) = r — lambda (9, 5, 2, 2, 2, 2, 2), r 7
    [ok  ] cell: lambda weakly decreasing
    [ok  ] cell: |lambda| = n*delta — 24 vs 3*8
    [ok  ] cell: a recomputed (Weyl alternation) — recomputed 1, claimed 1
    [ok  ] basis vector 0: highest weight mod 2147483647
    [ok  ] basis: 1 independent vectors = a — rank 1, a = 1
    [ok  ] evaluation of the a = 1 highest-weight vectors at 9 recorded permanent_pencil points has rank a mod 2147483647 — rank 1
    [ok  ] conclusion: mult_permanent_pencil(lambda, delta) = a = 1 over Q (rank_p <= rank_Q <= a)
PASS        results/certs/b13_09/per7_9_5_3_2_2_2_1_d8_fullrank_p2147483629.json.gz  (17.4s)  cubic side: mult_per3((9, 5, 3, 2, 2, 2, 1), 8) = a = 1 mod 2147483629 in Sym^8(Sym^3 C^7) -- S_mu not in I(D_7^per3) (B13-09)
    [ok  ] cell: n in {3, 4} — n = 3
    [ok  ] cell: length(lambda) = r — lambda (9, 5, 3, 2, 2, 2, 1), r 7
    [ok  ] cell: lambda weakly decreasing
    [ok  ] cell: |lambda| = n*delta — 24 vs 3*8
    [ok  ] cell: a recomputed (Weyl alternation) — recomputed 1, claimed 1
    [ok  ] basis vector 0: highest weight mod 2147483629
    [ok  ] basis: 1 independent vectors = a — rank 1, a = 1
    [ok  ] evaluation of the a = 1 highest-weight vectors at 9 recorded permanent_pencil points has rank a mod 2147483629 — rank 1
    [ok  ] conclusion: mult_permanent_pencil(lambda, delta) = a = 1 over Q (rank_p <= rank_Q <= a)
PASS        results/certs/b13_09/per7_9_5_3_2_2_2_1_d8_fullrank_p2147483647.json.gz  (16.7s)  cubic side: mult_per3((9, 5, 3, 2, 2, 2, 1), 8) = a = 1 mod 2147483647 in Sym^8(Sym^3 C^7) -- S_mu not in I(D_7^per3) (B13-09)
    [ok  ] cell: n in {3, 4} — n = 3
    [ok  ] cell: length(lambda) = r — lambda (9, 5, 3, 2, 2, 2, 1), r 7
    [ok  ] cell: lambda weakly decreasing
    [ok  ] cell: |lambda| = n*delta — 24 vs 3*8
    [ok  ] cell: a recomputed (Weyl alternation) — recomputed 1, claimed 1
    [ok  ] basis vector 0: highest weight mod 2147483647
    [ok  ] basis: 1 independent vectors = a — rank 1, a = 1
    [ok  ] evaluation of the a = 1 highest-weight vectors at 9 recorded permanent_pencil points has rank a mod 2147483647 — rank 1
    [ok  ] conclusion: mult_permanent_pencil(lambda, delta) = a = 1 over Q (rank_p <= rank_Q <= a)
PASS        results/certs/b13_09/per7_9_5_3_3_2_1_1_d8_fullrank_p2147483629.json.gz  (7.6s)  cubic side: mult_per3((9, 5, 3, 3, 2, 1, 1), 8) = a = 1 mod 2147483629 in Sym^8(Sym^3 C^7) -- S_mu not in I(D_7^per3) (B13-09)
    [ok  ] cell: n in {3, 4} — n = 3
    [ok  ] cell: length(lambda) = r — lambda (9, 5, 3, 3, 2, 1, 1), r 7
    [ok  ] cell: lambda weakly decreasing
    [ok  ] cell: |lambda| = n*delta — 24 vs 3*8
    [ok  ] cell: a recomputed (Weyl alternation) — recomputed 1, claimed 1
    [ok  ] basis vector 0: highest weight mod 2147483629
    [ok  ] basis: 1 independent vectors = a — rank 1, a = 1
    [ok  ] evaluation of the a = 1 highest-weight vectors at 9 recorded permanent_pencil points has rank a mod 2147483629 — rank 1
    [ok  ] conclusion: mult_permanent_pencil(lambda, delta) = a = 1 over Q (rank_p <= rank_Q <= a)
PASS        results/certs/b13_09/per7_9_5_3_3_2_1_1_d8_fullrank_p2147483647.json.gz  (7.4s)  cubic side: mult_per3((9, 5, 3, 3, 2, 1, 1), 8) = a = 1 mod 2147483647 in Sym^8(Sym^3 C^7) -- S_mu not in I(D_7^per3) (B13-09)
    [ok  ] cell: n in {3, 4} — n = 3
    [ok  ] cell: length(lambda) = r — lambda (9, 5, 3, 3, 2, 1, 1), r 7
    [ok  ] cell: lambda weakly decreasing
    [ok  ] cell: |lambda| = n*delta — 24 vs 3*8
    [ok  ] cell: a recomputed (Weyl alternation) — recomputed 1, claimed 1
    [ok  ] basis vector 0: highest weight mod 2147483647
    [ok  ] basis: 1 independent vectors = a — rank 1, a = 1
    [ok  ] evaluation of the a = 1 highest-weight vectors at 9 recorded permanent_pencil points has rank a mod 2147483647 — rank 1
    [ok  ] conclusion: mult_permanent_pencil(lambda, delta) = a = 1 over Q (rank_p <= rank_Q <= a)
PASS        results/certs/b13_09/per7_9_5_4_2_2_1_1_d8_fullrank_p2147483629.json.gz  (6.0s)  cubic side: mult_per3((9, 5, 4, 2, 2, 1, 1), 8) = a = 1 mod 2147483629 in Sym^8(Sym^3 C^7) -- S_mu not in I(D_7^per3) (B13-09)
    [ok  ] cell: n in {3, 4} — n = 3
    [ok  ] cell: length(lambda) = r — lambda (9, 5, 4, 2, 2, 1, 1), r 7
    [ok  ] cell: lambda weakly decreasing
    [ok  ] cell: |lambda| = n*delta — 24 vs 3*8
    [ok  ] cell: a recomputed (Weyl alternation) — recomputed 1, claimed 1
    [ok  ] basis vector 0: highest weight mod 2147483629
    [ok  ] basis: 1 independent vectors = a — rank 1, a = 1
    [ok  ] evaluation of the a = 1 highest-weight vectors at 9 recorded permanent_pencil points has rank a mod 2147483629 — rank 1
    [ok  ] conclusion: mult_permanent_pencil(lambda, delta) = a = 1 over Q (rank_p <= rank_Q <= a)
PASS        results/certs/b13_09/per7_9_5_4_2_2_1_1_d8_fullrank_p2147483647.json.gz  (6.4s)  cubic side: mult_per3((9, 5, 4, 2, 2, 1, 1), 8) = a = 1 mod 2147483647 in Sym^8(Sym^3 C^7) -- S_mu not in I(D_7^per3) (B13-09)
    [ok  ] cell: n in {3, 4} — n = 3
    [ok  ] cell: length(lambda) = r — lambda (9, 5, 4, 2, 2, 1, 1), r 7
    [ok  ] cell: lambda weakly decreasing
    [ok  ] cell: |lambda| = n*delta — 24 vs 3*8
    [ok  ] cell: a recomputed (Weyl alternation) — recomputed 1, claimed 1
    [ok  ] basis vector 0: highest weight mod 2147483647
    [ok  ] basis: 1 independent vectors = a — rank 1, a = 1
    [ok  ] evaluation of the a = 1 highest-weight vectors at 9 recorded permanent_pencil points has rank a mod 2147483647 — rank 1
    [ok  ] conclusion: mult_permanent_pencil(lambda, delta) = a = 1 over Q (rank_p <= rank_Q <= a)
PASS        results/certs/b13_09/per7_9_5_5_2_1_1_1_d8_fullrank_p2147483629.json.gz  (2.7s)  cubic side: mult_per3((9, 5, 5, 2, 1, 1, 1), 8) = a = 1 mod 2147483629 in Sym^8(Sym^3 C^7) -- S_mu not in I(D_7^per3) (B13-09)
    [ok  ] cell: n in {3, 4} — n = 3
    [ok  ] cell: length(lambda) = r — lambda (9, 5, 5, 2, 1, 1, 1), r 7
    [ok  ] cell: lambda weakly decreasing
    [ok  ] cell: |lambda| = n*delta — 24 vs 3*8
    [ok  ] cell: a recomputed (Weyl alternation) — recomputed 1, claimed 1
    [ok  ] basis vector 0: highest weight mod 2147483629
    [ok  ] basis: 1 independent vectors = a — rank 1, a = 1
    [ok  ] evaluation of the a = 1 highest-weight vectors at 9 recorded permanent_pencil points has rank a mod 2147483629 — rank 1
    [ok  ] conclusion: mult_permanent_pencil(lambda, delta) = a = 1 over Q (rank_p <= rank_Q <= a)
PASS        results/certs/b13_09/per7_9_5_5_2_1_1_1_d8_fullrank_p2147483647.json.gz  (2.7s)  cubic side: mult_per3((9, 5, 5, 2, 1, 1, 1), 8) = a = 1 mod 2147483647 in Sym^8(Sym^3 C^7) -- S_mu not in I(D_7^per3) (B13-09)
    [ok  ] cell: n in {3, 4} — n = 3
    [ok  ] cell: length(lambda) = r — lambda (9, 5, 5, 2, 1, 1, 1), r 7
    [ok  ] cell: lambda weakly decreasing
    [ok  ] cell: |lambda| = n*delta — 24 vs 3*8
    [ok  ] cell: a recomputed (Weyl alternation) — recomputed 1, claimed 1
    [ok  ] basis vector 0: highest weight mod 2147483647
    [ok  ] basis: 1 independent vectors = a — rank 1, a = 1
    [ok  ] evaluation of the a = 1 highest-weight vectors at 9 recorded permanent_pencil points has rank a mod 2147483647 — rank 1
    [ok  ] conclusion: mult_permanent_pencil(lambda, delta) = a = 1 over Q (rank_p <= rank_Q <= a)
PASS        results/certs/b13_09/per7_9_6_2_2_2_2_1_d8_fullrank_p2147483629.json.gz  (8.0s)  cubic side: mult_per3((9, 6, 2, 2, 2, 2, 1), 8) = a = 1 mod 2147483629 in Sym^8(Sym^3 C^7) -- S_mu not in I(D_7^per3) (B13-09)
    [ok  ] cell: n in {3, 4} — n = 3
    [ok  ] cell: length(lambda) = r — lambda (9, 6, 2, 2, 2, 2, 1), r 7
    [ok  ] cell: lambda weakly decreasing
    [ok  ] cell: |lambda| = n*delta — 24 vs 3*8
    [ok  ] cell: a recomputed (Weyl alternation) — recomputed 1, claimed 1
    [ok  ] basis vector 0: highest weight mod 2147483629
    [ok  ] basis: 1 independent vectors = a — rank 1, a = 1
    [ok  ] evaluation of the a = 1 highest-weight vectors at 9 recorded permanent_pencil points has rank a mod 2147483629 — rank 1
    [ok  ] conclusion: mult_permanent_pencil(lambda, delta) = a = 1 over Q (rank_p <= rank_Q <= a)
PASS        results/certs/b13_09/per7_9_6_2_2_2_2_1_d8_fullrank_p2147483647.json.gz  (7.8s)  cubic side: mult_per3((9, 6, 2, 2, 2, 2, 1), 8) = a = 1 mod 2147483647 in Sym^8(Sym^3 C^7) -- S_mu not in I(D_7^per3) (B13-09)
    [ok  ] cell: n in {3, 4} — n = 3
    [ok  ] cell: length(lambda) = r — lambda (9, 6, 2, 2, 2, 2, 1), r 7
    [ok  ] cell: lambda weakly decreasing
    [ok  ] cell: |lambda| = n*delta — 24 vs 3*8
    [ok  ] cell: a recomputed (Weyl alternation) — recomputed 1, claimed 1
    [ok  ] basis vector 0: highest weight mod 2147483647
    [ok  ] basis: 1 independent vectors = a — rank 1, a = 1
    [ok  ] evaluation of the a = 1 highest-weight vectors at 9 recorded permanent_pencil points has rank a mod 2147483647 — rank 1
    [ok  ] conclusion: mult_permanent_pencil(lambda, delta) = a = 1 over Q (rank_p <= rank_Q <= a)
PASS        results/certs/b13_09/per7_9_6_3_2_2_1_1_d8_fullrank_p2147483629.json.gz  (3.8s)  cubic side: mult_per3((9, 6, 3, 2, 2, 1, 1), 8) = a = 1 mod 2147483629 in Sym^8(Sym^3 C^7) -- S_mu not in I(D_7^per3) (B13-09)
    [ok  ] cell: n in {3, 4} — n = 3
    [ok  ] cell: length(lambda) = r — lambda (9, 6, 3, 2, 2, 1, 1), r 7
    [ok  ] cell: lambda weakly decreasing
    [ok  ] cell: |lambda| = n*delta — 24 vs 3*8
    [ok  ] cell: a recomputed (Weyl alternation) — recomputed 1, claimed 1
    [ok  ] basis vector 0: highest weight mod 2147483629
    [ok  ] basis: 1 independent vectors = a — rank 1, a = 1
    [ok  ] evaluation of the a = 1 highest-weight vectors at 9 recorded permanent_pencil points has rank a mod 2147483629 — rank 1
    [ok  ] conclusion: mult_permanent_pencil(lambda, delta) = a = 1 over Q (rank_p <= rank_Q <= a)
PASS        results/certs/b13_09/per7_9_6_3_2_2_1_1_d8_fullrank_p2147483647.json.gz  (4.0s)  cubic side: mult_per3((9, 6, 3, 2, 2, 1, 1), 8) = a = 1 mod 2147483647 in Sym^8(Sym^3 C^7) -- S_mu not in I(D_7^per3) (B13-09)
    [ok  ] cell: n in {3, 4} — n = 3
    [ok  ] cell: length(lambda) = r — lambda (9, 6, 3, 2, 2, 1, 1), r 7
    [ok  ] cell: lambda weakly decreasing
    [ok  ] cell: |lambda| = n*delta — 24 vs 3*8
    [ok  ] cell: a recomputed (Weyl alternation) — recomputed 1, claimed 1
    [ok  ] basis vector 0: highest weight mod 2147483647
    [ok  ] basis: 1 independent vectors = a — rank 1, a = 1
    [ok  ] evaluation of the a = 1 highest-weight vectors at 9 recorded permanent_pencil points has rank a mod 2147483647 — rank 1
    [ok  ] conclusion: mult_permanent_pencil(lambda, delta) = a = 1 over Q (rank_p <= rank_Q <= a)
PASS        results/certs/b13_09/per7_9_6_3_3_1_1_1_d8_fullrank_p2147483629.json.gz  (3.0s)  cubic side: mult_per3((9, 6, 3, 3, 1, 1, 1), 8) = a = 1 mod 2147483629 in Sym^8(Sym^3 C^7) -- S_mu not in I(D_7^per3) (B13-09)
    [ok  ] cell: n in {3, 4} — n = 3
    [ok  ] cell: length(lambda) = r — lambda (9, 6, 3, 3, 1, 1, 1), r 7
    [ok  ] cell: lambda weakly decreasing
    [ok  ] cell: |lambda| = n*delta — 24 vs 3*8
    [ok  ] cell: a recomputed (Weyl alternation) — recomputed 1, claimed 1
    [ok  ] basis vector 0: highest weight mod 2147483629
    [ok  ] basis: 1 independent vectors = a — rank 1, a = 1
    [ok  ] evaluation of the a = 1 highest-weight vectors at 9 recorded permanent_pencil points has rank a mod 2147483629 — rank 1
    [ok  ] conclusion: mult_permanent_pencil(lambda, delta) = a = 1 over Q (rank_p <= rank_Q <= a)
PASS        results/certs/b13_09/per7_9_6_3_3_1_1_1_d8_fullrank_p2147483647.json.gz  (3.0s)  cubic side: mult_per3((9, 6, 3, 3, 1, 1, 1), 8) = a = 1 mod 2147483647 in Sym^8(Sym^3 C^7) -- S_mu not in I(D_7^per3) (B13-09)
    [ok  ] cell: n in {3, 4} — n = 3
    [ok  ] cell: length(lambda) = r — lambda (9, 6, 3, 3, 1, 1, 1), r 7
    [ok  ] cell: lambda weakly decreasing
    [ok  ] cell: |lambda| = n*delta — 24 vs 3*8
    [ok  ] cell: a recomputed (Weyl alternation) — recomputed 1, claimed 1
    [ok  ] basis vector 0: highest weight mod 2147483647
    [ok  ] basis: 1 independent vectors = a — rank 1, a = 1
    [ok  ] evaluation of the a = 1 highest-weight vectors at 9 recorded permanent_pencil points has rank a mod 2147483647 — rank 1
    [ok  ] conclusion: mult_permanent_pencil(lambda, delta) = a = 1 over Q (rank_p <= rank_Q <= a)
PASS        results/certs/b13_09/per8_6_6_5_3_1_1_1_1_d8_fullrank_p2147483629.json.gz  (33.1s)  cubic side: mult_per3((6, 6, 5, 3, 1, 1, 1, 1), 8) = a = 1 mod 2147483629 in Sym^8(Sym^3 C^8) -- S_mu not in I(D_8^per3) (B13-09)
    [ok  ] cell: n in {3, 4} — n = 3
    [ok  ] cell: length(lambda) = r — lambda (6, 6, 5, 3, 1, 1, 1, 1), r 8
    [ok  ] cell: lambda weakly decreasing
    [ok  ] cell: |lambda| = n*delta — 24 vs 3*8
    [ok  ] cell: a recomputed (Weyl alternation) — recomputed 1, claimed 1
    [ok  ] basis vector 0: highest weight mod 2147483629
    [ok  ] basis: 1 independent vectors = a — rank 1, a = 1
    [ok  ] evaluation of the a = 1 highest-weight vectors at 9 recorded permanent_pencil points has rank a mod 2147483629 — rank 1
    [ok  ] conclusion: mult_permanent_pencil(lambda, delta) = a = 1 over Q (rank_p <= rank_Q <= a)
PASS        results/certs/b13_09/per8_6_6_5_3_1_1_1_1_d8_fullrank_p2147483647.json.gz  (34.3s)  cubic side: mult_per3((6, 6, 5, 3, 1, 1, 1, 1), 8) = a = 1 mod 2147483647 in Sym^8(Sym^3 C^8) -- S_mu not in I(D_8^per3) (B13-09)
    [ok  ] cell: n in {3, 4} — n = 3
    [ok  ] cell: length(lambda) = r — lambda (6, 6, 5, 3, 1, 1, 1, 1), r 8
    [ok  ] cell: lambda weakly decreasing
    [ok  ] cell: |lambda| = n*delta — 24 vs 3*8
    [ok  ] cell: a recomputed (Weyl alternation) — recomputed 1, claimed 1
    [ok  ] basis vector 0: highest weight mod 2147483647
    [ok  ] basis: 1 independent vectors = a — rank 1, a = 1
    [ok  ] evaluation of the a = 1 highest-weight vectors at 9 recorded permanent_pencil points has rank a mod 2147483647 — rank 1
    [ok  ] conclusion: mult_permanent_pencil(lambda, delta) = a = 1 over Q (rank_p <= rank_Q <= a)
PASS        results/certs/b13_09/per8_7_5_5_2_2_1_1_1_d8_fullrank_p2147483629.json.gz  (32.5s)  cubic side: mult_per3((7, 5, 5, 2, 2, 1, 1, 1), 8) = a = 1 mod 2147483629 in Sym^8(Sym^3 C^8) -- S_mu not in I(D_8^per3) (B13-09)
    [ok  ] cell: n in {3, 4} — n = 3
    [ok  ] cell: length(lambda) = r — lambda (7, 5, 5, 2, 2, 1, 1, 1), r 8
    [ok  ] cell: lambda weakly decreasing
    [ok  ] cell: |lambda| = n*delta — 24 vs 3*8
    [ok  ] cell: a recomputed (Weyl alternation) — recomputed 1, claimed 1
    [ok  ] basis vector 0: highest weight mod 2147483629
    [ok  ] basis: 1 independent vectors = a — rank 1, a = 1
    [ok  ] evaluation of the a = 1 highest-weight vectors at 9 recorded permanent_pencil points has rank a mod 2147483629 — rank 1
    [ok  ] conclusion: mult_permanent_pencil(lambda, delta) = a = 1 over Q (rank_p <= rank_Q <= a)
PASS        results/certs/b13_09/per8_7_5_5_2_2_1_1_1_d8_fullrank_p2147483647.json.gz  (33.5s)  cubic side: mult_per3((7, 5, 5, 2, 2, 1, 1, 1), 8) = a = 1 mod 2147483647 in Sym^8(Sym^3 C^8) -- S_mu not in I(D_8^per3) (B13-09)
    [ok  ] cell: n in {3, 4} — n = 3
    [ok  ] cell: length(lambda) = r — lambda (7, 5, 5, 2, 2, 1, 1, 1), r 8
    [ok  ] cell: lambda weakly decreasing
    [ok  ] cell: |lambda| = n*delta — 24 vs 3*8
    [ok  ] cell: a recomputed (Weyl alternation) — recomputed 1, claimed 1
    [ok  ] basis vector 0: highest weight mod 2147483647
    [ok  ] basis: 1 independent vectors = a — rank 1, a = 1
    [ok  ] evaluation of the a = 1 highest-weight vectors at 9 recorded permanent_pencil points has rank a mod 2147483647 — rank 1
    [ok  ] conclusion: mult_permanent_pencil(lambda, delta) = a = 1 over Q (rank_p <= rank_Q <= a)
PASS        results/certs/b13_09/per8_7_6_3_3_2_1_1_1_d8_fullrank_p2147483629.json.gz  (34.4s)  cubic side: mult_per3((7, 6, 3, 3, 2, 1, 1, 1), 8) = a = 1 mod 2147483629 in Sym^8(Sym^3 C^8) -- S_mu not in I(D_8^per3) (B13-09)
    [ok  ] cell: n in {3, 4} — n = 3
    [ok  ] cell: length(lambda) = r — lambda (7, 6, 3, 3, 2, 1, 1, 1), r 8
    [ok  ] cell: lambda weakly decreasing
    [ok  ] cell: |lambda| = n*delta — 24 vs 3*8
    [ok  ] cell: a recomputed (Weyl alternation) — recomputed 1, claimed 1
    [ok  ] basis vector 0: highest weight mod 2147483629
    [ok  ] basis: 1 independent vectors = a — rank 1, a = 1
    [ok  ] evaluation of the a = 1 highest-weight vectors at 9 recorded permanent_pencil points has rank a mod 2147483629 — rank 1
    [ok  ] conclusion: mult_permanent_pencil(lambda, delta) = a = 1 over Q (rank_p <= rank_Q <= a)
PASS        results/certs/b13_09/per8_7_6_3_3_2_1_1_1_d8_fullrank_p2147483647.json.gz  (34.0s)  cubic side: mult_per3((7, 6, 3, 3, 2, 1, 1, 1), 8) = a = 1 mod 2147483647 in Sym^8(Sym^3 C^8) -- S_mu not in I(D_8^per3) (B13-09)
    [ok  ] cell: n in {3, 4} — n = 3
    [ok  ] cell: length(lambda) = r — lambda (7, 6, 3, 3, 2, 1, 1, 1), r 8
    [ok  ] cell: lambda weakly decreasing
    [ok  ] cell: |lambda| = n*delta — 24 vs 3*8
    [ok  ] cell: a recomputed (Weyl alternation) — recomputed 1, claimed 1
    [ok  ] basis vector 0: highest weight mod 2147483647
    [ok  ] basis: 1 independent vectors = a — rank 1, a = 1
    [ok  ] evaluation of the a = 1 highest-weight vectors at 9 recorded permanent_pencil points has rank a mod 2147483647 — rank 1
    [ok  ] conclusion: mult_permanent_pencil(lambda, delta) = a = 1 over Q (rank_p <= rank_Q <= a)
PASS        results/certs/b13_09/per8_8_5_3_2_2_2_1_1_d8_fullrank_p2147483629.json.gz  (38.1s)  cubic side: mult_per3((8, 5, 3, 2, 2, 2, 1, 1), 8) = a = 1 mod 2147483629 in Sym^8(Sym^3 C^8) -- S_mu not in I(D_8^per3) (B13-09)
    [ok  ] cell: n in {3, 4} — n = 3
    [ok  ] cell: length(lambda) = r — lambda (8, 5, 3, 2, 2, 2, 1, 1), r 8
    [ok  ] cell: lambda weakly decreasing
    [ok  ] cell: |lambda| = n*delta — 24 vs 3*8
    [ok  ] cell: a recomputed (Weyl alternation) — recomputed 1, claimed 1
    [ok  ] basis vector 0: highest weight mod 2147483629
    [ok  ] basis: 1 independent vectors = a — rank 1, a = 1
    [ok  ] evaluation of the a = 1 highest-weight vectors at 9 recorded permanent_pencil points has rank a mod 2147483629 — rank 1
    [ok  ] conclusion: mult_permanent_pencil(lambda, delta) = a = 1 over Q (rank_p <= rank_Q <= a)
PASS        results/certs/b13_09/per8_8_5_3_2_2_2_1_1_d8_fullrank_p2147483647.json.gz  (45.1s)  cubic side: mult_per3((8, 5, 3, 2, 2, 2, 1, 1), 8) = a = 1 mod 2147483647 in Sym^8(Sym^3 C^8) -- S_mu not in I(D_8^per3) (B13-09)
    [ok  ] cell: n in {3, 4} — n = 3
    [ok  ] cell: length(lambda) = r — lambda (8, 5, 3, 2, 2, 2, 1, 1), r 8
    [ok  ] cell: lambda weakly decreasing
    [ok  ] cell: |lambda| = n*delta — 24 vs 3*8
    [ok  ] cell: a recomputed (Weyl alternation) — recomputed 1, claimed 1
    [ok  ] basis vector 0: highest weight mod 2147483647
    [ok  ] basis: 1 independent vectors = a — rank 1, a = 1
    [ok  ] evaluation of the a = 1 highest-weight vectors at 9 recorded permanent_pencil points has rank a mod 2147483647 — rank 1
    [ok  ] conclusion: mult_permanent_pencil(lambda, delta) = a = 1 over Q (rank_p <= rank_Q <= a)
PASS 127, RECORDED 0, FAIL 0, UNPARSEABLE 0, ERROR 0
