PASS        results/certs/b13_09/per7_10_4_2_2_2_2_2_d8_fullrank_p2147483629.json.gz  (4.9s)  cubic side: mult_per3((10, 4, 2, 2, 2, 2, 2), 8) = a = 1 mod 2147483629 in Sym^8(Sym^3 C^7) -- S_mu not in I(D_7^per3) (B13-09)
    [ok  ] cell: n in {3, 4} — n = 3
    [ok  ] cell: length(lambda) = r — lambda (10, 4, 2, 2, 2, 2, 2), r 7
    [ok  ] cell: lambda weakly decreasing
    [ok  ] cell: |lambda| = n*delta — 24 vs 3*8
    [ok  ] cell: a recomputed (Weyl alternation) — recomputed 1, claimed 1
    [ok  ] basis vector 0: highest weight mod 2147483629
    [ok  ] basis: 1 independent vectors = a — rank 1, a = 1
    [ok  ] evaluation of the a = 1 highest-weight vectors at 9 recorded permanent_pencil points has rank a mod 2147483629 — rank 1
    [ok  ] conclusion: mult_permanent_pencil(lambda, delta) = a = 1 over Q (rank_p <= rank_Q <= a)
PASS        results/certs/b13_09/per7_10_4_2_2_2_2_2_d8_fullrank_p2147483647.json.gz  (4.9s)  cubic side: mult_per3((10, 4, 2, 2, 2, 2, 2), 8) = a = 1 mod 2147483647 in Sym^8(Sym^3 C^7) -- S_mu not in I(D_7^per3) (B13-09)
    [ok  ] cell: n in {3, 4} — n = 3
    [ok  ] cell: length(lambda) = r — lambda (10, 4, 2, 2, 2, 2, 2), r 7
    [ok  ] cell: lambda weakly decreasing
    [ok  ] cell: |lambda| = n*delta — 24 vs 3*8
    [ok  ] cell: a recomputed (Weyl alternation) — recomputed 1, claimed 1
    [ok  ] basis vector 0: highest weight mod 2147483647
    [ok  ] basis: 1 independent vectors = a — rank 1, a = 1
    [ok  ] evaluation of the a = 1 highest-weight vectors at 9 recorded permanent_pencil points has rank a mod 2147483647 — rank 1
    [ok  ] conclusion: mult_permanent_pencil(lambda, delta) = a = 1 over Q (rank_p <= rank_Q <= a)
PASS        results/certs/b13_09/per7_10_4_3_2_2_2_1_d8_fullrank_p2147483629.json.gz  (3.3s)  cubic side: mult_per3((10, 4, 3, 2, 2, 2, 1), 8) = a = 1 mod 2147483629 in Sym^8(Sym^3 C^7) -- S_mu not in I(D_7^per3) (B13-09)
    [ok  ] cell: n in {3, 4} — n = 3
    [ok  ] cell: length(lambda) = r — lambda (10, 4, 3, 2, 2, 2, 1), r 7
    [ok  ] cell: lambda weakly decreasing
    [ok  ] cell: |lambda| = n*delta — 24 vs 3*8
    [ok  ] cell: a recomputed (Weyl alternation) — recomputed 1, claimed 1
    [ok  ] basis vector 0: highest weight mod 2147483629
    [ok  ] basis: 1 independent vectors = a — rank 1, a = 1
    [ok  ] evaluation of the a = 1 highest-weight vectors at 9 recorded permanent_pencil points has rank a mod 2147483629 — rank 1
    [ok  ] conclusion: mult_permanent_pencil(lambda, delta) = a = 1 over Q (rank_p <= rank_Q <= a)
PASS        results/certs/b13_09/per7_10_4_3_2_2_2_1_d8_fullrank_p2147483647.json.gz  (3.1s)  cubic side: mult_per3((10, 4, 3, 2, 2, 2, 1), 8) = a = 1 mod 2147483647 in Sym^8(Sym^3 C^7) -- S_mu not in I(D_7^per3) (B13-09)
    [ok  ] cell: n in {3, 4} — n = 3
    [ok  ] cell: length(lambda) = r — lambda (10, 4, 3, 2, 2, 2, 1), r 7
    [ok  ] cell: lambda weakly decreasing
    [ok  ] cell: |lambda| = n*delta — 24 vs 3*8
    [ok  ] cell: a recomputed (Weyl alternation) — recomputed 1, claimed 1
    [ok  ] basis vector 0: highest weight mod 2147483647
    [ok  ] basis: 1 independent vectors = a — rank 1, a = 1
    [ok  ] evaluation of the a = 1 highest-weight vectors at 9 recorded permanent_pencil points has rank a mod 2147483647 — rank 1
    [ok  ] conclusion: mult_permanent_pencil(lambda, delta) = a = 1 over Q (rank_p <= rank_Q <= a)
PASS        results/certs/b13_09/per7_10_5_2_2_2_2_1_d8_fullrank_p2147483629.json.gz  (2.0s)  cubic side: mult_per3((10, 5, 2, 2, 2, 2, 1), 8) = a = 1 mod 2147483629 in Sym^8(Sym^3 C^7) -- S_mu not in I(D_7^per3) (B13-09)
    [ok  ] cell: n in {3, 4} — n = 3
    [ok  ] cell: length(lambda) = r — lambda (10, 5, 2, 2, 2, 2, 1), r 7
    [ok  ] cell: lambda weakly decreasing
    [ok  ] cell: |lambda| = n*delta — 24 vs 3*8
    [ok  ] cell: a recomputed (Weyl alternation) — recomputed 1, claimed 1
    [ok  ] basis vector 0: highest weight mod 2147483629
    [ok  ] basis: 1 independent vectors = a — rank 1, a = 1
    [ok  ] evaluation of the a = 1 highest-weight vectors at 9 recorded permanent_pencil points has rank a mod 2147483629 — rank 1
    [ok  ] conclusion: mult_permanent_pencil(lambda, delta) = a = 1 over Q (rank_p <= rank_Q <= a)
PASS        results/certs/b13_09/per7_10_5_2_2_2_2_1_d8_fullrank_p2147483647.json.gz  (2.0s)  cubic side: mult_per3((10, 5, 2, 2, 2, 2, 1), 8) = a = 1 mod 2147483647 in Sym^8(Sym^3 C^7) -- S_mu not in I(D_7^per3) (B13-09)
    [ok  ] cell: n in {3, 4} — n = 3
    [ok  ] cell: length(lambda) = r — lambda (10, 5, 2, 2, 2, 2, 1), r 7
    [ok  ] cell: lambda weakly decreasing
    [ok  ] cell: |lambda| = n*delta — 24 vs 3*8
    [ok  ] cell: a recomputed (Weyl alternation) — recomputed 1, claimed 1
    [ok  ] basis vector 0: highest weight mod 2147483647
    [ok  ] basis: 1 independent vectors = a — rank 1, a = 1
    [ok  ] evaluation of the a = 1 highest-weight vectors at 9 recorded permanent_pencil points has rank a mod 2147483647 — rank 1
    [ok  ] conclusion: mult_permanent_pencil(lambda, delta) = a = 1 over Q (rank_p <= rank_Q <= a)
PASS        results/certs/b13_09/per7_10_5_3_2_2_1_1_d8_fullrank_p2147483629.json.gz  (1.4s)  cubic side: mult_per3((10, 5, 3, 2, 2, 1, 1), 8) = a = 1 mod 2147483629 in Sym^8(Sym^3 C^7) -- S_mu not in I(D_7^per3) (B13-09)
    [ok  ] cell: n in {3, 4} — n = 3
    [ok  ] cell: length(lambda) = r — lambda (10, 5, 3, 2, 2, 1, 1), r 7
    [ok  ] cell: lambda weakly decreasing
    [ok  ] cell: |lambda| = n*delta — 24 vs 3*8
    [ok  ] cell: a recomputed (Weyl alternation) — recomputed 1, claimed 1
    [ok  ] basis vector 0: highest weight mod 2147483629
    [ok  ] basis: 1 independent vectors = a — rank 1, a = 1
    [ok  ] evaluation of the a = 1 highest-weight vectors at 9 recorded permanent_pencil points has rank a mod 2147483629 — rank 1
    [ok  ] conclusion: mult_permanent_pencil(lambda, delta) = a = 1 over Q (rank_p <= rank_Q <= a)
PASS        results/certs/b13_09/per7_10_5_3_2_2_1_1_d8_fullrank_p2147483647.json.gz  (1.4s)  cubic side: mult_per3((10, 5, 3, 2, 2, 1, 1), 8) = a = 1 mod 2147483647 in Sym^8(Sym^3 C^7) -- S_mu not in I(D_7^per3) (B13-09)
    [ok  ] cell: n in {3, 4} — n = 3
    [ok  ] cell: length(lambda) = r — lambda (10, 5, 3, 2, 2, 1, 1), r 7
    [ok  ] cell: lambda weakly decreasing
    [ok  ] cell: |lambda| = n*delta — 24 vs 3*8
    [ok  ] cell: a recomputed (Weyl alternation) — recomputed 1, claimed 1
    [ok  ] basis vector 0: highest weight mod 2147483647
    [ok  ] basis: 1 independent vectors = a — rank 1, a = 1
    [ok  ] evaluation of the a = 1 highest-weight vectors at 9 recorded permanent_pencil points has rank a mod 2147483647 — rank 1
    [ok  ] conclusion: mult_permanent_pencil(lambda, delta) = a = 1 over Q (rank_p <= rank_Q <= a)
PASS        results/certs/b13_09/per7_10_5_4_3_3_1_1_d9_fullrank_p2147483629.json.gz  (37.5s)  cubic side: mult_per3((10, 5, 4, 3, 3, 1, 1), 9) = a = 1 mod 2147483629 in Sym^9(Sym^3 C^7) -- S_mu not in I(D_7^per3) (B13-09)
    [ok  ] cell: n in {3, 4} — n = 3
    [ok  ] cell: length(lambda) = r — lambda (10, 5, 4, 3, 3, 1, 1), r 7
    [ok  ] cell: lambda weakly decreasing
    [ok  ] cell: |lambda| = n*delta — 27 vs 3*9
    [ok  ] cell: a recomputed (Weyl alternation) — recomputed 1, claimed 1
    [ok  ] basis vector 0: highest weight mod 2147483629
    [ok  ] basis: 1 independent vectors = a — rank 1, a = 1
    [ok  ] evaluation of the a = 1 highest-weight vectors at 9 recorded permanent_pencil points has rank a mod 2147483629 — rank 1
    [ok  ] conclusion: mult_permanent_pencil(lambda, delta) = a = 1 over Q (rank_p <= rank_Q <= a)
PASS        results/certs/b13_09/per7_10_5_4_3_3_1_1_d9_fullrank_p2147483647.json.gz  (34.6s)  cubic side: mult_per3((10, 5, 4, 3, 3, 1, 1), 9) = a = 1 mod 2147483647 in Sym^9(Sym^3 C^7) -- S_mu not in I(D_7^per3) (B13-09)
    [ok  ] cell: n in {3, 4} — n = 3
    [ok  ] cell: length(lambda) = r — lambda (10, 5, 4, 3, 3, 1, 1), r 7
    [ok  ] cell: lambda weakly decreasing
    [ok  ] cell: |lambda| = n*delta — 27 vs 3*9
    [ok  ] cell: a recomputed (Weyl alternation) — recomputed 1, claimed 1
    [ok  ] basis vector 0: highest weight mod 2147483647
    [ok  ] basis: 1 independent vectors = a — rank 1, a = 1
    [ok  ] evaluation of the a = 1 highest-weight vectors at 9 recorded permanent_pencil points has rank a mod 2147483647 — rank 1
    [ok  ] conclusion: mult_permanent_pencil(lambda, delta) = a = 1 over Q (rank_p <= rank_Q <= a)
PASS        results/certs/b13_09/per7_10_5_4_4_2_1_1_d9_fullrank_p2147483629.json.gz  (24.5s)  cubic side: mult_per3((10, 5, 4, 4, 2, 1, 1), 9) = a = 1 mod 2147483629 in Sym^9(Sym^3 C^7) -- S_mu not in I(D_7^per3) (B13-09)
    [ok  ] cell: n in {3, 4} — n = 3
    [ok  ] cell: length(lambda) = r — lambda (10, 5, 4, 4, 2, 1, 1), r 7
    [ok  ] cell: lambda weakly decreasing
    [ok  ] cell: |lambda| = n*delta — 27 vs 3*9
    [ok  ] cell: a recomputed (Weyl alternation) — recomputed 1, claimed 1
    [ok  ] basis vector 0: highest weight mod 2147483629
    [ok  ] basis: 1 independent vectors = a — rank 1, a = 1
    [ok  ] evaluation of the a = 1 highest-weight vectors at 9 recorded permanent_pencil points has rank a mod 2147483629 — rank 1
    [ok  ] conclusion: mult_permanent_pencil(lambda, delta) = a = 1 over Q (rank_p <= rank_Q <= a)
PASS        results/certs/b13_09/per7_10_5_4_4_2_1_1_d9_fullrank_p2147483647.json.gz  (26.1s)  cubic side: mult_per3((10, 5, 4, 4, 2, 1, 1), 9) = a = 1 mod 2147483647 in Sym^9(Sym^3 C^7) -- S_mu not in I(D_7^per3) (B13-09)
    [ok  ] cell: n in {3, 4} — n = 3
    [ok  ] cell: length(lambda) = r — lambda (10, 5, 4, 4, 2, 1, 1), r 7
    [ok  ] cell: lambda weakly decreasing
    [ok  ] cell: |lambda| = n*delta — 27 vs 3*9
    [ok  ] cell: a recomputed (Weyl alternation) — recomputed 1, claimed 1
    [ok  ] basis vector 0: highest weight mod 2147483647
    [ok  ] basis: 1 independent vectors = a — rank 1, a = 1
    [ok  ] evaluation of the a = 1 highest-weight vectors at 9 recorded permanent_pencil points has rank a mod 2147483647 — rank 1
    [ok  ] conclusion: mult_permanent_pencil(lambda, delta) = a = 1 over Q (rank_p <= rank_Q <= a)
PASS        results/certs/b13_09/per7_10_5_5_2_2_2_1_d9_fullrank_p2147483629.json.gz  (30.8s)  cubic side: mult_per3((10, 5, 5, 2, 2, 2, 1), 9) = a = 1 mod 2147483629 in Sym^9(Sym^3 C^7) -- S_mu not in I(D_7^per3) (B13-09)
    [ok  ] cell: n in {3, 4} — n = 3
    [ok  ] cell: length(lambda) = r — lambda (10, 5, 5, 2, 2, 2, 1), r 7
    [ok  ] cell: lambda weakly decreasing
    [ok  ] cell: |lambda| = n*delta — 27 vs 3*9
    [ok  ] cell: a recomputed (Weyl alternation) — recomputed 1, claimed 1
    [ok  ] basis vector 0: highest weight mod 2147483629
    [ok  ] basis: 1 independent vectors = a — rank 1, a = 1
    [ok  ] evaluation of the a = 1 highest-weight vectors at 9 recorded permanent_pencil points has rank a mod 2147483629 — rank 1
    [ok  ] conclusion: mult_permanent_pencil(lambda, delta) = a = 1 over Q (rank_p <= rank_Q <= a)
PASS        results/certs/b13_09/per7_10_5_5_2_2_2_1_d9_fullrank_p2147483647.json.gz  (32.1s)  cubic side: mult_per3((10, 5, 5, 2, 2, 2, 1), 9) = a = 1 mod 2147483647 in Sym^9(Sym^3 C^7) -- S_mu not in I(D_7^per3) (B13-09)
    [ok  ] cell: n in {3, 4} — n = 3
    [ok  ] cell: length(lambda) = r — lambda (10, 5, 5, 2, 2, 2, 1), r 7
    [ok  ] cell: lambda weakly decreasing
    [ok  ] cell: |lambda| = n*delta — 27 vs 3*9
    [ok  ] cell: a recomputed (Weyl alternation) — recomputed 1, claimed 1
    [ok  ] basis vector 0: highest weight mod 2147483647
    [ok  ] basis: 1 independent vectors = a — rank 1, a = 1
    [ok  ] evaluation of the a = 1 highest-weight vectors at 9 recorded permanent_pencil points has rank a mod 2147483647 — rank 1
    [ok  ] conclusion: mult_permanent_pencil(lambda, delta) = a = 1 over Q (rank_p <= rank_Q <= a)
PASS        results/certs/b13_09/per7_10_5_5_4_1_1_1_d9_fullrank_p2147483629.json.gz  (17.0s)  cubic side: mult_per3((10, 5, 5, 4, 1, 1, 1), 9) = a = 2 mod 2147483629 in Sym^9(Sym^3 C^7) -- S_mu not in I(D_7^per3) (B13-09)
    [ok  ] cell: n in {3, 4} — n = 3
    [ok  ] cell: length(lambda) = r — lambda (10, 5, 5, 4, 1, 1, 1), r 7
    [ok  ] cell: lambda weakly decreasing
    [ok  ] cell: |lambda| = n*delta — 27 vs 3*9
    [ok  ] cell: a recomputed (Weyl alternation) — recomputed 2, claimed 2
    [ok  ] basis vector 0: highest weight mod 2147483629
    [ok  ] basis vector 1: highest weight mod 2147483629
    [ok  ] basis: 2 independent vectors = a — rank 2, a = 2
    [ok  ] evaluation of the a = 2 highest-weight vectors at 10 recorded permanent_pencil points has rank a mod 2147483629 — rank 2
    [ok  ] conclusion: mult_permanent_pencil(lambda, delta) = a = 2 over Q (rank_p <= rank_Q <= a)
PASS        results/certs/b13_09/per7_10_5_5_4_1_1_1_d9_fullrank_p2147483647.json.gz  (16.8s)  cubic side: mult_per3((10, 5, 5, 4, 1, 1, 1), 9) = a = 2 mod 2147483647 in Sym^9(Sym^3 C^7) -- S_mu not in I(D_7^per3) (B13-09)
    [ok  ] cell: n in {3, 4} — n = 3
    [ok  ] cell: length(lambda) = r — lambda (10, 5, 5, 4, 1, 1, 1), r 7
    [ok  ] cell: lambda weakly decreasing
    [ok  ] cell: |lambda| = n*delta — 27 vs 3*9
    [ok  ] cell: a recomputed (Weyl alternation) — recomputed 2, claimed 2
    [ok  ] basis vector 0: highest weight mod 2147483647
    [ok  ] basis vector 1: highest weight mod 2147483647
    [ok  ] basis: 2 independent vectors = a — rank 2, a = 2
    [ok  ] evaluation of the a = 2 highest-weight vectors at 10 recorded permanent_pencil points has rank a mod 2147483647 — rank 2
    [ok  ] conclusion: mult_permanent_pencil(lambda, delta) = a = 2 over Q (rank_p <= rank_Q <= a)
PASS        results/certs/b13_09/per7_10_6_3_3_2_2_1_d9_fullrank_p2147483629.json.gz  (32.0s)  cubic side: mult_per3((10, 6, 3, 3, 2, 2, 1), 9) = a = 1 mod 2147483629 in Sym^9(Sym^3 C^7) -- S_mu not in I(D_7^per3) (B13-09)
    [ok  ] cell: n in {3, 4} — n = 3
    [ok  ] cell: length(lambda) = r — lambda (10, 6, 3, 3, 2, 2, 1), r 7
    [ok  ] cell: lambda weakly decreasing
    [ok  ] cell: |lambda| = n*delta — 27 vs 3*9
    [ok  ] cell: a recomputed (Weyl alternation) — recomputed 1, claimed 1
    [ok  ] basis vector 0: highest weight mod 2147483629
    [ok  ] basis: 1 independent vectors = a — rank 1, a = 1
    [ok  ] evaluation of the a = 1 highest-weight vectors at 9 recorded permanent_pencil points has rank a mod 2147483629 — rank 1
    [ok  ] conclusion: mult_permanent_pencil(lambda, delta) = a = 1 over Q (rank_p <= rank_Q <= a)
PASS        results/certs/b13_09/per7_10_6_3_3_2_2_1_d9_fullrank_p2147483647.json.gz  (30.9s)  cubic side: mult_per3((10, 6, 3, 3, 2, 2, 1), 9) = a = 1 mod 2147483647 in Sym^9(Sym^3 C^7) -- S_mu not in I(D_7^per3) (B13-09)
    [ok  ] cell: n in {3, 4} — n = 3
    [ok  ] cell: length(lambda) = r — lambda (10, 6, 3, 3, 2, 2, 1), r 7
    [ok  ] cell: lambda weakly decreasing
    [ok  ] cell: |lambda| = n*delta — 27 vs 3*9
    [ok  ] cell: a recomputed (Weyl alternation) — recomputed 1, claimed 1
    [ok  ] basis vector 0: highest weight mod 2147483647
    [ok  ] basis: 1 independent vectors = a — rank 1, a = 1
    [ok  ] evaluation of the a = 1 highest-weight vectors at 9 recorded permanent_pencil points has rank a mod 2147483647 — rank 1
    [ok  ] conclusion: mult_permanent_pencil(lambda, delta) = a = 1 over Q (rank_p <= rank_Q <= a)
PASS        results/certs/b13_09/per7_10_6_3_3_3_1_1_d9_fullrank_p2147483629.json.gz  (15.8s)  cubic side: mult_per3((10, 6, 3, 3, 3, 1, 1), 9) = a = 1 mod 2147483629 in Sym^9(Sym^3 C^7) -- S_mu not in I(D_7^per3) (B13-09)
    [ok  ] cell: n in {3, 4} — n = 3
    [ok  ] cell: length(lambda) = r — lambda (10, 6, 3, 3, 3, 1, 1), r 7
    [ok  ] cell: lambda weakly decreasing
    [ok  ] cell: |lambda| = n*delta — 27 vs 3*9
    [ok  ] cell: a recomputed (Weyl alternation) — recomputed 1, claimed 1
    [ok  ] basis vector 0: highest weight mod 2147483629
    [ok  ] basis: 1 independent vectors = a — rank 1, a = 1
    [ok  ] evaluation of the a = 1 highest-weight vectors at 9 recorded permanent_pencil points has rank a mod 2147483629 — rank 1
    [ok  ] conclusion: mult_permanent_pencil(lambda, delta) = a = 1 over Q (rank_p <= rank_Q <= a)
PASS        results/certs/b13_09/per7_10_6_3_3_3_1_1_d9_fullrank_p2147483647.json.gz  (17.0s)  cubic side: mult_per3((10, 6, 3, 3, 3, 1, 1), 9) = a = 1 mod 2147483647 in Sym^9(Sym^3 C^7) -- S_mu not in I(D_7^per3) (B13-09)
    [ok  ] cell: n in {3, 4} — n = 3
    [ok  ] cell: length(lambda) = r — lambda (10, 6, 3, 3, 3, 1, 1), r 7
    [ok  ] cell: lambda weakly decreasing
    [ok  ] cell: |lambda| = n*delta — 27 vs 3*9
    [ok  ] cell: a recomputed (Weyl alternation) — recomputed 1, claimed 1
    [ok  ] basis vector 0: highest weight mod 2147483647
    [ok  ] basis: 1 independent vectors = a — rank 1, a = 1
    [ok  ] evaluation of the a = 1 highest-weight vectors at 9 recorded permanent_pencil points has rank a mod 2147483647 — rank 1
    [ok  ] conclusion: mult_permanent_pencil(lambda, delta) = a = 1 over Q (rank_p <= rank_Q <= a)
PASS        results/certs/b13_09/per7_10_6_5_2_2_1_1_d9_fullrank_p2147483629.json.gz  (26.4s)  cubic side: mult_per3((10, 6, 5, 2, 2, 1, 1), 9) = a = 3 mod 2147483629 in Sym^9(Sym^3 C^7) -- S_mu not in I(D_7^per3) (B13-09)
    [ok  ] cell: n in {3, 4} — n = 3
    [ok  ] cell: length(lambda) = r — lambda (10, 6, 5, 2, 2, 1, 1), r 7
    [ok  ] cell: lambda weakly decreasing
    [ok  ] cell: |lambda| = n*delta — 27 vs 3*9
    [ok  ] cell: a recomputed (Weyl alternation) — recomputed 3, claimed 3
    [ok  ] basis vector 0: highest weight mod 2147483629
    [ok  ] basis vector 1: highest weight mod 2147483629
    [ok  ] basis vector 2: highest weight mod 2147483629
    [ok  ] basis: 3 independent vectors = a — rank 3, a = 3
    [ok  ] evaluation of the a = 3 highest-weight vectors at 11 recorded permanent_pencil points has rank a mod 2147483629 — rank 3
    [ok  ] conclusion: mult_permanent_pencil(lambda, delta) = a = 3 over Q (rank_p <= rank_Q <= a)
PASS        results/certs/b13_09/per7_10_6_5_2_2_1_1_d9_fullrank_p2147483647.json.gz  (25.2s)  cubic side: mult_per3((10, 6, 5, 2, 2, 1, 1), 9) = a = 3 mod 2147483647 in Sym^9(Sym^3 C^7) -- S_mu not in I(D_7^per3) (B13-09)
    [ok  ] cell: n in {3, 4} — n = 3
    [ok  ] cell: length(lambda) = r — lambda (10, 6, 5, 2, 2, 1, 1), r 7
    [ok  ] cell: lambda weakly decreasing
    [ok  ] cell: |lambda| = n*delta — 27 vs 3*9
    [ok  ] cell: a recomputed (Weyl alternation) — recomputed 3, claimed 3
    [ok  ] basis vector 0: highest weight mod 2147483647
    [ok  ] basis vector 1: highest weight mod 2147483647
    [ok  ] basis vector 2: highest weight mod 2147483647
    [ok  ] basis: 3 independent vectors = a — rank 3, a = 3
    [ok  ] evaluation of the a = 3 highest-weight vectors at 11 recorded permanent_pencil points has rank a mod 2147483647 — rank 3
    [ok  ] conclusion: mult_permanent_pencil(lambda, delta) = a = 3 over Q (rank_p <= rank_Q <= a)
PASS        results/certs/b13_09/per7_10_6_5_3_1_1_1_d9_fullrank_p2147483629.json.gz  (10.9s)  cubic side: mult_per3((10, 6, 5, 3, 1, 1, 1), 9) = a = 3 mod 2147483629 in Sym^9(Sym^3 C^7) -- S_mu not in I(D_7^per3) (B13-09)
    [ok  ] cell: n in {3, 4} — n = 3
    [ok  ] cell: length(lambda) = r — lambda (10, 6, 5, 3, 1, 1, 1), r 7
    [ok  ] cell: lambda weakly decreasing
    [ok  ] cell: |lambda| = n*delta — 27 vs 3*9
    [ok  ] cell: a recomputed (Weyl alternation) — recomputed 3, claimed 3
    [ok  ] basis vector 0: highest weight mod 2147483629
    [ok  ] basis vector 1: highest weight mod 2147483629
    [ok  ] basis vector 2: highest weight mod 2147483629
    [ok  ] basis: 3 independent vectors = a — rank 3, a = 3
    [ok  ] evaluation of the a = 3 highest-weight vectors at 11 recorded permanent_pencil points has rank a mod 2147483629 — rank 3
    [ok  ] conclusion: mult_permanent_pencil(lambda, delta) = a = 3 over Q (rank_p <= rank_Q <= a)
PASS        results/certs/b13_09/per7_10_6_5_3_1_1_1_d9_fullrank_p2147483647.json.gz  (10.9s)  cubic side: mult_per3((10, 6, 5, 3, 1, 1, 1), 9) = a = 3 mod 2147483647 in Sym^9(Sym^3 C^7) -- S_mu not in I(D_7^per3) (B13-09)
    [ok  ] cell: n in {3, 4} — n = 3
    [ok  ] cell: length(lambda) = r — lambda (10, 6, 5, 3, 1, 1, 1), r 7
    [ok  ] cell: lambda weakly decreasing
    [ok  ] cell: |lambda| = n*delta — 27 vs 3*9
    [ok  ] cell: a recomputed (Weyl alternation) — recomputed 3, claimed 3
    [ok  ] basis vector 0: highest weight mod 2147483647
    [ok  ] basis vector 1: highest weight mod 2147483647
    [ok  ] basis vector 2: highest weight mod 2147483647
    [ok  ] basis: 3 independent vectors = a — rank 3, a = 3
    [ok  ] evaluation of the a = 3 highest-weight vectors at 11 recorded permanent_pencil points has rank a mod 2147483647 — rank 3
    [ok  ] conclusion: mult_permanent_pencil(lambda, delta) = a = 3 over Q (rank_p <= rank_Q <= a)
PASS        results/certs/b13_09/per7_10_7_3_3_2_1_1_d9_fullrank_p2147483629.json.gz  (12.4s)  cubic side: mult_per3((10, 7, 3, 3, 2, 1, 1), 9) = a = 2 mod 2147483629 in Sym^9(Sym^3 C^7) -- S_mu not in I(D_7^per3) (B13-09)
    [ok  ] cell: n in {3, 4} — n = 3
    [ok  ] cell: length(lambda) = r — lambda (10, 7, 3, 3, 2, 1, 1), r 7
    [ok  ] cell: lambda weakly decreasing
    [ok  ] cell: |lambda| = n*delta — 27 vs 3*9
    [ok  ] cell: a recomputed (Weyl alternation) — recomputed 2, claimed 2
    [ok  ] basis vector 0: highest weight mod 2147483629
    [ok  ] basis vector 1: highest weight mod 2147483629
    [ok  ] basis: 2 independent vectors = a — rank 2, a = 2
    [ok  ] evaluation of the a = 2 highest-weight vectors at 10 recorded permanent_pencil points has rank a mod 2147483629 — rank 2
    [ok  ] conclusion: mult_permanent_pencil(lambda, delta) = a = 2 over Q (rank_p <= rank_Q <= a)
PASS        results/certs/b13_09/per7_10_7_3_3_2_1_1_d9_fullrank_p2147483647.json.gz  (11.7s)  cubic side: mult_per3((10, 7, 3, 3, 2, 1, 1), 9) = a = 2 mod 2147483647 in Sym^9(Sym^3 C^7) -- S_mu not in I(D_7^per3) (B13-09)
    [ok  ] cell: n in {3, 4} — n = 3
    [ok  ] cell: length(lambda) = r — lambda (10, 7, 3, 3, 2, 1, 1), r 7
    [ok  ] cell: lambda weakly decreasing
    [ok  ] cell: |lambda| = n*delta — 27 vs 3*9
    [ok  ] cell: a recomputed (Weyl alternation) — recomputed 2, claimed 2
    [ok  ] basis vector 0: highest weight mod 2147483647
    [ok  ] basis vector 1: highest weight mod 2147483647
    [ok  ] basis: 2 independent vectors = a — rank 2, a = 2
    [ok  ] evaluation of the a = 2 highest-weight vectors at 10 recorded permanent_pencil points has rank a mod 2147483647 — rank 2
    [ok  ] conclusion: mult_permanent_pencil(lambda, delta) = a = 2 over Q (rank_p <= rank_Q <= a)
PASS        results/certs/b13_09/per7_10_7_4_2_2_1_1_d9_fullrank_p2147483629.json.gz  (15.7s)  cubic side: mult_per3((10, 7, 4, 2, 2, 1, 1), 9) = a = 3 mod 2147483629 in Sym^9(Sym^3 C^7) -- S_mu not in I(D_7^per3) (B13-09)
    [ok  ] cell: n in {3, 4} — n = 3
    [ok  ] cell: length(lambda) = r — lambda (10, 7, 4, 2, 2, 1, 1), r 7
    [ok  ] cell: lambda weakly decreasing
    [ok  ] cell: |lambda| = n*delta — 27 vs 3*9
    [ok  ] cell: a recomputed (Weyl alternation) — recomputed 3, claimed 3
    [ok  ] basis vector 0: highest weight mod 2147483629
    [ok  ] basis vector 1: highest weight mod 2147483629
    [ok  ] basis vector 2: highest weight mod 2147483629
    [ok  ] basis: 3 independent vectors = a — rank 3, a = 3
    [ok  ] evaluation of the a = 3 highest-weight vectors at 11 recorded permanent_pencil points has rank a mod 2147483629 — rank 3
    [ok  ] conclusion: mult_permanent_pencil(lambda, delta) = a = 3 over Q (rank_p <= rank_Q <= a)
PASS        results/certs/b13_09/per7_10_7_4_2_2_1_1_d9_fullrank_p2147483647.json.gz  (17.4s)  cubic side: mult_per3((10, 7, 4, 2, 2, 1, 1), 9) = a = 3 mod 2147483647 in Sym^9(Sym^3 C^7) -- S_mu not in I(D_7^per3) (B13-09)
    [ok  ] cell: n in {3, 4} — n = 3
    [ok  ] cell: length(lambda) = r — lambda (10, 7, 4, 2, 2, 1, 1), r 7
    [ok  ] cell: lambda weakly decreasing
    [ok  ] cell: |lambda| = n*delta — 27 vs 3*9
    [ok  ] cell: a recomputed (Weyl alternation) — recomputed 3, claimed 3
    [ok  ] basis vector 0: highest weight mod 2147483647
    [ok  ] basis vector 1: highest weight mod 2147483647
    [ok  ] basis vector 2: highest weight mod 2147483647
    [ok  ] basis: 3 independent vectors = a — rank 3, a = 3
    [ok  ] evaluation of the a = 3 highest-weight vectors at 11 recorded permanent_pencil points has rank a mod 2147483647 — rank 3
    [ok  ] conclusion: mult_permanent_pencil(lambda, delta) = a = 3 over Q (rank_p <= rank_Q <= a)
PASS        results/certs/b13_09/per7_10_7_4_3_1_1_1_d9_fullrank_p2147483629.json.gz  (3.4s)  cubic side: mult_per3((10, 7, 4, 3, 1, 1, 1), 9) = a = 1 mod 2147483629 in Sym^9(Sym^3 C^7) -- S_mu not in I(D_7^per3) (B13-09)
    [ok  ] cell: n in {3, 4} — n = 3
    [ok  ] cell: length(lambda) = r — lambda (10, 7, 4, 3, 1, 1, 1), r 7
    [ok  ] cell: lambda weakly decreasing
    [ok  ] cell: |lambda| = n*delta — 27 vs 3*9
    [ok  ] cell: a recomputed (Weyl alternation) — recomputed 1, claimed 1
    [ok  ] basis vector 0: highest weight mod 2147483629
    [ok  ] basis: 1 independent vectors = a — rank 1, a = 1
    [ok  ] evaluation of the a = 1 highest-weight vectors at 9 recorded permanent_pencil points has rank a mod 2147483629 — rank 1
    [ok  ] conclusion: mult_permanent_pencil(lambda, delta) = a = 1 over Q (rank_p <= rank_Q <= a)
PASS        results/certs/b13_09/per7_10_7_4_3_1_1_1_d9_fullrank_p2147483647.json.gz  (3.6s)  cubic side: mult_per3((10, 7, 4, 3, 1, 1, 1), 9) = a = 1 mod 2147483647 in Sym^9(Sym^3 C^7) -- S_mu not in I(D_7^per3) (B13-09)
    [ok  ] cell: n in {3, 4} — n = 3
    [ok  ] cell: length(lambda) = r — lambda (10, 7, 4, 3, 1, 1, 1), r 7
    [ok  ] cell: lambda weakly decreasing
    [ok  ] cell: |lambda| = n*delta — 27 vs 3*9
    [ok  ] cell: a recomputed (Weyl alternation) — recomputed 1, claimed 1
    [ok  ] basis vector 0: highest weight mod 2147483647
    [ok  ] basis: 1 independent vectors = a — rank 1, a = 1
    [ok  ] evaluation of the a = 1 highest-weight vectors at 9 recorded permanent_pencil points has rank a mod 2147483647 — rank 1
    [ok  ] conclusion: mult_permanent_pencil(lambda, delta) = a = 1 over Q (rank_p <= rank_Q <= a)
PASS        results/certs/b13_09/per7_10_7_5_2_1_1_1_d9_fullrank_p2147483629.json.gz  (2.1s)  cubic side: mult_per3((10, 7, 5, 2, 1, 1, 1), 9) = a = 1 mod 2147483629 in Sym^9(Sym^3 C^7) -- S_mu not in I(D_7^per3) (B13-09)
    [ok  ] cell: n in {3, 4} — n = 3
    [ok  ] cell: length(lambda) = r — lambda (10, 7, 5, 2, 1, 1, 1), r 7
    [ok  ] cell: lambda weakly decreasing
    [ok  ] cell: |lambda| = n*delta — 27 vs 3*9
    [ok  ] cell: a recomputed (Weyl alternation) — recomputed 1, claimed 1
    [ok  ] basis vector 0: highest weight mod 2147483629
    [ok  ] basis: 1 independent vectors = a — rank 1, a = 1
    [ok  ] evaluation of the a = 1 highest-weight vectors at 9 recorded permanent_pencil points has rank a mod 2147483629 — rank 1
    [ok  ] conclusion: mult_permanent_pencil(lambda, delta) = a = 1 over Q (rank_p <= rank_Q <= a)
PASS        results/certs/b13_09/per7_10_7_5_2_1_1_1_d9_fullrank_p2147483647.json.gz  (2.1s)  cubic side: mult_per3((10, 7, 5, 2, 1, 1, 1), 9) = a = 1 mod 2147483647 in Sym^9(Sym^3 C^7) -- S_mu not in I(D_7^per3) (B13-09)
    [ok  ] cell: n in {3, 4} — n = 3
    [ok  ] cell: length(lambda) = r — lambda (10, 7, 5, 2, 1, 1, 1), r 7
    [ok  ] cell: lambda weakly decreasing
    [ok  ] cell: |lambda| = n*delta — 27 vs 3*9
    [ok  ] cell: a recomputed (Weyl alternation) — recomputed 1, claimed 1
    [ok  ] basis vector 0: highest weight mod 2147483647
    [ok  ] basis: 1 independent vectors = a — rank 1, a = 1
    [ok  ] evaluation of the a = 1 highest-weight vectors at 9 recorded permanent_pencil points has rank a mod 2147483647 — rank 1
    [ok  ] conclusion: mult_permanent_pencil(lambda, delta) = a = 1 over Q (rank_p <= rank_Q <= a)
PASS        results/certs/b13_09/per7_10_8_2_2_2_2_1_d9_fullrank_p2147483629.json.gz  (14.4s)  cubic side: mult_per3((10, 8, 2, 2, 2, 2, 1), 9) = a = 2 mod 2147483629 in Sym^9(Sym^3 C^7) -- S_mu not in I(D_7^per3) (B13-09)
    [ok  ] cell: n in {3, 4} — n = 3
    [ok  ] cell: length(lambda) = r — lambda (10, 8, 2, 2, 2, 2, 1), r 7
    [ok  ] cell: lambda weakly decreasing
    [ok  ] cell: |lambda| = n*delta — 27 vs 3*9
    [ok  ] cell: a recomputed (Weyl alternation) — recomputed 2, claimed 2
    [ok  ] basis vector 0: highest weight mod 2147483629
    [ok  ] basis vector 1: highest weight mod 2147483629
    [ok  ] basis: 2 independent vectors = a — rank 2, a = 2
    [ok  ] evaluation of the a = 2 highest-weight vectors at 10 recorded permanent_pencil points has rank a mod 2147483629 — rank 2
    [ok  ] conclusion: mult_permanent_pencil(lambda, delta) = a = 2 over Q (rank_p <= rank_Q <= a)
PASS        results/certs/b13_09/per7_10_8_2_2_2_2_1_d9_fullrank_p2147483647.json.gz  (13.9s)  cubic side: mult_per3((10, 8, 2, 2, 2, 2, 1), 9) = a = 2 mod 2147483647 in Sym^9(Sym^3 C^7) -- S_mu not in I(D_7^per3) (B13-09)
    [ok  ] cell: n in {3, 4} — n = 3
    [ok  ] cell: length(lambda) = r — lambda (10, 8, 2, 2, 2, 2, 1), r 7
    [ok  ] cell: lambda weakly decreasing
    [ok  ] cell: |lambda| = n*delta — 27 vs 3*9
    [ok  ] cell: a recomputed (Weyl alternation) — recomputed 2, claimed 2
    [ok  ] basis vector 0: highest weight mod 2147483647
    [ok  ] basis vector 1: highest weight mod 2147483647
    [ok  ] basis: 2 independent vectors = a — rank 2, a = 2
    [ok  ] evaluation of the a = 2 highest-weight vectors at 10 recorded permanent_pencil points has rank a mod 2147483647 — rank 2
    [ok  ] conclusion: mult_permanent_pencil(lambda, delta) = a = 2 over Q (rank_p <= rank_Q <= a)
PASS        results/certs/b13_09/per7_10_8_3_2_2_1_1_d9_fullrank_p2147483629.json.gz  (3.5s)  cubic side: mult_per3((10, 8, 3, 2, 2, 1, 1), 9) = a = 1 mod 2147483629 in Sym^9(Sym^3 C^7) -- S_mu not in I(D_7^per3) (B13-09)
    [ok  ] cell: n in {3, 4} — n = 3
    [ok  ] cell: length(lambda) = r — lambda (10, 8, 3, 2, 2, 1, 1), r 7
    [ok  ] cell: lambda weakly decreasing
    [ok  ] cell: |lambda| = n*delta — 27 vs 3*9
    [ok  ] cell: a recomputed (Weyl alternation) — recomputed 1, claimed 1
    [ok  ] basis vector 0: highest weight mod 2147483629
    [ok  ] basis: 1 independent vectors = a — rank 1, a = 1
    [ok  ] evaluation of the a = 1 highest-weight vectors at 9 recorded permanent_pencil points has rank a mod 2147483629 — rank 1
    [ok  ] conclusion: mult_permanent_pencil(lambda, delta) = a = 1 over Q (rank_p <= rank_Q <= a)
PASS        results/certs/b13_09/per7_10_8_3_2_2_1_1_d9_fullrank_p2147483647.json.gz  (3.5s)  cubic side: mult_per3((10, 8, 3, 2, 2, 1, 1), 9) = a = 1 mod 2147483647 in Sym^9(Sym^3 C^7) -- S_mu not in I(D_7^per3) (B13-09)
    [ok  ] cell: n in {3, 4} — n = 3
    [ok  ] cell: length(lambda) = r — lambda (10, 8, 3, 2, 2, 1, 1), r 7
    [ok  ] cell: lambda weakly decreasing
    [ok  ] cell: |lambda| = n*delta — 27 vs 3*9
    [ok  ] cell: a recomputed (Weyl alternation) — recomputed 1, claimed 1
    [ok  ] basis vector 0: highest weight mod 2147483647
    [ok  ] basis: 1 independent vectors = a — rank 1, a = 1
    [ok  ] evaluation of the a = 1 highest-weight vectors at 9 recorded permanent_pencil points has rank a mod 2147483647 — rank 1
    [ok  ] conclusion: mult_permanent_pencil(lambda, delta) = a = 1 over Q (rank_p <= rank_Q <= a)
PASS        results/certs/b13_09/per7_10_8_3_3_1_1_1_d9_fullrank_p2147483629.json.gz  (2.1s)  cubic side: mult_per3((10, 8, 3, 3, 1, 1, 1), 9) = a = 1 mod 2147483629 in Sym^9(Sym^3 C^7) -- S_mu not in I(D_7^per3) (B13-09)
    [ok  ] cell: n in {3, 4} — n = 3
    [ok  ] cell: length(lambda) = r — lambda (10, 8, 3, 3, 1, 1, 1), r 7
    [ok  ] cell: lambda weakly decreasing
    [ok  ] cell: |lambda| = n*delta — 27 vs 3*9
    [ok  ] cell: a recomputed (Weyl alternation) — recomputed 1, claimed 1
    [ok  ] basis vector 0: highest weight mod 2147483629
    [ok  ] basis: 1 independent vectors = a — rank 1, a = 1
    [ok  ] evaluation of the a = 1 highest-weight vectors at 9 recorded permanent_pencil points has rank a mod 2147483629 — rank 1
    [ok  ] conclusion: mult_permanent_pencil(lambda, delta) = a = 1 over Q (rank_p <= rank_Q <= a)
PASS        results/certs/b13_09/per7_10_8_3_3_1_1_1_d9_fullrank_p2147483647.json.gz  (2.1s)  cubic side: mult_per3((10, 8, 3, 3, 1, 1, 1), 9) = a = 1 mod 2147483647 in Sym^9(Sym^3 C^7) -- S_mu not in I(D_7^per3) (B13-09)
    [ok  ] cell: n in {3, 4} — n = 3
    [ok  ] cell: length(lambda) = r — lambda (10, 8, 3, 3, 1, 1, 1), r 7
    [ok  ] cell: lambda weakly decreasing
    [ok  ] cell: |lambda| = n*delta — 27 vs 3*9
    [ok  ] cell: a recomputed (Weyl alternation) — recomputed 1, claimed 1
    [ok  ] basis vector 0: highest weight mod 2147483647
    [ok  ] basis: 1 independent vectors = a — rank 1, a = 1
    [ok  ] evaluation of the a = 1 highest-weight vectors at 9 recorded permanent_pencil points has rank a mod 2147483647 — rank 1
    [ok  ] conclusion: mult_permanent_pencil(lambda, delta) = a = 1 over Q (rank_p <= rank_Q <= a)
PASS        results/certs/b13_09/per7_11_3_2_2_2_2_2_d8_fullrank_p2147483629.json.gz  (2.6s)  cubic side: mult_per3((11, 3, 2, 2, 2, 2, 2), 8) = a = 1 mod 2147483629 in Sym^8(Sym^3 C^7) -- S_mu not in I(D_7^per3) (B13-09)
    [ok  ] cell: n in {3, 4} — n = 3
    [ok  ] cell: length(lambda) = r — lambda (11, 3, 2, 2, 2, 2, 2), r 7
    [ok  ] cell: lambda weakly decreasing
    [ok  ] cell: |lambda| = n*delta — 24 vs 3*8
    [ok  ] cell: a recomputed (Weyl alternation) — recomputed 1, claimed 1
    [ok  ] basis vector 0: highest weight mod 2147483629
    [ok  ] basis: 1 independent vectors = a — rank 1, a = 1
    [ok  ] evaluation of the a = 1 highest-weight vectors at 9 recorded permanent_pencil points has rank a mod 2147483629 — rank 1
    [ok  ] conclusion: mult_permanent_pencil(lambda, delta) = a = 1 over Q (rank_p <= rank_Q <= a)
PASS        results/certs/b13_09/per7_11_3_2_2_2_2_2_d8_fullrank_p2147483647.json.gz  (2.6s)  cubic side: mult_per3((11, 3, 2, 2, 2, 2, 2), 8) = a = 1 mod 2147483647 in Sym^8(Sym^3 C^7) -- S_mu not in I(D_7^per3) (B13-09)
    [ok  ] cell: n in {3, 4} — n = 3
    [ok  ] cell: length(lambda) = r — lambda (11, 3, 2, 2, 2, 2, 2), r 7
    [ok  ] cell: lambda weakly decreasing
    [ok  ] cell: |lambda| = n*delta — 24 vs 3*8
    [ok  ] cell: a recomputed (Weyl alternation) — recomputed 1, claimed 1
    [ok  ] basis vector 0: highest weight mod 2147483647
    [ok  ] basis: 1 independent vectors = a — rank 1, a = 1
    [ok  ] evaluation of the a = 1 highest-weight vectors at 9 recorded permanent_pencil points has rank a mod 2147483647 — rank 1
    [ok  ] conclusion: mult_permanent_pencil(lambda, delta) = a = 1 over Q (rank_p <= rank_Q <= a)
PASS        results/certs/b13_09/per7_11_4_2_2_2_2_1_d8_fullrank_p2147483629.json.gz  (1.6s)  cubic side: mult_per3((11, 4, 2, 2, 2, 2, 1), 8) = a = 1 mod 2147483629 in Sym^8(Sym^3 C^7) -- S_mu not in I(D_7^per3) (B13-09)
    [ok  ] cell: n in {3, 4} — n = 3
    [ok  ] cell: length(lambda) = r — lambda (11, 4, 2, 2, 2, 2, 1), r 7
    [ok  ] cell: lambda weakly decreasing
    [ok  ] cell: |lambda| = n*delta — 24 vs 3*8
    [ok  ] cell: a recomputed (Weyl alternation) — recomputed 1, claimed 1
    [ok  ] basis vector 0: highest weight mod 2147483629
    [ok  ] basis: 1 independent vectors = a — rank 1, a = 1
    [ok  ] evaluation of the a = 1 highest-weight vectors at 9 recorded permanent_pencil points has rank a mod 2147483629 — rank 1
    [ok  ] conclusion: mult_permanent_pencil(lambda, delta) = a = 1 over Q (rank_p <= rank_Q <= a)
PASS        results/certs/b13_09/per7_11_4_2_2_2_2_1_d8_fullrank_p2147483647.json.gz  (1.5s)  cubic side: mult_per3((11, 4, 2, 2, 2, 2, 1), 8) = a = 1 mod 2147483647 in Sym^8(Sym^3 C^7) -- S_mu not in I(D_7^per3) (B13-09)
    [ok  ] cell: n in {3, 4} — n = 3
    [ok  ] cell: length(lambda) = r — lambda (11, 4, 2, 2, 2, 2, 1), r 7
    [ok  ] cell: lambda weakly decreasing
    [ok  ] cell: |lambda| = n*delta — 24 vs 3*8
    [ok  ] cell: a recomputed (Weyl alternation) — recomputed 1, claimed 1
    [ok  ] basis vector 0: highest weight mod 2147483647
    [ok  ] basis: 1 independent vectors = a — rank 1, a = 1
    [ok  ] evaluation of the a = 1 highest-weight vectors at 9 recorded permanent_pencil points has rank a mod 2147483647 — rank 1
    [ok  ] conclusion: mult_permanent_pencil(lambda, delta) = a = 1 over Q (rank_p <= rank_Q <= a)
PASS        results/certs/b13_09/per7_11_4_4_3_2_2_1_d9_fullrank_p2147483629.json.gz  (20.5s)  cubic side: mult_per3((11, 4, 4, 3, 2, 2, 1), 9) = a = 1 mod 2147483629 in Sym^9(Sym^3 C^7) -- S_mu not in I(D_7^per3) (B13-09)
    [ok  ] cell: n in {3, 4} — n = 3
    [ok  ] cell: length(lambda) = r — lambda (11, 4, 4, 3, 2, 2, 1), r 7
    [ok  ] cell: lambda weakly decreasing
    [ok  ] cell: |lambda| = n*delta — 27 vs 3*9
    [ok  ] cell: a recomputed (Weyl alternation) — recomputed 1, claimed 1
    [ok  ] basis vector 0: highest weight mod 2147483629
    [ok  ] basis: 1 independent vectors = a — rank 1, a = 1
    [ok  ] evaluation of the a = 1 highest-weight vectors at 9 recorded permanent_pencil points has rank a mod 2147483629 — rank 1
    [ok  ] conclusion: mult_permanent_pencil(lambda, delta) = a = 1 over Q (rank_p <= rank_Q <= a)
PASS        results/certs/b13_09/per7_11_4_4_3_2_2_1_d9_fullrank_p2147483647.json.gz  (19.4s)  cubic side: mult_per3((11, 4, 4, 3, 2, 2, 1), 9) = a = 1 mod 2147483647 in Sym^9(Sym^3 C^7) -- S_mu not in I(D_7^per3) (B13-09)
    [ok  ] cell: n in {3, 4} — n = 3
    [ok  ] cell: length(lambda) = r — lambda (11, 4, 4, 3, 2, 2, 1), r 7
    [ok  ] cell: lambda weakly decreasing
    [ok  ] cell: |lambda| = n*delta — 27 vs 3*9
    [ok  ] cell: a recomputed (Weyl alternation) — recomputed 1, claimed 1
    [ok  ] basis vector 0: highest weight mod 2147483647
    [ok  ] basis: 1 independent vectors = a — rank 1, a = 1
    [ok  ] evaluation of the a = 1 highest-weight vectors at 9 recorded permanent_pencil points has rank a mod 2147483647 — rank 1
    [ok  ] conclusion: mult_permanent_pencil(lambda, delta) = a = 1 over Q (rank_p <= rank_Q <= a)
PASS        results/certs/b13_09/per7_11_5_3_3_2_2_1_d9_fullrank_p2147483629.json.gz  (12.5s)  cubic side: mult_per3((11, 5, 3, 3, 2, 2, 1), 9) = a = 1 mod 2147483629 in Sym^9(Sym^3 C^7) -- S_mu not in I(D_7^per3) (B13-09)
    [ok  ] cell: n in {3, 4} — n = 3
    [ok  ] cell: length(lambda) = r — lambda (11, 5, 3, 3, 2, 2, 1), r 7
    [ok  ] cell: lambda weakly decreasing
    [ok  ] cell: |lambda| = n*delta — 27 vs 3*9
    [ok  ] cell: a recomputed (Weyl alternation) — recomputed 1, claimed 1
    [ok  ] basis vector 0: highest weight mod 2147483629
    [ok  ] basis: 1 independent vectors = a — rank 1, a = 1
    [ok  ] evaluation of the a = 1 highest-weight vectors at 9 recorded permanent_pencil points has rank a mod 2147483629 — rank 1
    [ok  ] conclusion: mult_permanent_pencil(lambda, delta) = a = 1 over Q (rank_p <= rank_Q <= a)
PASS        results/certs/b13_09/per7_11_5_3_3_2_2_1_d9_fullrank_p2147483647.json.gz  (12.9s)  cubic side: mult_per3((11, 5, 3, 3, 2, 2, 1), 9) = a = 1 mod 2147483647 in Sym^9(Sym^3 C^7) -- S_mu not in I(D_7^per3) (B13-09)
    [ok  ] cell: n in {3, 4} — n = 3
    [ok  ] cell: length(lambda) = r — lambda (11, 5, 3, 3, 2, 2, 1), r 7
    [ok  ] cell: lambda weakly decreasing
    [ok  ] cell: |lambda| = n*delta — 27 vs 3*9
    [ok  ] cell: a recomputed (Weyl alternation) — recomputed 1, claimed 1
    [ok  ] basis vector 0: highest weight mod 2147483647
    [ok  ] basis: 1 independent vectors = a — rank 1, a = 1
    [ok  ] evaluation of the a = 1 highest-weight vectors at 9 recorded permanent_pencil points has rank a mod 2147483647 — rank 1
    [ok  ] conclusion: mult_permanent_pencil(lambda, delta) = a = 1 over Q (rank_p <= rank_Q <= a)
PASS        results/certs/b13_09/per7_11_5_4_2_2_2_1_d9_fullrank_p2147483629.json.gz  (46.0s)  cubic side: mult_per3((11, 5, 4, 2, 2, 2, 1), 9) = a = 3 mod 2147483629 in Sym^9(Sym^3 C^7) -- S_mu not in I(D_7^per3) (B13-09)
    [ok  ] cell: n in {3, 4} — n = 3
    [ok  ] cell: length(lambda) = r — lambda (11, 5, 4, 2, 2, 2, 1), r 7
    [ok  ] cell: lambda weakly decreasing
    [ok  ] cell: |lambda| = n*delta — 27 vs 3*9
    [ok  ] cell: a recomputed (Weyl alternation) — recomputed 3, claimed 3
    [ok  ] basis vector 0: highest weight mod 2147483629
    [ok  ] basis vector 1: highest weight mod 2147483629
    [ok  ] basis vector 2: highest weight mod 2147483629
    [ok  ] basis: 3 independent vectors = a — rank 3, a = 3
    [ok  ] evaluation of the a = 3 highest-weight vectors at 11 recorded permanent_pencil points has rank a mod 2147483629 — rank 3
    [ok  ] conclusion: mult_permanent_pencil(lambda, delta) = a = 3 over Q (rank_p <= rank_Q <= a)
PASS        results/certs/b13_09/per7_11_5_4_2_2_2_1_d9_fullrank_p2147483647.json.gz  (48.3s)  cubic side: mult_per3((11, 5, 4, 2, 2, 2, 1), 9) = a = 3 mod 2147483647 in Sym^9(Sym^3 C^7) -- S_mu not in I(D_7^per3) (B13-09)
    [ok  ] cell: n in {3, 4} — n = 3
    [ok  ] cell: length(lambda) = r — lambda (11, 5, 4, 2, 2, 2, 1), r 7
    [ok  ] cell: lambda weakly decreasing
    [ok  ] cell: |lambda| = n*delta — 27 vs 3*9
    [ok  ] cell: a recomputed (Weyl alternation) — recomputed 3, claimed 3
    [ok  ] basis vector 0: highest weight mod 2147483647
    [ok  ] basis vector 1: highest weight mod 2147483647
    [ok  ] basis vector 2: highest weight mod 2147483647
    [ok  ] basis: 3 independent vectors = a — rank 3, a = 3
    [ok  ] evaluation of the a = 3 highest-weight vectors at 11 recorded permanent_pencil points has rank a mod 2147483647 — rank 3
    [ok  ] conclusion: mult_permanent_pencil(lambda, delta) = a = 3 over Q (rank_p <= rank_Q <= a)
PASS        results/certs/b13_09/per7_11_5_4_3_2_1_1_d9_fullrank_p2147483629.json.gz  (19.9s)  cubic side: mult_per3((11, 5, 4, 3, 2, 1, 1), 9) = a = 2 mod 2147483629 in Sym^9(Sym^3 C^7) -- S_mu not in I(D_7^per3) (B13-09)
    [ok  ] cell: n in {3, 4} — n = 3
    [ok  ] cell: length(lambda) = r — lambda (11, 5, 4, 3, 2, 1, 1), r 7
    [ok  ] cell: lambda weakly decreasing
    [ok  ] cell: |lambda| = n*delta — 27 vs 3*9
    [ok  ] cell: a recomputed (Weyl alternation) — recomputed 2, claimed 2
    [ok  ] basis vector 0: highest weight mod 2147483629
    [ok  ] basis vector 1: highest weight mod 2147483629
    [ok  ] basis: 2 independent vectors = a — rank 2, a = 2
    [ok  ] evaluation of the a = 2 highest-weight vectors at 10 recorded permanent_pencil points has rank a mod 2147483629 — rank 2
    [ok  ] conclusion: mult_permanent_pencil(lambda, delta) = a = 2 over Q (rank_p <= rank_Q <= a)
PASS        results/certs/b13_09/per7_11_5_4_3_2_1_1_d9_fullrank_p2147483647.json.gz  (20.0s)  cubic side: mult_per3((11, 5, 4, 3, 2, 1, 1), 9) = a = 2 mod 2147483647 in Sym^9(Sym^3 C^7) -- S_mu not in I(D_7^per3) (B13-09)
    [ok  ] cell: n in {3, 4} — n = 3
    [ok  ] cell: length(lambda) = r — lambda (11, 5, 4, 3, 2, 1, 1), r 7
    [ok  ] cell: lambda weakly decreasing
    [ok  ] cell: |lambda| = n*delta — 27 vs 3*9
    [ok  ] cell: a recomputed (Weyl alternation) — recomputed 2, claimed 2
    [ok  ] basis vector 0: highest weight mod 2147483647
    [ok  ] basis vector 1: highest weight mod 2147483647
    [ok  ] basis: 2 independent vectors = a — rank 2, a = 2
    [ok  ] evaluation of the a = 2 highest-weight vectors at 10 recorded permanent_pencil points has rank a mod 2147483647 — rank 2
    [ok  ] conclusion: mult_permanent_pencil(lambda, delta) = a = 2 over Q (rank_p <= rank_Q <= a)
PASS        results/certs/b13_09/per7_11_5_5_2_2_1_1_d9_fullrank_p2147483629.json.gz  (10.2s)  cubic side: mult_per3((11, 5, 5, 2, 2, 1, 1), 9) = a = 2 mod 2147483629 in Sym^9(Sym^3 C^7) -- S_mu not in I(D_7^per3) (B13-09)
    [ok  ] cell: n in {3, 4} — n = 3
    [ok  ] cell: length(lambda) = r — lambda (11, 5, 5, 2, 2, 1, 1), r 7
    [ok  ] cell: lambda weakly decreasing
    [ok  ] cell: |lambda| = n*delta — 27 vs 3*9
    [ok  ] cell: a recomputed (Weyl alternation) — recomputed 2, claimed 2
    [ok  ] basis vector 0: highest weight mod 2147483629
    [ok  ] basis vector 1: highest weight mod 2147483629
    [ok  ] basis: 2 independent vectors = a — rank 2, a = 2
    [ok  ] evaluation of the a = 2 highest-weight vectors at 10 recorded permanent_pencil points has rank a mod 2147483629 — rank 2
    [ok  ] conclusion: mult_permanent_pencil(lambda, delta) = a = 2 over Q (rank_p <= rank_Q <= a)
PASS        results/certs/b13_09/per7_11_5_5_2_2_1_1_d9_fullrank_p2147483647.json.gz  (9.7s)  cubic side: mult_per3((11, 5, 5, 2, 2, 1, 1), 9) = a = 2 mod 2147483647 in Sym^9(Sym^3 C^7) -- S_mu not in I(D_7^per3) (B13-09)
    [ok  ] cell: n in {3, 4} — n = 3
    [ok  ] cell: length(lambda) = r — lambda (11, 5, 5, 2, 2, 1, 1), r 7
    [ok  ] cell: lambda weakly decreasing
    [ok  ] cell: |lambda| = n*delta — 27 vs 3*9
    [ok  ] cell: a recomputed (Weyl alternation) — recomputed 2, claimed 2
    [ok  ] basis vector 0: highest weight mod 2147483647
    [ok  ] basis vector 1: highest weight mod 2147483647
    [ok  ] basis: 2 independent vectors = a — rank 2, a = 2
    [ok  ] evaluation of the a = 2 highest-weight vectors at 10 recorded permanent_pencil points has rank a mod 2147483647 — rank 2
    [ok  ] conclusion: mult_permanent_pencil(lambda, delta) = a = 2 over Q (rank_p <= rank_Q <= a)
PASS        results/certs/b13_09/per7_11_5_5_3_1_1_1_d9_fullrank_p2147483629.json.gz  (4.2s)  cubic side: mult_per3((11, 5, 5, 3, 1, 1, 1), 9) = a = 1 mod 2147483629 in Sym^9(Sym^3 C^7) -- S_mu not in I(D_7^per3) (B13-09)
    [ok  ] cell: n in {3, 4} — n = 3
    [ok  ] cell: length(lambda) = r — lambda (11, 5, 5, 3, 1, 1, 1), r 7
    [ok  ] cell: lambda weakly decreasing
    [ok  ] cell: |lambda| = n*delta — 27 vs 3*9
    [ok  ] cell: a recomputed (Weyl alternation) — recomputed 1, claimed 1
    [ok  ] basis vector 0: highest weight mod 2147483629
    [ok  ] basis: 1 independent vectors = a — rank 1, a = 1
    [ok  ] evaluation of the a = 1 highest-weight vectors at 9 recorded permanent_pencil points has rank a mod 2147483629 — rank 1
    [ok  ] conclusion: mult_permanent_pencil(lambda, delta) = a = 1 over Q (rank_p <= rank_Q <= a)
PASS        results/certs/b13_09/per7_11_5_5_3_1_1_1_d9_fullrank_p2147483647.json.gz  (4.2s)  cubic side: mult_per3((11, 5, 5, 3, 1, 1, 1), 9) = a = 1 mod 2147483647 in Sym^9(Sym^3 C^7) -- S_mu not in I(D_7^per3) (B13-09)
    [ok  ] cell: n in {3, 4} — n = 3
    [ok  ] cell: length(lambda) = r — lambda (11, 5, 5, 3, 1, 1, 1), r 7
    [ok  ] cell: lambda weakly decreasing
    [ok  ] cell: |lambda| = n*delta — 27 vs 3*9
    [ok  ] cell: a recomputed (Weyl alternation) — recomputed 1, claimed 1
    [ok  ] basis vector 0: highest weight mod 2147483647
    [ok  ] basis: 1 independent vectors = a — rank 1, a = 1
    [ok  ] evaluation of the a = 1 highest-weight vectors at 9 recorded permanent_pencil points has rank a mod 2147483647 — rank 1
    [ok  ] conclusion: mult_permanent_pencil(lambda, delta) = a = 1 over Q (rank_p <= rank_Q <= a)
PASS        results/certs/b13_09/per7_11_6_3_2_2_2_1_d9_fullrank_p2147483629.json.gz  (27.1s)  cubic side: mult_per3((11, 6, 3, 2, 2, 2, 1), 9) = a = 3 mod 2147483629 in Sym^9(Sym^3 C^7) -- S_mu not in I(D_7^per3) (B13-09)
    [ok  ] cell: n in {3, 4} — n = 3
    [ok  ] cell: length(lambda) = r — lambda (11, 6, 3, 2, 2, 2, 1), r 7
    [ok  ] cell: lambda weakly decreasing
    [ok  ] cell: |lambda| = n*delta — 27 vs 3*9
    [ok  ] cell: a recomputed (Weyl alternation) — recomputed 3, claimed 3
    [ok  ] basis vector 0: highest weight mod 2147483629
    [ok  ] basis vector 1: highest weight mod 2147483629
    [ok  ] basis vector 2: highest weight mod 2147483629
    [ok  ] basis: 3 independent vectors = a — rank 3, a = 3
    [ok  ] evaluation of the a = 3 highest-weight vectors at 11 recorded permanent_pencil points has rank a mod 2147483629 — rank 3
    [ok  ] conclusion: mult_permanent_pencil(lambda, delta) = a = 3 over Q (rank_p <= rank_Q <= a)
PASS        results/certs/b13_09/per7_11_6_3_2_2_2_1_d9_fullrank_p2147483647.json.gz  (27.3s)  cubic side: mult_per3((11, 6, 3, 2, 2, 2, 1), 9) = a = 3 mod 2147483647 in Sym^9(Sym^3 C^7) -- S_mu not in I(D_7^per3) (B13-09)
    [ok  ] cell: n in {3, 4} — n = 3
    [ok  ] cell: length(lambda) = r — lambda (11, 6, 3, 2, 2, 2, 1), r 7
    [ok  ] cell: lambda weakly decreasing
    [ok  ] cell: |lambda| = n*delta — 27 vs 3*9
    [ok  ] cell: a recomputed (Weyl alternation) — recomputed 3, claimed 3
    [ok  ] basis vector 0: highest weight mod 2147483647
    [ok  ] basis vector 1: highest weight mod 2147483647
    [ok  ] basis vector 2: highest weight mod 2147483647
    [ok  ] basis: 3 independent vectors = a — rank 3, a = 3
    [ok  ] evaluation of the a = 3 highest-weight vectors at 11 recorded permanent_pencil points has rank a mod 2147483647 — rank 3
    [ok  ] conclusion: mult_permanent_pencil(lambda, delta) = a = 3 over Q (rank_p <= rank_Q <= a)
PASS        results/certs/b13_09/per7_11_6_3_3_2_1_1_d9_fullrank_p2147483629.json.gz  (10.2s)  cubic side: mult_per3((11, 6, 3, 3, 2, 1, 1), 9) = a = 2 mod 2147483629 in Sym^9(Sym^3 C^7) -- S_mu not in I(D_7^per3) (B13-09)
    [ok  ] cell: n in {3, 4} — n = 3
    [ok  ] cell: length(lambda) = r — lambda (11, 6, 3, 3, 2, 1, 1), r 7
    [ok  ] cell: lambda weakly decreasing
    [ok  ] cell: |lambda| = n*delta — 27 vs 3*9
    [ok  ] cell: a recomputed (Weyl alternation) — recomputed 2, claimed 2
    [ok  ] basis vector 0: highest weight mod 2147483629
    [ok  ] basis vector 1: highest weight mod 2147483629
    [ok  ] basis: 2 independent vectors = a — rank 2, a = 2
    [ok  ] evaluation of the a = 2 highest-weight vectors at 10 recorded permanent_pencil points has rank a mod 2147483629 — rank 2
    [ok  ] conclusion: mult_permanent_pencil(lambda, delta) = a = 2 over Q (rank_p <= rank_Q <= a)
PASS        results/certs/b13_09/per7_11_6_3_3_2_1_1_d9_fullrank_p2147483647.json.gz  (9.8s)  cubic side: mult_per3((11, 6, 3, 3, 2, 1, 1), 9) = a = 2 mod 2147483647 in Sym^9(Sym^3 C^7) -- S_mu not in I(D_7^per3) (B13-09)
    [ok  ] cell: n in {3, 4} — n = 3
    [ok  ] cell: length(lambda) = r — lambda (11, 6, 3, 3, 2, 1, 1), r 7
    [ok  ] cell: lambda weakly decreasing
    [ok  ] cell: |lambda| = n*delta — 27 vs 3*9
    [ok  ] cell: a recomputed (Weyl alternation) — recomputed 2, claimed 2
    [ok  ] basis vector 0: highest weight mod 2147483647
    [ok  ] basis vector 1: highest weight mod 2147483647
    [ok  ] basis: 2 independent vectors = a — rank 2, a = 2
    [ok  ] evaluation of the a = 2 highest-weight vectors at 10 recorded permanent_pencil points has rank a mod 2147483647 — rank 2
    [ok  ] conclusion: mult_permanent_pencil(lambda, delta) = a = 2 over Q (rank_p <= rank_Q <= a)
PASS        results/certs/b13_09/per7_11_6_4_2_2_1_1_d9_fullrank_p2147483629.json.gz  (7.9s)  cubic side: mult_per3((11, 6, 4, 2, 2, 1, 1), 9) = a = 2 mod 2147483629 in Sym^9(Sym^3 C^7) -- S_mu not in I(D_7^per3) (B13-09)
    [ok  ] cell: n in {3, 4} — n = 3
    [ok  ] cell: length(lambda) = r — lambda (11, 6, 4, 2, 2, 1, 1), r 7
    [ok  ] cell: lambda weakly decreasing
    [ok  ] cell: |lambda| = n*delta — 27 vs 3*9
    [ok  ] cell: a recomputed (Weyl alternation) — recomputed 2, claimed 2
    [ok  ] basis vector 0: highest weight mod 2147483629
    [ok  ] basis vector 1: highest weight mod 2147483629
    [ok  ] basis: 2 independent vectors = a — rank 2, a = 2
    [ok  ] evaluation of the a = 2 highest-weight vectors at 10 recorded permanent_pencil points has rank a mod 2147483629 — rank 2
    [ok  ] conclusion: mult_permanent_pencil(lambda, delta) = a = 2 over Q (rank_p <= rank_Q <= a)
PASS        results/certs/b13_09/per7_11_6_4_2_2_1_1_d9_fullrank_p2147483647.json.gz  (7.7s)  cubic side: mult_per3((11, 6, 4, 2, 2, 1, 1), 9) = a = 2 mod 2147483647 in Sym^9(Sym^3 C^7) -- S_mu not in I(D_7^per3) (B13-09)
    [ok  ] cell: n in {3, 4} — n = 3
    [ok  ] cell: length(lambda) = r — lambda (11, 6, 4, 2, 2, 1, 1), r 7
    [ok  ] cell: lambda weakly decreasing
    [ok  ] cell: |lambda| = n*delta — 27 vs 3*9
    [ok  ] cell: a recomputed (Weyl alternation) — recomputed 2, claimed 2
    [ok  ] basis vector 0: highest weight mod 2147483647
    [ok  ] basis vector 1: highest weight mod 2147483647
    [ok  ] basis: 2 independent vectors = a — rank 2, a = 2
    [ok  ] evaluation of the a = 2 highest-weight vectors at 10 recorded permanent_pencil points has rank a mod 2147483647 — rank 2
    [ok  ] conclusion: mult_permanent_pencil(lambda, delta) = a = 2 over Q (rank_p <= rank_Q <= a)
PASS        results/certs/b13_09/per7_11_6_4_3_1_1_1_d9_fullrank_p2147483629.json.gz  (3.3s)  cubic side: mult_per3((11, 6, 4, 3, 1, 1, 1), 9) = a = 1 mod 2147483629 in Sym^9(Sym^3 C^7) -- S_mu not in I(D_7^per3) (B13-09)
    [ok  ] cell: n in {3, 4} — n = 3
    [ok  ] cell: length(lambda) = r — lambda (11, 6, 4, 3, 1, 1, 1), r 7
    [ok  ] cell: lambda weakly decreasing
    [ok  ] cell: |lambda| = n*delta — 27 vs 3*9
    [ok  ] cell: a recomputed (Weyl alternation) — recomputed 1, claimed 1
    [ok  ] basis vector 0: highest weight mod 2147483629
    [ok  ] basis: 1 independent vectors = a — rank 1, a = 1
    [ok  ] evaluation of the a = 1 highest-weight vectors at 9 recorded permanent_pencil points has rank a mod 2147483629 — rank 1
    [ok  ] conclusion: mult_permanent_pencil(lambda, delta) = a = 1 over Q (rank_p <= rank_Q <= a)
PASS        results/certs/b13_09/per7_11_6_4_3_1_1_1_d9_fullrank_p2147483647.json.gz  (3.3s)  cubic side: mult_per3((11, 6, 4, 3, 1, 1, 1), 9) = a = 1 mod 2147483647 in Sym^9(Sym^3 C^7) -- S_mu not in I(D_7^per3) (B13-09)
    [ok  ] cell: n in {3, 4} — n = 3
    [ok  ] cell: length(lambda) = r — lambda (11, 6, 4, 3, 1, 1, 1), r 7
    [ok  ] cell: lambda weakly decreasing
    [ok  ] cell: |lambda| = n*delta — 27 vs 3*9
    [ok  ] cell: a recomputed (Weyl alternation) — recomputed 1, claimed 1
    [ok  ] basis vector 0: highest weight mod 2147483647
    [ok  ] basis: 1 independent vectors = a — rank 1, a = 1
    [ok  ] evaluation of the a = 1 highest-weight vectors at 9 recorded permanent_pencil points has rank a mod 2147483647 — rank 1
    [ok  ] conclusion: mult_permanent_pencil(lambda, delta) = a = 1 over Q (rank_p <= rank_Q <= a)
PASS        results/certs/b13_09/per7_11_6_5_2_1_1_1_d9_fullrank_p2147483629.json.gz  (2.1s)  cubic side: mult_per3((11, 6, 5, 2, 1, 1, 1), 9) = a = 1 mod 2147483629 in Sym^9(Sym^3 C^7) -- S_mu not in I(D_7^per3) (B13-09)
    [ok  ] cell: n in {3, 4} — n = 3
    [ok  ] cell: length(lambda) = r — lambda (11, 6, 5, 2, 1, 1, 1), r 7
    [ok  ] cell: lambda weakly decreasing
    [ok  ] cell: |lambda| = n*delta — 27 vs 3*9
    [ok  ] cell: a recomputed (Weyl alternation) — recomputed 1, claimed 1
    [ok  ] basis vector 0: highest weight mod 2147483629
    [ok  ] basis: 1 independent vectors = a — rank 1, a = 1
    [ok  ] evaluation of the a = 1 highest-weight vectors at 9 recorded permanent_pencil points has rank a mod 2147483629 — rank 1
    [ok  ] conclusion: mult_permanent_pencil(lambda, delta) = a = 1 over Q (rank_p <= rank_Q <= a)
PASS        results/certs/b13_09/per7_11_6_5_2_1_1_1_d9_fullrank_p2147483647.json.gz  (2.2s)  cubic side: mult_per3((11, 6, 5, 2, 1, 1, 1), 9) = a = 1 mod 2147483647 in Sym^9(Sym^3 C^7) -- S_mu not in I(D_7^per3) (B13-09)
    [ok  ] cell: n in {3, 4} — n = 3
    [ok  ] cell: length(lambda) = r — lambda (11, 6, 5, 2, 1, 1, 1), r 7
    [ok  ] cell: lambda weakly decreasing
    [ok  ] cell: |lambda| = n*delta — 27 vs 3*9
    [ok  ] cell: a recomputed (Weyl alternation) — recomputed 1, claimed 1
    [ok  ] basis vector 0: highest weight mod 2147483647
    [ok  ] basis: 1 independent vectors = a — rank 1, a = 1
    [ok  ] evaluation of the a = 1 highest-weight vectors at 9 recorded permanent_pencil points has rank a mod 2147483647 — rank 1
    [ok  ] conclusion: mult_permanent_pencil(lambda, delta) = a = 1 over Q (rank_p <= rank_Q <= a)
PASS        results/certs/b13_09/per7_11_7_2_2_2_2_1_d9_fullrank_p2147483629.json.gz  (9.5s)  cubic side: mult_per3((11, 7, 2, 2, 2, 2, 1), 9) = a = 2 mod 2147483629 in Sym^9(Sym^3 C^7) -- S_mu not in I(D_7^per3) (B13-09)
    [ok  ] cell: n in {3, 4} — n = 3
    [ok  ] cell: length(lambda) = r — lambda (11, 7, 2, 2, 2, 2, 1), r 7
    [ok  ] cell: lambda weakly decreasing
    [ok  ] cell: |lambda| = n*delta — 27 vs 3*9
    [ok  ] cell: a recomputed (Weyl alternation) — recomputed 2, claimed 2
    [ok  ] basis vector 0: highest weight mod 2147483629
    [ok  ] basis vector 1: highest weight mod 2147483629
    [ok  ] basis: 2 independent vectors = a — rank 2, a = 2
    [ok  ] evaluation of the a = 2 highest-weight vectors at 10 recorded permanent_pencil points has rank a mod 2147483629 — rank 2
    [ok  ] conclusion: mult_permanent_pencil(lambda, delta) = a = 2 over Q (rank_p <= rank_Q <= a)
PASS        results/certs/b13_09/per7_11_7_2_2_2_2_1_d9_fullrank_p2147483647.json.gz  (8.8s)  cubic side: mult_per3((11, 7, 2, 2, 2, 2, 1), 9) = a = 2 mod 2147483647 in Sym^9(Sym^3 C^7) -- S_mu not in I(D_7^per3) (B13-09)
    [ok  ] cell: n in {3, 4} — n = 3
    [ok  ] cell: length(lambda) = r — lambda (11, 7, 2, 2, 2, 2, 1), r 7
    [ok  ] cell: lambda weakly decreasing
    [ok  ] cell: |lambda| = n*delta — 27 vs 3*9
    [ok  ] cell: a recomputed (Weyl alternation) — recomputed 2, claimed 2
    [ok  ] basis vector 0: highest weight mod 2147483647
    [ok  ] basis vector 1: highest weight mod 2147483647
    [ok  ] basis: 2 independent vectors = a — rank 2, a = 2
    [ok  ] evaluation of the a = 2 highest-weight vectors at 10 recorded permanent_pencil points has rank a mod 2147483647 — rank 2
    [ok  ] conclusion: mult_permanent_pencil(lambda, delta) = a = 2 over Q (rank_p <= rank_Q <= a)
PASS        results/certs/b13_09/per7_11_7_3_2_2_1_1_d9_fullrank_p2147483629.json.gz  (3.2s)  cubic side: mult_per3((11, 7, 3, 2, 2, 1, 1), 9) = a = 2 mod 2147483629 in Sym^9(Sym^3 C^7) -- S_mu not in I(D_7^per3) (B13-09)
    [ok  ] cell: n in {3, 4} — n = 3
    [ok  ] cell: length(lambda) = r — lambda (11, 7, 3, 2, 2, 1, 1), r 7
    [ok  ] cell: lambda weakly decreasing
    [ok  ] cell: |lambda| = n*delta — 27 vs 3*9
    [ok  ] cell: a recomputed (Weyl alternation) — recomputed 2, claimed 2
    [ok  ] basis vector 0: highest weight mod 2147483629
    [ok  ] basis vector 1: highest weight mod 2147483629
    [ok  ] basis: 2 independent vectors = a — rank 2, a = 2
    [ok  ] evaluation of the a = 2 highest-weight vectors at 10 recorded permanent_pencil points has rank a mod 2147483629 — rank 2
    [ok  ] conclusion: mult_permanent_pencil(lambda, delta) = a = 2 over Q (rank_p <= rank_Q <= a)
PASS        results/certs/b13_09/per7_11_7_3_2_2_1_1_d9_fullrank_p2147483647.json.gz  (3.1s)  cubic side: mult_per3((11, 7, 3, 2, 2, 1, 1), 9) = a = 2 mod 2147483647 in Sym^9(Sym^3 C^7) -- S_mu not in I(D_7^per3) (B13-09)
    [ok  ] cell: n in {3, 4} — n = 3
    [ok  ] cell: length(lambda) = r — lambda (11, 7, 3, 2, 2, 1, 1), r 7
    [ok  ] cell: lambda weakly decreasing
    [ok  ] cell: |lambda| = n*delta — 27 vs 3*9
    [ok  ] cell: a recomputed (Weyl alternation) — recomputed 2, claimed 2
    [ok  ] basis vector 0: highest weight mod 2147483647
    [ok  ] basis vector 1: highest weight mod 2147483647
    [ok  ] basis: 2 independent vectors = a — rank 2, a = 2
    [ok  ] evaluation of the a = 2 highest-weight vectors at 10 recorded permanent_pencil points has rank a mod 2147483647 — rank 2
    [ok  ] conclusion: mult_permanent_pencil(lambda, delta) = a = 2 over Q (rank_p <= rank_Q <= a)
PASS        results/certs/b13_09/per7_12_2_2_2_2_2_2_d8_fullrank_p2147483629.json.gz  (1.7s)  cubic side: mult_per3((12, 2, 2, 2, 2, 2, 2), 8) = a = 1 mod 2147483629 in Sym^8(Sym^3 C^7) -- S_mu not in I(D_7^per3) (B13-09)
    [ok  ] cell: n in {3, 4} — n = 3
    [ok  ] cell: length(lambda) = r — lambda (12, 2, 2, 2, 2, 2, 2), r 7
    [ok  ] cell: lambda weakly decreasing
    [ok  ] cell: |lambda| = n*delta — 24 vs 3*8
    [ok  ] cell: a recomputed (Weyl alternation) — recomputed 1, claimed 1
    [ok  ] basis vector 0: highest weight mod 2147483629
    [ok  ] basis: 1 independent vectors = a — rank 1, a = 1
    [ok  ] evaluation of the a = 1 highest-weight vectors at 9 recorded permanent_pencil points has rank a mod 2147483629 — rank 1
    [ok  ] conclusion: mult_permanent_pencil(lambda, delta) = a = 1 over Q (rank_p <= rank_Q <= a)
PASS        results/certs/b13_09/per7_12_2_2_2_2_2_2_d8_fullrank_p2147483647.json.gz  (1.7s)  cubic side: mult_per3((12, 2, 2, 2, 2, 2, 2), 8) = a = 1 mod 2147483647 in Sym^8(Sym^3 C^7) -- S_mu not in I(D_7^per3) (B13-09)
    [ok  ] cell: n in {3, 4} — n = 3
    [ok  ] cell: length(lambda) = r — lambda (12, 2, 2, 2, 2, 2, 2), r 7
    [ok  ] cell: lambda weakly decreasing
    [ok  ] cell: |lambda| = n*delta — 24 vs 3*8
    [ok  ] cell: a recomputed (Weyl alternation) — recomputed 1, claimed 1
    [ok  ] basis vector 0: highest weight mod 2147483647
    [ok  ] basis: 1 independent vectors = a — rank 1, a = 1
    [ok  ] evaluation of the a = 1 highest-weight vectors at 9 recorded permanent_pencil points has rank a mod 2147483647 — rank 1
    [ok  ] conclusion: mult_permanent_pencil(lambda, delta) = a = 1 over Q (rank_p <= rank_Q <= a)
PASS        results/certs/b13_09/per7_12_4_3_2_2_2_2_d9_fullrank_p2147483629.json.gz  (6.5s)  cubic side: mult_per3((12, 4, 3, 2, 2, 2, 2), 9) = a = 1 mod 2147483629 in Sym^9(Sym^3 C^7) -- S_mu not in I(D_7^per3) (B13-09)
    [ok  ] cell: n in {3, 4} — n = 3
    [ok  ] cell: length(lambda) = r — lambda (12, 4, 3, 2, 2, 2, 2), r 7
    [ok  ] cell: lambda weakly decreasing
    [ok  ] cell: |lambda| = n*delta — 27 vs 3*9
    [ok  ] cell: a recomputed (Weyl alternation) — recomputed 1, claimed 1
    [ok  ] basis vector 0: highest weight mod 2147483629
    [ok  ] basis: 1 independent vectors = a — rank 1, a = 1
    [ok  ] evaluation of the a = 1 highest-weight vectors at 9 recorded permanent_pencil points has rank a mod 2147483629 — rank 1
    [ok  ] conclusion: mult_permanent_pencil(lambda, delta) = a = 1 over Q (rank_p <= rank_Q <= a)
PASS        results/certs/b13_09/per7_12_4_3_2_2_2_2_d9_fullrank_p2147483647.json.gz  (6.7s)  cubic side: mult_per3((12, 4, 3, 2, 2, 2, 2), 9) = a = 1 mod 2147483647 in Sym^9(Sym^3 C^7) -- S_mu not in I(D_7^per3) (B13-09)
    [ok  ] cell: n in {3, 4} — n = 3
    [ok  ] cell: length(lambda) = r — lambda (12, 4, 3, 2, 2, 2, 2), r 7
    [ok  ] cell: lambda weakly decreasing
    [ok  ] cell: |lambda| = n*delta — 27 vs 3*9
    [ok  ] cell: a recomputed (Weyl alternation) — recomputed 1, claimed 1
    [ok  ] basis vector 0: highest weight mod 2147483647
    [ok  ] basis: 1 independent vectors = a — rank 1, a = 1
    [ok  ] evaluation of the a = 1 highest-weight vectors at 9 recorded permanent_pencil points has rank a mod 2147483647 — rank 1
    [ok  ] conclusion: mult_permanent_pencil(lambda, delta) = a = 1 over Q (rank_p <= rank_Q <= a)
PASS        results/certs/b13_09/per7_12_4_4_2_2_2_1_d9_fullrank_p2147483629.json.gz  (12.5s)  cubic side: mult_per3((12, 4, 4, 2, 2, 2, 1), 9) = a = 2 mod 2147483629 in Sym^9(Sym^3 C^7) -- S_mu not in I(D_7^per3) (B13-09)
    [ok  ] cell: n in {3, 4} — n = 3
    [ok  ] cell: length(lambda) = r — lambda (12, 4, 4, 2, 2, 2, 1), r 7
    [ok  ] cell: lambda weakly decreasing
    [ok  ] cell: |lambda| = n*delta — 27 vs 3*9
    [ok  ] cell: a recomputed (Weyl alternation) — recomputed 2, claimed 2
    [ok  ] basis vector 0: highest weight mod 2147483629
    [ok  ] basis vector 1: highest weight mod 2147483629
    [ok  ] basis: 2 independent vectors = a — rank 2, a = 2
    [ok  ] evaluation of the a = 2 highest-weight vectors at 10 recorded permanent_pencil points has rank a mod 2147483629 — rank 2
    [ok  ] conclusion: mult_permanent_pencil(lambda, delta) = a = 2 over Q (rank_p <= rank_Q <= a)
PASS        results/certs/b13_09/per7_12_4_4_2_2_2_1_d9_fullrank_p2147483647.json.gz  (12.4s)  cubic side: mult_per3((12, 4, 4, 2, 2, 2, 1), 9) = a = 2 mod 2147483647 in Sym^9(Sym^3 C^7) -- S_mu not in I(D_7^per3) (B13-09)
    [ok  ] cell: n in {3, 4} — n = 3
    [ok  ] cell: length(lambda) = r — lambda (12, 4, 4, 2, 2, 2, 1), r 7
    [ok  ] cell: lambda weakly decreasing
    [ok  ] cell: |lambda| = n*delta — 27 vs 3*9
    [ok  ] cell: a recomputed (Weyl alternation) — recomputed 2, claimed 2
    [ok  ] basis vector 0: highest weight mod 2147483647
    [ok  ] basis vector 1: highest weight mod 2147483647
    [ok  ] basis: 2 independent vectors = a — rank 2, a = 2
    [ok  ] evaluation of the a = 2 highest-weight vectors at 10 recorded permanent_pencil points has rank a mod 2147483647 — rank 2
    [ok  ] conclusion: mult_permanent_pencil(lambda, delta) = a = 2 over Q (rank_p <= rank_Q <= a)
PASS        results/certs/b13_09/per7_12_5_3_2_2_2_1_d9_fullrank_p2147483629.json.gz  (10.1s)  cubic side: mult_per3((12, 5, 3, 2, 2, 2, 1), 9) = a = 2 mod 2147483629 in Sym^9(Sym^3 C^7) -- S_mu not in I(D_7^per3) (B13-09)
    [ok  ] cell: n in {3, 4} — n = 3
    [ok  ] cell: length(lambda) = r — lambda (12, 5, 3, 2, 2, 2, 1), r 7
    [ok  ] cell: lambda weakly decreasing
    [ok  ] cell: |lambda| = n*delta — 27 vs 3*9
    [ok  ] cell: a recomputed (Weyl alternation) — recomputed 2, claimed 2
    [ok  ] basis vector 0: highest weight mod 2147483629
    [ok  ] basis vector 1: highest weight mod 2147483629
    [ok  ] basis: 2 independent vectors = a — rank 2, a = 2
    [ok  ] evaluation of the a = 2 highest-weight vectors at 10 recorded permanent_pencil points has rank a mod 2147483629 — rank 2
    [ok  ] conclusion: mult_permanent_pencil(lambda, delta) = a = 2 over Q (rank_p <= rank_Q <= a)
PASS        results/certs/b13_09/per7_12_5_3_2_2_2_1_d9_fullrank_p2147483647.json.gz  (9.2s)  cubic side: mult_per3((12, 5, 3, 2, 2, 2, 1), 9) = a = 2 mod 2147483647 in Sym^9(Sym^3 C^7) -- S_mu not in I(D_7^per3) (B13-09)
    [ok  ] cell: n in {3, 4} — n = 3
    [ok  ] cell: length(lambda) = r — lambda (12, 5, 3, 2, 2, 2, 1), r 7
    [ok  ] cell: lambda weakly decreasing
    [ok  ] cell: |lambda| = n*delta — 27 vs 3*9
    [ok  ] cell: a recomputed (Weyl alternation) — recomputed 2, claimed 2
    [ok  ] basis vector 0: highest weight mod 2147483647
    [ok  ] basis vector 1: highest weight mod 2147483647
    [ok  ] basis: 2 independent vectors = a — rank 2, a = 2
    [ok  ] evaluation of the a = 2 highest-weight vectors at 10 recorded permanent_pencil points has rank a mod 2147483647 — rank 2
    [ok  ] conclusion: mult_permanent_pencil(lambda, delta) = a = 2 over Q (rank_p <= rank_Q <= a)
PASS        results/certs/b13_09/per7_12_5_3_3_2_1_1_d9_fullrank_p2147483629.json.gz  (3.8s)  cubic side: mult_per3((12, 5, 3, 3, 2, 1, 1), 9) = a = 1 mod 2147483629 in Sym^9(Sym^3 C^7) -- S_mu not in I(D_7^per3) (B13-09)
    [ok  ] cell: n in {3, 4} — n = 3
    [ok  ] cell: length(lambda) = r — lambda (12, 5, 3, 3, 2, 1, 1), r 7
    [ok  ] cell: lambda weakly decreasing
    [ok  ] cell: |lambda| = n*delta — 27 vs 3*9
    [ok  ] cell: a recomputed (Weyl alternation) — recomputed 1, claimed 1
    [ok  ] basis vector 0: highest weight mod 2147483629
    [ok  ] basis: 1 independent vectors = a — rank 1, a = 1
    [ok  ] evaluation of the a = 1 highest-weight vectors at 9 recorded permanent_pencil points has rank a mod 2147483629 — rank 1
    [ok  ] conclusion: mult_permanent_pencil(lambda, delta) = a = 1 over Q (rank_p <= rank_Q <= a)
PASS        results/certs/b13_09/per7_12_5_3_3_2_1_1_d9_fullrank_p2147483647.json.gz  (4.4s)  cubic side: mult_per3((12, 5, 3, 3, 2, 1, 1), 9) = a = 1 mod 2147483647 in Sym^9(Sym^3 C^7) -- S_mu not in I(D_7^per3) (B13-09)
    [ok  ] cell: n in {3, 4} — n = 3
    [ok  ] cell: length(lambda) = r — lambda (12, 5, 3, 3, 2, 1, 1), r 7
    [ok  ] cell: lambda weakly decreasing
    [ok  ] cell: |lambda| = n*delta — 27 vs 3*9
    [ok  ] cell: a recomputed (Weyl alternation) — recomputed 1, claimed 1
    [ok  ] basis vector 0: highest weight mod 2147483647
    [ok  ] basis: 1 independent vectors = a — rank 1, a = 1
    [ok  ] evaluation of the a = 1 highest-weight vectors at 9 recorded permanent_pencil points has rank a mod 2147483647 — rank 1
    [ok  ] conclusion: mult_permanent_pencil(lambda, delta) = a = 1 over Q (rank_p <= rank_Q <= a)
PASS        results/certs/b13_09/per7_12_5_4_2_2_1_1_d9_fullrank_p2147483629.json.gz  (3.5s)  cubic side: mult_per3((12, 5, 4, 2, 2, 1, 1), 9) = a = 1 mod 2147483629 in Sym^9(Sym^3 C^7) -- S_mu not in I(D_7^per3) (B13-09)
    [ok  ] cell: n in {3, 4} — n = 3
    [ok  ] cell: length(lambda) = r — lambda (12, 5, 4, 2, 2, 1, 1), r 7
    [ok  ] cell: lambda weakly decreasing
    [ok  ] cell: |lambda| = n*delta — 27 vs 3*9
    [ok  ] cell: a recomputed (Weyl alternation) — recomputed 1, claimed 1
    [ok  ] basis vector 0: highest weight mod 2147483629
    [ok  ] basis: 1 independent vectors = a — rank 1, a = 1
    [ok  ] evaluation of the a = 1 highest-weight vectors at 9 recorded permanent_pencil points has rank a mod 2147483629 — rank 1
    [ok  ] conclusion: mult_permanent_pencil(lambda, delta) = a = 1 over Q (rank_p <= rank_Q <= a)
PASS        results/certs/b13_09/per7_12_5_4_2_2_1_1_d9_fullrank_p2147483647.json.gz  (3.5s)  cubic side: mult_per3((12, 5, 4, 2, 2, 1, 1), 9) = a = 1 mod 2147483647 in Sym^9(Sym^3 C^7) -- S_mu not in I(D_7^per3) (B13-09)
    [ok  ] cell: n in {3, 4} — n = 3
    [ok  ] cell: length(lambda) = r — lambda (12, 5, 4, 2, 2, 1, 1), r 7
    [ok  ] cell: lambda weakly decreasing
    [ok  ] cell: |lambda| = n*delta — 27 vs 3*9
    [ok  ] cell: a recomputed (Weyl alternation) — recomputed 1, claimed 1
    [ok  ] basis vector 0: highest weight mod 2147483647
    [ok  ] basis: 1 independent vectors = a — rank 1, a = 1
    [ok  ] evaluation of the a = 1 highest-weight vectors at 9 recorded permanent_pencil points has rank a mod 2147483647 — rank 1
    [ok  ] conclusion: mult_permanent_pencil(lambda, delta) = a = 1 over Q (rank_p <= rank_Q <= a)
PASS        results/certs/b13_09/per7_12_5_5_2_1_1_1_d9_fullrank_p2147483629.json.gz  (1.6s)  cubic side: mult_per3((12, 5, 5, 2, 1, 1, 1), 9) = a = 1 mod 2147483629 in Sym^9(Sym^3 C^7) -- S_mu not in I(D_7^per3) (B13-09)
    [ok  ] cell: n in {3, 4} — n = 3
    [ok  ] cell: length(lambda) = r — lambda (12, 5, 5, 2, 1, 1, 1), r 7
    [ok  ] cell: lambda weakly decreasing
    [ok  ] cell: |lambda| = n*delta — 27 vs 3*9
    [ok  ] cell: a recomputed (Weyl alternation) — recomputed 1, claimed 1
    [ok  ] basis vector 0: highest weight mod 2147483629
    [ok  ] basis: 1 independent vectors = a — rank 1, a = 1
    [ok  ] evaluation of the a = 1 highest-weight vectors at 9 recorded permanent_pencil points has rank a mod 2147483629 — rank 1
    [ok  ] conclusion: mult_permanent_pencil(lambda, delta) = a = 1 over Q (rank_p <= rank_Q <= a)
PASS        results/certs/b13_09/per7_12_5_5_2_1_1_1_d9_fullrank_p2147483647.json.gz  (1.7s)  cubic side: mult_per3((12, 5, 5, 2, 1, 1, 1), 9) = a = 1 mod 2147483647 in Sym^9(Sym^3 C^7) -- S_mu not in I(D_7^per3) (B13-09)
    [ok  ] cell: n in {3, 4} — n = 3
    [ok  ] cell: length(lambda) = r — lambda (12, 5, 5, 2, 1, 1, 1), r 7
    [ok  ] cell: lambda weakly decreasing
    [ok  ] cell: |lambda| = n*delta — 27 vs 3*9
    [ok  ] cell: a recomputed (Weyl alternation) — recomputed 1, claimed 1
    [ok  ] basis vector 0: highest weight mod 2147483647
    [ok  ] basis: 1 independent vectors = a — rank 1, a = 1
    [ok  ] evaluation of the a = 1 highest-weight vectors at 9 recorded permanent_pencil points has rank a mod 2147483647 — rank 1
    [ok  ] conclusion: mult_permanent_pencil(lambda, delta) = a = 1 over Q (rank_p <= rank_Q <= a)
PASS        results/certs/b13_09/per7_12_6_2_2_2_2_1_d9_fullrank_p2147483629.json.gz  (5.3s)  cubic side: mult_per3((12, 6, 2, 2, 2, 2, 1), 9) = a = 2 mod 2147483629 in Sym^9(Sym^3 C^7) -- S_mu not in I(D_7^per3) (B13-09)
    [ok  ] cell: n in {3, 4} — n = 3
    [ok  ] cell: length(lambda) = r — lambda (12, 6, 2, 2, 2, 2, 1), r 7
    [ok  ] cell: lambda weakly decreasing
    [ok  ] cell: |lambda| = n*delta — 27 vs 3*9
    [ok  ] cell: a recomputed (Weyl alternation) — recomputed 2, claimed 2
    [ok  ] basis vector 0: highest weight mod 2147483629
    [ok  ] basis vector 1: highest weight mod 2147483629
    [ok  ] basis: 2 independent vectors = a — rank 2, a = 2
    [ok  ] evaluation of the a = 2 highest-weight vectors at 10 recorded permanent_pencil points has rank a mod 2147483629 — rank 2
    [ok  ] conclusion: mult_permanent_pencil(lambda, delta) = a = 2 over Q (rank_p <= rank_Q <= a)
PASS        results/certs/b13_09/per7_12_6_2_2_2_2_1_d9_fullrank_p2147483647.json.gz  (5.0s)  cubic side: mult_per3((12, 6, 2, 2, 2, 2, 1), 9) = a = 2 mod 2147483647 in Sym^9(Sym^3 C^7) -- S_mu not in I(D_7^per3) (B13-09)
    [ok  ] cell: n in {3, 4} — n = 3
    [ok  ] cell: length(lambda) = r — lambda (12, 6, 2, 2, 2, 2, 1), r 7
    [ok  ] cell: lambda weakly decreasing
    [ok  ] cell: |lambda| = n*delta — 27 vs 3*9
    [ok  ] cell: a recomputed (Weyl alternation) — recomputed 2, claimed 2
    [ok  ] basis vector 0: highest weight mod 2147483647
    [ok  ] basis vector 1: highest weight mod 2147483647
    [ok  ] basis: 2 independent vectors = a — rank 2, a = 2
    [ok  ] evaluation of the a = 2 highest-weight vectors at 10 recorded permanent_pencil points has rank a mod 2147483647 — rank 2
    [ok  ] conclusion: mult_permanent_pencil(lambda, delta) = a = 2 over Q (rank_p <= rank_Q <= a)
PASS        results/certs/b13_09/per7_12_6_3_2_2_1_1_d9_fullrank_p2147483629.json.gz  (2.3s)  cubic side: mult_per3((12, 6, 3, 2, 2, 1, 1), 9) = a = 1 mod 2147483629 in Sym^9(Sym^3 C^7) -- S_mu not in I(D_7^per3) (B13-09)
    [ok  ] cell: n in {3, 4} — n = 3
    [ok  ] cell: length(lambda) = r — lambda (12, 6, 3, 2, 2, 1, 1), r 7
    [ok  ] cell: lambda weakly decreasing
    [ok  ] cell: |lambda| = n*delta — 27 vs 3*9
    [ok  ] cell: a recomputed (Weyl alternation) — recomputed 1, claimed 1
    [ok  ] basis vector 0: highest weight mod 2147483629
    [ok  ] basis: 1 independent vectors = a — rank 1, a = 1
    [ok  ] evaluation of the a = 1 highest-weight vectors at 9 recorded permanent_pencil points has rank a mod 2147483629 — rank 1
    [ok  ] conclusion: mult_permanent_pencil(lambda, delta) = a = 1 over Q (rank_p <= rank_Q <= a)
PASS        results/certs/b13_09/per7_12_6_3_2_2_1_1_d9_fullrank_p2147483647.json.gz  (2.1s)  cubic side: mult_per3((12, 6, 3, 2, 2, 1, 1), 9) = a = 1 mod 2147483647 in Sym^9(Sym^3 C^7) -- S_mu not in I(D_7^per3) (B13-09)
    [ok  ] cell: n in {3, 4} — n = 3
    [ok  ] cell: length(lambda) = r — lambda (12, 6, 3, 2, 2, 1, 1), r 7
    [ok  ] cell: lambda weakly decreasing
    [ok  ] cell: |lambda| = n*delta — 27 vs 3*9
    [ok  ] cell: a recomputed (Weyl alternation) — recomputed 1, claimed 1
    [ok  ] basis vector 0: highest weight mod 2147483647
    [ok  ] basis: 1 independent vectors = a — rank 1, a = 1
    [ok  ] evaluation of the a = 1 highest-weight vectors at 9 recorded permanent_pencil points has rank a mod 2147483647 — rank 1
    [ok  ] conclusion: mult_permanent_pencil(lambda, delta) = a = 1 over Q (rank_p <= rank_Q <= a)
PASS        results/certs/b13_09/per7_12_6_3_3_1_1_1_d9_fullrank_p2147483629.json.gz  (1.7s)  cubic side: mult_per3((12, 6, 3, 3, 1, 1, 1), 9) = a = 1 mod 2147483629 in Sym^9(Sym^3 C^7) -- S_mu not in I(D_7^per3) (B13-09)
    [ok  ] cell: n in {3, 4} — n = 3
    [ok  ] cell: length(lambda) = r — lambda (12, 6, 3, 3, 1, 1, 1), r 7
    [ok  ] cell: lambda weakly decreasing
    [ok  ] cell: |lambda| = n*delta — 27 vs 3*9
    [ok  ] cell: a recomputed (Weyl alternation) — recomputed 1, claimed 1
    [ok  ] basis vector 0: highest weight mod 2147483629
    [ok  ] basis: 1 independent vectors = a — rank 1, a = 1
    [ok  ] evaluation of the a = 1 highest-weight vectors at 9 recorded permanent_pencil points has rank a mod 2147483629 — rank 1
    [ok  ] conclusion: mult_permanent_pencil(lambda, delta) = a = 1 over Q (rank_p <= rank_Q <= a)
PASS        results/certs/b13_09/per7_12_6_3_3_1_1_1_d9_fullrank_p2147483647.json.gz  (1.7s)  cubic side: mult_per3((12, 6, 3, 3, 1, 1, 1), 9) = a = 1 mod 2147483647 in Sym^9(Sym^3 C^7) -- S_mu not in I(D_7^per3) (B13-09)
    [ok  ] cell: n in {3, 4} — n = 3
    [ok  ] cell: length(lambda) = r — lambda (12, 6, 3, 3, 1, 1, 1), r 7
    [ok  ] cell: lambda weakly decreasing
    [ok  ] cell: |lambda| = n*delta — 27 vs 3*9
    [ok  ] cell: a recomputed (Weyl alternation) — recomputed 1, claimed 1
    [ok  ] basis vector 0: highest weight mod 2147483647
    [ok  ] basis: 1 independent vectors = a — rank 1, a = 1
    [ok  ] evaluation of the a = 1 highest-weight vectors at 9 recorded permanent_pencil points has rank a mod 2147483647 — rank 1
    [ok  ] conclusion: mult_permanent_pencil(lambda, delta) = a = 1 over Q (rank_p <= rank_Q <= a)
PASS        results/certs/b13_09/per7_13_4_2_2_2_2_2_d9_fullrank_p2147483629.json.gz  (6.7s)  cubic side: mult_per3((13, 4, 2, 2, 2, 2, 2), 9) = a = 2 mod 2147483629 in Sym^9(Sym^3 C^7) -- S_mu not in I(D_7^per3) (B13-09)
    [ok  ] cell: n in {3, 4} — n = 3
    [ok  ] cell: length(lambda) = r — lambda (13, 4, 2, 2, 2, 2, 2), r 7
    [ok  ] cell: lambda weakly decreasing
    [ok  ] cell: |lambda| = n*delta — 27 vs 3*9
    [ok  ] cell: a recomputed (Weyl alternation) — recomputed 2, claimed 2
    [ok  ] basis vector 0: highest weight mod 2147483629
    [ok  ] basis vector 1: highest weight mod 2147483629
    [ok  ] basis: 2 independent vectors = a — rank 2, a = 2
    [ok  ] evaluation of the a = 2 highest-weight vectors at 10 recorded permanent_pencil points has rank a mod 2147483629 — rank 2
    [ok  ] conclusion: mult_permanent_pencil(lambda, delta) = a = 2 over Q (rank_p <= rank_Q <= a)
PASS        results/certs/b13_09/per7_13_4_2_2_2_2_2_d9_fullrank_p2147483647.json.gz  (6.8s)  cubic side: mult_per3((13, 4, 2, 2, 2, 2, 2), 9) = a = 2 mod 2147483647 in Sym^9(Sym^3 C^7) -- S_mu not in I(D_7^per3) (B13-09)
    [ok  ] cell: n in {3, 4} — n = 3
    [ok  ] cell: length(lambda) = r — lambda (13, 4, 2, 2, 2, 2, 2), r 7
    [ok  ] cell: lambda weakly decreasing
    [ok  ] cell: |lambda| = n*delta — 27 vs 3*9
    [ok  ] cell: a recomputed (Weyl alternation) — recomputed 2, claimed 2
    [ok  ] basis vector 0: highest weight mod 2147483647
    [ok  ] basis vector 1: highest weight mod 2147483647
    [ok  ] basis: 2 independent vectors = a — rank 2, a = 2
    [ok  ] evaluation of the a = 2 highest-weight vectors at 10 recorded permanent_pencil points has rank a mod 2147483647 — rank 2
    [ok  ] conclusion: mult_permanent_pencil(lambda, delta) = a = 2 over Q (rank_p <= rank_Q <= a)
PASS        results/certs/b13_09/per7_13_4_3_2_2_2_1_d9_fullrank_p2147483629.json.gz  (4.3s)  cubic side: mult_per3((13, 4, 3, 2, 2, 2, 1), 9) = a = 1 mod 2147483629 in Sym^9(Sym^3 C^7) -- S_mu not in I(D_7^per3) (B13-09)
    [ok  ] cell: n in {3, 4} — n = 3
    [ok  ] cell: length(lambda) = r — lambda (13, 4, 3, 2, 2, 2, 1), r 7
    [ok  ] cell: lambda weakly decreasing
    [ok  ] cell: |lambda| = n*delta — 27 vs 3*9
    [ok  ] cell: a recomputed (Weyl alternation) — recomputed 1, claimed 1
    [ok  ] basis vector 0: highest weight mod 2147483629
    [ok  ] basis: 1 independent vectors = a — rank 1, a = 1
    [ok  ] evaluation of the a = 1 highest-weight vectors at 9 recorded permanent_pencil points has rank a mod 2147483629 — rank 1
    [ok  ] conclusion: mult_permanent_pencil(lambda, delta) = a = 1 over Q (rank_p <= rank_Q <= a)
PASS        results/certs/b13_09/per7_13_4_3_2_2_2_1_d9_fullrank_p2147483647.json.gz  (4.0s)  cubic side: mult_per3((13, 4, 3, 2, 2, 2, 1), 9) = a = 1 mod 2147483647 in Sym^9(Sym^3 C^7) -- S_mu not in I(D_7^per3) (B13-09)
    [ok  ] cell: n in {3, 4} — n = 3
    [ok  ] cell: length(lambda) = r — lambda (13, 4, 3, 2, 2, 2, 1), r 7
    [ok  ] cell: lambda weakly decreasing
    [ok  ] cell: |lambda| = n*delta — 27 vs 3*9
    [ok  ] cell: a recomputed (Weyl alternation) — recomputed 1, claimed 1
    [ok  ] basis vector 0: highest weight mod 2147483647
    [ok  ] basis: 1 independent vectors = a — rank 1, a = 1
    [ok  ] evaluation of the a = 1 highest-weight vectors at 9 recorded permanent_pencil points has rank a mod 2147483647 — rank 1
    [ok  ] conclusion: mult_permanent_pencil(lambda, delta) = a = 1 over Q (rank_p <= rank_Q <= a)
PASS        results/certs/b13_09/per7_13_5_2_2_2_2_1_d9_fullrank_p2147483629.json.gz  (2.8s)  cubic side: mult_per3((13, 5, 2, 2, 2, 2, 1), 9) = a = 1 mod 2147483629 in Sym^9(Sym^3 C^7) -- S_mu not in I(D_7^per3) (B13-09)
    [ok  ] cell: n in {3, 4} — n = 3
    [ok  ] cell: length(lambda) = r — lambda (13, 5, 2, 2, 2, 2, 1), r 7
    [ok  ] cell: lambda weakly decreasing
    [ok  ] cell: |lambda| = n*delta — 27 vs 3*9
    [ok  ] cell: a recomputed (Weyl alternation) — recomputed 1, claimed 1
    [ok  ] basis vector 0: highest weight mod 2147483629
    [ok  ] basis: 1 independent vectors = a — rank 1, a = 1
    [ok  ] evaluation of the a = 1 highest-weight vectors at 9 recorded permanent_pencil points has rank a mod 2147483629 — rank 1
    [ok  ] conclusion: mult_permanent_pencil(lambda, delta) = a = 1 over Q (rank_p <= rank_Q <= a)
PASS        results/certs/b13_09/per7_13_5_2_2_2_2_1_d9_fullrank_p2147483647.json.gz  (2.6s)  cubic side: mult_per3((13, 5, 2, 2, 2, 2, 1), 9) = a = 1 mod 2147483647 in Sym^9(Sym^3 C^7) -- S_mu not in I(D_7^per3) (B13-09)
    [ok  ] cell: n in {3, 4} — n = 3
    [ok  ] cell: length(lambda) = r — lambda (13, 5, 2, 2, 2, 2, 1), r 7
    [ok  ] cell: lambda weakly decreasing
    [ok  ] cell: |lambda| = n*delta — 27 vs 3*9
    [ok  ] cell: a recomputed (Weyl alternation) — recomputed 1, claimed 1
    [ok  ] basis vector 0: highest weight mod 2147483647
    [ok  ] basis: 1 independent vectors = a — rank 1, a = 1
    [ok  ] evaluation of the a = 1 highest-weight vectors at 9 recorded permanent_pencil points has rank a mod 2147483647 — rank 1
    [ok  ] conclusion: mult_permanent_pencil(lambda, delta) = a = 1 over Q (rank_p <= rank_Q <= a)
PASS        results/certs/b13_09/per7_13_5_3_2_2_1_1_d9_fullrank_p2147483629.json.gz  (1.7s)  cubic side: mult_per3((13, 5, 3, 2, 2, 1, 1), 9) = a = 1 mod 2147483629 in Sym^9(Sym^3 C^7) -- S_mu not in I(D_7^per3) (B13-09)
    [ok  ] cell: n in {3, 4} — n = 3
    [ok  ] cell: length(lambda) = r — lambda (13, 5, 3, 2, 2, 1, 1), r 7
    [ok  ] cell: lambda weakly decreasing
    [ok  ] cell: |lambda| = n*delta — 27 vs 3*9
    [ok  ] cell: a recomputed (Weyl alternation) — recomputed 1, claimed 1
    [ok  ] basis vector 0: highest weight mod 2147483629
    [ok  ] basis: 1 independent vectors = a — rank 1, a = 1
    [ok  ] evaluation of the a = 1 highest-weight vectors at 9 recorded permanent_pencil points has rank a mod 2147483629 — rank 1
    [ok  ] conclusion: mult_permanent_pencil(lambda, delta) = a = 1 over Q (rank_p <= rank_Q <= a)
PASS        results/certs/b13_09/per7_13_5_3_2_2_1_1_d9_fullrank_p2147483647.json.gz  (1.8s)  cubic side: mult_per3((13, 5, 3, 2, 2, 1, 1), 9) = a = 1 mod 2147483647 in Sym^9(Sym^3 C^7) -- S_mu not in I(D_7^per3) (B13-09)
    [ok  ] cell: n in {3, 4} — n = 3
    [ok  ] cell: length(lambda) = r — lambda (13, 5, 3, 2, 2, 1, 1), r 7
    [ok  ] cell: lambda weakly decreasing
    [ok  ] cell: |lambda| = n*delta — 27 vs 3*9
    [ok  ] cell: a recomputed (Weyl alternation) — recomputed 1, claimed 1
    [ok  ] basis vector 0: highest weight mod 2147483647
    [ok  ] basis: 1 independent vectors = a — rank 1, a = 1
    [ok  ] evaluation of the a = 1 highest-weight vectors at 9 recorded permanent_pencil points has rank a mod 2147483647 — rank 1
    [ok  ] conclusion: mult_permanent_pencil(lambda, delta) = a = 1 over Q (rank_p <= rank_Q <= a)
PASS        results/certs/b13_09/per7_14_3_2_2_2_2_2_d9_fullrank_p2147483629.json.gz  (3.5s)  cubic side: mult_per3((14, 3, 2, 2, 2, 2, 2), 9) = a = 1 mod 2147483629 in Sym^9(Sym^3 C^7) -- S_mu not in I(D_7^per3) (B13-09)
    [ok  ] cell: n in {3, 4} — n = 3
    [ok  ] cell: length(lambda) = r — lambda (14, 3, 2, 2, 2, 2, 2), r 7
    [ok  ] cell: lambda weakly decreasing
    [ok  ] cell: |lambda| = n*delta — 27 vs 3*9
    [ok  ] cell: a recomputed (Weyl alternation) — recomputed 1, claimed 1
    [ok  ] basis vector 0: highest weight mod 2147483629
    [ok  ] basis: 1 independent vectors = a — rank 1, a = 1
    [ok  ] evaluation of the a = 1 highest-weight vectors at 9 recorded permanent_pencil points has rank a mod 2147483629 — rank 1
    [ok  ] conclusion: mult_permanent_pencil(lambda, delta) = a = 1 over Q (rank_p <= rank_Q <= a)
PASS        results/certs/b13_09/per7_14_3_2_2_2_2_2_d9_fullrank_p2147483647.json.gz  (3.3s)  cubic side: mult_per3((14, 3, 2, 2, 2, 2, 2), 9) = a = 1 mod 2147483647 in Sym^9(Sym^3 C^7) -- S_mu not in I(D_7^per3) (B13-09)
    [ok  ] cell: n in {3, 4} — n = 3
    [ok  ] cell: length(lambda) = r — lambda (14, 3, 2, 2, 2, 2, 2), r 7
    [ok  ] cell: lambda weakly decreasing
    [ok  ] cell: |lambda| = n*delta — 27 vs 3*9
    [ok  ] cell: a recomputed (Weyl alternation) — recomputed 1, claimed 1
    [ok  ] basis vector 0: highest weight mod 2147483647
    [ok  ] basis: 1 independent vectors = a — rank 1, a = 1
    [ok  ] evaluation of the a = 1 highest-weight vectors at 9 recorded permanent_pencil points has rank a mod 2147483647 — rank 1
    [ok  ] conclusion: mult_permanent_pencil(lambda, delta) = a = 1 over Q (rank_p <= rank_Q <= a)
PASS        results/certs/b13_09/per7_14_4_2_2_2_2_1_d9_fullrank_p2147483629.json.gz  (1.8s)  cubic side: mult_per3((14, 4, 2, 2, 2, 2, 1), 9) = a = 1 mod 2147483629 in Sym^9(Sym^3 C^7) -- S_mu not in I(D_7^per3) (B13-09)
    [ok  ] cell: n in {3, 4} — n = 3
    [ok  ] cell: length(lambda) = r — lambda (14, 4, 2, 2, 2, 2, 1), r 7
    [ok  ] cell: lambda weakly decreasing
    [ok  ] cell: |lambda| = n*delta — 27 vs 3*9
    [ok  ] cell: a recomputed (Weyl alternation) — recomputed 1, claimed 1
    [ok  ] basis vector 0: highest weight mod 2147483629
    [ok  ] basis: 1 independent vectors = a — rank 1, a = 1
    [ok  ] evaluation of the a = 1 highest-weight vectors at 9 recorded permanent_pencil points has rank a mod 2147483629 — rank 1
    [ok  ] conclusion: mult_permanent_pencil(lambda, delta) = a = 1 over Q (rank_p <= rank_Q <= a)
PASS        results/certs/b13_09/per7_14_4_2_2_2_2_1_d9_fullrank_p2147483647.json.gz  (1.7s)  cubic side: mult_per3((14, 4, 2, 2, 2, 2, 1), 9) = a = 1 mod 2147483647 in Sym^9(Sym^3 C^7) -- S_mu not in I(D_7^per3) (B13-09)
    [ok  ] cell: n in {3, 4} — n = 3
    [ok  ] cell: length(lambda) = r — lambda (14, 4, 2, 2, 2, 2, 1), r 7
    [ok  ] cell: lambda weakly decreasing
    [ok  ] cell: |lambda| = n*delta — 27 vs 3*9
    [ok  ] cell: a recomputed (Weyl alternation) — recomputed 1, claimed 1
    [ok  ] basis vector 0: highest weight mod 2147483647
    [ok  ] basis: 1 independent vectors = a — rank 1, a = 1
    [ok  ] evaluation of the a = 1 highest-weight vectors at 9 recorded permanent_pencil points has rank a mod 2147483647 — rank 1
    [ok  ] conclusion: mult_permanent_pencil(lambda, delta) = a = 1 over Q (rank_p <= rank_Q <= a)
PASS        results/certs/b13_09/per7_15_2_2_2_2_2_2_d9_fullrank_p2147483629.json.gz  (2.3s)  cubic side: mult_per3((15, 2, 2, 2, 2, 2, 2), 9) = a = 1 mod 2147483629 in Sym^9(Sym^3 C^7) -- S_mu not in I(D_7^per3) (B13-09)
    [ok  ] cell: n in {3, 4} — n = 3
    [ok  ] cell: length(lambda) = r — lambda (15, 2, 2, 2, 2, 2, 2), r 7
    [ok  ] cell: lambda weakly decreasing
    [ok  ] cell: |lambda| = n*delta — 27 vs 3*9
    [ok  ] cell: a recomputed (Weyl alternation) — recomputed 1, claimed 1
    [ok  ] basis vector 0: highest weight mod 2147483629
    [ok  ] basis: 1 independent vectors = a — rank 1, a = 1
    [ok  ] evaluation of the a = 1 highest-weight vectors at 9 recorded permanent_pencil points has rank a mod 2147483629 — rank 1
    [ok  ] conclusion: mult_permanent_pencil(lambda, delta) = a = 1 over Q (rank_p <= rank_Q <= a)
PASS        results/certs/b13_09/per7_15_2_2_2_2_2_2_d9_fullrank_p2147483647.json.gz  (2.4s)  cubic side: mult_per3((15, 2, 2, 2, 2, 2, 2), 9) = a = 1 mod 2147483647 in Sym^9(Sym^3 C^7) -- S_mu not in I(D_7^per3) (B13-09)
    [ok  ] cell: n in {3, 4} — n = 3
    [ok  ] cell: length(lambda) = r — lambda (15, 2, 2, 2, 2, 2, 2), r 7
    [ok  ] cell: lambda weakly decreasing
    [ok  ] cell: |lambda| = n*delta — 27 vs 3*9
    [ok  ] cell: a recomputed (Weyl alternation) — recomputed 1, claimed 1
    [ok  ] basis vector 0: highest weight mod 2147483647
    [ok  ] basis: 1 independent vectors = a — rank 1, a = 1
    [ok  ] evaluation of the a = 1 highest-weight vectors at 9 recorded permanent_pencil points has rank a mod 2147483647 — rank 1
    [ok  ] conclusion: mult_permanent_pencil(lambda, delta) = a = 1 over Q (rank_p <= rank_Q <= a)
PASS        results/certs/b13_09/per7_6_5_5_2_1_1_1_d7_fullrank_p2147483629.json.gz  (0.9s)  cubic side: mult_per3((6, 5, 5, 2, 1, 1, 1), 7) = a = 1 mod 2147483629 in Sym^7(Sym^3 C^7) -- S_mu not in I(D_7^per3) (B13-09)
    [ok  ] cell: n in {3, 4} — n = 3
    [ok  ] cell: length(lambda) = r — lambda (6, 5, 5, 2, 1, 1, 1), r 7
    [ok  ] cell: lambda weakly decreasing
    [ok  ] cell: |lambda| = n*delta — 21 vs 3*7
    [ok  ] cell: a recomputed (Weyl alternation) — recomputed 1, claimed 1
    [ok  ] basis vector 0: highest weight mod 2147483629
    [ok  ] basis: 1 independent vectors = a — rank 1, a = 1
    [ok  ] evaluation of the a = 1 highest-weight vectors at 9 recorded permanent_pencil points has rank a mod 2147483629 — rank 1
    [ok  ] conclusion: mult_permanent_pencil(lambda, delta) = a = 1 over Q (rank_p <= rank_Q <= a)
PASS        results/certs/b13_09/per7_6_5_5_2_1_1_1_d7_fullrank_p2147483647.json.gz  (0.9s)  cubic side: mult_per3((6, 5, 5, 2, 1, 1, 1), 7) = a = 1 mod 2147483647 in Sym^7(Sym^3 C^7) -- S_mu not in I(D_7^per3) (B13-09)
    [ok  ] cell: n in {3, 4} — n = 3
    [ok  ] cell: length(lambda) = r — lambda (6, 5, 5, 2, 1, 1, 1), r 7
    [ok  ] cell: lambda weakly decreasing
    [ok  ] cell: |lambda| = n*delta — 21 vs 3*7
    [ok  ] cell: a recomputed (Weyl alternation) — recomputed 1, claimed 1
    [ok  ] basis vector 0: highest weight mod 2147483647
    [ok  ] basis: 1 independent vectors = a — rank 1, a = 1
    [ok  ] evaluation of the a = 1 highest-weight vectors at 9 recorded permanent_pencil points has rank a mod 2147483647 — rank 1
    [ok  ] conclusion: mult_permanent_pencil(lambda, delta) = a = 1 over Q (rank_p <= rank_Q <= a)
PASS        results/certs/b13_09/per7_6_5_5_4_2_1_1_d8_fullrank_p2147483629.json.gz  (8.7s)  cubic side: mult_per3((6, 5, 5, 4, 2, 1, 1), 8) = a = 1 mod 2147483629 in Sym^8(Sym^3 C^7) -- S_mu not in I(D_7^per3) (B13-09)
    [ok  ] cell: n in {3, 4} — n = 3
    [ok  ] cell: length(lambda) = r — lambda (6, 5, 5, 4, 2, 1, 1), r 7
    [ok  ] cell: lambda weakly decreasing
    [ok  ] cell: |lambda| = n*delta — 24 vs 3*8
    [ok  ] cell: a recomputed (Weyl alternation) — recomputed 1, claimed 1
    [ok  ] basis vector 0: highest weight mod 2147483629
    [ok  ] basis: 1 independent vectors = a — rank 1, a = 1
    [ok  ] evaluation of the a = 1 highest-weight vectors at 9 recorded permanent_pencil points has rank a mod 2147483629 — rank 1
    [ok  ] conclusion: mult_permanent_pencil(lambda, delta) = a = 1 over Q (rank_p <= rank_Q <= a)
PASS        results/certs/b13_09/per7_6_5_5_4_2_1_1_d8_fullrank_p2147483647.json.gz  (9.3s)  cubic side: mult_per3((6, 5, 5, 4, 2, 1, 1), 8) = a = 1 mod 2147483647 in Sym^8(Sym^3 C^7) -- S_mu not in I(D_7^per3) (B13-09)
    [ok  ] cell: n in {3, 4} — n = 3
    [ok  ] cell: length(lambda) = r — lambda (6, 5, 5, 4, 2, 1, 1), r 7
    [ok  ] cell: lambda weakly decreasing
    [ok  ] cell: |lambda| = n*delta — 24 vs 3*8
    [ok  ] cell: a recomputed (Weyl alternation) — recomputed 1, claimed 1
    [ok  ] basis vector 0: highest weight mod 2147483647
    [ok  ] basis: 1 independent vectors = a — rank 1, a = 1
    [ok  ] evaluation of the a = 1 highest-weight vectors at 9 recorded permanent_pencil points has rank a mod 2147483647 — rank 1
    [ok  ] conclusion: mult_permanent_pencil(lambda, delta) = a = 1 over Q (rank_p <= rank_Q <= a)
PASS        results/certs/b13_09/per7_6_5_5_5_1_1_1_d8_fullrank_p2147483629.json.gz  (10.0s)  cubic side: mult_per3((6, 5, 5, 5, 1, 1, 1), 8) = a = 1 mod 2147483629 in Sym^8(Sym^3 C^7) -- S_mu not in I(D_7^per3) (B13-09)
    [ok  ] cell: n in {3, 4} — n = 3
    [ok  ] cell: length(lambda) = r — lambda (6, 5, 5, 5, 1, 1, 1), r 7
    [ok  ] cell: lambda weakly decreasing
    [ok  ] cell: |lambda| = n*delta — 24 vs 3*8
    [ok  ] cell: a recomputed (Weyl alternation) — recomputed 1, claimed 1
    [ok  ] basis vector 0: highest weight mod 2147483629
    [ok  ] basis: 1 independent vectors = a — rank 1, a = 1
    [ok  ] evaluation of the a = 1 highest-weight vectors at 9 recorded permanent_pencil points has rank a mod 2147483629 — rank 1
    [ok  ] conclusion: mult_permanent_pencil(lambda, delta) = a = 1 over Q (rank_p <= rank_Q <= a)
PASS        results/certs/b13_09/per7_6_5_5_5_1_1_1_d8_fullrank_p2147483647.json.gz  (9.4s)  cubic side: mult_per3((6, 5, 5, 5, 1, 1, 1), 8) = a = 1 mod 2147483647 in Sym^8(Sym^3 C^7) -- S_mu not in I(D_7^per3) (B13-09)
    [ok  ] cell: n in {3, 4} — n = 3
    [ok  ] cell: length(lambda) = r — lambda (6, 5, 5, 5, 1, 1, 1), r 7
    [ok  ] cell: lambda weakly decreasing
    [ok  ] cell: |lambda| = n*delta — 24 vs 3*8
    [ok  ] cell: a recomputed (Weyl alternation) — recomputed 1, claimed 1
    [ok  ] basis vector 0: highest weight mod 2147483647
    [ok  ] basis: 1 independent vectors = a — rank 1, a = 1
    [ok  ] evaluation of the a = 1 highest-weight vectors at 9 recorded permanent_pencil points has rank a mod 2147483647 — rank 1
    [ok  ] conclusion: mult_permanent_pencil(lambda, delta) = a = 1 over Q (rank_p <= rank_Q <= a)
PASS        results/certs/b13_09/per7_6_6_3_3_1_1_1_d7_fullrank_p2147483629.json.gz  (0.9s)  cubic side: mult_per3((6, 6, 3, 3, 1, 1, 1), 7) = a = 1 mod 2147483629 in Sym^7(Sym^3 C^7) -- S_mu not in I(D_7^per3) (B13-09)
    [ok  ] cell: n in {3, 4} — n = 3
    [ok  ] cell: length(lambda) = r — lambda (6, 6, 3, 3, 1, 1, 1), r 7
    [ok  ] cell: lambda weakly decreasing
    [ok  ] cell: |lambda| = n*delta — 21 vs 3*7
    [ok  ] cell: a recomputed (Weyl alternation) — recomputed 1, claimed 1
    [ok  ] basis vector 0: highest weight mod 2147483629
    [ok  ] basis: 1 independent vectors = a — rank 1, a = 1
    [ok  ] evaluation of the a = 1 highest-weight vectors at 9 recorded permanent_pencil points has rank a mod 2147483629 — rank 1
    [ok  ] conclusion: mult_permanent_pencil(lambda, delta) = a = 1 over Q (rank_p <= rank_Q <= a)
PASS        results/certs/b13_09/per7_6_6_3_3_1_1_1_d7_fullrank_p2147483647.json.gz  (0.8s)  cubic side: mult_per3((6, 6, 3, 3, 1, 1, 1), 7) = a = 1 mod 2147483647 in Sym^7(Sym^3 C^7) -- S_mu not in I(D_7^per3) (B13-09)
    [ok  ] cell: n in {3, 4} — n = 3
    [ok  ] cell: length(lambda) = r — lambda (6, 6, 3, 3, 1, 1, 1), r 7
    [ok  ] cell: lambda weakly decreasing
    [ok  ] cell: |lambda| = n*delta — 21 vs 3*7
    [ok  ] cell: a recomputed (Weyl alternation) — recomputed 1, claimed 1
    [ok  ] basis vector 0: highest weight mod 2147483647
    [ok  ] basis: 1 independent vectors = a — rank 1, a = 1
    [ok  ] evaluation of the a = 1 highest-weight vectors at 9 recorded permanent_pencil points has rank a mod 2147483647 — rank 1
    [ok  ] conclusion: mult_permanent_pencil(lambda, delta) = a = 1 over Q (rank_p <= rank_Q <= a)
PASS        results/certs/b13_09/per7_6_6_4_3_3_1_1_d8_fullrank_p2147483629.json.gz  (7.0s)  cubic side: mult_per3((6, 6, 4, 3, 3, 1, 1), 8) = a = 1 mod 2147483629 in Sym^8(Sym^3 C^7) -- S_mu not in I(D_7^per3) (B13-09)
    [ok  ] cell: n in {3, 4} — n = 3
    [ok  ] cell: length(lambda) = r — lambda (6, 6, 4, 3, 3, 1, 1), r 7
    [ok  ] cell: lambda weakly decreasing
    [ok  ] cell: |lambda| = n*delta — 24 vs 3*8
    [ok  ] cell: a recomputed (Weyl alternation) — recomputed 1, claimed 1
    [ok  ] basis vector 0: highest weight mod 2147483629
    [ok  ] basis: 1 independent vectors = a — rank 1, a = 1
    [ok  ] evaluation of the a = 1 highest-weight vectors at 9 recorded permanent_pencil points has rank a mod 2147483629 — rank 1
    [ok  ] conclusion: mult_permanent_pencil(lambda, delta) = a = 1 over Q (rank_p <= rank_Q <= a)
PASS        results/certs/b13_09/per7_6_6_4_3_3_1_1_d8_fullrank_p2147483647.json.gz  (7.5s)  cubic side: mult_per3((6, 6, 4, 3, 3, 1, 1), 8) = a = 1 mod 2147483647 in Sym^8(Sym^3 C^7) -- S_mu not in I(D_7^per3) (B13-09)
    [ok  ] cell: n in {3, 4} — n = 3
    [ok  ] cell: length(lambda) = r — lambda (6, 6, 4, 3, 3, 1, 1), r 7
    [ok  ] cell: lambda weakly decreasing
    [ok  ] cell: |lambda| = n*delta — 24 vs 3*8
    [ok  ] cell: a recomputed (Weyl alternation) — recomputed 1, claimed 1
    [ok  ] basis vector 0: highest weight mod 2147483647
    [ok  ] basis: 1 independent vectors = a — rank 1, a = 1
    [ok  ] evaluation of the a = 1 highest-weight vectors at 9 recorded permanent_pencil points has rank a mod 2147483647 — rank 1
    [ok  ] conclusion: mult_permanent_pencil(lambda, delta) = a = 1 over Q (rank_p <= rank_Q <= a)
PASS        results/certs/b13_09/per7_6_6_5_3_2_1_1_d8_fullrank_p2147483629.json.gz  (13.0s)  cubic side: mult_per3((6, 6, 5, 3, 2, 1, 1), 8) = a = 1 mod 2147483629 in Sym^8(Sym^3 C^7) -- S_mu not in I(D_7^per3) (B13-09)
    [ok  ] cell: n in {3, 4} — n = 3
    [ok  ] cell: length(lambda) = r — lambda (6, 6, 5, 3, 2, 1, 1), r 7
    [ok  ] cell: lambda weakly decreasing
    [ok  ] cell: |lambda| = n*delta — 24 vs 3*8
    [ok  ] cell: a recomputed (Weyl alternation) — recomputed 1, claimed 1
    [ok  ] basis vector 0: highest weight mod 2147483629
    [ok  ] basis: 1 independent vectors = a — rank 1, a = 1
    [ok  ] evaluation of the a = 1 highest-weight vectors at 9 recorded permanent_pencil points has rank a mod 2147483629 — rank 1
    [ok  ] conclusion: mult_permanent_pencil(lambda, delta) = a = 1 over Q (rank_p <= rank_Q <= a)
PASS        results/certs/b13_09/per7_6_6_5_3_2_1_1_d8_fullrank_p2147483647.json.gz  (12.8s)  cubic side: mult_per3((6, 6, 5, 3, 2, 1, 1), 8) = a = 1 mod 2147483647 in Sym^8(Sym^3 C^7) -- S_mu not in I(D_7^per3) (B13-09)
    [ok  ] cell: n in {3, 4} — n = 3
    [ok  ] cell: length(lambda) = r — lambda (6, 6, 5, 3, 2, 1, 1), r 7
    [ok  ] cell: lambda weakly decreasing
    [ok  ] cell: |lambda| = n*delta — 24 vs 3*8
    [ok  ] cell: a recomputed (Weyl alternation) — recomputed 1, claimed 1
    [ok  ] basis vector 0: highest weight mod 2147483647
    [ok  ] basis: 1 independent vectors = a — rank 1, a = 1
    [ok  ] evaluation of the a = 1 highest-weight vectors at 9 recorded permanent_pencil points has rank a mod 2147483647 — rank 1
    [ok  ] conclusion: mult_permanent_pencil(lambda, delta) = a = 1 over Q (rank_p <= rank_Q <= a)
PASS        results/certs/b13_09/per7_7_5_3_2_2_1_1_d7_fullrank_p2147483629.json.gz  (1.0s)  cubic side: mult_per3((7, 5, 3, 2, 2, 1, 1), 7) = a = 1 mod 2147483629 in Sym^7(Sym^3 C^7) -- S_mu not in I(D_7^per3) (B13-09)
    [ok  ] cell: n in {3, 4} — n = 3
    [ok  ] cell: length(lambda) = r — lambda (7, 5, 3, 2, 2, 1, 1), r 7
    [ok  ] cell: lambda weakly decreasing
    [ok  ] cell: |lambda| = n*delta — 21 vs 3*7
    [ok  ] cell: a recomputed (Weyl alternation) — recomputed 1, claimed 1
    [ok  ] basis vector 0: highest weight mod 2147483629
    [ok  ] basis: 1 independent vectors = a — rank 1, a = 1
    [ok  ] evaluation of the a = 1 highest-weight vectors at 9 recorded permanent_pencil points has rank a mod 2147483629 — rank 1
    [ok  ] conclusion: mult_permanent_pencil(lambda, delta) = a = 1 over Q (rank_p <= rank_Q <= a)
PASS        results/certs/b13_09/per7_7_5_3_2_2_1_1_d7_fullrank_p2147483647.json.gz  (1.0s)  cubic side: mult_per3((7, 5, 3, 2, 2, 1, 1), 7) = a = 1 mod 2147483647 in Sym^7(Sym^3 C^7) -- S_mu not in I(D_7^per3) (B13-09)
    [ok  ] cell: n in {3, 4} — n = 3
    [ok  ] cell: length(lambda) = r — lambda (7, 5, 3, 2, 2, 1, 1), r 7
    [ok  ] cell: lambda weakly decreasing
    [ok  ] cell: |lambda| = n*delta — 21 vs 3*7
    [ok  ] cell: a recomputed (Weyl alternation) — recomputed 1, claimed 1
    [ok  ] basis vector 0: highest weight mod 2147483647
    [ok  ] basis: 1 independent vectors = a — rank 1, a = 1
    [ok  ] evaluation of the a = 1 highest-weight vectors at 9 recorded permanent_pencil points has rank a mod 2147483647 — rank 1
    [ok  ] conclusion: mult_permanent_pencil(lambda, delta) = a = 1 over Q (rank_p <= rank_Q <= a)
PASS        results/certs/b13_09/per7_7_5_5_3_2_1_1_d8_fullrank_p2147483629.json.gz  (17.2s)  cubic side: mult_per3((7, 5, 5, 3, 2, 1, 1), 8) = a = 1 mod 2147483629 in Sym^8(Sym^3 C^7) -- S_mu not in I(D_7^per3) (B13-09)
    [ok  ] cell: n in {3, 4} — n = 3
    [ok  ] cell: length(lambda) = r — lambda (7, 5, 5, 3, 2, 1, 1), r 7
    [ok  ] cell: lambda weakly decreasing
    [ok  ] cell: |lambda| = n*delta — 24 vs 3*8
    [ok  ] cell: a recomputed (Weyl alternation) — recomputed 1, claimed 1
    [ok  ] basis vector 0: highest weight mod 2147483629
    [ok  ] basis: 1 independent vectors = a — rank 1, a = 1
    [ok  ] evaluation of the a = 1 highest-weight vectors at 9 recorded permanent_pencil points has rank a mod 2147483629 — rank 1
    [ok  ] conclusion: mult_permanent_pencil(lambda, delta) = a = 1 over Q (rank_p <= rank_Q <= a)
PASS        results/certs/b13_09/per7_7_5_5_3_2_1_1_d8_fullrank_p2147483647.json.gz  (18.9s)  cubic side: mult_per3((7, 5, 5, 3, 2, 1, 1), 8) = a = 1 mod 2147483647 in Sym^8(Sym^3 C^7) -- S_mu not in I(D_7^per3) (B13-09)
    [ok  ] cell: n in {3, 4} — n = 3
    [ok  ] cell: length(lambda) = r — lambda (7, 5, 5, 3, 2, 1, 1), r 7
    [ok  ] cell: lambda weakly decreasing
    [ok  ] cell: |lambda| = n*delta — 24 vs 3*8
    [ok  ] cell: a recomputed (Weyl alternation) — recomputed 1, claimed 1
    [ok  ] basis vector 0: highest weight mod 2147483647
    [ok  ] basis: 1 independent vectors = a — rank 1, a = 1
    [ok  ] evaluation of the a = 1 highest-weight vectors at 9 recorded permanent_pencil points has rank a mod 2147483647 — rank 1
    [ok  ] conclusion: mult_permanent_pencil(lambda, delta) = a = 1 over Q (rank_p <= rank_Q <= a)
PASS        results/certs/b13_09/per7_7_5_5_4_1_1_1_d8_fullrank_p2147483629.json.gz  (6.8s)  cubic side: mult_per3((7, 5, 5, 4, 1, 1, 1), 8) = a = 1 mod 2147483629 in Sym^8(Sym^3 C^7) -- S_mu not in I(D_7^per3) (B13-09)
    [ok  ] cell: n in {3, 4} — n = 3
    [ok  ] cell: length(lambda) = r — lambda (7, 5, 5, 4, 1, 1, 1), r 7
    [ok  ] cell: lambda weakly decreasing
    [ok  ] cell: |lambda| = n*delta — 24 vs 3*8
    [ok  ] cell: a recomputed (Weyl alternation) — recomputed 1, claimed 1
    [ok  ] basis vector 0: highest weight mod 2147483629
    [ok  ] basis: 1 independent vectors = a — rank 1, a = 1
    [ok  ] evaluation of the a = 1 highest-weight vectors at 9 recorded permanent_pencil points has rank a mod 2147483629 — rank 1
    [ok  ] conclusion: mult_permanent_pencil(lambda, delta) = a = 1 over Q (rank_p <= rank_Q <= a)
PASS        results/certs/b13_09/per7_7_5_5_4_1_1_1_d8_fullrank_p2147483647.json.gz  (6.9s)  cubic side: mult_per3((7, 5, 5, 4, 1, 1, 1), 8) = a = 1 mod 2147483647 in Sym^8(Sym^3 C^7) -- S_mu not in I(D_7^per3) (B13-09)
    [ok  ] cell: n in {3, 4} — n = 3
    [ok  ] cell: length(lambda) = r — lambda (7, 5, 5, 4, 1, 1, 1), r 7
    [ok  ] cell: lambda weakly decreasing
    [ok  ] cell: |lambda| = n*delta — 24 vs 3*8
    [ok  ] cell: a recomputed (Weyl alternation) — recomputed 1, claimed 1
    [ok  ] basis vector 0: highest weight mod 2147483647
    [ok  ] basis: 1 independent vectors = a — rank 1, a = 1
    [ok  ] evaluation of the a = 1 highest-weight vectors at 9 recorded permanent_pencil points has rank a mod 2147483647 — rank 1
    [ok  ] conclusion: mult_permanent_pencil(lambda, delta) = a = 1 over Q (rank_p <= rank_Q <= a)
PASS        results/certs/b13_09/per7_7_6_4_2_2_2_1_d8_fullrank_p2147483629.json.gz  (23.3s)  cubic side: mult_per3((7, 6, 4, 2, 2, 2, 1), 8) = a = 1 mod 2147483629 in Sym^8(Sym^3 C^7) -- S_mu not in I(D_7^per3) (B13-09)
    [ok  ] cell: n in {3, 4} — n = 3
    [ok  ] cell: length(lambda) = r — lambda (7, 6, 4, 2, 2, 2, 1), r 7
    [ok  ] cell: lambda weakly decreasing
    [ok  ] cell: |lambda| = n*delta — 24 vs 3*8
    [ok  ] cell: a recomputed (Weyl alternation) — recomputed 1, claimed 1
    [ok  ] basis vector 0: highest weight mod 2147483629
    [ok  ] basis: 1 independent vectors = a — rank 1, a = 1
    [ok  ] evaluation of the a = 1 highest-weight vectors at 9 recorded permanent_pencil points has rank a mod 2147483629 — rank 1
    [ok  ] conclusion: mult_permanent_pencil(lambda, delta) = a = 1 over Q (rank_p <= rank_Q <= a)
PASS        results/certs/b13_09/per7_7_6_4_2_2_2_1_d8_fullrank_p2147483647.json.gz  (22.1s)  cubic side: mult_per3((7, 6, 4, 2, 2, 2, 1), 8) = a = 1 mod 2147483647 in Sym^8(Sym^3 C^7) -- S_mu not in I(D_7^per3) (B13-09)
    [ok  ] cell: n in {3, 4} — n = 3
    [ok  ] cell: length(lambda) = r — lambda (7, 6, 4, 2, 2, 2, 1), r 7
    [ok  ] cell: lambda weakly decreasing
    [ok  ] cell: |lambda| = n*delta — 24 vs 3*8
    [ok  ] cell: a recomputed (Weyl alternation) — recomputed 1, claimed 1
    [ok  ] basis vector 0: highest weight mod 2147483647
    [ok  ] basis: 1 independent vectors = a — rank 1, a = 1
    [ok  ] evaluation of the a = 1 highest-weight vectors at 9 recorded permanent_pencil points has rank a mod 2147483647 — rank 1
    [ok  ] conclusion: mult_permanent_pencil(lambda, delta) = a = 1 over Q (rank_p <= rank_Q <= a)
PASS        results/certs/b13_09/per7_7_6_4_3_2_1_1_d8_fullrank_p2147483629.json.gz  (14.5s)  cubic side: mult_per3((7, 6, 4, 3, 2, 1, 1), 8) = a = 1 mod 2147483629 in Sym^8(Sym^3 C^7) -- S_mu not in I(D_7^per3) (B13-09)
    [ok  ] cell: n in {3, 4} — n = 3
    [ok  ] cell: length(lambda) = r — lambda (7, 6, 4, 3, 2, 1, 1), r 7
    [ok  ] cell: lambda weakly decreasing
    [ok  ] cell: |lambda| = n*delta — 24 vs 3*8
    [ok  ] cell: a recomputed (Weyl alternation) — recomputed 1, claimed 1
    [ok  ] basis vector 0: highest weight mod 2147483629
    [ok  ] basis: 1 independent vectors = a — rank 1, a = 1
    [ok  ] evaluation of the a = 1 highest-weight vectors at 9 recorded permanent_pencil points has rank a mod 2147483629 — rank 1
    [ok  ] conclusion: mult_permanent_pencil(lambda, delta) = a = 1 over Q (rank_p <= rank_Q <= a)
PASS        results/certs/b13_09/per7_7_6_4_3_2_1_1_d8_fullrank_p2147483647.json.gz  (14.3s)  cubic side: mult_per3((7, 6, 4, 3, 2, 1, 1), 8) = a = 1 mod 2147483647 in Sym^8(Sym^3 C^7) -- S_mu not in I(D_7^per3) (B13-09)
    [ok  ] cell: n in {3, 4} — n = 3
    [ok  ] cell: length(lambda) = r — lambda (7, 6, 4, 3, 2, 1, 1), r 7
    [ok  ] cell: lambda weakly decreasing
    [ok  ] cell: |lambda| = n*delta — 24 vs 3*8
    [ok  ] cell: a recomputed (Weyl alternation) — recomputed 1, claimed 1
    [ok  ] basis vector 0: highest weight mod 2147483647
    [ok  ] basis: 1 independent vectors = a — rank 1, a = 1
    [ok  ] evaluation of the a = 1 highest-weight vectors at 9 recorded permanent_pencil points has rank a mod 2147483647 — rank 1
    [ok  ] conclusion: mult_permanent_pencil(lambda, delta) = a = 1 over Q (rank_p <= rank_Q <= a)
PASS        results/certs/b13_09/per7_7_6_5_2_2_1_1_d8_fullrank_p2147483629.json.gz  (8.0s)  cubic side: mult_per3((7, 6, 5, 2, 2, 1, 1), 8) = a = 1 mod 2147483629 in Sym^8(Sym^3 C^7) -- S_mu not in I(D_7^per3) (B13-09)
    [ok  ] cell: n in {3, 4} — n = 3
    [ok  ] cell: length(lambda) = r — lambda (7, 6, 5, 2, 2, 1, 1), r 7
    [ok  ] cell: lambda weakly decreasing
    [ok  ] cell: |lambda| = n*delta — 24 vs 3*8
    [ok  ] cell: a recomputed (Weyl alternation) — recomputed 1, claimed 1
    [ok  ] basis vector 0: highest weight mod 2147483629
    [ok  ] basis: 1 independent vectors = a — rank 1, a = 1
    [ok  ] evaluation of the a = 1 highest-weight vectors at 9 recorded permanent_pencil points has rank a mod 2147483629 — rank 1
    [ok  ] conclusion: mult_permanent_pencil(lambda, delta) = a = 1 over Q (rank_p <= rank_Q <= a)
PASS        results/certs/b13_09/per7_7_6_5_2_2_1_1_d8_fullrank_p2147483647.json.gz  (7.9s)  cubic side: mult_per3((7, 6, 5, 2, 2, 1, 1), 8) = a = 1 mod 2147483647 in Sym^8(Sym^3 C^7) -- S_mu not in I(D_7^per3) (B13-09)
    [ok  ] cell: n in {3, 4} — n = 3
    [ok  ] cell: length(lambda) = r — lambda (7, 6, 5, 2, 2, 1, 1), r 7
    [ok  ] cell: lambda weakly decreasing
    [ok  ] cell: |lambda| = n*delta — 24 vs 3*8
    [ok  ] cell: a recomputed (Weyl alternation) — recomputed 1, claimed 1
    [ok  ] basis vector 0: highest weight mod 2147483647
    [ok  ] basis: 1 independent vectors = a — rank 1, a = 1
    [ok  ] evaluation of the a = 1 highest-weight vectors at 9 recorded permanent_pencil points has rank a mod 2147483647 — rank 1
    [ok  ] conclusion: mult_permanent_pencil(lambda, delta) = a = 1 over Q (rank_p <= rank_Q <= a)
PASS        results/certs/b13_09/per7_7_6_5_3_1_1_1_d8_fullrank_p2147483629.json.gz  (3.9s)  cubic side: mult_per3((7, 6, 5, 3, 1, 1, 1), 8) = a = 1 mod 2147483629 in Sym^8(Sym^3 C^7) -- S_mu not in I(D_7^per3) (B13-09)
    [ok  ] cell: n in {3, 4} — n = 3
    [ok  ] cell: length(lambda) = r — lambda (7, 6, 5, 3, 1, 1, 1), r 7
    [ok  ] cell: lambda weakly decreasing
    [ok  ] cell: |lambda| = n*delta — 24 vs 3*8
    [ok  ] cell: a recomputed (Weyl alternation) — recomputed 1, claimed 1
    [ok  ] basis vector 0: highest weight mod 2147483629
    [ok  ] basis: 1 independent vectors = a — rank 1, a = 1
    [ok  ] evaluation of the a = 1 highest-weight vectors at 9 recorded permanent_pencil points has rank a mod 2147483629 — rank 1
    [ok  ] conclusion: mult_permanent_pencil(lambda, delta) = a = 1 over Q (rank_p <= rank_Q <= a)
PASS        results/certs/b13_09/per7_7_6_5_3_1_1_1_d8_fullrank_p2147483647.json.gz  (3.7s)  cubic side: mult_per3((7, 6, 5, 3, 1, 1, 1), 8) = a = 1 mod 2147483647 in Sym^8(Sym^3 C^7) -- S_mu not in I(D_7^per3) (B13-09)
    [ok  ] cell: n in {3, 4} — n = 3
    [ok  ] cell: length(lambda) = r — lambda (7, 6, 5, 3, 1, 1, 1), r 7
    [ok  ] cell: lambda weakly decreasing
    [ok  ] cell: |lambda| = n*delta — 24 vs 3*8
    [ok  ] cell: a recomputed (Weyl alternation) — recomputed 1, claimed 1
    [ok  ] basis vector 0: highest weight mod 2147483647
    [ok  ] basis: 1 independent vectors = a — rank 1, a = 1
    [ok  ] evaluation of the a = 1 highest-weight vectors at 9 recorded permanent_pencil points has rank a mod 2147483647 — rank 1
    [ok  ] conclusion: mult_permanent_pencil(lambda, delta) = a = 1 over Q (rank_p <= rank_Q <= a)
PASS        results/certs/b13_09/per7_7_7_3_2_2_2_1_d8_fullrank_p2147483629.json.gz  (13.6s)  cubic side: mult_per3((7, 7, 3, 2, 2, 2, 1), 8) = a = 1 mod 2147483629 in Sym^8(Sym^3 C^7) -- S_mu not in I(D_7^per3) (B13-09)
    [ok  ] cell: n in {3, 4} — n = 3
    [ok  ] cell: length(lambda) = r — lambda (7, 7, 3, 2, 2, 2, 1), r 7
    [ok  ] cell: lambda weakly decreasing
    [ok  ] cell: |lambda| = n*delta — 24 vs 3*8
    [ok  ] cell: a recomputed (Weyl alternation) — recomputed 1, claimed 1
    [ok  ] basis vector 0: highest weight mod 2147483629
    [ok  ] basis: 1 independent vectors = a — rank 1, a = 1
    [ok  ] evaluation of the a = 1 highest-weight vectors at 9 recorded permanent_pencil points has rank a mod 2147483629 — rank 1
    [ok  ] conclusion: mult_permanent_pencil(lambda, delta) = a = 1 over Q (rank_p <= rank_Q <= a)
PASS        results/certs/b13_09/per7_7_7_3_2_2_2_1_d8_fullrank_p2147483647.json.gz  (13.6s)  cubic side: mult_per3((7, 7, 3, 2, 2, 2, 1), 8) = a = 1 mod 2147483647 in Sym^8(Sym^3 C^7) -- S_mu not in I(D_7^per3) (B13-09)
    [ok  ] cell: n in {3, 4} — n = 3
    [ok  ] cell: length(lambda) = r — lambda (7, 7, 3, 2, 2, 2, 1), r 7
    [ok  ] cell: lambda weakly decreasing
    [ok  ] cell: |lambda| = n*delta — 24 vs 3*8
    [ok  ] cell: a recomputed (Weyl alternation) — recomputed 1, claimed 1
    [ok  ] basis vector 0: highest weight mod 2147483647
    [ok  ] basis: 1 independent vectors = a — rank 1, a = 1
    [ok  ] evaluation of the a = 1 highest-weight vectors at 9 recorded permanent_pencil points has rank a mod 2147483647 — rank 1
    [ok  ] conclusion: mult_permanent_pencil(lambda, delta) = a = 1 over Q (rank_p <= rank_Q <= a)
PASS        results/certs/b13_09/per7_7_7_4_2_2_1_1_d8_fullrank_p2147483629.json.gz  (4.6s)  cubic side: mult_per3((7, 7, 4, 2, 2, 1, 1), 8) = a = 1 mod 2147483629 in Sym^8(Sym^3 C^7) -- S_mu not in I(D_7^per3) (B13-09)
    [ok  ] cell: n in {3, 4} — n = 3
    [ok  ] cell: length(lambda) = r — lambda (7, 7, 4, 2, 2, 1, 1), r 7
    [ok  ] cell: lambda weakly decreasing
    [ok  ] cell: |lambda| = n*delta — 24 vs 3*8
    [ok  ] cell: a recomputed (Weyl alternation) — recomputed 1, claimed 1
    [ok  ] basis vector 0: highest weight mod 2147483629
    [ok  ] basis: 1 independent vectors = a — rank 1, a = 1
    [ok  ] evaluation of the a = 1 highest-weight vectors at 9 recorded permanent_pencil points has rank a mod 2147483629 — rank 1
    [ok  ] conclusion: mult_permanent_pencil(lambda, delta) = a = 1 over Q (rank_p <= rank_Q <= a)
PASS        results/certs/b13_09/per7_7_7_4_2_2_1_1_d8_fullrank_p2147483647.json.gz  (4.5s)  cubic side: mult_per3((7, 7, 4, 2, 2, 1, 1), 8) = a = 1 mod 2147483647 in Sym^8(Sym^3 C^7) -- S_mu not in I(D_7^per3) (B13-09)
    [ok  ] cell: n in {3, 4} — n = 3
    [ok  ] cell: length(lambda) = r — lambda (7, 7, 4, 2, 2, 1, 1), r 7
    [ok  ] cell: lambda weakly decreasing
    [ok  ] cell: |lambda| = n*delta — 24 vs 3*8
    [ok  ] cell: a recomputed (Weyl alternation) — recomputed 1, claimed 1
    [ok  ] basis vector 0: highest weight mod 2147483647
    [ok  ] basis: 1 independent vectors = a — rank 1, a = 1
    [ok  ] evaluation of the a = 1 highest-weight vectors at 9 recorded permanent_pencil points has rank a mod 2147483647 — rank 1
    [ok  ] conclusion: mult_permanent_pencil(lambda, delta) = a = 1 over Q (rank_p <= rank_Q <= a)
PASS        results/certs/b13_09/per7_7_7_6_4_1_1_1_d9_fullrank_p2147483629.json.gz  (22.3s)  cubic side: mult_per3((7, 7, 6, 4, 1, 1, 1), 9) = a = 1 mod 2147483629 in Sym^9(Sym^3 C^7) -- S_mu not in I(D_7^per3) (B13-09)
    [ok  ] cell: n in {3, 4} — n = 3
    [ok  ] cell: length(lambda) = r — lambda (7, 7, 6, 4, 1, 1, 1), r 7
    [ok  ] cell: lambda weakly decreasing
    [ok  ] cell: |lambda| = n*delta — 27 vs 3*9
    [ok  ] cell: a recomputed (Weyl alternation) — recomputed 1, claimed 1
    [ok  ] basis vector 0: highest weight mod 2147483629
    [ok  ] basis: 1 independent vectors = a — rank 1, a = 1
    [ok  ] evaluation of the a = 1 highest-weight vectors at 9 recorded permanent_pencil points has rank a mod 2147483629 — rank 1
    [ok  ] conclusion: mult_permanent_pencil(lambda, delta) = a = 1 over Q (rank_p <= rank_Q <= a)
PASS        results/certs/b13_09/per7_7_7_6_4_1_1_1_d9_fullrank_p2147483647.json.gz  (23.2s)  cubic side: mult_per3((7, 7, 6, 4, 1, 1, 1), 9) = a = 1 mod 2147483647 in Sym^9(Sym^3 C^7) -- S_mu not in I(D_7^per3) (B13-09)
    [ok  ] cell: n in {3, 4} — n = 3
    [ok  ] cell: length(lambda) = r — lambda (7, 7, 6, 4, 1, 1, 1), r 7
    [ok  ] cell: lambda weakly decreasing
    [ok  ] cell: |lambda| = n*delta — 27 vs 3*9
    [ok  ] cell: a recomputed (Weyl alternation) — recomputed 1, claimed 1
    [ok  ] basis vector 0: highest weight mod 2147483647
    [ok  ] basis: 1 independent vectors = a — rank 1, a = 1
    [ok  ] evaluation of the a = 1 highest-weight vectors at 9 recorded permanent_pencil points has rank a mod 2147483647 — rank 1
    [ok  ] conclusion: mult_permanent_pencil(lambda, delta) = a = 1 over Q (rank_p <= rank_Q <= a)
PASS        results/certs/b13_09/per7_7_7_7_2_2_1_1_d9_fullrank_p2147483629.json.gz  (29.4s)  cubic side: mult_per3((7, 7, 7, 2, 2, 1, 1), 9) = a = 1 mod 2147483629 in Sym^9(Sym^3 C^7) -- S_mu not in I(D_7^per3) (B13-09)
    [ok  ] cell: n in {3, 4} — n = 3
    [ok  ] cell: length(lambda) = r — lambda (7, 7, 7, 2, 2, 1, 1), r 7
    [ok  ] cell: lambda weakly decreasing
    [ok  ] cell: |lambda| = n*delta — 27 vs 3*9
    [ok  ] cell: a recomputed (Weyl alternation) — recomputed 1, claimed 1
    [ok  ] basis vector 0: highest weight mod 2147483629
    [ok  ] basis: 1 independent vectors = a — rank 1, a = 1
    [ok  ] evaluation of the a = 1 highest-weight vectors at 9 recorded permanent_pencil points has rank a mod 2147483629 — rank 1
    [ok  ] conclusion: mult_permanent_pencil(lambda, delta) = a = 1 over Q (rank_p <= rank_Q <= a)
PASS        results/certs/b13_09/per7_7_7_7_2_2_1_1_d9_fullrank_p2147483647.json.gz  (28.1s)  cubic side: mult_per3((7, 7, 7, 2, 2, 1, 1), 9) = a = 1 mod 2147483647 in Sym^9(Sym^3 C^7) -- S_mu not in I(D_7^per3) (B13-09)
    [ok  ] cell: n in {3, 4} — n = 3
    [ok  ] cell: length(lambda) = r — lambda (7, 7, 7, 2, 2, 1, 1), r 7
    [ok  ] cell: lambda weakly decreasing
    [ok  ] cell: |lambda| = n*delta — 27 vs 3*9
    [ok  ] cell: a recomputed (Weyl alternation) — recomputed 1, claimed 1
    [ok  ] basis vector 0: highest weight mod 2147483647
    [ok  ] basis: 1 independent vectors = a — rank 1, a = 1
    [ok  ] evaluation of the a = 1 highest-weight vectors at 9 recorded permanent_pencil points has rank a mod 2147483647 — rank 1
    [ok  ] conclusion: mult_permanent_pencil(lambda, delta) = a = 1 over Q (rank_p <= rank_Q <= a)
PASS        results/certs/b13_09/per7_8_4_2_2_2_2_1_d7_fullrank_p2147483629.json.gz  (1.1s)  cubic side: mult_per3((8, 4, 2, 2, 2, 2, 1), 7) = a = 1 mod 2147483629 in Sym^7(Sym^3 C^7) -- S_mu not in I(D_7^per3) (B13-09)
    [ok  ] cell: n in {3, 4} — n = 3
    [ok  ] cell: length(lambda) = r — lambda (8, 4, 2, 2, 2, 2, 1), r 7
    [ok  ] cell: lambda weakly decreasing
    [ok  ] cell: |lambda| = n*delta — 21 vs 3*7
    [ok  ] cell: a recomputed (Weyl alternation) — recomputed 1, claimed 1
    [ok  ] basis vector 0: highest weight mod 2147483629
    [ok  ] basis: 1 independent vectors = a — rank 1, a = 1
    [ok  ] evaluation of the a = 1 highest-weight vectors at 9 recorded permanent_pencil points has rank a mod 2147483629 — rank 1
    [ok  ] conclusion: mult_permanent_pencil(lambda, delta) = a = 1 over Q (rank_p <= rank_Q <= a)
PASS        results/certs/b13_09/per7_8_4_2_2_2_2_1_d7_fullrank_p2147483647.json.gz  (1.2s)  cubic side: mult_per3((8, 4, 2, 2, 2, 2, 1), 7) = a = 1 mod 2147483647 in Sym^7(Sym^3 C^7) -- S_mu not in I(D_7^per3) (B13-09)
    [ok  ] cell: n in {3, 4} — n = 3
    [ok  ] cell: length(lambda) = r — lambda (8, 4, 2, 2, 2, 2, 1), r 7
    [ok  ] cell: lambda weakly decreasing
    [ok  ] cell: |lambda| = n*delta — 21 vs 3*7
    [ok  ] cell: a recomputed (Weyl alternation) — recomputed 1, claimed 1
    [ok  ] basis vector 0: highest weight mod 2147483647
    [ok  ] basis: 1 independent vectors = a — rank 1, a = 1
    [ok  ] evaluation of the a = 1 highest-weight vectors at 9 recorded permanent_pencil points has rank a mod 2147483647 — rank 1
    [ok  ] conclusion: mult_permanent_pencil(lambda, delta) = a = 1 over Q (rank_p <= rank_Q <= a)
PASS        results/certs/b13_09/per7_8_4_4_2_2_2_2_d8_fullrank_p2147483629.json.gz  (5.5s)  cubic side: mult_per3((8, 4, 4, 2, 2, 2, 2), 8) = a = 1 mod 2147483629 in Sym^8(Sym^3 C^7) -- S_mu not in I(D_7^per3) (B13-09)
    [ok  ] cell: n in {3, 4} — n = 3
    [ok  ] cell: length(lambda) = r — lambda (8, 4, 4, 2, 2, 2, 2), r 7
    [ok  ] cell: lambda weakly decreasing
    [ok  ] cell: |lambda| = n*delta — 24 vs 3*8
    [ok  ] cell: a recomputed (Weyl alternation) — recomputed 1, claimed 1
    [ok  ] basis vector 0: highest weight mod 2147483629
    [ok  ] basis: 1 independent vectors = a — rank 1, a = 1
    [ok  ] evaluation of the a = 1 highest-weight vectors at 9 recorded permanent_pencil points has rank a mod 2147483629 — rank 1
    [ok  ] conclusion: mult_permanent_pencil(lambda, delta) = a = 1 over Q (rank_p <= rank_Q <= a)
PASS        results/certs/b13_09/per7_8_4_4_2_2_2_2_d8_fullrank_p2147483647.json.gz  (5.6s)  cubic side: mult_per3((8, 4, 4, 2, 2, 2, 2), 8) = a = 1 mod 2147483647 in Sym^8(Sym^3 C^7) -- S_mu not in I(D_7^per3) (B13-09)
    [ok  ] cell: n in {3, 4} — n = 3
    [ok  ] cell: length(lambda) = r — lambda (8, 4, 4, 2, 2, 2, 2), r 7
    [ok  ] cell: lambda weakly decreasing
    [ok  ] cell: |lambda| = n*delta — 24 vs 3*8
    [ok  ] cell: a recomputed (Weyl alternation) — recomputed 1, claimed 1
    [ok  ] basis vector 0: highest weight mod 2147483647
    [ok  ] basis: 1 independent vectors = a — rank 1, a = 1
    [ok  ] evaluation of the a = 1 highest-weight vectors at 9 recorded permanent_pencil points has rank a mod 2147483647 — rank 1
    [ok  ] conclusion: mult_permanent_pencil(lambda, delta) = a = 1 over Q (rank_p <= rank_Q <= a)
PASS        results/certs/b13_09/per7_8_5_4_2_2_2_1_d8_fullrank_p2147483629.json.gz  (20.8s)  cubic side: mult_per3((8, 5, 4, 2, 2, 2, 1), 8) = a = 1 mod 2147483629 in Sym^8(Sym^3 C^7) -- S_mu not in I(D_7^per3) (B13-09)
    [ok  ] cell: n in {3, 4} — n = 3
    [ok  ] cell: length(lambda) = r — lambda (8, 5, 4, 2, 2, 2, 1), r 7
    [ok  ] cell: lambda weakly decreasing
    [ok  ] cell: |lambda| = n*delta — 24 vs 3*8
    [ok  ] cell: a recomputed (Weyl alternation) — recomputed 1, claimed 1
    [ok  ] basis vector 0: highest weight mod 2147483629
    [ok  ] basis: 1 independent vectors = a — rank 1, a = 1
    [ok  ] evaluation of the a = 1 highest-weight vectors at 9 recorded permanent_pencil points has rank a mod 2147483629 — rank 1
    [ok  ] conclusion: mult_permanent_pencil(lambda, delta) = a = 1 over Q (rank_p <= rank_Q <= a)
PASS        results/certs/b13_09/per7_8_5_4_2_2_2_1_d8_fullrank_p2147483647.json.gz  (19.4s)  cubic side: mult_per3((8, 5, 4, 2, 2, 2, 1), 8) = a = 1 mod 2147483647 in Sym^8(Sym^3 C^7) -- S_mu not in I(D_7^per3) (B13-09)
    [ok  ] cell: n in {3, 4} — n = 3
    [ok  ] cell: length(lambda) = r — lambda (8, 5, 4, 2, 2, 2, 1), r 7
    [ok  ] cell: lambda weakly decreasing
    [ok  ] cell: |lambda| = n*delta — 24 vs 3*8
    [ok  ] cell: a recomputed (Weyl alternation) — recomputed 1, claimed 1
    [ok  ] basis vector 0: highest weight mod 2147483647
    [ok  ] basis: 1 independent vectors = a — rank 1, a = 1
    [ok  ] evaluation of the a = 1 highest-weight vectors at 9 recorded permanent_pencil points has rank a mod 2147483647 — rank 1
    [ok  ] conclusion: mult_permanent_pencil(lambda, delta) = a = 1 over Q (rank_p <= rank_Q <= a)
PASS        results/certs/b13_09/per7_8_5_4_3_2_1_1_d8_fullrank_p2147483629.json.gz  (12.7s)  cubic side: mult_per3((8, 5, 4, 3, 2, 1, 1), 8) = a = 1 mod 2147483629 in Sym^8(Sym^3 C^7) -- S_mu not in I(D_7^per3) (B13-09)
    [ok  ] cell: n in {3, 4} — n = 3
    [ok  ] cell: length(lambda) = r — lambda (8, 5, 4, 3, 2, 1, 1), r 7
    [ok  ] cell: lambda weakly decreasing
    [ok  ] cell: |lambda| = n*delta — 24 vs 3*8
    [ok  ] cell: a recomputed (Weyl alternation) — recomputed 1, claimed 1
    [ok  ] basis vector 0: highest weight mod 2147483629
    [ok  ] basis: 1 independent vectors = a — rank 1, a = 1
    [ok  ] evaluation of the a = 1 highest-weight vectors at 9 recorded permanent_pencil points has rank a mod 2147483629 — rank 1
    [ok  ] conclusion: mult_permanent_pencil(lambda, delta) = a = 1 over Q (rank_p <= rank_Q <= a)
PASS        results/certs/b13_09/per7_8_5_4_3_2_1_1_d8_fullrank_p2147483647.json.gz  (12.0s)  cubic side: mult_per3((8, 5, 4, 3, 2, 1, 1), 8) = a = 1 mod 2147483647 in Sym^8(Sym^3 C^7) -- S_mu not in I(D_7^per3) (B13-09)
    [ok  ] cell: n in {3, 4} — n = 3
    [ok  ] cell: length(lambda) = r — lambda (8, 5, 4, 3, 2, 1, 1), r 7
    [ok  ] cell: lambda weakly decreasing
    [ok  ] cell: |lambda| = n*delta — 24 vs 3*8
    [ok  ] cell: a recomputed (Weyl alternation) — recomputed 1, claimed 1
    [ok  ] basis vector 0: highest weight mod 2147483647
    [ok  ] basis: 1 independent vectors = a — rank 1, a = 1
    [ok  ] evaluation of the a = 1 highest-weight vectors at 9 recorded permanent_pencil points has rank a mod 2147483647 — rank 1
    [ok  ] conclusion: mult_permanent_pencil(lambda, delta) = a = 1 over Q (rank_p <= rank_Q <= a)
PASS        results/certs/b13_09/per7_8_5_5_2_2_1_1_d8_fullrank_p2147483629.json.gz  (5.8s)  cubic side: mult_per3((8, 5, 5, 2, 2, 1, 1), 8) = a = 1 mod 2147483629 in Sym^8(Sym^3 C^7) -- S_mu not in I(D_7^per3) (B13-09)
    [ok  ] cell: n in {3, 4} — n = 3
    [ok  ] cell: length(lambda) = r — lambda (8, 5, 5, 2, 2, 1, 1), r 7
    [ok  ] cell: lambda weakly decreasing
    [ok  ] cell: |lambda| = n*delta — 24 vs 3*8
    [ok  ] cell: a recomputed (Weyl alternation) — recomputed 1, claimed 1
    [ok  ] basis vector 0: highest weight mod 2147483629
    [ok  ] basis: 1 independent vectors = a — rank 1, a = 1
    [ok  ] evaluation of the a = 1 highest-weight vectors at 9 recorded permanent_pencil points has rank a mod 2147483629 — rank 1
    [ok  ] conclusion: mult_permanent_pencil(lambda, delta) = a = 1 over Q (rank_p <= rank_Q <= a)
PASS        results/certs/b13_09/per7_8_5_5_2_2_1_1_d8_fullrank_p2147483647.json.gz  (5.9s)  cubic side: mult_per3((8, 5, 5, 2, 2, 1, 1), 8) = a = 1 mod 2147483647 in Sym^8(Sym^3 C^7) -- S_mu not in I(D_7^per3) (B13-09)
    [ok  ] cell: n in {3, 4} — n = 3
    [ok  ] cell: length(lambda) = r — lambda (8, 5, 5, 2, 2, 1, 1), r 7
    [ok  ] cell: lambda weakly decreasing
    [ok  ] cell: |lambda| = n*delta — 24 vs 3*8
    [ok  ] cell: a recomputed (Weyl alternation) — recomputed 1, claimed 1
    [ok  ] basis vector 0: highest weight mod 2147483647
    [ok  ] basis: 1 independent vectors = a — rank 1, a = 1
    [ok  ] evaluation of the a = 1 highest-weight vectors at 9 recorded permanent_pencil points has rank a mod 2147483647 — rank 1
    [ok  ] conclusion: mult_permanent_pencil(lambda, delta) = a = 1 over Q (rank_p <= rank_Q <= a)
PASS        results/certs/b13_09/per7_8_5_5_3_1_1_1_d8_fullrank_p2147483629.json.gz  (3.5s)  cubic side: mult_per3((8, 5, 5, 3, 1, 1, 1), 8) = a = 1 mod 2147483629 in Sym^8(Sym^3 C^7) -- S_mu not in I(D_7^per3) (B13-09)
    [ok  ] cell: n in {3, 4} — n = 3
    [ok  ] cell: length(lambda) = r — lambda (8, 5, 5, 3, 1, 1, 1), r 7
    [ok  ] cell: lambda weakly decreasing
    [ok  ] cell: |lambda| = n*delta — 24 vs 3*8
    [ok  ] cell: a recomputed (Weyl alternation) — recomputed 1, claimed 1
    [ok  ] basis vector 0: highest weight mod 2147483629
    [ok  ] basis: 1 independent vectors = a — rank 1, a = 1
    [ok  ] evaluation of the a = 1 highest-weight vectors at 9 recorded permanent_pencil points has rank a mod 2147483629 — rank 1
    [ok  ] conclusion: mult_permanent_pencil(lambda, delta) = a = 1 over Q (rank_p <= rank_Q <= a)
PASS        results/certs/b13_09/per7_8_5_5_3_1_1_1_d8_fullrank_p2147483647.json.gz  (3.4s)  cubic side: mult_per3((8, 5, 5, 3, 1, 1, 1), 8) = a = 1 mod 2147483647 in Sym^8(Sym^3 C^7) -- S_mu not in I(D_7^per3) (B13-09)
    [ok  ] cell: n in {3, 4} — n = 3
    [ok  ] cell: length(lambda) = r — lambda (8, 5, 5, 3, 1, 1, 1), r 7
    [ok  ] cell: lambda weakly decreasing
    [ok  ] cell: |lambda| = n*delta — 24 vs 3*8
    [ok  ] cell: a recomputed (Weyl alternation) — recomputed 1, claimed 1
    [ok  ] basis vector 0: highest weight mod 2147483647
    [ok  ] basis: 1 independent vectors = a — rank 1, a = 1
    [ok  ] evaluation of the a = 1 highest-weight vectors at 9 recorded permanent_pencil points has rank a mod 2147483647 — rank 1
    [ok  ] conclusion: mult_permanent_pencil(lambda, delta) = a = 1 over Q (rank_p <= rank_Q <= a)
PASS        results/certs/b13_09/per7_8_6_2_2_2_2_2_d8_fullrank_p2147483629.json.gz  (10.3s)  cubic side: mult_per3((8, 6, 2, 2, 2, 2, 2), 8) = a = 1 mod 2147483629 in Sym^8(Sym^3 C^7) -- S_mu not in I(D_7^per3) (B13-09)
    [ok  ] cell: n in {3, 4} — n = 3
    [ok  ] cell: length(lambda) = r — lambda (8, 6, 2, 2, 2, 2, 2), r 7
    [ok  ] cell: lambda weakly decreasing
    [ok  ] cell: |lambda| = n*delta — 24 vs 3*8
    [ok  ] cell: a recomputed (Weyl alternation) — recomputed 1, claimed 1
    [ok  ] basis vector 0: highest weight mod 2147483629
    [ok  ] basis: 1 independent vectors = a — rank 1, a = 1
    [ok  ] evaluation of the a = 1 highest-weight vectors at 9 recorded permanent_pencil points has rank a mod 2147483629 — rank 1
    [ok  ] conclusion: mult_permanent_pencil(lambda, delta) = a = 1 over Q (rank_p <= rank_Q <= a)
PASS        results/certs/b13_09/per7_8_6_2_2_2_2_2_d8_fullrank_p2147483647.json.gz  (10.4s)  cubic side: mult_per3((8, 6, 2, 2, 2, 2, 2), 8) = a = 1 mod 2147483647 in Sym^8(Sym^3 C^7) -- S_mu not in I(D_7^per3) (B13-09)
    [ok  ] cell: n in {3, 4} — n = 3
    [ok  ] cell: length(lambda) = r — lambda (8, 6, 2, 2, 2, 2, 2), r 7
    [ok  ] cell: lambda weakly decreasing
    [ok  ] cell: |lambda| = n*delta — 24 vs 3*8
    [ok  ] cell: a recomputed (Weyl alternation) — recomputed 1, claimed 1
    [ok  ] basis vector 0: highest weight mod 2147483647
    [ok  ] basis: 1 independent vectors = a — rank 1, a = 1
    [ok  ] evaluation of the a = 1 highest-weight vectors at 9 recorded permanent_pencil points has rank a mod 2147483647 — rank 1
    [ok  ] conclusion: mult_permanent_pencil(lambda, delta) = a = 1 over Q (rank_p <= rank_Q <= a)
PASS        results/certs/b13_09/per7_8_6_3_2_2_2_1_d8_fullrank_p2147483629.json.gz  (12.2s)  cubic side: mult_per3((8, 6, 3, 2, 2, 2, 1), 8) = a = 1 mod 2147483629 in Sym^8(Sym^3 C^7) -- S_mu not in I(D_7^per3) (B13-09)
    [ok  ] cell: n in {3, 4} — n = 3
    [ok  ] cell: length(lambda) = r — lambda (8, 6, 3, 2, 2, 2, 1), r 7
    [ok  ] cell: lambda weakly decreasing
    [ok  ] cell: |lambda| = n*delta — 24 vs 3*8
    [ok  ] cell: a recomputed (Weyl alternation) — recomputed 1, claimed 1
    [ok  ] basis vector 0: highest weight mod 2147483629
    [ok  ] basis: 1 independent vectors = a — rank 1, a = 1
    [ok  ] evaluation of the a = 1 highest-weight vectors at 9 recorded permanent_pencil points has rank a mod 2147483629 — rank 1
    [ok  ] conclusion: mult_permanent_pencil(lambda, delta) = a = 1 over Q (rank_p <= rank_Q <= a)
PASS        results/certs/b13_09/per7_8_6_3_2_2_2_1_d8_fullrank_p2147483647.json.gz  (12.4s)  cubic side: mult_per3((8, 6, 3, 2, 2, 2, 1), 8) = a = 1 mod 2147483647 in Sym^8(Sym^3 C^7) -- S_mu not in I(D_7^per3) (B13-09)
    [ok  ] cell: n in {3, 4} — n = 3
    [ok  ] cell: length(lambda) = r — lambda (8, 6, 3, 2, 2, 2, 1), r 7
    [ok  ] cell: lambda weakly decreasing
    [ok  ] cell: |lambda| = n*delta — 24 vs 3*8
    [ok  ] cell: a recomputed (Weyl alternation) — recomputed 1, claimed 1
    [ok  ] basis vector 0: highest weight mod 2147483647
    [ok  ] basis: 1 independent vectors = a — rank 1, a = 1
    [ok  ] evaluation of the a = 1 highest-weight vectors at 9 recorded permanent_pencil points has rank a mod 2147483647 — rank 1
    [ok  ] conclusion: mult_permanent_pencil(lambda, delta) = a = 1 over Q (rank_p <= rank_Q <= a)
PASS        results/certs/b13_09/per7_8_6_3_3_2_1_1_d8_fullrank_p2147483629.json.gz  (6.3s)  cubic side: mult_per3((8, 6, 3, 3, 2, 1, 1), 8) = a = 1 mod 2147483629 in Sym^8(Sym^3 C^7) -- S_mu not in I(D_7^per3) (B13-09)
    [ok  ] cell: n in {3, 4} — n = 3
    [ok  ] cell: length(lambda) = r — lambda (8, 6, 3, 3, 2, 1, 1), r 7
    [ok  ] cell: lambda weakly decreasing
    [ok  ] cell: |lambda| = n*delta — 24 vs 3*8
    [ok  ] cell: a recomputed (Weyl alternation) — recomputed 1, claimed 1
    [ok  ] basis vector 0: highest weight mod 2147483629
    [ok  ] basis: 1 independent vectors = a — rank 1, a = 1
    [ok  ] evaluation of the a = 1 highest-weight vectors at 9 recorded permanent_pencil points has rank a mod 2147483629 — rank 1
    [ok  ] conclusion: mult_permanent_pencil(lambda, delta) = a = 1 over Q (rank_p <= rank_Q <= a)
PASS        results/certs/b13_09/per7_8_6_3_3_2_1_1_d8_fullrank_p2147483647.json.gz  (6.5s)  cubic side: mult_per3((8, 6, 3, 3, 2, 1, 1), 8) = a = 1 mod 2147483647 in Sym^8(Sym^3 C^7) -- S_mu not in I(D_7^per3) (B13-09)
    [ok  ] cell: n in {3, 4} — n = 3
    [ok  ] cell: length(lambda) = r — lambda (8, 6, 3, 3, 2, 1, 1), r 7
    [ok  ] cell: lambda weakly decreasing
    [ok  ] cell: |lambda| = n*delta — 24 vs 3*8
    [ok  ] cell: a recomputed (Weyl alternation) — recomputed 1, claimed 1
    [ok  ] basis vector 0: highest weight mod 2147483647
    [ok  ] basis: 1 independent vectors = a — rank 1, a = 1
    [ok  ] evaluation of the a = 1 highest-weight vectors at 9 recorded permanent_pencil points has rank a mod 2147483647 — rank 1
    [ok  ] conclusion: mult_permanent_pencil(lambda, delta) = a = 1 over Q (rank_p <= rank_Q <= a)
PASS        results/certs/b13_09/per7_8_6_4_2_2_1_1_d8_fullrank_p2147483629.json.gz  (5.4s)  cubic side: mult_per3((8, 6, 4, 2, 2, 1, 1), 8) = a = 1 mod 2147483629 in Sym^8(Sym^3 C^7) -- S_mu not in I(D_7^per3) (B13-09)
    [ok  ] cell: n in {3, 4} — n = 3
    [ok  ] cell: length(lambda) = r — lambda (8, 6, 4, 2, 2, 1, 1), r 7
    [ok  ] cell: lambda weakly decreasing
    [ok  ] cell: |lambda| = n*delta — 24 vs 3*8
    [ok  ] cell: a recomputed (Weyl alternation) — recomputed 1, claimed 1
    [ok  ] basis vector 0: highest weight mod 2147483629
    [ok  ] basis: 1 independent vectors = a — rank 1, a = 1
    [ok  ] evaluation of the a = 1 highest-weight vectors at 9 recorded permanent_pencil points has rank a mod 2147483629 — rank 1
    [ok  ] conclusion: mult_permanent_pencil(lambda, delta) = a = 1 over Q (rank_p <= rank_Q <= a)
PASS        results/certs/b13_09/per7_8_6_4_2_2_1_1_d8_fullrank_p2147483647.json.gz  (5.3s)  cubic side: mult_per3((8, 6, 4, 2, 2, 1, 1), 8) = a = 1 mod 2147483647 in Sym^8(Sym^3 C^7) -- S_mu not in I(D_7^per3) (B13-09)
    [ok  ] cell: n in {3, 4} — n = 3
    [ok  ] cell: length(lambda) = r — lambda (8, 6, 4, 2, 2, 1, 1), r 7
    [ok  ] cell: lambda weakly decreasing
    [ok  ] cell: |lambda| = n*delta — 24 vs 3*8
    [ok  ] cell: a recomputed (Weyl alternation) — recomputed 1, claimed 1
    [ok  ] basis vector 0: highest weight mod 2147483647
    [ok  ] basis: 1 independent vectors = a — rank 1, a = 1
    [ok  ] evaluation of the a = 1 highest-weight vectors at 9 recorded permanent_pencil points has rank a mod 2147483647 — rank 1
    [ok  ] conclusion: mult_permanent_pencil(lambda, delta) = a = 1 over Q (rank_p <= rank_Q <= a)
PASS        results/certs/b13_09/per7_8_6_4_3_1_1_1_d8_fullrank_p2147483629.json.gz  (2.6s)  cubic side: mult_per3((8, 6, 4, 3, 1, 1, 1), 8) = a = 1 mod 2147483629 in Sym^8(Sym^3 C^7) -- S_mu not in I(D_7^per3) (B13-09)
    [ok  ] cell: n in {3, 4} — n = 3
    [ok  ] cell: length(lambda) = r — lambda (8, 6, 4, 3, 1, 1, 1), r 7
    [ok  ] cell: lambda weakly decreasing
    [ok  ] cell: |lambda| = n*delta — 24 vs 3*8
    [ok  ] cell: a recomputed (Weyl alternation) — recomputed 1, claimed 1
    [ok  ] basis vector 0: highest weight mod 2147483629
    [ok  ] basis: 1 independent vectors = a — rank 1, a = 1
    [ok  ] evaluation of the a = 1 highest-weight vectors at 9 recorded permanent_pencil points has rank a mod 2147483629 — rank 1
    [ok  ] conclusion: mult_permanent_pencil(lambda, delta) = a = 1 over Q (rank_p <= rank_Q <= a)
PASS        results/certs/b13_09/per7_8_6_4_3_1_1_1_d8_fullrank_p2147483647.json.gz  (2.6s)  cubic side: mult_per3((8, 6, 4, 3, 1, 1, 1), 8) = a = 1 mod 2147483647 in Sym^8(Sym^3 C^7) -- S_mu not in I(D_7^per3) (B13-09)
    [ok  ] cell: n in {3, 4} — n = 3
    [ok  ] cell: length(lambda) = r — lambda (8, 6, 4, 3, 1, 1, 1), r 7
    [ok  ] cell: lambda weakly decreasing
    [ok  ] cell: |lambda| = n*delta — 24 vs 3*8
    [ok  ] cell: a recomputed (Weyl alternation) — recomputed 1, claimed 1
    [ok  ] basis vector 0: highest weight mod 2147483647
    [ok  ] basis: 1 independent vectors = a — rank 1, a = 1
    [ok  ] evaluation of the a = 1 highest-weight vectors at 9 recorded permanent_pencil points has rank a mod 2147483647 — rank 1
    [ok  ] conclusion: mult_permanent_pencil(lambda, delta) = a = 1 over Q (rank_p <= rank_Q <= a)
PASS        results/certs/b13_09/per7_8_6_5_2_1_1_1_d8_fullrank_p2147483629.json.gz  (1.6s)  cubic side: mult_per3((8, 6, 5, 2, 1, 1, 1), 8) = a = 1 mod 2147483629 in Sym^8(Sym^3 C^7) -- S_mu not in I(D_7^per3) (B13-09)
    [ok  ] cell: n in {3, 4} — n = 3
    [ok  ] cell: length(lambda) = r — lambda (8, 6, 5, 2, 1, 1, 1), r 7
    [ok  ] cell: lambda weakly decreasing
    [ok  ] cell: |lambda| = n*delta — 24 vs 3*8
    [ok  ] cell: a recomputed (Weyl alternation) — recomputed 1, claimed 1
    [ok  ] basis vector 0: highest weight mod 2147483629
    [ok  ] basis: 1 independent vectors = a — rank 1, a = 1
    [ok  ] evaluation of the a = 1 highest-weight vectors at 9 recorded permanent_pencil points has rank a mod 2147483629 — rank 1
    [ok  ] conclusion: mult_permanent_pencil(lambda, delta) = a = 1 over Q (rank_p <= rank_Q <= a)
PASS        results/certs/b13_09/per7_8_6_5_2_1_1_1_d8_fullrank_p2147483647.json.gz  (1.6s)  cubic side: mult_per3((8, 6, 5, 2, 1, 1, 1), 8) = a = 1 mod 2147483647 in Sym^8(Sym^3 C^7) -- S_mu not in I(D_7^per3) (B13-09)
    [ok  ] cell: n in {3, 4} — n = 3
    [ok  ] cell: length(lambda) = r — lambda (8, 6, 5, 2, 1, 1, 1), r 7
    [ok  ] cell: lambda weakly decreasing
    [ok  ] cell: |lambda| = n*delta — 24 vs 3*8
    [ok  ] cell: a recomputed (Weyl alternation) — recomputed 1, claimed 1
    [ok  ] basis vector 0: highest weight mod 2147483647
    [ok  ] basis: 1 independent vectors = a — rank 1, a = 1
    [ok  ] evaluation of the a = 1 highest-weight vectors at 9 recorded permanent_pencil points has rank a mod 2147483647 — rank 1
    [ok  ] conclusion: mult_permanent_pencil(lambda, delta) = a = 1 over Q (rank_p <= rank_Q <= a)
PASS        results/certs/b13_09/per7_8_6_5_5_1_1_1_d9_fullrank_p2147483629.json.gz  (49.0s)  cubic side: mult_per3((8, 6, 5, 5, 1, 1, 1), 9) = a = 2 mod 2147483629 in Sym^9(Sym^3 C^7) -- S_mu not in I(D_7^per3) (B13-09)
    [ok  ] cell: n in {3, 4} — n = 3
    [ok  ] cell: length(lambda) = r — lambda (8, 6, 5, 5, 1, 1, 1), r 7
    [ok  ] cell: lambda weakly decreasing
    [ok  ] cell: |lambda| = n*delta — 27 vs 3*9
    [ok  ] cell: a recomputed (Weyl alternation) — recomputed 2, claimed 2
    [ok  ] basis vector 0: highest weight mod 2147483629
    [ok  ] basis vector 1: highest weight mod 2147483629
    [ok  ] basis: 2 independent vectors = a — rank 2, a = 2
    [ok  ] evaluation of the a = 2 highest-weight vectors at 10 recorded permanent_pencil points has rank a mod 2147483629 — rank 2
    [ok  ] conclusion: mult_permanent_pencil(lambda, delta) = a = 2 over Q (rank_p <= rank_Q <= a)
PASS        results/certs/b13_09/per7_8_6_5_5_1_1_1_d9_fullrank_p2147483647.json.gz  (47.7s)  cubic side: mult_per3((8, 6, 5, 5, 1, 1, 1), 9) = a = 2 mod 2147483647 in Sym^9(Sym^3 C^7) -- S_mu not in I(D_7^per3) (B13-09)
    [ok  ] cell: n in {3, 4} — n = 3
    [ok  ] cell: length(lambda) = r — lambda (8, 6, 5, 5, 1, 1, 1), r 7
    [ok  ] cell: lambda weakly decreasing
    [ok  ] cell: |lambda| = n*delta — 27 vs 3*9
    [ok  ] cell: a recomputed (Weyl alternation) — recomputed 2, claimed 2
    [ok  ] basis vector 0: highest weight mod 2147483647
    [ok  ] basis vector 1: highest weight mod 2147483647
    [ok  ] basis: 2 independent vectors = a — rank 2, a = 2
    [ok  ] evaluation of the a = 2 highest-weight vectors at 10 recorded permanent_pencil points has rank a mod 2147483647 — rank 2
    [ok  ] conclusion: mult_permanent_pencil(lambda, delta) = a = 2 over Q (rank_p <= rank_Q <= a)
PASS        results/certs/b13_09/per7_8_7_2_2_2_2_1_d8_fullrank_p2147483629.json.gz  (4.8s)  cubic side: mult_per3((8, 7, 2, 2, 2, 2, 1), 8) = a = 1 mod 2147483629 in Sym^8(Sym^3 C^7) -- S_mu not in I(D_7^per3) (B13-09)
    [ok  ] cell: n in {3, 4} — n = 3
    [ok  ] cell: length(lambda) = r — lambda (8, 7, 2, 2, 2, 2, 1), r 7
    [ok  ] cell: lambda weakly decreasing
    [ok  ] cell: |lambda| = n*delta — 24 vs 3*8
    [ok  ] cell: a recomputed (Weyl alternation) — recomputed 1, claimed 1
    [ok  ] basis vector 0: highest weight mod 2147483629
    [ok  ] basis: 1 independent vectors = a — rank 1, a = 1
    [ok  ] evaluation of the a = 1 highest-weight vectors at 9 recorded permanent_pencil points has rank a mod 2147483629 — rank 1
    [ok  ] conclusion: mult_permanent_pencil(lambda, delta) = a = 1 over Q (rank_p <= rank_Q <= a)
PASS        results/certs/b13_09/per7_8_7_2_2_2_2_1_d8_fullrank_p2147483647.json.gz  (5.1s)  cubic side: mult_per3((8, 7, 2, 2, 2, 2, 1), 8) = a = 1 mod 2147483647 in Sym^8(Sym^3 C^7) -- S_mu not in I(D_7^per3) (B13-09)
    [ok  ] cell: n in {3, 4} — n = 3
    [ok  ] cell: length(lambda) = r — lambda (8, 7, 2, 2, 2, 2, 1), r 7
    [ok  ] cell: lambda weakly decreasing
    [ok  ] cell: |lambda| = n*delta — 24 vs 3*8
    [ok  ] cell: a recomputed (Weyl alternation) — recomputed 1, claimed 1
    [ok  ] basis vector 0: highest weight mod 2147483647
    [ok  ] basis: 1 independent vectors = a — rank 1, a = 1
    [ok  ] evaluation of the a = 1 highest-weight vectors at 9 recorded permanent_pencil points has rank a mod 2147483647 — rank 1
    [ok  ] conclusion: mult_permanent_pencil(lambda, delta) = a = 1 over Q (rank_p <= rank_Q <= a)
PASS        results/certs/b13_09/per7_8_7_3_2_2_1_1_d8_fullrank_p2147483629.json.gz  (2.3s)  cubic side: mult_per3((8, 7, 3, 2, 2, 1, 1), 8) = a = 1 mod 2147483629 in Sym^8(Sym^3 C^7) -- S_mu not in I(D_7^per3) (B13-09)
    [ok  ] cell: n in {3, 4} — n = 3
    [ok  ] cell: length(lambda) = r — lambda (8, 7, 3, 2, 2, 1, 1), r 7
    [ok  ] cell: lambda weakly decreasing
    [ok  ] cell: |lambda| = n*delta — 24 vs 3*8
    [ok  ] cell: a recomputed (Weyl alternation) — recomputed 1, claimed 1
    [ok  ] basis vector 0: highest weight mod 2147483629
    [ok  ] basis: 1 independent vectors = a — rank 1, a = 1
    [ok  ] evaluation of the a = 1 highest-weight vectors at 9 recorded permanent_pencil points has rank a mod 2147483629 — rank 1
    [ok  ] conclusion: mult_permanent_pencil(lambda, delta) = a = 1 over Q (rank_p <= rank_Q <= a)
PASS        results/certs/b13_09/per7_8_7_3_2_2_1_1_d8_fullrank_p2147483647.json.gz  (2.3s)  cubic side: mult_per3((8, 7, 3, 2, 2, 1, 1), 8) = a = 1 mod 2147483647 in Sym^8(Sym^3 C^7) -- S_mu not in I(D_7^per3) (B13-09)
    [ok  ] cell: n in {3, 4} — n = 3
    [ok  ] cell: length(lambda) = r — lambda (8, 7, 3, 2, 2, 1, 1), r 7
    [ok  ] cell: lambda weakly decreasing
    [ok  ] cell: |lambda| = n*delta — 24 vs 3*8
    [ok  ] cell: a recomputed (Weyl alternation) — recomputed 1, claimed 1
    [ok  ] basis vector 0: highest weight mod 2147483647
    [ok  ] basis: 1 independent vectors = a — rank 1, a = 1
    [ok  ] evaluation of the a = 1 highest-weight vectors at 9 recorded permanent_pencil points has rank a mod 2147483647 — rank 1
    [ok  ] conclusion: mult_permanent_pencil(lambda, delta) = a = 1 over Q (rank_p <= rank_Q <= a)
PASS        results/certs/b13_09/per7_8_7_5_4_1_1_1_d9_fullrank_p2147483629.json.gz  (34.6s)  cubic side: mult_per3((8, 7, 5, 4, 1, 1, 1), 9) = a = 2 mod 2147483629 in Sym^9(Sym^3 C^7) -- S_mu not in I(D_7^per3) (B13-09)
    [ok  ] cell: n in {3, 4} — n = 3
    [ok  ] cell: length(lambda) = r — lambda (8, 7, 5, 4, 1, 1, 1), r 7
    [ok  ] cell: lambda weakly decreasing
    [ok  ] cell: |lambda| = n*delta — 27 vs 3*9
    [ok  ] cell: a recomputed (Weyl alternation) — recomputed 2, claimed 2
    [ok  ] basis vector 0: highest weight mod 2147483629
    [ok  ] basis vector 1: highest weight mod 2147483629
    [ok  ] basis: 2 independent vectors = a — rank 2, a = 2
    [ok  ] evaluation of the a = 2 highest-weight vectors at 10 recorded permanent_pencil points has rank a mod 2147483629 — rank 2
    [ok  ] conclusion: mult_permanent_pencil(lambda, delta) = a = 2 over Q (rank_p <= rank_Q <= a)
PASS        results/certs/b13_09/per7_8_7_5_4_1_1_1_d9_fullrank_p2147483647.json.gz  (34.1s)  cubic side: mult_per3((8, 7, 5, 4, 1, 1, 1), 9) = a = 2 mod 2147483647 in Sym^9(Sym^3 C^7) -- S_mu not in I(D_7^per3) (B13-09)
    [ok  ] cell: n in {3, 4} — n = 3
    [ok  ] cell: length(lambda) = r — lambda (8, 7, 5, 4, 1, 1, 1), r 7
    [ok  ] cell: lambda weakly decreasing
    [ok  ] cell: |lambda| = n*delta — 27 vs 3*9
    [ok  ] cell: a recomputed (Weyl alternation) — recomputed 2, claimed 2
    [ok  ] basis vector 0: highest weight mod 2147483647
    [ok  ] basis vector 1: highest weight mod 2147483647
    [ok  ] basis: 2 independent vectors = a — rank 2, a = 2
    [ok  ] evaluation of the a = 2 highest-weight vectors at 10 recorded permanent_pencil points has rank a mod 2147483647 — rank 2
    [ok  ] conclusion: mult_permanent_pencil(lambda, delta) = a = 2 over Q (rank_p <= rank_Q <= a)
PASS        results/certs/b13_09/per7_8_7_6_2_2_1_1_d9_fullrank_p2147483629.json.gz  (41.6s)  cubic side: mult_per3((8, 7, 6, 2, 2, 1, 1), 9) = a = 2 mod 2147483629 in Sym^9(Sym^3 C^7) -- S_mu not in I(D_7^per3) (B13-09)
    [ok  ] cell: n in {3, 4} — n = 3
    [ok  ] cell: length(lambda) = r — lambda (8, 7, 6, 2, 2, 1, 1), r 7
    [ok  ] cell: lambda weakly decreasing
    [ok  ] cell: |lambda| = n*delta — 27 vs 3*9
    [ok  ] cell: a recomputed (Weyl alternation) — recomputed 2, claimed 2
    [ok  ] basis vector 0: highest weight mod 2147483629
    [ok  ] basis vector 1: highest weight mod 2147483629
    [ok  ] basis: 2 independent vectors = a — rank 2, a = 2
    [ok  ] evaluation of the a = 2 highest-weight vectors at 10 recorded permanent_pencil points has rank a mod 2147483629 — rank 2
    [ok  ] conclusion: mult_permanent_pencil(lambda, delta) = a = 2 over Q (rank_p <= rank_Q <= a)
PASS        results/certs/b13_09/per7_8_7_6_2_2_1_1_d9_fullrank_p2147483647.json.gz  (41.8s)  cubic side: mult_per3((8, 7, 6, 2, 2, 1, 1), 9) = a = 2 mod 2147483647 in Sym^9(Sym^3 C^7) -- S_mu not in I(D_7^per3) (B13-09)
    [ok  ] cell: n in {3, 4} — n = 3
    [ok  ] cell: length(lambda) = r — lambda (8, 7, 6, 2, 2, 1, 1), r 7
    [ok  ] cell: lambda weakly decreasing
    [ok  ] cell: |lambda| = n*delta — 27 vs 3*9
    [ok  ] cell: a recomputed (Weyl alternation) — recomputed 2, claimed 2
    [ok  ] basis vector 0: highest weight mod 2147483647
    [ok  ] basis vector 1: highest weight mod 2147483647
    [ok  ] basis: 2 independent vectors = a — rank 2, a = 2
    [ok  ] evaluation of the a = 2 highest-weight vectors at 10 recorded permanent_pencil points has rank a mod 2147483647 — rank 2
    [ok  ] conclusion: mult_permanent_pencil(lambda, delta) = a = 2 over Q (rank_p <= rank_Q <= a)
PASS        results/certs/b13_09/per7_8_7_6_3_1_1_1_d9_fullrank_p2147483629.json.gz  (9.0s)  cubic side: mult_per3((8, 7, 6, 3, 1, 1, 1), 9) = a = 1 mod 2147483629 in Sym^9(Sym^3 C^7) -- S_mu not in I(D_7^per3) (B13-09)
    [ok  ] cell: n in {3, 4} — n = 3
    [ok  ] cell: length(lambda) = r — lambda (8, 7, 6, 3, 1, 1, 1), r 7
    [ok  ] cell: lambda weakly decreasing
    [ok  ] cell: |lambda| = n*delta — 27 vs 3*9
    [ok  ] cell: a recomputed (Weyl alternation) — recomputed 1, claimed 1
    [ok  ] basis vector 0: highest weight mod 2147483629
    [ok  ] basis: 1 independent vectors = a — rank 1, a = 1
    [ok  ] evaluation of the a = 1 highest-weight vectors at 9 recorded permanent_pencil points has rank a mod 2147483629 — rank 1
    [ok  ] conclusion: mult_permanent_pencil(lambda, delta) = a = 1 over Q (rank_p <= rank_Q <= a)
PASS        results/certs/b13_09/per7_8_7_6_3_1_1_1_d9_fullrank_p2147483647.json.gz  (9.3s)  cubic side: mult_per3((8, 7, 6, 3, 1, 1, 1), 9) = a = 1 mod 2147483647 in Sym^9(Sym^3 C^7) -- S_mu not in I(D_7^per3) (B13-09)
    [ok  ] cell: n in {3, 4} — n = 3
    [ok  ] cell: length(lambda) = r — lambda (8, 7, 6, 3, 1, 1, 1), r 7
    [ok  ] cell: lambda weakly decreasing
    [ok  ] cell: |lambda| = n*delta — 27 vs 3*9
    [ok  ] cell: a recomputed (Weyl alternation) — recomputed 1, claimed 1
    [ok  ] basis vector 0: highest weight mod 2147483647
    [ok  ] basis: 1 independent vectors = a — rank 1, a = 1
    [ok  ] evaluation of the a = 1 highest-weight vectors at 9 recorded permanent_pencil points has rank a mod 2147483647 — rank 1
    [ok  ] conclusion: mult_permanent_pencil(lambda, delta) = a = 1 over Q (rank_p <= rank_Q <= a)
PASS        results/certs/b13_09/per7_8_8_5_2_2_1_1_d9_fullrank_p2147483629.json.gz  (17.8s)  cubic side: mult_per3((8, 8, 5, 2, 2, 1, 1), 9) = a = 1 mod 2147483629 in Sym^9(Sym^3 C^7) -- S_mu not in I(D_7^per3) (B13-09)
    [ok  ] cell: n in {3, 4} — n = 3
    [ok  ] cell: length(lambda) = r — lambda (8, 8, 5, 2, 2, 1, 1), r 7
    [ok  ] cell: lambda weakly decreasing
    [ok  ] cell: |lambda| = n*delta — 27 vs 3*9
    [ok  ] cell: a recomputed (Weyl alternation) — recomputed 1, claimed 1
    [ok  ] basis vector 0: highest weight mod 2147483629
    [ok  ] basis: 1 independent vectors = a — rank 1, a = 1
    [ok  ] evaluation of the a = 1 highest-weight vectors at 9 recorded permanent_pencil points has rank a mod 2147483629 — rank 1
    [ok  ] conclusion: mult_permanent_pencil(lambda, delta) = a = 1 over Q (rank_p <= rank_Q <= a)
PASS        results/certs/b13_09/per7_8_8_5_2_2_1_1_d9_fullrank_p2147483647.json.gz  (17.7s)  cubic side: mult_per3((8, 8, 5, 2, 2, 1, 1), 9) = a = 1 mod 2147483647 in Sym^9(Sym^3 C^7) -- S_mu not in I(D_7^per3) (B13-09)
    [ok  ] cell: n in {3, 4} — n = 3
    [ok  ] cell: length(lambda) = r — lambda (8, 8, 5, 2, 2, 1, 1), r 7
    [ok  ] cell: lambda weakly decreasing
    [ok  ] cell: |lambda| = n*delta — 27 vs 3*9
    [ok  ] cell: a recomputed (Weyl alternation) — recomputed 1, claimed 1
    [ok  ] basis vector 0: highest weight mod 2147483647
    [ok  ] basis: 1 independent vectors = a — rank 1, a = 1
    [ok  ] evaluation of the a = 1 highest-weight vectors at 9 recorded permanent_pencil points has rank a mod 2147483647 — rank 1
    [ok  ] conclusion: mult_permanent_pencil(lambda, delta) = a = 1 over Q (rank_p <= rank_Q <= a)
PASS        results/certs/b13_09/per7_8_8_5_3_1_1_1_d9_fullrank_p2147483629.json.gz  (14.4s)  cubic side: mult_per3((8, 8, 5, 3, 1, 1, 1), 9) = a = 2 mod 2147483629 in Sym^9(Sym^3 C^7) -- S_mu not in I(D_7^per3) (B13-09)
    [ok  ] cell: n in {3, 4} — n = 3
    [ok  ] cell: length(lambda) = r — lambda (8, 8, 5, 3, 1, 1, 1), r 7
    [ok  ] cell: lambda weakly decreasing
    [ok  ] cell: |lambda| = n*delta — 27 vs 3*9
    [ok  ] cell: a recomputed (Weyl alternation) — recomputed 2, claimed 2
    [ok  ] basis vector 0: highest weight mod 2147483629
    [ok  ] basis vector 1: highest weight mod 2147483629
    [ok  ] basis: 2 independent vectors = a — rank 2, a = 2
    [ok  ] evaluation of the a = 2 highest-weight vectors at 10 recorded permanent_pencil points has rank a mod 2147483629 — rank 2
    [ok  ] conclusion: mult_permanent_pencil(lambda, delta) = a = 2 over Q (rank_p <= rank_Q <= a)
PASS        results/certs/b13_09/per7_8_8_5_3_1_1_1_d9_fullrank_p2147483647.json.gz  (14.4s)  cubic side: mult_per3((8, 8, 5, 3, 1, 1, 1), 9) = a = 2 mod 2147483647 in Sym^9(Sym^3 C^7) -- S_mu not in I(D_7^per3) (B13-09)
    [ok  ] cell: n in {3, 4} — n = 3
    [ok  ] cell: length(lambda) = r — lambda (8, 8, 5, 3, 1, 1, 1), r 7
    [ok  ] cell: lambda weakly decreasing
    [ok  ] cell: |lambda| = n*delta — 27 vs 3*9
    [ok  ] cell: a recomputed (Weyl alternation) — recomputed 2, claimed 2
    [ok  ] basis vector 0: highest weight mod 2147483647
    [ok  ] basis vector 1: highest weight mod 2147483647
    [ok  ] basis: 2 independent vectors = a — rank 2, a = 2
    [ok  ] evaluation of the a = 2 highest-weight vectors at 10 recorded permanent_pencil points has rank a mod 2147483647 — rank 2
    [ok  ] conclusion: mult_permanent_pencil(lambda, delta) = a = 2 over Q (rank_p <= rank_Q <= a)
PASS        results/certs/b13_09/per7_9_2_2_2_2_2_2_d7_fullrank_p2147483629.json.gz  (1.4s)  cubic side: mult_per3((9, 2, 2, 2, 2, 2, 2), 7) = a = 1 mod 2147483629 in Sym^7(Sym^3 C^7) -- S_mu not in I(D_7^per3) (B13-09)
    [ok  ] cell: n in {3, 4} — n = 3
    [ok  ] cell: length(lambda) = r — lambda (9, 2, 2, 2, 2, 2, 2), r 7
    [ok  ] cell: lambda weakly decreasing
    [ok  ] cell: |lambda| = n*delta — 21 vs 3*7
    [ok  ] cell: a recomputed (Weyl alternation) — recomputed 1, claimed 1
    [ok  ] basis vector 0: highest weight mod 2147483629
    [ok  ] basis: 1 independent vectors = a — rank 1, a = 1
    [ok  ] evaluation of the a = 1 highest-weight vectors at 9 recorded permanent_pencil points has rank a mod 2147483629 — rank 1
    [ok  ] conclusion: mult_permanent_pencil(lambda, delta) = a = 1 over Q (rank_p <= rank_Q <= a)
PASS        results/certs/b13_09/per7_9_2_2_2_2_2_2_d7_fullrank_p2147483647.json.gz  (1.4s)  cubic side: mult_per3((9, 2, 2, 2, 2, 2, 2), 7) = a = 1 mod 2147483647 in Sym^7(Sym^3 C^7) -- S_mu not in I(D_7^per3) (B13-09)
    [ok  ] cell: n in {3, 4} — n = 3
    [ok  ] cell: length(lambda) = r — lambda (9, 2, 2, 2, 2, 2, 2), r 7
    [ok  ] cell: lambda weakly decreasing
    [ok  ] cell: |lambda| = n*delta — 21 vs 3*7
    [ok  ] cell: a recomputed (Weyl alternation) — recomputed 1, claimed 1
    [ok  ] basis vector 0: highest weight mod 2147483647
    [ok  ] basis: 1 independent vectors = a — rank 1, a = 1
    [ok  ] evaluation of the a = 1 highest-weight vectors at 9 recorded permanent_pencil points has rank a mod 2147483647 — rank 1
    [ok  ] conclusion: mult_permanent_pencil(lambda, delta) = a = 1 over Q (rank_p <= rank_Q <= a)
PASS        results/certs/b13_09/per7_9_4_4_2_2_2_1_d8_fullrank_p2147483629.json.gz  (10.1s)  cubic side: mult_per3((9, 4, 4, 2, 2, 2, 1), 8) = a = 1 mod 2147483629 in Sym^8(Sym^3 C^7) -- S_mu not in I(D_7^per3) (B13-09)
    [ok  ] cell: n in {3, 4} — n = 3
    [ok  ] cell: length(lambda) = r — lambda (9, 4, 4, 2, 2, 2, 1), r 7
    [ok  ] cell: lambda weakly decreasing
    [ok  ] cell: |lambda| = n*delta — 24 vs 3*8
    [ok  ] cell: a recomputed (Weyl alternation) — recomputed 1, claimed 1
    [ok  ] basis vector 0: highest weight mod 2147483629
    [ok  ] basis: 1 independent vectors = a — rank 1, a = 1
    [ok  ] evaluation of the a = 1 highest-weight vectors at 9 recorded permanent_pencil points has rank a mod 2147483629 — rank 1
    [ok  ] conclusion: mult_permanent_pencil(lambda, delta) = a = 1 over Q (rank_p <= rank_Q <= a)
PASS        results/certs/b13_09/per7_9_4_4_2_2_2_1_d8_fullrank_p2147483647.json.gz  (9.7s)  cubic side: mult_per3((9, 4, 4, 2, 2, 2, 1), 8) = a = 1 mod 2147483647 in Sym^8(Sym^3 C^7) -- S_mu not in I(D_7^per3) (B13-09)
    [ok  ] cell: n in {3, 4} — n = 3
    [ok  ] cell: length(lambda) = r — lambda (9, 4, 4, 2, 2, 2, 1), r 7
    [ok  ] cell: lambda weakly decreasing
    [ok  ] cell: |lambda| = n*delta — 24 vs 3*8
    [ok  ] cell: a recomputed (Weyl alternation) — recomputed 1, claimed 1
    [ok  ] basis vector 0: highest weight mod 2147483647
    [ok  ] basis: 1 independent vectors = a — rank 1, a = 1
    [ok  ] evaluation of the a = 1 highest-weight vectors at 9 recorded permanent_pencil points has rank a mod 2147483647 — rank 1
    [ok  ] conclusion: mult_permanent_pencil(lambda, delta) = a = 1 over Q (rank_p <= rank_Q <= a)
PASS        results/certs/b13_09/per7_9_5_2_2_2_2_2_d8_fullrank_p2147483629.json.gz  (7.5s)  cubic side: mult_per3((9, 5, 2, 2, 2, 2, 2), 8) = a = 1 mod 2147483629 in Sym^8(Sym^3 C^7) -- S_mu not in I(D_7^per3) (B13-09)
    [ok  ] cell: n in {3, 4} — n = 3
    [ok  ] cell: length(lambda) = r — lambda (9, 5, 2, 2, 2, 2, 2), r 7
    [ok  ] cell: lambda weakly decreasing
    [ok  ] cell: |lambda| = n*delta — 24 vs 3*8
    [ok  ] cell: a recomputed (Weyl alternation) — recomputed 1, claimed 1
    [ok  ] basis vector 0: highest weight mod 2147483629
    [ok  ] basis: 1 independent vectors = a — rank 1, a = 1
    [ok  ] evaluation of the a = 1 highest-weight vectors at 9 recorded permanent_pencil points has rank a mod 2147483629 — rank 1
    [ok  ] conclusion: mult_permanent_pencil(lambda, delta) = a = 1 over Q (rank_p <= rank_Q <= a)
PASS        results/certs/b13_09/per7_9_5_2_2_2_2_2_d8_fullrank_p2147483647.json.gz  (7.4s)  cubic side: mult_per3((9, 5, 2, 2, 2, 2, 2), 8) = a = 1 mod 2147483647 in Sym^8(Sym^3 C^7) -- S_mu not in I(D_7^per3) (B13-09)
    [ok  ] cell: n in {3, 4} — n = 3
    [ok  ] cell: length(lambda) = r — lambda (9, 5, 2, 2, 2, 2, 2), r 7
    [ok  ] cell: lambda weakly decreasing
    [ok  ] cell: |lambda| = n*delta — 24 vs 3*8
    [ok  ] cell: a recomputed (Weyl alternation) — recomputed 1, claimed 1
    [ok  ] basis vector 0: highest weight mod 2147483647
    [ok  ] basis: 1 independent vectors = a — rank 1, a = 1
    [ok  ] evaluation of the a = 1 highest-weight vectors at 9 recorded permanent_pencil points has rank a mod 2147483647 — rank 1
    [ok  ] conclusion: mult_permanent_pencil(lambda, delta) = a = 1 over Q (rank_p <= rank_Q <= a)
PASS        results/certs/b13_09/per7_9_5_3_2_2_2_1_d8_fullrank_p2147483629.json.gz  (7.8s)  cubic side: mult_per3((9, 5, 3, 2, 2, 2, 1), 8) = a = 1 mod 2147483629 in Sym^8(Sym^3 C^7) -- S_mu not in I(D_7^per3) (B13-09)
    [ok  ] cell: n in {3, 4} — n = 3
    [ok  ] cell: length(lambda) = r — lambda (9, 5, 3, 2, 2, 2, 1), r 7
    [ok  ] cell: lambda weakly decreasing
    [ok  ] cell: |lambda| = n*delta — 24 vs 3*8
    [ok  ] cell: a recomputed (Weyl alternation) — recomputed 1, claimed 1
    [ok  ] basis vector 0: highest weight mod 2147483629
    [ok  ] basis: 1 independent vectors = a — rank 1, a = 1
    [ok  ] evaluation of the a = 1 highest-weight vectors at 9 recorded permanent_pencil points has rank a mod 2147483629 — rank 1
    [ok  ] conclusion: mult_permanent_pencil(lambda, delta) = a = 1 over Q (rank_p <= rank_Q <= a)
PASS        results/certs/b13_09/per7_9_5_3_2_2_2_1_d8_fullrank_p2147483647.json.gz  (7.6s)  cubic side: mult_per3((9, 5, 3, 2, 2, 2, 1), 8) = a = 1 mod 2147483647 in Sym^8(Sym^3 C^7) -- S_mu not in I(D_7^per3) (B13-09)
    [ok  ] cell: n in {3, 4} — n = 3
    [ok  ] cell: length(lambda) = r — lambda (9, 5, 3, 2, 2, 2, 1), r 7
    [ok  ] cell: lambda weakly decreasing
    [ok  ] cell: |lambda| = n*delta — 24 vs 3*8
    [ok  ] cell: a recomputed (Weyl alternation) — recomputed 1, claimed 1
    [ok  ] basis vector 0: highest weight mod 2147483647
    [ok  ] basis: 1 independent vectors = a — rank 1, a = 1
    [ok  ] evaluation of the a = 1 highest-weight vectors at 9 recorded permanent_pencil points has rank a mod 2147483647 — rank 1
    [ok  ] conclusion: mult_permanent_pencil(lambda, delta) = a = 1 over Q (rank_p <= rank_Q <= a)
PASS        results/certs/b13_09/per7_9_5_3_3_2_1_1_d8_fullrank_p2147483629.json.gz  (3.8s)  cubic side: mult_per3((9, 5, 3, 3, 2, 1, 1), 8) = a = 1 mod 2147483629 in Sym^8(Sym^3 C^7) -- S_mu not in I(D_7^per3) (B13-09)
    [ok  ] cell: n in {3, 4} — n = 3
    [ok  ] cell: length(lambda) = r — lambda (9, 5, 3, 3, 2, 1, 1), r 7
    [ok  ] cell: lambda weakly decreasing
    [ok  ] cell: |lambda| = n*delta — 24 vs 3*8
    [ok  ] cell: a recomputed (Weyl alternation) — recomputed 1, claimed 1
    [ok  ] basis vector 0: highest weight mod 2147483629
    [ok  ] basis: 1 independent vectors = a — rank 1, a = 1
    [ok  ] evaluation of the a = 1 highest-weight vectors at 9 recorded permanent_pencil points has rank a mod 2147483629 — rank 1
    [ok  ] conclusion: mult_permanent_pencil(lambda, delta) = a = 1 over Q (rank_p <= rank_Q <= a)
PASS        results/certs/b13_09/per7_9_5_3_3_2_1_1_d8_fullrank_p2147483647.json.gz  (4.0s)  cubic side: mult_per3((9, 5, 3, 3, 2, 1, 1), 8) = a = 1 mod 2147483647 in Sym^8(Sym^3 C^7) -- S_mu not in I(D_7^per3) (B13-09)
    [ok  ] cell: n in {3, 4} — n = 3
    [ok  ] cell: length(lambda) = r — lambda (9, 5, 3, 3, 2, 1, 1), r 7
    [ok  ] cell: lambda weakly decreasing
    [ok  ] cell: |lambda| = n*delta — 24 vs 3*8
    [ok  ] cell: a recomputed (Weyl alternation) — recomputed 1, claimed 1
    [ok  ] basis vector 0: highest weight mod 2147483647
    [ok  ] basis: 1 independent vectors = a — rank 1, a = 1
    [ok  ] evaluation of the a = 1 highest-weight vectors at 9 recorded permanent_pencil points has rank a mod 2147483647 — rank 1
    [ok  ] conclusion: mult_permanent_pencil(lambda, delta) = a = 1 over Q (rank_p <= rank_Q <= a)
PASS        results/certs/b13_09/per7_9_5_4_2_2_1_1_d8_fullrank_p2147483629.json.gz  (2.9s)  cubic side: mult_per3((9, 5, 4, 2, 2, 1, 1), 8) = a = 1 mod 2147483629 in Sym^8(Sym^3 C^7) -- S_mu not in I(D_7^per3) (B13-09)
    [ok  ] cell: n in {3, 4} — n = 3
    [ok  ] cell: length(lambda) = r — lambda (9, 5, 4, 2, 2, 1, 1), r 7
    [ok  ] cell: lambda weakly decreasing
    [ok  ] cell: |lambda| = n*delta — 24 vs 3*8
    [ok  ] cell: a recomputed (Weyl alternation) — recomputed 1, claimed 1
    [ok  ] basis vector 0: highest weight mod 2147483629
    [ok  ] basis: 1 independent vectors = a — rank 1, a = 1
    [ok  ] evaluation of the a = 1 highest-weight vectors at 9 recorded permanent_pencil points has rank a mod 2147483629 — rank 1
    [ok  ] conclusion: mult_permanent_pencil(lambda, delta) = a = 1 over Q (rank_p <= rank_Q <= a)
PASS        results/certs/b13_09/per7_9_5_4_2_2_1_1_d8_fullrank_p2147483647.json.gz  (3.1s)  cubic side: mult_per3((9, 5, 4, 2, 2, 1, 1), 8) = a = 1 mod 2147483647 in Sym^8(Sym^3 C^7) -- S_mu not in I(D_7^per3) (B13-09)
    [ok  ] cell: n in {3, 4} — n = 3
    [ok  ] cell: length(lambda) = r — lambda (9, 5, 4, 2, 2, 1, 1), r 7
    [ok  ] cell: lambda weakly decreasing
    [ok  ] cell: |lambda| = n*delta — 24 vs 3*8
    [ok  ] cell: a recomputed (Weyl alternation) — recomputed 1, claimed 1
    [ok  ] basis vector 0: highest weight mod 2147483647
    [ok  ] basis: 1 independent vectors = a — rank 1, a = 1
    [ok  ] evaluation of the a = 1 highest-weight vectors at 9 recorded permanent_pencil points has rank a mod 2147483647 — rank 1
    [ok  ] conclusion: mult_permanent_pencil(lambda, delta) = a = 1 over Q (rank_p <= rank_Q <= a)
PASS        results/certs/b13_09/per7_9_5_5_2_1_1_1_d8_fullrank_p2147483629.json.gz  (1.3s)  cubic side: mult_per3((9, 5, 5, 2, 1, 1, 1), 8) = a = 1 mod 2147483629 in Sym^8(Sym^3 C^7) -- S_mu not in I(D_7^per3) (B13-09)
    [ok  ] cell: n in {3, 4} — n = 3
    [ok  ] cell: length(lambda) = r — lambda (9, 5, 5, 2, 1, 1, 1), r 7
    [ok  ] cell: lambda weakly decreasing
    [ok  ] cell: |lambda| = n*delta — 24 vs 3*8
    [ok  ] cell: a recomputed (Weyl alternation) — recomputed 1, claimed 1
    [ok  ] basis vector 0: highest weight mod 2147483629
    [ok  ] basis: 1 independent vectors = a — rank 1, a = 1
    [ok  ] evaluation of the a = 1 highest-weight vectors at 9 recorded permanent_pencil points has rank a mod 2147483629 — rank 1
    [ok  ] conclusion: mult_permanent_pencil(lambda, delta) = a = 1 over Q (rank_p <= rank_Q <= a)
PASS        results/certs/b13_09/per7_9_5_5_2_1_1_1_d8_fullrank_p2147483647.json.gz  (1.3s)  cubic side: mult_per3((9, 5, 5, 2, 1, 1, 1), 8) = a = 1 mod 2147483647 in Sym^8(Sym^3 C^7) -- S_mu not in I(D_7^per3) (B13-09)
    [ok  ] cell: n in {3, 4} — n = 3
    [ok  ] cell: length(lambda) = r — lambda (9, 5, 5, 2, 1, 1, 1), r 7
    [ok  ] cell: lambda weakly decreasing
    [ok  ] cell: |lambda| = n*delta — 24 vs 3*8
    [ok  ] cell: a recomputed (Weyl alternation) — recomputed 1, claimed 1
    [ok  ] basis vector 0: highest weight mod 2147483647
    [ok  ] basis: 1 independent vectors = a — rank 1, a = 1
    [ok  ] evaluation of the a = 1 highest-weight vectors at 9 recorded permanent_pencil points has rank a mod 2147483647 — rank 1
    [ok  ] conclusion: mult_permanent_pencil(lambda, delta) = a = 1 over Q (rank_p <= rank_Q <= a)
UNPARSEABLE results/certs/b13_09/per7_9_5_5_3_3_1_1_d9_fullrank_p2147483647.json.gz  (0.0s)  
    [FAIL] read/parse JSON — [Errno 2] No such file or directory: 'results/certs/b13_09/per7_9_5_5_3_3_1_1_d9_fullrank_p2147483647.json.gz'
PASS        results/certs/b13_09/per7_9_5_5_5_1_1_1_d9_fullrank_p2147483629.json.gz  (34.5s)  cubic side: mult_per3((9, 5, 5, 5, 1, 1, 1), 9) = a = 2 mod 2147483629 in Sym^9(Sym^3 C^7) -- S_mu not in I(D_7^per3) (B13-09)
    [ok  ] cell: n in {3, 4} — n = 3
    [ok  ] cell: length(lambda) = r — lambda (9, 5, 5, 5, 1, 1, 1), r 7
    [ok  ] cell: lambda weakly decreasing
    [ok  ] cell: |lambda| = n*delta — 27 vs 3*9
    [ok  ] cell: a recomputed (Weyl alternation) — recomputed 2, claimed 2
    [ok  ] basis vector 0: highest weight mod 2147483629
    [ok  ] basis vector 1: highest weight mod 2147483629
    [ok  ] basis: 2 independent vectors = a — rank 2, a = 2
    [ok  ] evaluation of the a = 2 highest-weight vectors at 10 recorded permanent_pencil points has rank a mod 2147483629 — rank 2
    [ok  ] conclusion: mult_permanent_pencil(lambda, delta) = a = 2 over Q (rank_p <= rank_Q <= a)
PASS        results/certs/b13_09/per7_9_5_5_5_1_1_1_d9_fullrank_p2147483647.json.gz  (33.2s)  cubic side: mult_per3((9, 5, 5, 5, 1, 1, 1), 9) = a = 2 mod 2147483647 in Sym^9(Sym^3 C^7) -- S_mu not in I(D_7^per3) (B13-09)
    [ok  ] cell: n in {3, 4} — n = 3
    [ok  ] cell: length(lambda) = r — lambda (9, 5, 5, 5, 1, 1, 1), r 7
    [ok  ] cell: lambda weakly decreasing
    [ok  ] cell: |lambda| = n*delta — 27 vs 3*9
    [ok  ] cell: a recomputed (Weyl alternation) — recomputed 2, claimed 2
    [ok  ] basis vector 0: highest weight mod 2147483647
    [ok  ] basis vector 1: highest weight mod 2147483647
    [ok  ] basis: 2 independent vectors = a — rank 2, a = 2
    [ok  ] evaluation of the a = 2 highest-weight vectors at 10 recorded permanent_pencil points has rank a mod 2147483647 — rank 2
    [ok  ] conclusion: mult_permanent_pencil(lambda, delta) = a = 2 over Q (rank_p <= rank_Q <= a)
PASS        results/certs/b13_09/per7_9_6_2_2_2_2_1_d8_fullrank_p2147483629.json.gz  (3.5s)  cubic side: mult_per3((9, 6, 2, 2, 2, 2, 1), 8) = a = 1 mod 2147483629 in Sym^8(Sym^3 C^7) -- S_mu not in I(D_7^per3) (B13-09)
    [ok  ] cell: n in {3, 4} — n = 3
    [ok  ] cell: length(lambda) = r — lambda (9, 6, 2, 2, 2, 2, 1), r 7
    [ok  ] cell: lambda weakly decreasing
    [ok  ] cell: |lambda| = n*delta — 24 vs 3*8
    [ok  ] cell: a recomputed (Weyl alternation) — recomputed 1, claimed 1
    [ok  ] basis vector 0: highest weight mod 2147483629
    [ok  ] basis: 1 independent vectors = a — rank 1, a = 1
    [ok  ] evaluation of the a = 1 highest-weight vectors at 9 recorded permanent_pencil points has rank a mod 2147483629 — rank 1
    [ok  ] conclusion: mult_permanent_pencil(lambda, delta) = a = 1 over Q (rank_p <= rank_Q <= a)
PASS        results/certs/b13_09/per7_9_6_2_2_2_2_1_d8_fullrank_p2147483647.json.gz  (3.7s)  cubic side: mult_per3((9, 6, 2, 2, 2, 2, 1), 8) = a = 1 mod 2147483647 in Sym^8(Sym^3 C^7) -- S_mu not in I(D_7^per3) (B13-09)
    [ok  ] cell: n in {3, 4} — n = 3
    [ok  ] cell: length(lambda) = r — lambda (9, 6, 2, 2, 2, 2, 1), r 7
    [ok  ] cell: lambda weakly decreasing
    [ok  ] cell: |lambda| = n*delta — 24 vs 3*8
    [ok  ] cell: a recomputed (Weyl alternation) — recomputed 1, claimed 1
    [ok  ] basis vector 0: highest weight mod 2147483647
    [ok  ] basis: 1 independent vectors = a — rank 1, a = 1
    [ok  ] evaluation of the a = 1 highest-weight vectors at 9 recorded permanent_pencil points has rank a mod 2147483647 — rank 1
    [ok  ] conclusion: mult_permanent_pencil(lambda, delta) = a = 1 over Q (rank_p <= rank_Q <= a)
PASS        results/certs/b13_09/per7_9_6_3_2_2_1_1_d8_fullrank_p2147483629.json.gz  (1.9s)  cubic side: mult_per3((9, 6, 3, 2, 2, 1, 1), 8) = a = 1 mod 2147483629 in Sym^8(Sym^3 C^7) -- S_mu not in I(D_7^per3) (B13-09)
    [ok  ] cell: n in {3, 4} — n = 3
    [ok  ] cell: length(lambda) = r — lambda (9, 6, 3, 2, 2, 1, 1), r 7
    [ok  ] cell: lambda weakly decreasing
    [ok  ] cell: |lambda| = n*delta — 24 vs 3*8
    [ok  ] cell: a recomputed (Weyl alternation) — recomputed 1, claimed 1
    [ok  ] basis vector 0: highest weight mod 2147483629
    [ok  ] basis: 1 independent vectors = a — rank 1, a = 1
    [ok  ] evaluation of the a = 1 highest-weight vectors at 9 recorded permanent_pencil points has rank a mod 2147483629 — rank 1
    [ok  ] conclusion: mult_permanent_pencil(lambda, delta) = a = 1 over Q (rank_p <= rank_Q <= a)
PASS        results/certs/b13_09/per7_9_6_3_2_2_1_1_d8_fullrank_p2147483647.json.gz  (1.9s)  cubic side: mult_per3((9, 6, 3, 2, 2, 1, 1), 8) = a = 1 mod 2147483647 in Sym^8(Sym^3 C^7) -- S_mu not in I(D_7^per3) (B13-09)
    [ok  ] cell: n in {3, 4} — n = 3
    [ok  ] cell: length(lambda) = r — lambda (9, 6, 3, 2, 2, 1, 1), r 7
    [ok  ] cell: lambda weakly decreasing
    [ok  ] cell: |lambda| = n*delta — 24 vs 3*8
    [ok  ] cell: a recomputed (Weyl alternation) — recomputed 1, claimed 1
    [ok  ] basis vector 0: highest weight mod 2147483647
    [ok  ] basis: 1 independent vectors = a — rank 1, a = 1
    [ok  ] evaluation of the a = 1 highest-weight vectors at 9 recorded permanent_pencil points has rank a mod 2147483647 — rank 1
    [ok  ] conclusion: mult_permanent_pencil(lambda, delta) = a = 1 over Q (rank_p <= rank_Q <= a)
PASS        results/certs/b13_09/per7_9_6_3_3_1_1_1_d8_fullrank_p2147483629.json.gz  (1.3s)  cubic side: mult_per3((9, 6, 3, 3, 1, 1, 1), 8) = a = 1 mod 2147483629 in Sym^8(Sym^3 C^7) -- S_mu not in I(D_7^per3) (B13-09)
    [ok  ] cell: n in {3, 4} — n = 3
    [ok  ] cell: length(lambda) = r — lambda (9, 6, 3, 3, 1, 1, 1), r 7
    [ok  ] cell: lambda weakly decreasing
    [ok  ] cell: |lambda| = n*delta — 24 vs 3*8
    [ok  ] cell: a recomputed (Weyl alternation) — recomputed 1, claimed 1
    [ok  ] basis vector 0: highest weight mod 2147483629
    [ok  ] basis: 1 independent vectors = a — rank 1, a = 1
    [ok  ] evaluation of the a = 1 highest-weight vectors at 9 recorded permanent_pencil points has rank a mod 2147483629 — rank 1
    [ok  ] conclusion: mult_permanent_pencil(lambda, delta) = a = 1 over Q (rank_p <= rank_Q <= a)
PASS        results/certs/b13_09/per7_9_6_3_3_1_1_1_d8_fullrank_p2147483647.json.gz  (1.3s)  cubic side: mult_per3((9, 6, 3, 3, 1, 1, 1), 8) = a = 1 mod 2147483647 in Sym^8(Sym^3 C^7) -- S_mu not in I(D_7^per3) (B13-09)
    [ok  ] cell: n in {3, 4} — n = 3
    [ok  ] cell: length(lambda) = r — lambda (9, 6, 3, 3, 1, 1, 1), r 7
    [ok  ] cell: lambda weakly decreasing
    [ok  ] cell: |lambda| = n*delta — 24 vs 3*8
    [ok  ] cell: a recomputed (Weyl alternation) — recomputed 1, claimed 1
    [ok  ] basis vector 0: highest weight mod 2147483647
    [ok  ] basis: 1 independent vectors = a — rank 1, a = 1
    [ok  ] evaluation of the a = 1 highest-weight vectors at 9 recorded permanent_pencil points has rank a mod 2147483647 — rank 1
    [ok  ] conclusion: mult_permanent_pencil(lambda, delta) = a = 1 over Q (rank_p <= rank_Q <= a)
PASS        results/certs/b13_09/per7_9_6_5_4_1_1_1_d9_fullrank_p2147483629.json.gz  (22.3s)  cubic side: mult_per3((9, 6, 5, 4, 1, 1, 1), 9) = a = 2 mod 2147483629 in Sym^9(Sym^3 C^7) -- S_mu not in I(D_7^per3) (B13-09)
    [ok  ] cell: n in {3, 4} — n = 3
    [ok  ] cell: length(lambda) = r — lambda (9, 6, 5, 4, 1, 1, 1), r 7
    [ok  ] cell: lambda weakly decreasing
    [ok  ] cell: |lambda| = n*delta — 27 vs 3*9
    [ok  ] cell: a recomputed (Weyl alternation) — recomputed 2, claimed 2
    [ok  ] basis vector 0: highest weight mod 2147483629
    [ok  ] basis vector 1: highest weight mod 2147483629
    [ok  ] basis: 2 independent vectors = a — rank 2, a = 2
    [ok  ] evaluation of the a = 2 highest-weight vectors at 10 recorded permanent_pencil points has rank a mod 2147483629 — rank 2
    [ok  ] conclusion: mult_permanent_pencil(lambda, delta) = a = 2 over Q (rank_p <= rank_Q <= a)
PASS        results/certs/b13_09/per7_9_6_5_4_1_1_1_d9_fullrank_p2147483647.json.gz  (22.9s)  cubic side: mult_per3((9, 6, 5, 4, 1, 1, 1), 9) = a = 2 mod 2147483647 in Sym^9(Sym^3 C^7) -- S_mu not in I(D_7^per3) (B13-09)
    [ok  ] cell: n in {3, 4} — n = 3
    [ok  ] cell: length(lambda) = r — lambda (9, 6, 5, 4, 1, 1, 1), r 7
    [ok  ] cell: lambda weakly decreasing
    [ok  ] cell: |lambda| = n*delta — 27 vs 3*9
    [ok  ] cell: a recomputed (Weyl alternation) — recomputed 2, claimed 2
    [ok  ] basis vector 0: highest weight mod 2147483647
    [ok  ] basis vector 1: highest weight mod 2147483647
    [ok  ] basis: 2 independent vectors = a — rank 2, a = 2
    [ok  ] evaluation of the a = 2 highest-weight vectors at 10 recorded permanent_pencil points has rank a mod 2147483647 — rank 2
    [ok  ] conclusion: mult_permanent_pencil(lambda, delta) = a = 2 over Q (rank_p <= rank_Q <= a)
PASS        results/certs/b13_09/per7_9_6_6_2_2_1_1_d9_fullrank_p2147483629.json.gz  (15.6s)  cubic side: mult_per3((9, 6, 6, 2, 2, 1, 1), 9) = a = 1 mod 2147483629 in Sym^9(Sym^3 C^7) -- S_mu not in I(D_7^per3) (B13-09)
    [ok  ] cell: n in {3, 4} — n = 3
    [ok  ] cell: length(lambda) = r — lambda (9, 6, 6, 2, 2, 1, 1), r 7
    [ok  ] cell: lambda weakly decreasing
    [ok  ] cell: |lambda| = n*delta — 27 vs 3*9
    [ok  ] cell: a recomputed (Weyl alternation) — recomputed 1, claimed 1
    [ok  ] basis vector 0: highest weight mod 2147483629
    [ok  ] basis: 1 independent vectors = a — rank 1, a = 1
    [ok  ] evaluation of the a = 1 highest-weight vectors at 9 recorded permanent_pencil points has rank a mod 2147483629 — rank 1
    [ok  ] conclusion: mult_permanent_pencil(lambda, delta) = a = 1 over Q (rank_p <= rank_Q <= a)
PASS        results/certs/b13_09/per7_9_6_6_2_2_1_1_d9_fullrank_p2147483647.json.gz  (16.3s)  cubic side: mult_per3((9, 6, 6, 2, 2, 1, 1), 9) = a = 1 mod 2147483647 in Sym^9(Sym^3 C^7) -- S_mu not in I(D_7^per3) (B13-09)
    [ok  ] cell: n in {3, 4} — n = 3
    [ok  ] cell: length(lambda) = r — lambda (9, 6, 6, 2, 2, 1, 1), r 7
    [ok  ] cell: lambda weakly decreasing
    [ok  ] cell: |lambda| = n*delta — 27 vs 3*9
    [ok  ] cell: a recomputed (Weyl alternation) — recomputed 1, claimed 1
    [ok  ] basis vector 0: highest weight mod 2147483647
    [ok  ] basis: 1 independent vectors = a — rank 1, a = 1
    [ok  ] evaluation of the a = 1 highest-weight vectors at 9 recorded permanent_pencil points has rank a mod 2147483647 — rank 1
    [ok  ] conclusion: mult_permanent_pencil(lambda, delta) = a = 1 over Q (rank_p <= rank_Q <= a)
PASS        results/certs/b13_09/per7_9_6_6_3_1_1_1_d9_fullrank_p2147483629.json.gz  (7.5s)  cubic side: mult_per3((9, 6, 6, 3, 1, 1, 1), 9) = a = 1 mod 2147483629 in Sym^9(Sym^3 C^7) -- S_mu not in I(D_7^per3) (B13-09)
    [ok  ] cell: n in {3, 4} — n = 3
    [ok  ] cell: length(lambda) = r — lambda (9, 6, 6, 3, 1, 1, 1), r 7
    [ok  ] cell: lambda weakly decreasing
    [ok  ] cell: |lambda| = n*delta — 27 vs 3*9
    [ok  ] cell: a recomputed (Weyl alternation) — recomputed 1, claimed 1
    [ok  ] basis vector 0: highest weight mod 2147483629
    [ok  ] basis: 1 independent vectors = a — rank 1, a = 1
    [ok  ] evaluation of the a = 1 highest-weight vectors at 9 recorded permanent_pencil points has rank a mod 2147483629 — rank 1
    [ok  ] conclusion: mult_permanent_pencil(lambda, delta) = a = 1 over Q (rank_p <= rank_Q <= a)
PASS        results/certs/b13_09/per7_9_6_6_3_1_1_1_d9_fullrank_p2147483647.json.gz  (7.8s)  cubic side: mult_per3((9, 6, 6, 3, 1, 1, 1), 9) = a = 1 mod 2147483647 in Sym^9(Sym^3 C^7) -- S_mu not in I(D_7^per3) (B13-09)
    [ok  ] cell: n in {3, 4} — n = 3
    [ok  ] cell: length(lambda) = r — lambda (9, 6, 6, 3, 1, 1, 1), r 7
    [ok  ] cell: lambda weakly decreasing
    [ok  ] cell: |lambda| = n*delta — 27 vs 3*9
    [ok  ] cell: a recomputed (Weyl alternation) — recomputed 1, claimed 1
    [ok  ] basis vector 0: highest weight mod 2147483647
    [ok  ] basis: 1 independent vectors = a — rank 1, a = 1
    [ok  ] evaluation of the a = 1 highest-weight vectors at 9 recorded permanent_pencil points has rank a mod 2147483647 — rank 1
    [ok  ] conclusion: mult_permanent_pencil(lambda, delta) = a = 1 over Q (rank_p <= rank_Q <= a)
PASS        results/certs/b13_09/per7_9_7_4_4_1_1_1_d9_fullrank_p2147483629.json.gz  (9.5s)  cubic side: mult_per3((9, 7, 4, 4, 1, 1, 1), 9) = a = 1 mod 2147483629 in Sym^9(Sym^3 C^7) -- S_mu not in I(D_7^per3) (B13-09)
    [ok  ] cell: n in {3, 4} — n = 3
    [ok  ] cell: length(lambda) = r — lambda (9, 7, 4, 4, 1, 1, 1), r 7
    [ok  ] cell: lambda weakly decreasing
    [ok  ] cell: |lambda| = n*delta — 27 vs 3*9
    [ok  ] cell: a recomputed (Weyl alternation) — recomputed 1, claimed 1
    [ok  ] basis vector 0: highest weight mod 2147483629
    [ok  ] basis: 1 independent vectors = a — rank 1, a = 1
    [ok  ] evaluation of the a = 1 highest-weight vectors at 9 recorded permanent_pencil points has rank a mod 2147483629 — rank 1
    [ok  ] conclusion: mult_permanent_pencil(lambda, delta) = a = 1 over Q (rank_p <= rank_Q <= a)
PASS        results/certs/b13_09/per7_9_7_4_4_1_1_1_d9_fullrank_p2147483647.json.gz  (9.2s)  cubic side: mult_per3((9, 7, 4, 4, 1, 1, 1), 9) = a = 1 mod 2147483647 in Sym^9(Sym^3 C^7) -- S_mu not in I(D_7^per3) (B13-09)
    [ok  ] cell: n in {3, 4} — n = 3
    [ok  ] cell: length(lambda) = r — lambda (9, 7, 4, 4, 1, 1, 1), r 7
    [ok  ] cell: lambda weakly decreasing
    [ok  ] cell: |lambda| = n*delta — 27 vs 3*9
    [ok  ] cell: a recomputed (Weyl alternation) — recomputed 1, claimed 1
    [ok  ] basis vector 0: highest weight mod 2147483647
    [ok  ] basis: 1 independent vectors = a — rank 1, a = 1
    [ok  ] evaluation of the a = 1 highest-weight vectors at 9 recorded permanent_pencil points has rank a mod 2147483647 — rank 1
    [ok  ] conclusion: mult_permanent_pencil(lambda, delta) = a = 1 over Q (rank_p <= rank_Q <= a)
PASS        results/certs/b13_09/per7_9_7_5_3_1_1_1_d9_fullrank_p2147483629.json.gz  (12.1s)  cubic side: mult_per3((9, 7, 5, 3, 1, 1, 1), 9) = a = 2 mod 2147483629 in Sym^9(Sym^3 C^7) -- S_mu not in I(D_7^per3) (B13-09)
    [ok  ] cell: n in {3, 4} — n = 3
    [ok  ] cell: length(lambda) = r — lambda (9, 7, 5, 3, 1, 1, 1), r 7
    [ok  ] cell: lambda weakly decreasing
    [ok  ] cell: |lambda| = n*delta — 27 vs 3*9
    [ok  ] cell: a recomputed (Weyl alternation) — recomputed 2, claimed 2
    [ok  ] basis vector 0: highest weight mod 2147483629
    [ok  ] basis vector 1: highest weight mod 2147483629
    [ok  ] basis: 2 independent vectors = a — rank 2, a = 2
    [ok  ] evaluation of the a = 2 highest-weight vectors at 10 recorded permanent_pencil points has rank a mod 2147483629 — rank 2
    [ok  ] conclusion: mult_permanent_pencil(lambda, delta) = a = 2 over Q (rank_p <= rank_Q <= a)
PASS        results/certs/b13_09/per7_9_7_5_3_1_1_1_d9_fullrank_p2147483647.json.gz  (12.5s)  cubic side: mult_per3((9, 7, 5, 3, 1, 1, 1), 9) = a = 2 mod 2147483647 in Sym^9(Sym^3 C^7) -- S_mu not in I(D_7^per3) (B13-09)
    [ok  ] cell: n in {3, 4} — n = 3
    [ok  ] cell: length(lambda) = r — lambda (9, 7, 5, 3, 1, 1, 1), r 7
    [ok  ] cell: lambda weakly decreasing
    [ok  ] cell: |lambda| = n*delta — 27 vs 3*9
    [ok  ] cell: a recomputed (Weyl alternation) — recomputed 2, claimed 2
    [ok  ] basis vector 0: highest weight mod 2147483647
    [ok  ] basis vector 1: highest weight mod 2147483647
    [ok  ] basis: 2 independent vectors = a — rank 2, a = 2
    [ok  ] evaluation of the a = 2 highest-weight vectors at 10 recorded permanent_pencil points has rank a mod 2147483647 — rank 2
    [ok  ] conclusion: mult_permanent_pencil(lambda, delta) = a = 2 over Q (rank_p <= rank_Q <= a)
PASS        results/certs/b13_09/per7_9_7_6_2_1_1_1_d9_fullrank_p2147483629.json.gz  (3.3s)  cubic side: mult_per3((9, 7, 6, 2, 1, 1, 1), 9) = a = 1 mod 2147483629 in Sym^9(Sym^3 C^7) -- S_mu not in I(D_7^per3) (B13-09)
    [ok  ] cell: n in {3, 4} — n = 3
    [ok  ] cell: length(lambda) = r — lambda (9, 7, 6, 2, 1, 1, 1), r 7
    [ok  ] cell: lambda weakly decreasing
    [ok  ] cell: |lambda| = n*delta — 27 vs 3*9
    [ok  ] cell: a recomputed (Weyl alternation) — recomputed 1, claimed 1
    [ok  ] basis vector 0: highest weight mod 2147483629
    [ok  ] basis: 1 independent vectors = a — rank 1, a = 1
    [ok  ] evaluation of the a = 1 highest-weight vectors at 9 recorded permanent_pencil points has rank a mod 2147483629 — rank 1
    [ok  ] conclusion: mult_permanent_pencil(lambda, delta) = a = 1 over Q (rank_p <= rank_Q <= a)
PASS        results/certs/b13_09/per7_9_7_6_2_1_1_1_d9_fullrank_p2147483647.json.gz  (3.1s)  cubic side: mult_per3((9, 7, 6, 2, 1, 1, 1), 9) = a = 1 mod 2147483647 in Sym^9(Sym^3 C^7) -- S_mu not in I(D_7^per3) (B13-09)
    [ok  ] cell: n in {3, 4} — n = 3
    [ok  ] cell: length(lambda) = r — lambda (9, 7, 6, 2, 1, 1, 1), r 7
    [ok  ] cell: lambda weakly decreasing
    [ok  ] cell: |lambda| = n*delta — 27 vs 3*9
    [ok  ] cell: a recomputed (Weyl alternation) — recomputed 1, claimed 1
    [ok  ] basis vector 0: highest weight mod 2147483647
    [ok  ] basis: 1 independent vectors = a — rank 1, a = 1
    [ok  ] evaluation of the a = 1 highest-weight vectors at 9 recorded permanent_pencil points has rank a mod 2147483647 — rank 1
    [ok  ] conclusion: mult_permanent_pencil(lambda, delta) = a = 1 over Q (rank_p <= rank_Q <= a)
PASS        results/certs/b13_09/per7_9_8_3_2_2_2_1_d9_fullrank_p2147483629.json.gz  (39.7s)  cubic side: mult_per3((9, 8, 3, 2, 2, 2, 1), 9) = a = 2 mod 2147483629 in Sym^9(Sym^3 C^7) -- S_mu not in I(D_7^per3) (B13-09)
    [ok  ] cell: n in {3, 4} — n = 3
    [ok  ] cell: length(lambda) = r — lambda (9, 8, 3, 2, 2, 2, 1), r 7
    [ok  ] cell: lambda weakly decreasing
    [ok  ] cell: |lambda| = n*delta — 27 vs 3*9
    [ok  ] cell: a recomputed (Weyl alternation) — recomputed 2, claimed 2
    [ok  ] basis vector 0: highest weight mod 2147483629
    [ok  ] basis vector 1: highest weight mod 2147483629
    [ok  ] basis: 2 independent vectors = a — rank 2, a = 2
    [ok  ] evaluation of the a = 2 highest-weight vectors at 10 recorded permanent_pencil points has rank a mod 2147483629 — rank 2
    [ok  ] conclusion: mult_permanent_pencil(lambda, delta) = a = 2 over Q (rank_p <= rank_Q <= a)
PASS        results/certs/b13_09/per7_9_8_3_2_2_2_1_d9_fullrank_p2147483647.json.gz  (40.2s)  cubic side: mult_per3((9, 8, 3, 2, 2, 2, 1), 9) = a = 2 mod 2147483647 in Sym^9(Sym^3 C^7) -- S_mu not in I(D_7^per3) (B13-09)
    [ok  ] cell: n in {3, 4} — n = 3
    [ok  ] cell: length(lambda) = r — lambda (9, 8, 3, 2, 2, 2, 1), r 7
    [ok  ] cell: lambda weakly decreasing
    [ok  ] cell: |lambda| = n*delta — 27 vs 3*9
    [ok  ] cell: a recomputed (Weyl alternation) — recomputed 2, claimed 2
    [ok  ] basis vector 0: highest weight mod 2147483647
    [ok  ] basis vector 1: highest weight mod 2147483647
    [ok  ] basis: 2 independent vectors = a — rank 2, a = 2
    [ok  ] evaluation of the a = 2 highest-weight vectors at 10 recorded permanent_pencil points has rank a mod 2147483647 — rank 2
    [ok  ] conclusion: mult_permanent_pencil(lambda, delta) = a = 2 over Q (rank_p <= rank_Q <= a)
PASS        results/certs/b13_09/per7_9_8_3_3_2_1_1_d9_fullrank_p2147483629.json.gz  (17.4s)  cubic side: mult_per3((9, 8, 3, 3, 2, 1, 1), 9) = a = 2 mod 2147483629 in Sym^9(Sym^3 C^7) -- S_mu not in I(D_7^per3) (B13-09)
    [ok  ] cell: n in {3, 4} — n = 3
    [ok  ] cell: length(lambda) = r — lambda (9, 8, 3, 3, 2, 1, 1), r 7
    [ok  ] cell: lambda weakly decreasing
    [ok  ] cell: |lambda| = n*delta — 27 vs 3*9
    [ok  ] cell: a recomputed (Weyl alternation) — recomputed 2, claimed 2
    [ok  ] basis vector 0: highest weight mod 2147483629
    [ok  ] basis vector 1: highest weight mod 2147483629
    [ok  ] basis: 2 independent vectors = a — rank 2, a = 2
    [ok  ] evaluation of the a = 2 highest-weight vectors at 10 recorded permanent_pencil points has rank a mod 2147483629 — rank 2
    [ok  ] conclusion: mult_permanent_pencil(lambda, delta) = a = 2 over Q (rank_p <= rank_Q <= a)
PASS        results/certs/b13_09/per7_9_8_3_3_2_1_1_d9_fullrank_p2147483647.json.gz  (17.5s)  cubic side: mult_per3((9, 8, 3, 3, 2, 1, 1), 9) = a = 2 mod 2147483647 in Sym^9(Sym^3 C^7) -- S_mu not in I(D_7^per3) (B13-09)
    [ok  ] cell: n in {3, 4} — n = 3
    [ok  ] cell: length(lambda) = r — lambda (9, 8, 3, 3, 2, 1, 1), r 7
    [ok  ] cell: lambda weakly decreasing
    [ok  ] cell: |lambda| = n*delta — 27 vs 3*9
    [ok  ] cell: a recomputed (Weyl alternation) — recomputed 2, claimed 2
    [ok  ] basis vector 0: highest weight mod 2147483647
    [ok  ] basis vector 1: highest weight mod 2147483647
    [ok  ] basis: 2 independent vectors = a — rank 2, a = 2
    [ok  ] evaluation of the a = 2 highest-weight vectors at 10 recorded permanent_pencil points has rank a mod 2147483647 — rank 2
    [ok  ] conclusion: mult_permanent_pencil(lambda, delta) = a = 2 over Q (rank_p <= rank_Q <= a)
PASS        results/certs/b13_09/per7_9_8_4_2_2_1_1_d9_fullrank_p2147483629.json.gz  (18.3s)  cubic side: mult_per3((9, 8, 4, 2, 2, 1, 1), 9) = a = 2 mod 2147483629 in Sym^9(Sym^3 C^7) -- S_mu not in I(D_7^per3) (B13-09)
    [ok  ] cell: n in {3, 4} — n = 3
    [ok  ] cell: length(lambda) = r — lambda (9, 8, 4, 2, 2, 1, 1), r 7
    [ok  ] cell: lambda weakly decreasing
    [ok  ] cell: |lambda| = n*delta — 27 vs 3*9
    [ok  ] cell: a recomputed (Weyl alternation) — recomputed 2, claimed 2
    [ok  ] basis vector 0: highest weight mod 2147483629
    [ok  ] basis vector 1: highest weight mod 2147483629
    [ok  ] basis: 2 independent vectors = a — rank 2, a = 2
    [ok  ] evaluation of the a = 2 highest-weight vectors at 10 recorded permanent_pencil points has rank a mod 2147483629 — rank 2
    [ok  ] conclusion: mult_permanent_pencil(lambda, delta) = a = 2 over Q (rank_p <= rank_Q <= a)
PASS        results/certs/b13_09/per7_9_8_4_2_2_1_1_d9_fullrank_p2147483647.json.gz  (18.6s)  cubic side: mult_per3((9, 8, 4, 2, 2, 1, 1), 9) = a = 2 mod 2147483647 in Sym^9(Sym^3 C^7) -- S_mu not in I(D_7^per3) (B13-09)
    [ok  ] cell: n in {3, 4} — n = 3
    [ok  ] cell: length(lambda) = r — lambda (9, 8, 4, 2, 2, 1, 1), r 7
    [ok  ] cell: lambda weakly decreasing
    [ok  ] cell: |lambda| = n*delta — 27 vs 3*9
    [ok  ] cell: a recomputed (Weyl alternation) — recomputed 2, claimed 2
    [ok  ] basis vector 0: highest weight mod 2147483647
    [ok  ] basis vector 1: highest weight mod 2147483647
    [ok  ] basis: 2 independent vectors = a — rank 2, a = 2
    [ok  ] evaluation of the a = 2 highest-weight vectors at 10 recorded permanent_pencil points has rank a mod 2147483647 — rank 2
    [ok  ] conclusion: mult_permanent_pencil(lambda, delta) = a = 2 over Q (rank_p <= rank_Q <= a)
PASS        results/certs/b13_09/per7_9_8_4_3_1_1_1_d9_fullrank_p2147483629.json.gz  (4.6s)  cubic side: mult_per3((9, 8, 4, 3, 1, 1, 1), 9) = a = 1 mod 2147483629 in Sym^9(Sym^3 C^7) -- S_mu not in I(D_7^per3) (B13-09)
    [ok  ] cell: n in {3, 4} — n = 3
    [ok  ] cell: length(lambda) = r — lambda (9, 8, 4, 3, 1, 1, 1), r 7
    [ok  ] cell: lambda weakly decreasing
    [ok  ] cell: |lambda| = n*delta — 27 vs 3*9
    [ok  ] cell: a recomputed (Weyl alternation) — recomputed 1, claimed 1
    [ok  ] basis vector 0: highest weight mod 2147483629
    [ok  ] basis: 1 independent vectors = a — rank 1, a = 1
    [ok  ] evaluation of the a = 1 highest-weight vectors at 9 recorded permanent_pencil points has rank a mod 2147483629 — rank 1
    [ok  ] conclusion: mult_permanent_pencil(lambda, delta) = a = 1 over Q (rank_p <= rank_Q <= a)
PASS        results/certs/b13_09/per7_9_8_4_3_1_1_1_d9_fullrank_p2147483647.json.gz  (4.9s)  cubic side: mult_per3((9, 8, 4, 3, 1, 1, 1), 9) = a = 1 mod 2147483647 in Sym^9(Sym^3 C^7) -- S_mu not in I(D_7^per3) (B13-09)
    [ok  ] cell: n in {3, 4} — n = 3
    [ok  ] cell: length(lambda) = r — lambda (9, 8, 4, 3, 1, 1, 1), r 7
    [ok  ] cell: lambda weakly decreasing
    [ok  ] cell: |lambda| = n*delta — 27 vs 3*9
    [ok  ] cell: a recomputed (Weyl alternation) — recomputed 1, claimed 1
    [ok  ] basis vector 0: highest weight mod 2147483647
    [ok  ] basis: 1 independent vectors = a — rank 1, a = 1
    [ok  ] evaluation of the a = 1 highest-weight vectors at 9 recorded permanent_pencil points has rank a mod 2147483647 — rank 1
    [ok  ] conclusion: mult_permanent_pencil(lambda, delta) = a = 1 over Q (rank_p <= rank_Q <= a)
PASS        results/certs/b13_09/per7_9_8_5_2_1_1_1_d9_fullrank_p2147483629.json.gz  (2.7s)  cubic side: mult_per3((9, 8, 5, 2, 1, 1, 1), 9) = a = 1 mod 2147483629 in Sym^9(Sym^3 C^7) -- S_mu not in I(D_7^per3) (B13-09)
    [ok  ] cell: n in {3, 4} — n = 3
    [ok  ] cell: length(lambda) = r — lambda (9, 8, 5, 2, 1, 1, 1), r 7
    [ok  ] cell: lambda weakly decreasing
    [ok  ] cell: |lambda| = n*delta — 27 vs 3*9
    [ok  ] cell: a recomputed (Weyl alternation) — recomputed 1, claimed 1
    [ok  ] basis vector 0: highest weight mod 2147483629
    [ok  ] basis: 1 independent vectors = a — rank 1, a = 1
    [ok  ] evaluation of the a = 1 highest-weight vectors at 9 recorded permanent_pencil points has rank a mod 2147483629 — rank 1
    [ok  ] conclusion: mult_permanent_pencil(lambda, delta) = a = 1 over Q (rank_p <= rank_Q <= a)
PASS        results/certs/b13_09/per7_9_8_5_2_1_1_1_d9_fullrank_p2147483647.json.gz  (2.7s)  cubic side: mult_per3((9, 8, 5, 2, 1, 1, 1), 9) = a = 1 mod 2147483647 in Sym^9(Sym^3 C^7) -- S_mu not in I(D_7^per3) (B13-09)
    [ok  ] cell: n in {3, 4} — n = 3
    [ok  ] cell: length(lambda) = r — lambda (9, 8, 5, 2, 1, 1, 1), r 7
    [ok  ] cell: lambda weakly decreasing
    [ok  ] cell: |lambda| = n*delta — 27 vs 3*9
    [ok  ] cell: a recomputed (Weyl alternation) — recomputed 1, claimed 1
    [ok  ] basis vector 0: highest weight mod 2147483647
    [ok  ] basis: 1 independent vectors = a — rank 1, a = 1
    [ok  ] evaluation of the a = 1 highest-weight vectors at 9 recorded permanent_pencil points has rank a mod 2147483647 — rank 1
    [ok  ] conclusion: mult_permanent_pencil(lambda, delta) = a = 1 over Q (rank_p <= rank_Q <= a)
PASS        results/certs/b13_09/per7_9_9_3_2_2_1_1_d9_fullrank_p2147483629.json.gz  (4.2s)  cubic side: mult_per3((9, 9, 3, 2, 2, 1, 1), 9) = a = 1 mod 2147483629 in Sym^9(Sym^3 C^7) -- S_mu not in I(D_7^per3) (B13-09)
    [ok  ] cell: n in {3, 4} — n = 3
    [ok  ] cell: length(lambda) = r — lambda (9, 9, 3, 2, 2, 1, 1), r 7
    [ok  ] cell: lambda weakly decreasing
    [ok  ] cell: |lambda| = n*delta — 27 vs 3*9
    [ok  ] cell: a recomputed (Weyl alternation) — recomputed 1, claimed 1
    [ok  ] basis vector 0: highest weight mod 2147483629
    [ok  ] basis: 1 independent vectors = a — rank 1, a = 1
    [ok  ] evaluation of the a = 1 highest-weight vectors at 9 recorded permanent_pencil points has rank a mod 2147483629 — rank 1
    [ok  ] conclusion: mult_permanent_pencil(lambda, delta) = a = 1 over Q (rank_p <= rank_Q <= a)
PASS        results/certs/b13_09/per7_9_9_3_2_2_1_1_d9_fullrank_p2147483647.json.gz  (3.9s)  cubic side: mult_per3((9, 9, 3, 2, 2, 1, 1), 9) = a = 1 mod 2147483647 in Sym^9(Sym^3 C^7) -- S_mu not in I(D_7^per3) (B13-09)
    [ok  ] cell: n in {3, 4} — n = 3
    [ok  ] cell: length(lambda) = r — lambda (9, 9, 3, 2, 2, 1, 1), r 7
    [ok  ] cell: lambda weakly decreasing
    [ok  ] cell: |lambda| = n*delta — 27 vs 3*9
    [ok  ] cell: a recomputed (Weyl alternation) — recomputed 1, claimed 1
    [ok  ] basis vector 0: highest weight mod 2147483647
    [ok  ] basis: 1 independent vectors = a — rank 1, a = 1
    [ok  ] evaluation of the a = 1 highest-weight vectors at 9 recorded permanent_pencil points has rank a mod 2147483647 — rank 1
    [ok  ] conclusion: mult_permanent_pencil(lambda, delta) = a = 1 over Q (rank_p <= rank_Q <= a)
PASS        results/certs/b13_09/per8_10_5_5_2_2_1_1_1_d9_fullrank_p2147483629.json.gz  (21.5s)  cubic side: mult_per3((10, 5, 5, 2, 2, 1, 1, 1), 9) = a = 1 mod 2147483629 in Sym^9(Sym^3 C^8) -- S_mu not in I(D_8^per3) (B13-09)
    [ok  ] cell: n in {3, 4} — n = 3
    [ok  ] cell: length(lambda) = r — lambda (10, 5, 5, 2, 2, 1, 1, 1), r 8
    [ok  ] cell: lambda weakly decreasing
    [ok  ] cell: |lambda| = n*delta — 27 vs 3*9
    [ok  ] cell: a recomputed (Weyl alternation) — recomputed 1, claimed 1
    [ok  ] basis vector 0: highest weight mod 2147483629
    [ok  ] basis: 1 independent vectors = a — rank 1, a = 1
    [ok  ] evaluation of the a = 1 highest-weight vectors at 9 recorded permanent_pencil points has rank a mod 2147483629 — rank 1
    [ok  ] conclusion: mult_permanent_pencil(lambda, delta) = a = 1 over Q (rank_p <= rank_Q <= a)
PASS        results/certs/b13_09/per8_10_5_5_2_2_1_1_1_d9_fullrank_p2147483647.json.gz  (21.2s)  cubic side: mult_per3((10, 5, 5, 2, 2, 1, 1, 1), 9) = a = 1 mod 2147483647 in Sym^9(Sym^3 C^8) -- S_mu not in I(D_8^per3) (B13-09)
    [ok  ] cell: n in {3, 4} — n = 3
    [ok  ] cell: length(lambda) = r — lambda (10, 5, 5, 2, 2, 1, 1, 1), r 8
    [ok  ] cell: lambda weakly decreasing
    [ok  ] cell: |lambda| = n*delta — 27 vs 3*9
    [ok  ] cell: a recomputed (Weyl alternation) — recomputed 1, claimed 1
    [ok  ] basis vector 0: highest weight mod 2147483647
    [ok  ] basis: 1 independent vectors = a — rank 1, a = 1
    [ok  ] evaluation of the a = 1 highest-weight vectors at 9 recorded permanent_pencil points has rank a mod 2147483647 — rank 1
    [ok  ] conclusion: mult_permanent_pencil(lambda, delta) = a = 1 over Q (rank_p <= rank_Q <= a)
PASS        results/certs/b13_09/per8_10_6_3_2_2_2_1_1_d9_fullrank_p2147483629.json.gz  (33.0s)  cubic side: mult_per3((10, 6, 3, 2, 2, 2, 1, 1), 9) = a = 1 mod 2147483629 in Sym^9(Sym^3 C^8) -- S_mu not in I(D_8^per3) (B13-09)
    [ok  ] cell: n in {3, 4} — n = 3
    [ok  ] cell: length(lambda) = r — lambda (10, 6, 3, 2, 2, 2, 1, 1), r 8
    [ok  ] cell: lambda weakly decreasing
    [ok  ] cell: |lambda| = n*delta — 27 vs 3*9
    [ok  ] cell: a recomputed (Weyl alternation) — recomputed 1, claimed 1
    [ok  ] basis vector 0: highest weight mod 2147483629
    [ok  ] basis: 1 independent vectors = a — rank 1, a = 1
    [ok  ] evaluation of the a = 1 highest-weight vectors at 9 recorded permanent_pencil points has rank a mod 2147483629 — rank 1
    [ok  ] conclusion: mult_permanent_pencil(lambda, delta) = a = 1 over Q (rank_p <= rank_Q <= a)
PASS        results/certs/b13_09/per8_10_6_3_2_2_2_1_1_d9_fullrank_p2147483647.json.gz  (33.6s)  cubic side: mult_per3((10, 6, 3, 2, 2, 2, 1, 1), 9) = a = 1 mod 2147483647 in Sym^9(Sym^3 C^8) -- S_mu not in I(D_8^per3) (B13-09)
    [ok  ] cell: n in {3, 4} — n = 3
    [ok  ] cell: length(lambda) = r — lambda (10, 6, 3, 2, 2, 2, 1, 1), r 8
    [ok  ] cell: lambda weakly decreasing
    [ok  ] cell: |lambda| = n*delta — 27 vs 3*9
    [ok  ] cell: a recomputed (Weyl alternation) — recomputed 1, claimed 1
    [ok  ] basis vector 0: highest weight mod 2147483647
    [ok  ] basis: 1 independent vectors = a — rank 1, a = 1
    [ok  ] evaluation of the a = 1 highest-weight vectors at 9 recorded permanent_pencil points has rank a mod 2147483647 — rank 1
    [ok  ] conclusion: mult_permanent_pencil(lambda, delta) = a = 1 over Q (rank_p <= rank_Q <= a)
PASS        results/certs/b13_09/per8_10_6_3_3_2_1_1_1_d9_fullrank_p2147483629.json.gz  (22.0s)  cubic side: mult_per3((10, 6, 3, 3, 2, 1, 1, 1), 9) = a = 1 mod 2147483629 in Sym^9(Sym^3 C^8) -- S_mu not in I(D_8^per3) (B13-09)
    [ok  ] cell: n in {3, 4} — n = 3
    [ok  ] cell: length(lambda) = r — lambda (10, 6, 3, 3, 2, 1, 1, 1), r 8
    [ok  ] cell: lambda weakly decreasing
    [ok  ] cell: |lambda| = n*delta — 27 vs 3*9
    [ok  ] cell: a recomputed (Weyl alternation) — recomputed 1, claimed 1
    [ok  ] basis vector 0: highest weight mod 2147483629
    [ok  ] basis: 1 independent vectors = a — rank 1, a = 1
    [ok  ] evaluation of the a = 1 highest-weight vectors at 9 recorded permanent_pencil points has rank a mod 2147483629 — rank 1
    [ok  ] conclusion: mult_permanent_pencil(lambda, delta) = a = 1 over Q (rank_p <= rank_Q <= a)
PASS        results/certs/b13_09/per8_10_6_3_3_2_1_1_1_d9_fullrank_p2147483647.json.gz  (21.7s)  cubic side: mult_per3((10, 6, 3, 3, 2, 1, 1, 1), 9) = a = 1 mod 2147483647 in Sym^9(Sym^3 C^8) -- S_mu not in I(D_8^per3) (B13-09)
    [ok  ] cell: n in {3, 4} — n = 3
    [ok  ] cell: length(lambda) = r — lambda (10, 6, 3, 3, 2, 1, 1, 1), r 8
    [ok  ] cell: lambda weakly decreasing
    [ok  ] cell: |lambda| = n*delta — 27 vs 3*9
    [ok  ] cell: a recomputed (Weyl alternation) — recomputed 1, claimed 1
    [ok  ] basis vector 0: highest weight mod 2147483647
    [ok  ] basis: 1 independent vectors = a — rank 1, a = 1
    [ok  ] evaluation of the a = 1 highest-weight vectors at 9 recorded permanent_pencil points has rank a mod 2147483647 — rank 1
    [ok  ] conclusion: mult_permanent_pencil(lambda, delta) = a = 1 over Q (rank_p <= rank_Q <= a)
PASS        results/certs/b13_09/per8_11_5_3_2_2_2_1_1_d9_fullrank_p2147483629.json.gz  (22.5s)  cubic side: mult_per3((11, 5, 3, 2, 2, 2, 1, 1), 9) = a = 1 mod 2147483629 in Sym^9(Sym^3 C^8) -- S_mu not in I(D_8^per3) (B13-09)
    [ok  ] cell: n in {3, 4} — n = 3
    [ok  ] cell: length(lambda) = r — lambda (11, 5, 3, 2, 2, 2, 1, 1), r 8
    [ok  ] cell: lambda weakly decreasing
    [ok  ] cell: |lambda| = n*delta — 27 vs 3*9
    [ok  ] cell: a recomputed (Weyl alternation) — recomputed 1, claimed 1
    [ok  ] basis vector 0: highest weight mod 2147483629
    [ok  ] basis: 1 independent vectors = a — rank 1, a = 1
    [ok  ] evaluation of the a = 1 highest-weight vectors at 9 recorded permanent_pencil points has rank a mod 2147483629 — rank 1
    [ok  ] conclusion: mult_permanent_pencil(lambda, delta) = a = 1 over Q (rank_p <= rank_Q <= a)
PASS        results/certs/b13_09/per8_11_5_3_2_2_2_1_1_d9_fullrank_p2147483647.json.gz  (23.4s)  cubic side: mult_per3((11, 5, 3, 2, 2, 2, 1, 1), 9) = a = 1 mod 2147483647 in Sym^9(Sym^3 C^8) -- S_mu not in I(D_8^per3) (B13-09)
    [ok  ] cell: n in {3, 4} — n = 3
    [ok  ] cell: length(lambda) = r — lambda (11, 5, 3, 2, 2, 2, 1, 1), r 8
    [ok  ] cell: lambda weakly decreasing
    [ok  ] cell: |lambda| = n*delta — 27 vs 3*9
    [ok  ] cell: a recomputed (Weyl alternation) — recomputed 1, claimed 1
    [ok  ] basis vector 0: highest weight mod 2147483647
    [ok  ] basis: 1 independent vectors = a — rank 1, a = 1
    [ok  ] evaluation of the a = 1 highest-weight vectors at 9 recorded permanent_pencil points has rank a mod 2147483647 — rank 1
    [ok  ] conclusion: mult_permanent_pencil(lambda, delta) = a = 1 over Q (rank_p <= rank_Q <= a)
PASS        results/certs/b13_09/per8_6_6_5_3_1_1_1_1_d8_fullrank_p2147483629.json.gz  (15.4s)  cubic side: mult_per3((6, 6, 5, 3, 1, 1, 1, 1), 8) = a = 1 mod 2147483629 in Sym^8(Sym^3 C^8) -- S_mu not in I(D_8^per3) (B13-09)
    [ok  ] cell: n in {3, 4} — n = 3
    [ok  ] cell: length(lambda) = r — lambda (6, 6, 5, 3, 1, 1, 1, 1), r 8
    [ok  ] cell: lambda weakly decreasing
    [ok  ] cell: |lambda| = n*delta — 24 vs 3*8
    [ok  ] cell: a recomputed (Weyl alternation) — recomputed 1, claimed 1
    [ok  ] basis vector 0: highest weight mod 2147483629
    [ok  ] basis: 1 independent vectors = a — rank 1, a = 1
    [ok  ] evaluation of the a = 1 highest-weight vectors at 9 recorded permanent_pencil points has rank a mod 2147483629 — rank 1
    [ok  ] conclusion: mult_permanent_pencil(lambda, delta) = a = 1 over Q (rank_p <= rank_Q <= a)
PASS        results/certs/b13_09/per8_6_6_5_3_1_1_1_1_d8_fullrank_p2147483647.json.gz  (16.1s)  cubic side: mult_per3((6, 6, 5, 3, 1, 1, 1, 1), 8) = a = 1 mod 2147483647 in Sym^8(Sym^3 C^8) -- S_mu not in I(D_8^per3) (B13-09)
    [ok  ] cell: n in {3, 4} — n = 3
    [ok  ] cell: length(lambda) = r — lambda (6, 6, 5, 3, 1, 1, 1, 1), r 8
    [ok  ] cell: lambda weakly decreasing
    [ok  ] cell: |lambda| = n*delta — 24 vs 3*8
    [ok  ] cell: a recomputed (Weyl alternation) — recomputed 1, claimed 1
    [ok  ] basis vector 0: highest weight mod 2147483647
    [ok  ] basis: 1 independent vectors = a — rank 1, a = 1
    [ok  ] evaluation of the a = 1 highest-weight vectors at 9 recorded permanent_pencil points has rank a mod 2147483647 — rank 1
    [ok  ] conclusion: mult_permanent_pencil(lambda, delta) = a = 1 over Q (rank_p <= rank_Q <= a)
PASS        results/certs/b13_09/per8_7_5_5_2_2_1_1_1_d8_fullrank_p2147483629.json.gz  (16.6s)  cubic side: mult_per3((7, 5, 5, 2, 2, 1, 1, 1), 8) = a = 1 mod 2147483629 in Sym^8(Sym^3 C^8) -- S_mu not in I(D_8^per3) (B13-09)
    [ok  ] cell: n in {3, 4} — n = 3
    [ok  ] cell: length(lambda) = r — lambda (7, 5, 5, 2, 2, 1, 1, 1), r 8
    [ok  ] cell: lambda weakly decreasing
    [ok  ] cell: |lambda| = n*delta — 24 vs 3*8
    [ok  ] cell: a recomputed (Weyl alternation) — recomputed 1, claimed 1
    [ok  ] basis vector 0: highest weight mod 2147483629
    [ok  ] basis: 1 independent vectors = a — rank 1, a = 1
    [ok  ] evaluation of the a = 1 highest-weight vectors at 9 recorded permanent_pencil points has rank a mod 2147483629 — rank 1
    [ok  ] conclusion: mult_permanent_pencil(lambda, delta) = a = 1 over Q (rank_p <= rank_Q <= a)
PASS        results/certs/b13_09/per8_7_5_5_2_2_1_1_1_d8_fullrank_p2147483647.json.gz  (15.7s)  cubic side: mult_per3((7, 5, 5, 2, 2, 1, 1, 1), 8) = a = 1 mod 2147483647 in Sym^8(Sym^3 C^8) -- S_mu not in I(D_8^per3) (B13-09)
    [ok  ] cell: n in {3, 4} — n = 3
    [ok  ] cell: length(lambda) = r — lambda (7, 5, 5, 2, 2, 1, 1, 1), r 8
    [ok  ] cell: lambda weakly decreasing
    [ok  ] cell: |lambda| = n*delta — 24 vs 3*8
    [ok  ] cell: a recomputed (Weyl alternation) — recomputed 1, claimed 1
    [ok  ] basis vector 0: highest weight mod 2147483647
    [ok  ] basis: 1 independent vectors = a — rank 1, a = 1
    [ok  ] evaluation of the a = 1 highest-weight vectors at 9 recorded permanent_pencil points has rank a mod 2147483647 — rank 1
    [ok  ] conclusion: mult_permanent_pencil(lambda, delta) = a = 1 over Q (rank_p <= rank_Q <= a)
PASS        results/certs/b13_09/per8_7_6_3_3_2_1_1_1_d8_fullrank_p2147483629.json.gz  (16.6s)  cubic side: mult_per3((7, 6, 3, 3, 2, 1, 1, 1), 8) = a = 1 mod 2147483629 in Sym^8(Sym^3 C^8) -- S_mu not in I(D_8^per3) (B13-09)
    [ok  ] cell: n in {3, 4} — n = 3
    [ok  ] cell: length(lambda) = r — lambda (7, 6, 3, 3, 2, 1, 1, 1), r 8
    [ok  ] cell: lambda weakly decreasing
    [ok  ] cell: |lambda| = n*delta — 24 vs 3*8
    [ok  ] cell: a recomputed (Weyl alternation) — recomputed 1, claimed 1
    [ok  ] basis vector 0: highest weight mod 2147483629
    [ok  ] basis: 1 independent vectors = a — rank 1, a = 1
    [ok  ] evaluation of the a = 1 highest-weight vectors at 9 recorded permanent_pencil points has rank a mod 2147483629 — rank 1
    [ok  ] conclusion: mult_permanent_pencil(lambda, delta) = a = 1 over Q (rank_p <= rank_Q <= a)
PASS        results/certs/b13_09/per8_7_6_3_3_2_1_1_1_d8_fullrank_p2147483647.json.gz  (16.6s)  cubic side: mult_per3((7, 6, 3, 3, 2, 1, 1, 1), 8) = a = 1 mod 2147483647 in Sym^8(Sym^3 C^8) -- S_mu not in I(D_8^per3) (B13-09)
    [ok  ] cell: n in {3, 4} — n = 3
    [ok  ] cell: length(lambda) = r — lambda (7, 6, 3, 3, 2, 1, 1, 1), r 8
    [ok  ] cell: lambda weakly decreasing
    [ok  ] cell: |lambda| = n*delta — 24 vs 3*8
    [ok  ] cell: a recomputed (Weyl alternation) — recomputed 1, claimed 1
    [ok  ] basis vector 0: highest weight mod 2147483647
    [ok  ] basis: 1 independent vectors = a — rank 1, a = 1
    [ok  ] evaluation of the a = 1 highest-weight vectors at 9 recorded permanent_pencil points has rank a mod 2147483647 — rank 1
    [ok  ] conclusion: mult_permanent_pencil(lambda, delta) = a = 1 over Q (rank_p <= rank_Q <= a)
PASS        results/certs/b13_09/per8_8_5_3_2_2_2_1_1_d8_fullrank_p2147483629.json.gz  (17.8s)  cubic side: mult_per3((8, 5, 3, 2, 2, 2, 1, 1), 8) = a = 1 mod 2147483629 in Sym^8(Sym^3 C^8) -- S_mu not in I(D_8^per3) (B13-09)
    [ok  ] cell: n in {3, 4} — n = 3
    [ok  ] cell: length(lambda) = r — lambda (8, 5, 3, 2, 2, 2, 1, 1), r 8
    [ok  ] cell: lambda weakly decreasing
    [ok  ] cell: |lambda| = n*delta — 24 vs 3*8
    [ok  ] cell: a recomputed (Weyl alternation) — recomputed 1, claimed 1
    [ok  ] basis vector 0: highest weight mod 2147483629
    [ok  ] basis: 1 independent vectors = a — rank 1, a = 1
    [ok  ] evaluation of the a = 1 highest-weight vectors at 9 recorded permanent_pencil points has rank a mod 2147483629 — rank 1
    [ok  ] conclusion: mult_permanent_pencil(lambda, delta) = a = 1 over Q (rank_p <= rank_Q <= a)
PASS        results/certs/b13_09/per8_8_5_3_2_2_2_1_1_d8_fullrank_p2147483647.json.gz  (17.6s)  cubic side: mult_per3((8, 5, 3, 2, 2, 2, 1, 1), 8) = a = 1 mod 2147483647 in Sym^8(Sym^3 C^8) -- S_mu not in I(D_8^per3) (B13-09)
    [ok  ] cell: n in {3, 4} — n = 3
    [ok  ] cell: length(lambda) = r — lambda (8, 5, 3, 2, 2, 2, 1, 1), r 8
    [ok  ] cell: lambda weakly decreasing
    [ok  ] cell: |lambda| = n*delta — 24 vs 3*8
    [ok  ] cell: a recomputed (Weyl alternation) — recomputed 1, claimed 1
    [ok  ] basis vector 0: highest weight mod 2147483647
    [ok  ] basis: 1 independent vectors = a — rank 1, a = 1
    [ok  ] evaluation of the a = 1 highest-weight vectors at 9 recorded permanent_pencil points has rank a mod 2147483647 — rank 1
    [ok  ] conclusion: mult_permanent_pencil(lambda, delta) = a = 1 over Q (rank_p <= rank_Q <= a)
PASS        results/certs/b13_09/per8_8_7_5_2_2_1_1_1_d9_fullrank_p2147483629.json.gz  (31.9s)  cubic side: mult_per3((8, 7, 5, 2, 2, 1, 1, 1), 9) = a = 1 mod 2147483629 in Sym^9(Sym^3 C^8) -- S_mu not in I(D_8^per3) (B13-09)
    [ok  ] cell: n in {3, 4} — n = 3
    [ok  ] cell: length(lambda) = r — lambda (8, 7, 5, 2, 2, 1, 1, 1), r 8
    [ok  ] cell: lambda weakly decreasing
    [ok  ] cell: |lambda| = n*delta — 27 vs 3*9
    [ok  ] cell: a recomputed (Weyl alternation) — recomputed 1, claimed 1
    [ok  ] basis vector 0: highest weight mod 2147483629
    [ok  ] basis: 1 independent vectors = a — rank 1, a = 1
    [ok  ] evaluation of the a = 1 highest-weight vectors at 9 recorded permanent_pencil points has rank a mod 2147483629 — rank 1
    [ok  ] conclusion: mult_permanent_pencil(lambda, delta) = a = 1 over Q (rank_p <= rank_Q <= a)
PASS        results/certs/b13_09/per8_8_7_5_2_2_1_1_1_d9_fullrank_p2147483647.json.gz  (32.0s)  cubic side: mult_per3((8, 7, 5, 2, 2, 1, 1, 1), 9) = a = 1 mod 2147483647 in Sym^9(Sym^3 C^8) -- S_mu not in I(D_8^per3) (B13-09)
    [ok  ] cell: n in {3, 4} — n = 3
    [ok  ] cell: length(lambda) = r — lambda (8, 7, 5, 2, 2, 1, 1, 1), r 8
    [ok  ] cell: lambda weakly decreasing
    [ok  ] cell: |lambda| = n*delta — 27 vs 3*9
    [ok  ] cell: a recomputed (Weyl alternation) — recomputed 1, claimed 1
    [ok  ] basis vector 0: highest weight mod 2147483647
    [ok  ] basis: 1 independent vectors = a — rank 1, a = 1
    [ok  ] evaluation of the a = 1 highest-weight vectors at 9 recorded permanent_pencil points has rank a mod 2147483647 — rank 1
    [ok  ] conclusion: mult_permanent_pencil(lambda, delta) = a = 1 over Q (rank_p <= rank_Q <= a)
PASS        results/certs/b13_09/per8_9_4_2_2_2_2_2_1_d8_fullrank_p2147483629.json.gz  (19.5s)  cubic side: mult_per3((9, 4, 2, 2, 2, 2, 2, 1), 8) = a = 1 mod 2147483629 in Sym^8(Sym^3 C^8) -- S_mu not in I(D_8^per3) (B13-09)
    [ok  ] cell: n in {3, 4} — n = 3
    [ok  ] cell: length(lambda) = r — lambda (9, 4, 2, 2, 2, 2, 2, 1), r 8
    [ok  ] cell: lambda weakly decreasing
    [ok  ] cell: |lambda| = n*delta — 24 vs 3*8
    [ok  ] cell: a recomputed (Weyl alternation) — recomputed 1, claimed 1
    [ok  ] basis vector 0: highest weight mod 2147483629
    [ok  ] basis: 1 independent vectors = a — rank 1, a = 1
    [ok  ] evaluation of the a = 1 highest-weight vectors at 9 recorded permanent_pencil points has rank a mod 2147483629 — rank 1
    [ok  ] conclusion: mult_permanent_pencil(lambda, delta) = a = 1 over Q (rank_p <= rank_Q <= a)
PASS        results/certs/b13_09/per8_9_4_2_2_2_2_2_1_d8_fullrank_p2147483647.json.gz  (19.6s)  cubic side: mult_per3((9, 4, 2, 2, 2, 2, 2, 1), 8) = a = 1 mod 2147483647 in Sym^8(Sym^3 C^8) -- S_mu not in I(D_8^per3) (B13-09)
    [ok  ] cell: n in {3, 4} — n = 3
    [ok  ] cell: length(lambda) = r — lambda (9, 4, 2, 2, 2, 2, 2, 1), r 8
    [ok  ] cell: lambda weakly decreasing
    [ok  ] cell: |lambda| = n*delta — 24 vs 3*8
    [ok  ] cell: a recomputed (Weyl alternation) — recomputed 1, claimed 1
    [ok  ] basis vector 0: highest weight mod 2147483647
    [ok  ] basis: 1 independent vectors = a — rank 1, a = 1
    [ok  ] evaluation of the a = 1 highest-weight vectors at 9 recorded permanent_pencil points has rank a mod 2147483647 — rank 1
    [ok  ] conclusion: mult_permanent_pencil(lambda, delta) = a = 1 over Q (rank_p <= rank_Q <= a)
PASS        results/certs/b13_09/per8_9_6_5_2_2_1_1_1_d9_fullrank_p2147483629.json.gz  (28.6s)  cubic side: mult_per3((9, 6, 5, 2, 2, 1, 1, 1), 9) = a = 1 mod 2147483629 in Sym^9(Sym^3 C^8) -- S_mu not in I(D_8^per3) (B13-09)
    [ok  ] cell: n in {3, 4} — n = 3
    [ok  ] cell: length(lambda) = r — lambda (9, 6, 5, 2, 2, 1, 1, 1), r 8
    [ok  ] cell: lambda weakly decreasing
    [ok  ] cell: |lambda| = n*delta — 27 vs 3*9
    [ok  ] cell: a recomputed (Weyl alternation) — recomputed 1, claimed 1
    [ok  ] basis vector 0: highest weight mod 2147483629
    [ok  ] basis: 1 independent vectors = a — rank 1, a = 1
    [ok  ] evaluation of the a = 1 highest-weight vectors at 9 recorded permanent_pencil points has rank a mod 2147483629 — rank 1
    [ok  ] conclusion: mult_permanent_pencil(lambda, delta) = a = 1 over Q (rank_p <= rank_Q <= a)
PASS        results/certs/b13_09/per8_9_6_5_2_2_1_1_1_d9_fullrank_p2147483647.json.gz  (28.8s)  cubic side: mult_per3((9, 6, 5, 2, 2, 1, 1, 1), 9) = a = 1 mod 2147483647 in Sym^9(Sym^3 C^8) -- S_mu not in I(D_8^per3) (B13-09)
    [ok  ] cell: n in {3, 4} — n = 3
    [ok  ] cell: length(lambda) = r — lambda (9, 6, 5, 2, 2, 1, 1, 1), r 8
    [ok  ] cell: lambda weakly decreasing
    [ok  ] cell: |lambda| = n*delta — 27 vs 3*9
    [ok  ] cell: a recomputed (Weyl alternation) — recomputed 1, claimed 1
    [ok  ] basis vector 0: highest weight mod 2147483647
    [ok  ] basis: 1 independent vectors = a — rank 1, a = 1
    [ok  ] evaluation of the a = 1 highest-weight vectors at 9 recorded permanent_pencil points has rank a mod 2147483647 — rank 1
    [ok  ] conclusion: mult_permanent_pencil(lambda, delta) = a = 1 over Q (rank_p <= rank_Q <= a)
PASS        results/certs/b13_09/per8_9_6_5_3_1_1_1_1_d9_fullrank_p2147483629.json.gz  (21.5s)  cubic side: mult_per3((9, 6, 5, 3, 1, 1, 1, 1), 9) = a = 1 mod 2147483629 in Sym^9(Sym^3 C^8) -- S_mu not in I(D_8^per3) (B13-09)
    [ok  ] cell: n in {3, 4} — n = 3
    [ok  ] cell: length(lambda) = r — lambda (9, 6, 5, 3, 1, 1, 1, 1), r 8
    [ok  ] cell: lambda weakly decreasing
    [ok  ] cell: |lambda| = n*delta — 27 vs 3*9
    [ok  ] cell: a recomputed (Weyl alternation) — recomputed 1, claimed 1
    [ok  ] basis vector 0: highest weight mod 2147483629
    [ok  ] basis: 1 independent vectors = a — rank 1, a = 1
    [ok  ] evaluation of the a = 1 highest-weight vectors at 9 recorded permanent_pencil points has rank a mod 2147483629 — rank 1
    [ok  ] conclusion: mult_permanent_pencil(lambda, delta) = a = 1 over Q (rank_p <= rank_Q <= a)
PASS        results/certs/b13_09/per8_9_6_5_3_1_1_1_1_d9_fullrank_p2147483647.json.gz  (21.2s)  cubic side: mult_per3((9, 6, 5, 3, 1, 1, 1, 1), 9) = a = 1 mod 2147483647 in Sym^9(Sym^3 C^8) -- S_mu not in I(D_8^per3) (B13-09)
    [ok  ] cell: n in {3, 4} — n = 3
    [ok  ] cell: length(lambda) = r — lambda (9, 6, 5, 3, 1, 1, 1, 1), r 8
    [ok  ] cell: lambda weakly decreasing
    [ok  ] cell: |lambda| = n*delta — 27 vs 3*9
    [ok  ] cell: a recomputed (Weyl alternation) — recomputed 1, claimed 1
    [ok  ] basis vector 0: highest weight mod 2147483647
    [ok  ] basis: 1 independent vectors = a — rank 1, a = 1
    [ok  ] evaluation of the a = 1 highest-weight vectors at 9 recorded permanent_pencil points has rank a mod 2147483647 — rank 1
    [ok  ] conclusion: mult_permanent_pencil(lambda, delta) = a = 1 over Q (rank_p <= rank_Q <= a)
PASS        results/certs/b13_09/per8_9_7_3_3_2_1_1_1_d9_fullrank_p2147483629.json.gz  (26.0s)  cubic side: mult_per3((9, 7, 3, 3, 2, 1, 1, 1), 9) = a = 1 mod 2147483629 in Sym^9(Sym^3 C^8) -- S_mu not in I(D_8^per3) (B13-09)
    [ok  ] cell: n in {3, 4} — n = 3
    [ok  ] cell: length(lambda) = r — lambda (9, 7, 3, 3, 2, 1, 1, 1), r 8
    [ok  ] cell: lambda weakly decreasing
    [ok  ] cell: |lambda| = n*delta — 27 vs 3*9
    [ok  ] cell: a recomputed (Weyl alternation) — recomputed 1, claimed 1
    [ok  ] basis vector 0: highest weight mod 2147483629
    [ok  ] basis: 1 independent vectors = a — rank 1, a = 1
    [ok  ] evaluation of the a = 1 highest-weight vectors at 9 recorded permanent_pencil points has rank a mod 2147483629 — rank 1
    [ok  ] conclusion: mult_permanent_pencil(lambda, delta) = a = 1 over Q (rank_p <= rank_Q <= a)
PASS        results/certs/b13_09/per8_9_7_3_3_2_1_1_1_d9_fullrank_p2147483647.json.gz  (25.7s)  cubic side: mult_per3((9, 7, 3, 3, 2, 1, 1, 1), 9) = a = 1 mod 2147483647 in Sym^9(Sym^3 C^8) -- S_mu not in I(D_8^per3) (B13-09)
    [ok  ] cell: n in {3, 4} — n = 3
    [ok  ] cell: length(lambda) = r — lambda (9, 7, 3, 3, 2, 1, 1, 1), r 8
    [ok  ] cell: lambda weakly decreasing
    [ok  ] cell: |lambda| = n*delta — 27 vs 3*9
    [ok  ] cell: a recomputed (Weyl alternation) — recomputed 1, claimed 1
    [ok  ] basis vector 0: highest weight mod 2147483647
    [ok  ] basis: 1 independent vectors = a — rank 1, a = 1
    [ok  ] evaluation of the a = 1 highest-weight vectors at 9 recorded permanent_pencil points has rank a mod 2147483647 — rank 1
    [ok  ] conclusion: mult_permanent_pencil(lambda, delta) = a = 1 over Q (rank_p <= rank_Q <= a)
PASS 248, RECORDED 0, FAIL 0, UNPARSEABLE 1, ERROR 0
