
=== rank 1 ((20, 2, 2, 2, 2, 2), 10) N_S 4744 a 1 2026-09-09T03:38:48.409317
      level 1: 46 prefixes
      level 2: 666 prefixes
      level 3: 3051 prefixes
      level 4: 4671 prefixes
      level 5: 4744 prefixes
      level 6: 4744 prefixes
      level 7: 4744 prefixes
      level 8: 4744 prefixes
      level 9: 4744 prefixes
      level 10: 4744 prefixes
  lam=(20, 2, 2, 2, 2, 2): N_S=4744 |Stab|=120 n_chi=117 (orbits dropped: 0) [lean, 0s, HWM 0.46 GB]
    E_01: |H|=24 targets 1733 canonical rows 139 nnz 528 (obstructed fixed targets cancelled: 0) [0s, HWM 0.46 GB]
    E_12: |H|=6 targets 3574 canonical rows 793 nnz 1433 (obstructed fixed targets cancelled: 0) [0s, HWM 0.46 GB]
    E_23: |H|=6 targets 3574 canonical rows 793 nnz 1433 (obstructed fixed targets cancelled: 0) [0s, HWM 0.46 GB]
    E_34: |H|=6 targets 3574 canonical rows 793 nnz 1433 (obstructed fixed targets cancelled: 0) [0s, HWM 0.46 GB]
    E_45: |H|=6 targets 3574 canonical rows 793 nnz 1433 (obstructed fixed targets cancelled: 0) [0s, HWM 0.46 GB]
  built (20, 2, 2, 2, 2, 2) d10: N_S=4744 |Stab|=120 n_chi=117 rows=3311 nnz=6260 (1s: mono 0s orbits 0s rows 0s; HWM 0.46 GB)
    hybrid[per6 20_2_2_2_2_2d10] p=2147483647 attempt 0: |S|=116 |U|=1 (a=1, excess 0) m=65 blocks 1x1 projected nullity 1, verified=True, rank 1 [split 0.0s trisolve 0.0s schur 0.0s null 0.0s lift 0.0s rank 0.0s]
  per6 (20, 2, 2, 2, 2, 2) d10 p=2147483647: a=1 n_chi=117 mult=1 units=0 [0.0s]
    hybrid[per6 20_2_2_2_2_2d10] p=2147483629 attempt 0: |S|=116 |U|=1 (a=1, excess 0) m=65 blocks 1x1 projected nullity 1, verified=True, rank 1 [split 0.0s trisolve 0.0s schur 0.0s null 0.0s lift 0.0s rank 0.0s]
  per6 (20, 2, 2, 2, 2, 2) d10 p=2147483629: a=1 n_chi=117 mult=1 units=0 [0.0s]
  PER6 RESULT (20, 2, 2, 2, 2, 2) d10: a=1 N_S=4744 n_chi=117 mult=1 units=0 proved: mult = a at both primes (S_mu not in the ideal over Q) (52.1s, HWM 0.46 GB)

=== rank 2 ((19, 4, 2, 2, 2, 1), 10) N_S 6412 a 1 2026-09-09T03:39:41.507688
      level 1: 41 prefixes
      level 2: 569 prefixes
      level 3: 2970 prefixes
      level 4: 5932 prefixes
      level 5: 6412 prefixes
      level 6: 6412 prefixes
      level 7: 6412 prefixes
      level 8: 6412 prefixes
      level 9: 6412 prefixes
      level 10: 6412 prefixes
  lam=(19, 4, 2, 2, 2, 1): N_S=6412 |Stab|=6 n_chi=1407 (orbits dropped: 0) [lean, 0s, HWM 0.46 GB]
    E_01: |H|=6 targets 3574 canonical rows 793 nnz 3458 (obstructed fixed targets cancelled: 0) [0s, HWM 0.46 GB]
    E_12: |H|=2 targets 3593 canonical rows 1985 nnz 5674 (obstructed fixed targets cancelled: 0) [0s, HWM 0.46 GB]
    E_23: |H|=1 targets 4836 canonical rows 4836 nnz 9151 (obstructed fixed targets cancelled: 0) [0s, HWM 0.46 GB]
    E_34: |H|=1 targets 4836 canonical rows 4836 nnz 9151 (obstructed fixed targets cancelled: 0) [0s, HWM 0.46 GB]
    E_45: |H|=2 targets 3027 canonical rows 1700 nnz 3527 (obstructed fixed targets cancelled: 0) [0s, HWM 0.46 GB]
  built (19, 4, 2, 2, 2, 1) d10: N_S=6412 |Stab|=6 n_chi=1407 rows=14150 nnz=30961 (0s: mono 0s orbits 0s rows 0s; HWM 0.46 GB)
    hybrid[per6 19_4_2_2_2_1d10] p=2147483647 attempt 0: |S|=1406 |U|=1 (a=1, excess 0) m=65 blocks 1x1 projected nullity 1, verified=True, rank 1 [split 0.0s trisolve 0.0s schur 0.0s null 0.0s lift 0.0s rank 0.0s]
  per6 (19, 4, 2, 2, 2, 1) d10 p=2147483647: a=1 n_chi=1407 mult=1 units=0 [0.0s]
    hybrid[per6 19_4_2_2_2_1d10] p=2147483629 attempt 0: |S|=1406 |U|=1 (a=1, excess 0) m=65 blocks 1x1 projected nullity 1, verified=True, rank 1 [split 0.0s trisolve 0.0s schur 0.0s null 0.0s lift 0.0s rank 0.0s]
  per6 (19, 4, 2, 2, 2, 1) d10 p=2147483629: a=1 n_chi=1407 mult=1 units=0 [0.0s]
  PER6 RESULT (19, 4, 2, 2, 2, 1) d10: a=1 N_S=6412 n_chi=1407 mult=1 units=0 proved: mult = a at both primes (S_mu not in the ideal over Q) (59.4s, HWM 0.46 GB)

=== rank 3 ((18, 5, 3, 2, 1, 1), 10) N_S 7737 a 1 2026-09-09T03:40:42.154815
      level 1: 37 prefixes
      level 2: 458 prefixes
      level 3: 2526 prefixes
      level 4: 6237 prefixes
      level 5: 7693 prefixes
      level 6: 7737 prefixes
      level 7: 7737 prefixes
      level 8: 7737 prefixes
      level 9: 7737 prefixes
      level 10: 7737 prefixes
  lam=(18, 5, 3, 2, 1, 1): N_S=7737 |Stab|=2 n_chi=2922 (orbits dropped: 1893) [lean, 0s, HWM 0.46 GB]
    E_01: |H|=2 targets 4836 canonical rows 1809 nnz 8317 (obstructed fixed targets cancelled: 460) [0s, HWM 0.46 GB]
    E_12: |H|=2 targets 5249 canonical rows 1943 nnz 6200 (obstructed fixed targets cancelled: 236) [0s, HWM 0.46 GB]
    E_23: |H|=2 targets 4933 canonical rows 1843 nnz 4719 (obstructed fixed targets cancelled: 136) [0s, HWM 0.46 GB]
    E_34: |H|=1 targets 3637 canonical rows 3505 nnz 5844 (obstructed fixed targets cancelled: 0) [0s, HWM 0.46 GB]
    E_45: |H|=1 targets 4815 canonical rows 0 nnz 0 (obstructed fixed targets cancelled: 0) [0s, HWM 0.46 GB]
  built (18, 5, 3, 2, 1, 1) d10: N_S=7737 |Stab|=2 n_chi=2922 rows=9100 nnz=25080 (0s: mono 0s orbits 0s rows 0s; HWM 0.46 GB)
    hybrid[per6 18_5_3_2_1_1d10] p=2147483647 attempt 0: |S|=2921 |U|=1 (a=1, excess 0) m=65 blocks 1x1 projected nullity 1, verified=True, rank 1 [split 0.0s trisolve 0.0s schur 0.0s null 0.0s lift 0.0s rank 0.0s]
  per6 (18, 5, 3, 2, 1, 1) d10 p=2147483647: a=1 n_chi=2922 mult=1 units=0 [0.0s]
    hybrid[per6 18_5_3_2_1_1d10] p=2147483629 attempt 0: |S|=2921 |U|=1 (a=1, excess 0) m=65 blocks 1x1 projected nullity 1, verified=True, rank 1 [split 0.0s trisolve 0.0s schur 0.0s null 0.0s lift 0.0s rank 0.0s]
  per6 (18, 5, 3, 2, 1, 1) d10 p=2147483629: a=1 n_chi=2922 mult=1 units=0 [0.0s]
  PER6 RESULT (18, 5, 3, 2, 1, 1) d10: a=1 N_S=7737 n_chi=2922 mult=1 units=0 proved: mult = a at both primes (S_mu not in the ideal over Q) (29.8s, HWM 0.46 GB)

=== rank 4 ((17, 5, 5, 1, 1, 1), 10) N_S 7968 a 1 2026-09-09T03:41:12.941136
      level 1: 31 prefixes
      level 2: 320 prefixes
      level 3: 1805 prefixes
      level 4: 5195 prefixes
      level 5: 7669 prefixes
      level 6: 7968 prefixes
      level 7: 7968 prefixes
      level 8: 7968 prefixes
      level 9: 7968 prefixes
      level 10: 7968 prefixes
  lam=(17, 5, 5, 1, 1, 1): N_S=7968 |Stab|=12 n_chi=239 (orbits dropped: 1020) [lean, 0s, HWM 0.46 GB]
    E_01: |H|=6 targets 4933 canonical rows 262 nnz 1091 (obstructed fixed targets cancelled: 888) [0s, HWM 0.46 GB]
    E_12: |H|=6 targets 7281 canonical rows 395 nnz 1140 (obstructed fixed targets cancelled: 648) [0s, HWM 0.46 GB]
    E_23: |H|=2 targets 2570 canonical rows 836 nnz 1338 (obstructed fixed targets cancelled: 0) [0s, HWM 0.46 GB]
    E_34: |H|=2 targets 4959 canonical rows 0 nnz 0 (obstructed fixed targets cancelled: 32) [0s, HWM 0.46 GB]
    E_45: |H|=2 targets 4959 canonical rows 0 nnz 0 (obstructed fixed targets cancelled: 32) [0s, HWM 0.46 GB]
  built (17, 5, 5, 1, 1, 1) d10: N_S=7968 |Stab|=12 n_chi=239 rows=1493 nnz=3569 (0s: mono 0s orbits 0s rows 0s; HWM 0.46 GB)
    hybrid[per6 17_5_5_1_1_1d10] p=2147483647 attempt 0: |S|=238 |U|=1 (a=1, excess 0) m=65 blocks 1x1 projected nullity 1, verified=True, rank 1 [split 0.0s trisolve 0.0s schur 0.0s null 0.0s lift 0.0s rank 0.0s]
  per6 (17, 5, 5, 1, 1, 1) d10 p=2147483647: a=1 n_chi=239 mult=1 units=0 [0.0s]
    hybrid[per6 17_5_5_1_1_1d10] p=2147483629 attempt 0: |S|=238 |U|=1 (a=1, excess 0) m=65 blocks 1x1 projected nullity 1, verified=True, rank 1 [split 0.0s trisolve 0.0s schur 0.0s null 0.0s lift 0.0s rank 0.0s]
  per6 (17, 5, 5, 1, 1, 1) d10 p=2147483629: a=1 n_chi=239 mult=1 units=0 [0.0s]
  PER6 RESULT (17, 5, 5, 1, 1, 1) d10: a=1 N_S=7968 n_chi=239 mult=1 units=0 proved: mult = a at both primes (S_mu not in the ideal over Q) (28.4s, HWM 0.46 GB)

=== rank 5 ((19, 3, 2, 2, 2, 2), 10) N_S 10104 a 1 2026-09-09T03:41:41.938642
      level 1: 46 prefixes
      level 2: 758 prefixes
      level 3: 4492 prefixes
      level 4: 9320 prefixes
      level 5: 10104 prefixes
      level 6: 10104 prefixes
      level 7: 10104 prefixes
      level 8: 10104 prefixes
      level 9: 10104 prefixes
      level 10: 10104 prefixes
  lam=(19, 3, 2, 2, 2, 2): N_S=10104 |Stab|=24 n_chi=724 (orbits dropped: 0) [lean, 0s, HWM 0.46 GB]
    E_01: |H|=24 targets 4744 canonical rows 362 nnz 1454 (obstructed fixed targets cancelled: 0) [0s, HWM 0.46 GB]
    E_12: |H|=6 targets 6412 canonical rows 1407 nnz 3458 (obstructed fixed targets cancelled: 0) [0s, HWM 0.46 GB]
    E_23: |H|=2 targets 7598 canonical rows 4157 nnz 7844 (obstructed fixed targets cancelled: 0) [0s, HWM 0.46 GB]
    E_34: |H|=2 targets 7598 canonical rows 4157 nnz 7844 (obstructed fixed targets cancelled: 0) [0s, HWM 0.46 GB]
    E_45: |H|=2 targets 7598 canonical rows 4157 nnz 7844 (obstructed fixed targets cancelled: 0) [0s, HWM 0.46 GB]
  built (19, 3, 2, 2, 2, 2) d10: N_S=10104 |Stab|=24 n_chi=724 rows=14240 nnz=28444 (0s: mono 0s orbits 0s rows 0s; HWM 0.46 GB)
    hybrid[per6 19_3_2_2_2_2d10] p=2147483647 attempt 0: |S|=723 |U|=1 (a=1, excess 0) m=65 blocks 1x1 projected nullity 1, verified=True, rank 1 [split 0.0s trisolve 0.0s schur 0.0s null 0.0s lift 0.0s rank 0.0s]
  per6 (19, 3, 2, 2, 2, 2) d10 p=2147483647: a=1 n_chi=724 mult=1 units=0 [0.0s]
    hybrid[per6 19_3_2_2_2_2d10] p=2147483629 attempt 0: |S|=723 |U|=1 (a=1, excess 0) m=65 blocks 1x1 projected nullity 1, verified=True, rank 1 [split 0.0s trisolve 0.0s schur 0.0s null 0.0s lift 0.0s rank 0.0s]
  per6 (19, 3, 2, 2, 2, 2) d10 p=2147483629: a=1 n_chi=724 mult=1 units=0 [0.0s]
  PER6 RESULT (19, 3, 2, 2, 2, 2) d10: a=1 N_S=10104 n_chi=724 mult=1 units=0 proved: mult = a at both primes (S_mu not in the ideal over Q) (28.4s, HWM 0.46 GB)

=== rank 6 ((18, 5, 2, 2, 2, 1), 10) N_S 10273 a 1 2026-09-09T03:42:11.083778
      level 1: 41 prefixes
      level 2: 560 prefixes
      level 3: 3255 prefixes
      level 4: 8248 prefixes
      level 5: 10214 prefixes
      level 6: 10273 prefixes
      level 7: 10273 prefixes
      level 8: 10273 prefixes
      level 9: 10273 prefixes
      level 10: 10273 prefixes
  lam=(18, 5, 2, 2, 2, 1): N_S=10273 |Stab|=6 n_chi=2226 (orbits dropped: 0) [lean, 0s, HWM 0.46 GB]
    E_01: |H|=6 targets 6412 canonical rows 1407 nnz 6326 (obstructed fixed targets cancelled: 0) [0s, HWM 0.46 GB]
    E_12: |H|=2 targets 5249 canonical rows 2895 nnz 9104 (obstructed fixed targets cancelled: 0) [0s, HWM 0.46 GB]
    E_23: |H|=1 targets 7737 canonical rows 7737 nnz 14740 (obstructed fixed targets cancelled: 0) [0s, HWM 0.46 GB]
    E_34: |H|=1 targets 7737 canonical rows 7737 nnz 14740 (obstructed fixed targets cancelled: 0) [0s, HWM 0.46 GB]
    E_45: |H|=2 targets 4815 canonical rows 2687 nnz 5626 (obstructed fixed targets cancelled: 0) [0s, HWM 0.46 GB]
  built (18, 5, 2, 2, 2, 1) d10: N_S=10273 |Stab|=6 n_chi=2226 rows=22463 nnz=50536 (0s: mono 0s orbits 0s rows 0s; HWM 0.46 GB)
    hybrid[per6 18_5_2_2_2_1d10] p=2147483647 attempt 0: |S|=2225 |U|=1 (a=1, excess 0) m=65 blocks 1x1 projected nullity 1, verified=True, rank 1 [split 0.0s trisolve 0.0s schur 0.0s null 0.0s lift 0.0s rank 0.0s]
  per6 (18, 5, 2, 2, 2, 1) d10 p=2147483647: a=1 n_chi=2226 mult=1 units=0 [0.0s]
    hybrid[per6 18_5_2_2_2_1d10] p=2147483629 attempt 0: |S|=2225 |U|=1 (a=1, excess 0) m=65 blocks 1x1 projected nullity 1, verified=True, rank 1 [split 0.0s trisolve 0.0s schur 0.0s null 0.0s lift 0.0s rank 0.0s]
  per6 (18, 5, 2, 2, 2, 1) d10 p=2147483629: a=1 n_chi=2226 mult=1 units=0 [0.0s]
  PER6 RESULT (18, 5, 2, 2, 2, 1) d10: a=1 N_S=10273 n_chi=2226 mult=1 units=0 proved: mult = a at both primes (S_mu not in the ideal over Q) (28.7s, HWM 0.46 GB)

=== rank 7 ((17, 6, 3, 2, 1, 1), 10) N_S 11457 a 1 2026-09-09T03:42:40.635396
      level 1: 37 prefixes
      level 2: 435 prefixes
      level 3: 2531 prefixes
      level 4: 7430 prefixes
      level 5: 11039 prefixes
      level 6: 11457 prefixes
      level 7: 11457 prefixes
      level 8: 11457 prefixes
      level 9: 11457 prefixes
      level 10: 11457 prefixes
  lam=(17, 6, 3, 2, 1, 1): N_S=11457 |Stab|=2 n_chi=4346 (orbits dropped: 2765) [lean, 0s, HWM 0.46 GB]
    E_01: |H|=2 targets 7737 canonical rows 2922 nnz 13756 (obstructed fixed targets cancelled: 711) [0s, HWM 0.46 GB]
    E_12: |H|=2 targets 7179 canonical rows 2676 nnz 9253 (obstructed fixed targets cancelled: 356) [0s, HWM 0.46 GB]
    E_23: |H|=2 targets 7281 canonical rows 2733 nnz 7044 (obstructed fixed targets cancelled: 194) [0s, HWM 0.46 GB]
    E_34: |H|=1 targets 5363 canonical rows 5180 nnz 8692 (obstructed fixed targets cancelled: 0) [0s, HWM 0.46 GB]
    E_45: |H|=1 targets 7111 canonical rows 0 nnz 0 (obstructed fixed targets cancelled: 0) [0s, HWM 0.46 GB]
  built (17, 6, 3, 2, 1, 1) d10: N_S=11457 |Stab|=2 n_chi=4346 rows=13511 nnz=38745 (0s: mono 0s orbits 0s rows 0s; HWM 0.46 GB)
    hybrid[per6 17_6_3_2_1_1d10] p=2147483647 attempt 0: |S|=4345 |U|=1 (a=1, excess 0) m=65 blocks 1x1 projected nullity 1, verified=True, rank 1 [split 0.0s trisolve 0.0s schur 0.0s null 0.0s lift 0.0s rank 0.0s]
  per6 (17, 6, 3, 2, 1, 1) d10 p=2147483647: a=1 n_chi=4346 mult=1 units=0 [0.0s]
    hybrid[per6 17_6_3_2_1_1d10] p=2147483629 attempt 0: |S|=4345 |U|=1 (a=1, excess 0) m=65 blocks 1x1 projected nullity 1, verified=True, rank 1 [split 0.0s trisolve 0.0s schur 0.0s null 0.0s lift 0.0s rank 0.0s]
  per6 (17, 6, 3, 2, 1, 1) d10 p=2147483629: a=1 n_chi=4346 mult=1 units=0 [0.0s]
  PER6 RESULT (17, 6, 3, 2, 1, 1) d10: a=1 N_S=11457 n_chi=4346 mult=1 units=0 proved: mult = a at both primes (S_mu not in the ideal over Q) (28.4s, HWM 0.46 GB)

=== rank 8 ((18, 4, 3, 2, 2, 1), 10) N_S 13932 a 1 2026-09-09T03:43:09.701512
      level 1: 42 prefixes
      level 2: 638 prefixes
      level 3: 4179 prefixes
      level 4: 11122 prefixes
      level 5: 13852 prefixes
      level 6: 13932 prefixes
      level 7: 13932 prefixes
      level 8: 13932 prefixes
      level 9: 13932 prefixes
      level 10: 13932 prefixes
  lam=(18, 4, 3, 2, 2, 1): N_S=13932 |Stab|=2 n_chi=7594 (orbits dropped: 0) [lean, 0s, HWM 0.46 GB]
    E_01: |H|=2 targets 7598 canonical rows 4157 nnz 19673 (obstructed fixed targets cancelled: 0) [0s, HWM 0.46 GB]
    E_12: |H|=2 targets 10273 canonical rows 5626 nnz 16491 (obstructed fixed targets cancelled: 0) [0s, HWM 0.46 GB]
    E_23: |H|=1 targets 8824 canonical rows 8824 nnz 22973 (obstructed fixed targets cancelled: 0) [0s, HWM 0.46 GB]
    E_34: |H|=1 targets 10480 canonical rows 10480 nnz 20133 (obstructed fixed targets cancelled: 0) [0s, HWM 0.46 GB]
    E_45: |H|=1 targets 6478 canonical rows 6478 nnz 13932 (obstructed fixed targets cancelled: 0) [0s, HWM 0.46 GB]
  built (18, 4, 3, 2, 2, 1) d10: N_S=13932 |Stab|=2 n_chi=7594 rows=35565 nnz=93202 (0s: mono 0s orbits 0s rows 0s; HWM 0.46 GB)
    hybrid[per6 18_4_3_2_2_1d10] p=2147483647 attempt 0: |S|=7592 |U|=2 (a=1, excess 1) m=66 blocks 1x2 projected nullity 1, verified=True, rank 1 [split 0.0s trisolve 0.0s schur 0.0s null 0.0s lift 0.0s rank 0.0s]
  per6 (18, 4, 3, 2, 2, 1) d10 p=2147483647: a=1 n_chi=7594 mult=1 units=0 [0.0s]
    hybrid[per6 18_4_3_2_2_1d10] p=2147483629 attempt 0: |S|=7592 |U|=2 (a=1, excess 1) m=66 blocks 1x2 projected nullity 1, verified=True, rank 1 [split 0.0s trisolve 0.0s schur 0.0s null 0.0s lift 0.0s rank 0.0s]
  per6 (18, 4, 3, 2, 2, 1) d10 p=2147483629: a=1 n_chi=7594 mult=1 units=0 [0.0s]
  PER6 RESULT (18, 4, 3, 2, 2, 1) d10: a=1 N_S=13932 n_chi=7594 mult=1 units=0 proved: mult = a at both primes (S_mu not in the ideal over Q) (28.3s, HWM 0.46 GB)

=== rank 9 ((17, 5, 4, 2, 1, 1), 10) N_S 14342 a 1 2026-09-09T03:43:39.193478
      level 1: 36 prefixes
      level 2: 458 prefixes
      level 3: 2962 prefixes
      level 4: 9198 prefixes
      level 5: 13817 prefixes
      level 6: 14342 prefixes
      level 7: 14342 prefixes
      level 8: 14342 prefixes
      level 9: 14342 prefixes
      level 10: 14342 prefixes
  lam=(17, 5, 4, 2, 1, 1): N_S=14342 |Stab|=2 n_chi=5473 (orbits dropped: 3396) [lean, 0s, HWM 0.46 GB]
    E_01: |H|=2 targets 8824 canonical rows 3331 nnz 15832 (obstructed fixed targets cancelled: 816) [0s, HWM 0.46 GB]
    E_12: |H|=2 targets 11457 canonical rows 4346 nnz 14111 (obstructed fixed targets cancelled: 460) [0s, HWM 0.46 GB]
    E_23: |H|=2 targets 7968 canonical rows 3009 nnz 8876 (obstructed fixed targets cancelled: 266) [0s, HWM 0.46 GB]
    E_34: |H|=1 targets 6679 canonical rows 6460 nnz 10946 (obstructed fixed targets cancelled: 0) [0s, HWM 0.46 GB]
    E_45: |H|=1 targets 8869 canonical rows 0 nnz 0 (obstructed fixed targets cancelled: 0) [0s, HWM 0.46 GB]
  built (17, 5, 4, 2, 1, 1) d10: N_S=14342 |Stab|=2 n_chi=5473 rows=17146 nnz=49765 (0s: mono 0s orbits 0s rows 0s; HWM 0.46 GB)
    hybrid[per6 17_5_4_2_1_1d10] p=2147483647 attempt 0: |S|=5471 |U|=2 (a=1, excess 1) m=66 blocks 1x2 projected nullity 1, verified=True, rank 1 [split 0.0s trisolve 0.0s schur 0.0s null 0.0s lift 0.0s rank 0.0s]
  per6 (17, 5, 4, 2, 1, 1) d10 p=2147483647: a=1 n_chi=5473 mult=1 units=0 [0.0s]
    hybrid[per6 17_5_4_2_1_1d10] p=2147483629 attempt 0: |S|=5471 |U|=2 (a=1, excess 1) m=66 blocks 1x2 projected nullity 1, verified=True, rank 1 [split 0.0s trisolve 0.0s schur 0.0s null 0.0s lift 0.0s rank 0.0s]
  per6 (17, 5, 4, 2, 1, 1) d10 p=2147483629: a=1 n_chi=5473 mult=1 units=0 [0.0s]
  PER6 RESULT (17, 5, 4, 2, 1, 1) d10: a=1 N_S=14342 n_chi=5473 mult=1 units=0 proved: mult = a at both primes (S_mu not in the ideal over Q) (29.6s, HWM 0.46 GB)

=== rank 10 ((17, 6, 2, 2, 2, 1), 10) N_S 15234 a 2 2026-09-09T03:44:09.746419
      level 1: 41 prefixes
      level 2: 534 prefixes
      level 3: 3256 prefixes
      level 4: 9805 prefixes
      level 5: 14675 prefixes
      level 6: 15234 prefixes
      level 7: 15234 prefixes
      level 8: 15234 prefixes
      level 9: 15234 prefixes
      level 10: 15234 prefixes
  lam=(17, 6, 2, 2, 2, 1): N_S=15234 |Stab|=6 n_chi=3280 (orbits dropped: 0) [lean, 0s, HWM 0.46 GB]
    E_01: |H|=6 targets 10273 canonical rows 2226 nnz 10296 (obstructed fixed targets cancelled: 0) [0s, HWM 0.46 GB]
    E_12: |H|=2 targets 7179 canonical rows 3948 nnz 13507 (obstructed fixed targets cancelled: 0) [0s, HWM 0.46 GB]
    E_23: |H|=1 targets 11457 canonical rows 11457 nnz 21930 (obstructed fixed targets cancelled: 0) [0s, HWM 0.46 GB]
    E_34: |H|=1 targets 11457 canonical rows 11457 nnz 21930 (obstructed fixed targets cancelled: 0) [0s, HWM 0.46 GB]
    E_45: |H|=2 targets 7111 canonical rows 3958 nnz 8325 (obstructed fixed targets cancelled: 0) [0s, HWM 0.46 GB]
  built (17, 6, 2, 2, 2, 1) d10: N_S=15234 |Stab|=6 n_chi=3280 rows=33046 nnz=75988 (0s: mono 0s orbits 0s rows 0s; HWM 0.46 GB)
    hybrid[per6 17_6_2_2_2_1d10] p=2147483647 attempt 0: |S|=3278 |U|=2 (a=2, excess 0) m=66 blocks 1x2 projected nullity 2, verified=True, rank 2 [split 0.0s trisolve 0.0s schur 0.0s null 0.0s lift 0.0s rank 0.0s]
  per6 (17, 6, 2, 2, 2, 1) d10 p=2147483647: a=2 n_chi=3280 mult=2 units=0 [0.0s]
    hybrid[per6 17_6_2_2_2_1d10] p=2147483629 attempt 0: |S|=3278 |U|=2 (a=2, excess 0) m=66 blocks 1x2 projected nullity 2, verified=True, rank 2 [split 0.0s trisolve 0.0s schur 0.0s null 0.0s lift 0.0s rank 0.0s]
  per6 (17, 6, 2, 2, 2, 1) d10 p=2147483629: a=2 n_chi=3280 mult=2 units=0 [0.0s]
  PER6 RESULT (17, 6, 2, 2, 2, 1) d10: a=2 N_S=15234 n_chi=3280 mult=2 units=0 proved: mult = a at both primes (S_mu not in the ideal over Q) (29.5s, HWM 0.46 GB)

=== rank 11 ((16, 7, 3, 2, 1, 1), 10) N_S 15765 a 1 2026-09-09T03:44:40.590524
      level 1: 36 prefixes
      level 2: 434 prefixes
      level 3: 2347 prefixes
      level 4: 7729 prefixes
      level 5: 13985 prefixes
      level 6: 15720 prefixes
      level 7: 15765 prefixes
      level 8: 15765 prefixes
      level 9: 15765 prefixes
      level 10: 15765 prefixes
  lam=(16, 7, 3, 2, 1, 1): N_S=15765 |Stab|=2 n_chi=6015 (orbits dropped: 3735) [lean, 0s, HWM 0.46 GB]
    E_01: |H|=2 targets 11457 canonical rows 4346 nnz 20771 (obstructed fixed targets cancelled: 1028) [0s, HWM 0.46 GB]
    E_12: |H|=2 targets 9249 canonical rows 3457 nnz 12827 (obstructed fixed targets cancelled: 514) [0s, HWM 0.46 GB]
    E_23: |H|=2 targets 9988 canonical rows 3772 nnz 9780 (obstructed fixed targets cancelled: 255) [0s, HWM 0.46 GB]
    E_34: |H|=1 targets 7347 canonical rows 7117 nnz 12030 (obstructed fixed targets cancelled: 0) [0s, HWM 0.46 GB]
    E_45: |H|=1 targets 9750 canonical rows 0 nnz 0 (obstructed fixed targets cancelled: 0) [0s, HWM 0.46 GB]
  built (16, 7, 3, 2, 1, 1) d10: N_S=15765 |Stab|=2 n_chi=6015 rows=18692 nnz=55408 (0s: mono 0s orbits 0s rows 0s; HWM 0.46 GB)
    hybrid[per6 16_7_3_2_1_1d10] p=2147483647 attempt 0: |S|=6014 |U|=1 (a=1, excess 0) m=65 blocks 1x1 projected nullity 1, verified=True, rank 1 [split 0.0s trisolve 0.0s schur 0.0s null 0.0s lift 0.0s rank 0.0s]
  per6 (16, 7, 3, 2, 1, 1) d10 p=2147483647: a=1 n_chi=6015 mult=1 units=0 [0.0s]
    hybrid[per6 16_7_3_2_1_1d10] p=2147483629 attempt 0: |S|=6014 |U|=1 (a=1, excess 0) m=65 blocks 1x1 projected nullity 1, verified=True, rank 1 [split 0.0s trisolve 0.0s schur 0.0s null 0.0s lift 0.0s rank 0.0s]
  per6 (16, 7, 3, 2, 1, 1) d10 p=2147483629: a=1 n_chi=6015 mult=1 units=0 [0.0s]
  PER6 RESULT (16, 7, 3, 2, 1, 1) d10: a=1 N_S=15765 n_chi=6015 mult=1 units=0 proved: mult = a at both primes (S_mu not in the ideal over Q) (28.8s, HWM 0.46 GB)

=== rank 12 ((15, 7, 5, 1, 1, 1), 10) N_S 16174 a 1 2026-09-09T03:45:10.106668
      level 1: 31 prefixes
      level 2: 305 prefixes
      level 3: 1608 prefixes
      level 4: 5645 prefixes
      level 5: 12297 prefixes
      level 6: 15825 prefixes
      level 7: 16174 prefixes
      level 8: 16174 prefixes
      level 9: 16174 prefixes
      level 10: 16174 prefixes
  lam=(15, 7, 5, 1, 1, 1): N_S=16174 |Stab|=6 n_chi=957 (orbits dropped: 3814) [lean, 0s, HWM 0.46 GB]
    E_01: |H|=6 targets 11830 canonical rows 679 nnz 2929 (obstructed fixed targets cancelled: 2001) [0s, HWM 0.46 GB]
    E_12: |H|=6 targets 12789 canonical rows 726 nnz 2542 (obstructed fixed targets cancelled: 1425) [0s, HWM 0.46 GB]
    E_23: |H|=2 targets 5100 canonical rows 1723 nnz 2871 (obstructed fixed targets cancelled: 0) [0s, HWM 0.46 GB]
    E_34: |H|=1 targets 9994 canonical rows 0 nnz 0 (obstructed fixed targets cancelled: 0) [0s, HWM 0.46 GB]
    E_45: |H|=1 targets 9994 canonical rows 0 nnz 0 (obstructed fixed targets cancelled: 0) [0s, HWM 0.46 GB]
  built (15, 7, 5, 1, 1, 1) d10: N_S=16174 |Stab|=6 n_chi=957 rows=3128 nnz=8342 (1s: mono 0s orbits 0s rows 0s; HWM 0.46 GB)
    hybrid[per6 15_7_5_1_1_1d10] p=2147483647 attempt 0: |S|=956 |U|=1 (a=1, excess 0) m=65 blocks 1x1 projected nullity 1, verified=True, rank 1 [split 0.0s trisolve 0.0s schur 0.0s null 0.0s lift 0.0s rank 0.0s]
  per6 (15, 7, 5, 1, 1, 1) d10 p=2147483647: a=1 n_chi=957 mult=1 units=0 [0.0s]
    hybrid[per6 15_7_5_1_1_1d10] p=2147483629 attempt 0: |S|=956 |U|=1 (a=1, excess 0) m=65 blocks 1x1 projected nullity 1, verified=True, rank 1 [split 0.0s trisolve 0.0s schur 0.0s null 0.0s lift 0.0s rank 0.0s]
  per6 (15, 7, 5, 1, 1, 1) d10 p=2147483629: a=1 n_chi=957 mult=1 units=0 [0.0s]
  PER6 RESULT (15, 7, 5, 1, 1, 1) d10: a=1 N_S=16174 n_chi=957 mult=1 units=0 proved: mult = a at both primes (S_mu not in the ideal over Q) (54.8s, HWM 0.46 GB)

=== rank 13 ((17, 5, 3, 3, 1, 1), 10) N_S 17079 a 1 2026-09-09T03:46:06.124938
      level 1: 37 prefixes
      level 2: 505 prefixes
      level 3: 3420 prefixes
      level 4: 10903 prefixes
      level 5: 16466 prefixes
      level 6: 17079 prefixes
      level 7: 17079 prefixes
      level 8: 17079 prefixes
      level 9: 17079 prefixes
      level 10: 17079 prefixes
  lam=(17, 5, 3, 3, 1, 1): N_S=17079 |Stab|=4 n_chi=3213 (orbits dropped: 2362) [lean, 0s, HWM 0.46 GB]
    E_01: |H|=4 targets 10480 canonical rows 1956 nnz 9242 (obstructed fixed targets cancelled: 1032) [0s, HWM 0.46 GB]
    E_12: |H|=2 targets 11457 canonical rows 4345 nnz 13681 (obstructed fixed targets cancelled: 460) [0s, HWM 0.46 GB]
    E_23: |H|=2 targets 14342 canonical rows 5414 nnz 12535 (obstructed fixed targets cancelled: 356) [0s, HWM 0.46 GB]
    E_34: |H|=1 targets 6679 canonical rows 6617 nnz 12684 (obstructed fixed targets cancelled: 0) [0s, HWM 0.46 GB]
    E_45: |H|=2 targets 10497 canonical rows 0 nnz 0 (obstructed fixed targets cancelled: 84) [0s, HWM 0.46 GB]
  built (17, 5, 3, 3, 1, 1) d10: N_S=17079 |Stab|=4 n_chi=3213 rows=18332 nnz=48142 (0s: mono 0s orbits 0s rows 0s; HWM 0.46 GB)
    hybrid[per6 17_5_3_3_1_1d10] p=2147483647 attempt 0: |S|=3212 |U|=1 (a=1, excess 0) m=65 blocks 1x1 projected nullity 1, verified=True, rank 1 [split 0.0s trisolve 0.0s schur 0.0s null 0.0s lift 0.0s rank 0.0s]
  per6 (17, 5, 3, 3, 1, 1) d10 p=2147483647: a=1 n_chi=3213 mult=1 units=0 [0.0s]
    hybrid[per6 17_5_3_3_1_1d10] p=2147483629 attempt 0: |S|=3212 |U|=1 (a=1, excess 0) m=65 blocks 1x1 projected nullity 1, verified=True, rank 1 [split 0.0s trisolve 0.0s schur 0.0s null 0.0s lift 0.0s rank 0.0s]
  per6 (17, 5, 3, 3, 1, 1) d10 p=2147483629: a=1 n_chi=3213 mult=1 units=0 [0.0s]
  PER6 RESULT (17, 5, 3, 3, 1, 1) d10: a=1 N_S=17079 n_chi=3213 mult=1 units=0 proved: mult = a at both primes (S_mu not in the ideal over Q) (57.0s, HWM 0.46 GB)

=== rank 14 ((18, 4, 2, 2, 2, 2), 10) N_S 18571 a 2 2026-09-09T03:47:04.663324
      level 1: 46 prefixes
      level 2: 772 prefixes
      level 3: 5377 prefixes
      level 4: 14742 prefixes
      level 5: 18459 prefixes
      level 6: 18571 prefixes
      level 7: 18571 prefixes
      level 8: 18571 prefixes
      level 9: 18571 prefixes
      level 10: 18571 prefixes
  lam=(18, 4, 2, 2, 2, 2): N_S=18571 |Stab|=24 n_chi=1301 (orbits dropped: 0) [lean, 0s, HWM 0.46 GB]
    E_01: |H|=24 targets 10104 canonical rows 724 nnz 3095 (obstructed fixed targets cancelled: 0) [0s, HWM 0.46 GB]
    E_12: |H|=6 targets 10273 canonical rows 2226 nnz 6326 (obstructed fixed targets cancelled: 0) [0s, HWM 0.46 GB]
    E_23: |H|=2 targets 13932 canonical rows 7594 nnz 14473 (obstructed fixed targets cancelled: 0) [0s, HWM 0.46 GB]
    E_34: |H|=2 targets 13932 canonical rows 7594 nnz 14473 (obstructed fixed targets cancelled: 0) [0s, HWM 0.46 GB]
    E_45: |H|=2 targets 13932 canonical rows 7594 nnz 14473 (obstructed fixed targets cancelled: 0) [0s, HWM 0.46 GB]
  built (18, 4, 2, 2, 2, 2) d10: N_S=18571 |Stab|=24 n_chi=1301 rows=25732 nnz=52840 (1s: mono 0s orbits 0s rows 0s; HWM 0.46 GB)
    hybrid[per6 18_4_2_2_2_2d10] p=2147483647 attempt 0: |S|=1299 |U|=2 (a=2, excess 0) m=66 blocks 1x2 projected nullity 2, verified=True, rank 2 [split 0.0s trisolve 0.0s schur 0.0s null 0.0s lift 0.0s rank 0.0s]
  per6 (18, 4, 2, 2, 2, 2) d10 p=2147483647: a=2 n_chi=1301 mult=2 units=0 [0.0s]
    hybrid[per6 18_4_2_2_2_2d10] p=2147483629 attempt 0: |S|=1299 |U|=2 (a=2, excess 0) m=66 blocks 1x2 projected nullity 2, verified=True, rank 2 [split 0.0s trisolve 0.0s schur 0.0s null 0.0s lift 0.0s rank 0.0s]
  per6 (18, 4, 2, 2, 2, 2) d10 p=2147483629: a=2 n_chi=1301 mult=2 units=0 [0.0s]
  PER6 RESULT (18, 4, 2, 2, 2, 2) d10: a=2 N_S=18571 n_chi=1301 mult=2 units=0 proved: mult = a at both primes (S_mu not in the ideal over Q) (41.0s, HWM 0.46 GB)

=== rank 15 ((15, 8, 3, 2, 1, 1), 10) N_S 20236 a 2 2026-09-09T03:47:47.123221

=== rank 15 ((15, 8, 3, 2, 1, 1), 10) N_S 20236 a 2 2026-09-09T03:48:06.152693
      level 1: 36 prefixes
      level 2: 429 prefixes
      level 3: 2186 prefixes
      level 4: 7150 prefixes
      level 5: 15387 prefixes
      level 6: 19805 prefixes
      level 7: 20236 prefixes
      level 8: 20236 prefixes
      level 9: 20236 prefixes
      level 10: 20236 prefixes
  lam=(15, 8, 3, 2, 1, 1): N_S=20236 |Stab|=2 n_chi=7747 (orbits dropped: 4742) [lean, 0s, HWM 0.46 GB]
    E_01: |H|=2 targets 15765 canonical rows 6015 nnz 28871 (obstructed fixed targets cancelled: 1352) [0s, HWM 0.46 GB]
    E_12: |H|=2 targets 11177 canonical rows 4196 nnz 16556 (obstructed fixed targets cancelled: 675) [0s, HWM 0.46 GB]
    E_23: |H|=2 targets 12789 canonical rows 4847 nnz 12627 (obstructed fixed targets cancelled: 319) [0s, HWM 0.46 GB]
    E_34: |H|=1 targets 9400 canonical rows 9119 nnz 15494 (obstructed fixed targets cancelled: 0) [0s, HWM 0.46 GB]
    E_45: |H|=1 targets 12489 canonical rows 0 nnz 0 (obstructed fixed targets cancelled: 0) [1s, HWM 0.46 GB]
  built (15, 8, 3, 2, 1, 1) d10: N_S=20236 |Stab|=2 n_chi=7747 rows=24177 nnz=73548 (1s: mono 0s orbits 0s rows 1s; HWM 0.46 GB)
    hybrid[per6 15_8_3_2_1_1d10] p=2147483647 attempt 0: |S|=7745 |U|=2 (a=2, excess 0) m=66 blocks 1x2 projected nullity 2, verified=True, rank 2 [split 0.0s trisolve 0.0s schur 0.0s null 0.0s lift 0.0s rank 0.0s]
  per6 (15, 8, 3, 2, 1, 1) d10 p=2147483647: a=2 n_chi=7747 mult=2 units=0 [0.1s]
    hybrid[per6 15_8_3_2_1_1d10] p=2147483629 attempt 0: |S|=7745 |U|=2 (a=2, excess 0) m=66 blocks 1x2 projected nullity 2, verified=True, rank 2 [split 0.0s trisolve 0.0s schur 0.0s null 0.0s lift 0.0s rank 0.0s]
  per6 (15, 8, 3, 2, 1, 1) d10 p=2147483629: a=2 n_chi=7747 mult=2 units=0 [0.1s]
  PER6 RESULT (15, 8, 3, 2, 1, 1) d10: a=2 N_S=20236 n_chi=7747 mult=2 units=0 proved: mult = a at both primes (S_mu not in the ideal over Q) (41.0s, HWM 0.46 GB)

=== rank 16 ((14, 8, 5, 1, 1, 1), 10) N_S 20516 a 1 2026-09-09T03:48:30.506073
      level 1: 36 prefixes
      level 2: 429 prefixes
      level 3: 2186 prefixes
      level 4: 7150 prefixes
      level 5: 15387 prefixes
      level 6: 19805 prefixes
      level 7: 20236 prefixes
      level 8: 20236 prefixes
      level 9: 20236 prefixes
      level 10: 20236 prefixes
  lam=(15, 8, 3, 2, 1, 1): N_S=20236 |Stab|=2 n_chi=7747 (orbits dropped: 4742) [lean, 0s, HWM 0.46 GB]
    E_01: |H|=2 targets 15765 canonical rows 6015 nnz 28871 (obstructed fixed targets cancelled: 1352) [0s, HWM 0.46 GB]
    E_12: |H|=2 targets 11177 canonical rows 4196 nnz 16556 (obstructed fixed targets cancelled: 675) [0s, HWM 0.46 GB]
    E_23: |H|=2 targets 12789 canonical rows 4847 nnz 12627 (obstructed fixed targets cancelled: 319) [0s, HWM 0.46 GB]
    E_34: |H|=1 targets 9400 canonical rows 9119 nnz 15494 (obstructed fixed targets cancelled: 0) [0s, HWM 0.46 GB]
    E_45: |H|=1 targets 12489 canonical rows 0 nnz 0 (obstructed fixed targets cancelled: 0) [0s, HWM 0.46 GB]
  built (15, 8, 3, 2, 1, 1) d10: N_S=20236 |Stab|=2 n_chi=7747 rows=24177 nnz=73548 (0s: mono 0s orbits 0s rows 0s; HWM 0.46 GB)
    hybrid[per6 15_8_3_2_1_1d10] p=2147483647 attempt 0: |S|=7745 |U|=2 (a=2, excess 0) m=66 blocks 1x2 projected nullity 2, verified=True, rank 2 [split 0.0s trisolve 0.0s schur 0.0s null 0.0s lift 0.0s rank 0.0s]
  per6 (15, 8, 3, 2, 1, 1) d10 p=2147483647: a=2 n_chi=7747 mult=2 units=0 [0.0s]
    hybrid[per6 15_8_3_2_1_1d10] p=2147483629 attempt 0: |S|=7745 |U|=2 (a=2, excess 0) m=66 blocks 1x2 projected nullity 2, verified=True, rank 2 [split 0.0s trisolve 0.0s schur 0.0s null 0.0s lift 0.0s rank 0.0s]
  per6 (15, 8, 3, 2, 1, 1) d10 p=2147483629: a=2 n_chi=7747 mult=2 units=0 [0.0s]
  PER6 RESULT (15, 8, 3, 2, 1, 1) d10: a=2 N_S=20236 n_chi=7747 mult=2 units=0 proved: mult = a at both primes (S_mu not in the ideal over Q) (31.0s, HWM 0.46 GB)

=== rank 16 ((14, 8, 5, 1, 1, 1), 10) N_S 20516 a 1 2026-09-09T03:48:37.784231
      level 1: 31 prefixes
      level 2: 298 prefixes
      level 3: 1562 prefixes
      level 4: 5102 prefixes
      level 5: 12440 prefixes
      level 6: 18961 prefixes
      level 7: 20478 prefixes
      level 8: 20516 prefixes
      level 9: 20516 prefixes
      level 10: 20516 prefixes
  lam=(14, 8, 5, 1, 1, 1): N_S=20516 |Stab|=6 n_chi=1231 (orbits dropped: 4786) [lean, 0s, HWM 0.46 GB]
    E_01: |H|=6 targets 16174 canonical rows 957 nnz 4126 (obstructed fixed targets cancelled: 2595) [0s, HWM 0.46 GB]
    E_12: |H|=6 targets 15299 canonical rows 882 nnz 3285 (obstructed fixed targets cancelled: 1866) [0s, HWM 0.46 GB]
    E_23: |H|=2 targets 6420 canonical rows 2187 nnz 3693 (obstructed fixed targets cancelled: 0) [0s, HWM 0.46 GB]
    E_34: |H|=1 targets 12651 canonical rows 0 nnz 0 (obstructed fixed targets cancelled: 0) [0s, HWM 0.46 GB]
    E_45: |H|=1 targets 12651 canonical rows 0 nnz 0 (obstructed fixed targets cancelled: 0) [0s, HWM 0.46 GB]
  built (14, 8, 5, 1, 1, 1) d10: N_S=20516 |Stab|=6 n_chi=1231 rows=4026 nnz=11104 (0s: mono 0s orbits 0s rows 0s; HWM 0.46 GB)
    hybrid[per6 14_8_5_1_1_1d10] p=2147483647 attempt 0: |S|=1230 |U|=1 (a=1, excess 0) m=65 blocks 1x1 projected nullity 1, verified=True, rank 1 [split 0.0s trisolve 0.0s schur 0.0s null 0.0s lift 0.0s rank 0.0s]
  per6 (14, 8, 5, 1, 1, 1) d10 p=2147483647: a=1 n_chi=1231 mult=1 units=0 [0.0s]
    hybrid[per6 14_8_5_1_1_1d10] p=2147483629 attempt 0: |S|=1230 |U|=1 (a=1, excess 0) m=65 blocks 1x1 projected nullity 1, verified=True, rank 1 [split 0.0s trisolve 0.0s schur 0.0s null 0.0s lift 0.0s rank 0.0s]
  per6 (14, 8, 5, 1, 1, 1) d10 p=2147483629: a=1 n_chi=1231 mult=1 units=0 [0.0s]
  PER6 RESULT (14, 8, 5, 1, 1, 1) d10: a=1 N_S=20516 n_chi=1231 mult=1 units=0 proved: mult = a at both primes (S_mu not in the ideal over Q) (29.8s, HWM 0.46 GB)

=== rank 17 ((16, 7, 2, 2, 2, 1), 10) N_S 20983 a 3 2026-09-09T03:49:08.176048
      level 1: 31 prefixes
      level 2: 298 prefixes
      level 3: 1562 prefixes
      level 4: 5102 prefixes
      level 5: 12440 prefixes
      level 6: 18961 prefixes
      level 7: 20478 prefixes
      level 8: 20516 prefixes
      level 9: 20516 prefixes
      level 10: 20516 prefixes
  lam=(14, 8, 5, 1, 1, 1): N_S=20516 |Stab|=6 n_chi=1231 (orbits dropped: 4786) [lean, 0s, HWM 0.46 GB]
    E_01: |H|=6 targets 16174 canonical rows 957 nnz 4126 (obstructed fixed targets cancelled: 2595) [0s, HWM 0.46 GB]
    E_12: |H|=6 targets 15299 canonical rows 882 nnz 3285 (obstructed fixed targets cancelled: 1866) [0s, HWM 0.46 GB]
    E_23: |H|=2 targets 6420 canonical rows 2187 nnz 3693 (obstructed fixed targets cancelled: 0) [0s, HWM 0.46 GB]
    E_34: |H|=1 targets 12651 canonical rows 0 nnz 0 (obstructed fixed targets cancelled: 0) [0s, HWM 0.46 GB]
    E_45: |H|=1 targets 12651 canonical rows 0 nnz 0 (obstructed fixed targets cancelled: 0) [1s, HWM 0.46 GB]
  built (14, 8, 5, 1, 1, 1) d10: N_S=20516 |Stab|=6 n_chi=1231 rows=4026 nnz=11104 (1s: mono 0s orbits 0s rows 1s; HWM 0.46 GB)
    hybrid[per6 14_8_5_1_1_1d10] p=2147483647 attempt 0: |S|=1230 |U|=1 (a=1, excess 0) m=65 blocks 1x1 projected nullity 1, verified=True, rank 1 [split 0.0s trisolve 0.0s schur 0.0s null 0.0s lift 0.0s rank 0.0s]
  per6 (14, 8, 5, 1, 1, 1) d10 p=2147483647: a=1 n_chi=1231 mult=1 units=0 [0.0s]
    hybrid[per6 14_8_5_1_1_1d10] p=2147483629 attempt 0: |S|=1230 |U|=1 (a=1, excess 0) m=65 blocks 1x1 projected nullity 1, verified=True, rank 1 [split 0.0s trisolve 0.0s schur 0.0s null 0.0s lift 0.0s rank 0.0s]
  per6 (14, 8, 5, 1, 1, 1) d10 p=2147483629: a=1 n_chi=1231 mult=1 units=0 [0.0s]
  PER6 RESULT (14, 8, 5, 1, 1, 1) d10: a=1 N_S=20516 n_chi=1231 mult=1 units=0 proved: mult = a at both primes (S_mu not in the ideal over Q) (60.2s, HWM 0.46 GB)

=== rank 17 ((16, 7, 2, 2, 2, 1), 10) N_S 20983 a 3 2026-09-09T03:49:32.667467
      level 1: 40 prefixes
      level 2: 533 prefixes
      level 3: 3028 prefixes
      level 4: 10181 prefixes
      level 5: 18602 prefixes
      level 6: 20923 prefixes
      level 7: 20983 prefixes
      level 8: 20983 prefixes
      level 9: 20983 prefixes
      level 10: 20983 prefixes
  lam=(16, 7, 2, 2, 2, 1): N_S=20983 |Stab|=6 n_chi=4481 (orbits dropped: 0) [lean, 0s, HWM 0.46 GB]
    E_01: |H|=6 targets 15234 canonical rows 3280 nnz 15402 (obstructed fixed targets cancelled: 0) [0s, HWM 0.46 GB]
    E_12: |H|=2 targets 9249 canonical rows 5079 nnz 18617 (obstructed fixed targets cancelled: 0) [0s, HWM 0.46 GB]
    E_23: |H|=1 targets 15765 canonical rows 15765 nnz 30307 (obstructed fixed targets cancelled: 0) [0s, HWM 0.46 GB]
    E_34: |H|=1 targets 15765 canonical rows 15765 nnz 30307 (obstructed fixed targets cancelled: 0) [0s, HWM 0.46 GB]
    E_45: |H|=2 targets 9750 canonical rows 5405 nnz 11434 (obstructed fixed targets cancelled: 0) [0s, HWM 0.46 GB]
  built (16, 7, 2, 2, 2, 1) d10: N_S=20983 |Stab|=6 n_chi=4481 rows=45294 nnz=106067 (0s: mono 0s orbits 0s rows 0s; HWM 0.46 GB)
    hybrid[per6 16_7_2_2_2_1d10] p=2147483647 attempt 0: |S|=4478 |U|=3 (a=3, excess 0) m=67 blocks 1x3 projected nullity 3, verified=True, rank 3 [split 0.0s trisolve 0.0s schur 0.0s null 0.0s lift 0.0s rank 0.0s]
  per6 (16, 7, 2, 2, 2, 1) d10 p=2147483647: a=3 n_chi=4481 mult=3 units=0 [0.1s]
    hybrid[per6 16_7_2_2_2_1d10] p=2147483629 attempt 0: |S|=4478 |U|=3 (a=3, excess 0) m=67 blocks 1x3 projected nullity 3, verified=True, rank 3 [split 0.0s trisolve 0.0s schur 0.0s null 0.0s lift 0.0s rank 0.0s]
  per6 (16, 7, 2, 2, 2, 1) d10 p=2147483629: a=3 n_chi=4481 mult=3 units=0 [0.0s]
  PER6 RESULT (16, 7, 2, 2, 2, 1) d10: a=3 N_S=20983 n_chi=4481 mult=3 units=0 proved: mult = a at both primes (S_mu not in the ideal over Q) (29.7s, HWM 0.47 GB)

=== rank 18 ((16, 6, 4, 2, 1, 1), 10) N_S 21408 a 2 2026-09-09T03:49:38.409043
      level 1: 36 prefixes
      level 2: 454 prefixes
      level 3: 2836 prefixes
      level 4: 10224 prefixes
      level 5: 18972 prefixes
      level 6: 21348 prefixes
      level 7: 21408 prefixes
      level 8: 21408 prefixes
      level 9: 21408 prefixes
      level 10: 21408 prefixes
  lam=(16, 6, 4, 2, 1, 1): N_S=21408 |Stab|=2 n_chi=8210 (orbits dropped: 4988) [lean, 0s, HWM 0.46 GB]
    E_01: |H|=2 targets 14342 canonical rows 5473 nnz 26534 (obstructed fixed targets cancelled: 1266) [0s, HWM 0.46 GB]
    E_12: |H|=2 targets 15765 canonical rows 6015 nnz 21285 (obstructed fixed targets cancelled: 711) [0s, HWM 0.46 GB]
    E_23: |H|=2 targets 11830 canonical rows 4491 nnz 13368 (obstructed fixed targets cancelled: 383) [0s, HWM 0.46 GB]
    E_34: |H|=1 targets 9922 canonical rows 9616 nnz 16420 (obstructed fixed targets cancelled: 0) [0s, HWM 0.46 GB]
    E_45: |H|=1 targets 13198 canonical rows 0 nnz 0 (obstructed fixed targets cancelled: 0) [0s, HWM 0.46 GB]
  built (16, 6, 4, 2, 1, 1) d10: N_S=21408 |Stab|=2 n_chi=8210 rows=25595 nnz=77607 (0s: mono 0s orbits 0s rows 0s; HWM 0.46 GB)
    hybrid[per6 16_6_4_2_1_1d10] p=2147483647 attempt 0: |S|=8208 |U|=2 (a=2, excess 0) m=66 blocks 1x2 projected nullity 2, verified=True, rank 2 [split 0.0s trisolve 0.0s schur 0.0s null 0.0s lift 0.0s rank 0.0s]
  per6 (16, 6, 4, 2, 1, 1) d10 p=2147483647: a=2 n_chi=8210 mult=2 units=0 [0.0s]
    hybrid[per6 16_6_4_2_1_1d10] p=2147483629 attempt 0: |S|=8208 |U|=2 (a=2, excess 0) m=66 blocks 1x2 projected nullity 2, verified=True, rank 2 [split 0.0s trisolve 0.0s schur 0.0s null 0.0s lift 0.0s rank 0.0s]
  per6 (16, 6, 4, 2, 1, 1) d10 p=2147483629: a=2 n_chi=8210 mult=2 units=0 [0.0s]
  PER6 RESULT (16, 6, 4, 2, 1, 1) d10: a=2 N_S=21408 n_chi=8210 mult=2 units=0 proved: mult = a at both primes (S_mu not in the ideal over Q) (34.1s, HWM 0.46 GB)

=== rank 19 ((17, 5, 3, 2, 2, 1), 10) N_S 22746 a 2 2026-09-09T03:50:13.081539

=== rank 19 ((17, 5, 3, 2, 2, 1), 10) N_S 22746 a 2 2026-09-09T03:50:17.582164
      level 1: 41 prefixes
      level 2: 614 prefixes
      level 3: 4386 prefixes
      level 4: 14400 prefixes
      level 5: 21924 prefixes
      level 6: 22746 prefixes
      level 7: 22746 prefixes
      level 8: 22746 prefixes
      level 9: 22746 prefixes
      level 10: 22746 prefixes
  lam=(17, 5, 3, 2, 2, 1): N_S=22746 |Stab|=2 n_chi=12346 (orbits dropped: 0) [lean, 0s, HWM 0.07 GB]
    E_01: |H|=2 targets 13932 canonical rows 7594 nnz 36995 (obstructed fixed targets cancelled: 0) [0s, HWM 0.07 GB]
    E_12: |H|=2 targets 15234 canonical rows 8325 nnz 27007 (obstructed fixed targets cancelled: 0) [0s, HWM 0.07 GB]
    E_23: |H|=1 targets 14342 canonical rows 14342 nnz 37673 (obstructed fixed targets cancelled: 0) [0s, HWM 0.07 GB]
    E_34: |H|=1 targets 17079 canonical rows 17079 nnz 33058 (obstructed fixed targets cancelled: 0) [0s, HWM 0.07 GB]
    E_45: |H|=1 targets 10497 canonical rows 10497 nnz 22746 (obstructed fixed targets cancelled: 0) [0s, HWM 0.07 GB]
  built (17, 5, 3, 2, 2, 1) d10: N_S=22746 |Stab|=2 n_chi=12346 rows=57837 nnz=157479 (0s: mono 0s orbits 0s rows 0s; HWM 0.07 GB)
    hybrid[per6 17_5_3_2_2_1d10] p=2147483647 attempt 0: |S|=12343 |U|=3 (a=2, excess 1) m=67 blocks 1x3 projected nullity 2, verified=True, rank 2 [split 0.0s trisolve 0.0s schur 0.0s null 0.0s lift 0.0s rank 0.0s]
  per6 (17, 5, 3, 2, 2, 1) d10 p=2147483647: a=2 n_chi=12346 mult=2 units=0 [0.1s]
    hybrid[per6 17_5_3_2_2_1d10] p=2147483629 attempt 0: |S|=12343 |U|=3 (a=2, excess 1) m=67 blocks 1x3 projected nullity 2, verified=True, rank 2 [split 0.0s trisolve 0.0s schur 0.0s null 0.0s lift 0.0s rank 0.0s]
  per6 (17, 5, 3, 2, 2, 1) d10 p=2147483629: a=2 n_chi=12346 mult=2 units=0 [0.1s]
  PER6 RESULT (17, 5, 3, 2, 2, 1) d10: a=2 N_S=22746 n_chi=12346 mult=2 units=0 proved: mult = a at both primes (S_mu not in the ideal over Q) (0.6s, HWM 0.08 GB)

=== rank 20 ((16, 5, 5, 2, 1, 1), 10) N_S 23541 a 2 2026-09-09T03:50:18.532636
      level 1: 36 prefixes
      level 2: 446 prefixes
      level 3: 2975 prefixes
      level 4: 11144 prefixes
      level 5: 20858 prefixes
      level 6: 23476 prefixes
      level 7: 23541 prefixes
      level 8: 23541 prefixes
      level 9: 23541 prefixes
      level 10: 23541 prefixes
  lam=(16, 5, 5, 2, 1, 1): N_S=23541 |Stab|=4 n_chi=4520 (orbits dropped: 2928) [lean, 0s, HWM 0.07 GB]
    E_01: |H|=2 targets 14342 canonical rows 5471 nnz 26260 (obstructed fixed targets cancelled: 1266) [0s, HWM 0.07 GB]
    E_12: |H|=2 targets 21408 canonical rows 8204 nnz 26002 (obstructed fixed targets cancelled: 816) [0s, HWM 0.07 GB]
    E_23: |H|=2 targets 11830 canonical rows 4491 nnz 14555 (obstructed fixed targets cancelled: 468) [0s, HWM 0.07 GB]
    E_34: |H|=2 targets 10873 canonical rows 5148 nnz 8883 (obstructed fixed targets cancelled: 69) [0s, HWM 0.07 GB]
    E_45: |H|=2 targets 14463 canonical rows 0 nnz 0 (obstructed fixed targets cancelled: 88) [0s, HWM 0.07 GB]
  built (16, 5, 5, 2, 1, 1) d10: N_S=23541 |Stab|=4 n_chi=4520 rows=23314 nnz=75700 (0s: mono 0s orbits 0s rows 0s; HWM 0.07 GB)
    hybrid[per6 16_5_5_2_1_1d10] p=2147483647 attempt 0: |S|=4518 |U|=2 (a=2, excess 0) m=66 blocks 1x2 projected nullity 2, verified=True, rank 2 [split 0.0s trisolve 0.0s schur 0.0s null 0.0s lift 0.0s rank 0.0s]
  per6 (16, 5, 5, 2, 1, 1) d10 p=2147483647: a=2 n_chi=4520 mult=2 units=0 [0.0s]
    hybrid[per6 16_5_5_2_1_1d10] p=2147483629 attempt 0: |S|=4518 |U|=2 (a=2, excess 0) m=66 blocks 1x2 projected nullity 2, verified=True, rank 2 [split 0.0s trisolve 0.0s schur 0.0s null 0.0s lift 0.0s rank 0.0s]
  per6 (16, 5, 5, 2, 1, 1) d10 p=2147483629: a=2 n_chi=4520 mult=2 units=0 [0.0s]
  PER6 RESULT (16, 5, 5, 2, 1, 1) d10: a=2 N_S=23541 n_chi=4520 mult=2 units=0 proved: mult = a at both primes (S_mu not in the ideal over Q) (0.5s, HWM 0.07 GB)

=== rank 21 ((13, 9, 5, 1, 1, 1), 10) N_S 24177 a 1 2026-09-09T03:50:19.398353
      level 1: 31 prefixes
      level 2: 290 prefixes
      level 3: 1490 prefixes
      level 4: 4683 prefixes
      level 5: 11261 prefixes
      level 6: 19957 prefixes
      level 7: 23816 prefixes
      level 8: 24177 prefixes
      level 9: 24177 prefixes
      level 10: 24177 prefixes
  lam=(13, 9, 5, 1, 1, 1): N_S=24177 |Stab|=6 n_chi=1475 (orbits dropped: 5577) [lean, 0s, HWM 0.07 GB]
    E_01: |H|=6 targets 20516 canonical rows 1231 nnz 5286 (obstructed fixed targets cancelled: 3162) [0s, HWM 0.07 GB]
    E_12: |H|=6 targets 17186 canonical rows 997 nnz 3932 (obstructed fixed targets cancelled: 2280) [0s, HWM 0.07 GB]
    E_23: |H|=2 targets 7521 canonical rows 2593 nnz 4425 (obstructed fixed targets cancelled: 0) [0s, HWM 0.07 GB]
    E_34: |H|=1 targets 14877 canonical rows 0 nnz 0 (obstructed fixed targets cancelled: 0) [0s, HWM 0.07 GB]
    E_45: |H|=1 targets 14877 canonical rows 0 nnz 0 (obstructed fixed targets cancelled: 0) [0s, HWM 0.07 GB]
  built (13, 9, 5, 1, 1, 1) d10: N_S=24177 |Stab|=6 n_chi=1475 rows=4821 nnz=13643 (0s: mono 0s orbits 0s rows 0s; HWM 0.07 GB)
    hybrid[per6 13_9_5_1_1_1d10] p=2147483647 attempt 0: |S|=1474 |U|=1 (a=1, excess 0) m=65 blocks 1x1 projected nullity 1, verified=True, rank 1 [split 0.0s trisolve 0.0s schur 0.0s null 0.0s lift 0.0s rank 0.0s]
  per6 (13, 9, 5, 1, 1, 1) d10 p=2147483647: a=1 n_chi=1475 mult=1 units=0 [0.0s]
    hybrid[per6 13_9_5_1_1_1d10] p=2147483629 attempt 0: |S|=1474 |U|=1 (a=1, excess 0) m=65 blocks 1x1 projected nullity 1, verified=True, rank 1 [split 0.0s trisolve 0.0s schur 0.0s null 0.0s lift 0.0s rank 0.0s]
  per6 (13, 9, 5, 1, 1, 1) d10 p=2147483629: a=1 n_chi=1475 mult=1 units=0 [0.0s]
  PER6 RESULT (13, 9, 5, 1, 1, 1) d10: a=1 N_S=24177 n_chi=1475 mult=1 units=0 proved: mult = a at both primes (S_mu not in the ideal over Q) (0.5s, HWM 0.07 GB)

=== rank 22 ((14, 9, 3, 2, 1, 1), 10) N_S 24252 a 2 2026-09-09T03:50:20.196944
      level 1: 36 prefixes
      level 2: 417 prefixes
      level 3: 2162 prefixes
      level 4: 6312 prefixes
      level 5: 14720 prefixes
      level 6: 22394 prefixes
      level 7: 24207 prefixes
      level 8: 24252 prefixes
      level 9: 24252 prefixes
      level 10: 24252 prefixes
  lam=(14, 9, 3, 2, 1, 1): N_S=24252 |Stab|=2 n_chi=9313 (orbits dropped: 5626) [lean, 0s, HWM 0.07 GB]
    E_01: |H|=2 targets 20236 canonical rows 7747 nnz 37056 (obstructed fixed targets cancelled: 1662) [0s, HWM 0.07 GB]
    E_12: |H|=2 targets 12745 canonical rows 4788 nnz 19914 (obstructed fixed targets cancelled: 841) [0s, HWM 0.07 GB]
    E_23: |H|=2 targets 15299 canonical rows 5817 nnz 15207 (obstructed fixed targets cancelled: 373) [0s, HWM 0.07 GB]
    E_34: |H|=1 targets 11237 canonical rows 10916 nnz 18626 (obstructed fixed targets cancelled: 0) [0s, HWM 0.07 GB]
    E_45: |H|=1 targets 14939 canonical rows 0 nnz 0 (obstructed fixed targets cancelled: 0) [0s, HWM 0.07 GB]
  built (14, 9, 3, 2, 1, 1) d10: N_S=24252 |Stab|=2 n_chi=9313 rows=29268 nnz=90803 (0s: mono 0s orbits 0s rows 0s; HWM 0.07 GB)
    hybrid[per6 14_9_3_2_1_1d10] p=2147483647 attempt 0: |S|=9311 |U|=2 (a=2, excess 0) m=66 blocks 1x2 projected nullity 2, verified=True, rank 2 [split 0.0s trisolve 0.0s schur 0.0s null 0.0s lift 0.0s rank 0.0s]
  per6 (14, 9, 3, 2, 1, 1) d10 p=2147483647: a=2 n_chi=9313 mult=2 units=0 [0.0s]
    hybrid[per6 14_9_3_2_1_1d10] p=2147483629 attempt 0: |S|=9311 |U|=2 (a=2, excess 0) m=66 blocks 1x2 projected nullity 2, verified=True, rank 2 [split 0.0s trisolve 0.0s schur 0.0s null 0.0s lift 0.0s rank 0.0s]
  per6 (14, 9, 3, 2, 1, 1) d10 p=2147483629: a=2 n_chi=9313 mult=2 units=0 [0.0s]
  PER6 RESULT (14, 9, 3, 2, 1, 1) d10: a=2 N_S=24252 n_chi=9313 mult=2 units=0 proved: mult = a at both primes (S_mu not in the ideal over Q) (0.5s, HWM 0.07 GB)

=== rank 23 ((16, 6, 3, 3, 1, 1), 10) N_S 25544 a 1 2026-09-09T03:50:21.019052
      level 1: 37 prefixes
      level 2: 501 prefixes
      level 3: 3275 prefixes
      level 4: 12104 prefixes
      level 5: 22658 prefixes
      level 6: 25477 prefixes
      level 7: 25544 prefixes
      level 8: 25544 prefixes
      level 9: 25544 prefixes
      level 10: 25544 prefixes
  lam=(16, 6, 3, 3, 1, 1): N_S=25544 |Stab|=4 n_chi=4835 (orbits dropped: 3460) [lean, 0s, HWM 0.07 GB]
    E_01: |H|=4 targets 17079 canonical rows 3213 nnz 15519 (obstructed fixed targets cancelled: 1638) [0s, HWM 0.07 GB]
    E_12: |H|=2 targets 15765 canonical rows 6013 nnz 20664 (obstructed fixed targets cancelled: 711) [0s, HWM 0.07 GB]
    E_23: |H|=2 targets 21408 canonical rows 8130 nnz 19004 (obstructed fixed targets cancelled: 514) [0s, HWM 0.07 GB]
    E_34: |H|=1 targets 9922 canonical rows 9851 nnz 19098 (obstructed fixed targets cancelled: 0) [0s, HWM 0.07 GB]
    E_45: |H|=2 targets 15653 canonical rows 0 nnz 0 (obstructed fixed targets cancelled: 121) [0s, HWM 0.07 GB]
  built (16, 6, 3, 3, 1, 1) d10: N_S=25544 |Stab|=4 n_chi=4835 rows=27207 nnz=74285 (0s: mono 0s orbits 0s rows 0s; HWM 0.07 GB)
    hybrid[per6 16_6_3_3_1_1d10] p=2147483647 attempt 0: |S|=4834 |U|=1 (a=1, excess 0) m=65 blocks 1x1 projected nullity 1, verified=True, rank 1 [split 0.0s trisolve 0.0s schur 0.0s null 0.0s lift 0.0s rank 0.0s]
  per6 (16, 6, 3, 3, 1, 1) d10 p=2147483647: a=1 n_chi=4835 mult=1 units=0 [0.0s]
    hybrid[per6 16_6_3_3_1_1d10] p=2147483629 attempt 0: |S|=4834 |U|=1 (a=1, excess 0) m=65 blocks 1x1 projected nullity 1, verified=True, rank 1 [split 0.0s trisolve 0.0s schur 0.0s null 0.0s lift 0.0s rank 0.0s]
  per6 (16, 6, 3, 3, 1, 1) d10 p=2147483629: a=1 n_chi=4835 mult=1 units=0 [0.0s]
  PER6 RESULT (16, 6, 3, 3, 1, 1) d10: a=1 N_S=25544 n_chi=4835 mult=1 units=0 proved: mult = a at both primes (S_mu not in the ideal over Q) (0.6s, HWM 0.07 GB)

=== rank 24 ((17, 4, 4, 2, 2, 1), 10) N_S 26020 a 2 2026-09-09T03:50:21.915484
      level 1: 41 prefixes
      level 2: 632 prefixes
      level 3: 4818 prefixes
      level 4: 16345 prefixes
      level 5: 25064 prefixes
      level 6: 26020 prefixes
      level 7: 26020 prefixes
      level 8: 26020 prefixes
      level 9: 26020 prefixes
      level 10: 26020 prefixes
  lam=(17, 4, 4, 2, 2, 1): N_S=26020 |Stab|=4 n_chi=7326 (orbits dropped: 0) [lean, 0s, HWM 0.07 GB]
    E_01: |H|=2 targets 13932 canonical rows 7594 nnz 36995 (obstructed fixed targets cancelled: 0) [0s, HWM 0.07 GB]
    E_12: |H|=2 targets 22746 canonical rows 12346 nnz 35909 (obstructed fixed targets cancelled: 0) [0s, HWM 0.07 GB]
    E_23: |H|=1 targets 14342 canonical rows 14342 nnz 43128 (obstructed fixed targets cancelled: 0) [0s, HWM 0.07 GB]
    E_34: |H|=2 targets 19520 canonical rows 10041 nnz 19368 (obstructed fixed targets cancelled: 0) [0s, HWM 0.07 GB]
    E_45: |H|=2 targets 11993 canonical rows 6234 nnz 13395 (obstructed fixed targets cancelled: 0) [0s, HWM 0.07 GB]
  built (17, 4, 4, 2, 2, 1) d10: N_S=26020 |Stab|=4 n_chi=7326 rows=50557 nnz=148795 (0s: mono 0s orbits 0s rows 0s; HWM 0.07 GB)
    hybrid[per6 17_4_4_2_2_1d10] p=2147483647 attempt 0: |S|=7324 |U|=2 (a=2, excess 0) m=66 blocks 1x2 projected nullity 2, verified=True, rank 2 [split 0.0s trisolve 0.0s schur 0.0s null 0.0s lift 0.0s rank 0.0s]
  per6 (17, 4, 4, 2, 2, 1) d10 p=2147483647: a=2 n_chi=7326 mult=2 units=0 [0.1s]
    hybrid[per6 17_4_4_2_2_1d10] p=2147483629 attempt 0: |S|=7324 |U|=2 (a=2, excess 0) m=66 blocks 1x2 projected nullity 2, verified=True, rank 2 [split 0.0s trisolve 0.0s schur 0.0s null 0.0s lift 0.0s rank 0.0s]
  per6 (17, 4, 4, 2, 2, 1) d10 p=2147483629: a=2 n_chi=7326 mult=2 units=0 [0.1s]
  PER6 RESULT (17, 4, 4, 2, 2, 1) d10: a=2 N_S=26020 n_chi=7326 mult=2 units=0 proved: mult = a at both primes (S_mu not in the ideal over Q) (0.7s, HWM 0.07 GB)

=== rank 25 ((15, 8, 2, 2, 2, 1), 10) N_S 26963 a 3 2026-09-09T03:50:22.928871
      level 1: 40 prefixes
      level 2: 528 prefixes
      level 3: 2828 prefixes
      level 4: 9416 prefixes
      level 5: 20460 prefixes
      level 6: 26390 prefixes
      level 7: 26963 prefixes
      level 8: 26963 prefixes
      level 9: 26963 prefixes
      level 10: 26963 prefixes
  lam=(15, 8, 2, 2, 2, 1): N_S=26963 |Stab|=6 n_chi=5731 (orbits dropped: 0) [lean, 0s, HWM 0.07 GB]
    E_01: |H|=6 targets 20983 canonical rows 4481 nnz 21191 (obstructed fixed targets cancelled: 0) [0s, HWM 0.07 GB]
    E_12: |H|=2 targets 11177 canonical rows 6127 nnz 23933 (obstructed fixed targets cancelled: 0) [0s, HWM 0.07 GB]
    E_23: |H|=1 targets 20236 canonical rows 20236 nnz 39042 (obstructed fixed targets cancelled: 0) [0s, HWM 0.07 GB]
    E_34: |H|=1 targets 20236 canonical rows 20236 nnz 39042 (obstructed fixed targets cancelled: 0) [0s, HWM 0.07 GB]
    E_45: |H|=2 targets 12489 canonical rows 6910 nnz 14669 (obstructed fixed targets cancelled: 0) [0s, HWM 0.07 GB]
  built (15, 8, 2, 2, 2, 1) d10: N_S=26963 |Stab|=6 n_chi=5731 rows=57990 nnz=137877 (0s: mono 0s orbits 0s rows 0s; HWM 0.07 GB)
    hybrid[per6 15_8_2_2_2_1d10] p=2147483647 attempt 0: |S|=5728 |U|=3 (a=3, excess 0) m=67 blocks 1x3 projected nullity 3, verified=True, rank 3 [split 0.0s trisolve 0.0s schur 0.0s null 0.0s lift 0.0s rank 0.0s]
  per6 (15, 8, 2, 2, 2, 1) d10 p=2147483647: a=3 n_chi=5731 mult=3 units=0 [0.1s]
    hybrid[per6 15_8_2_2_2_1d10] p=2147483629 attempt 0: |S|=5728 |U|=3 (a=3, excess 0) m=67 blocks 1x3 projected nullity 3, verified=True, rank 3 [split 0.0s trisolve 0.0s schur 0.0s null 0.0s lift 0.0s rank 0.0s]
  per6 (15, 8, 2, 2, 2, 1) d10 p=2147483629: a=3 n_chi=5731 mult=3 units=0 [0.1s]
  PER6 RESULT (15, 8, 2, 2, 2, 1) d10: a=3 N_S=26963 n_chi=5731 mult=3 units=0 proved: mult = a at both primes (S_mu not in the ideal over Q) (0.7s, HWM 0.08 GB)

=== rank 26 ((13, 10, 3, 2, 1, 1), 10) N_S 27274 a 1 2026-09-09T03:50:23.967426
      level 1: 35 prefixes
      level 2: 407 prefixes
      level 3: 2102 prefixes
      level 4: 5841 prefixes
      level 5: 12842 prefixes
      level 6: 22417 prefixes
      level 7: 26842 prefixes
      level 8: 27274 prefixes
      level 9: 27274 prefixes
      level 10: 27274 prefixes
  lam=(13, 10, 3, 2, 1, 1): N_S=27274 |Stab|=2 n_chi=10488 (orbits dropped: 6298) [lean, 0s, HWM 0.07 GB]
    E_01: |H|=2 targets 24252 canonical rows 9313 nnz 44053 (obstructed fixed targets cancelled: 1897) [0s, HWM 0.07 GB]
    E_12: |H|=2 targets 13733 canonical rows 5170 nnz 22432 (obstructed fixed targets cancelled: 968) [0s, HWM 0.07 GB]
    E_23: |H|=2 targets 17186 canonical rows 6544 nnz 17144 (obstructed fixed targets cancelled: 413) [0s, HWM 0.07 GB]
    E_34: |H|=1 targets 12621 canonical rows 12271 nnz 20976 (obstructed fixed targets cancelled: 0) [0s, HWM 0.07 GB]
    E_45: |H|=1 targets 16786 canonical rows 0 nnz 0 (obstructed fixed targets cancelled: 0) [0s, HWM 0.07 GB]
  built (13, 10, 3, 2, 1, 1) d10: N_S=27274 |Stab|=2 n_chi=10488 rows=33298 nnz=104605 (1s: mono 0s orbits 0s rows 0s; HWM 0.07 GB)
    hybrid[per6 13_10_3_2_1_1d10] p=2147483647 attempt 0: |S|=10486 |U|=2 (a=1, excess 1) m=66 blocks 1x2 projected nullity 1, verified=True, rank 1 [split 0.0s trisolve 0.0s schur 0.0s null 0.0s lift 0.0s rank 0.0s]
  per6 (13, 10, 3, 2, 1, 1) d10 p=2147483647: a=1 n_chi=10488 mult=1 units=0 [0.0s]
    hybrid[per6 13_10_3_2_1_1d10] p=2147483629 attempt 0: |S|=10486 |U|=2 (a=1, excess 1) m=66 blocks 1x2 projected nullity 1, verified=True, rank 1 [split 0.0s trisolve 0.0s schur 0.0s null 0.0s lift 0.0s rank 0.0s]
  per6 (13, 10, 3, 2, 1, 1) d10 p=2147483629: a=1 n_chi=10488 mult=1 units=0 [0.0s]
  PER6 RESULT (13, 10, 3, 2, 1, 1) d10: a=1 N_S=27274 n_chi=10488 mult=1 units=0 proved: mult = a at both primes (S_mu not in the ideal over Q) (0.7s, HWM 0.07 GB)

=== rank 27 ((11, 11, 5, 1, 1, 1), 10) N_S 27467 a 1 2026-09-09T03:50:24.963545
      level 1: 29 prefixes
      level 2: 277 prefixes
      level 3: 1336 prefixes
      level 4: 4100 prefixes
      level 5: 8864 prefixes
      level 6: 16300 prefixes
      level 7: 24212 prefixes
      level 8: 27216 prefixes
      level 9: 27467 prefixes
      level 10: 27467 prefixes
  lam=(11, 11, 5, 1, 1, 1): N_S=27467 |Stab|=12 n_chi=864 (orbits dropped: 3185) [lean, 0s, HWM 0.07 GB]
    E_01: |H|=6 targets 26635 canonical rows 1629 nnz 6669 (obstructed fixed targets cancelled: 3648) [0s, HWM 0.07 GB]
    E_12: |H|=6 targets 18178 canonical rows 1058 nnz 4481 (obstructed fixed targets cancelled: 2727) [0s, HWM 0.07 GB]
    E_23: |H|=4 targets 8507 canonical rows 1489 nnz 2543 (obstructed fixed targets cancelled: 20) [0s, HWM 0.07 GB]
    E_34: |H|=2 targets 16881 canonical rows 0 nnz 0 (obstructed fixed targets cancelled: 39) [0s, HWM 0.07 GB]
    E_45: |H|=2 targets 16881 canonical rows 0 nnz 0 (obstructed fixed targets cancelled: 39) [0s, HWM 0.07 GB]
  built (11, 11, 5, 1, 1, 1) d10: N_S=27467 |Stab|=12 n_chi=864 rows=4176 nnz=13693 (1s: mono 0s orbits 0s rows 0s; HWM 0.07 GB)
    hybrid[per6 11_11_5_1_1_1d10] p=2147483647 attempt 0: |S|=862 |U|=2 (a=1, excess 1) m=66 blocks 1x2 projected nullity 1, verified=True, rank 1 [split 0.0s trisolve 0.0s schur 0.0s null 0.0s lift 0.0s rank 0.0s]
  per6 (11, 11, 5, 1, 1, 1) d10 p=2147483647: a=1 n_chi=864 mult=1 units=0 [0.0s]
    hybrid[per6 11_11_5_1_1_1d10] p=2147483629 attempt 0: |S|=862 |U|=2 (a=1, excess 1) m=66 blocks 1x2 projected nullity 1, verified=True, rank 1 [split 0.0s trisolve 0.0s schur 0.0s null 0.0s lift 0.0s rank 0.0s]
  per6 (11, 11, 5, 1, 1, 1) d10 p=2147483629: a=1 n_chi=864 mult=1 units=0 [0.0s]
  PER6 RESULT (11, 11, 5, 1, 1, 1) d10: a=1 N_S=27467 n_chi=864 mult=1 units=0 proved: mult = a at both primes (S_mu not in the ideal over Q) (0.6s, HWM 0.07 GB)

=== rank 28 ((12, 11, 3, 2, 1, 1), 10) N_S 28866 a 1 2026-09-09T03:50:25.941512
      level 1: 35 prefixes
      level 2: 387 prefixes
      level 3: 1993 prefixes
      level 4: 5629 prefixes
      level 5: 11163 prefixes
      level 6: 20226 prefixes
      level 7: 27222 prefixes
      level 8: 28821 prefixes
      level 9: 28866 prefixes
      level 10: 28866 prefixes
  lam=(12, 11, 3, 2, 1, 1): N_S=28866 |Stab|=2 n_chi=11108 (orbits dropped: 6650) [lean, 0s, HWM 0.07 GB]
    E_01: |H|=2 targets 27274 canonical rows 10488 nnz 48734 (obstructed fixed targets cancelled: 2023) [0s, HWM 0.07 GB]
    E_12: |H|=2 targets 14087 canonical rows 5297 nnz 23733 (obstructed fixed targets cancelled: 1063) [0s, HWM 0.07 GB]
    E_23: |H|=2 targets 18178 canonical rows 6927 nnz 18165 (obstructed fixed targets cancelled: 434) [0s, HWM 0.07 GB]
    E_34: |H|=1 targets 13349 canonical rows 12985 nnz 22216 (obstructed fixed targets cancelled: 0) [0s, HWM 0.07 GB]
    E_45: |H|=1 targets 17758 canonical rows 0 nnz 0 (obstructed fixed targets cancelled: 0) [0s, HWM 0.07 GB]
  built (12, 11, 3, 2, 1, 1) d10: N_S=28866 |Stab|=2 n_chi=11108 rows=35697 nnz=112848 (0s: mono 0s orbits 0s rows 0s; HWM 0.07 GB)
    hybrid[per6 12_11_3_2_1_1d10] p=2147483647 attempt 0: |S|=11105 |U|=3 (a=1, excess 2) m=67 blocks 1x3 projected nullity 1, verified=True, rank 1 [split 0.0s trisolve 0.0s schur 0.0s null 0.0s lift 0.0s rank 0.0s]
  per6 (12, 11, 3, 2, 1, 1) d10 p=2147483647: a=1 n_chi=11108 mult=1 units=0 [0.0s]
    hybrid[per6 12_11_3_2_1_1d10] p=2147483629 attempt 0: |S|=11105 |U|=3 (a=1, excess 2) m=67 blocks 1x3 projected nullity 1, verified=True, rank 1 [split 0.0s trisolve 0.0s schur 0.0s null 0.0s lift 0.0s rank 0.0s]
  per6 (12, 11, 3, 2, 1, 1) d10 p=2147483629: a=1 n_chi=11108 mult=1 units=0 [0.0s]
  PER6 RESULT (12, 11, 3, 2, 1, 1) d10: a=1 N_S=28866 n_chi=11108 mult=1 units=0 proved: mult = a at both primes (S_mu not in the ideal over Q) (0.6s, HWM 0.08 GB)

=== rank 29 ((15, 7, 4, 2, 1, 1), 10) N_S 29412 a 3 2026-09-09T03:50:26.835014
      level 1: 36 prefixes
      level 2: 442 prefixes
      level 3: 2659 prefixes
      level 4: 9937 prefixes
      level 5: 22331 prefixes
      level 6: 28821 prefixes
      level 7: 29412 prefixes
      level 8: 29412 prefixes
      level 9: 29412 prefixes
      level 10: 29412 prefixes
  lam=(15, 7, 4, 2, 1, 1): N_S=29412 |Stab|=2 n_chi=11354 (orbits dropped: 6704) [lean, 0s, HWM 0.07 GB]
    E_01: |H|=2 targets 21408 canonical rows 8210 nnz 40219 (obstructed fixed targets cancelled: 1825) [0s, HWM 0.07 GB]
    E_12: |H|=2 targets 20236 canonical rows 7747 nnz 29548 (obstructed fixed targets cancelled: 1028) [0s, HWM 0.07 GB]
    E_23: |H|=2 targets 16174 canonical rows 6180 nnz 18548 (obstructed fixed targets cancelled: 505) [0s, HWM 0.07 GB]
    E_34: |H|=1 targets 13562 canonical rows 13183 nnz 22708 (obstructed fixed targets cancelled: 0) [0s, HWM 0.07 GB]
    E_45: |H|=1 targets 18058 canonical rows 0 nnz 0 (obstructed fixed targets cancelled: 0) [0s, HWM 0.07 GB]
  built (15, 7, 4, 2, 1, 1) d10: N_S=29412 |Stab|=2 n_chi=11354 rows=35320 nnz=111023 (0s: mono 0s orbits 0s rows 0s; HWM 0.07 GB)
    hybrid[per6 15_7_4_2_1_1d10] p=2147483647 attempt 0: |S|=11350 |U|=4 (a=3, excess 1) m=68 blocks 1x4 projected nullity 3, verified=True, rank 3 [split 0.0s trisolve 0.0s schur 0.0s null 0.0s lift 0.0s rank 0.0s]
  per6 (15, 7, 4, 2, 1, 1) d10 p=2147483647: a=3 n_chi=11354 mult=3 units=0 [0.1s]
    hybrid[per6 15_7_4_2_1_1d10] p=2147483629 attempt 0: |S|=11350 |U|=4 (a=3, excess 1) m=68 blocks 1x4 projected nullity 3, verified=True, rank 3 [split 0.0s trisolve 0.0s schur 0.0s null 0.0s lift 0.0s rank 0.0s]
  per6 (15, 7, 4, 2, 1, 1) d10 p=2147483629: a=3 n_chi=11354 mult=3 units=0 [0.1s]
  PER6 RESULT (15, 7, 4, 2, 1, 1) d10: a=3 N_S=29412 n_chi=11354 mult=3 units=0 proved: mult = a at both primes (S_mu not in the ideal over Q) (0.6s, HWM 0.08 GB)

=== rank 30 ((17, 5, 2, 2, 2, 2), 10) N_S 30365 a 3 2026-09-09T03:50:27.761438
      level 1: 45 prefixes
      level 2: 745 prefixes
      level 3: 5624 prefixes
      level 4: 19046 prefixes
      level 5: 29254 prefixes
      level 6: 30365 prefixes
      level 7: 30365 prefixes
      level 8: 30365 prefixes
      level 9: 30365 prefixes
      level 10: 30365 prefixes
  lam=(17, 5, 2, 2, 2, 2): N_S=30365 |Stab|=24 n_chi=2061 (orbits dropped: 0) [lean, 0s, HWM 0.07 GB]
    E_01: |H|=24 targets 18571 canonical rows 1301 nnz 5736 (obstructed fixed targets cancelled: 0) [0s, HWM 0.07 GB]
    E_12: |H|=6 targets 15234 canonical rows 3280 nnz 10296 (obstructed fixed targets cancelled: 0) [0s, HWM 0.07 GB]
    E_23: |H|=2 targets 22746 canonical rows 12346 nnz 23718 (obstructed fixed targets cancelled: 0) [0s, HWM 0.07 GB]
    E_34: |H|=2 targets 22746 canonical rows 12346 nnz 23718 (obstructed fixed targets cancelled: 0) [1s, HWM 0.07 GB]
    E_45: |H|=2 targets 22746 canonical rows 12346 nnz 23718 (obstructed fixed targets cancelled: 0) [1s, HWM 0.07 GB]
  built (17, 5, 2, 2, 2, 2) d10: N_S=30365 |Stab|=24 n_chi=2061 rows=41619 nnz=87186 (1s: mono 0s orbits 0s rows 1s; HWM 0.07 GB)
    hybrid[per6 17_5_2_2_2_2d10] p=2147483647 attempt 0: |S|=2058 |U|=3 (a=3, excess 0) m=67 blocks 1x3 projected nullity 3, verified=True, rank 3 [split 0.0s trisolve 0.0s schur 0.0s null 0.0s lift 0.0s rank 0.0s]
  per6 (17, 5, 2, 2, 2, 2) d10 p=2147483647: a=3 n_chi=2061 mult=3 units=0 [0.1s]
    hybrid[per6 17_5_2_2_2_2d10] p=2147483629 attempt 0: |S|=2058 |U|=3 (a=3, excess 0) m=67 blocks 1x3 projected nullity 3, verified=True, rank 3 [split 0.0s trisolve 0.0s schur 0.0s null 0.0s lift 0.0s rank 0.0s]
  per6 (17, 5, 2, 2, 2, 2) d10 p=2147483629: a=3 n_chi=2061 mult=3 units=0 [0.1s]
  PER6 RESULT (17, 5, 2, 2, 2, 2) d10: a=3 N_S=30365 n_chi=2061 mult=3 units=0 proved: mult = a at both primes (S_mu not in the ideal over Q) (1.2s, HWM 0.07 GB)

=== rank 31 ((13, 7, 7, 1, 1, 1), 10) N_S 31606 a 1 2026-09-09T03:50:29.309877
      level 1: 31 prefixes
      level 2: 287 prefixes
      level 3: 1431 prefixes
      level 4: 5138 prefixes
      level 5: 14252 prefixes
      level 6: 26106 prefixes
      level 7: 31150 prefixes
      level 8: 31606 prefixes
      level 9: 31606 prefixes
      level 10: 31606 prefixes
  lam=(13, 7, 7, 1, 1, 1): N_S=31606 |Stab|=12 n_chi=1024 (orbits dropped: 3649) [lean, 0s, HWM 0.07 GB]
    E_01: |H|=6 targets 23713 canonical rows 1444 nnz 6386 (obstructed fixed targets cancelled: 3768) [0s, HWM 0.07 GB]
    E_12: |H|=6 targets 29606 canonical rows 1833 nnz 6528 (obstructed fixed targets cancelled: 3108) [0s, HWM 0.07 GB]
    E_23: |H|=2 targets 8441 canonical rows 2989 nnz 5952 (obstructed fixed targets cancelled: 0) [0s, HWM 0.07 GB]
    E_34: |H|=2 targets 19375 canonical rows 0 nnz 0 (obstructed fixed targets cancelled: 64) [0s, HWM 0.07 GB]
    E_45: |H|=2 targets 19375 canonical rows 0 nnz 0 (obstructed fixed targets cancelled: 64) [0s, HWM 0.07 GB]
  built (13, 7, 7, 1, 1, 1) d10: N_S=31606 |Stab|=12 n_chi=1024 rows=6266 nnz=18866 (1s: mono 0s orbits 0s rows 0s; HWM 0.07 GB)
    hybrid[per6 13_7_7_1_1_1d10] p=2147483647 attempt 0: |S|=1023 |U|=1 (a=1, excess 0) m=65 blocks 1x1 projected nullity 1, verified=True, rank 1 [split 0.0s trisolve 0.0s schur 0.0s null 0.0s lift 0.0s rank 0.0s]
  per6 (13, 7, 7, 1, 1, 1) d10 p=2147483647: a=1 n_chi=1024 mult=1 units=0 [0.0s]
    hybrid[per6 13_7_7_1_1_1d10] p=2147483629 attempt 0: |S|=1023 |U|=1 (a=1, excess 0) m=65 blocks 1x1 projected nullity 1, verified=True, rank 1 [split 0.0s trisolve 0.0s schur 0.0s null 0.0s lift 0.0s rank 0.0s]
  per6 (13, 7, 7, 1, 1, 1) d10 p=2147483629: a=1 n_chi=1024 mult=1 units=0 [0.0s]
  PER6 RESULT (13, 7, 7, 1, 1, 1) d10: a=1 N_S=31606 n_chi=1024 mult=1 units=0 proved: mult = a at both primes (S_mu not in the ideal over Q) (0.7s, HWM 0.07 GB)

=== rank 32 ((16, 5, 4, 3, 1, 1), 10) N_S 32193 a 2 2026-09-09T03:50:30.368590
      level 1: 37 prefixes
      level 2: 513 prefixes
      level 3: 3766 prefixes
      level 4: 14944 prefixes
      level 5: 28523 prefixes
      level 6: 32110 prefixes
      level 7: 32193 prefixes
      level 8: 32193 prefixes
      level 9: 32193 prefixes
      level 10: 32193 prefixes
  lam=(16, 5, 4, 3, 1, 1): N_S=32193 |Stab|=2 n_chi=12533 (orbits dropped: 7127) [lean, 0s, HWM 0.07 GB]
    E_01: |H|=2 targets 19520 canonical rows 7527 nnz 37155 (obstructed fixed targets cancelled: 1664) [0s, HWM 0.07 GB]
    E_12: |H|=2 targets 25544 canonical rows 9891 nnz 32943 (obstructed fixed targets cancelled: 929) [0s, HWM 0.07 GB]
    E_23: |H|=2 targets 23541 canonical rows 9078 nnz 27437 (obstructed fixed targets cancelled: 711) [0s, HWM 0.07 GB]
    E_34: |H|=1 targets 12430 canonical rows 12379 nnz 25066 (obstructed fixed targets cancelled: 0) [0s, HWM 0.07 GB]
    E_45: |H|=1 targets 19660 canonical rows 0 nnz 0 (obstructed fixed targets cancelled: 0) [0s, HWM 0.07 GB]
  built (16, 5, 4, 3, 1, 1) d10: N_S=32193 |Stab|=2 n_chi=12533 rows=38875 nnz=122601 (0s: mono 0s orbits 0s rows 0s; HWM 0.07 GB)
    hybrid[per6 16_5_4_3_1_1d10] p=2147483647 attempt 0: |S|=12528 |U|=5 (a=2, excess 3) m=69 blocks 1x5 projected nullity 2, verified=True, rank 2 [split 0.0s trisolve 0.0s schur 0.0s null 0.0s lift 0.0s rank 0.0s]
  per6 (16, 5, 4, 3, 1, 1) d10 p=2147483647: a=2 n_chi=12533 mult=2 units=0 [0.1s]
    hybrid[per6 16_5_4_3_1_1d10] p=2147483629 attempt 0: |S|=12528 |U|=5 (a=2, excess 3) m=69 blocks 1x5 projected nullity 2, verified=True, rank 2 [split 0.0s trisolve 0.0s schur 0.0s null 0.0s lift 0.0s rank 0.0s]
  per6 (16, 5, 4, 3, 1, 1) d10 p=2147483629: a=2 n_chi=12533 mult=2 units=0 [0.1s]
  PER6 RESULT (16, 5, 4, 3, 1, 1) d10: a=2 N_S=32193 n_chi=12533 mult=2 units=0 proved: mult = a at both primes (S_mu not in the ideal over Q) (0.7s, HWM 0.08 GB)

=== rank 33 ((14, 9, 2, 2, 2, 1), 10) N_S 32336 a 3 2026-09-09T03:50:31.435322
      level 1: 39 prefixes
      level 2: 514 prefixes
      level 3: 2802 prefixes
      level 4: 8325 prefixes
      level 5: 19558 prefixes
      level 6: 29862 prefixes
      level 7: 32276 prefixes
      level 8: 32336 prefixes
      level 9: 32336 prefixes
      level 10: 32336 prefixes
  lam=(14, 9, 2, 2, 2, 1): N_S=32336 |Stab|=6 n_chi=6844 (orbits dropped: 0) [lean, 0s, HWM 0.07 GB]
    E_01: |H|=6 targets 26963 canonical rows 5731 nnz 27029 (obstructed fixed targets cancelled: 0) [0s, HWM 0.07 GB]
    E_12: |H|=2 targets 12745 canonical rows 6983 nnz 28714 (obstructed fixed targets cancelled: 0) [0s, HWM 0.07 GB]
    E_23: |H|=1 targets 24252 canonical rows 24252 nnz 46914 (obstructed fixed targets cancelled: 0) [0s, HWM 0.07 GB]
    E_34: |H|=1 targets 24252 canonical rows 24252 nnz 46914 (obstructed fixed targets cancelled: 0) [0s, HWM 0.07 GB]
    E_45: |H|=2 targets 14939 canonical rows 8249 nnz 17566 (obstructed fixed targets cancelled: 0) [0s, HWM 0.07 GB]
  built (14, 9, 2, 2, 2, 1) d10: N_S=32336 |Stab|=6 n_chi=6844 rows=69467 nnz=167137 (1s: mono 0s orbits 0s rows 0s; HWM 0.07 GB)
    hybrid[per6 14_9_2_2_2_1d10] p=2147483647 attempt 0: |S|=6840 |U|=4 (a=3, excess 1) m=68 blocks 1x4 projected nullity 3, verified=True, rank 3 [split 0.0s trisolve 0.0s schur 0.0s null 0.0s lift 0.0s rank 0.0s]
  per6 (14, 9, 2, 2, 2, 1) d10 p=2147483647: a=3 n_chi=6844 mult=3 units=0 [0.1s]
    hybrid[per6 14_9_2_2_2_1d10] p=2147483629 attempt 0: |S|=6840 |U|=4 (a=3, excess 1) m=68 blocks 1x4 projected nullity 3, verified=True, rank 3 [split 0.0s trisolve 0.0s schur 0.0s null 0.0s lift 0.0s rank 0.0s]
  per6 (14, 9, 2, 2, 2, 1) d10 p=2147483629: a=3 n_chi=6844 mult=3 units=0 [0.1s]
  PER6 RESULT (14, 9, 2, 2, 2, 1) d10: a=3 N_S=32336 n_chi=6844 mult=3 units=0 proved: mult = a at both primes (S_mu not in the ideal over Q) (0.8s, HWM 0.08 GB)

=== rank 34 ((16, 6, 3, 2, 2, 1), 10) N_S 34075 a 4 2026-09-09T03:50:32.622295
      level 1: 41 prefixes
      level 2: 610 prefixes
      level 3: 4205 prefixes
      level 4: 15951 prefixes
      level 5: 30200 prefixes
      level 6: 33986 prefixes
      level 7: 34075 prefixes
      level 8: 34075 prefixes
      level 9: 34075 prefixes
      level 10: 34075 prefixes
  lam=(16, 6, 3, 2, 2, 1): N_S=34075 |Stab|=2 n_chi=18453 (orbits dropped: 0) [lean, 0s, HWM 0.07 GB]
    E_01: |H|=2 targets 22746 canonical rows 12346 nnz 61524 (obstructed fixed targets cancelled: 0) [0s, HWM 0.07 GB]
    E_12: |H|=2 targets 20983 canonical rows 11434 nnz 40550 (obstructed fixed targets cancelled: 0) [0s, HWM 0.07 GB]
    E_23: |H|=1 targets 21408 canonical rows 21408 nnz 56585 (obstructed fixed targets cancelled: 0) [0s, HWM 0.07 GB]
    E_34: |H|=1 targets 25544 canonical rows 25544 nnz 49712 (obstructed fixed targets cancelled: 0) [0s, HWM 0.07 GB]
    E_45: |H|=1 targets 15653 canonical rows 15653 nnz 34075 (obstructed fixed targets cancelled: 0) [0s, HWM 0.07 GB]
  built (16, 6, 3, 2, 2, 1) d10: N_S=34075 |Stab|=2 n_chi=18453 rows=86385 nnz=242446 (1s: mono 0s orbits 0s rows 0s; HWM 0.07 GB)
    hybrid[per6 16_6_3_2_2_1d10] p=2147483647 attempt 0: |S|=18447 |U|=6 (a=4, excess 2) m=70 blocks 1x6 projected nullity 4, verified=True, rank 4 [split 0.0s trisolve 0.0s schur 0.0s null 0.0s lift 0.0s rank 0.0s]
  per6 (16, 6, 3, 2, 2, 1) d10 p=2147483647: a=4 n_chi=18453 mult=4 units=0 [0.1s]
    hybrid[per6 16_6_3_2_2_1d10] p=2147483629 attempt 0: |S|=18447 |U|=6 (a=4, excess 2) m=70 blocks 1x6 projected nullity 4, verified=True, rank 4 [split 0.0s trisolve 0.0s schur 0.0s null 0.0s lift 0.0s rank 0.0s]
  per6 (16, 6, 3, 2, 2, 1) d10 p=2147483629: a=4 n_chi=18453 mult=4 units=0 [0.1s]
  PER6 RESULT (16, 6, 3, 2, 2, 1) d10: a=4 N_S=34075 n_chi=18453 mult=4 units=0 proved: mult = a at both primes (S_mu not in the ideal over Q) (0.9s, HWM 0.09 GB)

=== rank 35 ((12, 9, 6, 1, 1, 1), 10) N_S 34182 a 1 2026-09-09T03:50:33.868101
      level 1: 30 prefixes
      level 2: 289 prefixes
      level 3: 1430 prefixes
      level 4: 4889 prefixes
      level 5: 12092 prefixes
      level 6: 23942 prefixes
      level 7: 32414 prefixes
      level 8: 34137 prefixes
      level 9: 34182 prefixes
      level 10: 34182 prefixes
  lam=(12, 9, 6, 1, 1, 1): N_S=34182 |Stab|=6 n_chi=2144 (orbits dropped: 7730) [lean, 0s, HWM 0.07 GB]
    E_01: |H|=6 targets 29606 canonical rows 1833 nnz 7912 (obstructed fixed targets cancelled: 4374) [0s, HWM 0.07 GB]
    E_12: |H|=6 targets 26635 canonical rows 1629 nnz 6516 (obstructed fixed targets cancelled: 3420) [0s, HWM 0.07 GB]
    E_23: |H|=2 targets 9692 canonical rows 3442 nnz 6432 (obstructed fixed targets cancelled: 0) [0s, HWM 0.07 GB]
    E_34: |H|=1 targets 20956 canonical rows 0 nnz 0 (obstructed fixed targets cancelled: 0) [0s, HWM 0.07 GB]
    E_45: |H|=1 targets 20956 canonical rows 0 nnz 0 (obstructed fixed targets cancelled: 0) [0s, HWM 0.07 GB]
  built (12, 9, 6, 1, 1, 1) d10: N_S=34182 |Stab|=6 n_chi=2144 rows=6904 nnz=20860 (1s: mono 0s orbits 0s rows 0s; HWM 0.07 GB)
    hybrid[per6 12_9_6_1_1_1d10] p=2147483647 attempt 0: |S|=2143 |U|=1 (a=1, excess 0) m=65 blocks 1x1 projected nullity 1, verified=True, rank 1 [split 0.0s trisolve 0.0s schur 0.0s null 0.0s lift 0.0s rank 0.0s]
  per6 (12, 9, 6, 1, 1, 1) d10 p=2147483647: a=1 n_chi=2144 mult=1 units=0 [0.0s]
    hybrid[per6 12_9_6_1_1_1d10] p=2147483629 attempt 0: |S|=2143 |U|=1 (a=1, excess 0) m=65 blocks 1x1 projected nullity 1, verified=True, rank 1 [split 0.0s trisolve 0.0s schur 0.0s null 0.0s lift 0.0s rank 0.0s]
  per6 (12, 9, 6, 1, 1, 1) d10 p=2147483629: a=1 n_chi=2144 mult=1 units=0 [0.0s]
  PER6 RESULT (12, 9, 6, 1, 1, 1) d10: a=1 N_S=34182 n_chi=2144 mult=1 units=0 proved: mult = a at both primes (S_mu not in the ideal over Q) (0.7s, HWM 0.07 GB)

=== rank 36 ((15, 6, 5, 2, 1, 1), 10) N_S 35141 a 3 2026-09-09T03:50:34.864645
      level 1: 36 prefixes
      level 2: 439 prefixes
      level 3: 2825 prefixes
      level 4: 11538 prefixes
      level 5: 26618 prefixes
      level 6: 34440 prefixes
      level 7: 35141 prefixes
      level 8: 35141 prefixes
      level 9: 35141 prefixes
      level 10: 35141 prefixes
  lam=(15, 6, 5, 2, 1, 1): N_S=35141 |Stab|=2 n_chi=13632 (orbits dropped: 7877) [lean, 0s, HWM 0.07 GB]
    E_01: |H|=2 targets 23541 canonical rows 9078 nnz 44861 (obstructed fixed targets cancelled: 1968) [0s, HWM 0.07 GB]
    E_12: |H|=2 targets 29412 canonical rows 11354 nnz 41016 (obstructed fixed targets cancelled: 1266) [0s, HWM 0.07 GB]
    E_23: |H|=2 targets 17510 canonical rows 6689 nnz 22245 (obstructed fixed targets cancelled: 674) [0s, HWM 0.07 GB]
    E_34: |H|=1 targets 16139 canonical rows 15705 nnz 27264 (obstructed fixed targets cancelled: 0) [0s, HWM 0.07 GB]
    E_45: |H|=1 targets 21509 canonical rows 0 nnz 0 (obstructed fixed targets cancelled: 0) [0s, HWM 0.07 GB]
  built (15, 6, 5, 2, 1, 1) d10: N_S=35141 |Stab|=2 n_chi=13632 rows=42826 nnz=135386 (0s: mono 0s orbits 0s rows 0s; HWM 0.07 GB)
    hybrid[per6 15_6_5_2_1_1d10] p=2147483647 attempt 0: |S|=13626 |U|=6 (a=3, excess 3) m=70 blocks 1x6 projected nullity 3, verified=True, rank 3 [split 0.0s trisolve 0.0s schur 0.0s null 0.0s lift 0.0s rank 0.0s]
  per6 (15, 6, 5, 2, 1, 1) d10 p=2147483647: a=3 n_chi=13632 mult=3 units=0 [0.1s]
    hybrid[per6 15_6_5_2_1_1d10] p=2147483629 attempt 0: |S|=13626 |U|=6 (a=3, excess 3) m=70 blocks 1x6 projected nullity 3, verified=True, rank 3 [split 0.0s trisolve 0.0s schur 0.0s null 0.0s lift 0.0s rank 0.0s]
  per6 (15, 6, 5, 2, 1, 1) d10 p=2147483629: a=3 n_chi=13632 mult=3 units=0 [0.1s]
  PER6 RESULT (15, 6, 5, 2, 1, 1) d10: a=3 N_S=35141 n_chi=13632 mult=3 units=0 proved: mult = a at both primes (S_mu not in the ideal over Q) (0.7s, HWM 0.08 GB)

=== rank 37 ((15, 7, 3, 3, 1, 1), 10) N_S 35165 a 2 2026-09-09T03:50:35.901050
      level 1: 37 prefixes
      level 2: 489 prefixes
      level 3: 3076 prefixes
      level 4: 11759 prefixes
      level 5: 26709 prefixes
      level 6: 34483 prefixes
      level 7: 35165 prefixes
      level 8: 35165 prefixes
      level 9: 35165 prefixes
      level 10: 35165 prefixes
  lam=(15, 7, 3, 3, 1, 1): N_S=35165 |Stab|=4 n_chi=6691 (orbits dropped: 4644) [lean, 0s, HWM 0.07 GB]
    E_01: |H|=4 targets 25544 canonical rows 4835 nnz 23588 (obstructed fixed targets cancelled: 2352) [0s, HWM 0.07 GB]
    E_12: |H|=2 targets 20236 canonical rows 7745 nnz 28703 (obstructed fixed targets cancelled: 1028) [0s, HWM 0.07 GB]
    E_23: |H|=2 targets 29412 canonical rows 11249 nnz 26499 (obstructed fixed targets cancelled: 675) [0s, HWM 0.07 GB]
    E_34: |H|=1 targets 13562 canonical rows 13486 nnz 26470 (obstructed fixed targets cancelled: 0) [0s, HWM 0.07 GB]
    E_45: |H|=2 targets 21471 canonical rows 0 nnz 0 (obstructed fixed targets cancelled: 147) [0s, HWM 0.07 GB]
  built (15, 7, 3, 3, 1, 1) d10: N_S=35165 |Stab|=4 n_chi=6691 rows=37315 nnz=105260 (1s: mono 0s orbits 0s rows 0s; HWM 0.07 GB)
    hybrid[per6 15_7_3_3_1_1d10] p=2147483647 attempt 0: |S|=6688 |U|=3 (a=2, excess 1) m=67 blocks 1x3 projected nullity 2, verified=True, rank 2 [split 0.0s trisolve 0.0s schur 0.0s null 0.0s lift 0.0s rank 0.0s]
  per6 (15, 7, 3, 3, 1, 1) d10 p=2147483647: a=2 n_chi=6691 mult=2 units=0 [0.0s]
    hybrid[per6 15_7_3_3_1_1d10] p=2147483629 attempt 0: |S|=6688 |U|=3 (a=2, excess 1) m=67 blocks 1x3 projected nullity 2, verified=True, rank 2 [split 0.0s trisolve 0.0s schur 0.0s null 0.0s lift 0.0s rank 0.0s]
  per6 (15, 7, 3, 3, 1, 1) d10 p=2147483629: a=2 n_chi=6691 mult=2 units=0 [0.0s]
  PER6 RESULT (15, 7, 3, 3, 1, 1) d10: a=2 N_S=35165 n_chi=6691 mult=2 units=0 proved: mult = a at both primes (S_mu not in the ideal over Q) (0.7s, HWM 0.07 GB)

=== rank 38 ((13, 10, 2, 2, 2, 1), 10) N_S 36381 a 3 2026-09-09T03:50:36.969088
      level 1: 39 prefixes
      level 2: 497 prefixes
      level 3: 2731 prefixes
      level 4: 7724 prefixes
      level 5: 17047 prefixes
      level 6: 29888 prefixes
      level 7: 35807 prefixes
      level 8: 36381 prefixes
      level 9: 36381 prefixes
      level 10: 36381 prefixes
  lam=(13, 10, 2, 2, 2, 1): N_S=36381 |Stab|=6 n_chi=7684 (orbits dropped: 0) [lean, 0s, HWM 0.07 GB]
    E_01: |H|=6 targets 32336 canonical rows 6844 nnz 31969 (obstructed fixed targets cancelled: 0) [0s, HWM 0.07 GB]
    E_12: |H|=2 targets 13733 canonical rows 7518 nnz 32310 (obstructed fixed targets cancelled: 0) [0s, HWM 0.07 GB]
    E_23: |H|=1 targets 27274 canonical rows 27274 nnz 52834 (obstructed fixed targets cancelled: 0) [0s, HWM 0.07 GB]
    E_34: |H|=1 targets 27274 canonical rows 27274 nnz 52834 (obstructed fixed targets cancelled: 0) [0s, HWM 0.07 GB]
    E_45: |H|=2 targets 16786 canonical rows 9260 nnz 19749 (obstructed fixed targets cancelled: 0) [0s, HWM 0.07 GB]
  built (13, 10, 2, 2, 2, 1) d10: N_S=36381 |Stab|=6 n_chi=7684 rows=78170 nnz=189696 (1s: mono 0s orbits 0s rows 1s; HWM 0.07 GB)
    hybrid[per6 13_10_2_2_2_1d10] p=2147483647 attempt 0: |S|=7679 |U|=5 (a=3, excess 2) m=69 blocks 1x5 projected nullity 3, verified=True, rank 3 [split 0.0s trisolve 0.0s schur 0.0s null 0.0s lift 0.0s rank 0.0s]
  per6 (13, 10, 2, 2, 2, 1) d10 p=2147483647: a=3 n_chi=7684 mult=3 units=0 [0.1s]
    hybrid[per6 13_10_2_2_2_1d10] p=2147483629 attempt 0: |S|=7679 |U|=5 (a=3, excess 2) m=69 blocks 1x5 projected nullity 3, verified=True, rank 3 [split 0.0s trisolve 0.0s schur 0.0s null 0.0s lift 0.0s rank 0.0s]
  per6 (13, 10, 2, 2, 2, 1) d10 p=2147483629: a=3 n_chi=7684 mult=3 units=0 [0.1s]
  PER6 RESULT (13, 10, 2, 2, 2, 1) d10: a=3 N_S=36381 n_chi=7684 mult=3 units=0 proved: mult = a at both primes (S_mu not in the ideal over Q) (0.9s, HWM 0.08 GB)

=== rank 39 ((14, 8, 4, 2, 1, 1), 10) N_S 37450 a 4 2026-09-09T03:50:38.228537
      level 1: 36 prefixes
      level 2: 434 prefixes
      level 3: 2604 prefixes
      level 4: 9001 prefixes
      level 5: 22596 prefixes
      level 6: 34717 prefixes
      level 7: 37389 prefixes
      level 8: 37450 prefixes
      level 9: 37450 prefixes
      level 10: 37450 prefixes
  lam=(14, 8, 4, 2, 1, 1): N_S=37450 |Stab|=2 n_chi=14502 (orbits dropped: 8446) [lean, 0s, HWM 0.07 GB]
    E_01: |H|=2 targets 29412 canonical rows 11354 nnz 55617 (obstructed fixed targets cancelled: 2371) [0s, HWM 0.07 GB]
    E_12: |H|=2 targets 24252 canonical rows 9313 nnz 37877 (obstructed fixed targets cancelled: 1352) [0s, HWM 0.07 GB]
    E_23: |H|=2 targets 20516 canonical rows 7865 nnz 23753 (obstructed fixed targets cancelled: 628) [0s, HWM 0.07 GB]
    E_34: |H|=1 targets 17211 canonical rows 16748 nnz 29004 (obstructed fixed targets cancelled: 0) [0s, HWM 0.07 GB]
    E_45: |H|=1 targets 22948 canonical rows 0 nnz 0 (obstructed fixed targets cancelled: 0) [0s, HWM 0.07 GB]
  built (14, 8, 4, 2, 1, 1) d10: N_S=37450 |Stab|=2 n_chi=14502 rows=45280 nnz=146251 (1s: mono 0s orbits 0s rows 0s; HWM 0.07 GB)
    hybrid[per6 14_8_4_2_1_1d10] p=2147483647 attempt 0: |S|=14497 |U|=5 (a=4, excess 1) m=69 blocks 1x5 projected nullity 4, verified=True, rank 4 [split 0.0s trisolve 0.0s schur 0.0s null 0.0s lift 0.0s rank 0.0s]
  per6 (14, 8, 4, 2, 1, 1) d10 p=2147483647: a=4 n_chi=14502 mult=4 units=0 [0.1s]
    hybrid[per6 14_8_4_2_1_1d10] p=2147483629 attempt 0: |S|=14497 |U|=5 (a=4, excess 1) m=69 blocks 1x5 projected nullity 4, verified=True, rank 4 [split 0.0s trisolve 0.0s schur 0.0s null 0.0s lift 0.0s rank 0.0s]
  per6 (14, 8, 4, 2, 1, 1) d10 p=2147483629: a=4 n_chi=14502 mult=4 units=0 [0.1s]
  PER6 RESULT (14, 8, 4, 2, 1, 1) d10: a=4 N_S=37450 n_chi=14502 mult=4 units=0 proved: mult = a at both primes (S_mu not in the ideal over Q) (0.7s, HWM 0.08 GB)

=== rank 40 ((12, 11, 2, 2, 2, 1), 10) N_S 38513 a 1 2026-09-09T03:50:39.303871
      level 1: 38 prefixes
      level 2: 470 prefixes
      level 3: 2580 prefixes
      level 4: 7462 prefixes
      level 5: 14836 prefixes
      level 6: 26943 prefixes
      level 7: 36328 prefixes
      level 8: 38453 prefixes
      level 9: 38513 prefixes
      level 10: 38513 prefixes
  lam=(12, 11, 2, 2, 2, 1): N_S=38513 |Stab|=6 n_chi=8125 (orbits dropped: 0) [lean, 0s, HWM 0.07 GB]
    E_01: |H|=6 targets 36381 canonical rows 7684 nnz 35307 (obstructed fixed targets cancelled: 0) [0s, HWM 0.07 GB]
    E_12: |H|=2 targets 14087 canonical rows 7714 nnz 34205 (obstructed fixed targets cancelled: 0) [0s, HWM 0.07 GB]
    E_23: |H|=1 targets 28866 canonical rows 28866 nnz 55954 (obstructed fixed targets cancelled: 0) [0s, HWM 0.07 GB]
    E_34: |H|=1 targets 28866 canonical rows 28866 nnz 55954 (obstructed fixed targets cancelled: 0) [0s, HWM 0.07 GB]
    E_45: |H|=2 targets 17758 canonical rows 9791 nnz 20898 (obstructed fixed targets cancelled: 0) [1s, HWM 0.07 GB]
  built (12, 11, 2, 2, 2, 1) d10: N_S=38513 |Stab|=6 n_chi=8125 rows=82921 nnz=202318 (1s: mono 0s orbits 0s rows 1s; HWM 0.07 GB)
    hybrid[per6 12_11_2_2_2_1d10] p=2147483647 attempt 0: |S|=8120 |U|=5 (a=1, excess 4) m=69 blocks 1x5 projected nullity 1, verified=True, rank 1 [split 0.0s trisolve 0.0s schur 0.0s null 0.0s lift 0.0s rank 0.0s]
  per6 (12, 11, 2, 2, 2, 1) d10 p=2147483647: a=1 n_chi=8125 mult=1 units=0 [0.1s]
    hybrid[per6 12_11_2_2_2_1d10] p=2147483629 attempt 0: |S|=8120 |U|=5 (a=1, excess 4) m=69 blocks 1x5 projected nullity 1, verified=True, rank 1 [split 0.0s trisolve 0.0s schur 0.0s null 0.0s lift 0.0s rank 0.0s]
  per6 (12, 11, 2, 2, 2, 1) d10 p=2147483629: a=1 n_chi=8125 mult=1 units=0 [0.1s]
  PER6 RESULT (12, 11, 2, 2, 2, 1) d10: a=1 N_S=38513 n_chi=8125 mult=1 units=0 proved: mult = a at both primes (S_mu not in the ideal over Q) (1.0s, HWM 0.08 GB)

=== rank 41 ((12, 8, 7, 1, 1, 1), 10) N_S 38638 a 1 2026-09-09T03:50:40.583741
      level 1: 30 prefixes
      level 2: 285 prefixes
      level 3: 1406 prefixes
      level 4: 4898 prefixes
      level 5: 13090 prefixes
      level 6: 26928 prefixes
      level 7: 36647 prefixes
      level 8: 38587 prefixes
      level 9: 38638 prefixes
      level 10: 38638 prefixes
  lam=(12, 8, 7, 1, 1, 1): N_S=38638 |Stab|=6 n_chi=2457 (orbits dropped: 8644) [lean, 0s, HWM 0.07 GB]
    E_01: |H|=6 targets 31606 canonical rows 1984 nnz 8660 (obstructed fixed targets cancelled: 4689) [0s, HWM 0.07 GB]
    E_12: |H|=6 targets 34182 canonical rows 2144 nnz 8230 (obstructed fixed targets cancelled: 3945) [0s, HWM 0.07 GB]
    E_23: |H|=2 targets 10237 canonical rows 3633 nnz 7371 (obstructed fixed targets cancelled: 0) [0s, HWM 0.07 GB]
    E_34: |H|=1 targets 23641 canonical rows 0 nnz 0 (obstructed fixed targets cancelled: 0) [0s, HWM 0.07 GB]
    E_45: |H|=1 targets 23641 canonical rows 0 nnz 0 (obstructed fixed targets cancelled: 0) [0s, HWM 0.07 GB]
  built (12, 8, 7, 1, 1, 1) d10: N_S=38638 |Stab|=6 n_chi=2457 rows=7761 nnz=24261 (1s: mono 0s orbits 0s rows 0s; HWM 0.07 GB)
    hybrid[per6 12_8_7_1_1_1d10] p=2147483647 attempt 0: |S|=2455 |U|=2 (a=1, excess 1) m=66 blocks 1x2 projected nullity 1, verified=True, rank 1 [split 0.0s trisolve 0.0s schur 0.0s null 0.0s lift 0.0s rank 0.0s]
  per6 (12, 8, 7, 1, 1, 1) d10 p=2147483647: a=1 n_chi=2457 mult=1 units=0 [0.0s]
    hybrid[per6 12_8_7_1_1_1d10] p=2147483629 attempt 0: |S|=2455 |U|=2 (a=1, excess 1) m=66 blocks 1x2 projected nullity 1, verified=True, rank 1 [split 0.0s trisolve 0.0s schur 0.0s null 0.0s lift 0.0s rank 0.0s]
  per6 (12, 8, 7, 1, 1, 1) d10 p=2147483629: a=1 n_chi=2457 mult=1 units=0 [0.0s]
  PER6 RESULT (12, 8, 7, 1, 1, 1) d10: a=1 N_S=38638 n_chi=2457 mult=1 units=0 proved: mult = a at both primes (S_mu not in the ideal over Q) (0.7s, HWM 0.08 GB)

=== rank 42 ((17, 4, 3, 2, 2, 2), 10) N_S 41512 a 1 2026-09-09T03:50:41.637528
      level 1: 46 prefixes
      level 2: 830 prefixes
      level 3: 7091 prefixes
      level 4: 25662 prefixes
      level 5: 39979 prefixes
      level 6: 41512 prefixes
      level 7: 41512 prefixes
      level 8: 41512 prefixes
      level 9: 41512 prefixes
      level 10: 41512 prefixes
  lam=(17, 4, 3, 2, 2, 2): N_S=41512 |Stab|=6 n_chi=8673 (orbits dropped: 0) [lean, 0s, HWM 0.07 GB]
    E_01: |H|=6 targets 22111 canonical rows 4677 nnz 22384 (obstructed fixed targets cancelled: 0) [0s, HWM 0.07 GB]
    E_12: |H|=6 targets 30365 canonical rows 6418 nnz 18761 (obstructed fixed targets cancelled: 0) [0s, HWM 0.07 GB]
    E_23: |H|=2 targets 26020 canonical rows 14123 nnz 36995 (obstructed fixed targets cancelled: 0) [0s, HWM 0.07 GB]
    E_34: |H|=1 targets 31061 canonical rows 31061 nnz 60896 (obstructed fixed targets cancelled: 0) [1s, HWM 0.07 GB]
    E_45: |H|=1 targets 31061 canonical rows 31061 nnz 60896 (obstructed fixed targets cancelled: 0) [1s, HWM 0.08 GB]
  built (17, 4, 3, 2, 2, 2) d10: N_S=41512 |Stab|=6 n_chi=8673 rows=87340 nnz=199932 (1s: mono 0s orbits 0s rows 1s; HWM 0.08 GB)
    hybrid[per6 17_4_3_2_2_2d10] p=2147483647 attempt 0: |S|=8670 |U|=3 (a=1, excess 2) m=67 blocks 1x3 projected nullity 1, verified=True, rank 1 [split 0.0s trisolve 0.0s schur 0.0s null 0.0s lift 0.0s rank 0.0s]
  per6 (17, 4, 3, 2, 2, 2) d10 p=2147483647: a=1 n_chi=8673 mult=1 units=0 [0.1s]
    hybrid[per6 17_4_3_2_2_2d10] p=2147483629 attempt 0: |S|=8670 |U|=3 (a=1, excess 2) m=67 blocks 1x3 projected nullity 1, verified=True, rank 1 [split 0.0s trisolve 0.0s schur 0.0s null 0.0s lift 0.0s rank 0.0s]
  per6 (17, 4, 3, 2, 2, 2) d10 p=2147483629: a=1 n_chi=8673 mult=1 units=0 [0.1s]
  PER6 RESULT (17, 4, 3, 2, 2, 2) d10: a=1 N_S=41512 n_chi=8673 mult=1 units=0 proved: mult = a at both primes (S_mu not in the ideal over Q) (1.2s, HWM 0.08 GB)

=== rank 43 ((16, 5, 4, 2, 2, 1), 10) N_S 42999 a 4 2026-09-09T03:50:43.126938
      level 1: 41 prefixes
      level 2: 623 prefixes
      level 3: 4823 prefixes
      level 4: 19699 prefixes
      level 5: 38060 prefixes
      level 6: 42888 prefixes
      level 7: 42999 prefixes
      level 8: 42999 prefixes
      level 9: 42999 prefixes
      level 10: 42999 prefixes
  lam=(16, 5, 4, 2, 2, 1): N_S=42999 |Stab|=2 n_chi=23236 (orbits dropped: 0) [lean, 0s, HWM 0.07 GB]
    E_01: |H|=2 targets 26020 canonical rows 14123 nnz 70629 (obstructed fixed targets cancelled: 0) [0s, HWM 0.07 GB]
    E_12: |H|=2 targets 34075 canonical rows 18453 nnz 61524 (obstructed fixed targets cancelled: 0) [0s, HWM 0.07 GB]
    E_23: |H|=1 targets 23541 canonical rows 23541 nnz 71615 (obstructed fixed targets cancelled: 0) [0s, HWM 0.07 GB]
    E_34: |H|=1 targets 32193 canonical rows 32193 nnz 62996 (obstructed fixed targets cancelled: 0) [0s, HWM 0.08 GB]
    E_45: |H|=1 targets 19660 canonical rows 19660 nnz 42999 (obstructed fixed targets cancelled: 0) [1s, HWM 0.08 GB]
  built (16, 5, 4, 2, 2, 1) d10: N_S=42999 |Stab|=2 n_chi=23236 rows=107970 nnz=309763 (1s: mono 0s orbits 0s rows 1s; HWM 0.08 GB)
    hybrid[per6 16_5_4_2_2_1d10] p=2147483647 attempt 0: |S|=23227 |U|=9 (a=4, excess 5) m=73 blocks 1x9 projected nullity 4, verified=True, rank 4 [split 0.0s trisolve 0.0s schur 0.0s null 0.0s lift 0.0s rank 0.0s]
  per6 (16, 5, 4, 2, 2, 1) d10 p=2147483647: a=4 n_chi=23236 mult=4 units=0 [0.1s]
    hybrid[per6 16_5_4_2_2_1d10] p=2147483629 attempt 0: |S|=23227 |U|=9 (a=4, excess 5) m=73 blocks 1x9 projected nullity 4, verified=True, rank 4 [split 0.0s trisolve 0.0s schur 0.0s null 0.0s lift 0.0s rank 0.0s]
  per6 (16, 5, 4, 2, 2, 1) d10 p=2147483629: a=4 n_chi=23236 mult=4 units=0 [0.1s]
  PER6 RESULT (16, 5, 4, 2, 2, 1) d10: a=4 N_S=42999 n_chi=23236 mult=4 units=0 proved: mult = a at both primes (S_mu not in the ideal over Q) (1.1s, HWM 0.1 GB)

=== rank 44 ((11, 9, 7, 1, 1, 1), 10) N_S 43441 a 1 2026-09-09T03:50:44.524929
      level 1: 29 prefixes
      level 2: 275 prefixes
      level 3: 1373 prefixes
      level 4: 4642 prefixes
      level 5: 11886 prefixes
      level 6: 24899 prefixes
      level 7: 38353 prefixes
      level 8: 43081 prefixes
      level 9: 43441 prefixes
      level 10: 43441 prefixes
  lam=(11, 9, 7, 1, 1, 1): N_S=43441 |Stab|=6 n_chi=2800 (orbits dropped: 9621) [lean, 0s, HWM 0.07 GB]
    E_01: |H|=6 targets 38638 canonical rows 2457 nnz 10547 (obstructed fixed targets cancelled: 5406) [0s, HWM 0.07 GB]
    E_12: |H|=6 targets 36687 canonical rows 2311 nnz 9367 (obstructed fixed targets cancelled: 4629) [0s, HWM 0.07 GB]
    E_23: |H|=2 targets 11447 canonical rows 4096 nnz 8400 (obstructed fixed targets cancelled: 0) [0s, HWM 0.07 GB]
    E_34: |H|=1 targets 26531 canonical rows 0 nnz 0 (obstructed fixed targets cancelled: 0) [0s, HWM 0.07 GB]
    E_45: |H|=1 targets 26531 canonical rows 0 nnz 0 (obstructed fixed targets cancelled: 0) [1s, HWM 0.07 GB]
  built (11, 9, 7, 1, 1, 1) d10: N_S=43441 |Stab|=6 n_chi=2800 rows=8864 nnz=28314 (1s: mono 0s orbits 0s rows 1s; HWM 0.07 GB)
    hybrid[per6 11_9_7_1_1_1d10] p=2147483647 attempt 0: |S|=2797 |U|=3 (a=1, excess 2) m=67 blocks 1x3 projected nullity 1, verified=True, rank 1 [split 0.0s trisolve 0.0s schur 0.0s null 0.0s lift 0.0s rank 0.0s]
  per6 (11, 9, 7, 1, 1, 1) d10 p=2147483647: a=1 n_chi=2800 mult=1 units=0 [0.0s]
    hybrid[per6 11_9_7_1_1_1d10] p=2147483629 attempt 0: |S|=2797 |U|=3 (a=1, excess 2) m=67 blocks 1x3 projected nullity 1, verified=True, rank 1 [split 0.0s trisolve 0.0s schur 0.0s null 0.0s lift 0.0s rank 0.0s]
  per6 (11, 9, 7, 1, 1, 1) d10 p=2147483629: a=1 n_chi=2800 mult=1 units=0 [0.0s]
  PER6 RESULT (11, 9, 7, 1, 1, 1) d10: a=1 N_S=43441 n_chi=2800 mult=1 units=0 proved: mult = a at both primes (S_mu not in the ideal over Q) (0.8s, HWM 0.07 GB)

=== rank 45 ((13, 9, 4, 2, 1, 1), 10) N_S 44251 a 4 2026-09-09T03:50:45.693615
      level 1: 35 prefixes
      level 2: 421 prefixes
      level 3: 2505 prefixes
      level 4: 8319 prefixes
      level 5: 20445 prefixes
      level 6: 36642 prefixes
      level 7: 43647 prefixes
      level 8: 44251 prefixes
      level 9: 44251 prefixes
      level 10: 44251 prefixes
  lam=(13, 9, 4, 2, 1, 1): N_S=44251 |Stab|=2 n_chi=17196 (orbits dropped: 9859) [lean, 0s, HWM 0.07 GB]
    E_01: |H|=2 targets 37450 canonical rows 14502 nnz 70457 (obstructed fixed targets cancelled: 2878) [0s, HWM 0.07 GB]
    E_12: |H|=2 targets 27274 canonical rows 10488 nnz 44982 (obstructed fixed targets cancelled: 1662) [0s, HWM 0.07 GB]
    E_23: |H|=2 targets 24177 canonical rows 9300 nnz 28212 (obstructed fixed targets cancelled: 725) [0s, HWM 0.07 GB]
    E_34: |H|=1 targets 20283 canonical rows 19770 nnz 34392 (obstructed fixed targets cancelled: 0) [0s, HWM 0.07 GB]
    E_45: |H|=1 targets 27055 canonical rows 0 nnz 0 (obstructed fixed targets cancelled: 0) [0s, HWM 0.07 GB]
  built (13, 9, 4, 2, 1, 1) d10: N_S=44251 |Stab|=2 n_chi=17196 rows=54060 nnz=178043 (1s: mono 0s orbits 0s rows 0s; HWM 0.07 GB)
    hybrid[per6 13_9_4_2_1_1d10] p=2147483647 attempt 0: |S|=17191 |U|=5 (a=4, excess 1) m=69 blocks 1x5 projected nullity 4, verified=True, rank 4 [split 0.0s trisolve 0.0s schur 0.0s null 0.0s lift 0.0s rank 0.0s]
  per6 (13, 9, 4, 2, 1, 1) d10 p=2147483647: a=4 n_chi=17196 mult=4 units=0 [0.1s]
    hybrid[per6 13_9_4_2_1_1d10] p=2147483629 attempt 0: |S|=17191 |U|=5 (a=4, excess 1) m=69 blocks 1x5 projected nullity 4, verified=True, rank 4 [split 0.0s trisolve 0.0s schur 0.0s null 0.0s lift 0.0s rank 0.0s]
  per6 (13, 9, 4, 2, 1, 1) d10 p=2147483629: a=4 n_chi=17196 mult=4 units=0 [0.1s]
  PER6 RESULT (13, 9, 4, 2, 1, 1) d10: a=4 N_S=44251 n_chi=17196 mult=4 units=0 proved: mult = a at both primes (S_mu not in the ideal over Q) (0.9s, HWM 0.08 GB)

=== rank 46 ((14, 8, 3, 3, 1, 1), 10) N_S 44835 a 3 2026-09-09T03:50:46.920988
      level 1: 36 prefixes
      level 2: 479 prefixes
      level 3: 3019 prefixes
      level 4: 10655 prefixes
      level 5: 27029 prefixes
      level 6: 41623 prefixes
      level 7: 44767 prefixes
      level 8: 44835 prefixes
      level 9: 44835 prefixes
      level 10: 44835 prefixes
  lam=(14, 8, 3, 3, 1, 1): N_S=44835 |Stab|=4 n_chi=8566 (orbits dropped: 5840) [lean, 0s, HWM 0.07 GB]
    E_01: |H|=4 targets 35165 canonical rows 6691 nnz 32681 (obstructed fixed targets cancelled: 3104) [0s, HWM 0.08 GB]
    E_12: |H|=2 targets 24252 canonical rows 9311 nnz 36825 (obstructed fixed targets cancelled: 1352) [0s, HWM 0.08 GB]
    E_23: |H|=2 targets 37450 canonical rows 14376 nnz 34097 (obstructed fixed targets cancelled: 841) [0s, HWM 0.08 GB]
    E_34: |H|=1 targets 17211 canonical rows 17132 nnz 33894 (obstructed fixed targets cancelled: 0) [0s, HWM 0.08 GB]
    E_45: |H|=2 targets 27321 canonical rows 0 nnz 0 (obstructed fixed targets cancelled: 185) [1s, HWM 0.08 GB]
  built (14, 8, 3, 3, 1, 1) d10: N_S=44835 |Stab|=4 n_chi=8566 rows=47510 nnz=137497 (1s: mono 0s orbits 0s rows 1s; HWM 0.08 GB)
    hybrid[per6 14_8_3_3_1_1d10] p=2147483647 attempt 0: |S|=8563 |U|=3 (a=3, excess 0) m=67 blocks 1x3 projected nullity 3, verified=True, rank 3 [split 0.0s trisolve 0.0s schur 0.0s null 0.0s lift 0.0s rank 0.0s]
  per6 (14, 8, 3, 3, 1, 1) d10 p=2147483647: a=3 n_chi=8566 mult=3 units=0 [0.1s]
    hybrid[per6 14_8_3_3_1_1d10] p=2147483629 attempt 0: |S|=8563 |U|=3 (a=3, excess 0) m=67 blocks 1x3 projected nullity 3, verified=True, rank 3 [split 0.0s trisolve 0.0s schur 0.0s null 0.0s lift 0.0s rank 0.0s]
  per6 (14, 8, 3, 3, 1, 1) d10 p=2147483629: a=3 n_chi=8566 mult=3 units=0 [0.1s]
  PER6 RESULT (14, 8, 3, 3, 1, 1) d10: a=3 N_S=44835 n_chi=8566 mult=3 units=0 proved: mult = a at both primes (S_mu not in the ideal over Q) (1.0s, HWM 0.08 GB)

=== rank 47 ((16, 6, 2, 2, 2, 2), 10) N_S 45560 a 5 2026-09-09T03:50:48.194316
      level 1: 45 prefixes
      level 2: 741 prefixes
      level 3: 5398 prefixes
      level 4: 21047 prefixes
      level 5: 40328 prefixes
      level 6: 45438 prefixes
      level 7: 45560 prefixes
      level 8: 45560 prefixes
      level 9: 45560 prefixes
      level 10: 45560 prefixes
  lam=(16, 6, 2, 2, 2, 2): N_S=45560 |Stab|=24 n_chi=3054 (orbits dropped: 0) [lean, 0s, HWM 0.07 GB]
    E_01: |H|=24 targets 30365 canonical rows 2061 nnz 9398 (obstructed fixed targets cancelled: 0) [0s, HWM 0.07 GB]
    E_12: |H|=6 targets 20983 canonical rows 4481 nnz 15402 (obstructed fixed targets cancelled: 0) [1s, HWM 0.07 GB]
    E_23: |H|=2 targets 34075 canonical rows 18453 nnz 35657 (obstructed fixed targets cancelled: 0) [1s, HWM 0.07 GB]
    E_34: |H|=2 targets 34075 canonical rows 18453 nnz 35657 (obstructed fixed targets cancelled: 0) [1s, HWM 0.08 GB]
    E_45: |H|=2 targets 34075 canonical rows 18453 nnz 35657 (obstructed fixed targets cancelled: 0) [1s, HWM 0.08 GB]
  built (16, 6, 2, 2, 2, 2) d10: N_S=45560 |Stab|=24 n_chi=3054 rows=61901 nnz=131771 (2s: mono 0s orbits 0s rows 1s; HWM 0.08 GB)
    hybrid[per6 16_6_2_2_2_2d10] p=2147483647 attempt 0: |S|=3049 |U|=5 (a=5, excess 0) m=69 blocks 1x5 projected nullity 5, verified=True, rank 5 [split 0.0s trisolve 0.0s schur 0.0s null 0.0s lift 0.0s rank 0.0s]
  per6 (16, 6, 2, 2, 2, 2) d10 p=2147483647: a=5 n_chi=3054 mult=5 units=0 [0.1s]
    hybrid[per6 16_6_2_2_2_2d10] p=2147483629 attempt 0: |S|=3049 |U|=5 (a=5, excess 0) m=69 blocks 1x5 projected nullity 5, verified=True, rank 5 [split 0.0s trisolve 0.0s schur 0.0s null 0.0s lift 0.0s rank 0.0s]
  per6 (16, 6, 2, 2, 2, 2) d10 p=2147483629: a=5 n_chi=3054 mult=5 units=0 [0.1s]
  PER6 RESULT (16, 6, 2, 2, 2, 2) d10: a=5 N_S=45560 n_chi=3054 mult=5 units=0 proved: mult = a at both primes (S_mu not in the ideal over Q) (1.9s, HWM 0.08 GB)

=== rank 48 ((15, 7, 3, 2, 2, 1), 10) N_S 46971 a 6 2026-09-09T03:50:50.421180
      level 1: 41 prefixes
      level 2: 597 prefixes
      level 3: 3960 prefixes
      level 4: 15484 prefixes
      level 5: 35599 prefixes
      level 6: 46066 prefixes
      level 7: 46971 prefixes
      level 8: 46971 prefixes
      level 9: 46971 prefixes
      level 10: 46971 prefixes
  lam=(15, 7, 3, 2, 2, 1): N_S=46971 |Stab|=2 n_chi=25368 (orbits dropped: 0) [lean, 0s, HWM 0.07 GB]
    E_01: |H|=2 targets 34075 canonical rows 18453 nnz 92847 (obstructed fixed targets cancelled: 0) [0s, HWM 0.07 GB]
    E_12: |H|=2 targets 26963 canonical rows 14669 nnz 56013 (obstructed fixed targets cancelled: 0) [0s, HWM 0.07 GB]
    E_23: |H|=1 targets 29412 canonical rows 29412 nnz 78222 (obstructed fixed targets cancelled: 0) [0s, HWM 0.08 GB]
    E_34: |H|=1 targets 35165 canonical rows 35165 nnz 68781 (obstructed fixed targets cancelled: 0) [0s, HWM 0.08 GB]
    E_45: |H|=1 targets 21471 canonical rows 21471 nnz 46971 (obstructed fixed targets cancelled: 0) [1s, HWM 0.08 GB]
  built (15, 7, 3, 2, 2, 1) d10: N_S=46971 |Stab|=2 n_chi=25368 rows=119170 nnz=342834 (1s: mono 0s orbits 0s rows 1s; HWM 0.08 GB)
    hybrid[per6 15_7_3_2_2_1d10] p=2147483647 attempt 0: |S|=25361 |U|=7 (a=6, excess 1) m=71 blocks 1x7 projected nullity 6, verified=True, rank 6 [split 0.0s trisolve 0.0s schur 0.0s null 0.0s lift 0.0s rank 0.0s]
  per6 (15, 7, 3, 2, 2, 1) d10 p=2147483647: a=6 n_chi=25368 mult=6 units=0 [0.2s]
    hybrid[per6 15_7_3_2_2_1d10] p=2147483629 attempt 0: |S|=25361 |U|=7 (a=6, excess 1) m=71 blocks 1x7 projected nullity 6, verified=True, rank 6 [split 0.0s trisolve 0.0s schur 0.0s null 0.0s lift 0.0s rank 0.0s]
  per6 (15, 7, 3, 2, 2, 1) d10 p=2147483629: a=6 n_chi=25368 mult=6 units=0 [0.2s]
  PER6 RESULT (15, 7, 3, 2, 2, 1) d10: a=6 N_S=46971 n_chi=25368 mult=6 units=0 proved: mult = a at both primes (S_mu not in the ideal over Q) (1.2s, HWM 0.11 GB)

=== rank 49 ((14, 7, 5, 2, 1, 1), 10) N_S 47932 a 6 2026-09-09T03:50:51.944815
      level 1: 36 prefixes
      level 2: 428 prefixes
      level 3: 2743 prefixes
      level 4: 10794 prefixes
      level 5: 28736 prefixes
      level 6: 44505 prefixes
      level 7: 47859 prefixes
      level 8: 47932 prefixes
      level 9: 47932 prefixes
      level 10: 47932 prefixes
  lam=(14, 7, 5, 2, 1, 1): N_S=47932 |Stab|=2 n_chi=18707 (orbits dropped: 10518) [lean, 0s, HWM 0.07 GB]
    E_01: |H|=2 targets 35141 canonical rows 13632 nnz 67726 (obstructed fixed targets cancelled: 2801) [0s, HWM 0.07 GB]
    E_12: |H|=2 targets 37450 canonical rows 14502 nnz 56636 (obstructed fixed targets cancelled: 1825) [0s, HWM 0.08 GB]
    E_23: |H|=2 targets 23713 canonical rows 9117 nnz 30640 (obstructed fixed targets cancelled: 884) [0s, HWM 0.08 GB]
    E_34: |H|=1 targets 21899 canonical rows 21358 nnz 37414 (obstructed fixed targets cancelled: 0) [0s, HWM 0.08 GB]
    E_45: |H|=1 targets 29225 canonical rows 0 nnz 0 (obstructed fixed targets cancelled: 0) [1s, HWM 0.08 GB]
  built (14, 7, 5, 2, 1, 1) d10: N_S=47932 |Stab|=2 n_chi=18707 rows=58609 nnz=192416 (1s: mono 0s orbits 0s rows 1s; HWM 0.08 GB)
    hybrid[per6 14_7_5_2_1_1d10] p=2147483647 attempt 0: |S|=18698 |U|=9 (a=6, excess 3) m=73 blocks 1x9 projected nullity 6, verified=True, rank 6 [split 0.0s trisolve 0.0s schur 0.0s null 0.0s lift 0.0s rank 0.0s]
  per6 (14, 7, 5, 2, 1, 1) d10 p=2147483647: a=6 n_chi=18707 mult=6 units=0 [0.1s]
    hybrid[per6 14_7_5_2_1_1d10] p=2147483629 attempt 0: |S|=18698 |U|=9 (a=6, excess 3) m=73 blocks 1x9 projected nullity 6, verified=True, rank 6 [split 0.0s trisolve 0.0s schur 0.0s null 0.0s lift 0.0s rank 0.0s]
  per6 (14, 7, 5, 2, 1, 1) d10 p=2147483629: a=6 n_chi=18707 mult=6 units=0 [0.1s]
  PER6 RESULT (14, 7, 5, 2, 1, 1) d10: a=6 N_S=47932 n_chi=18707 mult=6 units=0 proved: mult = a at both primes (S_mu not in the ideal over Q) (1.0s, HWM 0.09 GB)

=== rank 50 ((15, 6, 4, 3, 1, 1), 10) N_S 48252 a 3 2026-09-09T03:50:53.310649
      level 1: 37 prefixes
      level 2: 506 prefixes
      level 3: 3584 prefixes
      level 4: 15440 prefixes
      level 5: 36498 prefixes
      level 6: 47332 prefixes
      level 7: 48252 prefixes
      level 8: 48252 prefixes
      level 9: 48252 prefixes
      level 10: 48252 prefixes
  lam=(15, 6, 4, 3, 1, 1): N_S=48252 |Stab|=2 n_chi=18891 (orbits dropped: 10470) [lean, 0s, HWM 0.07 GB]
    E_01: |H|=2 targets 32193 canonical rows 12533 nnz 62834 (obstructed fixed targets cancelled: 2605) [0s, HWM 0.08 GB]
    E_12: |H|=2 targets 35165 canonical rows 13694 nnz 49958 (obstructed fixed targets cancelled: 1454) [0s, HWM 0.08 GB]
    E_23: |H|=2 targets 35141 canonical rows 13632 nnz 41608 (obstructed fixed targets cancelled: 1028) [0s, HWM 0.08 GB]
    E_34: |H|=1 targets 18484 canonical rows 18428 nnz 37782 (obstructed fixed targets cancelled: 0) [0s, HWM 0.08 GB]
    E_45: |H|=1 targets 29361 canonical rows 0 nnz 0 (obstructed fixed targets cancelled: 0) [1s, HWM 0.08 GB]
  built (15, 6, 4, 3, 1, 1) d10: N_S=48252 |Stab|=2 n_chi=18891 rows=58287 nnz=192182 (1s: mono 0s orbits 0s rows 1s; HWM 0.08 GB)
    hybrid[per6 15_6_4_3_1_1d10] p=2147483647 attempt 0: |S|=18882 |U|=9 (a=3, excess 6) m=73 blocks 1x9 projected nullity 3, verified=True, rank 3 [split 0.0s trisolve 0.0s schur 0.0s null 0.0s lift 0.0s rank 0.0s]
  per6 (15, 6, 4, 3, 1, 1) d10 p=2147483647: a=3 n_chi=18891 mult=3 units=0 [0.1s]
    hybrid[per6 15_6_4_3_1_1d10] p=2147483629 attempt 0: |S|=18882 |U|=9 (a=3, excess 6) m=73 blocks 1x9 projected nullity 3, verified=True, rank 3 [split 0.0s trisolve 0.0s schur 0.0s null 0.0s lift 0.0s rank 0.0s]
  per6 (15, 6, 4, 3, 1, 1) d10 p=2147483629: a=3 n_chi=18891 mult=3 units=0 [0.1s]
  PER6 RESULT (15, 6, 4, 3, 1, 1) d10: a=3 N_S=48252 n_chi=18891 mult=3 units=0 proved: mult = a at both primes (S_mu not in the ideal over Q) (1.0s, HWM 0.09 GB)

=== rank 51 ((12, 10, 4, 2, 1, 1), 10) N_S 48827 a 3 2026-09-09T03:50:54.648853
      level 1: 35 prefixes
      level 2: 411 prefixes
      level 3: 2381 prefixes
      level 4: 7945 prefixes
      level 5: 17996 prefixes
      level 6: 34346 prefixes
      level 7: 46331 prefixes
      level 8: 48766 prefixes
      level 9: 48827 prefixes
      level 10: 48827 prefixes
  lam=(12, 10, 4, 2, 1, 1): N_S=48827 |Stab|=2 n_chi=18985 (orbits dropped: 10857) [lean, 0s, HWM 0.07 GB]
    E_01: |H|=2 targets 44251 canonical rows 17196 nnz 82136 (obstructed fixed targets cancelled: 3193) [0s, HWM 0.08 GB]
    E_12: |H|=2 targets 28866 canonical rows 11108 nnz 49694 (obstructed fixed targets cancelled: 1897) [0s, HWM 0.08 GB]
    E_23: |H|=2 targets 26635 canonical rows 10253 nnz 31177 (obstructed fixed targets cancelled: 794) [0s, HWM 0.08 GB]
    E_34: |H|=1 targets 22358 canonical rows 21797 nnz 37970 (obstructed fixed targets cancelled: 0) [0s, HWM 0.08 GB]
    E_45: |H|=1 targets 29842 canonical rows 0 nnz 0 (obstructed fixed targets cancelled: 0) [1s, HWM 0.08 GB]
  built (12, 10, 4, 2, 1, 1) d10: N_S=48827 |Stab|=2 n_chi=18985 rows=60354 nnz=200977 (1s: mono 0s orbits 0s rows 1s; HWM 0.08 GB)
    hybrid[per6 12_10_4_2_1_1d10] p=2147483647 attempt 0: |S|=18978 |U|=7 (a=3, excess 4) m=71 blocks 1x7 projected nullity 3, verified=True, rank 3 [split 0.0s trisolve 0.0s schur 0.0s null 0.0s lift 0.0s rank 0.0s]
  per6 (12, 10, 4, 2, 1, 1) d10 p=2147483647: a=3 n_chi=18985 mult=3 units=0 [0.1s]
    hybrid[per6 12_10_4_2_1_1d10] p=2147483629 attempt 0: |S|=18978 |U|=7 (a=3, excess 4) m=71 blocks 1x7 projected nullity 3, verified=True, rank 3 [split 0.0s trisolve 0.0s schur 0.0s null 0.0s lift 0.0s rank 0.0s]
  per6 (12, 10, 4, 2, 1, 1) d10 p=2147483629: a=3 n_chi=18985 mult=3 units=0 [0.1s]
  PER6 RESULT (12, 10, 4, 2, 1, 1) d10: a=3 N_S=48827 n_chi=18985 mult=3 units=0 proved: mult = a at both primes (S_mu not in the ideal over Q) (0.9s, HWM 0.09 GB)

=== rank 52 ((11, 11, 4, 2, 1, 1), 10) N_S 50383 a 1 2026-09-09T03:50:55.896661
      level 1: 34 prefixes
      level 2: 395 prefixes
      level 3: 2216 prefixes
      level 4: 7336 prefixes
      level 5: 16211 prefixes
      level 6: 29902 prefixes
      level 7: 44534 prefixes
      level 8: 49959 prefixes
      level 9: 50383 prefixes
      level 10: 50383 prefixes
  lam=(11, 11, 4, 2, 1, 1): N_S=50383 |Stab|=4 n_chi=9820 (orbits dropped: 5706) [lean, 0s, HWM 0.07 GB]
    E_01: |H|=2 targets 48827 canonical rows 18985 nnz 87857 (obstructed fixed targets cancelled: 3329) [0s, HWM 0.08 GB]
    E_12: |H|=2 targets 28866 canonical rows 11107 nnz 51141 (obstructed fixed targets cancelled: 2023) [0s, HWM 0.08 GB]
    E_23: |H|=4 targets 27467 canonical rows 5293 nnz 16075 (obstructed fixed targets cancelled: 842) [0s, HWM 0.08 GB]
    E_34: |H|=2 targets 23052 canonical rows 11166 nnz 19493 (obstructed fixed targets cancelled: 56) [1s, HWM 0.08 GB]
    E_45: |H|=2 targets 30767 canonical rows 0 nnz 0 (obstructed fixed targets cancelled: 91) [1s, HWM 0.08 GB]
  built (11, 11, 4, 2, 1, 1) d10: N_S=50383 |Stab|=4 n_chi=9820 rows=46551 nnz=174566 (1s: mono 0s orbits 0s rows 1s; HWM 0.08 GB)
    hybrid[per6 11_11_4_2_1_1d10] p=2147483647 attempt 0: |S|=9814 |U|=6 (a=1, excess 5) m=70 blocks 1x6 projected nullity 1, verified=True, rank 1 [split 0.0s trisolve 0.0s schur 0.0s null 0.0s lift 0.0s rank 0.0s]
  per6 (11, 11, 4, 2, 1, 1) d10 p=2147483647: a=1 n_chi=9820 mult=1 units=0 [0.1s]
    hybrid[per6 11_11_4_2_1_1d10] p=2147483629 attempt 0: |S|=9814 |U|=6 (a=1, excess 5) m=70 blocks 1x6 projected nullity 1, verified=True, rank 1 [split 0.0s trisolve 0.0s schur 0.0s null 0.0s lift 0.0s rank 0.0s]
  per6 (11, 11, 4, 2, 1, 1) d10 p=2147483629: a=1 n_chi=9820 mult=1 units=0 [0.1s]
  PER6 RESULT (11, 11, 4, 2, 1, 1) d10: a=1 N_S=50383 n_chi=9820 mult=1 units=0 proved: mult = a at both primes (S_mu not in the ideal over Q) (1.0s, HWM 0.08 GB)

=== rank 53 ((16, 5, 3, 3, 2, 1), 10) N_S 51478 a 1 2026-09-09T03:50:57.256095
      level 1: 42 prefixes
      level 2: 680 prefixes
      level 3: 5542 prefixes
      level 4: 23340 prefixes
      level 5: 45574 prefixes
      level 6: 51352 prefixes
      level 7: 51478 prefixes
      level 8: 51478 prefixes
      level 9: 51478 prefixes
      level 10: 51478 prefixes
  lam=(16, 5, 3, 3, 2, 1): N_S=51478 |Stab|=2 n_chi=24681 (orbits dropped: 2116) [lean, 0s, HWM 0.08 GB]
    E_01: |H|=2 targets 31061 canonical rows 14835 nnz 75535 (obstructed fixed targets cancelled: 922) [0s, HWM 0.08 GB]
    E_12: |H|=1 targets 34075 canonical rows 34067 nnz 110844 (obstructed fixed targets cancelled: 0) [0s, HWM 0.08 GB]
    E_23: |H|=1 targets 42999 canonical rows 42451 nnz 101561 (obstructed fixed targets cancelled: 0) [0s, HWM 0.08 GB]
    E_34: |H|=1 targets 32193 canonical rows 32156 nnz 82742 (obstructed fixed targets cancelled: 0) [1s, HWM 0.08 GB]
    E_45: |H|=2 targets 23409 canonical rows 11095 nnz 24470 (obstructed fixed targets cancelled: 211) [1s, HWM 0.08 GB]
  built (16, 5, 3, 3, 2, 1) d10: N_S=51478 |Stab|=2 n_chi=24681 rows=134604 nnz=395152 (1s: mono 0s orbits 0s rows 1s; HWM 0.08 GB)
    hybrid[per6 16_5_3_3_2_1d10] p=2147483647 attempt 0: |S|=24678 |U|=3 (a=1, excess 2) m=67 blocks 1x3 projected nullity 1, verified=True, rank 1 [split 0.0s trisolve 0.0s schur 0.0s null 0.0s lift 0.0s rank 0.0s]
  per6 (16, 5, 3, 3, 2, 1) d10 p=2147483647: a=1 n_chi=24681 mult=1 units=0 [0.1s]
    hybrid[per6 16_5_3_3_2_1d10] p=2147483629 attempt 0: |S|=24678 |U|=3 (a=1, excess 2) m=67 blocks 1x3 projected nullity 1, verified=True, rank 1 [split 0.0s trisolve 0.0s schur 0.0s null 0.0s lift 0.0s rank 0.0s]
  per6 (16, 5, 3, 3, 2, 1) d10 p=2147483629: a=1 n_chi=24681 mult=1 units=0 [0.1s]
  PER6 RESULT (16, 5, 3, 3, 2, 1) d10: a=1 N_S=51478 n_chi=24681 mult=1 units=0 proved: mult = a at both primes (S_mu not in the ideal over Q) (1.2s, HWM 0.09 GB)

=== rank 54 ((14, 6, 6, 2, 1, 1), 10) N_S 52075 a 1 2026-09-09T03:50:58.845064
      level 1: 36 prefixes
      level 2: 425 prefixes
      level 3: 2692 prefixes
      level 4: 11290 prefixes
      level 5: 31079 prefixes
      level 6: 48347 prefixes
      level 7: 51994 prefixes
      level 8: 52075 prefixes
      level 9: 52075 prefixes
      level 10: 52075 prefixes
  lam=(14, 6, 6, 2, 1, 1): N_S=52075 |Stab|=4 n_chi=10183 (orbits dropped: 5997) [lean, 0s, HWM 0.08 GB]
    E_01: |H|=2 targets 35141 canonical rows 13632 nnz 67402 (obstructed fixed targets cancelled: 2801) [0s, HWM 0.08 GB]
    E_12: |H|=2 targets 47932 canonical rows 18698 nnz 67515 (obstructed fixed targets cancelled: 1882) [0s, HWM 0.08 GB]
    E_23: |H|=2 targets 23713 canonical rows 9117 nnz 33046 (obstructed fixed targets cancelled: 1037) [0s, HWM 0.08 GB]
    E_34: |H|=2 targets 23773 canonical rows 11739 nnz 20366 (obstructed fixed targets cancelled: 0) [1s, HWM 0.08 GB]
    E_45: |H|=2 targets 31751 canonical rows 0 nnz 0 (obstructed fixed targets cancelled: 0) [1s, HWM 0.08 GB]
  built (14, 6, 6, 2, 1, 1) d10: N_S=52075 |Stab|=4 n_chi=10183 rows=53186 nnz=188329 (1s: mono 0s orbits 0s rows 1s; HWM 0.08 GB)
    hybrid[per6 14_6_6_2_1_1d10] p=2147483647 attempt 0: |S|=10181 |U|=2 (a=1, excess 1) m=66 blocks 1x2 projected nullity 1, verified=True, rank 1 [split 0.0s trisolve 0.0s schur 0.0s null 0.0s lift 0.0s rank 0.0s]
  per6 (14, 6, 6, 2, 1, 1) d10 p=2147483647: a=1 n_chi=10183 mult=1 units=0 [0.1s]
    hybrid[per6 14_6_6_2_1_1d10] p=2147483629 attempt 0: |S|=10181 |U|=2 (a=1, excess 1) m=66 blocks 1x2 projected nullity 1, verified=True, rank 1 [split 0.0s trisolve 0.0s schur 0.0s null 0.0s lift 0.0s rank 0.0s]
  per6 (14, 6, 6, 2, 1, 1) d10 p=2147483629: a=1 n_chi=10183 mult=1 units=0 [0.1s]
  PER6 RESULT (14, 6, 6, 2, 1, 1) d10: a=1 N_S=52075 n_chi=10183 mult=1 units=0 proved: mult = a at both primes (S_mu not in the ideal over Q) (1.0s, HWM 0.08 GB)

=== rank 55 ((9, 9, 9, 1, 1, 1), 10) N_S 52478 a 1 2026-09-09T03:51:00.218692
      level 1: 20 prefixes
      level 2: 204 prefixes
      level 3: 1022 prefixes
      level 4: 3617 prefixes
      level 5: 9571 prefixes
      level 6: 20328 prefixes
      level 7: 36879 prefixes
      level 8: 49613 prefixes
      level 9: 52478 prefixes
      level 10: 52478 prefixes
  lam=(9, 9, 9, 1, 1, 1): N_S=52478 |Stab|=36 n_chi=618 (orbits dropped: 1996) [lean, 1s, HWM 0.08 GB]
    E_01: |H|=6 targets 50107 canonical rows 3259 nnz 13152 (obstructed fixed targets cancelled: 6105) [0s, HWM 0.08 GB]
    E_12: |H|=6 targets 50107 canonical rows 3259 nnz 13152 (obstructed fixed targets cancelled: 6105) [0s, HWM 0.08 GB]
    E_23: |H|=4 targets 12430 canonical rows 2270 nnz 5175 (obstructed fixed targets cancelled: 46) [1s, HWM 0.08 GB]
    E_34: |H|=6 targets 31973 canonical rows 0 nnz 0 (obstructed fixed targets cancelled: 225) [1s, HWM 0.08 GB]
    E_45: |H|=6 targets 31973 canonical rows 0 nnz 0 (obstructed fixed targets cancelled: 225) [1s, HWM 0.08 GB]
  built (9, 9, 9, 1, 1, 1) d10: N_S=52478 |Stab|=36 n_chi=618 rows=8788 nnz=31479 (2s: mono 0s orbits 1s rows 1s; HWM 0.08 GB)
    hybrid[per6 9_9_9_1_1_1d10] p=2147483647 attempt 0: |S|=617 |U|=1 (a=1, excess 0) m=65 blocks 1x1 projected nullity 1, verified=True, rank 1 [split 0.0s trisolve 0.0s schur 0.0s null 0.0s lift 0.0s rank 0.0s]
  per6 (9, 9, 9, 1, 1, 1) d10 p=2147483647: a=1 n_chi=618 mult=1 units=0 [0.0s]
    hybrid[per6 9_9_9_1_1_1d10] p=2147483629 attempt 0: |S|=617 |U|=1 (a=1, excess 0) m=65 blocks 1x1 projected nullity 1, verified=True, rank 1 [split 0.0s trisolve 0.0s schur 0.0s null 0.0s lift 0.0s rank 0.0s]
  per6 (9, 9, 9, 1, 1, 1) d10 p=2147483629: a=1 n_chi=618 mult=1 units=0 [0.0s]
  PER6 RESULT (9, 9, 9, 1, 1, 1) d10: a=1 N_S=52478 n_chi=618 mult=1 units=0 proved: mult = a at both primes (S_mu not in the ideal over Q) (1.8s, HWM 0.08 GB)

=== rank 56 ((13, 9, 3, 3, 1, 1), 10) N_S 53039 a 2 2026-09-09T03:51:02.322975
      level 1: 36 prefixes
      level 2: 458 prefixes
      level 3: 2905 prefixes
      level 4: 9871 prefixes
      level 5: 24458 prefixes
      level 6: 43988 prefixes
      level 7: 52344 prefixes
      level 8: 53039 prefixes
      level 9: 53039 prefixes
      level 10: 53039 prefixes
  lam=(13, 9, 3, 3, 1, 1): N_S=53039 |Stab|=4 n_chi=10159 (orbits dropped: 6815) [lean, 0s, HWM 0.08 GB]
    E_01: |H|=4 targets 44835 canonical rows 8566 nnz 41475 (obstructed fixed targets cancelled: 3754) [0s, HWM 0.08 GB]
    E_12: |H|=2 targets 27274 canonical rows 10488 nnz 43743 (obstructed fixed targets cancelled: 1662) [0s, HWM 0.08 GB]
    E_23: |H|=2 targets 44251 canonical rows 17050 nnz 40605 (obstructed fixed targets cancelled: 968) [0s, HWM 0.08 GB]
    E_34: |H|=1 targets 20283 canonical rows 20202 nnz 40234 (obstructed fixed targets cancelled: 0) [1s, HWM 0.08 GB]
    E_45: |H|=2 targets 32259 canonical rows 0 nnz 0 (obstructed fixed targets cancelled: 201) [1s, HWM 0.08 GB]
  built (13, 9, 3, 3, 1, 1) d10: N_S=53039 |Stab|=4 n_chi=10159 rows=56306 nnz=166057 (1s: mono 0s orbits 0s rows 1s; HWM 0.08 GB)
    hybrid[per6 13_9_3_3_1_1d10] p=2147483647 attempt 0: |S|=10156 |U|=3 (a=2, excess 1) m=67 blocks 1x3 projected nullity 2, verified=True, rank 2 [split 0.0s trisolve 0.0s schur 0.0s null 0.0s lift 0.0s rank 0.0s]
  per6 (13, 9, 3, 3, 1, 1) d10 p=2147483647: a=2 n_chi=10159 mult=2 units=0 [0.1s]
    hybrid[per6 13_9_3_3_1_1d10] p=2147483629 attempt 0: |S|=10156 |U|=3 (a=2, excess 1) m=67 blocks 1x3 projected nullity 2, verified=True, rank 2 [split 0.0s trisolve 0.0s schur 0.0s null 0.0s lift 0.0s rank 0.0s]
  per6 (13, 9, 3, 3, 1, 1) d10 p=2147483629: a=2 n_chi=10159 mult=2 units=0 [0.1s]
  PER6 RESULT (13, 9, 3, 3, 1, 1) d10: a=2 N_S=53039 n_chi=10159 mult=2 units=0 proved: mult = a at both primes (S_mu not in the ideal over Q) (1.1s, HWM 0.08 GB)

=== rank 57 ((15, 5, 5, 3, 1, 1), 10) N_S 53290 a 4 2026-09-09T03:51:03.781839
      level 1: 37 prefixes
      level 2: 494 prefixes
      level 3: 3665 prefixes
      level 4: 16749 prefixes
      level 5: 40255 prefixes
      level 6: 52282 prefixes
      level 7: 53290 prefixes
      level 8: 53290 prefixes
      level 9: 53290 prefixes
      level 10: 53290 prefixes
  lam=(15, 5, 5, 3, 1, 1): N_S=53290 |Stab|=4 n_chi=10417 (orbits dropped: 6122) [lean, 0s, HWM 0.08 GB]
    E_01: |H|=2 targets 32193 canonical rows 12533 nnz 62284 (obstructed fixed targets cancelled: 2605) [0s, HWM 0.08 GB]
    E_12: |H|=2 targets 48252 canonical rows 18879 nnz 61680 (obstructed fixed targets cancelled: 1664) [0s, HWM 0.08 GB]
    E_23: |H|=2 targets 35141 canonical rows 13629 nnz 45559 (obstructed fixed targets cancelled: 1266) [0s, HWM 0.08 GB]
    E_34: |H|=2 targets 20328 canonical rows 9890 nnz 20520 (obstructed fixed targets cancelled: 175) [1s, HWM 0.08 GB]
    E_45: |H|=2 targets 32338 canonical rows 0 nnz 0 (obstructed fixed targets cancelled: 133) [1s, HWM 0.08 GB]
  built (15, 5, 5, 3, 1, 1) d10: N_S=53290 |Stab|=4 n_chi=10417 rows=54931 nnz=190043 (1s: mono 0s orbits 0s rows 1s; HWM 0.08 GB)
    hybrid[per6 15_5_5_3_1_1d10] p=2147483647 attempt 0: |S|=10411 |U|=6 (a=4, excess 2) m=70 blocks 1x6 projected nullity 4, verified=True, rank 4 [split 0.0s trisolve 0.0s schur 0.0s null 0.0s lift 0.0s rank 0.0s]
  per6 (15, 5, 5, 3, 1, 1) d10 p=2147483647: a=4 n_chi=10417 mult=4 units=0 [0.1s]
    hybrid[per6 15_5_5_3_1_1d10] p=2147483629 attempt 0: |S|=10411 |U|=6 (a=4, excess 2) m=70 blocks 1x6 projected nullity 4, verified=True, rank 4 [split 0.0s trisolve 0.0s schur 0.0s null 0.0s lift 0.0s rank 0.0s]
  per6 (15, 5, 5, 3, 1, 1) d10 p=2147483629: a=4 n_chi=10417 mult=4 units=0 [0.1s]
  PER6 RESULT (15, 5, 5, 3, 1, 1) d10: a=4 N_S=53290 n_chi=10417 mult=4 units=0 proved: mult = a at both primes (S_mu not in the ideal over Q) (1.1s, HWM 0.08 GB)

=== rank 58 ((12, 10, 3, 3, 1, 1), 10) N_S 58555 a 2 2026-09-09T03:51:05.255761
      level 1: 36 prefixes
      level 2: 445 prefixes
      level 3: 2735 prefixes
      level 4: 9433 prefixes
      level 5: 21546 prefixes
      level 6: 41229 prefixes
      level 7: 55624 prefixes
      level 8: 58487 prefixes
      level 9: 58555 prefixes
      level 10: 58555 prefixes
  lam=(12, 10, 3, 3, 1, 1): N_S=58555 |Stab|=4 n_chi=11232 (orbits dropped: 7498) [lean, 0s, HWM 0.08 GB]
    E_01: |H|=4 targets 53039 canonical rows 10159 nnz 48401 (obstructed fixed targets cancelled: 4216) [0s, HWM 0.08 GB]
    E_12: |H|=2 targets 28866 canonical rows 11104 nnz 48345 (obstructed fixed targets cancelled: 1897) [0s, HWM 0.08 GB]
    E_23: |H|=2 targets 48827 canonical rows 18828 nnz 44966 (obstructed fixed targets cancelled: 1063) [1s, HWM 0.08 GB]
    E_34: |H|=1 targets 22358 canonical rows 22279 nnz 44476 (obstructed fixed targets cancelled: 0) [1s, HWM 0.08 GB]
    E_45: |H|=2 targets 35597 canonical rows 0 nnz 0 (obstructed fixed targets cancelled: 226) [1s, HWM 0.08 GB]
  built (12, 10, 3, 3, 1, 1) d10: N_S=58555 |Stab|=4 n_chi=11232 rows=62370 nnz=186188 (1s: mono 0s orbits 0s rows 1s; HWM 0.08 GB)
    hybrid[per6 12_10_3_3_1_1d10] p=2147483647 attempt 0: |S|=11227 |U|=5 (a=2, excess 3) m=69 blocks 1x5 projected nullity 2, verified=True, rank 2 [split 0.0s trisolve 0.0s schur 0.0s null 0.0s lift 0.0s rank 0.0s]
  per6 (12, 10, 3, 3, 1, 1) d10 p=2147483647: a=2 n_chi=11232 mult=2 units=0 [0.1s]
    hybrid[per6 12_10_3_3_1_1d10] p=2147483629 attempt 0: |S|=11227 |U|=5 (a=2, excess 3) m=69 blocks 1x5 projected nullity 2, verified=True, rank 2 [split 0.0s trisolve 0.0s schur 0.0s null 0.0s lift 0.0s rank 0.0s]
  per6 (12, 10, 3, 3, 1, 1) d10 p=2147483629: a=2 n_chi=11232 mult=2 units=0 [0.1s]
  PER6 RESULT (12, 10, 3, 3, 1, 1) d10: a=2 N_S=58555 n_chi=11232 mult=2 units=0 proved: mult = a at both primes (S_mu not in the ideal over Q) (1.2s, HWM 0.08 GB)

=== rank 59 ((16, 4, 4, 3, 2, 1), 10) N_S 59033 a 1 2026-09-09T03:51:06.758672
      level 1: 42 prefixes
      level 2: 690 prefixes
      level 3: 6014 prefixes
      level 4: 26422 prefixes
      level 5: 52193 prefixes
      level 6: 58886 prefixes
      level 7: 59033 prefixes
      level 8: 59033 prefixes
      level 9: 59033 prefixes
      level 10: 59033 prefixes
  lam=(16, 4, 4, 3, 2, 1): N_S=59033 |Stab|=2 n_chi=30235 (orbits dropped: 0) [lean, 0s, HWM 0.08 GB]
    E_01: |H|=1 targets 31061 canonical rows 31061 nnz 159634 (obstructed fixed targets cancelled: 0) [0s, HWM 0.08 GB]
    E_12: |H|=1 targets 51478 canonical rows 51478 nnz 155548 (obstructed fixed targets cancelled: 0) [0s, HWM 0.08 GB]
    E_23: |H|=1 targets 42999 canonical rows 42999 nnz 132530 (obstructed fixed targets cancelled: 0) [0s, HWM 0.08 GB]
    E_34: |H|=2 targets 36880 canonical rows 18922 nnz 50340 (obstructed fixed targets cancelled: 0) [1s, HWM 0.08 GB]
    E_45: |H|=2 targets 26805 canonical rows 13831 nnz 30235 (obstructed fixed targets cancelled: 0) [1s, HWM 0.08 GB]
  built (16, 4, 4, 3, 2, 1) d10: N_S=59033 |Stab|=2 n_chi=30235 rows=158291 nnz=528287 (1s: mono 0s orbits 0s rows 1s; HWM 0.08 GB)
    hybrid[per6 16_4_4_3_2_1d10] p=2147483647 attempt 0: |S|=30229 |U|=6 (a=1, excess 5) m=70 blocks 1x6 projected nullity 1, verified=True, rank 1 [split 0.0s trisolve 0.0s schur 0.0s null 0.0s lift 0.0s rank 0.0s]
  per6 (16, 4, 4, 3, 2, 1) d10 p=2147483647: a=1 n_chi=30235 mult=1 units=0 [0.1s]
    hybrid[per6 16_4_4_3_2_1d10] p=2147483629 attempt 0: |S|=30229 |U|=6 (a=1, excess 5) m=70 blocks 1x6 projected nullity 1, verified=True, rank 1 [split 0.0s trisolve 0.0s schur 0.0s null 0.0s lift 0.0s rank 0.0s]
  per6 (16, 4, 4, 3, 2, 1) d10 p=2147483629: a=1 n_chi=30235 mult=1 units=0 [0.1s]
  PER6 RESULT (16, 4, 4, 3, 2, 1) d10: a=1 N_S=59033 n_chi=30235 mult=1 units=0 proved: mult = a at both primes (S_mu not in the ideal over Q) (1.4s, HWM 0.1 GB)

=== rank 60 ((14, 8, 3, 2, 2, 1), 10) N_S 59961 a 7 2026-09-09T03:51:08.479712
      level 1: 40 prefixes
      level 2: 586 prefixes
      level 3: 3895 prefixes
      level 4: 14049 prefixes
      level 5: 36010 prefixes
      level 6: 55677 prefixes
      level 7: 59871 prefixes
      level 8: 59961 prefixes
      level 9: 59961 prefixes
      level 10: 59961 prefixes
  lam=(14, 8, 3, 2, 2, 1): N_S=59961 |Stab|=2 n_chi=32337 (orbits dropped: 0) [lean, 0s, HWM 0.08 GB]
    E_01: |H|=2 targets 46971 canonical rows 25368 nnz 127841 (obstructed fixed targets cancelled: 0) [0s, HWM 0.08 GB]
    E_12: |H|=2 targets 32336 canonical rows 17566 nnz 71622 (obstructed fixed targets cancelled: 0) [0s, HWM 0.08 GB]
    E_23: |H|=1 targets 37450 canonical rows 37450 nnz 100031 (obstructed fixed targets cancelled: 0) [0s, HWM 0.08 GB]
    E_34: |H|=1 targets 44835 canonical rows 44835 nnz 88033 (obstructed fixed targets cancelled: 0) [1s, HWM 0.08 GB]
    E_45: |H|=1 targets 27321 canonical rows 27321 nnz 59961 (obstructed fixed targets cancelled: 0) [1s, HWM 0.08 GB]
  built (14, 8, 3, 2, 2, 1) d10: N_S=59961 |Stab|=2 n_chi=32337 rows=152540 nnz=447488 (1s: mono 0s orbits 0s rows 1s; HWM 0.08 GB)
    hybrid[per6 14_8_3_2_2_1d10] p=2147483647 attempt 0: |S|=32327 |U|=10 (a=7, excess 3) m=74 blocks 1x10 projected nullity 7, verified=True, rank 7 [split 0.0s trisolve 0.0s schur 0.0s null 0.0s lift 0.1s rank 0.0s]
  per6 (14, 8, 3, 2, 2, 1) d10 p=2147483647: a=7 n_chi=32337 mult=7 units=0 [0.3s]
    hybrid[per6 14_8_3_2_2_1d10] p=2147483629 attempt 0: |S|=32327 |U|=10 (a=7, excess 3) m=74 blocks 1x10 projected nullity 7, verified=True, rank 7 [split 0.0s trisolve 0.0s schur 0.0s null 0.0s lift 0.0s rank 0.0s]
  per6 (14, 8, 3, 2, 2, 1) d10 p=2147483629: a=7 n_chi=32337 mult=7 units=0 [0.2s]
  PER6 RESULT (14, 8, 3, 2, 2, 1) d10: a=7 N_S=59961 n_chi=32337 mult=7 units=0 proved: mult = a at both primes (S_mu not in the ideal over Q) (1.5s, HWM 0.13 GB)

=== rank 61 ((13, 8, 5, 2, 1, 1), 10) N_S 60153 a 7 2026-09-09T03:51:10.320231
      level 1: 35 prefixes
      level 2: 426 prefixes
      level 3: 2637 prefixes
      level 4: 10011 prefixes
      level 5: 27189 prefixes
      level 6: 49933 prefixes
      level 7: 59386 prefixes
      level 8: 60153 prefixes
      level 9: 60153 prefixes
      level 10: 60153 prefixes
  lam=(13, 8, 5, 2, 1, 1): N_S=60153 |Stab|=2 n_chi=23560 (orbits dropped: 13033) [lean, 0s, HWM 0.08 GB]
    E_01: |H|=2 targets 47932 canonical rows 18707 nnz 92441 (obstructed fixed targets cancelled: 3596) [0s, HWM 0.08 GB]
    E_12: |H|=2 targets 44251 canonical rows 17196 nnz 71673 (obstructed fixed targets cancelled: 2371) [0s, HWM 0.08 GB]
    E_23: |H|=2 targets 29606 canonical rows 11425 nnz 38688 (obstructed fixed targets cancelled: 1084) [0s, HWM 0.08 GB]
    E_34: |H|=1 targets 27388 canonical rows 26746 nnz 47120 (obstructed fixed targets cancelled: 0) [1s, HWM 0.08 GB]
    E_45: |H|=1 targets 36593 canonical rows 0 nnz 0 (obstructed fixed targets cancelled: 0) [1s, HWM 0.08 GB]
  built (13, 8, 5, 2, 1, 1) d10: N_S=60153 |Stab|=2 n_chi=23560 rows=74074 nnz=249922 (1s: mono 0s orbits 0s rows 1s; HWM 0.08 GB)
    hybrid[per6 13_8_5_2_1_1d10] p=2147483647 attempt 0: |S|=23551 |U|=9 (a=7, excess 2) m=73 blocks 1x9 projected nullity 7, verified=True, rank 7 [split 0.0s trisolve 0.0s schur 0.0s null 0.0s lift 0.0s rank 0.0s]
  per6 (13, 8, 5, 2, 1, 1) d10 p=2147483647: a=7 n_chi=23560 mult=7 units=0 [0.2s]
    hybrid[per6 13_8_5_2_1_1d10] p=2147483629 attempt 0: |S|=23551 |U|=9 (a=7, excess 2) m=73 blocks 1x9 projected nullity 7, verified=True, rank 7 [split 0.0s trisolve 0.0s schur 0.0s null 0.0s lift 0.0s rank 0.0s]
  per6 (13, 8, 5, 2, 1, 1) d10 p=2147483629: a=7 n_chi=23560 mult=7 units=0 [0.2s]
  PER6 RESULT (13, 8, 5, 2, 1, 1) d10: a=7 N_S=60153 n_chi=23560 mult=7 units=0 proved: mult = a at both primes (S_mu not in the ideal over Q) (1.2s, HWM 0.1 GB)

=== rank 62 ((11, 11, 3, 3, 1, 1), 10) N_S 60441 a 1 2026-09-09T03:51:11.874316
      level 1: 35 prefixes
      level 2: 433 prefixes
      level 3: 2523 prefixes
      level 4: 8661 prefixes
      level 5: 19424 prefixes
      level 6: 35896 prefixes
      level 7: 53490 prefixes
      level 8: 59951 prefixes
      level 9: 60441 prefixes
      level 10: 60441 prefixes
  lam=(11, 11, 3, 3, 1, 1): N_S=60441 |Stab|=8 n_chi=5775 (orbits dropped: 3997) [lean, 0s, HWM 0.08 GB]
    E_01: |H|=4 targets 58555 canonical rows 11232 nnz 51576 (obstructed fixed targets cancelled: 4378) [0s, HWM 0.08 GB]
    E_12: |H|=2 targets 28866 canonical rows 11106 nnz 49532 (obstructed fixed targets cancelled: 2023) [0s, HWM 0.08 GB]
    E_23: |H|=4 targets 50383 canonical rows 9725 nnz 23090 (obstructed fixed targets cancelled: 1114) [1s, HWM 0.08 GB]
    E_34: |H|=2 targets 23052 canonical rows 11387 nnz 22718 (obstructed fixed targets cancelled: 85) [1s, HWM 0.08 GB]
    E_45: |H|=4 targets 36720 canonical rows 0 nnz 0 (obstructed fixed targets cancelled: 274) [1s, HWM 0.08 GB]
  built (11, 11, 3, 3, 1, 1) d10: N_S=60441 |Stab|=8 n_chi=5775 rows=43450 nnz=146916 (1s: mono 0s orbits 0s rows 1s; HWM 0.08 GB)
    hybrid[per6 11_11_3_3_1_1d10] p=2147483647 attempt 0: |S|=5772 |U|=3 (a=1, excess 2) m=67 blocks 1x3 projected nullity 1, verified=True, rank 1 [split 0.0s trisolve 0.0s schur 0.0s null 0.0s lift 0.0s rank 0.0s]
  per6 (11, 11, 3, 3, 1, 1) d10 p=2147483647: a=1 n_chi=5775 mult=1 units=0 [0.1s]
    hybrid[per6 11_11_3_3_1_1d10] p=2147483629 attempt 0: |S|=5772 |U|=3 (a=1, excess 2) m=67 blocks 1x3 projected nullity 1, verified=True, rank 1 [split 0.0s trisolve 0.0s schur 0.0s null 0.0s lift 0.0s rank 0.0s]
  per6 (11, 11, 3, 3, 1, 1) d10 p=2147483629: a=1 n_chi=5775 mult=1 units=0 [0.1s]
  PER6 RESULT (11, 11, 3, 3, 1, 1) d10: a=1 N_S=60441 n_chi=5775 mult=1 units=0 proved: mult = a at both primes (S_mu not in the ideal over Q) (1.4s, HWM 0.08 GB)

=== rank 63 ((15, 5, 4, 4, 1, 1), 10) N_S 61178 a 1 2026-09-09T03:51:13.611576
      level 1: 36 prefixes
      level 2: 512 prefixes
      level 3: 4009 prefixes
      level 4: 18929 prefixes
      level 5: 46125 prefixes
      level 6: 60026 prefixes
      level 7: 61178 prefixes
      level 8: 61178 prefixes
      level 9: 61178 prefixes
      level 10: 61178 prefixes
  lam=(15, 5, 4, 4, 1, 1): N_S=61178 |Stab|=4 n_chi=12165 (orbits dropped: 6976) [lean, 0s, HWM 0.08 GB]
    E_01: |H|=4 targets 36880 canonical rows 7255 nnz 36330 (obstructed fixed targets cancelled: 3212) [0s, HWM 0.08 GB]
    E_12: |H|=2 targets 48252 canonical rows 18890 nnz 63666 (obstructed fixed targets cancelled: 1664) [0s, HWM 0.08 GB]
    E_23: |H|=2 targets 53290 canonical rows 20898 nnz 62176 (obstructed fixed targets cancelled: 1322) [1s, HWM 0.08 GB]
    E_34: |H|=1 targets 20328 canonical rows 20098 nnz 47794 (obstructed fixed targets cancelled: 0) [1s, HWM 0.08 GB]
    E_45: |H|=2 targets 37104 canonical rows 0 nnz 0 (obstructed fixed targets cancelled: 0) [1s, HWM 0.08 GB]
  built (15, 5, 4, 4, 1, 1) d10: N_S=61178 |Stab|=4 n_chi=12165 rows=67141 nnz=209966 (1s: mono 0s orbits 0s rows 1s; HWM 0.08 GB)
    hybrid[per6 15_5_4_4_1_1d10] p=2147483647 attempt 0: |S|=12161 |U|=4 (a=1, excess 3) m=68 blocks 1x4 projected nullity 1, verified=True, rank 1 [split 0.0s trisolve 0.0s schur 0.0s null 0.0s lift 0.0s rank 0.0s]
  per6 (15, 5, 4, 4, 1, 1) d10 p=2147483647: a=1 n_chi=12165 mult=1 units=0 [0.1s]
    hybrid[per6 15_5_4_4_1_1d10] p=2147483629 attempt 0: |S|=12161 |U|=4 (a=1, excess 3) m=68 blocks 1x4 projected nullity 1, verified=True, rank 1 [split 0.0s trisolve 0.0s schur 0.0s null 0.0s lift 0.0s rank 0.0s]
  per6 (15, 5, 4, 4, 1, 1) d10 p=2147483629: a=1 n_chi=12165 mult=1 units=0 [0.1s]
  PER6 RESULT (15, 5, 4, 4, 1, 1) d10: a=1 N_S=61178 n_chi=12165 mult=1 units=0 proved: mult = a at both primes (S_mu not in the ideal over Q) (1.3s, HWM 0.08 GB)

=== rank 64 ((15, 7, 2, 2, 2, 2), 10) N_S 62875 a 5 2026-09-09T03:51:15.232446
      level 1: 44 prefixes
      level 2: 726 prefixes
      level 3: 5096 prefixes
      level 4: 20415 prefixes
      level 5: 47532 prefixes
      level 6: 61665 prefixes
      level 7: 62875 prefixes
      level 8: 62875 prefixes
      level 9: 62875 prefixes
      level 10: 62875 prefixes
  lam=(15, 7, 2, 2, 2, 2): N_S=62875 |Stab|=24 n_chi=4134 (orbits dropped: 0) [lean, 1s, HWM 0.08 GB]
    E_01: |H|=24 targets 45560 canonical rows 3054 nnz 14062 (obstructed fixed targets cancelled: 0) [1s, HWM 0.08 GB]
    E_12: |H|=6 targets 26963 canonical rows 5731 nnz 21191 (obstructed fixed targets cancelled: 0) [1s, HWM 0.08 GB]
    E_23: |H|=2 targets 46971 canonical rows 25368 nnz 49281 (obstructed fixed targets cancelled: 0) [1s, HWM 0.08 GB]
    E_34: |H|=2 targets 46971 canonical rows 25368 nnz 49281 (obstructed fixed targets cancelled: 0) [1s, HWM 0.08 GB]
    E_45: |H|=2 targets 46971 canonical rows 25368 nnz 49281 (obstructed fixed targets cancelled: 0) [1s, HWM 0.08 GB]
  built (15, 7, 2, 2, 2, 2) d10: N_S=62875 |Stab|=24 n_chi=4134 rows=84889 nnz=183096 (2s: mono 0s orbits 1s rows 1s; HWM 0.08 GB)
    hybrid[per6 15_7_2_2_2_2d10] p=2147483647 attempt 0: |S|=4128 |U|=6 (a=5, excess 1) m=70 blocks 1x6 projected nullity 5, verified=True, rank 5 [split 0.0s trisolve 0.0s schur 0.0s null 0.0s lift 0.0s rank 0.0s]
  per6 (15, 7, 2, 2, 2, 2) d10 p=2147483647: a=5 n_chi=4134 mult=5 units=0 [0.1s]
    hybrid[per6 15_7_2_2_2_2d10] p=2147483629 attempt 0: |S|=4128 |U|=6 (a=5, excess 1) m=70 blocks 1x6 projected nullity 5, verified=True, rank 5 [split 0.0s trisolve 0.0s schur 0.0s null 0.0s lift 0.0s rank 0.0s]
  per6 (15, 7, 2, 2, 2, 2) d10 p=2147483629: a=5 n_chi=4134 mult=5 units=0 [0.1s]
  PER6 RESULT (15, 7, 2, 2, 2, 2) d10: a=5 N_S=62875 n_chi=4134 mult=5 units=0 proved: mult = a at both primes (S_mu not in the ideal over Q) (2.6s, HWM 0.09 GB)

=== rank 65 ((15, 6, 4, 2, 2, 1), 10) N_S 64570 a 9 2026-09-09T03:51:18.172359
      level 1: 41 prefixes
      level 2: 615 prefixes
      level 3: 4598 prefixes
      level 4: 20329 prefixes
      level 5: 48720 prefixes
      level 6: 63344 prefixes
      level 7: 64570 prefixes
      level 8: 64570 prefixes
      level 9: 64570 prefixes
      level 10: 64570 prefixes
  lam=(15, 6, 4, 2, 2, 1): N_S=64570 |Stab|=2 n_chi=34802 (orbits dropped: 0) [lean, 0s, HWM 0.08 GB]
    E_01: |H|=2 targets 42999 canonical rows 23236 nnz 118266 (obstructed fixed targets cancelled: 0) [0s, HWM 0.08 GB]
    E_12: |H|=2 targets 46971 canonical rows 25368 nnz 92847 (obstructed fixed targets cancelled: 0) [0s, HWM 0.08 GB]
    E_23: |H|=1 targets 35141 canonical rows 35141 nnz 107880 (obstructed fixed targets cancelled: 0) [1s, HWM 0.08 GB]
    E_34: |H|=1 targets 48252 canonical rows 48252 nnz 95027 (obstructed fixed targets cancelled: 0) [1s, HWM 0.08 GB]
    E_45: |H|=1 targets 29361 canonical rows 29361 nnz 64570 (obstructed fixed targets cancelled: 0) [1s, HWM 0.08 GB]
  built (15, 6, 4, 2, 2, 1) d10: N_S=64570 |Stab|=2 n_chi=34802 rows=161358 nnz=478590 (1s: mono 0s orbits 0s rows 1s; HWM 0.08 GB)
    hybrid[per6 15_6_4_2_2_1d10] p=2147483647 attempt 0: |S|=34788 |U|=14 (a=9, excess 5) m=78 blocks 1x14 projected nullity 9, verified=True, rank 9 [split 0.0s trisolve 0.0s schur 0.0s null 0.0s lift 0.1s rank 0.0s]
  per6 (15, 6, 4, 2, 2, 1) d10 p=2147483647: a=9 n_chi=34802 mult=9 units=0 [0.3s]
    hybrid[per6 15_6_4_2_2_1d10] p=2147483629 attempt 0: |S|=34788 |U|=14 (a=9, excess 5) m=78 blocks 1x14 projected nullity 9, verified=True, rank 9 [split 0.0s trisolve 0.0s schur 0.0s null 0.0s lift 0.0s rank 0.0s]
  per6 (15, 6, 4, 2, 2, 1) d10 p=2147483629: a=9 n_chi=34802 mult=9 units=0 [0.3s]
  PER6 RESULT (15, 6, 4, 2, 2, 1) d10: a=9 N_S=64570 n_chi=34802 mult=9 units=0 proved: mult = a at both primes (S_mu not in the ideal over Q) (1.8s, HWM 0.14 GB)

=== rank 66 ((14, 7, 4, 3, 1, 1), 10) N_S 66047 a 6 2026-09-09T03:51:20.293732
      level 1: 36 prefixes
      level 2: 492 prefixes
      level 3: 3494 prefixes
      level 4: 14450 prefixes
      level 5: 39451 prefixes
      level 6: 61445 prefixes
      level 7: 65956 prefixes
      level 8: 66047 prefixes
      level 9: 66047 prefixes
      level 10: 66047 prefixes
  lam=(14, 7, 4, 3, 1, 1): N_S=66047 |Stab|=2 n_chi=26005 (orbits dropped: 14037) [lean, 0s, HWM 0.08 GB]
    E_01: |H|=2 targets 48252 canonical rows 18891 nnz 95223 (obstructed fixed targets cancelled: 3724) [0s, HWM 0.08 GB]
    E_12: |H|=2 targets 44835 canonical rows 17514 nnz 69084 (obstructed fixed targets cancelled: 2099) [0s, HWM 0.08 GB]
    E_23: |H|=2 targets 47932 canonical rows 18707 nnz 57577 (obstructed fixed targets cancelled: 1352) [1s, HWM 0.08 GB]
    E_34: |H|=1 targets 25115 canonical rows 25055 nnz 52010 (obstructed fixed targets cancelled: 0) [1s, HWM 0.08 GB]
    E_45: |H|=1 targets 40042 canonical rows 0 nnz 0 (obstructed fixed targets cancelled: 0) [1s, HWM 0.08 GB]
  built (14, 7, 4, 3, 1, 1) d10: N_S=66047 |Stab|=2 n_chi=26005 rows=80167 nnz=273894 (1s: mono 0s orbits 0s rows 1s; HWM 0.08 GB)
    hybrid[per6 14_7_4_3_1_1d10] p=2147483647 attempt 0: |S|=25993 |U|=12 (a=6, excess 6) m=76 blocks 1x12 projected nullity 6, verified=True, rank 6 [split 0.0s trisolve 0.0s schur 0.0s null 0.0s lift 0.0s rank 0.0s]
  per6 (14, 7, 4, 3, 1, 1) d10 p=2147483647: a=6 n_chi=26005 mult=6 units=0 [0.2s]
    hybrid[per6 14_7_4_3_1_1d10] p=2147483629 attempt 0: |S|=25993 |U|=12 (a=6, excess 6) m=76 blocks 1x12 projected nullity 6, verified=True, rank 6 [split 0.0s trisolve 0.0s schur 0.0s null 0.0s lift 0.0s rank 0.0s]
  per6 (14, 7, 4, 3, 1, 1) d10 p=2147483629: a=6 n_chi=26005 mult=6 units=0 [0.2s]
  PER6 RESULT (14, 7, 4, 3, 1, 1) d10: a=6 N_S=66047 n_chi=26005 mult=6 units=0 proved: mult = a at both primes (S_mu not in the ideal over Q) (1.4s, HWM 0.1 GB)

=== rank 67 ((16, 5, 3, 2, 2, 2), 10) N_S 68929 a 2 2026-09-09T03:51:22.025381
      level 1: 46 prefixes
      level 2: 820 prefixes
      level 3: 7084 prefixes
      level 4: 30800 prefixes
      level 5: 60943 prefixes
      level 6: 68759 prefixes
      level 7: 68929 prefixes
      level 8: 68929 prefixes
      level 9: 68929 prefixes
      level 10: 68929 prefixes
  lam=(16, 5, 3, 2, 2, 2): N_S=68929 |Stab|=6 n_chi=14229 (orbits dropped: 0) [lean, 0s, HWM 0.08 GB]
    E_01: |H|=6 targets 41512 canonical rows 8673 nnz 42697 (obstructed fixed targets cancelled: 0) [0s, HWM 0.08 GB]
    E_12: |H|=6 targets 45560 canonical rows 9568 nnz 31069 (obstructed fixed targets cancelled: 0) [1s, HWM 0.08 GB]
    E_23: |H|=2 targets 42999 canonical rows 23236 nnz 61524 (obstructed fixed targets cancelled: 0) [1s, HWM 0.08 GB]
    E_34: |H|=1 targets 51478 canonical rows 51478 nnz 101734 (obstructed fixed targets cancelled: 0) [1s, HWM 0.08 GB]
    E_45: |H|=1 targets 51478 canonical rows 51478 nnz 101734 (obstructed fixed targets cancelled: 0) [1s, HWM 0.09 GB]
  built (16, 5, 3, 2, 2, 2) d10: N_S=68929 |Stab|=6 n_chi=14229 rows=144433 nnz=338758 (1s: mono 0s orbits 0s rows 1s; HWM 0.09 GB)
    hybrid[per6 16_5_3_2_2_2d10] p=2147483647 attempt 0: |S|=14223 |U|=6 (a=2, excess 4) m=70 blocks 1x6 projected nullity 2, verified=True, rank 2 [split 0.0s trisolve 0.0s schur 0.0s null 0.0s lift 0.0s rank 0.0s]
  per6 (16, 5, 3, 2, 2, 2) d10 p=2147483647: a=2 n_chi=14229 mult=2 units=0 [0.1s]
    hybrid[per6 16_5_3_2_2_2d10] p=2147483629 attempt 0: |S|=14223 |U|=6 (a=2, excess 4) m=70 blocks 1x6 projected nullity 2, verified=True, rank 2 [split 0.0s trisolve 0.0s schur 0.0s null 0.0s lift 0.0s rank 0.0s]
  per6 (16, 5, 3, 2, 2, 2) d10 p=2147483629: a=2 n_chi=14229 mult=2 units=0 [0.1s]
  PER6 RESULT (16, 5, 3, 2, 2, 2) d10: a=2 N_S=68929 n_chi=14229 mult=2 units=0 proved: mult = a at both primes (S_mu not in the ideal over Q) (1.8s, HWM 0.09 GB)

=== rank 68 ((12, 9, 5, 2, 1, 1), 10) N_S 69684 a 7 2026-09-09T03:51:24.182491
      level 1: 35 prefixes
      level 2: 416 prefixes
      level 3: 2521 prefixes
      level 4: 9499 prefixes
      level 5: 24350 prefixes
      level 6: 48960 prefixes
      level 7: 66343 prefixes
      level 8: 69610 prefixes
      level 9: 69684 prefixes
      level 10: 69684 prefixes
  lam=(12, 9, 5, 2, 1, 1): N_S=69684 |Stab|=2 n_chi=27362 (orbits dropped: 14960) [lean, 0s, HWM 0.08 GB]
    E_01: |H|=2 targets 60153 canonical rows 23560 nnz 114754 (obstructed fixed targets cancelled: 4242) [0s, HWM 0.08 GB]
    E_12: |H|=2 targets 48827 canonical rows 18985 nnz 83432 (obstructed fixed targets cancelled: 2878) [0s, HWM 0.08 GB]
    E_23: |H|=2 targets 34182 canonical rows 13226 nnz 45004 (obstructed fixed targets cancelled: 1235) [1s, HWM 0.08 GB]
    E_34: |H|=1 targets 31655 canonical rows 30942 nnz 54724 (obstructed fixed targets cancelled: 0) [1s, HWM 0.08 GB]
    E_45: |H|=1 targets 42322 canonical rows 0 nnz 0 (obstructed fixed targets cancelled: 0) [1s, HWM 0.08 GB]
  built (12, 9, 5, 2, 1, 1) d10: N_S=69684 |Stab|=2 n_chi=27362 rows=86713 nnz=297914 (1s: mono 0s orbits 0s rows 1s; HWM 0.08 GB)
    hybrid[per6 12_9_5_2_1_1d10] p=2147483647 attempt 0: |S|=27348 |U|=14 (a=7, excess 7) m=78 blocks 1x14 projected nullity 7, verified=True, rank 7 [split 0.0s trisolve 0.0s schur 0.0s null 0.0s lift 0.0s rank 0.0s]
  per6 (12, 9, 5, 2, 1, 1) d10 p=2147483647: a=7 n_chi=27362 mult=7 units=0 [0.2s]
    hybrid[per6 12_9_5_2_1_1d10] p=2147483629 attempt 0: |S|=27348 |U|=14 (a=7, excess 7) m=78 blocks 1x14 projected nullity 7, verified=True, rank 7 [split 0.0s trisolve 0.0s schur 0.0s null 0.0s lift 0.0s rank 0.0s]
  per6 (12, 9, 5, 2, 1, 1) d10 p=2147483629: a=7 n_chi=27362 mult=7 units=0 [0.2s]
  PER6 RESULT (12, 9, 5, 2, 1, 1) d10: a=7 N_S=69684 n_chi=27362 mult=7 units=0 proved: mult = a at both primes (S_mu not in the ideal over Q) (1.4s, HWM 0.11 GB)

=== rank 69 ((13, 7, 6, 2, 1, 1), 10) N_S 69981 a 5 2026-09-09T03:51:25.940332
      level 1: 35 prefixes
      level 2: 423 prefixes
      level 3: 2607 prefixes
      level 4: 10604 prefixes
      level 5: 31062 prefixes
      level 6: 58088 prefixes
      level 7: 69103 prefixes
      level 8: 69981 prefixes
      level 9: 69981 prefixes
      level 10: 69981 prefixes
  lam=(13, 7, 6, 2, 1, 1): N_S=69981 |Stab|=2 n_chi=27490 (orbits dropped: 15001) [lean, 0s, HWM 0.08 GB]
    E_01: |H|=2 targets 52075 canonical rows 20324 nnz 101150 (obstructed fixed targets cancelled: 3928) [0s, HWM 0.08 GB]
    E_12: |H|=2 targets 60153 canonical rows 23560 nnz 93666 (obstructed fixed targets cancelled: 2801) [0s, HWM 0.08 GB]
    E_23: |H|=2 targets 31606 canonical rows 12231 nnz 45133 (obstructed fixed targets cancelled: 1344) [1s, HWM 0.08 GB]
    E_34: |H|=1 targets 31776 canonical rows 31052 nnz 54980 (obstructed fixed targets cancelled: 0) [1s, HWM 0.08 GB]
    E_45: |H|=1 targets 42491 canonical rows 0 nnz 0 (obstructed fixed targets cancelled: 0) [1s, HWM 0.08 GB]
  built (13, 7, 6, 2, 1, 1) d10: N_S=69981 |Stab|=2 n_chi=27490 rows=87167 nnz=294929 (1s: mono 0s orbits 0s rows 1s; HWM 0.08 GB)
    hybrid[per6 13_7_6_2_1_1d10] p=2147483647 attempt 0: |S|=27480 |U|=10 (a=5, excess 5) m=74 blocks 1x10 projected nullity 5, verified=True, rank 5 [split 0.0s trisolve 0.0s schur 0.0s null 0.0s lift 0.0s rank 0.0s]
  per6 (13, 7, 6, 2, 1, 1) d10 p=2147483647: a=5 n_chi=27490 mult=5 units=0 [0.2s]
    hybrid[per6 13_7_6_2_1_1d10] p=2147483629 attempt 0: |S|=27480 |U|=10 (a=5, excess 5) m=74 blocks 1x10 projected nullity 5, verified=True, rank 5 [split 0.0s trisolve 0.0s schur 0.0s null 0.0s lift 0.0s rank 0.0s]
  per6 (13, 7, 6, 2, 1, 1) d10 p=2147483629: a=5 n_chi=27490 mult=5 units=0 [0.2s]
  PER6 RESULT (13, 7, 6, 2, 1, 1) d10: a=5 N_S=69981 n_chi=27490 mult=5 units=0 proved: mult = a at both primes (S_mu not in the ideal over Q) (1.4s, HWM 0.1 GB)

=== rank 70 ((13, 9, 3, 2, 2, 1), 10) N_S 70981 a 7 2026-09-09T03:51:27.675860
      level 1: 40 prefixes
      level 2: 563 prefixes
      level 3: 3760 prefixes
      level 4: 13046 prefixes
      level 5: 32565 prefixes
      level 6: 58860 prefixes
      level 7: 70062 prefixes
      level 8: 70981 prefixes
      level 9: 70981 prefixes
      level 10: 70981 prefixes
  lam=(13, 9, 3, 2, 2, 1): N_S=70981 |Stab|=2 n_chi=38225 (orbits dropped: 0) [lean, 0s, HWM 0.08 GB]
    E_01: |H|=2 targets 59961 canonical rows 32337 nnz 161561 (obstructed fixed targets cancelled: 0) [0s, HWM 0.08 GB]
    E_12: |H|=2 targets 36381 canonical rows 19749 nnz 84881 (obstructed fixed targets cancelled: 0) [0s, HWM 0.08 GB]
    E_23: |H|=1 targets 44251 canonical rows 44251 nnz 118593 (obstructed fixed targets cancelled: 0) [1s, HWM 0.08 GB]
    E_34: |H|=1 targets 53039 canonical rows 53039 nnz 104417 (obstructed fixed targets cancelled: 0) [1s, HWM 0.08 GB]
    E_45: |H|=1 targets 32259 canonical rows 32259 nnz 70981 (obstructed fixed targets cancelled: 0) [1s, HWM 0.08 GB]
  built (13, 9, 3, 2, 2, 1) d10: N_S=70981 |Stab|=2 n_chi=38225 rows=181635 nnz=540433 (1s: mono 0s orbits 0s rows 1s; HWM 0.08 GB)
    hybrid[per6 13_9_3_2_2_1d10] p=2147483647 attempt 0: |S|=38213 |U|=12 (a=7, excess 5) m=76 blocks 1x12 projected nullity 7, verified=True, rank 7 [split 0.0s trisolve 0.0s schur 0.0s null 0.0s lift 0.0s rank 0.0s]
  per6 (13, 9, 3, 2, 2, 1) d10 p=2147483647: a=7 n_chi=38225 mult=7 units=0 [0.3s]
    hybrid[per6 13_9_3_2_2_1d10] p=2147483629 attempt 0: |S|=38213 |U|=12 (a=7, excess 5) m=76 blocks 1x12 projected nullity 7, verified=True, rank 7 [split 0.0s trisolve 0.0s schur 0.0s null 0.0s lift 0.0s rank 0.0s]
  per6 (13, 9, 3, 2, 2, 1) d10 p=2147483629: a=7 n_chi=38225 mult=7 units=0 [0.3s]
  PER6 RESULT (13, 9, 3, 2, 2, 1) d10: a=7 N_S=70981 n_chi=38225 mult=7 units=0 proved: mult = a at both primes (S_mu not in the ideal over Q) (1.8s, HWM 0.14 GB)

=== rank 71 ((15, 5, 5, 2, 2, 1), 10) N_S 71343 a 2 2026-09-09T03:51:29.817588
      level 1: 41 prefixes
      level 2: 601 prefixes
      level 3: 4698 prefixes
      level 4: 22051 prefixes
      level 5: 53760 prefixes
      level 6: 70000 prefixes
      level 7: 71343 prefixes
      level 8: 71343 prefixes
      level 9: 71343 prefixes
      level 10: 71343 prefixes
  lam=(15, 5, 5, 2, 2, 1): N_S=71343 |Stab|=4 n_chi=18777 (orbits dropped: 827) [lean, 0s, HWM 0.08 GB]
    E_01: |H|=2 targets 42999 canonical rows 23236 nnz 115824 (obstructed fixed targets cancelled: 0) [0s, HWM 0.08 GB]
    E_12: |H|=2 targets 64570 canonical rows 34760 nnz 112984 (obstructed fixed targets cancelled: 0) [0s, HWM 0.09 GB]
    E_23: |H|=1 targets 35141 canonical rows 35118 nnz 117128 (obstructed fixed targets cancelled: 0) [1s, HWM 0.09 GB]
    E_34: |H|=2 targets 53290 canonical rows 26035 nnz 51414 (obstructed fixed targets cancelled: 96) [1s, HWM 0.09 GB]
    E_45: |H|=2 targets 32338 canonical rows 15799 nnz 34764 (obstructed fixed targets cancelled: 181) [1s, HWM 0.09 GB]
  built (15, 5, 5, 2, 2, 1) d10: N_S=71343 |Stab|=4 n_chi=18777 rows=134948 nnz=432114 (1s: mono 0s orbits 0s rows 1s; HWM 0.09 GB)
    hybrid[per6 15_5_5_2_2_1d10] p=2147483647 attempt 0: |S|=18772 |U|=5 (a=2, excess 3) m=69 blocks 1x5 projected nullity 2, verified=True, rank 2 [split 0.0s trisolve 0.0s schur 0.0s null 0.0s lift 0.0s rank 0.0s]
  per6 (15, 5, 5, 2, 2, 1) d10 p=2147483647: a=2 n_chi=18777 mult=2 units=0 [0.1s]
    hybrid[per6 15_5_5_2_2_1d10] p=2147483629 attempt 0: |S|=18772 |U|=5 (a=2, excess 3) m=69 blocks 1x5 projected nullity 2, verified=True, rank 2 [split 0.0s trisolve 0.0s schur 0.0s null 0.0s lift 0.0s rank 0.0s]
  per6 (15, 5, 5, 2, 2, 1) d10 p=2147483629: a=2 n_chi=18777 mult=2 units=0 [0.1s]
  PER6 RESULT (15, 5, 5, 2, 2, 1) d10: a=2 N_S=71343 n_chi=18777 mult=2 units=0 proved: mult = a at both primes (S_mu not in the ideal over Q) (1.6s, HWM 0.1 GB)

=== rank 72 ((11, 10, 5, 2, 1, 1), 10) N_S 74917 a 4 2026-09-09T03:51:31.788486
      level 1: 34 prefixes
      level 2: 400 prefixes
      level 3: 2400 prefixes
      level 4: 8823 prefixes
      level 5: 21967 prefixes
      level 6: 43779 prefixes
      level 7: 66490 prefixes
      level 8: 74363 prefixes
      level 9: 74917 prefixes
      level 10: 74917 prefixes
  lam=(11, 10, 5, 2, 1, 1): N_S=74917 |Stab|=2 n_chi=29449 (orbits dropped: 16019) [lean, 0s, HWM 0.08 GB]
    E_01: |H|=2 targets 69684 canonical rows 27362 nnz 130275 (obstructed fixed targets cancelled: 4599) [0s, HWM 0.08 GB]
    E_12: |H|=2 targets 50383 canonical rows 19616 nnz 89870 (obstructed fixed targets cancelled: 3193) [0s, HWM 0.08 GB]
    E_23: |H|=2 targets 36687 canonical rows 14212 nnz 48476 (obstructed fixed targets cancelled: 1316) [1s, HWM 0.08 GB]
    E_34: |H|=1 targets 33995 canonical rows 33244 nnz 58898 (obstructed fixed targets cancelled: 0) [1s, HWM 0.08 GB]
    E_45: |H|=1 targets 45468 canonical rows 0 nnz 0 (obstructed fixed targets cancelled: 0) [1s, HWM 0.08 GB]
  built (11, 10, 5, 2, 1, 1) d10: N_S=74917 |Stab|=2 n_chi=29449 rows=94434 nnz=327519 (1s: mono 0s orbits 0s rows 1s; HWM 0.08 GB)
    hybrid[per6 11_10_5_2_1_1d10] p=2147483647 attempt 0: |S|=29433 |U|=16 (a=4, excess 12) m=80 blocks 1x16 projected nullity 4, verified=True, rank 4 [split 0.0s trisolve 0.0s schur 0.0s null 0.0s lift 0.0s rank 0.0s]
  per6 (11, 10, 5, 2, 1, 1) d10 p=2147483647: a=4 n_chi=29449 mult=4 units=0 [0.2s]
    hybrid[per6 11_10_5_2_1_1d10] p=2147483629 attempt 0: |S|=29433 |U|=16 (a=4, excess 12) m=80 blocks 1x16 projected nullity 4, verified=True, rank 4 [split 0.0s trisolve 0.0s schur 0.0s null 0.0s lift 0.0s rank 0.0s]
  per6 (11, 10, 5, 2, 1, 1) d10 p=2147483629: a=4 n_chi=29449 mult=4 units=0 [0.2s]
  PER6 RESULT (11, 10, 5, 2, 1, 1) d10: a=4 N_S=74917 n_chi=29449 mult=4 units=0 proved: mult = a at both primes (S_mu not in the ideal over Q) (1.5s, HWM 0.1 GB)

=== rank 73 ((15, 6, 3, 3, 2, 1), 10) N_S 77472 a 2 2026-09-09T03:51:33.577510
      level 1: 41 prefixes
      level 2: 670 prefixes
      level 3: 5289 prefixes
      level 4: 24058 prefixes
      level 5: 58424 prefixes
      level 6: 76044 prefixes
      level 7: 77472 prefixes
      level 8: 77472 prefixes
      level 9: 77472 prefixes
      level 10: 77472 prefixes
  lam=(15, 6, 3, 3, 2, 1): N_S=77472 |Stab|=2 n_chi=37222 (orbits dropped: 3028) [lean, 0s, HWM 0.08 GB]
    E_01: |H|=2 targets 51478 canonical rows 24681 nnz 127721 (obstructed fixed targets cancelled: 1385) [0s, HWM 0.08 GB]
    E_12: |H|=1 targets 46971 canonical rows 46942 nnz 167930 (obstructed fixed targets cancelled: 0) [0s, HWM 0.08 GB]
    E_23: |H|=1 targets 64570 canonical rows 63820 nnz 154125 (obstructed fixed targets cancelled: 0) [1s, HWM 0.09 GB]
    E_34: |H|=1 targets 48252 canonical rows 48209 nnz 125156 (obstructed fixed targets cancelled: 0) [1s, HWM 0.09 GB]
    E_45: |H|=2 targets 35042 canonical rows 16652 nnz 36922 (obstructed fixed targets cancelled: 300) [1s, HWM 0.09 GB]
  built (15, 6, 3, 3, 2, 1) d10: N_S=77472 |Stab|=2 n_chi=37222 rows=200304 nnz=611854 (1s: mono 0s orbits 0s rows 1s; HWM 0.09 GB)
    hybrid[per6 15_6_3_3_2_1d10] p=2147483647 attempt 0: |S|=37215 |U|=7 (a=2, excess 5) m=71 blocks 1x7 projected nullity 2, verified=True, rank 2 [split 0.0s trisolve 0.0s schur 0.0s null 0.0s lift 0.0s rank 0.0s]
  per6 (15, 6, 3, 3, 2, 1) d10 p=2147483647: a=2 n_chi=37222 mult=2 units=0 [0.2s]
    hybrid[per6 15_6_3_3_2_1d10] p=2147483629 attempt 0: |S|=37215 |U|=7 (a=2, excess 5) m=71 blocks 1x7 projected nullity 2, verified=True, rank 2 [split 0.0s trisolve 0.0s schur 0.0s null 0.0s lift 0.0s rank 0.0s]
  per6 (15, 6, 3, 3, 2, 1) d10 p=2147483629: a=2 n_chi=37222 mult=2 units=0 [0.2s]
  PER6 RESULT (15, 6, 3, 3, 2, 1) d10: a=2 N_S=77472 n_chi=37222 mult=2 units=0 proved: mult = a at both primes (S_mu not in the ideal over Q) (1.8s, HWM 0.11 GB)

=== rank 74 ((12, 10, 3, 2, 2, 1), 10) N_S 78403 a 5 2026-09-09T03:51:35.735578
      level 1: 39 prefixes
      level 2: 546 prefixes
      level 3: 3557 prefixes
      level 4: 12503 prefixes
      level 5: 28718 prefixes
      level 6: 55144 prefixes
      level 7: 74505 prefixes
      level 8: 78313 prefixes
      level 9: 78403 prefixes
      level 10: 78403 prefixes
  lam=(12, 10, 3, 2, 2, 1): N_S=78403 |Stab|=2 n_chi=42206 (orbits dropped: 0) [lean, 0s, HWM 0.08 GB]
    E_01: |H|=2 targets 70981 canonical rows 38225 nnz 188042 (obstructed fixed targets cancelled: 0) [0s, HWM 0.08 GB]
    E_12: |H|=2 targets 38513 canonical rows 20898 nnz 93812 (obstructed fixed targets cancelled: 0) [0s, HWM 0.08 GB]
    E_23: |H|=1 targets 48827 canonical rows 48827 nnz 131057 (obstructed fixed targets cancelled: 0) [1s, HWM 0.08 GB]
    E_34: |H|=1 targets 58555 canonical rows 58555 nnz 115429 (obstructed fixed targets cancelled: 0) [1s, HWM 0.09 GB]
    E_45: |H|=1 targets 35597 canonical rows 35597 nnz 78403 (obstructed fixed targets cancelled: 0) [1s, HWM 0.09 GB]
  built (12, 10, 3, 2, 2, 1) d10: N_S=78403 |Stab|=2 n_chi=42206 rows=202102 nnz=606743 (1s: mono 0s orbits 0s rows 1s; HWM 0.09 GB)
    hybrid[per6 12_10_3_2_2_1d10] p=2147483647 attempt 0: |S|=42192 |U|=14 (a=5, excess 9) m=78 blocks 1x14 projected nullity 5, verified=True, rank 5 [split 0.0s trisolve 0.0s schur 0.0s null 0.0s lift 0.0s rank 0.0s]
  per6 (12, 10, 3, 2, 2, 1) d10 p=2147483647: a=5 n_chi=42206 mult=5 units=0 [0.3s]
    hybrid[per6 12_10_3_2_2_1d10] p=2147483629 attempt 0: |S|=42192 |U|=14 (a=5, excess 9) m=78 blocks 1x14 projected nullity 5, verified=True, rank 5 [split 0.0s trisolve 0.0s schur 0.0s null 0.0s lift 0.0s rank 0.0s]
  per6 (12, 10, 3, 2, 2, 1) d10 p=2147483629: a=5 n_chi=42206 mult=5 units=0 [0.3s]
  PER6 RESULT (12, 10, 3, 2, 2, 1) d10: a=5 N_S=78403 n_chi=42206 mult=5 units=0 proved: mult = a at both primes (S_mu not in the ideal over Q) (1.9s, HWM 0.13 GB)

=== rank 75 ((16, 4, 4, 2, 2, 2), 10) N_S 79110 a 3 2026-09-09T03:51:37.953876
      level 1: 46 prefixes
      level 2: 831 prefixes
      level 3: 7673 prefixes
      level 4: 34866 prefixes
      level 5: 69831 prefixes
      level 6: 78908 prefixes
      level 7: 79110 prefixes
      level 8: 79110 prefixes
      level 9: 79110 prefixes
      level 10: 79110 prefixes
  lam=(16, 4, 4, 2, 2, 2): N_S=79110 |Stab|=12 n_chi=8528 (orbits dropped: 0) [lean, 0s, HWM 0.08 GB]
    E_01: |H|=6 targets 41512 canonical rows 8673 nnz 42697 (obstructed fixed targets cancelled: 0) [0s, HWM 0.08 GB]
    E_12: |H|=6 targets 68929 canonical rows 14229 nnz 41479 (obstructed fixed targets cancelled: 0) [1s, HWM 0.09 GB]
    E_23: |H|=2 targets 42999 canonical rows 23236 nnz 70629 (obstructed fixed targets cancelled: 0) [1s, HWM 0.09 GB]
    E_34: |H|=2 targets 59033 canonical rows 30235 nnz 59586 (obstructed fixed targets cancelled: 0) [1s, HWM 0.09 GB]
    E_45: |H|=2 targets 59033 canonical rows 30235 nnz 59586 (obstructed fixed targets cancelled: 0) [1s, HWM 0.09 GB]
  built (16, 4, 4, 2, 2, 2) d10: N_S=79110 |Stab|=12 n_chi=8528 rows=106608 nnz=273977 (2s: mono 0s orbits 0s rows 1s; HWM 0.09 GB)
    hybrid[per6 16_4_4_2_2_2d10] p=2147483647 attempt 0: |S|=8524 |U|=4 (a=3, excess 1) m=68 blocks 1x4 projected nullity 3, verified=True, rank 3 [split 0.0s trisolve 0.0s schur 0.0s null 0.0s lift 0.0s rank 0.0s]
  per6 (16, 4, 4, 2, 2, 2) d10 p=2147483647: a=3 n_chi=8528 mult=3 units=0 [0.1s]
    hybrid[per6 16_4_4_2_2_2d10] p=2147483629 attempt 0: |S|=8524 |U|=4 (a=3, excess 1) m=68 blocks 1x4 projected nullity 3, verified=True, rank 3 [split 0.0s trisolve 0.0s schur 0.0s null 0.0s lift 0.0s rank 0.0s]
  per6 (16, 4, 4, 2, 2, 2) d10 p=2147483629: a=3 n_chi=8528 mult=3 units=0 [0.2s]
  PER6 RESULT (16, 4, 4, 2, 2, 2) d10: a=3 N_S=79110 n_chi=8528 mult=3 units=0 proved: mult = a at both primes (S_mu not in the ideal over Q) (2.4s, HWM 0.09 GB)

=== rank 76 ((14, 6, 5, 3, 1, 1), 10) N_S 79489 a 6 2026-09-09T03:51:40.710065
      level 1: 36 prefixes
      level 2: 493 prefixes
      level 3: 3599 prefixes
      level 4: 16439 prefixes
      level 5: 47134 prefixes
      level 6: 73977 prefixes
      level 7: 79382 prefixes
      level 8: 79489 prefixes
      level 9: 79489 prefixes
      level 10: 79489 prefixes
  lam=(14, 6, 5, 3, 1, 1): N_S=79489 |Stab|=2 n_chi=31436 (orbits dropped: 16617) [lean, 0s, HWM 0.08 GB]
    E_01: |H|=2 targets 53290 canonical rows 20952 nnz 106507 (obstructed fixed targets cancelled: 4051) [0s, HWM 0.08 GB]
    E_12: |H|=2 targets 66047 canonical rows 26005 nnz 96848 (obstructed fixed targets cancelled: 2605) [0s, HWM 0.09 GB]
    E_23: |H|=2 targets 52075 canonical rows 20324 nnz 69633 (obstructed fixed targets cancelled: 1825) [1s, HWM 0.09 GB]
    E_34: |H|=1 targets 30071 canonical rows 30006 nnz 62872 (obstructed fixed targets cancelled: 0) [1s, HWM 0.09 GB]
    E_45: |H|=1 targets 48053 canonical rows 0 nnz 0 (obstructed fixed targets cancelled: 0) [1s, HWM 0.09 GB]
  built (14, 6, 5, 3, 1, 1) d10: N_S=79489 |Stab|=2 n_chi=31436 rows=97287 nnz=335860 (1s: mono 0s orbits 0s rows 1s; HWM 0.09 GB)
    hybrid[per6 14_6_5_3_1_1d10] p=2147483647 attempt 0: |S|=31421 |U|=15 (a=6, excess 9) m=79 blocks 1x15 projected nullity 6, verified=True, rank 6 [split 0.0s trisolve 0.0s schur 0.0s null 0.0s lift 0.0s rank 0.0s]
  per6 (14, 6, 5, 3, 1, 1) d10 p=2147483647: a=6 n_chi=31436 mult=6 units=0 [0.2s]
    hybrid[per6 14_6_5_3_1_1d10] p=2147483629 attempt 0: |S|=31421 |U|=15 (a=6, excess 9) m=79 blocks 1x15 projected nullity 6, verified=True, rank 6 [split 0.0s trisolve 0.0s schur 0.0s null 0.0s lift 0.0s rank 0.0s]
  per6 (14, 6, 5, 3, 1, 1) d10 p=2147483629: a=6 n_chi=31436 mult=6 units=0 [0.2s]
  PER6 RESULT (14, 6, 5, 3, 1, 1) d10: a=6 N_S=79489 n_chi=31436 mult=6 units=0 proved: mult = a at both primes (S_mu not in the ideal over Q) (1.7s, HWM 0.11 GB)

=== rank 77 ((14, 8, 2, 2, 2, 2), 10) N_S 80357 a 6 2026-09-09T03:51:42.748061
      level 1: 44 prefixes
      level 2: 708 prefixes
      level 3: 5020 prefixes
      level 4: 18548 prefixes
      level 5: 48056 prefixes
      level 6: 74613 prefixes
      level 7: 80234 prefixes
      level 8: 80357 prefixes
      level 9: 80357 prefixes
      level 10: 80357 prefixes
  lam=(14, 8, 2, 2, 2, 2): N_S=80357 |Stab|=24 n_chi=5241 (orbits dropped: 0) [lean, 1s, HWM 0.08 GB]
    E_01: |H|=24 targets 62875 canonical rows 4134 nnz 19192 (obstructed fixed targets cancelled: 0) [1s, HWM 0.08 GB]
    E_12: |H|=6 targets 32336 canonical rows 6844 nnz 27029 (obstructed fixed targets cancelled: 0) [1s, HWM 0.08 GB]
    E_23: |H|=2 targets 59961 canonical rows 32337 nnz 63072 (obstructed fixed targets cancelled: 0) [1s, HWM 0.08 GB]
    E_34: |H|=2 targets 59961 canonical rows 32337 nnz 63072 (obstructed fixed targets cancelled: 0) [2s, HWM 0.08 GB]
    E_45: |H|=2 targets 59961 canonical rows 32337 nnz 63072 (obstructed fixed targets cancelled: 0) [2s, HWM 0.09 GB]
  built (14, 8, 2, 2, 2, 2) d10: N_S=80357 |Stab|=24 n_chi=5241 rows=107989 nnz=235437 (3s: mono 0s orbits 1s rows 2s; HWM 0.09 GB)
    hybrid[per6 14_8_2_2_2_2d10] p=2147483647 attempt 0: |S|=5233 |U|=8 (a=6, excess 2) m=72 blocks 1x8 projected nullity 6, verified=True, rank 6 [split 0.0s trisolve 0.0s schur 0.0s null 0.0s lift 0.0s rank 0.0s]
  per6 (14, 8, 2, 2, 2, 2) d10 p=2147483647: a=6 n_chi=5241 mult=6 units=0 [0.2s]
    hybrid[per6 14_8_2_2_2_2d10] p=2147483629 attempt 0: |S|=5233 |U|=8 (a=6, excess 2) m=72 blocks 1x8 projected nullity 6, verified=True, rank 6 [split 0.0s trisolve 0.0s schur 0.0s null 0.0s lift 0.0s rank 0.0s]
  per6 (14, 8, 2, 2, 2, 2) d10 p=2147483629: a=6 n_chi=5241 mult=6 units=0 [0.2s]
  PER6 RESULT (14, 8, 2, 2, 2, 2) d10: a=6 N_S=80357 n_chi=5241 mult=6 units=0 proved: mult = a at both primes (S_mu not in the ideal over Q) (3.4s, HWM 0.1 GB)

=== rank 78 ((11, 11, 3, 2, 2, 1), 10) N_S 80938 a 2 2026-09-09T03:51:46.488670
      level 1: 39 prefixes
      level 2: 523 prefixes
      level 3: 3280 prefixes
      level 4: 11520 prefixes
      level 5: 25953 prefixes
      level 6: 47994 prefixes
      level 7: 71648 prefixes
      level 8: 80290 prefixes
      level 9: 80938 prefixes
      level 10: 80938 prefixes
  lam=(11, 11, 3, 2, 2, 1): N_S=80938 |Stab|=4 n_chi=21626 (orbits dropped: 297) [lean, 0s, HWM 0.08 GB]
    E_01: |H|=2 targets 78403 canonical rows 42206 nnz 200362 (obstructed fixed targets cancelled: 0) [0s, HWM 0.09 GB]
    E_12: |H|=2 targets 38513 canonical rows 20895 nnz 96244 (obstructed fixed targets cancelled: 0) [1s, HWM 0.09 GB]
    E_23: |H|=2 targets 50383 canonical rows 25059 nnz 67144 (obstructed fixed targets cancelled: 112) [1s, HWM 0.09 GB]
    E_34: |H|=2 targets 60441 canonical rows 30001 nnz 59169 (obstructed fixed targets cancelled: 34) [1s, HWM 0.09 GB]
    E_45: |H|=2 targets 36720 canonical rows 18229 nnz 40119 (obstructed fixed targets cancelled: 88) [1s, HWM 0.09 GB]
  built (11, 11, 3, 2, 2, 1) d10: N_S=80938 |Stab|=4 n_chi=21626 rows=136390 nnz=463038 (1s: mono 0s orbits 0s rows 1s; HWM 0.09 GB)
    hybrid[per6 11_11_3_2_2_1d10] p=2147483647 attempt 0: |S|=21616 |U|=10 (a=2, excess 8) m=74 blocks 1x10 projected nullity 2, verified=True, rank 2 [split 0.0s trisolve 0.0s schur 0.0s null 0.0s lift 0.0s rank 0.0s]
  per6 (11, 11, 3, 2, 2, 1) d10 p=2147483647: a=2 n_chi=21626 mult=2 units=0 [0.2s]
    hybrid[per6 11_11_3_2_2_1d10] p=2147483629 attempt 0: |S|=21616 |U|=10 (a=2, excess 8) m=74 blocks 1x10 projected nullity 2, verified=True, rank 2 [split 0.0s trisolve 0.0s schur 0.0s null 0.0s lift 0.0s rank 0.0s]
  per6 (11, 11, 3, 2, 2, 1) d10 p=2147483629: a=2 n_chi=21626 mult=2 units=0 [0.2s]
  PER6 RESULT (11, 11, 3, 2, 2, 1) d10: a=2 N_S=80938 n_chi=21626 mult=2 units=0 proved: mult = a at both primes (S_mu not in the ideal over Q) (1.8s, HWM 0.1 GB)

=== rank 79 ((13, 8, 4, 3, 1, 1), 10) N_S 83102 a 7 2026-09-09T03:51:48.597267
      level 1: 36 prefixes
      level 2: 482 prefixes
      level 3: 3360 prefixes
      level 4: 13445 prefixes
      level 5: 37347 prefixes
      level 6: 69155 prefixes
      level 7: 82112 prefixes
      level 8: 83102 prefixes
      level 9: 83102 prefixes
      level 10: 83102 prefixes
  lam=(13, 8, 4, 3, 1, 1): N_S=83102 |Stab|=2 n_chi=32831 (orbits dropped: 17440) [lean, 0s, HWM 0.08 GB]
    E_01: |H|=2 targets 66047 canonical rows 26005 nnz 130372 (obstructed fixed targets cancelled: 4800) [0s, HWM 0.08 GB]
    E_12: |H|=2 targets 53039 canonical rows 20780 nnz 87520 (obstructed fixed targets cancelled: 2742) [0s, HWM 0.09 GB]
    E_23: |H|=2 targets 60153 canonical rows 23560 nnz 72960 (obstructed fixed targets cancelled: 1662) [1s, HWM 0.09 GB]
    E_34: |H|=1 targets 31446 canonical rows 31386 nnz 65662 (obstructed fixed targets cancelled: 0) [1s, HWM 0.09 GB]
    E_45: |H|=1 targets 50271 canonical rows 0 nnz 0 (obstructed fixed targets cancelled: 0) [1s, HWM 0.09 GB]
  built (13, 8, 4, 3, 1, 1) d10: N_S=83102 |Stab|=2 n_chi=32831 rows=101731 nnz=356514 (1s: mono 0s orbits 0s rows 1s; HWM 0.09 GB)
    hybrid[per6 13_8_4_3_1_1d10] p=2147483647 attempt 0: |S|=32818 |U|=13 (a=7, excess 6) m=77 blocks 1x13 projected nullity 7, verified=True, rank 7 [split 0.0s trisolve 0.0s schur 0.0s null 0.0s lift 0.0s rank 0.0s]
  per6 (13, 8, 4, 3, 1, 1) d10 p=2147483647: a=7 n_chi=32831 mult=7 units=0 [0.2s]
    hybrid[per6 13_8_4_3_1_1d10] p=2147483629 attempt 0: |S|=32818 |U|=13 (a=7, excess 6) m=77 blocks 1x13 projected nullity 7, verified=True, rank 7 [split 0.0s trisolve 0.0s schur 0.0s null 0.0s lift 0.0s rank 0.0s]
  per6 (13, 8, 4, 3, 1, 1) d10 p=2147483629: a=7 n_chi=32831 mult=7 units=0 [0.2s]
  PER6 RESULT (13, 8, 4, 3, 1, 1) d10: a=7 N_S=83102 n_chi=32831 mult=7 units=0 proved: mult = a at both primes (S_mu not in the ideal over Q) (1.7s, HWM 0.12 GB)

=== rank 80 ((12, 8, 6, 2, 1, 1), 10) N_S 86022 a 6 2026-09-09T03:51:50.645319
      level 1: 35 prefixes
      level 2: 414 prefixes
      level 3: 2546 prefixes
      level 4: 10120 prefixes
      level 5: 28593 prefixes
      level 6: 60149 prefixes
      level 7: 81965 prefixes
      level 8: 85933 prefixes
      level 9: 86022 prefixes
      level 10: 86022 prefixes
  lam=(12, 8, 6, 2, 1, 1): N_S=86022 |Stab|=2 n_chi=33888 (orbits dropped: 18246) [lean, 0s, HWM 0.08 GB]
    E_01: |H|=2 targets 69981 canonical rows 27490 nnz 135231 (obstructed fixed targets cancelled: 4901) [0s, HWM 0.08 GB]
    E_12: |H|=2 targets 69684 canonical rows 27362 nnz 116118 (obstructed fixed targets cancelled: 3596) [1s, HWM 0.09 GB]
    E_23: |H|=2 targets 38638 canonical rows 14997 nnz 55775 (obstructed fixed targets cancelled: 1624) [1s, HWM 0.09 GB]
    E_34: |H|=1 targets 38936 canonical rows 38078 nnz 67776 (obstructed fixed targets cancelled: 0) [1s, HWM 0.09 GB]
    E_45: |H|=1 targets 52134 canonical rows 0 nnz 0 (obstructed fixed targets cancelled: 0) [1s, HWM 0.09 GB]
  built (12, 8, 6, 2, 1, 1) d10: N_S=86022 |Stab|=2 n_chi=33888 rows=107927 nnz=374900 (1s: mono 0s orbits 0s rows 1s; HWM 0.09 GB)
    hybrid[per6 12_8_6_2_1_1d10] p=2147483647 attempt 0: |S|=33872 |U|=16 (a=6, excess 10) m=80 blocks 1x16 projected nullity 6, verified=True, rank 6 [split 0.0s trisolve 0.0s schur 0.0s null 0.0s lift 0.0s rank 0.0s]
  per6 (12, 8, 6, 2, 1, 1) d10 p=2147483647: a=6 n_chi=33888 mult=6 units=0 [0.2s]
    hybrid[per6 12_8_6_2_1_1d10] p=2147483629 attempt 0: |S|=33872 |U|=16 (a=6, excess 10) m=80 blocks 1x16 projected nullity 6, verified=True, rank 6 [split 0.0s trisolve 0.0s schur 0.0s null 0.0s lift 0.0s rank 0.0s]
  per6 (12, 8, 6, 2, 1, 1) d10 p=2147483629: a=6 n_chi=33888 mult=6 units=0 [0.2s]
  PER6 RESULT (12, 8, 6, 2, 1, 1) d10: a=6 N_S=86022 n_chi=33888 mult=6 units=0 proved: mult = a at both primes (S_mu not in the ideal over Q) (1.7s, HWM 0.12 GB)

=== rank 81 ((14, 7, 4, 2, 2, 1), 10) N_S 88514 a 12 2026-09-09T03:51:52.648158
      level 1: 40 prefixes
      level 2: 599 prefixes
      level 3: 4489 prefixes
      level 4: 19040 prefixes
      level 5: 52649 prefixes
      level 6: 82364 prefixes
      level 7: 88394 prefixes
      level 8: 88514 prefixes
      level 9: 88514 prefixes
      level 10: 88514 prefixes
  lam=(14, 7, 4, 2, 2, 1): N_S=88514 |Stab|=2 n_chi=47582 (orbits dropped: 0) [lean, 0s, HWM 0.09 GB]
    E_01: |H|=2 targets 64570 canonical rows 34802 nnz 178082 (obstructed fixed targets cancelled: 0) [0s, HWM 0.09 GB]
    E_12: |H|=2 targets 59961 canonical rows 32337 nnz 127841 (obstructed fixed targets cancelled: 0) [1s, HWM 0.09 GB]
    E_23: |H|=1 targets 47932 canonical rows 47932 nnz 148327 (obstructed fixed targets cancelled: 0) [1s, HWM 0.09 GB]
    E_34: |H|=1 targets 66047 canonical rows 66047 nnz 130795 (obstructed fixed targets cancelled: 0) [1s, HWM 0.09 GB]
    E_45: |H|=1 targets 40042 canonical rows 40042 nnz 88514 (obstructed fixed targets cancelled: 0) [1s, HWM 0.09 GB]
  built (14, 7, 4, 2, 2, 1) d10: N_S=88514 |Stab|=2 n_chi=47582 rows=221160 nnz=673559 (1s: mono 0s orbits 0s rows 1s; HWM 0.09 GB)
    hybrid[per6 14_7_4_2_2_1d10] p=2147483647 attempt 0: |S|=47563 |U|=19 (a=12, excess 7) m=83 blocks 1x19 projected nullity 12, verified=True, rank 12 [split 0.0s trisolve 0.0s schur 0.1s null 0.0s lift 0.3s rank 0.0s]
  per6 (14, 7, 4, 2, 2, 1) d10 p=2147483647: a=12 n_chi=47582 mult=12 units=0 [0.7s]
    hybrid[per6 14_7_4_2_2_1d10] p=2147483629 attempt 0: |S|=47563 |U|=19 (a=12, excess 7) m=83 blocks 1x19 projected nullity 12, verified=True, rank 12 [split 0.0s trisolve 0.0s schur 0.1s null 0.0s lift 0.2s rank 0.0s]
  per6 (14, 7, 4, 2, 2, 1) d10 p=2147483629: a=12 n_chi=47582 mult=12 units=0 [0.5s]
  PER6 RESULT (14, 7, 4, 2, 2, 1) d10: a=12 N_S=88514 n_chi=47582 mult=12 units=0 proved: mult = a at both primes (S_mu not in the ideal over Q) (2.6s, HWM 0.19 GB)

=== rank 82 ((14, 6, 4, 4, 1, 1), 10) N_S 91430 a 3 2026-09-09T03:51:55.614619
      level 1: 36 prefixes
      level 2: 504 prefixes
      level 3: 3928 prefixes
      level 4: 18559 prefixes
      level 5: 54045 prefixes
      level 6: 85120 prefixes
      level 7: 91309 prefixes
      level 8: 91430 prefixes
      level 9: 91430 prefixes
      level 10: 91430 prefixes
  lam=(14, 6, 4, 4, 1, 1): N_S=91430 |Stab|=4 n_chi=18271 (orbits dropped: 10181) [lean, 0s, HWM 0.08 GB]
    E_01: |H|=4 targets 61178 canonical rows 12165 nnz 61582 (obstructed fixed targets cancelled: 4941) [0s, HWM 0.08 GB]
    E_12: |H|=2 targets 66047 canonical rows 25999 nnz 96394 (obstructed fixed targets cancelled: 2605) [1s, HWM 0.09 GB]
    E_23: |H|=2 targets 79489 canonical rows 31364 nnz 94443 (obstructed fixed targets cancelled: 1908) [1s, HWM 0.09 GB]
    E_34: |H|=1 targets 30071 canonical rows 29769 nnz 71872 (obstructed fixed targets cancelled: 0) [1s, HWM 0.09 GB]
    E_45: |H|=2 targets 55241 canonical rows 0 nnz 0 (obstructed fixed targets cancelled: 0) [1s, HWM 0.09 GB]
  built (14, 6, 4, 4, 1, 1) d10: N_S=91430 |Stab|=4 n_chi=18271 rows=99297 nnz=324291 (1s: mono 0s orbits 0s rows 1s; HWM 0.09 GB)
    hybrid[per6 14_6_4_4_1_1d10] p=2147483647 attempt 0: |S|=18264 |U|=7 (a=3, excess 4) m=71 blocks 1x7 projected nullity 3, verified=True, rank 3 [split 0.0s trisolve 0.0s schur 0.0s null 0.0s lift 0.0s rank 0.0s]
  per6 (14, 6, 4, 4, 1, 1) d10 p=2147483647: a=3 n_chi=18271 mult=3 units=0 [0.1s]
    hybrid[per6 14_6_4_4_1_1d10] p=2147483629 attempt 0: |S|=18264 |U|=7 (a=3, excess 4) m=71 blocks 1x7 projected nullity 3, verified=True, rank 3 [split 0.0s trisolve 0.0s schur 0.0s null 0.0s lift 0.0s rank 0.0s]
  per6 (14, 6, 4, 4, 1, 1) d10 p=2147483629: a=3 n_chi=18271 mult=3 units=0 [0.1s]
  PER6 RESULT (14, 6, 4, 4, 1, 1) d10: a=3 N_S=91430 n_chi=18271 mult=3 units=0 proved: mult = a at both primes (S_mu not in the ideal over Q) (1.9s, HWM 0.09 GB)

=== rank 83 ((12, 7, 7, 2, 1, 1), 10) N_S 92099 a 4 2026-09-09T03:51:57.843341
      level 1: 32 prefixes
      level 2: 397 prefixes
      level 3: 2435 prefixes
      level 4: 9797 prefixes
      level 5: 29432 prefixes
      level 6: 64089 prefixes
      level 7: 87763 prefixes
      level 8: 92005 prefixes
      level 9: 92099 prefixes
      level 10: 92099 prefixes
  lam=(12, 7, 7, 2, 1, 1): N_S=92099 |Stab|=4 n_chi=18172 (orbits dropped: 10063) [lean, 0s, HWM 0.08 GB]
    E_01: |H|=2 targets 69981 canonical rows 27490 nnz 134776 (obstructed fixed targets cancelled: 4901) [0s, HWM 0.08 GB]
    E_12: |H|=2 targets 86022 canonical rows 33880 nnz 134359 (obstructed fixed targets cancelled: 3928) [1s, HWM 0.10 GB]
    E_23: |H|=2 targets 38638 canonical rows 14997 nnz 59456 (obstructed fixed targets cancelled: 1868) [1s, HWM 0.10 GB]
    E_34: |H|=2 targets 41610 canonical rows 20139 nnz 36032 (obstructed fixed targets cancelled: 134) [1s, HWM 0.10 GB]
    E_45: |H|=2 targets 55719 canonical rows 0 nnz 0 (obstructed fixed targets cancelled: 178) [1s, HWM 0.10 GB]
  built (12, 7, 7, 2, 1, 1) d10: N_S=92099 |Stab|=4 n_chi=18172 rows=96506 nnz=364623 (1s: mono 0s orbits 0s rows 1s; HWM 0.10 GB)
    hybrid[per6 12_7_7_2_1_1d10] p=2147483647 attempt 0: |S|=18165 |U|=7 (a=4, excess 3) m=71 blocks 1x7 projected nullity 4, verified=True, rank 4 [split 0.0s trisolve 0.0s schur 0.0s null 0.0s lift 0.0s rank 0.0s]
  per6 (12, 7, 7, 2, 1, 1) d10 p=2147483647: a=4 n_chi=18172 mult=4 units=0 [0.2s]
    hybrid[per6 12_7_7_2_1_1d10] p=2147483629 attempt 0: |S|=18165 |U|=7 (a=4, excess 3) m=71 blocks 1x7 projected nullity 4, verified=True, rank 4 [split 0.0s trisolve 0.0s schur 0.0s null 0.0s lift 0.0s rank 0.0s]
  per6 (12, 7, 7, 2, 1, 1) d10 p=2147483629: a=4 n_chi=18172 mult=4 units=0 [0.2s]
  PER6 RESULT (12, 7, 7, 2, 1, 1) d10: a=4 N_S=92099 n_chi=18172 mult=4 units=0 proved: mult = a at both primes (S_mu not in the ideal over Q) (1.8s, HWM 0.1 GB)

=== rank 84 ((13, 9, 2, 2, 2, 2), 10) N_S 95184 a 5 2026-09-09T03:51:59.951082
      level 1: 43 prefixes
      level 2: 677 prefixes
      level 3: 4838 prefixes
      level 4: 17260 prefixes
      level 5: 43438 prefixes
      level 6: 78901 prefixes
      level 7: 93959 prefixes
      level 8: 95184 prefixes
      level 9: 95184 prefixes
      level 10: 95184 prefixes
  lam=(13, 9, 2, 2, 2, 2): N_S=95184 |Stab|=24 n_chi=6145 (orbits dropped: 0) [lean, 1s, HWM 0.09 GB]
    E_01: |H|=24 targets 80357 canonical rows 5241 nnz 24134 (obstructed fixed targets cancelled: 0) [1s, HWM 0.09 GB]
    E_12: |H|=6 targets 36381 canonical rows 7684 nnz 31969 (obstructed fixed targets cancelled: 0) [1s, HWM 0.09 GB]
    E_23: |H|=2 targets 70981 canonical rows 38225 nnz 74768 (obstructed fixed targets cancelled: 0) [2s, HWM 0.09 GB]
    E_34: |H|=2 targets 70981 canonical rows 38225 nnz 74768 (obstructed fixed targets cancelled: 0) [2s, HWM 0.09 GB]
    E_45: |H|=2 targets 70981 canonical rows 38225 nnz 74768 (obstructed fixed targets cancelled: 0) [2s, HWM 0.09 GB]
  built (13, 9, 2, 2, 2, 2) d10: N_S=95184 |Stab|=24 n_chi=6145 rows=127600 nnz=280407 (3s: mono 0s orbits 1s rows 2s; HWM 0.09 GB)
    hybrid[per6 13_9_2_2_2_2d10] p=2147483647 attempt 0: |S|=6136 |U|=9 (a=5, excess 4) m=73 blocks 1x9 projected nullity 5, verified=True, rank 5 [split 0.0s trisolve 0.0s schur 0.0s null 0.0s lift 0.0s rank 0.0s]
  per6 (13, 9, 2, 2, 2, 2) d10 p=2147483647: a=5 n_chi=6145 mult=5 units=0 [0.2s]
    hybrid[per6 13_9_2_2_2_2d10] p=2147483629 attempt 0: |S|=6136 |U|=9 (a=5, excess 4) m=73 blocks 1x9 projected nullity 5, verified=True, rank 5 [split 0.0s trisolve 0.0s schur 0.0s null 0.0s lift 0.0s rank 0.0s]
  per6 (13, 9, 2, 2, 2, 2) d10 p=2147483629: a=5 n_chi=6145 mult=5 units=0 [0.2s]
  PER6 RESULT (13, 9, 2, 2, 2, 2) d10: a=5 N_S=95184 n_chi=6145 mult=5 units=0 proved: mult = a at both primes (S_mu not in the ideal over Q) (3.8s, HWM 0.1 GB)

=== rank 85 ((12, 9, 4, 3, 1, 1), 10) N_S 96440 a 7 2026-09-09T03:52:04.083886
      level 1: 36 prefixes
      level 2: 469 prefixes
      level 3: 3176 prefixes
      level 4: 12767 prefixes
      level 5: 33489 prefixes
      level 6: 67889 prefixes
      level 7: 91995 prefixes
      level 8: 96348 prefixes
      level 9: 96440 prefixes
      level 10: 96440 prefixes
  lam=(12, 9, 4, 3, 1, 1): N_S=96440 |Stab|=2 n_chi=38191 (orbits dropped: 20058) [lean, 0s, HWM 0.08 GB]
    E_01: |H|=2 targets 83102 canonical rows 32831 nnz 162203 (obstructed fixed targets cancelled: 5676) [0s, HWM 0.09 GB]
    E_12: |H|=2 targets 58555 canonical rows 22958 nnz 101967 (obstructed fixed targets cancelled: 3329) [1s, HWM 0.09 GB]
    E_23: |H|=2 targets 69684 canonical rows 27362 nnz 85075 (obstructed fixed targets cancelled: 1897) [1s, HWM 0.09 GB]
    E_34: |H|=1 targets 36371 canonical rows 36311 nnz 76382 (obstructed fixed targets cancelled: 0) [1s, HWM 0.09 GB]
    E_45: |H|=1 targets 58249 canonical rows 0 nnz 0 (obstructed fixed targets cancelled: 0) [1s, HWM 0.09 GB]
  built (12, 9, 4, 3, 1, 1) d10: N_S=96440 |Stab|=2 n_chi=38191 rows=119462 nnz=425627 (1s: mono 0s orbits 0s rows 1s; HWM 0.09 GB)
    hybrid[per6 12_9_4_3_1_1d10] p=2147483647 attempt 0: |S|=38170 |U|=21 (a=7, excess 14) m=85 blocks 1x21 projected nullity 7, verified=True, rank 7 [split 0.0s trisolve 0.0s schur 0.0s null 0.0s lift 0.0s rank 0.0s]
  per6 (12, 9, 4, 3, 1, 1) d10 p=2147483647: a=7 n_chi=38191 mult=7 units=0 [0.3s]
    hybrid[per6 12_9_4_3_1_1d10] p=2147483629 attempt 0: |S|=38170 |U|=21 (a=7, excess 14) m=85 blocks 1x21 projected nullity 7, verified=True, rank 7 [split 0.0s trisolve 0.0s schur 0.0s null 0.0s lift 0.0s rank 0.0s]
  per6 (12, 9, 4, 3, 1, 1) d10 p=2147483629: a=7 n_chi=38191 mult=7 units=0 [0.3s]
  PER6 RESULT (12, 9, 4, 3, 1, 1) d10: a=7 N_S=96440 n_chi=38191 mult=7 units=0 proved: mult = a at both primes (S_mu not in the ideal over Q) (2.1s, HWM 0.13 GB)

=== rank 86 ((11, 9, 6, 2, 1, 1), 10) N_S 97029 a 6 2026-09-09T03:52:06.467419
      level 1: 34 prefixes
      level 2: 398 prefixes
      level 3: 2448 prefixes
      level 4: 9523 prefixes
      level 5: 26011 prefixes
      level 6: 55654 prefixes
      level 7: 86178 prefixes
      level 8: 96349 prefixes
      level 9: 97029 prefixes
      level 10: 97029 prefixes
  lam=(11, 9, 6, 2, 1, 1): N_S=97029 |Stab|=2 n_chi=38334 (orbits dropped: 20361) [lean, 0s, HWM 0.09 GB]
    E_01: |H|=2 targets 86022 canonical rows 33888 nnz 163363 (obstructed fixed targets cancelled: 5638) [0s, HWM 0.09 GB]
    E_12: |H|=2 targets 74917 canonical rows 29449 nnz 131681 (obstructed fixed targets cancelled: 4242) [1s, HWM 0.09 GB]
    E_23: |H|=2 targets 43441 canonical rows 16910 nnz 63184 (obstructed fixed targets cancelled: 1801) [1s, HWM 0.09 GB]
    E_34: |H|=1 targets 43817 canonical rows 42897 nnz 76668 (obstructed fixed targets cancelled: 0) [1s, HWM 0.09 GB]
    E_45: |H|=1 targets 58695 canonical rows 0 nnz 0 (obstructed fixed targets cancelled: 0) [1s, HWM 0.09 GB]
  built (11, 9, 6, 2, 1, 1) d10: N_S=97029 |Stab|=2 n_chi=38334 rows=123144 nnz=434896 (1s: mono 0s orbits 0s rows 1s; HWM 0.09 GB)
    hybrid[per6 11_9_6_2_1_1d10] p=2147483647 attempt 0: |S|=38313 |U|=21 (a=6, excess 15) m=85 blocks 1x21 projected nullity 6, verified=True, rank 6 [split 0.0s trisolve 0.0s schur 0.0s null 0.0s lift 0.0s rank 0.0s]
  per6 (11, 9, 6, 2, 1, 1) d10 p=2147483647: a=6 n_chi=38334 mult=6 units=0 [0.3s]
    hybrid[per6 11_9_6_2_1_1d10] p=2147483629 attempt 0: |S|=38313 |U|=21 (a=6, excess 15) m=85 blocks 1x21 projected nullity 6, verified=True, rank 6 [split 0.0s trisolve 0.0s schur 0.0s null 0.0s lift 0.0s rank 0.0s]
  per6 (11, 9, 6, 2, 1, 1) d10 p=2147483629: a=6 n_chi=38334 mult=6 units=0 [0.3s]
  PER6 RESULT (11, 9, 6, 2, 1, 1) d10: a=6 N_S=97029 n_chi=38334 mult=6 units=0 proved: mult = a at both primes (S_mu not in the ideal over Q) (2.0s, HWM 0.12 GB)

=== rank 87 ((15, 5, 4, 3, 2, 1), 10) N_S 98458 a 5 2026-09-09T03:52:08.791114
      level 1: 41 prefixes
      level 2: 677 prefixes
      level 3: 5885 prefixes
      level 4: 29480 prefixes
      level 5: 73958 prefixes
      level 6: 96655 prefixes
      level 7: 98458 prefixes
      level 8: 98458 prefixes
      level 9: 98458 prefixes
      level 10: 98458 prefixes
  lam=(15, 5, 4, 3, 2, 1): N_S=98458 |Stab|=1 n_chi=98458 (orbits dropped: 0) [lean, 0s, HWM 0.08 GB]
    E_01: |H|=1 targets 59033 canonical rows 59033 nnz 309764 (obstructed fixed targets cancelled: 0) [0s, HWM 0.09 GB]
    E_12: |H|=1 targets 77472 canonical rows 77472 nnz 268917 (obstructed fixed targets cancelled: 0) [1s, HWM 0.09 GB]
    E_23: |H|=1 targets 71343 canonical rows 71343 nnz 222649 (obstructed fixed targets cancelled: 0) [1s, HWM 0.09 GB]
    E_34: |H|=1 targets 61178 canonical rows 61178 nnz 165561 (obstructed fixed targets cancelled: 0) [1s, HWM 0.10 GB]
    E_45: |H|=1 targets 44335 canonical rows 44335 nnz 98458 (obstructed fixed targets cancelled: 0) [1s, HWM 0.10 GB]
  built (15, 5, 4, 3, 2, 1) d10: N_S=98458 |Stab|=1 n_chi=98458 rows=313361 nnz=1065349 (1s: mono 0s orbits 0s rows 1s; HWM 0.10 GB)
    hybrid[per6 15_5_4_3_2_1d10] p=2147483647 attempt 0: |S|=98432 |U|=26 (a=5, excess 21) m=90 blocks 1x26 projected nullity 5, verified=True, rank 5 [split 0.0s trisolve 0.2s schur 0.1s null 0.0s lift 0.1s rank 0.0s]
  per6 (15, 5, 4, 3, 2, 1) d10 p=2147483647: a=5 n_chi=98458 mult=5 units=0 [0.6s]
    hybrid[per6 15_5_4_3_2_1d10] p=2147483629 attempt 0: |S|=98432 |U|=26 (a=5, excess 21) m=90 blocks 1x26 projected nullity 5, verified=True, rank 5 [split 0.0s trisolve 0.1s schur 0.1s null 0.0s lift 0.1s rank 0.0s]
  per6 (15, 5, 4, 3, 2, 1) d10 p=2147483629: a=5 n_chi=98458 mult=5 units=0 [0.5s]
  PER6 RESULT (15, 5, 4, 3, 2, 1) d10: a=5 N_S=98458 n_chi=98458 mult=5 units=0 proved: mult = a at both primes (S_mu not in the ideal over Q) (3.0s, HWM 0.18 GB)

=== rank 88 ((10, 10, 6, 2, 1, 1), 10) N_S 101044 a 1 2026-09-09T03:52:12.087653
      level 1: 33 prefixes
      level 2: 375 prefixes
      level 3: 2295 prefixes
      level 4: 8796 prefixes
      level 5: 23679 prefixes
      level 6: 48812 prefixes
      level 7: 81399 prefixes
      level 8: 98723 prefixes
      level 9: 101044 prefixes
      level 10: 101044 prefixes
  lam=(10, 10, 6, 2, 1, 1): N_S=101044 |Stab|=4 n_chi=19950 (orbits dropped: 10866) [lean, 0s, HWM 0.09 GB]
    E_01: |H|=2 targets 97029 canonical rows 38331 nnz 178016 (obstructed fixed targets cancelled: 5792) [0s, HWM 0.10 GB]
    E_12: |H|=2 targets 74917 canonical rows 29449 nnz 136624 (obstructed fixed targets cancelled: 4599) [1s, HWM 0.10 GB]
    E_23: |H|=4 targets 45197 canonical rows 8800 nnz 32803 (obstructed fixed targets cancelled: 1972) [1s, HWM 0.10 GB]
    E_34: |H|=2 targets 45614 canonical rows 22427 nnz 39900 (obstructed fixed targets cancelled: 0) [1s, HWM 0.10 GB]
    E_45: |H|=2 targets 61125 canonical rows 0 nnz 0 (obstructed fixed targets cancelled: 0) [1s, HWM 0.10 GB]
  built (10, 10, 6, 2, 1, 1) d10: N_S=101044 |Stab|=4 n_chi=19950 rows=99007 nnz=387343 (1s: mono 0s orbits 0s rows 1s; HWM 0.10 GB)
    hybrid[per6 10_10_6_2_1_1d10] p=2147483647 attempt 0: |S|=19941 |U|=9 (a=1, excess 8) m=73 blocks 1x9 projected nullity 1, verified=True, rank 1 [split 0.0s trisolve 0.0s schur 0.0s null 0.0s lift 0.0s rank 0.0s]
  per6 (10, 10, 6, 2, 1, 1) d10 p=2147483647: a=1 n_chi=19950 mult=1 units=0 [0.1s]
    hybrid[per6 10_10_6_2_1_1d10] p=2147483629 attempt 0: |S|=19941 |U|=9 (a=1, excess 8) m=73 blocks 1x9 projected nullity 1, verified=True, rank 1 [split 0.0s trisolve 0.0s schur 0.0s null 0.0s lift 0.0s rank 0.0s]
  per6 (10, 10, 6, 2, 1, 1) d10 p=2147483629: a=1 n_chi=19950 mult=1 units=0 [0.1s]
  PER6 RESULT (10, 10, 6, 2, 1, 1) d10: a=1 N_S=101044 n_chi=19950 mult=1 units=0 proved: mult = a at both primes (S_mu not in the ideal over Q) (1.9s, HWM 0.1 GB)

=== rank 89 ((14, 5, 5, 4, 1, 1), 10) N_S 101313 a 4 2026-09-09T03:52:14.313252
      level 1: 33 prefixes
      level 2: 491 prefixes
      level 3: 3895 prefixes
      level 4: 19796 prefixes
      level 5: 59615 prefixes
      level 6: 94351 prefixes
      level 7: 101183 prefixes
      level 8: 101313 prefixes
      level 9: 101313 prefixes
      level 10: 101313 prefixes
  lam=(14, 5, 5, 4, 1, 1): N_S=101313 |Stab|=4 n_chi=20035 (orbits dropped: 11122) [lean, 0s, HWM 0.09 GB]
    E_01: |H|=2 targets 61178 canonical rows 24074 nnz 122134 (obstructed fixed targets cancelled: 4651) [0s, HWM 0.09 GB]
    E_12: |H|=2 targets 91430 canonical rows 36171 nnz 121005 (obstructed fixed targets cancelled: 2992) [1s, HWM 0.09 GB]
    E_23: |H|=2 targets 79489 canonical rows 31430 nnz 107475 (obstructed fixed targets cancelled: 2605) [1s, HWM 0.09 GB]
    E_34: |H|=2 targets 33181 canonical rows 16113 nnz 39531 (obstructed fixed targets cancelled: 295) [1s, HWM 0.09 GB]
    E_45: |H|=2 targets 61049 canonical rows 0 nnz 0 (obstructed fixed targets cancelled: 231) [1s, HWM 0.09 GB]
  built (14, 5, 5, 4, 1, 1) d10: N_S=101313 |Stab|=4 n_chi=20035 rows=107788 nnz=390145 (1s: mono 0s orbits 0s rows 1s; HWM 0.09 GB)
    hybrid[per6 14_5_5_4_1_1d10] p=2147483647 attempt 0: |S|=20026 |U|=9 (a=4, excess 5) m=73 blocks 1x9 projected nullity 4, verified=True, rank 4 [split 0.0s trisolve 0.0s schur 0.0s null 0.0s lift 0.0s rank 0.0s]
  per6 (14, 5, 5, 4, 1, 1) d10 p=2147483647: a=4 n_chi=20035 mult=4 units=0 [0.2s]
    hybrid[per6 14_5_5_4_1_1d10] p=2147483629 attempt 0: |S|=20026 |U|=9 (a=4, excess 5) m=73 blocks 1x9 projected nullity 4, verified=True, rank 4 [split 0.0s trisolve 0.0s schur 0.0s null 0.0s lift 0.0s rank 0.0s]
  per6 (14, 5, 5, 4, 1, 1) d10 p=2147483629: a=4 n_chi=20035 mult=4 units=0 [0.2s]
  PER6 RESULT (14, 5, 5, 4, 1, 1) d10: a=4 N_S=101313 n_chi=20035 mult=4 units=0 proved: mult = a at both primes (S_mu not in the ideal over Q) (2.0s, HWM 0.1 GB)

=== rank 90 ((11, 10, 4, 3, 1, 1), 10) N_S 103774 a 4 2026-09-09T03:52:16.637076
      level 1: 35 prefixes
      level 2: 457 prefixes
      level 3: 2992 prefixes
      level 4: 11770 prefixes
      level 5: 30227 prefixes
      level 6: 60718 prefixes
      level 7: 92329 prefixes
      level 8: 103057 prefixes
      level 9: 103774 prefixes
      level 10: 103774 prefixes
  lam=(11, 10, 4, 3, 1, 1): N_S=103774 |Stab|=2 n_chi=41138 (orbits dropped: 21498) [lean, 0s, HWM 0.09 GB]
    E_01: |H|=2 targets 96440 canonical rows 38191 nnz 184388 (obstructed fixed targets cancelled: 6161) [0s, HWM 0.09 GB]
    E_12: |H|=2 targets 60441 canonical rows 23721 nnz 109875 (obstructed fixed targets cancelled: 3706) [1s, HWM 0.09 GB]
    E_23: |H|=2 targets 74917 canonical rows 29449 nnz 91747 (obstructed fixed targets cancelled: 2023) [1s, HWM 0.09 GB]
    E_34: |H|=1 targets 39075 canonical rows 39015 nnz 82276 (obstructed fixed targets cancelled: 0) [1s, HWM 0.09 GB]
    E_45: |H|=1 targets 62636 canonical rows 0 nnz 0 (obstructed fixed targets cancelled: 0) [1s, HWM 0.09 GB]
  built (11, 10, 4, 3, 1, 1) d10: N_S=103774 |Stab|=2 n_chi=41138 rows=130376 nnz=468286 (1s: mono 0s orbits 0s rows 1s; HWM 0.09 GB)
    hybrid[per6 11_10_4_3_1_1d10] p=2147483647 attempt 0: |S|=41117 |U|=21 (a=4, excess 17) m=85 blocks 1x21 projected nullity 4, verified=True, rank 4 [split 0.0s trisolve 0.0s schur 0.0s null 0.0s lift 0.0s rank 0.0s]
  per6 (11, 10, 4, 3, 1, 1) d10 p=2147483647: a=4 n_chi=41138 mult=4 units=0 [0.3s]
    hybrid[per6 11_10_4_3_1_1d10] p=2147483629 attempt 0: |S|=41117 |U|=21 (a=4, excess 17) m=85 blocks 1x21 projected nullity 4, verified=True, rank 4 [split 0.0s trisolve 0.0s schur 0.0s null 0.0s lift 0.0s rank 0.0s]
  per6 (11, 10, 4, 3, 1, 1) d10 p=2147483629: a=4 n_chi=41138 mult=4 units=0 [0.2s]
  PER6 RESULT (11, 10, 4, 3, 1, 1) d10: a=4 N_S=103774 n_chi=41138 mult=4 units=0 proved: mult = a at both primes (S_mu not in the ideal over Q) (2.2s, HWM 0.12 GB)

=== rank 91 ((15, 6, 3, 2, 2, 2), 10) N_S 103924 a 5 2026-09-09T03:52:19.110998
      level 1: 45 prefixes
      level 2: 809 prefixes
      level 3: 6772 prefixes
      level 4: 31703 prefixes
      level 5: 78145 prefixes
      level 6: 102010 prefixes
      level 7: 103924 prefixes
      level 8: 103924 prefixes
      level 9: 103924 prefixes
      level 10: 103924 prefixes
  lam=(15, 6, 3, 2, 2, 2): N_S=103924 |Stab|=6 n_chi=21303 (orbits dropped: 0) [lean, 0s, HWM 0.09 GB]
    E_01: |H|=6 targets 68929 canonical rows 14229 nnz 71440 (obstructed fixed targets cancelled: 0) [0s, HWM 0.09 GB]
    E_12: |H|=6 targets 62875 canonical rows 13093 nnz 46785 (obstructed fixed targets cancelled: 0) [1s, HWM 0.09 GB]
    E_23: |H|=2 targets 64570 canonical rows 34802 nnz 92847 (obstructed fixed targets cancelled: 0) [1s, HWM 0.09 GB]
    E_34: |H|=1 targets 77472 canonical rows 77472 nnz 154062 (obstructed fixed targets cancelled: 0) [1s, HWM 0.09 GB]
    E_45: |H|=1 targets 77472 canonical rows 77472 nnz 154062 (obstructed fixed targets cancelled: 0) [1s, HWM 0.09 GB]
  built (15, 6, 3, 2, 2, 2) d10: N_S=103924 |Stab|=6 n_chi=21303 rows=217068 nnz=519196 (2s: mono 0s orbits 0s rows 1s; HWM 0.09 GB)
    hybrid[per6 15_6_3_2_2_2d10] p=2147483647 attempt 0: |S|=21295 |U|=8 (a=5, excess 3) m=72 blocks 1x8 projected nullity 5, verified=True, rank 5 [split 0.0s trisolve 0.0s schur 0.0s null 0.0s lift 0.0s rank 0.0s]
  per6 (15, 6, 3, 2, 2, 2) d10 p=2147483647: a=5 n_chi=21303 mult=5 units=0 [0.2s]
    hybrid[per6 15_6_3_2_2_2d10] p=2147483629 attempt 0: |S|=21295 |U|=8 (a=5, excess 3) m=72 blocks 1x8 projected nullity 5, verified=True, rank 5 [split 0.0s trisolve 0.0s schur 0.0s null 0.0s lift 0.0s rank 0.0s]
  per6 (15, 6, 3, 2, 2, 2) d10 p=2147483629: a=5 n_chi=21303 mult=5 units=0 [0.2s]
  PER6 RESULT (15, 6, 3, 2, 2, 2) d10: a=5 N_S=103924 n_chi=21303 mult=5 units=0 proved: mult = a at both primes (S_mu not in the ideal over Q) (2.7s, HWM 0.12 GB)

=== rank 92 ((12, 10, 2, 2, 2, 2), 10) N_S 105192 a 4 2026-09-09T03:52:22.109179
      level 1: 43 prefixes
      level 2: 653 prefixes
      level 3: 4559 prefixes
      level 4: 16548 prefixes
      level 5: 38346 prefixes
      level 6: 73888 prefixes
      level 7: 99984 prefixes
      level 8: 105069 prefixes
      level 9: 105192 prefixes
      level 10: 105192 prefixes
  lam=(12, 10, 2, 2, 2, 2): N_S=105192 |Stab|=24 n_chi=6784 (orbits dropped: 0) [lean, 1s, HWM 0.09 GB]
    E_01: |H|=24 targets 95184 canonical rows 6145 nnz 27991 (obstructed fixed targets cancelled: 0) [1s, HWM 0.09 GB]
    E_12: |H|=6 targets 38513 canonical rows 8125 nnz 35307 (obstructed fixed targets cancelled: 0) [2s, HWM 0.09 GB]
    E_23: |H|=2 targets 78403 canonical rows 42206 nnz 82672 (obstructed fixed targets cancelled: 0) [2s, HWM 0.09 GB]
    E_34: |H|=2 targets 78403 canonical rows 42206 nnz 82672 (obstructed fixed targets cancelled: 0) [2s, HWM 0.09 GB]
    E_45: |H|=2 targets 78403 canonical rows 42206 nnz 82672 (obstructed fixed targets cancelled: 0) [3s, HWM 0.09 GB]
  built (12, 10, 2, 2, 2, 2) d10: N_S=105192 |Stab|=24 n_chi=6784 rows=140888 nnz=311314 (4s: mono 0s orbits 1s rows 3s; HWM 0.09 GB)
    hybrid[per6 12_10_2_2_2_2d10] p=2147483647 attempt 0: |S|=6773 |U|=11 (a=4, excess 7) m=75 blocks 1x11 projected nullity 4, verified=True, rank 4 [split 0.0s trisolve 0.0s schur 0.0s null 0.0s lift 0.0s rank 0.0s]
  per6 (12, 10, 2, 2, 2, 2) d10 p=2147483647: a=4 n_chi=6784 mult=4 units=0 [0.2s]
    hybrid[per6 12_10_2_2_2_2d10] p=2147483629 attempt 0: |S|=6773 |U|=11 (a=4, excess 7) m=75 blocks 1x11 projected nullity 4, verified=True, rank 4 [split 0.0s trisolve 0.0s schur 0.0s null 0.0s lift 0.0s rank 0.0s]
  per6 (12, 10, 2, 2, 2, 2) d10 p=2147483629: a=4 n_chi=6784 mult=4 units=0 [0.2s]
  PER6 RESULT (12, 10, 2, 2, 2, 2) d10: a=4 N_S=105192 n_chi=6784 mult=4 units=0 proved: mult = a at both primes (S_mu not in the ideal over Q) (4.5s, HWM 0.1 GB)

=== rank 93 ((14, 7, 3, 3, 2, 1), 10) N_S 106416 a 4 2026-09-09T03:52:26.923701
      level 1: 41 prefixes
      level 2: 646 prefixes
      level 3: 5165 prefixes
      level 4: 22534 prefixes
      level 5: 63169 prefixes
      level 6: 99131 prefixes
      level 7: 106281 prefixes
      level 8: 106416 prefixes
      level 9: 106416 prefixes
      level 10: 106416 prefixes
  lam=(14, 7, 3, 3, 2, 1): N_S=106416 |Stab|=2 n_chi=51238 (orbits dropped: 3940) [lean, 0s, HWM 0.09 GB]
    E_01: |H|=2 targets 77472 canonical rows 37222 nnz 193653 (obstructed fixed targets cancelled: 1950) [1s, HWM 0.09 GB]
    E_12: |H|=1 targets 59961 canonical rows 59931 nnz 232110 (obstructed fixed targets cancelled: 0) [1s, HWM 0.09 GB]
    E_23: |H|=1 targets 88514 canonical rows 87572 nnz 213340 (obstructed fixed targets cancelled: 0) [1s, HWM 0.10 GB]
    E_34: |H|=1 targets 66047 canonical rows 65997 nnz 172734 (obstructed fixed targets cancelled: 0) [1s, HWM 0.10 GB]
    E_45: |H|=2 targets 47895 canonical rows 22829 nnz 50857 (obstructed fixed targets cancelled: 381) [1s, HWM 0.10 GB]
  built (14, 7, 3, 3, 2, 1) d10: N_S=106416 |Stab|=2 n_chi=51238 rows=273551 nnz=862694 (2s: mono 0s orbits 0s rows 1s; HWM 0.10 GB)
    hybrid[per6 14_7_3_3_2_1d10] p=2147483647 attempt 0: |S|=51227 |U|=11 (a=4, excess 7) m=75 blocks 1x11 projected nullity 4, verified=True, rank 4 [split 0.0s trisolve 0.0s schur 0.1s null 0.0s lift 0.0s rank 0.0s]
  per6 (14, 7, 3, 3, 2, 1) d10 p=2147483647: a=4 n_chi=51238 mult=4 units=0 [0.3s]
    hybrid[per6 14_7_3_3_2_1d10] p=2147483629 attempt 0: |S|=51227 |U|=11 (a=4, excess 7) m=75 blocks 1x11 projected nullity 4, verified=True, rank 4 [split 0.0s trisolve 0.0s schur 0.1s null 0.0s lift 0.0s rank 0.0s]
  per6 (14, 7, 3, 3, 2, 1) d10 p=2147483629: a=4 n_chi=51238 mult=4 units=0 [0.3s]
  PER6 RESULT (14, 7, 3, 3, 2, 1) d10: a=4 N_S=106416 n_chi=51238 mult=4 units=0 proved: mult = a at both primes (S_mu not in the ideal over Q) (2.7s, HWM 0.15 GB)

=== rank 94 ((14, 6, 5, 2, 2, 1), 10) N_S 106637 a 9 2026-09-09T03:52:30.004279
      level 1: 40 prefixes
      level 2: 600 prefixes
      level 3: 4616 prefixes
      level 4: 21647 prefixes
      level 5: 62952 prefixes
      level 6: 99262 prefixes
      level 7: 106495 prefixes
      level 8: 106637 prefixes
      level 9: 106637 prefixes
      level 10: 106637 prefixes
  lam=(14, 6, 5, 2, 2, 1): N_S=106637 |Stab|=2 n_chi=57219 (orbits dropped: 0) [lean, 0s, HWM 0.09 GB]
    E_01: |H|=2 targets 71343 canonical rows 38381 nnz 197823 (obstructed fixed targets cancelled: 0) [0s, HWM 0.09 GB]
    E_12: |H|=2 targets 88514 canonical rows 47582 nnz 178082 (obstructed fixed targets cancelled: 0) [1s, HWM 0.10 GB]
    E_23: |H|=1 targets 52075 canonical rows 52075 nnz 179132 (obstructed fixed targets cancelled: 0) [1s, HWM 0.10 GB]
    E_34: |H|=1 targets 79489 canonical rows 79489 nnz 158108 (obstructed fixed targets cancelled: 0) [1s, HWM 0.10 GB]
    E_45: |H|=1 targets 48053 canonical rows 48053 nnz 106637 (obstructed fixed targets cancelled: 0) [1s, HWM 0.10 GB]
  built (14, 6, 5, 2, 2, 1) d10: N_S=106637 |Stab|=2 n_chi=57219 rows=265580 nnz=819782 (2s: mono 0s orbits 0s rows 1s; HWM 0.10 GB)
    hybrid[per6 14_6_5_2_2_1d10] p=2147483647 attempt 0: |S|=57197 |U|=22 (a=9, excess 13) m=86 blocks 1x22 projected nullity 9, verified=True, rank 9 [split 0.0s trisolve 0.0s schur 0.1s null 0.0s lift 0.3s rank 0.0s]
  per6 (14, 6, 5, 2, 2, 1) d10 p=2147483647: a=9 n_chi=57219 mult=9 units=0 [0.7s]
    hybrid[per6 14_6_5_2_2_1d10] p=2147483629 attempt 0: |S|=57197 |U|=22 (a=9, excess 13) m=86 blocks 1x22 projected nullity 9, verified=True, rank 9 [split 0.0s trisolve 0.0s schur 0.1s null 0.0s lift 0.2s rank 0.0s]
  per6 (14, 6, 5, 2, 2, 1) d10 p=2147483629: a=9 n_chi=57219 mult=9 units=0 [0.6s]
  PER6 RESULT (14, 6, 5, 2, 2, 1) d10: a=9 N_S=106637 n_chi=57219 mult=9 units=0 proved: mult = a at both primes (S_mu not in the ideal over Q) (3.1s, HWM 0.19 GB)

=== rank 95 ((13, 7, 5, 3, 1, 1), 10) N_S 107393 a 11 2026-09-09T03:52:33.461927
      level 1: 36 prefixes
      level 2: 484 prefixes
      level 3: 3475 prefixes
      level 4: 15476 prefixes
      level 5: 47178 prefixes
      level 6: 89427 prefixes
      level 7: 106171 prefixes
      level 8: 107393 prefixes
      level 9: 107393 prefixes
      level 10: 107393 prefixes
  lam=(13, 7, 5, 3, 1, 1): N_S=107393 |Stab|=2 n_chi=42713 (orbits dropped: 21967) [lean, 0s, HWM 0.09 GB]
    E_01: |H|=2 targets 79489 canonical rows 31436 nnz 159662 (obstructed fixed targets cancelled: 5707) [0s, HWM 0.09 GB]
    E_12: |H|=2 targets 83102 canonical rows 32831 nnz 132430 (obstructed fixed targets cancelled: 3724) [1s, HWM 0.09 GB]
    E_23: |H|=2 targets 69981 canonical rows 27490 nnz 95123 (obstructed fixed targets cancelled: 2371) [1s, HWM 0.09 GB]
    E_34: |H|=1 targets 40327 canonical rows 40261 nnz 85426 (obstructed fixed targets cancelled: 0) [1s, HWM 0.09 GB]
    E_45: |H|=1 targets 64680 canonical rows 0 nnz 0 (obstructed fixed targets cancelled: 0) [1s, HWM 0.09 GB]
  built (13, 7, 5, 3, 1, 1) d10: N_S=107393 |Stab|=2 n_chi=42713 rows=132018 nnz=472641 (2s: mono 0s orbits 0s rows 1s; HWM 0.09 GB)
    hybrid[per6 13_7_5_3_1_1d10] p=2147483647 attempt 0: |S|=42691 |U|=22 (a=11, excess 11) m=86 blocks 1x22 projected nullity 11, verified=True, rank 11 [split 0.0s trisolve 0.0s schur 0.0s null 0.0s lift 0.1s rank 0.0s]
  per6 (13, 7, 5, 3, 1, 1) d10 p=2147483647: a=11 n_chi=42713 mult=11 units=0 [0.4s]
    hybrid[per6 13_7_5_3_1_1d10] p=2147483629 attempt 0: |S|=42691 |U|=22 (a=11, excess 11) m=86 blocks 1x22 projected nullity 11, verified=True, rank 11 [split 0.0s trisolve 0.0s schur 0.0s null 0.0s lift 0.1s rank 0.0s]
  per6 (13, 7, 5, 3, 1, 1) d10 p=2147483629: a=11 n_chi=42713 mult=11 units=0 [0.4s]
  PER6 RESULT (13, 7, 5, 3, 1, 1) d10: a=11 N_S=107393 n_chi=42713 mult=11 units=0 proved: mult = a at both primes (S_mu not in the ideal over Q) (2.5s, HWM 0.15 GB)

=== rank 96 ((11, 11, 2, 2, 2, 2), 10) N_S 108600 a 1 2026-09-09T03:52:36.280588
      level 1: 42 prefixes
      level 2: 627 prefixes
      level 3: 4167 prefixes
      level 4: 15208 prefixes
      level 5: 34689 prefixes
      level 6: 64285 prefixes
      level 7: 96147 prefixes
      level 8: 107737 prefixes
      level 9: 108600 prefixes
      level 10: 108600 prefixes
  lam=(11, 11, 2, 2, 2, 2): N_S=108600 |Stab|=48 n_chi=3387 (orbits dropped: 197) [lean, 2s, HWM 0.09 GB]
    E_01: |H|=24 targets 105192 canonical rows 6784 nnz 29083 (obstructed fixed targets cancelled: 0) [2s, HWM 0.10 GB]
    E_12: |H|=6 targets 38513 canonical rows 8120 nnz 35500 (obstructed fixed targets cancelled: 0) [2s, HWM 0.10 GB]
    E_23: |H|=4 targets 80938 canonical rows 21402 nnz 41515 (obstructed fixed targets cancelled: 74) [2s, HWM 0.10 GB]
    E_34: |H|=4 targets 80938 canonical rows 21402 nnz 41515 (obstructed fixed targets cancelled: 74) [3s, HWM 0.10 GB]
    E_45: |H|=4 targets 80938 canonical rows 21402 nnz 41515 (obstructed fixed targets cancelled: 74) [3s, HWM 0.10 GB]
  built (11, 11, 2, 2, 2, 2) d10: N_S=108600 |Stab|=48 n_chi=3387 rows=79110 nnz=189128 (5s: mono 0s orbits 2s rows 3s; HWM 0.10 GB)
    hybrid[per6 11_11_2_2_2_2d10] p=2147483647 attempt 0: |S|=3385 |U|=2 (a=1, excess 1) m=66 blocks 1x2 projected nullity 1, verified=True, rank 1 [split 0.0s trisolve 0.0s schur 0.0s null 0.0s lift 0.0s rank 0.0s]
  per6 (11, 11, 2, 2, 2, 2) d10 p=2147483647: a=1 n_chi=3387 mult=1 units=0 [0.1s]
    hybrid[per6 11_11_2_2_2_2d10] p=2147483629 attempt 0: |S|=3385 |U|=2 (a=1, excess 1) m=66 blocks 1x2 projected nullity 1, verified=True, rank 1 [split 0.0s trisolve 0.0s schur 0.0s null 0.0s lift 0.0s rank 0.0s]
  per6 (11, 11, 2, 2, 2, 2) d10 p=2147483629: a=1 n_chi=3387 mult=1 units=0 [0.1s]
  PER6 RESULT (11, 11, 2, 2, 2, 2) d10: a=1 N_S=108600 n_chi=3387 mult=1 units=0 proved: mult = a at both primes (S_mu not in the ideal over Q) (5.8s, HWM 0.1 GB)

=== rank 97 ((11, 8, 7, 2, 1, 1), 10) N_S 110180 a 5 2026-09-09T03:52:42.451468
      level 1: 32 prefixes
      level 2: 385 prefixes
      level 3: 2381 prefixes
      level 4: 9453 prefixes
      level 5: 27332 prefixes
      level 6: 62049 prefixes
      level 7: 97749 prefixes
      level 8: 109410 prefixes
      level 9: 110180 prefixes
      level 10: 110180 prefixes
  lam=(11, 8, 7, 2, 1, 1): N_S=110180 |Stab|=2 n_chi=43659 (orbits dropped: 22862) [lean, 0s, HWM 0.09 GB]
    E_01: |H|=2 targets 92099 canonical rows 36380 nnz 176302 (obstructed fixed targets cancelled: 5968) [0s, HWM 0.09 GB]
    E_12: |H|=2 targets 97029 canonical rows 38334 nnz 164759 (obstructed fixed targets cancelled: 4901) [1s, HWM 0.10 GB]
    E_23: |H|=2 targets 45985 canonical rows 17907 nnz 71913 (obstructed fixed targets cancelled: 2195) [1s, HWM 0.10 GB]
    E_34: |H|=1 targets 49623 canonical rows 48616 nnz 87318 (obstructed fixed targets cancelled: 0) [1s, HWM 0.10 GB]
    E_45: |H|=1 targets 66521 canonical rows 0 nnz 0 (obstructed fixed targets cancelled: 0) [1s, HWM 0.10 GB]
  built (11, 8, 7, 2, 1, 1) d10: N_S=110180 |Stab|=2 n_chi=43659 rows=141237 nnz=500292 (1s: mono 0s orbits 0s rows 1s; HWM 0.10 GB)
    hybrid[per6 11_8_7_2_1_1d10] p=2147483647 attempt 0: |S|=43634 |U|=25 (a=5, excess 20) m=89 blocks 1x25 projected nullity 5, verified=True, rank 5 [split 0.0s trisolve 0.0s schur 0.0s null 0.0s lift 0.0s rank 0.0s]
  per6 (11, 8, 7, 2, 1, 1) d10 p=2147483647: a=5 n_chi=43659 mult=5 units=0 [0.3s]
    hybrid[per6 11_8_7_2_1_1d10] p=2147483629 attempt 0: |S|=43634 |U|=25 (a=5, excess 20) m=89 blocks 1x25 projected nullity 5, verified=True, rank 5 [split 0.0s trisolve 0.0s schur 0.0s null 0.0s lift 0.0s rank 0.0s]
  per6 (11, 8, 7, 2, 1, 1) d10 p=2147483629: a=5 n_chi=43659 mult=5 units=0 [0.3s]
  PER6 RESULT (11, 8, 7, 2, 1, 1) d10: a=5 N_S=110180 n_chi=43659 mult=5 units=0 proved: mult = a at both primes (S_mu not in the ideal over Q) (2.3s, HWM 0.12 GB)

=== rank 98 ((13, 8, 4, 2, 2, 1), 10) N_S 111503 a 15 2026-09-09T03:52:45.060779
      level 1: 40 prefixes
      level 2: 589 prefixes
      level 3: 4329 prefixes
      level 4: 17748 prefixes
      level 5: 49821 prefixes
      level 6: 92781 prefixes
      level 7: 110193 prefixes
      level 8: 111503 prefixes
      level 9: 111503 prefixes
      level 10: 111503 prefixes
  lam=(13, 8, 4, 2, 2, 1): N_S=111503 |Stab|=2 n_chi=59847 (orbits dropped: 0) [lean, 0s, HWM 0.09 GB]
    E_01: |H|=2 targets 88514 canonical rows 47582 nnz 242434 (obstructed fixed targets cancelled: 0) [0s, HWM 0.09 GB]
    E_12: |H|=2 targets 70981 canonical rows 38225 nnz 161561 (obstructed fixed targets cancelled: 0) [1s, HWM 0.10 GB]
    E_23: |H|=1 targets 60153 canonical rows 60153 nnz 187209 (obstructed fixed targets cancelled: 0) [1s, HWM 0.10 GB]
    E_34: |H|=1 targets 83102 canonical rows 83102 nnz 165224 (obstructed fixed targets cancelled: 0) [1s, HWM 0.10 GB]
    E_45: |H|=1 targets 50271 canonical rows 50271 nnz 111503 (obstructed fixed targets cancelled: 0) [1s, HWM 0.10 GB]
  built (13, 8, 4, 2, 2, 1) d10: N_S=111503 |Stab|=2 n_chi=59847 rows=279333 nnz=867931 (2s: mono 0s orbits 0s rows 1s; HWM 0.10 GB)
    hybrid[per6 13_8_4_2_2_1d10] p=2147483647 attempt 0: |S|=59823 |U|=24 (a=15, excess 9) m=88 blocks 1x24 projected nullity 15, verified=True, rank 15 [split 0.0s trisolve 0.0s schur 0.1s null 0.0s lift 0.1s rank 0.0s]
  per6 (13, 8, 4, 2, 2, 1) d10 p=2147483647: a=15 n_chi=59847 mult=15 units=0 [0.8s]
    hybrid[per6 13_8_4_2_2_1d10] p=2147483629 attempt 0: |S|=59823 |U|=24 (a=15, excess 9) m=88 blocks 1x24 projected nullity 15, verified=True, rank 15 [split 0.0s trisolve 0.0s schur 0.1s null 0.0s lift 0.1s rank 0.0s]
  per6 (13, 8, 4, 2, 2, 1) d10 p=2147483629: a=15 n_chi=59847 mult=15 units=0 [0.6s]
  PER6 RESULT (13, 8, 4, 2, 2, 1) d10: a=15 N_S=111503 n_chi=59847 mult=15 units=0 proved: mult = a at both primes (S_mu not in the ideal over Q) (3.3s, HWM 0.25 GB)

=== rank 99 ((15, 4, 4, 4, 2, 1), 10) N_S 113201 a 2 2026-09-09T03:52:48.681664
      level 1: 38 prefixes
      level 2: 672 prefixes
      level 3: 6232 prefixes
      level 4: 33192 prefixes
      level 5: 84806 prefixes
      level 6: 111119 prefixes
      level 7: 113201 prefixes
      level 8: 113201 prefixes
      level 9: 113201 prefixes
      level 10: 113201 prefixes
  lam=(15, 4, 4, 4, 2, 1): N_S=113201 |Stab|=6 n_chi=20131 (orbits dropped: 0) [lean, 0s, HWM 0.09 GB]
    E_01: |H|=2 targets 59033 canonical rows 30235 nnz 157363 (obstructed fixed targets cancelled: 0) [0s, HWM 0.09 GB]
    E_12: |H|=1 targets 98458 canonical rows 98458 nnz 302300 (obstructed fixed targets cancelled: 0) [1s, HWM 0.10 GB]
    E_23: |H|=1 targets 98458 canonical rows 98458 nnz 302300 (obstructed fixed targets cancelled: 0) [1s, HWM 0.10 GB]
    E_34: |H|=2 targets 61178 canonical rows 31306 nnz 96903 (obstructed fixed targets cancelled: 0) [1s, HWM 0.10 GB]
    E_45: |H|=6 targets 50901 canonical rows 9242 nnz 20131 (obstructed fixed targets cancelled: 0) [2s, HWM 0.10 GB]
  built (15, 4, 4, 4, 2, 1) d10: N_S=113201 |Stab|=6 n_chi=20131 rows=267699 nnz=878997 (2s: mono 0s orbits 0s rows 2s; HWM 0.10 GB)
    hybrid[per6 15_4_4_4_2_1d10] p=2147483647 attempt 0: |S|=20128 |U|=3 (a=2, excess 1) m=67 blocks 1x3 projected nullity 2, verified=True, rank 2 [split 0.0s trisolve 0.0s schur 0.0s null 0.0s lift 0.0s rank 0.0s]
  per6 (15, 4, 4, 4, 2, 1) d10 p=2147483647: a=2 n_chi=20131 mult=2 units=0 [0.2s]
    hybrid[per6 15_4_4_4_2_1d10] p=2147483629 attempt 0: |S|=20128 |U|=3 (a=2, excess 1) m=67 blocks 1x3 projected nullity 2, verified=True, rank 2 [split 0.0s trisolve 0.0s schur 0.0s null 0.0s lift 0.0s rank 0.0s]
  per6 (15, 4, 4, 4, 2, 1) d10 p=2147483629: a=2 n_chi=20131 mult=2 units=0 [0.2s]
  PER6 RESULT (15, 4, 4, 4, 2, 1) d10: a=2 N_S=113201 n_chi=20131 mult=2 units=0 proved: mult = a at both primes (S_mu not in the ideal over Q) (2.9s, HWM 0.12 GB)

=== rank 100 ((13, 6, 6, 3, 1, 1), 10) N_S 116997 a 2 2026-09-09T03:52:51.879584
      level 1: 33 prefixes
      level 2: 468 prefixes
      level 3: 3384 prefixes
      level 4: 15681 prefixes
      level 5: 50610 prefixes
      level 6: 97338 prefixes
      level 7: 115666 prefixes
      level 8: 116997 prefixes
      level 9: 116997 prefixes
      level 10: 116997 prefixes
  lam=(13, 6, 6, 3, 1, 1): N_S=116997 |Stab|=4 n_chi=23351 (orbits dropped: 12373) [lean, 0s, HWM 0.09 GB]
    E_01: |H|=2 targets 79489 canonical rows 31430 nnz 159280 (obstructed fixed targets cancelled: 5707) [0s, HWM 0.09 GB]
    E_12: |H|=2 targets 107393 canonical rows 42701 nnz 159360 (obstructed fixed targets cancelled: 3926) [1s, HWM 0.10 GB]
    E_23: |H|=2 targets 69981 canonical rows 27490 nnz 103204 (obstructed fixed targets cancelled: 2801) [1s, HWM 0.10 GB]
    E_34: |H|=2 targets 43881 canonical rows 22241 nnz 46702 (obstructed fixed targets cancelled: 0) [1s, HWM 0.10 GB]
    E_45: |H|=2 targets 70439 canonical rows 0 nnz 0 (obstructed fixed targets cancelled: 0) [1s, HWM 0.10 GB]
  built (13, 6, 6, 3, 1, 1) d10: N_S=116997 |Stab|=4 n_chi=23351 rows=123862 nnz=468546 (2s: mono 0s orbits 0s rows 1s; HWM 0.10 GB)
    hybrid[per6 13_6_6_3_1_1d10] p=2147483647 attempt 0: |S|=23344 |U|=7 (a=2, excess 5) m=71 blocks 1x7 projected nullity 2, verified=True, rank 2 [split 0.0s trisolve 0.0s schur 0.0s null 0.0s lift 0.0s rank 0.0s]
  per6 (13, 6, 6, 3, 1, 1) d10 p=2147483647: a=2 n_chi=23351 mult=2 units=0 [0.2s]
    hybrid[per6 13_6_6_3_1_1d10] p=2147483629 attempt 0: |S|=23344 |U|=7 (a=2, excess 5) m=71 blocks 1x7 projected nullity 2, verified=True, rank 2 [split 0.0s trisolve 0.0s schur 0.0s null 0.0s lift 0.0s rank 0.0s]
  per6 (13, 6, 6, 3, 1, 1) d10 p=2147483629: a=2 n_chi=23351 mult=2 units=0 [0.2s]
  PER6 RESULT (13, 6, 6, 3, 1, 1) d10: a=2 N_S=116997 n_chi=23351 mult=2 units=0 proved: mult = a at both primes (S_mu not in the ideal over Q) (2.3s, HWM 0.1 GB)

=== rank 101 ((10, 9, 7, 2, 1, 1), 10) N_S 120341 a 4 2026-09-09T03:52:54.552506
      level 1: 32 prefixes
      level 2: 366 prefixes
      level 3: 2251 prefixes
      level 4: 8934 prefixes
      level 5: 25373 prefixes
      level 6: 55874 prefixes
      level 7: 96387 prefixes
      level 8: 117585 prefixes
      level 9: 120341 prefixes
      level 10: 120341 prefixes
  lam=(10, 9, 7, 2, 1, 1): N_S=120341 |Stab|=2 n_chi=47764 (orbits dropped: 24813) [lean, 0s, HWM 0.09 GB]
    E_01: |H|=2 targets 110180 canonical rows 43659 nnz 205785 (obstructed fixed targets cancelled: 6588) [0s, HWM 0.10 GB]
    E_12: |H|=2 targets 101044 canonical rows 39919 nnz 180540 (obstructed fixed targets cancelled: 5638) [1s, HWM 0.10 GB]
    E_23: |H|=2 targets 50107 canonical rows 19546 nnz 78762 (obstructed fixed targets cancelled: 2375) [1s, HWM 0.10 GB]
    E_34: |H|=1 targets 54117 canonical rows 53043 nnz 95528 (obstructed fixed targets cancelled: 0) [1s, HWM 0.10 GB]
    E_45: |H|=1 targets 72577 canonical rows 0 nnz 0 (obstructed fixed targets cancelled: 0) [1s, HWM 0.10 GB]
  built (10, 9, 7, 2, 1, 1) d10: N_S=120341 |Stab|=2 n_chi=47764 rows=156167 nnz=560615 (2s: mono 0s orbits 0s rows 1s; HWM 0.10 GB)
    hybrid[per6 10_9_7_2_1_1d10] p=2147483647 attempt 0: |S|=47735 |U|=29 (a=4, excess 25) m=93 blocks 1x29 projected nullity 4, verified=True, rank 4 [split 0.0s trisolve 0.0s schur 0.1s null 0.0s lift 0.0s rank 0.0s]
  per6 (10, 9, 7, 2, 1, 1) d10 p=2147483647: a=4 n_chi=47764 mult=4 units=0 [0.3s]
    hybrid[per6 10_9_7_2_1_1d10] p=2147483629 attempt 0: |S|=47735 |U|=29 (a=4, excess 25) m=93 blocks 1x29 projected nullity 4, verified=True, rank 4 [split 0.0s trisolve 0.0s schur 0.1s null 0.0s lift 0.0s rank 0.0s]
  per6 (10, 9, 7, 2, 1, 1) d10 p=2147483629: a=4 n_chi=47764 mult=4 units=0 [0.3s]
  PER6 RESULT (10, 9, 7, 2, 1, 1) d10: a=4 N_S=120341 n_chi=47764 mult=4 units=0 proved: mult = a at both primes (S_mu not in the ideal over Q) (2.4s, HWM 0.13 GB)

=== rank 102 ((13, 7, 4, 4, 1, 1), 10) N_S 123706 a 6 2026-09-09T03:52:57.332937
      level 1: 36 prefixes
      level 2: 491 prefixes
      level 3: 3755 prefixes
      level 4: 17443 prefixes
      level 5: 54098 prefixes
      level 6: 103072 prefixes
      level 7: 122328 prefixes
      level 8: 123706 prefixes
      level 9: 123706 prefixes
      level 10: 123706 prefixes
  lam=(13, 7, 4, 4, 1, 1): N_S=123706 |Stab|=4 n_chi=24874 (orbits dropped: 13381) [lean, 0s, HWM 0.09 GB]
    E_01: |H|=4 targets 91430 canonical rows 18271 nnz 92518 (obstructed fixed targets cancelled: 6982) [1s, HWM 0.10 GB]
    E_12: |H|=2 targets 83102 canonical rows 32825 nnz 131936 (obstructed fixed targets cancelled: 3724) [1s, HWM 0.10 GB]
    E_23: |H|=2 targets 107393 canonical rows 42633 nnz 129619 (obstructed fixed targets cancelled: 2518) [1s, HWM 0.10 GB]
    E_34: |H|=1 targets 40327 canonical rows 39961 nnz 97918 (obstructed fixed targets cancelled: 0) [1s, HWM 0.10 GB]
    E_45: |H|=2 targets 74451 canonical rows 0 nnz 0 (obstructed fixed targets cancelled: 0) [2s, HWM 0.10 GB]
  built (13, 7, 4, 4, 1, 1) d10: N_S=123706 |Stab|=4 n_chi=24874 rows=133690 nnz=451991 (2s: mono 0s orbits 0s rows 2s; HWM 0.10 GB)
    hybrid[per6 13_7_4_4_1_1d10] p=2147483647 attempt 0: |S|=24865 |U|=9 (a=6, excess 3) m=73 blocks 1x9 projected nullity 6, verified=True, rank 6 [split 0.0s trisolve 0.0s schur 0.0s null 0.0s lift 0.0s rank 0.0s]
  per6 (13, 7, 4, 4, 1, 1) d10 p=2147483647: a=6 n_chi=24874 mult=6 units=0 [0.2s]
    hybrid[per6 13_7_4_4_1_1d10] p=2147483629 attempt 0: |S|=24865 |U|=9 (a=6, excess 3) m=73 blocks 1x9 projected nullity 6, verified=True, rank 6 [split 0.0s trisolve 0.0s schur 0.0s null 0.0s lift 0.0s rank 0.0s]
  per6 (13, 7, 4, 4, 1, 1) d10 p=2147483629: a=6 n_chi=24874 mult=6 units=0 [0.2s]
  PER6 RESULT (13, 7, 4, 4, 1, 1) d10: a=6 N_S=123706 n_chi=24874 mult=6 units=0 proved: mult = a at both primes (S_mu not in the ideal over Q) (2.7s, HWM 0.12 GB)

=== rank 103 ((10, 8, 8, 2, 1, 1), 10) N_S 127608 a 1 2026-09-09T03:53:00.390599
      level 1: 32 prefixes
      level 2: 343 prefixes
      level 3: 2091 prefixes
      level 4: 8408 prefixes
      level 5: 24579 prefixes
      level 6: 57062 prefixes
      level 7: 101537 prefixes
      level 8: 124631 prefixes
      level 9: 127608 prefixes
      level 10: 127608 prefixes
  lam=(10, 8, 8, 2, 1, 1): N_S=127608 |Stab|=4 n_chi=25343 (orbits dropped: 13525) [lean, 0s, HWM 0.09 GB]
    E_01: |H|=2 targets 110180 canonical rows 43652 nnz 205280 (obstructed fixed targets cancelled: 6588) [0s, HWM 0.10 GB]
    E_12: |H|=2 targets 120341 canonical rows 47756 nnz 204861 (obstructed fixed targets cancelled: 5850) [1s, HWM 0.10 GB]
    E_23: |H|=2 targets 50107 canonical rows 19546 nnz 83159 (obstructed fixed targets cancelled: 2658) [1s, HWM 0.10 GB]
    E_34: |H|=2 targets 57336 canonical rows 28280 nnz 50686 (obstructed fixed targets cancelled: 0) [1s, HWM 0.10 GB]
    E_45: |H|=2 targets 76941 canonical rows 0 nnz 0 (obstructed fixed targets cancelled: 0) [1s, HWM 0.10 GB]
  built (10, 8, 8, 2, 1, 1) d10: N_S=127608 |Stab|=4 n_chi=25343 rows=139234 nnz=543986 (2s: mono 0s orbits 0s rows 1s; HWM 0.10 GB)
    hybrid[per6 10_8_8_2_1_1d10] p=2147483647 attempt 0: |S|=25336 |U|=7 (a=1, excess 6) m=71 blocks 1x7 projected nullity 1, verified=True, rank 1 [split 0.0s trisolve 0.0s schur 0.0s null 0.0s lift 0.0s rank 0.0s]
  per6 (10, 8, 8, 2, 1, 1) d10 p=2147483647: a=1 n_chi=25343 mult=1 units=0 [0.2s]
    hybrid[per6 10_8_8_2_1_1d10] p=2147483629 attempt 0: |S|=25336 |U|=7 (a=1, excess 6) m=71 blocks 1x7 projected nullity 1, verified=True, rank 1 [split 0.0s trisolve 0.0s schur 0.0s null 0.0s lift 0.0s rank 0.0s]
  per6 (10, 8, 8, 2, 1, 1) d10 p=2147483629: a=1 n_chi=25343 mult=1 units=0 [0.2s]
  PER6 RESULT (10, 8, 8, 2, 1, 1) d10: a=1 N_S=127608 n_chi=25343 mult=1 units=0 proved: mult = a at both primes (S_mu not in the ideal over Q) (2.3s, HWM 0.1 GB)

=== rank 104 ((12, 9, 4, 2, 2, 1), 10) N_S 129495 a 13 2026-09-09T03:53:03.035579
      level 1: 39 prefixes
      level 2: 572 prefixes
      level 3: 4108 prefixes
      level 4: 16896 prefixes
      level 5: 44706 prefixes
      level 6: 91076 prefixes
      level 7: 123582 prefixes
      level 8: 129374 prefixes
      level 9: 129495 prefixes
      level 10: 129495 prefixes
  lam=(12, 9, 4, 2, 2, 1): N_S=129495 |Stab|=2 n_chi=69426 (orbits dropped: 0) [lean, 0s, HWM 0.09 GB]
    E_01: |H|=2 targets 111503 canonical rows 59847 nnz 300669 (obstructed fixed targets cancelled: 0) [0s, HWM 0.10 GB]
    E_12: |H|=2 targets 78403 canonical rows 42206 nnz 188042 (obstructed fixed targets cancelled: 0) [1s, HWM 0.10 GB]
    E_23: |H|=1 targets 69684 canonical rows 69684 nnz 217702 (obstructed fixed targets cancelled: 0) [1s, HWM 0.10 GB]
    E_34: |H|=1 targets 96440 canonical rows 96440 nnz 192236 (obstructed fixed targets cancelled: 0) [1s, HWM 0.10 GB]
    E_45: |H|=1 targets 58249 canonical rows 58249 nnz 129495 (obstructed fixed targets cancelled: 0) [1s, HWM 0.10 GB]
  built (12, 9, 4, 2, 2, 1) d10: N_S=129495 |Stab|=2 n_chi=69426 rows=326426 nnz=1028144 (2s: mono 0s orbits 0s rows 1s; HWM 0.10 GB)
    hybrid[per6 12_9_4_2_2_1d10] p=2147483647 attempt 0: |S|=69396 |U|=30 (a=13, excess 17) m=94 blocks 1x30 projected nullity 13, verified=True, rank 13 [split 0.0s trisolve 0.0s schur 0.1s null 0.0s lift 0.5s rank 0.0s]
  per6 (12, 9, 4, 2, 2, 1) d10 p=2147483647: a=13 n_chi=69426 mult=13 units=0 [1.1s]
    hybrid[per6 12_9_4_2_2_1d10] p=2147483629 attempt 0: |S|=69396 |U|=30 (a=13, excess 17) m=94 blocks 1x30 projected nullity 13, verified=True, rank 13 [split 0.0s trisolve 0.0s schur 0.1s null 0.0s lift 0.3s rank 0.0s]
  per6 (12, 9, 4, 2, 2, 1) d10 p=2147483629: a=13 n_chi=69426 mult=13 units=0 [0.9s]
  PER6 RESULT (12, 9, 4, 2, 2, 1) d10: a=13 N_S=129495 n_chi=69426 mult=13 units=0 proved: mult = a at both primes (S_mu not in the ideal over Q) (4.1s, HWM 0.26 GB)

=== rank 105 ((15, 5, 4, 2, 2, 2), 10) N_S 132228 a 5 2026-09-09T03:53:07.454211
      level 1: 45 prefixes
      level 2: 816 prefixes
      level 3: 7512 prefixes
      level 4: 38835 prefixes
      level 5: 99011 prefixes
      level 6: 129804 prefixes
      level 7: 132228 prefixes
      level 8: 132228 prefixes
      level 9: 132228 prefixes
      level 10: 132228 prefixes
  lam=(15, 5, 4, 2, 2, 2): N_S=132228 |Stab|=6 n_chi=26947 (orbits dropped: 0) [lean, 0s, HWM 0.10 GB]
    E_01: |H|=6 targets 79110 canonical rows 16328 nnz 82238 (obstructed fixed targets cancelled: 0) [0s, HWM 0.10 GB]
    E_12: |H|=6 targets 103924 canonical rows 21303 nnz 71440 (obstructed fixed targets cancelled: 0) [1s, HWM 0.10 GB]
    E_23: |H|=2 targets 71343 canonical rows 38381 nnz 118266 (obstructed fixed targets cancelled: 0) [1s, HWM 0.10 GB]
    E_34: |H|=1 targets 98458 canonical rows 98458 nnz 196806 (obstructed fixed targets cancelled: 0) [2s, HWM 0.10 GB]
    E_45: |H|=1 targets 98458 canonical rows 98458 nnz 196806 (obstructed fixed targets cancelled: 0) [2s, HWM 0.10 GB]
  built (15, 5, 4, 2, 2, 2) d10: N_S=132228 |Stab|=6 n_chi=26947 rows=272928 nnz=665556 (3s: mono 0s orbits 0s rows 2s; HWM 0.10 GB)
    hybrid[per6 15_5_4_2_2_2d10] p=2147483647 attempt 0: |S|=26935 |U|=12 (a=5, excess 7) m=76 blocks 1x12 projected nullity 5, verified=True, rank 5 [split 0.0s trisolve 0.0s schur 0.0s null 0.0s lift 0.1s rank 0.0s]
  per6 (15, 5, 4, 2, 2, 2) d10 p=2147483647: a=5 n_chi=26947 mult=5 units=0 [0.3s]
    hybrid[per6 15_5_4_2_2_2d10] p=2147483629 attempt 0: |S|=26935 |U|=12 (a=5, excess 7) m=76 blocks 1x12 projected nullity 5, verified=True, rank 5 [split 0.0s trisolve 0.0s schur 0.0s null 0.0s lift 0.0s rank 0.0s]
  per6 (15, 5, 4, 2, 2, 2) d10 p=2147483629: a=5 n_chi=26947 mult=5 units=0 [0.3s]
  PER6 RESULT (15, 5, 4, 2, 2, 2) d10: a=5 N_S=132228 n_chi=26947 mult=5 units=0 proved: mult = a at both primes (S_mu not in the ideal over Q) (3.5s, HWM 0.14 GB)

=== rank 106 ((12, 8, 5, 3, 1, 1), 10) N_S 132468 a 13 2026-09-09T03:53:11.287206
      level 1: 36 prefixes
      level 2: 471 prefixes
      level 3: 3350 prefixes
      level 4: 14744 prefixes
      level 5: 43470 prefixes
      level 6: 92863 prefixes
      level 7: 126580 prefixes
      level 8: 132353 prefixes
      level 9: 132468 prefixes
      level 10: 132468 prefixes
  lam=(12, 8, 5, 3, 1, 1): N_S=132468 |Stab|=2 n_chi=52838 (orbits dropped: 26792) [lean, 0s, HWM 0.10 GB]
    E_01: |H|=2 targets 107393 canonical rows 42713 nnz 214361 (obstructed fixed targets cancelled: 7173) [0s, HWM 0.10 GB]
    E_12: |H|=2 targets 96440 canonical rows 38191 nnz 164550 (obstructed fixed targets cancelled: 4800) [1s, HWM 0.10 GB]
    E_23: |H|=2 targets 86022 canonical rows 33888 nnz 118090 (obstructed fixed targets cancelled: 2878) [1s, HWM 0.10 GB]
    E_34: |H|=1 targets 49522 canonical rows 49455 nnz 105676 (obstructed fixed targets cancelled: 0) [1s, HWM 0.10 GB]
    E_45: |H|=1 targets 79630 canonical rows 0 nnz 0 (obstructed fixed targets cancelled: 0) [1s, HWM 0.10 GB]
  built (12, 8, 5, 3, 1, 1) d10: N_S=132468 |Stab|=2 n_chi=52838 rows=164247 nnz=602677 (2s: mono 0s orbits 0s rows 1s; HWM 0.10 GB)
    hybrid[per6 12_8_5_3_1_1d10] p=2147483647 attempt 0: |S|=52804 |U|=34 (a=13, excess 21) m=98 blocks 1x34 projected nullity 13, verified=True, rank 13 [split 0.0s trisolve 0.1s schur 0.1s null 0.0s lift 0.2s rank 0.0s]
  per6 (12, 8, 5, 3, 1, 1) d10 p=2147483647: a=13 n_chi=52838 mult=13 units=0 [0.8s]
    hybrid[per6 12_8_5_3_1_1d10] p=2147483629 attempt 0: |S|=52804 |U|=34 (a=13, excess 21) m=98 blocks 1x34 projected nullity 13, verified=True, rank 13 [split 0.0s trisolve 0.0s schur 0.1s null 0.0s lift 0.1s rank 0.0s]
  per6 (12, 8, 5, 3, 1, 1) d10 p=2147483629: a=13 n_chi=52838 mult=13 units=0 [0.5s]
  PER6 RESULT (12, 8, 5, 3, 1, 1) d10: a=13 N_S=132468 n_chi=52838 mult=13 units=0 proved: mult = a at both primes (S_mu not in the ideal over Q) (3.3s, HWM 0.18 GB)

=== rank 107 ((9, 9, 8, 2, 1, 1), 10) N_S 133835 a 1 2026-09-09T03:53:14.901334
      level 1: 24 prefixes
      level 2: 312 prefixes
      level 3: 1908 prefixes
      level 4: 7785 prefixes
      level 5: 22789 prefixes
      level 6: 51196 prefixes
      level 7: 94344 prefixes
      level 8: 126949 prefixes
      level 9: 133835 prefixes
      level 10: 133835 prefixes
  lam=(9, 9, 8, 2, 1, 1): N_S=133835 |Stab|=4 n_chi=26616 (orbits dropped: 14040) [lean, 0s, HWM 0.09 GB]
    E_01: |H|=2 targets 127608 canonical rows 50665 nnz 228561 (obstructed fixed targets cancelled: 6988) [0s, HWM 0.10 GB]
    E_12: |H|=2 targets 120341 canonical rows 47764 nnz 216497 (obstructed fixed targets cancelled: 6588) [1s, HWM 0.10 GB]
    E_23: |H|=4 targets 52478 canonical rows 10246 nnz 43739 (obstructed fixed targets cancelled: 2864) [1s, HWM 0.10 GB]
    E_34: |H|=2 targets 60065 canonical rows 29243 nnz 52902 (obstructed fixed targets cancelled: 136) [1s, HWM 0.10 GB]
    E_45: |H|=2 targets 80609 canonical rows 0 nnz 0 (obstructed fixed targets cancelled: 194) [2s, HWM 0.10 GB]
  built (9, 9, 8, 2, 1, 1) d10: N_S=133835 |Stab|=4 n_chi=26616 rows=137918 nnz=541699 (2s: mono 0s orbits 0s rows 2s; HWM 0.10 GB)
    hybrid[per6 9_9_8_2_1_1d10] p=2147483647 attempt 0: |S|=26597 |U|=19 (a=1, excess 18) m=83 blocks 1x19 projected nullity 1, verified=True, rank 1 [split 0.0s trisolve 0.0s schur 0.0s null 0.0s lift 0.0s rank 0.0s]
  per6 (9, 9, 8, 2, 1, 1) d10 p=2147483647: a=1 n_chi=26616 mult=1 units=0 [0.2s]
    hybrid[per6 9_9_8_2_1_1d10] p=2147483629 attempt 0: |S|=26597 |U|=19 (a=1, excess 18) m=83 blocks 1x19 projected nullity 1, verified=True, rank 1 [split 0.0s trisolve 0.0s schur 0.0s null 0.0s lift 0.0s rank 0.0s]
  per6 (9, 9, 8, 2, 1, 1) d10 p=2147483629: a=1 n_chi=26616 mult=1 units=0 [0.2s]
  PER6 RESULT (9, 9, 8, 2, 1, 1) d10: a=1 N_S=133835 n_chi=26616 mult=1 units=0 proved: mult = a at both primes (S_mu not in the ideal over Q) (2.6s, HWM 0.11 GB)

=== rank 108 ((13, 8, 3, 3, 2, 1), 10) N_S 134245 a 5 2026-09-09T03:53:17.810176
      level 1: 41 prefixes
      level 2: 632 prefixes
      level 3: 4955 prefixes
      level 4: 21023 prefixes
      level 5: 59785 prefixes
      level 6: 111853 prefixes
      level 7: 132730 prefixes
      level 8: 134245 prefixes
      level 9: 134245 prefixes
      level 10: 134245 prefixes
  lam=(13, 8, 3, 3, 2, 1): N_S=134245 |Stab|=2 n_chi=64714 (orbits dropped: 4817) [lean, 0s, HWM 0.09 GB]
    E_01: |H|=2 targets 106416 canonical rows 51238 nnz 265193 (obstructed fixed targets cancelled: 2481) [0s, HWM 0.10 GB]
    E_12: |H|=1 targets 70981 canonical rows 70955 nnz 294009 (obstructed fixed targets cancelled: 0) [1s, HWM 0.10 GB]
    E_23: |H|=1 targets 111503 canonical rows 110379 nnz 270523 (obstructed fixed targets cancelled: 0) [1s, HWM 0.10 GB]
    E_34: |H|=1 targets 83102 canonical rows 83043 nnz 218560 (obstructed fixed targets cancelled: 0) [1s, HWM 0.11 GB]
    E_45: |H|=2 targets 60219 canonical rows 28747 nnz 64252 (obstructed fixed targets cancelled: 462) [2s, HWM 0.11 GB]
  built (13, 8, 3, 3, 2, 1) d10: N_S=134245 |Stab|=2 n_chi=64714 rows=344362 nnz=1112537 (2s: mono 0s orbits 0s rows 2s; HWM 0.11 GB)
    hybrid[per6 13_8_3_3_2_1d10] p=2147483647 attempt 0: |S|=64703 |U|=11 (a=5, excess 6) m=75 blocks 1x11 projected nullity 5, verified=True, rank 5 [split 0.0s trisolve 0.0s schur 0.1s null 0.0s lift 0.1s rank 0.0s]
  per6 (13, 8, 3, 3, 2, 1) d10 p=2147483647: a=5 n_chi=64714 mult=5 units=0 [0.5s]
    hybrid[per6 13_8_3_3_2_1d10] p=2147483629 attempt 0: |S|=64703 |U|=11 (a=5, excess 6) m=75 blocks 1x11 projected nullity 5, verified=True, rank 5 [split 0.0s trisolve 0.0s schur 0.1s null 0.0s lift 0.2s rank 0.0s]
  per6 (13, 8, 3, 3, 2, 1) d10 p=2147483629: a=5 n_chi=64714 mult=5 units=0 [0.5s]
  PER6 RESULT (13, 8, 3, 3, 2, 1) d10: a=5 N_S=134245 n_chi=64714 mult=5 units=0 proved: mult = a at both primes (S_mu not in the ideal over Q) (3.2s, HWM 0.18 GB)

=== rank 109 ((11, 10, 4, 2, 2, 1), 10) N_S 139397 a 8 2026-09-09T03:53:21.363425
      level 1: 39 prefixes
      level 2: 549 prefixes
      level 3: 3868 prefixes
      level 4: 15626 prefixes
      level 5: 40440 prefixes
      level 6: 81432 prefixes
      level 7: 124078 prefixes
      level 8: 138450 prefixes
      level 9: 139397 prefixes
      level 10: 139397 prefixes
  lam=(11, 10, 4, 2, 2, 1): N_S=139397 |Stab|=2 n_chi=74698 (orbits dropped: 0) [lean, 0s, HWM 0.09 GB]
    E_01: |H|=2 targets 129495 canonical rows 69426 nnz 341018 (obstructed fixed targets cancelled: 0) [1s, HWM 0.10 GB]
    E_12: |H|=2 targets 80938 canonical rows 43549 nnz 202634 (obstructed fixed targets cancelled: 0) [1s, HWM 0.10 GB]
    E_23: |H|=1 targets 74917 canonical rows 74917 nnz 234483 (obstructed fixed targets cancelled: 0) [1s, HWM 0.10 GB]
    E_34: |H|=1 targets 103774 canonical rows 103774 nnz 207107 (obstructed fixed targets cancelled: 0) [1s, HWM 0.11 GB]
    E_45: |H|=1 targets 62636 canonical rows 62636 nnz 139397 (obstructed fixed targets cancelled: 0) [2s, HWM 0.11 GB]
  built (11, 10, 4, 2, 2, 1) d10: N_S=139397 |Stab|=2 n_chi=74698 rows=354302 nnz=1124639 (2s: mono 0s orbits 0s rows 2s; HWM 0.11 GB)
    hybrid[per6 11_10_4_2_2_1d10] p=2147483647 attempt 0: |S|=74662 |U|=36 (a=8, excess 28) m=100 blocks 1x36 projected nullity 8, verified=True, rank 8 [split 0.0s trisolve 0.0s schur 0.2s null 0.0s lift 0.1s rank 0.0s]
  per6 (11, 10, 4, 2, 2, 1) d10 p=2147483647: a=8 n_chi=74698 mult=8 units=0 [0.7s]
    hybrid[per6 11_10_4_2_2_1d10] p=2147483629 attempt 0: |S|=74662 |U|=36 (a=8, excess 28) m=100 blocks 1x36 projected nullity 8, verified=True, rank 8 [split 0.0s trisolve 0.0s schur 0.2s null 0.0s lift 0.1s rank 0.0s]
  per6 (11, 10, 4, 2, 2, 1) d10 p=2147483629: a=8 n_chi=74698 mult=8 units=0 [0.6s]
  PER6 RESULT (11, 10, 4, 2, 2, 1) d10: a=8 N_S=139397 n_chi=74698 mult=8 units=0 proved: mult = a at both primes (S_mu not in the ideal over Q) (3.6s, HWM 0.21 GB)

=== rank 110 ((14, 7, 3, 2, 2, 2), 10) N_S 142955 a 6 2026-09-09T03:53:25.308199
      level 1: 45 prefixes
      level 2: 783 prefixes
      level 3: 6627 prefixes
      level 4: 29717 prefixes
      level 5: 84465 prefixes
      level 6: 133178 prefixes
      level 7: 142775 prefixes
      level 8: 142955 prefixes
      level 9: 142955 prefixes
      level 10: 142955 prefixes
  lam=(14, 7, 3, 2, 2, 2): N_S=142955 |Stab|=6 n_chi=29089 (orbits dropped: 0) [lean, 0s, HWM 0.10 GB]
    E_01: |H|=6 targets 103924 canonical rows 21303 nnz 107604 (obstructed fixed targets cancelled: 0) [1s, HWM 0.10 GB]
    E_12: |H|=6 targets 80357 canonical rows 16664 nnz 64266 (obstructed fixed targets cancelled: 0) [1s, HWM 0.10 GB]
    E_23: |H|=2 targets 88514 canonical rows 47582 nnz 127841 (obstructed fixed targets cancelled: 0) [1s, HWM 0.10 GB]
    E_34: |H|=1 targets 106416 canonical rows 106416 nnz 212767 (obstructed fixed targets cancelled: 0) [2s, HWM 0.11 GB]
    E_45: |H|=1 targets 106416 canonical rows 106416 nnz 212767 (obstructed fixed targets cancelled: 0) [2s, HWM 0.11 GB]
  built (14, 7, 3, 2, 2, 2) d10: N_S=142955 |Stab|=6 n_chi=29089 rows=298381 nnz=725245 (3s: mono 0s orbits 0s rows 2s; HWM 0.11 GB)
    hybrid[per6 14_7_3_2_2_2d10] p=2147483647 attempt 0: |S|=29078 |U|=11 (a=6, excess 5) m=75 blocks 1x11 projected nullity 6, verified=True, rank 6 [split 0.0s trisolve 0.0s schur 0.1s null 0.0s lift 0.1s rank 0.0s]
  per6 (14, 7, 3, 2, 2, 2) d10 p=2147483647: a=6 n_chi=29089 mult=6 units=0 [0.4s]
    hybrid[per6 14_7_3_2_2_2d10] p=2147483629 attempt 0: |S|=29078 |U|=11 (a=6, excess 5) m=75 blocks 1x11 projected nullity 6, verified=True, rank 6 [split 0.0s trisolve 0.0s schur 0.1s null 0.0s lift 0.0s rank 0.0s]
  per6 (14, 7, 3, 2, 2, 2) d10 p=2147483629: a=6 n_chi=29089 mult=6 units=0 [0.3s]
  PER6 RESULT (14, 7, 3, 2, 2, 2) d10: a=6 N_S=142955 n_chi=29089 mult=6 units=0 proved: mult = a at both primes (S_mu not in the ideal over Q) (3.7s, HWM 0.16 GB)

=== rank 111 ((13, 7, 5, 2, 2, 1), 10) N_S 144288 a 14 2026-09-09T03:53:29.353199
      level 1: 40 prefixes
      level 2: 591 prefixes
      level 3: 4465 prefixes
      level 4: 20405 prefixes
      level 5: 62987 prefixes
      level 6: 120146 prefixes
      level 7: 142671 prefixes
      level 8: 144288 prefixes
      level 9: 144288 prefixes
      level 10: 144288 prefixes
  lam=(13, 7, 5, 2, 2, 1): N_S=144288 |Stab|=2 n_chi=77222 (orbits dropped: 0) [lean, 0s, HWM 0.10 GB]
    E_01: |H|=2 targets 106637 canonical rows 57219 nnz 294623 (obstructed fixed targets cancelled: 0) [0s, HWM 0.10 GB]
    E_12: |H|=2 targets 111503 canonical rows 59847 nnz 242434 (obstructed fixed targets cancelled: 0) [1s, HWM 0.11 GB]
    E_23: |H|=1 targets 69981 canonical rows 69981 nnz 243126 (obstructed fixed targets cancelled: 0) [1s, HWM 0.11 GB]
    E_34: |H|=1 targets 107393 canonical rows 107393 nnz 214841 (obstructed fixed targets cancelled: 0) [1s, HWM 0.11 GB]
    E_45: |H|=1 targets 64680 canonical rows 64680 nnz 144288 (obstructed fixed targets cancelled: 0) [2s, HWM 0.11 GB]
  built (13, 7, 5, 2, 2, 1) d10: N_S=144288 |Stab|=2 n_chi=77222 rows=359120 nnz=1139312 (2s: mono 0s orbits 0s rows 2s; HWM 0.11 GB)
    hybrid[per6 13_7_5_2_2_1d10] p=2147483647 attempt 0: |S|=77192 |U|=30 (a=14, excess 16) m=94 blocks 1x30 projected nullity 14, verified=True, rank 14 [split 0.0s trisolve 0.0s schur 0.1s null 0.0s lift 0.7s rank 0.0s]
  per6 (13, 7, 5, 2, 2, 1) d10 p=2147483647: a=14 n_chi=77222 mult=14 units=0 [1.4s]
    hybrid[per6 13_7_5_2_2_1d10] p=2147483629 attempt 0: |S|=77192 |U|=30 (a=14, excess 16) m=94 blocks 1x30 projected nullity 14, verified=True, rank 14 [split 0.0s trisolve 0.0s schur 0.1s null 0.0s lift 0.2s rank 0.0s]
  per6 (13, 7, 5, 2, 2, 1) d10 p=2147483629: a=14 n_chi=77222 mult=14 units=0 [0.8s]
  PER6 RESULT (13, 7, 5, 2, 2, 1) d10: a=14 N_S=144288 n_chi=77222 mult=14 units=0 proved: mult = a at both primes (S_mu not in the ideal over Q) (4.6s, HWM 0.29 GB)

=== rank 112 ((14, 6, 4, 3, 2, 1), 10) N_S 147788 a 10 2026-09-09T03:53:34.238896
      level 1: 41 prefixes
      level 2: 669 prefixes
      level 3: 5779 prefixes
      level 4: 28900 prefixes
      level 5: 86716 prefixes
      level 6: 137735 prefixes
      level 7: 147607 prefixes
      level 8: 147788 prefixes
      level 9: 147788 prefixes
      level 10: 147788 prefixes
  lam=(14, 6, 4, 3, 2, 1): N_S=147788 |Stab|=1 n_chi=147788 (orbits dropped: 0) [lean, 0s, HWM 0.10 GB]
    E_01: |H|=1 targets 98458 canonical rows 98458 nnz 522551 (obstructed fixed targets cancelled: 0) [0s, HWM 0.11 GB]
    E_12: |H|=1 targets 106416 canonical rows 106416 nnz 406707 (obstructed fixed targets cancelled: 0) [1s, HWM 0.11 GB]
    E_23: |H|=1 targets 106637 canonical rows 106637 nnz 335992 (obstructed fixed targets cancelled: 0) [1s, HWM 0.11 GB]
    E_34: |H|=1 targets 91430 canonical rows 91430 nnz 249340 (obstructed fixed targets cancelled: 0) [1s, HWM 0.11 GB]
    E_45: |H|=1 targets 66162 canonical rows 66162 nnz 147788 (obstructed fixed targets cancelled: 0) [2s, HWM 0.11 GB]
  built (14, 6, 4, 3, 2, 1) d10: N_S=147788 |Stab|=1 n_chi=147788 rows=469103 nnz=1662378 (2s: mono 0s orbits 0s rows 2s; HWM 0.12 GB)
    hybrid[per6 14_6_4_3_2_1d10] p=2147483647 attempt 0: |S|=147748 |U|=40 (a=10, excess 30) m=104 blocks 1x40 projected nullity 10, verified=True, rank 10 [split 0.1s trisolve 0.5s schur 0.2s null 0.0s lift 0.4s rank 0.1s]
  per6 (14, 6, 4, 3, 2, 1) d10 p=2147483647: a=10 n_chi=147788 mult=10 units=0 [1.7s]
    hybrid[per6 14_6_4_3_2_1d10] p=2147483629 attempt 0: |S|=147748 |U|=40 (a=10, excess 30) m=104 blocks 1x40 projected nullity 10, verified=True, rank 10 [split 0.1s trisolve 0.1s schur 0.2s null 0.0s lift 0.3s rank 0.0s]
  per6 (14, 6, 4, 3, 2, 1) d10 p=2147483629: a=10 n_chi=147788 mult=10 units=0 [1.1s]
  PER6 RESULT (14, 6, 4, 3, 2, 1) d10: a=10 N_S=147788 n_chi=147788 mult=10 units=0 proved: mult = a at both primes (S_mu not in the ideal over Q) (5.3s, HWM 0.33 GB)

=== rank 113 ((13, 6, 5, 4, 1, 1), 10) N_S 149715 a 7 2026-09-09T03:53:39.911422
      level 1: 33 prefixes
      level 2: 482 prefixes
      level 3: 3832 prefixes
      level 4: 19182 prefixes
      level 5: 64149 prefixes
      level 6: 124678 prefixes
      level 7: 148083 prefixes
      level 8: 149715 prefixes
      level 9: 149715 prefixes
      level 10: 149715 prefixes
  lam=(13, 6, 5, 4, 1, 1): N_S=149715 |Stab|=2 n_chi=59869 (orbits dropped: 29977) [lean, 0s, HWM 0.10 GB]
    E_01: |H|=2 targets 101313 canonical rows 40264 nnz 207295 (obstructed fixed targets cancelled: 7159) [0s, HWM 0.10 GB]
    E_12: |H|=2 targets 123706 canonical rows 49255 nnz 187679 (obstructed fixed targets cancelled: 4651) [1s, HWM 0.11 GB]
    E_23: |H|=2 targets 116997 canonical rows 46558 nnz 162895 (obstructed fixed targets cancelled: 3724) [1s, HWM 0.11 GB]
    E_34: |H|=1 targets 48524 canonical rows 48145 nnz 119738 (obstructed fixed targets cancelled: 0) [1s, HWM 0.11 GB]
    E_45: |H|=1 targets 89846 canonical rows 0 nnz 0 (obstructed fixed targets cancelled: 0) [2s, HWM 0.11 GB]
  built (13, 6, 5, 4, 1, 1) d10: N_S=149715 |Stab|=2 n_chi=59869 rows=184222 nnz=677607 (2s: mono 0s orbits 0s rows 2s; HWM 0.11 GB)
    hybrid[per6 13_6_5_4_1_1d10] p=2147483647 attempt 0: |S|=59836 |U|=33 (a=7, excess 26) m=97 blocks 1x33 projected nullity 7, verified=True, rank 7 [split 0.0s trisolve 0.1s schur 0.1s null 0.0s lift 0.0s rank 0.0s]
  per6 (13, 6, 5, 4, 1, 1) d10 p=2147483647: a=7 n_chi=59869 mult=7 units=0 [0.5s]
    hybrid[per6 13_6_5_4_1_1d10] p=2147483629 attempt 0: |S|=59836 |U|=33 (a=7, excess 26) m=97 blocks 1x33 projected nullity 7, verified=True, rank 7 [split 0.0s trisolve 0.0s schur 0.1s null 0.0s lift 0.1s rank 0.0s]
  per6 (13, 6, 5, 4, 1, 1) d10 p=2147483629: a=7 n_chi=59869 mult=7 units=0 [0.4s]
  PER6 RESULT (13, 6, 5, 4, 1, 1) d10: a=7 N_S=149715 n_chi=59869 mult=7 units=0 proved: mult = a at both primes (S_mu not in the ideal over Q) (3.3s, HWM 0.15 GB)

=== rank 114 ((11, 9, 5, 3, 1, 1), 10) N_S 149751 a 11 2026-09-09T03:53:43.509917
      level 1: 35 prefixes
      level 2: 459 prefixes
      level 3: 3186 prefixes
      level 4: 13729 prefixes
      level 5: 39520 prefixes
      level 6: 85989 prefixes
      level 7: 133522 prefixes
      level 8: 148812 prefixes
      level 9: 149751 prefixes
      level 10: 149751 prefixes
  lam=(11, 9, 5, 3, 1, 1): N_S=149751 |Stab|=2 n_chi=59876 (orbits dropped: 29999) [lean, 0s, HWM 0.10 GB]
    E_01: |H|=2 targets 132468 canonical rows 52838 nnz 259667 (obstructed fixed targets cancelled: 8259) [1s, HWM 0.11 GB]
    E_12: |H|=2 targets 103774 canonical rows 41138 nnz 186843 (obstructed fixed targets cancelled: 5676) [1s, HWM 0.11 GB]
    E_23: |H|=2 targets 97029 canonical rows 38334 nnz 134122 (obstructed fixed targets cancelled: 3193) [1s, HWM 0.11 GB]
    E_34: |H|=1 targets 55804 canonical rows 55736 nnz 119752 (obstructed fixed targets cancelled: 0) [1s, HWM 0.11 GB]
    E_45: |H|=1 targets 89875 canonical rows 0 nnz 0 (obstructed fixed targets cancelled: 0) [2s, HWM 0.11 GB]
  built (11, 9, 5, 3, 1, 1) d10: N_S=149751 |Stab|=2 n_chi=59876 rows=188046 nnz=700384 (2s: mono 0s orbits 0s rows 2s; HWM 0.11 GB)
    hybrid[per6 11_9_5_3_1_1d10] p=2147483647 attempt 0: |S|=59836 |U|=40 (a=11, excess 29) m=104 blocks 1x40 projected nullity 11, verified=True, rank 11 [split 0.0s trisolve 0.2s schur 0.1s null 0.0s lift 0.2s rank 0.0s]
  per6 (11, 9, 5, 3, 1, 1) d10 p=2147483647: a=11 n_chi=59876 mult=11 units=0 [0.8s]
    hybrid[per6 11_9_5_3_1_1d10] p=2147483629 attempt 0: |S|=59836 |U|=40 (a=11, excess 29) m=104 blocks 1x40 projected nullity 11, verified=True, rank 11 [split 0.0s trisolve 0.0s schur 0.1s null 0.0s lift 0.1s rank 0.0s]
  per6 (11, 9, 5, 3, 1, 1) d10 p=2147483629: a=11 n_chi=59876 mult=11 units=0 [0.6s]
  PER6 RESULT (11, 9, 5, 3, 1, 1) d10: a=11 N_S=149751 n_chi=59876 mult=11 units=0 proved: mult = a at both primes (S_mu not in the ideal over Q) (3.6s, HWM 0.19 GB)

=== rank 115 ((12, 8, 4, 4, 1, 1), 10) N_S 152755 a 6 2026-09-09T03:53:47.494693
      level 1: 36 prefixes
      level 2: 483 prefixes
      level 3: 3579 prefixes
      level 4: 16514 prefixes
      level 5: 49803 prefixes
      level 6: 107132 prefixes
      level 7: 146070 prefixes
      level 8: 152626 prefixes
      level 9: 152755 prefixes
      level 10: 152755 prefixes
  lam=(12, 8, 4, 4, 1, 1): N_S=152755 |Stab|=4 n_chi=30783 (orbits dropped: 16342) [lean, 0s, HWM 0.10 GB]
    E_01: |H|=4 targets 123706 canonical rows 24874 nnz 124440 (obstructed fixed targets cancelled: 8722) [1s, HWM 0.10 GB]
    E_12: |H|=2 targets 96440 canonical rows 38186 nnz 163934 (obstructed fixed targets cancelled: 4800) [1s, HWM 0.10 GB]
    E_23: |H|=2 targets 132468 canonical rows 52739 nnz 161416 (obstructed fixed targets cancelled: 3050) [1s, HWM 0.11 GB]
    E_34: |H|=1 targets 49522 canonical rows 49091 nnz 121254 (obstructed fixed targets cancelled: 0) [2s, HWM 0.11 GB]
    E_45: |H|=2 targets 91762 canonical rows 0 nnz 0 (obstructed fixed targets cancelled: 0) [2s, HWM 0.11 GB]
  built (12, 8, 4, 4, 1, 1) d10: N_S=152755 |Stab|=4 n_chi=30783 rows=164890 nnz=571044 (2s: mono 0s orbits 0s rows 2s; HWM 0.11 GB)
    hybrid[per6 12_8_4_4_1_1d10] p=2147483647 attempt 0: |S|=30771 |U|=12 (a=6, excess 6) m=76 blocks 1x12 projected nullity 6, verified=True, rank 6 [split 0.0s trisolve 0.0s schur 0.0s null 0.0s lift 0.0s rank 0.0s]
  per6 (12, 8, 4, 4, 1, 1) d10 p=2147483647: a=6 n_chi=30783 mult=6 units=0 [0.3s]
    hybrid[per6 12_8_4_4_1_1d10] p=2147483629 attempt 0: |S|=30771 |U|=12 (a=6, excess 6) m=76 blocks 1x12 projected nullity 6, verified=True, rank 6 [split 0.0s trisolve 0.0s schur 0.0s null 0.0s lift 0.0s rank 0.0s]
  per6 (12, 8, 4, 4, 1, 1) d10 p=2147483629: a=6 n_chi=30783 mult=6 units=0 [0.3s]
  PER6 RESULT (12, 8, 4, 4, 1, 1) d10: a=6 N_S=152755 n_chi=30783 mult=6 units=0 proved: mult = a at both primes (S_mu not in the ideal over Q) (3.2s, HWM 0.13 GB)

=== rank 116 ((12, 7, 6, 3, 1, 1), 10) N_S 154877 a 9 2026-09-09T03:53:51.047652
      level 1: 33 prefixes
      level 2: 458 prefixes
      level 3: 3307 prefixes
      level 4: 15161 prefixes
      level 5: 48512 prefixes
      level 6: 107995 prefixes
      level 7: 148042 prefixes
      level 8: 154746 prefixes
      level 9: 154877 prefixes
      level 10: 154877 prefixes
  lam=(12, 7, 6, 3, 1, 1): N_S=154877 |Stab|=2 n_chi=61954 (orbits dropped: 30969) [lean, 0s, HWM 0.11 GB]
    E_01: |H|=2 targets 116997 canonical rows 46558 nnz 235163 (obstructed fixed targets cancelled: 7827) [0s, HWM 0.11 GB]
    E_12: |H|=2 targets 132468 canonical rows 52838 nnz 216734 (obstructed fixed targets cancelled: 5707) [1s, HWM 0.11 GB]
    E_23: |H|=2 targets 92099 canonical rows 36380 nnz 138596 (obstructed fixed targets cancelled: 3596) [1s, HWM 0.11 GB]
    E_34: |H|=1 targets 57684 canonical rows 57615 nnz 123908 (obstructed fixed targets cancelled: 0) [1s, HWM 0.11 GB]
    E_45: |H|=1 targets 92923 canonical rows 0 nnz 0 (obstructed fixed targets cancelled: 0) [2s, HWM 0.11 GB]
  built (12, 7, 6, 3, 1, 1) d10: N_S=154877 |Stab|=2 n_chi=61954 rows=193391 nnz=714401 (2s: mono 0s orbits 0s rows 2s; HWM 0.11 GB)
    hybrid[per6 12_7_6_3_1_1d10] p=2147483647 attempt 0: |S|=61914 |U|=40 (a=9, excess 31) m=104 blocks 1x40 projected nullity 9, verified=True, rank 9 [split 0.0s trisolve 0.0s schur 0.1s null 0.0s lift 0.1s rank 0.0s]
  per6 (12, 7, 6, 3, 1, 1) d10 p=2147483647: a=9 n_chi=61954 mult=9 units=0 [0.5s]
    hybrid[per6 12_7_6_3_1_1d10] p=2147483629 attempt 0: |S|=61914 |U|=40 (a=9, excess 31) m=104 blocks 1x40 projected nullity 9, verified=True, rank 9 [split 0.0s trisolve 0.0s schur 0.1s null 0.0s lift 0.1s rank 0.0s]
  per6 (12, 7, 6, 3, 1, 1) d10 p=2147483629: a=9 n_chi=61954 mult=9 units=0 [0.5s]
  PER6 RESULT (12, 7, 6, 3, 1, 1) d10: a=9 N_S=154877 n_chi=61954 mult=9 units=0 proved: mult = a at both primes (S_mu not in the ideal over Q) (3.3s, HWM 0.17 GB)

=== rank 117 ((10, 10, 5, 3, 1, 1), 10) N_S 156034 a 3 2026-09-09T03:53:54.665896
      level 1: 34 prefixes
      level 2: 438 prefixes
      level 3: 3000 prefixes
      level 4: 12521 prefixes
      level 5: 35686 prefixes
      level 6: 75314 prefixes
      level 7: 126143 prefixes
      level 8: 152673 prefixes
      level 9: 156034 prefixes
      level 10: 156034 prefixes
  lam=(10, 10, 5, 3, 1, 1): N_S=156034 |Stab|=4 n_chi=31213 (orbits dropped: 15893) [lean, 0s, HWM 0.10 GB]
    E_01: |H|=2 targets 149751 canonical rows 59873 nnz 283739 (obstructed fixed targets cancelled: 8548) [1s, HWM 0.11 GB]
    E_12: |H|=2 targets 103774 canonical rows 41138 nnz 194227 (obstructed fixed targets cancelled: 6161) [1s, HWM 0.11 GB]
    E_23: |H|=4 targets 101044 canonical rows 19950 nnz 69739 (obstructed fixed targets cancelled: 3559) [2s, HWM 0.11 GB]
    E_34: |H|=2 targets 58114 canonical rows 29213 nnz 62426 (obstructed fixed targets cancelled: 0) [2s, HWM 0.11 GB]
    E_45: |H|=2 targets 93635 canonical rows 0 nnz 0 (obstructed fixed targets cancelled: 0) [2s, HWM 0.11 GB]
  built (10, 10, 5, 3, 1, 1) d10: N_S=156034 |Stab|=4 n_chi=31213 rows=150174 nnz=610131 (2s: mono 0s orbits 0s rows 2s; HWM 0.11 GB)
    hybrid[per6 10_10_5_3_1_1d10] p=2147483647 attempt 0: |S|=31194 |U|=19 (a=3, excess 16) m=83 blocks 1x19 projected nullity 3, verified=True, rank 3 [split 0.0s trisolve 0.0s schur 0.0s null 0.0s lift 0.0s rank 0.0s]
  per6 (10, 10, 5, 3, 1, 1) d10 p=2147483647: a=3 n_chi=31213 mult=3 units=0 [0.3s]
    hybrid[per6 10_10_5_3_1_1d10] p=2147483629 attempt 0: |S|=31194 |U|=19 (a=3, excess 16) m=83 blocks 1x19 projected nullity 3, verified=True, rank 3 [split 0.0s trisolve 0.0s schur 0.1s null 0.0s lift 0.0s rank 0.0s]
  per6 (10, 10, 5, 3, 1, 1) d10 p=2147483629: a=3 n_chi=31213 mult=3 units=0 [0.3s]
  PER6 RESULT (10, 10, 5, 3, 1, 1) d10: a=3 N_S=156034 n_chi=31213 mult=3 units=0 proved: mult = a at both primes (S_mu not in the ideal over Q) (3.2s, HWM 0.12 GB)

=== rank 118 ((12, 9, 3, 3, 2, 1), 10) N_S 156066 a 5 2026-09-09T03:53:58.226836
      level 1: 40 prefixes
      level 2: 618 prefixes
      level 3: 4669 prefixes
      level 4: 19966 prefixes
      level 5: 53660 prefixes
      level 6: 109857 prefixes
      level 7: 149087 prefixes
      level 8: 155930 prefixes
      level 9: 156066 prefixes
      level 10: 156066 prefixes
  lam=(12, 9, 3, 3, 2, 1): N_S=156066 |Stab|=2 n_chi=75299 (orbits dropped: 5468) [lean, 0s, HWM 0.10 GB]
    E_01: |H|=2 targets 134245 canonical rows 64714 nnz 330090 (obstructed fixed targets cancelled: 2943) [1s, HWM 0.10 GB]
    E_12: |H|=1 targets 78403 canonical rows 78403 nnz 342762 (obstructed fixed targets cancelled: 0) [1s, HWM 0.10 GB]
    E_23: |H|=1 targets 129495 canonical rows 128229 nnz 315589 (obstructed fixed targets cancelled: 0) [1s, HWM 0.11 GB]
    E_34: |H|=1 targets 96440 canonical rows 96371 nnz 254606 (obstructed fixed targets cancelled: 0) [2s, HWM 0.11 GB]
    E_45: |H|=2 targets 69854 canonical rows 33386 nnz 74780 (obstructed fixed targets cancelled: 519) [2s, HWM 0.11 GB]
  built (12, 9, 3, 3, 2, 1) d10: N_S=156066 |Stab|=2 n_chi=75299 rows=401103 nnz=1317827 (2s: mono 0s orbits 0s rows 2s; HWM 0.11 GB)
    hybrid[per6 12_9_3_3_2_1d10] p=2147483647 attempt 0: |S|=75283 |U|=16 (a=5, excess 11) m=80 blocks 1x16 projected nullity 5, verified=True, rank 5 [split 0.0s trisolve 0.0s schur 0.1s null 0.0s lift 0.1s rank 0.0s]
  per6 (12, 9, 3, 3, 2, 1) d10 p=2147483647: a=5 n_chi=75299 mult=5 units=0 [0.6s]
    hybrid[per6 12_9_3_3_2_1d10] p=2147483629 attempt 0: |S|=75283 |U|=16 (a=5, excess 11) m=80 blocks 1x16 projected nullity 5, verified=True, rank 5 [split 0.0s trisolve 0.0s schur 0.1s null 0.0s lift 0.1s rank 0.0s]
  per6 (12, 9, 3, 3, 2, 1) d10 p=2147483629: a=5 n_chi=75299 mult=5 units=0 [0.6s]
  PER6 RESULT (12, 9, 3, 3, 2, 1) d10: a=5 N_S=156066 n_chi=75299 mult=5 units=0 proved: mult = a at both primes (S_mu not in the ideal over Q) (3.9s, HWM 0.2 GB)

=== rank 119 ((13, 6, 6, 2, 2, 1), 10) N_S 157279 a 8 2026-09-09T03:54:02.486928
      level 1: 37 prefixes
      level 2: 573 prefixes
      level 3: 4348 prefixes
      level 4: 20667 prefixes
      level 5: 67584 prefixes
      level 6: 130840 prefixes
      level 7: 155514 prefixes
      level 8: 157279 prefixes
      level 9: 157279 prefixes
      level 10: 157279 prefixes
  lam=(13, 6, 6, 2, 2, 1): N_S=157279 |Stab|=4 n_chi=42647 (orbits dropped: 0) [lean, 0s, HWM 0.10 GB]
    E_01: |H|=2 targets 106637 canonical rows 57219 nnz 294623 (obstructed fixed targets cancelled: 0) [0s, HWM 0.10 GB]
    E_12: |H|=2 targets 144288 canonical rows 77222 nnz 291794 (obstructed fixed targets cancelled: 0) [1s, HWM 0.11 GB]
    E_23: |H|=1 targets 69981 canonical rows 69981 nnz 265158 (obstructed fixed targets cancelled: 0) [1s, HWM 0.11 GB]
    E_34: |H|=2 targets 116997 canonical rows 59075 nnz 118074 (obstructed fixed targets cancelled: 0) [2s, HWM 0.12 GB]
    E_45: |H|=2 targets 70439 canonical rows 35724 nnz 79443 (obstructed fixed targets cancelled: 0) [2s, HWM 0.11 GB]
  built (13, 6, 6, 2, 2, 1) d10: N_S=157279 |Stab|=4 n_chi=42647 rows=299221 nnz=1049092 (3s: mono 0s orbits 0s rows 2s; HWM 0.11 GB)
    hybrid[per6 13_6_6_2_2_1d10] p=2147483647 attempt 0: |S|=42632 |U|=15 (a=8, excess 7) m=79 blocks 1x15 projected nullity 8, verified=True, rank 8 [split 0.0s trisolve 0.0s schur 0.1s null 0.0s lift 0.1s rank 0.0s]
  per6 (13, 6, 6, 2, 2, 1) d10 p=2147483647: a=8 n_chi=42647 mult=8 units=0 [0.5s]
    hybrid[per6 13_6_6_2_2_1d10] p=2147483629 attempt 0: |S|=42632 |U|=15 (a=8, excess 7) m=79 blocks 1x15 projected nullity 8, verified=True, rank 8 [split 0.0s trisolve 0.0s schur 0.1s null 0.0s lift 0.1s rank 0.0s]
  per6 (13, 6, 6, 2, 2, 1) d10 p=2147483629: a=8 n_chi=42647 mult=8 units=0 [0.5s]
  PER6 RESULT (13, 6, 6, 2, 2, 1) d10: a=8 N_S=157279 n_chi=42647 mult=8 units=0 proved: mult = a at both primes (S_mu not in the ideal over Q) (3.9s, HWM 0.19 GB)

=== rank 120 ((14, 5, 5, 3, 2, 1), 10) N_S 163976 a 5 2026-09-09T03:54:06.756636
      level 1: 38 prefixes
      level 2: 654 prefixes
      level 3: 5727 prefixes
      level 4: 30816 prefixes
      level 5: 95736 prefixes
      level 6: 152854 prefixes
      level 7: 163780 prefixes
      level 8: 163976 prefixes
      level 9: 163976 prefixes
      level 10: 163976 prefixes
  lam=(14, 5, 5, 3, 2, 1): N_S=163976 |Stab|=2 n_chi=80897 (orbits dropped: 2182) [lean, 0s, HWM 0.11 GB]
    E_01: |H|=1 targets 98458 canonical rows 98458 nnz 515941 (obstructed fixed targets cancelled: 0) [0s, HWM 0.11 GB]
    E_12: |H|=1 targets 147788 canonical rows 147677 nnz 505161 (obstructed fixed targets cancelled: 0) [1s, HWM 0.12 GB]
    E_23: |H|=1 targets 106637 canonical rows 106607 nnz 368894 (obstructed fixed targets cancelled: 0) [1s, HWM 0.12 GB]
    E_34: |H|=2 targets 101313 canonical rows 49927 nnz 136375 (obstructed fixed targets cancelled: 458) [2s, HWM 0.12 GB]
    E_45: |H|=2 targets 73204 canonical rows 35945 nnz 80589 (obstructed fixed targets cancelled: 308) [2s, HWM 0.12 GB]
  built (14, 5, 5, 3, 2, 1) d10: N_S=163976 |Stab|=2 n_chi=80897 rows=438614 nnz=1606960 (2s: mono 0s orbits 0s rows 2s; HWM 0.12 GB)
    hybrid[per6 14_5_5_3_2_1d10] p=2147483647 attempt 0: |S|=80881 |U|=16 (a=5, excess 11) m=80 blocks 1x16 projected nullity 5, verified=True, rank 5 [split 0.0s trisolve 0.0s schur 0.1s null 0.0s lift 0.2s rank 0.0s]
  per6 (14, 5, 5, 3, 2, 1) d10 p=2147483647: a=5 n_chi=80897 mult=5 units=0 [0.7s]
    hybrid[per6 14_5_5_3_2_1d10] p=2147483629 attempt 0: |S|=80881 |U|=16 (a=5, excess 11) m=80 blocks 1x16 projected nullity 5, verified=True, rank 5 [split 0.0s trisolve 0.0s schur 0.1s null 0.0s lift 0.1s rank 0.0s]
  per6 (14, 5, 5, 3, 2, 1) d10 p=2147483629: a=5 n_chi=80897 mult=5 units=0 [0.6s]
  PER6 RESULT (14, 5, 5, 3, 2, 1) d10: a=5 N_S=163976 n_chi=80897 mult=5 units=0 proved: mult = a at both primes (S_mu not in the ideal over Q) (4.1s, HWM 0.21 GB)

=== rank 121 ((13, 5, 5, 5, 1, 1), 10) N_S 166357 a 3 2026-09-09T03:54:11.227307
      level 1: 33 prefixes
      level 2: 441 prefixes
      level 3: 3667 prefixes
      level 4: 19709 prefixes
      level 5: 70181 prefixes
      level 6: 138484 prefixes
      level 7: 164578 prefixes
      level 8: 166357 prefixes
      level 9: 166357 prefixes
      level 10: 166357 prefixes
  lam=(13, 5, 5, 5, 1, 1): N_S=166357 |Stab|=12 n_chi=10954 (orbits dropped: 6546) [lean, 1s, HWM 0.11 GB]
    E_01: |H|=4 targets 101313 canonical rows 20031 nnz 100890 (obstructed fixed targets cancelled: 7572) [0s, HWM 0.11 GB]
    E_12: |H|=2 targets 149715 canonical rows 59831 nnz 199980 (obstructed fixed targets cancelled: 4651) [1s, HWM 0.11 GB]
    E_23: |H|=2 targets 149715 canonical rows 59831 nnz 199980 (obstructed fixed targets cancelled: 4651) [2s, HWM 0.12 GB]
    E_34: |H|=2 targets 48524 canonical rows 23777 nnz 64310 (obstructed fixed targets cancelled: 464) [2s, HWM 0.12 GB]
    E_45: |H|=6 targets 99595 canonical rows 0 nnz 0 (obstructed fixed targets cancelled: 900) [2s, HWM 0.12 GB]
  built (13, 5, 5, 5, 1, 1) d10: N_S=166357 |Stab|=12 n_chi=10954 rows=163470 nnz=565160 (3s: mono 0s orbits 1s rows 2s; HWM 0.12 GB)
    hybrid[per6 13_5_5_5_1_1d10] p=2147483647 attempt 0: |S|=10950 |U|=4 (a=3, excess 1) m=68 blocks 1x4 projected nullity 3, verified=True, rank 3 [split 0.0s trisolve 0.0s schur 0.0s null 0.0s lift 0.0s rank 0.0s]
  per6 (13, 5, 5, 5, 1, 1) d10 p=2147483647: a=3 n_chi=10954 mult=3 units=0 [0.2s]
    hybrid[per6 13_5_5_5_1_1d10] p=2147483629 attempt 0: |S|=10950 |U|=4 (a=3, excess 1) m=68 blocks 1x4 projected nullity 3, verified=True, rank 3 [split 0.0s trisolve 0.0s schur 0.0s null 0.0s lift 0.0s rank 0.0s]
  per6 (13, 5, 5, 5, 1, 1) d10 p=2147483629: a=3 n_chi=10954 mult=3 units=0 [0.2s]
  PER6 RESULT (13, 5, 5, 5, 1, 1) d10: a=3 N_S=166357 n_chi=10954 mult=3 units=0 proved: mult = a at both primes (S_mu not in the ideal over Q) (4.1s, HWM 0.12 GB)

=== rank 122 ((11, 10, 3, 3, 2, 1), 10) N_S 168083 a 3 2026-09-09T03:54:15.699509
      level 1: 40 prefixes
      level 2: 597 prefixes
      level 3: 4382 prefixes
      level 4: 18354 prefixes
      level 5: 48486 prefixes
      level 6: 98225 prefixes
      level 7: 149803 prefixes
      level 8: 166985 prefixes
      level 9: 168083 prefixes
      level 10: 168083 prefixes
  lam=(11, 10, 3, 3, 2, 1): N_S=168083 |Stab|=2 n_chi=81128 (orbits dropped: 5827) [lean, 0s, HWM 0.10 GB]
    E_01: |H|=2 targets 156066 canonical rows 75299 nnz 375321 (obstructed fixed targets cancelled: 3222) [1s, HWM 0.11 GB]
    E_12: |H|=1 targets 80938 canonical rows 80891 nnz 369625 (obstructed fixed targets cancelled: 0) [1s, HWM 0.11 GB]
    E_23: |H|=1 targets 139397 canonical rows 138060 nnz 340437 (obstructed fixed targets cancelled: 0) [1s, HWM 0.12 GB]
    E_34: |H|=1 targets 103774 canonical rows 103698 nnz 274462 (obstructed fixed targets cancelled: 0) [2s, HWM 0.12 GB]
    E_45: |H|=2 targets 75152 canonical rows 35937 nnz 80577 (obstructed fixed targets cancelled: 551) [2s, HWM 0.12 GB]
  built (11, 10, 3, 3, 2, 1) d10: N_S=168083 |Stab|=2 n_chi=81128 rows=433885 nnz=1440422 (2s: mono 0s orbits 0s rows 2s; HWM 0.12 GB)
    hybrid[per6 11_10_3_3_2_1d10] p=2147483647 attempt 0: |S|=81108 |U|=20 (a=3, excess 17) m=84 blocks 1x20 projected nullity 3, verified=True, rank 3 [split 0.0s trisolve 0.0s schur 0.1s null 0.0s lift 0.0s rank 0.0s]
  per6 (11, 10, 3, 3, 2, 1) d10 p=2147483647: a=3 n_chi=81128 mult=3 units=0 [0.5s]
    hybrid[per6 11_10_3_3_2_1d10] p=2147483629 attempt 0: |S|=81108 |U|=20 (a=3, excess 17) m=84 blocks 1x20 projected nullity 3, verified=True, rank 3 [split 0.0s trisolve 0.0s schur 0.1s null 0.0s lift 0.0s rank 0.0s]
  per6 (11, 10, 3, 3, 2, 1) d10 p=2147483629: a=3 n_chi=81128 mult=3 units=0 [0.5s]
  PER6 RESULT (11, 10, 3, 3, 2, 1) d10: a=3 N_S=168083 n_chi=81128 mult=3 units=0 proved: mult = a at both primes (S_mu not in the ideal over Q) (3.7s, HWM 0.19 GB)

=== rank 123 ((11, 9, 4, 4, 1, 1), 10) N_S 172790 a 6 2026-09-09T03:54:19.752253
      level 1: 35 prefixes
      level 2: 475 prefixes
      level 3: 3402 prefixes
      level 4: 15227 prefixes
      level 5: 45101 prefixes
      level 6: 99177 prefixes
      level 7: 154228 prefixes
      level 8: 171736 prefixes
      level 9: 172790 prefixes
      level 10: 172790 prefixes
  lam=(11, 9, 4, 4, 1, 1): N_S=172790 |Stab|=4 n_chi=34920 (orbits dropped: 18234) [lean, 0s, HWM 0.11 GB]
    E_01: |H|=4 targets 152755 canonical rows 30783 nnz 150898 (obstructed fixed targets cancelled: 10082) [1s, HWM 0.11 GB]
    E_12: |H|=2 targets 103774 canonical rows 41138 nnz 186238 (obstructed fixed targets cancelled: 5676) [1s, HWM 0.11 GB]
    E_23: |H|=2 targets 149751 canonical rows 59772 nnz 183692 (obstructed fixed targets cancelled: 3416) [2s, HWM 0.12 GB]
    E_34: |H|=1 targets 55804 canonical rows 55333 nnz 137580 (obstructed fixed targets cancelled: 0) [2s, HWM 0.12 GB]
    E_45: |H|=2 targets 103620 canonical rows 0 nnz 0 (obstructed fixed targets cancelled: 0) [2s, HWM 0.12 GB]
  built (11, 9, 4, 4, 1, 1) d10: N_S=172790 |Stab|=4 n_chi=34920 rows=187026 nnz=658408 (3s: mono 0s orbits 0s rows 2s; HWM 0.12 GB)
    hybrid[per6 11_9_4_4_1_1d10] p=2147483647 attempt 0: |S|=34903 |U|=17 (a=6, excess 11) m=81 blocks 1x17 projected nullity 6, verified=True, rank 6 [split 0.0s trisolve 0.0s schur 0.0s null 0.0s lift 0.1s rank 0.0s]
  per6 (11, 9, 4, 4, 1, 1) d10 p=2147483647: a=6 n_chi=34920 mult=6 units=0 [0.4s]
    hybrid[per6 11_9_4_4_1_1d10] p=2147483629 attempt 0: |S|=34903 |U|=17 (a=6, excess 11) m=81 blocks 1x17 projected nullity 6, verified=True, rank 6 [split 0.0s trisolve 0.0s schur 0.0s null 0.0s lift 0.0s rank 0.0s]
  per6 (11, 9, 4, 4, 1, 1) d10 p=2147483629: a=6 n_chi=34920 mult=6 units=0 [0.4s]
  PER6 RESULT (11, 9, 4, 4, 1, 1) d10: a=6 N_S=172790 n_chi=34920 mult=6 units=0 proved: mult = a at both primes (S_mu not in the ideal over Q) (3.6s, HWM 0.14 GB)

=== rank 124 ((12, 8, 5, 2, 2, 1), 10) N_S 178194 a 17 2026-09-09T03:54:23.704763
      level 1: 39 prefixes
      level 2: 574 prefixes
      level 3: 4317 prefixes
      level 4: 19479 prefixes
      level 5: 58071 prefixes
      level 6: 124809 prefixes
      level 7: 170356 prefixes
      level 8: 178043 prefixes
      level 9: 178194 prefixes
      level 10: 178194 prefixes
  lam=(12, 8, 5, 2, 2, 1): N_S=178194 |Stab|=2 n_chi=95248 (orbits dropped: 0) [lean, 0s, HWM 0.11 GB]
    E_01: |H|=2 targets 144288 canonical rows 77222 nnz 393522 (obstructed fixed targets cancelled: 0) [1s, HWM 0.11 GB]
    E_12: |H|=2 targets 129495 canonical rows 69426 nnz 300669 (obstructed fixed targets cancelled: 0) [1s, HWM 0.11 GB]
    E_23: |H|=1 targets 86022 canonical rows 86022 nnz 300786 (obstructed fixed targets cancelled: 0) [1s, HWM 0.11 GB]
    E_34: |H|=1 targets 132468 canonical rows 132468 nnz 266039 (obstructed fixed targets cancelled: 0) [2s, HWM 0.12 GB]
    E_45: |H|=1 targets 79630 canonical rows 79630 nnz 178194 (obstructed fixed targets cancelled: 0) [2s, HWM 0.12 GB]
  built (12, 8, 5, 2, 2, 1) d10: N_S=178194 |Stab|=2 n_chi=95248 rows=444768 nnz=1439210 (2s: mono 0s orbits 0s rows 2s; HWM 0.12 GB)
    hybrid[per6 12_8_5_2_2_1d10] p=2147483647 attempt 0: |S|=95207 |U|=41 (a=17, excess 24) m=105 blocks 1x41 projected nullity 17, verified=True, rank 17 [split 0.0s trisolve 0.4s schur 0.2s null 0.0s lift 0.8s rank 0.0s]
  per6 (12, 8, 5, 2, 2, 1) d10 p=2147483647: a=17 n_chi=95248 mult=17 units=0 [2.1s]
    hybrid[per6 12_8_5_2_2_1d10] p=2147483629 attempt 0: |S|=95207 |U|=41 (a=17, excess 24) m=105 blocks 1x41 projected nullity 17, verified=True, rank 17 [split 0.0s trisolve 0.1s schur 0.2s null 0.0s lift 0.3s rank 0.0s]
  per6 (12, 8, 5, 2, 2, 1) d10 p=2147483629: a=17 n_chi=95248 mult=17 units=0 [1.3s]
  PER6 RESULT (12, 8, 5, 2, 2, 1) d10: a=17 N_S=178194 n_chi=95248 mult=17 units=0 proved: mult = a at both primes (S_mu not in the ideal over Q) (6.4s, HWM 0.37 GB)

=== rank 125 ((10, 10, 4, 4, 1, 1), 10) N_S 180081 a 2 2026-09-09T03:54:30.382997
      level 1: 34 prefixes
      level 2: 457 prefixes
      level 3: 3241 prefixes
      level 4: 13830 prefixes
      level 5: 40444 prefixes
      level 6: 86681 prefixes
      level 7: 145711 prefixes
      level 8: 176270 prefixes
      level 9: 180081 prefixes
      level 10: 180081 prefixes
  lam=(10, 10, 4, 4, 1, 1): N_S=180081 |Stab|=8 n_chi=18146 (orbits dropped: 9840) [lean, 1s, HWM 0.10 GB]
    E_01: |H|=4 targets 172790 canonical rows 34915 nnz 164438 (obstructed fixed targets cancelled: 10368) [1s, HWM 0.12 GB]
    E_12: |H|=2 targets 103774 canonical rows 41128 nnz 192927 (obstructed fixed targets cancelled: 6161) [1s, HWM 0.12 GB]
    E_23: |H|=4 targets 156034 canonical rows 31131 nnz 95348 (obstructed fixed targets cancelled: 3712) [2s, HWM 0.12 GB]
    E_34: |H|=2 targets 58114 canonical rows 28982 nnz 71466 (obstructed fixed targets cancelled: 0) [2s, HWM 0.12 GB]
    E_45: |H|=4 targets 107987 canonical rows 0 nnz 0 (obstructed fixed targets cancelled: 0) [3s, HWM 0.12 GB]
  built (10, 10, 4, 4, 1, 1) d10: N_S=180081 |Stab|=8 n_chi=18146 rows=136156 nnz=524179 (4s: mono 0s orbits 1s rows 3s; HWM 0.12 GB)
    hybrid[per6 10_10_4_4_1_1d10] p=2147483647 attempt 0: |S|=18138 |U|=8 (a=2, excess 6) m=72 blocks 1x8 projected nullity 2, verified=True, rank 2 [split 0.0s trisolve 0.0s schur 0.0s null 0.0s lift 0.0s rank 0.0s]
  per6 (10, 10, 4, 4, 1, 1) d10 p=2147483647: a=2 n_chi=18146 mult=2 units=0 [0.3s]
    hybrid[per6 10_10_4_4_1_1d10] p=2147483629 attempt 0: |S|=18138 |U|=8 (a=2, excess 6) m=72 blocks 1x8 projected nullity 2, verified=True, rank 2 [split 0.0s trisolve 0.0s schur 0.0s null 0.0s lift 0.0s rank 0.0s]
  per6 (10, 10, 4, 4, 1, 1) d10 p=2147483629: a=2 n_chi=18146 mult=2 units=0 [0.3s]
  PER6 RESULT (10, 10, 4, 4, 1, 1) d10: a=2 N_S=180081 n_chi=18146 mult=2 units=0 proved: mult = a at both primes (S_mu not in the ideal over Q) (4.3s, HWM 0.12 GB)

=== rank 126 ((13, 8, 3, 2, 2, 2), 10) N_S 180550 a 8 2026-09-09T03:54:35.000012
      level 1: 44 prefixes
      level 2: 765 prefixes
      level 3: 6379 prefixes
      level 4: 27783 prefixes
      level 5: 79916 prefixes
      level 6: 150395 prefixes
      level 7: 178533 prefixes
      level 8: 180550 prefixes
      level 9: 180550 prefixes
      level 10: 180550 prefixes
  lam=(13, 8, 3, 2, 2, 2): N_S=180550 |Stab|=6 n_chi=36582 (orbits dropped: 0) [lean, 1s, HWM 0.11 GB]
    E_01: |H|=6 targets 142955 canonical rows 29089 nnz 146493 (obstructed fixed targets cancelled: 0) [1s, HWM 0.11 GB]
    E_12: |H|=6 targets 95184 canonical rows 19651 nnz 81120 (obstructed fixed targets cancelled: 0) [1s, HWM 0.11 GB]
    E_23: |H|=2 targets 111503 canonical rows 59847 nnz 161561 (obstructed fixed targets cancelled: 0) [2s, HWM 0.11 GB]
    E_34: |H|=1 targets 134245 canonical rows 134245 nnz 269460 (obstructed fixed targets cancelled: 0) [2s, HWM 0.11 GB]
    E_45: |H|=1 targets 134245 canonical rows 134245 nnz 269460 (obstructed fixed targets cancelled: 0) [3s, HWM 0.11 GB]
  built (13, 8, 3, 2, 2, 2) d10: N_S=180550 |Stab|=6 n_chi=36582 rows=377077 nnz=928094 (4s: mono 0s orbits 1s rows 3s; HWM 0.11 GB)
    hybrid[per6 13_8_3_2_2_2d10] p=2147483647 attempt 0: |S|=36566 |U|=16 (a=8, excess 8) m=80 blocks 1x16 projected nullity 8, verified=True, rank 8 [split 0.0s trisolve 0.0s schur 0.1s null 0.0s lift 0.4s rank 0.0s]
  per6 (13, 8, 3, 2, 2, 2) d10 p=2147483647: a=8 n_chi=36582 mult=8 units=0 [0.8s]
    hybrid[per6 13_8_3_2_2_2d10] p=2147483629 attempt 0: |S|=36566 |U|=16 (a=8, excess 8) m=80 blocks 1x16 projected nullity 8, verified=True, rank 8 [split 0.0s trisolve 0.0s schur 0.1s null 0.0s lift 0.1s rank 0.0s]
  per6 (13, 8, 3, 2, 2, 2) d10 p=2147483629: a=8 n_chi=36582 mult=8 units=0 [0.6s]
  PER6 RESULT (13, 8, 3, 2, 2, 2) d10: a=8 N_S=180550 n_chi=36582 mult=8 units=0 proved: mult = a at both primes (S_mu not in the ideal over Q) (5.3s, HWM 0.2 GB)

=== rank 127 ((15, 4, 4, 3, 2, 2), 10) N_S 183171 a 2 2026-09-09T03:54:40.687127
      level 1: 43 prefixes
      level 2: 877 prefixes
      level 3: 9076 prefixes
      level 4: 51707 prefixes
      level 5: 136527 prefixes
      level 6: 179855 prefixes
      level 7: 183171 prefixes
      level 8: 183171 prefixes
      level 9: 183171 prefixes
      level 10: 183171 prefixes
  lam=(15, 4, 4, 3, 2, 2): N_S=183171 |Stab|=4 n_chi=50160 (orbits dropped: 0) [lean, 0s, HWM 0.11 GB]
    E_01: |H|=2 targets 94925 canonical rows 50924 nnz 267153 (obstructed fixed targets cancelled: 0) [0s, HWM 0.11 GB]
    E_12: |H|=2 targets 159155 canonical rows 85043 nnz 260716 (obstructed fixed targets cancelled: 0) [1s, HWM 0.11 GB]
    E_23: |H|=2 targets 132228 canonical rows 70874 nnz 221155 (obstructed fixed targets cancelled: 0) [2s, HWM 0.11 GB]
    E_34: |H|=2 targets 113201 canonical rows 57843 nnz 157368 (obstructed fixed targets cancelled: 0) [2s, HWM 0.11 GB]
    E_45: |H|=2 targets 136224 canonical rows 69484 nnz 139256 (obstructed fixed targets cancelled: 0) [2s, HWM 0.12 GB]
  built (15, 4, 4, 3, 2, 2) d10: N_S=183171 |Stab|=4 n_chi=50160 rows=334168 nnz=1045648 (3s: mono 0s orbits 0s rows 2s; HWM 0.12 GB)
    hybrid[per6 15_4_4_3_2_2d10] p=2147483647 attempt 0: |S|=50151 |U|=9 (a=2, excess 7) m=73 blocks 1x9 projected nullity 2, verified=True, rank 2 [split 0.0s trisolve 0.0s schur 0.1s null 0.0s lift 0.1s rank 0.0s]
  per6 (15, 4, 4, 3, 2, 2) d10 p=2147483647: a=2 n_chi=50160 mult=2 units=0 [0.4s]
    hybrid[per6 15_4_4_3_2_2d10] p=2147483629 attempt 0: |S|=50151 |U|=9 (a=2, excess 7) m=73 blocks 1x9 projected nullity 2, verified=True, rank 2 [split 0.0s trisolve 0.0s schur 0.1s null 0.0s lift 0.0s rank 0.0s]
  per6 (15, 4, 4, 3, 2, 2) d10 p=2147483629: a=2 n_chi=50160 mult=2 units=0 [0.4s]
  PER6 RESULT (15, 4, 4, 3, 2, 2) d10: a=2 N_S=183171 n_chi=50160 mult=2 units=0 proved: mult = a at both primes (S_mu not in the ideal over Q) (4.4s, HWM 0.14 GB)

=== rank 128 ((11, 8, 6, 3, 1, 1), 10) N_S 185954 a 10 2026-09-09T03:54:45.486545
      level 1: 33 prefixes
      level 2: 447 prefixes
      level 3: 3199 prefixes
      level 4: 14436 prefixes
      level 5: 44943 prefixes
      level 6: 104705 prefixes
      level 7: 165716 prefixes
      level 8: 184815 prefixes
      level 9: 185954 prefixes
      level 10: 185954 prefixes
  lam=(11, 8, 6, 3, 1, 1): N_S=185954 |Stab|=2 n_chi=74608 (orbits dropped: 36738) [lean, 0s, HWM 0.11 GB]
    E_01: |H|=2 targets 154877 canonical rows 61954 nnz 307245 (obstructed fixed targets cancelled: 9573) [1s, HWM 0.11 GB]
    E_12: |H|=2 targets 149751 canonical rows 59876 nnz 262250 (obstructed fixed targets cancelled: 7173) [1s, HWM 0.12 GB]
    E_23: |H|=2 targets 110180 canonical rows 43659 nnz 167465 (obstructed fixed targets cancelled: 4242) [2s, HWM 0.12 GB]
    E_34: |H|=1 targets 68960 canonical rows 68889 nnz 149216 (obstructed fixed targets cancelled: 0) [2s, HWM 0.12 GB]
    E_45: |H|=1 targets 111346 canonical rows 0 nnz 0 (obstructed fixed targets cancelled: 0) [2s, HWM 0.12 GB]
  built (11, 8, 6, 3, 1, 1) d10: N_S=185954 |Stab|=2 n_chi=74608 rows=234378 nnz=886176 (3s: mono 0s orbits 0s rows 2s; HWM 0.12 GB)
    hybrid[per6 11_8_6_3_1_1d10] p=2147483647 attempt 0: |S|=74561 |U|=47 (a=10, excess 37) m=111 blocks 1x47 projected nullity 10, verified=True, rank 10 [split 0.0s trisolve 0.3s schur 0.1s null 0.0s lift 0.1s rank 0.0s]
  per6 (11, 8, 6, 3, 1, 1) d10 p=2147483647: a=10 n_chi=74608 mult=10 units=0 [0.9s]
    hybrid[per6 11_8_6_3_1_1d10] p=2147483629 attempt 0: |S|=74561 |U|=47 (a=10, excess 37) m=111 blocks 1x47 projected nullity 10, verified=True, rank 10 [split 0.0s trisolve 0.1s schur 0.1s null 0.0s lift 0.1s rank 0.0s]
  per6 (11, 8, 6, 3, 1, 1) d10 p=2147483629: a=10 n_chi=74608 mult=10 units=0 [0.7s]
  PER6 RESULT (11, 8, 6, 3, 1, 1) d10: a=10 N_S=185954 n_chi=74608 mult=10 units=0 proved: mult = a at both primes (S_mu not in the ideal over Q) (4.4s, HWM 0.2 GB)

=== rank 129 ((14, 5, 4, 4, 2, 1), 10) N_S 188952 a 6 2026-09-09T03:54:50.204935
      level 1: 38 prefixes
      level 2: 665 prefixes
      level 3: 6180 prefixes
      level 4: 34698 prefixes
      level 5: 109846 prefixes
      level 6: 176138 prefixes
      level 7: 188728 prefixes
      level 8: 188952 prefixes
      level 9: 188952 prefixes
      level 10: 188952 prefixes
  lam=(14, 5, 4, 4, 2, 1): N_S=188952 |Stab|=2 n_chi=96332 (orbits dropped: 0) [lean, 0s, HWM 0.11 GB]
    E_01: |H|=2 targets 113201 canonical rows 57843 nnz 306131 (obstructed fixed targets cancelled: 0) [0s, HWM 0.11 GB]
    E_12: |H|=1 targets 147788 canonical rows 147788 nnz 522551 (obstructed fixed targets cancelled: 0) [1s, HWM 0.12 GB]
    E_23: |H|=1 targets 163976 canonical rows 163976 nnz 510731 (obstructed fixed targets cancelled: 0) [2s, HWM 0.13 GB]
    E_34: |H|=1 targets 101313 canonical rows 101313 nnz 319654 (obstructed fixed targets cancelled: 0) [2s, HWM 0.13 GB]
    E_45: |H|=2 targets 84224 canonical rows 43191 nnz 96332 (obstructed fixed targets cancelled: 0) [2s, HWM 0.13 GB]
  built (14, 5, 4, 4, 2, 1) d10: N_S=188952 |Stab|=2 n_chi=96332 rows=514111 nnz=1755399 (3s: mono 0s orbits 0s rows 2s; HWM 0.13 GB)
    hybrid[per6 14_5_4_4_2_1d10] p=2147483647 attempt 0: |S|=96311 |U|=21 (a=6, excess 15) m=85 blocks 1x21 projected nullity 6, verified=True, rank 6 [split 0.0s trisolve 0.1s schur 0.2s null 0.0s lift 0.3s rank 0.0s]
  per6 (14, 5, 4, 4, 2, 1) d10 p=2147483647: a=6 n_chi=96332 mult=6 units=0 [1.0s]
    hybrid[per6 14_5_4_4_2_1d10] p=2147483629 attempt 0: |S|=96311 |U|=21 (a=6, excess 15) m=85 blocks 1x21 projected nullity 6, verified=True, rank 6 [split 0.0s trisolve 0.0s schur 0.2s null 0.0s lift 0.2s rank 0.0s]
  per6 (14, 5, 4, 4, 2, 1) d10 p=2147483629: a=6 n_chi=96332 mult=6 units=0 [0.8s]
  PER6 RESULT (14, 5, 4, 4, 2, 1) d10: a=6 N_S=188952 n_chi=96332 mult=6 units=0 proved: mult = a at both primes (S_mu not in the ideal over Q) (5.0s, HWM 0.25 GB)

=== rank 130 ((12, 7, 5, 4, 1, 1), 10) N_S 198760 a 13 2026-09-09T03:54:55.594156
      level 1: 33 prefixes
      level 2: 474 prefixes
      level 3: 3699 prefixes
      level 4: 18390 prefixes
      level 5: 61415 prefixes
      level 6: 138660 prefixes
      level 7: 190246 prefixes
      level 8: 198605 prefixes
      level 9: 198760 prefixes
      level 10: 198760 prefixes
  lam=(12, 7, 5, 4, 1, 1): N_S=198760 |Stab|=2 n_chi=79891 (orbits dropped: 38978) [lean, 0s, HWM 0.11 GB]
    E_01: |H|=2 targets 149715 canonical rows 59869 nnz 305769 (obstructed fixed targets cancelled: 9847) [1s, HWM 0.11 GB]
    E_12: |H|=2 targets 152755 canonical rows 60993 nnz 251980 (obstructed fixed targets cancelled: 6566) [1s, HWM 0.12 GB]
    E_23: |H|=2 targets 154877 canonical rows 61954 nnz 218845 (obstructed fixed targets cancelled: 4800) [2s, HWM 0.12 GB]
    E_34: |H|=1 targets 63893 canonical rows 63428 nnz 159782 (obstructed fixed targets cancelled: 0) [2s, HWM 0.12 GB]
    E_45: |H|=1 targets 118869 canonical rows 0 nnz 0 (obstructed fixed targets cancelled: 0) [2s, HWM 0.12 GB]
  built (12, 7, 5, 4, 1, 1) d10: N_S=198760 |Stab|=2 n_chi=79891 rows=246244 nnz=936376 (3s: mono 0s orbits 0s rows 2s; HWM 0.12 GB)
    hybrid[per6 12_7_5_4_1_1d10] p=2147483647 attempt 0: |S|=79834 |U|=57 (a=13, excess 44) m=121 blocks 1x57 projected nullity 13, verified=True, rank 13 [split 0.0s trisolve 0.2s schur 0.2s null 0.0s lift 0.2s rank 0.0s]
  per6 (12, 7, 5, 4, 1, 1) d10 p=2147483647: a=13 n_chi=79891 mult=13 units=0 [1.1s]
    hybrid[per6 12_7_5_4_1_1d10] p=2147483629 attempt 0: |S|=79834 |U|=57 (a=13, excess 44) m=121 blocks 1x57 projected nullity 13, verified=True, rank 13 [split 0.0s trisolve 0.1s schur 0.2s null 0.0s lift 0.2s rank 0.0s]
  per6 (12, 7, 5, 4, 1, 1) d10 p=2147483629: a=13 n_chi=79891 mult=13 units=0 [1.0s]
  PER6 RESULT (12, 7, 5, 4, 1, 1) d10: a=13 N_S=198760 n_chi=79891 mult=13 units=0 proved: mult = a at both primes (S_mu not in the ideal over Q) (5.1s, HWM 0.24 GB)

=== rank 131 ((14, 6, 4, 2, 2, 2), 10) N_S 198878 a 11 2026-09-09T03:55:01.049448
      level 1: 45 prefixes
      level 2: 808 prefixes
      level 3: 7385 prefixes
      level 4: 38074 prefixes
      level 5: 116080 prefixes
      level 6: 185339 prefixes
      level 7: 198633 prefixes
      level 8: 198878 prefixes
      level 9: 198878 prefixes
      level 10: 198878 prefixes
  lam=(14, 6, 4, 2, 2, 2): N_S=198878 |Stab|=6 n_chi=40240 (orbits dropped: 0) [lean, 1s, HWM 0.11 GB]
    E_01: |H|=6 targets 132228 canonical rows 26947 nnz 137802 (obstructed fixed targets cancelled: 0) [1s, HWM 0.11 GB]
    E_12: |H|=6 targets 142955 canonical rows 29089 nnz 107604 (obstructed fixed targets cancelled: 0) [2s, HWM 0.11 GB]
    E_23: |H|=2 targets 106637 canonical rows 57219 nnz 178082 (obstructed fixed targets cancelled: 0) [2s, HWM 0.11 GB]
    E_34: |H|=1 targets 147788 canonical rows 147788 nnz 297470 (obstructed fixed targets cancelled: 0) [2s, HWM 0.12 GB]
    E_45: |H|=1 targets 147788 canonical rows 147788 nnz 297470 (obstructed fixed targets cancelled: 0) [3s, HWM 0.12 GB]
  built (14, 6, 4, 2, 2, 2) d10: N_S=198878 |Stab|=6 n_chi=40240 rows=408831 nnz=1018428 (4s: mono 0s orbits 1s rows 3s; HWM 0.12 GB)
    hybrid[per6 14_6_4_2_2_2d10] p=2147483647 attempt 0: |S|=40220 |U|=20 (a=11, excess 9) m=84 blocks 1x20 projected nullity 11, verified=True, rank 11 [split 0.0s trisolve 0.0s schur 0.1s null 0.0s lift 0.1s rank 0.0s]
  per6 (14, 6, 4, 2, 2, 2) d10 p=2147483647: a=11 n_chi=40240 mult=11 units=0 [0.7s]
    hybrid[per6 14_6_4_2_2_2d10] p=2147483629 attempt 0: |S|=40220 |U|=20 (a=11, excess 9) m=84 blocks 1x20 projected nullity 11, verified=True, rank 11 [split 0.0s trisolve 0.0s schur 0.1s null 0.0s lift 0.4s rank 0.0s]
  per6 (14, 6, 4, 2, 2, 2) d10 p=2147483629: a=11 n_chi=40240 mult=11 units=0 [1.0s]
  PER6 RESULT (14, 6, 4, 2, 2, 2) d10: a=11 N_S=198878 n_chi=40240 mult=11 units=0 proved: mult = a at both primes (S_mu not in the ideal over Q) (6.0s, HWM 0.25 GB)

=== rank 132 ((11, 7, 7, 3, 1, 1), 10) N_S 199532 a 7 2026-09-09T03:55:07.388808
      level 1: 33 prefixes
      level 2: 414 prefixes
      level 3: 3010 prefixes
      level 4: 13803 prefixes
      level 5: 44949 prefixes
      level 6: 110419 prefixes
      level 7: 177566 prefixes
      level 8: 198311 prefixes
      level 9: 199532 prefixes
      level 10: 199532 prefixes
  lam=(11, 7, 7, 3, 1, 1): N_S=199532 |Stab|=4 n_chi=40041 (orbits dropped: 20202) [lean, 0s, HWM 0.11 GB]
    E_01: |H|=2 targets 154877 canonical rows 61954 nnz 306435 (obstructed fixed targets cancelled: 9573) [1s, HWM 0.11 GB]
    E_12: |H|=2 targets 185954 canonical rows 74596 nnz 305340 (obstructed fixed targets cancelled: 7827) [1s, HWM 0.12 GB]
    E_23: |H|=2 targets 110180 canonical rows 43657 nnz 179079 (obstructed fixed targets cancelled: 4901) [2s, HWM 0.12 GB]
    E_34: |H|=2 targets 73818 canonical rows 36480 nnz 79498 (obstructed fixed targets cancelled: 320) [2s, HWM 0.12 GB]
    E_45: |H|=2 targets 119304 canonical rows 0 nnz 0 (obstructed fixed targets cancelled: 248) [2s, HWM 0.12 GB]
  built (11, 7, 7, 3, 1, 1) d10: N_S=199532 |Stab|=4 n_chi=40041 rows=216687 nnz=870352 (3s: mono 0s orbits 0s rows 2s; HWM 0.12 GB)
    hybrid[per6 11_7_7_3_1_1d10] p=2147483647 attempt 0: |S|=40018 |U|=23 (a=7, excess 16) m=87 blocks 1x23 projected nullity 7, verified=True, rank 7 [split 0.0s trisolve 0.0s schur 0.1s null 0.0s lift 0.2s rank 0.0s]
  per6 (11, 7, 7, 3, 1, 1) d10 p=2147483647: a=7 n_chi=40041 mult=7 units=0 [0.6s]
    hybrid[per6 11_7_7_3_1_1d10] p=2147483629 attempt 0: |S|=40018 |U|=23 (a=7, excess 16) m=87 blocks 1x23 projected nullity 7, verified=True, rank 7 [split 0.0s trisolve 0.0s schur 0.1s null 0.0s lift 0.1s rank 0.0s]
  per6 (11, 7, 7, 3, 1, 1) d10 p=2147483629: a=7 n_chi=40041 mult=7 units=0 [0.5s]
  PER6 RESULT (11, 7, 7, 3, 1, 1) d10: a=7 N_S=199532 n_chi=40041 mult=7 units=0 proved: mult = a at both primes (S_mu not in the ideal over Q) (4.4s, HWM 0.17 GB)

=== rank 133 ((13, 7, 4, 3, 2, 1), 10) N_S 200673 a 15 2026-09-09T03:55:12.133757
      level 1: 41 prefixes
      level 2: 655 prefixes
      level 3: 5555 prefixes
      level 4: 27255 prefixes
      level 5: 86809 prefixes
      level 6: 167360 prefixes
      level 7: 198553 prefixes
      level 8: 200673 prefixes
      level 9: 200673 prefixes
      level 10: 200673 prefixes
  lam=(13, 7, 4, 3, 2, 1): N_S=200673 |Stab|=1 n_chi=200673 (orbits dropped: 0) [lean, 0s, HWM 0.11 GB]
    E_01: |H|=1 targets 147788 canonical rows 147788 nnz 783222 (obstructed fixed targets cancelled: 0) [1s, HWM 0.13 GB]
    E_12: |H|=1 targets 134245 canonical rows 134245 nnz 555795 (obstructed fixed targets cancelled: 0) [1s, HWM 0.13 GB]
    E_23: |H|=1 targets 144288 canonical rows 144288 nnz 458297 (obstructed fixed targets cancelled: 0) [2s, HWM 0.13 GB]
    E_34: |H|=1 targets 123706 canonical rows 123706 nnz 339569 (obstructed fixed targets cancelled: 0) [2s, HWM 0.13 GB]
    E_45: |H|=1 targets 89380 canonical rows 89380 nnz 200673 (obstructed fixed targets cancelled: 0) [2s, HWM 0.13 GB]
  built (13, 7, 4, 3, 2, 1) d10: N_S=200673 |Stab|=1 n_chi=200673 rows=639407 nnz=2337556 (3s: mono 0s orbits 0s rows 2s; HWM 0.14 GB)
    hybrid[per6 13_7_4_3_2_1d10] p=2147483647 attempt 0: |S|=200620 |U|=53 (a=15, excess 38) m=117 blocks 1x53 projected nullity 15, verified=True, rank 15 [split 0.1s trisolve 0.9s schur 0.4s null 0.0s lift 1.1s rank 0.2s]
  per6 (13, 7, 4, 3, 2, 1) d10 p=2147483647: a=15 n_chi=200673 mult=15 units=0 [3.8s]
    hybrid[per6 13_7_4_3_2_1d10] p=2147483629 attempt 0: |S|=200620 |U|=53 (a=15, excess 38) m=117 blocks 1x53 projected nullity 15, verified=True, rank 15 [split 0.1s trisolve 0.2s schur 0.4s null 0.0s lift 0.9s rank 0.1s]
  per6 (13, 7, 4, 3, 2, 1) d10 p=2147483629: a=15 n_chi=200673 mult=15 units=0 [2.5s]
  PER6 RESULT (13, 7, 4, 3, 2, 1) d10: a=15 N_S=200673 n_chi=200673 mult=15 units=0 proved: mult = a at both primes (S_mu not in the ideal over Q) (9.6s, HWM 0.54 GB)

=== rank 134 ((11, 9, 5, 2, 2, 1), 10) N_S 201570 a 13 2026-09-09T03:55:22.040963
      level 1: 39 prefixes
      level 2: 552 prefixes
      level 3: 4102 prefixes
      level 4: 18183 prefixes
      level 5: 52887 prefixes
      level 6: 115555 prefixes
      level 7: 179828 prefixes
      level 8: 200333 prefixes
      level 9: 201570 prefixes
      level 10: 201570 prefixes
  lam=(11, 9, 5, 2, 2, 1): N_S=201570 |Stab|=2 n_chi=107623 (orbits dropped: 0) [lean, 0s, HWM 0.12 GB]
    E_01: |H|=2 targets 178194 canonical rows 95248 nnz 475259 (obstructed fixed targets cancelled: 0) [1s, HWM 0.12 GB]
    E_12: |H|=2 targets 139397 canonical rows 74698 nnz 341018 (obstructed fixed targets cancelled: 0) [1s, HWM 0.12 GB]
    E_23: |H|=1 targets 97029 canonical rows 97029 nnz 340686 (obstructed fixed targets cancelled: 0) [2s, HWM 0.12 GB]
    E_34: |H|=1 targets 149751 canonical rows 149751 nnz 301470 (obstructed fixed targets cancelled: 0) [2s, HWM 0.13 GB]
    E_45: |H|=1 targets 89875 canonical rows 89875 nnz 201570 (obstructed fixed targets cancelled: 0) [2s, HWM 0.13 GB]
  built (11, 9, 5, 2, 2, 1) d10: N_S=201570 |Stab|=2 n_chi=107623 rows=506601 nnz=1660003 (3s: mono 0s orbits 0s rows 2s; HWM 0.13 GB)
    hybrid[per6 11_9_5_2_2_1d10] p=2147483647 attempt 0: |S|=107572 |U|=51 (a=13, excess 38) m=115 blocks 1x51 projected nullity 13, verified=True, rank 13 [split 0.0s trisolve 0.5s schur 0.3s null 0.0s lift 0.7s rank 0.0s]
  per6 (11, 9, 5, 2, 2, 1) d10 p=2147483647: a=13 n_chi=107623 mult=13 units=0 [2.4s]
    hybrid[per6 11_9_5_2_2_1d10] p=2147483629 attempt 0: |S|=107572 |U|=51 (a=13, excess 38) m=115 blocks 1x51 projected nullity 13, verified=True, rank 13 [split 0.0s trisolve 0.1s schur 0.3s null 0.0s lift 0.4s rank 0.0s]
  per6 (11, 9, 5, 2, 2, 1) d10 p=2147483629: a=13 n_chi=107623 mult=13 units=0 [1.4s]
  PER6 RESULT (11, 9, 5, 2, 2, 1) d10: a=13 N_S=201570 n_chi=107623 mult=13 units=0 proved: mult = a at both primes (S_mu not in the ideal over Q) (7.2s, HWM 0.36 GB)

=== rank 135 ((10, 9, 6, 3, 1, 1), 10) N_S 203452 a 7 2026-09-09T03:55:29.630421
      level 1: 33 prefixes
      level 2: 430 prefixes
      level 3: 3029 prefixes
      level 4: 13457 prefixes
      level 5: 41292 prefixes
      level 6: 94119 prefixes
      level 7: 163627 prefixes
      level 8: 199151 prefixes
      level 9: 203452 prefixes
      level 10: 203452 prefixes
  lam=(10, 9, 6, 3, 1, 1): N_S=203452 |Stab|=2 n_chi=81754 (orbits dropped: 39944) [lean, 0s, HWM 0.11 GB]
    E_01: |H|=2 targets 185954 canonical rows 74608 nnz 359553 (obstructed fixed targets cancelled: 10588) [1s, HWM 0.12 GB]
    E_12: |H|=2 targets 156034 canonical rows 62399 nnz 287786 (obstructed fixed targets cancelled: 8259) [1s, HWM 0.12 GB]
    E_23: |H|=2 targets 120341 canonical rows 47764 nnz 183803 (obstructed fixed targets cancelled: 4599) [2s, HWM 0.12 GB]
    E_34: |H|=1 targets 75287 canonical rows 75214 nnz 163508 (obstructed fixed targets cancelled: 0) [2s, HWM 0.12 GB]
    E_45: |H|=1 targets 121698 canonical rows 0 nnz 0 (obstructed fixed targets cancelled: 0) [2s, HWM 0.12 GB]
  built (10, 9, 6, 3, 1, 1) d10: N_S=203452 |Stab|=2 n_chi=81754 rows=259985 nnz=994650 (3s: mono 0s orbits 0s rows 2s; HWM 0.12 GB)
    hybrid[per6 10_9_6_3_1_1d10] p=2147483647 attempt 0: |S|=81696 |U|=58 (a=7, excess 51) m=122 blocks 1x58 projected nullity 7, verified=True, rank 7 [split 0.0s trisolve 0.4s schur 0.2s null 0.0s lift 0.1s rank 0.0s]
  per6 (10, 9, 6, 3, 1, 1) d10 p=2147483647: a=7 n_chi=81754 mult=7 units=0 [1.1s]
    hybrid[per6 10_9_6_3_1_1d10] p=2147483629 attempt 0: |S|=81696 |U|=58 (a=7, excess 51) m=122 blocks 1x58 projected nullity 7, verified=True, rank 7 [split 0.0s trisolve 0.2s schur 0.2s null 0.0s lift 0.1s rank 0.0s]
  per6 (10, 9, 6, 3, 1, 1) d10 p=2147483629: a=7 n_chi=81754 mult=7 units=0 [0.9s]
  PER6 RESULT (10, 9, 6, 3, 1, 1) d10: a=7 N_S=203452 n_chi=81754 mult=7 units=0 proved: mult = a at both primes (S_mu not in the ideal over Q) (5.0s, HWM 0.22 GB)

=== rank 136 ((12, 7, 6, 2, 2, 1), 10) N_S 208520 a 13 2026-09-09T03:55:34.927121
      level 1: 37 prefixes
      level 2: 560 prefixes
      level 3: 4256 prefixes
      level 4: 20007 prefixes
      level 5: 64813 prefixes
      level 6: 145273 prefixes
      level 7: 199413 prefixes
      level 8: 208347 prefixes
      level 9: 208520 prefixes
      level 10: 208520 prefixes
  lam=(12, 7, 6, 2, 2, 1): N_S=208520 |Stab|=2 n_chi=111327 (orbits dropped: 0) [lean, 0s, HWM 0.12 GB]
    E_01: |H|=2 targets 157279 canonical rows 84163 nnz 430345 (obstructed fixed targets cancelled: 0) [1s, HWM 0.12 GB]
    E_12: |H|=2 targets 178194 canonical rows 95248 nnz 393522 (obstructed fixed targets cancelled: 0) [1s, HWM 0.13 GB]
    E_23: |H|=1 targets 92099 canonical rows 92099 nnz 352580 (obstructed fixed targets cancelled: 0) [2s, HWM 0.13 GB]
    E_34: |H|=1 targets 154877 canonical rows 154877 nnz 312106 (obstructed fixed targets cancelled: 0) [2s, HWM 0.13 GB]
    E_45: |H|=1 targets 92923 canonical rows 92923 nnz 208520 (obstructed fixed targets cancelled: 0) [2s, HWM 0.13 GB]
  built (12, 7, 6, 2, 2, 1) d10: N_S=208520 |Stab|=2 n_chi=111327 rows=519310 nnz=1697073 (3s: mono 0s orbits 0s rows 2s; HWM 0.13 GB)
    hybrid[per6 12_7_6_2_2_1d10] p=2147483647 attempt 0: |S|=111276 |U|=51 (a=13, excess 38) m=115 blocks 1x51 projected nullity 13, verified=True, rank 13 [split 0.0s trisolve 0.4s schur 0.3s null 0.0s lift 0.9s rank 0.0s]
  per6 (12, 7, 6, 2, 2, 1) d10 p=2147483647: a=13 n_chi=111327 mult=13 units=0 [2.4s]
    hybrid[per6 12_7_6_2_2_1d10] p=2147483629 attempt 0: |S|=111276 |U|=51 (a=13, excess 38) m=115 blocks 1x51 projected nullity 13, verified=True, rank 13 [split 0.0s trisolve 0.1s schur 0.4s null 0.0s lift 0.2s rank 0.0s]
  per6 (12, 7, 6, 2, 2, 1) d10 p=2147483629: a=13 n_chi=111327 mult=13 units=0 [1.4s]
  PER6 RESULT (12, 7, 6, 2, 2, 1) d10: a=13 N_S=208520 n_chi=111327 mult=13 units=0 proved: mult = a at both primes (S_mu not in the ideal over Q) (7.2s, HWM 0.38 GB)

=== rank 137 ((12, 9, 3, 2, 2, 2), 10) N_S 210053 a 7 2026-09-09T03:55:42.443535
      level 1: 44 prefixes
      level 2: 740 prefixes
      level 3: 6017 prefixes
      level 4: 26459 prefixes
      level 5: 71795 prefixes
      level 6: 147712 prefixes
      level 7: 200732 prefixes
      level 8: 209872 prefixes
      level 9: 210053 prefixes
      level 10: 210053 prefixes
  lam=(12, 9, 3, 2, 2, 2): N_S=210053 |Stab|=6 n_chi=42434 (orbits dropped: 0) [lean, 1s, HWM 0.11 GB]
    E_01: |H|=6 targets 180550 canonical rows 36582 nnz 181773 (obstructed fixed targets cancelled: 0) [1s, HWM 0.13 GB]
    E_12: |H|=6 targets 105192 canonical rows 21698 nnz 94335 (obstructed fixed targets cancelled: 0) [2s, HWM 0.13 GB]
    E_23: |H|=2 targets 129495 canonical rows 69426 nnz 188042 (obstructed fixed targets cancelled: 0) [2s, HWM 0.13 GB]
    E_34: |H|=1 targets 156066 canonical rows 156066 nnz 314059 (obstructed fixed targets cancelled: 0) [3s, HWM 0.13 GB]
    E_45: |H|=1 targets 156066 canonical rows 156066 nnz 314059 (obstructed fixed targets cancelled: 0) [3s, HWM 0.13 GB]
  built (12, 9, 3, 2, 2, 2) d10: N_S=210053 |Stab|=6 n_chi=42434 rows=439838 nnz=1092268 (4s: mono 0s orbits 1s rows 3s; HWM 0.13 GB)
    hybrid[per6 12_9_3_2_2_2d10] p=2147483647 attempt 0: |S|=42417 |U|=17 (a=7, excess 10) m=81 blocks 1x17 projected nullity 7, verified=True, rank 7 [split 0.0s trisolve 0.0s schur 0.1s null 0.0s lift 0.4s rank 0.0s]
  per6 (12, 9, 3, 2, 2, 2) d10 p=2147483647: a=7 n_chi=42434 mult=7 units=0 [0.9s]
    hybrid[per6 12_9_3_2_2_2d10] p=2147483629 attempt 0: |S|=42417 |U|=17 (a=7, excess 10) m=81 blocks 1x17 projected nullity 7, verified=True, rank 7 [split 0.0s trisolve 0.0s schur 0.1s null 0.0s lift 0.1s rank 0.0s]
  per6 (12, 9, 3, 2, 2, 2) d10 p=2147483629: a=7 n_chi=42434 mult=7 units=0 [0.7s]
  PER6 RESULT (12, 9, 3, 2, 2, 2) d10: a=7 N_S=210053 n_chi=42434 mult=7 units=0 proved: mult = a at both primes (S_mu not in the ideal over Q) (6.1s, HWM 0.21 GB)

=== rank 138 ((10, 10, 5, 2, 2, 1), 10) N_S 210081 a 6 2026-09-09T03:55:48.919406
      level 1: 38 prefixes
      level 2: 529 prefixes
      level 3: 3825 prefixes
      level 4: 16568 prefixes
      level 5: 47825 prefixes
      level 6: 101282 prefixes
      level 7: 169895 prefixes
      level 8: 205612 prefixes
      level 9: 210081 prefixes
      level 10: 210081 prefixes
  lam=(10, 10, 5, 2, 2, 1): N_S=210081 |Stab|=4 n_chi=56408 (orbits dropped: 0) [lean, 0s, HWM 0.11 GB]
    E_01: |H|=2 targets 201570 canonical rows 107623 nnz 519856 (obstructed fixed targets cancelled: 0) [1s, HWM 0.13 GB]
    E_12: |H|=2 targets 139397 canonical rows 74698 nnz 355680 (obstructed fixed targets cancelled: 0) [1s, HWM 0.13 GB]
    E_23: |H|=2 targets 101044 canonical rows 50766 nnz 178065 (obstructed fixed targets cancelled: 0) [2s, HWM 0.13 GB]
    E_34: |H|=2 targets 156034 canonical rows 78319 nnz 157596 (obstructed fixed targets cancelled: 0) [2s, HWM 0.13 GB]
    E_45: |H|=2 targets 93635 canonical rows 47106 nnz 105475 (obstructed fixed targets cancelled: 0) [3s, HWM 0.13 GB]
  built (10, 10, 5, 2, 2, 1) d10: N_S=210081 |Stab|=4 n_chi=56408 rows=358512 nnz=1316672 (3s: mono 0s orbits 0s rows 3s; HWM 0.13 GB)
    hybrid[per6 10_10_5_2_2_1d10] p=2147483647 attempt 0: |S|=56381 |U|=27 (a=6, excess 21) m=91 blocks 1x27 projected nullity 6, verified=True, rank 6 [split 0.0s trisolve 0.1s schur 0.2s null 0.0s lift 0.2s rank 0.0s]
  per6 (10, 10, 5, 2, 2, 1) d10 p=2147483647: a=6 n_chi=56408 mult=6 units=0 [0.8s]
    hybrid[per6 10_10_5_2_2_1d10] p=2147483629 attempt 0: |S|=56381 |U|=27 (a=6, excess 21) m=91 blocks 1x27 projected nullity 6, verified=True, rank 6 [split 0.0s trisolve 0.0s schur 0.2s null 0.0s lift 0.2s rank 0.0s]
  per6 (10, 10, 5, 2, 2, 1) d10 p=2147483629: a=6 n_chi=56408 mult=6 units=0 [0.8s]
  PER6 RESULT (10, 10, 5, 2, 2, 1) d10: a=6 N_S=210081 n_chi=56408 mult=6 units=0 proved: mult = a at both primes (S_mu not in the ideal over Q) (5.3s, HWM 0.2 GB)

=== rank 139 ((12, 6, 6, 4, 1, 1), 10) N_S 216994 a 4 2026-09-09T03:55:54.567796
      level 1: 33 prefixes
      level 2: 439 prefixes
      level 3: 3558 prefixes
      level 4: 18151 prefixes
      level 5: 64527 prefixes
      level 6: 150575 prefixes
      level 7: 207677 prefixes
      level 8: 216825 prefixes
      level 9: 216994 prefixes
      level 10: 216994 prefixes
  lam=(12, 6, 6, 4, 1, 1): N_S=216994 |Stab|=4 n_chi=43746 (orbits dropped: 21957) [lean, 1s, HWM 0.12 GB]
    E_01: |H|=2 targets 149715 canonical rows 59869 nnz 305130 (obstructed fixed targets cancelled: 9847) [1s, HWM 0.12 GB]
    E_12: |H|=2 targets 198760 canonical rows 79876 nnz 305124 (obstructed fixed targets cancelled: 6936) [1s, HWM 0.13 GB]
    E_23: |H|=2 targets 154877 canonical rows 61954 nnz 238208 (obstructed fixed targets cancelled: 5707) [2s, HWM 0.13 GB]
    E_34: |H|=2 targets 69634 canonical rows 34998 nnz 87492 (obstructed fixed targets cancelled: 0) [2s, HWM 0.13 GB]
    E_45: |H|=2 targets 129720 canonical rows 0 nnz 0 (obstructed fixed targets cancelled: 0) [3s, HWM 0.13 GB]
  built (12, 6, 6, 4, 1, 1) d10: N_S=216994 |Stab|=4 n_chi=43746 rows=236697 nnz=935954 (3s: mono 0s orbits 1s rows 3s; HWM 0.13 GB)
    hybrid[per6 12_6_6_4_1_1d10] p=2147483647 attempt 0: |S|=43729 |U|=17 (a=4, excess 13) m=81 blocks 1x17 projected nullity 4, verified=True, rank 4 [split 0.0s trisolve 0.0s schur 0.1s null 0.0s lift 0.0s rank 0.0s]
  per6 (12, 6, 6, 4, 1, 1) d10 p=2147483647: a=4 n_chi=43746 mult=4 units=0 [0.4s]
    hybrid[per6 12_6_6_4_1_1d10] p=2147483629 attempt 0: |S|=43729 |U|=17 (a=4, excess 13) m=81 blocks 1x17 projected nullity 4, verified=True, rank 4 [split 0.0s trisolve 0.0s schur 0.1s null 0.0s lift 0.0s rank 0.0s]
  per6 (12, 6, 6, 4, 1, 1) d10 p=2147483629: a=4 n_chi=43746 mult=4 units=0 [0.5s]
  PER6 RESULT (12, 6, 6, 4, 1, 1) d10: a=4 N_S=216994 n_chi=43746 mult=4 units=0 proved: mult = a at both primes (S_mu not in the ideal over Q) (4.6s, HWM 0.15 GB)

=== rank 140 ((14, 5, 5, 2, 2, 2), 10) N_S 220749 a 2 2026-09-09T03:55:59.518959
      level 1: 42 prefixes
      level 2: 791 prefixes
      level 3: 7320 prefixes
      level 4: 40587 prefixes
      level 5: 128197 prefixes
      level 6: 205774 prefixes
      level 7: 220486 prefixes
      level 8: 220749 prefixes
      level 9: 220749 prefixes
      level 10: 220749 prefixes
  lam=(14, 5, 5, 2, 2, 2): N_S=220749 |Stab|=12 n_chi=21652 (orbits dropped: 1145) [lean, 1s, HWM 0.11 GB]
    E_01: |H|=6 targets 132228 canonical rows 26947 nnz 134407 (obstructed fixed targets cancelled: 0) [1s, HWM 0.11 GB]
    E_12: |H|=6 targets 198878 canonical rows 40192 nnz 131217 (obstructed fixed targets cancelled: 0) [2s, HWM 0.13 GB]
    E_23: |H|=2 targets 106637 canonical rows 57176 nnz 193268 (obstructed fixed targets cancelled: 0) [2s, HWM 0.13 GB]
    E_34: |H|=2 targets 163976 canonical rows 80325 nnz 161273 (obstructed fixed targets cancelled: 244) [3s, HWM 0.13 GB]
    E_45: |H|=2 targets 163976 canonical rows 80325 nnz 161273 (obstructed fixed targets cancelled: 244) [3s, HWM 0.13 GB]
  built (14, 5, 5, 2, 2, 2) d10: N_S=220749 |Stab|=12 n_chi=21652 rows=284965 nnz=781438 (5s: mono 0s orbits 1s rows 3s; HWM 0.13 GB)
    hybrid[per6 14_5_5_2_2_2d10] p=2147483647 attempt 0: |S|=21649 |U|=3 (a=2, excess 1) m=67 blocks 1x3 projected nullity 2, verified=True, rank 2 [split 0.0s trisolve 0.0s schur 0.0s null 0.0s lift 0.0s rank 0.0s]
  per6 (14, 5, 5, 2, 2, 2) d10 p=2147483647: a=2 n_chi=21652 mult=2 units=0 [0.4s]
    hybrid[per6 14_5_5_2_2_2d10] p=2147483629 attempt 0: |S|=21649 |U|=3 (a=2, excess 1) m=67 blocks 1x3 projected nullity 2, verified=True, rank 2 [split 0.0s trisolve 0.0s schur 0.0s null 0.0s lift 0.0s rank 0.0s]
  per6 (14, 5, 5, 2, 2, 2) d10 p=2147483629: a=2 n_chi=21652 mult=2 units=0 [0.3s]
  PER6 RESULT (14, 5, 5, 2, 2, 2) d10: a=2 N_S=220749 n_chi=21652 mult=2 units=0 proved: mult = a at both primes (S_mu not in the ideal over Q) (6.3s, HWM 0.13 GB)

=== rank 141 ((11, 10, 3, 2, 2, 2), 10) N_S 226314 a 4 2026-09-09T03:56:06.140446
      level 1: 43 prefixes
      level 2: 714 prefixes
      level 3: 5611 prefixes
      level 4: 24356 prefixes
      level 5: 65016 prefixes
      level 6: 132052 prefixes
      level 7: 201773 prefixes
      level 8: 224855 prefixes
      level 9: 226314 prefixes
      level 10: 226314 prefixes
  lam=(11, 10, 3, 2, 2, 2): N_S=226314 |Stab|=6 n_chi=45653 (orbits dropped: 0) [lean, 1s, HWM 0.11 GB]
    E_01: |H|=6 targets 210053 canonical rows 42434 nnz 206196 (obstructed fixed targets cancelled: 0) [1s, HWM 0.12 GB]
    E_12: |H|=6 targets 108600 canonical rows 22361 nnz 101620 (obstructed fixed targets cancelled: 0) [2s, HWM 0.12 GB]
    E_23: |H|=2 targets 139397 canonical rows 74698 nnz 202634 (obstructed fixed targets cancelled: 0) [2s, HWM 0.12 GB]
    E_34: |H|=1 targets 168083 canonical rows 168083 nnz 338649 (obstructed fixed targets cancelled: 0) [3s, HWM 0.13 GB]
    E_45: |H|=1 targets 168083 canonical rows 168083 nnz 338649 (obstructed fixed targets cancelled: 0) [3s, HWM 0.13 GB]
  built (11, 10, 3, 2, 2, 2) d10: N_S=226314 |Stab|=6 n_chi=45653 rows=475659 nnz=1187748 (4s: mono 0s orbits 1s rows 3s; HWM 0.13 GB)
    hybrid[per6 11_10_3_2_2_2d10] p=2147483647 attempt 0: |S|=45631 |U|=22 (a=4, excess 18) m=86 blocks 1x22 projected nullity 4, verified=True, rank 4 [split 0.0s trisolve 0.0s schur 0.1s null 0.0s lift 0.1s rank 0.0s]
  per6 (11, 10, 3, 2, 2, 2) d10 p=2147483647: a=4 n_chi=45653 mult=4 units=0 [0.6s]
    hybrid[per6 11_10_3_2_2_2d10] p=2147483629 attempt 0: |S|=45631 |U|=22 (a=4, excess 18) m=86 blocks 1x22 projected nullity 4, verified=True, rank 4 [split 0.0s trisolve 0.0s schur 0.1s null 0.0s lift 0.1s rank 0.0s]
  per6 (11, 10, 3, 2, 2, 2) d10 p=2147483629: a=4 n_chi=45653 mult=4 units=0 [0.6s]
  PER6 RESULT (11, 10, 3, 2, 2, 2) d10: a=4 N_S=226314 n_chi=45653 mult=4 units=0 proved: mult = a at both primes (S_mu not in the ideal over Q) (6.1s, HWM 0.19 GB)

=== rank 142 ((14, 5, 4, 3, 3, 1), 10) N_S 228089 a 2 2026-09-09T03:56:12.541269
      level 1: 39 prefixes
      level 2: 723 prefixes
      level 3: 7072 prefixes
      level 4: 41020 prefixes
      level 5: 132115 prefixes
      level 6: 212750 prefixes
      level 7: 227832 prefixes
      level 8: 228089 prefixes
      level 9: 228089 prefixes
      level 10: 228089 prefixes
  lam=(14, 5, 4, 3, 3, 1): N_S=228089 |Stab|=2 n_chi=110379 (orbits dropped: 7331) [lean, 0s, HWM 0.12 GB]
    E_01: |H|=2 targets 136224 canonical rows 65717 nnz 351064 (obstructed fixed targets cancelled: 3092) [1s, HWM 0.12 GB]
    E_12: |H|=2 targets 178196 canonical rows 86124 nnz 305057 (obstructed fixed targets cancelled: 2087) [1s, HWM 0.13 GB]
    E_23: |H|=1 targets 163976 canonical rows 163709 nnz 506363 (obstructed fixed targets cancelled: 0) [2s, HWM 0.13 GB]
    E_34: |H|=1 targets 188952 canonical rows 187284 nnz 467513 (obstructed fixed targets cancelled: 0) [2s, HWM 0.14 GB]
    E_45: |H|=1 targets 84224 canonical rows 84221 nnz 220758 (obstructed fixed targets cancelled: 0) [3s, HWM 0.14 GB]
  built (14, 5, 4, 3, 3, 1) d10: N_S=228089 |Stab|=2 n_chi=110379 rows=587055 nnz=1850755 (3s: mono 0s orbits 0s rows 3s; HWM 0.14 GB)
    hybrid[per6 14_5_4_3_3_1d10] p=2147483647 attempt 0: |S|=110362 |U|=17 (a=2, excess 15) m=81 blocks 1x17 projected nullity 2, verified=True, rank 2 [split 0.1s trisolve 0.2s schur 0.1s null 0.0s lift 0.0s rank 0.0s]
  per6 (14, 5, 4, 3, 3, 1) d10 p=2147483647: a=2 n_chi=110379 mult=2 units=0 [0.8s]
    hybrid[per6 14_5_4_3_3_1d10] p=2147483629 attempt 0: |S|=110362 |U|=17 (a=2, excess 15) m=81 blocks 1x17 projected nullity 2, verified=True, rank 2 [split 0.1s trisolve 0.1s schur 0.1s null 0.0s lift 0.0s rank 0.0s]
  per6 (14, 5, 4, 3, 3, 1) d10 p=2147483629: a=2 n_chi=110379 mult=2 units=0 [0.7s]
  PER6 RESULT (14, 5, 4, 3, 3, 1) d10: a=2 N_S=228089 n_chi=110379 mult=2 units=0 proved: mult = a at both primes (S_mu not in the ideal over Q) (5.3s, HWM 0.21 GB)

=== rank 143 ((10, 8, 7, 3, 1, 1), 10) N_S 231776 a 7 2026-09-09T03:56:18.191726
      level 1: 33 prefixes
      level 2: 407 prefixes
      level 3: 2891 prefixes
      level 4: 13245 prefixes
      level 5: 42512 prefixes
      level 6: 103040 prefixes
      level 7: 185254 prefixes
      level 8: 226831 prefixes
      level 9: 231776 prefixes
      level 10: 231776 prefixes
  lam=(10, 8, 7, 3, 1, 1): N_S=231776 |Stab|=2 n_chi=93390 (orbits dropped: 44996) [lean, 0s, HWM 0.12 GB]
    E_01: |H|=2 targets 199532 canonical rows 80228 nnz 388517 (obstructed fixed targets cancelled: 11253) [1s, HWM 0.13 GB]
    E_12: |H|=2 targets 203452 canonical rows 81754 nnz 361882 (obstructed fixed targets cancelled: 9573) [2s, HWM 0.13 GB]
    E_23: |H|=2 targets 127608 canonical rows 50667 nnz 210045 (obstructed fixed targets cancelled: 5638) [2s, HWM 0.13 GB]
    E_34: |H|=1 targets 85468 canonical rows 85391 nnz 186780 (obstructed fixed targets cancelled: 0) [2s, HWM 0.13 GB]
    E_45: |H|=1 targets 138386 canonical rows 0 nnz 0 (obstructed fixed targets cancelled: 0) [3s, HWM 0.13 GB]
  built (10, 8, 7, 3, 1, 1) d10: N_S=231776 |Stab|=2 n_chi=93390 rows=298040 nnz=1147224 (3s: mono 0s orbits 0s rows 3s; HWM 0.13 GB)
    hybrid[per6 10_8_7_3_1_1d10] p=2147483647 attempt 0: |S|=93321 |U|=69 (a=7, excess 62) m=133 blocks 1x69 projected nullity 7, verified=True, rank 7 [split 0.0s trisolve 0.4s schur 0.3s null 0.0s lift 0.1s rank 0.0s]
  per6 (10, 8, 7, 3, 1, 1) d10 p=2147483647: a=7 n_chi=93390 mult=7 units=0 [1.2s]
    hybrid[per6 10_8_7_3_1_1d10] p=2147483629 attempt 0: |S|=93321 |U|=69 (a=7, excess 62) m=133 blocks 1x69 projected nullity 7, verified=True, rank 7 [split 0.0s trisolve 0.5s schur 0.3s null 0.0s lift 0.1s rank 0.0s]
  per6 (10, 8, 7, 3, 1, 1) d10 p=2147483629: a=7 n_chi=93390 mult=7 units=0 [1.3s]
  PER6 RESULT (10, 8, 7, 3, 1, 1) d10: a=7 N_S=231776 n_chi=93390 mult=7 units=0 proved: mult = a at both primes (S_mu not in the ideal over Q) (5.9s, HWM 0.26 GB)

=== rank 144 ((11, 8, 5, 4, 1, 1), 10) N_S 239075 a 13 2026-09-09T03:56:24.386586
      level 1: 33 prefixes
      level 2: 467 prefixes
      level 3: 3569 prefixes
      level 4: 17294 prefixes
      level 5: 56615 prefixes
      level 6: 134452 prefixes
      level 7: 213496 prefixes
      level 8: 237699 prefixes
      level 9: 239075 prefixes
      level 10: 239075 prefixes
  lam=(11, 8, 5, 4, 1, 1): N_S=239075 |Stab|=2 n_chi=96379 (orbits dropped: 46317) [lean, 0s, HWM 0.12 GB]
    E_01: |H|=2 targets 198760 canonical rows 79891 nnz 400428 (obstructed fixed targets cancelled: 12068) [1s, HWM 0.13 GB]
    E_12: |H|=2 targets 172790 canonical rows 69170 nnz 305176 (obstructed fixed targets cancelled: 8250) [1s, HWM 0.13 GB]
    E_23: |H|=2 targets 185954 canonical rows 74608 nnz 265181 (obstructed fixed targets cancelled: 5676) [2s, HWM 0.13 GB]
    E_34: |H|=1 targets 76456 canonical rows 75921 nnz 192758 (obstructed fixed targets cancelled: 0) [2s, HWM 0.13 GB]
    E_45: |H|=1 targets 142696 canonical rows 0 nnz 0 (obstructed fixed targets cancelled: 0) [3s, HWM 0.13 GB]
  built (11, 8, 5, 4, 1, 1) d10: N_S=239075 |Stab|=2 n_chi=96379 rows=299590 nnz=1163543 (3s: mono 0s orbits 0s rows 3s; HWM 0.13 GB)
    hybrid[per6 11_8_5_4_1_1d10] p=2147483647 attempt 0: |S|=96312 |U|=67 (a=13, excess 54) m=131 blocks 1x67 projected nullity 13, verified=True, rank 13 [split 0.0s trisolve 0.5s schur 0.3s null 0.0s lift 0.3s rank 0.0s]
  per6 (11, 8, 5, 4, 1, 1) d10 p=2147483647: a=13 n_chi=96379 mult=13 units=0 [1.6s]
    hybrid[per6 11_8_5_4_1_1d10] p=2147483629 attempt 0: |S|=96312 |U|=67 (a=13, excess 54) m=131 blocks 1x67 projected nullity 13, verified=True, rank 13 [split 0.0s trisolve 0.2s schur 0.3s null 0.0s lift 0.1s rank 0.0s]
  per6 (11, 8, 5, 4, 1, 1) d10 p=2147483629: a=13 n_chi=96379 mult=13 units=0 [1.2s]
  PER6 RESULT (11, 8, 5, 4, 1, 1) d10: a=13 N_S=239075 n_chi=96379 mult=13 units=0 proved: mult = a at both primes (S_mu not in the ideal over Q) (6.5s, HWM 0.28 GB)

=== rank 145 ((14, 6, 3, 3, 2, 2), 10) N_S 239923 a 1 2026-09-09T03:56:31.223547
      level 1: 46 prefixes
      level 2: 860 prefixes
      level 3: 8404 prefixes
      level 4: 44997 prefixes
      level 5: 139588 prefixes
      level 6: 223772 prefixes
      level 7: 239648 prefixes
      level 8: 239923 prefixes
      level 9: 239923 prefixes
      level 10: 239923 prefixes
  lam=(14, 6, 3, 3, 2, 2): N_S=239923 |Stab|=4 n_chi=61382 (orbits dropped: 5125) [lean, 1s, HWM 0.13 GB]
    E_01: |H|=4 targets 159155 canonical rows 40730 nnz 214305 (obstructed fixed targets cancelled: 4263) [1s, HWM 0.13 GB]
    E_12: |H|=2 targets 142955 canonical rows 76526 nnz 279027 (obstructed fixed targets cancelled: 0) [1s, HWM 0.13 GB]
    E_23: |H|=2 targets 198878 canonical rows 105271 nnz 256919 (obstructed fixed targets cancelled: 0) [2s, HWM 0.13 GB]
    E_34: |H|=1 targets 147788 canonical rows 147632 nnz 392038 (obstructed fixed targets cancelled: 0) [3s, HWM 0.13 GB]
    E_45: |H|=2 targets 178196 canonical rows 85333 nnz 172654 (obstructed fixed targets cancelled: 530) [3s, HWM 0.14 GB]
  built (14, 6, 3, 3, 2, 2) d10: N_S=239923 |Stab|=4 n_chi=61382 rows=455492 nnz=1314943 (4s: mono 0s orbits 1s rows 3s; HWM 0.14 GB)
    hybrid[per6 14_6_3_3_2_2d10] p=2147483647 attempt 0: |S|=61373 |U|=9 (a=1, excess 8) m=73 blocks 1x9 projected nullity 1, verified=True, rank 1 [split 0.0s trisolve 0.0s schur 0.1s null 0.0s lift 0.0s rank 0.0s]
  per6 (14, 6, 3, 3, 2, 2) d10 p=2147483647: a=1 n_chi=61382 mult=1 units=0 [0.4s]
    hybrid[per6 14_6_3_3_2_2d10] p=2147483629 attempt 0: |S|=61373 |U|=9 (a=1, excess 8) m=73 blocks 1x9 projected nullity 1, verified=True, rank 1 [split 0.0s trisolve 0.0s schur 0.1s null 0.0s lift 0.0s rank 0.0s]
  per6 (14, 6, 3, 3, 2, 2) d10 p=2147483629: a=1 n_chi=61382 mult=1 units=0 [0.4s]
  PER6 RESULT (14, 6, 3, 3, 2, 2) d10: a=1 N_S=239923 n_chi=61382 mult=1 units=0 proved: mult = a at both primes (S_mu not in the ideal over Q) (5.4s, HWM 0.16 GB)

=== rank 146 ((12, 6, 5, 5, 1, 1), 10) N_S 241557 a 4 2026-09-09T03:56:36.919578
      level 1: 33 prefixes
      level 2: 438 prefixes
      level 3: 3629 prefixes
      level 4: 19344 prefixes
      level 5: 71036 prefixes
      level 6: 167543 prefixes
      level 7: 231313 prefixes
      level 8: 241377 prefixes
      level 9: 241557 prefixes
      level 10: 241557 prefixes
  lam=(12, 6, 5, 5, 1, 1): N_S=241557 |Stab|=4 n_chi=48524 (orbits dropped: 24721) [lean, 1s, HWM 0.12 GB]
    E_01: |H|=4 targets 166357 canonical rows 33208 nnz 170133 (obstructed fixed targets cancelled: 11450) [1s, HWM 0.12 GB]
    E_12: |H|=2 targets 198760 canonical rows 79885 nnz 307157 (obstructed fixed targets cancelled: 7159) [2s, HWM 0.13 GB]
    E_23: |H|=2 targets 216994 canonical rows 87244 nnz 301481 (obstructed fixed targets cancelled: 6566) [2s, HWM 0.14 GB]
    E_34: |H|=1 targets 69634 canonical rows 69634 nnz 193248 (obstructed fixed targets cancelled: 0) [3s, HWM 0.14 GB]
    E_45: |H|=2 targets 144057 canonical rows 0 nnz 0 (obstructed fixed targets cancelled: 424) [3s, HWM 0.14 GB]
  built (12, 6, 5, 5, 1, 1) d10: N_S=241557 |Stab|=4 n_chi=48524 rows=269971 nnz=972019 (4s: mono 0s orbits 1s rows 3s; HWM 0.14 GB)
    hybrid[per6 12_6_5_5_1_1d10] p=2147483647 attempt 0: |S|=48501 |U|=23 (a=4, excess 19) m=87 blocks 1x23 projected nullity 4, verified=True, rank 4 [split 0.0s trisolve 0.0s schur 0.1s null 0.0s lift 0.0s rank 0.0s]
  per6 (12, 6, 5, 5, 1, 1) d10 p=2147483647: a=4 n_chi=48524 mult=4 units=0 [0.5s]
    hybrid[per6 12_6_5_5_1_1d10] p=2147483629 attempt 0: |S|=48501 |U|=23 (a=4, excess 19) m=87 blocks 1x23 projected nullity 4, verified=True, rank 4 [split 0.0s trisolve 0.0s schur 0.1s null 0.0s lift 0.0s rank 0.0s]
  per6 (12, 6, 5, 5, 1, 1) d10 p=2147483629: a=4 n_chi=48524 mult=4 units=0 [0.5s]
  PER6 RESULT (12, 6, 5, 5, 1, 1) d10: a=4 N_S=241557 n_chi=48524 mult=4 units=0 proved: mult = a at both primes (S_mu not in the ideal over Q) (5.1s, HWM 0.16 GB)

=== rank 147 ((13, 7, 3, 3, 3, 1), 10) N_S 242445 a 1 2026-09-09T03:56:42.287147
      level 1: 41 prefixes
      level 2: 700 prefixes
      level 3: 6286 prefixes
      level 4: 32169 prefixes
      level 5: 104347 prefixes
      level 6: 202374 prefixes
      level 7: 239971 prefixes
      level 8: 242445 prefixes
      level 9: 242445 prefixes
      level 10: 242445 prefixes
  lam=(13, 7, 3, 3, 3, 1): N_S=242445 |Stab|=6 n_chi=36648 (orbits dropped: 7667) [lean, 1s, HWM 0.12 GB]
    E_01: |H|=6 targets 178196 canonical rows 26787 nnz 139944 (obstructed fixed targets cancelled: 10758) [1s, HWM 0.13 GB]
    E_12: |H|=2 targets 134245 canonical rows 64650 nnz 250591 (obstructed fixed targets cancelled: 2073) [2s, HWM 0.13 GB]
    E_23: |H|=1 targets 200673 canonical rows 198452 nnz 466598 (obstructed fixed targets cancelled: 0) [2s, HWM 0.14 GB]
    E_34: |H|=1 targets 200673 canonical rows 198452 nnz 466598 (obstructed fixed targets cancelled: 0) [3s, HWM 0.14 GB]
    E_45: |H|=2 targets 89380 canonical rows 42785 nnz 108994 (obstructed fixed targets cancelled: 892) [3s, HWM 0.14 GB]
  built (13, 7, 3, 3, 3, 1) d10: N_S=242445 |Stab|=6 n_chi=36648 rows=531126 nnz=1432725 (5s: mono 1s orbits 1s rows 3s; HWM 0.14 GB)
    hybrid[per6 13_7_3_3_3_1d10] p=2147483647 attempt 0: |S|=36644 |U|=4 (a=1, excess 3) m=68 blocks 1x4 projected nullity 1, verified=True, rank 1 [split 0.0s trisolve 0.0s schur 0.1s null 0.0s lift 0.0s rank 0.0s]
  per6 (13, 7, 3, 3, 3, 1) d10 p=2147483647: a=1 n_chi=36648 mult=1 units=0 [0.4s]
    hybrid[per6 13_7_3_3_3_1d10] p=2147483629 attempt 0: |S|=36644 |U|=4 (a=1, excess 3) m=68 blocks 1x4 projected nullity 1, verified=True, rank 1 [split 0.0s trisolve 0.0s schur 0.1s null 0.0s lift 0.0s rank 0.0s]
  per6 (13, 7, 3, 3, 3, 1) d10 p=2147483629: a=1 n_chi=36648 mult=1 units=0 [0.4s]
  PER6 RESULT (13, 7, 3, 3, 3, 1) d10: a=1 N_S=242445 n_chi=36648 mult=1 units=0 proved: mult = a at both primes (S_mu not in the ideal over Q) (5.8s, HWM 0.17 GB)

=== rank 148 ((9, 9, 7, 3, 1, 1), 10) N_S 243360 a 4 2026-09-09T03:56:48.458662
      level 1: 25 prefixes
      level 2: 373 prefixes
      level 3: 2658 prefixes
      level 4: 12197 prefixes
      level 5: 38824 prefixes
      level 6: 91787 prefixes
      level 7: 171920 prefixes
      level 8: 231424 prefixes
      level 9: 243360 prefixes
      level 10: 243360 prefixes
  lam=(9, 9, 7, 3, 1, 1): N_S=243360 |Stab|=4 n_chi=49059 (orbits dropped: 23990) [lean, 1s, HWM 0.12 GB]
    E_01: |H|=2 targets 231776 canonical rows 93386 nnz 432179 (obstructed fixed targets cancelled: 11927) [1s, HWM 0.12 GB]
    E_12: |H|=2 targets 203452 canonical rows 81754 nnz 379479 (obstructed fixed targets cancelled: 10588) [2s, HWM 0.13 GB]
    E_23: |H|=4 targets 133835 canonical rows 26616 nnz 110248 (obstructed fixed targets cancelled: 6042) [2s, HWM 0.13 GB]
    E_34: |H|=2 targets 89601 canonical rows 44456 nnz 97603 (obstructed fixed targets cancelled: 277) [3s, HWM 0.13 GB]
    E_45: |H|=2 targets 145177 canonical rows 0 nnz 0 (obstructed fixed targets cancelled: 222) [3s, HWM 0.13 GB]
  built (9, 9, 7, 3, 1, 1) d10: N_S=243360 |Stab|=4 n_chi=49059 rows=246212 nnz=1019509 (4s: mono 0s orbits 1s rows 3s; HWM 0.13 GB)
    hybrid[per6 9_9_7_3_1_1d10] p=2147483647 attempt 0: |S|=49014 |U|=45 (a=4, excess 41) m=109 blocks 1x45 projected nullity 4, verified=True, rank 4 [split 0.0s trisolve 0.2s schur 0.2s null 0.0s lift 0.0s rank 0.0s]
  per6 (9, 9, 7, 3, 1, 1) d10 p=2147483647: a=4 n_chi=49059 mult=4 units=0 [0.8s]
    hybrid[per6 9_9_7_3_1_1d10] p=2147483629 attempt 0: |S|=49014 |U|=45 (a=4, excess 41) m=109 blocks 1x45 projected nullity 4, verified=True, rank 4 [split 0.0s trisolve 0.1s schur 0.2s null 0.0s lift 0.0s rank 0.0s]
  per6 (9, 9, 7, 3, 1, 1) d10 p=2147483629: a=4 n_chi=49059 mult=4 units=0 [0.6s]
  PER6 RESULT (9, 9, 7, 3, 1, 1) d10: a=4 N_S=243360 n_chi=49059 mult=4 units=0 proved: mult = a at both primes (S_mu not in the ideal over Q) (5.5s, HWM 0.18 GB)

=== rank 149 ((13, 6, 5, 3, 2, 1), 10) N_S 243388 a 14 2026-09-09T03:56:54.274694
      level 1: 38 prefixes
      level 2: 644 prefixes
      level 3: 5646 prefixes
      level 4: 29917 prefixes
      level 5: 103051 prefixes
      level 6: 202834 prefixes
      level 7: 240864 prefixes
      level 8: 243388 prefixes
      level 9: 243388 prefixes
      level 10: 243388 prefixes
  lam=(13, 6, 5, 3, 2, 1): N_S=243388 |Stab|=1 n_chi=243388 (orbits dropped: 0) [lean, 0s, HWM 0.12 GB]
    E_01: |H|=1 targets 163976 canonical rows 163976 nnz 874191 (obstructed fixed targets cancelled: 0) [1s, HWM 0.14 GB]
    E_12: |H|=1 targets 200673 canonical rows 200673 nnz 783222 (obstructed fixed targets cancelled: 0) [1s, HWM 0.16 GB]
    E_23: |H|=1 targets 157279 canonical rows 157279 nnz 557716 (obstructed fixed targets cancelled: 0) [2s, HWM 0.16 GB]
    E_34: |H|=1 targets 149715 canonical rows 149715 nnz 412808 (obstructed fixed targets cancelled: 0) [2s, HWM 0.16 GB]
    E_45: |H|=1 targets 107999 canonical rows 107999 nnz 243388 (obstructed fixed targets cancelled: 0) [3s, HWM 0.16 GB]
  built (13, 6, 5, 3, 2, 1) d10: N_S=243388 |Stab|=1 n_chi=243388 rows=779642 nnz=2871325 (3s: mono 0s orbits 0s rows 3s; HWM 0.16 GB)
    hybrid[per6 13_6_5_3_2_1d10] p=2147483647 attempt 0: |S|=243319 |U|=69 (a=14, excess 55) m=133 blocks 1x69 projected nullity 14, verified=True, rank 14 [split 0.1s trisolve 1.3s schur 0.7s null 0.0s lift 1.1s rank 0.1s]
  per6 (13, 6, 5, 3, 2, 1) d10 p=2147483647: a=14 n_chi=243388 mult=14 units=0 [4.3s]
    hybrid[per6 13_6_5_3_2_1d10] p=2147483629 attempt 0: |S|=243319 |U|=69 (a=14, excess 55) m=133 blocks 1x69 projected nullity 14, verified=True, rank 14 [split 0.1s trisolve 0.3s schur 0.7s null 0.0s lift 1.6s rank 0.1s]
  per6 (13, 6, 5, 3, 2, 1) d10 p=2147483629: a=14 n_chi=243388 mult=14 units=0 [4.5s]
  PER6 RESULT (13, 6, 5, 3, 2, 1) d10: a=14 N_S=243388 n_chi=243388 mult=14 units=0 proved: mult = a at both primes (S_mu not in the ideal over Q) (12.9s, HWM 0.61 GB)

=== rank 150 ((12, 8, 4, 3, 2, 1), 10) N_S 248419 a 19 2026-09-09T03:57:07.545773
      level 1: 40 prefixes
      level 2: 641 prefixes
      level 3: 5323 prefixes
      level 4: 25935 prefixes
      level 5: 80038 prefixes
      level 6: 174177 prefixes
      level 7: 237881 prefixes
      level 8: 248229 prefixes
      level 9: 248419 prefixes
      level 10: 248419 prefixes
  lam=(12, 8, 4, 3, 2, 1): N_S=248419 |Stab|=1 n_chi=248419 (orbits dropped: 0) [lean, 0s, HWM 0.13 GB]
    E_01: |H|=1 targets 200673 canonical rows 200673 nnz 1051295 (obstructed fixed targets cancelled: 0) [1s, HWM 0.16 GB]
    E_12: |H|=1 targets 156066 canonical rows 156066 nnz 690949 (obstructed fixed targets cancelled: 0) [2s, HWM 0.16 GB]
    E_23: |H|=1 targets 178194 canonical rows 178194 nnz 569012 (obstructed fixed targets cancelled: 0) [2s, HWM 0.16 GB]
    E_34: |H|=1 targets 152755 canonical rows 152755 nnz 421098 (obstructed fixed targets cancelled: 0) [3s, HWM 0.16 GB]
    E_45: |H|=1 targets 110300 canonical rows 110300 nnz 248419 (obstructed fixed targets cancelled: 0) [3s, HWM 0.16 GB]
  built (12, 8, 4, 3, 2, 1) d10: N_S=248419 |Stab|=1 n_chi=248419 rows=797988 nnz=2980773 (3s: mono 0s orbits 0s rows 3s; HWM 0.18 GB)
    hybrid[per6 12_8_4_3_2_1d10] p=2147483647 attempt 0: |S|=248344 |U|=75 (a=19, excess 56) m=139 blocks 1x75 projected nullity 19, verified=True, rank 19 [split 0.1s trisolve 1.2s schur 0.8s null 0.0s lift 1.7s rank 0.2s]
  per6 (12, 8, 4, 3, 2, 1) d10 p=2147483647: a=19 n_chi=248419 mult=19 units=0 [6.7s]
    hybrid[per6 12_8_4_3_2_1d10] p=2147483629 attempt 0: |S|=248344 |U|=75 (a=19, excess 56) m=139 blocks 1x75 projected nullity 19, verified=True, rank 19 [split 0.1s trisolve 0.3s schur 0.8s null 0.0s lift 1.2s rank 0.2s]
  per6 (12, 8, 4, 3, 2, 1) d10 p=2147483629: a=19 n_chi=248419 mult=19 units=0 [3.7s]
  PER6 RESULT (12, 8, 4, 3, 2, 1) d10: a=19 N_S=248419 n_chi=248419 mult=19 units=0 proved: mult = a at both primes (S_mu not in the ideal over Q) (14.4s, HWM 0.72 GB)

=== rank 151 ((11, 8, 6, 2, 2, 1), 10) N_S 250633 a 16 2026-09-09T03:57:22.323995
      level 1: 37 prefixes
      level 2: 542 prefixes
      level 3: 4113 prefixes
      level 4: 19083 prefixes
      level 5: 60130 prefixes
      level 6: 140870 prefixes
      level 7: 223493 prefixes
      level 8: 249129 prefixes
      level 9: 250633 prefixes
      level 10: 250633 prefixes
  lam=(11, 8, 6, 2, 2, 1): N_S=250633 |Stab|=2 n_chi=133639 (orbits dropped: 0) [lean, 0s, HWM 0.12 GB]
    E_01: |H|=2 targets 208520 canonical rows 111327 nnz 559455 (obstructed fixed targets cancelled: 0) [1s, HWM 0.13 GB]
    E_12: |H|=2 targets 201570 canonical rows 107623 nnz 475259 (obstructed fixed targets cancelled: 0) [2s, HWM 0.13 GB]
    E_23: |H|=1 targets 110180 canonical rows 110180 nnz 424535 (obstructed fixed targets cancelled: 0) [2s, HWM 0.13 GB]
    E_34: |H|=1 targets 185954 canonical rows 185954 nnz 376122 (obstructed fixed targets cancelled: 0) [3s, HWM 0.15 GB]
    E_45: |H|=1 targets 111346 canonical rows 111346 nnz 250633 (obstructed fixed targets cancelled: 0) [3s, HWM 0.15 GB]
  built (11, 8, 6, 2, 2, 1) d10: N_S=250633 |Stab|=2 n_chi=133639 rows=626430 nnz=2086004 (4s: mono 0s orbits 0s rows 3s; HWM 0.15 GB)
    hybrid[per6 11_8_6_2_2_1d10] p=2147483647 attempt 0: |S|=133570 |U|=69 (a=16, excess 53) m=133 blocks 1x69 projected nullity 16, verified=True, rank 16 [split 0.1s trisolve 0.8s schur 0.6s null 0.0s lift 1.4s rank 0.1s]
  per6 (11, 8, 6, 2, 2, 1) d10 p=2147483647: a=16 n_chi=133639 mult=16 units=0 [4.6s]
    hybrid[per6 11_8_6_2_2_1d10] p=2147483629 attempt 0: |S|=133570 |U|=69 (a=16, excess 53) m=133 blocks 1x69 projected nullity 16, verified=True, rank 16 [split 0.1s trisolve 0.3s schur 0.6s null 0.0s lift 1.0s rank 0.1s]
  per6 (11, 8, 6, 2, 2, 1) d10 p=2147483629: a=16 n_chi=133639 mult=16 units=0 [2.8s]
  PER6 RESULT (11, 8, 6, 2, 2, 1) d10: a=16 N_S=250633 n_chi=133639 mult=16 units=0 proved: mult = a at both primes (S_mu not in the ideal over Q) (12.0s, HWM 0.5 GB)

=== rank 152 ((9, 8, 8, 3, 1, 1), 10) N_S 258351 a 1 2026-09-09T03:57:34.682034
      level 1: 25 prefixes
      level 2: 361 prefixes
      level 3: 2493 prefixes
      level 4: 11398 prefixes
      level 5: 37279 prefixes
      level 6: 92002 prefixes
      level 7: 179639 prefixes
      level 8: 245281 prefixes
      level 9: 258351 prefixes
      level 10: 258351 prefixes
  lam=(9, 8, 8, 3, 1, 1): N_S=258351 |Stab|=4 n_chi=52204 (orbits dropped: 25405) [lean, 1s, HWM 0.12 GB]
    E_01: |H|=2 targets 231776 canonical rows 93390 nnz 435136 (obstructed fixed targets cancelled: 11927) [1s, HWM 0.14 GB]
    E_12: |H|=2 targets 243360 canonical rows 98175 nnz 433794 (obstructed fixed targets cancelled: 11104) [2s, HWM 0.14 GB]
    E_23: |H|=2 targets 133835 canonical rows 53226 nnz 234135 (obstructed fixed targets cancelled: 6588) [2s, HWM 0.14 GB]
    E_34: |H|=2 targets 95014 canonical rows 47852 nnz 104408 (obstructed fixed targets cancelled: 0) [3s, HWM 0.14 GB]
    E_45: |H|=2 targets 154057 canonical rows 0 nnz 0 (obstructed fixed targets cancelled: 0) [3s, HWM 0.14 GB]
  built (9, 8, 8, 3, 1, 1) d10: N_S=258351 |Stab|=4 n_chi=52204 rows=292643 nnz=1207473 (4s: mono 0s orbits 1s rows 3s; HWM 0.14 GB)
    hybrid[per6 9_8_8_3_1_1d10] p=2147483647 attempt 0: |S|=52171 |U|=33 (a=1, excess 32) m=97 blocks 1x33 projected nullity 1, verified=True, rank 1 [split 0.0s trisolve 0.1s schur 0.2s null 0.0s lift 0.0s rank 0.0s]
  per6 (9, 8, 8, 3, 1, 1) d10 p=2147483647: a=1 n_chi=52204 mult=1 units=0 [0.5s]
    hybrid[per6 9_8_8_3_1_1d10] p=2147483629 attempt 0: |S|=52171 |U|=33 (a=1, excess 32) m=97 blocks 1x33 projected nullity 1, verified=True, rank 1 [split 0.0s trisolve 0.0s schur 0.2s null 0.0s lift 0.0s rank 0.0s]
  per6 (9, 8, 8, 3, 1, 1) d10 p=2147483629: a=1 n_chi=52204 mult=1 units=0 [0.5s]
  PER6 RESULT (9, 8, 8, 3, 1, 1) d10: a=1 N_S=258351 n_chi=52204 mult=1 units=0 proved: mult = a at both primes (S_mu not in the ideal over Q) (5.5s, HWM 0.16 GB)

=== rank 153 ((10, 9, 5, 4, 1, 1), 10) N_S 261794 a 8 2026-09-09T03:57:40.535026
      level 1: 33 prefixes
      level 2: 453 prefixes
      level 3: 3415 prefixes
      level 4: 16017 prefixes
      level 5: 51527 prefixes
      level 6: 120522 prefixes
      level 7: 210927 prefixes
      level 8: 256472 prefixes
      level 9: 261794 prefixes
      level 10: 261794 prefixes
  lam=(10, 9, 5, 4, 1, 1): N_S=261794 |Stab|=2 n_chi=105698 (orbits dropped: 50398) [lean, 0s, HWM 0.11 GB]
    E_01: |H|=2 targets 239075 canonical rows 96379 nnz 469208 (obstructed fixed targets cancelled: 13357) [1s, HWM 0.14 GB]
    E_12: |H|=2 targets 180081 canonical rows 72094 nnz 335032 (obstructed fixed targets cancelled: 9512) [2s, HWM 0.14 GB]
    E_23: |H|=2 targets 203452 canonical rows 81754 nnz 291446 (obstructed fixed targets cancelled: 6161) [2s, HWM 0.14 GB]
    E_34: |H|=1 targets 83508 canonical rows 82929 nnz 211396 (obstructed fixed targets cancelled: 0) [3s, HWM 0.14 GB]
    E_45: |H|=1 targets 156096 canonical rows 0 nnz 0 (obstructed fixed targets cancelled: 0) [3s, HWM 0.14 GB]
  built (10, 9, 5, 4, 1, 1) d10: N_S=261794 |Stab|=2 n_chi=105698 rows=333156 nnz=1307082 (4s: mono 0s orbits 0s rows 3s; HWM 0.14 GB)
    hybrid[per6 10_9_5_4_1_1d10] p=2147483647 attempt 0: |S|=105615 |U|=83 (a=8, excess 75) m=147 blocks 1x83 projected nullity 8, verified=True, rank 8 [split 0.1s trisolve 0.7s schur 0.3s null 0.0s lift 0.1s rank 0.0s]
  per6 (10, 9, 5, 4, 1, 1) d10 p=2147483647: a=8 n_chi=105698 mult=8 units=0 [1.7s]
    hybrid[per6 10_9_5_4_1_1d10] p=2147483629 attempt 0: |S|=105615 |U|=83 (a=8, excess 75) m=147 blocks 1x83 projected nullity 8, verified=True, rank 8 [split 0.0s trisolve 0.2s schur 0.4s null 0.0s lift 0.1s rank 0.0s]
  per6 (10, 9, 5, 4, 1, 1) d10 p=2147483629: a=8 n_chi=105698 mult=8 units=0 [1.4s]
  PER6 RESULT (10, 9, 5, 4, 1, 1) d10: a=8 N_S=261794 n_chi=105698 mult=8 units=0 proved: mult = a at both primes (S_mu not in the ideal over Q) (7.1s, HWM 0.29 GB)

=== rank 154 ((14, 4, 4, 4, 3, 1), 10) N_S 263039 a 1 2026-09-09T03:57:47.955491
      level 1: 39 prefixes
      level 2: 686 prefixes
      level 3: 7210 prefixes
      level 4: 45373 prefixes
      level 5: 151415 prefixes
      level 6: 245302 prefixes
      level 7: 262742 prefixes
      level 8: 263039 prefixes
      level 9: 263039 prefixes
      level 10: 263039 prefixes
  lam=(14, 4, 4, 4, 3, 1): N_S=263039 |Stab|=6 n_chi=46259 (orbits dropped: 0) [lean, 1s, HWM 0.12 GB]
    E_01: |H|=2 targets 136224 canonical rows 69484 nnz 371172 (obstructed fixed targets cancelled: 0) [1s, HWM 0.12 GB]
    E_12: |H|=1 targets 228089 canonical rows 228089 nnz 716419 (obstructed fixed targets cancelled: 0) [1s, HWM 0.15 GB]
    E_23: |H|=1 targets 228089 canonical rows 228089 nnz 716419 (obstructed fixed targets cancelled: 0) [2s, HWM 0.15 GB]
    E_34: |H|=2 targets 188952 canonical rows 96332 nnz 306126 (obstructed fixed targets cancelled: 0) [3s, HWM 0.15 GB]
    E_45: |H|=6 targets 96961 canonical rows 17457 nnz 46259 (obstructed fixed targets cancelled: 0) [4s, HWM 0.15 GB]
  built (14, 4, 4, 4, 3, 1) d10: N_S=263039 |Stab|=6 n_chi=46259 rows=639451 nnz=2156395 (5s: mono 0s orbits 1s rows 4s; HWM 0.15 GB)
    hybrid[per6 14_4_4_4_3_1d10] p=2147483647 attempt 0: |S|=46254 |U|=5 (a=1, excess 4) m=69 blocks 1x5 projected nullity 1, verified=True, rank 1 [split 0.0s trisolve 0.0s schur 0.1s null 0.0s lift 0.0s rank 0.0s]
  per6 (14, 4, 4, 4, 3, 1) d10 p=2147483647: a=1 n_chi=46259 mult=1 units=0 [0.6s]
    hybrid[per6 14_4_4_4_3_1d10] p=2147483629 attempt 0: |S|=46254 |U|=5 (a=1, excess 4) m=69 blocks 1x5 projected nullity 1, verified=True, rank 1 [split 0.0s trisolve 0.0s schur 0.1s null 0.0s lift 0.0s rank 0.0s]
  per6 (14, 4, 4, 4, 3, 1) d10 p=2147483629: a=1 n_chi=46259 mult=1 units=0 [0.5s]
  PER6 RESULT (14, 4, 4, 4, 3, 1) d10: a=1 N_S=263039 n_chi=46259 mult=1 units=0 proved: mult = a at both primes (S_mu not in the ideal over Q) (6.7s, HWM 0.2 GB)

=== rank 155 ((11, 7, 7, 2, 2, 1), 10) N_S 269022 a 5 2026-09-09T03:57:55.037626
      level 1: 37 prefixes
      level 2: 506 prefixes
      level 3: 3873 prefixes
      level 4: 18219 prefixes
      level 5: 60103 prefixes
      level 6: 148592 prefixes
      level 7: 239567 prefixes
      level 8: 267410 prefixes
      level 9: 269022 prefixes
      level 10: 269022 prefixes
  lam=(11, 7, 7, 2, 2, 1): N_S=269022 |Stab|=4 n_chi=70988 (orbits dropped: 1332) [lean, 1s, HWM 0.12 GB]
    E_01: |H|=2 targets 208520 canonical rows 111327 nnz 554560 (obstructed fixed targets cancelled: 0) [1s, HWM 0.13 GB]
    E_12: |H|=2 targets 250633 canonical rows 133599 nnz 549395 (obstructed fixed targets cancelled: 0) [2s, HWM 0.14 GB]
    E_23: |H|=1 targets 110180 canonical rows 110168 nnz 452392 (obstructed fixed targets cancelled: 0) [2s, HWM 0.14 GB]
    E_34: |H|=2 targets 199532 canonical rows 98766 nnz 200112 (obstructed fixed targets cancelled: 176) [3s, HWM 0.15 GB]
    E_45: |H|=2 targets 119304 canonical rows 59061 nnz 132993 (obstructed fixed targets cancelled: 336) [3s, HWM 0.15 GB]
  built (11, 7, 7, 2, 2, 1) d10: N_S=269022 |Stab|=4 n_chi=70988 rows=512921 nnz=1889452 (4s: mono 0s orbits 1s rows 3s; HWM 0.15 GB)
    hybrid[per6 11_7_7_2_2_1d10] p=2147483647 attempt 0: |S|=70963 |U|=25 (a=5, excess 20) m=89 blocks 1x25 projected nullity 5, verified=True, rank 5 [split 0.0s trisolve 0.2s schur 0.2s null 0.0s lift 0.2s rank 0.0s]
  per6 (11, 7, 7, 2, 2, 1) d10 p=2147483647: a=5 n_chi=70988 mult=5 units=0 [1.1s]
    hybrid[per6 11_7_7_2_2_1d10] p=2147483629 attempt 0: |S|=70963 |U|=25 (a=5, excess 20) m=89 blocks 1x25 projected nullity 5, verified=True, rank 5 [split 0.0s trisolve 0.0s schur 0.2s null 0.0s lift 0.2s rank 0.0s]
  per6 (11, 7, 7, 2, 2, 1) d10 p=2147483629: a=5 n_chi=70988 mult=5 units=0 [0.9s]
  PER6 RESULT (11, 7, 7, 2, 2, 1) d10: a=5 N_S=269022 n_chi=70988 mult=5 units=0 proved: mult = a at both primes (S_mu not in the ideal over Q) (7.0s, HWM 0.24 GB)

=== rank 156 ((13, 7, 4, 2, 2, 2), 10) N_S 270438 a 13 2026-09-09T03:58:02.408017
      level 1: 44 prefixes
      level 2: 790 prefixes
      level 3: 7115 prefixes
      level 4: 35962 prefixes
      level 5: 116169 prefixes
      level 6: 225475 prefixes
      level 7: 267613 prefixes
      level 8: 270438 prefixes
      level 9: 270438 prefixes
      level 10: 270438 prefixes
  lam=(13, 7, 4, 2, 2, 2): N_S=270438 |Stab|=6 n_chi=54319 (orbits dropped: 0) [lean, 1s, HWM 0.12 GB]
    E_01: |H|=6 targets 198878 canonical rows 40240 nnz 205708 (obstructed fixed targets cancelled: 0) [1s, HWM 0.13 GB]
    E_12: |H|=6 targets 180550 canonical rows 36582 nnz 146493 (obstructed fixed targets cancelled: 0) [2s, HWM 0.13 GB]
    E_23: |H|=2 targets 144288 canonical rows 77222 nnz 242434 (obstructed fixed targets cancelled: 0) [3s, HWM 0.13 GB]
    E_34: |H|=1 targets 200673 canonical rows 200673 nnz 406215 (obstructed fixed targets cancelled: 0) [4s, HWM 0.14 GB]
    E_45: |H|=1 targets 200673 canonical rows 200673 nnz 406215 (obstructed fixed targets cancelled: 0) [4s, HWM 0.15 GB]
  built (13, 7, 4, 2, 2, 2) d10: N_S=270438 |Stab|=6 n_chi=54319 rows=555390 nnz=1407065 (6s: mono 0s orbits 1s rows 4s; HWM 0.15 GB)
    hybrid[per6 13_7_4_2_2_2d10] p=2147483647 attempt 0: |S|=54291 |U|=28 (a=13, excess 15) m=92 blocks 1x28 projected nullity 13, verified=True, rank 13 [split 0.0s trisolve 0.1s schur 0.2s null 0.0s lift 0.9s rank 0.0s]
  per6 (13, 7, 4, 2, 2, 2) d10 p=2147483647: a=13 n_chi=54319 mult=13 units=0 [2.0s]
    hybrid[per6 13_7_4_2_2_2d10] p=2147483629 attempt 0: |S|=54291 |U|=28 (a=13, excess 15) m=92 blocks 1x28 projected nullity 13, verified=True, rank 13 [split 0.0s trisolve 0.0s schur 0.2s null 0.0s lift 0.2s rank 0.0s]
  per6 (13, 7, 4, 2, 2, 2) d10 p=2147483629: a=13 n_chi=54319 mult=13 units=0 [1.3s]
  PER6 RESULT (13, 7, 4, 2, 2, 2) d10: a=13 N_S=270438 n_chi=54319 mult=13 units=0 proved: mult = a at both primes (S_mu not in the ideal over Q) (9.3s, HWM 0.35 GB)

=== rank 157 ((10, 9, 6, 2, 2, 1), 10) N_S 274353 a 10 2026-09-09T03:58:12.056349
      level 1: 37 prefixes
      level 2: 522 prefixes
      level 3: 3862 prefixes
      level 4: 17767 prefixes
      level 5: 55303 prefixes
      level 6: 126700 prefixes
      level 7: 220747 prefixes
      level 8: 268632 prefixes
      level 9: 274353 prefixes
      level 10: 274353 prefixes
  lam=(10, 9, 6, 2, 2, 1): N_S=274353 |Stab|=2 n_chi=146188 (orbits dropped: 0) [lean, 0s, HWM 0.11 GB]
    E_01: |H|=2 targets 250633 canonical rows 133639 nnz 653190 (obstructed fixed targets cancelled: 0) [1s, HWM 0.14 GB]
    E_12: |H|=2 targets 210081 canonical rows 112161 nnz 521456 (obstructed fixed targets cancelled: 0) [2s, HWM 0.15 GB]
    E_23: |H|=1 targets 120341 canonical rows 120341 nnz 465130 (obstructed fixed targets cancelled: 0) [3s, HWM 0.15 GB]
    E_34: |H|=1 targets 203452 canonical rows 203452 nnz 412254 (obstructed fixed targets cancelled: 0) [3s, HWM 0.15 GB]
    E_45: |H|=1 targets 121698 canonical rows 121698 nnz 274353 (obstructed fixed targets cancelled: 0) [3s, HWM 0.15 GB]
  built (10, 9, 6, 2, 2, 1) d10: N_S=274353 |Stab|=2 n_chi=146188 rows=691291 nnz=2326383 (4s: mono 0s orbits 0s rows 4s; HWM 0.15 GB)
    hybrid[per6 10_9_6_2_2_1d10] p=2147483647 attempt 0: |S|=146105 |U|=83 (a=10, excess 73) m=147 blocks 1x83 projected nullity 10, verified=True, rank 10 [split 0.1s trisolve 0.7s schur 0.8s null 0.0s lift 0.9s rank 0.0s]
  per6 (10, 9, 6, 2, 2, 1) d10 p=2147483647: a=10 n_chi=146188 mult=10 units=0 [3.3s]
    hybrid[per6 10_9_6_2_2_1d10] p=2147483629 attempt 0: |S|=146105 |U|=83 (a=10, excess 73) m=147 blocks 1x83 projected nullity 10, verified=True, rank 10 [split 0.1s trisolve 0.4s schur 0.7s null 0.0s lift 0.3s rank 0.1s]
  per6 (10, 9, 6, 2, 2, 1) d10 p=2147483629: a=10 n_chi=146188 mult=10 units=0 [2.3s]
  PER6 RESULT (10, 9, 6, 2, 2, 1) d10: a=10 N_S=274353 n_chi=146188 mult=10 units=0 proved: mult = a at both primes (S_mu not in the ideal over Q) (10.4s, HWM 0.42 GB)

=== rank 158 ((11, 7, 6, 4, 1, 1), 10) N_S 280477 a 10 2026-09-09T03:58:22.888315
      level 1: 33 prefixes
      level 2: 435 prefixes
      level 3: 3474 prefixes
      level 4: 17558 prefixes
      level 5: 61313 prefixes
      level 6: 154802 prefixes
      level 7: 250192 prefixes
      level 8: 278882 prefixes
      level 9: 280477 prefixes
      level 10: 280477 prefixes
  lam=(11, 7, 6, 4, 1, 1): N_S=280477 |Stab|=2 n_chi=113395 (orbits dropped: 53687) [lean, 0s, HWM 0.12 GB]
    E_01: |H|=2 targets 216994 canonical rows 87274 nnz 440046 (obstructed fixed targets cancelled: 13185) [1s, HWM 0.14 GB]
    E_12: |H|=2 targets 239075 canonical rows 96379 nnz 404246 (obstructed fixed targets cancelled: 9847) [2s, HWM 0.14 GB]
    E_23: |H|=2 targets 199532 canonical rows 80228 nnz 312571 (obstructed fixed targets cancelled: 7173) [3s, HWM 0.14 GB]
    E_34: |H|=1 targets 89306 canonical rows 88701 nnz 226790 (obstructed fixed targets cancelled: 0) [3s, HWM 0.14 GB]
    E_45: |H|=1 targets 167082 canonical rows 0 nnz 0 (obstructed fixed targets cancelled: 0) [3s, HWM 0.14 GB]
  built (11, 7, 6, 4, 1, 1) d10: N_S=280477 |Stab|=2 n_chi=113395 rows=352582 nnz=1383653 (4s: mono 0s orbits 0s rows 3s; HWM 0.14 GB)
    hybrid[per6 11_7_6_4_1_1d10] p=2147483647 attempt 0: |S|=113317 |U|=78 (a=10, excess 68) m=142 blocks 1x78 projected nullity 10, verified=True, rank 10 [split 0.1s trisolve 0.7s schur 0.3s null 0.0s lift 0.1s rank 0.0s]
  per6 (11, 7, 6, 4, 1, 1) d10 p=2147483647: a=10 n_chi=113395 mult=10 units=0 [2.0s]
    hybrid[per6 11_7_6_4_1_1d10] p=2147483629 attempt 0: |S|=113317 |U|=78 (a=10, excess 68) m=142 blocks 1x78 projected nullity 10, verified=True, rank 10 [split 0.1s trisolve 0.5s schur 0.3s null 0.0s lift 0.1s rank 0.0s]
  per6 (11, 7, 6, 4, 1, 1) d10 p=2147483629: a=10 n_chi=113395 mult=10 units=0 [1.6s]
  PER6 RESULT (11, 7, 6, 4, 1, 1) d10: a=10 N_S=280477 n_chi=113395 mult=10 units=0 proved: mult = a at both primes (S_mu not in the ideal over Q) (8.0s, HWM 0.3 GB)

=== rank 159 ((13, 6, 4, 4, 2, 1), 10) N_S 280988 a 13 2026-09-09T03:58:31.236985
      level 1: 38 prefixes
      level 2: 656 prefixes
      level 3: 6034 prefixes
      level 4: 33539 prefixes
      level 5: 118194 prefixes
      level 6: 234174 prefixes
      level 7: 278114 prefixes
      level 8: 280988 prefixes
      level 9: 280988 prefixes
      level 10: 280988 prefixes
  lam=(13, 6, 4, 4, 2, 1): N_S=280988 |Stab|=2 n_chi=143079 (orbits dropped: 0) [lean, 0s, HWM 0.12 GB]
    E_01: |H|=2 targets 188952 canonical rows 96332 nnz 512597 (obstructed fixed targets cancelled: 0) [1s, HWM 0.13 GB]
    E_12: |H|=1 targets 200673 canonical rows 200673 nnz 783222 (obstructed fixed targets cancelled: 0) [2s, HWM 0.15 GB]
    E_23: |H|=1 targets 243388 canonical rows 243388 nnz 766261 (obstructed fixed targets cancelled: 0) [3s, HWM 0.16 GB]
    E_34: |H|=1 targets 149715 canonical rows 149715 nnz 477042 (obstructed fixed targets cancelled: 0) [3s, HWM 0.16 GB]
    E_45: |H|=2 targets 124486 canonical rows 63739 nnz 143079 (obstructed fixed targets cancelled: 0) [4s, HWM 0.16 GB]
  built (13, 6, 4, 4, 2, 1) d10: N_S=280988 |Stab|=2 n_chi=143079 rows=753847 nnz=2682201 (4s: mono 0s orbits 0s rows 4s; HWM 0.18 GB)
    hybrid[per6 13_6_4_4_2_1d10] p=2147483647 attempt 0: |S|=143048 |U|=31 (a=13, excess 18) m=95 blocks 1x31 projected nullity 13, verified=True, rank 13 [split 0.1s trisolve 0.4s schur 0.4s null 0.0s lift 1.7s rank 0.1s]
  per6 (13, 6, 4, 4, 2, 1) d10 p=2147483647: a=13 n_chi=143079 mult=13 units=0 [3.8s]
    hybrid[per6 13_6_4_4_2_1d10] p=2147483629 attempt 0: |S|=143048 |U|=31 (a=13, excess 18) m=95 blocks 1x31 projected nullity 13, verified=True, rank 13 [split 0.1s trisolve 0.1s schur 0.4s null 0.0s lift 1.2s rank 0.1s]
  per6 (13, 6, 4, 4, 2, 1) d10 p=2147483629: a=13 n_chi=143079 mult=13 units=0 [2.6s]
  PER6 RESULT (13, 6, 4, 4, 2, 1) d10: a=13 N_S=280988 n_chi=143079 mult=13 units=0 proved: mult = a at both primes (S_mu not in the ideal over Q) (11.6s, HWM 0.53 GB)

=== rank 160 ((11, 9, 4, 3, 2, 1), 10) N_S 281442 a 15 2026-09-09T03:58:43.151310
      level 1: 40 prefixes
      level 2: 621 prefixes
      level 3: 5041 prefixes
      level 4: 24014 prefixes
      level 5: 72760 prefixes
      level 6: 161322 prefixes
      level 7: 251666 prefixes
      level 8: 279829 prefixes
      level 9: 281442 prefixes
      level 10: 281442 prefixes
  lam=(11, 9, 4, 3, 2, 1): N_S=281442 |Stab|=1 n_chi=281442 (orbits dropped: 0) [lean, 0s, HWM 0.12 GB]
    E_01: |H|=1 targets 248419 canonical rows 248419 nnz 1273626 (obstructed fixed targets cancelled: 0) [1s, HWM 0.18 GB]
    E_12: |H|=1 targets 168083 canonical rows 168083 nnz 784977 (obstructed fixed targets cancelled: 0) [2s, HWM 0.18 GB]
    E_23: |H|=1 targets 201570 canonical rows 201570 nnz 645895 (obstructed fixed targets cancelled: 0) [2s, HWM 0.18 GB]
    E_34: |H|=1 targets 172790 canonical rows 172790 nnz 477667 (obstructed fixed targets cancelled: 0) [3s, HWM 0.18 GB]
    E_45: |H|=1 targets 124692 canonical rows 124692 nnz 281442 (obstructed fixed targets cancelled: 0) [3s, HWM 0.18 GB]
  built (11, 9, 4, 3, 2, 1) d10: N_S=281442 |Stab|=1 n_chi=281442 rows=915554 nnz=3463607 (4s: mono 1s orbits 0s rows 3s; HWM 0.19 GB)
    hybrid[per6 11_9_4_3_2_1d10] p=2147483647 attempt 0: |S|=281349 |U|=93 (a=15, excess 78) m=157 blocks 1x93 projected nullity 15, verified=True, rank 15 [split 0.1s trisolve 2.1s schur 1.1s null 0.0s lift 1.3s rank 0.2s]
  per6 (11, 9, 4, 3, 2, 1) d10 p=2147483647: a=15 n_chi=281442 mult=15 units=0 [7.0s]
    hybrid[per6 11_9_4_3_2_1d10] p=2147483629 attempt 0: |S|=281349 |U|=93 (a=15, excess 78) m=157 blocks 1x93 projected nullity 15, verified=True, rank 15 [split 0.1s trisolve 1.2s schur 1.1s null 0.0s lift 0.8s rank 0.2s]
  per6 (11, 9, 4, 3, 2, 1) d10 p=2147483629: a=15 n_chi=281442 mult=15 units=0 [4.5s]
  PER6 RESULT (11, 9, 4, 3, 2, 1) d10: a=15 N_S=281442 n_chi=281442 mult=15 units=0 proved: mult = a at both primes (S_mu not in the ideal over Q) (16.4s, HWM 0.78 GB)

=== rank 161 ((10, 10, 4, 3, 2, 1), 10) N_S 293449 a 5 2026-09-09T03:58:59.906272
      level 1: 39 prefixes
      level 2: 601 prefixes
      level 3: 4738 prefixes
      level 4: 21729 prefixes
      level 5: 65371 prefixes
      level 6: 141176 prefixes
      level 7: 237814 prefixes
      level 8: 287455 prefixes
      level 9: 293449 prefixes
      level 10: 293449 prefixes
  lam=(10, 10, 4, 3, 2, 1): N_S=293449 |Stab|=2 n_chi=147252 (orbits dropped: 0) [lean, 0s, HWM 0.14 GB]
    E_01: |H|=1 targets 281442 canonical rows 281442 nnz 1396164 (obstructed fixed targets cancelled: 0) [1s, HWM 0.19 GB]
    E_12: |H|=1 targets 168083 canonical rows 168083 nnz 819012 (obstructed fixed targets cancelled: 0) [2s, HWM 0.19 GB]
    E_23: |H|=2 targets 210081 canonical rows 105475 nnz 337729 (obstructed fixed targets cancelled: 0) [3s, HWM 0.19 GB]
    E_34: |H|=2 targets 180081 canonical rows 90398 nnz 249692 (obstructed fixed targets cancelled: 0) [3s, HWM 0.19 GB]
    E_45: |H|=2 targets 129959 canonical rows 65324 nnz 147252 (obstructed fixed targets cancelled: 0) [4s, HWM 0.19 GB]
  built (10, 10, 4, 3, 2, 1) d10: N_S=293449 |Stab|=2 n_chi=147252 rows=710722 nnz=2949849 (5s: mono 1s orbits 0s rows 4s; HWM 0.19 GB)
    hybrid[per6 10_10_4_3_2_1d10] p=2147483647 attempt 0: |S|=147202 |U|=50 (a=5, excess 45) m=114 blocks 1x50 projected nullity 5, verified=True, rank 5 [split 0.1s trisolve 0.6s schur 0.6s null 0.0s lift 0.1s rank 0.0s]
  per6 (10, 10, 4, 3, 2, 1) d10 p=2147483647: a=5 n_chi=147252 mult=5 units=0 [2.1s]
    hybrid[per6 10_10_4_3_2_1d10] p=2147483629 attempt 0: |S|=147202 |U|=50 (a=5, excess 45) m=114 blocks 1x50 projected nullity 5, verified=True, rank 5 [split 0.1s trisolve 0.3s schur 0.6s null 0.0s lift 0.2s rank 0.0s]
  per6 (10, 10, 4, 3, 2, 1) d10 p=2147483629: a=5 n_chi=147252 mult=5 units=0 [1.8s]
  PER6 RESULT (10, 10, 4, 3, 2, 1) d10: a=5 N_S=293449 n_chi=147252 mult=5 units=0 proved: mult = a at both primes (S_mu not in the ideal over Q) (9.3s, HWM 0.37 GB)

=== rank 162 ((12, 8, 3, 3, 3, 1), 10) N_S 300517 a 1 2026-09-09T03:59:09.540780
      level 1: 41 prefixes
      level 2: 679 prefixes
      level 3: 5975 prefixes
      level 4: 30470 prefixes
      level 5: 96116 prefixes
      level 6: 210785 prefixes
      level 7: 288018 prefixes
      level 8: 300302 prefixes
      level 9: 300517 prefixes
      level 10: 300517 prefixes
  lam=(12, 8, 3, 3, 3, 1): N_S=300517 |Stab|=6 n_chi=45543 (orbits dropped: 9257) [lean, 1s, HWM 0.12 GB]
    E_01: |H|=6 targets 242445 canonical rows 36648 nnz 189137 (obstructed fixed targets cancelled: 13434) [2s, HWM 0.14 GB]
    E_12: |H|=2 targets 156066 canonical rows 75242 nnz 312252 (obstructed fixed targets cancelled: 2575) [2s, HWM 0.14 GB]
    E_23: |H|=1 targets 248419 canonical rows 245829 nnz 582081 (obstructed fixed targets cancelled: 0) [3s, HWM 0.15 GB]
    E_34: |H|=1 targets 248419 canonical rows 245829 nnz 582081 (obstructed fixed targets cancelled: 0) [4s, HWM 0.16 GB]
    E_45: |H|=2 targets 110300 canonical rows 52843 nnz 135478 (obstructed fixed targets cancelled: 1081) [4s, HWM 0.16 GB]
  built (12, 8, 3, 3, 3, 1) d10: N_S=300517 |Stab|=6 n_chi=45543 rows=656391 nnz=1801029 (6s: mono 0s orbits 1s rows 4s; HWM 0.16 GB)
    hybrid[per6 12_8_3_3_3_1d10] p=2147483647 attempt 0: |S|=45537 |U|=6 (a=1, excess 5) m=70 blocks 1x6 projected nullity 1, verified=True, rank 1 [split 0.0s trisolve 0.0s schur 0.1s null 0.0s lift 0.1s rank 0.0s]
  per6 (12, 8, 3, 3, 3, 1) d10 p=2147483647: a=1 n_chi=45543 mult=1 units=0 [0.6s]
    hybrid[per6 12_8_3_3_3_1d10] p=2147483629 attempt 0: |S|=45537 |U|=6 (a=1, excess 5) m=70 blocks 1x6 projected nullity 1, verified=True, rank 1 [split 0.0s trisolve 0.0s schur 0.1s null 0.0s lift 0.0s rank 0.0s]
  per6 (12, 8, 3, 3, 3, 1) d10 p=2147483629: a=1 n_chi=45543 mult=1 units=0 [0.5s]
  PER6 RESULT (12, 8, 3, 3, 3, 1) d10: a=1 N_S=300517 n_chi=45543 mult=1 units=0 proved: mult = a at both primes (S_mu not in the ideal over Q) (7.4s, HWM 0.19 GB)

=== rank 163 ((14, 5, 4, 3, 2, 2), 10) N_S 307453 a 4 2026-09-09T03:59:17.334438
      level 1: 43 prefixes
      level 2: 869 prefixes
      level 3: 9009 prefixes
      level 4: 53993 prefixes
      level 5: 177052 prefixes
      level 6: 286750 prefixes
      level 7: 307109 prefixes
      level 8: 307453 prefixes
      level 9: 307453 prefixes
      level 10: 307453 prefixes
  lam=(14, 5, 4, 3, 2, 2): N_S=307453 |Stab|=2 n_chi=163588 (orbits dropped: 0) [lean, 0s, HWM 0.13 GB]
    E_01: |H|=2 targets 183171 canonical rows 97848 nnz 522025 (obstructed fixed targets cancelled: 0) [1s, HWM 0.13 GB]
    E_12: |H|=2 targets 239923 canonical rows 127889 nnz 451721 (obstructed fixed targets cancelled: 0) [2s, HWM 0.15 GB]
    E_23: |H|=2 targets 220749 canonical rows 117822 nnz 372804 (obstructed fixed targets cancelled: 0) [3s, HWM 0.15 GB]
    E_34: |H|=1 targets 188952 canonical rows 188952 nnz 522551 (obstructed fixed targets cancelled: 0) [3s, HWM 0.15 GB]
    E_45: |H|=1 targets 228089 canonical rows 228089 nnz 463550 (obstructed fixed targets cancelled: 0) [4s, HWM 0.17 GB]
  built (14, 5, 4, 3, 2, 2) d10: N_S=307453 |Stab|=2 n_chi=163588 rows=760600 nnz=2332651 (5s: mono 0s orbits 0s rows 4s; HWM 0.17 GB)
    hybrid[per6 14_5_4_3_2_2d10] p=2147483647 attempt 0: |S|=163552 |U|=36 (a=4, excess 32) m=100 blocks 1x36 projected nullity 4, verified=True, rank 4 [split 0.1s trisolve 0.4s schur 0.3s null 0.0s lift 0.1s rank 0.0s]
  per6 (14, 5, 4, 3, 2, 2) d10 p=2147483647: a=4 n_chi=163588 mult=4 units=0 [1.5s]
    hybrid[per6 14_5_4_3_2_2d10] p=2147483629 attempt 0: |S|=163552 |U|=36 (a=4, excess 32) m=100 blocks 1x36 projected nullity 4, verified=True, rank 4 [split 0.1s trisolve 0.3s schur 0.4s null 0.0s lift 0.1s rank 0.0s]
  per6 (14, 5, 4, 3, 2, 2) d10 p=2147483629: a=4 n_chi=163588 mult=4 units=0 [1.7s]
  PER6 RESULT (14, 5, 4, 3, 2, 2) d10: a=4 N_S=307453 n_chi=163588 mult=4 units=0 proved: mult = a at both primes (S_mu not in the ideal over Q) (9.0s, HWM 0.33 GB)

=== rank 164 ((11, 7, 5, 5, 1, 1), 10) N_S 312627 a 7 2026-09-09T03:59:26.717564
      level 1: 33 prefixes
      level 2: 438 prefixes
      level 3: 3553 prefixes
      level 4: 18526 prefixes
      level 5: 67024 prefixes
      level 6: 172091 prefixes
      level 7: 279078 prefixes
      level 8: 310901 prefixes
      level 9: 312627 prefixes
      level 10: 312627 prefixes
  lam=(11, 7, 5, 5, 1, 1): N_S=312627 |Stab|=4 n_chi=63097 (orbits dropped: 31247) [lean, 1s, HWM 0.12 GB]
    E_01: |H|=4 targets 241557 canonical rows 48524 nnz 244830 (obstructed fixed targets cancelled: 15304) [1s, HWM 0.14 GB]
    E_12: |H|=2 targets 239075 canonical rows 96372 nnz 401892 (obstructed fixed targets cancelled: 9847) [2s, HWM 0.14 GB]
    E_23: |H|=2 targets 280477 canonical rows 113362 nnz 395468 (obstructed fixed targets cancelled: 8250) [3s, HWM 0.15 GB]
    E_34: |H|=1 targets 89306 canonical rows 89303 nnz 251442 (obstructed fixed targets cancelled: 0) [4s, HWM 0.15 GB]
    E_45: |H|=2 targets 185816 canonical rows 0 nnz 0 (obstructed fixed targets cancelled: 473) [4s, HWM 0.15 GB]
  built (11, 7, 5, 5, 1, 1) d10: N_S=312627 |Stab|=4 n_chi=63097 rows=347561 nnz=1293632 (5s: mono 0s orbits 1s rows 4s; HWM 0.15 GB)
    hybrid[per6 11_7_5_5_1_1d10] p=2147483647 attempt 0: |S|=63066 |U|=31 (a=7, excess 24) m=95 blocks 1x31 projected nullity 7, verified=True, rank 7 [split 0.0s trisolve 0.2s schur 0.2s null 0.0s lift 0.2s rank 0.0s]
  per6 (11, 7, 5, 5, 1, 1) d10 p=2147483647: a=7 n_chi=63097 mult=7 units=0 [1.1s]
    hybrid[per6 11_7_5_5_1_1d10] p=2147483629 attempt 0: |S|=63066 |U|=31 (a=7, excess 24) m=95 blocks 1x31 projected nullity 7, verified=True, rank 7 [split 0.0s trisolve 0.0s schur 0.2s null 0.0s lift 0.1s rank 0.0s]
  per6 (11, 7, 5, 5, 1, 1) d10 p=2147483629: a=7 n_chi=63097 mult=7 units=0 [0.8s]
  PER6 RESULT (11, 7, 5, 5, 1, 1) d10: a=7 N_S=312627 n_chi=63097 mult=7 units=0 proved: mult = a at both primes (S_mu not in the ideal over Q) (7.5s, HWM 0.21 GB)

=== rank 165 ((13, 5, 5, 4, 2, 1), 10) N_S 312722 a 6 2026-09-09T03:59:34.534360
      level 1: 38 prefixes
      level 2: 613 prefixes
      level 3: 5891 prefixes
      level 4: 34660 prefixes
      level 5: 129533 prefixes
      level 6: 260470 prefixes
      level 7: 309573 prefixes
      level 8: 312722 prefixes
      level 9: 312722 prefixes
      level 10: 312722 prefixes
  lam=(13, 5, 5, 4, 2, 1): N_S=312722 |Stab|=2 n_chi=154513 (orbits dropped: 3696) [lean, 0s, HWM 0.13 GB]
    E_01: |H|=1 targets 188952 canonical rows 188915 nnz 1000699 (obstructed fixed targets cancelled: 0) [1s, HWM 0.16 GB]
    E_12: |H|=1 targets 280988 canonical rows 280826 nnz 981309 (obstructed fixed targets cancelled: 0) [2s, HWM 0.19 GB]
    E_23: |H|=1 targets 243388 canonical rows 243320 nnz 864464 (obstructed fixed targets cancelled: 0) [3s, HWM 0.19 GB]
    E_34: |H|=2 targets 166357 canonical rows 82121 nnz 262130 (obstructed fixed targets cancelled: 823) [3s, HWM 0.19 GB]
    E_45: |H|=2 targets 138170 canonical rows 67981 nnz 153992 (obstructed fixed targets cancelled: 521) [4s, HWM 0.19 GB]
  built (13, 5, 5, 4, 2, 1) d10: N_S=312722 |Stab|=2 n_chi=154513 rows=863163 nnz=3262594 (5s: mono 0s orbits 0s rows 4s; HWM 0.19 GB)
    hybrid[per6 13_5_5_4_2_1d10] p=2147483647 attempt 0: |S|=154481 |U|=32 (a=6, excess 26) m=96 blocks 1x32 projected nullity 6, verified=True, rank 6 [split 0.1s trisolve 0.4s schur 0.4s null 0.0s lift 0.3s rank 0.0s]
  per6 (13, 5, 5, 4, 2, 1) d10 p=2147483647: a=6 n_chi=154513 mult=6 units=0 [2.1s]
    hybrid[per6 13_5_5_4_2_1d10] p=2147483629 attempt 0: |S|=154481 |U|=32 (a=6, excess 26) m=96 blocks 1x32 projected nullity 6, verified=True, rank 6 [split 0.1s trisolve 0.1s schur 0.5s null 0.0s lift 0.9s rank 0.0s]
  per6 (13, 5, 5, 4, 2, 1) d10 p=2147483629: a=6 n_chi=154513 mult=6 units=0 [2.3s]
  PER6 RESULT (13, 5, 5, 4, 2, 1) d10: a=6 N_S=312722 n_chi=154513 mult=6 units=0 proved: mult = a at both primes (S_mu not in the ideal over Q) (10.0s, HWM 0.4 GB)

=== rank 166 ((10, 8, 7, 2, 2, 1), 10) N_S 312789 a 8 2026-09-09T03:59:44.831677
      level 1: 37 prefixes
      level 2: 497 prefixes
      level 3: 3697 prefixes
      level 4: 17459 prefixes
      level 5: 56885 prefixes
      level 6: 138749 prefixes
      level 7: 250130 prefixes
      level 8: 306211 prefixes
      level 9: 312789 prefixes
      level 10: 312789 prefixes
  lam=(10, 8, 7, 2, 2, 1): N_S=312789 |Stab|=2 n_chi=166481 (orbits dropped: 0) [lean, 0s, HWM 0.12 GB]
    E_01: |H|=2 targets 269022 canonical rows 143308 nnz 703005 (obstructed fixed targets cancelled: 0) [1s, HWM 0.15 GB]
    E_12: |H|=2 targets 274353 canonical rows 146188 nnz 653190 (obstructed fixed targets cancelled: 0) [2s, HWM 0.16 GB]
    E_23: |H|=1 targets 127608 canonical rows 127608 nnz 531130 (obstructed fixed targets cancelled: 0) [3s, HWM 0.16 GB]
    E_34: |H|=1 targets 231776 canonical rows 231776 nnz 471082 (obstructed fixed targets cancelled: 0) [4s, HWM 0.16 GB]
    E_45: |H|=1 targets 138386 canonical rows 138386 nnz 312789 (obstructed fixed targets cancelled: 0) [4s, HWM 0.16 GB]
  built (10, 8, 7, 2, 2, 1) d10: N_S=312789 |Stab|=2 n_chi=166481 rows=787266 nnz=2671196 (5s: mono 0s orbits 0s rows 4s; HWM 0.17 GB)
    hybrid[per6 10_8_7_2_2_1d10] p=2147483647 attempt 0: |S|=166389 |U|=92 (a=8, excess 84) m=156 blocks 1x92 projected nullity 8, verified=True, rank 8 [split 0.1s trisolve 1.3s schur 0.9s null 0.0s lift 0.2s rank 0.0s]
  per6 (10, 8, 7, 2, 2, 1) d10 p=2147483647: a=8 n_chi=166481 mult=8 units=0 [3.8s]
    hybrid[per6 10_8_7_2_2_1d10] p=2147483629 attempt 0: |S|=166389 |U|=92 (a=8, excess 84) m=156 blocks 1x92 projected nullity 8, verified=True, rank 8 [split 0.1s trisolve 1.2s schur 0.9s null 0.0s lift 0.8s rank 0.0s]
  per6 (10, 8, 7, 2, 2, 1) d10 p=2147483629: a=8 n_chi=166481 mult=8 units=0 [3.8s]
  PER6 RESULT (10, 8, 7, 2, 2, 1) d10: a=8 N_S=312789 n_chi=166481 mult=8 units=0 proved: mult = a at both primes (S_mu not in the ideal over Q) (13.0s, HWM 0.47 GB)

=== rank 167 ((12, 7, 5, 3, 2, 1), 10) N_S 324228 a 22 2026-09-09T03:59:58.183534
      level 1: 38 prefixes
      level 2: 631 prefixes
      level 3: 5469 prefixes
      level 4: 28787 prefixes
      level 5: 98791 prefixes
      level 6: 226066 prefixes
      level 7: 310751 prefixes
      level 8: 323998 prefixes
      level 9: 324228 prefixes
      level 10: 324228 prefixes
  lam=(12, 7, 5, 3, 2, 1): N_S=324228 |Stab|=1 n_chi=324228 (orbits dropped: 0) [lean, 0s, HWM 0.12 GB]
    E_01: |H|=1 targets 243388 canonical rows 243388 nnz 1286889 (obstructed fixed targets cancelled: 0) [1s, HWM 0.17 GB]
    E_12: |H|=1 targets 248419 canonical rows 248419 nnz 1051295 (obstructed fixed targets cancelled: 0) [2s, HWM 0.18 GB]
    E_23: |H|=1 targets 208520 canonical rows 208520 nnz 746231 (obstructed fixed targets cancelled: 0) [3s, HWM 0.18 GB]
    E_34: |H|=1 targets 198760 canonical rows 198760 nnz 551469 (obstructed fixed targets cancelled: 0) [3s, HWM 0.18 GB]
    E_45: |H|=1 targets 143176 canonical rows 143176 nnz 324228 (obstructed fixed targets cancelled: 0) [4s, HWM 0.18 GB]
  built (12, 7, 5, 3, 2, 1) d10: N_S=324228 |Stab|=1 n_chi=324228 rows=1042263 nnz=3960112 (5s: mono 0s orbits 0s rows 4s; HWM 0.21 GB)
    hybrid[per6 12_7_5_3_2_1d10] p=2147483647 attempt 0: |S|=324123 |U|=105 (a=22, excess 83) m=169 blocks 1x105 projected nullity 22, verified=True, rank 22 [split 0.1s trisolve 2.7s schur 1.5s null 0.0s lift 2.5s rank 0.3s]
  per6 (12, 7, 5, 3, 2, 1) d10 p=2147483647: a=22 n_chi=324228 mult=22 units=0 [9.5s]
    hybrid[per6 12_7_5_3_2_1d10] p=2147483629 attempt 0: |S|=324123 |U|=105 (a=22, excess 83) m=169 blocks 1x105 projected nullity 22, verified=True, rank 22 [split 0.1s trisolve 1.5s schur 1.4s null 0.0s lift 2.5s rank 0.3s]
  per6 (12, 7, 5, 3, 2, 1) d10 p=2147483629: a=22 n_chi=324228 mult=22 units=0 [7.9s]
  PER6 RESULT (12, 7, 5, 3, 2, 1) d10: a=22 N_S=324228 n_chi=324228 mult=22 units=0 proved: mult = a at both primes (S_mu not in the ideal over Q) (23.2s, HWM 0.99 GB)

=== rank 168 ((10, 8, 6, 4, 1, 1), 10) N_S 326381 a 9 2026-09-09T04:00:21.694956
      level 1: 33 prefixes
      level 2: 431 prefixes
      level 3: 3354 prefixes
      level 4: 16704 prefixes
      level 5: 57329 prefixes
      level 6: 144027 prefixes
      level 7: 261401 prefixes
      level 8: 319751 prefixes
      level 9: 326381 prefixes
      level 10: 326381 prefixes
  lam=(10, 8, 6, 4, 1, 1): N_S=326381 |Stab|=2 n_chi=132226 (orbits dropped: 61929) [lean, 0s, HWM 0.12 GB]
    E_01: |H|=2 targets 280477 canonical rows 113395 nnz 556672 (obstructed fixed targets cancelled: 15513) [1s, HWM 0.14 GB]
    E_12: |H|=2 targets 261794 canonical rows 105698 nnz 473053 (obstructed fixed targets cancelled: 12068) [2s, HWM 0.16 GB]
    E_23: |H|=2 targets 231776 canonical rows 93390 nnz 365817 (obstructed fixed targets cancelled: 8259) [3s, HWM 0.16 GB]
    E_34: |H|=1 targets 103511 canonical rows 102823 nnz 264452 (obstructed fixed targets cancelled: 0) [4s, HWM 0.16 GB]
    E_45: |H|=1 targets 194155 canonical rows 0 nnz 0 (obstructed fixed targets cancelled: 0) [4s, HWM 0.16 GB]
  built (10, 8, 6, 4, 1, 1) d10: N_S=326381 |Stab|=2 n_chi=132226 rows=415306 nnz=1659994 (5s: mono 0s orbits 0s rows 4s; HWM 0.16 GB)
    hybrid[per6 10_8_6_4_1_1d10] p=2147483647 attempt 0: |S|=132123 |U|=103 (a=9, excess 94) m=167 blocks 1x103 projected nullity 9, verified=True, rank 9 [split 0.1s trisolve 1.1s schur 0.6s null 0.0s lift 0.1s rank 0.0s]
  per6 (10, 8, 6, 4, 1, 1) d10 p=2147483647: a=9 n_chi=132226 mult=9 units=0 [2.6s]
    hybrid[per6 10_8_6_4_1_1d10] p=2147483629 attempt 0: |S|=132123 |U|=103 (a=9, excess 94) m=167 blocks 1x103 projected nullity 9, verified=True, rank 9 [split 0.1s trisolve 0.8s schur 0.6s null 0.0s lift 0.1s rank 0.0s]
  per6 (10, 8, 6, 4, 1, 1) d10 p=2147483629: a=9 n_chi=132226 mult=9 units=0 [2.3s]
  PER6 RESULT (10, 8, 6, 4, 1, 1) d10: a=9 N_S=326381 n_chi=132226 mult=9 units=0 proved: mult = a at both primes (S_mu not in the ideal over Q) (10.2s, HWM 0.39 GB)

=== rank 169 ((13, 7, 3, 3, 2, 2), 10) N_S 326926 a 2 2026-09-09T04:00:32.258414
      level 1: 45 prefixes
      level 2: 844 prefixes
      level 3: 8051 prefixes
      level 4: 42447 prefixes
      level 5: 139702 prefixes
      level 6: 272811 prefixes
      level 7: 323632 prefixes
      level 8: 326926 prefixes
      level 9: 326926 prefixes
      level 10: 326926 prefixes
  lam=(13, 7, 3, 3, 2, 2): N_S=326926 |Stab|=4 n_chi=83684 (orbits dropped: 6493) [lean, 1s, HWM 0.12 GB]
    E_01: |H|=4 targets 239923 canonical rows 61382 nnz 322890 (obstructed fixed targets cancelled: 6003) [1s, HWM 0.14 GB]
    E_12: |H|=2 targets 180550 canonical rows 96522 nnz 382183 (obstructed fixed targets cancelled: 0) [2s, HWM 0.14 GB]
    E_23: |H|=2 targets 270438 canonical rows 142896 nnz 352385 (obstructed fixed targets cancelled: 0) [3s, HWM 0.15 GB]
    E_34: |H|=1 targets 200673 canonical rows 200491 nnz 537018 (obstructed fixed targets cancelled: 0) [4s, HWM 0.15 GB]
    E_45: |H|=2 targets 242445 canonical rows 116409 nnz 236844 (obstructed fixed targets cancelled: 702) [5s, HWM 0.16 GB]
  built (13, 7, 3, 3, 2, 2) d10: N_S=326926 |Stab|=4 n_chi=83684 rows=617700 nnz=1831320 (6s: mono 0s orbits 1s rows 5s; HWM 0.16 GB)
    hybrid[per6 13_7_3_3_2_2d10] p=2147483647 attempt 0: |S|=83675 |U|=9 (a=2, excess 7) m=73 blocks 1x9 projected nullity 2, verified=True, rank 2 [split 0.0s trisolve 0.0s schur 0.1s null 0.0s lift 0.1s rank 0.0s]
  per6 (13, 7, 3, 3, 2, 2) d10 p=2147483647: a=2 n_chi=83684 mult=2 units=0 [0.8s]
    hybrid[per6 13_7_3_3_2_2d10] p=2147483629 attempt 0: |S|=83675 |U|=9 (a=2, excess 7) m=73 blocks 1x9 projected nullity 2, verified=True, rank 2 [split 0.0s trisolve 0.0s schur 0.1s null 0.0s lift 0.1s rank 0.0s]
  per6 (13, 7, 3, 3, 2, 2) d10 p=2147483629: a=2 n_chi=83684 mult=2 units=0 [0.7s]
  PER6 RESULT (13, 7, 3, 3, 2, 2) d10: a=2 N_S=326926 n_chi=83684 mult=2 units=0 proved: mult = a at both primes (S_mu not in the ideal over Q) (8.2s, HWM 0.2 GB)

=== rank 170 ((13, 6, 5, 2, 2, 2), 10) N_S 328327 a 9 2026-09-09T04:00:40.877364
      level 1: 42 prefixes
      level 2: 778 prefixes
      level 3: 7220 prefixes
      level 4: 39435 prefixes
      level 5: 137973 prefixes
      level 6: 273524 prefixes
      level 7: 324958 prefixes
      level 8: 328327 prefixes
      level 9: 328327 prefixes
      level 10: 328327 prefixes
  lam=(13, 6, 5, 2, 2, 2): N_S=328327 |Stab|=6 n_chi=65626 (orbits dropped: 0) [lean, 1s, HWM 0.14 GB]
    E_01: |H|=6 targets 220749 canonical rows 44449 nnz 229065 (obstructed fixed targets cancelled: 0) [1s, HWM 0.14 GB]
    E_12: |H|=6 targets 270438 canonical rows 54319 nnz 205708 (obstructed fixed targets cancelled: 0) [3s, HWM 0.15 GB]
    E_23: |H|=2 targets 157279 canonical rows 84163 nnz 294623 (obstructed fixed targets cancelled: 0) [4s, HWM 0.15 GB]
    E_34: |H|=1 targets 243388 canonical rows 243388 nnz 494821 (obstructed fixed targets cancelled: 0) [5s, HWM 0.16 GB]
    E_45: |H|=1 targets 243388 canonical rows 243388 nnz 494821 (obstructed fixed targets cancelled: 0) [5s, HWM 0.17 GB]
  built (13, 6, 5, 2, 2, 2) d10: N_S=328327 |Stab|=6 n_chi=65626 rows=669707 nnz=1719038 (7s: mono 1s orbits 1s rows 5s; HWM 0.17 GB)
    hybrid[per6 13_6_5_2_2_2d10] p=2147483647 attempt 0: |S|=65593 |U|=33 (a=9, excess 24) m=97 blocks 1x33 projected nullity 9, verified=True, rank 9 [split 0.0s trisolve 0.0s schur 0.3s null 0.0s lift 0.5s rank 0.0s]
  per6 (13, 6, 5, 2, 2, 2) d10 p=2147483647: a=9 n_chi=65626 mult=9 units=0 [1.6s]
    hybrid[per6 13_6_5_2_2_2d10] p=2147483629 attempt 0: |S|=65593 |U|=33 (a=9, excess 24) m=97 blocks 1x33 projected nullity 9, verified=True, rank 9 [split 0.0s trisolve 0.0s schur 0.3s null 0.0s lift 0.3s rank 0.0s]
  per6 (13, 6, 5, 2, 2, 2) d10 p=2147483629: a=9 n_chi=65626 mult=9 units=0 [1.4s]
  PER6 RESULT (13, 6, 5, 2, 2, 2) d10: a=9 N_S=328327 n_chi=65626 mult=9 units=0 proved: mult = a at both primes (S_mu not in the ideal over Q) (10.6s, HWM 0.33 GB)

=== rank 171 ((9, 9, 7, 2, 2, 1), 10) N_S 328502 a 3 2026-09-09T04:00:51.872672
      level 1: 28 prefixes
      level 2: 456 prefixes
      level 3: 3392 prefixes
      level 4: 15984 prefixes
      level 5: 51867 prefixes
      level 6: 123632 prefixes
      level 7: 232122 prefixes
      level 8: 312517 prefixes
      level 9: 328502 prefixes
      level 10: 328502 prefixes
  lam=(9, 9, 7, 2, 2, 1): N_S=328502 |Stab|=4 n_chi=86850 (orbits dropped: 1043) [lean, 1s, HWM 0.13 GB]
    E_01: |H|=2 targets 312789 canonical rows 166468 nnz 778287 (obstructed fixed targets cancelled: 0) [1s, HWM 0.16 GB]
    E_12: |H|=2 targets 274353 canonical rows 146188 nnz 683176 (obstructed fixed targets cancelled: 0) [3s, HWM 0.16 GB]
    E_23: |H|=2 targets 133835 canonical rows 66566 nnz 277046 (obstructed fixed targets cancelled: 467) [3s, HWM 0.16 GB]
    E_34: |H|=2 targets 243360 canonical rows 120894 nnz 245978 (obstructed fixed targets cancelled: 142) [4s, HWM 0.17 GB]
    E_45: |H|=2 targets 145177 canonical rows 72128 nnz 163031 (obstructed fixed targets cancelled: 293) [4s, HWM 0.17 GB]
  built (9, 9, 7, 2, 2, 1) d10: N_S=328502 |Stab|=4 n_chi=86850 rows=572244 nnz=2147518 (6s: mono 0s orbits 1s rows 4s; HWM 0.17 GB)
    hybrid[per6 9_9_7_2_2_1d10] p=2147483647 attempt 0: |S|=86798 |U|=52 (a=3, excess 49) m=116 blocks 1x52 projected nullity 3, verified=True, rank 3 [split 0.0s trisolve 0.4s schur 0.4s null 0.0s lift 0.1s rank 0.0s]
  per6 (9, 9, 7, 2, 2, 1) d10 p=2147483647: a=3 n_chi=86850 mult=3 units=0 [1.7s]
    hybrid[per6 9_9_7_2_2_1d10] p=2147483629 attempt 0: |S|=86798 |U|=52 (a=3, excess 49) m=116 blocks 1x52 projected nullity 3, verified=True, rank 3 [split 0.0s trisolve 0.4s schur 0.4s null 0.0s lift 0.1s rank 0.0s]
  per6 (9, 9, 7, 2, 2, 1) d10 p=2147483629: a=3 n_chi=86850 mult=3 units=0 [1.6s]
  PER6 RESULT (9, 9, 7, 2, 2, 1) d10: a=3 N_S=328502 n_chi=86850 mult=3 units=0 proved: mult = a at both primes (S_mu not in the ideal over Q) (9.4s, HWM 0.28 GB)

=== rank 172 ((12, 8, 4, 2, 2, 2), 10) N_S 335190 a 15 2026-09-09T04:01:01.578447
      level 1: 44 prefixes
      level 2: 766 prefixes
      level 3: 6821 prefixes
      level 4: 34295 prefixes
      level 5: 107186 prefixes
      level 6: 234757 prefixes
      level 7: 321087 prefixes
      level 8: 334935 prefixes
      level 9: 335190 prefixes
      level 10: 335190 prefixes
  lam=(12, 8, 4, 2, 2, 2): N_S=335190 |Stab|=6 n_chi=67095 (orbits dropped: 0) [lean, 1s, HWM 0.13 GB]
    E_01: |H|=6 targets 270438 canonical rows 54319 nnz 275208 (obstructed fixed targets cancelled: 0) [2s, HWM 0.14 GB]
    E_12: |H|=6 targets 210053 canonical rows 42434 nnz 181773 (obstructed fixed targets cancelled: 0) [3s, HWM 0.14 GB]
    E_23: |H|=2 targets 178194 canonical rows 95248 nnz 300669 (obstructed fixed targets cancelled: 0) [4s, HWM 0.14 GB]
    E_34: |H|=1 targets 248419 canonical rows 248419 nnz 504826 (obstructed fixed targets cancelled: 0) [5s, HWM 0.15 GB]
    E_45: |H|=1 targets 248419 canonical rows 248419 nnz 504826 (obstructed fixed targets cancelled: 0) [6s, HWM 0.16 GB]
  built (12, 8, 4, 2, 2, 2) d10: N_S=335190 |Stab|=6 n_chi=67095 rows=688839 nnz=1767302 (7s: mono 0s orbits 1s rows 6s; HWM 0.16 GB)
    hybrid[per6 12_8_4_2_2_2d10] p=2147483647 attempt 0: |S|=67059 |U|=36 (a=15, excess 21) m=100 blocks 1x36 projected nullity 15, verified=True, rank 15 [split 0.0s trisolve 0.2s schur 0.3s null 0.0s lift 1.3s rank 0.0s]
  per6 (12, 8, 4, 2, 2, 2) d10 p=2147483647: a=15 n_chi=67095 mult=15 units=0 [2.9s]
    hybrid[per6 12_8_4_2_2_2d10] p=2147483629 attempt 0: |S|=67059 |U|=36 (a=15, excess 21) m=100 blocks 1x36 projected nullity 15, verified=True, rank 15 [split 0.0s trisolve 0.0s schur 0.3s null 0.0s lift 0.7s rank 0.0s]
  per6 (12, 8, 4, 2, 2, 2) d10 p=2147483629: a=15 n_chi=67095 mult=15 units=0 [2.1s]
  PER6 RESULT (12, 8, 4, 2, 2, 2) d10: a=15 N_S=335190 n_chi=67095 mult=15 units=0 proved: mult = a at both primes (S_mu not in the ideal over Q) (13.0s, HWM 0.44 GB)

=== rank 173 ((13, 6, 4, 3, 3, 1), 10) N_S 339978 a 3 2026-09-09T04:01:14.906730
      level 1: 39 prefixes
      level 2: 711 prefixes
      level 3: 6909 prefixes
      level 4: 39687 prefixes
      level 5: 142207 prefixes
      level 6: 283516 prefixes
      level 7: 336611 prefixes
      level 8: 339978 prefixes
      level 9: 339978 prefixes
      level 10: 339978 prefixes
  lam=(13, 6, 4, 3, 3, 1): N_S=339978 |Stab|=2 n_chi=164824 (orbits dropped: 10330) [lean, 0s, HWM 0.14 GB]
    E_01: |H|=2 targets 228089 canonical rows 110379 nnz 592160 (obstructed fixed targets cancelled: 4628) [1s, HWM 0.14 GB]
    E_12: |H|=2 targets 242445 canonical rows 117389 nnz 459055 (obstructed fixed targets cancelled: 3087) [2s, HWM 0.16 GB]
    E_23: |H|=1 targets 243388 canonical rows 243035 nnz 760239 (obstructed fixed targets cancelled: 0) [3s, HWM 0.16 GB]
    E_34: |H|=1 targets 280988 canonical rows 278722 nnz 703246 (obstructed fixed targets cancelled: 0) [4s, HWM 0.17 GB]
    E_45: |H|=1 targets 124486 canonical rows 124486 nnz 329648 (obstructed fixed targets cancelled: 0) [4s, HWM 0.17 GB]
  built (13, 6, 4, 3, 3, 1) d10: N_S=339978 |Stab|=2 n_chi=164824 rows=874011 nnz=2844348 (5s: mono 1s orbits 0s rows 4s; HWM 0.17 GB)
    hybrid[per6 13_6_4_3_3_1d10] p=2147483647 attempt 0: |S|=164793 |U|=31 (a=3, excess 28) m=95 blocks 1x31 projected nullity 3, verified=True, rank 3 [split 0.1s trisolve 0.2s schur 0.4s null 0.0s lift 0.1s rank 0.1s]
  per6 (13, 6, 4, 3, 3, 1) d10 p=2147483647: a=3 n_chi=164824 mult=3 units=0 [1.5s]
    hybrid[per6 13_6_4_3_3_1d10] p=2147483629 attempt 0: |S|=164793 |U|=31 (a=3, excess 28) m=95 blocks 1x31 projected nullity 3, verified=True, rank 3 [split 0.1s trisolve 0.3s schur 0.4s null 0.0s lift 0.1s rank 0.0s]
  per6 (13, 6, 4, 3, 3, 1) d10 p=2147483629: a=3 n_chi=164824 mult=3 units=0 [1.7s]
  PER6 RESULT (13, 6, 4, 3, 3, 1) d10: a=3 N_S=339978 n_chi=164824 mult=3 units=0 proved: mult = a at both primes (S_mu not in the ideal over Q) (9.6s, HWM 0.33 GB)

=== rank 174 ((11, 9, 3, 3, 3, 1), 10) N_S 340775 a 1 2026-09-09T04:01:24.830704
      level 1: 41 prefixes
      level 2: 665 prefixes
      level 3: 5618 prefixes
      level 4: 27992 prefixes
      level 5: 87146 prefixes
      level 6: 195190 prefixes
      level 7: 305077 prefixes
      level 8: 338896 prefixes
      level 9: 340775 prefixes
      level 10: 340775 prefixes
  lam=(11, 9, 3, 3, 3, 1): N_S=340775 |Stab|=6 n_chi=51767 (orbits dropped: 10241) [lean, 1s, HWM 0.12 GB]
    E_01: |H|=6 targets 300517 canonical rows 45543 nnz 230096 (obstructed fixed targets cancelled: 15672) [2s, HWM 0.14 GB]
    E_12: |H|=2 targets 168083 canonical rows 81116 nnz 355424 (obstructed fixed targets cancelled: 2960) [3s, HWM 0.14 GB]
    E_23: |H|=1 targets 281442 canonical rows 278604 nnz 663139 (obstructed fixed targets cancelled: 0) [4s, HWM 0.16 GB]
    E_34: |H|=1 targets 281442 canonical rows 278604 nnz 663139 (obstructed fixed targets cancelled: 0) [5s, HWM 0.16 GB]
    E_45: |H|=2 targets 124692 canonical rows 59822 nnz 154060 (obstructed fixed targets cancelled: 1169) [5s, HWM 0.16 GB]
  built (11, 9, 3, 3, 3, 1) d10: N_S=340775 |Stab|=6 n_chi=51767 rows=743689 nnz=2065858 (7s: mono 0s orbits 1s rows 5s; HWM 0.16 GB)
    hybrid[per6 11_9_3_3_3_1d10] p=2147483647 attempt 0: |S|=51759 |U|=8 (a=1, excess 7) m=72 blocks 1x8 projected nullity 1, verified=True, rank 1 [split 0.0s trisolve 0.0s schur 0.1s null 0.0s lift 0.0s rank 0.0s]
  per6 (11, 9, 3, 3, 3, 1) d10 p=2147483647: a=1 n_chi=51767 mult=1 units=0 [0.6s]
    hybrid[per6 11_9_3_3_3_1d10] p=2147483629 attempt 0: |S|=51759 |U|=8 (a=1, excess 7) m=72 blocks 1x8 projected nullity 1, verified=True, rank 1 [split 0.0s trisolve 0.0s schur 0.1s null 0.0s lift 0.0s rank 0.0s]
  per6 (11, 9, 3, 3, 3, 1) d10 p=2147483629: a=1 n_chi=51767 mult=1 units=0 [0.6s]
  PER6 RESULT (11, 9, 3, 3, 3, 1) d10: a=1 N_S=340775 n_chi=51767 mult=1 units=0 proved: mult = a at both primes (S_mu not in the ideal over Q) (8.6s, HWM 0.21 GB)

=== rank 175 ((11, 6, 6, 5, 1, 1), 10) N_S 341795 a 2 2026-09-09T04:01:33.758589
      level 1: 33 prefixes
      level 2: 412 prefixes
      level 3: 3318 prefixes
      level 4: 18040 prefixes
      level 5: 68495 prefixes
      level 6: 185039 prefixes
      level 7: 304659 prefixes
      level 8: 339904 prefixes
      level 9: 341795 prefixes
      level 10: 341795 prefixes
  lam=(11, 6, 6, 5, 1, 1): N_S=341795 |Stab|=4 n_chi=69574 (orbits dropped: 33066) [lean, 1s, HWM 0.13 GB]
    E_01: |H|=2 targets 241557 canonical rows 97500 nnz 493555 (obstructed fixed targets cancelled: 14446) [1s, HWM 0.14 GB]
    E_12: |H|=2 targets 312627 canonical rows 126790 nnz 493084 (obstructed fixed targets cancelled: 10504) [2s, HWM 0.15 GB]
    E_23: |H|=2 targets 280477 canonical rows 113395 nnz 444109 (obstructed fixed targets cancelled: 9847) [3s, HWM 0.16 GB]
    E_34: |H|=2 targets 97438 canonical rows 49332 nnz 139148 (obstructed fixed targets cancelled: 0) [4s, HWM 0.16 GB]
    E_45: |H|=2 targets 203037 canonical rows 0 nnz 0 (obstructed fixed targets cancelled: 0) [4s, HWM 0.16 GB]
  built (11, 6, 6, 5, 1, 1) d10: N_S=341795 |Stab|=4 n_chi=69574 rows=387017 nnz=1569896 (6s: mono 1s orbits 1s rows 4s; HWM 0.16 GB)
    hybrid[per6 11_6_6_5_1_1d10] p=2147483647 attempt 0: |S|=69550 |U|=24 (a=2, excess 22) m=88 blocks 1x24 projected nullity 2, verified=True, rank 2 [split 0.0s trisolve 0.1s schur 0.2s null 0.0s lift 0.0s rank 0.0s]
  per6 (11, 6, 6, 5, 1, 1) d10 p=2147483647: a=2 n_chi=69574 mult=2 units=0 [0.8s]
    hybrid[per6 11_6_6_5_1_1d10] p=2147483629 attempt 0: |S|=69550 |U|=24 (a=2, excess 22) m=88 blocks 1x24 projected nullity 2, verified=True, rank 2 [split 0.0s trisolve 0.0s schur 0.2s null 0.0s lift 0.0s rank 0.0s]
  per6 (11, 6, 6, 5, 1, 1) d10 p=2147483629: a=2 n_chi=69574 mult=2 units=0 [0.7s]
  PER6 RESULT (11, 6, 6, 5, 1, 1) d10: a=2 N_S=341795 n_chi=69574 mult=2 units=0 proved: mult = a at both primes (S_mu not in the ideal over Q) (7.5s, HWM 0.19 GB)

=== rank 176 ((9, 9, 6, 4, 1, 1), 10) N_S 342891 a 6 2026-09-09T04:01:41.672136
      level 1: 25 prefixes
      level 2: 396 prefixes
      level 3: 3116 prefixes
      level 4: 15420 prefixes
      level 5: 51838 prefixes
      level 6: 127409 prefixes
      level 7: 242231 prefixes
      level 8: 326504 prefixes
      level 9: 342891 prefixes
      level 10: 342891 prefixes
  lam=(9, 9, 6, 4, 1, 1): N_S=342891 |Stab|=4 n_chi=69530 (orbits dropped: 33007) [lean, 1s, HWM 0.12 GB]
    E_01: |H|=2 targets 326381 canonical rows 132221 nnz 620349 (obstructed fixed targets cancelled: 16460) [1s, HWM 0.15 GB]
    E_12: |H|=2 targets 261794 canonical rows 105698 nnz 496432 (obstructed fixed targets cancelled: 13357) [2s, HWM 0.17 GB]
    E_23: |H|=4 targets 243360 canonical rows 49059 nnz 192186 (obstructed fixed targets cancelled: 8896) [3s, HWM 0.17 GB]
    E_34: |H|=2 targets 108561 canonical rows 53595 nnz 138336 (obstructed fixed targets cancelled: 362) [4s, HWM 0.17 GB]
    E_45: |H|=2 targets 203792 canonical rows 0 nnz 0 (obstructed fixed targets cancelled: 337) [4s, HWM 0.17 GB]
  built (9, 9, 6, 4, 1, 1) d10: N_S=342891 |Stab|=4 n_chi=69530 rows=340573 nnz=1447303 (5s: mono 0s orbits 1s rows 4s; HWM 0.17 GB)
    hybrid[per6 9_9_6_4_1_1d10] p=2147483647 attempt 0: |S|=69467 |U|=63 (a=6, excess 57) m=127 blocks 1x63 projected nullity 6, verified=True, rank 6 [split 0.0s trisolve 0.3s schur 0.3s null 0.0s lift 0.1s rank 0.0s]
  per6 (9, 9, 6, 4, 1, 1) d10 p=2147483647: a=6 n_chi=69530 mult=6 units=0 [1.4s]
    hybrid[per6 9_9_6_4_1_1d10] p=2147483629 attempt 0: |S|=69467 |U|=63 (a=6, excess 57) m=127 blocks 1x63 projected nullity 6, verified=True, rank 6 [split 0.0s trisolve 0.2s schur 0.3s null 0.0s lift 0.1s rank 0.0s]
  per6 (9, 9, 6, 4, 1, 1) d10 p=2147483629: a=6 n_chi=69530 mult=6 units=0 [1.2s]
  PER6 RESULT (9, 9, 6, 4, 1, 1) d10: a=6 N_S=342891 n_chi=69530 mult=6 units=0 proved: mult = a at both primes (S_mu not in the ideal over Q) (8.4s, HWM 0.24 GB)

=== rank 177 ((9, 8, 8, 2, 2, 1), 10) N_S 348890 a 3 2026-09-09T04:01:50.425203
      level 1: 28 prefixes
      level 2: 442 prefixes
      level 3: 3191 prefixes
      level 4: 14942 prefixes
      level 5: 49742 prefixes
      level 6: 123857 prefixes
      level 7: 242612 prefixes
      level 8: 331379 prefixes
      level 9: 348890 prefixes
      level 10: 348890 prefixes
  lam=(9, 8, 8, 2, 2, 1): N_S=348890 |Stab|=4 n_chi=93433 (orbits dropped: 0) [lean, 1s, HWM 0.13 GB]
    E_01: |H|=2 targets 312789 canonical rows 166481 nnz 786707 (obstructed fixed targets cancelled: 0) [1s, HWM 0.16 GB]
    E_12: |H|=2 targets 328502 canonical rows 174743 nnz 783188 (obstructed fixed targets cancelled: 0) [3s, HWM 0.17 GB]
    E_23: |H|=1 targets 133835 canonical rows 133835 nnz 593110 (obstructed fixed targets cancelled: 0) [3s, HWM 0.17 GB]
    E_34: |H|=2 targets 258351 canonical rows 129813 nnz 264113 (obstructed fixed targets cancelled: 0) [4s, HWM 0.18 GB]
    E_45: |H|=2 targets 154057 canonical rows 77609 nnz 175350 (obstructed fixed targets cancelled: 0) [5s, HWM 0.18 GB]
  built (9, 8, 8, 2, 2, 1) d10: N_S=348890 |Stab|=4 n_chi=93433 rows=682481 nnz=2602468 (6s: mono 0s orbits 1s rows 5s; HWM 0.18 GB)
    hybrid[per6 9_8_8_2_2_1d10] p=2147483647 attempt 0: |S|=93381 |U|=52 (a=3, excess 49) m=116 blocks 1x52 projected nullity 3, verified=True, rank 3 [split 0.0s trisolve 0.4s schur 0.6s null 0.0s lift 0.1s rank 0.0s]
  per6 (9, 8, 8, 2, 2, 1) d10 p=2147483647: a=3 n_chi=93433 mult=3 units=0 [1.7s]
    hybrid[per6 9_8_8_2_2_1d10] p=2147483629 attempt 0: |S|=93381 |U|=52 (a=3, excess 49) m=116 blocks 1x52 projected nullity 3, verified=True, rank 3 [split 0.0s trisolve 0.2s schur 0.6s null 0.0s lift 0.1s rank 0.0s]
  per6 (9, 8, 8, 2, 2, 1) d10 p=2147483629: a=3 n_chi=93433 mult=3 units=0 [1.4s]
  PER6 RESULT (9, 8, 8, 2, 2, 1) d10: a=3 N_S=348890 n_chi=93433 mult=3 units=0 proved: mult = a at both primes (S_mu not in the ideal over Q) (10.0s, HWM 0.32 GB)

=== rank 178 ((10, 7, 7, 4, 1, 1), 10) N_S 350680 a 7 2026-09-09T04:02:00.831452
      level 1: 33 prefixes
      level 2: 408 prefixes
      level 3: 3103 prefixes
      level 4: 15795 prefixes
      level 5: 56157 prefixes
      level 6: 149056 prefixes
      level 7: 279085 prefixes
      level 8: 343452 prefixes
      level 9: 350680 prefixes
      level 10: 350680 prefixes
  lam=(10, 7, 7, 4, 1, 1): N_S=350680 |Stab|=4 n_chi=71086 (orbits dropped: 34016) [lean, 1s, HWM 0.13 GB]
    E_01: |H|=2 targets 280477 canonical rows 113391 nnz 555457 (obstructed fixed targets cancelled: 15513) [1s, HWM 0.14 GB]
    E_12: |H|=2 targets 326381 canonical rows 132214 nnz 553130 (obstructed fixed targets cancelled: 13185) [3s, HWM 0.15 GB]
    E_23: |H|=2 targets 231776 canonical rows 93388 nnz 392159 (obstructed fixed targets cancelled: 9573) [3s, HWM 0.15 GB]
    E_34: |H|=2 targets 110935 canonical rows 54614 nnz 141226 (obstructed fixed targets cancelled: 498) [4s, HWM 0.15 GB]
    E_45: |H|=2 targets 208309 canonical rows 0 nnz 0 (obstructed fixed targets cancelled: 416) [4s, HWM 0.15 GB]
  built (10, 7, 7, 4, 1, 1) d10: N_S=350680 |Stab|=4 n_chi=71086 rows=393607 nnz=1641972 (6s: mono 0s orbits 1s rows 4s; HWM 0.15 GB)
    hybrid[per6 10_7_7_4_1_1d10] p=2147483647 attempt 0: |S|=71042 |U|=44 (a=7, excess 37) m=108 blocks 1x44 projected nullity 7, verified=True, rank 7 [split 0.0s trisolve 0.4s schur 0.3s null 0.0s lift 0.1s rank 0.0s]
  per6 (10, 7, 7, 4, 1, 1) d10 p=2147483647: a=7 n_chi=71086 mult=7 units=0 [1.5s]
    hybrid[per6 10_7_7_4_1_1d10] p=2147483629 attempt 0: |S|=71042 |U|=44 (a=7, excess 37) m=108 blocks 1x44 projected nullity 7, verified=True, rank 7 [split 0.0s trisolve 0.1s schur 0.3s null 0.0s lift 0.1s rank 0.0s]
  per6 (10, 7, 7, 4, 1, 1) d10 p=2147483629: a=7 n_chi=71086 mult=7 units=0 [1.1s]
  PER6 RESULT (10, 7, 7, 4, 1, 1) d10: a=7 N_S=350680 n_chi=71086 mult=7 units=0 proved: mult = a at both primes (S_mu not in the ideal over Q) (8.9s, HWM 0.24 GB)

=== rank 179 ((12, 6, 6, 3, 2, 1), 10) N_S 354279 a 10 2026-09-09T04:02:10.034616
      level 1: 38 prefixes
      level 2: 589 prefixes
      level 3: 5252 prefixes
      level 4: 28344 prefixes
      level 5: 103765 prefixes
      level 6: 245683 prefixes
      level 7: 339510 prefixes
      level 8: 354027 prefixes
      level 9: 354279 prefixes
      level 10: 354279 prefixes
  lam=(12, 6, 6, 3, 2, 1): N_S=354279 |Stab|=2 n_chi=178566 (orbits dropped: 0) [lean, 0s, HWM 0.13 GB]
    E_01: |H|=1 targets 243388 canonical rows 243388 nnz 1286889 (obstructed fixed targets cancelled: 0) [1s, HWM 0.18 GB]
    E_12: |H|=1 targets 324228 canonical rows 324228 nnz 1277021 (obstructed fixed targets cancelled: 0) [3s, HWM 0.21 GB]
    E_23: |H|=1 targets 208520 canonical rows 208520 nnz 816327 (obstructed fixed targets cancelled: 0) [3s, HWM 0.21 GB]
    E_34: |H|=2 targets 216994 canonical rows 109449 nnz 303311 (obstructed fixed targets cancelled: 0) [4s, HWM 0.21 GB]
    E_45: |H|=2 targets 156278 canonical rows 79006 nnz 178566 (obstructed fixed targets cancelled: 0) [5s, HWM 0.21 GB]
  built (12, 6, 6, 3, 2, 1) d10: N_S=354279 |Stab|=2 n_chi=178566 rows=964591 nnz=3862114 (6s: mono 0s orbits 0s rows 5s; HWM 0.21 GB)
    hybrid[per6 12_6_6_3_2_1d10] p=2147483647 attempt 0: |S|=178525 |U|=41 (a=10, excess 31) m=105 blocks 1x41 projected nullity 10, verified=True, rank 10 [split 0.1s trisolve 0.3s schur 0.6s null 0.0s lift 0.9s rank 0.1s]
  per6 (12, 6, 6, 3, 2, 1) d10 p=2147483647: a=10 n_chi=178566 mult=10 units=0 [3.6s]
    hybrid[per6 12_6_6_3_2_1d10] p=2147483629 attempt 0: |S|=178525 |U|=41 (a=10, excess 31) m=105 blocks 1x41 projected nullity 10, verified=True, rank 10 [split 0.1s trisolve 0.6s schur 0.6s null 0.0s lift 0.9s rank 0.1s]
  per6 (12, 6, 6, 3, 2, 1) d10 p=2147483629: a=10 n_chi=178566 mult=10 units=0 [3.4s]
  PER6 RESULT (12, 6, 6, 3, 2, 1) d10: a=10 N_S=354279 n_chi=178566 mult=10 units=0 proved: mult = a at both primes (S_mu not in the ideal over Q) (13.5s, HWM 0.56 GB)

=== rank 180 ((14, 4, 4, 4, 2, 2), 10) N_S 354815 a 4 2026-09-09T04:02:23.892964
      level 1: 43 prefixes
      level 2: 824 prefixes
      level 3: 9176 prefixes
      level 4: 59703 prefixes
      level 5: 202988 prefixes
      level 6: 330823 prefixes
      level 7: 354413 prefixes
      level 8: 354815 prefixes
      level 9: 354815 prefixes
      level 10: 354815 prefixes
  lam=(14, 4, 4, 4, 2, 2): N_S=354815 |Stab|=12 n_chi=33641 (orbits dropped: 0) [lean, 3s, HWM 0.13 GB]
    E_01: |H|=4 targets 183171 canonical rows 50160 nnz 265068 (obstructed fixed targets cancelled: 0) [1s, HWM 0.14 GB]
    E_12: |H|=2 targets 307453 canonical rows 163588 nnz 510260 (obstructed fixed targets cancelled: 0) [2s, HWM 0.16 GB]
    E_23: |H|=2 targets 307453 canonical rows 163588 nnz 510260 (obstructed fixed targets cancelled: 0) [4s, HWM 0.16 GB]
    E_34: |H|=2 targets 188952 canonical rows 96332 nnz 306126 (obstructed fixed targets cancelled: 0) [4s, HWM 0.16 GB]
    E_45: |H|=6 targets 263039 canonical rows 46259 nnz 93110 (obstructed fixed targets cancelled: 0) [6s, HWM 0.16 GB]
  built (14, 4, 4, 4, 2, 2) d10: N_S=354815 |Stab|=12 n_chi=33641 rows=519927 nnz=1684824 (9s: mono 1s orbits 3s rows 6s; HWM 0.16 GB)
    hybrid[per6 14_4_4_4_2_2d10] p=2147483647 attempt 0: |S|=33635 |U|=6 (a=4, excess 2) m=70 blocks 1x6 projected nullity 4, verified=True, rank 4 [split 0.0s trisolve 0.0s schur 0.1s null 0.0s lift 0.2s rank 0.0s]
  per6 (14, 4, 4, 4, 2, 2) d10 p=2147483647: a=4 n_chi=33641 mult=4 units=0 [1.0s]
    hybrid[per6 14_4_4_4_2_2d10] p=2147483629 attempt 0: |S|=33635 |U|=6 (a=4, excess 2) m=70 blocks 1x6 projected nullity 4, verified=True, rank 4 [split 0.0s trisolve 0.0s schur 0.1s null 0.0s lift 0.1s rank 0.0s]
  per6 (14, 4, 4, 4, 2, 2) d10 p=2147483629: a=4 n_chi=33641 mult=4 units=0 [0.8s]
  PER6 RESULT (14, 4, 4, 4, 2, 2) d10: a=4 N_S=354815 n_chi=33641 mult=4 units=0 proved: mult = a at both primes (S_mu not in the ideal over Q) (11.4s, HWM 0.2 GB)

=== rank 181 ((10, 10, 3, 3, 3, 1), 10) N_S 355386 a 1 2026-09-09T04:02:35.661837
      level 1: 40 prefixes
      level 2: 652 prefixes
      level 3: 5312 prefixes
      level 4: 25113 prefixes
      level 5: 77803 prefixes
      level 6: 170508 prefixes
      level 7: 288268 prefixes
      level 8: 348285 prefixes
      level 9: 355386 prefixes
      level 10: 355386 prefixes
  lam=(10, 10, 3, 3, 3, 1): N_S=355386 |Stab|=12 n_chi=26975 (orbits dropped: 5566) [lean, 3s, HWM 0.13 GB]
    E_01: |H|=6 targets 340775 canonical rows 51764 nnz 251806 (obstructed fixed targets cancelled: 16395) [2s, HWM 0.14 GB]
    E_12: |H|=2 targets 168083 canonical rows 81050 nnz 369626 (obstructed fixed targets cancelled: 3132) [3s, HWM 0.14 GB]
    E_23: |H|=2 targets 293449 canonical rows 145687 nnz 345530 (obstructed fixed targets cancelled: 0) [4s, HWM 0.16 GB]
    E_34: |H|=2 targets 293449 canonical rows 145687 nnz 345530 (obstructed fixed targets cancelled: 0) [5s, HWM 0.16 GB]
    E_45: |H|=4 targets 129959 canonical rows 31211 nnz 80100 (obstructed fixed targets cancelled: 1487) [6s, HWM 0.16 GB]
  built (10, 10, 3, 3, 3, 1) d10: N_S=355386 |Stab|=12 n_chi=26975 rows=455399 nnz=1392592 (9s: mono 0s orbits 3s rows 6s; HWM 0.16 GB)
    hybrid[per6 10_10_3_3_3_1d10] p=2147483647 attempt 0: |S|=26971 |U|=4 (a=1, excess 3) m=68 blocks 1x4 projected nullity 1, verified=True, rank 1 [split 0.0s trisolve 0.0s schur 0.1s null 0.0s lift 0.0s rank 0.0s]
  per6 (10, 10, 3, 3, 3, 1) d10 p=2147483647: a=1 n_chi=26975 mult=1 units=0 [0.7s]
    hybrid[per6 10_10_3_3_3_1d10] p=2147483629 attempt 0: |S|=26971 |U|=4 (a=1, excess 3) m=68 blocks 1x4 projected nullity 1, verified=True, rank 1 [split 0.0s trisolve 0.0s schur 0.1s null 0.0s lift 0.0s rank 0.0s]
  per6 (10, 10, 3, 3, 3, 1) d10 p=2147483629: a=1 n_chi=26975 mult=1 units=0 [0.7s]
  PER6 RESULT (10, 10, 3, 3, 3, 1) d10: a=1 N_S=355386 n_chi=26975 mult=1 units=0 proved: mult = a at both primes (S_mu not in the ideal over Q) (10.6s, HWM 0.16 GB)

=== rank 182 ((10, 8, 5, 5, 1, 1), 10) N_S 364021 a 6 2026-09-09T04:02:46.636392
      level 1: 33 prefixes
      level 2: 434 prefixes
      level 3: 3463 prefixes
      level 4: 17601 prefixes
      level 5: 62123 prefixes
      level 6: 159535 prefixes
      level 7: 291594 prefixes
      level 8: 356757 prefixes
      level 9: 364021 prefixes
      level 10: 364021 prefixes
  lam=(10, 8, 5, 5, 1, 1): N_S=364021 |Stab|=4 n_chi=73650 (orbits dropped: 36035) [lean, 1s, HWM 0.14 GB]
    E_01: |H|=4 targets 312627 canonical rows 63097 nnz 310038 (obstructed fixed targets cancelled: 18122) [2s, HWM 0.14 GB]
    E_12: |H|=2 targets 261794 canonical rows 105694 nnz 470405 (obstructed fixed targets cancelled: 12068) [3s, HWM 0.14 GB]
    E_23: |H|=2 targets 326381 canonical rows 132190 nnz 463756 (obstructed fixed targets cancelled: 9512) [4s, HWM 0.17 GB]
    E_34: |H|=1 targets 103511 canonical rows 103506 nnz 293474 (obstructed fixed targets cancelled: 0) [5s, HWM 0.16 GB]
    E_45: |H|=2 targets 216051 canonical rows 0 nnz 0 (obstructed fixed targets cancelled: 563) [5s, HWM 0.16 GB]
  built (10, 8, 5, 5, 1, 1) d10: N_S=364021 |Stab|=4 n_chi=73650 rows=404487 nnz=1537673 (7s: mono 0s orbits 1s rows 5s; HWM 0.16 GB)
    hybrid[per6 10_8_5_5_1_1d10] p=2147483647 attempt 0: |S|=73611 |U|=39 (a=6, excess 33) m=103 blocks 1x39 projected nullity 6, verified=True, rank 6 [split 0.0s trisolve 0.2s schur 0.2s null 0.0s lift 0.1s rank 0.0s]
  per6 (10, 8, 5, 5, 1, 1) d10 p=2147483647: a=6 n_chi=73650 mult=6 units=0 [1.2s]
    hybrid[per6 10_8_5_5_1_1d10] p=2147483629 attempt 0: |S|=73611 |U|=39 (a=6, excess 33) m=103 blocks 1x39 projected nullity 6, verified=True, rank 6 [split 0.0s trisolve 0.2s schur 0.3s null 0.0s lift 0.1s rank 0.0s]
  per6 (10, 8, 5, 5, 1, 1) d10 p=2147483629: a=6 n_chi=73650 mult=6 units=0 [1.2s]
  PER6 RESULT (10, 8, 5, 5, 1, 1) d10: a=6 N_S=364021 n_chi=73650 mult=6 units=0 proved: mult = a at both primes (S_mu not in the ideal over Q) (9.3s, HWM 0.23 GB)

=== rank 183 ((12, 7, 4, 4, 2, 1), 10) N_S 374825 a 17 2026-09-09T04:02:56.333985
      level 1: 38 prefixes
      level 2: 647 prefixes
      level 3: 5807 prefixes
      level 4: 32023 prefixes
      level 5: 113064 prefixes
      level 6: 261247 prefixes
      level 7: 359432 prefixes
      level 8: 374566 prefixes
      level 9: 374825 prefixes
      level 10: 374825 prefixes
  lam=(12, 7, 4, 4, 2, 1): N_S=374825 |Stab|=2 n_chi=190659 (orbits dropped: 0) [lean, 1s, HWM 0.13 GB]
    E_01: |H|=2 targets 280988 canonical rows 143079 nnz 755336 (obstructed fixed targets cancelled: 0) [1s, HWM 0.15 GB]
    E_12: |H|=1 targets 248419 canonical rows 248419 nnz 1051295 (obstructed fixed targets cancelled: 0) [2s, HWM 0.18 GB]
    E_23: |H|=1 targets 324228 canonical rows 324228 nnz 1029252 (obstructed fixed targets cancelled: 0) [4s, HWM 0.19 GB]
    E_34: |H|=1 targets 198760 canonical rows 198760 nnz 638171 (obstructed fixed targets cancelled: 0) [4s, HWM 0.19 GB]
    E_45: |H|=2 targets 165247 canonical rows 84485 nnz 190659 (obstructed fixed targets cancelled: 0) [5s, HWM 0.19 GB]
  built (12, 7, 4, 4, 2, 1) d10: N_S=374825 |Stab|=2 n_chi=190659 rows=998971 nnz=3664713 (6s: mono 0s orbits 1s rows 5s; HWM 0.20 GB)
    hybrid[per6 12_7_4_4_2_1d10] p=2147483647 attempt 0: |S|=190615 |U|=44 (a=17, excess 27) m=108 blocks 1x44 projected nullity 17, verified=True, rank 17 [split 0.1s trisolve 0.4s schur 0.6s null 0.0s lift 2.3s rank 0.1s]
  per6 (12, 7, 4, 4, 2, 1) d10 p=2147483647: a=17 n_chi=190659 mult=17 units=0 [6.3s]
    hybrid[per6 12_7_4_4_2_1d10] p=2147483629 attempt 0: |S|=190615 |U|=44 (a=17, excess 27) m=108 blocks 1x44 projected nullity 17, verified=True, rank 17 [split 0.1s trisolve 0.3s schur 0.7s null 0.0s lift 2.0s rank 0.1s]
  per6 (12, 7, 4, 4, 2, 1) d10 p=2147483629: a=17 n_chi=190659 mult=17 units=0 [5.1s]
  PER6 RESULT (12, 7, 4, 4, 2, 1) d10: a=17 N_S=374825 n_chi=190659 mult=17 units=0 proved: mult = a at both primes (S_mu not in the ideal over Q) (18.5s, HWM 0.77 GB)

=== rank 184 ((13, 5, 5, 3, 3, 1), 10) N_S 378662 a 4 2026-09-09T04:03:15.225786
      level 1: 39 prefixes
      level 2: 669 prefixes
      level 3: 6742 prefixes
      level 4: 40990 prefixes
      level 5: 155902 prefixes
      level 6: 315547 prefixes
      level 7: 374960 prefixes
      level 8: 378662 prefixes
      level 9: 378662 prefixes
      level 10: 378662 prefixes
  lam=(13, 5, 5, 3, 3, 1): N_S=378662 |Stab|=4 n_chi=91133 (orbits dropped: 7587) [lean, 1s, HWM 0.13 GB]
    E_01: |H|=2 targets 228089 canonical rows 110366 nnz 586986 (obstructed fixed targets cancelled: 4628) [1s, HWM 0.14 GB]
    E_12: |H|=2 targets 339978 canonical rows 164746 nnz 577543 (obstructed fixed targets cancelled: 3636) [3s, HWM 0.16 GB]
    E_23: |H|=1 targets 243388 canonical rows 243339 nnz 841214 (obstructed fixed targets cancelled: 0) [3s, HWM 0.17 GB]
    E_34: |H|=2 targets 312722 canonical rows 153374 nnz 388035 (obstructed fixed targets cancelled: 1177) [5s, HWM 0.17 GB]
    E_45: |H|=2 targets 138170 canonical rows 67981 nnz 181127 (obstructed fixed targets cancelled: 760) [5s, HWM 0.17 GB]
  built (13, 5, 5, 3, 3, 1) d10: N_S=378662 |Stab|=4 n_chi=91133 rows=739806 nnz=2574905 (7s: mono 0s orbits 1s rows 5s; HWM 0.17 GB)
    hybrid[per6 13_5_5_3_3_1d10] p=2147483647 attempt 0: |S|=91119 |U|=14 (a=4, excess 10) m=78 blocks 1x14 projected nullity 4, verified=True, rank 4 [split 0.0s trisolve 0.0s schur 0.2s null 0.0s lift 0.1s rank 0.0s]
  per6 (13, 5, 5, 3, 3, 1) d10 p=2147483647: a=4 n_chi=91133 mult=4 units=0 [1.1s]
    hybrid[per6 13_5_5_3_3_1d10] p=2147483629 attempt 0: |S|=91119 |U|=14 (a=4, excess 10) m=78 blocks 1x14 projected nullity 4, verified=True, rank 4 [split 0.0s trisolve 0.0s schur 0.2s null 0.0s lift 0.1s rank 0.0s]
  per6 (13, 5, 5, 3, 3, 1) d10 p=2147483629: a=4 n_chi=91133 mult=4 units=0 [1.1s]
  PER6 RESULT (13, 5, 5, 3, 3, 1) d10: a=4 N_S=378662 n_chi=91133 mult=4 units=0 proved: mult = a at both primes (S_mu not in the ideal over Q) (9.7s, HWM 0.29 GB)

=== rank 185 ((11, 9, 4, 2, 2, 2), 10) N_S 379981 a 11 2026-09-09T04:03:25.240697
      level 1: 43 prefixes
      level 2: 740 prefixes
      level 3: 6419 prefixes
      level 4: 31781 prefixes
      level 5: 97606 prefixes
      level 6: 217429 prefixes
      level 7: 339939 prefixes
      level 8: 377841 prefixes
      level 9: 379981 prefixes
      level 10: 379981 prefixes
  lam=(11, 9, 4, 2, 2, 2): N_S=379981 |Stab|=6 n_chi=75818 (orbits dropped: 0) [lean, 2s, HWM 0.15 GB]
    E_01: |H|=6 targets 335190 canonical rows 67095 nnz 332813 (obstructed fixed targets cancelled: 0) [2s, HWM 0.15 GB]
    E_12: |H|=6 targets 226314 canonical rows 45653 nnz 206196 (obstructed fixed targets cancelled: 0) [4s, HWM 0.15 GB]
    E_23: |H|=2 targets 201570 canonical rows 107623 nnz 341018 (obstructed fixed targets cancelled: 0) [5s, HWM 0.15 GB]
    E_34: |H|=1 targets 281442 canonical rows 281442 nnz 573295 (obstructed fixed targets cancelled: 0) [5s, HWM 0.16 GB]
    E_45: |H|=1 targets 281442 canonical rows 281442 nnz 573295 (obstructed fixed targets cancelled: 0) [6s, HWM 0.17 GB]
  built (11, 9, 4, 2, 2, 2) d10: N_S=379981 |Stab|=6 n_chi=75818 rows=783255 nnz=2026617 (8s: mono 0s orbits 2s rows 6s; HWM 0.17 GB)
    hybrid[per6 11_9_4_2_2_2d10] p=2147483647 attempt 0: |S|=75774 |U|=44 (a=11, excess 33) m=108 blocks 1x44 projected nullity 11, verified=True, rank 11 [split 0.0s trisolve 0.3s schur 0.4s null 0.0s lift 0.9s rank 0.0s]
  per6 (11, 9, 4, 2, 2, 2) d10 p=2147483647: a=11 n_chi=75818 mult=11 units=0 [2.7s]
    hybrid[per6 11_9_4_2_2_2d10] p=2147483629 attempt 0: |S|=75774 |U|=44 (a=11, excess 33) m=108 blocks 1x44 projected nullity 11, verified=True, rank 11 [split 0.0s trisolve 0.3s schur 0.4s null 0.0s lift 0.8s rank 0.0s]
  per6 (11, 9, 4, 2, 2, 2) d10 p=2147483629: a=11 n_chi=75818 mult=11 units=0 [2.5s]
  PER6 RESULT (11, 9, 4, 2, 2, 2) d10: a=11 N_S=379981 n_chi=75818 mult=11 units=0 proved: mult = a at both primes (S_mu not in the ideal over Q) (14.4s, HWM 0.41 GB)

=== rank 186 ((9, 9, 5, 5, 1, 1), 10) N_S 382531 a 3 2026-09-09T04:03:40.063748
      level 1: 25 prefixes
      level 2: 399 prefixes
      level 3: 3246 prefixes
      level 4: 16382 prefixes
      level 5: 55963 prefixes
      level 6: 140380 prefixes
      level 7: 269815 prefixes
      level 8: 364386 prefixes
      level 9: 382531 prefixes
      level 10: 382531 prefixes
  lam=(9, 9, 5, 5, 1, 1): N_S=382531 |Stab|=8 n_chi=38646 (orbits dropped: 19368) [lean, 2s, HWM 0.15 GB]
    E_01: |H|=4 targets 364021 canonical rows 73646 nnz 345022 (obstructed fixed targets cancelled: 19198) [2s, HWM 0.16 GB]
    E_12: |H|=2 targets 261794 canonical rows 105698 nnz 492767 (obstructed fixed targets cancelled: 13357) [3s, HWM 0.16 GB]
    E_23: |H|=4 targets 342891 canonical rows 69512 nnz 243305 (obstructed fixed targets cancelled: 10216) [5s, HWM 0.16 GB]
    E_34: |H|=2 targets 108561 canonical rows 53925 nnz 153227 (obstructed fixed targets cancelled: 412) [5s, HWM 0.16 GB]
    E_45: |H|=4 targets 226851 canonical rows 0 nnz 0 (obstructed fixed targets cancelled: 814) [6s, HWM 0.16 GB]
  built (9, 9, 5, 5, 1, 1) d10: N_S=382531 |Stab|=8 n_chi=38646 rows=302781 nnz=1234321 (9s: mono 0s orbits 2s rows 6s; HWM 0.16 GB)
    hybrid[per6 9_9_5_5_1_1d10] p=2147483647 attempt 0: |S|=38619 |U|=27 (a=3, excess 24) m=91 blocks 1x27 projected nullity 3, verified=True, rank 3 [split 0.0s trisolve 0.0s schur 0.1s null 0.0s lift 0.0s rank 0.0s]
  per6 (9, 9, 5, 5, 1, 1) d10 p=2147483647: a=3 n_chi=38646 mult=3 units=0 [0.8s]
    hybrid[per6 9_9_5_5_1_1d10] p=2147483629 attempt 0: |S|=38619 |U|=27 (a=3, excess 24) m=91 blocks 1x27 projected nullity 3, verified=True, rank 3 [split 0.0s trisolve 0.0s schur 0.1s null 0.0s lift 0.0s rank 0.0s]
  per6 (9, 9, 5, 5, 1, 1) d10 p=2147483629: a=3 n_chi=38646 mult=3 units=0 [0.8s]
  PER6 RESULT (9, 9, 5, 5, 1, 1) d10: a=3 N_S=382531 n_chi=38646 mult=3 units=0 proved: mult = a at both primes (S_mu not in the ideal over Q) (10.6s, HWM 0.17 GB)

=== rank 187 ((11, 8, 5, 3, 2, 1), 10) N_S 390881 a 24 2026-09-09T04:03:51.016662
      level 1: 38 prefixes
      level 2: 615 prefixes
      level 3: 5259 prefixes
      level 4: 27150 prefixes
      level 5: 91351 prefixes
      level 6: 219412 prefixes
      level 7: 349699 prefixes
      level 8: 388769 prefixes
      level 9: 390881 prefixes
      level 10: 390881 prefixes
  lam=(11, 8, 5, 3, 2, 1): N_S=390881 |Stab|=1 n_chi=390881 (orbits dropped: 0) [lean, 0s, HWM 0.14 GB]
    E_01: |H|=1 targets 324228 canonical rows 324228 nnz 1682527 (obstructed fixed targets cancelled: 0) [2s, HWM 0.22 GB]
    E_12: |H|=1 targets 281442 canonical rows 281442 nnz 1273626 (obstructed fixed targets cancelled: 0) [3s, HWM 0.22 GB]
    E_23: |H|=1 targets 250633 canonical rows 250633 nnz 902164 (obstructed fixed targets cancelled: 0) [3s, HWM 0.22 GB]
    E_34: |H|=1 targets 239075 canonical rows 239075 nnz 665980 (obstructed fixed targets cancelled: 0) [4s, HWM 0.22 GB]
    E_45: |H|=1 targets 172087 canonical rows 172087 nnz 390881 (obstructed fixed targets cancelled: 0) [5s, HWM 0.22 GB]
  built (11, 8, 5, 3, 2, 1) d10: N_S=390881 |Stab|=1 n_chi=390881 rows=1267465 nnz=4915178 (6s: mono 1s orbits 0s rows 5s; HWM 0.23 GB)
    hybrid[per6 11_8_5_3_2_1d10] p=2147483647 attempt 0: |S|=390739 |U|=142 (a=24, excess 118) m=206 blocks 1x142 projected nullity 24, verified=True, rank 24 [split 0.2s trisolve 4.5s schur 2.4s null 0.0s lift 1.6s rank 0.4s]
  per6 (11, 8, 5, 3, 2, 1) d10 p=2147483647: a=24 n_chi=390881 mult=24 units=0 [13.3s]
    hybrid[per6 11_8_5_3_2_1d10] p=2147483629 attempt 0: |S|=390739 |U|=142 (a=24, excess 118) m=206 blocks 1x142 projected nullity 24, verified=True, rank 24 [split 0.2s trisolve 2.4s schur 2.4s null 0.0s lift 1.8s rank 0.4s]
  per6 (11, 8, 5, 3, 2, 1) d10 p=2147483629: a=24 n_chi=390881 mult=24 units=0 [11.7s]
  PER6 RESULT (11, 8, 5, 3, 2, 1) d10: a=24 N_S=390881 n_chi=390881 mult=24 units=0 proved: mult = a at both primes (S_mu not in the ideal over Q) (32.3s, HWM 1.27 GB)

=== rank 188 ((9, 8, 7, 4, 1, 1), 10) N_S 391444 a 5 2026-09-09T04:04:23.617643
      level 1: 25 prefixes
      level 2: 383 prefixes
      level 3: 2965 prefixes
      level 4: 14996 prefixes
      level 5: 52859 prefixes
      level 6: 136903 prefixes
      level 7: 272150 prefixes
      level 8: 372222 prefixes
      level 9: 391444 prefixes
      level 10: 391444 prefixes
  lam=(9, 8, 7, 4, 1, 1): N_S=391444 |Stab|=2 n_chi=159215 (orbits dropped: 73014) [lean, 1s, HWM 0.13 GB]
    E_01: |H|=2 targets 350680 canonical rows 142371 nnz 675814 (obstructed fixed targets cancelled: 17503) [1s, HWM 0.16 GB]
    E_12: |H|=2 targets 342891 canonical rows 139099 nnz 627954 (obstructed fixed targets cancelled: 15513) [3s, HWM 0.17 GB]
    E_23: |H|=2 targets 258351 canonical rows 104294 nnz 441599 (obstructed fixed targets cancelled: 10588) [4s, HWM 0.17 GB]
    E_34: |H|=1 targets 123447 canonical rows 122666 nnz 318430 (obstructed fixed targets cancelled: 0) [4s, HWM 0.17 GB]
    E_45: |H|=1 targets 232229 canonical rows 0 nnz 0 (obstructed fixed targets cancelled: 0) [5s, HWM 0.17 GB]
  built (9, 8, 7, 4, 1, 1) d10: N_S=391444 |Stab|=2 n_chi=159215 rows=508430 nnz=2063797 (6s: mono 1s orbits 1s rows 5s; HWM 0.17 GB)
    hybrid[per6 9_8_7_4_1_1d10] p=2147483647 attempt 0: |S|=159035 |U|=180 (a=5, excess 175) m=244 blocks 1x180 projected nullity 5, verified=True, rank 5 [split 0.1s trisolve 2.4s schur 1.2s null 0.0s lift 0.1s rank 0.0s]
  per6 (9, 8, 7, 4, 1, 1) d10 p=2147483647: a=5 n_chi=159215 mult=5 units=0 [4.4s]
    hybrid[per6 9_8_7_4_1_1d10] p=2147483629 attempt 0: |S|=159035 |U|=180 (a=5, excess 175) m=244 blocks 1x180 projected nullity 5, verified=True, rank 5 [split 0.1s trisolve 2.2s schur 1.3s null 0.0s lift 0.1s rank 0.0s]
  per6 (9, 8, 7, 4, 1, 1) d10 p=2147483629: a=5 n_chi=159215 mult=5 units=0 [4.4s]
  PER6 RESULT (9, 8, 7, 4, 1, 1) d10: a=5 N_S=391444 n_chi=159215 mult=5 units=0 proved: mult = a at both primes (S_mu not in the ideal over Q) (15.3s, HWM 0.63 GB)

=== rank 189 ((10, 10, 4, 2, 2, 2), 10) N_S 396300 a 5 2026-09-09T04:04:39.242244
      level 1: 43 prefixes
      level 2: 713 prefixes
      level 3: 5992 prefixes
      level 4: 28635 prefixes
      level 5: 87743 prefixes
      level 6: 190408 prefixes
      level 7: 321257 prefixes
      level 8: 388288 prefixes
      level 9: 396300 prefixes
      level 10: 396300 prefixes
  lam=(10, 10, 4, 2, 2, 2): N_S=396300 |Stab|=12 n_chi=39900 (orbits dropped: 0) [lean, 3s, HWM 0.13 GB]
    E_01: |H|=6 targets 379981 canonical rows 75818 nnz 364142 (obstructed fixed targets cancelled: 0) [3s, HWM 0.16 GB]
    E_12: |H|=6 targets 226314 canonical rows 45653 nnz 215113 (obstructed fixed targets cancelled: 0) [4s, HWM 0.16 GB]
    E_23: |H|=4 targets 210081 canonical rows 56408 nnz 178435 (obstructed fixed targets cancelled: 0) [5s, HWM 0.16 GB]
    E_34: |H|=2 targets 293449 canonical rows 147252 nnz 299822 (obstructed fixed targets cancelled: 0) [6s, HWM 0.16 GB]
    E_45: |H|=2 targets 293449 canonical rows 147252 nnz 299822 (obstructed fixed targets cancelled: 0) [7s, HWM 0.16 GB]
  built (10, 10, 4, 2, 2, 2) d10: N_S=396300 |Stab|=12 n_chi=39900 rows=472383 nnz=1357334 (11s: mono 0s orbits 3s rows 7s; HWM 0.16 GB)
    hybrid[per6 10_10_4_2_2_2d10] p=2147483647 attempt 0: |S|=39881 |U|=19 (a=5, excess 14) m=83 blocks 1x19 projected nullity 5, verified=True, rank 5 [split 0.0s trisolve 0.0s schur 0.1s null 0.0s lift 0.3s rank 0.0s]
  per6 (10, 10, 4, 2, 2, 2) d10 p=2147483647: a=5 n_chi=39900 mult=5 units=0 [1.5s]
    hybrid[per6 10_10_4_2_2_2d10] p=2147483629 attempt 0: |S|=39881 |U|=19 (a=5, excess 14) m=83 blocks 1x19 projected nullity 5, verified=True, rank 5 [split 0.0s trisolve 0.0s schur 0.1s null 0.0s lift 0.1s rank 0.0s]
  per6 (10, 10, 4, 2, 2, 2) d10 p=2147483629: a=5 n_chi=39900 mult=5 units=0 [1.2s]
  PER6 RESULT (10, 10, 4, 2, 2, 2) d10: a=5 N_S=396300 n_chi=39900 mult=5 units=0 proved: mult = a at both primes (S_mu not in the ideal over Q) (14.2s, HWM 0.21 GB)

=== rank 190 ((12, 8, 3, 3, 2, 2), 10) N_S 405725 a 3 2026-09-09T04:04:53.826513
      level 1: 45 prefixes
      level 2: 822 prefixes
      level 3: 7679 prefixes
      level 4: 40314 prefixes
      level 5: 128788 prefixes
      level 6: 284285 prefixes
      level 7: 388998 prefixes
      level 8: 405440 prefixes
      level 9: 405725 prefixes
      level 10: 405725 prefixes
  lam=(12, 8, 3, 3, 2, 2): N_S=405725 |Stab|=4 n_chi=103815 (orbits dropped: 7878) [lean, 1s, HWM 0.14 GB]
    E_01: |H|=4 targets 326926 canonical rows 83684 nnz 435198 (obstructed fixed targets cancelled: 7388) [2s, HWM 0.15 GB]
    E_12: |H|=2 targets 210053 canonical rows 112195 nnz 475555 (obstructed fixed targets cancelled: 0) [3s, HWM 0.15 GB]
    E_23: |H|=2 targets 335190 canonical rows 176974 nnz 438978 (obstructed fixed targets cancelled: 0) [4s, HWM 0.16 GB]
    E_34: |H|=1 targets 248419 canonical rows 248198 nnz 668180 (obstructed fixed targets cancelled: 0) [5s, HWM 0.17 GB]
    E_45: |H|=2 targets 300517 canonical rows 144439 nnz 295047 (obstructed fixed targets cancelled: 836) [6s, HWM 0.18 GB]
  built (12, 8, 3, 3, 2, 2) d10: N_S=405725 |Stab|=4 n_chi=103815 rows=765490 nnz=2312958 (8s: mono 1s orbits 1s rows 6s; HWM 0.18 GB)
    hybrid[per6 12_8_3_3_2_2d10] p=2147483647 attempt 0: |S|=103802 |U|=13 (a=3, excess 10) m=77 blocks 1x13 projected nullity 3, verified=True, rank 3 [split 0.1s trisolve 0.0s schur 0.2s null 0.0s lift 0.3s rank 0.0s]
  per6 (12, 8, 3, 3, 2, 2) d10 p=2147483647: a=3 n_chi=103815 mult=3 units=0 [1.2s]
    hybrid[per6 12_8_3_3_2_2d10] p=2147483629 attempt 0: |S|=103802 |U|=13 (a=3, excess 10) m=77 blocks 1x13 projected nullity 3, verified=True, rank 3 [split 0.0s trisolve 0.0s schur 0.2s null 0.0s lift 0.2s rank 0.0s]
  per6 (12, 8, 3, 3, 2, 2) d10 p=2147483629: a=3 n_chi=103815 mult=3 units=0 [1.2s]
  PER6 RESULT (12, 8, 3, 3, 2, 2) d10: a=3 N_S=405725 n_chi=103815 mult=3 units=0 proved: mult = a at both primes (S_mu not in the ideal over Q) (11.0s, HWM 0.27 GB)

=== rank 191 ((10, 7, 6, 5, 1, 1), 10) N_S 428030 a 6 2026-09-09T04:05:05.164000
      level 1: 33 prefixes
      level 2: 412 prefixes
      level 3: 3284 prefixes
      level 4: 17632 prefixes
      level 5: 65815 prefixes
      level 6: 180290 prefixes
      level 7: 340768 prefixes
      level 8: 419430 prefixes
      level 9: 428030 prefixes
      level 10: 428030 prefixes
  lam=(10, 7, 6, 5, 1, 1): N_S=428030 |Stab|=2 n_chi=174482 (orbits dropped: 79066) [lean, 1s, HWM 0.15 GB]
    E_01: |H|=2 targets 341795 canonical rows 138758 nnz 688355 (obstructed fixed targets cancelled: 18598) [1s, HWM 0.16 GB]
    E_12: |H|=2 targets 364021 canonical rows 147970 nnz 630622 (obstructed fixed targets cancelled: 14446) [3s, HWM 0.16 GB]
    E_23: |H|=2 targets 350680 canonical rows 142371 nnz 563729 (obstructed fixed targets cancelled: 12068) [4s, HWM 0.18 GB]
    E_34: |H|=1 targets 121106 canonical rows 121103 nnz 348964 (obstructed fixed targets cancelled: 0) [5s, HWM 0.18 GB]
    E_45: |H|=1 targets 253548 canonical rows 0 nnz 0 (obstructed fixed targets cancelled: 0) [5s, HWM 0.18 GB]
  built (10, 7, 6, 5, 1, 1) d10: N_S=428030 |Stab|=2 n_chi=174482 rows=550202 nnz=2231670 (7s: mono 1s orbits 1s rows 5s; HWM 0.18 GB)
    hybrid[per6 10_7_6_5_1_1d10] p=2147483647 attempt 0: |S|=174346 |U|=136 (a=6, excess 130) m=200 blocks 1x136 projected nullity 6, verified=True, rank 6 [split 0.1s trisolve 1.8s schur 0.9s null 0.0s lift 0.1s rank 0.1s]
  per6 (10, 7, 6, 5, 1, 1) d10 p=2147483647: a=6 n_chi=174482 mult=6 units=0 [4.0s]
    hybrid[per6 10_7_6_5_1_1d10] p=2147483629 attempt 0: |S|=174346 |U|=136 (a=6, excess 130) m=200 blocks 1x136 projected nullity 6, verified=True, rank 6 [split 0.1s trisolve 1.6s schur 1.0s null 0.0s lift 0.1s rank 0.1s]
  per6 (10, 7, 6, 5, 1, 1) d10 p=2147483629: a=6 n_chi=174482 mult=6 units=0 [3.7s]
  PER6 RESULT (10, 7, 6, 5, 1, 1) d10: a=6 N_S=428030 n_chi=174482 mult=6 units=0 proved: mult = a at both primes (S_mu not in the ideal over Q) (15.0s, HWM 0.57 GB)

=== rank 192 ((10, 9, 5, 3, 2, 1), 10) N_S 428505 a 16 2026-09-09T04:05:20.590144
      level 1: 38 prefixes
      level 2: 598 prefixes
      level 3: 4973 prefixes
      level 4: 25055 prefixes
      level 5: 83265 prefixes
      level 6: 196917 prefixes
      level 7: 345815 prefixes
      level 8: 420116 prefixes
      level 9: 428505 prefixes
      level 10: 428505 prefixes
  lam=(10, 9, 5, 3, 2, 1): N_S=428505 |Stab|=1 n_chi=428505 (orbits dropped: 0) [lean, 0s, HWM 0.14 GB]
    E_01: |H|=1 targets 390881 canonical rows 390881 nnz 1970318 (obstructed fixed targets cancelled: 0) [2s, HWM 0.25 GB]
    E_12: |H|=1 targets 293449 canonical rows 293449 nnz 1399609 (obstructed fixed targets cancelled: 0) [3s, HWM 0.25 GB]
    E_23: |H|=1 targets 274353 canonical rows 274353 nnz 990373 (obstructed fixed targets cancelled: 0) [4s, HWM 0.25 GB]
    E_34: |H|=1 targets 261794 canonical rows 261794 nnz 730711 (obstructed fixed targets cancelled: 0) [5s, HWM 0.25 GB]
    E_45: |H|=1 targets 188371 canonical rows 188371 nnz 428505 (obstructed fixed targets cancelled: 0) [6s, HWM 0.25 GB]
  built (10, 9, 5, 3, 2, 1) d10: N_S=428505 |Stab|=1 n_chi=428505 rows=1408848 nnz=5519516 (7s: mono 1s orbits 0s rows 6s; HWM 0.26 GB)
    hybrid[per6 10_9_5_3_2_1d10] p=2147483647 attempt 0: |S|=428339 |U|=166 (a=16, excess 150) m=230 blocks 2x145 projected nullity 16, verified=True, rank 16 [split 0.2s trisolve 6.2s schur 3.6s null 0.0s lift 3.9s rank 0.3s]
  per6 (10, 9, 5, 3, 2, 1) d10 p=2147483647: a=16 n_chi=428505 mult=16 units=0 [17.4s]
    hybrid[per6 10_9_5_3_2_1d10] p=2147483629 attempt 0: |S|=428339 |U|=166 (a=16, excess 150) m=230 blocks 2x145 projected nullity 16, verified=True, rank 16 [split 0.2s trisolve 3.9s schur 3.4s null 0.0s lift 2.4s rank 0.3s]
  per6 (10, 9, 5, 3, 2, 1) d10 p=2147483629: a=16 n_chi=428505 mult=16 units=0 [12.2s]
  PER6 RESULT (10, 9, 5, 3, 2, 1) d10: a=16 N_S=428505 n_chi=428505 mult=16 units=0 proved: mult = a at both primes (S_mu not in the ideal over Q) (37.9s, HWM 1.34 GB)

=== rank 193 ((13, 5, 4, 4, 3, 1), 10) N_S 437664 a 5 2026-09-09T04:05:58.892538
      level 1: 39 prefixes
      level 2: 683 prefixes
      level 3: 7176 prefixes
      level 4: 45781 prefixes
      level 5: 178750 prefixes
      level 6: 364572 prefixes
      level 7: 433420 prefixes
      level 8: 437664 prefixes
      level 9: 437664 prefixes
      level 10: 437664 prefixes
  lam=(13, 5, 4, 4, 3, 1): N_S=437664 |Stab|=2 n_chi=222385 (orbits dropped: 0) [lean, 1s, HWM 0.14 GB]
    E_01: |H|=2 targets 263039 canonical rows 133902 nnz 722183 (obstructed fixed targets cancelled: 0) [1s, HWM 0.16 GB]
    E_12: |H|=1 targets 339978 canonical rows 339978 nnz 1231693 (obstructed fixed targets cancelled: 0) [3s, HWM 0.19 GB]
    E_23: |H|=1 targets 378662 canonical rows 378662 nnz 1206384 (obstructed fixed targets cancelled: 0) [4s, HWM 0.22 GB]
    E_34: |H|=1 targets 312722 canonical rows 312722 nnz 1012045 (obstructed fixed targets cancelled: 0) [5s, HWM 0.22 GB]
    E_45: |H|=2 targets 159387 canonical rows 81525 nnz 222385 (obstructed fixed targets cancelled: 0) [6s, HWM 0.22 GB]
  built (13, 5, 4, 4, 3, 1) d10: N_S=437664 |Stab|=2 n_chi=222385 rows=1246789 nnz=4394690 (8s: mono 1s orbits 1s rows 6s; HWM 0.24 GB)
    hybrid[per6 13_5_4_4_3_1d10] p=2147483647 attempt 0: |S|=222353 |U|=32 (a=5, excess 27) m=96 blocks 1x32 projected nullity 5, verified=True, rank 5 [split 0.1s trisolve 0.4s schur 0.6s null 0.0s lift 0.2s rank 0.1s]
  per6 (13, 5, 4, 4, 3, 1) d10 p=2147483647: a=5 n_chi=222385 mult=5 units=0 [2.8s]
    hybrid[per6 13_5_4_4_3_1d10] p=2147483629 attempt 0: |S|=222353 |U|=32 (a=5, excess 27) m=96 blocks 1x32 projected nullity 5, verified=True, rank 5 [split 0.1s trisolve 0.7s schur 0.6s null 0.0s lift 0.6s rank 0.1s]
  per6 (13, 5, 4, 4, 3, 1) d10 p=2147483629: a=5 n_chi=222385 mult=5 units=0 [3.2s]
  PER6 RESULT (13, 5, 4, 4, 3, 1) d10: a=5 N_S=437664 n_chi=222385 mult=5 units=0 proved: mult = a at both primes (S_mu not in the ideal over Q) (15.0s, HWM 0.5 GB)

=== rank 194 ((12, 7, 5, 2, 2, 2), 10) N_S 438045 a 11 2026-09-09T04:06:14.278191
      level 1: 42 prefixes
      level 2: 758 prefixes
      level 3: 6993 prefixes
      level 4: 37997 prefixes
      level 5: 132336 prefixes
      level 6: 305088 prefixes
      level 7: 420000 prefixes
      level 8: 437739 prefixes
      level 9: 438045 prefixes
      level 10: 438045 prefixes
  lam=(12, 7, 5, 2, 2, 2): N_S=438045 |Stab|=6 n_chi=87017 (orbits dropped: 0) [lean, 2s, HWM 0.15 GB]
    E_01: |H|=6 targets 328327 canonical rows 65626 nnz 335984 (obstructed fixed targets cancelled: 0) [2s, HWM 0.15 GB]
    E_12: |H|=6 targets 335190 canonical rows 67095 nnz 275208 (obstructed fixed targets cancelled: 0) [5s, HWM 0.16 GB]
    E_23: |H|=2 targets 208520 canonical rows 111327 nnz 393522 (obstructed fixed targets cancelled: 0) [5s, HWM 0.16 GB]
    E_34: |H|=1 targets 324228 canonical rows 324228 nnz 662916 (obstructed fixed targets cancelled: 0) [6s, HWM 0.17 GB]
    E_45: |H|=1 targets 324228 canonical rows 324228 nnz 662916 (obstructed fixed targets cancelled: 0) [7s, HWM 0.18 GB]
  built (12, 7, 5, 2, 2, 2) d10: N_S=438045 |Stab|=6 n_chi=87017 rows=892504 nnz=2330546 (10s: mono 1s orbits 2s rows 7s; HWM 0.18 GB)
    hybrid[per6 12_7_5_2_2_2d10] p=2147483647 attempt 0: |S|=86976 |U|=41 (a=11, excess 30) m=105 blocks 1x41 projected nullity 11, verified=True, rank 11 [split 0.0s trisolve 0.3s schur 0.4s null 0.0s lift 1.2s rank 0.0s]
  per6 (12, 7, 5, 2, 2, 2) d10 p=2147483647: a=11 n_chi=87017 mult=11 units=0 [3.2s]
    hybrid[per6 12_7_5_2_2_2d10] p=2147483629 attempt 0: |S|=86976 |U|=41 (a=11, excess 30) m=105 blocks 1x41 projected nullity 11, verified=True, rank 11 [split 0.0s trisolve 0.2s schur 0.4s null 0.0s lift 1.0s rank 0.0s]
  per6 (12, 7, 5, 2, 2, 2) d10 p=2147483629: a=11 n_chi=87017 mult=11 units=0 [2.8s]
  PER6 RESULT (12, 7, 5, 2, 2, 2) d10: a=11 N_S=438045 n_chi=87017 mult=11 units=0 proved: mult = a at both primes (S_mu not in the ideal over Q) (16.4s, HWM 0.46 GB)

=== rank 195 ((11, 8, 4, 4, 2, 1), 10) N_S 452290 a 18 2026-09-09T04:06:31.057005
      level 1: 38 prefixes
      level 2: 636 prefixes
      level 3: 5607 prefixes
      level 4: 29968 prefixes
      level 5: 104031 prefixes
      level 6: 253412 prefixes
      level 7: 404964 prefixes
      level 8: 449907 prefixes
      level 9: 452290 prefixes
      level 10: 452290 prefixes
  lam=(11, 8, 4, 4, 2, 1): N_S=452290 |Stab|=2 n_chi=229940 (orbits dropped: 0) [lean, 1s, HWM 0.15 GB]
    E_01: |H|=2 targets 374825 canonical rows 190659 nnz 988110 (obstructed fixed targets cancelled: 0) [2s, HWM 0.18 GB]
    E_12: |H|=1 targets 281442 canonical rows 281442 nnz 1273626 (obstructed fixed targets cancelled: 0) [3s, HWM 0.20 GB]
    E_23: |H|=1 targets 390881 canonical rows 390881 nnz 1247476 (obstructed fixed targets cancelled: 0) [4s, HWM 0.22 GB]
    E_34: |H|=1 targets 239075 canonical rows 239075 nnz 771392 (obstructed fixed targets cancelled: 0) [5s, HWM 0.22 GB]
    E_45: |H|=2 targets 198792 canonical rows 101565 nnz 229940 (obstructed fixed targets cancelled: 0) [6s, HWM 0.22 GB]
  built (11, 8, 4, 4, 2, 1) d10: N_S=452290 |Stab|=2 n_chi=229940 rows=1203622 nnz=4510544 (7s: mono 0s orbits 1s rows 6s; HWM 0.23 GB)
    hybrid[per6 11_8_4_4_2_1d10] p=2147483647 attempt 0: |S|=229875 |U|=65 (a=18, excess 47) m=129 blocks 1x65 projected nullity 18, verified=True, rank 18 [split 0.1s trisolve 1.4s schur 1.1s null 0.0s lift 2.3s rank 0.1s]
  per6 (11, 8, 4, 4, 2, 1) d10 p=2147483647: a=18 n_chi=229940 mult=18 units=0 [8.4s]
    hybrid[per6 11_8_4_4_2_1d10] p=2147483629 attempt 0: |S|=229875 |U|=65 (a=18, excess 47) m=129 blocks 1x65 projected nullity 18, verified=True, rank 18 [split 0.1s trisolve 0.7s schur 1.2s null 0.0s lift 3.4s rank 0.2s]
  per6 (11, 8, 4, 4, 2, 1) d10 p=2147483629: a=18 n_chi=229940 mult=18 units=0 [8.0s]
  PER6 RESULT (11, 8, 4, 4, 2, 1) d10: a=18 N_S=452290 n_chi=229940 mult=18 units=0 proved: mult = a at both primes (S_mu not in the ideal over Q) (24.6s, HWM 0.92 GB)

=== rank 196 ((12, 7, 4, 3, 3, 1), 10) N_S 454359 a 7 2026-09-09T04:06:55.975571
      level 1: 39 prefixes
      level 2: 694 prefixes
      level 3: 6630 prefixes
      level 4: 37936 prefixes
      level 5: 136132 prefixes
      level 6: 316732 prefixes
      level 7: 436035 prefixes
      level 8: 454065 prefixes
      level 9: 454359 prefixes
      level 10: 454359 prefixes
  lam=(12, 7, 4, 3, 3, 1): N_S=454359 |Stab|=2 n_chi=220610 (orbits dropped: 13139) [lean, 1s, HWM 0.15 GB]
    E_01: |H|=2 targets 339978 canonical rows 164824 nnz 876861 (obstructed fixed targets cancelled: 6326) [2s, HWM 0.17 GB]
    E_12: |H|=2 targets 300517 canonical rows 145630 nnz 617970 (obstructed fixed targets cancelled: 4197) [3s, HWM 0.17 GB]
    E_23: |H|=1 targets 324228 canonical rows 323799 nnz 1021902 (obstructed fixed targets cancelled: 0) [4s, HWM 0.19 GB]
    E_34: |H|=1 targets 374825 canonical rows 372015 nnz 946639 (obstructed fixed targets cancelled: 0) [5s, HWM 0.21 GB]
    E_45: |H|=1 targets 165247 canonical rows 165244 nnz 441220 (obstructed fixed targets cancelled: 0) [6s, HWM 0.21 GB]
  built (12, 7, 4, 3, 3, 1) d10: N_S=454359 |Stab|=2 n_chi=220610 rows=1171512 nnz=3904592 (8s: mono 1s orbits 1s rows 6s; HWM 0.24 GB)
    hybrid[per6 12_7_4_3_3_1d10] p=2147483647 attempt 0: |S|=220562 |U|=48 (a=7, excess 41) m=112 blocks 1x48 projected nullity 7, verified=True, rank 7 [split 0.1s trisolve 0.7s schur 0.7s null 0.0s lift 0.8s rank 0.1s]
  per6 (12, 7, 4, 3, 3, 1) d10 p=2147483647: a=7 n_chi=220610 mult=7 units=0 [3.6s]
    hybrid[per6 12_7_4_3_3_1d10] p=2147483629 attempt 0: |S|=220562 |U|=48 (a=7, excess 41) m=112 blocks 1x48 projected nullity 7, verified=True, rank 7 [split 0.1s trisolve 0.2s schur 0.7s null 0.0s lift 0.7s rank 0.1s]
  per6 (12, 7, 4, 3, 3, 1) d10 p=2147483629: a=7 n_chi=220610 mult=7 units=0 [2.8s]
  PER6 RESULT (12, 7, 4, 3, 3, 1) d10: a=7 N_S=454359 n_chi=220610 mult=7 units=0 proved: mult = a at both primes (S_mu not in the ideal over Q) (15.1s, HWM 0.52 GB)

=== rank 197 ((12, 6, 5, 4, 2, 1), 10) N_S 456827 a 18 2026-09-09T04:07:11.553046
      level 1: 38 prefixes
      level 2: 608 prefixes
      level 3: 5824 prefixes
      level 4: 34103 prefixes
      level 5: 131337 prefixes
      level 6: 316517 prefixes
      level 7: 438192 prefixes
      level 8: 456523 prefixes
      level 9: 456827 prefixes
      level 10: 456827 prefixes
  lam=(12, 6, 5, 4, 2, 1): N_S=456827 |Stab|=1 n_chi=456827 (orbits dropped: 0) [lean, 0s, HWM 0.16 GB]
    E_01: |H|=1 targets 312722 canonical rows 312722 nnz 1670234 (obstructed fixed targets cancelled: 0) [1s, HWM 0.21 GB]
    E_12: |H|=1 targets 374825 canonical rows 374825 nnz 1492456 (obstructed fixed targets cancelled: 0) [3s, HWM 0.23 GB]
    E_23: |H|=1 targets 354279 canonical rows 354279 nnz 1286889 (obstructed fixed targets cancelled: 0) [4s, HWM 0.23 GB]
    E_34: |H|=1 targets 241557 canonical rows 241557 nnz 779602 (obstructed fixed targets cancelled: 0) [5s, HWM 0.23 GB]
    E_45: |H|=1 targets 200643 canonical rows 200643 nnz 456827 (obstructed fixed targets cancelled: 0) [6s, HWM 0.23 GB]
  built (12, 6, 5, 4, 2, 1) d10: N_S=456827 |Stab|=1 n_chi=456827 rows=1484026 nnz=5686008 (7s: mono 1s orbits 0s rows 6s; HWM 0.25 GB)
    hybrid[per6 12_6_5_4_2_1d10] p=2147483647 attempt 0: |S|=456672 |U|=155 (a=18, excess 137) m=219 blocks 2x136 projected nullity 18, verified=True, rank 18 [split 0.2s trisolve 4.6s schur 3.1s null 0.0s lift 2.0s rank 0.4s]
  per6 (12, 6, 5, 4, 2, 1) d10 p=2147483647: a=18 n_chi=456827 mult=18 units=0 [13.8s]
    hybrid[per6 12_6_5_4_2_1d10] p=2147483629 attempt 0: |S|=456672 |U|=155 (a=18, excess 137) m=219 blocks 2x136 projected nullity 18, verified=True, rank 18 [split 0.2s trisolve 3.0s schur 3.3s null 0.0s lift 2.5s rank 0.4s]
  per6 (12, 6, 5, 4, 2, 1) d10 p=2147483629: a=18 n_chi=456827 mult=18 units=0 [12.1s]
  PER6 RESULT (12, 6, 5, 4, 2, 1) d10: a=18 N_S=456827 n_chi=456827 mult=18 units=0 proved: mult = a at both primes (S_mu not in the ideal over Q) (34.4s, HWM 1.4 GB)

=== rank 198 ((13, 6, 4, 3, 2, 2), 10) N_S 459224 a 10 2026-09-09T04:07:46.403584
      level 1: 43 prefixes
      level 2: 855 prefixes
      level 3: 8813 prefixes
      level 4: 52293 prefixes
      level 5: 190548 prefixes
      level 6: 382784 prefixes
      level 7: 454725 prefixes
      level 8: 459224 prefixes
      level 9: 459224 prefixes
      level 10: 459224 prefixes
  lam=(13, 6, 4, 3, 2, 2): N_S=459224 |Stab|=2 n_chi=243732 (orbits dropped: 0) [lean, 1s, HWM 0.16 GB]
    E_01: |H|=2 targets 307453 canonical rows 163588 nnz 877487 (obstructed fixed targets cancelled: 0) [2s, HWM 0.16 GB]
    E_12: |H|=2 targets 326926 canonical rows 173861 nnz 678575 (obstructed fixed targets cancelled: 0) [3s, HWM 0.17 GB]
    E_23: |H|=2 targets 328327 canonical rows 174785 nnz 558732 (obstructed fixed targets cancelled: 0) [4s, HWM 0.19 GB]
    E_34: |H|=1 targets 280988 canonical rows 280988 nnz 783222 (obstructed fixed targets cancelled: 0) [5s, HWM 0.19 GB]
    E_45: |H|=1 targets 339978 canonical rows 339978 nnz 695989 (obstructed fixed targets cancelled: 0) [7s, HWM 0.20 GB]
  built (13, 6, 4, 3, 2, 2) d10: N_S=459224 |Stab|=2 n_chi=243732 rows=1133200 nnz=3594005 (8s: mono 1s orbits 1s rows 7s; HWM 0.20 GB)
    hybrid[per6 13_6_4_3_2_2d10] p=2147483647 attempt 0: |S|=243675 |U|=57 (a=10, excess 47) m=121 blocks 1x57 projected nullity 10, verified=True, rank 10 [split 0.1s trisolve 1.3s schur 0.8s null 0.0s lift 0.9s rank 0.1s]
  per6 (13, 6, 4, 3, 2, 2) d10 p=2147483647: a=10 n_chi=243732 mult=10 units=0 [4.7s]
    hybrid[per6 13_6_4_3_2_2d10] p=2147483629 attempt 0: |S|=243675 |U|=57 (a=10, excess 47) m=121 blocks 1x57 projected nullity 10, verified=True, rank 10 [split 0.1s trisolve 0.6s schur 0.9s null 0.0s lift 1.3s rank 0.3s]
  per6 (13, 6, 4, 3, 2, 2) d10 p=2147483629: a=10 n_chi=243732 mult=10 units=0 [4.5s]
  PER6 RESULT (13, 6, 4, 3, 2, 2) d10: a=10 N_S=459224 n_chi=243732 mult=10 units=0 proved: mult = a at both primes (S_mu not in the ideal over Q) (18.2s, HWM 0.64 GB)

=== rank 199 ((11, 7, 6, 3, 2, 1), 10) N_S 459381 a 20 2026-09-09T04:08:05.002896
      level 1: 38 prefixes
      level 2: 580 prefixes
      level 3: 5115 prefixes
      level 4: 27460 prefixes
      level 5: 98847 prefixes
      level 6: 252964 prefixes
      level 7: 410533 prefixes
      level 8: 456925 prefixes
      level 9: 459381 prefixes
      level 10: 459381 prefixes
  lam=(11, 7, 6, 3, 2, 1): N_S=459381 |Stab|=1 n_chi=459381 (orbits dropped: 0) [lean, 0s, HWM 0.15 GB]
    E_01: |H|=1 targets 354279 canonical rows 354279 nnz 1844607 (obstructed fixed targets cancelled: 0) [2s, HWM 0.23 GB]
    E_12: |H|=1 targets 390881 canonical rows 390881 nnz 1682527 (obstructed fixed targets cancelled: 0) [4s, HWM 0.25 GB]
    E_23: |H|=1 targets 269022 canonical rows 269022 nnz 1063004 (obstructed fixed targets cancelled: 0) [5s, HWM 0.25 GB]
    E_34: |H|=1 targets 280477 canonical rows 280477 nnz 784026 (obstructed fixed targets cancelled: 0) [6s, HWM 0.25 GB]
    E_45: |H|=1 targets 201684 canonical rows 201684 nnz 459381 (obstructed fixed targets cancelled: 0) [6s, HWM 0.25 GB]
  built (11, 7, 6, 3, 2, 1) d10: N_S=459381 |Stab|=1 n_chi=459381 rows=1496343 nnz=5833545 (8s: mono 1s orbits 0s rows 6s; HWM 0.26 GB)
    hybrid[per6 11_7_6_3_2_1d10] p=2147483647 attempt 0: |S|=459214 |U|=167 (a=20, excess 147) m=231 blocks 2x136 projected nullity 20, verified=True, rank 20 [split 0.2s trisolve 5.6s schur 3.5s null 0.0s lift 3.7s rank 0.4s]
  per6 (11, 7, 6, 3, 2, 1) d10 p=2147483647: a=20 n_chi=459381 mult=20 units=0 [16.8s]
    hybrid[per6 11_7_6_3_2_1d10] p=2147483629 attempt 0: |S|=459214 |U|=167 (a=20, excess 147) m=231 blocks 2x136 projected nullity 20, verified=True, rank 20 [split 0.2s trisolve 3.0s schur 3.4s null 0.0s lift 2.5s rank 0.4s]
  per6 (11, 7, 6, 3, 2, 1) d10 p=2147483629: a=20 n_chi=459381 mult=20 units=0 [12.4s]
  PER6 RESULT (11, 7, 6, 3, 2, 1) d10: a=20 N_S=459381 n_chi=459381 mult=20 units=0 proved: mult = a at both primes (S_mu not in the ideal over Q) (38.4s, HWM 1.39 GB)

=== rank 200 ((11, 9, 3, 3, 2, 2), 10) N_S 460380 a 3 2026-09-09T04:08:43.767434
      level 1: 44 prefixes
      level 2: 801 prefixes
      level 3: 7244 prefixes
      level 4: 37158 prefixes
      level 5: 117009 prefixes
      level 6: 263273 prefixes
      level 7: 412355 prefixes
      level 8: 457888 prefixes
      level 9: 460380 prefixes
      level 10: 460380 prefixes
  lam=(11, 9, 3, 3, 2, 2): N_S=460380 |Stab|=4 n_chi=117840 (orbits dropped: 8617) [lean, 1s, HWM 0.15 GB]
    E_01: |H|=4 targets 405725 canonical rows 103815 nnz 528619 (obstructed fixed targets cancelled: 8681) [3s, HWM 0.17 GB]
    E_12: |H|=2 targets 226314 canonical rows 120867 nnz 540880 (obstructed fixed targets cancelled: 0) [4s, HWM 0.17 GB]
    E_23: |H|=2 targets 379981 canonical rows 200451 nnz 499523 (obstructed fixed targets cancelled: 0) [5s, HWM 0.18 GB]
    E_34: |H|=1 targets 281442 canonical rows 281202 nnz 759918 (obstructed fixed targets cancelled: 0) [6s, HWM 0.18 GB]
    E_45: |H|=2 targets 340775 canonical rows 163983 nnz 335742 (obstructed fixed targets cancelled: 942) [7s, HWM 0.19 GB]
  built (11, 9, 3, 3, 2, 2) d10: N_S=460380 |Stab|=4 n_chi=117840 rows=870318 nnz=2664682 (10s: mono 1s orbits 1s rows 7s; HWM 0.19 GB)
    hybrid[per6 11_9_3_3_2_2d10] p=2147483647 attempt 0: |S|=117821 |U|=19 (a=3, excess 16) m=83 blocks 1x19 projected nullity 3, verified=True, rank 3 [split 0.1s trisolve 0.1s schur 0.3s null 0.0s lift 0.2s rank 0.0s]
  per6 (11, 9, 3, 3, 2, 2) d10 p=2147483647: a=3 n_chi=117840 mult=3 units=0 [1.5s]
    hybrid[per6 11_9_3_3_2_2d10] p=2147483629 attempt 0: |S|=117821 |U|=19 (a=3, excess 16) m=83 blocks 1x19 projected nullity 3, verified=True, rank 3 [split 0.1s trisolve 0.0s schur 0.3s null 0.0s lift 0.3s rank 0.0s]
  per6 (11, 9, 3, 3, 2, 2) d10 p=2147483629: a=3 n_chi=117840 mult=3 units=0 [1.5s]
  PER6 RESULT (11, 9, 3, 3, 2, 2) d10: a=3 N_S=460380 n_chi=117840 mult=3 units=0 proved: mult = a at both primes (S_mu not in the ideal over Q) (13.7s, HWM 0.3 GB)

=== rank 201 ((9, 8, 6, 5, 1, 1), 10) N_S 478134 a 4 2026-09-09T04:08:57.900116
      level 1: 25 prefixes
      level 2: 387 prefixes
      level 3: 3154 prefixes
      level 4: 16805 prefixes
      level 5: 61533 prefixes
      level 6: 164518 prefixes
      level 7: 331855 prefixes
      level 8: 454939 prefixes
      level 9: 478134 prefixes
      level 10: 478134 prefixes
  lam=(9, 8, 6, 5, 1, 1): N_S=478134 |Stab|=2 n_chi=195262 (orbits dropped: 87610) [lean, 1s, HWM 0.16 GB]
    E_01: |H|=2 targets 428030 canonical rows 174482 nnz 834911 (obstructed fixed targets cancelled: 21000) [2s, HWM 0.18 GB]
    E_12: |H|=2 targets 382531 canonical rows 155680 nnz 707259 (obstructed fixed targets cancelled: 17031) [4s, HWM 0.18 GB]
    E_23: |H|=2 targets 391444 canonical rows 159215 nnz 632879 (obstructed fixed targets cancelled: 13357) [5s, HWM 0.19 GB]
    E_34: |H|=1 targets 134803 canonical rows 134799 nnz 390524 (obstructed fixed targets cancelled: 0) [5s, HWM 0.19 GB]
    E_45: |H|=1 targets 282872 canonical rows 0 nnz 0 (obstructed fixed targets cancelled: 0) [6s, HWM 0.19 GB]
  built (9, 8, 6, 5, 1, 1) d10: N_S=478134 |Stab|=2 n_chi=195262 rows=624176 nnz=2565573 (8s: mono 1s orbits 1s rows 6s; HWM 0.19 GB)
    hybrid[per6 9_8_6_5_1_1d10] p=2147483647 attempt 0: |S|=195060 |U|=202 (a=4, excess 198) m=266 blocks 1x202 projected nullity 4, verified=True, rank 4 [split 0.1s trisolve 3.4s schur 1.7s null 0.0s lift 0.1s rank 0.1s]
  per6 (9, 8, 6, 5, 1, 1) d10 p=2147483647: a=4 n_chi=195262 mult=4 units=0 [6.2s]
    hybrid[per6 9_8_6_5_1_1d10] p=2147483629 attempt 0: |S|=195060 |U|=202 (a=4, excess 198) m=266 blocks 1x202 projected nullity 4, verified=True, rank 4 [split 0.1s trisolve 1.9s schur 1.7s null 0.0s lift 0.1s rank 0.1s]
  per6 (9, 8, 6, 5, 1, 1) d10 p=2147483629: a=4 n_chi=195262 mult=4 units=0 [4.6s]
  PER6 RESULT (9, 8, 6, 5, 1, 1) d10: a=4 N_S=478134 n_chi=195262 mult=4 units=0 proved: mult = a at both primes (S_mu not in the ideal over Q) (18.9s, HWM 0.82 GB)

=== rank 202 ((12, 6, 6, 2, 2, 2), 10) N_S 478910 a 10 2026-09-09T04:09:17.167066
      level 1: 42 prefixes
      level 2: 713 prefixes
      level 3: 6718 prefixes
      level 4: 37379 prefixes
      level 5: 138977 prefixes
      level 6: 331711 prefixes
      level 7: 459110 prefixes
      level 8: 478571 prefixes
      level 9: 478910 prefixes
      level 10: 478910 prefixes
  lam=(12, 6, 6, 2, 2, 2): N_S=478910 |Stab|=12 n_chi=48325 (orbits dropped: 0) [lean, 4s, HWM 0.16 GB]
    E_01: |H|=6 targets 328327 canonical rows 65626 nnz 335984 (obstructed fixed targets cancelled: 0) [2s, HWM 0.16 GB]
    E_12: |H|=6 targets 438045 canonical rows 87017 nnz 332838 (obstructed fixed targets cancelled: 0) [6s, HWM 0.18 GB]
    E_23: |H|=2 targets 208520 canonical rows 111327 nnz 430345 (obstructed fixed targets cancelled: 0) [7s, HWM 0.18 GB]
    E_34: |H|=2 targets 354279 canonical rows 178566 nnz 364935 (obstructed fixed targets cancelled: 0) [8s, HWM 0.18 GB]
    E_45: |H|=2 targets 354279 canonical rows 178566 nnz 364935 (obstructed fixed targets cancelled: 0) [9s, HWM 0.18 GB]
  built (12, 6, 6, 2, 2, 2) d10: N_S=478910 |Stab|=12 n_chi=48325 rows=621102 nnz=1829037 (14s: mono 1s orbits 4s rows 9s; HWM 0.18 GB)
    hybrid[per6 12_6_6_2_2_2d10] p=2147483647 attempt 0: |S|=48307 |U|=18 (a=10, excess 8) m=82 blocks 1x18 projected nullity 10, verified=True, rank 10 [split 0.0s trisolve 0.0s schur 0.2s null 0.0s lift 0.6s rank 0.0s]
  per6 (12, 6, 6, 2, 2, 2) d10 p=2147483647: a=10 n_chi=48325 mult=10 units=0 [2.3s]
    hybrid[per6 12_6_6_2_2_2d10] p=2147483629 attempt 0: |S|=48307 |U|=18 (a=10, excess 8) m=82 blocks 1x18 projected nullity 10, verified=True, rank 10 [split 0.0s trisolve 0.0s schur 0.2s null 0.0s lift 0.6s rank 0.0s]
  per6 (12, 6, 6, 2, 2, 2) d10 p=2147483629: a=10 n_chi=48325 mult=10 units=0 [2.0s]
  PER6 RESULT (12, 6, 6, 2, 2, 2) d10: a=10 N_S=478910 n_chi=48325 mult=10 units=0 proved: mult = a at both primes (S_mu not in the ideal over Q) (19.1s, HWM 0.35 GB)

=== rank 203 ((10, 10, 3, 3, 2, 2), 10) N_S 480240 a 1 2026-09-09T04:09:36.557630
      level 1: 44 prefixes
      level 2: 773 prefixes
      level 3: 6805 prefixes
      level 4: 33391 prefixes
      level 5: 104671 prefixes
      level 6: 230171 prefixes
      level 7: 389684 prefixes
      level 8: 470756 prefixes
      level 9: 480240 prefixes
      level 10: 480240 prefixes
  lam=(10, 10, 3, 3, 2, 2): N_S=480240 |Stab|=8 n_chi=61511 (orbits dropped: 4966) [lean, 3s, HWM 0.16 GB]
    E_01: |H|=4 targets 460380 canonical rows 117832 nnz 578309 (obstructed fixed targets cancelled: 9022) [3s, HWM 0.18 GB]
    E_12: |H|=2 targets 226314 canonical rows 120789 nnz 562686 (obstructed fixed targets cancelled: 0) [4s, HWM 0.18 GB]
    E_23: |H|=4 targets 396300 canonical rows 105092 nnz 260518 (obstructed fixed targets cancelled: 0) [6s, HWM 0.19 GB]
    E_34: |H|=2 targets 293449 canonical rows 147080 nnz 396100 (obstructed fixed targets cancelled: 0) [7s, HWM 0.19 GB]
    E_45: |H|=4 targets 355386 canonical rows 85476 nnz 174962 (obstructed fixed targets cancelled: 1024) [8s, HWM 0.19 GB]
  built (10, 10, 3, 3, 2, 2) d10: N_S=480240 |Stab|=8 n_chi=61511 rows=576269 nnz=1972575 (12s: mono 1s orbits 3s rows 8s; HWM 0.19 GB)
    hybrid[per6 10_10_3_3_2_2d10] p=2147483647 attempt 0: |S|=61499 |U|=12 (a=1, excess 11) m=76 blocks 1x12 projected nullity 1, verified=True, rank 1 [split 0.0s trisolve 0.0s schur 0.1s null 0.0s lift 0.1s rank 0.0s]
  per6 (10, 10, 3, 3, 2, 2) d10 p=2147483647: a=1 n_chi=61511 mult=1 units=0 [1.1s]
    hybrid[per6 10_10_3_3_2_2d10] p=2147483629 attempt 0: |S|=61499 |U|=12 (a=1, excess 11) m=76 blocks 1x12 projected nullity 1, verified=True, rank 1 [split 0.0s trisolve 0.0s schur 0.1s null 0.0s lift 0.1s rank 0.0s]
  per6 (10, 10, 3, 3, 2, 2) d10 p=2147483629: a=1 n_chi=61511 mult=1 units=0 [1.1s]
  PER6 RESULT (10, 10, 3, 3, 2, 2) d10: a=1 N_S=480240 n_chi=61511 mult=1 units=0 proved: mult = a at both primes (S_mu not in the ideal over Q) (14.8s, HWM 0.21 GB)

=== rank 204 ((10, 9, 4, 4, 2, 1), 10) N_S 496041 a 11 2026-09-09T04:09:51.787688
      level 1: 38 prefixes
      level 2: 619 prefixes
      level 3: 5357 prefixes
      level 4: 27620 prefixes
      level 5: 94191 prefixes
      level 6: 226825 prefixes
      level 7: 400521 prefixes
      level 8: 486495 prefixes
      level 9: 496041 prefixes
      level 10: 496041 prefixes
  lam=(10, 9, 4, 4, 2, 1): N_S=496041 |Stab|=2 n_chi=252109 (orbits dropped: 0) [lean, 1s, HWM 0.17 GB]
    E_01: |H|=2 targets 452290 canonical rows 229940 nnz 1157644 (obstructed fixed targets cancelled: 0) [2s, HWM 0.20 GB]
    E_12: |H|=1 targets 293449 canonical rows 293449 nnz 1399609 (obstructed fixed targets cancelled: 0) [4s, HWM 0.21 GB]
    E_23: |H|=1 targets 428505 canonical rows 428505 nnz 1371159 (obstructed fixed targets cancelled: 0) [5s, HWM 0.24 GB]
    E_34: |H|=1 targets 261794 canonical rows 261794 nnz 846746 (obstructed fixed targets cancelled: 0) [6s, HWM 0.24 GB]
    E_45: |H|=2 targets 217694 canonical rows 111178 nnz 252109 (obstructed fixed targets cancelled: 0) [7s, HWM 0.24 GB]
  built (10, 9, 4, 4, 2, 1) d10: N_S=496041 |Stab|=2 n_chi=252109 rows=1324866 nnz=5027267 (8s: mono 1s orbits 1s rows 7s; HWM 0.25 GB)
    hybrid[per6 10_9_4_4_2_1d10] p=2147483647 attempt 0: |S|=252036 |U|=73 (a=11, excess 62) m=137 blocks 1x73 projected nullity 11, verified=True, rank 11 [split 0.1s trisolve 1.0s schur 1.4s null 0.0s lift 1.5s rank 0.1s]
  per6 (10, 9, 4, 4, 2, 1) d10 p=2147483647: a=11 n_chi=252109 mult=11 units=0 [5.8s]
    hybrid[per6 10_9_4_4_2_1d10] p=2147483629 attempt 0: |S|=252036 |U|=73 (a=11, excess 62) m=137 blocks 1x73 projected nullity 11, verified=True, rank 11 [split 0.3s trisolve 1.3s schur 1.6s null 0.0s lift 2.4s rank 0.1s]
  per6 (10, 9, 4, 4, 2, 1) d10 p=2147483629: a=11 n_chi=252109 mult=11 units=0 [7.2s]
  PER6 RESULT (10, 9, 4, 4, 2, 1) d10: a=11 N_S=496041 n_chi=252109 mult=11 units=0 proved: mult = a at both primes (S_mu not in the ideal over Q) (22.3s, HWM 0.77 GB)

=== rank 205 ((13, 4, 4, 4, 4, 1), 10) N_S 506078 a 2 2026-09-09T04:10:14.435263
      level 1: 38 prefixes
      level 2: 653 prefixes
      level 3: 7059 prefixes
      level 4: 48888 prefixes
      level 5: 203246 prefixes
      level 6: 421074 prefixes
      level 7: 501192 prefixes
      level 8: 506078 prefixes
      level 9: 506078 prefixes
      level 10: 506078 prefixes
  lam=(13, 4, 4, 4, 4, 1): N_S=506078 |Stab|=24 n_chi=23347 (orbits dropped: 0) [lean, 9s, HWM 0.17 GB]
    E_01: |H|=6 targets 263039 canonical rows 46259 nnz 246550 (obstructed fixed targets cancelled: 0) [2s, HWM 0.17 GB]
    E_12: |H|=2 targets 437664 canonical rows 222385 nnz 707021 (obstructed fixed targets cancelled: 0) [4s, HWM 0.18 GB]
    E_23: |H|=2 targets 437664 canonical rows 222385 nnz 707021 (obstructed fixed targets cancelled: 0) [6s, HWM 0.19 GB]
    E_34: |H|=2 targets 437664 canonical rows 222385 nnz 707021 (obstructed fixed targets cancelled: 0) [8s, HWM 0.21 GB]
    E_45: |H|=6 targets 159387 canonical rows 28429 nnz 88496 (obstructed fixed targets cancelled: 0) [8s, HWM 0.21 GB]
  built (13, 4, 4, 4, 4, 1) d10: N_S=506078 |Stab|=24 n_chi=23347 rows=741843 nnz=2456109 (19s: mono 1s orbits 9s rows 8s; HWM 0.21 GB)
    hybrid[per6 13_4_4_4_4_1d10] p=2147483647 attempt 0: |S|=23342 |U|=5 (a=2, excess 3) m=69 blocks 1x5 projected nullity 2, verified=True, rank 2 [split 0.0s trisolve 0.0s schur 0.1s null 0.0s lift 0.1s rank 0.0s]
  per6 (13, 4, 4, 4, 4, 1) d10 p=2147483647: a=2 n_chi=23347 mult=2 units=0 [1.2s]
    hybrid[per6 13_4_4_4_4_1d10] p=2147483629 attempt 0: |S|=23342 |U|=5 (a=2, excess 3) m=69 blocks 1x5 projected nullity 2, verified=True, rank 2 [split 0.0s trisolve 0.0s schur 0.1s null 0.0s lift 0.1s rank 0.0s]
  per6 (13, 4, 4, 4, 4, 1) d10 p=2147483629: a=2 n_chi=23347 mult=2 units=0 [1.1s]
  PER6 RESULT (13, 4, 4, 4, 4, 1) d10: a=2 N_S=506078 n_chi=23347 mult=2 units=0 proved: mult = a at both primes (S_mu not in the ideal over Q) (21.9s, HWM 0.24 GB)

=== rank 206 ((12, 5, 5, 5, 2, 1), 10) N_S 509639 a 2 2026-09-09T04:10:36.824585
      level 1: 37 prefixes
      level 2: 570 prefixes
      level 3: 5431 prefixes
      level 4: 33627 prefixes
      level 5: 140417 prefixes
      level 6: 351226 prefixes
      level 7: 488913 prefixes
      level 8: 509312 prefixes
      level 9: 509639 prefixes
      level 10: 509639 prefixes
  lam=(12, 5, 5, 5, 2, 1): N_S=509639 |Stab|=6 n_chi=82298 (orbits dropped: 5343) [lean, 2s, HWM 0.16 GB]
    E_01: |H|=2 targets 312722 canonical rows 154513 nnz 806658 (obstructed fixed targets cancelled: 2715) [2s, HWM 0.16 GB]
    E_12: |H|=1 targets 456827 canonical rows 456484 nnz 1590795 (obstructed fixed targets cancelled: 0) [4s, HWM 0.23 GB]
    E_23: |H|=1 targets 456827 canonical rows 456484 nnz 1590795 (obstructed fixed targets cancelled: 0) [5s, HWM 0.26 GB]
    E_34: |H|=2 targets 241557 canonical rows 119302 nnz 421417 (obstructed fixed targets cancelled: 1316) [6s, HWM 0.26 GB]
    E_45: |H|=6 targets 223261 canonical rows 35675 nnz 81596 (obstructed fixed targets cancelled: 2106) [8s, HWM 0.26 GB]
  built (12, 5, 5, 5, 2, 1) d10: N_S=509639 |Stab|=6 n_chi=82298 rows=1222458 nnz=4491261 (11s: mono 1s orbits 2s rows 8s; HWM 0.26 GB)
    hybrid[per6 12_5_5_5_2_1d10] p=2147483647 attempt 0: |S|=82290 |U|=8 (a=2, excess 6) m=72 blocks 1x8 projected nullity 2, verified=True, rank 2 [split 0.0s trisolve 0.0s schur 0.2s null 0.0s lift 0.2s rank 0.0s]
  per6 (12, 5, 5, 5, 2, 1) d10 p=2147483647: a=2 n_chi=82298 mult=2 units=0 [1.4s]
    hybrid[per6 12_5_5_5_2_1d10] p=2147483629 attempt 0: |S|=82290 |U|=8 (a=2, excess 6) m=72 blocks 1x8 projected nullity 2, verified=True, rank 2 [split 0.0s trisolve 0.0s schur 0.2s null 0.0s lift 0.1s rank 0.0s]
  per6 (12, 5, 5, 5, 2, 1) d10 p=2147483629: a=2 n_chi=82298 mult=2 units=0 [1.4s]
  PER6 RESULT (12, 5, 5, 5, 2, 1) d10: a=2 N_S=509639 n_chi=82298 mult=2 units=0 proved: mult = a at both primes (S_mu not in the ideal over Q) (14.5s, HWM 0.34 GB)

=== rank 207 ((13, 5, 5, 3, 2, 2), 10) N_S 511721 a 2 2026-09-09T04:10:51.698017
      level 1: 43 prefixes
      level 2: 805 prefixes
      level 3: 8596 prefixes
      level 4: 53984 prefixes
      level 5: 208948 prefixes
      level 6: 426229 prefixes
      level 7: 506773 prefixes
      level 8: 511721 prefixes
      level 9: 511721 prefixes
      level 10: 511721 prefixes
  lam=(13, 5, 5, 3, 2, 2): N_S=511721 |Stab|=4 n_chi=133747 (orbits dropped: 3735) [lean, 2s, HWM 0.16 GB]
    E_01: |H|=2 targets 307453 canonical rows 163542 nnz 866016 (obstructed fixed targets cancelled: 0) [2s, HWM 0.16 GB]
    E_12: |H|=2 targets 459224 canonical rows 243582 nnz 849078 (obstructed fixed targets cancelled: 0) [4s, HWM 0.20 GB]
    E_23: |H|=2 targets 328327 canonical rows 174745 nnz 615206 (obstructed fixed targets cancelled: 0) [5s, HWM 0.20 GB]
    E_34: |H|=2 targets 312722 canonical rows 154507 nnz 430451 (obstructed fixed targets cancelled: 1177) [7s, HWM 0.20 GB]
    E_45: |H|=2 targets 378662 canonical rows 186505 nnz 382824 (obstructed fixed targets cancelled: 496) [8s, HWM 0.21 GB]
  built (13, 5, 5, 3, 2, 2) d10: N_S=511721 |Stab|=4 n_chi=133747 rows=922881 nnz=3143575 (11s: mono 1s orbits 2s rows 8s; HWM 0.21 GB)
    hybrid[per6 13_5_5_3_2_2d10] p=2147483647 attempt 0: |S|=133728 |U|=19 (a=2, excess 17) m=83 blocks 1x19 projected nullity 2, verified=True, rank 2 [split 0.1s trisolve 0.1s schur 0.3s null 0.0s lift 0.1s rank 0.0s]
  per6 (13, 5, 5, 3, 2, 2) d10 p=2147483647: a=2 n_chi=133747 mult=2 units=0 [1.6s]
    hybrid[per6 13_5_5_3_2_2d10] p=2147483629 attempt 0: |S|=133728 |U|=19 (a=2, excess 17) m=83 blocks 1x19 projected nullity 2, verified=True, rank 2 [split 0.1s trisolve 0.0s schur 0.3s null 0.0s lift 0.1s rank 0.0s]
  per6 (13, 5, 5, 3, 2, 2) d10 p=2147483629: a=2 n_chi=133747 mult=2 units=0 [1.4s]
  PER6 RESULT (13, 5, 5, 3, 2, 2) d10: a=2 N_S=511721 n_chi=133747 mult=2 units=0 proved: mult = a at both primes (S_mu not in the ideal over Q) (14.5s, HWM 0.29 GB)

=== rank 208 ((9, 7, 7, 5, 1, 1), 10) N_S 514201 a 4 2026-09-09T04:11:06.601758
      level 1: 25 prefixes
      level 2: 383 prefixes
      level 3: 2962 prefixes
      level 4: 15798 prefixes
      level 5: 59706 prefixes
      level 6: 166963 prefixes
      level 7: 351341 prefixes
      level 8: 488488 prefixes
      level 9: 514201 prefixes
      level 10: 514201 prefixes
  lam=(9, 7, 7, 5, 1, 1): N_S=514201 |Stab|=4 n_chi=105019 (orbits dropped: 48064) [lean, 2s, HWM 0.16 GB]
    E_01: |H|=2 targets 428030 canonical rows 174482 nnz 833306 (obstructed fixed targets cancelled: 21000) [2s, HWM 0.18 GB]
    E_12: |H|=2 targets 478134 canonical rows 195254 nnz 829100 (obstructed fixed targets cancelled: 18598) [4s, HWM 0.20 GB]
    E_23: |H|=2 targets 391444 canonical rows 159213 nnz 679415 (obstructed fixed targets cancelled: 15513) [6s, HWM 0.20 GB]
    E_34: |H|=2 targets 144559 canonical rows 71634 nnz 208741 (obstructed fixed targets cancelled: 717) [6s, HWM 0.20 GB]
    E_45: |H|=2 targets 303812 canonical rows 0 nnz 0 (obstructed fixed targets cancelled: 481) [7s, HWM 0.20 GB]
  built (9, 7, 7, 5, 1, 1) d10: N_S=514201 |Stab|=4 n_chi=105019 rows=600583 nnz=2550562 (9s: mono 0s orbits 2s rows 7s; HWM 0.20 GB)
    hybrid[per6 9_7_7_5_1_1d10] p=2147483647 attempt 0: |S|=104950 |U|=69 (a=4, excess 65) m=133 blocks 1x69 projected nullity 4, verified=True, rank 4 [split 0.1s trisolve 0.5s schur 0.7s null 0.0s lift 0.1s rank 0.0s]
  per6 (9, 7, 7, 5, 1, 1) d10 p=2147483647: a=4 n_chi=105019 mult=4 units=0 [2.1s]
    hybrid[per6 9_7_7_5_1_1d10] p=2147483629 attempt 0: |S|=104950 |U|=69 (a=4, excess 65) m=133 blocks 1x69 projected nullity 4, verified=True, rank 4 [split 0.1s trisolve 0.5s schur 0.7s null 0.0s lift 0.1s rank 0.0s]
  per6 (9, 7, 7, 5, 1, 1) d10 p=2147483629: a=4 n_chi=105019 mult=4 units=0 [2.1s]
  PER6 RESULT (9, 7, 7, 5, 1, 1) d10: a=4 N_S=514201 n_chi=105019 mult=4 units=0 proved: mult = a at both primes (S_mu not in the ideal over Q) (14.0s, HWM 0.36 GB)

=== rank 209 ((11, 8, 5, 2, 2, 2), 10) N_S 528663 a 14 2026-09-09T04:11:20.944981
      level 1: 42 prefixes
      level 2: 735 prefixes
      level 3: 6689 prefixes
      level 4: 35849 prefixes
      level 5: 122529 prefixes
      level 6: 296175 prefixes
      level 7: 473212 prefixes
      level 8: 525860 prefixes
      level 9: 528663 prefixes
      level 10: 528663 prefixes
  lam=(11, 8, 5, 2, 2, 2): N_S=528663 |Stab|=6 n_chi=104651 (orbits dropped: 0) [lean, 2s, HWM 0.16 GB]
    E_01: |H|=6 targets 438045 canonical rows 87017 nnz 437954 (obstructed fixed targets cancelled: 0) [3s, HWM 0.17 GB]
    E_12: |H|=6 targets 379981 canonical rows 75818 nnz 332813 (obstructed fixed targets cancelled: 0) [6s, HWM 0.18 GB]
    E_23: |H|=2 targets 250633 canonical rows 133639 nnz 475259 (obstructed fixed targets cancelled: 0) [7s, HWM 0.18 GB]
    E_34: |H|=1 targets 390881 canonical rows 390881 nnz 802139 (obstructed fixed targets cancelled: 0) [8s, HWM 0.19 GB]
    E_45: |H|=1 targets 390881 canonical rows 390881 nnz 802139 (obstructed fixed targets cancelled: 0) [9s, HWM 0.20 GB]
  built (11, 8, 5, 2, 2, 2) d10: N_S=528663 |Stab|=6 n_chi=104651 rows=1078236 nnz=2850304 (12s: mono 1s orbits 2s rows 9s; HWM 0.20 GB)
    hybrid[per6 11_8_5_2_2_2d10] p=2147483647 attempt 0: |S|=104592 |U|=59 (a=14, excess 45) m=123 blocks 1x59 projected nullity 14, verified=True, rank 14 [split 0.1s trisolve 0.4s schur 0.7s null 0.0s lift 2.0s rank 0.0s]
  per6 (11, 8, 5, 2, 2, 2) d10 p=2147483647: a=14 n_chi=104651 mult=14 units=0 [5.0s]
    hybrid[per6 11_8_5_2_2_2d10] p=2147483629 attempt 0: |S|=104592 |U|=59 (a=14, excess 45) m=123 blocks 1x59 projected nullity 14, verified=True, rank 14 [split 0.0s trisolve 0.6s schur 0.8s null 0.0s lift 1.6s rank 0.0s]
  per6 (11, 8, 5, 2, 2, 2) d10 p=2147483629: a=14 n_chi=104651 mult=14 units=0 [4.9s]
  PER6 RESULT (11, 8, 5, 2, 2, 2) d10: a=14 N_S=528663 n_chi=104651 mult=14 units=0 proved: mult = a at both primes (S_mu not in the ideal over Q) (23.2s, HWM 0.63 GB)

=== rank 210 ((10, 8, 6, 3, 2, 1), 10) N_S 535540 a 20 2026-09-09T04:11:44.484990
      level 1: 38 prefixes
      level 2: 574 prefixes
      level 3: 4892 prefixes
      level 4: 26029 prefixes
      level 5: 92503 prefixes
      level 6: 235639 prefixes
      level 7: 429642 prefixes
      level 8: 525071 prefixes
      level 9: 535540 prefixes
      level 10: 535540 prefixes
  lam=(10, 8, 6, 3, 2, 1): N_S=535540 |Stab|=1 n_chi=535540 (orbits dropped: 0) [lean, 1s, HWM 0.16 GB]
    E_01: |H|=1 targets 459381 canonical rows 459381 nnz 2330105 (obstructed fixed targets cancelled: 0) [3s, HWM 0.27 GB]
    E_12: |H|=1 targets 428505 canonical rows 428505 nnz 1970318 (obstructed fixed targets cancelled: 0) [4s, HWM 0.28 GB]
    E_23: |H|=1 targets 312789 canonical rows 312789 nnz 1242063 (obstructed fixed targets cancelled: 0) [6s, HWM 0.28 GB]
    E_34: |H|=1 targets 326381 canonical rows 326381 nnz 915254 (obstructed fixed targets cancelled: 0) [7s, HWM 0.28 GB]
    E_45: |H|=1 targets 234560 canonical rows 234560 nnz 535540 (obstructed fixed targets cancelled: 0) [7s, HWM 0.28 GB]
  built (10, 8, 6, 3, 2, 1) d10: N_S=535540 |Stab|=1 n_chi=535540 rows=1761616 nnz=6993280 (9s: mono 1s orbits 1s rows 8s; HWM 0.32 GB)
    hybrid[per6 10_8_6_3_2_1d10] p=2147483647 attempt 0: |S|=535326 |U|=214 (a=20, excess 194) m=278 blocks 2x116 projected nullity 20, verified=True, rank 20 [split 0.2s trisolve 7.7s schur 5.2s null 0.0s lift 2.9s rank 0.8s]
  per6 (10, 8, 6, 3, 2, 1) d10 p=2147483647: a=20 n_chi=535540 mult=20 units=0 [21.3s]
    hybrid[per6 10_8_6_3_2_1d10] p=2147483629 attempt 0: |S|=535326 |U|=214 (a=20, excess 194) m=278 blocks 2x116 projected nullity 20, verified=True, rank 20 [split 0.3s trisolve 3.6s schur 5.3s null 0.0s lift 3.0s rank 0.8s]
  per6 (10, 8, 6, 3, 2, 1) d10 p=2147483629: a=20 n_chi=535540 mult=20 units=0 [16.8s]
  PER6 RESULT (10, 8, 6, 3, 2, 1) d10: a=20 N_S=535540 n_chi=535540 mult=20 units=0 proved: mult = a at both primes (S_mu not in the ideal over Q) (48.8s, HWM 1.44 GB)

=== rank 211 ((8, 8, 7, 5, 1, 1), 10) N_S 546541 a 2 2026-09-09T04:12:33.650922
      level 1: 25 prefixes
      level 2: 240 prefixes
      level 3: 2543 prefixes
      level 4: 14471 prefixes
      level 5: 55572 prefixes
      level 6: 152929 prefixes
      level 7: 323713 prefixes
      level 8: 496007 prefixes
      level 9: 546541 prefixes
      level 10: 546541 prefixes
  lam=(8, 8, 7, 5, 1, 1): N_S=546541 |Stab|=4 n_chi=111999 (orbits dropped: 50367) [lean, 2s, HWM 0.16 GB]
    E_01: |H|=2 targets 514201 canonical rows 210385 nnz 957141 (obstructed fixed targets cancelled: 22118) [2s, HWM 0.20 GB]
    E_12: |H|=2 targets 478134 canonical rows 195262 nnz 891031 (obstructed fixed targets cancelled: 21000) [5s, HWM 0.21 GB]
    E_23: |H|=4 targets 415885 canonical rows 84686 nnz 362758 (obstructed fixed targets cancelled: 17156) [7s, HWM 0.21 GB]
    E_34: |H|=2 targets 153405 canonical rows 77237 nnz 223998 (obstructed fixed targets cancelled: 0) [7s, HWM 0.21 GB]
    E_45: |H|=2 targets 322773 canonical rows 0 nnz 0 (obstructed fixed targets cancelled: 0) [8s, HWM 0.21 GB]
  built (8, 8, 7, 5, 1, 1) d10: N_S=546541 |Stab|=4 n_chi=111999 rows=567570 nnz=2434928 (11s: mono 1s orbits 2s rows 8s; HWM 0.21 GB)
    hybrid[per6 8_8_7_5_1_1d10] p=2147483647 attempt 0: |S|=111847 |U|=152 (a=2, excess 150) m=216 blocks 1x152 projected nullity 2, verified=True, rank 2 [split 0.1s trisolve 1.7s schur 1.3s null 0.0s lift 0.1s rank 0.0s]
  per6 (8, 8, 7, 5, 1, 1) d10 p=2147483647: a=2 n_chi=111999 mult=2 units=0 [4.1s]
    hybrid[per6 8_8_7_5_1_1d10] p=2147483629 attempt 0: |S|=111847 |U|=152 (a=2, excess 150) m=216 blocks 1x152 projected nullity 2, verified=True, rank 2 [split 0.1s trisolve 1.6s schur 1.3s null 0.0s lift 0.1s rank 0.0s]
  per6 (8, 8, 7, 5, 1, 1) d10 p=2147483629: a=2 n_chi=111999 mult=2 units=0 [4.0s]
  PER6 RESULT (8, 8, 7, 5, 1, 1) d10: a=2 N_S=546541 n_chi=111999 mult=2 units=0 proved: mult = a at both primes (S_mu not in the ideal over Q) (19.3s, HWM 0.48 GB)

=== rank 212 ((11, 8, 4, 3, 3, 1), 10) N_S 548913 a 7 2026-09-09T04:12:53.334904
      level 1: 39 prefixes
      level 2: 682 prefixes
      level 3: 6337 prefixes
      level 4: 35411 prefixes
      level 5: 125363 prefixes
      level 6: 307453 prefixes
      level 7: 492032 prefixes
      level 8: 546133 prefixes
      level 9: 548913 prefixes
      level 10: 548913 prefixes
  lam=(11, 8, 4, 3, 3, 1): N_S=548913 |Stab|=2 n_chi=266738 (orbits dropped: 15437) [lean, 1s, HWM 0.17 GB]
    E_01: |H|=2 targets 454359 canonical rows 220610 nnz 1151343 (obstructed fixed targets cancelled: 7751) [2s, HWM 0.20 GB]
    E_12: |H|=2 targets 340775 canonical rows 165267 nnz 750024 (obstructed fixed targets cancelled: 5063) [4s, HWM 0.20 GB]
    E_23: |H|=1 targets 390881 canonical rows 390386 nnz 1238974 (obstructed fixed targets cancelled: 0) [5s, HWM 0.22 GB]
    E_34: |H|=1 targets 452290 canonical rows 449058 nnz 1148761 (obstructed fixed targets cancelled: 0) [7s, HWM 0.24 GB]
    E_45: |H|=1 targets 198792 canonical rows 198786 nnz 533476 (obstructed fixed targets cancelled: 0) [8s, HWM 0.24 GB]
  built (11, 8, 4, 3, 3, 1) d10: N_S=548913 |Stab|=2 n_chi=266738 rows=1424107 nnz=4822578 (9s: mono 1s orbits 1s rows 8s; HWM 0.24 GB)
    hybrid[per6 11_8_4_3_3_1d10] p=2147483647 attempt 0: |S|=266680 |U|=58 (a=7, excess 51) m=122 blocks 1x58 projected nullity 7, verified=True, rank 7 [split 0.1s trisolve 1.3s schur 1.1s null 0.0s lift 1.3s rank 0.1s]
  per6 (11, 8, 4, 3, 3, 1) d10 p=2147483647: a=7 n_chi=266738 mult=7 units=0 [5.9s]
    hybrid[per6 11_8_4_3_3_1d10] p=2147483629 attempt 0: |S|=266680 |U|=58 (a=7, excess 51) m=122 blocks 1x58 projected nullity 7, verified=True, rank 7 [split 0.1s trisolve 1.3s schur 1.1s null 0.0s lift 0.5s rank 0.1s]
  per6 (11, 8, 4, 3, 3, 1) d10 p=2147483629: a=7 n_chi=266738 mult=7 units=0 [5.2s]
  PER6 RESULT (11, 8, 4, 3, 3, 1) d10: a=7 N_S=548913 n_chi=266738 mult=7 units=0 proved: mult = a at both primes (S_mu not in the ideal over Q) (21.8s, HWM 0.62 GB)

=== rank 213 ((12, 6, 5, 3, 3, 1), 10) N_S 554362 a 7 2026-09-09T04:13:15.456804
      level 1: 39 prefixes
      level 2: 660 prefixes
      level 3: 6651 prefixes
      level 4: 40335 prefixes
      level 5: 158139 prefixes
      level 6: 384073 prefixes
      level 7: 532124 prefixes
      level 8: 554015 prefixes
      level 9: 554362 prefixes
      level 10: 554362 prefixes
  lam=(12, 6, 5, 3, 3, 1): N_S=554362 |Stab|=2 n_chi=269458 (orbits dropped: 15446) [lean, 1s, HWM 0.16 GB]
    E_01: |H|=2 targets 378662 canonical rows 183773 nnz 983515 (obstructed fixed targets cancelled: 6793) [2s, HWM 0.18 GB]
    E_12: |H|=2 targets 454359 canonical rows 220610 nnz 880026 (obstructed fixed targets cancelled: 5313) [4s, HWM 0.20 GB]
    E_23: |H|=1 targets 354279 canonical rows 354279 nnz 1252271 (obstructed fixed targets cancelled: 0) [5s, HWM 0.22 GB]
    E_34: |H|=1 targets 456827 canonical rows 453588 nnz 1161332 (obstructed fixed targets cancelled: 0) [7s, HWM 0.24 GB]
    E_45: |H|=1 targets 200643 canonical rows 200643 nnz 538916 (obstructed fixed targets cancelled: 0) [7s, HWM 0.24 GB]
  built (12, 6, 5, 3, 3, 1) d10: N_S=554362 |Stab|=2 n_chi=269458 rows=1412893 nnz=4816060 (9s: mono 1s orbits 1s rows 8s; HWM 0.25 GB)
    hybrid[per6 12_6_5_3_3_1d10] p=2147483647 attempt 0: |S|=269394 |U|=64 (a=7, excess 57) m=128 blocks 1x64 projected nullity 7, verified=True, rank 7 [split 0.1s trisolve 1.6s schur 1.2s null 0.0s lift 1.2s rank 0.1s]
  per6 (12, 6, 5, 3, 3, 1) d10 p=2147483647: a=7 n_chi=269458 mult=7 units=0 [6.0s]
    hybrid[per6 12_6_5_3_3_1d10] p=2147483629 attempt 0: |S|=269394 |U|=64 (a=7, excess 57) m=128 blocks 1x64 projected nullity 7, verified=True, rank 7 [split 0.1s trisolve 1.2s schur 1.2s null 0.0s lift 1.2s rank 0.1s]
  per6 (12, 6, 5, 3, 3, 1) d10 p=2147483629: a=7 n_chi=269458 mult=7 units=0 [5.5s]
  PER6 RESULT (12, 6, 5, 3, 3, 1) d10: a=7 N_S=554362 n_chi=269458 mult=7 units=0 proved: mult = a at both primes (S_mu not in the ideal over Q) (22.1s, HWM 0.62 GB)

=== rank 214 ((9, 7, 6, 6, 1, 1), 10) N_S 562926 a 2 2026-09-09T04:13:37.894431
      level 1: 25 prefixes
      level 2: 380 prefixes
      level 3: 2984 prefixes
      level 4: 16314 prefixes
      level 5: 62956 prefixes
      level 6: 180018 prefixes
      level 7: 383556 prefixes
      level 8: 534752 prefixes
      level 9: 562926 prefixes
      level 10: 562926 prefixes
  lam=(9, 7, 6, 6, 1, 1): N_S=562926 |Stab|=4 n_chi=115575 (orbits dropped: 52251) [lean, 2s, HWM 0.16 GB]
    E_01: |H|=4 targets 468383 canonical rows 95779 nnz 459108 (obstructed fixed targets cancelled: 23893) [3s, HWM 0.18 GB]
    E_12: |H|=2 targets 478134 canonical rows 195246 nnz 838152 (obstructed fixed targets cancelled: 18598) [5s, HWM 0.20 GB]
    E_23: |H|=2 targets 514201 canonical rows 210365 nnz 833237 (obstructed fixed targets cancelled: 16630) [7s, HWM 0.22 GB]
    E_34: |H|=1 targets 144559 canonical rows 144358 nnz 459876 (obstructed fixed targets cancelled: 0) [8s, HWM 0.22 GB]
    E_45: |H|=2 targets 332390 canonical rows 0 nnz 0 (obstructed fixed targets cancelled: 0) [9s, HWM 0.22 GB]
  built (9, 7, 6, 6, 1, 1) d10: N_S=562926 |Stab|=4 n_chi=115575 rows=645748 nnz=2590373 (11s: mono 1s orbits 2s rows 9s; HWM 0.22 GB)
    hybrid[per6 9_7_6_6_1_1d10] p=2147483647 attempt 0: |S|=115505 |U|=70 (a=2, excess 68) m=134 blocks 1x70 projected nullity 2, verified=True, rank 2 [split 0.1s trisolve 0.5s schur 0.7s null 0.0s lift 0.1s rank 0.0s]
  per6 (9, 7, 6, 6, 1, 1) d10 p=2147483647: a=2 n_chi=115575 mult=2 units=0 [2.0s]
    hybrid[per6 9_7_6_6_1_1d10] p=2147483629 attempt 0: |S|=115505 |U|=70 (a=2, excess 68) m=134 blocks 1x70 projected nullity 2, verified=True, rank 2 [split 0.1s trisolve 0.4s schur 0.7s null 0.0s lift 0.1s rank 0.0s]
  per6 (9, 7, 6, 6, 1, 1) d10 p=2147483629: a=2 n_chi=115575 mult=2 units=0 [2.0s]
  PER6 RESULT (9, 7, 6, 6, 1, 1) d10: a=2 N_S=562926 n_chi=115575 mult=2 units=0 proved: mult = a at both primes (S_mu not in the ideal over Q) (16.0s, HWM 0.39 GB)

=== rank 215 ((9, 9, 6, 3, 2, 1), 10) N_S 563000 a 8 2026-09-09T04:13:54.284716
      level 1: 29 prefixes
      level 2: 529 prefixes
      level 3: 4533 prefixes
      level 4: 23807 prefixes
      level 5: 83315 prefixes
      level 6: 208503 prefixes
      level 7: 398249 prefixes
      level 8: 536677 prefixes
      level 9: 563000 prefixes
      level 10: 563000 prefixes
  lam=(9, 9, 6, 3, 2, 1): N_S=563000 |Stab|=2 n_chi=280518 (orbits dropped: 1964) [lean, 1s, HWM 0.16 GB]
    E_01: |H|=1 targets 535540 canonical rows 535508 nnz 2594900 (obstructed fixed targets cancelled: 0) [3s, HWM 0.30 GB]
    E_12: |H|=1 targets 428505 canonical rows 428505 nnz 2068098 (obstructed fixed targets cancelled: 0) [5s, HWM 0.30 GB]
    E_23: |H|=2 targets 328502 canonical rows 163546 nnz 650251 (obstructed fixed targets cancelled: 881) [6s, HWM 0.30 GB]
    E_34: |H|=2 targets 342891 canonical rows 170785 nnz 479271 (obstructed fixed targets cancelled: 531) [7s, HWM 0.30 GB]
    E_45: |H|=2 targets 246334 canonical rows 122540 nnz 280131 (obstructed fixed targets cancelled: 387) [8s, HWM 0.30 GB]
  built (9, 9, 6, 3, 2, 1) d10: N_S=563000 |Stab|=2 n_chi=280518 rows=1420884 nnz=6072651 (10s: mono 1s orbits 1s rows 8s; HWM 0.30 GB)
    hybrid[per6 9_9_6_3_2_1d10] p=2147483647 attempt 0: |S|=280374 |U|=144 (a=8, excess 136) m=208 blocks 1x144 projected nullity 8, verified=True, rank 8 [split 0.1s trisolve 3.3s schur 3.4s null 0.0s lift 1.2s rank 0.1s]
  per6 (9, 9, 6, 3, 2, 1) d10 p=2147483647: a=8 n_chi=280518 mult=8 units=0 [9.9s]
    hybrid[per6 9_9_6_3_2_1d10] p=2147483629 attempt 0: |S|=280374 |U|=144 (a=8, excess 136) m=208 blocks 1x144 projected nullity 8, verified=True, rank 8 [split 0.1s trisolve 2.4s schur 3.5s null 0.0s lift 0.4s rank 0.1s]
  per6 (9, 9, 6, 3, 2, 1) d10 p=2147483629: a=8 n_chi=280518 mult=8 units=0 [8.7s]
  PER6 RESULT (9, 9, 6, 3, 2, 1) d10: a=8 N_S=563000 n_chi=280518 mult=8 units=0 proved: mult = a at both primes (S_mu not in the ideal over Q) (30.0s, HWM 1.02 GB)

=== rank 216 ((10, 7, 7, 3, 2, 1), 10) N_S 575919 a 8 2026-09-09T04:14:24.625248
      level 1: 38 prefixes
      level 2: 547 prefixes
      level 3: 4546 prefixes
      level 4: 24558 prefixes
      level 5: 90425 prefixes
      level 6: 243851 prefixes
      level 7: 459121 prefixes
      level 8: 564498 prefixes
      level 9: 575919 prefixes
      level 10: 575919 prefixes
  lam=(10, 7, 7, 3, 2, 1): N_S=575919 |Stab|=2 n_chi=286391 (orbits dropped: 3137) [lean, 1s, HWM 0.17 GB]
    E_01: |H|=1 targets 459381 canonical rows 459344 nnz 2318323 (obstructed fixed targets cancelled: 0) [2s, HWM 0.26 GB]
    E_12: |H|=1 targets 535540 canonical rows 535468 nnz 2300883 (obstructed fixed targets cancelled: 0) [5s, HWM 0.32 GB]
    E_23: |H|=1 targets 312789 canonical rows 312779 nnz 1330618 (obstructed fixed targets cancelled: 0) [6s, HWM 0.32 GB]
    E_34: |H|=2 targets 350680 canonical rows 174293 nnz 489332 (obstructed fixed targets cancelled: 764) [7s, HWM 0.32 GB]
    E_45: |H|=2 targets 251835 canonical rows 124955 nnz 285861 (obstructed fixed targets cancelled: 530) [8s, HWM 0.32 GB]
  built (10, 7, 7, 3, 2, 1) d10: N_S=575919 |Stab|=2 n_chi=286391 rows=1606839 nnz=6725017 (10s: mono 1s orbits 1s rows 8s; HWM 0.32 GB)
    hybrid[per6 10_7_7_3_2_1d10] p=2147483647 attempt 0: |S|=286305 |U|=86 (a=8, excess 78) m=150 blocks 1x86 projected nullity 8, verified=True, rank 8 [split 0.1s trisolve 2.3s schur 2.2s null 0.0s lift 1.5s rank 0.1s]
  per6 (10, 7, 7, 3, 2, 1) d10 p=2147483647: a=8 n_chi=286391 mult=8 units=0 [8.9s]
    hybrid[per6 10_7_7_3_2_1d10] p=2147483629 attempt 0: |S|=286305 |U|=86 (a=8, excess 78) m=150 blocks 1x86 projected nullity 8, verified=True, rank 8 [split 0.2s trisolve 1.9s schur 2.3s null 0.0s lift 1.8s rank 0.1s]
  per6 (10, 7, 7, 3, 2, 1) d10 p=2147483629: a=8 n_chi=286391 mult=8 units=0 [8.7s]
  PER6 RESULT (10, 7, 7, 3, 2, 1) d10: a=8 N_S=575919 n_chi=286391 mult=8 units=0 proved: mult = a at both primes (S_mu not in the ideal over Q) (29.0s, HWM 0.77 GB)

=== rank 217 ((10, 9, 5, 2, 2, 2), 10) N_S 579843 a 8 2026-09-09T04:14:53.952469
      level 1: 42 prefixes
      level 2: 712 prefixes
      level 3: 6283 prefixes
      level 4: 32943 prefixes
      level 5: 111702 prefixes
      level 6: 265949 prefixes
      level 7: 468134 prefixes
      level 8: 568639 prefixes
      level 9: 579843 prefixes
      level 10: 579843 prefixes
  lam=(10, 9, 5, 2, 2, 2): N_S=579843 |Stab|=6 n_chi=114578 (orbits dropped: 0) [lean, 3s, HWM 0.16 GB]
    E_01: |H|=6 targets 528663 canonical rows 104651 nnz 512248 (obstructed fixed targets cancelled: 0) [4s, HWM 0.20 GB]
    E_12: |H|=6 targets 396300 canonical rows 79069 nnz 365403 (obstructed fixed targets cancelled: 0) [7s, HWM 0.20 GB]
    E_23: |H|=2 targets 274353 canonical rows 146188 nnz 521456 (obstructed fixed targets cancelled: 0) [8s, HWM 0.20 GB]
    E_34: |H|=1 targets 428505 canonical rows 428505 nnz 880933 (obstructed fixed targets cancelled: 0) [10s, HWM 0.20 GB]
    E_45: |H|=1 targets 428505 canonical rows 428505 nnz 880933 (obstructed fixed targets cancelled: 0) [11s, HWM 0.23 GB]
  built (10, 9, 5, 2, 2, 2) d10: N_S=579843 |Stab|=6 n_chi=114578 rows=1186918 nnz=3160973 (14s: mono 1s orbits 3s rows 11s; HWM 0.23 GB)
    hybrid[per6 10_9_5_2_2_2d10] p=2147483647 attempt 0: |S|=114507 |U|=71 (a=8, excess 63) m=135 blocks 1x71 projected nullity 8, verified=True, rank 8 [split 0.1s trisolve 0.7s schur 1.0s null 0.0s lift 0.5s rank 0.0s]
  per6 (10, 9, 5, 2, 2, 2) d10 p=2147483647: a=8 n_chi=114578 mult=8 units=0 [3.8s]
    hybrid[per6 10_9_5_2_2_2d10] p=2147483629 attempt 0: |S|=114507 |U|=71 (a=8, excess 63) m=135 blocks 1x71 projected nullity 8, verified=True, rank 8 [split 0.0s trisolve 0.3s schur 1.0s null 0.0s lift 0.6s rank 0.0s]
  per6 (10, 9, 5, 2, 2, 2) d10 p=2147483629: a=8 n_chi=114578 mult=8 units=0 [3.3s]
  PER6 RESULT (10, 9, 5, 2, 2, 2) d10: a=8 N_S=579843 n_chi=114578 mult=8 units=0 proved: mult = a at both primes (S_mu not in the ideal over Q) (22.4s, HWM 0.51 GB)

=== rank 218 ((13, 5, 4, 4, 2, 2), 10) N_S 591857 a 7 2026-09-09T04:15:16.724650
      level 1: 43 prefixes
      level 2: 820 prefixes
      level 3: 9129 prefixes
      level 4: 60268 prefixes
      level 5: 239644 prefixes
      level 6: 492731 prefixes
      level 7: 586173 prefixes
      level 8: 591857 prefixes
      level 9: 591857 prefixes
      level 10: 591857 prefixes
  lam=(13, 5, 4, 4, 2, 2): N_S=591857 |Stab|=4 n_chi=159908 (orbits dropped: 0) [lean, 2s, HWM 0.16 GB]
    E_01: |H|=4 targets 354815 canonical rows 96523 nnz 515478 (obstructed fixed targets cancelled: 0) [2s, HWM 0.16 GB]
    E_12: |H|=2 targets 459224 canonical rows 243732 nnz 877487 (obstructed fixed targets cancelled: 0) [4s, HWM 0.19 GB]
    E_23: |H|=2 targets 511721 canonical rows 271229 nnz 858925 (obstructed fixed targets cancelled: 0) [7s, HWM 0.22 GB]
    E_34: |H|=1 targets 312722 canonical rows 312722 nnz 1012045 (obstructed fixed targets cancelled: 0) [8s, HWM 0.22 GB]
    E_45: |H|=2 targets 437664 canonical rows 222385 nnz 455874 (obstructed fixed targets cancelled: 0) [10s, HWM 0.23 GB]
  built (13, 5, 4, 4, 2, 2) d10: N_S=591857 |Stab|=4 n_chi=159908 rows=1146591 nnz=3719809 (13s: mono 1s orbits 2s rows 10s; HWM 0.23 GB)
    hybrid[per6 13_5_4_4_2_2d10] p=2147483647 attempt 0: |S|=159881 |U|=27 (a=7, excess 20) m=91 blocks 1x27 projected nullity 7, verified=True, rank 7 [split 0.1s trisolve 0.2s schur 0.5s null 0.0s lift 1.2s rank 0.1s]
  per6 (13, 5, 4, 4, 2, 2) d10 p=2147483647: a=7 n_chi=159908 mult=7 units=0 [4.0s]
    hybrid[per6 13_5_4_4_2_2d10] p=2147483629 attempt 0: |S|=159881 |U|=27 (a=7, excess 20) m=91 blocks 1x27 projected nullity 7, verified=True, rank 7 [split 0.1s trisolve 0.4s schur 0.5s null 0.0s lift 0.3s rank 0.1s]
  per6 (13, 5, 4, 4, 2, 2) d10 p=2147483629: a=7 n_chi=159908 mult=7 units=0 [3.1s]
  PER6 RESULT (13, 5, 4, 4, 2, 2) d10: a=7 N_S=591857 n_chi=159908 mult=7 units=0 proved: mult = a at both primes (S_mu not in the ideal over Q) (20.8s, HWM 0.5 GB)

=== rank 219 ((11, 7, 5, 4, 2, 1), 10) N_S 593791 a 24 2026-09-09T04:15:37.961809
      level 1: 38 prefixes
      level 2: 604 prefixes
      level 3: 5674 prefixes
      level 4: 32674 prefixes
      level 5: 124327 prefixes
      level 6: 325894 prefixes
      level 7: 531426 prefixes
      level 8: 590779 prefixes
      level 9: 593791 prefixes
      level 10: 593791 prefixes
  lam=(11, 7, 5, 4, 2, 1): N_S=593791 |Stab|=1 n_chi=593791 (orbits dropped: 0) [lean, 1s, HWM 0.17 GB]
    E_01: |H|=1 targets 456827 canonical rows 456827 nnz 2401363 (obstructed fixed targets cancelled: 0) [3s, HWM 0.30 GB]
    E_12: |H|=1 targets 452290 canonical rows 452290 nnz 1953646 (obstructed fixed targets cancelled: 0) [5s, HWM 0.30 GB]
    E_23: |H|=1 targets 459381 canonical rows 459381 nnz 1682527 (obstructed fixed targets cancelled: 0) [6s, HWM 0.30 GB]
    E_34: |H|=1 targets 312627 canonical rows 312627 nnz 1016134 (obstructed fixed targets cancelled: 0) [7s, HWM 0.30 GB]
    E_45: |H|=1 targets 259579 canonical rows 259579 nnz 593791 (obstructed fixed targets cancelled: 0) [8s, HWM 0.30 GB]
  built (11, 7, 5, 4, 2, 1) d10: N_S=593791 |Stab|=1 n_chi=593791 rows=1940704 nnz=7647461 (10s: mono 1s orbits 1s rows 9s; HWM 0.34 GB)
    hybrid[per6 11_7_5_4_2_1d10] p=2147483647 attempt 0: |S|=593581 |U|=210 (a=24, excess 186) m=274 blocks 2x105 projected nullity 24, verified=True, rank 24 [split 0.3s trisolve 7.3s schur 5.9s null 0.0s lift 4.0s rank 0.7s]
  per6 (11, 7, 5, 4, 2, 1) d10 p=2147483647: a=24 n_chi=593791 mult=24 units=0 [25.2s]
    hybrid[per6 11_7_5_4_2_1d10] p=2147483629 attempt 0: |S|=593581 |U|=210 (a=24, excess 186) m=274 blocks 2x105 projected nullity 24, verified=True, rank 24 [split 0.3s trisolve 5.5s schur 5.9s null 0.0s lift 5.1s rank 0.7s]
  per6 (11, 7, 5, 4, 2, 1) d10 p=2147483629: a=24 n_chi=593791 mult=24 units=0 [25.0s]
  PER6 RESULT (11, 7, 5, 4, 2, 1) d10: a=24 N_S=593791 n_chi=593791 mult=24 units=0 proved: mult = a at both primes (S_mu not in the ideal over Q) (62.3s, HWM 1.65 GB)

=== rank 220 ((10, 9, 4, 3, 3, 1), 10) N_S 602381 a 5 2026-09-09T04:16:40.573907
      level 1: 39 prefixes
      level 2: 670 prefixes
      level 3: 6037 prefixes
      level 4: 32381 prefixes
      level 5: 113292 prefixes
      level 6: 275258 prefixes
      level 7: 486930 prefixes
      level 8: 591051 prefixes
      level 9: 602381 prefixes
      level 10: 602381 prefixes
  lam=(10, 9, 4, 3, 3, 1): N_S=602381 |Stab|=2 n_chi=292847 (orbits dropped: 16687) [lean, 1s, HWM 0.17 GB]
    E_01: |H|=2 targets 548913 canonical rows 266738 nnz 1351432 (obstructed fixed targets cancelled: 8702) [3s, HWM 0.22 GB]
    E_12: |H|=2 targets 355386 canonical rows 172357 nnz 824757 (obstructed fixed targets cancelled: 5675) [5s, HWM 0.22 GB]
    E_23: |H|=1 targets 428505 canonical rows 427973 nnz 1362094 (obstructed fixed targets cancelled: 0) [6s, HWM 0.23 GB]
    E_34: |H|=1 targets 496041 canonical rows 492556 nnz 1263452 (obstructed fixed targets cancelled: 0) [8s, HWM 0.25 GB]
    E_45: |H|=1 targets 217694 canonical rows 217685 nnz 585694 (obstructed fixed targets cancelled: 0) [9s, HWM 0.25 GB]
  built (10, 9, 4, 3, 3, 1) d10: N_S=602381 |Stab|=2 n_chi=292847 rows=1577309 nnz=5387429 (11s: mono 1s orbits 1s rows 9s; HWM 0.29 GB)
    hybrid[per6 10_9_4_3_3_1d10] p=2147483647 attempt 0: |S|=292773 |U|=74 (a=5, excess 69) m=138 blocks 1x74 projected nullity 5, verified=True, rank 5 [split 0.1s trisolve 1.8s schur 1.5s null 0.0s lift 0.3s rank 0.1s]
  per6 (10, 9, 4, 3, 3, 1) d10 p=2147483647: a=5 n_chi=292847 mult=5 units=0 [5.1s]
    hybrid[per6 10_9_4_3_3_1d10] p=2147483629 attempt 0: |S|=292773 |U|=74 (a=5, excess 69) m=138 blocks 1x74 projected nullity 5, verified=True, rank 5 [split 0.1s trisolve 0.9s schur 1.5s null 0.0s lift 0.7s rank 0.1s]
  per6 (10, 9, 4, 3, 3, 1) d10 p=2147483629: a=5 n_chi=292847 mult=5 units=0 [4.6s]
  PER6 RESULT (10, 9, 4, 3, 3, 1) d10: a=5 N_S=602381 n_chi=292847 mult=5 units=0 proved: mult = a at both primes (S_mu not in the ideal over Q) (21.7s, HWM 0.68 GB)

=== rank 221 ((12, 7, 4, 3, 2, 2), 10) N_S 614680 a 13 2026-09-09T04:17:02.641372
      level 1: 43 prefixes
      level 2: 837 prefixes
      level 3: 8478 prefixes
      level 4: 50088 prefixes
      level 5: 182518 prefixes
      level 6: 427980 prefixes
      level 7: 590105 prefixes
      level 8: 614290 prefixes
      level 9: 614680 prefixes
      level 10: 614680 prefixes
  lam=(12, 7, 4, 3, 2, 2): N_S=614680 |Stab|=2 n_chi=325568 (orbits dropped: 0) [lean, 1s, HWM 0.17 GB]
    E_01: |H|=2 targets 459224 canonical rows 243732 nnz 1296982 (obstructed fixed targets cancelled: 0) [3s, HWM 0.21 GB]
    E_12: |H|=2 targets 405725 canonical rows 215508 nnz 912410 (obstructed fixed targets cancelled: 0) [4s, HWM 0.21 GB]
    E_23: |H|=2 targets 438045 canonical rows 232686 nnz 749874 (obstructed fixed targets cancelled: 0) [6s, HWM 0.22 GB]
    E_34: |H|=1 targets 374825 canonical rows 374825 nnz 1051295 (obstructed fixed targets cancelled: 0) [7s, HWM 0.23 GB]
    E_45: |H|=1 targets 454359 canonical rows 454359 nnz 935419 (obstructed fixed targets cancelled: 0) [9s, HWM 0.25 GB]
  built (12, 7, 4, 3, 2, 2) d10: N_S=614680 |Stab|=2 n_chi=325568 rows=1521110 nnz=4945980 (11s: mono 1s orbits 1s rows 9s; HWM 0.26 GB)
    hybrid[per6 12_7_4_3_2_2d10] p=2147483647 attempt 0: |S|=325492 |U|=76 (a=13, excess 63) m=140 blocks 1x76 projected nullity 13, verified=True, rank 13 [split 0.1s trisolve 2.6s schur 1.4s null 0.0s lift 2.1s rank 0.1s]
  per6 (12, 7, 4, 3, 2, 2) d10 p=2147483647: a=13 n_chi=325568 mult=13 units=0 [8.9s]
    hybrid[per6 12_7_4_3_2_2d10] p=2147483629 attempt 0: |S|=325492 |U|=76 (a=13, excess 63) m=140 blocks 1x76 projected nullity 13, verified=True, rank 13 [split 0.1s trisolve 0.7s schur 1.4s null 0.0s lift 1.4s rank 0.2s]
  per6 (12, 7, 4, 3, 2, 2) d10 p=2147483629: a=13 n_chi=325568 mult=13 units=0 [5.9s]
  PER6 RESULT (12, 7, 4, 3, 2, 2) d10: a=13 N_S=614680 n_chi=325568 mult=13 units=0 proved: mult = a at both primes (S_mu not in the ideal over Q) (27.4s, HWM 0.96 GB)

=== rank 222 ((11, 7, 6, 2, 2, 2), 10) N_S 621848 a 10 2026-09-09T04:17:30.371583
      level 1: 42 prefixes
      level 2: 702 prefixes
      level 3: 6515 prefixes
      level 4: 36200 prefixes
      level 5: 132514 prefixes
      level 6: 341691 prefixes
      level 7: 556027 prefixes
      level 8: 618584 prefixes
      level 9: 621848 prefixes
      level 10: 621848 prefixes
  lam=(11, 7, 6, 2, 2, 2): N_S=621848 |Stab|=6 n_chi=122713 (orbits dropped: 0) [lean, 3s, HWM 0.18 GB]
    E_01: |H|=6 targets 478910 canonical rows 95094 nnz 479915 (obstructed fixed targets cancelled: 0) [4s, HWM 0.20 GB]
    E_12: |H|=6 targets 528663 canonical rows 104651 nnz 437954 (obstructed fixed targets cancelled: 0) [8s, HWM 0.21 GB]
    E_23: |H|=2 targets 269022 canonical rows 143308 nnz 559455 (obstructed fixed targets cancelled: 0) [9s, HWM 0.21 GB]
    E_34: |H|=1 targets 459381 canonical rows 459381 nnz 945963 (obstructed fixed targets cancelled: 0) [10s, HWM 0.21 GB]
    E_45: |H|=1 targets 459381 canonical rows 459381 nnz 945963 (obstructed fixed targets cancelled: 0) [12s, HWM 0.23 GB]
  built (11, 7, 6, 2, 2, 2) d10: N_S=621848 |Stab|=6 n_chi=122713 rows=1261815 nnz=3369250 (16s: mono 1s orbits 3s rows 12s; HWM 0.23 GB)
    hybrid[per6 11_7_6_2_2_2d10] p=2147483647 attempt 0: |S|=122645 |U|=68 (a=10, excess 58) m=132 blocks 1x68 projected nullity 10, verified=True, rank 10 [split 0.1s trisolve 0.3s schur 1.0s null 0.0s lift 1.3s rank 0.0s]
  per6 (11, 7, 6, 2, 2, 2) d10 p=2147483647: a=10 n_chi=122713 mult=10 units=0 [4.3s]
    hybrid[per6 11_7_6_2_2_2d10] p=2147483629 attempt 0: |S|=122645 |U|=68 (a=10, excess 58) m=132 blocks 1x68 projected nullity 10, verified=True, rank 10 [split 0.1s trisolve 0.1s schur 1.1s null 0.0s lift 0.6s rank 0.0s]
  per6 (11, 7, 6, 2, 2, 2) d10 p=2147483629: a=10 n_chi=122713 mult=10 units=0 [3.6s]
  PER6 RESULT (11, 7, 6, 2, 2, 2) d10: a=10 N_S=621848 n_chi=122713 mult=10 units=0 proved: mult = a at both primes (S_mu not in the ideal over Q) (24.5s, HWM 0.6 GB)

=== rank 223 ((12, 6, 4, 4, 3, 1), 10) N_S 641860 a 9 2026-09-09T04:17:55.174816
      level 1: 39 prefixes
      level 2: 680 prefixes
      level 3: 7058 prefixes
      level 4: 44674 prefixes
      level 5: 180772 prefixes
      level 6: 444173 prefixes
      level 7: 616313 prefixes
      level 8: 641466 prefixes
      level 9: 641860 prefixes
      level 10: 641860 prefixes
  lam=(12, 6, 4, 4, 3, 1): N_S=641860 |Stab|=2 n_chi=325836 (orbits dropped: 0) [lean, 1s, HWM 0.17 GB]
    E_01: |H|=2 targets 437664 canonical rows 222385 nnz 1196363 (obstructed fixed targets cancelled: 0) [2s, HWM 0.20 GB]
    E_12: |H|=1 targets 454359 canonical rows 454359 nnz 1820254 (obstructed fixed targets cancelled: 0) [4s, HWM 0.24 GB]
    E_23: |H|=1 targets 554362 canonical rows 554362 nnz 1784443 (obstructed fixed targets cancelled: 0) [7s, HWM 0.29 GB]
    E_34: |H|=1 targets 456827 canonical rows 456827 nnz 1492456 (obstructed fixed targets cancelled: 0) [8s, HWM 0.29 GB]
    E_45: |H|=2 targets 231853 canonical rows 118456 nnz 325836 (obstructed fixed targets cancelled: 0) [9s, HWM 0.29 GB]
  built (12, 6, 4, 4, 3, 1) d10: N_S=641860 |Stab|=2 n_chi=325836 rows=1806389 nnz=6619352 (11s: mono 1s orbits 1s rows 9s; HWM 0.30 GB)
    hybrid[per6 12_6_4_4_3_1d10] p=2147483647 attempt 0: |S|=325780 |U|=56 (a=9, excess 47) m=120 blocks 1x56 projected nullity 9, verified=True, rank 9 [split 0.2s trisolve 1.0s schur 1.5s null 0.0s lift 2.0s rank 0.1s]
  per6 (12, 6, 4, 4, 3, 1) d10 p=2147483647: a=9 n_chi=325836 mult=9 units=0 [7.1s]
    hybrid[per6 12_6_4_4_3_1d10] p=2147483629 attempt 0: |S|=325780 |U|=56 (a=9, excess 47) m=120 blocks 1x56 projected nullity 9, verified=True, rank 9 [split 0.1s trisolve 1.0s schur 1.4s null 0.0s lift 2.0s rank 0.1s]
  per6 (12, 6, 4, 4, 3, 1) d10 p=2147483629: a=9 n_chi=325836 mult=9 units=0 [7.3s]
  PER6 RESULT (12, 6, 4, 4, 3, 1) d10: a=9 N_S=641860 n_chi=325836 mult=9 units=0 proved: mult = a at both primes (S_mu not in the ideal over Q) (27.3s, HWM 0.9 GB)

=== rank 224 ((9, 8, 7, 3, 2, 1), 10) N_S 643735 a 10 2026-09-09T04:18:22.831644
      level 1: 29 prefixes
      level 2: 513 prefixes
      level 3: 4331 prefixes
      level 4: 23135 prefixes
      level 5: 84802 prefixes
      level 6: 224017 prefixes
      level 7: 448061 prefixes
      level 8: 612821 prefixes
      level 9: 643735 prefixes
      level 10: 643735 prefixes
  lam=(9, 8, 7, 3, 2, 1): N_S=643735 |Stab|=1 n_chi=643735 (orbits dropped: 0) [lean, 1s, HWM 0.17 GB]
    E_01: |H|=1 targets 575919 canonical rows 575919 nnz 2819328 (obstructed fixed targets cancelled: 0) [3s, HWM 0.31 GB]
    E_12: |H|=1 targets 563000 canonical rows 563000 nnz 2613934 (obstructed fixed targets cancelled: 0) [6s, HWM 0.32 GB]
    E_23: |H|=1 targets 348890 canonical rows 348890 nnz 1497773 (obstructed fixed targets cancelled: 0) [7s, HWM 0.32 GB]
    E_34: |H|=1 targets 391444 canonical rows 391444 nnz 1102510 (obstructed fixed targets cancelled: 0) [8s, HWM 0.32 GB]
    E_45: |H|=1 targets 280950 canonical rows 280950 nnz 643735 (obstructed fixed targets cancelled: 0) [9s, HWM 0.32 GB]
  built (9, 8, 7, 3, 2, 1) d10: N_S=643735 |Stab|=1 n_chi=643735 rows=2160203 nnz=8677280 (11s: mono 1s orbits 1s rows 9s; HWM 0.38 GB)
    hybrid[per6 9_8_7_3_2_1d10] p=2147483647 attempt 0: |S|=643392 |U|=343 (a=10, excess 333) m=407 blocks 4x97 projected nullity 10, verified=True, rank 10 [split 0.3s trisolve 12.6s schur 10.9s null 0.1s lift 1.6s rank 0.3s]
  per6 (9, 8, 7, 3, 2, 1) d10 p=2147483647: a=10 n_chi=643735 mult=10 units=0 [29.3s]
    hybrid[per6 9_8_7_3_2_1d10] p=2147483629 attempt 0: |S|=643392 |U|=343 (a=10, excess 333) m=407 blocks 4x97 projected nullity 10, verified=True, rank 10 [split 0.3s trisolve 12.5s schur 10.7s null 0.1s lift 2.1s rank 0.3s]
  per6 (9, 8, 7, 3, 2, 1) d10 p=2147483629: a=10 n_chi=643735 mult=10 units=0 [28.6s]
  PER6 RESULT (9, 8, 7, 3, 2, 1) d10: a=10 N_S=643735 n_chi=643735 mult=10 units=0 proved: mult = a at both primes (S_mu not in the ideal over Q) (70.9s, HWM 1.49 GB)

=== rank 225 ((8, 7, 7, 6, 1, 1), 10) N_S 643826 a 1 2026-09-09T04:19:34.057398
      level 1: 25 prefixes
      level 2: 241 prefixes
      level 3: 2506 prefixes
      level 4: 14317 prefixes
      level 5: 56834 prefixes
      level 6: 164628 prefixes
      level 7: 368924 prefixes
      level 8: 581470 prefixes
      level 9: 643826 prefixes
      level 10: 643826 prefixes
  lam=(8, 7, 7, 6, 1, 1): N_S=643826 |Stab|=4 n_chi=131984 (orbits dropped: 59215) [lean, 2s, HWM 0.17 GB]
    E_01: |H|=2 targets 562926 canonical rows 230536 nnz 1056454 (obstructed fixed targets cancelled: 24432) [2s, HWM 0.21 GB]
    E_12: |H|=2 targets 598420 canonical rows 245216 nnz 1049935 (obstructed fixed targets cancelled: 22951) [5s, HWM 0.23 GB]
    E_23: |H|=2 targets 546541 canonical rows 223768 nnz 964186 (obstructed fixed targets cancelled: 21000) [8s, HWM 0.24 GB]
    E_34: |H|=2 targets 164557 canonical rows 81486 nnz 262328 (obstructed fixed targets cancelled: 859) [8s, HWM 0.24 GB]
    E_45: |H|=2 targets 379492 canonical rows 0 nnz 0 (obstructed fixed targets cancelled: 626) [9s, HWM 0.24 GB]
  built (8, 7, 7, 6, 1, 1) d10: N_S=643826 |Stab|=4 n_chi=131984 rows=781006 nnz=3332903 (12s: mono 1s orbits 2s rows 9s; HWM 0.24 GB)
    hybrid[per6 8_7_7_6_1_1d10] p=2147483647 attempt 0: |S|=131885 |U|=99 (a=1, excess 98) m=163 blocks 1x99 projected nullity 1, verified=True, rank 1 [split 0.1s trisolve 0.7s schur 1.3s null 0.0s lift 0.0s rank 0.0s]
  per6 (8, 7, 7, 6, 1, 1) d10 p=2147483647: a=1 n_chi=131984 mult=1 units=0 [2.9s]
    hybrid[per6 8_7_7_6_1_1d10] p=2147483629 attempt 0: |S|=131885 |U|=99 (a=1, excess 98) m=163 blocks 1x99 projected nullity 1, verified=True, rank 1 [split 0.1s trisolve 0.5s schur 1.2s null 0.0s lift 0.0s rank 0.0s]
  per6 (8, 7, 7, 6, 1, 1) d10 p=2147483629: a=1 n_chi=131984 mult=1 units=0 [2.5s]
  PER6 RESULT (8, 7, 7, 6, 1, 1) d10: a=1 N_S=643826 n_chi=131984 mult=1 units=0 proved: mult = a at both primes (S_mu not in the ideal over Q) (18.7s, HWM 0.46 GB)

=== rank 226 ((11, 6, 6, 4, 2, 1), 10) N_S 649985 a 14 2026-09-09T04:19:53.086115
      level 1: 38 prefixes
      level 2: 572 prefixes
      level 3: 5299 prefixes
      level 4: 31672 prefixes
      level 5: 126793 prefixes
      level 6: 350629 prefixes
      level 7: 580809 prefixes
      level 8: 646671 prefixes
      level 9: 649985 prefixes
      level 10: 649985 prefixes
  lam=(11, 6, 6, 4, 2, 1): N_S=649985 |Stab|=2 n_chi=327307 (orbits dropped: 0) [lean, 1s, HWM 0.17 GB]
    E_01: |H|=1 targets 456827 canonical rows 456827 nnz 2401363 (obstructed fixed targets cancelled: 0) [2s, HWM 0.27 GB]
    E_12: |H|=1 targets 593791 canonical rows 593791 nnz 2384649 (obstructed fixed targets cancelled: 0) [5s, HWM 0.31 GB]
    E_23: |H|=1 targets 459381 canonical rows 459381 nnz 1844607 (obstructed fixed targets cancelled: 0) [7s, HWM 0.31 GB]
    E_34: |H|=2 targets 341795 canonical rows 172214 nnz 559495 (obstructed fixed targets cancelled: 0) [8s, HWM 0.31 GB]
    E_45: |H|=2 targets 283819 canonical rows 143306 nnz 327307 (obstructed fixed targets cancelled: 0) [9s, HWM 0.31 GB]
  built (11, 6, 6, 4, 2, 1) d10: N_S=649985 |Stab|=2 n_chi=327307 rows=1825519 nnz=7517421 (11s: mono 1s orbits 1s rows 9s; HWM 0.34 GB)
    hybrid[per6 11_6_6_4_2_1d10] p=2147483647 attempt 0: |S|=327221 |U|=86 (a=14, excess 72) m=150 blocks 1x86 projected nullity 14, verified=True, rank 14 [split 0.2s trisolve 2.5s schur 2.8s null 0.0s lift 3.1s rank 0.2s]
  per6 (11, 6, 6, 4, 2, 1) d10 p=2147483647: a=14 n_chi=327307 mult=14 units=0 [12.7s]
    hybrid[per6 11_6_6_4_2_1d10] p=2147483629 attempt 0: |S|=327221 |U|=86 (a=14, excess 72) m=150 blocks 1x86 projected nullity 14, verified=True, rank 14 [split 0.2s trisolve 1.8s schur 2.5s null 0.0s lift 3.2s rank 0.2s]
  per6 (11, 6, 6, 4, 2, 1) d10 p=2147483629: a=14 n_chi=327307 mult=14 units=0 [10.6s]
  PER6 RESULT (11, 6, 6, 4, 2, 1) d10: a=14 N_S=649985 n_chi=327307 mult=14 units=0 proved: mult = a at both primes (S_mu not in the ideal over Q) (36.5s, HWM 1.19 GB)

=== rank 227 ((8, 8, 8, 3, 2, 1), 10) N_S 684404 a 1 2026-09-09T04:20:29.941695
      level 1: 29 prefixes
      level 2: 315 prefixes
      level 3: 3462 prefixes
      level 4: 19171 prefixes
      level 5: 71858 prefixes
      level 6: 194879 prefixes
      level 7: 407581 prefixes
      level 8: 621676 prefixes
      level 9: 684404 prefixes
      level 10: 684404 prefixes
  lam=(8, 8, 8, 3, 2, 1): N_S=684404 |Stab|=6 n_chi=115479 (orbits dropped: 0) [lean, 3s, HWM 0.18 GB]
    E_01: |H|=1 targets 643735 canonical rows 643735 nnz 2992587 (obstructed fixed targets cancelled: 0) [3s, HWM 0.33 GB]
    E_12: |H|=1 targets 643735 canonical rows 643735 nnz 2992587 (obstructed fixed targets cancelled: 0) [6s, HWM 0.39 GB]
    E_23: |H|=2 targets 348890 canonical rows 175350 nnz 799249 (obstructed fixed targets cancelled: 0) [8s, HWM 0.39 GB]
    E_34: |H|=6 targets 415885 canonical rows 70261 nnz 197188 (obstructed fixed targets cancelled: 0) [10s, HWM 0.39 GB]
    E_45: |H|=6 targets 298433 canonical rows 50638 nnz 115479 (obstructed fixed targets cancelled: 0) [11s, HWM 0.39 GB]
  built (8, 8, 8, 3, 2, 1) d10: N_S=684404 |Stab|=6 n_chi=115479 rows=1583719 nnz=7097090 (15s: mono 1s orbits 3s rows 12s; HWM 0.39 GB)
    hybrid[per6 8_8_8_3_2_1d10] p=2147483647 attempt 0: |S|=115402 |U|=77 (a=1, excess 76) m=141 blocks 1x77 projected nullity 1, verified=True, rank 1 [split 0.1s trisolve 0.6s schur 2.3s null 0.0s lift 0.2s rank 0.0s]
  per6 (8, 8, 8, 3, 2, 1) d10 p=2147483647: a=1 n_chi=115479 mult=1 units=0 [5.1s]
    hybrid[per6 8_8_8_3_2_1d10] p=2147483629 attempt 0: |S|=115402 |U|=77 (a=1, excess 76) m=141 blocks 1x77 projected nullity 1, verified=True, rank 1 [split 0.1s trisolve 0.7s schur 2.2s null 0.0s lift 0.1s rank 0.0s]
  per6 (8, 8, 8, 3, 2, 1) d10 p=2147483629: a=1 n_chi=115479 mult=1 units=0 [4.6s]
  PER6 RESULT (8, 8, 8, 3, 2, 1) d10: a=1 N_S=684404 n_chi=115479 mult=1 units=0 proved: mult = a at both primes (S_mu not in the ideal over Q) (26.5s, HWM 0.53 GB)

=== rank 228 ((10, 8, 5, 4, 2, 1), 10) N_S 693151 a 23 2026-09-09T04:20:56.807450
      level 1: 38 prefixes
      level 2: 598 prefixes
      level 3: 5470 prefixes
      level 4: 30848 prefixes
      level 5: 115260 prefixes
      level 6: 302604 prefixes
      level 7: 556671 prefixes
      level 8: 680058 prefixes
      level 9: 693151 prefixes
      level 10: 693151 prefixes
  lam=(10, 8, 5, 4, 2, 1): N_S=693151 |Stab|=1 n_chi=693151 (orbits dropped: 0) [lean, 1s, HWM 0.18 GB]
    E_01: |H|=1 targets 593791 canonical rows 593791 nnz 3039081 (obstructed fixed targets cancelled: 0) [3s, HWM 0.33 GB]
    E_12: |H|=1 targets 496041 canonical rows 496041 nnz 2289421 (obstructed fixed targets cancelled: 0) [6s, HWM 0.33 GB]
    E_23: |H|=1 targets 535540 canonical rows 535540 nnz 1970318 (obstructed fixed targets cancelled: 0) [8s, HWM 0.33 GB]
    E_34: |H|=1 targets 364021 canonical rows 364021 nnz 1187784 (obstructed fixed targets cancelled: 0) [9s, HWM 0.33 GB]
    E_45: |H|=1 targets 302292 canonical rows 302292 nnz 693151 (obstructed fixed targets cancelled: 0) [10s, HWM 0.33 GB]
  built (10, 8, 5, 4, 2, 1) d10: N_S=693151 |Stab|=1 n_chi=693151 rows=2291685 nnz=9179755 (12s: mono 1s orbits 1s rows 10s; HWM 0.36 GB)
    hybrid[per6 10_8_5_4_2_1d10] p=2147483647 attempt 0: |S|=692868 |U|=283 (a=23, excess 260) m=347 blocks 4x90 projected nullity 23, verified=True, rank 23 [split 0.3s trisolve 12.1s schur 10.0s null 0.0s lift 6.8s rank 0.8s]
  per6 (10, 8, 5, 4, 2, 1) d10 p=2147483647: a=23 n_chi=693151 mult=23 units=0 [37.9s]
    hybrid[per6 10_8_5_4_2_1d10] p=2147483629 attempt 0: |S|=692868 |U|=283 (a=23, excess 260) m=347 blocks 4x90 projected nullity 23, verified=True, rank 23 [split 0.3s trisolve 8.8s schur 9.5s null 0.0s lift 7.2s rank 0.7s]
  per6 (10, 8, 5, 4, 2, 1) d10 p=2147483629: a=23 n_chi=693151 mult=23 units=0 [32.6s]
  PER6 RESULT (10, 8, 5, 4, 2, 1) d10: a=23 N_S=693151 n_chi=693151 mult=23 units=0 proved: mult = a at both primes (S_mu not in the ideal over Q) (84.9s, HWM 1.93 GB)

=== rank 229 ((12, 5, 5, 4, 3, 1), 10) N_S 716825 a 7 2026-09-09T04:22:22.075222
      level 1: 38 prefixes
      level 2: 642 prefixes
      level 3: 6728 prefixes
      level 4: 44733 prefixes
      level 5: 194177 prefixes
      level 6: 493561 prefixes
      level 7: 688339 prefixes
      level 8: 716398 prefixes
      level 9: 716825 prefixes
      level 10: 716825 prefixes
  lam=(12, 5, 5, 4, 3, 1): N_S=716825 |Stab|=2 n_chi=354987 (orbits dropped: 6851) [lean, 1s, HWM 0.19 GB]
    E_01: |H|=1 targets 437664 canonical rows 437664 nnz 2345422 (obstructed fixed targets cancelled: 0) [2s, HWM 0.26 GB]
    E_12: |H|=1 targets 641860 canonical rows 641599 nnz 2304399 (obstructed fixed targets cancelled: 0) [5s, HWM 0.33 GB]
    E_23: |H|=1 targets 554362 canonical rows 554255 nnz 2019854 (obstructed fixed targets cancelled: 0) [7s, HWM 0.33 GB]
    E_34: |H|=2 targets 509639 canonical rows 252148 nnz 825270 (obstructed fixed targets cancelled: 2101) [9s, HWM 0.33 GB]
    E_45: |H|=2 targets 258050 canonical rows 127162 nnz 353621 (obstructed fixed targets cancelled: 1296) [10s, HWM 0.33 GB]
  built (12, 5, 5, 4, 3, 1) d10: N_S=716825 |Stab|=2 n_chi=354987 rows=2012828 nnz=7848566 (13s: mono 1s orbits 1s rows 10s; HWM 0.36 GB)
    hybrid[per6 12_5_5_4_3_1d10] p=2147483647 attempt 0: |S|=354930 |U|=57 (a=7, excess 50) m=121 blocks 1x57 projected nullity 7, verified=True, rank 7 [split 0.2s trisolve 1.2s schur 1.7s null 0.0s lift 1.5s rank 0.1s]
  per6 (12, 5, 5, 4, 3, 1) d10 p=2147483647: a=7 n_chi=354987 mult=7 units=0 [6.8s]
    hybrid[per6 12_5_5_4_3_1d10] p=2147483629 attempt 0: |S|=354930 |U|=57 (a=7, excess 50) m=121 blocks 1x57 projected nullity 7, verified=True, rank 7 [split 0.2s trisolve 0.9s schur 1.7s null 0.0s lift 1.8s rank 0.1s]
  per6 (12, 5, 5, 4, 3, 1) d10 p=2147483629: a=7 n_chi=354987 mult=7 units=0 [7.0s]
  PER6 RESULT (12, 5, 5, 4, 3, 1) d10: a=7 N_S=716825 n_chi=354987 mult=7 units=0 proved: mult = a at both primes (S_mu not in the ideal over Q) (28.7s, HWM 0.87 GB)

=== rank 230 ((13, 5, 4, 3, 3, 2), 10) N_S 718298 a 1 2026-09-09T04:22:51.170008
      level 1: 44 prefixes
      level 2: 882 prefixes
      level 3: 10376 prefixes
      level 4: 71180 prefixes
      level 5: 288785 prefixes
      level 6: 598107 prefixes
      level 7: 711578 prefixes
      level 8: 718298 prefixes
      level 9: 718298 prefixes
      level 10: 718298 prefixes
  lam=(13, 5, 4, 3, 3, 2): N_S=718298 |Stab|=2 n_chi=349317 (orbits dropped: 19664) [lean, 1s, HWM 0.19 GB]
    E_01: |H|=2 targets 429278 canonical rows 208174 nnz 1140467 (obstructed fixed targets cancelled: 8216) [2s, HWM 0.20 GB]
    E_12: |H|=2 targets 556701 canonical rows 270426 nnz 986556 (obstructed fixed targets cancelled: 5560) [5s, HWM 0.24 GB]
    E_23: |H|=1 targets 511721 canonical rows 511110 nnz 1627505 (obstructed fixed targets cancelled: 0) [7s, HWM 0.27 GB]
    E_34: |H|=1 targets 591857 canonical rows 587873 nnz 1511240 (obstructed fixed targets cancelled: 0) [9s, HWM 0.30 GB]
    E_45: |H|=1 targets 437664 canonical rows 437506 nnz 1200008 (obstructed fixed targets cancelled: 0) [10s, HWM 0.30 GB]
  built (13, 5, 4, 3, 3, 2) d10: N_S=718298 |Stab|=2 n_chi=349317 rows=2015089 nnz=6465776 (13s: mono 1s orbits 1s rows 11s; HWM 0.30 GB)
    hybrid[per6 13_5_4_3_3_2d10] p=2147483647 attempt 0: |S|=349277 |U|=40 (a=1, excess 39) m=104 blocks 1x40 projected nullity 1, verified=True, rank 1 [split 0.2s trisolve 0.9s schur 1.0s null 0.0s lift 0.1s rank 0.1s]
  per6 (13, 5, 4, 3, 3, 2) d10 p=2147483647: a=1 n_chi=349317 mult=1 units=0 [3.4s]
    hybrid[per6 13_5_4_3_3_2d10] p=2147483629 attempt 0: |S|=349277 |U|=40 (a=1, excess 39) m=104 blocks 1x40 projected nullity 1, verified=True, rank 1 [split 0.2s trisolve 0.8s schur 1.1s null 0.0s lift 0.1s rank 0.1s]
  per6 (13, 5, 4, 3, 3, 2) d10 p=2147483629: a=1 n_chi=349317 mult=1 units=0 [3.4s]
  PER6 RESULT (13, 5, 4, 3, 3, 2) d10: a=1 N_S=718298 n_chi=349317 mult=1 units=0 proved: mult = a at both primes (S_mu not in the ideal over Q) (22.0s, HWM 0.62 GB)

=== rank 231 ((11, 7, 5, 3, 3, 1), 10) N_S 721793 a 12 2026-09-09T04:23:13.616343
      level 1: 39 prefixes
      level 2: 654 prefixes
      level 3: 6430 prefixes
      level 4: 38557 prefixes
      level 5: 149778 prefixes
      level 6: 395839 prefixes
      level 7: 646652 prefixes
      level 8: 718265 prefixes
      level 9: 721793 prefixes
      level 10: 721793 prefixes
  lam=(11, 7, 5, 3, 3, 1): N_S=721793 |Stab|=2 n_chi=351323 (orbits dropped: 19147) [lean, 1s, HWM 0.19 GB]
    E_01: |H|=2 targets 554362 canonical rows 269458 nnz 1419293 (obstructed fixed targets cancelled: 9107) [3s, HWM 0.24 GB]
    E_12: |H|=2 targets 548913 canonical rows 266738 nnz 1155041 (obstructed fixed targets cancelled: 7020) [5s, HWM 0.24 GB]
    E_23: |H|=1 targets 459381 canonical rows 459377 nnz 1639425 (obstructed fixed targets cancelled: 0) [7s, HWM 0.26 GB]
    E_34: |H|=1 targets 593791 canonical rows 589862 nnz 1522373 (obstructed fixed targets cancelled: 0) [9s, HWM 0.30 GB]
    E_45: |H|=1 targets 259579 canonical rows 259576 nnz 702646 (obstructed fixed targets cancelled: 0) [10s, HWM 0.30 GB]
  built (11, 7, 5, 3, 3, 1) d10: N_S=721793 |Stab|=2 n_chi=351323 rows=1845011 nnz=6438778 (13s: mono 1s orbits 1s rows 11s; HWM 0.30 GB)
    hybrid[per6 11_7_5_3_3_1d10] p=2147483647 attempt 0: |S|=351242 |U|=81 (a=12, excess 69) m=145 blocks 1x81 projected nullity 12, verified=True, rank 12 [split 0.2s trisolve 2.2s schur 2.1s null 0.0s lift 2.3s rank 0.2s]
  per6 (11, 7, 5, 3, 3, 1) d10 p=2147483647: a=12 n_chi=351323 mult=12 units=0 [10.0s]
    hybrid[per6 11_7_5_3_3_1d10] p=2147483629 attempt 0: |S|=351242 |U|=81 (a=12, excess 69) m=145 blocks 1x81 projected nullity 12, verified=True, rank 12 [split 0.2s trisolve 1.0s schur 2.0s null 0.0s lift 2.3s rank 0.2s]
  per6 (11, 7, 5, 3, 3, 1) d10 p=2147483629: a=12 n_chi=351323 mult=12 units=0 [8.8s]
  PER6 RESULT (11, 7, 5, 3, 3, 1) d10: a=12 N_S=721793 n_chi=351323 mult=12 units=0 proved: mult = a at both primes (S_mu not in the ideal over Q) (33.9s, HWM 1.07 GB)

=== rank 232 ((10, 8, 6, 2, 2, 2), 10) N_S 725622 a 13 2026-09-09T04:23:47.806531
      level 1: 42 prefixes
      level 2: 690 prefixes
      level 3: 6199 prefixes
      level 4: 34183 prefixes
      level 5: 123988 prefixes
      level 6: 318448 prefixes
      level 7: 582370 prefixes
      level 8: 711620 prefixes
      level 9: 725622 prefixes
      level 10: 725622 prefixes
  lam=(10, 8, 6, 2, 2, 2): N_S=725622 |Stab|=6 n_chi=142864 (orbits dropped: 0) [lean, 4s, HWM 0.19 GB]
    E_01: |H|=6 targets 621848 canonical rows 122713 nnz 604759 (obstructed fixed targets cancelled: 0) [5s, HWM 0.22 GB]
    E_12: |H|=6 targets 579843 canonical rows 114578 nnz 512248 (obstructed fixed targets cancelled: 0) [9s, HWM 0.23 GB]
    E_23: |H|=2 targets 312789 canonical rows 166481 nnz 653190 (obstructed fixed targets cancelled: 0) [11s, HWM 0.23 GB]
    E_34: |H|=1 targets 535540 canonical rows 535540 nnz 1106200 (obstructed fixed targets cancelled: 0) [12s, HWM 0.24 GB]
    E_45: |H|=1 targets 535540 canonical rows 535540 nnz 1106200 (obstructed fixed targets cancelled: 0) [14s, HWM 0.26 GB]
  built (10, 8, 6, 2, 2, 2) d10: N_S=725622 |Stab|=6 n_chi=142864 rows=1474852 nnz=3982597 (18s: mono 1s orbits 4s rows 14s; HWM 0.26 GB)
    hybrid[per6 10_8_6_2_2_2d10] p=2147483647 attempt 0: |S|=142767 |U|=97 (a=13, excess 84) m=161 blocks 1x97 projected nullity 13, verified=True, rank 13 [split 0.1s trisolve 1.2s schur 1.7s null 0.0s lift 2.7s rank 0.1s]
  per6 (10, 8, 6, 2, 2, 2) d10 p=2147483647: a=13 n_chi=142864 mult=13 units=0 [8.3s]
    hybrid[per6 10_8_6_2_2_2d10] p=2147483629 attempt 0: |S|=142767 |U|=97 (a=13, excess 84) m=161 blocks 1x97 projected nullity 13, verified=True, rank 13 [split 0.1s trisolve 1.0s schur 1.7s null 0.0s lift 2.6s rank 0.1s]
  per6 (10, 8, 6, 2, 2, 2) d10 p=2147483629: a=13 n_chi=142864 mult=13 units=0 [8.0s]
  PER6 RESULT (10, 8, 6, 2, 2, 2) d10: a=13 N_S=725622 n_chi=142864 mult=13 units=0 proved: mult = a at both primes (S_mu not in the ideal over Q) (35.8s, HWM 0.81 GB)

=== rank 233 ((11, 6, 5, 5, 2, 1), 10) N_S 726242 a 7 2026-09-09T04:24:23.887703
      level 1: 37 prefixes
      level 2: 571 prefixes
      level 3: 5422 prefixes
      level 4: 33402 prefixes
      level 5: 138594 prefixes
      level 6: 390340 prefixes
      level 7: 649203 prefixes
      level 8: 722624 prefixes
      level 9: 726242 prefixes
      level 10: 726242 prefixes
  lam=(11, 6, 5, 5, 2, 1): N_S=726242 |Stab|=2 n_chi=359559 (orbits dropped: 7124) [lean, 2s, HWM 0.19 GB]
    E_01: |H|=2 targets 509639 canonical rows 252148 nnz 1328615 (obstructed fixed targets cancelled: 3840) [3s, HWM 0.22 GB]
    E_12: |H|=1 targets 593791 canonical rows 593726 nnz 2379114 (obstructed fixed targets cancelled: 0) [5s, HWM 0.31 GB]
    E_23: |H|=1 targets 649985 canonical rows 649742 nnz 2337306 (obstructed fixed targets cancelled: 0) [8s, HWM 0.35 GB]
    E_34: |H|=1 targets 341795 canonical rows 341760 nnz 1234258 (obstructed fixed targets cancelled: 0) [9s, HWM 0.35 GB]
    E_45: |H|=2 targets 316309 canonical rows 156071 nnz 358589 (obstructed fixed targets cancelled: 970) [10s, HWM 0.35 GB]
  built (11, 6, 5, 5, 2, 1) d10: N_S=726242 |Stab|=2 n_chi=359559 rows=1993447 nnz=7637882 (12s: mono 1s orbits 2s rows 10s; HWM 0.35 GB)
    hybrid[per6 11_6_5_5_2_1d10] p=2147483647 attempt 0: |S|=359475 |U|=84 (a=7, excess 77) m=148 blocks 1x84 projected nullity 7, verified=True, rank 7 [split 0.2s trisolve 2.2s schur 3.0s null 0.0s lift 1.9s rank 0.1s]
  per6 (11, 6, 5, 5, 2, 1) d10 p=2147483647: a=7 n_chi=359559 mult=7 units=0 [10.0s]
    hybrid[per6 11_6_5_5_2_1d10] p=2147483629 attempt 0: |S|=359475 |U|=84 (a=7, excess 77) m=148 blocks 1x84 projected nullity 7, verified=True, rank 7 [split 0.2s trisolve 2.5s schur 2.5s null 0.0s lift 1.4s rank 0.1s]
  per6 (11, 6, 5, 5, 2, 1) d10 p=2147483629: a=7 n_chi=359559 mult=7 units=0 [8.6s]
  PER6 RESULT (11, 6, 5, 5, 2, 1) d10: a=7 N_S=726242 n_chi=359559 mult=7 units=0 proved: mult = a at both primes (S_mu not in the ideal over Q) (32.9s, HWM 0.91 GB)

=== rank 234 ((9, 9, 5, 4, 2, 1), 10) N_S 729024 a 9 2026-09-09T04:24:57.116958
      level 1: 29 prefixes
      level 2: 552 prefixes
      level 3: 5116 prefixes
      level 4: 28379 prefixes
      level 5: 103165 prefixes
      level 6: 266176 prefixes
      level 7: 515291 prefixes
      level 8: 695532 prefixes
      level 9: 729024 prefixes
      level 10: 729024 prefixes
  lam=(9, 9, 5, 4, 2, 1): N_S=729024 |Stab|=2 n_chi=363318 (orbits dropped: 2388) [lean, 1s, HWM 0.20 GB]
    E_01: |H|=1 targets 693151 canonical rows 693112 nnz 3388872 (obstructed fixed targets cancelled: 0) [4s, HWM 0.36 GB]
    E_12: |H|=1 targets 496041 canonical rows 496041 nnz 2403992 (obstructed fixed targets cancelled: 0) [7s, HWM 0.36 GB]
    E_23: |H|=2 targets 563000 canonical rows 280518 nnz 1033007 (obstructed fixed targets cancelled: 1103) [9s, HWM 0.36 GB]
    E_34: |H|=2 targets 382531 canonical rows 190586 nnz 622419 (obstructed fixed targets cancelled: 650) [11s, HWM 0.36 GB]
    E_45: |H|=2 targets 317610 canonical rows 158045 nnz 362843 (obstructed fixed targets cancelled: 475) [12s, HWM 0.36 GB]
  built (9, 9, 5, 4, 2, 1) d10: N_S=729024 |Stab|=2 n_chi=363318 rows=1818302 nnz=7811133 (14s: mono 1s orbits 1s rows 12s; HWM 0.36 GB)
    hybrid[per6 9_9_5_4_2_1d10] p=2147483647 attempt 0: |S|=363138 |U|=180 (a=9, excess 171) m=244 blocks 2x172 projected nullity 9, verified=True, rank 9 [split 0.2s trisolve 3.5s schur 5.4s null 0.0s lift 1.3s rank 0.3s]
  per6 (9, 9, 5, 4, 2, 1) d10 p=2147483647: a=9 n_chi=363318 mult=9 units=0 [14.4s]
    hybrid[per6 9_9_5_4_2_1d10] p=2147483629 attempt 0: |S|=363138 |U|=180 (a=9, excess 171) m=244 blocks 2x172 projected nullity 9, verified=True, rank 9 [split 0.3s trisolve 4.2s schur 6.0s null 0.0s lift 1.8s rank 0.1s]
  per6 (9, 9, 5, 4, 2, 1) d10 p=2147483629: a=9 n_chi=363318 mult=9 units=0 [15.7s]
  PER6 RESULT (9, 9, 5, 4, 2, 1) d10: a=9 N_S=729024 n_chi=363318 mult=9 units=0 proved: mult = a at both primes (S_mu not in the ideal over Q) (46.1s, HWM 1.41 GB)

=== rank 235 ((11, 8, 4, 3, 2, 2), 10) N_S 743409 a 14 2026-09-09T04:25:43.646937
      level 1: 43 prefixes
      level 2: 819 prefixes
      level 3: 8122 prefixes
      level 4: 46882 prefixes
      level 5: 168376 prefixes
      level 6: 415581 prefixes
      level 7: 666714 prefixes
      level 8: 739717 prefixes
      level 9: 743409 prefixes
      level 10: 743409 prefixes
  lam=(11, 8, 4, 3, 2, 2): N_S=743409 |Stab|=2 n_chi=393288 (orbits dropped: 0) [lean, 1s, HWM 0.20 GB]
    E_01: |H|=2 targets 614680 canonical rows 325568 nnz 1700476 (obstructed fixed targets cancelled: 0) [3s, HWM 0.25 GB]
    E_12: |H|=2 targets 460380 canonical rows 244297 nnz 1106790 (obstructed fixed targets cancelled: 0) [5s, HWM 0.25 GB]
    E_23: |H|=2 targets 528663 canonical rows 280478 nnz 908539 (obstructed fixed targets cancelled: 0) [8s, HWM 0.26 GB]
    E_34: |H|=1 targets 452290 canonical rows 452290 nnz 1273626 (obstructed fixed targets cancelled: 0) [9s, HWM 0.26 GB]
    E_45: |H|=1 targets 548913 canonical rows 548913 nnz 1134249 (obstructed fixed targets cancelled: 0) [11s, HWM 0.29 GB]
  built (11, 8, 4, 3, 2, 2) d10: N_S=743409 |Stab|=2 n_chi=393288 rows=1851546 nnz=6123680 (14s: mono 1s orbits 1s rows 11s; HWM 0.30 GB)
    hybrid[per6 11_8_4_3_2_2d10] p=2147483647 attempt 0: |S|=393175 |U|=113 (a=14, excess 99) m=177 blocks 1x113 projected nullity 14, verified=True, rank 14 [split 0.2s trisolve 3.9s schur 2.7s null 0.0s lift 3.2s rank 0.2s]
  per6 (11, 8, 4, 3, 2, 2) d10 p=2147483647: a=14 n_chi=393288 mult=14 units=0 [13.4s]
    hybrid[per6 11_8_4_3_2_2d10] p=2147483629 attempt 0: |S|=393175 |U|=113 (a=14, excess 99) m=177 blocks 1x113 projected nullity 14, verified=True, rank 14 [split 0.2s trisolve 3.1s schur 2.8s null 0.0s lift 1.7s rank 0.3s]
  per6 (11, 8, 4, 3, 2, 2) d10 p=2147483629: a=14 n_chi=393288 mult=14 units=0 [10.7s]
  PER6 RESULT (11, 8, 4, 3, 2, 2) d10: a=14 N_S=743409 n_chi=393288 mult=14 units=0 proved: mult = a at both primes (S_mu not in the ideal over Q) (39.4s, HWM 1.23 GB)

=== rank 236 ((12, 6, 5, 3, 2, 2), 10) N_S 750728 a 10 2026-09-09T04:26:23.347806
      level 1: 43 prefixes
      level 2: 795 prefixes
      level 3: 8485 prefixes
      level 4: 53178 prefixes
      level 5: 212055 prefixes
      level 6: 519448 prefixes
      level 7: 720865 prefixes
      level 8: 750267 prefixes
      level 9: 750728 prefixes
      level 10: 750728 prefixes
  lam=(12, 6, 5, 3, 2, 2): N_S=750728 |Stab|=2 n_chi=397009 (orbits dropped: 0) [lean, 1s, HWM 0.19 GB]
    E_01: |H|=2 targets 511721 canonical rows 271229 nnz 1451862 (obstructed fixed targets cancelled: 0) [3s, HWM 0.24 GB]
    E_12: |H|=2 targets 614680 canonical rows 325568 nnz 1296982 (obstructed fixed targets cancelled: 0) [6s, HWM 0.25 GB]
    E_23: |H|=2 targets 478910 canonical rows 254351 nnz 917659 (obstructed fixed targets cancelled: 0) [8s, HWM 0.25 GB]
    E_34: |H|=1 targets 456827 canonical rows 456827 nnz 1286889 (obstructed fixed targets cancelled: 0) [9s, HWM 0.25 GB]
    E_45: |H|=1 targets 554362 canonical rows 554362 nnz 1146239 (obstructed fixed targets cancelled: 0) [11s, HWM 0.29 GB]
  built (12, 6, 5, 3, 2, 2) d10: N_S=750728 |Stab|=2 n_chi=397009 rows=1862337 nnz=6099631 (14s: mono 1s orbits 1s rows 11s; HWM 0.30 GB)
    hybrid[per6 12_6_5_3_2_2d10] p=2147483647 attempt 0: |S|=396914 |U|=95 (a=10, excess 85) m=159 blocks 1x95 projected nullity 10, verified=True, rank 10 [split 0.2s trisolve 2.9s schur 2.3s null 0.0s lift 2.0s rank 0.2s]
  per6 (12, 6, 5, 3, 2, 2) d10 p=2147483647: a=10 n_chi=397009 mult=10 units=0 [10.4s]
    hybrid[per6 12_6_5_3_2_2d10] p=2147483629 attempt 0: |S|=396914 |U|=95 (a=10, excess 85) m=159 blocks 1x95 projected nullity 10, verified=True, rank 10 [split 0.2s trisolve 1.9s schur 2.6s null 0.0s lift 1.2s rank 0.2s]
  per6 (12, 6, 5, 3, 2, 2) d10 p=2147483629: a=10 n_chi=397009 mult=10 units=0 [9.3s]
  PER6 RESULT (12, 6, 5, 3, 2, 2) d10: a=10 N_S=750728 n_chi=397009 mult=10 units=0 proved: mult = a at both primes (S_mu not in the ideal over Q) (35.0s, HWM 1.01 GB)

=== rank 237 ((9, 9, 6, 2, 2, 2), 10) N_S 763012 a 4 2026-09-09T04:26:58.717498
      level 1: 32 prefixes
      level 2: 640 prefixes
      level 3: 5724 prefixes
      level 4: 31085 prefixes
      level 5: 111295 prefixes
      level 6: 281693 prefixes
      level 7: 539811 prefixes
      level 8: 727611 prefixes
      level 9: 763012 prefixes
      level 10: 763012 prefixes
  lam=(9, 9, 6, 2, 2, 2): N_S=763012 |Stab|=12 n_chi=74365 (orbits dropped: 1261) [lean, 7s, HWM 0.20 GB]
    E_01: |H|=6 targets 725622 canonical rows 142850 nnz 668863 (obstructed fixed targets cancelled: 0) [6s, HWM 0.25 GB]
    E_12: |H|=6 targets 579843 canonical rows 114578 nnz 534826 (obstructed fixed targets cancelled: 0) [10s, HWM 0.25 GB]
    E_23: |H|=4 targets 328502 canonical rows 86849 nnz 340061 (obstructed fixed targets cancelled: 1245) [12s, HWM 0.25 GB]
    E_34: |H|=2 targets 563000 canonical rows 279760 nnz 577172 (obstructed fixed targets cancelled: 290) [14s, HWM 0.25 GB]
    E_45: |H|=2 targets 563000 canonical rows 279760 nnz 577172 (obstructed fixed targets cancelled: 290) [16s, HWM 0.25 GB]
  built (9, 9, 6, 2, 2, 2) d10: N_S=763012 |Stab|=12 n_chi=74365 rows=903797 nnz=2698094 (25s: mono 1s orbits 7s rows 16s; HWM 0.25 GB)
    hybrid[per6 9_9_6_2_2_2d10] p=2147483647 attempt 0: |S|=74322 |U|=43 (a=4, excess 39) m=107 blocks 1x43 projected nullity 4, verified=True, rank 4 [split 0.0s trisolve 0.3s schur 0.5s null 0.0s lift 0.3s rank 0.0s]
  per6 (9, 9, 6, 2, 2, 2) d10 p=2147483647: a=4 n_chi=74365 mult=4 units=0 [3.1s]
    hybrid[per6 9_9_6_2_2_2d10] p=2147483629 attempt 0: |S|=74322 |U|=43 (a=4, excess 39) m=107 blocks 1x43 projected nullity 4, verified=True, rank 4 [split 0.0s trisolve 0.0s schur 0.6s null 0.0s lift 0.1s rank 0.0s]
  per6 (9, 9, 6, 2, 2, 2) d10 p=2147483629: a=4 n_chi=74365 mult=4 units=0 [2.6s]
  PER6 RESULT (9, 9, 6, 2, 2, 2) d10: a=4 N_S=763012 n_chi=74365 mult=4 units=0 proved: mult = a at both primes (S_mu not in the ideal over Q) (31.6s, HWM 0.34 GB)

=== rank 238 ((10, 7, 7, 2, 2, 2), 10) N_S 780586 a 2 2026-09-09T04:27:30.639440
      level 1: 42 prefixes
      level 2: 665 prefixes
      level 3: 5787 prefixes
      level 4: 32248 prefixes
      level 5: 121070 prefixes
      level 6: 329476 prefixes
      level 7: 622542 prefixes
      level 8: 765320 prefixes
      level 9: 780586 prefixes
      level 10: 780586 prefixes
  lam=(10, 7, 7, 2, 2, 2): N_S=780586 |Stab|=12 n_chi=75761 (orbits dropped: 1781) [lean, 8s, HWM 0.20 GB]
    E_01: |H|=6 targets 621848 canonical rows 122674 nnz 598175 (obstructed fixed targets cancelled: 0) [5s, HWM 0.23 GB]
    E_12: |H|=6 targets 725622 canonical rows 142832 nnz 592706 (obstructed fixed targets cancelled: 0) [11s, HWM 0.26 GB]
    E_23: |H|=2 targets 312789 canonical rows 166464 nnz 695656 (obstructed fixed targets cancelled: 0) [12s, HWM 0.26 GB]
    E_34: |H|=2 targets 575919 canonical rows 285404 nnz 588925 (obstructed fixed targets cancelled: 422) [15s, HWM 0.26 GB]
    E_45: |H|=2 targets 575919 canonical rows 285404 nnz 588925 (obstructed fixed targets cancelled: 422) [17s, HWM 0.26 GB]
  built (10, 7, 7, 2, 2, 2) d10: N_S=780586 |Stab|=12 n_chi=75761 rows=1002778 nnz=3064387 (26s: mono 1s orbits 8s rows 17s; HWM 0.26 GB)
    hybrid[per6 10_7_7_2_2_2d10] p=2147483647 attempt 0: |S|=75741 |U|=20 (a=2, excess 18) m=84 blocks 1x20 projected nullity 2, verified=True, rank 2 [split 0.0s trisolve 0.0s schur 0.3s null 0.0s lift 0.1s rank 0.0s]
  per6 (10, 7, 7, 2, 2, 2) d10 p=2147483647: a=2 n_chi=75761 mult=2 units=0 [1.8s]
    hybrid[per6 10_7_7_2_2_2d10] p=2147483629 attempt 0: |S|=75741 |U|=20 (a=2, excess 18) m=84 blocks 1x20 projected nullity 2, verified=True, rank 2 [split 0.0s trisolve 0.0s schur 0.3s null 0.0s lift 0.1s rank 0.0s]
  per6 (10, 7, 7, 2, 2, 2) d10 p=2147483629: a=2 n_chi=75761 mult=2 units=0 [1.8s]
  PER6 RESULT (10, 7, 7, 2, 2, 2) d10: a=2 N_S=780586 n_chi=75761 mult=2 units=0 proved: mult = a at both primes (S_mu not in the ideal over Q) (30.0s, HWM 0.3 GB)

=== rank 239 ((11, 6, 6, 3, 3, 1), 10) N_S 790375 a 3 2026-09-09T04:28:01.000049
      level 1: 39 prefixes
      level 2: 623 prefixes
      level 3: 6036 prefixes
      level 4: 37353 prefixes
      level 5: 152631 prefixes
      level 6: 425920 prefixes
      level 7: 706981 prefixes
      level 8: 786492 prefixes
      level 9: 790375 prefixes
      level 10: 790375 prefixes
  lam=(11, 6, 6, 3, 3, 1): N_S=790375 |Stab|=4 n_chi=193286 (orbits dropped: 11139) [lean, 3s, HWM 0.20 GB]
    E_01: |H|=2 targets 554362 canonical rows 269458 nnz 1418065 (obstructed fixed targets cancelled: 9107) [3s, HWM 0.23 GB]
    E_12: |H|=2 targets 721793 canonical rows 351301 nnz 1410738 (obstructed fixed targets cancelled: 7568) [6s, HWM 0.27 GB]
    E_23: |H|=1 targets 459381 canonical rows 459230 nnz 1795298 (obstructed fixed targets cancelled: 0) [8s, HWM 0.29 GB]
    E_34: |H|=2 targets 649985 canonical rows 325095 nnz 837341 (obstructed fixed targets cancelled: 0) [11s, HWM 0.30 GB]
    E_45: |H|=2 targets 283819 canonical rows 143306 nnz 386572 (obstructed fixed targets cancelled: 0) [12s, HWM 0.30 GB]
  built (11, 6, 6, 3, 3, 1) d10: N_S=790375 |Stab|=4 n_chi=193286 rows=1548390 nnz=5848014 (16s: mono 1s orbits 3s rows 12s; HWM 0.30 GB)
    hybrid[per6 11_6_6_3_3_1d10] p=2147483647 attempt 0: |S|=193258 |U|=28 (a=3, excess 25) m=92 blocks 1x28 projected nullity 3, verified=True, rank 3 [split 0.1s trisolve 0.3s schur 0.7s null 0.0s lift 0.3s rank 0.0s]
  per6 (11, 6, 6, 3, 3, 1) d10 p=2147483647: a=3 n_chi=193286 mult=3 units=0 [3.3s]
    hybrid[per6 11_6_6_3_3_1d10] p=2147483629 attempt 0: |S|=193258 |U|=28 (a=3, excess 25) m=92 blocks 1x28 projected nullity 3, verified=True, rank 3 [split 0.1s trisolve 0.3s schur 0.7s null 0.0s lift 0.2s rank 0.1s]
  per6 (11, 6, 6, 3, 3, 1) d10 p=2147483629: a=3 n_chi=193286 mult=3 units=0 [2.7s]
  PER6 RESULT (11, 6, 6, 3, 3, 1) d10: a=3 N_S=790375 n_chi=193286 mult=3 units=0 proved: mult = a at both primes (S_mu not in the ideal over Q) (23.4s, HWM 0.46 GB)

=== rank 240 ((10, 9, 4, 3, 2, 2), 10) N_S 816244 a 9 2026-09-09T04:28:24.754170
      level 1: 43 prefixes
      level 2: 795 prefixes
      level 3: 7694 prefixes
      level 4: 42912 prefixes
      level 5: 152430 prefixes
      level 6: 372342 prefixes
      level 7: 660089 prefixes
      level 8: 801097 prefixes
      level 9: 816244 prefixes
      level 10: 816244 prefixes
  lam=(10, 9, 4, 3, 2, 2): N_S=816244 |Stab|=2 n_chi=431557 (orbits dropped: 0) [lean, 1s, HWM 0.20 GB]
    E_01: |H|=2 targets 743409 canonical rows 393288 nnz 1994928 (obstructed fixed targets cancelled: 0) [4s, HWM 0.30 GB]
    E_12: |H|=2 targets 480240 canonical rows 254813 nnz 1217054 (obstructed fixed targets cancelled: 0) [6s, HWM 0.30 GB]
    E_23: |H|=2 targets 579843 canonical rows 307434 nnz 998433 (obstructed fixed targets cancelled: 0) [9s, HWM 0.30 GB]
    E_34: |H|=1 targets 496041 canonical rows 496041 nnz 1399609 (obstructed fixed targets cancelled: 0) [11s, HWM 0.30 GB]
    E_45: |H|=1 targets 602381 canonical rows 602381 nnz 1246973 (obstructed fixed targets cancelled: 0) [13s, HWM 0.31 GB]
  built (10, 9, 4, 3, 2, 2) d10: N_S=816244 |Stab|=2 n_chi=431557 rows=2053957 nnz=6856997 (15s: mono 1s orbits 1s rows 13s; HWM 0.36 GB)
    hybrid[per6 10_9_4_3_2_2d10] p=2147483647 attempt 0: |S|=431428 |U|=129 (a=9, excess 120) m=193 blocks 1x129 projected nullity 9, verified=True, rank 9 [split 0.2s trisolve 3.8s schur 3.6s null 0.0s lift 0.9s rank 0.2s]
  per6 (10, 9, 4, 3, 2, 2) d10 p=2147483647: a=9 n_chi=431557 mult=9 units=0 [11.4s]
    hybrid[per6 10_9_4_3_2_2d10] p=2147483629 attempt 0: |S|=431428 |U|=129 (a=9, excess 120) m=193 blocks 1x129 projected nullity 9, verified=True, rank 9 [split 0.2s trisolve 3.1s schur 3.7s null 0.0s lift 1.5s rank 0.2s]
  per6 (10, 9, 4, 3, 2, 2) d10 p=2147483629: a=9 n_chi=431557 mult=9 units=0 [11.8s]
  PER6 RESULT (10, 9, 4, 3, 2, 2) d10: a=9 N_S=816244 n_chi=431557 mult=9 units=0 proved: mult = a at both primes (S_mu not in the ideal over Q) (40.4s, HWM 1.3 GB)

=== rank 241 ((10, 7, 6, 4, 2, 1), 10) N_S 816940 a 21 2026-09-09T04:29:05.498527
      level 1: 38 prefixes
      level 2: 572 prefixes
      level 3: 5205 prefixes
      level 4: 30768 prefixes
      level 5: 121805 prefixes
      level 6: 342255 prefixes
      level 7: 652001 prefixes
      level 8: 801381 prefixes
      level 9: 816940 prefixes
      level 10: 816940 prefixes
  lam=(10, 7, 6, 4, 2, 1): N_S=816940 |Stab|=1 n_chi=816940 (orbits dropped: 0) [lean, 1s, HWM 0.20 GB]
    E_01: |H|=1 targets 649985 canonical rows 649985 nnz 3336799 (obstructed fixed targets cancelled: 0) [3s, HWM 0.35 GB]
    E_12: |H|=1 targets 693151 canonical rows 693151 nnz 3039081 (obstructed fixed targets cancelled: 0) [6s, HWM 0.39 GB]
    E_23: |H|=1 targets 575919 canonical rows 575919 nnz 2330105 (obstructed fixed targets cancelled: 0) [9s, HWM 0.39 GB]
    E_34: |H|=1 targets 428030 canonical rows 428030 nnz 1402310 (obstructed fixed targets cancelled: 0) [10s, HWM 0.39 GB]
    E_45: |H|=1 targets 355286 canonical rows 355286 nnz 816940 (obstructed fixed targets cancelled: 0) [11s, HWM 0.39 GB]
  built (10, 7, 6, 4, 2, 1) d10: N_S=816940 |Stab|=1 n_chi=816940 rows=2702371 nnz=10925235 (13s: mono 1s orbits 1s rows 11s; HWM 0.44 GB)
    hybrid[per6 10_7_6_4_2_1d10] p=2147483647 attempt 0: |S|=816599 |U|=341 (a=21, excess 320) m=405 blocks 5x76 projected nullity 21, verified=True, rank 21 [split 0.4s trisolve 13.7s schur 13.8s null 0.1s lift 8.3s rank 0.8s]
  per6 (10, 7, 6, 4, 2, 1) d10 p=2147483647: a=21 n_chi=816940 mult=21 units=0 [46.9s]
    hybrid[per6 10_7_6_4_2_1d10] p=2147483629 attempt 0: |S|=816599 |U|=341 (a=21, excess 320) m=405 blocks 5x76 projected nullity 21, verified=True, rank 21 [split 0.5s trisolve 13.4s schur 13.7s null 0.1s lift 8.2s rank 0.9s]
  per6 (10, 7, 6, 4, 2, 1) d10 p=2147483629: a=21 n_chi=816940 mult=21 units=0 [45.4s]
  PER6 RESULT (10, 7, 6, 4, 2, 1) d10: a=21 N_S=816940 n_chi=816940 mult=21 units=0 proved: mult = a at both primes (S_mu not in the ideal over Q) (108.0s, HWM 2.22 GB)

=== rank 242 ((12, 5, 4, 4, 4, 1), 10) N_S 830601 a 3 2026-09-09T04:30:53.814215
      level 1: 38 prefixes
      level 2: 657 prefixes
      level 3: 7115 prefixes
      level 4: 49331 prefixes
      level 5: 221718 prefixes
      level 6: 570912 prefixes
      level 7: 797748 prefixes
      level 8: 830112 prefixes
      level 9: 830601 prefixes
      level 10: 830601 prefixes
  lam=(12, 5, 4, 4, 4, 1): N_S=830601 |Stab|=6 n_chi=144567 (orbits dropped: 0) [lean, 4s, HWM 0.20 GB]
    E_01: |H|=6 targets 506078 canonical rows 88502 nnz 473228 (obstructed fixed targets cancelled: 0) [4s, HWM 0.20 GB]
    E_12: |H|=2 targets 641860 canonical rows 325836 nnz 1196350 (obstructed fixed targets cancelled: 0) [7s, HWM 0.24 GB]
    E_23: |H|=1 targets 716825 canonical rows 716825 nnz 2321334 (obstructed fixed targets cancelled: 0) [10s, HWM 0.31 GB]
    E_34: |H|=1 targets 716825 canonical rows 716825 nnz 2321334 (obstructed fixed targets cancelled: 0) [13s, HWM 0.36 GB]
    E_45: |H|=2 targets 258050 canonical rows 131673 nnz 421357 (obstructed fixed targets cancelled: 0) [14s, HWM 0.36 GB]
  built (12, 5, 4, 4, 4, 1) d10: N_S=830601 |Stab|=6 n_chi=144567 rows=1979661 nnz=6733603 (19s: mono 1s orbits 4s rows 14s; HWM 0.36 GB)
    hybrid[per6 12_5_4_4_4_1d10] p=2147483647 attempt 0: |S|=144545 |U|=22 (a=3, excess 19) m=86 blocks 1x22 projected nullity 3, verified=True, rank 3 [split 0.1s trisolve 0.1s schur 0.7s null 0.0s lift 0.2s rank 0.0s]
  per6 (12, 5, 4, 4, 4, 1) d10 p=2147483647: a=3 n_chi=144567 mult=3 units=0 [3.0s]
    hybrid[per6 12_5_4_4_4_1d10] p=2147483629 attempt 0: |S|=144545 |U|=22 (a=3, excess 19) m=86 blocks 1x22 projected nullity 3, verified=True, rank 3 [split 0.1s trisolve 0.1s schur 0.7s null 0.0s lift 0.4s rank 0.0s]
  per6 (12, 5, 4, 4, 4, 1) d10 p=2147483629: a=3 n_chi=144567 mult=3 units=0 [3.0s]
  PER6 RESULT (12, 5, 4, 4, 4, 1) d10: a=3 N_S=830601 n_chi=144567 mult=3 units=0 proved: mult = a at both primes (S_mu not in the ideal over Q) (27.3s, HWM 0.55 GB)

=== rank 243 ((13, 4, 4, 4, 3, 2), 10) N_S 831466 a 2 2026-09-09T04:31:21.457602
      level 1: 43 prefixes
      level 2: 846 prefixes
      level 3: 10201 prefixes
      level 4: 75932 prefixes
      level 5: 328478 prefixes
      level 6: 691412 prefixes
      level 7: 823703 prefixes
      level 8: 831466 prefixes
      level 9: 831466 prefixes
      level 10: 831466 prefixes
  lam=(13, 4, 4, 4, 3, 2): N_S=831466 |Stab|=6 n_chi=144907 (orbits dropped: 0) [lean, 4s, HWM 0.21 GB]
    E_01: |H|=2 targets 429278 canonical rows 218253 nnz 1194967 (obstructed fixed targets cancelled: 0) [2s, HWM 0.21 GB]
    E_12: |H|=1 targets 718298 canonical rows 718298 nnz 2317695 (obstructed fixed targets cancelled: 0) [5s, HWM 0.32 GB]
    E_23: |H|=1 targets 718298 canonical rows 718298 nnz 2317695 (obstructed fixed targets cancelled: 0) [8s, HWM 0.34 GB]
    E_34: |H|=2 targets 591857 canonical rows 300768 nnz 980507 (obstructed fixed targets cancelled: 0) [11s, HWM 0.34 GB]
    E_45: |H|=6 targets 506078 canonical rows 88502 nnz 246566 (obstructed fixed targets cancelled: 0) [14s, HWM 0.34 GB]
  built (13, 4, 4, 4, 3, 2) d10: N_S=831466 |Stab|=6 n_chi=144907 rows=2044119 nnz=7057430 (20s: mono 2s orbits 4s rows 15s; HWM 0.39 GB)
    hybrid[per6 13_4_4_4_3_2d10] p=2147483647 attempt 0: |S|=144893 |U|=14 (a=2, excess 12) m=78 blocks 1x14 projected nullity 2, verified=True, rank 2 [split 0.1s trisolve 0.0s schur 0.6s null 0.0s lift 0.2s rank 0.0s]
  per6 (13, 4, 4, 4, 3, 2) d10 p=2147483647: a=2 n_chi=144907 mult=2 units=0 [2.6s]
    hybrid[per6 13_4_4_4_3_2d10] p=2147483629 attempt 0: |S|=144893 |U|=14 (a=2, excess 12) m=78 blocks 1x14 projected nullity 2, verified=True, rank 2 [split 0.1s trisolve 0.0s schur 0.6s null 0.0s lift 0.3s rank 0.0s]
  per6 (13, 4, 4, 4, 3, 2) d10 p=2147483629: a=2 n_chi=144907 mult=2 units=0 [2.8s]
  PER6 RESULT (13, 4, 4, 4, 3, 2) d10: a=2 N_S=831466 n_chi=144907 mult=2 units=0 proved: mult = a at both primes (S_mu not in the ideal over Q) (27.6s, HWM 0.52 GB)

=== rank 244 ((11, 7, 4, 4, 3, 1), 10) N_S 836699 a 13 2026-09-09T04:31:49.356025
      level 1: 39 prefixes
      level 2: 674 prefixes
      level 3: 6855 prefixes
      level 4: 42429 prefixes
      level 5: 170251 prefixes
      level 6: 457417 prefixes
      level 7: 749955 prefixes
      level 8: 832695 prefixes
      level 9: 836699 prefixes
      level 10: 836699 prefixes
  lam=(11, 7, 4, 4, 3, 1): N_S=836699 |Stab|=2 n_chi=424378 (orbits dropped: 0) [lean, 1s, HWM 0.20 GB]
    E_01: |H|=2 targets 641860 canonical rows 325836 nnz 1724948 (obstructed fixed targets cancelled: 0) [3s, HWM 0.26 GB]
    E_12: |H|=1 targets 548913 canonical rows 548913 nnz 2386545 (obstructed fixed targets cancelled: 0) [6s, HWM 0.31 GB]
    E_23: |H|=1 targets 721793 canonical rows 721793 nnz 2341003 (obstructed fixed targets cancelled: 0) [9s, HWM 0.36 GB]
    E_34: |H|=1 targets 593791 canonical rows 593791 nnz 1953646 (obstructed fixed targets cancelled: 0) [11s, HWM 0.36 GB]
    E_45: |H|=2 targets 300274 canonical rows 153179 nnz 424378 (obstructed fixed targets cancelled: 0) [12s, HWM 0.36 GB]
  built (11, 7, 4, 4, 3, 1) d10: N_S=836699 |Stab|=2 n_chi=424378 rows=2343512 nnz=8830520 (15s: mono 1s orbits 1s rows 13s; HWM 0.40 GB)
    hybrid[per6 11_7_4_4_3_1d10] p=2147483647 attempt 0: |S|=424287 |U|=91 (a=13, excess 78) m=155 blocks 1x91 projected nullity 13, verified=True, rank 13 [split 0.2s trisolve 2.2s schur 3.4s null 0.0s lift 4.2s rank 0.6s]
  per6 (11, 7, 4, 4, 3, 1) d10 p=2147483647: a=13 n_chi=424378 mult=13 units=0 [14.1s]
    hybrid[per6 11_7_4_4_3_1d10] p=2147483629 attempt 0: |S|=424287 |U|=91 (a=13, excess 78) m=155 blocks 1x91 projected nullity 13, verified=True, rank 13 [split 0.2s trisolve 1.3s schur 3.2s null 0.0s lift 2.7s rank 0.5s]
  per6 (11, 7, 4, 4, 3, 1) d10 p=2147483629: a=13 n_chi=424378 mult=13 units=0 [11.0s]
  PER6 RESULT (11, 7, 4, 4, 3, 1) d10: a=13 N_S=836699 n_chi=424378 mult=13 units=0 proved: mult = a at both primes (S_mu not in the ideal over Q) (42.2s, HWM 1.44 GB)

=== rank 245 ((10, 8, 5, 3, 3, 1), 10) N_S 843326 a 10 2026-09-09T04:32:31.881664
      level 1: 39 prefixes
      level 2: 650 prefixes
      level 3: 6177 prefixes
      level 4: 36155 prefixes
      level 5: 138580 prefixes
      level 6: 367601 prefixes
      level 7: 677981 prefixes
      level 8: 827751 prefixes
      level 9: 843326 prefixes
      level 10: 843326 prefixes
  lam=(10, 8, 5, 3, 3, 1): N_S=843326 |Stab|=2 n_chi=410685 (orbits dropped: 21956) [lean, 2s, HWM 0.21 GB]
    E_01: |H|=2 targets 721793 canonical rows 351323 nnz 1800647 (obstructed fixed targets cancelled: 10763) [4s, HWM 0.27 GB]
    E_12: |H|=2 targets 602381 canonical rows 292847 nnz 1355236 (obstructed fixed targets cancelled: 8274) [7s, HWM 0.27 GB]
    E_23: |H|=1 targets 535540 canonical rows 535535 nnz 1920800 (obstructed fixed targets cancelled: 0) [9s, HWM 0.31 GB]
    E_34: |H|=1 targets 693151 canonical rows 688724 nnz 1785003 (obstructed fixed targets cancelled: 0) [12s, HWM 0.34 GB]
    E_45: |H|=1 targets 302292 canonical rows 302287 nnz 821370 (obstructed fixed targets cancelled: 0) [13s, HWM 0.34 GB]
  built (10, 8, 5, 3, 3, 1) d10: N_S=843326 |Stab|=2 n_chi=410685 rows=2170716 nnz=7683056 (16s: mono 1s orbits 2s rows 13s; HWM 0.36 GB)
    hybrid[per6 10_8_5_3_3_1d10] p=2147483647 attempt 0: |S|=410572 |U|=113 (a=10, excess 103) m=177 blocks 1x113 projected nullity 10, verified=True, rank 10 [split 0.2s trisolve 4.6s schur 3.5s null 0.0s lift 2.5s rank 0.2s]
  per6 (10, 8, 5, 3, 3, 1) d10 p=2147483647: a=10 n_chi=410685 mult=10 units=0 [14.6s]
    hybrid[per6 10_8_5_3_3_1d10] p=2147483629 attempt 0: |S|=410572 |U|=113 (a=10, excess 103) m=177 blocks 1x113 projected nullity 10, verified=True, rank 10 [split 0.3s trisolve 3.5s schur 3.5s null 0.0s lift 2.8s rank 0.2s]
  per6 (10, 8, 5, 3, 3, 1) d10 p=2147483629: a=10 n_chi=410685 mult=10 units=0 [13.2s]
  PER6 RESULT (10, 8, 5, 3, 3, 1) d10: a=10 N_S=843326 n_chi=410685 mult=10 units=0 proved: mult = a at both primes (S_mu not in the ideal over Q) (46.0s, HWM 1.18 GB)

=== rank 246 ((12, 6, 4, 4, 2, 2), 10) N_S 869819 a 14 2026-09-09T04:33:18.272349
      level 1: 43 prefixes
      level 2: 817 prefixes
      level 3: 8985 prefixes
      level 4: 58869 prefixes
      level 5: 242463 prefixes
      level 6: 601068 prefixes
      level 7: 835461 prefixes
      level 8: 869291 prefixes
      level 9: 869819 prefixes
      level 10: 869819 prefixes
  lam=(12, 6, 4, 4, 2, 2): N_S=869819 |Stab|=4 n_chi=234235 (orbits dropped: 0) [lean, 3s, HWM 0.21 GB]
    E_01: |H|=4 targets 591857 canonical rows 159908 nnz 853493 (obstructed fixed targets cancelled: 0) [4s, HWM 0.22 GB]
    E_12: |H|=2 targets 614680 canonical rows 325568 nnz 1296982 (obstructed fixed targets cancelled: 0) [7s, HWM 0.25 GB]
    E_23: |H|=2 targets 750728 canonical rows 397009 nnz 1270760 (obstructed fixed targets cancelled: 0) [10s, HWM 0.29 GB]
    E_34: |H|=1 targets 456827 canonical rows 456827 nnz 1492456 (obstructed fixed targets cancelled: 0) [12s, HWM 0.29 GB]
    E_45: |H|=2 targets 641860 canonical rows 325836 nnz 673014 (obstructed fixed targets cancelled: 0) [15s, HWM 0.32 GB]
  built (12, 6, 4, 4, 2, 2) d10: N_S=869819 |Stab|=4 n_chi=234235 rows=1665148 nnz=5586705 (19s: mono 1s orbits 3s rows 15s; HWM 0.32 GB)
    hybrid[per6 12_6_4_4_2_2d10] p=2147483647 attempt 0: |S|=234186 |U|=49 (a=14, excess 35) m=113 blocks 1x49 projected nullity 14, verified=True, rank 14 [split 0.1s trisolve 0.9s schur 1.2s null 0.0s lift 2.3s rank 0.1s]
  per6 (12, 6, 4, 4, 2, 2) d10 p=2147483647: a=14 n_chi=234235 mult=14 units=0 [7.9s]
    hybrid[per6 12_6_4_4_2_2d10] p=2147483629 attempt 0: |S|=234186 |U|=49 (a=14, excess 35) m=113 blocks 1x49 projected nullity 14, verified=True, rank 14 [split 0.1s trisolve 0.4s schur 1.1s null 0.0s lift 2.2s rank 0.1s]
  per6 (12, 6, 4, 4, 2, 2) d10 p=2147483629: a=14 n_chi=234235 mult=14 units=0 [6.9s]
  PER6 RESULT (12, 6, 4, 4, 2, 2) d10: a=14 N_S=869819 n_chi=234235 mult=14 units=0 proved: mult = a at both primes (S_mu not in the ideal over Q) (35.7s, HWM 1.02 GB)

=== rank 247 ((9, 8, 7, 2, 2, 2), 10) N_S 873086 a 4 2026-09-09T04:33:54.294368
      level 1: 32 prefixes
      level 2: 622 prefixes
      level 3: 5496 prefixes
      level 4: 30237 prefixes
      level 5: 113194 prefixes
      level 6: 302579 prefixes
      level 7: 607705 prefixes
      level 8: 831488 prefixes
      level 9: 873086 prefixes
      level 10: 873086 prefixes
  lam=(9, 8, 7, 2, 2, 2): N_S=873086 |Stab|=6 n_chi=171117 (orbits dropped: 0) [lean, 5s, HWM 0.21 GB]
    E_01: |H|=6 targets 780586 canonical rows 153303 nnz 730148 (obstructed fixed targets cancelled: 0) [6s, HWM 0.27 GB]
    E_12: |H|=6 targets 763012 canonical rows 149991 nnz 677736 (obstructed fixed targets cancelled: 0) [12s, HWM 0.27 GB]
    E_23: |H|=2 targets 348890 canonical rows 185553 nnz 786707 (obstructed fixed targets cancelled: 0) [14s, HWM 0.27 GB]
    E_34: |H|=1 targets 643735 canonical rows 643735 nnz 1335185 (obstructed fixed targets cancelled: 0) [16s, HWM 0.27 GB]
    E_45: |H|=1 targets 643735 canonical rows 643735 nnz 1335185 (obstructed fixed targets cancelled: 0) [18s, HWM 0.30 GB]
  built (9, 8, 7, 2, 2, 2) d10: N_S=873086 |Stab|=6 n_chi=171117 rows=1776317 nnz=4864961 (24s: mono 1s orbits 5s rows 18s; HWM 0.30 GB)
    hybrid[per6 9_8_7_2_2_2d10] p=2147483647 attempt 0: |S|=170990 |U|=127 (a=4, excess 123) m=191 blocks 1x127 projected nullity 4, verified=True, rank 4 [split 0.1s trisolve 1.8s schur 2.7s null 0.0s lift 0.3s rank 0.0s]
  per6 (9, 8, 7, 2, 2, 2) d10 p=2147483647: a=4 n_chi=171117 mult=4 units=0 [6.9s]
    hybrid[per6 9_8_7_2_2_2d10] p=2147483629 attempt 0: |S|=170990 |U|=127 (a=4, excess 123) m=191 blocks 1x127 projected nullity 4, verified=True, rank 4 [split 0.1s trisolve 1.4s schur 2.7s null 0.0s lift 0.4s rank 0.0s]
  per6 (9, 8, 7, 2, 2, 2) d10 p=2147483629: a=4 n_chi=171117 mult=4 units=0 [6.2s]
  PER6 RESULT (9, 8, 7, 2, 2, 2) d10: a=4 N_S=873086 n_chi=171117 mult=4 units=0 proved: mult = a at both primes (S_mu not in the ideal over Q) (38.7s, HWM 0.69 GB)

=== rank 248 ((9, 9, 5, 3, 3, 1), 10) N_S 887312 a 5 2026-09-09T04:34:33.354720
      level 1: 30 prefixes
      level 2: 602 prefixes
      level 3: 5808 prefixes
      level 4: 33137 prefixes
      level 5: 123382 prefixes
      level 6: 322931 prefixes
      level 7: 627634 prefixes
      level 8: 847078 prefixes
      level 9: 887312 prefixes
      level 10: 887312 prefixes
  lam=(9, 9, 5, 3, 3, 1): N_S=887312 |Stab|=4 n_chi=215736 (orbits dropped: 12653) [lean, 3s, HWM 0.22 GB]
    E_01: |H|=2 targets 843326 canonical rows 410666 nnz 2011496 (obstructed fixed targets cancelled: 11674) [5s, HWM 0.31 GB]
    E_12: |H|=2 targets 602381 canonical rows 292847 nnz 1424351 (obstructed fixed targets cancelled: 8887) [8s, HWM 0.31 GB]
    E_23: |H|=2 targets 563000 canonical rows 280515 nnz 1007916 (obstructed fixed targets cancelled: 1103) [10s, HWM 0.31 GB]
    E_34: |H|=2 targets 729024 canonical rows 361066 nnz 936946 (obstructed fixed targets cancelled: 979) [13s, HWM 0.31 GB]
    E_45: |H|=2 targets 317610 canonical rows 158043 nnz 430397 (obstructed fixed targets cancelled: 677) [14s, HWM 0.31 GB]
  built (9, 9, 5, 3, 3, 1) d10: N_S=887312 |Stab|=4 n_chi=215736 rows=1503137 nnz=5811106 (18s: mono 1s orbits 3s rows 14s; HWM 0.31 GB)
    hybrid[per6 9_9_5_3_3_1d10] p=2147483647 attempt 0: |S|=215668 |U|=68 (a=5, excess 63) m=132 blocks 1x68 projected nullity 5, verified=True, rank 5 [split 0.1s trisolve 0.8s schur 1.6s null 0.0s lift 0.5s rank 0.1s]
  per6 (9, 9, 5, 3, 3, 1) d10 p=2147483647: a=5 n_chi=215736 mult=5 units=0 [5.6s]
    hybrid[per6 9_9_5_3_3_1d10] p=2147483629 attempt 0: |S|=215668 |U|=68 (a=5, excess 63) m=132 blocks 1x68 projected nullity 5, verified=True, rank 5 [split 0.1s trisolve 1.2s schur 1.6s null 0.0s lift 0.4s rank 0.1s]
  per6 (9, 9, 5, 3, 3, 1) d10 p=2147483629: a=5 n_chi=215736 mult=5 units=0 [6.1s]
  PER6 RESULT (9, 9, 5, 3, 3, 1) d10: a=5 N_S=887312 n_chi=215736 mult=5 units=0 proved: mult = a at both primes (S_mu not in the ideal over Q) (31.5s, HWM 0.6 GB)

=== rank 249 ((10, 7, 5, 5, 2, 1), 10) N_S 913654 a 10 2026-09-09T04:35:05.194265
      level 1: 37 prefixes
      level 2: 571 prefixes
      level 3: 5354 prefixes
      level 4: 32443 prefixes
      level 5: 132038 prefixes
      level 6: 379620 prefixes
      level 7: 728935 prefixes
      level 8: 896477 prefixes
      level 9: 913654 prefixes
      level 10: 913654 prefixes
  lam=(10, 7, 5, 5, 2, 1): N_S=913654 |Stab|=2 n_chi=452582 (orbits dropped: 8490) [lean, 2s, HWM 0.22 GB]
    E_01: |H|=2 targets 726242 canonical rows 359559 nnz 1849697 (obstructed fixed targets cancelled: 4947) [4s, HWM 0.27 GB]
    E_12: |H|=1 targets 693151 canonical rows 693063 nnz 3012451 (obstructed fixed targets cancelled: 0) [7s, HWM 0.37 GB]
    E_23: |H|=1 targets 816940 canonical rows 816679 nnz 2960890 (obstructed fixed targets cancelled: 0) [11s, HWM 0.43 GB]
    E_34: |H|=1 targets 428030 canonical rows 427993 nnz 1557170 (obstructed fixed targets cancelled: 0) [12s, HWM 0.43 GB]
    E_45: |H|=2 targets 396355 canonical rows 195714 nnz 451444 (obstructed fixed targets cancelled: 1138) [14s, HWM 0.43 GB]
  built (10, 7, 5, 5, 2, 1) d10: N_S=913654 |Stab|=2 n_chi=452582 rows=2493008 nnz=9831652 (17s: mono 1s orbits 2s rows 14s; HWM 0.43 GB)
    hybrid[per6 10_7_5_5_2_1d10] p=2147483647 attempt 0: |S|=452470 |U|=112 (a=10, excess 102) m=176 blocks 1x112 projected nullity 10, verified=True, rank 10 [split 0.2s trisolve 4.3s schur 4.3s null 0.0s lift 2.6s rank 0.2s]
  per6 (10, 7, 5, 5, 2, 1) d10 p=2147483647: a=10 n_chi=452582 mult=10 units=0 [15.1s]
    hybrid[per6 10_7_5_5_2_1d10] p=2147483629 attempt 0: |S|=452470 |U|=112 (a=10, excess 102) m=176 blocks 1x112 projected nullity 10, verified=True, rank 10 [split 0.3s trisolve 3.2s schur 4.3s null 0.0s lift 3.0s rank 0.3s]
  per6 (10, 7, 5, 5, 2, 1) d10 p=2147483629: a=10 n_chi=452582 mult=10 units=0 [14.8s]
  PER6 RESULT (10, 7, 5, 5, 2, 1) d10: a=10 N_S=913654 n_chi=452582 mult=10 units=0 proved: mult = a at both primes (S_mu not in the ideal over Q) (49.3s, HWM 1.34 GB)

=== rank 250 ((9, 8, 6, 4, 2, 1), 10) N_S 914220 a 17 2026-09-09T04:35:54.804330
      level 1: 29 prefixes
      level 2: 537 prefixes
      level 3: 4982 prefixes
      level 4: 29029 prefixes
      level 5: 113190 prefixes
      level 6: 312216 prefixes
      level 7: 635637 prefixes
      level 8: 871252 prefixes
      level 9: 914220 prefixes
      level 10: 914220 prefixes
  lam=(9, 8, 6, 4, 2, 1): N_S=914220 |Stab|=1 n_chi=914220 (orbits dropped: 0) [lean, 1s, HWM 0.21 GB]
    E_01: |H|=1 targets 816940 canonical rows 816940 nnz 4044887 (obstructed fixed targets cancelled: 0) [5s, HWM 0.45 GB]
    E_12: |H|=1 targets 729024 canonical rows 729024 nnz 3412280 (obstructed fixed targets cancelled: 0) [8s, HWM 0.45 GB]
    E_23: |H|=1 targets 643735 canonical rows 643735 nnz 2613934 (obstructed fixed targets cancelled: 0) [11s, HWM 0.45 GB]
    E_34: |H|=1 targets 478134 canonical rows 478134 nnz 1571044 (obstructed fixed targets cancelled: 0) [13s, HWM 0.45 GB]
    E_45: |H|=1 targets 396833 canonical rows 396833 nnz 914220 (obstructed fixed targets cancelled: 0) [14s, HWM 0.45 GB]
  built (9, 8, 6, 4, 2, 1) d10: N_S=914220 |Stab|=1 n_chi=914220 rows=3064666 nnz=12556365 (17s: mono 1s orbits 1s rows 15s; HWM 0.51 GB)
    hybrid[per6 9_8_6_4_2_1d10] p=2147483647 attempt 0: |S|=913720 |U|=500 (a=17, excess 483) m=564 blocks 8x68 projected nullity 17, verified=True, rank 17 [split 0.6s trisolve 23.6s schur 22.9s null 0.1s lift 8.5s rank 0.7s]
  per6 (9, 8, 6, 4, 2, 1) d10 p=2147483647: a=17 n_chi=914220 mult=17 units=0 [64.5s]
    hybrid[per6 9_8_6_4_2_1d10] p=2147483629 attempt 0: |S|=913720 |U|=500 (a=17, excess 483) m=564 blocks 8x68 projected nullity 17, verified=True, rank 17 [split 0.8s trisolve 17.3s schur 23.3s null 0.1s lift 8.7s rank 1.1s]
  per6 (9, 8, 6, 4, 2, 1) d10 p=2147483629: a=17 n_chi=914220 mult=17 units=0 [58.5s]
  PER6 RESULT (9, 8, 6, 4, 2, 1) d10: a=17 N_S=914220 n_chi=914220 mult=17 units=0 proved: mult = a at both primes (S_mu not in the ideal over Q) (143.5s, HWM 2.39 GB)

=== rank 251 ((8, 8, 8, 2, 2, 2), 10) N_S 928636 a 2 2026-09-09T04:38:18.652671
      level 1: 32 prefixes
      level 2: 381 prefixes
      level 3: 4410 prefixes
      level 4: 25033 prefixes
      level 5: 95489 prefixes
      level 6: 262416 prefixes
      level 7: 552515 prefixes
      level 8: 843820 prefixes
      level 9: 928636 prefixes
      level 10: 928636 prefixes
  lam=(8, 8, 8, 2, 2, 2): N_S=928636 |Stab|=36 n_chi=31186 (orbits dropped: 0) [lean, 26s, HWM 0.22 GB]
    E_01: |H|=6 targets 873086 canonical rows 171117 nnz 773877 (obstructed fixed targets cancelled: 0) [7s, HWM 0.31 GB]
    E_12: |H|=6 targets 873086 canonical rows 171117 nnz 773877 (obstructed fixed targets cancelled: 0) [16s, HWM 0.31 GB]
    E_23: |H|=4 targets 348890 canonical rows 93433 nnz 420018 (obstructed fixed targets cancelled: 0) [17s, HWM 0.31 GB]
    E_34: |H|=6 targets 684404 canonical rows 115479 nnz 238930 (obstructed fixed targets cancelled: 0) [22s, HWM 0.31 GB]
    E_45: |H|=6 targets 684404 canonical rows 115479 nnz 238930 (obstructed fixed targets cancelled: 0) [26s, HWM 0.31 GB]
  built (8, 8, 8, 2, 2, 2) d10: N_S=928636 |Stab|=36 n_chi=31186 rows=666625 nnz=2445632 (52s: mono 1s orbits 26s rows 26s; HWM 0.31 GB)
    hybrid[per6 8_8_8_2_2_2d10] p=2147483647 attempt 0: |S|=31171 |U|=15 (a=2, excess 13) m=79 blocks 1x15 projected nullity 2, verified=True, rank 2 [split 0.0s trisolve 0.0s schur 0.2s null 0.0s lift 0.2s rank 0.0s]
  per6 (8, 8, 8, 2, 2, 2) d10 p=2147483647: a=2 n_chi=31186 mult=2 units=0 [3.0s]
    hybrid[per6 8_8_8_2_2_2d10] p=2147483629 attempt 0: |S|=31171 |U|=15 (a=2, excess 13) m=79 blocks 1x15 projected nullity 2, verified=True, rank 2 [split 0.0s trisolve 0.0s schur 0.2s null 0.0s lift 0.1s rank 0.0s]
  per6 (8, 8, 8, 2, 2, 2) d10 p=2147483629: a=2 n_chi=31186 mult=2 units=0 [2.7s]
  PER6 RESULT (8, 8, 8, 2, 2, 2) d10: a=2 N_S=928636 n_chi=31186 mult=2 units=0 proved: mult = a at both primes (S_mu not in the ideal over Q) (59.0s, HWM 0.31 GB)

=== rank 252 ((12, 5, 5, 4, 2, 2), 10) N_S 971869 a 3 2026-09-09T04:39:17.948554
      level 1: 42 prefixes
      level 2: 772 prefixes
      level 3: 8552 prefixes
      level 4: 58887 prefixes
      level 5: 260445 prefixes
      level 6: 668198 prefixes
      level 7: 933549 prefixes
      level 8: 971301 prefixes
      level 9: 971869 prefixes
      level 10: 971869 prefixes
  lam=(12, 5, 5, 4, 2, 2): N_S=971869 |Stab|=4 n_chi=253368 (orbits dropped: 6358) [lean, 4s, HWM 0.23 GB]
    E_01: |H|=2 targets 591857 canonical rows 313580 nnz 1666271 (obstructed fixed targets cancelled: 0) [3s, HWM 0.26 GB]
    E_12: |H|=2 targets 869819 canonical rows 459602 nnz 1636128 (obstructed fixed targets cancelled: 0) [8s, HWM 0.32 GB]
    E_23: |H|=2 targets 750728 canonical rows 396918 nnz 1435250 (obstructed fixed targets cancelled: 0) [12s, HWM 0.32 GB]
    E_34: |H|=2 targets 509639 canonical rows 252111 nnz 823646 (obstructed fixed targets cancelled: 2101) [14s, HWM 0.32 GB]
    E_45: |H|=2 targets 716825 canonical rows 353621 nnz 734931 (obstructed fixed targets cancelled: 832) [17s, HWM 0.34 GB]
  built (12, 5, 5, 4, 2, 2) d10: N_S=971869 |Stab|=4 n_chi=253368 rows=1775832 nnz=6296226 (22s: mono 2s orbits 4s rows 17s; HWM 0.34 GB)
    hybrid[per6 12_5_5_4_2_2d10] p=2147483647 attempt 0: |S|=253336 |U|=32 (a=3, excess 29) m=96 blocks 1x32 projected nullity 3, verified=True, rank 3 [split 0.1s trisolve 0.5s schur 0.8s null 0.0s lift 0.2s rank 0.1s]
  per6 (12, 5, 5, 4, 2, 2) d10 p=2147483647: a=3 n_chi=253368 mult=3 units=0 [4.2s]
    hybrid[per6 12_5_5_4_2_2d10] p=2147483629 attempt 0: |S|=253336 |U|=32 (a=3, excess 29) m=96 blocks 1x32 projected nullity 3, verified=True, rank 3 [split 0.1s trisolve 0.8s schur 0.8s null 0.0s lift 0.2s rank 0.1s]
  per6 (12, 5, 5, 4, 2, 2) d10 p=2147483629: a=3 n_chi=253368 mult=3 units=0 [4.2s]
  PER6 RESULT (12, 5, 5, 4, 2, 2) d10: a=3 N_S=971869 n_chi=253368 mult=3 units=0 proved: mult = a at both primes (S_mu not in the ideal over Q) (32.5s, HWM 0.56 GB)

=== rank 253 ((10, 8, 4, 4, 3, 1), 10) N_S 978266 a 10 2026-09-09T04:39:50.825468
      level 1: 39 prefixes
      level 2: 670 prefixes
      level 3: 6636 prefixes
      level 4: 39815 prefixes
      level 5: 156530 prefixes
      level 6: 423559 prefixes
      level 7: 786478 prefixes
      level 8: 960454 prefixes
      level 9: 978266 prefixes
      level 10: 978266 prefixes
  lam=(10, 8, 4, 4, 3, 1): N_S=978266 |Stab|=2 n_chi=496040 (orbits dropped: 0) [lean, 2s, HWM 0.23 GB]
    E_01: |H|=2 targets 836699 canonical rows 424378 nnz 2187048 (obstructed fixed targets cancelled: 0) [5s, HWM 0.32 GB]
    E_12: |H|=1 targets 602381 canonical rows 602381 nnz 2799242 (obstructed fixed targets cancelled: 0) [8s, HWM 0.36 GB]
    E_23: |H|=1 targets 843326 canonical rows 843326 nnz 2746767 (obstructed fixed targets cancelled: 0) [11s, HWM 0.39 GB]
    E_34: |H|=1 targets 693151 canonical rows 693151 nnz 2289421 (obstructed fixed targets cancelled: 0) [14s, HWM 0.39 GB]
    E_45: |H|=2 targets 349937 canonical rows 178472 nnz 496040 (obstructed fixed targets cancelled: 0) [15s, HWM 0.39 GB]
  built (10, 8, 4, 4, 3, 1) d10: N_S=978266 |Stab|=2 n_chi=496040 rows=2741708 nnz=10518518 (19s: mono 1s orbits 2s rows 16s; HWM 0.46 GB)
    hybrid[per6 10_8_4_4_3_1d10] p=2147483647 attempt 0: |S|=495931 |U|=109 (a=10, excess 99) m=173 blocks 1x109 projected nullity 10, verified=True, rank 10 [split 0.3s trisolve 4.5s schur 4.6s null 0.0s lift 1.6s rank 0.3s]
  per6 (10, 8, 4, 4, 3, 1) d10 p=2147483647: a=10 n_chi=496040 mult=10 units=0 [15.9s]
    hybrid[per6 10_8_4_4_3_1d10] p=2147483629 attempt 0: |S|=495931 |U|=109 (a=10, excess 99) m=173 blocks 1x109 projected nullity 10, verified=True, rank 10 [split 0.3s trisolve 3.5s schur 4.5s null 0.0s lift 2.7s rank 0.3s]
  per6 (10, 8, 4, 4, 3, 1) d10 p=2147483629: a=10 n_chi=496040 mult=10 units=0 [15.2s]
  PER6 RESULT (10, 8, 4, 4, 3, 1) d10: a=10 N_S=978266 n_chi=496040 mult=10 units=0 proved: mult = a at both primes (S_mu not in the ideal over Q) (52.2s, HWM 1.43 GB)

=== rank 254 ((11, 7, 5, 3, 2, 2), 10) N_S 978885 a 14 2026-09-09T04:40:43.303830
      level 1: 43 prefixes
      level 2: 789 prefixes
      level 3: 8213 prefixes
      level 4: 50917 prefixes
      level 5: 201134 prefixes
      level 6: 535670 prefixes
      level 7: 877446 prefixes
      level 8: 974197 prefixes
      level 9: 978885 prefixes
      level 10: 978885 prefixes
  lam=(11, 7, 5, 3, 2, 2): N_S=978885 |Stab|=2 n_chi=516671 (orbits dropped: 0) [lean, 2s, HWM 0.23 GB]
    E_01: |H|=2 targets 750728 canonical rows 397009 nnz 2091823 (obstructed fixed targets cancelled: 0) [4s, HWM 0.31 GB]
    E_12: |H|=2 targets 743409 canonical rows 393288 nnz 1700476 (obstructed fixed targets cancelled: 0) [8s, HWM 0.31 GB]
    E_23: |H|=2 targets 621848 canonical rows 329549 nnz 1199666 (obstructed fixed targets cancelled: 0) [11s, HWM 0.31 GB]
    E_34: |H|=1 targets 593791 canonical rows 593791 nnz 1682527 (obstructed fixed targets cancelled: 0) [13s, HWM 0.32 GB]
    E_45: |H|=1 targets 721793 canonical rows 721793 nnz 1500545 (obstructed fixed targets cancelled: 0) [16s, HWM 0.35 GB]
  built (11, 7, 5, 3, 2, 2) d10: N_S=978885 |Stab|=2 n_chi=516671 rows=2435430 nnz=8175037 (19s: mono 1s orbits 2s rows 16s; HWM 0.41 GB)
    hybrid[per6 11_7_5_3_2_2d10] p=2147483647 attempt 0: |S|=516530 |U|=141 (a=14, excess 127) m=205 blocks 2x120 projected nullity 14, verified=True, rank 14 [split 0.2s trisolve 5.6s schur 4.8s null 0.0s lift 5.7s rank 0.4s]
  per6 (11, 7, 5, 3, 2, 2) d10 p=2147483647: a=14 n_chi=516671 mult=14 units=0 [22.7s]
    hybrid[per6 11_7_5_3_2_2d10] p=2147483629 attempt 0: |S|=516530 |U|=141 (a=14, excess 127) m=205 blocks 2x120 projected nullity 14, verified=True, rank 14 [split 0.3s trisolve 4.3s schur 4.8s null 0.0s lift 4.2s rank 0.9s]
  per6 (11, 7, 5, 3, 2, 2) d10 p=2147483629: a=14 n_chi=516671 mult=14 units=0 [20.3s]
  PER6 RESULT (11, 7, 5, 3, 2, 2) d10: a=14 N_S=978885 n_chi=516671 mult=14 units=0 proved: mult = a at both primes (S_mu not in the ideal over Q) (64.1s, HWM 1.6 GB)

=== rank 255 ((9, 7, 7, 4, 2, 1), 10) N_S 984272 a 7 2026-09-09T04:41:47.758941
      level 1: 29 prefixes
      level 2: 533 prefixes
      level 3: 4704 prefixes
      level 4: 27297 prefixes
      level 5: 109579 prefixes
      level 6: 316586 prefixes
      level 7: 673500 prefixes
      level 8: 936574 prefixes
      level 9: 984272 prefixes
      level 10: 984272 prefixes
  lam=(9, 7, 7, 4, 2, 1): N_S=984272 |Stab|=2 n_chi=489751 (orbits dropped: 4770) [lean, 2s, HWM 0.23 GB]
    E_01: |H|=1 targets 816940 canonical rows 816940 nnz 4026746 (obstructed fixed targets cancelled: 0) [4s, HWM 0.41 GB]
    E_12: |H|=1 targets 914220 canonical rows 914156 nnz 3998990 (obstructed fixed targets cancelled: 0) [8s, HWM 0.46 GB]
    E_23: |H|=1 targets 643735 canonical rows 643724 nnz 2806504 (obstructed fixed targets cancelled: 0) [11s, HWM 0.46 GB]
    E_34: |H|=2 targets 514201 canonical rows 255748 nnz 841453 (obstructed fixed targets cancelled: 1210) [13s, HWM 0.46 GB]
    E_45: |H|=2 targets 426561 canonical rows 211823 nnz 488935 (obstructed fixed targets cancelled: 816) [15s, HWM 0.46 GB]
  built (9, 7, 7, 4, 2, 1) d10: N_S=984272 |Stab|=2 n_chi=489751 rows=2842391 nnz=12162628 (19s: mono 1s orbits 2s rows 16s; HWM 0.51 GB)
    hybrid[per6 9_7_7_4_2_1d10] p=2147483647 attempt 0: |S|=489589 |U|=162 (a=7, excess 155) m=226 blocks 2x127 projected nullity 7, verified=True, rank 7 [split 0.3s trisolve 4.7s schur 8.0s null 0.0s lift 2.3s rank 0.2s]
  per6 (9, 7, 7, 4, 2, 1) d10 p=2147483647: a=7 n_chi=489751 mult=7 units=0 [19.8s]
    hybrid[per6 9_7_7_4_2_1d10] p=2147483629 attempt 0: |S|=489589 |U|=162 (a=7, excess 155) m=226 blocks 2x127 projected nullity 7, verified=True, rank 7 [split 0.5s trisolve 4.4s schur 7.7s null 0.0s lift 3.1s rank 0.2s]
  per6 (9, 7, 7, 4, 2, 1) d10 p=2147483629: a=7 n_chi=489751 mult=7 units=0 [20.3s]
  PER6 RESULT (9, 7, 7, 4, 2, 1) d10: a=7 N_S=984272 n_chi=489751 mult=7 units=0 proved: mult = a at both primes (S_mu not in the ideal over Q) (61.4s, HWM 1.6 GB)

=== rank 256 ((10, 9, 3, 3, 3, 2), 10) N_S 993127 a 1 2026-09-09T04:42:49.448566
      level 1: 44 prefixes
      level 2: 855 prefixes
      level 3: 8637 prefixes
      level 4: 49529 prefixes
      level 5: 181097 prefixes
      level 6: 450725 prefixes
      level 7: 803603 prefixes
      level 8: 975090 prefixes
      level 9: 993127 prefixes
      level 10: 993127 prefixes
  lam=(10, 9, 3, 3, 3, 2): N_S=993127 |Stab|=6 n_chi=152831 (orbits dropped: 25747) [lean, 6s, HWM 0.24 GB]
    E_01: |H|=6 targets 903951 canonical rows 138929 nnz 705283 (obstructed fixed targets cancelled: 38991) [9s, HWM 0.29 GB]
    E_12: |H|=2 targets 480240 canonical rows 232874 nnz 1066635 (obstructed fixed targets cancelled: 7453) [11s, HWM 0.29 GB]
    E_23: |H|=1 targets 816244 canonical rows 810017 nnz 1998083 (obstructed fixed targets cancelled: 0) [14s, HWM 0.33 GB]
    E_34: |H|=1 targets 816244 canonical rows 810017 nnz 1998083 (obstructed fixed targets cancelled: 0) [17s, HWM 0.37 GB]
    E_45: |H|=2 targets 602381 canonical rows 292554 nnz 788225 (obstructed fixed targets cancelled: 3585) [20s, HWM 0.37 GB]
  built (10, 9, 3, 3, 3, 2) d10: N_S=993127 |Stab|=6 n_chi=152831 rows=2284391 nnz=6556309 (27s: mono 1s orbits 6s rows 20s; HWM 0.37 GB)
    hybrid[per6 10_9_3_3_3_2d10] p=2147483647 attempt 0: |S|=152816 |U|=15 (a=1, excess 14) m=79 blocks 1x15 projected nullity 1, verified=True, rank 1 [split 0.1s trisolve 0.0s schur 0.6s null 0.0s lift 0.2s rank 0.0s]
  per6 (10, 9, 3, 3, 3, 2) d10 p=2147483647: a=1 n_chi=152831 mult=1 units=0 [2.7s]
    hybrid[per6 10_9_3_3_3_2d10] p=2147483629 attempt 0: |S|=152816 |U|=15 (a=1, excess 14) m=79 blocks 1x15 projected nullity 1, verified=True, rank 1 [split 0.1s trisolve 0.0s schur 0.6s null 0.0s lift 0.3s rank 0.0s]
  per6 (10, 9, 3, 3, 3, 2) d10 p=2147483629: a=1 n_chi=152831 mult=1 units=0 [3.1s]
  PER6 RESULT (10, 9, 3, 3, 3, 2) d10: a=1 N_S=993127 n_chi=152831 mult=1 units=0 proved: mult = a at both primes (S_mu not in the ideal over Q) (35.4s, HWM 0.51 GB)

=== rank 257 ((10, 7, 6, 3, 3, 1), 10) N_S 994780 a 9 2026-09-09T04:43:25.198522
      level 1: 39 prefixes
      level 2: 623 prefixes
      level 3: 5909 prefixes
      level 4: 36089 prefixes
      level 5: 146369 prefixes
      level 6: 415844 prefixes
      level 7: 794698 prefixes
      level 8: 976247 prefixes
      level 9: 994780 prefixes
      level 10: 994780 prefixes
  lam=(10, 7, 6, 3, 3, 1): N_S=994780 |Stab|=2 n_chi=484764 (orbits dropped: 25252) [lean, 2s, HWM 0.23 GB]
    E_01: |H|=2 targets 790375 canonical rows 384747 nnz 1979270 (obstructed fixed targets cancelled: 11759) [4s, HWM 0.29 GB]
    E_12: |H|=2 targets 843326 canonical rows 410685 nnz 1804119 (obstructed fixed targets cancelled: 9962) [9s, HWM 0.33 GB]
    E_23: |H|=1 targets 575919 canonical rows 575778 nnz 2273086 (obstructed fixed targets cancelled: 0) [11s, HWM 0.34 GB]
    E_34: |H|=1 targets 816940 canonical rows 811913 nnz 2114236 (obstructed fixed targets cancelled: 0) [15s, HWM 0.38 GB]
    E_45: |H|=1 targets 355286 canonical rows 355283 nnz 969528 (obstructed fixed targets cancelled: 0) [16s, HWM 0.38 GB]
  built (10, 7, 6, 3, 3, 1) d10: N_S=994780 |Stab|=2 n_chi=484764 rows=2538406 nnz=9140239 (19s: mono 1s orbits 2s rows 16s; HWM 0.40 GB)
    hybrid[per6 10_7_6_3_3_1d10] p=2147483647 attempt 0: |S|=484624 |U|=140 (a=9, excess 131) m=204 blocks 2x128 projected nullity 9, verified=True, rank 9 [split 0.3s trisolve 6.0s schur 5.8s null 0.0s lift 3.2s rank 0.2s]
  per6 (10, 7, 6, 3, 3, 1) d10 p=2147483647: a=9 n_chi=484764 mult=9 units=0 [20.2s]
    hybrid[per6 10_7_6_3_3_1d10] p=2147483629 attempt 0: |S|=484624 |U|=140 (a=9, excess 131) m=204 blocks 2x128 projected nullity 9, verified=True, rank 9 [split 0.3s trisolve 3.7s schur 5.5s null 0.0s lift 3.0s rank 0.3s]
  per6 (10, 7, 6, 3, 3, 1) d10 p=2147483629: a=9 n_chi=484764 mult=9 units=0 [17.2s]
  PER6 RESULT (10, 7, 6, 3, 3, 1) d10: a=9 N_S=994780 n_chi=484764 mult=9 units=0 proved: mult = a at both primes (S_mu not in the ideal over Q) (59.1s, HWM 1.49 GB)

=== rank 258 ((10, 6, 6, 5, 2, 1), 10) N_S 1001265 a 7 2026-09-09T04:44:24.648472
      level 1: 37 prefixes
      level 2: 565 prefixes
      level 3: 5018 prefixes
      level 4: 30964 prefixes
      level 5: 131598 prefixes
      level 6: 400805 prefixes
      level 7: 793881 prefixes
      level 8: 982129 prefixes
      level 9: 1001265 prefixes
      level 10: 1001265 prefixes
  lam=(10, 6, 6, 5, 2, 1): N_S=1001265 |Stab|=2 n_chi=503803 (orbits dropped: 0) [lean, 2s, HWM 0.24 GB]
    E_01: |H|=1 targets 726242 canonical rows 726242 nnz 3745909 (obstructed fixed targets cancelled: 0) [3s, HWM 0.42 GB]
    E_12: |H|=1 targets 913654 canonical rows 913654 nnz 3721650 (obstructed fixed targets cancelled: 0) [8s, HWM 0.44 GB]
    E_23: |H|=1 targets 816940 canonical rows 816940 nnz 3336799 (obstructed fixed targets cancelled: 0) [12s, HWM 0.49 GB]
    E_34: |H|=2 targets 468383 canonical rows 235903 nnz 865453 (obstructed fixed targets cancelled: 0) [14s, HWM 0.49 GB]
    E_45: |H|=2 targets 433841 canonical rows 218805 nnz 503803 (obstructed fixed targets cancelled: 0) [15s, HWM 0.49 GB]
  built (10, 6, 6, 5, 2, 1) d10: N_S=1001265 |Stab|=2 n_chi=503803 rows=2911544 nnz=12173614 (19s: mono 1s orbits 2s rows 16s; HWM 0.51 GB)
    hybrid[per6 10_6_6_5_2_1d10] p=2147483647 attempt 0: |S|=503656 |U|=147 (a=7, excess 140) m=211 blocks 2x124 projected nullity 7, verified=True, rank 7 [split 0.3s trisolve 4.3s schur 7.5s null 0.0s lift 3.5s rank 0.2s]
  per6 (10, 6, 6, 5, 2, 1) d10 p=2147483647: a=7 n_chi=503803 mult=7 units=0 [20.0s]
    hybrid[per6 10_6_6_5_2_1d10] p=2147483629 attempt 0: |S|=503656 |U|=147 (a=7, excess 140) m=211 blocks 2x124 projected nullity 7, verified=True, rank 7 [split 0.5s trisolve 4.5s schur 7.1s null 0.0s lift 1.9s rank 0.2s]
  per6 (10, 6, 6, 5, 2, 1) d10 p=2147483629: a=7 n_chi=503803 mult=7 units=0 [17.9s]
  PER6 RESULT (10, 6, 6, 5, 2, 1) d10: a=7 N_S=1001265 n_chi=503803 mult=7 units=0 proved: mult = a at both primes (S_mu not in the ideal over Q) (60.3s, HWM 1.6 GB)

=== rank 259 ((9, 8, 5, 5, 2, 1), 10) N_S 1022891 a 7 2026-09-09T04:45:25.345650
      level 1: 29 prefixes
      level 2: 537 prefixes
      level 3: 5143 prefixes
      level 4: 30785 prefixes
      level 5: 122333 prefixes
      level 6: 344461 prefixes
      level 7: 709666 prefixes
      level 8: 975034 prefixes
      level 9: 1022891 prefixes
      level 10: 1022891 prefixes
  lam=(9, 8, 5, 5, 2, 1): N_S=1022891 |Stab|=2 n_chi=506790 (orbits dropped: 9311) [lean, 2s, HWM 0.24 GB]
    E_01: |H|=2 targets 913654 canonical rows 452582 nnz 2244780 (obstructed fixed targets cancelled: 5630) [6s, HWM 0.34 GB]
    E_12: |H|=1 targets 729024 canonical rows 728987 nnz 3383032 (obstructed fixed targets cancelled: 0) [10s, HWM 0.41 GB]
    E_23: |H|=1 targets 914220 canonical rows 913947 nnz 3325835 (obstructed fixed targets cancelled: 0) [14s, HWM 0.47 GB]
    E_34: |H|=1 targets 478134 canonical rows 478096 nnz 1745592 (obstructed fixed targets cancelled: 0) [16s, HWM 0.47 GB]
    E_45: |H|=2 targets 442902 canonical rows 218753 nnz 505543 (obstructed fixed targets cancelled: 1247) [17s, HWM 0.47 GB]
  built (9, 8, 5, 5, 2, 1) d10: N_S=1022891 |Stab|=2 n_chi=506790 rows=2792365 nnz=11204782 (20s: mono 1s orbits 2s rows 17s; HWM 0.47 GB)
    hybrid[per6 9_8_5_5_2_1d10] p=2147483647 attempt 0: |S|=506625 |U|=165 (a=7, excess 158) m=229 blocks 2x123 projected nullity 7, verified=True, rank 7 [split 0.3s trisolve 6.3s schur 7.1s null 0.0s lift 1.3s rank 0.2s]
  per6 (9, 8, 5, 5, 2, 1) d10 p=2147483647: a=7 n_chi=506790 mult=7 units=0 [19.8s]
    hybrid[per6 9_8_5_5_2_1d10] p=2147483629 attempt 0: |S|=506625 |U|=165 (a=7, excess 158) m=229 blocks 2x123 projected nullity 7, verified=True, rank 7 [split 0.3s trisolve 3.9s schur 7.9s null 0.0s lift 4.1s rank 0.2s]
  per6 (9, 8, 5, 5, 2, 1) d10 p=2147483629: a=7 n_chi=506790 mult=7 units=0 [20.2s]
  PER6 RESULT (9, 8, 5, 5, 2, 1) d10: a=7 N_S=1022891 n_chi=506790 mult=7 units=0 proved: mult = a at both primes (S_mu not in the ideal over Q) (63.3s, HWM 1.58 GB)

=== rank 260 ((11, 6, 5, 4, 3, 1), 10) N_S 1025110 a 14 2026-09-09T04:46:29.004060
      level 1: 38 prefixes
      level 2: 643 prefixes
      level 3: 6668 prefixes
      level 4: 44237 prefixes
      level 5: 191708 prefixes
      level 6: 549661 prefixes
      level 7: 917769 prefixes
      level 8: 1020272 prefixes
      level 9: 1025110 prefixes
      level 10: 1025110 prefixes
  lam=(11, 6, 5, 4, 3, 1): N_S=1025110 |Stab|=1 n_chi=1025110 (orbits dropped: 0) [lean, 1s, HWM 0.23 GB]
    E_01: |H|=1 targets 716825 canonical rows 716825 nnz 3832435 (obstructed fixed targets cancelled: 0) [4s, HWM 0.39 GB]
    E_12: |H|=1 targets 836699 canonical rows 836699 nnz 3414708 (obstructed fixed targets cancelled: 0) [8s, HWM 0.44 GB]
    E_23: |H|=1 targets 790375 canonical rows 790375 nnz 2936295 (obstructed fixed targets cancelled: 0) [12s, HWM 0.44 GB]
    E_34: |H|=1 targets 726242 canonical rows 726242 nnz 2401363 (obstructed fixed targets cancelled: 0) [15s, HWM 0.46 GB]
    E_45: |H|=1 targets 366135 canonical rows 366135 nnz 1025110 (obstructed fixed targets cancelled: 0) [16s, HWM 0.46 GB]
  built (11, 6, 5, 4, 3, 1) d10: N_S=1025110 |Stab|=1 n_chi=1025110 rows=3436276 nnz=13609911 (20s: mono 2s orbits 1s rows 17s; HWM 0.52 GB)
    hybrid[per6 11_6_5_4_3_1d10] p=2147483647 attempt 0: |S|=1024831 |U|=279 (a=14, excess 265) m=343 blocks 5x60 projected nullity 14, verified=True, rank 14 [split 0.6s trisolve 14.1s schur 13.8s null 0.0s lift 5.9s rank 0.8s]
  per6 (11, 6, 5, 4, 3, 1) d10 p=2147483647: a=14 n_chi=1025110 mult=14 units=0 [45.7s]
    hybrid[per6 11_6_5_4_3_1d10] p=2147483629 attempt 0: |S|=1024831 |U|=279 (a=14, excess 265) m=343 blocks 5x60 projected nullity 14, verified=True, rank 14 [split 0.7s trisolve 14.1s schur 13.8s null 0.0s lift 8.8s rank 0.7s]
  per6 (11, 6, 5, 4, 3, 1) d10 p=2147483629: a=14 n_chi=1025110 mult=14 units=0 [45.7s]
  PER6 RESULT (11, 6, 5, 4, 3, 1) d10: a=14 N_S=1025110 n_chi=1025110 mult=14 units=0 proved: mult = a at both primes (S_mu not in the ideal over Q) (115.2s, HWM 2.43 GB)

=== rank 261 ((9, 9, 4, 4, 3, 1), 10) N_S 1029510 a 5 2026-09-09T04:48:24.537884
      level 1: 30 prefixes
      level 2: 621 prefixes
      level 3: 6267 prefixes
      level 4: 36720 prefixes
      level 5: 139032 prefixes
      level 6: 370446 prefixes
      level 7: 727172 prefixes
      level 8: 983125 prefixes
      level 9: 1029510 prefixes
      level 10: 1029510 prefixes
  lam=(9, 9, 4, 4, 3, 1): N_S=1029510 |Stab|=4 n_chi=260012 (orbits dropped: 1879) [lean, 4s, HWM 0.24 GB]
    E_01: |H|=2 targets 978266 canonical rows 496011 nnz 2440456 (obstructed fixed targets cancelled: 0) [6s, HWM 0.33 GB]
    E_12: |H|=1 targets 602381 canonical rows 602381 nnz 2939736 (obstructed fixed targets cancelled: 0) [9s, HWM 0.37 GB]
    E_23: |H|=2 targets 887312 canonical rows 442343 nnz 1441057 (obstructed fixed targets cancelled: 1115) [13s, HWM 0.38 GB]
    E_34: |H|=2 targets 729024 canonical rows 363318 nnz 1200479 (obstructed fixed targets cancelled: 1173) [16s, HWM 0.38 GB]
    E_45: |H|=4 targets 367725 canonical rows 93036 nnz 259190 (obstructed fixed targets cancelled: 1386) [18s, HWM 0.38 GB]
  built (9, 9, 4, 4, 3, 1) d10: N_S=1029510 |Stab|=4 n_chi=260012 rows=1997089 nnz=8280918 (23s: mono 1s orbits 4s rows 18s; HWM 0.42 GB)
    hybrid[per6 9_9_4_4_3_1d10] p=2147483647 attempt 0: |S|=259940 |U|=72 (a=5, excess 67) m=136 blocks 1x72 projected nullity 5, verified=True, rank 5 [split 0.2s trisolve 1.3s schur 2.7s null 0.0s lift 1.4s rank 0.1s]
  per6 (9, 9, 4, 4, 3, 1) d10 p=2147483647: a=5 n_chi=260012 mult=5 units=0 [9.1s]
    hybrid[per6 9_9_4_4_3_1d10] p=2147483629 attempt 0: |S|=259940 |U|=72 (a=5, excess 67) m=136 blocks 1x72 projected nullity 5, verified=True, rank 5 [split 0.1s trisolve 0.9s schur 2.4s null 0.0s lift 0.7s rank 0.1s]
  per6 (9, 9, 4, 4, 3, 1) d10 p=2147483629: a=5 n_chi=260012 mult=5 units=0 [7.3s]
  PER6 RESULT (9, 9, 4, 4, 3, 1) d10: a=5 N_S=1029510 n_chi=260012 mult=5 units=0 proved: mult = a at both primes (S_mu not in the ideal over Q) (41.7s, HWM 0.75 GB)

=== rank 262 ((8, 8, 7, 4, 2, 1), 10) N_S 1047163 a 5 2026-09-09T04:49:06.565011
      level 1: 29 prefixes
      level 2: 333 prefixes
      level 3: 4024 prefixes
      level 4: 24866 prefixes
      level 5: 101083 prefixes
      level 6: 288703 prefixes
      level 7: 620151 prefixes
      level 8: 951958 prefixes
      level 9: 1047163 prefixes
      level 10: 1047163 prefixes
  lam=(8, 8, 7, 4, 2, 1): N_S=1047163 |Stab|=2 n_chi=525510 (orbits dropped: 0) [lean, 2s, HWM 0.24 GB]
    E_01: |H|=1 targets 984272 canonical rows 984272 nnz 4639281 (obstructed fixed targets cancelled: 0) [5s, HWM 0.46 GB]
    E_12: |H|=1 targets 914220 canonical rows 914220 nnz 4310907 (obstructed fixed targets cancelled: 0) [11s, HWM 0.49 GB]
    E_23: |H|=2 targets 684404 canonical rows 343597 nnz 1505076 (obstructed fixed targets cancelled: 0) [14s, HWM 0.49 GB]
    E_34: |H|=2 targets 546541 canonical rows 274365 nnz 903465 (obstructed fixed targets cancelled: 0) [17s, HWM 0.49 GB]
    E_45: |H|=2 targets 453411 canonical rows 227906 nnz 525510 (obstructed fixed targets cancelled: 0) [18s, HWM 0.49 GB]
  built (8, 8, 7, 4, 2, 1) d10: N_S=1047163 |Stab|=2 n_chi=525510 rows=2744360 nnz=11884239 (22s: mono 1s orbits 2s rows 19s; HWM 0.51 GB)
    hybrid[per6 8_8_7_4_2_1d10] p=2147483647 attempt 0: |S|=525117 |U|=393 (a=5, excess 388) m=457 blocks 4x119 projected nullity 5, verified=True, rank 5 [split 0.3s trisolve 14.5s schur 25.4s null 0.1s lift 2.5s rank 0.2s]
  per6 (8, 8, 7, 4, 2, 1) d10 p=2147483647: a=5 n_chi=525510 mult=5 units=0 [49.1s]
    hybrid[per6 8_8_7_4_2_1d10] p=2147483629 attempt 0: |S|=525117 |U|=393 (a=5, excess 388) m=457 blocks 4x119 projected nullity 5, verified=True, rank 5 [split 0.8s trisolve 12.4s schur 20.5s null 0.1s lift 2.0s rank 0.2s]
  per6 (8, 8, 7, 4, 2, 1) d10 p=2147483629: a=5 n_chi=525510 mult=5 units=0 [41.2s]
  PER6 RESULT (8, 8, 7, 4, 2, 1) d10: a=5 N_S=1047163 n_chi=525510 mult=5 units=0 proved: mult = a at both primes (S_mu not in the ideal over Q) (115.7s, HWM 1.58 GB)

=== rank 263 ((12, 6, 4, 3, 3, 2), 10) N_S 1057951 a 3 2026-09-09T04:51:02.580936
      level 1: 44 prefixes
      level 2: 877 prefixes
      level 3: 10158 prefixes
      level 4: 69453 prefixes
      level 5: 292223 prefixes
      level 6: 730802 prefixes
      level 7: 1016794 prefixes
      level 8: 1057350 prefixes
      level 9: 1057951 prefixes
      level 10: 1057951 prefixes
  lam=(12, 6, 4, 3, 3, 2): N_S=1057951 |Stab|=2 n_chi=515239 (orbits dropped: 27473) [lean, 2s, HWM 0.25 GB]
    E_01: |H|=2 targets 718298 canonical rows 349317 nnz 1906510 (obstructed fixed targets cancelled: 12078) [4s, HWM 0.30 GB]
    E_12: |H|=2 targets 746534 canonical rows 363159 nnz 1466159 (obstructed fixed targets cancelled: 8157) [7s, HWM 0.30 GB]
    E_23: |H|=1 targets 750728 canonical rows 749910 nnz 2413565 (obstructed fixed targets cancelled: 0) [11s, HWM 0.36 GB]
    E_34: |H|=1 targets 869819 canonical rows 864456 nnz 2245402 (obstructed fixed targets cancelled: 0) [14s, HWM 0.40 GB]
    E_45: |H|=1 targets 641860 canonical rows 641650 nnz 1775922 (obstructed fixed targets cancelled: 0) [16s, HWM 0.40 GB]
  built (12, 6, 4, 3, 3, 2) d10: N_S=1057951 |Stab|=2 n_chi=515239 rows=2968492 nnz=9807558 (20s: mono 2s orbits 2s rows 16s; HWM 0.43 GB)
    hybrid[per6 12_6_4_3_3_2d10] p=2147483647 attempt 0: |S|=515170 |U|=69 (a=3, excess 66) m=133 blocks 1x69 projected nullity 3, verified=True, rank 3 [split 0.3s trisolve 1.6s schur 2.9s null 0.0s lift 0.4s rank 0.1s]
  per6 (12, 6, 4, 3, 3, 2) d10 p=2147483647: a=3 n_chi=515239 mult=3 units=0 [7.8s]
    hybrid[per6 12_6_4_3_3_2d10] p=2147483629 attempt 0: |S|=515170 |U|=69 (a=3, excess 66) m=133 blocks 1x69 projected nullity 3, verified=True, rank 3 [split 0.3s trisolve 2.1s schur 2.9s null 0.0s lift 0.4s rank 0.1s]
  per6 (12, 6, 4, 3, 3, 2) d10 p=2147483629: a=3 n_chi=515239 mult=3 units=0 [8.9s]
  PER6 RESULT (12, 6, 4, 3, 3, 2) d10: a=3 N_S=1057951 n_chi=515239 mult=3 units=0 proved: mult = a at both primes (S_mu not in the ideal over Q) (40.0s, HWM 1.11 GB)

=== rank 264 ((11, 6, 6, 3, 2, 2), 10) N_S 1072446 a 11 2026-09-09T04:51:42.971389
      level 1: 43 prefixes
      level 2: 751 prefixes
      level 3: 7700 prefixes
      level 4: 49231 prefixes
      level 5: 204831 prefixes
      level 6: 576560 prefixes
      level 7: 959793 prefixes
      level 8: 1067278 prefixes
      level 9: 1072446 prefixes
      level 10: 1072446 prefixes
  lam=(11, 6, 6, 3, 2, 2): N_S=1072446 |Stab|=4 n_chi=285319 (orbits dropped: 0) [lean, 4s, HWM 0.25 GB]
    E_01: |H|=2 targets 750728 canonical rows 397009 nnz 2091823 (obstructed fixed targets cancelled: 0) [4s, HWM 0.29 GB]
    E_12: |H|=2 targets 978885 canonical rows 516671 nnz 2076980 (obstructed fixed targets cancelled: 0) [9s, HWM 0.35 GB]
    E_23: |H|=2 targets 621848 canonical rows 329549 nnz 1315426 (obstructed fixed targets cancelled: 0) [12s, HWM 0.35 GB]
    E_34: |H|=2 targets 649985 canonical rows 327307 nnz 926790 (obstructed fixed targets cancelled: 0) [15s, HWM 0.35 GB]
    E_45: |H|=2 targets 790375 canonical rows 397711 nnz 826812 (obstructed fixed targets cancelled: 0) [18s, HWM 0.38 GB]
  built (11, 6, 6, 3, 2, 2) d10: N_S=1072446 |Stab|=4 n_chi=285319 rows=1968247 nnz=7237831 (24s: mono 1s orbits 4s rows 18s; HWM 0.38 GB)
    hybrid[per6 11_6_6_3_2_2d10] p=2147483647 attempt 0: |S|=285258 |U|=61 (a=11, excess 50) m=125 blocks 1x61 projected nullity 11, verified=True, rank 11 [split 0.1s trisolve 1.5s schur 1.8s null 0.0s lift 2.3s rank 0.1s]
  per6 (11, 6, 6, 3, 2, 2) d10 p=2147483647: a=11 n_chi=285319 mult=11 units=0 [9.8s]
    hybrid[per6 11_6_6_3_2_2d10] p=2147483629 attempt 0: |S|=285258 |U|=61 (a=11, excess 50) m=125 blocks 1x61 projected nullity 11, verified=True, rank 11 [split 0.2s trisolve 0.7s schur 1.8s null 0.0s lift 3.1s rank 0.1s]
  per6 (11, 6, 6, 3, 2, 2) d10 p=2147483629: a=11 n_chi=285319 mult=11 units=0 [9.2s]
  PER6 RESULT (11, 6, 6, 3, 2, 2) d10: a=11 N_S=1072446 n_chi=285319 mult=11 units=0 proved: mult = a at both primes (S_mu not in the ideal over Q) (44.3s, HWM 1.06 GB)

=== rank 265 ((9, 8, 6, 3, 3, 1), 10) N_S 1113979 a 6 2026-09-09T04:52:27.651702
      level 1: 30 prefixes
      level 2: 586 prefixes
      level 3: 5666 prefixes
      level 4: 33925 prefixes
      level 5: 135370 prefixes
      level 6: 378865 prefixes
      level 7: 774954 prefixes
      level 8: 1062291 prefixes
      level 9: 1113979 prefixes
      level 10: 1113979 prefixes
  lam=(9, 8, 6, 3, 3, 1): N_S=1113979 |Stab|=2 n_chi=543090 (orbits dropped: 27799) [lean, 2s, HWM 0.25 GB]
    E_01: |H|=2 targets 994780 canonical rows 484764 nnz 2404075 (obstructed fixed targets cancelled: 13423) [6s, HWM 0.34 GB]
    E_12: |H|=2 targets 887312 canonical rows 432258 nnz 2027449 (obstructed fixed targets cancelled: 11270) [11s, HWM 0.35 GB]
    E_23: |H|=1 targets 643735 canonical rows 643582 nnz 2551086 (obstructed fixed targets cancelled: 0) [14s, HWM 0.37 GB]
    E_34: |H|=1 targets 914220 canonical rows 908754 nnz 2374098 (obstructed fixed targets cancelled: 0) [18s, HWM 0.44 GB]
    E_45: |H|=1 targets 396833 canonical rows 396829 nnz 1086180 (obstructed fixed targets cancelled: 0) [19s, HWM 0.44 GB]
  built (9, 8, 6, 3, 3, 1) d10: N_S=1113979 |Stab|=2 n_chi=543090 rows=2866187 nnz=10442888 (23s: mono 2s orbits 2s rows 19s; HWM 0.48 GB)
    hybrid[per6 9_8_6_3_3_1d10] p=2147483647 attempt 0: |S|=542885 |U|=205 (a=6, excess 199) m=269 blocks 2x115 projected nullity 6, verified=True, rank 6 [split 0.4s trisolve 5.5s schur 8.8s null 0.0s lift 1.8s rank 0.2s]
  per6 (9, 8, 6, 3, 3, 1) d10 p=2147483647: a=6 n_chi=543090 mult=6 units=0 [20.4s]
    hybrid[per6 9_8_6_3_3_1d10] p=2147483629 attempt 0: |S|=542885 |U|=205 (a=6, excess 199) m=269 blocks 2x115 projected nullity 6, verified=True, rank 6 [split 0.4s trisolve 6.4s schur 10.1s null 0.0s lift 1.5s rank 0.2s]
  per6 (9, 8, 6, 3, 3, 1) d10 p=2147483629: a=6 n_chi=543090 mult=6 units=0 [21.4s]
  PER6 RESULT (9, 8, 6, 3, 3, 1) d10: a=6 N_S=1113979 n_chi=543090 mult=6 units=0 proved: mult = a at both primes (S_mu not in the ideal over Q) (67.6s, HWM 1.58 GB)

=== rank 266 ((11, 7, 4, 4, 2, 2), 10) N_S 1135485 a 15 2026-09-09T04:53:35.555642
      level 1: 43 prefixes
      level 2: 811 prefixes
      level 3: 8737 prefixes
      level 4: 56005 prefixes
      level 5: 228655 prefixes
      level 6: 619336 prefixes
      level 7: 1018278 prefixes
      level 8: 1130158 prefixes
      level 9: 1135485 prefixes
      level 10: 1135485 prefixes
  lam=(11, 7, 4, 4, 2, 2): N_S=1135485 |Stab|=4 n_chi=304748 (orbits dropped: 0) [lean, 5s, HWM 0.26 GB]
    E_01: |H|=4 targets 869819 canonical rows 234235 nnz 1230649 (obstructed fixed targets cancelled: 0) [7s, HWM 0.28 GB]
    E_12: |H|=2 targets 743409 canonical rows 393288 nnz 1700476 (obstructed fixed targets cancelled: 0) [11s, HWM 0.30 GB]
    E_23: |H|=2 targets 978885 canonical rows 516671 nnz 1667105 (obstructed fixed targets cancelled: 0) [16s, HWM 0.37 GB]
    E_34: |H|=1 targets 593791 canonical rows 593791 nnz 1953646 (obstructed fixed targets cancelled: 0) [19s, HWM 0.37 GB]
    E_45: |H|=2 targets 836699 canonical rows 424378 nnz 881494 (obstructed fixed targets cancelled: 0) [22s, HWM 0.42 GB]
  built (11, 7, 4, 4, 2, 2) d10: N_S=1135485 |Stab|=4 n_chi=304748 rows=2162363 nnz=7433370 (28s: mono 1s orbits 5s rows 22s; HWM 0.42 GB)
    hybrid[per6 11_7_4_4_2_2d10] p=2147483647 attempt 0: |S|=304676 |U|=72 (a=15, excess 57) m=136 blocks 1x72 projected nullity 15, verified=True, rank 15 [split 0.2s trisolve 1.7s schur 2.4s null 0.0s lift 4.4s rank 0.2s]
  per6 (11, 7, 4, 4, 2, 2) d10 p=2147483647: a=15 n_chi=304748 mult=15 units=0 [13.8s]
    hybrid[per6 11_7_4_4_2_2d10] p=2147483629 attempt 0: |S|=304676 |U|=72 (a=15, excess 57) m=136 blocks 1x72 projected nullity 15, verified=True, rank 15 [split 0.2s trisolve 1.2s schur 2.4s null 0.0s lift 4.2s rank 0.2s]
  per6 (11, 7, 4, 4, 2, 2) d10 p=2147483629: a=15 n_chi=304748 mult=15 units=0 [12.9s]
  PER6 RESULT (11, 7, 4, 4, 2, 2) d10: a=15 N_S=1135485 n_chi=304748 mult=15 units=0 proved: mult = a at both primes (S_mu not in the ideal over Q) (57.0s, HWM 1.4 GB)

=== rank 267 ((10, 8, 5, 3, 2, 2), 10) N_S 1144771 a 14 2026-09-09T04:54:32.934875
      level 1: 43 prefixes
      level 2: 776 prefixes
      level 3: 7857 prefixes
      level 4: 47762 prefixes
      level 5: 186345 prefixes
      level 6: 497852 prefixes
      level 7: 920748 prefixes
      level 8: 1123930 prefixes
      level 9: 1144771 prefixes
      level 10: 1144771 prefixes
  lam=(10, 8, 5, 3, 2, 2): N_S=1144771 |Stab|=2 n_chi=603737 (orbits dropped: 0) [lean, 2s, HWM 0.26 GB]
    E_01: |H|=2 targets 978885 canonical rows 516671 nnz 2651075 (obstructed fixed targets cancelled: 0) [6s, HWM 0.35 GB]
    E_12: |H|=2 targets 816244 canonical rows 431557 nnz 1994928 (obstructed fixed targets cancelled: 0) [10s, HWM 0.36 GB]
    E_23: |H|=2 targets 725622 canonical rows 384237 nnz 1405117 (obstructed fixed targets cancelled: 0) [13s, HWM 0.36 GB]
    E_34: |H|=1 targets 693151 canonical rows 693151 nnz 1970318 (obstructed fixed targets cancelled: 0) [16s, HWM 0.37 GB]
    E_45: |H|=1 targets 843326 canonical rows 843326 nnz 1758622 (obstructed fixed targets cancelled: 0) [19s, HWM 0.41 GB]
  built (10, 8, 5, 3, 2, 2) d10: N_S=1144771 |Stab|=2 n_chi=603737 rows=2868942 nnz=9780060 (22s: mono 1s orbits 2s rows 19s; HWM 0.43 GB)
    hybrid[per6 10_8_5_3_2_2d10] p=2147483647 attempt 0: |S|=603556 |U|=181 (a=14, excess 167) m=245 blocks 2x103 projected nullity 14, verified=True, rank 14 [split 0.3s trisolve 6.9s schur 7.4s null 0.0s lift 6.1s rank 0.4s]
  per6 (10, 8, 5, 3, 2, 2) d10 p=2147483647: a=14 n_chi=603737 mult=14 units=0 [29.9s]
    hybrid[per6 10_8_5_3_2_2d10] p=2147483629 attempt 0: |S|=603556 |U|=181 (a=14, excess 167) m=245 blocks 2x103 projected nullity 14, verified=True, rank 14 [split 0.4s trisolve 6.4s schur 7.1s null 0.0s lift 5.4s rank 0.4s]
  per6 (10, 8, 5, 3, 2, 2) d10 p=2147483629: a=14 n_chi=603737 mult=14 units=0 [26.4s]
  PER6 RESULT (10, 8, 5, 3, 2, 2) d10: a=14 N_S=1144771 n_chi=603737 mult=14 units=0 proved: mult = a at both primes (S_mu not in the ideal over Q) (81.2s, HWM 1.82 GB)

=== rank 268 ((11, 5, 5, 5, 3, 1), 10) N_S 1147137 a 4 2026-09-09T04:55:54.508231
      level 1: 38 prefixes
      level 2: 627 prefixes
      level 3: 6240 prefixes
      level 4: 42574 prefixes
      level 5: 197789 prefixes
      level 6: 603475 prefixes
      level 7: 1025453 prefixes
      level 8: 1141752 prefixes
      level 9: 1147137 prefixes
      level 10: 1147137 prefixes
  lam=(11, 5, 5, 5, 3, 1): N_S=1147137 |Stab|=6 n_chi=186364 (orbits dropped: 9747) [lean, 7s, HWM 0.26 GB]
    E_01: |H|=2 targets 716825 canonical rows 354981 nnz 1863657 (obstructed fixed targets cancelled: 4886) [4s, HWM 0.29 GB]
    E_12: |H|=1 targets 1025110 canonical rows 1024584 nnz 3678195 (obstructed fixed targets cancelled: 0) [9s, HWM 0.43 GB]
    E_23: |H|=1 targets 1025110 canonical rows 1024584 nnz 3678195 (obstructed fixed targets cancelled: 0) [14s, HWM 0.48 GB]
    E_34: |H|=2 targets 726242 canonical rows 359473 nnz 1309970 (obstructed fixed targets cancelled: 3290) [17s, HWM 0.48 GB]
    E_45: |H|=6 targets 408413 canonical rows 65546 nnz 184559 (obstructed fixed targets cancelled: 5142) [20s, HWM 0.48 GB]
  built (11, 5, 5, 5, 3, 1) d10: N_S=1147137 |Stab|=6 n_chi=186364 rows=2829168 nnz=10714576 (28s: mono 2s orbits 7s rows 20s; HWM 0.48 GB)
    hybrid[per6 11_5_5_5_3_1d10] p=2147483647 attempt 0: |S|=186342 |U|=22 (a=4, excess 18) m=86 blocks 1x22 projected nullity 4, verified=True, rank 4 [split 0.1s trisolve 0.1s schur 1.2s null 0.0s lift 0.4s rank 0.1s]
  per6 (11, 5, 5, 5, 3, 1) d10 p=2147483647: a=4 n_chi=186364 mult=4 units=0 [5.0s]
    hybrid[per6 11_5_5_5_3_1d10] p=2147483629 attempt 0: |S|=186342 |U|=22 (a=4, excess 18) m=86 blocks 1x22 projected nullity 4, verified=True, rank 4 [split 0.1s trisolve 0.2s schur 1.2s null 0.0s lift 1.3s rank 0.0s]
  per6 (11, 5, 5, 5, 3, 1) d10 p=2147483629: a=4 n_chi=186364 mult=4 units=0 [6.3s]
  PER6 RESULT (11, 5, 5, 5, 3, 1) d10: a=4 N_S=1147137 n_chi=186364 mult=4 units=0 proved: mult = a at both primes (S_mu not in the ideal over Q) (42.4s, HWM 0.85 GB)

=== rank 269 ((12, 5, 5, 3, 3, 2), 10) N_S 1182932 a 3 2026-09-09T04:56:37.280961
      level 1: 43 prefixes
      level 2: 833 prefixes
      level 3: 9704 prefixes
      level 4: 69448 prefixes
      level 5: 313883 prefixes
      level 6: 812840 prefixes
      level 7: 1136928 prefixes
      level 8: 1182278 prefixes
      level 9: 1182932 prefixes
      level 10: 1182932 prefixes
  lam=(12, 5, 5, 3, 3, 2): N_S=1182932 |Stab|=4 n_chi=286402 (orbits dropped: 20028) [lean, 4s, HWM 0.27 GB]
    E_01: |H|=2 targets 718298 canonical rows 349317 nnz 1892978 (obstructed fixed targets cancelled: 12078) [4s, HWM 0.28 GB]
    E_12: |H|=2 targets 1057951 canonical rows 515068 nnz 1865683 (obstructed fixed targets cancelled: 9663) [9s, HWM 0.37 GB]
    E_23: |H|=1 targets 750728 canonical rows 750626 nnz 2685110 (obstructed fixed targets cancelled: 0) [12s, HWM 0.39 GB]
    E_34: |H|=2 targets 971869 canonical rows 478474 nnz 1246470 (obstructed fixed targets cancelled: 3055) [17s, HWM 0.44 GB]
    E_45: |H|=2 targets 716825 canonical rows 354895 nnz 985171 (obstructed fixed targets cancelled: 2131) [20s, HWM 0.44 GB]
  built (12, 5, 5, 3, 3, 2) d10: N_S=1182932 |Stab|=4 n_chi=286402 rows=2448380 nnz=8675412 (26s: mono 2s orbits 4s rows 20s; HWM 0.44 GB)
    hybrid[per6 12_5_5_3_3_2d10] p=2147483647 attempt 0: |S|=286371 |U|=31 (a=3, excess 28) m=95 blocks 1x31 projected nullity 3, verified=True, rank 3 [split 0.2s trisolve 0.4s schur 1.3s null 0.0s lift 0.4s rank 0.1s]
  per6 (12, 5, 5, 3, 3, 2) d10 p=2147483647: a=3 n_chi=286402 mult=3 units=0 [4.9s]
    hybrid[per6 12_5_5_3_3_2d10] p=2147483629 attempt 0: |S|=286371 |U|=31 (a=3, excess 28) m=95 blocks 1x31 projected nullity 3, verified=True, rank 3 [split 0.1s trisolve 0.3s schur 1.3s null 0.0s lift 1.2s rank 0.1s]
  per6 (12, 5, 5, 3, 3, 2) d10 p=2147483629: a=3 n_chi=286402 mult=3 units=0 [5.1s]
  PER6 RESULT (12, 5, 5, 3, 3, 2) d10: a=3 N_S=1182932 n_chi=286402 mult=3 units=0 proved: mult = a at both primes (S_mu not in the ideal over Q) (38.3s, HWM 0.68 GB)

=== rank 270 ((11, 6, 4, 4, 4, 1), 10) N_S 1189609 a 7 2026-09-09T04:57:15.920133
      level 1: 38 prefixes
      level 2: 658 prefixes
      level 3: 7047 prefixes
      level 4: 48305 prefixes
      level 5: 217182 prefixes
      level 6: 635069 prefixes
      level 7: 1065222 prefixes
      level 8: 1184076 prefixes
      level 9: 1189609 prefixes
      level 10: 1189609 prefixes
  lam=(11, 6, 4, 4, 4, 1): N_S=1189609 |Stab|=6 n_chi=206517 (orbits dropped: 0) [lean, 7s, HWM 0.27 GB]
    E_01: |H|=6 targets 830601 canonical rows 144567 nnz 765460 (obstructed fixed targets cancelled: 0) [8s, HWM 0.27 GB]
    E_12: |H|=2 targets 836699 canonical rows 424378 nnz 1724931 (obstructed fixed targets cancelled: 0) [12s, HWM 0.30 GB]
    E_23: |H|=1 targets 1025110 canonical rows 1025110 nnz 3351833 (obstructed fixed targets cancelled: 0) [16s, HWM 0.44 GB]
    E_34: |H|=1 targets 1025110 canonical rows 1025110 nnz 3351833 (obstructed fixed targets cancelled: 0) [20s, HWM 0.48 GB]
    E_45: |H|=2 targets 366135 canonical rows 186601 nnz 602957 (obstructed fixed targets cancelled: 0) [22s, HWM 0.48 GB]
  built (11, 6, 4, 4, 4, 1) d10: N_S=1189609 |Stab|=6 n_chi=206517 rows=2805766 nnz=9797014 (31s: mono 1s orbits 7s rows 22s; HWM 0.48 GB)
    hybrid[per6 11_6_4_4_4_1d10] p=2147483647 attempt 0: |S|=206478 |U|=39 (a=7, excess 32) m=103 blocks 1x39 projected nullity 7, verified=True, rank 7 [split 0.1s trisolve 0.4s schur 2.0s null 0.0s lift 2.0s rank 0.1s]
  per6 (11, 6, 4, 4, 4, 1) d10 p=2147483647: a=7 n_chi=206517 mult=7 units=0 [9.1s]
    hybrid[per6 11_6_4_4_4_1d10] p=2147483629 attempt 0: |S|=206478 |U|=39 (a=7, excess 32) m=103 blocks 1x39 projected nullity 7, verified=True, rank 7 [split 0.2s trisolve 0.6s schur 1.8s null 0.0s lift 2.7s rank 0.1s]
  per6 (11, 6, 4, 4, 4, 1) d10 p=2147483629: a=7 n_chi=206517 mult=7 units=0 [8.6s]
  PER6 RESULT (11, 6, 4, 4, 4, 1) d10: a=7 N_S=1189609 n_chi=206517 mult=7 units=0 proved: mult = a at both primes (S_mu not in the ideal over Q) (51.7s, HWM 1.07 GB)

=== rank 271 ((9, 7, 7, 3, 3, 1), 10) N_S 1199922 a 5 2026-09-09T04:58:07.995509
      level 1: 30 prefixes
      level 2: 582 prefixes
      level 3: 5362 prefixes
      level 4: 31964 prefixes
      level 5: 131072 prefixes
      level 6: 384103 prefixes
      level 7: 821345 prefixes
      level 8: 1142484 prefixes
      level 9: 1199922 prefixes
      level 10: 1199922 prefixes
  lam=(9, 7, 7, 3, 3, 1): N_S=1199922 |Stab|=4 n_chi=291746 (orbits dropped: 17245) [lean, 5s, HWM 0.27 GB]
    E_01: |H|=2 targets 994780 canonical rows 484764 nnz 2396309 (obstructed fixed targets cancelled: 13423) [6s, HWM 0.34 GB]
    E_12: |H|=2 targets 1113979 canonical rows 543062 nnz 2381597 (obstructed fixed targets cancelled: 12615) [13s, HWM 0.40 GB]
    E_23: |H|=1 targets 643735 canonical rows 643580 nnz 2742324 (obstructed fixed targets cancelled: 0) [16s, HWM 0.40 GB]
    E_34: |H|=2 targets 984272 canonical rows 486959 nnz 1274554 (obstructed fixed targets cancelled: 1783) [21s, HWM 0.41 GB]
    E_45: |H|=2 targets 426561 canonical rows 211821 nnz 581684 (obstructed fixed targets cancelled: 1177) [23s, HWM 0.41 GB]
  built (9, 7, 7, 3, 3, 1) d10: N_S=1199922 |Stab|=4 n_chi=291746 rows=2370186 nnz=9376468 (29s: mono 2s orbits 5s rows 23s; HWM 0.41 GB)
    hybrid[per6 9_7_7_3_3_1d10] p=2147483647 attempt 0: |S|=291676 |U|=70 (a=5, excess 65) m=134 blocks 1x70 projected nullity 5, verified=True, rank 5 [split 0.2s trisolve 1.3s schur 3.0s null 0.0s lift 2.1s rank 0.1s]
  per6 (9, 7, 7, 3, 3, 1) d10 p=2147483647: a=5 n_chi=291746 mult=5 units=0 [9.9s]
    hybrid[per6 9_7_7_3_3_1d10] p=2147483629 attempt 0: |S|=291676 |U|=70 (a=5, excess 65) m=134 blocks 1x70 projected nullity 5, verified=True, rank 5 [split 0.2s trisolve 1.2s schur 2.7s null 0.0s lift 1.3s rank 0.1s]
  per6 (9, 7, 7, 3, 3, 1) d10 p=2147483629: a=5 n_chi=291746 mult=5 units=0 [8.3s]
  PER6 RESULT (9, 7, 7, 3, 3, 1) d10: a=5 N_S=1199922 n_chi=291746 mult=5 units=0 proved: mult = a at both primes (S_mu not in the ideal over Q) (49.8s, HWM 0.86 GB)

=== rank 272 ((9, 9, 5, 3, 2, 2), 10) N_S 1204807 a 6 2026-09-09T04:58:58.086282
      level 1: 33 prefixes
      level 2: 723 prefixes
      level 3: 7330 prefixes
      level 4: 43562 prefixes
      level 5: 165812 prefixes
      level 6: 437613 prefixes
      level 7: 852523 prefixes
      level 8: 1150642 prefixes
      level 9: 1204807 prefixes
      level 10: 1204807 prefixes
  lam=(9, 9, 5, 3, 2, 2): N_S=1204807 |Stab|=4 n_chi=316262 (orbits dropped: 2581) [lean, 4s, HWM 0.27 GB]
    E_01: |H|=2 targets 1144771 canonical rows 603701 nnz 2955903 (obstructed fixed targets cancelled: 0) [7s, HWM 0.40 GB]
    E_12: |H|=2 targets 816244 canonical rows 431557 nnz 2093888 (obstructed fixed targets cancelled: 0) [12s, HWM 0.40 GB]
    E_23: |H|=4 targets 763012 canonical rows 200806 nnz 735218 (obstructed fixed targets cancelled: 2504) [16s, HWM 0.40 GB]
    E_34: |H|=2 targets 729024 canonical rows 363311 nnz 1032598 (obstructed fixed targets cancelled: 979) [19s, HWM 0.40 GB]
    E_45: |H|=2 targets 887312 canonical rows 441670 nnz 922019 (obstructed fixed targets cancelled: 390) [23s, HWM 0.41 GB]
  built (9, 9, 5, 3, 2, 2) d10: N_S=1204807 |Stab|=4 n_chi=316262 rows=2041045 nnz=7739626 (30s: mono 2s orbits 4s rows 23s; HWM 0.41 GB)
    hybrid[per6 9_9_5_3_2_2d10] p=2147483647 attempt 0: |S|=316139 |U|=123 (a=6, excess 117) m=187 blocks 1x123 projected nullity 6, verified=True, rank 6 [split 0.2s trisolve 3.1s schur 3.8s null 0.0s lift 0.9s rank 0.1s]
  per6 (9, 9, 5, 3, 2, 2) d10 p=2147483647: a=6 n_chi=316262 mult=6 units=0 [12.3s]
    hybrid[per6 9_9_5_3_2_2d10] p=2147483629 attempt 0: |S|=316139 |U|=123 (a=6, excess 117) m=187 blocks 1x123 projected nullity 6, verified=True, rank 6 [split 0.2s trisolve 2.7s schur 4.0s null 0.0s lift 1.4s rank 0.1s]
  per6 (9, 9, 5, 3, 2, 2) d10 p=2147483629: a=6 n_chi=316262 mult=6 units=0 [12.8s]
  PER6 RESULT (9, 9, 5, 3, 2, 2) d10: a=6 N_S=1204807 n_chi=316262 mult=6 units=0 proved: mult = a at both primes (S_mu not in the ideal over Q) (56.6s, HWM 1.09 GB)

=== rank 273 ((9, 7, 6, 5, 2, 1), 10) N_S 1207774 a 10 2026-09-09T04:59:55.137188
      level 1: 29 prefixes
      level 2: 534 prefixes
      level 3: 4925 prefixes
      level 4: 30321 prefixes
      level 5: 127504 prefixes
      level 6: 381401 prefixes
      level 7: 824470 prefixes
      level 8: 1149733 prefixes
      level 9: 1207774 prefixes
      level 10: 1207774 prefixes
  lam=(9, 7, 6, 5, 2, 1): N_S=1207774 |Stab|=1 n_chi=1207774 (orbits dropped: 0) [lean, 1s, HWM 0.25 GB]
    E_01: |H|=1 targets 1001265 canonical rows 1001265 nnz 4993591 (obstructed fixed targets cancelled: 0) [6s, HWM 0.49 GB]
    E_12: |H|=1 targets 1022891 canonical rows 1022891 nnz 4543852 (obstructed fixed targets cancelled: 0) [11s, HWM 0.52 GB]
    E_23: |H|=1 targets 984272 canonical rows 984272 nnz 4044887 (obstructed fixed targets cancelled: 0) [16s, HWM 0.54 GB]
    E_34: |H|=1 targets 562926 canonical rows 562926 nnz 2082283 (obstructed fixed targets cancelled: 0) [18s, HWM 0.54 GB]
    E_45: |H|=1 targets 521510 canonical rows 521510 nnz 1207774 (obstructed fixed targets cancelled: 0) [20s, HWM 0.54 GB]
  built (9, 7, 6, 5, 2, 1) d10: N_S=1207774 |Stab|=1 n_chi=1207774 rows=4092864 nnz=16872387 (23s: mono 2s orbits 1s rows 20s; HWM 0.57 GB)
    hybrid[per6 9_7_6_5_2_1d10] p=2147483647 attempt 0: |S|=1207158 |U|=616 (a=10, excess 606) m=680 blocks 13x51 projected nullity 10, verified=True, rank 10 [split 0.6s trisolve 35.4s schur 40.0s null 0.2s lift 5.9s rank 0.7s]
  per6 (9, 7, 6, 5, 2, 1) d10 p=2147483647: a=10 n_chi=1207774 mult=10 units=0 [89.4s]
    hybrid[per6 9_7_6_5_2_1d10] p=2147483629 attempt 0: |S|=1207158 |U|=616 (a=10, excess 606) m=680 blocks 13x51 projected nullity 10, verified=True, rank 10 [split 0.7s trisolve 44.8s schur 40.9s null 0.2s lift 9.5s rank 0.7s]
  per6 (9, 7, 6, 5, 2, 1) d10 p=2147483629: a=10 n_chi=1207774 mult=10 units=0 [104.1s]
  PER6 RESULT (9, 7, 6, 5, 2, 1) d10: a=10 N_S=1207774 n_chi=1207774 mult=10 units=0 proved: mult = a at both primes (S_mu not in the ideal over Q) (221.1s, HWM 2.27 GB)

=== rank 274 ((8, 8, 7, 3, 3, 1), 10) N_S 1276958 a 2 2026-09-09T05:03:36.546804
      level 1: 30 prefixes
      level 2: 364 prefixes
      level 3: 4591 prefixes
      level 4: 29125 prefixes
      level 5: 120503 prefixes
      level 6: 349165 prefixes
      level 7: 755696 prefixes
      level 8: 1161571 prefixes
      level 9: 1276958 prefixes
      level 10: 1276958 prefixes
  lam=(8, 8, 7, 3, 3, 1): N_S=1276958 |Stab|=4 n_chi=312150 (orbits dropped: 16235) [lean, 5s, HWM 0.28 GB]
    E_01: |H|=2 targets 1199922 canonical rows 585288 nnz 2760009 (obstructed fixed targets cancelled: 14377) [7s, HWM 0.39 GB]
    E_12: |H|=2 targets 1113979 canonical rows 543090 nnz 2563656 (obstructed fixed targets cancelled: 13760) [13s, HWM 0.41 GB]
    E_23: |H|=2 targets 684404 canonical rows 343503 nnz 1468387 (obstructed fixed targets cancelled: 0) [17s, HWM 0.41 GB]
    E_34: |H|=2 targets 1047163 canonical rows 522421 nnz 1367083 (obstructed fixed targets cancelled: 0) [22s, HWM 0.43 GB]
    E_45: |H|=2 targets 453411 canonical rows 227903 nnz 624300 (obstructed fixed targets cancelled: 0) [23s, HWM 0.43 GB]
  built (8, 8, 7, 3, 3, 1) d10: N_S=1276958 |Stab|=4 n_chi=312150 rows=2222205 nnz=8783435 (31s: mono 2s orbits 5s rows 24s; HWM 0.43 GB)
    hybrid[per6 8_8_7_3_3_1d10] p=2147483647 attempt 0: |S|=312003 |U|=147 (a=2, excess 145) m=211 blocks 1x147 projected nullity 2, verified=True, rank 2 [split 0.2s trisolve 3.9s schur 5.2s null 0.0s lift 0.3s rank 0.1s]
  per6 (8, 8, 7, 3, 3, 1) d10 p=2147483647: a=2 n_chi=312150 mult=2 units=0 [13.3s]
    hybrid[per6 8_8_7_3_3_1d10] p=2147483629 attempt 0: |S|=312003 |U|=147 (a=2, excess 145) m=211 blocks 1x147 projected nullity 2, verified=True, rank 2 [split 0.2s trisolve 4.4s schur 5.2s null 0.0s lift 0.2s rank 0.1s]
  per6 (8, 8, 7, 3, 3, 1) d10 p=2147483629: a=2 n_chi=312150 mult=2 units=0 [14.0s]
  PER6 RESULT (8, 8, 7, 3, 3, 1) d10: a=2 N_S=1276958 n_chi=312150 mult=2 units=0 proved: mult = a at both primes (S_mu not in the ideal over Q) (61.0s, HWM 1.18 GB)

=== rank 275 ((8, 8, 6, 5, 2, 1), 10) N_S 1285371 a 5 2026-09-09T05:04:37.894976
      level 1: 29 prefixes
      level 2: 337 prefixes
      level 3: 4236 prefixes
      level 4: 27717 prefixes
      level 5: 117563 prefixes
      level 6: 345644 prefixes
      level 7: 756868 prefixes
      level 8: 1168476 prefixes
      level 9: 1285371 prefixes
      level 10: 1285371 prefixes
  lam=(8, 8, 6, 5, 2, 1): N_S=1285371 |Stab|=2 n_chi=644894 (orbits dropped: 0) [lean, 3s, HWM 0.28 GB]
    E_01: |H|=1 targets 1207774 canonical rows 1207774 nnz 5732375 (obstructed fixed targets cancelled: 0) [7s, HWM 0.52 GB]
    E_12: |H|=1 targets 1022891 canonical rows 1022891 nnz 4843600 (obstructed fixed targets cancelled: 0) [13s, HWM 0.55 GB]
    E_23: |H|=2 targets 1047163 canonical rows 525510 nnz 2160210 (obstructed fixed targets cancelled: 0) [19s, HWM 0.55 GB]
    E_34: |H|=2 targets 598420 canonical rows 300417 nnz 1111332 (obstructed fixed targets cancelled: 0) [21s, HWM 0.55 GB]
    E_45: |H|=2 targets 554517 canonical rows 278624 nnz 644894 (obstructed fixed targets cancelled: 0) [23s, HWM 0.55 GB]
  built (8, 8, 6, 5, 2, 1) d10: N_S=1285371 |Stab|=2 n_chi=644894 rows=3335216 nnz=14492411 (28s: mono 2s orbits 3s rows 24s; HWM 0.55 GB)
    hybrid[per6 8_8_6_5_2_1d10] p=2147483647 attempt 0: |S|=644453 |U|=441 (a=5, excess 436) m=505 blocks 5x96 projected nullity 5, verified=True, rank 5 [split 0.3s trisolve 19.9s schur 24.7s null 0.1s lift 1.9s rank 0.2s]
  per6 (8, 8, 6, 5, 2, 1) d10 p=2147483647: a=5 n_chi=644894 mult=5 units=0 [52.4s]
    hybrid[per6 8_8_6_5_2_1d10] p=2147483629 attempt 0: |S|=644453 |U|=441 (a=5, excess 436) m=505 blocks 5x96 projected nullity 5, verified=True, rank 5 [split 0.5s trisolve 14.7s schur 25.9s null 0.1s lift 2.2s rank 0.2s]
  per6 (8, 8, 6, 5, 2, 1) d10 p=2147483629: a=5 n_chi=644894 mult=5 units=0 [49.4s]
  PER6 RESULT (8, 8, 6, 5, 2, 1) d10: a=5 N_S=1285371 n_chi=644894 mult=5 units=0 proved: mult = a at both primes (S_mu not in the ideal over Q) (134.0s, HWM 1.71 GB)

=== rank 276 ((10, 7, 5, 4, 3, 1), 10) N_S 1292650 a 18 2026-09-09T05:06:52.224610
      level 1: 38 prefixes
      level 2: 643 prefixes
      level 3: 6554 prefixes
      level 4: 42604 prefixes
      level 5: 182096 prefixes
      level 6: 534869 prefixes
      level 7: 1032967 prefixes
      level 8: 1269205 prefixes
      level 9: 1292650 prefixes
      level 10: 1292650 prefixes
  lam=(10, 7, 5, 4, 3, 1): N_S=1292650 |Stab|=1 n_chi=1292650 (orbits dropped: 0) [lean, 2s, HWM 0.27 GB]
    E_01: |H|=1 targets 1025110 canonical rows 1025110 nnz 5347288 (obstructed fixed targets cancelled: 0) [6s, HWM 0.49 GB]
    E_12: |H|=1 targets 978266 canonical rows 978266 nnz 4331395 (obstructed fixed targets cancelled: 0) [11s, HWM 0.51 GB]
    E_23: |H|=1 targets 994780 canonical rows 994780 nnz 3720966 (obstructed fixed targets cancelled: 0) [16s, HWM 0.55 GB]
    E_34: |H|=1 targets 913654 canonical rows 913654 nnz 3039081 (obstructed fixed targets cancelled: 0) [19s, HWM 0.55 GB]
    E_45: |H|=1 targets 459203 canonical rows 459203 nnz 1292650 (obstructed fixed targets cancelled: 0) [21s, HWM 0.55 GB]
  built (10, 7, 5, 4, 3, 1) d10: N_S=1292650 |Stab|=1 n_chi=1292650 rows=4371013 nnz=17731380 (26s: mono 2s orbits 2s rows 22s; HWM 0.68 GB)
    hybrid[per6 10_7_5_4_3_1d10] p=2147483647 attempt 0: |S|=1292228 |U|=422 (a=18, excess 404) m=486 blocks 9x48 projected nullity 18, verified=True, rank 18 [split 0.7s trisolve 30.4s schur 28.2s null 0.1s lift 9.4s rank 1.3s]
  per6 (10, 7, 5, 4, 3, 1) d10 p=2147483647: a=18 n_chi=1292650 mult=18 units=0 [82.6s]
    hybrid[per6 10_7_5_4_3_1d10] p=2147483629 attempt 0: |S|=1292228 |U|=422 (a=18, excess 404) m=486 blocks 9x48 projected nullity 18, verified=True, rank 18 [split 0.9s trisolve 22.3s schur 28.5s null 0.1s lift 13.2s rank 2.5s]
  per6 (10, 7, 5, 4, 3, 1) d10 p=2147483629: a=18 n_chi=1292650 mult=18 units=0 [81.3s]
  PER6 RESULT (10, 7, 5, 4, 3, 1) d10: a=18 N_S=1292650 n_chi=1292650 mult=18 units=0 proved: mult = a at both primes (S_mu not in the ideal over Q) (194.4s, HWM 3.45 GB)

=== rank 277 ((9, 6, 6, 6, 2, 1), 10) N_S 1324473 a 2 2026-09-09T05:10:07.024339
      level 1: 29 prefixes
      level 2: 522 prefixes
      level 3: 4678 prefixes
      level 4: 28348 prefixes
      level 5: 122912 prefixes
      level 6: 389574 prefixes
      level 7: 887495 prefixes
      level 8: 1258461 prefixes
      level 9: 1324473 prefixes
      level 10: 1324473 prefixes
  lam=(9, 6, 6, 6, 2, 1): N_S=1324473 |Stab|=6 n_chi=224743 (orbits dropped: 0) [lean, 8s, HWM 0.29 GB]
    E_01: |H|=2 targets 1001265 canonical rows 503803 nnz 2506480 (obstructed fixed targets cancelled: 0) [5s, HWM 0.34 GB]
    E_12: |H|=1 targets 1207774 canonical rows 1207774 nnz 4962441 (obstructed fixed targets cancelled: 0) [11s, HWM 0.53 GB]
    E_23: |H|=1 targets 1207774 canonical rows 1207774 nnz 4962441 (obstructed fixed targets cancelled: 0) [17s, HWM 0.64 GB]
    E_34: |H|=2 targets 562926 canonical rows 283401 nnz 1147726 (obstructed fixed targets cancelled: 0) [20s, HWM 0.64 GB]
    E_45: |H|=6 targets 571212 canonical rows 97595 nnz 224743 (obstructed fixed targets cancelled: 0) [24s, HWM 0.64 GB]
  built (9, 6, 6, 6, 2, 1) d10: N_S=1324473 |Stab|=6 n_chi=224743 rows=3300347 nnz=13803831 (34s: mono 1s orbits 8s rows 24s; HWM 0.64 GB)
    hybrid[per6 9_6_6_6_2_1d10] p=2147483647 attempt 0: |S|=224687 |U|=56 (a=2, excess 54) m=120 blocks 1x56 projected nullity 2, verified=True, rank 2 [split 0.1s trisolve 0.7s schur 3.2s null 0.0s lift 1.0s rank 0.1s]
  per6 (9, 6, 6, 6, 2, 1) d10 p=2147483647: a=2 n_chi=224743 mult=2 units=0 [9.3s]
    hybrid[per6 9_6_6_6_2_1d10] p=2147483629 attempt 0: |S|=224687 |U|=56 (a=2, excess 54) m=120 blocks 1x56 projected nullity 2, verified=True, rank 2 [split 0.1s trisolve 0.6s schur 3.2s null 0.0s lift 0.8s rank 0.1s]
  per6 (9, 6, 6, 6, 2, 1) d10 p=2147483629: a=2 n_chi=224743 mult=2 units=0 [9.2s]
  PER6 RESULT (9, 6, 6, 6, 2, 1) d10: a=2 N_S=1324473 n_chi=224743 mult=2 units=0 proved: mult = a at both primes (S_mu not in the ideal over Q) (55.6s, HWM 0.89 GB)

=== rank 278 ((10, 8, 4, 4, 2, 2), 10) N_S 1328856 a 14 2026-09-09T05:11:03.244779
      level 1: 43 prefixes
      level 2: 798 prefixes
      level 3: 8426 prefixes
      level 4: 52579 prefixes
      level 5: 210529 prefixes
      level 6: 573919 prefixes
      level 7: 1068792 prefixes
      level 8: 1304991 prefixes
      level 9: 1328856 prefixes
      level 10: 1328856 prefixes
  lam=(10, 8, 4, 4, 2, 2): N_S=1328856 |Stab|=4 n_chi=356291 (orbits dropped: 0) [lean, 5s, HWM 0.29 GB]
    E_01: |H|=4 targets 1135485 canonical rows 304748 nnz 1560286 (obstructed fixed targets cancelled: 0) [9s, HWM 0.35 GB]
    E_12: |H|=2 targets 816244 canonical rows 431557 nnz 1994928 (obstructed fixed targets cancelled: 0) [13s, HWM 0.35 GB]
    E_23: |H|=2 targets 1144771 canonical rows 603737 nnz 1956517 (obstructed fixed targets cancelled: 0) [19s, HWM 0.42 GB]
    E_34: |H|=1 targets 693151 canonical rows 693151 nnz 2289421 (obstructed fixed targets cancelled: 0) [22s, HWM 0.42 GB]
    E_45: |H|=2 targets 978266 canonical rows 496040 nnz 1033609 (obstructed fixed targets cancelled: 0) [27s, HWM 0.45 GB]
  built (10, 8, 4, 4, 2, 2) d10: N_S=1328856 |Stab|=4 n_chi=356291 rows=2529233 nnz=8834761 (34s: mono 2s orbits 5s rows 27s; HWM 0.45 GB)
    hybrid[per6 10_8_4_4_2_2d10] p=2147483647 attempt 0: |S|=356202 |U|=89 (a=14, excess 75) m=153 blocks 1x89 projected nullity 14, verified=True, rank 14 [split 0.2s trisolve 0.7s schur 3.3s null 0.0s lift 3.2s rank 0.3s]
  per6 (10, 8, 4, 4, 2, 2) d10 p=2147483647: a=14 n_chi=356291 mult=14 units=0 [13.1s]
    hybrid[per6 10_8_4_4_2_2d10] p=2147483629 attempt 0: |S|=356202 |U|=89 (a=14, excess 75) m=153 blocks 1x89 projected nullity 14, verified=True, rank 14 [split 0.3s trisolve 0.6s schur 3.3s null 0.0s lift 4.1s rank 0.2s]
  per6 (10, 8, 4, 4, 2, 2) d10 p=2147483629: a=14 n_chi=356291 mult=14 units=0 [14.0s]
  PER6 RESULT (10, 8, 4, 4, 2, 2) d10: a=14 N_S=1328856 n_chi=356291 mult=14 units=0 proved: mult = a at both primes (S_mu not in the ideal over Q) (63.8s, HWM 1.52 GB)

=== rank 279 ((11, 5, 5, 4, 4, 1), 10) N_S 1331666 a 3 2026-09-09T05:12:07.453590
      level 1: 38 prefixes
      level 2: 647 prefixes
      level 3: 6712 prefixes
      level 4: 47498 prefixes
      level 5: 226563 prefixes
      level 6: 699062 prefixes
      level 7: 1190866 prefixes
      level 8: 1325507 prefixes
      level 9: 1331666 prefixes
      level 10: 1331666 prefixes
  lam=(11, 5, 5, 4, 4, 1): N_S=1331666 |Stab|=4 n_chi=334016 (orbits dropped: 6568) [lean, 6s, HWM 0.29 GB]
    E_01: |H|=2 targets 830601 canonical rows 421365 nnz 2231366 (obstructed fixed targets cancelled: 0) [5s, HWM 0.34 GB]
    E_12: |H|=2 targets 1189609 canonical rows 602772 nnz 2194080 (obstructed fixed targets cancelled: 0) [11s, HWM 0.40 GB]
    E_23: |H|=1 targets 1025110 canonical rows 1024928 nnz 3797860 (obstructed fixed targets cancelled: 0) [16s, HWM 0.50 GB]
    E_34: |H|=2 targets 1147137 canonical rows 568559 nnz 1860190 (obstructed fixed targets cancelled: 3547) [22s, HWM 0.50 GB]
    E_45: |H|=2 targets 408413 canonical rows 201649 nnz 657240 (obstructed fixed targets cancelled: 2135) [24s, HWM 0.50 GB]
  built (11, 5, 5, 4, 4, 1) d10: N_S=1331666 |Stab|=4 n_chi=334016 rows=2819273 nnz=10740736 (33s: mono 2s orbits 6s rows 25s; HWM 0.50 GB)
    hybrid[per6 11_5_5_4_4_1d10] p=2147483647 attempt 0: |S|=333979 |U|=37 (a=3, excess 34) m=101 blocks 1x37 projected nullity 3, verified=True, rank 3 [split 0.2s trisolve 0.3s schur 1.9s null 0.0s lift 0.4s rank 0.1s]
  per6 (11, 5, 5, 4, 4, 1) d10 p=2147483647: a=3 n_chi=334016 mult=3 units=0 [6.4s]
    hybrid[per6 11_5_5_4_4_1d10] p=2147483629 attempt 0: |S|=333979 |U|=37 (a=3, excess 34) m=101 blocks 1x37 projected nullity 3, verified=True, rank 3 [split 0.2s trisolve 0.7s schur 1.9s null 0.0s lift 0.7s rank 0.1s]
  per6 (11, 5, 5, 4, 4, 1) d10 p=2147483629: a=3 n_chi=334016 mult=3 units=0 [6.8s]
  PER6 RESULT (11, 5, 5, 4, 4, 1) d10: a=3 N_S=1331666 n_chi=334016 mult=3 units=0 proved: mult = a at both primes (S_mu not in the ideal over Q) (49.4s, HWM 0.78 GB)

=== rank 280 ((10, 7, 6, 3, 2, 2), 10) N_S 1351538 a 13 2026-09-09T05:12:57.196783
      level 1: 43 prefixes
      level 2: 751 prefixes
      level 3: 7516 prefixes
      level 4: 47555 prefixes
      level 5: 196599 prefixes
      level 6: 563390 prefixes
      level 7: 1080218 prefixes
      level 8: 1326720 prefixes
      level 9: 1351538 prefixes
      level 10: 1351538 prefixes
  lam=(10, 7, 6, 3, 2, 2): N_S=1351538 |Stab|=2 n_chi=712044 (orbits dropped: 0) [lean, 3s, HWM 0.30 GB]
    E_01: |H|=2 targets 1072446 canonical rows 565890 nnz 2912208 (obstructed fixed targets cancelled: 0) [7s, HWM 0.38 GB]
    E_12: |H|=2 targets 1144771 canonical rows 603737 nnz 2651075 (obstructed fixed targets cancelled: 0) [14s, HWM 0.43 GB]
    E_23: |H|=2 targets 780586 canonical rows 412976 nnz 1661638 (obstructed fixed targets cancelled: 0) [18s, HWM 0.43 GB]
    E_34: |H|=1 targets 816940 canonical rows 816940 nnz 2330105 (obstructed fixed targets cancelled: 0) [21s, HWM 0.43 GB]
    E_45: |H|=1 targets 994780 canonical rows 994780 nnz 2081621 (obstructed fixed targets cancelled: 0) [25s, HWM 0.48 GB]
  built (10, 7, 6, 3, 2, 2) d10: N_S=1351538 |Stab|=2 n_chi=712044 rows=3394323 nnz=11636647 (31s: mono 2s orbits 3s rows 25s; HWM 0.55 GB)
    hybrid[per6 10_7_6_3_2_2d10] p=2147483647 attempt 0: |S|=711829 |U|=215 (a=13, excess 202) m=279 blocks 3x87 projected nullity 13, verified=True, rank 13 [split 0.4s trisolve 9.3s schur 10.7s null 0.0s lift 6.5s rank 0.5s]
  per6 (10, 7, 6, 3, 2, 2) d10 p=2147483647: a=13 n_chi=712044 mult=13 units=0 [34.6s]
    hybrid[per6 10_7_6_3_2_2d10] p=2147483629 attempt 0: |S|=711829 |U|=215 (a=13, excess 202) m=279 blocks 3x87 projected nullity 13, verified=True, rank 13 [split 0.4s trisolve 7.9s schur 11.1s null 0.0s lift 6.1s rank 0.6s]
  per6 (10, 7, 6, 3, 2, 2) d10 p=2147483629: a=13 n_chi=712044 mult=13 units=0 [33.4s]
  PER6 RESULT (10, 7, 6, 3, 2, 2) d10: a=13 N_S=1351538 n_chi=712044 mult=13 units=0 proved: mult = a at both primes (S_mu not in the ideal over Q) (102.2s, HWM 2.05 GB)

=== rank 281 ((12, 5, 4, 4, 3, 2), 10) N_S 1372181 a 5 2026-09-09T05:14:40.143700
      level 1: 43 prefixes
      level 2: 850 prefixes
      level 3: 10270 prefixes
      level 4: 76677 prefixes
      level 5: 358705 prefixes
      level 6: 941100 prefixes
      level 7: 1319005 prefixes
      level 8: 1371431 prefixes
      level 9: 1372181 prefixes
      level 10: 1372181 prefixes
  lam=(12, 5, 4, 4, 3, 2): N_S=1372181 |Stab|=2 n_chi=695379 (orbits dropped: 0) [lean, 3s, HWM 0.30 GB]
    E_01: |H|=2 targets 831466 canonical rows 421990 nnz 2314061 (obstructed fixed targets cancelled: 0) [5s, HWM 0.34 GB]
    E_12: |H|=1 targets 1057951 canonical rows 1057951 nnz 3940543 (obstructed fixed targets cancelled: 0) [11s, HWM 0.45 GB]
    E_23: |H|=1 targets 1182932 canonical rows 1182932 nnz 3868946 (obstructed fixed targets cancelled: 0) [17s, HWM 0.51 GB]
    E_34: |H|=1 targets 971869 canonical rows 971869 nnz 3222137 (obstructed fixed targets cancelled: 0) [21s, HWM 0.54 GB]
    E_45: |H|=2 targets 830601 canonical rows 421365 nnz 1196363 (obstructed fixed targets cancelled: 0) [25s, HWM 0.54 GB]
  built (12, 5, 4, 4, 3, 2) d10: N_S=1372181 |Stab|=2 n_chi=695379 rows=4056107 nnz=14542050 (31s: mono 2s orbits 3s rows 26s; HWM 0.60 GB)
    hybrid[per6 12_5_4_4_3_2d10] p=2147483647 attempt 0: |S|=695308 |U|=71 (a=5, excess 66) m=135 blocks 1x71 projected nullity 5, verified=True, rank 5 [split 0.4s trisolve 4.2s schur 4.4s null 0.0s lift 3.5s rank 0.2s]
  per6 (12, 5, 4, 4, 3, 2) d10 p=2147483647: a=5 n_chi=695379 mult=5 units=0 [17.7s]
    hybrid[per6 12_5_4_4_3_2d10] p=2147483629 attempt 0: |S|=695308 |U|=71 (a=5, excess 66) m=135 blocks 1x71 projected nullity 5, verified=True, rank 5 [split 0.8s trisolve 2.3s schur 4.4s null 0.0s lift 3.3s rank 0.3s]
  per6 (12, 5, 4, 4, 3, 2) d10 p=2147483629: a=5 n_chi=695379 mult=5 units=0 [16.2s]
  PER6 RESULT (12, 5, 4, 4, 3, 2) d10: a=5 N_S=1372181 n_chi=695379 mult=5 units=0 proved: mult = a at both primes (S_mu not in the ideal over Q) (69.6s, HWM 1.55 GB)

=== rank 282 ((11, 7, 4, 3, 3, 2), 10) N_S 1383447 a 5 2026-09-09T05:15:50.167417
      level 1: 44 prefixes
      level 2: 871 prefixes
      level 3: 9832 prefixes
      level 4: 65800 prefixes
      level 5: 275523 prefixes
      level 6: 753687 prefixes
      level 7: 1241793 prefixes
      level 8: 1377187 prefixes
      level 9: 1383447 prefixes
      level 10: 1383447 prefixes
  lam=(11, 7, 4, 3, 3, 2): N_S=1383447 |Stab|=2 n_chi=674671 (orbits dropped: 34105) [lean, 3s, HWM 0.30 GB]
    E_01: |H|=2 targets 1057951 canonical rows 515239 nnz 2766073 (obstructed fixed targets cancelled: 16280) [6s, HWM 0.37 GB]
    E_12: |H|=2 targets 903951 canonical rows 440077 nnz 1930174 (obstructed fixed targets cancelled: 10809) [11s, HWM 0.37 GB]
    E_23: |H|=1 targets 978885 canonical rows 977911 nnz 3173253 (obstructed fixed targets cancelled: 0) [16s, HWM 0.45 GB]
    E_34: |H|=1 targets 1135485 canonical rows 1128948 nnz 2955923 (obstructed fixed targets cancelled: 0) [20s, HWM 0.50 GB]
    E_45: |H|=1 targets 836699 canonical rows 836453 nnz 2331224 (obstructed fixed targets cancelled: 0) [23s, HWM 0.50 GB]
  built (11, 7, 4, 3, 3, 2) d10: N_S=1383447 |Stab|=2 n_chi=674671 rows=3898628 nnz=13156647 (28s: mono 2s orbits 3s rows 23s; HWM 0.58 GB)
    hybrid[per6 11_7_4_3_3_2d10] p=2147483647 attempt 0: |S|=674583 |U|=88 (a=5, excess 83) m=152 blocks 1x88 projected nullity 5, verified=True, rank 5 [split 0.3s trisolve 3.8s schur 5.0s null 0.0s lift 1.3s rank 0.3s]
  per6 (11, 7, 4, 3, 3, 2) d10 p=2147483647: a=5 n_chi=674671 mult=5 units=0 [14.5s]
    hybrid[per6 11_7_4_3_3_2d10] p=2147483629 attempt 0: |S|=674583 |U|=88 (a=5, excess 83) m=152 blocks 1x88 projected nullity 5, verified=True, rank 5 [split 0.4s trisolve 4.1s schur 5.1s null 0.0s lift 3.2s rank 0.3s]
  per6 (11, 7, 4, 3, 3, 2) d10 p=2147483629: a=5 n_chi=674671 mult=5 units=0 [17.6s]
  PER6 RESULT (11, 7, 4, 3, 3, 2) d10: a=5 N_S=1383447 n_chi=674671 mult=5 units=0 proved: mult = a at both primes (S_mu not in the ideal over Q) (63.9s, HWM 1.65 GB)

=== rank 283 ((8, 7, 7, 5, 2, 1), 10) N_S 1384844 a 3 2026-09-09T05:16:54.450131
      level 1: 29 prefixes
      level 2: 337 prefixes
      level 3: 4127 prefixes
      level 4: 26467 prefixes
      level 5: 113725 prefixes
      level 6: 346515 prefixes
      level 7: 792691 prefixes
      level 8: 1253421 prefixes
      level 9: 1384844 prefixes
      level 10: 1384844 prefixes
  lam=(8, 7, 7, 5, 2, 1): N_S=1384844 |Stab|=2 n_chi=689402 (orbits dropped: 6040) [lean, 3s, HWM 0.30 GB]
    E_01: |H|=1 targets 1207774 canonical rows 1207767 nnz 5726397 (obstructed fixed targets cancelled: 0) [7s, HWM 0.52 GB]
    E_12: |H|=1 targets 1285371 canonical rows 1285335 nnz 5689190 (obstructed fixed targets cancelled: 0) [13s, HWM 0.59 GB]
    E_23: |H|=1 targets 1047163 canonical rows 1047157 nnz 4634512 (obstructed fixed targets cancelled: 0) [19s, HWM 0.61 GB]
    E_34: |H|=2 targets 643826 canonical rows 320277 nnz 1188736 (obstructed fixed targets cancelled: 1731) [21s, HWM 0.61 GB]
    E_45: |H|=2 targets 596511 canonical rows 296432 nnz 688388 (obstructed fixed targets cancelled: 1014) [24s, HWM 0.61 GB]
  built (8, 7, 7, 5, 2, 1) d10: N_S=1384844 |Stab|=2 n_chi=689402 rows=4156968 nnz=17927223 (29s: mono 1s orbits 3s rows 25s; HWM 0.67 GB)
    hybrid[per6 8_7_7_5_2_1d10] p=2147483647 attempt 0: |S|=689122 |U|=280 (a=3, excess 277) m=344 blocks 4x90 projected nullity 3, verified=True, rank 3 [split 0.5s trisolve 12.1s schur 21.5s null 0.0s lift 1.2s rank 0.2s]
  per6 (8, 7, 7, 5, 2, 1) d10 p=2147483647: a=3 n_chi=689402 mult=3 units=0 [39.2s]
    hybrid[per6 8_7_7_5_2_1d10] p=2147483629 attempt 0: |S|=689122 |U|=280 (a=3, excess 277) m=344 blocks 4x90 projected nullity 3, verified=True, rank 3 [split 0.5s trisolve 12.0s schur 21.2s null 0.0s lift 0.8s rank 0.2s]
  per6 (8, 7, 7, 5, 2, 1) d10 p=2147483629: a=3 n_chi=689402 mult=3 units=0 [39.4s]
  PER6 RESULT (8, 7, 7, 5, 2, 1) d10: a=3 N_S=1384844 n_chi=689402 mult=3 units=0 proved: mult = a at both primes (S_mu not in the ideal over Q) (112.9s, HWM 1.81 GB)

=== rank 284 ((11, 6, 5, 4, 2, 2), 10) N_S 1392582 a 13 2026-09-09T05:18:47.800168
      level 1: 42 prefixes
      level 2: 773 prefixes
      level 3: 8480 prefixes
      level 4: 58254 prefixes
      level 5: 257376 prefixes
      level 6: 744810 prefixes
      level 7: 1247379 prefixes
      level 8: 1386136 prefixes
      level 9: 1392582 prefixes
      level 10: 1392582 prefixes
  lam=(11, 6, 5, 4, 2, 2): N_S=1392582 |Stab|=2 n_chi=733607 (orbits dropped: 0) [lean, 3s, HWM 0.30 GB]
    E_01: |H|=2 targets 971869 canonical rows 513094 nnz 2729699 (obstructed fixed targets cancelled: 0) [6s, HWM 0.36 GB]
    E_12: |H|=2 targets 1135485 canonical rows 599060 nnz 2432862 (obstructed fixed targets cancelled: 0) [12s, HWM 0.41 GB]
    E_23: |H|=2 targets 1072446 canonical rows 565890 nnz 2091823 (obstructed fixed targets cancelled: 0) [18s, HWM 0.41 GB]
    E_34: |H|=1 targets 726242 canonical rows 726242 nnz 2401363 (obstructed fixed targets cancelled: 0) [21s, HWM 0.42 GB]
    E_45: |H|=1 targets 1025110 canonical rows 1025110 nnz 2145522 (obstructed fixed targets cancelled: 0) [26s, HWM 0.50 GB]
  built (11, 6, 5, 4, 2, 2) d10: N_S=1392582 |Stab|=2 n_chi=733607 rows=3429396 nnz=11801269 (31s: mono 2s orbits 3s rows 26s; HWM 0.51 GB)
    hybrid[per6 11_6_5_4_2_2d10] p=2147483647 attempt 0: |S|=733406 |U|=201 (a=13, excess 188) m=265 blocks 3x85 projected nullity 13, verified=True, rank 13 [split 0.4s trisolve 8.1s schur 9.9s null 0.0s lift 5.2s rank 1.1s]
  per6 (11, 6, 5, 4, 2, 2) d10 p=2147483647: a=13 n_chi=733607 mult=13 units=0 [32.6s]
    hybrid[per6 11_6_5_4_2_2d10] p=2147483629 attempt 0: |S|=733406 |U|=201 (a=13, excess 188) m=265 blocks 3x85 projected nullity 13, verified=True, rank 13 [split 0.7s trisolve 11.2s schur 9.7s null 0.0s lift 7.3s rank 0.5s]
  per6 (11, 6, 5, 4, 2, 2) d10 p=2147483629: a=13 n_chi=733607 mult=13 units=0 [37.3s]
  PER6 RESULT (11, 6, 5, 4, 2, 2) d10: a=13 N_S=1392582 n_chi=733607 mult=13 units=0 proved: mult = a at both primes (S_mu not in the ideal over Q) (105.2s, HWM 2.06 GB)

=== rank 285 ((9, 9, 4, 4, 2, 2), 10) N_S 1398829 a 4 2026-09-09T05:20:33.363503
      level 1: 33 prefixes
      level 2: 744 prefixes
      level 3: 7894 prefixes
      level 4: 48264 prefixes
      level 5: 186897 prefixes
      level 6: 502261 prefixes
      level 7: 988349 prefixes
      level 8: 1336334 prefixes
      level 9: 1398829 prefixes
      level 10: 1398829 prefixes
  lam=(9, 9, 4, 4, 2, 2): N_S=1398829 |Stab|=8 n_chi=186151 (orbits dropped: 2382) [lean, 11s, HWM 0.30 GB]
    E_01: |H|=4 targets 1328856 canonical rows 356264 nnz 1736002 (obstructed fixed targets cancelled: 0) [10s, HWM 0.39 GB]
    E_12: |H|=2 targets 816244 canonical rows 431557 nnz 2089906 (obstructed fixed targets cancelled: 0) [15s, HWM 0.39 GB]
    E_23: |H|=4 targets 1204807 canonical rows 316135 nnz 1023276 (obstructed fixed targets cancelled: 2316) [23s, HWM 0.43 GB]
    E_34: |H|=2 targets 729024 canonical rows 363293 nnz 1197790 (obstructed fixed targets cancelled: 1173) [26s, HWM 0.43 GB]
    E_45: |H|=4 targets 1029510 canonical rows 259190 nnz 540650 (obstructed fixed targets cancelled: 580) [33s, HWM 0.44 GB]
  built (9, 9, 4, 4, 2, 2) d10: N_S=1398829 |Stab|=8 n_chi=186151 rows=1726439 nnz=6587624 (45s: mono 2s orbits 11s rows 33s; HWM 0.44 GB)
    hybrid[per6 9_9_4_4_2_2d10] p=2147483647 attempt 0: |S|=186090 |U|=61 (a=4, excess 57) m=125 blocks 1x61 projected nullity 4, verified=True, rank 4 [split 0.1s trisolve 0.7s schur 1.7s null 0.0s lift 0.8s rank 0.1s]
  per6 (9, 9, 4, 4, 2, 2) d10 p=2147483647: a=4 n_chi=186151 mult=4 units=0 [7.0s]
    hybrid[per6 9_9_4_4_2_2d10] p=2147483629 attempt 0: |S|=186090 |U|=61 (a=4, excess 57) m=125 blocks 1x61 projected nullity 4, verified=True, rank 4 [split 0.1s trisolve 0.6s schur 1.7s null 0.0s lift 0.6s rank 0.1s]
  per6 (9, 9, 4, 4, 2, 2) d10 p=2147483629: a=4 n_chi=186151 mult=4 units=0 [6.6s]
  PER6 RESULT (9, 9, 4, 4, 2, 2) d10: a=4 N_S=1398829 n_chi=186151 mult=4 units=0 proved: mult = a at both primes (S_mu not in the ideal over Q) (60.4s, HWM 0.61 GB)

=== rank 286 ((10, 6, 6, 4, 3, 1), 10) N_S 1417563 a 8 2026-09-09T05:21:34.251086
      level 1: 38 prefixes
      level 2: 637 prefixes
      level 3: 6174 prefixes
      level 4: 40705 prefixes
      level 5: 181285 prefixes
      level 6: 564592 prefixes
      level 7: 1125593 prefixes
      level 8: 1391389 prefixes
      level 9: 1417563 prefixes
      level 10: 1417563 prefixes
  lam=(10, 6, 6, 4, 3, 1): N_S=1417563 |Stab|=2 n_chi=712831 (orbits dropped: 0) [lean, 3s, HWM 0.31 GB]
    E_01: |H|=1 targets 1025110 canonical rows 1025110 nnz 5347288 (obstructed fixed targets cancelled: 0) [6s, HWM 0.50 GB]
    E_12: |H|=1 targets 1292650 canonical rows 1292650 nnz 5314683 (obstructed fixed targets cancelled: 0) [13s, HWM 0.60 GB]
    E_23: |H|=1 targets 994780 canonical rows 994780 nnz 4087013 (obstructed fixed targets cancelled: 0) [18s, HWM 0.60 GB]
    E_34: |H|=2 targets 1001265 canonical rows 503803 nnz 1675620 (obstructed fixed targets cancelled: 0) [23s, HWM 0.60 GB]
    E_45: |H|=2 targets 502820 canonical rows 253663 nnz 712831 (obstructed fixed targets cancelled: 0) [25s, HWM 0.60 GB]
  built (10, 6, 6, 4, 3, 1) d10: N_S=1417563 |Stab|=2 n_chi=712831 rows=4070006 nnz=17137435 (30s: mono 2s orbits 3s rows 25s; HWM 0.67 GB)
    hybrid[per6 10_6_6_4_3_1d10] p=2147483647 attempt 0: |S|=712664 |U|=167 (a=8, excess 159) m=231 blocks 2x87 projected nullity 8, verified=True, rank 8 [split 0.5s trisolve 8.9s schur 12.0s null 0.0s lift 3.8s rank 0.3s]
  per6 (10, 6, 6, 4, 3, 1) d10 p=2147483647: a=8 n_chi=712831 mult=8 units=0 [32.7s]
    hybrid[per6 10_6_6_4_3_1d10] p=2147483629 attempt 0: |S|=712664 |U|=167 (a=8, excess 159) m=231 blocks 2x87 projected nullity 8, verified=True, rank 8 [split 0.5s trisolve 8.1s schur 11.6s null 0.0s lift 3.4s rank 0.3s]
  per6 (10, 6, 6, 4, 3, 1) d10 p=2147483629: a=8 n_chi=712831 mult=8 units=0 [28.8s]
  PER6 RESULT (10, 6, 6, 4, 3, 1) d10: a=8 N_S=1417563 n_chi=712831 mult=8 units=0 proved: mult = a at both primes (S_mu not in the ideal over Q) (96.3s, HWM 1.85 GB)

=== rank 287 ((9, 8, 5, 4, 3, 1), 10) N_S 1448828 a 13 2026-09-09T05:23:10.924272
      level 1: 30 prefixes
      level 2: 606 prefixes
      level 3: 6310 prefixes
      level 4: 40202 prefixes
      level 5: 167466 prefixes
      level 6: 484388 prefixes
      level 7: 1006197 prefixes
      level 8: 1382501 prefixes
      level 9: 1448828 prefixes
      level 10: 1448828 prefixes
  lam=(9, 8, 5, 4, 3, 1): N_S=1448828 |Stab|=1 n_chi=1448828 (orbits dropped: 0) [lean, 2s, HWM 0.29 GB]
    E_01: |H|=1 targets 1292650 canonical rows 1292650 nnz 6497727 (obstructed fixed targets cancelled: 0) [7s, HWM 0.53 GB]
    E_12: |H|=1 targets 1029510 canonical rows 1029510 nnz 4868685 (obstructed fixed targets cancelled: 0) [12s, HWM 0.57 GB]
    E_23: |H|=1 targets 1113979 canonical rows 1113979 nnz 4180589 (obstructed fixed targets cancelled: 0) [18s, HWM 0.62 GB]
    E_34: |H|=1 targets 1022891 canonical rows 1022891 nnz 3412280 (obstructed fixed targets cancelled: 0) [22s, HWM 0.62 GB]
    E_45: |H|=1 targets 513362 canonical rows 513362 nnz 1448828 (obstructed fixed targets cancelled: 0) [23s, HWM 0.62 GB]
  built (9, 8, 5, 4, 3, 1) d10: N_S=1448828 |Stab|=1 n_chi=1448828 rows=4972392 nnz=20408109 (27s: mono 2s orbits 2s rows 24s; HWM 0.75 GB)
    hybrid[per6 9_8_5_4_3_1d10] p=2147483647 attempt 0: |S|=1448235 |U|=593 (a=13, excess 580) m=657 blocks 14x43 projected nullity 13, verified=True, rank 13 [split 0.8s trisolve 52.5s schur 48.3s null 0.2s lift 10.8s rank 0.9s]
  per6 (9, 8, 5, 4, 3, 1) d10 p=2147483647: a=13 n_chi=1448828 mult=13 units=0 [126.6s]
    hybrid[per6 9_8_5_4_3_1d10] p=2147483629 attempt 0: |S|=1448235 |U|=593 (a=13, excess 580) m=657 blocks 14x43 projected nullity 13, verified=True, rank 13 [split 1.4s trisolve 58.0s schur 50.7s null 0.2s lift 9.1s rank 1.2s]
  per6 (9, 8, 5, 4, 3, 1) d10 p=2147483629: a=13 n_chi=1448828 mult=13 units=0 [134.0s]
  PER6 RESULT (9, 8, 5, 4, 3, 1) d10: a=13 N_S=1448828 n_chi=1448828 mult=13 units=0 proved: mult = a at both primes (S_mu not in the ideal over Q) (293.0s, HWM 3.24 GB)

=== rank 288 ((10, 7, 4, 4, 4, 1), 10) N_S 1501491 a 7 2026-09-09T05:28:04.239506
      level 1: 38 prefixes
      level 2: 658 prefixes
      level 3: 6957 prefixes
      level 4: 46374 prefixes
      level 5: 204275 prefixes
      level 6: 615490 prefixes
      level 7: 1199179 prefixes
      level 8: 1474525 prefixes
      level 9: 1501491 prefixes
      level 10: 1501491 prefixes
  lam=(10, 7, 4, 4, 4, 1): N_S=1501491 |Stab|=6 n_chi=260170 (orbits dropped: 0) [lean, 9s, HWM 0.31 GB]
    E_01: |H|=6 targets 1189609 canonical rows 206517 nnz 1067726 (obstructed fixed targets cancelled: 0) [11s, HWM 0.38 GB]
    E_12: |H|=2 targets 978266 canonical rows 496040 nnz 2187026 (obstructed fixed targets cancelled: 0) [17s, HWM 0.38 GB]
    E_23: |H|=1 targets 1292650 canonical rows 1292650 nnz 4253794 (obstructed fixed targets cancelled: 0) [24s, HWM 0.51 GB]
    E_34: |H|=1 targets 1292650 canonical rows 1292650 nnz 4253794 (obstructed fixed targets cancelled: 0) [30s, HWM 0.60 GB]
    E_45: |H|=2 targets 459203 canonical rows 233811 nnz 760558 (obstructed fixed targets cancelled: 0) [32s, HWM 0.60 GB]
  built (10, 7, 4, 4, 4, 1) d10: N_S=1501491 |Stab|=6 n_chi=260170 rows=3521668 nnz=12522898 (43s: mono 2s orbits 9s rows 32s; HWM 0.60 GB)
    hybrid[per6 10_7_4_4_4_1d10] p=2147483647 attempt 0: |S|=260121 |U|=49 (a=7, excess 42) m=113 blocks 1x49 projected nullity 7, verified=True, rank 7 [split 0.1s trisolve 0.7s schur 2.7s null 0.0s lift 3.0s rank 0.1s]
  per6 (10, 7, 4, 4, 4, 1) d10 p=2147483647: a=7 n_chi=260170 mult=7 units=0 [10.7s]
    hybrid[per6 10_7_4_4_4_1d10] p=2147483629 attempt 0: |S|=260121 |U|=49 (a=7, excess 42) m=113 blocks 1x49 projected nullity 7, verified=True, rank 7 [split 0.2s trisolve 0.5s schur 2.8s null 0.0s lift 1.8s rank 0.1s]
  per6 (10, 7, 4, 4, 4, 1) d10 p=2147483629: a=7 n_chi=260170 mult=7 units=0 [10.1s]
  PER6 RESULT (10, 7, 4, 4, 4, 1) d10: a=7 N_S=1501491 n_chi=260170 mult=7 units=0 proved: mult = a at both primes (S_mu not in the ideal over Q) (67.5s, HWM 1.26 GB)

=== rank 289 ((9, 8, 6, 3, 2, 2), 10) N_S 1514506 a 11 2026-09-09T05:29:12.080779
      level 1: 33 prefixes
      level 2: 705 prefixes
      level 3: 7169 prefixes
      level 4: 44523 prefixes
      level 5: 181682 prefixes
      level 6: 513552 prefixes
      level 7: 1053879 prefixes
      level 8: 1444849 prefixes
      level 9: 1514506 prefixes
      level 10: 1514506 prefixes
  lam=(9, 8, 6, 3, 2, 2): N_S=1514506 |Stab|=2 n_chi=797360 (orbits dropped: 0) [lean, 4s, HWM 0.32 GB]
    E_01: |H|=2 targets 1351538 canonical rows 712044 nnz 3533988 (obstructed fixed targets cancelled: 0) [8s, HWM 0.45 GB]
    E_12: |H|=2 targets 1204807 canonical rows 635105 nnz 2978889 (obstructed fixed targets cancelled: 0) [15s, HWM 0.47 GB]
    E_23: |H|=2 targets 873086 canonical rows 461580 nnz 1864198 (obstructed fixed targets cancelled: 0) [20s, HWM 0.47 GB]
    E_34: |H|=1 targets 914220 canonical rows 914220 nnz 2613934 (obstructed fixed targets cancelled: 0) [23s, HWM 0.47 GB]
    E_45: |H|=1 targets 1113979 canonical rows 1113979 nnz 2336598 (obstructed fixed targets cancelled: 0) [28s, HWM 0.55 GB]
  built (9, 8, 6, 3, 2, 2) d10: N_S=1514506 |Stab|=2 n_chi=797360 rows=3836928 nnz=13327607 (33s: mono 2s orbits 4s rows 28s; HWM 0.58 GB)
    hybrid[per6 9_8_6_3_2_2d10] p=2147483647 attempt 0: |S|=797045 |U|=315 (a=11, excess 304) m=379 blocks 5x78 projected nullity 11, verified=True, rank 11 [split 0.4s trisolve 12.6s schur 17.9s null 0.0s lift 4.6s rank 0.6s]
  per6 (9, 8, 6, 3, 2, 2) d10 p=2147483647: a=11 n_chi=797360 mult=11 units=0 [42.8s]
    hybrid[per6 9_8_6_3_2_2d10] p=2147483629 attempt 0: |S|=797045 |U|=315 (a=11, excess 304) m=379 blocks 5x78 projected nullity 11, verified=True, rank 11 [split 0.6s trisolve 12.5s schur 18.1s null 0.0s lift 4.9s rank 0.5s]
  per6 (9, 8, 6, 3, 2, 2) d10 p=2147483629: a=11 n_chi=797360 mult=11 units=0 [43.5s]
  PER6 RESULT (9, 8, 6, 3, 2, 2) d10: a=11 N_S=1514506 n_chi=797360 mult=11 units=0 proved: mult = a at both primes (S_mu not in the ideal over Q) (123.4s, HWM 2.09 GB)

=== rank 290 ((8, 7, 6, 6, 2, 1), 10) N_S 1519087 a 3 2026-09-09T05:31:15.894330
      level 1: 29 prefixes
      level 2: 338 prefixes
      level 3: 4126 prefixes
      level 4: 27099 prefixes
      level 5: 119506 prefixes
      level 6: 371878 prefixes
      level 7: 864371 prefixes
      level 8: 1374103 prefixes
      level 9: 1519087 prefixes
      level 10: 1519087 prefixes
  lam=(8, 7, 6, 6, 2, 1): N_S=1519087 |Stab|=2 n_chi=763921 (orbits dropped: 0) [lean, 4s, HWM 0.33 GB]
    E_01: |H|=2 targets 1324473 canonical rows 666199 nnz 3172637 (obstructed fixed targets cancelled: 0) [8s, HWM 0.45 GB]
    E_12: |H|=1 targets 1285371 canonical rows 1285371 nnz 5749597 (obstructed fixed targets cancelled: 0) [16s, HWM 0.57 GB]
    E_23: |H|=1 targets 1384844 canonical rows 1384844 nnz 5714778 (obstructed fixed targets cancelled: 0) [23s, HWM 0.64 GB]
    E_34: |H|=1 targets 643826 canonical rows 643826 nnz 2624797 (obstructed fixed targets cancelled: 0) [26s, HWM 0.64 GB]
    E_45: |H|=2 targets 653537 canonical rows 329351 nnz 763921 (obstructed fixed targets cancelled: 0) [28s, HWM 0.64 GB]
  built (8, 7, 6, 6, 2, 1) d10: N_S=1519087 |Stab|=2 n_chi=763921 rows=4309591 nnz=18025730 (36s: mono 2s orbits 4s rows 30s; HWM 0.69 GB)
    hybrid[per6 8_7_6_6_2_1d10] p=2147483647 attempt 0: |S|=763601 |U|=320 (a=3, excess 317) m=384 blocks 4x81 projected nullity 3, verified=True, rank 3 [split 0.6s trisolve 13.9s schur 24.3s null 0.0s lift 1.1s rank 0.2s]
  per6 (8, 7, 6, 6, 2, 1) d10 p=2147483647: a=3 n_chi=763921 mult=3 units=0 [45.2s]
    hybrid[per6 8_7_6_6_2_1d10] p=2147483629 attempt 0: |S|=763601 |U|=320 (a=3, excess 317) m=384 blocks 4x81 projected nullity 3, verified=True, rank 3 [split 0.8s trisolve 17.5s schur 25.5s null 0.0s lift 1.2s rank 0.2s]
  per6 (8, 7, 6, 6, 2, 1) d10 p=2147483629: a=3 n_chi=763921 mult=3 units=0 [49.6s]
  PER6 RESULT (8, 7, 6, 6, 2, 1) d10: a=3 N_S=1519087 n_chi=763921 mult=3 units=0 proved: mult = a at both primes (S_mu not in the ideal over Q) (136.3s, HWM 1.83 GB)

=== rank 291 ((10, 6, 5, 5, 3, 1), 10) N_S 1588188 a 6 2026-09-09T05:33:32.597006
      level 1: 38 prefixes
      level 2: 628 prefixes
      level 3: 6274 prefixes
      level 4: 42809 prefixes
      level 5: 196483 prefixes
      level 6: 626889 prefixes
      level 7: 1260197 prefixes
      level 8: 1559102 prefixes
      level 9: 1588188 prefixes
      level 10: 1588188 prefixes
  lam=(10, 6, 5, 5, 3, 1): N_S=1588188 |Stab|=2 n_chi=787703 (orbits dropped: 12782) [lean, 4s, HWM 0.30 GB]
    E_01: |H|=2 targets 1147137 canonical rows 568695 nnz 2973423 (obstructed fixed targets cancelled: 6730) [7s, HWM 0.40 GB]
    E_12: |H|=1 targets 1292650 canonical rows 1292560 nnz 5306907 (obstructed fixed targets cancelled: 0) [14s, HWM 0.57 GB]
    E_23: |H|=1 targets 1417563 canonical rows 1417209 nnz 5222396 (obstructed fixed targets cancelled: 0) [20s, HWM 0.64 GB]
    E_34: |H|=1 targets 1001265 canonical rows 1001175 nnz 3717092 (obstructed fixed targets cancelled: 0) [25s, HWM 0.64 GB]
    E_45: |H|=2 targets 561549 canonical rows 277406 nnz 785261 (obstructed fixed targets cancelled: 2314) [27s, HWM 0.64 GB]
  built (10, 6, 5, 5, 3, 1) d10: N_S=1588188 |Stab|=2 n_chi=787703 rows=4557045 nnz=18005079 (33s: mono 2s orbits 4s rows 28s; HWM 0.70 GB)
    hybrid[per6 10_6_5_5_3_1d10] p=2147483647 attempt 0: |S|=787550 |U|=153 (a=6, excess 147) m=217 blocks 2x79 projected nullity 6, verified=True, rank 6 [split 0.5s trisolve 8.0s schur 12.2s null 0.0s lift 3.0s rank 0.4s]
  per6 (10, 6, 5, 5, 3, 1) d10 p=2147483647: a=6 n_chi=787703 mult=6 units=0 [29.8s]
    hybrid[per6 10_6_5_5_3_1d10] p=2147483629 attempt 0: |S|=787550 |U|=153 (a=6, excess 147) m=217 blocks 2x79 projected nullity 6, verified=True, rank 6 [split 0.5s trisolve 7.7s schur 11.4s null 0.0s lift 2.9s rank 0.3s]
  per6 (10, 6, 5, 5, 3, 1) d10 p=2147483629: a=6 n_chi=787703 mult=6 units=0 [27.8s]
  PER6 RESULT (10, 6, 5, 5, 3, 1) d10: a=6 N_S=1588188 n_chi=787703 mult=6 units=0 proved: mult = a at both primes (S_mu not in the ideal over Q) (96.4s, HWM 1.89 GB)

=== rank 292 ((12, 4, 4, 4, 4, 2), 10) N_S 1592389 a 3 2026-09-09T05:35:09.470384
      level 1: 43 prefixes
      level 2: 840 prefixes
      level 3: 9942 prefixes
      level 4: 78380 prefixes
      level 5: 398923 prefixes
      level 6: 1085523 prefixes
      level 7: 1530453 prefixes
      level 8: 1591519 prefixes
      level 9: 1592389 prefixes
      level 10: 1592389 prefixes
  lam=(12, 4, 4, 4, 4, 2): N_S=1592389 |Stab|=24 n_chi=72249 (orbits dropped: 0) [lean, 38s, HWM 0.34 GB]
    E_01: |H|=6 targets 831466 canonical rows 144907 nnz 786836 (obstructed fixed targets cancelled: 0) [7s, HWM 0.34 GB]
    E_12: |H|=2 targets 1372181 canonical rows 695379 nnz 2271286 (obstructed fixed targets cancelled: 0) [15s, HWM 0.43 GB]
    E_23: |H|=2 targets 1372181 canonical rows 695379 nnz 2271286 (obstructed fixed targets cancelled: 0) [23s, HWM 0.49 GB]
    E_34: |H|=2 targets 1372181 canonical rows 695379 nnz 2271286 (obstructed fixed targets cancelled: 0) [30s, HWM 0.51 GB]
    E_45: |H|=6 targets 830601 canonical rows 144567 nnz 473217 (obstructed fixed targets cancelled: 0) [37s, HWM 0.51 GB]
  built (12, 4, 4, 4, 4, 2) d10: N_S=1592389 |Stab|=24 n_chi=72249 rows=2375611 nnz=8073911 (76s: mono 2s orbits 38s rows 37s; HWM 0.51 GB)
    hybrid[per6 12_4_4_4_4_2d10] p=2147483647 attempt 0: |S|=72241 |U|=8 (a=3, excess 5) m=72 blocks 1x8 projected nullity 3, verified=True, rank 3 [split 0.0s trisolve 0.0s schur 0.4s null 0.0s lift 0.6s rank 0.0s]
  per6 (12, 4, 4, 4, 4, 2) d10 p=2147483647: a=3 n_chi=72249 mult=3 units=0 [4.4s]
    hybrid[per6 12_4_4_4_4_2d10] p=2147483629 attempt 0: |S|=72241 |U|=8 (a=3, excess 5) m=72 blocks 1x8 projected nullity 3, verified=True, rank 3 [split 0.0s trisolve 0.0s schur 0.4s null 0.0s lift 0.7s rank 0.0s]
  per6 (12, 4, 4, 4, 4, 2) d10 p=2147483629: a=3 n_chi=72249 mult=3 units=0 [4.6s]
  PER6 RESULT (12, 4, 4, 4, 4, 2) d10: a=3 N_S=1592389 n_chi=72249 mult=3 units=0 proved: mult = a at both primes (S_mu not in the ideal over Q) (88.0s, HWM 0.66 GB)

=== rank 293 ((10, 8, 4, 3, 3, 2), 10) N_S 1620495 a 4 2026-09-09T05:36:37.851662
      level 1: 44 prefixes
      level 2: 859 prefixes
      level 3: 9477 prefixes
      level 4: 61425 prefixes
      level 5: 252890 prefixes
      level 6: 698266 prefixes
      level 7: 1304581 prefixes
      level 8: 1592041 prefixes
      level 9: 1620495 prefixes
      level 10: 1620495 prefixes
  lam=(10, 8, 4, 3, 3, 2): N_S=1620495 |Stab|=2 n_chi=790635 (orbits dropped: 39225) [lean, 4s, HWM 0.30 GB]
    E_01: |H|=2 targets 1383447 canonical rows 674671 nnz 3521748 (obstructed fixed targets cancelled: 19242) [9s, HWM 0.46 GB]
    E_12: |H|=2 targets 993127 canonical rows 483690 nnz 2268776 (obstructed fixed targets cancelled: 12761) [15s, HWM 0.46 GB]
    E_23: |H|=1 targets 1144771 canonical rows 1143659 nnz 3727122 (obstructed fixed targets cancelled: 0) [21s, HWM 0.51 GB]
    E_34: |H|=1 targets 1328856 canonical rows 1321468 nnz 3474496 (obstructed fixed targets cancelled: 0) [26s, HWM 0.58 GB]
    E_45: |H|=1 targets 978266 canonical rows 977980 nnz 2735644 (obstructed fixed targets cancelled: 0) [30s, HWM 0.58 GB]
  built (10, 8, 4, 3, 3, 2) d10: N_S=1620495 |Stab|=2 n_chi=790635 rows=4601468 nnz=15727786 (36s: mono 2s orbits 4s rows 31s; HWM 0.67 GB)
    hybrid[per6 10_8_4_3_3_2d10] p=2147483647 attempt 0: |S|=790514 |U|=121 (a=4, excess 117) m=185 blocks 2x79 projected nullity 4, verified=True, rank 4 [split 0.4s trisolve 5.2s schur 8.5s null 0.0s lift 2.4s rank 0.3s]
  per6 (10, 8, 4, 3, 3, 2) d10 p=2147483647: a=4 n_chi=790635 mult=4 units=0 [21.1s]
    hybrid[per6 10_8_4_3_3_2d10] p=2147483629 attempt 0: |S|=790514 |U|=121 (a=4, excess 117) m=185 blocks 2x79 projected nullity 4, verified=True, rank 4 [split 0.4s trisolve 4.7s schur 8.8s null 0.0s lift 2.2s rank 0.3s]
  per6 (10, 8, 4, 3, 3, 2) d10 p=2147483629: a=4 n_chi=790635 mult=4 units=0 [21.1s]
  PER6 RESULT (10, 8, 4, 3, 3, 2) d10: a=4 N_S=1620495 n_chi=790635 mult=4 units=0 proved: mult = a at both primes (S_mu not in the ideal over Q) (83.1s, HWM 1.79 GB)

=== rank 294 ((9, 7, 7, 3, 2, 2), 10) N_S 1631942 a 3 2026-09-09T05:38:01.414187
      level 1: 33 prefixes
      level 2: 701 prefixes
      level 3: 6810 prefixes
      level 4: 41940 prefixes
      level 5: 175662 prefixes
      level 6: 520381 prefixes
      level 7: 1117266 prefixes
      level 8: 1554533 prefixes
      level 9: 1631942 prefixes
      level 10: 1631942 prefixes
  lam=(9, 7, 7, 3, 2, 2): N_S=1631942 |Stab|=4 n_chi=426806 (orbits dropped: 4969) [lean, 7s, HWM 0.34 GB]
    E_01: |H|=2 targets 1351538 canonical rows 712044 nnz 3515005 (obstructed fixed targets cancelled: 0) [8s, HWM 0.46 GB]
    E_12: |H|=2 targets 1514506 canonical rows 797300 nnz 3490361 (obstructed fixed targets cancelled: 0) [18s, HWM 0.54 GB]
    E_23: |H|=2 targets 873086 canonical rows 461574 nnz 1999326 (obstructed fixed targets cancelled: 0) [22s, HWM 0.54 GB]
    E_34: |H|=2 targets 984272 canonical rows 489748 nnz 1400430 (obstructed fixed targets cancelled: 1783) [27s, HWM 0.54 GB]
    E_45: |H|=2 targets 1199922 canonical rows 596129 nnz 1252540 (obstructed fixed targets cancelled: 754) [32s, HWM 0.56 GB]
  built (9, 7, 7, 3, 2, 2) d10: N_S=1631942 |Stab|=4 n_chi=426806 rows=3056795 nnz=11657662 (41s: mono 2s orbits 7s rows 32s; HWM 0.56 GB)
    hybrid[per6 9_7_7_3_2_2d10] p=2147483647 attempt 0: |S|=426709 |U|=97 (a=3, excess 94) m=161 blocks 1x97 projected nullity 3, verified=True, rank 3 [split 0.2s trisolve 2.0s schur 4.9s null 0.0s lift 0.7s rank 0.1s]
  per6 (9, 7, 7, 3, 2, 2) d10 p=2147483647: a=3 n_chi=426806 mult=3 units=0 [11.7s]
    hybrid[per6 9_7_7_3_2_2d10] p=2147483629 attempt 0: |S|=426709 |U|=97 (a=3, excess 94) m=161 blocks 1x97 projected nullity 3, verified=True, rank 3 [split 0.3s trisolve 2.2s schur 4.7s null 0.0s lift 1.0s rank 0.1s]
  per6 (9, 7, 7, 3, 2, 2) d10 p=2147483629: a=3 n_chi=426806 mult=3 units=0 [12.7s]
  PER6 RESULT (9, 7, 7, 3, 2, 2) d10: a=3 N_S=1631942 n_chi=426806 mult=3 units=0 proved: mult = a at both primes (S_mu not in the ideal over Q) (68.7s, HWM 1.28 GB)

=== rank 295 ((9, 8, 4, 4, 4, 1), 10) N_S 1683676 a 4 2026-09-09T05:39:10.659517
      level 1: 30 prefixes
      level 2: 623 prefixes
      level 3: 6736 prefixes
      level 4: 44026 prefixes
      level 5: 186926 prefixes
      level 6: 553815 prefixes
      level 7: 1166297 prefixes
      level 8: 1606832 prefixes
      level 9: 1683676 prefixes
      level 10: 1683676 prefixes
  lam=(9, 8, 4, 4, 4, 1): N_S=1683676 |Stab|=6 n_chi=291517 (orbits dropped: 0) [lean, 12s, HWM 0.35 GB]
    E_01: |H|=6 targets 1501491 canonical rows 260170 nnz 1296934 (obstructed fixed targets cancelled: 0) [16s, HWM 0.44 GB]
    E_12: |H|=2 targets 1029510 canonical rows 521903 nnz 2457847 (obstructed fixed targets cancelled: 0) [22s, HWM 0.44 GB]
    E_23: |H|=1 targets 1448828 canonical rows 1448828 nnz 4782607 (obstructed fixed targets cancelled: 0) [28s, HWM 0.57 GB]
    E_34: |H|=1 targets 1448828 canonical rows 1448828 nnz 4782607 (obstructed fixed targets cancelled: 0) [36s, HWM 0.64 GB]
    E_45: |H|=2 targets 513362 canonical rows 261296 nnz 852626 (obstructed fixed targets cancelled: 0) [38s, HWM 0.64 GB]
  built (9, 8, 4, 4, 4, 1) d10: N_S=1683676 |Stab|=6 n_chi=291517 rows=3941025 nnz=14172621 (52s: mono 2s orbits 12s rows 39s; HWM 0.64 GB)
    hybrid[per6 9_8_4_4_4_1d10] p=2147483647 attempt 0: |S|=291448 |U|=69 (a=4, excess 65) m=133 blocks 1x69 projected nullity 4, verified=True, rank 4 [split 0.1s trisolve 1.3s schur 4.2s null 0.0s lift 1.6s rank 0.1s]
  per6 (9, 8, 4, 4, 4, 1) d10 p=2147483647: a=4 n_chi=291517 mult=4 units=0 [12.0s]
    hybrid[per6 9_8_4_4_4_1d10] p=2147483629 attempt 0: |S|=291448 |U|=69 (a=4, excess 65) m=133 blocks 1x69 projected nullity 4, verified=True, rank 4 [split 0.2s trisolve 1.2s schur 4.2s null 0.0s lift 2.5s rank 0.1s]
  per6 (9, 8, 4, 4, 4, 1) d10 p=2147483629: a=4 n_chi=291517 mult=4 units=0 [13.1s]
  PER6 RESULT (9, 8, 4, 4, 4, 1) d10: a=4 N_S=1683676 n_chi=291517 mult=4 units=0 proved: mult = a at both primes (S_mu not in the ideal over Q) (81.2s, HWM 1.1 GB)

=== rank 296 ((11, 6, 5, 3, 3, 2), 10) N_S 1698457 a 5 2026-09-09T05:40:32.250401
      level 1: 43 prefixes
      level 2: 834 prefixes
      level 3: 9585 prefixes
      level 4: 68442 prefixes
      level 5: 310024 prefixes
      level 6: 906941 prefixes
      level 7: 1522629 prefixes
      level 8: 1690859 prefixes
      level 9: 1698457 prefixes
      level 10: 1698457 prefixes
  lam=(11, 6, 5, 3, 3, 2): N_S=1698457 |Stab|=2 n_chi=829080 (orbits dropped: 40297) [lean, 4s, HWM 0.36 GB]
    E_01: |H|=2 targets 1182932 canonical rows 576645 nnz 3112176 (obstructed fixed targets cancelled: 17507) [7s, HWM 0.44 GB]
    E_12: |H|=2 targets 1383447 canonical rows 674671 nnz 2774032 (obstructed fixed targets cancelled: 13777) [15s, HWM 0.48 GB]
    E_23: |H|=1 targets 1072446 canonical rows 1072446 nnz 3911819 (obstructed fixed targets cancelled: 0) [20s, HWM 0.53 GB]
    E_34: |H|=1 targets 1392582 canonical rows 1384993 nnz 3647996 (obstructed fixed targets cancelled: 0) [26s, HWM 0.63 GB]
    E_45: |H|=1 targets 1025110 canonical rows 1024842 nnz 2870708 (obstructed fixed targets cancelled: 0) [30s, HWM 0.63 GB]
  built (11, 6, 5, 3, 3, 2) d10: N_S=1698457 |Stab|=2 n_chi=829080 rows=4733597 nnz=16316731 (36s: mono 2s orbits 4s rows 30s; HWM 0.66 GB)
    hybrid[per6 11_6_5_3_3_2d10] p=2147483647 attempt 0: |S|=828970 |U|=110 (a=5, excess 105) m=174 blocks 2x75 projected nullity 5, verified=True, rank 5 [split 0.5s trisolve 4.7s schur 7.9s null 0.0s lift 2.5s rank 0.3s]
  per6 (11, 6, 5, 3, 3, 2) d10 p=2147483647: a=5 n_chi=829080 mult=5 units=0 [20.9s]
    hybrid[per6 11_6_5_3_3_2d10] p=2147483629 attempt 0: |S|=828970 |U|=110 (a=5, excess 105) m=174 blocks 2x75 projected nullity 5, verified=True, rank 5 [split 0.5s trisolve 5.8s schur 7.5s null 0.0s lift 3.1s rank 0.3s]
  per6 (11, 6, 5, 3, 3, 2) d10 p=2147483629: a=5 n_chi=829080 mult=5 units=0 [21.6s]
  PER6 RESULT (11, 6, 5, 3, 3, 2) d10: a=5 N_S=1698457 n_chi=829080 mult=5 units=0 proved: mult = a at both primes (S_mu not in the ideal over Q) (83.6s, HWM 1.89 GB)

=== rank 297 ((9, 9, 4, 3, 3, 2), 10) N_S 1706497 a 2 2026-09-09T05:41:56.307771
      level 1: 34 prefixes
      level 2: 804 prefixes
      level 3: 8934 prefixes
      level 4: 56302 prefixes
      level 5: 223398 prefixes
      level 6: 609911 prefixes
      level 7: 1206362 prefixes
      level 8: 1631238 prefixes
      level 9: 1706497 prefixes
      level 10: 1706497 prefixes
  lam=(9, 9, 4, 3, 3, 2): N_S=1706497 |Stab|=4 n_chi=415830 (orbits dropped: 22561) [lean, 7s, HWM 0.32 GB]
    E_01: |H|=2 targets 1620495 canonical rows 790602 nnz 3943591 (obstructed fixed targets cancelled: 20936) [11s, HWM 0.55 GB]
    E_12: |H|=2 targets 993127 canonical rows 483690 nnz 2386678 (obstructed fixed targets cancelled: 13717) [17s, HWM 0.55 GB]
    E_23: |H|=2 targets 1204807 canonical rows 600059 nnz 1958433 (obstructed fixed targets cancelled: 1764) [23s, HWM 0.55 GB]
    E_34: |H|=2 targets 1398829 canonical rows 693516 nnz 1825809 (obstructed fixed targets cancelled: 1837) [30s, HWM 0.57 GB]
    E_45: |H|=2 targets 1029510 canonical rows 513137 nnz 1437188 (obstructed fixed targets cancelled: 1189) [35s, HWM 0.57 GB]
  built (9, 9, 4, 3, 3, 2) d10: N_S=1706497 |Stab|=4 n_chi=415830 rows=3081004 nnz=11551699 (44s: mono 2s orbits 7s rows 35s; HWM 0.57 GB)
    hybrid[per6 9_9_4_3_3_2d10] p=2147483647 attempt 0: |S|=415745 |U|=85 (a=2, excess 83) m=149 blocks 1x85 projected nullity 2, verified=True, rank 2 [split 0.2s trisolve 2.3s schur 4.2s null 0.0s lift 0.4s rank 0.3s]
