
=== rank 1 ((17, 2, 2, 2, 2, 2), 9) N_S 4743 a 1 2026-09-08T23:41:25.743506
      level 1: 45 prefixes
      level 2: 665 prefixes
      level 3: 3050 prefixes
      level 4: 4670 prefixes
      level 5: 4743 prefixes
      level 6: 4743 prefixes
      level 7: 4743 prefixes
      level 8: 4743 prefixes
      level 9: 4743 prefixes
  lam=(17, 2, 2, 2, 2, 2): N_S=4743 |Stab|=120 n_chi=116 (orbits dropped: 0) [lean, 0s, HWM 0.23 GB]
    E_01: |H|=24 targets 1733 canonical rows 139 nnz 527 (obstructed fixed targets cancelled: 0) [0s, HWM 0.23 GB]
    E_12: |H|=6 targets 3573 canonical rows 792 nnz 1432 (obstructed fixed targets cancelled: 0) [0s, HWM 0.23 GB]
    E_23: |H|=6 targets 3573 canonical rows 792 nnz 1432 (obstructed fixed targets cancelled: 0) [0s, HWM 0.23 GB]
    E_34: |H|=6 targets 3573 canonical rows 792 nnz 1432 (obstructed fixed targets cancelled: 0) [0s, HWM 0.23 GB]
    E_45: |H|=6 targets 3573 canonical rows 792 nnz 1432 (obstructed fixed targets cancelled: 0) [0s, HWM 0.23 GB]
  built (17, 2, 2, 2, 2, 2) d9: N_S=4743 |Stab|=120 n_chi=116 rows=3307 nnz=6255 (0s: mono 0s orbits 0s rows 0s; HWM 0.23 GB)
    hybrid[per6 17_2_2_2_2_2d9] p=2147483647 attempt 0: |S|=115 |U|=1 (a=1, excess 0) m=65 blocks 1x1 projected nullity 1, verified=True, rank 1 [split 0.0s trisolve 0.0s schur 0.0s null 0.0s lift 0.0s rank 0.0s]
  per6 (17, 2, 2, 2, 2, 2) d9 p=2147483647: a=1 n_chi=116 mult=1 units=0 [0.0s]
    hybrid[per6 17_2_2_2_2_2d9] p=2147483629 attempt 0: |S|=115 |U|=1 (a=1, excess 0) m=65 blocks 1x1 projected nullity 1, verified=True, rank 1 [split 0.0s trisolve 0.0s schur 0.0s null 0.0s lift 0.0s rank 0.0s]
  per6 (17, 2, 2, 2, 2, 2) d9 p=2147483629: a=1 n_chi=116 mult=1 units=0 [0.0s]
  PER6 RESULT (17, 2, 2, 2, 2, 2) d9: a=1 N_S=4743 n_chi=116 mult=1 units=0 proved: mult = a at both primes (S_mu not in the ideal over Q) (12.7s, HWM 0.23 GB)

=== rank 2 ((16, 4, 2, 2, 2, 1), 9) N_S 6398 a 1 2026-09-08T23:41:38.909505
      level 1: 41 prefixes
      level 2: 555 prefixes
      level 3: 2956 prefixes
      level 4: 5918 prefixes
      level 5: 6398 prefixes
      level 6: 6398 prefixes
      level 7: 6398 prefixes
      level 8: 6398 prefixes
      level 9: 6398 prefixes
  lam=(16, 4, 2, 2, 2, 1): N_S=6398 |Stab|=6 n_chi=1401 (orbits dropped: 0) [lean, 0s, HWM 0.23 GB]
    E_01: |H|=6 targets 3573 canonical rows 792 nnz 3449 (obstructed fixed targets cancelled: 0) [0s, HWM 0.23 GB]
    E_12: |H|=2 targets 3580 canonical rows 1976 nnz 5661 (obstructed fixed targets cancelled: 0) [0s, HWM 0.23 GB]
    E_23: |H|=1 targets 4823 canonical rows 4823 nnz 9136 (obstructed fixed targets cancelled: 0) [0s, HWM 0.23 GB]
    E_34: |H|=1 targets 4823 canonical rows 4823 nnz 9136 (obstructed fixed targets cancelled: 0) [0s, HWM 0.23 GB]
    E_45: |H|=2 targets 3017 canonical rows 1693 nnz 3517 (obstructed fixed targets cancelled: 0) [0s, HWM 0.23 GB]
  built (16, 4, 2, 2, 2, 1) d9: N_S=6398 |Stab|=6 n_chi=1401 rows=14107 nnz=30899 (0s: mono 0s orbits 0s rows 0s; HWM 0.23 GB)
    hybrid[per6 16_4_2_2_2_1d9] p=2147483647 attempt 0: |S|=1400 |U|=1 (a=1, excess 0) m=65 blocks 1x1 projected nullity 1, verified=True, rank 1 [split 0.0s trisolve 0.0s schur 0.0s null 0.0s lift 0.0s rank 0.0s]
  per6 (16, 4, 2, 2, 2, 1) d9 p=2147483647: a=1 n_chi=1401 mult=1 units=0 [0.0s]
    hybrid[per6 16_4_2_2_2_1d9] p=2147483629 attempt 0: |S|=1400 |U|=1 (a=1, excess 0) m=65 blocks 1x1 projected nullity 1, verified=True, rank 1 [split 0.0s trisolve 0.0s schur 0.0s null 0.0s lift 0.0s rank 0.0s]
  per6 (16, 4, 2, 2, 2, 1) d9 p=2147483629: a=1 n_chi=1401 mult=1 units=0 [0.0s]
  PER6 RESULT (16, 4, 2, 2, 2, 1) d9: a=1 N_S=6398 n_chi=1401 mult=1 units=0 proved: mult = a at both primes (S_mu not in the ideal over Q) (11.0s, HWM 0.23 GB)

=== rank 3 ((15, 5, 3, 2, 1, 1), 9) N_S 7647 a 1 2026-09-08T23:41:50.413563
      level 1: 36 prefixes
      level 2: 433 prefixes
      level 3: 2436 prefixes
      level 4: 6147 prefixes
      level 5: 7603 prefixes
      level 6: 7647 prefixes
      level 7: 7647 prefixes
      level 8: 7647 prefixes
      level 9: 7647 prefixes
  lam=(15, 5, 3, 2, 1, 1): N_S=7647 |Stab|=2 n_chi=2896 (orbits dropped: 1855) [lean, 0s, HWM 0.23 GB]
    E_01: |H|=2 targets 4823 canonical rows 1806 nnz 8277 (obstructed fixed targets cancelled: 454) [0s, HWM 0.23 GB]
    E_12: |H|=2 targets 5164 canonical rows 1918 nnz 6156 (obstructed fixed targets cancelled: 235) [0s, HWM 0.23 GB]
    E_23: |H|=2 targets 4862 canonical rows 1822 nnz 4681 (obstructed fixed targets cancelled: 135) [0s, HWM 0.23 GB]
    E_34: |H|=1 targets 3584 canonical rows 3462 nnz 5792 (obstructed fixed targets cancelled: 0) [0s, HWM 0.23 GB]
    E_45: |H|=1 targets 4751 canonical rows 0 nnz 0 (obstructed fixed targets cancelled: 0) [0s, HWM 0.23 GB]
  built (15, 5, 3, 2, 1, 1) d9: N_S=7647 |Stab|=2 n_chi=2896 rows=9008 nnz=24906 (0s: mono 0s orbits 0s rows 0s; HWM 0.23 GB)
    hybrid[per6 15_5_3_2_1_1d9] p=2147483647 attempt 0: |S|=2895 |U|=1 (a=1, excess 0) m=65 blocks 1x1 projected nullity 1, verified=True, rank 1 [split 0.0s trisolve 0.0s schur 0.0s null 0.0s lift 0.0s rank 0.0s]
  per6 (15, 5, 3, 2, 1, 1) d9 p=2147483647: a=1 n_chi=2896 mult=1 units=0 [0.0s]
    hybrid[per6 15_5_3_2_1_1d9] p=2147483629 attempt 0: |S|=2895 |U|=1 (a=1, excess 0) m=65 blocks 1x1 projected nullity 1, verified=True, rank 1 [split 0.0s trisolve 0.0s schur 0.0s null 0.0s lift 0.0s rank 0.0s]
  per6 (15, 5, 3, 2, 1, 1) d9 p=2147483629: a=1 n_chi=2896 mult=1 units=0 [0.0s]
  PER6 RESULT (15, 5, 3, 2, 1, 1) d9: a=1 N_S=7647 n_chi=2896 mult=1 units=0 proved: mult = a at both primes (S_mu not in the ideal over Q) (11.1s, HWM 0.23 GB)

=== rank 4 ((14, 5, 5, 1, 1, 1), 9) N_S 7691 a 1 2026-09-08T23:42:02.019542
      level 1: 31 prefixes
      level 2: 304 prefixes
      level 3: 1634 prefixes
      level 4: 4918 prefixes
      level 5: 7392 prefixes
      level 6: 7691 prefixes
      level 7: 7691 prefixes
      level 8: 7691 prefixes
      level 9: 7691 prefixes
  lam=(14, 5, 5, 1, 1, 1): N_S=7691 |Stab|=12 n_chi=234 (orbits dropped: 971) [lean, 0s, HWM 0.23 GB]
    E_01: |H|=6 targets 4862 canonical rows 261 nnz 1078 (obstructed fixed targets cancelled: 864) [0s, HWM 0.23 GB]
    E_12: |H|=6 targets 7008 canonical rows 386 nnz 1123 (obstructed fixed targets cancelled: 639) [0s, HWM 0.23 GB]
    E_23: |H|=2 targets 2451 canonical rows 809 nnz 1311 (obstructed fixed targets cancelled: 0) [0s, HWM 0.23 GB]
    E_34: |H|=2 targets 4775 canonical rows 0 nnz 0 (obstructed fixed targets cancelled: 31) [0s, HWM 0.23 GB]
    E_45: |H|=2 targets 4775 canonical rows 0 nnz 0 (obstructed fixed targets cancelled: 31) [0s, HWM 0.23 GB]
  built (14, 5, 5, 1, 1, 1) d9: N_S=7691 |Stab|=12 n_chi=234 rows=1456 nnz=3512 (0s: mono 0s orbits 0s rows 0s; HWM 0.23 GB)
    hybrid[per6 14_5_5_1_1_1d9] p=2147483647 attempt 0: |S|=233 |U|=1 (a=1, excess 0) m=65 blocks 1x1 projected nullity 1, verified=True, rank 1 [split 0.0s trisolve 0.0s schur 0.0s null 0.0s lift 0.0s rank 0.0s]
  per6 (14, 5, 5, 1, 1, 1) d9 p=2147483647: a=1 n_chi=234 mult=1 units=0 [0.0s]
    hybrid[per6 14_5_5_1_1_1d9] p=2147483629 attempt 0: |S|=233 |U|=1 (a=1, excess 0) m=65 blocks 1x1 projected nullity 1, verified=True, rank 1 [split 0.0s trisolve 0.0s schur 0.0s null 0.0s lift 0.0s rank 0.0s]
  per6 (14, 5, 5, 1, 1, 1) d9 p=2147483629: a=1 n_chi=234 mult=1 units=0 [0.0s]
  PER6 RESULT (14, 5, 5, 1, 1, 1) d9: a=1 N_S=7691 n_chi=234 mult=1 units=0 proved: mult = a at both primes (S_mu not in the ideal over Q) (11.6s, HWM 0.23 GB)

=== rank 5 ((16, 3, 2, 2, 2, 2), 9) N_S 10089 a 1 2026-09-08T23:42:14.079861
      level 1: 45 prefixes
      level 2: 743 prefixes
      level 3: 4477 prefixes
      level 4: 9305 prefixes
      level 5: 10089 prefixes
      level 6: 10089 prefixes
      level 7: 10089 prefixes
      level 8: 10089 prefixes
      level 9: 10089 prefixes
  lam=(16, 3, 2, 2, 2, 2): N_S=10089 |Stab|=24 n_chi=720 (orbits dropped: 0) [lean, 0s, HWM 0.23 GB]
    E_01: |H|=24 targets 4743 canonical rows 361 nnz 1448 (obstructed fixed targets cancelled: 0) [0s, HWM 0.23 GB]
    E_12: |H|=6 targets 6398 canonical rows 1401 nnz 3449 (obstructed fixed targets cancelled: 0) [0s, HWM 0.23 GB]
    E_23: |H|=2 targets 7584 canonical rows 4147 nnz 7832 (obstructed fixed targets cancelled: 0) [0s, HWM 0.23 GB]
    E_34: |H|=2 targets 7584 canonical rows 4147 nnz 7832 (obstructed fixed targets cancelled: 0) [0s, HWM 0.23 GB]
    E_45: |H|=2 targets 7584 canonical rows 4147 nnz 7832 (obstructed fixed targets cancelled: 0) [0s, HWM 0.23 GB]
  built (16, 3, 2, 2, 2, 2) d9: N_S=10089 |Stab|=24 n_chi=720 rows=14203 nnz=28393 (0s: mono 0s orbits 0s rows 0s; HWM 0.23 GB)
    hybrid[per6 16_3_2_2_2_2d9] p=2147483647 attempt 0: |S|=719 |U|=1 (a=1, excess 0) m=65 blocks 1x1 projected nullity 1, verified=True, rank 1 [split 0.0s trisolve 0.0s schur 0.0s null 0.0s lift 0.0s rank 0.0s]
  per6 (16, 3, 2, 2, 2, 2) d9 p=2147483647: a=1 n_chi=720 mult=1 units=0 [0.0s]
    hybrid[per6 16_3_2_2_2_2d9] p=2147483629 attempt 0: |S|=719 |U|=1 (a=1, excess 0) m=65 blocks 1x1 projected nullity 1, verified=True, rank 1 [split 0.0s trisolve 0.0s schur 0.0s null 0.0s lift 0.0s rank 0.0s]
  per6 (16, 3, 2, 2, 2, 2) d9 p=2147483629: a=1 n_chi=720 mult=1 units=0 [0.0s]
  PER6 RESULT (16, 3, 2, 2, 2, 2) d9: a=1 N_S=10089 n_chi=720 mult=1 units=0 proved: mult = a at both primes (S_mu not in the ideal over Q) (11.6s, HWM 0.23 GB)

=== rank 6 ((15, 5, 2, 2, 2, 1), 9) N_S 10166 a 1 2026-09-08T23:42:26.341838
      level 1: 40 prefixes
      level 2: 532 prefixes
      level 3: 3148 prefixes
      level 4: 8141 prefixes
      level 5: 10107 prefixes
      level 6: 10166 prefixes
      level 7: 10166 prefixes
      level 8: 10166 prefixes
      level 9: 10166 prefixes
  lam=(15, 5, 2, 2, 2, 1): N_S=10166 |Stab|=6 n_chi=2193 (orbits dropped: 0) [lean, 0s, HWM 0.23 GB]
    E_01: |H|=6 targets 6398 canonical rows 1401 nnz 6268 (obstructed fixed targets cancelled: 0) [0s, HWM 0.23 GB]
    E_12: |H|=2 targets 5164 canonical rows 2843 nnz 9010 (obstructed fixed targets cancelled: 0) [0s, HWM 0.23 GB]
    E_23: |H|=1 targets 7647 canonical rows 7647 nnz 14611 (obstructed fixed targets cancelled: 0) [0s, HWM 0.23 GB]
    E_34: |H|=1 targets 7647 canonical rows 7647 nnz 14611 (obstructed fixed targets cancelled: 0) [0s, HWM 0.23 GB]
    E_45: |H|=2 targets 4751 canonical rows 2646 nnz 5559 (obstructed fixed targets cancelled: 0) [0s, HWM 0.23 GB]
  built (15, 5, 2, 2, 2, 1) d9: N_S=10166 |Stab|=6 n_chi=2193 rows=22184 nnz=50059 (0s: mono 0s orbits 0s rows 0s; HWM 0.23 GB)
    hybrid[per6 15_5_2_2_2_1d9] p=2147483647 attempt 0: |S|=2192 |U|=1 (a=1, excess 0) m=65 blocks 1x1 projected nullity 1, verified=True, rank 1 [split 0.0s trisolve 0.0s schur 0.0s null 0.0s lift 0.0s rank 0.0s]
  per6 (15, 5, 2, 2, 2, 1) d9 p=2147483647: a=1 n_chi=2193 mult=1 units=0 [0.0s]
    hybrid[per6 15_5_2_2_2_1d9] p=2147483629 attempt 0: |S|=2192 |U|=1 (a=1, excess 0) m=65 blocks 1x1 projected nullity 1, verified=True, rank 1 [split 0.0s trisolve 0.0s schur 0.0s null 0.0s lift 0.0s rank 0.0s]
  per6 (15, 5, 2, 2, 2, 1) d9 p=2147483629: a=1 n_chi=2193 mult=1 units=0 [0.0s]
  PER6 RESULT (15, 5, 2, 2, 2, 1) d9: a=1 N_S=10166 n_chi=2193 mult=1 units=0 proved: mult = a at both primes (S_mu not in the ideal over Q) (10.9s, HWM 0.23 GB)

=== rank 7 ((14, 6, 3, 2, 1, 1), 9) N_S 11072 a 1 2026-09-08T23:42:37.982287
      level 1: 36 prefixes
      level 2: 429 prefixes
      level 3: 2318 prefixes
      level 4: 7045 prefixes
      level 5: 10654 prefixes
      level 6: 11072 prefixes
      level 7: 11072 prefixes
      level 8: 11072 prefixes
      level 9: 11072 prefixes
  lam=(14, 6, 3, 2, 1, 1): N_S=11072 |Stab|=2 n_chi=4216 (orbits dropped: 2640) [lean, 0s, HWM 0.23 GB]
    E_01: |H|=2 targets 7647 canonical rows 2896 nnz 13497 (obstructed fixed targets cancelled: 682) [0s, HWM 0.23 GB]
    E_12: |H|=2 targets 6860 canonical rows 2567 nnz 9004 (obstructed fixed targets cancelled: 350) [0s, HWM 0.23 GB]
    E_23: |H|=2 targets 7008 canonical rows 2641 nnz 6845 (obstructed fixed targets cancelled: 189) [0s, HWM 0.23 GB]
    E_34: |H|=1 targets 5160 canonical rows 4995 nnz 8432 (obstructed fixed targets cancelled: 0) [0s, HWM 0.23 GB]
    E_45: |H|=1 targets 6856 canonical rows 0 nnz 0 (obstructed fixed targets cancelled: 0) [0s, HWM 0.23 GB]
  built (14, 6, 3, 2, 1, 1) d9: N_S=11072 |Stab|=2 n_chi=4216 rows=13099 nnz=37778 (0s: mono 0s orbits 0s rows 0s; HWM 0.23 GB)
    hybrid[per6 14_6_3_2_1_1d9] p=2147483647 attempt 0: |S|=4215 |U|=1 (a=1, excess 0) m=65 blocks 1x1 projected nullity 1, verified=True, rank 1 [split 0.0s trisolve 0.0s schur 0.0s null 0.0s lift 0.0s rank 0.0s]
  per6 (14, 6, 3, 2, 1, 1) d9 p=2147483647: a=1 n_chi=4216 mult=1 units=0 [0.0s]
    hybrid[per6 14_6_3_2_1_1d9] p=2147483629 attempt 0: |S|=4215 |U|=1 (a=1, excess 0) m=65 blocks 1x1 projected nullity 1, verified=True, rank 1 [split 0.0s trisolve 0.0s schur 0.0s null 0.0s lift 0.0s rank 0.0s]
  per6 (14, 6, 3, 2, 1, 1) d9 p=2147483629: a=1 n_chi=4216 mult=1 units=0 [0.0s]
  PER6 RESULT (14, 6, 3, 2, 1, 1) d9: a=1 N_S=11072 n_chi=4216 mult=1 units=0 proved: mult = a at both primes (S_mu not in the ideal over Q) (10.9s, HWM 0.23 GB)

=== rank 8 ((15, 4, 3, 2, 2, 1), 9) N_S 13820 a 1 2026-09-08T23:42:49.476499
      level 1: 41 prefixes
      level 2: 605 prefixes
      level 3: 4067 prefixes
      level 4: 11010 prefixes
      level 5: 13740 prefixes
      level 6: 13820 prefixes
      level 7: 13820 prefixes
      level 8: 13820 prefixes
      level 9: 13820 prefixes
  lam=(15, 4, 3, 2, 2, 1): N_S=13820 |Stab|=2 n_chi=7523 (orbits dropped: 0) [lean, 0s, HWM 0.23 GB]
    E_01: |H|=2 targets 7584 canonical rows 4147 nnz 19553 (obstructed fixed targets cancelled: 0) [0s, HWM 0.23 GB]
    E_12: |H|=2 targets 10166 canonical rows 5559 nnz 16375 (obstructed fixed targets cancelled: 0) [0s, HWM 0.23 GB]
    E_23: |H|=1 targets 8733 canonical rows 8733 nnz 22814 (obstructed fixed targets cancelled: 0) [0s, HWM 0.23 GB]
    E_34: |H|=1 targets 10385 canonical rows 10385 nnz 19999 (obstructed fixed targets cancelled: 0) [0s, HWM 0.23 GB]
    E_45: |H|=1 targets 6410 canonical rows 6410 nnz 13820 (obstructed fixed targets cancelled: 0) [0s, HWM 0.23 GB]
  built (15, 4, 3, 2, 2, 1) d9: N_S=13820 |Stab|=2 n_chi=7523 rows=35234 nnz=92561 (0s: mono 0s orbits 0s rows 0s; HWM 0.23 GB)
    hybrid[per6 15_4_3_2_2_1d9] p=2147483647 attempt 0: |S|=7521 |U|=2 (a=1, excess 1) m=66 blocks 1x2 projected nullity 1, verified=True, rank 1 [split 0.0s trisolve 0.0s schur 0.0s null 0.0s lift 0.0s rank 0.0s]
  per6 (15, 4, 3, 2, 2, 1) d9 p=2147483647: a=1 n_chi=7523 mult=1 units=0 [0.0s]
    hybrid[per6 15_4_3_2_2_1d9] p=2147483629 attempt 0: |S|=7521 |U|=2 (a=1, excess 1) m=66 blocks 1x2 projected nullity 1, verified=True, rank 1 [split 0.0s trisolve 0.0s schur 0.0s null 0.0s lift 0.0s rank 0.0s]
  per6 (15, 4, 3, 2, 2, 1) d9 p=2147483629: a=1 n_chi=7523 mult=1 units=0 [0.0s]
  PER6 RESULT (15, 4, 3, 2, 2, 1) d9: a=1 N_S=13820 n_chi=7523 mult=1 units=0 proved: mult = a at both primes (S_mu not in the ideal over Q) (11.2s, HWM 0.24 GB)

=== rank 9 ((14, 5, 4, 2, 1, 1), 9) N_S 13934 a 1 2026-09-08T23:43:01.586567
      level 1: 36 prefixes
      level 2: 441 prefixes
      level 3: 2726 prefixes
      level 4: 8790 prefixes
      level 5: 13409 prefixes
      level 6: 13934 prefixes
      level 7: 13934 prefixes
      level 8: 13934 prefixes
      level 9: 13934 prefixes
  lam=(14, 5, 4, 2, 1, 1): N_S=13934 |Stab|=2 n_chi=5337 (orbits dropped: 3260) [lean, 0s, HWM 0.23 GB]
    E_01: |H|=2 targets 8733 canonical rows 3305 nnz 15567 (obstructed fixed targets cancelled: 786) [0s, HWM 0.23 GB]
    E_12: |H|=2 targets 11072 canonical rows 4216 nnz 13829 (obstructed fixed targets cancelled: 454) [0s, HWM 0.23 GB]
    E_23: |H|=2 targets 7691 canonical rows 2916 nnz 8669 (obstructed fixed targets cancelled: 261) [0s, HWM 0.23 GB]
    E_34: |H|=1 targets 6461 canonical rows 6263 nnz 10674 (obstructed fixed targets cancelled: 0) [0s, HWM 0.23 GB]
    E_45: |H|=1 targets 8597 canonical rows 0 nnz 0 (obstructed fixed targets cancelled: 0) [0s, HWM 0.23 GB]
  built (14, 5, 4, 2, 1, 1) d9: N_S=13934 |Stab|=2 n_chi=5337 rows=16700 nnz=48739 (0s: mono 0s orbits 0s rows 0s; HWM 0.23 GB)
    hybrid[per6 14_5_4_2_1_1d9] p=2147483647 attempt 0: |S|=5335 |U|=2 (a=1, excess 1) m=66 blocks 1x2 projected nullity 1, verified=True, rank 1 [split 0.0s trisolve 0.0s schur 0.0s null 0.0s lift 0.0s rank 0.0s]
  per6 (14, 5, 4, 2, 1, 1) d9 p=2147483647: a=1 n_chi=5337 mult=1 units=0 [0.0s]
    hybrid[per6 14_5_4_2_1_1d9] p=2147483629 attempt 0: |S|=5335 |U|=2 (a=1, excess 1) m=66 blocks 1x2 projected nullity 1, verified=True, rank 1 [split 0.0s trisolve 0.0s schur 0.0s null 0.0s lift 0.0s rank 0.0s]
  per6 (14, 5, 4, 2, 1, 1) d9 p=2147483629: a=1 n_chi=5337 mult=1 units=0 [0.0s]
  PER6 RESULT (14, 5, 4, 2, 1, 1) d9: a=1 N_S=13934 n_chi=5337 mult=1 units=0 proved: mult = a at both primes (S_mu not in the ideal over Q) (10.9s, HWM 0.23 GB)

=== rank 10 ((12, 7, 5, 1, 1, 1), 9) N_S 14246 a 1 2026-09-08T23:43:13.339551
      level 1: 31 prefixes
      level 2: 290 prefixes
      level 3: 1481 prefixes
      level 4: 4777 prefixes
      level 5: 10569 prefixes
      level 6: 13897 prefixes
      level 7: 14246 prefixes
      level 8: 14246 prefixes
      level 9: 14246 prefixes
  lam=(12, 7, 5, 1, 1, 1): N_S=14246 |Stab|=6 n_chi=859 (orbits dropped: 3306) [lean, 0s, HWM 0.23 GB]
    E_01: |H|=6 targets 11002 canonical rows 645 nnz 2692 (obstructed fixed targets cancelled: 1770) [0s, HWM 0.23 GB]
    E_12: |H|=6 targets 11155 canonical rows 643 nnz 2295 (obstructed fixed targets cancelled: 1311) [0s, HWM 0.23 GB]
    E_23: |H|=2 targets 4430 canonical rows 1513 nnz 2577 (obstructed fixed targets cancelled: 0) [0s, HWM 0.23 GB]
    E_34: |H|=1 targets 8776 canonical rows 0 nnz 0 (obstructed fixed targets cancelled: 0) [0s, HWM 0.23 GB]
    E_45: |H|=1 targets 8776 canonical rows 0 nnz 0 (obstructed fixed targets cancelled: 0) [0s, HWM 0.23 GB]
  built (12, 7, 5, 1, 1, 1) d9: N_S=14246 |Stab|=6 n_chi=859 rows=2801 nnz=7564 (0s: mono 0s orbits 0s rows 0s; HWM 0.23 GB)
    hybrid[per6 12_7_5_1_1_1d9] p=2147483647 attempt 0: |S|=858 |U|=1 (a=1, excess 0) m=65 blocks 1x1 projected nullity 1, verified=True, rank 1 [split 0.0s trisolve 0.0s schur 0.0s null 0.0s lift 0.0s rank 0.0s]
  per6 (12, 7, 5, 1, 1, 1) d9 p=2147483647: a=1 n_chi=859 mult=1 units=0 [0.0s]
    hybrid[per6 12_7_5_1_1_1d9] p=2147483629 attempt 0: |S|=858 |U|=1 (a=1, excess 0) m=65 blocks 1x1 projected nullity 1, verified=True, rank 1 [split 0.0s trisolve 0.0s schur 0.0s null 0.0s lift 0.0s rank 0.0s]
  per6 (12, 7, 5, 1, 1, 1) d9 p=2147483629: a=1 n_chi=859 mult=1 units=0 [0.0s]
  PER6 RESULT (12, 7, 5, 1, 1, 1) d9: a=1 N_S=14246 n_chi=859 mult=1 units=0 proved: mult = a at both primes (S_mu not in the ideal over Q) (11.3s, HWM 0.23 GB)

=== rank 11 ((13, 7, 3, 2, 1, 1), 9) N_S 14622 a 1 2026-09-08T23:43:25.209789
      level 1: 36 prefixes
      level 2: 417 prefixes
      level 3: 2157 prefixes
      level 4: 6853 prefixes
      level 5: 12842 prefixes
      level 6: 14577 prefixes
      level 7: 14622 prefixes
      level 8: 14622 prefixes
      level 9: 14622 prefixes
  lam=(13, 7, 3, 2, 1, 1): N_S=14622 |Stab|=2 n_chi=5607 (orbits dropped: 3408) [lean, 0s, HWM 0.23 GB]
    E_01: |H|=2 targets 11072 canonical rows 4216 nnz 19733 (obstructed fixed targets cancelled: 946) [0s, HWM 0.23 GB]
    E_12: |H|=2 targets 8439 canonical rows 3169 nnz 12001 (obstructed fixed targets cancelled: 488) [0s, HWM 0.23 GB]
    E_23: |H|=2 targets 9220 canonical rows 3500 nnz 9136 (obstructed fixed targets cancelled: 238) [0s, HWM 0.23 GB]
    E_34: |H|=1 targets 6778 canonical rows 6583 nnz 11214 (obstructed fixed targets cancelled: 0) [0s, HWM 0.23 GB]
    E_45: |H|=1 targets 9015 canonical rows 0 nnz 0 (obstructed fixed targets cancelled: 0) [0s, HWM 0.23 GB]
  built (13, 7, 3, 2, 1, 1) d9: N_S=14622 |Stab|=2 n_chi=5607 rows=17468 nnz=52084 (0s: mono 0s orbits 0s rows 0s; HWM 0.23 GB)
    hybrid[per6 13_7_3_2_1_1d9] p=2147483647 attempt 0: |S|=5606 |U|=1 (a=1, excess 0) m=65 blocks 1x1 projected nullity 1, verified=True, rank 1 [split 0.0s trisolve 0.0s schur 0.0s null 0.0s lift 0.0s rank 0.0s]
  per6 (13, 7, 3, 2, 1, 1) d9 p=2147483647: a=1 n_chi=5607 mult=1 units=0 [0.0s]
    hybrid[per6 13_7_3_2_1_1d9] p=2147483629 attempt 0: |S|=5606 |U|=1 (a=1, excess 0) m=65 blocks 1x1 projected nullity 1, verified=True, rank 1 [split 0.0s trisolve 0.0s schur 0.0s null 0.0s lift 0.0s rank 0.0s]
  per6 (13, 7, 3, 2, 1, 1) d9 p=2147483629: a=1 n_chi=5607 mult=1 units=0 [0.0s]
  PER6 RESULT (13, 7, 3, 2, 1, 1) d9: a=1 N_S=14622 n_chi=5607 mult=1 units=0 proved: mult = a at both primes (S_mu not in the ideal over Q) (11.0s, HWM 0.23 GB)

=== rank 12 ((14, 6, 2, 2, 2, 1), 9) N_S 14750 a 2 2026-09-08T23:43:36.824906
      level 1: 40 prefixes
      level 2: 528 prefixes
      level 3: 2997 prefixes
      level 4: 9321 prefixes
      level 5: 14191 prefixes
      level 6: 14750 prefixes
      level 7: 14750 prefixes
      level 8: 14750 prefixes
      level 9: 14750 prefixes
  lam=(14, 6, 2, 2, 2, 1): N_S=14750 |Stab|=6 n_chi=3158 (orbits dropped: 0) [lean, 0s, HWM 0.23 GB]
    E_01: |H|=6 targets 10166 canonical rows 2193 nnz 10031 (obstructed fixed targets cancelled: 0) [0s, HWM 0.23 GB]
    E_12: |H|=2 targets 6860 canonical rows 3765 nnz 13082 (obstructed fixed targets cancelled: 0) [0s, HWM 0.23 GB]
    E_23: |H|=1 targets 11072 canonical rows 11072 nnz 21295 (obstructed fixed targets cancelled: 0) [0s, HWM 0.23 GB]
    E_34: |H|=1 targets 11072 canonical rows 11072 nnz 21295 (obstructed fixed targets cancelled: 0) [0s, HWM 0.23 GB]
    E_45: |H|=2 targets 6856 canonical rows 3808 nnz 8045 (obstructed fixed targets cancelled: 0) [0s, HWM 0.23 GB]
  built (14, 6, 2, 2, 2, 1) d9: N_S=14750 |Stab|=6 n_chi=3158 rows=31910 nnz=73748 (0s: mono 0s orbits 0s rows 0s; HWM 0.23 GB)
    hybrid[per6 14_6_2_2_2_1d9] p=2147483647 attempt 0: |S|=3156 |U|=2 (a=2, excess 0) m=66 blocks 1x2 projected nullity 2, verified=True, rank 2 [split 0.0s trisolve 0.0s schur 0.0s null 0.0s lift 0.0s rank 0.0s]
  per6 (14, 6, 2, 2, 2, 1) d9 p=2147483647: a=2 n_chi=3158 mult=2 units=0 [0.0s]
    hybrid[per6 14_6_2_2_2_1d9] p=2147483629 attempt 0: |S|=3156 |U|=2 (a=2, excess 0) m=66 blocks 1x2 projected nullity 2, verified=True, rank 2 [split 0.0s trisolve 0.0s schur 0.0s null 0.0s lift 0.0s rank 0.0s]
  per6 (14, 6, 2, 2, 2, 1) d9 p=2147483629: a=2 n_chi=3158 mult=2 units=0 [0.0s]
  PER6 RESULT (14, 6, 2, 2, 2, 1) d9: a=2 N_S=14750 n_chi=3158 mult=2 units=0 proved: mult = a at both primes (S_mu not in the ideal over Q) (10.9s, HWM 0.23 GB)

=== rank 13 ((14, 5, 3, 3, 1, 1), 9) N_S 16627 a 1 2026-09-08T23:43:48.809669
      level 1: 37 prefixes
      level 2: 488 prefixes
      level 3: 3162 prefixes
      level 4: 10451 prefixes
      level 5: 16014 prefixes
      level 6: 16627 prefixes
      level 7: 16627 prefixes
      level 8: 16627 prefixes
      level 9: 16627 prefixes
  lam=(14, 5, 3, 3, 1, 1): N_S=16627 |Stab|=4 n_chi=3143 (orbits dropped: 2263) [lean, 0s, HWM 0.23 GB]
    E_01: |H|=4 targets 10385 canonical rows 1944 nnz 9112 (obstructed fixed targets cancelled: 1000) [0s, HWM 0.23 GB]
    E_12: |H|=2 targets 11072 canonical rows 4216 nnz 13421 (obstructed fixed targets cancelled: 454) [0s, HWM 0.23 GB]
    E_23: |H|=2 targets 13934 canonical rows 5283 nnz 12312 (obstructed fixed targets cancelled: 350) [0s, HWM 0.23 GB]
    E_34: |H|=1 targets 6461 canonical rows 6423 nnz 12408 (obstructed fixed targets cancelled: 0) [0s, HWM 0.23 GB]
    E_45: |H|=2 targets 10196 canonical rows 0 nnz 0 (obstructed fixed targets cancelled: 82) [0s, HWM 0.23 GB]
  built (14, 5, 3, 3, 1, 1) d9: N_S=16627 |Stab|=4 n_chi=3143 rows=17866 nnz=47253 (0s: mono 0s orbits 0s rows 0s; HWM 0.23 GB)
    hybrid[per6 14_5_3_3_1_1d9] p=2147483647 attempt 0: |S|=3142 |U|=1 (a=1, excess 0) m=65 blocks 1x1 projected nullity 1, verified=True, rank 1 [split 0.0s trisolve 0.0s schur 0.0s null 0.0s lift 0.0s rank 0.0s]
  per6 (14, 5, 3, 3, 1, 1) d9 p=2147483647: a=1 n_chi=3143 mult=1 units=0 [0.0s]
    hybrid[per6 14_5_3_3_1_1d9] p=2147483629 attempt 0: |S|=3142 |U|=1 (a=1, excess 0) m=65 blocks 1x1 projected nullity 1, verified=True, rank 1 [split 0.0s trisolve 0.0s schur 0.0s null 0.0s lift 0.0s rank 0.0s]
  per6 (14, 5, 3, 3, 1, 1) d9 p=2147483629: a=1 n_chi=3143 mult=1 units=0 [0.0s]
  PER6 RESULT (14, 5, 3, 3, 1, 1) d9: a=1 N_S=16627 n_chi=3143 mult=1 units=0 proved: mult = a at both primes (S_mu not in the ideal over Q) (11.4s, HWM 0.23 GB)

=== rank 14 ((11, 8, 5, 1, 1, 1), 9) N_S 16845 a 1 2026-09-08T23:44:01.216058
      level 1: 30 prefixes
      level 2: 288 prefixes
      level 3: 1410 prefixes
      level 4: 4367 prefixes
      level 5: 10023 prefixes
      level 6: 15467 prefixes
      level 7: 16807 prefixes
      level 8: 16845 prefixes
      level 9: 16845 prefixes
  lam=(11, 8, 5, 1, 1, 1): N_S=16845 |Stab|=6 n_chi=1030 (orbits dropped: 3867) [lean, 0s, HWM 0.23 GB]
    E_01: |H|=6 targets 14246 canonical rows 859 nnz 3536 (obstructed fixed targets cancelled: 2139) [0s, HWM 0.23 GB]
    E_12: |H|=6 targets 12449 canonical rows 729 nnz 2761 (obstructed fixed targets cancelled: 1599) [0s, HWM 0.23 GB]
    E_23: |H|=2 targets 5203 canonical rows 1792 nnz 3090 (obstructed fixed targets cancelled: 0) [0s, HWM 0.23 GB]
    E_34: |H|=1 targets 10356 canonical rows 0 nnz 0 (obstructed fixed targets cancelled: 0) [0s, HWM 0.23 GB]
    E_45: |H|=1 targets 10356 canonical rows 0 nnz 0 (obstructed fixed targets cancelled: 0) [0s, HWM 0.23 GB]
  built (11, 8, 5, 1, 1, 1) d9: N_S=16845 |Stab|=6 n_chi=1030 rows=3380 nnz=9387 (0s: mono 0s orbits 0s rows 0s; HWM 0.23 GB)
    hybrid[per6 11_8_5_1_1_1d9] p=2147483647 attempt 0: |S|=1029 |U|=1 (a=1, excess 0) m=65 blocks 1x1 projected nullity 1, verified=True, rank 1 [split 0.0s trisolve 0.0s schur 0.0s null 0.0s lift 0.0s rank 0.0s]
  per6 (11, 8, 5, 1, 1, 1) d9 p=2147483647: a=1 n_chi=1030 mult=1 units=0 [0.0s]
    hybrid[per6 11_8_5_1_1_1d9] p=2147483629 attempt 0: |S|=1029 |U|=1 (a=1, excess 0) m=65 blocks 1x1 projected nullity 1, verified=True, rank 1 [split 0.0s trisolve 0.0s schur 0.0s null 0.0s lift 0.0s rank 0.0s]
  per6 (11, 8, 5, 1, 1, 1) d9 p=2147483629: a=1 n_chi=1030 mult=1 units=0 [0.0s]
  PER6 RESULT (11, 8, 5, 1, 1, 1) d9: a=1 N_S=16845 n_chi=1030 mult=1 units=0 proved: mult = a at both primes (S_mu not in the ideal over Q) (11.1s, HWM 0.23 GB)

=== rank 15 ((12, 8, 3, 2, 1, 1), 9) N_S 17737 a 2 2026-09-08T23:44:12.969252
      level 1: 35 prefixes
      level 2: 407 prefixes
      level 3: 2101 prefixes
      level 4: 6144 prefixes
      level 5: 13172 prefixes
      level 6: 17306 prefixes
      level 7: 17737 prefixes
      level 8: 17737 prefixes
      level 9: 17737 prefixes
  lam=(12, 8, 3, 2, 1, 1): N_S=17737 |Stab|=2 n_chi=6818 (orbits dropped: 4101) [lean, 0s, HWM 0.23 GB]
    E_01: |H|=2 targets 14622 canonical rows 5607 nnz 26010 (obstructed fixed targets cancelled: 1164) [0s, HWM 0.23 GB]
    E_12: |H|=2 targets 9633 canonical rows 3627 nnz 14621 (obstructed fixed targets cancelled: 613) [0s, HWM 0.23 GB]
    E_23: |H|=2 targets 11155 canonical rows 4245 nnz 11135 (obstructed fixed targets cancelled: 285) [0s, HWM 0.23 GB]
    E_34: |H|=1 targets 8197 canonical rows 7967 nnz 13636 (obstructed fixed targets cancelled: 0) [0s, HWM 0.23 GB]
    E_45: |H|=1 targets 10919 canonical rows 0 nnz 0 (obstructed fixed targets cancelled: 0) [0s, HWM 0.23 GB]
  built (12, 8, 3, 2, 1, 1) d9: N_S=17737 |Stab|=2 n_chi=6818 rows=21446 nnz=65402 (0s: mono 0s orbits 0s rows 0s; HWM 0.23 GB)
    hybrid[per6 12_8_3_2_1_1d9] p=2147483647 attempt 0: |S|=6816 |U|=2 (a=2, excess 0) m=66 blocks 1x2 projected nullity 2, verified=True, rank 2 [split 0.0s trisolve 0.0s schur 0.0s null 0.0s lift 0.0s rank 0.0s]
  per6 (12, 8, 3, 2, 1, 1) d9 p=2147483647: a=2 n_chi=6818 mult=2 units=0 [0.0s]
    hybrid[per6 12_8_3_2_1_1d9] p=2147483629 attempt 0: |S|=6816 |U|=2 (a=2, excess 0) m=66 blocks 1x2 projected nullity 2, verified=True, rank 2 [split 0.0s trisolve 0.0s schur 0.0s null 0.0s lift 0.0s rank 0.0s]
  per6 (12, 8, 3, 2, 1, 1) d9 p=2147483629: a=2 n_chi=6818 mult=2 units=0 [0.0s]
  PER6 RESULT (12, 8, 3, 2, 1, 1) d9: a=2 N_S=17737 n_chi=6818 mult=2 units=0 proved: mult = a at both primes (S_mu not in the ideal over Q) (11.1s, HWM 0.23 GB)

=== rank 16 ((15, 4, 2, 2, 2, 2), 9) N_S 18440 a 2 2026-09-08T23:44:25.106895
      level 1: 45 prefixes
      level 2: 736 prefixes
      level 3: 5246 prefixes
      level 4: 14611 prefixes
      level 5: 18328 prefixes
      level 6: 18440 prefixes
      level 7: 18440 prefixes
      level 8: 18440 prefixes
      level 9: 18440 prefixes
  lam=(15, 4, 2, 2, 2, 2): N_S=18440 |Stab|=24 n_chi=1281 (orbits dropped: 0) [lean, 0s, HWM 0.23 GB]
    E_01: |H|=24 targets 10089 canonical rows 720 nnz 3062 (obstructed fixed targets cancelled: 0) [0s, HWM 0.23 GB]
    E_12: |H|=6 targets 10166 canonical rows 2193 nnz 6268 (obstructed fixed targets cancelled: 0) [0s, HWM 0.23 GB]
    E_23: |H|=2 targets 13820 canonical rows 7523 nnz 14374 (obstructed fixed targets cancelled: 0) [0s, HWM 0.23 GB]
    E_34: |H|=2 targets 13820 canonical rows 7523 nnz 14374 (obstructed fixed targets cancelled: 0) [0s, HWM 0.23 GB]
    E_45: |H|=2 targets 13820 canonical rows 7523 nnz 14374 (obstructed fixed targets cancelled: 0) [0s, HWM 0.23 GB]
  built (15, 4, 2, 2, 2, 2) d9: N_S=18440 |Stab|=24 n_chi=1281 rows=25482 nnz=52452 (1s: mono 0s orbits 0s rows 0s; HWM 0.23 GB)
    hybrid[per6 15_4_2_2_2_2d9] p=2147483647 attempt 0: |S|=1279 |U|=2 (a=2, excess 0) m=66 blocks 1x2 projected nullity 2, verified=True, rank 2 [split 0.0s trisolve 0.0s schur 0.0s null 0.0s lift 0.0s rank 0.0s]
  per6 (15, 4, 2, 2, 2, 2) d9 p=2147483647: a=2 n_chi=1281 mult=2 units=0 [0.0s]
    hybrid[per6 15_4_2_2_2_2d9] p=2147483629 attempt 0: |S|=1279 |U|=2 (a=2, excess 0) m=66 blocks 1x2 projected nullity 2, verified=True, rank 2 [split 0.0s trisolve 0.0s schur 0.0s null 0.0s lift 0.0s rank 0.0s]
  per6 (15, 4, 2, 2, 2, 2) d9 p=2147483629: a=2 n_chi=1281 mult=2 units=0 [0.0s]
  PER6 RESULT (15, 4, 2, 2, 2, 2) d9: a=2 N_S=18440 n_chi=1281 mult=2 units=0 proved: mult = a at both primes (S_mu not in the ideal over Q) (11.5s, HWM 0.23 GB)

=== rank 17 ((13, 7, 2, 2, 2, 1), 9) N_S 19505 a 3 2026-09-08T23:44:37.842949
      level 1: 39 prefixes
      level 2: 514 prefixes
      level 3: 2797 prefixes
      level 4: 9060 prefixes
      level 5: 17124 prefixes
      level 6: 19445 prefixes
      level 7: 19505 prefixes
      level 8: 19505 prefixes
      level 9: 19505 prefixes
  lam=(13, 7, 2, 2, 2, 1): N_S=19505 |Stab|=6 n_chi=4137 (orbits dropped: 0) [lean, 0s, HWM 0.23 GB]
    E_01: |H|=6 targets 14750 canonical rows 3158 nnz 14497 (obstructed fixed targets cancelled: 0) [0s, HWM 0.23 GB]
    E_12: |H|=2 targets 8439 canonical rows 4624 nnz 17317 (obstructed fixed targets cancelled: 0) [0s, HWM 0.23 GB]
    E_23: |H|=1 targets 14622 canonical rows 14622 nnz 28278 (obstructed fixed targets cancelled: 0) [0s, HWM 0.23 GB]
    E_34: |H|=1 targets 14622 canonical rows 14622 nnz 28278 (obstructed fixed targets cancelled: 0) [0s, HWM 0.23 GB]
    E_45: |H|=2 targets 9015 canonical rows 4983 nnz 10603 (obstructed fixed targets cancelled: 0) [0s, HWM 0.23 GB]
  built (13, 7, 2, 2, 2, 1) d9: N_S=19505 |Stab|=6 n_chi=4137 rows=42009 nnz=98973 (0s: mono 0s orbits 0s rows 0s; HWM 0.23 GB)
    hybrid[per6 13_7_2_2_2_1d9] p=2147483647 attempt 0: |S|=4134 |U|=3 (a=3, excess 0) m=67 blocks 1x3 projected nullity 3, verified=True, rank 3 [split 0.0s trisolve 0.0s schur 0.0s null 0.0s lift 0.0s rank 0.0s]
  per6 (13, 7, 2, 2, 2, 1) d9 p=2147483647: a=3 n_chi=4137 mult=3 units=0 [0.0s]
    hybrid[per6 13_7_2_2_2_1d9] p=2147483629 attempt 0: |S|=4134 |U|=3 (a=3, excess 0) m=67 blocks 1x3 projected nullity 3, verified=True, rank 3 [split 0.0s trisolve 0.0s schur 0.0s null 0.0s lift 0.0s rank 0.0s]
  per6 (13, 7, 2, 2, 2, 1) d9 p=2147483629: a=3 n_chi=4137 mult=3 units=0 [0.0s]
  PER6 RESULT (13, 7, 2, 2, 2, 1) d9: a=3 N_S=19505 n_chi=4137 mult=3 units=0 proved: mult = a at both primes (S_mu not in the ideal over Q) (11.3s, HWM 0.24 GB)

=== rank 18 ((11, 9, 3, 2, 1, 1), 9) N_S 19829 a 1 2026-09-08T23:44:51.055667
      level 1: 35 prefixes
      level 2: 387 prefixes
      level 3: 1993 prefixes
      level 4: 5605 prefixes
      level 5: 11933 prefixes
      level 6: 18197 prefixes
      level 7: 19784 prefixes
      level 8: 19829 prefixes
      level 9: 19829 prefixes
  lam=(11, 9, 3, 2, 1, 1): N_S=19829 |Stab|=2 n_chi=7646 (orbits dropped: 4537) [lean, 0s, HWM 0.23 GB]
    E_01: |H|=2 targets 17737 canonical rows 6818 nnz 31102 (obstructed fixed targets cancelled: 1333) [0s, HWM 0.23 GB]
    E_12: |H|=2 targets 10276 canonical rows 3873 nnz 16397 (obstructed fixed targets cancelled: 714) [0s, HWM 0.23 GB]
    E_23: |H|=2 targets 12449 canonical rows 4753 nnz 12504 (obstructed fixed targets cancelled: 311) [0s, HWM 0.23 GB]
    E_34: |H|=1 targets 9143 canonical rows 8901 nnz 15292 (obstructed fixed targets cancelled: 0) [0s, HWM 0.23 GB]
    E_45: |H|=1 targets 12183 canonical rows 0 nnz 0 (obstructed fixed targets cancelled: 0) [0s, HWM 0.23 GB]
  built (11, 9, 3, 2, 1, 1) d9: N_S=19829 |Stab|=2 n_chi=7646 rows=24345 nnz=75295 (0s: mono 0s orbits 0s rows 0s; HWM 0.23 GB)
    hybrid[per6 11_9_3_2_1_1d9] p=2147483647 attempt 0: |S|=7644 |U|=2 (a=1, excess 1) m=66 blocks 1x2 projected nullity 1, verified=True, rank 1 [split 0.0s trisolve 0.0s schur 0.0s null 0.0s lift 0.0s rank 0.0s]
  per6 (11, 9, 3, 2, 1, 1) d9 p=2147483647: a=1 n_chi=7646 mult=1 units=0 [0.0s]
    hybrid[per6 11_9_3_2_1_1d9] p=2147483629 attempt 0: |S|=7644 |U|=2 (a=1, excess 1) m=66 blocks 1x2 projected nullity 1, verified=True, rank 1 [split 0.0s trisolve 0.0s schur 0.0s null 0.0s lift 0.0s rank 0.0s]
  per6 (11, 9, 3, 2, 1, 1) d9 p=2147483629: a=1 n_chi=7646 mult=1 units=0 [0.0s]
  PER6 RESULT (11, 9, 3, 2, 1, 1) d9: a=1 N_S=19829 n_chi=7646 mult=1 units=0 proved: mult = a at both primes (S_mu not in the ideal over Q) (11.1s, HWM 0.23 GB)

=== rank 19 ((13, 6, 4, 2, 1, 1), 9) N_S 20070 a 2 2026-09-08T23:45:03.011090
      level 1: 36 prefixes
      level 2: 434 prefixes
      level 3: 2580 prefixes
      level 4: 9190 prefixes
      level 5: 17634 prefixes
      level 6: 20010 prefixes
      level 7: 20070 prefixes
      level 8: 20070 prefixes
      level 9: 20070 prefixes
  lam=(13, 6, 4, 2, 1, 1): N_S=20070 |Stab|=2 n_chi=7737 (orbits dropped: 4596) [lean, 0s, HWM 0.23 GB]
    E_01: |H|=2 targets 13934 canonical rows 5337 nnz 25387 (obstructed fixed targets cancelled: 1174) [0s, HWM 0.23 GB]
    E_12: |H|=2 targets 14622 canonical rows 5607 nnz 20191 (obstructed fixed targets cancelled: 682) [0s, HWM 0.23 GB]
    E_23: |H|=2 targets 11002 canonical rows 4199 nnz 12625 (obstructed fixed targets cancelled: 363) [0s, HWM 0.23 GB]
    E_34: |H|=1 targets 9249 canonical rows 8988 nnz 15474 (obstructed fixed targets cancelled: 0) [0s, HWM 0.23 GB]
    E_45: |H|=1 targets 12333 canonical rows 0 nnz 0 (obstructed fixed targets cancelled: 0) [0s, HWM 0.23 GB]
  built (13, 6, 4, 2, 1, 1) d9: N_S=20070 |Stab|=2 n_chi=7737 rows=24131 nnz=73677 (0s: mono 0s orbits 0s rows 0s; HWM 0.23 GB)
    hybrid[per6 13_6_4_2_1_1d9] p=2147483647 attempt 0: |S|=7735 |U|=2 (a=2, excess 0) m=66 blocks 1x2 projected nullity 2, verified=True, rank 2 [split 0.0s trisolve 0.0s schur 0.0s null 0.0s lift 0.0s rank 0.0s]
  per6 (13, 6, 4, 2, 1, 1) d9 p=2147483647: a=2 n_chi=7737 mult=2 units=0 [0.0s]
    hybrid[per6 13_6_4_2_1_1d9] p=2147483629 attempt 0: |S|=7735 |U|=2 (a=2, excess 0) m=66 blocks 1x2 projected nullity 2, verified=True, rank 2 [split 0.0s trisolve 0.0s schur 0.0s null 0.0s lift 0.0s rank 0.0s]
  per6 (13, 6, 4, 2, 1, 1) d9 p=2147483629: a=2 n_chi=7737 mult=2 units=0 [0.0s]
  PER6 RESULT (13, 6, 4, 2, 1, 1) d9: a=2 N_S=20070 n_chi=7737 mult=2 units=0 proved: mult = a at both primes (S_mu not in the ideal over Q) (11.7s, HWM 0.23 GB)

=== rank 20 ((13, 5, 5, 2, 1, 1), 9) N_S 22150 a 2 2026-09-08T23:45:16.035207
      level 1: 36 prefixes
      level 2: 423 prefixes
      level 3: 2650 prefixes
      level 4: 10032 prefixes
      level 5: 19467 prefixes
      level 6: 22085 prefixes
      level 7: 22150 prefixes
      level 8: 22150 prefixes
      level 9: 22150 prefixes
  lam=(13, 5, 5, 2, 1, 1): N_S=22150 |Stab|=4 n_chi=4277 (orbits dropped: 2699) [lean, 0s, HWM 0.23 GB]
    E_01: |H|=2 targets 13934 canonical rows 5335 nnz 25144 (obstructed fixed targets cancelled: 1174) [0s, HWM 0.23 GB]
    E_12: |H|=2 targets 20070 canonical rows 7731 nnz 24873 (obstructed fixed targets cancelled: 786) [0s, HWM 0.23 GB]
    E_23: |H|=2 targets 11002 canonical rows 4199 nnz 13804 (obstructed fixed targets cancelled: 447) [0s, HWM 0.23 GB]
    E_34: |H|=2 targets 10171 canonical rows 4833 nnz 8410 (obstructed fixed targets cancelled: 63) [0s, HWM 0.23 GB]
    E_45: |H|=2 targets 13563 canonical rows 0 nnz 0 (obstructed fixed targets cancelled: 81) [0s, HWM 0.23 GB]
  built (13, 5, 5, 2, 1, 1) d9: N_S=22150 |Stab|=4 n_chi=4277 rows=22098 nnz=72231 (0s: mono 0s orbits 0s rows 0s; HWM 0.23 GB)
    hybrid[per6 13_5_5_2_1_1d9] p=2147483647 attempt 0: |S|=4275 |U|=2 (a=2, excess 0) m=66 blocks 1x2 projected nullity 2, verified=True, rank 2 [split 0.0s trisolve 0.0s schur 0.0s null 0.0s lift 0.0s rank 0.0s]
  per6 (13, 5, 5, 2, 1, 1) d9 p=2147483647: a=2 n_chi=4277 mult=2 units=0 [0.0s]
    hybrid[per6 13_5_5_2_1_1d9] p=2147483629 attempt 0: |S|=4275 |U|=2 (a=2, excess 0) m=66 blocks 1x2 projected nullity 2, verified=True, rank 2 [split 0.0s trisolve 0.0s schur 0.0s null 0.0s lift 0.0s rank 0.0s]
  per6 (13, 5, 5, 2, 1, 1) d9 p=2147483629: a=2 n_chi=4277 mult=2 units=0 [0.0s]
  PER6 RESULT (13, 5, 5, 2, 1, 1) d9: a=2 N_S=22150 n_chi=4277 mult=2 units=0 proved: mult = a at both primes (S_mu not in the ideal over Q) (11.3s, HWM 0.23 GB)

=== rank 21 ((14, 5, 3, 2, 2, 1), 9) N_S 22185 a 2 2026-09-08T23:45:29.196804
      level 1: 41 prefixes
      level 2: 596 prefixes
      level 3: 4077 prefixes
      level 4: 13839 prefixes
      level 5: 21363 prefixes
      level 6: 22185 prefixes
      level 7: 22185 prefixes
      level 8: 22185 prefixes
      level 9: 22185 prefixes
  lam=(14, 5, 3, 2, 2, 1): N_S=22185 |Stab|=2 n_chi=12019 (orbits dropped: 0) [lean, 0s, HWM 0.23 GB]
    E_01: |H|=2 targets 13820 canonical rows 7523 nnz 36308 (obstructed fixed targets cancelled: 0) [0s, HWM 0.23 GB]
    E_12: |H|=2 targets 14750 canonical rows 8045 nnz 26396 (obstructed fixed targets cancelled: 0) [0s, HWM 0.23 GB]
    E_23: |H|=1 targets 13934 canonical rows 13934 nnz 36818 (obstructed fixed targets cancelled: 0) [0s, HWM 0.23 GB]
    E_34: |H|=1 targets 16627 canonical rows 16627 nnz 32332 (obstructed fixed targets cancelled: 0) [0s, HWM 0.23 GB]
    E_45: |H|=1 targets 10196 canonical rows 10196 nnz 22185 (obstructed fixed targets cancelled: 0) [0s, HWM 0.23 GB]
  built (14, 5, 3, 2, 2, 1) d9: N_S=22185 |Stab|=2 n_chi=12019 rows=56325 nnz=154039 (0s: mono 0s orbits 0s rows 0s; HWM 0.23 GB)
    hybrid[per6 14_5_3_2_2_1d9] p=2147483647 attempt 0: |S|=12016 |U|=3 (a=2, excess 1) m=67 blocks 1x3 projected nullity 2, verified=True, rank 2 [split 0.0s trisolve 0.0s schur 0.0s null 0.0s lift 0.0s rank 0.0s]
  per6 (14, 5, 3, 2, 2, 1) d9 p=2147483647: a=2 n_chi=12019 mult=2 units=0 [0.0s]
    hybrid[per6 14_5_3_2_2_1d9] p=2147483629 attempt 0: |S|=12016 |U|=3 (a=2, excess 1) m=67 blocks 1x3 projected nullity 2, verified=True, rank 2 [split 0.0s trisolve 0.0s schur 0.0s null 0.0s lift 0.0s rank 0.0s]
  per6 (14, 5, 3, 2, 2, 1) d9 p=2147483629: a=2 n_chi=12019 mult=2 units=0 [0.0s]
  PER6 RESULT (14, 5, 3, 2, 2, 1) d9: a=2 N_S=22185 n_chi=12019 mult=2 units=0 proved: mult = a at both primes (S_mu not in the ideal over Q) (11.3s, HWM 0.24 GB)

=== rank 22 ((9, 9, 6, 1, 1, 1), 9) N_S 23510 a 1 2026-09-08T23:45:42.517401
      level 1: 28 prefixes
      level 2: 254 prefixes
      level 3: 1276 prefixes
      level 4: 4070 prefixes
      level 5: 9332 prefixes
      level 6: 17143 prefixes
      level 7: 22589 prefixes
      level 8: 23510 prefixes
      level 9: 23510 prefixes
  lam=(9, 9, 6, 1, 1, 1): N_S=23510 |Stab|=12 n_chi=767 (orbits dropped: 2676) [lean, 0s, HWM 0.23 GB]
    E_01: |H|=6 targets 22487 canonical rows 1409 nnz 5536 (obstructed fixed targets cancelled: 2958) [0s, HWM 0.23 GB]
    E_12: |H|=6 targets 18287 canonical rows 1127 nnz 4525 (obstructed fixed targets cancelled: 2484) [0s, HWM 0.23 GB]
    E_23: |H|=4 targets 6602 canonical rows 1188 nnz 2246 (obstructed fixed targets cancelled: 20) [0s, HWM 0.23 GB]
    E_34: |H|=2 targets 14388 canonical rows 0 nnz 0 (obstructed fixed targets cancelled: 45) [0s, HWM 0.23 GB]
    E_45: |H|=2 targets 14388 canonical rows 0 nnz 0 (obstructed fixed targets cancelled: 45) [0s, HWM 0.23 GB]
  built (9, 9, 6, 1, 1, 1) d9: N_S=23510 |Stab|=12 n_chi=767 rows=3724 nnz=12307 (0s: mono 0s orbits 0s rows 0s; HWM 0.23 GB)
    hybrid[per6 9_9_6_1_1_1d9] p=2147483647 attempt 0: |S|=766 |U|=1 (a=1, excess 0) m=65 blocks 1x1 projected nullity 1, verified=True, rank 1 [split 0.0s trisolve 0.0s schur 0.0s null 0.0s lift 0.0s rank 0.0s]
  per6 (9, 9, 6, 1, 1, 1) d9 p=2147483647: a=1 n_chi=767 mult=1 units=0 [0.0s]
    hybrid[per6 9_9_6_1_1_1d9] p=2147483629 attempt 0: |S|=766 |U|=1 (a=1, excess 0) m=65 blocks 1x1 projected nullity 1, verified=True, rank 1 [split 0.0s trisolve 0.0s schur 0.0s null 0.0s lift 0.0s rank 0.0s]
  per6 (9, 9, 6, 1, 1, 1) d9 p=2147483629: a=1 n_chi=767 mult=1 units=0 [0.0s]
  PER6 RESULT (9, 9, 6, 1, 1, 1) d9: a=1 N_S=23510 n_chi=767 mult=1 units=0 proved: mult = a at both primes (S_mu not in the ideal over Q) (11.2s, HWM 0.23 GB)

=== rank 23 ((12, 8, 2, 2, 2, 1), 9) N_S 23692 a 2 2026-09-08T23:45:54.568182
      level 1: 39 prefixes
      level 2: 497 prefixes
      level 3: 2730 prefixes
      level 4: 8133 prefixes
      level 5: 17569 prefixes
      level 6: 23119 prefixes
      level 7: 23692 prefixes
      level 8: 23692 prefixes
      level 9: 23692 prefixes
  lam=(12, 8, 2, 2, 2, 1): N_S=23692 |Stab|=6 n_chi=5009 (orbits dropped: 0) [lean, 0s, HWM 0.23 GB]
    E_01: |H|=6 targets 19505 canonical rows 4137 nnz 18918 (obstructed fixed targets cancelled: 0) [0s, HWM 0.23 GB]
    E_12: |H|=2 targets 9633 canonical rows 5272 nnz 21042 (obstructed fixed targets cancelled: 0) [0s, HWM 0.23 GB]
    E_23: |H|=1 targets 17737 canonical rows 17737 nnz 34432 (obstructed fixed targets cancelled: 0) [0s, HWM 0.23 GB]
    E_34: |H|=1 targets 17737 canonical rows 17737 nnz 34432 (obstructed fixed targets cancelled: 0) [0s, HWM 0.23 GB]
    E_45: |H|=2 targets 10919 canonical rows 6030 nnz 12865 (obstructed fixed targets cancelled: 0) [0s, HWM 0.23 GB]
  built (12, 8, 2, 2, 2, 1) d9: N_S=23692 |Stab|=6 n_chi=5009 rows=50913 nnz=121689 (0s: mono 0s orbits 0s rows 0s; HWM 0.23 GB)
    hybrid[per6 12_8_2_2_2_1d9] p=2147483647 attempt 0: |S|=5006 |U|=3 (a=2, excess 1) m=67 blocks 1x3 projected nullity 2, verified=True, rank 2 [split 0.0s trisolve 0.0s schur 0.0s null 0.0s lift 0.0s rank 0.0s]
  per6 (12, 8, 2, 2, 2, 1) d9 p=2147483647: a=2 n_chi=5009 mult=2 units=0 [0.0s]
    hybrid[per6 12_8_2_2_2_1d9] p=2147483629 attempt 0: |S|=5006 |U|=3 (a=2, excess 1) m=67 blocks 1x3 projected nullity 2, verified=True, rank 2 [split 0.0s trisolve 0.0s schur 0.0s null 0.0s lift 0.0s rank 0.0s]
  per6 (12, 8, 2, 2, 2, 1) d9 p=2147483629: a=2 n_chi=5009 mult=2 units=0 [0.0s]
  PER6 RESULT (12, 8, 2, 2, 2, 1) d9: a=2 N_S=23692 n_chi=5009 mult=2 units=0 proved: mult = a at both primes (S_mu not in the ideal over Q) (11.4s, HWM 0.24 GB)

=== rank 24 ((13, 6, 3, 3, 1, 1), 9) N_S 24010 a 1 2026-09-08T23:46:08.246563
      level 1: 36 prefixes
      level 2: 479 prefixes
      level 3: 2995 prefixes
      level 4: 10927 prefixes
      level 5: 21124 prefixes
      level 6: 23943 prefixes
      level 7: 24010 prefixes
      level 8: 24010 prefixes
      level 9: 24010 prefixes
  lam=(13, 6, 3, 3, 1, 1): N_S=24010 |Stab|=4 n_chi=4572 (orbits dropped: 3183) [lean, 0s, HWM 0.23 GB]
    E_01: |H|=4 targets 16627 canonical rows 3143 nnz 14904 (obstructed fixed targets cancelled: 1522) [0s, HWM 0.23 GB]
    E_12: |H|=2 targets 14622 canonical rows 5605 nnz 19625 (obstructed fixed targets cancelled: 682) [0s, HWM 0.23 GB]
    E_23: |H|=2 targets 20070 canonical rows 7666 nnz 18080 (obstructed fixed targets cancelled: 488) [0s, HWM 0.23 GB]
    E_34: |H|=1 targets 9249 canonical rows 9211 nnz 18064 (obstructed fixed targets cancelled: 0) [0s, HWM 0.23 GB]
    E_45: |H|=2 targets 14666 canonical rows 0 nnz 0 (obstructed fixed targets cancelled: 112) [0s, HWM 0.23 GB]
  built (13, 6, 3, 3, 1, 1) d9: N_S=24010 |Stab|=4 n_chi=4572 rows=25625 nnz=70673 (0s: mono 0s orbits 0s rows 0s; HWM 0.23 GB)
    hybrid[per6 13_6_3_3_1_1d9] p=2147483647 attempt 0: |S|=4571 |U|=1 (a=1, excess 0) m=65 blocks 1x1 projected nullity 1, verified=True, rank 1 [split 0.0s trisolve 0.0s schur 0.0s null 0.0s lift 0.0s rank 0.0s]
  per6 (13, 6, 3, 3, 1, 1) d9 p=2147483647: a=1 n_chi=4572 mult=1 units=0 [0.0s]
    hybrid[per6 13_6_3_3_1_1d9] p=2147483629 attempt 0: |S|=4571 |U|=1 (a=1, excess 0) m=65 blocks 1x1 projected nullity 1, verified=True, rank 1 [split 0.0s trisolve 0.0s schur 0.0s null 0.0s lift 0.0s rank 0.0s]
  per6 (13, 6, 3, 3, 1, 1) d9 p=2147483629: a=1 n_chi=4572 mult=1 units=0 [0.0s]
  PER6 RESULT (13, 6, 3, 3, 1, 1) d9: a=1 N_S=24010 n_chi=4572 mult=1 units=0 proved: mult = a at both primes (S_mu not in the ideal over Q) (11.2s, HWM 0.23 GB)

=== rank 25 ((10, 7, 7, 1, 1, 1), 9) N_S 24040 a 1 2026-09-08T23:46:20.214739
      level 1: 27 prefixes
      level 2: 260 prefixes
      level 3: 1290 prefixes
      level 4: 4292 prefixes
      level 5: 10861 prefixes
      level 6: 19819 prefixes
      level 7: 23713 prefixes
      level 8: 24040 prefixes
      level 9: 24040 prefixes
  lam=(10, 7, 7, 1, 1, 1): N_S=24040 |Stab|=12 n_chi=792 (orbits dropped: 2741) [lean, 0s, HWM 0.23 GB]
    E_01: |H|=6 targets 19572 canonical rows 1217 nnz 5034 (obstructed fixed targets cancelled: 2820) [0s, HWM 0.23 GB]
    E_12: |H|=6 targets 22487 canonical rows 1409 nnz 5073 (obstructed fixed targets cancelled: 2511) [0s, HWM 0.23 GB]
    E_23: |H|=2 targets 6330 canonical rows 2241 nnz 4590 (obstructed fixed targets cancelled: 0) [0s, HWM 0.23 GB]
    E_34: |H|=2 targets 14701 canonical rows 0 nnz 0 (obstructed fixed targets cancelled: 54) [0s, HWM 0.23 GB]
    E_45: |H|=2 targets 14701 canonical rows 0 nnz 0 (obstructed fixed targets cancelled: 54) [0s, HWM 0.23 GB]
  built (10, 7, 7, 1, 1, 1) d9: N_S=24040 |Stab|=12 n_chi=792 rows=4867 nnz=14697 (0s: mono 0s orbits 0s rows 0s; HWM 0.23 GB)
    hybrid[per6 10_7_7_1_1_1d9] p=2147483647 attempt 0: |S|=791 |U|=1 (a=1, excess 0) m=65 blocks 1x1 projected nullity 1, verified=True, rank 1 [split 0.0s trisolve 0.0s schur 0.0s null 0.0s lift 0.0s rank 0.0s]
  per6 (10, 7, 7, 1, 1, 1) d9 p=2147483647: a=1 n_chi=792 mult=1 units=0 [0.0s]
    hybrid[per6 10_7_7_1_1_1d9] p=2147483629 attempt 0: |S|=791 |U|=1 (a=1, excess 0) m=65 blocks 1x1 projected nullity 1, verified=True, rank 1 [split 0.0s trisolve 0.0s schur 0.0s null 0.0s lift 0.0s rank 0.0s]
  per6 (10, 7, 7, 1, 1, 1) d9 p=2147483629: a=1 n_chi=792 mult=1 units=0 [0.0s]
  PER6 RESULT (10, 7, 7, 1, 1, 1) d9: a=1 N_S=24040 n_chi=792 mult=1 units=0 proved: mult = a at both primes (S_mu not in the ideal over Q) (11.2s, HWM 0.23 GB)

=== rank 26 ((14, 4, 4, 2, 2, 1), 9) N_S 25438 a 2 2026-09-08T23:46:32.272355
      level 1: 41 prefixes
      level 2: 606 prefixes
      level 3: 4475 prefixes
      level 4: 15763 prefixes
      level 5: 24482 prefixes
      level 6: 25438 prefixes
      level 7: 25438 prefixes
      level 8: 25438 prefixes
      level 9: 25438 prefixes
  lam=(14, 4, 4, 2, 2, 1): N_S=25438 |Stab|=4 n_chi=7140 (orbits dropped: 0) [lean, 0s, HWM 0.23 GB]
    E_01: |H|=2 targets 13820 canonical rows 7523 nnz 36308 (obstructed fixed targets cancelled: 0) [0s, HWM 0.23 GB]
    E_12: |H|=2 targets 22185 canonical rows 12019 nnz 35272 (obstructed fixed targets cancelled: 0) [0s, HWM 0.23 GB]
    E_23: |H|=1 targets 13934 canonical rows 13934 nnz 42245 (obstructed fixed targets cancelled: 0) [0s, HWM 0.23 GB]
    E_34: |H|=2 targets 19049 canonical rows 9787 nnz 18965 (obstructed fixed targets cancelled: 0) [0s, HWM 0.23 GB]
    E_45: |H|=2 targets 11678 canonical rows 6062 nnz 13080 (obstructed fixed targets cancelled: 0) [0s, HWM 0.23 GB]
  built (14, 4, 4, 2, 2, 1) d9: N_S=25438 |Stab|=4 n_chi=7140 rows=49325 nnz=145870 (0s: mono 0s orbits 0s rows 0s; HWM 0.23 GB)
    hybrid[per6 14_4_4_2_2_1d9] p=2147483647 attempt 0: |S|=7138 |U|=2 (a=2, excess 0) m=66 blocks 1x2 projected nullity 2, verified=True, rank 2 [split 0.0s trisolve 0.0s schur 0.0s null 0.0s lift 0.0s rank 0.0s]
  per6 (14, 4, 4, 2, 2, 1) d9 p=2147483647: a=2 n_chi=7140 mult=2 units=0 [0.0s]
    hybrid[per6 14_4_4_2_2_1d9] p=2147483629 attempt 0: |S|=7138 |U|=2 (a=2, excess 0) m=66 blocks 1x2 projected nullity 2, verified=True, rank 2 [split 0.0s trisolve 0.0s schur 0.0s null 0.0s lift 0.0s rank 0.0s]
  per6 (14, 4, 4, 2, 2, 1) d9 p=2147483629: a=2 n_chi=7140 mult=2 units=0 [0.0s]
  PER6 RESULT (14, 4, 4, 2, 2, 1) d9: a=2 N_S=25438 n_chi=7140 mult=2 units=0 proved: mult = a at both primes (S_mu not in the ideal over Q) (11.7s, HWM 0.24 GB)

=== rank 27 ((12, 7, 4, 2, 1, 1), 9) N_S 26125 a 3 2026-09-08T23:46:46.562135
      level 1: 35 prefixes
      level 2: 421 prefixes
      level 3: 2496 prefixes
      level 4: 8552 prefixes
      level 5: 19401 prefixes
      level 6: 25534 prefixes
      level 7: 26125 prefixes
      level 8: 26125 prefixes
      level 9: 26125 prefixes
  lam=(12, 7, 4, 2, 1, 1): N_S=26125 |Stab|=2 n_chi=10134 (orbits dropped: 5857) [lean, 0s, HWM 0.23 GB]
    E_01: |H|=2 targets 20070 canonical rows 7737 nnz 36667 (obstructed fixed targets cancelled: 1588) [0s, HWM 0.23 GB]
    E_12: |H|=2 targets 17737 canonical rows 6818 nnz 26561 (obstructed fixed targets cancelled: 946) [0s, HWM 0.23 GB]
    E_23: |H|=2 targets 14246 canonical rows 5470 nnz 16594 (obstructed fixed targets cancelled: 457) [0s, HWM 0.23 GB]
    E_34: |H|=1 targets 11976 canonical rows 11665 nnz 20268 (obstructed fixed targets cancelled: 0) [0s, HWM 0.23 GB]
    E_45: |H|=1 targets 15991 canonical rows 0 nnz 0 (obstructed fixed targets cancelled: 0) [0s, HWM 0.23 GB]
  built (12, 7, 4, 2, 1, 1) d9: N_S=26125 |Stab|=2 n_chi=10134 rows=31690 nnz=100090 (0s: mono 0s orbits 0s rows 0s; HWM 0.23 GB)
    hybrid[per6 12_7_4_2_1_1d9] p=2147483647 attempt 0: |S|=10130 |U|=4 (a=3, excess 1) m=68 blocks 1x4 projected nullity 3, verified=True, rank 3 [split 0.0s trisolve 0.0s schur 0.0s null 0.0s lift 0.0s rank 0.0s]
  per6 (12, 7, 4, 2, 1, 1) d9 p=2147483647: a=3 n_chi=10134 mult=3 units=0 [0.0s]
    hybrid[per6 12_7_4_2_1_1d9] p=2147483629 attempt 0: |S|=10130 |U|=4 (a=3, excess 1) m=68 blocks 1x4 projected nullity 3, verified=True, rank 3 [split 0.0s trisolve 0.0s schur 0.0s null 0.0s lift 0.0s rank 0.0s]
  per6 (12, 7, 4, 2, 1, 1) d9 p=2147483629: a=3 n_chi=10134 mult=3 units=0 [0.0s]
  PER6 RESULT (12, 7, 4, 2, 1, 1) d9: a=3 N_S=26125 n_chi=10134 mult=3 units=0 proved: mult = a at both primes (S_mu not in the ideal over Q) (11.3s, HWM 0.24 GB)

=== rank 28 ((11, 9, 2, 2, 2, 1), 9) N_S 26501 a 2 2026-09-08T23:47:00.820722
      level 1: 38 prefixes
      level 2: 470 prefixes
      level 3: 2580 prefixes
      level 4: 7436 prefixes
      level 5: 15911 prefixes
      level 6: 24329 prefixes
      level 7: 26441 prefixes
      level 8: 26501 prefixes
      level 9: 26501 prefixes
  lam=(11, 9, 2, 2, 2, 1): N_S=26501 |Stab|=6 n_chi=5579 (orbits dropped: 0) [lean, 0s, HWM 0.23 GB]
    E_01: |H|=6 targets 23692 canonical rows 5009 nnz 22498 (obstructed fixed targets cancelled: 0) [0s, HWM 0.23 GB]
    E_12: |H|=2 targets 10276 canonical rows 5621 nnz 23548 (obstructed fixed targets cancelled: 0) [0s, HWM 0.23 GB]
    E_23: |H|=1 targets 19829 canonical rows 19829 nnz 38580 (obstructed fixed targets cancelled: 0) [0s, HWM 0.23 GB]
    E_34: |H|=1 targets 19829 canonical rows 19829 nnz 38580 (obstructed fixed targets cancelled: 0) [0s, HWM 0.23 GB]
    E_45: |H|=2 targets 12183 canonical rows 6712 nnz 14368 (obstructed fixed targets cancelled: 0) [0s, HWM 0.23 GB]
  built (11, 9, 2, 2, 2, 1) d9: N_S=26501 |Stab|=6 n_chi=5579 rows=57000 nnz=137574 (0s: mono 0s orbits 0s rows 0s; HWM 0.23 GB)
    hybrid[per6 11_9_2_2_2_1d9] p=2147483647 attempt 0: |S|=5575 |U|=4 (a=2, excess 2) m=68 blocks 1x4 projected nullity 2, verified=True, rank 2 [split 0.0s trisolve 0.0s schur 0.0s null 0.0s lift 0.0s rank 0.0s]
  per6 (11, 9, 2, 2, 2, 1) d9 p=2147483647: a=2 n_chi=5579 mult=2 units=0 [0.0s]
    hybrid[per6 11_9_2_2_2_1d9] p=2147483629 attempt 0: |S|=5575 |U|=4 (a=2, excess 2) m=68 blocks 1x4 projected nullity 2, verified=True, rank 2 [split 0.0s trisolve 0.0s schur 0.0s null 0.0s lift 0.0s rank 0.0s]
  per6 (11, 9, 2, 2, 2, 1) d9 p=2147483629: a=2 n_chi=5579 mult=2 units=0 [0.1s]
  PER6 RESULT (11, 9, 2, 2, 2, 1) d9: a=2 N_S=26501 n_chi=5579 mult=2 units=0 proved: mult = a at both primes (S_mu not in the ideal over Q) (11.6s, HWM 0.24 GB)

=== rank 29 ((10, 10, 2, 2, 2, 1), 9) N_S 27535 a 1 2026-09-08T23:47:15.547461
      level 1: 38 prefixes
      level 2: 448 prefixes
      level 3: 2360 prefixes
      level 4: 6913 prefixes
      level 5: 13846 prefixes
      level 6: 22874 prefixes
      level 7: 27141 prefixes
      level 8: 27535 prefixes
      level 9: 27535 prefixes
  lam=(10, 10, 2, 2, 2, 1): N_S=27535 |Stab|=12 n_chi=2954 (orbits dropped: 0) [lean, 0s, HWM 0.23 GB]
    E_01: |H|=6 targets 26501 canonical rows 5579 nnz 24357 (obstructed fixed targets cancelled: 0) [0s, HWM 0.23 GB]
    E_12: |H|=2 targets 10276 canonical rows 5621 nnz 24464 (obstructed fixed targets cancelled: 0) [0s, HWM 0.23 GB]
    E_23: |H|=2 targets 20596 canonical rows 10370 nnz 20151 (obstructed fixed targets cancelled: 0) [0s, HWM 0.23 GB]
    E_34: |H|=2 targets 20596 canonical rows 10370 nnz 20151 (obstructed fixed targets cancelled: 0) [0s, HWM 0.23 GB]
    E_45: |H|=4 targets 12658 canonical rows 3558 nnz 7554 (obstructed fixed targets cancelled: 0) [0s, HWM 0.23 GB]
  built (10, 10, 2, 2, 2, 1) d9: N_S=27535 |Stab|=12 n_chi=2954 rows=35498 nnz=96677 (1s: mono 0s orbits 0s rows 0s; HWM 0.23 GB)
    hybrid[per6 10_10_2_2_2_1d9] p=2147483647 attempt 0: |S|=2952 |U|=2 (a=1, excess 1) m=66 blocks 1x2 projected nullity 1, verified=True, rank 1 [split 0.0s trisolve 0.0s schur 0.0s null 0.0s lift 0.0s rank 0.0s]
  per6 (10, 10, 2, 2, 2, 1) d9 p=2147483647: a=1 n_chi=2954 mult=1 units=0 [0.0s]
    hybrid[per6 10_10_2_2_2_1d9] p=2147483629 attempt 0: |S|=2952 |U|=2 (a=1, excess 1) m=66 blocks 1x2 projected nullity 1, verified=True, rank 1 [split 0.0s trisolve 0.0s schur 0.0s null 0.0s lift 0.0s rank 0.0s]
  per6 (10, 10, 2, 2, 2, 1) d9 p=2147483629: a=1 n_chi=2954 mult=1 units=0 [0.0s]
  PER6 RESULT (10, 10, 2, 2, 2, 1) d9: a=1 N_S=27535 n_chi=2954 mult=1 units=0 proved: mult = a at both primes (S_mu not in the ideal over Q) (11.5s, HWM 0.24 GB)

=== rank 30 ((14, 5, 2, 2, 2, 2), 9) N_S 29669 a 3 2026-09-08T23:47:29.179137
      level 1: 44 prefixes
      level 2: 725 prefixes
      level 3: 5255 prefixes
      level 4: 18350 prefixes
      level 5: 28558 prefixes
      level 6: 29669 prefixes
      level 7: 29669 prefixes
      level 8: 29669 prefixes
      level 9: 29669 prefixes
  lam=(14, 5, 2, 2, 2, 2): N_S=29669 |Stab|=24 n_chi=1993 (orbits dropped: 0) [lean, 0s, HWM 0.23 GB]
    E_01: |H|=24 targets 18440 canonical rows 1281 nnz 5597 (obstructed fixed targets cancelled: 0) [0s, HWM 0.23 GB]
    E_12: |H|=6 targets 14750 canonical rows 3158 nnz 10031 (obstructed fixed targets cancelled: 0) [0s, HWM 0.23 GB]
    E_23: |H|=2 targets 22185 canonical rows 12019 nnz 23197 (obstructed fixed targets cancelled: 0) [0s, HWM 0.23 GB]
    E_34: |H|=2 targets 22185 canonical rows 12019 nnz 23197 (obstructed fixed targets cancelled: 0) [0s, HWM 0.23 GB]
    E_45: |H|=2 targets 22185 canonical rows 12019 nnz 23197 (obstructed fixed targets cancelled: 0) [1s, HWM 0.23 GB]
  built (14, 5, 2, 2, 2, 2) d9: N_S=29669 |Stab|=24 n_chi=1993 rows=40496 nnz=85219 (1s: mono 0s orbits 0s rows 1s; HWM 0.23 GB)
    hybrid[per6 14_5_2_2_2_2d9] p=2147483647 attempt 0: |S|=1990 |U|=3 (a=3, excess 0) m=67 blocks 1x3 projected nullity 3, verified=True, rank 3 [split 0.0s trisolve 0.0s schur 0.0s null 0.0s lift 0.0s rank 0.0s]
  per6 (14, 5, 2, 2, 2, 2) d9 p=2147483647: a=3 n_chi=1993 mult=3 units=0 [0.0s]
    hybrid[per6 14_5_2_2_2_2d9] p=2147483629 attempt 0: |S|=1990 |U|=3 (a=3, excess 0) m=67 blocks 1x3 projected nullity 3, verified=True, rank 3 [split 0.0s trisolve 0.0s schur 0.0s null 0.0s lift 0.0s rank 0.0s]
  per6 (14, 5, 2, 2, 2, 2) d9 p=2147483629: a=3 n_chi=1993 mult=3 units=0 [0.0s]
  PER6 RESULT (14, 5, 2, 2, 2, 2) d9: a=3 N_S=29669 n_chi=1993 mult=3 units=0 proved: mult = a at both primes (S_mu not in the ideal over Q) (11.4s, HWM 0.24 GB)

=== rank 31 ((13, 5, 4, 3, 1, 1), 9) N_S 30467 a 2 2026-09-08T23:47:42.948855
      level 1: 36 prefixes
      level 2: 487 prefixes
      level 3: 3398 prefixes
      level 4: 13589 prefixes
      level 5: 26797 prefixes
      level 6: 30384 prefixes
      level 7: 30467 prefixes
      level 8: 30467 prefixes
      level 9: 30467 prefixes
  lam=(13, 5, 4, 3, 1, 1): N_S=30467 |Stab|=2 n_chi=11922 (orbits dropped: 6623) [lean, 0s, HWM 0.23 GB]
    E_01: |H|=2 targets 19049 canonical rows 7371 nnz 35754 (obstructed fixed targets cancelled: 1553) [0s, HWM 0.23 GB]
    E_12: |H|=2 targets 24010 canonical rows 9344 nnz 31554 (obstructed fixed targets cancelled: 897) [0s, HWM 0.23 GB]
    E_23: |H|=2 targets 22150 canonical rows 8587 nnz 26218 (obstructed fixed targets cancelled: 682) [0s, HWM 0.24 GB]
    E_34: |H|=1 targets 11663 canonical rows 11638 nnz 23844 (obstructed fixed targets cancelled: 0) [0s, HWM 0.24 GB]
    E_45: |H|=1 targets 18545 canonical rows 0 nnz 0 (obstructed fixed targets cancelled: 0) [0s, HWM 0.24 GB]
  built (13, 5, 4, 3, 1, 1) d9: N_S=30467 |Stab|=2 n_chi=11922 rows=36940 nnz=117370 (0s: mono 0s orbits 0s rows 0s; HWM 0.24 GB)
    hybrid[per6 13_5_4_3_1_1d9] p=2147483647 attempt 0: |S|=11917 |U|=5 (a=2, excess 3) m=69 blocks 1x5 projected nullity 2, verified=True, rank 2 [split 0.0s trisolve 0.0s schur 0.0s null 0.0s lift 0.0s rank 0.0s]
  per6 (13, 5, 4, 3, 1, 1) d9 p=2147483647: a=2 n_chi=11922 mult=2 units=0 [0.0s]
    hybrid[per6 13_5_4_3_1_1d9] p=2147483629 attempt 0: |S|=11917 |U|=5 (a=2, excess 3) m=69 blocks 1x5 projected nullity 2, verified=True, rank 2 [split 0.0s trisolve 0.0s schur 0.0s null 0.0s lift 0.0s rank 0.0s]
  per6 (13, 5, 4, 3, 1, 1) d9 p=2147483629: a=2 n_chi=11922 mult=2 units=0 [0.0s]
  PER6 RESULT (13, 5, 4, 3, 1, 1) d9: a=2 N_S=30467 n_chi=11922 mult=2 units=0 proved: mult = a at both primes (S_mu not in the ideal over Q) (11.3s, HWM 0.24 GB)

=== rank 32 ((11, 8, 4, 2, 1, 1), 9) N_S 31002 a 3 2026-09-08T23:47:57.545553
      level 1: 35 prefixes
      level 2: 411 prefixes
      level 3: 2376 prefixes
      level 4: 7852 prefixes
      level 5: 18428 prefixes
      level 6: 28573 prefixes
      level 7: 30941 prefixes
      level 8: 31002 prefixes
      level 9: 31002 prefixes
  lam=(11, 8, 4, 2, 1, 1): N_S=31002 |Stab|=2 n_chi=12064 (orbits dropped: 6874) [lean, 0s, HWM 0.23 GB]
    E_01: |H|=2 targets 26125 canonical rows 10134 nnz 47312 (obstructed fixed targets cancelled: 1918) [0s, HWM 0.23 GB]
    E_12: |H|=2 targets 19829 canonical rows 7646 nnz 31721 (obstructed fixed targets cancelled: 1164) [0s, HWM 0.23 GB]
    E_23: |H|=2 targets 16845 canonical rows 6489 nnz 19799 (obstructed fixed targets cancelled: 532) [0s, HWM 0.23 GB]
    E_34: |H|=1 targets 14166 canonical rows 13814 nnz 24128 (obstructed fixed targets cancelled: 0) [0s, HWM 0.23 GB]
    E_45: |H|=1 targets 18938 canonical rows 0 nnz 0 (obstructed fixed targets cancelled: 0) [0s, HWM 0.23 GB]
  built (11, 8, 4, 2, 1, 1) d9: N_S=31002 |Stab|=2 n_chi=12064 rows=38083 nnz=122960 (0s: mono 0s orbits 0s rows 0s; HWM 0.23 GB)
    hybrid[per6 11_8_4_2_1_1d9] p=2147483647 attempt 0: |S|=12059 |U|=5 (a=3, excess 2) m=69 blocks 1x5 projected nullity 3, verified=True, rank 3 [split 0.0s trisolve 0.0s schur 0.0s null 0.0s lift 0.0s rank 0.0s]
  per6 (11, 8, 4, 2, 1, 1) d9 p=2147483647: a=3 n_chi=12064 mult=3 units=0 [0.1s]
    hybrid[per6 11_8_4_2_1_1d9] p=2147483629 attempt 0: |S|=12059 |U|=5 (a=3, excess 2) m=69 blocks 1x5 projected nullity 3, verified=True, rank 3 [split 0.0s trisolve 0.0s schur 0.0s null 0.0s lift 0.0s rank 0.0s]
  per6 (11, 8, 4, 2, 1, 1) d9 p=2147483629: a=3 n_chi=12064 mult=3 units=0 [0.1s]
  PER6 RESULT (11, 8, 4, 2, 1, 1) d9: a=3 N_S=31002 n_chi=12064 mult=3 units=0 proved: mult = a at both primes (S_mu not in the ideal over Q) (11.4s, HWM 0.24 GB)

=== rank 33 ((12, 7, 3, 3, 1, 1), 9) N_S 31320 a 2 2026-09-08T23:48:13.291232
      level 1: 36 prefixes
      level 2: 458 prefixes
      level 3: 2896 prefixes
      level 4: 10171 prefixes
      level 5: 23284 prefixes
      level 6: 30638 prefixes
      level 7: 31320 prefixes
      level 8: 31320 prefixes
      level 9: 31320 prefixes
  lam=(12, 7, 3, 3, 1, 1): N_S=31320 |Stab|=4 n_chi=5997 (orbits dropped: 4052) [lean, 0s, HWM 0.23 GB]
    E_01: |H|=4 targets 24010 canonical rows 4572 nnz 21600 (obstructed fixed targets cancelled: 2062) [0s, HWM 0.23 GB]
    E_12: |H|=2 targets 17737 canonical rows 6816 nnz 25836 (obstructed fixed targets cancelled: 946) [0s, HWM 0.23 GB]
    E_23: |H|=2 targets 26125 canonical rows 10045 nnz 23905 (obstructed fixed targets cancelled: 613) [0s, HWM 0.23 GB]
    E_34: |H|=1 targets 11976 canonical rows 11938 nnz 23722 (obstructed fixed targets cancelled: 0) [0s, HWM 0.23 GB]
    E_45: |H|=2 targets 19063 canonical rows 0 nnz 0 (obstructed fixed targets cancelled: 133) [0s, HWM 0.23 GB]
  built (12, 7, 3, 3, 1, 1) d9: N_S=31320 |Stab|=4 n_chi=5997 rows=33371 nnz=95063 (0s: mono 0s orbits 0s rows 0s; HWM 0.23 GB)
    hybrid[per6 12_7_3_3_1_1d9] p=2147483647 attempt 0: |S|=5994 |U|=3 (a=2, excess 1) m=67 blocks 1x3 projected nullity 2, verified=True, rank 2 [split 0.0s trisolve 0.0s schur 0.0s null 0.0s lift 0.0s rank 0.0s]
  per6 (12, 7, 3, 3, 1, 1) d9 p=2147483647: a=2 n_chi=5997 mult=2 units=0 [0.0s]
    hybrid[per6 12_7_3_3_1_1d9] p=2147483629 attempt 0: |S|=5994 |U|=3 (a=2, excess 1) m=67 blocks 1x3 projected nullity 2, verified=True, rank 2 [split 0.0s trisolve 0.0s schur 0.0s null 0.0s lift 0.0s rank 0.0s]
  per6 (12, 7, 3, 3, 1, 1) d9 p=2147483629: a=2 n_chi=5997 mult=2 units=0 [0.0s]
  PER6 RESULT (12, 7, 3, 3, 1, 1) d9: a=2 N_S=31320 n_chi=5997 mult=2 units=0 proved: mult = a at both primes (S_mu not in the ideal over Q) (11.3s, HWM 0.24 GB)

=== rank 34 ((12, 6, 5, 2, 1, 1), 9) N_S 31444 a 3 2026-09-08T23:48:26.730241
      level 1: 35 prefixes
      level 2: 422 prefixes
      level 3: 2595 prefixes
      level 4: 9860 prefixes
      level 5: 23289 prefixes
      level 6: 30743 prefixes
      level 7: 31444 prefixes
      level 8: 31444 prefixes
      level 9: 31444 prefixes
  lam=(12, 6, 5, 2, 1, 1): N_S=31444 |Stab|=2 n_chi=12262 (orbits dropped: 6920) [lean, 0s, HWM 0.23 GB]
    E_01: |H|=2 targets 22150 canonical rows 8587 nnz 41076 (obstructed fixed targets cancelled: 1717) [0s, HWM 0.23 GB]
    E_12: |H|=2 targets 26125 canonical rows 10134 nnz 37309 (obstructed fixed targets cancelled: 1174) [0s, HWM 0.23 GB]
    E_23: |H|=2 targets 15479 canonical rows 5943 nnz 20058 (obstructed fixed targets cancelled: 617) [0s, HWM 0.23 GB]
    E_34: |H|=1 targets 14350 canonical rows 13994 nnz 24524 (obstructed fixed targets cancelled: 0) [0s, HWM 0.23 GB]
    E_45: |H|=1 targets 19182 canonical rows 0 nnz 0 (obstructed fixed targets cancelled: 0) [0s, HWM 0.23 GB]
  built (12, 6, 5, 2, 1, 1) d9: N_S=31444 |Stab|=2 n_chi=12262 rows=38658 nnz=122967 (0s: mono 0s orbits 0s rows 0s; HWM 0.23 GB)
    hybrid[per6 12_6_5_2_1_1d9] p=2147483647 attempt 0: |S|=12256 |U|=6 (a=3, excess 3) m=70 blocks 1x6 projected nullity 3, verified=True, rank 3 [split 0.0s trisolve 0.0s schur 0.0s null 0.0s lift 0.0s rank 0.0s]
  per6 (12, 6, 5, 2, 1, 1) d9 p=2147483647: a=3 n_chi=12262 mult=3 units=0 [0.1s]
    hybrid[per6 12_6_5_2_1_1d9] p=2147483629 attempt 0: |S|=12256 |U|=6 (a=3, excess 3) m=70 blocks 1x6 projected nullity 3, verified=True, rank 3 [split 0.0s trisolve 0.0s schur 0.0s null 0.0s lift 0.0s rank 0.0s]
  per6 (12, 6, 5, 2, 1, 1) d9 p=2147483629: a=3 n_chi=12262 mult=3 units=0 [0.1s]
  PER6 RESULT (12, 6, 5, 2, 1, 1) d9: a=3 N_S=31444 n_chi=12262 mult=3 units=0 proved: mult = a at both primes (S_mu not in the ideal over Q) (11.5s, HWM 0.24 GB)

=== rank 35 ((13, 6, 3, 2, 2, 1), 9) N_S 32105 a 4 2026-09-08T23:48:41.479473
      level 1: 40 prefixes
      level 2: 586 prefixes
      level 3: 3869 prefixes
      level 4: 14457 prefixes
      level 5: 28230 prefixes
      level 6: 32016 prefixes
      level 7: 32105 prefixes
      level 8: 32105 prefixes
      level 9: 32105 prefixes
  lam=(13, 6, 3, 2, 2, 1): N_S=32105 |Stab|=2 n_chi=17344 (orbits dropped: 0) [lean, 0s, HWM 0.23 GB]
    E_01: |H|=2 targets 22185 canonical rows 12019 nnz 58709 (obstructed fixed targets cancelled: 0) [0s, HWM 0.23 GB]
    E_12: |H|=2 targets 19505 canonical rows 10603 nnz 38321 (obstructed fixed targets cancelled: 0) [0s, HWM 0.23 GB]
    E_23: |H|=1 targets 20070 canonical rows 20070 nnz 53466 (obstructed fixed targets cancelled: 0) [0s, HWM 0.23 GB]
    E_34: |H|=1 targets 24010 canonical rows 24010 nnz 47024 (obstructed fixed targets cancelled: 0) [0s, HWM 0.23 GB]
    E_45: |H|=1 targets 14666 canonical rows 14666 nnz 32105 (obstructed fixed targets cancelled: 0) [0s, HWM 0.24 GB]
  built (13, 6, 3, 2, 2, 1) d9: N_S=32105 |Stab|=2 n_chi=17344 rows=81368 nnz=229625 (0s: mono 0s orbits 0s rows 0s; HWM 0.24 GB)
    hybrid[per6 13_6_3_2_2_1d9] p=2147483647 attempt 0: |S|=17338 |U|=6 (a=4, excess 2) m=70 blocks 1x6 projected nullity 4, verified=True, rank 4 [split 0.0s trisolve 0.0s schur 0.0s null 0.0s lift 0.0s rank 0.0s]
  per6 (13, 6, 3, 2, 2, 1) d9 p=2147483647: a=4 n_chi=17344 mult=4 units=0 [0.1s]
    hybrid[per6 13_6_3_2_2_1d9] p=2147483629 attempt 0: |S|=17338 |U|=6 (a=4, excess 2) m=70 blocks 1x6 projected nullity 4, verified=True, rank 4 [split 0.0s trisolve 0.0s schur 0.0s null 0.0s lift 0.0s rank 0.0s]
  per6 (13, 6, 3, 2, 2, 1) d9 p=2147483629: a=4 n_chi=17344 mult=4 units=0 [0.1s]
  PER6 RESULT (13, 6, 3, 2, 2, 1) d9: a=4 N_S=32105 n_chi=17344 mult=4 units=0 proved: mult = a at both primes (S_mu not in the ideal over Q) (11.4s, HWM 0.25 GB)

=== rank 36 ((10, 9, 4, 2, 1, 1), 9) N_S 33713 a 2 2026-09-08T23:48:57.925561
      level 1: 34 prefixes
      level 2: 395 prefixes
      level 3: 2213 prefixes
      level 4: 7295 prefixes
      level 5: 16333 prefixes
      level 6: 28083 prefixes
      level 7: 33289 prefixes
      level 8: 33713 prefixes
      level 9: 33713 prefixes
  lam=(10, 9, 4, 2, 1, 1): N_S=33713 |Stab|=2 n_chi=13141 (orbits dropped: 7431) [lean, 0s, HWM 0.23 GB]
    E_01: |H|=2 targets 31002 canonical rows 12064 nnz 54920 (obstructed fixed targets cancelled: 2111) [0s, HWM 0.24 GB]
    E_12: |H|=2 targets 20596 canonical rows 7938 nnz 34558 (obstructed fixed targets cancelled: 1333) [0s, HWM 0.24 GB]
    E_23: |H|=2 targets 18287 canonical rows 7056 nnz 21588 (obstructed fixed targets cancelled: 573) [0s, HWM 0.24 GB]
    E_34: |H|=1 targets 15382 canonical rows 15010 nnz 26282 (obstructed fixed targets cancelled: 0) [0s, HWM 0.24 GB]
    E_45: |H|=1 targets 20572 canonical rows 0 nnz 0 (obstructed fixed targets cancelled: 0) [0s, HWM 0.24 GB]
  built (10, 9, 4, 2, 1, 1) d9: N_S=33713 |Stab|=2 n_chi=13141 rows=42068 nnz=137348 (0s: mono 0s orbits 0s rows 0s; HWM 0.24 GB)
    hybrid[per6 10_9_4_2_1_1d9] p=2147483647 attempt 0: |S|=13136 |U|=5 (a=2, excess 3) m=69 blocks 1x5 projected nullity 2, verified=True, rank 2 [split 0.0s trisolve 0.0s schur 0.0s null 0.0s lift 0.0s rank 0.0s]
  per6 (10, 9, 4, 2, 1, 1) d9 p=2147483647: a=2 n_chi=13141 mult=2 units=0 [0.1s]
    hybrid[per6 10_9_4_2_1_1d9] p=2147483629 attempt 0: |S|=13136 |U|=5 (a=2, excess 3) m=69 blocks 1x5 projected nullity 2, verified=True, rank 2 [split 0.0s trisolve 0.0s schur 0.0s null 0.0s lift 0.0s rank 0.0s]
  per6 (10, 9, 4, 2, 1, 1) d9 p=2147483629: a=2 n_chi=13141 mult=2 units=0 [0.1s]
  PER6 RESULT (10, 9, 4, 2, 1, 1) d9: a=2 N_S=33713 n_chi=13141 mult=2 units=0 proved: mult = a at both primes (S_mu not in the ideal over Q) (11.3s, HWM 0.24 GB)

=== rank 37 ((11, 8, 3, 3, 1, 1), 9) N_S 37217 a 2 2026-09-08T23:49:11.758848
      level 1: 36 prefixes
      level 2: 445 prefixes
      level 3: 2731 prefixes
      level 4: 9338 prefixes
      level 5: 22135 prefixes
      level 6: 34356 prefixes
      level 7: 37149 prefixes
      level 8: 37217 prefixes
      level 9: 37217 prefixes
  lam=(11, 8, 3, 3, 1, 1): N_S=37217 |Stab|=4 n_chi=7151 (orbits dropped: 4751) [lean, 0s, HWM 0.23 GB]
    E_01: |H|=4 targets 31320 canonical rows 5997 nnz 27921 (obstructed fixed targets cancelled: 2516) [0s, HWM 0.24 GB]
    E_12: |H|=2 targets 19829 canonical rows 7644 nnz 30875 (obstructed fixed targets cancelled: 1164) [0s, HWM 0.24 GB]
    E_23: |H|=2 targets 31002 canonical rows 11962 nnz 28643 (obstructed fixed targets cancelled: 714) [0s, HWM 0.24 GB]
    E_34: |H|=1 targets 14166 canonical rows 14128 nnz 28298 (obstructed fixed targets cancelled: 0) [0s, HWM 0.24 GB]
    E_45: |H|=2 targets 22608 canonical rows 0 nnz 0 (obstructed fixed targets cancelled: 153) [0s, HWM 0.24 GB]
  built (11, 8, 3, 3, 1, 1) d9: N_S=37217 |Stab|=4 n_chi=7151 rows=39731 nnz=115737 (1s: mono 0s orbits 0s rows 0s; HWM 0.24 GB)
    hybrid[per6 11_8_3_3_1_1d9] p=2147483647 attempt 0: |S|=7148 |U|=3 (a=2, excess 1) m=67 blocks 1x3 projected nullity 2, verified=True, rank 2 [split 0.0s trisolve 0.0s schur 0.0s null 0.0s lift 0.0s rank 0.0s]
  per6 (11, 8, 3, 3, 1, 1) d9 p=2147483647: a=2 n_chi=7151 mult=2 units=0 [0.0s]
    hybrid[per6 11_8_3_3_1_1d9] p=2147483629 attempt 0: |S|=7148 |U|=3 (a=2, excess 1) m=67 blocks 1x3 projected nullity 2, verified=True, rank 2 [split 0.0s trisolve 0.0s schur 0.0s null 0.0s lift 0.0s rank 0.0s]
  per6 (11, 8, 3, 3, 1, 1) d9 p=2147483629: a=2 n_chi=7151 mult=2 units=0 [0.1s]
  PER6 RESULT (11, 8, 3, 3, 1, 1) d9: a=2 N_S=37217 n_chi=7151 mult=2 units=0 proved: mult = a at both primes (S_mu not in the ideal over Q) (11.6s, HWM 0.24 GB)

=== rank 38 ((11, 7, 5, 2, 1, 1), 9) N_S 40017 a 5 2026-09-08T23:49:26.327852
      level 1: 35 prefixes
      level 2: 413 prefixes
      level 3: 2495 prefixes
      level 4: 9205 prefixes
      level 5: 23459 prefixes
      level 6: 36931 prefixes
      level 7: 39944 prefixes
      level 8: 40017 prefixes
      level 9: 40017 prefixes
  lam=(11, 7, 5, 2, 1, 1): N_S=40017 |Stab|=2 n_chi=15705 (orbits dropped: 8607) [lean, 0s, HWM 0.23 GB]
    E_01: |H|=2 targets 31444 canonical rows 12262 nnz 58046 (obstructed fixed targets cancelled: 2275) [0s, HWM 0.24 GB]
    E_12: |H|=2 targets 31002 canonical rows 12064 nnz 48066 (obstructed fixed targets cancelled: 1588) [0s, HWM 0.24 GB]
    E_23: |H|=2 targets 19572 canonical rows 7565 nnz 25781 (obstructed fixed targets cancelled: 757) [0s, HWM 0.24 GB]
    E_34: |H|=1 targets 18166 canonical rows 17755 nnz 31410 (obstructed fixed targets cancelled: 0) [0s, HWM 0.24 GB]
    E_45: |H|=1 targets 24312 canonical rows 0 nnz 0 (obstructed fixed targets cancelled: 0) [0s, HWM 0.24 GB]
  built (11, 7, 5, 2, 1, 1) d9: N_S=40017 |Stab|=2 n_chi=15705 rows=49646 nnz=163303 (0s: mono 0s orbits 0s rows 0s; HWM 0.24 GB)
    hybrid[per6 11_7_5_2_1_1d9] p=2147483647 attempt 0: |S|=15696 |U|=9 (a=5, excess 4) m=73 blocks 1x9 projected nullity 5, verified=True, rank 5 [split 0.0s trisolve 0.0s schur 0.0s null 0.0s lift 0.0s rank 0.0s]
  per6 (11, 7, 5, 2, 1, 1) d9 p=2147483647: a=5 n_chi=15705 mult=5 units=0 [0.1s]
    hybrid[per6 11_7_5_2_1_1d9] p=2147483629 attempt 0: |S|=15696 |U|=9 (a=5, excess 4) m=73 blocks 1x9 projected nullity 5, verified=True, rank 5 [split 0.0s trisolve 0.0s schur 0.0s null 0.0s lift 0.0s rank 0.0s]
  per6 (11, 7, 5, 2, 1, 1) d9 p=2147483629: a=5 n_chi=15705 mult=5 units=0 [0.1s]
  PER6 RESULT (11, 7, 5, 2, 1, 1) d9: a=5 N_S=40017 n_chi=15705 mult=5 units=0 proved: mult = a at both primes (S_mu not in the ideal over Q) (11.2s, HWM 0.25 GB)

=== rank 39 ((10, 9, 3, 3, 1, 1), 9) N_S 40501 a 1 2026-09-08T23:49:45.684994
      level 1: 35 prefixes
      level 2: 433 prefixes
      level 3: 2520 prefixes
      level 4: 8623 prefixes
      level 5: 19614 prefixes
      level 6: 33795 prefixes
      level 7: 40011 prefixes
      level 8: 40501 prefixes
      level 9: 40501 prefixes
  lam=(10, 9, 3, 3, 1, 1): N_S=40501 |Stab|=4 n_chi=7794 (orbits dropped: 5135) [lean, 0s, HWM 0.24 GB]
    E_01: |H|=4 targets 37217 canonical rows 7151 nnz 32464 (obstructed fixed targets cancelled: 2778) [0s, HWM 0.24 GB]
    E_12: |H|=2 targets 20596 canonical rows 7938 nnz 33644 (obstructed fixed targets cancelled: 1333) [0s, HWM 0.24 GB]
    E_23: |H|=2 targets 33713 canonical rows 13031 nnz 31292 (obstructed fixed targets cancelled: 769) [0s, HWM 0.24 GB]
    E_34: |H|=1 targets 15382 canonical rows 15344 nnz 30852 (obstructed fixed targets cancelled: 0) [0s, HWM 0.24 GB]
    E_45: |H|=2 targets 24579 canonical rows 0 nnz 0 (obstructed fixed targets cancelled: 162) [0s, HWM 0.24 GB]
  built (10, 9, 3, 3, 1, 1) d9: N_S=40501 |Stab|=4 n_chi=7794 rows=43464 nnz=128252 (1s: mono 0s orbits 0s rows 0s; HWM 0.24 GB)
    hybrid[per6 10_9_3_3_1_1d9] p=2147483647 attempt 0: |S|=7791 |U|=3 (a=1, excess 2) m=67 blocks 1x3 projected nullity 1, verified=True, rank 1 [split 0.0s trisolve 0.0s schur 0.0s null 0.0s lift 0.0s rank 0.0s]
  per6 (10, 9, 3, 3, 1, 1) d9 p=2147483647: a=1 n_chi=7794 mult=1 units=0 [0.0s]
    hybrid[per6 10_9_3_3_1_1d9] p=2147483629 attempt 0: |S|=7791 |U|=3 (a=1, excess 2) m=67 blocks 1x3 projected nullity 1, verified=True, rank 1 [split 0.0s trisolve 0.0s schur 0.0s null 0.0s lift 0.0s rank 0.0s]
  per6 (10, 9, 3, 3, 1, 1) d9 p=2147483629: a=1 n_chi=7794 mult=1 units=0 [0.0s]
  PER6 RESULT (10, 9, 3, 3, 1, 1) d9: a=1 N_S=40501 n_chi=7794 mult=1 units=0 proved: mult = a at both primes (S_mu not in the ideal over Q) (11.8s, HWM 0.24 GB)

=== rank 40 ((14, 4, 3, 2, 2, 2), 9) N_S 40731 a 1 2026-09-08T23:49:58.774599
      level 1: 45 prefixes
      level 2: 800 prefixes
      level 3: 6653 prefixes
      level 4: 24881 prefixes
      level 5: 39198 prefixes
      level 6: 40731 prefixes
      level 7: 40731 prefixes
      level 8: 40731 prefixes
      level 9: 40731 prefixes
  lam=(14, 4, 3, 2, 2, 2): N_S=40731 |Stab|=6 n_chi=8467 (orbits dropped: 0) [lean, 0s, HWM 0.24 GB]
    E_01: |H|=6 targets 21976 canonical rows 4632 nnz 21980 (obstructed fixed targets cancelled: 0) [0s, HWM 0.24 GB]
    E_12: |H|=6 targets 29669 canonical rows 6238 nnz 18389 (obstructed fixed targets cancelled: 0) [0s, HWM 0.24 GB]
    E_23: |H|=2 targets 25438 canonical rows 13782 nnz 36308 (obstructed fixed targets cancelled: 0) [0s, HWM 0.24 GB]
    E_34: |H|=1 targets 30425 canonical rows 30425 nnz 59898 (obstructed fixed targets cancelled: 0) [0s, HWM 0.24 GB]
    E_45: |H|=1 targets 30425 canonical rows 30425 nnz 59898 (obstructed fixed targets cancelled: 0) [1s, HWM 0.24 GB]
  built (14, 4, 3, 2, 2, 2) d9: N_S=40731 |Stab|=6 n_chi=8467 rows=85502 nnz=196473 (1s: mono 0s orbits 0s rows 1s; HWM 0.24 GB)
    hybrid[per6 14_4_3_2_2_2d9] p=2147483647 attempt 0: |S|=8464 |U|=3 (a=1, excess 2) m=67 blocks 1x3 projected nullity 1, verified=True, rank 1 [split 0.0s trisolve 0.0s schur 0.0s null 0.0s lift 0.0s rank 0.0s]
  per6 (14, 4, 3, 2, 2, 2) d9 p=2147483647: a=1 n_chi=8467 mult=1 units=0 [0.1s]
    hybrid[per6 14_4_3_2_2_2d9] p=2147483629 attempt 0: |S|=8464 |U|=3 (a=1, excess 2) m=67 blocks 1x3 projected nullity 1, verified=True, rank 1 [split 0.0s trisolve 0.0s schur 0.0s null 0.0s lift 0.0s rank 0.0s]
  per6 (14, 4, 3, 2, 2, 2) d9 p=2147483629: a=1 n_chi=8467 mult=1 units=0 [0.1s]
  PER6 RESULT (14, 4, 3, 2, 2, 2) d9: a=1 N_S=40731 n_chi=8467 mult=1 units=0 proved: mult = a at both primes (S_mu not in the ideal over Q) (11.7s, HWM 0.24 GB)

=== rank 41 ((13, 5, 4, 2, 2, 1), 9) N_S 40794 a 4 2026-09-08T23:50:11.733510
      level 1: 40 prefixes
      level 2: 594 prefixes
      level 3: 4379 prefixes
      level 4: 17986 prefixes
      level 5: 35855 prefixes
      level 6: 40683 prefixes
      level 7: 40794 prefixes
      level 8: 40794 prefixes
      level 9: 40794 prefixes
  lam=(13, 5, 4, 2, 2, 1): N_S=40794 |Stab|=2 n_chi=21990 (orbits dropped: 0) [lean, 0s, HWM 0.23 GB]
    E_01: |H|=2 targets 25438 canonical rows 13782 nnz 67617 (obstructed fixed targets cancelled: 0) [0s, HWM 0.24 GB]
    E_12: |H|=2 targets 32105 canonical rows 17344 nnz 58709 (obstructed fixed targets cancelled: 0) [0s, HWM 0.24 GB]
    E_23: |H|=1 targets 22150 canonical rows 22150 nnz 68141 (obstructed fixed targets cancelled: 0) [0s, HWM 0.24 GB]
    E_34: |H|=1 targets 30467 canonical rows 30467 nnz 60009 (obstructed fixed targets cancelled: 0) [0s, HWM 0.24 GB]
    E_45: |H|=1 targets 18545 canonical rows 18545 nnz 40794 (obstructed fixed targets cancelled: 0) [0s, HWM 0.24 GB]
  built (13, 5, 4, 2, 2, 1) d9: N_S=40794 |Stab|=2 n_chi=21990 rows=102288 nnz=295270 (1s: mono 0s orbits 0s rows 0s; HWM 0.24 GB)
    hybrid[per6 13_5_4_2_2_1d9] p=2147483647 attempt 0: |S|=21981 |U|=9 (a=4, excess 5) m=73 blocks 1x9 projected nullity 4, verified=True, rank 4 [split 0.0s trisolve 0.0s schur 0.0s null 0.0s lift 0.0s rank 0.0s]
  per6 (13, 5, 4, 2, 2, 1) d9 p=2147483647: a=4 n_chi=21990 mult=4 units=0 [0.1s]
    hybrid[per6 13_5_4_2_2_1d9] p=2147483629 attempt 0: |S|=21981 |U|=9 (a=4, excess 5) m=73 blocks 1x9 projected nullity 4, verified=True, rank 4 [split 0.0s trisolve 0.0s schur 0.0s null 0.0s lift 0.0s rank 0.0s]
  per6 (13, 5, 4, 2, 2, 1) d9 p=2147483629: a=4 n_chi=21990 mult=4 units=0 [0.1s]
  PER6 RESULT (13, 5, 4, 2, 2, 1) d9: a=4 N_S=40794 n_chi=21990 mult=4 units=0 proved: mult = a at both primes (S_mu not in the ideal over Q) (11.9s, HWM 0.26 GB)

=== rank 42 ((12, 7, 3, 2, 2, 1), 9) N_S 41948 a 5 2026-09-08T23:50:32.259281
      level 1: 40 prefixes
      level 2: 563 prefixes
      level 3: 3751 prefixes
      level 4: 13467 prefixes
      level 5: 31140 prefixes
      level 6: 41043 prefixes
      level 7: 41948 prefixes
      level 8: 41948 prefixes
      level 9: 41948 prefixes
  lam=(12, 7, 3, 2, 2, 1): N_S=41948 |Stab|=2 n_chi=22604 (orbits dropped: 0) [lean, 0s, HWM 0.24 GB]
    E_01: |H|=2 targets 32105 canonical rows 17344 nnz 84414 (obstructed fixed targets cancelled: 0) [0s, HWM 0.24 GB]
    E_12: |H|=2 targets 23692 canonical rows 12865 nnz 50200 (obstructed fixed targets cancelled: 0) [0s, HWM 0.24 GB]
    E_23: |H|=1 targets 26125 canonical rows 26125 nnz 70068 (obstructed fixed targets cancelled: 0) [0s, HWM 0.24 GB]
    E_34: |H|=1 targets 31320 canonical rows 31320 nnz 61697 (obstructed fixed targets cancelled: 0) [0s, HWM 0.24 GB]
    E_45: |H|=1 targets 19063 canonical rows 19063 nnz 41948 (obstructed fixed targets cancelled: 0) [0s, HWM 0.24 GB]
  built (12, 7, 3, 2, 2, 1) d9: N_S=41948 |Stab|=2 n_chi=22604 rows=106717 nnz=308327 (1s: mono 0s orbits 0s rows 0s; HWM 0.24 GB)
    hybrid[per6 12_7_3_2_2_1d9] p=2147483647 attempt 0: |S|=22597 |U|=7 (a=5, excess 2) m=71 blocks 1x7 projected nullity 5, verified=True, rank 5 [split 0.0s trisolve 0.0s schur 0.0s null 0.0s lift 0.0s rank 0.0s]
  per6 (12, 7, 3, 2, 2, 1) d9 p=2147483647: a=5 n_chi=22604 mult=5 units=0 [0.1s]
    hybrid[per6 12_7_3_2_2_1d9] p=2147483629 attempt 0: |S|=22597 |U|=7 (a=5, excess 2) m=71 blocks 1x7 projected nullity 5, verified=True, rank 5 [split 0.0s trisolve 0.0s schur 0.0s null 0.0s lift 0.0s rank 0.0s]
  per6 (12, 7, 3, 2, 2, 1) d9 p=2147483629: a=5 n_chi=22604 mult=5 units=0 [0.1s]
  PER6 RESULT (12, 7, 3, 2, 2, 1) d9: a=5 N_S=41948 n_chi=22604 mult=5 units=0 proved: mult = a at both primes (S_mu not in the ideal over Q) (11.6s, HWM 0.26 GB)

=== rank 43 ((13, 6, 2, 2, 2, 2), 9) N_S 43026 a 4 2026-09-08T23:50:52.641721
      level 1: 44 prefixes
      level 2: 708 prefixes
      level 3: 4992 prefixes
      level 4: 19154 prefixes
      level 5: 37794 prefixes
      level 6: 42904 prefixes
      level 7: 43026 prefixes
      level 8: 43026 prefixes
      level 9: 43026 prefixes
  lam=(13, 6, 2, 2, 2, 2): N_S=43026 |Stab|=24 n_chi=2844 (orbits dropped: 0) [lean, 0s, HWM 0.24 GB]
    E_01: |H|=24 targets 29669 canonical rows 1993 nnz 8899 (obstructed fixed targets cancelled: 0) [0s, HWM 0.24 GB]
    E_12: |H|=6 targets 19505 canonical rows 4137 nnz 14497 (obstructed fixed targets cancelled: 0) [0s, HWM 0.24 GB]
    E_23: |H|=2 targets 32105 canonical rows 17344 nnz 33730 (obstructed fixed targets cancelled: 0) [1s, HWM 0.24 GB]
    E_34: |H|=2 targets 32105 canonical rows 17344 nnz 33730 (obstructed fixed targets cancelled: 0) [1s, HWM 0.24 GB]
    E_45: |H|=2 targets 32105 canonical rows 17344 nnz 33730 (obstructed fixed targets cancelled: 0) [1s, HWM 0.24 GB]
  built (13, 6, 2, 2, 2, 2) d9: N_S=43026 |Stab|=24 n_chi=2844 rows=58162 nnz=124586 (1s: mono 0s orbits 0s rows 1s; HWM 0.24 GB)
    hybrid[per6 13_6_2_2_2_2d9] p=2147483647 attempt 0: |S|=2839 |U|=5 (a=4, excess 1) m=69 blocks 1x5 projected nullity 4, verified=True, rank 4 [split 0.0s trisolve 0.0s schur 0.0s null 0.0s lift 0.0s rank 0.0s]
  per6 (13, 6, 2, 2, 2, 2) d9 p=2147483647: a=4 n_chi=2844 mult=4 units=0 [0.1s]
    hybrid[per6 13_6_2_2_2_2d9] p=2147483629 attempt 0: |S|=2839 |U|=5 (a=4, excess 1) m=69 blocks 1x5 projected nullity 4, verified=True, rank 4 [split 0.0s trisolve 0.0s schur 0.0s null 0.0s lift 0.0s rank 0.0s]
  per6 (13, 6, 2, 2, 2, 2) d9 p=2147483629: a=4 n_chi=2844 mult=4 units=0 [0.1s]
  PER6 RESULT (13, 6, 2, 2, 2, 2) d9: a=4 N_S=43026 n_chi=2844 mult=4 units=0 proved: mult = a at both primes (S_mu not in the ideal over Q) (12.5s, HWM 0.24 GB)

=== rank 44 ((12, 6, 4, 3, 1, 1), 9) N_S 43445 a 3 2026-09-08T23:51:10.156429
      level 1: 36 prefixes
      level 2: 479 prefixes
      level 3: 3319 prefixes
      level 4: 13351 prefixes
      level 5: 32189 prefixes
      level 6: 42525 prefixes
      level 7: 43445 prefixes
      level 8: 43445 prefixes
      level 9: 43445 prefixes
  lam=(12, 6, 4, 3, 1, 1): N_S=43445 |Stab|=2 n_chi=17100 (orbits dropped: 9245) [lean, 0s, HWM 0.24 GB]
    E_01: |H|=2 targets 30467 canonical rows 11922 nnz 57916 (obstructed fixed targets cancelled: 2289) [0s, HWM 0.24 GB]
    E_12: |H|=2 targets 31320 canonical rows 12257 nnz 45588 (obstructed fixed targets cancelled: 1351) [0s, HWM 0.24 GB]
    E_23: |H|=2 targets 31444 canonical rows 12262 nnz 37866 (obstructed fixed targets cancelled: 946) [0s, HWM 0.24 GB]
    E_34: |H|=1 targets 16489 canonical rows 16465 nnz 34200 (obstructed fixed targets cancelled: 0) [0s, HWM 0.24 GB]
    E_45: |H|=1 targets 26345 canonical rows 0 nnz 0 (obstructed fixed targets cancelled: 0) [0s, HWM 0.24 GB]
  built (12, 6, 4, 3, 1, 1) d9: N_S=43445 |Stab|=2 n_chi=17100 rows=52906 nnz=175570 (1s: mono 0s orbits 0s rows 0s; HWM 0.24 GB)
    hybrid[per6 12_6_4_3_1_1d9] p=2147483647 attempt 0: |S|=17091 |U|=9 (a=3, excess 6) m=73 blocks 1x9 projected nullity 3, verified=True, rank 3 [split 0.0s trisolve 0.0s schur 0.0s null 0.0s lift 0.0s rank 0.0s]
  per6 (12, 6, 4, 3, 1, 1) d9 p=2147483647: a=3 n_chi=17100 mult=3 units=0 [0.1s]
    hybrid[per6 12_6_4_3_1_1d9] p=2147483629 attempt 0: |S|=17091 |U|=9 (a=3, excess 6) m=73 blocks 1x9 projected nullity 3, verified=True, rank 3 [split 0.0s trisolve 0.0s schur 0.0s null 0.0s lift 0.0s rank 0.0s]
  per6 (12, 6, 4, 3, 1, 1) d9 p=2147483629: a=3 n_chi=17100 mult=3 units=0 [0.1s]
  PER6 RESULT (12, 6, 4, 3, 1, 1) d9: a=3 N_S=43445 n_chi=17100 mult=3 units=0 proved: mult = a at both primes (S_mu not in the ideal over Q) (11.5s, HWM 0.25 GB)

=== rank 45 ((11, 6, 6, 2, 1, 1), 9) N_S 43611 a 1 2026-09-08T23:51:27.676801
      level 1: 32 prefixes
      level 2: 397 prefixes
      level 3: 2421 prefixes
      level 4: 9366 prefixes
      level 5: 25253 prefixes
      level 6: 40227 prefixes
      level 7: 43530 prefixes
      level 8: 43611 prefixes
      level 9: 43611 prefixes
  lam=(11, 6, 6, 2, 1, 1): N_S=43611 |Stab|=4 n_chi=8575 (orbits dropped: 4921) [lean, 0s, HWM 0.24 GB]
    E_01: |H|=2 targets 31444 canonical rows 12262 nnz 57775 (obstructed fixed targets cancelled: 2275) [0s, HWM 0.24 GB]
    E_12: |H|=2 targets 40017 canonical rows 15696 nnz 57726 (obstructed fixed targets cancelled: 1646) [0s, HWM 0.24 GB]
    E_23: |H|=2 targets 19572 canonical rows 7565 nnz 27894 (obstructed fixed targets cancelled: 894) [0s, HWM 0.24 GB]
    E_34: |H|=2 targets 19777 canonical rows 9783 nnz 17150 (obstructed fixed targets cancelled: 0) [0s, HWM 0.24 GB]
    E_45: |H|=2 targets 26493 canonical rows 0 nnz 0 (obstructed fixed targets cancelled: 0) [0s, HWM 0.24 GB]
  built (11, 6, 6, 2, 1, 1) d9: N_S=43611 |Stab|=4 n_chi=8575 rows=45306 nnz=160545 (1s: mono 0s orbits 0s rows 0s; HWM 0.24 GB)
    hybrid[per6 11_6_6_2_1_1d9] p=2147483647 attempt 0: |S|=8573 |U|=2 (a=1, excess 1) m=66 blocks 1x2 projected nullity 1, verified=True, rank 1 [split 0.0s trisolve 0.0s schur 0.0s null 0.0s lift 0.0s rank 0.0s]
  per6 (11, 6, 6, 2, 1, 1) d9 p=2147483647: a=1 n_chi=8575 mult=1 units=0 [0.1s]
    hybrid[per6 11_6_6_2_1_1d9] p=2147483629 attempt 0: |S|=8573 |U|=2 (a=1, excess 1) m=66 blocks 1x2 projected nullity 1, verified=True, rank 1 [split 0.0s trisolve 0.0s schur 0.0s null 0.0s lift 0.0s rank 0.0s]
  per6 (11, 6, 6, 2, 1, 1) d9 p=2147483629: a=1 n_chi=8575 mult=1 units=0 [0.0s]
  PER6 RESULT (11, 6, 6, 2, 1, 1) d9: a=1 N_S=43611 n_chi=8575 mult=1 units=0 proved: mult = a at both primes (S_mu not in the ideal over Q) (11.7s, HWM 0.24 GB)

=== rank 46 ((10, 8, 5, 2, 1, 1), 9) N_S 46138 a 4 2026-09-08T23:51:41.908342
      level 1: 34 prefixes
      level 2: 397 prefixes
      level 3: 2382 prefixes
      level 4: 8647 prefixes
      level 5: 21454 prefixes
      level 6: 38379 prefixes
      level 7: 45589 prefixes
      level 8: 46138 prefixes
      level 9: 46138 prefixes
  lam=(10, 8, 5, 2, 1, 1): N_S=46138 |Stab|=2 n_chi=18141 (orbits dropped: 9856) [lean, 0s, HWM 0.24 GB]
    E_01: |H|=2 targets 40017 canonical rows 15705 nnz 72626 (obstructed fixed targets cancelled: 2645) [0s, HWM 0.24 GB]
    E_12: |H|=2 targets 33713 canonical rows 13141 nnz 55698 (obstructed fixed targets cancelled: 1918) [0s, HWM 0.24 GB]
    E_23: |H|=2 targets 22487 canonical rows 8708 nnz 29838 (obstructed fixed targets cancelled: 865) [0s, HWM 0.24 GB]
    E_34: |H|=1 targets 20894 canonical rows 20429 nnz 36282 (obstructed fixed targets cancelled: 0) [0s, HWM 0.24 GB]
    E_45: |H|=1 targets 27997 canonical rows 0 nnz 0 (obstructed fixed targets cancelled: 0) [0s, HWM 0.24 GB]
  built (10, 8, 5, 2, 1, 1) d9: N_S=46138 |Stab|=2 n_chi=18141 rows=57983 nnz=194444 (1s: mono 0s orbits 0s rows 0s; HWM 0.24 GB)
    hybrid[per6 10_8_5_2_1_1d9] p=2147483647 attempt 0: |S|=18132 |U|=9 (a=4, excess 5) m=73 blocks 1x9 projected nullity 4, verified=True, rank 4 [split 0.0s trisolve 0.0s schur 0.0s null 0.0s lift 0.0s rank 0.0s]
  per6 (10, 8, 5, 2, 1, 1) d9 p=2147483647: a=4 n_chi=18141 mult=4 units=0 [0.1s]
    hybrid[per6 10_8_5_2_1_1d9] p=2147483629 attempt 0: |S|=18132 |U|=9 (a=4, excess 5) m=73 blocks 1x9 projected nullity 4, verified=True, rank 4 [split 0.0s trisolve 0.0s schur 0.0s null 0.0s lift 0.0s rank 0.0s]
  per6 (10, 8, 5, 2, 1, 1) d9 p=2147483629: a=4 n_chi=18141 mult=4 units=0 [0.1s]
  PER6 RESULT (10, 8, 5, 2, 1, 1) d9: a=4 N_S=46138 n_chi=18141 mult=4 units=0 proved: mult = a at both primes (S_mu not in the ideal over Q) (11.6s, HWM 0.25 GB)

=== rank 47 ((12, 5, 5, 3, 1, 1), 9) N_S 48161 a 4 2026-09-08T23:52:01.683458
      level 1: 33 prefixes
      level 2: 466 prefixes
      level 3: 3291 prefixes
      level 4: 14323 prefixes
      level 5: 35606 prefixes
      level 6: 47153 prefixes
      level 7: 48161 prefixes
      level 8: 48161 prefixes
      level 9: 48161 prefixes
  lam=(12, 5, 5, 3, 1, 1): N_S=48161 |Stab|=4 n_chi=9472 (orbits dropped: 5412) [lean, 0s, HWM 0.24 GB]
    E_01: |H|=2 targets 30467 canonical rows 11922 nnz 57448 (obstructed fixed targets cancelled: 2289) [0s, HWM 0.24 GB]
    E_12: |H|=2 targets 43445 canonical rows 17088 nnz 56801 (obstructed fixed targets cancelled: 1553) [0s, HWM 0.24 GB]
    E_23: |H|=2 targets 31444 canonical rows 12259 nnz 41651 (obstructed fixed targets cancelled: 1174) [0s, HWM 0.24 GB]
    E_34: |H|=2 targets 18195 canonical rows 8870 nnz 18657 (obstructed fixed targets cancelled: 159) [0s, HWM 0.24 GB]
    E_45: |H|=2 targets 29120 canonical rows 0 nnz 0 (obstructed fixed targets cancelled: 122) [1s, HWM 0.24 GB]
  built (12, 5, 5, 3, 1, 1) d9: N_S=48161 |Stab|=4 n_chi=9472 rows=50139 nnz=174557 (1s: mono 0s orbits 0s rows 1s; HWM 0.24 GB)
    hybrid[per6 12_5_5_3_1_1d9] p=2147483647 attempt 0: |S|=9466 |U|=6 (a=4, excess 2) m=70 blocks 1x6 projected nullity 4, verified=True, rank 4 [split 0.0s trisolve 0.0s schur 0.0s null 0.0s lift 0.0s rank 0.0s]
  per6 (12, 5, 5, 3, 1, 1) d9 p=2147483647: a=4 n_chi=9472 mult=4 units=0 [0.1s]
    hybrid[per6 12_5_5_3_1_1d9] p=2147483629 attempt 0: |S|=9466 |U|=6 (a=4, excess 2) m=70 blocks 1x6 projected nullity 4, verified=True, rank 4 [split 0.0s trisolve 0.0s schur 0.0s null 0.0s lift 0.0s rank 0.0s]
  per6 (12, 5, 5, 3, 1, 1) d9 p=2147483629: a=4 n_chi=9472 mult=4 units=0 [0.1s]
  PER6 RESULT (12, 5, 5, 3, 1, 1) d9: a=4 N_S=48161 n_chi=9472 mult=4 units=0 proved: mult = a at both primes (S_mu not in the ideal over Q) (12.1s, HWM 0.24 GB)

=== rank 48 ((9, 9, 5, 2, 1, 1), 9) N_S 48298 a 2 2026-09-08T23:52:24.608441
      level 1: 33 prefixes
      level 2: 374 prefixes
      level 3: 2207 prefixes
      level 4: 7847 prefixes
      level 5: 19001 prefixes
      level 6: 35349 prefixes
      level 7: 46533 prefixes
      level 8: 48298 prefixes
      level 9: 48298 prefixes
  lam=(9, 9, 5, 2, 1, 1): N_S=48298 |Stab|=4 n_chi=9517 (orbits dropped: 5274) [lean, 0s, HWM 0.24 GB]
    E_01: |H|=2 targets 46138 canonical rows 18139 nnz 80206 (obstructed fixed targets cancelled: 2805) [0s, HWM 0.24 GB]
    E_12: |H|=2 targets 33713 canonical rows 13141 nnz 58162 (obstructed fixed targets cancelled: 2111) [0s, HWM 0.24 GB]
    E_23: |H|=4 targets 23510 canonical rows 4562 nnz 15606 (obstructed fixed targets cancelled: 932) [0s, HWM 0.24 GB]
    E_34: |H|=2 targets 21846 canonical rows 10599 nnz 18889 (obstructed fixed targets cancelled: 57) [0s, HWM 0.24 GB]
    E_45: |H|=2 targets 29273 canonical rows 0 nnz 0 (obstructed fixed targets cancelled: 88) [0s, HWM 0.24 GB]
  built (9, 9, 5, 2, 1, 1) d9: N_S=48298 |Stab|=4 n_chi=9517 rows=46441 nnz=172863 (1s: mono 0s orbits 0s rows 0s; HWM 0.24 GB)
    hybrid[per6 9_9_5_2_1_1d9] p=2147483647 attempt 0: |S|=9510 |U|=7 (a=2, excess 5) m=71 blocks 1x7 projected nullity 2, verified=True, rank 2 [split 0.0s trisolve 0.0s schur 0.0s null 0.0s lift 0.0s rank 0.0s]
  per6 (9, 9, 5, 2, 1, 1) d9 p=2147483647: a=2 n_chi=9517 mult=2 units=0 [0.1s]
    hybrid[per6 9_9_5_2_1_1d9] p=2147483629 attempt 0: |S|=9510 |U|=7 (a=2, excess 5) m=71 blocks 1x7 projected nullity 2, verified=True, rank 2 [split 0.0s trisolve 0.0s schur 0.0s null 0.0s lift 0.0s rank 0.0s]
  per6 (9, 9, 5, 2, 1, 1) d9 p=2147483629: a=2 n_chi=9517 mult=2 units=0 [0.1s]
  PER6 RESULT (9, 9, 5, 2, 1, 1) d9: a=2 N_S=48298 n_chi=9517 mult=2 units=0 proved: mult = a at both primes (S_mu not in the ideal over Q) (11.7s, HWM 0.24 GB)

=== rank 49 ((13, 5, 3, 3, 2, 1), 9) N_S 48970 a 1 2026-09-08T23:52:41.399088
      level 1: 41 prefixes
      level 2: 642 prefixes
      level 3: 5053 prefixes
      level 4: 21407 prefixes
      level 5: 43066 prefixes
      level 6: 48844 prefixes
      level 7: 48970 prefixes
      level 8: 48970 prefixes
      level 9: 48970 prefixes
  lam=(13, 5, 3, 3, 2, 1): N_S=48970 |Stab|=2 n_chi=23523 (orbits dropped: 1924) [lean, 0s, HWM 0.24 GB]
    E_01: |H|=2 targets 30425 canonical rows 14554 nnz 72823 (obstructed fixed targets cancelled: 849) [0s, HWM 0.24 GB]
    E_12: |H|=1 targets 32105 canonical rows 32105 nnz 106173 (obstructed fixed targets cancelled: 0) [0s, HWM 0.24 GB]
    E_23: |H|=1 targets 40794 canonical rows 40308 nnz 97427 (obstructed fixed targets cancelled: 0) [0s, HWM 0.24 GB]
    E_34: |H|=1 targets 30467 canonical rows 30441 nnz 79070 (obstructed fixed targets cancelled: 0) [0s, HWM 0.24 GB]
    E_45: |H|=2 targets 22143 canonical rows 10520 nnz 23325 (obstructed fixed targets cancelled: 198) [1s, HWM 0.24 GB]
  built (13, 5, 3, 3, 2, 1) d9: N_S=48970 |Stab|=2 n_chi=23523 rows=127928 nnz=378818 (1s: mono 0s orbits 0s rows 1s; HWM 0.24 GB)
    hybrid[per6 13_5_3_3_2_1d9] p=2147483647 attempt 0: |S|=23520 |U|=3 (a=1, excess 2) m=67 blocks 1x3 projected nullity 1, verified=True, rank 1 [split 0.0s trisolve 0.0s schur 0.0s null 0.0s lift 0.0s rank 0.0s]
  per6 (13, 5, 3, 3, 2, 1) d9 p=2147483647: a=1 n_chi=23523 mult=1 units=0 [0.1s]
    hybrid[per6 13_5_3_3_2_1d9] p=2147483629 attempt 0: |S|=23520 |U|=3 (a=1, excess 2) m=67 blocks 1x3 projected nullity 1, verified=True, rank 1 [split 0.0s trisolve 0.0s schur 0.0s null 0.0s lift 0.0s rank 0.0s]
  per6 (13, 5, 3, 3, 2, 1) d9 p=2147483629: a=1 n_chi=23523 mult=1 units=0 [0.1s]
  PER6 RESULT (13, 5, 3, 3, 2, 1) d9: a=1 N_S=48970 n_chi=23523 mult=1 units=0 proved: mult = a at both primes (S_mu not in the ideal over Q) (11.9s, HWM 0.26 GB)

=== rank 50 ((11, 8, 3, 2, 2, 1), 9) N_S 49907 a 5 2026-09-08T23:52:55.779969
      level 1: 39 prefixes
      level 2: 546 prefixes
      level 3: 3553 prefixes
      level 4: 12394 prefixes
      level 5: 29608 prefixes
      level 6: 46093 prefixes
      level 7: 49817 prefixes
      level 8: 49907 prefixes
      level 9: 49907 prefixes
  lam=(11, 8, 3, 2, 2, 1): N_S=49907 |Stab|=2 n_chi=26856 (orbits dropped: 0) [lean, 0s, HWM 0.24 GB]
    E_01: |H|=2 targets 41948 canonical rows 22604 nnz 108476 (obstructed fixed targets cancelled: 0) [0s, HWM 0.24 GB]
    E_12: |H|=2 targets 26501 canonical rows 14368 nnz 59831 (obstructed fixed targets cancelled: 0) [0s, HWM 0.24 GB]
    E_23: |H|=1 targets 31002 canonical rows 31002 nnz 83506 (obstructed fixed targets cancelled: 0) [0s, HWM 0.24 GB]
    E_34: |H|=1 targets 37217 canonical rows 37217 nnz 73589 (obstructed fixed targets cancelled: 0) [0s, HWM 0.24 GB]
    E_45: |H|=1 targets 22608 canonical rows 22608 nnz 49907 (obstructed fixed targets cancelled: 0) [0s, HWM 0.24 GB]
  built (11, 8, 3, 2, 2, 1) d9: N_S=49907 |Stab|=2 n_chi=26856 rows=127799 nnz=375309 (1s: mono 0s orbits 0s rows 0s; HWM 0.24 GB)
    hybrid[per6 11_8_3_2_2_1d9] p=2147483647 attempt 0: |S|=26846 |U|=10 (a=5, excess 5) m=74 blocks 1x10 projected nullity 5, verified=True, rank 5 [split 0.0s trisolve 0.0s schur 0.0s null 0.0s lift 0.1s rank 0.0s]
  per6 (11, 8, 3, 2, 2, 1) d9 p=2147483647: a=5 n_chi=26856 mult=5 units=0 [0.2s]
    hybrid[per6 11_8_3_2_2_1d9] p=2147483629 attempt 0: |S|=26846 |U|=10 (a=5, excess 5) m=74 blocks 1x10 projected nullity 5, verified=True, rank 5 [split 0.0s trisolve 0.0s schur 0.0s null 0.0s lift 0.0s rank 0.0s]
  per6 (11, 8, 3, 2, 2, 1) d9 p=2147483629: a=5 n_chi=26856 mult=5 units=0 [0.1s]
  PER6 RESULT (11, 8, 3, 2, 2, 1) d9: a=5 N_S=49907 n_chi=26856 mult=5 units=0 proved: mult = a at both primes (S_mu not in the ideal over Q) (11.8s, HWM 0.27 GB)

=== rank 51 ((10, 7, 6, 2, 1, 1), 9) N_S 53880 a 3 2026-09-08T23:53:20.251357
      level 1: 32 prefixes
      level 2: 385 prefixes
      level 3: 2353 prefixes
      level 4: 9003 prefixes
      level 5: 24138 prefixes
      level 6: 44670 prefixes
      level 7: 53241 prefixes
      level 8: 53880 prefixes
      level 9: 53880 prefixes
  lam=(10, 7, 6, 2, 1, 1): N_S=53880 |Stab|=2 n_chi=21256 (orbits dropped: 11368) [lean, 0s, HWM 0.24 GB]
    E_01: |H|=2 targets 43611 canonical rows 17118 nnz 79691 (obstructed fixed targets cancelled: 2896) [0s, HWM 0.24 GB]
    E_12: |H|=2 targets 46138 canonical rows 18141 nnz 73353 (obstructed fixed targets cancelled: 2275) [0s, HWM 0.24 GB]
    E_23: |H|=2 targets 24040 canonical rows 9339 nnz 34961 (obstructed fixed targets cancelled: 1077) [0s, HWM 0.24 GB]
    E_34: |H|=1 targets 24324 canonical rows 23799 nnz 42512 (obstructed fixed targets cancelled: 0) [0s, HWM 0.24 GB]
    E_45: |H|=1 targets 32624 canonical rows 0 nnz 0 (obstructed fixed targets cancelled: 0) [1s, HWM 0.24 GB]
  built (10, 7, 6, 2, 1, 1) d9: N_S=53880 |Stab|=2 n_chi=21256 rows=68397 nnz=230517 (1s: mono 0s orbits 0s rows 1s; HWM 0.24 GB)
    hybrid[per6 10_7_6_2_1_1d9] p=2147483647 attempt 0: |S|=21246 |U|=10 (a=3, excess 7) m=74 blocks 1x10 projected nullity 3, verified=True, rank 3 [split 0.0s trisolve 0.0s schur 0.0s null 0.0s lift 0.0s rank 0.0s]
  per6 (10, 7, 6, 2, 1, 1) d9 p=2147483647: a=3 n_chi=21256 mult=3 units=0 [0.1s]
    hybrid[per6 10_7_6_2_1_1d9] p=2147483629 attempt 0: |S|=21246 |U|=10 (a=3, excess 7) m=74 blocks 1x10 projected nullity 3, verified=True, rank 3 [split 0.0s trisolve 0.0s schur 0.0s null 0.0s lift 0.0s rank 0.0s]
  per6 (10, 7, 6, 2, 1, 1) d9 p=2147483629: a=3 n_chi=21256 mult=3 units=0 [0.1s]
  PER6 RESULT (10, 7, 6, 2, 1, 1) d9: a=3 N_S=53880 n_chi=21256 mult=3 units=0 proved: mult = a at both primes (S_mu not in the ideal over Q) (11.8s, HWM 0.25 GB)

=== rank 52 ((10, 9, 3, 2, 2, 1), 9) N_S 54339 a 3 2026-09-08T23:53:40.178358
      level 1: 39 prefixes
      level 2: 523 prefixes
      level 3: 3277 prefixes
      level 4: 11478 prefixes
      level 5: 26260 prefixes
      level 6: 45360 prefixes
      level 7: 53691 prefixes
      level 8: 54339 prefixes
      level 9: 54339 prefixes
  lam=(10, 9, 3, 2, 2, 1): N_S=54339 |Stab|=2 n_chi=29220 (orbits dropped: 0) [lean, 0s, HWM 0.24 GB]
    E_01: |H|=2 targets 49907 canonical rows 26856 nnz 125756 (obstructed fixed targets cancelled: 0) [0s, HWM 0.24 GB]
    E_12: |H|=2 targets 27535 canonical rows 14932 nnz 65198 (obstructed fixed targets cancelled: 0) [0s, HWM 0.24 GB]
    E_23: |H|=1 targets 33713 canonical rows 33713 nnz 90999 (obstructed fixed targets cancelled: 0) [0s, HWM 0.24 GB]
    E_34: |H|=1 targets 40501 canonical rows 40501 nnz 80221 (obstructed fixed targets cancelled: 0) [0s, HWM 0.24 GB]
    E_45: |H|=1 targets 24579 canonical rows 24579 nnz 54339 (obstructed fixed targets cancelled: 0) [1s, HWM 0.24 GB]
  built (10, 9, 3, 2, 2, 1) d9: N_S=54339 |Stab|=2 n_chi=29220 rows=140581 nnz=416513 (1s: mono 0s orbits 0s rows 1s; HWM 0.24 GB)
    hybrid[per6 10_9_3_2_2_1d9] p=2147483647 attempt 0: |S|=29208 |U|=12 (a=3, excess 9) m=76 blocks 1x12 projected nullity 3, verified=True, rank 3 [split 0.0s trisolve 0.0s schur 0.0s null 0.0s lift 0.0s rank 0.0s]
  per6 (10, 9, 3, 2, 2, 1) d9 p=2147483647: a=3 n_chi=29220 mult=3 units=0 [0.1s]
    hybrid[per6 10_9_3_2_2_1d9] p=2147483629 attempt 0: |S|=29208 |U|=12 (a=3, excess 9) m=76 blocks 1x12 projected nullity 3, verified=True, rank 3 [split 0.0s trisolve 0.0s schur 0.0s null 0.0s lift 0.0s rank 0.0s]
  per6 (10, 9, 3, 2, 2, 1) d9 p=2147483629: a=3 n_chi=29220 mult=3 units=0 [0.1s]
  PER6 RESULT (10, 9, 3, 2, 2, 1) d9: a=3 N_S=54339 n_chi=29220 mult=3 units=0 proved: mult = a at both primes (S_mu not in the ideal over Q) (11.8s, HWM 0.27 GB)

=== rank 53 ((11, 7, 4, 3, 1, 1), 9) N_S 55476 a 5 2026-09-08T23:54:01.121246
      level 1: 36 prefixes
      level 2: 466 prefixes
      level 3: 3154 prefixes
      level 4: 12451 prefixes
      level 5: 32491 prefixes
      level 6: 51324 prefixes
      level 7: 55385 prefixes
      level 8: 55476 prefixes
      level 9: 55476 prefixes
  lam=(11, 7, 4, 3, 1, 1): N_S=55476 |Stab|=2 n_chi=21965 (orbits dropped: 11546) [lean, 0s, HWM 0.24 GB]
    E_01: |H|=2 targets 43445 canonical rows 17100 nnz 82161 (obstructed fixed targets cancelled: 3040) [0s, HWM 0.24 GB]
    E_12: |H|=2 targets 37217 canonical rows 14609 nnz 58817 (obstructed fixed targets cancelled: 1832) [0s, HWM 0.24 GB]
    E_23: |H|=2 targets 40017 canonical rows 15705 nnz 48897 (obstructed fixed targets cancelled: 1164) [0s, HWM 0.24 GB]
    E_34: |H|=1 targets 20896 canonical rows 20872 nnz 43930 (obstructed fixed targets cancelled: 0) [0s, HWM 0.24 GB]
    E_45: |H|=1 targets 33511 canonical rows 0 nnz 0 (obstructed fixed targets cancelled: 0) [1s, HWM 0.24 GB]
  built (11, 7, 4, 3, 1, 1) d9: N_S=55476 |Stab|=2 n_chi=21965 rows=68286 nnz=233805 (1s: mono 0s orbits 0s rows 1s; HWM 0.24 GB)
    hybrid[per6 11_7_4_3_1_1d9] p=2147483647 attempt 0: |S|=21953 |U|=12 (a=5, excess 7) m=76 blocks 1x12 projected nullity 5, verified=True, rank 5 [split 0.0s trisolve 0.0s schur 0.0s null 0.0s lift 0.0s rank 0.0s]
  per6 (11, 7, 4, 3, 1, 1) d9 p=2147483647: a=5 n_chi=21965 mult=5 units=0 [0.1s]
    hybrid[per6 11_7_4_3_1_1d9] p=2147483629 attempt 0: |S|=21953 |U|=12 (a=5, excess 7) m=76 blocks 1x12 projected nullity 5, verified=True, rank 5 [split 0.0s trisolve 0.0s schur 0.0s null 0.0s lift 0.0s rank 0.0s]
  per6 (11, 7, 4, 3, 1, 1) d9 p=2147483629: a=5 n_chi=21965 mult=5 units=0 [0.1s]
  PER6 RESULT (11, 7, 4, 3, 1, 1) d9: a=5 N_S=55476 n_chi=21965 mult=5 units=0 proved: mult = a at both primes (S_mu not in the ideal over Q) (11.8s, HWM 0.26 GB)

=== rank 54 ((12, 5, 4, 4, 1, 1), 9) N_S 55483 a 1 2026-09-08T23:54:27.031711
      level 1: 33 prefixes
      level 2: 476 prefixes
      level 3: 3585 prefixes
      level 4: 16268 prefixes
      level 5: 40976 prefixes
      level 6: 54331 prefixes
      level 7: 55483 prefixes
      level 8: 55483 prefixes
      level 9: 55483 prefixes
  lam=(12, 5, 4, 4, 1, 1): N_S=55483 |Stab|=4 n_chi=11085 (orbits dropped: 6193) [lean, 0s, HWM 0.24 GB]
    E_01: |H|=4 targets 35014 canonical rows 6919 nnz 33598 (obstructed fixed targets cancelled: 2842) [0s, HWM 0.24 GB]
    E_12: |H|=2 targets 43445 canonical rows 17100 nnz 58567 (obstructed fixed targets cancelled: 1553) [0s, HWM 0.24 GB]
    E_23: |H|=2 targets 48161 canonical rows 18993 nnz 57261 (obstructed fixed targets cancelled: 1232) [0s, HWM 0.24 GB]
    E_34: |H|=1 targets 18195 canonical rows 18000 nnz 43586 (obstructed fixed targets cancelled: 0) [1s, HWM 0.24 GB]
    E_45: |H|=2 targets 33528 canonical rows 0 nnz 0 (obstructed fixed targets cancelled: 0) [1s, HWM 0.24 GB]
  built (12, 5, 4, 4, 1, 1) d9: N_S=55483 |Stab|=4 n_chi=11085 rows=61012 nnz=193012 (1s: mono 0s orbits 0s rows 1s; HWM 0.24 GB)
    hybrid[per6 12_5_4_4_1_1d9] p=2147483647 attempt 0: |S|=11081 |U|=4 (a=1, excess 3) m=68 blocks 1x4 projected nullity 1, verified=True, rank 1 [split 0.0s trisolve 0.0s schur 0.0s null 0.0s lift 0.0s rank 0.0s]
  per6 (12, 5, 4, 4, 1, 1) d9 p=2147483647: a=1 n_chi=11085 mult=1 units=0 [0.1s]
    hybrid[per6 12_5_4_4_1_1d9] p=2147483629 attempt 0: |S|=11081 |U|=4 (a=1, excess 3) m=68 blocks 1x4 projected nullity 1, verified=True, rank 1 [split 0.0s trisolve 0.0s schur 0.0s null 0.0s lift 0.0s rank 0.0s]
  per6 (12, 5, 4, 4, 1, 1) d9 p=2147483629: a=1 n_chi=11085 mult=1 units=0 [0.1s]
  PER6 RESULT (12, 5, 4, 4, 1, 1) d9: a=1 N_S=55483 n_chi=11085 mult=1 units=0 proved: mult = a at both primes (S_mu not in the ideal over Q) (11.9s, HWM 0.24 GB)

=== rank 55 ((12, 7, 2, 2, 2, 2), 9) N_S 56302 a 4 2026-09-08T23:54:42.755241
      level 1: 43 prefixes
      level 2: 677 prefixes
      level 3: 4830 prefixes
      level 4: 17850 prefixes
      level 5: 41722 prefixes
      level 6: 55092 prefixes
      level 7: 56302 prefixes
      level 8: 56302 prefixes
      level 9: 56302 prefixes
  lam=(12, 7, 2, 2, 2, 2): N_S=56302 |Stab|=24 n_chi=3659 (orbits dropped: 0) [lean, 1s, HWM 0.24 GB]
    E_01: |H|=24 targets 43026 canonical rows 2844 nnz 12693 (obstructed fixed targets cancelled: 0) [1s, HWM 0.24 GB]
    E_12: |H|=6 targets 23692 canonical rows 5009 nnz 18918 (obstructed fixed targets cancelled: 0) [1s, HWM 0.24 GB]
    E_23: |H|=2 targets 41948 canonical rows 22604 nnz 44226 (obstructed fixed targets cancelled: 0) [1s, HWM 0.24 GB]
    E_34: |H|=2 targets 41948 canonical rows 22604 nnz 44226 (obstructed fixed targets cancelled: 0) [1s, HWM 0.24 GB]
    E_45: |H|=2 targets 41948 canonical rows 22604 nnz 44226 (obstructed fixed targets cancelled: 0) [1s, HWM 0.24 GB]
  built (12, 7, 2, 2, 2, 2) d9: N_S=56302 |Stab|=24 n_chi=3659 rows=75665 nnz=164289 (2s: mono 0s orbits 1s rows 1s; HWM 0.24 GB)
    hybrid[per6 12_7_2_2_2_2d9] p=2147483647 attempt 0: |S|=3653 |U|=6 (a=4, excess 2) m=70 blocks 1x6 projected nullity 4, verified=True, rank 4 [split 0.0s trisolve 0.0s schur 0.0s null 0.0s lift 0.0s rank 0.0s]
  per6 (12, 7, 2, 2, 2, 2) d9 p=2147483647: a=4 n_chi=3659 mult=4 units=0 [0.1s]
    hybrid[per6 12_7_2_2_2_2d9] p=2147483629 attempt 0: |S|=3653 |U|=6 (a=4, excess 2) m=70 blocks 1x6 projected nullity 4, verified=True, rank 4 [split 0.0s trisolve 0.0s schur 0.0s null 0.0s lift 0.0s rank 0.0s]
  per6 (12, 7, 2, 2, 2, 2) d9 p=2147483629: a=4 n_chi=3659 mult=4 units=0 [0.1s]
  PER6 RESULT (12, 7, 2, 2, 2, 2) d9: a=4 N_S=56302 n_chi=3659 mult=4 units=0 proved: mult = a at both primes (S_mu not in the ideal over Q) (12.8s, HWM 0.25 GB)

=== rank 56 ((13, 4, 4, 3, 2, 1), 9) N_S 56339 a 1 2026-09-08T23:55:04.157174
      level 1: 38 prefixes
      level 2: 645 prefixes
      level 3: 5391 prefixes
      level 4: 24291 prefixes
      level 5: 49499 prefixes
      level 6: 56192 prefixes
      level 7: 56339 prefixes
      level 8: 56339 prefixes
      level 9: 56339 prefixes
  lam=(13, 4, 4, 3, 2, 1): N_S=56339 |Stab|=2 n_chi=28820 (orbits dropped: 0) [lean, 0s, HWM 0.24 GB]
    E_01: |H|=1 targets 30425 canonical rows 30425 nnz 153558 (obstructed fixed targets cancelled: 0) [0s, HWM 0.24 GB]
    E_12: |H|=1 targets 48970 canonical rows 48970 nnz 149776 (obstructed fixed targets cancelled: 0) [0s, HWM 0.24 GB]
    E_23: |H|=1 targets 40794 canonical rows 40794 nnz 127146 (obstructed fixed targets cancelled: 0) [0s, HWM 0.24 GB]
    E_34: |H|=2 targets 35014 canonical rows 17942 nnz 48131 (obstructed fixed targets cancelled: 0) [1s, HWM 0.25 GB]
    E_45: |H|=2 targets 25437 canonical rows 13105 nnz 28820 (obstructed fixed targets cancelled: 0) [1s, HWM 0.25 GB]
  built (13, 4, 4, 3, 2, 1) d9: N_S=56339 |Stab|=2 n_chi=28820 rows=151236 nnz=507431 (1s: mono 0s orbits 0s rows 1s; HWM 0.25 GB)
    hybrid[per6 13_4_4_3_2_1d9] p=2147483647 attempt 0: |S|=28814 |U|=6 (a=1, excess 5) m=70 blocks 1x6 projected nullity 1, verified=True, rank 1 [split 0.0s trisolve 0.0s schur 0.0s null 0.0s lift 0.0s rank 0.0s]
  per6 (13, 4, 4, 3, 2, 1) d9 p=2147483647: a=1 n_chi=28820 mult=1 units=0 [0.1s]
    hybrid[per6 13_4_4_3_2_1d9] p=2147483629 attempt 0: |S|=28814 |U|=6 (a=1, excess 5) m=70 blocks 1x6 projected nullity 1, verified=True, rank 1 [split 0.0s trisolve 0.0s schur 0.0s null 0.0s lift 0.0s rank 0.0s]
  per6 (13, 4, 4, 3, 2, 1) d9 p=2147483629: a=1 n_chi=28820 mult=1 units=0 [0.1s]
  PER6 RESULT (13, 4, 4, 3, 2, 1) d9: a=1 N_S=56339 n_chi=28820 mult=1 units=0 proved: mult = a at both primes (S_mu not in the ideal over Q) (11.9s, HWM 0.27 GB)

=== rank 57 ((12, 6, 4, 2, 2, 1), 9) N_S 58306 a 8 2026-09-08T23:55:19.955879
      level 1: 40 prefixes
      level 2: 586 prefixes
      level 3: 4284 prefixes
      level 4: 17676 prefixes
      level 5: 43124 prefixes
      level 6: 57080 prefixes
      level 7: 58306 prefixes
      level 8: 58306 prefixes
      level 9: 58306 prefixes
  lam=(12, 6, 4, 2, 2, 1): N_S=58306 |Stab|=2 n_chi=31350 (orbits dropped: 0) [lean, 0s, HWM 0.24 GB]
    E_01: |H|=2 targets 40794 canonical rows 21990 nnz 108357 (obstructed fixed targets cancelled: 0) [0s, HWM 0.24 GB]
    E_12: |H|=2 targets 41948 canonical rows 22604 nnz 84414 (obstructed fixed targets cancelled: 0) [0s, HWM 0.24 GB]
    E_23: |H|=1 targets 31444 canonical rows 31444 nnz 97735 (obstructed fixed targets cancelled: 0) [0s, HWM 0.24 GB]
    E_34: |H|=1 targets 43445 canonical rows 43445 nnz 86224 (obstructed fixed targets cancelled: 0) [1s, HWM 0.24 GB]
    E_45: |H|=1 targets 26345 canonical rows 26345 nnz 58306 (obstructed fixed targets cancelled: 0) [1s, HWM 0.24 GB]
  built (12, 6, 4, 2, 2, 1) d9: N_S=58306 |Stab|=2 n_chi=31350 rows=145828 nnz=435036 (1s: mono 0s orbits 0s rows 1s; HWM 0.24 GB)
    hybrid[per6 12_6_4_2_2_1d9] p=2147483647 attempt 0: |S|=31336 |U|=14 (a=8, excess 6) m=78 blocks 1x14 projected nullity 8, verified=True, rank 8 [split 0.0s trisolve 0.0s schur 0.0s null 0.0s lift 0.1s rank 0.0s]
  per6 (12, 6, 4, 2, 2, 1) d9 p=2147483647: a=8 n_chi=31350 mult=8 units=0 [0.3s]
    hybrid[per6 12_6_4_2_2_1d9] p=2147483629 attempt 0: |S|=31336 |U|=14 (a=8, excess 6) m=78 blocks 1x14 projected nullity 8, verified=True, rank 8 [split 0.0s trisolve 0.0s schur 0.0s null 0.0s lift 0.1s rank 0.0s]
  per6 (12, 6, 4, 2, 2, 1) d9 p=2147483629: a=8 n_chi=31350 mult=8 units=0 [0.2s]
  PER6 RESULT (12, 6, 4, 2, 2, 1) d9: a=8 N_S=58306 n_chi=31350 mult=8 units=0 proved: mult = a at both primes (S_mu not in the ideal over Q) (12.6s, HWM 0.3 GB)

=== rank 58 ((9, 8, 6, 2, 1, 1), 9) N_S 59770 a 2 2026-09-08T23:55:55.215198
      level 1: 32 prefixes
      level 2: 366 prefixes
      level 3: 2226 prefixes
      level 4: 8435 prefixes
      level 5: 21967 prefixes
      level 6: 43172 prefixes
      level 7: 57568 prefixes
      level 8: 59770 prefixes
      level 9: 59770 prefixes
  lam=(9, 8, 6, 2, 1, 1): N_S=59770 |Stab|=2 n_chi=23628 (orbits dropped: 12514) [lean, 0s, HWM 0.24 GB]
    E_01: |H|=2 targets 53880 canonical rows 21256 nnz 95800 (obstructed fixed targets cancelled: 3243) [0s, HWM 0.24 GB]
    E_12: |H|=2 targets 48298 canonical rows 19025 nnz 81738 (obstructed fixed targets cancelled: 2645) [0s, HWM 0.24 GB]
    E_23: |H|=2 targets 26593 canonical rows 10353 nnz 38921 (obstructed fixed targets cancelled: 1183) [0s, HWM 0.24 GB]
    E_34: |H|=1 targets 26926 canonical rows 26357 nnz 47256 (obstructed fixed targets cancelled: 0) [0s, HWM 0.24 GB]
    E_45: |H|=1 targets 36142 canonical rows 0 nnz 0 (obstructed fixed targets cancelled: 0) [1s, HWM 0.24 GB]
  built (9, 8, 6, 2, 1, 1) d9: N_S=59770 |Stab|=2 n_chi=23628 rows=76991 nnz=263715 (1s: mono 0s orbits 0s rows 1s; HWM 0.24 GB)
    hybrid[per6 9_8_6_2_1_1d9] p=2147483647 attempt 0: |S|=23612 |U|=16 (a=2, excess 14) m=80 blocks 1x16 projected nullity 2, verified=True, rank 2 [split 0.0s trisolve 0.0s schur 0.0s null 0.0s lift 0.0s rank 0.0s]
  per6 (9, 8, 6, 2, 1, 1) d9 p=2147483647: a=2 n_chi=23628 mult=2 units=0 [0.1s]
    hybrid[per6 9_8_6_2_1_1d9] p=2147483629 attempt 0: |S|=23612 |U|=16 (a=2, excess 14) m=80 blocks 1x16 projected nullity 2, verified=True, rank 2 [split 0.0s trisolve 0.0s schur 0.0s null 0.0s lift 0.0s rank 0.0s]
  per6 (9, 8, 6, 2, 1, 1) d9 p=2147483629: a=2 n_chi=23628 mult=2 units=0 [0.1s]
  PER6 RESULT (9, 8, 6, 2, 1, 1) d9: a=2 N_S=59770 n_chi=23628 mult=2 units=0 proved: mult = a at both primes (S_mu not in the ideal over Q) (11.7s, HWM 0.25 GB)

=== rank 59 ((9, 7, 7, 2, 1, 1), 9) N_S 64040 a 2 2026-09-08T23:56:14.092833
      level 1: 32 prefixes
      level 2: 343 prefixes
      level 3: 2081 prefixes
      level 4: 8088 prefixes
      level 5: 22159 prefixes
      level 6: 45660 prefixes
      level 7: 61634 prefixes
      level 8: 64040 prefixes
      level 9: 64040 prefixes
  lam=(9, 7, 7, 2, 1, 1): N_S=64040 |Stab|=4 n_chi=12685 (orbits dropped: 6909) [lean, 0s, HWM 0.24 GB]
    E_01: |H|=2 targets 53880 canonical rows 21256 nnz 95485 (obstructed fixed targets cancelled: 3243) [0s, HWM 0.24 GB]
    E_12: |H|=2 targets 59770 canonical rows 23624 nnz 94820 (obstructed fixed targets cancelled: 2896) [0s, HWM 0.25 GB]
    E_23: |H|=2 targets 26593 canonical rows 10353 nnz 41522 (obstructed fixed targets cancelled: 1363) [0s, HWM 0.25 GB]
    E_34: |H|=2 targets 28792 canonical rows 13943 nnz 25140 (obstructed fixed targets cancelled: 97) [1s, HWM 0.25 GB]
    E_45: |H|=2 targets 38649 canonical rows 0 nnz 0 (obstructed fixed targets cancelled: 133) [1s, HWM 0.25 GB]
  built (9, 7, 7, 2, 1, 1) d9: N_S=64040 |Stab|=4 n_chi=12685 rows=69176 nnz=256967 (1s: mono 0s orbits 0s rows 1s; HWM 0.25 GB)
    hybrid[per6 9_7_7_2_1_1d9] p=2147483647 attempt 0: |S|=12678 |U|=7 (a=2, excess 5) m=71 blocks 1x7 projected nullity 2, verified=True, rank 2 [split 0.0s trisolve 0.0s schur 0.0s null 0.0s lift 0.0s rank 0.0s]
  per6 (9, 7, 7, 2, 1, 1) d9 p=2147483647: a=2 n_chi=12685 mult=2 units=0 [0.1s]
    hybrid[per6 9_7_7_2_1_1d9] p=2147483629 attempt 0: |S|=12678 |U|=7 (a=2, excess 5) m=71 blocks 1x7 projected nullity 2, verified=True, rank 2 [split 0.0s trisolve 0.0s schur 0.0s null 0.0s lift 0.0s rank 0.0s]
  per6 (9, 7, 7, 2, 1, 1) d9 p=2147483629: a=2 n_chi=12685 mult=2 units=0 [0.1s]
  PER6 RESULT (9, 7, 7, 2, 1, 1) d9: a=2 N_S=64040 n_chi=12685 mult=2 units=0 proved: mult = a at both primes (S_mu not in the ideal over Q) (11.8s, HWM 0.25 GB)

=== rank 60 ((10, 8, 4, 3, 1, 1), 9) N_S 64078 a 4 2026-09-08T23:56:33.608693
      level 1: 35 prefixes
      level 2: 454 prefixes
      level 3: 2977 prefixes
      level 4: 11600 prefixes
      level 5: 29697 prefixes
      level 6: 53460 prefixes
      level 7: 63366 prefixes
      level 8: 64078 prefixes
      level 9: 64078 prefixes
  lam=(10, 8, 4, 3, 1, 1): N_S=64078 |Stab|=2 n_chi=25420 (orbits dropped: 13238) [lean, 0s, HWM 0.24 GB]
    E_01: |H|=2 targets 55476 canonical rows 21965 nnz 103054 (obstructed fixed targets cancelled: 3547) [0s, HWM 0.24 GB]
    E_12: |H|=2 targets 40501 canonical rows 15922 nnz 68230 (obstructed fixed targets cancelled: 2220) [0s, HWM 0.24 GB]
    E_23: |H|=2 targets 46138 canonical rows 18141 nnz 56751 (obstructed fixed targets cancelled: 1333) [0s, HWM 0.24 GB]
    E_34: |H|=1 targets 24056 canonical rows 24031 nnz 50840 (obstructed fixed targets cancelled: 0) [1s, HWM 0.24 GB]
    E_45: |H|=1 targets 38658 canonical rows 0 nnz 0 (obstructed fixed targets cancelled: 0) [1s, HWM 0.24 GB]
  built (10, 8, 4, 3, 1, 1) d9: N_S=64078 |Stab|=2 n_chi=25420 rows=80059 nnz=278875 (1s: mono 0s orbits 0s rows 1s; HWM 0.24 GB)
    hybrid[per6 10_8_4_3_1_1d9] p=2147483647 attempt 0: |S|=25407 |U|=13 (a=4, excess 9) m=77 blocks 1x13 projected nullity 4, verified=True, rank 4 [split 0.0s trisolve 0.0s schur 0.0s null 0.0s lift 0.0s rank 0.0s]
  per6 (10, 8, 4, 3, 1, 1) d9 p=2147483647: a=4 n_chi=25420 mult=4 units=0 [0.1s]
    hybrid[per6 10_8_4_3_1_1d9] p=2147483629 attempt 0: |S|=25407 |U|=13 (a=4, excess 9) m=77 blocks 1x13 projected nullity 4, verified=True, rank 4 [split 0.0s trisolve 0.0s schur 0.0s null 0.0s lift 0.0s rank 0.0s]
  per6 (10, 8, 4, 3, 1, 1) d9 p=2147483629: a=4 n_chi=25420 mult=4 units=0 [0.1s]
  PER6 RESULT (10, 8, 4, 3, 1, 1) d9: a=4 N_S=64078 n_chi=25420 mult=4 units=0 proved: mult = a at both primes (S_mu not in the ideal over Q) (12.0s, HWM 0.26 GB)

=== rank 61 ((12, 5, 5, 2, 2, 1), 9) N_S 64669 a 2 2026-09-08T23:56:59.330124
      level 1: 37 prefixes
      level 2: 571 prefixes
      level 3: 4247 prefixes
      level 4: 18963 prefixes
      level 5: 47725 prefixes
      level 6: 63326 prefixes
      level 7: 64669 prefixes
      level 8: 64669 prefixes
      level 9: 64669 prefixes
  lam=(12, 5, 5, 2, 2, 1): N_S=64669 |Stab|=4 n_chi=16988 (orbits dropped: 727) [lean, 0s, HWM 0.24 GB]
    E_01: |H|=2 targets 40794 canonical rows 21990 nnz 106192 (obstructed fixed targets cancelled: 0) [0s, HWM 0.24 GB]
    E_12: |H|=2 targets 58306 canonical rows 31311 nnz 103649 (obstructed fixed targets cancelled: 0) [0s, HWM 0.25 GB]
    E_23: |H|=1 targets 31444 canonical rows 31421 nnz 106594 (obstructed fixed targets cancelled: 0) [0s, HWM 0.25 GB]
    E_34: |H|=2 targets 48161 canonical rows 23543 nnz 46869 (obstructed fixed targets cancelled: 86) [1s, HWM 0.25 GB]
    E_45: |H|=2 targets 29120 canonical rows 14236 nnz 31529 (obstructed fixed targets cancelled: 165) [1s, HWM 0.25 GB]
  built (12, 5, 5, 2, 2, 1) d9: N_S=64669 |Stab|=4 n_chi=16988 rows=122501 nnz=394833 (1s: mono 0s orbits 0s rows 1s; HWM 0.25 GB)
    hybrid[per6 12_5_5_2_2_1d9] p=2147483647 attempt 0: |S|=16983 |U|=5 (a=2, excess 3) m=69 blocks 1x5 projected nullity 2, verified=True, rank 2 [split 0.0s trisolve 0.0s schur 0.0s null 0.0s lift 0.0s rank 0.0s]
  per6 (12, 5, 5, 2, 2, 1) d9 p=2147483647: a=2 n_chi=16988 mult=2 units=0 [0.1s]
    hybrid[per6 12_5_5_2_2_1d9] p=2147483629 attempt 0: |S|=16983 |U|=5 (a=2, excess 3) m=69 blocks 1x5 projected nullity 2, verified=True, rank 2 [split 0.0s trisolve 0.0s schur 0.0s null 0.0s lift 0.0s rank 0.0s]
  per6 (12, 5, 5, 2, 2, 1) d9 p=2147483629: a=2 n_chi=16988 mult=2 units=0 [0.1s]
  PER6 RESULT (12, 5, 5, 2, 2, 1) d9: a=2 N_S=64669 n_chi=16988 mult=2 units=0 proved: mult = a at both primes (S_mu not in the ideal over Q) (12.2s, HWM 0.26 GB)

=== rank 62 ((13, 5, 3, 2, 2, 2), 9) N_S 65728 a 2 2026-09-08T23:57:20.910592
      level 1: 45 prefixes
      level 2: 779 prefixes
      level 3: 6501 prefixes
      level 4: 28367 prefixes
      level 5: 57742 prefixes
      level 6: 65558 prefixes
      level 7: 65728 prefixes
      level 8: 65728 prefixes
      level 9: 65728 prefixes
  lam=(13, 5, 3, 2, 2, 2): N_S=65728 |Stab|=6 n_chi=13476 (orbits dropped: 0) [lean, 0s, HWM 0.24 GB]
    E_01: |H|=6 targets 40731 canonical rows 8467 nnz 40926 (obstructed fixed targets cancelled: 0) [0s, HWM 0.24 GB]
    E_12: |H|=6 targets 43026 canonical rows 8974 nnz 29600 (obstructed fixed targets cancelled: 0) [0s, HWM 0.24 GB]
    E_23: |H|=2 targets 40794 canonical rows 21990 nnz 58709 (obstructed fixed targets cancelled: 0) [1s, HWM 0.24 GB]
    E_34: |H|=1 targets 48970 canonical rows 48970 nnz 97395 (obstructed fixed targets cancelled: 0) [1s, HWM 0.24 GB]
    E_45: |H|=1 targets 48970 canonical rows 48970 nnz 97395 (obstructed fixed targets cancelled: 0) [1s, HWM 0.24 GB]
  built (13, 5, 3, 2, 2, 2) d9: N_S=65728 |Stab|=6 n_chi=13476 rows=137371 nnz=324025 (1s: mono 0s orbits 0s rows 1s; HWM 0.24 GB)
    hybrid[per6 13_5_3_2_2_2d9] p=2147483647 attempt 0: |S|=13470 |U|=6 (a=2, excess 4) m=70 blocks 1x6 projected nullity 2, verified=True, rank 2 [split 0.0s trisolve 0.0s schur 0.0s null 0.0s lift 0.0s rank 0.0s]
  per6 (13, 5, 3, 2, 2, 2) d9 p=2147483647: a=2 n_chi=13476 mult=2 units=0 [0.1s]
    hybrid[per6 13_5_3_2_2_2d9] p=2147483629 attempt 0: |S|=13470 |U|=6 (a=2, excess 4) m=70 blocks 1x6 projected nullity 2, verified=True, rank 2 [split 0.0s trisolve 0.0s schur 0.0s null 0.0s lift 0.0s rank 0.0s]
  per6 (13, 5, 3, 2, 2, 2) d9 p=2147483629: a=2 n_chi=13476 mult=2 units=0 [0.1s]
  PER6 RESULT (13, 5, 3, 2, 2, 2) d9: a=2 N_S=65728 n_chi=13476 mult=2 units=0 proved: mult = a at both primes (S_mu not in the ideal over Q) (12.1s, HWM 0.25 GB)

=== rank 63 ((11, 8, 2, 2, 2, 2), 9) N_S 67064 a 4 2026-09-08T23:57:38.395284
      level 1: 43 prefixes
      level 2: 653 prefixes
      level 3: 4555 prefixes
      level 4: 16429 prefixes
      level 5: 39674 prefixes
      level 6: 61956 prefixes
      level 7: 66941 prefixes
      level 8: 67064 prefixes
      level 9: 67064 prefixes
  lam=(11, 8, 2, 2, 2, 2): N_S=67064 |Stab|=24 n_chi=4323 (orbits dropped: 0) [lean, 1s, HWM 0.24 GB]
    E_01: |H|=24 targets 56302 canonical rows 3659 nnz 16171 (obstructed fixed targets cancelled: 0) [1s, HWM 0.24 GB]
    E_12: |H|=6 targets 26501 canonical rows 5579 nnz 22498 (obstructed fixed targets cancelled: 0) [1s, HWM 0.24 GB]
    E_23: |H|=2 targets 49907 canonical rows 26856 nnz 52754 (obstructed fixed targets cancelled: 0) [1s, HWM 0.24 GB]
    E_34: |H|=2 targets 49907 canonical rows 26856 nnz 52754 (obstructed fixed targets cancelled: 0) [1s, HWM 0.24 GB]
    E_45: |H|=2 targets 49907 canonical rows 26856 nnz 52754 (obstructed fixed targets cancelled: 0) [1s, HWM 0.24 GB]
  built (11, 8, 2, 2, 2, 2) d9: N_S=67064 |Stab|=24 n_chi=4323 rows=89806 nnz=196931 (2s: mono 0s orbits 1s rows 1s; HWM 0.24 GB)
    hybrid[per6 11_8_2_2_2_2d9] p=2147483647 attempt 0: |S|=4315 |U|=8 (a=4, excess 4) m=72 blocks 1x8 projected nullity 4, verified=True, rank 4 [split 0.0s trisolve 0.0s schur 0.0s null 0.0s lift 0.0s rank 0.0s]
  per6 (11, 8, 2, 2, 2, 2) d9 p=2147483647: a=4 n_chi=4323 mult=4 units=0 [0.1s]
    hybrid[per6 11_8_2_2_2_2d9] p=2147483629 attempt 0: |S|=4315 |U|=8 (a=4, excess 4) m=72 blocks 1x8 projected nullity 4, verified=True, rank 4 [split 0.0s trisolve 0.0s schur 0.0s null 0.0s lift 0.0s rank 0.0s]
  per6 (11, 8, 2, 2, 2, 2) d9 p=2147483629: a=4 n_chi=4323 mult=4 units=0 [0.1s]
  PER6 RESULT (11, 8, 2, 2, 2, 2) d9: a=4 N_S=67064 n_chi=4323 mult=4 units=0 proved: mult = a at both primes (S_mu not in the ideal over Q) (13.1s, HWM 0.25 GB)

=== rank 64 ((9, 9, 4, 3, 1, 1), 9) N_S 67127 a 2 2026-09-08T23:58:00.668755
      level 1: 34 prefixes
      level 2: 433 prefixes
      level 3: 2766 prefixes
      level 4: 10406 prefixes
      level 5: 26172 prefixes
      level 6: 49232 prefixes
      level 7: 64766 prefixes
      level 8: 67127 prefixes
      level 9: 67127 prefixes
  lam=(9, 9, 4, 3, 1, 1): N_S=67127 |Stab|=4 n_chi=13335 (orbits dropped: 7075) [lean, 0s, HWM 0.24 GB]
    E_01: |H|=2 targets 64078 canonical rows 25417 nnz 114052 (obstructed fixed targets cancelled: 3760) [0s, HWM 0.24 GB]
    E_12: |H|=2 targets 40501 canonical rows 15922 nnz 71291 (obstructed fixed targets cancelled: 2446) [0s, HWM 0.24 GB]
    E_23: |H|=4 targets 48298 canonical rows 9517 nnz 29731 (obstructed fixed targets cancelled: 1434) [1s, HWM 0.24 GB]
    E_34: |H|=2 targets 25154 canonical rows 12444 nnz 26451 (obstructed fixed targets cancelled: 114) [1s, HWM 0.24 GB]
    E_45: |H|=2 targets 40455 canonical rows 0 nnz 0 (obstructed fixed targets cancelled: 98) [1s, HWM 0.24 GB]
  built (9, 9, 4, 3, 1, 1) d9: N_S=67127 |Stab|=4 n_chi=13335 rows=63300 nnz=241525 (1s: mono 0s orbits 0s rows 1s; HWM 0.24 GB)
    hybrid[per6 9_9_4_3_1_1d9] p=2147483647 attempt 0: |S|=13326 |U|=9 (a=2, excess 7) m=73 blocks 1x9 projected nullity 2, verified=True, rank 2 [split 0.0s trisolve 0.0s schur 0.0s null 0.0s lift 0.0s rank 0.0s]
  per6 (9, 9, 4, 3, 1, 1) d9 p=2147483647: a=2 n_chi=13335 mult=2 units=0 [0.1s]
    hybrid[per6 9_9_4_3_1_1d9] p=2147483629 attempt 0: |S|=13326 |U|=9 (a=2, excess 7) m=73 blocks 1x9 projected nullity 2, verified=True, rank 2 [split 0.0s trisolve 0.0s schur 0.0s null 0.0s lift 0.0s rank 0.0s]
  per6 (9, 9, 4, 3, 1, 1) d9 p=2147483629: a=2 n_chi=13335 mult=2 units=0 [0.1s]
  PER6 RESULT (9, 9, 4, 3, 1, 1) d9: a=2 N_S=67127 n_chi=13335 mult=2 units=0 proved: mult = a at both primes (S_mu not in the ideal over Q) (11.8s, HWM 0.25 GB)

=== rank 65 ((11, 6, 5, 3, 1, 1), 9) N_S 67197 a 5 2026-09-08T23:58:20.603841
      level 1: 33 prefixes
      level 2: 457 prefixes
      level 3: 3234 prefixes
      level 4: 13860 prefixes
      level 5: 38801 prefixes
      level 6: 62173 prefixes
      level 7: 67090 prefixes
      level 8: 67197 prefixes
      level 9: 67197 prefixes
  lam=(11, 6, 5, 3, 1, 1): N_S=67197 |Stab|=2 n_chi=26733 (orbits dropped: 13731) [lean, 0s, HWM 0.24 GB]
    E_01: |H|=2 targets 48161 canonical rows 19041 nnz 92267 (obstructed fixed targets cancelled: 3311) [0s, HWM 0.24 GB]
    E_12: |H|=2 targets 55476 canonical rows 21965 nnz 83369 (obstructed fixed targets cancelled: 2289) [0s, HWM 0.24 GB]
    E_23: |H|=2 targets 43611 canonical rows 17118 nnz 59556 (obstructed fixed targets cancelled: 1588) [0s, HWM 0.24 GB]
    E_34: |H|=1 targets 25166 canonical rows 25142 nnz 53466 (obstructed fixed targets cancelled: 0) [1s, HWM 0.24 GB]
    E_45: |H|=1 targets 40464 canonical rows 0 nnz 0 (obstructed fixed targets cancelled: 0) [1s, HWM 0.24 GB]
  built (11, 6, 5, 3, 1, 1) d9: N_S=67197 |Stab|=2 n_chi=26733 rows=83266 nnz=288658 (1s: mono 0s orbits 0s rows 1s; HWM 0.24 GB)
    hybrid[per6 11_6_5_3_1_1d9] p=2147483647 attempt 0: |S|=26718 |U|=15 (a=5, excess 10) m=79 blocks 1x15 projected nullity 5, verified=True, rank 5 [split 0.0s trisolve 0.0s schur 0.0s null 0.0s lift 0.0s rank 0.0s]
  per6 (11, 6, 5, 3, 1, 1) d9 p=2147483647: a=5 n_chi=26733 mult=5 units=0 [0.1s]
    hybrid[per6 11_6_5_3_1_1d9] p=2147483629 attempt 0: |S|=26718 |U|=15 (a=5, excess 10) m=79 blocks 1x15 projected nullity 5, verified=True, rank 5 [split 0.0s trisolve 0.0s schur 0.0s null 0.0s lift 0.0s rank 0.0s]
  per6 (11, 6, 5, 3, 1, 1) d9 p=2147483629: a=5 n_chi=26733 mult=5 units=0 [0.1s]
  PER6 RESULT (11, 6, 5, 3, 1, 1) d9: a=5 N_S=67197 n_chi=26733 mult=5 units=0 proved: mult = a at both primes (S_mu not in the ideal over Q) (11.7s, HWM 0.26 GB)

=== rank 66 ((8, 8, 7, 2, 1, 1), 9) N_S 67851 a 1 2026-09-08T23:58:49.233641
      level 1: 24 prefixes
      level 2: 312 prefixes
      level 3: 1901 prefixes
      level 4: 7498 prefixes
      level 5: 20366 prefixes
      level 6: 41847 prefixes
      level 7: 62537 prefixes
      level 8: 67851 prefixes
      level 9: 67851 prefixes
  lam=(8, 8, 7, 2, 1, 1): N_S=67851 |Stab|=4 n_chi=13456 (orbits dropped: 7245) [lean, 0s, HWM 0.24 GB]
    E_01: |H|=2 targets 64040 canonical rows 25387 nnz 108828 (obstructed fixed targets cancelled: 3360) [0s, HWM 0.24 GB]
    E_12: |H|=2 targets 59770 canonical rows 23628 nnz 101747 (obstructed fixed targets cancelled: 3243) [0s, HWM 0.24 GB]
    E_23: |H|=4 targets 28135 canonical rows 5481 nnz 22054 (obstructed fixed targets cancelled: 1538) [0s, HWM 0.24 GB]
    E_34: |H|=2 targets 30477 canonical rows 15028 nnz 26912 (obstructed fixed targets cancelled: 0) [1s, HWM 0.24 GB]
    E_45: |H|=2 targets 40941 canonical rows 0 nnz 0 (obstructed fixed targets cancelled: 0) [1s, HWM 0.24 GB]
  built (8, 8, 7, 2, 1, 1) d9: N_S=67851 |Stab|=4 n_chi=13456 rows=69524 nnz=259541 (1s: mono 0s orbits 0s rows 1s; HWM 0.24 GB)
    hybrid[per6 8_8_7_2_1_1d9] p=2147483647 attempt 0: |S|=13440 |U|=16 (a=1, excess 15) m=80 blocks 1x16 projected nullity 1, verified=True, rank 1 [split 0.0s trisolve 0.0s schur 0.0s null 0.0s lift 0.0s rank 0.0s]
  per6 (8, 8, 7, 2, 1, 1) d9 p=2147483647: a=1 n_chi=13456 mult=1 units=0 [0.1s]
    hybrid[per6 8_8_7_2_1_1d9] p=2147483629 attempt 0: |S|=13440 |U|=16 (a=1, excess 15) m=80 blocks 1x16 projected nullity 1, verified=True, rank 1 [split 0.0s trisolve 0.0s schur 0.0s null 0.0s lift 0.0s rank 0.0s]
  per6 (8, 8, 7, 2, 1, 1) d9 p=2147483629: a=1 n_chi=13456 mult=1 units=0 [0.1s]
  PER6 RESULT (8, 8, 7, 2, 1, 1) d9: a=1 N_S=67851 n_chi=13456 mult=1 units=0 proved: mult = a at both primes (S_mu not in the ideal over Q) (12.0s, HWM 0.25 GB)

=== rank 67 ((12, 6, 3, 3, 2, 1), 9) N_S 70163 a 2 2026-09-08T23:59:05.556934
      level 1: 41 prefixes
      level 2: 629 prefixes
      level 3: 4913 prefixes
      level 4: 21014 prefixes
      level 5: 51905 prefixes
      level 6: 68735 prefixes
      level 7: 70163 prefixes
      level 8: 70163 prefixes
      level 9: 70163 prefixes
  lam=(12, 6, 3, 3, 2, 1): N_S=70163 |Stab|=2 n_chi=33765 (orbits dropped: 2633) [lean, 0s, HWM 0.24 GB]
    E_01: |H|=2 targets 48970 canonical rows 23523 nnz 117942 (obstructed fixed targets cancelled: 1203) [0s, HWM 0.24 GB]
    E_12: |H|=1 targets 41948 canonical rows 41922 nnz 153269 (obstructed fixed targets cancelled: 0) [0s, HWM 0.24 GB]
    E_23: |H|=1 targets 58306 canonical rows 57666 nnz 140922 (obstructed fixed targets cancelled: 0) [0s, HWM 0.25 GB]
    E_34: |H|=1 targets 43445 canonical rows 43411 nnz 113898 (obstructed fixed targets cancelled: 0) [1s, HWM 0.25 GB]
    E_45: |H|=2 targets 31533 canonical rows 15011 nnz 33492 (obstructed fixed targets cancelled: 273) [1s, HWM 0.25 GB]
  built (12, 6, 3, 3, 2, 1) d9: N_S=70163 |Stab|=2 n_chi=33765 rows=181533 nnz=559523 (1s: mono 0s orbits 0s rows 1s; HWM 0.25 GB)
    hybrid[per6 12_6_3_3_2_1d9] p=2147483647 attempt 0: |S|=33758 |U|=7 (a=2, excess 5) m=71 blocks 1x7 projected nullity 2, verified=True, rank 2 [split 0.0s trisolve 0.0s schur 0.0s null 0.0s lift 0.0s rank 0.0s]
  per6 (12, 6, 3, 3, 2, 1) d9 p=2147483647: a=2 n_chi=33765 mult=2 units=0 [0.2s]
    hybrid[per6 12_6_3_3_2_1d9] p=2147483629 attempt 0: |S|=33758 |U|=7 (a=2, excess 5) m=71 blocks 1x7 projected nullity 2, verified=True, rank 2 [split 0.0s trisolve 0.0s schur 0.0s null 0.0s lift 0.0s rank 0.0s]
  per6 (12, 6, 3, 3, 2, 1) d9 p=2147483629: a=2 n_chi=33765 mult=2 units=0 [0.1s]
  PER6 RESULT (12, 6, 3, 3, 2, 1) d9: a=2 N_S=70163 n_chi=33765 mult=2 units=0 proved: mult = a at both primes (S_mu not in the ideal over Q) (11.9s, HWM 0.27 GB)

=== rank 68 ((10, 9, 2, 2, 2, 2), 9) N_S 73057 a 2 2026-09-08T23:59:25.764361
      level 1: 42 prefixes
      level 2: 627 prefixes
      level 3: 4165 prefixes
      level 4: 15166 prefixes
      level 5: 35186 prefixes
      level 6: 60998 prefixes
      level 7: 72194 prefixes
      level 8: 73057 prefixes
      level 9: 73057 prefixes
  lam=(10, 9, 2, 2, 2, 2): N_S=73057 |Stab|=24 n_chi=4689 (orbits dropped: 0) [lean, 1s, HWM 0.24 GB]
    E_01: |H|=24 targets 67064 canonical rows 4323 nnz 18706 (obstructed fixed targets cancelled: 0) [1s, HWM 0.25 GB]
    E_12: |H|=6 targets 27535 canonical rows 5800 nnz 24491 (obstructed fixed targets cancelled: 0) [1s, HWM 0.25 GB]
    E_23: |H|=2 targets 54339 canonical rows 29220 nnz 57504 (obstructed fixed targets cancelled: 0) [1s, HWM 0.25 GB]
    E_34: |H|=2 targets 54339 canonical rows 29220 nnz 57504 (obstructed fixed targets cancelled: 0) [1s, HWM 0.25 GB]
    E_45: |H|=2 targets 54339 canonical rows 29220 nnz 57504 (obstructed fixed targets cancelled: 0) [1s, HWM 0.25 GB]
  built (10, 9, 2, 2, 2, 2) d9: N_S=73057 |Stab|=24 n_chi=4689 rows=97783 nnz=215709 (2s: mono 0s orbits 1s rows 1s; HWM 0.25 GB)
    hybrid[per6 10_9_2_2_2_2d9] p=2147483647 attempt 0: |S|=4680 |U|=9 (a=2, excess 7) m=73 blocks 1x9 projected nullity 2, verified=True, rank 2 [split 0.0s trisolve 0.0s schur 0.0s null 0.0s lift 0.0s rank 0.0s]
  per6 (10, 9, 2, 2, 2, 2) d9 p=2147483647: a=2 n_chi=4689 mult=2 units=0 [0.1s]
    hybrid[per6 10_9_2_2_2_2d9] p=2147483629 attempt 0: |S|=4680 |U|=9 (a=2, excess 7) m=73 blocks 1x9 projected nullity 2, verified=True, rank 2 [split 0.0s trisolve 0.0s schur 0.0s null 0.0s lift 0.0s rank 0.0s]
  per6 (10, 9, 2, 2, 2, 2) d9 p=2147483629: a=2 n_chi=4689 mult=2 units=0 [0.1s]
  PER6 RESULT (10, 9, 2, 2, 2, 2) d9: a=2 N_S=73057 n_chi=4689 mult=2 units=0 proved: mult = a at both primes (S_mu not in the ideal over Q) (13.3s, HWM 0.25 GB)

=== rank 69 ((11, 7, 4, 2, 2, 1), 9) N_S 74566 a 9 2026-09-08T23:59:47.453959
      level 1: 39 prefixes
      level 2: 569 prefixes
      level 3: 4084 prefixes
      level 4: 16515 prefixes
      level 5: 43542 prefixes
      level 6: 69019 prefixes
      level 7: 74446 prefixes
      level 8: 74566 prefixes
      level 9: 74566 prefixes
  lam=(11, 7, 4, 2, 2, 1): N_S=74566 |Stab|=2 n_chi=39986 (orbits dropped: 0) [lean, 0s, HWM 0.24 GB]
    E_01: |H|=2 targets 58306 canonical rows 31350 nnz 152705 (obstructed fixed targets cancelled: 0) [0s, HWM 0.24 GB]
    E_12: |H|=2 targets 49907 canonical rows 26856 nnz 108476 (obstructed fixed targets cancelled: 0) [0s, HWM 0.24 GB]
    E_23: |H|=1 targets 40017 canonical rows 40017 nnz 125384 (obstructed fixed targets cancelled: 0) [1s, HWM 0.24 GB]
    E_34: |H|=1 targets 55476 canonical rows 55476 nnz 110741 (obstructed fixed targets cancelled: 0) [1s, HWM 0.25 GB]
    E_45: |H|=1 targets 33511 canonical rows 33511 nnz 74566 (obstructed fixed targets cancelled: 0) [1s, HWM 0.25 GB]
  built (11, 7, 4, 2, 2, 1) d9: N_S=74566 |Stab|=2 n_chi=39986 rows=187210 nnz=571872 (1s: mono 0s orbits 0s rows 1s; HWM 0.25 GB)
    hybrid[per6 11_7_4_2_2_1d9] p=2147483647 attempt 0: |S|=39967 |U|=19 (a=9, excess 10) m=83 blocks 1x19 projected nullity 9, verified=True, rank 9 [split 0.0s trisolve 0.0s schur 0.0s null 0.0s lift 0.2s rank 0.0s]
  per6 (11, 7, 4, 2, 2, 1) d9 p=2147483647: a=9 n_chi=39986 mult=9 units=0 [0.5s]
    hybrid[per6 11_7_4_2_2_1d9] p=2147483629 attempt 0: |S|=39967 |U|=19 (a=9, excess 10) m=83 blocks 1x19 projected nullity 9, verified=True, rank 9 [split 0.0s trisolve 0.0s schur 0.0s null 0.0s lift 0.1s rank 0.0s]
  per6 (11, 7, 4, 2, 2, 1) d9 p=2147483629: a=9 n_chi=39986 mult=9 units=0 [0.3s]
  PER6 RESULT (11, 7, 4, 2, 2, 1) d9: a=9 N_S=74566 n_chi=39986 mult=9 units=0 proved: mult = a at both primes (S_mu not in the ideal over Q) (12.9s, HWM 0.32 GB)

=== rank 70 ((13, 4, 4, 2, 2, 2), 9) N_S 75683 a 3 2026-09-09T00:00:41.729090
      level 1: 42 prefixes
      level 2: 782 prefixes
      level 3: 6927 prefixes
      level 4: 32189 prefixes
      level 5: 66404 prefixes
      level 6: 75481 prefixes
      level 7: 75683 prefixes
      level 8: 75683 prefixes
      level 9: 75683 prefixes
  lam=(13, 4, 4, 2, 2, 2): N_S=75683 |Stab|=12 n_chi=8088 (orbits dropped: 0) [lean, 0s, HWM 0.24 GB]
    E_01: |H|=6 targets 40731 canonical rows 8467 nnz 40926 (obstructed fixed targets cancelled: 0) [0s, HWM 0.24 GB]
    E_12: |H|=6 targets 65728 canonical rows 13476 nnz 39794 (obstructed fixed targets cancelled: 0) [1s, HWM 0.25 GB]
    E_23: |H|=2 targets 40794 canonical rows 21990 nnz 67617 (obstructed fixed targets cancelled: 0) [1s, HWM 0.25 GB]
    E_34: |H|=2 targets 56339 canonical rows 28820 nnz 57169 (obstructed fixed targets cancelled: 0) [1s, HWM 0.25 GB]
    E_45: |H|=2 targets 56339 canonical rows 28820 nnz 57169 (obstructed fixed targets cancelled: 0) [1s, HWM 0.25 GB]
  built (13, 4, 4, 2, 2, 2) d9: N_S=75683 |Stab|=12 n_chi=8088 rows=101573 nnz=262675 (2s: mono 0s orbits 0s rows 1s; HWM 0.25 GB)
    hybrid[per6 13_4_4_2_2_2d9] p=2147483647 attempt 0: |S|=8084 |U|=4 (a=3, excess 1) m=68 blocks 1x4 projected nullity 3, verified=True, rank 3 [split 0.0s trisolve 0.0s schur 0.0s null 0.0s lift 0.0s rank 0.0s]
  per6 (13, 4, 4, 2, 2, 2) d9 p=2147483647: a=3 n_chi=8088 mult=3 units=0 [0.1s]
    hybrid[per6 13_4_4_2_2_2d9] p=2147483629 attempt 0: |S|=8084 |U|=4 (a=3, excess 1) m=68 blocks 1x4 projected nullity 3, verified=True, rank 3 [split 0.0s trisolve 0.0s schur 0.0s null 0.0s lift 0.0s rank 0.0s]
  per6 (13, 4, 4, 2, 2, 2) d9 p=2147483629: a=3 n_chi=8088 mult=3 units=0 [0.1s]
  PER6 RESULT (13, 4, 4, 2, 2, 2) d9: a=3 N_S=75683 n_chi=8088 mult=3 units=0 proved: mult = a at both primes (S_mu not in the ideal over Q) (13.1s, HWM 0.25 GB)

=== rank 71 ((11, 6, 4, 4, 1, 1), 9) N_S 77549 a 3 2026-09-09T00:01:00.363404
      level 1: 33 prefixes
      level 2: 469 prefixes
      level 3: 3479 prefixes
      level 4: 15640 prefixes
      level 5: 44665 prefixes
      level 6: 71795 prefixes
      level 7: 77428 prefixes
      level 8: 77549 prefixes
      level 9: 77549 prefixes
  lam=(11, 6, 4, 4, 1, 1): N_S=77549 |Stab|=4 n_chi=15583 (orbits dropped: 8428) [lean, 0s, HWM 0.24 GB]
    E_01: |H|=4 targets 55483 canonical rows 11085 nnz 53517 (obstructed fixed targets cancelled: 4077) [0s, HWM 0.24 GB]
    E_12: |H|=2 targets 55476 canonical rows 21960 nnz 82999 (obstructed fixed targets cancelled: 2289) [0s, HWM 0.24 GB]
    E_23: |H|=2 targets 67197 canonical rows 26672 nnz 81398 (obstructed fixed targets cancelled: 1674) [1s, HWM 0.25 GB]
    E_34: |H|=1 targets 25166 canonical rows 24916 nnz 61334 (obstructed fixed targets cancelled: 0) [1s, HWM 0.25 GB]
    E_45: |H|=2 targets 46669 canonical rows 0 nnz 0 (obstructed fixed targets cancelled: 0) [1s, HWM 0.25 GB]
  built (11, 6, 4, 4, 1, 1) d9: N_S=77549 |Stab|=4 n_chi=15583 rows=84633 nnz=279248 (1s: mono 0s orbits 0s rows 1s; HWM 0.25 GB)
    hybrid[per6 11_6_4_4_1_1d9] p=2147483647 attempt 0: |S|=15576 |U|=7 (a=3, excess 4) m=71 blocks 1x7 projected nullity 3, verified=True, rank 3 [split 0.0s trisolve 0.0s schur 0.0s null 0.0s lift 0.0s rank 0.0s]
  per6 (11, 6, 4, 4, 1, 1) d9 p=2147483647: a=3 n_chi=15583 mult=3 units=0 [0.1s]
    hybrid[per6 11_6_4_4_1_1d9] p=2147483629 attempt 0: |S|=15576 |U|=7 (a=3, excess 4) m=71 blocks 1x7 projected nullity 3, verified=True, rank 3 [split 0.0s trisolve 0.0s schur 0.0s null 0.0s lift 0.0s rank 0.0s]
  per6 (11, 6, 4, 4, 1, 1) d9 p=2147483629: a=3 n_chi=15583 mult=3 units=0 [0.1s]
  PER6 RESULT (11, 6, 4, 4, 1, 1) d9: a=3 N_S=77549 n_chi=15583 mult=3 units=0 proved: mult = a at both primes (S_mu not in the ideal over Q) (11.9s, HWM 0.25 GB)

=== rank 72 ((10, 7, 5, 3, 1, 1), 9) N_S 83337 a 7 2026-09-09T00:01:25.136773
      level 1: 33 prefixes
      level 2: 446 prefixes
      level 3: 3103 prefixes
      level 4: 13175 prefixes
      level 5: 37067 prefixes
      level 6: 69341 prefixes
      level 7: 82440 prefixes
      level 8: 83337 prefixes
      level 9: 83337 prefixes
  lam=(10, 7, 5, 3, 1, 1): N_S=83337 |Stab|=2 n_chi=33306 (orbits dropped: 16725) [lean, 0s, HWM 0.24 GB]
    E_01: |H|=2 targets 67197 canonical rows 26733 nnz 126969 (obstructed fixed targets cancelled: 4230) [0s, HWM 0.25 GB]
    E_12: |H|=2 targets 64078 canonical rows 25420 nnz 104381 (obstructed fixed targets cancelled: 3040) [0s, HWM 0.25 GB]
    E_23: |H|=2 targets 53880 canonical rows 21256 nnz 74551 (obstructed fixed targets cancelled: 1918) [1s, HWM 0.25 GB]
    E_34: |H|=1 targets 31019 canonical rows 30993 nnz 66612 (obstructed fixed targets cancelled: 0) [1s, HWM 0.25 GB]
    E_45: |H|=1 targets 50031 canonical rows 0 nnz 0 (obstructed fixed targets cancelled: 0) [1s, HWM 0.25 GB]
  built (10, 7, 5, 3, 1, 1) d9: N_S=83337 |Stab|=2 n_chi=33306 rows=104402 nnz=372513 (1s: mono 0s orbits 0s rows 1s; HWM 0.25 GB)
    hybrid[per6 10_7_5_3_1_1d9] p=2147483647 attempt 0: |S|=33284 |U|=22 (a=7, excess 15) m=86 blocks 1x22 projected nullity 7, verified=True, rank 7 [split 0.0s trisolve 0.0s schur 0.0s null 0.0s lift 0.1s rank 0.0s]
  per6 (10, 7, 5, 3, 1, 1) d9 p=2147483647: a=7 n_chi=33306 mult=7 units=0 [0.3s]
    hybrid[per6 10_7_5_3_1_1d9] p=2147483629 attempt 0: |S|=33284 |U|=22 (a=7, excess 15) m=86 blocks 1x22 projected nullity 7, verified=True, rank 7 [split 0.0s trisolve 0.0s schur 0.0s null 0.0s lift 0.0s rank 0.0s]
  per6 (10, 7, 5, 3, 1, 1) d9 p=2147483629: a=7 n_chi=33306 mult=7 units=0 [0.2s]
  PER6 RESULT (10, 7, 5, 3, 1, 1) d9: a=7 N_S=83337 n_chi=33306 mult=7 units=0 proved: mult = a at both primes (S_mu not in the ideal over Q) (12.5s, HWM 0.28 GB)

=== rank 73 ((11, 5, 5, 4, 1, 1), 9) N_S 86221 a 4 2026-09-09T00:02:11.085066
      level 1: 33 prefixes
      level 2: 436 prefixes
      level 3: 3404 prefixes
      level 4: 16245 prefixes
      level 5: 49087 prefixes
      level 6: 79816 prefixes
      level 7: 86091 prefixes
      level 8: 86221 prefixes
      level 9: 86221 prefixes
  lam=(11, 5, 5, 4, 1, 1): N_S=86221 |Stab|=4 n_chi=17162 (orbits dropped: 9227) [lean, 0s, HWM 0.25 GB]
    E_01: |H|=2 targets 55483 canonical rows 21955 nnz 106256 (obstructed fixed targets cancelled: 3817) [0s, HWM 0.25 GB]
    E_12: |H|=2 targets 77549 canonical rows 30865 nnz 105055 (obstructed fixed targets cancelled: 2640) [0s, HWM 0.25 GB]
    E_23: |H|=2 targets 67197 canonical rows 26727 nnz 92926 (obstructed fixed targets cancelled: 2289) [1s, HWM 0.25 GB]
    E_34: |H|=2 targets 27852 canonical rows 13536 nnz 33867 (obstructed fixed targets cancelled: 249) [1s, HWM 0.25 GB]
    E_45: |H|=2 targets 51741 canonical rows 0 nnz 0 (obstructed fixed targets cancelled: 196) [1s, HWM 0.25 GB]
  built (11, 5, 5, 4, 1, 1) d9: N_S=86221 |Stab|=4 n_chi=17162 rows=93083 nnz=338104 (1s: mono 0s orbits 0s rows 1s; HWM 0.25 GB)
    hybrid[per6 11_5_5_4_1_1d9] p=2147483647 attempt 0: |S|=17153 |U|=9 (a=4, excess 5) m=73 blocks 1x9 projected nullity 4, verified=True, rank 4 [split 0.0s trisolve 0.0s schur 0.0s null 0.0s lift 0.0s rank 0.0s]
  per6 (11, 5, 5, 4, 1, 1) d9 p=2147483647: a=4 n_chi=17162 mult=4 units=0 [0.1s]
    hybrid[per6 11_5_5_4_1_1d9] p=2147483629 attempt 0: |S|=17153 |U|=9 (a=4, excess 5) m=73 blocks 1x9 projected nullity 4, verified=True, rank 4 [split 0.0s trisolve 0.0s schur 0.0s null 0.0s lift 0.0s rank 0.0s]
  per6 (11, 5, 5, 4, 1, 1) d9 p=2147483629: a=4 n_chi=17162 mult=4 units=0 [0.1s]
  PER6 RESULT (11, 5, 5, 4, 1, 1) d9: a=4 N_S=86221 n_chi=17162 mult=4 units=0 proved: mult = a at both primes (S_mu not in the ideal over Q) (12.8s, HWM 0.26 GB)

=== rank 74 ((10, 8, 4, 2, 2, 1), 9) N_S 86222 a 8 2026-09-09T00:02:43.976487
      level 1: 39 prefixes
      level 2: 547 prefixes
      level 3: 3852 prefixes
      level 4: 15423 prefixes
      level 5: 39837 prefixes
      level 6: 71963 prefixes
      level 7: 85280 prefixes
      level 8: 86222 prefixes
      level 9: 86222 prefixes
  lam=(10, 8, 4, 2, 2, 1): N_S=86222 |Stab|=2 n_chi=46200 (orbits dropped: 0) [lean, 0s, HWM 0.25 GB]
    E_01: |H|=2 targets 74566 canonical rows 39986 nnz 190650 (obstructed fixed targets cancelled: 0) [0s, HWM 0.25 GB]
    E_12: |H|=2 targets 54339 canonical rows 29220 nnz 125756 (obstructed fixed targets cancelled: 0) [0s, HWM 0.25 GB]
    E_23: |H|=1 targets 46138 canonical rows 46138 nnz 145171 (obstructed fixed targets cancelled: 0) [1s, HWM 0.25 GB]
    E_34: |H|=1 targets 64078 canonical rows 64078 nnz 128322 (obstructed fixed targets cancelled: 0) [1s, HWM 0.25 GB]
    E_45: |H|=1 targets 38658 canonical rows 38658 nnz 86222 (obstructed fixed targets cancelled: 0) [1s, HWM 0.25 GB]
  built (10, 8, 4, 2, 2, 1) d9: N_S=86222 |Stab|=2 n_chi=46200 rows=218080 nnz=676121 (1s: mono 0s orbits 0s rows 1s; HWM 0.25 GB)
    hybrid[per6 10_8_4_2_2_1d9] p=2147483647 attempt 0: |S|=46176 |U|=24 (a=8, excess 16) m=88 blocks 1x24 projected nullity 8, verified=True, rank 8 [split 0.0s trisolve 0.1s schur 0.1s null 0.0s lift 0.1s rank 0.0s]
  per6 (10, 8, 4, 2, 2, 1) d9 p=2147483647: a=8 n_chi=46200 mult=8 units=0 [0.4s]
    hybrid[per6 10_8_4_2_2_1d9] p=2147483629 attempt 0: |S|=46176 |U|=24 (a=8, excess 16) m=88 blocks 1x24 projected nullity 8, verified=True, rank 8 [split 0.0s trisolve 0.0s schur 0.1s null 0.0s lift 0.1s rank 0.0s]
  per6 (10, 8, 4, 2, 2, 1) d9 p=2147483629: a=8 n_chi=46200 mult=8 units=0 [0.3s]
  PER6 RESULT (10, 8, 4, 2, 2, 1) d9: a=8 N_S=86222 n_chi=46200 mult=8 units=0 proved: mult = a at both primes (S_mu not in the ideal over Q) (12.8s, HWM 0.33 GB)

=== rank 75 ((12, 5, 4, 3, 2, 1), 9) N_S 89841 a 5 2026-09-09T00:03:42.518577
      level 1: 38 prefixes
      level 2: 638 prefixes
      level 3: 5344 prefixes
      level 4: 25643 prefixes
      level 5: 66204 prefixes
      level 6: 88038 prefixes
      level 7: 89841 prefixes
      level 8: 89841 prefixes
      level 9: 89841 prefixes
  lam=(12, 5, 4, 3, 2, 1): N_S=89841 |Stab|=1 n_chi=89841 (orbits dropped: 0) [lean, 0s, HWM 0.25 GB]
    E_01: |H|=1 targets 56339 canonical rows 56339 nnz 286469 (obstructed fixed targets cancelled: 0) [0s, HWM 0.25 GB]
    E_12: |H|=1 targets 70163 canonical rows 70163 nnz 247748 (obstructed fixed targets cancelled: 0) [0s, HWM 0.25 GB]
    E_23: |H|=1 targets 64669 canonical rows 64669 nnz 204473 (obstructed fixed targets cancelled: 0) [1s, HWM 0.25 GB]
    E_34: |H|=1 targets 55483 canonical rows 55483 nnz 151599 (obstructed fixed targets cancelled: 0) [1s, HWM 0.25 GB]
    E_45: |H|=1 targets 40184 canonical rows 40184 nnz 89841 (obstructed fixed targets cancelled: 0) [1s, HWM 0.26 GB]
  built (12, 5, 4, 3, 2, 1) d9: N_S=89841 |Stab|=1 n_chi=89841 rows=286838 nnz=980130 (1s: mono 0s orbits 0s rows 1s; HWM 0.26 GB)
    hybrid[per6 12_5_4_3_2_1d9] p=2147483647 attempt 0: |S|=89815 |U|=26 (a=5, excess 21) m=90 blocks 1x26 projected nullity 5, verified=True, rank 5 [split 0.0s trisolve 0.2s schur 0.1s null 0.0s lift 0.1s rank 0.0s]
  per6 (12, 5, 4, 3, 2, 1) d9 p=2147483647: a=5 n_chi=89841 mult=5 units=0 [0.6s]
    hybrid[per6 12_5_4_3_2_1d9] p=2147483629 attempt 0: |S|=89815 |U|=26 (a=5, excess 21) m=90 blocks 1x26 projected nullity 5, verified=True, rank 5 [split 0.0s trisolve 0.1s schur 0.1s null 0.0s lift 0.1s rank 0.0s]
  per6 (12, 5, 4, 3, 2, 1) d9 p=2147483629: a=5 n_chi=89841 mult=5 units=0 [0.5s]
  PER6 RESULT (12, 5, 4, 3, 2, 1) d9: a=5 N_S=89841 n_chi=89841 mult=5 units=0 proved: mult = a at both primes (S_mu not in the ideal over Q) (13.6s, HWM 0.33 GB)

=== rank 76 ((11, 7, 3, 3, 2, 1), 9) N_S 89918 a 3 2026-09-09T00:03:56.588541
      level 1: 40 prefixes
      level 2: 615 prefixes
      level 3: 4647 prefixes
      level 4: 19579 prefixes
      level 5: 52457 prefixes
      level 6: 83338 prefixes
      level 7: 89783 prefixes
      level 8: 89918 prefixes
      level 9: 89918 prefixes
  lam=(11, 7, 3, 3, 2, 1): N_S=89918 |Stab|=2 n_chi=43362 (orbits dropped: 3194) [lean, 0s, HWM 0.25 GB]
    E_01: |H|=2 targets 70163 canonical rows 33765 nnz 167357 (obstructed fixed targets cancelled: 1599) [0s, HWM 0.25 GB]
    E_12: |H|=1 targets 49907 canonical rows 49878 nnz 197714 (obstructed fixed targets cancelled: 0) [0s, HWM 0.25 GB]
    E_23: |H|=1 targets 74566 canonical rows 73803 nnz 182020 (obstructed fixed targets cancelled: 0) [1s, HWM 0.25 GB]
    E_34: |H|=1 targets 55476 canonical rows 55436 nnz 146664 (obstructed fixed targets cancelled: 0) [1s, HWM 0.25 GB]
    E_45: |H|=2 targets 40203 canonical rows 19199 nnz 43042 (obstructed fixed targets cancelled: 320) [1s, HWM 0.25 GB]
  built (11, 7, 3, 3, 2, 1) d9: N_S=89918 |Stab|=2 n_chi=43362 rows=232081 nnz=736797 (1s: mono 0s orbits 0s rows 1s; HWM 0.26 GB)
    hybrid[per6 11_7_3_3_2_1d9] p=2147483647 attempt 0: |S|=43351 |U|=11 (a=3, excess 8) m=75 blocks 1x11 projected nullity 3, verified=True, rank 3 [split 0.0s trisolve 0.0s schur 0.0s null 0.0s lift 0.0s rank 0.0s]
  per6 (11, 7, 3, 3, 2, 1) d9 p=2147483647: a=3 n_chi=43362 mult=3 units=0 [0.2s]
    hybrid[per6 11_7_3_3_2_1d9] p=2147483629 attempt 0: |S|=43351 |U|=11 (a=3, excess 8) m=75 blocks 1x11 projected nullity 3, verified=True, rank 3 [split 0.0s trisolve 0.0s schur 0.0s null 0.0s lift 0.0s rank 0.0s]
  per6 (11, 7, 3, 3, 2, 1) d9 p=2147483629: a=3 n_chi=43362 mult=3 units=0 [0.2s]
  PER6 RESULT (11, 7, 3, 3, 2, 1) d9: a=3 N_S=89918 n_chi=43362 mult=3 units=0 proved: mult = a at both primes (S_mu not in the ideal over Q) (12.9s, HWM 0.29 GB)

=== rank 77 ((9, 9, 4, 2, 2, 1), 9) N_S 90346 a 3 2026-09-09T00:04:24.168595
      level 1: 38 prefixes
      level 2: 524 prefixes
      level 3: 3543 prefixes
      level 4: 13817 prefixes
      level 5: 35147 prefixes
      level 6: 66271 prefixes
      level 7: 87201 prefixes
      level 8: 90346 prefixes
      level 9: 90346 prefixes
  lam=(9, 9, 4, 2, 2, 1): N_S=90346 |Stab|=4 n_chi=23978 (orbits dropped: 417) [lean, 0s, HWM 0.25 GB]
    E_01: |H|=2 targets 86222 canonical rows 46190 nnz 209602 (obstructed fixed targets cancelled: 0) [0s, HWM 0.25 GB]
    E_12: |H|=2 targets 54339 canonical rows 29220 nnz 130884 (obstructed fixed targets cancelled: 0) [1s, HWM 0.25 GB]
    E_23: |H|=2 targets 48298 canonical rows 23995 nnz 75387 (obstructed fixed targets cancelled: 142) [1s, HWM 0.25 GB]
    E_34: |H|=2 targets 67127 canonical rows 33259 nnz 66681 (obstructed fixed targets cancelled: 46) [1s, HWM 0.25 GB]
    E_45: |H|=2 targets 40455 canonical rows 20045 nnz 44686 (obstructed fixed targets cancelled: 121) [1s, HWM 0.25 GB]
  built (9, 9, 4, 2, 2, 1) d9: N_S=90346 |Stab|=4 n_chi=23978 rows=152709 nnz=527240 (1s: mono 0s orbits 0s rows 1s; HWM 0.25 GB)
    hybrid[per6 9_9_4_2_2_1d9] p=2147483647 attempt 0: |S|=23964 |U|=14 (a=3, excess 11) m=78 blocks 1x14 projected nullity 3, verified=True, rank 3 [split 0.0s trisolve 0.0s schur 0.0s null 0.0s lift 0.0s rank 0.0s]
  per6 (9, 9, 4, 2, 2, 1) d9 p=2147483647: a=3 n_chi=23978 mult=3 units=0 [0.2s]
    hybrid[per6 9_9_4_2_2_1d9] p=2147483629 attempt 0: |S|=23964 |U|=14 (a=3, excess 11) m=78 blocks 1x14 projected nullity 3, verified=True, rank 3 [split 0.0s trisolve 0.0s schur 0.0s null 0.0s lift 0.0s rank 0.0s]
  per6 (9, 9, 4, 2, 2, 1) d9 p=2147483629: a=3 n_chi=23978 mult=3 units=0 [0.2s]
  PER6 RESULT (9, 9, 4, 2, 2, 1) d9: a=3 N_S=90346 n_chi=23978 mult=3 units=0 proved: mult = a at both primes (S_mu not in the ideal over Q) (12.8s, HWM 0.27 GB)

=== rank 78 ((11, 6, 5, 2, 2, 1), 9) N_S 90428 a 7 2026-09-09T00:04:55.096473
      level 1: 37 prefixes
      level 2: 559 prefixes
      level 3: 4178 prefixes
      level 4: 18374 prefixes
      level 5: 52048 prefixes
      level 6: 83705 prefixes
      level 7: 90286 prefixes
      level 8: 90428 prefixes
      level 9: 90428 prefixes
  lam=(11, 6, 5, 2, 2, 1): N_S=90428 |Stab|=2 n_chi=48397 (orbits dropped: 0) [lean, 0s, HWM 0.25 GB]
    E_01: |H|=2 targets 64669 canonical rows 34703 nnz 170259 (obstructed fixed targets cancelled: 0) [0s, HWM 0.25 GB]
    E_12: |H|=2 targets 74566 canonical rows 39986 nnz 152705 (obstructed fixed targets cancelled: 0) [1s, HWM 0.25 GB]
    E_23: |H|=1 targets 43611 canonical rows 43611 nnz 152466 (obstructed fixed targets cancelled: 0) [1s, HWM 0.25 GB]
    E_34: |H|=1 targets 67197 canonical rows 67197 nnz 134809 (obstructed fixed targets cancelled: 0) [1s, HWM 0.25 GB]
    E_45: |H|=1 targets 40464 canonical rows 40464 nnz 90428 (obstructed fixed targets cancelled: 0) [1s, HWM 0.25 GB]
  built (11, 6, 5, 2, 2, 1) d9: N_S=90428 |Stab|=2 n_chi=48397 rows=225961 nnz=700667 (1s: mono 0s orbits 0s rows 1s; HWM 0.25 GB)
    hybrid[per6 11_6_5_2_2_1d9] p=2147483647 attempt 0: |S|=48375 |U|=22 (a=7, excess 15) m=86 blocks 1x22 projected nullity 7, verified=True, rank 7 [split 0.0s trisolve 0.1s schur 0.1s null 0.0s lift 0.1s rank 0.0s]
  per6 (11, 6, 5, 2, 2, 1) d9 p=2147483647: a=7 n_chi=48397 mult=7 units=0 [0.5s]
    hybrid[per6 11_6_5_2_2_1d9] p=2147483629 attempt 0: |S|=48375 |U|=22 (a=7, excess 15) m=86 blocks 1x22 projected nullity 7, verified=True, rank 7 [split 0.0s trisolve 0.0s schur 0.1s null 0.0s lift 0.1s rank 0.0s]
  per6 (11, 6, 5, 2, 2, 1) d9 p=2147483629: a=7 n_chi=48397 mult=7 units=0 [0.3s]
  PER6 RESULT (11, 6, 5, 2, 2, 1) d9: a=7 N_S=90428 n_chi=48397 mult=7 units=0 proved: mult = a at both primes (S_mu not in the ideal over Q) (13.5s, HWM 0.32 GB)

=== rank 79 ((10, 6, 6, 3, 1, 1), 9) N_S 91000 a 1 2026-09-09T00:05:52.736107
      level 1: 33 prefixes
      level 2: 414 prefixes
      level 3: 2969 prefixes
      level 4: 13032 prefixes
      level 5: 39140 prefixes
      level 6: 75423 prefixes
      level 7: 90010 prefixes
      level 8: 91000 prefixes
      level 9: 91000 prefixes
  lam=(10, 6, 6, 3, 1, 1): N_S=91000 |Stab|=4 n_chi=18246 (orbits dropped: 9454) [lean, 0s, HWM 0.25 GB]
    E_01: |H|=2 targets 67197 canonical rows 26727 nnz 126649 (obstructed fixed targets cancelled: 4230) [0s, HWM 0.25 GB]
    E_12: |H|=2 targets 83337 canonical rows 33297 nnz 126338 (obstructed fixed targets cancelled: 3210) [0s, HWM 0.26 GB]
    E_23: |H|=2 targets 53880 canonical rows 21256 nnz 81062 (obstructed fixed targets cancelled: 2275) [1s, HWM 0.26 GB]
    E_34: |H|=2 targets 33825 canonical rows 17163 nnz 36492 (obstructed fixed targets cancelled: 0) [1s, HWM 0.26 GB]
    E_45: |H|=2 targets 54608 canonical rows 0 nnz 0 (obstructed fixed targets cancelled: 0) [1s, HWM 0.26 GB]
  built (10, 6, 6, 3, 1, 1) d9: N_S=91000 |Stab|=4 n_chi=18246 rows=98443 nnz=370541 (1s: mono 0s orbits 0s rows 1s; HWM 0.26 GB)
    hybrid[per6 10_6_6_3_1_1d9] p=2147483647 attempt 0: |S|=18239 |U|=7 (a=1, excess 6) m=71 blocks 1x7 projected nullity 1, verified=True, rank 1 [split 0.0s trisolve 0.0s schur 0.0s null 0.0s lift 0.0s rank 0.0s]
  per6 (10, 6, 6, 3, 1, 1) d9 p=2147483647: a=1 n_chi=18246 mult=1 units=0 [0.1s]
    hybrid[per6 10_6_6_3_1_1d9] p=2147483629 attempt 0: |S|=18239 |U|=7 (a=1, excess 6) m=71 blocks 1x7 projected nullity 1, verified=True, rank 1 [split 0.0s trisolve 0.0s schur 0.0s null 0.0s lift 0.0s rank 0.0s]
  per6 (10, 6, 6, 3, 1, 1) d9 p=2147483629: a=1 n_chi=18246 mult=1 units=0 [0.1s]
  PER6 RESULT (10, 6, 6, 3, 1, 1) d9: a=1 N_S=91000 n_chi=18246 mult=1 units=0 proved: mult = a at both primes (S_mu not in the ideal over Q) (12.8s, HWM 0.26 GB)

=== rank 80 ((9, 8, 5, 3, 1, 1), 9) N_S 92612 a 5 2026-09-09T00:06:10.026156
      level 1: 33 prefixes
      level 2: 429 prefixes
      level 3: 2936 prefixes
      level 4: 12161 prefixes
      level 5: 33522 prefixes
      level 6: 67041 prefixes
      level 7: 89380 prefixes
      level 8: 92612 prefixes
      level 9: 92612 prefixes
  lam=(9, 8, 5, 3, 1, 1): N_S=92612 |Stab|=2 n_chi=37085 (orbits dropped: 18442) [lean, 0s, HWM 0.25 GB]
    E_01: |H|=2 targets 83337 canonical rows 33306 nnz 153009 (obstructed fixed targets cancelled: 4751) [0s, HWM 0.25 GB]
    E_12: |H|=2 targets 67127 canonical rows 26672 nnz 116453 (obstructed fixed targets cancelled: 3547) [1s, HWM 0.25 GB]
    E_23: |H|=2 targets 59770 canonical rows 23628 nnz 83200 (obstructed fixed targets cancelled: 2111) [1s, HWM 0.25 GB]
    E_34: |H|=1 targets 34372 canonical rows 34344 nnz 74170 (obstructed fixed targets cancelled: 0) [1s, HWM 0.25 GB]
    E_45: |H|=1 targets 55527 canonical rows 0 nnz 0 (obstructed fixed targets cancelled: 0) [1s, HWM 0.25 GB]
  built (9, 8, 5, 3, 1, 1) d9: N_S=92612 |Stab|=2 n_chi=37085 rows=117950 nnz=426832 (1s: mono 0s orbits 0s rows 1s; HWM 0.25 GB)
    hybrid[per6 9_8_5_3_1_1d9] p=2147483647 attempt 0: |S|=37051 |U|=34 (a=5, excess 29) m=98 blocks 1x34 projected nullity 5, verified=True, rank 5 [split 0.0s trisolve 0.1s schur 0.0s null 0.0s lift 0.0s rank 0.0s]
  per6 (9, 8, 5, 3, 1, 1) d9 p=2147483647: a=5 n_chi=37085 mult=5 units=0 [0.3s]
    hybrid[per6 9_8_5_3_1_1d9] p=2147483629 attempt 0: |S|=37051 |U|=34 (a=5, excess 29) m=98 blocks 1x34 projected nullity 5, verified=True, rank 5 [split 0.0s trisolve 0.0s schur 0.1s null 0.0s lift 0.0s rank 0.0s]
  per6 (9, 8, 5, 3, 1, 1) d9 p=2147483629: a=5 n_chi=37085 mult=5 units=0 [0.2s]
  PER6 RESULT (9, 8, 5, 3, 1, 1) d9: a=5 N_S=92612 n_chi=37085 mult=5 units=0 proved: mult = a at both primes (S_mu not in the ideal over Q) (13.0s, HWM 0.29 GB)

=== rank 81 ((12, 6, 3, 2, 2, 2), 9) N_S 94390 a 4 2026-09-09T00:06:56.412755
      level 1: 44 prefixes
      level 2: 762 prefixes
      level 3: 6333 prefixes
      level 4: 27854 prefixes
      level 5: 69680 prefixes
      level 6: 92476 prefixes
      level 7: 94390 prefixes
      level 8: 94390 prefixes
      level 9: 94390 prefixes
  lam=(12, 6, 3, 2, 2, 2): N_S=94390 |Stab|=6 n_chi=19219 (orbits dropped: 0) [lean, 0s, HWM 0.25 GB]
    E_01: |H|=6 targets 65728 canonical rows 13476 nnz 65577 (obstructed fixed targets cancelled: 0) [0s, HWM 0.25 GB]
    E_12: |H|=6 targets 56302 canonical rows 11652 nnz 42482 (obstructed fixed targets cancelled: 0) [1s, HWM 0.25 GB]
    E_23: |H|=2 targets 58306 canonical rows 31350 nnz 84414 (obstructed fixed targets cancelled: 0) [1s, HWM 0.25 GB]
    E_34: |H|=1 targets 70163 canonical rows 70163 nnz 140607 (obstructed fixed targets cancelled: 0) [1s, HWM 0.25 GB]
    E_45: |H|=1 targets 70163 canonical rows 70163 nnz 140607 (obstructed fixed targets cancelled: 0) [1s, HWM 0.25 GB]
  built (12, 6, 3, 2, 2, 2) d9: N_S=94390 |Stab|=6 n_chi=19219 rows=196804 nnz=473687 (2s: mono 0s orbits 0s rows 1s; HWM 0.25 GB)
    hybrid[per6 12_6_3_2_2_2d9] p=2147483647 attempt 0: |S|=19211 |U|=8 (a=4, excess 4) m=72 blocks 1x8 projected nullity 4, verified=True, rank 4 [split 0.0s trisolve 0.0s schur 0.0s null 0.0s lift 0.0s rank 0.0s]
  per6 (12, 6, 3, 2, 2, 2) d9 p=2147483647: a=4 n_chi=19219 mult=4 units=0 [0.2s]
    hybrid[per6 12_6_3_2_2_2d9] p=2147483629 attempt 0: |S|=19211 |U|=8 (a=4, excess 4) m=72 blocks 1x8 projected nullity 4, verified=True, rank 4 [split 0.0s trisolve 0.0s schur 0.0s null 0.0s lift 0.0s rank 0.0s]
  per6 (12, 6, 3, 2, 2, 2) d9 p=2147483629: a=4 n_chi=19219 mult=4 units=0 [0.2s]
  PER6 RESULT (12, 6, 3, 2, 2, 2) d9: a=4 N_S=94390 n_chi=19219 mult=4 units=0 proved: mult = a at both primes (S_mu not in the ideal over Q) (13.4s, HWM 0.28 GB)

=== rank 82 ((10, 7, 4, 4, 1, 1), 9) N_S 96277 a 4 2026-09-09T00:07:26.399218
      level 1: 33 prefixes
      level 2: 462 prefixes
      level 3: 3326 prefixes
      level 4: 14714 prefixes
      level 5: 42551 prefixes
      level 6: 80163 prefixes
      level 7: 95265 prefixes
      level 8: 96277 prefixes
      level 9: 96277 prefixes
  lam=(10, 7, 4, 4, 1, 1): N_S=96277 |Stab|=4 n_chi=19439 (orbits dropped: 10232) [lean, 0s, HWM 0.25 GB]
    E_01: |H|=4 targets 77549 canonical rows 15583 nnz 73768 (obstructed fixed targets cancelled: 5218) [0s, HWM 0.25 GB]
    E_12: |H|=2 targets 64078 canonical rows 25414 nnz 103980 (obstructed fixed targets cancelled: 3040) [1s, HWM 0.25 GB]
    E_23: |H|=2 targets 83337 canonical rows 33242 nnz 102269 (obstructed fixed targets cancelled: 2040) [1s, HWM 0.25 GB]
    E_34: |H|=1 targets 31019 canonical rows 30728 nnz 76554 (obstructed fixed targets cancelled: 0) [1s, HWM 0.25 GB]
    E_45: |H|=2 targets 57758 canonical rows 0 nnz 0 (obstructed fixed targets cancelled: 0) [1s, HWM 0.25 GB]
  built (10, 7, 4, 4, 1, 1) d9: N_S=96277 |Stab|=4 n_chi=19439 rows=104967 nnz=356571 (1s: mono 0s orbits 0s rows 1s; HWM 0.25 GB)
    hybrid[per6 10_7_4_4_1_1d9] p=2147483647 attempt 0: |S|=19430 |U|=9 (a=4, excess 5) m=73 blocks 1x9 projected nullity 4, verified=True, rank 4 [split 0.0s trisolve 0.0s schur 0.0s null 0.0s lift 0.0s rank 0.0s]
  per6 (10, 7, 4, 4, 1, 1) d9 p=2147483647: a=4 n_chi=19439 mult=4 units=0 [0.1s]
    hybrid[per6 10_7_4_4_1_1d9] p=2147483629 attempt 0: |S|=19430 |U|=9 (a=4, excess 5) m=73 blocks 1x9 projected nullity 4, verified=True, rank 4 [split 0.0s trisolve 0.0s schur 0.0s null 0.0s lift 0.0s rank 0.0s]
  per6 (10, 7, 4, 4, 1, 1) d9 p=2147483629: a=4 n_chi=19439 mult=4 units=0 [0.1s]
  PER6 RESULT (10, 7, 4, 4, 1, 1) d9: a=4 N_S=96277 n_chi=19439 mult=4 units=0 proved: mult = a at both primes (S_mu not in the ideal over Q) (12.8s, HWM 0.27 GB)

=== rank 83 ((12, 4, 4, 4, 2, 1), 9) N_S 103673 a 2 2026-09-09T00:08:10.148059
      level 1: 38 prefixes
      level 2: 603 prefixes
      level 3: 5458 prefixes
      level 4: 28556 prefixes
      level 5: 76147 prefixes
      level 6: 101591 prefixes
      level 7: 103673 prefixes
      level 8: 103673 prefixes
      level 9: 103673 prefixes
  lam=(12, 4, 4, 4, 2, 1): N_S=103673 |Stab|=6 n_chi=18385 (orbits dropped: 0) [lean, 0s, HWM 0.25 GB]
    E_01: |H|=2 targets 56339 canonical rows 28820 nnz 145402 (obstructed fixed targets cancelled: 0) [0s, HWM 0.25 GB]
    E_12: |H|=1 targets 89841 canonical rows 89841 nnz 279854 (obstructed fixed targets cancelled: 0) [0s, HWM 0.26 GB]
    E_23: |H|=1 targets 89841 canonical rows 89841 nnz 279854 (obstructed fixed targets cancelled: 0) [1s, HWM 0.26 GB]
    E_34: |H|=2 targets 55483 canonical rows 28363 nnz 88979 (obstructed fixed targets cancelled: 0) [1s, HWM 0.26 GB]
    E_45: |H|=6 targets 46302 canonical rows 8382 nnz 18385 (obstructed fixed targets cancelled: 0) [1s, HWM 0.26 GB]
  built (12, 4, 4, 4, 2, 1) d9: N_S=103673 |Stab|=6 n_chi=18385 rows=245247 nnz=812474 (2s: mono 0s orbits 0s rows 1s; HWM 0.26 GB)
    hybrid[per6 12_4_4_4_2_1d9] p=2147483647 attempt 0: |S|=18382 |U|=3 (a=2, excess 1) m=67 blocks 1x3 projected nullity 2, verified=True, rank 2 [split 0.0s trisolve 0.0s schur 0.0s null 0.0s lift 0.0s rank 0.0s]
  per6 (12, 4, 4, 4, 2, 1) d9 p=2147483647: a=2 n_chi=18385 mult=2 units=0 [0.2s]
    hybrid[per6 12_4_4_4_2_1d9] p=2147483629 attempt 0: |S|=18382 |U|=3 (a=2, excess 1) m=67 blocks 1x3 projected nullity 2, verified=True, rank 2 [split 0.0s trisolve 0.0s schur 0.0s null 0.0s lift 0.0s rank 0.0s]
  per6 (12, 4, 4, 4, 2, 1) d9 p=2147483629: a=2 n_chi=18385 mult=2 units=0 [0.2s]
  PER6 RESULT (12, 4, 4, 4, 2, 1) d9: a=2 N_S=103673 n_chi=18385 mult=2 units=0 proved: mult = a at both primes (S_mu not in the ideal over Q) (13.3s, HWM 0.28 GB)

=== rank 84 ((10, 8, 3, 3, 2, 1), 9) N_S 104078 a 3 2026-09-09T00:08:37.216086
      level 1: 40 prefixes
      level 2: 595 prefixes
      level 3: 4365 prefixes
      level 4: 18161 prefixes
      level 5: 47922 prefixes
      level 6: 86997 prefixes
      level 7: 102985 prefixes
      level 8: 104078 prefixes
      level 9: 104078 prefixes
  lam=(10, 8, 3, 3, 2, 1): N_S=104078 |Stab|=2 n_chi=50215 (orbits dropped: 3648) [lean, 0s, HWM 0.25 GB]
    E_01: |H|=2 targets 89918 canonical rows 43362 nnz 209936 (obstructed fixed targets cancelled: 1859) [0s, HWM 0.25 GB]
    E_12: |H|=1 targets 54339 canonical rows 54321 nnz 229509 (obstructed fixed targets cancelled: 0) [1s, HWM 0.25 GB]
    E_23: |H|=1 targets 86222 canonical rows 85366 nnz 211462 (obstructed fixed targets cancelled: 0) [1s, HWM 0.26 GB]
    E_34: |H|=1 targets 64078 canonical rows 64030 nnz 170084 (obstructed fixed targets cancelled: 0) [1s, HWM 0.26 GB]
    E_45: |H|=2 targets 46420 canonical rows 22176 nnz 49845 (obstructed fixed targets cancelled: 370) [1s, HWM 0.26 GB]
  built (10, 8, 3, 3, 2, 1) d9: N_S=104078 |Stab|=2 n_chi=50215 rows=269255 nnz=870836 (1s: mono 0s orbits 0s rows 1s; HWM 0.26 GB)
    hybrid[per6 10_8_3_3_2_1d9] p=2147483647 attempt 0: |S|=50204 |U|=11 (a=3, excess 8) m=75 blocks 1x11 projected nullity 3, verified=True, rank 3 [split 0.0s trisolve 0.0s schur 0.1s null 0.0s lift 0.1s rank 0.0s]
  per6 (10, 8, 3, 3, 2, 1) d9 p=2147483647: a=3 n_chi=50215 mult=3 units=0 [0.3s]
    hybrid[per6 10_8_3_3_2_1d9] p=2147483629 attempt 0: |S|=50204 |U|=11 (a=3, excess 8) m=75 blocks 1x11 projected nullity 3, verified=True, rank 3 [split 0.0s trisolve 0.0s schur 0.1s null 0.0s lift 0.1s rank 0.0s]
  per6 (10, 8, 3, 3, 2, 1) d9 p=2147483629: a=3 n_chi=50215 mult=3 units=0 [0.3s]
  PER6 RESULT (10, 8, 3, 3, 2, 1) d9: a=3 N_S=104078 n_chi=50215 mult=3 units=0 proved: mult = a at both primes (S_mu not in the ideal over Q) (13.2s, HWM 0.3 GB)

=== rank 85 ((9, 8, 4, 4, 1, 1), 9) N_S 107048 a 2 2026-09-09T00:09:07.188468
      level 1: 33 prefixes
      level 2: 448 prefixes
      level 3: 3176 prefixes
      level 4: 13499 prefixes
      level 5: 38250 prefixes
      level 6: 77443 prefixes
      level 7: 103365 prefixes
      level 8: 107048 prefixes
      level 9: 107048 prefixes
  lam=(9, 8, 4, 4, 1, 1): N_S=107048 |Stab|=4 n_chi=21652 (orbits dropped: 11281) [lean, 0s, HWM 0.25 GB]
    E_01: |H|=4 targets 96277 canonical rows 19439 nnz 89005 (obstructed fixed targets cancelled: 5851) [0s, HWM 0.25 GB]
    E_12: |H|=2 targets 67127 canonical rows 26668 nnz 116018 (obstructed fixed targets cancelled: 3547) [1s, HWM 0.25 GB]
    E_23: |H|=2 targets 92612 canonical rows 37011 nnz 114323 (obstructed fixed targets cancelled: 2248) [1s, HWM 0.26 GB]
    E_34: |H|=1 targets 34372 canonical rows 34052 nnz 85294 (obstructed fixed targets cancelled: 0) [1s, HWM 0.26 GB]
    E_45: |H|=2 targets 64136 canonical rows 0 nnz 0 (obstructed fixed targets cancelled: 0) [1s, HWM 0.26 GB]
  built (9, 8, 4, 4, 1, 1) d9: N_S=107048 |Stab|=4 n_chi=21652 rows=117170 nnz=404640 (1s: mono 0s orbits 0s rows 1s; HWM 0.26 GB)
    hybrid[per6 9_8_4_4_1_1d9] p=2147483647 attempt 0: |S|=21640 |U|=12 (a=2, excess 10) m=76 blocks 1x12 projected nullity 2, verified=True, rank 2 [split 0.0s trisolve 0.0s schur 0.0s null 0.0s lift 0.0s rank 0.0s]
  per6 (9, 8, 4, 4, 1, 1) d9 p=2147483647: a=2 n_chi=21652 mult=2 units=0 [0.1s]
    hybrid[per6 9_8_4_4_1_1d9] p=2147483629 attempt 0: |S|=21640 |U|=12 (a=2, excess 10) m=76 blocks 1x12 projected nullity 2, verified=True, rank 2 [split 0.0s trisolve 0.0s schur 0.0s null 0.0s lift 0.0s rank 0.0s]
  per6 (9, 8, 4, 4, 1, 1) d9 p=2147483629: a=2 n_chi=21652 mult=2 units=0 [0.1s]
  PER6 RESULT (9, 8, 4, 4, 1, 1) d9: a=2 N_S=107048 n_chi=21652 mult=2 units=0 proved: mult = a at both primes (S_mu not in the ideal over Q) (12.6s, HWM 0.26 GB)

=== rank 86 ((9, 7, 6, 3, 1, 1), 9) N_S 108532 a 4 2026-09-09T00:09:36.900004
      level 1: 33 prefixes
      level 2: 407 prefixes
      level 3: 2862 prefixes
      level 4: 12486 prefixes
      level 5: 36781 prefixes
      level 6: 77523 prefixes
      level 7: 104682 prefixes
      level 8: 108532 prefixes
      level 9: 108532 prefixes
  lam=(9, 7, 6, 3, 1, 1): N_S=108532 |Stab|=2 n_chi=43598 (orbits dropped: 21336) [lean, 0s, HWM 0.25 GB]
    E_01: |H|=2 targets 91000 canonical rows 36392 nnz 168179 (obstructed fixed targets cancelled: 5194) [0s, HWM 0.25 GB]
    E_12: |H|=2 targets 92612 canonical rows 37085 nnz 154213 (obstructed fixed targets cancelled: 4230) [1s, HWM 0.26 GB]
    E_23: |H|=2 targets 64040 canonical rows 25391 nnz 97931 (obstructed fixed targets cancelled: 2645) [1s, HWM 0.26 GB]
    E_34: |H|=1 targets 40115 canonical rows 40087 nnz 87196 (obstructed fixed targets cancelled: 0) [1s, HWM 0.26 GB]
    E_45: |H|=1 targets 64934 canonical rows 0 nnz 0 (obstructed fixed targets cancelled: 0) [1s, HWM 0.26 GB]
  built (9, 7, 6, 3, 1, 1) d9: N_S=108532 |Stab|=2 n_chi=43598 rows=138955 nnz=507519 (1s: mono 0s orbits 0s rows 1s; HWM 0.26 GB)
    hybrid[per6 9_7_6_3_1_1d9] p=2147483647 attempt 0: |S|=43558 |U|=40 (a=4, excess 36) m=104 blocks 1x40 projected nullity 4, verified=True, rank 4 [split 0.0s trisolve 0.2s schur 0.1s null 0.0s lift 0.0s rank 0.0s]
  per6 (9, 7, 6, 3, 1, 1) d9 p=2147483647: a=4 n_chi=43598 mult=4 units=0 [0.4s]
    hybrid[per6 9_7_6_3_1_1d9] p=2147483629 attempt 0: |S|=43558 |U|=40 (a=4, excess 36) m=104 blocks 1x40 projected nullity 4, verified=True, rank 4 [split 0.0s trisolve 0.0s schur 0.1s null 0.0s lift 0.0s rank 0.0s]
  per6 (9, 7, 6, 3, 1, 1) d9 p=2147483629: a=4 n_chi=43598 mult=4 units=0 [0.3s]
  PER6 RESULT (9, 7, 6, 3, 1, 1) d9: a=4 N_S=108532 n_chi=43598 mult=4 units=0 proved: mult = a at both primes (S_mu not in the ideal over Q) (13.0s, HWM 0.3 GB)

=== rank 87 ((9, 9, 3, 3, 2, 1), 9) N_S 109115 a 1 2026-09-09T00:10:22.903974
      level 1: 39 prefixes
      level 2: 575 prefixes
      level 3: 4039 prefixes
      level 4: 16171 prefixes
      level 5: 42106 prefixes
      level 6: 80090 prefixes
      level 7: 105396 prefixes
      level 8: 109115 prefixes
      level 9: 109115 prefixes
  lam=(9, 9, 3, 3, 2, 1): N_S=109115 |Stab|=4 n_chi=26275 (orbits dropped: 2148) [lean, 0s, HWM 0.25 GB]
    E_01: |H|=2 targets 104078 canonical rows 50208 nnz 232368 (obstructed fixed targets cancelled: 2024) [0s, HWM 0.26 GB]
    E_12: |H|=1 targets 54339 canonical rows 54339 nnz 239994 (obstructed fixed targets cancelled: 0) [1s, HWM 0.26 GB]
    E_23: |H|=2 targets 90346 canonical rows 44478 nnz 110331 (obstructed fixed targets cancelled: 227) [1s, HWM 0.26 GB]
    E_34: |H|=2 targets 67127 canonical rows 33356 nnz 88743 (obstructed fixed targets cancelled: 142) [1s, HWM 0.26 GB]
    E_45: |H|=4 targets 48613 canonical rows 11600 nnz 26049 (obstructed fixed targets cancelled: 452) [1s, HWM 0.26 GB]
  built (9, 9, 3, 3, 2, 1) d9: N_S=109115 |Stab|=4 n_chi=26275 rows=193981 nnz=697485 (2s: mono 0s orbits 0s rows 1s; HWM 0.26 GB)
    hybrid[per6 9_9_3_3_2_1d9] p=2147483647 attempt 0: |S|=26266 |U|=9 (a=1, excess 8) m=73 blocks 1x9 projected nullity 1, verified=True, rank 1 [split 0.0s trisolve 0.0s schur 0.0s null 0.0s lift 0.0s rank 0.0s]
  per6 (9, 9, 3, 3, 2, 1) d9 p=2147483647: a=1 n_chi=26275 mult=1 units=0 [0.2s]
    hybrid[per6 9_9_3_3_2_1d9] p=2147483629 attempt 0: |S|=26266 |U|=9 (a=1, excess 8) m=73 blocks 1x9 projected nullity 1, verified=True, rank 1 [split 0.0s trisolve 0.0s schur 0.0s null 0.0s lift 0.0s rank 0.0s]
  per6 (9, 9, 3, 3, 2, 1) d9 p=2147483629: a=1 n_chi=26275 mult=1 units=0 [0.2s]
  PER6 RESULT (9, 9, 3, 3, 2, 1) d9: a=1 N_S=109115 n_chi=26275 mult=1 units=0 proved: mult = a at both primes (S_mu not in the ideal over Q) (13.0s, HWM 0.28 GB)

=== rank 88 ((10, 7, 5, 2, 2, 1), 9) N_S 112307 a 8 2026-09-09T00:10:44.248906
      level 1: 37 prefixes
      level 2: 541 prefixes
      level 3: 4004 prefixes
      level 4: 17494 prefixes
      level 5: 49767 prefixes
      level 6: 93490 prefixes
      level 7: 111119 prefixes
      level 8: 112307 prefixes
      level 9: 112307 prefixes
  lam=(10, 7, 5, 2, 2, 1): N_S=112307 |Stab|=2 n_chi=59989 (orbits dropped: 0) [lean, 0s, HWM 0.25 GB]
    E_01: |H|=2 targets 90428 canonical rows 48397 nnz 232954 (obstructed fixed targets cancelled: 0) [0s, HWM 0.25 GB]
    E_12: |H|=2 targets 86222 canonical rows 46200 nnz 190650 (obstructed fixed targets cancelled: 0) [1s, HWM 0.26 GB]
    E_23: |H|=1 targets 53880 canonical rows 53880 nnz 189853 (obstructed fixed targets cancelled: 0) [1s, HWM 0.26 GB]
    E_34: |H|=1 targets 83337 canonical rows 83337 nnz 168062 (obstructed fixed targets cancelled: 0) [1s, HWM 0.26 GB]
    E_45: |H|=1 targets 50031 canonical rows 50031 nnz 112307 (obstructed fixed targets cancelled: 0) [1s, HWM 0.26 GB]
  built (10, 7, 5, 2, 2, 1) d9: N_S=112307 |Stab|=2 n_chi=59989 rows=281845 nnz=893826 (1s: mono 0s orbits 0s rows 1s; HWM 0.26 GB)
    hybrid[per6 10_7_5_2_2_1d9] p=2147483647 attempt 0: |S|=59959 |U|=30 (a=8, excess 22) m=94 blocks 1x30 projected nullity 8, verified=True, rank 8 [split 0.0s trisolve 0.2s schur 0.1s null 0.0s lift 0.2s rank 0.0s]
  per6 (10, 7, 5, 2, 2, 1) d9 p=2147483647: a=8 n_chi=59989 mult=8 units=0 [0.7s]
    hybrid[per6 10_7_5_2_2_1d9] p=2147483629 attempt 0: |S|=59959 |U|=30 (a=8, excess 22) m=94 blocks 1x30 projected nullity 8, verified=True, rank 8 [split 0.0s trisolve 0.0s schur 0.1s null 0.0s lift 0.1s rank 0.0s]
  per6 (10, 7, 5, 2, 2, 1) d9 p=2147483629: a=8 n_chi=59989 mult=8 units=0 [0.5s]
  PER6 RESULT (10, 7, 5, 2, 2, 1) d9: a=8 N_S=112307 n_chi=59989 mult=8 units=0 proved: mult = a at both primes (S_mu not in the ideal over Q) (13.5s, HWM 0.35 GB)

=== rank 89 ((8, 8, 6, 3, 1, 1), 9) N_S 115094 a 1 2026-09-09T00:10:58.129307
      level 1: 25 prefixes
      level 2: 373 prefixes
      level 3: 2632 prefixes
      level 4: 11477 prefixes
      level 5: 33356 prefixes
      level 6: 70790 prefixes
      level 7: 106317 prefixes
      level 8: 115094 prefixes
      level 9: 115094 prefixes
  lam=(8, 8, 6, 3, 1, 1): N_S=115094 |Stab|=4 n_chi=23144 (orbits dropped: 11582) [lean, 0s, HWM 0.25 GB]
    E_01: |H|=2 targets 108532 canonical rows 43598 nnz 191238 (obstructed fixed targets cancelled: 5424) [0s, HWM 0.26 GB]
    E_12: |H|=2 targets 92612 canonical rows 37085 nnz 163172 (obstructed fixed targets cancelled: 4751) [1s, HWM 0.26 GB]
    E_23: |H|=4 targets 67851 canonical rows 13456 nnz 51844 (obstructed fixed targets cancelled: 3003) [1s, HWM 0.26 GB]
    E_34: |H|=2 targets 42493 canonical rows 21436 nnz 46288 (obstructed fixed targets cancelled: 0) [1s, HWM 0.26 GB]
    E_45: |H|=2 targets 68837 canonical rows 0 nnz 0 (obstructed fixed targets cancelled: 0) [1s, HWM 0.26 GB]
  built (8, 8, 6, 3, 1, 1) d9: N_S=115094 |Stab|=4 n_chi=23144 rows=115575 nnz=452542 (1s: mono 0s orbits 0s rows 1s; HWM 0.26 GB)
    hybrid[per6 8_8_6_3_1_1d9] p=2147483647 attempt 0: |S|=23114 |U|=30 (a=1, excess 29) m=94 blocks 1x30 projected nullity 1, verified=True, rank 1 [split 0.0s trisolve 0.0s schur 0.1s null 0.0s lift 0.0s rank 0.0s]
  per6 (8, 8, 6, 3, 1, 1) d9 p=2147483647: a=1 n_chi=23144 mult=1 units=0 [0.2s]
    hybrid[per6 8_8_6_3_1_1d9] p=2147483629 attempt 0: |S|=23114 |U|=30 (a=1, excess 29) m=94 blocks 1x30 projected nullity 1, verified=True, rank 1 [split 0.0s trisolve 0.0s schur 0.1s null 0.0s lift 0.0s rank 0.0s]
  per6 (8, 8, 6, 3, 1, 1) d9 p=2147483629: a=1 n_chi=23144 mult=1 units=0 [0.2s]
  PER6 RESULT (8, 8, 6, 3, 1, 1) d9: a=1 N_S=115094 n_chi=23144 mult=1 units=0 proved: mult = a at both primes (S_mu not in the ideal over Q) (12.6s, HWM 0.27 GB)

=== rank 90 ((10, 6, 5, 4, 1, 1), 9) N_S 117091 a 4 2026-09-09T00:11:18.737281
      level 1: 33 prefixes
      level 2: 433 prefixes
      level 3: 3361 prefixes
      level 4: 15904 prefixes
      level 5: 49864 prefixes
      level 6: 97154 prefixes
      level 7: 115871 prefixes
      level 8: 117091 prefixes
      level 9: 117091 prefixes
  lam=(10, 6, 5, 4, 1, 1): N_S=117091 |Stab|=2 n_chi=47069 (orbits dropped: 22953) [lean, 0s, HWM 0.25 GB]
    E_01: |H|=2 targets 86221 canonical rows 34480 nnz 165929 (obstructed fixed targets cancelled: 5325) [0s, HWM 0.25 GB]
    E_12: |H|=2 targets 96277 canonical rows 38519 nnz 149302 (obstructed fixed targets cancelled: 3817) [1s, HWM 0.26 GB]
    E_23: |H|=2 targets 91000 canonical rows 36392 nnz 129195 (obstructed fixed targets cancelled: 3040) [1s, HWM 0.26 GB]
    E_34: |H|=1 targets 37484 canonical rows 37180 nnz 94138 (obstructed fixed targets cancelled: 0) [1s, HWM 0.26 GB]
    E_45: |H|=1 targets 70022 canonical rows 0 nnz 0 (obstructed fixed targets cancelled: 0) [1s, HWM 0.26 GB]
  built (10, 6, 5, 4, 1, 1) d9: N_S=117091 |Stab|=2 n_chi=47069 rows=146571 nnz=538564 (1s: mono 0s orbits 0s rows 1s; HWM 0.26 GB)
    hybrid[per6 10_6_5_4_1_1d9] p=2147483647 attempt 0: |S|=47036 |U|=33 (a=4, excess 29) m=97 blocks 1x33 projected nullity 4, verified=True, rank 4 [split 0.0s trisolve 0.0s schur 0.1s null 0.0s lift 0.0s rank 0.0s]
  per6 (10, 6, 5, 4, 1, 1) d9 p=2147483647: a=4 n_chi=47069 mult=4 units=0 [0.3s]
    hybrid[per6 10_6_5_4_1_1d9] p=2147483629 attempt 0: |S|=47036 |U|=33 (a=4, excess 29) m=97 blocks 1x33 projected nullity 4, verified=True, rank 4 [split 0.0s trisolve 0.1s schur 0.1s null 0.0s lift 0.0s rank 0.0s]
  per6 (10, 6, 5, 4, 1, 1) d9 p=2147483629: a=4 n_chi=47069 mult=4 units=0 [0.3s]
  PER6 RESULT (10, 6, 5, 4, 1, 1) d9: a=4 N_S=117091 n_chi=47069 mult=4 units=0 proved: mult = a at both primes (S_mu not in the ideal over Q) (13.1s, HWM 0.3 GB)

=== rank 91 ((12, 5, 4, 2, 2, 2), 9) N_S 121017 a 4 2026-09-09T00:12:06.684203
      level 1: 42 prefixes
      level 2: 772 prefixes
      level 3: 6871 prefixes
      level 4: 33982 prefixes
      level 5: 88962 prefixes
      level 6: 118593 prefixes
      level 7: 121017 prefixes
      level 8: 121017 prefixes
      level 9: 121017 prefixes
  lam=(12, 5, 4, 2, 2, 2): N_S=121017 |Stab|=6 n_chi=24490 (orbits dropped: 0) [lean, 0s, HWM 0.25 GB]
    E_01: |H|=6 targets 75683 canonical rows 15515 nnz 75779 (obstructed fixed targets cancelled: 0) [0s, HWM 0.25 GB]
    E_12: |H|=6 targets 94390 canonical rows 19219 nnz 65577 (obstructed fixed targets cancelled: 0) [1s, HWM 0.25 GB]
    E_23: |H|=2 targets 64669 canonical rows 34703 nnz 108357 (obstructed fixed targets cancelled: 0) [1s, HWM 0.25 GB]
    E_34: |H|=1 targets 89841 canonical rows 89841 nnz 181040 (obstructed fixed targets cancelled: 0) [1s, HWM 0.26 GB]
    E_45: |H|=1 targets 89841 canonical rows 89841 nnz 181040 (obstructed fixed targets cancelled: 0) [2s, HWM 0.26 GB]
  built (12, 5, 4, 2, 2, 2) d9: N_S=121017 |Stab|=6 n_chi=24490 rows=249119 nnz=611793 (2s: mono 0s orbits 0s rows 2s; HWM 0.26 GB)
    hybrid[per6 12_5_4_2_2_2d9] p=2147483647 attempt 0: |S|=24478 |U|=12 (a=4, excess 8) m=76 blocks 1x12 projected nullity 4, verified=True, rank 4 [split 0.0s trisolve 0.0s schur 0.0s null 0.0s lift 0.1s rank 0.0s]
  per6 (12, 5, 4, 2, 2, 2) d9 p=2147483647: a=4 n_chi=24490 mult=4 units=0 [0.3s]
    hybrid[per6 12_5_4_2_2_2d9] p=2147483629 attempt 0: |S|=24478 |U|=12 (a=4, excess 8) m=76 blocks 1x12 projected nullity 4, verified=True, rank 4 [split 0.0s trisolve 0.0s schur 0.0s null 0.0s lift 0.0s rank 0.0s]
  per6 (12, 5, 4, 2, 2, 2) d9 p=2147483629: a=4 n_chi=24490 mult=4 units=0 [0.3s]
  PER6 RESULT (12, 5, 4, 2, 2, 2) d9: a=4 N_S=121017 n_chi=24490 mult=4 units=0 proved: mult = a at both primes (S_mu not in the ideal over Q) (14.0s, HWM 0.29 GB)

=== rank 92 ((11, 7, 3, 2, 2, 2), 9) N_S 121150 a 4 2026-09-09T00:12:43.153518
      level 1: 44 prefixes
      level 2: 738 prefixes
      level 3: 5994 prefixes
      level 4: 26000 prefixes
      level 5: 70455 prefixes
      level 6: 112324 prefixes
      level 7: 120970 prefixes
      level 8: 121150 prefixes
      level 9: 121150 prefixes
  lam=(11, 7, 3, 2, 2, 2): N_S=121150 |Stab|=6 n_chi=24486 (orbits dropped: 0) [lean, 0s, HWM 0.25 GB]
    E_01: |H|=6 targets 94390 canonical rows 19219 nnz 92473 (obstructed fixed targets cancelled: 0) [1s, HWM 0.26 GB]
    E_12: |H|=6 targets 67064 canonical rows 13824 nnz 54474 (obstructed fixed targets cancelled: 0) [1s, HWM 0.26 GB]
    E_23: |H|=2 targets 74566 canonical rows 39986 nnz 108476 (obstructed fixed targets cancelled: 0) [1s, HWM 0.26 GB]
    E_34: |H|=1 targets 89918 canonical rows 89918 nnz 181238 (obstructed fixed targets cancelled: 0) [1s, HWM 0.26 GB]
    E_45: |H|=1 targets 89918 canonical rows 89918 nnz 181238 (obstructed fixed targets cancelled: 0) [2s, HWM 0.26 GB]
  built (11, 7, 3, 2, 2, 2) d9: N_S=121150 |Stab|=6 n_chi=24486 rows=252865 nnz=617899 (2s: mono 0s orbits 0s rows 2s; HWM 0.26 GB)
    hybrid[per6 11_7_3_2_2_2d9] p=2147483647 attempt 0: |S|=24475 |U|=11 (a=4, excess 7) m=75 blocks 1x11 projected nullity 4, verified=True, rank 4 [split 0.0s trisolve 0.0s schur 0.0s null 0.0s lift 0.1s rank 0.0s]
  per6 (11, 7, 3, 2, 2, 2) d9 p=2147483647: a=4 n_chi=24486 mult=4 units=0 [0.3s]
    hybrid[per6 11_7_3_2_2_2d9] p=2147483629 attempt 0: |S|=24475 |U|=11 (a=4, excess 7) m=75 blocks 1x11 projected nullity 4, verified=True, rank 4 [split 0.0s trisolve 0.0s schur 0.0s null 0.0s lift 0.0s rank 0.0s]
  per6 (11, 7, 3, 2, 2, 2) d9 p=2147483629: a=4 n_chi=24486 mult=4 units=0 [0.3s]
  PER6 RESULT (11, 7, 3, 2, 2, 2) d9: a=4 N_S=121150 n_chi=24486 mult=4 units=0 proved: mult = a at both primes (S_mu not in the ideal over Q) (14.3s, HWM 0.29 GB)

=== rank 93 ((10, 6, 6, 2, 2, 1), 9) N_S 122712 a 5 2026-09-09T00:13:25.147878
      level 1: 37 prefixes
      level 2: 506 prefixes
      level 3: 3828 prefixes
      level 4: 17277 prefixes
      level 5: 52549 prefixes
      level 6: 101753 prefixes
      level 7: 121399 prefixes
      level 8: 122712 prefixes
      level 9: 122712 prefixes
  lam=(10, 6, 6, 2, 2, 1): N_S=122712 |Stab|=4 n_chi=33215 (orbits dropped: 0) [lean, 0s, HWM 0.26 GB]
    E_01: |H|=2 targets 90428 canonical rows 48397 nnz 232954 (obstructed fixed targets cancelled: 0) [0s, HWM 0.26 GB]
    E_12: |H|=2 targets 112307 canonical rows 59989 nnz 230756 (obstructed fixed targets cancelled: 0) [1s, HWM 0.26 GB]
    E_23: |H|=1 targets 53880 canonical rows 53880 nnz 207574 (obstructed fixed targets cancelled: 0) [1s, HWM 0.26 GB]
    E_34: |H|=2 targets 91000 canonical rows 45946 nnz 92592 (obstructed fixed targets cancelled: 0) [1s, HWM 0.27 GB]
    E_45: |H|=2 targets 54608 canonical rows 27700 nnz 61983 (obstructed fixed targets cancelled: 0) [1s, HWM 0.27 GB]
  built (10, 6, 6, 2, 2, 1) d9: N_S=122712 |Stab|=4 n_chi=33215 rows=235912 nnz=825859 (2s: mono 0s orbits 0s rows 1s; HWM 0.27 GB)
    hybrid[per6 10_6_6_2_2_1d9] p=2147483647 attempt 0: |S|=33200 |U|=15 (a=5, excess 10) m=79 blocks 1x15 projected nullity 5, verified=True, rank 5 [split 0.0s trisolve 0.0s schur 0.1s null 0.0s lift 0.1s rank 0.0s]
  per6 (10, 6, 6, 2, 2, 1) d9 p=2147483647: a=5 n_chi=33215 mult=5 units=0 [0.4s]
    hybrid[per6 10_6_6_2_2_1d9] p=2147483629 attempt 0: |S|=33200 |U|=15 (a=5, excess 10) m=79 blocks 1x15 projected nullity 5, verified=True, rank 5 [split 0.0s trisolve 0.0s schur 0.1s null 0.0s lift 0.1s rank 0.0s]
  per6 (10, 6, 6, 2, 2, 1) d9 p=2147483629: a=5 n_chi=33215 mult=5 units=0 [0.3s]
  PER6 RESULT (10, 6, 6, 2, 2, 1) d9: a=5 N_S=122712 n_chi=33215 mult=5 units=0 proved: mult = a at both primes (S_mu not in the ideal over Q) (13.9s, HWM 0.31 GB)

=== rank 94 ((8, 7, 7, 3, 1, 1), 9) N_S 123510 a 2 2026-09-09T00:14:28.358918
      level 1: 25 prefixes
      level 2: 360 prefixes
      level 3: 2478 prefixes
      level 4: 10945 prefixes
      level 5: 33129 prefixes
      level 6: 73908 prefixes
      level 7: 113716 prefixes
      level 8: 123510 prefixes
      level 9: 123510 prefixes
  lam=(8, 7, 7, 3, 1, 1): N_S=123510 |Stab|=4 n_chi=24842 (orbits dropped: 12429) [lean, 0s, HWM 0.25 GB]
    E_01: |H|=2 targets 108532 canonical rows 43598 nnz 192329 (obstructed fixed targets cancelled: 5505) [0s, HWM 0.26 GB]
    E_12: |H|=2 targets 115094 canonical rows 46253 nnz 190815 (obstructed fixed targets cancelled: 5194) [1s, HWM 0.26 GB]
    E_23: |H|=2 targets 67851 canonical rows 26910 nnz 111263 (obstructed fixed targets cancelled: 3243) [1s, HWM 0.26 GB]
    E_34: |H|=2 targets 45478 canonical rows 22459 nnz 49266 (obstructed fixed targets cancelled: 225) [1s, HWM 0.26 GB]
    E_45: |H|=2 targets 73750 canonical rows 0 nnz 0 (obstructed fixed targets cancelled: 180) [1s, HWM 0.26 GB]
  built (8, 7, 7, 3, 1, 1) d9: N_S=123510 |Stab|=4 n_chi=24842 rows=139220 nnz=543673 (2s: mono 0s orbits 0s rows 1s; HWM 0.26 GB)
    hybrid[per6 8_7_7_3_1_1d9] p=2147483647 attempt 0: |S|=24819 |U|=23 (a=2, excess 21) m=87 blocks 1x23 projected nullity 2, verified=True, rank 2 [split 0.0s trisolve 0.0s schur 0.1s null 0.0s lift 0.0s rank 0.0s]
  per6 (8, 7, 7, 3, 1, 1) d9 p=2147483647: a=2 n_chi=24842 mult=2 units=0 [0.2s]
    hybrid[per6 8_7_7_3_1_1d9] p=2147483629 attempt 0: |S|=24819 |U|=23 (a=2, excess 21) m=87 blocks 1x23 projected nullity 2, verified=True, rank 2 [split 0.0s trisolve 0.0s schur 0.1s null 0.0s lift 0.0s rank 0.0s]
  per6 (8, 7, 7, 3, 1, 1) d9 p=2147483629: a=2 n_chi=24842 mult=2 units=0 [0.2s]
  PER6 RESULT (8, 7, 7, 3, 1, 1) d9: a=2 N_S=123510 n_chi=24842 mult=2 units=0 proved: mult = a at both primes (S_mu not in the ideal over Q) (13.9s, HWM 0.27 GB)

=== rank 95 ((9, 8, 5, 2, 2, 1), 9) N_S 124904 a 6 2026-09-09T00:15:05.895036
      level 1: 37 prefixes
      level 2: 521 prefixes
      level 3: 3757 prefixes
      level 4: 16126 prefixes
      level 5: 45047 prefixes
      level 6: 90430 prefixes
      level 7: 120594 prefixes
      level 8: 124904 prefixes
      level 9: 124904 prefixes
  lam=(9, 8, 5, 2, 2, 1): N_S=124904 |Stab|=2 n_chi=66664 (orbits dropped: 0) [lean, 0s, HWM 0.25 GB]
    E_01: |H|=2 targets 112307 canonical rows 59989 nnz 279602 (obstructed fixed targets cancelled: 0) [0s, HWM 0.26 GB]
    E_12: |H|=2 targets 90346 canonical rows 48373 nnz 212589 (obstructed fixed targets cancelled: 0) [1s, HWM 0.26 GB]
    E_23: |H|=1 targets 59770 canonical rows 59770 nnz 211398 (obstructed fixed targets cancelled: 0) [1s, HWM 0.26 GB]
    E_34: |H|=1 targets 92612 canonical rows 92612 nnz 187247 (obstructed fixed targets cancelled: 0) [1s, HWM 0.26 GB]
    E_45: |H|=1 targets 55527 canonical rows 55527 nnz 124904 (obstructed fixed targets cancelled: 0) [1s, HWM 0.26 GB]
  built (9, 8, 5, 2, 2, 1) d9: N_S=124904 |Stab|=2 n_chi=66664 rows=316271 nnz=1015740 (2s: mono 0s orbits 0s rows 1s; HWM 0.27 GB)
    hybrid[per6 9_8_5_2_2_1d9] p=2147483647 attempt 0: |S|=66623 |U|=41 (a=6, excess 35) m=105 blocks 1x41 projected nullity 6, verified=True, rank 6 [split 0.0s trisolve 0.3s schur 0.2s null 0.0s lift 0.1s rank 0.0s]
  per6 (9, 8, 5, 2, 2, 1) d9 p=2147483647: a=6 n_chi=66664 mult=6 units=0 [0.8s]
    hybrid[per6 9_8_5_2_2_1d9] p=2147483629 attempt 0: |S|=66623 |U|=41 (a=6, excess 35) m=105 blocks 1x41 projected nullity 6, verified=True, rank 6 [split 0.0s trisolve 0.0s schur 0.2s null 0.0s lift 0.1s rank 0.0s]
  per6 (9, 8, 5, 2, 2, 1) d9 p=2147483629: a=6 n_chi=66664 mult=6 units=0 [0.5s]
  PER6 RESULT (9, 8, 5, 2, 2, 1) d9: a=6 N_S=124904 n_chi=66664 mult=6 units=0 proved: mult = a at both primes (S_mu not in the ideal over Q) (14.4s, HWM 0.35 GB)

=== rank 96 ((11, 6, 4, 3, 2, 1), 9) N_S 126150 a 8 2026-09-09T00:16:27.098253
      level 1: 38 prefixes
      level 2: 626 prefixes
      level 3: 5198 prefixes
      level 4: 24725 prefixes
      level 5: 72336 prefixes
      level 6: 116969 prefixes
      level 7: 125969 prefixes
      level 8: 126150 prefixes
      level 9: 126150 prefixes
  lam=(11, 6, 4, 3, 2, 1): N_S=126150 |Stab|=1 n_chi=126150 (orbits dropped: 0) [lean, 0s, HWM 0.26 GB]
    E_01: |H|=1 targets 89841 canonical rows 89841 nnz 454042 (obstructed fixed targets cancelled: 0) [0s, HWM 0.27 GB]
    E_12: |H|=1 targets 89918 canonical rows 89918 nnz 350728 (obstructed fixed targets cancelled: 0) [1s, HWM 0.27 GB]
    E_23: |H|=1 targets 90428 canonical rows 90428 nnz 288796 (obstructed fixed targets cancelled: 0) [1s, HWM 0.27 GB]
    E_34: |H|=1 targets 77549 canonical rows 77549 nnz 213640 (obstructed fixed targets cancelled: 0) [1s, HWM 0.27 GB]
    E_45: |H|=1 targets 56072 canonical rows 56072 nnz 126150 (obstructed fixed targets cancelled: 0) [1s, HWM 0.27 GB]
  built (11, 6, 4, 3, 2, 1) d9: N_S=126150 |Stab|=1 n_chi=126150 rows=403808 nnz=1433356 (1s: mono 0s orbits 0s rows 1s; HWM 0.27 GB)
    hybrid[per6 11_6_4_3_2_1d9] p=2147483647 attempt 0: |S|=126110 |U|=40 (a=8, excess 32) m=104 blocks 1x40 projected nullity 8, verified=True, rank 8 [split 0.1s trisolve 0.5s schur 0.2s null 0.0s lift 0.2s rank 0.0s]
  per6 (11, 6, 4, 3, 2, 1) d9 p=2147483647: a=8 n_chi=126150 mult=8 units=0 [1.4s]
    hybrid[per6 11_6_4_3_2_1d9] p=2147483629 attempt 0: |S|=126110 |U|=40 (a=8, excess 32) m=104 blocks 1x40 projected nullity 8, verified=True, rank 8 [split 0.1s trisolve 0.2s schur 0.2s null 0.0s lift 0.1s rank 0.0s]
  per6 (11, 6, 4, 3, 2, 1) d9 p=2147483629: a=8 n_chi=126150 mult=8 units=0 [0.9s]
  PER6 RESULT (11, 6, 4, 3, 2, 1) d9: a=8 N_S=126150 n_chi=126150 mult=8 units=0 proved: mult = a at both primes (S_mu not in the ideal over Q) (15.6s, HWM 0.43 GB)

=== rank 97 ((10, 5, 5, 5, 1, 1), 9) N_S 130447 a 2 2026-09-09T00:16:43.159036
      level 1: 32 prefixes
      level 2: 405 prefixes
      level 3: 3143 prefixes
      level 4: 15737 prefixes
      level 5: 53488 prefixes
      level 6: 107813 prefixes
      level 7: 129093 prefixes
      level 8: 130447 prefixes
      level 9: 130447 prefixes
  lam=(10, 5, 5, 5, 1, 1): N_S=130447 |Stab|=12 n_chi=8649 (orbits dropped: 5021) [lean, 1s, HWM 0.26 GB]
    E_01: |H|=4 targets 86221 canonical rows 17158 nnz 80858 (obstructed fixed targets cancelled: 5660) [0s, HWM 0.26 GB]
    E_12: |H|=2 targets 117091 canonical rows 47039 nnz 159788 (obstructed fixed targets cancelled: 3817) [1s, HWM 0.27 GB]
    E_23: |H|=2 targets 117091 canonical rows 47039 nnz 159788 (obstructed fixed targets cancelled: 3817) [1s, HWM 0.27 GB]
    E_34: |H|=2 targets 37484 canonical rows 18366 nnz 50723 (obstructed fixed targets cancelled: 378) [1s, HWM 0.27 GB]
    E_45: |H|=6 targets 77806 canonical rows 0 nnz 0 (obstructed fixed targets cancelled: 747) [2s, HWM 0.27 GB]
  built (10, 5, 5, 5, 1, 1) d9: N_S=130447 |Stab|=12 n_chi=8649 rows=129602 nnz=451157 (2s: mono 0s orbits 1s rows 2s; HWM 0.27 GB)
    hybrid[per6 10_5_5_5_1_1d9] p=2147483647 attempt 0: |S|=8645 |U|=4 (a=2, excess 2) m=68 blocks 1x4 projected nullity 2, verified=True, rank 2 [split 0.0s trisolve 0.0s schur 0.0s null 0.0s lift 0.0s rank 0.0s]
  per6 (10, 5, 5, 5, 1, 1) d9 p=2147483647: a=2 n_chi=8649 mult=2 units=0 [0.1s]
    hybrid[per6 10_5_5_5_1_1d9] p=2147483629 attempt 0: |S|=8645 |U|=4 (a=2, excess 2) m=68 blocks 1x4 projected nullity 2, verified=True, rank 2 [split 0.0s trisolve 0.0s schur 0.0s null 0.0s lift 0.0s rank 0.0s]
  per6 (10, 5, 5, 5, 1, 1) d9 p=2147483629: a=2 n_chi=8649 mult=2 units=0 [0.1s]
  PER6 RESULT (10, 5, 5, 5, 1, 1) d9: a=2 N_S=130447 n_chi=8649 mult=2 units=0 proved: mult = a at both primes (S_mu not in the ideal over Q) (13.8s, HWM 0.27 GB)

=== rank 98 ((9, 7, 5, 4, 1, 1), 9) N_S 139872 a 6 2026-09-09T00:17:15.154458
      level 1: 33 prefixes
      level 2: 429 prefixes
      level 3: 3253 prefixes
      level 4: 15079 prefixes
      level 5: 46519 prefixes
      level 6: 99839 prefixes
      level 7: 135034 prefixes
      level 8: 139872 prefixes
      level 9: 139872 prefixes
  lam=(9, 7, 5, 4, 1, 1): N_S=139872 |Stab|=2 n_chi=56474 (orbits dropped: 26924) [lean, 0s, HWM 0.25 GB]
    E_01: |H|=2 targets 117091 canonical rows 47069 nnz 219773 (obstructed fixed targets cancelled: 6547) [0s, HWM 0.26 GB]
    E_12: |H|=2 targets 107048 canonical rows 42912 nnz 179799 (obstructed fixed targets cancelled: 4880) [1s, HWM 0.26 GB]
    E_23: |H|=2 targets 108532 canonical rows 43598 nnz 155798 (obstructed fixed targets cancelled: 3547) [1s, HWM 0.27 GB]
    E_34: |H|=1 targets 44501 canonical rows 44155 nnz 112948 (obstructed fixed targets cancelled: 0) [1s, HWM 0.27 GB]
    E_45: |H|=1 targets 83398 canonical rows 0 nnz 0 (obstructed fixed targets cancelled: 0) [1s, HWM 0.27 GB]
  built (9, 7, 5, 4, 1, 1) d9: N_S=139872 |Stab|=2 n_chi=56474 rows=177734 nnz=668318 (2s: mono 0s orbits 0s rows 1s; HWM 0.27 GB)
    hybrid[per6 9_7_5_4_1_1d9] p=2147483647 attempt 0: |S|=56417 |U|=57 (a=6, excess 51) m=121 blocks 1x57 projected nullity 6, verified=True, rank 6 [split 0.0s trisolve 0.3s schur 0.1s null 0.0s lift 0.0s rank 0.0s]
  per6 (9, 7, 5, 4, 1, 1) d9 p=2147483647: a=6 n_chi=56474 mult=6 units=0 [0.7s]
    hybrid[per6 9_7_5_4_1_1d9] p=2147483629 attempt 0: |S|=56417 |U|=57 (a=6, excess 51) m=121 blocks 1x57 projected nullity 6, verified=True, rank 6 [split 0.0s trisolve 0.1s schur 0.1s null 0.0s lift 0.0s rank 0.0s]
  per6 (9, 7, 5, 4, 1, 1) d9 p=2147483629: a=6 n_chi=56474 mult=6 units=0 [0.5s]
  PER6 RESULT (9, 7, 5, 4, 1, 1) d9: a=6 N_S=139872 n_chi=56474 mult=6 units=0 proved: mult = a at both primes (S_mu not in the ideal over Q) (14.5s, HWM 0.34 GB)

=== rank 99 ((10, 8, 3, 2, 2, 2), 9) N_S 140381 a 4 2026-09-09T00:18:41.288621
      level 1: 43 prefixes
      level 2: 712 prefixes
      level 3: 5596 prefixes
      level 4: 24136 prefixes
      level 5: 64425 prefixes
      level 6: 117381 prefixes
      level 7: 138927 prefixes
      level 8: 140381 prefixes
      level 9: 140381 prefixes
  lam=(10, 8, 3, 2, 2, 2): N_S=140381 |Stab|=6 n_chi=28309 (orbits dropped: 0) [lean, 0s, HWM 0.26 GB]
    E_01: |H|=6 targets 121150 canonical rows 24486 nnz 115494 (obstructed fixed targets cancelled: 0) [1s, HWM 0.26 GB]
    E_12: |H|=6 targets 73057 canonical rows 15028 nnz 63131 (obstructed fixed targets cancelled: 0) [1s, HWM 0.26 GB]
    E_23: |H|=2 targets 86222 canonical rows 46200 nnz 125756 (obstructed fixed targets cancelled: 0) [1s, HWM 0.26 GB]
    E_34: |H|=1 targets 104078 canonical rows 104078 nnz 210456 (obstructed fixed targets cancelled: 0) [2s, HWM 0.27 GB]
    E_45: |H|=1 targets 104078 canonical rows 104078 nnz 210456 (obstructed fixed targets cancelled: 0) [2s, HWM 0.27 GB]
  built (10, 8, 3, 2, 2, 2) d9: N_S=140381 |Stab|=6 n_chi=28309 rows=293870 nnz=725293 (2s: mono 0s orbits 0s rows 2s; HWM 0.27 GB)
    hybrid[per6 10_8_3_2_2_2d9] p=2147483647 attempt 0: |S|=28293 |U|=16 (a=4, excess 12) m=80 blocks 1x16 projected nullity 4, verified=True, rank 4 [split 0.0s trisolve 0.0s schur 0.1s null 0.0s lift 0.0s rank 0.0s]
  per6 (10, 8, 3, 2, 2, 2) d9 p=2147483647: a=4 n_chi=28309 mult=4 units=0 [0.3s]
    hybrid[per6 10_8_3_2_2_2d9] p=2147483629 attempt 0: |S|=28293 |U|=16 (a=4, excess 12) m=80 blocks 1x16 projected nullity 4, verified=True, rank 4 [split 0.0s trisolve 0.0s schur 0.1s null 0.0s lift 0.0s rank 0.0s]
  per6 (10, 8, 3, 2, 2, 2) d9 p=2147483629: a=4 n_chi=28309 mult=4 units=0 [0.3s]
  PER6 RESULT (10, 8, 3, 2, 2, 2) d9: a=4 N_S=140381 n_chi=28309 mult=4 units=0 proved: mult = a at both primes (S_mu not in the ideal over Q) (14.4s, HWM 0.3 GB)

=== rank 100 ((11, 5, 5, 3, 2, 1), 9) N_S 140463 a 4 2026-09-09T00:19:32.603566
      level 1: 38 prefixes
      level 2: 586 prefixes
      level 3: 5069 prefixes
      level 4: 25651 prefixes
      level 5: 79577 prefixes
      level 6: 130215 prefixes
      level 7: 140267 prefixes
      level 8: 140463 prefixes
      level 9: 140463 prefixes
  lam=(11, 5, 5, 3, 2, 1): N_S=140463 |Stab|=2 n_chi=69336 (orbits dropped: 1791) [lean, 0s, HWM 0.26 GB]
    E_01: |H|=1 targets 89841 canonical rows 89841 nnz 448566 (obstructed fixed targets cancelled: 0) [0s, HWM 0.26 GB]
    E_12: |H|=1 targets 126150 canonical rows 126054 nnz 439390 (obstructed fixed targets cancelled: 0) [1s, HWM 0.27 GB]
    E_23: |H|=1 targets 90428 canonical rows 90400 nnz 318426 (obstructed fixed targets cancelled: 0) [1s, HWM 0.27 GB]
    E_34: |H|=2 targets 86221 canonical rows 42514 nnz 117340 (obstructed fixed targets cancelled: 390) [1s, HWM 0.27 GB]
    E_45: |H|=2 targets 62246 canonical rows 30586 nnz 69075 (obstructed fixed targets cancelled: 261) [1s, HWM 0.27 GB]
  built (11, 5, 5, 3, 2, 1) d9: N_S=140463 |Stab|=2 n_chi=69336 rows=379395 nnz=1392797 (2s: mono 0s orbits 0s rows 1s; HWM 0.28 GB)
    hybrid[per6 11_5_5_3_2_1d9] p=2147483647 attempt 0: |S|=69320 |U|=16 (a=4, excess 12) m=80 blocks 1x16 projected nullity 4, verified=True, rank 4 [split 0.0s trisolve 0.0s schur 0.2s null 0.0s lift 0.1s rank 0.0s]
  per6 (11, 5, 5, 3, 2, 1) d9 p=2147483647: a=4 n_chi=69336 mult=4 units=0 [0.6s]
    hybrid[per6 11_5_5_3_2_1d9] p=2147483629 attempt 0: |S|=69320 |U|=16 (a=4, excess 12) m=80 blocks 1x16 projected nullity 4, verified=True, rank 4 [split 0.0s trisolve 0.0s schur 0.1s null 0.0s lift 0.1s rank 0.0s]
  per6 (11, 5, 5, 3, 2, 1) d9 p=2147483629: a=4 n_chi=69336 mult=4 units=0 [0.5s]
  PER6 RESULT (11, 5, 5, 3, 2, 1) d9: a=4 N_S=140463 n_chi=69336 mult=4 units=0 proved: mult = a at both primes (S_mu not in the ideal over Q) (14.2s, HWM 0.35 GB)

=== rank 101 ((9, 7, 6, 2, 2, 1), 9) N_S 146518 a 5 2026-09-09T00:20:34.185719
      level 1: 37 prefixes
      level 2: 497 prefixes
      level 3: 3666 prefixes
      level 4: 16528 prefixes
      level 5: 49417 prefixes
      level 6: 104663 prefixes
      level 7: 141382 prefixes
      level 8: 146518 prefixes
      level 9: 146518 prefixes
  lam=(9, 7, 6, 2, 2, 1): N_S=146518 |Stab|=2 n_chi=78101 (orbits dropped: 0) [lean, 0s, HWM 0.26 GB]
    E_01: |H|=2 targets 122712 canonical rows 65537 nnz 306281 (obstructed fixed targets cancelled: 0) [0s, HWM 0.26 GB]
    E_12: |H|=2 targets 124904 canonical rows 66664 nnz 279602 (obstructed fixed targets cancelled: 0) [1s, HWM 0.27 GB]
    E_23: |H|=1 targets 64040 canonical rows 64040 nnz 248457 (obstructed fixed targets cancelled: 0) [1s, HWM 0.27 GB]
    E_34: |H|=1 targets 108532 canonical rows 108532 nnz 220282 (obstructed fixed targets cancelled: 0) [1s, HWM 0.27 GB]
    E_45: |H|=1 targets 64934 canonical rows 64934 nnz 146518 (obstructed fixed targets cancelled: 0) [2s, HWM 0.27 GB]
  built (9, 7, 6, 2, 2, 1) d9: N_S=146518 |Stab|=2 n_chi=78101 rows=369707 nnz=1201140 (2s: mono 0s orbits 0s rows 2s; HWM 0.27 GB)
    hybrid[per6 9_7_6_2_2_1d9] p=2147483647 attempt 0: |S|=78050 |U|=51 (a=5, excess 46) m=115 blocks 1x51 projected nullity 5, verified=True, rank 5 [split 0.0s trisolve 0.1s schur 0.2s null 0.0s lift 0.1s rank 0.0s]
  per6 (9, 7, 6, 2, 2, 1) d9 p=2147483647: a=5 n_chi=78101 mult=5 units=0 [0.8s]
    hybrid[per6 9_7_6_2_2_1d9] p=2147483629 attempt 0: |S|=78050 |U|=51 (a=5, excess 46) m=115 blocks 1x51 projected nullity 5, verified=True, rank 5 [split 0.0s trisolve 0.1s schur 0.2s null 0.0s lift 0.1s rank 0.0s]
  per6 (9, 7, 6, 2, 2, 1) d9 p=2147483629: a=5 n_chi=78101 mult=5 units=0 [0.8s]
  PER6 RESULT (9, 7, 6, 2, 2, 1) d9: a=5 N_S=146518 n_chi=78101 mult=5 units=0 proved: mult = a at both primes (S_mu not in the ideal over Q) (15.0s, HWM 0.39 GB)

=== rank 102 ((9, 9, 3, 2, 2, 2), 9) N_S 147212 a 2 2026-09-09T00:22:02.136079
      level 1: 43 prefixes
      level 2: 685 prefixes
      level 3: 5137 prefixes
      level 4: 21395 prefixes
      level 5: 56622 prefixes
      level 6: 108074 prefixes
      level 7: 142243 prefixes
      level 8: 147212 prefixes
      level 9: 147212 prefixes
  lam=(9, 9, 3, 2, 2, 2): N_S=147212 |Stab|=12 n_chi=14633 (orbits dropped: 365) [lean, 1s, HWM 0.26 GB]
    E_01: |H|=6 targets 140381 canonical rows 28301 nnz 126477 (obstructed fixed targets cancelled: 0) [1s, HWM 0.27 GB]
    E_12: |H|=6 targets 73057 canonical rows 15028 nnz 65406 (obstructed fixed targets cancelled: 0) [1s, HWM 0.27 GB]
    E_23: |H|=4 targets 90346 canonical rows 23974 nnz 64997 (obstructed fixed targets cancelled: 361) [1s, HWM 0.27 GB]
    E_34: |H|=2 targets 109115 canonical rows 54072 nnz 109081 (obstructed fixed targets cancelled: 72) [2s, HWM 0.27 GB]
    E_45: |H|=2 targets 109115 canonical rows 54072 nnz 109081 (obstructed fixed targets cancelled: 72) [2s, HWM 0.27 GB]
  built (9, 9, 3, 2, 2, 2) d9: N_S=147212 |Stab|=12 n_chi=14633 rows=175447 nnz=475042 (3s: mono 0s orbits 1s rows 2s; HWM 0.27 GB)
    hybrid[per6 9_9_3_2_2_2d9] p=2147483647 attempt 0: |S|=14626 |U|=7 (a=2, excess 5) m=71 blocks 1x7 projected nullity 2, verified=True, rank 2 [split 0.0s trisolve 0.0s schur 0.0s null 0.0s lift 0.0s rank 0.0s]
  per6 (9, 9, 3, 2, 2, 2) d9 p=2147483647: a=2 n_chi=14633 mult=2 units=0 [0.2s]
    hybrid[per6 9_9_3_2_2_2d9] p=2147483629 attempt 0: |S|=14626 |U|=7 (a=2, excess 5) m=71 blocks 1x7 projected nullity 2, verified=True, rank 2 [split 0.0s trisolve 0.0s schur 0.0s null 0.0s lift 0.0s rank 0.0s]
  per6 (9, 9, 3, 2, 2, 2) d9 p=2147483629: a=2 n_chi=14633 mult=2 units=0 [0.2s]
  PER6 RESULT (9, 9, 3, 2, 2, 2) d9: a=2 N_S=147212 n_chi=14633 mult=2 units=0 proved: mult = a at both primes (S_mu not in the ideal over Q) (14.8s, HWM 0.27 GB)

=== rank 103 ((8, 8, 5, 4, 1, 1), 9) N_S 148398 a 2 2026-09-09T00:22:36.003802
      level 1: 25 prefixes
      level 2: 394 prefixes
      level 3: 3020 prefixes
      level 4: 13859 prefixes
      level 5: 41819 prefixes
      level 6: 90862 prefixes
      level 7: 137181 prefixes
      level 8: 148398 prefixes
      level 9: 148398 prefixes
  lam=(8, 8, 5, 4, 1, 1): N_S=148398 |Stab|=4 n_chi=29990 (orbits dropped: 14610) [lean, 0s, HWM 0.26 GB]
    E_01: |H|=2 targets 139872 canonical rows 56474 nnz 250258 (obstructed fixed targets cancelled: 6844) [0s, HWM 0.27 GB]
    E_12: |H|=2 targets 107048 canonical rows 42912 nnz 190306 (obstructed fixed targets cancelled: 5481) [1s, HWM 0.27 GB]
    E_23: |H|=4 targets 115094 canonical rows 23144 nnz 82612 (obstructed fixed targets cancelled: 3988) [1s, HWM 0.27 GB]
    E_34: |H|=2 targets 47143 canonical rows 23577 nnz 59980 (obstructed fixed targets cancelled: 0) [1s, HWM 0.27 GB]
    E_45: |H|=2 targets 88452 canonical rows 0 nnz 0 (obstructed fixed targets cancelled: 0) [2s, HWM 0.27 GB]
  built (8, 8, 5, 4, 1, 1) d9: N_S=148398 |Stab|=4 n_chi=29990 rows=146107 nnz=583156 (2s: mono 0s orbits 0s rows 2s; HWM 0.27 GB)
    hybrid[per6 8_8_5_4_1_1d9] p=2147483647 attempt 0: |S|=29949 |U|=41 (a=2, excess 39) m=105 blocks 1x41 projected nullity 2, verified=True, rank 2 [split 0.0s trisolve 0.1s schur 0.1s null 0.0s lift 0.0s rank 0.0s]
  per6 (8, 8, 5, 4, 1, 1) d9 p=2147483647: a=2 n_chi=29990 mult=2 units=0 [0.3s]
    hybrid[per6 8_8_5_4_1_1d9] p=2147483629 attempt 0: |S|=29949 |U|=41 (a=2, excess 39) m=105 blocks 1x41 projected nullity 2, verified=True, rank 2 [split 0.0s trisolve 0.0s schur 0.1s null 0.0s lift 0.0s rank 0.0s]
  per6 (8, 8, 5, 4, 1, 1) d9 p=2147483629: a=2 n_chi=29990 mult=2 units=0 [0.3s]
  PER6 RESULT (8, 8, 5, 4, 1, 1) d9: a=2 N_S=148398 n_chi=29990 mult=2 units=0 proved: mult = a at both primes (S_mu not in the ideal over Q) (14.3s, HWM 0.29 GB)

=== rank 104 ((9, 6, 6, 4, 1, 1), 9) N_S 152931 a 2 2026-09-09T00:23:17.272021
      level 1: 33 prefixes
      level 2: 407 prefixes
      level 3: 3051 prefixes
      level 4: 14721 prefixes
      level 5: 47880 prefixes
      level 6: 107761 prefixes
      level 7: 147514 prefixes
      level 8: 152931 prefixes
      level 9: 152931 prefixes
  lam=(9, 6, 6, 4, 1, 1): N_S=152931 |Stab|=4 n_chi=30968 (orbits dropped: 15202) [lean, 0s, HWM 0.26 GB]
    E_01: |H|=2 targets 117091 canonical rows 47069 nnz 219302 (obstructed fixed targets cancelled: 6547) [0s, HWM 0.26 GB]
    E_12: |H|=2 targets 139872 canonical rows 56462 nnz 218583 (obstructed fixed targets cancelled: 5166) [1s, HWM 0.28 GB]
    E_23: |H|=2 targets 108532 canonical rows 43598 nnz 169827 (obstructed fixed targets cancelled: 4230) [1s, HWM 0.28 GB]
    E_34: |H|=2 targets 48563 canonical rows 24397 nnz 61936 (obstructed fixed targets cancelled: 0) [1s, HWM 0.28 GB]
    E_45: |H|=2 targets 91141 canonical rows 0 nnz 0 (obstructed fixed targets cancelled: 0) [2s, HWM 0.28 GB]
  built (9, 6, 6, 4, 1, 1) d9: N_S=152931 |Stab|=4 n_chi=30968 rows=171526 nnz=669648 (2s: mono 0s orbits 0s rows 2s; HWM 0.28 GB)
    hybrid[per6 9_6_6_4_1_1d9] p=2147483647 attempt 0: |S|=30951 |U|=17 (a=2, excess 15) m=81 blocks 1x17 projected nullity 2, verified=True, rank 2 [split 0.0s trisolve 0.0s schur 0.0s null 0.0s lift 0.0s rank 0.0s]
  per6 (9, 6, 6, 4, 1, 1) d9 p=2147483647: a=2 n_chi=30968 mult=2 units=0 [0.2s]
    hybrid[per6 9_6_6_4_1_1d9] p=2147483629 attempt 0: |S|=30951 |U|=17 (a=2, excess 15) m=81 blocks 1x17 projected nullity 2, verified=True, rank 2 [split 0.0s trisolve 0.0s schur 0.0s null 0.0s lift 0.0s rank 0.0s]
  per6 (9, 6, 6, 4, 1, 1) d9 p=2147483629: a=2 n_chi=30968 mult=2 units=0 [0.2s]
  PER6 RESULT (9, 6, 6, 4, 1, 1) d9: a=2 N_S=152931 n_chi=30968 mult=2 units=0 proved: mult = a at both primes (S_mu not in the ideal over Q) (13.3s, HWM 0.28 GB)

=== rank 105 ((8, 8, 6, 2, 2, 1), 9) N_S 155458 a 3 2026-09-09T00:23:57.510201
      level 1: 28 prefixes
      level 2: 456 prefixes
      level 3: 3364 prefixes
      level 4: 15100 prefixes
      level 5: 44745 prefixes
      level 6: 95593 prefixes
      level 7: 143673 prefixes
      level 8: 155458 prefixes
      level 9: 155458 prefixes
  lam=(8, 8, 6, 2, 2, 1): N_S=155458 |Stab|=4 n_chi=41779 (orbits dropped: 0) [lean, 0s, HWM 0.26 GB]
    E_01: |H|=2 targets 146518 canonical rows 78101 nnz 348487 (obstructed fixed targets cancelled: 0) [1s, HWM 0.27 GB]
    E_12: |H|=2 targets 124904 canonical rows 66664 nnz 297093 (obstructed fixed targets cancelled: 0) [1s, HWM 0.27 GB]
    E_23: |H|=2 targets 67851 canonical rows 34157 nnz 132403 (obstructed fixed targets cancelled: 0) [1s, HWM 0.27 GB]
    E_34: |H|=2 targets 115094 canonical rows 57870 nnz 117432 (obstructed fixed targets cancelled: 0) [1s, HWM 0.27 GB]
    E_45: |H|=2 targets 68837 canonical rows 34726 nnz 78195 (obstructed fixed targets cancelled: 0) [2s, HWM 0.27 GB]
  built (8, 8, 6, 2, 2, 1) d9: N_S=155458 |Stab|=4 n_chi=41779 rows=271518 nnz=973610 (2s: mono 0s orbits 0s rows 2s; HWM 0.27 GB)
    hybrid[per6 8_8_6_2_2_1d9] p=2147483647 attempt 0: |S|=41742 |U|=37 (a=3, excess 34) m=101 blocks 1x37 projected nullity 3, verified=True, rank 3 [split 0.0s trisolve 0.1s schur 0.1s null 0.0s lift 0.0s rank 0.0s]
  per6 (8, 8, 6, 2, 2, 1) d9 p=2147483647: a=3 n_chi=41779 mult=3 units=0 [0.5s]
    hybrid[per6 8_8_6_2_2_1d9] p=2147483629 attempt 0: |S|=41742 |U|=37 (a=3, excess 34) m=101 blocks 1x37 projected nullity 3, verified=True, rank 3 [split 0.0s trisolve 0.0s schur 0.1s null 0.0s lift 0.0s rank 0.0s]
  per6 (8, 8, 6, 2, 2, 1) d9 p=2147483629: a=3 n_chi=41779 mult=3 units=0 [0.4s]
  PER6 RESULT (8, 8, 6, 2, 2, 1) d9: a=3 N_S=155458 n_chi=41779 mult=3 units=0 proved: mult = a at both primes (S_mu not in the ideal over Q) (14.1s, HWM 0.31 GB)

=== rank 106 ((10, 7, 4, 3, 2, 1), 9) N_S 157102 a 9 2026-09-09T00:24:58.940755
      level 1: 38 prefixes
      level 2: 610 prefixes
      level 3: 4950 prefixes
      level 4: 23318 prefixes
      level 5: 69059 prefixes
      level 6: 131042 prefixes
      level 7: 155539 prefixes
      level 8: 157102 prefixes
      level 9: 157102 prefixes
  lam=(10, 7, 4, 3, 2, 1): N_S=157102 |Stab|=1 n_chi=157102 (orbits dropped: 0) [lean, 0s, HWM 0.26 GB]
    E_01: |H|=1 targets 126150 canonical rows 126150 nnz 624541 (obstructed fixed targets cancelled: 0) [0s, HWM 0.28 GB]
    E_12: |H|=1 targets 104078 canonical rows 104078 nnz 439255 (obstructed fixed targets cancelled: 0) [1s, HWM 0.28 GB]
    E_23: |H|=1 targets 112307 canonical rows 112307 nnz 361116 (obstructed fixed targets cancelled: 0) [1s, HWM 0.28 GB]
    E_34: |H|=1 targets 96277 canonical rows 96277 nnz 266743 (obstructed fixed targets cancelled: 0) [1s, HWM 0.28 GB]
    E_45: |H|=1 targets 69523 canonical rows 69523 nnz 157102 (obstructed fixed targets cancelled: 0) [2s, HWM 0.28 GB]
  built (10, 7, 4, 3, 2, 1) d9: N_S=157102 |Stab|=1 n_chi=157102 rows=508335 nnz=1848757 (2s: mono 0s orbits 0s rows 2s; HWM 0.29 GB)
    hybrid[per6 10_7_4_3_2_1d9] p=2147483647 attempt 0: |S|=157049 |U|=53 (a=9, excess 44) m=117 blocks 1x53 projected nullity 9, verified=True, rank 9 [split 0.1s trisolve 0.3s schur 0.3s null 0.0s lift 0.3s rank 0.0s]
  per6 (10, 7, 4, 3, 2, 1) d9 p=2147483647: a=9 n_chi=157102 mult=9 units=0 [1.4s]
    hybrid[per6 10_7_4_3_2_1d9] p=2147483629 attempt 0: |S|=157049 |U|=53 (a=9, excess 44) m=117 blocks 1x53 projected nullity 9, verified=True, rank 9 [split 0.1s trisolve 0.2s schur 0.3s null 0.0s lift 0.2s rank 0.0s]
  per6 (10, 7, 4, 3, 2, 1) d9 p=2147483629: a=9 n_chi=157102 mult=9 units=0 [1.2s]
  PER6 RESULT (10, 7, 4, 3, 2, 1) d9: a=9 N_S=157102 n_chi=157102 mult=9 units=0 proved: mult = a at both primes (S_mu not in the ideal over Q) (16.3s, HWM 0.5 GB)

=== rank 107 ((11, 5, 4, 4, 2, 1), 9) N_S 162433 a 5 2026-09-09T00:25:15.614821
      level 1: 38 prefixes
      level 2: 601 prefixes
      level 3: 5437 prefixes
      level 4: 28880 prefixes
      level 5: 91650 prefixes
      level 6: 150611 prefixes
      level 7: 162209 prefixes
      level 8: 162433 prefixes
      level 9: 162433 prefixes
  lam=(11, 5, 4, 4, 2, 1): N_S=162433 |Stab|=2 n_chi=82737 (orbits dropped: 0) [lean, 0s, HWM 0.26 GB]
    E_01: |H|=2 targets 103673 canonical rows 52923 nnz 266804 (obstructed fixed targets cancelled: 0) [0s, HWM 0.26 GB]
    E_12: |H|=1 targets 126150 canonical rows 126150 nnz 454042 (obstructed fixed targets cancelled: 0) [1s, HWM 0.27 GB]
    E_23: |H|=1 targets 140463 canonical rows 140463 nnz 444192 (obstructed fixed targets cancelled: 0) [1s, HWM 0.28 GB]
    E_34: |H|=1 targets 86221 canonical rows 86221 nnz 275889 (obstructed fixed targets cancelled: 0) [2s, HWM 0.28 GB]
    E_45: |H|=2 targets 71862 canonical rows 36811 nnz 82737 (obstructed fixed targets cancelled: 0) [2s, HWM 0.28 GB]
  built (11, 5, 4, 4, 2, 1) d9: N_S=162433 |Stab|=2 n_chi=82737 rows=442568 nnz=1523664 (2s: mono 0s orbits 0s rows 2s; HWM 0.28 GB)
    hybrid[per6 11_5_4_4_2_1d9] p=2147483647 attempt 0: |S|=82716 |U|=21 (a=5, excess 16) m=85 blocks 1x21 projected nullity 5, verified=True, rank 5 [split 0.1s trisolve 0.1s schur 0.1s null 0.0s lift 0.1s rank 0.0s]
  per6 (11, 5, 4, 4, 2, 1) d9 p=2147483647: a=5 n_chi=82737 mult=5 units=0 [0.7s]
    hybrid[per6 11_5_4_4_2_1d9] p=2147483629 attempt 0: |S|=82716 |U|=21 (a=5, excess 16) m=85 blocks 1x21 projected nullity 5, verified=True, rank 5 [split 0.0s trisolve 0.0s schur 0.1s null 0.0s lift 0.1s rank 0.0s]
  per6 (11, 5, 4, 4, 2, 1) d9 p=2147483629: a=5 n_chi=82737 mult=5 units=0 [0.6s]
  PER6 RESULT (11, 5, 4, 4, 2, 1) d9: a=5 N_S=162433 n_chi=82737 mult=5 units=0 proved: mult = a at both primes (S_mu not in the ideal over Q) (15.0s, HWM 0.37 GB)

=== rank 108 ((8, 7, 7, 2, 2, 1), 9) N_S 166884 a 1 2026-09-09T00:25:31.106745
      level 1: 28 prefixes
      level 2: 441 prefixes
      level 3: 3175 prefixes
      level 4: 14397 prefixes
      level 5: 44397 prefixes
      level 6: 99804 prefixes
      level 7: 153729 prefixes
      level 8: 166884 prefixes
      level 9: 166884 prefixes
  lam=(8, 7, 7, 2, 2, 1): N_S=166884 |Stab|=4 n_chi=43977 (orbits dropped: 898) [lean, 0s, HWM 0.27 GB]
    E_01: |H|=2 targets 146518 canonical rows 78101 nnz 346876 (obstructed fixed targets cancelled: 0) [0s, HWM 0.27 GB]
    E_12: |H|=2 targets 155458 canonical rows 82845 nnz 343544 (obstructed fixed targets cancelled: 0) [1s, HWM 0.28 GB]
    E_23: |H|=1 targets 67851 canonical rows 67847 nnz 280910 (obstructed fixed targets cancelled: 0) [1s, HWM 0.28 GB]
    E_34: |H|=2 targets 123510 canonical rows 61083 nnz 124392 (obstructed fixed targets cancelled: 116) [2s, HWM 0.28 GB]
    E_45: |H|=2 targets 73750 canonical rows 36479 nnz 82407 (obstructed fixed targets cancelled: 238) [2s, HWM 0.28 GB]
  built (8, 7, 7, 2, 2, 1) d9: N_S=166884 |Stab|=4 n_chi=43977 rows=326355 nnz=1178129 (2s: mono 0s orbits 0s rows 2s; HWM 0.28 GB)
    hybrid[per6 8_7_7_2_2_1d9] p=2147483647 attempt 0: |S|=43952 |U|=25 (a=1, excess 24) m=89 blocks 1x25 projected nullity 1, verified=True, rank 1 [split 0.0s trisolve 0.0s schur 0.1s null 0.0s lift 0.0s rank 0.0s]
  per6 (8, 7, 7, 2, 2, 1) d9 p=2147483647: a=1 n_chi=43977 mult=1 units=0 [0.4s]
    hybrid[per6 8_7_7_2_2_1d9] p=2147483629 attempt 0: |S|=43952 |U|=25 (a=1, excess 24) m=89 blocks 1x25 projected nullity 1, verified=True, rank 1 [split 0.0s trisolve 0.0s schur 0.1s null 0.0s lift 0.0s rank 0.0s]
  per6 (8, 7, 7, 2, 2, 1) d9 p=2147483629: a=1 n_chi=43977 mult=1 units=0 [0.3s]
  PER6 RESULT (8, 7, 7, 2, 2, 1) d9: a=1 N_S=166884 n_chi=43977 mult=1 units=0 proved: mult = a at both primes (S_mu not in the ideal over Q) (14.2s, HWM 0.31 GB)

=== rank 109 ((12, 4, 4, 3, 2, 2), 9) N_S 168805 a 2 2026-09-09T00:26:02.692483
      level 1: 43 prefixes
      level 2: 795 prefixes
      level 3: 8067 prefixes
      level 4: 45044 prefixes
      level 5: 123553 prefixes
      level 6: 165489 prefixes
      level 7: 168805 prefixes
      level 8: 168805 prefixes
      level 9: 168805 prefixes
  lam=(12, 4, 4, 3, 2, 2): N_S=168805 |Stab|=4 n_chi=46063 (orbits dropped: 0) [lean, 0s, HWM 0.26 GB]
    E_01: |H|=2 targets 91060 canonical rows 48737 nnz 248041 (obstructed fixed targets cancelled: 0) [0s, HWM 0.26 GB]
    E_12: |H|=2 targets 146120 canonical rows 77883 nnz 242315 (obstructed fixed targets cancelled: 0) [1s, HWM 0.28 GB]
    E_23: |H|=2 targets 121017 canonical rows 64704 nnz 204659 (obstructed fixed targets cancelled: 0) [1s, HWM 0.28 GB]
    E_34: |H|=2 targets 103673 canonical rows 52923 nnz 145407 (obstructed fixed targets cancelled: 0) [2s, HWM 0.28 GB]
    E_45: |H|=2 targets 125159 canonical rows 63778 nnz 128890 (obstructed fixed targets cancelled: 0) [2s, HWM 0.28 GB]
  built (12, 4, 4, 3, 2, 2) d9: N_S=168805 |Stab|=4 n_chi=46063 rows=308025 nnz=969312 (2s: mono 0s orbits 0s rows 2s; HWM 0.28 GB)
    hybrid[per6 12_4_4_3_2_2d9] p=2147483647 attempt 0: |S|=46054 |U|=9 (a=2, excess 7) m=73 blocks 1x9 projected nullity 2, verified=True, rank 2 [split 0.0s trisolve 0.0s schur 0.0s null 0.0s lift 0.1s rank 0.0s]
  per6 (12, 4, 4, 3, 2, 2) d9 p=2147483647: a=2 n_chi=46063 mult=2 units=0 [0.3s]
    hybrid[per6 12_4_4_3_2_2d9] p=2147483629 attempt 0: |S|=46054 |U|=9 (a=2, excess 7) m=73 blocks 1x9 projected nullity 2, verified=True, rank 2 [split 0.0s trisolve 0.0s schur 0.0s null 0.0s lift 0.0s rank 0.0s]
  per6 (12, 4, 4, 3, 2, 2) d9 p=2147483629: a=2 n_chi=46063 mult=2 units=0 [0.3s]
  PER6 RESULT (12, 4, 4, 3, 2, 2) d9: a=2 N_S=168805 n_chi=46063 mult=2 units=0 proved: mult = a at both primes (S_mu not in the ideal over Q) (14.5s, HWM 0.3 GB)

=== rank 110 ((11, 6, 4, 2, 2, 2), 9) N_S 170298 a 8 2026-09-09T00:26:30.521485
      level 1: 42 prefixes
      level 2: 753 prefixes
      level 3: 6679 prefixes
      level 4: 32802 prefixes
      level 5: 97278 prefixes
      level 6: 157939 prefixes
      level 7: 170053 prefixes
      level 8: 170298 prefixes
      level 9: 170298 prefixes
  lam=(11, 6, 4, 2, 2, 2): N_S=170298 |Stab|=6 n_chi=34211 (orbits dropped: 0) [lean, 0s, HWM 0.26 GB]
    E_01: |H|=6 targets 121017 canonical rows 24490 nnz 119306 (obstructed fixed targets cancelled: 0) [1s, HWM 0.26 GB]
    E_12: |H|=6 targets 121150 canonical rows 24486 nnz 92473 (obstructed fixed targets cancelled: 0) [1s, HWM 0.27 GB]
    E_23: |H|=2 targets 90428 canonical rows 48397 nnz 152705 (obstructed fixed targets cancelled: 0) [2s, HWM 0.27 GB]
    E_34: |H|=1 targets 126150 canonical rows 126150 nnz 256161 (obstructed fixed targets cancelled: 0) [2s, HWM 0.28 GB]
    E_45: |H|=1 targets 126150 canonical rows 126150 nnz 256161 (obstructed fixed targets cancelled: 0) [2s, HWM 0.28 GB]
  built (11, 6, 4, 2, 2, 2) d9: N_S=170298 |Stab|=6 n_chi=34211 rows=349673 nnz=876806 (3s: mono 0s orbits 0s rows 2s; HWM 0.28 GB)
    hybrid[per6 11_6_4_2_2_2d9] p=2147483647 attempt 0: |S|=34191 |U|=20 (a=8, excess 12) m=84 blocks 1x20 projected nullity 8, verified=True, rank 8 [split 0.0s trisolve 0.0s schur 0.1s null 0.0s lift 0.1s rank 0.0s]
  per6 (11, 6, 4, 2, 2, 2) d9 p=2147483647: a=8 n_chi=34211 mult=8 units=0 [0.5s]
    hybrid[per6 11_6_4_2_2_2d9] p=2147483629 attempt 0: |S|=34191 |U|=20 (a=8, excess 12) m=84 blocks 1x20 projected nullity 8, verified=True, rank 8 [split 0.0s trisolve 0.0s schur 0.1s null 0.0s lift 0.1s rank 0.0s]
  per6 (11, 6, 4, 2, 2, 2) d9 p=2147483629: a=8 n_chi=34211 mult=8 units=0 [0.5s]
  PER6 RESULT (11, 6, 4, 2, 2, 2) d9: a=8 N_S=170298 n_chi=34211 mult=8 units=0 proved: mult = a at both primes (S_mu not in the ideal over Q) (15.1s, HWM 0.36 GB)

=== rank 111 ((9, 6, 5, 5, 1, 1), 9) N_S 170557 a 2 2026-09-09T00:27:53.070580
      level 1: 32 prefixes
      level 2: 406 prefixes
      level 3: 3150 prefixes
      level 4: 15654 prefixes
      level 5: 52505 prefixes
      level 6: 119919 prefixes
      level 7: 164554 prefixes
      level 8: 170557 prefixes
      level 9: 170557 prefixes
  lam=(9, 6, 5, 5, 1, 1): N_S=170557 |Stab|=4 n_chi=34432 (orbits dropped: 17117) [lean, 0s, HWM 0.27 GB]
    E_01: |H|=4 targets 130447 canonical rows 26196 nnz 122616 (obstructed fixed targets cancelled: 7640) [1s, HWM 0.27 GB]
    E_12: |H|=2 targets 139872 canonical rows 56470 nnz 220142 (obstructed fixed targets cancelled: 5325) [1s, HWM 0.28 GB]
    E_23: |H|=2 targets 152931 canonical rows 61772 nnz 216069 (obstructed fixed targets cancelled: 4880) [1s, HWM 0.28 GB]
    E_34: |H|=1 targets 48563 canonical rows 48563 nnz 137104 (obstructed fixed targets cancelled: 0) [2s, HWM 0.28 GB]
    E_45: |H|=2 targets 101384 canonical rows 0 nnz 0 (obstructed fixed targets cancelled: 312) [2s, HWM 0.28 GB]
  built (9, 6, 5, 5, 1, 1) d9: N_S=170557 |Stab|=4 n_chi=34432 rows=193001 nnz=695931 (2s: mono 0s orbits 0s rows 2s; HWM 0.28 GB)
    hybrid[per6 9_6_5_5_1_1d9] p=2147483647 attempt 0: |S|=34409 |U|=23 (a=2, excess 21) m=87 blocks 1x23 projected nullity 2, verified=True, rank 2 [split 0.0s trisolve 0.0s schur 0.1s null 0.0s lift 0.0s rank 0.0s]
  per6 (9, 6, 5, 5, 1, 1) d9 p=2147483647: a=2 n_chi=34432 mult=2 units=0 [0.3s]
    hybrid[per6 9_6_5_5_1_1d9] p=2147483629 attempt 0: |S|=34409 |U|=23 (a=2, excess 21) m=87 blocks 1x23 projected nullity 2, verified=True, rank 2 [split 0.0s trisolve 0.0s schur 0.1s null 0.0s lift 0.0s rank 0.0s]
  per6 (9, 6, 5, 5, 1, 1) d9 p=2147483629: a=2 n_chi=34432 mult=2 units=0 [0.3s]
  PER6 RESULT (9, 6, 5, 5, 1, 1) d9: a=2 N_S=170557 n_chi=34432 mult=2 units=0 proved: mult = a at both primes (S_mu not in the ideal over Q) (14.4s, HWM 0.29 GB)

=== rank 112 ((8, 7, 6, 4, 1, 1), 9) N_S 174261 a 2 2026-09-09T00:28:39.573971
      level 1: 25 prefixes
      level 2: 382 prefixes
      level 3: 2925 prefixes
      level 4: 14075 prefixes
      level 5: 45112 prefixes
      level 6: 103714 prefixes
      level 7: 160586 prefixes
      level 8: 174261 prefixes
      level 9: 174261 prefixes
  lam=(8, 7, 6, 4, 1, 1): N_S=174261 |Stab|=2 n_chi=70614 (orbits dropped: 33033) [lean, 0s, HWM 0.26 GB]
    E_01: |H|=2 targets 152931 canonical rows 61790 nnz 277485 (obstructed fixed targets cancelled: 7594) [1s, HWM 0.27 GB]
    E_12: |H|=2 targets 148398 canonical rows 59946 nnz 253694 (obstructed fixed targets cancelled: 6547) [1s, HWM 0.27 GB]
    E_23: |H|=2 targets 123510 canonical rows 49760 nnz 195544 (obstructed fixed targets cancelled: 4751) [1s, HWM 0.27 GB]
    E_34: |H|=1 targets 55101 canonical rows 54688 nnz 141228 (obstructed fixed targets cancelled: 0) [2s, HWM 0.27 GB]
    E_45: |H|=1 targets 103647 canonical rows 0 nnz 0 (obstructed fixed targets cancelled: 0) [2s, HWM 0.27 GB]
  built (8, 7, 6, 4, 1, 1) d9: N_S=174261 |Stab|=2 n_chi=70614 rows=226184 nnz=867951 (2s: mono 0s orbits 0s rows 2s; HWM 0.27 GB)
    hybrid[per6 8_7_6_4_1_1d9] p=2147483647 attempt 0: |S|=70536 |U|=78 (a=2, excess 76) m=142 blocks 1x78 projected nullity 2, verified=True, rank 2 [split 0.0s trisolve 0.5s schur 0.2s null 0.0s lift 0.0s rank 0.0s]
  per6 (8, 7, 6, 4, 1, 1) d9 p=2147483647: a=2 n_chi=70614 mult=2 units=0 [1.0s]
    hybrid[per6 8_7_6_4_1_1d9] p=2147483629 attempt 0: |S|=70536 |U|=78 (a=2, excess 76) m=142 blocks 1x78 projected nullity 2, verified=True, rank 2 [split 0.0s trisolve 0.2s schur 0.2s null 0.0s lift 0.0s rank 0.0s]
  per6 (8, 7, 6, 4, 1, 1) d9 p=2147483629: a=2 n_chi=70614 mult=2 units=0 [0.7s]
  PER6 RESULT (8, 7, 6, 4, 1, 1) d9: a=2 N_S=174261 n_chi=70614 mult=2 units=0 proved: mult = a at both primes (S_mu not in the ideal over Q) (14.9s, HWM 0.39 GB)

=== rank 113 ((9, 8, 4, 3, 2, 1), 9) N_S 174954 a 7 2026-09-09T00:29:31.491091
      level 1: 38 prefixes
      level 2: 593 prefixes
      level 3: 4669 prefixes
      level 4: 21297 prefixes
      level 5: 62151 prefixes
      level 6: 126760 prefixes
      level 7: 169127 prefixes
      level 8: 174954 prefixes
      level 9: 174954 prefixes
  lam=(9, 8, 4, 3, 2, 1): N_S=174954 |Stab|=1 n_chi=174954 (orbits dropped: 0) [lean, 0s, HWM 0.27 GB]
    E_01: |H|=1 targets 157102 canonical rows 157102 nnz 752157 (obstructed fixed targets cancelled: 0) [1s, HWM 0.29 GB]
    E_12: |H|=1 targets 109115 canonical rows 109115 nnz 490511 (obstructed fixed targets cancelled: 0) [1s, HWM 0.29 GB]
    E_23: |H|=1 targets 124904 canonical rows 124904 nnz 402941 (obstructed fixed targets cancelled: 0) [1s, HWM 0.29 GB]
    E_34: |H|=1 targets 107048 canonical rows 107048 nnz 297400 (obstructed fixed targets cancelled: 0) [1s, HWM 0.29 GB]
    E_45: |H|=1 targets 77263 canonical rows 77263 nnz 174954 (obstructed fixed targets cancelled: 0) [2s, HWM 0.29 GB]
  built (9, 8, 4, 3, 2, 1) d9: N_S=174954 |Stab|=1 n_chi=174954 rows=575432 nnz=2117963 (2s: mono 0s orbits 0s rows 2s; HWM 0.30 GB)
    hybrid[per6 9_8_4_3_2_1d9] p=2147483647 attempt 0: |S|=174879 |U|=75 (a=7, excess 68) m=139 blocks 1x75 projected nullity 7, verified=True, rank 7 [split 0.1s trisolve 1.2s schur 0.5s null 0.0s lift 0.2s rank 0.0s]
  per6 (9, 8, 4, 3, 2, 1) d9 p=2147483647: a=7 n_chi=174954 mult=7 units=0 [2.4s]
    hybrid[per6 9_8_4_3_2_1d9] p=2147483629 attempt 0: |S|=174879 |U|=75 (a=7, excess 68) m=139 blocks 1x75 projected nullity 7, verified=True, rank 7 [split 0.1s trisolve 0.4s schur 0.5s null 0.0s lift 0.1s rank 0.1s]
  per6 (9, 8, 4, 3, 2, 1) d9 p=2147483629: a=7 n_chi=174954 mult=7 units=0 [1.6s]
  PER6 RESULT (9, 8, 4, 3, 2, 1) d9: a=7 N_S=174954 n_chi=174954 mult=7 units=0 proved: mult = a at both primes (S_mu not in the ideal over Q) (17.4s, HWM 0.56 GB)

=== rank 114 ((7, 7, 7, 4, 1, 1), 9) N_S 187159 a 1 2026-09-09T00:29:49.270053
      level 1: 25 prefixes
      level 2: 236 prefixes
      level 3: 2339 prefixes
      level 4: 11925 prefixes
      level 5: 39670 prefixes
      level 6: 93527 prefixes
      level 7: 161169 prefixes
      level 8: 187159 prefixes
      level 9: 187159 prefixes
  lam=(7, 7, 7, 4, 1, 1): N_S=187159 |Stab|=12 n_chi=12620 (orbits dropped: 6460) [lean, 1s, HWM 0.27 GB]
    E_01: |H|=2 targets 174261 canonical rows 70610 nnz 293353 (obstructed fixed targets cancelled: 7594) [1s, HWM 0.28 GB]
    E_12: |H|=2 targets 174261 canonical rows 70610 nnz 293353 (obstructed fixed targets cancelled: 7594) [1s, HWM 0.28 GB]
    E_23: |H|=4 targets 123510 canonical rows 24841 nnz 103817 (obstructed fixed targets cancelled: 5744) [2s, HWM 0.28 GB]
    E_34: |H|=6 targets 59019 canonical rows 9482 nnz 24663 (obstructed fixed targets cancelled: 861) [2s, HWM 0.28 GB]
    E_45: |H|=6 targets 111142 canonical rows 0 nnz 0 (obstructed fixed targets cancelled: 756) [2s, HWM 0.28 GB]
  built (7, 7, 7, 4, 1, 1) d9: N_S=187159 |Stab|=12 n_chi=12620 rows=175543 nnz=715186 (3s: mono 0s orbits 1s rows 2s; HWM 0.28 GB)
    hybrid[per6 7_7_7_4_1_1d9] p=2147483647 attempt 0: |S|=12612 |U|=8 (a=1, excess 7) m=72 blocks 1x8 projected nullity 1, verified=True, rank 1 [split 0.0s trisolve 0.0s schur 0.0s null 0.0s lift 0.0s rank 0.0s]
  per6 (7, 7, 7, 4, 1, 1) d9 p=2147483647: a=1 n_chi=12620 mult=1 units=0 [0.2s]
    hybrid[per6 7_7_7_4_1_1d9] p=2147483629 attempt 0: |S|=12612 |U|=8 (a=1, excess 7) m=72 blocks 1x8 projected nullity 1, verified=True, rank 1 [split 0.0s trisolve 0.0s schur 0.0s null 0.0s lift 0.0s rank 0.0s]
  per6 (7, 7, 7, 4, 1, 1) d9 p=2147483629: a=1 n_chi=12620 mult=1 units=0 [0.2s]
  PER6 RESULT (7, 7, 7, 4, 1, 1) d9: a=1 N_S=187159 n_chi=12620 mult=1 units=0 proved: mult = a at both primes (S_mu not in the ideal over Q) (15.1s, HWM 0.29 GB)

=== rank 115 ((11, 5, 5, 2, 2, 2), 9) N_S 189708 a 1 2026-09-09T00:30:21.185646
      level 1: 42 prefixes
      level 2: 710 prefixes
      level 3: 6512 prefixes
      level 4: 34010 prefixes
      level 5: 107053 prefixes
      level 6: 175911 prefixes
      level 7: 189445 prefixes
      level 8: 189708 prefixes
      level 9: 189708 prefixes
  lam=(11, 5, 5, 2, 2, 2): N_S=189708 |Stab|=12 n_chi=18485 (orbits dropped: 947) [lean, 1s, HWM 0.27 GB]
    E_01: |H|=6 targets 121017 canonical rows 24490 nnz 116471 (obstructed fixed targets cancelled: 0) [1s, HWM 0.27 GB]
    E_12: |H|=6 targets 170298 canonical rows 34169 nnz 113735 (obstructed fixed targets cancelled: 0) [2s, HWM 0.28 GB]
    E_23: |H|=2 targets 90428 canonical rows 48358 nnz 166438 (obstructed fixed targets cancelled: 0) [2s, HWM 0.28 GB]
    E_34: |H|=2 targets 140463 canonical rows 68856 nnz 139482 (obstructed fixed targets cancelled: 212) [2s, HWM 0.28 GB]
    E_45: |H|=2 targets 140463 canonical rows 68856 nnz 139482 (obstructed fixed targets cancelled: 212) [3s, HWM 0.28 GB]
  built (11, 5, 5, 2, 2, 2) d9: N_S=189708 |Stab|=12 n_chi=18485 rows=244729 nnz=675608 (4s: mono 0s orbits 1s rows 3s; HWM 0.28 GB)
    hybrid[per6 11_5_5_2_2_2d9] p=2147483647 attempt 0: |S|=18482 |U|=3 (a=1, excess 2) m=67 blocks 1x3 projected nullity 1, verified=True, rank 1 [split 0.0s trisolve 0.0s schur 0.0s null 0.0s lift 0.0s rank 0.0s]
  per6 (11, 5, 5, 2, 2, 2) d9 p=2147483647: a=1 n_chi=18485 mult=1 units=0 [0.2s]
    hybrid[per6 11_5_5_2_2_2d9] p=2147483629 attempt 0: |S|=18482 |U|=3 (a=1, excess 2) m=67 blocks 1x3 projected nullity 1, verified=True, rank 1 [split 0.0s trisolve 0.0s schur 0.0s null 0.0s lift 0.0s rank 0.0s]
  per6 (11, 5, 5, 2, 2, 2) d9 p=2147483629: a=1 n_chi=18485 mult=1 units=0 [0.2s]
  PER6 RESULT (11, 5, 5, 2, 2, 2) d9: a=1 N_S=189708 n_chi=18485 mult=1 units=0 proved: mult = a at both primes (S_mu not in the ideal over Q) (15.6s, HWM 0.29 GB)

=== rank 116 ((10, 7, 3, 3, 3, 1), 9) N_S 190354 a 1 2026-09-09T00:30:52.133138
      level 1: 39 prefixes
      level 2: 655 prefixes
      level 3: 5538 prefixes
      level 4: 27298 prefixes
      level 5: 83125 prefixes
      level 6: 158912 prefixes
      level 7: 188525 prefixes
      level 8: 190354 prefixes
      level 9: 190354 prefixes
  lam=(10, 7, 3, 3, 3, 1): N_S=190354 |Stab|=6 n_chi=28871 (orbits dropped: 5824) [lean, 1s, HWM 0.27 GB]
    E_01: |H|=6 targets 152599 canonical rows 23053 nnz 112589 (obstructed fixed targets cancelled: 8094) [1s, HWM 0.28 GB]
    E_12: |H|=2 targets 104078 canonical rows 50159 nnz 198728 (obstructed fixed targets cancelled: 1662) [1s, HWM 0.28 GB]
    E_23: |H|=1 targets 157102 canonical rows 155460 nnz 370758 (obstructed fixed targets cancelled: 0) [2s, HWM 0.28 GB]
    E_34: |H|=1 targets 157102 canonical rows 155460 nnz 370758 (obstructed fixed targets cancelled: 0) [2s, HWM 0.29 GB]
    E_45: |H|=2 targets 69523 canonical rows 33310 nnz 85839 (obstructed fixed targets cancelled: 722) [2s, HWM 0.29 GB]
  built (10, 7, 3, 3, 3, 1) d9: N_S=190354 |Stab|=6 n_chi=28871 rows=417442 nnz=1138672 (3s: mono 0s orbits 1s rows 2s; HWM 0.29 GB)
    hybrid[per6 10_7_3_3_3_1d9] p=2147483647 attempt 0: |S|=28867 |U|=4 (a=1, excess 3) m=68 blocks 1x4 projected nullity 1, verified=True, rank 1 [split 0.0s trisolve 0.0s schur 0.0s null 0.0s lift 0.0s rank 0.0s]
  per6 (10, 7, 3, 3, 3, 1) d9 p=2147483647: a=1 n_chi=28871 mult=1 units=0 [0.3s]
    hybrid[per6 10_7_3_3_3_1d9] p=2147483629 attempt 0: |S|=28867 |U|=4 (a=1, excess 3) m=68 blocks 1x4 projected nullity 1, verified=True, rank 1 [split 0.0s trisolve 0.0s schur 0.1s null 0.0s lift 0.0s rank 0.0s]
  per6 (10, 7, 3, 3, 3, 1) d9 p=2147483629: a=1 n_chi=28871 mult=1 units=0 [0.3s]
  PER6 RESULT (10, 7, 3, 3, 3, 1) d9: a=1 N_S=190354 n_chi=28871 mult=1 units=0 proved: mult = a at both primes (S_mu not in the ideal over Q) (14.8s, HWM 0.31 GB)

=== rank 117 ((10, 6, 5, 3, 2, 1), 9) N_S 191526 a 9 2026-09-09T00:31:15.315004
      level 1: 38 prefixes
      level 2: 578 prefixes
      level 3: 4984 prefixes
      level 4: 25134 prefixes
      level 5: 81005 prefixes
      level 6: 159178 prefixes
      level 7: 189632 prefixes
      level 8: 191526 prefixes
      level 9: 191526 prefixes
  lam=(10, 6, 5, 3, 2, 1): N_S=191526 |Stab|=1 n_chi=191526 (orbits dropped: 0) [lean, 0s, HWM 0.27 GB]
    E_01: |H|=1 targets 140463 canonical rows 140463 nnz 699223 (obstructed fixed targets cancelled: 0) [1s, HWM 0.29 GB]
    E_12: |H|=1 targets 157102 canonical rows 157102 nnz 624541 (obstructed fixed targets cancelled: 0) [1s, HWM 0.29 GB]
    E_23: |H|=1 targets 122712 canonical rows 122712 nnz 441899 (obstructed fixed targets cancelled: 0) [1s, HWM 0.29 GB]
    E_34: |H|=1 targets 117091 canonical rows 117091 nnz 326036 (obstructed fixed targets cancelled: 0) [2s, HWM 0.29 GB]
    E_45: |H|=1 targets 84403 canonical rows 84403 nnz 191526 (obstructed fixed targets cancelled: 0) [2s, HWM 0.29 GB]
  built (10, 6, 5, 3, 2, 1) d9: N_S=191526 |Stab|=1 n_chi=191526 rows=621771 nnz=2283225 (2s: mono 0s orbits 0s rows 2s; HWM 0.30 GB)
    hybrid[per6 10_6_5_3_2_1d9] p=2147483647 attempt 0: |S|=191457 |U|=69 (a=9, excess 60) m=133 blocks 1x69 projected nullity 9, verified=True, rank 9 [split 0.1s trisolve 1.1s schur 0.5s null 0.0s lift 0.2s rank 0.1s]
  per6 (10, 6, 5, 3, 2, 1) d9 p=2147483647: a=9 n_chi=191526 mult=9 units=0 [2.5s]
    hybrid[per6 10_6_5_3_2_1d9] p=2147483629 attempt 0: |S|=191457 |U|=69 (a=9, excess 60) m=133 blocks 1x69 projected nullity 9, verified=True, rank 9 [split 0.1s trisolve 0.8s schur 0.5s null 0.0s lift 0.2s rank 0.1s]
  per6 (10, 6, 5, 3, 2, 1) d9 p=2147483629: a=9 n_chi=191526 mult=9 units=0 [2.2s]
  PER6 RESULT (10, 6, 5, 3, 2, 1) d9: a=9 N_S=191526 n_chi=191526 mult=9 units=0 proved: mult = a at both primes (S_mu not in the ideal over Q) (18.7s, HWM 0.58 GB)

=== rank 118 ((8, 7, 5, 5, 1, 1), 9) N_S 194445 a 2 2026-09-09T00:31:34.446852
      level 1: 25 prefixes
      level 2: 382 prefixes
      level 3: 3034 prefixes
      level 4: 14997 prefixes
      level 5: 49134 prefixes
      level 6: 115085 prefixes
      level 7: 179159 prefixes
      level 8: 194445 prefixes
      level 9: 194445 prefixes
  lam=(8, 7, 5, 5, 1, 1): N_S=194445 |Stab|=4 n_chi=39362 (orbits dropped: 19257) [lean, 0s, HWM 0.27 GB]
    E_01: |H|=4 targets 170557 canonical rows 34432 nnz 154662 (obstructed fixed targets cancelled: 8880) [1s, HWM 0.28 GB]
    E_12: |H|=2 targets 148398 canonical rows 59940 nnz 252248 (obstructed fixed targets cancelled: 6547) [1s, HWM 0.28 GB]
    E_23: |H|=2 targets 174261 canonical rows 70596 nnz 248198 (obstructed fixed targets cancelled: 5481) [2s, HWM 0.29 GB]
    E_34: |H|=1 targets 55101 canonical rows 55100 nnz 156778 (obstructed fixed targets cancelled: 0) [2s, HWM 0.29 GB]
    E_45: |H|=2 targets 115363 canonical rows 0 nnz 0 (obstructed fixed targets cancelled: 335) [2s, HWM 0.29 GB]
  built (8, 7, 5, 5, 1, 1) d9: N_S=194445 |Stab|=4 n_chi=39362 rows=220068 nnz=811886 (3s: mono 0s orbits 0s rows 2s; HWM 0.29 GB)
    hybrid[per6 8_7_5_5_1_1d9] p=2147483647 attempt 0: |S|=39331 |U|=31 (a=2, excess 29) m=95 blocks 1x31 projected nullity 2, verified=True, rank 2 [split 0.0s trisolve 0.0s schur 0.1s null 0.0s lift 0.0s rank 0.0s]
  per6 (8, 7, 5, 5, 1, 1) d9 p=2147483647: a=2 n_chi=39362 mult=2 units=0 [0.3s]
    hybrid[per6 8_7_5_5_1_1d9] p=2147483629 attempt 0: |S|=39331 |U|=31 (a=2, excess 29) m=95 blocks 1x31 projected nullity 2, verified=True, rank 2 [split 0.0s trisolve 0.0s schur 0.1s null 0.0s lift 0.0s rank 0.0s]
  per6 (8, 7, 5, 5, 1, 1) d9 p=2147483629: a=2 n_chi=39362 mult=2 units=0 [0.3s]
  PER6 RESULT (8, 7, 5, 5, 1, 1) d9: a=2 N_S=194445 n_chi=39362 mult=2 units=0 proved: mult = a at both primes (S_mu not in the ideal over Q) (14.6s, HWM 0.3 GB)

=== rank 119 ((11, 5, 4, 3, 3, 1), 9) N_S 196741 a 2 2026-09-09T00:32:28.591215
      level 1: 39 prefixes
      level 2: 653 prefixes
      level 3: 6245 prefixes
      level 4: 34387 prefixes
      level 5: 110779 prefixes
      level 6: 182573 prefixes
      level 7: 196484 prefixes
      level 8: 196741 prefixes
      level 9: 196741 prefixes
  lam=(11, 5, 4, 3, 3, 1): N_S=196741 |Stab|=2 n_chi=95363 (orbits dropped: 6015) [lean, 0s, HWM 0.27 GB]
    E_01: |H|=2 targets 125159 canonical rows 60480 nnz 307962 (obstructed fixed targets cancelled: 2550) [0s, HWM 0.27 GB]
    E_12: |H|=2 targets 152599 canonical rows 73869 nnz 266375 (obstructed fixed targets cancelled: 1803) [1s, HWM 0.28 GB]
    E_23: |H|=1 targets 140463 canonical rows 140246 nnz 440737 (obstructed fixed targets cancelled: 0) [1s, HWM 0.28 GB]
    E_34: |H|=1 targets 162433 canonical rows 161066 nnz 407733 (obstructed fixed targets cancelled: 0) [2s, HWM 0.29 GB]
    E_45: |H|=1 targets 71862 canonical rows 71862 nnz 190726 (obstructed fixed targets cancelled: 0) [2s, HWM 0.29 GB]
  built (11, 5, 4, 3, 3, 1) d9: N_S=196741 |Stab|=2 n_chi=95363 rows=507523 nnz=1613533 (3s: mono 0s orbits 0s rows 2s; HWM 0.29 GB)
    hybrid[per6 11_5_4_3_3_1d9] p=2147483647 attempt 0: |S|=95346 |U|=17 (a=2, excess 15) m=81 blocks 1x17 projected nullity 2, verified=True, rank 2 [split 0.0s trisolve 0.1s schur 0.1s null 0.0s lift 0.0s rank 0.0s]
  per6 (11, 5, 4, 3, 3, 1) d9 p=2147483647: a=2 n_chi=95363 mult=2 units=0 [0.7s]
    hybrid[per6 11_5_4_3_3_1d9] p=2147483629 attempt 0: |S|=95346 |U|=17 (a=2, excess 15) m=81 blocks 1x17 projected nullity 2, verified=True, rank 2 [split 0.0s trisolve 0.1s schur 0.1s null 0.0s lift 0.0s rank 0.0s]
  per6 (11, 5, 4, 3, 3, 1) d9 p=2147483629: a=2 n_chi=95363 mult=2 units=0 [0.6s]
  PER6 RESULT (11, 5, 4, 3, 3, 1) d9: a=2 N_S=196741 n_chi=95363 mult=2 units=0 proved: mult = a at both primes (S_mu not in the ideal over Q) (15.7s, HWM 0.35 GB)

=== rank 120 ((11, 6, 3, 3, 2, 2), 9) N_S 206115 a 1 2026-09-09T00:33:08.031945
      level 1: 43 prefixes
      level 2: 808 prefixes
      level 3: 7545 prefixes
      level 4: 38771 prefixes
      level 5: 117421 prefixes
      level 6: 191345 prefixes
      level 7: 205840 prefixes
      level 8: 206115 prefixes
      level 9: 206115 prefixes
  lam=(11, 6, 3, 3, 2, 2): N_S=206115 |Stab|=4 n_chi=52694 (orbits dropped: 4200) [lean, 0s, HWM 0.27 GB]
    E_01: |H|=4 targets 146120 canonical rows 37367 nnz 187466 (obstructed fixed targets cancelled: 3570) [1s, HWM 0.27 GB]
    E_12: |H|=2 targets 121150 canonical rows 64698 nnz 241290 (obstructed fixed targets cancelled: 0) [1s, HWM 0.27 GB]
    E_23: |H|=2 targets 170298 canonical rows 89955 nnz 222562 (obstructed fixed targets cancelled: 0) [2s, HWM 0.29 GB]
    E_34: |H|=1 targets 126150 canonical rows 126024 nnz 338592 (obstructed fixed targets cancelled: 0) [2s, HWM 0.29 GB]
    E_45: |H|=2 targets 152599 canonical rows 73192 nnz 149397 (obstructed fixed targets cancelled: 462) [2s, HWM 0.30 GB]
  built (11, 6, 3, 3, 2, 2) d9: N_S=206115 |Stab|=4 n_chi=52694 rows=391236 nnz=1139307 (3s: mono 0s orbits 0s rows 2s; HWM 0.30 GB)
    hybrid[per6 11_6_3_3_2_2d9] p=2147483647 attempt 0: |S|=52685 |U|=9 (a=1, excess 8) m=73 blocks 1x9 projected nullity 1, verified=True, rank 1 [split 0.0s trisolve 0.0s schur 0.1s null 0.0s lift 0.0s rank 0.0s]
  per6 (11, 6, 3, 3, 2, 2) d9 p=2147483647: a=1 n_chi=52694 mult=1 units=0 [0.3s]
    hybrid[per6 11_6_3_3_2_2d9] p=2147483629 attempt 0: |S|=52685 |U|=9 (a=1, excess 8) m=73 blocks 1x9 projected nullity 1, verified=True, rank 1 [split 0.0s trisolve 0.0s schur 0.1s null 0.0s lift 0.0s rank 0.0s]
  per6 (11, 6, 3, 3, 2, 2) d9 p=2147483629: a=1 n_chi=52694 mult=1 units=0 [0.3s]
  PER6 RESULT (11, 6, 3, 3, 2, 2) d9: a=1 N_S=206115 n_chi=52694 mult=1 units=0 proved: mult = a at both primes (S_mu not in the ideal over Q) (15.4s, HWM 0.31 GB)

=== rank 121 ((10, 7, 4, 2, 2, 2), 9) N_S 212379 a 7 2026-09-09T00:33:27.703797
      level 1: 42 prefixes
      level 2: 730 prefixes
      level 3: 6325 prefixes
      level 4: 30941 prefixes
      level 5: 92948 prefixes
      level 6: 177197 prefixes
      level 7: 210296 prefixes
      level 8: 212379 prefixes
      level 9: 212379 prefixes
  lam=(10, 7, 4, 2, 2, 2): N_S=212379 |Stab|=6 n_chi=42428 (orbits dropped: 0) [lean, 1s, HWM 0.28 GB]
    E_01: |H|=6 targets 170298 canonical rows 34211 nnz 163600 (obstructed fixed targets cancelled: 0) [1s, HWM 0.28 GB]
    E_12: |H|=6 targets 140381 canonical rows 28309 nnz 115494 (obstructed fixed targets cancelled: 0) [2s, HWM 0.28 GB]
    E_23: |H|=2 targets 112307 canonical rows 59989 nnz 190650 (obstructed fixed targets cancelled: 0) [2s, HWM 0.28 GB]
    E_34: |H|=1 targets 157102 canonical rows 157102 nnz 320684 (obstructed fixed targets cancelled: 0) [2s, HWM 0.28 GB]
    E_45: |H|=1 targets 157102 canonical rows 157102 nnz 320684 (obstructed fixed targets cancelled: 0) [3s, HWM 0.29 GB]
  built (10, 7, 4, 2, 2, 2) d9: N_S=212379 |Stab|=6 n_chi=42428 rows=436713 nnz=1111112 (4s: mono 0s orbits 1s rows 3s; HWM 0.29 GB)
    hybrid[per6 10_7_4_2_2_2d9] p=2147483647 attempt 0: |S|=42400 |U|=28 (a=7, excess 21) m=92 blocks 1x28 projected nullity 7, verified=True, rank 7 [split 0.0s trisolve 0.1s schur 0.2s null 0.0s lift 0.1s rank 0.0s]
  per6 (10, 7, 4, 2, 2, 2) d9 p=2147483647: a=7 n_chi=42428 mult=7 units=0 [0.8s]
    hybrid[per6 10_7_4_2_2_2d9] p=2147483629 attempt 0: |S|=42400 |U|=28 (a=7, excess 21) m=92 blocks 1x28 projected nullity 7, verified=True, rank 7 [split 0.0s trisolve 0.0s schur 0.2s null 0.0s lift 0.2s rank 0.0s]
  per6 (10, 7, 4, 2, 2, 2) d9 p=2147483629: a=7 n_chi=42428 mult=7 units=0 [0.8s]
  PER6 RESULT (10, 7, 4, 2, 2, 2) d9: a=7 N_S=212379 n_chi=42428 mult=7 units=0 proved: mult = a at both primes (S_mu not in the ideal over Q) (17.0s, HWM 0.37 GB)

=== rank 122 ((10, 6, 4, 4, 2, 1), 9) N_S 221806 a 8 2026-09-09T00:35:19.143508
      level 1: 38 prefixes
      level 2: 598 prefixes
      level 3: 5340 prefixes
      level 4: 28020 prefixes
      level 5: 93001 prefixes
      level 6: 184328 prefixes
      level 7: 219646 prefixes
      level 8: 221806 prefixes
      level 9: 221806 prefixes
  lam=(10, 6, 4, 4, 2, 1): N_S=221806 |Stab|=2 n_chi=112891 (orbits dropped: 0) [lean, 0s, HWM 0.27 GB]
    E_01: |H|=2 targets 162433 canonical rows 82737 nnz 411160 (obstructed fixed targets cancelled: 0) [1s, HWM 0.27 GB]
    E_12: |H|=1 targets 157102 canonical rows 157102 nnz 624541 (obstructed fixed targets cancelled: 0) [1s, HWM 0.29 GB]
    E_23: |H|=1 targets 191526 canonical rows 191526 nnz 611491 (obstructed fixed targets cancelled: 0) [2s, HWM 0.31 GB]
    E_34: |H|=1 targets 117091 canonical rows 117091 nnz 377965 (obstructed fixed targets cancelled: 0) [2s, HWM 0.31 GB]
    E_45: |H|=2 targets 97585 canonical rows 49946 nnz 112891 (obstructed fixed targets cancelled: 0) [2s, HWM 0.31 GB]
  built (10, 6, 4, 4, 2, 1) d9: N_S=221806 |Stab|=2 n_chi=112891 rows=598402 nnz=2138048 (3s: mono 0s orbits 0s rows 2s; HWM 0.31 GB)
    hybrid[per6 10_6_4_4_2_1d9] p=2147483647 attempt 0: |S|=112860 |U|=31 (a=8, excess 23) m=95 blocks 1x31 projected nullity 8, verified=True, rank 8 [split 0.1s trisolve 0.3s schur 0.3s null 0.0s lift 0.5s rank 0.0s]
  per6 (10, 6, 4, 4, 2, 1) d9 p=2147483647: a=8 n_chi=112891 mult=8 units=0 [1.7s]
    hybrid[per6 10_6_4_4_2_1d9] p=2147483629 attempt 0: |S|=112860 |U|=31 (a=8, excess 23) m=95 blocks 1x31 projected nullity 8, verified=True, rank 8 [split 0.1s trisolve 0.1s schur 0.3s null 0.0s lift 0.2s rank 0.0s]
  per6 (10, 6, 4, 4, 2, 1) d9 p=2147483629: a=8 n_chi=112891 mult=8 units=0 [1.0s]
  PER6 RESULT (10, 6, 4, 4, 2, 1) d9: a=8 N_S=221806 n_chi=112891 mult=8 units=0 proved: mult = a at both primes (S_mu not in the ideal over Q) (18.2s, HWM 0.49 GB)

=== rank 123 ((11, 4, 4, 4, 3, 1), 9) N_S 227723 a 1 2026-09-09T00:35:37.855653
      level 1: 38 prefixes
      level 2: 627 prefixes
      level 3: 6166 prefixes
      level 4: 36907 prefixes
      level 5: 126511 prefixes
      level 6: 211204 prefixes
      level 7: 227426 prefixes
      level 8: 227723 prefixes
      level 9: 227723 prefixes
  lam=(11, 4, 4, 4, 3, 1): N_S=227723 |Stab|=6 n_chi=39945 (orbits dropped: 0) [lean, 1s, HWM 0.28 GB]
    E_01: |H|=2 targets 125159 canonical rows 63778 nnz 324638 (obstructed fixed targets cancelled: 0) [0s, HWM 0.28 GB]
    E_12: |H|=1 targets 196741 canonical rows 196741 nnz 627669 (obstructed fixed targets cancelled: 0) [1s, HWM 0.29 GB]
    E_23: |H|=1 targets 196741 canonical rows 196741 nnz 627669 (obstructed fixed targets cancelled: 0) [2s, HWM 0.31 GB]
    E_34: |H|=2 targets 162433 canonical rows 82737 nnz 266799 (obstructed fixed targets cancelled: 0) [2s, HWM 0.31 GB]
    E_45: |H|=6 targets 83020 canonical rows 14900 nnz 39945 (obstructed fixed targets cancelled: 0) [3s, HWM 0.31 GB]
  built (11, 4, 4, 4, 3, 1) d9: N_S=227723 |Stab|=6 n_chi=39945 rows=554897 nnz=1886720 (4s: mono 0s orbits 1s rows 3s; HWM 0.31 GB)
    hybrid[per6 11_4_4_4_3_1d9] p=2147483647 attempt 0: |S|=39940 |U|=5 (a=1, excess 4) m=69 blocks 1x5 projected nullity 1, verified=True, rank 1 [split 0.0s trisolve 0.0s schur 0.1s null 0.0s lift 0.1s rank 0.0s]
  per6 (11, 4, 4, 4, 3, 1) d9 p=2147483647: a=1 n_chi=39945 mult=1 units=0 [0.4s]
    hybrid[per6 11_4_4_4_3_1d9] p=2147483629 attempt 0: |S|=39940 |U|=5 (a=1, excess 4) m=69 blocks 1x5 projected nullity 1, verified=True, rank 1 [split 0.0s trisolve 0.0s schur 0.1s null 0.0s lift 0.1s rank 0.0s]
  per6 (11, 4, 4, 4, 3, 1) d9 p=2147483629: a=1 n_chi=39945 mult=1 units=0 [0.4s]
  PER6 RESULT (11, 4, 4, 4, 3, 1) d9: a=1 N_S=227723 n_chi=39945 mult=1 units=0 proved: mult = a at both primes (S_mu not in the ideal over Q) (16.0s, HWM 0.35 GB)

=== rank 124 ((7, 7, 6, 5, 1, 1), 9) N_S 228591 a 1 2026-09-09T00:36:09.142276
      level 1: 25 prefixes
      level 2: 240 prefixes
      level 3: 2491 prefixes
      level 4: 13457 prefixes
      level 5: 46657 prefixes
      level 6: 112924 prefixes
      level 7: 196649 prefixes
      level 8: 228591 prefixes
      level 9: 228591 prefixes
  lam=(7, 7, 6, 5, 1, 1): N_S=228591 |Stab|=4 n_chi=46562 (orbits dropped: 21725) [lean, 0s, HWM 0.28 GB]
    E_01: |H|=2 targets 212748 canonical rows 86598 nnz 365991 (obstructed fixed targets cancelled: 9087) [1s, HWM 0.29 GB]
    E_12: |H|=2 targets 194445 canonical rows 79082 nnz 336704 (obstructed fixed targets cancelled: 8312) [1s, HWM 0.29 GB]
    E_23: |H|=4 targets 187159 canonical rows 37959 nnz 150449 (obstructed fixed targets cancelled: 7252) [2s, HWM 0.29 GB]
    E_34: |H|=2 targets 64441 canonical rows 31881 nnz 92391 (obstructed fixed targets cancelled: 391) [2s, HWM 0.29 GB]
    E_45: |H|=2 targets 135338 canonical rows 0 nnz 0 (obstructed fixed targets cancelled: 281) [3s, HWM 0.29 GB]
  built (7, 7, 6, 5, 1, 1) d9: N_S=228591 |Stab|=4 n_chi=46562 rows=235520 nnz=945535 (3s: mono 0s orbits 0s rows 3s; HWM 0.29 GB)
    hybrid[per6 7_7_6_5_1_1d9] p=2147483647 attempt 0: |S|=46527 |U|=35 (a=1, excess 34) m=99 blocks 1x35 projected nullity 1, verified=True, rank 1 [split 0.0s trisolve 0.1s schur 0.1s null 0.0s lift 0.0s rank 0.0s]
  per6 (7, 7, 6, 5, 1, 1) d9 p=2147483647: a=1 n_chi=46562 mult=1 units=0 [0.5s]
    hybrid[per6 7_7_6_5_1_1d9] p=2147483629 attempt 0: |S|=46527 |U|=35 (a=1, excess 34) m=99 blocks 1x35 projected nullity 1, verified=True, rank 1 [split 0.0s trisolve 0.0s schur 0.1s null 0.0s lift 0.0s rank 0.0s]
  per6 (7, 7, 6, 5, 1, 1) d9 p=2147483629: a=1 n_chi=46562 mult=1 units=0 [0.4s]
  PER6 RESULT (7, 7, 6, 5, 1, 1) d9: a=1 N_S=228591 n_chi=46562 mult=1 units=0 proved: mult = a at both primes (S_mu not in the ideal over Q) (15.9s, HWM 0.32 GB)

=== rank 125 ((9, 7, 5, 3, 2, 1), 9) N_S 229373 a 9 2026-09-09T00:36:49.176927
      level 1: 38 prefixes
      level 2: 572 prefixes
      level 3: 4776 prefixes
      level 4: 23731 prefixes
      level 5: 75653 prefixes
      level 6: 163925 prefixes
      level 7: 221689 prefixes
      level 8: 229373 prefixes
      level 9: 229373 prefixes
  lam=(9, 7, 5, 3, 2, 1): N_S=229373 |Stab|=1 n_chi=229373 (orbits dropped: 0) [lean, 0s, HWM 0.28 GB]
    E_01: |H|=1 targets 191526 canonical rows 191526 nnz 924367 (obstructed fixed targets cancelled: 0) [1s, HWM 0.31 GB]
    E_12: |H|=1 targets 174954 canonical rows 174954 nnz 752157 (obstructed fixed targets cancelled: 0) [1s, HWM 0.31 GB]
    E_23: |H|=1 targets 146518 canonical rows 146518 nnz 531093 (obstructed fixed targets cancelled: 0) [2s, HWM 0.31 GB]
    E_34: |H|=1 targets 139872 canonical rows 139872 nnz 391363 (obstructed fixed targets cancelled: 0) [2s, HWM 0.31 GB]
    E_45: |H|=1 targets 100690 canonical rows 100690 nnz 229373 (obstructed fixed targets cancelled: 0) [2s, HWM 0.31 GB]
  built (9, 7, 5, 3, 2, 1) d9: N_S=229373 |Stab|=1 n_chi=229373 rows=753560 nnz=2828353 (3s: mono 0s orbits 0s rows 2s; HWM 0.32 GB)
    hybrid[per6 9_7_5_3_2_1d9] p=2147483647 attempt 0: |S|=229268 |U|=105 (a=9, excess 96) m=169 blocks 1x105 projected nullity 9, verified=True, rank 9 [split 0.1s trisolve 1.4s schur 1.0s null 0.0s lift 0.2s rank 0.1s]
  per6 (9, 7, 5, 3, 2, 1) d9 p=2147483647: a=9 n_chi=229373 mult=9 units=0 [3.5s]
    hybrid[per6 9_7_5_3_2_1d9] p=2147483629 attempt 0: |S|=229268 |U|=105 (a=9, excess 96) m=169 blocks 1x105 projected nullity 9, verified=True, rank 9 [split 0.2s trisolve 1.3s schur 1.1s null 0.0s lift 0.6s rank 0.1s]
  per6 (9, 7, 5, 3, 2, 1) d9 p=2147483629: a=9 n_chi=229373 mult=9 units=0 [4.0s]
  PER6 RESULT (9, 7, 5, 3, 2, 1) d9: a=9 N_S=229373 n_chi=229373 mult=9 units=0 proved: mult = a at both primes (S_mu not in the ideal over Q) (22.0s, HWM 0.78 GB)

=== rank 126 ((9, 8, 4, 2, 2, 2), 9) N_S 236698 a 5 2026-09-09T00:37:11.628753
      level 1: 42 prefixes
      level 2: 707 prefixes
      level 3: 5925 prefixes
      level 4: 28137 prefixes
      level 5: 83658 prefixes
      level 6: 171497 prefixes
      level 7: 228888 prefixes
      level 8: 236698 prefixes
      level 9: 236698 prefixes
  lam=(9, 8, 4, 2, 2, 2): N_S=236698 |Stab|=6 n_chi=47182 (orbits dropped: 0) [lean, 1s, HWM 0.28 GB]
    E_01: |H|=6 targets 212379 canonical rows 42428 nnz 196533 (obstructed fixed targets cancelled: 0) [1s, HWM 0.29 GB]
    E_12: |H|=6 targets 147212 canonical rows 29631 nnz 128833 (obstructed fixed targets cancelled: 0) [2s, HWM 0.29 GB]
    E_23: |H|=2 targets 124904 canonical rows 66664 nnz 212589 (obstructed fixed targets cancelled: 0) [2s, HWM 0.29 GB]
    E_34: |H|=1 targets 174954 canonical rows 174954 nnz 358048 (obstructed fixed targets cancelled: 0) [3s, HWM 0.29 GB]
    E_45: |H|=1 targets 174954 canonical rows 174954 nnz 358048 (obstructed fixed targets cancelled: 0) [3s, HWM 0.30 GB]
  built (9, 8, 4, 2, 2, 2) d9: N_S=236698 |Stab|=6 n_chi=47182 rows=488631 nnz=1254051 (4s: mono 0s orbits 1s rows 3s; HWM 0.30 GB)
    hybrid[per6 9_8_4_2_2_2d9] p=2147483647 attempt 0: |S|=47147 |U|=35 (a=5, excess 30) m=99 blocks 1x35 projected nullity 5, verified=True, rank 5 [split 0.0s trisolve 0.1s schur 0.2s null 0.0s lift 0.2s rank 0.0s]
  per6 (9, 8, 4, 2, 2, 2) d9 p=2147483647: a=5 n_chi=47182 mult=5 units=0 [0.9s]
    hybrid[per6 9_8_4_2_2_2d9] p=2147483629 attempt 0: |S|=47147 |U|=35 (a=5, excess 30) m=99 blocks 1x35 projected nullity 5, verified=True, rank 5 [split 0.0s trisolve 0.1s schur 0.2s null 0.0s lift 0.2s rank 0.0s]
  per6 (9, 8, 4, 2, 2, 2) d9 p=2147483629: a=5 n_chi=47182 mult=5 units=0 [0.8s]
  PER6 RESULT (9, 8, 4, 2, 2, 2) d9: a=5 N_S=236698 n_chi=47182 mult=5 units=0 proved: mult = a at both primes (S_mu not in the ideal over Q) (17.7s, HWM 0.37 GB)

=== rank 127 ((8, 8, 5, 3, 2, 1), 9) N_S 243548 a 4 2026-09-09T00:39:01.307664
      level 1: 29 prefixes
      level 2: 527 prefixes
      level 3: 4421 prefixes
      level 4: 21592 prefixes
      level 5: 67733 prefixes
      level 6: 149187 prefixes
      level 7: 225459 prefixes
      level 8: 243548 prefixes
      level 9: 243548 prefixes
  lam=(8, 8, 5, 3, 2, 1): N_S=243548 |Stab|=2 n_chi=122353 (orbits dropped: 0) [lean, 0s, HWM 0.28 GB]
    E_01: |H|=1 targets 229373 canonical rows 229373 nnz 1055676 (obstructed fixed targets cancelled: 0) [1s, HWM 0.32 GB]
    E_12: |H|=1 targets 174954 canonical rows 174954 nnz 799897 (obstructed fixed targets cancelled: 0) [1s, HWM 0.32 GB]
    E_23: |H|=2 targets 155458 canonical rows 78195 nnz 283193 (obstructed fixed targets cancelled: 0) [2s, HWM 0.32 GB]
    E_34: |H|=2 targets 148398 canonical rows 74590 nnz 208587 (obstructed fixed targets cancelled: 0) [2s, HWM 0.32 GB]
    E_45: |H|=2 targets 106810 canonical rows 53770 nnz 122353 (obstructed fixed targets cancelled: 0) [3s, HWM 0.32 GB]
  built (8, 8, 5, 3, 2, 1) d9: N_S=243548 |Stab|=2 n_chi=122353 rows=610882 nnz=2469706 (3s: mono 0s orbits 0s rows 3s; HWM 0.32 GB)
    hybrid[per6 8_8_5_3_2_1d9] p=2147483647 attempt 0: |S|=122262 |U|=91 (a=4, excess 87) m=155 blocks 1x91 projected nullity 4, verified=True, rank 4 [split 0.1s trisolve 0.2s schur 0.8s null 0.0s lift 0.1s rank 0.0s]
  per6 (8, 8, 5, 3, 2, 1) d9 p=2147483647: a=4 n_chi=122353 mult=4 units=0 [1.7s]
    hybrid[per6 8_8_5_3_2_1d9] p=2147483629 attempt 0: |S|=122262 |U|=91 (a=4, excess 87) m=155 blocks 1x91 projected nullity 4, verified=True, rank 4 [split 0.1s trisolve 0.3s schur 0.9s null 0.0s lift 0.1s rank 0.0s]
  per6 (8, 8, 5, 3, 2, 1) d9 p=2147483629: a=4 n_chi=122353 mult=4 units=0 [1.8s]
  PER6 RESULT (8, 8, 5, 3, 2, 1) d9: a=4 N_S=243548 n_chi=122353 mult=4 units=0 proved: mult = a at both primes (S_mu not in the ideal over Q) (18.4s, HWM 0.53 GB)

=== rank 128 ((10, 5, 5, 4, 2, 1), 9) N_S 247544 a 4 2026-09-09T00:39:20.086036
      level 1: 37 prefixes
      level 2: 565 prefixes
      level 3: 5092 prefixes
      level 4: 28201 prefixes
      level 5: 100355 prefixes
      level 6: 205008 prefixes
      level 7: 245137 prefixes
      level 8: 247544 prefixes
      level 9: 247544 prefixes
  lam=(10, 5, 5, 4, 2, 1): N_S=247544 |Stab|=2 n_chi=122338 (orbits dropped: 2868) [lean, 0s, HWM 0.28 GB]
    E_01: |H|=1 targets 162433 canonical rows 162396 nnz 803354 (obstructed fixed targets cancelled: 0) [1s, HWM 0.30 GB]
    E_12: |H|=1 targets 221806 canonical rows 221689 nnz 788012 (obstructed fixed targets cancelled: 0) [1s, HWM 0.31 GB]
    E_23: |H|=1 targets 191526 canonical rows 191469 nnz 691594 (obstructed fixed targets cancelled: 0) [2s, HWM 0.32 GB]
    E_34: |H|=2 targets 130447 canonical rows 64410 nnz 208333 (obstructed fixed targets cancelled: 665) [2s, HWM 0.32 GB]
    E_45: |H|=2 targets 108585 canonical rows 53432 nnz 121909 (obstructed fixed targets cancelled: 429) [3s, HWM 0.32 GB]
  built (10, 5, 5, 4, 2, 1) d9: N_S=247544 |Stab|=2 n_chi=122338 rows=693396 nnz=2613202 (3s: mono 0s orbits 0s rows 3s; HWM 0.32 GB)
    hybrid[per6 10_5_5_4_2_1d9] p=2147483647 attempt 0: |S|=122306 |U|=32 (a=4, excess 28) m=96 blocks 1x32 projected nullity 4, verified=True, rank 4 [split 0.1s trisolve 0.3s schur 0.3s null 0.0s lift 0.1s rank 0.0s]
  per6 (10, 5, 5, 4, 2, 1) d9 p=2147483647: a=4 n_chi=122338 mult=4 units=0 [1.2s]
    hybrid[per6 10_5_5_4_2_1d9] p=2147483629 attempt 0: |S|=122306 |U|=32 (a=4, excess 28) m=96 blocks 1x32 projected nullity 4, verified=True, rank 4 [split 0.1s trisolve 0.1s schur 0.3s null 0.0s lift 0.1s rank 0.0s]
  per6 (10, 5, 5, 4, 2, 1) d9 p=2147483629: a=4 n_chi=122338 mult=4 units=0 [0.9s]
  PER6 RESULT (10, 5, 5, 4, 2, 1) d9: a=4 N_S=247544 n_chi=122338 mult=4 units=0 proved: mult = a at both primes (S_mu not in the ideal over Q) (17.6s, HWM 0.44 GB)

=== rank 129 ((9, 6, 6, 3, 2, 1), 9) N_S 251025 a 4 2026-09-09T00:39:38.108591
      level 1: 38 prefixes
      level 2: 546 prefixes
      level 3: 4489 prefixes
      level 4: 23102 prefixes
      level 5: 77776 prefixes
      level 6: 177047 prefixes
      level 7: 242408 prefixes
      level 8: 251025 prefixes
      level 9: 251025 prefixes
  lam=(9, 6, 6, 3, 2, 1): N_S=251025 |Stab|=2 n_chi=126521 (orbits dropped: 0) [lean, 0s, HWM 0.29 GB]
    E_01: |H|=1 targets 191526 canonical rows 191526 nnz 924367 (obstructed fixed targets cancelled: 0) [1s, HWM 0.31 GB]
    E_12: |H|=1 targets 229373 canonical rows 229373 nnz 917373 (obstructed fixed targets cancelled: 0) [1s, HWM 0.32 GB]
    E_23: |H|=1 targets 146518 canonical rows 146518 nnz 581978 (obstructed fixed targets cancelled: 0) [2s, HWM 0.32 GB]
    E_34: |H|=2 targets 152931 canonical rows 77138 nnz 215600 (obstructed fixed targets cancelled: 0) [2s, HWM 0.32 GB]
    E_45: |H|=2 targets 110060 canonical rows 55642 nnz 126521 (obstructed fixed targets cancelled: 0) [3s, HWM 0.32 GB]
  built (9, 6, 6, 3, 2, 1) d9: N_S=251025 |Stab|=2 n_chi=126521 rows=700197 nnz=2765839 (3s: mono 0s orbits 0s rows 3s; HWM 0.32 GB)
    hybrid[per6 9_6_6_3_2_1d9] p=2147483647 attempt 0: |S|=126480 |U|=41 (a=4, excess 37) m=105 blocks 1x41 projected nullity 4, verified=True, rank 4 [split 0.1s trisolve 0.6s schur 0.4s null 0.0s lift 0.1s rank 0.0s]
  per6 (9, 6, 6, 3, 2, 1) d9 p=2147483647: a=4 n_chi=126521 mult=4 units=0 [1.8s]
    hybrid[per6 9_6_6_3_2_1d9] p=2147483629 attempt 0: |S|=126480 |U|=41 (a=4, excess 37) m=105 blocks 1x41 projected nullity 4, verified=True, rank 4 [split 0.1s trisolve 0.6s schur 0.4s null 0.0s lift 0.1s rank 0.0s]
  per6 (9, 6, 6, 3, 2, 1) d9 p=2147483629: a=4 n_chi=126521 mult=4 units=0 [1.8s]
  PER6 RESULT (9, 6, 6, 3, 2, 1) d9: a=4 N_S=251025 n_chi=126521 mult=4 units=0 proved: mult = a at both primes (S_mu not in the ideal over Q) (18.2s, HWM 0.48 GB)

=== rank 130 ((10, 7, 3, 3, 2, 2), 9) N_S 257484 a 1 2026-09-09T00:39:56.713893
      level 1: 43 prefixes
      level 2: 790 prefixes
      level 3: 7148 prefixes
      level 4: 36319 prefixes
      level 5: 111967 prefixes
      level 6: 215025 prefixes
      level 7: 255049 prefixes
      level 8: 257484 prefixes
      level 9: 257484 prefixes
  lam=(10, 7, 3, 3, 2, 2): N_S=257484 |Stab|=4 n_chi=65835 (orbits dropped: 4983) [lean, 1s, HWM 0.29 GB]
    E_01: |H|=4 targets 206115 canonical rows 52694 nnz 259070 (obstructed fixed targets cancelled: 4603) [1s, HWM 0.29 GB]
    E_12: |H|=2 targets 140381 canonical rows 74910 nnz 302758 (obstructed fixed targets cancelled: 0) [1s, HWM 0.29 GB]
    E_23: |H|=2 targets 212379 canonical rows 112025 nnz 279589 (obstructed fixed targets cancelled: 0) [2s, HWM 0.31 GB]
    E_34: |H|=1 targets 157102 canonical rows 156957 nnz 424766 (obstructed fixed targets cancelled: 0) [3s, HWM 0.31 GB]
    E_45: |H|=2 targets 190354 canonical rows 91472 nnz 187689 (obstructed fixed targets cancelled: 562) [3s, HWM 0.31 GB]
  built (10, 7, 3, 3, 2, 2) d9: N_S=257484 |Stab|=4 n_chi=65835 rows=488058 nnz=1453872 (4s: mono 0s orbits 1s rows 3s; HWM 0.31 GB)
    hybrid[per6 10_7_3_3_2_2d9] p=2147483647 attempt 0: |S|=65826 |U|=9 (a=1, excess 8) m=73 blocks 1x9 projected nullity 1, verified=True, rank 1 [split 0.0s trisolve 0.0s schur 0.1s null 0.0s lift 0.1s rank 0.0s]
  per6 (10, 7, 3, 3, 2, 2) d9 p=2147483647: a=1 n_chi=65835 mult=1 units=0 [0.5s]
    hybrid[per6 10_7_3_3_2_2d9] p=2147483629 attempt 0: |S|=65826 |U|=9 (a=1, excess 8) m=73 blocks 1x9 projected nullity 1, verified=True, rank 1 [split 0.0s trisolve 0.0s schur 0.1s null 0.0s lift 0.0s rank 0.0s]
  per6 (10, 7, 3, 3, 2, 2) d9 p=2147483629: a=1 n_chi=65835 mult=1 units=0 [0.4s]
  PER6 RESULT (10, 7, 3, 3, 2, 2) d9: a=1 N_S=257484 n_chi=65835 mult=1 units=0 proved: mult = a at both primes (S_mu not in the ideal over Q) (16.3s, HWM 0.33 GB)

=== rank 131 ((10, 6, 5, 2, 2, 2), 9) N_S 259204 a 5 2026-09-09T00:40:29.432547
      level 1: 42 prefixes
      level 2: 700 prefixes
      level 3: 6369 prefixes
      level 4: 33309 prefixes
      level 5: 109063 prefixes
      level 6: 215476 prefixes
      level 7: 256675 prefixes
      level 8: 259204 prefixes
      level 9: 259204 prefixes
  lam=(10, 6, 5, 2, 2, 2): N_S=259204 |Stab|=6 n_chi=51510 (orbits dropped: 0) [lean, 1s, HWM 0.28 GB]
    E_01: |H|=6 targets 189708 canonical rows 37917 nnz 182707 (obstructed fixed targets cancelled: 0) [1s, HWM 0.28 GB]
    E_12: |H|=6 targets 212379 canonical rows 42428 nnz 163600 (obstructed fixed targets cancelled: 0) [3s, HWM 0.30 GB]
    E_23: |H|=2 targets 122712 canonical rows 65537 nnz 232954 (obstructed fixed targets cancelled: 0) [3s, HWM 0.30 GB]
    E_34: |H|=1 targets 191526 canonical rows 191526 nnz 392869 (obstructed fixed targets cancelled: 0) [4s, HWM 0.30 GB]
    E_45: |H|=1 targets 191526 canonical rows 191526 nnz 392869 (obstructed fixed targets cancelled: 0) [4s, HWM 0.30 GB]
  built (10, 6, 5, 2, 2, 2) d9: N_S=259204 |Stab|=6 n_chi=51510 rows=528934 nnz=1364999 (5s: mono 0s orbits 1s rows 4s; HWM 0.30 GB)
    hybrid[per6 10_6_5_2_2_2d9] p=2147483647 attempt 0: |S|=51477 |U|=33 (a=5, excess 28) m=97 blocks 1x33 projected nullity 5, verified=True, rank 5 [split 0.0s trisolve 0.2s schur 0.2s null 0.0s lift 0.3s rank 0.0s]
  per6 (10, 6, 5, 2, 2, 2) d9 p=2147483647: a=5 n_chi=51510 mult=5 units=0 [1.1s]
    hybrid[per6 10_6_5_2_2_2d9] p=2147483629 attempt 0: |S|=51477 |U|=33 (a=5, excess 28) m=97 blocks 1x33 projected nullity 5, verified=True, rank 5 [split 0.0s trisolve 0.2s schur 0.2s null 0.0s lift 0.2s rank 0.0s]
  per6 (10, 6, 5, 2, 2, 2) d9 p=2147483629: a=5 n_chi=51510 mult=5 units=0 [1.1s]
  PER6 RESULT (10, 6, 5, 2, 2, 2) d9: a=5 N_S=259204 n_chi=51510 mult=5 units=0 proved: mult = a at both primes (S_mu not in the ideal over Q) (18.4s, HWM 0.38 GB)

=== rank 132 ((9, 7, 4, 4, 2, 1), 9) N_S 265834 a 7 2026-09-09T00:42:30.644049
      level 1: 38 prefixes
      level 2: 592 prefixes
      level 3: 5152 prefixes
      level 4: 26326 prefixes
      level 5: 86336 prefixes
      level 6: 189674 prefixes
      level 7: 257010 prefixes
      level 8: 265834 prefixes
      level 9: 265834 prefixes
  lam=(9, 7, 4, 4, 2, 1): N_S=265834 |Stab|=2 n_chi=135179 (orbits dropped: 0) [lean, 0s, HWM 0.29 GB]
    E_01: |H|=2 targets 221806 canonical rows 112891 nnz 543832 (obstructed fixed targets cancelled: 0) [1s, HWM 0.30 GB]
    E_12: |H|=1 targets 174954 canonical rows 174954 nnz 752157 (obstructed fixed targets cancelled: 0) [1s, HWM 0.30 GB]
    E_23: |H|=1 targets 229373 canonical rows 229373 nnz 736764 (obstructed fixed targets cancelled: 0) [2s, HWM 0.32 GB]
    E_34: |H|=1 targets 139872 canonical rows 139872 nnz 454060 (obstructed fixed targets cancelled: 0) [3s, HWM 0.32 GB]
    E_45: |H|=2 targets 116492 canonical rows 59540 nnz 135179 (obstructed fixed targets cancelled: 0) [3s, HWM 0.32 GB]
  built (9, 7, 4, 4, 2, 1) d9: N_S=265834 |Stab|=2 n_chi=135179 rows=716630 nnz=2621992 (4s: mono 0s orbits 0s rows 3s; HWM 0.32 GB)
    hybrid[per6 9_7_4_4_2_1d9] p=2147483647 attempt 0: |S|=135135 |U|=44 (a=7, excess 37) m=108 blocks 1x44 projected nullity 7, verified=True, rank 7 [split 0.1s trisolve 0.1s schur 0.5s null 0.0s lift 0.2s rank 0.0s]
  per6 (9, 7, 4, 4, 2, 1) d9 p=2147483647: a=7 n_chi=135179 mult=7 units=0 [1.4s]
    hybrid[per6 9_7_4_4_2_1d9] p=2147483629 attempt 0: |S|=135135 |U|=44 (a=7, excess 37) m=108 blocks 1x44 projected nullity 7, verified=True, rank 7 [split 0.1s trisolve 0.1s schur 0.5s null 0.0s lift 0.2s rank 0.0s]
  per6 (9, 7, 4, 4, 2, 1) d9 p=2147483629: a=7 n_chi=135179 mult=7 units=0 [1.5s]
  PER6 RESULT (9, 7, 4, 4, 2, 1) d9: a=7 N_S=265834 n_chi=135179 mult=7 units=0 proved: mult = a at both primes (S_mu not in the ideal over Q) (17.9s, HWM 0.51 GB)

=== rank 133 ((11, 5, 4, 3, 2, 2), 9) N_S 266076 a 3 2026-09-09T00:42:49.126330
      level 1: 43 prefixes
      level 2: 788 prefixes
      level 3: 8012 prefixes
      level 4: 45607 prefixes
      level 5: 149185 prefixes
      level 6: 246956 prefixes
      level 7: 265732 prefixes
      level 8: 266076 prefixes
      level 9: 266076 prefixes
  lam=(11, 5, 4, 3, 2, 2): N_S=266076 |Stab|=2 n_chi=141197 (orbits dropped: 0) [lean, 0s, HWM 0.28 GB]
    E_01: |H|=2 targets 168805 canonical rows 89948 nnz 457341 (obstructed fixed targets cancelled: 0) [1s, HWM 0.28 GB]
    E_12: |H|=2 targets 206115 canonical rows 109588 nnz 394215 (obstructed fixed targets cancelled: 0) [1s, HWM 0.30 GB]
    E_23: |H|=2 targets 189708 canonical rows 100986 nnz 324206 (obstructed fixed targets cancelled: 0) [2s, HWM 0.30 GB]
    E_34: |H|=1 targets 162433 canonical rows 162433 nnz 454042 (obstructed fixed targets cancelled: 0) [3s, HWM 0.30 GB]
    E_45: |H|=1 targets 196741 canonical rows 196741 nnz 403600 (obstructed fixed targets cancelled: 0) [3s, HWM 0.32 GB]
  built (11, 5, 4, 3, 2, 2) d9: N_S=266076 |Stab|=2 n_chi=141197 rows=659696 nnz=2033404 (4s: mono 0s orbits 0s rows 3s; HWM 0.32 GB)
    hybrid[per6 11_5_4_3_2_2d9] p=2147483647 attempt 0: |S|=141161 |U|=36 (a=3, excess 33) m=100 blocks 1x36 projected nullity 3, verified=True, rank 3 [split 0.1s trisolve 0.6s schur 0.3s null 0.0s lift 0.1s rank 0.0s]
  per6 (11, 5, 4, 3, 2, 2) d9 p=2147483647: a=3 n_chi=141197 mult=3 units=0 [1.5s]
    hybrid[per6 11_5_4_3_2_2d9] p=2147483629 attempt 0: |S|=141161 |U|=36 (a=3, excess 33) m=100 blocks 1x36 projected nullity 3, verified=True, rank 3 [split 0.1s trisolve 0.1s schur 0.3s null 0.0s lift 0.1s rank 0.0s]
  per6 (11, 5, 4, 3, 2, 2) d9 p=2147483629: a=3 n_chi=141197 mult=3 units=0 [1.1s]
  PER6 RESULT (11, 5, 4, 3, 2, 2) d9: a=3 N_S=266076 n_chi=141197 mult=3 units=0 proved: mult = a at both primes (S_mu not in the ideal over Q) (18.2s, HWM 0.45 GB)

=== rank 134 ((10, 6, 4, 3, 3, 1), 9) N_S 269188 a 2 2026-09-09T00:43:07.761942
      level 1: 39 prefixes
      level 2: 648 prefixes
      level 3: 6080 prefixes
      level 4: 33270 prefixes
      level 5: 112465 prefixes
      level 6: 223930 prefixes
      level 7: 266651 prefixes
      level 8: 269188 prefixes
      level 9: 269188 prefixes
  lam=(10, 6, 4, 3, 3, 1): N_S=269188 |Stab|=2 n_chi=130648 (orbits dropped: 7892) [lean, 0s, HWM 0.28 GB]
    E_01: |H|=2 targets 196741 canonical rows 95363 nnz 477690 (obstructed fixed targets cancelled: 3490) [1s, HWM 0.29 GB]
    E_12: |H|=2 targets 190354 canonical rows 92265 nnz 367565 (obstructed fixed targets cancelled: 2475) [1s, HWM 0.29 GB]
    E_23: |H|=1 targets 191526 canonical rows 191247 nnz 607030 (obstructed fixed targets cancelled: 0) [2s, HWM 0.30 GB]
    E_34: |H|=1 targets 221806 canonical rows 220066 nnz 562541 (obstructed fixed targets cancelled: 0) [3s, HWM 0.32 GB]
    E_45: |H|=1 targets 97585 canonical rows 97585 nnz 261296 (obstructed fixed targets cancelled: 0) [3s, HWM 0.32 GB]
  built (10, 6, 4, 3, 3, 1) d9: N_S=269188 |Stab|=2 n_chi=130648 rows=696526 nnz=2276122 (4s: mono 0s orbits 0s rows 3s; HWM 0.32 GB)
    hybrid[per6 10_6_4_3_3_1d9] p=2147483647 attempt 0: |S|=130617 |U|=31 (a=2, excess 29) m=95 blocks 1x31 projected nullity 2, verified=True, rank 2 [split 0.1s trisolve 0.5s schur 0.3s null 0.0s lift 0.1s rank 0.0s]
  per6 (10, 6, 4, 3, 3, 1) d9 p=2147483647: a=2 n_chi=130648 mult=2 units=0 [1.4s]
    hybrid[per6 10_6_4_3_3_1d9] p=2147483629 attempt 0: |S|=130617 |U|=31 (a=2, excess 29) m=95 blocks 1x31 projected nullity 2, verified=True, rank 2 [split 0.1s trisolve 0.5s schur 0.3s null 0.0s lift 0.1s rank 0.0s]
  per6 (10, 6, 4, 3, 3, 1) d9 p=2147483629: a=2 n_chi=130648 mult=2 units=0 [1.5s]
  PER6 RESULT (10, 6, 4, 3, 3, 1) d9: a=2 N_S=269188 n_chi=130648 mult=2 units=0 proved: mult = a at both primes (S_mu not in the ideal over Q) (18.1s, HWM 0.44 GB)

=== rank 135 ((8, 8, 4, 4, 2, 1), 9) N_S 282344 a 3 2026-09-09T00:43:54.177576
      level 1: 29 prefixes
      level 2: 546 prefixes
      level 3: 4807 prefixes
      level 4: 24042 prefixes
      level 5: 76898 prefixes
      level 6: 172156 prefixes
      level 7: 261394 prefixes
      level 8: 282344 prefixes
      level 9: 282344 prefixes
  lam=(8, 8, 4, 4, 2, 1): N_S=282344 |Stab|=4 n_chi=72253 (orbits dropped: 0) [lean, 1s, HWM 0.28 GB]
    E_01: |H|=2 targets 265834 canonical rows 135179 nnz 621106 (obstructed fixed targets cancelled: 0) [1s, HWM 0.31 GB]
    E_12: |H|=1 targets 174954 canonical rows 174954 nnz 799897 (obstructed fixed targets cancelled: 0) [2s, HWM 0.31 GB]
    E_23: |H|=2 targets 243548 canonical rows 122353 nnz 392932 (obstructed fixed targets cancelled: 0) [3s, HWM 0.32 GB]
    E_34: |H|=2 targets 148398 canonical rows 74590 nnz 242056 (obstructed fixed targets cancelled: 0) [3s, HWM 0.32 GB]
    E_45: |H|=4 targets 123615 canonical rows 31925 nnz 72253 (obstructed fixed targets cancelled: 0) [3s, HWM 0.32 GB]
  built (8, 8, 4, 4, 2, 1) d9: N_S=282344 |Stab|=4 n_chi=72253 rows=539001 nnz=2128244 (4s: mono 0s orbits 1s rows 3s; HWM 0.32 GB)
    hybrid[per6 8_8_4_4_2_1d9] p=2147483647 attempt 0: |S|=72216 |U|=37 (a=3, excess 34) m=101 blocks 1x37 projected nullity 3, verified=True, rank 3 [split 0.0s trisolve 0.2s schur 0.3s null 0.0s lift 0.1s rank 0.0s]
  per6 (8, 8, 4, 4, 2, 1) d9 p=2147483647: a=3 n_chi=72253 mult=3 units=0 [1.1s]
    hybrid[per6 8_8_4_4_2_1d9] p=2147483629 attempt 0: |S|=72216 |U|=37 (a=3, excess 34) m=101 blocks 1x37 projected nullity 3, verified=True, rank 3 [split 0.0s trisolve 0.2s schur 0.3s null 0.0s lift 0.1s rank 0.0s]
  per6 (8, 8, 4, 4, 2, 1) d9 p=2147483629: a=3 n_chi=72253 mult=3 units=0 [1.0s]
  PER6 RESULT (8, 8, 4, 4, 2, 1) d9: a=3 N_S=282344 n_chi=72253 mult=3 units=0 proved: mult = a at both primes (S_mu not in the ideal over Q) (18.2s, HWM 0.4 GB)

=== rank 136 ((8, 7, 6, 3, 2, 1), 9) N_S 286542 a 5 2026-09-09T00:45:49.592239
      level 1: 29 prefixes
      level 2: 512 prefixes
      level 3: 4288 prefixes
      level 4: 21901 prefixes
      level 5: 73031 prefixes
      level 6: 170499 prefixes
      level 7: 264435 prefixes
      level 8: 286542 prefixes
      level 9: 286542 prefixes
  lam=(8, 7, 6, 3, 2, 1): N_S=286542 |Stab|=1 n_chi=286542 (orbits dropped: 0) [lean, 0s, HWM 0.28 GB]
    E_01: |H|=1 targets 251025 canonical rows 251025 nnz 1162913 (obstructed fixed targets cancelled: 0) [1s, HWM 0.33 GB]
    E_12: |H|=1 targets 243548 canonical rows 243548 nnz 1059742 (obstructed fixed targets cancelled: 0) [2s, HWM 0.33 GB]
    E_23: |H|=1 targets 166884 canonical rows 166884 nnz 666003 (obstructed fixed targets cancelled: 0) [2s, HWM 0.33 GB]
    E_34: |H|=1 targets 174261 canonical rows 174261 nnz 490080 (obstructed fixed targets cancelled: 0) [3s, HWM 0.33 GB]
    E_45: |H|=1 targets 125283 canonical rows 125283 nnz 286542 (obstructed fixed targets cancelled: 0) [3s, HWM 0.33 GB]
  built (8, 7, 6, 3, 2, 1) d9: N_S=286542 |Stab|=1 n_chi=286542 rows=961001 nnz=3665280 (4s: mono 0s orbits 0s rows 3s; HWM 0.36 GB)
    hybrid[per6 8_7_6_3_2_1d9] p=2147483647 attempt 0: |S|=286376 |U|=166 (a=5, excess 161) m=230 blocks 1x166 projected nullity 5, verified=True, rank 5 [split 0.1s trisolve 3.9s schur 2.1s null 0.0s lift 0.2s rank 0.1s]
  per6 (8, 7, 6, 3, 2, 1) d9 p=2147483647: a=5 n_chi=286542 mult=5 units=0 [7.1s]
    hybrid[per6 8_7_6_3_2_1d9] p=2147483629 attempt 0: |S|=286376 |U|=166 (a=5, excess 161) m=230 blocks 1x166 projected nullity 5, verified=True, rank 5 [split 0.1s trisolve 4.3s schur 2.0s null 0.0s lift 0.2s rank 0.1s]
  per6 (8, 7, 6, 3, 2, 1) d9 p=2147483629: a=5 n_chi=286542 mult=5 units=0 [7.3s]
  PER6 RESULT (8, 7, 6, 3, 2, 1) d9: a=5 N_S=286542 n_chi=286542 mult=5 units=0 proved: mult = a at both primes (S_mu not in the ideal over Q) (30.3s, HWM 1.16 GB)

=== rank 137 ((9, 8, 3, 3, 2, 2), 9) N_S 287197 a 1 2026-09-09T00:46:20.434995
      level 1: 43 prefixes
      level 2: 766 prefixes
      level 3: 6736 prefixes
      level 4: 32883 prefixes
      level 5: 100311 prefixes
      level 6: 208035 prefixes
      level 7: 277910 prefixes
      level 8: 287197 prefixes
      level 9: 287197 prefixes
  lam=(9, 8, 3, 3, 2, 2): N_S=287197 |Stab|=4 n_chi=73423 (orbits dropped: 5462) [lean, 1s, HWM 0.28 GB]
    E_01: |H|=4 targets 257484 canonical rows 65835 nnz 312948 (obstructed fixed targets cancelled: 5201) [1s, HWM 0.30 GB]
    E_12: |H|=2 targets 147212 canonical rows 78525 nnz 338347 (obstructed fixed targets cancelled: 0) [2s, HWM 0.30 GB]
    E_23: |H|=2 targets 236698 canonical rows 124783 nnz 312630 (obstructed fixed targets cancelled: 0) [3s, HWM 0.32 GB]
    E_34: |H|=1 targets 174954 canonical rows 174795 nnz 474610 (obstructed fixed targets cancelled: 0) [3s, HWM 0.32 GB]
    E_45: |H|=2 targets 212152 canonical rows 102016 nnz 209870 (obstructed fixed targets cancelled: 616) [4s, HWM 0.32 GB]
  built (9, 8, 3, 3, 2, 2) d9: N_S=287197 |Stab|=4 n_chi=73423 rows=545954 nnz=1648405 (5s: mono 0s orbits 1s rows 4s; HWM 0.32 GB)
    hybrid[per6 9_8_3_3_2_2d9] p=2147483647 attempt 0: |S|=73410 |U|=13 (a=1, excess 12) m=77 blocks 1x13 projected nullity 1, verified=True, rank 1 [split 0.0s trisolve 0.0s schur 0.1s null 0.0s lift 0.0s rank 0.0s]
  per6 (9, 8, 3, 3, 2, 2) d9 p=2147483647: a=1 n_chi=73423 mult=1 units=0 [0.6s]
    hybrid[per6 9_8_3_3_2_2d9] p=2147483629 attempt 0: |S|=73410 |U|=13 (a=1, excess 12) m=77 blocks 1x13 projected nullity 1, verified=True, rank 1 [split 0.0s trisolve 0.0s schur 0.1s null 0.0s lift 0.1s rank 0.0s]
  per6 (9, 8, 3, 3, 2, 2) d9 p=2147483629: a=1 n_chi=73423 mult=1 units=0 [0.6s]
  PER6 RESULT (9, 8, 3, 3, 2, 2) d9: a=1 N_S=287197 n_chi=73423 mult=1 units=0 proved: mult = a at both primes (S_mu not in the ideal over Q) (18.1s, HWM 0.35 GB)

=== rank 138 ((10, 5, 5, 3, 3, 1), 9) N_S 300675 a 3 2026-09-09T00:47:01.800411
      level 1: 38 prefixes
      level 2: 616 prefixes
      level 3: 5823 prefixes
      level 4: 33480 prefixes
      level 5: 121376 prefixes
      level 6: 249221 prefixes
      level 7: 297840 prefixes
      level 8: 300675 prefixes
      level 9: 300675 prefixes
  lam=(10, 5, 5, 3, 3, 1): N_S=300675 |Stab|=4 n_chi=72475 (orbits dropped: 5812) [lean, 1s, HWM 0.28 GB]
    E_01: |H|=2 targets 196741 canonical rows 95350 nnz 473703 (obstructed fixed targets cancelled: 3490) [1s, HWM 0.30 GB]
    E_12: |H|=2 targets 269188 canonical rows 130591 nnz 465798 (obstructed fixed targets cancelled: 2940) [2s, HWM 0.31 GB]
    E_23: |H|=1 targets 191526 canonical rows 191485 nnz 673966 (obstructed fixed targets cancelled: 0) [2s, HWM 0.31 GB]
    E_34: |H|=2 targets 247544 canonical rows 121465 nnz 311448 (obstructed fixed targets cancelled: 962) [3s, HWM 0.33 GB]
    E_45: |H|=2 targets 108585 canonical rows 53432 nnz 144005 (obstructed fixed targets cancelled: 625) [4s, HWM 0.33 GB]
  built (10, 5, 5, 3, 3, 1) d9: N_S=300675 |Stab|=4 n_chi=72475 rows=592323 nnz=2068920 (5s: mono 0s orbits 1s rows 4s; HWM 0.33 GB)
    hybrid[per6 10_5_5_3_3_1d9] p=2147483647 attempt 0: |S|=72461 |U|=14 (a=3, excess 11) m=78 blocks 1x14 projected nullity 3, verified=True, rank 3 [split 0.0s trisolve 0.0s schur 0.2s null 0.0s lift 0.1s rank 0.0s]
  per6 (10, 5, 5, 3, 3, 1) d9 p=2147483647: a=3 n_chi=72475 mult=3 units=0 [0.8s]
    hybrid[per6 10_5_5_3_3_1d9] p=2147483629 attempt 0: |S|=72461 |U|=14 (a=3, excess 11) m=78 blocks 1x14 projected nullity 3, verified=True, rank 3 [split 0.0s trisolve 0.0s schur 0.2s null 0.0s lift 0.1s rank 0.0s]
  per6 (10, 5, 5, 3, 3, 1) d9 p=2147483629: a=3 n_chi=72475 mult=3 units=0 [0.7s]
  PER6 RESULT (10, 5, 5, 3, 3, 1) d9: a=3 N_S=300675 n_chi=72475 mult=3 units=0 proved: mult = a at both primes (S_mu not in the ideal over Q) (18.0s, HWM 0.38 GB)

=== rank 139 ((11, 4, 4, 4, 2, 2), 9) N_S 308211 a 3 2026-09-09T00:48:31.296412
      level 1: 42 prefixes
      level 2: 757 prefixes
      level 3: 7890 prefixes
      level 4: 48899 prefixes
      level 5: 170420 prefixes
      level 6: 285874 prefixes
      level 7: 307809 prefixes
      level 8: 308211 prefixes
      level 9: 308211 prefixes
  lam=(11, 4, 4, 4, 2, 2): N_S=308211 |Stab|=12 n_chi=29058 (orbits dropped: 0) [lean, 2s, HWM 0.28 GB]
    E_01: |H|=4 targets 168805 canonical rows 46063 nnz 232027 (obstructed fixed targets cancelled: 0) [1s, HWM 0.28 GB]
    E_12: |H|=2 targets 266076 canonical rows 141197 nnz 447450 (obstructed fixed targets cancelled: 0) [2s, HWM 0.31 GB]
    E_23: |H|=2 targets 266076 canonical rows 141197 nnz 447450 (obstructed fixed targets cancelled: 0) [3s, HWM 0.31 GB]
    E_34: |H|=2 targets 162433 canonical rows 82737 nnz 266799 (obstructed fixed targets cancelled: 0) [3s, HWM 0.31 GB]
    E_45: |H|=6 targets 227723 canonical rows 39945 nnz 81189 (obstructed fixed targets cancelled: 0) [4s, HWM 0.32 GB]
  built (11, 4, 4, 4, 2, 2) d9: N_S=308211 |Stab|=12 n_chi=29058 rows=451139 nnz=1474915 (7s: mono 0s orbits 2s rows 4s; HWM 0.32 GB)
    hybrid[per6 11_4_4_4_2_2d9] p=2147483647 attempt 0: |S|=29052 |U|=6 (a=3, excess 3) m=70 blocks 1x6 projected nullity 3, verified=True, rank 3 [split 0.0s trisolve 0.0s schur 0.1s null 0.0s lift 0.1s rank 0.0s]
  per6 (11, 4, 4, 4, 2, 2) d9 p=2147483647: a=3 n_chi=29058 mult=3 units=0 [0.7s]
    hybrid[per6 11_4_4_4_2_2d9] p=2147483629 attempt 0: |S|=29052 |U|=6 (a=3, excess 3) m=70 blocks 1x6 projected nullity 3, verified=True, rank 3 [split 0.0s trisolve 0.0s schur 0.1s null 0.0s lift 0.1s rank 0.0s]
  per6 (11, 4, 4, 4, 2, 2) d9 p=2147483629: a=3 n_chi=29058 mult=3 units=0 [0.6s]
  PER6 RESULT (11, 4, 4, 4, 2, 2) d9: a=3 N_S=308211 n_chi=29058 mult=3 units=0 proved: mult = a at both primes (S_mu not in the ideal over Q) (20.1s, HWM 0.34 GB)

=== rank 140 ((9, 7, 5, 2, 2, 2), 9) N_S 310773 a 4 2026-09-09T00:49:50.172217
      level 1: 42 prefixes
      level 2: 688 prefixes
      level 3: 6069 prefixes
      level 4: 31319 prefixes
      level 5: 101846 prefixes
      level 6: 222081 prefixes
      level 7: 300473 prefixes
      level 8: 310773 prefixes
      level 9: 310773 prefixes
  lam=(9, 7, 5, 2, 2, 2): N_S=310773 |Stab|=6 n_chi=61445 (orbits dropped: 0) [lean, 1s, HWM 0.28 GB]
    E_01: |H|=6 targets 259204 canonical rows 51510 nnz 240852 (obstructed fixed targets cancelled: 0) [2s, HWM 0.30 GB]
    E_12: |H|=6 targets 236698 canonical rows 47182 nnz 196533 (obstructed fixed targets cancelled: 0) [3s, HWM 0.30 GB]
    E_23: |H|=2 targets 146518 canonical rows 78101 nnz 279602 (obstructed fixed targets cancelled: 0) [4s, HWM 0.30 GB]
    E_34: |H|=1 targets 229373 canonical rows 229373 nnz 472635 (obstructed fixed targets cancelled: 0) [4s, HWM 0.31 GB]
    E_45: |H|=1 targets 229373 canonical rows 229373 nnz 472635 (obstructed fixed targets cancelled: 0) [5s, HWM 0.32 GB]
  built (9, 7, 5, 2, 2, 2) d9: N_S=310773 |Stab|=6 n_chi=61445 rows=635539 nnz=1662257 (6s: mono 0s orbits 1s rows 5s; HWM 0.32 GB)
    hybrid[per6 9_7_5_2_2_2d9] p=2147483647 attempt 0: |S|=61404 |U|=41 (a=4, excess 37) m=105 blocks 1x41 projected nullity 4, verified=True, rank 4 [split 0.0s trisolve 0.1s schur 0.3s null 0.0s lift 0.2s rank 0.0s]
  per6 (9, 7, 5, 2, 2, 2) d9 p=2147483647: a=4 n_chi=61445 mult=4 units=0 [1.0s]
    hybrid[per6 9_7_5_2_2_2d9] p=2147483629 attempt 0: |S|=61404 |U|=41 (a=4, excess 37) m=105 blocks 1x41 projected nullity 4, verified=True, rank 4 [split 0.0s trisolve 0.0s schur 0.3s null 0.0s lift 0.2s rank 0.0s]
  per6 (9, 7, 5, 2, 2, 2) d9 p=2147483629: a=4 n_chi=61445 mult=4 units=0 [0.9s]
  PER6 RESULT (9, 7, 5, 2, 2, 2) d9: a=4 N_S=310773 n_chi=61445 mult=4 units=0 proved: mult = a at both primes (S_mu not in the ideal over Q) (19.6s, HWM 0.4 GB)

=== rank 141 ((9, 7, 4, 3, 3, 1), 9) N_S 323067 a 3 2026-09-09T00:52:13.129689
      level 1: 39 prefixes
      level 2: 644 prefixes
      level 3: 5843 prefixes
      level 4: 31034 prefixes
      level 5: 104258 prefixes
      level 6: 230674 prefixes
      level 7: 312544 prefixes
      level 8: 323067 prefixes
      level 9: 323067 prefixes
  lam=(9, 7, 4, 3, 3, 1): N_S=323067 |Stab|=2 n_chi=156990 (orbits dropped: 9087) [lean, 0s, HWM 0.29 GB]
    E_01: |H|=2 targets 269188 canonical rows 130648 nnz 634180 (obstructed fixed targets cancelled: 4354) [1s, HWM 0.31 GB]
    E_12: |H|=2 targets 212152 canonical rows 102884 nnz 443551 (obstructed fixed targets cancelled: 3035) [2s, HWM 0.31 GB]
    E_23: |H|=1 targets 229373 canonical rows 229058 nnz 731941 (obstructed fixed targets cancelled: 0) [3s, HWM 0.32 GB]
    E_34: |H|=1 targets 265834 canonical rows 263849 nnz 678924 (obstructed fixed targets cancelled: 0) [3s, HWM 0.33 GB]
    E_45: |H|=1 targets 116492 canonical rows 116490 nnz 313980 (obstructed fixed targets cancelled: 0) [4s, HWM 0.33 GB]
  built (9, 7, 4, 3, 3, 1) d9: N_S=323067 |Stab|=2 n_chi=156990 rows=842929 nnz=2802576 (5s: mono 1s orbits 0s rows 4s; HWM 0.33 GB)
    hybrid[per6 9_7_4_3_3_1d9] p=2147483647 attempt 0: |S|=156942 |U|=48 (a=3, excess 45) m=112 blocks 1x48 projected nullity 3, verified=True, rank 3 [split 0.1s trisolve 0.7s schur 0.5s null 0.0s lift 0.1s rank 0.0s]
  per6 (9, 7, 4, 3, 3, 1) d9 p=2147483647: a=3 n_chi=156990 mult=3 units=0 [2.0s]
    hybrid[per6 9_7_4_3_3_1d9] p=2147483629 attempt 0: |S|=156942 |U|=48 (a=3, excess 45) m=112 blocks 1x48 projected nullity 3, verified=True, rank 3 [split 0.1s trisolve 0.8s schur 0.5s null 0.0s lift 0.1s rank 0.0s]
  per6 (9, 7, 4, 3, 3, 1) d9 p=2147483629: a=3 n_chi=156990 mult=3 units=0 [2.0s]
  PER6 RESULT (9, 7, 4, 3, 3, 1) d9: a=3 N_S=323067 n_chi=156990 mult=3 units=0 proved: mult = a at both primes (S_mu not in the ideal over Q) (20.6s, HWM 0.53 GB)

=== rank 142 ((9, 6, 5, 4, 2, 1), 9) N_S 325144 a 8 2026-09-09T00:52:34.189216
      level 1: 37 prefixes
      level 2: 566 prefixes
      level 3: 5050 prefixes
      level 4: 27835 prefixes
      level 5: 98554 prefixes
      level 6: 228902 prefixes
      level 7: 314169 prefixes
      level 8: 325144 prefixes
      level 9: 325144 prefixes
  lam=(9, 6, 5, 4, 2, 1): N_S=325144 |Stab|=1 n_chi=325144 (orbits dropped: 0) [lean, 0s, HWM 0.29 GB]
    E_01: |H|=1 targets 247544 canonical rows 247544 nnz 1205636 (obstructed fixed targets cancelled: 0) [1s, HWM 0.33 GB]
    E_12: |H|=1 targets 265834 canonical rows 265834 nnz 1074908 (obstructed fixed targets cancelled: 0) [2s, HWM 0.34 GB]
    E_23: |H|=1 targets 251025 canonical rows 251025 nnz 924367 (obstructed fixed targets cancelled: 0) [3s, HWM 0.34 GB]
    E_34: |H|=1 targets 170557 canonical rows 170557 nnz 556789 (obstructed fixed targets cancelled: 0) [3s, HWM 0.34 GB]
    E_45: |H|=1 targets 141897 canonical rows 141897 nnz 325144 (obstructed fixed targets cancelled: 0) [3s, HWM 0.34 GB]
  built (9, 6, 5, 4, 2, 1) d9: N_S=325144 |Stab|=1 n_chi=325144 rows=1076857 nnz=4086844 (4s: mono 0s orbits 0s rows 3s; HWM 0.37 GB)
    hybrid[per6 9_6_5_4_2_1d9] p=2147483647 attempt 0: |S|=324989 |U|=155 (a=8, excess 147) m=219 blocks 1x155 projected nullity 8, verified=True, rank 8 [split 0.2s trisolve 3.9s schur 2.3s null 0.0s lift 0.6s rank 0.1s]
  per6 (9, 6, 5, 4, 2, 1) d9 p=2147483647: a=8 n_chi=325144 mult=8 units=0 [8.5s]
    hybrid[per6 9_6_5_4_2_1d9] p=2147483629 attempt 0: |S|=324989 |U|=155 (a=8, excess 147) m=219 blocks 1x155 projected nullity 8, verified=True, rank 8 [split 0.2s trisolve 2.7s schur 2.2s null 0.0s lift 0.5s rank 0.1s]
  per6 (9, 6, 5, 4, 2, 1) d9 p=2147483629: a=8 n_chi=325144 mult=8 units=0 [6.7s]
  PER6 RESULT (9, 6, 5, 4, 2, 1) d9: a=8 N_S=325144 n_chi=325144 mult=8 units=0 proved: mult = a at both primes (S_mu not in the ideal over Q) (31.4s, HWM 1.24 GB)

=== rank 143 ((8, 8, 5, 2, 2, 2), 9) N_S 330145 a 3 2026-09-09T00:53:06.059756
      level 1: 32 prefixes
      level 2: 638 prefixes
      level 3: 5599 prefixes
      level 4: 28320 prefixes
      level 5: 90891 prefixes
      level 6: 202081 prefixes
      level 7: 305758 prefixes
      level 8: 330145 prefixes
      level 9: 330145 prefixes
  lam=(8, 8, 5, 2, 2, 2): N_S=330145 |Stab|=12 n_chi=32989 (orbits dropped: 0) [lean, 2s, HWM 0.28 GB]
    E_01: |H|=6 targets 310773 canonical rows 61445 nnz 274284 (obstructed fixed targets cancelled: 0) [2s, HWM 0.30 GB]
    E_12: |H|=6 targets 236698 canonical rows 47182 nnz 208962 (obstructed fixed targets cancelled: 0) [3s, HWM 0.31 GB]
    E_23: |H|=4 targets 155458 canonical rows 41779 nnz 149196 (obstructed fixed targets cancelled: 0) [4s, HWM 0.31 GB]
    E_34: |H|=2 targets 243548 canonical rows 122353 nnz 252109 (obstructed fixed targets cancelled: 0) [5s, HWM 0.31 GB]
    E_45: |H|=2 targets 243548 canonical rows 122353 nnz 252109 (obstructed fixed targets cancelled: 0) [5s, HWM 0.32 GB]
  built (8, 8, 5, 2, 2, 2) d9: N_S=330145 |Stab|=12 n_chi=32989 rows=395112 nnz=1136660 (8s: mono 0s orbits 2s rows 5s; HWM 0.32 GB)
    hybrid[per6 8_8_5_2_2_2d9] p=2147483647 attempt 0: |S|=32962 |U|=27 (a=3, excess 24) m=91 blocks 1x27 projected nullity 3, verified=True, rank 3 [split 0.0s trisolve 0.0s schur 0.1s null 0.0s lift 0.0s rank 0.0s]
  per6 (8, 8, 5, 2, 2, 2) d9 p=2147483647: a=3 n_chi=32989 mult=3 units=0 [0.8s]
    hybrid[per6 8_8_5_2_2_2d9] p=2147483629 attempt 0: |S|=32962 |U|=27 (a=3, excess 24) m=91 blocks 1x27 projected nullity 3, verified=True, rank 3 [split 0.0s trisolve 0.0s schur 0.1s null 0.0s lift 0.0s rank 0.0s]
  per6 (8, 8, 5, 2, 2, 2) d9 p=2147483629: a=3 n_chi=32989 mult=3 units=0 [0.7s]
  PER6 RESULT (8, 8, 5, 2, 2, 2) d9: a=3 N_S=330145 n_chi=32989 mult=3 units=0 proved: mult = a at both primes (S_mu not in the ideal over Q) (20.5s, HWM 0.33 GB)

=== rank 144 ((9, 6, 6, 2, 2, 2), 9) N_S 340320 a 5 2026-09-09T00:55:07.934621
      level 1: 42 prefixes
      level 2: 664 prefixes
      level 3: 5725 prefixes
      level 4: 30473 prefixes
      level 5: 104634 prefixes
      level 6: 239945 prefixes
      level 7: 328749 prefixes
      level 8: 340320 prefixes
      level 9: 340320 prefixes
  lam=(9, 6, 6, 2, 2, 2): N_S=340320 |Stab|=12 n_chi=34189 (orbits dropped: 0) [lean, 2s, HWM 0.30 GB]
    E_01: |H|=6 targets 259204 canonical rows 51510 nnz 240852 (obstructed fixed targets cancelled: 0) [2s, HWM 0.30 GB]
    E_12: |H|=6 targets 310773 canonical rows 61445 nnz 238598 (obstructed fixed targets cancelled: 0) [3s, HWM 0.31 GB]
    E_23: |H|=2 targets 146518 canonical rows 78101 nnz 306281 (obstructed fixed targets cancelled: 0) [4s, HWM 0.31 GB]
    E_34: |H|=2 targets 251025 canonical rows 126521 nnz 260631 (obstructed fixed targets cancelled: 0) [5s, HWM 0.31 GB]
    E_45: |H|=2 targets 251025 canonical rows 126521 nnz 260631 (obstructed fixed targets cancelled: 0) [6s, HWM 0.32 GB]
  built (9, 6, 6, 2, 2, 2) d9: N_S=340320 |Stab|=12 n_chi=34189 rows=444098 nnz=1306993 (8s: mono 1s orbits 2s rows 6s; HWM 0.32 GB)
    hybrid[per6 9_6_6_2_2_2d9] p=2147483647 attempt 0: |S|=34172 |U|=17 (a=5, excess 12) m=81 blocks 1x17 projected nullity 5, verified=True, rank 5 [split 0.0s trisolve 0.0s schur 0.1s null 0.0s lift 0.1s rank 0.0s]
  per6 (9, 6, 6, 2, 2, 2) d9 p=2147483647: a=5 n_chi=34189 mult=5 units=0 [0.7s]
    hybrid[per6 9_6_6_2_2_2d9] p=2147483629 attempt 0: |S|=34172 |U|=17 (a=5, excess 12) m=81 blocks 1x17 projected nullity 5, verified=True, rank 5 [split 0.0s trisolve 0.0s schur 0.1s null 0.0s lift 0.1s rank 0.0s]
  per6 (9, 6, 6, 2, 2, 2) d9 p=2147483629: a=5 n_chi=34189 mult=5 units=0 [0.7s]
  PER6 RESULT (9, 6, 6, 2, 2, 2) d9: a=5 N_S=340320 n_chi=34189 mult=5 units=0 proved: mult = a at both primes (S_mu not in the ideal over Q) (21.2s, HWM 0.37 GB)

=== rank 145 ((8, 8, 4, 3, 3, 1), 9) N_S 343235 a 1 2026-09-09T00:57:59.796818
      level 1: 30 prefixes
      level 2: 596 prefixes
      level 3: 5481 prefixes
      level 4: 28208 prefixes
      level 5: 92371 prefixes
      level 6: 209174 prefixes
      level 7: 318026 prefixes
      level 8: 343235 prefixes
      level 9: 343235 prefixes
  lam=(8, 8, 4, 3, 3, 1): N_S=343235 |Stab|=4 n_chi=83606 (orbits dropped: 5122) [lean, 1s, HWM 0.29 GB]
    E_01: |H|=2 targets 323067 canonical rows 156990 nnz 724820 (obstructed fixed targets cancelled: 4637) [1s, HWM 0.32 GB]
    E_12: |H|=2 targets 212152 canonical rows 102884 nnz 471164 (obstructed fixed targets cancelled: 3290) [2s, HWM 0.32 GB]
    E_23: |H|=2 targets 243548 canonical rows 122166 nnz 389787 (obstructed fixed targets cancelled: 0) [3s, HWM 0.32 GB]
    E_34: |H|=2 targets 282344 canonical rows 140795 nnz 361547 (obstructed fixed targets cancelled: 0) [4s, HWM 0.34 GB]
    E_45: |H|=2 targets 123615 canonical rows 62255 nnz 167212 (obstructed fixed targets cancelled: 0) [4s, HWM 0.34 GB]
  built (8, 8, 4, 3, 3, 1) d9: N_S=343235 |Stab|=4 n_chi=83606 rows=585090 nnz=2114530 (5s: mono 0s orbits 1s rows 4s; HWM 0.34 GB)
    hybrid[per6 8_8_4_3_3_1d9] p=2147483647 attempt 0: |S|=83573 |U|=33 (a=1, excess 32) m=97 blocks 1x33 projected nullity 1, verified=True, rank 1 [split 0.0s trisolve 0.0s schur 0.3s null 0.0s lift 0.0s rank 0.0s]
  per6 (8, 8, 4, 3, 3, 1) d9 p=2147483647: a=1 n_chi=83606 mult=1 units=0 [0.9s]
    hybrid[per6 8_8_4_3_3_1d9] p=2147483629 attempt 0: |S|=83573 |U|=33 (a=1, excess 32) m=97 blocks 1x33 projected nullity 1, verified=True, rank 1 [split 0.0s trisolve 0.0s schur 0.3s null 0.0s lift 0.0s rank 0.0s]
  per6 (8, 8, 4, 3, 3, 1) d9 p=2147483629: a=1 n_chi=83606 mult=1 units=0 [1.0s]
  PER6 RESULT (8, 8, 4, 3, 3, 1) d9: a=1 N_S=343235 n_chi=83606 mult=1 units=0 proved: mult = a at both primes (S_mu not in the ideal over Q) (19.0s, HWM 0.39 GB)

=== rank 146 ((10, 5, 4, 4, 3, 1), 9) N_S 348652 a 3 2026-09-09T00:58:33.364342
      level 1: 38 prefixes
      level 2: 631 prefixes
      level 3: 6227 prefixes
      level 4: 37293 prefixes
      level 5: 139407 prefixes
      level 6: 288830 prefixes
      level 7: 345390 prefixes
      level 8: 348652 prefixes
      level 9: 348652 prefixes
  lam=(10, 5, 4, 4, 3, 1): N_S=348652 |Stab|=2 n_chi=177060 (orbits dropped: 0) [lean, 0s, HWM 0.29 GB]
    E_01: |H|=2 targets 227723 canonical rows 115822 nnz 583177 (obstructed fixed targets cancelled: 0) [1s, HWM 0.30 GB]
    E_12: |H|=1 targets 269188 canonical rows 269188 nnz 991745 (obstructed fixed targets cancelled: 0) [2s, HWM 0.33 GB]
    E_23: |H|=1 targets 300675 canonical rows 300675 nnz 972168 (obstructed fixed targets cancelled: 0) [3s, HWM 0.34 GB]
    E_34: |H|=1 targets 247544 canonical rows 247544 nnz 812199 (obstructed fixed targets cancelled: 0) [3s, HWM 0.34 GB]
    E_45: |H|=2 targets 125651 canonical rows 64242 nnz 177060 (obstructed fixed targets cancelled: 0) [4s, HWM 0.34 GB]
  built (10, 5, 4, 4, 3, 1) d9: N_S=348652 |Stab|=2 n_chi=177060 rows=997471 nnz=3536349 (5s: mono 0s orbits 0s rows 4s; HWM 0.37 GB)
    hybrid[per6 10_5_4_4_3_1d9] p=2147483647 attempt 0: |S|=177028 |U|=32 (a=3, excess 29) m=96 blocks 1x32 projected nullity 3, verified=True, rank 3 [split 0.1s trisolve 0.2s schur 0.5s null 0.0s lift 0.1s rank 0.0s]
  per6 (10, 5, 4, 4, 3, 1) d9 p=2147483647: a=3 n_chi=177060 mult=3 units=0 [1.5s]
    hybrid[per6 10_5_4_4_3_1d9] p=2147483629 attempt 0: |S|=177028 |U|=32 (a=3, excess 29) m=96 blocks 1x32 projected nullity 3, verified=True, rank 3 [split 0.1s trisolve 0.5s schur 0.5s null 0.0s lift 0.1s rank 0.0s]
  per6 (10, 5, 4, 4, 3, 1) d9 p=2147483629: a=3 n_chi=177060 mult=3 units=0 [1.9s]
  PER6 RESULT (10, 5, 4, 4, 3, 1) d9: a=3 N_S=348652 n_chi=177060 mult=3 units=0 proved: mult = a at both primes (S_mu not in the ideal over Q) (20.1s, HWM 0.51 GB)

=== rank 147 ((9, 5, 5, 5, 2, 1), 9) N_S 363458 a 1 2026-09-09T00:58:53.970274
      level 1: 37 prefixes
      level 2: 550 prefixes
      level 3: 4744 prefixes
      level 4: 26994 prefixes
      level 5: 102400 prefixes
      level 6: 252026 prefixes
      level 7: 350883 prefixes
      level 8: 363458 prefixes
      level 9: 363458 prefixes
  lam=(9, 5, 5, 5, 2, 1): N_S=363458 |Stab|=6 n_chi=58721 (orbits dropped: 3758) [lean, 1s, HWM 0.29 GB]
    E_01: |H|=2 targets 247544 canonical rows 122338 nnz 582751 (obstructed fixed targets cancelled: 1944) [1s, HWM 0.31 GB]
    E_12: |H|=1 targets 325144 canonical rows 324916 nnz 1149013 (obstructed fixed targets cancelled: 0) [2s, HWM 0.35 GB]
    E_23: |H|=1 targets 325144 canonical rows 324916 nnz 1149013 (obstructed fixed targets cancelled: 0) [3s, HWM 0.36 GB]
    E_34: |H|=2 targets 170557 canonical rows 84243 nnz 301687 (obstructed fixed targets cancelled: 967) [4s, HWM 0.36 GB]
    E_45: |H|=6 targets 158177 canonical rows 25289 nnz 58209 (obstructed fixed targets cancelled: 1536) [4s, HWM 0.36 GB]
  built (9, 5, 5, 5, 2, 1) d9: N_S=363458 |Stab|=6 n_chi=58721 rows=881702 nnz=3240673 (6s: mono 0s orbits 1s rows 4s; HWM 0.36 GB)
    hybrid[per6 9_5_5_5_2_1d9] p=2147483647 attempt 0: |S|=58713 |U|=8 (a=1, excess 7) m=72 blocks 1x8 projected nullity 1, verified=True, rank 1 [split 0.0s trisolve 0.0s schur 0.1s null 0.0s lift 0.1s rank 0.0s]
  per6 (9, 5, 5, 5, 2, 1) d9 p=2147483647: a=1 n_chi=58721 mult=1 units=0 [0.9s]
    hybrid[per6 9_5_5_5_2_1d9] p=2147483629 attempt 0: |S|=58713 |U|=8 (a=1, excess 7) m=72 blocks 1x8 projected nullity 1, verified=True, rank 1 [split 0.0s trisolve 0.0s schur 0.1s null 0.0s lift 0.1s rank 0.0s]
  per6 (9, 5, 5, 5, 2, 1) d9 p=2147483629: a=1 n_chi=58721 mult=1 units=0 [0.8s]
  PER6 RESULT (9, 5, 5, 5, 2, 1) d9: a=1 N_S=363458 n_chi=58721 mult=1 units=0 proved: mult = a at both primes (S_mu not in the ideal over Q) (19.8s, HWM 0.44 GB)

=== rank 148 ((10, 6, 4, 3, 2, 2), 9) N_S 364804 a 6 2026-09-09T00:59:41.916875
      level 1: 43 prefixes
      level 2: 783 prefixes
      level 3: 7804 prefixes
      level 4: 44189 prefixes
      level 5: 151629 prefixes
      level 6: 303529 prefixes
      level 7: 361414 prefixes
      level 8: 364804 prefixes
      level 9: 364804 prefixes
  lam=(10, 6, 4, 3, 2, 2): N_S=364804 |Stab|=2 n_chi=193201 (orbits dropped: 0) [lean, 1s, HWM 0.29 GB]
    E_01: |H|=2 targets 266076 canonical rows 141197 nnz 707382 (obstructed fixed targets cancelled: 0) [1s, HWM 0.31 GB]
    E_12: |H|=2 targets 257484 canonical rows 136653 nnz 543465 (obstructed fixed targets cancelled: 0) [2s, HWM 0.31 GB]
    E_23: |H|=2 targets 259204 canonical rows 137700 nnz 446060 (obstructed fixed targets cancelled: 0) [3s, HWM 0.33 GB]
    E_34: |H|=1 targets 221806 canonical rows 221806 nnz 624541 (obstructed fixed targets cancelled: 0) [4s, HWM 0.33 GB]
    E_45: |H|=1 targets 269188 canonical rows 269188 nnz 556176 (obstructed fixed targets cancelled: 0) [4s, HWM 0.34 GB]
  built (10, 6, 4, 3, 2, 2) d9: N_S=364804 |Stab|=2 n_chi=193201 rows=906544 nnz=2877624 (5s: mono 0s orbits 1s rows 4s; HWM 0.34 GB)
    hybrid[per6 10_6_4_3_2_2d9] p=2147483647 attempt 0: |S|=193144 |U|=57 (a=6, excess 51) m=121 blocks 1x57 projected nullity 6, verified=True, rank 6 [split 0.1s trisolve 1.1s schur 0.6s null 0.0s lift 0.8s rank 0.1s]
  per6 (10, 6, 4, 3, 2, 2) d9 p=2147483647: a=6 n_chi=193201 mult=6 units=0 [3.8s]
    hybrid[per6 10_6_4_3_2_2d9] p=2147483629 attempt 0: |S|=193144 |U|=57 (a=6, excess 51) m=121 blocks 1x57 projected nullity 6, verified=True, rank 6 [split 0.1s trisolve 1.0s schur 0.6s null 0.0s lift 0.8s rank 0.1s]
  per6 (10, 6, 4, 3, 2, 2) d9 p=2147483629: a=6 n_chi=193201 mult=6 units=0 [3.5s]
  PER6 RESULT (10, 6, 4, 3, 2, 2) d9: a=6 N_S=364804 n_chi=193201 mult=6 units=0 proved: mult = a at both primes (S_mu not in the ideal over Q) (24.2s, HWM 0.58 GB)

=== rank 149 ((8, 7, 5, 4, 2, 1), 9) N_S 371519 a 6 2026-09-09T01:00:06.581909
      level 1: 29 prefixes
      level 2: 532 prefixes
      level 3: 4842 prefixes
      level 4: 26356 prefixes
      level 5: 91742 prefixes
      level 6: 219773 prefixes
      level 7: 342987 prefixes
      level 8: 371519 prefixes
      level 9: 371519 prefixes
  lam=(8, 7, 5, 4, 2, 1): N_S=371519 |Stab|=1 n_chi=371519 (orbits dropped: 0) [lean, 0s, HWM 0.30 GB]
    E_01: |H|=1 targets 325144 canonical rows 325144 nnz 1519012 (obstructed fixed targets cancelled: 0) [1s, HWM 0.35 GB]
    E_12: |H|=1 targets 282344 canonical rows 282344 nnz 1232954 (obstructed fixed targets cancelled: 0) [2s, HWM 0.36 GB]
    E_23: |H|=1 targets 286542 canonical rows 286542 nnz 1059742 (obstructed fixed targets cancelled: 0) [3s, HWM 0.36 GB]
    E_34: |H|=1 targets 194445 canonical rows 194445 nnz 637241 (obstructed fixed targets cancelled: 0) [4s, HWM 0.36 GB]
    E_45: |H|=1 targets 161693 canonical rows 161693 nnz 371519 (obstructed fixed targets cancelled: 0) [4s, HWM 0.36 GB]
  built (8, 7, 5, 4, 2, 1) d9: N_S=371519 |Stab|=1 n_chi=371519 rows=1250168 nnz=4820468 (5s: mono 1s orbits 0s rows 4s; HWM 0.38 GB)
    hybrid[per6 8_7_5_4_2_1d9] p=2147483647 attempt 0: |S|=371310 |U|=209 (a=6, excess 203) m=273 blocks 1x209 projected nullity 6, verified=True, rank 6 [split 0.2s trisolve 7.8s schur 3.5s null 0.0s lift 0.3s rank 0.1s]
  per6 (8, 7, 5, 4, 2, 1) d9 p=2147483647: a=6 n_chi=371519 mult=6 units=0 [12.9s]
    hybrid[per6 8_7_5_4_2_1d9] p=2147483629 attempt 0: |S|=371310 |U|=209 (a=6, excess 203) m=273 blocks 1x209 projected nullity 6, verified=True, rank 6 [split 0.2s trisolve 4.8s schur 3.6s null 0.0s lift 0.3s rank 0.1s]
  per6 (8, 7, 5, 4, 2, 1) d9 p=2147483629: a=6 n_chi=371519 mult=6 units=0 [10.3s]
  PER6 RESULT (8, 7, 5, 4, 2, 1) d9: a=6 N_S=371519 n_chi=371519 mult=6 units=0 proved: mult = a at both primes (S_mu not in the ideal over Q) (40.6s, HWM 1.67 GB)

=== rank 150 ((8, 7, 6, 2, 2, 2), 9) N_S 388800 a 2 2026-09-09T01:00:47.707684
      level 1: 32 prefixes
      level 2: 621 prefixes
      level 3: 5450 prefixes
      level 4: 28735 prefixes
      level 5: 97962 prefixes
      level 6: 231063 prefixes
      level 7: 358964 prefixes
      level 8: 388800 prefixes
      level 9: 388800 prefixes
  lam=(8, 7, 6, 2, 2, 2): N_S=388800 |Stab|=6 n_chi=76585 (orbits dropped: 0) [lean, 1s, HWM 0.29 GB]
    E_01: |H|=6 targets 340320 canonical rows 67258 nnz 302399 (obstructed fixed targets cancelled: 0) [2s, HWM 0.30 GB]
    E_12: |H|=6 targets 330145 canonical rows 65248 nnz 275693 (obstructed fixed targets cancelled: 0) [4s, HWM 0.33 GB]
    E_23: |H|=2 targets 166884 canonical rows 88852 nnz 350184 (obstructed fixed targets cancelled: 0) [5s, HWM 0.33 GB]
    E_34: |H|=1 targets 286542 canonical rows 286542 nnz 593535 (obstructed fixed targets cancelled: 0) [6s, HWM 0.33 GB]
    E_45: |H|=1 targets 286542 canonical rows 286542 nnz 593535 (obstructed fixed targets cancelled: 0) [6s, HWM 0.34 GB]
  built (8, 7, 6, 2, 2, 2) d9: N_S=388800 |Stab|=6 n_chi=76585 rows=794442 nnz=2115346 (8s: mono 0s orbits 1s rows 6s; HWM 0.34 GB)
    hybrid[per6 8_7_6_2_2_2d9] p=2147483647 attempt 0: |S|=76520 |U|=65 (a=2, excess 63) m=129 blocks 1x65 projected nullity 2, verified=True, rank 2 [split 0.1s trisolve 0.1s schur 0.6s null 0.0s lift 0.0s rank 0.0s]
  per6 (8, 7, 6, 2, 2, 2) d9 p=2147483647: a=2 n_chi=76585 mult=2 units=0 [1.3s]
    hybrid[per6 8_7_6_2_2_2d9] p=2147483629 attempt 0: |S|=76520 |U|=65 (a=2, excess 63) m=129 blocks 1x65 projected nullity 2, verified=True, rank 2 [split 0.0s trisolve 0.1s schur 0.6s null 0.0s lift 0.0s rank 0.0s]
  per6 (8, 7, 6, 2, 2, 2) d9 p=2147483629: a=2 n_chi=76585 mult=2 units=0 [1.2s]
  PER6 RESULT (8, 7, 6, 2, 2, 2) d9: a=2 N_S=388800 n_chi=76585 mult=2 units=0 proved: mult = a at both primes (S_mu not in the ideal over Q) (22.3s, HWM 0.46 GB)

=== rank 151 ((9, 6, 5, 3, 3, 1), 9) N_S 395602 a 3 2026-09-09T01:02:36.287566
      level 1: 38 prefixes
      level 2: 617 prefixes
      level 3: 5750 prefixes
      level 4: 32840 prefixes
      level 5: 119033 prefixes
      level 6: 278613 prefixes
      level 7: 382481 prefixes
      level 8: 395602 prefixes
      level 9: 395602 prefixes
  lam=(9, 6, 5, 3, 3, 1): N_S=395602 |Stab|=2 n_chi=192452 (orbits dropped: 10698) [lean, 1s, HWM 0.29 GB]
    E_01: |H|=2 targets 300675 canonical rows 146094 nnz 712978 (obstructed fixed targets cancelled: 4659) [1s, HWM 0.31 GB]
    E_12: |H|=2 targets 323067 canonical rows 156990 nnz 635971 (obstructed fixed targets cancelled: 3865) [3s, HWM 0.32 GB]
    E_23: |H|=1 targets 251025 canonical rows 251025 nnz 900540 (obstructed fixed targets cancelled: 0) [3s, HWM 0.33 GB]
    E_34: |H|=1 targets 325144 canonical rows 322860 nnz 836345 (obstructed fixed targets cancelled: 0) [5s, HWM 0.35 GB]
    E_45: |H|=1 targets 141897 canonical rows 141897 nnz 384904 (obstructed fixed targets cancelled: 0) [5s, HWM 0.35 GB]
  built (9, 6, 5, 3, 3, 1) d9: N_S=395602 |Stab|=2 n_chi=192452 rows=1018866 nnz=3470738 (6s: mono 1s orbits 1s rows 5s; HWM 0.35 GB)
    hybrid[per6 9_6_5_3_3_1d9] p=2147483647 attempt 0: |S|=192388 |U|=64 (a=3, excess 61) m=128 blocks 1x64 projected nullity 3, verified=True, rank 3 [split 0.1s trisolve 1.4s schur 0.9s null 0.0s lift 0.1s rank 0.0s]
  per6 (9, 6, 5, 3, 3, 1) d9 p=2147483647: a=3 n_chi=192452 mult=3 units=0 [3.3s]
    hybrid[per6 9_6_5_3_3_1d9] p=2147483629 attempt 0: |S|=192388 |U|=64 (a=3, excess 61) m=128 blocks 1x64 projected nullity 3, verified=True, rank 3 [split 0.1s trisolve 0.9s schur 0.8s null 0.0s lift 0.1s rank 0.1s]
  per6 (9, 6, 5, 3, 3, 1) d9 p=2147483629: a=3 n_chi=192452 mult=3 units=0 [2.6s]
  PER6 RESULT (9, 6, 5, 3, 3, 1) d9: a=3 N_S=395602 n_chi=192452 mult=3 units=0 proved: mult = a at both primes (S_mu not in the ideal over Q) (24.1s, HWM 0.62 GB)

=== rank 152 ((10, 4, 4, 4, 4, 1), 9) N_S 404476 a 1 2026-09-09T01:03:00.798830
      level 1: 38 prefixes
      level 2: 622 prefixes
      level 3: 6063 prefixes
      level 4: 38366 prefixes
      level 5: 155789 prefixes
      level 6: 333598 prefixes
      level 7: 400652 prefixes
      level 8: 404476 prefixes
      level 9: 404476 prefixes
  lam=(10, 4, 4, 4, 4, 1): N_S=404476 |Stab|=24 n_chi=18609 (orbits dropped: 0) [lean, 6s, HWM 0.30 GB]
    E_01: |H|=6 targets 227723 canonical rows 39945 nnz 198885 (obstructed fixed targets cancelled: 0) [1s, HWM 0.31 GB]
    E_12: |H|=2 targets 348652 canonical rows 177060 nnz 571378 (obstructed fixed targets cancelled: 0) [3s, HWM 0.31 GB]
    E_23: |H|=2 targets 348652 canonical rows 177060 nnz 571378 (obstructed fixed targets cancelled: 0) [4s, HWM 0.33 GB]
    E_34: |H|=2 targets 348652 canonical rows 177060 nnz 571378 (obstructed fixed targets cancelled: 0) [5s, HWM 0.34 GB]
    E_45: |H|=6 targets 125651 canonical rows 22385 nnz 70620 (obstructed fixed targets cancelled: 0) [6s, HWM 0.34 GB]
  built (10, 4, 4, 4, 4, 1) d9: N_S=404476 |Stab|=24 n_chi=18609 rows=593510 nnz=1983639 (12s: mono 1s orbits 6s rows 6s; HWM 0.34 GB)
    hybrid[per6 10_4_4_4_4_1d9] p=2147483647 attempt 0: |S|=18604 |U|=5 (a=1, excess 4) m=69 blocks 1x5 projected nullity 1, verified=True, rank 1 [split 0.0s trisolve 0.0s schur 0.1s null 0.0s lift 0.0s rank 0.0s]
  per6 (10, 4, 4, 4, 4, 1) d9 p=2147483647: a=1 n_chi=18609 mult=1 units=0 [0.6s]
    hybrid[per6 10_4_4_4_4_1d9] p=2147483629 attempt 0: |S|=18604 |U|=5 (a=1, excess 4) m=69 blocks 1x5 projected nullity 1, verified=True, rank 1 [split 0.0s trisolve 0.0s schur 0.2s null 0.0s lift 0.0s rank 0.0s]
  per6 (10, 4, 4, 4, 4, 1) d9 p=2147483629: a=1 n_chi=18609 mult=1 units=0 [0.7s]
  PER6 RESULT (10, 4, 4, 4, 4, 1) d9: a=1 N_S=404476 n_chi=18609 mult=1 units=0 proved: mult = a at both primes (S_mu not in the ideal over Q) (25.4s, HWM 0.37 GB)

=== rank 153 ((8, 6, 6, 4, 2, 1), 9) N_S 407010 a 4 2026-09-09T01:04:16.018663
      level 1: 29 prefixes
      level 2: 529 prefixes
      level 3: 4612 prefixes
      level 4: 25503 prefixes
      level 5: 92667 prefixes
      level 6: 234066 prefixes
      level 7: 374493 prefixes
      level 8: 407010 prefixes
      level 9: 407010 prefixes
  lam=(8, 6, 6, 4, 2, 1): N_S=407010 |Stab|=2 n_chi=205011 (orbits dropped: 0) [lean, 1s, HWM 0.30 GB]
    E_01: |H|=1 targets 325144 canonical rows 325144 nnz 1519012 (obstructed fixed targets cancelled: 0) [1s, HWM 0.36 GB]
    E_12: |H|=1 targets 371519 canonical rows 371519 nnz 1508430 (obstructed fixed targets cancelled: 0) [3s, HWM 0.39 GB]
    E_23: |H|=1 targets 286542 canonical rows 286542 nnz 1162913 (obstructed fixed targets cancelled: 0) [4s, HWM 0.39 GB]
    E_34: |H|=2 targets 212748 canonical rows 107225 nnz 351214 (obstructed fixed targets cancelled: 0) [4s, HWM 0.39 GB]
    E_45: |H|=2 targets 176922 canonical rows 89381 nnz 205011 (obstructed fixed targets cancelled: 0) [5s, HWM 0.39 GB]
  built (8, 6, 6, 4, 2, 1) d9: N_S=407010 |Stab|=2 n_chi=205011 rows=1179811 nnz=4746580 (6s: mono 1s orbits 1s rows 5s; HWM 0.39 GB)
    hybrid[per6 8_6_6_4_2_1d9] p=2147483647 attempt 0: |S|=204927 |U|=84 (a=4, excess 80) m=148 blocks 1x84 projected nullity 4, verified=True, rank 4 [split 0.1s trisolve 1.5s schur 1.5s null 0.0s lift 0.2s rank 0.1s]
  per6 (8, 6, 6, 4, 2, 1) d9 p=2147483647: a=4 n_chi=205011 mult=4 units=0 [4.4s]
    hybrid[per6 8_6_6_4_2_1d9] p=2147483629 attempt 0: |S|=204927 |U|=84 (a=4, excess 80) m=148 blocks 1x84 projected nullity 4, verified=True, rank 4 [split 0.1s trisolve 1.6s schur 1.5s null 0.0s lift 0.2s rank 0.1s]
  per6 (8, 6, 6, 4, 2, 1) d9 p=2147483629: a=4 n_chi=205011 mult=4 units=0 [4.3s]
  PER6 RESULT (8, 6, 6, 4, 2, 1) d9: a=4 N_S=407010 n_chi=205011 mult=4 units=0 proved: mult = a at both primes (S_mu not in the ideal over Q) (26.9s, HWM 0.72 GB)

=== rank 154 ((10, 5, 5, 3, 2, 2), 9) N_S 407693 a 1 2026-09-09T01:04:43.400424
      level 1: 42 prefixes
      level 2: 744 prefixes
      level 3: 7461 prefixes
      level 4: 44399 prefixes
      level 5: 163647 prefixes
      level 6: 337986 prefixes
      level 7: 403902 prefixes
      level 8: 407693 prefixes
      level 9: 407693 prefixes
  lam=(10, 5, 5, 3, 2, 2): N_S=407693 |Stab|=4 n_chi=106336 (orbits dropped: 2931) [lean, 1s, HWM 0.30 GB]
    E_01: |H|=2 targets 266076 canonical rows 141151 nnz 698346 (obstructed fixed targets cancelled: 0) [1s, HWM 0.31 GB]
    E_12: |H|=2 targets 364804 canonical rows 193093 nnz 684873 (obstructed fixed targets cancelled: 0) [2s, HWM 0.33 GB]
    E_23: |H|=2 targets 259204 canonical rows 137666 nnz 492714 (obstructed fixed targets cancelled: 0) [3s, HWM 0.33 GB]
    E_34: |H|=2 targets 247544 canonical rows 122336 nnz 344322 (obstructed fixed targets cancelled: 962) [4s, HWM 0.34 GB]
    E_45: |H|=2 targets 300675 canonical rows 148110 nnz 306920 (obstructed fixed targets cancelled: 404) [5s, HWM 0.35 GB]
  built (10, 5, 5, 3, 2, 2) d9: N_S=407693 |Stab|=4 n_chi=106336 rows=742356 nnz=2527175 (7s: mono 0s orbits 1s rows 5s; HWM 0.35 GB)
    hybrid[per6 10_5_5_3_2_2d9] p=2147483647 attempt 0: |S|=106317 |U|=19 (a=1, excess 18) m=83 blocks 1x19 projected nullity 1, verified=True, rank 1 [split 0.1s trisolve 0.1s schur 0.2s null 0.0s lift 0.0s rank 0.0s]
  per6 (10, 5, 5, 3, 2, 2) d9 p=2147483647: a=1 n_chi=106336 mult=1 units=0 [1.0s]
    hybrid[per6 10_5_5_3_2_2d9] p=2147483629 attempt 0: |S|=106317 |U|=19 (a=1, excess 18) m=83 blocks 1x19 projected nullity 1, verified=True, rank 1 [split 0.1s trisolve 0.0s schur 0.2s null 0.0s lift 0.0s rank 0.0s]
  per6 (10, 5, 5, 3, 2, 2) d9 p=2147483629: a=1 n_chi=106336 mult=1 units=0 [0.8s]
  PER6 RESULT (10, 5, 5, 3, 2, 2) d9: a=1 N_S=407693 n_chi=106336 mult=1 units=0 proved: mult = a at both primes (S_mu not in the ideal over Q) (20.2s, HWM 0.4 GB)

=== rank 155 ((7, 7, 6, 4, 2, 1), 9) N_S 437832 a 2 2026-09-09T01:05:26.385587
      level 1: 29 prefixes
      level 2: 333 prefixes
      level 3: 3966 prefixes
      level 4: 23455 prefixes
      level 5: 86231 prefixes
      level 6: 215178 prefixes
      level 7: 377200 prefixes
      level 8: 437832 prefixes
      level 9: 437832 prefixes
  lam=(7, 7, 6, 4, 2, 1): N_S=437832 |Stab|=2 n_chi=217707 (orbits dropped: 2418) [lean, 1s, HWM 0.31 GB]
    E_01: |H|=1 targets 407010 canonical rows 407010 nnz 1776755 (obstructed fixed targets cancelled: 0) [2s, HWM 0.38 GB]
    E_12: |H|=1 targets 371519 canonical rows 371519 nnz 1629662 (obstructed fixed targets cancelled: 0) [3s, HWM 0.40 GB]
    E_23: |H|=2 targets 308048 canonical rows 153133 nnz 622282 (obstructed fixed targets cancelled: 1061) [4s, HWM 0.40 GB]
    E_34: |H|=2 targets 228591 canonical rows 113613 nnz 373595 (obstructed fixed targets cancelled: 628) [5s, HWM 0.40 GB]
    E_45: |H|=2 targets 189978 canonical rows 94232 nnz 217255 (obstructed fixed targets cancelled: 452) [5s, HWM 0.40 GB]
  built (7, 7, 6, 4, 2, 1) d9: N_S=437832 |Stab|=2 n_chi=217707 rows=1139507 nnz=4619549 (6s: mono 0s orbits 1s rows 5s; HWM 0.41 GB)
    hybrid[per6 7_7_6_4_2_1d9] p=2147483647 attempt 0: |S|=217605 |U|=102 (a=2, excess 100) m=166 blocks 1x102 projected nullity 2, verified=True, rank 2 [split 0.1s trisolve 1.7s schur 1.7s null 0.0s lift 0.1s rank 0.0s]
  per6 (7, 7, 6, 4, 2, 1) d9 p=2147483647: a=2 n_chi=217707 mult=2 units=0 [4.7s]
    hybrid[per6 7_7_6_4_2_1d9] p=2147483629 attempt 0: |S|=217605 |U|=102 (a=2, excess 100) m=166 blocks 1x102 projected nullity 2, verified=True, rank 2 [split 0.1s trisolve 1.5s schur 1.8s null 0.0s lift 0.1s rank 0.0s]
  per6 (7, 7, 6, 4, 2, 1) d9 p=2147483629: a=2 n_chi=217707 mult=2 units=0 [4.4s]
  PER6 RESULT (7, 7, 6, 4, 2, 1) d9: a=2 N_S=437832 n_chi=217707 mult=2 units=0 proved: mult = a at both primes (S_mu not in the ideal over Q) (27.7s, HWM 0.81 GB)

=== rank 156 ((9, 7, 4, 3, 2, 2), 9) N_S 438330 a 5 2026-09-09T01:05:54.575972
      level 1: 43 prefixes
      level 2: 770 prefixes
      level 3: 7467 prefixes
      level 4: 41219 prefixes
      level 5: 140717 prefixes
      level 6: 312985 prefixes
      level 7: 424209 prefixes
      level 8: 438330 prefixes
      level 9: 438330 prefixes
  lam=(9, 7, 4, 3, 2, 2): N_S=438330 |Stab|=2 n_chi=231755 (orbits dropped: 0) [lean, 1s, HWM 0.30 GB]
    E_01: |H|=2 targets 364804 canonical rows 193201 nnz 937909 (obstructed fixed targets cancelled: 0) [2s, HWM 0.33 GB]
    E_12: |H|=2 targets 287197 canonical rows 152308 nnz 655351 (obstructed fixed targets cancelled: 0) [3s, HWM 0.33 GB]
    E_23: |H|=2 targets 310773 canonical rows 164798 nnz 537154 (obstructed fixed targets cancelled: 0) [4s, HWM 0.34 GB]
    E_34: |H|=1 targets 265834 canonical rows 265834 nnz 752157 (obstructed fixed targets cancelled: 0) [5s, HWM 0.35 GB]
    E_45: |H|=1 targets 323067 canonical rows 323067 nnz 670515 (obstructed fixed targets cancelled: 0) [5s, HWM 0.36 GB]
  built (9, 7, 4, 3, 2, 2) d9: N_S=438330 |Stab|=2 n_chi=231755 rows=1099208 nnz=3553086 (7s: mono 0s orbits 1s rows 6s; HWM 0.36 GB)
    hybrid[per6 9_7_4_3_2_2d9] p=2147483647 attempt 0: |S|=231679 |U|=76 (a=5, excess 71) m=140 blocks 1x76 projected nullity 5, verified=True, rank 5 [split 0.1s trisolve 1.7s schur 1.0s null 0.0s lift 0.2s rank 0.1s]
  per6 (9, 7, 4, 3, 2, 2) d9 p=2147483647: a=5 n_chi=231755 mult=5 units=0 [4.3s]
    hybrid[per6 9_7_4_3_2_2d9] p=2147483629 attempt 0: |S|=231679 |U|=76 (a=5, excess 71) m=140 blocks 1x76 projected nullity 5, verified=True, rank 5 [split 0.1s trisolve 0.7s schur 1.0s null 0.0s lift 0.4s rank 0.1s]
  per6 (9, 7, 4, 3, 2, 2) d9 p=2147483629: a=5 n_chi=231755 mult=5 units=0 [3.1s]
  PER6 RESULT (9, 7, 4, 3, 2, 2) d9: a=5 N_S=438330 n_chi=231755 mult=5 units=0 proved: mult = a at both primes (S_mu not in the ideal over Q) (26.5s, HWM 0.72 GB)

=== rank 157 ((8, 7, 5, 3, 3, 1), 9) N_S 452419 a 3 2026-09-09T01:06:21.556225
      level 1: 30 prefixes
      level 2: 581 prefixes
      level 3: 5522 prefixes
      level 4: 30958 prefixes
      level 5: 110317 prefixes
      level 6: 267361 prefixes
      level 7: 417986 prefixes
      level 8: 452419 prefixes
      level 9: 452419 prefixes
  lam=(8, 7, 5, 3, 3, 1): N_S=452419 |Stab|=2 n_chi=220244 (orbits dropped: 11931) [lean, 1s, HWM 0.30 GB]
    E_01: |H|=2 targets 395602 canonical rows 192452 nnz 900364 (obstructed fixed targets cancelled: 5494) [2s, HWM 0.33 GB]
    E_12: |H|=2 targets 343235 canonical rows 166796 nnz 730230 (obstructed fixed targets cancelled: 4595) [3s, HWM 0.33 GB]
    E_23: |H|=1 targets 286542 canonical rows 286541 nnz 1033138 (obstructed fixed targets cancelled: 0) [4s, HWM 0.35 GB]
    E_34: |H|=1 targets 371519 canonical rows 369009 nnz 960183 (obstructed fixed targets cancelled: 0) [5s, HWM 0.37 GB]
    E_45: |H|=1 targets 161693 canonical rows 161692 nnz 440488 (obstructed fixed targets cancelled: 0) [5s, HWM 0.37 GB]
  built (8, 7, 5, 3, 3, 1) d9: N_S=452419 |Stab|=2 n_chi=220244 rows=1176490 nnz=4064403 (6s: mono 0s orbits 1s rows 5s; HWM 0.37 GB)
    hybrid[per6 8_7_5_3_3_1d9] p=2147483647 attempt 0: |S|=220163 |U|=81 (a=3, excess 78) m=145 blocks 1x81 projected nullity 3, verified=True, rank 3 [split 0.1s trisolve 1.0s schur 1.3s null 0.0s lift 0.2s rank 0.1s]
  per6 (8, 7, 5, 3, 3, 1) d9 p=2147483647: a=3 n_chi=220244 mult=3 units=0 [3.5s]
    hybrid[per6 8_7_5_3_3_1d9] p=2147483629 attempt 0: |S|=220163 |U|=81 (a=3, excess 78) m=145 blocks 1x81 projected nullity 3, verified=True, rank 3 [split 0.1s trisolve 0.9s schur 1.3s null 0.0s lift 0.2s rank 0.1s]
  per6 (8, 7, 5, 3, 3, 1) d9 p=2147483629: a=3 n_chi=220244 mult=3 units=0 [3.2s]
  PER6 RESULT (8, 7, 5, 3, 3, 1) d9: a=3 N_S=452419 n_chi=220244 mult=3 units=0 proved: mult = a at both primes (S_mu not in the ideal over Q) (25.3s, HWM 0.74 GB)

=== rank 158 ((8, 6, 5, 5, 2, 1), 9) N_S 455285 a 2 2026-09-09T01:06:47.370276
      level 1: 29 prefixes
      level 2: 525 prefixes
      level 3: 4710 prefixes
      level 4: 27035 prefixes
      level 5: 100972 prefixes
      level 6: 260274 prefixes
      level 7: 418783 prefixes
      level 8: 455285 prefixes
      level 9: 455285 prefixes
  lam=(8, 6, 5, 5, 2, 1): N_S=455285 |Stab|=2 n_chi=225350 (orbits dropped: 4585) [lean, 1s, HWM 0.31 GB]
    E_01: |H|=2 targets 363458 canonical rows 179850 nnz 841608 (obstructed fixed targets cancelled: 2416) [2s, HWM 0.34 GB]
    E_12: |H|=1 targets 371519 canonical rows 371482 nnz 1504737 (obstructed fixed targets cancelled: 0) [3s, HWM 0.38 GB]
    E_23: |H|=1 targets 407010 canonical rows 406884 nnz 1478007 (obstructed fixed targets cancelled: 0) [4s, HWM 0.40 GB]
    E_34: |H|=1 targets 212748 canonical rows 212725 nnz 775536 (obstructed fixed targets cancelled: 0) [5s, HWM 0.40 GB]
    E_45: |H|=2 targets 197353 canonical rows 97323 nnz 224678 (obstructed fixed targets cancelled: 672) [5s, HWM 0.40 GB]
  built (8, 6, 5, 5, 2, 1) d9: N_S=455285 |Stab|=2 n_chi=225350 rows=1268264 nnz=4824566 (7s: mono 0s orbits 1s rows 6s; HWM 0.40 GB)
    hybrid[per6 8_6_5_5_2_1d9] p=2147483647 attempt 0: |S|=225266 |U|=84 (a=2, excess 82) m=148 blocks 1x84 projected nullity 2, verified=True, rank 2 [split 0.1s trisolve 1.8s schur 1.5s null 0.0s lift 0.3s rank 0.2s]
  per6 (8, 6, 5, 5, 2, 1) d9 p=2147483647: a=2 n_chi=225350 mult=2 units=0 [4.8s]
    hybrid[per6 8_6_5_5_2_1d9] p=2147483629 attempt 0: |S|=225266 |U|=84 (a=2, excess 82) m=148 blocks 1x84 projected nullity 2, verified=True, rank 2 [split 0.1s trisolve 1.5s schur 1.5s null 0.0s lift 0.8s rank 0.1s]
  per6 (8, 6, 5, 5, 2, 1) d9 p=2147483629: a=2 n_chi=225350 mult=2 units=0 [5.0s]
  PER6 RESULT (8, 6, 5, 5, 2, 1) d9: a=2 N_S=455285 n_chi=225350 mult=2 units=0 proved: mult = a at both primes (S_mu not in the ideal over Q) (29.1s, HWM 0.74 GB)

=== rank 159 ((9, 6, 4, 4, 3, 1), 9) N_S 459228 a 4 2026-09-09T01:07:16.908854
      level 1: 38 prefixes
      level 2: 632 prefixes
      level 3: 6167 prefixes
      level 4: 36415 prefixes
      level 5: 135885 prefixes
      level 6: 322695 prefixes
      level 7: 444058 prefixes
      level 8: 459228 prefixes
      level 9: 459228 prefixes
  lam=(9, 6, 4, 4, 3, 1): N_S=459228 |Stab|=2 n_chi=233045 (orbits dropped: 0) [lean, 1s, HWM 0.31 GB]
    E_01: |H|=2 targets 348652 canonical rows 177060 nnz 868087 (obstructed fixed targets cancelled: 0) [2s, HWM 0.33 GB]
    E_12: |H|=1 targets 323067 canonical rows 323067 nnz 1314667 (obstructed fixed targets cancelled: 0) [3s, HWM 0.36 GB]
    E_23: |H|=1 targets 395602 canonical rows 395602 nnz 1289546 (obstructed fixed targets cancelled: 0) [4s, HWM 0.39 GB]
    E_34: |H|=1 targets 325144 canonical rows 325144 nnz 1074908 (obstructed fixed targets cancelled: 0) [5s, HWM 0.39 GB]
    E_45: |H|=2 targets 164374 canonical rows 83956 nnz 233045 (obstructed fixed targets cancelled: 0) [6s, HWM 0.39 GB]
  built (9, 6, 4, 4, 3, 1) d9: N_S=459228 |Stab|=2 n_chi=233045 rows=1304829 nnz=4780253 (7s: mono 1s orbits 1s rows 6s; HWM 0.40 GB)
    hybrid[per6 9_6_4_4_3_1d9] p=2147483647 attempt 0: |S|=232989 |U|=56 (a=4, excess 52) m=120 blocks 1x56 projected nullity 4, verified=True, rank 4 [split 0.1s trisolve 1.1s schur 1.0s null 0.0s lift 0.5s rank 0.2s]
  per6 (9, 6, 4, 4, 3, 1) d9 p=2147483647: a=4 n_chi=233045 mult=4 units=0 [4.2s]
    hybrid[per6 9_6_4_4_3_1d9] p=2147483629 attempt 0: |S|=232989 |U|=56 (a=4, excess 52) m=120 blocks 1x56 projected nullity 4, verified=True, rank 4 [split 0.1s trisolve 1.3s schur 1.0s null 0.0s lift 0.8s rank 0.1s]
  per6 (9, 6, 4, 4, 3, 1) d9 p=2147483629: a=4 n_chi=233045 mult=4 units=0 [4.6s]
  PER6 RESULT (9, 6, 4, 4, 3, 1) d9: a=4 N_S=459228 n_chi=233045 mult=4 units=0 proved: mult = a at both primes (S_mu not in the ideal over Q) (29.4s, HWM 0.71 GB)

=== rank 160 ((8, 8, 4, 3, 2, 2), 9) N_S 465922 a 2 2026-09-09T01:07:46.701568
      level 1: 33 prefixes
      level 2: 717 prefixes
      level 3: 6949 prefixes
      level 4: 37273 prefixes
      level 5: 124588 prefixes
      level 6: 283921 prefixes
      level 7: 431918 prefixes
      level 8: 465922 prefixes
      level 9: 465922 prefixes
  lam=(8, 8, 4, 3, 2, 2): N_S=465922 |Stab|=4 n_chi=123916 (orbits dropped: 0) [lean, 1s, HWM 0.31 GB]
    E_01: |H|=2 targets 438330 canonical rows 231755 nnz 1072596 (obstructed fixed targets cancelled: 0) [2s, HWM 0.35 GB]
    E_12: |H|=2 targets 287197 canonical rows 152308 nnz 697324 (obstructed fixed targets cancelled: 0) [3s, HWM 0.35 GB]
    E_23: |H|=4 targets 330145 canonical rows 88164 nnz 286861 (obstructed fixed targets cancelled: 0) [4s, HWM 0.35 GB]
    E_34: |H|=2 targets 282344 canonical rows 141864 nnz 401153 (obstructed fixed targets cancelled: 0) [5s, HWM 0.35 GB]
    E_45: |H|=2 targets 343235 canonical rows 172334 nnz 357725 (obstructed fixed targets cancelled: 0) [6s, HWM 0.36 GB]
  built (8, 8, 4, 3, 2, 2) d9: N_S=465922 |Stab|=4 n_chi=123916 rows=786425 nnz=2815659 (8s: mono 1s orbits 1s rows 6s; HWM 0.36 GB)
    hybrid[per6 8_8_4_3_2_2d9] p=2147483647 attempt 0: |S|=123849 |U|=67 (a=2, excess 65) m=131 blocks 1x67 projected nullity 2, verified=True, rank 2 [split 0.1s trisolve 0.8s schur 0.7s null 0.0s lift 0.1s rank 0.0s]
  per6 (8, 8, 4, 3, 2, 2) d9 p=2147483647: a=2 n_chi=123916 mult=2 units=0 [2.4s]
    hybrid[per6 8_8_4_3_2_2d9] p=2147483629 attempt 0: |S|=123849 |U|=67 (a=2, excess 65) m=131 blocks 1x67 projected nullity 2, verified=True, rank 2 [split 0.1s trisolve 0.3s schur 0.7s null 0.0s lift 0.1s rank 0.0s]
  per6 (8, 8, 4, 3, 2, 2) d9 p=2147483629: a=2 n_chi=123916 mult=2 units=0 [1.9s]
  PER6 RESULT (8, 8, 4, 3, 2, 2) d9: a=2 N_S=465922 n_chi=123916 mult=2 units=0 proved: mult = a at both primes (S_mu not in the ideal over Q) (24.3s, HWM 0.56 GB)

=== rank 161 ((10, 5, 4, 4, 2, 2), 9) N_S 473090 a 4 2026-09-09T01:09:57.225735
      level 1: 42 prefixes
      level 2: 761 prefixes
      level 3: 7967 prefixes
      level 4: 49443 prefixes
      level 5: 188022 prefixes
      level 6: 391942 prefixes
      level 7: 468720 prefixes
      level 8: 473090 prefixes
      level 9: 473090 prefixes
  lam=(10, 5, 4, 4, 2, 2): N_S=473090 |Stab|=4 n_chi=127473 (orbits dropped: 0) [lean, 1s, HWM 0.31 GB]
    E_01: |H|=4 targets 308211 canonical rows 83535 nnz 416770 (obstructed fixed targets cancelled: 0) [2s, HWM 0.31 GB]
    E_12: |H|=2 targets 364804 canonical rows 193201 nnz 707382 (obstructed fixed targets cancelled: 0) [3s, HWM 0.34 GB]
    E_23: |H|=2 targets 407693 canonical rows 215603 nnz 692984 (obstructed fixed targets cancelled: 0) [4s, HWM 0.36 GB]
    E_34: |H|=1 targets 247544 canonical rows 247544 nnz 812199 (obstructed fixed targets cancelled: 0) [5s, HWM 0.36 GB]
    E_45: |H|=2 targets 348652 canonical rows 177060 nnz 366494 (obstructed fixed targets cancelled: 0) [6s, HWM 0.37 GB]
  built (10, 5, 4, 4, 2, 2) d9: N_S=473090 |Stab|=4 n_chi=127473 rows=916943 nnz=2995829 (8s: mono 1s orbits 1s rows 6s; HWM 0.37 GB)
    hybrid[per6 10_5_4_4_2_2d9] p=2147483647 attempt 0: |S|=127446 |U|=27 (a=4, excess 23) m=91 blocks 1x27 projected nullity 4, verified=True, rank 4 [split 0.1s trisolve 0.3s schur 0.4s null 0.0s lift 0.3s rank 0.0s]
  per6 (10, 5, 4, 4, 2, 2) d9 p=2147483647: a=4 n_chi=127473 mult=4 units=0 [1.7s]
    hybrid[per6 10_5_4_4_2_2d9] p=2147483629 attempt 0: |S|=127446 |U|=27 (a=4, excess 23) m=91 blocks 1x27 projected nullity 4, verified=True, rank 4 [split 0.1s trisolve 0.0s schur 0.4s null 0.0s lift 0.2s rank 0.0s]
  per6 (10, 5, 4, 4, 2, 2) d9 p=2147483629: a=4 n_chi=127473 mult=4 units=0 [1.3s]
  PER6 RESULT (10, 5, 4, 4, 2, 2) d9: a=4 N_S=473090 n_chi=127473 mult=4 units=0 proved: mult = a at both primes (S_mu not in the ideal over Q) (23.0s, HWM 0.49 GB)

=== rank 162 ((7, 7, 5, 5, 2, 1), 9) N_S 489912 a 1 2026-09-09T01:10:20.649764
      level 1: 29 prefixes
      level 2: 336 prefixes
      level 3: 4072 prefixes
      level 4: 24922 prefixes
      level 5: 93758 prefixes
      level 6: 238356 prefixes
      level 7: 421552 prefixes
      level 8: 489912 prefixes
      level 9: 489912 prefixes
  lam=(7, 7, 5, 5, 2, 1): N_S=489912 |Stab|=4 n_chi=120822 (orbits dropped: 3619) [lean, 1s, HWM 0.31 GB]
    E_01: |H|=2 targets 455285 canonical rows 225350 nnz 985799 (obstructed fixed targets cancelled: 2780) [2s, HWM 0.35 GB]
    E_12: |H|=1 targets 371519 canonical rows 371454 nnz 1615788 (obstructed fixed targets cancelled: 0) [3s, HWM 0.39 GB]
    E_23: |H|=2 targets 437832 canonical rows 217644 nnz 792054 (obstructed fixed targets cancelled: 1325) [5s, HWM 0.39 GB]
    E_34: |H|=2 targets 228591 canonical rows 113604 nnz 415099 (obstructed fixed targets cancelled: 732) [6s, HWM 0.39 GB]
    E_45: |H|=4 targets 212000 canonical rows 52064 nnz 120288 (obstructed fixed targets cancelled: 1068) [7s, HWM 0.39 GB]
  built (7, 7, 5, 5, 2, 1) d9: N_S=489912 |Stab|=4 n_chi=120822 rows=980116 nnz=3929028 (8s: mono 0s orbits 1s rows 7s; HWM 0.39 GB)
    hybrid[per6 7_7_5_5_2_1d9] p=2147483647 attempt 0: |S|=120783 |U|=39 (a=1, excess 38) m=103 blocks 1x39 projected nullity 1, verified=True, rank 1 [split 0.1s trisolve 0.5s schur 0.6s null 0.0s lift 0.0s rank 0.0s]
  per6 (7, 7, 5, 5, 2, 1) d9 p=2147483647: a=1 n_chi=120822 mult=1 units=0 [2.1s]
    hybrid[per6 7_7_5_5_2_1d9] p=2147483629 attempt 0: |S|=120783 |U|=39 (a=1, excess 38) m=103 blocks 1x39 projected nullity 1, verified=True, rank 1 [split 0.1s trisolve 0.2s schur 0.7s null 0.0s lift 0.0s rank 0.0s]
  per6 (7, 7, 5, 5, 2, 1) d9 p=2147483629: a=1 n_chi=120822 mult=1 units=0 [1.6s]
  PER6 RESULT (7, 7, 5, 5, 2, 1) d9: a=1 N_S=489912 n_chi=120822 mult=1 units=0 proved: mult = a at both primes (S_mu not in the ideal over Q) (23.6s, HWM 0.53 GB)

=== rank 163 ((9, 5, 5, 4, 3, 1), 9) N_S 513916 a 4 2026-09-09T01:11:39.003215
      level 1: 38 prefixes
      level 2: 621 prefixes
      level 3: 5885 prefixes
      level 4: 36037 prefixes
      level 5: 142783 prefixes
      level 6: 356411 prefixes
      level 7: 496570 prefixes
      level 8: 513916 prefixes
      level 9: 513916 prefixes
  lam=(9, 5, 5, 4, 3, 1): N_S=513916 |Stab|=2 n_chi=254546 (orbits dropped: 4824) [lean, 1s, HWM 0.32 GB]
    E_01: |H|=1 targets 348652 canonical rows 348652 nnz 1702885 (obstructed fixed targets cancelled: 0) [1s, HWM 0.37 GB]
    E_12: |H|=1 targets 459228 canonical rows 459072 nnz 1673283 (obstructed fixed targets cancelled: 0) [3s, HWM 0.41 GB]
    E_23: |H|=1 targets 395602 canonical rows 395526 nnz 1462336 (obstructed fixed targets cancelled: 0) [4s, HWM 0.42 GB]
    E_34: |H|=2 targets 363458 canonical rows 179850 nnz 595747 (obstructed fixed targets cancelled: 1551) [6s, HWM 0.42 GB]
    E_45: |H|=2 targets 183274 canonical rows 90322 nnz 253526 (obstructed fixed targets cancelled: 963) [6s, HWM 0.42 GB]
  built (9, 5, 5, 4, 3, 1) d9: N_S=513916 |Stab|=2 n_chi=254546 rows=1473422 nnz=5687777 (8s: mono 1s orbits 1s rows 6s; HWM 0.43 GB)
    hybrid[per6 9_5_5_4_3_1d9] p=2147483647 attempt 0: |S|=254489 |U|=57 (a=4, excess 53) m=121 blocks 1x57 projected nullity 4, verified=True, rank 4 [split 0.1s trisolve 1.2s schur 1.2s null 0.0s lift 0.2s rank 0.1s]
  per6 (9, 5, 5, 4, 3, 1) d9 p=2147483647: a=4 n_chi=254546 mult=4 units=0 [4.1s]
    hybrid[per6 9_5_5_4_3_1d9] p=2147483629 attempt 0: |S|=254489 |U|=57 (a=4, excess 53) m=121 blocks 1x57 projected nullity 4, verified=True, rank 4 [split 0.1s trisolve 1.2s schur 1.2s null 0.0s lift 1.1s rank 0.1s]
  per6 (9, 5, 5, 4, 3, 1) d9 p=2147483629: a=4 n_chi=254546 mult=4 units=0 [4.7s]
  PER6 RESULT (9, 5, 5, 4, 3, 1) d9: a=4 N_S=513916 n_chi=254546 mult=4 units=0 proved: mult = a at both primes (S_mu not in the ideal over Q) (28.7s, HWM 0.72 GB)

=== rank 164 ((8, 7, 4, 4, 3, 1), 9) N_S 525445 a 3 2026-09-09T01:12:08.185886
      level 1: 30 prefixes
      level 2: 598 prefixes
      level 3: 5941 prefixes
      level 4: 34391 prefixes
      level 5: 125262 prefixes
      level 6: 308876 prefixes
      level 7: 485391 prefixes
      level 8: 525445 prefixes
      level 9: 525445 prefixes
  lam=(8, 7, 4, 4, 3, 1): N_S=525445 |Stab|=2 n_chi=266535 (orbits dropped: 0) [lean, 1s, HWM 0.32 GB]
    E_01: |H|=2 targets 459228 canonical rows 233045 nnz 1095464 (obstructed fixed targets cancelled: 0) [2s, HWM 0.35 GB]
    E_12: |H|=1 targets 343235 canonical rows 343235 nnz 1509197 (obstructed fixed targets cancelled: 0) [3s, HWM 0.37 GB]
    E_23: |H|=1 targets 452419 canonical rows 452419 nnz 1480827 (obstructed fixed targets cancelled: 0) [5s, HWM 0.41 GB]
    E_34: |H|=1 targets 371519 canonical rows 371519 nnz 1232954 (obstructed fixed targets cancelled: 0) [6s, HWM 0.41 GB]
    E_45: |H|=2 targets 187392 canonical rows 95645 nnz 266535 (obstructed fixed targets cancelled: 0) [7s, HWM 0.41 GB]
  built (8, 7, 4, 4, 3, 1) d9: N_S=525445 |Stab|=2 n_chi=266535 rows=1495863 nnz=5584977 (8s: mono 1s orbits 1s rows 7s; HWM 0.43 GB)
    hybrid[per6 8_7_4_4_3_1d9] p=2147483647 attempt 0: |S|=266445 |U|=90 (a=3, excess 87) m=154 blocks 1x90 projected nullity 3, verified=True, rank 3 [split 0.1s trisolve 0.7s schur 1.9s null 0.0s lift 0.5s rank 0.1s]
  per6 (8, 7, 4, 4, 3, 1) d9 p=2147483647: a=3 n_chi=266535 mult=3 units=0 [4.4s]
    hybrid[per6 8_7_4_4_3_1d9] p=2147483629 attempt 0: |S|=266445 |U|=90 (a=3, excess 87) m=154 blocks 1x90 projected nullity 3, verified=True, rank 3 [split 0.1s trisolve 0.4s schur 2.3s null 0.0s lift 0.4s rank 0.1s]
  per6 (8, 7, 4, 4, 3, 1) d9 p=2147483629: a=3 n_chi=266535 mult=3 units=0 [4.7s]
  PER6 RESULT (8, 7, 4, 4, 3, 1) d9: a=3 N_S=525445 n_chi=266535 mult=3 units=0 proved: mult = a at both primes (S_mu not in the ideal over Q) (29.9s, HWM 0.87 GB)

=== rank 165 ((7, 7, 6, 3, 3, 1), 9) N_S 533651 a 1 2026-09-09T01:12:38.598210
      level 1: 30 prefixes
      level 2: 364 prefixes
      level 3: 4527 prefixes
      level 4: 27570 prefixes
      level 5: 103298 prefixes
      level 6: 261250 prefixes
      level 7: 459916 prefixes
      level 8: 533651 prefixes
      level 9: 533651 prefixes
  lam=(7, 7, 6, 3, 3, 1): N_S=533651 |Stab|=4 n_chi=129566 (orbits dropped: 8141) [lean, 1s, HWM 0.30 GB]
    E_01: |H|=2 targets 495810 canonical rows 241385 nnz 1056352 (obstructed fixed targets cancelled: 6191) [2s, HWM 0.35 GB]
    E_12: |H|=2 targets 452419 canonical rows 220244 nnz 968649 (obstructed fixed targets cancelled: 5647) [4s, HWM 0.36 GB]
    E_23: |H|=2 targets 308048 canonical rows 153097 nnz 607598 (obstructed fixed targets cancelled: 1061) [5s, HWM 0.36 GB]
    E_34: |H|=2 targets 437832 canonical rows 216332 nnz 565305 (obstructed fixed targets cancelled: 946) [7s, HWM 0.37 GB]
    E_45: |H|=2 targets 189978 canonical rows 94232 nnz 258110 (obstructed fixed targets cancelled: 646) [7s, HWM 0.37 GB]
  built (7, 7, 6, 3, 3, 1) d9: N_S=533651 |Stab|=4 n_chi=129566 rows=925290 nnz=3456014 (9s: mono 1s orbits 1s rows 7s; HWM 0.37 GB)
    hybrid[per6 7_7_6_3_3_1d9] p=2147483647 attempt 0: |S|=129527 |U|=39 (a=1, excess 38) m=103 blocks 1x39 projected nullity 1, verified=True, rank 1 [split 0.1s trisolve 0.5s schur 0.6s null 0.0s lift 0.0s rank 0.0s]
  per6 (7, 7, 6, 3, 3, 1) d9 p=2147483647: a=1 n_chi=129566 mult=1 units=0 [2.1s]
    hybrid[per6 7_7_6_3_3_1d9] p=2147483629 attempt 0: |S|=129527 |U|=39 (a=1, excess 38) m=103 blocks 1x39 projected nullity 1, verified=True, rank 1 [split 0.1s trisolve 0.1s schur 0.6s null 0.0s lift 0.1s rank 0.0s]
  per6 (7, 7, 6, 3, 3, 1) d9 p=2147483629: a=1 n_chi=129566 mult=1 units=0 [1.7s]
  PER6 RESULT (7, 7, 6, 3, 3, 1) d9: a=1 N_S=533651 n_chi=129566 mult=1 units=0 proved: mult = a at both primes (S_mu not in the ideal over Q) (25.4s, HWM 0.51 GB)

=== rank 166 ((7, 6, 6, 5, 2, 1), 9) N_S 536974 a 1 2026-09-09T01:14:13.444930
      level 1: 29 prefixes
      level 2: 337 prefixes
      level 3: 4006 prefixes
      level 4: 24382 prefixes
      level 5: 94362 prefixes
      level 6: 250442 prefixes
      level 7: 458301 prefixes
      level 8: 536974 prefixes
      level 9: 536974 prefixes
  lam=(7, 6, 6, 5, 2, 1): N_S=536974 |Stab|=2 n_chi=270274 (orbits dropped: 0) [lean, 1s, HWM 0.33 GB]
    E_01: |H|=1 targets 455285 canonical rows 455285 nnz 2020960 (obstructed fixed targets cancelled: 0) [2s, HWM 0.40 GB]
    E_12: |H|=1 targets 489912 canonical rows 489912 nnz 2007564 (obstructed fixed targets cancelled: 0) [3s, HWM 0.44 GB]
    E_23: |H|=1 targets 437832 canonical rows 437832 nnz 1799077 (obstructed fixed targets cancelled: 0) [5s, HWM 0.44 GB]
    E_34: |H|=2 targets 250183 canonical rows 126059 nnz 464838 (obstructed fixed targets cancelled: 0) [6s, HWM 0.44 GB]
    E_45: |H|=2 targets 232065 canonical rows 117098 nnz 270274 (obstructed fixed targets cancelled: 0) [7s, HWM 0.44 GB]
  built (7, 6, 6, 5, 2, 1) d9: N_S=536974 |Stab|=2 n_chi=270274 rows=1626186 nnz=6562713 (8s: mono 0s orbits 1s rows 7s; HWM 0.45 GB)
    hybrid[per6 7_6_6_5_2_1d9] p=2147483647 attempt 0: |S|=270136 |U|=138 (a=1, excess 137) m=202 blocks 1x138 projected nullity 1, verified=True, rank 1 [split 0.1s trisolve 3.3s schur 3.4s null 0.0s lift 0.1s rank 0.1s]
  per6 (7, 6, 6, 5, 2, 1) d9 p=2147483647: a=1 n_chi=270274 mult=1 units=0 [8.2s]
    hybrid[per6 7_6_6_5_2_1d9] p=2147483629 attempt 0: |S|=270136 |U|=138 (a=1, excess 137) m=202 blocks 1x138 projected nullity 1, verified=True, rank 1 [split 0.1s trisolve 1.9s schur 3.4s null 0.0s lift 0.1s rank 0.3s]
  per6 (7, 6, 6, 5, 2, 1) d9 p=2147483629: a=1 n_chi=270274 mult=1 units=0 [6.6s]
  PER6 RESULT (7, 6, 6, 5, 2, 1) d9: a=1 N_S=536974 n_chi=270274 mult=1 units=0 proved: mult = a at both primes (S_mu not in the ideal over Q) (35.1s, HWM 1.09 GB)

=== rank 167 ((9, 6, 5, 3, 2, 2), 9) N_S 537347 a 4 2026-09-09T01:16:06.640999
      level 1: 42 prefixes
      level 2: 745 prefixes
      level 3: 7339 prefixes
      level 4: 43520 prefixes
      level 5: 160631 prefixes
      level 6: 378409 prefixes
      level 7: 519716 prefixes
      level 8: 537347 prefixes
      level 9: 537347 prefixes
  lam=(9, 6, 5, 3, 2, 2): N_S=537347 |Stab|=2 n_chi=283642 (orbits dropped: 0) [lean, 1s, HWM 0.32 GB]
    E_01: |H|=2 targets 407693 canonical rows 215603 nnz 1052293 (obstructed fixed targets cancelled: 0) [2s, HWM 0.35 GB]
    E_12: |H|=2 targets 438330 canonical rows 231755 nnz 937909 (obstructed fixed targets cancelled: 0) [4s, HWM 0.36 GB]
    E_23: |H|=2 targets 340320 canonical rows 180436 nnz 659966 (obstructed fixed targets cancelled: 0) [5s, HWM 0.36 GB]
    E_34: |H|=1 targets 325144 canonical rows 325144 nnz 924367 (obstructed fixed targets cancelled: 0) [6s, HWM 0.36 GB]
    E_45: |H|=1 targets 395602 canonical rows 395602 nnz 825021 (obstructed fixed targets cancelled: 0) [7s, HWM 0.39 GB]
  built (9, 6, 5, 3, 2, 2) d9: N_S=537347 |Stab|=2 n_chi=283642 rows=1348540 nnz=4399556 (9s: mono 1s orbits 1s rows 7s; HWM 0.40 GB)
    hybrid[per6 9_6_5_3_2_2d9] p=2147483647 attempt 0: |S|=283547 |U|=95 (a=4, excess 91) m=159 blocks 1x95 projected nullity 4, verified=True, rank 4 [split 0.1s trisolve 1.7s schur 1.7s null 0.0s lift 0.5s rank 0.1s]
  per6 (9, 6, 5, 3, 2, 2) d9 p=2147483647: a=4 n_chi=283642 mult=4 units=0 [4.9s]
    hybrid[per6 9_6_5_3_2_2d9] p=2147483629 attempt 0: |S|=283547 |U|=95 (a=4, excess 91) m=159 blocks 1x95 projected nullity 4, verified=True, rank 4 [split 0.1s trisolve 0.5s schur 1.7s null 0.0s lift 0.4s rank 0.1s]
  per6 (9, 6, 5, 3, 2, 2) d9 p=2147483629: a=4 n_chi=283642 mult=4 units=0 [4.2s]
  PER6 RESULT (9, 6, 5, 3, 2, 2) d9: a=4 N_S=537347 n_chi=283642 mult=4 units=0 proved: mult = a at both primes (S_mu not in the ideal over Q) (30.8s, HWM 0.9 GB)

=== rank 168 ((10, 5, 4, 3, 3, 2), 9) N_S 576009 a 1 2026-09-09T01:16:37.923843
      level 1: 43 prefixes
      level 2: 821 prefixes
      level 3: 9048 prefixes
      level 4: 58549 prefixes
      level 5: 227649 prefixes
      level 6: 477471 prefixes
      level 7: 570833 prefixes
      level 8: 576009 prefixes
      level 9: 576009 prefixes
  lam=(10, 5, 4, 3, 3, 2): N_S=576009 |Stab|=2 n_chi=280441 (orbits dropped: 15127) [lean, 1s, HWM 0.34 GB]
    E_01: |H|=2 targets 374201 canonical rows 181754 nnz 929510 (obstructed fixed targets cancelled: 6246) [2s, HWM 0.34 GB]
    E_12: |H|=2 targets 443618 canonical rows 215732 nnz 800572 (obstructed fixed targets cancelled: 4516) [3s, HWM 0.36 GB]
    E_23: |H|=1 targets 407693 canonical rows 407209 nnz 1316725 (obstructed fixed targets cancelled: 0) [5s, HWM 0.39 GB]
    E_34: |H|=1 targets 473090 canonical rows 470015 nnz 1225139 (obstructed fixed targets cancelled: 0) [6s, HWM 0.41 GB]
    E_45: |H|=1 targets 348652 canonical rows 348530 nnz 967276 (obstructed fixed targets cancelled: 0) [7s, HWM 0.41 GB]
  built (10, 5, 4, 3, 3, 2) d9: N_S=576009 |Stab|=2 n_chi=280441 rows=1623240 nnz=5239222 (9s: mono 1s orbits 1s rows 8s; HWM 0.44 GB)
    hybrid[per6 10_5_4_3_3_2d9] p=2147483647 attempt 0: |S|=280401 |U|=40 (a=1, excess 39) m=104 blocks 1x40 projected nullity 1, verified=True, rank 1 [split 0.1s trisolve 0.2s schur 1.0s null 0.0s lift 0.1s rank 0.3s]
  per6 (10, 5, 4, 3, 3, 2) d9 p=2147483647: a=1 n_chi=280441 mult=1 units=0 [2.5s]
    hybrid[per6 10_5_4_3_3_2d9] p=2147483629 attempt 0: |S|=280401 |U|=40 (a=1, excess 39) m=104 blocks 1x40 projected nullity 1, verified=True, rank 1 [split 0.1s trisolve 0.2s schur 0.9s null 0.0s lift 0.1s rank 0.1s]
  per6 (10, 5, 4, 3, 3, 2) d9 p=2147483629: a=1 n_chi=280441 mult=1 units=0 [2.2s]
  PER6 RESULT (10, 5, 4, 3, 3, 2) d9: a=1 N_S=576009 n_chi=280441 mult=1 units=0 proved: mult = a at both primes (S_mu not in the ideal over Q) (26.5s, HWM 0.67 GB)

=== rank 169 ((9, 5, 4, 4, 4, 1), 9) N_S 597041 a 1 2026-09-09T01:17:39.789046
      level 1: 38 prefixes
      level 2: 626 prefixes
      level 3: 6207 prefixes
      level 4: 39529 prefixes
      level 5: 162418 prefixes
      level 6: 412742 prefixes
      level 7: 576882 prefixes
      level 8: 597041 prefixes
      level 9: 597041 prefixes
  lam=(9, 5, 4, 4, 4, 1): N_S=597041 |Stab|=6 n_chi=103806 (orbits dropped: 0) [lean, 3s, HWM 0.33 GB]
    E_01: |H|=6 targets 404476 canonical rows 70626 nnz 344075 (obstructed fixed targets cancelled: 0) [3s, HWM 0.33 GB]
    E_12: |H|=2 targets 459228 canonical rows 233045 nnz 868075 (obstructed fixed targets cancelled: 0) [5s, HWM 0.35 GB]
    E_23: |H|=1 targets 513916 canonical rows 513916 nnz 1685960 (obstructed fixed targets cancelled: 0) [7s, HWM 0.42 GB]
    E_34: |H|=1 targets 513916 canonical rows 513916 nnz 1685960 (obstructed fixed targets cancelled: 0) [9s, HWM 0.44 GB]
    E_45: |H|=2 targets 183274 canonical rows 93483 nnz 302762 (obstructed fixed targets cancelled: 0) [9s, HWM 0.44 GB]
  built (9, 5, 4, 4, 4, 1) d9: N_S=597041 |Stab|=6 n_chi=103806 rows=1424986 nnz=4886832 (13s: mono 1s orbits 3s rows 9s; HWM 0.44 GB)
    hybrid[per6 9_5_4_4_4_1d9] p=2147483647 attempt 0: |S|=103784 |U|=22 (a=1, excess 21) m=86 blocks 1x22 projected nullity 1, verified=True, rank 1 [split 0.1s trisolve 0.0s schur 0.5s null 0.0s lift 0.2s rank 0.0s]
  per6 (9, 5, 4, 4, 4, 1) d9 p=2147483647: a=1 n_chi=103806 mult=1 units=0 [1.8s]
    hybrid[per6 9_5_4_4_4_1d9] p=2147483629 attempt 0: |S|=103784 |U|=22 (a=1, excess 21) m=86 blocks 1x22 projected nullity 1, verified=True, rank 1 [split 0.0s trisolve 0.0s schur 0.5s null 0.0s lift 0.2s rank 0.0s]
  per6 (9, 5, 4, 4, 4, 1) d9 p=2147483629: a=1 n_chi=103806 mult=1 units=0 [1.5s]
  PER6 RESULT (9, 5, 4, 4, 4, 1) d9: a=1 N_S=597041 n_chi=103806 mult=1 units=0 proved: mult = a at both primes (S_mu not in the ideal over Q) (28.5s, HWM 0.55 GB)

=== rank 170 ((8, 7, 5, 3, 2, 2), 9) N_S 615055 a 3 2026-09-09T01:19:22.214584
      level 1: 33 prefixes
      level 2: 700 prefixes
      level 3: 7010 prefixes
      level 4: 40846 prefixes
      level 5: 148753 prefixes
      level 6: 363326 prefixes
      level 7: 568552 prefixes
      level 8: 615055 prefixes
      level 9: 615055 prefixes
  lam=(8, 7, 5, 3, 2, 2): N_S=615055 |Stab|=2 n_chi=324329 (orbits dropped: 0) [lean, 1s, HWM 0.33 GB]
    E_01: |H|=2 targets 537347 canonical rows 283642 nnz 1327700 (obstructed fixed targets cancelled: 0) [3s, HWM 0.37 GB]
    E_12: |H|=2 targets 465922 canonical rows 246302 nnz 1076763 (obstructed fixed targets cancelled: 0) [5s, HWM 0.37 GB]
    E_23: |H|=2 targets 388800 canonical rows 205905 nnz 756638 (obstructed fixed targets cancelled: 0) [6s, HWM 0.37 GB]
    E_34: |H|=1 targets 371519 canonical rows 371519 nnz 1059742 (obstructed fixed targets cancelled: 0) [7s, HWM 0.38 GB]
    E_45: |H|=1 targets 452419 canonical rows 452419 nnz 946632 (obstructed fixed targets cancelled: 0) [9s, HWM 0.41 GB]
  built (8, 7, 5, 3, 2, 2) d9: N_S=615055 |Stab|=2 n_chi=324329 rows=1559787 nnz=5167475 (11s: mono 1s orbits 1s rows 9s; HWM 0.43 GB)
    hybrid[per6 8_7_5_3_2_2d9] p=2147483647 attempt 0: |S|=324189 |U|=140 (a=3, excess 137) m=204 blocks 1x140 projected nullity 3, verified=True, rank 3 [split 0.2s trisolve 4.2s schur 3.0s null 0.0s lift 0.2s rank 0.1s]
  per6 (8, 7, 5, 3, 2, 2) d9 p=2147483647: a=3 n_chi=324329 mult=3 units=0 [9.0s]
    hybrid[per6 8_7_5_3_2_2d9] p=2147483629 attempt 0: |S|=324189 |U|=140 (a=3, excess 137) m=204 blocks 1x140 projected nullity 3, verified=True, rank 3 [split 0.1s trisolve 3.6s schur 3.1s null 0.0s lift 0.4s rank 0.1s]
  per6 (8, 7, 5, 3, 2, 2) d9 p=2147483629: a=3 n_chi=324329 mult=3 units=0 [8.5s]
  PER6 RESULT (8, 7, 5, 3, 2, 2) d9: a=3 N_S=615055 n_chi=324329 mult=3 units=0 proved: mult = a at both primes (S_mu not in the ideal over Q) (41.0s, HWM 1.19 GB)

=== rank 171 ((9, 6, 4, 4, 2, 2), 9) N_S 624224 a 6 2026-09-09T01:20:03.785695
      level 1: 42 prefixes
      level 2: 762 prefixes
      level 3: 7862 prefixes
      level 4: 48249 prefixes
      level 5: 183439 prefixes
      level 6: 438540 prefixes
      level 7: 603804 prefixes
      level 8: 624224 prefixes
      level 9: 624224 prefixes
  lam=(9, 6, 4, 4, 2, 2): N_S=624224 |Stab|=4 n_chi=167732 (orbits dropped: 0) [lean, 2s, HWM 0.32 GB]
    E_01: |H|=4 targets 473090 canonical rows 127473 nnz 620062 (obstructed fixed targets cancelled: 0) [3s, HWM 0.35 GB]
    E_12: |H|=2 targets 438330 canonical rows 231755 nnz 937909 (obstructed fixed targets cancelled: 0) [5s, HWM 0.36 GB]
    E_23: |H|=2 targets 537347 canonical rows 283642 nnz 919452 (obstructed fixed targets cancelled: 0) [7s, HWM 0.38 GB]
    E_34: |H|=1 targets 325144 canonical rows 325144 nnz 1074908 (obstructed fixed targets cancelled: 0) [8s, HWM 0.38 GB]
    E_45: |H|=2 targets 459228 canonical rows 233045 nnz 485559 (obstructed fixed targets cancelled: 0) [9s, HWM 0.39 GB]
  built (9, 6, 4, 4, 2, 2) d9: N_S=624224 |Stab|=4 n_chi=167732 rows=1201059 nnz=4037890 (12s: mono 1s orbits 2s rows 9s; HWM 0.39 GB)
    hybrid[per6 9_6_4_4_2_2d9] p=2147483647 attempt 0: |S|=167684 |U|=48 (a=6, excess 42) m=112 blocks 1x48 projected nullity 6, verified=True, rank 6 [split 0.1s trisolve 0.1s schur 0.9s null 0.0s lift 0.5s rank 0.1s]
  per6 (9, 6, 4, 4, 2, 2) d9 p=2147483647: a=6 n_chi=167732 mult=6 units=0 [3.0s]
    hybrid[per6 9_6_4_4_2_2d9] p=2147483629 attempt 0: |S|=167684 |U|=48 (a=6, excess 42) m=112 blocks 1x48 projected nullity 6, verified=True, rank 6 [split 0.1s trisolve 1.0s schur 0.8s null 0.0s lift 0.8s rank 0.1s]
  per6 (9, 6, 4, 4, 2, 2) d9 p=2147483629: a=6 n_chi=167732 mult=6 units=0 [4.2s]
  PER6 RESULT (9, 6, 4, 4, 2, 2) d9: a=6 N_S=624224 n_chi=167732 mult=6 units=0 proved: mult = a at both primes (S_mu not in the ideal over Q) (31.7s, HWM 0.7 GB)

=== rank 172 ((8, 6, 5, 4, 3, 1), 9) N_S 645058 a 4 2026-09-09T01:20:36.068249
      level 1: 30 prefixes
      level 2: 593 prefixes
      level 3: 5829 prefixes
      level 4: 35811 prefixes
      level 5: 139979 prefixes
      level 6: 367979 prefixes
      level 7: 593999 prefixes
      level 8: 645058 prefixes
      level 9: 645058 prefixes
  lam=(8, 6, 5, 4, 3, 1): N_S=645058 |Stab|=1 n_chi=645058 (orbits dropped: 0) [lean, 1s, HWM 0.34 GB]
    E_01: |H|=1 targets 513916 canonical rows 513916 nnz 2437444 (obstructed fixed targets cancelled: 0) [2s, HWM 0.43 GB]
    E_12: |H|=1 targets 525445 canonical rows 525445 nnz 2168755 (obstructed fixed targets cancelled: 0) [4s, HWM 0.45 GB]
    E_23: |H|=1 targets 495810 canonical rows 495810 nnz 1861218 (obstructed fixed targets cancelled: 0) [6s, HWM 0.45 GB]
    E_34: |H|=1 targets 455285 canonical rows 455285 nnz 1519012 (obstructed fixed targets cancelled: 0) [8s, HWM 0.45 GB]
    E_45: |H|=1 targets 228861 canonical rows 228861 nnz 645058 (obstructed fixed targets cancelled: 0) [8s, HWM 0.45 GB]
  built (8, 6, 5, 4, 3, 1) d9: N_S=645058 |Stab|=1 n_chi=645058 rows=2219317 nnz=8631487 (10s: mono 1s orbits 1s rows 9s; HWM 0.55 GB)
    hybrid[per6 8_6_5_4_3_1d9] p=2147483647 attempt 0: |S|=644780 |U|=278 (a=4, excess 274) m=342 blocks 1x278 projected nullity 4, verified=True, rank 4 [split 0.3s trisolve 15.6s schur 8.3s null 0.0s lift 0.6s rank 0.2s]
  per6 (8, 6, 5, 4, 3, 1) d9 p=2147483647: a=4 n_chi=645058 mult=4 units=0 [27.3s]
    hybrid[per6 8_6_5_4_3_1d9] p=2147483629 attempt 0: |S|=644780 |U|=278 (a=4, excess 274) m=342 blocks 1x278 projected nullity 4, verified=True, rank 4 [split 0.4s trisolve 11.4s schur 9.1s null 0.0s lift 0.8s rank 0.2s]
  per6 (8, 6, 5, 4, 3, 1) d9 p=2147483629: a=4 n_chi=645058 mult=4 units=0 [24.1s]
  PER6 RESULT (8, 6, 5, 4, 3, 1) d9: a=4 N_S=645058 n_chi=645058 mult=4 units=0 proved: mult = a at both primes (S_mu not in the ideal over Q) (75.9s, HWM 3.36 GB)

=== rank 173 ((10, 4, 4, 4, 3, 2), 9) N_S 669003 a 1 2026-09-09T01:21:52.553939
      level 1: 43 prefixes
      level 2: 812 prefixes
      level 3: 8841 prefixes
      level 4: 60412 prefixes
      level 5: 254702 prefixes
      level 6: 552079 prefixes
      level 7: 662919 prefixes
      level 8: 669003 prefixes
      level 9: 669003 prefixes
  lam=(10, 4, 4, 4, 3, 2): N_S=669003 |Stab|=6 n_chi=116411 (orbits dropped: 0) [lean, 3s, HWM 0.33 GB]
    E_01: |H|=2 targets 374201 canonical rows 190087 nnz 971606 (obstructed fixed targets cancelled: 0) [2s, HWM 0.35 GB]
    E_12: |H|=1 targets 576009 canonical rows 576009 nnz 1887047 (obstructed fixed targets cancelled: 0) [4s, HWM 0.43 GB]
    E_23: |H|=1 targets 576009 canonical rows 576009 nnz 1887047 (obstructed fixed targets cancelled: 0) [7s, HWM 0.46 GB]
    E_34: |H|=2 targets 473090 canonical rows 240291 nnz 794526 (obstructed fixed targets cancelled: 0) [8s, HWM 0.46 GB]
    E_45: |H|=6 targets 404476 canonical rows 70626 nnz 198900 (obstructed fixed targets cancelled: 0) [11s, HWM 0.46 GB]
  built (10, 4, 4, 4, 3, 2) d9: N_S=669003 |Stab|=6 n_chi=116411 rows=1653022 nnz=5739126 (15s: mono 1s orbits 3s rows 11s; HWM 0.46 GB)
    hybrid[per6 10_4_4_4_3_2d9] p=2147483647 attempt 0: |S|=116397 |U|=14 (a=1, excess 13) m=78 blocks 1x14 projected nullity 1, verified=True, rank 1 [split 0.1s trisolve 0.0s schur 0.5s null 0.0s lift 0.1s rank 0.0s]
  per6 (10, 4, 4, 4, 3, 2) d9 p=2147483647: a=1 n_chi=116411 mult=1 units=0 [1.7s]
    hybrid[per6 10_4_4_4_3_2d9] p=2147483629 attempt 0: |S|=116397 |U|=14 (a=1, excess 13) m=78 blocks 1x14 projected nullity 1, verified=True, rank 1 [split 0.1s trisolve 0.0s schur 0.5s null 0.0s lift 0.1s rank 0.0s]
  per6 (10, 4, 4, 4, 3, 2) d9 p=2147483629: a=1 n_chi=116411 mult=1 units=0 [1.7s]
  PER6 RESULT (10, 4, 4, 4, 3, 2) d9: a=1 N_S=669003 n_chi=116411 mult=1 units=0 proved: mult = a at both primes (S_mu not in the ideal over Q) (31.2s, HWM 0.57 GB)

=== rank 174 ((8, 6, 6, 3, 2, 2), 9) N_S 674429 a 3 2026-09-09T01:23:27.874046
      level 1: 33 prefixes
      level 2: 696 prefixes
      level 3: 6700 prefixes
      level 4: 39548 prefixes
      level 5: 150140 prefixes
      level 6: 387016 prefixes
      level 7: 621304 prefixes
      level 8: 674429 prefixes
      level 9: 674429 prefixes
  lam=(8, 6, 6, 3, 2, 2): N_S=674429 |Stab|=4 n_chi=179341 (orbits dropped: 0) [lean, 2s, HWM 0.35 GB]
    E_01: |H|=2 targets 537347 canonical rows 283642 nnz 1327700 (obstructed fixed targets cancelled: 0) [2s, HWM 0.38 GB]
    E_12: |H|=2 targets 615055 canonical rows 324329 nnz 1318255 (obstructed fixed targets cancelled: 0) [5s, HWM 0.40 GB]
    E_23: |H|=2 targets 388800 canonical rows 205905 nnz 830461 (obstructed fixed targets cancelled: 0) [6s, HWM 0.40 GB]
    E_34: |H|=2 targets 407010 canonical rows 205011 nnz 584327 (obstructed fixed targets cancelled: 0) [8s, HWM 0.40 GB]
    E_45: |H|=2 targets 495810 canonical rows 249532 nnz 522156 (obstructed fixed targets cancelled: 0) [10s, HWM 0.42 GB]
  built (8, 6, 6, 3, 2, 2) d9: N_S=674429 |Stab|=4 n_chi=179341 rows=1268419 nnz=4582899 (13s: mono 1s orbits 2s rows 10s; HWM 0.42 GB)
    hybrid[per6 8_6_6_3_2_2d9] p=2147483647 attempt 0: |S|=179282 |U|=59 (a=3, excess 56) m=123 blocks 1x59 projected nullity 3, verified=True, rank 3 [split 0.1s trisolve 0.9s schur 1.1s null 0.0s lift 0.6s rank 0.1s]
  per6 (8, 6, 6, 3, 2, 2) d9 p=2147483647: a=3 n_chi=179341 mult=3 units=0 [4.2s]
    hybrid[per6 8_6_6_3_2_2d9] p=2147483629 attempt 0: |S|=179282 |U|=59 (a=3, excess 56) m=123 blocks 1x59 projected nullity 3, verified=True, rank 3 [split 0.1s trisolve 0.5s schur 1.2s null 0.0s lift 0.2s rank 0.0s]
  per6 (8, 6, 6, 3, 2, 2) d9 p=2147483629: a=3 n_chi=179341 mult=3 units=0 [3.0s]
  PER6 RESULT (8, 6, 6, 3, 2, 2) d9: a=3 N_S=674429 n_chi=179341 mult=3 units=0 proved: mult = a at both primes (S_mu not in the ideal over Q) (32.4s, HWM 0.65 GB)

=== rank 175 ((7, 7, 5, 4, 3, 1), 9) N_S 694640 a 2 2026-09-09T01:24:00.827514
      level 1: 30 prefixes
      level 2: 381 prefixes
      level 3: 5040 prefixes
      level 4: 32941 prefixes
      level 5: 129154 prefixes
      level 6: 335986 prefixes
      level 7: 598096 prefixes
      level 8: 694640 prefixes
      level 9: 694640 prefixes
  lam=(7, 7, 5, 4, 3, 1): N_S=694640 |Stab|=2 n_chi=345752 (orbits dropped: 3136) [lean, 1s, HWM 0.33 GB]
    E_01: |H|=1 targets 645058 canonical rows 645058 nnz 2860575 (obstructed fixed targets cancelled: 0) [3s, HWM 0.47 GB]
    E_12: |H|=1 targets 525445 canonical rows 525445 nnz 2330412 (obstructed fixed targets cancelled: 0) [5s, HWM 0.47 GB]
    E_23: |H|=2 targets 533651 canonical rows 265541 nnz 998223 (obstructed fixed targets cancelled: 1372) [7s, HWM 0.47 GB]
    E_34: |H|=2 targets 489912 canonical rows 243710 nnz 814291 (obstructed fixed targets cancelled: 1159) [9s, HWM 0.47 GB]
    E_45: |H|=2 targets 245883 canonical rows 122017 nnz 344892 (obstructed fixed targets cancelled: 794) [10s, HWM 0.47 GB]
  built (7, 7, 5, 4, 3, 1) d9: N_S=694640 |Stab|=2 n_chi=345752 rows=1801771 nnz=7348393 (12s: mono 1s orbits 1s rows 10s; HWM 0.50 GB)
    hybrid[per6 7_7_5_4_3_1d9] p=2147483647 attempt 0: |S|=345629 |U|=123 (a=2, excess 121) m=187 blocks 1x123 projected nullity 2, verified=True, rank 2 [split 0.2s trisolve 2.4s schur 3.2s null 0.0s lift 0.4s rank 0.2s]
  per6 (7, 7, 5, 4, 3, 1) d9 p=2147483647: a=2 n_chi=345752 mult=2 units=0 [8.1s]
    hybrid[per6 7_7_5_4_3_1d9] p=2147483629 attempt 0: |S|=345629 |U|=123 (a=2, excess 121) m=187 blocks 1x123 projected nullity 2, verified=True, rank 2 [split 0.2s trisolve 2.4s schur 3.3s null 0.0s lift 0.2s rank 0.1s]
  per6 (7, 7, 5, 4, 3, 1) d9 p=2147483629: a=2 n_chi=345752 mult=2 units=0 [7.5s]
  PER6 RESULT (7, 7, 5, 4, 3, 1) d9: a=2 N_S=694640 n_chi=345752 mult=2 units=0 proved: mult = a at both primes (S_mu not in the ideal over Q) (40.1s, HWM 1.22 GB)

=== rank 176 ((9, 5, 5, 4, 2, 2), 9) N_S 698923 a 1 2026-09-09T01:24:41.481083
      level 1: 42 prefixes
      level 2: 749 prefixes
      level 3: 7512 prefixes
      level 4: 47659 prefixes
      level 5: 192649 prefixes
      level 6: 484561 prefixes
      level 7: 675568 prefixes
      level 8: 698923 prefixes
      level 9: 698923 prefixes
  lam=(9, 5, 5, 4, 2, 2): N_S=698923 |Stab|=4 n_chi=181881 (orbits dropped: 4519) [lean, 2s, HWM 0.34 GB]
    E_01: |H|=2 targets 473090 canonical rows 250089 nnz 1211293 (obstructed fixed targets cancelled: 0) [2s, HWM 0.37 GB]
    E_12: |H|=2 targets 624224 canonical rows 329241 nnz 1189448 (obstructed fixed targets cancelled: 0) [5s, HWM 0.40 GB]
    E_23: |H|=2 targets 537347 canonical rows 283578 nnz 1040316 (obstructed fixed targets cancelled: 0) [7s, HWM 0.42 GB]
    E_34: |H|=2 targets 363458 canonical rows 179821 nnz 594532 (obstructed fixed targets cancelled: 1551) [9s, HWM 0.42 GB]
    E_45: |H|=2 targets 513916 canonical rows 253526 nnz 531643 (obstructed fixed targets cancelled: 626) [11s, HWM 0.42 GB]
  built (9, 5, 5, 4, 2, 2) d9: N_S=698923 |Stab|=4 n_chi=181881 rows=1296255 nnz=4567232 (14s: mono 1s orbits 2s rows 11s; HWM 0.42 GB)
    hybrid[per6 9_5_5_4_2_2d9] p=2147483647 attempt 0: |S|=181849 |U|=32 (a=1, excess 31) m=96 blocks 1x32 projected nullity 1, verified=True, rank 1 [split 0.1s trisolve 0.5s schur 0.6s null 0.0s lift 0.1s rank 0.0s]
  per6 (9, 5, 5, 4, 2, 2) d9 p=2147483647: a=1 n_chi=181881 mult=1 units=0 [2.4s]
    hybrid[per6 9_5_5_4_2_2d9] p=2147483629 attempt 0: |S|=181849 |U|=32 (a=1, excess 31) m=96 blocks 1x32 projected nullity 1, verified=True, rank 1 [split 0.1s trisolve 0.5s schur 0.6s null 0.0s lift 0.1s rank 0.0s]
  per6 (9, 5, 5, 4, 2, 2) d9 p=2147483629: a=1 n_chi=181881 mult=1 units=0 [2.4s]
  PER6 RESULT (9, 5, 5, 4, 2, 2) d9: a=1 N_S=698923 n_chi=181881 mult=1 units=0 proved: mult = a at both primes (S_mu not in the ideal over Q) (31.3s, HWM 0.59 GB)

=== rank 177 ((8, 7, 4, 4, 2, 2), 9) N_S 714846 a 4 2026-09-09T01:26:25.213504
      level 1: 33 prefixes
      level 2: 719 prefixes
      level 3: 7531 prefixes
      level 4: 45369 prefixes
      level 5: 168965 prefixes
      level 6: 419991 prefixes
      level 7: 660689 prefixes
      level 8: 714846 prefixes
      level 9: 714846 prefixes
  lam=(8, 7, 4, 4, 2, 2): N_S=714846 |Stab|=4 n_chi=191758 (orbits dropped: 0) [lean, 2s, HWM 0.34 GB]
    E_01: |H|=4 targets 624224 canonical rows 167732 nnz 782689 (obstructed fixed targets cancelled: 0) [4s, HWM 0.38 GB]
    E_12: |H|=2 targets 465922 canonical rows 246302 nnz 1076763 (obstructed fixed targets cancelled: 0) [6s, HWM 0.38 GB]
    E_23: |H|=2 targets 615055 canonical rows 324329 nnz 1055915 (obstructed fixed targets cancelled: 0) [8s, HWM 0.41 GB]
    E_34: |H|=1 targets 371519 canonical rows 371519 nnz 1232954 (obstructed fixed targets cancelled: 0) [9s, HWM 0.41 GB]
    E_45: |H|=2 targets 525445 canonical rows 266535 nnz 557223 (obstructed fixed targets cancelled: 0) [11s, HWM 0.42 GB]
  built (8, 7, 4, 4, 2, 2) d9: N_S=714846 |Stab|=4 n_chi=191758 rows=1376417 nnz=4705544 (15s: mono 1s orbits 2s rows 11s; HWM 0.42 GB)
    hybrid[per6 8_7_4_4_2_2d9] p=2147483647 attempt 0: |S|=191689 |U|=69 (a=4, excess 65) m=133 blocks 1x69 projected nullity 4, verified=True, rank 4 [split 0.1s trisolve 0.3s schur 1.5s null 0.0s lift 0.8s rank 0.1s]
  per6 (8, 7, 4, 4, 2, 2) d9 p=2147483647: a=4 n_chi=191758 mult=4 units=0 [3.9s]
    hybrid[per6 8_7_4_4_2_2d9] p=2147483629 attempt 0: |S|=191689 |U|=69 (a=4, excess 65) m=133 blocks 1x69 projected nullity 4, verified=True, rank 4 [split 0.1s trisolve 0.3s schur 1.4s null 0.0s lift 0.6s rank 0.1s]
  per6 (8, 7, 4, 4, 2, 2) d9 p=2147483629: a=4 n_chi=191758 mult=4 units=0 [3.7s]
  PER6 RESULT (8, 7, 4, 4, 2, 2) d9: a=4 N_S=714846 n_chi=191758 mult=4 units=0 proved: mult = a at both primes (S_mu not in the ideal over Q) (35.0s, HWM 0.67 GB)

=== rank 178 ((8, 5, 5, 5, 3, 1), 9) N_S 722709 a 2 2026-09-09T01:27:00.770052
      level 1: 30 prefixes
      level 2: 573 prefixes
      level 3: 5591 prefixes
      level 4: 34627 prefixes
      level 5: 142052 prefixes
      level 6: 398669 prefixes
      level 7: 662793 prefixes
      level 8: 722709 prefixes
      level 9: 722709 prefixes
  lam=(8, 5, 5, 5, 3, 1): N_S=722709 |Stab|=6 n_chi=117372 (orbits dropped: 6229) [lean, 3s, HWM 0.35 GB]
    E_01: |H|=2 targets 513916 canonical rows 254534 nnz 1185386 (obstructed fixed targets cancelled: 3069) [2s, HWM 0.37 GB]
    E_12: |H|=1 targets 645058 canonical rows 644775 nnz 2338655 (obstructed fixed targets cancelled: 0) [5s, HWM 0.47 GB]
    E_23: |H|=1 targets 645058 canonical rows 644775 nnz 2338655 (obstructed fixed targets cancelled: 0) [8s, HWM 0.50 GB]
    E_34: |H|=2 targets 455285 canonical rows 225294 nnz 829268 (obstructed fixed targets cancelled: 2225) [10s, HWM 0.50 GB]
    E_45: |H|=6 targets 255518 canonical rows 40949 nnz 116113 (obstructed fixed targets cancelled: 3561) [11s, HWM 0.50 GB]
  built (8, 5, 5, 5, 3, 1) d9: N_S=722709 |Stab|=6 n_chi=117372 rows=1810327 nnz=6808077 (16s: mono 1s orbits 3s rows 11s; HWM 0.50 GB)
    hybrid[per6 8_5_5_5_3_1d9] p=2147483647 attempt 0: |S|=117350 |U|=22 (a=2, excess 20) m=86 blocks 1x22 projected nullity 2, verified=True, rank 2 [split 0.1s trisolve 0.0s schur 0.8s null 0.0s lift 0.4s rank 0.0s]
  per6 (8, 5, 5, 5, 3, 1) d9 p=2147483647: a=2 n_chi=117372 mult=2 units=0 [2.6s]
    hybrid[per6 8_5_5_5_3_1d9] p=2147483629 attempt 0: |S|=117350 |U|=22 (a=2, excess 20) m=86 blocks 1x22 projected nullity 2, verified=True, rank 2 [split 0.1s trisolve 0.0s schur 0.7s null 0.0s lift 0.4s rank 0.0s]
  per6 (8, 5, 5, 5, 3, 1) d9 p=2147483629: a=2 n_chi=117372 mult=2 units=0 [2.6s]
  PER6 RESULT (8, 5, 5, 5, 3, 1) d9: a=2 N_S=722709 n_chi=117372 mult=2 units=0 proved: mult = a at both primes (S_mu not in the ideal over Q) (33.6s, HWM 0.65 GB)

=== rank 179 ((7, 7, 6, 3, 2, 2), 9) N_S 726186 a 1 2026-09-09T01:28:59.857655
      level 1: 33 prefixes
      level 2: 437 prefixes
      level 3: 5753 prefixes
      level 4: 36185 prefixes
      level 5: 138710 prefixes
      level 6: 354857 prefixes
      level 7: 626126 prefixes
      level 8: 726186 prefixes
      level 9: 726186 prefixes
  lam=(7, 7, 6, 3, 2, 2): N_S=726186 |Stab|=4 n_chi=189965 (orbits dropped: 2583) [lean, 2s, HWM 0.35 GB]
    E_01: |H|=2 targets 674429 canonical rows 355541 nnz 1552375 (obstructed fixed targets cancelled: 0) [3s, HWM 0.40 GB]
    E_12: |H|=2 targets 615055 canonical rows 324329 nnz 1423350 (obstructed fixed targets cancelled: 0) [6s, HWM 0.42 GB]
    E_23: |H|=4 targets 418129 canonical rows 109674 nnz 443081 (obstructed fixed targets cancelled: 2213) [8s, HWM 0.42 GB]
    E_34: |H|=2 targets 437832 canonical rows 217704 nnz 621936 (obstructed fixed targets cancelled: 946) [9s, HWM 0.42 GB]
    E_45: |H|=2 targets 533651 canonical rows 264844 nnz 556268 (obstructed fixed targets cancelled: 380) [11s, HWM 0.43 GB]
  built (7, 7, 6, 3, 2, 2) d9: N_S=726186 |Stab|=4 n_chi=189965 rows=1272092 nnz=4597010 (14s: mono 1s orbits 2s rows 11s; HWM 0.43 GB)
    hybrid[per6 7_7_6_3_2_2d9] p=2147483647 attempt 0: |S|=189892 |U|=73 (a=1, excess 72) m=137 blocks 1x73 projected nullity 1, verified=True, rank 1 [split 0.1s trisolve 1.2s schur 1.3s null 0.0s lift 0.1s rank 0.0s]
  per6 (7, 7, 6, 3, 2, 2) d9 p=2147483647: a=1 n_chi=189965 mult=1 units=0 [4.0s]
    hybrid[per6 7_7_6_3_2_2d9] p=2147483629 attempt 0: |S|=189892 |U|=73 (a=1, excess 72) m=137 blocks 1x73 projected nullity 1, verified=True, rank 1 [split 0.1s trisolve 0.9s schur 1.4s null 0.0s lift 0.1s rank 0.0s]
  per6 (7, 7, 6, 3, 2, 2) d9 p=2147483629: a=1 n_chi=189965 mult=1 units=0 [3.5s]
  PER6 RESULT (7, 7, 6, 3, 2, 2) d9: a=1 N_S=726186 n_chi=189965 mult=1 units=0 proved: mult = a at both primes (S_mu not in the ideal over Q) (34.0s, HWM 0.72 GB)

=== rank 180 ((8, 6, 4, 4, 4, 1), 9) N_S 749992 a 2 2026-09-09T01:30:36.886516
      level 1: 30 prefixes
      level 2: 597 prefixes
      level 3: 6167 prefixes
      level 4: 39239 prefixes
      level 5: 157815 prefixes
      level 6: 424586 prefixes
      level 7: 690286 prefixes
      level 8: 749992 prefixes
      level 9: 749992 prefixes
  lam=(8, 6, 4, 4, 4, 1): N_S=749992 |Stab|=6 n_chi=130237 (orbits dropped: 0) [lean, 4s, HWM 0.35 GB]
    E_01: |H|=6 targets 597041 canonical rows 103806 nnz 487646 (obstructed fixed targets cancelled: 0) [4s, HWM 0.37 GB]
    E_12: |H|=2 targets 525445 canonical rows 266535 nnz 1095449 (obstructed fixed targets cancelled: 0) [7s, HWM 0.37 GB]
    E_23: |H|=1 targets 645058 canonical rows 645058 nnz 2129460 (obstructed fixed targets cancelled: 0) [9s, HWM 0.46 GB]
    E_34: |H|=1 targets 645058 canonical rows 645058 nnz 2129460 (obstructed fixed targets cancelled: 0) [12s, HWM 0.49 GB]
    E_45: |H|=2 targets 228861 canonical rows 116691 nnz 380167 (obstructed fixed targets cancelled: 0) [12s, HWM 0.49 GB]
  built (8, 6, 4, 4, 4, 1) d9: N_S=749992 |Stab|=6 n_chi=130237 rows=1777148 nnz=6222182 (17s: mono 1s orbits 4s rows 13s; HWM 0.49 GB)
    hybrid[per6 8_6_4_4_4_1d9] p=2147483647 attempt 0: |S|=130200 |U|=37 (a=2, excess 35) m=101 blocks 1x37 projected nullity 2, verified=True, rank 2 [split 0.1s trisolve 0.3s schur 1.0s null 0.0s lift 0.2s rank 0.0s]
  per6 (8, 6, 4, 4, 4, 1) d9 p=2147483647: a=2 n_chi=130237 mult=2 units=0 [2.9s]
    hybrid[per6 8_6_4_4_4_1d9] p=2147483629 attempt 0: |S|=130200 |U|=37 (a=2, excess 35) m=101 blocks 1x37 projected nullity 2, verified=True, rank 2 [split 0.1s trisolve 0.3s schur 1.0s null 0.0s lift 0.2s rank 0.0s]
  per6 (8, 6, 4, 4, 4, 1) d9 p=2147483629: a=2 n_chi=130237 mult=2 units=0 [2.9s]
  PER6 RESULT (8, 6, 4, 4, 4, 1) d9: a=2 N_S=749992 n_chi=130237 mult=2 units=0 proved: mult = a at both primes (S_mu not in the ideal over Q) (36.1s, HWM 0.62 GB)

=== rank 181 ((9, 6, 4, 3, 3, 2), 9) N_S 761303 a 1 2026-09-09T01:35:26.914882
      level 1: 43 prefixes
      level 2: 822 prefixes
      level 3: 8905 prefixes
      level 4: 56782 prefixes
      level 5: 221609 prefixes
      level 6: 534816 prefixes
      level 7: 736803 prefixes
      level 8: 761303 prefixes
      level 9: 761303 prefixes
  lam=(9, 6, 4, 3, 3, 2): N_S=761303 |Stab|=2 n_chi=371082 (orbits dropped: 19139) [lean, 1s, HWM 0.35 GB]
    E_01: |H|=2 targets 576009 canonical rows 280441 nnz 1394265 (obstructed fixed targets cancelled: 8344) [3s, HWM 0.39 GB]
    E_12: |H|=2 targets 533757 canonical rows 259866 nnz 1065911 (obstructed fixed targets cancelled: 5953) [5s, HWM 0.39 GB]
    E_23: |H|=1 targets 537347 canonical rows 536742 nnz 1750564 (obstructed fixed targets cancelled: 0) [7s, HWM 0.44 GB]
    E_34: |H|=1 targets 624224 canonical rows 620426 nnz 1631173 (obstructed fixed targets cancelled: 0) [9s, HWM 0.47 GB]
    E_45: |H|=1 targets 459228 canonical rows 459084 nnz 1283638 (obstructed fixed targets cancelled: 0) [11s, HWM 0.47 GB]
  built (9, 6, 4, 3, 3, 2) d9: N_S=761303 |Stab|=2 n_chi=371082 rows=2156559 nnz=7125551 (13s: mono 1s orbits 1s rows 11s; HWM 0.50 GB)
    hybrid[per6 9_6_4_3_3_2d9] p=2147483647 attempt 0: |S|=371013 |U|=69 (a=1, excess 68) m=133 blocks 1x69 projected nullity 1, verified=True, rank 1 [split 0.2s trisolve 0.9s schur 2.1s null 0.0s lift 0.2s rank 0.1s]
  per6 (9, 6, 4, 3, 3, 2) d9 p=2147483647: a=1 n_chi=371082 mult=1 units=0 [4.8s]
    hybrid[per6 9_6_4_3_3_2d9] p=2147483629 attempt 0: |S|=371013 |U|=69 (a=1, excess 68) m=133 blocks 1x69 projected nullity 1, verified=True, rank 1 [split 0.2s trisolve 2.0s schur 2.0s null 0.0s lift 0.1s rank 0.4s]
  per6 (9, 6, 4, 3, 3, 2) d9 p=2147483629: a=1 n_chi=371082 mult=1 units=0 [5.5s]
  PER6 RESULT (9, 6, 4, 3, 3, 2) d9: a=1 N_S=761303 n_chi=371082 mult=1 units=0 proved: mult = a at both primes (S_mu not in the ideal over Q) (36.7s, HWM 0.99 GB)

=== rank 182 ((7, 6, 6, 4, 3, 1), 9) N_S 761872 a 1 2026-09-09T01:37:15.364611
      level 1: 30 prefixes
      level 2: 382 prefixes
      level 3: 4947 prefixes
      level 4: 32180 prefixes
      level 5: 130028 prefixes
      level 6: 353163 prefixes
      level 7: 650594 prefixes
      level 8: 761872 prefixes
      level 9: 761872 prefixes
  lam=(7, 6, 6, 4, 3, 1): N_S=761872 |Stab|=2 n_chi=383212 (orbits dropped: 0) [lean, 1s, HWM 0.35 GB]
    E_01: |H|=1 targets 645058 canonical rows 645058 nnz 2891944 (obstructed fixed targets cancelled: 0) [3s, HWM 0.47 GB]
    E_12: |H|=1 targets 694640 canonical rows 694640 nnz 2873988 (obstructed fixed targets cancelled: 0) [5s, HWM 0.50 GB]
    E_23: |H|=1 targets 533651 canonical rows 533651 nnz 2206201 (obstructed fixed targets cancelled: 0) [7s, HWM 0.51 GB]
    E_34: |H|=2 targets 536974 canonical rows 270274 nnz 903574 (obstructed fixed targets cancelled: 0) [9s, HWM 0.51 GB]
    E_45: |H|=2 targets 269255 canonical rows 135910 nnz 383212 (obstructed fixed targets cancelled: 0) [10s, HWM 0.51 GB]
  built (7, 6, 6, 4, 3, 1) d9: N_S=761872 |Stab|=2 n_chi=383212 rows=2279533 nnz=9258919 (12s: mono 1s orbits 1s rows 10s; HWM 0.57 GB)
    hybrid[per6 7_6_6_4_3_1d9] p=2147483647 attempt 0: |S|=383055 |U|=157 (a=1, excess 156) m=221 blocks 1x157 projected nullity 1, verified=True, rank 1 [split 0.2s trisolve 5.3s schur 5.6s null 0.0s lift 0.2s rank 0.2s]
  per6 (7, 6, 6, 4, 3, 1) d9 p=2147483647: a=1 n_chi=383212 mult=1 units=0 [13.0s]
    hybrid[per6 7_6_6_4_3_1d9] p=2147483629 attempt 0: |S|=383055 |U|=157 (a=1, excess 156) m=221 blocks 1x157 projected nullity 1, verified=True, rank 1 [split 0.2s trisolve 2.6s schur 5.7s null 0.0s lift 0.2s rank 0.1s]
  per6 (7, 6, 6, 4, 3, 1) d9 p=2147483629: a=1 n_chi=383212 mult=1 units=0 [10.3s]
  PER6 RESULT (7, 6, 6, 4, 3, 1) d9: a=1 N_S=761872 n_chi=383212 mult=1 units=0 proved: mult = a at both primes (S_mu not in the ideal over Q) (49.2s, HWM 1.57 GB)

=== rank 183 ((7, 7, 4, 4, 4, 1), 9) N_S 807814 a 1 2026-09-09T01:39:59.201360
      level 1: 30 prefixes
      level 2: 395 prefixes
      level 3: 5359 prefixes
      level 4: 36244 prefixes
      level 5: 145296 prefixes
      level 6: 385717 prefixes
      level 7: 694391 prefixes
      level 8: 807814 prefixes
      level 9: 807814 prefixes
  lam=(7, 7, 4, 4, 4, 1): N_S=807814 |Stab|=12 n_chi=69509 (orbits dropped: 1095) [lean, 8s, HWM 0.36 GB]
    E_01: |H|=6 targets 749992 canonical rows 130237 nnz 569885 (obstructed fixed targets cancelled: 0) [6s, HWM 0.39 GB]
    E_12: |H|=2 targets 525445 canonical rows 266532 nnz 1173625 (obstructed fixed targets cancelled: 0) [8s, HWM 0.39 GB]
    E_23: |H|=2 targets 694640 canonical rows 345669 nnz 1139516 (obstructed fixed targets cancelled: 1357) [11s, HWM 0.43 GB]
    E_34: |H|=2 targets 694640 canonical rows 345669 nnz 1139516 (obstructed fixed targets cancelled: 1357) [14s, HWM 0.44 GB]
    E_45: |H|=4 targets 245883 canonical rows 61997 nnz 202301 (obstructed fixed targets cancelled: 1402) [15s, HWM 0.44 GB]
  built (7, 7, 4, 4, 4, 1) d9: N_S=807814 |Stab|=12 n_chi=69509 rows=1150104 nnz=4224843 (24s: mono 1s orbits 8s rows 15s; HWM 0.44 GB)
    hybrid[per6 7_7_4_4_4_1d9] p=2147483647 attempt 0: |S|=69493 |U|=16 (a=1, excess 15) m=80 blocks 1x16 projected nullity 1, verified=True, rank 1 [split 0.0s trisolve 0.0s schur 0.3s null 0.0s lift 0.2s rank 0.0s]
  per6 (7, 7, 4, 4, 4, 1) d9 p=2147483647: a=1 n_chi=69509 mult=1 units=0 [2.1s]
    hybrid[per6 7_7_4_4_4_1d9] p=2147483629 attempt 0: |S|=69493 |U|=16 (a=1, excess 15) m=80 blocks 1x16 projected nullity 1, verified=True, rank 1 [split 0.0s trisolve 0.0s schur 0.3s null 0.0s lift 0.2s rank 0.0s]
  per6 (7, 7, 4, 4, 4, 1) d9 p=2147483629: a=1 n_chi=69509 mult=1 units=0 [1.8s]
  PER6 RESULT (7, 7, 4, 4, 4, 1) d9: a=1 N_S=807814 n_chi=69509 mult=1 units=0 proved: mult = a at both primes (S_mu not in the ideal over Q) (40.2s, HWM 0.51 GB)

=== rank 184 ((8, 5, 5, 4, 4, 1), 9) N_S 840542 a 1 2026-09-09T01:42:41.926503
      level 1: 30 prefixes
      level 2: 589 prefixes
      level 3: 6013 prefixes
      level 4: 38650 prefixes
      level 5: 162649 prefixes
      level 6: 462344 prefixes
      level 7: 770944 prefixes
      level 8: 840542 prefixes
      level 9: 840542 prefixes
  lam=(8, 5, 5, 4, 4, 1): N_S=840542 |Stab|=4 n_chi=210770 (orbits dropped: 4276) [lean, 3s, HWM 0.36 GB]
    E_01: |H|=2 targets 597041 canonical rows 302769 nnz 1421529 (obstructed fixed targets cancelled: 0) [3s, HWM 0.39 GB]
    E_12: |H|=2 targets 749992 canonical rows 380089 nnz 1397624 (obstructed fixed targets cancelled: 0) [6s, HWM 0.45 GB]
    E_23: |H|=1 targets 645058 canonical rows 644947 nnz 2414804 (obstructed fixed targets cancelled: 0) [9s, HWM 0.49 GB]
    E_34: |H|=2 targets 722709 canonical rows 358143 nnz 1182983 (obstructed fixed targets cancelled: 2392) [12s, HWM 0.50 GB]
    E_45: |H|=2 targets 255518 canonical rows 126097 nnz 414583 (obstructed fixed targets cancelled: 1470) [13s, HWM 0.50 GB]
  built (8, 5, 5, 4, 4, 1) d9: N_S=840542 |Stab|=4 n_chi=210770 rows=1812045 nnz=6831523 (17s: mono 1s orbits 3s rows 13s; HWM 0.50 GB)
    hybrid[per6 8_5_5_4_4_1d9] p=2147483647 attempt 0: |S|=210733 |U|=37 (a=1, excess 36) m=101 blocks 1x37 projected nullity 1, verified=True, rank 1 [split 0.1s trisolve 0.5s schur 1.1s null 0.0s lift 0.1s rank 0.1s]
  per6 (8, 5, 5, 4, 4, 1) d9 p=2147483647: a=1 n_chi=210770 mult=1 units=0 [3.7s]
    hybrid[per6 8_5_5_4_4_1d9] p=2147483629 attempt 0: |S|=210733 |U|=37 (a=1, excess 36) m=101 blocks 1x37 projected nullity 1, verified=True, rank 1 [split 0.2s trisolve 0.2s schur 1.2s null 0.0s lift 0.1s rank 0.2s]
  per6 (8, 5, 5, 4, 4, 1) d9 p=2147483629: a=1 n_chi=210770 mult=1 units=0 [3.6s]
  PER6 RESULT (8, 5, 5, 4, 4, 1) d9: a=1 N_S=840542 n_chi=210770 mult=1 units=0 proved: mult = a at both primes (S_mu not in the ideal over Q) (37.7s, HWM 0.71 GB)

=== rank 185 ((9, 5, 5, 3, 3, 2), 9) N_S 853065 a 2 2026-09-09T01:45:10.887175
      level 1: 43 prefixes
      level 2: 808 prefixes
      level 3: 8523 prefixes
      level 4: 56170 prefixes
      level 5: 232836 prefixes
      level 6: 591251 prefixes
      level 7: 824965 prefixes
      level 8: 853065 prefixes
      level 9: 853065 prefixes
  lam=(9, 5, 5, 3, 3, 2): N_S=853065 |Stab|=4 n_chi=206768 (orbits dropped: 13991) [lean, 3s, HWM 0.36 GB]
    E_01: |H|=2 targets 576009 canonical rows 280441 nnz 1384755 (obstructed fixed targets cancelled: 8344) [3s, HWM 0.39 GB]
    E_12: |H|=2 targets 761303 canonical rows 370983 nnz 1363923 (obstructed fixed targets cancelled: 7109) [6s, HWM 0.44 GB]
    E_23: |H|=1 targets 537347 canonical rows 537274 nnz 1952382 (obstructed fixed targets cancelled: 0) [8s, HWM 0.46 GB]
    E_34: |H|=2 targets 698923 canonical rows 344182 nnz 907728 (obstructed fixed targets cancelled: 2278) [11s, HWM 0.46 GB]
    E_45: |H|=2 targets 513916 canonical rows 254484 nnz 713789 (obstructed fixed targets cancelled: 1576) [13s, HWM 0.46 GB]
  built (9, 5, 5, 3, 3, 2) d9: N_S=853065 |Stab|=4 n_chi=206768 rows=1787364 nnz=6322577 (17s: mono 1s orbits 3s rows 13s; HWM 0.46 GB)
    hybrid[per6 9_5_5_3_3_2d9] p=2147483647 attempt 0: |S|=206737 |U|=31 (a=2, excess 29) m=95 blocks 1x31 projected nullity 2, verified=True, rank 2 [split 0.1s trisolve 0.5s schur 0.9s null 0.0s lift 0.1s rank 0.1s]
  per6 (9, 5, 5, 3, 3, 2) d9 p=2147483647: a=2 n_chi=206768 mult=2 units=0 [3.4s]
    hybrid[per6 9_5_5_3_3_2d9] p=2147483629 attempt 0: |S|=206737 |U|=31 (a=2, excess 29) m=95 blocks 1x31 projected nullity 2, verified=True, rank 2 [split 0.1s trisolve 0.5s schur 0.9s null 0.0s lift 0.3s rank 0.1s]
  per6 (9, 5, 5, 3, 3, 2) d9 p=2147483629: a=2 n_chi=206768 mult=2 units=0 [3.5s]
  PER6 RESULT (9, 5, 5, 3, 3, 2) d9: a=2 N_S=853065 n_chi=206768 mult=2 units=0 proved: mult = a at both primes (S_mu not in the ideal over Q) (36.5s, HWM 0.67 GB)

=== rank 186 ((7, 6, 5, 5, 3, 1), 9) N_S 853983 a 1 2026-09-09T01:45:47.932868
      level 1: 30 prefixes
      level 2: 385 prefixes
      level 3: 5003 prefixes
      level 4: 33737 prefixes
      level 5: 140877 prefixes
      level 6: 391455 prefixes
      level 7: 728275 prefixes
      level 8: 853983 prefixes
      level 9: 853983 prefixes
  lam=(7, 6, 5, 5, 3, 1): N_S=853983 |Stab|=2 n_chi=423428 (orbits dropped: 7127) [lean, 2s, HWM 0.36 GB]
    E_01: |H|=2 targets 722709 canonical rows 358240 nnz 1608842 (obstructed fixed targets cancelled: 3726) [4s, HWM 0.42 GB]
    E_12: |H|=1 targets 694640 canonical rows 694605 nnz 2869525 (obstructed fixed targets cancelled: 0) [7s, HWM 0.51 GB]
    E_23: |H|=1 targets 761872 canonical rows 761728 nnz 2822685 (obstructed fixed targets cancelled: 0) [10s, HWM 0.55 GB]
    E_34: |H|=1 targets 536974 canonical rows 536925 nnz 2004784 (obstructed fixed targets cancelled: 0) [13s, HWM 0.55 GB]
    E_45: |H|=2 targets 300769 canonical rows 148488 nnz 421970 (obstructed fixed targets cancelled: 1375) [14s, HWM 0.55 GB]
  built (7, 6, 5, 5, 3, 1) d9: N_S=853983 |Stab|=2 n_chi=423428 rows=2499986 nnz=9727806 (17s: mono 1s orbits 2s rows 14s; HWM 0.55 GB)
    hybrid[per6 7_6_5_5_3_1d9] p=2147483647 attempt 0: |S|=423280 |U|=148 (a=1, excess 147) m=212 blocks 1x148 projected nullity 1, verified=True, rank 1 [split 0.3s trisolve 3.8s schur 6.0s null 0.0s lift 0.5s rank 0.4s]
  per6 (7, 6, 5, 5, 3, 1) d9 p=2147483647: a=1 n_chi=423428 mult=1 units=0 [12.4s]
    hybrid[per6 7_6_5_5_3_1d9] p=2147483629 attempt 0: |S|=423280 |U|=148 (a=1, excess 147) m=212 blocks 1x148 projected nullity 1, verified=True, rank 1 [split 0.4s trisolve 6.1s schur 5.4s null 0.0s lift 0.2s rank 0.1s]
  per6 (7, 6, 5, 5, 3, 1) d9 p=2147483629: a=1 n_chi=423428 mult=1 units=0 [14.0s]
  PER6 RESULT (7, 6, 5, 5, 3, 1) d9: a=1 N_S=853983 n_chi=423428 mult=1 units=0 proved: mult = a at both primes (S_mu not in the ideal over Q) (57.5s, HWM 1.6 GB)

=== rank 187 ((8, 7, 4, 3, 3, 2), 9) N_S 872584 a 1 2026-09-09T01:46:46.145543
      level 1: 34 prefixes
      level 2: 777 prefixes
      level 3: 8554 prefixes
      level 4: 53224 prefixes
      level 5: 203203 prefixes
      level 6: 511765 prefixes
      level 7: 806999 prefixes
      level 8: 872584 prefixes
      level 9: 872584 prefixes
  lam=(8, 7, 4, 3, 3, 2): N_S=872584 |Stab|=2 n_chi=425610 (orbits dropped: 21364) [lean, 1s, HWM 0.36 GB]
    E_01: |H|=2 targets 761303 canonical rows 371082 nnz 1766475 (obstructed fixed targets cancelled: 9866) [4s, HWM 0.43 GB]
    E_12: |H|=2 targets 567532 canonical rows 276321 nnz 1225946 (obstructed fixed targets cancelled: 7088) [6s, HWM 0.43 GB]
    E_23: |H|=1 targets 615055 canonical rows 614394 nnz 2012706 (obstructed fixed targets cancelled: 0) [9s, HWM 0.47 GB]
    E_34: |H|=1 targets 714846 canonical rows 710662 nnz 1876760 (obstructed fixed targets cancelled: 0) [11s, HWM 0.50 GB]
    E_45: |H|=1 targets 525445 canonical rows 525289 nnz 1474480 (obstructed fixed targets cancelled: 0) [13s, HWM 0.50 GB]
  built (8, 7, 4, 3, 3, 2) d9: N_S=872584 |Stab|=2 n_chi=425610 rows=2497748 nnz=8356367 (16s: mono 1s orbits 1s rows 13s; HWM 0.54 GB)
    hybrid[per6 8_7_4_3_3_2d9] p=2147483647 attempt 0: |S|=425522 |U|=88 (a=1, excess 87) m=152 blocks 1x88 projected nullity 1, verified=True, rank 1 [split 0.2s trisolve 3.4s schur 2.9s null 0.0s lift 0.1s rank 0.1s]
  per6 (8, 7, 4, 3, 3, 2) d9 p=2147483647: a=1 n_chi=425610 mult=1 units=0 [8.4s]
    hybrid[per6 8_7_4_3_3_2d9] p=2147483629 attempt 0: |S|=425522 |U|=88 (a=1, excess 87) m=152 blocks 1x88 projected nullity 1, verified=True, rank 1 [split 0.2s trisolve 3.2s schur 2.9s null 0.0s lift 0.2s rank 0.1s]
  per6 (8, 7, 4, 3, 3, 2) d9 p=2147483629: a=1 n_chi=425610 mult=1 units=0 [7.7s]
  PER6 RESULT (8, 7, 4, 3, 3, 2) d9: a=1 N_S=872584 n_chi=425610 mult=1 units=0 proved: mult = a at both primes (S_mu not in the ideal over Q) (45.7s, HWM 1.23 GB)

=== rank 188 ((8, 6, 5, 4, 2, 2), 9) N_S 878533 a 4 2026-09-09T01:47:32.577896
      level 1: 33 prefixes
      level 2: 713 prefixes
      level 3: 7405 prefixes
      level 4: 47196 prefixes
      level 5: 188721 prefixes
      level 6: 500707 prefixes
      level 7: 809397 prefixes
      level 8: 878533 prefixes
      level 9: 878533 prefixes
  lam=(8, 6, 5, 4, 2, 2): N_S=878533 |Stab|=2 n_chi=462336 (orbits dropped: 0) [lean, 1s, HWM 0.37 GB]
    E_01: |H|=2 targets 698923 canonical rows 368281 nnz 1738396 (obstructed fixed targets cancelled: 0) [3s, HWM 0.42 GB]
    E_12: |H|=2 targets 714846 canonical rows 376793 nnz 1547255 (obstructed fixed targets cancelled: 0) [6s, HWM 0.44 GB]
    E_23: |H|=2 targets 674429 canonical rows 355541 nnz 1327700 (obstructed fixed targets cancelled: 0) [9s, HWM 0.44 GB]
    E_34: |H|=1 targets 455285 canonical rows 455285 nnz 1519012 (obstructed fixed targets cancelled: 0) [11s, HWM 0.45 GB]
    E_45: |H|=1 targets 645058 canonical rows 645058 nnz 1359616 (obstructed fixed targets cancelled: 0) [13s, HWM 0.48 GB]
  built (8, 6, 5, 4, 2, 2) d9: N_S=878533 |Stab|=2 n_chi=462336 rows=2200958 nnz=7491979 (16s: mono 1s orbits 1s rows 13s; HWM 0.51 GB)
    hybrid[per6 8_6_5_4_2_2d9] p=2147483647 attempt 0: |S|=462139 |U|=197 (a=4, excess 193) m=261 blocks 1x197 projected nullity 4, verified=True, rank 4 [split 0.2s trisolve 8.5s schur 5.5s null 0.0s lift 0.4s rank 0.1s]
  per6 (8, 6, 5, 4, 2, 2) d9 p=2147483647: a=4 n_chi=462336 mult=4 units=0 [17.1s]
    hybrid[per6 8_6_5_4_2_2d9] p=2147483629 attempt 0: |S|=462139 |U|=197 (a=4, excess 193) m=261 blocks 1x197 projected nullity 4, verified=True, rank 4 [split 0.3s trisolve 8.3s schur 5.9s null 0.0s lift 0.5s rank 0.1s]
  per6 (8, 6, 5, 4, 2, 2) d9 p=2147483629: a=4 n_chi=462336 mult=4 units=0 [16.8s]
  PER6 RESULT (8, 6, 5, 4, 2, 2) d9: a=4 N_S=878533 n_chi=462336 mult=4 units=0 proved: mult = a at both primes (S_mu not in the ideal over Q) (63.2s, HWM 1.97 GB)

=== rank 189 ((7, 7, 5, 4, 2, 2), 9) N_S 946431 a 1 2026-09-09T01:48:36.423312
      level 1: 33 prefixes
      level 2: 456 prefixes
      level 3: 6395 prefixes
      level 4: 43212 prefixes
      level 5: 173535 prefixes
      level 6: 456870 prefixes
      level 7: 815251 prefixes
      level 8: 946431 prefixes
      level 9: 946431 prefixes
  lam=(7, 7, 5, 4, 2, 2): N_S=946431 |Stab|=4 n_chi=247252 (orbits dropped: 3170) [lean, 3s, HWM 0.38 GB]
    E_01: |H|=2 targets 878533 canonical rows 462336 nnz 2036011 (obstructed fixed targets cancelled: 0) [4s, HWM 0.45 GB]
    E_12: |H|=2 targets 714846 canonical rows 376793 nnz 1659562 (obstructed fixed targets cancelled: 0) [7s, HWM 0.46 GB]
    E_23: |H|=4 targets 726186 canonical rows 189965 nnz 710117 (obstructed fixed targets cancelled: 2769) [11s, HWM 0.46 GB]
    E_34: |H|=2 targets 489912 canonical rows 243686 nnz 813141 (obstructed fixed targets cancelled: 1159) [13s, HWM 0.46 GB]
    E_45: |H|=2 targets 694640 canonical rows 344892 nnz 728318 (obstructed fixed targets cancelled: 468) [15s, HWM 0.47 GB]
  built (7, 7, 5, 4, 2, 2) d9: N_S=946431 |Stab|=4 n_chi=247252 rows=1617672 nnz=5947149 (20s: mono 1s orbits 3s rows 15s; HWM 0.47 GB)
    hybrid[per6 7_7_5_4_2_2d9] p=2147483647 attempt 0: |S|=247158 |U|=94 (a=1, excess 93) m=158 blocks 1x94 projected nullity 1, verified=True, rank 1 [split 0.1s trisolve 2.1s schur 2.2s null 0.0s lift 0.1s rank 0.1s]
  per6 (7, 7, 5, 4, 2, 2) d9 p=2147483647: a=1 n_chi=247252 mult=1 units=0 [6.5s]
    hybrid[per6 7_7_5_4_2_2d9] p=2147483629 attempt 0: |S|=247158 |U|=94 (a=1, excess 93) m=158 blocks 1x94 projected nullity 1, verified=True, rank 1 [split 0.1s trisolve 1.6s schur 2.2s null 0.0s lift 0.1s rank 0.1s]
  per6 (7, 7, 5, 4, 2, 2) d9 p=2147483629: a=1 n_chi=247252 mult=1 units=0 [5.6s]
  PER6 RESULT (7, 7, 5, 4, 2, 2) d9: a=1 N_S=946431 n_chi=247252 mult=1 units=0 proved: mult = a at both primes (S_mu not in the ideal over Q) (44.8s, HWM 0.89 GB)

=== rank 190 ((9, 5, 4, 4, 3, 2), 9) N_S 992179 a 2 2026-09-09T01:51:34.728483
      level 1: 43 prefixes
      level 2: 816 prefixes
      level 3: 9015 prefixes
      level 4: 62054 prefixes
      level 5: 265996 prefixes
      level 6: 685856 prefixes
      level 7: 959500 prefixes
      level 8: 992179 prefixes
      level 9: 992179 prefixes
  lam=(9, 5, 4, 4, 3, 2): N_S=992179 |Stab|=2 n_chi=502615 (orbits dropped: 0) [lean, 2s, HWM 0.39 GB]
    E_01: |H|=2 targets 669003 canonical rows 339354 nnz 1694015 (obstructed fixed targets cancelled: 0) [3s, HWM 0.43 GB]
    E_12: |H|=1 targets 761303 canonical rows 761303 nnz 2877715 (obstructed fixed targets cancelled: 0) [6s, HWM 0.50 GB]
    E_23: |H|=1 targets 853065 canonical rows 853065 nnz 2827196 (obstructed fixed targets cancelled: 0) [10s, HWM 0.56 GB]
    E_34: |H|=1 targets 698923 canonical rows 698923 nnz 2346242 (obstructed fixed targets cancelled: 0) [12s, HWM 0.56 GB]
    E_45: |H|=2 targets 597041 canonical rows 302769 nnz 868087 (obstructed fixed targets cancelled: 0) [15s, HWM 0.56 GB]
  built (9, 5, 4, 4, 3, 2) d9: N_S=992179 |Stab|=2 n_chi=502615 rows=2955414 nnz=10613255 (18s: mono 2s orbits 2s rows 15s; HWM 0.60 GB)
    hybrid[per6 9_5_4_4_3_2d9] p=2147483647 attempt 0: |S|=502544 |U|=71 (a=2, excess 69) m=135 blocks 1x71 projected nullity 2, verified=True, rank 2 [split 0.3s trisolve 2.6s schur 3.2s null 0.0s lift 0.6s rank 0.1s]
  per6 (9, 5, 4, 4, 3, 2) d9 p=2147483647: a=2 n_chi=502615 mult=2 units=0 [8.4s]
    hybrid[per6 9_5_4_4_3_2d9] p=2147483629 attempt 0: |S|=502544 |U|=71 (a=2, excess 69) m=135 blocks 1x71 projected nullity 2, verified=True, rank 2 [split 0.3s trisolve 2.5s schur 3.2s null 0.0s lift 0.3s rank 0.1s]
  per6 (9, 5, 4, 4, 3, 2) d9 p=2147483629: a=2 n_chi=502615 mult=2 units=0 [8.5s]
  PER6 RESULT (9, 5, 4, 4, 3, 2) d9: a=2 N_S=992179 n_chi=502615 mult=2 units=0 proved: mult = a at both primes (S_mu not in the ideal over Q) (49.5s, HWM 1.28 GB)

=== rank 191 ((7, 6, 5, 4, 4, 1), 9) N_S 993724 a 1 2026-09-09T01:52:24.815770
      level 1: 30 prefixes
      level 2: 399 prefixes
      level 3: 5383 prefixes
      level 4: 37619 prefixes
      level 5: 160754 prefixes
      level 6: 452957 prefixes
      level 7: 847103 prefixes
      level 8: 993724 prefixes
      level 9: 993724 prefixes
  lam=(7, 6, 5, 4, 4, 1): N_S=993724 |Stab|=2 n_chi=503225 (orbits dropped: 0) [lean, 2s, HWM 0.39 GB]
    E_01: |H|=2 targets 840542 canonical rows 425816 nnz 1915320 (obstructed fixed targets cancelled: 0) [4s, HWM 0.44 GB]
    E_12: |H|=2 targets 807814 canonical rows 409325 nnz 1702868 (obstructed fixed targets cancelled: 0) [8s, HWM 0.47 GB]
    E_23: |H|=1 targets 761872 canonical rows 761872 nnz 2891944 (obstructed fixed targets cancelled: 0) [11s, HWM 0.54 GB]
    E_34: |H|=1 targets 853983 canonical rows 853983 nnz 2841677 (obstructed fixed targets cancelled: 0) [14s, HWM 0.59 GB]
    E_45: |H|=1 targets 300769 canonical rows 300769 nnz 993724 (obstructed fixed targets cancelled: 0) [15s, HWM 0.59 GB]
  built (7, 6, 5, 4, 4, 1) d9: N_S=993724 |Stab|=2 n_chi=503225 rows=2751765 nnz=10345533 (18s: mono 1s orbits 2s rows 15s; HWM 0.64 GB)
    hybrid[per6 7_6_5_4_4_1d9] p=2147483647 attempt 0: |S|=503017 |U|=208 (a=1, excess 207) m=272 blocks 1x208 projected nullity 1, verified=True, rank 1 [split 0.3s trisolve 6.3s schur 8.4s null 0.0s lift 0.2s rank 0.2s]
  per6 (7, 6, 5, 4, 4, 1) d9 p=2147483647: a=1 n_chi=503225 mult=1 units=0 [18.4s]
    hybrid[per6 7_6_5_4_4_1d9] p=2147483629 attempt 0: |S|=503017 |U|=208 (a=1, excess 207) m=272 blocks 1x208 projected nullity 1, verified=True, rank 1 [split 0.3s trisolve 9.5s schur 8.9s null 0.0s lift 0.3s rank 0.1s]
  per6 (7, 6, 5, 4, 4, 1) d9 p=2147483629: a=1 n_chi=503225 mult=1 units=0 [20.7s]
  PER6 RESULT (7, 6, 5, 4, 4, 1) d9: a=1 N_S=993724 n_chi=503225 mult=1 units=0 proved: mult = a at both primes (S_mu not in the ideal over Q) (72.2s, HWM 2.3 GB)

=== rank 192 ((7, 6, 6, 4, 2, 2), 9) N_S 1038618 a 2 2026-09-09T01:53:37.754186
      level 1: 33 prefixes
      level 2: 457 prefixes
      level 3: 6278 prefixes
      level 4: 42260 prefixes
      level 5: 174683 prefixes
      level 6: 480253 prefixes
      level 7: 887214 prefixes
      level 8: 1038618 prefixes
      level 9: 1038618 prefixes
  lam=(7, 6, 6, 4, 2, 2): N_S=1038618 |Stab|=4 n_chi=275205 (orbits dropped: 0) [lean, 4s, HWM 0.39 GB]
    E_01: |H|=2 targets 878533 canonical rows 462336 nnz 2062716 (obstructed fixed targets cancelled: 0) [4s, HWM 0.47 GB]
    E_12: |H|=2 targets 946431 canonical rows 497674 nnz 2049115 (obstructed fixed targets cancelled: 0) [9s, HWM 0.50 GB]
    E_23: |H|=2 targets 726186 canonical rows 382513 nnz 1573896 (obstructed fixed targets cancelled: 0) [13s, HWM 0.50 GB]
    E_34: |H|=2 targets 536974 canonical rows 270274 nnz 903574 (obstructed fixed targets cancelled: 0) [15s, HWM 0.50 GB]
    E_45: |H|=2 targets 761872 canonical rows 383212 nnz 809420 (obstructed fixed targets cancelled: 0) [18s, HWM 0.50 GB]
  built (7, 6, 6, 4, 2, 2) d9: N_S=1038618 |Stab|=4 n_chi=275205 rows=1996009 nnz=7398721 (23s: mono 1s orbits 4s rows 19s; HWM 0.50 GB)
    hybrid[per6 7_6_6_4_2_2d9] p=2147483647 attempt 0: |S|=275093 |U|=112 (a=2, excess 110) m=176 blocks 1x112 projected nullity 2, verified=True, rank 2 [split 0.1s trisolve 2.6s schur 3.5s null 0.0s lift 0.5s rank 0.1s]
  per6 (7, 6, 6, 4, 2, 2) d9 p=2147483647: a=2 n_chi=275205 mult=2 units=0 [8.7s]
    hybrid[per6 7_6_6_4_2_2d9] p=2147483629 attempt 0: |S|=275093 |U|=112 (a=2, excess 110) m=176 blocks 1x112 projected nullity 2, verified=True, rank 2 [split 0.1s trisolve 2.2s schur 3.2s null 0.0s lift 0.2s rank 0.1s]
  per6 (7, 6, 6, 4, 2, 2) d9 p=2147483629: a=2 n_chi=275205 mult=2 units=0 [8.0s]
  PER6 RESULT (7, 6, 6, 4, 2, 2) d9: a=2 N_S=1038618 n_chi=275205 mult=2 units=0 proved: mult = a at both primes (S_mu not in the ideal over Q) (54.1s, HWM 1.06 GB)

=== rank 193 ((8, 6, 5, 3, 3, 2), 9) N_S 1073564 a 1 2026-09-09T01:54:32.455798
      level 1: 34 prefixes
      level 2: 770 prefixes
      level 3: 8400 prefixes
      level 4: 55404 prefixes
      level 5: 227154 prefixes
      level 6: 610587 prefixes
      level 7: 989649 prefixes
      level 8: 1073564 prefixes
      level 9: 1073564 prefixes
  lam=(8, 6, 5, 3, 3, 2): N_S=1073564 |Stab|=2 n_chi=524166 (orbits dropped: 25232) [lean, 2s, HWM 0.40 GB]
    E_01: |H|=2 targets 853065 canonical rows 416216 nnz 1990519 (obstructed fixed targets cancelled: 10573) [4s, HWM 0.45 GB]
    E_12: |H|=2 targets 872584 canonical rows 425610 nnz 1770012 (obstructed fixed targets cancelled: 9081) [9s, HWM 0.47 GB]
    E_23: |H|=1 targets 674429 canonical rows 674429 nnz 2487356 (obstructed fixed targets cancelled: 0) [12s, HWM 0.51 GB]
    E_34: |H|=1 targets 878533 canonical rows 873688 nnz 2322186 (obstructed fixed targets cancelled: 0) [15s, HWM 0.57 GB]
    E_45: |H|=1 targets 645058 canonical rows 644892 nnz 1820066 (obstructed fixed targets cancelled: 0) [18s, HWM 0.57 GB]
  built (8, 6, 5, 3, 3, 2) d9: N_S=1073564 |Stab|=2 n_chi=524166 rows=3034835 nnz=10390139 (22s: mono 1s orbits 2s rows 18s; HWM 0.62 GB)
    hybrid[per6 8_6_5_3_3_2d9] p=2147483647 attempt 0: |S|=524056 |U|=110 (a=1, excess 109) m=174 blocks 1x110 projected nullity 1, verified=True, rank 1 [split 0.3s trisolve 5.6s schur 4.7s null 0.0s lift 0.2s rank 0.4s]
  per6 (8, 6, 5, 3, 3, 2) d9 p=2147483647: a=1 n_chi=524166 mult=1 units=0 [12.9s]
    hybrid[per6 8_6_5_3_3_2d9] p=2147483629 attempt 0: |S|=524056 |U|=110 (a=1, excess 109) m=174 blocks 1x110 projected nullity 1, verified=True, rank 1 [split 0.4s trisolve 3.7s schur 5.1s null 0.0s lift 0.3s rank 0.7s]
  per6 (8, 6, 5, 3, 3, 2) d9 p=2147483629: a=1 n_chi=524166 mult=1 units=0 [13.0s]
  PER6 RESULT (8, 6, 5, 3, 3, 2) d9: a=1 N_S=1073564 n_chi=524166 mult=1 units=0 proved: mult = a at both primes (S_mu not in the ideal over Q) (62.7s, HWM 1.59 GB)

=== rank 194 ((6, 6, 6, 4, 4, 1), 9) N_S 1090612 a 1 2026-09-09T01:55:35.825016
      level 1: 29 prefixes
      level 2: 386 prefixes
      level 3: 3080 prefixes
      level 4: 29875 prefixes
      level 5: 143438 prefixes
      level 6: 420084 prefixes
      level 7: 847167 prefixes
      level 8: 1090612 prefixes
      level 9: 1090612 prefixes
  lam=(6, 6, 6, 4, 4, 1): N_S=1090612 |Stab|=12 n_chi=93937 (orbits dropped: 0) [lean, 11s, HWM 0.40 GB]
    E_01: |H|=2 targets 993724 canonical rows 503225 nnz 2093353 (obstructed fixed targets cancelled: 0) [5s, HWM 0.47 GB]
    E_12: |H|=2 targets 993724 canonical rows 503225 nnz 2093353 (obstructed fixed targets cancelled: 0) [11s, HWM 0.51 GB]
    E_23: |H|=2 targets 761872 canonical rows 383212 nnz 1595678 (obstructed fixed targets cancelled: 0) [15s, HWM 0.51 GB]
    E_34: |H|=6 targets 936978 canonical rows 158834 nnz 526429 (obstructed fixed targets cancelled: 0) [22s, HWM 0.53 GB]
    E_45: |H|=6 targets 329471 canonical rows 56402 nnz 184888 (obstructed fixed targets cancelled: 0) [24s, HWM 0.53 GB]
  built (6, 6, 6, 4, 4, 1) d9: N_S=1090612 |Stab|=12 n_chi=93937 rows=1604898 nnz=6493701 (37s: mono 1s orbits 11s rows 24s; HWM 0.53 GB)
    hybrid[per6 6_6_6_4_4_1d9] p=2147483647 attempt 0: |S|=93913 |U|=24 (a=1, excess 23) m=88 blocks 1x24 projected nullity 1, verified=True, rank 1 [split 0.1s trisolve 0.0s schur 0.7s null 0.0s lift 0.1s rank 0.0s]
  per6 (6, 6, 6, 4, 4, 1) d9 p=2147483647: a=1 n_chi=93937 mult=1 units=0 [3.4s]
    hybrid[per6 6_6_6_4_4_1d9] p=2147483629 attempt 0: |S|=93913 |U|=24 (a=1, excess 23) m=88 blocks 1x24 projected nullity 1, verified=True, rank 1 [split 0.1s trisolve 0.0s schur 0.7s null 0.0s lift 0.2s rank 0.0s]
  per6 (6, 6, 6, 4, 4, 1) d9 p=2147483629: a=1 n_chi=93937 mult=1 units=0 [3.5s]
  PER6 RESULT (6, 6, 6, 4, 4, 1) d9: a=1 N_S=1090612 n_chi=93937 mult=1 units=0 proved: mult = a at both primes (S_mu not in the ideal over Q) (57.1s, HWM 0.65 GB)

=== rank 195 ((7, 5, 5, 5, 4, 1), 9) N_S 1114696 a 1 2026-09-09T01:59:42.668139
      level 1: 29 prefixes
      level 2: 402 prefixes
      level 3: 5264 prefixes
      level 4: 36667 prefixes
      level 5: 162094 prefixes
      level 6: 482294 prefixes
      level 7: 940776 prefixes
      level 8: 1114696 prefixes
      level 9: 1114696 prefixes
  lam=(7, 5, 5, 5, 4, 1): N_S=1114696 |Stab|=6 n_chi=181424 (orbits dropped: 8804) [lean, 6s, HWM 0.41 GB]
    E_01: |H|=2 targets 840542 canonical rows 416530 nnz 1850694 (obstructed fixed targets cancelled: 4344) [4s, HWM 0.44 GB]
    E_12: |H|=1 targets 993724 canonical rows 993436 nnz 3653227 (obstructed fixed targets cancelled: 0) [8s, HWM 0.57 GB]
    E_23: |H|=1 targets 993724 canonical rows 993436 nnz 3653227 (obstructed fixed targets cancelled: 0) [13s, HWM 0.64 GB]
    E_34: |H|=2 targets 853983 canonical rows 423331 nnz 1586200 (obstructed fixed targets cancelled: 3414) [16s, HWM 0.64 GB]
    E_45: |H|=6 targets 336173 canonical rows 54094 nnz 179611 (obstructed fixed targets cancelled: 5043) [18s, HWM 0.64 GB]
  built (7, 5, 5, 5, 4, 1) d9: N_S=1114696 |Stab|=6 n_chi=181424 rows=2880827 nnz=10922959 (26s: mono 2s orbits 6s rows 18s; HWM 0.64 GB)
    hybrid[per6 7_5_5_5_4_1d9] p=2147483647 attempt 0: |S|=181395 |U|=29 (a=1, excess 28) m=93 blocks 1x29 projected nullity 1, verified=True, rank 1 [split 0.1s trisolve 0.1s schur 1.5s null 0.0s lift 0.4s rank 0.0s]
  per6 (7, 5, 5, 5, 4, 1) d9 p=2147483647: a=1 n_chi=181424 mult=1 units=0 [4.6s]
    hybrid[per6 7_5_5_5_4_1d9] p=2147483629 attempt 0: |S|=181395 |U|=29 (a=1, excess 28) m=93 blocks 1x29 projected nullity 1, verified=True, rank 1 [split 0.1s trisolve 0.1s schur 1.6s null 0.0s lift 0.5s rank 0.0s]
  per6 (7, 5, 5, 5, 4, 1) d9 p=2147483629: a=1 n_chi=181424 mult=1 units=0 [3.9s]
  PER6 RESULT (7, 5, 5, 5, 4, 1) d9: a=1 N_S=1114696 n_chi=181424 mult=1 units=0 proved: mult = a at both primes (S_mu not in the ideal over Q) (48.8s, HWM 0.86 GB)

=== rank 196 ((9, 4, 4, 4, 4, 2), 9) N_S 1154487 a 1 2026-09-09T02:02:02.408607
      level 1: 40 prefixes
      level 2: 791 prefixes
      level 3: 8822 prefixes
      level 4: 62435 prefixes
      level 5: 287442 prefixes
      level 6: 785694 prefixes
      level 7: 1115184 prefixes
      level 8: 1154487 prefixes
      level 9: 1154487 prefixes
  lam=(9, 4, 4, 4, 4, 2): N_S=1154487 |Stab|=24 n_chi=52273 (orbits dropped: 0) [lean, 23s, HWM 0.41 GB]
    E_01: |H|=6 targets 669003 canonical rows 116411 nnz 575582 (obstructed fixed targets cancelled: 0) [5s, HWM 0.41 GB]
    E_12: |H|=2 targets 992179 canonical rows 502615 nnz 1663653 (obstructed fixed targets cancelled: 0) [9s, HWM 0.49 GB]
    E_23: |H|=2 targets 992179 canonical rows 502615 nnz 1663653 (obstructed fixed targets cancelled: 0) [14s, HWM 0.51 GB]
    E_34: |H|=2 targets 992179 canonical rows 502615 nnz 1663653 (obstructed fixed targets cancelled: 0) [18s, HWM 0.52 GB]
    E_45: |H|=6 targets 597041 canonical rows 103806 nnz 344064 (obstructed fixed targets cancelled: 0) [22s, HWM 0.52 GB]
  built (9, 4, 4, 4, 4, 2) d9: N_S=1154487 |Stab|=24 n_chi=52273 rows=1728062 nnz=5910605 (47s: mono 2s orbits 23s rows 22s; HWM 0.52 GB)
    hybrid[per6 9_4_4_4_4_2d9] p=2147483647 attempt 0: |S|=52266 |U|=7 (a=1, excess 6) m=71 blocks 1x7 projected nullity 1, verified=True, rank 1 [split 0.0s trisolve 0.0s schur 0.3s null 0.0s lift 0.1s rank 0.0s]
  per6 (9, 4, 4, 4, 4, 2) d9 p=2147483647: a=1 n_chi=52273 mult=1 units=0 [2.3s]
    hybrid[per6 9_4_4_4_4_2d9] p=2147483629 attempt 0: |S|=52266 |U|=7 (a=1, excess 6) m=71 blocks 1x7 projected nullity 1, verified=True, rank 1 [split 0.0s trisolve 0.0s schur 0.3s null 0.0s lift 0.1s rank 0.0s]
  per6 (9, 4, 4, 4, 4, 2) d9 p=2147483629: a=1 n_chi=52273 mult=1 units=0 [2.2s]
  PER6 RESULT (9, 4, 4, 4, 4, 2) d9: a=1 N_S=1154487 n_chi=52273 mult=1 units=0 proved: mult = a at both primes (S_mu not in the ideal over Q) (64.5s, HWM 0.58 GB)

=== rank 197 ((7, 7, 5, 3, 3, 2), 9) N_S 1157145 a 1 2026-09-09T02:06:11.561711
      level 1: 34 prefixes
      level 2: 494 prefixes
      level 3: 7262 prefixes
      level 4: 50745 prefixes
      level 5: 208152 prefixes
      level 6: 555939 prefixes
      level 7: 996936 prefixes
      level 8: 1157145 prefixes
      level 9: 1157145 prefixes
  lam=(7, 7, 5, 3, 3, 2): N_S=1157145 |Stab|=4 n_chi=281882 (orbits dropped: 15647) [lean, 4s, HWM 0.41 GB]
    E_01: |H|=2 targets 1073564 canonical rows 524166 nnz 2344057 (obstructed fixed targets cancelled: 11937) [5s, HWM 0.49 GB]
    E_12: |H|=2 targets 872584 canonical rows 425610 nnz 1905039 (obstructed fixed targets cancelled: 10144) [10s, HWM 0.49 GB]
    E_23: |H|=2 targets 726186 canonical rows 361274 nnz 1335907 (obstructed fixed targets cancelled: 2001) [13s, HWM 0.49 GB]
    E_34: |H|=2 targets 946431 canonical rows 468511 nnz 1247849 (obstructed fixed targets cancelled: 1767) [17s, HWM 0.55 GB]
    E_45: |H|=2 targets 694640 canonical rows 345672 nnz 977547 (obstructed fixed targets cancelled: 1180) [19s, HWM 0.55 GB]
  built (7, 7, 5, 3, 3, 2) d9: N_S=1157145 |Stab|=4 n_chi=281882 rows=2125233 nnz=7810399 (25s: mono 1s orbits 4s rows 19s; HWM 0.55 GB)
    hybrid[per6 7_7_5_3_3_2d9] p=2147483647 attempt 0: |S|=281827 |U|=55 (a=1, excess 54) m=119 blocks 1x55 projected nullity 1, verified=True, rank 1 [split 0.2s trisolve 0.9s schur 1.8s null 0.0s lift 0.2s rank 0.2s]
  per6 (7, 7, 5, 3, 3, 2) d9 p=2147483647: a=1 n_chi=281882 mult=1 units=0 [5.6s]
    hybrid[per6 7_7_5_3_3_2d9] p=2147483629 attempt 0: |S|=281827 |U|=55 (a=1, excess 54) m=119 blocks 1x55 projected nullity 1, verified=True, rank 1 [split 0.1s trisolve 1.0s schur 1.9s null 0.0s lift 0.1s rank 0.1s]
  per6 (7, 7, 5, 3, 3, 2) d9 p=2147483629: a=1 n_chi=281882 mult=1 units=0 [5.3s]
  PER6 RESULT (7, 7, 5, 3, 3, 2) d9: a=1 N_S=1157145 n_chi=281882 mult=1 units=0 proved: mult = a at both primes (S_mu not in the ideal over Q) (50.2s, HWM 0.87 GB)

=== rank 198 ((8, 6, 4, 4, 3, 2), 9) N_S 1249623 a 2 2026-09-09T02:09:31.370082
      level 1: 34 prefixes
      level 2: 777 prefixes
      level 3: 8903 prefixes
      level 4: 61163 prefixes
      level 5: 257943 prefixes
      level 6: 706577 prefixes
      level 7: 1151579 prefixes
      level 8: 1249623 prefixes
      level 9: 1249623 prefixes
  lam=(8, 6, 4, 4, 3, 2): N_S=1249623 |Stab|=2 n_chi=632783 (orbits dropped: 0) [lean, 3s, HWM 0.43 GB]
    E_01: |H|=2 targets 992179 canonical rows 502615 nnz 2413305 (obstructed fixed targets cancelled: 0) [5s, HWM 0.49 GB]
    E_12: |H|=1 targets 872584 canonical rows 872584 nnz 3642119 (obstructed fixed targets cancelled: 0) [9s, HWM 0.63 GB]
    E_23: |H|=1 targets 1073564 canonical rows 1073564 nnz 3579940 (obstructed fixed targets cancelled: 0) [14s, HWM 0.65 GB]
    E_34: |H|=1 targets 878533 canonical rows 878533 nnz 2966018 (obstructed fixed targets cancelled: 0) [17s, HWM 0.65 GB]
    E_45: |H|=2 targets 749992 canonical rows 380176 nnz 1095464 (obstructed fixed targets cancelled: 0) [20s, HWM 0.65 GB]
  built (8, 6, 4, 4, 3, 2) d9: N_S=1249623 |Stab|=2 n_chi=632783 rows=3707472 nnz=13696846 (24s: mono 1s orbits 3s rows 20s; HWM 0.69 GB)
    hybrid[per6 8_6_4_4_3_2d9] p=2147483647 attempt 0: |S|=632647 |U|=136 (a=2, excess 134) m=200 blocks 1x136 projected nullity 2, verified=True, rank 2 [split 0.3s trisolve 8.8s schur 7.6s null 0.0s lift 0.9s rank 0.2s]
  per6 (8, 6, 4, 4, 3, 2) d9 p=2147483647: a=2 n_chi=632783 mult=2 units=0 [20.3s]
    hybrid[per6 8_6_4_4_3_2d9] p=2147483629 attempt 0: |S|=632647 |U|=136 (a=2, excess 134) m=200 blocks 1x136 projected nullity 2, verified=True, rank 2 [split 0.3s trisolve 7.7s schur 7.6s null 0.0s lift 1.0s rank 0.2s]
  per6 (8, 6, 4, 4, 3, 2) d9 p=2147483629: a=2 n_chi=632783 mult=2 units=0 [20.0s]
  PER6 RESULT (8, 6, 4, 4, 3, 2) d9: a=2 N_S=1249623 n_chi=632783 mult=2 units=0 proved: mult = a at both primes (S_mu not in the ideal over Q) (80.0s, HWM 2.22 GB)

=== rank 199 ((6, 6, 6, 5, 2, 2), 9) N_S 1278708 a 1 2026-09-09T02:10:51.920158
      level 1: 32 prefixes
      level 2: 446 prefixes
      level 3: 3592 prefixes
      level 4: 35162 prefixes
      level 5: 168603 prefixes
      level 6: 494080 prefixes
      level 7: 994350 prefixes
      level 8: 1278708 prefixes
      level 9: 1278708 prefixes
  lam=(6, 6, 6, 5, 2, 2): N_S=1278708 |Stab|=12 n_chi=114417 (orbits dropped: 0) [lean, 15s, HWM 0.43 GB]
    E_01: |H|=2 targets 1164801 canonical rows 611587 nnz 2534421 (obstructed fixed targets cancelled: 0) [7s, HWM 0.53 GB]
    E_12: |H|=2 targets 1164801 canonical rows 611587 nnz 2534421 (obstructed fixed targets cancelled: 0) [14s, HWM 0.57 GB]
    E_23: |H|=4 targets 1038618 canonical rows 275205 nnz 1139299 (obstructed fixed targets cancelled: 0) [21s, HWM 0.57 GB]
    E_34: |H|=6 targets 588665 canonical rows 100115 nnz 374785 (obstructed fixed targets cancelled: 0) [25s, HWM 0.57 GB]
    E_45: |H|=6 targets 936978 canonical rows 158834 nnz 336006 (obstructed fixed targets cancelled: 0) [33s, HWM 0.57 GB]
  built (6, 6, 6, 5, 2, 2) d9: N_S=1278708 |Stab|=12 n_chi=114417 rows=1757328 nnz=6918932 (49s: mono 1s orbits 15s rows 33s; HWM 0.57 GB)
    hybrid[per6 6_6_6_5_2_2d9] p=2147483647 attempt 0: |S|=114383 |U|=34 (a=1, excess 33) m=98 blocks 1x34 projected nullity 1, verified=True, rank 1 [split 0.1s trisolve 0.1s schur 1.1s null 0.0s lift 0.1s rank 0.0s]
  per6 (6, 6, 6, 5, 2, 2) d9 p=2147483647: a=1 n_chi=114417 mult=1 units=0 [4.6s]
    hybrid[per6 6_6_6_5_2_2d9] p=2147483629 attempt 0: |S|=114383 |U|=34 (a=1, excess 33) m=98 blocks 1x34 projected nullity 1, verified=True, rank 1 [split 0.1s trisolve 0.1s schur 1.1s null 0.0s lift 0.1s rank 0.0s]
  per6 (6, 6, 6, 5, 2, 2) d9 p=2147483629: a=1 n_chi=114417 mult=1 units=0 [4.4s]

=== rank 200 ((7, 7, 4, 4, 3, 2), 9) N_S 1347204 a 1 2026-09-09T02:13:57.470717
      level 1: 34 prefixes
      level 2: 510 prefixes
      level 3: 7727 prefixes
      level 4: 56100 prefixes
      level 5: 235938 prefixes
      level 6: 641057 prefixes
      level 7: 1159392 prefixes
      level 8: 1347204 prefixes
      level 9: 1347204 prefixes
  lam=(7, 7, 4, 4, 3, 2): N_S=1347204 |Stab|=4 n_chi=339224 (orbits dropped: 3499) [lean, 7s, HWM 0.44 GB]
    E_01: |H|=2 targets 1249623 canonical rows 632783 nnz 2837288 (obstructed fixed targets cancelled: 0) [7s, HWM 0.53 GB]
    E_12: |H|=1 targets 872584 canonical rows 872584 nnz 3915400 (obstructed fixed targets cancelled: 0) [11s, HWM 0.65 GB]
    E_23: |H|=2 targets 1157145 canonical rows 576102 nnz 1921948 (obstructed fixed targets cancelled: 2042) [17s, HWM 0.65 GB]
    E_34: |H|=2 targets 946431 canonical rows 470987 nnz 1591149 (obstructed fixed targets cancelled: 2132) [21s, HWM 0.65 GB]
    E_45: |H|=4 targets 807814 canonical rows 203503 nnz 587054 (obstructed fixed targets cancelled: 1949) [25s, HWM 0.65 GB]
  built (7, 7, 4, 4, 3, 2) d9: N_S=1347204 |Stab|=4 n_chi=339224 rows=2755959 nnz=10852839 (34s: mono 1s orbits 7s rows 25s; HWM 0.66 GB)
    hybrid[per6 7_7_4_4_3_2d9] p=2147483647 attempt 0: |S|=339163 |U|=61 (a=1, excess 60) m=125 blocks 1x61 projected nullity 1, verified=True, rank 1 [split 0.2s trisolve 2.1s schur 2.7s null 0.0s lift 0.3s rank 0.3s]
  per6 (7, 7, 4, 4, 3, 2) d9 p=2147483647: a=1 n_chi=339224 mult=1 units=0 [9.0s]
    hybrid[per6 7_7_4_4_3_2d9] p=2147483629 attempt 0: |S|=339163 |U|=61 (a=1, excess 60) m=125 blocks 1x61 projected nullity 1, verified=True, rank 1 [split 0.3s trisolve 1.1s schur 2.7s null 0.0s lift 0.5s rank 0.1s]
  per6 (7, 7, 4, 4, 3, 2) d9 p=2147483629: a=1 n_chi=339224 mult=1 units=0 [7.3s]

=== rank 201 ((8, 5, 5, 4, 3, 2), 9) N_S 1402242 a 2 2026-09-09T02:16:58.155347
      level 1: 34 prefixes
      level 2: 767 prefixes
      level 3: 8708 prefixes
      level 4: 60215 prefixes
      level 5: 265644 prefixes
      level 6: 769806 prefixes
      level 7: 1287685 prefixes
      level 8: 1402242 prefixes
      level 9: 1402242 prefixes
  lam=(8, 5, 5, 4, 3, 2): N_S=1402242 |Stab|=2 n_chi=695577 (orbits dropped: 11088) [lean, 4s, HWM 0.45 GB]
    E_01: |H|=1 targets 992179 canonical rows 992179 nnz 4748575 (obstructed fixed targets cancelled: 0) [5s, HWM 0.62 GB]
    E_12: |H|=1 targets 1249623 canonical rows 1249383 nnz 4675406 (obstructed fixed targets cancelled: 0) [12s, HWM 0.70 GB]
    E_23: |H|=1 targets 1073564 canonical rows 1073431 nnz 4067436 (obstructed fixed targets cancelled: 0) [17s, HWM 0.73 GB]
    E_34: |H|=2 targets 984809 canonical rows 488093 nnz 1651199 (obstructed fixed targets cancelled: 3603) [21s, HWM 0.73 GB]
    E_45: |H|=2 targets 840542 canonical rows 416643 nnz 1207211 (obstructed fixed targets cancelled: 2402) [24s, HWM 0.73 GB]
  built (8, 5, 5, 4, 3, 2) d9: N_S=1402242 |Stab|=2 n_chi=695577 rows=4219729 nnz=16349827 (30s: mono 1s orbits 4s rows 25s; HWM 0.86 GB)
    hybrid[per6 8_5_5_4_3_2d9] p=2147483647 attempt 0: |S|=695457 |U|=120 (a=2, excess 118) m=184 blocks 1x120 projected nullity 2, verified=True, rank 2 [split 0.4s trisolve 6.5s schur 8.2s null 0.0s lift 1.4s rank 0.2s]
  per6 (8, 5, 5, 4, 3, 2) d9 p=2147483647: a=2 n_chi=695577 mult=2 units=0 [20.0s]
    hybrid[per6 8_5_5_4_3_2d9] p=2147483629 attempt 0: |S|=695457 |U|=120 (a=2, excess 118) m=184 blocks 1x120 projected nullity 2, verified=True, rank 2 [split 0.7s trisolve 7.7s schur 7.9s null 0.0s lift 1.3s rank 0.2s]
  per6 (8, 5, 5, 4, 3, 2) d9 p=2147483629: a=2 n_chi=695577 mult=2 units=0 [22.7s]
  PER6 RESULT (8, 5, 5, 4, 3, 2) d9: a=2 N_S=1402242 n_chi=695577 mult=2 units=0 proved: mult = a at both primes (S_mu not in the ideal over Q) (90.7s, HWM 2.25 GB)

=== rank 202 ((8, 5, 4, 4, 4, 2), 9) N_S 1633380 a 1 2026-09-09T02:18:29.754760
      level 1: 34 prefixes
      level 2: 763 prefixes
      level 3: 8959 prefixes
      level 4: 65300 prefixes
      level 5: 299020 prefixes
      level 6: 889502 prefixes
      level 7: 1498966 prefixes
      level 8: 1633380 prefixes
      level 9: 1633380 prefixes
  lam=(8, 5, 4, 4, 4, 2): N_S=1633380 |Stab|=6 n_chi=282231 (orbits dropped: 0) [lean, 10s, HWM 0.49 GB]
    E_01: |H|=6 targets 1154487 canonical rows 200081 nnz 955949 (obstructed fixed targets cancelled: 0) [9s, HWM 0.49 GB]
    E_12: |H|=2 targets 1249623 canonical rows 632783 nnz 2413277 (obstructed fixed targets cancelled: 0) [16s, HWM 0.56 GB]
    E_23: |H|=1 targets 1402242 canonical rows 1402242 nnz 4704115 (obstructed fixed targets cancelled: 0) [22s, HWM 0.71 GB]
    E_34: |H|=1 targets 1402242 canonical rows 1402242 nnz 4704115 (obstructed fixed targets cancelled: 0) [28s, HWM 0.77 GB]
    E_45: |H|=2 targets 840542 canonical rows 425816 nnz 1434932 (obstructed fixed targets cancelled: 0) [32s, HWM 0.77 GB]
  built (8, 5, 4, 4, 4, 2) d9: N_S=1633380 |Stab|=6 n_chi=282231 rows=4063164 nnz=14212388 (44s: mono 2s orbits 10s rows 32s; HWM 0.77 GB)
    hybrid[per6 8_5_4_4_4_2d9] p=2147483647 attempt 0: |S|=282195 |U|=36 (a=1, excess 35) m=100 blocks 1x36 projected nullity 1, verified=True, rank 1 [split 0.2s trisolve 0.2s schur 2.4s null 0.0s lift 0.4s rank 0.1s]
  per6 (8, 5, 4, 4, 4, 2) d9 p=2147483647: a=1 n_chi=282231 mult=1 units=0 [7.1s]
    hybrid[per6 8_5_4_4_4_2d9] p=2147483629 attempt 0: |S|=282195 |U|=36 (a=1, excess 35) m=100 blocks 1x36 projected nullity 1, verified=True, rank 1 [split 0.2s trisolve 0.5s schur 2.3s null 0.0s lift 0.7s rank 0.1s]
  per6 (8, 5, 4, 4, 4, 2) d9 p=2147483629: a=1 n_chi=282231 mult=1 units=0 [6.9s]
  PER6 RESULT (8, 5, 4, 4, 4, 2) d9: a=1 N_S=1633380 n_chi=282231 mult=1 units=0 proved: mult = a at both primes (S_mu not in the ideal over Q) (73.9s, HWM 1.08 GB)

=== rank 203 ((7, 6, 5, 4, 3, 2), 9) N_S 1660777 a 2 2026-09-09T02:24:01.985104
      level 1: 34 prefixes
      level 2: 514 prefixes
      level 3: 7751 prefixes
      level 4: 58217 prefixes
      level 5: 261109 prefixes
      level 6: 753693 prefixes
      level 7: 1417175 prefixes
      level 8: 1660777 prefixes
      level 9: 1660777 prefixes
  lam=(7, 6, 5, 4, 3, 2): N_S=1660777 |Stab|=1 n_chi=1660777 (orbits dropped: 0) [lean, 2s, HWM 0.47 GB]
    E_01: |H|=1 targets 1402242 canonical rows 1402242 nnz 6406837 (obstructed fixed targets cancelled: 0) [7s, HWM 0.70 GB]
    E_12: |H|=1 targets 1347204 canonical rows 1347204 nnz 5688179 (obstructed fixed targets cancelled: 0) [13s, HWM 0.76 GB]
    E_23: |H|=1 targets 1270286 canonical rows 1270286 nnz 4870536 (obstructed fixed targets cancelled: 0) [20s, HWM 0.81 GB]
    E_34: |H|=1 targets 1164801 canonical rows 1164801 nnz 3960936 (obstructed fixed targets cancelled: 0) [24s, HWM 0.83 GB]
    E_45: |H|=1 targets 993724 canonical rows 993724 nnz 2891944 (obstructed fixed targets cancelled: 0) [28s, HWM 0.83 GB]
  built (7, 6, 5, 4, 3, 2) d9: N_S=1660777 |Stab|=1 n_chi=1660777 rows=6178257 nnz=23818432 (33s: mono 2s orbits 2s rows 29s; HWM 0.96 GB)
    hybrid[per6 7_6_5_4_3_2d9] p=2147483647 attempt 0: |S|=1660198 |U|=579 (a=2, excess 577) m=643 blocks 4x150 projected nullity 2, verified=True, rank 2 [split 1.0s trisolve 86.4s schur 51.9s null 0.2s lift 0.9s rank 0.4s]
  per6 (7, 6, 5, 4, 3, 2) d9 p=2147483647: a=2 n_chi=1660777 mult=2 units=0 [146.1s]
    hybrid[per6 7_6_5_4_3_2d9] p=2147483629 attempt 0: |S|=1660198 |U|=579 (a=2, excess 577) m=643 blocks 4x150 projected nullity 2, verified=True, rank 2 [split 1.0s trisolve 90.2s schur 53.7s null 0.2s lift 1.0s rank 0.8s]
  per6 (7, 6, 5, 4, 3, 2) d9 p=2147483629: a=2 n_chi=1660777 mult=2 units=0 [153.3s]
  PER6 RESULT (7, 6, 5, 4, 3, 2) d9: a=2 N_S=1660777 n_chi=1660777 mult=2 units=0 proved: mult = a at both primes (S_mu not in the ideal over Q) (352.4s, HWM 5.07 GB)

=== rank 204 ((8, 5, 5, 3, 3, 3), 9) N_S 1717445 a 1 2026-09-09T02:29:55.206466
      level 1: 35 prefixes
      level 2: 821 prefixes
      level 3: 9804 prefixes
      level 4: 70409 prefixes
      level 5: 319214 prefixes
      level 6: 939510 prefixes
      level 7: 1577576 prefixes
      level 8: 1717445 prefixes
      level 9: 1717445 prefixes
  lam=(8, 5, 5, 3, 3, 3): N_S=1717445 |Stab|=12 n_chi=133810 (orbits dropped: 20249) [lean, 21s, HWM 0.50 GB]
    E_01: |H|=6 targets 1212949 canonical rows 188659 nnz 900447 (obstructed fixed targets cancelled: 40710) [10s, HWM 0.54 GB]
    E_12: |H|=6 targets 1529485 canonical rows 238356 nnz 889307 (obstructed fixed targets cancelled: 35682) [23s, HWM 0.61 GB]
    E_23: |H|=2 targets 1073564 canonical rows 524013 nnz 1905859 (obstructed fixed targets cancelled: 8963) [28s, HWM 0.61 GB]
    E_34: |H|=2 targets 1402242 canonical rows 691866 nnz 1788020 (obstructed fixed targets cancelled: 3672) [35s, HWM 0.64 GB]
    E_45: |H|=2 targets 1402242 canonical rows 691866 nnz 1788020 (obstructed fixed targets cancelled: 3672) [41s, HWM 0.67 GB]
  built (8, 5, 5, 3, 3, 3) d9: N_S=1717445 |Stab|=12 n_chi=133810 rows=2334760 nnz=7271653 (64s: mono 2s orbits 21s rows 41s; HWM 0.67 GB)
    hybrid[per6 8_5_5_3_3_3d9] p=2147483647 attempt 0: |S|=133803 |U|=7 (a=1, excess 6) m=71 blocks 1x7 projected nullity 1, verified=True, rank 1 [split 0.1s trisolve 0.0s schur 0.4s null 0.0s lift 0.1s rank 0.0s]
  per6 (8, 5, 5, 3, 3, 3) d9 p=2147483647: a=1 n_chi=133810 mult=1 units=0 [3.1s]
    hybrid[per6 8_5_5_3_3_3d9] p=2147483629 attempt 0: |S|=133803 |U|=7 (a=1, excess 6) m=71 blocks 1x7 projected nullity 1, verified=True, rank 1 [split 0.1s trisolve 0.0s schur 0.4s null 0.0s lift 0.1s rank 0.0s]
  per6 (8, 5, 5, 3, 3, 3) d9 p=2147483629: a=1 n_chi=133810 mult=1 units=0 [3.3s]
  PER6 RESULT (8, 5, 5, 3, 3, 3) d9: a=1 N_S=1717445 n_chi=133810 mult=1 units=0 proved: mult = a at both primes (S_mu not in the ideal over Q) (83.9s, HWM 0.69 GB)

=== rank 205 ((7, 5, 5, 5, 3, 2), 9) N_S 1865208 a 1 2026-09-09T02:33:11.721002
      level 1: 33 prefixes
      level 2: 517 prefixes
      level 3: 7581 prefixes
      level 4: 56780 prefixes
      level 5: 263283 prefixes
      level 6: 802830 prefixes
      level 7: 1575586 prefixes
      level 8: 1865208 prefixes
      level 9: 1865208 prefixes
  lam=(7, 5, 5, 5, 3, 2): N_S=1865208 |Stab|=6 n_chi=304186 (orbits dropped: 13482) [lean, 11s, HWM 0.49 GB]
    E_01: |H|=2 targets 1402242 canonical rows 695406 nnz 3130528 (obstructed fixed targets cancelled: 6640) [8s, HWM 0.58 GB]
    E_12: |H|=1 targets 1660777 canonical rows 1660337 nnz 6183668 (obstructed fixed targets cancelled: 0) [15s, HWM 0.76 GB]
    E_23: |H|=1 targets 1660777 canonical rows 1660337 nnz 6183668 (obstructed fixed targets cancelled: 0) [23s, HWM 0.86 GB]
    E_34: |H|=2 targets 1164801 canonical rows 577367 nnz 2177256 (obstructed fixed targets cancelled: 4828) [28s, HWM 0.86 GB]
    E_45: |H|=6 targets 1114696 canonical rows 181424 nnz 528220 (obstructed fixed targets cancelled: 8460) [37s, HWM 0.86 GB]
  built (7, 5, 5, 5, 3, 2) d9: N_S=1865208 |Stab|=6 n_chi=304186 rows=4774871 nnz=18203340 (51s: mono 2s orbits 11s rows 37s; HWM 0.88 GB)
    hybrid[per6 7_5_5_5_3_2d9] p=2147483647 attempt 0: |S|=304143 |U|=43 (a=1, excess 42) m=107 blocks 1x43 projected nullity 1, verified=True, rank 1 [split 0.2s trisolve 0.5s schur 3.5s null 0.0s lift 0.7s rank 0.1s]
  per6 (7, 5, 5, 5, 3, 2) d9 p=2147483647: a=1 n_chi=304186 mult=1 units=0 [9.4s]
    hybrid[per6 7_5_5_5_3_2d9] p=2147483629 attempt 0: |S|=304143 |U|=43 (a=1, excess 42) m=107 blocks 1x43 projected nullity 1, verified=True, rank 1 [split 0.2s trisolve 0.6s schur 3.5s null 0.0s lift 0.7s rank 0.1s]
  per6 (7, 5, 5, 5, 3, 2) d9 p=2147483629: a=1 n_chi=304186 mult=1 units=0 [9.3s]
  PER6 RESULT (7, 5, 5, 5, 3, 2) d9: a=1 N_S=1865208 n_chi=304186 mult=1 units=0 proved: mult = a at both primes (S_mu not in the ideal over Q) (86.0s, HWM 1.29 GB)

=== rank 206 ((7, 6, 4, 4, 4, 2), 9) N_S 1935482 a 1 2026-09-09T02:37:28.194640
      level 1: 34 prefixes
      level 2: 530 prefixes
      level 3: 8071 prefixes
      level 4: 63225 prefixes
      level 5: 292761 prefixes
      level 6: 866171 prefixes
      level 7: 1648466 prefixes
      level 8: 1935482 prefixes
      level 9: 1935482 prefixes
  lam=(7, 6, 4, 4, 4, 2): N_S=1935482 |Stab|=6 n_chi=334076 (orbits dropped: 0) [lean, 12s, HWM 0.49 GB]
    E_01: |H|=6 targets 1633380 canonical rows 282231 nnz 1279115 (obstructed fixed targets cancelled: 0) [14s, HWM 0.61 GB]
    E_12: |H|=2 targets 1347204 canonical rows 681947 nnz 2868860 (obstructed fixed targets cancelled: 0) [21s, HWM 0.61 GB]
    E_23: |H|=1 targets 1660777 canonical rows 1660777 nnz 5595547 (obstructed fixed targets cancelled: 0) [29s, HWM 0.78 GB]
    E_34: |H|=1 targets 1660777 canonical rows 1660777 nnz 5595547 (obstructed fixed targets cancelled: 0) [36s, HWM 0.85 GB]
    E_45: |H|=2 targets 993724 canonical rows 503225 nnz 1702851 (obstructed fixed targets cancelled: 0) [40s, HWM 0.85 GB]
  built (7, 6, 4, 4, 4, 2) d9: N_S=1935482 |Stab|=6 n_chi=334076 rows=4788957 nnz=17041920 (55s: mono 2s orbits 12s rows 40s; HWM 0.85 GB)
    hybrid[per6 7_6_4_4_4_2d9] p=2147483647 attempt 0: |S|=334021 |U|=55 (a=1, excess 54) m=119 blocks 1x55 projected nullity 1, verified=True, rank 1 [split 0.2s trisolve 1.1s schur 4.1s null 0.0s lift 0.7s rank 0.1s]
  per6 (7, 6, 4, 4, 4, 2) d9 p=2147483647: a=1 n_chi=334076 mult=1 units=0 [9.7s]
    hybrid[per6 7_6_4_4_4_2d9] p=2147483629 attempt 0: |S|=334021 |U|=55 (a=1, excess 54) m=119 blocks 1x55 projected nullity 1, verified=True, rank 1 [split 0.2s trisolve 1.1s schur 4.2s null 0.0s lift 0.9s rank 0.1s]
  per6 (7, 6, 4, 4, 4, 2) d9 p=2147483629: a=1 n_chi=334076 mult=1 units=0 [10.2s]
  PER6 RESULT (7, 6, 4, 4, 4, 2) d9: a=1 N_S=1935482 n_chi=334076 mult=1 units=0 proved: mult = a at both primes (S_mu not in the ideal over Q) (91.8s, HWM 1.32 GB)

=== rank 207 ((6, 6, 5, 4, 4, 2), 9) N_S 2389538 a 1 2026-09-09T02:44:25.017624
      level 1: 33 prefixes
      level 2: 519 prefixes
      level 3: 4815 prefixes
      level 4: 52969 prefixes
      level 5: 283156 prefixes
      level 6: 888529 prefixes
      level 7: 1847669 prefixes
      level 8: 2389538 prefixes
      level 9: 2389538 prefixes
  lam=(6, 6, 5, 4, 4, 2): N_S=2389538 |Stab|=4 n_chi=607598 (orbits dropped: 0) [lean, 10s, HWM 0.56 GB]
    E_01: |H|=2 targets 2174355 canonical rows 1099399 nnz 4657803 (obstructed fixed targets cancelled: 0) [13s, HWM 0.75 GB]
    E_12: |H|=2 targets 1935482 canonical rows 979138 nnz 4155689 (obstructed fixed targets cancelled: 0) [24s, HWM 0.78 GB]
    E_23: |H|=2 targets 1824318 canonical rows 916860 nnz 3537695 (obstructed fixed targets cancelled: 0) [34s, HWM 0.81 GB]
    E_34: |H|=2 targets 2049246 canonical rows 1029565 nnz 3481235 (obstructed fixed targets cancelled: 0) [44s, HWM 0.90 GB]
    E_45: |H|=2 targets 1223602 canonical rows 615050 nnz 2094976 (obstructed fixed targets cancelled: 0) [50s, HWM 0.90 GB]
  built (6, 6, 5, 4, 4, 2) d9: N_S=2389538 |Stab|=4 n_chi=607598 rows=4640012 nnz=17927398 (64s: mono 3s orbits 10s rows 51s; HWM 0.90 GB)
    hybrid[per6 6_6_5_4_4_2d9] p=2147483647 attempt 0: |S|=607404 |U|=194 (a=1, excess 193) m=258 blocks 1x194 projected nullity 1, verified=True, rank 1 [split 0.3s trisolve 11.6s schur 14.6s null 0.0s lift 0.4s rank 0.2s]
  per6 (6, 6, 5, 4, 4, 2) d9 p=2147483647: a=1 n_chi=607598 mult=1 units=0 [33.4s]
    hybrid[per6 6_6_5_4_4_2d9] p=2147483629 attempt 0: |S|=607404 |U|=194 (a=1, excess 193) m=258 blocks 1x194 projected nullity 1, verified=True, rank 1 [split 0.4s trisolve 10.8s schur 13.8s null 0.0s lift 0.4s rank 0.2s]
  per6 (6, 6, 5, 4, 4, 2) d9 p=2147483629: a=1 n_chi=607598 mult=1 units=0 [32.2s]
  PER6 RESULT (6, 6, 5, 4, 4, 2) d9: a=1 N_S=2389538 n_chi=607598 mult=1 units=0 proved: mult = a at both primes (S_mu not in the ideal over Q) (146.4s, HWM 2.85 GB)

=== rank 208 ((7, 5, 5, 4, 3, 3), 9) N_S 2668242 a 1 2026-09-09T02:46:52.185336
      level 1: 34 prefixes
      level 2: 573 prefixes
      level 3: 9147 prefixes
      level 4: 74052 prefixes
      level 5: 362085 prefixes
      level 6: 1137044 prefixes
      level 7: 2253180 prefixes
      level 8: 2668242 prefixes
      level 9: 2668242 prefixes
  lam=(7, 5, 5, 4, 3, 3): N_S=2668242 |Stab|=4 n_chi=650515 (orbits dropped: 35064) [lean, 13s, HWM 0.60 GB]
    E_01: |H|=2 targets 2001436 canonical rows 979654 nnz 4477711 (obstructed fixed targets cancelled: 19655) [12s, HWM 0.73 GB]
    E_12: |H|=2 targets 2373578 canonical rows 1162466 nnz 4416940 (obstructed fixed targets cancelled: 17647) [25s, HWM 0.83 GB]
    E_23: |H|=2 targets 2035789 canonical rows 996859 nnz 3832779 (obstructed fixed targets cancelled: 15200) [37s, HWM 0.84 GB]
    E_34: |H|=2 targets 1865208 canonical rows 925219 nnz 3119565 (obstructed fixed targets cancelled: 5511) [47s, HWM 0.87 GB]
    E_45: |H|=2 targets 2174355 canonical rows 1074705 nnz 2926844 (obstructed fixed targets cancelled: 5230) [58s, HWM 0.99 GB]
  built (7, 5, 5, 4, 3, 3) d9: N_S=2668242 |Stab|=4 n_chi=650515 rows=5138903 nnz=18773839 (76s: mono 4s orbits 13s rows 59s; HWM 0.99 GB)
    hybrid[per6 7_5_5_4_3_3d9] p=2147483647 attempt 0: |S|=650436 |U|=79 (a=1, excess 78) m=143 blocks 1x79 projected nullity 1, verified=True, rank 1 [split 0.4s trisolve 4.1s schur 6.2s null 0.0s lift 0.3s rank 0.2s]
  per6 (7, 5, 5, 4, 3, 3) d9 p=2147483647: a=1 n_chi=650515 mult=1 units=0 [16.3s]
    hybrid[per6 7_5_5_4_3_3d9] p=2147483629 attempt 0: |S|=650436 |U|=79 (a=1, excess 78) m=143 blocks 1x79 projected nullity 1, verified=True, rank 1 [split 0.4s trisolve 4.2s schur 6.2s null 0.0s lift 0.3s rank 0.2s]
  per6 (7, 5, 5, 4, 3, 3) d9 p=2147483629: a=1 n_chi=650515 mult=1 units=0 [17.1s]
  PER6 RESULT (7, 5, 5, 4, 3, 3) d9: a=1 N_S=2668242 n_chi=650515 mult=1 units=0 proved: mult = a at both primes (S_mu not in the ideal over Q) (127.2s, HWM 1.92 GB)

=== rank 209 ((5, 5, 5, 5, 5, 2), 9) N_S 3020230 a 1 2026-09-09T02:49:00.069533
      level 1: 28 prefixes
      level 2: 385 prefixes
      level 3: 4250 prefixes
      level 4: 30787 prefixes
      level 5: 236691 prefixes
      level 6: 896633 prefixes
      level 7: 2068772 prefixes
      level 8: 3020230 prefixes
      level 9: 3020230 prefixes
  lam=(5, 5, 5, 5, 5, 2): N_S=3020230 |Stab|=120 n_chi=23907 (orbits dropped: 3280) [lean, 338s, HWM 0.65 GB]
    E_01: |H|=6 targets 2685948 canonical rows 438347 nnz 1611039 (obstructed fixed targets cancelled: 26169) [26s, HWM 0.80 GB]
    E_12: |H|=6 targets 2685948 canonical rows 438347 nnz 1611039 (obstructed fixed targets cancelled: 26169) [50s, HWM 0.84 GB]
    E_23: |H|=6 targets 2685948 canonical rows 438347 nnz 1611039 (obstructed fixed targets cancelled: 26169) [75s, HWM 0.90 GB]
    E_34: |H|=6 targets 2685948 canonical rows 438347 nnz 1611039 (obstructed fixed targets cancelled: 26169) [99s, HWM 0.94 GB]
    E_45: |H|=24 targets 1373369 canonical rows 54865 nnz 205326 (obstructed fixed targets cancelled: 27975) [125s, HWM 0.94 GB]
  built (5, 5, 5, 5, 5, 2) d9: N_S=3020230 |Stab|=120 n_chi=23907 rows=1808253 nnz=6649482 (467s: mono 4s orbits 338s rows 125s; HWM 0.94 GB)
    hybrid[per6 5_5_5_5_5_2d9] p=2147483647 attempt 0: |S|=23906 |U|=1 (a=1, excess 0) m=65 blocks 1x1 projected nullity 1, verified=True, rank 1 [split 0.0s trisolve 0.0s schur 0.2s null 0.0s lift 0.1s rank 0.0s]
  per6 (5, 5, 5, 5, 5, 2) d9 p=2147483647: a=1 n_chi=23907 mult=1 units=0 [7.2s]
    hybrid[per6 5_5_5_5_5_2d9] p=2147483629 attempt 0: |S|=23906 |U|=1 (a=1, excess 0) m=65 blocks 1x1 projected nullity 1, verified=True, rank 1 [split 0.0s trisolve 0.0s schur 0.2s null 0.0s lift 0.1s rank 0.0s]
  per6 (5, 5, 5, 5, 5, 2) d9 p=2147483629: a=1 n_chi=23907 mult=1 units=0 [7.3s]
  PER6 RESULT (5, 5, 5, 5, 5, 2) d9: a=1 N_S=3020230 n_chi=23907 mult=1 units=0 proved: mult = a at both primes (S_mu not in the ideal over Q) (495.5s, HWM 0.94 GB)

=== rank 210 ((6, 5, 5, 5, 3, 3), 9) N_S 3299214 a 1 2026-09-09T02:57:16.209476
      level 1: 30 prefixes
      level 2: 533 prefixes
      level 3: 5559 prefixes
      level 4: 62073 prefixes
      level 5: 345124 prefixes
      level 6: 1144438 prefixes
      level 7: 2505661 prefixes
      level 8: 3299214 prefixes
      level 9: 3299214 prefixes
  lam=(6, 5, 5, 5, 3, 3): N_S=3299214 |Stab|=12 n_chi=265724 (orbits dropped: 20728) [lean, 54s, HWM 0.68 GB]
    E_01: |H|=4 targets 2668242 canonical rows 650498 nnz 2750863 (obstructed fixed targets cancelled: 30225) [23s, HWM 0.82 GB]
    E_12: |H|=2 targets 2933304 canonical rows 1437700 nnz 5433531 (obstructed fixed targets cancelled: 20852) [43s, HWM 0.92 GB]
    E_23: |H|=2 targets 2933304 canonical rows 1437700 nnz 5433531 (obstructed fixed targets cancelled: 20852) [62s, HWM 1.04 GB]
    E_34: |H|=2 targets 2049246 canonical rows 1017072 nnz 3828769 (obstructed fixed targets cancelled: 7167) [73s, HWM 1.04 GB]
    E_45: |H|=6 targets 2685948 canonical rows 436850 nnz 1194761 (obstructed fixed targets cancelled: 18003) [101s, HWM 1.16 GB]
  built (6, 5, 5, 5, 3, 3) d9: N_S=3299214 |Stab|=12 n_chi=265724 rows=4979820 nnz=18641455 (160s: mono 4s orbits 54s rows 101s; HWM 1.16 GB)
    hybrid[per6 6_5_5_5_3_3d9] p=2147483647 attempt 0: |S|=265703 |U|=21 (a=1, excess 20) m=85 blocks 1x21 projected nullity 1, verified=True, rank 1 [split 0.2s trisolve 0.1s schur 2.0s null 0.0s lift 0.7s rank 0.1s]
  per6 (6, 5, 5, 5, 3, 3) d9 p=2147483647: a=1 n_chi=265724 mult=1 units=0 [8.8s]
    hybrid[per6 6_5_5_5_3_3d9] p=2147483629 attempt 0: |S|=265703 |U|=21 (a=1, excess 20) m=85 blocks 1x21 projected nullity 1, verified=True, rank 1 [split 0.2s trisolve 0.1s schur 2.1s null 0.0s lift 0.9s rank 0.1s]
  per6 (6, 5, 5, 5, 3, 3) d9 p=2147483629: a=1 n_chi=265724 mult=1 units=0 [10.3s]
  PER6 RESULT (6, 5, 5, 5, 3, 3) d9: a=1 N_S=3299214 n_chi=265724 mult=1 units=0 proved: mult = a at both primes (S_mu not in the ideal over Q) (196.2s, HWM 1.37 GB)
