delta,lam,ell,a,m_det,class,margin
10,31|1|1|1|1|1|1|1|1|1,10,0,-1,a0,
10,30|2|1|1|1|1|1|1|1|1,10,0,-1,a0,
10,29|3|1|1|1|1|1|1|1|1,10,0,-1,a0,
10,29|2|2|1|1|1|1|1|1|1,10,0,-1,a0,
10,28|4|1|1|1|1|1|1|1|1,10,0,-1,a0,
10,28|3|2|1|1|1|1|1|1|1,10,0,-1,a0,
10,28|2|2|2|1|1|1|1|1|1,10,0,-1,a0,
10,27|5|1|1|1|1|1|1|1|1,10,0,-1,a0,
10,27|4|2|1|1|1|1|1|1|1,10,0,-1,a0,
10,27|3|3|1|1|1|1|1|1|1,10,0,-1,a0,
10,27|3|2|2|1|1|1|1|1|1,10,0,-1,a0,
10,27|2|2|2|2|1|1|1|1|1,10,0,-1,a0,
10,26|6|1|1|1|1|1|1|1|1,10,0,-1,a0,
10,26|5|2|1|1|1|1|1|1|1,10,0,-1,a0,
10,26|4|3|1|1|1|1|1|1|1,10,0,-1,a0,
10,26|4|2|2|1|1|1|1|1|1,10,0,-1,a0,
10,26|3|3|2|1|1|1|1|1|1,10,0,-1,a0,
10,26|3|2|2|2|1|1|1|1|1,10,0,-1,a0,
10,26|2|2|2|2|2|1|1|1|1,10,0,-1,a0,
10,25|7|1|1|1|1|1|1|1|1,10,0,-1,a0,
10,25|6|2|1|1|1|1|1|1|1,10,0,-1,a0,
10,25|5|3|1|1|1|1|1|1|1,10,0,-1,a0,
10,25|5|2|2|1|1|1|1|1|1,10,0,-1,a0,
10,25|4|4|1|1|1|1|1|1|1,10,0,-1,a0,
10,25|4|3|2|1|1|1|1|1|1,10,0,-1,a0,
10,25|4|2|2|2|1|1|1|1|1,10,0,-1,a0,
10,25|3|3|3|1|1|1|1|1|1,10,0,-1,a0,
10,25|3|3|2|2|1|1|1|1|1,10,0,-1,a0,
10,25|3|2|2|2|2|1|1|1|1,10,0,-1,a0,
10,25|2|2|2|2|2|2|1|1|1,10,0,-1,a0,
10,24|8|1|1|1|1|1|1|1|1,10,0,-1,a0,
10,24|7|2|1|1|1|1|1|1|1,10,0,-1,a0,
10,24|6|3|1|1|1|1|1|1|1,10,0,-1,a0,
10,24|6|2|2|1|1|1|1|1|1,10,0,-1,a0,
10,24|5|4|1|1|1|1|1|1|1,10,0,-1,a0,
10,24|5|3|2|1|1|1|1|1|1,10,0,-1,a0,
10,24|5|2|2|2|1|1|1|1|1,10,0,-1,a0,
10,24|4|4|2|1|1|1|1|1|1,10,0,-1,a0,
10,24|4|3|3|1|1|1|1|1|1,10,0,-1,a0,
10,24|4|3|2|2|1|1|1|1|1,10,0,-1,a0,
10,24|4|2|2|2|2|1|1|1|1,10,0,-1,a0,
10,24|3|3|3|2|1|1|1|1|1,10,0,-1,a0,
10,24|3|3|2|2|2|1|1|1|1,10,0,-1,a0,
10,24|3|2|2|2|2|2|1|1|1,10,0,-1,a0,
10,24|2|2|2|2|2|2|2|1|1,10,0,-1,a0,
10,23|9|1|1|1|1|1|1|1|1,10,0,-1,a0,
10,23|8|2|1|1|1|1|1|1|1,10,0,-1,a0,
10,23|7|3|1|1|1|1|1|1|1,10,0,-1,a0,
10,23|7|2|2|1|1|1|1|1|1,10,0,-1,a0,
10,23|6|4|1|1|1|1|1|1|1,10,0,-1,a0,
10,23|6|3|2|1|1|1|1|1|1,10,0,-1,a0,
10,23|6|2|2|2|1|1|1|1|1,10,0,-1,a0,
10,23|5|5|1|1|1|1|1|1|1,10,0,-1,a0,
10,23|5|4|2|1|1|1|1|1|1,10,0,-1,a0,
10,23|5|3|3|1|1|1|1|1|1,10,0,-1,a0,
10,23|5|3|2|2|1|1|1|1|1,10,0,-1,a0,
10,23|5|2|2|2|2|1|1|1|1,10,0,-1,a0,
10,23|4|4|3|1|1|1|1|1|1,10,0,-1,a0,
10,23|4|4|2|2|1|1|1|1|1,10,0,-1,a0,
10,23|4|3|3|2|1|1|1|1|1,10,0,-1,a0,
10,23|4|3|2|2|2|1|1|1|1,10,0,-1,a0,
10,23|4|2|2|2|2|2|1|1|1,10,0,-1,a0,
10,23|3|3|3|3|1|1|1|1|1,10,0,-1,a0,
10,23|3|3|3|2|2|1|1|1|1,10,0,-1,a0,
10,23|3|3|2|2|2|2|1|1|1,10,0,-1,a0,
10,23|3|2|2|2|2|2|2|1|1,10,0,-1,a0,
10,23|2|2|2|2|2|2|2|2|1,10,0,-1,a0,
10,22|10|1|1|1|1|1|1|1|1,10,0,-1,a0,
10,22|9|2|1|1|1|1|1|1|1,10,0,-1,a0,
10,22|8|3|1|1|1|1|1|1|1,10,0,-1,a0,
10,22|8|2|2|1|1|1|1|1|1,10,0,-1,a0,
10,22|7|4|1|1|1|1|1|1|1,10,0,-1,a0,
10,22|7|3|2|1|1|1|1|1|1,10,0,-1,a0,
10,22|7|2|2|2|1|1|1|1|1,10,0,-1,a0,
10,22|6|5|1|1|1|1|1|1|1,10,0,-1,a0,
10,22|6|4|2|1|1|1|1|1|1,10,0,-1,a0,
10,22|6|3|3|1|1|1|1|1|1,10,0,-1,a0,
10,22|6|3|2|2|1|1|1|1|1,10,0,-1,a0,
10,22|6|2|2|2|2|1|1|1|1,10,0,-1,a0,
10,22|5|5|2|1|1|1|1|1|1,10,0,-1,a0,
10,22|5|4|3|1|1|1|1|1|1,10,0,-1,a0,
10,22|5|4|2|2|1|1|1|1|1,10,0,-1,a0,
10,22|5|3|3|2|1|1|1|1|1,10,0,-1,a0,
10,22|5|3|2|2|2|1|1|1|1,10,0,-1,a0,
10,22|5|2|2|2|2|2|1|1|1,10,0,-1,a0,
10,22|4|4|4|1|1|1|1|1|1,10,0,-1,a0,
10,22|4|4|3|2|1|1|1|1|1,10,0,-1,a0,
10,22|4|4|2|2|2|1|1|1|1,10,0,-1,a0,
10,22|4|3|3|3|1|1|1|1|1,10,0,-1,a0,
10,22|4|3|3|2|2|1|1|1|1,10,0,-1,a0,
10,22|4|3|2|2|2|2|1|1|1,10,0,-1,a0,
10,22|4|2|2|2|2|2|2|1|1,10,0,-1,a0,
10,22|3|3|3|3|2|1|1|1|1,10,0,-1,a0,
10,22|3|3|3|2|2|2|1|1|1,10,0,-1,a0,
10,22|3|3|2|2|2|2|2|1|1,10,0,-1,a0,
10,22|3|2|2|2|2|2|2|2|1,10,0,-1,a0,
10,22|2|2|2|2|2|2|2|2|2,10,1,18,silent,17
10,21|11|1|1|1|1|1|1|1|1,10,0,-1,a0,
10,21|10|2|1|1|1|1|1|1|1,10,0,-1,a0,
10,21|9|3|1|1|1|1|1|1|1,10,0,-1,a0,
10,21|9|2|2|1|1|1|1|1|1,10,0,-1,a0,
10,21|8|4|1|1|1|1|1|1|1,10,0,-1,a0,
10,21|8|3|2|1|1|1|1|1|1,10,0,-1,a0,
10,21|8|2|2|2|1|1|1|1|1,10,0,-1,a0,
10,21|7|5|1|1|1|1|1|1|1,10,0,-1,a0,
10,21|7|4|2|1|1|1|1|1|1,10,0,-1,a0,
10,21|7|3|3|1|1|1|1|1|1,10,0,-1,a0,
10,21|7|3|2|2|1|1|1|1|1,10,0,-1,a0,
10,21|7|2|2|2|2|1|1|1|1,10,0,-1,a0,
10,21|6|6|1|1|1|1|1|1|1,10,0,-1,a0,
10,21|6|5|2|1|1|1|1|1|1,10,0,-1,a0,
10,21|6|4|3|1|1|1|1|1|1,10,0,-1,a0,
10,21|6|4|2|2|1|1|1|1|1,10,0,-1,a0,
10,21|6|3|3|2|1|1|1|1|1,10,0,-1,a0,
10,21|6|3|2|2|2|1|1|1|1,10,0,-1,a0,
10,21|6|2|2|2|2|2|1|1|1,10,0,-1,a0,
10,21|5|5|3|1|1|1|1|1|1,10,0,-1,a0,
10,21|5|5|2|2|1|1|1|1|1,10,0,-1,a0,
10,21|5|4|4|1|1|1|1|1|1,10,0,-1,a0,
10,21|5|4|3|2|1|1|1|1|1,10,0,-1,a0,
10,21|5|4|2|2|2|1|1|1|1,10,0,-1,a0,
10,21|5|3|3|3|1|1|1|1|1,10,0,-1,a0,
10,21|5|3|3|2|2|1|1|1|1,10,0,-1,a0,
10,21|5|3|2|2|2|2|1|1|1,10,0,-1,a0,
10,21|5|2|2|2|2|2|2|1|1,10,0,-1,a0,
10,21|4|4|4|2|1|1|1|1|1,10,0,-1,a0,
10,21|4|4|3|3|1|1|1|1|1,10,0,-1,a0,
10,21|4|4|3|2|2|1|1|1|1,10,0,-1,a0,
10,21|4|4|2|2|2|2|1|1|1,10,0,-1,a0,
10,21|4|3|3|3|2|1|1|1|1,10,0,-1,a0,
10,21|4|3|3|2|2|2|1|1|1,10,0,-1,a0,
10,21|4|3|2|2|2|2|2|1|1,10,0,-1,a0,
10,21|4|2|2|2|2|2|2|2|1,10,1,317,silent,316
10,21|3|3|3|3|3|1|1|1|1,10,0,-1,a0,
10,21|3|3|3|3|2|2|1|1|1,10,0,-1,a0,
10,21|3|3|3|2|2|2|2|1|1,10,0,-1,a0,
10,21|3|3|2|2|2|2|2|2|1,10,0,-1,a0,
10,21|3|2|2|2|2|2|2|2|2,10,0,-1,a0,
10,20|12|1|1|1|1|1|1|1|1,10,0,-1,a0,
10,20|11|2|1|1|1|1|1|1|1,10,0,-1,a0,
10,20|10|3|1|1|1|1|1|1|1,10,0,-1,a0,
10,20|10|2|2|1|1|1|1|1|1,10,0,-1,a0,
10,20|9|4|1|1|1|1|1|1|1,10,0,-1,a0,
10,20|9|3|2|1|1|1|1|1|1,10,0,-1,a0,
10,20|9|2|2|2|1|1|1|1|1,10,0,-1,a0,
10,20|8|5|1|1|1|1|1|1|1,10,0,-1,a0,
10,20|8|4|2|1|1|1|1|1|1,10,0,-1,a0,
10,20|8|3|3|1|1|1|1|1|1,10,0,-1,a0,
10,20|8|3|2|2|1|1|1|1|1,10,0,-1,a0,
10,20|8|2|2|2|2|1|1|1|1,10,0,-1,a0,
10,20|7|6|1|1|1|1|1|1|1,10,0,-1,a0,
10,20|7|5|2|1|1|1|1|1|1,10,0,-1,a0,
10,20|7|4|3|1|1|1|1|1|1,10,0,-1,a0,
10,20|7|4|2|2|1|1|1|1|1,10,0,-1,a0,
10,20|7|3|3|2|1|1|1|1|1,10,0,-1,a0,
10,20|7|3|2|2|2|1|1|1|1,10,0,-1,a0,
10,20|7|2|2|2|2|2|1|1|1,10,0,-1,a0,
10,20|6|6|2|1|1|1|1|1|1,10,0,-1,a0,
10,20|6|5|3|1|1|1|1|1|1,10,0,-1,a0,
10,20|6|5|2|2|1|1|1|1|1,10,0,-1,a0,
10,20|6|4|4|1|1|1|1|1|1,10,0,-1,a0,
10,20|6|4|3|2|1|1|1|1|1,10,0,-1,a0,
10,20|6|4|2|2|2|1|1|1|1,10,0,-1,a0,
10,20|6|3|3|3|1|1|1|1|1,10,0,-1,a0,
10,20|6|3|3|2|2|1|1|1|1,10,0,-1,a0,
10,20|6|3|2|2|2|2|1|1|1,10,0,-1,a0,
10,20|6|2|2|2|2|2|2|1|1,10,0,-1,a0,
10,20|5|5|4|1|1|1|1|1|1,10,0,-1,a0,
10,20|5|5|3|2|1|1|1|1|1,10,0,-1,a0,
10,20|5|5|2|2|2|1|1|1|1,10,0,-1,a0,
10,20|5|4|4|2|1|1|1|1|1,10,0,-1,a0,
10,20|5|4|3|3|1|1|1|1|1,10,0,-1,a0,
10,20|5|4|3|2|2|1|1|1|1,10,0,-1,a0,
10,20|5|4|2|2|2|2|1|1|1,10,0,-1,a0,
10,20|5|3|3|3|2|1|1|1|1,10,0,-1,a0,
10,20|5|3|3|2|2|2|1|1|1,10,0,-1,a0,
10,20|5|3|2|2|2|2|2|1|1,10,1,6178,silent,6177
10,20|5|2|2|2|2|2|2|2|1,10,1,851,silent,850
10,20|4|4|4|3|1|1|1|1|1,10,0,-1,a0,
10,20|4|4|4|2|2|1|1|1|1,10,0,-1,a0,
10,20|4|4|3|3|2|1|1|1|1,10,0,-1,a0,
10,20|4|4|3|2|2|2|1|1|1,10,0,-1,a0,
10,20|4|4|2|2|2|2|2|1|1,10,0,-1,a0,
10,20|4|3|3|3|3|1|1|1|1,10,0,-1,a0,
10,20|4|3|3|3|2|2|1|1|1,10,0,-1,a0,
10,20|4|3|3|2|2|2|2|1|1,10,0,-1,a0,
10,20|4|3|2|2|2|2|2|2|1,10,0,-1,a0,
10,20|4|2|2|2|2|2|2|2|2,10,1,206,silent,205
10,20|3|3|3|3|3|2|1|1|1,10,0,-1,a0,
10,20|3|3|3|3|2|2|2|1|1,10,0,-1,a0,
10,20|3|3|3|2|2|2|2|2|1,10,0,-1,a0,
10,20|3|3|2|2|2|2|2|2|2,10,0,-1,a0,
10,19|13|1|1|1|1|1|1|1|1,10,0,-1,a0,
10,19|12|2|1|1|1|1|1|1|1,10,0,-1,a0,
10,19|11|3|1|1|1|1|1|1|1,10,0,-1,a0,
10,19|11|2|2|1|1|1|1|1|1,10,0,-1,a0,
10,19|10|4|1|1|1|1|1|1|1,10,0,-1,a0,
10,19|10|3|2|1|1|1|1|1|1,10,0,-1,a0,
10,19|10|2|2|2|1|1|1|1|1,10,0,-1,a0,
10,19|9|5|1|1|1|1|1|1|1,10,0,-1,a0,
10,19|9|4|2|1|1|1|1|1|1,10,0,-1,a0,
10,19|9|3|3|1|1|1|1|1|1,10,0,-1,a0,
10,19|9|3|2|2|1|1|1|1|1,10,0,-1,a0,
10,19|9|2|2|2|2|1|1|1|1,10,0,-1,a0,
10,19|8|6|1|1|1|1|1|1|1,10,0,-1,a0,
10,19|8|5|2|1|1|1|1|1|1,10,0,-1,a0,
10,19|8|4|3|1|1|1|1|1|1,10,0,-1,a0,
10,19|8|4|2|2|1|1|1|1|1,10,0,-1,a0,
10,19|8|3|3|2|1|1|1|1|1,10,0,-1,a0,
10,19|8|3|2|2|2|1|1|1|1,10,0,-1,a0,
10,19|8|2|2|2|2|2|1|1|1,10,0,-1,a0,
10,19|7|7|1|1|1|1|1|1|1,10,0,-1,a0,
10,19|7|6|2|1|1|1|1|1|1,10,0,-1,a0,
10,19|7|5|3|1|1|1|1|1|1,10,0,-1,a0,
10,19|7|5|2|2|1|1|1|1|1,10,0,-1,a0,
10,19|7|4|4|1|1|1|1|1|1,10,0,-1,a0,
10,19|7|4|3|2|1|1|1|1|1,10,0,-1,a0,
10,19|7|4|2|2|2|1|1|1|1,10,0,-1,a0,
10,19|7|3|3|3|1|1|1|1|1,10,0,-1,a0,
10,19|7|3|3|2|2|1|1|1|1,10,0,-1,a0,
10,19|7|3|2|2|2|2|1|1|1,10,0,-1,a0,
10,19|7|2|2|2|2|2|2|1|1,10,1,4287,silent,4286
10,19|6|6|3|1|1|1|1|1|1,10,0,-1,a0,
10,19|6|6|2|2|1|1|1|1|1,10,0,-1,a0,
10,19|6|5|4|1|1|1|1|1|1,10,0,-1,a0,
10,19|6|5|3|2|1|1|1|1|1,10,0,-1,a0,
10,19|6|5|2|2|2|1|1|1|1,10,0,-1,a0,
10,19|6|4|4|2|1|1|1|1|1,10,0,-1,a0,
10,19|6|4|3|3|1|1|1|1|1,10,0,-1,a0,
10,19|6|4|3|2|2|1|1|1|1,10,0,-1,a0,
10,19|6|4|2|2|2|2|1|1|1,10,0,-1,a0,
10,19|6|3|3|3|2|1|1|1|1,10,0,-1,a0,
10,19|6|3|3|2|2|2|1|1|1,10,1,41836,silent,41835
10,19|6|3|2|2|2|2|2|1|1,10,1,14717,silent,14716
10,19|6|2|2|2|2|2|2|2|1,10,1,1864,silent,1863
10,19|5|5|5|1|1|1|1|1|1,10,0,-1,a0,
10,19|5|5|4|2|1|1|1|1|1,10,0,-1,a0,
10,19|5|5|3|3|1|1|1|1|1,10,0,-1,a0,
10,19|5|5|3|2|2|1|1|1|1,10,0,-1,a0,
10,19|5|5|2|2|2|2|1|1|1,10,1,21956,silent,21955
10,19|5|4|4|3|1|1|1|1|1,10,0,-1,a0,
10,19|5|4|4|2|2|1|1|1|1,10,0,-1,a0,
10,19|5|4|3|3|2|1|1|1|1,10,0,-1,a0,
10,19|5|4|3|2|2|2|1|1|1,10,0,-1,a0,
10,19|5|4|2|2|2|2|2|1|1,10,1,16593,silent,16592
10,19|5|3|3|3|3|1|1|1|1,10,0,-1,a0,
10,19|5|3|3|3|2|2|1|1|1,10,0,-1,a0,
10,19|5|3|3|2|2|2|2|1|1,10,0,-1,a0,
10,19|5|3|2|2|2|2|2|2|1,10,1,4822,silent,4821
10,19|5|2|2|2|2|2|2|2|2,10,0,-1,a0,
10,19|4|4|4|4|1|1|1|1|1,10,0,-1,a0,
10,19|4|4|4|3|2|1|1|1|1,10,0,-1,a0,
10,19|4|4|4|2|2|2|1|1|1,10,0,-1,a0,
10,19|4|4|3|3|3|1|1|1|1,10,0,-1,a0,
10,19|4|4|3|3|2|2|1|1|1,10,0,-1,a0,
10,19|4|4|3|2|2|2|2|1|1,10,0,-1,a0,
10,19|4|4|2|2|2|2|2|2|1,10,1,3057,silent,3056
10,19|4|3|3|3|3|2|1|1|1,10,0,-1,a0,
10,19|4|3|3|3|2|2|2|1|1,10,0,-1,a0,
10,19|4|3|3|2|2|2|2|2|1,10,0,-1,a0,
10,19|4|3|2|2|2|2|2|2|2,10,0,-1,a0,
10,19|3|3|3|3|3|3|1|1|1,10,0,-1,a0,
10,19|3|3|3|3|3|2|2|1|1,10,0,-1,a0,
10,19|3|3|3|3|2|2|2|2|1,10,0,-1,a0,
10,19|3|3|3|2|2|2|2|2|2,10,0,-1,a0,
10,18|14|1|1|1|1|1|1|1|1,10,0,-1,a0,
10,18|13|2|1|1|1|1|1|1|1,10,0,-1,a0,
10,18|12|3|1|1|1|1|1|1|1,10,0,-1,a0,
10,18|12|2|2|1|1|1|1|1|1,10,0,-1,a0,
10,18|11|4|1|1|1|1|1|1|1,10,0,-1,a0,
10,18|11|3|2|1|1|1|1|1|1,10,0,-1,a0,
10,18|11|2|2|2|1|1|1|1|1,10,0,-1,a0,
10,18|10|5|1|1|1|1|1|1|1,10,0,-1,a0,
10,18|10|4|2|1|1|1|1|1|1,10,0,-1,a0,
10,18|10|3|3|1|1|1|1|1|1,10,0,-1,a0,
10,18|10|3|2|2|1|1|1|1|1,10,0,-1,a0,
10,18|10|2|2|2|2|1|1|1|1,10,0,-1,a0,
10,18|9|6|1|1|1|1|1|1|1,10,0,-1,a0,
10,18|9|5|2|1|1|1|1|1|1,10,0,-1,a0,
10,18|9|4|3|1|1|1|1|1|1,10,0,-1,a0,
10,18|9|4|2|2|1|1|1|1|1,10,0,-1,a0,
10,18|9|3|3|2|1|1|1|1|1,10,0,-1,a0,
10,18|9|3|2|2|2|1|1|1|1,10,0,-1,a0,
10,18|9|2|2|2|2|2|1|1|1,10,0,-1,a0,
10,18|8|7|1|1|1|1|1|1|1,10,0,-1,a0,
10,18|8|6|2|1|1|1|1|1|1,10,0,-1,a0,
10,18|8|5|3|1|1|1|1|1|1,10,0,-1,a0,
10,18|8|5|2|2|1|1|1|1|1,10,0,-1,a0,
10,18|8|4|4|1|1|1|1|1|1,10,0,-1,a0,
10,18|8|4|3|2|1|1|1|1|1,10,0,-1,a0,
10,18|8|4|2|2|2|1|1|1|1,10,0,-1,a0,
10,18|8|3|3|3|1|1|1|1|1,10,0,-1,a0,
10,18|8|3|3|2|2|1|1|1|1,10,0,-1,a0,
10,18|8|3|2|2|2|2|1|1|1,10,1,44342,silent,44341
10,18|8|2|2|2|2|2|2|1|1,10,0,-1,a0,
10,18|7|7|2|1|1|1|1|1|1,10,0,-1,a0,
10,18|7|6|3|1|1|1|1|1|1,10,0,-1,a0,
10,18|7|6|2|2|1|1|1|1|1,10,0,-1,a0,
10,18|7|5|4|1|1|1|1|1|1,10,0,-1,a0,
10,18|7|5|3|2|1|1|1|1|1,10,0,-1,a0,
10,18|7|5|2|2|2|1|1|1|1,10,0,-1,a0,
10,18|7|4|4|2|1|1|1|1|1,10,0,-1,a0,
10,18|7|4|3|3|1|1|1|1|1,10,0,-1,a0,
10,18|7|4|3|2|2|1|1|1|1,10,0,-1,a0,
10,18|7|4|2|2|2|2|1|1|1,10,1,88221,silent,88220
10,18|7|3|3|3|2|1|1|1|1,10,1,95115,silent,95114
10,18|7|3|3|2|2|2|1|1|1,10,1,84299,silent,84298
10,18|7|3|2|2|2|2|2|1|1,10,2,28847,silent,28845
10,18|7|2|2|2|2|2|2|2|1,10,1,3432,silent,3431
10,18|6|6|4|1|1|1|1|1|1,10,0,-1,a0,
10,18|6|6|3|2|1|1|1|1|1,10,0,-1,a0,
10,18|6|6|2|2|2|1|1|1|1,10,0,-1,a0,
10,18|6|5|5|1|1|1|1|1|1,10,0,-1,a0,
10,18|6|5|4|2|1|1|1|1|1,10,0,-1,a0,
10,18|6|5|3|3|1|1|1|1|1,10,0,-1,a0,
10,18|6|5|3|2|2|1|1|1|1,10,1,233978,silent,233977
10,18|6|5|2|2|2|2|1|1|1,10,1,80554,silent,80553
10,18|6|4|4|3|1|1|1|1|1,10,0,-1,a0,
10,18|6|4|4|2|2|1|1|1|1,10,0,-1,a0,
10,18|6|4|3|3|2|1|1|1|1,10,0,-1,a0,
10,18|6|4|3|2|2|2|1|1|1,10,1,171430,silent,171429
10,18|6|4|2|2|2|2|2|1|1,10,1,45496,silent,45495
10,18|6|3|3|3|3|1|1|1|1,10,0,-1,a0,
10,18|6|3|3|3|2|2|1|1|1,10,0,-1,a0,
10,18|6|3|3|2|2|2|2|1|1,10,1,46738,silent,46737
10,18|6|3|2|2|2|2|2|2|1,10,1,11640,silent,11639
10,18|6|2|2|2|2|2|2|2|2,10,1,1053,silent,1052
10,18|5|5|5|2|1|1|1|1|1,10,0,-1,a0,
10,18|5|5|4|3|1|1|1|1|1,10,0,-1,a0,
10,18|5|5|4|2|2|1|1|1|1,10,0,-1,a0,
10,18|5|5|3|3|2|1|1|1|1,10,0,-1,a0,
10,18|5|5|3|2|2|2|1|1|1,10,1,96471,silent,96470
10,18|5|5|2|2|2|2|2|1|1,10,2,24270,silent,24268
10,18|5|4|4|4|1|1|1|1|1,10,0,-1,a0,
10,18|5|4|4|3|2|1|1|1|1,10,0,-1,a0,
10,18|5|4|4|2|2|2|1|1|1,10,0,-1,a0,
10,18|5|4|3|3|3|1|1|1|1,10,0,-1,a0,
10,18|5|4|3|3|2|2|1|1|1,10,0,-1,a0,
10,18|5|4|3|2|2|2|2|1|1,10,1,67340,silent,67339
10,18|5|4|2|2|2|2|2|2|1,10,1,13323,silent,13322
10,18|5|3|3|3|3|2|1|1|1,10,0,-1,a0,
10,18|5|3|3|3|2|2|2|1|1,10,0,-1,a0,
10,18|5|3|3|2|2|2|2|2|1,10,0,-1,a0,
10,18|5|3|2|2|2|2|2|2|2,10,0,-1,a0,
10,18|4|4|4|4|2|1|1|1|1,10,0,-1,a0,
10,18|4|4|4|3|3|1|1|1|1,10,0,-1,a0,
10,18|4|4|4|3|2|2|1|1|1,10,0,-1,a0,
10,18|4|4|4|2|2|2|2|1|1,10,0,-1,a0,
10,18|4|4|3|3|3|2|1|1|1,10,0,-1,a0,
10,18|4|4|3|3|2|2|2|1|1,10,0,-1,a0,
10,18|4|4|3|2|2|2|2|2|1,10,0,-1,a0,
10,18|4|4|2|2|2|2|2|2|2,10,1,1691,silent,1690
10,18|4|3|3|3|3|3|1|1|1,10,0,-1,a0,
10,18|4|3|3|3|3|2|2|1|1,10,0,-1,a0,
10,18|4|3|3|3|2|2|2|2|1,10,0,-1,a0,
10,18|4|3|3|2|2|2|2|2|2,10,0,-1,a0,
10,18|3|3|3|3|3|3|2|1|1,10,0,-1,a0,
10,18|3|3|3|3|3|2|2|2|1,10,0,-1,a0,
10,18|3|3|3|3|2|2|2|2|2,10,0,-1,a0,
10,17|15|1|1|1|1|1|1|1|1,10,0,-1,a0,
10,17|14|2|1|1|1|1|1|1|1,10,0,-1,a0,
10,17|13|3|1|1|1|1|1|1|1,10,0,-1,a0,
10,17|13|2|2|1|1|1|1|1|1,10,0,-1,a0,
10,17|12|4|1|1|1|1|1|1|1,10,0,-1,a0,
10,17|12|3|2|1|1|1|1|1|1,10,0,-1,a0,
10,17|12|2|2|2|1|1|1|1|1,10,0,-1,a0,
10,17|11|5|1|1|1|1|1|1|1,10,0,-1,a0,
10,17|11|4|2|1|1|1|1|1|1,10,0,-1,a0,
10,17|11|3|3|1|1|1|1|1|1,10,0,-1,a0,
10,17|11|3|2|2|1|1|1|1|1,10,0,-1,a0,
10,17|11|2|2|2|2|1|1|1|1,10,0,-1,a0,
10,17|10|6|1|1|1|1|1|1|1,10,0,-1,a0,
10,17|10|5|2|1|1|1|1|1|1,10,0,-1,a0,
10,17|10|4|3|1|1|1|1|1|1,10,0,-1,a0,
10,17|10|4|2|2|1|1|1|1|1,10,0,-1,a0,
10,17|10|3|3|2|1|1|1|1|1,10,0,-1,a0,
10,17|10|3|2|2|2|1|1|1|1,10,0,-1,a0,
10,17|10|2|2|2|2|2|1|1|1,10,0,-1,a0,
10,17|9|7|1|1|1|1|1|1|1,10,0,-1,a0,
10,17|9|6|2|1|1|1|1|1|1,10,0,-1,a0,
10,17|9|5|3|1|1|1|1|1|1,10,0,-1,a0,
10,17|9|5|2|2|1|1|1|1|1,10,0,-1,a0,
10,17|9|4|4|1|1|1|1|1|1,10,0,-1,a0,
10,17|9|4|3|2|1|1|1|1|1,10,0,-1,a0,
10,17|9|4|2|2|2|1|1|1|1,10,0,-1,a0,
10,17|9|3|3|3|1|1|1|1|1,10,0,-1,a0,
10,17|9|3|3|2|2|1|1|1|1,10,1,131501,silent,131500
10,17|9|3|2|2|2|2|1|1|1,10,1,61980,silent,61979
10,17|9|2|2|2|2|2|2|1|1,10,1,9376,silent,9375
10,17|8|8|1|1|1|1|1|1|1,10,0,-1,a0,
10,17|8|7|2|1|1|1|1|1|1,10,0,-1,a0,
10,17|8|6|3|1|1|1|1|1|1,10,0,-1,a0,
10,17|8|6|2|2|1|1|1|1|1,10,0,-1,a0,
10,17|8|5|4|1|1|1|1|1|1,10,0,-1,a0,
10,17|8|5|3|2|1|1|1|1|1,10,0,-1,a0,
10,17|8|5|2|2|2|1|1|1|1,10,1,229781,silent,229780
10,17|8|4|4|2|1|1|1|1|1,10,0,-1,a0,
10,17|8|4|3|3|1|1|1|1|1,10,0,-1,a0,
10,17|8|4|3|2|2|1|1|1|1,10,1,408593,silent,408592
10,17|8|4|2|2|2|2|1|1|1,10,1,149553,silent,149552
10,17|8|3|3|3|2|1|1|1|1,10,1,159731,silent,159730
10,17|8|3|3|2|2|2|1|1|1,10,2,140005,silent,140003
10,17|8|3|2|2|2|2|2|1|1,10,2,46847,silent,46845
10,17|8|2|2|2|2|2|2|2|1,10,1,5378,silent,5377
10,17|7|7|3|1|1|1|1|1|1,10,0,-1,a0,
10,17|7|7|2|2|1|1|1|1|1,10,0,-1,a0,
10,17|7|6|4|1|1|1|1|1|1,10,0,-1,a0,
10,17|7|6|3|2|1|1|1|1|1,10,0,-1,a0,
10,17|7|6|2|2|2|1|1|1|1,10,0,-1,a0,
10,17|7|5|5|1|1|1|1|1|1,10,0,-1,a0,
10,17|7|5|4|2|1|1|1|1|1,10,0,-1,a0,
10,17|7|5|3|3|1|1|1|1|1,10,1,371968,silent,371967
10,17|7|5|3|2|2|1|1|1|1,10,2,558303,silent,558301
10,17|7|5|2|2|2|2|1|1|1,10,3,188338,silent,188335
10,17|7|4|4|3|1|1|1|1|1,10,0,-1,a0,
10,17|7|4|4|2|2|1|1|1|1,10,0,-1,a0,
10,17|7|4|3|3|2|1|1|1|1,10,1,455178,silent,455177
10,17|7|4|3|2|2|2|1|1|1,10,2,366635,silent,366633
10,17|7|4|2|2|2|2|2|1|1,10,3,95417,silent,95414
10,17|7|3|3|3|3|1|1|1|1,10,0,-1,a0,
10,17|7|3|3|3|2|2|1|1|1,10,1,161640,silent,161639
10,17|7|3|3|2|2|2|2|1|1,10,1,93442,silent,93441
10,17|7|3|2|2|2|2|2|2|1,10,1,22554,silent,22553
10,17|7|2|2|2|2|2|2|2|2,10,0,-1,a0,
10,17|6|6|5|1|1|1|1|1|1,10,0,-1,a0,
10,17|6|6|4|2|1|1|1|1|1,10,1,247798,silent,247797
10,17|6|6|3|3|1|1|1|1|1,10,0,-1,a0,
10,17|6|6|3|2|2|1|1|1|1,10,1,273375,silent,273374
10,17|6|6|2|2|2|2|1|1|1,10,0,-1,a0,
10,17|6|5|5|2|1|1|1|1|1,10,0,-1,a0,
10,17|6|5|4|3|1|1|1|1|1,10,0,-1,a0,
10,17|6|5|4|2|2|1|1|1|1,10,1,468868,silent,468867
10,17|6|5|3|3|2|1|1|1|1,10,1,471694,silent,471693
10,17|6|5|3|2|2|2|1|1|1,10,3,367659,silent,367656
10,17|6|5|2|2|2|2|2|1|1,10,2,88275,silent,88273
10,17|6|4|4|4|1|1|1|1|1,10,0,-1,a0,
10,17|6|4|4|3|2|1|1|1|1,10,0,-1,a0,
10,17|6|4|4|2|2|2|1|1|1,10,0,-1,a0,
10,17|6|4|3|3|3|1|1|1|1,10,0,-1,a0,
10,17|6|4|3|3|2|2|1|1|1,10,1,365397,silent,365396
10,17|6|4|3|2|2|2|2|1|1,10,2,193362,silent,193360
10,17|6|4|2|2|2|2|2|2|1,10,2,36579,silent,36577
10,17|6|3|3|3|3|2|1|1|1,10,0,-1,a0,
10,17|6|3|3|3|2|2|2|1|1,10,0,-1,a0,
10,17|6|3|3|2|2|2|2|2|1,10,0,-1,a0,
10,17|6|3|2|2|2|2|2|2|2,10,0,-1,a0,
10,17|5|5|5|3|1|1|1|1|1,10,0,-1,a0,
10,17|5|5|5|2|2|1|1|1|1,10,1,103711,silent,103710
10,17|5|5|4|4|1|1|1|1|1,10,0,-1,a0,
10,17|5|5|4|3|2|1|1|1|1,10,0,-1,a0,
10,17|5|5|4|2|2|2|1|1|1,10,2,189008,silent,189006
10,17|5|5|3|3|3|1|1|1|1,10,0,-1,a0,
10,17|5|5|3|3|2|2|1|1|1,10,0,-1,a0,
10,17|5|5|3|2|2|2|2|1|1,10,1,110006,silent,110005
10,17|5|5|2|2|2|2|2|2|1,10,0,-1,a0,
10,17|5|4|4|4|2|1|1|1|1,10,0,-1,a0,
10,17|5|4|4|3|3|1|1|1|1,10,0,-1,a0,
10,17|5|4|4|3|2|2|1|1|1,10,0,-1,a0,
10,17|5|4|4|2|2|2|2|1|1,10,1,101025,silent,101024
10,17|5|4|3|3|3|2|1|1|1,10,0,-1,a0,
10,17|5|4|3|3|2|2|2|1|1,10,0,-1,a0,
10,17|5|4|3|2|2|2|2|2|1,10,1,54840,silent,54839
10,17|5|4|2|2|2|2|2|2|2,10,0,-1,a0,
10,17|5|3|3|3|3|3|1|1|1,10,0,-1,a0,
10,17|5|3|3|3|3|2|2|1|1,10,0,-1,a0,
10,17|5|3|3|3|2|2|2|2|1,10,0,-1,a0,
10,17|5|3|3|2|2|2|2|2|2,10,0,-1,a0,
10,17|4|4|4|4|3|1|1|1|1,10,0,-1,a0,
10,17|4|4|4|4|2|2|1|1|1,10,0,-1,a0,
10,17|4|4|4|3|3|2|1|1|1,10,0,-1,a0,
10,17|4|4|4|3|2|2|2|1|1,10,0,-1,a0,
10,17|4|4|4|2|2|2|2|2|1,10,1,15673,silent,15672
10,17|4|4|3|3|3|3|1|1|1,10,0,-1,a0,
10,17|4|4|3|3|3|2|2|1|1,10,0,-1,a0,
10,17|4|4|3|3|2|2|2|2|1,10,0,-1,a0,
10,17|4|4|3|2|2|2|2|2|2,10,0,-1,a0,
10,17|4|3|3|3|3|3|2|1|1,10,0,-1,a0,
10,17|4|3|3|3|3|2|2|2|1,10,0,-1,a0,
10,17|4|3|3|3|2|2|2|2|2,10,0,-1,a0,
10,17|3|3|3|3|3|3|3|1|1,10,0,-1,a0,
10,17|3|3|3|3|3|3|2|2|1,10,0,-1,a0,
10,17|3|3|3|3|3|2|2|2|2,10,0,-1,a0,
10,16|16|1|1|1|1|1|1|1|1,10,0,-1,a0,
10,16|15|2|1|1|1|1|1|1|1,10,0,-1,a0,
10,16|14|3|1|1|1|1|1|1|1,10,0,-1,a0,
10,16|14|2|2|1|1|1|1|1|1,10,0,-1,a0,
10,16|13|4|1|1|1|1|1|1|1,10,0,-1,a0,
10,16|13|3|2|1|1|1|1|1|1,10,0,-1,a0,
10,16|13|2|2|2|1|1|1|1|1,10,0,-1,a0,
10,16|12|5|1|1|1|1|1|1|1,10,0,-1,a0,
10,16|12|4|2|1|1|1|1|1|1,10,0,-1,a0,
10,16|12|3|3|1|1|1|1|1|1,10,0,-1,a0,
10,16|12|3|2|2|1|1|1|1|1,10,0,-1,a0,
10,16|12|2|2|2|2|1|1|1|1,10,0,-1,a0,
10,16|11|6|1|1|1|1|1|1|1,10,0,-1,a0,
10,16|11|5|2|1|1|1|1|1|1,10,0,-1,a0,
10,16|11|4|3|1|1|1|1|1|1,10,0,-1,a0,
10,16|11|4|2|2|1|1|1|1|1,10,0,-1,a0,
10,16|11|3|3|2|1|1|1|1|1,10,0,-1,a0,
10,16|11|3|2|2|2|1|1|1|1,10,0,-1,a0,
10,16|11|2|2|2|2|2|1|1|1,10,0,-1,a0,
10,16|10|7|1|1|1|1|1|1|1,10,0,-1,a0,
10,16|10|6|2|1|1|1|1|1|1,10,0,-1,a0,
10,16|10|5|3|1|1|1|1|1|1,10,0,-1,a0,
10,16|10|5|2|2|1|1|1|1|1,10,0,-1,a0,
10,16|10|4|4|1|1|1|1|1|1,10,0,-1,a0,
10,16|10|4|3|2|1|1|1|1|1,10,0,-1,a0,
10,16|10|4|2|2|2|1|1|1|1,10,1,178703,silent,178702
10,16|10|3|3|3|1|1|1|1|1,10,1,94376,silent,94375
10,16|10|3|3|2|2|1|1|1|1,10,1,156375,silent,156374
10,16|10|3|2|2|2|2|1|1|1,10,1,73145,silent,73144
10,16|10|2|2|2|2|2|2|1|1,10,0,-1,a0,
10,16|9|8|1|1|1|1|1|1|1,10,0,-1,a0,
10,16|9|7|2|1|1|1|1|1|1,10,0,-1,a0,
10,16|9|6|3|1|1|1|1|1|1,10,0,-1,a0,
10,16|9|6|2|2|1|1|1|1|1,10,0,-1,a0,
10,16|9|5|4|1|1|1|1|1|1,10,0,-1,a0,
10,16|9|5|3|2|1|1|1|1|1,10,1,640117,silent,640116
10,16|9|5|2|2|2|1|1|1|1,10,1,330581,silent,330580
10,16|9|4|4|2|1|1|1|1|1,10,0,-1,a0,
10,16|9|4|3|3|1|1|1|1|1,10,1,372696,silent,372695
10,16|9|4|3|2|2|1|1|1|1,10,2,575009,silent,575007
10,16|9|4|2|2|2|2|1|1|1,10,2,208570,silent,208568
10,16|9|3|3|3|2|1|1|1|1,10,1,221822,silent,221821
10,16|9|3|3|2|2|2|1|1|1,10,3,192883,silent,192880
10,16|9|3|2|2|2|2|2|1|1,10,2,63774,silent,63772
10,16|9|2|2|2|2|2|2|2|1,10,1,7109,silent,7108
10,16|8|8|2|1|1|1|1|1|1,10,0,-1,a0,
10,16|8|7|3|1|1|1|1|1|1,10,0,-1,a0,
10,16|8|7|2|2|1|1|1|1|1,10,0,-1,a0,
10,16|8|6|4|1|1|1|1|1|1,10,0,-1,a0,
10,16|8|6|3|2|1|1|1|1|1,10,1,726080,silent,726079
10,16|8|6|2|2|2|1|1|1|1,10,2,362313,silent,362311
10,16|8|5|5|1|1|1|1|1|1,10,0,-1,a0,
10,16|8|5|4|2|1|1|1|1|1,10,1,853837,silent,853836
10,16|8|5|3|3|1|1|1|1|1,10,1,664905,silent,664904
10,16|8|5|3|2|2|1|1|1|1,10,4,992617,silent,992613
10,16|8|5|2|2|2|2|1|1|1,10,4,330433,silent,330429
10,16|8|4|4|3|1|1|1|1|1,10,0,-1,a0,
10,16|8|4|4|2|2|1|1|1|1,10,1,635363,silent,635362
10,16|8|4|3|3|2|1|1|1|1,10,2,772839,silent,772837
10,16|8|4|3|2|2|2|1|1|1,10,4,617423,silent,617419
10,16|8|4|2|2|2|2|2|1|1,10,2,157751,silent,157749
10,16|8|3|3|3|3|1|1|1|1,10,1,147681,silent,147680
10,16|8|3|3|3|2|2|1|1|1,10,1,265914,silent,265913
10,16|8|3|3|2|2|2|2|1|1,10,2,151984,silent,151982
10,16|8|3|2|2|2|2|2|2|1,10,1,35870,silent,35869
10,16|8|2|2|2|2|2|2|2|2,10,1,2778,silent,2777
10,16|7|7|4|1|1|1|1|1|1,10,0,-1,a0,
10,16|7|7|3|2|1|1|1|1|1,10,0,-1,a0,
10,16|7|7|2|2|2|1|1|1|1,10,0,-1,a0,
10,16|7|6|5|1|1|1|1|1|1,10,0,-1,a0,
10,16|7|6|4|2|1|1|1|1|1,10,1,782777,silent,782776
10,16|7|6|3|3|1|1|1|1|1,10,2,571266,silent,571264
10,16|7|6|3|2|2|1|1|1|1,10,3,841172,silent,841169
10,16|7|6|2|2|2|2|1|1|1,10,2,269940,silent,269938
10,16|7|5|5|2|1|1|1|1|1,10,1,468463,silent,468462
10,16|7|5|4|3|1|1|1|1|1,10,1,941688,silent,941687
10,16|7|5|4|2|2|1|1|1|1,10,3,1131168,silent,1131165
10,16|7|5|3|3|2|1|1|1|1,10,4,1117711,silent,1117707
10,16|7|5|3|2|2|2|1|1|1,10,6,861294,silent,861288
10,16|7|5|2|2|2|2|2|1|1,10,4,202802,silent,202798
10,16|7|4|4|4|1|1|1|1|1,10,0,-1,a0,
10,16|7|4|4|3|2|1|1|1|1,10,0,-1,a0,
10,16|7|4|4|2|2|2|1|1|1,10,2,581883,silent,581881
10,16|7|4|3|3|3|1|1|1|1,10,1,445951,silent,445950
10,16|7|4|3|3|2|2|1|1|1,10,2,778820,silent,778818
10,16|7|4|3|2|2|2|2|1|1,10,3,406488,silent,406485
10,16|7|4|2|2|2|2|2|2|1,10,2,74658,silent,74656
10,16|7|3|3|3|3|2|1|1|1,10,0,-1,a0,
10,16|7|3|3|3|2|2|2|1|1,10,0,-1,a0,
10,16|7|3|3|2|2|2|2|2|1,10,0,-1,a0,
10,16|7|3|2|2|2|2|2|2|2,10,0,-1,a0,
10,16|6|6|6|1|1|1|1|1|1,10,1,39529,silent,39528
10,16|6|6|5|2|1|1|1|1|1,10,1,308106,silent,308105
10,16|6|6|4|3|1|1|1|1|1,10,1,504552,silent,504551
10,16|6|6|4|2|2|1|1|1|1,10,2,600510,silent,600508
10,16|6|6|3|3|2|1|1|1|1,10,1,558720,silent,558719
10,16|6|6|3|2|2|2|1|1|1,10,2,424601,silent,424599
10,16|6|6|2|2|2|2|2|1|1,10,0,-1,a0,
10,16|6|5|5|3|1|1|1|1|1,10,1,408425,silent,408424
10,16|6|5|5|2|2|1|1|1|1,10,2,457840,silent,457838
10,16|6|5|4|4|1|1|1|1|1,10,0,-1,a0,
10,16|6|5|4|3|2|1|1|1|1,10,2,1233602,silent,1233600
10,16|6|5|4|2|2|2|1|1|1,10,3,750987,silent,750984
10,16|6|5|3|3|3|1|1|1|1,10,0,-1,a0,
10,16|6|5|3|3|2|2|1|1|1,10,2,819523,silent,819521
10,16|6|5|3|2|2|2|2|1|1,10,3,413222,silent,413219
10,16|6|5|2|2|2|2|2|2|1,10,1,69659,silent,69658
10,16|6|4|4|4|2|1|1|1|1,10,0,-1,a0,
10,16|6|4|4|3|3|1|1|1|1,10,0,-1,a0,
10,16|6|4|4|3|2|2|1|1|1,10,1,748389,silent,748388
10,16|6|4|4|2|2|2|2|1|1,10,1,304503,silent,304502
10,16|6|4|3|3|3|2|1|1|1,10,0,-1,a0,
10,16|6|4|3|3|2|2|2|1|1,10,1,434310,silent,434309
10,16|6|4|3|2|2|2|2|2|1,10,1,155598,silent,155597
10,16|6|4|2|2|2|2|2|2|2,10,1,18467,silent,18466
10,16|6|3|3|3|3|3|1|1|1,10,0,-1,a0,
10,16|6|3|3|3|3|2|2|1|1,10,0,-1,a0,
10,16|6|3|3|3|2|2|2|2|1,10,0,-1,a0,
10,16|6|3|3|2|2|2|2|2|2,10,0,-1,a0,
10,16|5|5|5|4|1|1|1|1|1,10,0,-1,a0,
10,16|5|5|5|3|2|1|1|1|1,10,1,300424,silent,300423
10,16|5|5|5|2|2|2|1|1|1,10,2,170381,silent,170379
10,16|5|5|4|4|2|1|1|1|1,10,0,-1,a0,
10,16|5|5|4|3|3|1|1|1|1,10,0,-1,a0,
10,16|5|5|4|3|2|2|1|1|1,10,1,548569,silent,548568
10,16|5|5|4|2|2|2|2|1|1,10,2,218143,silent,218141
10,16|5|5|3|3|3|2|1|1|1,10,0,-1,a0,
10,16|5|5|3|3|2|2|2|1|1,10,0,-1,a0,
10,16|5|5|3|2|2|2|2|2|1,10,0,-1,a0,
10,16|5|5|2|2|2|2|2|2|2,10,0,-1,a0,
10,16|5|4|4|4|3|1|1|1|1,10,0,-1,a0,
10,16|5|4|4|4|2|2|1|1|1,10,0,-1,a0,
10,16|5|4|4|3|3|2|1|1|1,10,0,-1,a0,
10,16|5|4|4|3|2|2|2|1|1,10,1,295999,silent,295998
10,16|5|4|4|2|2|2|2|2|1,10,1,83325,silent,83324
10,16|5|4|3|3|3|3|1|1|1,10,0,-1,a0,
10,16|5|4|3|3|3|2|2|1|1,10,0,-1,a0,
10,16|5|4|3|3|2|2|2|2|1,10,0,-1,a0,
10,16|5|4|3|2|2|2|2|2|2,10,0,-1,a0,
10,16|5|3|3|3|3|3|2|1|1,10,0,-1,a0,
10,16|5|3|3|3|3|2|2|2|1,10,0,-1,a0,
10,16|5|3|3|3|2|2|2|2|2,10,0,-1,a0,
10,16|4|4|4|4|4|1|1|1|1,10,0,-1,a0,
10,16|4|4|4|4|3|2|1|1|1,10,0,-1,a0,
10,16|4|4|4|4|2|2|2|1|1,10,0,-1,a0,
10,16|4|4|4|3|3|3|1|1|1,10,0,-1,a0,
10,16|4|4|4|3|3|2|2|1|1,10,0,-1,a0,
10,16|4|4|4|3|2|2|2|2|1,10,0,-1,a0,
10,16|4|4|4|2|2|2|2|2|2,10,1,8423,silent,8422
10,16|4|4|3|3|3|3|2|1|1,10,0,-1,a0,
10,16|4|4|3|3|3|2|2|2|1,10,0,-1,a0,
10,16|4|4|3|3|2|2|2|2|2,10,0,-1,a0,
10,16|4|3|3|3|3|3|3|1|1,10,0,-1,a0,
10,16|4|3|3|3|3|3|2|2|1,10,0,-1,a0,
10,16|4|3|3|3|3|2|2|2|2,10,0,-1,a0,
10,16|3|3|3|3|3|3|3|2|1,10,0,-1,a0,
10,16|3|3|3|3|3|3|2|2|2,10,0,-1,a0,
10,15|15|3|1|1|1|1|1|1|1,10,0,-1,a0,
10,15|15|2|2|1|1|1|1|1|1,10,0,-1,a0,
10,15|14|4|1|1|1|1|1|1|1,10,0,-1,a0,
10,15|14|3|2|1|1|1|1|1|1,10,0,-1,a0,
10,15|14|2|2|2|1|1|1|1|1,10,0,-1,a0,
10,15|13|5|1|1|1|1|1|1|1,10,0,-1,a0,
10,15|13|4|2|1|1|1|1|1|1,10,0,-1,a0,
10,15|13|3|3|1|1|1|1|1|1,10,0,-1,a0,
10,15|13|3|2|2|1|1|1|1|1,10,0,-1,a0,
10,15|13|2|2|2|2|1|1|1|1,10,0,-1,a0,
10,15|12|6|1|1|1|1|1|1|1,10,0,-1,a0,
10,15|12|5|2|1|1|1|1|1|1,10,0,-1,a0,
10,15|12|4|3|1|1|1|1|1|1,10,0,-1,a0,
10,15|12|4|2|2|1|1|1|1|1,10,0,-1,a0,
10,15|12|3|3|2|1|1|1|1|1,10,0,-1,a0,
10,15|12|3|2|2|2|1|1|1|1,10,0,-1,a0,
10,15|12|2|2|2|2|2|1|1|1,10,0,-1,a0,
10,15|11|7|1|1|1|1|1|1|1,10,0,-1,a0,
10,15|11|6|2|1|1|1|1|1|1,10,0,-1,a0,
10,15|11|5|3|1|1|1|1|1|1,10,0,-1,a0,
10,15|11|5|2|2|1|1|1|1|1,10,0,-1,a0,
10,15|11|4|4|1|1|1|1|1|1,10,0,-1,a0,
10,15|11|4|3|2|1|1|1|1|1,10,1,312499,silent,312498
10,15|11|4|2|2|2|1|1|1|1,10,0,-1,a0,
10,15|11|3|3|3|1|1|1|1|1,10,0,-1,a0,
10,15|11|3|3|2|2|1|1|1|1,10,2,153097,silent,153095
10,15|11|3|2|2|2|2|1|1|1,10,1,71126,silent,71125
10,15|11|2|2|2|2|2|2|1|1,10,1,10555,silent,10554
10,15|10|8|1|1|1|1|1|1|1,10,0,-1,a0,
10,15|10|7|2|1|1|1|1|1|1,10,0,-1,a0,
10,15|10|6|3|1|1|1|1|1|1,10,0,-1,a0,
10,15|10|6|2|2|1|1|1|1|1,10,1,323631,silent,323630
10,15|10|5|4|1|1|1|1|1|1,10,0,-1,a0,
10,15|10|5|3|2|1|1|1|1|1,10,2,746706,silent,746704
10,15|10|5|2|2|2|1|1|1|1,10,2,384053,silent,384051
10,15|10|4|4|2|1|1|1|1|1,10,1,446406,silent,446405
10,15|10|4|3|3|1|1|1|1|1,10,1,428347,silent,428346
10,15|10|4|3|2|2|1|1|1|1,10,3,659136,silent,659133
10,15|10|4|2|2|2|2|1|1|1,10,2,237598,silent,237596
10,15|10|3|3|3|2|1|1|1|1,10,2,252165,silent,252163
10,15|10|3|3|2|2|2|1|1|1,10,2,218287,silent,218285
10,15|10|3|2|2|2|2|2|1|1,10,2,71499,silent,71497
10,15|10|2|2|2|2|2|2|2|1,10,1,7850,silent,7849
10,15|9|9|1|1|1|1|1|1|1,10,0,-1,a0,
10,15|9|8|2|1|1|1|1|1|1,10,0,-1,a0,
10,15|9|7|3|1|1|1|1|1|1,10,0,-1,a0,
10,15|9|7|2|2|1|1|1|1|1,10,0,-1,a0,
10,15|9|6|4|1|1|1|1|1|1,10,1,496075,silent,496074
10,15|9|6|3|2|1|1|1|1|1,10,3,1060965,silent,1060962
10,15|9|6|2|2|2|1|1|1|1,10,2,525246,silent,525244
10,15|9|5|5|1|1|1|1|1|1,10,0,-1,a0,
10,15|9|5|4|2|1|1|1|1|1,10,2,1197842,silent,1197840
10,15|9|5|3|3|1|1|1|1|1,10,3,926994,silent,926991
10,15|9|5|3|2|2|1|1|1|1,10,7,1379132,silent,1379125
10,15|9|5|2|2|2|2|1|1|1,10,5,455620,silent,455615
10,15|9|4|4|3|1|1|1|1|1,10,1,701324,silent,701323
10,15|9|4|4|2|2|1|1|1|1,10,1,865634,silent,865633
10,15|9|4|3|3|2|1|1|1|1,10,4,1048266,silent,1048262
10,15|9|4|3|2|2|2|1|1|1,10,5,832742,silent,832737
10,15|9|4|2|2|2|2|2|1|1,10,4,211350,silent,211346
10,15|9|3|3|3|3|1|1|1|1,10,0,-1,a0,
10,15|9|3|3|3|2|2|1|1|1,10,2,354012,silent,354010
10,15|9|3|3|2|2|2|2|1|1,10,1,200342,silent,200341
10,15|9|3|2|2|2|2|2|2|1,10,1,46709,silent,46708
10,15|9|2|2|2|2|2|2|2|2,10,0,-1,a0,
10,15|8|8|3|1|1|1|1|1|1,10,0,-1,a0,
10,15|8|8|2|2|1|1|1|1|1,10,1,139584,silent,139583
10,15|8|7|4|1|1|1|1|1|1,10,0,-1,a0,
10,15|8|7|3|2|1|1|1|1|1,10,2,817086,silent,817084
10,15|8|7|2|2|2|1|1|1|1,10,2,397664,silent,397662
10,15|8|6|5|1|1|1|1|1|1,10,1,410803,silent,410802
10,15|8|6|4|2|1|1|1|1|1,10,4,1509743,silent,1509739
10,15|8|6|3|3|1|1|1|1|1,10,2,1089922,silent,1089920
10,15|8|6|3|2|2|1|1|1|1,10,7,1597740,silent,1597733
10,15|8|6|2|2|2|2|1|1|1,10,3,507067,silent,507064
10,15|8|5|5|2|1|1|1|1|1,10,2,838610,silent,838608
10,15|8|5|4|3|1|1|1|1|1,10,3,1648382,silent,1648379
10,15|8|5|4|2|2|1|1|1|1,10,7,1971703,silent,1971696
10,15|8|5|3|3|2|1|1|1|1,10,6,1926904,silent,1926898
10,15|8|5|3|2|2|2|1|1|1,10,9,1475052,silent,1475043
10,15|8|5|2|2|2|2|2|1|1,10,4,342331,silent,342327
10,15|8|4|4|4|1|1|1|1|1,10,0,-1,a0,
10,15|8|4|4|3|2|1|1|1|1,10,2,1543317,silent,1543315
10,15|8|4|4|2|2|2|1|1|1,10,2,963492,silent,963490
10,15|8|4|3|3|3|1|1|1|1,10,1,733595,silent,733594
10,15|8|4|3|3|2|2|1|1|1,10,4,1276140,silent,1276136
10,15|8|4|3|2|2|2|2|1|1,10,4,659939,silent,659935
10,15|8|4|2|2|2|2|2|2|1,10,2,119205,silent,119203
10,15|8|3|3|3|3|2|1|1|1,10,0,-1,a0,
10,15|8|3|3|3|2|2|2|1|1,10,0,-1,a0,
10,15|8|3|3|2|2|2|2|2|1,10,0,-1,a0,
10,15|8|3|2|2|2|2|2|2|2,10,0,-1,a0,
10,15|7|7|5|1|1|1|1|1|1,10,0,-1,a0,
10,15|7|7|4|2|1|1|1|1|1,10,0,-1,a0,
10,15|7|7|3|3|1|1|1|1|1,10,2,501678,silent,501676
10,15|7|7|3|2|2|1|1|1|1,10,3,729114,silent,729111
10,15|7|7|2|2|2|2|1|1|1,10,3,228481,silent,228478
10,15|7|6|6|1|1|1|1|1|1,10,0,-1,a0,
10,15|7|6|5|2|1|1|1|1|1,10,3,989668,silent,989665
10,15|7|6|4|3|1|1|1|1|1,10,4,1557494,silent,1557490
10,15|7|6|4|2|2|1|1|1|1,10,5,1836796,silent,1836791
10,15|7|6|3|3|2|1|1|1|1,10,6,1683050,silent,1683044
10,15|7|6|3|2|2|2|1|1|1,10,6,1266354,silent,1266348
10,15|7|6|2|2|2|2|2|1|1,10,3,283186,silent,283183
10,15|7|5|5|3|1|1|1|1|1,10,3,1010420,silent,1010417
10,15|7|5|5|2|2|1|1|1|1,10,6,1126064,silent,1126058
10,15|7|5|4|4|1|1|1|1|1,10,0,-1,a0,
10,15|7|5|4|3|2|1|1|1|1,10,6,2910769,silent,2910763
10,15|7|5|4|2|2|2|1|1|1,10,8,1756075,silent,1756067
10,15|7|5|3|3|3|1|1|1|1,10,2,1099624,silent,1099622
10,15|7|5|3|3|2|2|1|1|1,10,4,1881443,silent,1881439
10,15|7|5|3|2|2|2|2|1|1,10,4,937355,silent,937351
10,15|7|5|2|2|2|2|2|2|1,10,1,154515,silent,154514
10,15|7|4|4|4|2|1|1|1|1,10,0,-1,a0,
10,15|7|4|4|3|3|1|1|1|1,10,1,986542,silent,986541
10,15|7|4|4|3|2|2|1|1|1,10,2,1595140,silent,1595138
10,15|7|4|4|2|2|2|2|1|1,10,4,643359,silent,643355
10,15|7|4|3|3|3|2|1|1|1,10,1,990370,silent,990369
10,15|7|4|3|3|2|2|2|1|1,10,1,897288,silent,897287
10,15|7|4|3|2|2|2|2|2|1,10,1,316825,silent,316824
10,15|7|4|2|2|2|2|2|2|2,10,0,-1,a0,
10,15|7|3|3|3|3|3|1|1|1,10,0,-1,a0,
10,15|7|3|3|3|3|2|2|1|1,10,0,-1,a0,
10,15|7|3|3|3|2|2|2|2|1,10,0,-1,a0,
10,15|7|3|3|2|2|2|2|2|2,10,0,-1,a0,
10,15|6|6|6|2|1|1|1|1|1,10,2,195326,silent,195324
10,15|6|6|5|3|1|1|1|1|1,10,2,679057,silent,679055
10,15|6|6|5|2|2|1|1|1|1,10,2,748769,silent,748767
10,15|6|6|4|4|1|1|1|1|1,10,2,480229,silent,480227
10,15|6|6|4|3|2|1|1|1|1,10,3,1578591,silent,1578588
10,15|6|6|4|2|2|2|1|1|1,10,1,938070,silent,938069
10,15|6|6|3|3|3|1|1|1|1,10,1,558326,silent,558325
10,15|6|6|3|3|2|2|1|1|1,10,3,950876,silent,950873
10,15|6|6|3|2|2|2|2|1|1,10,2,465511,silent,465509
10,15|6|6|2|2|2|2|2|2|1,10,1,74603,silent,74602
10,15|6|5|5|4|1|1|1|1|1,10,1,485708,silent,485707
10,15|6|5|5|3|2|1|1|1|1,10,4,1307416,silent,1307412
10,15|6|5|5|2|2|2|1|1|1,10,4,730306,silent,730302
10,15|6|5|4|4|2|1|1|1|1,10,1,1247332,silent,1247331
10,15|6|5|4|3|3|1|1|1|1,10,1,1354645,silent,1354644
10,15|6|5|4|3|2|2|1|1|1,10,4,2160363,silent,2160359
10,15|6|5|4|2|2|2|2|1|1,10,3,841882,silent,841879
10,15|6|5|3|3|3|2|1|1|1,10,0,-1,a0,
10,15|6|5|3|3|2|2|2|1|1,10,1,957257,silent,957256
10,15|6|5|3|2|2|2|2|2|1,10,1,325623,silent,325622
10,15|6|5|2|2|2|2|2|2|2,10,0,-1,a0,
10,15|6|4|4|4|3|1|1|1|1,10,0,-1,a0,
10,15|6|4|4|4|2|2|1|1|1,10,0,-1,a0,
10,15|6|4|4|3|3|2|1|1|1,10,1,1064068,silent,1064067
10,15|6|4|4|3|2|2|2|1|1,10,2,888223,silent,888221
10,15|6|4|4|2|2|2|2|2|1,10,2,244794,silent,244792
10,15|6|4|3|3|3|3|1|1|1,10,0,-1,a0,
10,15|6|4|3|3|3|2|2|1|1,10,0,-1,a0,
10,15|6|4|3|3|2|2|2|2|1,10,0,-1,a0,
10,15|6|4|3|2|2|2|2|2|2,10,0,-1,a0,
10,15|6|3|3|3|3|3|2|1|1,10,0,-1,a0,
10,15|6|3|3|3|3|2|2|2|1,10,0,-1,a0,
10,15|6|3|3|3|2|2|2|2|2,10,0,-1,a0,
10,15|5|5|5|5|1|1|1|1|1,10,1,60503,silent,60502
10,15|5|5|5|4|2|1|1|1|1,10,2,390132,silent,390130
10,15|5|5|5|3|3|1|1|1|1,10,0,-1,a0,
10,15|5|5|5|3|2|2|1|1|1,10,1,537442,silent,537441
10,15|5|5|5|2|2|2|2|1|1,10,0,-1,a0,
10,15|5|5|4|4|3|1|1|1|1,10,0,-1,a0,
10,15|5|5|4|4|2|2|1|1|1,10,2,575018,silent,575016
10,15|5|5|4|3|3|2|1|1|1,10,0,-1,a0,
10,15|5|5|4|3|2|2|2|1|1,10,1,657717,silent,657716
10,15|5|5|4|2|2|2|2|2|1,10,0,-1,a0,
10,15|5|5|3|3|3|3|1|1|1,10,0,-1,a0,
10,15|5|5|3|3|3|2|2|1|1,10,0,-1,a0,
10,15|5|5|3|3|2|2|2|2|1,10,0,-1,a0,
10,15|5|5|3|2|2|2|2|2|2,10,0,-1,a0,
10,15|5|4|4|4|4|1|1|1|1,10,0,-1,a0,
10,15|5|4|4|4|3|2|1|1|1,10,0,-1,a0,
10,15|5|4|4|4|2|2|2|1|1,10,1,289370,silent,289369
10,15|5|4|4|3|3|3|1|1|1,10,0,-1,a0,
10,15|5|4|4|3|3|2|2|1|1,10,0,-1,a0,
10,15|5|4|4|3|2|2|2|2|1,10,1,247907,silent,247906
10,15|5|4|4|2|2|2|2|2|2,10,0,-1,a0,
10,15|5|4|3|3|3|3|2|1|1,10,0,-1,a0,
10,15|5|4|3|3|3|2|2|2|1,10,0,-1,a0,
10,15|5|4|3|3|2|2|2|2|2,10,0,-1,a0,
10,15|5|3|3|3|3|3|3|1|1,10,0,-1,a0,
10,15|5|3|3|3|3|3|2|2|1,10,0,-1,a0,
10,15|5|3|3|3|3|2|2|2|2,10,0,-1,a0,
10,15|4|4|4|4|4|2|1|1|1,10,0,-1,a0,
10,15|4|4|4|4|3|3|1|1|1,10,0,-1,a0,
10,15|4|4|4|4|3|2|2|1|1,10,0,-1,a0,
10,15|4|4|4|4|2|2|2|2|1,10,1,43637,silent,43636
10,15|4|4|4|3|3|3|2|1|1,10,0,-1,a0,
10,15|4|4|4|3|3|2|2|2|1,10,0,-1,a0,
10,15|4|4|4|3|2|2|2|2|2,10,0,-1,a0,
10,15|4|4|3|3|3|3|3|1|1,10,0,-1,a0,
10,15|4|4|3|3|3|3|2|2|1,10,0,-1,a0,
10,15|4|4|3|3|3|2|2|2|2,10,0,-1,a0,
10,15|4|3|3|3|3|3|3|2|1,10,0,-1,a0,
10,15|4|3|3|3|3|3|2|2|2,10,0,-1,a0,
10,15|3|3|3|3|3|3|3|3|1,10,0,-1,a0,
10,15|3|3|3|3|3|3|3|2|2,10,0,-1,a0,
10,14|14|5|1|1|1|1|1|1|1,10,0,-1,a0,
10,14|14|4|2|1|1|1|1|1|1,10,0,-1,a0,
10,14|14|3|3|1|1|1|1|1|1,10,0,-1,a0,
10,14|14|3|2|2|1|1|1|1|1,10,0,-1,a0,
10,14|14|2|2|2|2|1|1|1|1,10,0,-1,a0,
10,14|13|6|1|1|1|1|1|1|1,10,0,-1,a0,
10,14|13|5|2|1|1|1|1|1|1,10,0,-1,a0,
10,14|13|4|3|1|1|1|1|1|1,10,0,-1,a0,
10,14|13|4|2|2|1|1|1|1|1,10,0,-1,a0,
10,14|13|3|3|2|1|1|1|1|1,10,0,-1,a0,
10,14|13|3|2|2|2|1|1|1|1,10,0,-1,a0,
10,14|13|2|2|2|2|2|1|1|1,10,0,-1,a0,
10,14|12|7|1|1|1|1|1|1|1,10,0,-1,a0,
10,14|12|6|2|1|1|1|1|1|1,10,0,-1,a0,
10,14|12|5|3|1|1|1|1|1|1,10,0,-1,a0,
10,14|12|5|2|2|1|1|1|1|1,10,0,-1,a0,
10,14|12|4|4|1|1|1|1|1|1,10,0,-1,a0,
10,14|12|4|3|2|1|1|1|1|1,10,1,231653,silent,231652
10,14|12|4|2|2|2|1|1|1|1,10,1,129765,silent,129764
10,14|12|3|3|3|1|1|1|1|1,10,1,68350,silent,68349
10,14|12|3|3|2|2|1|1|1|1,10,0,-1,a0,
10,14|12|3|2|2|2|2|1|1|1,10,1,52345,silent,52344
10,14|12|2|2|2|2|2|2|1|1,10,0,-1,a0,
10,14|11|8|1|1|1|1|1|1|1,10,0,-1,a0,
10,14|11|7|2|1|1|1|1|1|1,10,0,-1,a0,
10,14|11|6|3|1|1|1|1|1|1,10,1,294274,silent,294273
10,14|11|6|2|2|1|1|1|1|1,10,1,297041,silent,297040
10,14|11|5|4|1|1|1|1|1|1,10,1,292499,silent,292498
10,14|11|5|3|2|1|1|1|1|1,10,2,676297,silent,676295
10,14|11|5|2|2|2|1|1|1|1,10,2,346755,silent,346753
10,14|11|4|4|2|1|1|1|1|1,10,1,401754,silent,401753
10,14|11|4|3|3|1|1|1|1|1,10,2,384750,silent,384748
10,14|11|4|3|2|2|1|1|1|1,10,3,590880,silent,590877
10,14|11|4|2|2|2|2|1|1|1,10,2,212350,silent,212348
10,14|11|3|3|3|2|1|1|1|1,10,2,225088,silent,225086
10,14|11|3|3|2|2|2|1|1|1,10,2,194264,silent,194262
10,14|11|3|2|2|2|2|2|1|1,10,1,63390,silent,63389
10,14|11|2|2|2|2|2|2|2|1,10,1,6885,silent,6884
10,14|10|9|1|1|1|1|1|1|1,10,0,-1,a0,
10,14|10|8|2|1|1|1|1|1|1,10,0,-1,a0,
10,14|10|7|3|1|1|1|1|1|1,10,1,381814,silent,381813
10,14|10|7|2|2|1|1|1|1|1,10,1,378667,silent,378666
10,14|10|6|4|1|1|1|1|1|1,10,1,554573,silent,554572
10,14|10|6|3|2|1|1|1|1|1,10,5,1181212,silent,1181207
10,14|10|6|2|2|2|1|1|1|1,10,4,583197,silent,583193
10,14|10|5|5|1|1|1|1|1|1,10,1,282125,silent,282124
10,14|10|5|4|2|1|1|1|1|1,10,4,1305330,silent,1305326
10,14|10|5|3|3|1|1|1|1|1,10,4,1006181,silent,1006177
10,14|10|5|3|2|2|1|1|1|1,10,8,1493560,silent,1493552
10,14|10|5|2|2|2|2|1|1|1,10,4,491059,silent,491055
10,14|10|4|4|3|1|1|1|1|1,10,1,753140,silent,753139
10,14|10|4|4|2|2|1|1|1|1,10,4,929121,silent,929117
10,14|10|4|3|3|2|1|1|1|1,10,4,1119387,silent,1119383
10,14|10|4|3|2|2|2|1|1|1,10,5,886754,silent,886749
10,14|10|4|2|2|2|2|2|1|1,10,2,223194,silent,223192
10,14|10|3|3|3|3|1|1|1|1,10,1,208969,silent,208968
10,14|10|3|3|3|2|2|1|1|1,10,1,374148,silent,374147
10,14|10|3|3|2|2|2|2|1|1,10,2,211098,silent,211096
10,14|10|3|2|2|2|2|2|2|1,10,1,48737,silent,48736
10,14|10|2|2|2|2|2|2|2|2,10,1,3554,silent,3553
10,14|9|9|2|1|1|1|1|1|1,10,0,-1,a0,
10,14|9|8|3|1|1|1|1|1|1,10,1,279890,silent,279889
10,14|9|8|2|2|1|1|1|1|1,10,1,275449,silent,275448
10,14|9|7|4|1|1|1|1|1|1,10,1,605188,silent,605187
10,14|9|7|3|2|1|1|1|1|1,10,4,1241395,silent,1241391
10,14|9|7|2|2|2|1|1|1|1,10,3,600342,silent,600339
10,14|9|6|5|1|1|1|1|1|1,10,2,577890,silent,577888
10,14|9|6|4|2|1|1|1|1|1,10,7,2091995,silent,2091988
10,14|9|6|3|3|1|1|1|1|1,10,6,1501879,silent,1501873
10,14|9|6|3|2|2|1|1|1|1,10,10,2193800,silent,2193790
10,14|9|6|2|2|2|2|1|1|1,10,5,692151,silent,692146
10,14|9|5|5|2|1|1|1|1|1,10,4,1123874,silent,1123870
10,14|9|5|4|3|1|1|1|1|1,10,6,2181234,silent,2181228
10,14|9|5|4|2|2|1|1|1|1,10,9,2601029,silent,2601020
10,14|9|5|3|3|2|1|1|1|1,10,9,2527455,silent,2527446
10,14|9|5|3|2|2|2|1|1|1,10,11,1926562,silent,1926551
10,14|9|5|2|2|2|2|2|1|1,10,5,444012,silent,444007
10,14|9|4|4|4|1|1|1|1|1,10,0,-1,a0,
10,14|9|4|4|3|2|1|1|1|1,10,4,1988397,silent,1988393
10,14|9|4|4|2|2|2|1|1|1,10,4,1236883,silent,1236879
10,14|9|4|3|3|3|1|1|1|1,10,2,938564,silent,938562
10,14|9|4|3|3|2|2|1|1|1,10,4,1627856,silent,1627852
10,14|9|4|3|2|2|2|2|1|1,10,4,837475,silent,837471
10,14|9|4|2|2|2|2|2|2|1,10,2,149636,silent,149634
10,14|9|3|3|3|3|2|1|1|1,10,0,-1,a0,
10,14|9|3|3|3|2|2|2|1|1,10,0,-1,a0,
10,14|9|3|3|2|2|2|2|2|1,10,0,-1,a0,
10,14|9|3|2|2|2|2|2|2|2,10,0,-1,a0,
10,14|8|8|4|1|1|1|1|1|1,10,1,267812,silent,267811
10,14|8|8|3|2|1|1|1|1|1,10,2,543111,silent,543109
10,14|8|8|2|2|2|1|1|1|1,10,3,261400,silent,261397
10,14|8|7|5|1|1|1|1|1|1,10,1,508186,silent,508185
10,14|8|7|4|2|1|1|1|1|1,10,5,1699477,silent,1699472
10,14|8|7|3|3|1|1|1|1|1,10,4,1186842,silent,1186838
10,14|8|7|3|2|2|1|1|1|1,10,7,1719427,silent,1719420
10,14|8|7|2|2|2|2|1|1|1,10,4,532662,silent,532658
10,14|8|6|6|1|1|1|1|1|1,10,1,276426,silent,276425
10,14|8|6|5|2|1|1|1|1|1,10,7,1857388,silent,1857381
10,14|8|6|4|3|1|1|1|1|1,10,7,2859434,silent,2859427
10,14|8|6|4|2|2|1|1|1|1,10,13,3360073,silent,3360060
10,14|8|6|3|3|2|1|1|1|1,10,9,3045716,silent,3045707
10,14|8|6|3|2|2|2|1|1|1,10,10,2278862,silent,2278852
10,14|8|6|2|2|2|2|2|1|1,10,2,503124,silent,503122
10,14|8|5|5|3|1|1|1|1|1,10,6,1722797,silent,1722791
10,14|8|5|5|2|2|1|1|1|1,10,8,1911192,silent,1911184
10,14|8|5|4|4|1|1|1|1|1,10,3,1439964,silent,1439961
10,14|8|5|4|3|2|1|1|1|1,10,11,4836544,silent,4836533
10,14|8|5|4|2|2|2|1|1|1,10,11,2901138,silent,2901127
10,14|8|5|3|3|3|1|1|1|1,10,3,1804679,silent,1804676
10,14|8|5|3|3|2|2|1|1|1,10,7,3078102,silent,3078095
10,14|8|5|3|2|2|2|2|1|1,10,6,1522191,silent,1522185
10,14|8|5|2|2|2|2|2|2|1,10,2,247779,silent,247777
10,14|8|4|4|4|2|1|1|1|1,10,1,1361211,silent,1361210
10,14|8|4|4|3|3|1|1|1|1,10,1,1564784,silent,1564783
10,14|8|4|4|3|2|2|1|1|1,10,5,2523664,silent,2523659
10,14|8|4|4|2|2|2|2|1|1,10,2,1009631,silent,1009629
10,14|8|4|3|3|3|2|1|1|1,10,1,1547996,silent,1547995
10,14|8|4|3|3|2|2|2|1|1,10,2,1396153,silent,1396151
10,14|8|4|3|2|2|2|2|2|1,10,1,488210,silent,488209
10,14|8|4|2|2|2|2|2|2|2,10,1,54654,silent,54653
10,14|8|3|3|3|3|3|1|1|1,10,0,-1,a0,
10,14|8|3|3|3|3|2|2|1|1,10,0,-1,a0,
10,14|8|3|3|3|2|2|2|2|1,10,0,-1,a0,
10,14|8|3|3|2|2|2|2|2|2,10,0,-1,a0,
10,14|7|7|6|1|1|1|1|1|1,10,0,-1,a0,
10,14|7|7|5|2|1|1|1|1|1,10,2,948673,silent,948671
10,14|7|7|4|3|1|1|1|1|1,10,3,1370528,silent,1370525
10,14|7|7|4|2|2|1|1|1|1,10,5,1597491,silent,1597486
10,14|7|7|3|3|2|1|1|1|1,10,6,1416959,silent,1416953
10,14|7|7|3|2|2|2|1|1|1,10,5,1051640,silent,1051635
10,14|7|7|2|2|2|2|2|1|1,10,3,229708,silent,229705
10,14|7|6|6|2|1|1|1|1|1,10,2,660575,silent,660573
10,14|7|6|5|3|1|1|1|1|1,10,7,2097845,silent,2097838
10,14|7|6|5|2|2|1|1|1|1,10,8,2296356,silent,2296348
10,14|7|6|4|4|1|1|1|1|1,10,2,1431673,silent,1431671
10,14|7|6|4|3|2|1|1|1|1,10,11,4652884,silent,4652873
10,14|7|6|4|2|2|2|1|1|1,10,8,2743891,silent,2743883
10,14|7|6|3|3|3|1|1|1|1,10,3,1612627,silent,1612624
10,14|7|6|3|3|2|2|1|1|1,10,6,2729976,silent,2729970
10,14|7|6|3|2|2|2|2|1|1,10,4,1324717,silent,1324713
10,14|7|6|2|2|2|2|2|2|1,10,1,207730,silent,207729
10,14|7|5|5|4|1|1|1|1|1,10,4,1163588,silent,1163584
10,14|7|5|5|3|2|1|1|1|1,10,10,3092111,silent,3092101
10,14|7|5|5|2|2|2|1|1|1,10,7,1712252,silent,1712245
10,14|7|5|4|4|2|1|1|1|1,10,4,2850928,silent,2850924
10,14|7|5|4|3|3|1|1|1|1,10,4,3067002,silent,3066998
10,14|7|5|4|3|2|2|1|1|1,10,9,4868486,silent,4868477
10,14|7|5|4|2|2|2|2|1|1,10,6,1879077,silent,1879071
10,14|7|5|3|3|3|2|1|1|1,10,1,2370378,silent,2370377
10,14|7|5|3|3|2|2|2|1|1,10,1,2097782,silent,2097781
10,14|7|5|3|2|2|2|2|2|1,10,1,705098,silent,705097
10,14|7|5|2|2|2|2|2|2|2,10,0,-1,a0,
10,14|7|4|4|4|3|1|1|1|1,10,0,-1,a0,
10,14|7|4|4|4|2|2|1|1|1,10,2,1496758,silent,1496756
10,14|7|4|4|3|3|2|1|1|1,10,2,2179919,silent,2179917
10,14|7|4|4|3|2|2|2|1|1,10,3,1809028,silent,1809025
10,14|7|4|4|2|2|2|2|2|1,10,2,491978,silent,491976
10,14|7|4|3|3|3|3|1|1|1,10,0,-1,a0,
10,14|7|4|3|3|3|2|2|1|1,10,0,-1,a0,
10,14|7|4|3|3|2|2|2|2|1,10,0,-1,a0,
10,14|7|4|3|2|2|2|2|2|2,10,0,-1,a0,
10,14|7|3|3|3|3|3|2|1|1,10,0,-1,a0,
10,14|7|3|3|3|3|2|2|2|1,10,0,-1,a0,
10,14|7|3|3|3|2|2|2|2|2,10,0,-1,a0,
10,14|6|6|6|3|1|1|1|1|1,10,2,433930,silent,433928
10,14|6|6|6|2|2|1|1|1|1,10,1,463226,silent,463225
10,14|6|6|5|4|1|1|1|1|1,10,3,814912,silent,814909
10,14|6|6|5|3|2|1|1|1|1,10,5,2104069,silent,2104064
10,14|6|6|5|2|2|2|1|1|1,10,2,1148010,silent,1148008
10,14|6|6|4|4|2|1|1|1|1,10,3,1611634,silent,1611631
10,14|6|6|4|3|3|1|1|1|1,10,2,1689601,silent,1689599
10,14|6|6|4|3|2|2|1|1|1,10,4,2667131,silent,2667127
10,14|6|6|4|2|2|2|2|1|1,10,1,1011254,silent,1011253
10,14|6|6|3|3|3|2|1|1|1,10,1,1218086,silent,1218085
10,14|6|6|3|3|2|2|2|1|1,10,2,1070682,silent,1070680
10,14|6|6|3|2|2|2|2|2|1,10,1,354025,silent,354024
10,14|6|6|2|2|2|2|2|2|2,10,1,35348,silent,35347
10,14|6|5|5|5|1|1|1|1|1,10,1,270401,silent,270400
10,14|6|5|5|4|2|1|1|1|1,10,4,1671357,silent,1671353
10,14|6|5|5|3|3|1|1|1|1,10,2,1458169,silent,1458167
10,14|6|5|5|3|2|2|1|1|1,10,4,2246549,silent,2246545
10,14|6|5|5|2|2|2|2|1|1,10,2,799012,silent,799010
10,14|6|5|4|4|3|1|1|1|1,10,2,1744303,silent,1744301
10,14|6|5|4|4|2|2|1|1|1,10,3,2230782,silent,2230779
10,14|6|5|4|3|3|2|1|1|1,10,2,3044533,silent,3044531
10,14|6|5|4|3|2|2|2|1|1,10,3,2486091,silent,2486088
10,14|6|5|4|2|2|2|2|2|1,10,1,651052,silent,651051
10,14|6|5|3|3|3|3|1|1|1,10,0,-1,a0,
10,14|6|5|3|3|3|2|2|1|1,10,0,-1,a0,
10,14|6|5|3|3|2|2|2|2|1,10,0,-1,a0,
10,14|6|5|3|2|2|2|2|2|2,10,0,-1,a0,
10,14|6|4|4|4|4|1|1|1|1,10,0,-1,a0,
10,14|6|4|4|4|3|2|1|1|1,10,1,1313049,silent,1313048
10,14|6|4|4|4|2|2|2|1|1,10,1,858078,silent,858077
10,14|6|4|4|3|3|3|1|1|1,10,0,-1,a0,
10,14|6|4|4|3|3|2|2|1|1,10,1,1374153,silent,1374152
10,14|6|4|4|3|2|2|2|2|1,10,1,714604,silent,714603
10,14|6|4|4|2|2|2|2|2|2,10,1,118809,silent,118808
10,14|6|4|3|3|3|3|2|1|1,10,0,-1,a0,
10,14|6|4|3|3|3|2|2|2|1,10,0,-1,a0,
10,14|6|4|3|3|2|2|2|2|2,10,0,-1,a0,
10,14|6|3|3|3|3|3|3|1|1,10,0,-1,a0,
10,14|6|3|3|3|3|3|2|2|1,10,0,-1,a0,
10,14|6|3|3|3|3|2|2|2|2,10,0,-1,a0,
10,14|5|5|5|5|2|1|1|1|1,10,2,220214,silent,220212
10,14|5|5|5|4|3|1|1|1|1,10,1,573358,silent,573357
10,14|5|5|5|4|2|2|1|1|1,10,2,714379,silent,714377
10,14|5|5|5|3|3|2|1|1|1,10,0,-1,a0,
10,14|5|5|5|3|2|2|2|1|1,10,0,-1,a0,
10,14|5|5|5|2|2|2|2|2|1,10,0,-1,a0,
10,14|5|5|4|4|4|1|1|1|1,10,0,-1,a0,
10,14|5|5|4|4|3|2|1|1|1,10,1,1067963,silent,1067962
10,14|5|5|4|4|2|2|2|1|1,10,2,690991,silent,690989
10,14|5|5|4|3|3|3|1|1|1,10,0,-1,a0,
10,14|5|5|4|3|3|2|2|1|1,10,0,-1,a0,
10,14|5|5|4|3|2|2|2|2|1,10,0,-1,a0,
10,14|5|5|4|2|2|2|2|2|2,10,0,-1,a0,
10,14|5|5|3|3|3|3|2|1|1,10,0,-1,a0,
10,14|5|5|3|3|3|2|2|2|1,10,0,-1,a0,
10,14|5|5|3|3|2|2|2|2|2,10,0,-1,a0,
10,14|5|4|4|4|4|2|1|1|1,10,0,-1,a0,
10,14|5|4|4|4|3|3|1|1|1,10,0,-1,a0,
10,14|5|4|4|4|3|2|2|1|1,10,1,590476,silent,590475
10,14|5|4|4|4|2|2|2|2|1,10,1,241071,silent,241070
10,14|5|4|4|3|3|3|2|1|1,10,0,-1,a0,
10,14|5|4|4|3|3|2|2|2|1,10,0,-1,a0,
10,14|5|4|4|3|2|2|2|2|2,10,0,-1,a0,
10,14|5|4|3|3|3|3|3|1|1,10,0,-1,a0,
10,14|5|4|3|3|3|3|2|2|1,10,0,-1,a0,
10,14|5|4|3|3|3|2|2|2|2,10,0,-1,a0,
10,14|5|3|3|3|3|3|3|2|1,10,0,-1,a0,
10,14|5|3|3|3|3|3|2|2|2,10,0,-1,a0,
10,14|4|4|4|4|4|3|1|1|1,10,0,-1,a0,
10,14|4|4|4|4|4|2|2|1|1,10,0,-1,a0,
10,14|4|4|4|4|3|3|2|1|1,10,0,-1,a0,
10,14|4|4|4|4|3|2|2|2|1,10,0,-1,a0,
10,14|4|4|4|4|2|2|2|2|2,10,1,22928,silent,22927
10,14|4|4|4|3|3|3|3|1|1,10,0,-1,a0,
10,14|4|4|4|3|3|3|2|2|1,10,0,-1,a0,
10,14|4|4|4|3|3|2|2|2|2,10,0,-1,a0,
10,14|4|4|3|3|3|3|3|2|1,10,0,-1,a0,
10,14|4|4|3|3|3|3|2|2|2,10,0,-1,a0,
10,14|4|3|3|3|3|3|3|3|1,10,0,-1,a0,
10,14|4|3|3|3|3|3|3|2|2,10,0,-1,a0,
10,14|3|3|3|3|3|3|3|3|2,10,0,-1,a0,
10,13|13|7|1|1|1|1|1|1|1,10,0,-1,a0,
10,13|13|6|2|1|1|1|1|1|1,10,0,-1,a0,
10,13|13|5|3|1|1|1|1|1|1,10,0,-1,a0,
10,13|13|5|2|2|1|1|1|1|1,10,0,-1,a0,
10,13|13|4|4|1|1|1|1|1|1,10,1,29355,silent,29354
10,13|13|4|3|2|1|1|1|1|1,10,0,-1,a0,
10,13|13|4|2|2|2|1|1|1|1,10,0,-1,a0,
10,13|13|3|3|3|1|1|1|1|1,10,0,-1,a0,
10,13|13|3|3|2|2|1|1|1|1,10,1,41908,silent,41907
10,13|13|3|2|2|2|2|1|1|1,10,0,-1,a0,
10,13|13|2|2|2|2|2|2|1|1,10,1,2927,silent,2926
10,13|12|8|1|1|1|1|1|1|1,10,0,-1,a0,
10,13|12|7|2|1|1|1|1|1|1,10,0,-1,a0,
10,13|12|6|3|1|1|1|1|1|1,10,1,177770,silent,177769
10,13|12|6|2|2|1|1|1|1|1,10,1,179317,silent,179316
10,13|12|5|4|1|1|1|1|1|1,10,0,-1,a0,
10,13|12|5|3|2|1|1|1|1|1,10,2,405274,silent,405272
10,13|12|5|2|2|2|1|1|1|1,10,1,207563,silent,207562
10,13|12|4|4|2|1|1|1|1|1,10,1,239983,silent,239982
10,13|12|4|3|3|1|1|1|1|1,10,1,229472,silent,229471
10,13|12|4|3|2|2|1|1|1|1,10,2,352211,silent,352209
10,13|12|4|2|2|2|2|1|1|1,10,1,126339,silent,126338
10,13|12|3|3|3|2|1|1|1|1,10,1,133791,silent,133790
10,13|12|3|3|2|2|2|1|1|1,10,1,115367,silent,115366
10,13|12|3|2|2|2|2|2|1|1,10,1,37531,silent,37530
10,13|12|2|2|2|2|2|2|2|1,10,0,-1,a0,
10,13|11|9|1|1|1|1|1|1|1,10,0,-1,a0,
10,13|11|8|2|1|1|1|1|1|1,10,1,105830,silent,105829
10,13|11|7|3|1|1|1|1|1|1,10,1,312388,silent,312387
10,13|11|7|2|2|1|1|1|1|1,10,1,309086,silent,309085
10,13|11|6|4|1|1|1|1|1|1,10,3,444568,silent,444565
10,13|11|6|3|2|1|1|1|1|1,10,5,942491,silent,942486
10,13|11|6|2|2|2|1|1|1|1,10,2,463535,silent,463533
10,13|11|5|5|1|1|1|1|1|1,10,0,-1,a0,
10,13|11|5|4|2|1|1|1|1|1,10,4,1029649,silent,1029645
10,13|11|5|3|3|1|1|1|1|1,10,4,791921,silent,791917
10,13|11|5|3|2|2|1|1|1|1,10,7,1174497,silent,1174490
10,13|11|5|2|2|2|2|1|1|1,10,4,385159,silent,385155
10,13|11|4|4|3|1|1|1|1|1,10,3,589918,silent,589915
10,13|11|4|4|2|2|1|1|1|1,10,1,725266,silent,725265
10,13|11|4|3|3|2|1|1|1|1,10,4,873799,silent,873795
10,13|11|4|3|2|2|2|1|1|1,10,4,690705,silent,690701
10,13|11|4|2|2|2|2|2|1|1,10,3,173926,silent,173923
10,13|11|3|3|3|3|1|1|1|1,10,0,-1,a0,
10,13|11|3|3|3|2|2|1|1|1,10,1,290275,silent,290274
10,13|11|3|3|2|2|2|2|1|1,10,0,-1,a0,
10,13|11|3|2|2|2|2|2|2|1,10,1,37531,silent,37530
10,13|11|2|2|2|2|2|2|2|2,10,0,-1,a0,
10,13|10|10|1|1|1|1|1|1|1,10,0,-1,a0,
10,13|10|9|2|1|1|1|1|1|1,10,0,-1,a0,
10,13|10|8|3|1|1|1|1|1|1,10,1,323861,silent,323860
10,13|10|8|2|2|1|1|1|1|1,10,3,318138,silent,318135
10,13|10|7|4|1|1|1|1|1|1,10,3,638489,silent,638486
10,13|10|7|3|2|1|1|1|1|1,10,6,1303934,silent,1303928
10,13|10|7|2|2|2|1|1|1|1,10,4,628836,silent,628832
10,13|10|6|5|1|1|1|1|1|1,10,2,586792,silent,586790
10,13|10|6|4|2|1|1|1|1|1,10,10,2106654,silent,2106644
10,13|10|6|3|3|1|1|1|1|1,10,6,1506550,silent,1506544
10,13|10|6|3|2|2|1|1|1|1,10,11,2197082,silent,2197071
10,13|10|6|2|2|2|2|1|1|1,10,4,690309,silent,690305
10,13|10|5|5|2|1|1|1|1|1,10,5,1112630,silent,1112625
10,13|10|5|4|3|1|1|1|1|1,10,7,2143478,silent,2143471
10,13|10|5|4|2|2|1|1|1|1,10,11,2552104,silent,2552093
10,13|10|5|3|3|2|1|1|1|1,10,9,2470526,silent,2470517
10,13|10|5|3|2|2|2|1|1|1,10,9,1878735,silent,1878726
10,13|10|5|2|2|2|2|2|1|1,10,4,430728,silent,430724
10,13|10|4|4|4|1|1|1|1|1,10,2,530697,silent,530695
10,13|10|4|4|3|2|1|1|1|1,10,4,1925227,silent,1925223
10,13|10|4|4|2|2|2|1|1|1,10,4,1194791,silent,1194787
10,13|10|4|3|3|3|1|1|1|1,10,2,904767,silent,904765
10,13|10|4|3|3|2|2|1|1|1,10,4,1567146,silent,1567142
10,13|10|4|3|2|2|2|2|1|1,10,3,803583,silent,803580
10,13|10|4|2|2|2|2|2|2|1,10,2,142765,silent,142763
10,13|10|3|3|3|3|2|1|1|1,10,0,-1,a0,
10,13|10|3|3|3|2|2|2|1|1,10,0,-1,a0,
10,13|10|3|3|2|2|2|2|2|1,10,0,-1,a0,
10,13|10|3|2|2|2|2|2|2|2,10,0,-1,a0,
10,13|9|9|3|1|1|1|1|1|1,10,1,140551,silent,140550
10,13|9|9|2|2|1|1|1|1|1,10,0,-1,a0,
10,13|9|8|4|1|1|1|1|1|1,10,2,491802,silent,491800
10,13|9|8|3|2|1|1|1|1|1,10,5,987022,silent,987017
10,13|9|8|2|2|2|1|1|1|1,10,2,471159,silent,471157
10,13|9|7|5|1|1|1|1|1|1,10,2,724280,silent,724278
10,13|9|7|4|2|1|1|1|1|1,10,8,2388137,silent,2388129
10,13|9|7|3|3|1|1|1|1|1,10,7,1658283,silent,1658276
10,13|9|7|3|2|2|1|1|1|1,10,12,2395279,silent,2395267
10,13|9|7|2|2|2|2|1|1|1,10,6,737909,silent,737903
10,13|9|6|6|1|1|1|1|1|1,10,3,367102,silent,367099
10,13|9|6|5|2|1|1|1|1|1,10,10,2399350,silent,2399340
10,13|9|6|4|3|1|1|1|1|1,10,13,3649651,silent,3649638
10,13|9|6|4|2|2|1|1|1|1,10,14,4274080,silent,4274066
10,13|9|6|3|3|2|1|1|1|1,10,13,3854949,silent,3854936
10,13|9|6|3|2|2|2|1|1|1,10,12,2873536,silent,2873524
10,13|9|6|2|2|2|2|2|1|1,10,5,631587,silent,631582
10,13|9|5|5|3|1|1|1|1|1,10,7,2126305,silent,2126298
10,13|9|5|5|2|2|1|1|1|1,10,12,2354523,silent,2354511
10,13|9|5|4|4|1|1|1|1|1,10,3,1759726,silent,1759723
10,13|9|5|4|3|2|1|1|1|1,10,16,5883846,silent,5883830
10,13|9|5|4|2|2|2|1|1|1,10,13,3517657,silent,3517644
10,13|9|5|3|3|3|1|1|1|1,10,3,2179671,silent,2179668
10,13|9|5|3|3|2|2|1|1|1,10,7,3710555,silent,3710548
10,13|9|5|3|2|2|2|2|1|1,10,6,1826707,silent,1826701
10,13|9|5|2|2|2|2|2|2|1,10,1,294967,silent,294966
10,13|9|4|4|4|2|1|1|1|1,10,1,1620207,silent,1620206
10,13|9|4|4|3|3|1|1|1|1,10,4,1859163,silent,1859159
10,13|9|4|4|3|2|2|1|1|1,10,5,2990343,silent,2990338
10,13|9|4|4|2|2|2|2|1|1,10,5,1193271,silent,1193266
10,13|9|4|3|3|3|2|1|1|1,10,1,1821764,silent,1821763
10,13|9|4|3|3|2|2|2|1|1,10,1,1637291,silent,1637290
10,13|9|4|3|2|2|2|2|2|1,10,1,569634,silent,569633
10,13|9|4|2|2|2|2|2|2|2,10,0,-1,a0,
10,13|9|3|3|3|3|3|1|1|1,10,0,-1,a0,
10,13|9|3|3|3|3|2|2|1|1,10,0,-1,a0,
10,13|9|3|3|3|2|2|2|2|1,10,0,-1,a0,
10,13|9|3|3|2|2|2|2|2|2,10,0,-1,a0,
10,13|8|8|5|1|1|1|1|1|1,10,2,336884,silent,336882
10,13|8|8|4|2|1|1|1|1|1,10,6,1079023,silent,1079017
10,13|8|8|3|3|1|1|1|1|1,10,1,739174,silent,739173
10,13|8|8|3|2|2|1|1|1|1,10,5,1065248,silent,1065243
10,13|8|8|2|2|2|2|1|1|1,10,1,324635,silent,324634
10,13|8|7|6|1|1|1|1|1|1,10,1,418972,silent,418971
10,13|8|7|5|2|1|1|1|1|1,10,8,2163900,silent,2163892
10,13|8|7|4|3|1|1|1|1|1,10,9,3057897,silent,3057888
10,13|8|7|4|2|2|1|1|1|1,10,13,3553445,silent,3553432
10,13|8|7|3|3|2|1|1|1|1,10,9,3116373,silent,3116364
10,13|8|7|3|2|2|2|1|1|1,10,9,2301114,silent,2301105
10,13|8|7|2|2|2|2|2|1|1,10,3,495859,silent,495856
10,13|8|6|6|2|1|1|1|1|1,10,5,1209641,silent,1209636
10,13|8|6|5|3|1|1|1|1|1,10,12,3676906,silent,3676894
10,13|8|6|5|2|2|1|1|1|1,10,14,4009374,silent,4009360
10,13|8|6|4|4|1|1|1|1|1,10,8,2465904,silent,2465896
10,13|8|6|4|3|2|1|1|1|1,10,19,7952496,silent,7952477
10,13|8|6|4|2|2|2|1|1|1,10,12,4665410,silent,4665398
10,13|8|6|3|3|3|1|1|1|1,10,4,2722636,silent,2722632
10,13|8|6|3|3|2|2|1|1|1,10,10,4596972,silent,4596962
10,13|8|6|3|2|2|2|2|1|1,10,6,2216227,silent,2216221
10,13|8|6|2|2|2|2|2|2|1,10,2,343754,silent,343752
10,13|8|5|5|4|1|1|1|1|1,10,6,1861554,silent,1861548
10,13|8|5|5|3|2|1|1|1|1,10,14,4909039,silent,4909025
10,13|8|5|5|2|2|2|1|1|1,10,10,2704400,silent,2704390
10,13|8|5|4|4|2|1|1|1|1,10,9,4449042,silent,4449033
10,13|8|5|4|3|3|1|1|1|1,10,6,4756970,silent,4756964
10,13|8|5|4|3|2|2|1|1|1,10,13,7531501,silent,7531488
10,13|8|5|4|2|2|2|2|1|1,10,7,2887974,silent,2887967
10,13|8|5|3|3|3|2|1|1|1,10,2,3624391,silent,3624389
10,13|8|5|3|3|2|2|2|1|1,10,2,3195583,silent,3195581
10,13|8|5|3|2|2|2|2|2|1,10,1,1065957,silent,1065956
10,13|8|5|2|2|2|2|2|2|2,10,0,-1,a0,
10,13|8|4|4|4|3|1|1|1|1,10,2,1722865,silent,1722863
10,13|8|4|4|4|2|2|1|1|1,10,2,2226055,silent,2226053
10,13|8|4|4|3|3|2|1|1|1,10,3,3224028,silent,3224025
10,13|8|4|4|3|2|2|2|1|1,10,4,2665214,silent,2665210
10,13|8|4|4|2|2|2|2|2|1,10,2,719457,silent,719455
10,13|8|4|3|3|3|3|1|1|1,10,0,-1,a0,
10,13|8|4|3|3|3|2|2|1|1,10,0,-1,a0,
10,13|8|4|3|3|2|2|2|2|1,10,0,-1,a0,
10,13|8|4|3|2|2|2|2|2|2,10,0,-1,a0,
10,13|8|3|3|3|3|3|2|1|1,10,0,-1,a0,
10,13|8|3|3|3|3|2|2|2|1,10,0,-1,a0,
10,13|8|3|3|3|2|2|2|2|2,10,0,-1,a0,
10,13|7|7|7|1|1|1|1|1|1,10,0,-1,a0,
10,13|7|7|6|2|1|1|1|1|1,10,1,777712,silent,777711
10,13|7|7|5|3|1|1|1|1|1,10,6,1917753,silent,1917747
10,13|7|7|5|2|2|1|1|1|1,10,8,2076497,silent,2076489
10,13|7|7|4|4|1|1|1|1|1,10,1,1213650,silent,1213649
10,13|7|7|4|3|2|1|1|1|1,10,9,3863219,silent,3863210
10,13|7|7|4|2|2|2|1|1|1,10,10,2250309,silent,2250299
10,13|7|7|3|3|3|1|1|1|1,10,3,1287435,silent,1287432
10,13|7|7|3|3|2|2|1|1|1,10,3,2163142,silent,2163139
10,13|7|7|3|2|2|2|2|1|1,10,2,1035286,silent,1035284
10,13|7|7|2|2|2|2|2|2|1,10,0,-1,a0,
10,13|7|6|6|3|1|1|1|1|1,10,4,1389328,silent,1389324
10,13|7|6|6|2|2|1|1|1|1,10,3,1469751,silent,1469748
10,13|7|6|5|4|1|1|1|1|1,10,6,2393428,silent,2393422
10,13|7|6|5|3|2|1|1|1|1,10,16,6106067,silent,6106051
10,13|7|6|5|2|2|2|1|1|1,10,8,3306063,silent,3306055
10,13|7|6|4|4|2|1|1|1|1,10,7,4517302,silent,4517295
10,13|7|6|4|3|3|1|1|1|1,10,8,4697561,silent,4697553
10,13|7|6|4|3|2|2|1|1|1,10,12,7379805,silent,7379793
10,13|7|6|4|2|2|2|2|1|1,10,6,2778013,silent,2778007
10,13|7|6|3|3|3|2|1|1|1,10,2,3300118,silent,3300116
10,13|7|6|3|3|2|2|2|1|1,10,2,2882145,silent,2882143
10,13|7|6|3|2|2|2|2|2|1,10,1,943401,silent,943400
10,13|7|6|2|2|2|2|2|2|2,10,0,-1,a0,
10,13|7|5|5|5|1|1|1|1|1,10,4,623646,silent,623642
10,13|7|5|5|4|2|1|1|1|1,10,11,3765216,silent,3765205
10,13|7|5|5|3|3|1|1|1|1,10,4,3250607,silent,3250603
10,13|7|5|5|3|2|2|1|1|1,10,8,4989417,silent,4989409
10,13|7|5|5|2|2|2|2|1|1,10,2,1756737,silent,1756735
10,13|7|5|4|4|3|1|1|1|1,10,4,3761599,silent,3761595
10,13|7|5|4|4|2|2|1|1|1,10,9,4792565,silent,4792556
10,13|7|5|4|3|3|2|1|1|1,10,4,6477338,silent,6477334
10,13|7|5|4|3|2|2|2|1|1,10,5,5260815,silent,5260810
10,13|7|5|4|2|2|2|2|2|1,10,1,1362970,silent,1362969
10,13|7|5|3|3|3|3|1|1|1,10,0,-1,a0,
10,13|7|5|3|3|3|2|2|1|1,10,0,-1,a0,
10,13|7|5|3|3|2|2|2|2|1,10,0,-1,a0,
10,13|7|5|3|2|2|2|2|2|2,10,0,-1,a0,
10,13|7|4|4|4|4|1|1|1|1,10,0,-1,a0,
10,13|7|4|4|4|3|2|1|1|1,10,2,2566463,silent,2566461
10,13|7|4|4|4|2|2|2|1|1,10,4,1671189,silent,1671185
10,13|7|4|4|3|3|3|1|1|1,10,1,1510320,silent,1510319
10,13|7|4|4|3|3|2|2|1|1,10,1,2644507,silent,2644506
10,13|7|4|4|3|2|2|2|2|1,10,1,1366831,silent,1366830
10,13|7|4|4|2|2|2|2|2|2,10,0,-1,a0,
10,13|7|4|3|3|3|3|2|1|1,10,0,-1,a0,
10,13|7|4|3|3|3|2|2|2|1,10,0,-1,a0,
10,13|7|4|3|3|2|2|2|2|2,10,0,-1,a0,
10,13|7|3|3|3|3|3|3|1|1,10,0,-1,a0,
10,13|7|3|3|3|3|3|2|2|1,10,0,-1,a0,
10,13|7|3|3|3|3|2|2|2|2,10,0,-1,a0,
10,13|6|6|6|4|1|1|1|1|1,10,3,546313,silent,546310
10,13|6|6|6|3|2|1|1|1|1,10,2,1293628,silent,1293626
10,13|6|6|6|2|2|2|1|1|1,10,0,-1,a0,
10,13|6|6|5|5|1|1|1|1|1,10,1,473465,silent,473464
10,13|6|6|5|4|2|1|1|1|1,10,5,2672402,silent,2672397
10,13|6|6|5|3|3|1|1|1|1,10,4,2251643,silent,2251639
10,13|6|6|5|3|2|2|1|1|1,10,5,3435170,silent,3435165
10,13|6|6|5|2|2|2|2|1|1,10,2,1189617,silent,1189615
10,13|6|6|4|4|3|1|1|1|1,10,3,2163687,silent,2163684
10,13|6|6|4|4|2|2|1|1|1,10,1,2736398,silent,2736397
10,13|6|6|4|3|3|2|1|1|1,10,4,3614218,silent,3614214
10,13|6|6|4|3|2|2|2|1|1,10,3,2912006,silent,2912003
10,13|6|6|4|2|2|2|2|2|1,10,2,743231,silent,743229
10,13|6|6|3|3|3|3|1|1|1,10,0,-1,a0,
10,13|6|6|3|3|3|2|2|1|1,10,0,-1,a0,
10,13|6|6|3|3|2|2|2|2|1,10,0,-1,a0,
10,13|6|6|3|2|2|2|2|2|2,10,0,-1,a0,
10,13|6|5|5|5|2|1|1|1|1,10,3,932846,silent,932843
10,13|6|5|5|4|3|1|1|1|1,10,4,2338288,silent,2338284
10,13|6|5|5|4|2|2|1|1|1,10,5,2893495,silent,2893490
10,13|6|5|5|3|3|2|1|1|1,10,1,3168037,silent,3168036
10,13|6|5|5|3|2|2|2|1|1,10,1,2485849,silent,2485848
10,13|6|5|5|2|2|2|2|2|1,10,0,-1,a0,
10,13|6|5|4|4|4|1|1|1|1,10,1,999334,silent,999333
10,13|6|5|4|4|3|2|1|1|1,10,4,3950858,silent,3950854
10,13|6|5|4|4|2|2|2|1|1,10,3,2531646,silent,2531643
10,13|6|5|4|3|3|3|1|1|1,10,0,-1,a0,
10,13|6|5|4|3|3|2|2|1|1,10,1,3754378,silent,3754377
10,13|6|5|4|3|2|2|2|2|1,10,1,1905971,silent,1905970
10,13|6|5|4|2|2|2|2|2|2,10,0,-1,a0,
10,13|6|5|3|3|3|3|2|1|1,10,0,-1,a0,
10,13|6|5|3|3|3|2|2|2|1,10,0,-1,a0,
10,13|6|5|3|3|2|2|2|2|2,10,0,-1,a0,
10,13|6|4|4|4|4|2|1|1|1,10,0,-1,a0,
10,13|6|4|4|4|3|3|1|1|1,10,1,1027021,silent,1027020
10,13|6|4|4|4|3|2|2|1|1,10,2,1672902,silent,1672900
10,13|6|4|4|4|2|2|2|2|1,10,2,676347,silent,676345
10,13|6|4|4|3|3|3|2|1|1,10,0,-1,a0,
10,13|6|4|4|3|3|2|2|2|1,10,0,-1,a0,
10,13|6|4|4|3|2|2|2|2|2,10,0,-1,a0,
10,13|6|4|3|3|3|3|3|1|1,10,0,-1,a0,
10,13|6|4|3|3|3|3|2|2|1,10,0,-1,a0,
10,13|6|4|3|3|3|2|2|2|2,10,0,-1,a0,
10,13|6|3|3|3|3|3|3|2|1,10,0,-1,a0,
10,13|6|3|3|3|3|3|2|2|2,10,0,-1,a0,
10,13|5|5|5|5|3|1|1|1|1,10,1,342086,silent,342085
10,13|5|5|5|5|2|2|1|1|1,10,0,-1,a0,
10,13|5|5|5|4|4|1|1|1|1,10,2,361316,silent,361314
10,13|5|5|5|4|3|2|1|1|1,10,1,1329372,silent,1329371
10,13|5|5|5|4|2|2|2|1|1,10,0,-1,a0,
10,13|5|5|5|3|3|3|1|1|1,10,0,-1,a0,
10,13|5|5|5|3|3|2|2|1|1,10,0,-1,a0,
10,13|5|5|5|3|2|2|2|2|1,10,0,-1,a0,
10,13|5|5|5|2|2|2|2|2|2,10,0,-1,a0,
10,13|5|5|4|4|4|2|1|1|1,10,2,681774,silent,681772
10,13|5|5|4|4|3|3|1|1|1,10,0,-1,a0,
10,13|5|5|4|4|3|2|2|1|1,10,1,1376445,silent,1376444
10,13|5|5|4|4|2|2|2|2|1,10,0,-1,a0,
10,13|5|5|4|3|3|3|2|1|1,10,0,-1,a0,
10,13|5|5|4|3|3|2|2|2|1,10,0,-1,a0,
10,13|5|5|4|3|2|2|2|2|2,10,0,-1,a0,
10,13|5|5|3|3|3|3|3|1|1,10,0,-1,a0,
10,13|5|5|3|3|3|3|2|2|1,10,0,-1,a0,
10,13|5|5|3|3|3|2|2|2|2,10,0,-1,a0,
10,13|5|4|4|4|4|3|1|1|1,10,0,-1,a0,
10,13|5|4|4|4|4|2|2|1|1,10,1,382654,silent,382653
10,13|5|4|4|4|3|3|2|1|1,10,0,-1,a0,
10,13|5|4|4|4|3|2|2|2|1,10,1,501486,silent,501485
10,13|5|4|4|4|2|2|2|2|2,10,0,-1,a0,
10,13|5|4|4|3|3|3|3|1|1,10,0,-1,a0,
10,13|5|4|4|3|3|3|2|2|1,10,0,-1,a0,
10,13|5|4|4|3|3|2|2|2|2,10,0,-1,a0,
10,13|5|4|3|3|3|3|3|2|1,10,0,-1,a0,
10,13|5|4|3|3|3|3|2|2|2,10,0,-1,a0,
10,13|5|3|3|3|3|3|3|3|1,10,0,-1,a0,
10,13|5|3|3|3|3|3|3|2|2,10,0,-1,a0,
10,13|4|4|4|4|4|4|1|1|1,10,0,-1,a0,
10,13|4|4|4|4|4|3|2|1|1,10,0,-1,a0,
10,13|4|4|4|4|4|2|2|2|1,10,1,62131,silent,62130
10,13|4|4|4|4|3|3|3|1|1,10,0,-1,a0,
10,13|4|4|4|4|3|3|2|2|1,10,0,-1,a0,
10,13|4|4|4|4|3|2|2|2|2,10,0,-1,a0,
10,13|4|4|4|3|3|3|3|2|1,10,0,-1,a0,
10,13|4|4|4|3|3|3|2|2|2,10,0,-1,a0,
10,13|4|4|3|3|3|3|3|3|1,10,0,-1,a0,
10,13|4|4|3|3|3|3|3|2|2,10,0,-1,a0,
10,13|4|3|3|3|3|3|3|3|2,10,0,-1,a0,
10,13|3|3|3|3|3|3|3|3|3,10,0,-1,a0,
10,12|12|9|1|1|1|1|1|1|1,10,0,-1,a0,
10,12|12|8|2|1|1|1|1|1|1,10,0,-1,a0,
10,12|12|7|3|1|1|1|1|1|1,10,1,121085,silent,121084
10,12|12|7|2|2|1|1|1|1|1,10,1,119810,silent,119809
10,12|12|6|4|1|1|1|1|1|1,10,0,-1,a0,
10,12|12|6|3|2|1|1|1|1|1,10,2,361415,silent,361413
10,12|12|6|2|2|2|1|1|1|1,10,2,178173,silent,178171
10,12|12|5|5|1|1|1|1|1|1,10,1,85764,silent,85763
10,12|12|5|4|2|1|1|1|1|1,10,2,392875,silent,392873
10,12|12|5|3|3|1|1|1|1|1,10,2,301886,silent,301884
10,12|12|5|3|2|2|1|1|1|1,10,2,447097,silent,447095
10,12|12|5|2|2|2|2|1|1|1,10,1,146468,silent,146467
10,12|12|4|4|3|1|1|1|1|1,10,0,-1,a0,
10,12|12|4|4|2|2|1|1|1|1,10,3,276466,silent,276463
10,12|12|4|3|3|2|1|1|1|1,10,1,331274,silent,331273
10,12|12|4|3|2|2|2|1|1|1,10,1,261937,silent,261936
10,12|12|4|2|2|2|2|2|1|1,10,0,-1,a0,
10,12|12|3|3|3|3|1|1|1|1,10,1,61629,silent,61628
10,12|12|3|3|3|2|2|1|1|1,10,0,-1,a0,
10,12|12|3|3|2|2|2|2|1|1,10,1,61941,silent,61940
10,12|12|3|2|2|2|2|2|2|1,10,0,-1,a0,
10,12|12|2|2|2|2|2|2|2|2,10,1,1079,silent,1078
10,12|11|10|1|1|1|1|1|1|1,10,0,-1,a0,
10,12|11|9|2|1|1|1|1|1|1,10,1,57602,silent,57601
10,12|11|8|3|1|1|1|1|1|1,10,2,218698,silent,218696
10,12|11|8|2|2|1|1|1|1|1,10,1,214262,silent,214261
10,12|11|7|4|1|1|1|1|1|1,10,2,414738,silent,414736
10,12|11|7|3|2|1|1|1|1|1,10,5,844487,silent,844482
10,12|11|7|2|2|2|1|1|1|1,10,2,406300,silent,406298
10,12|11|6|5|1|1|1|1|1|1,10,3,374444,silent,374441
10,12|11|6|4|2|1|1|1|1|1,10,7,1337769,silent,1337762
10,12|11|6|3|3|1|1|1|1|1,10,5,955065,silent,955060
10,12|11|6|3|2|2|1|1|1|1,10,7,1391092,silent,1391085
10,12|11|6|2|2|2|2|1|1|1,10,3,436307,silent,436304
10,12|11|5|5|2|1|1|1|1|1,10,3,700825,silent,700822
10,12|11|5|4|3|1|1|1|1|1,10,5,1344906,silent,1344901
10,12|11|5|4|2|2|1|1|1|1,10,7,1599599,silent,1599592
10,12|11|5|3|3|2|1|1|1|1,10,6,1545850,silent,1545844
10,12|11|5|3|2|2|2|1|1|1,10,6,1173975,silent,1173969
10,12|11|5|2|2|2|2|2|1|1,10,2,268659,silent,268657
10,12|11|4|4|4|1|1|1|1|1,10,0,-1,a0,
10,12|11|4|4|3|2|1|1|1|1,10,4,1198617,silent,1198613
10,12|11|4|4|2|2|2|1|1|1,10,2,743065,silent,743063
10,12|11|4|3|3|3|1|1|1|1,10,1,562112,silent,562111
10,12|11|4|3|3|2|2|1|1|1,10,2,972707,silent,972705
10,12|11|4|3|2|2|2|2|1|1,10,2,498069,silent,498067
10,12|11|4|2|2|2|2|2|2|1,10,1,88188,silent,88187
10,12|11|3|3|3|3|2|1|1|1,10,0,-1,a0,
10,12|11|3|3|3|2|2|2|1|1,10,0,-1,a0,
10,12|11|3|3|2|2|2|2|2|1,10,0,-1,a0,
10,12|11|3|2|2|2|2|2|2|2,10,0,-1,a0,
10,12|10|10|2|1|1|1|1|1|1,10,0,-1,a0,
10,12|10|9|3|1|1|1|1|1|1,10,1,178786,silent,178785
10,12|10|9|2|2|1|1|1|1|1,10,1,174263,silent,174262
10,12|10|8|4|1|1|1|1|1|1,10,2,486716,silent,486714
10,12|10|8|3|2|1|1|1|1|1,10,6,973737,silent,973731
10,12|10|8|2|2|2|1|1|1|1,10,4,464139,silent,464135
10,12|10|7|5|1|1|1|1|1|1,10,4,659336,silent,659332
10,12|10|7|4|2|1|1|1|1|1,10,10,2156632,silent,2156622
10,12|10|7|3|3|1|1|1|1|1,10,7,1491807,silent,1491800
10,12|10|7|3|2|2|1|1|1|1,10,10,2151761,silent,2151751
10,12|10|7|2|2|2|2|1|1|1,10,4,660279,silent,660275
10,12|10|6|6|1|1|1|1|1|1,10,1,323201,silent,323200
10,12|10|6|5|2|1|1|1|1|1,10,10,2088669,silent,2088659
10,12|10|6|4|3|1|1|1|1|1,10,11,3154479,silent,3154468
10,12|10|6|4|2|2|1|1|1|1,10,17,3691234,silent,3691217
10,12|10|6|3|3|2|1|1|1|1,10,10,3315460,silent,3315450
10,12|10|6|3|2|2|2|1|1|1,10,9,2466873,silent,2466864
10,12|10|6|2|2|2|2|2|1|1,10,2,539092,silent,539090
10,12|10|5|5|3|1|1|1|1|1,10,8,1809508,silent,1809500
10,12|10|5|5|2|2|1|1|1|1,10,7,1999025,silent,1999018
10,12|10|5|4|4|1|1|1|1|1,10,5,1489058,silent,1489053
10,12|10|5|4|3|2|1|1|1|1,10,14,4964847,silent,4964833
10,12|10|5|4|2|2|2|1|1|1,10,10,2962200,silent,2962190
10,12|10|5|3|3|3|1|1|1|1,10,3,1832071,silent,1832068
10,12|10|5|3|3|2|2|1|1|1,10,6,3114831,silent,3114825
10,12|10|5|3|2|2|2|2|1|1,10,5,1529859,silent,1529854
10,12|10|5|2|2|2|2|2|2|1,10,2,245978,silent,245976
10,12|10|4|4|4|2|1|1|1|1,10,4,1353225,silent,1353221
10,12|10|4|4|3|3|1|1|1|1,10,1,1547228,silent,1547227
10,12|10|4|4|3|2|2|1|1|1,10,5,2488172,silent,2488167
10,12|10|4|4|2|2|2|2|1|1,10,1,988969,silent,988968
10,12|10|4|3|3|3|2|1|1|1,10,1,1509917,silent,1509916
10,12|10|4|3|3|2|2|2|1|1,10,1,1355517,silent,1355516
10,12|10|4|3|2|2|2|2|2|1,10,1,469900,silent,469899
10,12|10|4|2|2|2|2|2|2|2,10,1,51713,silent,51712
10,12|10|3|3|3|3|3|1|1|1,10,0,-1,a0,
10,12|10|3|3|3|3|2|2|1|1,10,0,-1,a0,
10,12|10|3|3|3|2|2|2|2|1,10,0,-1,a0,
10,12|10|3|3|2|2|2|2|2|2,10,0,-1,a0,
10,12|9|9|4|1|1|1|1|1|1,10,2,221883,silent,221881
10,12|9|9|3|2|1|1|1|1|1,10,2,438862,silent,438860
10,12|9|9|2|2|2|1|1|1|1,10,1,207406,silent,207405
10,12|9|8|5|1|1|1|1|1|1,10,3,553802,silent,553799
10,12|9|8|4|2|1|1|1|1|1,10,8,1747801,silent,1747793
10,12|9|8|3|3|1|1|1|1|1,10,5,1191749,silent,1191744
10,12|9|8|3|2|2|1|1|1|1,10,8,1711022,silent,1711014
10,12|9|8|2|2|2|2|1|1|1,10,3,519259,silent,519256
10,12|9|7|6|1|1|1|1|1|1,10,2,543478,silent,543476
10,12|9|7|5|2|1|1|1|1|1,10,11,2737876,silent,2737865
10,12|9|7|4|3|1|1|1|1|1,10,13,3823417,silent,3823404
10,12|9|7|4|2|2|1|1|1|1,10,16,4430783,silent,4430767
10,12|9|7|3|3|2|1|1|1|1,10,12,3864914,silent,3864902
10,12|9|7|3|2|2|2|1|1|1,10,11,2844338,silent,2844327
10,12|9|7|2|2|2|2|2|1|1,10,4,609810,silent,609806
10,12|9|6|6|2|1|1|1|1|1,10,6,1424517,silent,1424511
10,12|9|6|5|3|1|1|1|1|1,10,15,4234208,silent,4234193
10,12|9|6|5|2|2|1|1|1|1,10,16,4605110,silent,4605094
10,12|9|6|4|4|1|1|1|1|1,10,7,2811383,silent,2811376
10,12|9|6|4|3|2|1|1|1|1,10,23,9028325,silent,9028302
10,12|9|6|4|2|2|2|1|1|1,10,15,5280997,silent,5280982
10,12|9|6|3|3|3|1|1|1|1,10,5,3070275,silent,3070270
10,12|9|6|3|3|2|2|1|1|1,10,9,5173353,silent,5173344
10,12|9|6|3|2|2|2|2|1|1,10,6,2485494,silent,2485488
10,12|9|6|2|2|2|2|2|2|1,10,2,382725,silent,382723
10,12|9|5|5|4|1|1|1|1|1,10,7,2055878,silent,2055871
10,12|9|5|5|3|2|1|1|1|1,10,15,5397057,silent,5397042
10,12|9|5|5|2|2|2|1|1|1,10,10,2963837,silent,2963827
10,12|9|5|4|4|2|1|1|1|1,10,10,4844154,silent,4844144
10,12|9|5|4|3|3|1|1|1|1,10,8,5162952,silent,5162944
10,12|9|5|4|3|2|2|1|1|1,10,14,8160311,silent,8160297
10,12|9|5|4|2|2|2|2|1|1,10,7,3118427,silent,3118420
10,12|9|5|3|3|3|2|1|1|1,10,1,3900799,silent,3900798
10,12|9|5|3|3|2|2|2|1|1,10,2,3430696,silent,3430694
10,12|9|5|3|2|2|2|2|2|1,10,1,1139550,silent,1139549
10,12|9|5|2|2|2|2|2|2|2,10,0,-1,a0,
10,12|9|4|4|4|3|1|1|1|1,10,2,1832048,silent,1832046
10,12|9|4|4|4|2|2|1|1|1,10,4,2364376,silent,2364372
10,12|9|4|4|3|3|2|1|1|1,10,3,3412527,silent,3412524
10,12|9|4|4|3|2|2|2|1|1,10,3,2815160,silent,2815157
10,12|9|4|4|2|2|2|2|2|1,10,2,756405,silent,756403
10,12|9|4|3|3|3|3|1|1|1,10,0,-1,a0,
10,12|9|4|3|3|3|2|2|1|1,10,0,-1,a0,
10,12|9|4|3|3|2|2|2|2|1,10,0,-1,a0,
10,12|9|4|3|2|2|2|2|2|2,10,0,-1,a0,
10,12|9|3|3|3|3|3|2|1|1,10,0,-1,a0,
10,12|9|3|3|3|3|2|2|2|1,10,0,-1,a0,
10,12|9|3|3|3|2|2|2|2|2,10,0,-1,a0,
10,12|8|8|6|1|1|1|1|1|1,10,1,278009,silent,278008
10,12|8|8|5|2|1|1|1|1|1,10,6,1308079,silent,1308073
10,12|8|8|4|3|1|1|1|1|1,10,6,1774966,silent,1774960
10,12|8|8|4|2|2|1|1|1|1,10,9,2051933,silent,2051924
10,12|8|8|3|3|2|1|1|1|1,10,3,1765606,silent,1765603
10,12|8|8|3|2|2|2|1|1|1,10,4,1293669,silent,1293665
10,12|8|8|2|2|2|2|2|1|1,10,0,-1,a0,
10,12|8|7|7|1|1|1|1|1|1,10,1,184416,silent,184415
10,12|8|7|6|2|1|1|1|1|1,10,6,1684722,silent,1684716
10,12|8|7|5|3|1|1|1|1|1,10,13,3976727,silent,3976714
10,12|8|7|5|2|2|1|1|1|1,10,14,4290207,silent,4290193
10,12|8|7|4|4|1|1|1|1|1,10,6,2475045,silent,2475039
10,12|8|7|4|3|2|1|1|1|1,10,19,7815056,silent,7815037
10,12|8|7|4|2|2|2|1|1|1,10,12,4528191,silent,4528179
10,12|8|7|3|3|3|1|1|1|1,10,4,2571908,silent,2571904
10,12|8|7|3|3|2|2|1|1|1,10,7,4312943,silent,4312936
10,12|8|7|3|2|2|2|2|1|1,10,5,2050835,silent,2050830
10,12|8|7|2|2|2|2|2|2|1,10,1,309317,silent,309316
10,12|8|6|6|3|1|1|1|1|1,10,6,2316574,silent,2316568
10,12|8|6|6|2|2|1|1|1|1,10,8,2443791,silent,2443783
10,12|8|6|5|4|1|1|1|1|1,10,12,3838658,silent,3838646
10,12|8|6|5|3|2|1|1|1|1,10,22,9720023,silent,9720001
10,12|8|6|5|2|2|2|1|1|1,10,12,5237563,silent,5237551
10,12|8|6|4|4|2|1|1|1|1,10,16,7070548,silent,7070532
10,12|8|6|4|3|3|1|1|1|1,10,9,7306481,silent,7306472
10,12|8|6|4|3|2|2|1|1|1,10,18,11452772,silent,11452754
10,12|8|6|4|2|2|2|2|1|1,10,6,4284675,silent,4284669
10,12|8|6|3|3|3|2|1|1|1,10,3,5062086,silent,5062083
10,12|8|6|3|3|2|2|2|1|1,10,4,4407224,silent,4407220
10,12|8|6|3|2|2|2|2|2|1,10,2,1432968,silent,1432966
10,12|8|6|2|2|2|2|2|2|2,10,1,136755,silent,136754
10,12|8|5|5|5|1|1|1|1|1,10,3,919567,silent,919564
10,12|8|5|5|4|2|1|1|1|1,10,13,5477032,silent,5477019
10,12|8|5|5|3|3|1|1|1|1,10,8,4703151,silent,4703143
10,12|8|5|5|3|2|2|1|1|1,10,11,7199284,silent,7199273
10,12|8|5|5|2|2|2|2|1|1,10,5,2521584,silent,2521579
10,12|8|5|4|4|3|1|1|1|1,10,8,5349347,silent,5349339
10,12|8|5|4|4|2|2|1|1|1,10,10,6798032,silent,6798022
10,12|8|5|4|3|3|2|1|1|1,10,6,9138215,silent,9138209
10,12|8|5|4|3|2|2|2|1|1,10,6,7397184,silent,7397178
10,12|8|5|4|2|2|2|2|2|1,10,2,1904722,silent,1904720
10,12|8|5|3|3|3|3|1|1|1,10,0,-1,a0,
10,12|8|5|3|3|3|2|2|1|1,10,0,-1,a0,
10,12|8|5|3|3|2|2|2|2|1,10,0,-1,a0,
10,12|8|5|3|2|2|2|2|2|2,10,0,-1,a0,
10,12|8|4|4|4|4|1|1|1|1,10,1,857868,silent,857867
10,12|8|4|4|4|3|2|1|1|1,10,4,3482974,silent,3482970
10,12|8|4|4|4|2|2|2|1|1,10,2,2259263,silent,2259261
10,12|8|4|4|3|3|3|1|1|1,10,0,-1,a0,
10,12|8|4|4|3|3|2|2|1|1,10,2,3559947,silent,3559945
10,12|8|4|4|3|2|2|2|2|1,10,1,1831693,silent,1831692
10,12|8|4|4|2|2|2|2|2|2,10,1,296841,silent,296840
10,12|8|4|3|3|3|3|2|1|1,10,0,-1,a0,
10,12|8|4|3|3|3|2|2|2|1,10,0,-1,a0,
10,12|8|4|3|3|2|2|2|2|2,10,0,-1,a0,
10,12|8|3|3|3|3|3|3|1|1,10,0,-1,a0,
10,12|8|3|3|3|3|3|2|2|1,10,0,-1,a0,
10,12|8|3|3|3|3|2|2|2|2,10,0,-1,a0,
10,12|7|7|7|2|1|1|1|1|1,10,1,320028,silent,320027
10,12|7|7|6|3|1|1|1|1|1,10,3,1528641,silent,1528638
10,12|7|7|6|2|2|1|1|1|1,10,4,1599308,silent,1599304
10,12|7|7|5|4|1|1|1|1|1,10,5,2066704,silent,2066699
10,12|7|7|5|3|2|1|1|1|1,10,13,5162029,silent,5162016
10,12|7|7|5|2|2|2|1|1|1,10,8,2760638,silent,2760630
10,12|7|7|4|4|2|1|1|1|1,10,6,3544546,silent,3544540
10,12|7|7|4|3|3|1|1|1|1,10,5,3625108,silent,3625103
10,12|7|7|4|3|2|2|1|1|1,10,9,5658080,silent,5658071
10,12|7|7|4|2|2|2|2|1|1,10,5,2102374,silent,2102369
10,12|7|7|3|3|3|2|1|1|1,10,1,2431517,silent,2431516
10,12|7|7|3|3|2|2|2|1|1,10,0,-1,a0,
10,12|7|7|3|2|2|2|2|2|1,10,0,-1,a0,
10,12|7|7|2|2|2|2|2|2|2,10,0,-1,a0,
10,12|7|6|6|4|1|1|1|1|1,10,3,1626832,silent,1626829
10,12|7|6|6|3|2|1|1|1|1,10,7,3808844,silent,3808837
10,12|7|6|6|2|2|2|1|1|1,10,3,1980412,silent,1980409
10,12|7|6|5|5|1|1|1|1|1,10,4,1312394,silent,1312390
10,12|7|6|5|4|2|1|1|1|1,10,14,7228914,silent,7228900
10,12|7|6|5|3|3|1|1|1|1,10,9,6033800,silent,6033791
10,12|7|6|5|3|2|2|1|1|1,10,13,9167228,silent,9167215
10,12|7|6|5|2|2|2|2|1|1,10,4,3149502,silent,3149498
10,12|7|6|4|4|3|1|1|1|1,10,7,5604597,silent,5604590
10,12|7|6|4|4|2|2|1|1|1,10,10,7066984,silent,7066974
10,12|7|6|4|3|3|2|1|1|1,10,7,9239810,silent,9239803
10,12|7|6|4|3|2|2|2|1|1,10,6,7409789,silent,7409783
10,12|7|6|4|2|2|2|2|2|1,10,2,1871882,silent,1871880
10,12|7|6|3|3|3|3|1|1|1,10,0,-1,a0,
10,12|7|6|3|3|3|2|2|1|1,10,0,-1,a0,
10,12|7|6|3|3|2|2|2|2|1,10,0,-1,a0,
10,12|7|6|3|2|2|2|2|2|2,10,0,-1,a0,
10,12|7|5|5|5|2|1|1|1|1,10,6,1983559,silent,1983553
10,12|7|5|5|4|3|1|1|1|1,10,8,4867928,silent,4867920
10,12|7|5|5|4|2|2|1|1|1,10,9,5999985,silent,5999976
10,12|7|5|5|3|3|2|1|1|1,10,3,6507727,silent,6507724
10,12|7|5|5|3|2|2|2|1|1,10,2,5080268,silent,5080266
10,12|7|5|5|2|2|2|2|2|1,10,0,-1,a0,
10,12|7|5|4|4|4|1|1|1|1,10,3,1999358,silent,1999355
10,12|7|5|4|4|3|2|1|1|1,10,8,7851296,silent,7851288
10,12|7|5|4|4|2|2|2|1|1,10,6,5008494,silent,5008488
10,12|7|5|4|3|3|3|1|1|1,10,1,4243835,silent,4243834
10,12|7|5|4|3|3|2|2|1|1,10,1,7355139,silent,7355138
10,12|7|5|4|3|2|2|2|2|1,10,1,3712476,silent,3712475
10,12|7|5|4|2|2|2|2|2|2,10,0,-1,a0,
10,12|7|5|3|3|3|3|2|1|1,10,0,-1,a0,
10,12|7|5|3|3|3|2|2|2|1,10,0,-1,a0,
10,12|7|5|3|3|2|2|2|2|2,10,0,-1,a0,
10,12|7|4|4|4|4|2|1|1|1,10,2,1459989,silent,1459987
10,12|7|4|4|4|3|3|1|1|1,10,1,1853615,silent,1853614
10,12|7|4|4|4|3|2|2|1|1,10,3,3013730,silent,3013727
10,12|7|4|4|4|2|2|2|2|1,10,2,1210753,silent,1210751
10,12|7|4|4|3|3|3|2|1|1,10,0,-1,a0,
10,12|7|4|4|3|3|2|2|2|1,10,0,-1,a0,
10,12|7|4|4|3|2|2|2|2|2,10,0,-1,a0,
10,12|7|4|3|3|3|3|3|1|1,10,0,-1,a0,
10,12|7|4|3|3|3|3|2|2|1,10,0,-1,a0,
10,12|7|4|3|3|3|2|2|2|2,10,0,-1,a0,
10,12|7|3|3|3|3|3|3|2|1,10,0,-1,a0,
10,12|7|3|3|3|3|3|2|2|2,10,0,-1,a0,
10,12|6|6|6|5|1|1|1|1|1,10,1,386864,silent,386863
10,12|6|6|6|4|2|1|1|1|1,10,3,1693570,silent,1693567
10,12|6|6|6|3|3|1|1|1|1,10,2,1323356,silent,1323354
10,12|6|6|6|3|2|2|1|1|1,10,2,1984423,silent,1984421
10,12|6|6|6|2|2|2|2|1|1,10,0,-1,a0,
10,12|6|6|5|5|2|1|1|1|1,10,2,1530811,silent,1530809
10,12|6|6|5|4|3|1|1|1|1,10,5,3526060,silent,3526055
10,12|6|6|5|4|2|2|1|1|1,10,4,4316667,silent,4316663
10,12|6|6|5|3|3|2|1|1|1,10,4,4574588,silent,4574584
10,12|6|6|5|3|2|2|2|1|1,10,3,3543595,silent,3543592
10,12|6|6|5|2|2|2|2|2|1,10,1,821697,silent,821696
10,12|6|6|4|4|4|1|1|1|1,10,2,1184325,silent,1184323
10,12|6|6|4|4|3|2|1|1|1,10,4,4577806,silent,4577802
10,12|6|6|4|4|2|2|2|1|1,10,1,2894324,silent,2894323
10,12|6|6|4|3|3|3|1|1|1,10,1,2406423,silent,2406422
10,12|6|6|4|3|3|2|2|1|1,10,2,4159339,silent,4159337
10,12|6|6|4|3|2|2|2|2|1,10,1,2080851,silent,2080850
10,12|6|6|4|2|2|2|2|2|2,10,1,318507,silent,318506
10,12|6|6|3|3|3|3|2|1|1,10,0,-1,a0,
10,12|6|6|3|3|3|2|2|2|1,10,0,-1,a0,
10,12|6|6|3|3|2|2|2|2|2,10,0,-1,a0,
10,12|6|5|5|5|3|1|1|1|1,10,2,1356106,silent,1356104
10,12|6|5|5|5|2|2|1|1|1,10,2,1558476,silent,1558474
10,12|6|5|5|4|4|1|1|1|1,10,2,1386366,silent,1386364
10,12|6|5|5|4|3|2|1|1|1,10,4,5039826,silent,5039822
10,12|6|5|5|4|2|2|2|1|1,10,2,3106591,silent,3106589
10,12|6|5|5|3|3|3|1|1|1,10,0,-1,a0,
10,12|6|5|5|3|3|2|2|1|1,10,0,-1,a0,
10,12|6|5|5|3|2|2|2|2|1,10,0,-1,a0,
10,12|6|5|5|2|2|2|2|2|2,10,0,-1,a0,
10,12|6|5|4|4|4|2|1|1|1,10,3,2373748,silent,2373745
10,12|6|5|4|4|3|3|1|1|1,10,2,2929499,silent,2929497
10,12|6|5|4|4|3|2|2|1|1,10,3,4729969,silent,4729966
10,12|6|5|4|4|2|2|2|2|1,10,1,1865497,silent,1865496
10,12|6|5|4|3|3|3|2|1|1,10,0,-1,a0,
10,12|6|5|4|3|3|2|2|2|1,10,0,-1,a0,
10,12|6|5|4|3|2|2|2|2|2,10,0,-1,a0,
10,12|6|5|3|3|3|3|3|1|1,10,0,-1,a0,
10,12|6|5|3|3|3|3|2|2|1,10,0,-1,a0,
10,12|6|5|3|3|3|2|2|2|2,10,0,-1,a0,
10,12|6|4|4|4|4|3|1|1|1,10,1,781523,silent,781522
10,12|6|4|4|4|4|2|2|1|1,10,1,1021103,silent,1021102
10,12|6|4|4|4|3|3|2|1|1,10,1,1643841,silent,1643840
10,12|6|4|4|4|3|2|2|2|1,10,1,1320568,silent,1320567
10,12|6|4|4|4|2|2|2|2|2,10,1,307230,silent,307229
10,12|6|4|4|3|3|3|3|1|1,10,0,-1,a0,
10,12|6|4|4|3|3|3|2|2|1,10,0,-1,a0,
10,12|6|4|4|3|3|2|2|2|2,10,0,-1,a0,
10,12|6|4|3|3|3|3|3|2|1,10,0,-1,a0,
10,12|6|4|3|3|3|3|2|2|2,10,0,-1,a0,
10,12|6|3|3|3|3|3|3|3|1,10,0,-1,a0,
10,12|6|3|3|3|3|3|3|2|2,10,0,-1,a0,
10,12|5|5|5|5|4|1|1|1|1,10,1,265721,silent,265720
10,12|5|5|5|5|3|2|1|1|1,10,0,-1,a0,
10,12|5|5|5|5|2|2|2|1|1,10,0,-1,a0,
10,12|5|5|5|4|4|2|1|1|1,10,2,880844,silent,880842
10,12|5|5|5|4|3|3|1|1|1,10,0,-1,a0,
10,12|5|5|5|4|3|2|2|1|1,10,0,-1,a0,
10,12|5|5|5|4|2|2|2|2|1,10,0,-1,a0,
10,12|5|5|5|3|3|3|2|1|1,10,0,-1,a0,
10,12|5|5|5|3|3|2|2|2|1,10,0,-1,a0,
10,12|5|5|5|3|2|2|2|2|2,10,0,-1,a0,
10,12|5|5|4|4|4|3|1|1|1,10,1,673692,silent,673691
10,12|5|5|4|4|4|2|2|1|1,10,2,878790,silent,878788
10,12|5|5|4|4|3|3|2|1|1,10,0,-1,a0,
10,12|5|5|4|4|3|2|2|2|1,10,0,-1,a0,
10,12|5|5|4|4|2|2|2|2|2,10,0,-1,a0,
10,12|5|5|4|3|3|3|3|1|1,10,0,-1,a0,
10,12|5|5|4|3|3|3|2|2|1,10,0,-1,a0,
10,12|5|5|4|3|3|2|2|2|2,10,0,-1,a0,
10,12|5|5|3|3|3|3|3|2|1,10,0,-1,a0,
10,12|5|5|3|3|3|3|2|2|2,10,0,-1,a0,
10,12|5|4|4|4|4|4|1|1|1,10,0,-1,a0,
10,12|5|4|4|4|4|3|2|1|1,10,1,501802,silent,501801
10,12|5|4|4|4|4|2|2|2|1,10,1,318924,silent,318923
10,12|5|4|4|4|3|3|3|1|1,10,0,-1,a0,
10,12|5|4|4|4|3|3|2|2|1,10,0,-1,a0,
10,12|5|4|4|4|3|2|2|2|2,10,0,-1,a0,
10,12|5|4|4|3|3|3|3|2|1,10,0,-1,a0,
10,12|5|4|4|3|3|3|2|2|2,10,0,-1,a0,
10,12|5|4|3|3|3|3|3|3|1,10,0,-1,a0,
10,12|5|4|3|3|3|3|3|2|2,10,0,-1,a0,
10,12|5|3|3|3|3|3|3|3|2,10,0,-1,a0,
10,12|4|4|4|4|4|4|2|1|1,10,0,-1,a0,
10,12|4|4|4|4|4|3|3|1|1,10,0,-1,a0,
10,12|4|4|4|4|4|3|2|2|1,10,0,-1,a0,
10,12|4|4|4|4|4|2|2|2|2,10,1,31699,silent,31698
10,12|4|4|4|4|3|3|3|2|1,10,0,-1,a0,
10,12|4|4|4|4|3|3|2|2|2,10,0,-1,a0,
10,12|4|4|4|3|3|3|3|3|1,10,0,-1,a0,
10,12|4|4|4|3|3|3|3|2|2,10,0,-1,a0,
10,12|4|4|3|3|3|3|3|3|2,10,0,-1,a0,
10,12|4|3|3|3|3|3|3|3|3,10,0,-1,a0,
10,11|11|11|1|1|1|1|1|1|1,10,1,891,silent,890
10,11|11|10|2|1|1|1|1|1|1,10,0,-1,a0,
10,11|11|9|3|1|1|1|1|1|1,10,1,80715,silent,80714
10,11|11|9|2|2|1|1|1|1|1,10,0,-1,a0,
10,11|11|8|4|1|1|1|1|1|1,10,3,204681,silent,204678
10,11|11|8|3|2|1|1|1|1|1,10,2,407327,silent,407325
10,11|11|8|2|2|2|1|1|1|1,10,1,193205,silent,193204
10,11|11|7|5|1|1|1|1|1|1,10,1,267868,silent,267867
10,11|11|7|4|2|1|1|1|1|1,10,4,873432,silent,873428
10,11|11|7|3|3|1|1|1|1|1,10,3,603478,silent,603475
10,11|11|7|3|2|2|1|1|1|1,10,5,869688,silent,869683
10,11|11|7|2|2|2|2|1|1|1,10,2,266584,silent,266582
10,11|11|6|6|1|1|1|1|1|1,10,2,130484,silent,130482
10,11|11|6|5|2|1|1|1|1|1,10,4,833799,silent,833795
10,11|11|6|4|3|1|1|1|1|1,10,7,1256127,silent,1256120
10,11|11|6|4|2|2|1|1|1|1,10,3,1466384,silent,1466381
10,11|11|6|3|3|2|1|1|1|1,10,5,1317470,silent,1317465
10,11|11|6|3|2|2|2|1|1|1,10,4,978843,silent,978839
10,11|11|6|2|2|2|2|2|1|1,10,3,214471,silent,214468
10,11|11|5|5|3|1|1|1|1|1,10,2,714861,silent,714859
10,11|11|5|5|2|2|1|1|1|1,10,6,790828,silent,790822
10,11|11|5|4|4|1|1|1|1|1,10,2,587168,silent,587166
10,11|11|5|4|3|2|1|1|1|1,10,5,1955500,silent,1955495
10,11|11|5|4|2|2|2|1|1|1,10,5,1165886,silent,1165881
10,11|11|5|3|3|3|1|1|1|1,10,1,719959,silent,719958
10,11|11|5|3|3|2|2|1|1|1,10,2,1223998,silent,1223996
10,11|11|5|3|2|2|2|2|1|1,10,1,600206,silent,600205
10,11|11|5|2|2|2|2|2|2|1,10,0,-1,a0,
10,11|11|4|4|4|2|1|1|1|1,10,0,-1,a0,
10,11|11|4|4|3|3|1|1|1|1,10,3,607021,silent,607018
10,11|11|4|4|3|2|2|1|1|1,10,1,973689,silent,973688
10,11|11|4|4|2|2|2|2|1|1,10,3,388059,silent,388056
10,11|11|4|3|3|3|2|1|1|1,10,0,-1,a0,
10,11|11|4|3|3|2|2|2|1|1,10,0,-1,a0,
10,11|11|4|3|2|2|2|2|2|1,10,0,-1,a0,
10,11|11|4|2|2|2|2|2|2|2,10,0,-1,a0,
10,11|11|3|3|3|3|3|1|1|1,10,0,-1,a0,
10,11|11|3|3|3|3|2|2|1|1,10,0,-1,a0,
10,11|11|3|3|3|2|2|2|2|1,10,0,-1,a0,
10,11|11|3|3|2|2|2|2|2|2,10,0,-1,a0,
10,11|10|10|3|1|1|1|1|1|1,10,0,-1,a0,
10,11|10|10|2|2|1|1|1|1|1,10,1,46256,silent,46255
10,11|10|9|4|1|1|1|1|1|1,10,1,217092,silent,217091
10,11|10|9|3|2|1|1|1|1|1,10,3,428524,silent,428521
10,11|10|9|2|2|2|1|1|1|1,10,1,202403,silent,202402
10,11|10|8|5|1|1|1|1|1|1,10,2,428346,silent,428344
10,11|10|8|4|2|1|1|1|1|1,10,8,1342796,silent,1342788
10,11|10|8|3|3|1|1|1|1|1,10,3,912396,silent,912393
10,11|10|8|3|2|2|1|1|1|1,10,6,1308570,silent,1308564
10,11|10|8|2|2|2|2|1|1|1,10,2,395730,silent,395728
10,11|10|7|6|1|1|1|1|1|1,10,2,390260,silent,390258
10,11|10|7|5|2|1|1|1|1|1,10,9,1943025,silent,1943016
10,11|10|7|4|3|1|1|1|1|1,10,10,2696464,silent,2696454
10,11|10|7|4|2|2|1|1|1|1,10,12,3121407,silent,3121395
10,11|10|7|3|3|2|1|1|1|1,10,8,2713575,silent,2713567
10,11|10|7|3|2|2|2|1|1|1,10,7,1993677,silent,1993670
10,11|10|7|2|2|2|2|2|1|1,10,2,425649,silent,425647
10,11|10|6|6|2|1|1|1|1|1,10,5,982726,silent,982721
10,11|10|6|5|3|1|1|1|1|1,10,10,2887928,silent,2887918
10,11|10|6|5|2|2|1|1|1|1,10,11,3137030,silent,3137019
10,11|10|6|4|4|1|1|1|1|1,10,7,1908382,silent,1908375
10,11|10|6|4|3|2|1|1|1|1,10,16,6112972,silent,6112956
10,11|10|6|4|2|2|2|1|1|1,10,9,3569560,silent,3569551
10,11|10|6|3|3|3|1|1|1|1,10,3,2070942,silent,2070939
10,11|10|6|3|3|2|2|1|1|1,10,6,3486833,silent,3486827
10,11|10|6|3|2|2|2|2|1|1,10,4,1671669,silent,1671665
10,11|10|6|2|2|2|2|2|2|1,10,1,256553,silent,256552
10,11|10|5|5|4|1|1|1|1|1,10,4,1375268,silent,1375264
10,11|10|5|5|3|2|1|1|1|1,10,10,3601521,silent,3601511
10,11|10|5|5|2|2|2|1|1|1,10,6,1974593,silent,1974587
10,11|10|5|4|4|2|1|1|1|1,10,8,3217423,silent,3217415
10,11|10|5|4|3|3|1|1|1|1,10,5,3422381,silent,3422376
10,11|10|5|4|3|2|2|1|1|1,10,9,5404913,silent,5404904
10,11|10|5|4|2|2|2|2|1|1,10,4,2061138,silent,2061134
10,11|10|5|3|3|3|2|1|1|1,10,1,2574623,silent,2574622
10,11|10|5|3|3|2|2|2|1|1,10,1,2261862,silent,2261861
10,11|10|5|3|2|2|2|2|2|1,10,1,749520,silent,749519
10,11|10|5|2|2|2|2|2|2|2,10,0,-1,a0,
10,11|10|4|4|4|3|1|1|1|1,10,2,1202606,silent,1202604
10,11|10|4|4|4|2|2|1|1|1,10,2,1550604,silent,1550602
10,11|10|4|4|3|3|2|1|1|1,10,2,2234286,silent,2234284
10,11|10|4|4|3|2|2|2|1|1,10,2,1840947,silent,1840945
10,11|10|4|4|2|2|2|2|2|1,10,1,493565,silent,493564
10,11|10|4|3|3|3|3|1|1|1,10,0,-1,a0,
10,11|10|4|3|3|3|2|2|1|1,10,0,-1,a0,
10,11|10|4|3|3|2|2|2|2|1,10,0,-1,a0,
10,11|10|4|3|2|2|2|2|2|2,10,0,-1,a0,
10,11|10|3|3|3|3|3|2|1|1,10,0,-1,a0,
10,11|10|3|3|3|3|2|2|2|1,10,0,-1,a0,
10,11|10|3|3|3|2|2|2|2|2,10,0,-1,a0,
10,11|9|9|5|1|1|1|1|1|1,10,1,214708,silent,214707
10,11|9|9|4|2|1|1|1|1|1,10,2,661431,silent,661429
10,11|9|9|3|3|1|1|1|1|1,10,3,447310,silent,447307
10,11|9|9|3|2|2|1|1|1|1,10,3,638871,silent,638868
10,11|9|9|2|2|2|2|1|1|1,10,2,192594,silent,192592
10,11|9|8|6|1|1|1|1|1|1,10,3,392386,silent,392383
10,11|9|8|5|2|1|1|1|1|1,10,8,1799109,silent,1799101
10,11|9|8|4|3|1|1|1|1|1,10,9,2415350,silent,2415341
10,11|9|8|4|2|2|1|1|1|1,10,9,2781886,silent,2781877
10,11|9|8|3|3|2|1|1|1|1,10,7,2384756,silent,2384749
10,11|9|8|3|2|2|2|1|1|1,10,6,1741491,silent,1741485
10,11|9|8|2|2|2|2|2|1|1,10,2,367791,silent,367789
10,11|9|7|7|1|1|1|1|1|1,10,0,-1,a0,
10,11|9|7|6|2|1|1|1|1|1,10,6,1838630,silent,1838624
10,11|9|7|5|3|1|1|1|1|1,10,13,4248203,silent,4248190
10,11|9|7|5|2|2|1|1|1|1,10,17,4573322,silent,4573305
10,11|9|7|4|4|1|1|1|1|1,10,6,2619559,silent,2619553
10,11|9|7|4|3|2|1|1|1|1,10,20,8237726,silent,8237706
10,11|9|7|4|2|2|2|1|1|1,10,14,4760226,silent,4760212
10,11|9|7|3|3|3|1|1|1|1,10,3,2693243,silent,2693240
10,11|9|7|3|3|2|2|1|1|1,10,6,4508894,silent,4508888
10,11|9|7|3|2|2|2|2|1|1,10,4,2137188,silent,2137184
10,11|9|7|2|2|2|2|2|2|1,10,1,320324,silent,320323
10,11|9|6|6|3|1|1|1|1|1,10,8,2310762,silent,2310754
10,11|9|6|6|2|2|1|1|1|1,10,4,2428802,silent,2428798
10,11|9|6|5|4|1|1|1|1|1,10,11,3753888,silent,3753877
10,11|9|6|5|3|2|1|1|1|1,10,22,9466454,silent,9466432
10,11|9|6|5|2|2|2|1|1|1,10,12,5086849,silent,5086837
10,11|9|6|4|4|2|1|1|1|1,10,12,6820913,silent,6820901
10,11|9|6|4|3|3|1|1|1|1,10,12,7030942,silent,7030930
10,11|9|6|4|3|2|2|1|1|1,10,16,11000951,silent,11000935
10,11|9|6|4|2|2|2|2|1|1,10,9,4106029,silent,4106020
10,11|9|6|3|3|3|2|1|1|1,10,2,4830953,silent,4830951
10,11|9|6|3|3|2|2|2|1|1,10,2,4196155,silent,4196153
10,11|9|6|3|2|2|2|2|2|1,10,1,1359834,silent,1359833
10,11|9|6|2|2|2|2|2|2|2,10,0,-1,a0,
10,11|9|5|5|5|1|1|1|1|1,10,3,867041,silent,867038
10,11|9|5|5|4|2|1|1|1|1,10,14,5127487,silent,5127473
10,11|9|5|5|3|3|1|1|1|1,10,4,4385952,silent,4385948
10,11|9|5|5|3|2|2|1|1|1,10,10,6706937,silent,6706927
10,11|9|5|5|2|2|2|2|1|1,10,2,2340041,silent,2340039
10,11|9|5|4|4|3|1|1|1|1,10,7,4945839,silent,4945832
10,11|9|5|4|4|2|2|1|1|1,10,11,6277097,silent,6277086
10,11|9|5|4|3|3|2|1|1|1,10,5,8410993,silent,8410988
10,11|9|5|4|3|2|2|2|1|1,10,5,6796203,silent,6796198
10,11|9|5|4|2|2|2|2|2|1,10,1,1743590,silent,1743589
10,11|9|5|3|3|3|3|1|1|1,10,0,-1,a0,
10,11|9|5|3|3|3|2|2|1|1,10,0,-1,a0,
10,11|9|5|3|3|2|2|2|2|1,10,0,-1,a0,
10,11|9|5|3|2|2|2|2|2|2,10,0,-1,a0,
10,11|9|4|4|4|4|1|1|1|1,10,0,-1,a0,
10,11|9|4|4|4|3|2|1|1|1,10,4,3145445,silent,3145441
10,11|9|4|4|4|2|2|2|1|1,10,4,2039128,silent,2039124
10,11|9|4|4|3|3|3|1|1|1,10,1,1832132,silent,1832131
10,11|9|4|4|3|3|2|2|1|1,10,0,-1,a0,
10,11|9|4|4|3|2|2|2|2|1,10,1,1642671,silent,1642670
10,11|9|4|4|2|2|2|2|2|2,10,0,-1,a0,
10,11|9|4|3|3|3|3|2|1|1,10,0,-1,a0,
10,11|9|4|3|3|3|2|2|2|1,10,0,-1,a0,
10,11|9|4|3|3|2|2|2|2|2,10,0,-1,a0,
10,11|9|3|3|3|3|3|3|1|1,10,0,-1,a0,
10,11|9|3|3|3|3|3|2|2|1,10,0,-1,a0,
10,11|9|3|3|3|3|2|2|2|2,10,0,-1,a0,
10,11|8|8|7|1|1|1|1|1|1,10,1,139497,silent,139496
10,11|8|8|6|2|1|1|1|1|1,10,5,983930,silent,983925
10,11|8|8|5|3|1|1|1|1|1,10,6,2120795,silent,2120789
10,11|8|8|5|2|2|1|1|1|1,10,7,2275285,silent,2275278
10,11|8|8|4|4|1|1|1|1|1,10,7,1278117,silent,1278110
10,11|8|8|4|3|2|1|1|1|1,10,8,3983960,silent,3983952
10,11|8|8|4|2|2|2|1|1|1,10,4,2290204,silent,2290200
10,11|8|8|3|3|3|1|1|1|1,10,1,1283118,silent,1283117
10,11|8|8|3|3|2|2|1|1|1,10,4,2145130,silent,2145126
10,11|8|8|3|2|2|2|2|1|1,10,2,1010445,silent,1010443
10,11|8|8|2|2|2|2|2|2|1,10,1,150324,silent,150323
10,11|8|7|7|2|1|1|1|1|1,10,2,666226,silent,666224
10,11|8|7|6|3|1|1|1|1|1,10,8,2900460,silent,2900452
10,11|8|7|6|2|2|1|1|1|1,10,8,3026022,silent,3026014
10,11|8|7|5|4|1|1|1|1|1,10,10,3775590,silent,3775580
10,11|8|7|5|3|2|1|1|1|1,10,20,9360352,silent,9360332
10,11|8|7|5|2|2|2|1|1|1,10,11,4982340,silent,4982329
10,11|8|7|4|4|2|1|1|1|1,10,13,6324090,silent,6324077
10,11|8|7|4|3|3|1|1|1|1,10,8,6425801,silent,6425793
10,11|8|7|4|3|2|2|1|1|1,10,14,10009390,silent,10009376
10,11|8|7|4|2|2|2|2|1|1,10,6,3696171,silent,3696165
10,11|8|7|3|3|3|2|1|1|1,10,2,4252736,silent,4252734
10,11|8|7|3|3|2|2|2|1|1,10,2,3673859,silent,3673857
10,11|8|7|3|2|2|2|2|2|1,10,1,1177243,silent,1177242
10,11|8|7|2|2|2|2|2|2|2,10,0,-1,a0,
10,11|8|6|6|4|1|1|1|1|1,10,6,2396179,silent,2396173
10,11|8|6|6|3|2|1|1|1|1,10,10,5569922,silent,5569912
10,11|8|6|6|2|2|2|1|1|1,10,4,2882871,silent,2882867
10,11|8|6|5|5|1|1|1|1|1,10,4,1871462,silent,1871458
10,11|8|6|5|4|2|1|1|1|1,10,19,10175839,silent,10175820
10,11|8|6|5|3|3|1|1|1|1,10,11,8445267,silent,8445256
10,11|8|6|5|3|2|2|1|1|1,10,17,12802422,silent,12802405
10,11|8|6|5|2|2|2|2|1|1,10,6,4375583,silent,4375577
10,11|8|6|4|4|3|1|1|1|1,10,12,7715472,silent,7715460
10,11|8|6|4|4|2|2|1|1|1,10,11,9705685,silent,9705674
10,11|8|6|4|3|3|2|1|1|1,10,9,12621104,silent,12621095
10,11|8|6|4|3|2|2|2|1|1,10,8,10091665,silent,10091657
10,11|8|6|4|2|2|2|2|2|1,10,3,2535361,silent,2535358
10,11|8|6|3|3|3|3|1|1|1,10,0,-1,a0,
10,11|8|6|3|3|3|2|2|1|1,10,0,-1,a0,
10,11|8|6|3|3|2|2|2|2|1,10,0,-1,a0,
10,11|8|6|3|2|2|2|2|2|2,10,0,-1,a0,
10,11|8|5|5|5|2|1|1|1|1,10,6,2571302,silent,2571296
10,11|8|5|5|4|3|1|1|1|1,10,9,6239486,silent,6239477
10,11|8|5|5|4|2|2|1|1|1,10,11,7673118,silent,7673107
10,11|8|5|5|3|3|2|1|1|1,10,4,8277760,silent,8277756
10,11|8|5|5|3|2|2|2|1|1,10,3,6443784,silent,6443781
10,11|8|5|5|2|2|2|2|2|1,10,0,-1,a0,
10,11|8|5|4|4|4|1|1|1|1,10,5,2512507,silent,2512502
10,11|8|5|4|4|3|2|1|1|1,10,9,9821955,silent,9821946
10,11|8|5|4|4|2|2|2|1|1,10,6,6246645,silent,6246639
10,11|8|5|4|3|3|3|1|1|1,10,1,5274098,silent,5274097
10,11|8|5|4|3|3|2|2|1|1,10,2,9128310,silent,9128308
10,11|8|5|4|3|2|2|2|2|1,10,1,4591420,silent,4591419
10,11|8|5|4|2|2|2|2|2|2,10,0,-1,a0,
10,11|8|5|3|3|3|3|2|1|1,10,0,-1,a0,
10,11|8|5|3|3|3|2|2|2|1,10,0,-1,a0,
10,11|8|5|3|3|2|2|2|2|2,10,0,-1,a0,
10,11|8|4|4|4|4|2|1|1|1,10,2,1752704,silent,1752702
10,11|8|4|4|4|3|3|1|1|1,10,2,2218374,silent,2218372
10,11|8|4|4|4|3|2|2|1|1,10,3,3601305,silent,3601302
10,11|8|4|4|4|2|2|2|2|1,10,2,1442175,silent,1442173
10,11|8|4|4|3|3|3|2|1|1,10,0,-1,a0,
10,11|8|4|4|3|3|2|2|2|1,10,0,-1,a0,
10,11|8|4|4|3|2|2|2|2|2,10,0,-1,a0,
10,11|8|4|3|3|3|3|3|1|1,10,0,-1,a0,
10,11|8|4|3|3|3|3|2|2|1,10,0,-1,a0,
10,11|8|4|3|3|3|2|2|2|2,10,0,-1,a0,
10,11|8|3|3|3|3|3|3|2|1,10,0,-1,a0,
10,11|8|3|3|3|3|3|2|2|2,10,0,-1,a0,
10,11|7|7|7|3|1|1|1|1|1,10,1,579682,silent,579681
10,11|7|7|7|2|2|1|1|1|1,10,3,596345,silent,596342
10,11|7|7|6|4|1|1|1|1|1,10,2,1644010,silent,1644008
10,11|7|7|6|3|2|1|1|1|1,10,7,3770794,silent,3770787
10,11|7|7|6|2|2|2|1|1|1,10,5,1938178,silent,1938173
10,11|7|7|5|5|1|1|1|1|1,10,4,1066821,silent,1066817
10,11|7|7|5|4|2|1|1|1|1,10,11,5623828,silent,5623817
10,11|7|7|5|3|3|1|1|1|1,10,5,4614168,silent,4614163
10,11|7|7|5|3|2|2|1|1|1,10,9,6967561,silent,6967552
10,11|7|7|5|2|2|2|2|1|1,10,2,2362513,silent,2362511
10,11|7|7|4|4|3|1|1|1|1,10,4,3980688,silent,3980684
10,11|7|7|4|4|2|2|1|1|1,10,10,4992718,silent,4992708
10,11|7|7|4|3|3|2|1|1|1,10,3,6413180,silent,6413177
10,11|7|7|4|3|2|2|2|1|1,10,3,5106310,silent,5106307
10,11|7|7|4|2|2|2|2|2|1,10,0,-1,a0,
10,11|7|7|3|3|3|3|1|1|1,10,0,-1,a0,
10,11|7|7|3|3|3|2|2|1|1,10,0,-1,a0,
10,11|7|7|3|3|2|2|2|2|1,10,0,-1,a0,
10,11|7|7|3|2|2|2|2|2|2,10,0,-1,a0,
10,11|7|6|6|5|1|1|1|1|1,10,1,1057297,silent,1057296
10,11|7|6|6|4|2|1|1|1|1,10,5,4518081,silent,4518076
10,11|7|6|6|3|3|1|1|1|1,10,5,3502978,silent,3502973
10,11|7|6|6|3|2|2|1|1|1,10,6,5228763,silent,5228757
10,11|7|6|6|2|2|2|2|1|1,10,3,1720086,silent,1720083
10,11|7|6|5|5|2|1|1|1|1,10,7,3803208,silent,3803201
10,11|7|6|5|4|3|1|1|1|1,10,11,8574830,silent,8574819
10,11|7|6|5|4|2|2|1|1|1,10,12,10461619,silent,10461607
10,11|7|6|5|3|3|2|1|1|1,10,7,10979011,silent,10979004
10,11|7|6|5|3|2|2|2|1|1,10,5,8465843,silent,8465838
10,11|7|6|5|2|2|2|2|2|1,10,1,1945534,silent,1945533
10,11|7|6|4|4|4|1|1|1|1,10,2,2765964,silent,2765962
10,11|7|6|4|4|3|2|1|1|1,10,10,10633960,silent,10633950
10,11|7|6|4|4|2|2|2|1|1,10,7,6701101,silent,6701094
10,11|7|6|4|3|3|3|1|1|1,10,1,5526845,silent,5526844
10,11|7|6|4|3|3|2|2|1|1,10,2,9523506,silent,9523504
10,11|7|6|4|3|2|2|2|2|1,10,1,4742275,silent,4742274
10,11|7|6|4|2|2|2|2|2|2,10,0,-1,a0,
10,11|7|6|3|3|3|3|2|1|1,10,0,-1,a0,
10,11|7|6|3|3|3|2|2|2|1,10,0,-1,a0,
10,11|7|6|3|3|2|2|2|2|2,10,0,-1,a0,
10,11|7|5|5|5|3|1|1|1|1,10,4,2595442,silent,2595438
10,11|7|5|5|5|2|2|1|1|1,10,2,2972140,silent,2972138
10,11|7|5|5|4|4|1|1|1|1,10,6,2610320,silent,2610314
10,11|7|5|5|4|3|2|1|1|1,10,7,9417506,silent,9417499
10,11|7|5|5|4|2|2|2|1|1,10,2,5777192,silent,5777190
10,11|7|5|5|3|3|3|1|1|1,10,0,-1,a0,
10,11|7|5|5|3|3|2|2|1|1,10,1,6811707,silent,6811706
10,11|7|5|5|3|2|2|2|2|1,10,0,-1,a0,
10,11|7|5|5|2|2|2|2|2|2,10,0,-1,a0,
10,11|7|5|4|4|4|2|1|1|1,10,7,4267549,silent,4267542
10,11|7|5|4|4|3|3|1|1|1,10,2,5237175,silent,5237173
10,11|7|5|4|4|3|2|2|1|1,10,5,8438248,silent,8438243
10,11|7|5|4|4|2|2|2|2|1,10,1,3311011,silent,3311010
10,11|7|5|4|3|3|3|2|1|1,10,0,-1,a0,
10,11|7|5|4|3|3|2|2|2|1,10,0,-1,a0,
10,11|7|5|4|3|2|2|2|2|2,10,0,-1,a0,
10,11|7|5|3|3|3|3|3|1|1,10,0,-1,a0,
10,11|7|5|3|3|3|3|2|2|1,10,0,-1,a0,
10,11|7|5|3|3|3|2|2|2|2,10,0,-1,a0,
10,11|7|4|4|4|4|3|1|1|1,10,1,1276900,silent,1276899
10,11|7|4|4|4|4|2|2|1|1,10,4,1668899,silent,1668895
10,11|7|4|4|4|3|3|2|1|1,10,1,2666320,silent,2666319
10,11|7|4|4|4|3|2|2|2|1,10,1,2137146,silent,2137145
10,11|7|4|4|4|2|2|2|2|2,10,0,-1,a0,
10,11|7|4|4|3|3|3|3|1|1,10,0,-1,a0,
10,11|7|4|4|3|3|3|2|2|1,10,0,-1,a0,
10,11|7|4|4|3|3|2|2|2|2,10,0,-1,a0,
10,11|7|4|3|3|3|3|3|2|1,10,0,-1,a0,
10,11|7|4|3|3|3|3|2|2|2,10,0,-1,a0,
10,11|7|3|3|3|3|3|3|3|1,10,0,-1,a0,
10,11|7|3|3|3|3|3|3|2|2,10,0,-1,a0,
10,11|6|6|6|6|1|1|1|1|1,10,1,125460,silent,125459
10,11|6|6|6|5|2|1|1|1|1,10,1,1156961,silent,1156960
10,11|6|6|6|4|3|1|1|1|1,10,2,2091039,silent,2091037
10,11|6|6|6|4|2|2|1|1|1,10,1,2514014,silent,2514013
10,11|6|6|6|3|3|2|1|1|1,10,3,2476403,silent,2476400
10,11|6|6|6|3|2|2|2|1|1,10,2,1877298,silent,1877296
10,11|6|6|6|2|2|2|2|2|1,10,1,416589,silent,416588
10,11|6|6|5|5|3|1|1|1|1,10,2,2053552,silent,2053550
10,11|6|6|5|5|2|2|1|1|1,10,3,2337967,silent,2337964
10,11|6|6|5|4|4|1|1|1|1,10,2,1952842,silent,1952840
10,11|6|6|5|4|3|2|1|1|1,10,5,6946107,silent,6946102
10,11|6|6|5|4|2|2|2|1|1,10,3,4227542,silent,4227539
10,11|6|6|5|3|3|3|1|1|1,10,1,2868163,silent,2868162
10,11|6|6|5|3|3|2|2|1|1,10,1,4871326,silent,4871325
10,11|6|6|5|3|2|2|2|2|1,10,1,2335851,silent,2335850
10,11|6|6|5|2|2|2|2|2|2,10,0,-1,a0,
10,11|6|6|4|4|4|2|1|1|1,10,1,2568773,silent,2568772
10,11|6|6|4|4|3|3|1|1|1,10,3,3118474,silent,3118471
10,11|6|6|4|4|3|2|2|1|1,10,3,5003510,silent,5003507
10,11|6|6|4|4|2|2|2|2|1,10,2,1948409,silent,1948407
10,11|6|6|4|3|3|3|2|1|1,10,0,-1,a0,
10,11|6|6|4|3|3|2|2|2|1,10,0,-1,a0,
10,11|6|6|4|3|2|2|2|2|2,10,0,-1,a0,
10,11|6|6|3|3|3|3|3|1|1,10,0,-1,a0,
10,11|6|6|3|3|3|3|2|2|1,10,0,-1,a0,
10,11|6|6|3|3|3|2|2|2|2,10,0,-1,a0,
10,11|6|5|5|5|4|1|1|1|1,10,1,968681,silent,968680
10,11|6|5|5|5|3|2|1|1|1,10,1,2765052,silent,2765051
10,11|6|5|5|5|2|2|2|1|1,10,0,-1,a0,
10,11|6|5|5|4|4|2|1|1|1,10,4,3073580,silent,3073576
10,11|6|5|5|4|3|3|1|1|1,10,1,3523047,silent,3523046
10,11|6|5|5|4|3|2|2|1|1,10,1,5594359,silent,5594358
10,11|6|5|5|4|2|2|2|2|1,10,0,-1,a0,
10,11|6|5|5|3|3|3|2|1|1,10,0,-1,a0,
10,11|6|5|5|3|3|2|2|2|1,10,0,-1,a0,
10,11|6|5|5|3|2|2|2|2|2,10,0,-1,a0,
10,11|6|5|4|4|4|3|1|1|1,10,3,2141987,silent,2141984
10,11|6|5|4|4|4|2|2|1|1,10,3,2779204,silent,2779201
10,11|6|5|4|4|3|3|2|1|1,10,1,4317905,silent,4317904
10,11|6|5|4|4|3|2|2|2|1,10,1,3430719,silent,3430718
10,11|6|5|4|4|2|2|2|2|2,10,0,-1,a0,
10,11|6|5|4|3|3|3|3|1|1,10,0,-1,a0,
10,11|6|5|4|3|3|3|2|2|1,10,0,-1,a0,
10,11|6|5|4|3|3|2|2|2|2,10,0,-1,a0,
10,11|6|5|3|3|3|3|3|2|1,10,0,-1,a0,
10,11|6|5|3|3|3|3|2|2|2,10,0,-1,a0,
10,11|6|4|4|4|4|4|1|1|1,10,0,-1,a0,
10,11|6|4|4|4|4|3|2|1|1,10,2,1224408,silent,1224406
10,11|6|4|4|4|4|2|2|2|1,10,2,774950,silent,774948
10,11|6|4|4|4|3|3|3|1|1,10,0,-1,a0,
10,11|6|4|4|4|3|3|2|2|1,10,0,-1,a0,
10,11|6|4|4|4|3|2|2|2|2,10,0,-1,a0,
10,11|6|4|4|3|3|3|3|2|1,10,0,-1,a0,
10,11|6|4|4|3|3|3|2|2|2,10,0,-1,a0,
10,11|6|4|3|3|3|3|3|3|1,10,0,-1,a0,
10,11|6|4|3|3|3|3|3|2|2,10,0,-1,a0,
10,11|6|3|3|3|3|3|3|3|2,10,0,-1,a0,
10,11|5|5|5|5|5|1|1|1|1,10,0,-1,a0,
10,11|5|5|5|5|4|2|1|1|1,10,0,-1,a0,
10,11|5|5|5|5|3|3|1|1|1,10,0,-1,a0,
10,11|5|5|5|5|3|2|2|1|1,10,0,-1,a0,
10,11|5|5|5|5|2|2|2|2|1,10,0,-1,a0,
10,11|5|5|5|4|4|3|1|1|1,10,1,823508,silent,823507
10,11|5|5|5|4|4|2|2|1|1,10,0,-1,a0,
10,11|5|5|5|4|3|3|2|1|1,10,0,-1,a0,
10,11|5|5|5|4|3|2|2|2|1,10,0,-1,a0,
10,11|5|5|5|4|2|2|2|2|2,10,0,-1,a0,
10,11|5|5|5|3|3|3|3|1|1,10,0,-1,a0,
10,11|5|5|5|3|3|3|2|2|1,10,0,-1,a0,
10,11|5|5|5|3|3|2|2|2|2,10,0,-1,a0,
10,11|5|5|4|4|4|4|1|1|1,10,2,253978,silent,253976
10,11|5|5|4|4|4|3|2|1|1,10,1,1072217,silent,1072216
10,11|5|5|4|4|4|2|2|2|1,10,0,-1,a0,
10,11|5|5|4|4|3|3|3|1|1,10,0,-1,a0,
10,11|5|5|4|4|3|3|2|2|1,10,0,-1,a0,
10,11|5|5|4|4|3|2|2|2|2,10,0,-1,a0,
10,11|5|5|4|3|3|3|3|2|1,10,0,-1,a0,
10,11|5|5|4|3|3|3|2|2|2,10,0,-1,a0,
10,11|5|5|3|3|3|3|3|3|1,10,0,-1,a0,
10,11|5|5|3|3|3|3|3|2|2,10,0,-1,a0,
10,11|5|4|4|4|4|4|2|1|1,10,1,208277,silent,208276
10,11|5|4|4|4|4|3|3|1|1,10,0,-1,a0,
10,11|5|4|4|4|4|3|2|2|1,10,1,437490,silent,437489
10,11|5|4|4|4|4|2|2|2|2,10,0,-1,a0,
10,11|5|4|4|4|3|3|3|2|1,10,0,-1,a0,
10,11|5|4|4|4|3|3|2|2|2,10,0,-1,a0,
10,11|5|4|4|3|3|3|3|3|1,10,0,-1,a0,
10,11|5|4|4|3|3|3|3|2|2,10,0,-1,a0,
10,11|5|4|3|3|3|3|3|3|2,10,0,-1,a0,
10,11|5|3|3|3|3|3|3|3|3,10,0,-1,a0,
10,11|4|4|4|4|4|4|3|1|1,10,0,-1,a0,
10,11|4|4|4|4|4|4|2|2|1,10,1,40919,silent,40918
10,11|4|4|4|4|4|3|3|2|1,10,0,-1,a0,
10,11|4|4|4|4|4|3|2|2|2,10,0,-1,a0,
10,11|4|4|4|4|3|3|3|3|1,10,0,-1,a0,
10,11|4|4|4|4|3|3|3|2|2,10,0,-1,a0,
10,11|4|4|4|3|3|3|3|3|2,10,0,-1,a0,
10,11|4|4|3|3|3|3|3|3|3,10,0,-1,a0,
10,10|10|10|4|1|1|1|1|1|1,10,0,-1,a0,
10,10|10|10|3|2|1|1|1|1|1,10,0,-1,a0,
10,10|10|10|2|2|2|1|1|1|1,10,1,32146,silent,32145
10,10|10|9|5|1|1|1|1|1|1,10,1,125253,silent,125252
10,10|10|9|4|2|1|1|1|1|1,10,2,384096,silent,384094
10,10|10|9|3|3|1|1|1|1|1,10,1,258594,silent,258593
10,10|10|9|3|2|2|1|1|1|1,10,2,369514,silent,369512
10,10|10|9|2|2|2|2|1|1|1,10,0,-1,a0,
10,10|10|8|6|1|1|1|1|1|1,10,0,-1,a0,
10,10|10|8|5|2|1|1|1|1|1,10,4,841964,silent,841960
10,10|10|8|4|3|1|1|1|1|1,10,3,1123990,silent,1123987
10,10|10|8|4|2|2|1|1|1|1,10,7,1295369,silent,1295362
10,10|10|8|3|3|2|1|1|1|1,10,2,1105498,silent,1105496
10,10|10|8|3|2|2|2|1|1|1,10,2,806613,silent,806611
10,10|10|8|2|2|2|2|2|1|1,10,0,-1,a0,
10,10|10|7|7|1|1|1|1|1|1,10,2,94069,silent,94067
10,10|10|7|6|2|1|1|1|1|1,10,3,806591,silent,806588
10,10|10|7|5|3|1|1|1|1|1,10,7,1846311,silent,1846304
10,10|10|7|5|2|2|1|1|1|1,10,5,1984879,silent,1984874
10,10|10|7|4|4|1|1|1|1|1,10,5,1134250,silent,1134245
10,10|10|7|4|3|2|1|1|1|1,10,8,3558527,silent,3558519
10,10|10|7|4|2|2|2|1|1|1,10,5,2053158,silent,2053153
10,10|10|7|3|3|3|1|1|1|1,10,2,1159813,silent,1159811
10,10|10|7|3|3|2|2|1|1|1,10,3,1940622,silent,1940619
10,10|10|7|3|2|2|2|2|1|1,10,2,918269,silent,918267
10,10|10|7|2|2|2|2|2|2|1,10,1,137377,silent,137376
10,10|10|6|6|3|1|1|1|1|1,10,2,979458,silent,979456
10,10|10|6|6|2|2|1|1|1|1,10,5,1031115,silent,1031110
10,10|10|6|5|4|1|1|1|1|1,10,4,1579564,silent,1579560
10,10|10|6|5|3|2|1|1|1|1,10,9,3974882,silent,3974873
10,10|10|6|5|2|2|2|1|1|1,10,4,2133208,silent,2133204
10,10|10|6|4|4|2|1|1|1|1,10,9,2855165,silent,2855156
10,10|10|6|4|3|3|1|1|1|1,10,2,2934726,silent,2934724
10,10|10|6|4|3|2|2|1|1|1,10,7,4591893,silent,4591886
10,10|10|6|4|2|2|2|2|1|1,10,1,1708951,silent,1708950
10,10|10|6|3|3|3|2|1|1|1,10,1,2010571,silent,2010570
10,10|10|6|3|3|2|2|2|1|1,10,2,1746136,silent,1746134
10,10|10|6|3|2|2|2|2|2|1,10,1,564570,silent,564569
10,10|10|6|2|2|2|2|2|2|2,10,1,53683,silent,53682
10,10|10|5|5|5|1|1|1|1|1,10,2,359725,silent,359723
10,10|10|5|5|4|2|1|1|1|1,10,3,2118009,silent,2118006
10,10|10|5|5|3|3|1|1|1|1,10,4,1811301,silent,1811297
10,10|10|5|5|3|2|2|1|1|1,10,4,2765576,silent,2765572
10,10|10|5|5|2|2|2|2|1|1,10,3,964898,silent,964895
10,10|10|5|4|4|3|1|1|1|1,10,4,2033014,silent,2033010
10,10|10|5|4|4|2|2|1|1|1,10,3,2578408,silent,2578405
10,10|10|5|4|3|3|2|1|1|1,10,2,3450392,silent,3450390
10,10|10|5|4|3|2|2|2|1|1,10,2,2785463,silent,2785461
10,10|10|5|4|2|2|2|2|2|1,10,1,713614,silent,713613
10,10|10|5|3|3|3|3|1|1|1,10,0,-1,a0,
10,10|10|5|3|3|3|2|2|1|1,10,0,-1,a0,
10,10|10|5|3|3|2|2|2|2|1,10,0,-1,a0,
10,10|10|5|3|2|2|2|2|2|2,10,0,-1,a0,
10,10|10|4|4|4|4|1|1|1|1,10,3,316942,silent,316939
10,10|10|4|4|4|3|2|1|1|1,10,1,1279895,silent,1279894
10,10|10|4|4|4|2|2|2|1|1,10,0,-1,a0,
10,10|10|4|4|3|3|3|1|1|1,10,0,-1,a0,
10,10|10|4|4|3|3|2|2|1|1,10,1,1299927,silent,1299926
10,10|10|4|4|3|2|2|2|2|1,10,0,-1,a0,
10,10|10|4|4|2|2|2|2|2|2,10,1,107805,silent,107804
10,10|10|4|3|3|3|3|2|1|1,10,0,-1,a0,
10,10|10|4|3|3|3|2|2|2|1,10,0,-1,a0,
10,10|10|4|3|3|2|2|2|2|2,10,0,-1,a0,
10,10|10|3|3|3|3|3|3|1|1,10,0,-1,a0,
10,10|10|3|3|3|3|3|2|2|1,10,0,-1,a0,
10,10|10|3|3|3|3|2|2|2|2,10,0,-1,a0,
10,10|9|9|6|1|1|1|1|1|1,10,1,120575,silent,120574
10,10|9|9|5|2|1|1|1|1|1,10,2,529105,silent,529103
10,10|9|9|4|3|1|1|1|1|1,10,3,697066,silent,697063
10,10|9|9|4|2|2|1|1|1|1,10,2,799190,silent,799188
10,10|9|9|3|3|2|1|1|1|1,10,2,679822,silent,679820
10,10|9|9|3|2|2|2|1|1|1,10,2,494162,silent,494160
10,10|9|9|2|2|2|2|2|1|1,10,1,103883,silent,103882
10,10|9|8|7|1|1|1|1|1|1,10,0,-1,a0,
10,10|9|8|6|2|1|1|1|1|1,10,4,1045390,silent,1045386
10,10|9|8|5|3|1|1|1|1|1,10,7,2211151,silent,2211144
10,10|9|8|5|2|2|1|1|1|1,10,7,2366598,silent,2366591
10,10|9|8|4|4|1|1|1|1|1,10,3,1320676,silent,1320673
10,10|9|8|4|3|2|1|1|1|1,10,10,4103392,silent,4103382
10,10|9|8|4|2|2|2|1|1|1,10,5,2353720,silent,2353715
10,10|9|8|3|3|3|1|1|1|1,10,1,1314319,silent,1314318
10,10|9|8|3|3|2|2|1|1|1,10,3,2192894,silent,2192891
10,10|9|8|3|2|2|2|2|1|1,10,2,1030768,silent,1030766
10,10|9|8|2|2|2|2|2|2|1,10,0,-1,a0,
10,10|9|7|7|2|1|1|1|1|1,10,2,578031,silent,578029
10,10|9|7|6|3|1|1|1|1|1,10,6,2421747,silent,2421741
10,10|9|7|6|2|2|1|1|1|1,10,7,2520972,silent,2520965
10,10|9|7|5|4|1|1|1|1|1,10,8,3097429,silent,3097421
10,10|9|7|5|3|2|1|1|1|1,10,16,7650340,silent,7650324
10,10|9|7|5|2|2|2|1|1|1,10,9,4062222,silent,4062213
10,10|9|7|4|4|2|1|1|1|1,10,9,5125821,silent,5125812
10,10|9|7|4|3|3|1|1|1|1,10,7,5194186,silent,5194179
10,10|9|7|4|3|2|2|1|1|1,10,11,8079941,silent,8079930
10,10|9|7|4|2|2|2|2|1|1,10,5,2976475,silent,2976470
10,10|9|7|3|3|3|2|1|1|1,10,1,3412642,silent,3412641
10,10|9|7|3|3|2|2|2|1|1,10,1,2942905,silent,2942904
10,10|9|7|3|2|2|2|2|2|1,10,1,940323,silent,940322
10,10|9|7|2|2|2|2|2|2|2,10,0,-1,a0,
10,10|9|6|6|4|1|1|1|1|1,10,4,1842205,silent,1842201
10,10|9|6|6|3|2|1|1|1|1,10,7,4266792,silent,4266785
10,10|9|6|6|2|2|2|1|1|1,10,4,2203576,silent,2203572
10,10|9|6|5|5|1|1|1|1|1,10,3,1418667,silent,1418664
10,10|9|6|5|4|2|1|1|1|1,10,14,7660192,silent,7660178
10,10|9|6|5|3|3|1|1|1|1,10,8,6339217,silent,6339209
10,10|9|6|5|3|2|2|1|1|1,10,12,9597462,silent,9597450
10,10|9|6|5|2|2|2|2|1|1,10,4,3271886,silent,3271882
10,10|9|6|4|4|3|1|1|1|1,10,8,5743738,silent,5743730
10,10|9|6|4|4|2|2|1|1|1,10,10,7218115,silent,7218105
10,10|9|6|4|3|3|2|1|1|1,10,6,9358156,silent,9358150
10,10|9|6|4|3|2|2|2|1|1,10,5,7471795,silent,7471790
10,10|9|6|4|2|2|2|2|2|1,10,2,1871445,silent,1871443
10,10|9|6|3|3|3|3|1|1|1,10,0,-1,a0,
10,10|9|6|3|3|3|2|2|1|1,10,0,-1,a0,
10,10|9|6|3|3|2|2|2|2|1,10,0,-1,a0,
10,10|9|6|3|2|2|2|2|2|2,10,0,-1,a0,
10,10|9|5|5|5|2|1|1|1|1,10,4,1872356,silent,1872352
10,10|9|5|5|4|3|1|1|1|1,10,7,4516106,silent,4516099
10,10|9|5|5|4|2|2|1|1|1,10,7,5546940,silent,5546933
10,10|9|5|5|3|3|2|1|1|1,10,3,5967146,silent,5967143
10,10|9|5|5|3|2|2|2|1|1,10,2,4637833,silent,4637831
10,10|9|5|5|2|2|2|2|2|1,10,0,-1,a0,
10,10|9|5|4|4|4|1|1|1|1,10,2,1800225,silent,1800223
10,10|9|5|4|4|3|2|1|1|1,10,7,7023537,silent,7023530
10,10|9|5|4|4|2|2|2|1|1,10,4,4461130,silent,4461126
10,10|9|5|4|3|3|3|1|1|1,10,0,-1,a0,
10,10|9|5|4|3|3|2|2|1|1,10,1,6499662,silent,6499661
10,10|9|5|4|3|2|2|2|2|1,10,1,3263854,silent,3263853
10,10|9|5|4|2|2|2|2|2|2,10,0,-1,a0,
10,10|9|5|3|3|3|3|2|1|1,10,0,-1,a0,
10,10|9|5|3|3|3|2|2|2|1,10,0,-1,a0,
10,10|9|5|3|3|2|2|2|2|2,10,0,-1,a0,
10,10|9|4|4|4|4|2|1|1|1,10,2,1229787,silent,1229785
10,10|9|4|4|4|3|3|1|1|1,10,1,1553488,silent,1553487
10,10|9|4|4|4|3|2|2|1|1,10,2,2520717,silent,2520715
10,10|9|4|4|4|2|2|2|2|1,10,1,1007566,silent,1007565
10,10|9|4|4|3|3|3|2|1|1,10,0,-1,a0,
10,10|9|4|4|3|3|2|2|2|1,10,0,-1,a0,
10,10|9|4|4|3|2|2|2|2|2,10,0,-1,a0,
10,10|9|4|3|3|3|3|3|1|1,10,0,-1,a0,
10,10|9|4|3|3|3|3|2|2|1,10,0,-1,a0,
10,10|9|4|3|3|3|2|2|2|2,10,0,-1,a0,
10,10|9|3|3|3|3|3|3|2|1,10,0,-1,a0,
10,10|9|3|3|3|3|3|2|2|2,10,0,-1,a0,
10,10|8|8|8|1|1|1|1|1|1,10,0,-1,a0,
10,10|8|8|7|2|1|1|1|1|1,10,2,417679,silent,417677
10,10|8|8|6|3|1|1|1|1|1,10,3,1409705,silent,1409702
10,10|8|8|6|2|2|1|1|1|1,10,5,1464255,silent,1464250
10,10|8|8|5|4|1|1|1|1|1,10,5,1691351,silent,1691346
10,10|8|8|5|3|2|1|1|1|1,10,7,4142520,silent,4142513
10,10|8|8|5|2|2|2|1|1|1,10,4,2188861,silent,2188857
10,10|8|8|4|4|2|1|1|1|1,10,7,2712667,silent,2712660
10,10|8|8|4|3|3|1|1|1|1,10,2,2726735,silent,2726733
10,10|8|8|4|3|2|2|1|1|1,10,5,4234632,silent,4234627
10,10|8|8|4|2|2|2|2|1|1,10,1,1549023,silent,1549022
10,10|8|8|3|3|3|2|1|1|1,10,1,1763467,silent,1763466
10,10|8|8|3|3|2|2|2|1|1,10,2,1517715,silent,1517713
10,10|8|8|3|2|2|2|2|2|1,10,1,482029,silent,482028
10,10|8|8|2|2|2|2|2|2|2,10,1,44538,silent,44537
10,10|8|7|7|3|1|1|1|1|1,10,4,995343,silent,995339
10,10|8|7|7|2|2|1|1|1|1,10,1,1019444,silent,1019443
10,10|8|7|6|4|1|1|1|1|1,10,5,2592786,silent,2592781
10,10|8|7|6|3|2|1|1|1|1,10,10,5904792,silent,5904782
10,10|8|7|6|2|2|2|1|1|1,10,5,3021135,silent,3021130
10,10|8|7|5|5|1|1|1|1|1,10,4,1630388,silent,1630384
10,10|8|7|5|4|2|1|1|1|1,10,15,8491703,silent,8491688
10,10|8|7|5|3|3|1|1|1|1,10,9,6929428,silent,6929419
10,10|8|7|5|3|2|2|1|1|1,10,11,10442152,silent,10442141
10,10|8|7|5|2|2|2|2|1|1,10,5,3523423,silent,3523418
10,10|8|7|4|4|3|1|1|1|1,10,8,5885426,silent,5885418
10,10|8|7|4|4|2|2|1|1|1,10,9,7363183,silent,7363174
10,10|8|7|4|3|3|2|1|1|1,10,5,9411076,silent,9411071
10,10|8|7|4|3|2|2|2|1|1,10,5,7472822,silent,7472817
10,10|8|7|4|2|2|2|2|2|1,10,2,1850982,silent,1850980
10,10|8|7|3|3|3|3|1|1|1,10,0,-1,a0,
10,10|8|7|3|3|3|2|2|1|1,10,0,-1,a0,
10,10|8|7|3|3|2|2|2|2|1,10,0,-1,a0,
10,10|8|7|3|2|2|2|2|2|2,10,0,-1,a0,
10,10|8|6|6|5|1|1|1|1|1,10,2,1308548,silent,1308546
