delta,lam,ell,a,m_det,class,margin
10,34|1|1|1|1|1|1,7,0,-1,a0,
10,33|2|1|1|1|1|1,7,0,-1,a0,
10,32|3|1|1|1|1|1,7,0,-1,a0,
10,32|2|2|1|1|1|1,7,0,-1,a0,
10,31|4|1|1|1|1|1,7,0,-1,a0,
10,31|3|2|1|1|1|1,7,0,-1,a0,
10,31|2|2|2|1|1|1,7,0,-1,a0,
10,30|5|1|1|1|1|1,7,0,-1,a0,
10,30|4|2|1|1|1|1,7,0,-1,a0,
10,30|3|3|1|1|1|1,7,0,-1,a0,
10,30|3|2|2|1|1|1,7,0,-1,a0,
10,30|2|2|2|2|1|1,7,0,-1,a0,
10,29|6|1|1|1|1|1,7,0,-1,a0,
10,29|5|2|1|1|1|1,7,0,-1,a0,
10,29|4|3|1|1|1|1,7,0,-1,a0,
10,29|4|2|2|1|1|1,7,0,-1,a0,
10,29|3|3|2|1|1|1,7,0,-1,a0,
10,29|3|2|2|2|1|1,7,0,-1,a0,
10,29|2|2|2|2|2|1,7,0,-1,a0,
10,28|7|1|1|1|1|1,7,0,-1,a0,
10,28|6|2|1|1|1|1,7,0,-1,a0,
10,28|5|3|1|1|1|1,7,0,-1,a0,
10,28|5|2|2|1|1|1,7,0,-1,a0,
10,28|4|4|1|1|1|1,7,0,-1,a0,
10,28|4|3|2|1|1|1,7,0,-1,a0,
10,28|4|2|2|2|1|1,7,0,-1,a0,
10,28|3|3|3|1|1|1,7,0,-1,a0,
10,28|3|3|2|2|1|1,7,0,-1,a0,
10,28|3|2|2|2|2|1,7,0,-1,a0,
10,28|2|2|2|2|2|2,7,1,18,silent,17
10,27|8|1|1|1|1|1,7,0,-1,a0,
10,27|7|2|1|1|1|1,7,0,-1,a0,
10,27|6|3|1|1|1|1,7,0,-1,a0,
10,27|6|2|2|1|1|1,7,0,-1,a0,
10,27|5|4|1|1|1|1,7,0,-1,a0,
10,27|5|3|2|1|1|1,7,0,-1,a0,
10,27|5|2|2|2|1|1,7,0,-1,a0,
10,27|4|4|2|1|1|1,7,0,-1,a0,
10,27|4|3|3|1|1|1,7,0,-1,a0,
10,27|4|3|2|2|1|1,7,0,-1,a0,
10,27|4|2|2|2|2|1,7,1,179,silent,178
10,27|3|3|3|2|1|1,7,0,-1,a0,
10,27|3|3|2|2|2|1,7,0,-1,a0,
10,27|3|2|2|2|2|2,7,1,50,silent,49
10,26|9|1|1|1|1|1,7,0,-1,a0,
10,26|8|2|1|1|1|1,7,0,-1,a0,
10,26|7|3|1|1|1|1,7,0,-1,a0,
10,26|7|2|2|1|1|1,7,0,-1,a0,
10,26|6|4|1|1|1|1,7,0,-1,a0,
10,26|6|3|2|1|1|1,7,0,-1,a0,
10,26|6|2|2|2|1|1,7,0,-1,a0,
10,26|5|5|1|1|1|1,7,0,-1,a0,
10,26|5|4|2|1|1|1,7,0,-1,a0,
10,26|5|3|3|1|1|1,7,0,-1,a0,
10,26|5|3|2|2|1|1,7,1,1374,silent,1373
10,26|5|2|2|2|2|1,7,2,427,silent,425
10,26|4|4|3|1|1|1,7,0,-1,a0,
10,26|4|4|2|2|1|1,7,0,-1,a0,
10,26|4|3|3|2|1|1,7,0,-1,a0,
10,26|4|3|2|2|2|1,7,1,681,silent,680
10,26|4|2|2|2|2|2,7,3,179,silent,176
10,26|3|3|3|3|1|1,7,0,-1,a0,
10,26|3|3|3|2|2|1,7,0,-1,a0,
10,26|3|3|2|2|2|2,7,0,-1,a0,
10,25|10|1|1|1|1|1,7,0,-1,a0,
10,25|9|2|1|1|1|1,7,0,-1,a0,
10,25|8|3|1|1|1|1,7,0,-1,a0,
10,25|8|2|2|1|1|1,7,0,-1,a0,
10,25|7|4|1|1|1|1,7,0,-1,a0,
10,25|7|3|2|1|1|1,7,0,-1,a0,
10,25|7|2|2|2|1|1,7,1,966,silent,965
10,25|6|5|1|1|1|1,7,0,-1,a0,
10,25|6|4|2|1|1|1,7,0,-1,a0,
10,25|6|3|3|1|1|1,7,1,2305,silent,2304
10,25|6|3|2|2|1|1,7,2,2942,silent,2940
10,25|6|2|2|2|2|1,7,4,861,silent,857
10,25|5|5|2|1|1|1,7,1,1592,silent,1591
10,25|5|4|3|1|1|1,7,0,-1,a0,
10,25|5|4|2|2|1|1,7,2,3079,silent,3077
10,25|5|3|3|2|1|1,7,1,3007,silent,3006
10,25|5|3|2|2|2|1,7,4,1958,silent,1954
10,25|5|2|2|2|2|2,7,4,385,silent,381
10,25|4|4|4|1|1|1,7,0,-1,a0,
10,25|4|4|3|2|1|1,7,0,-1,a0,
10,25|4|4|2|2|2|1,7,3,1222,silent,1219
10,25|4|3|3|3|1|1,7,0,-1,a0,
10,25|4|3|3|2|2|1,7,0,-1,a0,
10,25|4|3|2|2|2|2,7,2,568,silent,566
10,25|3|3|3|3|2|1,7,0,-1,a0,
10,25|3|3|3|2|2|2,7,0,-1,a0,
10,24|11|1|1|1|1|1,7,0,-1,a0,
10,24|10|2|1|1|1|1,7,0,-1,a0,
10,24|9|3|1|1|1|1,7,0,-1,a0,
10,24|9|2|2|1|1|1,7,0,-1,a0,
10,24|8|4|1|1|1|1,7,0,-1,a0,
10,24|8|3|2|1|1|1,7,1,3682,silent,3681
10,24|8|2|2|2|1|1,7,1,1473,silent,1472
10,24|7|5|1|1|1|1,7,0,-1,a0,
10,24|7|4|2|1|1|1,7,1,6123,silent,6122
10,24|7|3|3|1|1|1,7,1,4279,silent,4278
10,24|7|3|2|2|1|1,7,6,5454,silent,5448
10,24|7|2|2|2|2|1,7,7,1506,silent,1499
10,24|6|6|1|1|1|1,7,0,-1,a0,
10,24|6|5|2|1|1|1,7,2,5186,silent,5184
10,24|6|4|3|1|1|1,7,2,7308,silent,7306
10,24|6|4|2|2|1|1,7,5,7724,silent,7719
10,24|6|3|3|2|1|1,7,4,6976,silent,6972
10,24|6|3|2|2|2|1,7,9,4429,silent,4420
10,24|6|2|2|2|2|2,7,8,824,silent,816
10,24|5|5|3|1|1|1,7,2,3953,silent,3951
10,24|5|5|2|2|1|1,7,5,4012,silent,4007
10,24|5|4|4|1|1|1,7,0,-1,a0,
10,24|5|4|3|2|1|1,7,4,9155,silent,9151
10,24|5|4|2|2|2|1,7,9,4789,silent,4780
10,24|5|3|3|3|1|1,7,0,-1,a0,
10,24|5|3|3|2|2|1,7,2,4683,silent,4681
10,24|5|3|2|2|2|2,7,4,1653,silent,1649
10,24|4|4|4|2|1|1,7,0,-1,a0,
10,24|4|4|3|3|1|1,7,0,-1,a0,
10,24|4|4|3|2|2|1,7,2,3593,silent,3591
10,24|4|4|2|2|2|2,7,6,1160,silent,1154
10,24|4|3|3|3|2|1,7,0,-1,a0,
10,24|4|3|3|2|2|2,7,0,-1,a0,
10,24|3|3|3|3|3|1,7,0,-1,a0,
10,24|3|3|3|3|2|2,7,0,-1,a0,
10,23|12|1|1|1|1|1,7,0,-1,a0,
10,23|11|2|1|1|1|1,7,0,-1,a0,
10,23|10|3|1|1|1|1,7,0,-1,a0,
10,23|10|2|2|1|1|1,7,0,-1,a0,
10,23|9|4|1|1|1|1,7,0,-1,a0,
10,23|9|3|2|1|1|1,7,2,5308,silent,5306
10,23|9|2|2|2|1|1,7,3,2140,silent,2137
10,23|8|5|1|1|1|1,7,1,3905,silent,3904
10,23|8|4|2|1|1|1,7,3,10369,silent,10366
10,23|8|3|3|1|1|1,7,4,7041,silent,7037
10,23|8|3|2|2|1|1,7,10,8881,silent,8871
10,23|8|2|2|2|2|1,7,11,2385,silent,2374
10,23|7|6|1|1|1|1,7,0,-1,a0,
10,23|7|5|2|1|1|1,7,6,11840,silent,11834
10,23|7|4|3|1|1|1,7,5,15110,silent,15105
10,23|7|4|2|2|1|1,7,16,15891,silent,15875
10,23|7|3|3|2|1|1,7,9,13498,silent,13489
10,23|7|3|2|2|2|1,7,18,8397,silent,8379
10,23|7|2|2|2|2|2,7,10,1382,silent,1372
10,23|6|6|2|1|1|1,7,1,5204,silent,5203
10,23|6|5|3|1|1|1,7,8,13977,silent,13969
10,23|6|5|2|2|1|1,7,13,13764,silent,13751
10,23|6|4|4|1|1|1,7,1,8345,silent,8344
10,23|6|4|3|2|1|1,7,14,24807,silent,24793
10,23|6|4|2|2|2|1,7,23,12567,silent,12544
10,23|6|3|3|3|1|1,7,2,7968,silent,7966
10,23|6|3|3|2|2|1,7,6,11369,silent,11363
10,23|6|3|2|2|2|2,7,11,3916,silent,3905
10,23|5|5|4|1|1|1,7,5,5796,silent,5791
10,23|5|5|3|2|1|1,7,10,13552,silent,13542
10,23|5|5|2|2|2|1,7,8,6237,silent,6229
10,23|5|4|4|2|1|1,7,5,11124,silent,11119
10,23|5|4|3|3|1|1,7,2,11428,silent,11426
10,23|5|4|3|2|2|1,7,12,15816,silent,15804
10,23|5|4|2|2|2|2,7,10,4315,silent,4305
10,23|5|3|3|3|2|1,7,0,-1,a0,
10,23|5|3|3|2|2|2,7,1,4131,silent,4130
10,23|4|4|4|3|1|1,7,0,-1,a0,
10,23|4|4|4|2|2|1,7,5,4229,silent,4224
10,23|4|4|3|3|2|1,7,0,-1,a0,
10,23|4|4|3|2|2|2,7,4,3363,silent,3359
10,23|4|3|3|3|3|1,7,0,-1,a0,
10,23|4|3|3|3|2|2,7,0,-1,a0,
10,23|3|3|3|3|3|2,7,0,-1,a0,
10,22|13|1|1|1|1|1,7,0,-1,a0,
10,22|12|2|1|1|1|1,7,0,-1,a0,
10,22|11|3|1|1|1|1,7,0,-1,a0,
10,22|11|2|2|1|1|1,7,0,-1,a0,
10,22|10|4|1|1|1|1,7,1,4019,silent,4018
10,22|10|3|2|1|1|1,7,3,6915,silent,6912
10,22|10|2|2|2|1|1,7,4,2734,silent,2730
10,22|9|5|1|1|1|1,7,1,6027,silent,6026
10,22|9|4|2|1|1|1,7,7,15630,silent,15623
10,22|9|3|3|1|1|1,7,7,10364,silent,10357
10,22|9|3|2|2|1|1,7,18,13053,silent,13035
10,22|9|2|2|2|2|1,7,15,3399,silent,3384
10,22|8|6|1|1|1|1,7,2,5841,silent,5839
10,22|8|5|2|1|1|1,7,14,21766,silent,21752
10,22|8|4|3|1|1|1,7,14,26561,silent,26547
10,22|8|4|2|2|1|1,7,28,27546,silent,27518
10,22|8|3|3|2|1|1,7,19,22907,silent,22888
10,22|8|3|2|2|2|1,7,30,14032,silent,14002
10,22|8|2|2|2|2|2,7,17,2266,silent,2249
10,22|7|7|1|1|1|1,7,0,-1,a0,
10,22|7|6|2|1|1|1,7,8,16447,silent,16439
10,22|7|5|3|1|1|1,7,20,33329,silent,33309
10,22|7|5|2|2|1|1,7,37,32475,silent,32438
10,22|7|4|4|1|1|1,7,8,18615,silent,18607
10,22|7|4|3|2|1|1,7,36,53059,silent,53023
10,22|7|4|2|2|2|1,7,46,26104,silent,26058
10,22|7|3|3|3|1|1,7,4,16062,silent,16058
10,22|7|3|3|2|2|1,7,16,22844,silent,22828
10,22|7|3|2|2|2|2,7,17,7526,silent,7509
10,22|6|6|3|1|1|1,7,8,15404,silent,15396
10,22|6|6|2|2|1|1,7,10,14595,silent,14585
10,22|6|5|4|1|1|1,7,13,22357,silent,22344
10,22|6|5|3|2|1|1,7,37,50283,silent,50246
10,22|6|5|2|2|2|1,7,31,22772,silent,22741
10,22|6|4|4|2|1|1,7,17,33114,silent,33097
10,22|6|4|3|3|1|1,7,12,32666,silent,32654
10,22|6|4|3|2|2|1,7,34,44425,silent,44391
10,22|6|4|2|2|2|2,7,28,11759,silent,11731
10,22|6|3|3|3|2|1,7,1,17621,silent,17620
10,22|6|3|3|2|2|2,7,4,10356,silent,10352
10,22|5|5|5|1|1|1,7,7,4694,silent,4687
10,22|5|5|4|2|1|1,7,19,22929,silent,22910
10,22|5|5|3|3|1|1,7,6,18294,silent,18288
10,22|5|5|3|2|2|1,7,15,24147,silent,24132
10,22|5|5|2|2|2|2,7,4,5564,silent,5560
10,22|5|4|4|3|1|1,7,7,18866,silent,18859
10,22|5|4|4|2|2|1,7,18,21361,silent,21343
10,22|5|4|3|3|2|1,7,5,26490,silent,26485
10,22|5|4|3|2|2|2,7,11,15013,silent,15002
10,22|5|3|3|3|3|1,7,0,-1,a0,
10,22|5|3|3|3|2|2,7,0,-1,a0,
10,22|4|4|4|4|1|1,7,0,-1,a0,
10,22|4|4|4|3|2|1,7,3,8813,silent,8810
10,22|4|4|4|2|2|2,7,9,4388,silent,4379
10,22|4|4|3|3|3|1,7,0,-1,a0,
10,22|4|4|3|3|2|2,7,0,-1,a0,
10,22|4|3|3|3|3|2,7,0,-1,a0,
10,22|3|3|3|3|3|3,7,0,-1,a0,
10,21|14|1|1|1|1|1,7,0,-1,a0,
10,21|13|2|1|1|1|1,7,0,-1,a0,
10,21|12|3|1|1|1|1,7,0,-1,a0,
10,21|12|2|2|1|1|1,7,0,-1,a0,
10,21|11|4|1|1|1|1,7,0,-1,a0,
10,21|11|3|2|1|1|1,7,5,8227,silent,8222
10,21|11|2|2|2|1|1,7,6,3277,silent,3271
10,21|10|5|1|1|1|1,7,3,8245,silent,8242
10,21|10|4|2|1|1|1,7,12,20952,silent,20940
10,21|10|3|3|1|1|1,7,11,13715,silent,13704
10,21|10|3|2|2|1|1,7,25,17194,silent,17169
10,21|10|2|2|2|2|1,7,20,4404,silent,4384
10,21|9|6|1|1|1|1,7,3,9673,silent,9670
10,21|9|5|2|1|1|1,7,26,34429,silent,34403
10,21|9|4|3|1|1|1,7,25,40794,silent,40769
10,21|9|4|2|2|1|1,7,52,42225,silent,42173
10,21|9|3|3|2|1|1,7,31,34233,silent,34202
10,21|9|3|2|2|2|1,7,45,20746,silent,20701
10,21|9|2|2|2|2|2,7,18,3120,silent,3102
10,21|8|7|1|1|1|1,7,3,6799,silent,6796
10,21|8|6|2|1|1|1,7,22,34536,silent,34514
10,21|8|5|3|1|1|1,7,47,63253,silent,63206
10,21|8|5|2|2|1|1,7,67,60980,silent,60913
10,21|8|4|4|1|1|1,7,16,34172,silent,34156
10,21|8|4|3|2|1|1,7,74,95250,silent,95176
10,21|8|4|2|2|2|1,7,78,46105,silent,46027
10,21|8|3|3|3|1|1,7,12,27948,silent,27936
10,21|8|3|3|2|2|1,7,30,39506,silent,39476
10,21|8|3|2|2|2|2,7,30,12781,silent,12751
10,21|7|7|2|1|1|1,7,12,15089,silent,15077
10,21|7|6|3|1|1|1,7,30,50175,silent,50145
10,21|7|6|2|2|1|1,7,48,47248,silent,47200
10,21|7|5|4|1|1|1,7,40,56638,silent,56598
10,21|7|5|3|2|1|1,7,94,123222,silent,123128
10,21|7|5|2|2|2|1,7,72,54509,silent,54437
10,21|7|4|4|2|1|1,7,51,75622,silent,75571
10,21|7|4|3|3|1|1,7,27,72036,silent,72009
10,21|7|4|3|2|2|1,7,77,96966,silent,96889
10,21|7|4|2|2|2|2,7,43,24362,silent,24319
10,21|7|3|3|3|2|1,7,5,36680,silent,36675
10,21|7|3|3|2|2|2,7,11,21423,silent,21412
10,21|6|6|4|1|1|1,7,11,28266,silent,28255
10,21|6|6|3|2|1|1,7,38,58245,silent,58207
10,21|6|6|2|2|2|1,7,34,25438,silent,25404
10,21|6|5|5|1|1|1,7,19,20597,silent,20578
10,21|6|5|4|2|1|1,7,63,92372,silent,92309
10,21|6|5|3|3|1|1,7,33,71387,silent,71354
10,21|6|5|3|2|2|1,7,63,93131,silent,93068
10,21|6|5|2|2|2|2,7,28,21381,silent,21353
10,21|6|4|4|3|1|1,7,24,58923,silent,58899
10,21|6|4|4|2|2|1,7,53,65378,silent,65325
10,21|6|4|3|3|2|1,7,19,77915,silent,77896
10,21|6|4|3|2|2|2,7,31,43251,silent,43220
10,21|6|3|3|3|3|1,7,0,-1,a0,
10,21|6|3|3|3|2|2,7,0,-1,a0,
10,21|5|5|5|2|1|1,7,17,19704,silent,19687
10,21|5|5|4|3|1|1,7,23,41899,silent,41876
10,21|5|5|4|2|2|1,7,24,44298,silent,44274
10,21|5|5|3|3|2|1,7,12,44402,silent,44390
10,21|5|5|3|2|2|2,7,9,23418,silent,23409
10,21|5|4|4|4|1|1,7,8,14576,silent,14568
10,21|5|4|4|3|2|1,7,20,48233,silent,48213
10,21|5|4|4|2|2|2,7,18,21656,silent,21638
10,21|5|4|3|3|3|1,7,0,-1,a0,
10,21|5|4|3|3|2|2,7,4,28362,silent,28358
10,21|5|3|3|3|3|2,7,0,-1,a0,
10,21|4|4|4|4|2|1,7,6,7263,silent,7257
10,21|4|4|4|3|3|1,7,0,-1,a0,
10,21|4|4|4|3|2|2,7,5,9895,silent,9890
10,21|4|4|3|3|3|2,7,0,-1,a0,
10,21|4|3|3|3|3|3,7,0,-1,a0,
10,20|15|1|1|1|1|1,7,0,-1,a0,
10,20|14|2|1|1|1|1,7,0,-1,a0,
10,20|13|3|1|1|1|1,7,0,-1,a0,
10,20|13|2|2|1|1|1,7,0,-1,a0,
10,20|12|4|1|1|1|1,7,1,5193,silent,5192
10,20|12|3|2|1|1|1,7,6,8824,silent,8818
10,20|12|2|2|2|1|1,7,6,3455,silent,3449
10,20|11|5|1|1|1|1,7,4,9994,silent,9990
10,20|11|4|2|1|1|1,7,17,25170,silent,25153
10,20|11|3|3|1|1|1,7,14,16287,silent,16273
10,20|11|3|2|2|1|1,7,34,20413,silent,20379
10,20|11|2|2|2|2|1,7,23,5136,silent,5113
10,20|10|6|1|1|1|1,7,7,13738,silent,13731
10,20|10|5|2|1|1|1,7,40,47234,silent,47194
10,20|10|4|3|1|1|1,7,42,55138,silent,55096
10,20|10|4|2|2|1|1,7,70,56611,silent,56541
10,20|10|3|3|2|1|1,7,47,45586,silent,45539
10,20|10|3|2|2|2|1,7,60,27375,silent,27315
10,20|10|2|2|2|2|2,7,25,4104,silent,4079
10,20|9|7|1|1|1|1,7,6,12657,silent,12651
10,20|9|6|2|1|1|1,7,45,58254,silent,58209
10,20|9|5|3|1|1|1,7,81,101143,silent,101062
10,20|9|5|2|2|1|1,7,117,97053,silent,96936
10,20|9|4|4|1|1|1,7,33,53818,silent,53785
10,20|9|4|3|2|1|1,7,125,147415,silent,147290
10,20|9|4|2|2|2|1,7,116,70372,silent,70256
10,20|9|3|3|3|1|1,7,19,42290,silent,42271
10,20|9|3|3|2|2|1,7,50,59650,silent,59600
10,20|9|3|2|2|2|2,7,39,18854,silent,18815
10,20|8|8|1|1|1|1,7,5,5218,silent,5213
10,20|8|7|2|1|1|1,7,34,41868,silent,41834
10,20|8|6|3|1|1|1,7,77,107518,silent,107441
10,20|8|6|2|2|1|1,7,97,100161,silent,100064
10,20|8|5|4|1|1|1,7,82,110816,silent,110734
10,20|8|5|3|2|1|1,7,190,237055,silent,236865
10,20|8|5|2|2|2|1,7,132,103640,silent,103508
10,20|8|4|4|2|1|1,7,95,140280,silent,140185
10,20|8|4|3|3|1|1,7,65,131795,silent,131730
10,20|8|4|3|2|2|1,7,139,175866,silent,175727
10,20|8|4|2|2|2|2,7,76,43521,silent,43445
10,20|8|3|3|3|2|1,7,14,64619,silent,64605
10,20|8|3|3|2|2|2,7,18,37315,silent,37297
10,20|7|7|3|1|1|1,7,33,47667,silent,47634
10,20|7|7|2|2|1|1,7,52,44062,silent,44010
10,20|7|6|4|1|1|1,7,60,96775,silent,96715
10,20|7|6|3|2|1|1,7,137,192447,silent,192310
10,20|7|6|2|2|2|1,7,95,81592,silent,81497
10,20|7|5|5|1|1|1,7,45,55532,silent,55487
10,20|7|5|4|2|1|1,7,168,237878,silent,237710
10,20|7|5|3|3|1|1,7,80,179191,silent,179111
10,20|7|5|3|2|2|1,7,156,231607,silent,231451
10,20|7|5|2|2|2|2,7,53,51392,silent,51339
10,20|7|4|4|3|1|1,7,66,137582,silent,137516
10,20|7|4|4|2|2|1,7,110,149929,silent,149819
10,20|7|4|3|3|2|1,7,50,175293,silent,175243
10,20|7|4|3|2|2|2,7,61,95363,silent,95302
10,20|7|3|3|3|3|1,7,0,-1,a0,
10,20|7|3|3|3|2|2,7,3,38931,silent,38928
10,20|6|6|5|1|1|1,7,17,34619,silent,34602
10,20|6|6|4|2|1|1,7,66,121558,silent,121492
10,20|6|6|3|3|1|1,7,42,87059,silent,87017
10,20|6|6|3|2|2|1,7,75,111709,silent,111634
10,20|6|6|2|2|2|2,7,38,24777,silent,24739
10,20|6|5|5|2|1|1,7,63,90255,silent,90192
10,20|6|5|4|3|1|1,7,85,175791,silent,175706
10,20|6|5|4|2|2|1,7,109,184608,silent,184499
10,20|6|5|3|3|2|1,7,52,176850,silent,176798
10,20|6|5|3|2|2|2,7,44,92510,silent,92466
10,20|6|4|4|4|1|1,7,20,47919,silent,47899
10,20|6|4|4|3|2|1,7,61,153774,silent,153713
10,20|6|4|4|2|2|2,7,53,67556,silent,67503
10,20|6|4|3|3|3|1,7,4,68983,silent,68979
10,20|6|4|3|3|2|2,7,11,84878,silent,84867
10,20|6|3|3|3|3|2,7,0,-1,a0,
10,20|5|5|5|3|1|1,7,22,40802,silent,40780
10,20|5|5|5|2|2|1,7,13,39376,silent,39363
10,20|5|5|4|4|1|1,7,24,37089,silent,37065
10,20|5|5|4|3|2|1,7,37,109367,silent,109330
10,20|5|5|4|2|2|2,7,12,45065,silent,45053
10,20|5|5|3|3|3|1,7,4,40312,silent,40308
10,20|5|5|3|3|2|2,7,10,49152,silent,49142
10,20|5|4|4|4|2|1,7,24,42633,silent,42609
10,20|5|4|4|3|3|1,7,7,46640,silent,46633
10,20|5|4|4|3|2|2,7,17,54798,silent,54781
10,20|5|4|3|3|3|2,7,0,-1,a0,
10,20|5|3|3|3|3|3,7,0,-1,a0,
10,20|4|4|4|4|3|1,7,3,8963,silent,8960
10,20|4|4|4|4|2|2,7,10,9042,silent,9032
10,20|4|4|4|3|3|2,7,0,-1,a0,
10,20|4|4|3|3|3|3,7,0,-1,a0,
10,19|16|1|1|1|1|1,7,0,-1,a0,
10,19|15|2|1|1|1|1,7,0,-1,a0,
10,19|14|3|1|1|1|1,7,0,-1,a0,
10,19|14|2|2|1|1|1,7,0,-1,a0,
10,19|13|4|1|1|1|1,7,1,4998,silent,4997
10,19|13|3|2|1|1|1,7,6,8533,silent,8527
10,19|13|2|2|2|1|1,7,8,3385,silent,3377
10,19|12|5|1|1|1|1,7,5,10765,silent,10760
10,19|12|4|2|1|1|1,7,21,26887,silent,26866
10,19|12|3|3|1|1|1,7,18,17304,silent,17286
10,19|12|3|2|2|1|1,7,37,21613,silent,21576
10,19|12|2|2|2|2|1,7,24,5387,silent,5363
10,19|11|6|1|1|1|1,7,8,16801,silent,16793
10,19|11|5|2|1|1|1,7,54,57010,silent,56956
10,19|11|4|3|1|1|1,7,53,65737,silent,65684
10,19|11|4|2|2|1|1,7,95,67516,silent,67421
10,19|11|3|3|2|1|1,7,58,53638,silent,53580
10,19|11|3|2|2|2|1,7,71,32021,silent,31950
10,19|11|2|2|2|2|2,7,23,4572,silent,4549
10,19|10|7|1|1|1|1,7,13,18824,silent,18811
10,19|10|6|2|1|1|1,7,69,82171,silent,82102
10,19|10|5|3|1|1|1,7,122,138723,silent,138601
10,19|10|5|2|2|1|1,7,160,132467,silent,132307
10,19|10|4|4|1|1|1,7,51,73089,silent,73038
10,19|10|4|3|2|1|1,7,178,198181,silent,198003
10,19|10|4|2|2|2|1,7,153,93833,silent,93680
10,19|10|3|3|3|1|1,7,32,56152,silent,56120
10,19|10|3|3|2|2|1,7,69,78920,silent,78851
10,19|10|3|2|2|2|2,7,51,24671,silent,24620
10,19|9|8|1|1|1|1,7,8,12725,silent,12717
10,19|9|7|2|1|1|1,7,71,78277,silent,78206
10,19|9|6|3|1|1|1,7,140,181482,silent,181342
10,19|9|6|2|2|1|1,7,180,168535,silent,168355
10,19|9|5|4|1|1|1,7,140,179249,silent,179109
10,19|9|5|3|2|1|1,7,313,378463,silent,378150
10,19|9|5|2|2|2|1,7,200,163698,silent,163498
10,19|9|4|4|2|1|1,7,165,220377,silent,220212
10,19|9|4|3|3|1|1,7,102,204128,silent,204026
10,19|9|4|3|2|2|1,7,218,271107,silent,270889
10,19|9|4|2|2|2|2,7,93,65404,silent,65311
10,19|9|3|3|3|2|1,7,25,97987,silent,97962
10,19|9|3|3|2|2|2,7,33,56421,silent,56388
10,19|8|8|2|1|1|1,7,26,32302,silent,32276
10,19|8|7|3|1|1|1,7,104,134124,silent,134020
10,19|8|7|2|2|1|1,7,122,122709,silent,122587
10,19|8|6|4|1|1|1,7,137,211338,silent,211201
10,19|8|6|3|2|1|1,7,300,413359,silent,413059
10,19|8|6|2|2|2|1,7,190,173239,silent,173049
10,19|8|5|5|1|1|1,7,92,111980,silent,111888
10,19|8|5|4|2|1|1,7,322,467307,silent,466985
10,19|8|5|3|3|1|1,7,176,347584,silent,347408
10,19|8|5|3|2|2|1,7,295,446477,silent,446182
10,19|8|5|2|2|2|2,7,103,97869,silent,97766
10,19|8|4|4|3|1|1,7,125,257728,silent,257603
10,19|8|4|4|2|2|1,7,195,278410,silent,278215
10,19|8|4|3|3|2|1,7,102,321292,silent,321190
10,19|8|4|3|2|2|2,7,104,172917,silent,172813
10,19|8|3|3|3|3|1,7,3,55260,silent,55257
10,19|8|3|3|3|2|2,7,5,68667,silent,68662
10,19|7|7|4|1|1|1,7,74,97662,silent,97588
10,19|7|7|3|2|1|1,7,132,184455,silent,184323
10,19|7|7|2|2|2|1,7,73,75491,silent,75418
10,19|7|6|5|1|1|1,7,75,124953,silent,124878
10,19|7|6|4|2|1|1,7,257,416944,silent,416687
10,19|7|6|3|3|1|1,7,129,290365,silent,290236
10,19|7|6|3|2|2|1,7,228,368687,silent,368459
10,19|7|6|2|2|2|2,7,73,77935,silent,77862
10,19|7|5|5|2|1|1,7,154,245711,silent,245557
10,19|7|5|4|3|1|1,7,220,459204,silent,458984
10,19|7|5|4|2|2|1,7,261,476850,silent,476589
10,19|7|5|3|3|2|1,7,136,447653,silent,447517
10,19|7|5|3|2|2|2,7,104,230884,silent,230780
10,19|7|4|4|4|1|1,7,61,115296,silent,115235
10,19|7|4|4|3|2|1,7,136,360227,silent,360091
10,19|7|4|4|2|2|2,7,88,154071,silent,153983
10,19|7|4|3|3|3|1,7,12,157245,silent,157233
10,19|7|4|3|3|2|2,7,34,192671,silent,192637
10,19|7|3|3|3|3|2,7,0,-1,a0,
10,19|6|6|6|1|1|1,7,5,22647,silent,22642
10,19|6|6|5|2|1|1,7,80,157390,silent,157310
10,19|6|6|4|3|1|1,7,97,240853,silent,240756
10,19|6|6|4|2|2|1,7,141,249006,silent,248865
10,19|6|6|3|3|2|1,7,64,219727,silent,219663
10,19|6|6|3|2|2|2,7,59,112962,silent,112903
10,19|6|5|5|3|1|1,7,89,192157,silent,192068
10,19|6|5|5|2|2|1,7,75,184998,silent,184923
10,19|6|5|4|4|1|1,7,72,161609,silent,161537
10,19|6|5|4|3|2|1,7,156,466564,silent,466408
10,19|6|5|4|2|2|2,7,76,191250,silent,191174
10,19|6|5|3|3|3|1,7,19,163355,silent,163336
10,19|6|5|3|3|2|2,7,31,197069,silent,197038
10,19|6|4|4|4|2|1,7,66,141919,silent,141853
10,19|6|4|4|3|3|1,7,23,152128,silent,152105
10,19|6|4|4|3|2|2,7,50,176399,silent,176349
10,19|6|4|3|3|3|2,7,1,100532,silent,100531
10,19|6|3|3|3|3|3,7,0,-1,a0,
10,19|5|5|5|4|1|1,7,23,48131,silent,48108
10,19|5|5|5|3|2|1,7,28,110066,silent,110038
10,19|5|5|5|2|2|2,7,4,40943,silent,40939
10,19|5|5|4|4|2|1,7,36,108687,silent,108651
10,19|5|5|4|3|3|1,7,22,111545,silent,111523
10,19|5|5|4|3|2|2,7,23,125948,silent,125925
10,19|5|5|3|3|3|2,7,4,59658,silent,59654
10,19|5|4|4|4|3|1,7,20,55176,silent,55156
10,19|5|4|4|4|2|2,7,21,52000,silent,51979
10,19|5|4|4|3|3|2,7,5,70409,silent,70404
10,19|5|4|3|3|3|3,7,0,-1,a0,
10,19|4|4|4|4|4|1,7,6,5179,silent,5173
10,19|4|4|4|4|3|2,7,5,14461,silent,14456
10,19|4|4|4|3|3|3,7,0,-1,a0,
10,18|17|1|1|1|1|1,7,0,-1,a0,
10,18|16|2|1|1|1|1,7,0,-1,a0,
10,18|15|3|1|1|1|1,7,0,-1,a0,
10,18|15|2|2|1|1|1,7,0,-1,a0,
10,18|14|4|1|1|1|1,7,1,4242,silent,4241
10,18|14|3|2|1|1|1,7,6,7153,silent,7147
10,18|14|2|2|2|1|1,7,5,2779,silent,2774
10,18|13|5|1|1|1|1,7,5,10124,silent,10119
10,18|13|4|2|1|1|1,7,22,25211,silent,25189
10,18|13|3|3|1|1|1,7,17,16126,silent,16109
10,18|13|3|2|2|1|1,7,37,20154,silent,20117
10,18|13|2|2|2|2|1,7,23,4979,silent,4956
10,18|12|6|1|1|1|1,7,12,17918,silent,17906
10,18|12|5|2|1|1|1,7,60,59799,silent,59739
10,18|12|4|3|1|1|1,7,64,68589,silent,68525
10,18|12|4|2|2|1|1,7,97,70034,silent,69937
10,18|12|3|3|2|1|1,7,66,55640,silent,55574
10,18|12|3|2|2|2|1,7,74,33037,silent,32963
10,18|12|2|2|2|2|2,7,27,4770,silent,4743
10,18|11|7|1|1|1|1,7,15,23307,silent,23292
10,18|11|6|2|1|1|1,7,92,99075,silent,98983
10,18|11|5|3|1|1|1,7,151,164190,silent,164039
10,18|11|5|2|2|1|1,7,199,156457,silent,156258
10,18|11|4|4|1|1|1,7,65,86085,silent,86020
10,18|11|4|3|2|1|1,7,220,231580,silent,231360
10,18|11|4|2|2|2|1,7,175,108873,silent,108698
10,18|11|3|3|3|1|1,7,37,64968,silent,64931
10,18|11|3|3|2|2|1,7,84,91217,silent,91133
10,18|11|3|2|2|2|2,7,54,28150,silent,28096
10,18|10|8|1|1|1|1,7,18,20708,silent,20690
10,18|10|7|2|1|1|1,7,107,114360,silent,114253
10,18|10|6|3|1|1|1,7,209,252759,silent,252550
10,18|10|6|2|2|1|1,7,243,233472,silent,233229
10,18|10|5|4|1|1|1,7,197,243746,silent,243549
10,18|10|5|3|2|1|1,7,433,511034,silent,510601
10,18|10|5|2|2|2|1,7,265,219798,silent,219533
10,18|10|4|4|2|1|1,7,217,294035,silent,293818
10,18|10|4|3|3|1|1,7,153,271110,silent,270957
10,18|10|4|3|2|2|1,7,285,358426,silent,358141
10,18|10|4|2|2|2|2,7,126,85982,silent,85856
10,18|10|3|3|3|2|1,7,38,128148,silent,128110
10,18|10|3|3|2|2|2,7,39,73218,silent,73179
10,18|9|9|1|1|1|1,7,5,8374,silent,8369
10,18|9|8|2|1|1|1,7,71,78742,silent,78671
10,18|9|7|3|1|1|1,7,199,248171,silent,247972
10,18|9|7|2|2|1|1,7,234,226117,silent,225883
10,18|9|6|4|1|1|1,7,250,356326,silent,356076
10,18|9|6|3|2|1|1,7,510,688574,silent,688064
10,18|9|6|2|2|2|1,7,294,285630,silent,285336
10,18|9|5|5|1|1|1,7,144,181560,silent,181416
10,18|9|5|4|2|1|1,7,520,746222,silent,745702
10,18|9|5|3|3|1|1,7,278,549836,silent,549558
10,18|9|5|3|2|2|1,7,458,703354,silent,702896
10,18|9|5|2|2|2|2,7,138,151896,silent,151758
10,18|9|4|4|3|1|1,7,203,400797,silent,400594
10,18|9|4|4|2|2|1,7,286,429756,silent,429470
10,18|9|4|3|3|2|1,7,165,492532,silent,492367
10,18|9|4|3|2|2|2,7,148,262691,silent,262543
10,18|9|3|3|3|3|1,7,5,82950,silent,82945
10,18|9|3|3|3|2|2,7,13,103104,silent,103091
10,18|8|8|3|1|1|1,7,84,104498,silent,104414
10,18|8|8|2|2|1|1,7,77,94402,silent,94325
10,18|8|7|4|1|1|1,7,192,276290,silent,276098
10,18|8|7|3|2|1|1,7,362,515724,silent,515362
10,18|8|7|2|2|2|1,7,192,209918,silent,209726
10,18|8|6|5|1|1|1,7,174,277972,silent,277798
10,18|8|6|4|2|1|1,7,534,902659,silent,902125
10,18|8|6|3|3|1|1,7,296,621489,silent,621193
10,18|8|6|3|2|2|1,7,463,784400,silent,783937
10,18|8|6|2|2|2|2,7,151,164094,silent,163943
10,18|8|5|5|2|1|1,7,302,492948,silent,492646
10,18|8|5|4|3|1|1,7,420,899607,silent,899187
10,18|8|5|4|2|2|1,7,489,929294,silent,928805
10,18|8|5|3|3|2|1,7,269,861015,silent,860746
10,18|8|5|3|2|2|2,7,188,440784,silent,440596
10,18|8|4|4|4|1|1,7,94,216483,silent,216389
10,18|8|4|4|3|2|1,7,245,668980,silent,668735
10,18|8|4|4|2|2|2,7,155,283652,silent,283497
10,18|8|4|3|3|3|1,7,32,287215,silent,287183
10,18|8|4|3|3|2|2,7,57,349753,silent,349696
10,18|8|3|3|3|3|2,7,1,78340,silent,78339
10,18|7|7|5|1|1|1,7,90,138667,silent,138577
10,18|7|7|4|2|1|1,7,260,419178,silent,418918
10,18|7|7|3|3|1|1,7,114,280484,silent,280370
10,18|7|7|3|2|2|1,7,189,351050,silent,350861
10,18|7|7|2|2|2|2,7,38,70852,silent,70814
10,18|7|6|6|1|1|1,7,43,90929,silent,90886
10,18|7|6|5|2|1|1,7,291,563439,silent,563148
10,18|7|6|4|3|1|1,7,345,825701,silent,825356
10,18|7|6|4|2|2|1,7,409,842015,silent,841606
10,18|7|6|3|3|2|1,7,213,730774,silent,730561
10,18|7|6|3|2|2|2,7,153,368723,silent,368570
10,18|7|5|5|3|1|1,7,217,525364,silent,525147
10,18|7|5|5|2|2|1,7,198,502687,silent,502489
10,18|7|5|4|4|1|1,7,189,427791,silent,427602
10,18|7|5|4|3|2|1,7,377,1212965,silent,1212588
10,18|7|5|4|2|2|2,7,166,490112,silent,489946
10,18|7|5|3|3|3|1,7,50,413878,silent,413828
10,18|7|5|3|3|2|2,7,87,496921,silent,496834
10,18|7|4|4|4|2|1,7,134,337215,silent,337081
10,18|7|4|4|3|3|1,7,60,358222,silent,358162
10,18|7|4|4|3|2|2,7,98,410583,silent,410485
10,18|7|4|3|3|3|2,7,7,228907,silent,228900
10,18|7|3|3|3|3|3,7,0,-1,a0,
10,18|6|6|6|2|1|1,7,36,106565,silent,106529
10,18|6|6|5|3|1|1,7,125,345016,silent,344891
10,18|6|6|5|2|2|1,7,138,328868,silent,328730
10,18|6|6|4|4|1|1,7,75,232901,silent,232826
10,18|6|6|4|3|2|1,7,193,645375,silent,645182
10,18|6|6|4|2|2|2,7,115,260021,silent,259906
10,18|6|6|3|3|3|1,7,24,205705,silent,205681
10,18|6|6|3|3|2|2,7,33,245444,silent,245411
10,18|6|5|5|4|1|1,7,89,232969,silent,232880
10,18|6|5|5|3|2|1,7,133,521839,silent,521706
10,18|6|5|5|2|2|2,7,36,193373,silent,193337
10,18|6|5|4|4|2|1,7,149,478577,silent,478428
10,18|6|5|4|3|3|1,7,80,478645,silent,478565
10,18|6|5|4|3|2|2,7,102,538044,silent,537942
10,18|6|5|3|3|3|2,7,12,241404,silent,241392
10,18|6|4|4|4|3|1,7,49,185806,silent,185757
10,18|6|4|4|4|2|2,7,64,173358,silent,173294
10,18|6|4|4|3|3|2,7,15,229906,silent,229891
10,18|6|4|3|3|3|3,7,0,-1,a0,
10,18|5|5|5|5|1|1,7,8,27656,silent,27648
10,18|5|5|5|4|2|1,7,29,144549,silent,144520
10,18|5|5|5|3|3|1,7,22,119087,silent,119065
10,18|5|5|5|3|2|2,7,15,128827,silent,128812
10,18|5|5|4|4|3|1,7,34,146401,silent,146367
10,18|5|5|4|4|2|2,7,17,132151,silent,132134
10,18|5|5|4|3|3|2,7,18,170611,silent,170593
10,18|5|5|3|3|3|3,7,0,-1,a0,
10,18|5|4|4|4|4|1,7,16,32001,silent,31985
10,18|5|4|4|4|3|2,7,18,88672,silent,88654
10,18|5|4|4|3|3|3,7,0,-1,a0,
10,18|4|4|4|4|4|2,7,10,9470,silent,9460
10,18|4|4|4|4|3|3,7,0,-1,a0,
10,17|17|2|1|1|1|1,7,0,-1,a0,
10,17|16|3|1|1|1|1,7,0,-1,a0,
10,17|16|2|2|1|1|1,7,0,-1,a0,
10,17|15|4|1|1|1|1,7,0,-1,a0,
10,17|15|3|2|1|1|1,7,4,4813,silent,4809
10,17|15|2|2|2|1|1,7,5,1921,silent,1916
10,17|14|5|1|1|1|1,7,5,7947,silent,7942
10,17|14|4|2|1|1|1,7,18,19692,silent,19674
10,17|14|3|3|1|1|1,7,14,12570,silent,12556
10,17|14|3|2|2|1|1,7,29,15686,silent,15657
10,17|14|2|2|2|2|1,7,18,3865,silent,3847
10,17|13|6|1|1|1|1,7,10,16036,silent,16026
10,17|13|5|2|1|1|1,7,57,53434,silent,53377
10,17|13|4|3|1|1|1,7,57,60898,silent,60841
10,17|13|4|2|2|1|1,7,96,62367,silent,62271
10,17|13|3|3|2|1|1,7,58,49053,silent,48995
10,17|13|3|2|2|2|1,7,66,29071,silent,29005
10,17|13|2|2|2|2|2,7,18,4015,silent,3997
10,17|12|7|1|1|1|1,7,19,24203,silent,24184
10,17|12|6|2|1|1|1,7,98,100984,silent,100886
10,17|12|5|3|1|1|1,7,161,165605,silent,165444
10,17|12|5|2|2|1|1,7,200,157427,silent,157227
10,17|12|4|4|1|1|1,7,69,86485,silent,86416
10,17|12|4|3|2|1|1,7,227,231645,silent,231418
10,17|12|4|2|2|2|1,7,174,108504,silent,108330
10,17|12|3|3|3|1|1,7,42,64665,silent,64623
10,17|12|3|3|2|2|1,7,85,90618,silent,90533
10,17|12|3|2|2|2|2,7,54,27828,silent,27774
10,17|11|8|1|1|1|1,7,20,26071,silent,26051
10,17|11|7|2|1|1|1,7,135,137320,silent,137185
10,17|11|6|3|1|1|1,7,249,294782,silent,294533
10,17|11|6|2|2|1|1,7,301,272103,silent,271802
10,17|11|5|4|1|1|1,7,235,280505,silent,280270
10,17|11|5|3|2|1|1,7,501,584565,silent,584064
10,17|11|5|2|2|2|1,7,296,250135,silent,249839
10,17|11|4|4|2|1|1,7,264,334805,silent,334541
10,17|11|4|3|3|1|1,7,170,306486,silent,306316
10,17|11|4|3|2|2|1,7,325,404445,silent,404120
10,17|11|4|2|2|2|2,7,120,95598,silent,95478
10,17|11|3|3|3|2|1,7,47,143730,silent,143683
10,17|11|3|3|2|2|2,7,49,82092,silent,82043
10,17|10|9|1|1|1|1,7,14,17364,silent,17350
10,17|10|8|2|1|1|1,7,114,124201,silent,124087
10,17|10|7|3|1|1|1,7,292,353820,silent,353528
10,17|10|7|2|2|1|1,7,318,321087,silent,320769
10,17|10|6|4|1|1|1,7,345,485552,silent,485207
10,17|10|6|3|2|1|1,7,692,931993,silent,931301
10,17|10|6|2|2|2|1,7,383,384609,silent,384226
10,17|10|5|5|1|1|1,7,192,242526,silent,242334
10,17|10|5|4|2|1|1,7,677,986875,silent,986198
10,17|10|5|3|3|1|1,7,380,723574,silent,723194
10,17|10|5|3|2|2|1,7,592,922908,silent,922316
10,17|10|5|2|2|2|2,7,178,198096,silent,197918
10,17|10|4|4|3|1|1,7,263,521866,silent,521603
10,17|10|4|4|2|2|1,7,360,557444,silent,557084
10,17|10|4|3|3|2|1,7,219,635728,silent,635509
10,17|10|4|3|2|2|2,7,184,337340,silent,337156
10,17|10|3|3|3|3|1,7,10,105752,silent,105742
10,17|10|3|3|3|2|2,7,16,131112,silent,131096
10,17|9|9|2|1|1|1,7,51,51211,silent,51160
10,17|9|8|3|1|1|1,7,195,248560,silent,248365
10,17|9|8|2|2|1|1,7,210,224108,silent,223898
10,17|9|7|4|1|1|1,7,359,504182,silent,503823
10,17|9|7|3|2|1|1,7,646,931011,silent,930365
10,17|9|7|2|2|2|1,7,321,375729,silent,375408
10,17|9|6|5|1|1|1,7,296,464602,silent,464306
10,17|9|6|4|2|1|1,7,892,1484662,silent,1483770
10,17|9|6|3|3|1|1,7,467,1012564,silent,1012097
10,17|9|6|3|2|2|1,7,722,1273091,silent,1272369
10,17|9|6|2|2|2|2,7,194,261990,silent,261796
10,17|9|5|5|2|1|1,7,455,781026,silent,780571
10,17|9|5|4|3|1|1,7,648,1407027,silent,1406379
10,17|9|5|4|2|2|1,7,726,1446661,silent,1445935
10,17|9|5|3|3|2|1,7,419,1331110,silent,1330691
10,17|9|5|3|2|2|2,7,277,677276,silent,676999
10,17|9|4|4|4|1|1,7,156,331911,silent,331755
10,17|9|4|4|3|2|1,7,359,1014801,silent,1014442
10,17|9|4|4|2|2|2,7,191,425331,silent,425140
10,17|9|4|3|3|3|1,7,50,431439,silent,431389
10,17|9|4|3|3|2|2,7,97,524444,silent,524347
10,17|9|3|3|3|3|2,7,2,114889,silent,114887
10,17|8|8|4|1|1|1,7,138,217035,silent,216897
10,17|8|8|3|2|1|1,7,259,396551,silent,396292
10,17|8|8|2|2|2|1,7,134,159745,silent,159611
10,17|8|7|5|1|1|1,7,248,395323,silent,395075
10,17|8|7|4|2|1|1,7,657,1166296,silent,1165639
10,17|8|7|3|3|1|1,7,344,773127,silent,772783
10,17|8|7|3|2|2|1,7,496,963741,silent,963245
10,17|8|7|2|2|2|2,7,127,194304,silent,194177
10,17|8|6|6|1|1|1,7,97,208827,silent,208730
10,17|8|6|5|2|1|1,7,613,1230025,silent,1229412
10,17|8|6|4|3|1|1,7,709,1761361,silent,1760652
10,17|8|6|4|2|2|1,7,816,1786779,silent,1785963
10,17|8|6|3|3|2|1,7,443,1532684,silent,1532241
10,17|8|6|3|2|2|2,7,295,767947,silent,767652
10,17|8|5|5|3|1|1,7,419,1038391,silent,1037972
10,17|8|5|5|2|2|1,7,375,989828,silent,989453
10,17|8|5|4|4|1|1,7,327,830024,silent,829697
10,17|8|5|4|3|2|1,7,692,2331465,silent,2330773
10,17|8|5|4|2|2|2,7,308,936217,silent,935909
10,17|8|5|3|3|3|1,7,106,783333,silent,783227
10,17|8|5|3|3|2|2,7,151,936423,silent,936272
10,17|8|4|4|4|2|1,7,221,621560,silent,621339
10,17|8|4|4|3|3|1,7,107,655647,silent,655540
10,17|8|4|4|3|2|2,7,167,747398,silent,747231
10,17|8|4|3|3|3|2,7,15,410436,silent,410421
10,17|8|3|3|3|3|3,7,0,-1,a0,
10,17|7|7|6|1|1|1,7,77,131164,silent,131087
10,17|7|7|5|2|1|1,7,302,617122,silent,616820
10,17|7|7|4|3|1|1,7,330,828089,silent,827759
10,17|7|7|4|2|2|1,7,336,831114,silent,830778
10,17|7|7|3|3|2|1,7,191,697975,silent,697784
10,17|7|7|3|2|2|2,7,110,344930,silent,344820
10,17|7|6|6|2|1|1,7,175,417778,silent,417603
10,17|7|6|5|3|1|1,7,423,1222267,silent,1221844
10,17|7|6|5|2|2|1,7,420,1152884,silent,1152464
10,17|7|6|4|4|1|1,7,285,799237,silent,798952
10,17|7|6|4|3|2|1,7,593,2172331,silent,2171738
10,17|7|6|4|2|2|2,7,263,858543,silent,858280
10,17|7|6|3|3|3|1,7,82,677121,silent,677039
10,17|7|6|3|3|2|2,7,129,804723,silent,804594
10,17|7|5|5|4|1|1,7,209,636571,silent,636362
10,17|7|5|5|3|2|1,7,337,1407547,silent,1407210
10,17|7|5|5|2|2|2,7,108,517916,silent,517808
10,17|7|5|4|4|2|1,7,342,1245946,silent,1245604
10,17|7|5|4|3|3|1,7,198,1232584,silent,1232386
10,17|7|5|4|3|2|2,7,235,1376184,silent,1375949
10,17|7|5|3|3|3|2,7,33,603005,silent,602972
10,17|7|4|4|4|3|1,7,106,438661,silent,438555
10,17|7|4|4|4|2|2,7,99,403188,silent,403089
10,17|7|4|4|3|3|2,7,43,534500,silent,534457
10,17|7|4|3|3|3|3,7,0,-1,a0,
10,17|6|6|6|3|1|1,7,63,243322,silent,243259
10,17|6|6|6|2|2|1,7,87,225593,silent,225506
10,17|6|6|5|4|1|1,7,123,434731,silent,434608
10,17|6|6|5|3|2|1,7,220,937948,silent,937728
10,17|6|6|5|2|2|2,7,94,343525,silent,343431
10,17|6|6|4|4|2|1,7,186,689980,silent,689794
10,17|6|6|4|3|3|1,7,91,663873,silent,663782
10,17|6|6|4|3|2|2,7,132,739504,silent,739372
10,17|6|6|3|3|3|2,7,11,301661,silent,301650
10,17|6|5|5|5|1|1,7,39,139395,silent,139356
10,17|6|5|5|4|2|1,7,139,697392,silent,697253
10,17|6|5|5|3|3|1,7,85,560454,silent,560369
10,17|6|5|5|3|2|2,7,73,604639,silent,604566
10,17|6|5|4|4|3|1,7,121,641724,silent,641603
10,17|6|5|4|4|2|2,7,105,578729,silent,578624
10,17|6|5|4|3|3|2,7,57,724224,silent,724167
10,17|6|5|3|3|3|3,7,2,147627,silent,147625
10,17|6|4|4|4|4|1,7,39,108317,silent,108278
10,17|6|4|4|4|3|2,7,48,295992,silent,295944
10,17|6|4|4|3|3|3,7,1,145495,silent,145494
10,17|5|5|5|5|2|1,7,13,87185,silent,87172
10,17|5|5|5|4|3|1,7,29,203979,silent,203950
10,17|5|5|5|4|2|2,7,12,177081,silent,177069
10,17|5|5|5|3|3|2,7,17,183687,silent,183670
10,17|5|5|4|4|4|1,7,17,87602,silent,87585
10,17|5|5|4|4|3|2,7,25,234638,silent,234613
10,17|5|5|4|3|3|3,7,5,109702,silent,109697
10,17|5|4|4|4|4|2,7,18,57099,silent,57081
10,17|5|4|4|4|3|3,7,5,62060,silent,62055
10,17|4|4|4|4|4|3,7,5,8463,silent,8458
10,16|16|4|1|1|1|1,7,1,1023,silent,1022
10,16|16|3|2|1|1|1,7,1,1681,silent,1680
10,16|16|2|2|2|1|1,7,1,629,silent,628
10,16|15|5|1|1|1|1,7,2,4377,silent,4375
10,16|15|4|2|1|1|1,7,10,10849,silent,10839
10,16|15|3|3|1|1|1,7,8,6909,silent,6901
10,16|15|3|2|2|1|1,7,17,8632,silent,8615
10,16|15|2|2|2|2|1,7,9,2112,silent,2103
10,16|14|6|1|1|1|1,7,9,11267,silent,11258
10,16|14|5|2|1|1|1,7,40,37078,silent,37038
10,16|14|4|3|1|1|1,7,44,42245,silent,42201
10,16|14|4|2|2|1|1,7,61,42969,silent,42908
10,16|14|3|3|2|1|1,7,44,34030,silent,33986
10,16|14|3|2|2|2|1,7,46,20107,silent,20061
10,16|14|2|2|2|2|2,7,17,2895,silent,2878
10,16|13|7|1|1|1|1,7,16,20219,silent,20203
10,16|13|6|2|1|1|1,7,84,83578,silent,83494
10,16|13|5|3|1|1|1,7,134,136034,silent,135900
10,16|13|5|2|2|1|1,7,170,129249,silent,129079
10,16|13|4|4|1|1|1,7,61,70934,silent,70873
10,16|13|4|3|2|1|1,7,189,189312,silent,189123
10,16|13|4|2|2|2|1,7,142,88415,silent,88273
10,16|13|3|3|3|1|1,7,34,52621,silent,52587
10,16|13|3|3|2|2|1,7,71,73744,silent,73673
10,16|13|3|2|2|2|2,7,41,22501,silent,22460
10,16|12|8|1|1|1|1,7,24,26193,silent,26169
10,16|12|7|2|1|1|1,7,133,133576,silent,133443
10,16|12|6|3|1|1|1,7,251,282473,silent,282222
10,16|12|6|2|2|1|1,7,277,259807,silent,259530
10,16|12|5|4|1|1|1,7,223,266349,silent,266126
10,16|12|5|3|2|1|1,7,484,553700,silent,553216
10,16|12|5|2|2|2|1,7,277,236410,silent,236133
10,16|12|4|4|2|1|1,7,240,315310,silent,315070
10,16|12|4|3|3|1|1,7,175,288601,silent,288426
10,16|12|4|3|2|2|1,7,302,379903,silent,379601
10,16|12|4|2|2|2|2,7,122,89951,silent,89829
10,16|12|3|3|3|2|1,7,45,134393,silent,134348
10,16|12|3|3|2|2|2,7,41,76343,silent,76302
10,16|11|9|1|1|1|1,7,18,23048,silent,23030
10,16|11|8|2|1|1|1,7,142,149217,silent,149075
10,16|11|7|3|1|1|1,7,335,403770,silent,403435
10,16|11|7|2|2|1|1,7,370,365795,silent,365425
10,16|11|6|4|1|1|1,7,396,540719,silent,540323
10,16|11|6|3|2|1|1,7,771,1032602,silent,1031831
10,16|11|6|2|2|2|1,7,409,424217,silent,423808
10,16|11|5|5|1|1|1,7,208,266742,silent,266534
10,16|11|5|4|2|1|1,7,742,1078845,silent,1078103
10,16|11|5|3|3|1|1,7,410,787889,silent,787479
10,16|11|5|3|2|2|1,7,638,1003174,silent,1002536
10,16|11|5|2|2|2|2,7,176,213830,silent,213654
10,16|11|4|4|3|1|1,7,290,565047,silent,564757
10,16|11|4|4|2|2|1,7,378,601589,silent,601211
10,16|11|4|3|3|2|1,7,240,684319,silent,684079
10,16|11|4|3|2|2|2,7,189,361626,silent,361437
10,16|11|3|3|3|3|1,7,11,112924,silent,112913
10,16|11|3|3|3|2|2,7,21,140054,silent,140033
10,16|10|10|1|1|1|1,7,11,9292,silent,9281
10,16|10|9|2|1|1|1,7,94,100993,silent,100899
10,16|10|8|3|1|1|1,7,302,376625,silent,376323
10,16|10|8|2|2|1|1,7,295,338009,silent,337714
10,16|10|7|4|1|1|1,7,485,692511,silent,692026
10,16|10|7|3|2|1|1,7,868,1271832,silent,1270964
10,16|10|7|2|2|2|1,7,424,511507,silent,511083
10,16|10|6|5|1|1|1,7,388,612730,silent,612342
10,16|10|6|4|2|1|1,7,1126,1937871,silent,1936745
10,16|10|6|3|3|1|1,7,624,1316456,silent,1315832
10,16|10|6|3|2|2|1,7,906,1650504,silent,1649598
10,16|10|6|2|2|2|2,7,253,338531,silent,338278
10,16|10|5|5|2|1|1,7,581,1001149,silent,1000568
10,16|10|5|4|3|1|1,7,806,1787631,silent,1786825
10,16|10|5|4|2|2|1,7,894,1833819,silent,1832925
10,16|10|5|3|3|2|1,7,526,1679059,silent,1678533
10,16|10|5|3|2|2|2,7,331,851219,silent,850888
10,16|10|4|4|4|1|1,7,174,415773,silent,415599
10,16|10|4|4|3|2|1,7,434,1266582,silent,1266148
10,16|10|4|4|2|2|2,7,243,529531,silent,529288
10,16|10|4|3|3|3|1,7,72,535248,silent,535176
10,16|10|4|3|3|2|2,7,110,648408,silent,648298
10,16|10|3|3|3|3|2,7,5,140770,silent,140765
10,16|9|9|3|1|1|1,7,121,156536,silent,156415
10,16|9|9|2|2|1|1,7,137,140303,silent,140166
10,16|9|8|4|1|1|1,7,331,502281,silent,501950
10,16|9|8|3|2|1|1,7,585,906920,silent,906335
10,16|9|8|2|2|2|1,7,274,361414,silent,361140
10,16|9|7|5|1|1|1,7,434,705628,silent,705194
10,16|9|7|4|2|1|1,7,1134,2049624,silent,2048490
10,16|9|7|3|3|1|1,7,576,1347869,silent,1347293
10,16|9|7|3|2|2|1,7,821,1674443,silent,1673622
10,16|9|7|2|2|2|2,7,182,333736,silent,333554
10,16|9|6|6|1|1|1,7,177,346679,silent,346502
10,16|9|6|5|2|1|1,7,965,1981075,silent,1980110
10,16|9|6|4|3|1|1,7,1108,2798438,silent,2797330
10,16|9|6|4|2|2|1,7,1209,2826001,silent,2824792
10,16|9|6|3|3|2|1,7,684,2408961,silent,2408277
10,16|9|6|3|2|2|2,7,420,1199414,silent,1198994
10,16|9|5|5|3|1|1,7,608,1591899,silent,1591291
10,16|9|5|5|2|2|1,7,552,1513320,silent,1512768
10,16|9|5|4|4|1|1,7,481,1260202,silent,1259721
10,16|9|5|4|3|2|1,7,1004,3515674,silent,3514670
10,16|9|5|4|2|2|2,7,416,1403339,silent,1402923
10,16|9|5|3|3|3|1,7,159,1170631,silent,1170472
10,16|9|5|3|3|2|2,7,232,1396385,silent,1396153
10,16|9|4|4|4|2|1,7,297,915956,silent,915659
10,16|9|4|4|3|3|1,7,159,962968,silent,962809
10,16|9|4|4|3|2|2,7,223,1092632,silent,1092409
10,16|9|4|3|3|3|2,7,27,595607,silent,595580
10,16|9|3|3|3|3|3,7,0,-1,a0,
10,16|8|8|5|1|1|1,7,184,316480,silent,316296
10,16|8|8|4|2|1|1,7,445,893438,silent,892993
10,16|8|8|3|3|1|1,7,262,582063,silent,581801
10,16|8|8|3|2|2|1,7,341,721370,silent,721029
10,16|8|8|2|2|2|2,7,102,144372,silent,144270
10,16|8|7|6|1|1|1,7,198,380215,silent,380017
10,16|8|7|5|2|1|1,7,788,1710205,silent,1709417
10,16|8|7|4|3|1|1,7,837,2243654,silent,2242817
10,16|8|7|4|2|2|1,7,872,2246061,silent,2245189
10,16|8|7|3|3|2|1,7,498,1862416,silent,1861918
10,16|8|7|3|2|2|2,7,283,917455,silent,917172
10,16|8|6|6|2|1|1,7,362,928997,silent,928635
10,16|8|6|5|3|1|1,7,868,2596786,silent,2595918
10,16|8|6|5|2|2|1,7,832,2438341,silent,2437509
10,16|8|6|4|4|1|1,7,530,1666279,silent,1665749
10,16|8|6|4|3|2|1,7,1155,4490237,silent,4489082
10,16|8|6|4|2|2|2,7,517,1764640,silent,1764123
10,16|8|6|3|3|3|1,7,179,1380140,silent,1379961
10,16|8|6|3|3|2|2,7,235,1633272,silent,1633037
10,16|8|5|5|4|1|1,7,388,1231044,silent,1230656
10,16|8|5|5|3|2|1,7,617,2698502,silent,2697885
10,16|8|5|5|2|2|2,7,191,987494,silent,987303
10,16|8|5|4|4|2|1,7,592,2345886,silent,2345294
10,16|8|5|4|3|3|1,7,350,2303249,silent,2302899
10,16|8|5|4|3|2|2,7,412,2562953,silent,2562541
10,16|8|5|3|3|3|2,7,63,1106494,silent,1106431
10,16|8|4|4|4|3|1,7,160,787018,silent,786858
10,16|8|4|4|4|2|2,7,172,721070,silent,720898
10,16|8|4|4|3|3|2,7,68,948314,silent,948246
10,16|8|4|3|3|3|3,7,2,240053,silent,240051
10,16|7|7|7|1|1|1,7,39,68418,silent,68379
10,16|7|7|6|2|1|1,7,247,585655,silent,585408
10,16|7|7|5|3|1|1,7,416,1321024,silent,1320608
10,16|7|7|5|2|2|1,7,378,1229094,silent,1228716
10,16|7|7|4|4|1|1,7,277,802293,silent,802016
10,16|7|7|4|3|2|1,7,506,2124890,silent,2124384
10,16|7|7|4|2|2|2,7,177,823138,silent,822961
10,16|7|7|3|3|3|1,7,78,636086,silent,636008
10,16|7|7|3|3|2|2,7,121,750478,silent,750357
10,16|7|6|6|3|1|1,7,264,930963,silent,930699
10,16|7|6|6|2|2|1,7,264,850820,silent,850556
10,16|7|6|5|4|1|1,7,409,1520384,silent,1519975
10,16|7|6|5|3|2|1,7,690,3231137,silent,3230447
10,16|7|6|5|2|2|2,7,248,1167419,silent,1167171
10,16|7|6|4|4|2|1,7,527,2293508,silent,2292981
10,16|7|6|4|3|3|1,7,303,2188381,silent,2188078
10,16|7|6|4|3|2|2,7,364,2418039,silent,2417675
10,16|7|6|3|3|3|2,7,50,968315,silent,968265
10,16|7|5|5|5|1|1,7,86,380387,silent,380301
10,16|7|5|5|4|2|1,7,343,1860204,silent,1859861
10,16|7|5|5|3|3|1,7,199,1477281,silent,1477082
10,16|7|5|5|3|2|2,7,192,1588060,silent,1587868
10,16|7|5|4|4|3|1,7,278,1635798,silent,1635520
10,16|7|5|4|4|2|2,7,213,1464892,silent,1464679
10,16|7|5|4|3|3|2,7,139,1816889,silent,1816750
10,16|7|5|3|3|3|3,7,4,360101,silent,360097
10,16|7|4|4|4|4|1,7,69,250610,silent,250541
10,16|7|4|4|4|3|2,7,88,679981,silent,679893
10,16|7|4|4|3|3|3,7,7,331030,silent,331023
10,16|6|6|6|4|1|1,7,65,332297,silent,332232
10,16|6|6|6|3|2|1,7,134,660036,silent,659902
10,16|6|6|6|2|2|2,7,75,234006,silent,233931
10,16|6|6|5|5|1|1,7,64,281700,silent,281636
10,16|6|6|5|4|2|1,7,240,1289818,silent,1289578
10,16|6|6|5|3|3|1,7,119,996792,silent,996673
10,16|6|6|5|3|2|2,7,133,1068835,silent,1068702
10,16|6|6|4|4|3|1,7,138,918090,silent,917952
10,16|6|6|4|4|2|2,7,152,821595,silent,821443
10,16|6|6|4|3|3|2,7,59,986517,silent,986458
10,16|6|6|3|3|3|3,7,4,182900,silent,182896
10,16|6|5|5|5|2|1,7,54,430581,silent,430527
10,16|6|5|5|4|3|1,7,123,967670,silent,967547
10,16|6|5|5|4|2|2,7,73,837469,silent,837396
10,16|6|5|5|3|3|2,7,63,845996,silent,845933
10,16|6|5|4|4|4|1,7,69,383075,silent,383006
10,16|6|5|4|4|3|2,7,100,1008603,silent,1008503
10,16|6|5|4|3|3|3,7,12,458193,silent,458181
10,16|6|4|4|4|4|2,7,49,189823,silent,189774
10,16|6|4|4|4|3|3,7,10,204021,silent,204011
10,16|5|5|5|5|3|1,7,14,134160,silent,134146
10,16|5|5|5|5|2|2,7,8,108486,silent,108478
10,16|5|5|5|4|4|1,7,12,132758,silent,132746
10,16|5|5|5|4|3|2,7,20,326385,silent,326365
10,16|5|5|5|3|3|3,7,6,119797,silent,119791
10,16|5|5|4|4|4|2,7,12,153951,silent,153939
10,16|5|5|4|4|3|3,7,13,166122,silent,166109
10,16|5|4|4|4|4|3,7,11,52214,silent,52203
10,16|4|4|4|4|4|4,7,7,3760,silent,3753
10,15|15|6|1|1|1|1,7,1,3997,silent,3996
10,15|15|5|2|1|1|1,7,15,13378,silent,13363
10,15|15|4|3|1|1|1,7,13,15133,silent,15120
10,15|15|4|2|2|1|1,7,28,15612,silent,15584
10,15|15|3|3|2|1|1,7,14,12088,silent,12074
10,15|15|3|2|2|2|1,7,16,7167,silent,7151
10,15|15|2|2|2|2|2,7,2,916,silent,914
10,15|14|7|1|1|1|1,7,9,11563,silent,11554
10,15|14|6|2|1|1|1,7,49,47495,silent,47446
10,15|14|5|3|1|1|1,7,78,77038,silent,76960
10,15|14|5|2|2|1|1,7,95,73116,silent,73021
10,15|14|4|4|1|1|1,7,33,40094,silent,40061
10,15|14|4|3|2|1|1,7,109,106907,silent,106798
10,15|14|4|2|2|2|1,7,79,49880,silent,49801
10,15|14|3|3|3|1|1,7,20,29672,silent,29652
10,15|14|3|3|2|2|1,7,40,41553,silent,41513
10,15|14|3|2|2|2|2,7,24,12678,silent,12654
10,15|13|8|1|1|1|1,7,15,19469,silent,19454
10,15|13|7|2|1|1|1,7,101,98285,silent,98184
10,15|13|6|3|1|1|1,7,180,205522,silent,205342
10,15|13|6|2|2|1|1,7,216,189372,silent,189156
10,15|13|5|4|1|1|1,7,166,192996,silent,192830
10,15|13|5|3|2|1|1,7,348,399953,silent,399605
10,15|13|5|2|2|2|1,7,197,170360,silent,170163
10,15|13|4|4|2|1|1,7,186,227811,silent,227625
10,15|13|4|3|3|1|1,7,117,207351,silent,207234
10,15|13|4|3|2|2|1,7,220,273053,silent,272833
10,15|13|4|2|2|2|2,7,72,63841,silent,63769
10,15|13|3|3|3|2|1,7,34,96426,silent,96392
10,15|13|3|3|2|2|2,7,35,54991,silent,54956
10,15|12|9|1|1|1|1,7,20,22093,silent,22073
10,15|12|8|2|1|1|1,7,130,136088,silent,135958
10,15|12|7|3|1|1|1,7,303,358718,silent,358415
10,15|12|7|2|2|1|1,7,320,324374,silent,324054
10,15|12|6|4|1|1|1,7,347,473634,silent,473287
10,15|12|6|3|2|1|1,7,673,902056,silent,901383
10,15|12|6|2|2|2|1,7,351,369864,silent,369513
10,15|12|5|5|1|1|1,7,182,232103,silent,231921
10,15|12|5|4|2|1|1,7,637,934913,silent,934276
10,15|12|5|3|3|1|1,7,363,681514,silent,681151
10,15|12|5|3|2|2|1,7,545,866686,silent,866141
10,15|12|5|2|2|2|2,7,152,184371,silent,184219
10,15|12|4|4|3|1|1,7,247,486795,silent,486548
10,15|12|4|4|2|2|1,7,321,517585,silent,517264
10,15|12|4|3|3|2|1,7,208,587617,silent,587409
10,15|12|4|3|2|2|2,7,159,309946,silent,309787
10,15|12|3|3|3|3|1,7,11,96532,silent,96521
10,15|12|3|3|3|2|2,7,17,119564,silent,119547
10,15|11|10|1|1|1|1,7,11,14900,silent,14889
10,15|11|9|2|1|1|1,7,120,124809,silent,124689
10,15|11|8|3|1|1|1,7,329,420592,silent,420263
10,15|11|8|2|2|1|1,7,346,377321,silent,376975
10,15|11|7|4|1|1|1,7,517,738206,silent,737689
10,15|11|7|3|2|1|1,7,913,1349365,silent,1348452
10,15|11|7|2|2|2|1,7,429,540519,silent,540090
10,15|11|6|5|1|1|1,7,406,638709,silent,638303
10,15|11|6|4|2|1|1,7,1179,2007753,silent,2006574
10,15|11|6|3|3|1|1,7,620,1357948,silent,1357328
10,15|11|6|3|2|2|1,7,914,1700156,silent,1699242
10,15|11|6|2|2|2|2,7,222,345699,silent,345477
10,15|11|5|5|2|1|1,7,570,1024763,silent,1024193
10,15|11|5|4|3|1|1,7,813,1821497,silent,1820684
10,15|11|5|4|2|2|1,7,884,1864588,silent,1863704
10,15|11|5|3|3|2|1,7,532,1702958,silent,1702426
10,15|11|5|3|2|2|2,7,329,861137,silent,860808
10,15|11|4|4|4|1|1,7,189,421161,silent,420972
10,15|11|4|4|3|2|1,7,430,1276259,silent,1275829
10,15|11|4|4|2|2|2,7,207,530141,silent,529934
10,15|11|4|3|3|3|1,7,69,537305,silent,537236
10,15|11|4|3|3|2|2,7,122,650922,silent,650800
10,15|11|3|3|3|3|2,7,4,139921,silent,139917
10,15|10|10|2|1|1|1,7,43,50624,silent,50581
10,15|10|9|3|1|1|1,7,224,291827,silent,291603
10,15|10|9|2|2|1|1,7,224,260362,silent,260138
10,15|10|8|4|1|1|1,7,464,720183,silent,719719
10,15|10|8|3|2|1|1,7,809,1293180,silent,1292371
10,15|10|8|2|2|2|1,7,375,513544,silent,513169
10,15|10|7|5|1|1|1,7,554,922125,silent,921571
10,15|10|7|4|2|1|1,7,1410,2653222,silent,2651812
10,15|10|7|3|3|1|1,7,744,1737772,silent,1737028
10,15|10|7|3|2|2|1,7,1018,2154292,silent,2153274
10,15|10|7|2|2|2|2,7,235,428082,silent,427847
10,15|10|6|6|1|1|1,7,218,438218,silent,438000
10,15|10|6|5|2|1|1,7,1167,2462754,silent,2461587
10,15|10|6|4|3|1|1,7,1328,3450066,silent,3448738
10,15|10|6|4|2|2|1,7,1431,3476356,silent,3474925
10,15|10|6|3|3|2|1,7,822,2950344,silent,2949522
10,15|10|6|3|2|2|2,7,489,1464488,silent,1463999
10,15|10|5|5|3|1|1,7,722,1926732,silent,1926010
10,15|10|5|5|2|2|1,7,647,1828310,silent,1827663
10,15|10|5|4|4|1|1,7,547,1515443,silent,1514896
10,15|10|5|4|3|2|1,7,1162,4211756,silent,4210594
10,15|10|5|4|2|2|2,7,483,1676533,silent,1676050
10,15|10|5|3|3|3|1,7,196,1394503,silent,1394307
10,15|10|5|3|3|2|2,7,262,1660096,silent,1659834
10,15|10|4|4|4|2|1,7,331,1083177,silent,1082846
10,15|10|4|4|3|3|1,7,182,1135690,silent,1135508
10,15|10|4|4|3|2|2,7,252,1285737,silent,1285485
10,15|10|4|3|3|3|2,7,34,697074,silent,697040
10,15|10|3|3|3|3|3,7,1,74821,silent,74820
10,15|9|9|4|1|1|1,7,206,305619,silent,305413
10,15|9|9|3|2|1|1,7,333,542648,silent,542315
10,15|9|9|2|2|2|1,7,142,213399,silent,213257
10,15|9|8|5|1|1|1,7,399,705203,silent,704804
10,15|9|8|4|2|1|1,7,985,1958984,silent,1957999
10,15|9|8|3|3|1|1,7,511,1264257,silent,1263746
10,15|9|8|3|2|2|1,7,694,1561015,silent,1560321
10,15|9|8|2|2|2|2,7,150,306695,silent,306545
10,15|9|7|6|1|1|1,7,345,663238,silent,662893
10,15|9|7|5|2|1|1,7,1279,2900005,silent,2898726
10,15|9|7|4|3|1|1,7,1353,3754553,silent,3753200
10,15|9|7|4|2|2|1,7,1361,3744131,silent,3742770
10,15|9|7|3|3|2|1,7,799,3085261,silent,3084462
10,15|9|7|3|2|2|2,7,431,1512071,silent,1511640
10,15|9|6|6|2|1|1,7,581,1464235,silent,1463654
10,15|9|6|5|3|1|1,7,1278,3984780,silent,3983502
10,15|9|6|5|2|2|1,7,1195,3728510,silent,3727315
10,15|9|6|4|4|1|1,7,804,2532509,silent,2531705
10,15|9|6|4|3|2|1,7,1657,6777364,silent,6775707
10,15|9|6|4|2|2|2,7,665,2646021,silent,2645356
10,15|9|6|3|3|3|1,7,264,2066187,silent,2065923
10,15|9|6|3|3|2|2,7,363,2441005,silent,2440642
10,15|9|5|5|4|1|1,7,523,1804368,silent,1803845
10,15|9|5|5|3|2|1,7,864,3935824,silent,3934960
10,15|9|5|5|2|2|2,7,283,1436044,silent,1435761
10,15|9|5|4|4|2|1,7,794,3385032,silent,3384238
10,15|9|5|4|3|3|1,7,489,3310534,silent,3310045
10,15|9|5|4|3|2|2,7,555,3673184,silent,3672629
10,15|9|5|3|3|3|2,7,91,1573132,silent,1573041
10,15|9|4|4|4|3|1,7,216,1106927,silent,1106711
10,15|9|4|4|4|2|2,7,189,1007715,silent,1007526
10,15|9|4|4|3|3|2,7,103,1326257,silent,1326154
10,15|9|4|3|3|3|3,7,2,331619,silent,331617
10,15|8|8|6|1|1|1,7,148,322532,silent,322384
10,15|8|8|5|2|1|1,7,550,1318906,silent,1318356
10,15|8|8|4|3|1|1,7,564,1660895,silent,1660331
10,15|8|8|4|2|2|1,7,594,1654244,silent,1653650
10,15|8|8|3|3|2|1,7,337,1344619,silent,1344282
10,15|8|8|3|2|2|2,7,192,658518,silent,658326
10,15|8|7|7|1|1|1,7,109,209230,silent,209121
10,15|8|7|6|2|1|1,7,617,1629610,silent,1628993
10,15|8|7|5|3|1|1,7,1068,3517311,silent,3516243
10,15|8|7|5|2|2|1,7,954,3263065,silent,3262111
10,15|8|7|4|4|1|1,7,613,2095672,silent,2095059
10,15|8|7|4|3|2|1,7,1248,5511385,silent,5510137
10,15|8|7|4|2|2|2,7,480,2129558,silent,2129078
10,15|8|7|3|3|3|1,7,206,1626098,silent,1625892
10,15|8|7|3|3|2|2,7,261,1911513,silent,1911252
10,15|8|6|6|3|1|1,7,530,1989388,silent,1988858
10,15|8|6|6|2|2|1,7,524,1809361,silent,1808837
10,15|8|6|5|4|1|1,7,791,3116973,silent,3116182
10,15|8|6|5|3|2|1,7,1318,6568575,silent,6567257
10,15|8|6|5|2|2|2,7,465,2360061,silent,2359596
10,15|8|6|4|4|2|1,7,965,4578657,silent,4577692
10,15|8|6|4|3|3|1,7,568,4339339,silent,4338771
10,15|8|6|4|3|2|2,7,668,4778828,silent,4778160
10,15|8|6|3|3|3|2,7,99,1887865,silent,1887766
10,15|8|5|5|5|1|1,7,163,714878,silent,714715
10,15|8|5|5|4|2|1,7,599,3445830,silent,3445231
10,15|8|5|5|3|3|1,7,352,2716751,silent,2716399
10,15|8|5|5|3|2|2,7,327,2912596,silent,2912269
10,15|8|5|4|4|3|1,7,447,2956197,silent,2955750
10,15|8|5|4|4|2|2,7,369,2640332,silent,2639963
10,15|8|5|4|3|3|2,7,230,3249611,silent,3249381
10,15|8|5|3|3|3|3,7,11,634642,silent,634631
10,15|8|4|4|4|4|1,7,98,432992,silent,432894
10,15|8|4|4|4|3|2,7,134,1168576,silent,1168442
10,15|8|4|4|3|3|3,7,10,564415,silent,564405
10,15|7|7|7|2|1|1,7,108,296704,silent,296596
10,15|7|7|6|3|1|1,7,344,1271572,silent,1271228
10,15|7|7|6|2|2|1,7,285,1143304,silent,1143019
10,15|7|7|5|4|1|1,7,396,1623753,silent,1623357
10,15|7|7|5|3|2|1,7,630,3370011,silent,3369381
10,15|7|7|5|2|2|2,7,195,1197025,silent,1196830
10,15|7|7|4|4|2|1,7,423,2217556,silent,2217133
10,15|7|7|4|3|3|1,7,272,2081380,silent,2081108
10,15|7|7|4|3|2|2,7,283,2278421,silent,2278138
10,15|7|7|3|3|3|2,7,53,878491,silent,878438
10,15|7|6|6|4|1|1,7,271,1239935,silent,1239664
10,15|7|6|6|3|2|1,7,439,2419432,silent,2418993
10,15|7|6|6|2|2|2,7,160,841091,silent,840931
10,15|7|6|5|5|1|1,7,187,970202,silent,970015
10,15|7|6|5|4|2|1,7,709,4334568,silent,4333859
10,15|7|6|5|3|3|1,7,380,3318742,silent,3318362
10,15|7|6|5|3|2|2,7,399,3537806,silent,3537407
10,15|7|6|4|4|3|1,7,407,2951883,silent,2951476
10,15|7|6|4|4|2|2,7,332,2616285,silent,2615953
10,15|7|6|4|3|3|2,7,206,3129673,silent,3129467
10,15|7|6|3|3|3|3,7,7,564233,silent,564226
10,15|7|5|5|5|2|1,7,139,1134655,silent,1134516
10,15|7|5|5|4|3|1,7,282,2492971,silent,2492689
10,15|7|5|5|4|2|2,7,195,2150992,silent,2150797
10,15|7|5|5|3|3|2,7,137,2145165,silent,2145028
10,15|7|5|4|4|4|1,7,144,947300,silent,947156
10,15|7|5|4|4|3|2,7,212,2473715,silent,2473503
10,15|7|5|4|3|3|3,7,32,1109946,silent,1109914
10,15|7|4|4|4|4|2,7,67,421292,silent,421225
10,15|7|4|4|4|3|3,7,28,455034,silent,455006
10,15|6|6|6|5|1|1,7,42,272785,silent,272743
10,15|6|6|6|4|2|1,7,159,973445,silent,973286
10,15|6|6|6|3|3|1,7,64,696100,silent,696036
10,15|6|6|6|3|2|2,7,94,736042,silent,735948
10,15|6|6|5|5|2|1,7,101,850883,silent,850782
10,15|6|6|5|4|3|1,7,190,1753534,silent,1753344
10,15|6|6|5|4|2|2,7,157,1508178,silent,1508021
10,15|6|6|5|3|3|2,7,80,1460933,silent,1460853
10,15|6|6|4|4|4|1,7,86,546003,silent,545917
10,15|6|6|4|4|3|2,7,120,1403024,silent,1402904
10,15|6|6|4|3|3|3,7,12,609683,silent,609671
10,15|6|5|5|5|3|1,7,54,644434,silent,644380
10,15|6|5|5|5|2|2,7,25,517056,silent,517031
10,15|6|5|5|4|4|1,7,57,619800,silent,619743
10,15|6|5|5|4|3|2,7,90,1498957,silent,1498867
10,15|6|5|5|3|3|3,7,20,535736,silent,535716
10,15|6|5|4|4|4|2,7,69,653704,silent,653635
10,15|6|5|4|4|3|3,7,32,690752,silent,690720
10,15|6|4|4|4|4|3,7,25,168630,silent,168605
10,15|5|5|5|5|4|1,7,7,112023,silent,112016
10,15|5|5|5|5|3|2,7,10,215294,silent,215284
10,15|5|5|5|4|4|2,7,8,230752,silent,230744
10,15|5|5|5|4|3|3,7,11,231325,silent,231314
10,15|5|5|4|4|4|3,7,10,140478,silent,140468
10,15|5|4|4|4|4|4,7,6,21396,silent,21390
10,14|14|8|1|1|1|1,7,10,7290,silent,7280
10,14|14|7|2|1|1|1,7,36,36052,silent,36016
10,14|14|6|3|1|1|1,7,71,75351,silent,75280
10,14|14|6|2|2|1|1,7,68,68968,silent,68900
10,14|14|5|4|1|1|1,7,61,70467,silent,70406
10,14|14|5|3|2|1|1,7,130,146239,silent,146109
10,14|14|5|2|2|2|1,7,74,62361,silent,62287
10,14|14|4|4|2|1|1,7,58,82713,silent,82655
10,14|14|4|3|3|1|1,7,52,75897,silent,75845
10,14|14|4|3|2|2|1,7,77,99613,silent,99536
10,14|14|4|2|2|2|2,7,37,23771,silent,23734
10,14|14|3|3|3|2|1,7,13,35106,silent,35093
10,14|14|3|3|2|2|2,7,7,19762,silent,19755
10,14|13|9|1|1|1|1,7,11,13549,silent,13538
10,14|13|8|2|1|1|1,7,80,81719,silent,81639
10,14|13|7|3|1|1|1,7,180,212350,silent,212170
10,14|13|7|2|2|1|1,7,192,191945,silent,191753
10,14|13|6|4|1|1|1,7,207,278379,silent,278172
10,14|13|6|3|2|1|1,7,395,529190,silent,528795
10,14|13|6|2|2|2|1,7,203,216613,silent,216410
10,14|13|5|5|1|1|1,7,105,135853,silent,135748
10,14|13|5|4|2|1|1,7,374,546161,silent,545787
10,14|13|5|3|3|1|1,7,209,397511,silent,397302
10,14|13|5|3|2|2|1,7,315,505277,silent,504962
10,14|13|5|2|2|2|2,7,85,107182,silent,107097
10,14|13|4|4|3|1|1,7,145,283462,silent,283317
10,14|13|4|4|2|2|1,7,184,301023,silent,300839
10,14|13|4|3|3|2|1,7,121,341506,silent,341385
10,14|13|4|3|2|2|2,7,91,179876,silent,179785
10,14|13|3|3|3|3|1,7,6,55942,silent,55936
10,14|13|3|3|3|2|2,7,11,69354,silent,69343
10,14|12|10|1|1|1|1,7,15,13662,silent,13647
10,14|12|9|2|1|1|1,7,97,103364,silent,103267
10,14|12|8|3|1|1|1,7,270,333695,silent,333425
10,14|12|8|2|2|1|1,7,254,298381,silent,298127
10,14|12|7|4|1|1|1,7,396,571669,silent,571273
10,14|12|7|3|2|1|1,7,701,1043227,silent,1042526
10,14|12|7|2|2|2|1,7,328,417556,silent,417228
10,14|12|6|5|1|1|1,7,311,489128,silent,488817
10,14|12|6|4|2|1|1,7,869,1530940,silent,1530071
10,14|12|6|3|3|1|1,7,491,1035009,silent,1034518
10,14|12|6|3|2|2|1,7,683,1294013,silent,1293330
10,14|12|6|2|2|2|2,7,184,263708,silent,263524
10,14|12|5|5|2|1|1,7,441,777849,silent,777408
10,14|12|5|4|3|1|1,7,607,1377216,silent,1376609
10,14|12|5|4|2|2|1,7,660,1409021,silent,1408361
10,14|12|5|3|3|2|1,7,398,1284230,silent,1283832
10,14|12|5|3|2|2|2,7,237,648485,silent,648248
10,14|12|4|4|4|1|1,7,122,316345,silent,316223
10,14|12|4|4|3|2|1,7,318,959101,silent,958783
10,14|12|4|4|2|2|2,7,173,399191,silent,399018
10,14|12|4|3|3|3|1,7,59,402974,silent,402915
10,14|12|4|3|3|2|2,7,80,486911,silent,486831
10,14|12|3|3|3|3|2,7,5,104681,silent,104676
10,14|11|11|1|1|1|1,7,4,5747,silent,5743
10,14|11|10|2|1|1|1,7,67,73442,silent,73375
10,14|11|9|3|1|1|1,7,245,324151,silent,323906
10,14|11|9|2|2|1|1,7,252,288844,silent,288592
10,14|11|8|4|1|1|1,7,472,727698,silent,727226
10,14|11|8|3|2|1|1,7,802,1300939,silent,1300137
10,14|11|8|2|2|2|1,7,361,514674,silent,514313
10,14|11|7|5|1|1|1,7,528,892069,silent,891541
10,14|11|7|4|2|1|1,7,1340,2551579,silent,2550239
10,14|11|7|3|3|1|1,7,694,1665822,silent,1665128
10,14|11|7|3|2|2|1,7,948,2062198,silent,2061250
10,14|11|7|2|2|2|2,7,203,407723,silent,407520
10,14|11|6|6|1|1|1,7,212,417057,silent,416845
10,14|11|6|5|2|1|1,7,1082,2318680,silent,2317598
10,14|11|6|4|3|1|1,7,1228,3231825,silent,3230597
10,14|11|6|4|2|2|1,7,1293,3250443,silent,3249150
10,14|11|6|3|3|2|1,7,756,2752095,silent,2751339
10,14|11|6|3|2|2|2,7,433,1362542,silent,1362109
10,14|11|5|5|3|1|1,7,648,1786043,silent,1785395
10,14|11|5|5|2|2|1,7,587,1692945,silent,1692358
10,14|11|5|4|4|1|1,7,500,1400064,silent,1399564
10,14|11|5|4|3|2|1,7,1044,3880301,silent,3879257
10,14|11|5|4|2|2|2,7,421,1540738,silent,1540317
10,14|11|5|3|3|3|1,7,178,1280454,silent,1280276
10,14|11|5|3|3|2|2,7,243,1523129,silent,1522886
10,14|11|4|4|4|2|1,7,290,990216,silent,989926
10,14|11|4|4|3|3|1,7,166,1036996,silent,1036830
10,14|11|4|4|3|2|2,7,219,1171743,silent,1171524
10,14|11|4|3|3|3|2,7,33,633699,silent,633666
10,14|11|3|3|3|3|3,7,0,-1,a0,
10,14|10|10|3|1|1|1,7,102,135454,silent,135352
10,14|10|10|2|2|1|1,7,85,120064,silent,119979
10,14|10|9|4|1|1|1,7,327,525360,silent,525033
10,14|10|9|3|2|1|1,7,547,929633,silent,929086
10,14|10|9|2|2|2|1,7,238,365407,silent,365169
10,14|10|8|5|1|1|1,7,520,939204,silent,938684
10,14|10|8|4|2|1|1,7,1229,2584406,silent,2583177
10,14|10|8|3|3|1|1,7,677,1662334,silent,1661657
10,14|10|8|3|2|2|1,7,869,2048047,silent,2047178
10,14|10|8|2|2|2|2,7,209,402037,silent,401828
10,14|10|7|6|1|1|1,7,405,811338,silent,810933
10,14|10|7|5|2|1|1,7,1494,3494471,silent,3492977
10,14|10|7|4|3|1|1,7,1558,4487478,silent,4485920
10,14|10|7|4|2|2|1,7,1566,4468205,silent,4466639
10,14|10|7|3|3|2|1,7,920,3665152,silent,3664232
10,14|10|7|3|2|2|2,7,488,1792444,silent,1791956
10,14|10|6|6|2|1|1,7,637,1705667,silent,1705030
10,14|10|6|5|3|1|1,7,1432,4577375,silent,4575943
10,14|10|6|5|2|2|1,7,1317,4274801,silent,4273484
10,14|10|6|4|4|1|1,7,849,2889276,silent,2888427
10,14|10|6|4|3|2|1,7,1816,7708171,silent,7706355
10,14|10|6|4|2|2|2,7,749,3003893,silent,3003144
10,14|10|6|3|3|3|1,7,306,2337777,silent,2337471
10,14|10|6|3|3|2|2,7,376,2755818,silent,2755442
10,14|10|5|5|4|1|1,7,581,2023554,silent,2022973
10,14|10|5|5|3|2|1,7,934,4397390,silent,4396456
10,14|10|5|5|2|2|2,7,285,1599613,silent,1599328
10,14|10|5|4|4|2|1,7,842,3759160,silent,3758318
10,14|10|5|4|3|3|1,7,523,3665723,silent,3665200
10,14|10|5|4|3|2|2,7,589,4061528,silent,4060939
10,14|10|5|3|3|3|2,7,104,1730379,silent,1730275
10,14|10|4|4|4|3|1,7,212,1210483,silent,1210271
10,14|10|4|4|4|2|2,7,216,1101970,silent,1101754
10,14|10|4|4|3|3|2,7,100,1443623,silent,1443523
10,14|10|4|3|3|3|3,7,6,359458,silent,359452
10,14|9|9|5|1|1|1,7,225,410941,silent,410716
10,14|9|9|4|2|1|1,7,542,1111861,silent,1111319
10,14|9|9|3|3|1|1,7,258,708544,silent,708286
10,14|9|9|3|2|2|1,7,349,870191,silent,869842
10,14|9|9|2|2|2|2,7,55,167830,silent,167775
10,14|9|8|6|1|1|1,7,326,688971,silent,688645
10,14|9|8|5|2|1|1,7,1099,2735389,silent,2734290
10,14|9|8|4|3|1|1,7,1118,3398985,silent,3397867
10,14|9|8|4|2|2|1,7,1109,3369141,silent,3368032
10,14|9|8|3|3|2|1,7,653,2723903,silent,2723250
10,14|9|8|3|2|2|2,7,339,1325061,silent,1324722
10,14|9|7|7|1|1|1,7,174,357271,silent,357097
10,14|9|7|6|2|1|1,7,970,2652080,silent,2651110
10,14|9|7|5|3|1|1,7,1611,5581790,silent,5580179
10,14|9|7|5|2|2|1,7,1421,5162447,silent,5161026
10,14|9|7|4|4|1|1,7,933,3292560,silent,3291627
10,14|9|7|4|3|2|1,7,1846,8607330,silent,8605484
10,14|9|7|4|2|2|2,7,665,3309457,silent,3308792
10,14|9|7|3|3|3|1,7,312,2519204,silent,2518892
10,14|9|7|3|3|2|2,7,401,2955920,silent,2955519
10,14|9|6|6|3|1|1,7,769,2933614,silent,2932845
10,14|9|6|6|2|2|1,7,710,2657009,silent,2656299
10,14|9|6|5|4|1|1,7,1090,4493746,silent,4492656
10,14|9|6|5|3|2|1,7,1796,9417469,silent,9415673
10,14|9|6|5|2|2|2,7,604,3368234,silent,3367630
10,14|9|6|4|4|2|1,7,1270,6495218,silent,6493948
10,14|9|6|4|3|3|1,7,783,6133722,silent,6132939
10,14|9|6|4|3|2|2,7,874,6736146,silent,6735272
10,14|9|6|3|3|3|2,7,146,2642406,silent,2642260
10,14|9|5|5|5|1|1,7,206,988674,silent,988468
10,14|9|5|5|4|2|1,7,781,4726420,silent,4725639
10,14|9|5|5|3|3|1,7,455,3710382,silent,3709927
10,14|9|5|5|3|2|2,7,436,3971195,silent,3970759
10,14|9|5|4|4|3|1,7,566,3997409,silent,3996843
10,14|9|5|4|4|2|2,7,444,3560082,silent,3559638
10,14|9|5|4|3|3|2,7,303,4367875,silent,4367572
10,14|9|5|3|3|3|3,7,13,844821,silent,844808
10,14|9|4|4|4|4|1,7,112,571016,silent,570904
10,14|9|4|4|4|3|2,7,158,1536539,silent,1536381
10,14|9|4|4|3|3|3,7,17,739548,silent,739531
10,14|8|8|7|1|1|1,7,100,218431,silent,218331
10,14|8|8|6|2|1|1,7,435,1311518,silent,1311083
10,14|8|8|5|3|1|1,7,729,2581402,silent,2580673
10,14|8|8|5|2|2|1,7,645,2382629,silent,2381984
10,14|8|8|4|4|1|1,7,364,1485247,silent,1484883
10,14|8|8|4|3|2|1,7,802,3859202,silent,3858400
10,14|8|8|4|2|2|2,7,338,1483220,silent,1482882
10,14|8|8|3|3|3|1,7,141,1112241,silent,1112100
10,14|8|8|3|3|2|2,7,147,1301424,silent,1301277
10,14|8|7|7|2|1|1,7,298,860160,silent,859862
10,14|8|7|6|3|1|1,7,839,3349091,silent,3348252
10,14|8|7|6|2|2|1,7,723,3004585,silent,3003862
10,14|8|7|5|4|1|1,7,940,4107550,silent,4106610
10,14|8|7|5|3|2|1,7,1500,8459182,silent,8457682
10,14|8|7|5|2|2|2,7,474,2993855,silent,2993381
10,14|8|7|4|4|2|1,7,978,5469522,silent,5468544
10,14|8|7|4|3|3|1,7,616,5093969,silent,5093353
10,14|8|7|4|3|2|2,7,661,5565784,silent,5565123
10,14|8|7|3|3|3|2,7,117,2113680,silent,2113563
10,14|8|6|6|4|1|1,7,496,2517350,silent,2516854
10,14|8|6|6|3|2|1,7,826,4873046,silent,4872220
10,14|8|6|6|2|2|2,7,312,1685923,silent,1685611
10,14|8|6|5|5|1|1,7,363,1904317,silent,1903954
10,14|8|6|5|4|2|1,7,1278,8382365,silent,8381087
10,14|8|6|5|3|3|1,7,695,6375740,silent,6375045
10,14|8|6|5|3|2|2,7,702,6776157,silent,6775455
10,14|8|6|4|4|3|1,7,690,5570564,silent,5569874
10,14|8|6|4|4|2|2,7,604,4925689,silent,4925085
10,14|8|6|4|3|3|2,7,350,5848890,silent,5848540
10,14|8|6|3|3|3|3,7,21,1040099,silent,1040078
10,14|8|5|5|5|2|1,7,237,2012653,silent,2012416
10,14|8|5|5|4|3|1,7,468,4366809,silent,4366341
10,14|8|5|5|4|2|2,7,310,3756987,silent,3756677
10,14|8|5|5|3|3|2,7,231,3721809,silent,3721578
10,14|8|5|4|4|4|1,7,223,1624764,silent,1624541
10,14|8|5|4|4|3|2,7,328,4218361,silent,4218033
10,14|8|5|4|3|3|3,7,52,1876873,silent,1876821
10,14|8|4|4|4|4|2,7,105,688232,silent,688127
10,14|8|4|4|4|3|3,7,31,739174,silent,739143
10,14|7|7|7|3|1|1,7,144,628763,silent,628619
10,14|7|7|7|2|2|1,7,112,553322,silent,553210
10,14|7|7|6|4|1|1,7,344,1650496,silent,1650152
10,14|7|7|6|3|2|1,7,489,3141177,silent,3140688
10,14|7|7|6|2|2|2,7,130,1070625,silent,1070495
10,14|7|7|5|5|1|1,7,168,1032805,silent,1032637
10,14|7|7|5|4|2|1,7,619,4410097,silent,4409478
10,14|7|7|5|3|3|1,7,347,3319035,silent,3318688
10,14|7|7|5|3|2|2,7,343,3510185,silent,3509842
10,14|7|7|4|4|3|1,7,329,2737957,silent,2737628
10,14|7|7|4|4|2|2,7,214,2403326,silent,2403112
10,14|7|7|4|3|3|2,7,183,2834761,silent,2834578
10,14|7|7|3|3|3|3,7,6,488135,silent,488129
10,14|7|6|6|5|1|1,7,160,989330,silent,989170
10,14|7|6|6|4|2|1,7,474,3432166,silent,3431692
10,14|7|6|6|3|3|1,7,236,2435660,silent,2435424
10,14|7|6|6|3|2|2,7,255,2553764,silent,2553509
10,14|7|6|5|5|2|1,7,310,2787502,silent,2787192
10,14|7|6|5|4|3|1,7,549,5618207,silent,5617658
10,14|7|6|5|4|2|2,7,416,4804679,silent,4804263
10,14|7|6|5|3|3|2,7,252,4616737,silent,4616485
10,14|7|6|4|4|4|1,7,206,1676170,silent,1675964
10,14|7|6|4|4|3|2,7,306,4277546,silent,4277240
10,14|7|6|4|3|3|3,7,45,1840362,silent,1840317
10,14|7|5|5|5|3|1,7,119,1617835,silent,1617716
10,14|7|5|5|5|2|2,7,77,1295248,silent,1295171
10,14|7|5|5|4|4|1,7,131,1530039,silent,1529908
10,14|7|5|5|4|3|2,7,203,3668400,silent,3668197
10,14|7|5|5|3|3|3,7,38,1292941,silent,1292903
10,14|7|5|4|4|4|2,7,126,1534765,silent,1534639
10,14|7|5|4|4|3|3,7,75,1614939,silent,1614864
10,14|7|4|4|4|4|3,7,39,358472,silent,358433
10,14|6|6|6|6|1|1,7,9,108404,silent,108395
10,14|6|6|6|5|2|1,7,92,804787,silent,804695
10,14|6|6|6|4|3|1,7,115,1298915,silent,1298800
10,14|6|6|6|4|2|2,7,125,1101539,silent,1101414
10,14|6|6|6|3|3|2,7,40,984631,silent,984591
10,14|6|6|5|5|3|1,7,88,1232746,silent,1232658
10,14|6|6|5|5|2|2,7,49,980791,silent,980742
10,14|6|6|5|4|4|1,7,101,1105229,silent,1105128
10,14|6|6|5|4|3|2,7,146,2608419,silent,2608273
10,14|6|6|5|3|3|3,7,22,891493,silent,891471
10,14|6|6|4|4|4|2,7,95,895891,silent,895796
10,14|6|6|4|4|3|3,7,27,924454,silent,924427
10,14|6|5|5|5|4|1,7,27,520967,silent,520940
10,14|6|5|5|5|3|2,7,38,987460,silent,987422
10,14|6|5|5|4|4|2,7,43,1029789,silent,1029746
10,14|6|5|5|4|3|3,7,38,1016525,silent,1016487
10,14|6|5|4|4|4|3,7,38,569460,silent,569422
10,14|6|4|4|4|4|4,7,19,66751,silent,66732
10,14|5|5|5|5|5|1,7,3,42833,silent,42830
10,14|5|5|5|5|4|2,7,7,193259,silent,193252
10,14|5|5|5|5|3|3,7,3,154036,silent,154033
10,14|5|5|5|4|4|3,7,6,207998,silent,207992
10,14|5|5|4|4|4|4,7,2,55575,silent,55573
10,13|13|10|1|1|1|1,7,4,5457,silent,5453
10,13|13|9|2|1|1|1,7,40,40410,silent,40370
10,13|13|8|3|1|1|1,7,96,127525,silent,127429
10,13|13|8|2|2|1|1,7,112,114493,silent,114381
10,13|13|7|4|1|1|1,7,155,216514,silent,216359
10,13|13|7|3|2|1|1,7,261,393968,silent,393707
10,13|13|7|2|2|2|1,7,121,157242,silent,157121
10,13|13|6|5|1|1|1,7,115,184044,silent,183929
10,13|13|6|4|2|1|1,7,344,575712,silent,575368
10,13|13|6|3|3|1|1,7,167,387573,silent,387406
10,13|13|6|3|2|2|1,7,256,484846,silent,484590
10,13|13|6|2|2|2|2,7,49,97596,silent,97547
10,13|13|5|5|2|1|1,7,153,290699,silent,290546
10,13|13|5|4|3|1|1,7,227,514929,silent,514702
10,13|13|5|4|2|2|1,7,242,526078,silent,525836
10,13|13|5|3|3|2|1,7,149,479498,silent,479349
10,13|13|5|3|2|2|2,7,93,242020,silent,241927
10,13|13|4|4|4|1|1,7,62,118649,silent,118587
10,13|13|4|4|3|2|1,7,116,357350,silent,357234
10,13|13|4|4|2|2|2,7,45,147303,silent,147258
10,13|13|4|3|3|3|1,7,18,149950,silent,149932
10,13|13|4|3|3|2|2,7,39,181883,silent,181844
10,13|13|3|3|3|3|2,7,0,-1,a0,
10,13|12|11|1|1|1|1,7,4,5279,silent,5275
10,13|12|10|2|1|1|1,7,47,52659,silent,52612
10,13|12|9|3|1|1|1,7,162,213341,silent,213179
10,13|12|9|2|2|1|1,7,158,189771,silent,189613
10,13|12|8|4|1|1|1,7,291,460162,silent,459871
10,13|12|8|3|2|1|1,7,501,821221,silent,820720
10,13|12|8|2|2|2|1,7,222,324544,silent,324322
10,13|12|7|5|1|1|1,7,325,553089,silent,552764
10,13|12|7|4|2|1|1,7,812,1576892,silent,1576080
10,13|12|7|3|3|1|1,7,430,1028201,silent,1027771
10,13|12|7|3|2|2|1,7,576,1271896,silent,1271320
10,13|12|7|2|2|2|2,7,127,251337,silent,251210
10,13|12|6|6|1|1|1,7,129,256448,silent,256319
10,13|12|6|5|2|1|1,7,653,1418314,silent,1417661
10,13|12|6|4|3|1|1,7,738,1971423,silent,1970685
10,13|12|6|4|2|2|1,7,777,1981473,silent,1980696
10,13|12|6|3|3|2|1,7,455,1675056,silent,1674601
10,13|12|6|3|2|2|2,7,259,828602,silent,828343
10,13|12|5|5|3|1|1,7,392,1083941,silent,1083549
10,13|12|5|5|2|2|1,7,349,1026733,silent,1026384
10,13|12|5|4|4|1|1,7,292,847772,silent,847480
10,13|12|5|4|3|2|1,7,625,2346899,silent,2346274
10,13|12|5|4|2|2|2,7,251,931138,silent,930887
10,13|12|5|3|3|3|1,7,108,772981,silent,772873
10,13|12|5|3|3|2|2,7,142,918766,silent,918624
10,13|12|4|4|4|2|1,7,170,596511,silent,596341
10,13|12|4|4|3|3|1,7,98,624076,silent,623978
10,13|12|4|4|3|2|2,7,130,704764,silent,704634
10,13|12|4|3|3|3|2,7,20,380416,silent,380396
10,13|12|3|3|3|3|3,7,1,40393,silent,40392
10,13|11|11|2|1|1|1,7,24,24353,silent,24329
10,13|11|10|3|1|1|1,7,119,166833,silent,166714
10,13|11|10|2|2|1|1,7,122,148164,silent,148042
10,13|11|9|4|1|1|1,7,314,501676,silent,501362
10,13|11|9|3|2|1|1,7,509,883710,silent,883201
10,13|11|9|2|2|2|1,7,214,345925,silent,345711
10,13|11|8|5|1|1|1,7,442,819970,silent,819528
10,13|11|8|4|2|1|1,7,1074,2244170,silent,2243096
10,13|11|8|3|3|1|1,7,546,1437687,silent,1437141
10,13|11|8|3|2|2|1,7,731,1769293,silent,1768562
10,13|11|8|2|2|2|2,7,144,344355,silent,344211
10,13|11|7|6|1|1|1,7,339,682742,silent,682403
10,13|11|7|5|2|1|1,7,1209,2911635,silent,2910426
10,13|11|7|4|3|1|1,7,1269,3722187,silent,3720918
10,13|11|7|4|2|2|1,7,1252,3699663,silent,3698411
10,13|11|7|3|3|2|1,7,747,3028510,silent,3027763
10,13|11|7|3|2|2|2,7,388,1477795,silent,1477407
10,13|11|6|6|2|1|1,7,538,1400021,silent,1399483
10,13|11|6|5|3|1|1,7,1132,3721570,silent,3720438
10,13|11|6|5|2|2|1,7,1036,3470790,silent,3469754
10,13|11|6|4|4|1|1,7,707,2342822,silent,2342115
10,13|11|6|4|3|2|1,7,1429,6230563,silent,6229134
10,13|11|6|4|2|2|2,7,539,2419786,silent,2419247
10,13|11|6|3|3|3|1,7,237,1883987,silent,1883750
10,13|11|6|3|3|2|2,7,320,2220764,silent,2220444
10,13|11|5|5|4|1|1,7,436,1622996,silent,1622560
10,13|11|5|5|3|2|1,7,731,3521618,silent,3520887
10,13|11|5|5|2|2|2,7,244,1280535,silent,1280291
10,13|11|5|4|4|2|1,7,648,2999248,silent,2998600
10,13|11|5|4|3|3|1,7,411,2921040,silent,2920629
10,13|11|5|4|3|2|2,7,454,3232400,silent,3231946
10,13|11|5|3|3|3|2,7,80,1373285,silent,1373205
10,13|11|4|4|4|3|1,7,171,958161,silent,957990
10,13|11|4|4|4|2|2,7,136,868440,silent,868304
10,13|11|4|4|3|3|2,7,89,1141044,silent,1140955
10,13|11|4|3|3|3|3,7,2,282376,silent,282374
10,13|10|10|4|1|1|1,7,125,218804,silent,218679
10,13|10|10|3|2|1|1,7,210,384722,silent,384512
10,13|10|10|2|2|2|1,7,96,150936,silent,150840
10,13|10|9|5|1|1|1,7,330,633817,silent,633487
10,13|10|9|4|2|1|1,7,767,1700701,silent,1699934
10,13|10|9|3|3|1|1,7,401,1081098,silent,1080697
10,13|10|9|3|2|2|1,7,513,1325845,silent,1325332
10,13|10|9|2|2|2|2,7,104,256536,silent,256432
10,13|10|8|6|1|1|1,7,376,830723,silent,830347
10,13|10|8|5|2|1|1,7,1254,3249767,silent,3248513
10,13|10|8|4|3|1|1,7,1265,4007114,silent,4005849
10,13|10|8|4|2|2|1,7,1254,3965650,silent,3964396
10,13|10|8|3|3|2|1,7,738,3192663,silent,3191925
10,13|10|8|3|2|2|2,7,381,1549990,silent,1549609
10,13|10|7|7|1|1|1,7,191,400791,silent,400600
10,13|10|7|6|2|1|1,7,1013,2900636,silent,2899623
10,13|10|7|5|3|1|1,7,1685,6021781,silent,6020096
10,13|10|7|5|2|2|1,7,1474,5560598,silent,5559124
10,13|10|7|4|4|1|1,7,943,3529890,silent,3528947
10,13|10|7|4|3|2|1,7,1898,9199236,silent,9197338
10,13|10|7|4|2|2|2,7,698,3530767,silent,3530069
10,13|10|7|3|3|3|1,7,331,2678709,silent,2678378
10,13|10|7|3|3|2|2,7,398,3138177,silent,3137779
10,13|10|6|6|3|1|1,7,772,3064170,silent,3063398
10,13|10|6|6|2|2|1,7,711,2770197,silent,2769486
10,13|10|6|5|4|1|1,7,1082,4636167,silent,4635085
10,13|10|6|5|3|2|1,7,1782,9684006,silent,9682224
10,13|10|6|5|2|2|2,7,592,3455725,silent,3455133
10,13|10|6|4|4|2|1,7,1241,6639419,silent,6638178
10,13|10|6|4|3|3|1,7,771,6253601,silent,6252830
10,13|10|6|4|3|2|2,7,854,6858696,silent,6857842
10,13|10|6|3|3|3|2,7,146,2677185,silent,2677039
10,13|10|5|5|5|1|1,7,209,998974,silent,998765
10,13|10|5|5|4|2|1,7,756,4749282,silent,4748526
10,13|10|5|5|3|3|1,7,444,3718467,silent,3718023
10,13|10|5|5|3|2|2,7,416,3974889,silent,3974473
10,13|10|5|4|4|3|1,7,534,3983199,silent,3982665
10,13|10|5|4|4|2|2,7,430,3543610,silent,3543180
10,13|10|5|4|3|3|2,7,288,4335322,silent,4335034
10,13|10|5|3|3|3|3,7,17,834270,silent,834253
10,13|10|4|4|4|4|1,7,104,561427,silent,561323
10,13|10|4|4|4|3|2,7,145,1507431,silent,1507286
10,13|10|4|4|3|3|3,7,17,723397,silent,723380
10,13|9|9|6|1|1|1,7,184,384997,silent,384813
10,13|9|9|5|2|1|1,7,548,1453516,silent,1452968
10,13|9|9|4|3|1|1,7,550,1766350,silent,1765800
10,13|9|9|4|2|2|1,7,510,1739876,silent,1739366
10,13|9|9|3|3|2|1,7,312,1393663,silent,1393351
10,13|9|9|3|2|2|2,7,147,672269,silent,672122
10,13|9|8|7|1|1|1,7,189,445517,silent,445328
10,13|9|8|6|2|1|1,7,848,2545504,silent,2544656
10,13|9|8|5|3|1|1,7,1290,4883071,silent,4881781
10,13|9|8|5|2|2|1,7,1125,4489622,silent,4488497
10,13|9|8|4|4|1|1,7,706,2784263,silent,2783557
10,13|9|8|4|3|2|1,7,1408,7183981,silent,7182573
10,13|9|8|4|2|2|2,7,498,2741013,silent,2740515
10,13|9|8|3|3|3|1,7,241,2055331,silent,2055090
10,13|9|8|3|3|2|2,7,296,2402245,silent,2401949
10,13|9|7|7|2|1|1,7,426,1339131,silent,1338705
10,13|9|7|6|3|1|1,7,1199,4983255,silent,4982056
10,13|9|7|6|2|2|1,7,1002,4455742,silent,4454740
10,13|9|7|5|4|1|1,7,1291,5979613,silent,5978322
10,13|9|7|5|3|2|1,7,2062,12250696,silent,12248634
10,13|9|7|5|2|2|2,7,642,4319216,silent,4318574
10,13|9|7|4|4|2|1,7,1307,7839349,silent,7838042
10,13|9|7|4|3|3|1,7,851,7274670,silent,7273819
10,13|9|7|4|3|2|2,7,880,7929429,silent,7928549
10,13|9|7|3|3|3|2,7,167,2989638,silent,2989471
10,13|9|6|6|4|1|1,7,679,3409984,silent,3409305
10,13|9|6|6|3|2|1,7,1048,6559643,silent,6558595
10,13|9|6|6|2|2|2,7,340,2255263,silent,2254923
10,13|9|6|5|5|1|1,7,445,2530420,silent,2529975
10,13|9|6|5|4|2|1,7,1586,11043780,silent,11042194
10,13|9|6|5|3|3|1,7,878,8368623,silent,8367745
10,13|9|6|5|3|2|2,7,877,8875946,silent,8875069
10,13|9|6|4|4|3|1,7,853,7238394,silent,7237541
10,13|9|6|4|4|2|2,7,665,6378671,silent,6378006
10,13|9|6|4|3|3|2,7,460,7559614,silent,7559154
10,13|9|6|3|3|3|3,7,23,1331234,silent,1331211
10,13|9|5|5|5|2|1,7,288,2548987,silent,2548699
10,13|9|5|5|4|3|1,7,550,5487245,silent,5486695
10,13|9|5|5|4|2|2,7,393,4715370,silent,4714977
10,13|9|5|5|3|3|2,7,265,4648587,silent,4648322
10,13|9|5|4|4|4|1,7,247,2016256,silent,2016009
10,13|9|5|4|4|3|2,7,378,5218515,silent,5218137
10,13|9|5|4|3|3|3,7,63,2311599,silent,2311536
10,13|9|4|4|4|4|2,7,92,828973,silent,828881
10,13|9|4|4|4|3|3,7,46,893004,silent,892958
10,13|8|8|8|1|1|1,7,27,77574,silent,77547
10,13|8|8|7|2|1|1,7,255,837798,silent,837543
10,13|8|8|6|3|1|1,7,572,2517825,silent,2517253
10,13|8|8|6|2|2|1,7,508,2248235,silent,2247727
10,13|8|8|5|4|1|1,7,588,2834243,silent,2833655
10,13|8|8|5|3|2|1,7,945,5764453,silent,5763508
10,13|8|8|5|2|2|2,7,311,2027693,silent,2027382
10,13|8|8|4|4|2|1,7,590,3603899,silent,3603309
10,13|8|8|4|3|3|1,7,364,3317699,silent,3317335
10,13|8|8|4|3|2|2,7,399,3613205,silent,3612806
10,13|8|8|3|3|3|2,7,67,1339471,silent,1339404
10,13|8|7|7|3|1|1,7,381,1691308,silent,1690927
10,13|8|7|7|2|2|1,7,290,1486569,silent,1486279
10,13|8|7|6|4|1|1,7,756,4051482,silent,4050726
10,13|8|7|6|3|2|1,7,1135,7657044,silent,7655909
10,13|8|7|6|2|2|2,7,344,2603701,silent,2603357
10,13|8|7|5|5|1|1,7,413,2453627,silent,2453214
10,13|8|7|5|4|2|1,7,1371,10327368,silent,10325997
10,13|8|7|5|3|3|1,7,770,7717248,silent,7716478
10,13|8|7|5|3|2|2,7,737,8143798,silent,8143061
10,13|8|7|4|4|3|1,7,676,6257128,silent,6256452
10,13|8|7|4|4|2|2,7,525,5487140,silent,5486615
10,13|8|7|4|3|3|2,7,367,6413357,silent,6412990
10,13|8|7|3|3|3|3,7,21,1089797,silent,1089776
10,13|8|6|6|5|1|1,7,282,1887589,silent,1887307
10,13|8|6|6|4|2|1,7,830,6453785,silent,6452955
10,13|8|6|6|3|3|1,7,410,4551340,silent,4550930
10,13|8|6|6|3|2|2,7,443,4758046,silent,4757603
10,13|8|6|5|5|2|1,7,534,5066965,silent,5066431
10,13|8|6|5|4|3|1,7,920,10084298,silent,10083378
10,13|8|6|5|4|2|2,7,692,8600798,silent,8600106
10,13|8|6|5|3|3|2,7,423,8210967,silent,8210544
10,13|8|6|4|4|4|1,7,328,2945129,silent,2944801
10,13|8|6|4|4|3|2,7,489,7476447,silent,7475958
10,13|8|6|4|3|3|3,7,76,3191392,silent,3191316
10,13|8|5|5|5|3|1,7,194,2665655,silent,2665461
10,13|8|5|5|5|2|2,7,111,2127875,silent,2127764
10,13|8|5|5|4|4|1,7,200,2497315,silent,2497115
10,13|8|5|5|4|3|2,7,310,5954805,silent,5954495
10,13|8|5|5|3|3|3,7,62,2081984,silent,2081922
10,13|8|5|4|4|4|2,7,190,2441058,silent,2440868
10,13|8|5|4|4|3|3,7,100,2555762,silent,2555662
10,13|8|4|4|4|4|3,7,49,543330,silent,543281
10,13|7|7|7|4|1|1,7,140,802274,silent,802134
10,13|7|7|7|3|2|1,7,188,1464227,silent,1464039
10,13|7|7|7|2|2|2,7,48,486865,silent,486817
10,13|7|7|6|5|1|1,7,192,1292286,silent,1292094
10,13|7|7|6|4|2|1,7,493,4276337,silent,4275844
10,13|7|7|6|3|3|1,7,272,2986582,silent,2986310
10,13|7|7|6|3|2|2,7,245,3101644,silent,3101399
10,13|7|7|5|5|2|1,7,279,2788010,silent,2787731
10,13|7|7|5|4|3|1,7,461,5394750,silent,5394289
10,13|7|7|5|4|2|2,7,325,4578681,silent,4578356
10,13|7|7|5|3|3|2,7,222,4328656,silent,4328434
10,13|7|7|4|4|4|1,7,142,1474477,silent,1474335
10,13|7|7|4|4|3|2,7,217,3717933,silent,3717716
10,13|7|7|4|3|3|3,7,45,1568425,silent,1568380
10,13|7|6|6|6|1|1,7,52,386908,silent,386856
10,13|7|6|6|5|2|1,7,270,2720980,silent,2720710
10,13|7|6|6|4|3|1,7,354,4299478,silent,4299124
10,13|7|6|6|4|2|2,7,275,3614768,silent,3614493
10,13|7|6|6|3|3|2,7,154,3219064,silent,3218910
10,13|7|6|5|5|3|1,7,249,3787409,silent,3787160
10,13|7|6|5|5|2|2,7,171,3004911,silent,3004740
10,13|7|6|5|4|4|1,7,257,3332011,silent,3331754
10,13|7|6|5|4|3|2,7,388,7806405,silent,7806017
10,13|7|6|5|3|3|3,7,62,2636936,silent,2636874
10,13|7|6|4|4|4|2,7,176,2564783,silent,2564607
10,13|7|6|4|4|3|3,7,97,2647160,silent,2647063
10,13|7|5|5|5|4|1,7,62,1233621,silent,1233559
10,13|7|5|5|5|3|2,7,81,2318646,silent,2318565
10,13|7|5|5|4|4|2,7,106,2379344,silent,2379238
10,13|7|5|5|4|3|3,7,72,2329462,silent,2329390
10,13|7|5|4|4|4|3,7,70,1254380,silent,1254310
10,13|7|4|4|4|4|4,7,19,131949,silent,131930
10,13|6|6|6|6|2|1,7,33,312691,silent,312658
10,13|6|6|6|5|3|1,7,71,1128197,silent,1128126
10,13|6|6|6|5|2|2,7,63,885839,silent,885776
10,13|6|6|6|4|4|1,7,70,813377,silent,813307
10,13|6|6|6|4|3|2,7,93,1841076,silent,1840983
10,13|6|6|6|3|3|3,7,8,575420,silent,575412
10,13|6|6|5|5|4|1,7,45,964800,silent,964755
10,13|6|6|5|5|3|2,7,59,1787224,silent,1787165
10,13|6|6|5|4|4|2,7,90,1740016,silent,1739926
10,13|6|6|5|4|3|3,7,45,1677422,silent,1677377
10,13|6|6|4|4|4|3,7,43,740137,silent,740094
10,13|6|5|5|5|5|1,7,6,191200,silent,191194
10,13|6|5|5|5|4|2,7,18,845369,silent,845351
10,13|6|5|5|5|3|3,7,18,668873,silent,668855
10,13|6|5|5|4|4|3,7,26,875639,silent,875613
10,13|6|5|4|4|4|4,7,17,215696,silent,215679
10,13|5|5|5|5|5|2,7,3,74140,silent,74137
10,13|5|5|5|5|4|3,7,3,173529,silent,173526
10,13|5|5|5|4|4|4,7,1,82176,silent,82175
10,12|12|12|1|1|1|1,7,2,789,silent,787
10,12|12|11|2|1|1|1,7,11,13275,silent,13264
10,12|12|10|3|1|1|1,7,56,73773,silent,73717
10,12|12|10|2|2|1|1,7,42,65087,silent,65045
10,12|12|9|4|1|1|1,7,123,205784,silent,205661
10,12|12|9|3|2|1|1,7,206,362692,silent,362486
10,12|12|9|2|2|2|1,7,90,142275,silent,142185
10,12|12|8|5|1|1|1,7,177,326176,silent,325999
10,12|12|8|4|2|1|1,7,398,889969,silent,889571
10,12|12|8|3|3|1|1,7,237,571001,silent,570764
10,12|12|8|3|2|2|1,7,283,701878,silent,701595
10,12|12|8|2|2|2|2,7,76,137792,silent,137716
10,12|12|7|6|1|1|1,7,128,267496,silent,267368
10,12|12|7|5|2|1|1,7,473,1137872,silent,1137399
10,12|12|7|4|3|1|1,7,485,1450969,silent,1450484
10,12|12|7|4|2|2|1,7,487,1442737,silent,1442250
10,12|12|7|3|3|2|1,7,287,1178778,silent,1178491
10,12|12|7|3|2|2|2,7,147,575277,silent,575130
10,12|12|6|6|2|1|1,7,187,542232,silent,542045
10,12|12|6|5|3|1|1,7,440,1439327,silent,1438887
10,12|12|6|5|2|2|1,7,397,1341820,silent,1341423
10,12|12|6|4|4|1|1,7,240,902919,silent,902679
10,12|12|6|4|3|2|1,7,545,2403136,silent,2402591
10,12|12|6|4|2|2|2,7,237,935525,silent,935288
10,12|12|6|3|3|3|1,7,98,725654,silent,725556
10,12|12|6|3|3|2|2,7,103,853375,silent,853272
10,12|12|5|5|4|1|1,7,180,624689,silent,624509
10,12|12|5|5|3|2|1,7,277,1352615,silent,1352338
10,12|12|5|5|2|2|2,7,74,490355,silent,490281
10,12|12|5|4|4|2|1,7,246,1150510,silent,1150264
10,12|12|5|4|3|3|1,7,154,1119019,silent,1118865
10,12|12|5|4|3|2|2,7,173,1238383,silent,1238210
10,12|12|5|3|3|3|2,7,33,525362,silent,525329
10,12|12|4|4|4|3|1,7,55,365727,silent,365672
10,12|12|4|4|4|2|2,7,73,333450,silent,333377
10,12|12|4|4|3|3|2,7,25,434267,silent,434242
10,12|12|4|3|3|3|3,7,3,107912,silent,107909
10,12|11|11|3|1|1|1,7,29,42590,silent,42561
10,12|11|11|2|2|1|1,7,35,37821,silent,37786
10,12|11|10|4|1|1|1,7,120,208455,silent,208335
10,12|11|10|3|2|1|1,7,199,364741,silent,364542
10,12|11|10|2|2|2|1,7,82,142277,silent,142195
10,12|11|9|5|1|1|1,7,243,473856,silent,473613
10,12|11|9|4|2|1|1,7,565,1265206,silent,1264641
10,12|11|9|3|3|1|1,7,284,801940,silent,801656
10,12|11|9|3|2|2|1,7,370,982355,silent,981985
10,12|11|9|2|2|2|2,7,66,189055,silent,188989
10,12|11|8|6|1|1|1,7,259,573817,silent,573558
10,12|11|8|5|2|1|1,7,841,2225458,silent,2224617
10,12|11|8|4|3|1|1,7,848,2732721,silent,2731873
10,12|11|8|4|2|2|1,7,825,2700286,silent,2699461
10,12|11|8|3|3|2|1,7,491,2169985,silent,2169494
10,12|11|8|3|2|2|2,7,246,1051237,silent,1050991
10,12|11|7|7|1|1|1,7,120,268800,silent,268680
10,12|11|7|6|2|1|1,7,662,1920671,silent,1920009
10,12|11|7|5|3|1|1,7,1078,3957648,silent,3956570
10,12|11|7|5|2|2|1,7,942,3650498,silent,3649556
10,12|11|7|4|4|1|1,7,609,2313032,silent,2312423
10,12|11|7|4|3|2|1,7,1214,6015150,silent,6013936
10,12|11|7|4|2|2|2,7,429,2304291,silent,2303862
10,12|11|7|3|3|3|1,7,210,1746936,silent,1746726
10,12|11|7|3|3|2|2,7,260,2045457,silent,2045197
10,12|11|6|6|3|1|1,7,496,1985036,silent,1984540
10,12|11|6|6|2|2|1,7,443,1791918,silent,1791475
10,12|11|6|5|4|1|1,7,684,2983890,silent,2983206
10,12|11|6|5|3|2|1,7,1117,6220826,silent,6219709
10,12|11|6|5|2|2|2,7,366,2216330,silent,2215964
10,12|11|6|4|4|2|1,7,770,4251172,silent,4250402
10,12|11|6|4|3|3|1,7,487,3999464,silent,3998977
10,12|11|6|4|3|2|2,7,528,4382111,silent,4381583
10,12|11|6|3|3|3|2,7,95,1706746,silent,1706651
10,12|11|5|5|5|1|1,7,125,636057,silent,635932
10,12|11|5|5|4|2|1,7,469,3016030,silent,3015561
10,12|11|5|5|3|3|1,7,274,2358027,silent,2357753
10,12|11|5|5|3|2|2,7,262,2519289,silent,2519027
10,12|11|5|4|4|3|1,7,331,2518331,silent,2518000
10,12|11|5|4|4|2|2,7,257,2237917,silent,2237660
10,12|11|5|4|3|3|2,7,180,2735576,silent,2735396
10,12|11|5|3|3|3|3,7,10,524712,silent,524702
10,12|11|4|4|4|4|1,7,59,352316,silent,352257
10,12|11|4|4|4|3|2,7,88,945177,silent,945089
10,12|11|4|4|3|3|3,7,10,453117,silent,453107
10,12|10|10|5|1|1|1,7,110,226185,silent,226075
10,12|10|10|4|2|1|1,7,238,598952,silent,598714
10,12|10|10|3|3|1|1,7,146,379438,silent,379292
10,12|10|10|3|2|2|1,7,170,464342,silent,464172
10,12|10|10|2|2|2|2,7,49,90437,silent,90388
10,12|10|9|6|1|1|1,7,220,506779,silent,506559
10,12|10|9|5|2|1|1,7,684,1891233,silent,1890549
10,12|10|9|4|3|1|1,7,674,2281833,silent,2281159
10,12|10|9|4|2|2|1,7,647,2247613,silent,2246966
10,12|10|9|3|3|2|1,7,386,1791518,silent,1791132
10,12|10|9|3|2|2|2,7,188,864371,silent,864183
10,12|10|8|7|1|1|1,7,196,466365,silent,466169
10,12|10|8|6|2|1|1,7,809,2600777,silent,2599968
10,12|10|8|5|3|1|1,7,1271,4928114,silent,4926843
10,12|10|8|5|2|2|1,7,1092,4524694,silent,4523602
10,12|10|8|4|4|1|1,7,644,2791996,silent,2791352
10,12|10|8|4|3|2|1,7,1355,7187235,silent,7185880
10,12|10|8|4|2|2|2,7,516,2740541,silent,2740025
10,12|10|8|3|3|3|1,7,245,2046515,silent,2046270
10,12|10|8|3|3|2|2,7,260,2387267,silent,2387007
10,12|10|7|7|2|1|1,7,404,1278066,silent,1277662
10,12|10|7|6|3|1|1,7,1074,4644454,silent,4643380
10,12|10|7|6|2|2|1,7,905,4148151,silent,4147246
10,12|10|7|5|4|1|1,7,1157,5510557,silent,5509400
10,12|10|7|5|3|2|1,7,1831,11255531,silent,11253700
10,12|10|7|5|2|2|2,7,559,3961015,silent,3960456
10,12|10|7|4|4|2|1,7,1152,7163478,silent,7162326
10,12|10|7|4|3|3|1,7,745,6629216,silent,6628471
10,12|10|7|4|3|2|2,7,776,7219885,silent,7219109
10,12|10|7|3|3|3|2,7,149,2708461,silent,2708312
10,12|10|6|6|4|1|1,7,556,3045240,silent,3044684
10,12|10|6|6|3|2|1,7,903,5843970,silent,5843067
10,12|10|6|6|2|2|2,7,322,2008100,silent,2007778
10,12|10|6|5|5|1|1,7,397,2241071,silent,2240674
10,12|10|6|5|4|2|1,7,1348,9727193,silent,9725845
10,12|10|6|5|3|3|1,7,751,7353159,silent,7352408
10,12|10|6|5|3|2|2,7,731,7789531,silent,7788800
10,12|10|6|4|4|3|1,7,700,6324646,silent,6323946
10,12|10|6|4|4|2|2,7,600,5572477,silent,5571877
10,12|10|6|4|3|3|2,7,371,6580592,silent,6580221
10,12|10|6|3|3|3|3,7,27,1154280,silent,1154253
10,12|10|5|5|5|2|1,7,243,2201138,silent,2200895
10,12|10|5|5|4|3|1,7,463,4718607,silent,4718144
10,12|10|5|5|4|2|2,7,305,4048433,silent,4048128
10,12|10|5|5|3|3|2,7,233,3984563,silent,3984330
10,12|10|5|4|4|4|1,7,203,1722494,silent,1722291
10,12|10|5|4|4|3|2,7,307,4448145,silent,4447838
10,12|10|5|4|3|3|3,7,53,1964343,silent,1964290
10,12|10|4|4|4|4|2,7,89,699536,silent,699447
10,12|10|4|4|4|3|3,7,27,749662,silent,749635
10,12|9|9|7|1|1|1,7,101,242066,silent,241965
10,12|9|9|6|2|1|1,7,402,1252170,silent,1251768
10,12|9|9|5|3|1|1,7,562,2297079,silent,2296517
10,12|9|9|5|2|2|1,7,476,2100869,silent,2100393
10,12|9|9|4|4|1|1,7,323,1287849,silent,1287526
10,12|9|9|4|3|2|1,7,592,3291906,silent,3291314
10,12|9|9|4|2|2|2,7,179,1245749,silent,1245570
10,12|9|9|3|3|3|1,7,104,930597,silent,930493
10,12|9|9|3|3|2|2,7,136,1085006,silent,1084870
10,12|9|8|8|1|1|1,7,56,153715,silent,153659
10,12|9|8|7|2|1|1,7,434,1497761,silent,1497327
10,12|9|8|6|3|1|1,7,948,4303068,silent,4302120
10,12|9|8|6|2|2|1,7,791,3825917,silent,3825126
10,12|9|8|5|4|1|1,7,936,4742010,silent,4741074
10,12|9|8|5|3|2|1,7,1484,9592692,silent,9591208
10,12|9|8|5|2|2|2,7,457,3357709,silent,3357252
10,12|9|8|4|4|2|1,7,899,5936124,silent,5935225
10,12|9|8|4|3|3|1,7,586,5448908,silent,5448322
10,12|9|8|4|3|2|2,7,602,5917387,silent,5916785
10,12|9|8|3|3|3|2,7,115,2181105,silent,2180990
10,12|9|7|7|3|1|1,7,490,2328117,silent,2327627
10,12|9|7|7|2|2|1,7,380,2041432,silent,2041052
10,12|9|7|6|4|1|1,7,963,5348664,silent,5347701
10,12|9|7|6|3|2|1,7,1414,10055989,silent,10054575
10,12|9|7|6|2|2|2,7,406,3405587,silent,3405181
10,12|9|7|5|5|1|1,7,500,3182761,silent,3182261
10,12|9|7|5|4|2|1,7,1670,13284501,silent,13282831
10,12|9|7|5|3|3|1,7,945,9889929,silent,9888984
10,12|9|7|5|3|2|2,7,901,10417833,silent,10416932
10,12|9|7|4|4|3|1,7,814,7940822,silent,7940008
10,12|9|7|4|4|2|2,7,596,6946970,silent,6946374
10,12|9|7|4|3|3|2,7,456,8095875,silent,8095419
10,12|9|7|3|3|3|3,7,25,1363608,silent,1363583
10,12|9|6|6|5|1|1,7,336,2281072,silent,2280736
10,12|9|6|6|4|2|1,7,932,7727936,silent,7727004
10,12|9|6|6|3|3|1,7,481,5431930,silent,5431449
10,12|9|6|6|3|2|2,7,484,5664534,silent,5664050
10,12|9|6|5|5|2|1,7,604,5966125,silent,5965521
10,12|9|6|5|4|3|1,7,1022,11785496,silent,11784474
10,12|9|6|5|4|2|2,7,753,10032233,silent,10031480
10,12|9|6|5|3|3|2,7,480,9545619,silent,9545139
10,12|9|6|4|4|4|1,7,343,3399616,silent,3399273
10,12|9|6|4|4|3|2,7,523,8605212,silent,8604689
10,12|9|6|4|3|3|3,7,92,3658429,silent,3658337
10,12|9|5|5|5|3|1,7,206,2997361,silent,2997155
10,12|9|5|5|5|2|2,7,132,2390417,silent,2390285
10,12|9|5|5|4|4|1,7,213,2792533,silent,2792320
10,12|9|5|5|4|3|2,7,330,6637314,silent,6636984
10,12|9|5|5|3|3|3,7,63,2309169,silent,2309106
10,12|9|5|4|4|4|2,7,183,2687526,silent,2687343
10,12|9|5|4|4|3|3,7,108,2809641,silent,2809533
10,12|9|4|4|4|4|3,7,45,583412,silent,583367
10,12|8|8|8|2|1|1,7,65,271858,silent,271793
10,12|8|8|7|3|1|1,7,314,1499393,silent,1499079
10,12|8|8|7|2|2|1,7,247,1313911,silent,1313664
10,12|8|8|6|4|1|1,7,455,2791029,silent,2790574
10,12|8|8|6|3|2|1,7,720,5213510,silent,5212790
10,12|8|8|6|2|2|2,7,249,1764332,silent,1764083
10,12|8|8|5|5|1|1,7,264,1571733,silent,1571469
10,12|8|8|5|4|2|1,7,798,6458288,silent,6457490
10,12|8|8|5|3|3|1,7,444,4772375,silent,4771931
10,12|8|8|5|3|2|2,7,414,5019370,silent,5018956
10,12|8|8|4|4|3|1,7,355,3743436,silent,3743081
10,12|8|8|4|4|2|2,7,328,3275818,silent,3275490
10,12|8|8|4|3|3|2,7,186,3778214,silent,3778028
10,12|8|8|3|3|3|3,7,17,627339,silent,627322
10,12|8|7|7|4|1|1,7,331,1960083,silent,1959752
10,12|8|7|7|3|2|1,7,449,3552288,silent,3551839
10,12|8|7|7|2|2|2,7,107,1178035,silent,1177928
10,12|8|7|6|5|1|1,7,406,2902710,silent,2902304
10,12|8|7|6|4|2|1,7,1049,9479467,silent,9478418
10,12|8|7|6|3|3|1,7,555,6573059,silent,6572504
10,12|8|7|6|3|2|2,7,526,6816463,silent,6815937
10,12|8|7|5|5|2|1,7,568,5975116,silent,5974548
10,12|8|7|5|4|3|1,7,928,11420461,silent,11419533
10,12|8|7|5|4|2|2,7,657,9672855,silent,9672198
10,12|8|7|5|3|3|2,7,438,9078449,silent,9078011
10,12|8|7|4|4|4|1,7,277,3059430,silent,3059153
10,12|8|7|4|4|3|2,7,427,7670846,silent,7670419
10,12|8|7|4|3|3|3,7,78,3207009,silent,3206931
10,12|8|6|6|6|1|1,7,74,683555,silent,683481
10,12|8|6|6|5|2|1,7,438,4691930,silent,4691492
10,12|8|6|6|4|3|1,7,553,7321205,silent,7320652
10,12|8|6|6|4|2|2,7,464,6143006,silent,6142542
10,12|8|6|6|3|3|2,7,229,5432033,silent,5431804
10,12|8|6|5|5|3|1,7,398,6238757,silent,6238359
10,12|8|6|5|5|2|2,7,247,4934772,silent,4934525
10,12|8|6|5|4|4|1,7,393,5434935,silent,5434542
10,12|8|6|5|4|3|2,7,588,12669257,silent,12668669
10,12|8|6|5|3|3|3,7,102,4247417,silent,4247315
10,12|8|6|4|4|4|2,7,278,4079684,silent,4079406
10,12|8|6|4|4|3|3,7,126,4189014,silent,4188888
10,12|8|5|5|5|4|1,7,87,1848891,silent,1848804
10,12|8|5|5|5|3|2,7,120,3458554,silent,3458434
10,12|8|5|5|4|4|2,7,138,3515133,silent,3514995
10,12|8|5|5|4|3|3,7,106,3428810,silent,3428704
10,12|8|5|4|4|4|3,7,92,1808951,silent,1808859
10,12|8|4|4|4|4|4,7,29,182494,silent,182465
10,12|7|7|7|5|1|1,7,75,638041,silent,637966
10,12|7|7|7|4|2|1,7,184,1922480,silent,1922296
10,12|7|7|7|3|3|1,7,100,1299269,silent,1299169
10,12|7|7|7|3|2|2,7,87,1333187,silent,1333100
10,12|7|7|6|6|1|1,7,72,512887,silent,512815
10,12|7|7|6|5|2|1,7,277,3264725,silent,3264448
10,12|7|7|6|4|3|1,7,358,4956049,silent,4955691
10,12|7|7|6|4|2|2,7,227,4130118,silent,4129891
10,12|7|7|6|3|3|2,7,169,3626050,silent,3625881
10,12|7|7|5|5|3|1,7,204,3503753,silent,3503549
10,12|7|7|5|5|2|2,7,155,2763399,silent,2763244
10,12|7|7|5|4|4|1,7,193,2977233,silent,2977040
10,12|7|7|5|4|3|2,7,296,6890313,silent,6890017
10,12|7|7|5|3|3|3,7,52,2279662,silent,2279610
10,12|7|7|4|4|4|2,7,94,2072979,silent,2072885
10,12|7|7|4|4|3|3,7,80,2125911,silent,2125831
10,12|7|6|6|6|2|1,7,87,1013834,silent,1013747
10,12|7|6|6|5|3|1,7,210,3507849,silent,3507639
10,12|7|6|6|5|2|2,7,148,2737366,silent,2737218
10,12|7|6|6|4|4|1,7,163,2478554,silent,2478391
10,12|7|6|6|4|3|2,7,241,5574125,silent,5573884
10,12|7|6|6|3|3|3,7,35,1725963,silent,1725928
10,12|7|6|5|5|4|1,7,125,2737022,silent,2736897
10,12|7|6|5|5|3|2,7,164,5031890,silent,5031726
10,12|7|6|5|4|4|2,7,202,4804708,silent,4804506
10,12|7|6|5|4|3|3,7,120,4610855,silent,4610735
10,12|7|6|4|4|4|3,7,88,1951350,silent,1951262
10,12|7|5|5|5|5|1,7,12,420619,silent,420607
10,12|7|5|5|5|4|2,7,46,1837069,silent,1837023
10,12|7|5|5|5|3|3,7,26,1441975,silent,1441949
10,12|7|5|5|4|4|3,7,53,1857952,silent,1857899
10,12|7|5|4|4|4|4,7,23,437083,silent,437060
10,12|6|6|6|6|3|1,7,24,427772,silent,427748
10,12|6|6|6|6|2|2,7,33,326800,silent,326767
10,12|6|6|6|5|4|1,7,43,861943,silent,861900
10,12|6|6|6|5|3|2,7,51,1532511,silent,1532460
10,12|6|6|6|4|4|2,7,70,1201042,silent,1200972
10,12|6|6|6|4|3|3,7,19,1113597,silent,1113578
10,12|6|6|5|5|5|1,7,7,342794,silent,342787
10,12|6|6|5|5|4|2,7,29,1456102,silent,1456073
10,12|6|6|5|5|3|3,7,25,1130956,silent,1130931
10,12|6|6|5|4|4|3,7,42,1379546,silent,1379504
10,12|6|6|4|4|4|4,7,27,265250,silent,265223
10,12|6|5|5|5|5|2,7,5,306292,silent,306287
10,12|6|5|5|5|4|3,7,10,706176,silent,706166
10,12|6|5|5|4|4|4,7,6,323325,silent,323319
10,12|5|5|5|5|5|3,7,1,69064,silent,69063
10,12|5|5|5|5|4|4,7,1,71640,silent,71639
10,11|11|11|4|1|1|1,7,23,32210,silent,32187
10,11|11|11|3|2|1|1,7,29,55693,silent,55664
10,11|11|11|2|2|2|1,7,11,21429,silent,21418
10,11|11|10|5|1|1|1,7,62,129194,silent,129132
10,11|11|10|4|2|1|1,7,151,340781,silent,340630
10,11|11|10|3|3|1|1,7,67,214300,silent,214233
10,11|11|10|3|2|2|1,7,93,262052,silent,261959
10,11|11|10|2|2|2|2,7,12,49794,silent,49782
10,11|11|9|6|1|1|1,7,104,233125,silent,233021
10,11|11|9|5|2|1|1,7,304,862443,silent,862139
10,11|11|9|4|3|1|1,7,305,1037341,silent,1037036
10,11|11|9|4|2|2|1,7,280,1019234,silent,1018954
10,11|11|9|3|3|2|1,7,173,812024,silent,811851
10,11|11|9|3|2|2|2,7,80,390495,silent,390415
10,11|11|8|7|1|1|1,7,81,200869,silent,200788
10,11|11|8|6|2|1|1,7,361,1108155,silent,1107794
10,11|11|8|5|3|1|1,7,514,2084332,silent,2083818
10,11|11|8|5|2|2|1,7,450,1911155,silent,1910705
10,11|11|8|4|4|1|1,7,303,1179837,silent,1179534
10,11|11|8|4|3|2|1,7,555,3027054,silent,3026499
10,11|11|8|4|2|2|2,7,177,1149065,silent,1148888
10,11|11|8|3|3|3|1,7,94,860312,silent,860218
10,11|11|8|3|3|2|2,7,128,1004634,silent,1004506
10,11|11|7|7|2|1|1,7,152,530123,silent,529971
10,11|11|7|6|3|1|1,7,438,1909975,silent,1909537
10,11|11|7|6|2|2|1,7,358,1703078,silent,1702720
10,11|11|7|5|4|1|1,7,455,2253647,silent,2253192
10,11|11|7|5|3|2|1,7,733,4596811,silent,4596078
10,11|11|7|5|2|2|2,7,230,1615796,silent,1615566
10,11|11|7|4|4|2|1,7,456,2917299,silent,2916843
10,11|11|7|4|3|3|1,7,303,2698462,silent,2698159
10,11|11|7|4|3|2|2,7,305,2935450,silent,2935145
10,11|11|7|3|3|3|2,7,60,1099757,silent,1099697
10,11|11|6|6|4|1|1,7,248,1232481,silent,1232233
10,11|11|6|6|3|2|1,7,357,2357771,silent,2357414
10,11|11|6|6|2|2|2,7,93,805927,silent,805834
10,11|11|6|5|5|1|1,7,144,900975,silent,900831
10,11|11|6|5|4|2|1,7,528,3904661,silent,3904133
10,11|11|6|5|3|3|1,7,295,2949074,silent,2948779
10,11|11|6|5|3|2|2,7,295,3122661,silent,3122366
10,11|11|6|4|4|3|1,7,287,2530585,silent,2530298
10,11|11|6|4|4|2|2,7,192,2222969,silent,2222777
10,11|11|6|4|3|3|2,7,163,2630795,silent,2630632
10,11|11|6|3|3|3|3,7,5,459239,silent,459234
10,11|11|5|5|5|2|1,7,97,876586,silent,876489
10,11|11|5|5|4|3|1,7,173,1874399,silent,1874226
10,11|11|5|5|4|2|2,7,139,1609588,silent,1609449
10,11|11|5|5|3|3|2,7,80,1579408,silent,1579328
10,11|11|5|4|4|4|1,7,78,681859,silent,681781
10,11|11|5|4|4|3|2,7,119,1760051,silent,1759932
10,11|11|5|4|3|3|3,7,23,776701,silent,776678
10,11|11|4|4|4|4|2,7,18,273515,silent,273497
10,11|11|4|4|4|3|3,7,19,295875,silent,295856
10,11|10|10|6|1|1|1,7,54,141494,silent,141440
10,11|10|10|5|2|1|1,7,174,517241,silent,517067
10,11|10|10|4|3|1|1,7,170,617096,silent,616926
10,11|10|10|4|2|2|1,7,171,607513,silent,607342
10,11|10|10|3|3|2|1,7,98,480833,silent,480735
10,11|10|10|3|2|2|2,7,51,231973,silent,231922
10,11|10|9|7|1|1|1,7,97,248229,silent,248132
10,11|10|9|6|2|1|1,7,377,1258251,silent,1257874
10,11|10|9|5|3|1|1,7,547,2283962,silent,2283415
10,11|10|9|5|2|2|1,7,463,2087689,silent,2087226
10,11|10|9|4|4|1|1,7,286,1272961,silent,1272675
10,11|10|9|4|3|2|1,7,570,3249124,silent,3248554
10,11|10|9|4|2|2|2,7,195,1230546,silent,1230351
10,11|10|9|3|3|3|1,7,102,914205,silent,914103
10,11|10|9|3|3|2|2,7,116,1064172,silent,1064056
10,11|10|8|8|1|1|1,7,45,128927,silent,128882
10,11|10|8|7|2|1|1,7,338,1206659,silent,1206321
10,11|10|8|6|3|1|1,7,721,3395176,silent,3394455
10,11|10|8|6|2|2|1,7,606,3015449,silent,3014843
10,11|10|8|5|4|1|1,7,708,3703648,silent,3702940
10,11|10|8|5|3|2|1,7,1120,7472780,silent,7471660
10,11|10|8|5|2|2|2,7,347,2611910,silent,2611563
10,11|10|8|4|4|2|1,7,676,4601715,silent,4601039
10,11|10|8|4|3|3|1,7,437,4214113,silent,4213676
10,11|10|8|4|3|2|2,7,451,4572976,silent,4572525
10,11|10|8|3|3|3|2,7,86,1678044,silent,1677958
10,11|10|7|7|3|1|1,7,356,1721713,silent,1721357
10,11|10|7|7|2|2|1,7,273,1508164,silent,1507891
10,11|10|7|6|4|1|1,7,670,3878467,silent,3877797
10,11|10|7|6|3|2|1,7,993,7274078,silent,7273085
10,11|10|7|6|2|2|2,7,293,2460507,silent,2460214
10,11|10|7|5|5|1|1,7,358,2289492,silent,2289134
10,11|10|7|5|4|2|1,7,1162,9512170,silent,9511008
10,11|10|7|5|3|3|1,7,659,7065908,silent,7065249
10,11|10|7|5|3|2|2,7,619,7436557,silent,7435938
10,11|10|7|4|4|3|1,7,555,5645765,silent,5645210
10,11|10|7|4|4|2|2,7,424,4936679,silent,4936255
10,11|10|7|4|3|3|2,7,309,5737550,silent,5737241
10,11|10|7|3|3|3|3,7,21,962424,silent,962403
10,11|10|6|6|5|1|1,7,225,1594770,silent,1594545
10,11|10|6|6|4|2|1,7,629,5378814,silent,5378185
10,11|10|6|6|3|3|1,7,322,3772708,silent,3772386
10,11|10|6|6|3|2|2,7,328,3930916,silent,3930588
10,11|10|6|5|5|2|1,7,405,4118008,silent,4117603
10,11|10|6|5|4|3|1,7,682,8103079,silent,8102397
10,11|10|6|5|4|2|2,7,502,6891552,silent,6891050
10,11|10|6|5|3|3|2,7,319,6543216,silent,6542897
10,11|10|6|4|4|4|1,7,226,2323373,silent,2323147
10,11|10|6|4|4|3|2,7,345,5870533,silent,5870188
10,11|10|6|4|3|3|3,7,60,2489207,silent,2489147
10,11|10|5|5|5|3|1,7,138,2024640,silent,2024502
10,11|10|5|5|5|2|2,7,82,1612786,silent,1612704
10,11|10|5|5|4|4|1,7,139,1880754,silent,1880615
10,11|10|5|5|4|3|2,7,215,4462282,silent,4462067
10,11|10|5|5|3|3|3,7,43,1548618,silent,1548575
10,11|10|5|4|4|4|2,7,122,1796624,silent,1796502
10,11|10|5|4|4|3|3,7,67,1874911,silent,1874844
10,11|10|4|4|4|4|3,7,29,385119,silent,385090
10,11|9|9|8|1|1|1,7,36,90816,silent,90780
10,11|9|9|7|2|1|1,7,183,677138,silent,676955
10,11|9|9|6|3|1|1,7,374,1773556,silent,1773182
10,11|9|9|6|2|2|1,7,288,1567408,silent,1567120
10,11|9|9|5|4|1|1,7,347,1879748,silent,1879401
10,11|9|9|5|3|2|1,7,541,3771791,silent,3771250
10,11|9|9|5|2|2|2,7,155,1311223,silent,1311068
10,11|9|9|4|4|2|1,7,314,2293476,silent,2293162
10,11|9|9|4|3|3|1,7,219,2095293,silent,2095074
10,11|9|9|4|3|2|2,7,207,2266537,silent,2266330
10,11|9|9|3|3|3|2,7,46,827234,silent,827188
10,11|9|8|8|2|1|1,7,118,444855,silent,444737
10,11|9|8|7|3|1|1,7,432,2231527,silent,2231095
10,11|9|8|7|2|2|1,7,343,1947753,silent,1947410
10,11|9|8|6|4|1|1,7,666,3992745,silent,3992079
10,11|9|8|6|3|2|1,7,965,7414338,silent,7413373
10,11|9|8|6|2|2|2,7,272,2492869,silent,2492597
10,11|9|8|5|5|1|1,7,321,2208617,silent,2208296
10,11|9|8|5|4|2|1,7,1045,9005904,silent,9004859
10,11|9|8|5|3|3|1,7,588,6634954,silent,6634366
10,11|9|8|5|3|2|2,7,558,6964449,silent,6963891
10,11|9|8|4|4|3|1,7,485,5155633,silent,5155148
10,11|9|8|4|4|2|2,7,351,4493139,silent,4492788
10,11|9|8|4|3|3|2,7,272,5181932,silent,5181660
10,11|9|8|3|3|3|3,7,16,852098,silent,852082
10,11|9|7|7|4|1|1,7,349,2266454,silent,2266105
10,11|9|7|7|3|2|1,7,494,4091111,silent,4090617
10,11|9|7|7|2|2|2,7,135,1354326,silent,1354191
10,11|9|7|6|5|1|1,7,437,3238135,silent,3237698
10,11|9|7|6|4|2|1,7,1100,10487733,silent,10486633
10,11|9|7|6|3|3|1,7,596,7248569,silent,7247973
10,11|9|7|6|3|2|2,7,544,7502229,silent,7501685
10,11|9|7|5|5|2|1,7,595,6506437,silent,6505842
10,11|9|7|5|4|3|1,7,952,12348314,silent,12347362
10,11|9|7|5|4|2|2,7,682,10442498,silent,10441816
10,11|9|7|5|3|3|2,7,453,9767264,silent,9766811
10,11|9|7|4|4|4|1,7,272,3269574,silent,3269302
10,11|9|7|4|4|3|2,7,428,8176328,silent,8175900
10,11|9|7|4|3|3|3,7,87,3405235,silent,3405148
10,11|9|6|6|6|1|1,7,89,705902,silent,705813
10,11|9|6|6|5|2|1,7,423,4767684,silent,4767261
10,11|9|6|6|4|3|1,7,545,7389551,silent,7389006
10,11|9|6|6|4|2|2,7,391,6181874,silent,6181483
10,11|9|6|6|3|3|2,7,246,5459051,silent,5458805
10,11|9|6|5|5|3|1,7,377,6195481,silent,6195104
10,11|9|6|5|5|2|2,7,258,4896683,silent,4896425
10,11|9|6|5|4|4|1,7,363,5366758,silent,5366395
10,11|9|6|5|4|3|2,7,552,12476301,silent,12475749
10,11|9|6|5|3|3|3,7,96,4165033,silent,4164937
10,11|9|6|4|4|4|2,7,217,3966778,silent,3966561
10,11|9|6|4|4|3|3,7,136,4073884,silent,4073748
10,11|9|5|5|5|4|1,7,82,1760774,silent,1760692
10,11|9|5|5|5|3|2,7,107,3283391,silent,3283284
10,11|9|5|5|4|4|2,7,140,3321996,silent,3321856
10,11|9|5|5|4|3|3,7,87,3229470,silent,3229383
10,11|9|5|4|4|4|3,7,77,1685290,silent,1685213
10,11|9|4|4|4|4|4,7,12,164896,silent,164884
10,11|8|8|8|3|1|1,7,76,430899,silent,430823
10,11|8|8|8|2|2|1,7,70,375207,silent,375137
10,11|8|8|7|4|1|1,7,236,1533227,silent,1532991
10,11|8|8|7|3|2|1,7,331,2748740,silent,2748409
10,11|8|8|7|2|2|2,7,96,908764,silent,908668
10,11|8|8|6|5|1|1,7,231,1788616,silent,1788385
10,11|8|8|6|4|2|1,7,598,5709844,silent,5709246
10,11|8|8|6|3|3|1,7,303,3915748,silent,3915445
10,11|8|8|6|3|2|2,7,300,4049866,silent,4049566
10,11|8|8|5|5|2|1,7,300,3344728,silent,3344428
10,11|8|8|5|4|3|1,7,472,6258712,silent,6258240
10,11|8|8|5|4|2|2,7,346,5284730,silent,5284384
10,11|8|8|5|3|3|2,7,215,4903181,silent,4902966
10,11|8|8|4|4|4|1,7,140,1613749,silent,1613609
10,11|8|8|4|4|3|2,7,208,4012774,silent,4012566
10,11|8|8|4|3|3|3,7,37,1654865,silent,1654828
10,11|8|7|7|5|1|1,7,173,1372133,silent,1371960
10,11|8|7|7|4|2|1,7,381,4082461,silent,4082080
10,11|8|7|7|3|3|1,7,210,2739153,silent,2738943
10,11|8|7|7|3|2|2,7,176,2807866,silent,2807690
10,11|8|7|6|6|1|1,7,117,1025796,silent,1025679
10,11|8|7|6|5|2|1,7,524,6383315,silent,6382791
10,11|8|7|6|4|3|1,7,652,9572738,silent,9572086
10,11|8|7|6|4|2|2,7,465,7968499,silent,7968034
10,11|8|7|6|3|3|2,7,289,6940556,silent,6940267
10,11|8|7|5|5|3|1,7,381,6551927,silent,6551546
10,11|8|7|5|5|2|2,7,246,5152457,silent,5152211
10,11|8|7|5|4|4|1,7,343,5517409,silent,5517066
10,11|8|7|5|4|3|2,7,523,12704525,silent,12704002
10,11|8|7|5|3|3|3,7,96,4170541,silent,4170445
10,11|8|7|4|4|4|2,7,192,3752419,silent,3752227
10,11|8|7|4|4|3|3,7,114,3823037,silent,3822923
10,11|8|6|6|6|2|1,7,128,1564708,silent,1564580
10,11|8|6|6|5|3|1,7,294,5290641,silent,5290347
10,11|8|6|6|5|2|2,7,214,4119078,silent,4118864
10,11|8|6|6|4|4|1,7,231,3702248,silent,3702017
10,11|8|6|6|4|3|2,7,336,8287616,silent,8287280
10,11|8|6|6|3|3|3,7,47,2547380,silent,2547333
10,11|8|6|5|5|4|1,7,173,3957887,silent,3957714
10,11|8|6|5|5|3|2,7,225,7242689,silent,7242464
10,11|8|6|5|4|4|2,7,272,6851528,silent,6851256
10,11|8|6|5|4|3|3,7,161,6549983,silent,6549822
10,11|8|6|4|4|4|3,7,113,2716798,silent,2716685
10,11|8|5|5|5|5|1,7,17,556345,silent,556328
10,11|8|5|5|5|4|2,7,53,2411061,silent,2411008
10,11|8|5|5|5|3|3,7,38,1886767,silent,1886729
10,11|8|5|5|4|4|3,7,65,2408418,silent,2408353
10,11|8|5|4|4|4|4,7,34,554846,silent,554812
10,11|7|7|7|6|1|1,7,30,295952,silent,295922
10,11|7|7|7|5|2|1,7,104,1451988,silent,1451884
10,11|7|7|7|4|3|1,7,121,2023676,silent,2023555
10,11|7|7|7|4|2|2,7,79,1668238,silent,1668159
10,11|7|7|7|3|3|2,7,54,1417532,silent,1417478
10,11|7|7|6|6|2|1,7,83,1198312,silent,1198229
10,11|7|7|6|5|3|1,7,201,3789173,silent,3788972
10,11|7|7|6|5|2|2,7,127,2934405,silent,2934278
10,11|7|7|6|4|4|1,7,135,2584186,silent,2584051
10,11|7|7|6|4|3|2,7,208,5745635,silent,5745427
10,11|7|7|6|3|3|3,7,41,1745646,silent,1745605
10,11|7|7|5|5|4|1,7,97,2296060,silent,2295963
10,11|7|7|5|5|3|2,7,127,4169485,silent,4169358
10,11|7|7|5|4|4|2,7,132,3844775,silent,3844643
10,11|7|7|5|4|3|3,7,87,3657325,silent,3657238
10,11|7|7|4|4|4|3,7,49,1419580,silent,1419531
10,11|7|6|6|6|3|1,7,67,1241955,silent,1241888
10,11|7|6|6|6|2|2,7,46,937729,silent,937683
10,11|7|6|6|5|4|1,7,104,2404120,silent,2404016
10,11|7|6|6|5|3|2,7,133,4245825,silent,4245692
10,11|7|6|6|4|4|2,7,117,3256080,silent,3255963
10,11|7|6|6|4|3|3,7,69,3018212,silent,3018143
10,11|7|6|5|5|5|1,7,21,880337,silent,880316
10,11|7|6|5|5|4|2,7,87,3688897,silent,3688810
10,11|7|6|5|5|3|3,7,49,2842641,silent,2842592
10,11|7|6|5|4|4|3,7,89,3408141,silent,3408052
10,11|7|6|4|4|4|4,7,29,623005,silent,622976
10,11|7|5|5|5|5|2,7,7,601997,silent,601990
10,11|7|5|5|5|4|3,7,19,1373752,silent,1373733
10,11|7|5|5|4|4|4,7,16,617473,silent,617457
10,11|6|6|6|6|4|1,7,19,329804,silent,329785
10,11|6|6|6|6|3|2,7,22,538447,silent,538425
10,11|6|6|6|5|5|1,7,7,306851,silent,306844
10,11|6|6|6|5|4|2,7,35,1193625,silent,1193590
10,11|6|6|6|5|3|3,7,12,892425,silent,892413
10,11|6|6|6|4|4|3,7,27,876982,silent,876955
10,11|6|6|5|5|5|2,7,3,499256,silent,499253
10,11|6|6|5|5|4|3,7,15,1112327,silent,1112312
10,11|6|6|5|4|4|4,7,15,471022,silent,471007
10,11|6|5|5|5|5|3,7,2,260164,silent,260162
10,11|6|5|5|5|4|4,7,1,264951,silent,264950
10,11|5|5|5|5|5|4,7,1,34568,silent,34567
10,10|10|10|7|1|1|1,7,17,42351,silent,42334
10,10|10|10|6|2|1|1,7,50,206959,silent,206909
10,10|10|10|5|3|1|1,7,89,369800,silent,369711
10,10|10|10|5|2|2|1,7,76,338184,silent,338108
10,10|10|10|4|4|1|1,7,33,203677,silent,203644
10,10|10|10|4|3|2|1,7,86,520189,silent,520103
10,10|10|10|4|2|2|2,7,47,198420,silent,198373
10,10|10|10|3|3|3|1,7,19,145262,silent,145243
10,10|10|10|3|3|2|2,7,10,168288,silent,168278
10,10|10|9|8|1|1|1,7,18,56157,silent,56139
10,10|10|9|7|2|1|1,7,111,407498,silent,407387
10,10|10|9|6|3|1|1,7,210,1049018,silent,1048808
10,10|10|9|6|2|2|1,7,175,928498,silent,928323
10,10|10|9|5|4|1|1,7,201,1103515,silent,1103314
10,10|10|9|5|3|2|1,7,313,2210750,silent,2210437
10,10|10|9|5|2|2|2,7,91,769131,silent,769040
10,10|10|9|4|4|2|1,7,184,1339942,silent,1339758
10,10|10|9|4|3|3|1,7,120,1219936,silent,1219816
10,10|10|9|4|3|2|2,7,123,1321005,silent,1320882
10,10|10|9|3|3|3|2,7,24,479183,silent,479159
10,10|10|8|8|2|1|1,7,47,221471,silent,221424
10,10|10|8|7|3|1|1,7,211,1078327,silent,1078116
10,10|10|8|7|2|2|1,7,161,941053,silent,940892
10,10|10|8|6|4|1|1,7,283,1896981,silent,1896698
10,10|10|8|6|3|2|1,7,451,3519699,silent,3519248
10,10|10|8|6|2|2|2,7,156,1185652,silent,1185496
10,10|10|8|5|5|1|1,7,169,1044377,silent,1044208
10,10|10|8|5|4|2|1,7,484,4240346,silent,4239862
10,10|10|8|5|3|3|1,7,275,3117632,silent,3117357
10,10|10|8|5|3|2|2,7,247,3270428,silent,3270181
10,10|10|8|4|4|3|1,7,208,2412935,silent,2412727
10,10|10|8|4|4|2|2,7,199,2106895,silent,2106696
10,10|10|8|4|3|3|2,7,110,2417296,silent,2417186
10,10|10|8|3|3|3|3,7,13,397064,silent,397051
10,10|10|7|7|4|1|1,7,171,1019178,silent,1019007
10,10|10|7|7|3|2|1,7,216,1834496,silent,1834280
10,10|10|7|7|2|2|2,7,46,605548,silent,605502
10,10|10|7|6|5|1|1,7,187,1433578,silent,1433391
10,10|10|7|6|4|2|1,7,480,4628712,silent,4628232
10,10|10|7|6|3|3|1,7,254,3192219,silent,3191965
10,10|10|7|6|3|2|2,7,239,3303689,silent,3303450
10,10|10|7|5|5|2|1,7,257,2851310,silent,2851053
10,10|10|7|5|4|3|1,7,412,5395346,silent,5394934
10,10|10|7|5|4|2|2,7,283,4559445,silent,4559162
10,10|10|7|5|3|3|2,7,198,4257098,silent,4256900
10,10|10|7|4|4|4|1,7,121,1422553,silent,1422432
10,10|10|7|4|4|3|2,7,182,3550720,silent,3550538
10,10|10|7|4|3|3|3,7,36,1474611,silent,1474575
10,10|10|6|6|6|1|1,7,27,302844,silent,302817
10,10|10|6|6|5|2|1,7,178,2040173,silent,2039995
10,10|10|6|6|4|3|1,7,217,3151083,silent,3150866
10,10|10|6|6|4|2|2,7,199,2639758,silent,2639559
10,10|10|6|6|3|3|2,7,85,2320142,silent,2320057
10,10|10|6|5|5|3|1,7,162,2624968,silent,2624806
10,10|10|6|5|5|2|2,7,90,2070649,silent,2070559
10,10|10|6|5|4|4|1,7,150,2268452,silent,2268302
10,10|10|6|5|4|3|2,7,229,5265860,silent,5265631
10,10|10|6|5|3|3|3,7,42,1754526,silent,1754484
10,10|10|6|4|4|4|2,7,113,1669920,silent,1669807
10,10|10|6|4|4|3|3,7,41,1707062,silent,1707021
10,10|10|5|5|5|4|1,7,34,733061,silent,733027
10,10|10|5|5|5|3|2,7,47,1365938,silent,1365891
10,10|10|5|5|4|4|2,7,43,1376757,silent,1376714
10,10|10|5|5|4|3|3,7,42,1339638,silent,1339596
10,10|10|5|4|4|4|3,7,32,695572,silent,695540
10,10|10|4|4|4|4|4,7,15,68294,silent,68279
10,10|9|9|9|1|1|1,7,7,14564,silent,14557
10,10|9|9|8|2|1|1,7,52,195367,silent,195315
10,10|9|9|7|3|1|1,7,138,760536,silent,760398
10,10|9|9|7|2|2|1,7,104,660163,silent,660059
10,10|9|9|6|4|1|1,7,205,1250079,silent,1249874
10,10|9|9|6|3|2|1,7,278,2302452,silent,2302174
10,10|9|9|6|2|2|2,7,65,768352,silent,768287
10,10|9|9|5|5|1|1,7,86,669714,silent,669628
10,10|9|9|5|4|2|1,7,290,2696243,silent,2695953
10,10|9|9|5|3|3|1,7,168,1976690,silent,1976522
10,10|9|9|5|3|2|2,7,156,2068808,silent,2068652
10,10|9|9|4|4|3|1,7,134,1510952,silent,1510818
10,10|9|9|4|4|2|2,7,79,1311033,silent,1310954
10,10|9|9|4|3|3|2,7,83,1508229,silent,1508146
10,10|9|9|3|3|3|3,7,3,244602,silent,244599
10,10|9|8|8|3|1|1,7,92,524609,silent,524517
10,10|9|8|8|2|2|1,7,74,454197,silent,454123
10,10|9|8|7|4|1|1,7,249,1716535,silent,1716286
10,10|9|8|7|3|2|1,7,352,3063357,silent,3063005
10,10|9|8|7|2|2|2,7,94,1008253,silent,1008159
10,10|9|8|6|5|1|1,7,245,1936525,silent,1936280
10,10|9|8|6|4|2|1,7,604,6133442,silent,6132838
10,10|9|8|6|3|3|1,7,321,4196284,silent,4195963
10,10|9|8|6|3|2|2,7,297,4329715,silent,4329418
10,10|9|8|5|5|2|1,7,303,3542361,silent,3542058
10,10|9|8|5|4|3|1,7,476,6586854,silent,6586378
10,10|9|8|5|4|2|2,7,339,5551554,silent,5551215
10,10|9|8|5|3|3|2,7,224,5139700,silent,5139476
10,10|9|8|4|4|4|1,7,127,1679576,silent,1679449
10,10|9|8|4|4|3|2,7,204,4168452,silent,4168248
10,10|9|8|4|3|3|3,7,39,1714430,silent,1714391
10,10|9|7|7|5|1|1,7,143,1211429,silent,1211286
10,10|9|7|7|4|2|1,7,322,3579839,silent,3579517
10,10|9|7|7|3|3|1,7,176,2394309,silent,2394133
10,10|9|7|7|3|2|2,7,151,2451527,silent,2451376
10,10|9|7|6|6|1|1,7,101,881056,silent,880955
10,10|9|7|6|5|2|1,7,429,5412971,silent,5412542
10,10|9|7|6|4|3|1,7,532,8067777,silent,8067245
10,10|9|7|6|4|2|2,7,364,6704519,silent,6704155
10,10|9|7|6|3|3|2,7,240,5824741,silent,5824501
10,10|9|7|5|5|3|1,7,305,5441945,silent,5441640
10,10|9|7|5|5|2|2,7,206,4275373,silent,4275167
10,10|9|7|5|4|4|1,7,270,4559685,silent,4559415
10,10|9|7|5|4|3|2,7,415,10473883,silent,10473468
10,10|9|7|5|3|3|3,7,77,3425205,silent,3425128
10,10|9|7|4|4|4|2,7,138,3060608,silent,3060470
10,10|9|7|4|4|3|3,7,94,3115183,silent,3115089
10,10|9|6|6|6|2|1,7,94,1231703,silent,1231609
10,10|9|6|6|5|3|1,7,224,4119208,silent,4118984
10,10|9|6|6|5|2|2,7,154,3201616,silent,3201462
10,10|9|6|6|4|4|1,7,168,2867089,silent,2866921
10,10|9|6|6|4|3|2,7,247,6403672,silent,6403425
10,10|9|6|6|3|3|3,7,41,1962034,silent,1961993
10,10|9|6|5|5|4|1,7,130,3021980,silent,3021850
10,10|9|6|5|5|3|2,7,169,5516669,silent,5516500
10,10|9|6|5|4|4|2,7,193,5191467,silent,5191274
10,10|9|6|5|4|3|3,7,119,4954720,silent,4954601
10,10|9|6|4|4|4|3,7,77,2033841,silent,2033764
10,10|9|5|5|5|5|1,7,10,409367,silent,409357
10,10|9|5|5|5|4|2,7,42,1767652,silent,1767610
10,10|9|5|5|5|3|3,7,26,1379635,silent,1379609
10,10|9|5|5|4|4|3,7,45,1753380,silent,1753335
10,10|9|5|4|4|4|4,7,19,398974,silent,398955
10,10|8|8|8|4|1|1,7,43,371331,silent,371288
10,10|8|8|8|3|2|1,7,74,654095,silent,654021
10,10|8|8|8|2|2|2,7,34,215528,silent,215494
10,10|8|8|7|5|1|1,7,116,903154,silent,903038
10,10|8|8|7|4|2|1,7,241,2630690,silent,2630449
10,10|8|8|7|3|3|1,7,128,1745144,silent,1745016
10,10|8|8|7|3|2|2,7,110,1786246,silent,1786136
10,10|8|8|6|6|1|1,7,45,543814,silent,543769
10,10|8|8|6|5|2|1,7,257,3245886,silent,3245629
10,10|8|8|6|4|3|1,7,300,4767639,silent,4767339
10,10|8|8|6|4|2|2,7,252,3961639,silent,3961387
10,10|8|8|6|3|3|2,7,120,3407683,silent,3407563
10,10|8|8|5|5|3|1,7,176,3038182,silent,3038006
10,10|8|8|5|5|2|2,7,91,2379171,silent,2379080
10,10|8|8|5|4|4|1,7,151,2517819,silent,2517668
10,10|8|8|5|4|3|2,7,225,5752944,silent,5752719
10,10|8|8|5|3|3|3,7,43,1864915,silent,1864872
10,10|8|8|4|4|4|2,7,99,1640109,silent,1640010
10,10|8|8|4|4|3|3,7,33,1654565,silent,1654532
10,10|8|7|7|6|1|1,7,59,533419,silent,533360
10,10|8|7|7|5|2|1,7,182,2557635,silent,2557453
10,10|8|7|7|4|3|1,7,213,3524910,silent,3524697
10,10|8|7|7|4|2|2,7,126,2900752,silent,2900626
10,10|8|7|7|3|3|2,7,99,2449126,silent,2449027
10,10|8|7|6|6|2|1,7,138,1971536,silent,1971398
10,10|8|7|6|5|3|1,7,311,6096044,silent,6095733
10,10|8|7|6|5|2|2,7,205,4713887,silent,4713682
10,10|8|7|6|4|4|1,7,217,4123517,silent,4123300
10,10|8|7|6|4|3|2,7,324,9124272,silent,9123948
10,10|8|7|6|3|3|3,7,55,2749967,silent,2749912
10,10|8|7|5|5|4|1,7,144,3548903,silent,3548759
10,10|8|7|5|5|3|2,7,188,6416974,silent,6416786
10,10|8|7|5|4|4|2,7,194,5869373,silent,5869179
10,10|8|7|5|4|3|3,7,131,5560250,silent,5560119
10,10|8|7|4|4|4|3,7,73,2119406,silent,2119333
10,10|8|6|6|6|3|1,7,77,1585258,silent,1585181
10,10|8|6|6|6|2|2,7,71,1197256,silent,1197185
10,10|8|6|6|5|4|1,7,125,3010320,silent,3010195
10,10|8|6|6|5|3|2,7,153,5292886,silent,5292733
10,10|8|6|6|4|4|2,7,160,4027130,silent,4026970
10,10|8|6|6|4|3|3,7,68,3714307,silent,3714239
10,10|8|6|5|5|5|1,7,26,1062362,silent,1062336
10,10|8|6|5|5|4|2,7,91,4417039,silent,4416948
10,10|8|6|5|5|3|3,7,63,3395236,silent,3395173
10,10|8|6|5|4|4|3,7,101,4033089,silent,4032988
10,10|8|6|4|4|4|4,7,43,723713,silent,723670
10,10|8|5|5|5|5|2,7,10,662385,silent,662375
10,10|8|5|5|5|4|3,7,20,1501116,silent,1501096
10,10|8|5|5|4|4|4,7,11,666954,silent,666943
10,10|7|7|7|7|1|1,7,2,61618,silent,61616
10,10|7|7|7|6|2|1,7,34,599066,silent,599032
10,10|7|7|7|5|3|1,7,63,1472379,silent,1472316
10,10|7|7|7|5|2|2,7,45,1128527,silent,1128482
10,10|7|7|7|4|4|1,7,43,932045,silent,932002
10,10|7|7|7|4|3|2,7,60,2030234,silent,2030174
10,10|7|7|7|3|3|3,7,13,593687,silent,593674
10,10|7|7|6|6|3|1,7,61,1270816,silent,1270755
10,10|7|7|6|6|2|2,7,25,950374,silent,950349
10,10|7|7|6|5|4|1,7,83,2261263,silent,2261180
10,10|7|7|6|5|3|2,7,110,3947386,silent,3947276
10,10|7|7|6|4|4|2,7,73,2921943,silent,2921870
10,10|7|7|6|4|3|3,7,62,2690401,silent,2690339
10,10|7|7|5|5|5|1,7,16,652475,silent,652459
10,10|7|7|5|5|4|2,7,65,2670313,silent,2670248
10,10|7|7|5|5|3|3,7,26,2035909,silent,2035883
10,10|7|7|5|4|4|3,7,52,2360943,silent,2360891
10,10|7|7|4|4|4|4,7,8,392595,silent,392587
10,10|7|6|6|6|4|1,7,35,824159,silent,824124
10,10|7|6|6|6|3|2,7,41,1336872,silent,1336831
10,10|7|6|6|5|5|1,7,20,745224,silent,745204
10,10|7|6|6|5|4|2,7,67,2854416,silent,2854349
10,10|7|6|6|5|3|3,7,36,2125559,silent,2125523
10,10|7|6|6|4|4|3,7,47,2048694,silent,2048647
10,10|7|6|5|5|5|2,7,12,1102465,silent,1102453
10,10|7|6|5|5|4|3,7,32,2423496,silent,2423464
10,10|7|6|5|4|4|4,7,24,1003488,silent,1003464
10,10|7|5|5|5|5|3,7,2,441857,silent,441855
10,10|7|5|5|5|4|4,7,6,447019,silent,447013
10,10|6|6|6|6|5|1,7,5,136039,silent,136034
10,10|6|6|6|6|4|2,7,20,411861,silent,411841
10,10|6|6|6|6|3|3,7,2,283748,silent,283746
10,10|6|6|6|5|5|2,7,3,397672,silent,397669
10,10|6|6|6|5|4|3,7,13,816068,silent,816055
10,10|6|6|6|4|4|4,7,15,273225,silent,273210
10,10|6|6|5|5|5|3,7,2,377612,silent,377610
10,10|6|6|5|5|4|4,7,1,372891,silent,372890
10,10|6|5|5|5|5|4,7,0,-1,a0,
10,10|5|5|5|5|5|5,7,0,-1,a0,
