delta,lam,ell,a,m_det,class,margin
10,33|1|1|1|1|1|1|1,8,0,-1,a0,
10,32|2|1|1|1|1|1|1,8,0,-1,a0,
10,31|3|1|1|1|1|1|1,8,0,-1,a0,
10,31|2|2|1|1|1|1|1,8,0,-1,a0,
10,30|4|1|1|1|1|1|1,8,0,-1,a0,
10,30|3|2|1|1|1|1|1,8,0,-1,a0,
10,30|2|2|2|1|1|1|1,8,0,-1,a0,
10,29|5|1|1|1|1|1|1,8,0,-1,a0,
10,29|4|2|1|1|1|1|1,8,0,-1,a0,
10,29|3|3|1|1|1|1|1,8,0,-1,a0,
10,29|3|2|2|1|1|1|1,8,0,-1,a0,
10,29|2|2|2|2|1|1|1,8,0,-1,a0,
10,28|6|1|1|1|1|1|1,8,0,-1,a0,
10,28|5|2|1|1|1|1|1,8,0,-1,a0,
10,28|4|3|1|1|1|1|1,8,0,-1,a0,
10,28|4|2|2|1|1|1|1,8,0,-1,a0,
10,28|3|3|2|1|1|1|1,8,0,-1,a0,
10,28|3|2|2|2|1|1|1,8,0,-1,a0,
10,28|2|2|2|2|2|1|1,8,0,-1,a0,
10,27|7|1|1|1|1|1|1,8,0,-1,a0,
10,27|6|2|1|1|1|1|1,8,0,-1,a0,
10,27|5|3|1|1|1|1|1,8,0,-1,a0,
10,27|5|2|2|1|1|1|1,8,0,-1,a0,
10,27|4|4|1|1|1|1|1,8,0,-1,a0,
10,27|4|3|2|1|1|1|1,8,0,-1,a0,
10,27|4|2|2|2|1|1|1,8,0,-1,a0,
10,27|3|3|3|1|1|1|1,8,0,-1,a0,
10,27|3|3|2|2|1|1|1,8,0,-1,a0,
10,27|3|2|2|2|2|1|1,8,0,-1,a0,
10,27|2|2|2|2|2|2|1,8,0,-1,a0,
10,26|8|1|1|1|1|1|1,8,0,-1,a0,
10,26|7|2|1|1|1|1|1,8,0,-1,a0,
10,26|6|3|1|1|1|1|1,8,0,-1,a0,
10,26|6|2|2|1|1|1|1,8,0,-1,a0,
10,26|5|4|1|1|1|1|1,8,0,-1,a0,
10,26|5|3|2|1|1|1|1,8,0,-1,a0,
10,26|5|2|2|2|1|1|1,8,0,-1,a0,
10,26|4|4|2|1|1|1|1,8,0,-1,a0,
10,26|4|3|3|1|1|1|1,8,0,-1,a0,
10,26|4|3|2|2|1|1|1,8,0,-1,a0,
10,26|4|2|2|2|2|1|1,8,0,-1,a0,
10,26|3|3|3|2|1|1|1,8,0,-1,a0,
10,26|3|3|2|2|2|1|1,8,0,-1,a0,
10,26|3|2|2|2|2|2|1,8,0,-1,a0,
10,26|2|2|2|2|2|2|2,8,1,21,silent,20
10,25|9|1|1|1|1|1|1,8,0,-1,a0,
10,25|8|2|1|1|1|1|1,8,0,-1,a0,
10,25|7|3|1|1|1|1|1,8,0,-1,a0,
10,25|7|2|2|1|1|1|1,8,0,-1,a0,
10,25|6|4|1|1|1|1|1,8,0,-1,a0,
10,25|6|3|2|1|1|1|1,8,0,-1,a0,
10,25|6|2|2|2|1|1|1,8,0,-1,a0,
10,25|5|5|1|1|1|1|1,8,0,-1,a0,
10,25|5|4|2|1|1|1|1,8,0,-1,a0,
10,25|5|3|3|1|1|1|1,8,0,-1,a0,
10,25|5|3|2|2|1|1|1,8,0,-1,a0,
10,25|5|2|2|2|2|1|1,8,0,-1,a0,
10,25|4|4|3|1|1|1|1,8,0,-1,a0,
10,25|4|4|2|2|1|1|1,8,0,-1,a0,
10,25|4|3|3|2|1|1|1,8,0,-1,a0,
10,25|4|3|2|2|2|1|1,8,0,-1,a0,
10,25|4|2|2|2|2|2|1,8,1,282,silent,281
10,25|3|3|3|3|1|1|1,8,0,-1,a0,
10,25|3|3|3|2|2|1|1,8,0,-1,a0,
10,25|3|3|2|2|2|2|1,8,0,-1,a0,
10,25|3|2|2|2|2|2|2,8,1,63,silent,62
10,24|10|1|1|1|1|1|1,8,0,-1,a0,
10,24|9|2|1|1|1|1|1,8,0,-1,a0,
10,24|8|3|1|1|1|1|1,8,0,-1,a0,
10,24|8|2|2|1|1|1|1,8,0,-1,a0,
10,24|7|4|1|1|1|1|1,8,0,-1,a0,
10,24|7|3|2|1|1|1|1,8,0,-1,a0,
10,24|7|2|2|2|1|1|1,8,0,-1,a0,
10,24|6|5|1|1|1|1|1,8,0,-1,a0,
10,24|6|4|2|1|1|1|1,8,0,-1,a0,
10,24|6|3|3|1|1|1|1,8,0,-1,a0,
10,24|6|3|2|2|1|1|1,8,0,-1,a0,
10,24|6|2|2|2|2|1|1,8,0,-1,a0,
10,24|5|5|2|1|1|1|1,8,0,-1,a0,
10,24|5|4|3|1|1|1|1,8,0,-1,a0,
10,24|5|4|2|2|1|1|1,8,0,-1,a0,
10,24|5|3|3|2|1|1|1,8,0,-1,a0,
10,24|5|3|2|2|2|1|1,8,1,3350,silent,3349
10,24|5|2|2|2|2|2|1,8,2,722,silent,720
10,24|4|4|4|1|1|1|1,8,0,-1,a0,
10,24|4|4|3|2|1|1|1,8,0,-1,a0,
10,24|4|4|2|2|2|1|1,8,0,-1,a0,
10,24|4|3|3|3|1|1|1,8,0,-1,a0,
10,24|4|3|3|2|2|1|1,8,0,-1,a0,
10,24|4|3|2|2|2|2|1,8,1,1229,silent,1228
10,24|4|2|2|2|2|2|2,8,3,241,silent,238
10,24|3|3|3|3|2|1|1,8,0,-1,a0,
10,24|3|3|3|2|2|2|1,8,0,-1,a0,
10,24|3|3|2|2|2|2|2,8,0,-1,a0,
10,23|11|1|1|1|1|1|1,8,0,-1,a0,
10,23|10|2|1|1|1|1|1,8,0,-1,a0,
10,23|9|3|1|1|1|1|1,8,0,-1,a0,
10,23|9|2|2|1|1|1|1,8,0,-1,a0,
10,23|8|4|1|1|1|1|1,8,0,-1,a0,
10,23|8|3|2|1|1|1|1,8,0,-1,a0,
10,23|8|2|2|2|1|1|1,8,0,-1,a0,
10,23|7|5|1|1|1|1|1,8,0,-1,a0,
10,23|7|4|2|1|1|1|1,8,0,-1,a0,
10,23|7|3|3|1|1|1|1,8,0,-1,a0,
10,23|7|3|2|2|1|1|1,8,0,-1,a0,
10,23|7|2|2|2|2|1|1,8,1,2369,silent,2368
10,23|6|6|1|1|1|1|1,8,0,-1,a0,
10,23|6|5|2|1|1|1|1,8,0,-1,a0,
10,23|6|4|3|1|1|1|1,8,0,-1,a0,
10,23|6|4|2|2|1|1|1,8,0,-1,a0,
10,23|6|3|3|2|1|1|1,8,1,10795,silent,10794
10,23|6|3|2|2|2|1|1,8,2,7575,silent,7573
10,23|6|2|2|2|2|2|1,8,4,1537,silent,1533
10,23|5|5|3|1|1|1|1,8,0,-1,a0,
10,23|5|5|2|2|1|1|1,8,1,6270,silent,6269
10,23|5|4|4|1|1|1|1,8,0,-1,a0,
10,23|5|4|3|2|1|1|1,8,0,-1,a0,
10,23|5|4|2|2|2|1|1,8,2,8151,silent,8149
10,23|5|3|3|3|1|1|1,8,0,-1,a0,
10,23|5|3|3|2|2|1|1,8,1,8497,silent,8496
10,23|5|3|2|2|2|2|1,8,4,3754,silent,3750
10,23|5|2|2|2|2|2|2,8,3,542,silent,539
10,23|4|4|4|2|1|1|1,8,0,-1,a0,
10,23|4|4|3|3|1|1|1,8,0,-1,a0,
10,23|4|4|3|2|2|1|1,8,0,-1,a0,
10,23|4|4|2|2|2|2|1,8,3,2330,silent,2327
10,23|4|3|3|3|2|1|1,8,0,-1,a0,
10,23|4|3|3|2|2|2|1,8,0,-1,a0,
10,23|4|3|2|2|2|2|2,8,2,849,silent,847
10,23|3|3|3|3|3|1|1,8,0,-1,a0,
10,23|3|3|3|3|2|2|1,8,0,-1,a0,
10,23|3|3|3|2|2|2|2,8,0,-1,a0,
10,22|12|1|1|1|1|1|1,8,0,-1,a0,
10,22|11|2|1|1|1|1|1,8,0,-1,a0,
10,22|10|3|1|1|1|1|1,8,0,-1,a0,
10,22|10|2|2|1|1|1|1,8,0,-1,a0,
10,22|9|4|1|1|1|1|1,8,0,-1,a0,
10,22|9|3|2|1|1|1|1,8,0,-1,a0,
10,22|9|2|2|2|1|1|1,8,0,-1,a0,
10,22|8|5|1|1|1|1|1,8,0,-1,a0,
10,22|8|4|2|1|1|1|1,8,0,-1,a0,
10,22|8|3|3|1|1|1|1,8,0,-1,a0,
10,22|8|3|2|2|1|1|1,8,1,13981,silent,13980
10,22|8|2|2|2|2|1|1,8,1,3737,silent,3736
10,22|7|6|1|1|1|1|1,8,0,-1,a0,
10,22|7|5|2|1|1|1|1,8,0,-1,a0,
10,22|7|4|3|1|1|1|1,8,0,-1,a0,
10,22|7|4|2|2|1|1|1,8,1,25267,silent,25266
10,22|7|3|3|2|1|1|1,8,2,21236,silent,21234
10,22|7|3|2|2|2|1|1,8,6,14617,silent,14611
10,22|7|2|2|2|2|2|1,8,6,2804,silent,2798
10,22|6|6|2|1|1|1|1,8,0,-1,a0,
10,22|6|5|3|1|1|1|1,8,1,21018,silent,21017
10,22|6|5|2|2|1|1|1,8,2,21988,silent,21986
10,22|6|4|4|1|1|1|1,8,0,-1,a0,
10,22|6|4|3|2|1|1|1,8,2,39969,silent,39967
10,22|6|4|2|2|2|1|1,8,5,21549,silent,21544
10,22|6|3|3|3|1|1|1,8,1,12706,silent,12705
10,22|6|3|3|2|2|1|1,8,4,20789,silent,20785
10,22|6|3|2|2|2|2|1,8,8,8842,silent,8834
10,22|6|2|2|2|2|2|2,8,7,1212,silent,1205
10,22|5|5|4|1|1|1|1,8,0,-1,a0,
10,22|5|5|3|2|1|1|1,8,2,21737,silent,21735
10,22|5|5|2|2|2|1|1,8,5,11318,silent,11313
10,22|5|4|4|2|1|1|1,8,0,-1,a0,
10,22|5|4|3|3|1|1|1,8,0,-1,a0,
10,22|5|4|3|2|2|1|1,8,4,28423,silent,28419
10,22|5|4|2|2|2|2|1,8,8,9746,silent,9738
10,22|5|3|3|3|2|1|1,8,0,-1,a0,
10,22|5|3|3|2|2|2|1,8,2,10169,silent,10167
10,22|5|3|2|2|2|2|2,8,3,2584,silent,2581
10,22|4|4|4|3|1|1|1,8,0,-1,a0,
10,22|4|4|4|2|2|1|1,8,0,-1,a0,
10,22|4|4|3|3|2|1|1,8,0,-1,a0,
10,22|4|4|3|2|2|2|1,8,2,7798,silent,7796
10,22|4|4|2|2|2|2|2,8,5,1805,silent,1800
10,22|4|3|3|3|3|1|1,8,0,-1,a0,
10,22|4|3|3|3|2|2|1,8,0,-1,a0,
10,22|4|3|3|2|2|2|2,8,0,-1,a0,
10,22|3|3|3|3|3|2|1,8,0,-1,a0,
10,22|3|3|3|3|2|2|2,8,0,-1,a0,
10,21|13|1|1|1|1|1|1,8,0,-1,a0,
10,21|12|2|1|1|1|1|1,8,0,-1,a0,
10,21|11|3|1|1|1|1|1,8,0,-1,a0,
10,21|11|2|2|1|1|1|1,8,0,-1,a0,
10,21|10|4|1|1|1|1|1,8,0,-1,a0,
10,21|10|3|2|1|1|1|1,8,0,-1,a0,
10,21|10|2|2|2|1|1|1,8,0,-1,a0,
10,21|9|5|1|1|1|1|1,8,0,-1,a0,
10,21|9|4|2|1|1|1|1,8,0,-1,a0,
10,21|9|3|3|1|1|1|1,8,1,14821,silent,14820
10,21|9|3|2|2|1|1|1,8,2,20454,silent,20452
10,21|9|2|2|2|2|1|1,8,3,5475,silent,5472
10,21|8|6|1|1|1|1|1,8,0,-1,a0,
10,21|8|5|2|1|1|1|1,8,1,32581,silent,32580
10,21|8|4|3|1|1|1|1,8,1,40303,silent,40302
10,21|8|4|2|2|1|1|1,8,3,44007,silent,44004
10,21|8|3|3|2|1|1|1,8,5,36150,silent,36145
10,21|8|3|2|2|2|1|1,8,10,24384,silent,24374
10,21|8|2|2|2|2|2|1,8,9,4539,silent,4530
10,21|7|7|1|1|1|1|1,8,0,-1,a0,
10,21|7|6|2|1|1|1|1,8,0,-1,a0,
10,21|7|5|3|1|1|1|1,8,2,50460,silent,50458
10,21|7|5|2|2|1|1|1,8,7,52038,silent,52031
10,21|7|4|4|1|1|1|1,8,0,-1,a0,
10,21|7|4|3|2|1|1|1,8,7,86016,silent,86009
10,21|7|4|2|2|2|1|1,8,15,45774,silent,45759
10,21|7|3|3|3|1|1|1,8,3,26051,silent,26048
10,21|7|3|3|2|2|1|1,8,9,41760,silent,41751
10,21|7|3|2|2|2|2|1,8,15,17325,silent,17310
10,21|7|2|2|2|2|2|2,8,7,2090,silent,2083
10,21|6|6|3|1|1|1|1,8,2,24080,silent,24078
10,21|6|6|2|2|1|1|1,8,1,23709,silent,23708
10,21|6|5|4|1|1|1|1,8,2,34976,silent,34974
10,21|6|5|3|2|1|1|1,8,10,81959,silent,81949
10,21|6|5|2|2|2|1|1,8,12,40621,silent,40609
10,21|6|4|4|2|1|1|1,8,1,55287,silent,55286
10,21|6|4|3|3|1|1|1,8,4,54727,silent,54723
10,21|6|4|3|2|2|1|1,8,13,80630,silent,80617
10,21|6|4|2|2|2|2|1,8,19,26593,silent,26574
10,21|6|3|3|3|2|1|1,8,2,33009,silent,33007
10,21|6|3|3|2|2|2|1,8,5,25598,silent,25593
10,21|6|3|2|2|2|2|2,8,8,6327,silent,6319
10,21|5|5|5|1|1|1|1,8,1,6919,silent,6918
10,21|5|5|4|2|1|1|1,8,5,37787,silent,37782
10,21|5|5|3|3|1|1|1,8,1,30522,silent,30521
10,21|5|5|3|2|2|1|1,8,9,44712,silent,44703
10,21|5|5|2|2|2|2|1,8,6,13536,silent,13530
10,21|5|4|4|3|1|1|1,8,0,-1,a0,
10,21|5|4|4|2|2|1|1,8,5,38785,silent,38780
10,21|5|4|3|3|2|1|1,8,2,49998,silent,49996
10,21|5|4|3|2|2|2|1,8,10,36172,silent,36162
10,21|5|4|2|2|2|2|2,8,7,7105,silent,7098
10,21|5|3|3|3|3|1|1,8,0,-1,a0,
10,21|5|3|3|3|2|2|1,8,0,-1,a0,
10,21|5|3|3|2|2|2|2,8,1,7189,silent,7188
10,21|4|4|4|4|1|1|1,8,0,-1,a0,
10,21|4|4|4|3|2|1|1,8,0,-1,a0,
10,21|4|4|4|2|2|2|1,8,4,9830,silent,9826
10,21|4|4|3|3|3|1|1,8,0,-1,a0,
10,21|4|4|3|3|2|2|1,8,0,-1,a0,
10,21|4|4|3|2|2|2|2,8,3,5825,silent,5822
10,21|4|3|3|3|3|2|1,8,0,-1,a0,
10,21|4|3|3|3|2|2|2,8,0,-1,a0,
10,21|3|3|3|3|3|3|1,8,0,-1,a0,
10,21|3|3|3|3|3|2|2,8,0,-1,a0,
10,20|14|1|1|1|1|1|1,8,0,-1,a0,
10,20|13|2|1|1|1|1|1,8,0,-1,a0,
10,20|12|3|1|1|1|1|1,8,0,-1,a0,
10,20|12|2|2|1|1|1|1,8,0,-1,a0,
10,20|11|4|1|1|1|1|1,8,0,-1,a0,
10,20|11|3|2|1|1|1|1,8,0,-1,a0,
10,20|11|2|2|2|1|1|1,8,0,-1,a0,
10,20|10|5|1|1|1|1|1,8,0,-1,a0,
10,20|10|4|2|1|1|1|1,8,1,31039,silent,31038
10,20|10|3|3|1|1|1|1,8,1,19426,silent,19425
10,20|10|3|2|2|1|1|1,8,4,26642,silent,26638
10,20|10|2|2|2|2|1|1,8,3,6960,silent,6957
10,20|9|6|1|1|1|1|1,8,0,-1,a0,
10,20|9|5|2|1|1|1|1,8,2,50916,silent,50914
10,20|9|4|3|1|1|1|1,8,3,61357,silent,61354
10,20|9|4|2|2|1|1|1,8,8,66641,silent,66633
10,20|9|3|3|2|1|1|1,8,10,53868,silent,53858
10,20|9|3|2|2|2|1|1,8,16,35961,silent,35945
10,20|9|2|2|2|2|2|1,8,12,6506,silent,6494
10,20|8|7|1|1|1|1|1,8,0,-1,a0,
10,20|8|6|2|1|1|1|1,8,3,52431,silent,52428
10,20|8|5|3|1|1|1|1,8,7,95888,silent,95881
10,20|8|5|2|2|1|1|1,8,15,97441,silent,97426
10,20|8|4|4|1|1|1|1,8,2,54186,silent,54184
10,20|8|4|3|2|1|1|1,8,18,154102,silent,154084
10,20|8|4|2|2|2|1|1,8,25,80499,silent,80474
10,20|8|3|3|3|1|1|1,8,5,45407,silent,45402
10,20|8|3|3|2|2|1|1,8,19,72025,silent,72006
10,20|8|3|2|2|2|2|1,8,23,29273,silent,29250
10,20|8|2|2|2|2|2|2,8,12,3460,silent,3448
10,20|7|7|2|1|1|1|1,8,0,-1,a0,
10,20|7|6|3|1|1|1|1,8,5,77299,silent,77294
10,20|7|6|2|2|1|1|1,8,10,76057,silent,76047
10,20|7|5|4|1|1|1|1,8,6,88180,silent,88174
10,20|7|5|3|2|1|1|1,8,28,201143,silent,201115
10,20|7|5|2|2|2|1|1,8,33,97940,silent,97907
10,20|7|4|4|2|1|1|1,8,9,125710,silent,125701
10,20|7|4|3|3|1|1|1,8,10,121115,silent,121105
10,20|7|4|3|2|2|1|1,8,34,176904,silent,176870
10,20|7|4|2|2|2|2|1,8,34,56589,silent,56555
10,20|7|3|3|3|2|1|1,8,5,68789,silent,68784
10,20|7|3|3|2|2|2|1,8,12,52541,silent,52529
10,20|7|3|2|2|2|2|2,8,11,12430,silent,12419
10,20|6|6|4|1|1|1|1,8,4,45549,silent,45545
10,20|6|6|3|2|1|1|1,8,12,96098,silent,96086
10,20|6|6|2|2|2|1|1,8,8,44829,silent,44821
10,20|6|5|5|1|1|1|1,8,5,31742,silent,31737
10,20|6|5|4|2|1|1|1,8,18,154076,silent,154058
10,20|6|5|3|3|1|1|1,8,13,120709,silent,120696
10,20|6|5|3|2|2|1|1,8,32,172019,silent,171987
10,20|6|5|2|2|2|2|1,8,23,50628,silent,50605
10,20|6|4|4|3|1|1|1,8,5,102370,silent,102365
10,20|6|4|4|2|2|1|1,8,14,119598,silent,119584
10,20|6|4|3|3|2|1|1,8,12,148469,silent,148457
10,20|6|4|3|2|2|2|1,8,25,104833,silent,104808
10,20|6|4|2|2|2|2|2,8,19,19867,silent,19848
10,20|6|3|3|3|3|1|1,8,0,-1,a0,
10,20|6|3|3|3|2|2|1,8,1,46623,silent,46622
10,20|6|3|3|2|2|2|2,8,2,18491,silent,18489
10,20|5|5|5|2|1|1|1,8,8,32715,silent,32707
10,20|5|5|4|3|1|1|1,8,6,71950,silent,71944
10,20|5|5|4|2|2|1|1,8,16,83581,silent,83565
10,20|5|5|3|3|2|1|1,8,5,84388,silent,84383
10,20|5|5|3|2|2|2|1,8,11,58153,silent,58142
10,20|5|5|2|2|2|2|2,8,2,9649,silent,9647
10,20|5|4|4|4|1|1|1,8,0,-1,a0,
10,20|5|4|4|3|2|1|1,8,6,92833,silent,92827
10,20|5|4|4|2|2|2|1,8,13,52353,silent,52340
10,20|5|4|3|3|3|1|1,8,0,-1,a0,
10,20|5|4|3|3|2|2|1,8,4,71931,silent,71927
10,20|5|4|3|2|2|2|2,8,7,27109,silent,27102
10,20|5|3|3|3|3|2|1,8,0,-1,a0,
10,20|5|3|3|3|2|2|2,8,0,-1,a0,
10,20|4|4|4|4|2|1|1,8,0,-1,a0,
10,20|4|4|4|3|3|1|1,8,0,-1,a0,
10,20|4|4|4|3|2|2|1,8,2,24813,silent,24811
10,20|4|4|4|2|2|2|2,8,6,7945,silent,7939
10,20|4|4|3|3|3|2|1,8,0,-1,a0,
10,20|4|4|3|3|2|2|2,8,0,-1,a0,
10,20|4|3|3|3|3|3|1,8,0,-1,a0,
10,20|4|3|3|3|3|2|2,8,0,-1,a0,
10,20|3|3|3|3|3|3|2,8,0,-1,a0,
10,19|15|1|1|1|1|1|1,8,0,-1,a0,
10,19|14|2|1|1|1|1|1,8,0,-1,a0,
10,19|13|3|1|1|1|1|1,8,0,-1,a0,
10,19|13|2|2|1|1|1|1,8,0,-1,a0,
10,19|12|4|1|1|1|1|1,8,0,-1,a0,
10,19|12|3|2|1|1|1|1,8,0,-1,a0,
10,19|12|2|2|2|1|1|1,8,0,-1,a0,
10,19|11|5|1|1|1|1|1,8,0,-1,a0,
10,19|11|4|2|1|1|1|1,8,1,36234,silent,36233
10,19|11|3|3|1|1|1|1,8,3,22765,silent,22762
10,19|11|3|2|2|1|1|1,8,5,30923,silent,30918
10,19|11|2|2|2|2|1|1,8,6,8123,silent,8117
10,19|10|6|1|1|1|1|1,8,1,19094,silent,19093
10,19|10|5|2|1|1|1|1,8,5,68841,silent,68836
10,19|10|4|3|1|1|1|1,8,7,81578,silent,81571
10,19|10|4|2|2|1|1|1,8,13,88011,silent,87998
10,19|10|3|3|2|1|1|1,8,15,70532,silent,70517
10,19|10|3|2|2|2|1|1,8,22,46592,silent,46570
10,19|10|2|2|2|2|2|1,8,14,8290,silent,8276
10,19|9|7|1|1|1|1|1,8,0,-1,a0,
10,19|9|6|2|1|1|1|1,8,6,86372,silent,86366
10,19|9|5|3|1|1|1|1,8,16,151280,silent,151264
10,19|9|5|2|2|1|1|1,8,29,152732,silent,152703
10,19|9|4|4|1|1|1|1,8,4,83346,silent,83342
10,19|9|4|3|2|1|1|1,8,35,235354,silent,235319
10,19|9|4|2|2|2|1|1,8,44,122200,silent,122156
10,19|9|3|3|3|1|1|1,8,12,68237,silent,68225
10,19|9|3|3|2|2|1|1,8,27,107031,silent,107004
10,19|9|3|2|2|2|2|1,8,32,42958,silent,42926
10,19|9|2|2|2|2|2|2,8,11,4743,silent,4732
10,19|8|8|1|1|1|1|1,8,1,7497,silent,7496
10,19|8|7|2|1|1|1|1,8,5,62333,silent,62328
10,19|8|6|3|1|1|1|1,8,18,164169,silent,164151
10,19|8|6|2|2|1|1|1,8,24,159672,silent,159648
10,19|8|5|4|1|1|1|1,8,18,171469,silent,171451
10,19|8|5|3|2|1|1|1,8,61,383551,silent,383490
10,19|8|5|2|2|2|1|1,8,57,183763,silent,183706
10,19|8|4|4|2|1|1|1,8,22,231210,silent,231188
10,19|8|4|3|3|1|1|1,8,25,219818,silent,219793
10,19|8|4|3|2|2|1|1,8,64,318194,silent,318130
10,19|8|4|2|2|2|2|1,8,55,99978,silent,99923
10,19|8|3|3|3|2|1|1,8,12,120561,silent,120549
10,19|8|3|3|2|2|2|1,8,21,90876,silent,90855
10,19|8|3|2|2|2|2|2,8,17,21092,silent,21075
10,19|7|7|3|1|1|1|1,8,5,72087,silent,72082
10,19|7|7|2|2|1|1|1,8,14,70181,silent,70167
10,19|7|6|4|1|1|1|1,8,13,151616,silent,151603
10,19|7|6|3|2|1|1|1,8,45,314460,silent,314415
10,19|7|6|2|2|2|1|1,8,41,145616,silent,145575
10,19|7|5|5|1|1|1|1,8,13,85684,silent,85671
10,19|7|5|4|2|1|1|1,8,55,394052,silent,393997
10,19|7|5|3|3|1|1|1,8,33,301872,silent,301839
10,19|7|5|3|2|2|1|1,8,82,425810,silent,425728
10,19|7|5|2|2|2|2|1,8,48,122270,silent,122222
10,19|7|4|4|3|1|1|1,8,16,236787,silent,236771
10,19|7|4|4|2|2|1|1,8,43,275559,silent,275516
10,19|7|4|3|3|2|1|1,8,29,332218,silent,332189
10,19|7|4|3|2|2|2|1,8,52,231351,silent,231299
10,19|7|4|2|2|2|2|2,8,24,41698,silent,41674
10,19|7|3|3|3|3|1|1,8,1,60923,silent,60922
10,19|7|3|3|3|2|2|1,8,3,98214,silent,98211
10,19|7|3|3|2|2|2|2,8,6,38564,silent,38558
10,19|6|6|5|1|1|1|1,8,7,55351,silent,55344
10,19|6|6|4|2|1|1|1,8,20,203671,silent,203651
10,19|6|6|3|3|1|1|1,8,21,148378,silent,148357
10,19|6|6|3|2|2|1|1,8,33,205007,silent,204974
10,19|6|6|2|2|2|2|1,8,23,57505,silent,57482
10,19|6|5|5|2|1|1|1,8,29,150672,silent,150643
10,19|6|5|4|3|1|1|1,8,31,303535,silent,303504
10,19|6|5|4|2|2|1|1,8,52,344649,silent,344597
10,19|6|5|3|3|2|1|1,8,31,337968,silent,337937
10,19|6|5|3|2|2|2|1,8,41,227616,silent,227575
10,19|6|5|2|2|2|2|2,8,16,37485,silent,37469
10,19|6|4|4|4|1|1|1,8,2,85243,silent,85241
10,19|6|4|4|3|2|1|1,8,23,296327,silent,296304
10,19|6|4|4|2|2|2|1,8,35,163663,silent,163628
10,19|6|4|3|3|3|1|1,8,4,139484,silent,139480
10,19|6|4|3|3|2|2|1,8,12,216259,silent,216247
10,19|6|4|3|2|2|2|2,8,17,79490,silent,79473
10,19|6|3|3|3|3|2|1,8,0,-1,a0,
10,19|6|3|3|3|2|2|2,8,0,-1,a0,
10,19|5|5|5|3|1|1|1,8,11,70167,silent,70156
10,19|5|5|5|2|2|1|1,8,13,75571,silent,75558
10,19|5|5|4|4|1|1|1,8,9,65644,silent,65635
10,19|5|5|4|3|2|1|1,8,19,212315,silent,212296
10,19|5|5|4|2|2|2|1,8,15,113550,silent,113535
10,19|5|5|3|3|3|1|1,8,1,80764,silent,80763
10,19|5|5|3|3|2|2|1,8,8,125091,silent,125083
10,19|5|5|3|2|2|2|2,8,5,43874,silent,43869
10,19|5|4|4|4|2|1|1,8,6,83665,silent,83659
10,19|5|4|4|3|3|1|1,8,2,96746,silent,96744
10,19|5|4|4|3|2|2|1,8,13,140168,silent,140155
10,19|5|4|4|2|2|2|2,8,10,40959,silent,40949
10,19|5|4|3|3|3|2|1,8,0,-1,a0,
10,19|5|4|3|3|2|2|2,8,2,57465,silent,57463
10,19|5|3|3|3|3|3|1,8,0,-1,a0,
10,19|5|3|3|3|3|2|2,8,0,-1,a0,
10,19|4|4|4|4|3|1|1,8,0,-1,a0,
10,19|4|4|4|4|2|2|1,8,4,22479,silent,22475
10,19|4|4|4|3|3|2|1,8,0,-1,a0,
10,19|4|4|4|3|2|2|2,8,3,20417,silent,20414
10,19|4|4|3|3|3|3|1,8,0,-1,a0,
10,19|4|4|3|3|3|2|2,8,0,-1,a0,
10,19|4|3|3|3|3|3|2,8,0,-1,a0,
10,19|3|3|3|3|3|3|3,8,0,-1,a0,
10,18|16|1|1|1|1|1|1,8,0,-1,a0,
10,18|15|2|1|1|1|1|1,8,0,-1,a0,
10,18|14|3|1|1|1|1|1,8,0,-1,a0,
10,18|14|2|2|1|1|1|1,8,0,-1,a0,
10,18|13|4|1|1|1|1|1,8,0,-1,a0,
10,18|13|3|2|1|1|1|1,8,0,-1,a0,
10,18|13|2|2|2|1|1|1,8,0,-1,a0,
10,18|12|5|1|1|1|1|1,8,0,-1,a0,
10,18|12|4|2|1|1|1|1,8,2,37506,silent,37504
10,18|12|3|3|1|1|1|1,8,2,23300,silent,23298
10,18|12|3|2|2|1|1|1,8,7,31620,silent,31613
10,18|12|2|2|2|2|1|1,8,4,8137,silent,8133
10,18|11|6|1|1|1|1|1,8,1,22651,silent,22650
10,18|11|5|2|1|1|1|1,8,7,80383,silent,80376
10,18|11|4|3|1|1|1|1,8,10,94348,silent,94338
10,18|11|4|2|2|1|1|1,8,19,101528,silent,101509
10,18|11|3|3|2|1|1|1,8,20,80821,silent,80801
10,18|11|3|2|2|2|1|1,8,27,53110,silent,53083
10,18|11|2|2|2|2|2|1,8,15,9306,silent,9291
10,18|10|7|1|1|1|1|1,8,1,25620,silent,25619
10,18|10|6|2|1|1|1|1,8,14,118971,silent,118957
10,18|10|5|3|1|1|1|1,8,27,202532,silent,202505
10,18|10|5|2|2|1|1|1,8,43,203214,silent,203171
10,18|10|4|4|1|1|1|1,8,12,110493,silent,110481
10,18|10|4|3|2|1|1|1,8,54,308723,silent,308669
10,18|10|4|2|2|2|1|1,8,55,158729,silent,158674
10,18|10|3|3|3|1|1|1,8,15,88548,silent,88533
10,18|10|3|3|2|2|1|1,8,41,138345,silent,138304
10,18|10|3|2|2|2|2|1,8,38,54888,silent,54850
10,18|10|2|2|2|2|2|2,8,15,6048,silent,6033
10,18|9|8|1|1|1|1|1,8,1,17577,silent,17576
10,18|9|7|2|1|1|1|1,8,12,113247,silent,113235
10,18|9|6|3|1|1|1|1,8,35,270191,silent,270156
10,18|9|6|2|2|1|1|1,8,50,261936,silent,261886
10,18|9|5|4|1|1|1|1,8,33,270733,silent,270700
10,18|9|5|3|2|1|1|1,8,109,599454,silent,599345
10,18|9|5|2|2|2|1|1,8,92,285004,silent,284912
10,18|9|4|4|2|1|1|1,8,44,354685,silent,354641
10,18|9|4|3|3|1|1|1,8,43,333932,silent,333889
10,18|9|4|3|2|2|1|1,8,103,481262,silent,481159
10,18|9|4|2|2|2|2|1,8,73,149155,silent,149082
10,18|9|3|3|3|2|1|1,8,20,179240,silent,179220
10,18|9|3|3|2|2|2|1,8,30,134071,silent,134041
10,18|9|3|2|2|2|2|2,8,20,30442,silent,30422
10,18|8|8|2|1|1|1|1,8,8,47963,silent,47955
10,18|8|7|3|1|1|1|1,8,24,200732,silent,200708
10,18|8|7|2|2|1|1|1,8,37,192157,silent,192120
10,18|8|6|4|1|1|1|1,8,42,325440,silent,325398
10,18|8|6|3|2|1|1|1,8,106,663242,silent,663136
10,18|8|6|2|2|2|1|1,8,76,302894,silent,302818
10,18|8|5|5|1|1|1|1,8,27,170390,silent,170363
10,18|8|5|4|2|1|1|1,8,113,760917,silent,760804
10,18|8|5|3|3|1|1|1,8,73,576435,silent,576362
10,18|8|5|3|2|2|1|1,8,156,806335,silent,806179
10,18|8|5|2|2|2|2|1,8,83,228298,silent,228215
10,18|8|4|4|3|1|1|1,8,42,436133,silent,436091
10,18|8|4|4|2|2|1|1,8,74,503468,silent,503394
10,18|8|4|3|3|2|1|1,8,61,600128,silent,600067
10,18|8|4|3|2|2|2|1,8,86,413424,silent,413338
10,18|8|4|2|2|2|2|2,8,41,73380,silent,73339
10,18|8|3|3|3|3|1|1,8,2,106893,silent,106891
10,18|8|3|3|3|2|2|1,8,8,171032,silent,171024
10,18|8|3|3|2|2|2|2,8,7,66222,silent,66215
10,18|7|7|4|1|1|1|1,8,15,148643,silent,148628
10,18|7|7|3|2|1|1|1,8,47,296710,silent,296663
10,18|7|7|2|2|2|1|1,8,43,134750,silent,134707
10,18|7|6|5|1|1|1|1,8,24,194135,silent,194111
10,18|7|6|4|2|1|1|1,8,90,685045,silent,684955
10,18|7|6|3|3|1|1|1,8,58,486839,silent,486781
10,18|7|6|3|2|2|1|1,8,116,670240,silent,670124
10,18|7|6|2|2|2|2|1,8,59,183224,silent,183165
10,18|7|5|5|2|1|1|1,8,70,405115,silent,405045
10,18|7|5|4|3|1|1|1,8,85,781660,silent,781575
10,18|7|5|4|2|2|1|1,8,138,880392,silent,880254
10,18|7|5|3|3|2|1|1,8,78,844572,silent,844494
10,18|7|5|3|2|2|2|1,8,94,561781,silent,561687
10,18|7|5|2|2|2|2|2,8,25,89578,silent,89553
10,18|7|4|4|4|1|1|1,8,14,201461,silent,201447
10,18|7|4|4|3|2|1|1,8,60,686889,silent,686829
10,18|7|4|4|2|2|2|1,8,67,373895,silent,373828
10,18|7|4|3|3|3|1|1,8,9,314281,silent,314272
10,18|7|4|3|3|2|2|1,8,30,484584,silent,484554
10,18|7|4|3|2|2|2|2,8,29,174497,silent,174468
10,18|7|3|3|3|3|2|1,8,0,-1,a0,
10,18|7|3|3|3|2|2|2,8,1,77209,silent,77208
10,18|6|6|6|1|1|1|1,8,3,36945,silent,36942
10,18|6|6|5|2|1|1|1,8,33,262531,silent,262498
10,18|6|6|4|3|1|1|1,8,43,414576,silent,414533
10,18|6|6|4|2|2|1|1,8,55,458597,silent,458542
10,18|6|6|3|3|2|1|1,8,44,418463,silent,418419
10,18|6|6|3|2|2|2|1,8,44,273971,silent,273927
10,18|6|6|2|2|2|2|2,8,21,43451,silent,43430
10,18|6|5|5|3|1|1|1,8,46,330045,silent,329999
10,18|6|5|5|2|2|1|1,8,53,348287,silent,348234
10,18|6|5|4|4|1|1|1,8,26,284118,silent,284092
10,18|6|5|4|3|2|1|1,8,81,898412,silent,898331
10,18|6|5|4|2|2|2|1,8,64,472541,silent,472477
10,18|6|5|3|3|3|1|1,8,12,328575,silent,328563
10,18|6|5|3|3|2|2|1,8,29,500432,silent,500403
10,18|6|5|3|2|2|2|2,8,20,173128,silent,173108
10,18|6|4|4|4|2|1|1,8,18,276575,silent,276557
10,18|6|4|4|3|3|1|1,8,14,313385,silent,313371
10,18|6|4|4|3|2|2|1,8,36,449282,silent,449246
10,18|6|4|4|2|2|2|2,8,28,128387,silent,128359
10,18|6|4|3|3|3|2|1,8,2,270255,silent,270253
10,18|6|4|3|3|2|2|2,8,4,173020,silent,173016
10,18|6|3|3|3|3|3|1,8,0,-1,a0,
10,18|6|3|3|3|3|2|2,8,0,-1,a0,
10,18|5|5|5|4|1|1|1,8,15,84756,silent,84741
10,18|5|5|5|3|2|1|1,8,19,214272,silent,214253
10,18|5|5|5|2|2|2|1,8,7,104530,silent,104523
10,18|5|5|4|4|2|1|1,8,23,215960,silent,215937
10,18|5|5|4|3|3|1|1,8,8,227972,silent,227964
10,18|5|5|4|3|2|2|1,8,21,324992,silent,324971
10,18|5|5|4|2|2|2|2,8,5,87834,silent,87829
10,18|5|5|3|3|3|2|1,8,2,159623,silent,159621
10,18|5|5|3|3|2|2|2,8,5,101542,silent,101537
10,18|5|4|4|4|3|1|1,8,6,115821,silent,115815
10,18|5|4|4|4|2|2|1,8,14,134905,silent,134891
10,18|5|4|4|3|3|2|1,8,4,193386,silent,193382
10,18|5|4|4|3|2|2|2,8,8,115430,silent,115422
10,18|5|4|3|3|3|3|1,8,0,-1,a0,
10,18|5|4|3|3|3|2|2,8,0,-1,a0,
10,18|5|3|3|3|3|3|2,8,0,-1,a0,
10,18|4|4|4|4|4|1|1,8,0,-1,a0,
10,18|4|4|4|4|3|2|1,8,2,40052,silent,40050
10,18|4|4|4|4|2|2|2,8,6,19735,silent,19729
10,18|4|4|4|3|3|3|1,8,0,-1,a0,
10,18|4|4|4|3|3|2|2,8,0,-1,a0,
10,18|4|4|3|3|3|3|2,8,0,-1,a0,
10,18|4|3|3|3|3|3|3,8,0,-1,a0,
10,17|17|1|1|1|1|1|1,8,0,-1,a0,
10,17|16|2|1|1|1|1|1,8,0,-1,a0,
10,17|15|3|1|1|1|1|1,8,0,-1,a0,
10,17|15|2|2|1|1|1|1,8,0,-1,a0,
10,17|14|4|1|1|1|1|1,8,0,-1,a0,
10,17|14|3|2|1|1|1|1,8,0,-1,a0,
10,17|14|2|2|2|1|1|1,8,0,-1,a0,
10,17|13|5|1|1|1|1|1,8,0,-1,a0,
10,17|13|4|2|1|1|1|1,8,1,32849,silent,32848
10,17|13|3|3|1|1|1|1,8,4,20583,silent,20579
10,17|13|3|2|2|1|1|1,8,6,27727,silent,27721
10,17|13|2|2|2|2|1|1,8,6,7236,silent,7230
10,17|12|6|1|1|1|1|1,8,1,22959,silent,22958
10,17|12|5|2|1|1|1|1,8,9,80449,silent,80440
10,17|12|4|3|1|1|1|1,8,12,93787,silent,93775
10,17|12|4|2|2|1|1|1,8,21,100582,silent,100561
10,17|12|3|3|2|1|1|1,8,22,79801,silent,79779
10,17|12|3|2|2|2|1|1,8,27,52164,silent,52137
10,17|12|2|2|2|2|2|1,8,14,9072,silent,9058
10,17|11|7|1|1|1|1|1,8,2,30348,silent,30346
10,17|11|6|2|1|1|1|1,8,17,136903,silent,136886
10,17|11|5|3|1|1|1|1,8,37,230090,silent,230053
10,17|11|5|2|2|1|1|1,8,55,230200,silent,230145
10,17|11|4|4|1|1|1|1,8,11,124125,silent,124114
10,17|11|4|3|2|1|1|1,8,69,346386,silent,346317
10,17|11|4|2|2|2|1|1,8,69,177813,silent,177744
10,17|11|3|3|3|1|1|1,8,21,98769,silent,98748
10,17|11|3|3|2|2|1|1,8,43,153297,silent,153254
10,17|11|3|2|2|2|2|1,8,41,60488,silent,60447
10,17|11|2|2|2|2|2|2,8,10,6349,silent,6339
10,17|10|8|1|1|1|1|1,8,4,27621,silent,27617
10,17|10|7|2|1|1|1|1,8,23,160103,silent,160080
10,17|10|6|3|1|1|1|1,8,59,363251,silent,363192
10,17|10|6|2|2|1|1|1,8,72,350406,silent,350334
10,17|10|5|4|1|1|1|1,8,54,355738,silent,355684
10,17|10|5|3|2|1|1|1,8,154,781611,silent,781457
10,17|10|5|2|2|2|1|1,8,117,369053,silent,368936
10,17|10|4|4|2|1|1|1,8,65,457363,silent,457298
10,17|10|4|3|3|1|1|1,8,64,428481,silent,428417
10,17|10|4|3|2|2|1|1,8,135,614972,silent,614837
10,17|10|4|2|2|2|2|1,8,87,189034,silent,188947
10,17|10|3|3|3|2|1|1,8,28,226968,silent,226940
10,17|10|3|3|2|2|2|1,8,38,168685,silent,168647
10,17|10|3|2|2|2|2|2,8,23,37932,silent,37909
10,17|9|9|1|1|1|1|1,8,0,-1,a0,
10,17|9|8|2|1|1|1|1,8,17,111304,silent,111287
10,17|9|7|3|1|1|1|1,8,54,359053,silent,358999
10,17|9|7|2|2|1|1|1,8,75,342446,silent,342371
10,17|9|6|4|1|1|1|1,8,72,528979,silent,528907
10,17|9|6|3|2|1|1|1,8,189,1070137,silent,1069948
10,17|9|6|2|2|2|1|1,8,133,486502,silent,486369
10,17|9|5|5|1|1|1|1,8,49,268536,silent,268487
10,17|9|5|4|2|1|1|1,8,191,1177634,silent,1177443
10,17|9|5|3|3|1|1|1,8,123,885190,silent,885067
10,17|9|5|3|2|2|1|1,8,238,1232748,silent,1232510
10,17|9|5|2|2|2|2|1,8,112,345471,silent,345359
10,17|9|4|4|3|1|1|1,8,67,656932,silent,656865
10,17|9|4|4|2|2|1|1,8,127,757268,silent,757141
10,17|9|4|3|3|2|1|1,8,94,893029,silent,892935
10,17|9|4|3|2|2|2|1,8,119,611431,silent,611312
10,17|9|4|2|2|2|2|2,8,42,106069,silent,106027
10,17|9|3|3|3|3|1|1,8,6,156855,silent,156849
10,17|9|3|3|3|2|2|1,8,12,249289,silent,249277
10,17|9|3|3|2|2|2|2,8,13,96099,silent,96086
10,17|8|8|3|1|1|1|1,8,27,153594,silent,153567
10,17|8|8|2|2|1|1|1,8,25,144236,silent,144211
10,17|8|7|4|1|1|1|1,8,57,412521,silent,412464
10,17|8|7|3|2|1|1|1,8,135,807771,silent,807636
10,17|8|7|2|2|2|1|1,8,92,361098,silent,361006
10,17|8|6|5|1|1|1|1,8,62,420425,silent,420363
10,17|8|6|4|2|1|1|1,8,202,1443414,silent,1443212
10,17|8|6|3|3|1|1|1,8,134,1014622,silent,1014488
10,17|8|6|3|2|2|1|1,8,233,1387661,silent,1387428
10,17|8|6|2|2|2|2|1,8,109,374692,silent,374583
10,17|8|5|5|2|1|1|1,8,134,791514,silent,791380
10,17|8|5|4|3|1|1|1,8,175,1492515,silent,1492340
10,17|8|5|4|2|2|1|1,8,249,1669730,silent,1669481
10,17|8|5|3|3|2|1|1,8,157,1585217,silent,1585060
10,17|8|5|3|2|2|2|1,8,163,1045278,silent,1045115
10,17|8|5|2|2|2|2|2,8,45,164729,silent,164684
10,17|8|4|4|4|1|1|1,8,27,368733,silent,368706
10,17|8|4|4|3|2|1|1,8,114,1244473,silent,1244359
10,17|8|4|4|2|2|2|1,8,109,671696,silent,671587
10,17|8|4|3|3|3|1|1,8,22,561182,silent,561160
10,17|8|4|3|3|2|2|1,8,53,860392,silent,860339
10,17|8|4|3|2|2|2|2,8,44,306395,silent,306351
10,17|8|3|3|3|3|2|1,8,1,200968,silent,200967
10,17|8|3|3|3|2|2|2,8,1,132131,silent,132130
10,17|7|7|5|1|1|1|1,8,27,208450,silent,208423
10,17|7|7|4|2|1|1|1,8,101,671725,silent,671624
10,17|7|7|3|3|1|1|1,8,49,459224,silent,459175
10,17|7|7|3|2|2|1|1,8,107,626989,silent,626882
10,17|7|7|2|2|2|2|1,8,40,165909,silent,165869
10,17|7|6|6|1|1|1|1,8,13,140484,silent,140471
10,17|7|6|5|2|1|1|1,8,124,915030,silent,914906
10,17|7|6|4|3|1|1|1,8,145,1383143,silent,1382998
10,17|7|6|4|2|2|1|1,8,208,1524850,silent,1524642
10,17|7|6|3|3|2|1|1,8,125,1357509,silent,1357384
10,17|7|6|3|2|2|2|1,8,126,880156,silent,880030
10,17|7|6|2|2|2|2|2,8,32,133661,silent,133629
10,17|7|5|5|3|1|1|1,8,111,883447,silent,883336
10,17|7|5|5|2|2|1|1,8,125,923206,silent,923081
10,17|7|5|4|4|1|1|1,8,77,734535,silent,734458
10,17|7|5|4|3|2|1|1,8,204,2286510,silent,2286306
10,17|7|5|4|2|2|2|1,8,143,1189023,silent,1188880
10,17|7|5|3|3|3|1|1,8,30,816213,silent,816183
10,17|7|5|3|3|2|2|1,8,73,1235468,silent,1235395
10,17|7|5|3|2|2|2|2,8,42,421333,silent,421291
10,17|7|4|4|4|2|1|1,8,54,646910,silent,646856
10,17|7|4|4|3|3|1|1,8,29,720280,silent,720251
10,17|7|4|4|3|2|2|1,8,77,1028406,silent,1028329
10,17|7|4|4|2|2|2|2,8,38,286869,silent,286831
10,17|7|4|3|3|3|2|1,8,6,603615,silent,603609
10,17|7|4|3|3|2|2|2,8,12,383911,silent,383899
10,17|7|3|3|3|3|3|1,8,0,-1,a0,
10,17|7|3|3|3|3|2|2,8,0,-1,a0,
10,17|6|6|6|2|1|1|1,8,13,176236,silent,176223
10,17|6|6|5|3|1|1|1,8,64,587096,silent,587032
10,17|6|6|5|2|2|1|1,8,69,603425,silent,603356
10,17|6|6|4|4|1|1|1,8,27,403259,silent,403232
10,17|6|6|4|3|2|1|1,8,103,1223654,silent,1223551
10,17|6|6|4|2|2|2|1,8,79,628108,silent,628029
10,17|6|6|3|3|3|1|1,8,21,411189,silent,411168
10,17|6|6|3|3|2|2|1,8,33,615505,silent,615472
10,17|6|6|3|2|2|2|2,8,24,208197,silent,208173
10,17|6|5|5|4|1|1|1,8,52,404209,silent,404157
10,17|6|5|5|3|2|1|1,8,88,998821,silent,998733
10,17|6|5|5|2|2|2|1,8,39,479795,silent,479756
10,17|6|5|4|4|2|1|1,8,75,929672,silent,929597
10,17|6|5|4|3|3|1|1,8,46,968066,silent,968020
10,17|6|5|4|3|2|2|1,8,84,1364279,silent,1364195
10,17|6|5|4|2|2|2|2,8,32,365213,silent,365181
10,17|6|5|3|3|3|2|1,8,10,641580,silent,641570
10,17|6|5|3|3|2|2|2,8,11,401289,silent,401278
10,17|6|4|4|4|3|1|1,8,19,383848,silent,383829
10,17|6|4|4|4|2|2|1,8,40,443297,silent,443257
10,17|6|4|4|3|3|2|1,8,14,622905,silent,622891
10,17|6|4|4|3|2|2|2,8,21,367090,silent,367069
10,17|6|4|3|3|3|3|1,8,0,-1,a0,
10,17|6|4|3|3|3|2|2,8,0,-1,a0,
10,17|6|3|3|3|3|3|2,8,0,-1,a0,
10,17|5|5|5|5|1|1|1,8,6,48407,silent,48401
10,17|5|5|5|4|2|1|1,8,25,285421,silent,285396
10,17|5|5|5|3|3|1|1,8,11,241116,silent,241105
10,17|5|5|5|3|2|2|1,8,14,331862,silent,331848
10,17|5|5|5|2|2|2|2,8,1,80942,silent,80941
10,17|5|5|4|4|3|1|1,8,20,305079,silent,305059
10,17|5|5|4|4|2|2|1,8,19,346346,silent,346327
10,17|5|5|4|3|3|2|1,8,11,461080,silent,461069
10,17|5|5|4|3|2|2|2,8,9,267037,silent,267028
10,17|5|5|3|3|3|3|1,8,0,-1,a0,
10,17|5|5|3|3|3|2|2,8,1,144997,silent,144996
10,17|5|4|4|4|4|1|1,8,6,67935,silent,67929
10,17|5|4|4|4|3|2|1,8,13,245336,silent,245323
10,17|5|4|4|4|2|2|2,8,10,114909,silent,114899
10,17|5|4|4|3|3|3|1,8,0,-1,a0,
10,17|5|4|4|3|3|2|2,8,2,176693,silent,176691
10,17|5|4|3|3|3|3|2,8,0,-1,a0,
10,17|5|3|3|3|3|3|3,8,0,-1,a0,
10,17|4|4|4|4|4|2|1,8,4,25726,silent,25722
10,17|4|4|4|4|3|3|1,8,0,-1,a0,
10,17|4|4|4|4|3|2|2,8,3,38217,silent,38214
10,17|4|4|4|3|3|3|2,8,0,-1,a0,
10,17|4|4|3|3|3|3|3,8,0,-1,a0,
10,16|16|3|1|1|1|1|1,8,0,-1,a0,
10,16|16|2|2|1|1|1|1,8,0,-1,a0,
10,16|15|4|1|1|1|1|1,8,0,-1,a0,
10,16|15|3|2|1|1|1|1,8,0,-1,a0,
10,16|15|2|2|2|1|1|1,8,0,-1,a0,
10,16|14|5|1|1|1|1|1,8,0,-1,a0,
10,16|14|4|2|1|1|1|1,8,2,22846,silent,22844
10,16|14|3|3|1|1|1|1,8,1,14089,silent,14088
10,16|14|3|2|2|1|1|1,8,5,19079,silent,19074
10,16|14|2|2|2|2|1|1,8,2,4848,silent,4846
10,16|13|6|1|1|1|1|1,8,1,18848,silent,18847
10,16|13|5|2|1|1|1|1,8,8,65665,silent,65657
10,16|13|4|3|1|1|1|1,8,11,76264,silent,76253
10,16|13|4|2|2|1|1|1,8,19,81744,silent,81725
10,16|13|3|3|2|1|1|1,8,19,64667,silent,64648
10,16|13|3|2|2|2|1|1,8,23,42208,silent,42185
10,16|13|2|2|2|2|2|1,8,11,7289,silent,7278
10,16|12|7|1|1|1|1|1,8,2,29516,silent,29514
10,16|12|6|2|1|1|1|1,8,21,130667,silent,130646
10,16|12|5|3|1|1|1|1,8,37,216925,silent,216888
10,16|12|5|2|2|1|1|1,8,55,216454,silent,216399
10,16|12|4|4|1|1|1|1,8,18,116893,silent,116875
10,16|12|4|3|2|1|1|1,8,70,323981,silent,323911
10,16|12|4|2|2|2|1|1,8,60,165310,silent,165250
10,16|12|3|3|3|1|1|1,8,18,91939,silent,91921
10,16|12|3|3|2|2|1|1,8,47,142750,silent,142703
10,16|12|3|2|2|2|2|1,8,35,55966,silent,55931
10,16|12|2|2|2|2|2|2,8,13,5993,silent,5980
10,16|11|8|1|1|1|1|1,8,4,32734,silent,32730
10,16|11|7|2|1|1|1|1,8,29,181043,silent,181014
10,16|11|6|3|1|1|1|1,8,70,399962,silent,399892
10,16|11|6|2|2|1|1|1,8,89,385290,silent,385201
10,16|11|5|4|1|1|1|1,8,64,386555,silent,386491
10,16|11|5|3|2|1|1|1,8,179,845862,silent,845683
10,16|11|5|2|2|2|1|1,8,130,398155,silent,398025
10,16|11|4|4|2|1|1|1,8,78,491801,silent,491723
10,16|11|4|3|3|1|1|1,8,72,458926,silent,458854
10,16|11|4|3|2|2|1|1,8,149,657492,silent,657343
10,16|11|4|2|2|2|2|1,8,87,200885,silent,200798
10,16|11|3|3|3|2|1|1,8,31,241073,silent,241042
10,16|11|3|3|2|2|2|1,8,39,178573,silent,178534
10,16|11|3|2|2|2|2|2,8,21,39727,silent,39706
10,16|10|9|1|1|1|1|1,8,3,22004,silent,22001
10,16|10|8|2|1|1|1|1,8,33,167630,silent,167597
10,16|10|7|3|1|1|1|1,8,84,488320,silent,488236
10,16|10|7|2|2|1|1|1,8,105,463201,silent,463096
10,16|10|6|4|1|1|1|1,8,115,687562,silent,687447
10,16|10|6|3|2|1|1|1,8,259,1380681,silent,1380422
10,16|10|6|2|2|2|1|1,8,160,623678,silent,623518
10,16|10|5|5|1|1|1|1,8,61,342081,silent,342020
10,16|10|5|4|2|1|1|1,8,253,1485315,silent,1485062
10,16|10|5|3|3|1|1|1,8,164,1111761,silent,1111597
10,16|10|5|3|2|2|1|1,8,302,1543195,silent,1542893
10,16|10|5|2|2|2|2|1,8,133,429839,silent,429706
10,16|10|4|4|3|1|1|1,8,99,816361,silent,816262
10,16|10|4|4|2|2|1|1,8,146,937005,silent,936859
10,16|10|4|3|3|2|1|1,8,125,1101560,silent,1101435
10,16|10|4|3|2|2|2|1,8,140,750478,silent,750338
10,16|10|4|2|2|2|2|2,8,52,129611,silent,129559
10,16|10|3|3|3|3|1|1,8,6,191331,silent,191325
10,16|10|3|3|3|2|2|1,8,17,303363,silent,303346
10,16|10|3|3|2|2|2|2,8,11,115952,silent,115941
10,16|9|9|2|1|1|1|1,8,10,68399,silent,68389
10,16|9|8|3|1|1|1|1,8,62,347214,silent,347152
10,16|9|8|2|2|1|1|1,8,71,326461,silent,326390
10,16|9|7|4|1|1|1|1,8,109,719088,silent,718979
10,16|9|7|3|2|1|1|1,8,251,1396566,silent,1396315
10,16|9|7|2|2|2|1|1,8,159,621029,silent,620870
10,16|9|6|5|1|1|1|1,8,105,671864,silent,671759
10,16|9|6|4|2|1|1|1,8,344,2273086,silent,2272742
10,16|9|6|3|3|1|1|1,8,213,1585304,silent,1585091
10,16|9|6|3|2|2|1|1,8,365,2162398,silent,2162033
10,16|9|6|2|2|2|2|1,8,148,578454,silent,578306
10,16|9|5|5|2|1|1|1,8,205,1203528,silent,1203323
10,16|9|5|4|3|1|1|1,8,272,2238950,silent,2238678
10,16|9|5|4|2|2|1|1,8,375,2496669,silent,2496294
10,16|9|5|3|3|2|1|1,8,235,2352712,silent,2352477
10,16|9|5|3|2|2|2|1,8,223,1543367,silent,1543144
10,16|9|5|2|2|2|2|2,8,53,240050,silent,239997
10,16|9|4|4|4|1|1|1,8,49,541370,silent,541321
10,16|9|4|4|3|2|1|1,8,171,1814136,silent,1813965
10,16|9|4|4|2|2|2|1,8,144,973427,silent,973283
10,16|9|4|3|3|3|1|1,8,34,810306,silent,810272
10,16|9|4|3|3|2|2|1,8,78,1239042,silent,1238964
10,16|9|4|3|2|2|2|2,8,53,437451,silent,437398
10,16|9|3|3|3|3|2|1,8,2,284845,silent,284843
10,16|9|3|3|3|2|2|2,8,3,186618,silent,186615
10,16|8|8|4|1|1|1|1,8,55,314761,silent,314706
10,16|8|8|3|2|1|1|1,8,101,599715,silent,599614
10,16|8|8|2|2|2|1|1,8,51,262984,silent,262933
10,16|8|7|5|1|1|1|1,8,84,575578,silent,575494
10,16|8|7|4|2|1|1|1,8,264,1801640,silent,1801376
10,16|8|7|3|3|1|1|1,8,149,1221064,silent,1220915
10,16|8|7|3|2|2|1|1,8,263,1653585,silent,1653322
10,16|8|7|2|2|2|2|1,8,99,433770,silent,433671
10,16|8|6|6|1|1|1|1,8,42,310526,silent,310484
10,16|8|6|5|2|1|1|1,8,265,1923781,silent,1923516
10,16|8|6|4|3|1|1|1,8,317,2843345,silent,2843028
10,16|8|6|4|2|2|1|1,8,394,3116330,silent,3115936
10,16|8|6|3|3|2|1|1,8,261,2746805,silent,2746544
10,16|8|6|3|2|2|2|1,8,232,1767851,silent,1767619
10,16|8|6|2|2|2|2|2,8,63,265872,silent,265809
10,16|8|5|5|3|1|1|1,8,204,1684585,silent,1684381
10,16|8|5|5|2|2|1|1,8,232,1750895,silent,1750663
10,16|8|5|4|4|1|1|1,8,139,1374059,silent,1373920
10,16|8|5|4|3|2|1|1,8,374,4240461,silent,4240087
10,16|8|5|4|2|2|2|1,8,246,2190125,silent,2189879
10,16|8|5|3|3|3|1|1,8,62,1494195,silent,1494133
10,16|8|5|3|3|2|2|1,8,128,2250435,silent,2250307
10,16|8|5|3|2|2|2|2,8,66,761218,silent,761152
10,16|8|4|4|4|2|1|1,8,88,1150701,silent,1150613
10,16|8|4|4|3|3|1|1,8,64,1273649,silent,1273585
10,16|8|4|4|3|2|2|1,8,123,1810037,silent,1809914
10,16|8|4|4|2|2|2|2,8,65,500923,silent,500858
10,16|8|4|3|3|3|2|1,8,14,1047963,silent,1047949
10,16|8|4|3|3|2|2|2,8,16,661679,silent,661663
10,16|8|3|3|3|3|3|1,8,0,-1,a0,
10,16|8|3|3|3|3|2|2,8,0,-1,a0,
10,16|7|7|6|1|1|1|1,8,22,192350,silent,192328
10,16|7|7|5|2|1|1|1,8,133,968905,silent,968772
10,16|7|7|4|3|1|1|1,8,141,1340946,silent,1340805
10,16|7|7|4|2|2|1|1,8,198,1465299,silent,1465101
10,16|7|7|3|3|2|1|1,8,102,1255944,silent,1255842
10,16|7|7|3|2|2|2|1,8,96,802786,silent,802690
10,16|7|7|2|2|2|2|2,8,11,116748,silent,116737
10,16|7|6|6|2|1|1|1,8,69,663378,silent,663309
10,16|7|6|5|3|1|1|1,8,206,2006868,silent,2006662
10,16|7|6|5|2|2|1|1,8,232,2052667,silent,2052435
10,16|7|6|4|4|1|1|1,8,120,1335452,silent,1335332
10,16|7|6|4|3|2|1|1,8,324,3988749,silent,3988425
10,16|7|6|4|2|2|2|1,8,210,2025745,silent,2025535
10,16|7|6|3|3|3|1|1,8,54,1306612,silent,1306558
10,16|7|6|3|3|2|2|1,8,106,1951178,silent,1951072
10,16|7|6|3|2|2|2|2,8,55,648950,silent,648895
10,16|7|5|5|4|1|1|1,8,118,1070226,silent,1070108
10,16|7|5|5|3|2|1|1,8,210,2608450,silent,2608240
10,16|7|5|5|2|2|2|1,8,98,1241547,silent,1241449
10,16|7|5|4|4|2|1|1,8,188,2347573,silent,2347385
10,16|7|5|4|3|3|1|1,8,108,2415636,silent,2415528
10,16|7|5|4|3|2|2|1,8,193,3386914,silent,3386721
10,16|7|5|4|2|2|2|2,8,59,894130,silent,894071
10,16|7|5|3|3|3|2|1,8,25,1556789,silent,1556764
10,16|7|5|3|3|2|2|2,8,28,967168,silent,967140
10,16|7|4|4|4|3|1|1,8,48,879475,silent,879427
10,16|7|4|4|4|2|2|1,8,74,1008386,silent,1008312
10,16|7|4|4|3|3|2|1,8,33,1402622,silent,1402589
10,16|7|4|4|3|2|2|2,8,37,818996,silent,818959
10,16|7|4|3|3|3|3|1,8,0,-1,a0,
10,16|7|4|3|3|3|2|2,8,1,527874,silent,527873
10,16|7|3|3|3|3|3|2,8,0,-1,a0,
10,16|6|6|6|3|1|1|1,8,31,406708,silent,406677
10,16|6|6|6|2|2|1|1,8,31,401958,silent,401927
10,16|6|6|5|4|1|1|1,8,61,737643,silent,737582
10,16|6|6|5|3|2|1|1,8,134,1750033,silent,1749899
10,16|6|6|5|2|2|2|1,8,71,821831,silent,821760
10,16|6|6|4|4|2|1|1,8,81,1303421,silent,1303340
10,16|6|6|4|3|3|1|1,8,66,1315296,silent,1315230
10,16|6|6|4|3|2|2|1,8,103,1828749,silent,1828646
10,16|6|6|4|2|2|2|2,8,47,479279,silent,479232
10,16|6|6|3|3|3|2|1,8,13,787978,silent,787965
10,16|6|6|3|3|2|2|2,8,8,484314,silent,484306
10,16|6|5|5|5|1|1|1,8,30,238620,silent,238590
10,16|6|5|5|4|2|1|1,8,102,1336475,silent,1336373
10,16|6|5|5|3|3|1|1,8,51,1112166,silent,1112115
10,16|6|5|5|3|2|2|1,8,66,1514713,silent,1514647
10,16|6|5|5|2|2|2|2,8,10,366047,silent,366037
10,16|6|5|4|4|3|1|1,8,68,1300195,silent,1300127
10,16|6|5|4|4|2|2|1,8,84,1468350,silent,1468266
10,16|6|5|4|3|3|2|1,8,46,1916404,silent,1916358
10,16|6|5|4|3|2|2|2,8,35,1099089,silent,1099054
10,16|6|5|3|3|3|3|1,8,1,431590,silent,431589
10,16|6|5|3|3|3|2|2,8,3,569022,silent,569019
10,16|6|4|4|4|4|1|1,8,12,224350,silent,224338
10,16|6|4|4|4|3|2|1,8,35,799196,silent,799161
10,16|6|4|4|4|2|2|2,8,30,370667,silent,370637
10,16|6|4|4|3|3|3|1,8,2,436421,silent,436419
10,16|6|4|4|3|3|2|2,8,4,558656,silent,558652
10,16|6|4|3|3|3|3|2,8,0,-1,a0,
10,16|6|3|3|3|3|3|3,8,0,-1,a0,
10,16|5|5|5|5|2|1|1,8,9,169410,silent,169401
10,16|5|5|5|4|3|1|1,8,22,417799,silent,417777
10,16|5|5|5|4|2|2|1,8,14,458424,silent,458410
10,16|5|5|5|3|3|2|1,8,11,489078,silent,489067
10,16|5|5|5|3|2|2|2,8,5,271222,silent,271217
10,16|5|5|4|4|4|1|1,8,16,186924,silent,186908
10,16|5|5|4|4|3|2|1,8,22,640182,silent,640160
10,16|5|5|4|4|2|2|2,8,5,289077,silent,289072
10,16|5|5|4|3|3|3|1,8,2,327276,silent,327274
10,16|5|5|4|3|3|2|2,8,6,419764,silent,419758
10,16|5|5|3|3|3|3|2,8,0,-1,a0,
10,16|5|4|4|4|4|2|1,8,14,159486,silent,159472
10,16|5|4|4|4|3|3|1,8,4,191275,silent,191271
10,16|5|4|4|4|3|2|2,8,8,229834,silent,229826
10,16|5|4|4|3|3|3|2,8,0,-1,a0,
10,16|5|4|3|3|3|3|3,8,0,-1,a0,
10,16|4|4|4|4|4|3|1,8,2,26103,silent,26101
10,16|4|4|4|4|4|2|2,8,6,26447,silent,26441
10,16|4|4|4|4|3|3|2,8,0,-1,a0,
10,16|4|4|4|3|3|3|3,8,0,-1,a0,
10,15|15|5|1|1|1|1|1,8,0,-1,a0,
10,15|15|4|2|1|1|1|1,8,0,-1,a0,
10,15|15|3|3|1|1|1|1,8,2,5129,silent,5127
10,15|15|3|2|2|1|1|1,8,1,6822,silent,6821
10,15|15|2|2|2|2|1|1,8,3,1839,silent,1836
10,15|14|6|1|1|1|1|1,8,1,10707,silent,10706
10,15|14|5|2|1|1|1|1,8,5,37108,silent,37103
10,15|14|4|3|1|1|1|1,8,7,42987,silent,42980
10,15|14|4|2|2|1|1|1,8,11,46009,silent,45998
10,15|14|3|3|2|1|1|1,8,11,36366,silent,36355
10,15|14|3|2|2|2|1|1,8,13,23688,silent,23675
10,15|14|2|2|2|2|2|1,8,6,4084,silent,4078
10,15|13|7|1|1|1|1|1,8,2,21511,silent,21509
10,15|13|6|2|1|1|1|1,8,14,94310,silent,94296
10,15|13|5|3|1|1|1|1,8,31,156312,silent,156281
10,15|13|5|2|2|1|1|1,8,42,155828,silent,155786
10,15|13|4|4|1|1|1|1,8,9,83527,silent,83518
10,15|13|4|3|2|1|1|1,8,53,232334,silent,232281
10,15|13|4|2|2|2|1|1,8,50,118895,silent,118845
10,15|13|3|3|3|1|1|1,8,17,65864,silent,65847
10,15|13|3|3|2|2|1|1,8,28,101669,silent,101641
10,15|13|3|2|2|2|2|1,8,26,39886,silent,39860
10,15|13|2|2|2|2|2|2,8,4,4052,silent,4048
10,15|12|8|1|1|1|1|1,8,4,29825,silent,29821
10,15|12|7|2|1|1|1|1,8,29,160251,silent,160222
10,15|12|6|3|1|1|1|1,8,67,348390,silent,348323
10,15|12|6|2|2|1|1|1,8,80,334834,silent,334754
10,15|12|5|4|1|1|1|1,8,60,334032,silent,333972
10,15|12|5|3|2|1|1|1,8,161,728625,silent,728464
10,15|12|5|2|2|2|1|1,8,110,341986,silent,341876
10,15|12|4|4|2|1|1|1,8,71,421900,silent,421829
10,15|12|4|3|3|1|1|1,8,66,393020,silent,392954
10,15|12|4|3|2|2|1|1,8,129,562110,silent,561981
10,15|12|4|2|2|2|2|1,8,72,171232,silent,171160
10,15|12|3|3|3|2|1|1,8,28,205464,silent,205436
10,15|12|3|3|2|2|2|1,8,33,151803,silent,151770
10,15|12|3|2|2|2|2|2,8,17,33667,silent,33650
10,15|11|9|1|1|1|1|1,8,3,26823,silent,26820
10,15|11|8|2|1|1|1|1,8,36,185261,silent,185225
10,15|11|7|3|1|1|1|1,8,98,515702,silent,515604
10,15|11|7|2|2|1|1|1,8,118,488557,silent,488439
10,15|11|6|4|1|1|1|1,8,117,707762,silent,707645
10,15|11|6|3|2|1|1|1,8,279,1417983,silent,1417704
10,15|11|6|2|2|2|1|1,8,176,639869,silent,639693
10,15|11|5|5|1|1|1|1,8,72,349514,silent,349442
10,15|11|5|4|2|1|1|1,8,269,1505893,silent,1505624
10,15|11|5|3|3|1|1|1,8,173,1123705,silent,1123532
10,15|11|5|3|2|2|1|1,8,301,1556866,silent,1556565
10,15|11|5|2|2|2|2|1,8,125,431841,silent,431716
10,15|11|4|4|3|1|1|1,8,97,819426,silent,819329
10,15|11|4|4|2|2|1|1,8,164,941140,silent,940976
10,15|11|4|3|3|2|1|1,8,124,1100629,silent,1100505
10,15|11|4|3|2|2|2|1,8,134,748210,silent,748076
10,15|11|4|2|2|2|2|2,8,38,127563,silent,127525
10,15|11|3|3|3|3|1|1,8,10,190514,silent,190504
10,15|11|3|3|3|2|2|1,8,16,300894,silent,300878
10,15|11|3|3|2|2|2|2,8,15,115063,silent,115048
10,15|10|10|1|1|1|1|1,8,4,11188,silent,11184
10,15|10|9|2|1|1|1|1,8,26,127536,silent,127510
10,15|10|8|3|1|1|1|1,8,99,493335,silent,493236
10,15|10|8|2|2|1|1|1,8,101,461663,silent,461562
10,15|10|7|4|1|1|1|1,8,158,927742,silent,927584
10,15|10|7|3|2|1|1|1,8,331,1789777,silent,1789446
10,15|10|7|2|2|2|1|1,8,192,791549,silent,791357
10,15|10|6|5|1|1|1|1,8,141,831748,silent,831607
10,15|10|6|4|2|1|1|1,8,435,2785783,silent,2785348
10,15|10|6|3|3|1|1|1,8,273,1935037,silent,1934764
10,15|10|6|3|2|2|1|1,8,438,2632158,silent,2631720
10,15|10|6|2|2|2|2|1,8,169,700582,silent,700413
10,15|10|5|5|2|1|1|1,8,248,1448404,silent,1448156
10,15|10|5|4|3|1|1|1,8,337,2672800,silent,2672463
10,15|10|5|4|2|2|1|1,8,436,2972449,silent,2972013
10,15|10|5|3|3|2|1|1,8,285,2790597,silent,2790312
10,15|10|5|3|2|2|2|1,8,253,1824006,silent,1823753
10,15|10|5|2|2|2|2|2,8,59,282281,silent,282222
10,15|10|4|4|4|1|1|1,8,59,637773,silent,637714
10,15|10|4|4|3|2|1|1,8,203,2129072,silent,2128869
10,15|10|4|4|2|2|2|1,8,159,1138513,silent,1138354
10,15|10|4|3|3|3|1|1,8,44,946188,silent,946144
10,15|10|4|3|3|2|2|1,8,89,1443265,silent,1443176
10,15|10|4|3|2|2|2|2,8,57,507189,silent,507132
10,15|10|3|3|3|3|2|1,8,3,328817,silent,328814
10,15|10|3|3|3|2|2|2,8,3,214506,silent,214503
10,15|9|9|3|1|1|1|1,8,37,205375,silent,205338
10,15|9|9|2|2|1|1|1,8,48,192871,silent,192823
10,15|9|8|4|1|1|1|1,8,113,682403,silent,682290
10,15|9|8|3|2|1|1|1,8,231,1293734,silent,1293503
10,15|9|8|2|2|2|1|1,8,127,566652,silent,566525
10,15|9|7|5|1|1|1|1,8,155,970426,silent,970271
10,15|9|7|4|2|1|1|1,8,456,2992436,silent,2991980
10,15|9|7|3|3|1|1|1,8,255,2013443,silent,2013188
10,15|9|7|3|2|2|1|1,8,419,2719182,silent,2718763
10,15|9|7|2|2|2|2|1,8,143,707669,silent,707526
10,15|9|6|6|1|1|1|1,8,62,484468,silent,484406
10,15|9|6|5|2|1|1|1,8,414,2930538,silent,2930124
10,15|9|6|4|3|1|1|1,8,478,4272824,silent,4272346
10,15|9|6|4|2|2|1|1,8,606,4673714,silent,4673108
10,15|9|6|3|3|2|1|1,8,376,4086890,silent,4086514
10,15|9|6|3|2|2|2|1,8,315,2619507,silent,2619192
10,15|9|6|2|2|2|2|2,8,64,388216,silent,388152
10,15|9|5|5|3|1|1|1,8,298,2447225,silent,2446927
10,15|9|5|5|2|2|1|1,8,310,2533364,silent,2533054
10,15|9|5|4|4|1|1|1,8,205,1975282,silent,1975077
10,15|9|5|4|3|2|1|1,8,530,6060509,silent,6059979
10,15|9|5|4|2|2|2|1,8,322,3115899,silent,3115577
10,15|9|5|3|3|3|1|1,8,94,2118255,silent,2118161
10,15|9|5|3|3|2|2|1,8,178,3181886,silent,3181708
10,15|9|5|3|2|2|2|2,8,85,1070046,silent,1069961
10,15|9|4|4|4|2|1|1,8,134,1611004,silent,1610870
10,15|9|4|4|3|3|1|1,8,80,1771427,silent,1771347
10,15|9|4|4|3|2|2|1,8,166,2513555,silent,2513389
10,15|9|4|4|2|2|2|2,8,62,688543,silent,688481
10,15|9|4|3|3|3|2|1,8,22,1443689,silent,1443667
10,15|9|4|3|3|2|2|2,8,25,909084,silent,909059
10,15|9|3|3|3|3|3|1,8,0,-1,a0,
10,15|9|3|3|3|3|2|2,8,0,-1,a0,
10,15|8|8|5|1|1|1|1,8,73,441913,silent,441840
10,15|8|8|4|2|1|1|1,8,183,1317276,silent,1317093
10,15|8|8|3|3|1|1|1,8,117,878052,silent,877935
10,15|8|8|3|2|2|1|1,8,166,1177468,silent,1177302
10,15|8|8|2|2|2|2|1,8,63,304652,silent,304589
10,15|8|7|6|1|1|1|1,8,72,534686,silent,534614
10,15|8|7|5|2|1|1|1,8,342,2557123,silent,2556781
10,15|8|7|4|3|1|1|1,8,371,3462973,silent,3462602
10,15|8|7|4|2|2|1|1,8,452,3758883,silent,3758431
10,15|8|7|3|3|2|1|1,8,274,3195345,silent,3195071
10,15|8|7|3|2|2|2|1,8,224,2028353,silent,2028129
10,15|8|7|2|2|2|2|2,8,43,294450,silent,294407
10,15|8|6|6|2|1|1|1,8,152,1404078,silent,1403926
10,15|8|6|5|3|1|1|1,8,417,4060930,silent,4060513
10,15|8|6|5|2|2|1|1,8,441,4133262,silent,4132821
10,15|8|6|4|4|1|1|1,8,232,2652464,silent,2652232
10,15|8|6|4|3|2|1|1,8,620,7857032,silent,7856412
10,15|8|6|4|2|2|2|1,8,376,3966045,silent,3965669
10,15|8|6|3|3|3|1|1,8,113,2541349,silent,2541236
10,15|8|6|3|3|2|2|1,8,194,3779796,silent,3779602
10,15|8|6|3|2|2|2|2,8,94,1248101,silent,1248007
10,15|8|5|5|4|1|1|1,8,205,1972588,silent,1972383
10,15|8|5|5|3|2|1|1,8,370,4768285,silent,4767915
10,15|8|5|5|2|2|2|1,8,169,2255879,silent,2255710
10,15|8|5|4|4|2|1|1,8,313,4212360,silent,4212047
10,15|8|5|4|3|3|1|1,8,199,4309839,silent,4309640
10,15|8|5|4|3|2|2|1,8,321,6019589,silent,6019268
10,15|8|5|4|2|2|2|2,8,100,1578874,silent,1578774
10,15|8|5|3|3|3|2|1,8,46,2731511,silent,2731465
10,15|8|5|3|3|2|2|2,8,41,1687165,silent,1687124
10,15|8|4|4|4|3|1|1,8,78,1506049,silent,1505971
10,15|8|4|4|4|2|2|1,8,116,1721065,silent,1720949
10,15|8|4|4|3|3|2|1,8,57,2378858,silent,2378801
10,15|8|4|4|3|2|2|2,8,54,1381799,silent,1381745
10,15|8|4|3|3|3|3|1,8,1,665784,silent,665783
10,15|8|4|3|3|3|2|2,8,2,879019,silent,879017
10,15|8|3|3|3|3|3|2,8,0,-1,a0,
10,15|7|7|7|1|1|1|1,8,14,95443,silent,95429
10,15|7|7|6|2|1|1|1,8,106,887728,silent,887622
10,15|7|7|5|3|1|1|1,8,199,2076142,silent,2075943
10,15|7|7|5|2|2|1|1,8,221,2103760,silent,2103539
10,15|7|7|4|4|1|1|1,8,127,1284171,silent,1284044
10,15|7|7|4|3|2|1|1,8,281,3745189,silent,3744908
10,15|7|7|4|2|2|2|1,8,155,1874402,silent,1874247
10,15|7|7|3|3|3|1|1,8,41,1175265,silent,1175224
10,15|7|7|3|3|2|2|1,8,89,1746082,silent,1745993
10,15|7|7|3|2|2|2|2,8,34,569270,silent,569236
10,15|7|6|6|3|1|1|1,8,118,1480348,silent,1480230
10,15|7|6|6|2|2|1|1,8,134,1461226,silent,1461092
10,15|7|6|5|4|1|1|1,8,206,2465908,silent,2465702
10,15|7|6|5|3|2|1|1,8,401,5769860,silent,5769459
10,15|7|6|5|2|2|2|1,8,198,2685306,silent,2685108
10,15|7|6|4|4|2|1|1,8,283,4161668,silent,4161385
10,15|7|6|4|3|3|1|1,8,177,4141644,silent,4141467
10,15|7|6|4|3|2|2|1,8,288,5739181,silent,5738893
10,15|7|6|4|2|2|2|2,8,86,1478548,silent,1478462
10,15|7|6|3|3|3|2|1,8,41,2419284,silent,2419243
10,15|7|6|3|3|2|2|2,8,36,1480904,silent,1480868
10,15|7|5|5|5|1|1|1,8,58,624717,silent,624659
10,15|7|5|5|4|2|1|1,8,226,3412571,silent,3412345
10,15|7|5|5|3|3|1|1,8,123,2813600,silent,2813477
10,15|7|5|5|3|2|2|1,8,159,3811502,silent,3811343
10,15|7|5|5|2|2|2|2,8,32,913568,silent,913536
10,15|7|5|4|4|3|1|1,8,160,3177885,silent,3177725
10,15|7|5|4|4|2|2|1,8,176,3570524,silent,3570348
10,15|7|5|4|3|3|2|1,8,106,4612752,silent,4612646
10,15|7|5|4|3|2|2|2,8,73,2627175,silent,2627102
10,15|7|5|3|3|3|3|1,8,3,1013417,silent,1013414
10,15|7|5|3|3|3|2|2,8,7,1330910,silent,1330903
10,15|7|4|4|4|4|1|1,8,35,502200,silent,502165
10,15|7|4|4|4|3|2|1,8,68,1765052,silent,1764984
10,15|7|4|4|4|2|2|2,8,39,808833,silent,808794
10,15|7|4|4|3|3|3|1,8,4,950696,silent,950692
10,15|7|4|4|3|3|2|2,8,13,1215982,silent,1215969
10,15|7|4|3|3|3|3|2,8,0,-1,a0,
10,15|7|3|3|3|3|3|3,8,0,-1,a0,
10,15|6|6|6|4|1|1|1,8,26,547223,silent,547197
10,15|6|6|6|3|2|1|1,8,71,1191381,silent,1191310
10,15|6|6|6|2|2|2|1,8,44,537550,silent,537506
10,15|6|6|5|5|1|1|1,8,40,467786,silent,467746
10,15|6|6|5|4|2|1|1,8,138,2379249,silent,2379111
10,15|6|6|5|3|3|1|1,8,84,1920205,silent,1920121
10,15|6|6|5|3|2|2|1,8,112,2580415,silent,2580303
10,15|6|6|5|2|2|2|2,8,31,612619,silent,612588
10,15|6|6|4|4|3|1|1,8,75,1794740,silent,1794665
10,15|6|6|4|4|2|2|1,8,106,2007069,silent,2006963
10,15|6|6|4|3|3|2|1,8,56,2529926,silent,2529870
10,15|6|6|4|3|2|2|2,8,43,1431127,silent,1431084
10,15|6|6|3|3|3|3|1,8,3,520098,silent,520095
10,15|6|6|3|3|3|2|2,8,2,676840,silent,676838
10,15|6|5|5|5|2|1|1,8,48,808497,silent,808449
10,15|6|5|5|4|3|1|1,8,87,1909608,silent,1909521
10,15|6|5|5|4|2|2|1,8,71,2081600,silent,2081529
10,15|6|5|5|3|3|2|1,8,48,2180029,silent,2179981
10,15|6|5|5|3|2|2|2,8,20,1197390,silent,1197370
10,15|6|5|4|4|4|1|1,8,41,780313,silent,780272
10,15|6|5|4|4|3|2|1,8,84,2649478,silent,2649394
10,15|6|5|4|4|2|2|2,8,38,1191303,silent,1191265
10,15|6|5|4|3|3|3|1,8,10,1325876,silent,1325866
10,15|6|5|4|3|3|2|2,8,16,1685522,silent,1685506
10,15|6|5|3|3|3|3|2,8,0,-1,a0,
10,15|6|4|4|4|4|2|1,8,34,511653,silent,511619
10,15|6|4|4|4|3|3|1,8,10,607142,silent,607132
10,15|6|4|4|4|3|2|2,8,21,725955,silent,725934
10,15|6|4|4|3|3|3|2,8,0,-1,a0,
10,15|6|4|3|3|3|3|3,8,0,-1,a0,
10,15|5|5|5|5|3|1|1,8,10,268375,silent,268365
10,15|5|5|5|5|2|2|1,8,6,274362,silent,274356
10,15|5|5|5|4|4|1|1,8,14,276279,silent,276265
10,15|5|5|5|4|3|2|1,8,18,868872,silent,868854
10,15|5|5|5|4|2|2|2,8,2,376566,silent,376564
10,15|5|5|5|3|3|3|1,8,3,348138,silent,348135
10,15|5|5|5|3|3|2|2,8,4,438754,silent,438750
10,15|5|5|4|4|4|2|1,8,17,425812,silent,425795
10,15|5|5|4|4|3|3|1,8,10,495132,silent,495122
10,15|5|5|4|4|3|2|2,8,9,585754,silent,585745
10,15|5|5|4|3|3|3|2,8,1,387059,silent,387058
10,15|5|5|3|3|3|3|3,8,0,-1,a0,
10,15|5|4|4|4|4|3|1,8,11,160630,silent,160619
10,15|5|4|4|4|4|2|2,8,10,155533,silent,155523
10,15|5|4|4|4|3|3|2,8,2,232742,silent,232740
10,15|5|4|4|3|3|3|3,8,0,-1,a0,
10,15|4|4|4|4|4|4|1,8,4,11320,silent,11316
10,15|4|4|4|4|4|3|2,8,3,34317,silent,34314
10,15|4|4|4|4|3|3|3,8,0,-1,a0,
10,14|14|7|1|1|1|1|1,8,1,7979,silent,7978
10,14|14|6|2|1|1|1|1,8,8,34818,silent,34810
10,14|14|5|3|1|1|1|1,8,10,57033,silent,57023
10,14|14|5|2|2|1|1|1,8,15,56799,silent,56784
10,14|14|4|4|1|1|1|1,8,8,30825,silent,30817
10,14|14|4|3|2|1|1|1,8,20,84639,silent,84619
10,14|14|4|2|2|2|1|1,8,13,42844,silent,42831
10,14|14|3|3|3|1|1|1,8,3,23877,silent,23874
10,14|14|3|3|2|2|1|1,8,15,37245,silent,37230
10,14|14|3|2|2|2|2|1,8,9,14502,silent,14493
10,14|14|2|2|2|2|2|2,8,5,1622,silent,1617
10,14|13|8|1|1|1|1|1,8,3,17799,silent,17796
10,14|13|7|2|1|1|1|1,8,18,94522,silent,94504
10,14|13|6|3|1|1|1|1,8,41,203894,silent,203853
10,14|13|6|2|2|1|1|1,8,49,195946,silent,195897
10,14|13|5|4|1|1|1|1,8,36,194677,silent,194641
10,14|13|5|3|2|1|1|1,8,96,424149,silent,424053
10,14|13|5|2|2|2|1|1,8,66,198950,silent,198884
10,14|13|4|4|2|1|1|1,8,43,245095,silent,245052
10,14|13|4|3|3|1|1|1,8,39,227975,silent,227936
10,14|13|4|3|2|2|1|1,8,76,325963,silent,325887
10,14|13|4|2|2|2|2|1,8,40,99102,silent,99062
10,14|13|3|3|3|2|1|1,8,16,118868,silent,118852
10,14|13|3|3|2|2|2|1,8,19,87762,silent,87743
10,14|13|3|2|2|2|2|2,8,9,19379,silent,19370
10,14|12|9|1|1|1|1|1,8,4,22368,silent,22364
10,14|12|8|2|1|1|1|1,8,33,146957,silent,146924
10,14|12|7|3|1|1|1|1,8,77,398084,silent,398007
10,14|12|7|2|2|1|1|1,8,92,376129,silent,376037
10,14|12|6|4|1|1|1|1,8,103,539774,silent,539671
10,14|12|6|3|2|1|1|1,8,217,1076971,silent,1076754
10,14|12|6|2|2|2|1|1,8,122,484051,silent,483929
10,14|12|5|5|1|1|1|1,8,49,264157,silent,264108
10,14|12|5|4|2|1|1|1,8,205,1135354,silent,1135149
10,14|12|5|3|3|1|1|1,8,132,845950,silent,845818
10,14|12|5|3|2|2|1|1,8,233,1170858,silent,1170625
10,14|12|5|2|2|2|2|1,8,92,324078,silent,323986
10,14|12|4|4|3|1|1|1,8,84,615015,silent,614931
10,14|12|4|4|2|2|1|1,8,108,703826,silent,703718
10,14|12|4|3|3|2|1|1,8,98,823887,silent,823789
10,14|12|4|3|2|2|2|1,8,98,558845,silent,558747
10,14|12|4|2|2|2|2|2,8,35,95719,silent,95684
10,14|12|3|3|3|3|1|1,8,4,141738,silent,141734
10,14|12|3|3|3|2|2|1,8,14,224119,silent,224105
10,14|12|3|3|2|2|2|2,8,6,85114,silent,85108
10,14|11|10|1|1|1|1|1,8,3,15826,silent,15823
10,14|11|9|2|1|1|1|1,8,29,140596,silent,140567
10,14|11|8|3|1|1|1|1,8,101,494165,silent,494064
10,14|11|8|2|2|1|1|1,8,108,462246,silent,462138
10,14|11|7|4|1|1|1|1,8,156,888858,silent,888702
10,14|11|7|3|2|1|1|1,8,325,1709406,silent,1709081
10,14|11|7|2|2|2|1|1,8,185,754518,silent,754333
10,14|11|6|5|1|1|1|1,8,136,780362,silent,780226
10,14|11|6|4|2|1|1|1,8,419,2599470,silent,2599051
10,14|11|6|3|3|1|1|1,8,254,1800089,silent,1799835
10,14|11|6|3|2|2|1|1,8,407,2446156,silent,2445749
10,14|11|6|2|2|2|2|1,8,147,648676,silent,648529
10,14|11|5|5|2|1|1|1,8,230,1337800,silent,1337570
10,14|11|5|4|3|1|1|1,8,314,2456542,silent,2456228
10,14|11|5|4|2|2|1|1,8,401,2728695,silent,2728294
10,14|11|5|3|3|2|1|1,8,260,2554433,silent,2554173
10,14|11|5|3|2|2|2|1,8,222,1666408,silent,1666186
10,14|11|5|2|2|2|2|2,8,46,256458,silent,256412
10,14|11|4|4|4|1|1|1,8,57,582012,silent,581955
10,14|11|4|4|3|2|1|1,8,187,1937673,silent,1937486
10,14|11|4|4|2|2|2|1,8,137,1033800,silent,1033663
10,14|11|4|3|3|3|1|1,8,40,858110,silent,858070
10,14|11|4|3|3|2|2|1,8,81,1307718,silent,1307637
10,14|11|4|3|2|2|2|2,8,47,458003,silent,457956
10,14|11|3|3|3|3|2|1,8,4,296338,silent,296334
10,14|11|3|3|3|2|2|2,8,3,193101,silent,193098
10,14|10|10|2|1|1|1|1,8,16,59250,silent,59234
10,14|10|9|3|1|1|1|1,8,72,351973,silent,351901
10,14|10|9|2|2|1|1|1,8,75,327785,silent,327710
10,14|10|8|4|1|1|1|1,8,167,898761,silent,898594
10,14|10|8|3|2|1|1|1,8,305,1692128,silent,1691823
10,14|10|8|2|2|2|1|1,8,150,736846,silent,736696
10,14|10|7|5|1|1|1|1,8,189,1165745,silent,1165556
10,14|10|7|4|2|1|1|1,8,544,3559513,silent,3558969
10,14|10|7|3|3|1|1|1,8,310,2386457,silent,2386147
10,14|10|7|3|2|2|1|1,8,487,3213990,silent,3213503
10,14|10|7|2|2|2|2|1,8,160,833074,silent,832914
10,14|10|6|6|1|1|1|1,8,87,563524,silent,563437
10,14|10|6|5|2|1|1|1,8,476,3350070,silent,3349594
10,14|10|6|4|3|1|1|1,8,561,4846971,silent,4846410
10,14|10|6|4|2|2|1|1,8,649,5287155,silent,5286506
10,14|10|6|3|3|2|1|1,8,431,4608677,silent,4608246
10,14|10|6|3|2|2|2|1,8,338,2944668,silent,2944330
10,14|10|6|2|2|2|2|2,8,77,435477,silent,435400
10,14|10|5|5|3|1|1|1,8,323,2726472,silent,2726149
10,14|10|5|5|2|2|1|1,8,352,2817783,silent,2817431
10,14|10|5|4|4|1|1|1,8,224,2186777,silent,2186553
10,14|10|5|4|3|2|1|1,8,578,6687129,silent,6686551
10,14|10|5|4|2|2|2|1,8,340,3428708,silent,3428368
10,14|10|5|3|3|3|1|1,8,104,2326170,silent,2326066
10,14|10|5|3|3|2|2|1,8,190,3487625,silent,3487435
10,14|10|5|3|2|2|2|2,8,83,1168639,silent,1168556
10,14|10|4|4|4|2|1|1,8,132,1754213,silent,1754081
10,14|10|4|4|3|3|1|1,8,101,1926784,silent,1926683
10,14|10|4|4|3|2|2|1,8,169,2727441,silent,2727272
10,14|10|4|4|2|2|2|2,8,74,745981,silent,745907
10,14|10|4|3|3|3|2|1,8,25,1559311,silent,1559286
10,14|10|4|3|3|2|2|2,8,22,978378,silent,978356
10,14|10|3|3|3|3|3|1,8,0,-1,a0,
10,14|10|3|3|3|3|2|2,8,1,249251,silent,249250
10,14|9|9|4|1|1|1|1,8,61,383342,silent,383281
10,14|9|9|3|2|1|1|1,8,131,719012,silent,718881
10,14|9|9|2|2|2|1|1,8,74,313327,silent,313253
10,14|9|8|5|1|1|1|1,8,148,909714,silent,909566
10,14|9|8|4|2|1|1|1,8,391,2677556,silent,2677165
10,14|9|8|3|3|1|1|1,8,224,1769868,silent,1769644
10,14|9|8|3|2|2|1|1,8,333,2371494,silent,2371161
10,14|9|8|2|2|2|2|1,8,106,608171,silent,608065
10,14|9|7|6|1|1|1|1,8,122,865171,silent,865049
10,14|9|7|5|2|1|1|1,8,542,4032417,silent,4031875
10,14|9|7|4|3|1|1|1,8,578,5389649,silent,5389071
10,14|9|7|4|2|2|1|1,8,690,5835613,silent,5834923
10,14|9|7|3|3|2|1|1,8,411,4926143,silent,4925732
10,14|9|7|3|2|2|2|1,8,314,3115041,silent,3114727
10,14|9|7|2|2|2|2|2,8,50,447475,silent,447425
10,14|9|6|6|2|1|1|1,8,234,2056637,silent,2056403
10,14|9|6|5|3|1|1|1,8,588,5801696,silent,5801108
10,14|9|6|5|2|2|1|1,8,611,5890220,silent,5889609
10,14|9|6|4|4|1|1|1,8,340,3752417,silent,3752077
10,14|9|6|4|3|2|1|1,8,854,11052635,silent,11051781
10,14|9|6|4|2|2|2|1,8,481,5556235,silent,5555754
10,14|9|6|3|3|3|1|1,8,154,3545256,silent,3545102
10,14|9|6|3|3|2|2|1,8,263,5264097,silent,5263834
10,14|9|6|3|2|2|2|2,8,112,1728032,silent,1727920
10,14|9|5|5|4|1|1|1,8,266,2696095,silent,2695829
10,14|9|5|5|3|2|1|1,8,484,6483518,silent,6483034
10,14|9|5|5|2|2|2|1,8,216,3056077,silent,3055861
10,14|9|5|4|4|2|1|1,8,415,5671123,silent,5670708
10,14|9|5|4|3|3|1|1,8,262,5777765,silent,5777503
10,14|9|5|4|3|2|2|1,8,408,8052900,silent,8052492
10,14|9|5|4|2|2|2|2,8,113,2100514,silent,2100401
10,14|9|5|3|3|3|2|1,8,65,3626637,silent,3626572
10,14|9|5|3|3|2|2|2,8,53,2233716,silent,2233663
10,14|9|4|4|4|3|1|1,8,103,1976918,silent,1976815
10,14|9|4|4|4|2|2|1,8,137,2252939,silent,2252802
10,14|9|4|4|3|3|2|1,8,74,3103307,silent,3103233
10,14|9|4|4|3|2|2|2,8,62,1795877,silent,1795815
10,14|9|4|3|3|3|3|1,8,2,860833,silent,860831
10,14|9|4|3|3|3|2|2,8,4,1135071,silent,1135067
10,14|9|3|3|3|3|3|2,8,0,-1,a0,
10,14|8|8|6|1|1|1|1,8,67,429248,silent,429181
10,14|8|8|5|2|1|1|1,8,234,1855585,silent,1855351
10,14|8|8|4|3|1|1|1,8,257,2413595,silent,2413338
10,14|8|8|4|2|2|1|1,8,267,2597126,silent,2596859
10,14|8|8|3|3|2|1|1,8,187,2172439,silent,2172252
10,14|8|8|3|2|2|2|1,8,135,1366338,silent,1366203
10,14|8|8|2|2|2|2|2,8,35,196808,silent,196773
10,14|8|7|7|1|1|1|1,8,33,276337,silent,276304
10,14|8|7|6|2|1|1|1,8,263,2319967,silent,2319704
10,14|8|7|5|3|1|1|1,8,488,5192915,silent,5192427
10,14|8|7|5|2|2|1|1,8,513,5232918,silent,5232405
10,14|8|7|4|4|1|1|1,8,278,3150001,silent,3149723
10,14|8|7|4|3|2|1|1,8,658,9119171,silent,9118513
10,14|8|7|4|2|2|2|1,8,356,4539734,silent,4539378
10,14|8|7|3|3|3|1|1,8,112,2829126,silent,2829014
10,14|8|7|3|3|2|2|1,8,197,4182829,silent,4182632
10,14|8|7|3|2|2|2|2,8,77,1357625,silent,1357548
10,14|8|6|6|3|1|1|1,8,247,2970095,silent,2969848
10,14|8|6|6|2|2|1|1,8,237,2916670,silent,2916433
10,14|8|6|5|4|1|1|1,8,384,4749022,silent,4748638
10,14|8|6|5|3|2|1|1,8,736,11022931,silent,11022195
10,14|8|6|5|2|2|2|1,8,346,5101214,silent,5100868
10,14|8|6|4|4|2|1|1,8,483,7805688,silent,7805205
10,14|8|6|4|3|3|1|1,8,338,7724906,silent,7724568
10,14|8|6|4|3|2|2|1,8,495,10667730,silent,10667235
10,14|8|6|4|2|2|2|2,8,157,2732580,silent,2732423
10,14|8|6|3|3|3|2|1,8,77,4440853,silent,4440776
10,14|8|6|3|3|2|2|2,8,53,2704642,silent,2704589
10,14|8|5|5|5|1|1|1,8,96,1104428,silent,1104332
10,14|8|5|5|4|2|1|1,8,375,5943997,silent,5943622
10,14|8|5|5|3|3|1|1,8,197,4870845,silent,4870648
10,14|8|5|5|3|2|2|1,8,262,6577320,silent,6577058
10,14|8|5|5|2|2|2|2,8,45,1566387,silent,1566342
10,14|8|5|4|4|3|1|1,8,253,5402677,silent,5402424
10,14|8|5|4|4|2|2|1,8,281,6053569,silent,6053288
10,14|8|5|4|3|3|2|1,8,172,7772313,silent,7772141
10,14|8|5|4|3|2|2|2,8,112,4407978,silent,4407866
10,14|8|5|3|3|3|3|1,8,6,1684533,silent,1684527
10,14|8|5|3|3|3|2|2,8,12,2204362,silent,2204350
10,14|8|4|4|4|4|1|1,8,40,816298,silent,816258
10,14|8|4|4|4|3|2|1,8,101,2857372,silent,2857271
10,14|8|4|4|4|2|2|2,8,63,1305214,silent,1305151
10,14|8|4|4|3|3|3|1,8,11,1527934,silent,1527923
10,14|8|4|4|3|3|2|2,8,15,1947653,silent,1947638
10,14|8|4|3|3|3|3|2,8,0,-1,a0,
10,14|8|3|3|3|3|3|3,8,0,-1,a0,
10,14|7|7|7|2|1|1|1,8,51,426259,silent,426208
10,14|7|7|6|3|1|1|1,8,155,1907884,silent,1907729
10,14|7|7|6|2|2|1|1,8,167,1868241,silent,1868074
10,14|7|7|5|4|1|1|1,8,199,2492994,silent,2492795
10,14|7|7|5|3|2|1|1,8,353,5702915,silent,5702562
10,14|7|7|5|2|2|2|1,8,159,2618217,silent,2618058
10,14|7|7|4|4|2|1|1,8,251,3821809,silent,3821558
10,14|7|7|4|3|3|1|1,8,140,3728193,silent,3728053
10,14|7|7|4|3|2|2|1,8,221,5135290,silent,5135069
10,14|7|7|4|2|2|2|2,8,44,1297616,silent,1297572
10,14|7|7|3|3|3|2|1,8,35,2078946,silent,2078911
10,14|7|7|3|3|2|2|2,8,33,1263067,silent,1263034
10,14|7|6|6|4|1|1|1,8,119,1923440,silent,1923321
10,14|7|6|6|3|2|1|1,8,236,4129337,silent,4129101
10,14|7|6|6|2|2|2|1,8,118,1845355,silent,1845237
10,14|7|6|5|5|1|1|1,8,106,1521543,silent,1521437
10,14|7|6|5|4|2|1|1,8,413,7565932,silent,7565519
10,14|7|6|5|3|3|1|1,8,232,6036578,silent,6036346
10,14|7|6|5|3|2|2|1,8,313,8083369,silent,8083056
10,14|7|6|5|2|2|2|2,8,71,1895082,silent,1895011
10,14|7|6|4|4|3|1|1,8,231,5462358,silent,5462127
10,14|7|6|4|4|2|2|1,8,260,6074127,silent,6073867
10,14|7|6|4|3|3|2|1,8,161,7583608,silent,7583447
10,14|7|6|4|3|2|2|2,8,103,4261289,silent,4261186
10,14|7|6|3|3|3|3|1,8,6,1519918,silent,1519912
10,14|7|6|3|3|3|2|2,8,10,1978126,silent,1978116
10,14|7|5|5|5|2|1|1,8,98,2014009,silent,2013911
10,14|7|5|5|4|3|1|1,8,189,4657536,silent,4657347
10,14|7|5|5|4|2|2|1,8,165,5056102,silent,5055937
10,14|7|5|5|3|3|2|1,8,106,5241142,silent,5241036
10,14|7|5|5|3|2|2|2,8,49,2863280,silent,2863231
10,14|7|5|4|4|4|1|1,8,95,1829903,silent,1829808
10,14|7|5|4|4|3|2|1,8,174,6158602,silent,6158428
10,14|7|5|4|4|2|2|2,8,66,2750004,silent,2749938
10,14|7|5|4|3|3|3|1,8,22,3043557,silent,3043535
10,14|7|5|4|3|3|2|2,8,37,3857611,silent,3857574
10,14|7|5|3|3|3|3|2,8,0,-1,a0,
10,14|7|4|4|4|4|2|1,8,56,1084509,silent,1084453
10,14|7|4|4|4|3|3|1,8,22,1280589,silent,1280567
10,14|7|4|4|4|3|2|2,8,34,1523825,silent,1523791
10,14|7|4|4|3|3|3|2,8,1,1057048,silent,1057047
10,14|7|4|3|3|3|3|3,8,0,-1,a0,
10,14|6|6|6|5|1|1|1,8,18,435229,silent,435211
10,14|6|6|6|4|2|1|1,8,69,1715722,silent,1715653
10,14|6|6|6|3|3|1|1,8,49,1288703,silent,1288654
10,14|6|6|6|3|2|2|1,8,69,1698455,silent,1698386
10,14|6|6|6|2|2|2|2,8,28,388031,silent,388003
10,14|6|6|5|5|2|1|1,8,75,1525395,silent,1525320
10,14|6|6|5|4|3|1|1,8,119,3303777,silent,3303658
10,14|6|6|5|4|2|2|1,8,125,3565319,silent,3565194
10,14|6|6|5|3|3|2|1,8,72,3607632,silent,3607560
10,14|6|6|5|3|2|2|2,8,37,1956304,silent,1956267
10,14|6|6|4|4|4|1|1,8,35,1056283,silent,1056248
10,14|6|6|4|4|3|2|1,8,96,3517842,silent,3517746
10,14|6|6|4|4|2|2|2,8,58,1564917,silent,1564859
10,14|6|6|4|3|3|3|1,8,14,1691752,silent,1691738
10,14|6|6|4|3|3|2|2,8,14,2130746,silent,2130732
10,14|6|6|3|3|3|3|2,8,1,574388,silent,574387
10,14|6|5|5|5|3|1|1,8,42,1232328,silent,1232286
10,14|6|5|5|5|2|2|1,8,25,1247790,silent,1247765
10,14|6|5|5|4|4|1|1,8,50,1221819,silent,1221769
10,14|6|5|5|4|3|2|1,8,80,3799498,silent,3799418
10,14|6|5|5|4|2|2|2,8,17,1635306,silent,1635289
10,14|6|5|5|3|3|3|1,8,14,1491265,silent,1491251
10,14|6|5|5|3|3|2|2,8,17,1864334,silent,1864317
10,14|6|5|4|4|4|2|1,8,63,1710362,silent,1710299
10,14|6|5|4|4|3|3|1,8,30,1965871,silent,1965841
10,14|6|5|4|4|3|2|2,8,36,2319595,silent,2319559
10,14|6|5|4|3|3|3|2,8,3,1497284,silent,1497281
10,14|6|5|3|3|3|3|3,8,0,-1,a0,
10,14|6|4|4|4|4|3|1,8,21,495052,silent,495031
10,14|6|4|4|4|4|2|2,8,28,477858,silent,477830
10,14|6|4|4|4|3|3|2,8,4,706921,silent,706917
10,14|6|4|4|3|3|3|3,8,0,-1,a0,
10,14|5|5|5|5|4|1|1,8,5,223863,silent,223858
10,14|5|5|5|5|3|2|1,8,8,555330,silent,555322
10,14|5|5|5|5|2|2|2,8,2,222035,silent,222033
10,14|5|5|5|4|4|2|1,8,11,616284,silent,616273
10,14|5|5|5|4|3|3|1,8,9,665078,silent,665069
10,14|5|5|5|4|3|2|2,8,5,773559,silent,773554
10,14|5|5|5|3|3|3|2,8,1,400908,silent,400907
10,14|5|5|4|4|4|3|1,8,14,420267,silent,420253
10,14|5|5|4|4|4|2|2,8,5,397492,silent,397487
10,14|5|5|4|4|3|3|2,8,6,583353,silent,583347
10,14|5|5|4|3|3|3|3,8,0,-1,a0,
10,14|5|4|4|4|4|4|1,8,8,66824,silent,66816
10,14|5|4|4|4|4|3|2,8,8,201017,silent,201009
10,14|5|4|4|4|3|3|3,8,0,-1,a0,
10,14|4|4|4|4|4|4|2,8,6,16399,silent,16393
10,14|4|4|4|4|4|3|3,8,0,-1,a0,
10,13|13|9|1|1|1|1|1,8,1,8585,silent,8584
10,13|13|8|2|1|1|1|1,8,10,55606,silent,55596
10,13|13|7|3|1|1|1|1,8,32,149981,silent,149949
10,13|13|7|2|2|1|1|1,8,36,141926,silent,141890
10,13|13|6|4|1|1|1|1,8,31,201538,silent,201507
10,13|13|6|3|2|1|1|1,8,83,403335,silent,403252
10,13|13|6|2|2|2|1|1,8,55,182061,silent,182006
10,13|13|5|5|1|1|1|1,8,25,99170,silent,99145
10,13|13|5|4|2|1|1|1,8,79,423847,silent,423768
10,13|13|5|3|3|1|1|1,8,51,315467,silent,315416
10,13|13|5|3|2|2|1|1,8,82,436264,silent,436182
10,13|13|5|2|2|2|2|1,8,32,120616,silent,120584
10,13|13|4|4|3|1|1|1,8,25,228556,silent,228531
10,13|13|4|4|2|2|1|1,8,54,263133,silent,263079
10,13|13|4|3|3|2|1|1,8,33,305842,silent,305809
10,13|13|4|3|2|2|2|1,8,36,207653,silent,207617
10,13|13|4|2|2|2|2|2,8,5,34853,silent,34848
10,13|13|3|3|3|3|1|1,8,5,52915,silent,52910
10,13|13|3|3|3|2|2|1,8,4,83132,silent,83128
10,13|13|3|3|2|2|2|2,8,6,31937,silent,31931
10,13|12|10|1|1|1|1|1,8,2,11404,silent,11402
10,13|12|9|2|1|1|1|1,8,20,92481,silent,92461
10,13|12|8|3|1|1|1|1,8,65,311649,silent,311584
10,13|12|8|2|2|1|1|1,8,68,290911,silent,290843
10,13|12|7|4|1|1|1|1,8,99,548796,silent,548697
10,13|12|7|3|2|1|1|1,8,202,1052820,silent,1052618
10,13|12|7|2|2|2|1|1,8,110,463733,silent,463623
10,13|12|6|5|1|1|1|1,8,84,476705,silent,476621
10,13|12|6|4|2|1|1|1,8,257,1582419,silent,1582162
10,13|12|6|3|3|1|1|1,8,158,1094461,silent,1094303
10,13|12|6|3|2|2|1|1,8,245,1485657,silent,1485412
10,13|12|6|2|2|2|2|1,8,87,393376,silent,393289
10,13|12|5|5|2|1|1|1,8,140,810274,silent,810134
10,13|12|5|4|3|1|1|1,8,191,1483905,silent,1483714
10,13|12|5|4|2|2|1|1,8,239,1646716,silent,1646477
10,13|12|5|3|3|2|1|1,8,159,1539860,silent,1539701
10,13|12|5|3|2|2|2|1,8,131,1003337,silent,1003206
10,13|12|5|2|2|2|2|2,8,28,154278,silent,154250
10,13|12|4|4|4|1|1|1,8,35,350087,silent,350052
10,13|12|4|4|3|2|1|1,8,112,1164193,silent,1164081
10,13|12|4|4|2|2|2|1,8,81,620514,silent,620433
10,13|12|4|3|3|3|1|1,8,25,514815,silent,514790
10,13|12|4|3|3|2|2|1,8,48,783853,silent,783805
10,13|12|4|3|2|2|2|2,8,27,274174,silent,274147
10,13|12|3|3|3|3|2|1,8,2,177131,silent,177129
10,13|12|3|3|3|2|2|2,8,2,115252,silent,115250
10,13|11|11|1|1|1|1|1,8,0,-1,a0,
10,13|11|10|2|1|1|1|1,8,16,71868,silent,71852
10,13|11|9|3|1|1|1|1,8,68,333237,silent,333169
10,13|11|9|2|2|1|1|1,8,76,310493,silent,310417
10,13|11|8|4|1|1|1|1,8,136,776429,silent,776293
10,13|11|8|3|2|1|1|1,8,267,1459841,silent,1459574
10,13|11|8|2|2|2|1|1,8,140,635815,silent,635675
10,13|11|7|5|1|1|1|1,8,167,969114,silent,968947
10,13|11|7|4|2|1|1|1,8,457,2943437,silent,2942980
10,13|11|7|3|3|1|1|1,8,257,1967793,silent,1967536
10,13|11|7|3|2|2|1|1,8,392,2647830,silent,2647438
10,13|11|7|2|2|2|2|1,8,122,684128,silent,684006
10,13|11|6|6|1|1|1|1,8,62,459689,silent,459627
10,13|11|6|5|2|1|1|1,8,389,2715866,silent,2715477
10,13|11|6|4|3|1|1|1,8,444,3910135,silent,3909691
10,13|11|6|4|2|2|1|1,8,543,4264662,silent,4264119
10,13|11|6|3|3|2|1|1,8,334,3704165,silent,3703831
10,13|11|6|3|2|2|2|1,8,259,2363673,silent,2363414
10,13|11|6|2|2|2|2|2,8,44,346635,silent,346591
10,13|11|5|5|3|1|1|1,8,264,2180202,silent,2179938
10,13|11|5|5|2|2|1|1,8,259,2248425,silent,2248166
10,13|11|5|4|4|1|1|1,8,182,1742259,silent,1742077
10,13|11|5|4|3|2|1|1,8,456,5316094,silent,5315638
10,13|11|5|4|2|2|2|1,8,257,2721067,silent,2720810
10,13|11|5|3|3|3|1|1,8,87,1844105,silent,1844018
10,13|11|5|3|3|2|2|1,8,149,2762016,silent,2761867
10,13|11|5|3|2|2|2|2,8,65,923764,silent,923699
10,13|11|4|4|4|2|1|1,8,117,1386747,silent,1386630
10,13|11|4|4|3|3|1|1,8,67,1517233,silent,1517166
10,13|11|4|4|3|2|2|1,8,133,2148247,silent,2148114
10,13|11|4|4|2|2|2|2,8,40,583930,silent,583890
10,13|11|4|3|3|3|2|1,8,21,1224794,silent,1224773
10,13|11|4|3|3|2|2|2,8,21,768493,silent,768472
10,13|11|3|3|3|3|3|1,8,1,144639,silent,144638
10,13|11|3|3|3|3|2|2,8,0,-1,a0,
10,13|10|10|3|1|1|1|1,8,33,145760,silent,145727
10,13|10|10|2|2|1|1|1,8,27,134388,silent,134361
10,13|10|9|4|1|1|1|1,8,106,586982,silent,586876
10,13|10|9|3|2|1|1|1,8,195,1092234,silent,1092039
10,13|10|9|2|2|2|1|1,8,96,472544,silent,472448
10,13|10|8|5|1|1|1|1,8,181,1078311,silent,1078130
10,13|10|8|4|2|1|1|1,8,456,3143880,silent,3143424
10,13|10|8|3|3|1|1|1,8,267,2070849,silent,2070582
10,13|10|8|3|2|2|1|1,8,376,2767768,silent,2767392
10,13|10|8|2|2|2|2|1,8,118,707163,silent,707045
10,13|10|7|6|1|1|1|1,8,138,944434,silent,944296
10,13|10|7|5|2|1|1|1,8,578,4333140,silent,4332562
10,13|10|7|4|3|1|1|1,8,620,5748511,silent,5747891
10,13|10|7|4|2|2|1|1,8,703,6209781,silent,6209078
10,13|10|7|3|3|2|1|1,8,436,5224773,silent,5224337
10,13|10|7|3|2|2|2|1,8,318,3295015,silent,3294697
10,13|10|7|2|2|2|2|2,8,54,472181,silent,472127
10,13|10|6|6|2|1|1|1,8,244,2139479,silent,2139235
10,13|10|6|5|3|1|1|1,8,602,5953519,silent,5952917
10,13|10|6|5|2|2|1|1,8,608,6032421,silent,6031813
10,13|10|6|4|4|1|1|1,8,341,3826834,silent,3826493
10,13|10|6|4|3|2|1|1,8,852,11236484,silent,11235632
10,13|10|6|4|2|2|2|1,8,465,5635131,silent,5634666
10,13|10|6|3|3|3|1|1,8,160,3588076,silent,3587916
10,13|10|6|3|3|2|2|1,8,256,5318875,silent,5318619
10,13|10|6|3|2|2|2|2,8,106,1741145,silent,1741039
10,13|10|5|5|4|1|1|1,8,262,2703247,silent,2702985
10,13|10|5|5|3|2|1|1,8,475,6480231,silent,6479756
10,13|10|5|5|2|2|2|1,8,207,3047189,silent,3046982
10,13|10|5|4|4|2|1|1,8,396,5633778,silent,5633382
10,13|10|5|4|3|3|1|1,8,261,5727803,silent,5727542
10,13|10|5|4|3|2|2|1,8,389,7971295,silent,7970906
10,13|10|5|4|2|2|2|2,8,108,2073945,silent,2073837
10,13|10|5|3|3|3|2|1,8,65,3573888,silent,3573823
10,13|10|5|3|3|2|2|2,8,48,2196111,silent,2196063
10,13|10|4|4|4|3|1|1,8,97,1936233,silent,1936136
10,13|10|4|4|4|2|2|1,8,128,2203920,silent,2203792
10,13|10|4|4|3|3|2|1,8,71,3028949,silent,3028878
10,13|10|4|4|3|2|2|2,8,57,1749411,silent,1749354
10,13|10|4|3|3|3|3|1,8,3,836193,silent,836190
10,13|10|4|3|3|3|2|2,8,4,1100738,silent,1100734
10,13|10|3|3|3|3|3|2,8,0,-1,a0,
10,13|9|9|5|1|1|1|1,8,77,479522,silent,479445
10,13|9|9|4|2|1|1|1,8,205,1380050,silent,1379845
10,13|9|9|3|3|1|1|1,8,106,900939,silent,900833
10,13|9|9|3|2|2|1|1,8,163,1204742,silent,1204579
10,13|9|9|2|2|2|2|1,8,42,305291,silent,305249
10,13|9|8|6|1|1|1|1,8,116,825526,silent,825410
10,13|9|8|5|2|1|1|1,8,443,3489676,silent,3489233
10,13|9|8|4|3|1|1|1,8,459,4478697,silent,4478238
10,13|9|8|4|2|2|1|1,8,516,4815254,silent,4814738
10,13|9|8|3|3|2|1|1,8,317,3993319,silent,3993002
10,13|9|8|3|2|2|2|1,8,222,2503849,silent,2503627
10,13|9|8|2|2|2|2|2,8,36,354464,silent,354428
10,13|9|7|7|1|1|1|1,8,64,429433,silent,429369
10,13|9|7|6|2|1|1|1,8,391,3432352,silent,3431961
10,13|9|7|5|3|1|1|1,8,702,7499492,silent,7498790
10,13|9|7|5|2|2|1|1,8,699,7536888,silent,7536189
10,13|9|7|4|4|1|1|1,8,396,4504491,silent,4504095
10,13|9|7|4|3|2|1|1,8,910,12970787,silent,12969877
10,13|9|7|4|2|2|2|1,8,462,6433028,silent,6432566
10,13|9|7|3|3|3|1|1,8,160,3992117,silent,3991957
10,13|9|7|3|3|2|2|1,8,266,5892414,silent,5892148
10,13|9|7|3|2|2|2|2,8,96,1903144,silent,1903048
10,13|9|6|6|3|1|1|1,8,323,3985839,silent,3985516
10,13|9|6|6|2|2|1|1,8,335,3909605,silent,3909270
10,13|9|6|5|4|1|1|1,8,495,6240535,silent,6240040
10,13|9|6|5|3|2|1|1,8,922,14410536,silent,14409614
10,13|9|6|5|2|2|2|1,8,415,6645448,silent,6645033
10,13|9|6|4|4|2|1|1,8,633,10108716,silent,10108083
10,13|9|6|4|3|3|1|1,8,408,9956249,silent,9955841
10,13|9|6|4|3|2|2|1,8,604,13728290,silent,13727686
10,13|9|6|4|2|2|2|2,8,154,3495069,silent,3494915
10,13|9|6|3|3|3|2|1,8,101,5672708,silent,5672607
10,13|9|6|3|3|2|2|2,8,74,3448424,silent,3448350
10,13|9|5|5|5|1|1|1,8,114,1394733,silent,1394619
10,13|9|5|5|4|2|1|1,8,434,7439750,silent,7439316
10,13|9|5|5|3|3|1|1,8,253,6077355,silent,6077102
10,13|9|5|5|3|2|2|1,8,311,8187947,silent,8187636
10,13|9|5|5|2|2|2|2,8,65,1944209,silent,1944144
10,13|9|5|4|4|3|1|1,8,303,6672514,silent,6672211
10,13|9|5|4|4|2|2|1,8,321,7461188,silent,7460867
10,13|9|5|4|3|3|2|1,8,209,9545611,silent,9545402
10,13|9|5|4|3|2|2|2,8,124,5398435,silent,5398311
10,13|9|5|3|3|3|3|1,8,9,2051936,silent,2051927
10,13|9|5|3|3|3|2|2,8,14,2680532,silent,2680518
10,13|9|4|4|4|4|1|1,8,60,987227,silent,987167
10,13|9|4|4|4|3|2|1,8,113,3436428,silent,3436315
10,13|9|4|4|4|2|2|2,8,53,1561601,silent,1561548
10,13|9|4|4|3|3|3|1,8,11,1828620,silent,1828609
10,13|9|4|4|3|3|2|2,8,24,2330975,silent,2330951
10,13|9|4|3|3|3|3|2,8,0,-1,a0,
10,13|9|3|3|3|3|3|3,8,0,-1,a0,
10,13|8|8|7|1|1|1|1,8,38,269278,silent,269240
10,13|8|8|6|2|1|1|1,8,181,1725909,silent,1725728
10,13|8|8|5|3|1|1|1,8,322,3524477,silent,3524155
10,13|8|8|5|2|2|1|1,8,306,3523699,silent,3523393
10,13|8|8|4|4|1|1|1,8,159,2063827,silent,2063668
10,13|8|8|4|3|2|1|1,8,397,5901073,silent,5900676
10,13|8|8|4|2|2|2|1,8,210,2914236,silent,2914026
10,13|8|8|3|3|3|1|1,8,78,1793343,silent,1793265
10,13|8|8|3|3|2|2|1,8,111,2635856,silent,2635745
10,13|8|8|3|2|2|2|2,8,47,849349,silent,849302
10,13|8|7|7|2|1|1|1,8,124,1139111,silent,1138987
10,13|8|7|6|3|1|1|1,8,368,4636459,silent,4636091
10,13|8|7|6|2|2|1|1,8,359,4513523,silent,4513164
10,13|8|7|5|4|1|1|1,8,438,5816224,silent,5815786
10,13|8|7|5|3|2|1|1,8,787,13202160,silent,13201373
10,13|8|7|5|2|2|2|1,8,345,6029100,silent,6028755
10,13|8|7|4|4|2|1|1,8,505,8683137,silent,8682632
10,13|8|7|4|3|3|1|1,8,328,8430725,silent,8430397
10,13|8|7|4|3|2|2|1,8,467,11571055,silent,11570588
10,13|8|7|4|2|2|2|2,8,118,2913681,silent,2913563
10,13|8|7|3|3|3|2|1,8,79,4626248,silent,4626169
10,13|8|7|3|3|2|2|2,8,55,2796045,silent,2795990
10,13|8|6|6|4|1|1|1,8,219,3604057,silent,3603838
10,13|8|6|6|3|2|1|1,8,418,7676467,silent,7676049
10,13|8|6|6|2|2|2|1,8,198,3412487,silent,3412289
10,13|8|6|5|5|1|1|1,8,186,2757120,silent,2756934
10,13|8|6|5|4|2|1|1,8,693,13512008,silent,13511315
10,13|8|6|5|3|3|1|1,8,399,10716541,silent,10716142
10,13|8|6|5|3|2|2|1,8,515,14307309,silent,14306794
10,13|8|6|5|2|2|2|2,8,115,3334609,silent,3334494
10,13|8|6|4|4|3|1|1,8,376,9524882,silent,9524506
10,13|8|6|4|4|2|2|1,8,419,10563686,silent,10563267
10,13|8|6|4|3|3|2|1,8,266,13109072,silent,13108806
10,13|8|6|4|3|2|2|2,8,162,7338177,silent,7338015
10,13|8|6|3|3|3|3|1,8,13,2592162,silent,2592149
10,13|8|6|3|3|3|2|2,8,16,3363998,silent,3363982
10,13|8|5|5|5|2|1|1,8,155,3304201,silent,3304046
10,13|8|5|5|4|3|1|1,8,286,7544431,silent,7544145
10,13|8|5|5|4|2|2|1,8,251,8167660,silent,8167409
10,13|8|5|5|3|3|2|1,8,162,8415839,silent,8415677
10,13|8|5|5|3|2|2|2,8,73,4579944,silent,4579871
10,13|8|5|4|4|4|1|1,8,130,2899882,silent,2899752
10,13|8|5|4|4|3|2|1,8,255,9717566,silent,9717311
10,13|8|5|4|4|2|2|2,8,103,4325858,silent,4325755
10,13|8|5|4|3|3|3|1,8,37,4767881,silent,4767844
10,13|8|5|4|3|3|2|2,8,51,6027074,silent,6027023
10,13|8|5|3|3|3|3|2,8,1,1712624,silent,1712623
10,13|8|4|4|4|4|2|1,8,75,1638775,silent,1638700
10,13|8|4|4|4|3|3|1,8,30,1927939,silent,1927909
10,13|8|4|4|4|3|2|2,8,45,2289638,silent,2289593
10,13|8|4|4|3|3|3|2,8,2,1576983,silent,1576981
10,13|8|4|3|3|3|3|3,8,0,-1,a0,
10,13|7|7|7|3|1|1|1,8,70,881261,silent,881191
10,13|7|7|7|2|2|1|1,8,64,847898,silent,847834
10,13|7|7|6|4|1|1|1,8,160,2384802,silent,2384642
10,13|7|7|6|3|2|1|1,8,262,5005003,silent,5004741
10,13|7|7|6|2|2|2|1,8,107,2205775,silent,2205668
10,13|7|7|5|5|1|1|1,8,87,1510532,silent,1510445
10,13|7|7|5|4|2|1|1,8,355,7192597,silent,7192242
10,13|7|7|5|3|3|1|1,8,192,5631891,silent,5631699
10,13|7|7|5|3|2|2|1,8,251,7496676,silent,7496425
10,13|7|7|5|2|2|2|2,8,46,1727983,silent,1727937
10,13|7|7|4|4|3|1|1,8,190,4735872,silent,4735682
10,13|7|7|4|4|2|2|1,8,178,5227517,silent,5227339
10,13|7|7|4|3|3|2|1,8,125,6414002,silent,6413877
10,13|7|7|4|3|2|2|2,8,69,3572190,silent,3572121
10,13|7|7|3|3|3|3|1,8,4,1228907,silent,1228903
10,13|7|7|3|3|3|2|2,8,10,1596358,silent,1596348
10,13|7|6|6|5|1|1|1,8,71,1464554,silent,1464483
10,13|7|6|6|4|2|1|1,8,247,5645270,silent,5645023
10,13|7|6|6|3|3|1|1,8,133,4183340,silent,4183207
10,13|7|6|6|3|2|2|1,8,189,5500070,silent,5499881
10,13|7|6|6|2|2|2|2,8,43,1235075,silent,1235032
10,13|7|6|5|5|2|1|1,8,188,4647923,silent,4647735
10,13|7|6|5|4|3|1|1,8,330,9862020,silent,9861690
10,13|7|6|5|4|2|2|1,8,322,10596823,silent,10596501
10,13|7|6|5|3|3|2|1,8,196,10616816,silent,10616620
10,13|7|6|5|3|2|2|2,8,99,5726605,silent,5726506
10,13|7|6|4|4|4|1|1,8,123,3037456,silent,3037333
10,13|7|6|4|4|3|2|1,8,241,10009068,silent,10008827
10,13|7|6|4|4|2|2|2,8,96,4414226,silent,4414130
10,13|7|6|4|3|3|3|1,8,35,4752375,silent,4752340
10,13|7|6|4|3|3|2|2,8,51,5979756,silent,5979705
10,13|7|6|3|3|3|3|2,8,1,1570476,silent,1570475
10,13|7|5|5|5|3|1|1,8,84,2886561,silent,2886477
10,13|7|5|5|5|2|2|1,8,62,2911055,silent,2910993
10,13|7|5|5|4|4|1|1,8,95,2809324,silent,2809229
10,13|7|5|5|4|3|2|1,8,169,8676309,silent,8676140
10,13|7|5|5|4|2|2|2,8,48,3717959,silent,3717911
10,13|7|5|5|3|3|3|1,8,29,3364532,silent,3364503
10,13|7|5|5|3|3|2|2,8,31,4190227,silent,4190196
10,13|7|5|4|4|4|2|1,8,117,3752954,silent,3752837
10,13|7|5|4|4|3|3|1,8,63,4289113,silent,4289050
10,13|7|5|4|4|3|2|2,8,67,5044535,silent,5044468
10,13|7|5|4|3|3|3|2,8,7,3218285,silent,3218278
10,13|7|5|3|3|3|3|3,8,0,-1,a0,
10,13|7|4|4|4|4|3|1,8,38,986808,silent,986770
10,13|7|4|4|4|4|2|2,8,30,944044,silent,944014
10,13|7|4|4|4|3|3|2,8,11,1397951,silent,1397940
10,13|7|4|4|3|3|3|3,8,0,-1,a0,
10,13|6|6|6|6|1|1|1,8,2,164346,silent,164344
10,13|6|6|6|5|2|1|1,8,44,1360515,silent,1360471
10,13|6|6|6|4|3|1|1,8,61,2313809,silent,2313748
10,13|6|6|6|4|2|2|1,8,82,2454284,silent,2454202
10,13|6|6|6|3|3|2|1,8,40,2304640,silent,2304600
10,13|6|6|6|3|2|2|2,8,29,1224405,silent,1224376
10,13|6|6|5|5|3|1|1,8,64,2226171,silent,2226107
10,13|6|6|5|5|2|2|1,8,47,2227565,silent,2227518
10,13|6|6|5|4|4|1|1,8,58,2042476,silent,2042418
10,13|6|6|5|4|3|2|1,8,122,6228174,silent,6228052
10,13|6|6|5|4|2|2|2,8,47,2652326,silent,2652279
10,13|6|6|5|3|3|3|1,8,20,2350167,silent,2350147
10,13|6|6|5|3|3|2|2,8,21,2910090,silent,2910069
10,13|6|6|4|4|4|2|1,8,68,2200381,silent,2200313
10,13|6|6|4|4|3|3|1,8,29,2482826,silent,2482797
10,13|6|6|4|4|3|2|2,8,43,2913880,silent,2913837
10,13|6|6|4|3|3|3|2,8,3,1805149,silent,1805146
10,13|6|6|3|3|3|3|3,8,0,-1,a0,
10,13|6|5|5|5|4|1|1,8,25,981649,silent,981624
10,13|6|5|5|5|3|2|1,8,32,2398386,silent,2398354
10,13|6|5|5|5|2|2|2,8,4,948017,silent,948013
10,13|6|5|5|4|4|2|1,8,48,2574830,silent,2574782
10,13|6|5|5|4|3|3|1,8,33,2750008,silent,2749975
10,13|6|5|5|4|3|2|2,8,25,3185579,silent,3185554
10,13|6|5|5|3|3|3|2,8,5,1615795,silent,1615790
10,13|6|5|4|4|4|3|1,8,40,1594511,silent,1594471
10,13|6|5|4|4|4|2|2,8,33,1510682,silent,1510649
10,13|6|5|4|4|3|3|2,8,14,2181418,silent,2181404
10,13|6|5|4|3|3|3|3,8,0,-1,a0,
10,13|6|4|4|4|4|4|1,8,17,195811,silent,195794
10,13|6|4|4|4|4|3|2,8,17,584363,silent,584346
10,13|6|4|4|4|3|3|3,8,0,-1,a0,
10,13|5|5|5|5|5|1|1,8,1,81916,silent,81915
10,13|5|5|5|5|4|2|1,8,5,491722,silent,491717
10,13|5|5|5|5|3|3|1,8,3,425083,silent,425080
10,13|5|5|5|5|3|2|2,8,1,479868,silent,479867
10,13|5|5|5|4|4|3|1,8,9,593675,silent,593666
10,13|5|5|5|4|4|2|2,8,2,552406,silent,552404
10,13|5|5|5|4|3|3|2,8,4,752079,silent,752075
10,13|5|5|5|3|3|3|3,8,0,-1,a0,
10,13|5|5|4|4|4|4|1,8,6,169335,silent,169329
10,13|5|5|4|4|4|3|2,8,8,499445,silent,499437
10,13|5|5|4|4|3|3|3,8,1,274937,silent,274936
10,13|5|4|4|4|4|4|2,8,8,89666,silent,89658
10,13|5|4|4|4|4|3|3,8,2,104864,silent,104862
10,13|4|4|4|4|4|4|3,8,3,11149,silent,11146
10,12|12|11|1|1|1|1|1,8,1,2901,silent,2900
10,12|12|10|2|1|1|1|1,8,9,32111,silent,32102
10,12|12|9|3|1|1|1|1,8,28,137062,silent,137034
10,12|12|9|2|2|1|1|1,8,28,127031,silent,127003
10,12|12|8|4|1|1|1|1,8,62,309145,silent,309083
10,12|12|8|3|2|1|1|1,8,105,578358,silent,578253
10,12|12|8|2|2|2|1|1,8,45,250459,silent,250414
10,12|12|7|5|1|1|1|1,8,59,378367,silent,378308
10,12|12|7|4|2|1|1|1,8,175,1146048,silent,1145873
10,12|12|7|3|3|1|1|1,8,99,765895,silent,765796
10,12|12|7|3|2|2|1|1,8,156,1029208,silent,1029052
10,12|12|7|2|2|2|2|1,8,48,265794,silent,265746
10,12|12|6|6|1|1|1|1,8,34,179205,silent,179171
10,12|12|6|5|2|1|1|1,8,149,1048822,silent,1048673
10,12|12|6|4|3|1|1|1,8,181,1507797,silent,1507616
10,12|12|6|4|2|2|1|1,8,186,1640122,silent,1639936
10,12|12|6|3|3|2|1|1,8,137,1426421,silent,1426284
10,12|12|6|3|2|2|2|1,8,99,908808,silent,908709
10,12|12|6|2|2|2|2|2,8,27,134402,silent,134375
10,12|12|5|5|3|1|1|1,8,94,836356,silent,836262
10,12|12|5|5|2|2|1|1,8,114,863715,silent,863601
10,12|12|5|4|4|1|1|1,8,67,667444,silent,667377
10,12|12|5|4|3|2|1|1,8,174,2035086,silent,2034912
10,12|12|5|4|2|2|2|1,8,99,1041053,silent,1040954
10,12|12|5|3|3|3|1|1,8,30,704903,silent,704873
10,12|12|5|3|3|2|2|1,8,56,1055464,silent,1055408
10,12|12|5|3|2|2|2|2,8,21,352464,silent,352443
10,12|12|4|4|4|2|1|1,8,34,527843,silent,527809
10,12|12|4|4|3|3|1|1,8,37,579926,silent,579889
10,12|12|4|4|3|2|2|1,8,46,818702,silent,818656
10,12|12|4|4|2|2|2|2,8,27,224088,silent,224061
10,12|12|4|3|3|3|2|1,8,8,466301,silent,466293
10,12|12|4|3|3|2|2|2,8,4,291506,silent,291502
10,12|12|3|3|3|3|3|1,8,0,-1,a0,
10,12|12|3|3|3|3|2|2,8,1,74068,silent,74067
10,12|11|11|2|1|1|1|1,8,3,18044,silent,18041
10,12|11|10|3|1|1|1|1,8,29,137366,silent,137337
10,12|11|10|2|2|1|1|1,8,29,127141,silent,127112
10,12|11|9|4|1|1|1|1,8,77,435322,silent,435245
10,12|11|9|3|2|1|1|1,8,145,808487,silent,808342
10,12|11|9|2|2|2|1|1,8,73,349534,silent,349461
10,12|11|8|5|1|1|1|1,8,123,736672,silent,736549
10,12|11|8|4|2|1|1|1,8,313,2138973,silent,2138660
10,12|11|8|3|3|1|1|1,8,177,1405171,silent,1404994
10,12|11|8|3|2|2|1|1,8,253,1877252,silent,1876999
10,12|11|8|2|2|2|2|1,8,75,478235,silent,478160
10,12|11|7|6|1|1|1|1,8,91,623947,silent,623856
10,12|11|7|5|2|1|1|1,8,379,2841493,silent,2841114
10,12|11|7|4|3|1|1|1,8,402,3754107,silent,3753705
10,12|11|7|4|2|2|1|1,8,456,4052283,silent,4051827
10,12|11|7|3|3|2|1|1,8,279,3401275,silent,3400996
10,12|11|7|3|2|2|2|1,8,198,2142315,silent,2142117
10,12|11|7|2|2|2|2|2,8,31,305739,silent,305708
10,12|11|6|6|2|1|1|1,8,160,1382743,silent,1382583
10,12|11|6|5|3|1|1|1,8,383,3819593,silent,3819210
10,12|11|6|5|2|2|1|1,8,385,3867046,silent,3866661
10,12|11|6|4|4|1|1|1,8,221,2448048,silent,2447827
10,12|11|6|4|3|2|1|1,8,538,7174068,silent,7173530
10,12|11|6|4|2|2|2|1,8,285,3592777,silent,3592492
10,12|11|6|3|3|3|1|1,8,100,2284492,silent,2284392
10,12|11|6|3|3|2|2|1,8,161,3384870,silent,3384709
10,12|11|6|3|2|2|2|2,8,63,1105780,silent,1105717
10,12|11|5|5|4|1|1|1,8,163,1714528,silent,1714365
10,12|11|5|5|3|2|1|1,8,295,4102908,silent,4102613
10,12|11|5|5|2|2|2|1,8,127,1926979,silent,1926852
10,12|11|5|4|4|2|1|1,8,248,3556609,silent,3556361
10,12|11|5|4|3|3|1|1,8,162,3610564,silent,3610402
10,12|11|5|4|3|2|2|1,8,240,5021498,silent,5021258
10,12|11|5|4|2|2|2|2,8,62,1303881,silent,1303819
10,12|11|5|3|3|3|2|1,8,42,2245962,silent,2245920
10,12|11|5|3|3|2|2|2,8,30,1379040,silent,1379010
10,12|11|4|4|4|3|1|1,8,61,1213385,silent,1213324
10,12|11|4|4|4|2|2|1,8,77,1379770,silent,1379693
10,12|11|4|4|3|3|2|1,8,45,1894286,silent,1894241
10,12|11|4|4|3|2|2|2,8,33,1092671,silent,1092638
10,12|11|4|3|3|3|3|1,8,2,521463,silent,521461
10,12|11|4|3|3|3|2|2,8,3,686277,silent,686274
10,12|11|3|3|3|3|3|2,8,0,-1,a0,
10,12|10|10|4|1|1|1|1,8,44,207427,silent,207383
10,12|10|10|3|2|1|1|1,8,65,381224,silent,381159
10,12|10|10|2|2|2|1|1,8,25,163108,silent,163083
10,12|10|9|5|1|1|1|1,8,100,623978,silent,623878
10,12|10|9|4|2|1|1|1,8,253,1777432,silent,1777179
10,12|10|9|3|3|1|1|1,8,143,1158133,silent,1157990
10,12|10|9|3|2|2|1|1,8,199,1542540,silent,1542341
10,12|10|9|2|2|2|2|1,8,57,390223,silent,390166
10,12|10|8|6|1|1|1|1,8,131,843566,silent,843435
10,12|10|8|5|2|1|1|1,8,439,3510242,silent,3509803
10,12|10|8|4|3|1|1|1,8,465,4474606,silent,4474141
10,12|10|8|4|2|2|1|1,8,477,4797795,silent,4797318
10,12|10|8|3|3|2|1|1,8,319,3969315,silent,3968996
10,12|10|8|3|2|2|2|1,8,213,2482270,silent,2482057
10,12|10|8|2|2|2|2|2,8,44,351762,silent,351718
10,12|10|7|7|1|1|1|1,8,51,408516,silent,408465
10,12|10|7|6|2|1|1|1,8,357,3188941,silent,3188584
10,12|10|7|5|3|1|1|1,8,631,6879810,silent,6879179
10,12|10|7|5|2|2|1|1,8,633,6901696,silent,6901063
10,12|10|7|4|4|1|1|1,8,350,4107695,silent,4107345
10,12|10|7|4|3|2|1|1,8,809,11795488,silent,11794679
10,12|10|7|4|2|2|2|1,8,406,5838196,silent,5837790
10,12|10|7|3|3|3|1|1,8,145,3615605,silent,3615460
10,12|10|7|3|3|2|2|1,8,231,5328006,silent,5327775
10,12|10|7|3|2|2|2|2,8,82,1717316,silent,1717234
10,12|10|6|6|3|1|1|1,8,297,3546362,silent,3546065
10,12|10|6|6|2|2|1|1,8,266,3468642,silent,3468376
10,12|10|6|5|4|1|1|1,8,428,5487453,silent,5487025
10,12|10|6|5|3|2|1|1,8,796,12635084,silent,12634288
10,12|10|6|5|2|2|2|1,8,350,5814261,silent,5813911
10,12|10|6|4|4|2|1|1,8,513,8809935,silent,8809422
10,12|10|6|4|3|3|1|1,8,369,8664428,silent,8664059
10,12|10|6|4|3|2|2|1,8,502,11928549,silent,11928047
10,12|10|6|4|2|2|2|2,8,146,3033259,silent,3033113
10,12|10|6|3|3|3|2|1,8,87,4908275,silent,4908188
10,12|10|6|3|3|2|2|2,8,52,2976595,silent,2976543
10,12|10|5|5|5|1|1|1,8,95,1202694,silent,1202599
10,12|10|5|5|4|2|1|1,8,376,6384514,silent,6384138
10,12|10|5|5|3|3|1|1,8,199,5201520,silent,5201321
10,12|10|5|5|3|2|2|1,8,259,7001805,silent,7001546
10,12|10|5|5|2|2|2|2,8,42,1657057,silent,1657015
10,12|10|5|4|4|3|1|1,8,249,5680671,silent,5680422
10,12|10|5|4|4|2|2|1,8,265,6345787,silent,6345522
10,12|10|5|4|3|3|2|1,8,173,8100971,silent,8100798
10,12|10|5|4|3|2|2|2,8,101,4574449,silent,4574348
10,12|10|5|3|3|3|3|1,8,8,1733401,silent,1733393
10,12|10|5|3|3|3|2|2,8,13,2261959,silent,2261946
10,12|10|4|4|4|4|1|1,8,35,828520,silent,828485
10,12|10|4|4|4|3|2|1,8,91,2884273,silent,2884182
10,12|10|4|4|4|2|2|2,8,54,1311185,silent,1311131
10,12|10|4|4|3|3|3|1,8,13,1531582,silent,1531569
10,12|10|4|4|3|3|2|2,8,13,1947641,silent,1947628
10,12|10|4|3|3|3|3|2,8,1,706294,silent,706293
10,12|10|3|3|3|3|3|3,8,0,-1,a0,
10,12|9|9|6|1|1|1|1,8,53,402621,silent,402568
10,12|9|9|5|2|1|1|1,8,203,1629468,silent,1629265
10,12|9|9|4|3|1|1|1,8,201,2045673,silent,2045472
10,12|9|9|4|2|2|1|1,8,234,2193707,silent,2193473
10,12|9|9|3|3|2|1|1,8,130,1797457,silent,1797327
10,12|9|9|3|2|2|2|1,8,87,1121595,silent,1121508
10,12|9|9|2|2|2|2|2,8,7,155876,silent,155869
10,12|9|8|7|1|1|1|1,8,66,478407,silent,478341
10,12|9|8|6|2|1|1|1,8,314,2933898,silent,2933584
10,12|9|8|5|3|1|1|1,8,516,5850099,silent,5849583
10,12|9|8|5|2|2|1|1,8,494,5838848,silent,5838354
10,12|9|8|4|4|1|1|1,8,273,3395833,silent,3395560
10,12|9|8|4|3|2|1|1,8,629,9655629,silent,9655000
10,12|9|8|4|2|2|2|1,8,307,4750844,silent,4750537
10,12|9|8|3|3|3|1|1,8,116,2909299,silent,2909183
10,12|9|8|3|3|2|2|1,8,176,4273894,silent,4273718
10,12|9|8|3|2|2|2|2,8,62,1368962,silent,1368900
10,12|9|7|7|2|1|1|1,8,167,1560644,silent,1560477
10,12|9|7|6|3|1|1|1,8,475,6075423,silent,6074948
10,12|9|7|6|2|2|1|1,8,457,5901259,silent,5900802
10,12|9|7|5|4|1|1|1,8,546,7465709,silent,7465163
10,12|9|7|5|3|2|1|1,8,968,16863809,silent,16862841
10,12|9|7|5|2|2|2|1,8,408,7676141,silent,7675733
10,12|9|7|4|4|2|1|1,8,625,10986919,silent,10986294
10,12|9|7|4|3|3|1|1,8,400,10623689,silent,10623289
10,12|9|7|4|3|2|2|1,8,557,14557504,silent,14556947
10,12|9|7|4|2|2|2|2,8,124,3648676,silent,3648552
10,12|9|7|3|3|3|2|1,8,100,5778271,silent,5778171
10,12|9|7|3|3|2|2|2,8,68,3485454,silent,3485386
10,12|9|6|6|4|1|1|1,8,268,4307971,silent,4307703
10,12|9|6|6|3|2|1|1,8,483,9130267,silent,9129784
10,12|9|6|6|2|2|2|1,8,214,4044654,silent,4044440
10,12|9|6|5|5|1|1|1,8,206,3238188,silent,3237982
10,12|9|6|5|4|2|1|1,8,777,15742720,silent,15741943
10,12|9|6|5|3|3|1|1,8,446,12437472,silent,12437026
10,12|9|6|5|3|2|2|1,8,567,16578802,silent,16578235
10,12|9|6|5|2|2|2|2,8,118,3847623,silent,3847505
10,12|9|6|4|4|3|1|1,8,422,10951406,silent,10950984
10,12|9|6|4|4|2|2|1,8,445,12121881,silent,12121436
10,12|9|6|4|3|3|2|1,8,297,14990979,silent,14990682
10,12|9|6|4|3|2|2|2,8,169,8370884,silent,8370715
10,12|9|6|3|3|3|3|1,8,15,2939844,silent,2939829
10,12|9|6|3|3|3|2|2,8,20,3812721,silent,3812701
10,12|9|5|5|5|2|1|1,8,160,3703540,silent,3703380
10,12|9|5|5|4|3|1|1,8,303,8397272,silent,8396969
10,12|9|5|5|4|2|2|1,8,269,9076371,silent,9076102
10,12|9|5|5|3|3|2|1,8,175,9318725,silent,9318550
10,12|9|5|5|3|2|2|2,8,78,5060768,silent,5060690
10,12|9|5|4|4|4|1|1,8,139,3191012,silent,3190873
10,12|9|5|4|4|3|2|1,8,265,10657963,silent,10657698
10,12|9|5|4|4|2|2|2,8,98,4731843,silent,4731745
10,12|9|5|4|3|3|3|1,8,41,5206442,silent,5206401
10,12|9|5|4|3|3|2|2,8,56,6573985,silent,6573929
10,12|9|5|3|3|3|3|2,8,1,1852934,silent,1852933
10,12|9|4|4|4|4|2|1,8,72,1757271,silent,1757199
10,12|9|4|4|4|3|3|1,8,32,2063729,silent,2063697
10,12|9|4|4|4|3|2|2,8,43,2446573,silent,2446530
10,12|9|4|4|3|3|3|2,8,3,1679099,silent,1679096
10,12|9|4|3|3|3|3|3,8,0,-1,a0,
10,12|8|8|8|1|1|1|1,8,17,87466,silent,87449
10,12|8|8|7|2|1|1|1,8,98,1000670,silent,1000572
10,12|8|8|6|3|1|1|1,8,243,3145675,silent,3145432
10,12|8|8|6|2|2|1|1,8,204,3037149,silent,3036945
10,12|8|8|5|4|1|1|1,8,250,3621582,silent,3621332
10,12|8|8|5|3|2|1|1,8,454,8117721,silent,8117267
10,12|8|8|5|2|2|2|1,8,195,3677895,silent,3677700
10,12|8|8|4|4|2|1|1,8,256,5157679,silent,5157423
10,12|8|8|4|3|3|1|1,8,197,4964365,silent,4964168
10,12|8|8|4|3|2|2|1,8,250,6780394,silent,6780144
10,12|8|8|4|2|2|2|2,8,79,1696926,silent,1696847
10,12|8|8|3|3|3|2|1,8,44,2653031,silent,2652987
10,12|8|8|3|3|2|2|2,8,22,1592945,silent,1592923
10,12|8|7|7|3|1|1|1,8,151,2132429,silent,2132278
10,12|8|7|7|2|2|1|1,8,154,2041613,silent,2041459
10,12|8|7|6|4|1|1|1,8,325,5267756,silent,5267431
10,12|8|7|6|3|2|1|1,8,546,10973351,silent,10972805
10,12|8|7|6|2|2|2|1,8,225,4813301,silent,4813076
10,12|8|7|5|5|1|1|1,8,187,3231328,silent,3231141
10,12|8|7|5|4|2|1|1,8,704,15158714,silent,15158010
10,12|8|7|5|3|3|1|1,8,386,11803990,silent,11803604
10,12|8|7|5|3|2|2|1,8,498,15663765,silent,15663267
10,12|8|7|5|2|2|2|2,8,94,3594286,silent,3594192
10,12|8|7|4|4|3|1|1,8,355,9747012,silent,9746657
10,12|8|7|4|4|2|2|1,8,357,10737277,silent,10736920
10,12|8|7|4|3|3|2|1,8,244,13092052,silent,13091808
10,12|8|7|4|3|2|2|2,8,133,7268248,silent,7268115
10,12|8|7|3|3|3|3|1,8,12,2476523,silent,2476511
10,12|8|7|3|3|3|2|2,8,18,3204293,silent,3204275
10,12|8|6|6|5|1|1|1,8,122,2518293,silent,2518171
10,12|8|6|6|4|2|1|1,8,379,9568433,silent,9568054
10,12|8|6|6|3|3|1|1,8,233,7052506,silent,7052273
10,12|8|6|6|3|2|2|1,8,291,9244116,silent,9243825
10,12|8|6|6|2|2|2|2,8,79,2066754,silent,2066675
10,12|8|6|5|5|2|1|1,8,302,7625395,silent,7625093
10,12|8|6|5|4|3|1|1,8,504,15978227,silent,15977723
10,12|8|6|5|4|2|2|1,8,484,17124752,silent,17124268
10,12|8|6|5|3|3|2|1,8,298,17055329,silent,17055031
10,12|8|6|5|3|2|2|2,8,144,9167276,silent,9167132
10,12|8|6|4|4|4|1|1,8,161,4815325,silent,4815164
10,12|8|6|4|4|3|2|1,8,354,15803438,silent,15803084
10,12|8|6|4|4|2|2|2,8,157,6951616,silent,6951459
10,12|8|6|4|3|3|3|1,8,59,7450477,silent,7450418
10,12|8|6|4|3|3|2|2,8,66,9351827,silent,9351761
10,12|8|6|3|3|3|3|2,8,3,2425716,silent,2425713
10,12|8|5|5|5|3|1|1,8,116,4300316,silent,4300200
10,12|8|5|5|5|2|2|1,8,86,4324749,silent,4324663
10,12|8|5|5|4|4|1|1,8,140,4144106,silent,4143966
10,12|8|5|5|4|3|2|1,8,234,12736516,silent,12736282
10,12|8|5|5|4|2|2|2,8,61,5439003,silent,5438942
10,12|8|5|5|3|3|3|1,8,38,4903467,silent,4903429
10,12|8|5|5|3|3|2|2,8,48,6095266,silent,6095218
10,12|8|5|4|4|4|2|1,8,155,5395945,silent,5395790
10,12|8|5|4|4|3|3|1,8,82,6143807,silent,6143725
10,12|8|5|4|4|3|2|2,8,89,7214599,silent,7214510
10,12|8|5|4|3|3|3|2,8,10,4569510,silent,4569500
10,12|8|5|3|3|3|3|3,8,0,-1,a0,
10,12|8|4|4|4|4|3|1,8,39,1354170,silent,1354131
10,12|8|4|4|4|4|2|2,8,47,1295877,silent,1295830
10,12|8|4|4|4|3|3|2,8,11,1908440,silent,1908429
10,12|8|4|4|3|3|3|3,8,0,-1,a0,
10,12|7|7|7|4|1|1|1,8,68,1063538,silent,1063470
10,12|7|7|7|3|2|1|1,8,98,2143082,silent,2142984
10,12|7|7|7|2|2|2|1,8,34,923754,silent,923720
10,12|7|7|6|5|1|1|1,8,86,1747046,silent,1746960
10,12|7|7|6|4|2|1|1,8,270,6448595,silent,6448325
10,12|7|7|6|3|3|1|1,8,133,4686504,silent,4686371
10,12|7|7|6|3|2|2|1,8,172,6127675,silent,6127503
10,12|7|7|6|2|2|2|2,8,24,1350545,silent,1350521
10,12|7|7|5|5|2|1|1,8,146,4255857,silent,4255711
10,12|7|7|5|4|3|1|1,8,264,8679054,silent,8678790
10,12|7|7|5|4|2|2|1,8,238,9265655,silent,9265417
10,12|7|7|5|3|3|2|1,8,152,9121138,silent,9120986
10,12|7|7|5|3|2|2|2,8,72,4880737,silent,4880665
10,12|7|7|4|4|4|1|1,8,99,2457894,silent,2457795
10,12|7|7|4|4|3|2|1,8,165,7985020,silent,7984855
10,12|7|7|4|4|2|2|2,8,45,3487167,silent,3487122
10,12|7|7|4|3|3|3|1,8,26,3710108,silent,3710082
10,12|7|7|4|3|3|2|2,8,41,4654923,silent,4654882
10,12|7|7|3|3|3|3|2,8,0,-1,a0,
10,12|7|6|6|6|1|1|1,8,17,533202,silent,533185
10,12|7|6|6|5|2|1|1,8,135,4201849,silent,4201714
10,12|7|6|6|4|3|1|1,8,187,6994800,silent,6994613
10,12|7|6|6|4|2|2|1,8,198,7384459,silent,7384261
10,12|7|6|6|3|3|2|1,8,113,6868384,silent,6868271
10,12|7|6|6|3|2|2|2,8,62,3626651,silent,3626589
10,12|7|6|5|5|3|1|1,8,152,6244581,silent,6244429
10,12|7|6|5|5|2|2|1,8,127,6230023,silent,6229896
10,12|7|6|5|4|4|1|1,8,155,5636710,silent,5636555
10,12|7|6|5|4|3|2|1,8,299,17047877,silent,17047578
10,12|7|6|5|4|2|2|2,8,102,7219243,silent,7219141
10,12|7|6|5|3|3|3|1,8,49,6352893,silent,6352844
10,12|7|6|5|3|3|2|2,8,56,7854173,silent,7854117
10,12|7|6|4|4|4|2|1,8,147,5787346,silent,5787199
10,12|7|6|4|4|3|3|1,8,79,6496785,silent,6496706
10,12|7|6|4|4|3|2|2,8,89,7596446,silent,7596357
10,12|7|6|4|3|3|3|2,8,10,4655121,silent,4655111
10,12|7|6|3|3|3|3|3,8,0,-1,a0,
10,12|7|5|5|5|4|1|1,8,42,2125708,silent,2125666
10,12|7|5|5|5|3|2|1,8,65,5157346,silent,5157281
10,12|7|5|5|5|2|2|2,8,15,2030804,silent,2030789
10,12|7|5|5|4|4|2|1,8,96,5441490,silent,5441394
10,12|7|5|5|4|3|3|1,8,62,5776697,silent,5776635
10,12|7|5|5|4|3|2|2,8,51,6675373,silent,6675322
10,12|7|5|5|3|3|3|2,8,9,3344198,silent,3344189
10,12|7|5|4|4|4|3|1,8,74,3220790,silent,3220716
10,12|7|5|4|4|4|2|2,8,48,3040535,silent,3040487
10,12|7|5|4|4|3|3|2,8,28,4370774,silent,4370746
10,12|7|5|4|3|3|3|3,8,0,-1,a0,
10,12|7|4|4|4|4|4|1,8,22,359385,silent,359363
10,12|7|4|4|4|4|3|2,8,24,1068459,silent,1068435
10,12|7|4|4|4|3|3|3,8,1,598048,silent,598047
10,12|6|6|6|6|2|1|1,8,8,491840,silent,491832
10,12|6|6|6|5|3|1|1,8,39,1896009,silent,1895970
10,12|6|6|6|5|2|2|1,8,43,1864919,silent,1864876
10,12|6|6|6|4|4|1|1,8,24,1393292,silent,1393268
10,12|6|6|6|4|3|2|1,8,70,4089893,silent,4089823
10,12|6|6|6|4|2|2|2,8,43,1709046,silent,1709003
10,12|6|6|6|3|3|3|1,8,10,1417445,silent,1417435
10,12|6|6|6|3|3|2|2,8,9,1734012,silent,1734003
10,12|6|6|5|5|4|1|1,8,36,1686267,silent,1686231
10,12|6|6|5|5|3|2|1,8,51,4029027,silent,4028976
10,12|6|6|5|5|2|2|2,8,9,1571794,silent,1571785
10,12|6|6|5|4|4|2|1,8,72,4018035,silent,4017963
10,12|6|6|5|4|3|3|1,8,41,4214494,silent,4214453
10,12|6|6|5|4|3|2|2,8,44,4853907,silent,4853863
10,12|6|6|5|3|3|3|2,8,7,2363835,silent,2363828
10,12|6|6|4|4|4|3|1,8,35,1917257,silent,1917222
10,12|6|6|4|4|4|2|2,8,44,1811906,silent,1811862
10,12|6|6|4|4|3|3|2,8,10,2561207,silent,2561197
10,12|6|6|4|3|3|3|3,8,1,745846,silent,745845
10,12|6|5|5|5|5|1|1,8,4,341475,silent,341471
10,12|6|5|5|5|4|2|1,8,18,1992775,silent,1992757
10,12|6|5|5|5|3|3|1,8,14,1707874,silent,1707860
10,12|6|5|5|5|3|2|2,8,8,1915038,silent,1915030
10,12|6|5|5|4|4|3|1,8,30,2304036,silent,2304006
10,12|6|5|5|4|4|2|2,8,13,2139538,silent,2139525
10,12|6|5|5|4|3|3|2,8,15,2878937,silent,2878922
10,12|6|5|5|3|3|3|3,8,0,-1,a0,
10,12|6|5|4|4|4|4|1,8,21,601069,silent,601048
10,12|6|5|4|4|4|3|2,8,25,1758244,silent,1758219
10,12|6|5|4|4|3|3|3,8,2,953937,silent,953935
10,12|6|4|4|4|4|4|2,8,19,243999,silent,243980
10,12|6|4|4|4|4|3|3,8,2,282711,silent,282709
10,12|5|5|5|5|5|2|1,8,1,178857,silent,178856
10,12|5|5|5|5|4|3|1,8,3,466233,silent,466230
10,12|5|5|5|5|4|2|2,8,2,422354,silent,422352
10,12|5|5|5|5|3|3|2,8,0,-1,a0,
10,12|5|5|5|4|4|4|1,8,3,235259,silent,235256
10,12|5|5|5|4|4|3|2,8,4,666718,silent,666714
10,12|5|5|5|4|3|3|3,8,1,336739,silent,336738
10,12|5|5|4|4|4|4|2,8,3,211526,silent,211523
10,12|5|5|4|4|4|3|3,8,4,247757,silent,247753
10,12|5|4|4|4|4|4|3,8,4,58387,silent,58383
10,12|4|4|4|4|4|4|4,8,4,3511,silent,3507
10,11|11|11|3|1|1|1|1,8,4,20671,silent,20667
10,11|11|11|2|2|1|1|1,8,6,19409,silent,19403
10,11|11|10|4|1|1|1|1,8,18,116509,silent,116491
10,11|11|10|3|2|1|1|1,8,38,215351,silent,215313
10,11|11|10|2|2|2|1|1,8,21,92963,silent,92942
10,11|11|9|5|1|1|1|1,8,48,283763,silent,283715
10,11|11|9|4|2|1|1|1,8,119,806464,silent,806345
10,11|11|9|3|3|1|1|1,8,61,523743,silent,523682
10,11|11|9|3|2|2|1|1,8,88,698301,silent,698213
10,11|11|9|2|2|2|2|1,8,23,176012,silent,175989
10,11|11|8|6|1|1|1|1,8,47,357150,silent,357103
10,11|11|8|5|2|1|1|1,8,186,1482285,silent,1482099
10,11|11|8|4|3|1|1|1,8,187,1882177,silent,1881990
10,11|11|8|4|2|2|1|1,8,218,2020800,silent,2020582
10,11|11|8|3|3|2|1|1,8,123,1664905,silent,1664782
10,11|11|8|3|2|2|2|1,8,85,1040907,silent,1040822
10,11|11|8|2|2|2|2|2,8,7,145586,silent,145579
10,11|11|7|7|1|1|1|1,8,31,169942,silent,169911
10,11|11|7|6|2|1|1|1,8,148,1309061,silent,1308913
10,11|11|7|5|3|1|1|1,8,263,2807431,silent,2807168
10,11|11|7|5|2|2|1|1,8,243,2814058,silent,2813815
10,11|11|7|4|4|1|1|1,8,145,1672675,silent,1672530
10,11|11|7|4|3|2|1|1,8,325,4794715,silent,4794390
10,11|11|7|4|2|2|2|1,8,156,2370316,silent,2370160
10,11|11|7|3|3|3|1|1,8,61,1466112,silent,1466051
10,11|11|7|3|3|2|2|1,8,93,2160331,silent,2160238
10,11|11|7|3|2|2|2|2,8,33,695047,silent,695014
10,11|11|6|6|3|1|1|1,8,109,1428591,silent,1428482
10,11|11|6|6|2|2|1|1,8,128,1400350,silent,1400222
10,11|11|6|5|4|1|1|1,8,172,2201372,silent,2201200
10,11|11|6|5|3|2|1|1,8,309,5060757,silent,5060448
10,11|11|6|5|2|2|2|1,8,135,2326716,silent,2326581
10,11|11|6|4|4|2|1|1,8,224,3523812,silent,3523588
10,11|11|6|4|3|3|1|1,8,130,3455854,silent,3455724
10,11|11|6|4|3|2|2|1,8,199,4759371,silent,4759172
10,11|11|6|4|2|2|2|2,8,38,1205022,silent,1204984
10,11|11|6|3|3|3|2|1,8,36,1954451,silent,1954415
10,11|11|6|3|3|2|2|2,8,28,1186413,silent,1186385
10,11|11|5|5|5|1|1|1,8,36,478511,silent,478475
10,11|11|5|5|4|2|1|1,8,135,2532493,silent,2532358
10,11|11|5|5|3|3|1|1,8,92,2063925,silent,2063833
10,11|11|5|5|3|2|2|1,8,99,2774509,silent,2774410
10,11|11|5|5|2|2|2|2,8,26,657591,silent,657565
10,11|11|5|4|4|3|1|1,8,98,2246989,silent,2246891
10,11|11|5|4|4|2|2|1,8,99,2508374,silent,2508275
10,11|11|5|4|3|3|2|1,8,68,3199388,silent,3199320
10,11|11|5|4|3|2|2|2,8,39,1805120,silent,1805081
10,11|11|5|3|3|3|3|1,8,4,683166,silent,683162
10,11|11|5|3|3|3|2|2,8,4,890810,silent,890806
10,11|11|4|4|4|4|1|1,8,25,327471,silent,327446
10,11|11|4|4|4|3|2|1,8,35,1133538,silent,1133503
10,11|11|4|4|4|2|2|2,8,9,512405,silent,512396
10,11|11|4|4|3|3|3|1,8,2,600546,silent,600544
10,11|11|4|4|3|3|2|2,8,11,766134,silent,766123
10,11|11|4|3|3|3|3|2,8,0,-1,a0,
10,11|11|3|3|3|3|3|3,8,0,-1,a0,
10,11|10|10|5|1|1|1|1,8,30,170794,silent,170764
10,11|10|10|4|2|1|1|1,8,64,478866,silent,478802
10,11|10|10|3|3|1|1|1,8,40,310891,silent,310851
10,11|10|10|3|2|2|1|1,8,50,411935,silent,411885
10,11|10|10|2|2|2|2|1,8,15,103888,silent,103873
10,11|10|9|6|1|1|1|1,8,59,405383,silent,405324
10,11|10|9|5|2|1|1|1,8,197,1616303,silent,1616106
10,11|10|9|4|3|1|1|1,8,200,2017414,silent,2017214
10,11|10|9|4|2|2|1|1,8,210,2156841,silent,2156631
10,11|10|9|3|3|2|1|1,8,131,1764885,silent,1764754
10,11|10|9|3|2|2|2|1,8,85,1098573,silent,1098488
10,11|10|9|2|2|2|2|2,8,13,153424,silent,153411
10,11|10|8|7|1|1|1|1,8,54,385040,silent,384986
10,11|10|8|6|2|1|1|1,8,243,2309063,silent,2308820
10,11|10|8|5|3|1|1|1,8,399,4552536,silent,4552137
10,11|10|8|5|2|2|1|1,8,373,4535976,silent,4535603
10,11|10|8|4|4|1|1|1,8,205,2628558,silent,2628353
10,11|10|8|4|3|2|1|1,8,475,7455581,silent,7455106
10,11|10|8|4|2|2|2|1,8,230,3661887,silent,3661657
10,11|10|8|3|3|3|1|1,8,91,2238311,silent,2238220
10,11|10|8|3|3|2|2|1,8,130,3283471,silent,3283341
10,11|10|8|3|2|2|2|2,8,47,1050046,silent,1049999
10,11|10|7|7|2|1|1|1,8,121,1151325,silent,1151204
10,11|10|7|6|3|1|1|1,8,341,4389994,silent,4389653
10,11|10|7|6|2|2|1|1,8,317,4256564,silent,4256247
10,11|10|7|5|4|1|1|1,8,384,5339265,silent,5338881
10,11|10|7|5|3|2|1|1,8,678,12029593,silent,12028915
10,11|10|7|5|2|2|2|1,8,282,5465818,silent,5465536
10,11|10|7|4|4|2|1|1,8,425,7796703,silent,7796278
10,11|10|7|4|3|3|1|1,8,284,7526609,silent,7526325
10,11|10|7|4|3|2|2|1,8,382,10301834,silent,10301452
10,11|10|7|4|2|2|2|2,8,90,2578377,silent,2578287
10,11|10|7|3|3|3|2|1,8,69,4073388,silent,4073319
10,11|10|7|3|3|2|2|2,8,44,2452971,silent,2452927
10,11|10|6|6|4|1|1|1,8,182,2994680,silent,2994498
10,11|10|6|6|3|2|1|1,8,328,6330742,silent,6330414
10,11|10|6|6|2|2|2|1,8,143,2799669,silent,2799526
10,11|10|6|5|5|1|1|1,8,142,2232954,silent,2232812
10,11|10|6|5|4|2|1|1,8,520,10805546,silent,10805026
10,11|10|6|5|3|3|1|1,8,302,8520781,silent,8520479
10,11|10|6|5|3|2|2|1,8,376,11346325,silent,11345949
10,11|10|6|5|2|2|2|2,8,78,2628373,silent,2628295
10,11|10|6|4|4|3|1|1,8,279,7464849,silent,7464570
10,11|10|6|4|4|2|2|1,8,294,8255873,silent,8255579
10,11|10|6|4|3|3|2|1,8,198,10189884,silent,10189686
10,11|10|6|4|3|2|2|2,8,110,5683040,silent,5682930
10,11|10|6|3|3|3|3|1,8,12,1990174,silent,1990162
10,11|10|6|3|3|3|2|2,8,13,2578321,silent,2578308
10,11|10|5|5|5|2|1|1,8,108,2498117,silent,2498009
10,11|10|5|5|4|3|1|1,8,199,5641641,silent,5641442
10,11|10|5|5|4|2|2|1,8,175,6092256,silent,6092081
10,11|10|5|5|3|3|2|1,8,115,6243045,silent,6242930
10,11|10|5|5|3|2|2|2,8,50,3385987,silent,3385937
10,11|10|5|4|4|4|1|1,8,87,2130330,silent,2130243
10,11|10|5|4|4|3|2|1,8,171,7105719,silent,7105548
10,11|10|5|4|4|2|2|2,8,65,3151878,silent,3151813
10,11|10|5|4|3|3|3|1,8,28,3463261,silent,3463233
10,11|10|5|4|3|3|2|2,8,35,4369041,silent,4369006
10,11|10|5|3|3|3|3|2,8,1,1226850,silent,1226849
10,11|10|4|4|4|4|2|1,8,45,1158692,silent,1158647
10,11|10|4|4|4|3|3|1,8,20,1359033,silent,1359013
10,11|10|4|4|4|3|2|2,8,27,1610351,silent,1610324
10,11|10|4|4|3|3|3|2,8,2,1102600,silent,1102598
10,11|10|4|3|3|3|3|3,8,0,-1,a0,
10,11|9|9|7|1|1|1|1,8,30,214742,silent,214712
10,11|9|9|6|2|1|1|1,8,129,1200759,silent,1200630
10,11|9|9|5|3|1|1|1,8,193,2293587,silent,2293394
10,11|9|9|5|2|2|1|1,8,182,2282772,silent,2282590
10,11|9|9|4|4|1|1|1,8,109,1310692,silent,1310583
10,11|9|9|4|3|2|1|1,8,229,3695643,silent,3695414
10,11|9|9|4|2|2|2|1,8,101,1808712,silent,1808611
10,11|9|9|3|3|3|1|1,8,40,1098591,silent,1098551
10,11|9|9|3|3|2|2|1,8,64,1612410,silent,1612346
10,11|9|9|3|2|2|2|2,8,18,512269,silent,512251
10,11|9|8|8|1|1|1|1,8,16,140880,silent,140864
10,11|9|8|7|2|1|1|1,8,146,1482411,silent,1482265
10,11|9|8|6|3|1|1|1,8,328,4463965,silent,4463637
10,11|9|8|6|2|2|1|1,8,308,4308296,silent,4307988
10,11|9|8|5|4|1|1|1,8,342,5043014,silent,5042672
10,11|9|8|5|3|2|1|1,8,599,11250242,silent,11249643
10,11|9|8|5|2|2|2|1,8,245,5081821,silent,5081576
10,11|9|8|4|4|2|1|1,8,370,7090759,silent,7090389
10,11|9|8|4|3|3|1|1,8,241,6788691,silent,6788450
10,11|9|8|4|3|2|2|1,8,327,9265336,silent,9265009
10,11|9|8|4|2|2|2|2,8,70,2302824,silent,2302754
10,11|9|8|3|3|3|2|1,8,61,3600546,silent,3600485
10,11|9|8|3|3|2|2|2,8,39,2161117,silent,2161078
10,11|9|7|7|3|1|1|1,8,182,2452251,silent,2452069
10,11|9|7|7|2|2|1|1,8,150,2340056,silent,2339906
10,11|9|7|6|4|1|1|1,8,354,5819643,silent,5819289
10,11|9|7|6|3|2|1|1,8,582,12067613,silent,12067031
10,11|9|7|6|2|2|2|1,8,230,5277048,silent,5276818
10,11|9|7|5|5|1|1|1,8,198,3511749,silent,3511551
10,11|9|7|5|4|2|1|1,8,724,16348136,silent,16347412
10,11|9|7|5|3|3|1|1,8,416,12685893,silent,12685477
10,11|9|7|5|3|2|2|1,8,505,16808578,silent,16808073
10,11|9|7|5|2|2|2|2,8,98,3843758,silent,3843660
10,11|9|7|4|4|3|1|1,8,367,10381601,silent,10381234
10,11|9|7|4|4|2|2|1,8,355,11416462,silent,11416107
10,11|9|7|4|3|3|2|1,8,254,13874269,silent,13874015
10,11|9|7|4|3|2|2|2,8,130,7686202,silent,7686072
10,11|9|7|3|3|3|3|1,8,13,2604008,silent,2603995
10,11|9|7|3|3|3|2|2,8,19,3367241,silent,3367222
10,11|9|6|6|5|1|1|1,8,121,2554396,silent,2554275
10,11|9|6|6|4|2|1|1,8,395,9636822,silent,9636427
10,11|9|6|6|3|3|1|1,8,206,7069800,silent,7069594
10,11|9|6|6|3|2|2|1,8,277,9259258,silent,9258981
10,11|9|6|6|2|2|2|2,8,51,2057575,silent,2057524
10,11|9|6|5|5|2|1|1,8,273,7550723,silent,7550450
10,11|9|6|5|4|3|1|1,8,479,15719934,silent,15719455
10,11|9|6|5|4|2|2|1,8,450,16822182,silent,16821732
10,11|9|6|5|3|3|2|1,8,285,16697971,silent,16697686
10,11|9|6|5|3|2|2|2,8,137,8958824,silent,8958687
10,11|9|6|4|4|4|1|1,8,172,4689709,silent,4689537
10,11|9|6|4|4|3|2|1,8,326,15332521,silent,15332195
10,11|9|6|4|4|2|2|2,8,115,6723362,silent,6723247
10,11|9|6|4|3|3|3|1,8,54,7197010,silent,7196956
10,11|9|6|4|3|3|2|2,8,73,9031279,silent,9031206
10,11|9|6|3|3|3|3|2,8,2,2322648,silent,2322646
10,11|9|5|5|5|3|1|1,8,108,4079450,silent,4079342
10,11|9|5|5|5|2|2|1,8,81,4096410,silent,4096329
10,11|9|5|5|4|4|1|1,8,111,3907223,silent,3907112
10,11|9|5|5|4|3|2|1,8,213,11983069,silent,11982856
10,11|9|5|5|4|2|2|2,8,67,5110791,silent,5110724
10,11|9|5|5|3|3|3|1,8,39,4595264,silent,4595225
10,11|9|5|5|3|3|2|2,8,36,5702659,silent,5702623
10,11|9|5|4|4|4|2|1,8,133,5020706,silent,5020573
10,11|9|5|4|4|3|3|1,8,75,5705491,silent,5705416
10,11|9|5|4|4|3|2|2,8,77,6692257,silent,6692180
10,11|9|5|4|3|3|3|2,8,10,4222438,silent,4222428
10,11|9|5|3|3|3|3|3,8,0,-1,a0,
10,11|9|4|4|4|4|3|1,8,39,1232097,silent,1232058
10,11|9|4|4|4|4|2|2,8,25,1173313,silent,1173288
10,11|9|4|4|4|3|3|2,8,13,1731876,silent,1731863
10,11|9|4|4|3|3|3|3,8,0,-1,a0,
10,11|8|8|8|2|1|1|1,8,24,283592,silent,283568
10,11|8|8|7|3|1|1|1,8,114,1645350,silent,1645236
10,11|8|8|7|2|2|1|1,8,99,1561893,silent,1561794
10,11|8|8|6|4|1|1|1,8,175,3160134,silent,3159959
10,11|8|8|6|3|2|1|1,8,301,6503114,silent,6502813
10,11|8|8|6|2|2|2|1,8,126,2831597,silent,2831471
10,11|8|8|5|5|1|1|1,8,104,1804159,silent,1804055
10,11|8|8|5|4|2|1|1,8,349,8258579,silent,8258230
10,11|8|8|5|3|3|1|1,8,204,6371400,silent,6371196
10,11|8|8|5|3|2|2|1,8,247,8417323,silent,8417076
10,11|8|8|5|2|2|2|2,8,53,1918192,silent,1918139
10,11|8|8|4|4|3|1|1,8,164,5085796,silent,5085632
10,11|8|8|4|4|2|2|1,8,177,5584074,silent,5583897
10,11|8|8|4|3|3|2|1,8,117,6739368,silent,6739251
10,11|8|8|4|3|2|2|2,8,66,3724322,silent,3724256
10,11|8|8|3|3|3|3|1,8,8,1246416,silent,1246408
10,11|8|8|3|3|3|2|2,8,7,1605192,silent,1605185
10,11|8|7|7|4|1|1|1,8,132,2252021,silent,2251889
10,11|8|7|7|3|2|1|1,8,199,4505569,silent,4505370
10,11|8|7|7|2|2|2|1,8,72,1933323,silent,1933251
10,11|8|7|6|5|1|1|1,8,161,3408401,silent,3408240
10,11|8|7|6|4|2|1|1,8,473,12404497,silent,12404024
10,11|8|7|6|3|3|1|1,8,256,8971471,silent,8971215
10,11|8|7|6|3|2|2|1,8,315,11694908,silent,11694593
10,11|8|7|6|2|2|2|2,8,60,2570291,silent,2570231
10,11|8|7|5|5|2|1|1,8,272,7934336,silent,7934064
10,11|8|7|5|4|3|1|1,8,457,15981082,silent,15980625
10,11|8|7|5|4|2|2|1,8,418,17021653,silent,17021235
10,11|8|7|5|3|3|2|1,8,265,16657985,silent,16657720
10,11|8|7|5|3|2|2|2,8,123,8885610,silent,8885487
10,11|8|7|4|4|4|1|1,8,145,4428384,silent,4428239
10,11|8|7|4|4|3|2|1,8,281,14340452,silent,14340171
10,11|8|7|4|4|2|2|2,8,101,6253234,silent,6253133
10,11|8|7|4|3|3|3|1,8,49,6617428,silent,6617379
10,11|8|7|4|3|3|2|2,8,60,8280472,silent,8280412
10,11|8|7|3|3|3|3|2,8,2,2054979,silent,2054977
10,11|8|6|6|6|1|1|1,8,25,820555,silent,820530
10,11|8|6|6|5|2|1|1,8,193,6313171,silent,6312978
10,11|8|6|6|4|3|1|1,8,263,10385389,silent,10385126
10,11|8|6|6|4|2|2|1,8,273,10938701,silent,10938428
10,11|8|6|6|3|3|2|1,8,158,10115355,silent,10115197
10,11|8|6|6|3|2|2|2,8,84,5325352,silent,5325268
10,11|8|6|5|5|3|1|1,8,210,8979023,silent,8978813
10,11|8|6|5|5|2|2|1,8,170,8935446,silent,8935276
10,11|8|6|5|4|4|1|1,8,206,8025586,silent,8025380
10,11|8|6|5|4|3|2|1,8,398,24166182,silent,24165784
10,11|8|6|5|4|2|2|2,8,136,10204031,silent,10203895
10,11|8|6|5|3|3|3|1,8,68,8942805,silent,8942737
10,11|8|6|5|3|3|2|2,8,74,11036227,silent,11036153
10,11|8|6|4|4|4|2|1,8,189,8038991,silent,8038802
10,11|8|6|4|4|3|3|1,8,101,8991967,silent,8991866
10,11|8|6|4|4|3|2|2,8,114,10499454,silent,10499340
10,11|8|6|4|3|3|3|2,8,14,6388864,silent,6388850
10,11|8|6|3|3|3|3|3,8,0,-1,a0,
10,11|8|5|5|5|4|1|1,8,55,2788818,silent,2788763
10,11|8|5|5|5|3|2|1,8,81,6733549,silent,6733468
10,11|8|5|5|5|2|2|2,8,16,2642145,silent,2642129
10,11|8|5|5|4|4|2|1,8,117,7037447,silent,7037330
10,11|8|5|5|4|3|3|1,8,76,7445010,silent,7444934
10,11|8|5|5|4|3|2|2,8,64,8589958,silent,8589894
10,11|8|5|5|3|3|3|2,8,11,4274018,silent,4274007
10,11|8|5|4|4|4|3|1,8,82,4067230,silent,4067148
10,11|8|5|4|4|4|2|2,8,61,3837099,silent,3837038
10,11|8|5|4|4|3|3|2,8,31,5492487,silent,5492456
10,11|8|5|4|3|3|3|3,8,1,1630709,silent,1630708
10,11|8|4|4|4|4|4|1,8,23,434616,silent,434593
10,11|8|4|4|4|4|3|2,8,25,1288544,silent,1288519
10,11|8|4|4|4|3|3|3,8,1,718112,silent,718111
10,11|7|7|7|5|1|1|1,8,36,770648,silent,770612
10,11|7|7|7|4|2|1|1,8,92,2595519,silent,2595427
10,11|7|7|7|3|3|1|1,8,50,1823524,silent,1823474
10,11|7|7|7|3|2|2|1,8,53,2360479,silent,2360426
10,11|7|7|7|2|2|2|2,8,7,507492,silent,507485
10,11|7|7|6|6|1|1|1,8,27,628665,silent,628638
10,11|7|7|6|5|2|1|1,8,135,4496762,silent,4496627
10,11|7|7|6|4|3|1|1,8,184,7194101,silent,7193917
10,11|7|7|6|4|2|2|1,8,160,7544993,silent,7544833
10,11|7|7|6|3|3|2|1,8,102,6897753,silent,6897651
10,11|7|7|6|3|2|2|2,8,44,3612178,silent,3612134
10,11|7|7|5|5|3|1|1,8,109,5155428,silent,5155319
10,11|7|7|5|5|2|2|1,8,96,5115559,silent,5115463
10,11|7|7|5|4|4|1|1,8,113,4504596,silent,4504483
10,11|7|7|5|4|3|2|1,8,208,13450849,silent,13450641
10,11|7|7|5|4|2|2|2,8,62,5650516,silent,5650454
10,11|7|7|5|3|3|3|1,8,36,4906210,silent,4906174
10,11|7|7|5|3|3|2|2,8,40,6047850,silent,6047810
10,11|7|7|4|4|4|2|1,8,85,4194224,silent,4194139
10,11|7|7|4|4|3|3|1,8,56,4664545,silent,4664489
10,11|7|7|4|4|3|2|2,8,49,5429381,silent,5429332
10,11|7|7|4|3|3|3|2,8,8,3260667,silent,3260659
10,11|7|7|3|3|3|3|3,8,0,-1,a0,
10,11|7|6|6|6|2|1|1,8,37,1423645,silent,1423608
10,11|7|6|6|5|3|1|1,8,102,5237677,silent,5237575
10,11|7|6|6|5|2|2|1,8,99,5134796,silent,5134697
10,11|7|6|6|4|4|1|1,8,85,3793295,silent,3793210
10,11|7|6|6|4|3|2|1,8,168,11027188,silent,11027020
10,11|7|6|6|4|2|2|2,8,63,4573492,silent,4573429
10,11|7|6|6|3|3|3|1,8,25,3773619,silent,3773594
10,11|7|6|6|3|3|2|2,8,35,4617909,silent,4617874
10,11|7|6|5|5|4|1|1,8,72,4253848,silent,4253776
10,11|7|6|5|5|3|2|1,8,119,10100358,silent,10100239
10,11|7|6|5|5|2|2|2,8,36,3928675,silent,3928639
10,11|7|6|5|4|4|2|1,8,157,9899482,silent,9899325
10,11|7|6|5|4|3|3|1,8,95,10324672,silent,10324577
10,11|7|6|5|4|3|2|2,8,93,11862015,silent,11861922
10,11|7|6|5|3|3|3|2,8,14,5709014,silent,5709000
10,11|7|6|4|4|4|3|1,8,80,4519833,silent,4519753
10,11|7|6|4|4|4|2|2,8,58,4245464,silent,4245406
10,11|7|6|4|4|3|3|2,8,33,5992306,silent,5992273
10,11|7|6|4|3|3|3|3,8,0,-1,a0,
10,11|7|5|5|5|5|1|1,8,7,671743,silent,671736
10,11|7|5|5|5|4|2|1,8,35,3864033,silent,3863998
10,11|7|5|5|5|3|3|1,8,22,3292182,silent,3292160
10,11|7|5|5|5|3|2|2,8,15,3682784,silent,3682769
10,11|7|5|5|4|4|3|1,8,51,4365009,silent,4364958
10,11|7|5|5|4|4|2|2,8,33,4049165,silent,4049132
10,11|7|5|5|4|3|3|2,8,23,5410298,silent,5410275
10,11|7|5|5|3|3|3|3,8,1,1255372,silent,1255371
10,11|7|5|4|4|4|4|1,8,31,1091224,silent,1091193
10,11|7|5|4|4|4|3|2,8,39,3178977,silent,3178938
10,11|7|5|4|4|3|3|3,8,4,1713691,silent,1713687
10,11|7|4|4|4|4|4|2,8,16,399463,silent,399447
10,11|7|4|4|4|4|3|3,8,7,466131,silent,466124
10,11|6|6|6|6|3|1|1,8,8,656814,silent,656806
10,11|6|6|6|6|2|2|1,8,15,626629,silent,626614
10,11|6|6|6|5|4|1|1,8,19,1369313,silent,1369294
10,11|6|6|6|5|3|2|1,8,39,3148221,silent,3148182
10,11|6|6|6|5|2|2|2,8,18,1205798,silent,1205780
10,11|6|6|6|4|4|2|1,8,41,2520352,silent,2520311
10,11|6|6|6|4|3|3|1,8,18,2555215,silent,2555197
10,11|6|6|6|4|3|2|2,8,29,2915955,silent,2915926
10,11|6|6|6|3|3|3|2,8,2,1302499,silent,1302497
10,11|6|6|5|5|5|1|1,8,7,559992,silent,559985
10,11|6|6|5|5|4|2|1,8,27,3116956,silent,3116929
10,11|6|6|5|5|3|3|1,8,19,2626590,silent,2626571
10,11|6|6|5|5|3|2|2,8,14,2923033,silent,2923019
10,11|6|6|5|4|4|3|1,8,37,3288302,silent,3288265
10,11|6|6|5|4|4|2|2,8,31,3044285,silent,3044254
10,11|6|6|5|4|3|3|2,8,16,4013326,silent,4013310
10,11|6|6|5|3|3|3|3,8,1,905927,silent,905926
10,11|6|6|4|4|4|4|1,8,20,667017,silent,666997
10,11|6|6|4|4|4|3|2,8,23,1927099,silent,1927076
10,11|6|6|4|4|3|3|3,8,1,1022298,silent,1022297
10,11|6|5|5|5|5|2|1,8,3,672880,silent,672877
10,11|6|5|5|5|4|3|1,8,10,1719329,silent,1719319
10,11|6|5|5|5|4|2|2,8,3,1547137,silent,1547134
10,11|6|5|5|5|3|3|2,8,5,1669554,silent,1669549
10,11|6|5|5|4|4|4|1,8,10,833964,silent,833954
10,11|6|5|5|4|4|3|2,8,14,2346601,silent,2346587
10,11|6|5|5|4|3|3|3,8,3,1170896,silent,1170893
10,11|6|5|4|4|4|4|2,8,17,683563,silent,683546
10,11|6|5|4|4|4|3|3,8,6,788818,silent,788812
10,11|6|4|4|4|4|4|3,8,8,144237,silent,144229
10,11|5|5|5|5|5|3|1,8,0,-1,a0,
10,11|5|5|5|5|5|2|2,8,0,-1,a0,
10,11|5|5|5|5|4|4|1,8,1,188739,silent,188738
10,11|5|5|5|5|4|3|2,8,1,491265,silent,491264
10,11|5|5|5|5|3|3|3,8,0,-1,a0,
10,11|5|5|5|4|4|4|2,8,1,272823,silent,272822
10,11|5|5|5|4|4|3|3,8,2,308232,silent,308230
10,11|5|5|4|4|4|4|3,8,3,128307,silent,128304
10,11|5|4|4|4|4|4|4,8,2,15673,silent,15671
10,10|10|10|6|1|1|1|1,8,13,67440,silent,67427
10,10|10|10|5|2|1|1|1,8,30,260951,silent,260921
10,10|10|10|4|3|1|1|1,8,35,323039,silent,323004
10,10|10|10|4|2|2|1|1,8,24,342640,silent,342616
10,10|10|10|3|3|2|1|1,8,24,280864,silent,280840
10,10|10|10|3|2|2|2|1,8,14,174006,silent,173992
10,10|10|10|2|2|2|2|2,8,6,24912,silent,24906
10,10|10|9|7|1|1|1|1,8,16,129384,silent,129368
10,10|10|9|6|2|1|1|1,8,72,709473,silent,709401
10,10|10|9|5|3|1|1|1,8,113,1344096,silent,1343983
10,10|10|9|5|2|2|1|1,8,107,1334624,silent,1334517
10,10|10|9|4|4|1|1|1,8,56,763664,silent,763608
10,10|10|9|4|3|2|1|1,8,131,2151194,silent,2151063
10,10|10|9|4|2|2|2|1,8,62,1051907,silent,1051845
10,10|10|9|3|3|3|1|1,8,25,638625,silent,638600
10,10|10|9|3|3|2|2|1,8,34,934539,silent,934505
10,10|10|9|3|2|2|2|2,8,12,297357,silent,297345
10,10|10|8|8|1|1|1|1,8,15,70966,silent,70951
10,10|10|8|7|2|1|1|1,8,69,715189,silent,715120
10,10|10|8|6|3|1|1|1,8,162,2118684,silent,2118522
10,10|10|8|6|2|2|1|1,8,126,2038188,silent,2038062
10,10|10|8|5|4|1|1|1,8,158,2372223,silent,2372065
10,10|10|8|5|3|2|1|1,8,282,5282363,silent,5282081
10,10|10|8|5|2|2|2|1,8,115,2382632,silent,2382517
10,10|10|8|4|4|2|1|1,8,152,3311953,silent,3311801
10,10|10|8|4|3|3|1|1,8,124,3171924,silent,3171800
10,10|10|8|4|3|2|2|1,8,147,4321790,silent,4321643
10,10|10|8|4|2|2|2|2,8,47,1076285,silent,1076238
10,10|10|8|3|3|3|2|1,8,27,1674284,silent,1674257
10,10|10|8|3|3|2|2|2,8,11,1001976,silent,1001965
10,10|10|7|7|3|1|1|1,8,72,1098427,silent,1098355
10,10|10|7|7|2|2|1|1,8,81,1048603,silent,1048522
10,10|10|7|6|4|1|1|1,8,152,2565619,silent,2565467
10,10|10|7|6|3|2|1|1,8,252,5310031,silent,5309779
10,10|10|7|6|2|2|2|1,8,101,2319267,silent,2319166
10,10|10|7|5|5|1|1|1,8,85,1538603,silent,1538518
10,10|10|7|5|4|2|1|1,8,318,7135069,silent,7134751
10,10|10|7|5|3|3|1|1,8,170,5527853,silent,5527683
10,10|10|7|5|3|2|2|1,8,218,7318713,silent,7318495
10,10|10|7|5|2|2|2|2,8,38,1671178,silent,1671140
10,10|10|7|4|4|3|1|1,8,154,4504664,silent,4504510
10,10|10|7|4|4|2|2|1,8,155,4951909,silent,4951754
10,10|10|7|4|3|3|2|1,8,106,6007478,silent,6007372
10,10|10|7|4|3|2|2|2,8,57,3325646,silent,3325589
10,10|10|7|3|3|3|3|1,8,6,1124058,silent,1124052
10,10|10|7|3|3|3|2|2,8,8,1451500,silent,1451492
10,10|10|6|6|5|1|1|1,8,53,1092578,silent,1092525
10,10|10|6|6|4|2|1|1,8,146,4102264,silent,4102118
10,10|10|6|6|3|3|1|1,8,104,3010562,silent,3010458
10,10|10|6|6|3|2|2|1,8,113,3935367,silent,3935254
10,10|10|6|6|2|2|2|2,8,37,876846,silent,876809
10,10|10|6|5|5|2|1|1,8,124,3197276,silent,3197152
10,10|10|6|5|4|3|1|1,8,198,6631928,silent,6631730
10,10|10|6|5|4|2|2|1,8,187,7092292,silent,7092105
10,10|10|6|5|3|3|2|1,8,117,7028762,silent,7028645
10,10|10|6|5|3|2|2|2,8,52,3766735,silent,3766683
10,10|10|6|4|4|4|1|1,8,53,1965465,silent,1965412
10,10|10|6|4|4|3|2|1,8,134,6428654,silent,6428520
10,10|10|6|4|4|2|2|2,8,66,2821807,silent,2821741
10,10|10|6|4|3|3|3|1,8,26,3012968,silent,3012942
10,10|10|6|4|3|3|2|2,8,21,3774044,silent,3774023
10,10|10|6|3|3|3|3|2,8,2,969266,silent,969264
10,10|10|5|5|5|3|1|1,8,42,1695875,silent,1695833
10,10|10|5|5|5|2|2|1,8,32,1702053,silent,1702021
10,10|10|5|5|4|4|1|1,8,57,1622319,silent,1622262
10,10|10|5|5|4|3|2|1,8,86,4964031,silent,4963945
10,10|10|5|5|4|2|2|2,8,18,2113149,silent,2113131
10,10|10|5|5|3|3|3|1,8,13,1899329,silent,1899316
10,10|10|5|5|3|3|2|2,8,21,2358501,silent,2358480
10,10|10|5|4|4|4|2|1,8,55,2069910,silent,2069855
10,10|10|5|4|4|3|3|1,8,29,2349609,silent,2349580
10,10|10|5|4|4|3|2|2,8,31,2755173,silent,2755142
10,10|10|5|4|3|3|3|2,8,4,1734822,silent,1734818
10,10|10|5|3|3|3|3|3,8,0,-1,a0,
10,10|10|4|4|4|4|3|1,8,11,502156,silent,502145
10,10|10|4|4|4|4|2|2,8,20,481175,silent,481155
10,10|10|4|4|4|3|3|2,8,2,704631,silent,704629
10,10|10|4|4|3|3|3|3,8,1,229080,silent,229079
10,10|9|9|8|1|1|1|1,8,5,61137,silent,61132
10,10|9|9|7|2|1|1|1,8,48,502072,silent,502024
10,10|9|9|6|3|1|1|1,8,97,1383042,silent,1382945
10,10|9|9|6|2|2|1|1,8,96,1332182,silent,1332086
10,10|9|9|5|4|1|1|1,8,98,1507252,silent,1507154
10,10|9|9|5|3|2|1|1,8,167,3338374,silent,3338207
10,10|9|9|5|2|2|2|1,8,65,1501194,silent,1501129
10,10|9|9|4|4|2|1|1,8,111,2072701,silent,2072590
10,10|9|9|4|3|3|1|1,8,63,1970361,silent,1970298
10,10|9|9|4|3|2|2|1,8,88,2684965,silent,2684877
10,10|9|9|4|2|2|2|2,8,12,661981,silent,661969
10,10|9|9|3|3|3|2|1,8,17,1031759,silent,1031742
10,10|9|9|3|3|2|2|2,8,13,618370,silent,618357
10,10|9|8|8|2|1|1|1,8,30,343685,silent,343655
10,10|9|8|7|3|1|1|1,8,123,1830811,silent,1830688
10,10|9|8|7|2|2|1|1,8,107,1735971,silent,1735864
10,10|9|8|6|4|1|1|1,8,191,3392264,silent,3392073
10,10|9|8|6|3|2|1|1,8,313,6951481,silent,6951168
10,10|9|8|6|2|2|2|1,8,122,3018174,silent,3018052
10,10|9|8|5|5|1|1|1,8,102,1906904,silent,1906802
10,10|9|8|5|4|2|1|1,8,356,8674627,silent,8674271
10,10|9|8|5|3|3|1|1,8,205,6668193,silent,6667988
10,10|9|8|5|3|2|2|1,8,247,8801455,silent,8801208
10,10|9|8|5|2|2|2|2,8,48,1997580,silent,1997532
10,10|9|8|4|4|3|1|1,8,171,5282898,silent,5282727
10,10|9|8|4|4|2|2|1,8,169,5789730,silent,5789561
10,10|9|8|4|3|3|2|1,8,121,6967966,silent,6967845
10,10|9|8|4|3|2|2|2,8,60,3843153,silent,3843093
10,10|9|8|3|3|3|3|1,8,7,1278957,silent,1278950
10,10|9|8|3|3|3|2|2,8,9,1648657,silent,1648648
10,10|9|7|7|4|1|1|1,8,111,1972198,silent,1972087
10,10|9|7|7|3|2|1|1,8,168,3930247,silent,3930079
10,10|9|7|7|2|2|2|1,8,60,1682334,silent,1682274
10,10|9|7|6|5|1|1|1,8,134,2886665,silent,2886531
10,10|9|7|6|4|2|1|1,8,390,10434508,silent,10434118
10,10|9|7|6|3|3|1|1,8,207,7521236,silent,7521029
10,10|9|7|6|3|2|2|1,8,253,9793312,silent,9793059
10,10|9|7|6|2|2|2|2,8,42,2144734,silent,2144692
10,10|9|7|5|5|2|1|1,8,213,6575992,silent,6575779
10,10|9|7|5|4|3|1|1,8,365,13166388,silent,13166023
10,10|9|7|5|4|2|2|1,8,331,14005683,silent,14005352
10,10|9|7|5|3|3|2|1,8,213,13664868,silent,13664655
10,10|9|7|5|3|2|2|2,8,97,7277802,silent,7277705
10,10|9|7|4|4|4|1|1,8,118,3613388,silent,3613270
10,10|9|7|4|4|3|2|1,8,220,11667905,silent,11667685
10,10|9|7|4|4|2|2|2,8,71,5077168,silent,5077097
10,10|9|7|4|3|3|3|1,8,40,5363590,silent,5363550
10,10|9|7|4|3|3|2|2,8,50,6707982,silent,6707932
10,10|9|7|3|3|3|3|2,8,1,1652792,silent,1652791
10,10|9|6|6|6|1|1|1,8,23,645764,silent,645741
10,10|9|6|6|5|2|1|1,8,148,4905539,silent,4905391
10,10|9|6|6|4|3|1|1,8,200,8020504,silent,8020304
10,10|9|6|6|4|2|2|1,8,197,8435860,silent,8435663
10,10|9|6|6|3|3|2|1,8,118,7777958,silent,7777840
10,10|9|6|6|3|2|2|2,8,60,4087432,silent,4087372
10,10|9|6|5|5|3|1|1,8,152,6832734,silent,6832582
10,10|9|6|5|5|2|2|1,8,126,6792513,silent,6792387
10,10|9|6|5|4|4|1|1,8,151,6078869,silent,6078718
10,10|9|6|5|4|3|2|1,8,291,18258600,silent,18258309
10,10|9|6|5|4|2|2|2,8,96,7696727,silent,7696631
10,10|9|6|5|3|3|3|1,8,50,6731067,silent,6731017
10,10|9|6|5|3|3|2|2,8,55,8301840,silent,8301785
10,10|9|6|4|4|4|2|1,8,132,6012971,silent,6012839
10,10|9|6|4|4|3|3|1,8,75,6714461,silent,6714386
10,10|9|6|4|4|3|2|2,8,80,7831983,silent,7831903
10,10|9|6|4|3|3|3|2,8,11,4749537,silent,4749526
10,10|9|6|3|3|3|3|3,8,0,-1,a0,
10,10|9|5|5|5|4|1|1,8,37,2042088,silent,2042051
10,10|9|5|5|5|3|2|1,8,57,4920070,silent,4920013
10,10|9|5|5|5|2|2|2,8,15,1928616,silent,1928601
10,10|9|5|5|4|4|2|1,8,83,5117372,silent,5117289
10,10|9|5|5|4|3|3|1,8,53,5403462,silent,5403409
10,10|9|5|5|4|3|2|2,8,45,6229951,silent,6229906
10,10|9|5|5|3|3|3|2,8,8,3088061,silent,3088053
10,10|9|5|4|4|4|3|1,8,55,2923057,silent,2923002
10,10|9|5|4|4|4|2|2,8,39,2754301,silent,2754262
10,10|9|5|4|4|3|3|2,8,23,3937679,silent,3937656
10,10|9|5|4|3|3|3|3,8,0,-1,a0,
10,10|9|4|4|4|4|4|1,8,14,305893,silent,305879
10,10|9|4|4|4|4|3|2,8,16,905892,silent,905876
10,10|9|4|4|4|3|3|3,8,1,504167,silent,504166
10,10|8|8|8|3|1|1|1,8,30,390117,silent,390087
10,10|8|8|8|2|2|1|1,8,13,364841,silent,364828
10,10|8|8|7|4|1|1|1,8,75,1445689,silent,1445614
10,10|8|8|7|3|2|1|1,8,119,2859188,silent,2859069
10,10|8|8|7|2|2|2|1,8,46,1218600,silent,1218554
10,10|8|8|6|5|1|1|1,8,78,1728400,silent,1728322
10,10|8|8|6|4|2|1|1,8,204,6143520,silent,6143316
10,10|8|8|6|3|3|1|1,8,130,4407079,silent,4406949
10,10|8|8|6|3|2|2|1,8,145,5719261,silent,5719116
10,10|8|8|6|2|2|2|2,8,40,1251348,silent,1251308
10,10|8|8|5|5|2|1|1,8,126,3663533,silent,3663407
10,10|8|8|5|4|3|1|1,8,190,7225207,silent,7225017
10,10|8|8|5|4|2|2|1,8,179,7668992,silent,7668813
10,10|8|8|5|3|3|2|1,8,111,7432473,silent,7432362
10,10|8|8|5|3|2|2|2,8,51,3946664,silent,3946613
10,10|8|8|4|4|4|1|1,8,44,1923698,silent,1923654
10,10|8|8|4|4|3|2|1,8,113,6196698,silent,6196585
10,10|8|8|4|4|2|2|2,8,56,2695849,silent,2695793
10,10|8|8|4|3|3|3|1,8,23,2827076,silent,2827053
10,10|8|8|4|3|3|2|2,8,18,3524373,silent,3524355
10,10|8|8|3|3|3|3|2,8,2,856877,silent,856875
10,10|8|7|7|5|1|1|1,8,57,1355614,silent,1355557
10,10|8|7|7|4|2|1|1,8,163,4507242,silent,4507079
10,10|8|7|7|3|3|1|1,8,71,3149511,silent,3149440
10,10|8|7|7|3|2|2|1,8,93,4067641,silent,4067548
10,10|8|7|7|2|2|2|2,8,9,870979,silent,870970
10,10|8|7|6|6|1|1|1,8,40,1030606,silent,1030566
10,10|8|7|6|5|2|1|1,8,206,7213096,silent,7212890
10,10|8|7|6|4|3|1|1,8,273,11410213,silent,11409940
10,10|8|7|6|4|2|2|1,8,250,11944535,silent,11944285
10,10|8|7|6|3|3|2|1,8,154,10858429,silent,10858275
10,10|8|7|6|3|2|2|2,8,71,5673072,silent,5673001
10,10|8|7|5|5|3|1|1,8,162,7933396,silent,7933234
10,10|8|7|5|5|2|2|1,8,138,7851125,silent,7850987
10,10|8|7|5|4|4|1|1,8,168,6864904,silent,6864736
10,10|8|7|5|4|3|2|1,8,301,20418120,silent,20417819
10,10|8|7|5|4|2|2|2,8,93,8556933,silent,8556840
10,10|8|7|5|3|3|3|1,8,49,7399019,silent,7398970
10,10|8|7|5|3|3|2|2,8,60,9103138,silent,9103078
10,10|8|7|4|4|4|2|1,8,125,6245998,silent,6245873
10,10|8|7|4|4|3|3|1,8,73,6920265,silent,6920192
10,10|8|7|4|4|3|2|2,8,73,8049399,silent,8049326
10,10|8|7|4|3|3|3|2,8,11,4799218,silent,4799207
10,10|8|7|3|3|3|3|3,8,0,-1,a0,
10,10|8|6|6|6|2|1|1,8,36,1809867,silent,1809831
10,10|8|6|6|5|3|1|1,8,128,6525064,silent,6524936
10,10|8|6|6|5|2|2|1,8,116,6382275,silent,6382159
10,10|8|6|6|4|4|1|1,8,82,4678278,silent,4678196
10,10|8|6|6|4|3|2|1,8,195,13554705,silent,13554510
10,10|8|6|6|4|2|2|2,8,88,5612216,silent,5612128
10,10|8|6|6|3|3|3|1,8,34,4609085,silent,4609051
10,10|8|6|6|3|3|2|2,8,30,5627454,silent,5627424
10,10|8|6|5|5|4|1|1,8,89,5093502,silent,5093413
10,10|8|6|5|5|3|2|1,8,135,12039387,silent,12039252
10,10|8|6|5|5|2|2|2,8,32,4667724,silent,4667692
10,10|8|6|5|4|4|2|1,8,175,11693945,silent,11693770
10,10|8|6|5|4|3|3|1,8,106,12155929,silent,12155823
10,10|8|6|5|4|3|2|2,8,104,13948142,silent,13948038
10,10|8|6|5|3|3|3|2,8,17,6669528,silent,6669511
10,10|8|6|4|4|4|3|1,8,81,5218510,silent,5218429
10,10|8|6|4|4|4|2|2,8,78,4902699,silent,4902621
10,10|8|6|4|4|3|3|2,8,29,6886813,silent,6886784
10,10|8|6|4|3|3|3|3,8,2,1961667,silent,1961665
10,10|8|5|5|5|5|1|1,8,5,738246,silent,738241
10,10|8|5|5|5|4|2|1,8,36,4216251,silent,4216215
10,10|8|5|5|5|3|3|1,8,23,3580962,silent,3580939
10,10|8|5|5|5|3|2|2,8,18,4000171,silent,4000153
10,10|8|5|5|4|4|3|1,8,57,4705686,silent,4705629
10,10|8|5|5|4|4|2|2,8,26,4357503,silent,4357477
10,10|8|5|5|4|3|3|2,8,26,5806844,silent,5806818
10,10|8|5|5|3|3|3|3,8,0,-1,a0,
10,10|8|5|4|4|4|4|1,8,32,1151815,silent,1151783
10,10|8|5|4|4|4|3|2,8,38,3347057,silent,3347019
10,10|8|5|4|4|3|3|3,8,4,1796642,silent,1796638
10,10|8|4|4|4|4|4|2,8,21,404740,silent,404719
10,10|8|4|4|4|4|3|3,8,2,468719,silent,468717
10,10|7|7|7|6|1|1|1,8,14,311858,silent,311844
10,10|7|7|7|5|2|1|1,8,45,1722785,silent,1722740
10,10|7|7|7|4|3|1|1,8,59,2532937,silent,2532878
10,10|7|7|7|4|2|2|1,8,44,2630250,silent,2630206
10,10|7|7|7|3|3|2|1,8,29,2326216,silent,2326187
10,10|7|7|7|3|2|2|2,8,11,1203534,silent,1203523
10,10|7|7|6|6|2|1|1,8,39,1446401,silent,1446362
10,10|7|7|6|5|3|1|1,8,89,4855295,silent,4855206
10,10|7|7|6|5|2|2|1,8,75,4733351,silent,4733276
10,10|7|7|6|4|4|1|1,8,76,3406921,silent,3406845
10,10|7|7|6|4|3|2|1,8,129,9775484,silent,9775355
10,10|7|7|6|4|2|2|2,8,32,4019780,silent,4019748
10,10|7|7|6|3|3|3|1,8,22,3275585,silent,3275563
10,10|7|7|6|3|3|2|2,8,28,4000018,silent,3999990
10,10|7|7|5|5|4|1|1,8,43,3068249,silent,3068206
10,10|7|7|5|5|3|2|1,8,78,7203105,silent,7203027
10,10|7|7|5|5|2|2|2,8,26,2784374,silent,2784348
10,10|7|7|5|4|4|2|1,8,94,6830728,silent,6830634
10,10|7|7|5|4|3|3|1,8,61,7056078,silent,7056017
10,10|7|7|5|4|3|2|2,8,53,8078079,silent,8078026
10,10|7|7|5|3|3|3|2,8,9,3808792,silent,3808783
10,10|7|7|4|4|4|3|1,8,46,2841726,silent,2841680
10,10|7|7|4|4|4|2|2,8,19,2653834,silent,2653815
10,10|7|7|4|4|3|3|2,8,22,3719670,silent,3719648
10,10|7|7|4|3|3|3|3,8,0,-1,a0,
10,10|7|6|6|6|3|1|1,8,25,1632431,silent,1632406
10,10|7|6|6|6|2|2|1,8,28,1548822,silent,1548794
10,10|7|6|6|5|4|1|1,8,47,3272084,silent,3272037
10,10|7|6|6|5|3|2|1,8,83,7469235,silent,7469152
10,10|7|6|6|5|2|2|2,8,30,2846501,silent,2846471
10,10|7|6|6|4|4|2|1,8,80,5878561,silent,5878481
10,10|7|6|6|4|3|3|1,8,46,5929661,silent,5929615
10,10|7|6|6|4|3|2|2,8,53,6748614,silent,6748561
10,10|7|6|6|3|3|3|2,8,7,2983221,silent,2983214
10,10|7|6|5|5|5|1|1,8,11,1230263,silent,1230252
10,10|7|6|5|5|4|2|1,8,58,6770940,silent,6770882
10,10|7|6|5|5|3|3|1,8,35,5671026,silent,5670991
10,10|7|6|5|5|3|2|2,8,31,6304433,silent,6304402
10,10|7|6|5|4|4|3|1,8,72,6985328,silent,6985256
10,10|7|6|5|4|4|2|2,8,53,6448946,silent,6448893
10,10|7|6|5|4|3|3|2,8,33,8461558,silent,8461525
10,10|7|6|5|3|3|3|3,8,1,1883482,silent,1883481
10,10|7|6|4|4|4|4|1,8,31,1357813,silent,1357782
10,10|7|6|4|4|4|3|2,8,39,3909246,silent,3909207
10,10|7|6|4|4|3|3|3,8,4,2063060,silent,2063056
10,10|7|5|5|5|5|2|1,8,4,1140943,silent,1140939
10,10|7|5|5|5|4|3|1,8,14,2881657,silent,2881643
10,10|7|5|5|5|4|2|2,8,9,2589857,silent,2589848
10,10|7|5|5|5|3|3|2,8,6,2776335,silent,2776329
10,10|7|5|5|4|4|4|1,8,16,1370208,silent,1370192
10,10|7|5|5|4|4|3|2,8,22,3839883,silent,3839861
10,10|7|5|5|4|3|3|3,8,4,1902706,silent,1902702
10,10|7|5|4|4|4|4|2,8,19,1071738,silent,1071719
10,10|7|5|4|4|4|3|3,8,11,1235148,silent,1235137
10,10|7|4|4|4|4|4|3,8,9,205662,silent,205653
10,10|6|6|6|6|4|1|1,8,3,463838,silent,463835
10,10|6|6|6|6|3|2|1,8,12,983447,silent,983435
10,10|6|6|6|6|2|2|2,8,12,364512,silent,364500
10,10|6|6|6|5|5|1|1,8,5,444995,silent,444990
10,10|6|6|6|5|4|2|1,8,22,2259472,silent,2259450
10,10|6|6|6|5|3|3|1,8,10,1841028,silent,1841018
10,10|6|6|6|5|3|2|2,8,13,2029910,silent,2029897
10,10|6|6|6|4|4|3|1,8,16,1850133,silent,1850117
10,10|6|6|6|4|4|2|2,8,25,1702173,silent,1702148
10,10|6|6|6|4|3|3|2,8,5,2162844,silent,2162839
10,10|6|6|6|3|3|3|3,8,1,447416,silent,447415
10,10|6|6|5|5|5|2|1,8,3,972931,silent,972928
10,10|6|6|5|5|4|3|1,8,13,2391605,silent,2391592
10,10|6|6|5|5|4|2|2,8,5,2137714,silent,2137709
10,10|6|6|5|5|3|3|2,8,8,2269701,silent,2269693
10,10|6|6|5|4|4|4|1,8,13,1066456,silent,1066443
10,10|6|6|5|4|4|3|2,8,18,2965661,silent,2965643
10,10|6|6|5|4|3|3|3,8,2,1448495,silent,1448493
10,10|6|6|4|4|4|4|2,8,19,673891,silent,673872
10,10|6|6|4|4|4|3|3,8,2,765091,silent,765089
10,10|6|5|5|5|5|3|1,8,1,576296,silent,576295
10,10|6|5|5|5|5|2|2,8,1,483880,silent,483879
10,10|6|5|5|5|4|4|1,8,2,616182,silent,616180
10,10|6|5|5|5|4|3|2,8,3,1594230,silent,1594227
10,10|6|5|5|5|3|3|3,8,1,624419,silent,624418
10,10|6|5|5|4|4|4|2,8,4,852709,silent,852705
10,10|6|5|5|4|4|3|3,8,5,956487,silent,956482
10,10|6|5|4|4|4|4|3,8,7,364886,silent,364879
10,10|6|4|4|4|4|4|4,8,7,34708,silent,34701
10,10|5|5|5|5|5|4|1,8,0,-1,a0,
10,10|5|5|5|5|5|3|2,8,0,-1,a0,
10,10|5|5|5|5|4|4|2,8,1,201044,silent,201043
10,10|5|5|5|5|4|3|3,8,0,-1,a0,
10,10|5|5|5|4|4|4|3,8,1,150739,silent,150738
10,10|5|5|4|4|4|4|4,8,0,-1,a0,
