delta,lam,ell,a,m_det,class,margin
10,32|1|1|1|1|1|1|1|1,9,0,-1,a0,
10,31|2|1|1|1|1|1|1|1,9,0,-1,a0,
10,30|3|1|1|1|1|1|1|1,9,0,-1,a0,
10,30|2|2|1|1|1|1|1|1,9,0,-1,a0,
10,29|4|1|1|1|1|1|1|1,9,0,-1,a0,
10,29|3|2|1|1|1|1|1|1,9,0,-1,a0,
10,29|2|2|2|1|1|1|1|1,9,0,-1,a0,
10,28|5|1|1|1|1|1|1|1,9,0,-1,a0,
10,28|4|2|1|1|1|1|1|1,9,0,-1,a0,
10,28|3|3|1|1|1|1|1|1,9,0,-1,a0,
10,28|3|2|2|1|1|1|1|1,9,0,-1,a0,
10,28|2|2|2|2|1|1|1|1,9,0,-1,a0,
10,27|6|1|1|1|1|1|1|1,9,0,-1,a0,
10,27|5|2|1|1|1|1|1|1,9,0,-1,a0,
10,27|4|3|1|1|1|1|1|1,9,0,-1,a0,
10,27|4|2|2|1|1|1|1|1,9,0,-1,a0,
10,27|3|3|2|1|1|1|1|1,9,0,-1,a0,
10,27|3|2|2|2|1|1|1|1,9,0,-1,a0,
10,27|2|2|2|2|2|1|1|1,9,0,-1,a0,
10,26|7|1|1|1|1|1|1|1,9,0,-1,a0,
10,26|6|2|1|1|1|1|1|1,9,0,-1,a0,
10,26|5|3|1|1|1|1|1|1,9,0,-1,a0,
10,26|5|2|2|1|1|1|1|1,9,0,-1,a0,
10,26|4|4|1|1|1|1|1|1,9,0,-1,a0,
10,26|4|3|2|1|1|1|1|1,9,0,-1,a0,
10,26|4|2|2|2|1|1|1|1,9,0,-1,a0,
10,26|3|3|3|1|1|1|1|1,9,0,-1,a0,
10,26|3|3|2|2|1|1|1|1,9,0,-1,a0,
10,26|3|2|2|2|2|1|1|1,9,0,-1,a0,
10,26|2|2|2|2|2|2|1|1,9,0,-1,a0,
10,25|8|1|1|1|1|1|1|1,9,0,-1,a0,
10,25|7|2|1|1|1|1|1|1,9,0,-1,a0,
10,25|6|3|1|1|1|1|1|1,9,0,-1,a0,
10,25|6|2|2|1|1|1|1|1,9,0,-1,a0,
10,25|5|4|1|1|1|1|1|1,9,0,-1,a0,
10,25|5|3|2|1|1|1|1|1,9,0,-1,a0,
10,25|5|2|2|2|1|1|1|1,9,0,-1,a0,
10,25|4|4|2|1|1|1|1|1,9,0,-1,a0,
10,25|4|3|3|1|1|1|1|1,9,0,-1,a0,
10,25|4|3|2|2|1|1|1|1,9,0,-1,a0,
10,25|4|2|2|2|2|1|1|1,9,0,-1,a0,
10,25|3|3|3|2|1|1|1|1,9,0,-1,a0,
10,25|3|3|2|2|2|1|1|1,9,0,-1,a0,
10,25|3|2|2|2|2|2|1|1,9,0,-1,a0,
10,25|2|2|2|2|2|2|2|1,9,0,-1,a0,
10,24|9|1|1|1|1|1|1|1,9,0,-1,a0,
10,24|8|2|1|1|1|1|1|1,9,0,-1,a0,
10,24|7|3|1|1|1|1|1|1,9,0,-1,a0,
10,24|7|2|2|1|1|1|1|1,9,0,-1,a0,
10,24|6|4|1|1|1|1|1|1,9,0,-1,a0,
10,24|6|3|2|1|1|1|1|1,9,0,-1,a0,
10,24|6|2|2|2|1|1|1|1,9,0,-1,a0,
10,24|5|5|1|1|1|1|1|1,9,0,-1,a0,
10,24|5|4|2|1|1|1|1|1,9,0,-1,a0,
10,24|5|3|3|1|1|1|1|1,9,0,-1,a0,
10,24|5|3|2|2|1|1|1|1,9,0,-1,a0,
10,24|5|2|2|2|2|1|1|1,9,0,-1,a0,
10,24|4|4|3|1|1|1|1|1,9,0,-1,a0,
10,24|4|4|2|2|1|1|1|1,9,0,-1,a0,
10,24|4|3|3|2|1|1|1|1,9,0,-1,a0,
10,24|4|3|2|2|2|1|1|1,9,0,-1,a0,
10,24|4|2|2|2|2|2|1|1,9,0,-1,a0,
10,24|3|3|3|3|1|1|1|1,9,0,-1,a0,
10,24|3|3|3|2|2|1|1|1,9,0,-1,a0,
10,24|3|3|2|2|2|2|1|1,9,0,-1,a0,
10,24|3|2|2|2|2|2|2|1,9,0,-1,a0,
10,24|2|2|2|2|2|2|2|2,9,1,21,silent,20
10,23|10|1|1|1|1|1|1|1,9,0,-1,a0,
10,23|9|2|1|1|1|1|1|1,9,0,-1,a0,
10,23|8|3|1|1|1|1|1|1,9,0,-1,a0,
10,23|8|2|2|1|1|1|1|1,9,0,-1,a0,
10,23|7|4|1|1|1|1|1|1,9,0,-1,a0,
10,23|7|3|2|1|1|1|1|1,9,0,-1,a0,
10,23|7|2|2|2|1|1|1|1,9,0,-1,a0,
10,23|6|5|1|1|1|1|1|1,9,0,-1,a0,
10,23|6|4|2|1|1|1|1|1,9,0,-1,a0,
10,23|6|3|3|1|1|1|1|1,9,0,-1,a0,
10,23|6|3|2|2|1|1|1|1,9,0,-1,a0,
10,23|6|2|2|2|2|1|1|1,9,0,-1,a0,
10,23|5|5|2|1|1|1|1|1,9,0,-1,a0,
10,23|5|4|3|1|1|1|1|1,9,0,-1,a0,
10,23|5|4|2|2|1|1|1|1,9,0,-1,a0,
10,23|5|3|3|2|1|1|1|1,9,0,-1,a0,
10,23|5|3|2|2|2|1|1|1,9,0,-1,a0,
10,23|5|2|2|2|2|2|1|1,9,0,-1,a0,
10,23|4|4|4|1|1|1|1|1,9,0,-1,a0,
10,23|4|4|3|2|1|1|1|1,9,0,-1,a0,
10,23|4|4|2|2|2|1|1|1,9,0,-1,a0,
10,23|4|3|3|3|1|1|1|1,9,0,-1,a0,
10,23|4|3|3|2|2|1|1|1,9,0,-1,a0,
10,23|4|3|2|2|2|2|1|1,9,0,-1,a0,
10,23|4|2|2|2|2|2|2|1,9,1,352,silent,351
10,23|3|3|3|3|2|1|1|1,9,0,-1,a0,
10,23|3|3|3|2|2|2|1|1,9,0,-1,a0,
10,23|3|3|2|2|2|2|2|1,9,0,-1,a0,
10,23|3|2|2|2|2|2|2|2,9,1,66,silent,65
10,22|11|1|1|1|1|1|1|1,9,0,-1,a0,
10,22|10|2|1|1|1|1|1|1,9,0,-1,a0,
10,22|9|3|1|1|1|1|1|1,9,0,-1,a0,
10,22|9|2|2|1|1|1|1|1,9,0,-1,a0,
10,22|8|4|1|1|1|1|1|1,9,0,-1,a0,
10,22|8|3|2|1|1|1|1|1,9,0,-1,a0,
10,22|8|2|2|2|1|1|1|1,9,0,-1,a0,
10,22|7|5|1|1|1|1|1|1,9,0,-1,a0,
10,22|7|4|2|1|1|1|1|1,9,0,-1,a0,
10,22|7|3|3|1|1|1|1|1,9,0,-1,a0,
10,22|7|3|2|2|1|1|1|1,9,0,-1,a0,
10,22|7|2|2|2|2|1|1|1,9,0,-1,a0,
10,22|6|6|1|1|1|1|1|1,9,0,-1,a0,
10,22|6|5|2|1|1|1|1|1,9,0,-1,a0,
10,22|6|4|3|1|1|1|1|1,9,0,-1,a0,
10,22|6|4|2|2|1|1|1|1,9,0,-1,a0,
10,22|6|3|3|2|1|1|1|1,9,0,-1,a0,
10,22|6|3|2|2|2|1|1|1,9,0,-1,a0,
10,22|6|2|2|2|2|2|1|1,9,0,-1,a0,
10,22|5|5|3|1|1|1|1|1,9,0,-1,a0,
10,22|5|5|2|2|1|1|1|1,9,0,-1,a0,
10,22|5|4|4|1|1|1|1|1,9,0,-1,a0,
10,22|5|4|3|2|1|1|1|1,9,0,-1,a0,
10,22|5|4|2|2|2|1|1|1,9,0,-1,a0,
10,22|5|3|3|3|1|1|1|1,9,0,-1,a0,
10,22|5|3|3|2|2|1|1|1,9,0,-1,a0,
10,22|5|3|2|2|2|2|1|1,9,1,5394,silent,5393
10,22|5|2|2|2|2|2|2|1,9,2,923,silent,921
10,22|4|4|4|2|1|1|1|1,9,0,-1,a0,
10,22|4|4|3|3|1|1|1|1,9,0,-1,a0,
10,22|4|4|3|2|2|1|1|1,9,0,-1,a0,
10,22|4|4|2|2|2|2|1|1,9,0,-1,a0,
10,22|4|3|3|3|2|1|1|1,9,0,-1,a0,
10,22|4|3|3|2|2|2|1|1,9,0,-1,a0,
10,22|4|3|2|2|2|2|2|1,9,1,1593,silent,1592
10,22|4|2|2|2|2|2|2|2,9,2,255,silent,253
10,22|3|3|3|3|3|1|1|1,9,0,-1,a0,
10,22|3|3|3|3|2|2|1|1,9,0,-1,a0,
10,22|3|3|3|2|2|2|2|1,9,0,-1,a0,
10,22|3|3|2|2|2|2|2|2,9,0,-1,a0,
10,21|12|1|1|1|1|1|1|1,9,0,-1,a0,
10,21|11|2|1|1|1|1|1|1,9,0,-1,a0,
10,21|10|3|1|1|1|1|1|1,9,0,-1,a0,
10,21|10|2|2|1|1|1|1|1,9,0,-1,a0,
10,21|9|4|1|1|1|1|1|1,9,0,-1,a0,
10,21|9|3|2|1|1|1|1|1,9,0,-1,a0,
10,21|9|2|2|2|1|1|1|1,9,0,-1,a0,
10,21|8|5|1|1|1|1|1|1,9,0,-1,a0,
10,21|8|4|2|1|1|1|1|1,9,0,-1,a0,
10,21|8|3|3|1|1|1|1|1,9,0,-1,a0,
10,21|8|3|2|2|1|1|1|1,9,0,-1,a0,
10,21|8|2|2|2|2|1|1|1,9,0,-1,a0,
10,21|7|6|1|1|1|1|1|1,9,0,-1,a0,
10,21|7|5|2|1|1|1|1|1,9,0,-1,a0,
10,21|7|4|3|1|1|1|1|1,9,0,-1,a0,
10,21|7|4|2|2|1|1|1|1,9,0,-1,a0,
10,21|7|3|3|2|1|1|1|1,9,0,-1,a0,
10,21|7|3|2|2|2|1|1|1,9,0,-1,a0,
10,21|7|2|2|2|2|2|1|1,9,1,3787,silent,3786
10,21|6|6|2|1|1|1|1|1,9,0,-1,a0,
10,21|6|5|3|1|1|1|1|1,9,0,-1,a0,
10,21|6|5|2|2|1|1|1|1,9,0,-1,a0,
10,21|6|4|4|1|1|1|1|1,9,0,-1,a0,
10,21|6|4|3|2|1|1|1|1,9,0,-1,a0,
10,21|6|4|2|2|2|1|1|1,9,0,-1,a0,
10,21|6|3|3|3|1|1|1|1,9,0,-1,a0,
10,21|6|3|3|2|2|1|1|1,9,1,27252,silent,27251
10,21|6|3|2|2|2|2|1|1,9,2,12700,silent,12698
10,21|6|2|2|2|2|2|2|1,9,3,2017,silent,2014
10,21|5|5|4|1|1|1|1|1,9,0,-1,a0,
10,21|5|5|3|2|1|1|1|1,9,0,-1,a0,
10,21|5|5|2|2|2|1|1|1,9,1,14736,silent,14735
10,21|5|4|4|2|1|1|1|1,9,0,-1,a0,
10,21|5|4|3|3|1|1|1|1,9,0,-1,a0,
10,21|5|4|3|2|2|1|1|1,9,0,-1,a0,
10,21|5|4|2|2|2|2|1|1,9,2,14029,silent,14027
10,21|5|3|3|3|2|1|1|1,9,0,-1,a0,
10,21|5|3|3|2|2|2|1|1,9,1,15286,silent,15285
10,21|5|3|2|2|2|2|2|1,9,3,5006,silent,5003
10,21|5|2|2|2|2|2|2|2,9,2,591,silent,589
10,21|4|4|4|3|1|1|1|1,9,0,-1,a0,
10,21|4|4|4|2|2|1|1|1,9,0,-1,a0,
10,21|4|4|3|3|2|1|1|1,9,0,-1,a0,
10,21|4|4|3|2|2|2|1|1,9,0,-1,a0,
10,21|4|4|2|2|2|2|2|1,9,2,3182,silent,3180
10,21|4|3|3|3|3|1|1|1,9,0,-1,a0,
10,21|4|3|3|3|2|2|1|1,9,0,-1,a0,
10,21|4|3|3|2|2|2|2|1,9,0,-1,a0,
10,21|4|3|2|2|2|2|2|2,9,1,939,silent,938
10,21|3|3|3|3|3|2|1|1,9,0,-1,a0,
10,21|3|3|3|3|2|2|2|1,9,0,-1,a0,
10,21|3|3|3|2|2|2|2|2,9,0,-1,a0,
10,20|13|1|1|1|1|1|1|1,9,0,-1,a0,
10,20|12|2|1|1|1|1|1|1,9,0,-1,a0,
10,20|11|3|1|1|1|1|1|1,9,0,-1,a0,
10,20|11|2|2|1|1|1|1|1,9,0,-1,a0,
10,20|10|4|1|1|1|1|1|1,9,0,-1,a0,
10,20|10|3|2|1|1|1|1|1,9,0,-1,a0,
10,20|10|2|2|2|1|1|1|1,9,0,-1,a0,
10,20|9|5|1|1|1|1|1|1,9,0,-1,a0,
10,20|9|4|2|1|1|1|1|1,9,0,-1,a0,
10,20|9|3|3|1|1|1|1|1,9,0,-1,a0,
10,20|9|3|2|2|1|1|1|1,9,0,-1,a0,
10,20|9|2|2|2|2|1|1|1,9,0,-1,a0,
10,20|8|6|1|1|1|1|1|1,9,0,-1,a0,
10,20|8|5|2|1|1|1|1|1,9,0,-1,a0,
10,20|8|4|3|1|1|1|1|1,9,0,-1,a0,
10,20|8|4|2|2|1|1|1|1,9,0,-1,a0,
10,20|8|3|3|2|1|1|1|1,9,0,-1,a0,
10,20|8|3|2|2|2|1|1|1,9,1,31433,silent,31432
10,20|8|2|2|2|2|2|1|1,9,1,6087,silent,6086
10,20|7|7|1|1|1|1|1|1,9,0,-1,a0,
10,20|7|6|2|1|1|1|1|1,9,0,-1,a0,
10,20|7|5|3|1|1|1|1|1,9,0,-1,a0,
10,20|7|5|2|2|1|1|1|1,9,0,-1,a0,
10,20|7|4|4|1|1|1|1|1,9,0,-1,a0,
10,20|7|4|3|2|1|1|1|1,9,0,-1,a0,
10,20|7|4|2|2|2|1|1|1,9,1,59758,silent,59757
10,20|7|3|3|3|1|1|1|1,9,1,32477,silent,32476
10,20|7|3|3|2|2|1|1|1,9,2,54926,silent,54924
10,20|7|3|2|2|2|2|1|1,9,5,25006,silent,25001
10,20|7|2|2|2|2|2|2|1,9,4,3722,silent,3718
10,20|6|6|3|1|1|1|1|1,9,0,-1,a0,
10,20|6|6|2|2|1|1|1|1,9,0,-1,a0,
10,20|6|5|4|1|1|1|1|1,9,0,-1,a0,
10,20|6|5|3|2|1|1|1|1,9,1,102420,silent,102419
10,20|6|5|2|2|2|1|1|1,9,2,53420,silent,53418
10,20|6|4|4|2|1|1|1|1,9,0,-1,a0,
10,20|6|4|3|3|1|1|1|1,9,0,-1,a0,
10,20|6|4|3|2|2|1|1|1,9,2,107271,silent,107269
10,20|6|4|2|2|2|2|1|1,9,4,38341,silent,38337
10,20|6|3|3|3|2|1|1|1,9,1,44487,silent,44486
10,20|6|3|3|2|2|2|1|1,9,3,38490,silent,38487
10,20|6|3|2|2|2|2|2|1,9,5,12114,silent,12109
10,20|6|2|2|2|2|2|2|2,9,4,1327,silent,1323
10,20|5|5|5|1|1|1|1|1,9,0,-1,a0,
10,20|5|5|4|2|1|1|1|1,9,0,-1,a0,
10,20|5|5|3|3|1|1|1|1,9,0,-1,a0,
10,20|5|5|3|2|2|1|1|1,9,2,59684,silent,59682
10,20|5|5|2|2|2|2|1|1,9,4,20181,silent,20177
10,20|5|4|4|3|1|1|1|1,9,0,-1,a0,
10,20|5|4|4|2|2|1|1|1,9,0,-1,a0,
10,20|5|4|3|3|2|1|1|1,9,0,-1,a0,
10,20|5|4|3|2|2|2|1|1,9,3,54058,silent,54055
10,20|5|4|2|2|2|2|2|1,9,5,13636,silent,13631
10,20|5|3|3|3|3|1|1|1,9,0,-1,a0,
10,20|5|3|3|3|2|2|1|1,9,0,-1,a0,
10,20|5|3|3|2|2|2|2|1,9,1,14578,silent,14577
10,20|5|3|2|2|2|2|2|2,9,1,2926,silent,2925
10,20|4|4|4|4|1|1|1|1,9,0,-1,a0,
10,20|4|4|4|3|2|1|1|1,9,0,-1,a0,
10,20|4|4|4|2|2|2|1|1,9,0,-1,a0,
10,20|4|4|3|3|3|1|1|1,9,0,-1,a0,
10,20|4|4|3|3|2|2|1|1,9,0,-1,a0,
10,20|4|4|3|2|2|2|2|1,9,1,11420,silent,11419
10,20|4|4|2|2|2|2|2|2,9,3,2044,silent,2041
10,20|4|3|3|3|3|2|1|1,9,0,-1,a0,
10,20|4|3|3|3|2|2|2|1,9,0,-1,a0,
10,20|4|3|3|2|2|2|2|2,9,0,-1,a0,
10,20|3|3|3|3|3|3|1|1,9,0,-1,a0,
10,20|3|3|3|3|3|2|2|1,9,0,-1,a0,
10,20|3|3|3|3|2|2|2|2,9,0,-1,a0,
10,19|14|1|1|1|1|1|1|1,9,0,-1,a0,
10,19|13|2|1|1|1|1|1|1,9,0,-1,a0,
10,19|12|3|1|1|1|1|1|1,9,0,-1,a0,
10,19|12|2|2|1|1|1|1|1,9,0,-1,a0,
10,19|11|4|1|1|1|1|1|1,9,0,-1,a0,
10,19|11|3|2|1|1|1|1|1,9,0,-1,a0,
10,19|11|2|2|2|1|1|1|1,9,0,-1,a0,
10,19|10|5|1|1|1|1|1|1,9,0,-1,a0,
10,19|10|4|2|1|1|1|1|1,9,0,-1,a0,
10,19|10|3|3|1|1|1|1|1,9,0,-1,a0,
10,19|10|3|2|2|1|1|1|1,9,0,-1,a0,
10,19|10|2|2|2|2|1|1|1,9,0,-1,a0,
10,19|9|6|1|1|1|1|1|1,9,0,-1,a0,
10,19|9|5|2|1|1|1|1|1,9,0,-1,a0,
10,19|9|4|3|1|1|1|1|1,9,0,-1,a0,
10,19|9|4|2|2|1|1|1|1,9,0,-1,a0,
10,19|9|3|3|2|1|1|1|1,9,1,64542,silent,64541
10,19|9|3|2|2|2|1|1|1,9,2,45678,silent,45676
10,19|9|2|2|2|2|2|1|1,9,2,8772,silent,8770
10,19|8|7|1|1|1|1|1|1,9,0,-1,a0,
10,19|8|6|2|1|1|1|1|1,9,0,-1,a0,
10,19|8|5|3|1|1|1|1|1,9,0,-1,a0,
10,19|8|5|2|2|1|1|1|1,9,1,118721,silent,118720
10,19|8|4|4|1|1|1|1|1,9,0,-1,a0,
10,19|8|4|3|2|1|1|1|1,9,1,189491,silent,189490
10,19|8|4|2|2|2|1|1|1,9,3,104301,silent,104298
10,19|8|3|3|3|1|1|1|1,9,1,56178,silent,56177
10,19|8|3|3|2|2|1|1|1,9,5,93660,silent,93655
10,19|8|3|2|2|2|2|1|1,9,7,41824,silent,41817
10,19|8|2|2|2|2|2|2|1,9,5,6004,silent,5999
10,19|7|7|2|1|1|1|1|1,9,0,-1,a0,
10,19|7|6|3|1|1|1|1|1,9,0,-1,a0,
10,19|7|6|2|2|1|1|1|1,9,0,-1,a0,
10,19|7|5|4|1|1|1|1|1,9,0,-1,a0,
10,19|7|5|3|2|1|1|1|1,9,3,249545,silent,249542
10,19|7|5|2|2|2|1|1|1,9,6,127775,silent,127769
10,19|7|4|4|2|1|1|1|1,9,0,-1,a0,
10,19|7|4|3|3|1|1|1|1,9,2,153268,silent,153266
10,19|7|4|3|2|2|1|1|1,9,6,233982,silent,233976
10,19|7|4|2|2|2|2|1|1,9,10,81988,silent,81978
10,19|7|3|3|3|2|1|1|1,9,3,92416,silent,92413
10,19|7|3|3|2|2|2|1|1,9,6,78331,silent,78325
10,19|7|3|2|2|2|2|2|1,9,8,23909,silent,23901
10,19|7|2|2|2|2|2|2|2,9,3,2311,silent,2308
10,19|6|6|4|1|1|1|1|1,9,1,55362,silent,55361
10,19|6|6|3|2|1|1|1|1,9,2,120359,silent,120357
10,19|6|6|2|2|2|1|1|1,9,1,59179,silent,59178
10,19|6|5|5|1|1|1|1|1,9,0,-1,a0,
10,19|6|5|4|2|1|1|1|1,9,2,194881,silent,194879
10,19|6|5|3|3|1|1|1|1,9,2,154114,silent,154112
10,19|6|5|3|2|2|1|1|1,9,8,229277,silent,229269
10,19|6|5|2|2|2|2|1|1,9,8,74343,silent,74335
10,19|6|4|4|3|1|1|1|1,9,0,-1,a0,
10,19|6|4|4|2|2|1|1|1,9,1,161198,silent,161197
10,19|6|4|3|3|2|1|1|1,9,3,201890,silent,201887
10,19|6|4|3|2|2|2|1|1,9,8,156555,silent,156547
10,19|6|4|2|2|2|2|2|1,9,10,37845,silent,37835
10,19|6|3|3|3|3|1|1|1,9,0,-1,a0,
10,19|6|3|3|3|2|2|1|1,9,1,71520,silent,71519
10,19|6|3|3|2|2|2|2|1,9,2,37433,silent,37431
10,19|6|3|2|2|2|2|2|2,9,3,7231,silent,7228
10,19|5|5|5|2|1|1|1|1,9,1,41233,silent,41232
10,19|5|5|4|3|1|1|1|1,9,0,-1,a0,
10,19|5|5|4|2|2|1|1|1,9,4,112666,silent,112662
10,19|5|5|3|3|2|1|1|1,9,1,115668,silent,115667
10,19|5|5|3|2|2|2|1|1,9,6,87958,silent,87952
10,19|5|5|2|2|2|2|2|1,9,3,19434,silent,19431
10,19|5|4|4|4|1|1|1|1,9,0,-1,a0,
10,19|5|4|4|3|2|1|1|1,9,0,-1,a0,
10,19|5|4|4|2|2|2|1|1,9,3,78604,silent,78601
10,19|5|4|3|3|3|1|1|1,9,0,-1,a0,
10,19|5|4|3|3|2|2|1|1,9,1,110874,silent,110873
10,19|5|4|3|2|2|2|2|1,9,5,54165,silent,54160
10,19|5|4|2|2|2|2|2|2,9,3,8254,silent,8251
10,19|5|3|3|3|3|2|1|1,9,0,-1,a0,
10,19|5|3|3|3|2|2|2|1,9,0,-1,a0,
10,19|5|3|3|2|2|2|2|2,9,0,-1,a0,
10,19|4|4|4|4|2|1|1|1,9,0,-1,a0,
10,19|4|4|4|3|3|1|1|1,9,0,-1,a0,
10,19|4|4|4|3|2|2|1|1,9,0,-1,a0,
10,19|4|4|4|2|2|2|2|1,9,2,15185,silent,15183
10,19|4|4|3|3|3|2|1|1,9,0,-1,a0,
10,19|4|4|3|3|2|2|2|1,9,0,-1,a0,
10,19|4|4|3|2|2|2|2|2,9,1,7010,silent,7009
10,19|4|3|3|3|3|3|1|1,9,0,-1,a0,
10,19|4|3|3|3|3|2|2|1,9,0,-1,a0,
10,19|4|3|3|3|2|2|2|2,9,0,-1,a0,
10,19|3|3|3|3|3|3|2|1,9,0,-1,a0,
10,19|3|3|3|3|3|2|2|2,9,0,-1,a0,
10,18|15|1|1|1|1|1|1|1,9,0,-1,a0,
10,18|14|2|1|1|1|1|1|1,9,0,-1,a0,
10,18|13|3|1|1|1|1|1|1,9,0,-1,a0,
10,18|13|2|2|1|1|1|1|1,9,0,-1,a0,
10,18|12|4|1|1|1|1|1|1,9,0,-1,a0,
10,18|12|3|2|1|1|1|1|1,9,0,-1,a0,
10,18|12|2|2|2|1|1|1|1,9,0,-1,a0,
10,18|11|5|1|1|1|1|1|1,9,0,-1,a0,
10,18|11|4|2|1|1|1|1|1,9,0,-1,a0,
10,18|11|3|3|1|1|1|1|1,9,0,-1,a0,
10,18|11|3|2|2|1|1|1|1,9,0,-1,a0,
10,18|11|2|2|2|2|1|1|1,9,0,-1,a0,
10,18|10|6|1|1|1|1|1|1,9,0,-1,a0,
10,18|10|5|2|1|1|1|1|1,9,0,-1,a0,
10,18|10|4|3|1|1|1|1|1,9,0,-1,a0,
10,18|10|4|2|2|1|1|1|1,9,1,103505,silent,103504
10,18|10|3|3|2|1|1|1|1,9,2,82356,silent,82354
10,18|10|3|2|2|2|1|1|1,9,3,57693,silent,57690
10,18|10|2|2|2|2|2|1|1,9,2,10866,silent,10864
10,18|9|7|1|1|1|1|1|1,9,0,-1,a0,
10,18|9|6|2|1|1|1|1|1,9,0,-1,a0,
10,18|9|5|3|1|1|1|1|1,9,1,174288,silent,174287
10,18|9|5|2|2|1|1|1|1,9,2,181527,silent,181525
10,18|9|4|4|1|1|1|1|1,9,0,-1,a0,
10,18|9|4|3|2|1|1|1|1,9,4,282966,silent,282962
10,18|9|4|2|2|2|1|1|1,9,6,154456,silent,154450
10,18|9|3|3|3|1|1|1|1,9,3,82758,silent,82755
10,18|9|3|3|2|2|1|1|1,9,8,136616,silent,136608
10,18|9|3|2|2|2|2|1|1,9,10,60316,silent,60306
10,18|9|2|2|2|2|2|2|1,9,6,8399,silent,8393
10,18|8|8|1|1|1|1|1|1,9,0,-1,a0,
10,18|8|7|2|1|1|1|1|1,9,0,-1,a0,
10,18|8|6|3|1|1|1|1|1,9,1,191565,silent,191564
10,18|8|6|2|2|1|1|1|1,9,3,192528,silent,192525
10,18|8|5|4|1|1|1|1|1,9,1,202929,silent,202928
10,18|8|5|3|2|1|1|1|1,9,8,467268,silent,467260
10,18|8|5|2|2|2|1|1|1,9,12,235646,silent,235634
10,18|8|4|4|2|1|1|1|1,9,2,286189,silent,286187
10,18|8|4|3|3|1|1|1|1,9,4,273368,silent,273364
10,18|8|4|3|2|2|1|1|1,9,14,413771,silent,413757
10,18|8|4|2|2|2|2|1|1,9,14,142446,silent,142432
10,18|8|3|3|3|2|1|1|1,9,5,159421,silent,159416
10,18|8|3|3|2|2|2|1|1,9,11,133336,silent,133325
10,18|8|3|2|2|2|2|2|1,9,10,39890,silent,39880
10,18|8|2|2|2|2|2|2|2,9,5,3749,silent,3744
10,18|7|7|3|1|1|1|1|1,9,0,-1,a0,
10,18|7|7|2|2|1|1|1|1,9,0,-1,a0,
10,18|7|6|4|1|1|1|1|1,9,1,181174,silent,181173
10,18|7|6|3|2|1|1|1|1,9,7,386739,silent,386732
10,18|7|6|2|2|2|1|1|1,9,7,188226,silent,188219
10,18|7|5|5|1|1|1|1|1,9,1,102376,silent,102375
10,18|7|5|4|2|1|1|1|1,9,7,490401,silent,490394
10,18|7|5|3|3|1|1|1|1,9,8,380453,silent,380445
10,18|7|5|3|2|2|1|1|1,9,21,559948,silent,559927
10,18|7|5|2|2|2|2|1|1,9,19,177962,silent,177943
10,18|7|4|4|3|1|1|1|1,9,1,302707,silent,302706
10,18|7|4|4|2|2|1|1|1,9,6,365604,silent,365598
10,18|7|4|3|3|2|1|1|1,9,9,446938,silent,446929
10,18|7|4|3|2|2|2|1|1,9,18,342066,silent,342048
10,18|7|4|2|2|2|2|2|1,9,15,80090,silent,80075
10,18|7|3|3|3|3|1|1|1,9,1,84378,silent,84377
10,18|7|3|3|3|2|2|1|1,9,2,148853,silent,148851
10,18|7|3|3|2|2|2|2|1,9,4,76644,silent,76640
10,18|7|3|2|2|2|2|2|2,9,3,14129,silent,14126
10,18|6|6|5|1|1|1|1|1,9,2,66961,silent,66959
10,18|6|6|4|2|1|1|1|1,9,5,256232,silent,256227
10,18|6|6|3|3|1|1|1|1,9,4,187821,silent,187817
10,18|6|6|3|2|2|1|1|1,9,8,271296,silent,271288
10,18|6|6|2|2|2|2|1|1,9,4,83161,silent,83157
10,18|6|5|5|2|1|1|1|1,9,5,189003,silent,188998
10,18|6|5|4|3|1|1|1|1,9,5,390355,silent,390350
10,18|6|5|4|2|2|1|1|1,9,12,461228,silent,461216
10,18|6|5|3|3|2|1|1|1,9,9,458712,silent,458703
10,18|6|5|3|2|2|2|1|1,9,17,340200,silent,340183
10,18|6|5|2|2|2|2|2|1,9,10,73097,silent,73087
10,18|6|4|4|4|1|1|1|1,9,0,-1,a0,
10,18|6|4|4|3|2|1|1|1,9,3,406254,silent,406251
10,18|6|4|4|2|2|2|1|1,9,7,244217,silent,244210
10,18|6|4|3|3|3|1|1|1,9,1,196156,silent,196155
10,18|6|4|3|3|2|2|1|1,9,6,331493,silent,331487
10,18|6|4|3|2|2|2|2|1,9,10,157896,silent,157886
10,18|6|4|2|2|2|2|2|2,9,7,23112,silent,23105
10,18|6|3|3|3|3|2|1|1,9,0,-1,a0,
10,18|6|3|3|3|2|2|2|1,9,0,-1,a0,
10,18|6|3|3|2|2|2|2|2,9,0,-1,a0,
10,18|5|5|5|3|1|1|1|1,9,2,90638,silent,90636
10,18|5|5|5|2|2|1|1|1,9,6,102007,silent,102001
10,18|5|5|4|4|1|1|1|1,9,0,-1,a0,
10,18|5|5|4|3|2|1|1|1,9,4,292524,silent,292520
10,18|5|5|4|2|2|2|1|1,9,9,172663,silent,172654
10,18|5|5|3|3|3|1|1|1,9,0,-1,a0,
10,18|5|5|3|3|2|2|1|1,9,2,192269,silent,192267
10,18|5|5|3|2|2|2|2|1,9,4,88625,silent,88621
10,18|5|5|2|2|2|2|2|2,9,0,-1,a0,
10,18|5|4|4|4|2|1|1|1,9,0,-1,a0,
10,18|5|4|4|3|3|1|1|1,9,0,-1,a0,
10,18|5|4|4|3|2|2|1|1,9,3,216840,silent,216837
10,18|5|4|4|2|2|2|2|1,9,6,81788,silent,81782
10,18|5|4|3|3|3|2|1|1,9,0,-1,a0,
10,18|5|4|3|3|2|2|2|1,9,1,118281,silent,118280
10,18|5|4|3|2|2|2|2|2,9,2,33047,silent,33045
10,18|5|3|3|3|3|3|1|1,9,0,-1,a0,
10,18|5|3|3|3|3|2|2|1,9,0,-1,a0,
10,18|5|3|3|3|2|2|2|2,9,0,-1,a0,
10,18|4|4|4|4|3|1|1|1,9,0,-1,a0,
10,18|4|4|4|4|2|2|1|1,9,0,-1,a0,
10,18|4|4|4|3|3|2|1|1,9,0,-1,a0,
10,18|4|4|4|3|2|2|2|1,9,1,42000,silent,41999
10,18|4|4|4|2|2|2|2|2,9,3,9856,silent,9853
10,18|4|4|3|3|3|3|1|1,9,0,-1,a0,
10,18|4|4|3|3|3|2|2|1,9,0,-1,a0,
10,18|4|4|3|3|2|2|2|2,9,0,-1,a0,
10,18|4|3|3|3|3|3|2|1,9,0,-1,a0,
10,18|4|3|3|3|3|2|2|2,9,0,-1,a0,
10,18|3|3|3|3|3|3|3|1,9,0,-1,a0,
10,18|3|3|3|3|3|3|2|2,9,0,-1,a0,
10,17|16|1|1|1|1|1|1|1,9,0,-1,a0,
10,17|15|2|1|1|1|1|1|1,9,0,-1,a0,
10,17|14|3|1|1|1|1|1|1,9,0,-1,a0,
10,17|14|2|2|1|1|1|1|1,9,0,-1,a0,
10,17|13|4|1|1|1|1|1|1,9,0,-1,a0,
10,17|13|3|2|1|1|1|1|1,9,0,-1,a0,
10,17|13|2|2|2|1|1|1|1,9,0,-1,a0,
10,17|12|5|1|1|1|1|1|1,9,0,-1,a0,
10,17|12|4|2|1|1|1|1|1,9,0,-1,a0,
10,17|12|3|3|1|1|1|1|1,9,0,-1,a0,
10,17|12|3|2|2|1|1|1|1,9,0,-1,a0,
10,17|12|2|2|2|2|1|1|1,9,0,-1,a0,
10,17|11|6|1|1|1|1|1|1,9,0,-1,a0,
10,17|11|5|2|1|1|1|1|1,9,0,-1,a0,
10,17|11|4|3|1|1|1|1|1,9,1,102457,silent,102456
10,17|11|4|2|2|1|1|1|1,9,1,114223,silent,114222
10,17|11|3|3|2|1|1|1|1,9,3,90727,silent,90724
10,17|11|3|2|2|2|1|1|1,9,4,63164,silent,63160
10,17|11|2|2|2|2|2|1|1,9,3,11893,silent,11890
10,17|10|7|1|1|1|1|1|1,9,0,-1,a0,
10,17|10|6|2|1|1|1|1|1,9,1,130002,silent,130001
10,17|10|5|3|1|1|1|1|1,9,2,225077,silent,225075
10,17|10|5|2|2|1|1|1|1,9,5,233066,silent,233061
10,17|10|4|4|1|1|1|1|1,9,1,124597,silent,124596
10,17|10|4|3|2|1|1|1|1,9,8,358238,silent,358230
10,17|10|4|2|2|2|1|1|1,9,9,194176,silent,194167
10,17|10|3|3|3|1|1|1|1,9,4,103890,silent,103886
10,17|10|3|3|2|2|1|1|1,9,11,170358,silent,170347
10,17|10|3|2|2|2|2|1|1,9,11,74514,silent,74503
10,17|10|2|2|2|2|2|2|1,9,6,10192,silent,10186
10,17|9|8|1|1|1|1|1|1,9,0,-1,a0,
10,17|9|7|2|1|1|1|1|1,9,0,-1,a0,
10,17|9|6|3|1|1|1|1|1,9,4,305147,silent,305143
10,17|9|6|2|2|1|1|1|1,9,6,304825,silent,304819
10,17|9|5|4|1|1|1|1|1,9,3,310117,silent,310114
10,17|9|5|3|2|1|1|1|1,9,18,707650,silent,707632
10,17|9|5|2|2|2|1|1|1,9,19,354233,silent,354214
10,17|9|4|4|2|1|1|1|1,9,5,424620,silent,424615
10,17|9|4|3|3|1|1|1|1,9,10,403324,silent,403314
10,17|9|4|3|2|2|1|1|1,9,23,607272,silent,607249
10,17|9|4|2|2|2|2|1|1,9,22,207368,silent,207346
10,17|9|3|3|3|2|1|1|1,9,9,230370,silent,230361
10,17|9|3|3|2|2|2|1|1,9,13,190825,silent,190812
10,17|9|3|2|2|2|2|2|1,9,12,56274,silent,56262
10,17|9|2|2|2|2|2|2|2,9,3,4947,silent,4944
10,17|8|8|2|1|1|1|1|1,9,1,53302,silent,53301
10,17|8|7|3|1|1|1|1|1,9,2,228563,silent,228561
10,17|8|7|2|2|1|1|1|1,9,5,225239,silent,225234
10,17|8|6|4|1|1|1|1|1,9,6,377294,silent,377288
10,17|8|6|3|2|1|1|1|1,9,19,793110,silent,793091
10,17|8|6|2|2|2|1|1|1,9,16,381453,silent,381437
10,17|8|5|5|1|1|1|1|1,9,3,198349,silent,198346
10,17|8|5|4|2|1|1|1|1,9,19,921699,silent,921680
10,17|8|5|3|3|1|1|1|1,9,15,707190,silent,707175
10,17|8|5|3|2|2|1|1|1,9,41,1032559,silent,1032518
10,17|8|5|2|2|2|2|1|1,9,28,323466,silent,323438
10,17|8|4|4|3|1|1|1|1,9,6,542482,silent,542476
10,17|8|4|4|2|2|1|1|1,9,13,651712,silent,651699
10,17|8|4|3|3|2|1|1|1,9,18,787060,silent,787042
10,17|8|4|3|2|2|2|1|1,9,30,596564,silent,596534
10,17|8|4|2|2|2|2|2|1,9,20,137228,silent,137208
10,17|8|3|3|3|3|1|1|1,9,1,144907,silent,144906
10,17|8|3|3|3|2|2|1|1,9,5,253271,silent,253266
10,17|8|3|3|2|2|2|2|1,9,6,128861,silent,128855
10,17|8|3|2|2|2|2|2|2,9,4,23260,silent,23256
10,17|7|7|4|1|1|1|1|1,9,0,-1,a0,
10,17|7|7|3|2|1|1|1|1,9,7,355971,silent,355964
10,17|7|7|2|2|2|1|1|1,9,9,169956,silent,169947
10,17|7|6|5|1|1|1|1|1,9,4,228426,silent,228422
10,17|7|6|4|2|1|1|1|1,9,16,837397,silent,837381
10,17|7|6|3|3|1|1|1|1,9,15,602879,silent,602864
10,17|7|6|3|2|2|1|1|1,9,30,865914,silent,865884
10,17|7|6|2|2|2|2|1|1,9,19,261769,silent,261750
10,17|7|5|5|2|1|1|1|1,9,15,496775,silent,496760
10,17|7|5|4|3|1|1|1|1,9,16,981853,silent,981837
10,17|7|5|4|2|2|1|1|1,9,35,1151441,silent,1151406
10,17|7|5|3|3|2|1|1|1,9,25,1122027,silent,1122002
10,17|7|5|3|2|2|2|1|1,9,37,822307,silent,822270
10,17|7|5|2|2|2|2|2|1,9,17,172377,silent,172360
10,17|7|4|4|4|1|1|1|1,9,0,-1,a0,
10,17|7|4|4|3|2|1|1|1,9,11,921712,silent,921701
10,17|7|4|4|2|2|2|1|1,9,19,549283,silent,549264
10,17|7|4|3|3|3|1|1|1,9,5,433820,silent,433815
10,17|7|4|3|3|2|2|1|1,9,12,727545,silent,727533
10,17|7|4|3|2|2|2|2|1,9,17,341124,silent,341107
10,17|7|4|2|2|2|2|2|2,9,6,47605,silent,47599
10,17|7|3|3|3|3|2|1|1,9,0,-1,a0,
10,17|7|3|3|3|2|2|2|1,9,0,-1,a0,
10,17|7|3|3|2|2|2|2|2,9,1,45243,silent,45242
10,17|6|6|6|1|1|1|1|1,9,2,44114,silent,44112
10,17|6|6|5|2|1|1|1|1,9,9,325383,silent,325374
10,17|6|6|4|3|1|1|1|1,9,11,524475,silent,524464
10,17|6|6|4|2|2|1|1|1,9,11,604378,silent,604367
10,17|6|6|3|3|2|1|1|1,9,14,558730,silent,558716
10,17|6|6|3|2|2|2|1|1,9,14,402015,silent,402001
10,17|6|6|2|2|2|2|2|1,9,8,82313,silent,82305
10,17|6|5|5|3|1|1|1|1,9,11,419136,silent,419125
10,17|6|5|5|2|2|1|1|1,9,18,461180,silent,461162
10,17|6|5|4|4|1|1|1|1,9,4,366700,silent,366696
10,17|6|5|4|3|2|1|1|1,9,20,1216292,silent,1216272
10,17|6|5|4|2|2|2|1|1,9,23,703192,silent,703169
10,17|6|5|3|3|3|1|1|1,9,3,458042,silent,458039
10,17|6|5|3|3|2|2|1|1,9,12,758271,silent,758259
10,17|6|5|3|2|2|2|2|1,9,13,342735,silent,342722
10,17|6|5|2|2|2|2|2|2,9,4,43690,silent,43686
10,17|6|4|4|4|2|1|1|1,9,1,381538,silent,381537
10,17|6|4|4|3|3|1|1|1,9,3,441455,silent,441452
10,17|6|4|4|3|2|2|1|1,9,10,685066,silent,685056
10,17|6|4|4|2|2|2|2|1,9,13,252601,silent,252588
10,17|6|4|3|3|3|2|1|1,9,1,425704,silent,425703
10,17|6|4|3|3|2|2|2|1,9,3,352194,silent,352191
10,17|6|4|3|2|2|2|2|2,9,4,95903,silent,95899
10,17|6|3|3|3|3|3|1|1,9,0,-1,a0,
10,17|6|3|3|3|3|2|2|1,9,0,-1,a0,
10,17|6|3|3|3|2|2|2|2,9,0,-1,a0,
10,17|5|5|5|4|1|1|1|1,9,4,109636,silent,109632
10,17|5|5|5|3|2|1|1|1,9,7,292984,silent,292977
10,17|5|5|5|2|2|2|1|1,9,6,158563,silent,158557
10,17|5|5|4|4|2|1|1|1,9,5,298591,silent,298586
10,17|5|5|4|3|3|1|1|1,9,1,323288,silent,323287
10,17|5|5|4|3|2|2|1|1,9,8,499800,silent,499792
10,17|5|5|4|2|2|2|2|1,9,5,177562,silent,177557
10,17|5|5|3|3|3|2|1|1,9,0,-1,a0,
10,17|5|5|3|3|2|2|2|1,9,2,206716,silent,206714
10,17|5|5|3|2|2|2|2|2,9,1,53716,silent,53715
10,17|5|4|4|4|3|1|1|1,9,0,-1,a0,
10,17|5|4|4|4|2|2|1|1,9,3,209573,silent,209570
10,17|5|4|4|3|3|2|1|1,9,1,309900,silent,309899
10,17|5|4|4|3|2|2|2|1,9,5,237016,silent,237011
10,17|5|4|4|2|2|2|2|2,9,3,51051,silent,51048
10,17|5|4|3|3|3|3|1|1,9,0,-1,a0,
10,17|5|4|3|3|3|2|2|1,9,0,-1,a0,
10,17|5|4|3|3|2|2|2|2,9,0,-1,a0,
10,17|5|3|3|3|3|3|2|1,9,0,-1,a0,
10,17|5|3|3|3|3|2|2|2,9,0,-1,a0,
10,17|4|4|4|4|4|1|1|1,9,0,-1,a0,
10,17|4|4|4|4|3|2|1|1,9,0,-1,a0,
10,17|4|4|4|4|2|2|2|1,9,2,39996,silent,39994
10,17|4|4|4|3|3|3|1|1,9,0,-1,a0,
10,17|4|4|4|3|3|2|2|1,9,0,-1,a0,
10,17|4|4|4|3|2|2|2|2,9,1,27171,silent,27170
10,17|4|4|3|3|3|3|2|1,9,0,-1,a0,
10,17|4|4|3|3|3|2|2|2,9,0,-1,a0,
10,17|4|3|3|3|3|3|3|1,9,0,-1,a0,
10,17|4|3|3|3|3|3|2|2,9,0,-1,a0,
10,17|3|3|3|3|3|3|3|2,9,0,-1,a0,
10,16|16|2|1|1|1|1|1|1,9,0,-1,a0,
10,16|15|3|1|1|1|1|1|1,9,0,-1,a0,
10,16|15|2|2|1|1|1|1|1,9,0,-1,a0,
10,16|14|4|1|1|1|1|1|1,9,0,-1,a0,
10,16|14|3|2|1|1|1|1|1,9,0,-1,a0,
10,16|14|2|2|2|1|1|1|1,9,0,-1,a0,
10,16|13|5|1|1|1|1|1|1,9,0,-1,a0,
10,16|13|4|2|1|1|1|1|1,9,0,-1,a0,
10,16|13|3|3|1|1|1|1|1,9,0,-1,a0,
10,16|13|3|2|2|1|1|1|1,9,0,-1,a0,
10,16|13|2|2|2|2|1|1|1,9,0,-1,a0,
10,16|12|6|1|1|1|1|1|1,9,0,-1,a0,
10,16|12|5|2|1|1|1|1|1,9,0,-1,a0,
10,16|12|4|3|1|1|1|1|1,9,1,95191,silent,95190
10,16|12|4|2|2|1|1|1|1,9,2,105931,silent,105929
10,16|12|3|3|2|1|1|1|1,9,3,83715,silent,83712
10,16|12|3|2|2|2|1|1|1,9,4,58033,silent,58029
10,16|12|2|2|2|2|2|1|1,9,2,10775,silent,10773
10,16|11|7|1|1|1|1|1|1,9,0,-1,a0,
10,16|11|6|2|1|1|1|1|1,9,2,141556,silent,141554
10,16|11|5|3|1|1|1|1|1,9,4,241679,silent,241675
10,16|11|5|2|2|1|1|1|1,9,6,249385,silent,249379
10,16|11|4|4|1|1|1|1|1,9,2,132660,silent,132658
10,16|11|4|3|2|1|1|1|1,9,11,380187,silent,380176
10,16|11|4|2|2|2|1|1|1,9,11,205361,silent,205350
10,16|11|3|3|3|1|1|1|1,9,6,109732,silent,109726
10,16|11|3|3|2|2|1|1|1,9,12,179137,silent,179125
10,16|11|3|2|2|2|2|1|1,9,12,77977,silent,77965
10,16|11|2|2|2|2|2|2|1,9,5,10507,silent,10502
10,16|10|8|1|1|1|1|1|1,9,0,-1,a0,
10,16|10|7|2|1|1|1|1|1,9,2,168496,silent,168494
10,16|10|6|3|1|1|1|1|1,9,8,390719,silent,390711
10,16|10|6|2|2|1|1|1|1,9,12,388721,silent,388709
10,16|10|5|4|1|1|1|1|1,9,7,388275,silent,388268
10,16|10|5|3|2|1|1|1|1,9,28,879667,silent,879639
10,16|10|5|2|2|2|1|1|1,9,25,437564,silent,437539
10,16|10|4|4|2|1|1|1|1,9,11,522256,silent,522245
10,16|10|4|3|3|1|1|1|1,9,13,493627,silent,493614
10,16|10|4|3|2|2|1|1|1,9,32,740609,silent,740577
10,16|10|4|2|2|2|2|1|1,9,22,250827,silent,250805
10,16|10|3|3|3|2|1|1|1,9,11,278669,silent,278658
10,16|10|3|3|2|2|2|1|1,9,16,229560,silent,229544
10,16|10|3|2|2|2|2|2|1,9,12,67066,silent,67054
10,16|10|2|2|2|2|2|2|2,9,5,5885,silent,5880
10,16|9|9|1|1|1|1|1|1,9,0,-1,a0,
10,16|9|8|2|1|1|1|1|1,9,2,118415,silent,118413
10,16|9|7|3|1|1|1|1|1,9,7,391302,silent,391295
10,16|9|7|2|2|1|1|1|1,9,10,383583,silent,383573
10,16|9|6|4|1|1|1|1|1,9,12,587545,silent,587533
10,16|9|6|3|2|1|1|1|1,9,37,1225563,silent,1225526
10,16|9|6|2|2|2|1|1|1,9,28,586287,silent,586259
10,16|9|5|5|1|1|1|1|1,9,7,299198,silent,299191
10,16|9|5|4|2|1|1|1|1,9,34,1366804,silent,1366770
10,16|9|5|3|3|1|1|1|1,9,30,1042068,silent,1042038
10,16|9|5|3|2|2|1|1|1,9,63,1514949,silent,1514886
10,16|9|5|2|2|2|2|1|1,9,39,470874,silent,470835
10,16|9|4|4|3|1|1|1|1,9,12,783898,silent,783886
10,16|9|4|4|2|2|1|1|1,9,24,939526,silent,939502
10,16|9|4|3|3|2|1|1|1,9,29,1125671,silent,1125642
10,16|9|4|3|2|2|2|1|1,9,40,848488,silent,848448
10,16|9|4|2|2|2|2|2|1,9,23,192670,silent,192647
10,16|9|3|3|3|3|1|1|1,9,3,204336,silent,204333
10,16|9|3|3|3|2|2|1|1,9,6,354892,silent,354886
10,16|9|3|3|2|2|2|2|1,9,7,179227,silent,179220
10,16|9|3|2|2|2|2|2|2,9,4,31681,silent,31677
10,16|8|8|3|1|1|1|1|1,9,4,168556,silent,168552
10,16|8|8|2|2|1|1|1|1,9,7,163519,silent,163512
10,16|8|7|4|1|1|1|1|1,9,8,461967,silent,461959
10,16|8|7|3|2|1|1|1|1,9,25,933302,silent,933277
10,16|8|7|2|2|2|1|1|1,9,22,439263,silent,439241
10,16|8|6|5|1|1|1|1|1,9,12,475884,silent,475872
10,16|8|6|4|2|1|1|1|1,9,44,1698722,silent,1698678
10,16|8|6|3|3|1|1|1|1,9,30,1209719,silent,1209689
10,16|8|6|3|2|2|1|1|1,9,61,1727126,silent,1727065
10,16|8|6|2|2|2|2|1|1,9,30,515614,silent,515584
10,16|8|5|5|2|1|1|1|1,9,29,935118,silent,935089
10,16|8|5|4|3|1|1|1|1,9,37,1806505,silent,1806468
10,16|8|5|4|2|2|1|1|1,9,64,2105548,silent,2105484
10,16|8|5|3|3|2|1|1|1,9,47,2031118,silent,2031071
10,16|8|5|3|2|2|2|1|1,9,62,1476210,silent,1476148
10,16|8|5|2|2|2|2|2|1,9,24,305518,silent,305494
10,16|8|4|4|4|1|1|1|1,9,4,456548,silent,456544
10,16|8|4|4|3|2|1|1|1,9,25,1611422,silent,1611397
10,16|8|4|4|2|2|2|1|1,9,28,953010,silent,952982
10,16|8|4|3|3|3|1|1|1,9,7,748370,silent,748363
10,16|8|4|3|3|2|2|1|1,9,23,1248815,silent,1248792
10,16|8|4|3|2|2|2|2|1,9,23,579581,silent,579558
10,16|8|4|2|2|2|2|2|2,9,10,79672,silent,79662
10,16|8|3|3|3|3|2|1|1,9,0,-1,a0,
10,16|8|3|3|3|2|2|2|1,9,1,257257,silent,257256
10,16|8|3|3|2|2|2|2|2,9,0,-1,a0,
10,16|7|7|5|1|1|1|1|1,9,3,236791,silent,236788
10,16|7|7|4|2|1|1|1|1,9,16,792749,silent,792733
10,16|7|7|3|3|1|1|1|1,9,15,551467,silent,551452
10,16|7|7|3|2|2|1|1|1,9,29,784714,silent,784685
10,16|7|7|2|2|2|2|1|1,9,19,231527,silent,231508
10,16|7|6|6|1|1|1|1|1,9,3,161627,silent,161624
10,16|7|6|5|2|1|1|1|1,9,29,1093358,silent,1093329
10,16|7|6|4|3|1|1|1|1,9,33,1690247,silent,1690214
10,16|7|6|4|2|2|1|1|1,9,52,1940479,silent,1940427
10,16|7|6|3|3|2|1|1|1,9,41,1755878,silent,1755837
10,16|7|6|3|2|2|2|1|1,9,44,1253522,silent,1253478
10,16|7|6|2|2|2|2|2|1,9,17,250199,silent,250182
10,16|7|5|5|3|1|1|1|1,9,30,1085549,silent,1085519
10,16|7|5|5|2|2|1|1|1,9,42,1183930,silent,1183888
10,16|7|5|4|4|1|1|1|1,9,13,916144,silent,916131
10,16|7|5|4|3|2|1|1|1,9,55,2997815,silent,2997760
10,16|7|5|4|2|2|2|1|1,9,54,1716664,silent,1716610
10,16|7|5|3|3|3|1|1|1,9,11,1103480,silent,1103469
10,16|7|5|3|3|2|2|1|1,9,26,1814919,silent,1814893
10,16|7|5|3|2|2|2|2|1,9,24,809953,silent,809929
10,16|7|5|2|2|2|2|2|2,9,4,100179,silent,100175
10,16|7|4|4|4|2|1|1|1,9,7,863242,silent,863235
10,16|7|4|4|3|3|1|1|1,9,8,985031,silent,985023
10,16|7|4|4|3|2|2|1|1,9,24,1523040,silent,1523016
10,16|7|4|4|2|2|2|2|1,9,20,553110,silent,553090
10,16|7|4|3|3|3|2|1|1,9,3,923623,silent,923620
10,16|7|4|3|3|2|2|2|1,9,6,758084,silent,758078
10,16|7|4|3|2|2|2|2|2,9,5,202397,silent,202392
10,16|7|3|3|3|3|3|1|1,9,0,-1,a0,
10,16|7|3|3|3|3|2|2|1,9,0,-1,a0,
10,16|7|3|3|3|2|2|2|2,9,0,-1,a0,
10,16|6|6|6|2|1|1|1|1,9,5,214137,silent,214132
10,16|6|6|5|3|1|1|1|1,9,19,727243,silent,727224
10,16|6|6|5|2|2|1|1|1,9,18,778907,silent,778889
10,16|6|6|4|4|1|1|1|1,9,9,508122,silent,508113
10,16|6|6|4|3|2|1|1|1,9,28,1614726,silent,1614698
10,16|6|6|4|2|2|2|1|1,9,18,908897,silent,908879
10,16|6|6|3|3|3|1|1|1,9,7,559097,silent,559090
10,16|6|6|3|3|2|2|1|1,9,16,910900,silent,910884
10,16|6|6|3|2|2|2|2|1,9,12,400804,silent,400792
10,16|6|6|2|2|2|2|2|2,9,6,49064,silent,49058
10,16|6|5|5|4|1|1|1|1,9,13,509490,silent,509477
10,16|6|5|5|3|2|1|1|1,9,29,1327556,silent,1327527
10,16|6|5|5|2|2|2|1|1,9,20,704706,silent,704686
10,16|6|5|4|4|2|1|1|1,9,17,1252181,silent,1252164
10,16|6|5|4|3|3|1|1|1,9,12,1335876,silent,1335864
10,16|6|5|4|3|2|2|1|1,9,29,2042449,silent,2042420
10,16|6|5|4|2|2|2|2|1,9,18,714323,silent,714305
10,16|6|5|3|3|3|2|1|1,9,3,990890,silent,990887
10,16|6|5|3|3|2|2|2|1,9,6,800342,silent,800336
10,16|6|5|3|2|2|2|2|2,9,3,205153,silent,205150
10,16|6|4|4|4|3|1|1|1,9,3,540063,silent,540060
10,16|6|4|4|4|2|2|1|1,9,7,671641,silent,671634
10,16|6|4|4|3|3|2|1|1,9,6,974044,silent,974038
10,16|6|4|4|3|2|2|2|1,9,11,736602,silent,736591
10,16|6|4|4|2|2|2|2|2,9,8,155080,silent,155072
10,16|6|4|3|3|3|3|1|1,9,0,-1,a0,
10,16|6|4|3|3|3|2|2|1,9,0,-1,a0,
10,16|6|4|3|3|2|2|2|2,9,0,-1,a0,
10,16|6|3|3|3|3|3|2|1,9,0,-1,a0,
10,16|6|3|3|3|3|2|2|2,9,0,-1,a0,
10,16|5|5|5|5|1|1|1|1,9,4,61999,silent,61995
10,16|5|5|5|4|2|1|1|1,9,11,388258,silent,388247
10,16|5|5|5|3|3|1|1|1,9,2,336064,silent,336062
10,16|5|5|5|3|2|2|1|1,9,6,503133,silent,503127
10,16|5|5|5|2|2|2|2|1,9,1,161941,silent,161940
10,16|5|5|4|4|3|1|1|1,9,4,430869,silent,430865
10,16|5|5|4|4|2|2|1|1,9,10,532027,silent,532017
10,16|5|5|4|3|3|2|1|1,9,2,723771,silent,723769
10,16|5|5|4|3|2|2|2|1,9,5,541097,silent,541092
10,16|5|5|4|2|2|2|2|2,9,0,-1,a0,
10,16|5|5|3|3|3|3|1|1,9,0,-1,a0,
10,16|5|5|3|3|3|2|2|1,9,0,-1,a0,
10,16|5|5|3|3|2|2|2|2,9,1,129575,silent,129574
10,16|5|4|4|4|4|1|1|1,9,0,-1,a0,
10,16|5|4|4|4|3|2|1|1,9,3,392054,silent,392051
10,16|5|4|4|4|2|2|2|1,9,6,235143,silent,235137
10,16|5|4|4|3|3|3|1|1,9,0,-1,a0,
10,16|5|4|4|3|3|2|2|1,9,1,373935,silent,373934
10,16|5|4|4|3|2|2|2|2,9,2,150697,silent,150695
10,16|5|4|3|3|3|3|2|1,9,0,-1,a0,
10,16|5|4|3|3|3|2|2|2,9,0,-1,a0,
10,16|5|3|3|3|3|3|3|1,9,0,-1,a0,
10,16|5|3|3|3|3|3|2|2,9,0,-1,a0,
10,16|4|4|4|4|4|2|1|1,9,0,-1,a0,
10,16|4|4|4|4|3|3|1|1,9,0,-1,a0,
10,16|4|4|4|4|3|2|2|1,9,1,81873,silent,81872
10,16|4|4|4|4|2|2|2|2,9,3,26748,silent,26745
10,16|4|4|4|3|3|3|2|1,9,0,-1,a0,
10,16|4|4|4|3|3|2|2|2,9,0,-1,a0,
10,16|4|4|3|3|3|3|3|1,9,0,-1,a0,
10,16|4|4|3|3|3|3|2|2,9,0,-1,a0,
10,16|4|3|3|3|3|3|3|2,9,0,-1,a0,
10,16|3|3|3|3|3|3|3|3,9,0,-1,a0,
10,15|15|4|1|1|1|1|1|1,9,0,-1,a0,
10,15|15|3|2|1|1|1|1|1,9,0,-1,a0,
10,15|15|2|2|2|1|1|1|1,9,0,-1,a0,
10,15|14|5|1|1|1|1|1|1,9,0,-1,a0,
10,15|14|4|2|1|1|1|1|1,9,0,-1,a0,
10,15|14|3|3|1|1|1|1|1,9,0,-1,a0,
10,15|14|3|2|2|1|1|1|1,9,0,-1,a0,
10,15|14|2|2|2|2|1|1|1,9,0,-1,a0,
10,15|13|6|1|1|1|1|1|1,9,0,-1,a0,
10,15|13|5|2|1|1|1|1|1,9,0,-1,a0,
10,15|13|4|3|1|1|1|1|1,9,1,67913,silent,67912
10,15|13|4|2|2|1|1|1|1,9,1,75337,silent,75336
10,15|13|3|3|2|1|1|1|1,9,3,59673,silent,59670
10,15|13|3|2|2|2|1|1|1,9,3,41285,silent,41282
10,15|13|2|2|2|2|2|1|1,9,2,7744,silent,7742
10,15|12|7|1|1|1|1|1|1,9,0,-1,a0,
10,15|12|6|2|1|1|1|1|1,9,2,122494,silent,122492
10,15|12|5|3|1|1|1|1|1,9,4,207249,silent,207245
10,15|12|5|2|2|1|1|1|1,9,7,213363,silent,213356
10,15|12|4|4|1|1|1|1|1,9,2,113214,silent,113212
10,15|12|4|3|2|1|1|1|1,9,11,323580,silent,323569
10,15|12|4|2|2|2|1|1|1,9,10,174303,silent,174293
10,15|12|3|3|3|1|1|1|1,9,5,93100,silent,93095
10,15|12|3|3|2|2|1|1|1,9,11,151613,silent,151602
10,15|12|3|2|2|2|2|1|1,9,9,65757,silent,65748
10,15|12|2|2|2|2|2|2|1,9,4,8807,silent,8803
10,15|11|8|1|1|1|1|1|1,9,1,30441,silent,30440
10,15|11|7|2|1|1|1|1|1,9,3,176288,silent,176285
10,15|11|6|3|1|1|1|1|1,9,12,398667,silent,398655
10,15|11|6|2|2|1|1|1|1,9,13,395514,silent,395501
10,15|11|5|4|1|1|1|1|1,9,9,391013,silent,391004
10,15|11|5|3|2|1|1|1|1,9,33,883111,silent,883078
10,15|11|5|2|2|2|1|1|1,9,27,438155,silent,438128
10,15|11|4|4|2|1|1|1|1,9,12,520345,silent,520333
10,15|11|4|3|3|1|1|1|1,9,18,491161,silent,491143
10,15|11|4|3|2|2|1|1|1,9,33,735309,silent,735276
10,15|11|4|2|2|2|2|1|1,9,24,248524,silent,248500
10,15|11|3|3|3|2|1|1|1,9,11,275084,silent,275073
10,15|11|3|3|2|2|2|1|1,9,14,225627,silent,225613
10,15|11|3|2|2|2|2|2|1,9,10,65537,silent,65527
10,15|11|2|2|2|2|2|2|2,9,2,5493,silent,5491
10,15|10|9|1|1|1|1|1|1,9,0,-1,a0,
10,15|10|8|2|1|1|1|1|1,9,5,166695,silent,166690
10,15|10|7|3|1|1|1|1|1,9,13,498840,silent,498827
10,15|10|7|2|2|1|1|1|1,9,18,486918,silent,486900
10,15|10|6|4|1|1|1|1|1,9,21,715625,silent,715604
10,15|10|6|3|2|1|1|1|1,9,53,1483944,silent,1483891
10,15|10|6|2|2|2|1|1|1,9,35,706499,silent,706464
10,15|10|5|5|1|1|1|1|1,9,10,358178,silent,358168
10,15|10|5|4|2|1|1|1|1,9,50,1618829,silent,1618779
10,15|10|5|3|3|1|1|1|1,9,38,1229308,silent,1229270
10,15|10|5|3|2|2|1|1|1,9,77,1781626,silent,1781549
10,15|10|5|2|2|2|2|1|1,9,40,550622,silent,550582
10,15|10|4|4|3|1|1|1|1,9,19,914642,silent,914623
10,15|10|4|4|2|2|1|1|1,9,31,1093832,silent,1093801
10,15|10|4|3|3|2|1|1|1,9,36,1305135,silent,1305099
10,15|10|4|3|2|2|2|1|1,9,44,979893,silent,979849
10,15|10|4|2|2|2|2|2|1,9,22,220947,silent,220925
10,15|10|3|3|3|3|1|1|1,9,3,234974,silent,234971
10,15|10|3|3|3|2|2|1|1,9,8,406594,silent,406586
10,15|10|3|3|2|2|2|2|1,9,7,204293,silent,204286
10,15|10|3|2|2|2|2|2|2,9,4,35790,silent,35786
10,15|9|9|2|1|1|1|1|1,9,1,68697,silent,68696
10,15|9|8|3|1|1|1|1|1,9,11,359516,silent,359505
10,15|9|8|2|2|1|1|1|1,9,13,347664,silent,347651
10,15|9|7|4|1|1|1|1|1,9,17,760557,silent,760540
10,15|9|7|3|2|1|1|1|1,9,51,1524896,silent,1524845
10,15|9|7|2|2|2|1|1|1,9,37,714138,silent,714101
10,15|9|6|5|1|1|1|1|1,9,21,718737,silent,718716
10,15|9|6|4|2|1|1|1|1,9,72,2528154,silent,2528082
10,15|9|6|3|3|1|1|1|1,9,54,1789758,silent,1789704
10,15|9|6|3|2|2|1|1|1,9,94,2547590,silent,2547496
10,15|9|6|2|2|2|2|1|1,9,46,756232,silent,756186
10,15|9|5|5|2|1|1|1|1,9,47,1346324,silent,1346277
10,15|9|5|4|3|1|1|1|1,9,60,2565494,silent,2565434
10,15|9|5|4|2|2|1|1|1,9,96,2981759,silent,2981663
10,15|9|5|3|3|2|1|1|1,9,70,2856874,silent,2856804
10,15|9|5|3|2|2|2|1|1,9,78,2066719,silent,2066641
10,15|9|5|2|2|2|2|2|1,9,28,423633,silent,423605
10,15|9|4|4|4|1|1|1|1,9,6,633498,silent,633492
10,15|9|4|4|3|2|1|1|1,9,40,2226475,silent,2226435
10,15|9|4|4|2|2|2|1|1,9,42,1312534,silent,1312492
10,15|9|4|3|3|3|1|1|1,9,13,1025550,silent,1025537
10,15|9|4|3|3|2|2|1|1,9,27,1705667,silent,1705640
10,15|9|4|3|2|2|2|2|1,9,27,786703,silent,786676
10,15|9|4|2|2|2|2|2|2,9,7,105939,silent,105932
10,15|9|3|3|3|3|2|1|1,9,1,406005,silent,406004
10,15|9|3|3|3|2|2|2|1,9,1,344939,silent,344938
10,15|9|3|3|2|2|2|2|2,9,1,98917,silent,98916
10,15|8|8|4|1|1|1|1|1,9,12,335701,silent,335689
10,15|8|8|3|2|1|1|1|1,9,22,660865,silent,660843
10,15|8|8|2|2|2|1|1|1,9,13,305536,silent,305523
10,15|8|7|5|1|1|1|1|1,9,15,622297,silent,622282
10,15|8|7|4|2|1|1|1|1,9,56,2025051,silent,2024995
10,15|8|7|3|3|1|1|1|1,9,35,1393938,silent,1393903
10,15|8|7|3|2|2|1|1|1,9,70,1969579,silent,1969509
10,15|8|7|2|2|2|2|1|1,9,32,573862,silent,573830
10,15|8|6|6|1|1|1|1|1,9,11,338933,silent,338922
10,15|8|6|5|2|1|1|1|1,9,64,2187431,silent,2187367
10,15|8|6|4|3|1|1|1|1,9,77,3307002,silent,3306925
10,15|8|6|4|2|2|1|1|1,9,101,3778090,silent,3777989
10,15|8|6|3|3|2|1|1|1,9,77,3383971,silent,3383894
10,15|8|6|3|2|2|2|1|1,9,77,2399595,silent,2399518
10,15|8|6|2|2|2|2|2|1,9,27,473454,silent,473427
10,15|8|5|5|3|1|1|1|1,9,52,1972187,silent,1972135
10,15|8|5|5|2|2|1|1|1,9,71,2138132,silent,2138061
10,15|8|5|4|4|1|1|1|1,9,31,1633236,silent,1633205
10,15|8|5|4|3|2|1|1|1,9,101,5299627,silent,5299526
10,15|8|5|4|2|2|2|1|1,9,83,3014561,silent,3014478
10,15|8|5|3|3|3|1|1|1,9,19,1927290,silent,1927271
10,15|8|5|3|3|2|2|1|1,9,48,3155543,silent,3155495
10,15|8|5|3|2|2|2|2|1,9,35,1397248,silent,1397213
10,15|8|5|2|2|2|2|2|2,9,7,170881,silent,170874
10,15|8|4|4|4|2|1|1|1,9,16,1465397,silent,1465381
10,15|8|4|4|3|3|1|1|1,9,17,1660963,silent,1660946
10,15|8|4|4|3|2|2|1|1,9,38,2559884,silent,2559846
10,15|8|4|4|2|2|2|2|1,9,28,921918,silent,921890
10,15|8|4|3|3|3|2|1|1,9,6,1532696,silent,1532690
10,15|8|4|3|3|2|2|2|1,9,9,1250624,silent,1250615
10,15|8|4|3|2|2|2|2|2,9,6,330482,silent,330476
10,15|8|3|3|3|3|3|1|1,9,0,-1,a0,
10,15|8|3|3|3|3|2|2|1,9,0,-1,a0,
10,15|8|3|3|3|2|2|2|2,9,0,-1,a0,
10,15|7|7|6|1|1|1|1|1,9,2,210859,silent,210857
10,15|7|7|5|2|1|1|1|1,9,29,1107202,silent,1107173
10,15|7|7|4|3|1|1|1|1,9,31,1569124,silent,1569093
10,15|7|7|4|2|2|1|1|1,9,55,1786814,silent,1786759
10,15|7|7|3|3|2|1|1|1,9,33,1558911,silent,1558878
10,15|7|7|3|2|2|2|1|1,9,36,1099254,silent,1099218
10,15|7|7|2|2|2|2|2|1,9,9,212322,silent,212313
10,15|7|6|6|2|1|1|1|1,9,16,766162,silent,766146
10,15|7|6|5|3|1|1|1|1,9,56,2376151,silent,2376095
10,15|7|6|5|2|2|1|1|1,9,66,2533828,silent,2533762
10,15|7|6|4|4|1|1|1|1,9,25,1604060,silent,1604035
10,15|7|6|4|3|2|1|1|1,9,91,5037111,silent,5037020
10,15|7|6|4|2|2|2|1|1,9,69,2816240,silent,2816171
10,15|7|6|3|3|3|1|1|1,9,20,1703210,silent,1703190
10,15|7|6|3|3|2|2|1|1,9,39,2763938,silent,2763899
10,15|7|6|3|2|2|2|2|1,9,27,1202136,silent,1202109
10,15|7|6|2|2|2|2|2|2,9,5,141537,silent,141532
10,15|7|5|5|4|1|1|1|1,9,34,1292268,silent,1292234
10,15|7|5|5|3|2|1|1|1,9,69,3320352,silent,3320283
10,15|7|5|5|2|2|2|1|1,9,41,1745313,silent,1745272
10,15|7|5|4|4|2|1|1|1,9,48,3028026,silent,3027978
10,15|7|5|4|3|3|1|1|1,9,30,3195175,silent,3195145
10,15|7|5|4|3|2|2|1|1,9,67,4862893,silent,4862826
10,15|7|5|4|2|2|2|2|1,9,32,1681194,silent,1681162
10,15|7|5|3|3|3|2|1|1,9,8,2307920,silent,2307912
10,15|7|5|3|3|2|2|2|1,9,12,1851126,silent,1851114
10,15|7|5|3|2|2|2|2|2,9,5,468034,silent,468029
10,15|7|4|4|4|3|1|1|1,9,8,1185385,silent,1185377
10,15|7|4|4|4|2|2|1|1,9,21,1470117,silent,1470096
10,15|7|4|4|3|3|2|1|1,9,12,2104029,silent,2104017
10,15|7|4|4|3|2|2|2|1,9,19,1581095,silent,1581076
10,15|7|4|4|2|2|2|2|2,9,7,325638,silent,325631
10,15|7|4|3|3|3|3|1|1,9,0,-1,a0,
10,15|7|4|3|3|3|2|2|1,9,0,-1,a0,
10,15|7|4|3|3|2|2|2|2,9,1,454791,silent,454790
10,15|7|3|3|3|3|3|2|1,9,0,-1,a0,
10,15|7|3|3|3|3|2|2|2,9,0,-1,a0,
10,15|6|6|6|3|1|1|1|1,9,11,487912,silent,487901
10,15|6|6|6|2|2|1|1|1,9,6,502352,silent,502346
10,15|6|6|5|4|1|1|1|1,9,19,898998,silent,898979
10,15|6|6|5|3|2|1|1|1,9,41,2243080,silent,2243039
10,15|6|6|5|2|2|2|1|1,9,21,1159235,silent,1159214
10,15|6|6|4|4|2|1|1|1,9,19,1694619,silent,1694600
10,15|6|6|4|3|3|1|1|1,9,22,1751304,silent,1751282
10,15|6|6|4|3|2|2|1|1,9,33,2642256,silent,2642223
10,15|6|6|4|2|2|2|2|1,9,19,901498,silent,901479
10,15|6|6|3|3|3|2|1|1,9,6,1178135,silent,1178129
10,15|6|6|3|3|2|2|2|1,9,6,935653,silent,935647
10,15|6|6|3|2|2|2|2|2,9,4,234414,silent,234410
10,15|6|5|5|5|1|1|1|1,9,10,293551,silent,293541
10,15|6|5|5|4|2|1|1|1,9,35,1748779,silent,1748744
10,15|6|5|5|3|3|1|1|1,9,15,1492943,silent,1492928
10,15|6|5|5|3|2|2|1|1,9,26,2209804,silent,2209778
10,15|6|5|5|2|2|2|2|1,9,7,701883,silent,701876
10,15|6|5|4|4|3|1|1|1,9,18,1769615,silent,1769597
10,15|6|5|4|4|2|2|1|1,9,27,2167235,silent,2167208
10,15|6|5|4|3|3|2|1|1,9,15,2903362,silent,2903347
10,15|6|5|4|3|2|2|2|1,9,18,2147107,silent,2147089
10,15|6|5|4|2|2|2|2|2,9,5,424019,silent,424014
10,15|6|5|3|3|3|3|1|1,9,0,-1,a0,
10,15|6|5|3|3|3|2|2|1,9,1,1148204,silent,1148203
10,15|6|5|3|3|2|2|2|2,9,1,485941,silent,485940
10,15|6|4|4|4|4|1|1|1,9,1,314654,silent,314653
10,15|6|4|4|4|3|2|1|1,9,10,1231996,silent,1231986
10,15|6|4|4|4|2|2|2|1,9,13,731803,silent,731790
10,15|6|4|4|3|3|3|1|1,9,1,709998,silent,709997
10,15|6|4|4|3|3|2|2|1,9,3,1143219,silent,1143216
10,15|6|4|4|3|2|2|2|2,9,4,454613,silent,454609
10,15|6|4|3|3|3|3|2|1,9,0,-1,a0,
10,15|6|4|3|3|3|2|2|2,9,0,-1,a0,
10,15|6|3|3|3|3|3|3|1,9,0,-1,a0,
10,15|6|3|3|3|3|3|2|2,9,0,-1,a0,
10,15|5|5|5|5|2|1|1|1,9,5,225735,silent,225730
10,15|5|5|5|4|3|1|1|1,9,8,574497,silent,574489
10,15|5|5|5|4|2|2|1|1,9,8,686784,silent,686776
10,15|5|5|5|3|3|2|1|1,9,2,748253,silent,748251
10,15|5|5|5|3|2|2|2|1,9,2,536870,silent,536868
10,15|5|5|5|2|2|2|2|2,9,0,-1,a0,
10,15|5|5|4|4|4|1|1|1,9,5,263033,silent,263028
10,15|5|5|4|4|3|2|1|1,9,8,994936,silent,994928
10,15|5|5|4|4|2|2|2|1,9,5,581234,silent,581229
10,15|5|5|4|3|3|3|1|1,9,0,-1,a0,
10,15|5|5|4|3|3|2|2|1,9,2,861225,silent,861223
10,15|5|5|4|3|2|2|2|2,9,1,335754,silent,335753
10,15|5|5|3|3|3|3|2|1,9,0,-1,a0,
10,15|5|5|3|3|3|2|2|2,9,0,-1,a0,
10,15|5|4|4|4|4|2|1|1,9,3,253800,silent,253797
10,15|5|4|4|4|3|3|1|1,9,1,319595,silent,319594
10,15|5|4|4|4|3|2|2|1,9,5,480561,silent,480556
10,15|5|4|4|4|2|2|2|2,9,3,150179,silent,150176
10,15|5|4|4|3|3|3|2|1,9,0,-1,a0,
10,15|5|4|4|3|3|2|2|2,9,0,-1,a0,
10,15|5|4|3|3|3|3|3|1,9,0,-1,a0,
10,15|5|4|3|3|3|3|2|2,9,0,-1,a0,
10,15|5|3|3|3|3|3|3|2,9,0,-1,a0,
10,15|4|4|4|4|4|3|1|1,9,0,-1,a0,
10,15|4|4|4|4|4|2|2|1,9,2,55483,silent,55481
10,15|4|4|4|4|3|3|2|1,9,0,-1,a0,
10,15|4|4|4|4|3|2|2|2,9,1,55928,silent,55927
10,15|4|4|4|3|3|3|3|1,9,0,-1,a0,
10,15|4|4|4|3|3|3|2|2,9,0,-1,a0,
10,15|4|4|3|3|3|3|3|2,9,0,-1,a0,
10,15|4|3|3|3|3|3|3|3,9,0,-1,a0,
10,14|14|6|1|1|1|1|1|1,9,0,-1,a0,
10,14|14|5|2|1|1|1|1|1,9,0,-1,a0,
10,14|14|4|3|1|1|1|1|1,9,0,-1,a0,
10,14|14|4|2|2|1|1|1|1,9,1,27521,silent,27520
10,14|14|3|3|2|1|1|1|1,9,1,21602,silent,21601
10,14|14|3|2|2|2|1|1|1,9,1,14922,silent,14921
10,14|14|2|2|2|2|2|1|1,9,0,-1,a0,
10,14|13|7|1|1|1|1|1|1,9,0,-1,a0,
10,14|13|6|2|1|1|1|1|1,9,1,71409,silent,71408
10,14|13|5|3|1|1|1|1|1,9,3,120309,silent,120306
10,14|13|5|2|2|1|1|1|1,9,4,123716,silent,123712
10,14|13|4|4|1|1|1|1|1,9,1,65523,silent,65522
10,14|13|4|3|2|1|1|1|1,9,7,187131,silent,187124
10,14|13|4|2|2|2|1|1|1,9,6,100729,silent,100723
10,14|13|3|3|3|1|1|1|1,9,3,53765,silent,53762
10,14|13|3|3|2|2|1|1|1,9,7,87435,silent,87428
10,14|13|3|2|2|2|2|1|1,9,5,37889,silent,37884
10,14|13|2|2|2|2|2|2|1,9,2,5050,silent,5048
10,14|12|8|1|1|1|1|1|1,9,0,-1,a0,
10,14|12|7|2|1|1|1|1|1,9,3,135635,silent,135632
10,14|12|6|3|1|1|1|1|1,9,9,301984,silent,301975
10,14|12|6|2|2|1|1|1|1,9,13,299259,silent,299246
10,14|12|5|4|1|1|1|1|1,9,8,294108,silent,294100
10,14|12|5|3|2|1|1|1|1,9,27,662064,silent,662037
10,14|12|5|2|2|2|1|1|1,9,20,327562,silent,327542
10,14|12|4|4|2|1|1|1|1,9,12,389007,silent,388995
10,14|12|4|3|3|1|1|1|1,9,12,366148,silent,366136
10,14|12|4|3|2|2|1|1|1,9,27,547591,silent,547564
10,14|12|4|2|2|2|2|1|1,9,14,184241,silent,184227
10,14|12|3|3|3|2|1|1|1,9,9,204386,silent,204377
10,14|12|3|3|2|2|2|1|1,9,11,167471,silent,167460
10,14|12|3|2|2|2|2|2|1,9,7,48486,silent,48479
10,14|12|2|2|2|2|2|2|2,9,3,4177,silent,4174
10,14|11|9|1|1|1|1|1|1,9,1,22849,silent,22848
10,14|11|8|2|1|1|1|1|1,9,6,165787,silent,165781
10,14|11|7|3|1|1|1|1|1,9,16,474271,silent,474255
10,14|11|7|2|2|1|1|1|1,9,18,461961,silent,461943
10,14|11|6|4|1|1|1|1|1,9,22,664391,silent,664369
10,14|11|6|3|2|1|1|1|1,9,55,1373672,silent,1373617
10,14|11|6|2|2|2|1|1|1,9,34,652681,silent,652647
10,14|11|5|5|1|1|1|1|1,9,11,329560,silent,329549
10,14|11|5|4|2|1|1|1|1,9,50,1480171,silent,1480121
10,14|11|5|3|3|1|1|1|1,9,40,1121436,silent,1121396
10,14|11|5|3|2|2|1|1|1,9,72,1622701,silent,1622629
10,14|11|5|2|2|2|2|1|1,9,36,500127,silent,500091
10,14|11|4|4|3|1|1|1|1,9,19,828964,silent,828945
10,14|11|4|4|2|2|1|1|1,9,31,990629,silent,990598
10,14|11|4|3|3|2|1|1|1,9,34,1178573,silent,1178539
10,14|11|4|3|2|2|2|1|1,9,38,883138,silent,883100
10,14|11|4|2|2|2|2|2|1,9,18,198165,silent,198147
10,14|11|3|3|3|3|1|1|1,9,3,211188,silent,211185
10,14|11|3|3|3|2|2|1|1,9,6,364552,silent,364546
10,14|11|3|3|2|2|2|2|1,9,6,182701,silent,182695
10,14|11|3|2|2|2|2|2|2,9,3,31721,silent,31718
10,14|10|10|1|1|1|1|1|1,9,0,-1,a0,
10,14|10|9|2|1|1|1|1|1,9,4,117151,silent,117147
10,14|10|8|3|1|1|1|1|1,9,17,468417,silent,468400
10,14|10|8|2|2|1|1|1|1,9,22,451402,silent,451380
10,14|10|7|4|1|1|1|1|1,9,28,901378,silent,901350
10,14|10|7|3|2|1|1|1|1,9,68,1795750,silent,1795682
10,14|10|7|2|2|2|1|1|1,9,43,836693,silent,836650
10,14|10|6|5|1|1|1|1|1,9,29,817971,silent,817942
10,14|10|6|4|2|1|1|1|1,9,96,2850206,silent,2850110
10,14|10|6|3|3|1|1|1|1,9,62,2009295,silent,2009233
10,14|10|6|3|2|2|1|1|1,9,108,2853357,silent,2853249
10,14|10|6|2|2|2|2|1|1,9,43,842446,silent,842403
10,14|10|5|5|2|1|1|1|1,9,53,1490785,silent,1490732
10,14|10|5|4|3|1|1|1|1,9,75,2819283,silent,2819208
10,14|10|5|4|2|2|1|1|1,9,107,3268709,silent,3268602
10,14|10|5|3|3|2|1|1|1,9,79,3121088,silent,3121009
10,14|10|5|3|2|2|2|1|1,9,81,2250654,silent,2250573
10,14|10|5|2|2|2|2|2|1,9,27,459144,silent,459117
10,14|10|4|4|4|1|1|1|1,9,13,687647,silent,687634
10,14|10|4|4|3|2|1|1|1,9,47,2407539,silent,2407492
10,14|10|4|4|2|2|2|1|1,9,39,1414470,silent,1414431
10,14|10|4|3|3|3|1|1|1,9,13,1103974,silent,1103961
10,14|10|4|3|3|2|2|1|1,9,32,1832840,silent,1832808
10,14|10|4|3|2|2|2|2|1,9,24,841908,silent,841884
10,14|10|4|2|2|2|2|2|2,9,10,113084,silent,113074
10,14|10|3|3|3|3|2|1|1,9,1,432545,silent,432544
10,14|10|3|3|3|2|2|2|1,9,1,366306,silent,366305
10,14|10|3|3|2|2|2|2|2,9,0,-1,a0,
10,14|9|9|3|1|1|1|1|1,9,7,197626,silent,197619
10,14|9|9|2|2|1|1|1|1,9,6,190171,silent,190165
10,14|9|8|4|1|1|1|1|1,9,23,675549,silent,675526
10,14|9|8|3|2|1|1|1|1,9,50,1322392,silent,1322342
10,14|9|8|2|2|2|1|1|1,9,29,609888,silent,609859
10,14|9|7|5|1|1|1|1|1,9,29,974976,silent,974947
10,14|9|7|4|2|1|1|1|1,9,94,3126672,silent,3126578
10,14|9|7|3|3|1|1|1|1,9,64,2139067,silent,2139003
10,14|9|7|3|2|2|1|1|1,9,109,3013838,silent,3013729
10,14|9|7|2|2|2|2|1|1,9,47,873000,silent,872953
10,14|9|6|6|1|1|1|1|1,9,15,492207,silent,492192
10,14|9|6|5|2|1|1|1|1,9,97,3100770,silent,3100673
10,14|9|6|4|3|1|1|1|1,9,114,4627711,silent,4627597
10,14|9|6|4|2|2|1|1|1,9,150,5275282,silent,5275132
10,14|9|6|3|3|2|1|1|1,9,108,4693272,silent,4693164
10,14|9|6|3|2|2|2|1|1,9,99,3316167,silent,3316068
10,14|9|6|2|2|2|2|2|1,9,31,648645,silent,648614
10,14|9|5|5|3|1|1|1|1,9,75,2669522,silent,2669447
10,14|9|5|5|2|2|1|1|1,9,92,2884723,silent,2884631
10,14|9|5|4|4|1|1|1|1,9,42,2187113,silent,2187071
10,14|9|5|4|3|2|1|1|1,9,141,7062298,silent,7062157
10,14|9|5|4|2|2|2|1|1,9,106,4002496,silent,4002390
10,14|9|5|3|3|3|1|1|1,9,28,2549037,silent,2549009
10,14|9|5|3|3|2|2|1|1,9,58,4162838,silent,4162780
10,14|9|5|3|2|2|2|2|1,9,39,1834159,silent,1834120
10,14|9|5|2|2|2|2|2|2,9,7,221718,silent,221711
10,14|9|4|4|4|2|1|1|1,9,26,1911957,silent,1911931
10,14|9|4|4|3|3|1|1|1,9,23,2157163,silent,2157140
10,14|9|4|4|3|2|2|1|1,9,49,3319383,silent,3319334
10,14|9|4|4|2|2|2|2|1,9,30,1188661,silent,1188631
10,14|9|4|3|3|3|2|1|1,9,8,1972166,silent,1972158
10,14|9|4|3|3|2|2|2|1,9,10,1603994,silent,1603984
10,14|9|4|3|2|2|2|2|2,9,6,420664,silent,420658
10,14|9|3|3|3|3|3|1|1,9,0,-1,a0,
10,14|9|3|3|3|3|2|2|1,9,0,-1,a0,
10,14|9|3|3|3|2|2|2|2,9,0,-1,a0,
10,14|8|8|5|1|1|1|1|1,9,16,449296,silent,449280
10,14|8|8|4|2|1|1|1|1,9,47,1393230,silent,1393183
10,14|8|8|3|3|1|1|1|1,9,22,941767,silent,941745
10,14|8|8|3|2|2|1|1|1,9,43,1318734,silent,1318691
10,14|8|8|2|2|2|2|1|1,9,13,377636,silent,377623
10,14|8|7|6|1|1|1|1|1,9,14,549718,silent,549704
10,14|8|7|5|2|1|1|1|1,9,79,2742838,silent,2742759
10,14|8|7|4|3|1|1|1|1,9,88,3802812,silent,3802724
10,14|8|7|4|2|2|1|1|1,9,119,4303305,silent,4303186
10,14|8|7|3|3|2|1|1|1,9,77,3721596,silent,3721519
10,14|8|7|3|2|2|2|1|1,9,75,2605312,silent,2605237
10,14|8|7|2|2|2|2|2|1,9,20,499325,silent,499305
10,14|8|6|6|2|1|1|1|1,9,41,1521811,silent,1521770
10,14|8|6|5|3|1|1|1|1,9,108,4514458,silent,4514350
10,14|8|6|5|2|2|1|1|1,9,120,4791558,silent,4791438
10,14|8|6|4|4|1|1|1|1,9,61,2993082,silent,2993021
10,14|8|6|4|3|2|1|1|1,9,169,9322705,silent,9322536
10,14|8|6|4|2|2|2|1|1,9,109,5181276,silent,5181167
10,14|8|6|3|3|3|1|1|1,9,34,3114146,silent,3114112
10,14|8|6|3|3|2|2|1|1,9,71,5036231,silent,5036160
10,14|8|6|3|2|2|2|2|1,9,43,2175329,silent,2175286
10,14|8|6|2|2|2|2|2|2,9,11,253853,silent,253842
10,14|8|5|5|4|1|1|1|1,9,54,2238566,silent,2238512
10,14|8|5|5|3|2|1|1|1,9,112,5705653,silent,5705541
10,14|8|5|5|2|2|2|1|1,9,67,2981314,silent,2981247
10,14|8|5|4|4|2|1|1|1,9,82,5109747,silent,5109665
10,14|8|5|4|3|3|1|1|1,9,56,5362258,silent,5362202
10,14|8|5|4|3|2|2|1|1,9,105,8132624,silent,8132519
10,14|8|5|4|2|2|2|2|1,9,47,2793437,silent,2793390
10,14|8|5|3|3|3|2|1|1,9,14,3814104,silent,3814090
10,14|8|5|3|3|2|2|2|1,9,18,3043912,silent,3043894
10,14|8|5|3|2|2|2|2|2,9,6,763918,silent,763912
10,14|8|4|4|4|3|1|1|1,9,19,1910410,silent,1910391
10,14|8|4|4|4|2|2|1|1,9,28,2361899,silent,2361871
10,14|8|4|4|3|3|2|1|1,9,21,3361539,silent,3361518
10,14|8|4|4|3|2|2|2|1,9,25,2514720,silent,2514695
10,14|8|4|4|2|2|2|2|2,9,12,514177,silent,514165
10,14|8|4|3|3|3|3|1|1,9,0,-1,a0,
10,14|8|4|3|3|3|2|2|1,9,1,1657476,silent,1657475
10,14|8|4|3|3|2|2|2|2,9,0,-1,a0,
10,14|8|3|3|3|3|3|2|1,9,0,-1,a0,
10,14|8|3|3|3|3|2|2|2,9,0,-1,a0,
10,14|7|7|7|1|1|1|1|1,9,2,98707,silent,98705
10,14|7|7|6|2|1|1|1|1,9,20,966698,silent,966678
10,14|7|7|5|3|1|1|1|1,9,52,2326150,silent,2326098
10,14|7|7|5|2|2|1|1|1,9,66,2458960,silent,2458894
10,14|7|7|4|4|1|1|1|1,9,23,1457577,silent,1457554
10,14|7|7|4|3|2|1|1|1,9,80,4480572,silent,4480492
10,14|7|7|4|2|2|2|1|1,9,61,2475336,silent,2475275
10,14|7|7|3|3|3|1|1|1,9,15,1453043,silent,1453028
10,14|7|7|3|3|2|2|1|1,9,26,2344162,silent,2344136
10,14|7|7|3|2|2|2|2|1,9,16,1003276,silent,1003260
10,14|7|7|2|2|2|2|2|2,9,0,-1,a0,
10,14|7|6|6|3|1|1|1|1,9,30,1674584,silent,1674554
10,14|7|6|6|2|2|1|1|1,9,33,1721451,silent,1721418
10,14|7|6|5|4|1|1|1|1,9,56,2836423,silent,2836367
10,14|7|6|5|3|2|1|1|1,9,121,6990105,silent,6989984
10,14|7|6|5|2|2|2|1|1,9,66,3586903,silent,3586837
10,14|7|6|4|4|2|1|1|1,9,73,5109964,silent,5109891
10,14|7|6|4|3|3|1|1|1,9,54,5217248,silent,5217194
10,14|7|6|4|3|2|2|1|1,9,96,7848420,silent,7848324
10,14|7|6|4|2|2|2|2|1,9,41,2647228,silent,2647187
10,14|7|6|3|3|3|2|1|1,9,15,3421277,silent,3421262
10,14|7|6|3|3|2|2|2|1,9,15,2703986,silent,2703971
10,14|7|6|3|2|2|2|2|2,9,6,666715,silent,666709
10,14|7|5|5|5|1|1|1|1,9,22,727500,silent,727478
10,14|7|5|5|4|2|1|1|1,9,76,4225443,silent,4225367
10,14|7|5|5|3|3|1|1|1,9,37,3573063,silent,3573026
10,14|7|5|5|3|2|2|1|1,9,57,5261967,silent,5261910
10,14|7|5|5|2|2|2|2|1,9,15,1655766,silent,1655751
10,14|7|5|4|4|3|1|1|1,9,42,4092940,silent,4092898
10,14|7|5|4|4|2|2|1|1,9,63,4992823,silent,4992760
10,14|7|5|4|3|3|2|1|1,9,33,6619193,silent,6619160
10,14|7|5|4|3|2|2|2|1,9,34,4865980,silent,4865946
10,14|7|5|4|2|2|2|2|2,9,6,948417,silent,948411
10,14|7|5|3|3|3|3|1|1,9,1,1542768,silent,1542767
10,14|7|5|3|3|3|2|2|1,9,2,2547934,silent,2547932
10,14|7|5|3|3|2|2|2|2,9,2,1070938,silent,1070936
10,14|7|4|4|4|4|1|1|1,9,6,665454,silent,665448
10,14|7|4|4|4|3|2|1|1,9,21,2579612,silent,2579591
10,14|7|4|4|4|2|2|2|1,9,21,1521846,silent,1521825
10,14|7|4|4|3|3|3|1|1,9,2,1466608,silent,1466606
10,14|7|4|4|3|3|2|2|1,9,6,2356861,silent,2356855
10,14|7|4|4|3|2|2|2|2,9,5,928492,silent,928487
10,14|7|4|3|3|3|3|2|1,9,0,-1,a0,
10,14|7|4|3|3|3|2|2|2,9,0,-1,a0,
10,14|7|3|3|3|3|3|3|1,9,0,-1,a0,
10,14|7|3|3|3|3|3|2|2,9,0,-1,a0,
10,14|6|6|6|4|1|1|1|1,9,11,639506,silent,639495
10,14|6|6|6|3|2|1|1|1,9,20,1461083,silent,1461063
10,14|6|6|6|2|2|2|1|1,9,7,722939,silent,722932
10,14|6|6|5|5|1|1|1|1,9,11,549078,silent,549067
10,14|6|6|5|4|2|1|1|1,9,40,2969584,silent,2969544
10,14|6|6|5|3|3|1|1|1,9,29,2458548,silent,2458519
10,14|6|6|5|3|2|2|1|1,9,39,3588305,silent,3588266
10,14|6|6|5|2|2|2|2|1,9,14,1114182,silent,1114168
10,14|6|6|4|4|3|1|1|1,9,23,2331181,silent,2331158
10,14|6|6|4|4|2|2|1|1,9,24,2822751,silent,2822727
10,14|6|6|4|3|3|2|1|1,9,24,3662105,silent,3662081
10,14|6|6|4|3|2|2|2|1,9,20,2669491,silent,2669471
10,14|6|6|4|2|2|2|2|2,9,9,515771,silent,515762
10,14|6|6|3|3|3|3|1|1,9,0,-1,a0,
10,14|6|6|3|3|3|2|2|1,9,1,1309251,silent,1309250
10,14|6|6|3|3|2|2|2|2,9,0,-1,a0,
10,14|6|5|5|5|2|1|1|1,9,20,1023012,silent,1022992
10,14|6|5|5|4|3|1|1|1,9,29,2498545,silent,2498516
10,14|6|5|5|4|2|2|1|1,9,31,2962831,silent,2962800
10,14|6|5|5|3|3|2|1|1,9,13,3178672,silent,3178659
10,14|6|5|5|3|2|2|2|1,9,9,2257388,silent,2257379
10,14|6|5|5|2|2|2|2|2,9,0,-1,a0,
10,14|6|5|4|4|4|1|1|1,9,11,1046434,silent,1046423
10,14|6|5|4|4|3|2|1|1,9,29,3918869,silent,3918840
10,14|6|5|4|4|2|2|2|1,9,19,2272619,silent,2272600
10,14|6|5|4|3|3|3|1|1,9,3,2067293,silent,2067290
10,14|6|5|4|3|3|2|2|1,9,7,3303676,silent,3303669
10,14|6|5|4|3|2|2|2|2,9,4,1276084,silent,1276080
10,14|6|5|3|3|3|3|2|1,9,0,-1,a0,
10,14|6|5|3|3|3|2|2|2,9,0,-1,a0,
10,14|6|4|4|4|4|2|1|1,9,7,775964,silent,775957
10,14|6|4|4|4|3|3|1|1,9,5,967144,silent,967139
10,14|6|4|4|4|3|2|2|1,9,11,1447924,silent,1447913
10,14|6|4|4|4|2|2|2|2,9,8,447893,silent,447885
10,14|6|4|4|3|3|3|2|1,9,0,-1,a0,
10,14|6|4|4|3|3|2|2|2,9,0,-1,a0,
10,14|6|4|3|3|3|3|3|1,9,0,-1,a0,
10,14|6|4|3|3|3|3|2|2,9,0,-1,a0,
10,14|6|3|3|3|3|3|3|2,9,0,-1,a0,
10,14|5|5|5|5|3|1|1|1,9,4,357568,silent,357564
10,14|5|5|5|5|2|2|1|1,9,1,397323,silent,397322
10,14|5|5|5|4|4|1|1|1,9,8,375065,silent,375057
10,14|5|5|5|4|3|2|1|1,9,7,1301491,silent,1301484
10,14|5|5|5|4|2|2|2|1,9,1,730350,silent,730349
10,14|5|5|5|3|3|3|1|1,9,0,-1,a0,
10,14|5|5|5|3|3|2|2|1,9,1,868815,silent,868814
10,14|5|5|5|3|2|2|2|2,9,0,-1,a0,
10,14|5|5|4|4|4|2|1|1,9,10,654713,silent,654703
10,14|5|5|4|4|3|3|1|1,9,2,792093,silent,792091
10,14|5|5|4|4|3|2|2|1,9,5,1179950,silent,1179945
10,14|5|5|4|4|2|2|2|2,9,0,-1,a0,
10,14|5|5|4|3|3|3|2|1,9,0,-1,a0,
10,14|5|5|4|3|3|2|2|2,9,1,552233,silent,552232
10,14|5|5|3|3|3|3|3|1,9,0,-1,a0,
10,14|5|5|3|3|3|3|2|2,9,0,-1,a0,
10,14|5|4|4|4|4|3|1|1,9,3,264463,silent,264460
10,14|5|4|4|4|4|2|2|1,9,6,320834,silent,320828
10,14|5|4|4|4|3|3|2|1,9,1,504526,silent,504525
10,14|5|4|4|4|3|2|2|2,9,2,315228,silent,315226
10,14|5|4|4|3|3|3|3|1,9,0,-1,a0,
10,14|5|4|4|3|3|3|2|2,9,0,-1,a0,
10,14|5|4|3|3|3|3|3|2,9,0,-1,a0,
10,14|5|3|3|3|3|3|3|3,9,0,-1,a0,
10,14|4|4|4|4|4|4|1|1,9,0,-1,a0,
10,14|4|4|4|4|4|3|2|1,9,1,76376,silent,76375
10,14|4|4|4|4|4|2|2|2,9,3,38840,silent,38837
10,14|4|4|4|4|3|3|3|1,9,0,-1,a0,
10,14|4|4|4|4|3|3|2|2,9,0,-1,a0,
10,14|4|4|4|3|3|3|3|2,9,0,-1,a0,
10,14|4|4|3|3|3|3|3|3,9,0,-1,a0,
10,13|13|8|1|1|1|1|1|1,9,0,-1,a0,
10,13|13|7|2|1|1|1|1|1,9,1,50817,silent,50816
10,13|13|6|3|1|1|1|1|1,9,4,112745,silent,112741
10,13|13|6|2|2|1|1|1|1,9,4,111520,silent,111516
10,13|13|5|4|1|1|1|1|1,9,3,109369,silent,109366
10,13|13|5|3|2|1|1|1|1,9,11,246457,silent,246446
10,13|13|5|2|2|2|1|1|1,9,8,122071,silent,122063
10,13|13|4|4|2|1|1|1|1,9,3,144181,silent,144178
10,13|13|4|3|3|1|1|1|1,9,7,136082,silent,136075
10,13|13|4|3|2|2|1|1|1,9,9,203326,silent,203317
10,13|13|4|2|2|2|2|1|1,9,8,68734,silent,68726
10,13|13|3|3|3|2|1|1|1,9,3,75680,silent,75677
10,13|13|3|3|2|2|2|1|1,9,3,61814,silent,61811
10,13|13|3|2|2|2|2|2|1,9,2,17890,silent,17888
10,13|13|2|2|2|2|2|2|2,9,0,-1,a0,
10,13|12|9|1|1|1|1|1|1,9,0,-1,a0,
10,13|12|8|2|1|1|1|1|1,9,4,104227,silent,104223
10,13|12|7|3|1|1|1|1|1,9,10,291595,silent,291585
10,13|12|7|2|2|1|1|1|1,9,13,283602,silent,283589
10,13|12|6|4|1|1|1|1|1,9,15,403657,silent,403642
10,13|12|6|3|2|1|1|1|1,9,35,832789,silent,832754
10,13|12|6|2|2|2|1|1|1,9,21,395005,silent,394984
10,13|12|5|5|1|1|1|1|1,9,7,199230,silent,199223
10,13|12|5|4|2|1|1|1|1,9,33,891684,silent,891651
10,13|12|5|3|3|1|1|1|1,9,24,674656,silent,674632
10,13|12|5|3|2|2|1|1|1,9,44,975244,silent,975200
10,13|12|5|2|2|2|2|1|1,9,20,300012,silent,299992
10,13|12|4|4|3|1|1|1|1,9,13,497057,silent,497044
10,13|12|4|4|2|2|1|1|1,9,19,593517,silent,593498
10,13|12|4|3|3|2|1|1|1,9,21,705277,silent,705256
10,13|12|4|3|2|2|2|1|1,9,22,527839,silent,527817
10,13|12|4|2|2|2|2|2|1,9,10,118224,silent,118214
10,13|12|3|3|3|3|1|1|1,9,2,126070,silent,126068
10,13|12|3|3|3|2|2|1|1,9,4,217387,silent,217383
10,13|12|3|3|2|2|2|2|1,9,3,108774,silent,108771
10,13|12|3|2|2|2|2|2|2,9,2,18862,silent,18860
10,13|11|10|1|1|1|1|1|1,9,1,11643,silent,11642
10,13|11|9|2|1|1|1|1|1,9,4,110156,silent,110152
10,13|11|8|3|1|1|1|1|1,9,19,402324,silent,402305
10,13|11|8|2|2|1|1|1|1,9,17,387014,silent,386997
10,13|11|7|4|1|1|1|1|1,9,26,742203,silent,742177
10,13|11|7|3|2|1|1|1|1,9,61,1475293,silent,1475232
10,13|11|7|2|2|2|1|1|1,9,37,686503,silent,686466
10,13|11|6|5|1|1|1|1|1,9,26,660624,silent,660598
10,13|11|6|4|2|1|1|1|1,9,79,2290094,silent,2290015
10,13|11|6|3|3|1|1|1|1,9,57,1611630,silent,1611573
10,13|11|6|3|2|2|1|1|1,9,87,2286157,silent,2286070
10,13|11|6|2|2|2|2|1|1,9,38,674200,silent,674162
10,13|11|5|5|2|1|1|1|1,9,47,1187761,silent,1187714
10,13|11|5|4|3|1|1|1|1,9,63,2234989,silent,2234926
10,13|11|5|4|2|2|1|1|1,9,87,2589365,silent,2589278
10,13|11|5|3|3|2|1|1|1,9,63,2465942,silent,2465879
10,13|11|5|3|2|2|2|1|1,9,60,1775473,silent,1775413
10,13|11|5|2|2|2|2|2|1,9,19,360852,silent,360833
10,13|11|4|4|4|1|1|1|1,9,7,540792,silent,540785
10,13|11|4|4|3|2|1|1|1,9,39,1892043,silent,1892004
10,13|11|4|4|2|2|2|1|1,9,35,1111259,silent,1111224
10,13|11|4|3|3|3|1|1|1,9,13,865126,silent,865113
10,13|11|4|3|3|2|2|1|1,9,21,1434297,silent,1434276
10,13|11|4|3|2|2|2|2|1,9,18,657612,silent,657594
10,13|11|4|2|2|2|2|2|2,9,3,87227,silent,87224
10,13|11|3|3|3|3|2|1|1,9,1,337349,silent,337348
10,13|11|3|3|3|2|2|2|1,9,1,285111,silent,285110
10,13|11|3|3|2|2|2|2|2,9,1,81310,silent,81309
10,13|10|10|2|1|1|1|1|1,9,3,48201,silent,48198
10,13|10|9|3|1|1|1|1|1,9,13,300017,silent,300004
10,13|10|9|2|2|1|1|1|1,9,14,287334,silent,287320
10,13|10|8|4|1|1|1|1|1,9,33,790779,silent,790746
10,13|10|8|3|2|1|1|1|1,9,63,1539205,silent,1539142
10,13|10|8|2|2|2|1|1|1,9,33,706793,silent,706760
10,13|10|7|5|1|1|1|1|1,9,36,1044499,silent,1044463
10,13|10|7|4|2|1|1|1|1,9,113,3318483,silent,3318370
10,13|10|7|3|3|1|1|1|1,9,69,2261732,silent,2261663
10,13|10|7|3|2|2|1|1|1,9,114,3179119,silent,3179005
10,13|10|7|2|2|2|2|1|1,9,43,916734,silent,916691
10,13|10|6|6|1|1|1|1|1,9,20,510068,silent,510048
10,13|10|6|5|2|1|1|1|1,9,106,3166141,silent,3166035
10,13|10|6|4|3|1|1|1|1,9,126,4690085,silent,4689959
10,13|10|6|4|2|2|1|1|1,9,152,5336027,silent,5335875
10,13|10|6|3|3|2|1|1|1,9,110,4730607,silent,4730497
10,13|10|6|3|2|2|2|1|1,9,94,3333821,silent,3333727
10,13|10|6|2|2|2|2|2|1,9,28,649347,silent,649319
10,13|10|5|5|3|1|1|1|1,9,75,2660165,silent,2660090
10,13|10|5|5|2|2|1|1|1,9,90,2868435,silent,2868345
10,13|10|5|4|4|1|1|1|1,9,49,2166157,silent,2166108
10,13|10|5|4|3|2|1|1|1,9,142,6972948,silent,6972806
10,13|10|5|4|2|2|2|1|1,9,97,3941964,silent,3941867
10,13|10|5|3|3|3|1|1|1,9,28,2506225,silent,2506197
10,13|10|5|3|3|2|2|1|1,9,57,4086145,silent,4086088
10,13|10|5|3|2|2|2|2|1,9,35,1795053,silent,1795018
10,13|10|5|2|2|2|2|2|2,9,7,216127,silent,216120
10,13|10|4|4|4|2|1|1|1,9,28,1865392,silent,1865364
10,13|10|4|4|3|3|1|1|1,9,25,2099923,silent,2099898
10,13|10|4|4|3|2|2|1|1,9,46,3227153,silent,3227107
10,13|10|4|4|2|2|2|2|1,9,26,1152167,silent,1152141
10,13|10|4|3|3|3|2|1|1,9,8,1909350,silent,1909342
10,13|10|4|3|3|2|2|2|1,9,9,1549431,silent,1549422
10,13|10|4|3|2|2|2|2|2,9,5,404849,silent,404844
10,13|10|3|3|3|3|3|1|1,9,0,-1,a0,
10,13|10|3|3|3|3|2|2|1,9,0,-1,a0,
10,13|10|3|3|3|2|2|2|2,9,0,-1,a0,
10,13|9|9|4|1|1|1|1|1,9,10,344502,silent,344492
10,13|9|9|3|2|1|1|1|1,9,27,667546,silent,667519
10,13|9|9|2|2|2|1|1|1,9,16,306414,silent,306398
10,13|9|8|5|1|1|1|1|1,9,31,838282,silent,838251
10,13|9|8|4|2|1|1|1|1,9,85,2566770,silent,2566685
10,13|9|8|3|3|1|1|1|1,9,53,1725084,silent,1725031
10,13|9|8|3|2|2|1|1|1,9,80,2412021,silent,2411941
10,13|9|8|2|2|2|2|1|1,9,31,688202,silent,688171
10,13|9|7|6|1|1|1|1|1,9,23,808288,silent,808265
10,13|9|7|5|2|1|1|1|1,9,121,3935099,silent,3934978
10,13|9|7|4|3|1|1|1|1,9,131,5386918,silent,5386787
10,13|9|7|4|2|2|1|1|1,9,171,6082579,silent,6082408
10,13|9|7|3|3|2|1|1|1,9,109,5226049,silent,5225940
10,13|9|7|3|2|2|2|1|1,9,95,3646414,silent,3646319
10,13|9|7|2|2|2|2|2|1,9,24,693462,silent,693438
10,13|9|6|6|2|1|1|1|1,9,53,2027872,silent,2027819
10,13|9|6|5|3|1|1|1|1,9,145,5878682,silent,5878537
10,13|9|6|5|2|2|1|1|1,9,157,6225330,silent,6225173
10,13|9|6|4|4|1|1|1|1,9,75,3857414,silent,3857339
10,13|9|6|4|3|2|1|1|1,9,220,11961732,silent,11961512
10,13|9|6|4|2|2|2|1|1,9,142,6628940,silent,6628798
10,13|9|6|3|3|3|1|1|1,9,46,3965105,silent,3965059
10,13|9|6|3|3|2|2|1|1,9,79,6399783,silent,6399704
10,13|9|6|3|2|2|2|2|1,9,47,2752400,silent,2752353
10,13|9|6|2|2|2|2|2|2,9,7,316915,silent,316908
10,13|9|5|5|4|1|1|1|1,9,70,2792832,silent,2792762
10,13|9|5|5|3|2|1|1|1,9,136,7081547,silent,7081411
10,13|9|5|5|2|2|2|1|1,9,71,3686193,silent,3686122
10,13|9|5|4|4|2|1|1|1,9,104,6280553,silent,6280449
10,13|9|5|4|3|3|1|1|1,9,69,6565168,silent,6565099
10,13|9|5|4|3|2|2|1|1,9,124,9939799,silent,9939675
10,13|9|5|4|2|2|2|2|1,9,50,3399062,silent,3399012
10,13|9|5|3|3|3|2|1|1,9,18,4628410,silent,4628392
10,13|9|5|3|3|2|2|2|1,9,19,3683841,silent,3683822
10,13|9|5|3|2|2|2|2|2,9,7,919724,silent,919717
10,13|9|4|4|4|3|1|1|1,9,22,2290534,silent,2290512
10,13|9|4|4|4|2|2|1|1,9,40,2829541,silent,2829501
10,13|9|4|4|3|3|2|1|1,9,23,4007914,silent,4007891
10,13|9|4|4|3|2|2|2|1,9,26,2991137,silent,2991111
10,13|9|4|4|2|2|2|2|2,9,7,606012,silent,606005
10,13|9|4|3|3|3|3|1|1,9,1,1179362,silent,1179361
10,13|9|4|3|3|3|2|2|1,9,1,1958372,silent,1958371
10,13|9|4|3|3|2|2|2|2,9,1,836460,silent,836459
10,13|9|3|3|3|3|3|2|1,9,0,-1,a0,
10,13|9|3|3|3|3|2|2|2,9,0,-1,a0,
10,13|8|8|6|1|1|1|1|1,9,17,407353,silent,407336
10,13|8|8|5|2|1|1|1|1,9,56,1839512,silent,1839456
10,13|8|8|4|3|1|1|1|1,9,62,2448787,silent,2448725
10,13|8|8|4|2|2|1|1|1,9,66,2748424,silent,2748358
10,13|8|8|3|3|2|1|1|1,9,46,2337480,silent,2337434
10,13|8|8|3|2|2|2|1|1,9,39,1620631,silent,1620592
10,13|8|8|2|2|2|2|2|1,9,11,306460,silent,306449
10,13|8|7|7|1|1|1|1|1,9,6,264094,silent,264088
10,13|8|7|6|2|1|1|1|1,9,60,2330090,silent,2330030
10,13|8|7|5|3|1|1|1|1,9,119,5363822,silent,5363703
10,13|8|7|5|2|2|1|1|1,9,137,5638003,silent,5637866
10,13|8|7|4|4|1|1|1|1,9,67,3300417,silent,3300350
10,13|8|7|4|3|2|1|1|1,9,174,10061911,silent,10061737
10,13|8|7|4|2|2|2|1|1,9,109,5523703,silent,5523594
10,13|8|7|3|3|3|1|1|1,9,31,3226383,silent,3226352
10,13|8|7|3|3|2|2|1|1,9,62,5184939,silent,5184877
10,13|8|7|3|2|2|2|2|1,9,34,2206011,silent,2205977
10,13|8|7|2|2|2|2|2|2,9,5,248777,silent,248772
10,13|8|6|6|3|1|1|1|1,9,64,3098322,silent,3098258
10,13|8|6|6|2|2|1|1|1,9,58,3172444,silent,3172386
10,13|8|6|5|4|1|1|1|1,9,101,5042705,silent,5042604
10,13|8|6|5|3|2|1|1|1,9,204,12330480,silent,12330276
10,13|8|6|5|2|2|2|1|1,9,106,6293247,silent,6293141
10,13|8|6|4|4|2|1|1|1,9,126,8855131,silent,8855005
10,13|8|6|4|3|3|1|1|1,9,96,8988821,silent,8988725
10,13|8|6|4|3|2|2|1|1,9,152,13482529,silent,13482377
10,13|8|6|4|2|2|2|2|1,9,63,4520170,silent,4520107
10,13|8|6|3|3|3|2|1|1,9,25,5807549,silent,5807524
10,13|8|6|3|3|2|2|2|1,9,24,4571103,silent,4571079
10,13|8|6|3|2|2|2|2|2,9,9,1119578,silent,1119569
10,13|8|5|5|5|1|1|1|1,9,28,1188335,silent,1188307
10,13|8|5|5|4|2|1|1|1,9,114,6801603,silent,6801489
10,13|8|5|5|3|3|1|1|1,9,56,5720579,silent,5720523
10,13|8|5|5|3|2|2|1|1,9,88,8396601,silent,8396513
10,13|8|5|5|2|2|2|2|1,9,23,2627056,silent,2627033
10,13|8|5|4|4|3|1|1|1,9,70,6435466,silent,6435396
10,13|8|5|4|4|2|2|1|1,9,87,7828577,silent,7828490
10,13|8|5|4|3|3|2|1|1,9,53,10322056,silent,10322003
10,13|8|5|4|3|2|2|2|1,9,48,7558461,silent,7558413
10,13|8|5|4|2|2|2|2|2,9,10,1464278,silent,1464268
10,13|8|5|3|3|3|3|1|1,9,1,2374823,silent,2374822
10,13|8|5|3|3|3|2|2|1,9,3,3910534,silent,3910531
10,13|8|5|3|3|2|2|2|2,9,2,1635191,silent,1635189
10,13|8|4|4|4|4|1|1|1,9,9,1002265,silent,1002256
10,13|8|4|4|4|3|2|1|1,9,31,3866269,silent,3866238
10,13|8|4|4|4|2|2|2|1,9,26,2272712,silent,2272686
10,13|8|4|4|3|3|3|1|1,9,4,2182461,silent,2182457
10,13|8|4|4|3|3|2|2|1,9,8,3500303,silent,3500295
10,13|8|4|4|3|2|2|2|2,9,6,1372084,silent,1372078
10,13|8|4|3|3|3|3|2|1,9,0,-1,a0,
10,13|8|4|3|3|3|2|2|2,9,0,-1,a0,
10,13|8|3|3|3|3|3|3|1,9,0,-1,a0,
10,13|8|3|3|3|3|3|2|2,9,0,-1,a0,
10,13|7|7|7|2|1|1|1|1,9,11,433258,silent,433247
10,13|7|7|6|3|1|1|1|1,9,35,2009514,silent,2009479
10,13|7|7|6|2|2|1|1|1,9,46,2052194,silent,2052148
10,13|7|7|5|4|1|1|1|1,9,51,2673698,silent,2673647
10,13|7|7|5|3|2|1|1|1,9,103,6449175,silent,6449072
10,13|7|7|5|2|2|2|1|1,9,56,3269775,silent,3269719
10,13|7|7|4|4|2|1|1|1,9,68,4379888,silent,4379820
10,13|7|7|4|3|3|1|1|1,9,38,4386220,silent,4386182
10,13|7|7|4|3|2|2|1|1,9,73,6563512,silent,6563439
10,13|7|7|4|2|2|2|2|1,9,23,2178707,silent,2178684
10,13|7|7|3|3|3|2|1|1,9,10,2746230,silent,2746220
10,13|7|7|3|3|2|2|2|1,9,10,2154484,silent,2154474
10,13|7|7|3|2|2|2|2|2,9,2,520869,silent,520867
10,13|7|6|6|4|1|1|1|1,9,28,2084894,silent,2084866
10,13|7|6|6|3|2|1|1|1,9,64,4711919,silent,4711855
10,13|7|6|6|2|2|2|1|1,9,34,2319707,silent,2319673
10,13|7|6|5|5|1|1|1|1,9,32,1664215,silent,1664183
10,13|7|6|5|4|2|1|1|1,9,120,8793145,silent,8793025
10,13|7|6|5|3|3|1|1|1,9,71,7199497,silent,7199426
10,13|7|6|5|3|2|2|1|1,9,103,10474444,silent,10474341
10,13|7|6|5|2|2|2|2|1,9,31,3219871,silent,3219840
10,13|7|6|4|4|3|1|1|1,9,63,6606764,silent,6606701
10,13|7|6|4|4|2|2|1|1,9,84,7975431,silent,7975347
10,13|7|6|4|3|3|2|1|1,9,53,10227932,silent,10227879
10,13|7|6|4|3|2|2|2|1,9,45,7419071,silent,7419026
10,13|7|6|4|2|2|2|2|2,9,9,1410492,silent,1410483
10,13|7|6|3|3|3|3|1|1,9,2,2176946,silent,2176944
10,13|7|6|3|3|3|2|2|1,9,3,3565649,silent,3565646
10,13|7|6|3|3|2|2|2|2,9,2,1476756,silent,1476754
10,13|7|5|5|5|2|1|1|1,9,37,2376020,silent,2375983
10,13|7|5|5|4|3|1|1|1,9,62,5683020,silent,5682958
10,13|7|5|5|4|2|2|1|1,9,60,6708621,silent,6708561
10,13|7|5|5|3|3|2|1|1,9,32,7131394,silent,7131362
10,13|7|5|5|3|2|2|2|1,9,19,5036344,silent,5036325
10,13|7|5|5|2|2|2|2|2,9,2,889246,silent,889244
10,13|7|5|4|4|4|1|1|1,9,28,2288322,silent,2288294
10,13|7|5|4|4|3|2|1|1,9,59,8501203,silent,8501144
10,13|7|5|4|4|2|2|2|1,9,34,4902684,silent,4902650
10,13|7|5|4|3|3|3|1|1,9,6,4430369,silent,4430363
10,13|7|5|4|3|3|2|2|1,9,14,7060713,silent,7060699
10,13|7|5|4|3|2|2|2|2,9,6,2708378,silent,2708372
10,13|7|5|3|3|3|3|2|1,9,0,-1,a0,
10,13|7|5|3|3|3|2|2|2,9,0,-1,a0,
10,13|7|4|4|4|4|2|1|1,9,18,1539373,silent,1539355
10,13|7|4|4|4|3|3|1|1,9,7,1902668,silent,1902661
10,13|7|4|4|4|3|2|2|1,9,18,2842259,silent,2842241
10,13|7|4|4|4|2|2|2|2,9,7,869566,silent,869559
10,13|7|4|4|3|3|3|2|1,9,0,-1,a0,
10,13|7|4|4|3|3|2|2|2,9,1,1401365,silent,1401364
10,13|7|4|3|3|3|3|3|1,9,0,-1,a0,
10,13|7|4|3|3|3|3|2|2,9,0,-1,a0,
10,13|7|3|3|3|3|3|3|2,9,0,-1,a0,
10,13|6|6|6|5|1|1|1|1,9,6,483830,silent,483824
10,13|6|6|6|4|2|1|1|1,9,17,2023266,silent,2023249
10,13|6|6|6|3|3|1|1|1,9,18,1558310,silent,1558292
10,13|6|6|6|3|2|2|1|1,9,20,2228965,silent,2228945
10,13|6|6|6|2|2|2|2|1,9,9,663270,silent,663261
10,13|6|6|5|5|2|1|1|1,9,24,1815537,silent,1815513
10,13|6|6|5|4|3|1|1|1,9,37,4070117,silent,4070080
10,13|6|6|5|4|2|2|1|1,9,39,4769391,silent,4769352
10,13|6|6|5|3|3|2|1|1,9,27,4958423,silent,4958396
10,13|6|6|5|3|2|2|2|1,9,18,3471949,silent,3471931
10,13|6|6|5|2|2|2|2|2,9,4,606675,silent,606671
10,13|6|6|4|4|4|1|1|1,9,8,1334628,silent,1334620
10,13|6|6|4|4|3|2|1|1,9,32,4899344,silent,4899312
10,13|6|6|4|4|2|2|2|1,9,22,2806682,silent,2806660
10,13|6|6|4|3|3|3|1|1,9,6,2487030,silent,2487024
10,13|6|6|4|3|3|2|2|1,9,8,3942394,silent,3942386
10,13|6|6|4|3|2|2|2|2,9,5,1501664,silent,1501659
10,13|6|6|3|3|3|3|2|1,9,0,-1,a0,
10,13|6|6|3|3|3|2|2|2,9,0,-1,a0,
10,13|6|5|5|5|3|1|1|1,9,15,1540353,silent,1540338
10,13|6|5|5|5|2|2|1|1,9,11,1697429,silent,1697418
10,13|6|5|5|4|4|1|1|1,9,19,1555691,silent,1555672
10,13|6|5|5|4|3|2|1|1,9,29,5342895,silent,5342866
10,13|6|5|5|4|2|2|2|1,9,9,2975178,silent,2975169
10,13|6|5|5|3|3|3|1|1,9,3,2209897,silent,2209894
10,13|6|5|5|3|3|2|2|1,9,5,3474209,silent,3474204
10,13|6|5|5|3|2|2|2|2,9,1,1281437,silent,1281436
10,13|6|5|4|4|4|2|1|1,9,23,2464202,silent,2464179
10,13|6|5|4|4|3|3|1|1,9,12,2958400,silent,2958388
10,13|6|5|4|4|3|2|2|1,9,18,4388156,silent,4388138
10,13|6|5|4|4|2|2|2|2,9,5,1315893,silent,1315888
10,13|6|5|4|3|3|3|2|1,9,1,2989409,silent,2989408
10,13|6|5|4|3|3|2|2|2,9,1,1994959,silent,1994958
10,13|6|5|3|3|3|3|3|1,9,0,-1,a0,
10,13|6|5|3|3|3|3|2|2,9,0,-1,a0,
10,13|6|4|4|4|4|3|1|1,9,7,766901,silent,766894
10,13|6|4|4|4|4|2|2|1,9,13,926010,silent,925997
10,13|6|4|4|4|3|3|2|1,9,3,1442492,silent,1442489
10,13|6|4|4|4|3|2|2|2,9,4,896401,silent,896397
10,13|6|4|4|3|3|3|3|1,9,0,-1,a0,
10,13|6|4|4|3|3|3|2|2,9,0,-1,a0,
10,13|6|4|3|3|3|3|3|2,9,0,-1,a0,
10,13|6|3|3|3|3|3|3|3,9,0,-1,a0,
10,13|5|5|5|5|4|1|1|1,9,3,290907,silent,290904
10,13|5|5|5|5|3|2|1|1,9,2,795529,silent,795527
10,13|5|5|5|5|2|2|2|1,9,0,-1,a0,
10,13|5|5|5|4|4|2|1|1,9,7,902183,silent,902176
10,13|5|5|5|4|3|3|1|1,9,2,1012974,silent,1012972
10,13|5|5|5|4|3|2|2|1,9,2,1484288,silent,1484286
10,13|5|5|5|4|2|2|2|2,9,0,-1,a0,
10,13|5|5|5|3|3|3|2|1,9,0,-1,a0,
10,13|5|5|5|3|3|2|2|2,9,0,-1,a0,
10,13|5|5|4|4|4|3|1|1,9,7,657287,silent,657280
10,13|5|5|4|4|4|2|2|1,9,5,784479,silent,784474
10,13|5|5|4|4|3|3|2|1,9,2,1196885,silent,1196883
10,13|5|5|4|4|3|2|2|2,9,1,736668,silent,736667
10,13|5|5|4|3|3|3|3|1,9,0,-1,a0,
10,13|5|5|4|3|3|3|2|2,9,0,-1,a0,
10,13|5|5|3|3|3|3|3|2,9,0,-1,a0,
10,13|5|4|4|4|4|4|1|1,9,3,108646,silent,108643
10,13|5|4|4|4|4|3|2|1,9,5,425066,silent,425061
10,13|5|4|4|4|4|2|2|2,9,3,209366,silent,209363
10,13|5|4|4|4|3|3|3|1,9,0,-1,a0,
10,13|5|4|4|4|3|3|2|2,9,0,-1,a0,
10,13|5|4|4|3|3|3|3|2,9,0,-1,a0,
10,13|5|4|3|3|3|3|3|3,9,0,-1,a0,
10,13|4|4|4|4|4|4|2|1,9,2,35293,silent,35291
10,13|4|4|4|4|4|3|3|1,9,0,-1,a0,
10,13|4|4|4|4|4|3|2|2,9,1,56899,silent,56898
10,13|4|4|4|4|3|3|3|2,9,0,-1,a0,
10,13|4|4|4|3|3|3|3|3,9,0,-1,a0,
10,12|12|10|1|1|1|1|1|1,9,0,-1,a0,
10,12|12|9|2|1|1|1|1|1,9,2,45374,silent,45372
10,12|12|8|3|1|1|1|1|1,9,6,159506,silent,159500
10,12|12|8|2|2|1|1|1|1,9,10,153335,silent,153325
10,12|12|7|4|1|1|1|1|1,9,11,289265,silent,289254
10,12|12|7|3|2|1|1|1|1,9,24,573059,silent,573035
10,12|12|7|2|2|2|1|1|1,9,13,265823,silent,265810
10,12|12|6|5|1|1|1|1|1,9,10,255073,silent,255063
10,12|12|6|4|2|1|1|1|1,9,35,881862,silent,881827
10,12|12|6|3|3|1|1|1|1,9,19,619235,silent,619216
10,12|12|6|3|2|2|1|1|1,9,35,877728,silent,877693
10,12|12|6|2|2|2|2|1|1,9,10,257815,silent,257805
10,12|12|5|5|2|1|1|1|1,9,16,454835,silent,454819
10,12|12|5|4|3|1|1|1|1,9,25,854902,silent,854877
10,12|12|5|4|2|2|1|1|1,9,33,989052,silent,989019
10,12|12|5|3|3|2|1|1|1,9,25,941733,silent,941708
10,12|12|5|3|2|2|2|1|1,9,23,677355,silent,677332
10,12|12|5|2|2|2|2|2|1,9,8,137665,silent,137657
10,12|12|4|4|4|1|1|1|1,9,6,206565,silent,206559
10,12|12|4|4|3|2|1|1|1,9,15,720450,silent,720435
10,12|12|4|4|2|2|2|1|1,9,9,421858,silent,421849
10,12|12|4|3|3|3|1|1|1,9,3,329116,silent,329113
10,12|12|4|3|3|2|2|1|1,9,11,545796,silent,545785
10,12|12|4|3|2|2|2|2|1,9,6,249840,silent,249834
10,12|12|4|2|2|2|2|2|2,9,4,33627,silent,33623
10,12|12|3|3|3|3|2|1|1,9,0,-1,a0,
10,12|12|3|3|3|2|2|2|1,9,0,-1,a0,
10,12|12|3|3|2|2|2|2|2,9,0,-1,a0,
10,12|11|11|1|1|1|1|1|1,9,0,-1,a0,
10,12|11|10|2|1|1|1|1|1,9,3,45126,silent,45123
10,12|11|9|3|1|1|1|1|1,9,11,221378,silent,221367
10,12|11|9|2|2|1|1|1|1,9,10,211764,silent,211754
10,12|11|8|4|1|1|1|1|1,9,24,536285,silent,536261
10,12|11|8|3|2|1|1|1|1,9,45,1041705,silent,1041660
10,12|11|8|2|2|2|1|1|1,9,23,477832,silent,477809
10,12|11|7|5|1|1|1|1|1,9,26,683272,silent,683246
10,12|11|7|4|2|1|1|1|1,9,76,2161026,silent,2160950
10,12|11|7|3|3|1|1|1|1,9,49,1469975,silent,1469926
10,12|11|7|3|2|2|1|1|1,9,74,2064354,silent,2064280
10,12|11|7|2|2|2|2|1|1,9,29,594210,silent,594181
10,12|11|6|6|1|1|1|1|1,9,13,328642,silent,328629
10,12|11|6|5|2|1|1|1|1,9,70,2025722,silent,2025652
10,12|11|6|4|3|1|1|1|1,9,82,2988761,silent,2988679
10,12|11|6|4|2|2|1|1|1,9,99,3398072,silent,3397973
10,12|11|6|3|3|2|1|1|1,9,70,3005861,silent,3005791
10,12|11|6|3|2|2|2|1|1,9,58,2115972,silent,2115914
10,12|11|6|2|2|2|2|2|1,9,16,410928,silent,410912
10,12|11|5|5|3|1|1|1|1,9,50,1681530,silent,1681480
10,12|11|5|5|2|2|1|1|1,9,56,1811277,silent,1811221
10,12|11|5|4|4|1|1|1|1,9,31,1364772,silent,1364741
10,12|11|5|4|3|2|1|1|1,9,91,4386359,silent,4386268
10,12|11|5|4|2|2|2|1|1,9,60,2476916,silent,2476856
10,12|11|5|3|3|3|1|1|1,9,19,1572722,silent,1572703
10,12|11|5|3|3|2|2|1|1,9,33,2562104,silent,2562071
10,12|11|5|3|2|2|2|2|1,9,21,1123810,silent,1123789
10,12|11|5|2|2|2|2|2|2,9,4,134728,silent,134724
10,12|11|4|4|4|2|1|1|1,9,18,1166492,silent,1166474
10,12|11|4|4|3|3|1|1|1,9,15,1311108,silent,1311093
10,12|11|4|4|3|2|2|1|1,9,29,2014053,silent,2014024
10,12|11|4|4|2|2|2|2|1,9,15,717747,silent,717732
10,12|11|4|3|3|3|2|1|1,9,5,1188729,silent,1188724
10,12|11|4|3|3|2|2|2|1,9,5,963750,silent,963745
10,12|11|4|3|2|2|2|2|2,9,3,251198,silent,251195
10,12|11|3|3|3|3|3|1|1,9,0,-1,a0,
10,12|11|3|3|3|3|2|2|1,9,0,-1,a0,
10,12|11|3|3|3|2|2|2|2,9,0,-1,a0,
10,12|10|10|3|1|1|1|1|1,9,5,104813,silent,104808
10,12|10|10|2|2|1|1|1|1,9,7,99737,silent,99730
10,12|10|9|4|1|1|1|1|1,9,19,444210,silent,444191
10,12|10|9|3|2|1|1|1|1,9,37,854233,silent,854196
10,12|10|9|2|2|2|1|1|1,9,18,389415,silent,389397
10,12|10|8|5|1|1|1|1|1,9,34,841646,silent,841612
10,12|10|8|4|2|1|1|1|1,9,94,2554750,silent,2554656
10,12|10|8|3|3|1|1|1|1,9,49,1710269,silent,1710220
10,12|10|8|3|2|2|1|1|1,9,80,2386130,silent,2386050
10,12|10|8|2|2|2|2|1|1,9,23,677413,silent,677390
10,12|10|7|6|1|1|1|1|1,9,26,749749,silent,749723
10,12|10|7|5|2|1|1|1|1,9,114,3596004,silent,3595890
10,12|10|7|4|3|1|1|1|1,9,127,4889003,silent,4888876
10,12|10|7|4|2|2|1|1|1,9,152,5507963,silent,5507811
10,12|10|7|3|3|2|1|1|1,9,99,4718424,silent,4718325
10,12|10|7|3|2|2|2|1|1,9,81,3283761,silent,3283680
10,12|10|7|2|2|2|2|2|1,9,21,622687,silent,622666
10,12|10|6|6|2|1|1|1|1,9,54,1797419,silent,1797365
10,12|10|6|5|3|1|1|1|1,9,129,5142725,silent,5142596
10,12|10|6|5|2|2|1|1|1,9,135,5436016,silent,5435881
10,12|10|6|4|4|1|1|1|1,9,77,3356466,silent,3356389
10,12|10|6|4|3|2|1|1|1,9,192,10375330,silent,10375138
10,12|10|6|4|2|2|2|1|1,9,109,5735533,silent,5735424
10,12|10|6|3|3|3|1|1|1,9,37,3425384,silent,3425347
10,12|10|6|3|3|2|2|1|1,9,71,5522215,silent,5522144
10,12|10|6|3|2|2|2|2|1,9,38,2368878,silent,2368840
10,12|10|6|2|2|2|2|2|2,9,10,272728,silent,272718
10,12|10|5|5|4|1|1|1|1,9,55,2390378,silent,2390323
10,12|10|5|5|3|2|1|1|1,9,115,6045038,silent,6044923
10,12|10|5|5|2|2|2|1|1,9,63,3140668,silent,3140605
10,12|10|5|4|4|2|1|1|1,9,89,5330888,silent,5330799
10,12|10|5|4|3|3|1|1|1,9,61,5562645,silent,5562584
10,12|10|5|4|3|2|2|1|1,9,101,8410693,silent,8410592
10,12|10|5|4|2|2|2|2|1,9,40,2869839,silent,2869799
10,12|10|5|3|3|3|2|1|1,9,15,3901082,silent,3901067
10,12|10|5|3|3|2|2|2|1,9,15,3099303,silent,3099288
10,12|10|5|3|2|2|2|2|2,9,5,771616,silent,771611
10,12|10|4|4|4|3|1|1|1,9,23,1919096,silent,1919073
10,12|10|4|4|4|2|2|1|1,9,26,2366625,silent,2366599
10,12|10|4|4|3|3|2|1|1,9,21,3348565,silent,3348544
10,12|10|4|4|3|2|2|2|1,9,20,2494597,silent,2494577
10,12|10|4|4|2|2|2|2|2,9,9,505335,silent,505326
10,12|10|4|3|3|3|3|1|1,9,0,-1,a0,
10,12|10|4|3|3|3|2|2|1,9,1,1626792,silent,1626791
10,12|10|4|3|3|2|2|2|2,9,0,-1,a0,
10,12|10|3|3|3|3|3|2|1,9,0,-1,a0,
10,12|10|3|3|3|3|2|2|2,9,0,-1,a0,
10,12|9|9|5|1|1|1|1|1,9,14,388164,silent,388150
10,12|9|9|4|2|1|1|1|1,9,36,1162600,silent,1162564
10,12|9|9|3|3|1|1|1|1,9,27,773559,silent,773532
10,12|9|9|3|2|2|1|1|1,9,36,1078764,silent,1078728
10,12|9|9|2|2|2|2|1|1,9,15,305564,silent,305549
10,12|9|8|6|1|1|1|1|1,9,25,687170,silent,687145
10,12|9|8|5|2|1|1|1|1,9,94,3035753,silent,3035659
10,12|9|8|4|3|1|1|1|1,9,100,3992110,silent,3992010
10,12|9|8|4|2|2|1|1|1,9,115,4475510,silent,4475395
10,12|9|8|3|3|2|1|1|1,9,75,3779550,silent,3779475
10,12|9|8|3|2|2|2|1|1,9,59,2614445,silent,2614386
10,12|9|8|2|2|2|2|2|1,9,15,490082,silent,490067
10,12|9|7|7|1|1|1|1|1,9,10,360479,silent,360469
10,12|9|7|6|2|1|1|1|1,9,80,3035923,silent,3035843
10,12|9|7|5|3|1|1|1|1,9,157,6831116,silent,6830959
10,12|9|7|5|2|2|1|1|1,9,170,7163386,silent,7163216
10,12|9|7|4|4|1|1|1|1,9,81,4162105,silent,4162024
10,12|9|7|4|3|2|1|1|1,9,218,12631276,silent,12631058
10,12|9|7|4|2|2|2|1|1,9,133,6913645,silent,6913512
10,12|9|7|3|3|3|1|1|1,9,40,4020433,silent,4020393
10,12|9|7|3|3|2|2|1|1,9,69,6449831,silent,6449762
10,12|9|7|3|2|2|2|2|1,9,37,2733555,silent,2733518
10,12|9|7|2|2|2|2|2|2,9,4,305354,silent,305350
10,12|9|6|6|3|1|1|1|1,9,74,3672348,silent,3672274
10,12|9|6|6|2|2|1|1|1,9,73,3753979,silent,3753906
10,12|9|6|5|4|1|1|1|1,9,116,5857074,silent,5856958
10,12|9|6|5|3|2|1|1|1,9,231,14256144,silent,14255913
10,12|9|6|5|2|2|2|1|1,9,116,7254524,silent,7254408
10,12|9|6|4|4|2|1|1|1,9,149,10141875,silent,10141726
10,12|9|6|4|3|3|1|1|1,9,106,10254518,silent,10254412
10,12|9|6|4|3|2|2|1|1,9,167,15359225,silent,15359058
10,12|9|6|4|2|2|2|2|1,9,62,5128618,silent,5128556
10,12|9|6|3|3|3|2|1|1,9,27,6568410,silent,6568383
10,12|9|6|3|3|2|2|2|1,9,24,5159191,silent,5159167
10,12|9|6|3|2|2|2|2|2,9,9,1257051,silent,1257042
10,12|9|5|5|5|1|1|1|1,9,32,1328812,silent,1328780
10,12|9|5|5|4|2|1|1|1,9,120,7541187,silent,7541067
10,12|9|5|5|3|3|1|1|1,9,63,6321154,silent,6321091
10,12|9|5|5|3|2|2|1|1,9,91,9261000,silent,9260909
10,12|9|5|5|2|2|2|2|1,9,24,2887326,silent,2887302
10,12|9|5|4|4|3|1|1|1,9,76,7042883,silent,7042807
10,12|9|5|4|4|2|2|1|1,9,96,8554841,silent,8554745
10,12|9|5|4|3|3|2|1|1,9,56,11239218,silent,11239162
10,12|9|5|4|3|2|2|2|1,9,46,8211803,silent,8211757
10,12|9|5|4|2|2|2|2|2,9,9,1583092,silent,1583083
10,12|9|5|3|3|3|3|1|1,9,2,2566695,silent,2566693
10,12|9|5|3|3|3|2|2|1,9,3,4220273,silent,4220270
10,12|9|5|3|3|2|2|2|2,9,2,1760239,silent,1760237
10,12|9|4|4|4|4|1|1|1,9,11,1073328,silent,1073317
10,12|9|4|4|4|3|2|1|1,9,33,4126169,silent,4126136
10,12|9|4|4|4|2|2|2|1,9,24,2419521,silent,2419497
10,12|9|4|4|3|3|3|1|1,9,4,2318716,silent,2318712
10,12|9|4|4|3|3|2|2|1,9,8,3715738,silent,3715730
10,12|9|4|4|3|2|2|2|2,9,5,1451574,silent,1451569
10,12|9|4|3|3|3|3|2|1,9,0,-1,a0,
10,12|9|4|3|3|3|2|2|2,9,0,-1,a0,
10,12|9|3|3|3|3|3|3|1,9,0,-1,a0,
10,12|9|3|3|3|3|3|2|2,9,0,-1,a0,
10,12|8|8|7|1|1|1|1|1,9,8,232149,silent,232141
10,12|8|8|6|2|1|1|1|1,9,46,1564196,silent,1564150
10,12|8|8|5|3|1|1|1|1,9,71,3284462,silent,3284391
10,12|8|8|5|2|2|1|1|1,9,73,3424917,silent,3424844
10,12|8|8|4|4|1|1|1|1,9,46,1953469,silent,1953423
10,12|8|8|4|3|2|1|1|1,9,95,5877277,silent,5877182
10,12|8|8|4|2|2|2|1|1,9,48,3197290,silent,3197242
10,12|8|8|3|3|3|1|1|1,9,16,1846547,silent,1846531
10,12|8|8|3|3|2|2|1|1,9,37,2952457,silent,2952420
10,12|8|8|3|2|2|2|2|1,9,18,1245307,silent,1245289
10,12|8|8|2|2|2|2|2|2,9,6,139457,silent,139451
10,12|8|7|7|2|1|1|1|1,9,25,1041260,silent,1041235
10,12|8|7|6|3|1|1|1|1,9,84,4393652,silent,4393568
10,12|8|7|6|2|2|1|1|1,9,87,4461191,silent,4461104
10,12|8|7|5|4|1|1|1|1,9,105,5616774,silent,5616669
10,12|8|7|5|3|2|1|1|1,9,202,13441570,silent,13441368
10,12|8|7|5|2|2|2|1|1,9,104,6776182,silent,6776078
10,12|8|7|4|4|2|1|1|1,9,128,8966199,silent,8966071
10,12|8|7|4|3|3|1|1|1,9,84,8935719,silent,8935635
10,12|8|7|4|3|2|2|1|1,9,134,13325221,silent,13325087
10,12|8|7|4|2|2|2|2|1,9,48,4401476,silent,4401428
10,12|8|7|3|3|3|2|1|1,9,20,5512656,silent,5512636
10,12|8|7|3|3|2|2|2|1,9,20,4306118,silent,4306098
10,12|8|7|3|2|2|2|2|2,9,6,1036884,silent,1036878
10,12|8|6|6|4|1|1|1|1,9,57,3522243,silent,3522186
10,12|8|6|6|3|2|1|1|1,9,104,7898567,silent,7898463
10,12|8|6|6|2|2|2|1|1,9,46,3868008,silent,3867962
10,12|8|6|5|5|1|1|1|1,9,45,2719578,silent,2719533
10,12|8|6|5|4|2|1|1|1,9,184,14171732,silent,14171548
10,12|8|6|5|3|3|1|1|1,9,109,11537296,silent,11537187
10,12|8|6|5|3|2|2|1|1,9,155,16739558,silent,16739403
10,12|8|6|5|2|2|2|2|1,9,47,5117401,silent,5117354
10,12|8|6|4|4|3|1|1|1,9,103,10403940,silent,10403837
10,12|8|6|4|4|2|2|1|1,9,112,12524994,silent,12524882
10,12|8|6|4|3|3|2|1|1,9,83,15975904,silent,15975821
10,12|8|6|4|3|2|2|2|1,9,64,11548231,silent,11548167
10,12|8|6|4|2|2|2|2|2,9,18,2184301,silent,2184283
10,12|8|6|3|3|3|3|1|1,9,2,3355787,silent,3355785
10,12|8|6|3|3|3|2|2|1,9,5,5484697,silent,5484692
10,12|8|6|3|3|2|2|2|2,9,1,2260906,silent,2260905
10,12|8|5|5|5|2|1|1|1,9,49,3521876,silent,3521827
10,12|8|5|5|4|3|1|1|1,9,82,8321124,silent,8321042
10,12|8|5|5|4|2|2|1|1,9,87,9797832,silent,9797745
10,12|8|5|5|3|3|2|1|1,9,43,10356867,silent,10356824
10,12|8|5|5|3|2|2|2|1,9,28,7288936,silent,7288908
10,12|8|5|5|2|2|2|2|2,9,1,1279225,silent,1279224
10,12|8|5|4|4|4|1|1|1,9,37,3279836,silent,3279799
10,12|8|5|4|4|3|2|1|1,9,80,12134755,silent,12134675
10,12|8|5|4|4|2|2|2|1,9,44,6977039,silent,6976995
10,12|8|5|4|3|3|3|1|1,9,10,6281904,silent,6281894
10,12|8|5|4|3|3|2|2|1,9,18,9989836,silent,9989818
10,12|8|5|4|3|2|2|2|2,9,8,3817205,silent,3817197
10,12|8|5|3|3|3|3|2|1,9,0,-1,a0,
10,12|8|5|3|3|3|2|2|2,9,0,-1,a0,
10,12|8|4|4|4|4|2|1|1,9,20,2105259,silent,2105239
10,12|8|4|4|4|3|3|1|1,9,13,2594827,silent,2594814
10,12|8|4|4|4|3|2|2|1,9,20,3868964,silent,3868944
10,12|8|4|4|4|2|2|2|2,9,11,1180468,silent,1180457
10,12|8|4|4|3|3|3|2|1,9,1,2817032,silent,2817031
10,12|8|4|4|3|3|2|2|2,9,0,-1,a0,
10,12|8|4|3|3|3|3|3|1,9,0,-1,a0,
10,12|8|4|3|3|3|3|2|2,9,0,-1,a0,
10,12|8|3|3|3|3|3|3|2,9,0,-1,a0,
10,12|7|7|7|3|1|1|1|1,9,18,850816,silent,850798
10,12|7|7|7|2|2|1|1|1,9,18,855538,silent,855520
10,12|7|7|6|4|1|1|1|1,9,32,2360932,silent,2360900
10,12|7|7|6|3|2|1|1|1,9,69,5227139,silent,5227070
10,12|7|7|6|2|2|2|1|1,9,39,2545544,silent,2545505
10,12|7|7|5|5|1|1|1|1,9,28,1513472,silent,1513444
10,12|7|7|5|4|2|1|1|1,9,101,7658013,silent,7657912
10,12|7|7|5|3|3|1|1|1,9,52,6154730,silent,6154678
10,12|7|7|5|3|2|2|1|1,9,75,8905767,silent,8905692
10,12|7|7|5|2|2|2|2|1,9,19,2696986,silent,2696967
10,12|7|7|4|4|3|1|1|1,9,48,5249076,silent,5249028
10,12|7|7|4|4|2|2|1|1,9,67,6300896,silent,6300829
10,12|7|7|4|3|3|2|1|1,9,33,7931241,silent,7931208
10,12|7|7|4|3|2|2|2|1,9,27,5710031,silent,5710004
10,12|7|7|4|2|2|2|2|2,9,1,1065005,silent,1065004
10,12|7|7|3|3|3|3|1|1,9,2,1616049,silent,1616047
10,12|7|7|3|3|3|2|2|1,9,2,2638879,silent,2638877
10,12|7|7|3|3|2|2|2|2,9,2,1083835,silent,1083833
10,12|7|6|6|5|1|1|1|1,9,16,1484081,silent,1484065
10,12|7|6|6|4|2|1|1|1,9,60,6073590,silent,6073530
10,12|7|6|6|3|3|1|1|1,9,38,4621693,silent,4621655
10,12|7|6|6|3|2|2|1|1,9,57,6598519,silent,6598462
10,12|7|6|6|2|2|2|2|1,9,18,1942668,silent,1942650
10,12|7|6|5|5|2|1|1|1,9,56,5057275,silent,5057219
10,12|7|6|5|4|3|1|1|1,9,96,11103929,silent,11103833
10,12|7|6|5|4|2|2|1|1,9,102,12966264,silent,12966162
10,12|7|6|5|3|3|2|1|1,9,62,13340058,silent,13339996
10,12|7|6|5|3|2|2|2|1,9,40,9298125,silent,9298085
10,12|7|6|5|2|2|2|2|2,9,6,1605102,silent,1605096
10,12|7|6|4|4|4|1|1|1,9,33,3505467,silent,3505434
10,12|7|6|4|4|3|2|1|1,9,78,12755764,silent,12755686
10,12|7|6|4|4|2|2|2|1,9,44,7266515,silent,7266471
10,12|7|6|4|3|3|3|1|1,9,11,6392198,silent,6392187
10,12|7|6|4|3|3|2|2|1,9,19,10117375,silent,10117356
10,12|7|6|4|3|2|2|2|2,9,8,3827391,silent,3827383
10,12|7|6|3|3|3|3|2|1,9,0,-1,a0,
10,12|7|6|3|3|3|2|2|2,9,0,-1,a0,
10,12|7|5|5|5|3|1|1|1,9,30,3302257,silent,3302227
10,12|7|5|5|5|2|2|1|1,9,20,3622843,silent,3622823
10,12|7|5|5|4|4|1|1|1,9,35,3276052,silent,3276017
10,12|7|5|5|4|3|2|1|1,9,57,11172180,silent,11172123
10,12|7|5|5|4|2|2|2|1,9,19,6191536,silent,6191517
10,12|7|5|5|3|3|3|1|1,9,7,4568126,silent,4568119
10,12|7|5|5|3|3|2|2|1,9,10,7159784,silent,7159774
10,12|7|5|5|3|2|2|2|2,9,2,2626975,silent,2626973
10,12|7|5|4|4|4|2|1|1,9,45,4955515,silent,4955470
10,12|7|5|4|4|3|3|1|1,9,19,5912885,silent,5912866
10,12|7|5|4|4|3|2|2|1,9,32,8749191,silent,8749159
10,12|7|5|4|4|2|2|2|2,9,6,2606282,silent,2606276
10,12|7|5|4|3|3|3|2|1,9,2,5891870,silent,5891868
10,12|7|5|4|3|3|2|2|2,9,2,3919141,silent,3919139
10,12|7|5|3|3|3|3|3|1,9,0,-1,a0,
10,12|7|5|3|3|3|3|2|2,9,0,-1,a0,
10,12|7|4|4|4|4|3|1|1,9,13,1401607,silent,1401594
10,12|7|4|4|4|4|2|2|1,9,18,1685475,silent,1685457
10,12|7|4|4|4|3|3|2|1,9,5,2613513,silent,2613508
10,12|7|4|4|4|3|2|2|2,9,5,1617429,silent,1617424
10,12|7|4|4|3|3|3|3|1,9,0,-1,a0,
10,12|7|4|4|3|3|3|2|2,9,0,-1,a0,
10,12|7|4|3|3|3|3|3|2,9,0,-1,a0,
10,12|7|3|3|3|3|3|3|3,9,0,-1,a0,
10,12|6|6|6|6|1|1|1|1,9,1,171358,silent,171357
10,12|6|6|6|5|2|1|1|1,9,11,1505698,silent,1505687
10,12|6|6|6|4|3|1|1|1,9,18,2650740,silent,2650722
10,12|6|6|6|4|2|2|1|1,9,17,3047698,silent,3047681
10,12|6|6|6|3|3|2|1|1,9,18,2947665,silent,2947647
10,12|6|6|6|3|2|2|2|1,9,13,2018995,silent,2018982
10,12|6|6|6|2|2|2|2|2,9,6,339118,silent,339112
10,12|6|6|5|5|3|1|1|1,9,19,2576645,silent,2576626
10,12|6|6|5|5|2|2|1|1,9,20,2805674,silent,2805654
10,12|6|6|5|4|4|1|1|1,9,15,2409209,silent,2409194
10,12|6|6|5|4|3|2|1|1,9,41,8113042,silent,8113001
10,12|6|6|5|4|2|2|2|1,9,21,4463308,silent,4463287
10,12|6|6|5|3|3|3|1|1,9,7,3230932,silent,3230925
10,12|6|6|5|3|3|2|2|1,9,9,5035888,silent,5035879
10,12|6|6|5|3|2|2|2|2,9,3,1834084,silent,1834081
10,12|6|6|4|4|4|2|1|1,9,16,2933936,silent,2933920
10,12|6|6|4|4|3|3|1|1,9,15,3466315,silent,3466300
10,12|6|6|4|4|3|2|2|1,9,20,5109687,silent,5109667
10,12|6|6|4|4|2|2|2|2,9,10,1514630,silent,1514620
10,12|6|6|4|3|3|3|2|1,9,1,3346217,silent,3346216
10,12|6|6|4|3|3|2|2|2,9,0,-1,a0,
10,12|6|6|3|3|3|3|3|1,9,0,-1,a0,
10,12|6|6|3|3|3|3|2|2,9,0,-1,a0,
10,12|6|5|5|5|4|1|1|1,9,10,1176491,silent,1176481
10,12|6|5|5|5|3|2|1|1,9,10,3175174,silent,3175164
10,12|6|5|5|5|2|2|2|1,9,1,1624869,silent,1624868
10,12|6|5|5|4|4|2|1|1,9,23,3477360,silent,3477337
10,12|6|5|5|4|3|3|1|1,9,10,3871892,silent,3871882
10,12|6|5|5|4|3|2|2|1,9,10,5648217,silent,5648207
10,12|6|5|5|4|2|2|2|2,9,0,-1,a0,
10,12|6|5|5|3|3|3|2|1,9,1,3021764,silent,3021763
10,12|6|5|5|3|3|2|2|2,9,1,1976547,silent,1976546
10,12|6|5|4|4|4|3|1|1,9,17,2303976,silent,2303959
10,12|6|5|4|4|4|2|2|1,9,18,2745838,silent,2745820
10,12|6|5|4|4|3|3|2|1,9,7,4144385,silent,4144378
10,12|6|5|4|4|3|2|2|2,9,4,2540930,silent,2540926
10,12|6|5|4|3|3|3|3|1,9,0,-1,a0,
10,12|6|5|4|3|3|3|2|2,9,0,-1,a0,
10,12|6|5|3|3|3|3|3|2,9,0,-1,a0,
10,12|6|4|4|4|4|4|1|1,9,4,294293,silent,294289
10,12|6|4|4|4|4|3|2|1,9,10,1143630,silent,1143620
10,12|6|4|4|4|4|2|2|2,9,8,561207,silent,561199
10,12|6|4|4|4|3|3|3|1,9,0,-1,a0,
10,12|6|4|4|4|3|3|2|2,9,0,-1,a0,
10,12|6|4|4|3|3|3|3|2,9,0,-1,a0,
10,12|6|4|3|3|3|3|3|3,9,0,-1,a0,
10,12|5|5|5|5|5|1|1|1,9,0,-1,a0,
10,12|5|5|5|5|4|2|1|1,9,1,677412,silent,677411
10,12|5|5|5|5|3|3|1|1,9,1,611525,silent,611524
10,12|5|5|5|5|3|2|2|1,9,0,-1,a0,
10,12|5|5|5|5|2|2|2|2,9,0,-1,a0,
10,12|5|5|5|4|4|3|1|1,9,5,871769,silent,871764
10,12|5|5|5|4|4|2|2|1,9,1,1022525,silent,1022524
10,12|5|5|5|4|3|3|2|1,9,1,1449374,silent,1449373
10,12|5|5|5|4|3|2|2|2,9,0,-1,a0,
10,12|5|5|5|3|3|3|3|1,9,0,-1,a0,
10,12|5|5|5|3|3|3|2|2,9,0,-1,a0,
10,12|5|5|4|4|4|4|1|1,9,6,259949,silent,259943
10,12|5|5|4|4|4|3|2|1,9,5,989104,silent,989099
10,12|5|5|4|4|4|2|2|2,9,0,-1,a0,
10,12|5|5|4|4|3|3|3|1,9,0,-1,a0,
10,12|5|5|4|4|3|3|2|2,9,1,794517,silent,794516
10,12|5|5|4|3|3|3|3|2,9,0,-1,a0,
10,12|5|5|3|3|3|3|3|3,9,0,-1,a0,
10,12|5|4|4|4|4|4|2|1,9,6,185103,silent,185097
10,12|5|4|4|4|4|3|3|1,9,1,237335,silent,237334
10,12|5|4|4|4|4|3|2|2,9,2,294289,silent,294287
10,12|5|4|4|4|3|3|3|2,9,0,-1,a0,
10,12|5|4|4|3|3|3|3|3,9,0,-1,a0,
10,12|4|4|4|4|4|4|3|1,9,1,26112,silent,26111
10,12|4|4|4|4|4|4|2|2,9,3,26954,silent,26951
10,12|4|4|4|4|4|3|3|2,9,0,-1,a0,
10,12|4|4|4|4|3|3|3|3,9,0,-1,a0,
10,11|11|11|2|1|1|1|1|1,9,0,-1,a0,
10,11|11|10|3|1|1|1|1|1,9,5,58729,silent,58724
10,11|11|10|2|2|1|1|1|1,9,2,55909,silent,55907
10,11|11|9|4|1|1|1|1|1,9,9,200460,silent,200451
10,11|11|9|3|2|1|1|1|1,9,17,385774,silent,385757
10,11|11|9|2|2|2|1|1|1,9,9,176205,silent,176196
10,11|11|8|5|1|1|1|1|1,9,17,354188,silent,354171
10,11|11|8|4|2|1|1|1|1,9,36,1072090,silent,1072054
10,11|11|8|3|3|1|1|1|1,9,27,717201,silent,717174
10,11|11|8|3|2|2|1|1|1,9,32,1000522,silent,1000490
10,11|11|8|2|2|2|2|1|1,9,14,284404,silent,284390
10,11|11|7|6|1|1|1|1|1,9,11,306724,silent,306713
10,11|11|7|5|2|1|1|1|1,9,49,1464607,silent,1464558
10,11|11|7|4|3|1|1|1|1,9,52,1984278,silent,1984226
10,11|11|7|4|2|2|1|1|1,9,63,2235971,silent,2235908
10,11|11|7|3|3|2|1|1|1,9,39,1910775,silent,1910736
10,11|11|7|3|2|2|2|1|1,9,32,1329222,silent,1329190
10,11|11|7|2|2|2|2|2|1,9,7,251169,silent,251162
10,11|11|6|6|2|1|1|1|1,9,19,722397,silent,722378
10,11|11|6|5|3|1|1|1|1,9,54,2057573,silent,2057519
10,11|11|6|5|2|2|1|1|1,9,54,2174296,silent,2174242
10,11|11|6|4|4|1|1|1|1,9,24,1338675,silent,1338651
10,11|11|6|4|3|2|1|1|1,9,77,4135968,silent,4135891
10,11|11|6|4|2|2|2|1|1,9,50,2286589,silent,2286539
10,11|11|6|3|3|3|1|1|1,9,17,1362338,silent,1362321
10,11|11|6|3|3|2|2|1|1,9,23,2194754,silent,2194731
10,11|11|6|3|2|2|2|2|1,9,14,940606,silent,940592
10,11|11|6|2|2|2|2|2|2,9,0,-1,a0,
10,11|11|5|5|4|1|1|1|1,9,26,948208,silent,948182
10,11|11|5|5|3|2|1|1|1,9,44,2393308,silent,2393264
10,11|11|5|5|2|2|2|1|1,9,20,1241515,silent,1241495
10,11|11|5|4|4|2|1|1|1,9,36,2106256,silent,2106220
10,11|11|5|4|3|3|1|1|1,9,24,2194390,silent,2194366
10,11|11|5|4|3|2|2|1|1,9,40,3317498,silent,3317458
10,11|11|5|4|2|2|2|2|1,9,14,1130230,silent,1130216
10,11|11|5|3|3|3|2|1|1,9,6,1535743,silent,1535737
10,11|11|5|3|3|2|2|2|1,9,6,1219548,silent,1219542
10,11|11|5|3|2|2|2|2|2,9,2,303274,silent,303272
10,11|11|4|4|4|3|1|1|1,9,6,753405,silent,753399
10,11|11|4|4|4|2|2|1|1,9,16,930454,silent,930438
10,11|11|4|4|3|3|2|1|1,9,7,1312106,silent,1312099
10,11|11|4|4|3|2|2|2|1,9,7,977446,silent,977439
10,11|11|4|4|2|2|2|2|2,9,0,-1,a0,
10,11|11|4|3|3|3|3|1|1,9,1,384001,silent,384000
10,11|11|4|3|3|3|2|2|1,9,0,-1,a0,
10,11|11|4|3|3|2|2|2|2,9,1,271457,silent,271456
10,11|11|3|3|3|3|3|2|1,9,0,-1,a0,
10,11|11|3|3|3|3|2|2|2,9,0,-1,a0,
10,11|10|10|4|1|1|1|1|1,9,7,119840,silent,119833
10,11|10|10|3|2|1|1|1|1,9,10,228102,silent,228092
10,11|10|10|2|2|2|1|1|1,9,4,103087,silent,103083
10,11|10|9|5|1|1|1|1|1,9,16,385205,silent,385189
10,11|10|9|4|2|1|1|1|1,9,41,1143543,silent,1143502
10,11|10|9|3|3|1|1|1|1,9,24,758302,silent,758278
10,11|10|9|3|2|2|1|1|1,9,34,1054494,silent,1054460
10,11|10|9|2|2|2|2|1|1,9,11,297176,silent,297165
10,11|10|8|6|1|1|1|1|1,9,22,540132,silent,540110
10,11|10|8|5|2|1|1|1|1,9,75,2355398,silent,2355323
10,11|10|8|4|3|1|1|1|1,9,81,3078225,silent,3078144
10,11|10|8|4|2|2|1|1|1,9,86,3444666,silent,3444580
10,11|10|8|3|3|2|1|1|1,9,57,2900910,silent,2900853
10,11|10|8|3|2|2|2|1|1,9,43,2002309,silent,2002266
10,11|10|8|2|2|2|2|2|1,9,11,374335,silent,374324
10,11|10|7|7|1|1|1|1|1,9,8,265674,silent,265666
10,11|10|7|6|2|1|1|1|1,9,61,2187396,silent,2187335
10,11|10|7|5|3|1|1|1|1,9,113,4865807,silent,4865694
10,11|10|7|5|2|2|1|1|1,9,118,5093798,silent,5093680
10,11|10|7|4|4|1|1|1|1,9,63,2949806,silent,2949743
10,11|10|7|4|3|2|1|1|1,9,153,8928370,silent,8928217
10,11|10|7|4|2|2|2|1|1,9,87,4877083,silent,4876996
10,11|10|7|3|3|3|1|1|1,9,28,2831673,silent,2831645
10,11|10|7|3|3|2|2|1|1,9,49,4537451,silent,4537402
10,11|10|7|3|2|2|2|2|1,9,25,1919198,silent,1919173
10,11|10|7|2|2|2|2|2|2,9,4,214099,silent,214095
10,11|10|6|6|3|1|1|1|1,9,54,2542470,silent,2542416
10,11|10|6|6|2|2|1|1|1,9,49,2595144,silent,2595095
10,11|10|6|5|4|1|1|1|1,9,81,4014107,silent,4014026
10,11|10|6|5|3|2|1|1|1,9,156,9745509,silent,9745353
10,11|10|6|5|2|2|2|1|1,9,76,4950235,silent,4950159
10,11|10|6|4|4|2|1|1|1,9,101,6898529,silent,6898428
10,11|10|6|4|3|3|1|1|1,9,73,6962723,silent,6962650
10,11|10|6|4|3|2|2|1|1,9,109,10418259,silent,10418150
10,11|10|6|4|2|2|2|2|1,9,41,3472158,silent,3472117
10,11|10|6|3|3|3|2|1|1,9,18,4439397,silent,4439379
10,11|10|6|3|3|2|2|2|1,9,16,3482160,silent,3482144
10,11|10|6|3|2|2|2|2|2,9,6,846752,silent,846746
10,11|10|5|5|5|1|1|1|1,9,19,894861,silent,894842
10,11|10|5|5|4|2|1|1|1,9,79,5055782,silent,5055703
10,11|10|5|5|3|3|1|1|1,9,41,4230430,silent,4230389
10,11|10|5|5|3|2|2|1|1,9,60,6191515,silent,6191455
10,11|10|5|5|2|2|2|2|1,9,16,1926724,silent,1926708
10,11|10|5|4|4|3|1|1|1,9,52,4689873,silent,4689821
10,11|10|5|4|4|2|2|1|1,9,60,5691427,silent,5691367
10,11|10|5|4|3|3|2|1|1,9,37,7464728,silent,7464691
10,11|10|5|4|3|2|2|2|1,9,30,5447217,silent,5447187
10,11|10|5|4|2|2|2|2|2,9,6,1048233,silent,1048227
10,11|10|5|3|3|3|3|1|1,9,1,1697984,silent,1697983
10,11|10|5|3|3|3|2|2|1,9,2,2789378,silent,2789376
10,11|10|5|3|3|2|2|2|2,9,1,1161416,silent,1161415
10,11|10|4|4|4|4|1|1|1,9,8,706804,silent,706796
10,11|10|4|4|4|3|2|1|1,9,21,2713278,silent,2713257
10,11|10|4|4|4|2|2|2|1,9,15,1589342,silent,1589327
10,11|10|4|4|3|3|3|1|1,9,3,1521485,silent,1521482
10,11|10|4|4|3|3|2|2|1,9,5,2436468,silent,2436463
10,11|10|4|4|3|2|2|2|2,9,3,950446,silent,950443
10,11|10|4|3|3|3|3|2|1,9,0,-1,a0,
10,11|10|4|3|3|3|2|2|2,9,0,-1,a0,
10,11|10|3|3|3|3|3|3|1,9,0,-1,a0,
10,11|10|3|3|3|3|3|2|2,9,0,-1,a0,
10,11|9|9|6|1|1|1|1|1,9,8,278596,silent,278588
10,11|9|9|5|2|1|1|1|1,9,36,1181631,silent,1181595
10,11|9|9|4|3|1|1|1|1,9,36,1521826,silent,1521790
10,11|9|9|4|2|2|1|1|1,9,46,1702939,silent,1702893
10,11|9|9|3|3|2|1|1|1,9,27,1421927,silent,1421900
10,11|9|9|3|2|2|2|1|1,9,21,980207,silent,980186
10,11|9|9|2|2|2|2|2|1,9,4,181424,silent,181420
10,11|9|8|7|1|1|1|1|1,9,12,341439,silent,341427
10,11|9|8|6|2|1|1|1|1,9,58,2208085,silent,2208027
10,11|9|8|5|3|1|1|1|1,9,102,4539913,silent,4539811
10,11|9|8|5|2|2|1|1|1,9,101,4728512,silent,4728411
10,11|9|8|4|4|1|1|1|1,9,51,2675106,silent,2675055
10,11|9|8|4|3|2|1|1|1,9,130,8018557,silent,8018427
10,11|9|8|4|2|2|2|1|1,9,74,4354567,silent,4354493
10,11|9|8|3|3|3|1|1|1,9,25,2499873,silent,2499848
10,11|9|8|3|3|2|2|1|1,9,38,3992686,silent,3992648
10,11|9|8|3|2|2|2|2|1,9,21,1677986,silent,1677965
10,11|9|8|2|2|2|2|2|2,9,2,184651,silent,184649
10,11|9|7|7|2|1|1|1|1,9,32,1192131,silent,1192099
10,11|9|7|6|3|1|1|1|1,9,92,4819760,silent,4819668
10,11|9|7|6|2|2|1|1|1,9,96,4885284,silent,4885188
10,11|9|7|5|4|1|1|1|1,9,112,6044296,silent,6044184
10,11|9|7|5|3|2|1|1|1,9,211,14401192,silent,14400981
10,11|9|7|5|2|2|2|1|1,9,103,7239688,silent,7239585
10,11|9|7|4|4|2|1|1|1,9,136,9521427,silent,9521291
10,11|9|7|4|3|3|1|1|1,9,86,9452915,silent,9452829
10,11|9|7|4|3|2|2|1|1,9,137,14079274,silent,14079137
10,11|9|7|4|2|2|2|2|1,9,44,4633596,silent,4633552
10,11|9|7|3|3|3|2|1|1,9,21,5784639,silent,5784618
10,11|9|7|3|3|2|2|2|1,9,19,4510773,silent,4510754
10,11|9|7|3|2|2|2|2|2,9,5,1081371,silent,1081366
10,11|9|6|6|4|1|1|1|1,9,51,3535746,silent,3535695
10,11|9|6|6|3|2|1|1|1,9,103,7899134,silent,7899031
10,11|9|6|6|2|2|2|1|1,9,52,3860791,silent,3860739
10,11|9|6|5|5|1|1|1|1,9,47,2688355,silent,2688308
10,11|9|6|5|4|2|1|1|1,9,176,13901035,silent,13900859
10,11|9|6|5|3|3|1|1|1,9,103,11276400,silent,11276297
10,11|9|6|5|3|2|2|1|1,9,142,16339399,silent,16339257
10,11|9|6|5|2|2|2|2|1,9,41,4978131,silent,4978090
10,11|9|6|4|4|3|1|1|1,9,95,10078612,silent,10078517
10,11|9|6|4|4|2|2|1|1,9,118,12120985,silent,12120867
10,11|9|6|4|3|3|2|1|1,9,73,15400424,silent,15400351
10,11|9|6|4|3|2|2|2|1,9,56,11112964,silent,11112908
10,11|9|6|4|2|2|2|2|2,9,9,2090044,silent,2090035
10,11|9|6|3|3|3|3|1|1,9,3,3212068,silent,3212065
10,11|9|6|3|3|3|2|2|1,9,4,5244726,silent,5244722
10,11|9|6|3|3|2|2|2|2,9,3,2158776,silent,2158773
10,11|9|5|5|5|2|1|1|1,9,42,3330082,silent,3330040
10,11|9|5|5|4|3|1|1|1,9,77,7817438,silent,7817361
10,11|9|5|5|4|2|2|1|1,9,72,9189189,silent,9189117
10,11|9|5|5|3|3|2|1|1,9,42,9685288,silent,9685246
10,11|9|5|5|3|2|2|2|1,9,25,6803003,silent,6802978
10,11|9|5|5|2|2|2|2|2,9,3,1191273,silent,1191270
10,11|9|5|4|4|4|1|1|1,9,35,3048353,silent,3048318
10,11|9|5|4|4|3|2|1|1,9,73,11245515,silent,11245442
10,11|9|5|4|4|2|2|2|1,9,37,6452977,silent,6452940
10,11|9|5|4|3|3|3|1|1,9,9,5797786,silent,5797777
10,11|9|5|4|3|3|2|2|1,9,16,9212243,silent,9212227
10,11|9|5|4|3|2|2|2|2,9,6,3511478,silent,3511472
10,11|9|5|3|3|3|3|2|1,9,0,-1,a0,
10,11|9|5|3|3|3|2|2|2,9,0,-1,a0,
10,11|9|4|4|4|4|2|1|1,9,21,1912194,silent,1912173
10,11|9|4|4|4|3|3|1|1,9,8,2348608,silent,2348600
10,11|9|4|4|4|3|2|2|1,9,18,3500190,silent,3500172
10,11|9|4|4|4|2|2|2|2,9,4,1062647,silent,1062643
10,11|9|4|4|3|3|3|2|1,9,1,2539146,silent,2539145
10,11|9|4|4|3|3|2|2|2,9,1,1702208,silent,1702207
10,11|9|4|3|3|3|3|3|1,9,0,-1,a0,
10,11|9|4|3|3|3|3|2|2,9,0,-1,a0,
10,11|9|3|3|3|3|3|3|2,9,0,-1,a0,
10,11|8|8|8|1|1|1|1|1,9,4,65692,silent,65688
10,11|8|8|7|2|1|1|1|1,9,20,796169,silent,796149
10,11|8|8|6|3|1|1|1|1,9,52,2595618,silent,2595566
10,11|8|8|6|2|2|1|1|1,9,43,2614808,silent,2614765
10,11|8|8|5|4|1|1|1|1,9,55,3049578,silent,3049523
10,11|8|8|5|3|2|1|1|1,9,99,7205423,silent,7205324
10,11|8|8|5|2|2|2|1|1,9,47,3601823,silent,3601776
10,11|8|8|4|4|2|1|1|1,9,59,4648077,silent,4648018
10,11|8|8|4|3|3|1|1|1,9,45,4590962,silent,4590917
10,11|8|8|4|3|2|2|1|1,9,61,6814476,silent,6814415
10,11|8|8|4|2|2|2|2|1,9,24,2233335,silent,2233311
10,11|8|8|3|3|3|2|1|1,9,11,2762619,silent,2762608
10,11|8|8|3|3|2|2|2|1,9,10,2145771,silent,2145761
10,11|8|8|3|2|2|2|2|2,9,4,513277,silent,513273
10,11|8|7|7|3|1|1|1|1,9,31,1785895,silent,1785864
10,11|8|7|7|2|2|1|1|1,9,35,1784392,silent,1784357
10,11|8|7|6|4|1|1|1|1,9,69,4532753,silent,4532684
10,11|8|7|6|3|2|1|1|1,9,123,9956918,silent,9956795
10,11|8|7|6|2|2|2|1|1,9,58,4821529,silent,4821471
10,11|8|7|5|5|1|1|1|1,9,42,2813362,silent,2813320
10,11|8|7|5|4|2|1|1|1,9,170,14038263,silent,14038093
10,11|8|7|5|3|3|1|1|1,9,91,11225107,silent,11225016
10,11|8|7|5|3|2|2|1|1,9,132,16193340,silent,16193208
10,11|8|7|5|2|2|2|2|1,9,36,4880616,silent,4880580
10,11|8|7|4|4|3|1|1|1,9,87,9407670,silent,9407583
10,11|8|7|4|4|2|2|1|1,9,96,11261719,silent,11261623
10,11|8|7|4|3|3|2|1|1,9,62,14106592,silent,14106530
10,11|8|7|4|3|2|2|2|1,9,47,10122324,silent,10122277
10,11|8|7|4|2|2|2|2|2,9,9,1882419,silent,1882410
10,11|8|7|3|3|3|3|1|1,9,2,2837993,silent,2837991
10,11|8|7|3|3|3|2|2|1,9,4,4622423,silent,4622419
10,11|8|7|3|3|2|2|2|2,9,2,1890316,silent,1890314
10,11|8|6|6|5|1|1|1|1,9,27,2223317,silent,2223290
10,11|8|6|6|4|2|1|1|1,9,86,8978761,silent,8978675
10,11|8|6|6|3|3|1|1|1,9,57,6793368,silent,6793311
10,11|8|6|6|3|2|2|1|1,9,75,9676217,silent,9676142
10,11|8|6|6|2|2|2|2|1,9,26,2834153,silent,2834127
10,11|8|6|5|5|2|1|1|1,9,75,7240340,silent,7240265
10,11|8|6|5|4|3|1|1|1,9,129,15710522,silent,15710393
10,11|8|6|5|4|2|2|1|1,9,134,18301959,silent,18301825
10,11|8|6|5|3|3|2|1|1,9,82,18725576,silent,18725494
10,11|8|6|5|3|2|2|2|1,9,54,13012250,silent,13012196
10,11|8|6|5|2|2|2|2|2,9,9,2234509,silent,2234500
10,11|8|6|4|4|4|1|1|1,9,42,4858932,silent,4858890
10,11|8|6|4|4|3|2|1|1,9,101,17606815,silent,17606714
10,11|8|6|4|4|2|2|2|1,9,56,10001941,silent,10001885
10,11|8|6|4|3|3|3|1|1,9,16,8763841,silent,8763825
10,11|8|6|4|3|3|2|2|1,9,24,13847660,silent,13847636
10,11|8|6|4|3|2|2|2|2,9,11,5220931,silent,5220920
10,11|8|6|3|3|3|3|2|1,9,0,-1,a0,
10,11|8|6|3|3|3|2|2|2,9,0,-1,a0,
10,11|8|5|5|5|3|1|1|1,9,32,4304722,silent,4304690
10,11|8|5|5|5|2|2|1|1,9,28,4710776,silent,4710748
10,11|8|5|5|4|4|1|1|1,9,42,4227866,silent,4227824
10,11|8|5|5|4|3|2|1|1,9,69,14359443,silent,14359374
10,11|8|5|5|4|2|2|2|1,9,25,7935328,silent,7935303
10,11|8|5|5|3|3|3|1|1,9,8,5832904,silent,5832896
10,11|8|5|5|3|3|2|2|1,9,13,9124594,silent,9124581
10,11|8|5|5|3|2|2|2|2,9,3,3336752,silent,3336749
10,11|8|5|4|4|4|2|1|1,9,50,6240693,silent,6240643
10,11|8|5|4|4|3|3|1|1,9,26,7423572,silent,7423546
10,11|8|5|4|4|3|2|2|1,9,36,10968362,silent,10968326
10,11|8|5|4|4|2|2|2|2,9,9,3258298,silent,3258289
10,11|8|5|4|3|3|3|2|1,9,2,7337271,silent,7337269
10,11|8|5|4|3|3|2|2|2,9,2,4869173,silent,4869171
10,11|8|5|3|3|3|3|3|1,9,0,-1,a0,
10,11|8|5|3|3|3|3|2|2,9,0,-1,a0,
10,11|8|4|4|4|4|3|1|1,9,14,1688403,silent,1688389
10,11|8|4|4|4|4|2|2|1,9,19,2027537,silent,2027518
10,11|8|4|4|4|3|3|2|1,9,6,3133785,silent,3133779
10,11|8|4|4|4|3|2|2|2,9,5,1935916,silent,1935911
10,11|8|4|4|3|3|3|3|1,9,0,-1,a0,
10,11|8|4|4|3|3|3|2|2,9,0,-1,a0,
10,11|8|4|3|3|3|3|3|2,9,0,-1,a0,
10,11|8|3|3|3|3|3|3|3,9,0,-1,a0,
10,11|7|7|7|4|1|1|1|1,9,17,941151,silent,941134
10,11|7|7|7|3|2|1|1|1,9,25,2003051,silent,2003026
10,11|7|7|7|2|2|2|1|1,9,11,955612,silent,955601
10,11|7|7|6|5|1|1|1|1,9,18,1576459,silent,1576441
10,11|7|7|6|4|2|1|1|1,9,66,6188003,silent,6187937
10,11|7|7|6|3|3|1|1|1,9,31,4618966,silent,4618935
10,11|7|7|6|3|2|2|1|1,9,49,6566299,silent,6566250
10,11|7|7|6|2|2|2|2|1,9,11,1903756,silent,1903745
10,11|7|7|5|5|2|1|1|1,9,40,4135819,silent,4135779
10,11|7|7|5|4|3|1|1|1,9,71,8729823,silent,8729752
10,11|7|7|5|4|2|2|1|1,9,72,10136237,silent,10136165
10,11|7|7|5|3|3|2|1|1,9,39,10242710,silent,10242671
10,11|7|7|5|3|2|2|2|1,9,24,7088562,silent,7088538
10,11|7|7|5|2|2|2|2|2,9,2,1203238,silent,1203236
10,11|7|7|4|4|4|1|1|1,9,29,2535510,silent,2535481
10,11|7|7|4|4|3|2|1|1,9,50,9104018,silent,9103968
10,11|7|7|4|4|2|2|2|1,9,23,5145167,silent,5145144
10,11|7|7|4|3|3|3|1|1,9,5,4463640,silent,4463635
10,11|7|7|4|3|3|2|2|1,9,12,7045733,silent,7045721
10,11|7|7|4|3|2|2|2|2,9,3,2640929,silent,2640926
10,11|7|7|3|3|3|3|2|1,9,0,-1,a0,
10,11|7|7|3|3|3|2|2|2,9,0,-1,a0,
10,11|7|6|6|6|1|1|1|1,9,2,491194,silent,491192
10,11|7|6|6|5|2|1|1|1,9,30,4135578,silent,4135548
10,11|7|6|6|4|3|1|1|1,9,45,7127849,silent,7127804
10,11|7|6|6|4|2|2|1|1,9,56,8175718,silent,8175662
10,11|7|6|6|3|3|2|1|1,9,34,7815999,silent,7815965
10,11|7|6|6|3|2|2|2|1,9,25,5332687,silent,5332662
10,11|7|6|6|2|2|2|2|2,9,4,880930,silent,880926
10,11|7|6|5|5|3|1|1|1,9,43,6440005,silent,6439962
10,11|7|6|5|5|2|2|1|1,9,37,6987565,silent,6987528
10,11|7|6|5|4|4|1|1|1,9,43,5924939,silent,5924896
10,11|7|6|5|4|3|2|1|1,9,92,19798096,silent,19798004
10,11|7|6|5|4|2|2|2|1,9,41,10840925,silent,10840884
10,11|7|6|5|3|3|3|1|1,9,14,7787957,silent,7787943
10,11|7|6|5|3|3|2|2|1,9,20,12119663,silent,12119643
10,11|7|6|5|3|2|2|2|2,9,6,4390303,silent,4390297
10,11|7|6|4|4|4|2|1|1,9,50,6893817,silent,6893767
10,11|7|6|4|4|3|3|1|1,9,25,8086174,silent,8086149
10,11|7|6|4|4|3|2|2|1,9,38,11896106,silent,11896068
10,11|7|6|4|4|2|2|2|2,9,9,3497972,silent,3497963
10,11|7|6|4|3|3|3|2|1,9,3,7701596,silent,7701593
10,11|7|6|4|3|3|2|2|2,9,2,5083387,silent,5083385
10,11|7|6|3|3|3|3|3|1,9,0,-1,a0,
10,11|7|6|3|3|3|3|2|2,9,0,-1,a0,
10,11|7|5|5|5|4|1|1|1,9,15,2274874,silent,2274859
10,11|7|5|5|5|3|2|1|1,9,20,6098165,silent,6098145
10,11|7|5|5|5|2|2|2|1,9,4,3107266,silent,3107262
10,11|7|5|5|4|4|2|1|1,9,36,6562660,silent,6562624
10,11|7|5|5|4|3|3|1|1,9,20,7270163,silent,7270143
10,11|7|5|5|4|3|2|2|1,9,19,10579510,silent,10579491
10,11|7|5|5|4|2|2|2|2,9,2,3017093,silent,3017091
10,11|7|5|5|3|3|3|2|1,9,2,5594809,silent,5594807
10,11|7|5|5|3|3|2|2|2,9,1,3646963,silent,3646962
10,11|7|5|4|4|4|3|1|1,9,29,4161365,silent,4161336
10,11|7|5|4|4|4|2|2|1,9,26,4946517,silent,4946491
10,11|7|5|4|4|3|3|2|1,9,11,7427004,silent,7426993
10,11|7|5|4|4|3|2|2|2,9,6,4539753,silent,4539747
10,11|7|5|4|3|3|3|3|1,9,0,-1,a0,
10,11|7|5|4|3|3|3|2|2,9,0,-1,a0,
10,11|7|5|3|3|3|3|3|2,9,0,-1,a0,
10,11|7|4|4|4|4|4|1|1,9,10,485754,silent,485744
10,11|7|4|4|4|4|3|2|1,9,13,1873760,silent,1873747
10,11|7|4|4|4|4|2|2|2,9,6,913156,silent,913150
10,11|7|4|4|4|3|3|3|1,9,0,-1,a0,
10,11|7|4|4|4|3|3|2|2,9,1,1537709,silent,1537708
10,11|7|4|4|3|3|3|3|2,9,0,-1,a0,
10,11|7|4|3|3|3|3|3|3,9,0,-1,a0,
10,11|6|6|6|6|2|1|1|1,9,1,498463,silent,498462
10,11|6|6|6|5|3|1|1|1,9,10,1998793,silent,1998783
10,11|6|6|6|5|2|2|1|1,9,11,2135505,silent,2135494
10,11|6|6|6|4|4|1|1|1,9,4,1497647,silent,1497643
10,11|6|6|6|4|3|2|1|1,9,21,4852851,silent,4852830
10,11|6|6|6|4|2|2|2|1,9,16,2615345,silent,2615329
10,11|6|6|6|3|3|3|1|1,9,5,1777579,silent,1777574
10,11|6|6|6|3|3|2|2|1,9,6,2739228,silent,2739222
10,11|6|6|6|3|2|2|2|2,9,4,976641,silent,976637
10,11|6|6|5|5|4|1|1|1,9,10,1832378,silent,1832368
10,11|6|6|5|5|3|2|1|1,9,17,4841692,silent,4841675
10,11|6|6|5|5|2|2|2|1,9,6,2446026,silent,2446020
10,11|6|6|5|4|4|2|1|1,9,21,4918232,silent,4918211
10,11|6|6|5|4|3|3|1|1,9,15,5390895,silent,5390880
10,11|6|6|5|4|3|2|2|1,9,20,7813704,silent,7813684
10,11|6|6|5|4|2|2|2|2,9,5,2213044,silent,2213039
10,11|6|6|5|3|3|3|2|1,9,2,4019748,silent,4019746
10,11|6|6|5|3|3|2|2|2,9,1,2604882,silent,2604881
10,11|6|6|4|4|4|3|1|1,9,12,2515676,silent,2515664
10,11|6|6|4|4|4|2|2|1,9,18,2985226,silent,2985208
10,11|6|6|4|4|3|3|2|1,9,7,4425812,silent,4425805
10,11|6|6|4|4|3|2|2|2,9,5,2696074,silent,2696069
10,11|6|6|4|3|3|3|3|1,9,0,-1,a0,
10,11|6|6|4|3|3|3|2|2,9,0,-1,a0,
10,11|6|6|3|3|3|3|3|2,9,0,-1,a0,
10,11|6|5|5|5|5|1|1|1,9,1,380933,silent,380932
10,11|6|5|5|5|4|2|1|1,9,7,2485223,silent,2485216
10,11|6|5|5|5|3|3|1|1,9,3,2222315,silent,2222312
10,11|6|5|5|5|3|2|2|1,9,2,3138751,silent,3138749
10,11|6|5|5|5|2|2|2|2,9,0,-1,a0,
10,11|6|5|5|4|4|3|1|1,9,13,3059318,silent,3059305
10,11|6|5|5|4|4|2|2|1,9,8,3581065,silent,3581057
10,11|6|5|5|4|3|3|2|1,9,5,5024870,silent,5024865
10,11|6|5|5|4|3|2|2|2,9,1,3017731,silent,3017730
10,11|6|5|5|3|3|3|3|1,9,0,-1,a0,
10,11|6|5|5|3|3|3|2|2,9,0,-1,a0,
10,11|6|5|4|4|4|4|1|1,9,9,831806,silent,831797
10,11|6|5|4|4|4|3|2|1,9,15,3151862,silent,3151847
10,11|6|5|4|4|4|2|2|2,9,5,1520065,silent,1520060
10,11|6|5|4|4|3|3|3|1,9,1,1892783,silent,1892782
10,11|6|5|4|4|3|3|2|2,9,1,2494955,silent,2494954
10,11|6|5|4|3|3|3|3|2,9,0,-1,a0,
10,11|6|5|3|3|3|3|3|3,9,0,-1,a0,
10,11|6|4|4|4|4|4|2|1,9,10,455776,silent,455766
10,11|6|4|4|4|4|3|3|1,9,2,581358,silent,581356
10,11|6|4|4|4|4|3|2|2,9,4,719186,silent,719182
10,11|6|4|4|4|3|3|3|2,9,0,-1,a0,
10,11|6|4|4|3|3|3|3|3,9,0,-1,a0,
10,11|5|5|5|5|5|2|1|1,9,0,-1,a0,
10,11|5|5|5|5|4|3|1|1,9,1,634221,silent,634220
10,11|5|5|5|5|4|2|2|1,9,0,-1,a0,
10,11|5|5|5|5|3|3|2|1,9,0,-1,a0,
10,11|5|5|5|5|3|2|2|2,9,0,-1,a0,
10,11|5|5|5|4|4|4|1|1,9,3,332823,silent,332820
10,11|5|5|5|4|4|3|2|1,9,2,1217871,silent,1217869
10,11|5|5|5|4|4|2|2|2,9,0,-1,a0,
10,11|5|5|5|4|3|3|3|1,9,0,-1,a0,
10,11|5|5|5|4|3|3|2|2,9,0,-1,a0,
10,11|5|5|5|3|3|3|3|2,9,0,-1,a0,
10,11|5|5|4|4|4|4|2|1,9,4,404672,silent,404668
10,11|5|5|4|4|4|3|3|1,9,2,512786,silent,512784
10,11|5|5|4|4|4|3|2|2,9,1,628908,silent,628907
10,11|5|5|4|4|3|3|3|2,9,0,-1,a0,
10,11|5|5|4|3|3|3|3|3,9,0,-1,a0,
10,11|5|4|4|4|4|4|3|1,9,4,126831,silent,126827
10,11|5|4|4|4|4|4|2|2,9,3,126801,silent,126798
10,11|5|4|4|4|4|3|3|2,9,0,-1,a0,
10,11|5|4|4|4|3|3|3|3,9,0,-1,a0,
10,11|4|4|4|4|4|4|4|1,9,2,7678,silent,7676
10,11|4|4|4|4|4|4|3|2,9,1,24459,silent,24458
10,11|4|4|4|4|4|3|3|3,9,0,-1,a0,
10,10|10|10|5|1|1|1|1|1,9,2,62532,silent,62530
10,10|10|10|4|2|1|1|1|1,9,9,182693,silent,182684
10,10|10|10|3|3|1|1|1|1,9,2,120352,silent,120350
10,10|10|10|3|2|2|1|1|1,9,5,166404,silent,166399
10,10|10|10|2|2|2|2|1|1,9,0,-1,a0,
10,10|10|9|6|1|1|1|1|1,9,6,165405,silent,165399
10,10|10|9|5|2|1|1|1|1,9,21,691278,silent,691257
10,10|10|9|4|3|1|1|1|1,9,23,886191,silent,886168
10,10|10|9|4|2|2|1|1|1,9,24,987772,silent,987748
10,10|10|9|3|3|2|1|1|1,9,16,824595,silent,824579
10,10|10|9|3|2|2|2|1|1,9,11,566490,silent,566479
10,10|10|9|2|2|2|2|2|1,9,3,105090,silent,105087
10,10|10|8|7|1|1|1|1|1,9,5,164957,silent,164952
10,10|10|8|6|2|1|1|1|1,9,32,1046348,silent,1046316
10,10|10|8|5|3|1|1|1|1,9,45,2130065,silent,2130020
10,10|10|8|5|2|2|1|1|1,9,47,2214173,silent,2214126
10,10|10|8|4|4|1|1|1|1,9,32,1250638,silent,1250606
10,10|10|8|4|3|2|1|1|1,9,60,3737966,silent,3737906
10,10|10|8|4|2|2|2|1|1,9,27,2024654,silent,2024627
10,10|10|8|3|3|3|1|1|1,9,9,1162517,silent,1162508
10,10|10|8|3|3|2|2|1|1,9,22,1855045,silent,1855023
10,10|10|8|3|2|2|2|2|1,9,10,778338,silent,778328
10,10|10|8|2|2|2|2|2|2,9,4,86474,silent,86470
10,10|10|7|7|2|1|1|1|1,9,12,532935,silent,532923
10,10|10|7|6|3|1|1|1|1,9,42,2119868,silent,2119826
10,10|10|7|6|2|2|1|1|1,9,40,2144229,silent,2144189
10,10|10|7|5|4|1|1|1|1,9,47,2635525,silent,2635478
10,10|10|7|5|3|2|1|1|1,9,91,6266784,silent,6266693
10,10|10|7|5|2|2|2|1|1,9,45,3145461,silent,3145416
10,10|10|7|4|4|2|1|1|1,9,58,4125133,silent,4125075
10,10|10|7|4|3|3|1|1|1,9,39,4092148,silent,4092109
10,10|10|7|4|3|2|2|1|1,9,56,6087262,silent,6087206
10,10|10|7|4|2|2|2|2|1,9,20,2001436,silent,2001416
10,10|10|7|3|3|3|2|1|1,9,9,2494388,silent,2494379
10,10|10|7|3|3|2|2|2|1,9,8,1942292,silent,1942284
10,10|10|7|3|2|2|2|2|2,9,3,465379,silent,465376
10,10|10|6|6|4|1|1|1|1,9,28,1506122,silent,1506094
10,10|10|6|6|3|2|1|1|1,9,43,3355237,silent,3355194
10,10|10|6|6|2|2|2|1|1,9,15,1635638,silent,1635623
10,10|10|6|5|5|1|1|1|1,9,16,1136353,silent,1136337
10,10|10|6|5|4|2|1|1|1,9,73,5856259,silent,5856186
10,10|10|6|5|3|3|1|1|1,9,43,4744511,silent,4744468
10,10|10|6|5|3|2|2|1|1,9,60,6868840,silent,6868780
10,10|10|6|5|2|2|2|2|1,9,18,2089963,silent,2089945
10,10|10|6|4|4|3|1|1|1,9,44,4223084,silent,4223040
10,10|10|6|4|4|2|2|1|1,9,38,5072013,silent,5071975
10,10|10|6|4|3|3|2|1|1,9,33,6440667,silent,6440634
10,10|10|6|4|3|2|2|2|1,9,23,4642222,silent,4642199
10,10|10|6|4|2|2|2|2|2,9,9,874355,silent,874346
10,10|10|6|3|3|3|3|1|1,9,0,-1,a0,
10,10|10|6|3|3|3|2|2|1,9,2,2183993,silent,2183991
10,10|10|6|3|3|2|2|2|2,9,0,-1,a0,
10,10|10|5|5|5|2|1|1|1,9,17,1383276,silent,1383259
10,10|10|5|5|4|3|1|1|1,9,29,3236099,silent,3236070
10,10|10|5|5|4|2|2|1|1,9,35,3802864,silent,3802829
10,10|10|5|5|3|3|2|1|1,9,15,4000264,silent,4000249
10,10|10|5|5|3|2|2|2|1,9,10,2807566,silent,2807556
10,10|10|5|5|2|2|2|2|2,9,0,-1,a0,
10,10|10|5|4|4|4|1|1|1,9,14,1255069,silent,1255055
10,10|10|5|4|4|3|2|1|1,9,29,4627125,silent,4627096
10,10|10|5|4|4|2|2|2|1,9,15,2653669,silent,2653654
10,10|10|5|4|3|3|3|1|1,9,4,2381957,silent,2381953
10,10|10|5|4|3|3|2|2|1,9,6,3781583,silent,3781577
10,10|10|5|4|3|2|2|2|2,9,3,1440369,silent,1440366
10,10|10|5|3|3|3|3|2|1,9,0,-1,a0,
10,10|10|5|3|3|3|2|2|2,9,0,-1,a0,
10,10|10|4|4|4|4|2|1|1,9,5,778471,silent,778466
10,10|10|4|4|4|3|3|1|1,9,6,957711,silent,957705
10,10|10|4|4|4|3|2|2|1,9,6,1425526,silent,1425520
10,10|10|4|4|4|2|2|2|2,9,5,434305,silent,434300
10,10|10|4|4|3|3|3|2|1,9,0,-1,a0,
10,10|10|4|4|3|3|2|2|2,9,0,-1,a0,
10,10|10|4|3|3|3|3|3|1,9,0,-1,a0,
10,10|10|4|3|3|3|3|2|2,9,0,-1,a0,
10,10|10|3|3|3|3|3|3|2,9,0,-1,a0,
10,10|9|9|7|1|1|1|1|1,9,4,114653,silent,114649
10,10|9|9|6|2|1|1|1|1,9,16,679576,silent,679560
10,10|9|9|5|3|1|1|1|1,9,29,1343148,silent,1343119
10,10|9|9|5|2|2|1|1|1,9,30,1395964,silent,1395934
10,10|9|9|4|4|1|1|1|1,9,11,779002,silent,778991
10,10|9|9|4|3|2|1|1|1,9,37,2320220,silent,2320183
10,10|9|9|4|2|2|2|1|1,9,23,1255882,silent,1255859
10,10|9|9|3|3|3|1|1|1,9,7,714533,silent,714526
10,10|9|9|3|3|2|2|1|1,9,9,1139541,silent,1139532
10,10|9|9|3|2|2|2|2|1,9,4,476331,silent,476327
10,10|9|9|2|2|2|2|2|2,9,0,-1,a0,
10,10|9|8|8|1|1|1|1|1,9,3,78791,silent,78788
10,10|9|8|7|2|1|1|1|1,9,22,882319,silent,882297
10,10|9|8|6|3|1|1|1|1,9,52,2768027,silent,2767975
10,10|9|8|6|2|2|1|1|1,9,49,2786884,silent,2786835
10,10|9|8|5|4|1|1|1|1,9,55,3196906,silent,3196851
10,10|9|8|5|3|2|1|1|1,9,102,7525748,silent,7525646
10,10|9|8|5|2|2|2|1|1,9,48,3754631,silent,3754583
10,10|9|8|4|4|2|1|1|1,9,63,4817335,silent,4817272
10,10|9|8|4|3|3|1|1|1,9,42,4739230,silent,4739188
10,10|9|8|4|3|2|2|1|1,9,62,7030325,silent,7030263
10,10|9|8|4|2|2|2|2|1,9,21,2295902,silent,2295881
10,10|9|8|3|3|3|2|1|1,9,10,2831251,silent,2831241
10,10|9|8|3|3|2|2|2|1,9,9,2196973,silent,2196964
10,10|9|8|3|2|2|2|2|2,9,3,522740,silent,522737
10,10|9|7|7|3|1|1|1|1,9,28,1555565,silent,1555537
10,10|9|7|7|2|2|1|1|1,9,29,1551164,silent,1551135
10,10|9|7|6|4|1|1|1|1,9,56,3806055,silent,3805999
10,10|9|7|6|3|2|1|1|1,9,101,8329520,silent,8329419
10,10|9|7|6|2|2|2|1|1,9,48,4024496,silent,4024448
10,10|9|7|5|5|1|1|1|1,9,36,2328570,silent,2328534
10,10|9|7|5|4|2|1|1|1,9,135,11539790,silent,11539655
10,10|9|7|5|3|3|1|1|1,9,73,9198164,silent,9198091
10,10|9|7|5|3|2|2|1|1,9,103,13253737,silent,13253634
10,10|9|7|5|2|2|2|2|1,9,27,3983193,silent,3983166
10,10|9|7|4|4|3|1|1|1,9,69,7647071,silent,7647002
10,10|9|7|4|4|2|2|1|1,9,80,9144131,silent,9144051
10,10|9|7|4|3|3|2|1|1,9,47,11416939,silent,11416892
10,10|9|7|4|3|2|2|2|1,9,35,8179985,silent,8179950
10,10|9|7|4|2|2|2|2|2,9,5,1515277,silent,1515272
10,10|9|7|3|3|3|3|1|1,9,2,2281698,silent,2281696
10,10|9|7|3|3|3|2|2|1,9,3,3713739,silent,3713736
10,10|9|7|3|3|2|2|2|2,9,2,1516453,silent,1516451
10,10|9|6|6|5|1|1|1|1,9,19,1724365,silent,1724346
10,10|9|6|6|4|2|1|1|1,9,67,6918825,silent,6918758
10,10|9|6|6|3|3|1|1|1,9,41,5217097,silent,5217056
10,10|9|6|6|3|2|2|1|1,9,56,7424434,silent,7424378
10,10|9|6|6|2|2|2|2|1,9,17,2167866,silent,2167849
10,10|9|6|5|5|2|1|1|1,9,54,5497649,silent,5497595
10,10|9|6|5|4|3|1|1|1,9,94,11858304,silent,11858210
10,10|9|6|5|4|2|2|1|1,9,98,13798321,silent,13798223
10,10|9|6|5|3|3|2|1|1,9,59,14074360,silent,14074301
10,10|9|6|5|3|2|2|2|1,9,38,9765826,silent,9765788
10,10|9|6|5|2|2|2|2|2,9,6,1671317,silent,1671311
10,10|9|6|4|4|4|1|1|1,9,33,3632312,silent,3632279
10,10|9|6|4|4|3|2|1|1,9,74,13127706,silent,13127632
10,10|9|6|4|4|2|2|2|1,9,38,7445090,silent,7445052
10,10|9|6|4|3|3|3|1|1,9,11,6509441,silent,6509430
10,10|9|6|4|3|3|2|2|1,9,17,10279724,silent,10279707
10,10|9|6|4|3|2|2|2|2,9,7,3868049,silent,3868042
10,10|9|6|3|3|3|3|2|1,9,0,-1,a0,
10,10|9|6|3|3|3|2|2|2,9,0,-1,a0,
10,10|9|5|5|5|3|1|1|1,9,23,3142441,silent,3142418
10,10|9|5|5|5|2|2|1|1,9,18,3434114,silent,3434096
10,10|9|5|5|4|4|1|1|1,9,28,3071200,silent,3071172
10,10|9|5|5|4|3|2|1|1,9,49,10407647,silent,10407598
10,10|9|5|5|4|2|2|2|1,9,18,5743112,silent,5743094
10,10|9|5|5|3|3|3|1|1,9,6,4212842,silent,4212836
10,10|9|5|5|3|3|2|2|1,9,9,6584643,silent,6584634
10,10|9|5|5|3|2|2|2|2,9,2,2404216,silent,2404214
10,10|9|5|4|4|4|2|1|1,9,37,4479296,silent,4479259
10,10|9|5|4|4|3|3|1|1,9,18,5317814,silent,5317796
10,10|9|5|4|4|3|2|2|1,9,24,7851581,silent,7851557
10,10|9|5|4|4|2|2|2|2,9,5,2327546,silent,2327541
10,10|9|5|4|3|3|3|2|1,9,2,5234157,silent,5234155
10,10|9|5|4|3|3|2|2|2,9,1,3470472,silent,3470471
10,10|9|5|3|3|3|3|3|1,9,0,-1,a0,
10,10|9|5|3|3|3|3|2|2,9,0,-1,a0,
10,10|9|4|4|4|4|3|1|1,9,10,1186924,silent,1186914
10,10|9|4|4|4|4|2|2|1,9,12,1423599,silent,1423587
10,10|9|4|4|4|3|3|2|1,9,4,2197244,silent,2197240
10,10|9|4|4|4|3|2|2|2,9,3,1355764,silent,1355761
10,10|9|4|4|3|3|3|3|1,9,0,-1,a0,
10,10|9|4|4|3|3|3|2|2,9,0,-1,a0,
10,10|9|4|3|3|3|3|3|2,9,0,-1,a0,
10,10|9|3|3|3|3|3|3|3,9,0,-1,a0,
10,10|8|8|8|2|1|1|1|1,9,6,186304,silent,186298
10,10|8|8|7|3|1|1|1|1,9,18,1131528,silent,1131510
10,10|8|8|7|2|2|1|1|1,9,18,1120256,silent,1120238
10,10|8|8|6|4|1|1|1|1,9,38,2240514,silent,2240476
10,10|8|8|6|3|2|1|1|1,9,55,4859725,silent,4859670
10,10|8|8|6|2|2|2|1|1,9,20,2333164,silent,2333144
10,10|8|8|5|5|1|1|1|1,9,14,1294528,silent,1294514
10,10|8|8|5|4|2|1|1|1,9,68,6310561,silent,6310493
10,10|8|8|5|3|3|1|1|1,9,38,5002032,silent,5001994
10,10|8|8|5|3|2|2|1|1,9,56,7184317,silent,7184261
10,10|8|8|5|2|2|2|2|1,9,17,2149437,silent,2149420
10,10|8|8|4|4|3|1|1|1,9,38,4056702,silent,4056664
10,10|8|8|4|4|2|2|1|1,9,29,4835826,silent,4835797
10,10|8|8|4|3|3|2|1|1,9,28,6006676,silent,6006648
10,10|8|8|4|3|2|2|2|1,9,20,4289447,silent,4289427
10,10|8|8|4|2|2|2|2|2,9,8,794081,silent,794073
10,10|8|8|3|3|3|3|1|1,9,0,-1,a0,
10,10|8|8|3|3|3|2|2|1,9,2,1918597,silent,1918595
10,10|8|8|3|3|2|2|2|2,9,0,-1,a0,
10,10|8|7|7|4|1|1|1|1,9,23,1631405,silent,1631382
10,10|8|7|7|3|2|1|1|1,9,39,3447353,silent,3447314
10,10|8|7|7|2|2|2|1|1,9,19,1636326,silent,1636307
10,10|8|7|6|5|1|1|1|1,9,29,2524864,silent,2524835
10,10|8|7|6|4|2|1|1|1,9,94,9778854,silent,9778760
10,10|8|7|6|3|3|1|1|1,9,51,7266225,silent,7266174
10,10|8|7|6|3|2|2|1|1,9,70,10298511,silent,10298441
10,10|8|7|6|2|2|2|2|1,9,20,2974206,silent,2974186
10,10|8|7|5|5|2|1|1|1,9,58,6341960,silent,6341902
10,10|8|7|5|4|3|1|1|1,9,98,13234710,silent,13234612
10,10|8|7|5|4|2|2|1|1,9,102,15331152,silent,15331050
10,10|8|7|5|3|3|2|1|1,9,58,15414614,silent,15414556
10,10|8|7|5|3|2|2|2|1,9,38,10636881,silent,10636843
10,10|8|7|5|2|2|2|2|2,9,5,1799054,silent,1799049
10,10|8|7|4|4|4|1|1|1,9,34,3766322,silent,3766288
10,10|8|7|4|4|3|2|1|1,9,69,13480630,silent,13480561
10,10|8|7|4|4|2|2|2|1,9,34,7602431,silent,7602397
10,10|8|7|4|3|3|3|1|1,9,10,6570374,silent,6570364
10,10|8|7|4|3|3|2|2|1,9,16,10349508,silent,10349492
10,10|8|7|4|3|2|2|2|2,9,7,3870085,silent,3870078
10,10|8|7|3|3|3|3|2|1,9,0,-1,a0,
10,10|8|7|3|3|3|2|2|2,9,0,-1,a0,
10,10|8|6|6|6|1|1|1|1,9,6,624155,silent,624149
10,10|8|6|6|5|2|1|1|1,9,36,5133061,silent,5133025
10,10|8|6|6|4|3|1|1|1,9,57,8750156,silent,8750099
10,10|8|6|6|4|2|2|1|1,9,56,10012381,silent,10012325
10,10|8|6|6|3|3|2|1|1,9,42,9525278,silent,9525236
10,10|8|6|6|3|2|2|2|1,9,29,6481171,silent,6481142
10,10|8|6|6|2|2|2|2|2,9,9,1067661,silent,1067652
10,10|8|6|5|5|3|1|1|1,9,46,7667165,silent,7667119
10,10|8|6|5|5|2|2|1|1,9,47,8302415,silent,8302368
10,10|8|6|5|4|4|1|1|1,9,48,6988771,silent,6988723
10,10|8|6|5|4|3|2|1|1,9,101,23261743,silent,23261642
10,10|8|6|5|4|2|2|2|1,9,47,12705721,silent,12705674
10,10|8|6|5|3|3|3|1|1,9,15,9091796,silent,9091781
10,10|8|6|5|3|3|2|2|1,9,22,14128184,silent,14128162
10,10|8|6|5|3|2|2|2|2,9,7,5102942,silent,5102935
10,10|8|6|4|4|4|2|1|1,9,46,7942641,silent,7942595
10,10|8|6|4|4|3|3|1|1,9,32,9291791,silent,9291759
10,10|8|6|4|4|3|2|2|1,9,40,13650952,silent,13650912
10,10|8|6|4|4|2|2|2|2,9,15,4006900,silent,4006885
10,10|8|6|4|3|3|3|2|1,9,3,8780947,silent,8780944
10,10|8|6|4|3|3|2|2|2,9,1,5783662,silent,5783661
10,10|8|6|3|3|3|3|3|1,9,0,-1,a0,
10,10|8|6|3|3|3|3|2|2,9,0,-1,a0,
10,10|8|5|5|5|4|1|1|1,9,15,2480081,silent,2480066
10,10|8|5|5|5|3|2|1|1,9,20,6619734,silent,6619714
10,10|8|5|5|5|2|2|2|1,9,5,3363664,silent,3363659
10,10|8|5|5|4|4|2|1|1,9,39,7060386,silent,7060347
10,10|8|5|5|4|3|3|1|1,9,17,7795989,silent,7795972
10,10|8|5|5|4|3|2|2|1,9,21,11331067,silent,11331046
10,10|8|5|5|4|2|2|2|2,9,1,3221489,silent,3221488
10,10|8|5|5|3|3|3|2|1,9,2,5954555,silent,5954553
10,10|8|5|5|3|3|2|2|2,9,2,3875444,silent,3875442
10,10|8|5|4|4|4|3|1|1,9,27,4376753,silent,4376726
10,10|8|5|4|4|4|2|2|1,9,26,5198786,silent,5198760
10,10|8|5|4|4|3|3|2|1,9,11,7779655,silent,7779644
10,10|8|5|4|4|3|2|2|2,9,6,4749064,silent,4749058
10,10|8|5|4|3|3|3|3|1,9,0,-1,a0,
10,10|8|5|4|3|3|3|2|2,9,0,-1,a0,
10,10|8|5|3|3|3|3|3|2,9,0,-1,a0,
10,10|8|4|4|4|4|4|1|1,9,5,489503,silent,489498
10,10|8|4|4|4|4|3|2|1,9,12,1886883,silent,1886871
10,10|8|4|4|4|4|2|2|2,9,8,920193,silent,920185
10,10|8|4|4|4|3|3|3|1,9,1,1166306,silent,1166305
10,10|8|4|4|4|3|3|2|2,9,0,-1,a0,
10,10|8|4|4|3|3|3|3|2,9,0,-1,a0,
10,10|8|4|3|3|3|3|3|3,9,0,-1,a0,
10,10|7|7|7|5|1|1|1|1,9,10,598565,silent,598555
10,10|7|7|7|4|2|1|1|1,9,23,2148031,silent,2148008
10,10|7|7|7|3|3|1|1|1,9,11,1549282,silent,1549271
10,10|7|7|7|3|2|2|1|1,9,12,2183621,silent,2183609
10,10|7|7|7|2|2|2|2|1,9,2,618086,silent,618084
10,10|7|7|6|6|1|1|1|1,9,2,495127,silent,495125
10,10|7|7|6|5|2|1|1|1,9,29,3801178,silent,3801149
10,10|7|7|6|4|3|1|1|1,9,40,6299847,silent,6299807
10,10|7|7|6|4|2|2|1|1,9,47,7190207,silent,7190160
10,10|7|7|6|3|3|2|1|1,9,21,6749163,silent,6749142
10,10|7|7|6|3|2|2|2|1,9,14,4574772,silent,4574758
10,10|7|7|6|2|2|2|2|2,9,0,-1,a0,
10,10|7|7|5|5|3|1|1|1,9,29,4577634,silent,4577605
10,10|7|7|5|5|2|2|1|1,9,20,4939787,silent,4939767
10,10|7|7|5|4|4|1|1|1,9,32,4079071,silent,4079039
10,10|7|7|5|4|3|2|1|1,9,56,13463078,silent,13463022
10,10|7|7|5|4|2|2|2|1,9,21,7319803,silent,7319782
10,10|7|7|5|3|3|3|1|1,9,8,5185085,silent,5185077
10,10|7|7|5|3|3|2|2|1,9,11,8047440,silent,8047429
10,10|7|7|5|3|2|2|2|2,9,3,2891781,silent,2891778
10,10|7|7|4|4|4|2|1|1,9,33,4314784,silent,4314751
10,10|7|7|4|4|3|3|1|1,9,11,5007665,silent,5007654
10,10|7|7|4|4|3|2|2|1,9,19,7343380,silent,7343361
10,10|7|7|4|4|2|2|2|2,9,1,2138717,silent,2138716
10,10|7|7|4|3|3|3|2|1,9,1,4657892,silent,4657891
10,10|7|7|4|3|3|2|2|2,9,2,3064682,silent,3064680
10,10|7|7|3|3|3|3|3|1,9,0,-1,a0,
10,10|7|7|3|3|3|3|2|2,9,0,-1,a0,
10,10|7|6|6|6|2|1|1|1,9,6,1232221,silent,1232215
10,10|7|6|6|5|3|1|1|1,9,20,4730793,silent,4730773
10,10|7|6|6|5|2|2|1|1,9,25,5042043,silent,5042018
10,10|7|6|6|4|4|1|1|1,9,17,3491811,silent,3491794
10,10|7|6|6|4|3|2|1|1,9,45,11223845,silent,11223800
10,10|7|6|6|4|2|2|2|1,9,26,6021071,silent,6021045
10,10|7|6|6|3|3|3|1|1,9,7,4059289,silent,4059282
10,10|7|6|6|3|3|2|2|1,9,12,6252338,silent,6252326
10,10|7|6|6|3|2|2|2|2,9,5,2215693,silent,2215688
10,10|7|6|5|5|4|1|1|1,9,18,3970615,silent,3970597
10,10|7|6|5|5|3|2|1|1,9,33,10423370,silent,10423337
10,10|7|6|5|5|2|2|2|1,9,12,5247069,silent,5247057
10,10|7|6|5|4|4|2|1|1,9,47,10417874,silent,10417827
10,10|7|6|5|4|3|3|1|1,9,28,11351357,silent,11351329
10,10|7|6|5|4|3|2|2|1,9,35,16422620,silent,16422585
10,10|7|6|5|4|2|2|2|2,9,7,4627424,silent,4627417
10,10|7|6|5|3|3|3|2|1,9,4,8352637,silent,8352633
10,10|7|6|5|3|3|2|2|2,9,2,5403588,silent,5403586
10,10|7|6|4|4|4|3|1|1,9,27,5103746,silent,5103719
10,10|7|6|4|4|4|2|2|1,9,28,6037156,silent,6037128
10,10|7|6|4|4|3|3|2|1,9,12,8908178,silent,8908166
10,10|7|6|4|4|3|2|2|2,9,7,5410353,silent,5410346
10,10|7|6|4|3|3|3|3|1,9,0,-1,a0,
10,10|7|6|4|3|3|3|2|2,9,0,-1,a0,
10,10|7|6|3|3|3|3|3|2,9,0,-1,a0,
10,10|7|5|5|5|5|1|1|1,9,2,645005,silent,645003
10,10|7|5|5|5|4|2|1|1,9,10,4152618,silent,4152608
10,10|7|5|5|5|3|3|1|1,9,7,3694762,silent,3694755
10,10|7|5|5|5|3|2|2|1,9,4,5206929,silent,5206925
10,10|7|5|5|5|2|2|2|2,9,0,-1,a0,
10,10|7|5|5|4|4|3|1|1,9,20,5000280,silent,5000260
10,10|7|5|5|4|4|2|2|1,9,13,5843080,silent,5843067
10,10|7|5|5|4|3|3|2|1,9,8,8153905,silent,8153897
10,10|7|5|5|4|3|2|2|2,9,2,4885750,silent,4885748
10,10|7|5|5|3|3|3|3|1,9,0,-1,a0,
10,10|7|5|5|3|3|3|2|2,9,0,-1,a0,
10,10|7|5|4|4|4|4|1|1,9,16,1305296,silent,1305280
10,10|7|5|4|4|4|3|2|1,9,20,4924251,silent,4924231
10,10|7|5|4|4|4|2|2|2,9,5,2367635,silent,2367630
10,10|7|5|4|4|3|3|3|1,9,1,2938135,silent,2938134
10,10|7|5|4|4|3|3|2|2,9,2,3869883,silent,3869881
10,10|7|5|4|3|3|3|3|2,9,0,-1,a0,
10,10|7|5|3|3|3|3|3|3,9,0,-1,a0,
10,10|7|4|4|4|4|4|2|1,9,11,649511,silent,649500
10,10|7|4|4|4|4|3|3|1,9,3,827186,silent,827183
10,10|7|4|4|4|4|3|2|2,9,4,1020732,silent,1020728
10,10|7|4|4|4|3|3|3|2,9,0,-1,a0,
10,10|7|4|4|3|3|3|3|3,9,0,-1,a0,
10,10|6|6|6|6|3|1|1|1,9,2,616645,silent,616643
10,10|6|6|6|6|2|2|1|1,9,1,636611,silent,636610
10,10|6|6|6|5|4|1|1|1,9,3,1318049,silent,1318046
10,10|6|6|6|5|3|2|1|1,9,11,3351170,silent,3351159
10,10|6|6|6|5|2|2|2|1,9,8,1659154,silent,1659146
10,10|6|6|6|4|4|2|1|1,9,6,2730488,silent,2730482
10,10|6|6|6|4|3|3|1|1,9,8,2900179,silent,2900171
10,10|6|6|6|4|3|2|2|1,9,13,4161841,silent,4161828
10,10|6|6|6|4|2|2|2|2,9,8,1156038,silent,1156030
10,10|6|6|6|3|3|3|2|1,9,1,1967561,silent,1967560
10,10|6|6|6|3|3|2|2|2,9,0,-1,a0,
10,10|6|6|5|5|5|1|1|1,9,2,550748,silent,550746
10,10|6|6|5|5|4|2|1|1,9,10,3430702,silent,3430692
10,10|6|6|5|5|3|3|1|1,9,4,3017459,silent,3017455
10,10|6|6|5|5|3|2|2|1,9,6,4233202,silent,4233196
10,10|6|6|5|5|2|2|2|2,9,0,-1,a0,
10,10|6|6|5|4|4|3|1|1,9,11,3853979,silent,3853968
10,10|6|6|5|4|4|2|2|1,9,14,4492656,silent,4492642
10,10|6|6|5|4|3|3|2|1,9,7,6193847,silent,6193840
10,10|6|6|5|4|3|2|2|2,9,4,3696079,silent,3696075
10,10|6|6|5|3|3|3|3|1,9,0,-1,a0,
10,10|6|6|5|3|3|3|2|2,9,0,-1,a0,
10,10|6|6|4|4|4|4|1|1,9,3,813472,silent,813469
10,10|6|6|4|4|4|3|2|1,9,12,3053789,silent,3053777
10,10|6|6|4|4|4|2|2|2,9,9,1467642,silent,1467633
10,10|6|6|4|4|3|3|3|1,9,1,1796737,silent,1796736
10,10|6|6|4|4|3|3|2|2,9,0,-1,a0,
10,10|6|6|4|3|3|3|3|2,9,0,-1,a0,
10,10|6|6|3|3|3|3|3|3,9,0,-1,a0,
10,10|6|5|5|5|5|2|1|1,9,0,-1,a0,
10,10|6|5|5|5|4|3|1|1,9,3,2057529,silent,2057526
10,10|6|5|5|5|4|2|2|1,9,1,2333351,silent,2333350
10,10|6|5|5|5|3|3|2|1,9,1,2629089,silent,2629088
10,10|6|5|5|5|3|2|2|2,9,0,-1,a0,
10,10|6|5|5|4|4|4|1|1,9,6,1036735,silent,1036729
10,10|6|5|5|4|4|3|2|1,9,7,3773169,silent,3773162
10,10|6|5|5|4|4|2|2|2,9,0,-1,a0,
10,10|6|5|5|4|3|3|3|1,9,1,2082694,silent,2082693
10,10|6|5|5|4|3|3|2|2,9,1,2724282,silent,2724281
10,10|6|5|5|3|3|3|3|2,9,0,-1,a0,
10,10|6|5|4|4|4|4|2|1,9,11,1147268,silent,1147257
10,10|6|5|4|4|4|3|3|1,9,4,1442897,silent,1442893
10,10|6|5|4|4|4|3|2|2,9,4,1770689,silent,1770685
10,10|6|5|4|4|3|3|3|2,9,0,-1,a0,
10,10|6|5|4|3|3|3|3|3,9,0,-1,a0,
10,10|6|4|4|4|4|4|3|1,9,5,276476,silent,276471
10,10|6|4|4|4|4|4|2|2,9,7,276719,silent,276712
10,10|6|4|4|4|4|3|3|2,9,0,-1,a0,
10,10|6|4|4|4|3|3|3|3,9,0,-1,a0,
10,10|5|5|5|5|5|3|1|1,9,0,-1,a0,
10,10|5|5|5|5|5|2|2|1,9,0,-1,a0,
10,10|5|5|5|5|4|4|1|1,9,0,-1,a0,
10,10|5|5|5|5|4|3|2|1,9,0,-1,a0,
10,10|5|5|5|5|4|2|2|2,9,0,-1,a0,
10,10|5|5|5|5|3|3|3|1,9,0,-1,a0,
10,10|5|5|5|5|3|3|2|2,9,0,-1,a0,
10,10|5|5|5|4|4|4|2|1,9,1,469897,silent,469896
10,10|5|5|5|4|4|3|3|1,9,1,576258,silent,576257
10,10|5|5|5|4|4|3|2|2,9,0,-1,a0,
10,10|5|5|5|4|3|3|3|2,9,0,-1,a0,
10,10|5|5|5|3|3|3|3|3,9,0,-1,a0,
10,10|5|5|4|4|4|4|3|1,9,3,251384,silent,251381
10,10|5|5|4|4|4|4|2|2,9,0,-1,a0,
10,10|5|5|4|4|4|3|3|2,9,1,396947,silent,396946
10,10|5|5|4|4|3|3|3|3,9,0,-1,a0,
10,10|5|4|4|4|4|4|4|1,9,3,32890,silent,32887
10,10|5|4|4|4|4|4|3|2,9,2,105564,silent,105562
10,10|5|4|4|4|4|3|3|3,9,0,-1,a0,
10,10|4|4|4|4|4|4|4|2,9,3,7539,silent,7536
10,10|4|4|4|4|4|4|3|3,9,0,-1,a0,
