delta,lam,ell,a,m_det,class,margin
11,35|1|1|1|1|1|1|1|1|1,10,0,-1,a0,
11,34|2|1|1|1|1|1|1|1|1,10,0,-1,a0,
11,33|3|1|1|1|1|1|1|1|1,10,0,-1,a0,
11,33|2|2|1|1|1|1|1|1|1,10,0,-1,a0,
11,32|4|1|1|1|1|1|1|1|1,10,0,-1,a0,
11,32|3|2|1|1|1|1|1|1|1,10,0,-1,a0,
11,32|2|2|2|1|1|1|1|1|1,10,0,-1,a0,
11,31|5|1|1|1|1|1|1|1|1,10,0,-1,a0,
11,31|4|2|1|1|1|1|1|1|1,10,0,-1,a0,
11,31|3|3|1|1|1|1|1|1|1,10,0,-1,a0,
11,31|3|2|2|1|1|1|1|1|1,10,0,-1,a0,
11,31|2|2|2|2|1|1|1|1|1,10,0,-1,a0,
11,30|6|1|1|1|1|1|1|1|1,10,0,-1,a0,
11,30|5|2|1|1|1|1|1|1|1,10,0,-1,a0,
11,30|4|3|1|1|1|1|1|1|1,10,0,-1,a0,
11,30|4|2|2|1|1|1|1|1|1,10,0,-1,a0,
11,30|3|3|2|1|1|1|1|1|1,10,0,-1,a0,
11,30|3|2|2|2|1|1|1|1|1,10,0,-1,a0,
11,30|2|2|2|2|2|1|1|1|1,10,0,-1,a0,
11,29|7|1|1|1|1|1|1|1|1,10,0,-1,a0,
11,29|6|2|1|1|1|1|1|1|1,10,0,-1,a0,
11,29|5|3|1|1|1|1|1|1|1,10,0,-1,a0,
11,29|5|2|2|1|1|1|1|1|1,10,0,-1,a0,
11,29|4|4|1|1|1|1|1|1|1,10,0,-1,a0,
11,29|4|3|2|1|1|1|1|1|1,10,0,-1,a0,
11,29|4|2|2|2|1|1|1|1|1,10,0,-1,a0,
11,29|3|3|3|1|1|1|1|1|1,10,0,-1,a0,
11,29|3|3|2|2|1|1|1|1|1,10,0,-1,a0,
11,29|3|2|2|2|2|1|1|1|1,10,0,-1,a0,
11,29|2|2|2|2|2|2|1|1|1,10,0,-1,a0,
11,28|8|1|1|1|1|1|1|1|1,10,0,-1,a0,
11,28|7|2|1|1|1|1|1|1|1,10,0,-1,a0,
11,28|6|3|1|1|1|1|1|1|1,10,0,-1,a0,
11,28|6|2|2|1|1|1|1|1|1,10,0,-1,a0,
11,28|5|4|1|1|1|1|1|1|1,10,0,-1,a0,
11,28|5|3|2|1|1|1|1|1|1,10,0,-1,a0,
11,28|5|2|2|2|1|1|1|1|1,10,0,-1,a0,
11,28|4|4|2|1|1|1|1|1|1,10,0,-1,a0,
11,28|4|3|3|1|1|1|1|1|1,10,0,-1,a0,
11,28|4|3|2|2|1|1|1|1|1,10,0,-1,a0,
11,28|4|2|2|2|2|1|1|1|1,10,0,-1,a0,
11,28|3|3|3|2|1|1|1|1|1,10,0,-1,a0,
11,28|3|3|2|2|2|1|1|1|1,10,0,-1,a0,
11,28|3|2|2|2|2|2|1|1|1,10,0,-1,a0,
11,28|2|2|2|2|2|2|2|1|1,10,0,-1,a0,
11,27|9|1|1|1|1|1|1|1|1,10,0,-1,a0,
11,27|8|2|1|1|1|1|1|1|1,10,0,-1,a0,
11,27|7|3|1|1|1|1|1|1|1,10,0,-1,a0,
11,27|7|2|2|1|1|1|1|1|1,10,0,-1,a0,
11,27|6|4|1|1|1|1|1|1|1,10,0,-1,a0,
11,27|6|3|2|1|1|1|1|1|1,10,0,-1,a0,
11,27|6|2|2|2|1|1|1|1|1,10,0,-1,a0,
11,27|5|5|1|1|1|1|1|1|1,10,0,-1,a0,
11,27|5|4|2|1|1|1|1|1|1,10,0,-1,a0,
11,27|5|3|3|1|1|1|1|1|1,10,0,-1,a0,
11,27|5|3|2|2|1|1|1|1|1,10,0,-1,a0,
11,27|5|2|2|2|2|1|1|1|1,10,0,-1,a0,
11,27|4|4|3|1|1|1|1|1|1,10,0,-1,a0,
11,27|4|4|2|2|1|1|1|1|1,10,0,-1,a0,
11,27|4|3|3|2|1|1|1|1|1,10,0,-1,a0,
11,27|4|3|2|2|2|1|1|1|1,10,0,-1,a0,
11,27|4|2|2|2|2|2|1|1|1,10,0,-1,a0,
11,27|3|3|3|3|1|1|1|1|1,10,0,-1,a0,
11,27|3|3|3|2|2|1|1|1|1,10,0,-1,a0,
11,27|3|3|2|2|2|2|1|1|1,10,0,-1,a0,
11,27|3|2|2|2|2|2|2|1|1,10,0,-1,a0,
11,27|2|2|2|2|2|2|2|2|1,10,0,-1,a0,
11,26|10|1|1|1|1|1|1|1|1,10,0,-1,a0,
11,26|9|2|1|1|1|1|1|1|1,10,0,-1,a0,
11,26|8|3|1|1|1|1|1|1|1,10,0,-1,a0,
11,26|8|2|2|1|1|1|1|1|1,10,0,-1,a0,
11,26|7|4|1|1|1|1|1|1|1,10,0,-1,a0,
11,26|7|3|2|1|1|1|1|1|1,10,0,-1,a0,
11,26|7|2|2|2|1|1|1|1|1,10,0,-1,a0,
11,26|6|5|1|1|1|1|1|1|1,10,0,-1,a0,
11,26|6|4|2|1|1|1|1|1|1,10,0,-1,a0,
11,26|6|3|3|1|1|1|1|1|1,10,0,-1,a0,
11,26|6|3|2|2|1|1|1|1|1,10,0,-1,a0,
11,26|6|2|2|2|2|1|1|1|1,10,0,-1,a0,
11,26|5|5|2|1|1|1|1|1|1,10,0,-1,a0,
11,26|5|4|3|1|1|1|1|1|1,10,0,-1,a0,
11,26|5|4|2|2|1|1|1|1|1,10,0,-1,a0,
11,26|5|3|3|2|1|1|1|1|1,10,0,-1,a0,
11,26|5|3|2|2|2|1|1|1|1,10,0,-1,a0,
11,26|5|2|2|2|2|2|1|1|1,10,0,-1,a0,
11,26|4|4|4|1|1|1|1|1|1,10,0,-1,a0,
11,26|4|4|3|2|1|1|1|1|1,10,0,-1,a0,
11,26|4|4|2|2|2|1|1|1|1,10,0,-1,a0,
11,26|4|3|3|3|1|1|1|1|1,10,0,-1,a0,
11,26|4|3|3|2|2|1|1|1|1,10,0,-1,a0,
11,26|4|3|2|2|2|2|1|1|1,10,0,-1,a0,
11,26|4|2|2|2|2|2|2|1|1,10,0,-1,a0,
11,26|3|3|3|3|2|1|1|1|1,10,0,-1,a0,
11,26|3|3|3|2|2|2|1|1|1,10,0,-1,a0,
11,26|3|3|2|2|2|2|2|1|1,10,0,-1,a0,
11,26|3|2|2|2|2|2|2|2|1,10,0,-1,a0,
11,26|2|2|2|2|2|2|2|2|2,10,1,18,silent,17
11,25|11|1|1|1|1|1|1|1|1,10,0,-1,a0,
11,25|10|2|1|1|1|1|1|1|1,10,0,-1,a0,
11,25|9|3|1|1|1|1|1|1|1,10,0,-1,a0,
11,25|9|2|2|1|1|1|1|1|1,10,0,-1,a0,
11,25|8|4|1|1|1|1|1|1|1,10,0,-1,a0,
11,25|8|3|2|1|1|1|1|1|1,10,0,-1,a0,
11,25|8|2|2|2|1|1|1|1|1,10,0,-1,a0,
11,25|7|5|1|1|1|1|1|1|1,10,0,-1,a0,
11,25|7|4|2|1|1|1|1|1|1,10,0,-1,a0,
11,25|7|3|3|1|1|1|1|1|1,10,0,-1,a0,
11,25|7|3|2|2|1|1|1|1|1,10,0,-1,a0,
11,25|7|2|2|2|2|1|1|1|1,10,0,-1,a0,
11,25|6|6|1|1|1|1|1|1|1,10,0,-1,a0,
11,25|6|5|2|1|1|1|1|1|1,10,0,-1,a0,
11,25|6|4|3|1|1|1|1|1|1,10,0,-1,a0,
11,25|6|4|2|2|1|1|1|1|1,10,0,-1,a0,
11,25|6|3|3|2|1|1|1|1|1,10,0,-1,a0,
11,25|6|3|2|2|2|1|1|1|1,10,0,-1,a0,
11,25|6|2|2|2|2|2|1|1|1,10,0,-1,a0,
11,25|5|5|3|1|1|1|1|1|1,10,0,-1,a0,
11,25|5|5|2|2|1|1|1|1|1,10,0,-1,a0,
11,25|5|4|4|1|1|1|1|1|1,10,0,-1,a0,
11,25|5|4|3|2|1|1|1|1|1,10,0,-1,a0,
11,25|5|4|2|2|2|1|1|1|1,10,0,-1,a0,
11,25|5|3|3|3|1|1|1|1|1,10,0,-1,a0,
11,25|5|3|3|2|2|1|1|1|1,10,0,-1,a0,
11,25|5|3|2|2|2|2|1|1|1,10,0,-1,a0,
11,25|5|2|2|2|2|2|2|1|1,10,0,-1,a0,
11,25|4|4|4|2|1|1|1|1|1,10,0,-1,a0,
11,25|4|4|3|3|1|1|1|1|1,10,0,-1,a0,
11,25|4|4|3|2|2|1|1|1|1,10,0,-1,a0,
11,25|4|4|2|2|2|2|1|1|1,10,0,-1,a0,
11,25|4|3|3|3|2|1|1|1|1,10,0,-1,a0,
11,25|4|3|3|2|2|2|1|1|1,10,0,-1,a0,
11,25|4|3|2|2|2|2|2|1|1,10,0,-1,a0,
11,25|4|2|2|2|2|2|2|2|1,10,1,317,silent,316
11,25|3|3|3|3|3|1|1|1|1,10,0,-1,a0,
11,25|3|3|3|3|2|2|1|1|1,10,0,-1,a0,
11,25|3|3|3|2|2|2|2|1|1,10,0,-1,a0,
11,25|3|3|2|2|2|2|2|2|1,10,0,-1,a0,
11,25|3|2|2|2|2|2|2|2|2,10,1,52,silent,51
11,24|12|1|1|1|1|1|1|1|1,10,0,-1,a0,
11,24|11|2|1|1|1|1|1|1|1,10,0,-1,a0,
11,24|10|3|1|1|1|1|1|1|1,10,0,-1,a0,
11,24|10|2|2|1|1|1|1|1|1,10,0,-1,a0,
11,24|9|4|1|1|1|1|1|1|1,10,0,-1,a0,
11,24|9|3|2|1|1|1|1|1|1,10,0,-1,a0,
11,24|9|2|2|2|1|1|1|1|1,10,0,-1,a0,
11,24|8|5|1|1|1|1|1|1|1,10,0,-1,a0,
11,24|8|4|2|1|1|1|1|1|1,10,0,-1,a0,
11,24|8|3|3|1|1|1|1|1|1,10,0,-1,a0,
11,24|8|3|2|2|1|1|1|1|1,10,0,-1,a0,
11,24|8|2|2|2|2|1|1|1|1,10,0,-1,a0,
11,24|7|6|1|1|1|1|1|1|1,10,0,-1,a0,
11,24|7|5|2|1|1|1|1|1|1,10,0,-1,a0,
11,24|7|4|3|1|1|1|1|1|1,10,0,-1,a0,
11,24|7|4|2|2|1|1|1|1|1,10,0,-1,a0,
11,24|7|3|3|2|1|1|1|1|1,10,0,-1,a0,
11,24|7|3|2|2|2|1|1|1|1,10,0,-1,a0,
11,24|7|2|2|2|2|2|1|1|1,10,0,-1,a0,
11,24|6|6|2|1|1|1|1|1|1,10,0,-1,a0,
11,24|6|5|3|1|1|1|1|1|1,10,0,-1,a0,
11,24|6|5|2|2|1|1|1|1|1,10,0,-1,a0,
11,24|6|4|4|1|1|1|1|1|1,10,0,-1,a0,
11,24|6|4|3|2|1|1|1|1|1,10,0,-1,a0,
11,24|6|4|2|2|2|1|1|1|1,10,0,-1,a0,
11,24|6|3|3|3|1|1|1|1|1,10,0,-1,a0,
11,24|6|3|3|2|2|1|1|1|1,10,0,-1,a0,
11,24|6|3|2|2|2|2|1|1|1,10,0,-1,a0,
11,24|6|2|2|2|2|2|2|1|1,10,0,-1,a0,
11,24|5|5|4|1|1|1|1|1|1,10,0,-1,a0,
11,24|5|5|3|2|1|1|1|1|1,10,0,-1,a0,
11,24|5|5|2|2|2|1|1|1|1,10,0,-1,a0,
11,24|5|4|4|2|1|1|1|1|1,10,0,-1,a0,
11,24|5|4|3|3|1|1|1|1|1,10,0,-1,a0,
11,24|5|4|3|2|2|1|1|1|1,10,0,-1,a0,
11,24|5|4|2|2|2|2|1|1|1,10,0,-1,a0,
11,24|5|3|3|3|2|1|1|1|1,10,0,-1,a0,
11,24|5|3|3|2|2|2|1|1|1,10,0,-1,a0,
11,24|5|3|2|2|2|2|2|1|1,10,1,6183,silent,6182
11,24|5|2|2|2|2|2|2|2|1,10,2,851,silent,849
11,24|4|4|4|3|1|1|1|1|1,10,0,-1,a0,
11,24|4|4|4|2|2|1|1|1|1,10,0,-1,a0,
11,24|4|4|3|3|2|1|1|1|1,10,0,-1,a0,
11,24|4|4|3|2|2|2|1|1|1,10,0,-1,a0,
11,24|4|4|2|2|2|2|2|1|1,10,0,-1,a0,
11,24|4|3|3|3|3|1|1|1|1,10,0,-1,a0,
11,24|4|3|3|3|2|2|1|1|1,10,0,-1,a0,
11,24|4|3|3|2|2|2|2|1|1,10,0,-1,a0,
11,24|4|3|2|2|2|2|2|2|1,10,1,1510,silent,1509
11,24|4|2|2|2|2|2|2|2|2,10,2,206,silent,204
11,24|3|3|3|3|3|2|1|1|1,10,0,-1,a0,
11,24|3|3|3|3|2|2|2|1|1,10,0,-1,a0,
11,24|3|3|3|2|2|2|2|2|1,10,0,-1,a0,
11,24|3|3|2|2|2|2|2|2|2,10,0,-1,a0,
11,23|13|1|1|1|1|1|1|1|1,10,0,-1,a0,
11,23|12|2|1|1|1|1|1|1|1,10,0,-1,a0,
11,23|11|3|1|1|1|1|1|1|1,10,0,-1,a0,
11,23|11|2|2|1|1|1|1|1|1,10,0,-1,a0,
11,23|10|4|1|1|1|1|1|1|1,10,0,-1,a0,
11,23|10|3|2|1|1|1|1|1|1,10,0,-1,a0,
11,23|10|2|2|2|1|1|1|1|1,10,0,-1,a0,
11,23|9|5|1|1|1|1|1|1|1,10,0,-1,a0,
11,23|9|4|2|1|1|1|1|1|1,10,0,-1,a0,
11,23|9|3|3|1|1|1|1|1|1,10,0,-1,a0,
11,23|9|3|2|2|1|1|1|1|1,10,0,-1,a0,
11,23|9|2|2|2|2|1|1|1|1,10,0,-1,a0,
11,23|8|6|1|1|1|1|1|1|1,10,0,-1,a0,
11,23|8|5|2|1|1|1|1|1|1,10,0,-1,a0,
11,23|8|4|3|1|1|1|1|1|1,10,0,-1,a0,
11,23|8|4|2|2|1|1|1|1|1,10,0,-1,a0,
11,23|8|3|3|2|1|1|1|1|1,10,0,-1,a0,
11,23|8|3|2|2|2|1|1|1|1,10,0,-1,a0,
11,23|8|2|2|2|2|2|1|1|1,10,0,-1,a0,
11,23|7|7|1|1|1|1|1|1|1,10,0,-1,a0,
11,23|7|6|2|1|1|1|1|1|1,10,0,-1,a0,
11,23|7|5|3|1|1|1|1|1|1,10,0,-1,a0,
11,23|7|5|2|2|1|1|1|1|1,10,0,-1,a0,
11,23|7|4|4|1|1|1|1|1|1,10,0,-1,a0,
11,23|7|4|3|2|1|1|1|1|1,10,0,-1,a0,
11,23|7|4|2|2|2|1|1|1|1,10,0,-1,a0,
11,23|7|3|3|3|1|1|1|1|1,10,0,-1,a0,
11,23|7|3|3|2|2|1|1|1|1,10,0,-1,a0,
11,23|7|3|2|2|2|2|1|1|1,10,0,-1,a0,
11,23|7|2|2|2|2|2|2|1|1,10,1,4372,silent,4371
11,23|6|6|3|1|1|1|1|1|1,10,0,-1,a0,
11,23|6|6|2|2|1|1|1|1|1,10,0,-1,a0,
11,23|6|5|4|1|1|1|1|1|1,10,0,-1,a0,
11,23|6|5|3|2|1|1|1|1|1,10,0,-1,a0,
11,23|6|5|2|2|2|1|1|1|1,10,0,-1,a0,
11,23|6|4|4|2|1|1|1|1|1,10,0,-1,a0,
11,23|6|4|3|3|1|1|1|1|1,10,0,-1,a0,
11,23|6|4|3|2|2|1|1|1|1,10,0,-1,a0,
11,23|6|4|2|2|2|2|1|1|1,10,0,-1,a0,
11,23|6|3|3|3|2|1|1|1|1,10,0,-1,a0,
11,23|6|3|3|2|2|2|1|1|1,10,1,42380,silent,42379
11,23|6|3|2|2|2|2|2|1|1,10,2,14857,silent,14855
11,23|6|2|2|2|2|2|2|2|1,10,3,1877,silent,1874
11,23|5|5|5|1|1|1|1|1|1,10,0,-1,a0,
11,23|5|5|4|2|1|1|1|1|1,10,0,-1,a0,
11,23|5|5|3|3|1|1|1|1|1,10,0,-1,a0,
11,23|5|5|3|2|2|1|1|1|1,10,0,-1,a0,
11,23|5|5|2|2|2|2|1|1|1,10,1,22150,silent,22149
11,23|5|4|4|3|1|1|1|1|1,10,0,-1,a0,
11,23|5|4|4|2|2|1|1|1|1,10,0,-1,a0,
11,23|5|4|3|3|2|1|1|1|1,10,0,-1,a0,
11,23|5|4|3|2|2|2|1|1|1,10,0,-1,a0,
11,23|5|4|2|2|2|2|2|1|1,10,2,16655,silent,16653
11,23|5|3|3|3|3|1|1|1|1,10,0,-1,a0,
11,23|5|3|3|3|2|2|1|1|1,10,0,-1,a0,
11,23|5|3|3|2|2|2|2|1|1,10,1,18471,silent,18470
11,23|5|3|2|2|2|2|2|2|1,10,3,4831,silent,4828
11,23|5|2|2|2|2|2|2|2|2,10,2,471,silent,469
11,23|4|4|4|4|1|1|1|1|1,10,0,-1,a0,
11,23|4|4|4|3|2|1|1|1|1,10,0,-1,a0,
11,23|4|4|4|2|2|2|1|1|1,10,0,-1,a0,
11,23|4|4|3|3|3|1|1|1|1,10,0,-1,a0,
11,23|4|4|3|3|2|2|1|1|1,10,0,-1,a0,
11,23|4|4|3|2|2|2|2|1|1,10,0,-1,a0,
11,23|4|4|2|2|2|2|2|2|1,10,2,3059,silent,3057
11,23|4|3|3|3|3|2|1|1|1,10,0,-1,a0,
11,23|4|3|3|3|2|2|2|1|1,10,0,-1,a0,
11,23|4|3|3|2|2|2|2|2|1,10,0,-1,a0,
11,23|4|3|2|2|2|2|2|2|2,10,1,760,silent,759
11,23|3|3|3|3|3|3|1|1|1,10,0,-1,a0,
11,23|3|3|3|3|3|2|2|1|1,10,0,-1,a0,
11,23|3|3|3|3|2|2|2|2|1,10,0,-1,a0,
11,23|3|3|3|2|2|2|2|2|2,10,0,-1,a0,
11,22|14|1|1|1|1|1|1|1|1,10,0,-1,a0,
11,22|13|2|1|1|1|1|1|1|1,10,0,-1,a0,
11,22|12|3|1|1|1|1|1|1|1,10,0,-1,a0,
11,22|12|2|2|1|1|1|1|1|1,10,0,-1,a0,
11,22|11|4|1|1|1|1|1|1|1,10,0,-1,a0,
11,22|11|3|2|1|1|1|1|1|1,10,0,-1,a0,
11,22|11|2|2|2|1|1|1|1|1,10,0,-1,a0,
11,22|10|5|1|1|1|1|1|1|1,10,0,-1,a0,
11,22|10|4|2|1|1|1|1|1|1,10,0,-1,a0,
11,22|10|3|3|1|1|1|1|1|1,10,0,-1,a0,
11,22|10|3|2|2|1|1|1|1|1,10,0,-1,a0,
11,22|10|2|2|2|2|1|1|1|1,10,0,-1,a0,
11,22|9|6|1|1|1|1|1|1|1,10,0,-1,a0,
11,22|9|5|2|1|1|1|1|1|1,10,0,-1,a0,
11,22|9|4|3|1|1|1|1|1|1,10,0,-1,a0,
11,22|9|4|2|2|1|1|1|1|1,10,0,-1,a0,
11,22|9|3|3|2|1|1|1|1|1,10,0,-1,a0,
11,22|9|3|2|2|2|1|1|1|1,10,0,-1,a0,
11,22|9|2|2|2|2|2|1|1|1,10,0,-1,a0,
11,22|8|7|1|1|1|1|1|1|1,10,0,-1,a0,
11,22|8|6|2|1|1|1|1|1|1,10,0,-1,a0,
11,22|8|5|3|1|1|1|1|1|1,10,0,-1,a0,
11,22|8|5|2|2|1|1|1|1|1,10,0,-1,a0,
11,22|8|4|4|1|1|1|1|1|1,10,0,-1,a0,
11,22|8|4|3|2|1|1|1|1|1,10,0,-1,a0,
11,22|8|4|2|2|2|1|1|1|1,10,0,-1,a0,
11,22|8|3|3|3|1|1|1|1|1,10,0,-1,a0,
11,22|8|3|3|2|2|1|1|1|1,10,0,-1,a0,
11,22|8|3|2|2|2|2|1|1|1,10,1,48163,silent,48162
11,22|8|2|2|2|2|2|2|1|1,10,1,7240,silent,7239
11,22|7|7|2|1|1|1|1|1|1,10,0,-1,a0,
11,22|7|6|3|1|1|1|1|1|1,10,0,-1,a0,
11,22|7|6|2|2|1|1|1|1|1,10,0,-1,a0,
11,22|7|5|4|1|1|1|1|1|1,10,0,-1,a0,
11,22|7|5|3|2|1|1|1|1|1,10,0,-1,a0,
11,22|7|5|2|2|2|1|1|1|1,10,0,-1,a0,
11,22|7|4|4|2|1|1|1|1|1,10,0,-1,a0,
11,22|7|4|3|3|1|1|1|1|1,10,0,-1,a0,
11,22|7|4|3|2|2|1|1|1|1,10,0,-1,a0,
11,22|7|4|2|2|2|2|1|1|1,10,1,93266,silent,93265
11,22|7|3|3|3|2|1|1|1|1,10,1,100755,silent,100754
11,22|7|3|3|2|2|2|1|1|1,10,2,88786,silent,88784
11,22|7|3|2|2|2|2|2|1|1,10,5,30109,silent,30104
11,22|7|2|2|2|2|2|2|2|1,10,4,3552,silent,3548
11,22|6|6|4|1|1|1|1|1|1,10,0,-1,a0,
11,22|6|6|3|2|1|1|1|1|1,10,0,-1,a0,
11,22|6|6|2|2|2|1|1|1|1,10,0,-1,a0,
11,22|6|5|5|1|1|1|1|1|1,10,0,-1,a0,
11,22|6|5|4|2|1|1|1|1|1,10,0,-1,a0,
11,22|6|5|3|3|1|1|1|1|1,10,0,-1,a0,
11,22|6|5|3|2|2|1|1|1|1,10,1,245751,silent,245750
11,22|6|5|2|2|2|2|1|1|1,10,2,83885,silent,83883
11,22|6|4|4|3|1|1|1|1|1,10,0,-1,a0,
11,22|6|4|4|2|2|1|1|1|1,10,0,-1,a0,
11,22|6|4|3|3|2|1|1|1|1,10,0,-1,a0,
11,22|6|4|3|2|2|2|1|1|1,10,2,177384,silent,177382
11,22|6|4|2|2|2|2|2|1|1,10,4,46679,silent,46675
11,22|6|3|3|3|3|1|1|1|1,10,0,-1,a0,
11,22|6|3|3|3|2|2|1|1|1,10,1,81405,silent,81404
11,22|6|3|3|2|2|2|2|1|1,10,3,47858,silent,47855
11,22|6|3|2|2|2|2|2|2|1,10,5,11833,silent,11828
11,22|6|2|2|2|2|2|2|2|2,10,4,1068,silent,1064
11,22|5|5|5|2|1|1|1|1|1,10,0,-1,a0,
11,22|5|5|4|3|1|1|1|1|1,10,0,-1,a0,
11,22|5|5|4|2|2|1|1|1|1,10,0,-1,a0,
11,22|5|5|3|3|2|1|1|1|1,10,0,-1,a0,
11,22|5|5|3|2|2|2|1|1|1,10,2,99014,silent,99012
11,22|5|5|2|2|2|2|2|1|1,10,4,24723,silent,24719
11,22|5|4|4|4|1|1|1|1|1,10,0,-1,a0,
11,22|5|4|4|3|2|1|1|1|1,10,0,-1,a0,
11,22|5|4|4|2|2|2|1|1|1,10,0,-1,a0,
11,22|5|4|3|3|3|1|1|1|1,10,0,-1,a0,
11,22|5|4|3|3|2|2|1|1|1,10,0,-1,a0,
11,22|5|4|3|2|2|2|2|1|1,10,3,68294,silent,68291
11,22|5|4|2|2|2|2|2|2|1,10,5,13436,silent,13431
11,22|5|3|3|3|3|2|1|1|1,10,0,-1,a0,
11,22|5|3|3|3|2|2|2|1|1,10,0,-1,a0,
11,22|5|3|3|2|2|2|2|2|1,10,1,14725,silent,14724
11,22|5|3|2|2|2|2|2|2|2,10,1,2380,silent,2379
11,22|4|4|4|4|2|1|1|1|1,10,0,-1,a0,
11,22|4|4|4|3|3|1|1|1|1,10,0,-1,a0,
11,22|4|4|4|3|2|2|1|1|1,10,0,-1,a0,
11,22|4|4|4|2|2|2|2|1|1,10,0,-1,a0,
11,22|4|4|3|3|3|2|1|1|1,10,0,-1,a0,
11,22|4|4|3|3|2|2|2|1|1,10,0,-1,a0,
11,22|4|4|3|2|2|2|2|2|1,10,1,11578,silent,11577
11,22|4|4|2|2|2|2|2|2|2,10,3,1695,silent,1692
11,22|4|3|3|3|3|3|1|1|1,10,0,-1,a0,
11,22|4|3|3|3|3|2|2|1|1,10,0,-1,a0,
11,22|4|3|3|3|2|2|2|2|1,10,0,-1,a0,
11,22|4|3|3|2|2|2|2|2|2,10,0,-1,a0,
11,22|3|3|3|3|3|3|2|1|1,10,0,-1,a0,
11,22|3|3|3|3|3|2|2|2|1,10,0,-1,a0,
11,22|3|3|3|3|2|2|2|2|2,10,0,-1,a0,
11,21|15|1|1|1|1|1|1|1|1,10,0,-1,a0,
11,21|14|2|1|1|1|1|1|1|1,10,0,-1,a0,
11,21|13|3|1|1|1|1|1|1|1,10,0,-1,a0,
11,21|13|2|2|1|1|1|1|1|1,10,0,-1,a0,
11,21|12|4|1|1|1|1|1|1|1,10,0,-1,a0,
11,21|12|3|2|1|1|1|1|1|1,10,0,-1,a0,
11,21|12|2|2|2|1|1|1|1|1,10,0,-1,a0,
11,21|11|5|1|1|1|1|1|1|1,10,0,-1,a0,
11,21|11|4|2|1|1|1|1|1|1,10,0,-1,a0,
11,21|11|3|3|1|1|1|1|1|1,10,0,-1,a0,
11,21|11|3|2|2|1|1|1|1|1,10,0,-1,a0,
11,21|11|2|2|2|2|1|1|1|1,10,0,-1,a0,
11,21|10|6|1|1|1|1|1|1|1,10,0,-1,a0,
11,21|10|5|2|1|1|1|1|1|1,10,0,-1,a0,
11,21|10|4|3|1|1|1|1|1|1,10,0,-1,a0,
11,21|10|4|2|2|1|1|1|1|1,10,0,-1,a0,
11,21|10|3|3|2|1|1|1|1|1,10,0,-1,a0,
11,21|10|3|2|2|2|1|1|1|1,10,0,-1,a0,
11,21|10|2|2|2|2|2|1|1|1,10,0,-1,a0,
11,21|9|7|1|1|1|1|1|1|1,10,0,-1,a0,
11,21|9|6|2|1|1|1|1|1|1,10,0,-1,a0,
11,21|9|5|3|1|1|1|1|1|1,10,0,-1,a0,
11,21|9|5|2|2|1|1|1|1|1,10,0,-1,a0,
11,21|9|4|4|1|1|1|1|1|1,10,0,-1,a0,
11,21|9|4|3|2|1|1|1|1|1,10,0,-1,a0,
11,21|9|4|2|2|2|1|1|1|1,10,0,-1,a0,
11,21|9|3|3|3|1|1|1|1|1,10,0,-1,a0,
11,21|9|3|3|2|2|1|1|1|1,10,1,159327,silent,159326
11,21|9|3|2|2|2|2|1|1|1,10,2,74154,silent,74152
11,21|9|2|2|2|2|2|2|1|1,10,2,10993,silent,10991
11,21|8|8|1|1|1|1|1|1|1,10,0,-1,a0,
11,21|8|7|2|1|1|1|1|1|1,10,0,-1,a0,
11,21|8|6|3|1|1|1|1|1|1,10,0,-1,a0,
11,21|8|6|2|2|1|1|1|1|1,10,0,-1,a0,
11,21|8|5|4|1|1|1|1|1|1,10,0,-1,a0,
11,21|8|5|3|2|1|1|1|1|1,10,0,-1,a0,
11,21|8|5|2|2|2|1|1|1|1,10,1,271267,silent,271266
11,21|8|4|4|2|1|1|1|1|1,10,0,-1,a0,
11,21|8|4|3|3|1|1|1|1|1,10,0,-1,a0,
11,21|8|4|3|2|2|1|1|1|1,10,1,476192,silent,476191
11,21|8|4|2|2|2|2|1|1|1,10,3,171792,silent,171789
11,21|8|3|3|3|2|1|1|1|1,10,2,183996,silent,183994
11,21|8|3|3|2|2|2|1|1|1,10,5,159701,silent,159696
11,21|8|3|2|2|2|2|2|1|1,10,7,52622,silent,52615
11,21|8|2|2|2|2|2|2|2|1,10,5,5941,silent,5936
11,21|7|7|3|1|1|1|1|1|1,10,0,-1,a0,
11,21|7|7|2|2|1|1|1|1|1,10,0,-1,a0,
11,21|7|6|4|1|1|1|1|1|1,10,0,-1,a0,
11,21|7|6|3|2|1|1|1|1|1,10,0,-1,a0,
11,21|7|6|2|2|2|1|1|1|1,10,0,-1,a0,
11,21|7|5|5|1|1|1|1|1|1,10,0,-1,a0,
11,21|7|5|4|2|1|1|1|1|1,10,0,-1,a0,
11,21|7|5|3|3|1|1|1|1|1,10,1,426025,silent,426024
11,21|7|5|3|2|2|1|1|1|1,10,3,634297,silent,634294
11,21|7|5|2|2|2|2|1|1|1,10,6,210768,silent,210762
11,21|7|4|4|3|1|1|1|1|1,10,0,-1,a0,
11,21|7|4|4|2|2|1|1|1|1,10,0,-1,a0,
11,21|7|4|3|3|2|1|1|1|1,10,2,508848,silent,508846
11,21|7|4|3|2|2|2|1|1|1,10,6,405610,silent,405604
11,21|7|4|2|2|2|2|2|1|1,10,10,103833,silent,103823
11,21|7|3|3|3|3|1|1|1|1,10,1,98360,silent,98359
11,21|7|3|3|3|2|2|1|1|1,10,3,177038,silent,177035
11,21|7|3|3|2|2|2|2|1|1,10,6,101194,silent,101188
11,21|7|3|2|2|2|2|2|2|1,10,8,24048,silent,24040
11,21|7|2|2|2|2|2|2|2|2,10,3,1884,silent,1881
11,21|6|6|5|1|1|1|1|1|1,10,0,-1,a0,
11,21|6|6|4|2|1|1|1|1|1,10,1,282807,silent,282806
11,21|6|6|3|3|1|1|1|1|1,10,0,-1,a0,
11,21|6|6|3|2|2|1|1|1|1,10,2,306782,silent,306780
11,21|6|6|2|2|2|2|1|1|1,10,1,98354,silent,98353
11,21|6|5|5|2|1|1|1|1|1,10,0,-1,a0,
11,21|6|5|4|3|1|1|1|1|1,10,0,-1,a0,
11,21|6|5|4|2|2|1|1|1|1,10,2,519077,silent,519075
11,21|6|5|3|3|2|1|1|1|1,10,2,518218,silent,518216
11,21|6|5|3|2|2|2|1|1|1,10,8,399621,silent,399613
11,21|6|5|2|2|2|2|2|1|1,10,8,94396,silent,94388
11,21|6|4|4|4|1|1|1|1|1,10,0,-1,a0,
11,21|6|4|4|3|2|1|1|1|1,10,0,-1,a0,
11,21|6|4|4|2|2|2|1|1|1,10,1,288488,silent,288487
11,21|6|4|3|3|3|1|1|1|1,10,0,-1,a0,
11,21|6|4|3|3|2|2|1|1|1,10,3,391697,silent,391694
11,21|6|4|3|2|2|2|2|1|1,10,8,204816,silent,204808
11,21|6|4|2|2|2|2|2|2|1,10,10,38179,silent,38169
11,21|6|3|3|3|3|2|1|1|1,10,0,-1,a0,
11,21|6|3|3|3|2|2|2|1|1,10,1,98426,silent,98425
11,21|6|3|3|2|2|2|2|2|1,10,2,38627,silent,38625
11,21|6|3|2|2|2|2|2|2|2,10,3,5962,silent,5959
11,21|5|5|5|3|1|1|1|1|1,10,0,-1,a0,
11,21|5|5|5|2|2|1|1|1|1,10,1,113064,silent,113063
11,21|5|5|4|4|1|1|1|1|1,10,0,-1,a0,
11,21|5|5|4|3|2|1|1|1|1,10,0,-1,a0,
11,21|5|5|4|2|2|2|1|1|1,10,4,201755,silent,201751
11,21|5|5|3|3|3|1|1|1|1,10,0,-1,a0,
11,21|5|5|3|3|2|2|1|1|1,10,1,226257,silent,226256
11,21|5|5|3|2|2|2|2|1|1,10,6,115355,silent,115349
11,21|5|5|2|2|2|2|2|2|1,10,3,19799,silent,19796
11,21|5|4|4|4|2|1|1|1|1,10,0,-1,a0,
11,21|5|4|4|3|3|1|1|1|1,10,0,-1,a0,
11,21|5|4|4|3|2|2|1|1|1,10,0,-1,a0,
11,21|5|4|4|2|2|2|2|1|1,10,3,105205,silent,105202
11,21|5|4|3|3|3|2|1|1|1,10,0,-1,a0,
11,21|5|4|3|3|2|2|2|1|1,10,1,154685,silent,154684
11,21|5|4|3|2|2|2|2|2|1,10,5,56260,silent,56255
11,21|5|4|2|2|2|2|2|2|2,10,3,6868,silent,6865
11,21|5|3|3|3|3|3|1|1|1,10,0,-1,a0,
11,21|5|3|3|3|3|2|2|1|1,10,0,-1,a0,
11,21|5|3|3|3|2|2|2|2|1,10,0,-1,a0,
11,21|5|3|3|2|2|2|2|2|2,10,0,-1,a0,
11,21|4|4|4|4|3|1|1|1|1,10,0,-1,a0,
11,21|4|4|4|4|2|2|1|1|1,10,0,-1,a0,
11,21|4|4|4|3|3|2|1|1|1,10,0,-1,a0,
11,21|4|4|4|3|2|2|2|1|1,10,0,-1,a0,
11,21|4|4|4|2|2|2|2|2|1,10,2,15948,silent,15946
11,21|4|4|3|3|3|3|1|1|1,10,0,-1,a0,
11,21|4|4|3|3|3|2|2|1|1,10,0,-1,a0,
11,21|4|4|3|3|2|2|2|2|1,10,0,-1,a0,
11,21|4|4|3|2|2|2|2|2|2,10,1,5979,silent,5978
11,21|4|3|3|3|3|3|2|1|1,10,0,-1,a0,
11,21|4|3|3|3|3|2|2|2|1,10,0,-1,a0,
11,21|4|3|3|3|2|2|2|2|2,10,0,-1,a0,
11,21|3|3|3|3|3|3|3|1|1,10,0,-1,a0,
11,21|3|3|3|3|3|3|2|2|1,10,0,-1,a0,
11,21|3|3|3|3|3|2|2|2|2,10,0,-1,a0,
11,20|16|1|1|1|1|1|1|1|1,10,0,-1,a0,
11,20|15|2|1|1|1|1|1|1|1,10,0,-1,a0,
11,20|14|3|1|1|1|1|1|1|1,10,0,-1,a0,
11,20|14|2|2|1|1|1|1|1|1,10,0,-1,a0,
11,20|13|4|1|1|1|1|1|1|1,10,0,-1,a0,
11,20|13|3|2|1|1|1|1|1|1,10,0,-1,a0,
11,20|13|2|2|2|1|1|1|1|1,10,0,-1,a0,
11,20|12|5|1|1|1|1|1|1|1,10,0,-1,a0,
11,20|12|4|2|1|1|1|1|1|1,10,0,-1,a0,
11,20|12|3|3|1|1|1|1|1|1,10,0,-1,a0,
11,20|12|3|2|2|1|1|1|1|1,10,0,-1,a0,
11,20|12|2|2|2|2|1|1|1|1,10,0,-1,a0,
11,20|11|6|1|1|1|1|1|1|1,10,0,-1,a0,
11,20|11|5|2|1|1|1|1|1|1,10,0,-1,a0,
11,20|11|4|3|1|1|1|1|1|1,10,0,-1,a0,
11,20|11|4|2|2|1|1|1|1|1,10,0,-1,a0,
11,20|11|3|3|2|1|1|1|1|1,10,0,-1,a0,
11,20|11|3|2|2|2|1|1|1|1,10,0,-1,a0,
11,20|11|2|2|2|2|2|1|1|1,10,0,-1,a0,
11,20|10|7|1|1|1|1|1|1|1,10,0,-1,a0,
11,20|10|6|2|1|1|1|1|1|1,10,0,-1,a0,
11,20|10|5|3|1|1|1|1|1|1,10,0,-1,a0,
11,20|10|5|2|2|1|1|1|1|1,10,0,-1,a0,
11,20|10|4|4|1|1|1|1|1|1,10,0,-1,a0,
11,20|10|4|3|2|1|1|1|1|1,10,0,-1,a0,
11,20|10|4|2|2|2|1|1|1|1,10,1,254232,silent,254231
11,20|10|3|3|3|1|1|1|1|1,10,1,134097,silent,134096
11,20|10|3|3|2|2|1|1|1|1,10,2,220222,silent,220220
11,20|10|3|2|2|2|2|1|1|1,10,3,101162,silent,101159
11,20|10|2|2|2|2|2|2|1|1,10,2,14575,silent,14573
11,20|9|8|1|1|1|1|1|1|1,10,0,-1,a0,
11,20|9|7|2|1|1|1|1|1|1,10,0,-1,a0,
11,20|9|6|3|1|1|1|1|1|1,10,0,-1,a0,
11,20|9|6|2|2|1|1|1|1|1,10,0,-1,a0,
11,20|9|5|4|1|1|1|1|1|1,10,0,-1,a0,
11,20|9|5|3|2|1|1|1|1|1,10,1,883329,silent,883328
11,20|9|5|2|2|2|1|1|1|1,10,2,448972,silent,448970
11,20|9|4|4|2|1|1|1|1|1,10,0,-1,a0,
11,20|9|4|3|3|1|1|1|1|1,10,1,502919,silent,502918
11,20|9|4|3|2|2|1|1|1|1,10,4,768052,silent,768048
11,20|9|4|2|2|2|2|1|1|1,10,6,273109,silent,273103
11,20|9|3|3|3|2|1|1|1|1,10,4,291583,silent,291579
11,20|9|3|3|2|2|2|1|1|1,10,9,250045,silent,250036
11,20|9|3|2|2|2|2|2|1|1,10,10,80874,silent,80864
11,20|9|2|2|2|2|2|2|2|1,10,6,8798,silent,8792
11,20|8|8|2|1|1|1|1|1|1,10,0,-1,a0,
11,20|8|7|3|1|1|1|1|1|1,10,0,-1,a0,
11,20|8|7|2|2|1|1|1|1|1,10,0,-1,a0,
11,20|8|6|4|1|1|1|1|1|1,10,0,-1,a0,
11,20|8|6|3|2|1|1|1|1|1,10,1,973652,silent,973651
11,20|8|6|2|2|2|1|1|1|1,10,3,477675,silent,477672
11,20|8|5|5|1|1|1|1|1|1,10,0,-1,a0,
11,20|8|5|4|2|1|1|1|1|1,10,1,1125415,silent,1125414
11,20|8|5|3|3|1|1|1|1|1,10,2,866297,silent,866295
11,20|8|5|3|2|2|1|1|1|1,10,9,1279291,silent,1279282
11,20|8|5|2|2|2|2|1|1|1,10,12,416935,silent,416923
11,20|8|4|4|3|1|1|1|1|1,10,0,-1,a0,
11,20|8|4|4|2|2|1|1|1|1,10,2,809764,silent,809762
11,20|8|4|3|3|2|1|1|1|1,10,6,974298,silent,974292
11,20|8|4|3|2|2|2|1|1|1,10,14,766663,silent,766649
11,20|8|4|2|2|2|2|2|1|1,10,14,191286,silent,191272
11,20|8|3|3|3|3|1|1|1|1,10,2,182299,silent,182297
11,20|8|3|3|3|2|2|1|1|1,10,6,325202,silent,325196
11,20|8|3|3|2|2|2|2|1|1,10,11,182573,silent,182562
11,20|8|3|2|2|2|2|2|2|1,10,10,42073,silent,42063
11,20|8|2|2|2|2|2|2|2|2,10,5,3190,silent,3185
11,20|7|7|4|1|1|1|1|1|1,10,0,-1,a0,
11,20|7|7|3|2|1|1|1|1|1,10,0,-1,a0,
11,20|7|7|2|2|2|1|1|1|1,10,0,-1,a0,
11,20|7|6|5|1|1|1|1|1|1,10,0,-1,a0,
11,20|7|6|4|2|1|1|1|1|1,10,2,1011284,silent,1011282
11,20|7|6|3|3|1|1|1|1|1,10,3,729344,silent,729341
11,20|7|6|3|2|2|1|1|1|1,10,7,1061894,silent,1061887
11,20|7|6|2|2|2|2|1|1|1,10,7,333333,silent,333326
11,20|7|5|5|2|1|1|1|1|1,10,1,598222,silent,598221
11,20|7|5|4|3|1|1|1|1|1,10,2,1181845,silent,1181843
11,20|7|5|4|2|2|1|1|1|1,10,7,1403802,silent,1403795
11,20|7|5|3|3|2|1|1|1|1,10,10,1371591,silent,1371581
11,20|7|5|3|2|2|2|1|1|1,10,21,1040328,silent,1040307
11,20|7|5|2|2|2|2|2|1|1,10,19,238888,silent,238869
11,20|7|4|4|4|1|1|1|1|1,10,0,-1,a0,
11,20|7|4|4|3|2|1|1|1|1,10,1,1123931,silent,1123930
11,20|7|4|4|2|2|2|1|1|1,10,6,695244,silent,695238
11,20|7|4|3|3|3|1|1|1|1,10,3,532721,silent,532718
11,20|7|4|3|3|2|2|1|1|1,10,9,921163,silent,921154
11,20|7|4|3|2|2|2|2|1|1,10,18,471736,silent,471718
11,20|7|4|2|2|2|2|2|2|1,10,15,84479,silent,84464
11,20|7|3|3|3|3|2|1|1|1,10,1,230339,silent,230338
11,20|7|3|3|3|2|2|2|1|1,10,2,215485,silent,215483
11,20|7|3|3|2|2|2|2|2|1,10,4,82347,silent,82343
11,20|7|3|2|2|2|2|2|2|2,10,3,11997,silent,11994
11,20|6|6|6|1|1|1|1|1|1,10,1,51362,silent,51361
11,20|6|6|5|2|1|1|1|1|1,10,2,388501,silent,388499
11,20|6|6|4|3|1|1|1|1|1,10,2,625160,silent,625158
11,20|6|6|4|2|2|1|1|1|1,10,5,735547,silent,735542
11,20|6|6|3|3|2|1|1|1|1,10,4,676682,silent,676678
11,20|6|6|3|2|2|2|1|1|1,10,8,505957,silent,505949
11,20|6|6|2|2|2|2|2|1|1,10,4,111574,silent,111570
11,20|6|5|5|3|1|1|1|1|1,10,1,500242,silent,500241
11,20|6|5|5|2|2|1|1|1|1,10,5,554408,silent,554403
11,20|6|5|4|4|1|1|1|1|1,10,0,-1,a0,
11,20|6|5|4|3|2|1|1|1|1,10,5,1469084,silent,1469079
11,20|6|5|4|2|2|2|1|1|1,10,12,880105,silent,880093
11,20|6|5|3|3|3|1|1|1|1,10,1,558207,silent,558206
11,20|6|5|3|3|2|2|1|1|1,10,9,950542,silent,950533
11,20|6|5|3|2|2|2|2|1|1,10,17,470033,silent,470016
11,20|6|5|2|2|2|2|2|2|1,10,10,77180,silent,77170
11,20|6|4|4|4|2|1|1|1|1,10,0,-1,a0,
11,20|6|4|4|3|3|1|1|1|1,10,0,-1,a0,
11,20|6|4|4|3|2|2|1|1|1,10,3,859028,silent,859025
11,20|6|4|4|2|2|2|2|1|1,10,7,342848,silent,342841
11,20|6|4|3|3|3|2|1|1|1,10,1,537482,silent,537481
11,20|6|4|3|3|2|2|2|1|1,10,6,484734,silent,484728
11,20|6|4|3|2|2|2|2|2|1,10,10,170108,silent,170098
11,20|6|4|2|2|2|2|2|2|2,10,7,19741,silent,19734
11,20|6|3|3|3|3|3|1|1|1,10,0,-1,a0,
11,20|6|3|3|3|3|2|2|1|1,10,0,-1,a0,
11,20|6|3|3|3|2|2|2|2|1,10,0,-1,a0,
11,20|6|3|3|2|2|2|2|2|2,10,0,-1,a0,
11,20|5|5|5|4|1|1|1|1|1,10,0,-1,a0,
11,20|5|5|5|3|2|1|1|1|1,10,2,351523,silent,351521
11,20|5|5|5|2|2|2|1|1|1,10,6,196206,silent,196200
11,20|5|5|4|4|2|1|1|1|1,10,0,-1,a0,
11,20|5|5|4|3|3|1|1|1|1,10,0,-1,a0,
11,20|5|5|4|3|2|2|1|1|1,10,4,622042,silent,622038
11,20|5|5|4|2|2|2|2|1|1,10,9,242642,silent,242633
11,20|5|5|3|3|3|2|1|1|1,10,0,-1,a0,
11,20|5|5|3|3|2|2|2|1|1,10,2,281626,silent,281624
11,20|5|5|3|2|2|2|2|2|1,10,4,95848,silent,95844
11,20|5|5|2|2|2|2|2|2|2,10,0,-1,a0,
11,20|5|4|4|4|3|1|1|1|1,10,0,-1,a0,
11,20|5|4|4|4|2|2|1|1|1,10,0,-1,a0,
11,20|5|4|4|3|3|2|1|1|1,10,0,-1,a0,
11,20|5|4|4|3|2|2|2|1|1,10,3,323227,silent,323224
11,20|5|4|4|2|2|2|2|2|1,10,6,89197,silent,89191
11,20|5|4|3|3|3|3|1|1|1,10,0,-1,a0,
11,20|5|4|3|3|3|2|2|1|1,10,0,-1,a0,
11,20|5|4|3|3|2|2|2|2|1,10,1,132863,silent,132862
11,20|5|4|3|2|2|2|2|2|2,10,2,28764,silent,28762
11,20|5|3|3|3|3|3|2|1|1,10,0,-1,a0,
11,20|5|3|3|3|3|2|2|2|1,10,0,-1,a0,
11,20|5|3|3|3|2|2|2|2|2,10,0,-1,a0,
11,20|4|4|4|4|4|1|1|1|1,10,0,-1,a0,
11,20|4|4|4|4|3|2|1|1|1,10,0,-1,a0,
11,20|4|4|4|4|2|2|2|1|1,10,0,-1,a0,
11,20|4|4|4|3|3|3|1|1|1,10,0,-1,a0,
11,20|4|4|4|3|3|2|2|1|1,10,0,-1,a0,
11,20|4|4|4|3|2|2|2|2|1,10,1,47875,silent,47874
11,20|4|4|4|2|2|2|2|2|2,10,3,8701,silent,8698
11,20|4|4|3|3|3|3|2|1|1,10,0,-1,a0,
11,20|4|4|3|3|3|2|2|2|1,10,0,-1,a0,
11,20|4|4|3|3|2|2|2|2|2,10,0,-1,a0,
11,20|4|3|3|3|3|3|3|1|1,10,0,-1,a0,
11,20|4|3|3|3|3|3|2|2|1,10,0,-1,a0,
11,20|4|3|3|3|3|2|2|2|2,10,0,-1,a0,
11,20|3|3|3|3|3|3|3|2|1,10,0,-1,a0,
11,20|3|3|3|3|3|3|2|2|2,10,0,-1,a0,
11,19|17|1|1|1|1|1|1|1|1,10,0,-1,a0,
11,19|16|2|1|1|1|1|1|1|1,10,0,-1,a0,
11,19|15|3|1|1|1|1|1|1|1,10,0,-1,a0,
11,19|15|2|2|1|1|1|1|1|1,10,0,-1,a0,
11,19|14|4|1|1|1|1|1|1|1,10,0,-1,a0,
11,19|14|3|2|1|1|1|1|1|1,10,0,-1,a0,
11,19|14|2|2|2|1|1|1|1|1,10,0,-1,a0,
11,19|13|5|1|1|1|1|1|1|1,10,0,-1,a0,
11,19|13|4|2|1|1|1|1|1|1,10,0,-1,a0,
11,19|13|3|3|1|1|1|1|1|1,10,0,-1,a0,
11,19|13|3|2|2|1|1|1|1|1,10,0,-1,a0,
11,19|13|2|2|2|2|1|1|1|1,10,0,-1,a0,
11,19|12|6|1|1|1|1|1|1|1,10,0,-1,a0,
11,19|12|5|2|1|1|1|1|1|1,10,0,-1,a0,
11,19|12|4|3|1|1|1|1|1|1,10,0,-1,a0,
11,19|12|4|2|2|1|1|1|1|1,10,0,-1,a0,
11,19|12|3|3|2|1|1|1|1|1,10,0,-1,a0,
11,19|12|3|2|2|2|1|1|1|1,10,0,-1,a0,
11,19|12|2|2|2|2|2|1|1|1,10,0,-1,a0,
11,19|11|7|1|1|1|1|1|1|1,10,0,-1,a0,
11,19|11|6|2|1|1|1|1|1|1,10,0,-1,a0,
11,19|11|5|3|1|1|1|1|1|1,10,0,-1,a0,
11,19|11|5|2|2|1|1|1|1|1,10,0,-1,a0,
11,19|11|4|4|1|1|1|1|1|1,10,0,-1,a0,
11,19|11|4|3|2|1|1|1|1|1,10,1,565998,silent,565997
11,19|11|4|2|2|2|1|1|1|1,10,1,311224,silent,311223
11,19|11|3|3|3|1|1|1|1|1,10,1,164186,silent,164185
11,19|11|3|3|2|2|1|1|1|1,10,4,268748,silent,268744
11,19|11|3|2|2|2|2|1|1|1,10,4,122085,silent,122081
11,19|11|2|2|2|2|2|2|1|1,10,3,17475,silent,17472
11,19|10|8|1|1|1|1|1|1|1,10,0,-1,a0,
11,19|10|7|2|1|1|1|1|1|1,10,0,-1,a0,
11,19|10|6|3|1|1|1|1|1|1,10,0,-1,a0,
11,19|10|6|2|2|1|1|1|1|1,10,1,560922,silent,560921
11,19|10|5|4|1|1|1|1|1|1,10,0,-1,a0,
11,19|10|5|3|2|1|1|1|1|1,10,3,1261315,silent,1261312
11,19|10|5|2|2|2|1|1|1|1,10,5,636306,silent,636301
11,19|10|4|4|2|1|1|1|1|1,10,1,744521,silent,744520
11,19|10|4|3|3|1|1|1|1|1,10,3,705030,silent,705027
11,19|10|4|3|2|2|1|1|1|1,10,9,1071181,silent,1071172
11,19|10|4|2|2|2|2|1|1|1,10,9,376672,silent,376663
11,19|10|3|3|3|2|1|1|1|1,10,7,401922,silent,401915
11,19|10|3|3|2|2|2|1|1|1,10,12,341744,silent,341732
11,19|10|3|2|2|2|2|2|1|1,10,12,108786,silent,108774
11,19|10|2|2|2|2|2|2|2|1,10,6,11539,silent,11533
11,19|9|9|1|1|1|1|1|1|1,10,0,-1,a0,
11,19|9|8|2|1|1|1|1|1|1,10,0,-1,a0,
11,19|9|7|3|1|1|1|1|1|1,10,0,-1,a0,
11,19|9|7|2|2|1|1|1|1|1,10,0,-1,a0,
11,19|9|6|4|1|1|1|1|1|1,10,1,817900,silent,817899
11,19|9|6|3|2|1|1|1|1|1,10,5,1714388,silent,1714383
11,19|9|6|2|2|2|1|1|1|1,10,6,831977,silent,831971
11,19|9|5|5|1|1|1|1|1|1,10,0,-1,a0,
11,19|9|5|4|2|1|1|1|1|1,10,4,1898434,silent,1898430
11,19|9|5|3|3|1|1|1|1|1,10,7,1449279,silent,1449272
11,19|9|5|3|2|2|1|1|1|1,10,20,2127363,silent,2127343
11,19|9|5|2|2|2|2|1|1|1,10,20,684670,silent,684650
11,19|9|4|4|3|1|1|1|1|1,10,2,1082190,silent,1082188
11,19|9|4|4|2|2|1|1|1|1,10,5,1318482,silent,1318477
11,19|9|4|3|3|2|1|1|1|1,10,14,1574700,silent,1574686
11,19|9|4|3|2|2|2|1|1|1,10,25,1227261,silent,1227236
11,19|9|4|2|2|2|2|2|1|1,10,22,301902,silent,301880
11,19|9|3|3|3|3|1|1|1|1,10,3,288349,silent,288346
11,19|9|3|3|3|2|2|1|1|1,10,11,511603,silent,511592
11,19|9|3|3|2|2|2|2|1|1,10,14,282921,silent,282907
11,19|9|3|2|2|2|2|2|2|1,10,12,63818,silent,63806
11,19|9|2|2|2|2|2|2|2|2,10,3,4465,silent,4462
11,19|8|8|3|1|1|1|1|1|1,10,0,-1,a0,
11,19|8|8|2|2|1|1|1|1|1,10,1,229026,silent,229025
11,19|8|7|4|1|1|1|1|1|1,10,0,-1,a0,
11,19|8|7|3|2|1|1|1|1|1,10,3,1288134,silent,1288131
11,19|8|7|2|2|2|1|1|1|1,10,5,614133,silent,614128
11,19|8|6|5|1|1|1|1|1|1,10,1,648535,silent,648534
11,19|8|6|4|2|1|1|1|1|1,10,8,2318683,silent,2318675
11,19|8|6|3|3|1|1|1|1|1,10,7,1650776,silent,1650769
11,19|8|6|3|2|2|1|1|1|1,10,22,2386746,silent,2386724
11,19|8|6|2|2|2|2|1|1|1,10,16,737205,silent,737189
11,19|8|5|5|2|1|1|1|1|1,10,4,1271492,silent,1271488
11,19|8|5|4|3|1|1|1|1|1,10,7,2448243,silent,2448236
11,19|8|5|4|2|2|1|1|1|1,10,21,2888169,silent,2888148
11,19|8|5|3|3|2|1|1|1|1,10,23,2783650,silent,2783627
11,19|8|5|3|2|2|2|1|1|1,10,43,2088603,silent,2088560
11,19|8|5|2|2|2|2|2|1|1,10,28,469297,silent,469269
11,19|8|4|4|4|1|1|1|1|1,10,0,-1,a0,
11,19|8|4|4|3|2|1|1|1|1,10,7,2200542,silent,2200535
11,19|8|4|4|2|2|2|1|1|1,10,13,1346498,silent,1346485
11,19|8|4|3|3|3|1|1|1|1,10,6,1024673,silent,1024667
11,19|8|4|3|3|2|2|1|1|1,10,21,1759568,silent,1759547
11,19|8|4|3|2|2|2|2|1|1,10,30,887366,silent,887336
11,19|8|4|2|2|2|2|2|2|1,10,20,154767,silent,154747
11,19|8|3|3|3|3|2|1|1|1,10,2,426513,silent,426511
11,19|8|3|3|3|2|2|2|1|1,10,5,394561,silent,394556
11,19|8|3|3|2|2|2|2|2|1,10,6,147702,silent,147696
11,19|8|3|2|2|2|2|2|2|2,10,4,20895,silent,20891
11,19|7|7|5|1|1|1|1|1|1,10,0,-1,a0,
11,19|7|7|4|2|1|1|1|1|1,10,1,1074301,silent,1074300
11,19|7|7|3|3|1|1|1|1|1,10,5,748417,silent,748412
11,19|7|7|3|2|2|1|1|1|1,10,8,1072560,silent,1072552
11,19|7|7|2|2|2|2|1|1|1,10,9,326934,silent,326925
11,19|7|6|6|1|1|1|1|1|1,10,1,216155,silent,216154
11,19|7|6|5|2|1|1|1|1|1,10,7,1468517,silent,1468510
11,19|7|6|4|3|1|1|1|1|1,10,10,2263256,silent,2263246
11,19|7|6|4|2|2|1|1|1|1,10,18,2631904,silent,2631886
11,19|7|6|3|3|2|1|1|1|1,10,21,2377605,silent,2377584
11,19|7|6|3|2|2|2|1|1|1,10,30,1752548,silent,1752518
11,19|7|6|2|2|2|2|2|1|1,10,19,378964,silent,378945
11,19|7|5|5|3|1|1|1|1|1,10,7,1449553,silent,1449546
11,19|7|5|5|2|2|1|1|1|1,10,16,1592319,silent,1592303
11,19|7|5|4|4|1|1|1|1|1,10,1,1216428,silent,1216427
11,19|7|5|4|3|2|1|1|1|1,10,21,4031894,silent,4031873
11,19|7|5|4|2|2|2|1|1|1,10,35,2382725,silent,2382690
11,19|7|5|3|3|3|1|1|1|1,10,9,1491589,silent,1491580
11,19|7|5|3|3|2|2|1|1|1,10,26,2517920,silent,2517894
11,19|7|5|3|2|2|2|2|1|1,10,37,1222261,silent,1222224
11,19|7|5|2|2|2|2|2|2|1,10,17,194176,silent,194159
11,19|7|4|4|4|2|1|1|1|1,10,0,-1,a0,
11,19|7|4|4|3|3|1|1|1|1,10,3,1320506,silent,1320503
11,19|7|4|4|3|2|2|1|1|1,10,11,2107066,silent,2107055
11,19|7|4|4|2|2|2|2|1|1,10,19,827762,silent,827743
11,19|7|4|3|3|3|2|1|1|1,10,6,1281908,silent,1281902
11,19|7|4|3|3|2|2|2|1|1,10,12,1139935,silent,1139923
11,19|7|4|3|2|2|2|2|2|1,10,17,390688,silent,390671
11,19|7|4|2|2|2|2|2|2|2,10,6,42673,silent,42667
11,19|7|3|3|3|3|3|1|1|1,10,0,-1,a0,
11,19|7|3|3|3|3|2|2|1|1,10,0,-1,a0,
11,19|7|3|3|3|2|2|2|2|1,10,0,-1,a0,
11,19|7|3|3|2|2|2|2|2|2,10,1,41045,silent,41044
11,19|6|6|6|2|1|1|1|1|1,10,4,284099,silent,284095
11,19|6|6|5|3|1|1|1|1|1,10,6,960830,silent,960824
11,19|6|6|5|2|2|1|1|1|1,10,9,1044413,silent,1044404
11,19|6|6|4|4|1|1|1|1|1,10,4,670199,silent,670195
11,19|6|6|4|3|2|1|1|1|1,10,12,2156144,silent,2156132
11,19|6|6|4|2|2|2|1|1|1,10,11,1254724,silent,1254713
11,19|6|6|3|3|3|1|1|1|1,10,3,746552,silent,746549
11,19|6|6|3|3|2|2|1|1|1,10,14,1254269,silent,1254255
11,19|6|6|3|2|2|2|2|1|1,10,14,597903,silent,597889
11,19|6|6|2|2|2|2|2|2|1,10,8,92278,silent,92270
11,19|6|5|5|4|1|1|1|1|1,10,2,669118,silent,669116
11,19|6|5|5|3|2|1|1|1|1,10,13,1762596,silent,1762583
11,19|6|5|5|2|2|2|1|1|1,10,18,964124,silent,964106
11,19|6|5|4|4|2|1|1|1|1,10,4,1658810,silent,1658806
11,19|6|5|4|3|3|1|1|1|1,10,4,1776074,silent,1776070
11,19|6|5|4|3|2|2|1|1|1,10,20,2793968,silent,2793948
11,19|6|5|4|2|2|2|2|1|1,10,23,1060254,silent,1060231
11,19|6|5|3|3|3|2|1|1|1,10,3,1361064,silent,1361061
11,19|6|5|3|3|2|2|2|1|1,10,12,1189683,silent,1189671
11,19|6|5|3|2|2|2|2|2|1,10,13,392482,silent,392469
11,19|6|5|2|2|2|2|2|2|2,10,4,39073,silent,39069
11,19|6|4|4|4|3|1|1|1|1,10,0,-1,a0,
11,19|6|4|4|4|2|2|1|1|1,10,1,916556,silent,916555
11,19|6|4|4|3|3|2|1|1|1,10,3,1330919,silent,1330916
11,19|6|4|4|3|2|2|2|1|1,10,10,1089808,silent,1089798
11,19|6|4|4|2|2|2|2|2|1,10,13,291441,silent,291428
11,19|6|4|3|3|3|3|1|1|1,10,0,-1,a0,
11,19|6|4|3|3|3|2|2|1|1,10,1,747971,silent,747970
11,19|6|4|3|3|2|2|2|2|1,10,3,417408,silent,417405
11,19|6|4|3|2|2|2|2|2|2,10,4,87060,silent,87056
11,19|6|3|3|3|3|3|2|1|1,10,0,-1,a0,
11,19|6|3|3|3|3|2|2|2|1,10,0,-1,a0,
11,19|6|3|3|3|2|2|2|2|2,10,0,-1,a0,
11,19|5|5|5|5|1|1|1|1|1,10,1,81193,silent,81192
11,19|5|5|5|4|2|1|1|1|1,10,4,508565,silent,508561
11,19|5|5|5|3|3|1|1|1|1,10,1,445570,silent,445569
11,19|5|5|5|3|2|2|1|1|1,10,7,681251,silent,681244
11,19|5|5|5|2|2|2|2|1|1,10,6,240022,silent,240016
11,19|5|5|4|4|3|1|1|1|1,10,0,-1,a0,
11,19|5|5|4|4|2|2|1|1|1,10,5,719233,silent,719228
11,19|5|5|4|3|3|2|1|1|1,10,1,984348,silent,984347
11,19|5|5|4|3|2|2|2|1|1,10,8,795855,silent,795847
11,19|5|5|4|2|2|2|2|2|1,10,5,205513,silent,205508
11,19|5|5|3|3|3|3|1|1|1,10,0,-1,a0,
11,19|5|5|3|3|3|2|2|1|1,10,0,-1,a0,
11,19|5|5|3|3|2|2|2|2|1,10,2,244967,silent,244965
11,19|5|5|3|2|2|2|2|2|2,10,1,48802,silent,48801
11,19|5|4|4|4|4|1|1|1|1,10,0,-1,a0,
11,19|5|4|4|4|3|2|1|1|1,10,0,-1,a0,
11,19|5|4|4|4|2|2|2|1|1,10,3,343449,silent,343446
11,19|5|4|4|3|3|3|1|1|1,10,0,-1,a0,
11,19|5|4|4|3|3|2|2|1|1,10,1,552335,silent,552334
11,19|5|4|4|3|2|2|2|2|1,10,5,283956,silent,283951
11,19|5|4|4|2|2|2|2|2|2,10,3,46705,silent,46702
11,19|5|4|3|3|3|3|2|1|1,10,0,-1,a0,
11,19|5|4|3|3|3|2|2|2|1,10,0,-1,a0,
11,19|5|4|3|3|2|2|2|2|2,10,0,-1,a0,
11,19|5|3|3|3|3|3|3|1|1,10,0,-1,a0,
11,19|5|3|3|3|3|3|2|2|1,10,0,-1,a0,
11,19|5|3|3|3|3|2|2|2|2,10,0,-1,a0,
11,19|4|4|4|4|4|2|1|1|1,10,0,-1,a0,
11,19|4|4|4|4|3|3|1|1|1,10,0,-1,a0,
11,19|4|4|4|4|3|2|2|1|1,10,0,-1,a0,
11,19|4|4|4|4|2|2|2|2|1,10,2,48799,silent,48797
11,19|4|4|4|3|3|3|2|1|1,10,0,-1,a0,
11,19|4|4|4|3|3|2|2|2|1,10,0,-1,a0,
11,19|4|4|4|3|2|2|2|2|2,10,1,25589,silent,25588
11,19|4|4|3|3|3|3|3|1|1,10,0,-1,a0,
11,19|4|4|3|3|3|3|2|2|1,10,0,-1,a0,
11,19|4|4|3|3|3|2|2|2|2,10,0,-1,a0,
11,19|4|3|3|3|3|3|3|2|1,10,0,-1,a0,
11,19|4|3|3|3|3|3|2|2|2,10,0,-1,a0,
11,19|3|3|3|3|3|3|3|3|1,10,0,-1,a0,
11,19|3|3|3|3|3|3|3|2|2,10,0,-1,a0,
11,18|18|1|1|1|1|1|1|1|1,10,0,-1,a0,
11,18|17|2|1|1|1|1|1|1|1,10,0,-1,a0,
11,18|16|3|1|1|1|1|1|1|1,10,0,-1,a0,
11,18|16|2|2|1|1|1|1|1|1,10,0,-1,a0,
11,18|15|4|1|1|1|1|1|1|1,10,0,-1,a0,
11,18|15|3|2|1|1|1|1|1|1,10,0,-1,a0,
11,18|15|2|2|2|1|1|1|1|1,10,0,-1,a0,
11,18|14|5|1|1|1|1|1|1|1,10,0,-1,a0,
11,18|14|4|2|1|1|1|1|1|1,10,0,-1,a0,
11,18|14|3|3|1|1|1|1|1|1,10,0,-1,a0,
11,18|14|3|2|2|1|1|1|1|1,10,0,-1,a0,
11,18|14|2|2|2|2|1|1|1|1,10,0,-1,a0,
11,18|13|6|1|1|1|1|1|1|1,10,0,-1,a0,
11,18|13|5|2|1|1|1|1|1|1,10,0,-1,a0,
11,18|13|4|3|1|1|1|1|1|1,10,0,-1,a0,
11,18|13|4|2|2|1|1|1|1|1,10,0,-1,a0,
11,18|13|3|3|2|1|1|1|1|1,10,0,-1,a0,
11,18|13|3|2|2|2|1|1|1|1,10,0,-1,a0,
11,18|13|2|2|2|2|2|1|1|1,10,0,-1,a0,
11,18|12|7|1|1|1|1|1|1|1,10,0,-1,a0,
11,18|12|6|2|1|1|1|1|1|1,10,0,-1,a0,
11,18|12|5|3|1|1|1|1|1|1,10,0,-1,a0,
11,18|12|5|2|2|1|1|1|1|1,10,0,-1,a0,
11,18|12|4|4|1|1|1|1|1|1,10,0,-1,a0,
11,18|12|4|3|2|1|1|1|1|1,10,2,607494,silent,607492
11,18|12|4|2|2|2|1|1|1|1,10,2,332787,silent,332785
11,18|12|3|3|3|1|1|1|1|1,10,2,175360,silent,175358
11,18|12|3|3|2|2|1|1|1|1,10,4,285649,silent,285645
11,18|12|3|2|2|2|2|1|1|1,10,5,128889,silent,128884
11,18|12|2|2|2|2|2|2|1|1,10,2,18072,silent,18070
11,18|11|8|1|1|1|1|1|1|1,10,0,-1,a0,
11,18|11|7|2|1|1|1|1|1|1,10,0,-1,a0,
11,18|11|6|3|1|1|1|1|1|1,10,1,700412,silent,700411
11,18|11|6|2|2|1|1|1|1|1,10,2,696781,silent,696779
11,18|11|5|4|1|1|1|1|1|1,10,1,681700,silent,681699
11,18|11|5|3|2|1|1|1|1|1,10,6,1542019,silent,1542013
11,18|11|5|2|2|2|1|1|1|1,10,7,773354,silent,773347
11,18|11|4|4|2|1|1|1|1|1,10,3,903291,silent,903288
11,18|11|4|3|3|1|1|1|1|1,10,6,852356,silent,852350
11,18|11|4|3|2|2|1|1|1|1,10,14,1289752,silent,1289738
11,18|11|4|2|2|2|2|1|1|1,10,12,450139,silent,450127
11,18|11|3|3|3|2|1|1|1|1,10,10,480585,silent,480575
11,18|11|3|3|2|2|2|1|1|1,10,15,405923,silent,405908
11,18|11|3|2|2|2|2|2|1|1,10,13,127878,silent,127865
11,18|11|2|2|2|2|2|2|2|1,10,6,13280,silent,13274
11,18|10|9|1|1|1|1|1|1|1,10,0,-1,a0,
11,18|10|8|2|1|1|1|1|1|1,10,0,-1,a0,
11,18|10|7|3|1|1|1|1|1|1,10,1,842454,silent,842453
11,18|10|7|2|2|1|1|1|1|1,10,2,823272,silent,823270
11,18|10|6|4|1|1|1|1|1|1,10,2,1189506,silent,1189504
11,18|10|6|3|2|1|1|1|1|1,10,13,2476471,silent,2476458
11,18|10|6|2|2|2|1|1|1|1,10,13,1194891,silent,1194878
11,18|10|5|5|1|1|1|1|1|1,10,1,596295,silent,596294
11,18|10|5|4|2|1|1|1|1|1,10,11,2679061,silent,2679050
11,18|10|5|3|3|1|1|1|1|1,10,14,2033881,silent,2033867
11,18|10|5|3|2|2|1|1|1|1,10,35,2973541,silent,2973506
11,18|10|5|2|2|2|2|1|1|1,10,27,948413,silent,948386
11,18|10|4|4|3|1|1|1|1|1,10,5,1501115,silent,1501110
11,18|10|4|4|2|2|1|1|1|1,10,13,1822781,silent,1822768
11,18|10|4|3|3|2|1|1|1|1,10,23,2163399,silent,2163376
11,18|10|4|3|2|2|2|1|1|1,10,36,1675297,silent,1675261
11,18|10|4|2|2|2|2|2|1|1,10,24,406635,silent,406611
11,18|10|3|3|3|3|1|1|1|1,10,6,391511,silent,391505
11,18|10|3|3|3|2|2|1|1|1,10,14,691045,silent,691031
11,18|10|3|3|2|2|2|2|1|1,10,18,378614,silent,378596
11,18|10|3|2|2|2|2|2|2|1,10,13,83932,silent,83919
11,18|10|2|2|2|2|2|2|2|2,10,5,5804,silent,5799
11,18|9|9|2|1|1|1|1|1|1,10,0,-1,a0,
11,18|9|8|3|1|1|1|1|1|1,10,1,593592,silent,593591
11,18|9|8|2|2|1|1|1|1|1,10,2,575514,silent,575512
11,18|9|7|4|1|1|1|1|1|1,10,2,1236717,silent,1236715
11,18|9|7|3|2|1|1|1|1|1,10,11,2480037,silent,2480026
11,18|9|7|2|2|2|1|1|1|1,10,11,1172189,silent,1172178
11,18|9|6|5|1|1|1|1|1|1,10,4,1156080,silent,1156076
11,18|9|6|4|2|1|1|1|1|1,10,21,4060363,silent,4060342
11,18|9|6|3|3|1|1|1|1|1,10,20,2870361,silent,2870341
11,18|9|6|3|2|2|1|1|1|1,10,45,4127762,silent,4127717
11,18|9|6|2|2|2|2|1|1|1,10,30,1262528,silent,1262498
11,18|9|5|5|2|1|1|1|1|1,10,11,2150803,silent,2150792
11,18|9|5|4|3|1|1|1|1|1,10,20,4080006,silent,4079986
11,18|9|5|4|2|2|1|1|1|1,10,41,4789167,silent,4789126
11,18|9|5|3|3|2|1|1|1|1,10,47,4580998,silent,4580951
11,18|9|5|3|2|2|2|1|1|1,10,71,3411404,silent,3411333
11,18|9|5|2|2|2|2|2|1|1,10,41,756661,silent,756620
11,18|9|4|4|4|1|1|1|1|1,10,1,999740,silent,999739
11,18|9|4|4|3|2|1|1|1|1,10,18,3551836,silent,3551818
11,18|9|4|4|2|2|2|1|1|1,10,25,2158142,silent,2158117
11,18|9|4|3|3|3|1|1|1|1,10,13,1636924,silent,1636911
11,18|9|4|3|3|2|2|1|1|1,10,35,2795855,silent,2795820
11,18|9|4|3|2|2|2|2|1|1,10,43,1395540,silent,1395497
11,18|9|4|2|2|2|2|2|2|1,10,23,238748,silent,238725
11,18|9|3|3|3|3|2|1|1|1,10,4,665486,silent,665482
11,18|9|3|3|3|2|2|2|1|1,10,7,610169,silent,610162
11,18|9|3|3|2|2|2|2|2|1,10,7,225209,silent,225202
11,18|9|3|2|2|2|2|2|2|2,10,4,30923,silent,30919
11,18|8|8|4|1|1|1|1|1|1,10,1,535649,silent,535648
11,18|8|8|3|2|1|1|1|1|1,10,6,1061136,silent,1061130
11,18|8|8|2|2|2|1|1|1|1,10,8,498709,silent,498701
11,18|8|7|5|1|1|1|1|1|1,10,2,986329,silent,986327
11,18|8|7|4|2|1|1|1|1|1,10,14,3199699,silent,3199685
11,18|8|7|3|3|1|1|1|1|1,10,14,2199966,silent,2199952
11,18|8|7|3|2|2|1|1|1|1,10,32,3137310,silent,3137278
11,18|8|7|2|2|2|2|1|1|1,10,23,941807,silent,941784
11,18|8|6|6|1|1|1|1|1|1,10,3,529221,silent,529218
11,18|8|6|5|2|1|1|1|1|1,10,22,3422696,silent,3422674
11,18|8|6|4|3|1|1|1|1|1,10,28,5149253,silent,5149225
11,18|8|6|4|2|2|1|1|1|1,10,54,5953711,silent,5953657
11,18|8|6|3|3|2|1|1|1|1,10,49,5312252,silent,5312203
11,18|8|6|3|2|2|2|1|1|1,10,67,3881125,silent,3881058
11,18|8|6|2|2|2|2|2|1|1,10,30,824235,silent,824205
11,18|8|5|5|3|1|1|1|1|1,10,19,3058413,silent,3058394
11,18|8|5|5|2|2|1|1|1|1,10,36,3339014,silent,3338978
11,18|8|5|4|4|1|1|1|1|1,10,8,2517850,silent,2517842
11,18|8|5|4|3|2|1|1|1|1,10,54,8252917,silent,8252863
11,18|8|5|4|2|2|2|1|1|1,10,69,4832940,silent,4832871
11,18|8|5|3|3|3|1|1|1|1,10,19,3005251,silent,3005232
11,18|8|5|3|3|2|2|1|1|1,10,56,5045822,silent,5045766
11,18|8|5|3|2|2|2|2|1|1,10,63,2418642,silent,2418579
11,18|8|5|2|2|2|2|2|2|1,10,24,376279,silent,376255
11,18|8|4|4|4|2|1|1|1|1,10,4,2270455,silent,2270451
11,18|8|4|4|3|3|1|1|1|1,10,8,2567840,silent,2567832
11,18|8|4|4|3|2|2|1|1|1,10,28,4075651,silent,4075623
11,18|8|4|4|2|2|2|2|1|1,10,28,1580607,silent,1580579
11,18|8|4|3|3|3|2|1|1|1,10,12,2439566,silent,2439554
11,18|8|4|3|3|2|2|2|1|1,10,24,2150356,silent,2150332
11,18|8|4|3|2|2|2|2|2|1,10,23,724574,silent,724551
11,18|8|4|2|2|2|2|2|2|2,10,10,77236,silent,77226
11,18|8|3|3|3|3|3|1|1|1,10,0,-1,a0,
11,18|8|3|3|3|3|2|2|1|1,10,0,-1,a0,
11,18|8|3|3|3|2|2|2|2|1,10,1,330608,silent,330607
11,18|8|3|3|2|2|2|2|2|2,10,0,-1,a0,
11,18|7|7|6|1|1|1|1|1|1,10,0,-1,a0,
11,18|7|7|5|2|1|1|1|1|1,10,7,1717506,silent,1717499
11,18|7|7|4|3|1|1|1|1|1,10,12,2424124,silent,2424112
11,18|7|7|4|2|2|1|1|1|1,10,21,2780756,silent,2780735
11,18|7|7|3|3|2|1|1|1|1,10,26,2426734,silent,2426708
11,18|7|7|3|2|2|2|1|1|1,10,31,1758446,silent,1758415
11,18|7|7|2|2|2|2|2|1|1,10,19,369018,silent,368999
11,18|7|6|6|2|1|1|1|1|1,10,9,1178885,silent,1178876
11,18|7|6|5|3|1|1|1|1|1,10,26,3631739,silent,3631713
11,18|7|6|5|2|2|1|1|1|1,10,37,3910988,silent,3910951
11,18|7|6|4|4|1|1|1|1|1,10,10,2440774,silent,2440764
11,18|7|6|4|3|2|1|1|1|1,10,53,7738921,silent,7738868
11,18|7|6|4|2|2|2|1|1|1,10,53,4454012,silent,4453959
11,18|7|6|3|3|3|1|1|1|1,10,19,2616991,silent,2616972
11,18|7|6|3|3|2|2|1|1|1,10,45,4359785,silent,4359740
11,18|7|6|3|2|2|2|2|1|1,10,44,2049504,silent,2049460
11,18|7|6|2|2|2|2|2|2|1,10,17,306845,silent,306828
11,18|7|5|5|4|1|1|1|1|1,10,11,1955723,silent,1955712
11,18|7|5|5|3|2|1|1|1|1,10,44,5069486,silent,5069442
11,18|7|5|5|2|2|2|1|1|1,10,44,2739339,silent,2739295
11,18|7|5|4|4|2|1|1|1|1,10,17,4602103,silent,4602086
11,18|7|5|4|3|3|1|1|1|1,10,21,4868313,silent,4868292
11,18|7|5|4|3|2|2|1|1|1,10,59,7603908,silent,7603849
11,18|7|5|4|2|2|2|2|1|1,10,54,2842411,silent,2842357
11,18|7|5|3|3|3|2|1|1|1,10,14,3611327,silent,3611313
11,18|7|5|3|3|2|2|2|1|1,10,26,3121964,silent,3121938
11,18|7|5|3|2|2|2|2|2|1,10,24,1009893,silent,1009869
11,18|7|5|2|2|2|2|2|2|2,10,4,96555,silent,96551
11,18|7|4|4|4|3|1|1|1|1,10,1,1792318,silent,1792317
11,18|7|4|4|4|2|2|1|1|1,10,7,2284401,silent,2284394
11,18|7|4|4|3|3|2|1|1|1,10,11,3271653,silent,3271642
11,18|7|4|4|3|2|2|2|1|1,10,24,2651659,silent,2651635
11,18|7|4|4|2|2|2|2|2|1,10,20,694112,silent,694092
11,18|7|4|3|3|3|3|1|1|1,10,1,991715,silent,991714
11,18|7|4|3|3|3|2|2|1|1,10,3,1771098,silent,1771095
11,18|7|4|3|3|2|2|2|2|1,10,6,974146,silent,974140
11,18|7|4|3|2|2|2|2|2|2,10,5,197411,silent,197406
11,18|7|3|3|3|3|3|2|1|1,10,0,-1,a0,
11,18|7|3|3|3|3|2|2|2|1,10,0,-1,a0,
11,18|7|3|3|3|2|2|2|2|2,10,0,-1,a0,
11,18|6|6|6|3|1|1|1|1|1,10,8,734647,silent,734639
11,18|6|6|6|2|2|1|1|1|1,10,6,771048,silent,771042
11,18|6|6|5|4|1|1|1|1|1,10,11,1348627,silent,1348616
11,18|6|6|5|3|2|1|1|1|1,10,26,3396217,silent,3396191
11,18|6|6|5|2|2|2|1|1|1,10,18,1807806,silent,1807788
11,18|6|6|4|4|2|1|1|1|1,10,13,2560600,silent,2560587
11,18|6|6|4|3|3|1|1|1|1,10,11,2640088,silent,2640077
11,18|6|6|4|3|2|2|1|1|1,10,28,4099552,silent,4099524
11,18|6|6|4|2|2|2|2|1|1,10,18,1505201,silent,1505183
11,18|6|6|3|3|3|2|1|1|1,10,8,1825964,silent,1825956
11,18|6|6|3|3|2|2|2|1|1,10,16,1567117,silent,1567101
11,18|6|6|3|2|2|2|2|2|1,10,12,498478,silent,498466
11,18|6|6|2|2|2|2|2|2|2,10,6,47226,silent,47220
11,18|6|5|5|5|1|1|1|1|1,10,4,437832,silent,437828
11,18|6|5|5|4|2|1|1|1|1,10,18,2617915,silent,2617897
11,18|6|5|5|3|3|1|1|1|1,10,10,2245320,silent,2245310
11,18|6|5|5|3|2|2|1|1|1,10,30,3403079,silent,3403049
11,18|6|5|5|2|2|2|2|1|1,10,20,1171551,silent,1171531
11,18|6|5|4|4|3|1|1|1|1,10,6,2644094,silent,2644088
11,18|6|5|4|4|2|2|1|1|1,10,17,3326044,silent,3326027
11,18|6|5|4|3|3|2|1|1|1,10,13,4462784,silent,4462771
11,18|6|5|4|3|2|2|2|1|1,10,29,3557844,silent,3557815
11,18|6|5|4|2|2|2|2|2|1,10,18,896061,silent,896043
11,18|6|5|3|3|3|3|1|1|1,10,0,-1,a0,
11,18|6|5|3|3|3|2|2|1|1,10,3,1902268,silent,1902265
11,18|6|5|3|3|2|2|2|2|1,10,6,1027445,silent,1027439
11,18|6|5|3|2|2|2|2|2|2,10,3,199656,silent,199653
11,18|6|4|4|4|4|1|1|1|1,10,0,-1,a0,
11,18|6|4|4|4|3|2|1|1|1,10,3,1880577,silent,1880574
11,18|6|4|4|4|2|2|2|1|1,10,7,1199814,silent,1199807
11,18|6|4|4|3|3|3|1|1|1,10,1,1091188,silent,1091187
11,18|6|4|4|3|3|2|2|1|1,10,6,1889146,silent,1889140
11,18|6|4|4|3|2|2|2|2|1,10,11,953044,silent,953033
11,18|6|4|4|2|2|2|2|2|2,10,8,151733,silent,151725
11,18|6|4|3|3|3|3|2|1|1,10,0,-1,a0,
11,18|6|4|3|3|3|2|2|2|1,10,0,-1,a0,
11,18|6|4|3|3|2|2|2|2|2,10,0,-1,a0,
11,18|6|3|3|3|3|3|3|1|1,10,0,-1,a0,
11,18|6|3|3|3|3|3|2|2|1,10,0,-1,a0,
11,18|6|3|3|3|3|2|2|2|2,10,0,-1,a0,
11,18|5|5|5|5|2|1|1|1|1,10,6,334797,silent,334791
11,18|5|5|5|4|3|1|1|1|1,10,4,850141,silent,850137
11,18|5|5|5|4|2|2|1|1|1,10,11,1041682,silent,1041671
11,18|5|5|5|3|3|2|1|1|1,10,2,1139745,silent,1139743
11,18|5|5|5|3|2|2|2|1|1,10,6,880183,silent,880177
11,18|5|5|5|2|2|2|2|2|1,10,1,204053,silent,204052
11,18|5|5|4|4|4|1|1|1|1,10,0,-1,a0,
11,18|5|5|4|4|3|2|1|1|1,10,4,1506668,silent,1506664
11,18|5|5|4|4|2|2|2|1|1,10,10,951313,silent,951303
11,18|5|5|4|3|3|3|1|1|1,10,0,-1,a0,
11,18|5|5|4|3|3|2|2|1|1,10,2,1407556,silent,1407554
11,18|5|5|4|3|2|2|2|2|1,10,5,700221,silent,700216
11,18|5|5|4|2|2|2|2|2|2,10,0,-1,a0,
11,18|5|5|3|3|3|3|2|1|1,10,0,-1,a0,
11,18|5|5|3|3|3|2|2|2|1,10,0,-1,a0,
11,18|5|5|3|3|2|2|2|2|2,10,1,129035,silent,129034
11,18|5|4|4|4|4|2|1|1|1,10,0,-1,a0,
11,18|5|4|4|4|3|3|1|1|1,10,0,-1,a0,
11,18|5|4|4|4|3|2|2|1|1,10,3,781041,silent,781038
11,18|5|4|4|4|2|2|2|2|1,10,6,309258,silent,309252
11,18|5|4|4|3|3|3|2|1|1,10,0,-1,a0,
11,18|5|4|4|3|3|2|2|2|1,10,1,514677,silent,514676
11,18|5|4|4|3|2|2|2|2|2,10,2,150763,silent,150761
11,18|5|4|3|3|3|3|3|1|1,10,0,-1,a0,
11,18|5|4|3|3|3|3|2|2|1,10,0,-1,a0,
11,18|5|4|3|3|3|2|2|2|2,10,0,-1,a0,
11,18|5|3|3|3|3|3|3|2|1,10,0,-1,a0,
11,18|5|3|3|3|3|3|2|2|2,10,0,-1,a0,
11,18|4|4|4|4|4|3|1|1|1,10,0,-1,a0,
11,18|4|4|4|4|4|2|2|1|1,10,0,-1,a0,
11,18|4|4|4|4|3|3|2|1|1,10,0,-1,a0,
11,18|4|4|4|4|3|2|2|2|1,10,1,114576,silent,114575
11,18|4|4|4|4|2|2|2|2|2,10,3,27129,silent,27126
11,18|4|4|4|3|3|3|3|1|1,10,0,-1,a0,
11,18|4|4|4|3|3|3|2|2|1,10,0,-1,a0,
11,18|4|4|4|3|3|2|2|2|2,10,0,-1,a0,
11,18|4|4|3|3|3|3|3|2|1,10,0,-1,a0,
11,18|4|4|3|3|3|3|2|2|2,10,0,-1,a0,
11,18|4|3|3|3|3|3|3|3|1,10,0,-1,a0,
11,18|4|3|3|3|3|3|3|2|2,10,0,-1,a0,
11,18|3|3|3|3|3|3|3|3|2,10,0,-1,a0,
11,17|17|3|1|1|1|1|1|1|1,10,0,-1,a0,
11,17|17|2|2|1|1|1|1|1|1,10,0,-1,a0,
11,17|16|4|1|1|1|1|1|1|1,10,0,-1,a0,
11,17|16|3|2|1|1|1|1|1|1,10,0,-1,a0,
11,17|16|2|2|2|1|1|1|1|1,10,0,-1,a0,
11,17|15|5|1|1|1|1|1|1|1,10,0,-1,a0,
11,17|15|4|2|1|1|1|1|1|1,10,0,-1,a0,
11,17|15|3|3|1|1|1|1|1|1,10,0,-1,a0,
11,17|15|3|2|2|1|1|1|1|1,10,0,-1,a0,
11,17|15|2|2|2|2|1|1|1|1,10,0,-1,a0,
11,17|14|6|1|1|1|1|1|1|1,10,0,-1,a0,
11,17|14|5|2|1|1|1|1|1|1,10,0,-1,a0,
11,17|14|4|3|1|1|1|1|1|1,10,0,-1,a0,
11,17|14|4|2|2|1|1|1|1|1,10,0,-1,a0,
11,17|14|3|3|2|1|1|1|1|1,10,0,-1,a0,
11,17|14|3|2|2|2|1|1|1|1,10,0,-1,a0,
11,17|14|2|2|2|2|2|1|1|1,10,0,-1,a0,
11,17|13|7|1|1|1|1|1|1|1,10,0,-1,a0,
11,17|13|6|2|1|1|1|1|1|1,10,0,-1,a0,
11,17|13|5|3|1|1|1|1|1|1,10,0,-1,a0,
11,17|13|5|2|2|1|1|1|1|1,10,0,-1,a0,
11,17|13|4|4|1|1|1|1|1|1,10,1,191688,silent,191687
11,17|13|4|3|2|1|1|1|1|1,10,2,550867,silent,550865
11,17|13|4|2|2|2|1|1|1|1,10,2,300310,silent,300308
11,17|13|3|3|3|1|1|1|1|1,10,2,158398,silent,158396
11,17|13|3|3|2|2|1|1|1|1,10,5,257923,silent,257918
11,17|13|3|2|2|2|2|1|1|1,10,4,115704,silent,115700
11,17|13|2|2|2|2|2|2|1|1,10,3,16285,silent,16282
11,17|12|8|1|1|1|1|1|1|1,10,0,-1,a0,
11,17|12|7|2|1|1|1|1|1|1,10,0,-1,a0,
11,17|12|6|3|1|1|1|1|1|1,10,2,733556,silent,733554
11,17|12|6|2|2|1|1|1|1|1,10,3,728173,silent,728170
11,17|12|5|4|1|1|1|1|1|1,10,1,707650,silent,707649
11,17|12|5|3|2|1|1|1|1|1,10,9,1595032,silent,1595023
11,17|12|5|2|2|2|1|1|1|1,10,9,797226,silent,797217
11,17|12|4|4|2|1|1|1|1|1,10,5,929985,silent,929980
11,17|12|4|3|3|1|1|1|1|1,10,8,875232,silent,875224
11,17|12|4|3|2|2|1|1|1|1,10,17,1321244,silent,1321227
11,17|12|4|2|2|2|2|1|1|1,10,13,458667,silent,458654
11,17|12|3|3|3|2|1|1|1|1,10,11,489988,silent,489977
11,17|12|3|3|2|2|2|1|1|1,10,15,412153,silent,412138
11,17|12|3|2|2|2|2|2|1|1,10,12,128773,silent,128761
11,17|12|2|2|2|2|2|2|2|1,10,5,13199,silent,13194
11,17|11|9|1|1|1|1|1|1|1,10,0,-1,a0,
11,17|11|8|2|1|1|1|1|1|1,10,1,371269,silent,371268
11,17|11|7|3|1|1|1|1|1|1,10,3,1042010,silent,1042007
11,17|11|7|2|2|1|1|1|1|1,10,4,1014707,silent,1014703
11,17|11|6|4|1|1|1|1|1|1,10,7,1434782,silent,1434775
11,17|11|6|3|2|1|1|1|1|1,10,22,2970448,silent,2970426
11,17|11|6|2|2|2|1|1|1|1,10,17,1425873,silent,1425856
11,17|11|5|5|1|1|1|1|1|1,10,2,710387,silent,710385
11,17|11|5|4|2|1|1|1|1|1,10,19,3169468,silent,3169449
11,17|11|5|3|3|1|1|1|1|1,10,22,2398285,silent,2398263
11,17|11|5|3|2|2|1|1|1|1,10,48,3496721,silent,3496673
11,17|11|5|2|2|2|2|1|1|1,10,33,1108823,silent,1108790
11,17|11|4|4|3|1|1|1|1|1,10,11,1758136,silent,1758125
11,17|11|4|4|2|2|1|1|1|1,10,17,2126877,silent,2126860
11,17|11|4|3|3|2|1|1|1|1,10,33,2518207,silent,2518174
11,17|11|4|3|2|2|2|1|1|1,10,43,1940831,silent,1940788
11,17|11|4|2|2|2|2|2|1|1,10,28,468088,silent,468060
11,17|11|3|3|3|3|1|1|1|1,10,6,451738,silent,451732
11,17|11|3|3|3|2|2|1|1|1,10,17,795383,silent,795366
11,17|11|3|3|2|2|2|2|1|1,10,17,432213,silent,432196
11,17|11|3|2|2|2|2|2|2|1,10,12,94743,silent,94731
11,17|11|2|2|2|2|2|2|2|2,10,3,6224,silent,6221
11,17|10|10|1|1|1|1|1|1|1,10,0,-1,a0,
11,17|10|9|2|1|1|1|1|1|1,10,0,-1,a0,
11,17|10|8|3|1|1|1|1|1|1,10,3,971342,silent,971339
11,17|10|8|2|2|1|1|1|1|1,10,7,938708,silent,938701
11,17|10|7|4|1|1|1|1|1|1,10,7,1834349,silent,1834342
11,17|10|7|3|2|1|1|1|1|1,10,26,3655895,silent,3655869
11,17|10|7|2|2|2|1|1|1|1,10,22,1719612,silent,1719590
11,17|10|6|5|1|1|1|1|1|1,10,8,1645229,silent,1645221
11,17|10|6|4|2|1|1|1|1|1,10,43,5717374,silent,5717331
11,17|10|6|3|3|1|1|1|1|1,10,35,4021944,silent,4021909
11,17|10|6|3|2|2|1|1|1|1,10,75,5765893,silent,5765818
11,17|10|6|2|2|2|2|1|1|1,10,41,1751074,silent,1751033
11,17|10|5|5|2|1|1|1|1|1,10,22,2972736,silent,2972714
11,17|10|5|4|3|1|1|1|1|1,10,37,5587824,silent,5587787
11,17|10|5|4|2|2|1|1|1|1,10,70,6539218,silent,6539148
11,17|10|5|3|3|2|1|1|1|1,10,72,6223620,silent,6223548
11,17|10|5|3|2|2|2|1|1|1,10,94,4611694,silent,4611600
11,17|10|5|2|2|2|2|2|1|1,10,46,1012902,silent,1012856
11,17|10|4|4|4|1|1|1|1|1,10,5,1350454,silent,1350449
11,17|10|4|4|3|2|1|1|1|1,10,32,4773088,silent,4773056
11,17|10|4|4|2|2|2|1|1|1,10,37,2885927,silent,2885890
11,17|10|4|3|3|3|1|1|1|1,10,19,2185276,silent,2185257
11,17|10|4|3|3|2|2|1|1|1,10,49,3719933,silent,3719884
11,17|10|4|3|2|2|2|2|1|1,10,50,1843021,silent,1842971
11,17|10|4|2|2|2|2|2|2|1,10,25,311261,silent,311236
11,17|10|3|3|3|3|2|1|1|1,10,6,875775,silent,875769
11,17|10|3|3|3|2|2|2|1|1,10,9,798376,silent,798367
11,17|10|3|3|2|2|2|2|2|1,10,8,291507,silent,291499
11,17|10|3|2|2|2|2|2|2|2,10,4,39369,silent,39365
11,17|9|9|3|1|1|1|1|1|1,10,2,402574,silent,402572
11,17|9|9|2|2|1|1|1|1|1,10,1,386106,silent,386105
11,17|9|8|4|1|1|1|1|1|1,10,6,1331992,silent,1331986
11,17|9|8|3|2|1|1|1|1|1,10,20,2609132,silent,2609112
11,17|9|8|2|2|2|1|1|1|1,10,16,1215065,silent,1215049
11,17|9|7|5|1|1|1|1|1|1,10,8,1895408,silent,1895400
11,17|9|7|4|2|1|1|1|1|1,10,38,6048714,silent,6048676
11,17|9|7|3|3|1|1|1|1|1,10,36,4130537,silent,4130501
11,17|9|7|3|2|2|1|1|1|1,10,71,5865016,silent,5864945
11,17|9|7|2|2|2|2|1|1|1,10,43,1745855,silent,1745812
11,17|9|6|6|1|1|1|1|1|1,10,8,944352,silent,944344
11,17|9|6|5|2|1|1|1|1|1,10,48,5930483,silent,5930435
11,17|9|6|4|3|1|1|1|1|1,10,65,8799961,silent,8799896
11,17|9|6|4|2|2|1|1|1|1,10,101,10129169,silent,10129068
11,17|9|6|3|3|2|1|1|1|1,10,96,8979216,silent,8979120
11,17|9|6|3|2|2|2|1|1|1,10,113,6520558,silent,6520445
11,17|9|6|2|2|2|2|2|1|1,10,50,1371786,silent,1371736
11,17|9|5|5|3|1|1|1|1|1,10,39,5047619,silent,5047580
11,17|9|5|5|2|2|1|1|1|1,10,66,5490978,silent,5490912
11,17|9|5|4|4|1|1|1|1|1,10,18,4109180,silent,4109162
11,17|9|5|4|3|2|1|1|1|1,10,106,13379615,silent,13379509
11,17|9|5|4|2|2|2|1|1|1,10,112,7789810,silent,7789698
11,17|9|5|3|3|3|1|1|1|1,10,36,4827015,silent,4826979
11,17|9|5|3|3|2|2|1|1|1,10,90,8073271,silent,8073181
11,17|9|5|3|2|2|2|2|1|1,10,87,3837825,silent,3837738
11,17|9|5|2|2|2|2|2|2|1,10,29,588387,silent,588358
11,17|9|4|4|4|2|1|1|1|1,10,10,3595272,silent,3595262
11,17|9|4|4|3|3|1|1|1|1,10,21,4050011,silent,4049990
11,17|9|4|4|3|2|2|1|1|1,10,48,6400974,silent,6400926
11,17|9|4|4|2|2|2|2|1|1,10,45,2464838,silent,2464793
11,17|9|4|3|3|3|2|1|1|1,10,20,3794836,silent,3794816
11,17|9|4|3|3|2|2|2|1|1,10,32,3322818,silent,3322786
11,17|9|4|3|2|2|2|2|2|1,10,28,1107157,silent,1107129
11,17|9|4|2|2|2|2|2|2|2,10,7,114723,silent,114716
11,17|9|3|3|3|3|3|1|1|1,10,0,-1,a0,
11,17|9|3|3|3|3|2|2|1|1,10,1,876821,silent,876820
11,17|9|3|3|3|2|2|2|2|1,10,1,497832,silent,497831
11,17|9|3|3|2|2|2|2|2|2,10,1,107975,silent,107974
11,17|8|8|5|1|1|1|1|1|1,10,5,854605,silent,854600
11,17|8|8|4|2|1|1|1|1|1,10,22,2648862,silent,2648840
11,17|8|8|3|3|1|1|1|1|1,10,11,1784977,silent,1784966
11,17|8|8|3|2|2|1|1|1|1,10,32,2528167,silent,2528135
11,17|8|8|2|2|2|2|1|1|1,10,15,744660,silent,744645
11,17|8|7|6|1|1|1|1|1|1,10,4,1034886,silent,1034882
11,17|8|7|5|2|1|1|1|1|1,10,36,5132570,silent,5132534
11,17|8|7|4|3|1|1|1|1|1,10,47,7075073,silent,7075026
11,17|8|7|4|2|2|1|1|1|1,10,80,8079179,silent,8079099
11,17|8|7|3|3|2|1|1|1|1,10,69,6964268,silent,6964199
11,17|8|7|3|2|2|2|1|1|1,10,83,5008840,silent,5008757
11,17|8|7|2|2|2|2|2|1|1,10,34,1033145,silent,1033111
11,17|8|6|6|2|1|1|1|1|1,10,26,2822002,silent,2821976
11,17|8|6|5|3|1|1|1|1|1,10,66,8303070,silent,8303004
11,17|8|6|5|2|2|1|1|1|1,10,93,8895120,silent,8895027
11,17|8|6|4|4|1|1|1|1|1,10,34,5477131,silent,5477097
11,17|8|6|4|3|2|1|1|1|1,10,133,17198640,silent,17198507
11,17|8|6|4|2|2|2|1|1|1,10,117,9824027,silent,9823910
11,17|8|6|3|3|3|1|1|1|1,10,39,5732909,silent,5732870
11,17|8|6|3|3|2|2|1|1|1,10,99,9508629,silent,9508530
11,17|8|6|3|2|2|2|2|1|1,10,81,4424694,silent,4424613
11,17|8|6|2|2|2|2|2|2|1,10,27,651047,silent,651020
11,17|8|5|5|4|1|1|1|1|1,10,29,4070832,silent,4070803
11,17|8|5|5|3|2|1|1|1|1,10,93,10449501,silent,10449408
11,17|8|5|5|2|2|2|1|1|1,10,83,5603620,silent,5603537
11,17|8|5|4|4|2|1|1|1|1,10,49,9312127,silent,9312078
11,17|8|5|4|3|3|1|1|1|1,10,48,9775674,silent,9775626
11,17|8|5|4|3|2|2|1|1|1,10,122,15201442,silent,15201320
11,17|8|5|4|2|2|2|2|1|1,10,87,5623805,silent,5623718
11,17|8|5|3|3|3|2|1|1|1,10,31,7116611,silent,7116580
11,17|8|5|3|3|2|2|2|1|1,10,51,6109700,silent,6109649
11,17|8|5|3|2|2|2|2|2|1,10,35,1950254,silent,1950219
11,17|8|5|2|2|2|2|2|2|2,10,7,183084,silent,183077
11,17|8|4|4|4|3|1|1|1|1,10,7,3452734,silent,3452727
11,17|8|4|4|4|2|2|1|1|1,10,17,4380938,silent,4380921
11,17|8|4|4|3|3|2|1|1|1,10,25,6226352,silent,6226327
11,17|8|4|4|3|2|2|2|1|1,10,41,5010922,silent,5010881
11,17|8|4|4|2|2|2|2|2|1,10,28,1294070,silent,1294042
11,17|8|4|3|3|3|3|1|1|1,10,2,1855126,silent,1855124
11,17|8|4|3|3|3|2|2|1|1,10,7,3297540,silent,3297533
11,17|8|4|3|3|2|2|2|2|1,10,9,1794945,silent,1794936
11,17|8|4|3|2|2|2|2|2|2,10,6,357390,silent,357384
11,17|8|3|3|3|3|3|2|1|1,10,0,-1,a0,
11,17|8|3|3|3|3|2|2|2|1,10,0,-1,a0,
11,17|8|3|3|3|2|2|2|2|2,10,0,-1,a0,
11,17|7|7|7|1|1|1|1|1|1,10,0,-1,a0,
11,17|7|7|6|2|1|1|1|1|1,10,8,1773422,silent,1773414
11,17|7|7|5|3|1|1|1|1|1,10,31,4231977,silent,4231946
11,17|7|7|5|2|2|1|1|1|1,10,44,4501570,silent,4501526
11,17|7|7|4|4|1|1|1|1|1,10,9,2634606,silent,2634597
11,17|7|7|4|3|2|1|1|1|1,10,63,8163509,silent,8163446
11,17|7|7|4|2|2|2|1|1|1,10,63,4629028,silent,4628965
11,17|7|7|3|3|3|1|1|1|1,10,23,2648312,silent,2648289
11,17|7|7|3|3|2|2|1|1|1,10,41,4371172,silent,4371131
11,17|7|7|3|2|2|2|2|1|1,10,37,2018766,silent,2018729
11,17|7|7|2|2|2|2|2|2|1,10,9,291327,silent,291318
11,17|7|6|6|3|1|1|1|1|1,10,25,3015664,silent,3015639
11,17|7|6|6|2|2|1|1|1|1,10,26,3134537,silent,3134511
11,17|7|6|5|4|1|1|1|1|1,10,37,5070949,silent,5070912
11,17|7|6|5|3|2|1|1|1|1,10,106,12591047,silent,12590941
11,17|7|6|5|2|2|2|1|1|1,10,74,6635034,silent,6634960
11,17|7|6|4|4|2|1|1|1|1,10,48,9159264,silent,9159216
11,17|7|6|4|3|3|1|1|1|1,10,52,9349633,silent,9349581
11,17|7|6|4|3|2|2|1|1|1,10,107,14424973,silent,14424866
11,17|7|6|4|2|2|2|2|1|1,10,69,5236723,silent,5236654
11,17|7|6|3|3|3|2|1|1|1,10,29,6273954,silent,6273925
11,17|7|6|3|3|2|2|2|1|1,10,40,5334121,silent,5334081
11,17|7|6|3|2|2|2|2|2|1,10,27,1669821,silent,1669794
11,17|7|6|2|2|2|2|2|2|2,10,5,150792,silent,150787
11,17|7|5|5|5|1|1|1|1|1,10,15,1290412,silent,1290397
11,17|7|5|5|4|2|1|1|1|1,10,59,7513717,silent,7513658
11,17|7|5|5|3|3|1|1|1|1,10,36,6368106,silent,6368070
11,17|7|5|5|3|2|2|1|1|1,10,80,9596625,silent,9596545
11,17|7|5|5|2|2|2|2|1|1,10,42,3258457,silent,3258415
11,17|7|5|4|4|3|1|1|1|1,10,23,7243006,silent,7242983
11,17|7|5|4|4|2|2|1|1|1,10,54,9059495,silent,9059441
11,17|7|5|4|3|3|2|1|1|1,10,43,12013455,silent,12013412
11,17|7|5|4|3|2|2|2|1|1,10,68,9495083,silent,9495015
11,17|7|5|4|2|2|2|2|2|1,10,32,2351725,silent,2351693
11,17|7|5|3|3|3|3|1|1|1,10,3,2815060,silent,2815057
11,17|7|5|3|3|3|2|2|1|1,10,8,4955903,silent,4955895
11,17|7|5|3|3|2|2|2|2|1,10,12,2644950,silent,2644938
11,17|7|5|3|2|2|2|2|2|2,10,5,503352,silent,503347
11,17|7|4|4|4|4|1|1|1|1,10,0,-1,a0,
11,17|7|4|4|4|3|2|1|1|1,10,11,4639237,silent,4639226
11,17|7|4|4|4|2|2|2|1|1,10,21,2938386,silent,2938365
11,17|7|4|4|3|3|3|1|1|1,10,5,2651553,silent,2651548
11,17|7|4|4|3|3|2|2|1|1,10,13,4560965,silent,4560952
11,17|7|4|4|3|2|2|2|2|1,10,19,2274454,silent,2274435
11,17|7|4|4|2|2|2|2|2|2,10,7,351581,silent,351574
11,17|7|4|3|3|3|3|2|1|1,10,0,-1,a0,
11,17|7|4|3|3|3|2|2|2|1,10,0,-1,a0,
11,17|7|4|3|3|2|2|2|2|2,10,1,498334,silent,498333
11,17|7|3|3|3|3|3|3|1|1,10,0,-1,a0,
11,17|7|3|3|3|3|3|2|2|1,10,0,-1,a0,
11,17|7|3|3|3|3|2|2|2|2,10,0,-1,a0,
11,17|6|6|6|4|1|1|1|1|1,10,14,1127116,silent,1127102
11,17|6|6|6|3|2|1|1|1|1,10,19,2597586,silent,2597567
11,17|6|6|6|2|2|2|1|1|1,10,6,1323111,silent,1323105
11,17|6|6|5|5|1|1|1|1|1,10,8,961738,silent,961730
11,17|6|6|5|4|2|1|1|1|1,10,36,5234568,silent,5234532
11,17|6|6|5|3|3|1|1|1|1,10,25,4328814,silent,4328789
11,17|6|6|5|3|2|2|1|1|1,10,45,6483940,silent,6483895
11,17|6|6|5|2|2|2|2|1|1,10,21,2164605,silent,2164584
11,17|6|6|4|4|3|1|1|1|1,10,17,4088491,silent,4088474
11,17|6|6|4|4|2|2|1|1|1,10,20,5076159,silent,5076139
11,17|6|6|4|3|3|2|1|1|1,10,27,6576978,silent,6576951
11,17|6|6|4|3|2|2|2|1|1,10,33,5155949,silent,5155916
11,17|6|6|4|2|2|2|2|2|1,10,19,1257483,silent,1257464
11,17|6|6|3|3|3|3|1|1|1,10,1,1437945,silent,1437944
11,17|6|6|3|3|3|2|2|1|1,10,6,2525874,silent,2525868
11,17|6|6|3|3|2|2|2|2|1,10,6,1334961,silent,1334955
11,17|6|6|3|2|2|2|2|2|2,10,4,251318,silent,251314
11,17|6|5|5|5|2|1|1|1|1,10,19,1783815,silent,1783796
11,17|6|5|5|4|3|1|1|1|1,10,22,4348829,silent,4348807
11,17|6|5|5|4|2|2|1|1|1,10,39,5281651,silent,5281612
11,17|6|5|5|3|3|2|1|1|1,10,18,5672574,silent,5672556
11,17|6|5|5|3|2|2|2|1|1,10,26,4329747,silent,4329721
11,17|6|5|5|2|2|2|2|2|1,10,7,982690,silent,982683
11,17|6|5|4|4|4|1|1|1|1,10,4,1809355,silent,1809351
11,17|6|5|4|4|3|2|1|1|1,10,22,6950409,silent,6950387
11,17|6|5|4|4|2|2|2|1|1,10,27,4331392,silent,4331365
11,17|6|5|4|3|3|3|1|1|1,10,3,3690158,silent,3690155
11,17|6|5|4|3|3|2|2|1|1,10,15,6297912,silent,6297897
11,17|6|5|4|3|2|2|2|2|1,10,18,3083565,silent,3083547
11,17|6|5|4|2|2|2|2|2|2,10,5,456585,silent,456580
11,17|6|5|3|3|3|3|2|1|1,10,0,-1,a0,
11,17|6|5|3|3|3|2|2|2|1,10,1,1732581,silent,1732580
11,17|6|5|3|3|2|2|2|2|2,10,1,531076,silent,531075
11,17|6|4|4|4|4|2|1|1|1,10,1,1364748,silent,1364747
11,17|6|4|4|4|3|3|1|1|1,10,3,1709124,silent,1709121
11,17|6|4|4|4|3|2|2|1|1,10,10,2733372,silent,2733362
11,17|6|4|4|4|2|2|2|2|1,10,13,1065444,silent,1065431
11,17|6|4|4|3|3|3|2|1|1,10,1,2041273,silent,2041272
11,17|6|4|4|3|3|2|2|2|1,10,3,1737725,silent,1737722
11,17|6|4|4|3|2|2|2|2|2,10,4,498738,silent,498734
11,17|6|4|3|3|3|3|3|1|1,10,0,-1,a0,
11,17|6|4|3|3|3|3|2|2|1,10,0,-1,a0,
11,17|6|4|3|3|3|2|2|2|2,10,0,-1,a0,
11,17|6|3|3|3|3|3|3|2|1,10,0,-1,a0,
11,17|6|3|3|3|3|3|2|2|2,10,0,-1,a0,
11,17|5|5|5|5|3|1|1|1|1,10,6,615688,silent,615682
11,17|5|5|5|5|2|2|1|1|1,10,6,697836,silent,697830
11,17|5|5|5|4|4|1|1|1|1,10,5,638153,silent,638148
11,17|5|5|5|4|3|2|1|1|1,10,9,2281156,silent,2281147
11,17|5|5|5|4|2|2|2|1|1,10,8,1377941,silent,1377933
11,17|5|5|5|3|3|3|1|1|1,10,0,-1,a0,
11,17|5|5|5|3|3|2|2|1|1,10,2,1632461,silent,1632459
11,17|5|5|5|3|2|2|2|2|1,10,2,772213,silent,772211
11,17|5|5|5|2|2|2|2|2|2,10,0,-1,a0,
11,17|5|5|4|4|4|2|1|1|1,10,5,1138037,silent,1138032
11,17|5|5|4|4|3|3|1|1|1,10,1,1388366,silent,1388365
11,17|5|5|4|4|3|2|2|1|1,10,8,2210655,silent,2210647
11,17|5|5|4|4|2|2|2|2|1,10,5,847033,silent,847028
11,17|5|5|4|3|3|3|2|1|1,10,0,-1,a0,
11,17|5|5|4|3|3|2|2|2|1,10,2,1307637,silent,1307635
11,17|5|5|4|3|2|2|2|2|2,10,1,368189,silent,368188
11,17|5|5|3|3|3|3|3|1|1,10,0,-1,a0,
11,17|5|5|3|3|3|3|2|2|1,10,0,-1,a0,
11,17|5|5|3|3|3|2|2|2|2,10,0,-1,a0,
11,17|5|4|4|4|4|3|1|1|1,10,0,-1,a0,
11,17|5|4|4|4|4|2|2|1|1,10,3,592408,silent,592405
11,17|5|4|4|4|3|3|2|1|1,10,1,942264,silent,942263
11,17|5|4|4|4|3|2|2|2|1,10,5,740540,silent,740535
11,17|5|4|4|4|2|2|2|2|2,10,3,166221,silent,166218
11,17|5|4|4|3|3|3|3|1|1,10,0,-1,a0,
11,17|5|4|4|3|3|3|2|2|1,10,0,-1,a0,
11,17|5|4|4|3|3|2|2|2|2,10,0,-1,a0,
11,17|5|4|3|3|3|3|3|2|1,10,0,-1,a0,
11,17|5|4|3|3|3|3|2|2|2,10,0,-1,a0,
11,17|5|3|3|3|3|3|3|3|1,10,0,-1,a0,
11,17|5|3|3|3|3|3|3|2|2,10,0,-1,a0,
11,17|4|4|4|4|4|4|1|1|1,10,0,-1,a0,
11,17|4|4|4|4|4|3|2|1|1,10,0,-1,a0,
11,17|4|4|4|4|4|2|2|2|1,10,2,87666,silent,87664
11,17|4|4|4|4|3|3|3|1|1,10,0,-1,a0,
11,17|4|4|4|4|3|3|2|2|1,10,0,-1,a0,
11,17|4|4|4|4|3|2|2|2|2,10,1,64270,silent,64269
11,17|4|4|4|3|3|3|3|2|1,10,0,-1,a0,
11,17|4|4|4|3|3|3|2|2|2,10,0,-1,a0,
11,17|4|4|3|3|3|3|3|3|1,10,0,-1,a0,
11,17|4|4|3|3|3|3|3|2|2,10,0,-1,a0,
11,17|4|3|3|3|3|3|3|3|2,10,0,-1,a0,
11,17|3|3|3|3|3|3|3|3|3,10,0,-1,a0,
11,16|16|5|1|1|1|1|1|1|1,10,0,-1,a0,
11,16|16|4|2|1|1|1|1|1|1,10,0,-1,a0,
11,16|16|3|3|1|1|1|1|1|1,10,0,-1,a0,
11,16|16|3|2|2|1|1|1|1|1,10,0,-1,a0,
11,16|16|2|2|2|2|1|1|1|1,10,0,-1,a0,
11,16|15|6|1|1|1|1|1|1|1,10,0,-1,a0,
11,16|15|5|2|1|1|1|1|1|1,10,0,-1,a0,
11,16|15|4|3|1|1|1|1|1|1,10,0,-1,a0,
11,16|15|4|2|2|1|1|1|1|1,10,0,-1,a0,
11,16|15|3|3|2|1|1|1|1|1,10,0,-1,a0,
11,16|15|3|2|2|2|1|1|1|1,10,0,-1,a0,
11,16|15|2|2|2|2|2|1|1|1,10,0,-1,a0,
11,16|14|7|1|1|1|1|1|1|1,10,0,-1,a0,
11,16|14|6|2|1|1|1|1|1|1,10,0,-1,a0,
11,16|14|5|3|1|1|1|1|1|1,10,0,-1,a0,
11,16|14|5|2|2|1|1|1|1|1,10,0,-1,a0,
11,16|14|4|4|1|1|1|1|1|1,10,0,-1,a0,
11,16|14|4|3|2|1|1|1|1|1,10,2,387415,silent,387413
11,16|14|4|2|2|2|1|1|1|1,10,2,211292,silent,211290
11,16|14|3|3|3|1|1|1|1|1,10,2,111279,silent,111277
11,16|14|3|3|2|2|1|1|1|1,10,3,180519,silent,180516
11,16|14|3|2|2|2|2|1|1|1,10,3,80891,silent,80888
11,16|14|2|2|2|2|2|2|1|1,10,1,11172,silent,11171
11,16|13|8|1|1|1|1|1|1|1,10,0,-1,a0,
11,16|13|7|2|1|1|1|1|1|1,10,0,-1,a0,
11,16|13|6|3|1|1|1|1|1|1,10,2,618152,silent,618150
11,16|13|6|2|2|1|1|1|1|1,10,3,612417,silent,612414
11,16|13|5|4|1|1|1|1|1|1,10,2,593050,silent,593048
11,16|13|5|3|2|1|1|1|1|1,10,9,1333439,silent,1333430
11,16|13|5|2|2|2|1|1|1|1,10,8,664862,silent,664854
11,16|13|4|4|2|1|1|1|1|1,10,5,775118,silent,775113
11,16|13|4|3|3|1|1|1|1|1,10,8,728557,silent,728549
11,16|13|4|3|2|2|1|1|1|1,10,16,1097996,silent,1097980
11,16|13|4|2|2|2|2|1|1|1,10,11,380074,silent,380063
11,16|13|3|3|3|2|1|1|1|1,10,10,406180,silent,406170
11,16|13|3|3|2|2|2|1|1|1,10,13,340717,silent,340704
11,16|13|3|2|2|2|2|2|1|1,10,9,106033,silent,106024
11,16|13|2|2|2|2|2|2|2|1,10,4,10765,silent,10761
11,16|12|9|1|1|1|1|1|1|1,10,0,-1,a0,
11,16|12|8|2|1|1|1|1|1|1,10,1,379915,silent,379914
11,16|12|7|3|1|1|1|1|1|1,10,5,1038307,silent,1038302
11,16|12|7|2|2|1|1|1|1|1,10,6,1009602,silent,1009596
11,16|12|6|4|1|1|1|1|1|1,10,8,1407802,silent,1407794
11,16|12|6|3|2|1|1|1|1|1,10,27,2907448,silent,2907421
11,16|12|6|2|2|2|1|1|1|1,10,21,1392794,silent,1392773
11,16|12|5|5|1|1|1|1|1|1,10,3,693315,silent,693312
11,16|12|5|4|2|1|1|1|1|1,10,24,3076627,silent,3076603
11,16|12|5|3|3|1|1|1|1|1,10,26,2322825,silent,2322799
11,16|12|5|3|2|2|1|1|1|1,10,51,3380703,silent,3380652
11,16|12|5|2|2|2|2|1|1|1,10,31,1067903,silent,1067872
11,16|12|4|4|3|1|1|1|1|1,10,12,1695033,silent,1695021
11,16|12|4|4|2|2|1|1|1|1,10,23,2048969,silent,2048946
11,16|12|4|3|3|2|1|1|1|1,10,34,2418678,silent,2418644
11,16|12|4|3|2|2|2|1|1|1,10,42,1859248,silent,1859206
11,16|12|4|2|2|2|2|2|1|1,10,22,445328,silent,445306
11,16|12|3|3|3|3|1|1|1|1,10,8,432301,silent,432293
11,16|12|3|3|3|2|2|1|1|1,10,15,758928,silent,758913
11,16|12|3|3|2|2|2|2|1|1,10,17,410971,silent,410954
11,16|12|3|2|2|2|2|2|2|1,10,10,89307,silent,89297
11,16|12|2|2|2|2|2|2|2|2,10,4,5919,silent,5915
11,16|11|10|1|1|1|1|1|1|1,10,0,-1,a0,
11,16|11|9|2|1|1|1|1|1|1,10,2,341312,silent,341310
11,16|11|8|3|1|1|1|1|1|1,10,8,1196906,silent,1196898
11,16|11|8|2|2|1|1|1|1|1,10,10,1152667,silent,1152657
11,16|11|7|4|1|1|1|1|1|1,10,14,2154784,silent,2154770
11,16|11|7|3|2|1|1|1|1|1,10,40,4275360,silent,4275320
11,16|11|7|2|2|2|1|1|1|1,10,28,2003328,silent,2003300
11,16|11|6|5|1|1|1|1|1|1,10,15,1889705,silent,1889690
11,16|11|6|4|2|1|1|1|1|1,10,62,6520604,silent,6520542
11,16|11|6|3|3|1|1|1|1|1,10,51,4574174,silent,4574123
11,16|11|6|3|2|2|1|1|1|1,10,94,6542204,silent,6542110
11,16|11|6|2|2|2|2|1|1|1,10,48,1978383,silent,1978335
11,16|11|5|5|2|1|1|1|1|1,10,30,3354805,silent,3354775
11,16|11|5|4|3|1|1|1|1|1,10,54,6270277,silent,6270223
11,16|11|5|4|2|2|1|1|1|1,10,87,7322069,silent,7321982
11,16|11|5|3|3|2|1|1|1|1,10,90,6948863,silent,6948773
11,16|11|5|3|2|2|2|1|1|1,10,106,5131951,silent,5131845
11,16|11|5|2|2|2|2|2|1|1,10,47,1120800,silent,1120753
11,16|11|4|4|4|1|1|1|1|1,10,7,1502238,silent,1502231
11,16|11|4|4|3|2|1|1|1|1,10,44,5293811,silent,5293767
11,16|11|4|4|2|2|2|1|1|1,10,43,3190977,silent,3190934
11,16|11|4|3|3|3|1|1|1|1,10,24,2414442,silent,2414418
11,16|11|4|3|3|2|2|1|1|1,10,54,4099915,silent,4099861
11,16|11|4|3|2|2|2|2|1|1,10,51,2021724,silent,2021673
11,16|11|4|2|2|2|2|2|2|1,10,23,338377,silent,338354
11,16|11|3|3|3|3|2|1|1|1,10,6,959003,silent,958997
11,16|11|3|3|3|2|2|2|1|1,10,9,870457,silent,870448
11,16|11|3|3|2|2|2|2|2|1,10,7,315647,silent,315640
11,16|11|3|2|2|2|2|2|2|2,10,4,41979,silent,41975
11,16|10|10|2|1|1|1|1|1|1,10,0,-1,a0,
11,16|10|9|3|1|1|1|1|1|1,10,5,823382,silent,823377
11,16|10|9|2|2|1|1|1|1|1,10,7,788850,silent,788843
11,16|10|8|4|1|1|1|1|1|1,10,14,2089617,silent,2089603
11,16|10|8|3|2|1|1|1|1|1,10,42,4070568,silent,4070526
11,16|10|8|2|2|2|1|1|1|1,10,32,1888080,silent,1888048
11,16|10|7|5|1|1|1|1|1|1,10,19,2709922,silent,2709903
11,16|10|7|4|2|1|1|1|1|1,10,76,8562248,silent,8562172
11,16|10|7|3|3|1|1|1|1|1,10,61,5819195,silent,5819134
11,16|10|7|3|2|2|1|1|1|1,10,113,8242609,silent,8242496
11,16|10|7|2|2|2|2|1|1|1,10,57,2438594,silent,2438537
11,16|10|6|6|1|1|1|1|1|1,10,12,1303440,silent,1303428
11,16|10|6|5|2|1|1|1|1|1,10,81,8055833,silent,8055752
11,16|10|6|4|3|1|1|1|1|1,10,105,11850802,silent,11850697
11,16|10|6|4|2|2|1|1|1|1,10,161,13609082,silent,13608921
11,16|10|6|3|3|2|1|1|1|1,10,137,12007470,silent,12007333
11,16|10|6|3|2|2|2|1|1|1,10,148,8686270,silent,8686122
11,16|10|6|2|2|2|2|2|1|1,10,54,1812739,silent,1812685
11,16|10|5|5|3|1|1|1|1|1,10,63,6674842,silent,6674779
11,16|10|5|5|2|2|1|1|1|1,10,91,7241023,silent,7240932
11,16|10|5|4|4|1|1|1|1|1,10,35,5397797,silent,5397762
11,16|10|5|4|3|2|1|1|1|1,10,158,17498432,silent,17498274
11,16|10|5|4|2|2|2|1|1|1,10,145,10148165,silent,10148020
11,16|10|5|3|3|3|1|1|1|1,10,51,6277052,silent,6277001
11,16|10|5|3|3|2|2|1|1|1,10,118,10472230,silent,10472112
11,16|10|5|3|2|2|2|2|1|1,10,100,4950611,silent,4950511
11,16|10|5|2|2|2|2|2|2|1,10,32,751859,silent,751827
11,16|10|4|4|4|2|1|1|1|1,10,23,4641625,silent,4641602
11,16|10|4|4|3|3|1|1|1|1,10,28,5209827,silent,5209799
11,16|10|4|4|3|2|2|1|1|1,10,68,8215883,silent,8215815
11,16|10|4|4|2|2|2|2|1|1,10,47,3144746,silent,3144699
11,16|10|4|3|3|3|2|1|1|1,10,27,4842968,silent,4842941
11,16|10|4|3|3|2|2|2|1|1,10,39,4223517,silent,4223478
11,16|10|4|3|2|2|2|2|2|1,10,29,1395981,silent,1395952
11,16|10|4|2|2|2|2|2|2|2,10,11,143250,silent,143239
11,16|10|3|3|3|3|3|1|1|1,10,1,612785,silent,612784
11,16|10|3|3|3|3|2|2|1|1,10,1,1103103,silent,1103102
11,16|10|3|3|3|2|2|2|2|1,10,1,622348,silent,622347
11,16|10|3|3|2|2|2|2|2|2,10,0,-1,a0,
11,16|9|9|4|1|1|1|1|1|1,10,7,881072,silent,881065
11,16|9|9|3|2|1|1|1|1|1,10,16,1699565,silent,1699549
11,16|9|9|2|2|2|1|1|1|1,10,9,782972,silent,782963
11,16|9|8|5|1|1|1|1|1|1,10,16,2069368,silent,2069352
11,16|9|8|4|2|1|1|1|1|1,10,59,6307658,silent,6307599
11,16|9|8|3|3|1|1|1|1|1,10,42,4225674,silent,4225632
11,16|9|8|3|2|2|1|1|1|1,10,80,5957698,silent,5957618
11,16|9|8|2|2|2|2|1|1|1,10,38,1743322,silent,1743284
11,16|9|7|6|1|1|1|1|1|1,10,13,1963063,silent,1963050
11,16|9|7|5|2|1|1|1|1|1,10,83,9470027,silent,9469944
11,16|9|7|4|3|1|1|1|1|1,10,108,12879000,silent,12878892
11,16|9|7|4|2|2|1|1|1|1,10,158,14653029,silent,14652871
11,16|9|7|3|3|2|1|1|1|1,10,138,12548911,silent,12548773
11,16|9|7|3|2|2|2|1|1|1,10,147,8980008,silent,8979861
11,16|9|7|2|2|2|2|2|1|1,10,56,1836432,silent,1836376
11,16|9|6|6|2|1|1|1|1|1,10,49,4829162,silent,4829113
11,16|9|6|5|3|1|1|1|1|1,10,128,13859251,silent,13859123
11,16|9|6|5|2|2|1|1|1|1,10,165,14794382,silent,14794217
11,16|9|6|4|4|1|1|1|1|1,10,63,9041320,silent,9041257
11,16|9|6|4|3|2|1|1|1|1,10,244,28227121,silent,28226877
11,16|9|6|4|2|2|2|1|1|1,10,196,16047383,silent,16047187
11,16|9|6|3|3|3|1|1|1|1,10,71,9331269,silent,9331198
11,16|9|6|3|3|2|2|1|1|1,10,154,15425432,silent,15425278
11,16|9|6|3|2|2|2|2|1|1,10,118,7132796,silent,7132678
11,16|9|6|2|2|2|2|2|2|1,10,34,1036911,silent,1036877
11,16|9|5|5|4|1|1|1|1|1,10,53,6494731,silent,6494678
11,16|9|5|5|3|2|1|1|1|1,10,158,16571155,silent,16570997
11,16|9|5|5|2|2|2|1|1|1,10,123,8842291,silent,8842168
11,16|9|5|4|4|2|1|1|1|1,10,89,14608764,silent,14608675
11,16|9|5|4|3|3|1|1|1|1,10,90,15270357,silent,15270267
11,16|9|5|4|3|2|2|1|1|1,10,194,23673723,silent,23673529
11,16|9|5|4|2|2|2|2|1|1,10,123,8702438,silent,8702315
11,16|9|5|3|3|3|2|1|1|1,10,49,10989326,silent,10989277
11,16|9|5|3|3|2|2|2|1|1,10,70,9388411,silent,9388341
11,16|9|5|3|2|2|2|2|2|1,10,42,2970937,silent,2970895
11,16|9|5|2|2|2|2|2|2|2,10,7,274086,silent,274079
11,16|9|4|4|4|3|1|1|1|1,10,16,5273504,silent,5273488
11,16|9|4|4|4|2|2|1|1|1,10,33,6673931,silent,6673898
11,16|9|4|4|3|3|2|1|1|1,10,41,9440634,silent,9440593
11,16|9|4|4|3|2|2|2|1|1,10,57,7563134,silent,7563077
11,16|9|4|4|2|2|2|2|2|1,10,33,1935240,silent,1935207
11,16|9|4|3|3|3|3|1|1|1,10,4,2785472,silent,2785468
11,16|9|4|3|3|3|2|2|1|1,10,10,4933235,silent,4933225
11,16|9|4|3|3|2|2|2|2|1,10,11,2667022,silent,2667011
11,16|9|4|3|2|2|2|2|2|2,10,6,524216,silent,524210
11,16|9|3|3|3|3|3|2|1|1,10,0,-1,a0,
11,16|9|3|3|3|3|2|2|2|1,10,0,-1,a0,
11,16|9|3|3|3|2|2|2|2|2,10,0,-1,a0,
11,16|8|8|6|1|1|1|1|1|1,10,8,958878,silent,958870
11,16|8|8|5|2|1|1|1|1|1,10,43,4315523,silent,4315480
11,16|8|8|4|3|1|1|1|1|1,10,47,5704111,silent,5704064
11,16|8|8|4|2|2|1|1|1|1,10,76,6470524,silent,6470448
11,16|8|8|3|3|2|1|1|1|1,10,50,5469926,silent,5469876
11,16|8|8|3|2|2|2|1|1|1,10,58,3896499,silent,3896441
11,16|8|8|2|2|2|2|2|1|1,10,15,787077,silent,787062
11,16|8|7|7|1|1|1|1|1|1,10,3,619800,silent,619797
11,16|8|7|6|2|1|1|1|1|1,10,44,5375270,silent,5375226
11,16|8|7|5|3|1|1|1|1|1,10,103,12250269,silent,12250166
11,16|8|7|5|2|2|1|1|1|1,10,137,12972269,silent,12972132
11,16|8|7|4|4|1|1|1|1|1,10,49,7491496,silent,7491447
11,16|8|7|4|3|2|1|1|1|1,10,190,22995122,silent,22994932
11,16|8|7|4|2|2|2|1|1|1,10,156,12949171,silent,12949015
11,16|8|7|3|3|3|1|1|1|1,10,53,7355693,silent,7355640
11,16|8|7|3|3|2|2|1|1|1,10,113,12101759,silent,12101646
11,16|8|7|3|2|2|2|2|1|1,10,85,5537826,silent,5537741
11,16|8|7|2|2|2|2|2|2|1,10,21,788455,silent,788434
11,16|8|6|6|3|1|1|1|1|1,10,62,6996922,silent,6996860
11,16|8|6|6|2|2|1|1|1|1,10,71,7240777,silent,7240706
11,16|8|6|5|4|1|1|1|1|1,10,94,11292743,silent,11292649
11,16|8|6|5|3|2|1|1|1|1,10,236,27791624,silent,27791388
11,16|8|6|5|2|2|2|1|1|1,10,157,14549667,silent,14549510
11,16|8|6|4|4|2|1|1|1|1,10,129,19852661,silent,19852532
11,16|8|6|4|3|3|1|1|1|1,10,113,20123523,silent,20123410
11,16|8|6|4|3|2|2|1|1|1,10,231,30933263,silent,30933032
11,16|8|6|4|2|2|2|2|1|1,10,121,11132903,silent,11132782
11,16|8|6|3|3|3|2|1|1|1,10,61,13274928,silent,13274867
11,16|8|6|3|3|2|2|2|1|1,10,81,11223597,silent,11223516
11,16|8|6|3|2|2|2|2|2|1,10,44,3475828,silent,3475784
11,16|8|6|2|2|2|2|2|2|2,10,11,309296,silent,309285
11,16|8|5|5|5|1|1|1|1|1,10,27,2634594,silent,2634567
11,16|8|5|5|4|2|1|1|1|1,10,120,15107895,silent,15107775
11,16|8|5|5|3|3|1|1|1|1,10,77,12718947,silent,12718870
11,16|8|5|5|3|2|2|1|1|1,10,152,19094053,silent,19093901
11,16|8|5|5|2|2|2|2|1|1,10,74,6428864,silent,6428790
11,16|8|5|4|4|3|1|1|1|1,10,60,14205656,silent,14205596
11,16|8|5|4|4|2|2|1|1|1,10,105,17698876,silent,17698771
11,16|8|5|4|3|3|2|1|1|1,10,91,23314300,silent,23314209
11,16|8|5|4|3|2|2|2|1|1,10,118,18321905,silent,18321787
11,16|8|5|4|2|2|2|2|2|1,10,48,4490363,silent,4490315
11,16|8|5|3|3|3|3|1|1|1,10,6,5379068,silent,5379062
11,16|8|5|3|3|3|2|2|1|1,10,17,9436732,silent,9436715
11,16|8|5|3|3|2|2|2|2|1,10,18,4995360,silent,4995342
11,16|8|5|3|2|2|2|2|2|2,10,6,938450,silent,938444
11,16|8|4|4|4|4|1|1|1|1,10,4,2193897,silent,2193893
11,16|8|4|4|4|3|2|1|1|1,10,27,8642727,silent,8642700
11,16|8|4|4|4|2|2|2|1|1,10,31,5441831,silent,5441800
11,16|8|4|4|3|3|3|1|1|1,10,8,4895538,silent,4895530
11,16|8|4|4|3|3|2|2|1|1,10,26,8392147,silent,8392121
11,16|8|4|4|3|2|2|2|2|1,10,26,4150842,silent,4150816
11,16|8|4|4|2|2|2|2|2|2,10,12,633276,silent,633264
11,16|8|4|3|3|3|3|2|1|1,10,0,-1,a0,
11,16|8|4|3|3|3|2|2|2|1,10,1,2870451,silent,2870450
11,16|8|4|3|3|2|2|2|2|2,10,0,-1,a0,
11,16|8|3|3|3|3|3|3|1|1,10,0,-1,a0,
11,16|8|3|3|3|3|3|2|2|1,10,0,-1,a0,
11,16|8|3|3|3|3|2|2|2|2,10,0,-1,a0,
11,16|7|7|7|2|1|1|1|1|1,10,4,978489,silent,978485
11,16|7|7|6|3|1|1|1|1|1,10,31,4470269,silent,4470238
11,16|7|7|6|2|2|1|1|1|1,10,40,4591249,silent,4591209
11,16|7|7|5|4|1|1|1|1|1,10,40,5888323,silent,5888283
11,16|7|7|5|3|2|1|1|1|1,10,122,14291956,silent,14291834
11,16|7|7|5|2|2|2|1|1|1,10,86,7425524,silent,7425438
11,16|7|7|4|4|2|1|1|1|1,10,54,9640448,silent,9640394
11,16|7|7|4|3|3|1|1|1|1,10,58,9666257,silent,9666199
11,16|7|7|4|3|2|2|1|1|1,10,112,14798006,silent,14797894
11,16|7|7|4|2|2|2|2|1|1,10,66,5286414,silent,5286348
11,16|7|7|3|3|3|2|1|1|1,10,27,6174236,silent,6174209
11,16|7|7|3|3|2|2|2|1|1,10,28,5193980,silent,5193952
11,16|7|7|3|2|2|2|2|2|1,10,16,1594284,silent,1594268
11,16|7|7|2|2|2|2|2|2|2,10,0,-1,a0,
11,16|7|6|6|4|1|1|1|1|1,10,35,4544398,silent,4544363
11,16|7|6|6|3|2|1|1|1|1,10,77,10339339,silent,10339262
11,16|7|6|6|2|2|2|1|1|1,10,41,5222268,silent,5222227
11,16|7|6|5|5|1|1|1|1|1,10,34,3603731,silent,3603697
11,16|7|6|5|4|2|1|1|1|1,10,136,19106697,silent,19106561
11,16|7|6|5|3|3|1|1|1|1,10,95,15637348,silent,15637253
11,16|7|6|5|3|2|2|1|1|1,10,163,23295034,silent,23294871
11,16|7|6|5|2|2|2|2|1|1,10,70,7693636,silent,7693566
11,16|7|6|4|4|3|1|1|1|1,10,61,14261352,silent,14261291
11,16|7|6|4|4|2|2|1|1|1,10,96,17628674,silent,17628578
11,16|7|6|4|3|3|2|1|1|1,10,91,22584109,silent,22584018
11,16|7|6|4|3|2|2|2|1|1,10,102,17579894,silent,17579792
11,16|7|6|4|2|2|2|2|2|1,10,41,4225647,silent,4225606
11,16|7|6|3|3|3|3|1|1|1,10,7,4816890,silent,4816883
11,16|7|6|3|3|3|2|2|1|1,10,16,8413842,silent,8413826
11,16|7|6|3|3|2|2|2|2|1,10,15,4407123,silent,4407108
11,16|7|6|3|2|2|2|2|2|2,10,6,812680,silent,812674
11,16|7|5|5|5|2|1|1|1|1,10,52,5104792,silent,5104740
11,16|7|5|5|4|3|1|1|1|1,10,67,12167366,silent,12167299
11,16|7|5|5|4|2|2|1|1|1,10,100,14698804,silent,14698704
11,16|7|5|5|3|3|2|1|1|1,10,56,15620066,silent,15620010
11,16|7|5|5|3|2|2|2|1|1,10,60,11833292,silent,11833232
11,16|7|5|5|2|2|2|2|2|1,10,15,2649745,silent,2649730
11,16|7|5|4|4|4|1|1|1|1,10,14,4857591,silent,4857577
11,16|7|5|4|4|3|2|1|1|1,10,65,18493084,silent,18493019
11,16|7|5|4|4|2|2|2|1|1,10,67,11443802,silent,11443735
11,16|7|5|4|3|3|3|1|1|1,10,14,9685048,silent,9685034
11,16|7|5|4|3|3|2|2|1|1,10,36,16453306,silent,16453270
11,16|7|5|4|3|2|2|2|2|1,10,34,7978100,silent,7978066
11,16|7|5|4|2|2|2|2|2|2,10,6,1159716,silent,1159710
11,16|7|5|3|3|3|3|2|1|1,10,1,5037986,silent,5037985
11,16|7|5|3|3|3|2|2|2|1,10,2,4381412,silent,4381410
11,16|7|5|3|3|2|2|2|2|2,10,2,1327135,silent,1327133
11,16|7|4|4|4|4|2|1|1|1,10,7,3310001,silent,3309994
11,16|7|4|4|4|3|3|1|1|1,10,8,4112369,silent,4112361
11,16|7|4|4|4|3|2|2|1|1,10,24,6551764,silent,6551740
11,16|7|4|4|4|2|2|2|2|1,10,21,2527191,silent,2527170
11,16|7|4|4|3|3|3|2|1|1,10,3,4822599,silent,4822596
11,16|7|4|4|3|3|2|2|2|1,10,6,4078332,silent,4078326
11,16|7|4|4|3|2|2|2|2|2,10,5,1154042,silent,1154037
11,16|7|4|3|3|3|3|3|1|1,10,0,-1,a0,
11,16|7|4|3|3|3|3|2|2|1,10,0,-1,a0,
11,16|7|4|3|3|3|2|2|2|2,10,0,-1,a0,
11,16|7|3|3|3|3|3|3|2|1,10,0,-1,a0,
11,16|7|3|3|3|3|3|2|2|2,10,0,-1,a0,
11,16|6|6|6|5|1|1|1|1|1,10,11,1028097,silent,1028086
11,16|6|6|6|4|2|1|1|1|1,10,29,4329975,silent,4329946
11,16|6|6|6|3|3|1|1|1|1,10,20,3319178,silent,3319158
11,16|6|6|6|3|2|2|1|1|1,10,25,4877980,silent,4877955
11,16|6|6|6|2|2|2|2|1|1,10,7,1551548,silent,1551541
11,16|6|6|5|5|2|1|1|1|1,10,28,3848101,silent,3848073
11,16|6|6|5|4|3|1|1|1|1,10,46,8605756,silent,8605710
11,16|6|6|5|4|2|2|1|1|1,10,52,10325674,silent,10325622
11,16|6|6|5|3|3|2|1|1|1,10,43,10719791,silent,10719748
11,16|6|6|5|3|2|2|2|1|1,10,40,8056826,silent,8056786
11,16|6|6|5|2|2|2|2|2|1,10,14,1776458,silent,1776444
11,16|6|6|4|4|4|1|1|1|1,10,11,2808165,silent,2808154
11,16|6|6|4|4|3|2|1|1|1,10,35,10527527,silent,10527492
11,16|6|6|4|4|2|2|2|1|1,10,24,6457929,silent,6457905
11,16|6|6|4|3|3|3|1|1|1,10,10,5361567,silent,5361557
11,16|6|6|4|3|3|2|2|1|1,10,25,9080583,silent,9080558
11,16|6|6|4|3|2|2|2|2|1,10,20,4363858,silent,4363838
11,16|6|6|4|2|2|2|2|2|2,10,9,628040,silent,628031
11,16|6|6|3|3|3|3|2|1|1,10,0,-1,a0,
11,16|6|6|3|3|3|2|2|2|1,10,1,2246272,silent,2246271
11,16|6|6|3|3|2|2|2|2|2,10,0,-1,a0,
11,16|6|5|5|5|3|1|1|1|1,10,22,3222579,silent,3222557
11,16|6|5|5|5|2|2|1|1|1,10,26,3628982,silent,3628956
11,16|6|5|5|4|4|1|1|1|1,10,17,3231385,silent,3231368
11,16|6|5|5|4|3|2|1|1|1,10,43,11383188,silent,11383145
11,16|6|5|5|4|2|2|2|1|1,10,32,6803532,silent,6803500
11,16|6|5|5|3|3|3|1|1|1,10,4,4734628,silent,4734624
11,16|6|5|5|3|3|2|2|1|1,10,13,7921051,silent,7921038
11,16|6|5|5|3|2|2|2|2|1,10,9,3697392,silent,3697383
11,16|6|5|5|2|2|2|2|2|2,10,0,-1,a0,
11,16|6|5|4|4|4|2|1|1|1,10,17,5206210,silent,5206193
11,16|6|5|4|4|3|3|1|1|1,10,12,6286680,silent,6286668
11,16|6|5|4|4|3|2|2|1|1,10,30,9944060,silent,9944030
11,16|6|5|4|4|2|2|2|2|1,10,19,3764059,silent,3764040
11,16|6|5|4|3|3|3|2|1|1,10,3,6799267,silent,6799264
11,16|6|5|4|3|3|2|2|2|1,10,7,5699067,silent,5699060
11,16|6|5|4|3|2|2|2|2|2,10,4,1580311,silent,1580307
11,16|6|5|3|3|3|3|3|1|1,10,0,-1,a0,
11,16|6|5|3|3|3|3|2|2|1,10,0,-1,a0,
11,16|6|5|3|3|3|2|2|2|2,10,0,-1,a0,
11,16|6|4|4|4|4|3|1|1|1,10,3,1612666,silent,1612663
11,16|6|4|4|4|4|2|2|1|1,10,7,2064380,silent,2064373
11,16|6|4|4|4|3|3|2|1|1,10,6,3247155,silent,3247149
11,16|6|4|4|4|3|2|2|2|1,10,11,2529794,silent,2529783
11,16|6|4|4|4|2|2|2|2|2,10,8,558784,silent,558776
11,16|6|4|4|3|3|3|3|1|1,10,0,-1,a0,
11,16|6|4|4|3|3|3|2|2|1,10,0,-1,a0,
11,16|6|4|4|3|3|2|2|2|2,10,0,-1,a0,
11,16|6|4|3|3|3|3|3|2|1,10,0,-1,a0,
11,16|6|4|3|3|3|3|2|2|2,10,0,-1,a0,
11,16|6|3|3|3|3|3|3|3|1,10,0,-1,a0,
11,16|6|3|3|3|3|3|3|2|2,10,0,-1,a0,
11,16|5|5|5|5|4|1|1|1|1,10,7,596557,silent,596550
11,16|5|5|5|5|3|2|1|1|1,10,6,1667351,silent,1667345
11,16|5|5|5|5|2|2|2|1|1,10,1,921301,silent,921300
11,16|5|5|5|4|4|2|1|1|1,10,12,1877819,silent,1877807
11,16|5|5|5|4|3|3|1|1|1,10,2,2124677,silent,2124675
11,16|5|5|5|4|3|2|2|1|1,10,7,3316633,silent,3316626
11,16|5|5|5|4|2|2|2|2|1,10,1,1211325,silent,1211324
11,16|5|5|5|3|3|3|2|1|1,10,0,-1,a0,
11,16|5|5|5|3|3|2|2|2|1,10,1,1499159,silent,1499158
11,16|5|5|5|3|2|2|2|2|2,10,0,-1,a0,
11,16|5|5|4|4|4|3|1|1|1,10,4,1363441,silent,1363437
11,16|5|5|4|4|4|2|2|1|1,10,10,1740589,silent,1740579
11,16|5|5|4|4|3|3|2|1|1,10,2,2663324,silent,2663322
11,16|5|5|4|4|3|2|2|2|1,10,5,2060987,silent,2060982
11,16|5|5|4|4|2|2|2|2|2,10,0,-1,a0,
11,16|5|5|4|3|3|3|3|1|1,10,0,-1,a0,
11,16|5|5|4|3|3|3|2|2|1,10,0,-1,a0,
11,16|5|5|4|3|3|2|2|2|2,10,1,705622,silent,705621
11,16|5|5|3|3|3|3|3|2|1,10,0,-1,a0,
11,16|5|5|3|3|3|3|2|2|2,10,0,-1,a0,
11,16|5|4|4|4|4|4|1|1|1,10,0,-1,a0,
11,16|5|4|4|4|4|3|2|1|1,10,3,933318,silent,933315
11,16|5|4|4|4|4|2|2|2|1,10,6,574714,silent,574708
11,16|5|4|4|4|3|3|3|1|1,10,0,-1,a0,
11,16|5|4|4|4|3|3|2|2|1,10,1,988436,silent,988435
11,16|5|4|4|4|3|2|2|2|2,10,2,406160,silent,406158
11,16|5|4|4|3|3|3|3|2|1,10,0,-1,a0,
11,16|5|4|4|3|3|3|2|2|2,10,0,-1,a0,
11,16|5|4|3|3|3|3|3|3|1,10,0,-1,a0,
11,16|5|4|3|3|3|3|3|2|2,10,0,-1,a0,
11,16|5|3|3|3|3|3|3|3|2,10,0,-1,a0,
11,16|4|4|4|4|4|4|2|1|1,10,0,-1,a0,
11,16|4|4|4|4|4|3|3|1|1,10,0,-1,a0,
11,16|4|4|4|4|4|3|2|2|1,10,1,153713,silent,153712
11,16|4|4|4|4|4|2|2|2|2,10,3,50715,silent,50712
11,16|4|4|4|4|3|3|3|2|1,10,0,-1,a0,
11,16|4|4|4|4|3|3|2|2|2,10,0,-1,a0,
11,16|4|4|4|3|3|3|3|3|1,10,0,-1,a0,
11,16|4|4|4|3|3|3|3|2|2,10,0,-1,a0,
11,16|4|4|3|3|3|3|3|3|2,10,0,-1,a0,
11,16|4|3|3|3|3|3|3|3|3,10,0,-1,a0,
11,15|15|7|1|1|1|1|1|1|1,10,0,-1,a0,
11,15|15|6|2|1|1|1|1|1|1,10,0,-1,a0,
11,15|15|5|3|1|1|1|1|1|1,10,0,-1,a0,
11,15|15|5|2|2|1|1|1|1|1,10,0,-1,a0,
11,15|15|4|4|1|1|1|1|1|1,10,0,-1,a0,
11,15|15|4|3|2|1|1|1|1|1,10,1,139816,silent,139815
11,15|15|4|2|2|2|1|1|1|1,10,0,-1,a0,
11,15|15|3|3|3|1|1|1|1|1,10,0,-1,a0,
11,15|15|3|3|2|2|1|1|1|1,10,2,65332,silent,65330
11,15|15|3|2|2|2|2|1|1|1,10,1,29147,silent,29146
11,15|15|2|2|2|2|2|2|1|1,10,1,4163,silent,4162
11,15|14|8|1|1|1|1|1|1|1,10,0,-1,a0,
11,15|14|7|2|1|1|1|1|1|1,10,0,-1,a0,
11,15|14|6|3|1|1|1|1|1|1,10,1,355199,silent,355198
11,15|14|6|2|2|1|1|1|1|1,10,2,351724,silent,351722
11,15|14|5|4|1|1|1|1|1|1,10,1,339764,silent,339763
11,15|14|5|3|2|1|1|1|1|1,10,6,763106,silent,763100
11,15|14|5|2|2|2|1|1|1|1,10,5,380149,silent,380144
11,15|14|4|4|2|1|1|1|1|1,10,3,442890,silent,442887
11,15|14|4|3|3|1|1|1|1|1,10,5,415899,silent,415894
11,15|14|4|3|2|2|1|1|1|1,10,10,626419,silent,626409
11,15|14|4|2|2|2|2|1|1|1,10,6,216481,silent,216475
11,15|14|3|3|3|2|1|1|1|1,10,6,231358,silent,231352
11,15|14|3|3|2|2|2|1|1|1,10,7,193857,silent,193850
11,15|14|3|2|2|2|2|2|1|1,10,5,60167,silent,60162
11,15|14|2|2|2|2|2|2|2|1,10,2,6086,silent,6084
11,15|13|9|1|1|1|1|1|1|1,10,0,-1,a0,
11,15|13|8|2|1|1|1|1|1|1,10,1,287843,silent,287842
11,15|13|7|3|1|1|1|1|1|1,10,4,773754,silent,773750
11,15|13|7|2|2|1|1|1|1|1,10,5,751117,silent,751112
11,15|13|6|4|1|1|1|1|1|1,10,8,1041076,silent,1041068
11,15|13|6|3|2|1|1|1|1|1,10,23,2144071,silent,2144048
11,15|13|6|2|2|2|1|1|1|1,10,15,1024420,silent,1024405
11,15|13|5|5|1|1|1|1|1|1,10,2,509752,silent,509750
11,15|13|5|4|2|1|1|1|1|1,10,20,2257801,silent,2257781
11,15|13|5|3|3|1|1|1|1|1,10,21,1702611,silent,1702590
11,15|13|5|3|2|2|1|1|1|1,10,41,2475933,silent,2475892
11,15|13|5|2|2|2|2|1|1|1,10,23,780548,silent,780525
11,15|13|4|4|3|1|1|1|1|1,10,12,1239803,silent,1239791
11,15|13|4|4|2|2|1|1|1|1,10,15,1495169,silent,1495154
11,15|13|4|3|3|2|1|1|1|1,10,28,1765218,silent,1765190
11,15|13|4|3|2|2|2|1|1|1,10,31,1354389,silent,1354358
11,15|13|4|2|2|2|2|2|1|1,10,18,324269,silent,324251
11,15|13|3|3|3|3|1|1|1|1,10,4,314173,silent,314169
11,15|13|3|3|3|2|2|1|1|1,10,12,551647,silent,551635
11,15|13|3|3|2|2|2|2|1|1,10,9,297479,silent,297470
11,15|13|3|2|2|2|2|2|2|1,10,7,64454,silent,64447
11,15|13|2|2|2|2|2|2|2|2,10,1,4067,silent,4066
11,15|12|10|1|1|1|1|1|1|1,10,0,-1,a0,
11,15|12|9|2|1|1|1|1|1|1,10,2,332595,silent,332593
11,15|12|8|3|1|1|1|1|1|1,10,9,1112519,silent,1112510
11,15|12|8|2|2|1|1|1|1|1,10,12,1070052,silent,1070040
11,15|12|7|4|1|1|1|1|1|1,10,15,1953142,silent,1953127
11,15|12|7|3|2|1|1|1|1|1,10,44,3865672,silent,3865628
11,15|12|7|2|2|2|1|1|1|1,10,29,1807844,silent,1807815
11,15|12|6|5|1|1|1|1|1|1,10,16,1691698,silent,1691682
11,15|12|6|4|2|1|1|1|1|1,10,65,5813195,silent,5813130
11,15|12|6|3|3|1|1|1|1|1,10,50,4069845,silent,4069795
11,15|12|6|3|2|2|1|1|1|1,10,91,5814011,silent,5813920
11,15|12|6|2|2|2|2|1|1|1,10,42,1753140,silent,1753098
11,15|12|5|5|2|1|1|1|1|1,10,31,2972280,silent,2972249
11,15|12|5|4|3|1|1|1|1|1,10,55,5535887,silent,5535832
11,15|12|5|4|2|2|1|1|1|1,10,86,6457002,silent,6456916
11,15|12|5|3|3|2|1|1|1|1,10,84,6116034,silent,6115950
11,15|12|5|3|2|2|2|1|1|1,10,91,4508174,silent,4508083
11,15|12|5|2|2|2|2|2|1|1,10,38,980668,silent,980630
11,15|12|4|4|4|1|1|1|1|1,10,8,1319686,silent,1319678
11,15|12|4|4|3|2|1|1|1|1,10,44,4641379,silent,4641335
11,15|12|4|4|2|2|2|1|1|1,10,39,2792285,silent,2792246
11,15|12|4|3|3|3|1|1|1|1,10,22,2111736,silent,2111714
11,15|12|4|3|3|2|2|1|1|1,10,48,3581296,silent,3581248
11,15|12|4|3|2|2|2|2|1|1,10,41,1760728,silent,1760687
11,15|12|4|2|2|2|2|2|2|1,10,18,293181,silent,293163
11,15|12|3|3|3|3|2|1|1|1,10,6,834501,silent,834495
11,15|12|3|3|3|2|2|2|1|1,10,7,755713,silent,755706
11,15|12|3|3|2|2|2|2|2|1,10,6,272801,silent,272795
11,15|12|3|2|2|2|2|2|2|2,10,3,36057,silent,36054
11,15|11|11|1|1|1|1|1|1|1,10,1,16903,silent,16902
11,15|11|10|2|1|1|1|1|1|1,10,2,227816,silent,227814
11,15|11|9|3|1|1|1|1|1|1,10,11,1038631,silent,1038620
11,15|11|9|2|2|1|1|1|1|1,10,10,991865,silent,991855
11,15|11|8|4|1|1|1|1|1|1,10,25,2391635,silent,2391610
11,15|11|8|3|2|1|1|1|1|1,10,58,4637429,silent,4637371
11,15|11|8|2|2|2|1|1|1|1,10,35,2142713,silent,2142678
11,15|11|7|5|1|1|1|1|1|1,10,27,2966267,silent,2966240
11,15|11|7|4|2|1|1|1|1|1,10,100,9312604,silent,9312504
11,15|11|7|3|3|1|1|1|1|1,10,78,6312415,silent,6312337
11,15|11|7|3|2|2|1|1|1|1,10,134,8924638,silent,8924504
11,15|11|7|2|2|2|2|1|1|1,10,62,2631144,silent,2631082
11,15|11|6|6|1|1|1|1|1|1,10,18,1402846,silent,1402828
11,15|11|6|5|2|1|1|1|1|1,10,100,8573496,silent,8573396
11,15|11|6|4|3|1|1|1|1|1,10,134,12547434,silent,12547300
11,15|11|6|4|2|2|1|1|1|1,10,178,14380092,silent,14379914
11,15|11|6|3|3|2|1|1|1|1,10,158,12658400,silent,12658242
11,15|11|6|3|2|2|2|1|1|1,10,155,9133388,silent,9133233
11,15|11|6|2|2|2|2|2|1|1,10,58,1899319,silent,1899261
11,15|11|5|5|3|1|1|1|1|1,10,73,6993186,silent,6993113
11,15|11|5|5|2|2|1|1|1|1,10,105,7576575,silent,7576470
11,15|11|5|4|4|1|1|1|1|1,10,43,5632178,silent,5632135
11,15|11|5|4|3|2|1|1|1|1,10,181,18210757,silent,18210576
11,15|11|5|4|2|2|2|1|1|1,10,152,10536171,silent,10536019
11,15|11|5|3|3|3|1|1|1|1,10,56,6509765,silent,6509709
11,15|11|5|3|3|2|2|1|1|1,10,121,10842977,silent,10842856
11,15|11|5|3|2|2|2|2|1|1,10,94,5107727,silent,5107633
11,15|11|5|2|2|2|2|2|2|1,10,28,770908,silent,770880
11,15|11|4|4|4|2|1|1|1|1,10,26,4790627,silent,4790601
11,15|11|4|4|3|3|1|1|1|1,10,38,5371503,silent,5371465
11,15|11|4|4|3|2|2|1|1|1,10,71,8454102,silent,8454031
11,15|11|4|4|2|2|2|2|1|1,10,52,3227583,silent,3227531
11,15|11|4|3|3|3|2|1|1|1,10,28,4966522,silent,4966494
11,15|11|4|3|3|2|2|2|1|1,10,35,4318237,silent,4318202
11,15|11|4|3|2|2|2|2|2|1,10,25,1420524,silent,1420499
11,15|11|4|2|2|2|2|2|2|2,10,6,143585,silent,143579
11,15|11|3|3|3|3|3|1|1|1,10,0,-1,a0,
11,15|11|3|3|3|3|2|2|1|1,10,2,1122384,silent,1122382
11,15|11|3|3|3|2|2|2|2|1,10,1,630196,silent,630195
11,15|11|3|3|2|2|2|2|2|2,10,1,134467,silent,134466
11,15|10|10|3|1|1|1|1|1|1,10,3,428328,silent,428325
11,15|10|10|2|2|1|1|1|1|1,10,7,409379,silent,409372
11,15|10|9|4|1|1|1|1|1|1,10,16,1695829,silent,1695813
11,15|10|9|3|2|1|1|1|1|1,10,41,3255899,silent,3255858
11,15|10|9|2|2|2|1|1|1|1,10,25,1495526,silent,1495501
11,15|10|8|5|1|1|1|1|1|1,10,30,3073408,silent,3073378
11,15|10|8|4|2|1|1|1|1|1,10,109,9279168,silent,9279059
11,15|10|8|3|3|1|1|1|1|1,10,69,6188327,silent,6188258
11,15|10|8|3|2|2|1|1|1|1,10,129,8706125,silent,8705996
11,15|10|8|2|2|2|2|1|1|1,10,52,2534031,silent,2533979
11,15|10|7|6|1|1|1|1|1|1,10,25,2675745,silent,2675720
11,15|10|7|5|2|1|1|1|1|1,10,137,12703773,silent,12703636
11,15|10|7|4|3|1|1|1|1|1,10,169,17133279,silent,17133110
11,15|10|7|4|2|2|1|1|1|1,10,236,19452372,silent,19452136
11,15|10|7|3|3|2|1|1|1|1,10,190,16585848,silent,16585658
11,15|10|7|3|2|2|2|1|1|1,10,185,11830684,silent,11830499
11,15|10|7|2|2|2|2|2|1|1,10,62,2403392,silent,2403330
11,15|10|6|6|2|1|1|1|1|1,10,74,6261132,silent,6261058
11,15|10|6|5|3|1|1|1|1|1,10,182,17705110,silent,17704928
11,15|10|6|5|2|2|1|1|1|1,10,226,18858764,silent,18858538
11,15|10|6|4|4|1|1|1|1|1,10,99,11476527,silent,11476428
11,15|10|6|4|3|2|1|1|1|1,10,335,35691828,silent,35691493
11,15|10|6|4|2|2|2|1|1|1,10,245,20226771,silent,20226526
11,15|10|6|3|3|3|1|1|1|1,10,91,11736446,silent,11736355
11,15|10|6|3|3|2|2|1|1|1,10,192,19364341,silent,19364149
11,15|10|6|3|2|2|2|2|1|1,10,132,8915068,silent,8914936
11,15|10|6|2|2|2|2|2|2|1,10,37,1286490,silent,1286453
11,15|10|5|5|4|1|1|1|1|1,10,74,8096348,silent,8096274
11,15|10|5|5|3|2|1|1|1|1,10,205,20578797,silent,20578592
11,15|10|5|5|2|2|2|1|1|1,10,145,10946188,silent,10946043
11,15|10|5|4|4|2|1|1|1|1,10,130,18028627,silent,18028497
11,15|10|5|4|3|3|1|1|1|1,10,119,18791775,silent,18791656
11,15|10|5|4|3|2|2|1|1|1,10,241,29077704,silent,29077463
11,15|10|5|4|2|2|2|2|1|1,10,133,10642412,silent,10642279
11,15|10|5|3|3|3|2|1|1|1,10,63,13429437,silent,13429374
11,15|10|5|3|3|2|2|2|1|1,10,79,11437973,silent,11437894
11,15|10|5|3|2|2|2|2|2|1,10,45,3598487,silent,3598442
11,15|10|5|2|2|2|2|2|2|2,10,8,329258,silent,329250
11,15|10|4|4|4|3|1|1|1|1,10,27,6407968,silent,6407941
11,15|10|4|4|4|2|2|1|1|1,10,44,8094174,silent,8094130
11,15|10|4|4|3|3|2|1|1|1,10,52,11418919,silent,11418867
11,15|10|4|4|3|2|2|2|1|1,10,64,9119755,silent,9119691
11,15|10|4|4|2|2|2|2|2|1,10,33,2319992,silent,2319959
11,15|10|4|3|3|3|3|1|1|1,10,5,3349175,silent,3349170
11,15|10|4|3|3|3|2|2|1|1,10,12,5919034,silent,5919022
11,15|10|4|3|3|2|2|2|2|1,10,11,3184843,silent,3184832
11,15|10|4|3|2|2|2|2|2|2,10,6,621033,silent,621027
11,15|10|3|3|3|3|3|2|1|1,10,0,-1,a0,
11,15|10|3|3|3|3|2|2|2|1,10,0,-1,a0,
11,15|10|3|3|3|2|2|2|2|2,10,0,-1,a0,
11,15|9|9|5|1|1|1|1|1|1,10,13,1331271,silent,1331258
11,15|9|9|4|2|1|1|1|1|1,10,40,3951977,silent,3951937
11,15|9|9|3|3|1|1|1|1|1,10,34,2621210,silent,2621176
11,15|9|9|3|2|2|1|1|1|1,10,51,3674888,silent,3674837
11,15|9|9|2|2|2|2|1|1|1,10,25,1065415,silent,1065390
11,15|9|8|6|1|1|1|1|1|1,10,24,2257174,silent,2257150
11,15|9|8|5|2|1|1|1|1|1,10,108,9875253,silent,9875145
11,15|9|8|4|3|1|1|1|1|1,10,127,12884118,silent,12883991
11,15|9|8|4|2|2|1|1|1|1,10,170,14558405,silent,14558235
11,15|9|8|3|3|2|1|1|1|1,10,132,12237199,silent,12237067
11,15|9|8|3|2|2|2|1|1|1,10,128,8677473,silent,8677345
11,15|9|8|2|2|2|2|2|1|1,10,41,1742852,silent,1742811
11,15|9|7|7|1|1|1|1|1|1,10,7,1168467,silent,1168460
11,15|9|7|6|2|1|1|1|1|1,10,92,9648410,silent,9648318
11,15|9|7|5|3|1|1|1|1|1,10,203,21450340,silent,21450137
11,15|9|7|5|2|2|1|1|1|1,10,254,22643302,silent,22643048
11,15|9|7|4|4|1|1|1|1|1,10,96,12977066,silent,12976970
11,15|9|7|4|3|2|1|1|1|1,10,352,39615339,silent,39614987
11,15|9|7|4|2|2|2|1|1|1,10,264,22214742,silent,22214478
11,15|9|7|3|3|3|1|1|1|1,10,93,12570215,silent,12570122
11,15|9|7|3|3|2|2|1|1|1,10,185,20624939,silent,20624754
11,15|9|7|3|2|2|2|2|1|1,10,128,9387080,silent,9386952
11,15|9|7|2|2|2|2|2|2|1,10,29,1323263,silent,1323234
11,15|9|6|6|3|1|1|1|1|1,10,111,11372025,silent,11371914
11,15|9|6|6|2|2|1|1|1|1,10,115,11725455,silent,11725340
11,15|9|6|5|4|1|1|1|1|1,10,159,17948595,silent,17948436
11,15|9|6|5|3|2|1|1|1|1,10,390,43930620,silent,43930230
11,15|9|6|5|2|2|2|1|1|1,10,244,22902449,silent,22902205
11,15|9|6|4|4|2|1|1|1|1,10,213,31047318,silent,31047105
11,15|9|6|4|3|3|1|1|1|1,10,197,31352257,silent,31352060
11,15|9|6|4|3|2|2|1|1|1,10,357,48066359,silent,48066002
11,15|9|6|4|2|2|2|2|1|1,10,183,17212841,silent,17212658
11,15|9|6|3|3|3|2|1|1|1,10,92,20463114,silent,20463022
11,15|9|6|3|3|2|2|2|1|1,10,106,17232208,silent,17232102
11,15|9|6|3|2|2|2|2|2|1,10,55,5300225,silent,5300170
11,15|9|6|2|2|2|2|2|2|2,10,8,463749,silent,463741
11,15|9|5|5|5|1|1|1|1|1,10,43,4020696,silent,4020653
11,15|9|5|5|4|2|1|1|1|1,10,190,22842050,silent,22841860
11,15|9|5|5|3|3|1|1|1|1,10,118,19147106,silent,19146988
11,15|9|5|5|3|2|2|1|1|1,10,222,28676247,silent,28676025
11,15|9|5|5|2|2|2|2|1|1,10,93,9600192,silent,9600099
11,15|9|5|4|4|3|1|1|1|1,10,101,21166785,silent,21166684
11,15|9|5|4|4|2|2|1|1|1,10,164,26309643,silent,26309479
11,15|9|5|4|3|3|2|1|1|1,10,139,34515565,silent,34515426
11,15|9|5|4|3|2|2|2|1|1,10,159,27024480,silent,27024321
11,15|9|5|4|2|2|2|2|2|1,10,58,6576838,silent,6576780
11,15|9|5|3|3|3|3|1|1|1,10,10,7891973,silent,7891963
11,15|9|5|3|3|3|2|2|1|1,10,24,13810526,silent,13810502
11,15|9|5|3|3|2|2|2|2|1,10,22,7271966,silent,7271944
11,15|9|5|3|2|2|2|2|2|2,10,7,1353871,silent,1353864
11,15|9|4|4|4|4|1|1|1|1,10,6,3188235,silent,3188229
11,15|9|4|4|4|3|2|1|1|1,10,45,12520742,silent,12520697
11,15|9|4|4|4|2|2|2|1|1,10,48,7859446,silent,7859398
11,15|9|4|4|3|3|3|1|1|1,10,15,7056165,silent,7056150
11,15|9|4|4|3|3|2|2|1|1,10,31,12061216,silent,12061185
11,15|9|4|4|3|2|2|2|2|1,10,31,5935601,silent,5935570
11,15|9|4|4|2|2|2|2|2|2,10,8,894213,silent,894205
11,15|9|4|3|3|3|3|2|1|1,10,1,4654862,silent,4654861
11,15|9|4|3|3|3|2|2|2|1,10,1,4072956,silent,4072955
11,15|9|4|3|3|2|2|2|2|2,10,1,1249883,silent,1249882
11,15|9|3|3|3|3|3|3|1|1,10,0,-1,a0,
11,15|9|3|3|3|3|3|2|2|1,10,0,-1,a0,
11,15|9|3|3|3|3|2|2|2|2,10,0,-1,a0,
11,15|8|8|7|1|1|1|1|1|1,10,7,717738,silent,717731
11,15|8|8|6|2|1|1|1|1|1,10,54,4773987,silent,4773933
11,15|8|8|5|3|1|1|1|1|1,10,91,9904530,silent,9904439
11,15|8|8|5|2|2|1|1|1|1,10,115,10419529,silent,10419414
11,15|8|8|4|4|1|1|1|1|1,10,55,5854590,silent,5854535
11,15|8|8|4|3|2|1|1|1|1,10,150,17721417,silent,17721267
11,15|8|8|4|2|2|2|1|1|1,10,103,9887881,silent,9887778
11,15|8|8|3|3|3|1|1|1|1,10,32,5540472,silent,5540440
11,15|8|8|3|3|2|2|1|1|1,10,81,9075915,silent,9075834
11,15|8|8|3|2|2|2|2|1|1,10,50,4106246,silent,4106196
11,15|8|8|2|2|2|2|2|2|1,10,13,574198,silent,574185
11,15|8|7|7|2|1|1|1|1|1,10,25,3127178,silent,3127153
11,15|8|7|6|3|1|1|1|1|1,10,109,12953825,silent,12953716
11,15|8|7|6|2|2|1|1|1|1,10,129,13251601,silent,13251472
11,15|8|7|5|4|1|1|1|1|1,10,133,16381678,silent,16381545
11,15|8|7|5|3|2|1|1|1|1,10,329,39418587,silent,39418258
11,15|8|7|5|2|2|2|1|1|1,10,210,20355188,silent,20354978
11,15|8|7|4|4|2|1|1|1|1,10,178,26120151,silent,26119973
11,15|8|7|4|3|3|1|1|1|1,10,151,26005376,silent,26005225
11,15|8|7|4|3|2|2|1|1|1,10,284,39686292,silent,39686008
11,15|8|7|4|2|2|2|2|1|1,10,137,14062888,silent,14062751
11,15|8|7|3|3|3|2|1|1|1,10,69,16346619,silent,16346550
11,15|8|7|3|3|2|2|2|1|1,10,79,13688836,silent,13688757
11,15|8|7|3|2|2|2|2|2|1,10,37,4163418,silent,4163381
11,15|8|7|2|2|2|2|2|2|2,10,5,356569,silent,356564
11,15|8|6|6|4|1|1|1|1|1,10,87,10136797,silent,10136710
11,15|8|6|6|3|2|1|1|1|1,10,175,22870431,silent,22870256
11,15|8|6|6|2|2|2|1|1|1,10,90,11483404,silent,11483314
11,15|8|6|5|5|1|1|1|1|1,10,69,7767119,silent,7767050
11,15|8|6|5|4|2|1|1|1|1,10,295,40575887,silent,40575592
11,15|8|6|5|3|3|1|1|1|1,10,195,32993207,silent,32993012
11,15|8|6|5|3|2|2|1|1|1,10,330,48988726,silent,48988396
11,15|8|6|5|2|2|2|2|1|1,10,130,16060373,silent,16060243
11,15|8|6|4|4|3|1|1|1|1,10,146,29554209,silent,29554063
11,15|8|6|4|4|2|2|1|1|1,10,197,36410223,silent,36410026
11,15|8|6|4|3|3|2|1|1|1,10,186,46350240,silent,46350054
11,15|8|6|4|3|2|2|2|1|1,10,189,35908229,silent,35908040
11,15|8|6|4|2|2|2|2|2|1,10,68,8554783,silent,8554715
11,15|8|6|3|3|3|3|1|1|1,10,13,9742524,silent,9742511
11,15|8|6|3|3|3|2|2|1|1,10,33,16969388,silent,16969355
11,15|8|6|3|3|2|2|2|2|1,10,25,8830694,silent,8830669
11,15|8|6|3|2|2|2|2|2|2,10,9,1611193,silent,1611184
11,15|8|5|5|5|2|1|1|1|1,10,89,9943404,silent,9943315
11,15|8|5|5|4|3|1|1|1|1,10,132,23401667,silent,23401535
11,15|8|5|5|4|2|2|1|1|1,10,180,28176109,silent,28175929
11,15|8|5|5|3|3|2|1|1|1,10,109,29756197,silent,29756088
11,15|8|5|5|3|2|2|2|1|1,10,106,22435841,silent,22435735
11,15|8|5|5|2|2|2|2|2|1,10,24,4980231,silent,4980207
11,15|8|5|4|4|4|1|1|1|1,10,37,9143273,silent,9143236
11,15|8|5|4|4|3|2|1|1|1,10,127,34603160,silent,34603033
11,15|8|5|4|4|2|2|2|1|1,10,106,21309177,silent,21309071
11,15|8|5|4|3|3|3|1|1|1,10,28,17977063,silent,17977035
11,15|8|5|4|3|3|2|2|1|1,10,68,30453833,silent,30453765
11,15|8|5|4|3|2|2|2|2|1,10,51,14671745,silent,14671694
11,15|8|5|4|2|2|2|2|2|2,10,10,2111450,silent,2111440
11,15|8|5|3|3|3|3|2|1|1,10,2,9190403,silent,9190401
11,15|8|5|3|3|3|2|2|2|1,10,3,7955476,silent,7955473
11,15|8|5|3|3|2|2|2|2|2,10,2,2388088,silent,2388086
11,15|8|4|4|4|4|2|1|1|1,10,16,5926583,silent,5926567
11,15|8|4|4|4|3|3|1|1|1,10,17,7332140,silent,7332123
11,15|8|4|4|4|3|2|2|1|1,10,39,11647486,silent,11647447
11,15|8|4|4|4|2|2|2|2|1,10,29,4464096,silent,4464067
11,15|8|4|4|3|3|3|2|1|1,10,6,8505414,silent,8505408
11,15|8|4|4|3|3|2|2|2|1,10,9,7159777,silent,7159768
11,15|8|4|4|3|2|2|2|2|2,10,6,2008521,silent,2008515
11,15|8|4|3|3|3|3|3|1|1,10,0,-1,a0,
11,15|8|4|3|3|3|3|2|2|1,10,0,-1,a0,
11,15|8|4|3|3|3|2|2|2|2,10,0,-1,a0,
11,15|8|3|3|3|3|3|3|2|1,10,0,-1,a0,
11,15|8|3|3|3|3|3|2|2|2,10,0,-1,a0,
11,15|7|7|7|3|1|1|1|1|1,10,16,2433221,silent,2433205
11,15|7|7|7|2|2|1|1|1|1,10,23,2453400,silent,2453377
11,15|7|7|6|4|1|1|1|1|1,10,39,6630002,silent,6629963
11,15|7|7|6|3|2|1|1|1|1,10,110,14756435,silent,14756325
11,15|7|7|6|2|2|2|1|1|1,10,71,7356007,silent,7355936
11,15|7|7|5|5|1|1|1|1|1,10,39,4219370,silent,4219331
11,15|7|7|5|4|2|1|1|1|1,10,149,21373813,silent,21373664
11,15|7|7|5|3|3|1|1|1|1,10,101,17180962,silent,17180861
11,15|7|7|5|3|2|2|1|1|1,10,170,25410486,silent,25410316
11,15|7|7|5|2|2|2|2|1|1,10,67,8263435,silent,8263368
11,15|7|7|4|4|3|1|1|1|1,10,63,14535373,silent,14535310
11,15|7|7|4|4|2|2|1|1|1,10,110,17850039,silent,17849929
11,15|7|7|4|3|3|2|1|1|1,10,84,22448475,silent,22448391
11,15|7|7|4|3|2|2|2|1|1,10,87,17315577,silent,17315490
11,15|7|7|4|2|2|2|2|2|1,10,24,4085892,silent,4085868
11,15|7|7|3|3|3|3|1|1|1,10,8,4579990,silent,4579982
11,15|7|7|3|3|3|2|2|1|1,10,12,7952859,silent,7952847
11,15|7|7|3|3|2|2|2|2|1,10,10,4120562,silent,4120552
11,15|7|7|3|2|2|2|2|2|2,10,2,742558,silent,742556
11,15|7|6|6|5|1|1|1|1|1,10,30,4078852,silent,4078822
11,15|7|6|6|4|2|1|1|1|1,10,101,16749130,silent,16749029
11,15|7|6|6|3|3|1|1|1|1,10,73,12719911,silent,12719838
11,15|7|6|6|3|2|2|1|1|1,10,105,18596889,silent,18596784
11,15|7|6|6|2|2|2|2|1|1,10,39,5865155,silent,5865116
11,15|7|6|5|5|2|1|1|1|1,10,104,13827344,silent,13827240
11,15|7|6|5|4|3|1|1|1|1,10,157,30237495,silent,30237338
11,15|7|6|5|4|2|2|1|1|1,10,195,36117074,silent,36116879
11,15|7|6|5|3|3|2|1|1|1,10,141,37101933,silent,37101792
11,15|7|6|5|3|2|2|2|1|1,10,120,27706995,silent,27706875
11,15|7|6|5|2|2|2|2|2|1,10,32,6034150,silent,6034118
11,15|7|6|4|4|4|1|1|1|1,10,33,9465999,silent,9465966
11,15|7|6|4|4|3|2|1|1|1,10,125,35222701,silent,35222576
11,15|7|6|4|4|2|2|2|1|1,10,97,21486799,silent,21486702
11,15|7|6|4|3|3|3|1|1|1,10,32,17709091,silent,17709059
11,15|7|6|4|3|3|2|2|1|1,10,65,29865567,silent,29865502
11,15|7|6|4|3|2|2|2|2|1,10,46,14240080,silent,14240034
11,15|7|6|4|2|2|2|2|2|2,10,9,2009955,silent,2009946
11,15|7|6|3|3|3|3|2|1|1,10,2,8333509,silent,8333507
11,15|7|6|3|3|3|2|2|2|1,10,3,7173536,silent,7173533
11,15|7|6|3|3|2|2|2|2|2,10,2,2131053,silent,2131051
11,15|7|5|5|5|3|1|1|1|1,10,59,8878258,silent,8878199
11,15|7|5|5|5|2|2|1|1|1,10,59,9950228,silent,9950169
11,15|7|5|5|4|4|1|1|1|1,10,48,8747333,silent,8747285
11,15|7|5|5|4|3|2|1|1|1,10,114,30543380,silent,30543266
11,15|7|5|5|4|2|2|2|1|1,10,70,18134973,silent,18134903
11,15|7|5|5|3|3|3|1|1|1,10,16,12541283,silent,12541267
11,15|7|5|5|3|3|2|2|1|1,10,36,20906815,silent,20906779
11,15|7|5|5|3|2|2|2|2|1,10,19,9678452,silent,9678433
11,15|7|5|5|2|2|2|2|2|2,10,2,1267635,silent,1267633
11,15|7|5|4|4|4|2|1|1|1,10,50,13418859,silent,13418809
11,15|7|5|4|4|3|3|1|1|1,10,31,16096783,silent,16096752
11,15|7|5|4|4|3|2|2|1|1,10,72,25369885,silent,25369813
11,15|7|5|4|4|2|2|2|2|1,10,35,9524008,silent,9523973
11,15|7|5|4|3|3|3|2|1|1,10,9,17124090,silent,17124081
11,15|7|5|4|3|3|2|2|2|1,10,14,14274099,silent,14274085
11,15|7|5|4|3|2|2|2|2|2,10,6,3916546,silent,3916540
11,15|7|5|3|3|3|3|3|1|1,10,0,-1,a0,
11,15|7|5|3|3|3|3|2|2|1,10,0,-1,a0,
11,15|7|5|3|3|3|2|2|2|2,10,0,-1,a0,
11,15|7|4|4|4|4|3|1|1|1,10,8,3764821,silent,3764813
11,15|7|4|4|4|4|2|2|1|1,10,21,4809253,silent,4809232
11,15|7|4|4|4|3|3|2|1|1,10,12,7503345,silent,7503333
11,15|7|4|4|4|3|2|2|2|1,10,19,5815587,silent,5815568
11,15|7|4|4|4|2|2|2|2|2,10,7,1266031,silent,1266024
11,15|7|4|4|3|3|3|3|1|1,10,0,-1,a0,
11,15|7|4|4|3|3|3|2|2|1,10,0,-1,a0,
11,15|7|4|4|3|3|2|2|2|2,10,1,2090514,silent,2090513
11,15|7|4|3|3|3|3|3|2|1,10,0,-1,a0,
11,15|7|4|3|3|3|3|2|2|2,10,0,-1,a0,
11,15|7|3|3|3|3|3|3|3|1,10,0,-1,a0,
11,15|7|3|3|3|3|3|3|2|2,10,0,-1,a0,
11,15|6|6|6|6|1|1|1|1|1,10,6,458443,silent,458437
11,15|6|6|6|5|2|1|1|1|1,10,23,4026848,silent,4026825
11,15|6|6|6|4|3|1|1|1|1,10,36,7058346,silent,7058310
11,15|6|6|6|4|2|2|1|1|1,10,28,8308635,silent,8308607
11,15|6|6|6|3|3|2|1|1|1,10,34,8009349,silent,8009315
11,15|6|6|6|3|2|2|2|1|1,10,23,5879370,silent,5879347
11,15|6|6|6|2|2|2|2|2|1,10,9,1235534,silent,1235525
11,15|6|6|5|5|3|1|1|1|1,10,36,6800490,silent,6800454
11,15|6|6|5|5|2|2|1|1|1,10,40,7576262,silent,7576222
11,15|6|6|5|4|4|1|1|1|1,10,28,6335829,silent,6335801
11,15|6|6|5|4|3|2|1|1|1,10,75,21806801,silent,21806726
11,15|6|6|5|4|2|2|2|1|1,10,44,12843602,silent,12843558
11,15|6|6|5|3|3|3|1|1|1,10,16,8708568,silent,8708552
11,15|6|6|5|3|3|2|2|1|1,10,30,14469968,silent,14469938
11,15|6|6|5|3|2|2|2|2|1,10,18,6640280,silent,6640262
11,15|6|6|5|2|2|2|2|2|2,10,4,859472,silent,859468
11,15|6|6|4|4|4|2|1|1|1,10,20,7820056,silent,7820036
11,15|6|6|4|4|3|3|1|1|1,10,24,9277074,silent,9277050
11,15|6|6|4|4|3|2|2|1|1,10,37,14560564,silent,14560527
11,15|6|6|4|4|2|2|2|2|1,10,22,5422734,silent,5422712
11,15|6|6|4|3|3|3|2|1|1,10,7,9562039,silent,9562032
11,15|6|6|4|3|3|2|2|2|1,10,8,7933113,silent,7933105
11,15|6|6|4|3|2|2|2|2|2,10,5,2159138,silent,2159133
11,15|6|6|3|3|3|3|3|1|1,10,0,-1,a0,
11,15|6|6|3|3|3|3|2|2|1,10,0,-1,a0,
11,15|6|6|3|3|3|2|2|2|2,10,0,-1,a0,
11,15|6|5|5|5|4|1|1|1|1,10,20,3049881,silent,3049861
11,15|6|5|5|5|3|2|1|1|1,10,29,8420485,silent,8420456
11,15|6|5|5|5|2|2|2|1|1,10,12,4614151,silent,4614139
11,15|6|5|5|4|4|2|1|1|1,10,39,9163989,silent,9163950
11,15|6|5|5|4|3|3|1|1|1,10,18,10265660,silent,10265642
11,15|6|5|5|4|3|2|2|1|1,10,32,15939989,silent,15939957
11,15|6|5|5|4|2|2|2|2|1,10,9,5758854,silent,5758845
11,15|6|5|5|3|3|3|2|1|1,10,3,8545021,silent,8545018
11,15|6|5|5|3|3|2|2|2|1,10,5,6997070,silent,6997065
11,15|6|5|5|3|2|2|2|2|2,10,1,1843332,silent,1843331
11,15|6|5|4|4|4|3|1|1|1,10,18,6047191,silent,6047173
11,15|6|5|4|4|4|2|2|1|1,10,27,7669465,silent,7669438
11,15|6|5|4|4|3|3|2|1|1,10,15,11631338,silent,11631323
11,15|6|5|4|4|3|2|2|2|1,10,18,8933666,silent,8933648
11,15|6|5|4|4|2|2|2|2|2,10,5,1904492,silent,1904487
11,15|6|5|4|3|3|3|3|1|1,10,0,-1,a0,
11,15|6|5|4|3|3|3|2|2|1,10,1,6733796,silent,6733795
11,15|6|5|4|3|3|2|2|2|2,10,1,2957543,silent,2957542
11,15|6|5|3|3|3|3|3|2|1,10,0,-1,a0,
11,15|6|5|3|3|3|3|2|2|2,10,0,-1,a0,
11,15|6|4|4|4|4|4|1|1|1,10,1,763652,silent,763651
11,15|6|4|4|4|4|3|2|1|1,10,10,3159987,silent,3159977
11,15|6|4|4|4|4|2|2|2|1,10,13,1931564,silent,1931551
11,15|6|4|4|4|3|3|3|1|1,10,1,2013711,silent,2013710
11,15|6|4|4|4|3|3|2|2|1,10,3,3287579,silent,3287576
11,15|6|4|4|4|3|2|2|2|2,10,4,1338175,silent,1338171
11,15|6|4|4|3|3|3|3|2|1,10,0,-1,a0,
11,15|6|4|4|3|3|3|2|2|2,10,0,-1,a0,
11,15|6|4|3|3|3|3|3|3|1,10,0,-1,a0,
11,15|6|4|3|3|3|3|3|2|2,10,0,-1,a0,
11,15|6|3|3|3|3|3|3|3|2,10,0,-1,a0,
11,15|5|5|5|5|5|1|1|1|1,10,2,258278,silent,258276
11,15|5|5|5|5|4|2|1|1|1,10,7,1751031,silent,1751024
11,15|5|5|5|5|3|3|1|1|1,10,2,1590906,silent,1590904
11,15|5|5|5|5|3|2|2|1|1,10,2,2396218,silent,2396216
11,15|5|5|5|5|2|2|2|2|1,10,0,-1,a0,
11,15|5|5|5|4|4|3|1|1|1,10,8,2247151,silent,2247143
11,15|5|5|5|4|4|2|2|1|1,10,8,2813676,silent,2813668
11,15|5|5|5|4|3|3|2|1|1,10,2,3997846,silent,3997844
11,15|5|5|5|4|3|2|2|2|1,10,2,3021509,silent,3021507
11,15|5|5|5|4|2|2|2|2|2,10,0,-1,a0,
11,15|5|5|5|3|3|3|3|1|1,10,0,-1,a0,
11,15|5|5|5|3|3|3|2|2|1,10,0,-1,a0,
11,15|5|5|5|3|3|2|2|2|2,10,0,-1,a0,
11,15|5|5|4|4|4|4|1|1|1,10,5,663142,silent,663137
11,15|5|5|4|4|4|3|2|1|1,10,8,2700613,silent,2700605
11,15|5|5|4|4|4|2|2|2|1,10,5,1636455,silent,1636450
11,15|5|5|4|4|3|3|3|1|1,10,0,-1,a0,
11,15|5|5|4|4|3|3|2|2|1,10,2,2723544,silent,2723542
11,15|5|5|4|4|3|2|2|2|2,10,1,1097343,silent,1097342
11,15|5|5|4|3|3|3|3|2|1,10,0,-1,a0,
11,15|5|5|4|3|3|3|2|2|2,10,0,-1,a0,
11,15|5|5|3|3|3|3|3|3|1,10,0,-1,a0,
11,15|5|5|3|3|3|3|3|2|2,10,0,-1,a0,
11,15|5|4|4|4|4|4|2|1|1,10,3,496080,silent,496077
11,15|5|4|4|4|4|3|3|1|1,10,1,652029,silent,652028
11,15|5|4|4|4|4|3|2|2|1,10,5,991942,silent,991937
11,15|5|4|4|4|4|2|2|2|2,10,3,316356,silent,316353
11,15|5|4|4|4|3|3|3|2|1,10,0,-1,a0,
11,15|5|4|4|4|3|3|2|2|2,10,0,-1,a0,
11,15|5|4|4|3|3|3|3|3|1,10,0,-1,a0,
11,15|5|4|4|3|3|3|3|2|2,10,0,-1,a0,
11,15|5|4|3|3|3|3|3|3|2,10,0,-1,a0,
11,15|5|3|3|3|3|3|3|3|3,10,0,-1,a0,
11,15|4|4|4|4|4|4|3|1|1,10,0,-1,a0,
11,15|4|4|4|4|4|4|2|2|1,10,2,86554,silent,86552
11,15|4|4|4|4|4|3|3|2|1,10,0,-1,a0,
11,15|4|4|4|4|4|3|2|2|2,10,1,91301,silent,91300
11,15|4|4|4|4|3|3|3|3|1,10,0,-1,a0,
11,15|4|4|4|4|3|3|3|2|2,10,0,-1,a0,
11,15|4|4|4|3|3|3|3|3|2,10,0,-1,a0,
11,15|4|4|3|3|3|3|3|3|3,10,0,-1,a0,
11,14|14|9|1|1|1|1|1|1|1,10,0,-1,a0,
11,14|14|8|2|1|1|1|1|1|1,10,0,-1,a0,
11,14|14|7|3|1|1|1|1|1|1,10,2,287005,silent,287003
11,14|14|7|2|2|1|1|1|1|1,10,2,278724,silent,278722
11,14|14|6|4|1|1|1|1|1|1,10,2,383983,silent,383981
11,14|14|6|3|2|1|1|1|1|1,10,9,791769,silent,791760
11,14|14|6|2|2|2|1|1|1|1,10,7,378888,silent,378881
11,14|14|5|5|1|1|1|1|1|1,10,2,188521,silent,188519
11,14|14|5|4|2|1|1|1|1|1,10,8,831957,silent,831949
11,14|14|5|3|3|1|1|1|1|1,10,8,626932,silent,626924
11,14|14|5|3|2|2|1|1|1|1,10,15,910999,silent,910984
11,14|14|5|2|2|2|2|1|1|1,10,8,286911,silent,286903
11,14|14|4|4|3|1|1|1|1|1,10,3,455507,silent,455504
11,14|14|4|4|2|2|1|1|1|1,10,9,550848,silent,550839
11,14|14|4|3|3|2|1|1|1|1,10,10,648060,silent,648050
11,14|14|4|3|2|2|2|1|1|1,10,11,497235,silent,497224
11,14|14|4|2|2|2|2|2|1|1,10,4,118266,silent,118262
11,14|14|3|3|3|3|1|1|1|1,10,3,115625,silent,115622
11,14|14|3|3|3|2|2|1|1|1,10,4,202293,silent,202289
11,14|14|3|3|2|2|2|2|1|1,10,5,109387,silent,109382
11,14|14|3|2|2|2|2|2|2|1,10,2,23584,silent,23582
11,14|14|2|2|2|2|2|2|2|2,10,2,1621,silent,1619
11,14|13|10|1|1|1|1|1|1|1,10,0,-1,a0,
11,14|13|9|2|1|1|1|1|1|1,10,1,206377,silent,206376
11,14|13|8|3|1|1|1|1|1|1,10,6,674749,silent,674743
11,14|13|8|2|2|1|1|1|1|1,10,8,648086,silent,648078
11,14|13|7|4|1|1|1|1|1|1,10,11,1169650,silent,1169639
11,14|13|7|3|2|1|1|1|1|1,10,28,2311179,silent,2311151
11,14|13|7|2|2|2|1|1|1|1,10,18,1079376,silent,1079358
11,14|13|6|5|1|1|1|1|1|1,10,10,1006470,silent,1006460
11,14|13|6|4|2|1|1|1|1|1,10,42,3450048,silent,3450006
11,14|13|6|3|3|1|1|1|1|1,10,33,2413255,silent,2413222
11,14|13|6|3|2|2|1|1|1|1,10,56,3444635,silent,3444579
11,14|13|6|2|2|2|2|1|1|1,10,25,1037335,silent,1037310
11,14|13|5|5|2|1|1|1|1|1,10,20,1758355,silent,1758335
11,14|13|5|4|3|1|1|1|1|1,10,36,3268675,silent,3268639
11,14|13|5|4|2|2|1|1|1|1,10,52,3809823,silent,3809771
11,14|13|5|3|3|2|1|1|1|1,10,52,3605469,silent,3605417
11,14|13|5|3|2|2|2|1|1|1,10,54,2654832,silent,2654778
11,14|13|5|2|2|2|2|2|1|1,10,22,576609,silent,576587
11,14|13|4|4|4|1|1|1|1|1,10,6,776963,silent,776957
11,14|13|4|4|3|2|1|1|1|1,10,27,2730147,silent,2730120
11,14|13|4|4|2|2|2|1|1|1,10,24,1641036,silent,1641012
11,14|13|4|3|3|3|1|1|1|1,10,14,1240775,silent,1240761
11,14|13|4|3|3|2|2|1|1|1,10,28,2102510,silent,2102482
11,14|13|4|3|2|2|2|2|1|1,10,23,1032262,silent,1032239
11,14|13|4|2|2|2|2|2|2|1,10,10,171403,silent,171393
11,14|13|3|3|3|3|2|1|1|1,10,3,488956,silent,488953
11,14|13|3|3|3|2|2|2|1|1,10,4,442169,silent,442165
11,14|13|3|3|2|2|2|2|2|1,10,3,159301,silent,159298
11,14|13|3|2|2|2|2|2|2|2,10,2,20927,silent,20925
11,14|12|11|1|1|1|1|1|1|1,10,0,-1,a0,
11,14|12|10|2|1|1|1|1|1|1,10,2,210398,silent,210396
11,14|12|9|3|1|1|1|1|1|1,10,10,874897,silent,874887
11,14|12|9|2|2|1|1|1|1|1,10,11,835143,silent,835132
11,14|12|8|4|1|1|1|1|1|1,10,21,1927470,silent,1927449
11,14|12|8|3|2|1|1|1|1|1,10,53,3731151,silent,3731098
11,14|12|8|2|2|2|1|1|1|1,10,33,1722198,silent,1722165
11,14|12|7|5|1|1|1|1|1|1,10,26,2340222,silent,2340196
11,14|12|7|4|2|1|1|1|1|1,10,90,7319430,silent,7319340
11,14|12|7|3|3|1|1|1|1|1,10,67,4952059,silent,4951992
11,14|12|7|3|2|2|1|1|1|1,10,109,6995085,silent,6994976
11,14|12|7|2|2|2|2|1|1|1,10,47,2057291,silent,2057244
11,14|12|6|6|1|1|1|1|1|1,10,14,1095108,silent,1095094
11,14|12|6|5|2|1|1|1|1|1,10,86,6660398,silent,6660312
11,14|12|6|4|3|1|1|1|1|1,10,110,9715861,silent,9715751
11,14|12|6|4|2|2|1|1|1|1,10,154,11128483,silent,11128329
11,14|12|6|3|3|2|1|1|1|1,10,125,9776067,silent,9775942
11,14|12|6|3|2|2|2|1|1|1,10,118,7044419,silent,7044301
11,14|12|6|2|2|2|2|2|1|1,10,37,1459383,silent,1459346
11,14|12|5|5|3|1|1|1|1|1,10,63,5385452,silent,5385389
11,14|12|5|5|2|2|1|1|1|1,10,79,5826770,silent,5826691
11,14|12|5|4|4|1|1|1|1|1,10,38,4326681,silent,4326643
11,14|12|5|4|3|2|1|1|1|1,10,148,13966851,silent,13966703
11,14|12|5|4|2|2|2|1|1|1,10,115,8069092,silent,8068977
11,14|12|5|3|3|3|1|1|1|1,10,46,4982881,silent,4982835
11,14|12|5|3|3|2|2|1|1|1,10,92,8291732,silent,8291640
11,14|12|5|3|2|2|2|2|1|1,10,69,3898379,silent,3898310
11,14|12|5|2|2|2|2|2|2|1,10,21,586393,silent,586372
11,14|12|4|4|4|2|1|1|1|1,10,26,3659402,silent,3659376
11,14|12|4|4|3|3|1|1|1|1,10,26,4095077,silent,4095051
11,14|12|4|4|3|2|2|1|1|1,10,58,6442464,silent,6442406
11,14|12|4|4|2|2|2|2|1|1,10,31,2452535,silent,2452504
11,14|12|4|3|3|3|2|1|1|1,10,22,3777343,silent,3777321
11,14|12|4|3|3|2|2|2|1|1,10,27,3280302,silent,3280275
11,14|12|4|3|2|2|2|2|2|1,10,18,1075695,silent,1075677
11,14|12|4|2|2|2|2|2|2|2,10,7,108885,silent,108878
11,14|12|3|3|3|3|3|1|1|1,10,1,473309,silent,473308
11,14|12|3|3|3|3|2|2|1|1,10,0,-1,a0,
11,14|12|3|3|3|2|2|2|2|1,10,1,475884,silent,475883
11,14|12|3|3|2|2|2|2|2|2,10,0,-1,a0,
11,14|11|11|2|1|1|1|1|1|1,10,2,89945,silent,89943
11,14|11|10|3|1|1|1|1|1|1,10,9,630265,silent,630256
11,14|11|10|2|2|1|1|1|1|1,10,9,599673,silent,599664
11,14|11|9|4|1|1|1|1|1|1,10,26,1922396,silent,1922370
11,14|11|9|3|2|1|1|1|1|1,10,53,3676239,silent,3676186
11,14|11|9|2|2|2|1|1|1|1,10,28,1683289,silent,1683261
11,14|11|8|5|1|1|1|1|1|1,10,41,3175846,silent,3175805
11,14|11|8|4|2|1|1|1|1|1,10,126,9528919,silent,9528793
11,14|11|8|3|3|1|1|1|1|1,10,84,6339665,silent,6339581
11,14|11|8|3|2|2|1|1|1|1,10,137,8903351,silent,8903214
11,14|11|8|2|2|2|2|1|1|1,10,55,2584008,silent,2583953
11,14|11|7|6|1|1|1|1|1|1,10,31,2659913,silent,2659882
11,14|11|7|5|2|1|1|1|1|1,10,152,12505677,silent,12505525
11,14|11|7|4|3|1|1|1|1|1,10,188,16782478,silent,16782290
11,14|11|7|4|2|2|1|1|1|1,10,242,19025246,silent,19025004
11,14|11|7|3|3|2|1|1|1|1,10,196,16182164,silent,16181968
11,14|11|7|3|2|2|2|1|1|1,10,179,11518869,silent,11518690
11,14|11|7|2|2|2|2|2|1|1,10,58,2332162,silent,2332104
11,14|11|6|6|2|1|1|1|1|1,10,79,6057972,silent,6057893
11,14|11|6|5|3|1|1|1|1|1,10,193,16984469,silent,16984276
11,14|11|6|5|2|2|1|1|1|1,10,225,18064900,silent,18064675
11,14|11|6|4|4|1|1|1|1|1,10,103,10965316,silent,10965213
11,14|11|6|4|3|2|1|1|1|1,10,338,34025113,silent,34024775
11,14|11|6|4|2|2|2|1|1|1,10,234,19245662,silent,19245428
11,14|11|6|3|3|3|1|1|1|1,10,92,11153866,silent,11153774
11,14|11|6|3|3|2|2|1|1|1,10,178,18378175,silent,18377997
11,14|11|6|3|2|2|2|2|1|1,10,118,8439663,silent,8439545
11,14|11|6|2|2|2|2|2|2|1,10,31,1212030,silent,1211999
11,14|11|5|5|4|1|1|1|1|1,10,77,7660696,silent,7660619
11,14|11|5|5|3|2|1|1|1|1,10,201,19425861,silent,19425660
11,14|11|5|5|2|2|2|1|1|1,10,135,10312546,silent,10312411
11,14|11|5|4|4|2|1|1|1|1,10,131,16953180,silent,16953049
11,14|11|5|4|3|3|1|1|1|1,10,122,17643049,silent,17642927
11,14|11|5|4|3|2|2|1|1|1,10,227,27266891,silent,27266664
11,14|11|5|4|2|2|2|2|1|1,10,119,9954725,silent,9954606
11,14|11|5|3|3|3|2|1|1|1,10,58,12554892,silent,12554834
11,14|11|5|3|3|2|2|2|1|1,10,68,10671795,silent,10671727
11,14|11|5|3|2|2|2|2|2|1,10,37,3345816,silent,3345779
11,14|11|5|2|2|2|2|2|2|2,10,7,303916,silent,303909
11,14|11|4|4|4|3|1|1|1|1,10,28,5971455,silent,5971427
11,14|11|4|4|4|2|2|1|1|1,10,45,7535362,silent,7535317
11,14|11|4|4|3|3|2|1|1|1,10,50,10612666,silent,10612616
11,14|11|4|4|3|2|2|2|1|1,10,56,8460480,silent,8460424
11,14|11|4|4|2|2|2|2|2|1,10,27,2144364,silent,2144337
11,14|11|4|3|3|3|3|1|1|1,10,5,3102316,silent,3102311
11,14|11|4|3|3|3|2|2|1|1,10,10,5474471,silent,5474461
11,14|11|4|3|3|2|2|2|2|1,10,9,2937484,silent,2937475
11,14|11|4|3|2|2|2|2|2|2,10,5,569741,silent,569736
11,14|11|3|3|3|3|3|2|1|1,10,0,-1,a0,
11,14|11|3|3|3|3|2|2|2|1,10,0,-1,a0,
11,14|11|3|3|3|2|2|2|2|2,10,0,-1,a0,
11,14|10|10|4|1|1|1|1|1|1,10,9,815265,silent,815256
11,14|10|10|3|2|1|1|1|1|1,10,24,1554052,silent,1554028
11,14|10|10|2|2|2|1|1|1|1,10,16,710820,silent,710804
11,14|10|9|5|1|1|1|1|1|1,10,29,2366437,silent,2366408
11,14|10|9|4|2|1|1|1|1|1,10,90,6964094,silent,6964004
11,14|10|9|3|3|1|1|1|1|1,10,61,4596235,silent,4596174
11,14|10|9|3|2|2|1|1|1|1,10,98,6434790,silent,6434692
11,14|10|9|2|2|2|2|1|1|1,10,37,1855127,silent,1855090
11,14|10|8|6|1|1|1|1|1|1,10,37,3120862,silent,3120825
11,14|10|8|5|2|1|1|1|1|1,10,169,13447811,silent,13447642
11,14|10|8|4|3|1|1|1|1|1,10,190,17403021,silent,17402831
11,14|10|8|4|2|2|1|1|1|1,10,253,19629501,silent,19629248
11,14|10|8|3|3|2|1|1|1|1,10,180,16427331,silent,16427151
11,14|10|8|3|2|2|2|1|1|1,10,164,11616490,silent,11616326
11,14|10|8|2|2|2|2|2|1|1,10,44,2318740,silent,2318696
11,14|10|7|7|1|1|1|1|1|1,10,16,1503072,silent,1503056
11,14|10|7|6|2|1|1|1|1|1,10,136,12076281,silent,12076145
11,14|10|7|5|3|1|1|1|1|1,10,278,26462560,silent,26462282
11,14|10|7|5|2|2|1|1|1|1,10,324,27878706,silent,27878382
11,14|10|7|4|4|1|1|1|1|1,10,142,15910912,silent,15910770
11,14|10|7|4|3|2|1|1|1|1,10,453,48393564,silent,48393111
11,14|10|7|4|2|2|2|1|1|1,10,311,27060843,silent,27060532
11,14|10|7|3|3|3|1|1|1|1,10,115,15277050,silent,15276935
11,14|10|7|3|3|2|2|1|1|1,10,220,25028071,silent,25027851
11,14|10|7|3|2|2|2|2|1|1,10,140,11349023,silent,11348883
11,14|10|7|2|2|2|2|2|2|1,10,33,1590540,silent,1590507
11,14|10|6|6|3|1|1|1|1|1,10,140,13567709,silent,13567569
11,14|10|6|6|2|2|1|1|1|1,10,153,13966764,silent,13966611
11,14|10|6|5|4|1|1|1|1|1,10,202,21147598,silent,21147396
11,14|10|6|5|3|2|1|1|1|1,10,472,51578484,silent,51578012
11,14|10|6|5|2|2|2|1|1|1,10,277,26817071,silent,26816794
11,14|10|6|4|4|2|1|1|1|1,10,279,36232809,silent,36232530
11,14|10|6|4|3|3|1|1|1|1,10,231,36487110,silent,36486879
11,14|10|6|4|3|2|2|1|1|1,10,415,55855609,silent,55855194
11,14|10|6|4|2|2|2|2|1|1,10,185,19928306,silent,19928121
11,14|10|6|3|3|3|2|1|1|1,10,105,23664574,silent,23664469
11,14|10|6|3|3|2|2|2|1|1,10,118,19882437,silent,19882319
11,14|10|6|3|2|2|2|2|2|1,10,57,6087378,silent,6087321
11,14|10|6|2|2|2|2|2|2|2,10,13,530057,silent,530044
11,14|10|5|5|5|1|1|1|1|1,10,50,4636627,silent,4636577
11,14|10|5|5|4|2|1|1|1|1,10,218,26187498,silent,26187280
11,14|10|5|5|3|3|1|1|1|1,10,144,21898997,silent,21898853
11,14|10|5|5|3|2|2|1|1|1,10,247,32742914,silent,32742667
11,14|10|5|5|2|2|2|2|1|1,10,103,10925664,silent,10925561
11,14|10|5|4|4|3|1|1|1|1,10,130,24060991,silent,24060861
11,14|10|5|4|4|2|2|1|1|1,10,187,29859483,silent,29859296
11,14|10|5|4|3|3|2|1|1|1,10,161,39078283,silent,39078122
11,14|10|5|4|3|2|2|2|1|1,10,167,30523839,silent,30523672
11,14|10|5|4|2|2|2|2|2|1,10,58,7396075,silent,7396017
11,14|10|5|3|3|3|3|1|1|1,10,12,8886873,silent,8886861
11,14|10|5|3|3|3|2|2|1|1,10,26,15527032,silent,15527006
11,14|10|5|3|3|2|2|2|2|1,10,21,8147597,silent,8147576
11,14|10|5|3|2|2|2|2|2|2,10,7,1508236,silent,1508229
11,14|10|4|4|4|4|1|1|1|1,10,15,3576566,silent,3576551
11,14|10|4|4|4|3|2|1|1|1,10,54,14003494,silent,14003440
11,14|10|4|4|4|2|2|2|1|1,10,45,8767086,silent,8767041
11,14|10|4|4|3|3|3|1|1|1,10,15,7866244,silent,7866229
11,14|10|4|4|3|3|2|2|1|1,10,37,13428928,silent,13428891
11,14|10|4|4|3|2|2|2|2|1,10,28,6584953,silent,6584925
11,14|10|4|4|2|2|2|2|2|2,10,12,987749,silent,987737
11,14|10|4|3|3|3|3|2|1|1,10,1,5154216,silent,5154215
11,14|10|4|3|3|3|2|2|2|1,10,1,4498290,silent,4498289
11,14|10|4|3|3|2|2|2|2|2,10,0,-1,a0,
11,14|10|3|3|3|3|3|3|1|1,10,0,-1,a0,
11,14|10|3|3|3|3|3|2|2|1,10,0,-1,a0,
11,14|10|3|3|3|3|2|2|2|2,10,0,-1,a0,
11,14|9|9|6|1|1|1|1|1|1,10,18,1419450,silent,1419432
11,14|9|9|5|2|1|1|1|1|1,10,68,5915973,silent,5915905
11,14|9|9|4|3|1|1|1|1|1,10,83,7549597,silent,7549514
11,14|9|9|4|2|2|1|1|1|1,10,97,8488777,silent,8488680
11,14|9|9|3|3|2|1|1|1|1,10,82,7064097,silent,7064015
11,14|9|9|3|2|2|2|1|1|1,10,72,4979796,silent,4979724
11,14|9|9|2|2|2|2|2|1|1,10,25,991048,silent,991023
11,14|9|8|7|1|1|1|1|1|1,10,18,1646743,silent,1646725
11,14|9|8|6|2|1|1|1|1|1,10,120,10423621,silent,10423501
11,14|9|8|5|3|1|1|1|1|1,10,215,21109676,silent,21109461
11,14|9|8|5|2|2|1|1|1|1,10,248,22135451,silent,22135203
11,14|9|8|4|4|1|1|1|1|1,10,110,12341692,silent,12341582
11,14|9|8|4|3|2|1|1|1|1,10,333,37170741,silent,37170408
11,14|9|8|4|2|2|2|1|1|1,10,221,20663275,silent,20663054
11,14|9|8|3|3|3|1|1|1|1,10,79,11533049,silent,11532970
11,14|9|8|3|3|2|2|1|1|1,10,156,18840207,silent,18840051
11,14|9|8|3|2|2|2|2|1|1,10,97,8487032,silent,8486935
11,14|9|8|2|2|2|2|2|2|1,10,21,1175549,silent,1175528
11,14|9|7|7|2|1|1|1|1|1,10,51,5485618,silent,5485567
11,14|9|7|6|3|1|1|1|1|1,10,199,21680854,silent,21680655
11,14|9|7|6|2|2|1|1|1|1,10,221,22112112,silent,22111891
11,14|9|7|5|4|1|1|1|1|1,10,231,26823371,silent,26823140
11,14|9|7|5|3|2|1|1|1|1,10,549,64202704,silent,64202155
11,14|9|7|5|2|2|2|1|1|1,10,329,33025602,silent,33025273
11,14|9|7|4|4|2|1|1|1|1,10,296,42101511,silent,42101215
11,14|9|7|4|3|3|1|1|1|1,10,256,41753874,silent,41753618
11,14|9|7|4|3|2|2|1|1|1,10,445,63577144,silent,63576699
11,14|9|7|4|2|2|2|2|1|1,10,205,22425420,silent,22425215
11,14|9|7|3|3|3|2|1|1|1,10,104,25983889,silent,25983785
11,14|9|7|3|3|2|2|2|1|1,10,110,21688418,silent,21688308
11,14|9|7|3|2|2|2|2|2|1,10,50,6558523,silent,6558473
11,14|9|7|2|2|2|2|2|2|2,10,5,554941,silent,554936
11,14|9|6|6|4|1|1|1|1|1,10,132,15412373,silent,15412241
11,14|9|6|6|3|2|1|1|1|1,10,270,34594956,silent,34594686
11,14|9|6|6|2|2|2|1|1|1,10,140,17307042,silent,17306902
11,14|9|6|5|5|1|1|1|1|1,10,107,11603142,silent,11603035
11,14|9|6|5|4|2|1|1|1|1,10,443,60058061,silent,60057618
11,14|9|6|5|3|3|1|1|1|1,10,293,48644576,silent,48644283
11,14|9|6|5|3|2|2|1|1|1,10,471,72068574,silent,72068103
11,14|9|6|5|2|2|2|2|1|1,10,177,23518882,silent,23518705
11,14|9|6|4|4|3|1|1|1|1,10,222,43126285,silent,43126063
11,14|9|6|4|4|2|2|1|1|1,10,299,53025854,silent,53025555
11,14|9|6|4|3|3|2|1|1|1,10,266,67234974,silent,67234708
11,14|9|6|4|3|2|2|2|1|1,10,252,51930091,silent,51929839
11,14|9|6|4|2|2|2|2|2|1,10,82,12299444,silent,12299362
11,14|9|6|3|3|3|3|1|1|1,10,20,14012441,silent,14012421
11,14|9|6|3|3|3|2|2|1|1,10,42,24353486,silent,24353444
11,14|9|6|3|3|2|2|2|2|1,10,31,12622167,silent,12622136
11,14|9|6|3|2|2|2|2|2|2,10,10,2284963,silent,2284953
11,14|9|5|5|5|2|1|1|1|1,10,123,14139818,silent,14139695
11,14|9|5|5|4|3|1|1|1|1,10,189,33020403,silent,33020214
11,14|9|5|5|4|2|2|1|1|1,10,243,39671676,silent,39671433
11,14|9|5|5|3|3|2|1|1|1,10,153,41738321,silent,41738168
11,14|9|5|5|3|2|2|2|1|1,10,136,31372157,silent,31372021
11,14|9|5|5|2|2|2|2|2|1,10,30,6925186,silent,6925156
11,14|9|5|4|4|4|1|1|1|1,10,53,12740152,silent,12740099
11,14|9|5|4|4|3|2|1|1|1,10,184,48050726,silent,48050542
11,14|9|5|4|4|2|2|2|1|1,10,140,29504349,silent,29504209
11,14|9|5|4|3|3|3|1|1|1,10,41,24843617,silent,24843576
11,14|9|5|4|3|3|2|2|1|1,10,86,42003614,silent,42003528
11,14|9|5|4|3|2|2|2|2|1,10,59,20153011,silent,20152952
11,14|9|5|4|2|2|2|2|2|2,10,10,2878193,silent,2878183
11,14|9|5|3|3|3|3|2|1|1,10,3,12571493,silent,12571490
11,14|9|5|3|3|3|2|2|2|1,10,4,10848035,silent,10848031
11,14|9|5|3|3|2|2|2|2|2,10,2,3239437,silent,3239435
11,14|9|4|4|4|4|2|1|1|1,10,26,8039118,silent,8039092
11,14|9|4|4|4|3|3|1|1|1,10,24,9918271,silent,9918247
11,14|9|4|4|4|3|2|2|1|1,10,51,15729449,silent,15729398
11,14|9|4|4|4|2|2|2|2|1,10,31,6002799,silent,6002768
11,14|9|4|4|3|3|3|2|1|1,10,8,11431226,silent,11431218
11,14|9|4|4|3|3|2|2|2|1,10,10,9594673,silent,9594663
11,14|9|4|4|3|2|2|2|2|2,10,6,2675474,silent,2675468
11,14|9|4|3|3|3|3|3|1|1,10,0,-1,a0,
11,14|9|4|3|3|3|3|2|2|1,10,0,-1,a0,
11,14|9|4|3|3|3|2|2|2|2,10,0,-1,a0,
11,14|9|3|3|3|3|3|3|2|1,10,0,-1,a0,
11,14|9|3|3|3|3|3|2|2|2,10,0,-1,a0,
11,14|8|8|8|1|1|1|1|1|1,10,4,287589,silent,287585
11,14|8|8|7|2|1|1|1|1|1,10,39,3419622,silent,3419583
11,14|8|8|6|3|1|1|1|1|1,10,101,10896817,silent,10896716
11,14|8|8|6|2|2|1|1|1|1,10,115,11077852,silent,11077737
11,14|8|8|5|4|1|1|1|1|1,10,115,12643025,silent,12642910
11,14|8|8|5|3|2|1|1|1|1,10,239,30015745,silent,30015506
11,14|8|8|5|2|2|2|1|1|1,10,138,15365467,silent,15365329
11,14|8|8|4|4|2|1|1|1|1,10,145,19226706,silent,19226561
11,14|8|8|4|3|3|1|1|1|1,10,103,18932302,silent,18932199
11,14|8|8|4|3|2|2|1|1|1,10,189,28767958,silent,28767769
11,14|8|8|4|2|2|2|2|1|1,10,74,10086438,silent,10086364
11,14|8|8|3|3|3|2|1|1|1,10,46,11592321,silent,11592275
11,14|8|8|3|3|2|2|2|1|1,10,56,9651653,silent,9651597
11,14|8|8|3|2|2|2|2|2|1,10,23,2902261,silent,2902238
11,14|8|8|2|2|2|2|2|2|2,10,7,245677,silent,245670
11,14|8|7|7|3|1|1|1|1|1,10,61,7320377,silent,7320316
11,14|8|7|7|2|2|1|1|1|1,10,67,7349766,silent,7349699
11,14|8|7|6|4|1|1|1|1|1,10,137,18185474,silent,18185337
11,14|8|7|6|3|2|1|1|1|1,10,298,40135031,silent,40134733
11,14|8|7|6|2|2|2|1|1|1,10,165,19890226,silent,19890061
11,14|8|7|5|5|1|1|1|1|1,10,95,11179713,silent,11179618
11,14|8|7|5|4|2|1|1|1|1,10,390,55825507,silent,55825117
11,14|8|7|5|3|3|1|1|1|1,10,252,44583085,silent,44582833
11,14|8|7|5|3|2|2|1|1|1,10,407,65744334,silent,65743927
11,14|8|7|5|2|2|2|2|1|1,10,152,21230992,silent,21230840
11,14|8|7|4|4|3|1|1|1|1,10,183,37057365,silent,37057182
11,14|8|7|4|4|2|2|1|1|1,10,250,45357456,silent,45357206
11,14|8|7|4|3|3|2|1|1|1,10,210,56698089,silent,56697879
11,14|8|7|4|3|2|2|2|1|1,10,198,43547123,silent,43546925
11,14|8|7|4|2|2|2|2|2|1,10,58,10198312,silent,10198254
11,14|8|7|3|3|3|3|1|1|1,10,16,11401172,silent,11401156
11,14|8|7|3|3|3|2|2|1|1,10,32,19758484,silent,19758452
11,14|8|7|3|3|2|2|2|2|1,10,23,10178391,silent,10178368
11,14|8|7|3|2|2|2|2|2|2,10,6,1820753,silent,1820747
11,14|8|6|6|5|1|1|1|1|1,10,66,8673527,silent,8673461
11,14|8|6|6|4|2|1|1|1|1,10,223,35105637,silent,35105414
11,14|8|6|6|3|3|1|1|1|1,10,140,26486922,silent,26486782
11,14|8|6|6|3|2|2|1|1|1,10,212,38613807,silent,38613595
11,14|8|6|6|2|2|2|2|1|1,10,67,12094533,silent,12094466
11,14|8|6|5|5|2|1|1|1|1,10,192,28008592,silent,28008400
11,14|8|6|5|4|3|1|1|1|1,10,314,60481599,silent,60481285
11,14|8|6|5|4|2|2|1|1|1,10,372,72026247,silent,72025875
11,14|8|6|5|3|3|2|1|1|1,10,268,73536023,silent,73535755
11,14|8|6|5|3|2|2|2|1|1,10,222,54689832,silent,54689610
11,14|8|6|5|2|2|2|2|2|1,10,55,11818968,silent,11818913
11,14|8|6|4|4|4|1|1|1|1,10,84,18532869,silent,18532785
11,14|8|6|4|4|3|2|1|1|1,10,244,68581231,silent,68580987
11,14|8|6|4|4|2|2|2|1|1,10,160,41660083,silent,41659923
11,14|8|6|4|3|3|3|1|1|1,10,59,34214810,silent,34214751
11,14|8|6|4|3|3|2|2|1|1,10,123,57568087,silent,57567964
11,14|8|6|4|3|2|2|2|2|1,10,75,27301224,silent,27301149
11,14|8|6|4|2|2|2|2|2|2,10,19,3821432,silent,3821413
11,14|8|6|3|3|3|3|2|1|1,10,4,15839792,silent,15839788
11,14|8|6|3|3|3|2|2|2|1,10,5,13585362,silent,13585357
11,14|8|6|3|3|2|2|2|2|2,10,1,4006569,silent,4006568
11,14|8|5|5|5|3|1|1|1|1,10,97,16298874,silent,16298777
11,14|8|5|5|5|2|2|1|1|1,10,102,18214201,silent,18214099
11,14|8|5|5|4|4|1|1|1|1,10,82,15896274,silent,15896192
11,14|8|5|5|4|3|2|1|1|1,10,199,55218418,silent,55218219
11,14|8|5|5|4|2|2|2|1|1,10,120,32653444,silent,32653324
11,14|8|5|5|3|3|3|1|1|1,10,33,22501690,silent,22501657
11,14|8|5|5|3|3|2|2|1|1,10,61,37419548,silent,37419487
11,14|8|5|5|3|2|2|2|2|1,10,31,17231725,silent,17231694
11,14|8|5|5|2|2|2|2|2|2,10,1,2237362,silent,2237361
11,14|8|5|4|4|4|2|1|1|1,10,88,23745285,silent,23745197
11,14|8|5|4|4|3|3|1|1|1,10,61,28376515,silent,28376454
11,14|8|5|4|4|3|2|2|1|1,10,115,44613408,silent,44613293
11,14|8|5|4|4|2|2|2|2|1,10,52,16662226,silent,16662174
11,14|8|5|4|3|3|3|2|1|1,10,17,29890488,silent,29890471
11,14|8|5|4|3|3|2|2|2|1,10,21,24824187,silent,24824166
11,14|8|5|4|3|2|2|2|2|2,10,8,6765984,silent,6765976
11,14|8|5|3|3|3|3|3|1|1,10,0,-1,a0,
11,14|8|5|3|3|3|3|2|2|1,10,0,-1,a0,
11,14|8|5|3|3|3|2|2|2|2,10,0,-1,a0,
11,14|8|4|4|4|4|3|1|1|1,10,19,6354967,silent,6354948
11,14|8|4|4|4|4|2|2|1|1,10,28,8095572,silent,8095544
11,14|8|4|4|4|3|3|2|1|1,10,21,12587575,silent,12587554
11,14|8|4|4|4|3|2|2|2|1,10,25,9720577,silent,9720552
11,14|8|4|4|4|2|2|2|2|2,10,12,2103437,silent,2103425
11,14|8|4|4|3|3|3|3|1|1,10,0,-1,a0,
11,14|8|4|4|3|3|3|2|2|1,10,1,7825703,silent,7825702
11,14|8|4|4|3|3|2|2|2|2,10,0,-1,a0,
11,14|8|4|3|3|3|3|3|2|1,10,0,-1,a0,
11,14|8|4|3|3|3|3|2|2|2,10,0,-1,a0,
11,14|8|3|3|3|3|3|3|3|1,10,0,-1,a0,
11,14|8|3|3|3|3|3|3|2|2,10,0,-1,a0,
11,14|7|7|7|4|1|1|1|1|1,10,22,3594172,silent,3594150
11,14|7|7|7|3|2|1|1|1|1,10,56,7680550,silent,7680494
11,14|7|7|7|2|2|2|1|1|1,10,37,3744864,silent,3744827
11,14|7|7|6|5|1|1|1|1|1,10,37,5918208,silent,5918171
11,14|7|7|6|4|2|1|1|1|1,10,135,23234878,silent,23234743
11,14|7|7|6|3|3|1|1|1|1,10,90,17336875,silent,17336785
11,14|7|7|6|3|2|2|1|1|1,10,144,25173937,silent,25173793
11,14|7|7|6|2|2|2|2|1|1,10,53,7826311,silent,7826258
11,14|7|7|5|5|2|1|1|1|1,10,109,15389680,silent,15389571
11,14|7|7|5|4|3|1|1|1|1,10,158,32308941,silent,32308783
11,14|7|7|5|4|2|2|1|1|1,10,204,38337698,silent,38337494
11,14|7|7|5|3|3|2|1|1|1,10,132,38677198,silent,38677066
11,14|7|7|5|3|2|2|2|1|1,10,106,28635005,silent,28634899
11,14|7|7|5|2|2|2|2|2|1,10,21,6130974,silent,6130953
11,14|7|7|4|4|4|1|1|1|1,10,34,9276937,silent,9276903
11,14|7|7|4|4|3|2|1|1|1,10,120,34086786,silent,34086666
11,14|7|7|4|4|2|2|2|1|1,10,93,20624095,silent,20624002
11,14|7|7|4|3|3|3|1|1|1,10,28,16767921,silent,16767893
11,14|7|7|4|3|3|2|2|1|1,10,49,28140686,silent,28140637
11,14|7|7|4|3|2|2|2|2|1,10,29,13282248,silent,13282219
11,14|7|7|4|2|2|2|2|2|2,10,1,1834935,silent,1834934
11,14|7|7|3|3|3|3|2|1|1,10,3,7516019,silent,7516016
11,14|7|7|3|3|3|2|2|2|1,10,2,6428685,silent,6428683
11,14|7|7|3|3|2|2|2|2|2,10,2,1889064,silent,1889062
11,14|7|6|6|6|1|1|1|1|1,10,10,1801064,silent,1801054
11,14|7|6|6|5|2|1|1|1|1,10,80,15120087,silent,15120007
11,14|7|6|6|4|3|1|1|1|1,10,116,25928989,silent,25928873
11,14|7|6|6|4|2|2|1|1|1,10,129,30404267,silent,30404138
11,14|7|6|6|3|3|2|1|1|1,10,104,28998682,silent,28998578
11,14|7|6|6|3|2|2|2|1|1,10,78,21170983,silent,21170905
11,14|7|6|6|2|2|2|2|2|1,10,21,4396610,silent,4396589
11,14|7|6|5|5|3|1|1|1|1,10,119,23200141,silent,23200022
11,14|7|6|5|5|2|2|1|1|1,10,120,25724911,silent,25724791
11,14|7|6|5|4|4|1|1|1|1,10,92,21223899,silent,21223807
11,14|7|6|5|4|3|2|1|1|1,10,245,72473514,silent,72473269
11,14|7|6|5|4|2|2|2|1|1,10,139,42446408,silent,42446269
11,14|7|6|5|3|3|3|1|1|1,10,49,28582498,silent,28582449
11,14|7|6|5|3|3|2|2|1|1,10,86,47325778,silent,47325692
11,14|7|6|5|3|2|2|2|2|1,10,43,21567452,silent,21567409
11,14|7|6|5|2|2|2|2|2|2,10,6,2751177,silent,2751171
11,14|7|6|4|4|4|2|1|1|1,10,82,24973107,silent,24973025
11,14|7|6|4|4|3|3|1|1|1,10,63,29429066,silent,29429003
11,14|7|6|4|4|3|2|2|1|1,10,112,46059437,silent,46059325
11,14|7|6|4|4|2|2|2|2|1,10,49,17026357,silent,17026308
11,14|7|6|4|3|3|3|2|1|1,10,19,29866855,silent,29866836
11,14|7|6|4|3|3|2|2|2|1,10,20,24669514,silent,24669494
11,14|7|6|4|3|2|2|2|2|2,10,8,6652672,silent,6652664
11,14|7|6|3|3|3|3|3|1|1,10,0,-1,a0,
11,14|7|6|3|3|3|3|2|2|1,10,0,-1,a0,
11,14|7|6|3|3|3|2|2|2|2,10,0,-1,a0,
11,14|7|5|5|5|4|1|1|1|1,10,49,8016686,silent,8016637
11,14|7|5|5|5|3|2|1|1|1,10,72,21952512,silent,21952440
11,14|7|5|5|5|2|2|2|1|1,10,26,11957493,silent,11957467
11,14|7|5|5|4|4|2|1|1|1,10,90,23471576,silent,23471486
11,14|7|5|5|4|3|3|1|1|1,10,48,26135383,silent,26135335
11,14|7|5|5|4|3|2|2|1|1,10,77,40448131,silent,40448054
11,14|7|5|5|4|2|2|2|2|1,10,20,14512330,silent,14512310
11,14|7|5|5|3|3|3|2|1|1,10,10,21420183,silent,21420173
11,14|7|5|5|3|3|2|2|2|1,10,10,17457095,silent,17457085
11,14|7|5|5|3|2|2|2|2|2,10,2,4561804,silent,4561802
11,14|7|5|4|4|4|3|1|1|1,10,42,14791879,silent,14791837
11,14|7|5|4|4|4|2|2|1|1,10,64,18705641,silent,18705577
11,14|7|5|4|4|3|3|2|1|1,10,33,28189733,silent,28189700
11,14|7|5|4|4|3|2|2|2|1,10,35,21554915,silent,21554880
11,14|7|5|4|4|2|2|2|2|2,10,6,4552500,silent,4552494
11,14|7|5|4|3|3|3|3|1|1,10,1,9584155,silent,9584154
11,14|7|5|4|3|3|3|2|2|1,10,2,16050294,silent,16050292
11,14|7|5|4|3|3|2|2|2|2,10,2,7007800,silent,7007798
11,14|7|5|3|3|3|3|3|2|1,10,0,-1,a0,
11,14|7|5|3|3|3|3|2|2|2,10,0,-1,a0,
11,14|7|4|4|4|4|4|1|1|1,10,6,1699856,silent,1699850
11,14|7|4|4|4|4|3|2|1|1,10,21,6990660,silent,6990639
11,14|7|4|4|4|4|2|2|2|1,10,21,4252427,silent,4252406
11,14|7|4|4|4|3|3|3|1|1,10,2,4418527,silent,4418525
11,14|7|4|4|4|3|3|2|2|1,10,6,7197700,silent,7197694
11,14|7|4|4|4|3|2|2|2|2,10,5,2910118,silent,2910113
11,14|7|4|4|3|3|3|3|2|1,10,0,-1,a0,
11,14|7|4|4|3|3|3|2|2|2,10,0,-1,a0,
11,14|7|4|3|3|3|3|3|3|1,10,0,-1,a0,
11,14|7|4|3|3|3|3|3|2|2,10,0,-1,a0,
11,14|7|3|3|3|3|3|3|3|2,10,0,-1,a0,
11,14|6|6|6|6|2|1|1|1|1,10,8,1760459,silent,1760451
11,14|6|6|6|5|3|1|1|1|1,10,30,6968714,silent,6968684
11,14|6|6|6|5|2|2|1|1|1,10,25,7619275,silent,7619250
11,14|6|6|6|4|4|1|1|1|1,10,20,5210080,silent,5210060
11,14|6|6|6|4|3|2|1|1|1,10,51,17208162,silent,17208111
11,14|6|6|6|4|2|2|2|1|1,10,24,9904989,silent,9904965
11,14|6|6|6|3|3|3|1|1|1,10,16,6308118,silent,6308102
11,14|6|6|6|3|3|2|2|1|1,10,25,10370502,silent,10370477
11,14|6|6|6|3|2|2|2|2|1,10,14,4639233,silent,4639219
11,14|6|6|6|2|2|2|2|2|2,10,6,574056,silent,574050
11,14|6|6|5|5|4|1|1|1|1,10,25,6292012,silent,6291987
11,14|6|6|5|5|3|2|1|1|1,10,53,16998394,silent,16998341
11,14|6|6|5|5|2|2|2|1|1,10,27,9190868,silent,9190841
11,14|6|6|5|4|4|2|1|1|1,10,49,17170773,silent,17170724
11,14|6|6|5|4|3|3|1|1|1,10,41,18903216,silent,18903175
11,14|6|6|5|4|3|2|2|1|1,10,57,29144099,silent,29144042
11,14|6|6|5|4|2|2|2|2|1,10,22,10370968,silent,10370946
11,14|6|6|5|3|3|3|2|1|1,10,10,15013420,silent,15013410
11,14|6|6|5|3|3|2|2|2|1,10,9,12179196,silent,12179187
11,14|6|6|5|3|2|2|2|2|2,10,3,3155625,silent,3155622
11,14|6|6|4|4|4|3|1|1|1,10,23,8736118,silent,8736095
11,14|6|6|4|4|4|2|2|1|1,10,24,10996250,silent,10996226
11,14|6|6|4|4|3|3|2|1|1,10,25,16396987,silent,16396962
11,14|6|6|4|4|3|2|2|2|1,10,21,12479896,silent,12479875
11,14|6|6|4|4|2|2|2|2|2,10,10,2620067,silent,2620057
11,14|6|6|4|3|3|3|3|1|1,10,0,-1,a0,
11,14|6|6|4|3|3|3|2|2|1,10,1,9037855,silent,9037854
11,14|6|6|4|3|3|2|2|2|2,10,0,-1,a0,
11,14|6|6|3|3|3|3|3|2|1,10,0,-1,a0,
11,14|6|6|3|3|3|3|2|2|2,10,0,-1,a0,
11,14|6|5|5|5|5|1|1|1|1,10,7,1287419,silent,1287412
11,14|6|5|5|5|4|2|1|1|1,10,29,8531952,silent,8531923
11,14|6|5|5|5|3|3|1|1|1,10,11,7670657,silent,7670646
11,14|6|5|5|5|3|2|2|1|1,10,13,11508865,silent,11508852
11,14|6|5|5|5|2|2|2|2|1,10,1,3789982,silent,3789981
11,14|6|5|5|4|4|3|1|1|1,10,30,10479726,silent,10479696
11,14|6|5|5|4|4|2|2|1|1,10,32,13058042,silent,13058010
11,14|6|5|5|4|3|3|2|1|1,10,14,18377452,silent,18377438
11,14|6|5|5|4|3|2|2|2|1,10,10,13802616,silent,13802606
11,14|6|5|5|4|2|2|2|2|2,10,0,-1,a0,
11,14|6|5|5|3|3|3|3|1|1,10,0,-1,a0,
11,14|6|5|5|3|3|3|2|2|1,10,1,8166197,silent,8166196
11,14|6|5|5|3|3|2|2|2|2,10,1,3498381,silent,3498380
11,14|6|5|4|4|4|4|1|1|1,10,11,2819541,silent,2819530
11,14|6|5|4|4|4|3|2|1|1,10,29,11397728,silent,11397699
11,14|6|5|4|4|4|2|2|2|1,10,19,6867518,silent,6867499
11,14|6|5|4|4|3|3|3|1|1,10,3,6971168,silent,6971165
11,14|6|5|4|4|3|3|2|2|1,10,7,11311270,silent,11311263
11,14|6|5|4|4|3|2|2|2|2,10,4,4525942,silent,4525938
11,14|6|5|4|3|3|3|3|2|1,10,0,-1,a0,
11,14|6|5|4|3|3|3|2|2|2,10,0,-1,a0,
11,14|6|5|3|3|3|3|3|3|1,10,0,-1,a0,
11,14|6|5|3|3|3|3|3|2|2,10,0,-1,a0,
11,14|6|4|4|4|4|4|2|1|1,10,7,1614601,silent,1614594
11,14|6|4|4|4|4|3|3|1|1,10,5,2110180,silent,2110175
11,14|6|4|4|4|4|3|2|2|1,10,11,3197737,silent,3197726
11,14|6|4|4|4|4|2|2|2|2,10,8,1012513,silent,1012505
11,14|6|4|4|4|3|3|3|2|1,10,0,-1,a0,
11,14|6|4|4|4|3|3|2|2|2,10,0,-1,a0,
11,14|6|4|4|3|3|3|3|3|1,10,0,-1,a0,
11,14|6|4|4|3|3|3|3|2|2,10,0,-1,a0,
11,14|6|4|3|3|3|3|3|3|2,10,0,-1,a0,
11,14|6|3|3|3|3|3|3|3|3,10,0,-1,a0,
11,14|5|5|5|5|5|2|1|1|1,10,1,767395,silent,767394
11,14|5|5|5|5|4|3|1|1|1,10,5,2120371,silent,2120366
11,14|5|5|5|5|4|2|2|1|1,10,1,2562537,silent,2562536
11,14|5|5|5|5|3|3|2|1|1,10,1,2926679,silent,2926678
11,14|5|5|5|5|3|2|2|2|1,10,0,-1,a0,
11,14|5|5|5|5|2|2|2|2|2,10,0,-1,a0,
11,14|5|5|5|4|4|4|1|1|1,10,8,1102273,silent,1102265
11,14|5|5|5|4|4|3|2|1|1,10,7,4310810,silent,4310803
11,14|5|5|5|4|4|2|2|2|1,10,1,2553927,silent,2553926
11,14|5|5|5|4|3|3|3|1|1,10,0,-1,a0,
11,14|5|5|5|4|3|3|2|2|1,10,1,3948243,silent,3948242
11,14|5|5|5|4|3|2|2|2|2,10,0,-1,a0,
11,14|5|5|5|3|3|3|3|2|1,10,0,-1,a0,
11,14|5|5|5|3|3|3|2|2|2,10,0,-1,a0,
11,14|5|5|4|4|4|4|2|1|1,10,10,1417207,silent,1417197
11,14|5|5|4|4|4|3|3|1|1,10,2,1822698,silent,1822696
11,14|5|5|4|4|4|3|2|2|1,10,5,2757024,silent,2757019
11,14|5|5|4|4|4|2|2|2|2,10,0,-1,a0,
11,14|5|5|4|4|3|3|3|2|1,10,0,-1,a0,
11,14|5|5|4|4|3|3|2|2|2,10,1,1497852,silent,1497851
11,14|5|5|4|3|3|3|3|3|1,10,0,-1,a0,
11,14|5|5|4|3|3|3|3|2|2,10,0,-1,a0,
11,14|5|5|3|3|3|3|3|3|2,10,0,-1,a0,
11,14|5|4|4|4|4|4|3|1|1,10,3,443612,silent,443609
11,14|5|4|4|4|4|4|2|2|1,10,6,542628,silent,542622
11,14|5|4|4|4|4|3|3|2|1,10,1,894059,silent,894058
11,14|5|4|4|4|4|3|2|2|2,10,2,562410,silent,562408
11,14|5|4|4|4|3|3|3|3|1,10,0,-1,a0,
11,14|5|4|4|4|3|3|3|2|2,10,0,-1,a0,
11,14|5|4|4|3|3|3|3|3|2,10,0,-1,a0,
11,14|5|4|3|3|3|3|3|3|3,10,0,-1,a0,
11,14|4|4|4|4|4|4|4|1|1,10,0,-1,a0,
11,14|4|4|4|4|4|4|3|2|1,10,1,103727,silent,103726
11,14|4|4|4|4|4|4|2|2|2,10,3,52617,silent,52614
11,14|4|4|4|4|4|3|3|3|1,10,0,-1,a0,
11,14|4|4|4|4|4|3|3|2|2,10,0,-1,a0,
11,14|4|4|4|4|3|3|3|3|2,10,0,-1,a0,
11,14|4|4|4|3|3|3|3|3|3,10,0,-1,a0,
11,13|13|11|1|1|1|1|1|1|1,10,0,-1,a0,
11,13|13|10|2|1|1|1|1|1|1,10,1,85673,silent,85672
11,13|13|9|3|1|1|1|1|1|1,10,4,342931,silent,342927
11,13|13|9|2|2|1|1|1|1|1,10,4,326597,silent,326593
11,13|13|8|4|1|1|1|1|1|1,10,11,742682,silent,742671
11,13|13|8|3|2|1|1|1|1|1,10,21,1433861,silent,1433840
11,13|13|8|2|2|2|1|1|1|1,10,11,660074,silent,660063
11,13|13|7|5|1|1|1|1|1|1,10,9,891763,silent,891754
11,13|13|7|4|2|1|1|1|1|1,10,36,2784505,silent,2784469
11,13|13|7|3|3|1|1|1|1|1,10,26,1883035,silent,1883009
11,13|13|7|3|2|2|1|1|1|1,10,44,2658148,silent,2658104
11,13|13|7|2|2|2|2|1|1|1,10,19,781328,silent,781309
11,13|13|6|6|1|1|1|1|1|1,10,8,416773,silent,416765
11,13|13|6|5|2|1|1|1|1|1,10,34,2521112,silent,2521078
11,13|13|6|4|3|1|1|1|1|1,10,47,3673509,silent,3673462
11,13|13|6|4|2|2|1|1|1|1,10,53,4201932,silent,4201879
11,13|13|6|3|3|2|1|1|1|1,10,50,3692255,silent,3692205
11,13|13|6|3|2|2|2|1|1|1,10,45,2658078,silent,2658033
11,13|13|6|2|2|2|2|2|1|1,10,18,551449,silent,551431
11,13|13|5|5|3|1|1|1|1|1,10,23,2029776,silent,2029753
11,13|13|5|5|2|2|1|1|1|1,10,35,2197414,silent,2197379
11,13|13|5|4|4|1|1|1|1|1,10,15,1629223,silent,1629208
11,13|13|5|4|3|2|1|1|1|1,10,57,5256162,silent,5256105
11,13|13|5|4|2|2|2|1|1|1,10,44,3035085,silent,3035041
11,13|13|5|3|3|3|1|1|1|1,10,17,1873171,silent,1873154
11,13|13|5|3|3|2|2|1|1|1,10,34,3116227,silent,3116193
11,13|13|5|3|2|2|2|2|1|1,10,24,1463523,silent,1463499
11,13|13|5|2|2|2|2|2|2|1,10,7,219777,silent,219770
11,13|13|4|4|4|2|1|1|1|1,10,7,1372735,silent,1372728
11,13|13|4|4|3|3|1|1|1|1,10,15,1538756,silent,1538741
11,13|13|4|4|3|2|2|1|1|1,10,20,2417083,silent,2417063
11,13|13|4|4|2|2|2|2|1|1,10,17,921407,silent,921390
11,13|13|4|3|3|3|2|1|1|1,10,8,1416053,silent,1416045
11,13|13|4|3|3|2|2|2|1|1,10,8,1227938,silent,1227930
11,13|13|4|3|2|2|2|2|2|1,10,6,402467,silent,402461
11,13|13|4|2|2|2|2|2|2|2,10,0,-1,a0,
11,13|13|3|3|3|3|3|1|1|1,10,0,-1,a0,
11,13|13|3|3|3|3|2|2|1|1,10,1,318145,silent,318144
11,13|13|3|3|3|2|2|2|2|1,10,0,-1,a0,
11,13|13|3|3|2|2|2|2|2|2,10,1,37939,silent,37938
11,13|12|12|1|1|1|1|1|1|1,10,0,-1,a0,
11,13|12|11|2|1|1|1|1|1|1,10,1,83110,silent,83109
11,13|12|10|3|1|1|1|1|1|1,10,7,457451,silent,457444
11,13|12|10|2|2|1|1|1|1|1,10,8,435091,silent,435083
11,13|12|9|4|1|1|1|1|1|1,10,18,1280826,silent,1280808
11,13|12|9|3|2|1|1|1|1|1,10,39,2445235,silent,2445196
11,13|12|9|2|2|2|1|1|1|1,10,21,1118393,silent,1118372
11,13|12|8|5|1|1|1|1|1|1,10,28,2036109,silent,2036081
11,13|12|8|4|2|1|1|1|1|1,10,88,6090289,silent,6090201
11,13|12|8|3|3|1|1|1|1|1,10,56,4045426,silent,4045370
11,13|12|8|3|2|2|1|1|1|1,10,91,5677481,silent,5677390
11,13|12|8|2|2|2|2|1|1|1,10,33,1644590,silent,1644557
11,13|12|7|6|1|1|1|1|1|1,10,22,1675295,silent,1675273
11,13|12|7|5|2|1|1|1|1|1,10,103,7836793,silent,7836690
11,13|12|7|4|3|1|1|1|1|1,10,125,10488006,silent,10487881
11,13|12|7|4|2|2|1|1|1|1,10,159,11881361,silent,11881202
11,13|12|7|3|3|2|1|1|1|1,10,124,10090500,silent,10090376
11,13|12|7|3|2|2|2|1|1|1,10,109,7174990,silent,7174881
11,13|12|7|2|2|2|2|2|1|1,10,34,1449279,silent,1449245
11,13|12|6|6|2|1|1|1|1|1,10,52,3764728,silent,3764676
11,13|12|6|5|3|1|1|1|1|1,10,125,10505707,silent,10505582
11,13|12|6|5|2|2|1|1|1|1,10,144,11166005,silent,11165861
11,13|12|6|4|4|1|1|1|1|1,10,69,6768848,silent,6768779
11,13|12|6|4|3|2|1|1|1|1,10,216,20975638,silent,20975422
11,13|12|6|4|2|2|2|1|1|1,10,143,11851779,silent,11851636
11,13|12|6|3|3|3|1|1|1|1,10,57,6863785,silent,6863728
11,13|12|6|3|3|2|2|1|1|1,10,109,11302794,silent,11302685
11,13|12|6|3|2|2|2|2|1|1,10,69,5182889,silent,5182820
11,13|12|6|2|2|2|2|2|2|1,10,18,742592,silent,742574
11,13|12|5|5|4|1|1|1|1|1,10,49,4704883,silent,4704834
11,13|12|5|5|3|2|1|1|1|1,10,126,11915351,silent,11915225
11,13|12|5|5|2|2|2|1|1|1,10,80,6318916,silent,6318836
11,13|12|5|4|4|2|1|1|1|1,10,86,10378167,silent,10378081
11,13|12|5|4|3|3|1|1|1|1,10,76,10790089,silent,10790013
11,13|12|5|4|3|2|2|1|1|1,10,139,16665743,silent,16665604
11,13|12|5|4|2|2|2|2|1|1,10,69,6075613,silent,6075544
11,13|12|5|3|3|3|2|1|1|1,10,36,7661139,silent,7661103
11,13|12|5|3|3|2|2|2|1|1,10,40,6505849,silent,6505809
11,13|12|5|3|2|2|2|2|2|1,10,22,2035840,silent,2035818
11,13|12|5|2|2|2|2|2|2|2,10,4,184516,silent,184512
11,13|12|4|4|4|3|1|1|1|1,10,19,3638048,silent,3638029
11,13|12|4|4|4|2|2|1|1|1,10,28,4587807,silent,4587779
11,13|12|4|4|3|3|2|1|1|1,10,31,6456101,silent,6456070
11,13|12|4|4|3|2|2|2|1|1,10,33,5141657,silent,5141624
11,13|12|4|4|2|2|2|2|2|1,10,15,1300810,silent,1300795
11,13|12|4|3|3|3|3|1|1|1,10,3,1883758,silent,1883755
11,13|12|4|3|3|3|2|2|1|1,10,6,3322029,silent,3322023
11,13|12|4|3|3|2|2|2|2|1,10,5,1779763,silent,1779758
11,13|12|4|3|2|2|2|2|2|2,10,3,344372,silent,344369
11,13|12|3|3|3|3|3|2|1|1,10,0,-1,a0,
11,13|12|3|3|3|3|2|2|2|1,10,0,-1,a0,
11,13|12|3|3|3|2|2|2|2|2,10,0,-1,a0,
11,13|11|11|3|1|1|1|1|1|1,10,5,211498,silent,211493
11,13|11|11|2|2|1|1|1|1|1,10,2,199951,silent,199949
11,13|11|10|4|1|1|1|1|1|1,10,18,1019827,silent,1019809
11,13|11|10|3|2|1|1|1|1|1,10,33,1934311,silent,1934278
11,13|11|10|2|2|2|1|1|1|1,10,16,880825,silent,880809
11,13|11|9|5|1|1|1|1|1|1,10,34,2299816,silent,2299782
11,13|11|9|4|2|1|1|1|1|1,10,96,6729466,silent,6729370
11,13|11|9|3|3|1|1|1|1|1,10,66,4432000,silent,4431934
11,13|11|9|3|2|2|1|1|1|1,10,96,6194824,silent,6194728
11,13|11|9|2|2|2|2|1|1|1,10,38,1781758,silent,1781720
11,13|11|8|6|1|1|1|1|1|1,10,43,2786952,silent,2786909
11,13|11|8|5|2|1|1|1|1|1,10,162,11894065,silent,11893903
11,13|11|8|4|3|1|1|1|1|1,10,187,15323459,silent,15323272
11,13|11|8|4|2|2|1|1|1|1,10,220,17255881,silent,17255661
11,13|11|8|3|3|2|1|1|1|1,10,168,14413119,silent,14412951
11,13|11|8|3|2|2|2|1|1|1,10,143,10173605,silent,10173462
11,13|11|8|2|2|2|2|2|1|1,10,43,2026936,silent,2026893
11,13|11|7|7|1|1|1|1|1|1,10,13,1299742,silent,1299729
11,13|11|7|6|2|1|1|1|1|1,10,127,10296719,silent,10296592
11,13|11|7|5|3|1|1|1|1|1,10,250,22382692,silent,22382442
11,13|11|7|5|2|2|1|1|1|1,10,286,23552862,silent,23552576
11,13|11|7|4|4|1|1|1|1|1,10,128,13408157,silent,13408029
11,13|11|7|4|3|2|1|1|1|1,10,395,40699081,silent,40698686
11,13|11|7|4|2|2|2|1|1|1,10,260,22722318,silent,22722058
11,13|11|7|3|3|3|1|1|1|1,10,98,12810852,silent,12810754
11,13|11|7|3|3|2|2|1|1|1,10,179,20965507,silent,20965328
11,13|11|7|3|2|2|2|2|1|1,10,111,9487591,silent,9487480
11,13|11|7|2|2|2|2|2|2|1,10,24,1324553,silent,1324529
11,13|11|6|6|3|1|1|1|1|1,10,128,11293871,silent,11293743
11,13|11|6|6|2|2|1|1|1|1,10,122,11605988,silent,11605866
11,13|11|6|5|4|1|1|1|1|1,10,176,17476745,silent,17476569
11,13|11|6|5|3|2|1|1|1|1,10,400,42539080,silent,42538680
11,13|11|6|5|2|2|2|1|1|1,10,227,22082063,silent,22081836
11,13|11|6|4|4|2|1|1|1|1,10,230,29771672,silent,29771442
11,13|11|6|4|3|3|1|1|1|1,10,206,29944819,silent,29944613
11,13|11|6|4|3|2|2|1|1|1,10,336,45790624,silent,45790288
11,13|11|6|4|2|2|2|2|1|1,10,156,16310104,silent,16309948
11,13|11|6|3|3|3|2|1|1|1,10,84,19345727,silent,19345643
11,13|11|6|3|3|2|2|2|1|1,10,86,16227811,silent,16227725
11,13|11|6|3|2|2|2|2|2|1,10,42,4956235,silent,4956193
11,13|11|6|2|2|2|2|2|2|2,10,5,427880,silent,427875
11,13|11|5|5|5|1|1|1|1|1,10,41,3788320,silent,3788279
11,13|11|5|5|4|2|1|1|1|1,10,187,21326547,silent,21326360
11,13|11|5|5|3|3|1|1|1|1,10,114,17802933,silent,17802819
11,13|11|5|5|3|2|2|1|1|1,10,198,26598191,silent,26597993
11,13|11|5|5|2|2|2|2|1|1,10,73,8854701,silent,8854628
11,13|11|5|4|4|3|1|1|1|1,10,110,19495620,silent,19495510
11,13|11|5|4|4|2|2|1|1|1,10,155,24173270,silent,24173115
11,13|11|5|4|3|3|2|1|1|1,10,131,31590162,silent,31590031
11,13|11|5|4|3|2|2|2|1|1,10,129,24641391,silent,24641262
11,13|11|5|4|2|2|2|2|2|1,10,42,5955059,silent,5955017
11,13|11|5|3|3|3|3|1|1|1,10,10,7161667,silent,7161657
11,13|11|5|3|3|3|2|2|1|1,10,20,12501662,silent,12501642
11,13|11|5|3|3|2|2|2|2|1,10,16,6546961,silent,6546945
11,13|11|5|3|2|2|2|2|2|2,10,5,1208008,silent,1208003
11,13|11|4|4|4|4|1|1|1|1,10,8,2873343,silent,2873335
11,13|11|4|4|4|3|2|1|1|1,10,46,11244154,silent,11244108
11,13|11|4|4|4|2|2|2|1|1,10,41,7034022,silent,7033981
11,13|11|4|4|3|3|3|1|1|1,10,15,6306131,silent,6306116
11,13|11|4|4|3|3|2|2|1|1,10,24,10750708,silent,10750684
11,13|11|4|4|3|2|2|2|2|1,10,21,5262847,silent,5262826
11,13|11|4|4|2|2|2|2|2|2,10,4,784343,silent,784339
11,13|11|4|3|3|3|3|2|1|1,10,1,4116158,silent,4116157
11,13|11|4|3|3|3|2|2|2|1,10,1,3586111,silent,3586110
11,13|11|4|3|3|2|2|2|2|2,10,1,1092512,silent,1092511
11,13|11|3|3|3|3|3|3|1|1,10,0,-1,a0,
11,13|11|3|3|3|3|3|2|2|1,10,0,-1,a0,
11,13|11|3|3|3|3|2|2|2|2,10,0,-1,a0,
11,13|10|10|5|1|1|1|1|1|1,10,14,1024707,silent,1024693
11,13|10|10|4|2|1|1|1|1|1,10,47,2974204,silent,2974157
11,13|10|10|3|3|1|1|1|1|1,10,24,1948817,silent,1948793
11,13|10|10|3|2|2|1|1|1|1,10,44,2722649,silent,2722605
11,13|10|10|2|2|2|2|1|1|1,10,13,779223,silent,779210
11,13|10|9|6|1|1|1|1|1|1,10,31,2265716,silent,2265685
11,13|10|9|5|2|1|1|1|1|1,10,124,9309666,silent,9309542
11,13|10|9|4|3|1|1|1|1|1,10,139,11786789,silent,11786650
11,13|10|9|4|2|2|1|1|1|1,10,169,13234176,silent,13234007
11,13|10|9|3|3|2|1|1|1|1,10,124,10963490,silent,10963366
11,13|10|9|3|2|2|2|1|1|1,10,103,7709708,silent,7709605
11,13|10|9|2|2|2|2|2|1|1,10,29,1524484,silent,1524455
11,13|10|8|7|1|1|1|1|1|1,10,27,2075847,silent,2075820
11,13|10|8|6|2|1|1|1|1|1,10,163,12805191,silent,12805028
11,13|10|8|5|3|1|1|1|1|1,10,276,25575392,silent,25575116
11,13|10|8|5|2|2|1|1|1|1,10,311,26770470,silent,26770159
11,13|10|8|4|4|1|1|1|1|1,10,151,14864084,silent,14863933
11,13|10|8|4|3|2|1|1|1|1,10,413,44614354,silent,44613941
11,13|10|8|4|2|2|2|1|1|1,10,255,24739215,silent,24738960
11,13|10|8|3|3|3|1|1|1|1,10,93,13774403,silent,13774310
11,13|10|8|3|3|2|2|1|1|1,10,182,22472669,silent,22472487
11,13|10|8|3|2|2|2|2|1|1,10,105,10091214,silent,10091109
11,13|10|8|2|2|2|2|2|2|1,10,24,1390776,silent,1390752
11,13|10|7|7|2|1|1|1|1|1,10,68,6274307,silent,6274239
11,13|10|7|6|3|1|1|1|1|1,10,240,24190807,silent,24190567
11,13|10|7|6|2|2|1|1|1|1,10,256,24629722,silent,24629466
11,13|10|7|5|4|1|1|1|1|1,10,273,29567721,silent,29567448
11,13|10|7|5|3|2|1|1|1|1,10,612,70536999,silent,70536387
11,13|10|7|5|2|2|2|1|1|1,10,345,36196270,silent,36195925
11,13|10|7|4|4|2|1|1|1|1,10,347,45984325,silent,45983978
11,13|10|7|4|3|3|1|1|1|1,10,281,45487056,silent,45486775
11,13|10|7|4|3|2|2|1|1|1,10,474,69170740,silent,69170266
11,13|10|7|4|2|2|2|2|1|1,10,201,24322792,silent,24322591
11,13|10|7|3|3|3|2|1|1|1,10,112,28139096,silent,28138984
11,13|10|7|3|3|2|2|2|1|1,10,114,23442988,silent,23442874
11,13|10|7|3|2|2|2|2|2|1,10,51,7063099,silent,7063048
11,13|10|7|2|2|2|2|2|2|2,10,7,595212,silent,595205
11,13|10|6|6|4|1|1|1|1|1,10,150,16448648,silent,16448498
11,13|10|6|6|3|2|1|1|1|1,10,294,36800931,silent,36800637
11,13|10|6|6|2|2|2|1|1|1,10,146,18366899,silent,18366753
11,13|10|6|5|5|1|1|1|1|1,10,112,12261563,silent,12261451
11,13|10|6|5|4|2|1|1|1|1,10,475,63121932,silent,63121457
11,13|10|6|5|3|3|1|1|1|1,10,308,51001359,silent,51001051
11,13|10|6|5|3|2|2|1|1|1,10,483,75461303,silent,75460820
11,13|10|6|5|2|2|2|2|1|1,10,173,24553978,silent,24553805
11,13|10|6|4|4|3|1|1|1|1,10,247,44952701,silent,44952454
11,13|10|6|4|4|2|2|1|1|1,10,309,55197522,silent,55197213
11,13|10|6|4|3|3|2|1|1|1,10,274,69826076,silent,69825802
11,13|10|6|4|3|2|2|2|1|1,10,246,53828566,silent,53828320
11,13|10|6|4|2|2|2|2|2|1,10,78,12704240,silent,12704162
11,13|10|6|3|3|3|3|1|1|1,10,20,14477024,silent,14477004
11,13|10|6|3|3|3|2|2|1|1,10,42,25132611,silent,25132569
11,13|10|6|3|3|2|2|2|2|1,10,29,12991563,silent,12991534
11,13|10|6|3|2|2|2|2|2|2,10,10,2341844,silent,2341834
11,13|10|5|5|5|2|1|1|1|1,10,120,14556686,silent,14556566
11,13|10|5|5|4|3|1|1|1|1,10,195,33839824,silent,33839629
11,13|10|5|5|4|2|2|1|1|1,10,243,40603320,silent,40603077
11,13|10|5|5|3|3|2|1|1|1,10,156,42620950,silent,42620794
11,13|10|5|5|3|2|2|2|1|1,10,132,31975884,silent,31975752
11,13|10|5|5|2|2|2|2|2|1,10,29,7033999,silent,7033970
11,13|10|5|4|4|4|1|1|1|1,10,64,12963721,silent,12963657
11,13|10|5|4|4|3|2|1|1|1,10,189,48784455,silent,48784266
11,13|10|5|4|4|2|2|2|1|1,10,131,29897905,silent,29897774
11,13|10|5|4|3|3|3|1|1|1,10,42,25150167,silent,25150125
11,13|10|5|4|3|3|2|2|1|1,10,85,42473814,silent,42473729
11,13|10|5|4|3|2|2|2|2|1,10,54,20326131,silent,20326077
11,13|10|5|4|2|2|2|2|2|2,10,10,2891235,silent,2891225
11,13|10|5|3|3|3|3|2|1|1,10,3,12649187,silent,12649184
11,13|10|5|3|3|3|2|2|2|1,10,3,10894552,silent,10894549
11,13|10|5|3|3|2|2|2|2|2,10,2,3241286,silent,3241284
11,13|10|4|4|4|4|2|1|1|1,10,29,8055878,silent,8055849
11,13|10|4|4|4|3|3|1|1|1,10,26,9924314,silent,9924288
11,13|10|4|4|4|3|2|2|1|1,10,48,15720631,silent,15720583
11,13|10|4|4|4|2|2|2|2|1,10,27,5984516,silent,5984489
11,13|10|4|4|3|3|3|2|1|1,10,8,11394017,silent,11394009
11,13|10|4|4|3|3|2|2|2|1,10,9,9545572,silent,9545563
11,13|10|4|4|3|2|2|2|2|2,10,5,2652592,silent,2652587
11,13|10|4|3|3|3|3|3|1|1,10,0,-1,a0,
11,13|10|4|3|3|3|3|2|2|1,10,0,-1,a0,
11,13|10|4|3|3|3|2|2|2|2,10,0,-1,a0,
11,13|10|3|3|3|3|3|3|2|1,10,0,-1,a0,
11,13|10|3|3|3|3|3|2|2|2,10,0,-1,a0,
11,13|9|9|7|1|1|1|1|1|1,10,12,1039449,silent,1039437
11,13|9|9|6|2|1|1|1|1|1,10,67,5958677,silent,5958610
11,13|9|9|5|3|1|1|1|1|1,10,123,11548712,silent,11548589
11,13|9|9|5|2|2|1|1|1|1,10,134,12055379,silent,12055245
11,13|9|9|4|4|1|1|1|1|1,10,55,6628406,silent,6628351
11,13|9|9|4|3|2|1|1|1|1,10,180,19808557,silent,19808377
11,13|9|9|4|2|2|2|1|1|1,10,118,10954361,silent,10954243
11,13|9|9|3|3|3|1|1|1|1,10,45,6069611,silent,6069566
11,13|9|9|3|3|2|2|1|1|1,10,74,9881352,silent,9881278
11,13|9|9|3|2|2|2|2|1|1,10,47,4425325,silent,4425278
11,13|9|9|2|2|2|2|2|2|1,10,8,605474,silent,605466
11,13|9|8|8|1|1|1|1|1|1,10,11,661307,silent,661296
11,13|9|8|7|2|1|1|1|1|1,10,81,7106130,silent,7106049
11,13|9|8|6|3|1|1|1|1|1,10,212,21633700,silent,21633488
11,13|9|8|6|2|2|1|1|1|1,10,216,21920482,silent,21920266
11,13|9|8|5|4|1|1|1|1|1,10,221,24563123,silent,24562902
11,13|9|8|5|3|2|1|1|1|1,10,477,58023989,silent,58023512
11,13|9|8|5|2|2|2|1|1|1,10,263,29599069,silent,29598806
11,13|9|8|4|4|2|1|1|1|1,10,265,36779766,silent,36779501
11,13|9|8|4|3|3|1|1|1|1,10,215,36093254,silent,36093039
11,13|9|8|4|3|2|2|1|1|1,10,352,54724369,silent,54724017
11,13|9|8|4|2|2|2|2|1|1,10,149,19117931,silent,19117782
11,13|9|8|3|3|3|2|1|1|1,10,81,21882192,silent,21882111
11,13|9|8|3|3|2|2|2|1|1,10,84,18163959,silent,18163875
11,13|9|8|3|2|2|2|2|2|1,10,36,5435503,silent,5435467
11,13|9|8|2|2|2|2|2|2|2,10,4,452355,silent,452351
11,13|9|7|7|3|1|1|1|1|1,10,100,11688589,silent,11688489
11,13|9|7|7|2|2|1|1|1|1,10,116,11706668,silent,11706552
11,13|9|7|6|4|1|1|1|1|1,10,218,27802966,silent,27802748
11,13|9|7|6|3|2|1|1|1|1,10,456,61052111,silent,61051655
11,13|9|7|6|2|2|2|1|1|1,10,245,30151295,silent,30151050
11,13|9|7|5|5|1|1|1|1|1,10,144,16796622,silent,16796478
11,13|9|7|5|4|2|1|1|1|1,10,581,83129510,silent,83128929
11,13|9|7|5|3|3|1|1|1|1,10,368,66130089,silent,66129721
11,13|9|7|5|3|2|2|1|1|1,10,581,97329889,silent,97329308
11,13|9|7|5|2|2|2|2|1|1,10,204,31299046,silent,31298842
11,13|9|7|4|4|3|1|1|1|1,10,275,54415733,silent,54415458
11,13|9|7|4|4|2|2|1|1|1,10,366,66482734,silent,66482368
11,13|9|7|4|3|3|2|1|1|1,10,298,82785041,silent,82784743
11,13|9|7|4|3|2|2|2|1|1,10,267,63417070,silent,63416803
11,13|9|7|4|2|2|2|2|2|1,10,73,14777314,silent,14777241
11,13|9|7|3|3|3|3|1|1|1,10,23,16507775,silent,16507752
11,13|9|7|3|3|3|2|2|1|1,10,42,28559568,silent,28559526
11,13|9|7|3|3|2|2|2|2|1,10,30,14663114,silent,14663084
11,13|9|7|3|2|2|2|2|2|2,10,7,2606702,silent,2606695
11,13|9|6|6|5|1|1|1|1|1,10,92,12113564,silent,12113472
11,13|9|6|6|4|2|1|1|1|1,10,299,48591086,silent,48590787
11,13|9|6|6|3|3|1|1|1|1,10,201,36532635,silent,36532434
11,13|9|6|6|3|2|2|1|1|1,10,284,53147783,silent,53147499
11,13|9|6|6|2|2|2|2|1|1,10,99,16586182,silent,16586083
11,13|9|6|5|5|2|1|1|1|1,10,260,38105169,silent,38104909
11,13|9|6|5|4|3|1|1|1|1,10,420,81654766,silent,81654346
11,13|9|6|5|4|2|2|1|1|1,10,492,97061024,silent,97060532
11,13|9|6|5|3|3|2|1|1|1,10,347,98722066,silent,98721719
11,13|9|6|5|3|2|2|2|1|1,10,274,73229027,silent,73228753
11,13|9|6|5|2|2|2|2|2|1,10,64,15748457,silent,15748393
11,13|9|6|4|4|4|1|1|1|1,10,105,24708786,silent,24708681
11,13|9|6|4|4|3|2|1|1|1,10,327,91163733,silent,91163406
11,13|9|6|4|4|2|2|2|1|1,10,216,55248722,silent,55248506
11,13|9|6|4|3|3|3|1|1|1,10,80,45271366,silent,45271286
11,13|9|6|4|3|3|2|2|1|1,10,143,76042174,silent,76042031
11,13|9|6|4|3|2|2|2|2|1,10,86,35945350,silent,35945264
11,13|9|6|4|2|2|2|2|2|2,10,14,4995402,silent,4995388
11,13|9|6|3|3|3|3|2|1|1,10,6,20757390,silent,20757384
11,13|9|6|3|3|3|2|2|2|1,10,6,17759960,silent,17759954
11,13|9|6|3|3|2|2|2|2|2,10,3,5218592,silent,5218589
11,13|9|5|5|5|3|1|1|1|1,10,119,21154637,silent,21154518
11,13|9|5|5|5|2|2|1|1|1,10,121,23596564,silent,23596443
11,13|9|5|5|4|4|1|1|1|1,10,110,20513401,silent,20513291
11,13|9|5|5|4|3|2|1|1|1,10,251,71014066,silent,71013815
11,13|9|5|5|4|2|2|2|1|1,10,137,41882994,silent,41882857
11,13|9|5|5|3|3|3|1|1|1,10,41,28804331,silent,28804290
11,13|9|5|5|3|3|2|2|1|1,10,79,47833502,silent,47833423
11,13|9|5|5|3|2|2|2|2|1,10,36,21952879,silent,21952843
11,13|9|5|5|2|2|2|2|2|2,10,3,2836640,silent,2836637
11,13|9|5|4|4|4|2|1|1|1,10,115,30172762,silent,30172647
11,13|9|5|4|4|3|3|1|1|1,10,77,35970831,silent,35970754
11,13|9|5|4|4|3|2|2|1|1,10,139,56471182,silent,56471043
11,13|9|5|4|4|2|2|2|2|1,10,56,21021143,silent,21021087
11,13|9|5|4|3|3|3|2|1|1,10,21,37666412,silent,37666391
11,13|9|5|4|3|3|2|2|2|1,10,23,31211054,silent,31211031
11,13|9|5|4|3|2|2|2|2|2,10,8,8469841,silent,8469833
11,13|9|5|3|3|3|3|3|1|1,10,0,-1,a0,
11,13|9|5|3|3|3|3|2|2|1,10,0,-1,a0,
11,13|9|5|3|3|3|2|2|2|2,10,0,-1,a0,
11,13|9|4|4|4|4|3|1|1|1,10,22,7871432,silent,7871410
11,13|9|4|4|4|4|2|2|1|1,10,40,10020672,silent,10020632
11,13|9|4|4|4|3|3|2|1|1,10,23,15534252,silent,15534229
11,13|9|4|4|4|3|2|2|2|1,10,26,11971444,silent,11971418
11,13|9|4|4|4|2|2|2|2|2,10,7,2574834,silent,2574827
11,13|9|4|4|3|3|3|3|1|1,10,1,5711915,silent,5711914
11,13|9|4|4|3|3|3|2|2|1,10,1,9596949,silent,9596948
11,13|9|4|4|3|3|2|2|2|2,10,1,4220424,silent,4220423
11,13|9|4|3|3|3|3|3|2|1,10,0,-1,a0,
11,13|9|4|3|3|3|3|2|2|2,10,0,-1,a0,
11,13|9|3|3|3|3|3|3|3|1,10,0,-1,a0,
11,13|9|3|3|3|3|3|3|2|2,10,0,-1,a0,
11,13|8|8|8|2|1|1|1|1|1,10,18,1277820,silent,1277802
11,13|8|8|7|3|1|1|1|1|1,10,67,7433969,silent,7433902
11,13|8|8|7|2|2|1|1|1|1,10,70,7418813,silent,7418743
11,13|8|8|6|4|1|1|1|1|1,10,124,14327536,silent,14327412
11,13|8|8|6|3|2|1|1|1|1,10,223,31204490,silent,31204267
11,13|8|8|6|2|2|2|1|1|1,10,108,15334175,silent,15334067
11,13|8|8|5|5|1|1|1|1|1,10,62,8173962,silent,8173900
11,13|8|8|5|4|2|1|1|1|1,10,270,39837809,silent,39837539
11,13|8|8|5|3|3|1|1|1|1,10,163,31479216,silent,31479053
11,13|8|8|5|3|2|2|1|1|1,10,260,46229413,silent,46229153
11,13|8|8|5|2|2|2|2|1|1,10,88,14783577,silent,14783489
11,13|8|8|4|4|3|1|1|1|1,10,134,25299599,silent,25299465
11,13|8|8|4|4|2|2|1|1|1,10,148,30828269,silent,30828121
11,13|8|8|4|3|3|2|1|1|1,10,135,38146431,silent,38146296
11,13|8|8|4|3|2|2|2|1|1,10,118,29135647,silent,29135529
11,13|8|8|4|2|2|2|2|2|1,10,37,6753974,silent,6753937
11,13|8|8|3|3|3|3|1|1|1,10,8,7485959,silent,7485951
11,13|8|8|3|3|3|2|2|1|1,10,23,12940638,silent,12940615
11,13|8|8|3|3|2|2|2|2|1,10,14,6620566,silent,6620552
11,13|8|8|3|2|2|2|2|2|2,10,5,1172930,silent,1172925
11,13|8|7|7|4|1|1|1|1|1,10,71,10033607,silent,10033536
11,13|8|7|7|3|2|1|1|1|1,10,148,21264295,silent,21264147
11,13|8|7|7|2|2|2|1|1|1,10,82,10309897,silent,10309815
11,13|8|7|6|5|1|1|1|1|1,10,104,15167457,silent,15167353
11,13|8|7|6|4|2|1|1|1|1,10,352,58705002,silent,58704650
11,13|8|7|6|3|3|1|1|1|1,10,215,43516114,silent,43515899
11,13|8|7|6|3|2|2|1|1|1,10,327,63019167,silent,63018840
11,13|8|7|6|2|2|2|2|1|1,10,108,19461045,silent,19460937
11,13|8|7|5|5|2|1|1|1|1,10,237,37584197,silent,37583960
11,13|8|7|5|4|3|1|1|1|1,10,377,77929949,silent,77929572
11,13|8|7|5|4|2|2|1|1|1,10,447,92209061,silent,92208614
11,13|8|7|5|3|3|2|1|1|1,10,303,92464384,silent,92464081
11,13|8|7|5|3|2|2|2|1|1,10,240,68203173,silent,68202933
11,13|8|7|5|2|2|2|2|2|1,10,52,14503157,silent,14503105
11,13|8|7|4|4|4|1|1|1|1,10,97,21909207,silent,21909110
11,13|8|7|4|4|3|2|1|1|1,10,272,80061128,silent,80060856
11,13|8|7|4|4|2|2|2|1|1,10,174,48247762,silent,48247588
11,13|8|7|4|3|3|3|1|1|1,10,62,39084195,silent,39084133
11,13|8|7|4|3|3|2|2|1|1,10,118,65470221,silent,65470103
11,13|8|7|4|3|2|2|2|2|1,10,66,30756196,silent,30756130
11,13|8|7|4|2|2|2|2|2|2,10,10,4224558,silent,4224548
11,13|8|7|3|3|3|3|2|1|1,10,5,17242873,silent,17242868
11,13|8|7|3|3|3|2|2|2|1,10,5,14704714,silent,14704709
11,13|8|7|3|3|2|2|2|2|2,10,2,4292790,silent,4292788
11,13|8|6|6|6|1|1|1|1|1,10,23,3625743,silent,3625720
11,13|8|6|6|5|2|1|1|1|1,10,155,29664289,silent,29664134
11,13|8|6|6|4|3|1|1|1|1,10,224,50234527,silent,50234303
11,13|8|6|6|4|2|2|1|1|1,10,240,58742958,silent,58742718
11,13|8|6|6|3|3|2|1|1|1,10,186,55685947,silent,55685761
11,13|8|6|6|3|2|2|2|1|1,10,138,40505175,silent,40505037
11,13|8|6|6|2|2|2|2|2|1,10,36,8353676,silent,8353640
11,13|8|6|5|5|3|1|1|1|1,10,203,43460667,silent,43460464
11,13|8|6|5|5|2|2|1|1|1,10,212,48061624,silent,48061412
11,13|8|6|5|4|4|1|1|1|1,10,173,39361662,silent,39361489
11,13|8|6|5|4|3|2|1|1|1,10,431,133735127,silent,133734696
11,13|8|6|5|4|2|2|2|1|1,10,238,78042635,silent,78042397
11,13|8|6|5|3|3|3|1|1|1,10,86,52347928,silent,52347842
11,13|8|6|5|3|3|2|2|1|1,10,150,86500710,silent,86500560
11,13|8|6|5|3|2|2|2|2|1,10,72,39241998,silent,39241926
11,13|8|6|5|2|2|2|2|2|2,10,10,4967998,silent,4967988
11,13|8|6|4|4|4|2|1|1|1,10,147,45112586,silent,45112439
11,13|8|6|4|4|3|3|1|1|1,10,115,52964301,silent,52964186
11,13|8|6|4|4|3|2|2|1|1,10,183,82723227,silent,82723044
11,13|8|6|4|4|2|2|2|2|1,10,77,30444713,silent,30444636
11,13|8|6|4|3|3|3|2|1|1,10,33,53250844,silent,53250811
11,13|8|6|4|3|3|2|2|2|1,10,32,43854649,silent,43854617
11,13|8|6|4|3|2|2|2|2|2,10,12,11761581,silent,11761569
11,13|8|6|3|3|3|3|3|1|1,10,0,-1,a0,
11,13|8|6|3|3|3|3|2|2|1,10,0,-1,a0,
11,13|8|6|3|3|3|2|2|2|2,10,0,-1,a0,
11,13|8|5|5|5|4|1|1|1|1,10,69,13653612,silent,13653543
11,13|8|5|5|5|3|2|1|1|1,10,115,37209822,silent,37209707
11,13|8|5|5|5|2|2|2|1|1,10,47,20198388,silent,20198341
11,13|8|5|5|4|4|2|1|1|1,10,141,39389279,silent,39389138
11,13|8|5|5|4|3|3|1|1|1,10,80,43698820,silent,43698740
11,13|8|5|5|4|3|2|2|1|1,10,122,67493113,silent,67492991
11,13|8|5|5|4|2|2|2|2|1,10,32,24110245,silent,24110213
11,13|8|5|5|3|3|3|2|1|1,10,17,35483826,silent,35483809
11,13|8|5|5|3|3|2|2|2|1,10,16,28833826,silent,28833810
11,13|8|5|5|3|2|2|2|2|2,10,3,7493463,silent,7493460
11,13|8|5|4|4|4|3|1|1|1,10,71,24217229,silent,24217158
11,13|8|5|4|4|4|2|2|1|1,10,89,30559353,silent,30559264
11,13|8|5|4|4|3|3|2|1|1,10,54,45896686,silent,45896632
11,13|8|5|4|4|3|2|2|2|1,10,49,34992848,silent,34992799
11,13|8|5|4|4|2|2|2|2|2,10,10,7354366,silent,7354356
11,13|8|5|4|3|3|3|3|1|1,10,1,15476037,silent,15476036
11,13|8|5|4|3|3|3|2|2|1,10,3,25872928,silent,25872925
11,13|8|5|4|3|3|2|2|2|2,10,2,11249473,silent,11249471
11,13|8|5|3|3|3|3|3|2|1,10,0,-1,a0,
11,13|8|5|3|3|3|3|2|2|2,10,0,-1,a0,
11,13|8|4|4|4|4|4|1|1|1,10,9,2659833,silent,2659824
11,13|8|4|4|4|4|3|2|1|1,10,31,10902868,silent,10902837
11,13|8|4|4|4|4|2|2|2|1,10,26,6613709,silent,6613683
11,13|8|4|4|4|3|3|3|1|1,10,4,6860703,silent,6860699
11,13|8|4|4|4|3|3|2|2|1,10,8,11156350,silent,11156342
11,13|8|4|4|4|3|2|2|2|2,10,6,4493594,silent,4493588
11,13|8|4|4|3|3|3|3|2|1,10,0,-1,a0,
11,13|8|4|4|3|3|3|2|2|2,10,0,-1,a0,
11,13|8|4|3|3|3|3|3|3|1,10,0,-1,a0,
11,13|8|4|3|3|3|3|3|2|2,10,0,-1,a0,
11,13|8|3|3|3|3|3|3|3|2,10,0,-1,a0,
11,13|7|7|7|5|1|1|1|1|1,10,22,3313975,silent,3313953
11,13|7|7|7|4|2|1|1|1|1,10,70,11860303,silent,11860233
11,13|7|7|7|3|3|1|1|1|1,10,39,8553205,silent,8553166
11,13|7|7|7|3|2|2|1|1|1,10,65,12290846,silent,12290781
11,13|7|7|7|2|2|2|2|1|1,10,21,3728674,silent,3728653
11,13|7|7|6|6|1|1|1|1|1,10,9,2690228,silent,2690219
11,13|7|7|6|5|2|1|1|1|1,10,105,20528438,silent,20528333
11,13|7|7|6|4|3|1|1|1|1,10,138,33805995,silent,33805857
11,13|7|7|6|4|2|2|1|1|1,10,178,39397678,silent,39397500
11,13|7|7|6|3|3|2|1|1|1,10,111,36900445,silent,36900334
11,13|7|7|6|3|2|2|2|1|1,10,86,26725464,silent,26725378
11,13|7|7|6|2|2|2|2|2|1,10,14,5458891,silent,5458877
11,13|7|7|5|5|3|1|1|1|1,10,115,24273274,silent,24273159
11,13|7|7|5|5|2|2|1|1|1,10,109,26736269,silent,26736160
11,13|7|7|5|4|4|1|1|1|1,10,91,21460514,silent,21460423
11,13|7|7|5|4|3|2|1|1|1,10,227,72357009,silent,72356782
11,13|7|7|5|4|2|2|2|1|1,10,126,42038681,silent,42038555
11,13|7|7|5|3|3|3|1|1|1,10,42,27927016,silent,27926974
11,13|7|7|5|3|3|2|2|1|1,10,71,46036807,silent,46036736
11,13|7|7|5|3|2|2|2|2|1,10,30,20783887,silent,20783857
11,13|7|7|5|2|2|2|2|2|2,10,2,2602164,silent,2602162
11,13|7|7|4|4|4|2|1|1|1,10,83,22890707,silent,22890624
11,13|7|7|4|4|3|3|1|1|1,10,47,26693013,silent,26692966
11,13|7|7|4|4|3|2|2|1|1,10,92,41611914,silent,41611822
11,13|7|7|4|4|2|2|2|2|1,10,29,15233725,silent,15233696
11,13|7|7|4|3|3|3|2|1|1,10,14,26406151,silent,26406137
11,13|7|7|4|3|3|2|2|2|1,10,14,21692510,silent,21692496
11,13|7|7|4|3|2|2|2|2|2,10,3,5785145,silent,5785142
11,13|7|7|3|3|3|3|3|1|1,10,0,-1,a0,
11,13|7|7|3|3|3|3|2|2|1,10,0,-1,a0,
11,13|7|7|3|3|3|2|2|2|2,10,0,-1,a0,
11,13|7|6|6|6|2|1|1|1|1,10,22,6446902,silent,6446880
11,13|7|6|6|5|3|1|1|1|1,10,91,24447997,silent,24447906
11,13|7|6|6|5|2|2|1|1|1,10,93,26620438,silent,26620345
11,13|7|6|6|4|4|1|1|1|1,10,58,17941699,silent,17941641
11,13|7|6|6|4|3|2|1|1|1,10,170,58839759,silent,58839589
11,13|7|6|6|4|2|2|2|1|1,10,96,33709891,silent,33709795
11,13|7|6|6|3|3|3|1|1|1,10,41,21304037,silent,21303996
11,13|7|6|6|3|3|2|2|1|1,10,63,34905461,silent,34905398
11,13|7|6|6|3|2|2|2|2|1,10,32,15521428,silent,15521396
11,13|7|6|6|2|2|2|2|2|2,10,5,1887950,silent,1887945
11,13|7|6|5|5|4|1|1|1|1,10,83,20140338,silent,20140255
11,13|7|6|5|5|3|2|1|1|1,10,154,53969027,silent,53968873
11,13|7|6|5|5|2|2|2|1|1,10,66,29017838,silent,29017772
11,13|7|6|5|4|4|2|1|1|1,10,160,53568883,silent,53568723
11,13|7|6|5|4|3|3|1|1|1,10,112,58611286,silent,58611174
11,13|7|6|5|4|3|2|2|1|1,10,164,90113591,silent,90113427
11,13|7|6|5|4|2|2|2|2|1,10,51,31864180,silent,31864129
11,13|7|6|5|3|3|3|2|1|1,10,28,45857974,silent,45857946
11,13|7|6|5|3|3|2|2|2|1,10,23,37057886,silent,37057863
11,13|7|6|5|3|2|2|2|2|2,10,6,9531810,silent,9531804
11,13|7|6|4|4|4|3|1|1|1,10,66,26026555,silent,26026489
11,13|7|6|4|4|4|2|2|1|1,10,88,32696329,silent,32696241
11,13|7|6|4|4|3|3|2|1|1,10,56,48423948,silent,48423892
11,13|7|6|4|4|3|2|2|2|1,10,48,36721506,silent,36721458
11,13|7|6|4|4|2|2|2|2|2,10,10,7635503,silent,7635493
11,13|7|6|4|3|3|3|3|1|1,10,2,15759228,silent,15759226
11,13|7|6|4|3|3|3|2|2|1,10,3,26277583,silent,26277580
11,13|7|6|4|3|3|2|2|2|2,10,2,11357641,silent,11357639
11,13|7|6|3|3|3|3|3|2|1,10,0,-1,a0,
11,13|7|6|3|3|3|3|2|2|2,10,0,-1,a0,
11,13|7|5|5|5|5|1|1|1|1,10,15,3195718,silent,3195703
11,13|7|5|5|5|4|2|1|1|1,10,61,20890234,silent,20890173
11,13|7|5|5|5|3|3|1|1|1,10,31,18671145,silent,18671114
11,13|7|5|5|5|3|2|2|1|1,10,32,27934188,silent,27934156
11,13|7|5|5|5|2|2|2|2|1,10,4,9142944,silent,9142940
11,13|7|5|5|4|4|3|1|1|1,10,66,25066465,silent,25066399
11,13|7|5|5|4|4|2|2|1|1,10,64,31139245,silent,31139181
11,13|7|5|5|4|3|3|2|1|1,10,37,43579880,silent,43579843
11,13|7|5|5|4|3|2|2|2|1,10,22,32604207,silent,32604185
11,13|7|5|5|4|2|2|2|2|2,10,2,6566950,silent,6566948
11,13|7|5|5|3|3|3|3|1|1,10,1,11501428,silent,11501427
11,13|7|5|5|3|3|3|2|2|1,10,2,19061216,silent,19061214
11,13|7|5|5|3|3|2|2|2|2,10,1,8122190,silent,8122189
11,13|7|5|4|4|4|4|1|1|1,10,28,6459101,silent,6459073
11,13|7|5|4|4|4|3|2|1|1,10,59,25978723,silent,25978664
11,13|7|5|4|4|4|2|2|2|1,10,34,15593820,silent,15593786
11,13|7|5|4|4|3|3|3|1|1,10,6,15772886,silent,15772880
11,13|7|5|4|4|3|3|2|2|1,10,14,25539285,silent,25539271
11,13|7|5|4|4|3|2|2|2|2,10,6,10168014,silent,10168008
11,13|7|5|4|3|3|3|3|2|1,10,0,-1,a0,
11,13|7|5|4|3|3|3|2|2|2,10,0,-1,a0,
11,13|7|5|3|3|3|3|3|3|1,10,0,-1,a0,
11,13|7|5|3|3|3|3|3|2|2,10,0,-1,a0,
11,13|7|4|4|4|4|4|2|1|1,10,18,3352021,silent,3352003
11,13|7|4|4|4|4|3|3|1|1,10,7,4356245,silent,4356238
11,13|7|4|4|4|4|3|2|2|1,10,18,6592978,silent,6592960
11,13|7|4|4|4|4|2|2|2|2,10,7,2071204,silent,2071197
11,13|7|4|4|4|3|3|3|2|1,10,0,-1,a0,
11,13|7|4|4|4|3|3|2|2|2,10,1,3654748,silent,3654747
11,13|7|4|4|3|3|3|3|3|1,10,0,-1,a0,
11,13|7|4|4|3|3|3|3|2|2,10,0,-1,a0,
11,13|7|4|3|3|3|3|3|3|2,10,0,-1,a0,
11,13|7|3|3|3|3|3|3|3|3,10,0,-1,a0,
11,13|6|6|6|6|3|1|1|1|1,10,10,3016594,silent,3016584
11,13|6|6|6|6|2|2|1|1|1,10,5,3184498,silent,3184493
11,13|6|6|6|5|4|1|1|1|1,10,18,6370627,silent,6370609
11,13|6|6|6|5|3|2|1|1|1,10,42,16524732,silent,16524690
11,13|6|6|6|5|2|2|2|1|1,10,21,8736116,silent,8736095
11,13|6|6|6|4|4|2|1|1|1,10,25,13390883,silent,13390858
11,13|6|6|6|4|3|3|1|1|1,10,32,14258938,silent,14258906
11,13|6|6|6|4|3|2|2|1|1,10,41,21750292,silent,21750251
11,13|6|6|6|4|2|2|2|2|1,10,20,7555210,silent,7555190
11,13|6|6|6|3|3|3|2|1|1,10,10,10291817,silent,10291807
11,13|6|6|6|3|3|2|2|2|1,10,7,8238104,silent,8238097
11,13|6|6|6|3|2|2|2|2|2,10,4,2081485,silent,2081481
11,13|6|6|5|5|5|1|1|1|1,10,8,2614840,silent,2614832
11,13|6|6|5|5|4|2|1|1|1,10,42,16599777,silent,16599735
11,13|6|6|5|5|3|3|1|1|1,10,23,14662165,silent,14662142
11,13|6|6|5|5|3|2|2|1|1,10,32,21863651,silent,21863619
11,13|6|6|5|5|2|2|2|2|1,10,7,7094362,silent,7094355
11,13|6|6|5|4|4|3|1|1|1,10,40,18603990,silent,18603950
11,13|6|6|5|4|4|2|2|1|1,10,43,23020853,silent,23020810
11,13|6|6|5|4|3|3|2|1|1,10,33,31856736,silent,31856703
11,13|6|6|5|4|3|2|2|2|1,10,23,23727317,silent,23727294
11,13|6|6|5|4|2|2|2|2|2,10,5,4742315,silent,4742310
11,13|6|6|5|3|3|3|3|1|1,10,1,8156209,silent,8156208
11,13|6|6|5|3|3|3|2|2|1,10,2,13491905,silent,13491903
11,13|6|6|5|3|3|2|2|2|2,10,1,5715634,silent,5715633
11,13|6|6|4|4|4|4|1|1|1,10,8,3882071,silent,3882063
11,13|6|6|4|4|4|3|2|1|1,10,32,15503301,silent,15503269
11,13|6|6|4|4|4|2|2|2|1,10,22,9268039,silent,9268017
11,13|6|6|4|4|3|3|3|1|1,10,6,9286826,silent,9286820
11,13|6|6|4|4|3|3|2|2|1,10,8,14998652,silent,14998644
11,13|6|6|4|4|3|2|2|2|2,10,5,5946628,silent,5946623
11,13|6|6|4|3|3|3|3|2|1,10,0,-1,a0,
11,13|6|6|4|3|3|3|2|2|2,10,0,-1,a0,
11,13|6|6|3|3|3|3|3|3|1,10,0,-1,a0,
11,13|6|6|3|3|3|3|3|2|2,10,0,-1,a0,
11,13|6|5|5|5|5|2|1|1|1,10,6,3595314,silent,3595308
11,13|6|5|5|5|4|3|1|1|1,10,18,9720298,silent,9720280
11,13|6|5|5|5|4|2|2|1|1,10,13,11707859,silent,11707846
11,13|6|5|5|5|3|3|2|1|1,10,6,13230846,silent,13230840
11,13|6|5|5|5|3|2|2|2|1,10,2,9546554,silent,9546552
11,13|6|5|5|5|2|2|2|2|2,10,0,-1,a0,
11,13|6|5|5|4|4|4|1|1|1,10,19,4855105,silent,4855086
11,13|6|5|5|4|4|3|2|1|1,10,29,18851230,silent,18851201
11,13|6|5|5|4|4|2|2|2|1,10,9,11112080,silent,11112071
11,13|6|5|5|4|3|3|3|1|1,10,3,10588514,silent,10588511
11,13|6|5|5|4|3|3|2|2|1,10,5,17007706,silent,17007701
11,13|6|5|5|4|3|2|2|2|2,10,1,6639353,silent,6639352
11,13|6|5|5|3|3|3|3|2|1,10,0,-1,a0,
11,13|6|5|5|3|3|3|2|2|2,10,0,-1,a0,
11,13|6|5|4|4|4|4|2|1|1,10,23,5651704,silent,5651681
11,13|6|5|4|4|4|3|3|1|1,10,12,7239824,silent,7239812
11,13|6|5|4|4|4|3|2|2|1,10,18,10911219,silent,10911201
11,13|6|5|4|4|4|2|2|2|2,10,5,3389499,silent,3389494
11,13|6|5|4|4|3|3|3|2|1,10,1,8624408,silent,8624407
11,13|6|5|4|4|3|3|2|2|2,10,1,5828318,silent,5828317
11,13|6|5|4|3|3|3|3|3|1,10,0,-1,a0,
11,13|6|5|4|3|3|3|3|2|2,10,0,-1,a0,
11,13|6|5|3|3|3|3|3|3|2,10,0,-1,a0,
11,13|6|4|4|4|4|4|3|1|1,10,7,1358842,silent,1358835
11,13|6|4|4|4|4|4|2|2|1,10,13,1657318,silent,1657305
11,13|6|4|4|4|4|3|3|2|1,10,3,2715467,silent,2715464
11,13|6|4|4|4|4|3|2|2|2,10,4,1701167,silent,1701163
11,13|6|4|4|4|3|3|3|3|1,10,0,-1,a0,
11,13|6|4|4|4|3|3|3|2|2,10,0,-1,a0,
11,13|6|4|4|3|3|3|3|3|2,10,0,-1,a0,
11,13|6|4|3|3|3|3|3|3|3,10,0,-1,a0,
11,13|5|5|5|5|5|3|1|1|1,10,1,980011,silent,980010
11,13|5|5|5|5|5|2|2|1|1,10,0,-1,a0,
11,13|5|5|5|5|4|4|1|1|1,10,3,1091288,silent,1091285
11,13|5|5|5|5|4|3|2|1|1,10,2,3923294,silent,3923292
11,13|5|5|5|5|4|2|2|2|1,10,0,-1,a0,
11,13|5|5|5|5|3|3|3|1|1,10,0,-1,a0,
11,13|5|5|5|5|3|3|2|2|1,10,0,-1,a0,
11,13|5|5|5|5|3|2|2|2|2,10,0,-1,a0,
11,13|5|5|5|4|4|4|2|1|1,10,7,2250210,silent,2250203
11,13|5|5|5|4|4|3|3|1|1,10,2,2801325,silent,2801323
11,13|5|5|5|4|4|3|2|2|1,10,2,4192234,silent,4192232
11,13|5|5|5|4|4|2|2|2|2,10,0,-1,a0,
11,13|5|5|5|4|3|3|3|2|1,10,0,-1,a0,
11,13|5|5|5|4|3|3|2|2|2,10,0,-1,a0,
11,13|5|5|5|3|3|3|3|3|1,10,0,-1,a0,
11,13|5|5|5|3|3|3|3|2|2,10,0,-1,a0,
11,13|5|5|4|4|4|4|3|1|1,10,7,1206962,silent,1206955
11,13|5|5|4|4|4|4|2|2|1,10,5,1463845,silent,1463840
11,13|5|5|4|4|4|3|3|2|1,10,2,2373754,silent,2373752
11,13|5|5|4|4|4|3|2|2|2,10,1,1478736,silent,1478735
11,13|5|5|4|4|3|3|3|3|1,10,0,-1,a0,
11,13|5|5|4|4|3|3|3|2|2,10,0,-1,a0,
11,13|5|5|4|3|3|3|3|3|2,10,0,-1,a0,
11,13|5|5|3|3|3|3|3|3|3,10,0,-1,a0,
11,13|5|4|4|4|4|4|4|1|1,10,3,154103,silent,154100
11,13|5|4|4|4|4|4|3|2|1,10,5,618461,silent,618456
11,13|5|4|4|4|4|4|2|2|2,10,3,306291,silent,306288
11,13|5|4|4|4|4|3|3|3|1,10,0,-1,a0,
11,13|5|4|4|4|4|3|3|2|2,10,0,-1,a0,
11,13|5|4|4|4|3|3|3|3|2,10,0,-1,a0,
11,13|5|4|4|3|3|3|3|3|3,10,0,-1,a0,
11,13|4|4|4|4|4|4|4|2|1,10,2,40958,silent,40956
11,13|4|4|4|4|4|4|3|3|1,10,0,-1,a0,
11,13|4|4|4|4|4|4|3|2|2,10,1,67258,silent,67257
11,13|4|4|4|4|4|3|3|3|2,10,0,-1,a0,
11,13|4|4|4|4|3|3|3|3|3,10,0,-1,a0,
11,12|12|12|2|1|1|1|1|1|1,10,0,-1,a0,
11,12|12|11|3|1|1|1|1|1|1,10,2,117486,silent,117484
11,12|12|11|2|2|1|1|1|1|1,10,3,111563,silent,111560
11,12|12|10|4|1|1|1|1|1|1,10,6,454717,silent,454711
11,12|12|10|3|2|1|1|1|1|1,10,16,862916,silent,862900
11,12|12|10|2|2|2|1|1|1|1,10,9,393462,silent,393453
11,12|12|9|5|1|1|1|1|1|1,10,16,954921,silent,954905
11,12|12|9|4|2|1|1|1|1|1,10,43,2788122,silent,2788079
11,12|12|9|3|3|1|1|1|1|1,10,27,1832960,silent,1832933
11,12|12|9|3|2|2|1|1|1|1,10,41,2561863,silent,2561822
11,12|12|9|2|2|2|2|1|1|1,10,14,735305,silent,735291
11,12|12|8|6|1|1|1|1|1|1,10,15,1120812,silent,1120797
11,12|12|8|5|2|1|1|1|1|1,10,68,4770158,silent,4770090
11,12|12|8|4|3|1|1|1|1|1,10,74,6130760,silent,6130686
11,12|12|8|4|2|2|1|1|1|1,10,98,6904641,silent,6904543
11,12|12|8|3|3|2|1|1|1|1,10,65,5755992,silent,5755927
11,12|12|8|3|2|2|2|1|1|1,10,55,4060549,silent,4060494
11,12|12|8|2|2|2|2|2|1|1,10,12,805998,silent,805986
11,12|12|7|7|1|1|1|1|1|1,10,8,517809,silent,517801
11,12|12|7|6|2|1|1|1|1|1,10,53,4069829,silent,4069776
11,12|12|7|5|3|1|1|1|1|1,10,104,8813577,silent,8813473
11,12|12|7|5|2|2|1|1|1|1,10,110,9268243,silent,9268133
11,12|12|7|4|4|1|1|1|1|1,10,52,5271748,silent,5271696
11,12|12|7|4|3|2|1|1|1|1,10,159,15983303,silent,15983144
11,12|12|7|4|2|2|2|1|1|1,10,99,8915700,silent,8915601
11,12|12|7|3|3|3|1|1|1|1,10,40,5023665,silent,5023625
11,12|12|7|3|3|2|2|1|1|1,10,70,8218843,silent,8218773
11,12|12|7|3|2|2|2|2|1|1,10,43,3715220,silent,3715177
11,12|12|7|2|2|2|2|2|2|1,10,10,518033,silent,518023
11,12|12|6|6|3|1|1|1|1|1,10,47,4415528,silent,4415481
11,12|12|6|6|2|2|1|1|1|1,10,57,4540100,silent,4540043
11,12|12|6|5|4|1|1|1|1|1,10,71,6813636,silent,6813565
11,12|12|6|5|3|2|1|1|1|1,10,156,16567101,silent,16566945
11,12|12|6|5|2|2|2|1|1|1,10,87,8593720,silent,8593633
11,12|12|6|4|4|2|1|1|1|1,10,100,11580585,silent,11580485
11,12|12|6|4|3|3|1|1|1|1,10,73,11632434,silent,11632361
11,12|12|6|4|3|2|2|1|1|1,10,133,17785815,silent,17785682
11,12|12|6|4|2|2|2|2|1|1,10,49,6324795,silent,6324746
11,12|12|6|3|3|3|2|1|1|1,10,33,7504421,silent,7504388
11,12|12|6|3|3|2|2|2|1|1,10,36,6293166,silent,6293130
11,12|12|6|3|2|2|2|2|2|1,10,17,1919145,silent,1919128
11,12|12|6|2|2|2|2|2|2|2,10,6,166675,silent,166669
11,12|12|5|5|5|1|1|1|1|1,10,16,1469641,silent,1469625
11,12|12|5|5|4|2|1|1|1|1,10,68,8257594,silent,8257526
11,12|12|5|5|3|3|1|1|1|1,10,51,6892243,silent,6892192
11,12|12|5|5|3|2|2|1|1|1,10,75,10289130,silent,10289055
11,12|12|5|5|2|2|2|2|1|1,10,33,3424360,silent,3424327
11,12|12|5|4|4|3|1|1|1|1,10,44,7533355,silent,7533311
11,12|12|5|4|4|2|2|1|1|1,10,59,9336351,silent,9336292
11,12|12|5|4|3|3|2|1|1|1,10,51,12193703,silent,12193652
11,12|12|5|4|3|2|2|2|1|1,10,48,9505233,silent,9505185
11,12|12|5|4|2|2|2|2|2|1,10,17,2294686,silent,2294669
11,12|12|5|3|3|3|3|1|1|1,10,4,2760548,silent,2760544
11,12|12|5|3|3|3|2|2|1|1,10,7,4816260,silent,4816253
11,12|12|5|3|3|2|2|2|2|1,10,6,2520080,silent,2520074
11,12|12|5|3|2|2|2|2|2|2,10,2,464129,silent,464127
11,12|12|4|4|4|4|1|1|1|1,10,7,1108348,silent,1108341
11,12|12|4|4|4|3|2|1|1|1,10,18,4326892,silent,4326874
11,12|12|4|4|4|2|2|2|1|1,10,10,2702236,silent,2702226
11,12|12|4|4|3|3|3|1|1|1,10,3,2423655,silent,2423652
11,12|12|4|4|3|3|2|2|1|1,10,13,4134337,silent,4134324
11,12|12|4|4|3|2|2|2|2|1,10,7,2020855,silent,2020848
11,12|12|4|4|2|2|2|2|2|2,10,5,302411,silent,302406
11,12|12|4|3|3|3|3|2|1|1,10,0,-1,a0,
11,12|12|4|3|3|3|2|2|2|1,10,0,-1,a0,
11,12|12|4|3|3|2|2|2|2|2,10,0,-1,a0,
11,12|12|3|3|3|3|3|3|1|1,10,0,-1,a0,
11,12|12|3|3|3|3|3|2|2|1,10,0,-1,a0,
11,12|12|3|3|3|3|2|2|2|2,10,0,-1,a0,
11,12|11|11|4|1|1|1|1|1|1,10,7,264582,silent,264575
11,12|11|11|3|2|1|1|1|1|1,10,9,498699,silent,498690
11,12|11|11|2|2|2|1|1|1|1,10,3,225942,silent,225939
11,12|11|10|5|1|1|1|1|1|1,10,18,988175,silent,988157
11,12|11|10|4|2|1|1|1|1|1,10,46,2852347,silent,2852301
11,12|11|10|3|3|1|1|1|1|1,10,29,1866435,silent,1866406
11,12|11|10|3|2|2|1|1|1|1,10,41,2602583,silent,2602542
11,12|11|10|2|2|2|2|1|1|1,10,14,743821,silent,743807
11,12|11|9|6|1|1|1|1|1|1,10,29,1724298,silent,1724269
11,12|11|9|5|2|1|1|1|1|1,10,99,7027717,silent,7027618
11,12|11|9|4|3|1|1|1|1|1,10,112,8862027,silent,8861915
11,12|11|9|4|2|2|1|1|1|1,10,126,9938062,silent,9937936
11,12|11|9|3|3|2|1|1|1|1,10,96,8217397,silent,8217301
11,12|11|9|3|2|2|2|1|1|1,10,77,5770161,silent,5770084
11,12|11|9|2|2|2|2|2|1|1,10,22,1138752,silent,1138730
11,12|11|8|7|1|1|1|1|1|1,10,22,1466825,silent,1466803
11,12|11|8|6|2|1|1|1|1|1,10,119,8929574,silent,8929455
11,12|11|8|5|3|1|1|1|1|1,10,203,17709542,silent,17709339
11,12|11|8|5|2|2|1|1|1|1,10,216,18516582,silent,18516366
11,12|11|8|4|4|1|1|1|1|1,10,105,10258291,silent,10258186
11,12|11|8|4|3|2|1|1|1|1,10,291,30736908,silent,30736617
11,12|11|8|4|2|2|2|1|1|1,10,176,17021973,silent,17021797
11,12|11|8|3|3|3|1|1|1|1,10,67,9466071,silent,9466004
11,12|11|8|3|3|2|2|1|1|1,10,121,15429417,silent,15429296
11,12|11|8|3|2|2|2|2|1|1,10,70,6917972,silent,6917902
11,12|11|8|2|2|2|2|2|2|1,10,15,950448,silent,950433
11,12|11|7|7|2|1|1|1|1|1,10,49,4253620,silent,4253571
11,12|11|7|6|3|1|1|1|1|1,10,169,16198781,silent,16198612
11,12|11|7|6|2|2|1|1|1|1,10,173,16475110,silent,16474937
11,12|11|7|5|4|1|1|1|1|1,10,188,19675405,silent,19675217
11,12|11|7|5|3|2|1|1|1|1,10,412,46854149,silent,46853737
11,12|11|7|5|2|2|2|1|1|1,10,227,24011766,silent,24011539
11,12|11|7|4|4|2|1|1|1|1,10,233,30447762,silent,30447529
11,12|11|7|4|3|3|1|1|1|1,10,191,30080311,silent,30080120
11,12|11|7|4|3|2|2|1|1|1,10,310,45706978,silent,45706668
11,12|11|7|4|2|2|2|2|1|1,10,130,16047910,silent,16047780
11,12|11|7|3|3|3|2|1|1|1,10,71,18547035,silent,18546964
11,12|11|7|3|3|2|2|2|1|1,10,71,15434578,silent,15434507
11,12|11|7|3|2|2|2|2|2|1,10,31,4641378,silent,4641347
11,12|11|7|2|2|2|2|2|2|2,10,4,389345,silent,389341
11,12|11|6|6|4|1|1|1|1|1,10,100,10786462,silent,10786362
11,12|11|6|6|3|2|1|1|1|1,10,195,24091273,silent,24091078
11,12|11|6|6|2|2|2|1|1|1,10,95,12008890,silent,12008795
11,12|11|6|5|5|1|1|1|1|1,10,76,8001682,silent,8001606
11,12|11|6|5|4|2|1|1|1|1,10,311,41067061,silent,41066750
11,12|11|6|5|3|3|1|1|1|1,10,203,33138686,silent,33138483
11,12|11|6|5|3|2|2|1|1|1,10,309,48995127,silent,48994818
11,12|11|6|5|2|2|2|2|1|1,10,109,15918134,silent,15918025
11,12|11|6|4|4|3|1|1|1|1,10,162,29116930,silent,29116768
11,12|11|6|4|4|2|2|1|1|1,10,203,35729721,silent,35729518
11,12|11|6|4|3|3|2|1|1|1,10,176,45139677,silent,45139501
11,12|11|6|4|3|2|2|2|1|1,10,153,34763239,silent,34763086
11,12|11|6|4|2|2|2|2|2|1,10,47,8188608,silent,8188561
11,12|11|6|3|3|3|3|1|1|1,10,13,9333503,silent,9333490
11,12|11|6|3|3|3|2|2|1|1,10,25,16191218,silent,16191193
11,12|11|6|3|3|2|2|2|2|1,10,18,8358596,silent,8358578
11,12|11|6|3|2|2|2|2|2|2,10,6,1502699,silent,1502693
11,12|11|5|5|5|2|1|1|1|1,10,77,9375616,silent,9375539
11,12|11|5|5|4|3|1|1|1|1,10,127,21740388,silent,21740261
11,12|11|5|5|4|2|2|1|1|1,10,154,26066902,silent,26066748
11,12|11|5|5|3|3|2|1|1|1,10,99,27328369,silent,27328270
11,12|11|5|5|3|2|2|2|1|1,10,82,20481602,silent,20481520
11,12|11|5|5|2|2|2|2|2|1,10,17,4497304,silent,4497287
11,12|11|5|4|4|4|1|1|1|1,10,41,8296279,silent,8296238
11,12|11|5|4|4|3|2|1|1|1,10,123,31186026,silent,31185903
11,12|11|5|4|4|2|2|2|1|1,10,82,19094924,silent,19094842
11,12|11|5|4|3|3|3|1|1|1,10,28,16052683,silent,16052655
11,12|11|5|4|3|3|2|2|1|1,10,51,27092279,silent,27092228
11,12|11|5|4|3|2|2|2|2|1,10,32,12947915,silent,12947883
11,12|11|5|4|2|2|2|2|2|2,10,6,1836889,silent,1836883
11,12|11|5|3|3|3|3|2|1|1,10,2,8047850,silent,8047848
11,12|11|5|3|3|3|2|2|2|1,10,2,6924250,silent,6924248
11,12|11|5|3|3|2|2|2|2|2,10,1,2056729,silent,2056728
11,12|11|4|4|4|4|2|1|1|1,10,19,5115516,silent,5115497
11,12|11|4|4|4|3|3|1|1|1,10,16,6296257,silent,6296241
11,12|11|4|4|4|3|2|2|1|1,10,30,9968554,silent,9968524
11,12|11|4|4|4|2|2|2|2|1,10,16,3789482,silent,3789466
11,12|11|4|4|3|3|3|2|1|1,10,5,7214062,silent,7214057
11,12|11|4|4|3|3|2|2|2|1,10,5,6038075,silent,6038070
11,12|11|4|4|3|2|2|2|2|2,10,3,1674525,silent,1674522
11,12|11|4|3|3|3|3|3|1|1,10,0,-1,a0,
11,12|11|4|3|3|3|3|2|2|1,10,0,-1,a0,
11,12|11|4|3|3|3|2|2|2|2,10,0,-1,a0,
11,12|11|3|3|3|3|3|3|2|1,10,0,-1,a0,
11,12|11|3|3|3|3|3|2|2|2,10,0,-1,a0,
11,12|10|10|6|1|1|1|1|1|1,10,11,845925,silent,845914
11,12|10|10|5|2|1|1|1|1|1,10,50,3395418,silent,3395368
11,12|10|10|4|3|1|1|1|1|1,10,51,4244924,silent,4244873
11,12|10|10|4|2|2|1|1|1|1,10,68,4757232,silent,4757164
11,12|10|10|3|3|2|1|1|1|1,10,41,3913247,silent,3913206
11,12|10|10|3|2|2|2|1|1|1,10,33,2742866,silent,2742833
11,12|10|10|2|2|2|2|2|1|1,10,6,537385,silent,537379
11,12|10|9|7|1|1|1|1|1|1,10,21,1426943,silent,1426922
11,12|10|9|6|2|1|1|1|1|1,10,102,7986106,silent,7986004
11,12|10|9|5|3|1|1|1|1|1,10,170,15275064,silent,15274894
11,12|10|9|5|2|2|1|1|1|1,10,180,15921736,silent,15921556
11,12|10|9|4|4|1|1|1|1|1,10,87,8721534,silent,8721447
11,12|10|9|4|3|2|1|1|1|1,10,240,25974475,silent,25974235
11,12|10|9|4|2|2|2|1|1|1,10,143,14329912,silent,14329769
11,12|10|9|3|3|3|1|1|1|1,10,54,7920122,silent,7920068
11,12|10|9|3|3|2|2|1|1|1,10,97,12884175,silent,12884078
11,12|10|9|3|2|2|2|2|1|1,10,54,5752240,silent,5752186
11,12|10|9|2|2|2|2|2|2|1,10,12,784295,silent,784283
11,12|10|8|8|1|1|1|1|1|1,10,9,734202,silent,734193
11,12|10|8|7|2|1|1|1|1|1,10,92,7555430,silent,7555338
11,12|10|8|6|3|1|1|1|1|1,10,225,22470922,silent,22470697
11,12|10|8|6|2|2|1|1|1|1,10,238,22738264,silent,22738026
11,12|10|8|5|4|1|1|1|1|1,10,237,25227235,silent,25226998
11,12|10|8|5|3|2|1|1|1|1,10,489,59409458,silent,59408969
11,12|10|8|5|2|2|2|1|1|1,10,258,30241039,silent,30240781
11,12|10|8|4|4|2|1|1|1|1,10,289,37454793,silent,37454504
11,12|10|8|4|3|3|1|1|1|1,10,211,36660585,silent,36660374
11,12|10|8|4|3|2|2|1|1|1,10,351,55526964,silent,55526613
11,12|10|8|4|2|2|2|2|1|1,10,131,19342823,silent,19342692
11,12|10|8|3|3|3|2|1|1|1,10,81,22106020,silent,22105939
11,12|10|8|3|3|2|2|2|1|1,10,85,18323465,silent,18323380
11,12|10|8|3|2|2|2|2|2|1,10,36,5466203,silent,5466167
11,12|10|8|2|2|2|2|2|2|2,10,8,454570,silent,454562
11,12|10|7|7|3|1|1|1|1|1,10,108,11334311,silent,11334203
11,12|10|7|7|2|2|1|1|1|1,10,106,11330354,silent,11330248
11,12|10|7|6|4|1|1|1|1|1,10,219,26380198,silent,26379979
11,12|10|7|6|3|2|1|1|1|1,10,435,57751583,silent,57751148
11,12|10|7|6|2|2|2|1|1|1,10,221,28460040,silent,28459819
11,12|10|7|5|5|1|1|1|1|1,10,136,15789043,silent,15788907
11,12|10|7|5|4|2|1|1|1|1,10,543,77748893,silent,77748350
11,12|10|7|5|3|3|1|1|1|1,10,348,61709333,silent,61708985
11,12|10|7|5|3|2|2|1|1|1,10,525,90720284,silent,90719759
11,12|10|7|5|2|2|2|2|1|1,10,182,29100833,silent,29100651
11,12|10|7|4|4|3|1|1|1|1,10,266,50500100,silent,50499834
11,12|10|7|4|4|2|2|1|1|1,10,330,61624824,silent,61624494
11,12|10|7|4|3|3|2|1|1|1,10,272,76570164,silent,76569892
11,12|10|7|4|3|2|2|2|1|1,10,233,58563969,silent,58563736
11,12|10|7|4|2|2|2|2|2|1,10,66,13608129,silent,13608063
11,12|10|7|3|3|3|3|1|1|1,10,20,15193347,silent,15193327
11,12|10|7|3|3|3|2|2|1|1,10,38,26264498,silent,26264460
11,12|10|7|3|3|2|2|2|2|1,10,26,13456644,silent,13456618
11,12|10|7|3|2|2|2|2|2|2,10,8,2384997,silent,2384989
11,12|10|6|6|5|1|1|1|1|1,10,84,11041593,silent,11041509
11,12|10|6|6|4|2|1|1|1|1,10,286,44075200,silent,44074914
11,12|10|6|6|3|3|1|1|1|1,10,170,33053354,silent,33053184
11,12|10|6|6|3|2|2|1|1|1,10,253,48041228,silent,48040975
11,12|10|6|6|2|2|2|2|1|1,10,75,14950408,silent,14950333
11,12|10|6|5|5|2|1|1|1|1,10,222,34241251,silent,34241029
11,12|10|6|5|4|3|1|1|1|1,10,377,73063535,silent,73063158
11,12|10|6|5|4|2|2|1|1|1,10,430,86752906,silent,86752476
11,12|10|6|5|3|3|2|1|1|1,10,304,88046350,silent,88046046
11,12|10|6|5|3|2|2|2|1|1,10,236,65212843,silent,65212607
11,12|10|6|5|2|2|2|2|2|1,10,56,13984867,silent,13984811
11,12|10|6|4|4|4|1|1|1|1,10,110,21964215,silent,21964105
11,12|10|6|4|4|3|2|1|1|1,10,289,80862711,silent,80862422
11,12|10|6|4|4|2|2|2|1|1,10,169,48925167,silent,48924998
11,12|10|6|4|3|3|3|1|1|1,10,66,40045250,silent,40045184
11,12|10|6|4|3|3|2|2|1|1,10,128,67213708,silent,67213580
11,12|10|6|4|3|2|2|2|2|1,10,71,31707630,silent,31707559
11,12|10|6|4|2|2|2|2|2|2,10,18,4395798,silent,4395780
11,12|10|6|3|3|3|3|2|1|1,10,4,18259129,silent,18259125
11,12|10|6|3|3|3|2|2|2|1,10,5,15602479,silent,15602474
11,12|10|6|3|3|2|2|2|2|2,10,1,4570585,silent,4570584
11,12|10|5|5|5|3|1|1|1|1,10,101,18565508,silent,18565407
11,12|10|5|5|5|2|2|1|1|1,10,103,20685816,silent,20685713
11,12|10|5|5|4|4|1|1|1|1,10,88,17938415,silent,17938327
11,12|10|5|5|4|3|2|1|1|1,10,216,61992536,silent,61992320
11,12|10|5|5|4|2|2|2|1|1,10,122,36511888,silent,36511766
11,12|10|5|5|3|3|3|1|1|1,10,38,25079722,silent,25079684
11,12|10|5|5|3|3|2|2|1|1,10,63,41606718,silent,41606655
11,12|10|5|5|3|2|2|2|2|1,10,30,19060012,silent,19059982
11,12|10|5|5|2|2|2|2|2|2,10,1,2453409,silent,2453408
11,12|10|5|4|4|4|2|1|1|1,10,100,26163672,silent,26163572
11,12|10|5|4|4|3|3|1|1|1,10,69,31150193,silent,31150124
11,12|10|5|4|4|3|2|2|1|1,10,114,48860030,silent,48859916
11,12|10|5|4|4|2|2|2|2|1,10,45,18154385,silent,18154340
11,12|10|5|4|3|3|3|2|1|1,10,18,32507332,silent,32507314
11,12|10|5|4|3|3|2|2|2|1,10,18,26900124,silent,26900106
11,12|10|5|4|3|2|2|2|2|2,10,7,7282176,silent,7282169
11,12|10|5|3|3|3|3|3|1|1,10,0,-1,a0,
11,12|10|5|3|3|3|3|2|2|1,10,0,-1,a0,
11,12|10|5|3|3|3|2|2|2|2,10,0,-1,a0,
11,12|10|4|4|4|4|3|1|1|1,10,23,6734936,silent,6734913
11,12|10|4|4|4|4|2|2|1|1,10,26,8561221,silent,8561195
11,12|10|4|4|4|3|3|2|1|1,10,21,13262727,silent,13262706
11,12|10|4|4|4|3|2|2|2|1,10,20,10206441,silent,10206421
11,12|10|4|4|4|2|2|2|2|2,10,9,2192713,silent,2192704
11,12|10|4|4|3|3|3|3|1|1,10,0,-1,a0,
11,12|10|4|4|3|3|3|2|2|1,10,1,8162802,silent,8162801
11,12|10|4|4|3|3|2|2|2|2,10,0,-1,a0,
11,12|10|4|3|3|3|3|3|2|1,10,0,-1,a0,
11,12|10|4|3|3|3|3|2|2|2,10,0,-1,a0,
11,12|10|3|3|3|3|3|3|3|1,10,0,-1,a0,
11,12|10|3|3|3|3|3|3|2|2,10,0,-1,a0,
11,12|9|9|8|1|1|1|1|1|1,10,8,477409,silent,477401
11,12|9|9|7|2|1|1|1|1|1,10,43,3937395,silent,3937352
11,12|9|9|6|3|1|1|1|1|1,10,107,10910773,silent,10910666
11,12|9|9|6|2|2|1|1|1|1,10,103,11007039,silent,11006936
11,12|9|9|5|4|1|1|1|1|1,10,103,11907087,silent,11906984
11,12|9|9|5|3|2|1|1|1|1,10,227,27910388,silent,27910161
11,12|9|9|5|2|2|2|1|1|1,10,124,14166152,silent,14166028
11,12|9|9|4|4|2|1|1|1|1,10,117,17379989,silent,17379872
11,12|9|9|4|3|3|1|1|1|1,10,104,16956425,silent,16956321
11,12|9|9|4|3|2|2|1|1|1,10,159,25636702,silent,25636543
11,12|9|9|4|2|2|2|2|1|1,10,69,8908223,silent,8908154
11,12|9|9|3|3|3|2|1|1|1,10,34,10123443,silent,10123409
11,12|9|9|3|3|2|2|2|1|1,10,31,8372351,silent,8372320
11,12|9|9|3|2|2|2|2|2|1,10,13,2489390,silent,2489377
11,12|9|9|2|2|2|2|2|2|2,10,0,-1,a0,
11,12|9|8|8|2|1|1|1|1|1,10,32,2558894,silent,2558862
11,12|9|8|7|3|1|1|1|1|1,10,124,13552685,silent,13552561
11,12|9|8|7|2|2|1|1|1|1,10,126,13487555,silent,13487429
11,12|9|8|6|4|1|1|1|1|1,10,204,25038313,silent,25038109
11,12|9|8|6|3|2|1|1|1|1,10,388,54276969,silent,54276581
11,12|9|8|6|2|2|2|1|1|1,10,192,26590074,silent,26589882
11,12|9|8|5|5|1|1|1|1|1,10,113,14049806,silent,14049693
11,12|9|8|5|4|2|1|1|1|1,10,451,67878775,silent,67878324
11,12|9|8|5|3|3|1|1|1|1,10,281,53442583,silent,53442302
11,12|9|8|5|3|2|2|1|1|1,10,426,78339710,silent,78339284
11,12|9|8|5|2|2|2|2|1|1,10,143,24963074,silent,24962931
11,12|9|8|4|4|3|1|1|1|1,10,215,42526798,silent,42526583
11,12|9|8|4|4|2|2|1|1|1,10,260,51743526,silent,51743266
11,12|9|8|4|3|3|2|1|1|1,10,216,63780317,silent,63780101
11,12|9|8|4|3|2|2|2|1|1,10,183,48606667,silent,48606484
11,12|9|8|4|2|2|2|2|2|1,10,51,11216851,silent,11216800
11,12|9|8|3|3|3|3|1|1|1,10,15,12416992,silent,12416977
11,12|9|8|3|3|3|2|2|1|1,10,31,21427400,silent,21427369
11,12|9|8|3|3|2|2|2|2|1,10,21,10934790,silent,10934769
11,12|9|8|3|2|2|2|2|2|2,10,6,1924966,silent,1924960
11,12|9|7|7|4|1|1|1|1|1,10,103,14143452,silent,14143349
11,12|9|7|7|3|2|1|1|1|1,10,207,29829091,silent,29828884
11,12|9|7|7|2|2|2|1|1|1,10,109,14414855,silent,14414746
11,12|9|7|6|5|1|1|1|1|1,10,142,20574121,silent,20573979
11,12|9|7|6|4|2|1|1|1|1,10,465,78958621,silent,78958156
11,12|9|7|6|3|3|1|1|1|1,10,285,58315274,silent,58314989
11,12|9|7|6|3|2|2|1|1|1,10,422,84303649,silent,84303227
11,12|9|7|6|2|2|2|2|1|1,10,138,25939695,silent,25939557
11,12|9|7|5|5|2|1|1|1|1,10,306,49706015,silent,49705709
11,12|9|7|5|4|3|1|1|1|1,10,485,102305621,silent,102305136
11,12|9|7|5|4|2|2|1|1|1,10,566,120847681,silent,120847115
11,12|9|7|5|3|3|2|1|1|1,10,380,120739332,silent,120738952
11,12|9|7|5|3|2|2|2|1|1,10,292,88858206,silent,88857914
11,12|9|7|5|2|2|2|2|2|1,10,61,18815874,silent,18815813
11,12|9|7|4|4|4|1|1|1|1,10,121,28418590,silent,28418469
11,12|9|7|4|4|3|2|1|1|1,10,349,103542182,silent,103541833
11,12|9|7|4|4|2|2|2|1|1,10,218,62266100,silent,62265882
11,12|9|7|4|3|3|3|1|1|1,10,78,50319388,silent,50319310
11,12|9|7|4|3|3|2|2|1|1,10,138,84179804,silent,84179666
11,12|9|7|4|3|2|2|2|2|1,10,76,39438005,silent,39437929
11,12|9|7|4|2|2|2|2|2|2,10,10,5387914,silent,5387904
11,12|9|7|3|3|3|3|2|1|1,10,6,21996625,silent,21996619
11,12|9|7|3|3|3|2|2|2|1,10,6,18724100,silent,18724094
11,12|9|7|3|3|2|2|2|2|2,10,3,5449427,silent,5449424
11,12|9|6|6|6|1|1|1|1|1,10,26,4528035,silent,4528009
11,12|9|6|6|5|2|1|1|1|1,10,186,36525253,silent,36525067
11,12|9|6|6|4|3|1|1|1|1,10,266,61401935,silent,61401669
11,12|9|6|6|4|2|2|1|1|1,10,293,71688642,silent,71688349
11,12|9|6|6|3|3|2|1|1|1,10,215,67706867,silent,67706652
11,12|9|6|6|3|2|2|2|1|1,10,158,49143109,silent,49142951
11,12|9|6|6|2|2|2|2|2|1,10,38,10091460,silent,10091422
11,12|9|6|5|5|3|1|1|1|1,10,236,52236376,silent,52236140
11,12|9|6|5|5|2|2|1|1|1,10,239,57666607,silent,57666368
11,12|9|6|5|4|4|1|1|1|1,10,202,47031804,silent,47031602
11,12|9|6|5|4|3|2|1|1|1,10,499,159319222,silent,159318723
11,12|9|6|5|4|2|2|2|1|1,10,270,92772859,silent,92772589
11,12|9|6|5|3|3|3|1|1|1,10,99,62085411,silent,62085312
11,12|9|6|5|3|3|2|2|1|1,10,166,102459761,silent,102459595
11,12|9|6|5|3|2|2|2|2|1,10,77,46357900,silent,46357823
11,12|9|6|5|2|2|2|2|2|2,10,10,5839185,silent,5839175
11,12|9|6|4|4|4|2|1|1|1,10,178,53116960,silent,53116782
11,12|9|6|4|4|3|3|1|1|1,10,130,62215211,silent,62215081
11,12|9|6|4|4|3|2|2|1|1,10,206,97062689,silent,97062483
11,12|9|6|4|4|2|2|2|2|1,10,78,35624358,silent,35624280
11,12|9|6|4|3|3|3|2|1|1,10,36,62208185,silent,62208149
11,12|9|6|4|3|3|2|2|2|1,10,33,51143716,silent,51143683
11,12|9|6|4|3|2|2|2|2|2,10,12,13669379,silent,13669367
11,12|9|6|3|3|3|3|3|1|1,10,0,-1,a0,
11,12|9|6|3|3|3|3|2|2|1,10,0,-1,a0,
11,12|9|6|3|3|3|2|2|2|2,10,0,-1,a0,
11,12|9|5|5|5|4|1|1|1|1,10,76,15703676,silent,15703600
11,12|9|5|5|5|3|2|1|1|1,10,125,42667107,silent,42666982
11,12|9|5|5|5|2|2|2|1|1,10,50,23108941,silent,23108891
11,12|9|5|5|4|4|2|1|1|1,10,154,44908537,silent,44908383
11,12|9|5|5|4|3|3|1|1|1,10,91,49712801,silent,49712710
11,12|9|5|5|4|3|2|2|1|1,10,133,76688371,silent,76688238
11,12|9|5|5|4|2|2|2|2|1,10,34,27323932,silent,27323898
11,12|9|5|5|3|3|3|2|1|1,10,19,40147446,silent,40147427
11,12|9|5|5|3|3|2|2|2|1,10,17,32565819,silent,32565802
11,12|9|5|5|3|2|2|2|2|2,10,3,8437081,silent,8437078
11,12|9|5|4|4|4|3|1|1|1,10,78,27230718,silent,27230640
11,12|9|5|4|4|4|2|2|1|1,10,99,34325875,silent,34325776
11,12|9|5|4|4|3|3|2|1|1,10,58,51438031,silent,51437973
11,12|9|5|4|4|3|2|2|2|1,10,47,39152769,silent,39152722
11,12|9|5|4|4|2|2|2|2|2,10,9,8199675,silent,8199666
11,12|9|5|4|3|3|3|3|1|1,10,2,17263553,silent,17263551
11,12|9|5|4|3|3|3|2|2|1,10,3,28829653,silent,28829650
11,12|9|5|4|3|3|2|2|2|2,10,2,12506702,silent,12506700
11,12|9|5|3|3|3|3|3|2|1,10,0,-1,a0,
11,12|9|5|3|3|3|3|2|2|2,10,0,-1,a0,
11,12|9|4|4|4|4|4|1|1|1,10,11,2921967,silent,2921956
11,12|9|4|4|4|4|3|2|1|1,10,33,11952002,silent,11951969
11,12|9|4|4|4|4|2|2|2|1,10,24,7237596,silent,7237572
11,12|9|4|4|4|3|3|3|1|1,10,4,7499985,silent,7499981
11,12|9|4|4|4|3|3|2|2|1,10,8,12185802,silent,12185794
11,12|9|4|4|4|3|2|2|2|2,10,5,4896067,silent,4896062
11,12|9|4|4|3|3|3|3|2|1,10,0,-1,a0,
11,12|9|4|4|3|3|3|2|2|2,10,0,-1,a0,
11,12|9|4|3|3|3|3|3|3|1,10,0,-1,a0,
11,12|9|4|3|3|3|3|3|2|2,10,0,-1,a0,
11,12|9|3|3|3|3|3|3|3|2,10,0,-1,a0,
11,12|8|8|8|3|1|1|1|1|1,10,22,2536258,silent,2536236
11,12|8|8|8|2|2|1|1|1|1,10,26,2507147,silent,2507121
11,12|8|8|7|4|1|1|1|1|1,10,74,9294546,silent,9294472
11,12|8|8|7|3|2|1|1|1|1,10,126,19441771,silent,19441645
11,12|8|8|7|2|2|2|1|1|1,10,59,9348335,silent,9348276
11,12|8|8|6|5|1|1|1|1|1,10,77,11034264,silent,11034187
11,12|8|8|6|4|2|1|1|1|1,10,249,41695672,silent,41695423
11,12|8|8|6|3|3|1|1|1|1,10,136,30582141,silent,30582005
11,12|8|8|6|3|2|2|1|1|1,10,205,44117120,silent,44116915
11,12|8|8|6|2|2|2|2|1|1,10,58,13494793,silent,13494735
11,12|8|8|5|5|2|1|1|1|1,10,136,24791174,silent,24791038
11,12|8|8|5|4|3|1|1|1|1,10,233,50314132,silent,50313899
11,12|8|8|5|4|2|2|1|1|1,10,255,59290832,silent,59290577
11,12|8|8|5|3|3|2|1|1|1,10,181,58858503,silent,58858322
11,12|8|8|5|3|2|2|2|1|1,10,142,43193962,silent,43193820
11,12|8|8|5|2|2|2|2|2|1,10,34,9097509,silent,9097475
11,12|8|8|4|4|4|1|1|1|1,10,68,13597137,silent,13597069
11,12|8|8|4|4|3|2|1|1|1,10,156,49281946,silent,49281790
11,12|8|8|4|4|2|2|2|1|1,10,82,29540060,silent,29539978
11,12|8|8|4|3|3|3|1|1|1,10,35,23759274,silent,23759239
11,12|8|8|4|3|3|2|2|1|1,10,73,39702603,silent,39702530
11,12|8|8|4|3|2|2|2|2|1,10,39,18539126,silent,18539087
11,12|8|8|4|2|2|2|2|2|2,10,12,2525698,silent,2525686
11,12|8|8|3|3|3|3|2|1|1,10,2,10209409,silent,10209407
11,12|8|8|3|3|3|2|2|2|1,10,3,8676515,silent,8676512
11,12|8|8|3|3|2|2|2|2|2,10,0,-1,a0,
11,12|8|7|7|5|1|1|1|1|1,10,56,8416143,silent,8416087
11,12|8|7|7|4|2|1|1|1|1,10,164,29700772,silent,29700608
11,12|8|7|7|3|3|1|1|1|1,10,99,21287582,silent,21287483
11,12|8|7|7|3|2|2|1|1|1,10,141,30509281,silent,30509140
11,12|8|7|7|2|2|2|2|1|1,10,48,9200649,silent,9200601
11,12|8|7|6|6|1|1|1|1|1,10,32,6355004,silent,6354972
11,12|8|7|6|5|2|1|1|1|1,10,233,47263779,silent,47263546
11,12|8|7|6|4|3|1|1|1|1,10,314,76879623,silent,76879309
11,12|8|7|6|4|2|2|1|1|1,10,359,89354460,silent,89354101
11,12|8|7|6|3|3|2|1|1|1,10,239,83197723,silent,83197484
11,12|8|7|6|3|2|2|2|1|1,10,179,60051819,silent,60051640
11,12|8|7|6|2|2|2|2|2|1,10,38,12192226,silent,12192188
11,12|8|7|5|5|3|1|1|1|1,10,227,53396327,silent,53396100
11,12|8|7|5|5|2|2|1|1|1,10,227,58674225,silent,58673998
11,12|8|7|5|4|4|1|1|1|1,10,191,46748193,silent,46748002
11,12|8|7|5|4|3|2|1|1|1,10,462,156854389,silent,156853927
11,12|8|7|5|4|2|2|2|1|1,10,250,90828611,silent,90828361
11,12|8|7|5|3|3|3|1|1|1,10,90,60092291,silent,60092201
11,12|8|7|5|3|3|2|2|1|1,10,148,98894894,silent,98894746
11,12|8|7|5|3|2|2|2|2|1,10,69,44469826,silent,44469757
11,12|8|7|5|2|2|2|2|2|2,10,7,5535102,silent,5535095
11,12|8|7|4|4|4|2|1|1|1,10,158,48586283,silent,48586125
11,12|8|7|4|4|3|3|1|1|1,10,107,56459751,silent,56459644
11,12|8|7|4|4|3|2|2|1|1,10,173,87846282,silent,87846109
11,12|8|7|4|4|2|2|2|2|1,10,63,32041288,silent,32041225
11,12|8|7|4|3|3|3|2|1|1,10,30,55349286,silent,55349256
11,12|8|7|4|3|3|2|2|2|1,10,28,45355829,silent,45355801
11,12|8|7|4|3|2|2|2|2|2,10,9,12043494,silent,12043485
11,12|8|7|3|3|3|3|3|1|1,10,0,-1,a0,
11,12|8|7|3|3|3|3|2|2|1,10,0,-1,a0,
11,12|8|7|3|3|3|2|2|2|2,10,0,-1,a0,
11,12|8|6|6|6|2|1|1|1|1,10,47,11683274,silent,11683227
11,12|8|6|6|5|3|1|1|1|1,10,152,43265076,silent,43264924
11,12|8|6|6|5|2|2|1|1|1,10,155,46993543,silent,46993388
11,12|8|6|6|4|4|1|1|1|1,10,114,31443326,silent,31443212
11,12|8|6|6|4|3|2|1|1|1,10,281,102610513,silent,102610232
11,12|8|6|6|4|2|2|2|1|1,10,146,58590602,silent,58590456
11,12|8|6|6|3|3|3|1|1|1,10,61,36876608,silent,36876547
11,12|8|6|6|3|3|2|2|1|1,10,107,60324346,silent,60324239
11,12|8|6|6|3|2|2|2|2|1,10,51,26718163,silent,26718112
11,12|8|6|6|2|2|2|2|2|2,10,12,3230611,silent,3230599
11,12|8|6|5|5|4|1|1|1|1,10,123,34139744,silent,34139621
11,12|8|6|5|5|3|2|1|1|1,10,243,91060194,silent,91059951
11,12|8|6|5|5|2|2|2|1|1,10,114,48809029,silent,48808915
11,12|8|6|5|4|4|2|1|1|1,10,254,89497725,silent,89497471
11,12|8|6|5|4|3|3|1|1|1,10,178,97566965,silent,97566787
11,12|8|6|5|4|3|2|2|1|1,10,255,149749435,silent,149749180
11,12|8|6|5|4|2|2|2|2|1,10,80,52751409,silent,52751329
11,12|8|6|5|3|3|3|2|1|1,10,44,75659850,silent,75659806
11,12|8|6|5|3|3|2|2|2|1,10,36,60996826,silent,60996790
11,12|8|6|5|3|2|2|2|2|2,10,9,15617615,silent,15617606
11,12|8|6|4|4|4|3|1|1|1,10,110,42433188,silent,42433078
11,12|8|6|4|4|4|2|2|1|1,10,119,53206845,silent,53206726
11,12|8|6|4|4|3|3|2|1|1,10,89,78538327,silent,78538238
11,12|8|6|4|4|3|2|2|2|1,10,69,59417889,silent,59417820
11,12|8|6|4|4|2|2|2|2|2,10,20,12306283,silent,12306263
11,12|8|6|4|3|3|3|3|1|1,10,2,25352883,silent,25352881
11,12|8|6|4|3|3|3|2|2|1,10,5,42222700,silent,42222695
11,12|8|6|4|3|3|2|2|2|2,10,1,18189512,silent,18189511
11,12|8|6|3|3|3|3|3|2|1,10,0,-1,a0,
11,12|8|6|3|3|3|3|2|2|2,10,0,-1,a0,
11,12|8|5|5|5|5|1|1|1|1,10,20,4950502,silent,4950482
11,12|8|5|5|5|4|2|1|1|1,10,87,32093141,silent,32093054
11,12|8|5|5|5|3|3|1|1|1,10,43,28580246,silent,28580203
11,12|8|5|5|5|3|2|2|1|1,10,50,42689032,silent,42688982
11,12|8|5|5|5|2|2|2|2|1,10,7,13919855,silent,13919848
11,12|8|5|5|4|4|3|1|1|1,10,90,37996214,silent,37996124
11,12|8|5|5|4|4|2|2|1|1,10,95,47127221,silent,47127126
11,12|8|5|5|4|3|3|2|1|1,10,52,65721641,silent,65721589
11,12|8|5|5|4|3|2|2|2|1,10,33,49058151,silent,49058118
11,12|8|5|5|4|2|2|2|2|2,10,1,9837300,silent,9837299
11,12|8|5|5|3|3|3|3|1|1,10,2,17209438,silent,17209436
11,12|8|5|5|3|3|3|2|2|1,10,3,28481364,silent,28481361
11,12|8|5|5|3|3|2|2|2|2,10,2,12099254,silent,12099252
11,12|8|5|4|4|4|4|1|1|1,10,37,9568459,silent,9568422
11,12|8|5|4|4|4|3|2|1|1,10,80,38376475,silent,38376395
11,12|8|5|4|4|4|2|2|2|1,10,44,22986145,silent,22986101
11,12|8|5|4|4|3|3|3|1|1,10,10,23202205,silent,23202195
11,12|8|5|4|4|3|3|2|2|1,10,18,37517468,silent,37517450
11,12|8|5|4|4|3|2|2|2|2,10,8,14894889,silent,14894881
11,12|8|5|4|3|3|3|3|2|1,10,0,-1,a0,
11,12|8|5|4|3|3|3|2|2|2,10,0,-1,a0,
11,12|8|5|3|3|3|3|3|3|1,10,0,-1,a0,
11,12|8|5|3|3|3|3|3|2|2,10,0,-1,a0,
11,12|8|4|4|4|4|4|2|1|1,10,20,4734695,silent,4734675
11,12|8|4|4|4|4|3|3|1|1,10,13,6144380,silent,6144367
11,12|8|4|4|4|4|3|2|2|1,10,20,9284499,silent,9284479
11,12|8|4|4|4|4|2|2|2|2,10,11,2911179,silent,2911168
11,12|8|4|4|4|3|3|3|2|1,10,1,7549043,silent,7549042
11,12|8|4|4|4|3|3|2|2|2,10,0,-1,a0,
11,12|8|4|4|3|3|3|3|3|1,10,0,-1,a0,
11,12|8|4|4|3|3|3|3|2|2,10,0,-1,a0,
11,12|8|4|3|3|3|3|3|3|2,10,0,-1,a0,
11,12|8|3|3|3|3|3|3|3|3,10,0,-1,a0,
11,12|7|7|7|6|1|1|1|1|1,10,9,1803896,silent,1803887
11,12|7|7|7|5|2|1|1|1|1,10,55,10608116,silent,10608061
11,12|7|7|7|4|3|1|1|1|1,10,63,16033086,silent,16033023
11,12|7|7|7|4|2|2|1|1|1,10,79,18496392,silent,18496313
11,12|7|7|7|3|3|2|1|1|1,10,42,16746223,silent,16746181
11,12|7|7|7|3|2|2|2|1|1,10,31,11977083,silent,11977052
11,12|7|7|7|2|2|2|2|2|1,10,3,2383827,silent,2383824
11,12|7|7|6|6|2|1|1|1|1,10,29,8833011,silent,8832982
11,12|7|7|6|5|3|1|1|1|1,10,106,30567923,silent,30567817
11,12|7|7|6|5|2|2|1|1|1,10,113,33079178,silent,33079065
11,12|7|7|6|4|4|1|1|1|1,10,71,21682286,silent,21682215
11,12|7|7|6|4|3|2|1|1|1,10,188,70240260,silent,70240072
11,12|7|7|6|4|2|2|2|1|1,10,108,39942595,silent,39942487
11,12|7|7|6|3|3|3|1|1|1,10,34,24890962,silent,24890928
11,12|7|7|6|3|3|2|2|1|1,10,56,40615478,silent,40615422
11,12|7|7|6|3|2|2|2|2|1,10,23,17903745,silent,17903722
11,12|7|7|6|2|2|2|2|2|2,10,0,-1,a0,
11,12|7|7|5|5|4|1|1|1|1,10,76,19544906,silent,19544830
11,12|7|7|5|5|3|2|1|1|1,10,131,51713012,silent,51712881
11,12|7|7|5|5|2|2|2|1|1,10,51,27587088,silent,27587037
11,12|7|7|5|4|4|2|1|1|1,10,146,49635417,silent,49635271
11,12|7|7|5|4|3|3|1|1|1,10,89,53759108,silent,53759019
11,12|7|7|5|4|3|2|2|1|1,10,134,82335982,silent,82335848
11,12|7|7|5|4|2|2|2|2|1,10,34,28858022,silent,28857988
11,12|7|7|5|3|3|3|2|1|1,10,22,41017371,silent,41017349
11,12|7|7|5|3|3|2|2|2|1,10,17,32982873,silent,32982856
11,12|7|7|5|3|2|2|2|2|2,10,3,8401490,silent,8401487
11,12|7|7|4|4|4|3|1|1|1,10,53,21921255,silent,21921202
11,12|7|7|4|4|4|2|2|1|1,10,74,27445055,silent,27444981
11,12|7|7|4|4|3|3|2|1|1,10,36,40224765,silent,40224729
11,12|7|7|4|4|3|2|2|2|1,10,30,30356367,silent,30356337
11,12|7|7|4|4|2|2|2|2|2,10,1,6243168,silent,6243167
11,12|7|7|4|3|3|3|3|1|1,10,2,12792184,silent,12792182
11,12|7|7|4|3|3|3|2|2|1,10,2,21270911,silent,21270909
11,12|7|7|4|3|3|2|2|2|2,10,2,9145246,silent,9145244
11,12|7|7|3|3|3|3|3|2|1,10,0,-1,a0,
11,12|7|7|3|3|3|3|2|2|2,10,0,-1,a0,
11,12|7|6|6|6|3|1|1|1|1,10,25,10113853,silent,10113828
11,12|7|6|6|6|2|2|1|1|1,10,26,10645751,silent,10645725
11,12|7|6|6|5|4|1|1|1|1,10,53,20533365,silent,20533312
11,12|7|6|6|5|3|2|1|1|1,10,122,52862969,silent,52862847
11,12|7|6|6|5|2|2|2|1|1,10,62,27816762,silent,27816700
11,12|7|6|6|4|4|2|1|1|1,10,95,42100120,silent,42100025
11,12|7|6|6|4|3|3|1|1|1,10,79,44547926,silent,44547847
11,12|7|6|6|4|3|2|2|1|1,10,116,67798234,silent,67798118
11,12|7|6|6|4|2|2|2|2|1,10,42,23412455,silent,23412413
11,12|7|6|6|3|3|3|2|1|1,10,23,31687123,silent,31687100
11,12|7|6|6|3|3|2|2|2|1,10,18,25286400,silent,25286382
11,12|7|6|6|3|2|2|2|2|2,10,6,6343013,silent,6343007
11,12|7|6|5|5|5|1|1|1|1,10,24,7745420,silent,7745396
11,12|7|6|5|5|4|2|1|1|1,10,111,48474534,silent,48474423
11,12|7|6|5|5|3|3|1|1|1,10,67,42570603,silent,42570536
11,12|7|6|5|5|3|2|2|1|1,10,83,63305860,silent,63305777
11,12|7|6|5|5|2|2|2|2|1,10,18,20431773,silent,20431755
11,12|7|6|5|4|4|3|1|1|1,10,111,53073149,silent,53073038
11,12|7|6|5|4|4|2|2|1|1,10,119,65522267,silent,65522148
11,12|7|6|5|4|3|3|2|1|1,10,82,90129189,silent,90129107
11,12|7|6|5|4|3|2|2|2|1,10,53,66913470,silent,66913417
11,12|7|6|5|4|2|2|2|2|2,10,8,13283968,silent,13283960
11,12|7|6|5|3|3|3|3|1|1,10,3,22775145,silent,22775142
11,12|7|6|5|3|3|3|2|2|1,10,5,37599365,silent,37599360
11,12|7|6|5|3|3|2|2|2|2,10,2,15872420,silent,15872418
11,12|7|6|4|4|4|4|1|1|1,10,33,10612223,silent,10612190
11,12|7|6|4|4|4|3|2|1|1,10,79,42170326,silent,42170247
11,12|7|6|4|4|4|2|2|2|1,10,45,25124748,silent,25124703
11,12|7|6|4|4|3|3|3|1|1,10,11,25073734,silent,25073723
11,12|7|6|4|4|3|3|2|2|1,10,19,40438482,silent,40438463
11,12|7|6|4|4|3|2|2|2|2,10,8,15962453,silent,15962445
11,12|7|6|4|3|3|3|3|2|1,10,0,-1,a0,
11,12|7|6|4|3|3|3|2|2|2,10,0,-1,a0,
11,12|7|6|3|3|3|3|3|3|1,10,0,-1,a0,
11,12|7|6|3|3|3|3|3|2|2,10,0,-1,a0,
11,12|7|5|5|5|5|2|1|1|1,10,14,8157170,silent,8157156
11,12|7|5|5|5|4|3|1|1|1,10,40,21788678,silent,21788638
11,12|7|5|5|5|4|2|2|1|1,10,26,26176486,silent,26176460
11,12|7|5|5|5|3|3|2|1|1,10,17,29417678,silent,29417661
11,12|7|5|5|5|3|2|2|2|1,10,5,21156187,silent,21156182
11,12|7|5|5|5|2|2|2|2|2,10,0,-1,a0,
11,12|7|5|5|4|4|4|1|1|1,10,36,10655396,silent,10655360
11,12|7|5|5|4|4|3|2|1|1,10,58,41189937,silent,41189879
11,12|7|5|5|4|4|2|2|2|1,10,19,24205600,silent,24205581
11,12|7|5|5|4|3|3|3|1|1,10,7,22975296,silent,22975289
11,12|7|5|5|4|3|3|2|2|1,10,11,36837082,silent,36837071
11,12|7|5|5|4|3|2|2|2|2,10,2,14324981,silent,14324979
11,12|7|5|5|3|3|3|3|2|1,10,0,-1,a0,
11,12|7|5|5|3|3|3|2|2|2,10,0,-1,a0,
11,12|7|5|4|4|4|4|2|1|1,10,45,11833433,silent,11833388
11,12|7|5|4|4|4|3|3|1|1,10,19,15101662,silent,15101643
11,12|7|5|4|4|4|3|2|2|1,10,32,22725192,silent,22725160
11,12|7|5|4|4|4|2|2|2|2,10,6,7029092,silent,7029086
11,12|7|5|4|4|3|3|3|2|1,10,2,17839860,silent,17839858
11,12|7|5|4|4|3|3|2|2|2,10,2,12029405,silent,12029403
11,12|7|5|4|3|3|3|3|3|1,10,0,-1,a0,
11,12|7|5|4|3|3|3|3|2|2,10,0,-1,a0,
11,12|7|5|3|3|3|3|3|3|2,10,0,-1,a0,
11,12|7|4|4|4|4|4|3|1|1,10,13,2581531,silent,2581518
11,12|7|4|4|4|4|4|2|2|1,10,18,3141443,silent,3141425
11,12|7|4|4|4|4|3|3|2|1,10,5,5132272,silent,5132267
11,12|7|4|4|4|4|3|2|2|2,10,5,3206466,silent,3206461
11,12|7|4|4|4|3|3|3|3|1,10,0,-1,a0,
11,12|7|4|4|4|3|3|3|2|2,10,0,-1,a0,
11,12|7|4|4|3|3|3|3|3|2,10,0,-1,a0,
11,12|7|4|3|3|3|3|3|3|3,10,0,-1,a0,
11,12|6|6|6|6|4|1|1|1|1,10,6,2828595,silent,2828589
11,12|6|6|6|6|3|2|1|1|1,10,12,6730871,silent,6730859
11,12|6|6|6|6|2|2|2|1|1,10,5,3415970,silent,3415965
11,12|6|6|6|5|5|1|1|1|1,10,5,2705535,silent,2705530
11,12|6|6|6|5|4|2|1|1|1,10,26,15671458,silent,15671432
11,12|6|6|6|5|3|3|1|1|1,10,22,13390219,silent,13390197
11,12|6|6|6|5|3|2|2|1|1,10,32,19762969,silent,19762937
11,12|6|6|6|5|2|2|2|2|1,10,13,6264377,silent,6264364
11,12|6|6|6|4|4|3|1|1|1,10,21,13632873,silent,13632852
11,12|6|6|6|4|4|2|2|1|1,10,22,16692959,silent,16692937
11,12|6|6|6|4|3|3|2|1|1,10,27,22355491,silent,22355464
11,12|6|6|6|4|3|2|2|2|1,10,21,16443787,silent,16443766
11,12|6|6|6|4|2|2|2|2|2,10,9,3210541,silent,3210532
11,12|6|6|6|3|3|3|3|1|1,10,1,5223026,silent,5223025
11,12|6|6|6|3|3|3|2|2|1,10,1,8588790,silent,8588789
11,12|6|6|6|3|3|2|2|2|2,10,0,-1,a0,
11,12|6|6|5|5|5|2|1|1|1,10,12,6776024,silent,6776012
11,12|6|6|5|5|4|3|1|1|1,10,25,17599790,silent,17599765
11,12|6|6|5|5|4|2|2|1|1,10,29,21075451,silent,21075422
11,12|6|6|5|5|3|3|2|1|1,10,15,23403303,silent,23403288
11,12|6|6|5|5|3|2|2|2|1,10,9,16758003,silent,16757994
11,12|6|6|5|5|2|2|2|2|2,10,0,-1,a0,
11,12|6|6|5|4|4|4|1|1|1,10,15,8070104,silent,8070089
11,12|6|6|5|4|4|3|2|1|1,10,42,30968085,silent,30968043
11,12|6|6|5|4|4|2|2|2|1,10,22,18122898,silent,18122876
11,12|6|6|5|4|3|3|3|1|1,10,8,17038033,silent,17038025
11,12|6|6|5|4|3|3|2|2|1,10,10,27256635,silent,27256625
11,12|6|6|5|4|3|2|2|2|2,10,4,10550450,silent,10550446
11,12|6|6|5|3|3|3|3|2|1,10,0,-1,a0,
11,12|6|6|5|3|3|3|2|2|2,10,0,-1,a0,
11,12|6|6|4|4|4|4|2|1|1,10,16,7203588,silent,7203572
11,12|6|6|4|4|4|3|3|1|1,10,15,9148438,silent,9148423
11,12|6|6|4|4|4|3|2|2|1,10,20,13730419,silent,13730399
11,12|6|6|4|4|4|2|2|2|2,10,10,4236671,silent,4236661
11,12|6|6|4|4|3|3|3|2|1,10,1,10630233,silent,10630232
11,12|6|6|4|4|3|3|2|2|2,10,0,-1,a0,
11,12|6|6|4|3|3|3|3|3|1,10,0,-1,a0,
11,12|6|6|4|3|3|3|3|2|2,10,0,-1,a0,
11,12|6|6|3|3|3|3|3|3|2,10,0,-1,a0,
11,12|6|5|5|5|5|3|1|1|1,10,3,4243329,silent,4243326
11,12|6|5|5|5|5|2|2|1|1,10,1,4746658,silent,4746657
11,12|6|5|5|5|4|4|1|1|1,10,10,4645703,silent,4645693
11,12|6|5|5|5|4|3|2|1|1,10,11,16577536,silent,16577525
11,12|6|5|5|5|4|2|2|2|1,10,1,9396093,silent,9396092
11,12|6|5|5|5|3|3|3|1|1,10,1,7316013,silent,7316012
11,12|6|5|5|5|3|3|2|2|1,10,1,11548283,silent,11548282
11,12|6|5|5|5|3|2|2|2|2,10,0,-1,a0,
11,12|6|5|5|4|4|4|2|1|1,10,23,9137512,silent,9137489
11,12|6|5|5|4|4|3|3|1|1,10,10,11316159,silent,11316149
11,12|6|5|5|4|4|3|2|2|1,10,10,16892553,silent,16892543
11,12|6|5|5|4|4|2|2|2|2,10,0,-1,a0,
11,12|6|5|5|4|3|3|3|2|1,10,1,12272219,silent,12272218
11,12|6|5|5|4|3|3|2|2|2,10,1,8197560,silent,8197559
11,12|6|5|5|3|3|3|3|3|1,10,0,-1,a0,
11,12|6|5|5|3|3|3|3|2|2,10,0,-1,a0,
11,12|6|5|4|4|4|4|3|1|1,10,17,4449414,silent,4449397
11,12|6|5|4|4|4|4|2|2|1,10,18,5388444,silent,5388426
11,12|6|5|4|4|4|3|3|2|1,10,7,8686157,silent,8686150
11,12|6|5|4|4|4|3|2|2|2,10,4,5396877,silent,5396873
11,12|6|5|4|4|3|3|3|3|1,10,0,-1,a0,
11,12|6|5|4|4|3|3|3|2|2,10,0,-1,a0,
11,12|6|5|4|3|3|3|3|3|2,10,0,-1,a0,
11,12|6|5|3|3|3|3|3|3|3,10,0,-1,a0,
11,12|6|4|4|4|4|4|4|1|1,10,4,436713,silent,436709
11,12|6|4|4|4|4|4|3|2|1,10,10,1747700,silent,1747690
11,12|6|4|4|4|4|4|2|2|2,10,8,863705,silent,863697
11,12|6|4|4|4|4|3|3|3|1,10,0,-1,a0,
11,12|6|4|4|4|4|3|3|2|2,10,0,-1,a0,
11,12|6|4|4|4|3|3|3|3|2,10,0,-1,a0,
11,12|6|4|4|3|3|3|3|3|3,10,0,-1,a0,
11,12|5|5|5|5|5|4|1|1|1,10,0,-1,a0,
11,12|5|5|5|5|5|3|2|1|1,10,0,-1,a0,
11,12|5|5|5|5|5|2|2|2|1,10,0,-1,a0,
11,12|5|5|5|5|4|4|2|1|1,10,1,2116288,silent,2116287
11,12|5|5|5|5|4|3|3|1|1,10,1,2452773,silent,2452772
11,12|5|5|5|5|4|3|2|2|1,10,0,-1,a0,
11,12|5|5|5|5|4|2|2|2|2,10,0,-1,a0,
11,12|5|5|5|5|3|3|3|2|1,10,0,-1,a0,
11,12|5|5|5|5|3|3|2|2|2,10,0,-1,a0,
11,12|5|5|5|4|4|4|3|1|1,10,5,1815284,silent,1815279
11,12|5|5|5|4|4|4|2|2|1,10,1,2180634,silent,2180633
11,12|5|5|5|4|4|3|3|2|1,10,1,3422235,silent,3422234
11,12|5|5|5|4|4|3|2|2|2,10,0,-1,a0,
11,12|5|5|5|4|3|3|3|3|1,10,0,-1,a0,
11,12|5|5|5|4|3|3|3|2|2,10,0,-1,a0,
11,12|5|5|5|3|3|3|3|3|2,10,0,-1,a0,
11,12|5|5|4|4|4|4|4|1|1,10,6,397190,silent,397184
11,12|5|5|4|4|4|4|3|2|1,10,5,1567929,silent,1567924
11,12|5|5|4|4|4|4|2|2|2,10,0,-1,a0,
11,12|5|5|4|4|4|3|3|3|1,10,0,-1,a0,
11,12|5|5|4|4|4|3|3|2|2,10,1,1357443,silent,1357442
11,12|5|5|4|4|3|3|3|3|2,10,0,-1,a0,
11,12|5|5|4|3|3|3|3|3|3,10,0,-1,a0,
11,12|5|4|4|4|4|4|4|2|1,10,6,227965,silent,227959
11,12|5|4|4|4|4|4|3|3|1,10,1,300466,silent,300465
11,12|5|4|4|4|4|4|3|2|2,10,2,371318,silent,371316
11,12|5|4|4|4|4|3|3|3|2,10,0,-1,a0,
11,12|5|4|4|4|3|3|3|3|3,10,0,-1,a0,
11,12|4|4|4|4|4|4|4|3|1,10,1,26642,silent,26641
11,12|4|4|4|4|4|4|4|2|2,10,3,27415,silent,27412
11,12|4|4|4|4|4|4|3|3|2,10,0,-1,a0,
11,12|4|4|4|4|4|3|3|3|3,10,0,-1,a0,
11,11|11|11|5|1|1|1|1|1|1,10,5,153865,silent,153860
11,11|11|11|4|2|1|1|1|1|1,10,6,439974,silent,439968
11,11|11|11|3|3|1|1|1|1|1,10,6,287644,silent,287638
11,11|11|11|3|2|2|1|1|1|1,10,6,399585,silent,399579
11,11|11|11|2|2|2|2|1|1|1,10,3,114190,silent,114187
11,11|11|10|6|1|1|1|1|1|1,10,10,488509,silent,488499
11,11|11|10|5|2|1|1|1|1|1,10,29,1943799,silent,1943770
11,11|11|10|4|3|1|1|1|1|1,10,34,2423753,silent,2423719
11,11|11|10|4|2|2|1|1|1|1,10,32,2710134,silent,2710102
11,11|11|10|3|3|2|1|1|1|1,10,26,2229584,silent,2229558
11,11|11|10|3|2|2|2|1|1|1,10,20,1560462,silent,1560442
11,11|11|10|2|2|2|2|2|1|1,10,7,306693,silent,306686
11,11|11|9|7|1|1|1|1|1|1,10,10,665706,silent,665696
11,11|11|9|6|2|1|1|1|1|1,10,48,3687305,silent,3687257
11,11|11|9|5|3|1|1|1|1|1,10,81,7014313,silent,7014232
11,11|11|9|5|2|2|1|1|1|1,10,84,7304756,silent,7304672
11,11|11|9|4|4|1|1|1|1|1,10,39,3993255,silent,3993216
11,11|11|9|4|3|2|1|1|1|1,10,110,11879401,silent,11879291
11,11|11|9|4|2|2|2|1|1|1,10,67,6548328,silent,6548261
11,11|11|9|3|3|3|1|1|1|1,10,26,3615733,silent,3615707
11,11|11|9|3|3|2|2|1|1|1,10,42,5876369,silent,5876327
11,11|11|9|3|2|2|2|2|1|1,10,25,2621364,silent,2621339
11,11|11|9|2|2|2|2|2|2|1,10,4,356352,silent,356348
11,11|11|8|8|1|1|1|1|1|1,10,8,324709,silent,324701
11,11|11|8|7|2|1|1|1|1|1,10,41,3270309,silent,3270268
11,11|11|8|6|3|1|1|1|1|1,10,104,9632826,silent,9632722
11,11|11|8|6|2|2|1|1|1|1,10,93,9733693,silent,9733600
11,11|11|8|5|4|1|1|1|1|1,10,103,10757836,silent,10757733
11,11|11|8|5|3|2|1|1|1|1,10,211,25301364,silent,25301153
11,11|11|8|5|2|2|2|1|1|1,10,111,12866688,silent,12866577
11,11|11|8|4|4|2|1|1|1|1,10,114,15905240,silent,15905126
11,11|11|8|4|3|3|1|1|1|1,10,99,15560335,silent,15560236
11,11|11|8|4|3|2|2|1|1|1,10,145,23548832,silent,23548687
11,11|11|8|4|2|2|2|2|1|1,10,64,8199352,silent,8199288
11,11|11|8|3|3|3|2|1|1|1,10,33,9355869,silent,9355836
11,11|11|8|3|3|2|2|2|1|1,10,30,7746425,silent,7746395
11,11|11|8|3|2|2|2|2|2|1,10,13,2308405,silent,2308392
11,11|11|8|2|2|2|2|2|2|2,10,0,-1,a0,
11,11|11|7|7|3|1|1|1|1|1,10,42,4741538,silent,4741496
11,11|11|7|7|2|2|1|1|1|1,10,52,4739544,silent,4739492
11,11|11|7|6|4|1|1|1|1|1,10,92,10935428,silent,10935336
11,11|11|7|6|3|2|1|1|1|1,10,181,23908559,silent,23908378
11,11|11|7|6|2|2|2|1|1|1,10,91,11771728,silent,11771637
11,11|11|7|5|5|1|1|1|1|1,10,56,6519867,silent,6519811
11,11|11|7|5|4|2|1|1|1|1,10,227,32028350,silent,32028123
11,11|11|7|5|3|3|1|1|1|1,10,138,25392606,silent,25392468
11,11|11|7|5|3|2|2|1|1|1,10,215,37311913,silent,37311698
11,11|11|7|5|2|2|2|2|1|1,10,70,11954650,silent,11954580
11,11|11|7|4|4|3|1|1|1|1,10,109,20728007,silent,20727898
11,11|11|7|4|4|2|2|1|1|1,10,137,25284204,silent,25284067
11,11|11|7|4|3|3|2|1|1|1,10,110,31381106,silent,31380996
11,11|11|7|4|3|2|2|2|1|1,10,94,23985645,silent,23985551
11,11|11|7|4|2|2|2|2|2|1,10,24,5565361,silent,5565337
11,11|11|7|3|3|3|3|1|1|1,10,8,6213349,silent,6213341
11,11|11|7|3|3|3|2|2|1|1,10,15,10735046,silent,10735031
11,11|11|7|3|3|2|2|2|2|1,10,10,5495737,silent,5495727
11,11|11|7|3|2|2|2|2|2|2,10,2,972037,silent,972035
11,11|11|6|6|5|1|1|1|1|1,10,36,4505022,silent,4504986
11,11|11|6|6|4|2|1|1|1|1,10,107,17933380,silent,17933273
11,11|11|6|6|3|3|1|1|1|1,10,79,13443581,silent,13443502
11,11|11|6|6|3|2|2|1|1|1,10,100,19521389,silent,19521289
11,11|11|6|6|2|2|2|2|1|1,10,40,6073789,silent,6073749
11,11|11|6|5|5|2|1|1|1|1,10,95,13883117,silent,13883022
11,11|11|6|5|4|3|1|1|1|1,10,152,29558582,silent,29558430
11,11|11|6|5|4|2|2|1|1|1,10,173,35079893,silent,35079720
11,11|11|6|5|3|3|2|1|1|1,10,120,35565871,silent,35565751
11,11|11|6|5|3|2|2|2|1|1,10,91,26323070,silent,26322979
11,11|11|6|5|2|2|2|2|2|1,10,20,5637737,silent,5637717
11,11|11|6|4|4|4|1|1|1|1,10,35,8853723,silent,8853688
11,11|11|6|4|4|3|2|1|1|1,10,117,32584902,silent,32584785
11,11|11|6|4|4|2|2|2|1|1,10,79,19709459,silent,19709380
11,11|11|6|4|3|3|3|1|1|1,10,30,16118451,silent,16118421
11,11|11|6|4|3|3|2|2|1|1,10,44,27034700,silent,27034656
11,11|11|6|4|3|2|2|2|2|1,10,27,12744815,silent,12744788
11,11|11|6|4|2|2|2|2|2|2,10,1,1760192,silent,1760191
11,11|11|6|3|3|3|3|2|1|1,10,2,7331464,silent,7331462
11,11|11|6|3|3|3|2|2|2|1,10,2,6259911,silent,6259909
11,11|11|6|3|3|2|2|2|2|2,10,2,1833983,silent,1833981
11,11|11|5|5|5|3|1|1|1|1,10,38,7448675,silent,7448637
11,11|11|5|5|5|2|2|1|1|1,10,40,8296058,silent,8296018
11,11|11|5|5|4|4|1|1|1|1,10,42,7189509,silent,7189467
11,11|11|5|5|4|3|2|1|1|1,10,85,24814310,silent,24814225
11,11|11|5|5|4|2|2|2|1|1,10,42,14601888,silent,14601846
11,11|11|5|5|3|3|3|1|1|1,10,13,10025041,silent,10025028
11,11|11|5|5|3|3|2|2|1|1,10,29,16630277,silent,16630248
11,11|11|5|5|3|2|2|2|2|1,10,11,7610263,silent,7610252
11,11|11|5|5|2|2|2|2|2|2,10,2,979853,silent,979851
11,11|11|5|4|4|4|2|1|1|1,10,41,10441738,silent,10441697
11,11|11|5|4|4|3|3|1|1|1,10,27,12423003,silent,12422976
11,11|11|5|4|4|3|2|2|1|1,10,46,19479279,silent,19479233
11,11|11|5|4|4|2|2|2|2|1,10,16,7231198,silent,7231182
11,11|11|5|4|3|3|3|2|1|1,10,7,12944210,silent,12944203
11,11|11|5|4|3|3|2|2|2|1,10,7,10705585,silent,10705578
11,11|11|5|4|3|2|2|2|2|2,10,2,2894591,silent,2894589
11,11|11|5|3|3|3|3|3|1|1,10,0,-1,a0,
11,11|11|5|3|3|3|3|2|2|1,10,0,-1,a0,
11,11|11|5|3|3|3|2|2|2|2,10,0,-1,a0,
11,11|11|4|4|4|4|3|1|1|1,10,6,2670266,silent,2670260
11,11|11|4|4|4|4|2|2|1|1,10,16,3398574,silent,3398558
11,11|11|4|4|4|3|3|2|1|1,10,7,5254054,silent,5254047
11,11|11|4|4|4|3|2|2|2|1,10,7,4042422,silent,4042415
11,11|11|4|4|4|2|2|2|2|2,10,0,-1,a0,
11,11|11|4|4|3|3|3|3|1|1,10,1,1925343,silent,1925342
11,11|11|4|4|3|3|3|2|2|1,10,0,-1,a0,
11,11|11|4|4|3|3|2|2|2|2,10,1,1417581,silent,1417580
11,11|11|4|3|3|3|3|3|2|1,10,0,-1,a0,
11,11|11|4|3|3|3|3|2|2|2,10,0,-1,a0,
11,11|11|3|3|3|3|3|3|3|1,10,0,-1,a0,
11,11|11|3|3|3|3|3|3|2|2,10,0,-1,a0,
11,11|10|10|7|1|1|1|1|1|1,10,6,423901,silent,423895
11,11|10|10|6|2|1|1|1|1|1,10,32,2272899,silent,2272867
11,11|10|10|5|3|1|1|1|1|1,10,47,4252466,silent,4252419
11,11|10|10|5|2|2|1|1|1|1,10,51,4423350,silent,4423299
11,11|10|10|4|4|1|1|1|1|1,10,29,2407030,silent,2407001
11,11|10|10|4|3|2|1|1|1|1,10,65,7133151,silent,7133086
11,11|10|10|4|2|2|2|1|1|1,10,35,3922446,silent,3922411
11,11|10|10|3|3|3|1|1|1|1,10,13,2158847,silent,2158834
11,11|10|10|3|3|2|2|1|1|1,10,26,3508185,silent,3508159
11,11|10|10|3|2|2|2|2|1|1,10,13,1559809,silent,1559796
11,11|10|10|2|2|2|2|2|2|1,10,3,211633,silent,211630
11,11|10|9|8|1|1|1|1|1|1,10,7,516458,silent,516451
11,11|10|9|7|2|1|1|1|1|1,10,49,4094739,silent,4094690
11,11|10|9|6|3|1|1|1|1|1,10,111,11110227,silent,11110116
11,11|10|9|6|2|2|1|1|1|1,10,111,11196505,silent,11196394
11,11|10|9|5|4|1|1|1|1|1,10,109,12003552,silent,12003443
11,11|10|9|5|3|2|1|1|1|1,10,226,28059282,silent,28059056
11,11|10|9|5|2|2|2|1|1|1,10,116,14215091,silent,14214975
11,11|10|9|4|4|2|1|1|1|1,10,128,17390503,silent,17390375
11,11|10|9|4|3|3|1|1|1|1,10,98,16925098,silent,16925000
11,11|10|9|4|3|2|2|1|1|1,10,154,25568861,silent,25568707
11,11|10|9|4|2|2|2|2|1|1,10,59,8861442,silent,8861383
11,11|10|9|3|3|3|2|1|1|1,10,34,10057546,silent,10057512
11,11|10|9|3|3|2|2|2|1|1,10,33,8309206,silent,8309173
11,11|10|9|3|2|2|2|2|2|1,10,14,2464373,silent,2464359
11,11|10|9|2|2|2|2|2|2|2,10,2,202039,silent,202037
11,11|10|8|8|2|1|1|1|1|1,10,28,2171863,silent,2171835
11,11|10|8|7|3|1|1|1|1|1,10,103,11053845,silent,11053742
11,11|10|8|7|2|2|1|1|1|1,10,103,10985989,silent,10985886
11,11|10|8|6|4|1|1|1|1|1,10,170,20027798,silent,20027628
11,11|10|8|6|3|2|1|1|1|1,10,309,43300219,silent,43299910
11,11|10|8|6|2|2|2|1|1|1,10,147,21174230,silent,21174083
11,11|10|8|5|5|1|1|1|1|1,10,87,11144744,silent,11144657
11,11|10|8|5|4|2|1|1|1|1,10,357,53605452,silent,53605095
11,11|10|8|5|3|3|1|1|1|1,10,218,42117697,silent,42117479
11,11|10|8|5|3|2|2|1|1|1,10,327,61683137,silent,61682810
11,11|10|8|5|2|2|2|2|1|1,10,107,19613974,silent,19613867
11,11|10|8|4|4|3|1|1|1|1,10,174,33351868,silent,33351694
11,11|10|8|4|4|2|2|1|1|1,10,197,40539822,silent,40539625
11,11|10|8|4|3|3|2|1|1|1,10,166,49873012,silent,49872846
11,11|10|8|4|3|2|2|2|1|1,10,137,37960600,silent,37960463
11,11|10|8|4|2|2|2|2|2|1,10,39,8740394,silent,8740355
11,11|10|8|3|3|3|3|1|1|1,10,11,9666436,silent,9666425
11,11|10|8|3|3|3|2|2|1|1,10,24,16671705,silent,16671681
11,11|10|8|3|3|2|2|2|2|1,10,16,8494264,silent,8494248
11,11|10|8|3|2|2|2|2|2|2,10,5,1492027,silent,1492022
11,11|10|7|7|4|1|1|1|1|1,10,81,10604433,silent,10604352
11,11|10|7|7|3|2|1|1|1|1,10,153,22306132,silent,22305979
11,11|10|7|7|2|2|2|1|1|1,10,78,10760273,silent,10760195
11,11|10|7|6|5|1|1|1|1|1,10,106,15156158,silent,15156052
11,11|10|7|6|4|2|1|1|1|1,10,344,57907905,silent,57907561
11,11|10|7|6|3|3|1|1|1|1,10,206,42679431,silent,42679225
11,11|10|7|6|3|2|2|1|1|1,10,299,61645045,silent,61644746
11,11|10|7|6|2|2|2|2|1|1,10,94,18927643,silent,18927549
11,11|10|7|5|5|2|1|1|1|1,10,215,36152907,silent,36152692
11,11|10|7|5|4|3|1|1|1|1,10,350,74125444,silent,74125094
11,11|10|7|5|4|2|2|1|1|1,10,398,87480020,silent,87479622
11,11|10|7|5|3|3|2|1|1|1,10,270,87231536,silent,87231266
11,11|10|7|5|3|2|2|2|1|1,10,204,64122012,silent,64121808
11,11|10|7|5|2|2|2|2|2|1,10,44,13547738,silent,13547694
11,11|10|7|4|4|4|1|1|1|1,10,95,20467204,silent,20467109
11,11|10|7|4|4|3|2|1|1|1,10,246,74440673,silent,74440427
11,11|10|7|4|4|2|2|2|1|1,10,146,44709568,silent,44709422
11,11|10|7|4|3|3|3|1|1|1,10,55,36088360,silent,36088305
11,11|10|7|4|3|3|2|2|1|1,10,98,60336145,silent,60336047
11,11|10|7|4|3|2|2|2|2|1,10,53,28225217,silent,28225164
11,11|10|7|4|2|2|2|2|2|2,10,9,3848190,silent,3848181
11,11|10|7|3|3|3|3|2|1|1,10,4,15698566,silent,15698562
11,11|10|7|3|3|3|2|2|2|1,10,4,13350797,silent,13350793
11,11|10|7|3|3|2|2|2|2|2,10,2,3877600,silent,3877598
11,11|10|6|6|6|1|1|1|1|1,10,21,3226202,silent,3226181
11,11|10|6|6|5|2|1|1|1|1,10,131,25826933,silent,25826802
11,11|10|6|6|4|3|1|1|1|1,10,188,43249472,silent,43249284
11,11|10|6|6|4|2|2|1|1|1,10,201,50449219,silent,50449018
11,11|10|6|6|3|3|2|1|1|1,10,147,47554838,silent,47554691
11,11|10|6|6|3|2|2|2|1|1,10,107,34475436,silent,34475329
11,11|10|6|6|2|2|2|2|2|1,10,26,7063975,silent,7063949
11,11|10|6|5|5|3|1|1|1|1,10,159,36491787,silent,36491628
11,11|10|6|5|5|2|2|1|1|1,10,163,40251156,silent,40250993
11,11|10|6|5|4|4|1|1|1|1,10,141,32756845,silent,32756704
11,11|10|6|5|4|3|2|1|1|1,10,341,110782429,silent,110782088
11,11|10|6|5|4|2|2|2|1|1,10,181,64435069,silent,64434888
11,11|10|6|5|3|3|3|1|1|1,10,66,43067186,silent,43067120
11,11|10|6|5|3|3|2|2|1|1,10,112,71030295,silent,71030183
11,11|10|6|5|3|2|2|2|2|1,10,53,32091663,silent,32091610
11,11|10|6|5|2|2|2|2|2|2,10,7,4032622,silent,4032615
11,11|10|6|4|4|4|2|1|1|1,10,122,36712207,silent,36712085
11,11|10|6|4|4|3|3|1|1|1,10,90,42949535,silent,42949445
11,11|10|6|4|4|3|2|2|1|1,10,136,66962266,silent,66962130
11,11|10|6|4|4|2|2|2|2|1,10,52,24543171,silent,24543119
11,11|10|6|4|3|3|3|2|1|1,10,24,42817936,silent,42817912
11,11|10|6|4|3|3|2|2|2|1,10,22,35170138,silent,35170116
11,11|10|6|4|3|2|2|2|2|2,10,8,9383960,silent,9383952
11,11|10|6|3|3|3|3|3|1|1,10,0,-1,a0,
11,11|10|6|3|3|3|3|2|2|1,10,0,-1,a0,
11,11|10|6|3|3|3|2|2|2|2,10,0,-1,a0,
11,11|10|5|5|5|4|1|1|1|1,10,48,10746452,silent,10746404
11,11|10|5|5|5|3|2|1|1|1,10,83,29153630,silent,29153547
11,11|10|5|5|5|2|2|2|1|1,10,35,15773283,silent,15773248
11,11|10|5|5|4|4|2|1|1|1,10,103,30593117,silent,30593014
11,11|10|5|5|4|3|3|1|1|1,10,61,33825543,silent,33825482
11,11|10|5|5|4|3|2|2|1|1,10,88,52148355,silent,52148267
11,11|10|5|5|4|2|2|2|2|1,10,23,18555075,silent,18555052
11,11|10|5|5|3|3|3|2|1|1,10,13,27237599,silent,27237586
11,11|10|5|5|3|3|2|2|2|1,10,11,22074418,silent,22074407
11,11|10|5|5|3|2|2|2|2|2,10,2,5708884,silent,5708882
11,11|10|5|4|4|4|3|1|1|1,10,54,18418627,silent,18418573
11,11|10|5|4|4|4|2|2|1|1,10,62,23202189,silent,23202127
11,11|10|5|4|4|3|3|2|1|1,10,38,34732008,silent,34731970
11,11|10|5|4|4|3|2|2|2|1,10,31,26413487,silent,26413456
11,11|10|5|4|4|2|2|2|2|2,10,6,5523583,silent,5523577
11,11|10|5|4|3|3|3|3|1|1,10,1,11626657,silent,11626656
11,11|10|5|4|3|3|3|2|2|1,10,2,19406539,silent,19406537
11,11|10|5|4|3|3|2|2|2|2,10,1,8407827,silent,8407826
11,11|10|5|3|3|3|3|3|2|1,10,0,-1,a0,
11,11|10|5|3|3|3|3|2|2|2,10,0,-1,a0,
11,11|10|4|4|4|4|4|1|1|1,10,8,1953297,silent,1953289
11,11|10|4|4|4|4|3|2|1|1,10,21,7982055,silent,7982034
11,11|10|4|4|4|4|2|2|2|1,10,15,4829717,silent,4829702
11,11|10|4|4|4|3|3|3|1|1,10,3,5002191,silent,5002188
11,11|10|4|4|4|3|3|2|2|1,10,5,8122881,silent,8122876
11,11|10|4|4|4|3|2|2|2|2,10,3,3260003,silent,3260000
11,11|10|4|4|3|3|3|3|2|1,10,0,-1,a0,
11,11|10|4|4|3|3|3|2|2|2,10,0,-1,a0,
11,11|10|4|3|3|3|3|3|3|1,10,0,-1,a0,
11,11|10|4|3|3|3|3|3|2|2,10,0,-1,a0,
11,11|10|3|3|3|3|3|3|3|2,10,0,-1,a0,
11,11|9|9|9|1|1|1|1|1|1,10,1,103542,silent,103541
11,11|9|9|8|2|1|1|1|1|1,10,16,1527389,silent,1527373
11,11|9|9|7|3|1|1|1|1|1,10,55,6259328,silent,6259273
11,11|9|9|7|2|2|1|1|1|1,10,57,6204762,silent,6204705
11,11|9|9|6|4|1|1|1|1|1,10,78,10584791,silent,10584713
11,11|9|9|6|3|2|1|1|1|1,10,158,22779574,silent,22779416
11,11|9|9|6|2|2|2|1|1|1,10,82,11109264,silent,11109182
11,11|9|9|5|5|1|1|1|1|1,10,47,5754135,silent,5754088
11,11|9|9|5|4|2|1|1|1|1,10,175,27418851,silent,27418676
11,11|9|9|5|3|3|1|1|1|1,10,110,21463017,silent,21462907
11,11|9|9|5|3|2|2|1|1|1,10,163,31381943,silent,31381780
11,11|9|9|5|2|2|2|2|1|1,10,54,9948989,silent,9948935
11,11|9|9|4|4|3|1|1|1|1,10,78,16789097,silent,16789019
11,11|9|9|4|4|2|2|1|1|1,10,105,20384118,silent,20384013
11,11|9|9|4|3|3|2|1|1|1,10,79,24973659,silent,24973580
11,11|9|9|4|3|2|2|2|1|1,10,66,18975637,silent,18975571
11,11|9|9|4|2|2|2|2|2|1,10,15,4352315,silent,4352300
11,11|9|9|3|3|3|3|1|1|1,10,6,4798880,silent,4798874
11,11|9|9|3|3|3|2|2|1|1,10,9,8263497,silent,8263488
11,11|9|9|3|3|2|2|2|2|1,10,7,4203585,silent,4203578
11,11|9|9|3|2|2|2|2|2|2,10,1,734064,silent,734063
11,11|9|8|8|3|1|1|1|1|1,10,40,4201830,silent,4201790
11,11|9|8|8|2|2|1|1|1|1,10,33,4138143,silent,4138110
11,11|9|8|7|4|1|1|1|1|1,10,105,14090126,silent,14090021
11,11|9|8|7|3|2|1|1|1|1,10,191,29345930,silent,29345739
11,11|9|8|7|2|2|2|1|1|1,10,91,14071372,silent,14071281
11,11|9|8|6|5|1|1|1|1|1,10,110,16130815,silent,16130705
11,11|9|8|6|4|2|1|1|1|1,10,337,60464234,silent,60463897
11,11|9|8|6|3|3|1|1|1|1,10,205,44210148,silent,44209943
11,11|9|8|6|3|2|2|1|1|1,10,289,63667825,silent,63667536
11,11|9|8|6|2|2|2|2|1|1,10,93,19422677,silent,19422584
11,11|9|8|5|5|2|1|1|1|1,10,198,35392491,silent,35392293
11,11|9|8|5|4|3|1|1|1|1,10,318,71322038,silent,71321720
11,11|9|8|5|4|2|2|1|1|1,10,357,83926182,silent,83925825
11,11|9|8|5|3|3|2|1|1|1,10,243,83022045,silent,83021802
11,11|9|8|5|3|2|2|2|1|1,10,183,60808848,silent,60808665
11,11|9|8|5|2|2|2|2|2|1,10,39,12760318,silent,12760279
11,11|9|8|4|4|4|1|1|1|1,10,79,19049925,silent,19049846
11,11|9|8|4|4|3|2|1|1|1,10,217,68887660,silent,68887443
11,11|9|8|4|4|2|2|2|1|1,10,129,41229710,silent,41229581
11,11|9|8|4|3|3|3|1|1|1,10,50,33072011,silent,33071961
11,11|9|8|4|3|3|2|2|1|1,10,84,55193077,silent,55192993
11,11|9|8|4|3|2|2|2|2|1,10,47,25719031,silent,25718984
11,11|9|8|4|2|2|2|2|2|2,10,6,3481129,silent,3481123
11,11|9|8|3|3|3|3|2|1|1,10,4,14091274,silent,14091270
11,11|9|8|3|3|3|2|2|2|1,10,4,11957595,silent,11957591
11,11|9|8|3|3|2|2|2|2|2,10,2,3459810,silent,3459808
11,11|9|7|7|5|1|1|1|1|1,10,63,9963595,silent,9963532
11,11|9|7|7|4|2|1|1|1|1,10,195,34890515,silent,34890320
11,11|9|7|7|3|3|1|1|1|1,10,103,24914507,silent,24914404
11,11|9|7|7|3|2|2|1|1|1,10,162,35658930,silent,35658768
11,11|9|7|7|2|2|2|2|1|1,10,45,10715131,silent,10715086
11,11|9|7|6|6|1|1|1|1|1,10,37,7294514,silent,7294477
11,11|9|7|6|5|2|1|1|1|1,10,257,53528686,silent,53528429
11,11|9|7|6|4|3|1|1|1|1,10,344,86472390,silent,86472046
11,11|9|7|6|4|2|2|1|1|1,10,392,100360774,silent,100360382
11,11|9|7|6|3|3|2|1|1|1,10,256,93122492,silent,93122236
11,11|9|7|6|3|2|2|2|1|1,10,190,67090903,silent,67090713
11,11|9|7|6|2|2|2|2|2|1,10,38,13571859,silent,13571821
11,11|9|7|5|5|3|1|1|1|1,10,238,59108584,silent,59108346
11,11|9|7|5|5|2|2|1|1|1,10,239,64853739,silent,64853500
11,11|9|7|5|4|4|1|1|1|1,10,207,51465687,silent,51465480
11,11|9|7|5|4|3|2|1|1|1,10,490,172204565,silent,172204075
11,11|9|7|5|4|2|2|2|1|1,10,259,99532068,silent,99531809
11,11|9|7|5|3|3|3|1|1|1,10,91,65694988,silent,65694897
11,11|9|7|5|3|3|2|2|1|1,10,157,108008417,silent,108008260
11,11|9|7|5|3|2|2|2|2|1,10,68,48461318,silent,48461250
11,11|9|7|5|2|2|2|2|2|2,10,7,6008085,silent,6008078
11,11|9|7|4|4|4|2|1|1|1,10,171,52752083,silent,52751912
11,11|9|7|4|4|3|3|1|1|1,10,112,61165740,silent,61165628
11,11|9|7|4|4|3|2|2|1|1,10,181,95081772,silent,95081591
11,11|9|7|4|4|2|2|2|2|1,10,60,34603226,silent,34603166
11,11|9|7|4|3|3|3|2|1|1,10,30,59659020,silent,59658990
11,11|9|7|4|3|3|2|2|2|1,10,28,48824230,silent,48824202
11,11|9|7|4|3|2|2|2|2|2,10,8,12930112,silent,12930104
11,11|9|7|3|3|3|3|3|1|1,10,0,-1,a0,
11,11|9|7|3|3|3|3|2|2|1,10,0,-1,a0,
11,11|9|7|3|3|3|2|2|2|2,10,0,-1,a0,
11,11|9|6|6|6|2|1|1|1|1,10,42,12219836,silent,12219794
11,11|9|6|6|5|3|1|1|1|1,10,155,44705118,silent,44704963
11,11|9|6|6|5|2|2|1|1|1,10,156,48485629,silent,48485473
11,11|9|6|6|4|4|1|1|1|1,10,102,32301460,silent,32301358
11,11|9|6|6|4|3|2|1|1|1,10,279,105153262,silent,105152983
11,11|9|6|6|4|2|2|2|1|1,10,158,59945512,silent,59945354
11,11|9|6|6|3|3|3|1|1|1,10,62,37635064,silent,37635002
11,11|9|6|6|3|3|2|2|1|1,10,93,61490959,silent,61490866
11,11|9|6|6|3|2|2|2|2|1,10,47,27179949,silent,27179902
11,11|9|6|6|2|2|2|2|2|2,10,5,3267571,silent,3267566
11,11|9|6|5|5|4|1|1|1|1,10,125,34529085,silent,34528960
11,11|9|6|5|5|3|2|1|1|1,10,232,91838154,silent,91837922
11,11|9|6|5|5|2|2|2|1|1,10,101,49130982,silent,49130881
11,11|9|6|5|4|4|2|1|1|1,10,250,89775788,silent,89775538
11,11|9|6|5|4|3|3|1|1|1,10,171,97663085,silent,97662914
11,11|9|6|5|4|3|2|2|1|1,10,245,149756655,silent,149756410
11,11|9|6|5|4|2|2|2|2|1,10,73,52641633,silent,52641560
11,11|9|6|5|3|3|3|2|1|1,10,42,75356029,silent,75355987
11,11|9|6|5|3|3|2|2|2|1,10,34,60673478,silent,60673444
11,11|9|6|5|3|2|2|2|2|2,10,8,15497244,silent,15497236
11,11|9|6|4|4|4|3|1|1|1,10,103,42004888,silent,42004785
11,11|9|6|4|4|4|2|2|1|1,10,128,52638355,silent,52638227
11,11|9|6|4|4|3|3|2|1|1,10,79,77516423,silent,77516344
11,11|9|6|4|4|3|2|2|2|1,10,61,58575550,silent,58575489
11,11|9|6|4|4|2|2|2|2|2,10,10,12091971,silent,12091961
11,11|9|6|4|3|3|3|3|1|1,10,3,24916694,silent,24916691
11,11|9|6|4|3|3|3|2|2|1,10,4,41459322,silent,41459318
11,11|9|6|4|3|3|2|2|2|2,10,3,17837667,silent,17837664
11,11|9|6|3|3|3|3|3|2|1,10,0,-1,a0,
11,11|9|6|3|3|3|3|2|2|2,10,0,-1,a0,
11,11|9|5|5|5|5|1|1|1|1,10,15,4809579,silent,4809564
11,11|9|5|5|5|4|2|1|1|1,10,78,31041454,silent,31041376
11,11|9|5|5|5|3|3|1|1|1,10,41,27587150,silent,27587109
11,11|9|5|5|5|3|2|2|1|1,10,48,41168495,silent,41168447
11,11|9|5|5|5|2|2|2|2|1,10,7,13396448,silent,13396441
11,11|9|5|5|4|4|3|1|1|1,10,87,36481708,silent,36481621
11,11|9|5|5|4|4|2|2|1|1,10,80,45199469,silent,45199389
11,11|9|5|5|4|3|3|2|1|1,10,52,62917987,silent,62917935
11,11|9|5|5|4|3|2|2|2|1,10,30,46905518,silent,46905488
11,11|9|5|5|4|2|2|2|2|2,10,3,9386784,silent,9386781
11,11|9|5|5|3|3|3|3|1|1,10,1,16399227,silent,16399226
11,11|9|5|5|3|3|3|2|2|1,10,3,27125138,silent,27125135
11,11|9|5|5|3|3|2|2|2|2,10,1,11501393,silent,11501392
11,11|9|5|4|4|4|4|1|1|1,10,35,9075565,silent,9075530
11,11|9|5|4|4|4|3|2|1|1,10,73,36338488,silent,36338415
11,11|9|5|4|4|4|2|2|2|1,10,37,21738997,silent,21738960
11,11|9|5|4|4|3|3|3|1|1,10,9,21915838,silent,21915829
11,11|9|5|4|4|3|3|2|2|1,10,16,35415024,silent,35415008
11,11|9|5|4|4|3|2|2|2|2,10,6,14037274,silent,14037268
11,11|9|5|4|3|3|3|3|2|1,10,0,-1,a0,
11,11|9|5|4|3|3|3|2|2|2,10,0,-1,a0,
11,11|9|5|3|3|3|3|3|3|1,10,0,-1,a0,
11,11|9|5|3|3|3|3|3|2|2,10,0,-1,a0,
11,11|9|4|4|4|4|4|2|1|1,10,21,4387583,silent,4387562
11,11|9|4|4|4|4|3|3|1|1,10,8,5680079,silent,5680071
11,11|9|4|4|4|4|3|2|2|1,10,18,8582593,silent,8582575
11,11|9|4|4|4|4|2|2|2|2,10,4,2682145,silent,2682141
11,11|9|4|4|4|3|3|3|2|1,10,1,6962139,silent,6962138
11,11|9|4|4|4|3|3|2|2|2,10,1,4715380,silent,4715379
11,11|9|4|4|3|3|3|3|3|1,10,0,-1,a0,
11,11|9|4|4|3|3|3|3|2|2,10,0,-1,a0,
11,11|9|4|3|3|3|3|3|3|2,10,0,-1,a0,
11,11|9|3|3|3|3|3|3|3|3,10,0,-1,a0,
11,11|8|8|8|4|1|1|1|1|1,10,25,2826768,silent,2826743
11,11|8|8|8|3|2|1|1|1|1,10,34,5785150,silent,5785116
11,11|8|8|8|2|2|2|1|1|1,10,14,2745978,silent,2745964
11,11|8|8|7|5|1|1|1|1|1,10,43,6925855,silent,6925812
11,11|8|8|7|4|2|1|1|1|1,10,126,23876552,silent,23876426
11,11|8|8|7|3|3|1|1|1|1,10,69,16936746,silent,16936677
11,11|8|8|7|3|2|2|1|1|1,10,98,24185158,silent,24185060
11,11|8|8|7|2|2|2|2|1|1,10,29,7227056,silent,7227027
11,11|8|8|6|6|1|1|1|1|1,10,27,4208898,silent,4208871
11,11|8|8|6|5|2|1|1|1|1,10,138,29901259,silent,29901121
11,11|8|8|6|4|3|1|1|1|1,10,189,47621932,silent,47621743
11,11|8|8|6|4|2|2|1|1|1,10,192,55134169,silent,55133977
11,11|8|8|6|3|3|2|1|1|1,10,137,50832771,silent,50832634
11,11|8|8|6|3|2|2|2|1|1,10,100,36515790,silent,36515690
11,11|8|8|6|2|2|2|2|2|1,10,25,7348739,silent,7348714
11,11|8|8|5|5|3|1|1|1|1,10,112,30749982,silent,30749870
11,11|8|8|5|5|2|2|1|1|1,10,122,33667613,silent,33667491
11,11|8|8|5|4|4|1|1|1|1,10,104,26463571,silent,26463467
11,11|8|8|5|4|3|2|1|1|1,10,237,88126263,silent,88126026
11,11|8|8|5|4|2|2|2|1|1,10,125,50788961,silent,50788836
11,11|8|8|5|3|3|3|1|1|1,10,47,33353041,silent,33352994
11,11|8|8|5|3|3|2|2|1|1,10,82,54767151,silent,54767069
11,11|8|8|5|3|2|2|2|2|1,10,40,24494889,silent,24494849
11,11|8|8|5|2|2|2|2|2|2,10,7,3023969,silent,3023962
11,11|8|8|4|4|4|2|1|1|1,10,74,26246993,silent,26246919
11,11|8|8|4|4|3|3|1|1|1,10,60,30325801,silent,30325741
11,11|8|8|4|4|3|2|2|1|1,10,81,47065776,silent,47065695
11,11|8|8|4|4|2|2|2|2|1,10,34,17079720,silent,17079686
11,11|8|8|4|3|3|3|2|1|1,10,16,29302744,silent,29302728
11,11|8|8|4|3|3|2|2|2|1,10,15,23938489,silent,23938474
11,11|8|8|4|3|2|2|2|2|2,10,6,6321310,silent,6321304
11,11|8|8|3|3|3|3|3|1|1,10,0,-1,a0,
11,11|8|8|3|3|3|3|2|2|1,10,0,-1,a0,
11,11|8|8|3|3|3|2|2|2|2,10,0,-1,a0,
11,11|8|7|7|6|1|1|1|1|1,10,21,4059102,silent,4059081
11,11|8|7|7|5|2|1|1|1|1,10,108,23291145,silent,23291037
11,11|8|7|7|4|3|1|1|1|1,10,130,34788341,silent,34788211
11,11|8|7|7|4|2|2|1|1|1,10,148,40034490,silent,40034342
11,11|8|7|7|3|3|2|1|1|1,10,88,36040924,silent,36040836
11,11|8|7|7|3|2|2|2|1|1,10,64,25699562,silent,25699498
11,11|8|7|7|2|2|2|2|2|1,10,11,5087700,silent,5087689
11,11|8|7|6|6|2|1|1|1|1,10,66,18064443,silent,18064377
11,11|8|7|6|5|3|1|1|1|1,10,201,61088237,silent,61088036
11,11|8|7|6|5|2|2|1|1|1,10,205,65955116,silent,65954911
11,11|8|7|6|4|4|1|1|1|1,10,143,42924864,silent,42924721
11,11|8|7|6|4|3|2|1|1|1,10,346,138402893,silent,138402547
11,11|8|7|6|4|2|2|2|1|1,10,184,78462444,silent,78462260
11,11|8|7|6|3|3|3|1|1|1,10,66,48695749,silent,48695683
11,11|8|7|6|3|3|2|2|1|1,10,111,79352769,silent,79352658
11,11|8|7|6|3|2|2|2|2|1,10,51,34859282,silent,34859231
11,11|8|7|6|2|2|2|2|2|2,10,6,4141846,silent,4141840
11,11|8|7|5|5|4|1|1|1|1,10,125,37454977,silent,37454852
11,11|8|7|5|5|3|2|1|1|1,10,234,98674954,silent,98674720
11,11|8|7|5|5|2|2|2|1|1,10,104,52496834,silent,52496730
11,11|8|7|5|4|4|2|1|1|1,10,250,93801903,silent,93801653
11,11|8|7|5|4|3|3|1|1|1,10,163,101243242,silent,101243079
11,11|8|7|5|4|3|2|2|1|1,10,236,154829576,silent,154829340
11,11|8|7|5|4|2|2|2|2|1,10,69,54091166,silent,54091097
11,11|8|7|5|3|3|3|2|1|1,10,40,76593202,silent,76593162
11,11|8|7|5|3|3|2|2|2|1,10,33,61470556,silent,61470523
11,11|8|7|5|3|2|2|2|2|2,10,8,15599188,silent,15599180
11,11|8|7|4|4|4|3|1|1|1,10,96,40455713,silent,40455617
11,11|8|7|4|4|4|2|2|1|1,10,108,50558024,silent,50557916
11,11|8|7|4|4|3|3|2|1|1,10,69,73874601,silent,73874532
11,11|8|7|4|4|3|2|2|2|1,10,53,55641635,silent,55641582
11,11|8|7|4|4|2|2|2|2|2,10,10,11413653,silent,11413643
11,11|8|7|4|3|3|3|3|1|1,10,2,23305781,silent,23305779
11,11|8|7|4|3|3|3|2|2|1,10,4,38720687,silent,38720683
11,11|8|7|4|3|3|2|2|2|2,10,2,16600646,silent,16600644
11,11|8|7|3|3|3|3|3|2|1,10,0,-1,a0,
11,11|8|7|3|3|3|3|2|2|2,10,0,-1,a0,
11,11|8|6|6|6|3|1|1|1|1,10,41,15955481,silent,15955440
11,11|8|6|6|6|2|2|1|1|1,10,39,16754940,silent,16754901
11,11|8|6|6|5|4|1|1|1|1,10,81,31735909,silent,31735828
11,11|8|6|6|5|3|2|1|1|1,10,176,81340063,silent,81339887
11,11|8|6|6|5|2|2|2|1|1,10,89,42679400,silent,42679311
11,11|8|6|6|4|4|2|1|1|1,10,140,64161281,silent,64161141
11,11|8|6|6|4|3|3|1|1|1,10,113,67654868,silent,67654755
11,11|8|6|6|4|3|2|2|1|1,10,162,102815005,silent,102814843
11,11|8|6|6|4|2|2|2|2|1,10,60,35390308,silent,35390248
11,11|8|6|6|3|3|3|2|1|1,10,32,47719624,silent,47719592
11,11|8|6|6|3|3|2|2|2|1,10,26,38008670,silent,38008644
11,11|8|6|6|3|2|2|2|2|2,10,9,9499846,silent,9499837
11,11|8|6|5|5|5|1|1|1|1,10,30,11521023,silent,11520993
11,11|8|6|5|5|4|2|1|1|1,10,154,71539121,silent,71538967
11,11|8|6|5|5|3|3|1|1|1,10,89,62605693,silent,62605604
11,11|8|6|5|5|3|2|2|1|1,10,119,92971078,silent,92970959
11,11|8|6|5|5|2|2|2|2|1,10,27,29909517,silent,29909490
11,11|8|6|5|4|4|3|1|1|1,10,153,77312941,silent,77312788
11,11|8|6|5|4|4|2|2|1|1,10,160,95312214,silent,95312054
11,11|8|6|5|4|3|3|2|1|1,10,111,130662568,silent,130662457
11,11|8|6|5|4|3|2|2|2|1,10,74,96828969,silent,96828895
11,11|8|6|5|4|2|2|2|2|2,10,12,19155179,silent,19155167
11,11|8|6|5|3|3|3|3|1|1,10,4,32764133,silent,32764129
11,11|8|6|5|3|3|3|2|2|1,10,7,54039360,silent,54039353
11,11|8|6|5|3|3|2|2|2|2,10,3,22758776,silent,22758773
11,11|8|6|4|4|4|4|1|1|1,10,43,15115908,silent,15115865
11,11|8|6|4|4|4|3|2|1|1,10,103,59912041,silent,59911938
11,11|8|6|4|4|4|2|2|2|1,10,57,35633026,silent,35632969
11,11|8|6|4|4|3|3|3|1|1,10,16,35477264,silent,35477248
11,11|8|6|4|4|3|3|2|2|1,10,24,57160208,silent,57160184
11,11|8|6|4|4|3|2|2|2|2,10,11,22514866,silent,22514855
11,11|8|6|4|3|3|3|3|2|1,10,0,-1,a0,
11,11|8|6|4|3|3|3|2|2|2,10,0,-1,a0,
11,11|8|6|3|3|3|3|3|3|1,10,0,-1,a0,
11,11|8|6|3|3|3|3|3|2|2,10,0,-1,a0,
11,11|8|5|5|5|5|2|1|1|1,10,18,11022539,silent,11022521
11,11|8|5|5|5|4|3|1|1|1,10,47,29235962,silent,29235915
11,11|8|5|5|5|4|2|2|1|1,10,38,35079396,silent,35079358
11,11|8|5|5|5|3|3|2|1|1,10,22,39285260,silent,39285238
11,11|8|5|5|5|3|2|2|2|1,10,8,28203149,silent,28203141
11,11|8|5|5|5|2|2|2|2|2,10,0,-1,a0,
11,11|8|5|5|4|4|4|1|1|1,10,43,14132389,silent,14132346
11,11|8|5|5|4|4|3|2|1|1,10,71,54491463,silent,54491392
11,11|8|5|5|4|4|2|2|2|1,10,25,31967966,silent,31967941
11,11|8|5|5|4|3|3|3|1|1,10,9,30270727,silent,30270718
11,11|8|5|5|4|3|3|2|2|1,10,14,48488738,silent,48488724
11,11|8|5|5|4|3|2|2|2|2,10,3,18815282,silent,18815279
11,11|8|5|5|3|3|3|3|2|1,10,0,-1,a0,
11,11|8|5|5|3|3|3|2|2|2,10,0,-1,a0,
11,11|8|5|4|4|4|4|2|1|1,10,50,15308574,silent,15308524
11,11|8|5|4|4|4|3|3|1|1,10,26,19502956,silent,19502930
11,11|8|5|4|4|4|3|2|2|1,10,36,29319635,silent,29319599
11,11|8|5|4|4|4|2|2|2|2,10,9,9053885,silent,9053876
11,11|8|5|4|4|3|3|3|2|1,10,2,22926038,silent,22926036
11,11|8|5|4|4|3|3|2|2|2,10,2,15437264,silent,15437262
11,11|8|5|4|3|3|3|3|3|1,10,0,-1,a0,
11,11|8|5|4|3|3|3|3|2|2,10,0,-1,a0,
11,11|8|5|3|3|3|3|3|3|2,10,0,-1,a0,
11,11|8|4|4|4|4|4|3|1|1,10,14,3191918,silent,3191904
11,11|8|4|4|4|4|4|2|2|1,10,19,3881309,silent,3881290
11,11|8|4|4|4|4|3|3|2|1,10,6,6329304,silent,6329298
11,11|8|4|4|4|4|3|2|2|2,10,5,3949710,silent,3949705
11,11|8|4|4|4|3|3|3|3|1,10,0,-1,a0,
11,11|8|4|4|4|3|3|3|2|2,10,0,-1,a0,
11,11|8|4|4|3|3|3|3|3|2,10,0,-1,a0,
11,11|8|4|3|3|3|3|3|3|3,10,0,-1,a0,
11,11|7|7|7|7|1|1|1|1|1,10,4,455391,silent,455387
11,11|7|7|7|6|2|1|1|1|1,10,23,5317945,silent,5317922
11,11|7|7|7|5|3|1|1|1|1,10,49,14282906,silent,14282857
11,11|7|7|7|5|2|2|1|1|1,10,48,15303189,silent,15303141
11,11|7|7|7|4|4|1|1|1|1,10,36,9410056,silent,9410020
11,11|7|7|7|4|3|2|1|1|1,10,71,29840480,silent,29840409
11,11|7|7|7|4|2|2|2|1|1,10,36,16763864,silent,16763828
11,11|7|7|7|3|3|3|1|1|1,10,10,10161302,silent,10161292
11,11|7|7|7|3|3|2|2|1|1,10,18,16484429,silent,16484411
11,11|7|7|7|3|2|2|2|2|1,10,5,7168599,silent,7168594
11,11|7|7|7|2|2|2|2|2|2,10,0,-1,a0,
11,11|7|7|6|6|3|1|1|1|1,10,28,12413404,silent,12413376
11,11|7|7|6|6|2|2|1|1|1,10,37,12995540,silent,12995503
11,11|7|7|6|5|4|1|1|1|1,10,61,23157685,silent,23157624
11,11|7|7|6|5|3|2|1|1|1,10,123,58895826,silent,58895703
11,11|7|7|6|5|2|2|2|1|1,10,58,30768512,silent,30768454
11,11|7|7|6|4|4|2|1|1|1,10,111,45370920,silent,45370809
11,11|7|7|6|4|3|3|1|1|1,10,67,47524799,silent,47524732
11,11|7|7|6|4|3|2|2|1|1,10,105,72080529,silent,72080424
11,11|7|7|6|4|2|2|2|2|1,10,27,24684632,silent,24684605
11,11|7|7|6|3|3|3|2|1|1,10,17,32982032,silent,32982015
11,11|7|7|6|3|3|2|2|2|1,10,14,26207068,silent,26207054
11,11|7|7|6|3|2|2|2|2|2,10,2,6512732,silent,6512730
11,11|7|7|5|5|5|1|1|1|1,10,20,6865566,silent,6865546
11,11|7|7|5|5|4|2|1|1|1,10,86,41961834,silent,41961748
11,11|7|7|5|5|3|3|1|1|1,10,54,36492426,silent,36492372
11,11|7|7|5|5|3|2|2|1|1,10,61,54065116,silent,54065055
11,11|7|7|5|5|2|2|2|2|1,10,13,17310589,silent,17310576
11,11|7|7|5|4|4|3|1|1|1,10,89,44000941,silent,44000852
11,11|7|7|5|4|4|2|2|1|1,10,91,54135053,silent,54134962
11,11|7|7|5|4|3|3|2|1|1,10,57,73729997,silent,73729940
11,11|7|7|5|4|3|2|2|2|1,10,35,54498409,silent,54498374
11,11|7|7|5|4|2|2|2|2|2,10,3,10721554,silent,10721551
11,11|7|7|5|3|3|3|3|1|1,10,2,18209074,silent,18209072
11,11|7|7|5|3|3|3|2|2|1,10,4,29991205,silent,29991201
11,11|7|7|5|3|3|2|2|2|2,10,1,12601581,silent,12601580
11,11|7|7|4|4|4|4|1|1|1,10,31,8036975,silent,8036944
11,11|7|7|4|4|4|3|2|1|1,10,52,31701833,silent,31701781
11,11|7|7|4|4|4|2|2|2|1,10,24,18802605,silent,18802581
11,11|7|7|4|4|3|3|3|1|1,10,5,18622633,silent,18622628
11,11|7|7|4|4|3|3|2|2|1,10,12,29976362,silent,29976350
11,11|7|7|4|4|3|2|2|2|2,10,3,11769798,silent,11769795
11,11|7|7|4|3|3|3|3|2|1,10,0,-1,a0,
11,11|7|7|4|3|3|3|2|2|2,10,0,-1,a0,
11,11|7|7|3|3|3|3|3|3|1,10,0,-1,a0,
11,11|7|7|3|3|3|3|3|2|2,10,0,-1,a0,
11,11|7|6|6|6|4|1|1|1|1,10,12,8471147,silent,8471135
11,11|7|6|6|6|3|2|1|1|1,10,34,20031554,silent,20031520
11,11|7|6|6|6|2|2|2|1|1,10,22,10132608,silent,10132586
11,11|7|6|6|5|5|1|1|1|1,10,14,7851415,silent,7851401
11,11|7|6|6|5|4|2|1|1|1,10,75,44846701,silent,44846626
11,11|7|6|6|5|3|3|1|1|1,10,52,38095504,silent,38095452
11,11|7|6|6|5|3|2|2|1|1,10,77,56097531,silent,56097454
11,11|7|6|6|5|2|2|2|2|1,10,25,17693750,silent,17693725
11,11|7|6|6|4|4|3|1|1|1,10,59,38117675,silent,38117616
11,11|7|6|6|4|4|2|2|1|1,10,76,46602474,silent,46602398
11,11|7|6|6|4|3|3|2|1|1,10,56,62011107,silent,62011051
11,11|7|6|6|4|3|2|2|2|1,10,42,45495140,silent,45495098
11,11|7|6|6|4|2|2|2|2|2,10,8,8817405,silent,8817397
11,11|7|6|6|3|3|3|3|1|1,10,3,14308400,silent,14308397
11,11|7|6|6|3|3|3|2|2|1,10,4,23485835,silent,23485831
11,11|7|6|6|3|3|2|2|2|2,10,2,9782827,silent,9782825
11,11|7|6|5|5|5|2|1|1|1,10,26,17827873,silent,17827847
11,11|7|6|5|5|4|3|1|1|1,10,66,45764200,silent,45764134
11,11|7|6|5|5|4|2|2|1|1,10,60,54668047,silent,54667987
11,11|7|6|5|5|3|3|2|1|1,10,42,60380440,silent,60380398
11,11|7|6|5|5|3|2|2|2|1,10,21,43115439,silent,43115418
11,11|7|6|5|5|2|2|2|2|2,10,2,7791477,silent,7791475
11,11|7|6|5|4|4|4|1|1|1,10,45,20553429,silent,20553384
11,11|7|6|5|4|4|3|2|1|1,10,99,78531209,silent,78531110
11,11|7|6|5|4|4|2|2|2|1,10,44,45832377,silent,45832333
11,11|7|6|5|4|3|3|3|1|1,10,16,42906958,silent,42906942
11,11|7|6|5|4|3|3|2|2|1,10,23,68550907,silent,68550884
11,11|7|6|5|4|3|2|2|2|2,10,7,26449628,silent,26449621
11,11|7|6|5|3|3|3|3|2|1,10,0,-1,a0,
11,11|7|6|5|3|3|3|2|2|2,10,0,-1,a0,
11,11|7|6|4|4|4|4|2|1|1,10,50,17519437,silent,17519387
11,11|7|6|4|4|4|3|3|1|1,10,25,22149969,silent,22149944
11,11|7|6|4|4|4|3|2|2|1,10,38,33216557,silent,33216519
11,11|7|6|4|4|4|2|2|2|2,10,9,10198950,silent,10198941
11,11|7|6|4|4|3|3|3|2|1,10,3,25544113,silent,25544110
11,11|7|6|4|4|3|3|2|2|2,10,2,17149546,silent,17149544
11,11|7|6|4|3|3|3|3|3|1,10,0,-1,a0,
11,11|7|6|4|3|3|3|3|2|2,10,0,-1,a0,
11,11|7|6|3|3|3|3|3|3|2,10,0,-1,a0,
11,11|7|5|5|5|5|3|1|1|1,10,8,8586700,silent,8586692
11,11|7|5|5|5|5|2|2|1|1,10,4,9587520,silent,9587516
11,11|7|5|5|5|4|4|1|1|1,10,16,9309693,silent,9309677
11,11|7|5|5|5|4|3|2|1|1,10,23,33085197,silent,33085174
11,11|7|5|5|5|4|2|2|2|1,10,4,18704651,silent,18704647
11,11|7|5|5|5|3|3|3|1|1,10,4,14501998,silent,14501994
11,11|7|5|5|5|3|3|2|2|1,10,3,22860085,silent,22860082
11,11|7|5|5|5|3|2|2|2|2,10,0,-1,a0,
11,11|7|5|5|4|4|4|2|1|1,10,36,17860030,silent,17859994
11,11|7|5|5|4|4|3|3|1|1,10,20,22054143,silent,22054123
11,11|7|5|5|4|4|3|2|2|1,10,19,32874764,silent,32874745
11,11|7|5|5|4|4|2|2|2|2,10,2,9940199,silent,9940197
11,11|7|5|5|4|3|3|3|2|1,10,2,23724089,silent,23724087
11,11|7|5|5|4|3|3|2|2|2,10,1,15816270,silent,15816269
11,11|7|5|5|3|3|3|3|3|1,10,0,-1,a0,
11,11|7|5|5|3|3|3|3|2|2,10,0,-1,a0,
11,11|7|5|4|4|4|4|3|1|1,10,29,8311263,silent,8311234
11,11|7|5|4|4|4|4|2|2|1,10,26,10051860,silent,10051834
11,11|7|5|4|4|4|3|3|2|1,10,11,16153742,silent,16153731
11,11|7|5|4|4|4|3|2|2|2,10,6,10019415,silent,10019409
11,11|7|5|4|4|3|3|3|3|1,10,0,-1,a0,
11,11|7|5|4|4|3|3|3|2|2,10,0,-1,a0,
11,11|7|5|4|3|3|3|3|3|2,10,0,-1,a0,
11,11|7|5|3|3|3|3|3|3|3,10,0,-1,a0,
11,11|7|4|4|4|4|4|4|1|1,10,10,743865,silent,743855
11,11|7|4|4|4|4|4|3|2|1,10,13,2961389,silent,2961376
11,11|7|4|4|4|4|4|2|2|2,10,6,1456942,silent,1456936
11,11|7|4|4|4|4|3|3|3|1,10,0,-1,a0,
11,11|7|4|4|4|4|3|3|2|2,10,1,2588381,silent,2588380
11,11|7|4|4|4|3|3|3|3|2,10,0,-1,a0,
11,11|7|4|4|3|3|3|3|3|3,10,0,-1,a0,
11,11|6|6|6|6|5|1|1|1|1,10,2,1426438,silent,1426436
11,11|6|6|6|6|4|2|1|1|1,10,5,6406147,silent,6406142
11,11|6|6|6|6|3|3|1|1|1,10,8,5088007,silent,5087999
11,11|6|6|6|6|3|2|2|1|1,10,11,7376203,silent,7376192
11,11|6|6|6|6|2|2|2|2|1,10,7,2241790,silent,2241783
11,11|6|6|6|5|5|2|1|1|1,10,9,6401386,silent,6401377
11,11|6|6|6|5|4|3|1|1|1,10,16,15272692,silent,15272676
11,11|6|6|6|5|4|2|2|1|1,10,22,18106731,silent,18106709
11,11|6|6|6|5|3|3|2|1|1,10,17,19459234,silent,19459217
11,11|6|6|6|5|3|2|2|2|1,10,15,13768608,silent,13768593
11,11|6|6|6|5|2|2|2|2|2,10,4,2443789,silent,2443785
11,11|6|6|6|4|4|4|1|1|1,10,4,5495718,silent,5495714
11,11|6|6|6|4|4|3|2|1|1,10,23,20663732,silent,20663709
11,11|6|6|6|4|4|2|2|2|1,10,19,11954548,silent,11954529
11,11|6|6|6|4|3|3|3|1|1,10,6,10934737,silent,10934731
11,11|6|6|6|4|3|3|2|2|1,10,8,17390942,silent,17390934
11,11|6|6|6|4|3|2|2|2|2,10,5,6646311,silent,6646306
11,11|6|6|6|3|3|3|3|2|1,10,0,-1,a0,
11,11|6|6|6|3|3|3|2|2|2,10,0,-1,a0,
11,11|6|6|5|5|5|3|1|1|1,10,5,7278401,silent,7278396
11,11|6|6|5|5|5|2|2|1|1,10,6,8102323,silent,8102317
11,11|6|6|5|5|4|4|1|1|1,10,10,7708409,silent,7708399
11,11|6|6|5|5|4|3|2|1|1,10,20,27185113,silent,27185093
11,11|6|6|5|5|4|2|2|2|1,10,8,15302202,silent,15302194
11,11|6|6|5|5|3|3|3|1|1,10,3,11748942,silent,11748939
11,11|6|6|5|5|3|3|2|2|1,10,5,18487168,silent,18487163
11,11|6|6|5|5|3|2|2|2|2,10,1,6856878,silent,6856877
11,11|6|6|5|4|4|4|2|1|1,10,21,13759211,silent,13759190
11,11|6|6|5|4|4|3|3|1|1,10,15,16891229,silent,16891214
11,11|6|6|5|4|4|3|2|2|1,10,20,25124531,silent,25124511
11,11|6|6|5|4|4|2|2|2|2,10,5,7567556,silent,7567551
11,11|6|6|5|4|3|3|3|2|1,10,2,17882155,silent,17882153
11,11|6|6|5|4|3|3|2|2|2,10,1,11889463,silent,11889462
11,11|6|6|5|3|3|3|3|3|1,10,0,-1,a0,
11,11|6|6|5|3|3|3|3|2|2,10,0,-1,a0,
11,11|6|6|4|4|4|4|3|1|1,10,12,5155491,silent,5155479
11,11|6|6|4|4|4|4|2|2|1,10,18,6226365,silent,6226347
11,11|6|6|4|4|4|3|3|2|1,10,7,9940870,silent,9940863
11,11|6|6|4|4|4|3|2|2|2,10,5,6153414,silent,6153409
11,11|6|6|4|4|3|3|3|3|1,10,0,-1,a0,
11,11|6|6|4|4|3|3|3|2|2,10,0,-1,a0,
11,11|6|6|4|3|3|3|3|3|2,10,0,-1,a0,
11,11|6|6|3|3|3|3|3|3|3,10,0,-1,a0,
11,11|6|5|5|5|5|4|1|1|1,10,1,2434247,silent,2434246
11,11|6|5|5|5|5|3|2|1|1,10,1,6829470,silent,6829469
11,11|6|5|5|5|5|2|2|2|1,10,0,-1,a0,
11,11|6|5|5|5|4|4|2|1|1,10,7,8127139,silent,8127132
11,11|6|5|5|5|4|3|3|1|1,10,3,9359493,silent,9359490
11,11|6|5|5|5|4|3|2|2|1,10,2,13737635,silent,13737633
11,11|6|5|5|5|4|2|2|2|2,10,0,-1,a0,
11,11|6|5|5|5|3|3|3|2|1,10,0,-1,a0,
11,11|6|5|5|5|3|3|2|2|2,10,0,-1,a0,
11,11|6|5|5|4|4|4|3|1|1,10,13,6661858,silent,6661845
11,11|6|5|5|4|4|4|2|2|1,10,8,7990286,silent,7990278
11,11|6|5|5|4|4|3|3|2|1,10,5,12469569,silent,12469564
11,11|6|5|5|4|4|3|2|2|2,10,1,7658392,silent,7658391
11,11|6|5|5|4|3|3|3|3|1,10,0,-1,a0,
11,11|6|5|5|4|3|3|3|2|2,10,0,-1,a0,
11,11|6|5|5|3|3|3|3|3|2,10,0,-1,a0,
11,11|6|5|4|4|4|4|4|1|1,10,9,1323592,silent,1323583
11,11|6|5|4|4|4|4|3|2|1,10,15,5219735,silent,5219720
11,11|6|5|4|4|4|4|2|2|2,10,5,2552521,silent,2552516
11,11|6|5|4|4|4|3|3|3|1,10,1,3391458,silent,3391457
11,11|6|5|4|4|4|3|3|2|2,10,1,4479544,silent,4479543
11,11|6|5|4|4|3|3|3|3|2,10,0,-1,a0,
11,11|6|5|4|3|3|3|3|3|3,10,0,-1,a0,
11,11|6|4|4|4|4|4|4|2|1,10,10,584287,silent,584277
11,11|6|4|4|4|4|4|3|3|1,10,2,768042,silent,768040
11,11|6|4|4|4|4|4|3|2|2,10,4,948307,silent,948303
11,11|6|4|4|4|4|3|3|3|2,10,0,-1,a0,
11,11|6|4|4|4|3|3|3|3|3,10,0,-1,a0,
11,11|5|5|5|5|5|5|1|1|1,10,0,-1,a0,
11,11|5|5|5|5|5|4|2|1|1,10,0,-1,a0,
11,11|5|5|5|5|5|3|3|1|1,10,0,-1,a0,
11,11|5|5|5|5|5|3|2|2|1,10,0,-1,a0,
11,11|5|5|5|5|5|2|2|2|2,10,0,-1,a0,
11,11|5|5|5|5|4|4|3|1|1,10,1,1610970,silent,1610969
11,11|5|5|5|5|4|4|2|2|1,10,0,-1,a0,
11,11|5|5|5|5|4|3|3|2|1,10,0,-1,a0,
11,11|5|5|5|5|4|3|2|2|2,10,0,-1,a0,
11,11|5|5|5|5|3|3|3|3|1,10,0,-1,a0,
11,11|5|5|5|5|3|3|3|2|2,10,0,-1,a0,
11,11|5|5|5|4|4|4|4|1|1,10,3,560497,silent,560494
11,11|5|5|5|4|4|4|3|2|1,10,2,2171946,silent,2171944
11,11|5|5|5|4|4|4|2|2|2,10,0,-1,a0,
11,11|5|5|5|4|4|3|3|3|1,10,0,-1,a0,
11,11|5|5|5|4|4|3|3|2|2,10,0,-1,a0,
11,11|5|5|5|4|3|3|3|3|2,10,0,-1,a0,
11,11|5|5|5|3|3|3|3|3|3,10,0,-1,a0,
11,11|5|5|4|4|4|4|4|2|1,10,4,534695,silent,534691
11,11|5|5|4|4|4|4|3|3|1,10,2,700147,silent,700145
11,11|5|5|4|4|4|4|3|2|2,10,1,860649,silent,860648
11,11|5|5|4|4|4|3|3|3|2,10,0,-1,a0,
11,11|5|5|4|4|3|3|3|3|3,10,0,-1,a0,
11,11|5|4|4|4|4|4|4|3|1,10,4,136303,silent,136299
11,11|5|4|4|4|4|4|4|2|2,10,3,135885,silent,135882
11,11|5|4|4|4|4|4|3|3|2,10,0,-1,a0,
11,11|5|4|4|4|4|3|3|3|3,10,0,-1,a0,
11,11|4|4|4|4|4|4|4|4|1,10,2,6796,silent,6794
11,11|4|4|4|4|4|4|4|3|2,10,1,21986,silent,21985
11,11|4|4|4|4|4|4|3|3|3,10,0,-1,a0,
