delta,lam,ell,a,m_det,class,margin
11,37|1|1|1|1|1|1|1,8,0,-1,a0,
11,36|2|1|1|1|1|1|1,8,0,-1,a0,
11,35|3|1|1|1|1|1|1,8,0,-1,a0,
11,35|2|2|1|1|1|1|1,8,0,-1,a0,
11,34|4|1|1|1|1|1|1,8,0,-1,a0,
11,34|3|2|1|1|1|1|1,8,0,-1,a0,
11,34|2|2|2|1|1|1|1,8,0,-1,a0,
11,33|5|1|1|1|1|1|1,8,0,-1,a0,
11,33|4|2|1|1|1|1|1,8,0,-1,a0,
11,33|3|3|1|1|1|1|1,8,0,-1,a0,
11,33|3|2|2|1|1|1|1,8,0,-1,a0,
11,33|2|2|2|2|1|1|1,8,0,-1,a0,
11,32|6|1|1|1|1|1|1,8,0,-1,a0,
11,32|5|2|1|1|1|1|1,8,0,-1,a0,
11,32|4|3|1|1|1|1|1,8,0,-1,a0,
11,32|4|2|2|1|1|1|1,8,0,-1,a0,
11,32|3|3|2|1|1|1|1,8,0,-1,a0,
11,32|3|2|2|2|1|1|1,8,0,-1,a0,
11,32|2|2|2|2|2|1|1,8,0,-1,a0,
11,31|7|1|1|1|1|1|1,8,0,-1,a0,
11,31|6|2|1|1|1|1|1,8,0,-1,a0,
11,31|5|3|1|1|1|1|1,8,0,-1,a0,
11,31|5|2|2|1|1|1|1,8,0,-1,a0,
11,31|4|4|1|1|1|1|1,8,0,-1,a0,
11,31|4|3|2|1|1|1|1,8,0,-1,a0,
11,31|4|2|2|2|1|1|1,8,0,-1,a0,
11,31|3|3|3|1|1|1|1,8,0,-1,a0,
11,31|3|3|2|2|1|1|1,8,0,-1,a0,
11,31|3|2|2|2|2|1|1,8,0,-1,a0,
11,31|2|2|2|2|2|2|1,8,0,-1,a0,
11,30|8|1|1|1|1|1|1,8,0,-1,a0,
11,30|7|2|1|1|1|1|1,8,0,-1,a0,
11,30|6|3|1|1|1|1|1,8,0,-1,a0,
11,30|6|2|2|1|1|1|1,8,0,-1,a0,
11,30|5|4|1|1|1|1|1,8,0,-1,a0,
11,30|5|3|2|1|1|1|1,8,0,-1,a0,
11,30|5|2|2|2|1|1|1,8,0,-1,a0,
11,30|4|4|2|1|1|1|1,8,0,-1,a0,
11,30|4|3|3|1|1|1|1,8,0,-1,a0,
11,30|4|3|2|2|1|1|1,8,0,-1,a0,
11,30|4|2|2|2|2|1|1,8,0,-1,a0,
11,30|3|3|3|2|1|1|1,8,0,-1,a0,
11,30|3|3|2|2|2|1|1,8,0,-1,a0,
11,30|3|2|2|2|2|2|1,8,0,-1,a0,
11,30|2|2|2|2|2|2|2,8,1,21,silent,20
11,29|9|1|1|1|1|1|1,8,0,-1,a0,
11,29|8|2|1|1|1|1|1,8,0,-1,a0,
11,29|7|3|1|1|1|1|1,8,0,-1,a0,
11,29|7|2|2|1|1|1|1,8,0,-1,a0,
11,29|6|4|1|1|1|1|1,8,0,-1,a0,
11,29|6|3|2|1|1|1|1,8,0,-1,a0,
11,29|6|2|2|2|1|1|1,8,0,-1,a0,
11,29|5|5|1|1|1|1|1,8,0,-1,a0,
11,29|5|4|2|1|1|1|1,8,0,-1,a0,
11,29|5|3|3|1|1|1|1,8,0,-1,a0,
11,29|5|3|2|2|1|1|1,8,0,-1,a0,
11,29|5|2|2|2|2|1|1,8,0,-1,a0,
11,29|4|4|3|1|1|1|1,8,0,-1,a0,
11,29|4|4|2|2|1|1|1,8,0,-1,a0,
11,29|4|3|3|2|1|1|1,8,0,-1,a0,
11,29|4|3|2|2|2|1|1,8,0,-1,a0,
11,29|4|2|2|2|2|2|1,8,1,282,silent,281
11,29|3|3|3|3|1|1|1,8,0,-1,a0,
11,29|3|3|3|2|2|1|1,8,0,-1,a0,
11,29|3|3|2|2|2|2|1,8,0,-1,a0,
11,29|3|2|2|2|2|2|2,8,1,63,silent,62
11,28|10|1|1|1|1|1|1,8,0,-1,a0,
11,28|9|2|1|1|1|1|1,8,0,-1,a0,
11,28|8|3|1|1|1|1|1,8,0,-1,a0,
11,28|8|2|2|1|1|1|1,8,0,-1,a0,
11,28|7|4|1|1|1|1|1,8,0,-1,a0,
11,28|7|3|2|1|1|1|1,8,0,-1,a0,
11,28|7|2|2|2|1|1|1,8,0,-1,a0,
11,28|6|5|1|1|1|1|1,8,0,-1,a0,
11,28|6|4|2|1|1|1|1,8,0,-1,a0,
11,28|6|3|3|1|1|1|1,8,0,-1,a0,
11,28|6|3|2|2|1|1|1,8,0,-1,a0,
11,28|6|2|2|2|2|1|1,8,0,-1,a0,
11,28|5|5|2|1|1|1|1,8,0,-1,a0,
11,28|5|4|3|1|1|1|1,8,0,-1,a0,
11,28|5|4|2|2|1|1|1,8,0,-1,a0,
11,28|5|3|3|2|1|1|1,8,0,-1,a0,
11,28|5|3|2|2|2|1|1,8,1,3350,silent,3349
11,28|5|2|2|2|2|2|1,8,2,722,silent,720
11,28|4|4|4|1|1|1|1,8,0,-1,a0,
11,28|4|4|3|2|1|1|1,8,0,-1,a0,
11,28|4|4|2|2|2|1|1,8,0,-1,a0,
11,28|4|3|3|3|1|1|1,8,0,-1,a0,
11,28|4|3|3|2|2|1|1,8,0,-1,a0,
11,28|4|3|2|2|2|2|1,8,1,1229,silent,1228
11,28|4|2|2|2|2|2|2,8,3,241,silent,238
11,28|3|3|3|3|2|1|1,8,0,-1,a0,
11,28|3|3|3|2|2|2|1,8,0,-1,a0,
11,28|3|3|2|2|2|2|2,8,0,-1,a0,
11,27|11|1|1|1|1|1|1,8,0,-1,a0,
11,27|10|2|1|1|1|1|1,8,0,-1,a0,
11,27|9|3|1|1|1|1|1,8,0,-1,a0,
11,27|9|2|2|1|1|1|1,8,0,-1,a0,
11,27|8|4|1|1|1|1|1,8,0,-1,a0,
11,27|8|3|2|1|1|1|1,8,0,-1,a0,
11,27|8|2|2|2|1|1|1,8,0,-1,a0,
11,27|7|5|1|1|1|1|1,8,0,-1,a0,
11,27|7|4|2|1|1|1|1,8,0,-1,a0,
11,27|7|3|3|1|1|1|1,8,0,-1,a0,
11,27|7|3|2|2|1|1|1,8,0,-1,a0,
11,27|7|2|2|2|2|1|1,8,1,2373,silent,2372
11,27|6|6|1|1|1|1|1,8,0,-1,a0,
11,27|6|5|2|1|1|1|1,8,0,-1,a0,
11,27|6|4|3|1|1|1|1,8,0,-1,a0,
11,27|6|4|2|2|1|1|1,8,0,-1,a0,
11,27|6|3|3|2|1|1|1,8,1,10802,silent,10801
11,27|6|3|2|2|2|1|1,8,2,7580,silent,7578
11,27|6|2|2|2|2|2|1,8,4,1538,silent,1534
11,27|5|5|3|1|1|1|1,8,0,-1,a0,
11,27|5|5|2|2|1|1|1,8,1,6271,silent,6270
11,27|5|4|4|1|1|1|1,8,0,-1,a0,
11,27|5|4|3|2|1|1|1,8,0,-1,a0,
11,27|5|4|2|2|2|1|1,8,2,8151,silent,8149
11,27|5|3|3|3|1|1|1,8,0,-1,a0,
11,27|5|3|3|2|2|1|1,8,1,8499,silent,8498
11,27|5|3|2|2|2|2|1,8,4,3754,silent,3750
11,27|5|2|2|2|2|2|2,8,4,543,silent,539
11,27|4|4|4|2|1|1|1,8,0,-1,a0,
11,27|4|4|3|3|1|1|1,8,0,-1,a0,
11,27|4|4|3|2|2|1|1,8,0,-1,a0,
11,27|4|4|2|2|2|2|1,8,3,2330,silent,2327
11,27|4|3|3|3|2|1|1,8,0,-1,a0,
11,27|4|3|3|2|2|2|1,8,0,-1,a0,
11,27|4|3|2|2|2|2|2,8,2,849,silent,847
11,27|3|3|3|3|3|1|1,8,0,-1,a0,
11,27|3|3|3|3|2|2|1,8,0,-1,a0,
11,27|3|3|3|2|2|2|2,8,0,-1,a0,
11,26|12|1|1|1|1|1|1,8,0,-1,a0,
11,26|11|2|1|1|1|1|1,8,0,-1,a0,
11,26|10|3|1|1|1|1|1,8,0,-1,a0,
11,26|10|2|2|1|1|1|1,8,0,-1,a0,
11,26|9|4|1|1|1|1|1,8,0,-1,a0,
11,26|9|3|2|1|1|1|1,8,0,-1,a0,
11,26|9|2|2|2|1|1|1,8,0,-1,a0,
11,26|8|5|1|1|1|1|1,8,0,-1,a0,
11,26|8|4|2|1|1|1|1,8,0,-1,a0,
11,26|8|3|3|1|1|1|1,8,0,-1,a0,
11,26|8|3|2|2|1|1|1,8,1,14247,silent,14246
11,26|8|2|2|2|2|1|1,8,1,3798,silent,3797
11,26|7|6|1|1|1|1|1,8,0,-1,a0,
11,26|7|5|2|1|1|1|1,8,0,-1,a0,
11,26|7|4|3|1|1|1|1,8,0,-1,a0,
11,26|7|4|2|2|1|1|1,8,1,25462,silent,25461
11,26|7|3|3|2|1|1|1,8,2,21393,silent,21391
11,26|7|3|2|2|2|1|1,8,6,14715,silent,14709
11,26|7|2|2|2|2|2|1,8,7,2821,silent,2814
11,26|6|6|2|1|1|1|1,8,0,-1,a0,
11,26|6|5|3|1|1|1|1,8,1,21086,silent,21085
11,26|6|5|2|2|1|1|1,8,2,22055,silent,22053
11,26|6|4|4|1|1|1|1,8,0,-1,a0,
11,26|6|4|3|2|1|1|1,8,2,40071,silent,40069
11,26|6|4|2|2|2|1|1,8,5,21592,silent,21587
11,26|6|3|3|3|1|1|1,8,1,12732,silent,12731
11,26|6|3|3|2|2|1|1,8,4,20837,silent,20833
11,26|6|3|2|2|2|2|1,8,9,8858,silent,8849
11,26|6|2|2|2|2|2|2,8,8,1215,silent,1207
11,26|5|5|4|1|1|1|1,8,0,-1,a0,
11,26|5|5|3|2|1|1|1,8,2,21757,silent,21755
11,26|5|5|2|2|2|1|1,8,5,11327,silent,11322
11,26|5|4|4|2|1|1|1,8,0,-1,a0,
11,26|5|4|3|3|1|1|1,8,0,-1,a0,
11,26|5|4|3|2|2|1|1,8,4,28440,silent,28436
11,26|5|4|2|2|2|2|1,8,9,9751,silent,9742
11,26|5|3|3|3|2|1|1,8,0,-1,a0,
11,26|5|3|3|2|2|2|1,8,2,10174,silent,10172
11,26|5|3|2|2|2|2|2,8,4,2585,silent,2581
11,26|4|4|4|3|1|1|1,8,0,-1,a0,
11,26|4|4|4|2|2|1|1,8,0,-1,a0,
11,26|4|4|3|3|2|1|1,8,0,-1,a0,
11,26|4|4|3|2|2|2|1,8,2,7799,silent,7797
11,26|4|4|2|2|2|2|2,8,6,1806,silent,1800
11,26|4|3|3|3|3|1|1,8,0,-1,a0,
11,26|4|3|3|3|2|2|1,8,0,-1,a0,
11,26|4|3|3|2|2|2|2,8,0,-1,a0,
11,26|3|3|3|3|3|2|1,8,0,-1,a0,
11,26|3|3|3|3|2|2|2,8,0,-1,a0,
11,25|13|1|1|1|1|1|1,8,0,-1,a0,
11,25|12|2|1|1|1|1|1,8,0,-1,a0,
11,25|11|3|1|1|1|1|1,8,0,-1,a0,
11,25|11|2|2|1|1|1|1,8,0,-1,a0,
11,25|10|4|1|1|1|1|1,8,0,-1,a0,
11,25|10|3|2|1|1|1|1,8,0,-1,a0,
11,25|10|2|2|2|1|1|1,8,0,-1,a0,
11,25|9|5|1|1|1|1|1,8,0,-1,a0,
11,25|9|4|2|1|1|1|1,8,0,-1,a0,
11,25|9|3|3|1|1|1|1,8,1,15705,silent,15704
11,25|9|3|2|2|1|1|1,8,2,21669,silent,21667
11,25|9|2|2|2|2|1|1,8,3,5765,silent,5762
11,25|8|6|1|1|1|1|1,8,0,-1,a0,
11,25|8|5|2|1|1|1|1,8,1,33853,silent,33852
11,25|8|4|3|1|1|1|1,8,1,41741,silent,41740
11,25|8|4|2|2|1|1|1,8,3,45493,silent,45490
11,25|8|3|3|2|1|1|1,8,5,37318,silent,37313
11,25|8|3|2|2|2|1|1,8,11,25117,silent,25106
11,25|8|2|2|2|2|2|1,8,11,4664,silent,4653
11,25|7|7|1|1|1|1|1,8,0,-1,a0,
11,25|7|6|2|1|1|1|1,8,0,-1,a0,
11,25|7|5|3|1|1|1|1,8,2,51498,silent,51496
11,25|7|5|2|2|1|1|1,8,7,53043,silent,53036
11,25|7|4|4|1|1|1|1,8,0,-1,a0,
11,25|7|4|3|2|1|1|1,8,7,87478,silent,87471
11,25|7|4|2|2|2|1|1,8,16,46449,silent,46433
11,25|7|3|3|3|1|1|1,8,3,26439,silent,26436
11,25|7|3|3|2|2|1|1,8,10,42382,silent,42372
11,25|7|3|2|2|2|2|1,8,18,17541,silent,17523
11,25|7|2|2|2|2|2|2,8,10,2121,silent,2111
11,25|6|6|3|1|1|1|1,8,2,24427,silent,24425
11,25|6|6|2|2|1|1|1,8,1,24008,silent,24007
11,25|6|5|4|1|1|1|1,8,2,35367,silent,35365
11,25|6|5|3|2|1|1|1,8,10,82728,silent,82718
11,25|6|5|2|2|2|1|1,8,13,40945,silent,40932
11,25|6|4|4|2|1|1|1,8,1,55739,silent,55738
11,25|6|4|3|3|1|1|1,8,4,55133,silent,55129
11,25|6|4|3|2|2|1|1,8,14,81169,silent,81155
11,25|6|4|2|2|2|2|1,8,23,26739,silent,26716
11,25|6|3|3|3|2|1|1,8,2,33204,silent,33202
11,25|6|3|3|2|2|2|1,8,6,25726,silent,25720
11,25|6|3|2|2|2|2|2,8,11,6352,silent,6341
11,25|5|5|5|1|1|1|1,8,1,6957,silent,6956
11,25|5|5|4|2|1|1|1,8,5,37972,silent,37967
11,25|5|5|3|3|1|1|1,8,1,30643,silent,30642
11,25|5|5|3|2|2|1|1,8,10,44884,silent,44874
11,25|5|5|2|2|2|2|1,8,8,13573,silent,13565
11,25|5|4|4|3|1|1|1,8,0,-1,a0,
11,25|5|4|4|2|2|1|1,8,5,38887,silent,38882
11,25|5|4|3|3|2|1|1,8,2,50134,silent,50132
11,25|5|4|3|2|2|2|1,8,12,36249,silent,36237
11,25|5|4|2|2|2|2|2,8,10,7120,silent,7110
11,25|5|3|3|3|3|1|1,8,0,-1,a0,
11,25|5|3|3|3|2|2|1,8,0,-1,a0,
11,25|5|3|3|2|2|2|2,8,1,7194,silent,7193
11,25|4|4|4|4|1|1|1,8,0,-1,a0,
11,25|4|4|4|3|2|1|1,8,0,-1,a0,
11,25|4|4|4|2|2|2|1,8,5,9840,silent,9835
11,25|4|4|3|3|3|1|1,8,0,-1,a0,
11,25|4|4|3|3|2|2|1,8,0,-1,a0,
11,25|4|4|3|2|2|2|2,8,4,5829,silent,5825
11,25|4|3|3|3|3|2|1,8,0,-1,a0,
11,25|4|3|3|3|2|2|2,8,0,-1,a0,
11,25|3|3|3|3|3|3|1,8,0,-1,a0,
11,25|3|3|3|3|3|2|2,8,0,-1,a0,
11,24|14|1|1|1|1|1|1,8,0,-1,a0,
11,24|13|2|1|1|1|1|1,8,0,-1,a0,
11,24|12|3|1|1|1|1|1,8,0,-1,a0,
11,24|12|2|2|1|1|1|1,8,0,-1,a0,
11,24|11|4|1|1|1|1|1,8,0,-1,a0,
11,24|11|3|2|1|1|1|1,8,0,-1,a0,
11,24|11|2|2|2|1|1|1,8,0,-1,a0,
11,24|10|5|1|1|1|1|1,8,0,-1,a0,
11,24|10|4|2|1|1|1|1,8,1,35360,silent,35359
11,24|10|3|3|1|1|1|1,8,1,22035,silent,22034
11,24|10|3|2|2|1|1|1,8,4,30150,silent,30146
11,24|10|2|2|2|2|1|1,8,4,7832,silent,7828
11,24|9|6|1|1|1|1|1,8,0,-1,a0,
11,24|9|5|2|1|1|1|1,8,2,56043,silent,56041
11,24|9|4|3|1|1|1|1,8,3,67112,silent,67109
11,24|9|4|2|2|1|1|1,8,8,72646,silent,72638
11,24|9|3|3|2|1|1|1,8,11,58542,silent,58531
11,24|9|3|2|2|2|1|1,8,19,38919,silent,38900
11,24|9|2|2|2|2|2|1,8,16,7007,silent,6991
11,24|8|7|1|1|1|1|1,8,0,-1,a0,
11,24|8|6|2|1|1|1|1,8,3,56428,silent,56425
11,24|8|5|3|1|1|1|1,8,7,102237,silent,102230
11,24|8|5|2|2|1|1|1,8,16,103558,silent,103542
11,24|8|4|4|1|1|1|1,8,2,57584,silent,57582
11,24|8|4|3|2|1|1|1,8,19,162920,silent,162901
11,24|8|4|2|2|2|1|1,8,30,84735,silent,84705
11,24|8|3|3|3|1|1|1,8,6,47796,silent,47790
11,24|8|3|3|2|2|1|1,8,22,75672,silent,75650
11,24|8|3|2|2|2|2|1,8,31,30608,silent,30577
11,24|8|2|2|2|2|2|2,8,17,3613,silent,3596
11,24|7|7|2|1|1|1|1,8,0,-1,a0,
11,24|7|6|3|1|1|1|1,8,5,81232,silent,81227
11,24|7|6|2|2|1|1|1,8,10,79639,silent,79629
11,24|7|5|4|1|1|1|1,8,6,92070,silent,92064
11,24|7|5|3|2|1|1|1,8,30,209038,silent,209008
11,24|7|5|2|2|2|1|1,8,39,101371,silent,101332
11,24|7|4|4|2|1|1|1,8,9,130216,silent,130207
11,24|7|4|3|3|1|1|1,8,11,125156,silent,125145
11,24|7|4|3|2|2|1|1,8,40,182385,silent,182345
11,24|7|4|2|2|2|2|1,8,46,58108,silent,58062
11,24|7|3|3|3|2|1|1,8,6,70713,silent,70707
11,24|7|3|3|2|2|2|1,8,16,53848,silent,53832
11,24|7|3|2|2|2|2|2,8,17,12693,silent,12676
11,24|6|6|4|1|1|1|1,8,4,47186,silent,47182
11,24|6|6|3|2|1|1|1,8,13,99059,silent,99046
11,24|6|6|2|2|2|1|1,8,10,46013,silent,46003
11,24|6|5|5|1|1|1|1,8,5,32712,silent,32707
11,24|6|5|4|2|1|1|1,8,19,157965,silent,157946
11,24|6|5|3|3|1|1|1,8,14,123454,silent,123440
11,24|6|5|3|2|2|1|1,8,38,175595,silent,175557
11,24|6|5|2|2|2|2|1,8,31,51483,silent,51452
11,24|6|4|4|3|1|1|1,8,5,104448,silent,104443
11,24|6|4|4|2|2|1|1,8,17,121742,silent,121725
11,24|6|4|3|3|2|1|1,8,14,150946,silent,150932
11,24|6|4|3|2|2|2|1,8,34,106314,silent,106280
11,24|6|4|2|2|2|2|2,8,28,20098,silent,20070
11,24|6|3|3|3|3|1|1,8,0,-1,a0,
11,24|6|3|3|3|2|2|1,8,1,47199,silent,47198
11,24|6|3|3|2|2|2|2,8,4,18656,silent,18652
11,24|5|5|5|2|1|1|1,8,9,33309,silent,33300
11,24|5|5|4|3|1|1|1,8,6,73015,silent,73009
11,24|5|5|4|2|2|1|1,8,19,84689,silent,84670
11,24|5|5|3|3|2|1|1,8,6,85369,silent,85363
11,24|5|5|3|2|2|2|1,8,15,58706,silent,58691
11,24|5|5|2|2|2|2|2,8,4,9711,silent,9707
11,24|5|4|4|4|1|1|1,8,0,-1,a0,
11,24|5|4|4|3|2|1|1,8,7,93739,silent,93732
11,24|5|4|4|2|2|2|1,8,18,52768,silent,52750
11,24|5|4|3|3|3|1|1,8,0,-1,a0,
11,24|5|4|3|3|2|2|1,8,5,72436,silent,72431
11,24|5|4|3|2|2|2|2,8,11,27246,silent,27235
11,24|5|3|3|3|3|2|1,8,0,-1,a0,
11,24|5|3|3|3|2|2|2,8,0,-1,a0,
11,24|4|4|4|4|2|1|1,8,0,-1,a0,
11,24|4|4|4|3|3|1|1,8,0,-1,a0,
11,24|4|4|4|3|2|2|1,8,3,24918,silent,24915
11,24|4|4|4|2|2|2|2,8,9,7975,silent,7966
11,24|4|4|3|3|3|2|1,8,0,-1,a0,
11,24|4|4|3|3|2|2|2,8,0,-1,a0,
11,24|4|3|3|3|3|3|1,8,0,-1,a0,
11,24|4|3|3|3|3|2|2,8,0,-1,a0,
11,24|3|3|3|3|3|3|2,8,0,-1,a0,
11,23|15|1|1|1|1|1|1,8,0,-1,a0,
11,23|14|2|1|1|1|1|1,8,0,-1,a0,
11,23|13|3|1|1|1|1|1,8,0,-1,a0,
11,23|13|2|2|1|1|1|1,8,0,-1,a0,
11,23|12|4|1|1|1|1|1,8,0,-1,a0,
11,23|12|3|2|1|1|1|1,8,0,-1,a0,
11,23|12|2|2|2|1|1|1,8,0,-1,a0,
11,23|11|5|1|1|1|1|1,8,0,-1,a0,
11,23|11|4|2|1|1|1|1,8,1,45542,silent,45541
11,23|11|3|3|1|1|1|1,8,3,28390,silent,28387
11,23|11|3|2|2|1|1|1,8,6,38472,silent,38466
11,23|11|2|2|2|2|1|1,8,7,9998,silent,9991
11,23|10|6|1|1|1|1|1,8,1,23332,silent,23331
11,23|10|5|2|1|1|1|1,8,5,82756,silent,82751
11,23|10|4|3|1|1|1|1,8,7,97172,silent,97165
11,23|10|4|2|2|1|1|1,8,15,104337,silent,104322
11,23|10|3|3|2|1|1|1,8,18,83192,silent,83174
11,23|10|3|2|2|2|1|1,8,29,54626,silent,54597
11,23|10|2|2|2|2|2|1,8,21,9644,silent,9623
11,23|9|7|1|1|1|1|1,8,0,-1,a0,
11,23|9|6|2|1|1|1|1,8,6,100729,silent,100723
11,23|9|5|3|1|1|1|1,8,17,173984,silent,173967
11,23|9|5|2|2|1|1|1,8,33,174763,silent,174730
11,23|9|4|4|1|1|1|1,8,4,95368,silent,95364
11,23|9|4|3|2|1|1|1,8,41,267011,silent,266970
11,23|9|4|2|2|2|1|1,8,57,137619,silent,137562
11,23|9|3|3|3|1|1|1,8,14,76810,silent,76796
11,23|9|3|3|2|2|1|1,8,37,120130,silent,120093
11,23|9|3|2|2|2|2|1,8,48,47831,silent,47783
11,23|9|2|2|2|2|2|2,8,19,5269,silent,5250
11,23|8|8|1|1|1|1|1,8,1,8815,silent,8814
11,23|8|7|2|1|1|1|1,8,5,71354,silent,71349
11,23|8|6|3|1|1|1|1,8,19,184601,silent,184582
11,23|8|6|2|2|1|1|1,8,28,178509,silent,178481
11,23|8|5|4|1|1|1|1,8,19,190899,silent,190880
11,23|8|5|3|2|1|1|1,8,72,423557,silent,423485
11,23|8|5|2|2|2|1|1,8,75,201447,silent,201372
11,23|8|4|4|2|1|1|1,8,25,253856,silent,253831
11,23|8|4|3|3|1|1|1,8,30,240208,silent,240178
11,23|8|4|3|2|2|1|1,8,85,346193,silent,346108
11,23|8|4|2|2|2|2|1,8,82,107918,silent,107836
11,23|8|3|3|3|2|1|1,8,16,130341,silent,130325
11,23|8|3|3|2|2|2|1,8,32,97685,silent,97653
11,23|8|3|2|2|2|2|2,8,30,22501,silent,22471
11,23|7|7|3|1|1|1|1,8,5,80131,silent,80126
11,23|7|7|2|2|1|1|1,8,16,77571,silent,77555
11,23|7|6|4|1|1|1|1,8,14,166239,silent,166225
11,23|7|6|3|2|1|1|1,8,53,341807,silent,341754
11,23|7|6|2|2|2|1|1,8,53,157037,silent,156984
11,23|7|5|5|1|1|1|1,8,14,93223,silent,93209
11,23|7|5|4|2|1|1|1,8,64,424404,silent,424340
11,23|7|5|3|3|1|1|1,8,40,323502,silent,323462
11,23|7|5|3|2|2|1|1,8,109,454407,silent,454298
11,23|7|5|2|2|2|2|1,8,73,129394,silent,129321
11,23|7|4|4|3|1|1|1,8,19,252516,silent,252497
11,23|7|4|4|2|2|1|1,8,56,292435,silent,292379
11,23|7|4|3|3|2|1|1,8,39,351368,silent,351329
11,23|7|4|3|2|2|2|1,8,79,243284,silent,243205
11,23|7|4|2|2|2|2|2,8,43,43555,silent,43512
11,23|7|3|3|3|3|1|1,8,1,63912,silent,63911
11,23|7|3|3|3|2|2|1,8,5,102768,silent,102763
11,23|7|3|3|2|2|2|2,8,11,40042,silent,40031
11,23|6|6|5|1|1|1|1,8,8,59722,silent,59714
11,23|6|6|4|2|1|1|1,8,24,217304,silent,217280
11,23|6|6|3|3|1|1|1,8,25,157556,silent,157531
11,23|6|6|3|2|2|1|1,8,43,216670,silent,216627
11,23|6|6|2|2|2|2|1,8,34,60285,silent,60251
11,23|6|5|5|2|1|1|1,8,34,159770,silent,159736
11,23|6|5|4|3|1|1|1,8,37,319573,silent,319536
11,23|6|5|4|2|2|1|1,8,69,361345,silent,361276
11,23|6|5|3|3|2|1|1,8,41,352975,silent,352934
11,23|6|5|3|2|2|2|1,8,63,236403,silent,236340
11,23|6|5|2|2|2|2|2,8,28,38631,silent,38603
11,23|6|4|4|4|1|1|1,8,2,89121,silent,89119
11,23|6|4|4|3|2|1|1,8,31,308135,silent,308104
11,23|6|4|4|2|2|2|1,8,53,169317,silent,169264
11,23|6|4|3|3|3|1|1,8,5,144356,silent,144351
11,23|6|4|3|3|2|2|1,8,19,223064,silent,223045
11,23|6|4|3|2|2|2|2,8,31,81521,silent,81490
11,23|6|3|3|3|3|2|1,8,0,-1,a0,
11,23|6|3|3|3|2|2|2,8,0,-1,a0,
11,23|5|5|5|3|1|1|1,8,13,73123,silent,73110
11,23|5|5|5|2|2|1|1,8,18,78528,silent,78510
11,23|5|5|4|4|1|1|1,8,10,68163,silent,68153
11,23|5|5|4|3|2|1|1,8,25,219260,silent,219235
11,23|5|5|4|2|2|2|1,8,24,116678,silent,116654
11,23|5|5|3|3|3|1|1,8,1,82990,silent,82989
11,23|5|5|3|3|2|2|1,8,12,128194,silent,128182
11,23|5|5|3|2|2|2|2,8,9,44688,silent,44679
11,23|5|4|4|4|2|1|1,8,8,85904,silent,85896
11,23|5|4|4|3|3|1|1,8,3,99145,silent,99142
11,23|5|4|4|3|2|2|1,8,20,143157,silent,143137
11,23|5|4|4|2|2|2|2,8,18,41667,silent,41649
11,23|5|4|3|3|3|2|1,8,0,-1,a0,
11,23|5|4|3|3|2|2|2,8,4,58278,silent,58274
11,23|5|3|3|3|3|3|1,8,0,-1,a0,
11,23|5|3|3|3|3|2|2,8,0,-1,a0,
11,23|4|4|4|4|3|1|1,8,0,-1,a0,
11,23|4|4|4|4|2|2|1,8,6,22814,silent,22808
11,23|4|4|4|3|3|2|1,8,0,-1,a0,
11,23|4|4|4|3|2|2|2,8,5,20620,silent,20615
11,23|4|4|3|3|3|3|1,8,0,-1,a0,
11,23|4|4|3|3|3|2|2,8,0,-1,a0,
11,23|4|3|3|3|3|3|2,8,0,-1,a0,
11,23|3|3|3|3|3|3|3,8,0,-1,a0,
11,22|16|1|1|1|1|1|1,8,0,-1,a0,
11,22|15|2|1|1|1|1|1,8,0,-1,a0,
11,22|14|3|1|1|1|1|1,8,0,-1,a0,
11,22|14|2|2|1|1|1|1,8,0,-1,a0,
11,22|13|4|1|1|1|1|1,8,0,-1,a0,
11,22|13|3|2|1|1|1|1,8,0,-1,a0,
11,22|13|2|2|2|1|1|1,8,0,-1,a0,
11,22|12|5|1|1|1|1|1,8,0,-1,a0,
11,22|12|4|2|1|1|1|1,8,2,53814,silent,53812
11,22|12|3|3|1|1|1|1,8,3,33229,silent,33226
11,22|12|3|2|2|1|1|1,8,9,44828,silent,44819
11,22|12|2|2|2|2|1|1,8,7,11436,silent,11429
11,22|11|6|1|1|1|1|1,8,1,31404,silent,31403
11,22|11|5|2|1|1|1|1,8,8,109221,silent,109213
11,22|11|4|3|1|1|1|1,8,12,126706,silent,126694
11,22|11|4|2|2|1|1|1,8,24,135466,silent,135442
11,22|11|3|3|2|1|1|1,8,27,107102,silent,107075
11,22|11|3|2|2|2|1|1,8,41,69787,silent,69746
11,22|11|2|2|2|2|2|1,8,26,12092,silent,12066
11,22|10|7|1|1|1|1|1,8,1,34348,silent,34347
11,22|10|6|2|1|1|1|1,8,15,155394,silent,155379
11,22|10|5|3|1|1|1|1,8,32,260176,silent,260144
11,22|10|5|2|2|1|1|1,8,56,259207,silent,259151
11,22|10|4|4|1|1|1|1,8,13,140802,silent,140789
11,22|10|4|3|2|1|1|1,8,72,389273,silent,389201
11,22|10|4|2|2|2|1|1,8,84,198258,silent,198174
11,22|10|3|3|3|1|1|1,8,22,110481,silent,110459
11,22|10|3|3|2|2|1|1,8,61,171642,silent,171581
11,22|10|3|2|2|2|2|1,8,66,67374,silent,67308
11,22|10|2|2|2|2|2|2,8,27,7336,silent,7309
11,22|9|8|1|1|1|1|1,8,1,23126,silent,23125
11,22|9|7|2|1|1|1|1,8,13,144301,silent,144288
11,22|9|6|3|1|1|1|1,8,42,336723,silent,336681
11,22|9|6|2|2|1|1|1,8,64,323884,silent,323820
11,22|9|5|4|1|1|1|1,8,39,333114,silent,333075
11,22|9|5|3|2|1|1|1,8,145,729185,silent,729040
11,22|9|5|2|2|2|1|1,8,137,343026,silent,342889
11,22|9|4|4|2|1|1|1,8,57,427996,silent,427939
11,22|9|4|3|3|1|1|1,8,60,400110,silent,400050
11,22|9|4|3|2|2|1|1,8,156,572888,silent,572732
11,22|9|4|2|2|2|2|1,8,126,175438,silent,175312
11,22|9|3|3|3|2|1|1,8,31,211248,silent,211217
11,22|9|3|3|2|2|2|1,8,54,156644,silent,156590
11,22|9|3|2|2|2|2|2,8,41,35154,silent,35113
11,22|8|8|2|1|1|1|1,8,9,60345,silent,60336
11,22|8|7|3|1|1|1|1,8,29,245754,silent,245725
11,22|8|7|2|2|1|1|1,8,48,233359,silent,233311
11,22|8|6|4|1|1|1|1,8,50,391431,silent,391381
11,22|8|6|3|2|1|1|1,8,141,788240,silent,788099
11,22|8|6|2|2|2|1|1,8,115,355964,silent,355849
11,22|8|5|5|1|1|1|1,8,34,203131,silent,203097
11,22|8|5|4|2|1|1|1,8,151,893081,silent,892930
11,22|8|5|3|3|1|1|1,8,101,671487,silent,671386
11,22|8|5|3|2|2|1|1,8,234,932868,silent,932634
11,22|8|5|2|2|2|2|1,8,142,260677,silent,260535
11,22|8|4|4|3|1|1|1,8,56,504165,silent,504109
11,22|8|4|4|2|2|1|1,8,114,577964,silent,577850
11,22|8|4|3|3|2|1|1,8,94,684444,silent,684350
11,22|8|4|3|2|2|2|1,8,151,467166,silent,467015
11,22|8|4|2|2|2|2|2,8,78,81839,silent,81761
11,22|8|3|3|3|3|1|1,8,4,120329,silent,120325
11,22|8|3|3|3|2|2|1,8,15,191496,silent,191481
11,22|8|3|3|2|2|2|2,8,18,73310,silent,73292
11,22|7|7|4|1|1|1|1,8,18,176819,silent,176801
11,22|7|7|3|2|1|1|1,8,63,348629,silent,348566
11,22|7|7|2|2|2|1|1,8,62,156492,silent,156430
11,22|7|6|5|1|1|1|1,8,30,227823,silent,227793
11,22|7|6|4|2|1|1|1,8,120,791030,silent,790910
11,22|7|6|3|3|1|1|1,8,81,557880,silent,557799
11,22|7|6|3|2|2|1|1,8,174,762489,silent,762315
11,22|7|6|2|2|2|2|1,8,100,205622,silent,205522
11,22|7|5|5|2|1|1|1,8,95,463884,silent,463789
11,22|7|5|4|3|1|1|1,8,116,884923,silent,884807
11,22|7|5|4|2|2|1|1,8,207,989720,silent,989513
11,22|7|5|3|3|2|1|1,8,120,943014,silent,942894
11,22|7|5|3|2|2|2|1,8,164,621230,silent,621066
11,22|7|5|2|2|2|2|2,8,53,97660,silent,97607
11,22|7|4|4|4|1|1|1,8,18,225535,silent,225517
11,22|7|4|4|3|2|1|1,8,92,761432,silent,761340
11,22|7|4|4|2|2|2|1,8,117,410667,silent,410550
11,22|7|4|3|3|3|1|1,8,15,345187,silent,345172
11,22|7|4|3|3|2|2|1,8,55,529069,silent,529014
11,22|7|4|3|2|2|2|2,8,61,188452,silent,188391
11,22|7|3|3|3|3|2|1,8,0,-1,a0,
11,22|7|3|3|3|2|2|2,8,3,82714,silent,82711
11,22|6|6|6|1|1|1|1,8,4,42752,silent,42748
11,22|6|6|5|2|1|1|1,8,45,297580,silent,297535
11,22|6|6|4|3|1|1|1,8,59,464589,silent,464530
11,22|6|6|4|2|2|1|1,8,84,510205,silent,510121
11,22|6|6|3|3|2|1|1,8,66,462408,silent,462342
11,22|6|6|3|2|2|2|1,8,77,299774,silent,299697
11,22|6|6|2|2|2|2|2,8,38,46878,silent,46840
11,22|6|5|5|3|1|1|1,8,63,366823,silent,366760
11,22|6|5|5|2|2|1|1,8,78,384498,silent,384420
11,22|6|5|4|4|1|1|1,8,36,313541,silent,313505
11,22|6|5|4|3|2|1|1,8,123,981604,silent,981481
11,22|6|5|4|2|2|2|1,8,111,511459,silent,511348
11,22|6|5|3|3|3|1|1,8,19,355652,silent,355633
11,22|6|5|3|3|2|2|1,8,53,538474,silent,538421
11,22|6|5|3|2|2|2|2,8,44,184196,silent,184152
11,22|6|4|4|4|2|1|1,8,28,299140,silent,299112
11,22|6|4|4|3|3|1|1,8,21,337128,silent,337107
11,22|6|4|4|3|2|2|1,8,64,480422,silent,480358
11,22|6|4|4|2|2|2|2,8,53,135936,silent,135883
11,22|6|4|3|3|3|2|1,8,4,286787,silent,286783
11,22|6|4|3|3|2|2|2,8,11,182163,silent,182152
11,22|6|3|3|3|3|3|1,8,0,-1,a0,
11,22|6|3|3|3|3|2|2,8,0,-1,a0,
11,22|5|5|5|4|1|1|1,8,21,92366,silent,92345
11,22|5|5|5|3|2|1|1,8,29,231246,silent,231217
11,22|5|5|5|2|2|2|1,8,13,111764,silent,111751
11,22|5|5|4|4|2|1|1,8,34,231619,silent,231585
11,22|5|5|4|3|3|1|1,8,12,243081,silent,243069
11,22|5|5|4|3|2|2|1,8,37,344560,silent,344523
11,22|5|5|4|2|2|2|2,8,12,92127,silent,92115
11,22|5|5|3|3|3|2|1,8,4,167968,silent,167964
11,22|5|5|3|3|2|2|2,8,10,106045,silent,106035
11,22|5|4|4|4|3|1|1,8,9,122440,silent,122431
11,22|5|4|4|4|2|2|1,8,24,141850,silent,141826
11,22|5|4|4|3|3|2|1,8,7,202396,silent,202389
11,22|5|4|4|3|2|2|2,8,17,119957,silent,119940
11,22|5|4|3|3|3|3|1,8,0,-1,a0,
11,22|5|4|3|3|3|2|2,8,0,-1,a0,
11,22|5|3|3|3|3|3|2,8,0,-1,a0,
11,22|4|4|4|4|4|1|1,8,0,-1,a0,
11,22|4|4|4|4|3|2|1,8,3,41480,silent,41477
11,22|4|4|4|4|2|2|2,8,10,20333,silent,20323
11,22|4|4|4|3|3|3|1,8,0,-1,a0,
11,22|4|4|4|3|3|2|2,8,0,-1,a0,
11,22|4|4|3|3|3|3|2,8,0,-1,a0,
11,22|4|3|3|3|3|3|3,8,0,-1,a0,
11,21|17|1|1|1|1|1|1,8,0,-1,a0,
11,21|16|2|1|1|1|1|1,8,0,-1,a0,
11,21|15|3|1|1|1|1|1,8,0,-1,a0,
11,21|15|2|2|1|1|1|1,8,0,-1,a0,
11,21|14|4|1|1|1|1|1,8,0,-1,a0,
11,21|14|3|2|1|1|1|1,8,0,-1,a0,
11,21|14|2|2|2|1|1|1,8,0,-1,a0,
11,21|13|5|1|1|1|1|1,8,0,-1,a0,
11,21|13|4|2|1|1|1|1,8,2,57400,silent,57398
11,21|13|3|3|1|1|1|1,8,5,35543,silent,35538
11,21|13|3|2|2|1|1|1,8,10,47628,silent,47618
11,21|13|2|2|2|2|1|1,8,10,12192,silent,12182
11,21|12|6|1|1|1|1|1,8,1,37848,silent,37847
11,21|12|5|2|1|1|1|1,8,12,129625,silent,129613
11,21|12|4|3|1|1|1|1,8,17,149063,silent,149046
11,21|12|4|2|2|1|1|1,8,33,158584,silent,158551
11,21|12|3|3|2|1|1|1,8,36,124742,silent,124706
11,21|12|3|2|2|2|1|1,8,49,80640,silent,80591
11,21|12|2|2|2|2|2|1,8,29,13799,silent,13770
11,21|11|7|1|1|1|1|1,8,2,47706,silent,47704
11,21|11|6|2|1|1|1|1,8,23,208948,silent,208925
11,21|11|5|3|1|1|1|1,8,51,344235,silent,344184
11,21|11|5|2|2|1|1|1,8,84,341406,silent,341322
11,21|11|4|4|1|1|1|1,8,17,184146,silent,184129
11,21|11|4|3|2|1|1|1,8,109,506615,silent,506506
11,21|11|4|2|2|2|1|1,8,121,256711,silent,256590
11,21|11|3|3|3|1|1|1,8,34,142494,silent,142460
11,21|11|3|3|2|2|1|1,8,81,219688,silent,219607
11,21|11|3|2|2|2|2|1,8,84,85386,silent,85302
11,21|11|2|2|2|2|2|2,8,26,8877,silent,8851
11,21|10|8|1|1|1|1|1,8,4,42149,silent,42145
11,21|10|7|2|1|1|1|1,8,30,235764,silent,235734
11,21|10|6|3|1|1|1|1,8,81,521545,silent,521464
11,21|10|6|2|2|1|1|1,8,110,498384,silent,498274
11,21|10|5|4|1|1|1|1,8,76,503240,silent,503164
11,21|10|5|3|2|1|1|1,8,241,1090098,silent,1089857
11,21|10|5|2|2|2|1|1,8,205,507830,silent,507625
11,21|10|4|4|2|1|1|1,8,102,631720,silent,631618
11,21|10|4|3|3|1|1|1,8,104,586365,silent,586261
11,21|10|4|3|2|2|1|1,8,242,834434,silent,834192
11,21|10|4|2|2|2|2|1,8,176,252389,silent,252213
11,21|10|3|3|3|2|1|1,8,53,303864,silent,303811
11,21|10|3|3|2|2|2|1,8,81,223217,silent,223136
11,21|10|3|2|2|2|2|2,8,55,49356,silent,49301
11,21|9|9|1|1|1|1|1,8,0,-1,a0,
11,21|9|8|2|1|1|1|1,8,22,160746,silent,160724
11,21|9|7|3|1|1|1|1,8,74,502474,silent,502400
11,21|9|7|2|2|1|1|1,8,112,474475,silent,474363
11,21|9|6|4|1|1|1|1,8,103,725517,silent,725414
11,21|9|6|3|2|1|1|1,8,294,1445742,silent,1445448
11,21|9|6|2|2|2|1|1,8,228,647758,silent,647530
11,21|9|5|5|1|1|1|1,8,69,364383,silent,364314
11,21|9|5|4|2|1|1|1,8,297,1567306,silent,1567009
11,21|9|5|3|3|1|1|1,8,199,1166658,silent,1166459
11,21|9|5|3|2|2|1|1,8,422,1610098,silent,1609676
11,21|9|5|2|2|2|2|1,8,227,443339,silent,443112
11,21|9|4|4|3|1|1|1,8,110,857581,silent,857471
11,21|9|4|4|2|2|1|1,8,221,979117,silent,978896
11,21|9|4|3|3|2|1|1,8,174,1144571,silent,1144397
11,21|9|4|3|2|2|2|1,8,247,773730,silent,773483
11,21|9|4|2|2|2|2|2,8,101,131836,silent,131735
11,21|9|3|3|3|3|1|1,8,11,197313,silent,197302
11,21|9|3|3|3|2|2|1,8,29,311330,silent,311301
11,21|9|3|3|2|2|2|2,8,34,118073,silent,118039
11,21|8|8|3|1|1|1|1,8,37,212304,silent,212267
11,21|8|8|2|2|1|1|1,8,39,197412,silent,197373
11,21|8|7|4|1|1|1|1,8,81,555667,silent,555586
11,21|8|7|3|2|1|1|1,8,210,1071559,silent,1071349
11,21|8|7|2|2|2|1|1,8,158,471966,silent,471808
11,21|8|6|5|1|1|1|1,8,90,557688,silent,557598
11,21|8|6|4|2|1|1|1,8,317,1876166,silent,1875849
11,21|8|6|3|3|1|1|1,8,215,1305659,silent,1305444
11,21|8|6|3|2|2|1|1,8,409,1768620,silent,1768211
11,21|8|6|2|2|2|2|1,8,214,468785,silent,468571
11,21|8|5|5|2|1|1|1,8,211,1018545,silent,1018334
11,21|8|5|4|3|1|1|1,8,281,1892145,silent,1891864
11,21|8|5|4|2|2|1|1,8,437,2096712,silent,2096275
11,21|8|5|3|3|2|1|1,8,285,1971682,silent,1971397
11,21|8|5|3|2|2|2|1,8,333,1282735,silent,1282402
11,21|8|5|2|2|2|2|2,8,107,198016,silent,197909
11,21|8|4|4|4|1|1|1,8,44,460660,silent,460616
11,21|8|4|4|3|2|1|1,8,205,1533058,silent,1532853
11,21|8|4|4|2|2|2|1,8,219,816626,silent,816407
11,21|8|4|3|3|3|1|1,8,43,681928,silent,681885
11,21|8|4|3|3|2|2|1,8,117,1036676,silent,1036559
11,21|8|4|3|2|2|2|2,8,109,363294,silent,363185
11,21|8|3|3|3|3|2|1,8,3,238053,silent,238050
11,21|8|3|3|3|2|2|2,8,5,154692,silent,154687
11,21|7|7|5|1|1|1|1,8,39,273375,silent,273336
11,21|7|7|4|2|1|1|1,8,157,863103,silent,862946
11,21|7|7|3|3|1|1|1,8,81,584099,silent,584018
11,21|7|7|3|2|2|1|1,8,187,789725,silent,789538
11,21|7|7|2|2|2|2|1,8,81,205031,silent,204950
11,21|7|6|6|1|1|1|1,8,20,182493,silent,182473
11,21|7|6|5|2|1|1|1,8,196,1157926,silent,1157730
11,21|7|6|4|3|1|1|1,8,236,1724057,silent,1723821
11,21|7|6|4|2|2|1|1,8,361,1881842,silent,1881481
11,21|7|6|3|3|2|1|1,8,227,1659328,silent,1659101
11,21|7|6|3|2|2|2|1,8,255,1060923,silent,1060668
11,21|7|6|2|2|2|2|2,8,75,157755,silent,157680
11,21|7|5|5|3|1|1|1,8,179,1090102,silent,1089923
11,21|7|5|5|2|2|1|1,8,220,1128478,silent,1128258
11,21|7|5|4|4|1|1|1,8,122,897582,silent,897460
11,21|7|5|4|3|2|1|1,8,363,2754075,silent,2753712
11,21|7|5|4|2|2|2|1,8,290,1412672,silent,1412382
11,21|7|5|3|3|3|1|1,8,58,969339,silent,969281
11,21|7|5|3|3|2|2|1,8,156,1454540,silent,1454384
11,21|7|5|3|2|2|2|2,8,105,487645,silent,487540
11,21|7|4|4|4|2|1|1,8,93,768053,silent,767960
11,21|7|4|4|3|3|1|1,8,56,847881,silent,847825
11,21|7|4|4|3|2|2|1,8,157,1199755,silent,1199598
11,21|7|4|4|2|2|2|2,8,91,329507,silent,329416
11,21|7|4|3|3|3|2|1,8,16,695266,silent,695250
11,21|7|4|3|3|2|2|2,8,34,436841,silent,436807
11,21|7|3|3|3|3|3|1,8,0,-1,a0,
11,21|7|3|3|3|3|2|2,8,0,-1,a0,
11,21|6|6|6|2|1|1|1,8,22,219542,silent,219520
11,21|6|6|5|3|1|1|1,8,104,716748,silent,716644
11,21|6|6|5|2|2|1|1,8,120,729345,silent,729225
11,21|6|6|4|4|1|1|1,8,46,487434,silent,487388
11,21|6|6|4|3|2|1|1,8,183,1457661,silent,1457478
11,21|6|6|4|2|2|2|1,8,154,737863,silent,737709
11,21|6|6|3|3|3|1|1,8,39,482985,silent,482946
11,21|6|6|3|3|2|2|1,8,72,716417,silent,716345
11,21|6|6|3|2|2|2|2,8,59,238240,silent,238181
11,21|6|5|5|4|1|1|1,8,83,483799,silent,483716
11,21|6|5|5|3|2|1|1,8,155,1178291,silent,1178136
11,21|6|5|5|2|2|2|1,8,80,558179,silent,558099
11,21|6|5|4|4|2|1|1,8,131,1086450,silent,1086319
11,21|6|5|4|3|3|1|1,8,84,1121025,silent,1120941
11,21|6|5|4|3|2|2|1,8,172,1565864,silent,1565692
11,21|6|5|4|2|2|2|2,8,76,412198,silent,412122
11,21|6|5|3|3|3|2|1,8,23,726975,silent,726952
11,21|6|5|3|3|2|2|2,8,31,449144,silent,449113
11,21|6|4|4|4|3|1|1,8,33,438571,silent,438538
11,21|6|4|4|4|2|2|1,8,75,502171,silent,502096
11,21|6|4|4|3|3|2|1,8,30,699785,silent,699755
11,21|6|4|4|3|2|2|2,8,50,407563,silent,407513
11,21|6|4|3|3|3|3|1,8,0,-1,a0,
11,21|6|4|3|3|3|2|2,8,1,265154,silent,265153
11,21|6|3|3|3|3|3|2,8,0,-1,a0,
11,21|5|5|5|5|1|1|1,8,11,56782,silent,56771
11,21|5|5|5|4|2|1|1,8,44,328708,silent,328664
11,21|5|5|5|3|3|1|1,8,19,274986,silent,274967
11,21|5|5|5|3|2|2|1,8,29,375320,silent,375291
11,21|5|5|5|2|2|2|2,8,4,89893,silent,89889
11,21|5|5|4|4|3|1|1,8,34,345090,silent,345056
11,21|5|5|4|4|2|2|1,8,39,388341,silent,388302
11,21|5|5|4|3|3|2|1,8,24,512758,silent,512734
11,21|5|5|4|3|2|2|2,8,23,293420,silent,293397
11,21|5|5|3|3|3|3|1,8,0,-1,a0,
11,21|5|5|3|3|3|2|2,8,4,157657,silent,157653
11,21|5|4|4|4|4|1|1,8,9,75492,silent,75483
11,21|5|4|4|4|3|2|1,8,23,269553,silent,269530
11,21|5|4|4|4|2|2|2,8,21,124915,silent,124894
11,21|5|4|4|3|3|3|1,8,0,-1,a0,
11,21|5|4|4|3|3|2|2,8,5,190480,silent,190475
11,21|5|4|3|3|3|3|2,8,0,-1,a0,
11,21|5|3|3|3|3|3|3,8,0,-1,a0,
11,21|4|4|4|4|4|2|1,8,6,27727,silent,27721
11,21|4|4|4|4|3|3|1,8,0,-1,a0,
11,21|4|4|4|4|3|2|2,8,5,40622,silent,40617
11,21|4|4|4|3|3|3|2,8,0,-1,a0,
11,21|4|4|3|3|3|3|3,8,0,-1,a0,
11,20|18|1|1|1|1|1|1,8,0,-1,a0,
11,20|17|2|1|1|1|1|1,8,0,-1,a0,
11,20|16|3|1|1|1|1|1,8,0,-1,a0,
11,20|16|2|2|1|1|1|1,8,0,-1,a0,
11,20|15|4|1|1|1|1|1,8,0,-1,a0,
11,20|15|3|2|1|1|1|1,8,0,-1,a0,
11,20|15|2|2|2|1|1|1,8,0,-1,a0,
11,20|14|5|1|1|1|1|1,8,0,-1,a0,
11,20|14|4|2|1|1|1|1,8,3,55400,silent,55397
11,20|14|3|3|1|1|1|1,8,4,34023,silent,34019
11,20|14|3|2|2|1|1|1,8,11,45531,silent,45520
11,20|14|2|2|2|2|1|1,8,8,11468,silent,11460
11,20|13|6|1|1|1|1|1,8,2,40445,silent,40443
11,20|13|5|2|1|1|1|1,8,14,137316,silent,137302
11,20|13|4|3|1|1|1|1,8,21,157035,silent,157014
11,20|13|4|2|2|1|1|1,8,39,166665,silent,166626
11,20|13|3|3|2|1|1|1,8,41,130546,silent,130505
11,20|13|3|2|2|2|1|1,8,55,84005,silent,83950
11,20|13|2|2|2|2|2|1,8,30,14204,silent,14174
11,20|12|7|1|1|1|1|1,8,3,58001,silent,57998
11,20|12|6|2|1|1|1|1,8,34,248405,silent,248371
11,20|12|5|3|1|1|1|1,8,68,403903,silent,403835
11,20|12|5|2|2|1|1|1,8,107,398784,silent,398677
11,20|12|4|4|1|1|1|1,8,29,215145,silent,215116
11,20|12|4|3|2|1|1|1,8,142,587482,silent,587340
11,20|12|4|2|2|2|1|1,8,140,295429,silent,295289
11,20|12|3|3|3|1|1|1,8,41,164154,silent,164113
11,20|12|3|3|2|2|1|1,8,104,252217,silent,252113
11,20|12|3|2|2|2|2|1,8,94,97112,silent,97018
11,20|12|2|2|2|2|2|2,8,32,10088,silent,10056
11,20|11|8|1|1|1|1|1,8,6,61084,silent,61078
11,20|11|7|2|1|1|1|1,8,47,324662,silent,324615
11,20|11|6|3|1|1|1|1,8,122,697374,silent,697252
11,20|11|6|2|2|1|1|1,8,166,664418,silent,664252
11,20|11|5|4|1|1|1|1,8,112,663014,silent,662902
11,20|11|5|3|2|1|1|1,8,347,1426884,silent,1426537
11,20|11|5|2|2|2|1|1,8,280,660815,silent,660535
11,20|11|4|4|2|1|1|1,8,152,820559,silent,820407
11,20|11|4|3|3|1|1|1,8,149,757353,silent,757204
11,20|11|4|3|2|2|1|1,8,332,1073648,silent,1073316
11,20|11|4|2|2|2|2|1,8,218,321477,silent,321259
11,20|11|3|3|3|2|1|1,8,74,387353,silent,387279
11,20|11|3|3|2|2|2|1,8,105,282688,silent,282583
11,20|11|3|2|2|2|2|2,8,63,61520,silent,61457
11,20|10|9|1|1|1|1|1,8,4,39941,silent,39937
11,20|10|8|2|1|1|1|1,8,51,290184,silent,290133
11,20|10|7|3|1|1|1|1,8,143,817152,silent,817009
11,20|10|7|2|2|1|1|1,8,192,766373,silent,766181
11,20|10|6|4|1|1|1|1,8,195,1124771,silent,1124576
11,20|10|6|3|2|1|1|1,8,491,2220655,silent,2220164
11,20|10|6|2|2|2|1|1,8,343,986539,silent,986196
11,20|10|5|5|1|1|1|1,8,110,553650,silent,553540
11,20|10|5|4|2|1|1|1,8,483,2349148,silent,2348665
11,20|10|5|3|3|1|1|1,8,327,1738342,silent,1738015
11,20|10|5|3|2|2|1|1,8,648,2386187,silent,2385539
11,20|10|5|2|2|2|2|1,8,323,650472,silent,650149
11,20|10|4|4|3|1|1|1,8,193,1262124,silent,1261931
11,20|10|4|4|2|2|1|1,8,325,1432924,silent,1432599
11,20|10|4|3|3|2|1|1,8,282,1665321,silent,1665039
11,20|10|4|3|2|2|2|1,8,354,1116803,silent,1116449
11,20|10|4|2|2|2|2|2,8,141,188091,silent,187950
11,20|10|3|3|3|3|1|1,8,18,282915,silent,282897
11,20|10|3|3|3|2|2|1,8,49,443993,silent,443944
11,20|10|3|3|2|2|2|2,8,43,166466,silent,166423
11,20|9|9|2|1|1|1|1,8,16,116709,silent,116693
11,20|9|8|3|1|1|1|1,8,103,568073,silent,567970
11,20|9|8|2|2|1|1|1,8,127,527960,silent,527833
11,20|9|7|4|1|1|1|1,8,187,1143501,silent,1143314
11,20|9|7|3|2|1|1|1,8,469,2181918,silent,2181449
11,20|9|7|2|2|2|1|1,8,327,953376,silent,953049
11,20|9|6|5|1|1|1|1,8,184,1050487,silent,1050303
11,20|9|6|4|2|1|1|1,8,649,3471752,silent,3471103
11,20|9|6|3|3|1|1|1,8,418,2392997,silent,2392579
11,20|9|6|3|2|2|1|1,8,773,3226582,silent,3225809
11,20|9|6|2|2|2|2|1,8,354,843914,silent,843560
11,20|9|5|5|2|1|1|1,8,387,1817716,silent,1817329
11,20|9|5|4|3|1|1|1,8,532,3322772,silent,3322240
11,20|9|5|4|2|2|1|1,8,791,3662393,silent,3661602
11,20|9|5|3|3|2|1|1,8,521,3411381,silent,3410860
11,20|9|5|3|2|2|2|1,8,555,2200772,silent,2200217
11,20|9|5|2|2|2|2|2,8,153,333460,silent,333307
11,20|9|4|4|4|1|1|1,8,93,789678,silent,789585
11,20|9|4|4|3|2|1|1,8,374,2600643,silent,2600269
11,20|9|4|4|2|2|2|1,8,349,1372522,silent,1372173
11,20|9|4|3|3|3|1|1,8,83,1141687,silent,1141604
11,20|9|4|3|3|2|2|1,8,209,1727064,silent,1726855
11,20|9|4|3|2|2|2|2,8,162,597278,silent,597116
11,20|9|3|3|3|3|2|1,8,8,388275,silent,388267
11,20|9|3|3|3|2|2|2,8,13,250507,silent,250494
11,20|8|8|4|1|1|1|1,8,91,493542,silent,493451
11,20|8|8|3|2|1|1|1,8,187,924217,silent,924030
11,20|8|8|2|2|2|1|1,8,110,398411,silent,398301
11,20|8|7|5|1|1|1|1,8,148,882681,silent,882533
11,20|8|7|4|2|1|1|1,8,495,2698018,silent,2697523
11,20|8|7|3|3|1|1|1,8,294,1806865,silent,1806571
11,20|8|7|3|2|2|1|1,8,549,2418133,silent,2417584
11,20|8|7|2|2|2|2|1,8,233,619818,silent,619585
11,20|8|6|6|1|1|1|1,8,71,470803,silent,470732
11,20|8|6|5|2|1|1|1,8,502,2832721,silent,2832219
11,20|8|6|4|3|1|1|1,8,614,4112614,silent,4112000
11,20|8|6|4|2|2|1|1,8,835,4454469,silent,4453634
11,20|8|6|3|3|2|1|1,8,565,3879327,silent,3878762
11,20|8|6|3|2|2|2|1,8,562,2454112,silent,2453550
11,20|8|6|2|2|2|2|2,8,164,358954,silent,358790
11,20|8|5|5|3|1|1|1,8,398,2409399,silent,2409001
11,20|8|5|5|2|2|1|1,8,477,2474443,silent,2473966
11,20|8|5|4|4|1|1|1,8,269,1942222,silent,1941953
11,20|8|5|4|3|2|1|1,8,802,5887502,silent,5886700
11,20|8|5|4|2|2|2|1,8,590,2988825,silent,2988235
11,20|8|5|3|3|3|1|1,8,149,2037964,silent,2037815
11,20|8|5|3|3|2|2|1,8,334,3035219,silent,3034885
11,20|8|5|3|2|2|2|2,8,202,1004554,silent,1004352
11,20|8|4|4|4|2|1|1,8,187,1570279,silent,1570092
11,20|8|4|4|3|3|1|1,8,139,1717567,silent,1717428
11,20|8|4|4|3|2|2|1,8,305,2413855,silent,2413550
11,20|8|4|4|2|2|2|2,8,169,653822,silent,653653
11,20|8|4|3|3|3|2|1,8,44,1373669,silent,1373625
11,20|8|4|3|3|2|2|2,8,61,853789,silent,853728
11,20|8|3|3|3|3|3|1,8,0,-1,a0,
11,20|8|3|3|3|3|2|2,8,1,218257,silent,218256
11,20|7|7|6|1|1|1|1,8,40,288325,silent,288285
11,20|7|7|5|2|1|1|1,8,253,1409319,silent,1409066
11,20|7|7|4|3|1|1|1,8,275,1915808,silent,1915533
11,20|7|7|4|2|2|1|1,8,407,2068018,silent,2067611
11,20|7|7|3|3|2|1|1,8,227,1751666,silent,1751439
11,20|7|7|3|2|2|2|1,8,231,1100090,silent,1099859
11,20|7|7|2|2|2|2|2,8,40,155657,silent,155617
11,20|7|6|6|2|1|1|1,8,133,954211,silent,954078
11,20|7|6|5|3|1|1|1,8,404,2818996,silent,2818592
11,20|7|6|5|2|2|1|1,8,483,2848499,silent,2848016
11,20|7|6|4|4|1|1|1,8,232,1853686,silent,1853454
11,20|7|6|4|3|2|1|1,8,692,5436661,silent,5435969
11,20|7|6|4|2|2|2|1,8,497,2712884,silent,2712387
11,20|7|6|3|3|3|1|1,8,127,1749044,silent,1748917
11,20|7|6|3|3|2|2|1,8,271,2581975,silent,2581704
11,20|7|6|3|2|2|2|2,8,161,839770,silent,839609
11,20|7|5|5|4|1|1|1,8,229,1468903,silent,1468674
11,20|7|5|5|3|2|1|1,8,446,3515450,silent,3515004
11,20|7|5|5|2|2|2|1,8,236,1643900,silent,1643664
11,20|7|5|4|4|2|1|1,8,388,3126619,silent,3126231
11,20|7|5|4|3|3|1|1,8,242,3178952,silent,3178710
11,20|7|5|4|3|2|2|1,8,471,4406158,silent,4405687
11,20|7|5|4|2|2|2|2,8,174,1137682,silent,1137508
11,20|7|5|3|3|3|2|1,8,74,1990051,silent,1989977
11,20|7|5|3|3|2|2|2,8,91,1216241,silent,1216150
11,20|7|4|4|4|3|1|1,8,97,1137630,silent,1137533
11,20|7|4|4|4|2|2|1,8,167,1289655,silent,1289488
11,20|7|4|4|3|3|2|1,8,85,1773065,silent,1772980
11,20|7|4|4|3|2|2|2,8,105,1018847,silent,1018742
11,20|7|4|3|3|3|3|1,8,1,492275,silent,492274
11,20|7|4|3|3|3|2|2,8,7,645838,silent,645831
11,20|7|3|3|3|3|3|2,8,0,-1,a0,
11,20|6|6|6|3|1|1|1,8,62,561566,silent,561504
11,20|6|6|6|2|2|1|1,8,69,548342,silent,548273
11,20|6|6|5|4|1|1|1,8,122,1000774,silent,1000652
11,20|6|6|5|3|2|1|1,8,282,2330832,silent,2330550
11,20|6|6|5|2|2|2|1,8,166,1075193,silent,1075027
11,20|6|6|4|4|2|1|1,8,174,1715717,silent,1715543
11,20|6|6|4|3|3|1|1,8,142,1710252,silent,1710110
11,20|6|6|4|3|2|2|1,8,247,2350430,silent,2350183
11,20|6|6|4|2|2|2|2,8,119,602192,silent,602073
11,20|6|6|3|3|3|2|1,8,37,994983,silent,994946
11,20|6|6|3|3|2|2|2,8,33,601523,silent,601490
11,20|6|5|5|5|1|1|1,8,56,318234,silent,318178
11,20|6|5|5|4|2|1|1,8,209,1739361,silent,1739152
11,20|6|5|5|3|3|1|1,8,114,1429913,silent,1429799
11,20|6|5|5|3|2|2|1,8,163,1924913,silent,1924750
11,20|6|5|5|2|2|2|2,8,36,454664,silent,454628
11,20|6|5|4|4|3|1|1,8,141,1652417,silent,1652276
11,20|6|5|4|4|2|2|1,8,189,1844624,silent,1844435
11,20|6|5|4|3|3|2|1,8,117,2379385,silent,2379268
11,20|6|5|4|3|2|2|2,8,104,1342352,silent,1342248
11,20|6|5|3|3|3|3|1,8,5,523817,silent,523812
11,20|6|5|3|3|3|2|2,8,12,683495,silent,683483
11,20|6|4|4|4|4|1|1,8,23,278655,silent,278632
11,20|6|4|4|4|3|2|1,8,74,975852,silent,975778
11,20|6|4|4|4|2|2|2,8,67,445416,silent,445349
11,20|6|4|4|3|3|3|1,8,5,524007,silent,524002
11,20|6|4|4|3|3|2|2,8,15,663731,silent,663716
11,20|6|4|3|3|3|3|2,8,0,-1,a0,
11,20|6|3|3|3|3|3|3,8,0,-1,a0,
11,20|5|5|5|5|2|1|1,8,20,215547,silent,215527
11,20|5|5|5|4|3|1|1,8,47,521995,silent,521948
11,20|5|5|5|4|2|2|1,8,35,566103,silent,566068
11,20|5|5|5|3|3|2|1,8,29,596925,silent,596896
11,20|5|5|5|3|2|2|2,8,15,325525,silent,325510
11,20|5|5|4|4|4|1|1,8,30,229516,silent,229486
11,20|5|5|4|4|3|2|1,8,49,772682,silent,772633
11,20|5|5|4|4|2|2|2,8,17,343275,silent,343258
11,20|5|5|4|3|3|3|1,8,6,388393,silent,388387
11,20|5|5|4|3|3|2|2,8,18,492967,silent,492949
11,20|5|5|3|3|3|3|2,8,0,-1,a0,
11,20|5|4|4|4|4|2|1,8,25,188348,silent,188323
11,20|5|4|4|4|3|3|1,8,7,223406,silent,223399
11,20|5|4|4|4|3|2|2,8,18,265703,silent,265685
11,20|5|4|4|3|3|3|2,8,0,-1,a0,
11,20|5|4|3|3|3|3|3,8,0,-1,a0,
11,20|4|4|4|4|4|3|1,8,3,29702,silent,29699
11,20|4|4|4|4|4|2|2,8,10,29836,silent,29826
11,20|4|4|4|4|3|3|2,8,0,-1,a0,
11,20|4|4|4|3|3|3|3,8,0,-1,a0,
11,19|19|1|1|1|1|1|1,8,0,-1,a0,
11,19|18|2|1|1|1|1|1,8,0,-1,a0,
11,19|17|3|1|1|1|1|1,8,0,-1,a0,
11,19|17|2|2|1|1|1|1,8,0,-1,a0,
11,19|16|4|1|1|1|1|1,8,0,-1,a0,
11,19|16|3|2|1|1|1|1,8,0,-1,a0,
11,19|16|2|2|2|1|1|1,8,0,-1,a0,
11,19|15|5|1|1|1|1|1,8,0,-1,a0,
11,19|15|4|2|1|1|1|1,8,2,46231,silent,46229
11,19|15|3|3|1|1|1|1,8,5,28578,silent,28573
11,19|15|3|2|2|1|1|1,8,9,38052,silent,38043
11,19|15|2|2|2|2|1|1,8,9,9693,silent,9684
11,19|14|6|1|1|1|1|1,8,2,37961,silent,37959
11,19|14|5|2|1|1|1|1,8,15,127915,silent,127900
11,19|14|4|3|1|1|1|1,8,22,145676,silent,145654
11,19|14|4|2|2|1|1|1,8,39,154198,silent,154159
11,19|14|3|3|2|1|1|1,8,40,120508,silent,120468
11,19|14|3|2|2|2|1|1,8,52,77211,silent,77159
11,19|14|2|2|2|2|2|1,8,27,12972,silent,12945
11,19|13|7|1|1|1|1|1,8,4,60923,silent,60919
11,19|13|6|2|1|1|1|1,8,37,257584,silent,257547
11,19|13|5|3|1|1|1|1,8,79,416344,silent,416265
11,19|13|5|2|2|1|1|1,8,119,410164,silent,410045
11,19|13|4|4|1|1|1|1,8,30,220375,silent,220345
11,19|13|4|3|2|1|1|1,8,158,600944,silent,600786
11,19|13|4|2|2|2|1|1,8,156,301646,silent,301490
11,19|13|3|3|3|1|1|1,8,49,167244,silent,167195
11,19|13|3|3|2|2|1|1,8,105,255673,silent,255568
11,19|13|3|2|2|2|2|1,8,96,97936,silent,97840
11,19|13|2|2|2|2|2|2,8,25,9815,silent,9790
11,19|12|8|1|1|1|1|1,8,8,74683,silent,74675
11,19|12|7|2|1|1|1|1,8,65,384180,silent,384115
11,19|12|6|3|1|1|1|1,8,159,809911,silent,809752
11,19|12|6|2|2|1|1|1,8,206,768985,silent,768779
11,19|12|5|4|1|1|1|1,8,145,762734,silent,762589
11,19|12|5|3|2|1|1|1,8,426,1633148,silent,1632722
11,19|12|5|2|2|2|1|1,8,322,752434,silent,752112
11,19|12|4|4|2|1|1|1,8,192,934376,silent,934184
11,19|12|4|3|3|1|1|1,8,186,859607,silent,859421
11,19|12|4|3|2|2|1|1,8,392,1214437,silent,1214045
11,19|12|4|2|2|2|2|1,8,241,361126,silent,360885
11,19|12|3|3|3|2|1|1,8,92,435760,silent,435668
11,19|12|3|3|2|2|2|1,8,121,316247,silent,316126
11,19|12|3|2|2|2|2|2,8,68,68206,silent,68138
11,19|11|9|1|1|1|1|1,8,6,63070,silent,63064
11,19|11|8|2|1|1|1|1,8,76,412899,silent,412823
11,19|11|7|3|1|1|1|1,8,216,1106000,silent,1105784
11,19|11|7|2|2|1|1|1,8,280,1034501,silent,1034221
11,19|11|6|4|1|1|1|1,8,273,1481343,silent,1481070
11,19|11|6|3|2|1|1|1,8,691,2910987,silent,2910296
11,19|11|6|2|2|2|1|1,8,473,1288250,silent,1287777
11,19|11|5|5|1|1|1|1,8,159,722228,silent,722069
11,19|11|5|4|2|1|1|1,8,669,3035124,silent,3034455
11,19|11|5|3|3|1|1|1,8,451,2236040,silent,2235589
11,19|11|5|3|2|2|1|1,8,853,3058810,silent,3057957
11,19|11|5|2|2|2|2|1,8,398,827380,silent,826982
11,19|11|4|4|3|1|1|1,8,263,1610895,silent,1610632
11,19|11|4|4|2|2|1|1,8,449,1825446,silent,1824997
11,19|11|4|3|3|2|1|1,8,375,2108605,silent,2108230
11,19|11|4|3|2|2|2|1,8,443,1406623,silent,1406180
11,19|11|4|2|2|2|2|2,8,149,233115,silent,232966
11,19|11|3|3|3|3|1|1,8,31,355430,silent,355399
11,19|11|3|3|3|2|2|1,8,66,554937,silent,554871
11,19|11|3|3|2|2|2|2,8,59,206946,silent,206887
11,19|10|10|1|1|1|1|1,8,6,25442,silent,25436
11,19|10|9|2|1|1|1|1,8,52,273490,silent,273438
11,19|10|8|3|1|1|1|1,8,208,1010208,silent,1010000
11,19|10|8|2|2|1|1|1,8,234,933690,silent,933456
11,19|10|7|4|1|1|1|1,8,345,1840990,silent,1840645
11,19|10|7|3|2|1|1|1,8,788,3483666,silent,3482878
11,19|10|7|2|2|2|1|1,8,502,1511040,silent,1510538
11,19|10|6|5|1|1|1|1,8,311,1620302,silent,1619991
11,19|10|6|4|2|1|1|1,8,1049,5289364,silent,5288315
11,19|10|6|3|3|1|1|1,8,680,3626188,silent,3625508
11,19|10|6|3|2|2|1|1,8,1180,4868628,silent,4867448
11,19|10|6|2|2|2|2|1,8,506,1262715,silent,1262209
11,19|10|5|5|2|1|1|1,8,592,2716559,silent,2715967
11,19|10|5|4|3|1|1|1,8,839,4916536,silent,4915697
11,19|10|5|4|2|2|1|1,8,1170,5395848,silent,5394678
11,19|10|5|3|3|2|1|1,8,807,4999164,silent,4998357
11,19|10|5|3|2|2|2|1,8,796,3204768,silent,3203972
11,19|10|5|2|2|2|2|2,8,211,480675,silent,480464
11,19|10|4|4|4|1|1|1,8,150,1151073,silent,1150923
11,19|10|4|4|3|2|1|1,8,565,3766182,silent,3765617
11,19|10|4|4|2|2|2|1,8,485,1975122,silent,1974637
11,19|10|4|3|3|3|1|1,8,138,1640415,silent,1640277
11,19|10|4|3|3|2|2|1,8,309,2470650,silent,2470341
11,19|10|4|3|2|2|2|2,8,217,846859,silent,846642
11,19|10|3|3|3|3|2|1,8,15,548176,silent,548161
11,19|10|3|3|3|2|2|2,8,19,351103,silent,351084
11,19|9|9|3|1|1|1|1,8,78,412043,silent,411965
11,19|9|9|2|2|1|1|1,8,105,381742,silent,381637
11,19|9|8|4|1|1|1|1,8,242,1316126,silent,1315884
11,19|9|8|3|2|1|1|1,8,535,2446726,silent,2446191
11,19|9|8|2|2|2|1|1,8,324,1050628,silent,1050304
11,19|9|7|5|1|1|1|1,8,334,1824980,silent,1824646
11,19|9|7|4|2|1|1|1,8,1065,5482945,silent,5481880
11,19|9|7|3|3|1|1|1,8,626,3641000,silent,3640374
11,19|9|7|3|2|2|1|1,8,1102,4851963,silent,4850861
11,19|9|7|2|2|2|2|1,8,423,1230031,silent,1229608
11,19|9|6|6|1|1|1|1,8,142,900328,silent,900186
11,19|9|6|5|2|1|1|1,8,977,5271333,silent,5270356
11,19|9|6|4|3|1|1|1,8,1172,7536066,silent,7534894
11,19|9|6|4|2|2|1|1,8,1573,8131709,silent,8130136
11,19|9|6|3|3|2|1|1,8,1034,7016518,silent,7015484
11,19|9|6|3|2|2|2|1,8,959,4408582,silent,4407623
11,19|9|6|2|2|2|2|2,8,228,632951,silent,632723
11,19|9|5|5|3|1|1|1,8,717,4263032,silent,4262315
11,19|9|5|5|2|2|1|1,8,817,4354376,silent,4353559
11,19|9|5|4|4|1|1|1,8,492,3396299,silent,3395807
11,19|9|5|4|3|2|1|1,8,1422,10209231,silent,10207809
11,19|9|5|4|2|2|2|1,8,968,5144993,silent,5144025
11,19|9|5|3|3|3|1|1,8,280,3495650,silent,3495370
11,19|9|5|3|3|2|2|1,8,582,5182654,silent,5182072
11,19|9|5|3|2|2|2|2,8,318,1698326,silent,1698008
11,19|9|4|4|4|2|1|1,8,341,2660919,silent,2660578
11,19|9|4|4|3|3|1|1,8,236,2886724,silent,2886488
11,19|9|4|4|3|2|2|1,8,504,4041691,silent,4041187
11,19|9|4|4|2|2|2|2,8,224,1079649,silent,1079425
11,19|9|4|3|3|3|2|1,8,87,2274137,silent,2274050
11,19|9|4|3|3|2|2|2,8,109,1404810,silent,1404701
11,19|9|3|3|3|3|3|1,8,1,263102,silent,263101
11,19|9|3|3|3|3|2|2,8,2,350959,silent,350957
11,19|8|8|5|1|1|1|1,8,154,817311,silent,817157
11,19|8|8|4|2|1|1|1,8,428,2374008,silent,2373580
11,19|8|8|3|3|1|1|1,8,276,1561200,silent,1560924
11,19|8|8|3|2|2|1|1,8,432,2066187,silent,2065755
11,19|8|8|2|2|2|2|1,8,178,520488,silent,520310
11,19|8|7|6|1|1|1|1,8,157,970683,silent,970526
11,19|8|7|5|2|1|1|1,8,798,4493863,silent,4493065
11,19|8|7|4|3|1|1|1,8,894,5966179,silent,5965285
11,19|8|7|4|2|2|1|1,8,1162,6388279,silent,6387117
11,19|8|7|3|3|2|1|1,8,742,5357168,silent,5356426
11,19|8|7|3|2|2|2|1,8,665,3332838,silent,3332173
11,19|8|7|2|2|2|2|2,8,146,468177,silent,468031
11,19|8|6|6|2|1|1|1,8,363,2437640,silent,2437277
11,19|8|6|5|3|1|1|1,8,1005,6867819,silent,6866814
11,19|8|6|5|2|2|1|1,8,1135,6894836,silent,6893701
11,19|8|6|4|4|1|1|1,8,564,4427234,silent,4426670
11,19|8|6|4|3|2|1|1,8,1636,12843705,silent,12842069
11,19|8|6|4|2|2|2|1,8,1090,6352420,silent,6351330
11,19|8|6|3|3|3|1|1,8,327,4068495,silent,4068168
11,19|8|6|3|3|2|2|1,8,619,5970918,silent,5970299
11,19|8|6|3|2|2|2|2,8,336,1920159,silent,1919823
11,19|8|5|5|4|1|1|1,8,486,3251822,silent,3251336
11,19|8|5|5|3|2|1|1,8,971,7698068,silent,7697097
11,19|8|5|5|2|2|2|1,8,502,3568147,silent,3567645
11,19|8|5|4|4|2|1|1,8,799,6710075,silent,6709276
11,19|8|5|4|3|3|1|1,8,550,6769262,silent,6768712
11,19|8|5|4|3|2|2|1,8,967,9328049,silent,9327082
11,19|8|5|4|2|2|2|2,8,349,2382639,silent,2382290
11,19|8|5|3|3|3|2|1,8,172,4144913,silent,4144741
11,19|8|5|3|3|2|2|2,8,171,2510595,silent,2510424
11,19|8|4|4|4|3|1|1,8,198,2319214,silent,2319016
11,19|8|4|4|4|2|2|1,8,312,2614612,silent,2614300
11,19|8|4|4|3|3|2|1,8,181,3563231,silent,3563050
11,19|8|4|4|3|2|2|2,8,190,2029840,silent,2029650
11,19|8|4|3|3|3|3|1,8,7,969914,silent,969907
11,19|8|4|3|3|3|2|2,8,16,1264643,silent,1264627
11,19|8|3|3|3|3|3|2,8,0,-1,a0,
11,19|7|7|7|1|1|1|1,8,29,169795,silent,169766
11,19|7|7|6|2|1|1|1,8,247,1519574,silent,1519327
11,19|7|7|5|3|1|1|1,8,481,3462012,silent,3461531
11,19|7|7|5|2|2|1|1,8,565,3459765,silent,3459200
11,19|7|7|4|4|1|1|1,8,294,2112954,silent,2112660
11,19|7|7|4|3|2|1|1,8,738,6035027,silent,6034289
11,19|7|7|4|2|2|2|1,8,457,2959130,silent,2958673
11,19|7|7|3|3|3|1|1,8,124,1854616,silent,1854492
11,19|7|7|3|3|2|2|1,8,275,2718184,silent,2717909
11,19|7|7|3|2|2|2|2,8,123,862885,silent,862762
11,19|7|6|6|3|1|1|1,8,293,2438592,silent,2438299
11,19|7|6|6|2|2|1|1,8,340,2373278,silent,2372938
11,19|7|6|5|4|1|1|1,8,498,3983179,silent,3982681
11,19|7|6|5|3|2|1|1,8,1049,9125186,silent,9124137
11,19|7|6|5|2|2|2|1,8,569,4159685,silent,4159116
11,19|7|6|4|4|2|1|1,8,714,6493262,silent,6492548
11,19|7|6|4|3|3|1|1,8,489,6371175,silent,6370686
11,19|7|6|4|3|2|2|1,8,849,8708310,silent,8707461
11,19|7|6|4|2|2|2|2,8,296,2184205,silent,2183909
11,19|7|6|3|3|3|2|1,8,146,3593823,silent,3593677
11,19|7|6|3|3|2|2|2,8,143,2156346,silent,2156203
11,19|7|5|5|5|1|1|1,8,141,990178,silent,990037
11,19|7|5|5|4|2|1|1,8,578,5258863,silent,5258285
11,19|7|5|5|3|3|1|1,8,332,4273573,silent,4273241
11,19|7|5|5|3|2|2|1,8,478,5710801,silent,5710323
11,19|7|5|5|2|2|2|2,8,116,1331764,silent,1331648
11,19|7|5|4|4|3|1|1,8,402,4762286,silent,4761884
11,19|7|5|4|4|2|2|1,8,491,5277523,silent,5277032
11,19|7|5|4|3|3|2|1,8,333,6720857,silent,6720524
11,19|7|5|4|3|2|2|2,8,263,3752275,silent,3752012
11,19|7|5|3|3|3|3|1,8,15,1435422,silent,1435407
11,19|7|5|3|3|3|2|2,8,38,1861274,silent,1861236
11,19|7|4|4|4|4|1|1,8,74,732192,silent,732118
11,19|7|4|4|4|3|2|1,8,174,2520889,silent,2520715
11,19|7|4|4|4|2|2|2,8,116,1132869,silent,1132753
11,19|7|4|4|3|3|3|1,8,17,1329348,silent,1329331
11,19|7|4|4|3|3|2|2,8,48,1677924,silent,1677876
11,19|7|4|3|3|3|3|2,8,0,-1,a0,
11,19|7|3|3|3|3|3|3,8,0,-1,a0,
11,19|6|6|6|4|1|1|1,8,71,867513,silent,867442
11,19|6|6|6|3|2|1|1,8,187,1848598,silent,1848411
11,19|6|6|6|2|2|2|1,8,120,816728,silent,816608
11,19|6|6|5|5|1|1|1,8,95,731965,silent,731870
11,19|6|6|5|4|2|1|1,8,356,3618997,silent,3618641
11,19|6|6|5|3|3|1|1,8,225,2878915,silent,2878690
11,19|6|6|5|3|2|2|1,8,325,3815490,silent,3815165
11,19|6|6|5|2|2|2|2,8,102,881397,silent,881295
11,19|6|6|4|4|3|1|1,8,194,2654520,silent,2654326
11,19|6|6|4|4|2|2|1,8,279,2927401,silent,2927122
11,19|6|6|4|3|3|2|1,8,174,3637190,silent,3637016
11,19|6|6|4|3|2|2|2,8,145,2016378,silent,2016233
11,19|6|6|3|3|3|3|1,8,11,726738,silent,726727
11,19|6|6|3|3|3|2|2,8,12,933535,silent,933523
11,19|6|5|5|5|2|1|1,8,122,1206441,silent,1206319
11,19|6|5|5|4|3|1|1,8,223,2788873,silent,2788650
11,19|6|5|5|4|2|2|1,8,207,2997924,silent,2997717
11,19|6|5|5|3|3|2|1,8,149,3094498,silent,3094349
11,19|6|5|5|3|2|2|2,8,78,1665487,silent,1665409
11,19|6|5|4|4|4|1|1,8,95,1116084,silent,1115989
11,19|6|5|4|4|3|2|1,8,223,3709912,silent,3709689
11,19|6|5|4|4|2|2|2,8,115,1634724,silent,1634609
11,19|6|5|4|3|3|3|1,8,35,1817028,silent,1816993
11,19|6|5|4|3|3|2|2,8,63,2279829,silent,2279766
11,19|6|5|3|3|3|3|2,8,2,654063,silent,654061
11,19|6|4|4|4|4|2|1,8,71,697250,silent,697179
11,19|6|4|4|4|3|3|1,8,25,815640,silent,815615
11,19|6|4|4|4|3|2|2,8,55,962555,silent,962500
11,19|6|4|4|3|3|3|2,8,1,660716,silent,660715
11,19|6|4|3|3|3|3|3,8,0,-1,a0,
11,19|5|5|5|5|3|1|1,8,26,381980,silent,381954
11,19|5|5|5|5|2|2|1,8,18,385063,silent,385045
11,19|5|5|5|4|4|1|1,8,34,387816,silent,387782
11,19|5|5|5|4|3|2|1,8,54,1193445,silent,1193391
11,19|5|5|5|4|2|2|2,8,12,506591,silent,506579
11,19|5|5|5|3|3|3|1,8,12,467878,silent,467866
11,19|5|5|5|3|3|2|2,8,18,582193,silent,582175
11,19|5|5|4|4|4|2|1,8,40,572849,silent,572809
11,19|5|5|4|4|3|3|1,8,25,656576,silent,656551
11,19|5|5|4|4|3|2|2,8,27,766533,silent,766506
11,19|5|5|4|3|3|3|2,8,5,495923,silent,495918
11,19|5|5|3|3|3|3|3,8,0,-1,a0,
11,19|5|4|4|4|4|3|1,8,20,207316,silent,207296
11,19|5|4|4|4|4|2|2,8,21,198331,silent,198310
11,19|5|4|4|4|3|3|2,8,5,292332,silent,292327
11,19|5|4|4|3|3|3|3,8,0,-1,a0,
11,19|4|4|4|4|4|4|1,8,6,14044,silent,14038
11,19|4|4|4|4|4|3|2,8,5,41749,silent,41744
11,19|4|4|4|4|3|3|3,8,0,-1,a0,
11,18|18|3|1|1|1|1|1,8,0,-1,a0,
11,18|18|2|2|1|1|1|1,8,0,-1,a0,
11,18|17|4|1|1|1|1|1,8,0,-1,a0,
11,18|17|3|2|1|1|1|1,8,0,-1,a0,
11,18|17|2|2|2|1|1|1,8,0,-1,a0,
11,18|16|5|1|1|1|1|1,8,0,-1,a0,
11,18|16|4|2|1|1|1|1,8,2,31101,silent,31099
11,18|16|3|3|1|1|1|1,8,2,18993,silent,18991
11,18|16|3|2|2|1|1|1,8,7,25377,silent,25370
11,18|16|2|2|2|2|1|1,8,4,6323,silent,6319
11,18|15|6|1|1|1|1|1,8,1,29618,silent,29617
11,18|15|5|2|1|1|1|1,8,12,99466,silent,99454
11,18|15|4|3|1|1|1|1,8,18,113015,silent,112997
11,18|15|4|2|2|1|1|1,8,32,119547,silent,119515
11,18|15|3|3|2|1|1|1,8,33,93244,silent,93211
11,18|15|3|2|2|2|1|1,8,41,59658,silent,59617
11,18|15|2|2|2|2|2|1,8,21,9971,silent,9950
11,18|14|7|1|1|1|1|1,8,4,54541,silent,54537
11,18|14|6|2|1|1|1|1,8,39,228355,silent,228316
11,18|14|5|3|1|1|1|1,8,73,366529,silent,366456
11,18|14|5|2|2|1|1|1,8,109,360265,silent,360156
11,18|14|4|4|1|1|1|1,8,34,193977,silent,193943
11,18|14|4|3|2|1|1|1,8,147,526275,silent,526128
11,18|14|4|2|2|2|1|1,8,133,262844,silent,262711
11,18|14|3|3|3|1|1|1,8,41,145992,silent,145951
11,18|14|3|3|2|2|1|1,8,101,223132,silent,223031
11,18|14|3|2|2|2|2|1,8,83,85021,silent,84938
11,18|14|2|2|2|2|2|2,8,26,8650,silent,8624
11,18|13|8|1|1|1|1|1,8,9,76434,silent,76425
11,18|13|7|2|1|1|1|1,8,70,386371,silent,386301
11,18|13|6|3|1|1|1|1,8,169,805325,silent,805156
11,18|13|6|2|2|1|1|1,8,218,763607,silent,763389
11,18|13|5|4|1|1|1|1,8,153,753852,silent,753699
11,18|13|5|3|2|1|1|1,8,443,1609364,silent,1608921
11,18|13|5|2|2|2|1|1,8,328,739447,silent,739119
11,18|13|4|4|2|1|1|1,8,203,917846,silent,917643
11,18|13|4|3|3|1|1|1,8,193,842192,silent,841999
11,18|13|4|3|2|2|1|1,8,398,1187668,silent,1187270
11,18|13|4|2|2|2|2|1,8,232,351356,silent,351124
11,18|13|3|3|3|2|1|1,8,94,424388,silent,424294
11,18|13|3|3|2|2|2|1,8,119,306969,silent,306850
11,18|13|3|2|2|2|2|2,8,61,65615,silent,65554
11,18|12|9|1|1|1|1|1,8,10,78545,silent,78535
11,18|12|8|2|1|1|1|1,8,101,485941,silent,485840
11,18|12|7|3|1|1|1|1,8,266,1262786,silent,1262520
11,18|12|7|2|2|1|1|1,8,332,1177176,silent,1176844
11,18|12|6|4|1|1|1|1,8,342,1664800,silent,1664458
11,18|12|6|3|2|1|1|1,8,814,3256281,silent,3255467
11,18|12|6|2|2|2|1|1,8,519,1434429,silent,1433910
11,18|12|5|5|1|1|1|1,8,180,805132,silent,804952
11,18|12|5|4|2|1|1|1,8,775,3364283,silent,3363508
11,18|12|5|3|3|1|1|1,8,526,2472206,silent,2471680
11,18|12|5|3|2|2|1|1,8,968,3372955,silent,3371987
11,18|12|5|2|2|2|2|1,8,429,907729,silent,907300
11,18|12|4|4|3|1|1|1,8,320,1772712,silent,1772392
11,18|12|4|4|2|2|1|1,8,488,2002096,silent,2001608
11,18|12|4|3|3|2|1|1,8,437,2308288,silent,2307851
11,18|12|4|3|2|2|2|1,8,481,1533200,silent,1532719
11,18|12|4|2|2|2|2|2,8,166,252949,silent,252783
11,18|12|3|3|3|3|1|1,8,32,386446,silent,386414
11,18|12|3|3|3|2|2|1,8,79,601876,silent,601797
11,18|12|3|3|2|2|2|2,8,56,222781,silent,222725
11,18|11|10|1|1|1|1|1,8,8,50759,silent,50751
11,18|11|9|2|1|1|1|1,8,84,419485,silent,419401
11,18|11|8|3|1|1|1|1,8,302,1397699,silent,1397397
11,18|11|8|2|2|1|1|1,8,348,1289719,silent,1289371
11,18|11|7|4|1|1|1|1,8,481,2426140,silent,2425659
11,18|11|7|3|2|1|1|1,8,1084,4569271,silent,4568187
11,18|11|7|2|2|2|1|1,8,668,1974340,silent,1973672
11,18|11|6|5|1|1|1|1,8,422,2086270,silent,2085848
11,18|11|6|4|2|1|1|1,8,1411,6759805,silent,6758394
11,18|11|6|3|3|1|1|1,8,894,4615557,silent,4614663
11,18|11|6|3|2|2|1|1,8,1528,6182539,silent,6181011
11,18|11|6|2|2|2|2|1,8,612,1593224,silent,1592612
11,18|11|5|5|2|1|1|1,8,767,3432298,silent,3431531
11,18|11|5|4|3|1|1|1,8,1096,6171933,silent,6170837
11,18|11|5|4|2|2|1|1,8,1494,6756299,silent,6754805
11,18|11|5|3|3|2|1|1,8,1035,6234750,silent,6233715
11,18|11|5|3|2|2|2|1,8,971,3979865,silent,3978894
11,18|11|5|2|2|2|2|2,8,234,591241,silent,591007
11,18|11|4|4|4|1|1|1,8,200,1432439,silent,1432239
11,18|11|4|4|3|2|1|1,8,726,4664613,silent,4663887
11,18|11|4|4|2|2|2|1,8,580,2434938,silent,2434358
11,18|11|4|3|3|3|1|1,8,181,2020550,silent,2020369
11,18|11|4|3|3|2|2|1,8,391,3035073,silent,3034682
11,18|11|4|3|2|2|2|2,8,249,1033029,silent,1032780
11,18|11|3|3|3|3|2|1,8,24,667731,silent,667707
11,18|11|3|3|3|2|2|2,8,26,425928,silent,425902
11,18|10|10|2|1|1|1|1,8,41,168530,silent,168489
11,18|10|9|3|1|1|1|1,8,203,939943,silent,939740
11,18|10|9|2|2|1|1|1,8,230,863586,silent,863356
11,18|10|8|4|1|1|1|1,8,468,2292437,silent,2291969
11,18|10|8|3|2|1|1|1,8,954,4229026,silent,4228072
11,18|10|8|2|2|2|1|1,8,532,1804043,silent,1803511
11,18|10|7|5|1|1|1|1,8,558,2891000,silent,2890442
11,18|10|7|4|2|1|1|1,8,1712,8584184,silent,8582472
11,18|10|7|3|3|1|1|1,8,1022,5674077,silent,5673055
11,18|10|7|3|2|2|1|1,8,1701,7531711,silent,7530010
11,18|10|7|2|2|2|2|1,8,623,1896747,silent,1896124
11,18|10|6|6|1|1|1|1,8,246,1377286,silent,1377040
11,18|10|6|5|2|1|1|1,8,1503,7914302,silent,7912799
11,18|10|6|4|3|1|1|1,8,1820,11210018,silent,11208198
11,18|10|6|4|2|2|1|1,8,2297,12052352,silent,12050055
11,18|10|6|3|3|2|1|1,8,1570,10350874,silent,10349304
11,18|10|6|3|2|2|2|1,8,1362,6470370,silent,6469008
11,18|10|6|2|2|2|2|2,8,322,921956,silent,921634
11,18|10|5|5|3|1|1|1,8,1052,6222089,silent,6221037
11,18|10|5|5|2|2|1|1,8,1196,6334301,silent,6333105
11,18|10|5|4|4|1|1|1,8,725,4920286,silent,4919561
11,18|10|5|4|3|2|1|1,8,2072,14712765,silent,14710693
11,18|10|5|4|2|2|2|1,8,1348,7378022,silent,7376674
11,18|10|5|3|3|3|1|1,8,428,5004450,silent,5004022
11,18|10|5|3|3|2|2|1,8,835,7393154,silent,7392319
11,18|10|5|3|2|2|2|2,8,422,2406342,silent,2405920
11,18|10|4|4|4|2|1|1,8,472,3779595,silent,3779123
11,18|10|4|4|3|3|1|1,8,367,4086466,silent,4086099
11,18|10|4|4|3|2|2|1,8,692,5700981,silent,5700289
11,18|10|4|4|2|2|2|2,8,309,1513164,silent,1512855
11,18|10|4|3|3|3|2|1,8,136,3185286,silent,3185150
11,18|10|4|3|3|2|2|2,8,142,1956105,silent,1955963
11,18|10|3|3|3|3|3|1,8,2,363592,silent,363590
11,18|10|3|3|3|3|2|2,8,6,483024,silent,483018
11,18|9|9|4|1|1|1|1,8,177,949906,silent,949729
11,18|9|9|3|2|1|1|1,8,396,1743582,silent,1743186
11,18|9|9|2|2|2|1|1,8,237,743169,silent,742932
11,18|9|8|5|1|1|1|1,8,413,2168039,silent,2167626
11,18|9|8|4|2|1|1|1,8,1185,6205521,silent,6204336
11,18|9|8|3|3|1|1|1,8,707,4043834,silent,4043127
11,18|9|8|3|2|2|1|1,8,1131,5340461,silent,5339330
11,18|9|8|2|2|2|2|1,8,401,1330532,silent,1330131
11,18|9|7|6|1|1|1|1,8,346,2017896,silent,2017550
11,18|9|7|5|2|1|1|1,8,1646,9082232,silent,9080586
11,18|9|7|4|3|1|1|1,8,1819,11884139,silent,11882320
11,18|9|7|4|2|2|1|1,8,2297,12677353,silent,12675056
11,18|9|7|3|3|2|1|1,8,1460,10546902,silent,10545442
11,18|9|7|3|2|2|2|1,8,1222,6523224,silent,6522002
11,18|9|7|2|2|2|2|2,8,232,903924,silent,903692
11,18|9|6|6|2|1|1|1,8,723,4568980,silent,4568257
11,18|9|6|5|3|1|1|1,8,1847,12531892,silent,12530045
11,18|9|6|5|2|2|1|1,8,2044,12534528,silent,12532484
11,18|9|6|4|4|1|1|1,8,1061,7991384,silent,7990323
11,18|9|6|4|3|2|1|1,8,2932,23011710,silent,23008778
11,18|9|6|4|2|2|2|1,8,1818,11311521,silent,11309703
11,18|9|6|3|3|3|1|1,8,588,7215468,silent,7214880
11,18|9|6|3|3|2|2|1,8,1088,10555641,silent,10554553
11,18|9|6|3|2|2|2|2,8,523,3364139,silent,3363616
11,18|9|5|5|4|1|1|1,8,823,5664636,silent,5663813
11,18|9|5|5|3|2|1|1,8,1653,13315981,silent,13314328
11,18|9|5|5|2|2|2|1,8,832,6136455,silent,6135623
11,18|9|5|4|4|2|1|1,8,1362,11479224,silent,11477862
11,18|9|5|4|3|3|1|1,8,948,11515967,silent,11515019
11,18|9|5|4|3|2|2|1,8,1595,15810899,silent,15809304
11,18|9|5|4|2|2|2|2,8,519,4003269,silent,4002750
11,18|9|5|3|3|3|2|1,8,311,6956458,silent,6956147
11,18|9|5|3|3|2|2|2,8,286,4190489,silent,4190203
11,18|9|4|4|4|3|1|1,8,333,3855967,silent,3855634
11,18|9|4|4|4|2|2|1,8,479,4328114,silent,4327635
11,18|9|4|4|3|3|2|1,8,307,5868070,silent,5867763
11,18|9|4|4|3|2|2|2,8,281,3321274,silent,3320993
11,18|9|4|3|3|3|3|1,8,15,1577259,silent,1577244
11,18|9|4|3|3|3|2|2,8,34,2049835,silent,2049801
11,18|9|3|3|3|3|3|2,8,0,-1,a0,
11,18|8|8|6|1|1|1|1,8,176,978450,silent,978274
11,18|8|8|5|2|1|1|1,8,697,4088573,silent,4087876
11,18|8|8|4|3|1|1|1,8,780,5205149,silent,5204369
11,18|8|8|4|2|2|1|1,8,905,5521076,silent,5520171
11,18|8|8|3|3|2|1|1,8,633,4548307,silent,4547674
11,18|8|8|3|2|2|2|1,8,509,2798377,silent,2797868
11,18|8|8|2|2|2|2|2,8,127,387799,silent,387672
11,18|8|7|7|1|1|1|1,8,100,621423,silent,621323
11,18|8|7|6|2|1|1|1,8,786,5002129,silent,5001343
11,18|8|7|5|3|1|1|1,8,1511,10886116,silent,10884605
11,18|8|7|5|2|2|1|1,8,1664,10806062,silent,10804398
11,18|8|7|4|4|1|1|1,8,842,6510167,silent,6509325
11,18|8|7|4|3|2|1|1,8,2209,18423089,silent,18420880
11,18|8|7|4|2|2|2|1,8,1314,8966913,silent,8965599
11,18|8|7|3|3|3|1|1,8,426,5586570,silent,5586144
11,18|8|7|3|3|2|2|1,8,789,8136940,silent,8136151
11,18|8|7|3|2|2|2|2,8,352,2563621,silent,2563269
11,18|8|6|6|3|1|1|1,8,764,6140776,silent,6140012
11,18|8|6|6|2|2|1|1,8,804,5942057,silent,5941253
11,18|8|6|5|4|1|1|1,8,1183,9615609,silent,9614426
11,18|8|6|5|3|2|1|1,8,2449,21811923,silent,21809474
11,18|8|6|5|2|2|2|1,8,1266,9866871,silent,9865605
11,18|8|6|4|4|2|1|1,8,1588,15224002,silent,15222414
11,18|8|6|4|3|3|1|1,8,1165,14829999,silent,14828834
11,18|8|6|4|3|2|2|1,8,1864,20172993,silent,20171129
11,18|8|6|4|2|2|2|2,8,636,5012432,silent,5011796
11,18|8|6|3|3|3|2|1,8,352,8202513,silent,8202161
11,18|8|6|3|3|2|2|2,8,290,4885716,silent,4885426
11,18|8|5|5|5|1|1|1,8,294,2190938,silent,2190644
11,18|8|5|5|4|2|1|1,8,1205,11433861,silent,11432656
11,18|8|5|5|3|3|1|1,8,702,9224642,silent,9223940
11,18|8|5|5|3|2|2|1,8,1000,12266604,silent,12265604
11,18|8|5|5|2|2|2|2,8,232,2834567,silent,2834335
11,18|8|5|4|4|3|1|1,8,811,10080453,silent,10079642
11,18|8|5|4|4|2|2|1,8,978,11122642,silent,11121664
11,18|8|5|4|3|3|2|1,8,693,14053172,silent,14052479
11,18|8|5|4|3|2|2|2,8,508,7791998,silent,7791490
11,18|8|5|3|3|3|3|1,8,40,2950121,silent,2950081
11,18|8|5|3|3|3|2|2,8,78,3803754,silent,3803676
11,18|8|4|4|4|4|1|1,8,121,1478866,silent,1478745
11,18|8|4|4|4|3|2|1,8,328,5053252,silent,5052924
11,18|8|4|4|4|2|2|2,8,213,2255618,silent,2255405
11,18|8|4|4|3|3|3|1,8,46,2636976,silent,2636930
11,18|8|4|4|3|3|2|2,8,85,3312569,silent,3312484
11,18|8|4|3|3|3|3|2,8,2,1177462,silent,1177460
11,18|8|3|3|3|3|3|3,8,0,-1,a0,
11,18|7|7|7|2|1|1|1,8,150,896823,silent,896673
11,18|7|7|6|3|1|1|1,8,478,3877314,silent,3876836
11,18|7|7|6|2|2|1|1,8,529,3738413,silent,3737884
11,18|7|7|5|4|1|1|1,8,604,4960432,silent,4959828
11,18|7|7|5|3|2|1|1,8,1173,11089624,silent,11088451
11,18|7|7|5|2|2|2|1,8,581,4976102,silent,4975521
11,18|7|7|4|4|2|1|1,8,784,7322448,silent,7321664
11,18|7|7|4|3|3|1|1,8,499,7033842,silent,7033343
11,18|7|7|4|3|2|2|1,8,825,9540860,silent,9540035
11,18|7|7|4|2|2|2|2,8,218,2339928,silent,2339710
11,18|7|7|3|3|3|2|1,8,159,3772262,silent,3772103
11,18|7|7|3|3|2|2|2,8,149,2240184,silent,2240035
11,18|7|6|6|4|1|1|1,8,376,3775378,silent,3775002
11,18|7|6|6|3|2|1|1,8,783,7919313,silent,7918530
11,18|7|6|6|2|2|2|1,8,415,3458489,silent,3458074
11,18|7|6|5|5|1|1|1,8,329,2945479,silent,2945150
11,18|7|6|5|4|2|1|1,8,1336,14201393,silent,14200057
11,18|7|6|5|3|3|1|1,8,798,11152682,silent,11151884
11,18|7|6|5|3|2|2|1,8,1153,14706176,silent,14705023
11,18|7|6|5|2|2|2|2,8,300,3343680,silent,3343380
11,18|7|6|4|4|3|1|1,8,736,9942769,silent,9942033
11,18|7|6|4|4|2|2|1,8,890,10886250,silent,10885360
11,18|7|6|4|3|3|2|1,8,626,13373478,silent,13372852
11,18|7|6|4|3|2|2|2,8,449,7345238,silent,7344789
11,18|7|6|3|3|3|3|1,8,36,2595396,silent,2595360
11,18|7|6|3|3|3|2|2,8,64,3327824,silent,3327760
11,18|7|5|5|5|2|1|1,8,325,3702710,silent,3702385
11,18|7|5|5|4|3|1|1,8,612,8361759,silent,8361147
11,18|7|5|5|4|2|2|1,8,594,8936932,silent,8936338
11,18|7|5|5|3|3|2|1,8,418,9114399,silent,9113981
11,18|7|5|5|3|2|2|2,8,231,4865971,silent,4865740
11,18|7|5|4|4|4|1|1,8,266,3210023,silent,3209757
11,18|7|5|4|4|3|2|1,8,580,10548286,silent,10547706
11,18|7|5|4|4|2|2|2,8,264,4603177,silent,4602913
11,18|7|5|4|3|3|3|1,8,101,5086167,silent,5086066
11,18|7|5|4|3|3|2|2,8,176,6349796,silent,6349620
11,18|7|5|3|3|3|3|2,8,6,1768738,silent,1768732
11,18|7|4|4|4|4|2|1,8,149,1801610,silent,1801461
11,18|7|4|4|4|3|3|1,8,67,2092318,silent,2092251
11,18|7|4|4|4|3|2|2,8,113,2452197,silent,2452084
11,18|7|4|4|3|3|3|2,8,8,1658903,silent,1658895
11,18|7|4|3|3|3|3|3,8,0,-1,a0,
11,18|6|6|6|5|1|1|1,8,64,824580,silent,824516
11,18|6|6|6|4|2|1|1,8,240,3152160,silent,3151920
11,18|6|6|6|3|3|1|1,8,160,2328877,silent,2328717
11,18|6|6|6|3|2|2|1,8,240,3023023,silent,3022783
11,18|6|6|6|2|2|2|2,8,90,668934,silent,668844
11,18|6|6|5|5|2|1|1,8,240,2762107,silent,2761867
11,18|6|6|5|4|3|1|1,8,390,5842901,silent,5842511
11,18|6|6|5|4|2|2|1,8,430,6207200,silent,6206770
11,18|6|6|5|3|3|2|1,8,273,6179072,silent,6178799
11,18|6|6|5|3|2|2|2,8,162,3274348,silent,3274186
11,18|6|6|4|4|4|1|1,8,111,1826069,silent,1825958
11,18|6|6|4|4|3|2|1,8,315,5934017,silent,5933702
11,18|6|6|4|4|2|2|2,8,189,2578082,silent,2577893
11,18|6|6|4|3|3|3|1,8,57,2783696,silent,2783639
11,18|6|6|4|3|3|2|2,8,76,3454038,silent,3453962
11,18|6|6|3|3|3|3|2,8,6,900532,silent,900526
11,18|6|5|5|5|3|1|1,8,141,2134077,silent,2133936
11,18|6|5|5|5|2|2|1,8,101,2126747,silent,2126646
11,18|6|5|5|4|4|1|1,8,147,2082051,silent,2081904
11,18|6|5|5|4|3|2|1,8,285,6320053,silent,6319768
11,18|6|5|5|4|2|2|2,8,87,2657492,silent,2657405
11,18|6|5|5|3|3|3|1,8,60,2419620,silent,2419560
11,18|6|5|5|3|3|2|2,8,78,2978723,silent,2978645
11,18|6|5|4|4|4|2|1,8,174,2778565,silent,2778391
11,18|6|5|4|4|3|3|1,8,98,3140556,silent,3140458
11,18|6|5|4|4|3|2|2,8,130,3649185,silent,3649055
11,18|6|5|4|3|3|3|2,8,18,2296729,silent,2296711
11,18|6|5|3|3|3|3|3,8,0,-1,a0,
11,18|6|4|4|4|4|3|1,8,50,766770,silent,766720
11,18|6|4|4|4|4|2|2,8,66,728415,silent,728349
11,18|6|4|4|4|3|3|2,8,15,1059875,silent,1059860
11,18|6|4|4|3|3|3|3,8,0,-1,a0,
11,18|5|5|5|5|4|1|1,8,18,371019,silent,371001
11,18|5|5|5|5|3|2|1,8,32,897613,silent,897581
11,18|5|5|5|5|2|2|2,8,9,350245,silent,350236
11,18|5|5|5|4|4|2|1,8,37,980083,silent,980046
11,18|5|5|5|4|3|3|1,8,33,1039913,silent,1039880
11,18|5|5|5|4|3|2|2,8,24,1190925,silent,1190901
11,18|5|5|5|3|3|3|2,8,8,601777,silent,601769
11,18|5|5|4|4|4|3|1,8,35,641493,silent,641458
11,18|5|5|4|4|4|2|2,8,17,597664,silent,597647
11,18|5|5|4|4|3|3|2,8,19,861668,silent,861649
11,18|5|5|4|3|3|3|3,8,0,-1,a0,
11,18|5|4|4|4|4|4|1,8,16,98024,silent,98008
11,18|5|4|4|4|4|3|2,8,18,287796,silent,287778
11,18|5|4|4|4|3|3|3,8,0,-1,a0,
11,18|4|4|4|4|4|4|2,8,10,22370,silent,22360
11,18|4|4|4|4|4|3|3,8,0,-1,a0,
11,17|17|5|1|1|1|1|1,8,0,-1,a0,
11,17|17|4|2|1|1|1|1,8,0,-1,a0,
11,17|17|3|3|1|1|1|1,8,2,6774,silent,6772
11,17|17|3|2|2|1|1|1,8,2,8945,silent,8943
11,17|17|2|2|2|2|1|1,8,3,2340,silent,2337
11,17|16|6|1|1|1|1|1,8,1,16314,silent,16313
11,17|16|5|2|1|1|1|1,8,7,54622,silent,54615
11,17|16|4|3|1|1|1|1,8,10,61965,silent,61955
11,17|16|4|2|2|1|1|1,8,18,65471,silent,65453
11,17|16|3|3|2|1|1|1,8,18,51035,silent,51017
11,17|16|3|2|2|2|1|1,8,23,32601,silent,32578
11,17|16|2|2|2|2|2|1,8,11,5445,silent,5434
11,17|15|7|1|1|1|1|1,8,3,37791,silent,37788
11,17|15|6|2|1|1|1|1,8,25,157485,silent,157460
11,17|15|5|3|1|1|1|1,8,54,252697,silent,252643
11,17|15|5|2|2|1|1|1,8,78,248279,silent,248201
11,17|15|4|4|1|1|1|1,8,19,132999,silent,132980
11,17|15|4|3|2|1|1|1,8,105,361765,silent,361660
11,17|15|4|2|2|2|1|1,8,100,181064,silent,180964
11,17|15|3|3|3|1|1|1,8,33,100269,silent,100236
11,17|15|3|3|2|2|1|1,8,65,152606,silent,152541
11,17|15|3|2|2|2|2|1,8,57,58131,silent,58074
11,17|15|2|2|2|2|2|2,8,12,5672,silent,5660
11,17|14|8|1|1|1|1|1,8,9,63448,silent,63439
11,17|14|7|2|1|1|1|1,8,62,316708,silent,316646
11,17|14|6|3|1|1|1|1,8,146,655195,silent,655049
11,17|14|6|2|2|1|1|1,8,183,620230,silent,620047
11,17|14|5|4|1|1|1|1,8,132,610918,silent,610786
11,17|14|5|3|2|1|1|1,8,370,1301335,silent,1300965
11,17|14|5|2|2|2|1|1,8,266,596560,silent,596294
11,17|14|4|4|2|1|1|1,8,172,740572,silent,740400
11,17|14|4|3|3|1|1|1,8,163,678703,silent,678540
11,17|14|4|3|2|2|1|1,8,327,955694,silent,955367
11,17|14|4|2|2|2|2|1,8,185,281953,silent,281768
11,17|14|3|3|3|2|1|1,8,79,340804,silent,340725
11,17|14|3|3|2|2|2|1,8,97,245916,silent,245819
11,17|14|3|2|2|2|2|2,8,49,52398,silent,52349
11,17|13|9|1|1|1|1|1,8,10,77451,silent,77441
11,17|13|8|2|1|1|1|1,8,98,465894,silent,465796
11,17|13|7|3|1|1|1|1,8,267,1191500,silent,1191233
11,17|13|7|2|2|1|1|1,8,326,1109735,silent,1109409
11,17|13|6|4|1|1|1|1,8,324,1554390,silent,1554066
11,17|13|6|3|2|1|1|1,8,787,3035535,silent,3034748
11,17|13|6|2|2|2|1|1,8,507,1335760,silent,1335253
11,17|13|5|5|1|1|1|1,8,181,749713,silent,749532
11,17|13|5|4|2|1|1|1,8,747,3118440,silent,3117693
11,17|13|5|3|3|1|1|1,8,506,2287023,silent,2286517
11,17|13|5|3|2|2|1|1,8,904,3115562,silent,3114658
11,17|13|5|2|2|2|2|1,8,388,835483,silent,835095
11,17|13|4|4|3|1|1|1,8,299,1634480,silent,1634181
11,17|13|4|4|2|2|1|1,8,481,1845964,silent,1845483
11,17|13|4|3|3|2|1|1,8,408,2121063,silent,2120655
11,17|13|4|3|2|2|2|1,8,440,1405760,silent,1405320
11,17|13|4|2|2|2|2|2,8,130,229596,silent,229466
11,17|13|3|3|3|3|1|1,8,38,354315,silent,354277
11,17|13|3|3|3|2|2|1,8,73,550163,silent,550090
11,17|13|3|3|2|2|2|2,8,58,203425,silent,203367
11,17|12|10|1|1|1|1|1,8,12,66371,silent,66359
11,17|12|9|2|1|1|1|1,8,109,493315,silent,493206
11,17|12|8|3|1|1|1|1,8,358,1560472,silent,1560114
11,17|12|8|2|2|1|1|1,8,397,1436065,silent,1435668
11,17|12|7|4|1|1|1|1,8,555,2635786,silent,2635231
11,17|12|7|3|2|1|1|1,8,1209,4945573,silent,4944364
11,17|12|7|2|2|2|1|1,8,711,2129656,silent,2128945
11,17|12|6|5|1|1|1|1,8,473,2235384,silent,2234911
11,17|12|6|4|2|1|1|1,8,1551,7204182,silent,7202631
11,17|12|6|3|3|1|1|1,8,988,4907766,silent,4906778
11,17|12|6|3|2|2|1|1,8,1634,6560636,silent,6559002
11,17|12|6|2|2|2|2|1,8,631,1684077,silent,1683446
11,17|12|5|5|2|1|1|1,8,824,3632916,silent,3632092
11,17|12|5|4|3|1|1|1,8,1193,6505669,silent,6504476
11,17|12|5|4|2|2|1|1,8,1578,7107516,silent,7105938
11,17|12|5|3|3|2|1|1,8,1119,6544565,silent,6543446
11,17|12|5|3|2|2|2|1,8,1007,4165037,silent,4164030
11,17|12|5|2|2|2|2|2,8,237,615810,silent,615573
11,17|12|4|4|4|1|1|1,8,219,1501010,silent,1500791
11,17|12|4|4|3|2|1|1,8,774,4874194,silent,4873420
11,17|12|4|4|2|2|2|1,8,593,2536827,silent,2536234
11,17|12|4|3|3|3|1|1,8,201,2104676,silent,2104475
11,17|12|4|3|3|2|2|1,8,412,3154532,silent,3154120
11,17|12|4|3|2|2|2|2,8,249,1069012,silent,1068763
11,17|12|3|3|3|3|2|1,8,27,690431,silent,690404
11,17|12|3|3|3|2|2|2,8,27,438718,silent,438691
11,17|11|11|1|1|1|1|1,8,2,25817,silent,25815
11,17|11|10|2|1|1|1|1,8,73,323387,silent,323314
11,17|11|9|3|1|1|1|1,8,309,1381131,silent,1380822
11,17|11|9|2|2|1|1|1,8,355,1267162,silent,1266807
11,17|11|8|4|1|1|1|1,8,631,3045384,silent,3044753
11,17|11|8|3|2|1|1|1,8,1301,5597739,silent,5596438
11,17|11|8|2|2|2|1|1,8,727,2382169,silent,2381442
11,17|11|7|5|1|1|1|1,8,743,3672102,silent,3671359
11,17|11|7|4|2|1|1|1,8,2219,10825827,silent,10823608
11,17|11|7|3|3|1|1|1,8,1315,7130026,silent,7128711
11,17|11|7|3|2|2|1|1,8,2133,9445566,silent,9443433
11,17|11|7|2|2|2|2|1,8,740,2366422,silent,2365682
11,17|11|6|6|1|1|1|1,8,307,1714931,silent,1714624
11,17|11|6|5|2|1|1|1,8,1895,9754751,silent,9752856
11,17|11|6|4|3|1|1|1,8,2267,13731867,silent,13729600
11,17|11|6|4|2|2|1|1,8,2859,14739149,silent,14736290
11,17|11|6|3|3|2|1|1,8,1916,12608796,silent,12606880
11,17|11|6|3|2|2|2|1,8,1607,7856478,silent,7854871
11,17|11|6|2|2|2|2|2,8,332,1109128,silent,1108796
11,17|11|5|5|3|1|1|1,8,1293,7540026,silent,7538733
11,17|11|5|5|2|2|1|1,8,1417,7656130,silent,7654713
11,17|11|5|4|4|1|1|1,8,895,5935664,silent,5934769
11,17|11|5|4|3|2|1|1,8,2511,17683943,silent,17681432
11,17|11|5|4|2|2|2|1,8,1569,8837379,silent,8835810
11,17|11|5|3|3|3|1|1,8,535,5988755,silent,5988220
11,17|11|5|3|3|2|2|1,8,1001,8827599,silent,8826598
11,17|11|5|3|2|2|2|2,8,481,2859267,silent,2858786
11,17|11|4|4|4|2|1|1,8,588,4506878,silent,4506290
11,17|11|4|4|3|3|1|1,8,428,4854534,silent,4854106
11,17|11|4|4|3|2|2|1,8,814,6760910,silent,6760096
11,17|11|4|4|2|2|2|2,8,311,1781583,silent,1781272
11,17|11|4|3|3|3|2|1,8,173,3760815,silent,3760642
11,17|11|4|3|3|2|2|2,8,176,2302605,silent,2302429
11,17|11|3|3|3|3|3|1,8,5,425877,silent,425872
11,17|11|3|3|3|3|2|2,8,6,563223,silent,563217
11,17|10|10|3|1|1|1|1,8,134,559215,silent,559081
11,17|10|10|2|2|1|1|1,8,128,509126,silent,508998
11,17|10|9|4|1|1|1|1,8,434,2094600,silent,2094166
11,17|10|9|3|2|1|1|1,8,865,3812253,silent,3811388
11,17|10|9|2|2|2|1|1,8,466,1612722,silent,1612256
11,17|10|8|5|1|1|1|1,8,729,3669974,silent,3669245
11,17|10|8|4|2|1|1|1,8,2008,10388932,silent,10386924
11,17|10|8|3|3|1|1|1,8,1209,6739410,silent,6738201
11,17|10|8|3|2|2|1|1,8,1843,8871377,silent,8869534
11,17|10|8|2|2|2|2|1,8,629,2197317,silent,2196688
11,17|10|7|6|1|1|1|1,8,565,3131001,silent,3130436
11,17|10|7|5|2|1|1|1,8,2518,13841104,silent,13838586
11,17|10|7|4|3|1|1|1,8,2794,17951453,silent,17948659
11,17|10|7|4|2|2|1|1,8,3372,19089732,silent,19086360
11,17|10|7|3|3|2|1|1,8,2213,15813057,silent,15810844
11,17|10|7|3|2|2|2|1,8,1756,9738992,silent,9737236
11,17|10|7|2|2|2|2|2,8,335,1341538,silent,1341203
11,17|10|6|6|2|1|1|1,8,1086,6724940,silent,6723854
11,17|10|6|5|3|1|1|1,8,2699,18157551,silent,18154852
11,17|10|6|5|2|2|1|1,8,2905,18109378,silent,18106473
11,17|10|6|4|4|1|1|1,8,1533,11497359,silent,11495826
11,17|10|6|4|3|2|1|1,8,4179,32955501,silent,32951322
11,17|10|6|4|2|2|2|1,8,2486,16133713,silent,16131227
11,17|10|6|3|3|3|1|1,8,869,10271722,silent,10270853
11,17|10|6|3|3|2|2|1,8,1520,14985059,silent,14983539
11,17|10|6|3|2|2|2|2,8,692,4749839,silent,4749147
11,17|10|5|5|4|1|1|1,8,1145,7999197,silent,7998052
11,17|10|5|5|3|2|1|1,8,2307,18718130,silent,18715823
11,17|10|5|5|2|2|2|1,8,1134,8591226,silent,8590092
11,17|10|5|4|4|2|1|1,8,1856,16023499,silent,16021643
11,17|10|5|4|3|3|1|1,8,1342,16024401,silent,16023059
11,17|10|5|4|3|2|2|1,8,2160,21941283,silent,21939123
11,17|10|5|4|2|2|2|2,8,684,5526088,silent,5525404
11,17|10|5|3|3|3|2|1,8,446,9594843,silent,9594397
11,17|10|5|3|3|2|2|2,8,373,5754561,silent,5754188
11,17|10|4|4|4|3|1|1,8,451,5292415,silent,5291964
11,17|10|4|4|4|2|2|1,8,624,5925160,silent,5924536
11,17|10|4|4|3|3|2|1,8,424,8006317,silent,8005893
11,17|10|4|4|3|2|2|2,8,361,4512263,silent,4511902
11,17|10|4|3|3|3|3|1,8,27,2136031,silent,2136004
11,17|10|4|3|3|3|2|2,8,49,2767183,silent,2767134
11,17|10|3|3|3|3|3|2,8,1,417593,silent,417592
11,17|9|9|5|1|1|1|1,8,298,1559020,silent,1558722
11,17|9|9|4|2|1|1|1,8,850,4353385,silent,4352535
11,17|9|9|3|3|1|1|1,8,473,2800746,silent,2800273
11,17|9|9|3|2|2|1|1,8,760,3686003,silent,3685243
11,17|9|9|2|2|2|2|1,8,233,906231,silent,905998
11,17|9|8|6|1|1|1|1,8,453,2579695,silent,2579242
11,17|9|8|5|2|1|1|1,8,1823,10505305,silent,10503482
11,17|9|8|4|3|1|1|1,8,1965,13181447,silent,13179482
11,17|9|8|4|2|2|1|1,8,2329,13949679,silent,13947350
11,17|9|8|3|3|2|1|1,8,1521,11390957,silent,11389436
11,17|9|8|3|2|2|2|1,8,1171,6974852,silent,6973681
11,17|9|8|2|2|2|2|2,8,216,949784,silent,949568
11,17|9|7|7|1|1|1|1,8,233,1316824,silent,1316591
11,17|9|7|6|2|1|1|1,8,1604,10065152,silent,10063548
11,17|9|7|5|3|1|1|1,8,2960,21341550,silent,21338590
11,17|9|7|5|2|2|1|1,8,3150,21109264,silent,21106114
11,17|9|7|4|4|1|1|1,8,1638,12625156,silent,12623518
11,17|9|7|4|3|2|1|1,8,4188,35492086,silent,35487898
11,17|9|7|4|2|2|2|1,8,2352,17184148,silent,17181796
11,17|9|7|3|3|3|1|1,8,825,10663072,silent,10662247
11,17|9|7|3|3|2|2|1,8,1461,15486511,silent,15485050
11,17|9|7|3|2|2|2|2,8,599,4844067,silent,4843468
11,17|9|6|6|3|1|1|1,8,1394,11162740,silent,11161346
11,17|9|6|6|2|2|1|1,8,1478,10773714,silent,10772236
11,17|9|6|5|4|1|1|1,8,2084,17086834,silent,17084750
11,17|9|6|5|3|2|1|1,8,4216,38510389,silent,38506173
11,17|9|6|5|2|2|2|1,8,2086,17331878,silent,17329792
11,17|9|6|4|4|2|1|1,8,2766,26596635,silent,26593869
11,17|9|6|4|3|3|1|1,8,1977,25767641,silent,25765664
11,17|9|6|4|3|2|2|1,8,3095,34952500,silent,34949405
11,17|9|6|4|2|2|2|2,8,925,8614338,silent,8613413
11,17|9|6|3|3|3|2|1,8,624,14084929,silent,14084305
11,17|9|6|3|3|2|2|2,8,500,8354714,silent,8354214
11,17|9|5|5|5|1|1|1,8,472,3733847,silent,3733375
11,17|9|5|5|4|2|1|1,8,1939,19281416,silent,19279477
11,17|9|5|5|3|3|1|1,8,1180,15488682,silent,15487502
11,17|9|5|5|3|2|2|1,8,1622,20528581,silent,20526959
11,17|9|5|5|2|2|2|2,8,385,4716003,silent,4715618
11,17|9|5|4|4|3|1|1,8,1314,16739515,silent,16738201
11,17|9|5|4|4|2|2|1,8,1524,18410433,silent,18408909
11,17|9|5|4|3|3|2|1,8,1136,23152302,silent,23151166
11,17|9|5|4|3|2|2|2,8,774,12774608,silent,12773834
11,17|9|5|3|3|3|3|1,8,74,4808349,silent,4808275
11,17|9|5|3|3|3|2|2,8,131,6180028,silent,6179897
11,17|9|4|4|4|4|1|1,8,208,2397894,silent,2397686
11,17|9|4|4|4|3|2|1,8,498,8138034,silent,8137536
11,17|9|4|4|4|2|2|2,8,273,3608109,silent,3607836
11,17|9|4|4|3|3|3|1,8,76,4218246,silent,4218170
11,17|9|4|4|3|3|2|2,8,149,5287975,silent,5287826
11,17|9|4|3|3|3|3|2,8,4,1856244,silent,1856240
11,17|9|3|3|3|3|3|3,8,0,-1,a0,
11,17|8|8|7|1|1|1|1,8,138,800072,silent,799934
11,17|8|8|6|2|1|1|1,8,729,4906068,silent,4905339
11,17|8|8|5|3|1|1|1,8,1309,9720325,silent,9719016
11,17|8|8|5|2|2|1|1,8,1340,9566830,silent,9565490
11,17|8|8|4|4|1|1|1,8,666,5607969,silent,5607303
11,17|8|8|4|3|2|1|1,8,1775,15650631,silent,15648856
11,17|8|8|4|2|2|2|1,8,1012,7544461,silent,7543449
11,17|8|8|3|3|3|1|1,8,376,4641233,silent,4640857
11,17|8|8|3|3|2|2|1,8,602,6714843,silent,6714241
11,17|8|8|3|2|2|2|2,8,268,2094480,silent,2094212
11,17|8|7|7|2|1|1|1,8,487,3178229,silent,3177742
11,17|8|7|6|3|1|1|1,8,1510,12459599,silent,12458089
11,17|8|7|6|2|2|1|1,8,1549,11936715,silent,11935166
11,17|8|7|5|4|1|1|1,8,1769,15281942,silent,15280173
11,17|8|7|5|3|2|1|1,8,3474,33854977,silent,33851503
11,17|8|7|5|2|2|2|1,8,1670,15088441,silent,15086771
11,17|8|7|4|4|2|1|1,8,2145,21923723,silent,21921578
11,17|8|7|4|3|3|1|1,8,1521,20935417,silent,20933896
11,17|8|7|4|3|2|2|1,8,2318,28267521,silent,28265203
11,17|8|7|4|2|2|2|2,8,663,6888816,silent,6888153
11,17|8|7|3|3|3|2|1,8,470,11020657,silent,11020187
11,17|8|7|3|3|2|2|2,8,363,6499897,silent,6499534
11,17|8|6|6|4|1|1|1,8,925,9321004,silent,9320079
11,17|8|6|6|3|2|1|1,8,1845,19372489,silent,19370644
11,17|8|6|6|2|2|2|1,8,922,8402585,silent,8401663
11,17|8|6|5|5|1|1|1,8,758,7024363,silent,7023605
11,17|8|6|5|4|2|1|1,8,2981,33323511,silent,33320530
11,17|8|6|5|3|3|1|1,8,1816,25988978,silent,25987162
11,17|8|6|5|3|2|2|1,8,2524,34129740,silent,34127216
11,17|8|6|5|2|2|2|2,8,635,7695335,silent,7694700
11,17|8|6|4|4|3|1|1,8,1597,22737767,silent,22736170
11,17|8|6|4|4|2|2|1,8,1882,24799070,silent,24797188
11,17|8|6|4|3|3|2|1,8,1378,30248443,silent,30247065
11,17|8|6|4|3|2|2|2,8,926,16516984,silent,16516058
11,17|8|6|3|3|3|3|1,8,95,5777319,silent,5777224
11,17|8|6|3|3|3|2|2,8,141,7376655,silent,7376514
11,17|8|5|5|5|2|1|1,8,673,7965446,silent,7964773
11,17|8|5|5|4|3|1|1,8,1224,17737195,silent,17735971
11,17|8|5|5|4|2|2|1,8,1201,18883278,silent,18882077
11,17|8|5|5|3|3|2|1,8,846,19121365,silent,19120519
11,17|8|5|5|3|2|2|2,8,452,10149284,silent,10148832
11,17|8|5|4|4|4|1|1,8,486,6652572,silent,6652086
11,17|8|5|4|4|3|2|1,8,1118,21722770,silent,21721652
11,17|8|5|4|4|2|2|2,8,516,9429191,silent,9428675
11,17|8|5|4|3|3|3|1,8,217,10378289,silent,10378072
11,17|8|5|4|3|3|2|2,8,330,12903395,silent,12903065
11,17|8|5|3|3|3|3|2,8,17,3537190,silent,3537173
11,17|8|4|4|4|4|2|1,8,254,3544584,silent,3544330
11,17|8|4|4|4|3|3|1,8,125,4095687,silent,4095562
11,17|8|4|4|4|3|2|2,8,197,4782582,silent,4782385
11,17|8|4|4|3|3|3|2,8,18,3204727,silent,3204709
11,17|8|4|3|3|3|3|3,8,0,-1,a0,
11,17|7|7|7|3|1|1|1,8,273,2295234,silent,2294961
11,17|7|7|7|2|2|1|1,8,274,2172946,silent,2172672
11,17|7|7|6|4|1|1|1,8,631,6027017,silent,6026386
11,17|7|7|6|3|2|1|1,8,1133,12343957,silent,12342824
11,17|7|7|6|2|2|2|1,8,511,5308477,silent,5307966
11,17|7|7|5|5|1|1|1,8,366,3762236,silent,3761870
11,17|7|7|5|4|2|1|1,8,1494,17336129,silent,17334635
11,17|7|7|5|3|3|1|1,8,862,13349262,silent,13348400
11,17|7|7|5|3|2|2|1,8,1213,17476627,silent,17475414
11,17|7|7|5|2|2|2|2,8,265,3897631,silent,3897366
11,17|7|7|4|4|3|1|1,8,773,11047685,silent,11046912
11,17|7|7|4|4|2|2|1,8,822,11993936,silent,11993114
11,17|7|7|4|3|3|2|1,8,635,14462655,silent,14462020
11,17|7|7|4|3|2|2|2,8,398,7857215,silent,7856817
11,17|7|7|3|3|3|3|1,8,37,2676753,silent,2676716
11,17|7|7|3|3|3|2|2,8,78,3419536,silent,3419458
11,17|7|6|6|5|1|1|1,8,302,3590184,silent,3589882
11,17|7|6|6|4|2|1|1,8,1046,13391766,silent,13390720
11,17|7|6|6|3|3|1|1,8,606,9758468,silent,9757862
11,17|7|6|6|3|2|2|1,8,873,12617336,silent,12616463
11,17|7|6|6|2|2|2|2,8,222,2740810,silent,2740588
11,17|7|6|5|5|2|1|1,8,818,10861332,silent,10860514
11,17|7|6|5|4|3|1|1,8,1403,22472791,silent,22471388
11,17|7|6|5|4|2|2|1,8,1459,23743156,silent,23741697
11,17|7|6|5|3|3|2|1,8,974,23376191,silent,23375217
11,17|7|6|5|3|2|2|2,8,553,12295656,silent,12295103
11,17|7|6|4|4|4|1|1,8,449,6752866,silent,6752417
11,17|7|6|4|4|3|2|1,8,1036,21681838,silent,21680802
11,17|7|6|4|4|2|2|2,8,472,9323467,silent,9322995
11,17|7|6|4|3|3|3|1,8,200,10023179,silent,10022979
11,17|7|6|4|3|3|2|2,8,302,12402241,silent,12401939
11,17|7|6|3|3|3|3|2,8,15,3142004,silent,3141989
11,17|7|5|5|5|3|1|1,8,371,6428886,silent,6428515
11,17|7|5|5|5|2|2|1,8,304,6373588,silent,6373284
11,17|7|5|5|4|4|1|1,8,378,6152254,silent,6151876
11,17|7|5|5|4|3|2|1,8,775,18508111,silent,18507336
11,17|7|5|5|4|2|2|2,8,268,7730598,silent,7730330
11,17|7|5|5|3|3|3|1,8,159,6986272,silent,6986113
11,17|7|5|5|3|3|2|2,8,202,8556218,silent,8556016
11,17|7|5|4|4|4|2|1,8,422,7805532,silent,7805110
11,17|7|5|4|4|3|3|1,8,260,8759080,silent,8758820
11,17|7|5|4|4|3|2|2,8,313,10128767,silent,10128454
11,17|7|5|4|3|3|3|2,8,54,6284442,silent,6284388
11,17|7|5|3|3|3|3|3,8,0,-1,a0,
11,17|7|4|4|4|4|3|1,8,110,1948328,silent,1948218
11,17|7|4|4|4|4|2|2,8,104,1832760,silent,1832656
11,17|7|4|4|4|3|3|2,8,45,2661930,silent,2661885
11,17|7|4|4|3|3|3|3,8,0,-1,a0,
11,17|6|6|6|6|1|1|1,8,14,390127,silent,390113
11,17|6|6|6|5|2|1|1,8,199,3098665,silent,3098466
11,17|6|6|6|4|3|1|1,8,272,5138591,silent,5138319
11,17|6|6|6|4|2|2|1,8,342,5357855,silent,5357513
11,17|6|6|6|3|3|2|1,8,192,4944083,silent,4943891
11,17|6|6|6|3|2|2|2,8,132,2560580,silent,2560448
11,17|6|6|5|5|3|1|1,8,276,4868181,silent,4867905
11,17|6|6|5|5|2|2|1,8,229,4789224,silent,4788995
11,17|6|6|5|4|4|1|1,8,237,4392248,silent,4392011
11,17|6|6|5|4|3|2|1,8,538,13044600,silent,13044062
11,17|6|6|5|4|2|2|2,8,224,5414111,silent,5413887
11,17|6|6|5|3|3|3|1,8,105,4790892,silent,4790787
11,17|6|6|5|3|3|2|2,8,123,5833495,silent,5833372
11,17|6|6|4|4|4|2|1,8,238,4492887,silent,4492649
11,17|6|6|4|4|3|3|1,8,128,4978150,silent,4978022
11,17|6|6|4|4|3|2|2,8,186,5742745,silent,5742559
11,17|6|6|4|3|3|3|2,8,25,3460053,silent,3460028
11,17|6|6|3|3|3|3|3,8,1,450489,silent,450488
11,17|6|5|5|5|4|1|1,8,105,2062942,silent,2062837
11,17|6|5|5|5|3|2|1,8,164,4907847,silent,4907683
11,17|6|5|5|5|2|2|2,8,35,1890227,silent,1890192
11,17|6|5|5|4|4|2|1,8,197,5177691,silent,5177494
11,17|6|5|5|4|3|3|1,8,147,5428577,silent,5428430
11,17|6|5|5|4|3|2|2,8,137,6181528,silent,6181391
11,17|6|5|5|3|3|3|2,8,35,3048319,silent,3048284
11,17|6|5|4|4|4|3|1,8,129,3066898,silent,3066769
11,17|6|5|4|4|4|2|2,8,113,2855456,silent,2855343
11,17|6|5|4|4|3|3|2,8,63,4045326,silent,4045263
11,17|6|5|4|3|3|3|3,8,2,1180474,silent,1180472
11,17|6|4|4|4|4|4|1,8,39,360435,silent,360396
11,17|6|4|4|4|4|3|2,8,48,1046659,silent,1046611
11,17|6|4|4|4|3|3|3,8,1,572094,silent,572093
11,17|5|5|5|5|5|1|1,8,5,165508,silent,165503
11,17|5|5|5|5|4|2|1,8,25,957933,silent,957908
11,17|5|5|5|5|3|3|1,8,18,812850,silent,812832
11,17|5|5|5|5|3|2|2,8,14,901577,silent,901563
11,17|5|5|5|4|4|3|1,8,32,1114974,silent,1114942
11,17|5|5|5|4|4|2|2,8,13,1019234,silent,1019221
11,17|5|5|5|4|3|3|2,8,21,1361322,silent,1361301
11,17|5|5|5|3|3|3|3,8,1,313665,silent,313664
11,17|5|5|4|4|4|4|1,8,17,306812,silent,306795
11,17|5|5|4|4|4|3|2,8,25,880087,silent,880062
11,17|5|5|4|4|3|3|3,8,5,470468,silent,470463
11,17|5|4|4|4|4|4|2,8,18,151122,silent,151104
11,17|5|4|4|4|4|3|3,8,5,173106,silent,173101
11,17|4|4|4|4|4|4|3,8,5,17428,silent,17423
11,16|16|7|1|1|1|1|1,8,1,13669,silent,13668
11,16|16|6|2|1|1|1|1,8,11,56734,silent,56723
11,16|16|5|3|1|1|1|1,8,18,90303,silent,90285
11,16|16|5|2|2|1|1|1,8,28,88584,silent,88556
11,16|16|4|4|1|1|1|1,8,12,47923,silent,47911
11,16|16|4|3|2|1|1|1,8,38,129090,silent,129052
11,16|16|4|2|2|2|1|1,8,30,64046,silent,64016
11,16|16|3|3|3|1|1|1,8,9,35684,silent,35675
11,16|16|3|3|2|2|1|1,8,29,54682,silent,54653
11,16|16|3|2|2|2|2|1,8,19,20712,silent,20693
11,16|16|2|2|2|2|2|2,8,9,2192,silent,2183
11,16|15|8|1|1|1|1|1,8,4,36036,silent,36032
11,16|15|7|2|1|1|1|1,8,35,178941,silent,178906
11,16|15|6|3|1|1|1|1,8,83,368787,silent,368704
11,16|15|6|2|2|1|1|1,8,106,349044,silent,348938
11,16|15|5|4|1|1|1|1,8,75,343141,silent,343066
11,16|15|5|3|2|1|1|1,8,213,730293,silent,730080
11,16|15|5|2|2|2|1|1,8,151,334569,silent,334418
11,16|15|4|4|2|1|1|1,8,99,415146,silent,415047
11,16|15|4|3|3|1|1|1,8,93,380089,silent,379996
11,16|15|4|3|2|2|1|1,8,186,534994,silent,534808
11,16|15|4|2|2|2|2|1,8,103,157568,silent,157465
11,16|15|3|3|3|2|1|1,8,45,190485,silent,190440
11,16|15|3|3|2|2|2|1,8,54,137338,silent,137284
11,16|15|3|2|2|2|2|2,8,26,29162,silent,29136
11,16|14|9|1|1|1|1|1,8,9,57514,silent,57505
11,16|14|8|2|1|1|1|1,8,79,339608,silent,339529
11,16|14|7|3|1|1|1|1,8,197,858499,silent,858302
11,16|14|7|2|2|1|1|1,8,238,798054,silent,797816
11,16|14|6|4|1|1|1|1,8,253,1114235,silent,1113982
11,16|14|6|3|2|1|1|1,8,575,2170063,silent,2169488
11,16|14|6|2|2|2|1|1,8,349,952150,silent,951801
11,16|14|5|5|1|1|1|1,8,124,534893,silent,534769
11,16|14|5|4|2|1|1|1,8,542,2221557,silent,2221015
11,16|14|5|3|3|1|1|1,8,367,1627881,silent,1627514
11,16|14|5|3|2|2|1|1,8,656,2215489,silent,2214833
11,16|14|5|2|2|2|2|1,8,275,593074,silent,592799
11,16|14|4|4|3|1|1|1,8,229,1161681,silent,1161452
11,16|14|4|4|2|2|1|1,8,324,1308532,silent,1308208
11,16|14|4|3|3|2|1|1,8,302,1504704,silent,1504402
11,16|14|4|3|2|2|2|1,8,311,995321,silent,995010
11,16|14|4|2|2|2|2|2,8,103,163040,silent,162937
11,16|14|3|3|3|3|1|1,8,22,250367,silent,250345
11,16|14|3|3|3|2|2|1,8,55,388862,silent,388807
11,16|14|3|3|2|2|2|2,8,33,142990,silent,142957
11,16|13|10|1|1|1|1|1,8,11,62521,silent,62510
11,16|13|9|2|1|1|1|1,8,100,443497,silent,443397
11,16|13|8|3|1|1|1|1,8,321,1365339,silent,1365018
11,16|13|8|2|2|1|1|1,8,359,1255719,silent,1255360
11,16|13|7|4|1|1|1|1,8,492,2271000,silent,2270508
11,16|13|7|3|2|1|1|1,8,1064,4252840,silent,4251776
11,16|13|7|2|2|2|1|1,8,619,1828600,silent,1827981
11,16|13|6|5|1|1|1|1,8,413,1910594,silent,1910181
11,16|13|6|4|2|1|1|1,8,1354,6138625,silent,6137271
11,16|13|6|3|3|1|1|1,8,854,4174632,silent,4173778
11,16|13|6|3|2|2|1|1,8,1403,5575600,silent,5574197
11,16|13|6|2|2|2|2|1,8,523,1427323,silent,1426800
11,16|13|5|5|2|1|1|1,8,709,3082391,silent,3081682
11,16|13|5|4|3|1|1|1,8,1028,5505338,silent,5504310
11,16|13|5|4|2|2|1|1,8,1349,6008672,silent,6007323
11,16|13|5|3|3|2|1|1,8,954,5523615,silent,5522661
11,16|13|5|3|2|2|2|1,8,840,3509257,silent,3508417
11,16|13|5|2|2|2|2|2,8,187,516627,silent,516440
11,16|13|4|4|4|1|1|1,8,193,1265986,silent,1265793
11,16|13|4|4|3|2|1|1,8,661,4103091,silent,4102430
11,16|13|4|4|2|2|2|1,8,493,2131386,silent,2130893
11,16|13|4|3|3|3|1|1,8,173,1767862,silent,1767689
11,16|13|4|3|3|2|2|1,8,350,2646937,silent,2646587
11,16|13|4|3|2|2|2|2,8,201,894305,silent,894104
11,16|13|3|3|3|3|2|1,8,24,577517,silent,577493
11,16|13|3|3|3|2|2|2,8,25,366404,silent,366379
11,16|12|11|1|1|1|1|1,8,7,41330,silent,41323
11,16|12|10|2|1|1|1|1,8,97,391316,silent,391219
11,16|12|9|3|1|1|1|1,8,353,1509042,silent,1508689
11,16|12|9|2|2|1|1|1,8,386,1380032,silent,1379646
11,16|12|8|4|1|1|1|1,8,692,3169437,silent,3168745
11,16|12|8|3|2|1|1|1,8,1372,5804135,silent,5802763
11,16|12|8|2|2|2|1|1,8,725,2461574,silent,2460849
11,16|12|7|5|1|1|1|1,8,766,3726781,silent,3726015
11,16|12|7|4|2|1|1|1,8,2270,10932766,silent,10930496
11,16|12|7|3|3|1|1|1,8,1352,7186772,silent,7185420
11,16|12|7|3|2|2|1|1,8,2147,9503728,silent,9501581
11,16|12|7|2|2|2|2|1,8,724,2374074,silent,2373350
11,16|12|6|6|1|1|1|1,8,336,1723294,silent,1722958
11,16|12|6|5|2|1|1|1,8,1911,9722781,silent,9720870
11,16|12|6|4|3|1|1|1,8,2305,13635964,silent,13633659
11,16|12|6|4|2|2|1|1,8,2791,14609440,silent,14606649
11,16|12|6|3|3|2|1|1,8,1931,12477426,silent,12475495
11,16|12|6|3|2|2|2|1,8,1558,7756190,silent,7754632
11,16|12|6|2|2|2|2|2,8,334,1092590,silent,1092256
11,16|12|5|5|3|1|1|1,8,1273,7437178,silent,7435905
11,16|12|5|5|2|2|1|1,8,1416,7542502,silent,7541086
11,16|12|5|4|4|1|1|1,8,883,5837501,silent,5836618
11,16|12|5|4|3|2|1|1,8,2476,17353612,silent,17351136
11,16|12|5|4|2|2|2|1,8,1511,8653620,silent,8652109
11,16|12|5|3|3|3|1|1,8,532,5861307,silent,5860775
11,16|12|5|3|3|2|2|1,8,978,8626004,silent,8625026
11,16|12|5|3|2|2|2|2,8,446,2785231,silent,2784785
11,16|12|4|4|4|2|1|1,8,554,4397104,silent,4396550
11,16|12|4|4|3|3|1|1,8,447,4732872,silent,4732425
11,16|12|4|4|3|2|2|1,8,776,6578971,silent,6578195
11,16|12|4|4|2|2|2|2,8,315,1730397,silent,1730082
11,16|12|4|3|3|3|2|1,8,175,3649881,silent,3649706
11,16|12|4|3|3|2|2|2,8,158,2227774,silent,2227616
11,16|12|3|3|3|3|3|1,8,4,411127,silent,411123
11,16|12|3|3|3|3|2|2,8,10,543160,silent,543150
11,16|11|11|2|1|1|1|1,8,33,156173,silent,156140
11,16|11|10|3|1|1|1|1,8,237,1011693,silent,1011456
11,16|11|10|2|2|1|1|1,8,252,922181,silent,921929
11,16|11|9|4|1|1|1|1,8,609,2905792,silent,2905183
11,16|11|9|3|2|1|1|1,8,1213,5268728,silent,5267515
11,16|11|9|2|2|2|1|1,8,648,2223083,silent,2222435
11,16|11|8|5|1|1|1|1,8,930,4622585,silent,4621655
11,16|11|8|4|2|1|1|1,8,2556,13001991,silent,12999435
11,16|11|8|3|3|1|1|1,8,1505,8404784,silent,8403279
11,16|11|8|3|2|2|1|1,8,2288,11047702,silent,11045414
11,16|11|8|2|2|2|2|1,8,738,2723719,silent,2722981
11,16|11|7|6|1|1|1|1,8,697,3786145,silent,3785448
11,16|11|7|5|2|1|1|1,8,3037,16559044,silent,16556007
11,16|11|7|4|3|1|1|1,8,3346,21353240,silent,21349894
11,16|11|7|4|2|2|1|1,8,3986,22668741,silent,22664755
11,16|11|7|3|3|2|1|1,8,2606,18716532,silent,18713926
11,16|11|7|3|2|2|2|1,8,2001,11496184,silent,11494183
11,16|11|7|2|2|2|2|2,8,352,1573720,silent,1573368
11,16|11|6|6|2|1|1|1,8,1302,7899981,silent,7898679
11,16|11|6|5|3|1|1|1,8,3144,21119286,silent,21116142
11,16|11|6|5|2|2|1|1,8,3348,21027712,silent,21024364
11,16|11|6|4|4|1|1|1,8,1802,13317353,silent,13315551
11,16|11|6|4|3|2|1|1,8,4806,38050945,silent,38046139
11,16|11|6|4|2|2|2|1,8,2762,18576349,silent,18573587
11,16|11|6|3|3|3|1|1,8,1002,11811389,silent,11810387
11,16|11|6|3|3|2|2|1,8,1729,17204914,silent,17203185
11,16|11|6|3|2|2|2|2,8,740,5430948,silent,5430208
11,16|11|5|5|4|1|1|1,8,1297,9164573,silent,9163276
11,16|11|5|5|3|2|1|1,8,2606,21381021,silent,21378415
11,16|11|5|5|2|2|2|1,8,1260,9787862,silent,9786602
11,16|11|5|4|4|2|1|1,8,2100,18227724,silent,18225624
11,16|11|5|4|3|3|1|1,8,1522,18187250,silent,18185728
11,16|11|5|4|3|2|2|1,8,2401,24860695,silent,24858294
11,16|11|5|4|2|2|2|2,8,719,6235932,silent,6235213
11,16|11|5|3|3|3|2|1,8,518,10830118,silent,10829600
11,16|11|5|3|3|2|2|2,8,417,6478517,silent,6478100
11,16|11|4|4|4|3|1|1,8,508,5958839,silent,5958331
11,16|11|4|4|4|2|2|1,8,673,6657980,silent,6657307
11,16|11|4|4|3|3|2|1,8,478,8978892,silent,8978414
11,16|11|4|4|3|2|2|2,8,381,5044892,silent,5044511
11,16|11|4|3|3|3|3|1,8,34,2383985,silent,2383951
11,16|11|4|3|3|3|2|2,8,60,3083333,silent,3083273
11,16|11|3|3|3|3|3|2,8,1,461465,silent,461464
11,16|10|10|4|1|1|1|1,8,268,1194488,silent,1194220
11,16|10|10|3|2|1|1|1,8,476,2149581,silent,2149105
11,16|10|10|2|2|2|1|1,8,228,901116,silent,900888
11,16|10|9|5|1|1|1|1,8,647,3291404,silent,3290757
11,16|10|9|4|2|1|1|1,8,1739,9083276,silent,9081537
11,16|10|9|3|3|1|1|1,8,1011,5823312,silent,5822301
11,16|10|9|3|2|2|1|1,8,1511,7632795,silent,7631284
11,16|10|9|2|2|2|2|1,8,468,1868774,silent,1868306
11,16|10|8|6|1|1|1|1,8,775,4218035,silent,4217260
11,16|10|8|5|2|1|1|1,8,2912,16877137,silent,16874225
11,16|10|8|4|3|1|1|1,8,3145,20995045,silent,20991900
11,16|10|8|4|2|2|1|1,8,3563,22154570,silent,22151007
11,16|10|8|3|3|2|1|1,8,2400,18017373,silent,18014973
11,16|10|8|3|2|2|2|1,8,1764,10991491,silent,10989727
11,16|10|8|2|2|2|2|2,8,337,1489951,silent,1489614
11,16|10|7|7|1|1|1|1,8,346,1997062,silent,1996716
11,16|10|7|6|2|1|1|1,8,2349,14828306,silent,14825957
11,16|10|7|5|3|1|1|1,8,4265,30964365,silent,30960100
11,16|10|7|5|2|2|1|1,8,4454,30546507,silent,30542053
11,16|10|7|4|4|1|1|1,8,2324,18189586,silent,18187262
11,16|10|7|4|3|2|1|1,8,5909,50927024,silent,50921115
11,16|10|7|4|2|2|2|1,8,3225,24573010,silent,24569785
11,16|10|7|3|3|3|1|1,8,1198,15216921,silent,15215723
11,16|10|7|3|3|2|2|1,8,2022,22045468,silent,22043446
11,16|10|7|3|2|2|2|2,8,798,6866824,silent,6866026
11,16|10|6|6|3|1|1|1,8,1977,15647115,silent,15645138
11,16|10|6|6|2|2|1|1,8,1983,15060387,silent,15058404
11,16|10|6|5|4|1|1|1,8,2844,23627872,silent,23625028
11,16|10|6|5|3|2|1|1,8,5711,53033287,silent,53027576
11,16|10|6|5|2|2|2|1,8,2744,23785936,silent,23783192
11,16|10|6|4|4|2|1|1,8,3651,36377191,silent,36373540
11,16|10|6|4|3|3|1|1,8,2716,35145853,silent,35143137
11,16|10|6|4|3|2|2|1,8,4063,47565814,silent,47561751
11,16|10|6|4|2|2|2|2,8,1210,11674475,silent,11673265
11,16|10|6|3|3|3|2|1,8,855,19061005,silent,19060150
11,16|10|6|3|3|2|2|2,8,625,11265884,silent,11265259
11,16|10|5|5|5|1|1|1,8,621,5048690,silent,5048069
11,16|10|5|5|4|2|1|1,8,2555,25895503,silent,25892948
11,16|10|5|5|3|3|1|1,8,1541,20739224,silent,20737683
11,16|10|5|5|3|2|2|1,8,2113,27429207,silent,27427094
11,16|10|5|5|2|2|2|2,8,469,6272719,silent,6272250
11,16|10|5|4|4|3|1|1,8,1698,22265538,silent,22263840
11,16|10|5|4|4|2|2|1,8,1944,24438848,silent,24436904
11,16|10|5|4|3|3|2|1,8,1486,30641232,silent,30639746
11,16|10|5|4|3|2|2|2,8,971,16851472,silent,16850501
11,16|10|5|3|3|3|3|1,8,107,6322734,silent,6322627
11,16|10|5|3|3|3|2|2,8,176,8105644,silent,8105468
11,16|10|4|4|4|4|1|1,8,239,3140992,silent,3140753
11,16|10|4|4|4|3|2|1,8,620,10630315,silent,10629695
11,16|10|4|4|4|2|2|2,8,354,4700045,silent,4699691
11,16|10|4|4|3|3|3|1,8,113,5488846,silent,5488733
11,16|10|4|4|3|3|2|2,8,175,6862693,silent,6862518
11,16|10|4|3|3|3|3|2,8,10,2394304,silent,2394294
11,16|10|3|3|3|3|3|3,8,0,-1,a0,
11,16|9|9|6|1|1|1|1,8,323,1867057,silent,1866734
11,16|9|9|5|2|1|1|1,8,1245,7251649,silent,7250404
11,16|9|9|4|3|1|1|1,8,1291,8888071,silent,8886780
11,16|9|9|4|2|2|1|1,8,1525,9369622,silent,9368097
11,16|9|9|3|3|2|1|1,8,948,7557279,silent,7556331
11,16|9|9|3|2|2|2|1,8,691,4598605,silent,4597914
11,16|9|9|2|2|2|2|2,8,94,615063,silent,614969
11,16|9|8|7|1|1|1|1,8,364,2122250,silent,2121886
11,16|9|8|6|2|1|1|1,8,1877,12393154,silent,12391277
11,16|9|8|5|3|1|1|1,8,3154,23920296,silent,23917142
11,16|9|8|5|2|2|1|1,8,3218,23480539,silent,23477321
11,16|9|8|4|4|1|1|1,8,1657,13661592,silent,13659935
11,16|9|8|4|3|2|1|1,8,4185,37876480,silent,37872295
11,16|9|8|4|2|2|2|1,8,2232,18169333,silent,18167101
11,16|9|8|3|3|3|1|1,8,853,11124837,silent,11123984
11,16|9|8|3|3|2|2|1,8,1397,16068024,silent,16066627
11,16|9|8|3|2|2|2|2,8,542,4974016,silent,4973474
11,16|9|7|7|2|1|1|1,8,972,6434165,silent,6433193
11,16|9|7|6|3|1|1|1,8,2885,24033042,silent,24030157
11,16|9|7|6|2|2|1|1,8,2896,22953027,silent,22950131
11,16|9|7|5|4|1|1|1,8,3262,28815875,silent,28812613
11,16|9|7|5|3|2|1|1,8,6304,63455347,silent,63449043
11,16|9|7|5|2|2|2|1,8,2917,28152219,silent,28149302
11,16|9|7|4|4|2|1|1,8,3872,40657450,silent,40653578
11,16|9|7|4|3|3|1|1,8,2743,38640538,silent,38637795
11,16|9|7|4|3|2|2|1,8,4061,52038236,silent,52034175
11,16|9|7|4|2|2|2|2,8,1064,12600845,silent,12599781
11,16|9|7|3|3|3|2|1,8,866,20115682,silent,20114816
11,16|9|7|3|3|2|2|2,8,639,11820215,silent,11819576
11,16|9|6|6|4|1|1|1,8,1637,16308211,silent,16306574
11,16|9|6|6|3|2|1|1,8,3128,33689349,silent,33686221
11,16|9|6|6|2|2|2|1,8,1473,14543385,silent,14541912
11,16|9|6|5|5|1|1|1,8,1244,12058779,silent,12057535
11,16|9|6|5|4|2|1|1,8,4891,56656614,silent,56651723
11,16|9|6|5|3|3|1|1,8,2979,43983786,silent,43980807
11,16|9|6|5|3|2|2|1,8,4060,57614949,silent,57610889
11,16|9|6|5|2|2|2|2,8,956,12910500,silent,12909544
11,16|9|6|4|4|3|1|1,8,2603,38080960,silent,38078357
11,16|9|6|4|4|2|2|1,8,2932,41413660,silent,41410728
11,16|9|6|4|3|3|2|1,8,2243,50298112,silent,50295869
11,16|9|6|4|3|2|2|2,8,1410,27352372,silent,27350962
11,16|9|6|3|3|3|3|1,8,162,9510501,silent,9510339
11,16|9|6|3|3|3|2|2,8,246,12119327,silent,12119081
11,16|9|5|5|5|2|1|1,8,1031,12992809,silent,12991778
11,16|9|5|5|4|3|1|1,8,1892,28694729,silent,28692837
11,16|9|5|5|4|2|2|1,8,1857,30470397,silent,30468540
11,16|9|5|5|3|3|2|1,8,1324,30719296,silent,30717972
11,16|9|5|5|3|2|2|2,8,698,16244029,silent,16243331
11,16|9|5|4|4|4|1|1,8,741,10624176,silent,10623435
11,16|9|5|4|4|3|2|1,8,1684,34531047,silent,34529363
11,16|9|5|4|4|2|2|2,8,727,14924843,silent,14924116
11,16|9|5|4|3|3|3|1,8,347,16403147,silent,16402800
11,16|9|5|4|3|3|2|2,8,512,20344423,silent,20343911
11,16|9|5|3|3|3|3|2,8,28,5520731,silent,5520703
11,16|9|4|4|4|4|2|1,8,352,5496185,silent,5495833
11,16|9|4|4|4|3|3|1,8,190,6333118,silent,6332928
11,16|9|4|4|4|3|2|2,8,272,7373025,silent,7372753
11,16|9|4|4|3|3|3|2,8,34,4914880,silent,4914846
11,16|9|4|3|3|3|3|3,8,0,-1,a0,
11,16|8|8|8|1|1|1|1,8,69,363687,silent,363618
11,16|8|8|7|2|1|1|1,8,549,3934793,silent,3934244
11,16|8|8|6|3|1|1|1,8,1380,11864836,silent,11863456
11,16|8|8|6|2|2|1|1,8,1308,11273586,silent,11272278
11,16|8|8|5|4|1|1|1,8,1432,13332595,silent,13331163
11,16|8|8|5|3|2|1|1,8,2805,29131328,silent,29128523
11,16|8|8|5|2|2|2|1,8,1307,12864500,silent,12863193
11,16|8|8|4|4|2|1|1,8,1597,18211886,silent,18210289
11,16|8|8|4|3|3|1|1,8,1227,17216103,silent,17214876
11,16|8|8|4|3|2|2|1,8,1742,23118351,silent,23116609
11,16|8|8|4|2|2|2|2,8,525,5582282,silent,5581757
11,16|8|8|3|3|3|2|1,8,367,8809378,silent,8809011
11,16|8|8|3|3|2|2|2,8,239,5156568,silent,5156329
11,16|8|7|7|3|1|1|1,8,880,7854744,silent,7853864
11,16|8|7|7|2|2|1|1,8,874,7391192,silent,7390318
11,16|8|7|6|4|1|1|1,8,1839,18765782,silent,18763943
11,16|8|7|6|3|2|1|1,8,3335,38103758,silent,38100423
11,16|8|7|6|2|2|2|1,8,1487,16287388,silent,16285901
11,16|8|7|5|5|1|1|1,8,1082,11325119,silent,11324037
11,16|8|7|5|4|2|1|1,8,4165,51342154,silent,51337989
11,16|8|7|5|3|3|1|1,8,2482,39287720,silent,39285238
11,16|8|7|5|3|2|2|1,8,3363,51229403,silent,51226040
11,16|8|7|5|2|2|2|2,8,747,11351500,silent,11350753
11,16|8|7|4|4|3|1|1,8,2062,31898261,silent,31896199
11,16|8|7|4|4|2|2|1,8,2245,34524161,silent,34521916
11,16|8|7|4|3|3|2|1,8,1743,41340238,silent,41338495
11,16|8|7|4|3|2|2|2,8,1058,22350498,silent,22349440
11,16|8|7|3|3|3|3|1,8,125,7539712,silent,7539587
11,16|8|7|3|3|3|2|2,8,195,9584526,silent,9584331
11,16|8|6|6|5|1|1|1,8,718,8657122,silent,8656404
11,16|8|6|6|4|2|1|1,8,2331,31793598,silent,31791267
11,16|8|6|6|3|3|1|1,8,1405,23015399,silent,23013994
11,16|8|6|6|3|2|2|1,8,1898,29649441,silent,29647543
11,16|8|6|6|2|2|2|2,8,486,6393092,silent,6392606
11,16|8|6|5|5|2|1|1,8,1795,24915096,silent,24913301
11,16|8|6|5|4|3|1|1,8,2997,50859387,silent,50856390
11,16|8|6|5|4|2|2|1,8,3068,53545828,silent,53542760
11,16|8|6|5|3|3|2|1,8,2081,52365115,silent,52363034
11,16|8|6|5|3|2|2|2,8,1129,27404200,silent,27403071
11,16|8|6|4|4|4|1|1,8,880,14940020,silent,14939140
11,16|8|6|4|4|3|2|1,8,2117,47689254,silent,47687137
11,16|8|6|4|4|2|2|2,8,974,20410714,silent,20409740
11,16|8|6|4|3|3|3|1,8,448,21858808,silent,21858360
11,16|8|6|4|3|3|2|2,8,600,26956349,silent,26955749
11,16|8|6|3|3|3|3|2,8,41,6727944,silent,6727903
11,16|8|5|5|5|3|1|1,8,727,13343935,silent,13343208
11,16|8|5|5|5|2|2|1,8,601,13178966,silent,13178365
11,16|8|5|5|4|4|1|1,8,728,12630265,silent,12629537
11,16|8|5|5|4|3|2|1,8,1489,37769426,silent,37767937
11,16|8|5|5|4|2|2|2,8,509,15699243,silent,15698734
11,16|8|5|5|3|3|3|1,8,307,14136721,silent,14136414
11,16|8|5|5|3|3|2|2,8,391,17253846,silent,17253455
11,16|8|5|4|4|4|2|1,8,762,15579560,silent,15578798
11,16|8|5|4|4|3|3|1,8,477,17401215,silent,17400738
11,16|8|5|4|4|3|2|2,8,572,20064930,silent,20064358
11,16|8|5|4|3|3|3|2,8,106,12340320,silent,12340214
11,16|8|5|3|3|3|3|3,8,1,1687665,silent,1687664
11,16|8|4|4|4|4|3|1,8,170,3700991,silent,3700821
11,16|8|4|4|4|4|2|2,8,185,3472461,silent,3472276
11,16|8|4|4|4|3|3|2,8,72,5018143,silent,5018071
11,16|8|4|4|3|3|3|3,8,2,1571567,silent,1571565
11,16|7|7|7|4|1|1|1,8,360,3630353,silent,3629993
11,16|7|7|7|3|2|1|1,8,578,7131284,silent,7130706
11,16|7|7|7|2|2|2|1,8,230,2995507,silent,2995277
11,16|7|7|6|5|1|1|1,8,482,5817315,silent,5816833
11,16|7|7|6|4|2|1|1,8,1521,20744367,silent,20742846
11,16|7|7|6|3|3|1|1,8,830,14818335,silent,14817505
11,16|7|7|6|3|2|2|1,8,1118,19033164,silent,19032046
11,16|7|7|6|2|2|2|2,8,211,4052438,silent,4052227
11,16|7|7|5|5|2|1|1,8,882,13472015,silent,13471133
11,16|7|7|5|4|3|1|1,8,1511,26756294,silent,26754783
11,16|7|7|5|4|2|2|1,8,1488,28060229,silent,28058741
11,16|7|7|5|3|3|2|1,8,1032,27121995,silent,27120963
11,16|7|7|5|3|2|2|2,8,550,14128251,silent,14127701
11,16|7|7|4|4|4|1|1,8,467,7380397,silent,7379930
11,16|7|7|4|4|3|2|1,8,971,23337514,silent,23336543
11,16|7|7|4|4|2|2|2,8,359,9924296,silent,9923937
11,16|7|7|4|3|3|3|1,8,206,10543414,silent,10543208
11,16|7|7|4|3|3|2|2,8,310,12988843,silent,12988533
11,16|7|7|3|3|3|3|2,8,14,3140336,silent,3140322
11,16|7|6|6|6|1|1|1,8,107,1727921,silent,1727814
11,16|7|6|6|5|2|1|1,8,804,13046538,silent,13045734
11,16|7|6|6|4|3|1|1,8,1092,21154579,silent,21153487
11,16|7|6|6|4|2|2|1,8,1172,21935009,silent,21933837
11,16|7|6|6|3|3|2|1,8,733,20032131,silent,20031398
11,16|7|6|6|3|2|2|2,8,418,10295561,silent,10295143
11,16|7|6|5|5|3|1|1,8,918,18575382,silent,18574464
11,16|7|6|5|5|2|2|1,8,812,18199933,silent,18199121
11,16|7|6|5|4|4|1|1,8,835,16474042,silent,16473207
11,16|7|6|5|4|3|2|1,8,1805,48461952,silent,48460147
11,16|7|6|5|4|2|2|2,8,686,19967936,silent,19967250
11,16|7|6|5|3|3|3|1,8,355,17554413,silent,17554058
11,16|7|6|5|3|3|2|2,8,444,21312586,silent,21312142
11,16|7|6|4|4|4|2|1,8,714,16018259,silent,16017545
11,16|7|6|4|4|3|3|1,8,447,17638491,silent,17638044
11,16|7|6|4|4|3|2|2,8,541,20248817,silent,20248276
11,16|7|6|4|3|3|3|2,8,100,12047861,silent,12047761
11,16|7|6|3|3|3|3|3,8,2,1520263,silent,1520261
11,16|7|5|5|5|4|1|1,8,260,6057583,silent,6057323
11,16|7|5|5|5|3|2|1,8,442,14288589,silent,14288147
11,16|7|5|5|5|2|2|2,8,126,5471685,silent,5471559
11,16|7|5|5|4|4|2|1,8,520,14803329,silent,14802809
11,16|7|5|5|4|3|3|1,8,376,15412350,silent,15411974
11,16|7|5|5|4|3|2|2,8,365,17484229,silent,17483864
11,16|7|5|5|3|3|3|2,8,85,8502759,silent,8502674
11,16|7|5|4|4|4|3|1,8,309,8360991,silent,8360682
11,16|7|5|4|4|4|2|2,8,238,7747905,silent,7747667
11,16|7|5|4|4|3|3|2,8,163,10911534,silent,10911371
11,16|7|5|4|3|3|3|3,8,5,3132570,silent,3132565
11,16|7|4|4|4|4|4|1,8,70,890635,silent,890565
11,16|7|4|4|4|4|3|2,8,89,2570575,silent,2570486
11,16|7|4|4|4|3|3|3,8,7,1394830,silent,1394823
11,16|6|6|6|6|2|1|1,8,62,1468355,silent,1468293
11,16|6|6|6|5|3|1|1,8,238,5460445,silent,5460207
11,16|6|6|6|5|2|2|1,8,246,5274857,silent,5274611
11,16|6|6|6|4|4|1|1,8,157,3946103,silent,3945946
11,16|6|6|6|4|3|2|1,8,401,11255952,silent,11255551
11,16|6|6|6|4|2|2|2,8,208,4571706,silent,4571498
11,16|6|6|6|3|3|3|1,8,69,3790580,silent,3790511
11,16|6|6|6|3|3|2|2,8,79,4556909,silent,4556830
11,16|6|6|5|5|4|1|1,8,205,4692452,silent,4692247
11,16|6|6|5|5|3|2|1,8,331,10904415,silent,10904084
11,16|6|6|5|5|2|2|2,8,87,4139510,silent,4139423
11,16|6|6|5|4|4|2|1,8,380,10677578,silent,10677198
11,16|6|6|5|4|3|3|1,8,246,10983744,silent,10983498
11,16|6|6|5|4|3|2|2,8,274,12417106,silent,12416832
11,16|6|6|5|3|3|3|2,8,55,5869368,silent,5869313
11,16|6|6|4|4|4|3|1,8,157,4862865,silent,4862708
11,16|6|6|4|4|4|2|2,8,177,4504951,silent,4504774
11,16|6|6|4|4|3|3|2,8,72,6246952,silent,6246880
11,16|6|6|4|3|3|3|3,8,6,1745039,silent,1745033
11,16|6|5|5|5|5|1|1,8,31,919460,silent,919429
11,16|6|5|5|5|4|2|1,8,126,5162118,silent,5161992
11,16|6|5|5|5|3|3|1,8,93,4337919,silent,4337826
11,16|6|5|5|5|3|2|2,8,70,4772632,silent,4772562
11,16|6|5|5|4|4|3|1,8,148,5742455,silent,5742307
11,16|6|5|5|4|4|2|2,8,90,5234179,silent,5234089
11,16|6|5|5|4|3|3|2,8,93,6897064,silent,6896971
11,16|6|5|5|3|3|3|3,8,5,1554855,silent,1554850
11,16|6|5|4|4|4|4|1,8,70,1442433,silent,1442363
11,16|6|5|4|4|4|3|2,8,102,4094875,silent,4094773
11,16|6|5|4|4|3|3|3,8,12,2152967,silent,2152955
11,16|6|4|4|4|4|4|2,8,49,540828,silent,540779
11,16|6|4|4|4|4|3|3,8,10,614907,silent,614897
11,16|5|5|5|5|5|2|1,8,10,443124,silent,443114
11,16|5|5|5|5|4|3|1,8,19,1121436,silent,1121417
11,16|5|5|5|5|4|2|2,8,13,995506,silent,995493
11,16|5|5|5|5|3|3|2,8,8,1060010,silent,1060002
11,16|5|5|5|4|4|4|1,8,12,549452,silent,549440
11,16|5|5|5|4|4|3|2,8,20,1510512,silent,1510492
11,16|5|5|5|4|3|3|3,8,7,739024,silent,739017
11,16|5|5|4|4|4|4|2,8,12,461267,silent,461255
11,16|5|5|4|4|4|3|3,8,13,527644,silent,527631
11,16|5|4|4|4|4|4|3,8,11,118427,silent,118416
11,16|4|4|4|4|4|4|4,8,7,6536,silent,6529
11,15|15|9|1|1|1|1|1,8,2,21057,silent,21055
11,15|15|8|2|1|1|1|1,8,25,123911,silent,123886
11,15|15|7|3|1|1|1|1,8,75,313023,silent,312948
11,15|15|7|2|2|1|1|1,8,89,291406,silent,291317
11,15|15|6|4|1|1|1|1,8,82,404400,silent,404318
11,15|15|6|3|2|1|1|1,8,213,789268,silent,789055
11,15|15|6|2|2|2|1|1,8,140,347357,silent,347217
11,15|15|5|5|1|1|1|1,8,53,194892,silent,194839
11,15|15|5|4|2|1|1|1,8,200,806793,silent,806593
11,15|15|5|3|3|1|1|1,8,137,590654,silent,590517
11,15|15|5|3|2|2|1|1,8,233,803556,silent,803323
11,15|15|5|2|2|2|2|1,8,98,214862,silent,214764
11,15|15|4|4|3|1|1|1,8,75,420721,silent,420646
11,15|15|4|4|2|2|1|1,8,137,475836,silent,475699
11,15|15|4|3|3|2|1|1,8,105,544456,silent,544351
11,15|15|4|3|2|2|2|1,8,112,360342,silent,360230
11,15|15|4|2|2|2|2|2,8,25,58116,silent,58091
11,15|15|3|3|3|3|1|1,8,13,90928,silent,90915
11,15|15|3|3|3|2|2|1,8,18,140655,silent,140637
11,15|15|3|3|2|2|2|2,8,19,52117,silent,52098
11,15|14|10|1|1|1|1|1,8,8,38169,silent,38161
11,15|14|9|2|1|1|1|1,8,63,263960,silent,263897
11,15|14|8|3|1|1|1|1,8,195,801086,silent,800891
11,15|14|8|2|2|1|1|1,8,212,735878,silent,735666
11,15|14|7|4|1|1|1|1,8,294,1321559,silent,1321265
11,15|14|7|3|2|1|1|1,8,625,2471334,silent,2470709
11,15|14|7|2|2|2|1|1,8,356,1061202,silent,1060846
11,15|14|6|5|1|1|1|1,8,246,1106943,silent,1106697
11,15|14|6|4|2|1|1|1,8,792,3549483,silent,3548691
11,15|14|6|3|3|1|1|1,8,501,2412129,silent,2411628
11,15|14|6|3|2|2|1|1,8,811,3219180,silent,3218369
11,15|14|6|2|2|2|2|1,8,300,823110,silent,822810
11,15|14|5|5|2|1|1|1,8,412,1778320,silent,1777908
11,15|14|5|4|3|1|1|1,8,601,3171636,silent,3171035
11,15|14|5|4|2|2|1|1,8,776,3459186,silent,3458410
11,15|14|5|3|3|2|1|1,8,555,3177881,silent,3177326
11,15|14|5|3|2|2|2|1,8,481,2016962,silent,2016481
11,15|14|5|2|2|2|2|2,8,108,296601,silent,296493
11,15|14|4|4|4|1|1|1,8,110,727803,silent,727693
11,15|14|4|4|3|2|1|1,8,383,2356861,silent,2356478
11,15|14|4|4|2|2|2|1,8,279,1223197,silent,1222918
11,15|14|4|3|3|3|1|1,8,102,1014547,silent,1014445
11,15|14|4|3|3|2|2|1,8,201,1517850,silent,1517649
11,15|14|4|3|2|2|2|2,8,114,512178,silent,512064
11,15|14|3|3|3|3|2|1,8,15,330651,silent,330636
11,15|14|3|3|3|2|2|2,8,13,209466,silent,209453
11,15|13|11|1|1|1|1|1,8,5,36974,silent,36969
11,15|13|10|2|1|1|1|1,8,76,319756,silent,319680
11,15|13|9|3|1|1|1|1,8,281,1180108,silent,1179827
11,15|13|9|2|2|1|1|1,8,311,1079365,silent,1079054
11,15|13|8|4|1|1|1|1,8,522,2417390,silent,2416868
11,15|13|8|3|2|1|1|1,8,1060,4423034,silent,4421974
11,15|13|8|2|2|2|1|1,8,574,1875542,silent,1874968
11,15|13|7|5|1|1|1|1,8,596,2807420,silent,2806824
11,15|13|7|4|2|1|1|1,8,1729,8213302,silent,8211573
11,15|13|7|3|3|1|1|1,8,1026,5390544,silent,5389518
11,15|13|7|3|2|2|1|1,8,1603,7124127,silent,7122524
11,15|13|7|2|2|2|2|1,8,529,1775746,silent,1775217
11,15|13|6|6|1|1|1|1,8,239,1288742,silent,1288503
11,15|13|6|5|2|1|1|1,8,1440,7250039,silent,7248599
11,15|13|6|4|3|1|1|1,8,1713,10142665,silent,10140952
11,15|13|6|4|2|2|1|1,8,2120,10864297,silent,10862177
11,15|13|6|3|3|2|1|1,8,1420,9260530,silent,9259110
11,15|13|6|3|2|2|2|1,8,1138,5750398,silent,5749260
11,15|13|6|2|2|2|2|2,8,212,805506,silent,805294
11,15|13|5|5|3|1|1|1,8,959,5512463,silent,5511504
11,15|13|5|5|2|2|1|1,8,1019,5583101,silent,5582082
11,15|13|5|4|4|1|1|1,8,662,4319347,silent,4318685
11,15|13|5|4|3|2|1|1,8,1833,12821974,silent,12820141
11,15|13|5|4|2|2|2|1,8,1098,6385342,silent,6384244
11,15|13|5|3|3|3|1|1,8,404,4323745,silent,4323341
11,15|13|5|3|3|2|2|1,8,720,6357943,silent,6357223
11,15|13|5|3|2|2|2|2,8,327,2049304,silent,2048977
11,15|13|4|4|4|2|1|1,8,430,3241245,silent,3240815
11,15|13|4|4|3|3|1|1,8,309,3480533,silent,3480224
11,15|13|4|4|3|2|2|1,8,573,4837478,silent,4836905
11,15|13|4|4|2|2|2|2,8,195,1266754,silent,1266559
11,15|13|4|3|3|3|2|1,8,132,2679491,silent,2679359
11,15|13|4|3|3|2|2|2,8,126,1634712,silent,1634586
11,15|13|3|3|3|3|3|1,8,5,301132,silent,301127
11,15|13|3|3|3|3|2|2,8,4,396567,silent,396563
11,15|12|12|1|1|1|1|1,8,4,15730,silent,15726
11,15|12|11|2|1|1|1|1,8,54,221790,silent,221736
11,15|12|10|3|1|1|1|1,8,267,1100589,silent,1100322
11,15|12|10|2|2|1|1|1,8,271,1000475,silent,1000204
11,15|12|9|4|1|1|1|1,8,620,2869086,silent,2868466
11,15|12|9|3|2|1|1|1,8,1198,5185254,silent,5184056
11,15|12|9|2|2|2|1|1,8,614,2181635,silent,2181021
11,15|12|8|5|1|1|1|1,8,892,4361767,silent,4360875
11,15|12|8|4|2|1|1|1,8,2408,12212645,silent,12210237
11,15|12|8|3|3|1|1|1,8,1428,7880205,silent,7878777
11,15|12|8|3|2|2|1|1,8,2120,10343060,silent,10340940
11,15|12|8|2|2|2|2|1,8,670,2543716,silent,2543046
11,15|12|7|6|1|1|1|1,8,657,3497918,silent,3497261
11,15|12|7|5|2|1|1|1,8,2789,15192142,silent,15189353
11,15|12|7|4|3|1|1|1,8,3076,19521863,silent,19518787
11,15|12|7|4|2|2|1|1,8,3593,20696788,silent,20693195
11,15|12|7|3|3|2|1|1,8,2383,17059039,silent,17056656
11,15|12|7|3|2|2|2|1,8,1783,10459149,silent,10457366
11,15|12|7|2|2|2|2|2,8,315,1428306,silent,1427991
11,15|12|6|6|2|1|1|1,8,1192,7174959,silent,7173767
11,15|12|6|5|3|1|1|1,8,2847,19067681,silent,19064834
11,15|12|6|5|2|2|1|1,8,2990,18961661,silent,18958671
11,15|12|6|4|4|1|1|1,8,1619,11990339,silent,11988720
11,15|12|6|4|3|2|1|1,8,4301,34195463,silent,34191162
11,15|12|6|4|2|2|2|1,8,2424,16665868,silent,16663444
11,15|12|6|3|3|3|1|1,8,911,10589911,silent,10589000
11,15|12|6|3|3|2|2|1,8,1531,15406944,silent,15405413
11,15|12|6|3|2|2|2|2,8,639,4852476,silent,4851837
11,15|12|5|5|4|1|1|1,8,1152,8200532,silent,8199380
11,15|12|5|5|3|2|1|1,8,2317,19096271,silent,19093954
11,15|12|5|5|2|2|2|1,8,1106,8727157,silent,8726051
11,15|12|5|4|4|2|1|1,8,1845,16236036,silent,16234191
11,15|12|5|4|3|3|1|1,8,1363,16180600,silent,16179237
11,15|12|5|4|3|2|2|1,8,2103,22092445,silent,22090342
11,15|12|5|4|2|2|2|2,8,621,5529580,silent,5528959
11,15|12|5|3|3|3|2|1,8,464,9601928,silent,9601464
11,15|12|5|3|3|2|2|2,8,357,5732873,silent,5732516
11,15|12|4|4|4|3|1|1,8,444,5274842,silent,5274398
11,15|12|4|4|4|2|2|1,8,581,5887704,silent,5887123
11,15|12|4|4|3|3|2|1,8,423,7930026,silent,7929603
11,15|12|4|4|3|2|2|2,8,326,4447702,silent,4447376
11,15|12|4|3|3|3|3|1,8,33,2099864,silent,2099831
11,15|12|4|3|3|3|2|2,8,54,2711923,silent,2711869
11,15|12|3|3|3|3|3|2,8,2,404261,silent,404259
11,15|11|11|3|1|1|1|1,8,102,451193,silent,451091
11,15|11|11|2|2|1|1|1,8,121,411731,silent,411610
11,15|11|10|4|1|1|1|1,8,422,1991378,silent,1990956
11,15|11|10|3|2|1|1|1,8,804,3577008,silent,3576204
11,15|11|10|2|2|2|1|1,8,408,1499341,silent,1498933
11,15|11|9|5|1|1|1|1,8,840,4230860,silent,4230020
11,15|11|9|4|2|1|1|1,8,2234,11604560,silent,11602326
11,15|11|9|3|3|1|1|1,8,1272,7414538,silent,7413266
11,15|11|9|3|2|2|1|1,8,1895,9706649,silent,9704754
11,15|11|9|2|2|2|2|1,8,560,2366657,silent,2366097
11,15|11|8|6|1|1|1|1,8,895,4947786,silent,4946891
11,15|11|8|5|2|1|1|1,8,3385,19606684,silent,19603299
11,15|11|8|4|3|1|1|1,8,3603,24253561,silent,24249958
11,15|11|8|4|2|2|1|1,8,4112,25563684,silent,25559572
11,15|11|8|3|3|2|1|1,8,2697,20717572,silent,20714875
11,15|11|8|3|2|2|2|1,8,1944,12611278,silent,12609334
11,15|11|8|2|2|2|2|2,8,321,1697336,silent,1697015
11,15|11|7|7|1|1|1|1,8,412,2268244,silent,2267832
11,15|11|7|6|2|1|1|1,8,2626,16551510,silent,16548884
11,15|11|7|5|3|1|1|1,8,4700,34236706,silent,34232006
11,15|11|7|5|2|2|1|1,8,4815,33721460,silent,33716645
11,15|11|7|4|4|1|1|1,8,2552,20030330,silent,20027778
11,15|11|7|4|3|2|1|1,8,6408,55921441,silent,55915033
11,15|11|7|4|2|2|2|1,8,3398,26919840,silent,26916442
11,15|11|7|3|3|3|1|1,8,1312,16646399,silent,16645087
11,15|11|7|3|3|2|2|1,8,2167,24086031,silent,24083864
11,15|11|7|3|2|2|2|2,8,822,7477922,silent,7477100
11,15|11|6|6|3|1|1|1,8,2126,16992202,silent,16990076
11,15|11|6|6|2|2|1|1,8,2176,16339288,silent,16337112
11,15|11|6|5|4|1|1|1,8,3045,25455363,silent,25452318
11,15|11|6|5|3|2|1|1,8,6032,56979251,silent,56973219
11,15|11|6|5|2|2|2|1,8,2841,25498804,silent,25495963
11,15|11|6|4|4|2|1|1,8,3903,38933968,silent,38930065
11,15|11|6|4|3|3|1|1,8,2834,37528115,silent,37525281
11,15|11|6|4|3|2|2|1,8,4227,50728917,silent,50724690
11,15|11|6|4|2|2|2|2,8,1156,12403629,silent,12402473
11,15|11|6|3|3|3|2|1,8,917,20257616,silent,20256699
11,15|11|6|3|3|2|2|2,8,670,11952025,silent,11951355
11,15|11|5|5|5|1|1|1,8,642,5368947,silent,5368305
11,15|11|5|5|4|2|1|1,8,2623,27419613,silent,27416990
11,15|11|5|5|3|3|1|1,8,1636,21924126,silent,21922490
11,15|11|5|5|3|2|2|1,8,2179,28952425,silent,28950246
11,15|11|5|5|2|2|2|2,8,503,6605267,silent,6604764
11,15|11|5|4|4|3|1|1,8,1758,23440915,silent,23439157
11,15|11|5|4|4|2|2|1,8,1973,25691982,silent,25690009
11,15|11|5|4|3|3|2|1,8,1545,32154343,silent,32152798
11,15|11|5|4|3|2|2|2,8,975,17644696,silent,17643721
11,15|11|5|3|3|3|3|1,8,119,6607899,silent,6607780
11,15|11|5|3|3|3|2|2,8,183,8458777,silent,8458594
11,15|11|4|4|4|4|1|1,8,265,3281097,silent,3280832
11,15|11|4|4|4|3|2|1,8,628,11068691,silent,11068063
11,15|11|4|4|4|2|2|2,8,310,4877248,silent,4876938
11,15|11|4|4|3|3|3|1,8,112,5700042,silent,5699930
11,15|11|4|4|3|3|2|2,8,198,7121957,silent,7121759
11,15|11|4|3|3|3|3|2,8,10,2472296,silent,2472286
11,15|11|3|3|3|3|3|3,8,0,-1,a0,
11,15|10|10|5|1|1|1|1,8,357,1780401,silent,1780044
11,15|10|10|4|2|1|1|1,8,888,4829760,silent,4828872
11,15|10|10|3|3|1|1|1,8,536,3078183,silent,3077647
11,15|10|10|3|2|2|1|1,8,745,4015642,silent,4014897
11,15|10|10|2|2|2|2|1,8,232,977379,silent,977147
11,15|10|9|6|1|1|1|1,8,670,3737490,silent,3736820
11,15|10|9|5|2|1|1|1,8,2385,14257733,silent,14255348
11,15|10|9|4|3|1|1|1,8,2501,17332143,silent,17329642
11,15|10|9|4|2|2|1|1,8,2791,18212985,silent,18210194
11,15|10|9|3|3|2|1|1,8,1834,14640887,silent,14639053
11,15|10|9|3|2|2|2|1,8,1285,8878194,silent,8876909
11,15|10|9|2|2|2|2|2,8,208,1186246,silent,1186038
11,15|10|8|7|1|1|1|1,8,577,3332323,silent,3331746
11,15|10|8|6|2|1|1|1,8,2825,18913381,silent,18910556
11,15|10|8|5|3|1|1|1,8,4680,35961415,silent,35956735
11,15|10|8|5|2|2|1|1,8,4671,35215326,silent,35210655
11,15|10|8|4|4|1|1|1,8,2420,20399171,silent,20396751
11,15|10|8|4|3|2|1|1,8,6069,56337909,silent,56331840
11,15|10|8|4|2|2|2|1,8,3159,26942488,silent,26939329
11,15|10|8|3|3|3|1|1,8,1267,16459263,silent,16457996
11,15|10|8|3|3|2|2|1,8,1988,23723141,silent,23721153
11,15|10|8|3|2|2|2|2,8,751,7316848,silent,7316097
11,15|10|7|7|2|1|1|1,8,1348,9117811,silent,9116463
11,15|10|7|6|3|1|1|1,8,3934,33164024,silent,33160090
11,15|10|7|6|2|2|1|1,8,3846,31596435,silent,31592589
11,15|10|7|5|4|1|1|1,8,4344,39238334,silent,39233990
11,15|10|7|5|3|2|1|1,8,8350,86073695,silent,86065345
11,15|10|7|5|2|2|2|1,8,3781,38071104,silent,38067323
11,15|10|7|4|4|2|1|1,8,5020,54782682,silent,54777662
11,15|10|7|4|3|3|1|1,8,3654,51927334,silent,51923680
11,15|10|7|4|3|2|2|1,8,5244,69797339,silent,69792095
11,15|10|7|4|2|2|2|2,8,1368,16842306,silent,16840938
11,15|10|7|3|3|3|2|1,8,1148,26836733,silent,26835585
11,15|10|7|3|3|2|2|2,8,792,15723521,silent,15722729
11,15|10|6|6|4|1|1|1,8,2124,21463611,silent,21461487
11,15|10|6|6|3|2|1|1,8,4001,44169369,silent,44165368
11,15|10|6|6|2|2|2|1,8,1830,19010285,silent,19008455
11,15|10|6|5|5|1|1|1,8,1589,15704568,silent,15702979
11,15|10|6|5|4|2|1|1,8,6140,73314611,silent,73308471
11,15|10|6|5|3|3|1|1,8,3777,56758312,silent,56754535
11,15|10|6|5|3|2|2|1,8,5037,74211986,silent,74206949
11,15|10|6|5|2|2|2|2,8,1156,16567412,silent,16566256
11,15|10|6|4|4|3|1|1,8,3230,48822421,silent,48819191
11,15|10|6|4|4|2|2|1,8,3589,53003406,silent,52999817
11,15|10|6|4|3|3|2|1,8,2802,64195605,silent,64192803
11,15|10|6|4|3|2|2|2,8,1700,34816689,silent,34814989
11,15|10|6|3|3|3|3|1,8,220,12065555,silent,12065335
11,15|10|6|3|3|3|2|2,8,307,15345089,silent,15344782
11,15|10|5|5|5|2|1|1,8,1278,16447341,silent,16446063
11,15|10|5|5|4|3|1|1,8,2306,36131241,silent,36128935
11,15|10|5|5|4|2|2|1,8,2253,38300000,silent,38297747
11,15|10|5|5|3|3|2|1,8,1619,38507230,silent,38505611
11,15|10|5|5|3|2|2|2,8,831,20307842,silent,20307011
11,15|10|5|4|4|4|1|1,8,868,13269415,silent,13268547
11,15|10|5|4|4|3|2|1,8,2012,43013252,silent,43011240
11,15|10|5|4|4|2|2|2,8,867,18545067,silent,18544200
11,15|10|5|4|3|3|3|1,8,438,20360519,silent,20360081
11,15|10|5|4|3|3|2|2,8,608,25205283,silent,25204675
11,15|10|5|3|3|3|3|2,8,41,6800364,silent,6800323
11,15|10|4|4|4|4|2|1,8,400,6749169,silent,6748769
11,15|10|4|4|4|3|3|1,8,224,7761616,silent,7761392
11,15|10|4|4|4|3|2|2,8,312,9020998,silent,9020686
11,15|10|4|4|3|3|3|2,8,44,5992439,silent,5992395
11,15|10|4|3|3|3|3|3,8,1,1049571,silent,1049570
11,15|9|9|7|1|1|1|1,8,273,1606417,silent,1606144
11,15|9|9|6|2|1|1|1,8,1275,8494210,silent,8492935
11,15|9|9|5|3|1|1|1,8,1979,15656036,silent,15654057
11,15|9|9|5|2|2|1|1,8,1993,15306797,silent,15304804
11,15|9|9|4|4|1|1|1,8,1058,8783452,silent,8782394
11,15|9|9|4|3|2|1|1,8,2529,24127747,silent,24125218
11,15|9|9|4|2|2|2|1,8,1262,11501039,silent,11499777
11,15|9|9|3|3|3|1|1,8,500,6985235,silent,6984735
11,15|9|9|3|3|2|2|1,8,824,10064595,silent,10063771
11,15|9|9|3|2|2|2|2,8,279,3088112,silent,3087833
11,15|9|8|8|1|1|1|1,8,161,1004114,silent,1003953
11,15|9|8|7|2|1|1|1,8,1373,9850446,silent,9849073
11,15|9|8|6|3|1|1|1,8,3212,28301144,silent,28297932
11,15|9|8|6|2|2|1|1,8,3099,26832935,silent,26829836
11,15|9|8|5|4|1|1|1,8,3272,31103779,silent,31100507
11,15|9|8|5|3|2|1|1,8,6230,67562337,silent,67556107
11,15|9|8|5|2|2|2|1,8,2780,29709041,silent,29706261
11,15|9|8|4|4|2|1|1,8,3641,41812208,silent,41808567
11,15|9|8|4|3|3|1|1,8,2647,39316496,silent,39313849
11,15|9|8|4|3|2|2|1,8,3751,52691059,silent,52687308
11,15|9|8|4|2|2|2|2,8,951,12632111,silent,12631160
11,15|9|8|3|3|3|2|1,8,825,19911977,silent,19911152
11,15|9|8|3|3|2|2|2,8,557,11625448,silent,11624891
11,15|9|7|7|3|1|1|1,8,1665,15035651,silent,15033986
11,15|9|7|7|2|2|1|1,8,1558,14099065,silent,14097507
11,15|9|7|6|4|1|1|1,8,3297,34336688,silent,34333391
11,15|9|7|6|3|2|1|1,8,5857,69320443,silent,69314586
11,15|9|7|6|2|2|2|1,8,2510,29505456,silent,29502946
11,15|9|7|5|5|1|1|1,8,1875,20341035,silent,20339160
11,15|9|7|5|4|2|1|1,8,7091,91338552,silent,91331461
11,15|9|7|5|3|3|1|1,8,4279,69591887,silent,69587608
11,15|9|7|5|3|2|2|1,8,5634,90531776,silent,90526142
11,15|9|7|5|2|2|2|2,8,1210,19955377,silent,19954167
11,15|9|7|4|4|3|1|1,8,3475,55912764,silent,55909289
11,15|9|7|4|4|2|2|1,8,3677,60364980,silent,60361303
11,15|9|7|4|3|3|2|1,8,2947,71982195,silent,71979248
11,15|9|7|4|3|2|2|2,8,1695,38781557,silent,38779862
11,15|9|7|3|3|3|3|1,8,224,13003390,silent,13003166
11,15|9|7|3|3|3|2|2,8,337,16499869,silent,16499532
11,15|9|6|6|5|1|1|1,8,1180,14431973,silent,14430793
11,15|9|6|6|4|2|1|1,8,3778,52510449,silent,52506671
11,15|9|6|6|3|3|1|1,8,2187,37829304,silent,37827117
11,15|9|6|6|3|2|2|1,8,2933,48632856,silent,48629923
11,15|9|6|6|2|2|2|2,8,649,10418107,silent,10417458
11,15|9|6|5|5|2|1|1,8,2741,40386983,silent,40384242
11,15|9|6|5|4|3|1|1,8,4621,81784657,silent,81780036
11,15|9|6|5|4|2|2|1,8,4635,85901362,silent,85896727
11,15|9|6|5|3|3|2|1,8,3212,83659093,silent,83655881
11,15|9|6|5|3|2|2|2,8,1692,43635661,silent,43633969
11,15|9|6|4|4|4|1|1,8,1377,23726261,silent,23724884
11,15|9|6|4|4|3|2|1,8,3158,75395286,silent,75392128
11,15|9|6|4|4|2|2|2,8,1318,32139923,silent,32138605
11,15|9|6|4|3|3|3|1,8,694,34370713,silent,34370019
11,15|9|6|4|3|3|2|2,8,945,42313298,silent,42312353
11,15|9|6|3|3|3|3|2,8,63,10458116,silent,10458053
11,15|9|5|5|5|3|1|1,8,1067,20600307,silent,20599240
11,15|9|5|5|5|2|2|1,8,897,20299442,silent,20298545
11,15|9|5|5|4|4|1|1,8,1023,19369267,silent,19368244
11,15|9|5|5|4|3|2|1,8,2170,57709341,silent,57707171
11,15|9|5|5|4|2|2|2,8,767,23915144,silent,23914377
11,15|9|5|5|3|3|3|1,8,462,21487094,silent,21486632
11,15|9|5|5|3|3|2|2,8,550,26163301,silent,26162751
11,15|9|5|4|4|4|2|1,8,1054,23501181,silent,23500127
11,15|9|5|4|4|3|3|1,8,689,26177158,silent,26176469
11,15|9|5|4|4|3|2|2,8,796,30118537,silent,30117741
11,15|9|5|4|3|3|3|2,8,162,18428812,silent,18428650
11,15|9|5|3|3|3|3|3,8,2,2494812,silent,2494810
11,15|9|4|4|4|4|3|1,8,234,5436346,silent,5436112
11,15|9|4|4|4|4|2|2,8,206,5080024,silent,5079818
11,15|9|4|4|4|3|3|2,8,112,7337291,silent,7337179
11,15|9|4|4|3|3|3|3,8,2,2280099,silent,2280097
11,15|8|8|8|2|1|1|1,8,214,1709610,silent,1709396
11,15|8|8|7|3|1|1|1,8,988,9328139,silent,9327151
11,15|8|8|7|2|2|1|1,8,908,8703348,silent,8702440
11,15|8|8|6|4|1|1|1,8,1554,17246942,silent,17245388
11,15|8|8|6|3|2|1|1,8,2810,34549569,silent,34546759
11,15|8|8|6|2|2|2|1,8,1231,14640227,silent,14638996
11,15|8|8|5|5|1|1|1,8,880,9661683,silent,9660803
11,15|8|8|5|4|2|1|1,8,3170,42678809,silent,42675639
11,15|8|8|5|3|3|1|1,8,1952,32322568,silent,32320616
11,15|8|8|5|3|2|2|1,8,2529,41932990,silent,41930461
11,15|8|8|5|2|2|2|2,8,578,9206455,silent,9205877
11,15|8|8|4|4|3|1|1,8,1482,25340162,silent,25338680
11,15|8|8|4|4|2|2|1,8,1636,27306858,silent,27305222
11,15|8|8|4|3|3|2|1,8,1275,32342469,silent,32341194
11,15|8|8|4|3|2|2|2,8,749,17379261,silent,17378512
11,15|8|8|3|3|3|3|1,8,106,5755248,silent,5755142
11,15|8|8|3|3|3|2|2,8,130,7279558,silent,7279428
11,15|8|7|7|4|1|1|1,8,1080,11887833,silent,11886753
11,15|8|7|7|3|2|1|1,8,1798,23155597,silent,23153799
11,15|8|7|7|2|2|2|1,8,720,9670892,silent,9670172
11,15|8|7|6|5|1|1|1,8,1380,17472756,silent,17471376
11,15|8|7|6|4|2|1|1,8,4166,61341376,silent,61337210
11,15|8|7|6|3|3|1|1,8,2386,43556818,silent,43554432
11,15|8|7|6|3|2|2|1,8,3092,55741164,silent,55738072
11,15|8|7|6|2|2|2|2,8,641,11803917,silent,11803276
11,15|8|7|5|5|2|1|1,8,2445,38512059,silent,38509614
11,15|8|7|5|4|3|1|1,8,4002,75459650,silent,75455648
11,15|8|7|5|4|2|2|1,8,3948,78885207,silent,78881259
11,15|8|7|5|3|3|2|1,8,2738,75743876,silent,75741138
11,15|8|7|5|3|2|2|2,8,1407,39278338,silent,39276931
11,15|8|7|4|4|4|1|1,8,1099,20339965,silent,20338866
11,15|8|7|4|4|3|2|1,8,2496,64003029,silent,64000533
11,15|8|7|4|4|2|2|2,8,1011,27123145,silent,27122134
11,15|8|7|4|3|3|3|1,8,562,28681302,silent,28680740
11,15|8|7|4|3|3|2|2,8,743,35213483,silent,35212740
11,15|8|7|3|3|3|3|2,8,52,8396005,silent,8395953
11,15|8|6|6|6|1|1|1,8,247,4066981,silent,4066734
11,15|8|6|6|5|2|1|1,8,1741,29898509,silent,29896768
11,15|8|6|6|4|3|1|1,8,2334,47845049,silent,47842715
11,15|8|6|6|4|2|2|1,8,2433,49451100,silent,49448667
11,15|8|6|6|3|3|2|1,8,1555,44867488,silent,44865933
11,15|8|6|6|3|2|2|2,8,848,22956617,silent,22955769
11,15|8|6|5|5|3|1|1,8,1900,40598255,silent,40596355
11,15|8|6|5|5|2|2|1,8,1655,39646260,silent,39644605
11,15|8|6|5|4|4|1|1,8,1672,35624056,silent,35622384
11,15|8|6|5|4|3|2|1,8,3617,104205465,silent,104201848
11,15|8|6|5|4|2|2|2,8,1357,42748323,silent,42746966
11,15|8|6|5|3|3|3|1,8,737,37439726,silent,37438989
11,15|8|6|5|3|3|2|2,8,883,45327818,silent,45326935
11,15|8|6|4|4|4|2|1,8,1359,33694457,silent,33693098
11,15|8|6|4|4|3|3|1,8,871,36943320,silent,36942449
11,15|8|6|4|4|3|2|2,8,1034,42302671,silent,42301637
11,15|8|6|4|3|3|3|2,8,206,24964691,silent,24964485
11,15|8|6|3|3|3|3|3,8,5,3102136,silent,3102131
11,15|8|5|5|5|4|1|1,8,494,12019047,silent,12018553
11,15|8|5|5|5|3|2|1,8,826,28183899,silent,28183073
11,15|8|5|5|5|2|2|2,8,224,10742187,silent,10741963
11,15|8|5|5|4|4|2|1,8,947,28899108,silent,28898161
11,15|8|5|5|4|3|3|1,8,680,29960434,silent,29959754
11,15|8|5|5|4|3|2|2,8,667,33899150,silent,33898483
11,15|8|5|5|3|3|3|2,8,159,16352375,silent,16352216
11,15|8|5|4|4|4|3|1,8,514,15901197,silent,15900683
11,15|8|5|4|4|4|2|2,8,426,14705296,silent,14704870
11,15|8|5|4|4|3|3|2,8,276,20611587,silent,20611311
11,15|8|5|4|3|3|3|3,8,14,5865121,silent,5865107
11,15|8|4|4|4|4|4|1,8,100,1616842,silent,1616742
11,15|8|4|4|4|4|3|2,8,137,4646516,silent,4646379
11,15|8|4|4|4|3|3|3,8,10,2507331,silent,2507321
11,15|7|7|7|5|1|1|1,8,282,3714098,silent,3713816
11,15|7|7|7|4|2|1|1,8,772,12064779,silent,12064007
11,15|7|7|7|3|3|1|1,8,417,8323145,silent,8322728
11,15|7|7|7|3|2|2|1,8,516,10575189,silent,10574673
11,15|7|7|7|2|2|2|2,8,85,2191518,silent,2191433
11,15|7|7|6|6|1|1|1,8,210,2967529,silent,2967319
11,15|7|7|6|5|2|1|1,8,1139,20299103,silent,20297964
11,15|7|7|6|4|3|1|1,8,1506,31591053,silent,31589547
11,15|7|7|6|4|2|2|1,8,1440,32516755,silent,32515315
11,15|7|7|6|3|3|2|1,8,967,29163783,silent,29162816
11,15|7|7|6|3|2|2|2,8,475,14844838,silent,14844363
11,15|7|7|5|5|3|1|1,8,955,22227143,silent,22226188
11,15|7|7|5|5|2|2|1,8,864,21636399,silent,21635535
11,15|7|7|5|4|4|1|1,8,869,19061007,silent,19060138
11,15|7|7|5|4|3|2|1,8,1811,55294940,silent,55293129
11,15|7|7|5|4|2|2|2,8,634,22568714,silent,22568080
11,15|7|7|5|3|3|3|1,8,368,19583000,silent,19582632
11,15|7|7|5|3|3|2|2,8,462,23674612,silent,23674150
11,15|7|7|4|4|4|2|1,8,614,16762183,silent,16761569
11,15|7|7|4|4|3|3|1,8,433,18268307,silent,18267874
11,15|7|7|4|4|3|2|2,8,454,20857513,silent,20857059
11,15|7|7|4|3|3|3|2,8,107,12144417,silent,12144310
11,15|7|7|3|3|3|3|3,8,0,-1,a0,
11,15|7|6|6|6|2|1|1,8,304,6212614,silent,6212310
11,15|7|6|6|5|3|1|1,8,894,22036357,silent,22035463
11,15|7|6|6|5|2|2|1,8,846,21194292,silent,21193446
11,15|7|6|6|4|4|1|1,8,645,15665821,silent,15665176
11,15|7|6|6|4|3|2|1,8,1406,44236291,silent,44234885
11,15|7|6|6|4|2|2|2,8,556,17821742,silent,17821186
11,15|7|6|6|3|3|3|1,8,259,14697097,silent,14696838
11,15|7|6|6|3|3|2|2,8,329,17637982,silent,17637653
11,15|7|6|5|5|4|1|1,8,636,17248682,silent,17248046
11,15|7|6|5|5|3|2|1,8,1104,39768929,silent,39767825
11,15|7|6|5|5|2|2|2,8,346,15020351,silent,15020005
11,15|7|6|5|4|4|2|1,8,1190,38241888,silent,38240698
11,15|7|6|5|4|3|3|1,8,812,39085012,silent,39084200
11,15|7|6|5|4|3|2|2,8,854,44028432,silent,44027578
11,15|7|6|5|3|3|3|2,8,180,20544532,silent,20544352
11,15|7|6|4|4|4|3|1,8,486,16623577,silent,16623091
11,15|7|6|4|4|4|2|2,8,402,15306629,silent,15306227
11,15|7|6|4|4|3|3|2,8,266,21149845,silent,21149579
11,15|7|6|4|3|3|3|3,8,13,5808293,silent,5808280
11,15|7|5|5|5|5|1|1,8,76,2622012,silent,2621936
11,15|7|5|5|5|4|2|1,8,335,14495276,silent,14494941
11,15|7|5|5|5|3|3|1,8,223,12100378,silent,12100155
11,15|7|5|5|5|3|2|2,8,190,13267307,silent,13267117
11,15|7|5|5|4|4|3|1,8,365,15733097,silent,15732732
11,15|7|5|5|4|4|2|2,8,254,14302468,silent,14302214
11,15|7|5|5|4|3|3|2,8,218,18707875,silent,18707657
11,15|7|5|5|3|3|3|3,8,14,4158753,silent,4158739
11,15|7|5|4|4|4|4|1,8,149,3780512,silent,3780363
11,15|7|5|4|4|4|3|2,8,222,10670166,silent,10669944
11,15|7|5|4|4|3|3|3,8,34,5565390,silent,5565356
11,15|7|4|4|4|4|4|2,8,67,1274720,silent,1274653
11,15|7|4|4|4|4|3|3,8,28,1453457,silent,1453429
11,15|6|6|6|6|3|1|1,8,79,2623977,silent,2623898
11,15|6|6|6|6|2|2|1,8,106,2453615,silent,2453509
11,15|6|6|6|5|4|1|1,8,173,5320297,silent,5320124
11,15|6|6|6|5|3|2|1,8,321,11875638,silent,11875317
11,15|6|6|6|5|2|2|2,8,128,4414966,silent,4414838
11,15|6|6|6|4|4|2|1,8,290,9327156,silent,9326866
11,15|6|6|6|4|3|3|1,8,165,9267656,silent,9267491
11,15|6|6|6|4|3|2|2,8,214,10365448,silent,10365234
11,15|6|6|6|3|3|3|2,8,32,4489977,silent,4489945
11,15|6|6|5|5|5|1|1,8,66,2116105,silent,2116039
11,15|6|6|5|5|4|2|1,8,257,11325424,silent,11325167
11,15|6|6|5|5|3|3|1,8,172,9348494,silent,9348322
11,15|6|6|5|5|3|2|2,8,144,10199739,silent,10199595
11,15|6|6|5|4|4|3|1,8,256,11479278,silent,11479022
11,15|6|6|5|4|4|2|2,8,216,10411893,silent,10411677
11,15|6|6|5|4|3|3|2,8,144,13438725,silent,13438581
11,15|6|6|5|3|3|3|3,8,12,2905072,silent,2905060
11,15|6|6|4|4|4|4|1,8,90,2237457,silent,2237367
11,15|6|6|4|4|4|3|2,8,127,6263283,silent,6263156
11,15|6|6|4|4|3|3|3,8,13,3216151,silent,3216138
11,15|6|5|5|5|5|2|1,8,40,2353037,silent,2352997
11,15|6|5|5|5|4|3|1,8,94,5829947,silent,5829853
11,15|6|5|5|5|4|2|2,8,50,5139386,silent,5139336
11,15|6|5|5|5|3|3|2,8,54,5426960,silent,5426906
11,15|6|5|5|4|4|4|1,8,60,2743552,silent,2743492
11,15|6|5|5|4|4|3|2,8,98,7475865,silent,7475767
11,15|6|5|5|4|3|3|3,8,24,3607845,silent,3607821
11,15|6|5|4|4|4|4|2,8,69,2089870,silent,2089801
11,15|6|5|4|4|4|3|3,8,32,2357717,silent,2357685
11,15|6|4|4|4|4|4|3,8,25,409037,silent,409012
11,15|5|5|5|5|5|3|1,8,6,558047,silent,558041
11,15|5|5|5|5|5|2|2,8,6,461888,silent,461882
11,15|5|5|5|5|4|4|1,8,7,595259,silent,595252
11,15|5|5|5|5|4|3|2,8,11,1499983,silent,1499972
11,15|5|5|5|5|3|3|3,8,2,573287,silent,573285
11,15|5|5|5|4|4|4|2,8,8,807301,silent,807293
11,15|5|5|5|4|4|3|3,8,11,891079,silent,891068
11,15|5|5|4|4|4|4|3,8,10,355725,silent,355715
11,15|5|4|4|4|4|4|4,8,6,40757,silent,40751
11,14|14|11|1|1|1|1|1,8,4,15014,silent,15010
11,14|14|10|2|1|1|1|1,8,35,124178,silent,124143
11,14|14|9|3|1|1|1|1,8,110,448040,silent,447930
11,14|14|9|2|2|1|1|1,8,114,408507,silent,408393
11,14|14|8|4|1|1|1|1,8,215,908499,silent,908284
11,14|14|8|3|2|1|1|1,8,397,1657517,silent,1657120
11,14|14|8|2|2|2|1|1,8,197,700452,silent,700255
11,14|14|7|5|1|1|1|1,8,217,1046945,silent,1046728
11,14|14|7|4|2|1|1|1,8,643,3057995,silent,3057352
11,14|14|7|3|3|1|1|1,8,383,2006881,silent,2006498
11,14|14|7|3|2|2|1|1,8,600,2649715,silent,2649115
11,14|14|7|2|2|2|2|1,8,198,660293,silent,660095
11,14|14|6|6|1|1|1|1,8,105,480713,silent,480608
11,14|14|6|5|2|1|1|1,8,535,2690642,silent,2690107
11,14|14|6|4|3|1|1|1,8,654,3761489,silent,3760835
11,14|14|6|4|2|2|1|1,8,748,4022373,silent,4021625
11,14|14|6|3|3|2|1|1,8,542,3431684,silent,3431142
11,14|14|6|3|2|2|2|1,8,421,2128644,silent,2128223
11,14|14|6|2|2|2|2|2,8,98,299796,silent,299698
11,14|14|5|5|3|1|1|1,8,345,2039562,silent,2039217
11,14|14|5|5|2|2|1|1,8,400,2067065,silent,2066665
11,14|14|5|4|4|1|1|1,8,244,1596877,silent,1596633
11,14|14|5|4|3|2|1|1,8,677,4738396,silent,4737719
11,14|14|5|4|2|2|2|1,8,406,2358627,silent,2358221
11,14|14|5|3|3|3|1|1,8,145,1596678,silent,1596533
11,14|14|5|3|3|2|2|1,8,265,2346857,silent,2346592
11,14|14|5|3|2|2|2|2,8,113,755662,silent,755549
11,14|14|4|4|4|2|1|1,8,140,1194090,silent,1193950
11,14|14|4|4|3|3|1|1,8,134,1285627,silent,1285493
11,14|14|4|4|3|2|2|1,8,205,1783440,silent,1783235
11,14|14|4|4|2|2|2|2,8,94,469039,silent,468945
11,14|14|4|3|3|3|2|1,8,49,987289,silent,987240
11,14|14|4|3|3|2|2|2,8,37,600707,silent,600670
11,14|14|3|3|3|3|3|1,8,0,-1,a0,
11,14|14|3|3|3|3|2|2,8,5,146321,silent,146316
11,14|13|12|1|1|1|1|1,8,3,14078,silent,14075
11,14|13|11|2|1|1|1|1,8,38,157217,silent,157179
11,14|13|10|3|1|1|1|1,8,174,715444,silent,715270
11,14|13|10|2|2|1|1|1,8,181,650531,silent,650350
11,14|13|9|4|1|1|1|1,8,388,1790833,silent,1790445
11,14|13|9|3|2|1|1|1,8,751,3232620,silent,3231869
11,14|13|9|2|2|2|1|1,8,387,1359078,silent,1358691
11,14|13|8|5|1|1|1|1,8,548,2665874,silent,2665326
11,14|13|8|4|2|1|1|1,8,1479,7448192,silent,7446713
11,14|13|8|3|3|1|1|1,8,867,4799629,silent,4798762
11,14|13|8|3|2|2|1|1,8,1289,6297037,silent,6295748
11,14|13|8|2|2|2|2|1,8,398,1546023,silent,1545625
11,14|13|7|6|1|1|1|1,8,401,2115814,silent,2115413
11,14|13|7|5|2|1|1|1,8,1686,9156866,silent,9155180
11,14|13|7|4|3|1|1|1,8,1853,11743052,silent,11741199
11,14|13|7|4|2|2|1|1,8,2158,12443163,silent,12441005
11,14|13|7|3|3|2|1|1,8,1423,10243733,silent,10242310
11,14|13|7|3|2|2|2|1,8,1054,6274945,silent,6273891
11,14|13|7|2|2|2|2|2,8,177,854764,silent,854587
11,14|13|6|6|2|1|1|1,8,718,4302561,silent,4301843
11,14|13|6|5|3|1|1|1,8,1700,11395901,silent,11394201
11,14|13|6|5|2|2|1|1,8,1781,11326310,silent,11324529
11,14|13|6|4|4|1|1|1,8,972,7156350,silent,7155378
11,14|13|6|4|3|2|1|1,8,2557,20386361,silent,20383804
11,14|13|6|4|2|2|2|1,8,1422,9926193,silent,9924771
11,14|13|6|3|3|3|1|1,8,541,6304297,silent,6303756
11,14|13|6|3|3|2|2|1,8,907,9167766,silent,9166859
11,14|13|6|3|2|2|2|2,8,368,2883203,silent,2882835
11,14|13|5|5|4|1|1|1,8,682,4877785,silent,4877103
11,14|13|5|5|3|2|1|1,8,1368,11347036,silent,11345668
11,14|13|5|5|2|2|2|1,8,649,5181211,silent,5180562
11,14|13|5|4|4|2|1|1,8,1094,9634590,silent,9633496
11,14|13|5|4|3|3|1|1,8,804,9593845,silent,9593041
11,14|13|5|4|3|2|2|1,8,1235,13092005,silent,13090770
11,14|13|5|4|2|2|2|2,8,356,3272107,silent,3271751
11,14|13|5|3|3|3|2|1,8,277,5682988,silent,5682711
11,14|13|5|3|3|2|2|2,8,212,3390380,silent,3390168
11,14|13|4|4|4|3|1|1,8,263,3119641,silent,3119378
11,14|13|4|4|4|2|2|1,8,337,3479611,silent,3479274
11,14|13|4|4|3|3|2|1,8,249,4683797,silent,4683548
11,14|13|4|4|3|2|2|2,8,188,2624222,silent,2624034
11,14|13|4|3|3|3|3|1,8,20,1238322,silent,1238302
11,14|13|4|3|3|3|2|2,8,33,1598549,silent,1598516
11,14|13|3|3|3|3|3|2,8,1,237633,silent,237632
11,14|12|12|2|1|1|1|1,8,21,71509,silent,71488
11,14|12|11|3|1|1|1|1,8,131,545226,silent,545095
11,14|12|11|2|2|1|1|1,8,135,494548,silent,494413
11,14|12|10|4|1|1|1|1,8,414,1862124,silent,1861710
11,14|12|10|3|2|1|1|1,8,745,3332556,silent,3331811
11,14|12|10|2|2|2|1|1,8,352,1391931,silent,1391579
11,14|12|9|5|1|1|1|1,8,718,3609198,silent,3608480
11,14|12|9|4|2|1|1|1,8,1879,9855783,silent,9853904
11,14|12|9|3|3|1|1|1,8,1087,6288814,silent,6287727
11,14|12|9|3|2|2|1|1,8,1581,8219519,silent,8217938
11,14|12|9|2|2|2|2|1,8,465,2000669,silent,2000204
11,14|12|8|6|1|1|1|1,8,758,4055303,silent,4054545
11,14|12|8|5|2|1|1|1,8,2739,15960452,silent,15957713
11,14|12|8|4|3|1|1|1,8,2935,19681821,silent,19678886
11,14|12|8|4|2|2|1|1,8,3238,20714919,silent,20711681
11,14|12|8|3|3|2|1|1,8,2192,16767819,silent,16765627
11,14|12|8|3|2|2|2|1,8,1538,10190679,silent,10189141
11,14|12|8|2|2|2|2|2,8,277,1371301,silent,1371024
11,14|12|7|7|1|1|1|1,8,315,1827199,silent,1826884
11,14|12|7|6|2|1|1|1,8,2085,13209294,silent,13207209
11,14|12|7|5|3|1|1|1,8,3700,27176485,silent,27172785
11,14|12|7|5|2|2|1|1,8,3790,26739712,silent,26735922
11,14|12|7|4|4|1|1|1,8,2000,15858002,silent,15856002
11,14|12|7|4|3|2|1|1,8,5017,44204639,silent,44199622
11,14|12|7|4|2|2|2|1,8,2631,21251337,silent,21248706
11,14|12|7|3|3|3|1|1,8,1033,13132155,silent,13131122
11,14|12|7|3|3|2|2|1,8,1683,18981177,silent,18979494
11,14|12|7|3|2|2|2|2,8,623,5883838,silent,5883215
11,14|12|6|6|3|1|1|1,8,1692,13363709,silent,13362017
11,14|12|6|6|2|2|1|1,8,1639,12830455,silent,12828816
11,14|12|6|5|4|1|1|1,8,2362,19922368,silent,19920006
11,14|12|6|5|3|2|1|1,8,4679,44524029,silent,44519350
11,14|12|6|5|2|2|2|1,8,2173,19897814,silent,19895641
11,14|12|6|4|4|2|1|1,8,2953,30342661,silent,30339708
11,14|12|6|4|3|3|1|1,8,2236,29224712,silent,29222476
11,14|12|6|4|3|2|2|1,8,3224,39464252,silent,39461028
11,14|12|6|4|2|2|2|2,8,917,9638851,silent,9637934
11,14|12|6|3|3|3|2|1,8,711,15726933,silent,15726222
11,14|12|6|3|3|2|2|2,8,483,9263171,silent,9262688
11,14|12|5|5|5|1|1|1,8,492,4171924,silent,4171432
11,14|12|5|5|4|2|1|1,8,2031,21253916,silent,21251885
11,14|12|5|5|3|3|1|1,8,1228,16971194,silent,16969966
11,14|12|5|5|3|2|2|1,8,1667,22396052,silent,22394385
11,14|12|5|5|2|2|2|2,8,350,5098256,silent,5097906
11,14|12|5|4|4|3|1|1,8,1338,18104086,silent,18102748
11,14|12|5|4|4|2|2|1,8,1496,19827886,silent,19826390
11,14|12|5|4|3|3|2|1,8,1181,24787413,silent,24786232
11,14|12|5|4|3|2|2|2,8,732,13585089,silent,13584357
11,14|12|5|3|3|3|3|1,8,93,5082214,silent,5082121
11,14|12|5|3|3|3|2|2,8,145,6499390,silent,6499245
11,14|12|4|4|4|4|1|1,8,174,2518649,silent,2518475
11,14|12|4|4|4|3|2|1,8,471,8494928,silent,8494457
11,14|12|4|4|4|2|2|2,8,259,3742441,silent,3742182
11,14|12|4|4|3|3|3|1,8,97,4369499,silent,4369402
11,14|12|4|4|3|3|2|2,8,132,5450447,silent,5450315
11,14|12|4|3|3|3|3|2,8,11,1889625,silent,1889614
11,14|12|3|3|3|3|3|3,8,0,-1,a0,
11,14|11|11|4|1|1|1|1,8,162,796117,silent,795955
11,14|11|11|3|2|1|1|1,8,320,1424655,silent,1424335
11,14|11|11|2|2|2|1|1,8,169,596284,silent,596115
11,14|11|10|5|1|1|1|1,8,523,2658312,silent,2657789
11,14|11|10|4|2|1|1|1,8,1332,7176527,silent,7175195
11,14|11|10|3|3|1|1|1,8,765,4556314,silent,4555549
11,14|11|10|3|2|2|1|1,8,1096,5942817,silent,5941721
11,14|11|10|2|2|2|2|1,8,317,1439933,silent,1439616
11,14|11|9|6|1|1|1|1,8,769,4332119,silent,4331350
11,14|11|9|5|2|1|1|1,8,2718,16369657,silent,16366939
11,14|11|9|4|3|1|1|1,8,2820,19794811,silent,19791991
11,14|11|9|4|2|2|1|1,8,3144,20775619,silent,20772475
11,14|11|9|3|3|2|1|1,8,2035,16649942,silent,16647907
11,14|11|9|3|2|2|2|1,8,1400,10076813,silent,10075413
11,14|11|9|2|2|2|2|2,8,205,1339228,silent,1339023
11,14|11|8|7|1|1|1|1,8,613,3556888,silent,3556275
11,14|11|8|6|2|1|1|1,8,2958,19872562,silent,19869604
11,14|11|8|5|3|1|1|1,8,4805,37443729,silent,37438924
11,14|11|8|5|2|2|1|1,8,4772,36620505,silent,36615733
11,14|11|8|4|4|1|1|1,8,2506,21159624,silent,21157118
11,14|11|8|4|3|2|1|1,8,6165,58283899,silent,58277734
11,14|11|8|4|2|2|2|1,8,3132,27816192,silent,27813060
11,14|11|8|3|3|3|1|1,8,1278,16965676,silent,16964398
11,14|11|8|3|3|2|2|1,8,2003,24430567,silent,24428564
11,14|11|8|3|2|2|2|2,8,720,7512855,silent,7512135
11,14|11|7|7|2|1|1|1,8,1356,9273578,silent,9272222
11,14|11|7|6|3|1|1|1,8,3901,33223535,silent,33219634
11,14|11|7|6|2|2|1|1,8,3783,31611833,silent,31608050
11,14|11|7|5|4|1|1|1,8,4259,39005811,silent,39001552
11,14|11|7|5|3|2|1|1,8,8116,85352463,silent,85344347
11,14|11|7|5|2|2|2|1,8,3612,37679604,silent,37675992
11,14|11|7|4|4|2|1|1,8,4879,54115742,silent,54110863
11,14|11|7|4|3|3|1|1,8,3541,51196401,silent,51192860
11,14|11|7|4|3|2|2|1,8,5021,68739336,silent,68734315
11,14|11|7|4|2|2|2|2,8,1253,16541669,silent,16540416
11,14|11|7|3|3|3|2|1,8,1124,26343184,silent,26342060
11,14|11|7|3|3|2|2|2,8,761,15410176,silent,15409415
11,14|11|6|6|4|1|1|1,8,2070,20974660,silent,20972590
11,14|11|6|6|3|2|1|1,8,3836,43056160,silent,43052324
11,14|11|6|6|2|2|2|1,8,1711,18494449,silent,18492738
11,14|11|6|5|5|1|1|1,8,1507,15249891,silent,15248384
11,14|11|6|5|4|2|1|1,8,5820,70921094,silent,70915274
11,14|11|6|5|3|3|1|1,8,3578,54805026,silent,54801448
11,14|11|6|5|3|2|2|1,8,4728,71581086,silent,71576358
11,14|11|6|5|2|2|2|2,8,1053,15938857,silent,15937804
11,14|11|6|4|4|3|1|1,8,3055,46965916,silent,46962861
11,14|11|6|4|4|2|2|1,8,3325,50926326,silent,50923001
11,14|11|6|4|3|3|2|1,8,2646,61577382,silent,61574736
11,14|11|6|4|3|2|2|2,8,1558,33338572,silent,33337014
11,14|11|6|3|3|3|3|1,8,213,11529208,silent,11528995
11,14|11|6|3|3|3|2|2,8,299,14650369,silent,14650070
11,14|11|5|5|5|2|1|1,8,1182,15714244,silent,15713062
11,14|11|5|5|4|3|1|1,8,2143,34412657,silent,34410514
11,14|11|5|5|4|2|2|1,8,2089,36439166,silent,36437077
11,14|11|5|5|3|3|2|1,8,1512,36574147,silent,36572635
11,14|11|5|5|3|2|2|2,8,770,19257971,silent,19257201
11,14|11|5|4|4|4|1|1,8,807,12579812,silent,12579005
11,14|11|5|4|4|3|2|1,8,1847,40700972,silent,40699125
11,14|11|5|4|4|2|2|2,8,770,17516101,silent,17515331
11,14|11|5|4|3|3|3|1,8,413,19223856,silent,19223443
11,14|11|5|4|3|3|2|2,8,567,23773708,silent,23773141
11,14|11|5|3|3|3|3|2,8,40,6390110,silent,6390070
11,14|11|4|4|4|4|2|1,8,355,6333090,silent,6332735
11,14|11|4|4|4|3|3|1,8,207,7275687,silent,7275480
11,14|11|4|4|4|3|2|2,8,277,8445324,silent,8445047
11,14|11|4|4|3|3|3|2,8,44,5599760,silent,5599716
11,14|11|4|3|3|3|3|3,8,1,976425,silent,976424
11,14|10|10|6|1|1|1|1,8,349,1898368,silent,1898019
11,14|10|10|5|2|1|1|1,8,1125,7038413,silent,7037288
11,14|10|10|4|3|1|1|1,8,1190,8445651,silent,8444461
11,14|10|10|4|2|2|1|1,8,1241,8838133,silent,8836892
11,14|10|10|3|3|2|1|1,8,870,7065987,silent,7065117
11,14|10|10|3|2|2|2|1,8,583,4266031,silent,4265448
11,14|10|10|2|2|2|2|2,8,114,568988,silent,568874
11,14|10|9|7|1|1|1|1,8,503,3011194,silent,3010691
11,14|10|9|6|2|1|1|1,8,2238,15475878,silent,15473640
11,14|10|9|5|3|1|1|1,8,3483,28119801,silent,28116318
11,14|10|9|5|2|2|1|1,8,3425,27419912,silent,27416487
11,14|10|9|4|4|1|1|1,8,1793,15664508,silent,15662715
11,14|10|9|4|3|2|1|1,8,4354,42884685,silent,42880331
11,14|10|9|4|2|2|2|1,8,2160,20388093,silent,20385933
11,14|10|9|3|3|3|1|1,8,899,12358128,silent,12357229
11,14|10|9|3|3|2|2|1,8,1388,17762184,silent,17760796
11,14|10|9|3|2|2|2|2,8,482,5437806,silent,5437324
11,14|10|8|8|1|1|1|1,8,260,1514036,silent,1513776
11,14|10|8|7|2|1|1|1,8,1925,14122817,silent,14120892
11,14|10|8|6|3|1|1|1,8,4421,39540003,silent,39535582
11,14|10|8|6|2|2|1|1,8,4120,37399488,silent,37395368
11,14|10|8|5|4|1|1|1,8,4394,42894730,silent,42890336
11,14|10|8|5|3|2|1|1,8,8323,92834292,silent,92825969
11,14|10|8|5|2|2|2|1,8,3643,40709101,silent,40705458
11,14|10|8|4|4|2|1|1,8,4743,57075946,silent,57071203
11,14|10|8|4|3|3|1|1,8,3567,53537582,silent,53534015
11,14|10|8|4|3|2|2|1,8,4887,71624443,silent,71619556
11,14|10|8|4|2|2|2|2,8,1268,17122606,silent,17121338
11,14|10|8|3|3|3|2|1,8,1097,26927171,silent,26926074
11,14|10|8|3|3|2|2|2,8,686,15680193,silent,15679507
11,14|10|7|7|3|1|1|1,8,2093,19525295,silent,19523202
11,14|10|7|7|2|2|1|1,8,1983,18271172,silent,18269189
11,14|10|7|6|4|1|1|1,8,4069,43520178,silent,43516109
11,14|10|7|6|3|2|1|1,8,7183,87544201,silent,87537018
11,14|10|7|6|2|2|2|1,8,3029,37162537,silent,37159508
11,14|10|7|5|5|1|1|1,8,2296,25520368,silent,25518072
11,14|10|7|5|4|2|1|1,8,8567,113885853,silent,113877286
11,14|10|7|5|3|3|1|1,8,5183,86542106,silent,86536923
11,14|10|7|5|3|2|2|1,8,6738,112398408,silent,112391670
11,14|10|7|5|2|2|2|2,8,1410,24696889,silent,24695479
11,14|10|7|4|4|3|1|1,8,4138,69086452,silent,69082314
11,14|10|7|4|4|2|2|1,8,4356,74480166,silent,74475810
11,14|10|7|4|3|3|2|1,8,3527,88573729,silent,88570202
11,14|10|7|4|3|2|2|2,8,1983,47615802,silent,47613819
11,14|10|7|3|3|3|3|1,8,285,15909999,silent,15909714
11,14|10|7|3|3|3|2|2,8,401,20151823,silent,20151422
11,14|10|6|6|5|1|1|1,8,1410,17510949,silent,17509539
11,14|10|6|6|4|2|1|1,8,4364,63321053,silent,63316689
11,14|10|6|6|3|3|1|1,8,2619,45505297,silent,45502678
11,14|10|6|6|3|2|2|1,8,3369,58402051,silent,58398682
11,14|10|6|6|2|2|2|2,8,773,12475523,silent,12474750
11,14|10|6|5|5|2|1|1,8,3199,48212797,silent,48209598
11,14|10|6|5|4|3|1|1,8,5309,97129138,silent,97123829
11,14|10|6|5|4|2|2|1,8,5276,101863548,silent,101858272
11,14|10|6|5|3|3|2|1,8,3690,98945011,silent,98941321
11,14|10|6|5|3|2|2|2,8,1885,51492661,silent,51490776
11,14|10|6|4|4|4|1|1,8,1500,27952682,silent,27951182
11,14|10|6|4|4|3|2|1,8,3561,88622343,silent,88618782
11,14|10|6|4|4|2|2|2,8,1518,37706273,silent,37704755
11,14|10|6|4|3|3|3|1,8,824,40268267,silent,40267443
11,14|10|6|4|3|3|2|2,8,1037,49494682,silent,49493645
11,14|10|6|3|3|3|3|2,8,85,12168261,silent,12168176
11,14|10|5|5|5|3|1|1,8,1196,23946045,silent,23944849
11,14|10|5|5|5|2|2|1,8,1007,23559529,silent,23558522
11,14|10|5|5|4|4|1|1,8,1161,22428113,silent,22426952
11,14|10|5|5|4|3|2|1,8,2416,66650319,silent,66647903
11,14|10|5|5|4|2|2|2,8,821,27558391,silent,27557570
11,14|10|5|5|3|3|3|1,8,515,24734201,silent,24733686
11,14|10|5|5|3|3|2|2,8,631,30076187,silent,30075556
11,14|10|5|4|4|4|2|1,8,1143,26937191,silent,26936048
11,14|10|5|4|4|3|3|1,8,756,29949966,silent,29949210
11,14|10|5|4|4|3|2|2,8,864,34415173,silent,34414309
11,14|10|5|4|3|3|3|2,8,186,20989102,silent,20988916
11,14|10|5|3|3|3|3|3,8,3,2825190,silent,2825187
11,14|10|4|4|4|4|3|1,8,233,6133912,silent,6133679
11,14|10|4|4|4|4|2|2,8,240,5729151,silent,5728911
11,14|10|4|4|4|3|3|2,8,110,8253511,silent,8253401
11,14|10|4|4|3|3|3|3,8,7,2557141,silent,2557134
11,14|9|9|8|1|1|1|1,8,139,921764,silent,921625
11,14|9|9|7|2|1|1|1,8,944,6932954,silent,6932010
11,14|9|9|6|3|1|1|1,8,1968,18070099,silent,18068131
11,14|9|9|6|2|2|1|1,8,1891,17068235,silent,17066344
11,14|9|9|5|4|1|1|1,8,1922,19066402,silent,19064480
11,14|9|9|5|3|2|1|1,8,3551,41058961,silent,41055410
11,14|9|9|5|2|2|2|1,8,1513,17949946,silent,17948433
11,14|9|9|4|4|2|1|1,8,2091,24959627,silent,24957536
11,14|9|9|4|3|3|1|1,8,1465,23297323,silent,23295858
11,14|9|9|4|3|2|2|1,8,2043,31135107,silent,31133064
11,14|9|9|4|2|2|2|2,8,443,7402861,silent,7402418
11,14|9|9|3|3|3|2|1,8,468,11611233,silent,11610765
11,14|9|9|3|3|2|2|2,8,316,6754933,silent,6754617
11,14|9|8|8|2|1|1|1,8,552,4384692,silent,4384140
11,14|9|8|7|3|1|1|1,8,2228,21658021,silent,21655793
11,14|9|8|7|2|2|1|1,8,2034,20159331,silent,20157297
11,14|9|8|6|4|1|1|1,8,3417,38313681,silent,38310264
11,14|9|8|6|3|2|1|1,8,5969,76316609,silent,76310640
11,14|9|8|6|2|2|2|1,8,2480,32206243,silent,32203763
11,14|9|8|5|5|1|1|1,8,1809,21065542,silent,21063733
11,14|9|8|5|4|2|1|1,8,6571,92221457,silent,92214886
11,14|9|8|5|3|3|1|1,8,4001,69526095,silent,69522094
11,14|9|8|5|3|2|2|1,8,5122,90026486,silent,90021364
11,14|9|8|5|2|2|2|2,8,1075,19656391,silent,19655316
11,14|9|8|4|4|3|1|1,8,3069,53963452,silent,53960383
11,14|9|8|4|4|2|2|1,8,3210,58006220,silent,58003010
11,14|9|8|4|3|3|2|1,8,2610,68429828,silent,68427218
11,14|9|8|4|3|2|2|2,8,1440,36653733,silent,36652293
11,14|9|8|3|3|3|3|1,8,215,12059629,silent,12059414
11,14|9|8|3|3|3|2|2,8,290,15244469,silent,15244179
11,14|9|7|7|4|1|1|1,8,1855,21203282,silent,21201427
11,14|9|7|7|3|2|1|1,8,3055,41074956,silent,41071901
11,14|9|7|7|2|2|2|1,8,1196,17089420,silent,17088224
11,14|9|7|6|5|1|1|1,8,2298,29928932,silent,29926634
11,14|9|7|6|4|2|1|1,8,6798,104095022,silent,104088224
11,14|9|7|6|3|3|1|1,8,3880,73597077,silent,73593197
11,14|9|7|6|3|2|2|1,8,4927,93988405,silent,93983478
11,14|9|7|6|2|2|2|2,8,960,19803746,silent,19802786
11,14|9|7|5|5|2|1|1,8,3867,64176493,silent,64172626
11,14|9|7|5|4|3|1|1,8,6328,124745194,silent,124738866
11,14|9|7|5|4|2|2|1,8,6150,130130562,silent,130124412
11,14|9|7|5|3|3|2|1,8,4333,124438776,silent,124434443
11,14|9|7|5|3|2|2|2,8,2165,64341320,silent,64339155
11,14|9|7|4|4|4|1|1,8,1718,33202094,silent,33200376
11,14|9|7|4|4|3|2|1,8,3837,104067014,silent,104063177
11,14|9|7|4|4|2|2|2,8,1469,43960016,silent,43958547
11,14|9|7|4|3|3|3|1,8,899,46392623,silent,46391724
11,14|9|7|4|3|3|2|2,8,1168,56865908,silent,56864740
11,14|9|7|3|3|3|3|2,8,84,13434432,silent,13434348
11,14|9|6|6|6|1|1|1,8,405,6398231,silent,6397826
11,14|9|6|6|5|2|1|1,8,2600,46278110,silent,46275510
11,14|9|6|6|4|3|1|1,8,3457,73463647,silent,73460190
11,14|9|6|6|4|2|2|1,8,3475,75760967,silent,75757492
11,14|9|6|6|3|3|2|1,8,2278,68464746,silent,68462468
11,14|9|6|6|3|2|2|2,8,1176,34921285,silent,34920109
11,14|9|6|5|5|3|1|1,8,2714,61216676,silent,61213962
11,14|9|6|5|5|2|2|1,8,2374,59664646,silent,59662272
11,14|9|6|5|4|4|1|1,8,2382,53387468,silent,53385086
11,14|9|6|5|4|3|2|1,8,5124,155582804,silent,155577680
11,14|9|6|5|4|2|2|2,8,1866,63634469,silent,63632603
11,14|9|6|5|3|3|3|1,8,1066,55611449,silent,55610383
11,14|9|6|5|3|3|2|2,8,1266,67220276,silent,67219010
11,14|9|6|4|4|4|2|1,8,1844,49672044,silent,49670200
11,14|9|6|4|4|3|3|1,8,1236,54323014,silent,54321778
11,14|9|6|4|4|3|2|2,8,1399,62084523,silent,62083124
11,14|9|6|4|3|3|3|2,8,309,36463127,silent,36462818
11,14|9|6|3|3|3|3|3,8,7,4484733,silent,4484726
11,14|9|5|5|5|4|1|1,8,660,17297718,silent,17297058
11,14|9|5|5|5|3|2|1,8,1134,40421456,silent,40420322
11,14|9|5|5|5|2|2|2,8,331,15367388,silent,15367057
11,14|9|5|5|4|4|2|1,8,1274,41192522,silent,41191248
11,14|9|5|5|4|3|3|1,8,918,42590717,silent,42589799
11,14|9|5|5|4|3|2|2,8,903,48108984,silent,48108081
11,14|9|5|5|3|3|3|2,8,214,23089474,silent,23089260
11,14|9|5|4|4|4|3|1,8,666,22325945,silent,22325279
11,14|9|5|4|4|4|2|2,8,526,20606023,silent,20605497
11,14|9|5|4|4|3|3|2,8,374,28818128,silent,28817754
11,14|9|5|4|3|3|3|3,8,19,8152038,silent,8152019
11,14|9|4|4|4|4|4|1,8,116,2212719,silent,2212603
11,14|9|4|4|4|4|3|2,8,163,6343177,silent,6343014
11,14|9|4|4|4|3|3|3,8,17,3413463,silent,3413446
11,14|8|8|8|3|1|1|1,8,384,3863080,silent,3862696
11,14|8|8|8|2|2|1|1,8,308,3559632,silent,3559324
11,14|8|8|7|4|1|1|1,8,1104,13419032,silent,13417928
11,14|8|8|7|3|2|1|1,8,1862,25793286,silent,25791424
11,14|8|8|7|2|2|2|1,8,753,10683405,silent,10682652
11,14|8|8|6|5|1|1|1,8,1143,15467801,silent,15466658
11,14|8|8|6|4|2|1|1,8,3263,52938280,silent,52935017
11,14|8|8|6|3|3|1|1,8,1949,37210851,silent,37208902
11,14|8|8|6|3|2|2|1,8,2420,47390467,silent,47388047
11,14|8|8|6|2|2|2|2,8,544,9951166,silent,9950622
11,14|8|8|5|5|2|1|1,8,1845,30856155,silent,30854310
11,14|8|8|5|4|3|1|1,8,2880,59111123,silent,59108243
11,14|8|8|5|4|2|2|1,8,2839,61522700,silent,61519861
11,14|8|8|5|3|3|2|1,8,1963,58444297,silent,58442334
11,14|8|8|5|3|2|2|2,8,978,30131451,silent,30130473
11,14|8|8|4|4|4|1|1,8,697,15284804,silent,15284107
11,14|8|8|4|4|3|2|1,8,1701,47725825,silent,47724124
11,14|8|8|4|4|2|2|2,8,743,20124262,silent,20123519
11,14|8|8|4|3|3|3|1,8,407,21110267,silent,21109860
11,14|8|8|4|3|3|2|2,8,473,25818686,silent,25818213
11,14|8|8|3|3|3|3|2,8,45,6010068,silent,6010023
11,14|8|7|7|5|1|1|1,8,826,11555330,silent,11554504
11,14|8|7|7|4|2|1|1,8,2237,36960343,silent,36958106
11,14|8|7|7|3|3|1|1,8,1209,25344732,silent,25343523
11,14|8|7|7|3|2|2|1,8,1509,32091801,silent,32090292
11,14|8|7|7|2|2|2|2,8,252,6616656,silent,6616404
11,14|8|7|6|6|1|1|1,8,549,8561327,silent,8560778
11,14|8|7|6|5|2|1|1,8,3022,57064198,silent,57061176
11,14|8|7|6|4|3|1|1,8,3907,87649466,silent,87645559
11,14|8|7|6|4|2|2|1,8,3779,89960446,silent,89956667
11,14|8|7|6|3|3|2|1,8,2513,80156011,silent,80153498
11,14|8|7|6|3|2|2|2,8,1235,40643308,silent,40642073
11,14|8|7|5|5|3|1|1,8,2459,59621931,silent,59619472
11,14|8|7|5|5|2|2|1,8,2161,57842579,silent,57840418
11,14|8|7|5|4|4|1|1,8,2130,50571374,silent,50569244
11,14|8|7|5|4|3|2|1,8,4491,145939756,silent,145935265
11,14|8|7|5|4|2|2|2,8,1588,59340784,silent,59339196
11,14|8|7|5|3|3|3|1,8,929,51277684,silent,51276755
11,14|8|7|5|3|3|2|2,8,1116,61815907,silent,61814791
11,14|8|7|4|4|4|2|1,8,1473,43286473,silent,43285000
11,14|8|7|4|4|3|3|1,8,1013,46968766,silent,46967753
11,14|8|7|4|4|3|2|2,8,1106,53523616,silent,53522510
11,14|8|7|4|3|3|3|2,8,257,30905429,silent,30905172
11,14|8|7|3|3|3|3|3,8,5,3659320,silent,3659315
11,14|8|6|6|6|2|1|1,8,612,13698248,silent,13697636
11,14|8|6|6|5|3|1|1,8,1830,47419374,silent,47417544
11,14|8|6|6|5|2|2|1,8,1679,45470798,silent,45469119
11,14|8|6|6|4|4|1|1,8,1239,33354950,silent,33353711
11,14|8|6|6|4|3|2|1,8,2768,93690205,silent,93687437
11,14|8|6|6|4|2|2|2,8,1104,37600712,silent,37599608
11,14|8|6|6|3|3|3|1,8,539,30881054,silent,30880515
11,14|8|6|6|3|3|2|2,8,616,36968434,silent,36967818
11,14|8|6|5|5|4|1|1,8,1248,35504879,silent,35503631
11,14|8|6|5|5|3|2|1,8,2122,81410829,silent,81408707
11,14|8|6|5|5|2|2|2,8,631,30620355,silent,30619724
11,14|8|6|5|4|4|2|1,8,2225,77481749,silent,77479524
11,14|8|6|5|4|3|3|1,8,1533,78867080,silent,78865547
11,14|8|6|5|4|3|2|2,8,1592,88639250,silent,88637658
11,14|8|6|5|3|3|3|2,8,352,41037773,silent,41037421
11,14|8|6|4|4|4|3|1,8,850,32821194,silent,32820344
11,14|8|6|4|4|4|2|2,8,753,30165421,silent,30164668
11,14|8|6|4|4|3|3|2,8,464,41496702,silent,41496238
11,14|8|6|4|3|3|3|3,8,34,11299083,silent,11299049
11,14|8|5|5|5|5|1|1,8,132,4922031,silent,4921899
11,14|8|5|5|5|4|2|1,8,587,26952809,silent,26952222
11,14|8|5|5|5|3|3|1,8,390,22411874,silent,22411484
11,14|8|5|5|5|3|2|2,8,338,24510945,silent,24510607
11,14|8|5|5|4|4|3|1,8,626,28842053,silent,28841427
11,14|8|5|5|4|4|2|2,8,422,26163629,silent,26163207
11,14|8|5|5|4|3|3|2,8,377,34083400,silent,34083023
11,14|8|5|5|3|3|3|3,8,23,7512249,silent,7512226
11,14|8|5|4|4|4|4|1,8,237,6767937,silent,6767700
11,14|8|5|4|4|4|3|2,8,352,19028682,silent,19028330
11,14|8|5|4|4|3|3|3,8,56,9872207,silent,9872151
11,14|8|4|4|4|4|4|2,8,106,2172212,silent,2172106
11,14|8|4|4|4|4|3|3,8,31,2467593,silent,2467562
11,14|7|7|7|6|1|1|1,8,155,2347833,silent,2347678
11,14|7|7|7|5|2|1|1,8,600,12359738,silent,12359138
11,14|7|7|7|4|3|1|1,8,739,17642864,silent,17642125
11,14|7|7|7|4|2|2|1,8,655,17963312,silent,17962657
11,14|7|7|7|3|3|2|1,8,451,15569613,silent,15569162
11,14|7|7|7|3|2|2|2,8,201,7816953,silent,7816752
11,14|7|7|6|6|2|1|1,8,479,10108179,silent,10107700
11,14|7|7|6|5|3|1|1,8,1195,32636438,silent,32635243
11,14|7|7|6|5|2|2|1,8,1053,31182312,silent,31181259
11,14|7|7|6|4|4|1|1,8,856,22440312,silent,22439456
11,14|7|7|6|4|3|2|1,8,1727,62483050,silent,62481323
11,14|7|7|6|4|2|2|2,8,566,24932005,silent,24931439
11,14|7|7|6|3|3|3|1,8,343,20301211,silent,20300868
11,14|7|7|6|3|3|2|2,8,424,24274923,silent,24274499
11,14|7|7|5|5|4|1|1,8,624,19792740,silent,19792116
11,14|7|7|5|5|3|2|1,8,1117,45047388,silent,45046271
11,14|7|7|5|5|2|2|2,8,368,16875947,silent,16875579
11,14|7|7|5|4|4|2|1,8,1115,41862688,silent,41861573
11,14|7|7|5|4|3|3|1,8,797,42340381,silent,42339584
11,14|7|7|5|4|3|2|2,8,792,47476290,silent,47475498
11,14|7|7|5|3|3|3|2,8,180,21674273,silent,21674093
11,14|7|7|4|4|4|3|1,8,415,16526599,silent,16526184
11,14|7|7|4|4|4|2|2,8,275,15127083,silent,15126808
11,14|7|7|4|4|3|3|2,8,252,20717925,silent,20717673
11,14|7|7|4|3|3|3|3,8,11,5545404,silent,5545393
11,14|7|6|6|6|3|1|1,8,339,10496086,silent,10495747
11,14|7|6|6|6|2|2|1,8,334,9757984,silent,9757650
11,14|7|6|6|5|4|1|1,8,623,20417975,silent,20417352
11,14|7|6|6|5|3|2|1,8,1097,45194837,silent,45193740
11,14|7|6|6|5|2|2|2,8,376,16696721,silent,16696345
11,14|7|6|6|4|4|2|1,8,914,34857044,silent,34856130
11,14|7|6|6|4|3|3|1,8,598,34426377,silent,34425779
11,14|7|6|6|4|3|2|2,8,662,38366757,silent,38366095
11,14|7|6|6|3|3|3|2,8,128,16421812,silent,16421684
11,14|7|6|5|5|5|1|1,8,188,7441143,silent,7440955
11,14|7|6|5|5|4|2|1,8,820,39293216,silent,39292396
11,14|7|6|5|5|3|3|1,8,518,32216871,silent,32216353
11,14|7|6|5|5|3|2|2,8,479,35066519,silent,35066040
11,14|7|6|5|4|4|3|1,8,776,38874029,silent,38873253
11,14|7|6|5|4|4|2|2,8,598,35128959,silent,35128361
11,14|7|6|5|4|3|3|2,8,454,45085606,silent,45085152
11,14|7|6|5|3|3|3|3,8,31,9597327,silent,9597296
11,14|7|6|4|4|4|4|1,8,223,7244667,silent,7244444
11,14|7|6|4|4|4|3|2,8,337,20176474,silent,20176137
11,14|7|6|4|4|3|3|3,8,52,10290266,silent,10290214
11,14|7|5|5|5|5|2|1,8,96,6328502,silent,6328406
11,14|7|5|5|5|4|3|1,8,223,15481687,silent,15481464
11,14|7|5|5|5|4|2|2,8,149,13612455,silent,13612306
11,14|7|5|5|5|3|3|2,8,119,14274330,silent,14274211
11,14|7|5|5|4|4|4|1,8,144,7131800,silent,7131656
11,14|7|5|5|4|4|3|2,8,235,19326958,silent,19326723
11,14|7|5|5|4|3|3|3,8,54,9251765,silent,9251711
11,14|7|5|4|4|4|4|2,8,127,5167174,silent,5167047
11,14|7|5|4|4|4|3|3,8,76,5812528,silent,5812452
11,14|7|4|4|4|4|4|3,8,39,915251,silent,915212
11,14|6|6|6|6|4|1|1,8,58,2697077,silent,2697019
11,14|6|6|6|6|3|2|1,8,131,5532859,silent,5532728
11,14|6|6|6|6|2|2|2,8,74,1980405,silent,1980331
11,14|6|6|6|5|5|1|1,8,63,2528526,silent,2528463
11,14|6|6|6|5|4|2|1,8,260,12333374,silent,12333114
11,14|6|6|6|5|3|3|1,8,142,9835982,silent,9835840
11,14|6|6|6|5|3|2|2,8,154,10620462,silent,10620308
11,14|6|6|6|4|4|3|1,8,177,9688374,silent,9688197
11,14|6|6|6|4|4|2|2,8,190,8706837,silent,8706647
11,14|6|6|6|4|3|3|2,8,88,10842592,silent,10842504
11,14|6|6|6|3|3|3|3,8,9,2140080,silent,2140071
11,14|6|6|5|5|5|2|1,8,71,5148388,silent,5148317
11,14|6|6|5|5|4|3|1,8,179,12254197,silent,12254018
11,14|6|6|5|5|4|2|2,8,106,10725289,silent,10725183
11,14|6|6|5|5|3|3|2,8,102,11125321,silent,11125219
11,14|6|6|5|4|4|4|1,8,114,5294599,silent,5294485
11,14|6|6|5|4|4|3|2,8,176,14236464,silent,14236288
11,14|6|6|5|4|3|3|3,8,32,6717588,silent,6717556
11,14|6|6|4|4|4|4|2,8,97,3092190,silent,3092093
11,14|6|6|4|4|4|3|3,8,27,3439939,silent,3439912
11,14|6|5|5|5|5|3|1,8,30,2825262,silent,2825232
11,14|6|5|5|5|5|2|2,8,18,2316850,silent,2316832
11,14|6|5|5|5|4|4|1,8,32,2955543,silent,2955511
11,14|6|5|5|5|4|3|2,8,54,7390553,silent,7390499
11,14|6|5|5|5|3|3|3,8,15,2796131,silent,2796116
11,14|6|5|5|4|4|4|2,8,43,3828607,silent,3828564
11,14|6|5|5|4|4|3|3,8,39,4187434,silent,4187395
11,14|6|5|4|4|4|4|3,8,38,1529274,silent,1529236
11,14|6|4|4|4|4|4|4,8,19,134626,silent,134607
11,14|5|5|5|5|5|4|1,8,4,373651,silent,373647
11,14|5|5|5|5|5|3|2,8,3,739245,silent,739242
11,14|5|5|5|5|4|4|2,8,7,854518,silent,854511
11,14|5|5|5|5|4|3|3,8,3,869567,silent,869564
11,14|5|5|5|4|4|4|3,8,6,605651,silent,605645
11,14|5|5|4|4|4|4|4,8,2,116563,silent,116561
11,13|13|13|1|1|1|1|1,8,0,-1,a0,
11,13|13|12|2|1|1|1|1,8,8,38681,silent,38673
11,13|13|11|3|1|1|1|1,8,55,238698,silent,238643
11,13|13|11|2|2|1|1|1,8,64,217414,silent,217350
11,13|13|10|4|1|1|1|1,8,155,756662,silent,756507
11,13|13|10|3|2|1|1|1,8,306,1356027,silent,1355721
11,13|13|10|2|2|2|1|1,8,160,567860,silent,567700
11,13|13|9|5|1|1|1|1,8,285,1420988,silent,1420703
11,13|13|9|4|2|1|1|1,8,746,3876089,silent,3875343
11,13|13|9|3|3|1|1|1,8,420,2469251,silent,2468831
11,13|13|9|3|2|2|1|1,8,619,3228727,silent,3228108
11,13|13|9|2|2|2|2|1,8,174,784334,silent,784160
11,13|13|8|6|1|1|1|1,8,274,1569284,silent,1569010
11,13|13|8|5|2|1|1|1,8,1061,6168621,silent,6167560
11,13|13|8|4|3|1|1|1,8,1112,7592958,silent,7591846
11,13|13|8|4|2|2|1|1,8,1290,7995800,silent,7994510
11,13|13|8|3|3|2|1|1,8,819,6459211,silent,6458392
11,13|13|8|3|2|2|2|1,8,581,3924502,silent,3923921
11,13|13|8|2|2|2|2|2,8,78,524514,silent,524436
11,13|13|7|7|1|1|1|1,8,139,704222,silent,704083
11,13|13|7|6|2|1|1|1,8,802,5062872,silent,5062070
11,13|13|7|5|3|1|1|1,8,1422,10388375,silent,10386953
11,13|13|7|5|2|2|1|1,8,1421,10217089,silent,10215668
11,13|13|7|4|4|1|1|1,8,769,6056437,silent,6055668
11,13|13|7|4|3|2|1|1,8,1905,16865827,silent,16863922
11,13|13|7|4|2|2|2|1,8,986,8102196,silent,8101210
11,13|13|7|3|3|3|1|1,8,396,5003993,silent,5003597
11,13|13|7|3|3|2|2|1,8,638,7232292,silent,7231654
11,13|13|7|3|2|2|2|2,8,234,2239056,silent,2238822
11,13|13|6|6|3|1|1|1,8,624,5085646,silent,5085022
11,13|13|6|6|2|2|1|1,8,666,4887554,silent,4886888
11,13|13|6|5|4|1|1|1,8,895,7568267,silent,7567372
11,13|13|6|5|3|2|1|1,8,1756,16899605,silent,16897849
11,13|13|6|5|2|2|2|1,8,810,7548045,silent,7547235
11,13|13|6|4|4|2|1|1,8,1159,11510769,silent,11509610
11,13|13|6|4|3|3|1|1,8,808,11070309,silent,11069501
11,13|13|6|4|3|2|2|1,8,1217,14950157,silent,14948940
11,13|13|6|4|2|2|2|2,8,296,3642173,silent,3641877
11,13|13|6|3|3|3|2|1,8,270,5951925,silent,5951655
11,13|13|6|3|3|2|2|2,8,203,3506997,silent,3506794
11,13|13|5|5|5|1|1|1,8,187,1579613,silent,1579426
11,13|13|5|5|4|2|1|1,8,739,8035481,silent,8034742
11,13|13|5|5|3|3|1|1,8,488,6417104,silent,6416616
11,13|13|5|5|3|2|2|1,8,621,8461969,silent,8461348
11,13|13|5|5|2|2|2|2,8,154,1927302,silent,1927148
11,13|13|5|4|4|3|1|1,8,503,6836063,silent,6835560
11,13|13|5|4|4|2|2|1,8,555,7483229,silent,7482674
11,13|13|5|4|3|3|2|1,8,445,9350994,silent,9350549
11,13|13|5|4|3|2|2|2,8,271,5121569,silent,5121298
11,13|13|5|3|3|3|3|1,8,37,1915084,silent,1915047
11,13|13|5|3|3|3|2|2,8,51,2448089,silent,2448038
11,13|13|4|4|4|4|1|1,8,88,951224,silent,951136
11,13|13|4|4|4|3|2|1,8,173,3198065,silent,3197892
11,13|13|4|4|4|2|2|2,8,70,1404163,silent,1404093
11,13|13|4|4|3|3|3|1,8,30,1642955,silent,1642925
11,13|13|4|4|3|3|2|2,8,65,2052667,silent,2052602
11,13|13|4|3|3|3|3|2,8,2,709134,silent,709132
11,13|13|3|3|3|3|3|3,8,1,54880,silent,54879
11,13|12|12|3|1|1|1|1,8,34,135734,silent,135700
11,13|12|12|2|2|1|1|1,8,30,122239,silent,122209
11,13|12|11|4|1|1|1|1,8,157,744339,silent,744182
11,13|12|11|3|2|1|1|1,8,293,1326607,silent,1326314
11,13|12|11|2|2|2|1|1,8,141,552910,silent,552769
11,13|12|10|5|1|1|1|1,8,382,1948818,silent,1948436
11,13|12|10|4|2|1|1|1,8,960,5241127,silent,5240167
11,13|12|10|3|3|1|1|1,8,560,3323580,silent,3323020
11,13|12|10|3|2|2|1|1,8,783,4329170,silent,4328387
11,13|12|10|2|2|2|2|1,8,226,1047461,silent,1047235
11,13|12|9|6|1|1|1|1,8,521,2924518,silent,2923997
11,13|12|9|5|2|1|1|1,8,1803,10988027,silent,10986224
11,13|12|9|4|3|1|1|1,8,1876,13250768,silent,13248892
11,13|12|9|4|2|2|1|1,8,2056,13892243,silent,13890187
11,13|12|9|3|3|2|1|1,8,1355,11120142,silent,11118787
11,13|12|9|3|2|2|2|1,8,916,6721785,silent,6720869
11,13|12|9|2|2|2|2|2,8,141,892751,silent,892610
11,13|12|8|7|1|1|1|1,8,397,2321468,silent,2321071
11,13|12|8|6|2|1|1|1,8,1896,12858792,silent,12856896
11,13|12|8|5|3|1|1|1,8,3071,24114529,silent,24111458
11,13|12|8|5|2|2|1|1,8,3023,23563170,silent,23560147
11,13|12|8|4|4|1|1|1,8,1585,13596315,silent,13594730
11,13|12|8|4|3|2|1|1,8,3912,37400989,silent,37397077
11,13|12|8|4|2|2|2|1,8,1967,17830570,silent,17828603
11,13|12|8|3|3|3|1|1,8,819,10867668,silent,10866849
11,13|12|8|3|3|2|2|1,8,1260,15636894,silent,15635634
11,13|12|8|3|2|2|2|2,8,450,4802842,silent,4802392
11,13|12|7|7|2|1|1|1,8,855,5913529,silent,5912674
11,13|12|7|6|3|1|1|1,8,2450,21019860,silent,21017410
11,13|12|7|6|2|2|1|1,8,2353,19982340,silent,19979987
11,13|12|7|5|4|1|1|1,8,2653,24575939,silent,24573286
11,13|12|7|5|3|2|1|1,8,5052,53704582,silent,53699530
11,13|12|7|5|2|2|2|1,8,2229,23682955,silent,23680726
11,13|12|7|4|4|2|1|1,8,3009,33975627,silent,33972618
11,13|12|7|4|3|3|1|1,8,2210,32114405,silent,32112195
11,13|12|7|4|3|2|2|1,8,3096,43089039,silent,43085943
11,13|12|7|4|2|2|2|2,8,774,10357199,silent,10356425
11,13|12|7|3|3|3|2|1,8,699,16483344,silent,16482645
11,13|12|7|3|3|2|2|2,8,459,9632170,silent,9631711
11,13|12|6|6|4|1|1|1,8,1282,13105018,silent,13103736
11,13|12|6|6|3|2|1|1,8,2364,26865912,silent,26863548
11,13|12|6|6|2|2|2|1,8,1045,11528137,silent,11527092
11,13|12|6|5|5|1|1|1,8,931,9498094,silent,9497163
11,13|12|6|5|4|2|1|1,8,3567,44073577,silent,44070010
11,13|12|6|5|3|3|1|1,8,2204,34026450,silent,34024246
11,13|12|6|5|3|2|2|1,8,2885,44412967,silent,44410082
11,13|12|6|5|2|2|2|2,8,637,9876979,silent,9876342
11,13|12|6|4|4|3|1|1,8,1863,29097452,silent,29095589
11,13|12|6|4|4|2|2|1,8,2023,31533034,silent,31531011
11,13|12|6|4|3|3|2|1,8,1620,38091649,silent,38090029
11,13|12|6|4|3|2|2|2,8,941,20604442,silent,20603501
11,13|12|6|3|3|3|3|1,8,134,7117942,silent,7117808
11,13|12|6|3|3|3|2|2,8,182,9038093,silent,9037911
11,13|12|5|5|5|2|1|1,8,724,9704719,silent,9703995
11,13|12|5|5|4|3|1|1,8,1303,21213685,silent,21212382
11,13|12|5|5|4|2|2|1,8,1266,22449212,silent,22447946
11,13|12|5|5|3|3|2|1,8,920,22511621,silent,22510701
11,13|12|5|5|3|2|2|2,8,462,11842183,silent,11841721
11,13|12|5|4|4|4|1|1,8,480,7734070,silent,7733590
11,13|12|5|4|4|3|2|1,8,1117,25001274,silent,25000157
11,13|12|5|4|4|2|2|2,8,466,10751069,silent,10750603
11,13|12|5|4|3|3|3|1,8,254,11794862,silent,11794608
11,13|12|5|4|3|3|2|2,8,340,14576656,silent,14576316
11,13|12|5|3|3|3|3|2,8,27,3911008,silent,3910981
11,13|12|4|4|4|4|2|1,8,211,3873142,silent,3872931
11,13|12|4|4|4|3|3|1,8,124,4446571,silent,4446447
11,13|12|4|4|4|3|2|2,8,165,5158751,silent,5158586
11,13|12|4|4|3|3|3|2,8,27,3416544,silent,3416517
11,13|12|4|3|3|3|3|3,8,1,594675,silent,594674
11,13|11|11|5|1|1|1|1,8,173,908123,silent,907950
11,13|11|11|4|2|1|1|1,8,454,2434075,silent,2433621
11,13|11|11|3|3|1|1|1,8,242,1536705,silent,1536463
11,13|11|11|3|2|2|1|1,8,363,2004276,silent,2003913
11,13|11|11|2|2|2|2|1,8,94,482648,silent,482554
11,13|11|10|6|1|1|1|1,8,417,2414465,silent,2414048
11,13|11|10|5|2|1|1|1,8,1416,8887462,silent,8886046
11,13|11|10|4|3|1|1|1,8,1454,10609217,silent,10607763
11,13|11|10|4|2|2|1|1,8,1593,11101513,silent,11099920
11,13|11|10|3|3|2|1|1,8,1033,8840247,silent,8839214
11,13|11|10|3|2|2|2|1,8,692,5330041,silent,5329349
11,13|11|10|2|2|2|2|2,8,98,703679,silent,703581
11,13|11|9|7|1|1|1|1,8,505,3012265,silent,3011760
11,13|11|9|6|2|1|1|1,8,2189,15255882,silent,15253693
11,13|11|9|5|3|1|1|1,8,3347,27487337,silent,27483990
11,13|11|9|5|2|2|1|1,8,3267,26774026,silent,26770759
11,13|11|9|4|4|1|1|1,8,1740,15259659,silent,15257919
11,13|11|9|4|3|2|1|1,8,4144,41674334,silent,41670190
11,13|11|9|4|2|2|2|1,8,2010,19777086,silent,19775076
11,13|11|9|3|3|3|1|1,8,849,11967886,silent,11967037
11,13|11|9|3|3|2|2|1,8,1315,17190239,silent,17188924
11,13|11|9|3|2|2|2|2,8,436,5248839,silent,5248403
11,13|11|8|8|1|1|1|1,8,218,1411453,silent,1411235
11,13|11|8|7|2|1|1|1,8,1735,12860068,silent,12858333
11,13|11|8|6|3|1|1|1,8,3889,35495843,silent,35491954
11,13|11|8|6|2|2|1|1,8,3685,33547397,silent,33543712
11,13|11|8|5|4|1|1|1,8,3861,38236231,silent,38232370
11,13|11|8|5|3|2|1|1,8,7226,82564218,silent,82556992
11,13|11|8|5|2|2|2|1,8,3116,36145380,silent,36142264
11,13|11|8|4|4|2|1|1,8,4188,50590620,silent,50586432
11,13|11|8|4|3|3|1|1,8,3048,47354951,silent,47351903
11,13|11|8|4|3|2|2|1,8,4202,63305448,silent,63301246
11,13|11|8|4|2|2|2|2,8,996,15089680,silent,15088684
11,13|11|8|3|3|3|2|1,8,959,23726986,silent,23726027
11,13|11|8|3|3|2|2|2,8,618,13803986,silent,13803368
11,13|11|7|7|3|1|1|1,8,1818,16998992,silent,16997174
11,13|11|7|7|2|2|1|1,8,1643,15882854,silent,15881211
11,13|11|7|6|4|1|1|1,8,3453,37398775,silent,37395322
11,13|11|7|6|3|2|1|1,8,6039,75063076,silent,75057037
11,13|11|7|6|2|2|2|1,8,2500,31810809,silent,31808309
11,13|11|7|5|5|1|1|1,8,1926,21802820,silent,21800894
11,13|11|7|5|4|2|1|1,8,7115,96953733,silent,96946618
11,13|11|7|5|3|3|1|1,8,4349,73555207,silent,73550858
11,13|11|7|5|3|2|2|1,8,5562,95443762,silent,95438200
11,13|11|7|5|2|2|2|2,8,1157,20928664,silent,20927507
11,13|11|7|4|4|3|1|1,8,3437,58511994,silent,58508557
11,13|11|7|4|4|2|2|1,8,3563,63016323,silent,63012760
11,13|11|7|4|3|3|2|1,8,2929,74825376,silent,74822447
11,13|11|7|4|3|2|2|2,8,1606,40169270,silent,40167664
11,13|11|7|3|3|3|3|1,8,244,13393058,silent,13392814
11,13|11|7|3|3|3|2|2,8,335,16953417,silent,16953082
11,13|11|6|6|5|1|1|1,8,1167,14720661,silent,14719494
11,13|11|6|6|4|2|1|1,8,3648,53054726,silent,53051078
11,13|11|6|6|3|3|1|1,8,2096,38049649,silent,38047553
11,13|11|6|6|3|2|2|1,8,2740,48800664,silent,48797924
11,13|11|6|6|2|2|2|2,8,555,10393097,silent,10392542
11,13|11|6|5|5|2|1|1,8,2570,40153927,silent,40151357
11,13|11|6|5|4|3|1|1,8,4316,80663518,silent,80659202
11,13|11|6|5|4|2|2|1,8,4247,84517581,silent,84513334
11,13|11|6|5|3|3|2|1,8,3000,81969534,silent,81966534
11,13|11|6|5|3|2|2|2,8,1521,42604683,silent,42603162
11,13|11|6|4|4|4|1|1,8,1262,23119750,silent,23118488
11,13|11|6|4|4|3|2|1,8,2857,73159131,silent,73156274
11,13|11|6|4|4|2|2|2,8,1126,31071674,silent,31070548
11,13|11|6|4|3|3|3|1,8,663,33173699,silent,33173036
11,13|11|6|4|3|3|2|2,8,873,40754013,silent,40753140
11,13|11|6|3|3|3|3|2,8,65,9981796,silent,9981731
11,13|11|5|5|5|3|1|1,8,964,19661089,silent,19660125
11,13|11|5|5|5|2|2|1,8,811,19326536,silent,19325725
11,13|11|5|5|4|4|1|1,8,893,18368029,silent,18367136
11,13|11|5|5|4|3|2|1,8,1928,54516451,silent,54514523
11,13|11|5|5|4|2|2|2,8,685,22518290,silent,22517605
11,13|11|5|5|3|3|3|1,8,425,20193250,silent,20192825
11,13|11|5|5|3|3|2|2,8,481,24528679,silent,24528198
11,13|11|5|4|4|4|2|1,8,893,21936927,silent,21936034
11,13|11|5|4|4|3|3|1,8,604,24366542,silent,24365938
11,13|11|5|4|4|3|2|2,8,677,27975009,silent,27974332
11,13|11|5|4|3|3|3|2,8,153,17030728,silent,17030575
11,13|11|5|3|3|3|3|3,8,4,2284210,silent,2284206
11,13|11|4|4|4|4|3|1,8,190,4953796,silent,4953606
11,13|11|4|4|4|4|2|2,8,151,4615349,silent,4615198
11,13|11|4|4|4|3|3|2,8,99,6654977,silent,6654878
11,13|11|4|4|3|3|3|3,8,2,2054486,silent,2054484
11,13|10|10|7|1|1|1|1,8,235,1418576,silent,1418341
11,13|10|10|6|2|1|1|1,8,951,6939248,silent,6938297
11,13|10|10|5|3|1|1|1,8,1473,12311852,silent,12310379
11,13|10|10|5|2|2|1|1,8,1403,11963441,silent,11962038
11,13|10|10|4|4|1|1|1,8,728,6783505,silent,6782777
11,13|10|10|4|3|2|1|1,8,1786,18478042,silent,18476256
11,13|10|10|4|2|2|2|1,8,883,8753446,silent,8752563
11,13|10|10|3|3|3|1|1,8,386,5285644,silent,5285258
11,13|10|10|3|3|2|2|1,8,556,7574930,silent,7574374
11,13|10|10|3|2|2|2|2,8,199,2311890,silent,2311691
11,13|10|9|8|1|1|1|1,8,251,1598255,silent,1598004
11,13|10|9|7|2|1|1|1,8,1498,11442506,silent,11441008
11,13|10|9|6|3|1|1|1,8,3096,29097121,silent,29094025
11,13|10|9|6|2|2|1|1,8,2867,27414324,silent,27411457
11,13|10|9|5|4|1|1|1,8,2950,30318663,silent,30315713
11,13|10|9|5|3|2|1|1,8,5469,65069907,silent,65064438
11,13|10|9|5|2|2|2|1,8,2311,28376465,silent,28374154
11,13|10|9|4|4|2|1|1,8,3100,39299420,silent,39296320
11,13|10|9|4|3|3|1|1,8,2288,36608632,silent,36606344
11,13|10|9|4|3|2|2|1,8,3082,48841186,silent,48838104
11,13|10|9|4|2|2|2|2,8,726,11592482,silent,11591756
11,13|10|9|3|3|3|2|1,8,709,18123860,silent,18123151
11,13|10|9|3|3|2|2|2,8,439,10516946,silent,10516507
11,13|10|8|8|2|1|1|1,8,717,5836143,silent,5835426
11,13|10|8|7|3|1|1|1,8,2764,27523935,silent,27521171
11,13|10|8|7|2|2|1|1,8,2486,25567437,silent,25564951
11,13|10|8|6|4|1|1|1,8,4119,47566842,silent,47562723
11,13|10|8|6|3|2|1|1,8,7155,94426037,silent,94418882
11,13|10|8|6|2|2|2|1,8,2932,39751585,silent,39748653
11,13|10|8|5|5|1|1|1,8,2174,25897967,silent,25895793
11,13|10|8|5|4|2|1|1,8,7758,112712034,silent,112704276
11,13|10|8|5|3|3|1|1,8,4758,84760170,silent,84755412
11,13|10|8|5|3|2|2|1,8,5993,109594197,silent,109588204
11,13|10|8|5|2|2|2|2,8,1245,23862345,silent,23861100
11,13|10|8|4|4|3|1|1,8,3580,65383495,silent,65379915
11,13|10|8|4|4|2|2|1,8,3732,70191387,silent,70187655
11,13|10|8|4|3|3|2|1,8,3057,82590804,silent,82587747
11,13|10|8|4|3|2|2|2,8,1654,44156289,silent,44154635
11,13|10|8|3|3|3|3|1,8,266,14475999,silent,14475733
11,13|10|8|3|3|3|2|2,8,334,18272622,silent,18272288
11,13|10|7|7|4|1|1|1,8,2083,24508992,silent,24506909
11,13|10|7|7|3|2|1|1,8,3419,47318170,silent,47314751
11,13|10|7|7|2|2|2|1,8,1327,19639179,silent,19637852
11,13|10|7|6|5|1|1|1,8,2534,33882053,silent,33879519
11,13|10|7|6|4|2|1|1,8,7382,117162404,silent,117155022
11,13|10|7|6|3|3|1|1,8,4260,82632746,silent,82628486
11,13|10|7|6|3|2|2|1,8,5318,105377127,silent,105371809
11,13|10|7|6|2|2|2|2,8,1042,22145137,silent,22144095
11,13|10|7|5|5|2|1|1,8,4202,71530390,silent,71526188
11,13|10|7|5|4|3|1|1,8,6790,138353840,silent,138347050
11,13|10|7|5|4|2|2|1,8,6557,144135259,silent,144128702
11,13|10|7|5|3|3|2|1,8,4645,137483784,silent,137479139
11,13|10|7|5|3|2|2|2,8,2272,70952930,silent,70950658
11,13|10|7|4|4|4|1|1,8,1783,36542515,silent,36540732
11,13|10|7|4|4|3|2|1,8,4053,114292705,silent,114288652
11,13|10|7|4|4|2|2|2,8,1573,48200423,silent,48198850
11,13|10|7|4|3|3|3|1,8,979,50791304,silent,50790325
11,13|10|7|4|3|3|2|2,8,1216,62179022,silent,62177806
11,13|10|7|3|3|3|3|2,8,100,14613573,silent,14613473
11,13|10|6|6|6|1|1|1,8,431,6968568,silent,6968137
11,13|10|6|6|5|2|1|1,8,2714,49935977,silent,49933263
11,13|10|6|6|4|3|1|1,8,3593,78886452,silent,78882859
11,13|10|6|6|4|2|2|1,8,3575,81247459,silent,81243884
11,13|10|6|6|3|3|2|1,8,2363,73239672,silent,73237309
11,13|10|6|6|3|2|2|2,8,1196,37288592,silent,37287396
11,13|10|6|5|5|3|1|1,8,2804,65094872,silent,65092068
11,13|10|6|5|5|2|2|1,8,2427,63358596,silent,63356169
11,13|10|6|5|4|4|1|1,8,2420,56551922,silent,56549502
11,13|10|6|5|4|3|2|1,8,5220,164435039,silent,164429819
11,13|10|6|5|4|2|2|2,8,1879,67134747,silent,67132868
11,13|10|6|5|3|3|3|1,8,1107,58593358,silent,58592251
11,13|10|6|5|3|3|2|2,8,1283,70742361,silent,70741078
11,13|10|6|4|4|4|2|1,8,1839,52113362,silent,52111523
11,13|10|6|4|4|3|3|1,8,1246,56897513,silent,56896267
11,13|10|6|4|4|3|2|2,8,1398,64959508,silent,64958110
11,13|10|6|4|3|3|3|2,8,321,38034747,silent,38034426
11,13|10|6|3|3|3|3|3,8,10,4652559,silent,4652549
11,13|10|5|5|5|4|1|1,8,671,17949730,silent,17949059
11,13|10|5|5|5|3|2|1,8,1136,41847843,silent,41846707
11,13|10|5|5|5|2|2|2,8,322,15879180,silent,15878858
11,13|10|5|5|4|4|2|1,8,1261,42489536,silent,42488275
11,13|10|5|5|4|3|3|1,8,913,43860498,silent,43859585
11,13|10|5|5|4|3|2|2,8,895,49489785,silent,49488890
11,13|10|5|5|3|3|3|2,8,218,23681454,silent,23681236
11,13|10|5|4|4|4|3|1,8,639,22824977,silent,22824338
11,13|10|5|4|4|4|2|2,8,518,21048700,silent,21048182
11,13|10|5|4|4|3|3|2,8,361,29385206,silent,29384845
11,13|10|5|4|3|3|3|3,8,23,8285590,silent,8285567
11,13|10|4|4|4|4|4|1,8,109,2230708,silent,2230599
11,13|10|4|4|4|4|3|2,8,151,6384019,silent,6383868
11,13|10|4|4|4|3|3|3,8,18,3428275,silent,3428257
11,13|9|9|9|1|1|1|1,8,46,278066,silent,278020
11,13|9|9|8|2|1|1|1,8,456,3654685,silent,3654229
11,13|9|9|7|3|1|1|1,8,1363,13859947,silent,13858584
11,13|9|9|7|2|2|1|1,8,1223,12852711,silent,12851488
11,13|9|9|6|4|1|1|1,8,1934,22372308,silent,22370374
11,13|9|9|6|3|2|1|1,8,3258,44189057,silent,44185799
11,13|9|9|6|2|2|2|1,8,1280,18542654,silent,18541374
11,13|9|9|5|5|1|1|1,8,948,11884916,silent,11883968
11,13|9|9|5|4|2|1|1,8,3436,51288606,silent,51285170
11,13|9|9|5|3|3|1|1,8,2073,38402907,silent,38400834
11,13|9|9|5|3|2|2|1,8,2610,49594667,silent,49592057
11,13|9|9|5|2|2|2|2,8,502,10751030,silent,10750528
11,13|9|9|4|4|3|1|1,8,1588,29288212,silent,29286624
11,13|9|9|4|4|2|2|1,8,1574,31380889,silent,31379315
11,13|9|9|4|3|3|2|1,8,1333,36787244,silent,36785911
11,13|9|9|4|3|2|2|2,8,689,19626305,silent,19625616
11,13|9|9|3|3|3|3|1,8,109,6386207,silent,6386098
11,13|9|9|3|3|3|2|2,8,159,8065306,silent,8065147
11,13|9|8|8|3|1|1|1,8,832,8953253,silent,8952421
11,13|9|8|8|2|2|1|1,8,750,8242506,silent,8241756
11,13|9|8|7|4|1|1|1,8,2270,28307718,silent,28305448
11,13|9|8|7|3|2|1|1,8,3730,54119289,silent,54115559
11,13|9|8|7|2|2|2|1,8,1444,22332266,silent,22330822
11,13|9|8|6|5|1|1|1,8,2245,31354412,silent,31352167
11,13|9|8|6|4|2|1|1,8,6393,106370102,silent,106363709
11,13|9|8|6|3|3|1|1,8,3666,74422183,silent,74418517
11,13|9|8|6|3|2|2|1,8,4543,94625681,silent,94621138
11,13|9|8|6|2|2|2|2,8,871,19756092,silent,19755221
11,13|9|8|5|5|2|1|1,8,3392,60884941,silent,60881549
11,13|9|8|5|4|3|1|1,8,5404,115748587,silent,115743183
11,13|9|8|5|4|2|2|1,8,5199,120231180,silent,120225981
11,13|9|8|5|3|3|2|1,8,3678,113763453,silent,113759775
11,13|9|8|5|3|2|2|2,8,1787,58500346,silent,58498559
11,13|9|8|4|4|4|1|1,8,1370,29576949,silent,29575579
11,13|9|8|4|4|3|2|1,8,3101,91958680,silent,91955579
11,13|9|8|4|4|2|2|2,8,1175,38638852,silent,38637677
11,13|9|8|4|3|3|3|1,8,751,40465264,silent,40464513
11,13|9|8|4|3|3|2|2,8,932,49446848,silent,49445916
11,13|9|8|3|3|3|3|2,8,76,11400296,silent,11400220
11,13|9|7|7|5|1|1|1,8,1309,18842002,silent,18840693
11,13|9|7|7|4|2|1|1,8,3413,59716511,silent,59713098
11,13|9|7|7|3|3|1|1,8,1923,40791847,silent,40789924
11,13|9|7|7|3|2|2|1,8,2295,51544811,silent,51542516
11,13|9|7|7|2|2|2|2,8,409,10587736,silent,10587327
11,13|9|7|6|6|1|1|1,8,848,13505570,silent,13504722
11,13|9|7|6|5|2|1|1,8,4503,88624658,silent,88620155
11,13|9|7|6|4|3|1|1,8,5777,135060583,silent,135054806
11,13|9|7|6|4|2|2|1,8,5482,138348784,silent,138343302
11,13|9|7|6|3|3|2|1,8,3698,122784635,silent,122780937
11,13|9|7|6|3|2|2|2,8,1753,62093248,silent,62091495
11,13|9|7|5|5|3|1|1,8,3563,90262433,silent,90258870
11,13|9|7|5|5|2|2|1,8,3105,87407903,silent,87404798
11,13|9|7|5|4|4|1|1,8,3019,76090329,silent,76087310
11,13|9|7|5|4|3|2|1,8,6409,218826575,silent,218820166
11,13|9|7|5|4|2|2|2,8,2236,88749300,silent,88747064
11,13|9|7|5|3|3|3|1,8,1365,76504599,silent,76503234
11,13|9|7|5|3|3|2|2,8,1583,92094592,silent,92093009
11,13|9|7|4|4|4|2|1,8,2028,64099634,silent,64097606
11,13|9|7|4|4|3|3|1,8,1440,69378978,silent,69377538
11,13|9|7|4|4|3|2|2,8,1523,78936717,silent,78935194
11,13|9|7|4|3|3|3|2,8,381,45362995,silent,45362614
11,13|9|7|3|3|3|3|3,8,8,5319384,silent,5319376
11,13|9|6|6|6|2|1|1,8,887,19564546,silent,19563659
11,13|9|6|6|5|3|1|1,8,2457,66737379,silent,66734922
11,13|9|6|6|5|2|2|1,8,2217,63877492,silent,63875275
11,13|9|6|6|4|4|1|1,8,1724,46673257,silent,46671533
11,13|9|6|6|4|3|2|1,8,3654,130604314,silent,130600660
11,13|9|6|6|4|2|2|2,8,1328,52257957,silent,52256629
11,13|9|6|6|3|3|3|1,8,719,42831804,silent,42831085
11,13|9|6|6|3|3|2|2,8,863,51221589,silent,51220726
11,13|9|6|5|5|4|1|1,8,1598,48790361,silent,48788763
11,13|9|6|5|5|3|2|1,8,2777,111513763,silent,111510986
11,13|9|6|5|5|2|2|2,8,863,41848902,silent,41848039
11,13|9|6|5|4|4|2|1,8,2841,105484772,silent,105481931
11,13|9|6|5|4|3|3|1,8,1997,107100066,silent,107098069
11,13|9|6|5|4|3|2|2,8,2035,120194387,silent,120192352
11,13|9|6|5|3|3|3|2,8,462,55379883,silent,55379421
11,13|9|6|4|4|4|3|1,8,1075,44030283,silent,44029208
11,13|9|6|4|4|4|2|2,8,850,40382691,silent,40381841
11,13|9|6|4|4|3|3|2,8,625,55457297,silent,55456672
11,13|9|6|4|3|3|3|3,8,40,15009769,silent,15009729
11,13|9|5|5|5|5|1|1,8,171,6479780,silent,6479609
11,13|9|5|5|5|4|2|1,8,738,35274967,silent,35274229
11,13|9|5|5|5|3|3|1,8,485,29257596,silent,29257111
11,13|9|5|5|5|3|2|2,8,422,31952000,silent,31951578
11,13|9|5|5|4|4|3|1,8,754,37425175,silent,37424421
11,13|9|5|5|4|4|2|2,8,552,33913341,silent,33912789
11,13|9|5|5|4|3|3|2,8,451,44054844,silent,44054393
11,13|9|5|5|3|3|3|3,8,34,9661128,silent,9661094
11,13|9|5|4|4|4|4|1,8,267,8662824,silent,8662557
11,13|9|5|4|4|4|3|2,8,410,24301081,silent,24300671
11,13|9|5|4|4|3|3|3,8,70,12570347,silent,12570277
11,13|9|4|4|4|4|4|2,8,93,2701943,silent,2701850
11,13|9|4|4|4|4|3|3,8,46,3073977,silent,3073931
11,13|8|8|8|4|1|1|1,8,383,5254041,silent,5253658
11,13|8|8|8|3|2|1|1,8,643,9877425,silent,9876782
11,13|8|8|8|2|2|2|1,8,263,4038826,silent,4038563
11,13|8|8|7|5|1|1|1,8,827,12322541,silent,12321714
11,13|8|8|7|4|2|1|1,8,2117,38430042,silent,38427925
11,13|8|8|7|3|3|1|1,8,1201,26094961,silent,26093760
11,13|8|8|7|3|2|2|1,8,1447,32884786,silent,32883339
11,13|8|8|7|2|2|2|2,8,281,6730190,silent,6729909
11,13|8|8|6|6|1|1|1,8,418,7321685,silent,7321267
11,13|8|8|6|5|2|1|1,8,2285,46567309,silent,46565024
11,13|8|8|6|4|3|1|1,8,2865,69959445,silent,69956580
11,13|8|8|6|4|2|2|1,8,2792,71507259,silent,71504467
11,13|8|8|6|3|3|2|1,8,1834,63042181,silent,63040347
11,13|8|8|6|3|2|2|2,8,898,31796596,silent,31795698
11,13|8|8|5|5|3|1|1,8,1719,44191897,silent,44190178
11,13|8|8|5|5|2|2|1,8,1462,42679303,silent,42677841
11,13|8|8|5|4|4|1|1,8,1391,36794797,silent,36793406
11,13|8|8|5|4|3|2|1,8,2988,105344695,silent,105341707
11,13|8|8|5|4|2|2|2,8,1076,42613394,silent,42612318
11,13|8|8|5|3|3|3|1,8,635,36542198,silent,36541563
11,13|8|8|5|3|3|2|2,8,713,43902355,silent,43901642
11,13|8|8|4|4|4|2|1,8,930,30008737,silent,30007807
11,13|8|8|4|4|3|3|1,8,626,32346370,silent,32345744
11,13|8|8|4|4|3|2|2,8,706,36764967,silent,36764261
11,13|8|8|4|3|3|3|2,8,164,20950658,silent,20950494
11,13|8|8|3|3|3|3|3,8,6,2421343,silent,2421337
11,13|8|7|7|6|1|1|1,8,417,6880938,silent,6880521
11,13|8|7|7|5|2|1|1,8,1650,35297142,silent,35295492
11,13|8|7|7|4|3|1|1,8,1960,49732145,silent,49730185
11,13|8|7|7|4|2|2|1,8,1782,50497447,silent,50495665
11,13|8|7|7|3|3|2|1,8,1200,43486162,silent,43484962
11,13|8|7|7|3|2|2|2,8,534,21754888,silent,21754354
11,13|8|7|6|6|2|1|1,8,1153,26795946,silent,26794793
11,13|8|7|6|5|3|1|1,8,2941,84485126,silent,84482185
11,13|8|7|6|5|2|2|1,8,2575,80488337,silent,80485762
11,13|8|7|6|4|4|1|1,8,1986,57464923,silent,57462937
11,13|8|7|6|4|3|2|1,8,4151,159235365,silent,159231214
11,13|8|7|6|4|2|2|2,8,1448,63337350,silent,63335902
11,13|8|7|6|3|3|3|1,8,834,51335708,silent,51334874
11,13|8|7|6|3|3|2|2,8,962,61227569,silent,61226607
11,13|8|7|5|5|4|1|1,8,1509,49035730,silent,49034221
11,13|8|7|5|5|3|2|1,8,2597,110995180,silent,110992583
11,13|8|7|5|5|2|2|2,8,793,41414418,silent,41413625
11,13|8|7|5|4|4|2|1,8,2552,102099227,silent,102096675
11,13|8|7|5|4|3|3|1,8,1809,102847981,silent,102846172
11,13|8|7|5|4|3|2|2,8,1814,115094808,silent,115092994
11,13|8|7|5|3|3|3|2,8,421,52135101,silent,52134680
11,13|8|7|4|4|4|3|1,8,880,39281940,silent,39281060
11,13|8|7|4|4|4|2|2,8,690,35922512,silent,35921822
11,13|8|7|4|4|3|3|2,8,516,48949896,silent,48949380
11,13|8|7|4|3|3|3|3,8,36,13000306,silent,13000270
11,13|8|6|6|6|3|1|1,8,649,21337882,silent,21337233
11,13|8|6|6|6|2|2|1,8,625,19784640,silent,19784015
11,13|8|6|6|5|4|1|1,8,1160,40617302,silent,40616142
11,13|8|6|6|5|3|2|1,8,2030,89445406,silent,89443376
11,13|8|6|6|5|2|2|2,8,684,32926655,silent,32925971
11,13|8|6|6|4|4|2|1,8,1649,68282786,silent,68281137
11,13|8|6|6|4|3|3|1,8,1096,67171095,silent,67169999
11,13|8|6|6|4|3|2|2,8,1185,74712065,silent,74710880
11,13|8|6|6|3|3|3|2,8,237,31732181,silent,31731944
11,13|8|6|5|5|5|1|1,8,346,14222618,silent,14222272
11,13|8|6|5|5|4|2|1,8,1457,74423610,silent,74422153
11,13|8|6|5|5|3|3|1,8,926,60783453,silent,60782527
11,13|8|6|5|5|3|2|2,8,843,66021958,silent,66021115
11,13|8|6|5|4|4|3|1,8,1336,72599010,silent,72597674
11,13|8|6|5|4|4|2|2,8,1031,65481891,silent,65480860
11,13|8|6|5|4|3|3|2,8,788,83710409,silent,83709621
11,13|8|6|5|3|3|3|3,8,59,17669135,silent,17669076
11,13|8|6|4|4|4|4|1,8,363,13213109,silent,13212746
11,13|8|6|4|4|4|3|2,8,551,36671548,silent,36670997
11,13|8|6|4|4|3|3|3,8,89,18610270,silent,18610181
11,13|8|5|5|5|5|2|1,8,156,10937552,silent,10937396
11,13|8|5|5|5|4|3|1,8,367,26555756,silent,26555389
11,13|8|5|5|5|4|2|2,8,232,23298273,silent,23298041
11,13|8|5|5|5|3|3|2,8,200,24344609,silent,24344409
11,13|8|5|5|4|4|4|1,8,230,12082546,silent,12082316
11,13|8|5|5|4|4|3|2,8,370,32632906,silent,32632536
11,13|8|5|5|4|3|3|3,8,84,15546171,silent,15546087
11,13|8|5|4|4|4|4|2,8,195,8525786,silent,8525591
11,13|8|5|4|4|4|3|3,8,103,9559189,silent,9559086
11,13|8|4|4|4|4|4|3,8,49,1439004,silent,1438955
11,13|7|7|7|7|1|1|1,8,39,725216,silent,725177
11,13|7|7|7|6|2|1|1,8,303,7507668,silent,7507365
11,13|7|7|7|5|3|1|1,8,602,18787031,silent,18786429
11,13|7|7|7|5|2|2|1,8,502,17763119,silent,17762617
11,13|7|7|7|4|4|1|1,8,389,11991628,silent,11991239
11,13|7|7|7|4|3|2|1,8,766,32655334,silent,32654568
11,13|7|7|7|4|2|2|2,8,235,12857316,silent,12857081
11,13|7|7|7|3|3|3|1,8,162,10187193,silent,10187031
11,13|7|7|7|3|3|2|2,8,178,12105424,silent,12105246
11,13|7|7|6|6|3|1|1,8,494,15996366,silent,15995872
11,13|7|7|6|6|2|2|1,8,403,14764810,silent,14764407
11,13|7|7|6|5|4|1|1,8,780,28540396,silent,28539616
11,13|7|7|6|5|3|2|1,8,1331,62354939,silent,62353608
11,13|7|7|6|5|2|2|2,8,407,22841177,silent,22840770
11,13|7|7|6|4|4|2|1,8,1019,46477972,silent,46476953
11,13|7|7|6|4|3|3|1,8,734,45438166,silent,45437432
11,13|7|7|6|4|3|2|2,8,716,50412513,silent,50411797
11,13|7|7|6|3|3|3|2,8,168,21122607,silent,21122439
11,13|7|7|5|5|5|1|1,8,173,8151607,silent,8151434
11,13|7|7|5|5|4|2|1,8,786,42034934,silent,42034148
11,13|7|7|5|5|3|3|1,8,482,34101876,silent,34101394
11,13|7|7|5|5|3|2|2,8,466,36977699,silent,36977233
11,13|7|7|5|4|4|3|1,8,691,39784657,silent,39783966
11,13|7|7|5|4|4|2|2,8,496,35785712,silent,35785216
11,13|7|7|5|4|3|3|2,8,418,45478533,silent,45478115
11,13|7|7|5|3|3|3|3,8,28,9443347,silent,9443319
11,13|7|7|4|4|4|4|1,8,158,6757961,silent,6757803
11,13|7|7|4|4|4|3|2,8,251,18675139,silent,18674888
11,13|7|7|4|4|3|3|3,8,55,9411442,silent,9411387
11,13|7|6|6|6|4|1|1,8,250,10099268,silent,10099018
11,13|7|6|6|6|3|2|1,8,425,20518105,silent,20517680
11,13|7|6|6|6|2|2|2,8,152,7282026,silent,7281874
11,13|7|6|6|5|5|1|1,8,193,9126427,silent,9126234
11,13|7|6|6|5|4|2|1,8,812,43927807,silent,43926995
11,13|7|6|6|5|3|3|1,8,477,34812298,silent,34811821
11,13|7|6|6|5|3|2|2,8,487,37495160,silent,37494673
11,13|7|6|6|4|4|3|1,8,559,33695371,silent,33694812
11,13|7|6|6|4|4|2|2,8,449,30142714,silent,30142265
11,13|7|6|6|4|3|3|2,8,325,37381226,silent,37380901
11,13|7|6|6|3|3|3|3,8,21,7259961,silent,7259940
11,13|7|6|5|5|5|2|1,8,223,16832359,silent,16832136
11,13|7|6|5|5|4|3|1,8,513,39553748,silent,39553235
11,13|7|6|5|5|4|2|2,8,365,34548907,silent,34548542
11,13|7|6|5|5|3|3|2,8,272,35586236,silent,35585964
11,13|7|6|5|4|4|4|1,8,302,16725874,silent,16725572
11,13|7|6|5|4|4|3|2,8,486,44746912,silent,44746426
11,13|7|6|5|4|3|3|3,8,98,20955673,silent,20955575
11,13|7|6|4|4|4|4|2,8,182,9283338,silent,9283156
11,13|7|6|4|4|4|3|3,8,101,10326109,silent,10326008
11,13|7|5|5|5|5|3|1,8,62,7076527,silent,7076465
11,13|7|5|5|5|5|2|2,8,38,5783730,silent,5783692
11,13|7|5|5|5|4|4|1,8,80,7328908,silent,7328828
11,13|7|5|5|5|4|3|2,8,127,18232898,silent,18232771
11,13|7|5|5|5|3|3|3,8,31,6845493,silent,6845462
11,13|7|5|5|4|4|4|2,8,110,9252046,silent,9251936
11,13|7|5|5|4|4|3|3,8,78,10069387,silent,10069309
11,13|7|5|4|4|4|4|3,8,70,3521857,silent,3521787
11,13|7|4|4|4|4|4|4,8,19,278533,silent,278514
11,13|6|6|6|6|5|1|1,8,26,1577807,silent,1577781
11,13|6|6|6|6|4|2|1,8,116,5983264,silent,5983148
11,13|6|6|6|6|3|3|1,8,48,4426271,silent,4426223
11,13|6|6|6|6|3|2|2,8,75,4702105,silent,4702030
11,13|6|6|6|5|5|2|1,8,75,5820522,silent,5820447
11,13|6|6|6|5|4|3|1,8,161,12713983,silent,12713822
11,13|6|6|6|5|4|2|2,8,136,11023954,silent,11023818
11,13|6|6|6|5|3|3|2,8,77,11038214,silent,11038137
11,13|6|6|6|4|4|4|1,8,85,4311653,silent,4311568
11,13|6|6|6|4|4|3|2,8,125,11342181,silent,11342056
11,13|6|6|6|4|3|3|3,8,17,5137978,silent,5137961
11,13|6|6|5|5|5|3|1,8,52,5842523,silent,5842471
11,13|6|6|5|5|5|2|2,8,23,4746287,silent,4746264
11,13|6|6|5|5|4|4|1,8,61,5904755,silent,5904694
11,13|6|6|5|5|4|3|2,8,104,14580238,silent,14580134
11,13|6|6|5|5|3|3|3,8,27,5404632,silent,5404605
11,13|6|6|5|4|4|4|2,8,95,6946595,silent,6946500
11,13|6|6|5|4|4|3|3,8,49,7498729,silent,7498680
11,13|6|6|4|4|4|4|3,8,43,2128906,silent,2128863
11,13|6|5|5|5|5|4|1,8,11,1780035,silent,1780024
11,13|6|5|5|5|5|3|2,8,16,3494566,silent,3494550
11,13|6|5|5|5|4|4|2,8,19,3964434,silent,3964415
11,13|6|5|5|5|4|3|3,8,21,4021190,silent,4021169
11,13|6|5|5|4|4|4|3,8,26,2688674,silent,2688648
11,13|6|5|4|4|4|4|4,8,17,475132,silent,475115
11,13|5|5|5|5|5|5|1,8,1,108368,silent,108367
11,13|5|5|5|5|5|4|2,8,3,524619,silent,524616
11,13|5|5|5|5|5|3|3,8,0,-1,a0,
11,13|5|5|5|5|4|4|3,8,3,622587,silent,622584
11,13|5|5|5|4|4|4|4,8,1,193075,silent,193074
11,12|12|12|4|1|1|1|1,8,29,111965,silent,111936
11,12|12|12|3|2|1|1|1,8,41,197499,silent,197458
11,12|12|12|2|2|2|1|1,8,13,81301,silent,81288
11,12|12|11|5|1|1|1|1,8,98,510041,silent,509943
11,12|12|11|4|2|1|1|1,8,241,1359750,silent,1359509
11,12|12|11|3|3|1|1|1,8,142,859431,silent,859289
11,12|12|11|3|2|2|1|1,8,196,1116873,silent,1116677
11,12|12|11|2|2|2|2|1,8,55,269325,silent,269270
11,12|12|10|6|1|1|1|1,8,201,1090696,silent,1090495
11,12|12|10|5|2|1|1|1,8,623,3989633,silent,3989010
11,12|12|10|4|3|1|1|1,8,658,4754168,silent,4753510
11,12|12|10|4|2|2|1|1,8,665,4964634,silent,4963969
11,12|12|10|3|3|2|1|1,8,476,3955390,silent,3954914
11,12|12|10|3|2|2|2|1,8,308,2381568,silent,2381260
11,12|12|10|2|2|2|2|2,8,62,316449,silent,316387
11,12|12|9|7|1|1|1|1,8,204,1267847,silent,1267643
11,12|12|9|6|2|1|1|1,8,897,6375916,silent,6375019
11,12|12|9|5|3|1|1|1,8,1380,11448025,silent,11446645
11,12|12|9|5|2|2|1|1,8,1346,11140387,silent,11139041
11,12|12|9|4|4|1|1|1,8,702,6341451,silent,6340749
11,12|12|9|4|3|2|1|1,8,1701,17305603,silent,17303902
11,12|12|9|4|2|2|2|1,8,831,8207191,silent,8206360
11,12|12|9|3|3|3|1|1,8,355,4965065,silent,4964710
11,12|12|9|3|3|2|2|1,8,534,7123649,silent,7123115
11,12|12|9|3|2|2|2|2,8,181,2174997,silent,2174816
11,12|12|8|8|1|1|1|1,8,107,581464,silent,581357
11,12|12|8|7|2|1|1|1,8,693,5225055,silent,5224362
11,12|12|8|6|3|1|1|1,8,1578,14335700,silent,14334122
11,12|12|8|6|2|2|1|1,8,1416,13530295,silent,13528879
11,12|12|8|5|4|1|1|1,8,1532,15388570,silent,15387038
11,12|12|8|5|3|2|1|1,8,2890,33197025,silent,33194135
11,12|12|8|5|2|2|2|1,8,1240,14521436,silent,14520196
11,12|12|8|4|4|2|1|1,8,1605,20297608,silent,20296003
11,12|12|8|4|3|3|1|1,8,1254,18998805,silent,18997551
11,12|12|8|4|3|2|2|1,8,1656,25377336,silent,25375680
11,12|12|8|4|2|2|2|2,8,441,6051848,silent,6051407
11,12|12|8|3|3|3|2|1,8,379,9497968,silent,9497589
11,12|12|8|3|3|2|2|2,8,217,5517744,silent,5517527
11,12|12|7|7|3|1|1|1,8,695,6780561,silent,6779866
11,12|12|7|7|2|2|1|1,8,685,6334958,silent,6334273
11,12|12|7|6|4|1|1|1,8,1351,14832488,silent,14831137
11,12|12|7|6|3|2|1|1,8,2367,29741620,silent,29739253
11,12|12|7|6|2|2|2|1,8,980,12595308,silent,12594328
11,12|12|7|5|5|1|1|1,8,752,8626914,silent,8626162
11,12|12|7|5|4|2|1|1,8,2793,38292637,silent,38289844
11,12|12|7|5|3|3|1|1,8,1680,29029516,silent,29027836
11,12|12|7|5|3|2|2|1,8,2174,37650120,silent,37647946
11,12|12|7|5|2|2|2|2,8,435,8248610,silent,8248175
11,12|12|7|4|4|3|1|1,8,1333,23051628,silent,23050295
11,12|12|7|4|4|2|2|1,8,1391,24819239,silent,24817848
11,12|12|7|4|3|3|2|1,8,1140,29446085,silent,29444945
11,12|12|7|4|3|2|2|2,8,624,15799187,silent,15798563
11,12|12|7|3|3|3|3|1,8,96,5263167,silent,5263071
11,12|12|7|3|3|3|2|2,8,131,6656726,silent,6656595
11,12|12|6|6|5|1|1|1,8,461,5785209,silent,5784748
11,12|12|6|6|4|2|1|1,8,1363,20805522,silent,20804159
11,12|12|6|6|3|3|1|1,8,861,14921856,silent,14920995
11,12|12|6|6|3|2|2|1,8,1052,19120381,silent,19119329
11,12|12|6|6|2|2|2|2,8,261,4075633,silent,4075372
11,12|12|6|5|5|2|1|1,8,1022,15715826,silent,15714804
11,12|12|6|5|4|3|1|1,8,1666,31518711,silent,31517045
11,12|12|6|5|4|2|2|1,8,1640,33011121,silent,33009481
11,12|12|6|5|3|3|2|1,8,1157,31992074,silent,31990917
11,12|12|6|5|3|2|2|2,8,572,16616186,silent,16615614
11,12|12|6|4|4|4|1|1,8,439,9008640,silent,9008201
11,12|12|6|4|4|3|2|1,8,1099,28507668,silent,28506569
11,12|12|6|4|4|2|2|2,8,488,12110698,silent,12110210
11,12|12|6|4|3|3|3|1,8,269,12916922,silent,12916653
11,12|12|6|4|3|3|2|2,8,306,15852896,silent,15852590
11,12|12|6|3|3|3|3|2,8,32,3880486,silent,3880454
11,12|12|5|5|5|3|1|1,8,363,7643544,silent,7643181
11,12|12|5|5|5|2|2|1,8,311,7510518,silent,7510207
11,12|12|5|5|4|4|1|1,8,369,7136765,silent,7136396
11,12|12|5|5|4|3|2|1,8,739,21157889,silent,21157150
11,12|12|5|5|4|2|2|2,8,234,8730110,silent,8729876
11,12|12|5|5|3|3|3|1,8,155,7828846,silent,7828691
11,12|12|5|5|3|3|2|2,8,204,9510269,silent,9510065
11,12|12|5|4|4|4|2|1,8,341,8497036,silent,8496695
11,12|12|5|4|4|3|3|1,8,229,9432668,silent,9432439
11,12|12|5|4|4|3|2|2,8,259,10826692,silent,10826433
11,12|12|5|4|3|3|3|2,8,58,6584633,silent,6584575
11,12|12|5|3|3|3|3|3,8,1,881879,silent,881878
11,12|12|4|4|4|4|3|1,8,61,1909878,silent,1909817
11,12|12|4|4|4|4|2|2,8,83,1784415,silent,1784332
11,12|12|4|4|4|3|3|2,8,28,2563076,silent,2563048
11,12|12|4|4|3|3|3|3,8,4,792633,silent,792629
11,12|11|11|6|1|1|1|1,8,105,642047,silent,641942
11,12|11|11|5|2|1|1|1,8,369,2334392,silent,2334023
11,12|11|11|4|3|1|1|1,8,367,2765444,silent,2765077
11,12|11|11|4|2|2|1|1,8,416,2892029,silent,2891613
11,12|11|11|3|3|2|1|1,8,252,2291240,silent,2290988
11,12|11|11|3|2|2|2|1,8,167,1378779,silent,1378612
11,12|11|11|2|2|2|2|2,8,16,180079,silent,180063
11,12|11|10|7|1|1|1|1,8,226,1400420,silent,1400194
11,12|11|10|6|2|1|1|1,8,928,6768315,silent,6767387
11,12|11|10|5|3|1|1|1,8,1396,11916994,silent,11915598
11,12|11|10|5|2|2|1|1,8,1340,11573609,silent,11572269
11,12|11|10|4|4|1|1|1,8,708,6548643,silent,6547935
11,12|11|10|4|3|2|1|1,8,1690,17796942,silent,17795252
11,12|11|10|4|2|2|2|1,8,808,8417328,silent,8416520
11,12|11|10|3|3|3|1|1,8,352,5073233,silent,5072881
11,12|11|10|3|3|2|2|1,8,525,7270640,silent,7270115
11,12|11|10|3|2|2|2|2,8,174,2212427,silent,2212253
11,12|11|9|8|1|1|1|1,8,194,1264269,silent,1264075
11,12|11|9|7|2|1|1|1,8,1145,8854090,silent,8852945
11,12|11|9|6|3|1|1|1,8,2326,22234608,silent,22232282
11,12|11|9|6|2|2|1|1,8,2160,20930933,silent,20928773
11,12|11|9|5|4|1|1|1,8,2208,23022708,silent,23020500
11,12|11|9|5|3|2|1|1,8,4054,49315590,silent,49311536
11,12|11|9|5|2|2|2|1,8,1694,21476384,silent,21474690
11,12|11|9|4|4|2|1|1,8,2314,29692909,silent,29690595
11,12|11|9|4|3|3|1|1,8,1682,27613545,silent,27611863
11,12|11|9|4|3|2|2|1,8,2263,36815698,silent,36813435
11,12|11|9|4|2|2|2|2,8,506,8719695,silent,8719189
11,12|11|9|3|3|3|2|1,8,529,13624683,silent,13624154
11,12|11|9|3|3|2|2|2,8,328,7899560,silent,7899232
11,12|11|8|8|2|1|1|1,8,517,4233433,silent,4232916
11,12|11|8|7|3|1|1|1,8,1930,19531050,silent,19529120
11,12|11|8|7|2|2|1|1,8,1731,18126343,silent,18124612
11,12|11|8|6|4|1|1|1,8,2860,33369067,silent,33366207
11,12|11|8|6|3|2|1|1,8,4915,66114290,silent,66109375
11,12|11|8|6|2|2|2|1,8,1983,27793784,silent,27791801
11,12|11|8|5|5|1|1|1,8,1480,18073388,silent,18071908
11,12|11|8|5|4|2|1|1,8,5294,78421969,silent,78416675
11,12|11|8|5|3|3|1|1,8,3236,58884660,silent,58881424
11,12|11|8|5|3|2|2|1,8,4058,76085405,silent,76081347
11,12|11|8|5|2|2|2|2,8,822,16536093,silent,16535271
11,12|11|8|4|4|3|1|1,8,2442,45284142,silent,45281700
11,12|11|8|4|4|2|2|1,8,2502,48573170,silent,48570668
11,12|11|8|4|3|3|2|1,8,2076,57076244,silent,57074168
11,12|11|8|4|3|2|2|2,8,1102,30482187,silent,30481085
11,12|11|8|3|3|3|3|1,8,181,9972364,silent,9972183
11,12|11|8|3|3|3|2|2,8,233,12584132,silent,12583899
11,12|11|7|7|4|1|1|1,8,1392,16712411,silent,16711019
11,12|11|7|7|3|2|1|1,8,2281,32205432,silent,32203151
11,12|11|7|7|2|2|2|1,8,874,13349104,silent,13348230
11,12|11|7|6|5|1|1|1,8,1687,22868111,silent,22866424
11,12|11|7|6|4|2|1|1,8,4882,78834248,silent,78829366
11,12|11|7|6|3|3|1|1,8,2809,55518287,silent,55515478
11,12|11|7|6|3|2|2|1,8,3482,70749700,silent,70746218
11,12|11|7|6|2|2|2|2,8,662,14841797,silent,14841135
11,12|11|7|5|5|2|1|1,8,2746,47884764,silent,47882018
11,12|11|7|5|4|3|1|1,8,4445,92378029,silent,92373584
11,12|11|7|5|4|2|2|1,8,4265,96167956,silent,96163691
11,12|11|7|5|3|3|2|1,8,3041,91604237,silent,91601196
11,12|11|7|5|3|2|2|2,8,1472,47228565,silent,47227093
11,12|11|7|4|4|4|1|1,8,1167,24305034,silent,24303867
11,12|11|7|4|4|3|2|1,8,2631,75913316,silent,75910685
11,12|11|7|4|4|2|2|2,8,989,31978221,silent,31977232
11,12|11|7|4|3|3|3|1,8,642,33676381,silent,33675739
11,12|11|7|4|3|3|2|2,8,798,41205514,silent,41204716
11,12|11|7|3|3|3|3|2,8,66,9654765,silent,9654699
11,12|11|6|6|6|1|1|1,8,287,4621671,silent,4621384
11,12|11|6|6|5|2|1|1,8,1762,32947261,silent,32945499
11,12|11|6|6|4|3|1|1,8,2327,51911715,silent,51909388
11,12|11|6|6|4|2|2|1,8,2283,53424465,silent,53422182
11,12|11|6|6|3|3|2|1,8,1524,48094687,silent,48093163
11,12|11|6|6|3|2|2|2,8,754,24460394,silent,24459640
11,12|11|6|5|5|3|1|1,8,1793,42619097,silent,42617304
11,12|11|6|5|5|2|2|1,8,1556,41455374,silent,41453818
11,12|11|6|5|4|4|1|1,8,1551,36953281,silent,36951730
11,12|11|6|5|4|3|2|1,8,3327,107311582,silent,107308255
11,12|11|6|5|4|2|2|2,8,1186,43768319,silent,43767133
11,12|11|6|5|3|3|3|1,8,713,38172405,silent,38171692
11,12|11|6|5|3|3|2|2,8,823,46063182,silent,46062359
11,12|11|6|4|4|4|2|1,8,1156,33876640,silent,33875484
11,12|11|6|4|4|3|3|1,8,798,36955393,silent,36954595
11,12|11|6|4|4|3|2|2,8,877,42163957,silent,42163080
11,12|11|6|4|3|3|3|2,8,210,24648828,silent,24648618
11,12|11|6|3|3|3|3|3,8,6,3004970,silent,3004964
11,12|11|5|5|5|4|1|1,8,418,11609034,silent,11608616
11,12|11|5|5|5|3|2|1,8,723,27034369,silent,27033646
11,12|11|5|5|5|2|2|2,8,210,10250110,silent,10249900
11,12|11|5|5|4|4|2|1,8,793,27394790,silent,27393997
11,12|11|5|5|4|3|3|1,8,576,28253155,silent,28252579
11,12|11|5|5|4|3|2|2,8,563,31861697,silent,31861134
11,12|11|5|5|3|3|3|2,8,138,15220485,silent,15220347
11,12|11|5|4|4|4|3|1,8,399,14647472,silent,14647073
11,12|11|5|4|4|4|2|2,8,313,13497809,silent,13497496
11,12|11|5|4|4|3|3|2,8,229,18831405,silent,18831176
11,12|11|5|4|3|3|3|3,8,15,5299358,silent,5299343
11,12|11|4|4|4|4|4|1,8,62,1420838,silent,1420776
11,12|11|4|4|4|4|3|2,8,92,4063125,silent,4063033
11,12|11|4|4|4|3|3|3,8,10,2180181,silent,2180171
11,12|10|10|8|1|1|1|1,8,117,695631,silent,695514
11,12|10|10|7|2|1|1|1,8,558,4510722,silent,4510164
11,12|10|10|6|3|1|1|1,8,1132,10974341,silent,10973209
11,12|10|10|6|2|2|1|1,8,987,10301903,silent,10300916
11,12|10|10|5|4|1|1|1,8,1036,11196182,silent,11195146
11,12|10|10|5|3|2|1|1,8,1932,23911534,silent,23909602
11,12|10|10|5|2|2|2|1,8,812,10392382,silent,10391570
11,12|10|10|4|4|2|1|1,8,1030,14290960,silent,14289930
11,12|10|10|4|3|3|1|1,8,825,13273267,silent,13272442
11,12|10|10|4|3|2|2|1,8,1058,17667454,silent,17666396
11,12|10|10|4|2|2|2|2,8,286,4185086,silent,4184800
11,12|10|10|3|3|3|2|1,8,244,6505955,silent,6505711
11,12|10|10|3|3|2|2|2,8,130,3762653,silent,3762523
11,12|10|9|9|1|1|1|1,8,61,440783,silent,440722
11,12|10|9|8|2|1|1|1,8,628,5273452,silent,5272824
11,12|10|9|7|3|1|1|1,8,1825,19149173,silent,19147348
11,12|10|9|7|2|2|1|1,8,1633,17719986,silent,17718353
11,12|10|9|6|4|1|1|1,8,2504,30234007,silent,30231503
11,12|10|9|6|3|2|1|1,8,4252,59538010,silent,59533758
11,12|10|9|6|2|2|2|1,8,1681,24932547,silent,24930866
11,12|10|9|5|5|1|1|1,8,1254,15920941,silent,15919687
11,12|10|9|5|4|2|1|1,8,4428,68313363,silent,68308935
11,12|10|9|5|3|3|1|1,8,2697,51041795,silent,51039098
11,12|10|9|5|3|2|2|1,8,3347,65822872,silent,65819525
11,12|10|9|5|2|2|2|2,8,657,14242251,silent,14241594
11,12|10|9|4|4|3|1|1,8,2001,38692514,silent,38690513
11,12|10|9|4|4|2|2|1,8,2029,41420852,silent,41418823
11,12|10|9|4|3|3|2|1,8,1698,48434485,silent,48432787
11,12|10|9|4|3|2|2|2,8,882,25802956,silent,25802074
11,12|10|9|3|3|3|3|1,8,150,8368262,silent,8368112
11,12|10|9|3|3|3|2|2,8,190,10546904,silent,10546714
11,12|10|8|8|3|1|1|1,8,932,10018634,silent,10017702
11,12|10|8|8|2|2|1|1,8,768,9200885,silent,9200117
11,12|10|8|7|4|1|1|1,8,2366,30357714,silent,30355348
11,12|10|8|7|3|2|1|1,8,3875,57860037,silent,57856162
11,12|10|8|7|2|2|2|1,8,1489,23824701,silent,23823212
11,12|10|8|6|5|1|1|1,8,2307,32974708,silent,32972401
11,12|10|8|6|4|2|1|1,8,6415,111260060,silent,111253645
11,12|10|8|6|3|3|1|1,8,3781,77677296,silent,77673515
11,12|10|8|6|3|2|2|1,8,4565,98633794,silent,98629229
11,12|10|8|6|2|2|2|2,8,922,20553284,silent,20552362
11,12|10|8|5|5|2|1|1,8,3455,63111521,silent,63108066
11,12|10|8|5|4|3|1|1,8,5401,119422448,silent,119417047
11,12|10|8|5|4|2|2|1,8,5176,123905511,silent,123900335
11,12|10|8|5|3|3|2|1,8,3669,116963717,silent,116960048
11,12|10|8|5|3|2|2|2,8,1743,60049933,silent,60048190
11,12|10|8|4|4|4|1|1,8,1294,30291382,silent,30290088
11,12|10|8|4|4|3|2|1,8,3059,94018157,silent,94015098
11,12|10|8|4|4|2|2|2,8,1222,39459736,silent,39458514
11,12|10|8|4|3|3|3|1,8,769,41252478,silent,41251709
11,12|10|8|4|3|3|2|2,8,882,50349137,silent,50348255
11,12|10|8|3|3|3|3|2,8,87,11554846,silent,11554759
11,12|10|7|7|5|1|1|1,8,1241,18495318,silent,18494077
11,12|10|7|7|4|2|1|1,8,3272,58310113,silent,58306841
11,12|10|7|7|3|3|1|1,8,1786,39733591,silent,39731805
11,12|10|7|7|3|2|2|1,8,2173,50151155,silent,50148982
11,12|10|7|7|2|2|2|2,8,356,10274491,silent,10274135
11,12|10|7|6|6|1|1|1,8,795,13042458,silent,13041663
11,12|10|7|6|5|2|1|1,8,4186,84855857,silent,84851671
11,12|10|7|6|4|3|1|1,8,5337,128730741,silent,128725404
11,12|10|7|6|4|2|2|1,8,5052,131720122,silent,131715070
11,12|10|7|6|3|3|2|1,8,3411,116626936,silent,116623525
11,12|10|7|6|3|2|2|2,8,1604,58891789,silent,58890185
11,12|10|7|5|5|3|1|1,8,3271,85248698,silent,85245427
11,12|10|7|5|5|2|2|1,8,2834,82452612,silent,82449778
11,12|10|7|5|4|4|1|1,8,2760,71602990,silent,71600230
11,12|10|7|5|4|3|2|1,8,5826,205508304,silent,205502478
11,12|10|7|5|4|2|2|2,8,2005,83224201,silent,83222196
11,12|10|7|5|3|3|3|1,8,1248,71641228,silent,71639980
11,12|10|7|5|3|3|2|2,8,1443,86157630,silent,86156187
11,12|10|7|4|4|4|2|1,8,1818,59783681,silent,59781863
11,12|10|7|4|4|3|3|1,8,1290,64604323,silent,64603033
11,12|10|7|4|4|3|2|2,8,1370,73449336,silent,73447966
11,12|10|7|4|3|3|3|2,8,347,42085063,silent,42084716
11,12|10|7|3|3|3|3|3,8,9,4911242,silent,4911233
11,12|10|6|6|6|2|1|1,8,765,18054517,silent,18053752
11,12|10|6|6|5|3|1|1,8,2204,61119105,silent,61116901
11,12|10|6|6|5|2|2|1,8,1955,58431817,silent,58429862
11,12|10|6|6|4|4|1|1,8,1458,42580777,silent,42579319
11,12|10|6|6|4|3|2|1,8,3217,118941558,silent,118938341
11,12|10|6|6|4|2|2|2,8,1220,47533579,silent,47532359
11,12|10|6|6|3|3|3|1,8,657,38897881,silent,38897224
11,12|10|6|6|3|3|2|2,8,715,46463602,silent,46462887
11,12|10|6|5|5|4|1|1,8,1428,44119921,silent,44118493
11,12|10|6|5|5|3|2|1,8,2429,100626427,silent,100623998
11,12|10|6|5|5|2|2|2,8,715,37699719,silent,37699004
11,12|10|6|5|4|4|2|1,8,2460,94855573,silent,94853113
11,12|10|6|5|4|3|3|1,8,1737,96163755,silent,96162018
11,12|10|6|5|4|3|2|2,8,1760,107830512,silent,107828752
11,12|10|6|5|3|3|3|2,8,412,49545384,silent,49544972
11,12|10|6|4|4|4|3|1,8,896,39260941,silent,39260045
11,12|10|6|4|4|4|2|2,8,777,35995626,silent,35994849
11,12|10|6|4|4|3|3|2,8,512,49336082,silent,49335570
11,12|10|6|4|3|3|3|3,8,45,13316652,silent,13316607
11,12|10|5|5|5|5|1|1,8,139,5732682,silent,5732543
11,12|10|5|5|5|4|2|1,8,632,31108701,silent,31108069
11,12|10|5|5|5|3|3|1,8,414,25764983,silent,25764569
11,12|10|5|5|5|3|2|2,8,367,28113400,silent,28113033
11,12|10|5|5|4|4|3|1,8,646,32845954,silent,32845308
11,12|10|5|5|4|4|2|2,8,436,29733955,silent,29733519
11,12|10|5|5|4|3|3|2,8,396,38578627,silent,38578231
11,12|10|5|5|3|3|3|3,8,25,8432602,silent,8432577
11,12|10|5|4|4|4|4|1,8,222,7545440,silent,7545218
11,12|10|5|4|4|4|3|2,8,339,21137242,silent,21136903
11,12|10|5|4|4|3|3|3,8,59,10912901,silent,10912842
11,12|10|4|4|4|4|4|2,8,91,2322236,silent,2322145
11,12|10|4|4|4|4|3|3,8,27,2633881,silent,2633854
11,12|9|9|9|2|1|1|1,8,118,968759,silent,968641
11,12|9|9|8|3|1|1|1,8,579,6537775,silent,6537196
11,12|9|9|8|2|2|1|1,8,530,6001136,silent,6000606
11,12|9|9|7|4|1|1|1,8,1233,15987876,silent,15986643
11,12|9|9|7|3|2|1|1,8,1963,30320742,silent,30318779
11,12|9|9|7|2|2|2|1,8,726,12445790,silent,12445064
11,12|9|9|6|5|1|1|1,8,1112,16277528,silent,16276416
11,12|9|9|6|4|2|1|1,8,3119,54449406,silent,54446287
11,12|9|9|6|3|3|1|1,8,1741,37840040,silent,37838299
11,12|9|9|6|3|2|2|1,8,2129,47994054,silent,47991925
11,12|9|9|6|2|2|2|2,8,355,9949646,silent,9949291
11,12|9|9|5|5|2|1|1,8,1549,30138361,silent,30136812
11,12|9|9|5|4|3|1|1,8,2492,56586210,silent,56583718
11,12|9|9|5|4|2|2|1,8,2338,58617324,silent,58614986
11,12|9|9|5|3|3|2|1,8,1689,55120177,silent,55118488
11,12|9|9|5|3|2|2|2,8,795,28246633,silent,28245838
11,12|9|9|4|4|4|1|1,8,644,14161253,silent,14160609
11,12|9|9|4|4|3|2|1,8,1372,43779846,silent,43778474
11,12|9|9|4|4|2|2|2,8,460,18318810,silent,18318350
11,12|9|9|4|3|3|3|1,8,343,19113037,silent,19112694
11,12|9|9|4|3|3|2|2,8,436,23323506,silent,23323070
11,12|9|9|3|3|3|3|2,8,32,5299051,silent,5299019
11,12|9|8|8|4|1|1|1,8,771,10665752,silent,10664981
11,12|9|8|8|3|2|1|1,8,1247,19947409,silent,19946162
11,12|9|8|8|2|2|2|1,8,477,8126190,silent,8125713
11,12|9|8|7|5|1|1|1,8,1474,22885907,silent,22884433
11,12|9|8|7|4|2|1|1,8,3743,70774916,silent,70771173
11,12|9|8|7|3|3|1|1,8,2107,47857446,silent,47855339
11,12|9|8|7|3|2|2|1,8,2498,60216022,silent,60213524
11,12|9|8|7|2|2|2|2,8,447,12266416,silent,12265969
11,12|9|8|6|6|1|1|1,8,767,13173829,silent,13173062
11,12|9|8|6|5|2|1|1,8,3890,82522768,silent,82518878
11,12|9|8|6|4|3|1|1,8,4867,123046081,silent,123041214
11,12|9|8|6|4|2|2|1,8,4584,125533838,silent,125529254
11,12|9|8|6|3|3|2|1,8,3087,110259216,silent,110256129
11,12|9|8|6|3|2|2|2,8,1437,55475262,silent,55473825
11,12|9|8|5|5|3|1|1,8,2804,76396504,silent,76393700
11,12|9|8|5|5|2|2|1,8,2412,73671836,silent,73669424
11,12|9|8|5|4|4|1|1,8,2294,63250218,silent,63247924
11,12|9|8|5|4|3|2|1,8,4877,180476065,silent,180471188
11,12|9|8|5|4|2|2|2,8,1689,72827268,silent,72825579
11,12|9|8|5|3|3|3|1,8,1052,62299578,silent,62298526
11,12|9|8|5|3|3|2|2,8,1188,74779569,silent,74778381
11,12|9|8|4|4|4|2|1,8,1457,50791412,silent,50789955
11,12|9|8|4|4|3|3|1,8,1040,54624980,silent,54623940
11,12|9|8|4|4|3|2|2,8,1099,61991231,silent,61990132
11,12|9|8|4|3|3|3|2,8,282,35171299,silent,35171017
11,12|9|8|3|3|3|3|3,8,8,4022966,silent,4022958
11,12|9|7|7|6|1|1|1,8,579,9978203,silent,9977624
11,12|9|7|7|5|2|1|1,8,2251,50436151,silent,50433900
11,12|9|7|7|4|3|1|1,8,2665,70530929,silent,70528264
11,12|9|7|7|4|2|2|1,8,2409,71494631,silent,71492222
11,12|9|7|7|3|3|2|1,8,1633,61332658,silent,61331025
11,12|9|7|7|3|2|2|2,8,717,30615987,silent,30615270
11,12|9|7|6|6|2|1|1,8,1552,37078602,silent,37077050
11,12|9|7|6|5|3|1|1,8,3859,115303969,silent,115300110
11,12|9|7|6|5|2|2|1,8,3334,109662745,silent,109659411
11,12|9|7|6|4|4|1|1,8,2591,77967163,silent,77964572
11,12|9|7|6|4|3|2|1,8,5358,215342139,silent,215336781
11,12|9|7|6|4|2|2|2,8,1805,85453437,silent,85451632
11,12|9|7|6|3|3|3|1,8,1096,69094096,silent,69093000
11,12|9|7|6|3|3|2|2,8,1252,82314763,silent,82313511
11,12|9|7|5|5|4|1|1,8,1906,65399197,silent,65397291
11,12|9|7|5|5|3|2|1,8,3312,147578750,silent,147575438
11,12|9|7|5|5|2|2|2,8,1026,54950306,silent,54949280
11,12|9|7|5|4|4|2|1,8,3192,134948868,silent,134945676
11,12|9|7|5|4|3|3|1,8,2294,135609542,silent,135607248
11,12|9|7|5|4|3|2|2,8,2271,151572990,silent,151570719
11,12|9|7|5|3|3|3|2,8,540,68339786,silent,68339246
11,12|9|7|4|4|4|3|1,8,1079,51182035,silent,51180956
11,12|9|7|4|4|4|2|2,8,805,46736132,silent,46735327
11,12|9|7|4|4|3|3|2,8,657,63554520,silent,63553863
11,12|9|7|4|3|3|3|3,8,46,16787358,silent,16787312
11,12|9|6|6|6|3|1|1,8,801,26824951,silent,26824150
11,12|9|6|6|6|2|2|1,8,728,24824140,silent,24823412
11,12|9|6|6|5|4|1|1,8,1389,50442586,silent,50441197
11,12|9|6|6|5|3|2|1,8,2397,110730961,silent,110728564
11,12|9|6|6|5|2|2|2,8,775,40668257,silent,40667482
11,12|9|6|6|4|4|2|1,8,1904,84031474,silent,84029570
11,12|9|6|6|4|3|3|1,8,1305,82470350,silent,82469045
11,12|9|6|6|4|3|2|2,8,1360,91611195,silent,91609835
11,12|9|6|6|3|3|3|2,8,293,38736624,silent,38736331
11,12|9|6|5|5|5|1|1,8,395,17298250,silent,17297855
11,12|9|6|5|5|4|2|1,8,1688,90052276,silent,90050588
11,12|9|6|5|5|3|3|1,8,1066,73367558,silent,73366492
11,12|9|6|5|5|3|2|2,8,984,79606071,silent,79605087
11,12|9|6|5|4|4|3|1,8,1517,87124546,silent,87123029
11,12|9|6|5|4|4|2|2,8,1149,78483981,silent,78482832
11,12|9|6|5|4|3|3|2,8,908,100107406,silent,100106498
11,12|9|6|5|3|3|3|3,8,69,21018124,silent,21018055
11,12|9|6|4|4|4|4|1,8,386,15645310,silent,15644924
11,12|9|6|4|4|4|3|2,8,599,43336410,silent,43335811
11,12|9|6|4|4|3|3|3,8,109,21933543,silent,21933434
11,12|9|5|5|5|5|2|1,8,173,12690137,silent,12689964
11,12|9|5|5|5|4|3|1,8,403,30670268,silent,30669865
11,12|9|5|5|5|4|2|2,8,275,26881819,silent,26881544
11,12|9|5|5|5|3|3|2,8,215,28017140,silent,28016925
11,12|9|5|5|4|4|4|1,8,248,13855761,silent,13855513
11,12|9|5|5|4|4|3|2,8,402,37346035,silent,37345633
11,12|9|5|5|4|3|3|3,8,91,17739089,silent,17738998
11,12|9|5|4|4|4|4|2,8,189,9627345,silent,9627156
11,12|9|5|4|4|4|3|3,8,112,10783192,silent,10783080
11,12|9|4|4|4|4|4|3,8,45,1584399,silent,1584354
11,12|8|8|8|5|1|1|1,8,283,4552566,silent,4552283
11,12|8|8|8|4|2|1|1,8,652,13573927,silent,13573275
11,12|8|8|8|3|3|1|1,8,408,9061222,silent,9060814
11,12|8|8|8|3|2|2|1,8,455,11339911,silent,11339456
11,12|8|8|8|2|2|2|2,8,114,2293770,silent,2293656
11,12|8|8|7|6|1|1|1,8,378,6901049,silent,6900671
11,12|8|8|7|5|2|1|1,8,1486,33797840,silent,33796354
11,12|8|8|7|4|3|1|1,8,1697,46589862,silent,46588165
11,12|8|8|7|4|2|2|1,8,1585,47122206,silent,47120621
11,12|8|8|7|3|3|2|1,8,1037,40156776,silent,40155739
11,12|8|8|7|3|2|2|2,8,472,19991728,silent,19991256
11,12|8|8|6|6|2|1|1,8,791,20601223,silent,20600432
11,12|8|8|6|5|3|1|1,8,2033,62185401,silent,62183368
11,12|8|8|6|5|2|2|1,8,1759,58999637,silent,58997878
11,12|8|8|6|4|4|1|1,8,1271,41529099,silent,41527828
11,12|8|8|6|4|3|2|1,8,2764,114215503,silent,114212739
11,12|8|8|6|4|2|2|2,8,1026,45221412,silent,45220386
11,12|8|8|6|3|3|3|1,8,565,36360707,silent,36360142
11,12|8|8|6|3|3|2|2,8,596,43229376,silent,43228780
11,12|8|8|5|5|4|1|1,8,971,32938343,silent,32937372
11,12|8|8|5|5|3|2|1,8,1609,73955775,silent,73954166
11,12|8|8|5|5|2|2|2,8,457,27445917,silent,27445460
11,12|8|8|5|4|4|2|1,8,1545,66831152,silent,66829607
11,12|8|8|5|4|3|3|1,8,1082,66897683,silent,66896601
11,12|8|8|5|4|3|2|2,8,1096,74668857,silent,74667761
11,12|8|8|5|3|3|3|2,8,258,33396314,silent,33396056
11,12|8|8|4|4|4|3|1,8,480,24546130,silent,24545650
11,12|8|8|4|4|4|2|2,8,444,22411224,silent,22410780
11,12|8|8|4|4|3|3|2,8,271,30315986,silent,30315715
11,12|8|8|4|3|3|3|3,8,29,7946330,silent,7946301
11,12|8|7|7|7|1|1|1,8,100,1996567,silent,1996467
11,12|8|7|7|6|2|1|1,8,773,19686872,silent,19686099
11,12|8|7|7|5|3|1|1,8,1468,48114204,silent,48112736
11,12|8|7|7|5|2|2|1,8,1240,45365484,silent,45364244
11,12|8|7|7|4|4|1|1,8,948,30390531,silent,30389583
11,12|8|7|7|4|3|2|1,8,1857,82364929,silent,82363072
11,12|8|7|7|4|2|2|2,8,569,32330395,silent,32329826
11,12|8|7|7|3|3|3|1,8,372,25500191,silent,25499819
11,12|8|7|7|3|3|2|2,8,435,30234273,silent,30233838
11,12|8|7|6|6|3|1|1,8,1095,38071526,silent,38070431
11,12|8|7|6|6|2|2|1,8,927,35063413,silent,35062486
11,12|8|7|6|5|4|1|1,8,1723,66506671,silent,66504948
11,12|8|7|6|5|3|2|1,8,2925,144590708,silent,144587783
11,12|8|7|6|5|2|2|2,8,908,52796692,silent,52795784
11,12|8|7|6|4|4|2|1,8,2223,106699291,silent,106697068
11,12|8|7|6|4|3|3|1,8,1564,103899181,silent,103897617
11,12|8|7|6|4|3|2|2,8,1564,115086334,silent,115084770
11,12|8|7|6|3|3|3|2,8,351,47846090,silent,47845739
11,12|8|7|5|5|5|1|1,8,381,18269704,silent,18269323
11,12|8|7|5|5|4|2|1,8,1647,93347953,silent,93346306
11,12|8|7|5|5|3|3|1,8,1026,75452544,silent,75451518
11,12|8|7|5|5|3|2|2,8,961,81644956,silent,81643995
11,12|8|7|5|4|4|3|1,8,1422,87134111,silent,87132689
11,12|8|7|5|4|4|2|2,8,1037,78263232,silent,78262195
11,12|8|7|5|4|3|3|2,8,854,99056264,silent,99055410
11,12|8|7|5|3|3|3|3,8,61,20406680,silent,20406619
11,12|8|7|4|4|4|4|1,8,318,14462964,silent,14462646
11,12|8|7|4|4|4|3|2,8,503,39835489,silent,39834986
11,12|8|7|4|4|3|3|3,8,96,19970877,silent,19970781
11,12|8|6|6|6|4|1|1,8,406,18514071,silent,18513665
11,12|8|6|6|6|3|2|1,8,727,37441480,silent,37440753
11,12|8|6|6|6|2|2|2,8,279,13251866,silent,13251587
11,12|8|6|6|5|5|1|1,8,347,16447325,silent,16446978
11,12|8|6|6|5|4|2|1,8,1357,78473250,silent,78471893
11,12|8|6|6|5|3|3|1,8,806,61952596,silent,61951790
11,12|8|6|6|5|3|2|2,8,791,66610131,silent,66609340
11,12|8|6|6|4|4|3|1,8,896,59363750,silent,59362854
11,12|8|6|6|4|4|2|2,8,775,53029438,silent,53028663
11,12|8|6|6|4|3|3|2,8,513,65497457,silent,65496944
11,12|8|6|6|3|3|3|3,8,44,12618339,silent,12618295
11,12|8|6|5|5|5|2|1,8,365,28906751,silent,28906386
11,12|8|6|5|5|4|3|1,8,832,67421969,silent,67421137
11,12|8|6|5|5|4|2|2,8,561,58781767,silent,58781206
11,12|8|6|5|5|3|3|2,8,451,60333061,silent,60332610
11,12|8|6|5|4|4|4|1,8,474,28163032,silent,28162558
11,12|8|6|5|4|4|3|2,8,754,75111778,silent,75111024
11,12|8|6|5|4|3|3|3,8,157,35013284,silent,35013127
11,12|8|6|4|4|4|4|2,8,294,15231889,silent,15231595
11,12|8|6|4|4|4|3|3,8,133,16889866,silent,16889733
11,12|8|5|5|5|5|3|1,8,90,11021007,silent,11020917
11,12|8|5|5|5|5|2|2,8,62,8990094,silent,8990032
11,12|8|5|5|5|4|4|1,8,115,11344697,silent,11344582
11,12|8|5|5|5|4|3|2,8,189,28139338,silent,28139149
11,12|8|5|5|5|3|3|3,8,43,10519477,silent,10519434
11,12|8|5|5|4|4|4|2,8,148,14107805,silent,14107657
11,12|8|5|5|4|4|3|3,8,118,15318938,silent,15318820
11,12|8|5|4|4|4|4|3,8,93,5236795,silent,5236702
11,12|8|4|4|4|4|4|4,8,29,396507,silent,396478
11,12|7|7|7|7|2|1|1,8,67,2154103,silent,2154036
11,12|7|7|7|6|3|1|1,8,297,11006467,silent,11006170
11,12|7|7|7|6|2|2|1,8,225,10056036,silent,10055811
11,12|7|7|7|5|4|1|1,8,361,15404941,silent,15404580
11,12|7|7|7|5|3|2|1,8,604,32933838,silent,32933234
11,12|7|7|7|5|2|2|2,8,176,11911915,silent,11911739
11,12|7|7|7|4|4|2|1,8,415,22788491,silent,22788076
11,12|7|7|7|4|3|3|1,8,314,21884836,silent,21884522
11,12|7|7|7|4|3|2|2,8,280,24129094,silent,24128814
11,12|7|7|7|3|3|3|2,8,72,9712607,silent,9712535
11,12|7|7|6|6|4|1|1,8,336,14232353,silent,14232017
11,12|7|7|6|6|3|2|1,8,509,28529996,silent,28529487
11,12|7|7|6|6|2|2|2,8,131,10032833,silent,10032702
11,12|7|7|6|5|5|1|1,8,221,11926673,silent,11926452
11,12|7|7|6|5|4|2|1,8,899,56068838,silent,56067939
11,12|7|7|6|5|3|3|1,8,552,43979493,silent,43978941
11,12|7|7|6|5|3|2|2,8,527,47191772,silent,47191245
11,12|7|7|6|4|4|3|1,8,593,41160445,silent,41159852
11,12|7|7|6|4|4|2|2,8,403,36643581,silent,36643178
11,12|7|7|6|4|3|3|2,8,372,45029760,silent,45029388
11,12|7|7|6|3|3|3|3,8,23,8529823,silent,8529800
11,12|7|7|5|5|5|2|1,8,209,16862614,silent,16862405
11,12|7|7|5|5|4|3|1,8,443,38772573,silent,38772130
11,12|7|7|5|5|4|2|2,8,342,33747014,silent,33746672
11,12|7|7|5|5|3|3|2,8,228,34394814,silent,34394586
11,12|7|7|5|4|4|4|1,8,235,15750394,silent,15750159
11,12|7|7|5|4|4|3|2,8,389,41817220,silent,41816831
11,12|7|7|5|4|3|3|3,8,89,19343721,silent,19343632
11,12|7|7|4|4|4|4|2,8,99,7905820,silent,7905721
11,12|7|7|4|4|4|3|3,8,86,8759497,silent,8759411
11,12|7|6|6|6|5|1|1,8,97,5445875,silent,5445778
11,12|7|6|6|6|4|2|1,8,328,20340189,silent,20339861
11,12|7|6|6|6|3|3|1,8,173,14964901,silent,14964728
11,12|7|6|6|6|3|2|2,8,193,15839640,silent,15839447
11,12|7|6|6|5|5|2|1,8,233,19137725,silent,19137492
11,12|7|6|6|5|4|3|1,8,474,41281825,silent,41281351
11,12|7|6|6|5|4|2|2,8,363,35698105,silent,35697742
11,12|7|6|6|5|3|3|2,8,245,35542444,silent,35542199
11,12|7|6|6|4|4|4|1,8,208,13697639,silent,13697431
11,12|7|6|6|4|4|3|2,8,332,35866854,silent,35866522
11,12|7|6|6|4|3|3|3,8,62,16136658,silent,16136596
11,12|7|6|5|5|5|3|1,8,136,17417993,silent,17417857
11,12|7|6|5|5|5|2|2,8,86,14132182,silent,14132096
11,12|7|6|5|5|4|4|1,8,173,17436145,silent,17435972
11,12|7|6|5|5|4|3|2,8,283,42843139,silent,42842856
11,12|7|6|5|5|3|3|3,8,63,15752241,silent,15752178
11,12|7|6|5|4|4|4|2,8,220,19972913,silent,19972693
11,12|7|6|5|4|4|3|3,8,137,21497948,silent,21497811
11,12|7|6|4|4|4|4|3,8,89,5838665,silent,5838576
11,12|7|5|5|5|5|4|1,8,23,4081222,silent,4081199
11,12|7|5|5|5|5|3|2,8,30,7973693,silent,7973663
11,12|7|5|5|5|4|4|2,8,53,8962624,silent,8962571
11,12|7|5|5|5|4|3|3,8,36,9051456,silent,9051420
11,12|7|5|5|4|4|4|3,8,53,5927971,silent,5927918
11,12|7|5|4|4|4|4|4,8,23,999286,silent,999263
11,12|6|6|6|6|6|1|1,8,3,415477,silent,415474
11,12|6|6|6|6|5|2|1,8,47,3419949,silent,3419902
11,12|6|6|6|6|4|3|1,8,63,5858528,silent,5858465
11,12|6|6|6|6|4|2|2,8,79,5001802,silent,5001723
11,12|6|6|6|6|3|3|2,8,23,4639145,silent,4639122
11,12|6|6|6|5|5|3|1,8,48,6187924,silent,6187876
11,12|6|6|6|5|5|2|2,8,27,4974499,silent,4974472
11,12|6|6|6|5|4|4|1,8,63,5808890,silent,5808827
11,12|6|6|6|5|4|3|2,8,98,14037470,silent,14037372
11,12|6|6|6|5|3|3|3,8,16,4998042,silent,4998026
11,12|6|6|6|4|4|4|2,8,79,5255390,silent,5255311
11,12|6|6|6|4|4|3|3,8,23,5561314,silent,5561291
11,12|6|6|5|5|5|4|1,8,16,3436751,silent,3436735
11,12|6|6|5|5|5|3|2,8,26,6663264,silent,6663238
11,12|6|6|5|5|4|4|2,8,34,7311018,silent,7310984
11,12|6|6|5|5|4|3|3,8,36,7346631,silent,7346595
11,12|6|6|5|4|4|4|3,8,43,4510654,silent,4510611
11,12|6|6|4|4|4|4|4,8,27,618010,silent,617983
11,12|6|5|5|5|5|5|1,8,2,482291,silent,482289
11,12|6|5|5|5|5|4|2,8,7,2294447,silent,2294440
11,12|6|5|5|5|5|3|3,8,4,1863880,silent,1863876
11,12|6|5|5|5|4|4|3,8,10,2662328,silent,2662318
11,12|6|5|5|4|4|4|4,8,6,793873,silent,793867
11,12|5|5|5|5|5|5|2,8,0,-1,a0,
11,12|5|5|5|5|5|4|3,8,1,375152,silent,375151
11,12|5|5|5|5|4|4|4,8,1,196134,silent,196133
11,11|11|11|7|1|1|1|1,8,38,225742,silent,225704
11,11|11|11|6|2|1|1|1,8,151,1070475,silent,1070324
11,11|11|11|5|3|1|1|1,8,212,1861074,silent,1860862
11,11|11|11|5|2|2|1|1,8,206,1807588,silent,1807382
11,11|11|11|4|4|1|1|1,8,119,1019425,silent,1019306
11,11|11|11|4|3|2|1|1,8,254,2759675,silent,2759421
11,11|11|11|4|2|2|2|1,8,115,1302032,silent,1301917
11,11|11|11|3|3|3|1|1,8,49,781831,silent,781782
11,11|11|11|3|3|2|2|1,8,80,1122103,silent,1122023
11,11|11|11|3|2|2|2|2,8,22,339392,silent,339370
11,11|11|10|8|1|1|1|1,8,56,411812,silent,411756
11,11|11|10|7|2|1|1|1,8,329,2633512,silent,2633183
11,11|11|10|6|3|1|1|1,8,634,6339370,silent,6338736
11,11|11|10|6|2|2|1|1,8,603,5956078,silent,5955475
11,11|11|10|5|4|1|1|1,8,596,6438142,silent,6437546
11,11|11|10|5|3|2|1|1,8,1077,13726571,silent,13725494
11,11|11|10|5|2|2|2|1,8,445,5959592,silent,5959147
11,11|11|10|4|4|2|1|1,8,628,8191537,silent,8190909
11,11|11|10|4|3|3|1|1,8,434,7586523,silent,7586089
11,11|11|10|4|3|2|2|1,8,592,10100640,silent,10100048
11,11|11|10|4|2|2|2|2,8,117,2381628,silent,2381511
11,11|11|10|3|3|3|2|1,8,140,3711614,silent,3711474
11,11|11|10|3|3|2|2|2,8,92,2148733,silent,2148641
11,11|11|9|9|1|1|1|1,8,37,217857,silent,217820
11,11|11|9|8|2|1|1|1,8,301,2512978,silent,2512677
11,11|11|9|7|3|1|1|1,8,852,8961726,silent,8960874
11,11|11|9|7|2|2|1|1,8,739,8287478,silent,8286739
11,11|11|9|6|4|1|1|1,8,1162,14021002,silent,14019840
11,11|11|9|6|3|2|1|1,8,1939,27567333,silent,27565394
11,11|11|9|6|2|2|2|1,8,749,11531047,silent,11530298
11,11|11|9|5|5|1|1|1,8,564,7350256,silent,7349692
11,11|11|9|5|4|2|1|1,8,2003,31471566,silent,31469563
11,11|11|9|5|3|3|1|1,8,1223,23483760,silent,23482537
11,11|11|9|5|3|2|2|1,8,1505,30272843,silent,30271338
11,11|11|9|5|2|2|2|2,8,291,6539251,silent,6538960
11,11|11|9|4|4|3|1|1,8,916,17762439,silent,17761523
11,11|11|9|4|4|2|2|1,8,898,18999154,silent,18998256
11,11|11|9|4|3|3|2|1,8,769,22194559,silent,22193790
11,11|11|9|4|3|2|2|2,8,389,11813583,silent,11813194
11,11|11|9|3|3|3|3|1,8,67,3823957,silent,3823890
11,11|11|9|3|3|3|2|2,8,90,4822102,silent,4822012
11,11|11|8|8|3|1|1|1,8,386,4427808,silent,4427422
11,11|11|8|8|2|2|1|1,8,375,4070329,silent,4069954
11,11|11|8|7|4|1|1|1,8,1024,13195325,silent,13194301
11,11|11|8|7|3|2|1|1,8,1649,25111430,silent,25109781
11,11|11|8|7|2|2|2|1,8,625,10329281,silent,10328656
11,11|11|8|6|5|1|1|1,8,977,14212379,silent,14211402
11,11|11|8|6|4|2|1|1,8,2778,47852883,silent,47850105
11,11|11|8|6|3|3|1|1,8,1550,33353921,silent,33352371
11,11|11|8|6|3|2|2|1,8,1922,42343255,silent,42341333
11,11|11|8|6|2|2|2|2,8,330,8801647,silent,8801317
11,11|11|8|5|5|2|1|1,8,1418,27021869,silent,27020451
11,11|11|8|5|4|3|1|1,8,2277,51037483,silent,51035206
11,11|11|8|5|4|2|2|1,8,2157,52923718,silent,52921561
11,11|11|8|5|3|3|2|1,8,1545,49905417,silent,49903872
11,11|11|8|5|3|2|2|2,8,740,25605930,silent,25605190
11,11|11|8|4|4|4|1|1,8,596,12913897,silent,12913301
11,11|11|8|4|4|3|2|1,8,1274,40013648,silent,40012374
11,11|11|8|4|4|2|2|2,8,440,16767063,silent,16766623
11,11|11|8|4|3|3|3|1,8,314,17529873,silent,17529559
11,11|11|8|4|3|3|2|2,8,402,21399877,silent,21399475
11,11|11|8|3|3|3|3|2,8,30,4895189,silent,4895159
11,11|11|7|7|5|1|1|1,8,527,7782851,silent,7782324
11,11|11|7|7|4|2|1|1,8,1314,24473390,silent,24472076
11,11|11|7|7|3|3|1|1,8,780,16664284,silent,16663504
11,11|11|7|7|3|2|2|1,8,883,21017716,silent,21016833
11,11|11|7|7|2|2|2|2,8,173,4304392,silent,4304219
11,11|11|7|6|6|1|1|1,8,329,5452680,silent,5452351
11,11|11|7|6|5|2|1|1,8,1718,35327493,silent,35325775
11,11|11|7|6|4|3|1|1,8,2190,53482882,silent,53480692
11,11|11|7|6|4|2|2|1,8,2048,54692757,silent,54690709
11,11|11|7|6|3|3|2|1,8,1396,48375277,silent,48373881
11,11|11|7|6|3|2|2|2,8,643,24408607,silent,24407964
11,11|11|7|5|5|3|1|1,8,1339,35271750,silent,35270411
11,11|11|7|5|5|2|2|1,8,1150,34100618,silent,34099468
11,11|11|7|5|4|4|1|1,8,1101,29579003,silent,29577902
11,11|11|7|5|4|3|2|1,8,2363,84816252,silent,84813889
11,11|11|7|5|4|2|2|2,8,821,34324829,silent,34324008
11,11|11|7|5|3|3|3|1,8,520,29526878,silent,29526358
11,11|11|7|5|3|3|2|2,8,574,35497678,silent,35497104
11,11|11|7|4|4|4|2|1,8,727,24595314,silent,24594587
11,11|11|7|4|4|3|3|1,8,528,26562830,silent,26562302
11,11|11|7|4|4|3|2|2,8,546,30183071,silent,30182525
11,11|11|7|4|3|3|3|2,8,145,17274281,silent,17274136
11,11|11|7|3|3|3|3|3,8,4,2009656,silent,2009652
11,11|11|6|6|6|2|1|1,8,340,7413065,silent,7412725
11,11|11|6|6|5|3|1|1,8,872,24983381,silent,24982509
11,11|11|6|6|5|2|2|1,8,783,23875694,silent,23874911
11,11|11|6|6|4|4|1|1,8,642,17389689,silent,17389047
11,11|11|6|6|4|3|2|1,8,1288,48500594,silent,48499306
11,11|11|6|6|4|2|2|2,8,420,19355827,silent,19355407
11,11|11|6|6|3|3|3|1,8,251,15836768,silent,15836517
11,11|11|6|6|3|3|2|2,8,325,18923609,silent,18923284
11,11|11|6|5|5|4|1|1,8,547,17930476,silent,17929929
11,11|11|6|5|5|3|2|1,8,972,40868177,silent,40867205
11,11|11|6|5|5|2|2|2,8,316,15308253,silent,15307937
11,11|11|6|5|4|4|2|1,8,975,38462412,silent,38461437
11,11|11|6|5|4|3|3|1,8,696,38966372,silent,38965676
11,11|11|6|5|4|3|2|2,8,697,43676723,silent,43676026
11,11|11|6|5|3|3|3|2,8,162,20041271,silent,20041109
11,11|11|6|4|4|4|3|1,8,370,15863007,silent,15862637
11,11|11|6|4|4|4|2|2,8,252,14522336,silent,14522084
11,11|11|6|4|4|3|3|2,8,227,19915402,silent,19915175
11,11|11|6|4|3|3|3|3,8,12,5362348,silent,5362336
11,11|11|5|5|5|5|1|1,8,64,2310233,silent,2310169
11,11|11|5|5|5|4|2|1,8,251,12510937,silent,12510686
11,11|11|5|5|5|3|3|1,8,165,10354547,silent,10354382
11,11|11|5|5|5|3|2|2,8,140,11293482,silent,11293342
11,11|11|5|5|4|4|3|1,8,244,13177898,silent,13177654
11,11|11|5|5|4|4|2|2,8,201,11932442,silent,11932241
11,11|11|5|5|4|3|3|2,8,145,15461258,silent,15461113
11,11|11|5|5|3|3|3|3,8,15,3376914,silent,3376899
11,11|11|5|4|4|4|4|1,8,85,3016823,silent,3016738
11,11|11|5|4|4|4|3|2,8,130,8446579,silent,8446449
11,11|11|5|4|4|3|3|3,8,25,4358116,silent,4358091
11,11|11|4|4|4|4|4|2,8,18,919634,silent,919616
11,11|11|4|4|4|4|3|3,8,20,1048470,silent,1048450
11,11|10|10|9|1|1|1|1,8,27,186979,silent,186952
11,11|10|10|8|2|1|1|1,8,194,1727881,silent,1727687
11,11|10|10|7|3|1|1|1,8,528,5733530,silent,5733002
11,11|10|10|7|2|2|1|1,8,461,5289186,silent,5288725
11,11|10|10|6|4|1|1|1,8,682,8694615,silent,8693933
11,11|10|10|6|3|2|1|1,8,1168,17045749,silent,17044581
11,11|10|10|6|2|2|2|1,8,466,7117690,silent,7117224
11,11|10|10|5|5|1|1|1,8,350,4508174,silent,4507824
11,11|10|10|5|4|2|1|1,8,1186,19179144,silent,19177958
11,11|10|10|5|3|3|1|1,8,736,14283911,silent,14283175
11,11|10|10|5|3|2|2|1,8,897,18385233,silent,18384336
11,11|10|10|5|2|2|2|2,8,183,3967853,silent,3967670
11,11|10|10|4|4|3|1|1,8,523,10723633,silent,10723110
11,11|10|10|4|4|2|2|1,8,545,11465303,silent,11464758
11,11|10|10|4|3|3|2|1,8,448,13356412,silent,13355964
11,11|10|10|4|3|2|2|2,8,235,7102054,silent,7101819
11,11|10|10|3|3|3|3|1,8,43,2290505,silent,2290462
11,11|10|10|3|3|3|2|2,8,46,2879761,silent,2879715
11,11|10|9|9|2|1|1|1,8,131,1147820,silent,1147689
11,11|10|9|8|3|1|1|1,8,623,7114289,silent,7113666
11,11|10|9|8|2|2|1|1,8,538,6515132,silent,6514594
11,11|10|9|7|4|1|1|1,8,1249,16736113,silent,16734864
11,11|10|9|7|3|2|1|1,8,2003,31656711,silent,31654708
11,11|10|9|7|2|2|2|1,8,745,12971424,silent,12970679
11,11|10|9|6|5|1|1|1,8,1118,16743422,silent,16742304
11,11|10|9|6|4|2|1|1,8,3067,55736925,silent,55733858
11,11|10|9|6|3|3|1|1,8,1769,38669174,silent,38667405
11,11|10|9|6|3|2|2|1,8,2117,48986932,silent,48984815
11,11|10|9|6|2|2|2|2,8,388,10144593,silent,10144205
11,11|10|9|5|5|2|1|1,8,1565,30607916,silent,30606351
11,11|10|9|5|4|3|1|1,8,2450,57226951,silent,57224501
11,11|10|9|5|4|2|2|1,8,2307,59226067,silent,59223760
11,11|10|9|5|3|3|2|1,8,1656,55575574,silent,55573918
11,11|10|9|5|3|2|2|2,8,769,28443352,silent,28442583
11,11|10|9|4|4|4|1|1,8,589,14224492,silent,14223903
11,11|10|9|4|4|3|2|1,8,1342,43922803,silent,43921461
11,11|10|9|4|4|2|2|2,8,493,18368425,silent,18367932
11,11|10|9|4|3|3|3|1,8,342,19127671,silent,19127329
11,11|10|9|4|3|3|2|2,8,401,23314110,silent,23313709
11,11|10|9|3|3|3|3|2,8,37,5276557,silent,5276520
11,11|10|8|8|4|1|1|1,8,641,9113123,silent,9112482
11,11|10|8|8|3|2|1|1,8,1034,16998527,silent,16997493
11,11|10|8|8|2|2|2|1,8,393,6912727,silent,6912334
11,11|10|8|7|5|1|1|1,8,1191,18854149,silent,18852958
11,11|10|8|7|4|2|1|1,8,2989,58035102,silent,58032113
11,11|10|8|7|3|3|1|1,8,1687,39164243,silent,39162556
11,11|10|8|7|3|2|2|1,8,1984,49227989,silent,49226005
11,11|10|8|7|2|2|2|2,8,357,10009421,silent,10009064
11,11|10|8|6|6|1|1|1,8,602,10694452,silent,10693850
11,11|10|8|6|5|2|1|1,8,3053,66486618,silent,66483565
11,11|10|8|6|4|3|1|1,8,3800,98738812,silent,98735012
11,11|10|8|6|4|2|2|1,8,3575,100643383,silent,100639808
11,11|10|8|6|3|3|2|1,8,2407,88214242,silent,88211835
11,11|10|8|6|3|2|2|2,8,1114,44330896,silent,44329782
11,11|10|8|5|5|3|1|1,8,2188,60804869,silent,60802681
11,11|10|8|5|5|2|2|1,8,1860,58577161,silent,58575301
11,11|10|8|5|4|4|1|1,8,1763,50177966,silent,50176203
11,11|10|8|5|4|3|2|1,8,3756,142934425,silent,142930669
11,11|10|8|5|4|2|2|2,8,1298,57610982,silent,57609684
11,11|10|8|5|3|3|3|1,8,819,49215303,silent,49214484
11,11|10|8|5|3|3|2|2,8,907,59028841,silent,59027934
11,11|10|8|4|4|4|2|1,8,1112,39978426,silent,39977314
11,11|10|8|4|4|3|3|1,8,790,42936035,silent,42935245
11,11|10|8|4|4|3|2|2,8,839,48698190,silent,48697351
11,11|10|8|4|3|3|3|2,8,218,27557319,silent,27557101
11,11|10|8|3|3|3|3|3,8,8,3138501,silent,3138493
11,11|10|7|7|6|1|1|1,8,432,7593767,silent,7593335
11,11|10|7|7|5|2|1|1,8,1669,38091345,silent,38089676
11,11|10|7|7|4|3|1|1,8,1957,53053777,silent,53051820
11,11|10|7|7|4|2|2|1,8,1765,53728838,silent,53727073
11,11|10|7|7|3|3|2|1,8,1194,45997273,silent,45996079
11,11|10|7|7|3|2|2|2,8,521,22932965,silent,22932444
11,11|10|7|6|6|2|1|1,8,1116,27594826,silent,27593710
11,11|10|7|6|5|3|1|1,8,2787,85218255,silent,85215468
11,11|10|7|6|5|2|2|1,8,2397,80972937,silent,80970540
11,11|10|7|6|4|4|1|1,8,1842,57436829,silent,57434987
11,11|10|7|6|4|3|2|1,8,3837,158379112,silent,158375275
11,11|10|7|6|4|2|2|2,8,1304,62780599,silent,62779295
11,11|10|7|6|3|3|3|1,8,792,50689042,silent,50688250
11,11|10|7|6|3|3|2|2,8,883,60342346,silent,60341463
11,11|10|7|5|5|4|1|1,8,1372,47789185,silent,47787813
11,11|10|7|5|5|3|2|1,8,2355,107649847,silent,107647492
11,11|10|7|5|5|2|2|2,8,710,40031517,silent,40030807
11,11|10|7|5|4|4|2|1,8,2254,98131598,silent,98129344
11,11|10|7|5|4|3|3|1,8,1623,98482105,silent,98480482
11,11|10|7|5|4|3|2|2,8,1602,110004996,silent,110003394
11,11|10|7|5|3|3|3|2,8,387,49474443,silent,49474056
11,11|10|7|4|4|4|3|1,8,746,36940238,silent,36939492
11,11|10|7|4|4|4|2|2,8,579,33718618,silent,33718039
11,11|10|7|4|4|3|3|2,8,451,45781436,silent,45780985
11,11|10|7|4|3|3|3|3,8,37,12061700,silent,12061663
11,11|10|6|6|6|3|1|1,8,556,19171573,silent,19171017
11,11|10|6|6|6|2|2|1,8,505,17726990,silent,17726485
11,11|10|6|6|5|4|1|1,8,957,35828895,silent,35827938
11,11|10|6|6|5|3|2|1,8,1654,78519798,silent,78518144
11,11|10|6|6|5|2|2|2,8,534,28805543,silent,28805009
11,11|10|6|6|4|4|2|1,8,1304,59402428,silent,59401124
11,11|10|6|6|4|3|3|1,8,896,58222050,silent,58221154
11,11|10|6|6|4|3|2|2,8,931,64636174,silent,64635243
11,11|10|6|6|3|3|3|2,8,201,27262031,silent,27261830
11,11|10|6|5|5|5|1|1,8,275,12163811,silent,12163536
11,11|10|6|5|5|4|2|1,8,1151,63135945,silent,63134794
11,11|10|6|5|5|3|3|1,8,732,51373425,silent,51372693
11,11|10|6|5|5|3|2|2,8,668,55703891,silent,55703223
11,11|10|6|5|4|4|3|1,8,1024,60817145,silent,60816121
11,11|10|6|5|4|4|2|2,8,778,54754295,silent,54753517
11,11|10|6|5|4|3|3|2,8,615,69749106,silent,69748491
11,11|10|6|5|3|3|3|3,8,49,14605179,silent,14605130
11,11|10|6|4|4|4|4|1,8,257,10847115,silent,10846858
11,11|10|6|4|4|4|3|2,8,399,30012356,silent,30011957
11,11|10|6|4|4|3|3|3,8,72,15165056,silent,15164984
11,11|10|5|5|5|5|2|1,8,117,8725410,silent,8725293
11,11|10|5|5|5|4|3|1,8,272,21037084,silent,21036812
11,11|10|5|5|5|4|2|2,8,178,18425290,silent,18425112
11,11|10|5|5|5|3|3|2,8,147,19182456,silent,19182309
11,11|10|5|5|4|4|4|1,8,164,9467580,silent,9467416
11,11|10|5|5|4|4|3|2,8,265,25491356,silent,25491091
11,11|10|5|5|4|3|3|3,8,61,12089793,silent,12089732
11,11|10|5|4|4|4|4|2,8,128,6528413,silent,6528285
11,11|10|5|4|4|4|3|3,8,70,7304042,silent,7303972
11,11|10|4|4|4|4|4|3,8,29,1060927,silent,1060898
11,11|9|9|9|3|1|1|1,8,126,1443748,silent,1443622
11,11|9|9|9|2|2|1|1,8,100,1317257,silent,1317157
11,11|9|9|8|4|1|1|1,8,460,6480465,silent,6480005
11,11|9|9|8|3|2|1|1,8,710,12026453,silent,12025743
11,11|9|9|8|2|2|2|1,8,251,4874011,silent,4873760
11,11|9|9|7|5|1|1|1,8,665,10853623,silent,10852958
11,11|9|9|7|4|2|1|1,8,1654,33118552,silent,33116898
11,11|9|9|7|3|3|1|1,8,931,22253354,silent,22252423
11,11|9|9|7|3|2|2|1,8,1073,27936959,silent,27935886
11,11|9|9|7|2|2|2|2,8,179,5654832,silent,5654653
11,11|9|9|6|6|1|1|1,8,340,5821288,silent,5820948
11,11|9|9|6|5|2|1|1,8,1587,35566836,silent,35565249
11,11|9|9|6|4|3|1|1,8,1978,52395794,silent,52393816
11,11|9|9|6|4|2|2|1,8,1792,53316246,silent,53314454
11,11|9|9|6|3|3|2|1,8,1240,46554481,silent,46553241
11,11|9|9|6|3|2|2|2,8,544,23345912,silent,23345368
11,11|9|9|5|5|3|1|1,8,1078,31492041,silent,31490963
11,11|9|9|5|5|2|2|1,8,934,30303037,silent,30302103
11,11|9|9|5|4|4|1|1,8,885,25829634,silent,25828749
11,11|9|9|5|4|3|2|1,8,1864,73338897,silent,73337033
11,11|9|9|5|4|2|2|2,8,620,29496764,silent,29496144
11,11|9|9|5|3|3|3|1,8,410,25126511,silent,25126101
11,11|9|9|5|3|3|2|2,8,462,30123530,silent,30123068
11,11|9|9|4|4|4|2|1,8,528,20217826,silent,20217298
11,11|9|9|4|4|3|3|1,8,403,21668132,silent,21667729
11,11|9|9|4|4|3|2|2,8,394,24541724,silent,24541330
11,11|9|9|4|3|3|3|2,8,114,13827202,silent,13827088
11,11|9|9|3|3|3|3|3,8,2,1556344,silent,1556342
11,11|9|8|8|5|1|1|1,8,446,7663504,silent,7663058
11,11|9|8|8|4|2|1|1,8,1102,22683147,silent,22682045
11,11|9|8|8|3|3|1|1,8,597,15068740,silent,15068143
11,11|9|8|8|3|2|2|1,8,719,18843118,silent,18842399
11,11|9|8|8|2|2|2|2,8,120,3785846,silent,3785726
11,11|9|8|7|6|1|1|1,8,576,10734385,silent,10733809
11,11|9|8|7|5|2|1|1,8,2168,51845684,silent,51843516
11,11|9|8|7|4|3|1|1,8,2497,70974557,silent,70972060
11,11|9|8|7|4|2|2|1,8,2270,71671856,silent,71669586
11,11|9|8|7|3|3|2|1,8,1520,60864612,silent,60863092
11,11|9|8|7|3|2|2|2,8,670,30240466,silent,30239796
11,11|9|8|6|6|2|1|1,8,1199,30662368,silent,30661169
11,11|9|8|6|5|3|1|1,8,2854,91327698,silent,91324844
11,11|9|8|6|5|2|2|1,8,2445,86525099,silent,86522654
11,11|9|8|6|4|4|1|1,8,1870,60681002,silent,60679132
11,11|9|8|6|4|3|2|1,8,3848,166337363,silent,166333515
11,11|9|8|6|4|2|2|2,8,1283,65696196,silent,65694913
11,11|9|8|6|3|3|3|1,8,789,52714226,silent,52713437
11,11|9|8|6|3|3|2|2,8,890,62642103,silent,62641213
11,11|9|8|5|5|4|1|1,8,1284,47330322,silent,47329038
11,11|9|8|5|5|3|2|1,8,2217,105994068,silent,105991851
11,11|9|8|5|5|2|2|2,8,682,39278132,silent,39277450
11,11|9|8|5|4|4|2|1,8,2079,95249053,silent,95246974
11,11|9|8|5|4|3|3|1,8,1498,95133396,silent,95131898
11,11|9|8|5|4|3|2|2,8,1478,106074743,silent,106073265
11,11|9|8|5|3|3|3|2,8,355,47237897,silent,47237542
11,11|9|8|4|4|4|3|1,8,663,34522208,silent,34521545
11,11|9|8|4|4|4|2|2,8,493,31451402,silent,31450909
11,11|9|8|4|4|3|3|2,8,407,42506218,silent,42505811
11,11|9|8|4|3|3|3|3,8,31,11076015,silent,11075984
11,11|9|7|7|7|1|1|1,8,126,2462994,silent,2462868
11,11|9|7|7|6|2|1|1,8,873,23713238,silent,23712365
11,11|9|7|7|5|3|1|1,8,1709,57229347,silent,57227638
11,11|9|7|7|5|2|2|1,8,1409,53879174,silent,53877765
11,11|9|7|7|4|4|1|1,8,1029,35939524,silent,35938495
11,11|9|7|7|4|3|2|1,8,2109,97142568,silent,97140459
11,11|9|7|7|4|2|2|2,8,681,38066878,silent,38066197
11,11|9|7|7|3|3|3|1,8,444,29944992,silent,29944548
11,11|9|7|7|3|3|2|2,8,464,35461927,silent,35461463
11,11|9|7|6|6|3|1|1,8,1223,43915274,silent,43914051
11,11|9|7|6|6|2|2|1,8,1019,40380260,silent,40379241
11,11|9|7|6|5|4|1|1,8,1895,75844330,silent,75842435
11,11|9|7|6|5|3|2|1,8,3199,164422584,silent,164419385
11,11|9|7|6|5|2|2|2,8,972,59923235,silent,59922263
11,11|9|7|6|4|4|2|1,8,2393,120659892,silent,120657499
11,11|9|7|6|4|3|3|1,8,1713,117235987,silent,117234274
11,11|9|7|6|4|3|2|2,8,1677,129725540,silent,129723863
11,11|9|7|6|3|3|3|2,8,394,53703660,silent,53703266
11,11|9|7|5|5|5|1|1,8,419,20431114,silent,20430695
11,11|9|7|5|5|4|2|1,8,1763,103885758,silent,103883995
11,11|9|7|5|5|3|3|1,8,1105,83780177,silent,83779072
11,11|9|7|5|5|3|2|2,8,1027,90575091,silent,90574064
11,11|9|7|5|4|4|3|1,8,1483,96222072,silent,96220589
11,11|9|7|5|4|4|2|2,8,1102,86342171,silent,86341069
11,11|9|7|5|4|3|3|2,8,905,109043398,silent,109042493
11,11|9|7|5|3|3|3|3,8,71,22355046,silent,22354975
11,11|9|7|4|4|4|4|1,8,317,15770607,silent,15770290
11,11|9|7|4|4|4|3|2,8,509,43362390,silent,43361881
11,11|9|7|4|4|3|3|3,8,108,21684508,silent,21684400
11,11|9|6|6|6|4|1|1,8,450,19514248,silent,19513798
11,11|9|6|6|6|3|2|1,8,726,39333240,silent,39332514
11,11|9|6|6|6|2|2|2,8,227,13882327,silent,13882100
11,11|9|6|6|5|5|1|1,8,328,17162375,silent,17162047
11,11|9|6|6|5|4|2|1,8,1345,81512379,silent,81511034
11,11|9|6|6|5|3|3|1,8,805,64208916,silent,64208111
11,11|9|6|6|5|3|2|2,8,795,68976880,silent,68976085
11,11|9|6|6|4|4|3|1,8,899,61195328,silent,61194429
11,11|9|6|6|4|4|2|2,8,673,54582389,silent,54581716
11,11|9|6|6|4|3|3|2,8,541,67312432,silent,67311891
11,11|9|6|6|3|3|3|3,8,36,12897591,silent,12897555
11,11|9|6|5|5|5|2|1,8,362,29448235,silent,29447873
11,11|9|6|5|5|4|3|1,8,803,68387432,silent,68386629
11,11|9|6|5|5|4|2|2,8,581,59582270,silent,59581689
11,11|9|6|5|5|3|3|2,8,423,61004260,silent,61003837
11,11|9|6|5|4|4|4|1,8,444,28373379,silent,28372935
11,11|9|6|5|4|4|3|2,8,720,75541417,silent,75540697
11,11|9|6|5|4|3|3|3,8,155,35120859,silent,35120704
11,11|9|6|4|4|4|4|2,8,230,15118491,silent,15118261
11,11|9|6|4|4|4|3|3,8,145,16763125,silent,16762980
11,11|9|5|5|5|5|3|1,8,87,10742767,silent,10742680
11,11|9|5|5|5|5|2|2,8,50,8751864,silent,8751814
11,11|9|5|5|5|4|4|1,8,110,11020826,silent,11020716
11,11|9|5|5|5|4|3|2,8,179,27288211,silent,27288032
11,11|9|5|5|5|3|3|3,8,42,10174433,silent,10174391
11,11|9|5|5|4|4|4|2,8,152,13594361,silent,13594209
11,11|9|5|5|4|4|3|3,8,96,14732841,silent,14732745
11,11|9|5|4|4|4|4|3,8,78,4975475,silent,4975397
11,11|9|4|4|4|4|4|4,8,12,365944,silent,365932
11,11|8|8|8|6|1|1|1,8,117,2437735,silent,2437618
11,11|8|8|8|5|2|1|1,8,435,10858148,silent,10857713
11,11|8|8|8|4|3|1|1,8,475,14382605,silent,14382130
11,11|8|8|8|4|2|2|1,8,458,14461044,silent,14460586
11,11|8|8|8|3|3|2|1,8,288,12105038,silent,12104750
11,11|8|8|8|3|2|2|2,8,139,5983652,silent,5983513
11,11|8|8|7|7|1|1|1,8,100,1909521,silent,1909421
11,11|8|8|7|6|2|1|1,8,618,17081868,silent,17081250
11,11|8|8|7|5|3|1|1,8,1169,40000834,silent,39999665
11,11|8|8|7|5|2|2|1,8,977,37566178,silent,37565201
11,11|8|8|7|4|4|1|1,8,697,24813268,silent,24812571
11,11|8|8|7|4|3|2|1,8,1423,66772738,silent,66771315
11,11|8|8|7|4|2|2|2,8,480,26101729,silent,26101249
11,11|8|8|7|3|3|3|1,8,286,20422000,silent,20421714
11,11|8|8|7|3|3|2|2,8,310,24137774,silent,24137464
11,11|8|8|6|6|3|1|1,8,671,25453959,silent,25453288
11,11|8|8|6|6|2|2|1,8,594,23361099,silent,23360505
11,11|8|8|6|5|4|1|1,8,1037,42755564,silent,42754527
11,11|8|8|6|5|3|2|1,8,1750,92256753,silent,92255003
11,11|8|8|6|5|2|2|2,8,549,33532359,silent,33531810
11,11|8|8|6|4|4|2|1,8,1310,66905928,silent,66904618
11,11|8|8|6|4|3|3|1,8,897,64750907,silent,64750010
11,11|8|8|6|4|3|2|2,8,918,71559251,silent,71558333
11,11|8|8|6|3|3|3|2,8,199,29380582,silent,29380383
11,11|8|8|5|5|5|1|1,8,227,10804888,silent,10804661
11,11|8|8|5|5|4|2|1,8,895,54421176,silent,54420281
11,11|8|8|5|5|3|3|1,8,568,43729158,silent,43728590
11,11|8|8|5|5|3|2|2,8,510,47190611,silent,47190101
11,11|8|8|5|4|4|3|1,8,743,49619798,silent,49619055
11,11|8|8|5|4|4|2|2,8,569,44478378,silent,44477809
11,11|8|8|5|4|3|3|2,8,443,55937464,silent,55937021
11,11|8|8|5|3|3|3|3,8,37,11374428,silent,11374391
11,11|8|8|4|4|4|4|1,8,166,7892180,silent,7892014
11,11|8|8|4|4|4|3|2,8,250,21634452,silent,21634202
11,11|8|8|4|4|3|3|3,8,45,10761397,silent,10761352
11,11|8|7|7|7|2|1|1,8,170,5103768,silent,5103598
11,11|8|7|7|6|3|1|1,8,645,24927742,silent,24927097
11,11|8|7|7|6|2|2|1,8,505,22722676,silent,22722171
11,11|8|7|7|5|4|1|1,8,786,34181746,silent,34180960
11,11|8|7|7|5|3|2|1,8,1286,72730962,silent,72729676
11,11|8|7|7|5|2|2|2,8,367,26225651,silent,26225284
11,11|8|7|7|4|4|2|1,8,884,49841193,silent,49840309
11,11|8|7|7|4|3|3|1,8,645,47686037,silent,47685392
11,11|8|7|7|4|3|2|2,8,602,52499051,silent,52498449
11,11|8|7|7|3|3|3|2,8,147,20976064,silent,20975917
11,11|8|7|6|6|4|1|1,8,629,29386906,silent,29386277
11,11|8|7|6|6|3|2|1,8,1004,58665049,silent,58664045
11,11|8|7|6|6|2|2|2,8,305,20587157,silent,20586852
11,11|8|7|6|5|5|1|1,8,446,24230832,silent,24230386
11,11|8|7|6|5|4|2|1,8,1733,112943473,silent,112941740
11,11|8|7|6|5|3|3|1,8,1053,88270213,silent,88269160
11,11|8|7|6|5|3|2|2,8,998,94565178,silent,94564180
11,11|8|7|6|4|4|3|1,8,1107,81806429,silent,81805322
11,11|8|7|6|4|4|2|2,8,829,72759696,silent,72758867
11,11|8|7|6|4|3|3|2,8,667,89035805,silent,89035138
11,11|8|7|6|3|3|3|3,8,50,16741317,silent,16741267
11,11|8|7|5|5|5|2|1,8,384,32689530,silent,32689146
11,11|8|7|5|5|4|3|1,8,828,74628963,silent,74628135
11,11|8|7|5|5|4|2|2,8,586,64838696,silent,64838110
11,11|8|7|5|5|3|3|2,8,439,65870570,silent,65870131
11,11|8|7|5|4|4|4|1,8,431,29958044,silent,29957613
11,11|8|7|5|4|4|3|2,8,700,79313097,silent,79312397
11,11|8|7|5|4|3|3|3,8,155,36524556,silent,36524401
11,11|8|7|4|4|4|4|2,8,208,14673457,silent,14673249
11,11|8|7|4|4|4|3|3,8,125,16194834,silent,16194709
11,11|8|6|6|6|5|1|1,8,146,8728647,silent,8728501
11,11|8|6|6|6|4|2|1,8,488,32340245,silent,32339757
11,11|8|6|6|6|3|3|1,8,258,23705739,silent,23705481
11,11|8|6|6|6|3|2|2,8,284,25058061,silent,25057777
11,11|8|6|6|5|5|2|1,8,347,29916747,silent,29916400
11,11|8|6|6|5|4|3|1,8,690,64068339,silent,64067649
11,11|8|6|6|5|4|2|2,8,531,55324583,silent,55324052
11,11|8|6|6|5|3|3|2,8,354,54883484,silent,54883130
11,11|8|6|6|4|4|4|1,8,296,21008279,silent,21007983
11,11|8|6|6|4|4|3|2,8,473,54855071,silent,54854598
11,11|8|6|6|4|3|3|3,8,90,24570049,silent,24569959
11,11|8|6|5|5|5|3|1,8,197,26017885,silent,26017688
11,11|8|6|5|5|5|2|2,8,120,21075288,silent,21075168
11,11|8|6|5|5|4|4|1,8,243,25892383,silent,25892140
11,11|8|6|5|5|4|3|2,8,398,63447322,silent,63446924
11,11|8|6|5|5|3|3|3,8,89,23229139,silent,23229050
11,11|8|6|5|4|4|4|2,8,303,29234099,silent,29233796
11,11|8|6|5|4|4|3|3,8,186,31394372,silent,31394186
11,11|8|6|4|4|4|4|3,8,116,8338070,silent,8337954
11,11|8|5|5|5|5|4|1,8,29,5548041,silent,5548012
11,11|8|5|5|5|5|3|2,8,40,10810376,silent,10810336
11,11|8|5|5|5|4|4|2,8,62,12079148,silent,12079086
11,11|8|5|5|5|4|3|3,8,52,12177839,silent,12177787
11,11|8|5|5|4|4|4|3,8,68,7881471,silent,7881403
11,11|8|5|4|4|4|4|4,8,34,1299181,silent,1299147
11,11|7|7|7|7|3|1|1,8,64,2887942,silent,2887878
11,11|7|7|7|7|2|2|1,8,49,2594903,silent,2594854
11,11|7|7|7|6|4|1|1,8,175,8930796,silent,8930621
11,11|7|7|7|6|3|2|1,8,264,17526690,silent,17526426
11,11|7|7|7|6|2|2|2,8,69,6089629,silent,6089560
11,11|7|7|7|5|5|1|1,8,102,6007579,silent,6007477
11,11|7|7|7|5|4|2|1,8,372,27039077,silent,27038705
11,11|7|7|7|5|3|3|1,8,232,20836635,silent,20836403
11,11|7|7|7|5|3|2|2,8,205,22229426,silent,22229221
11,11|7|7|7|4|4|3|1,8,217,18111339,silent,18111122
11,11|7|7|7|4|4|2|2,8,149,16026500,silent,16026351
11,11|7|7|7|4|3|3|2,8,136,19353701,silent,19353565
11,11|7|7|7|3|3|3|3,8,13,3508956,silent,3508943
11,11|7|7|6|6|5|1|1,8,118,6980663,silent,6980545
11,11|7|7|6|6|4|2|1,8,340,25449192,silent,25448852
11,11|7|7|6|6|3|3|1,8,206,18542899,silent,18542693
11,11|7|7|6|6|3|2|2,8,183,19544144,silent,19543961
11,11|7|7|6|5|5|2|1,8,248,22248255,silent,22248007
11,11|7|7|6|5|4|3|1,8,476,46975421,silent,46974945
11,11|7|7|6|5|4|2|2,8,344,40471368,silent,40471024
11,11|7|7|6|5|3|3|2,8,255,39902228,silent,39901973
11,11|7|7|6|4|4|4|1,8,177,14975587,silent,14975410
11,11|7|7|6|4|4|3|2,8,299,38930886,silent,38930587
11,11|7|7|6|4|3|3|3,8,73,17309808,silent,17309735
11,11|7|7|5|5|5|3|1,8,110,15569266,silent,15569156
11,11|7|7|5|5|5|2|2,8,81,12596877,silent,12596796
11,11|7|7|5|5|4|4|1,8,140,15318965,silent,15318825
11,11|7|7|5|5|4|3|2,8,224,37363807,silent,37363583
11,11|7|7|5|5|3|3|3,8,45,13565290,silent,13565245
11,11|7|7|5|4|4|4|2,8,148,16734828,silent,16734680
11,11|7|7|5|4|4|3|3,8,104,17918147,silent,17918043
11,11|7|7|4|4|4|4|3,8,50,4439957,silent,4439907
11,11|7|6|6|6|6|1|1,8,22,1306570,silent,1306548
11,11|7|6|6|6|5|2|1,8,123,10438446,silent,10438323
11,11|7|6|6|6|4|3|1,8,179,17671806,silent,17671627
11,11|7|6|6|6|4|2|2,8,143,15021658,silent,15021515
11,11|7|6|6|6|3|3|2,8,89,13887847,silent,13887758
11,11|7|6|6|5|5|3|1,8,130,18047207,silent,18047077
11,11|7|6|6|5|5|2|2,8,96,14496251,silent,14496155
11,11|7|6|6|5|4|4|1,8,154,16778357,silent,16778203
11,11|7|6|6|5|4|3|2,8,251,40366616,silent,40366365
11,11|7|6|6|5|3|3|3,8,46,14265238,silent,14265192
11,11|7|6|6|4|4|4|2,8,135,14775202,silent,14775067
11,11|7|6|6|4|4|3|3,8,84,15622902,silent,15622818
11,11|7|6|5|5|5|4|1,8,43,9127403,silent,9127360
11,11|7|6|5|5|5|3|2,8,63,17617123,silent,17617060
11,11|7|6|5|5|4|4|2,8,106,19153432,silent,19153326
11,11|7|6|5|5|4|3|3,8,73,19157561,silent,19157488
11,11|7|6|5|4|4|4|3,8,92,11523634,silent,11523542
11,11|7|6|4|4|4|4|4,8,29,1500972,silent,1500943
11,11|7|5|5|5|5|5|1,8,2,990234,silent,990232
11,11|7|5|5|5|5|4|2,8,11,4672426,silent,4672415
11,11|7|5|5|5|5|3|3,8,7,3785436,silent,3785429
11,11|7|5|5|5|4|4|3,8,20,5353301,silent,5353281
11,11|7|5|5|4|4|4|4,8,16,1562502,silent,1562486
11,11|6|6|6|6|6|2|1,8,13,844189,silent,844176
11,11|6|6|6|6|5|3|1,8,27,3378706,silent,3378679
11,11|6|6|6|6|5|2|2,8,28,2677162,silent,2677134
11,11|6|6|6|6|4|4|1,8,30,2548541,silent,2548511
11,11|6|6|6|6|4|3|2,8,42,5918407,silent,5918365
11,11|6|6|6|6|3|3|3,8,2,1932243,silent,1932241
11,11|6|6|6|5|5|4|1,8,16,3375166,silent,3375150
11,11|6|6|6|5|5|3|2,8,23,6406354,silent,6406331
11,11|6|6|6|5|4|4|2,8,45,6537618,silent,6537573
11,11|6|6|6|5|4|3|3,8,22,6446414,silent,6446392
11,11|6|6|6|4|4|4|3,8,28,3110063,silent,3110035
11,11|6|6|5|5|5|5|1,8,2,862071,silent,862069
11,11|6|6|5|5|5|4|2,8,6,3997847,silent,3997841
11,11|6|6|5|5|5|3|3,8,9,3226864,silent,3226855
11,11|6|6|5|5|4|4|3,8,16,4447933,silent,4447917
11,11|6|6|5|4|4|4|4,8,15,1216044,silent,1216029
11,11|6|5|5|5|5|5|2,8,1,601249,silent,601248
11,11|6|5|5|5|5|4|3,8,2,1481384,silent,1481382
11,11|6|5|5|5|4|4|4,8,1,755300,silent,755299
11,11|5|5|5|5|5|5|3,8,0,-1,a0,
11,11|5|5|5|5|5|4|4,8,1,120585,silent,120584
