delta,lam,ell,a,m_det,class,margin
11,38|1|1|1|1|1|1,7,0,-1,a0,
11,37|2|1|1|1|1|1,7,0,-1,a0,
11,36|3|1|1|1|1|1,7,0,-1,a0,
11,36|2|2|1|1|1|1,7,0,-1,a0,
11,35|4|1|1|1|1|1,7,0,-1,a0,
11,35|3|2|1|1|1|1,7,0,-1,a0,
11,35|2|2|2|1|1|1,7,0,-1,a0,
11,34|5|1|1|1|1|1,7,0,-1,a0,
11,34|4|2|1|1|1|1,7,0,-1,a0,
11,34|3|3|1|1|1|1,7,0,-1,a0,
11,34|3|2|2|1|1|1,7,0,-1,a0,
11,34|2|2|2|2|1|1,7,0,-1,a0,
11,33|6|1|1|1|1|1,7,0,-1,a0,
11,33|5|2|1|1|1|1,7,0,-1,a0,
11,33|4|3|1|1|1|1,7,0,-1,a0,
11,33|4|2|2|1|1|1,7,0,-1,a0,
11,33|3|3|2|1|1|1,7,0,-1,a0,
11,33|3|2|2|2|1|1,7,0,-1,a0,
11,33|2|2|2|2|2|1,7,0,-1,a0,
11,32|7|1|1|1|1|1,7,0,-1,a0,
11,32|6|2|1|1|1|1,7,0,-1,a0,
11,32|5|3|1|1|1|1,7,0,-1,a0,
11,32|5|2|2|1|1|1,7,0,-1,a0,
11,32|4|4|1|1|1|1,7,0,-1,a0,
11,32|4|3|2|1|1|1,7,0,-1,a0,
11,32|4|2|2|2|1|1,7,0,-1,a0,
11,32|3|3|3|1|1|1,7,0,-1,a0,
11,32|3|3|2|2|1|1,7,0,-1,a0,
11,32|3|2|2|2|2|1,7,0,-1,a0,
11,32|2|2|2|2|2|2,7,1,18,silent,17
11,31|8|1|1|1|1|1,7,0,-1,a0,
11,31|7|2|1|1|1|1,7,0,-1,a0,
11,31|6|3|1|1|1|1,7,0,-1,a0,
11,31|6|2|2|1|1|1,7,0,-1,a0,
11,31|5|4|1|1|1|1,7,0,-1,a0,
11,31|5|3|2|1|1|1,7,0,-1,a0,
11,31|5|2|2|2|1|1,7,0,-1,a0,
11,31|4|4|2|1|1|1,7,0,-1,a0,
11,31|4|3|3|1|1|1,7,0,-1,a0,
11,31|4|3|2|2|1|1,7,0,-1,a0,
11,31|4|2|2|2|2|1,7,1,179,silent,178
11,31|3|3|3|2|1|1,7,0,-1,a0,
11,31|3|3|2|2|2|1,7,0,-1,a0,
11,31|3|2|2|2|2|2,7,1,50,silent,49
11,30|9|1|1|1|1|1,7,0,-1,a0,
11,30|8|2|1|1|1|1,7,0,-1,a0,
11,30|7|3|1|1|1|1,7,0,-1,a0,
11,30|7|2|2|1|1|1,7,0,-1,a0,
11,30|6|4|1|1|1|1,7,0,-1,a0,
11,30|6|3|2|1|1|1,7,0,-1,a0,
11,30|6|2|2|2|1|1,7,0,-1,a0,
11,30|5|5|1|1|1|1,7,0,-1,a0,
11,30|5|4|2|1|1|1,7,0,-1,a0,
11,30|5|3|3|1|1|1,7,0,-1,a0,
11,30|5|3|2|2|1|1,7,1,1374,silent,1373
11,30|5|2|2|2|2|1,7,2,427,silent,425
11,30|4|4|3|1|1|1,7,0,-1,a0,
11,30|4|4|2|2|1|1,7,0,-1,a0,
11,30|4|3|3|2|1|1,7,0,-1,a0,
11,30|4|3|2|2|2|1,7,1,681,silent,680
11,30|4|2|2|2|2|2,7,3,179,silent,176
11,30|3|3|3|3|1|1,7,0,-1,a0,
11,30|3|3|3|2|2|1,7,0,-1,a0,
11,30|3|3|2|2|2|2,7,0,-1,a0,
11,29|10|1|1|1|1|1,7,0,-1,a0,
11,29|9|2|1|1|1|1,7,0,-1,a0,
11,29|8|3|1|1|1|1,7,0,-1,a0,
11,29|8|2|2|1|1|1,7,0,-1,a0,
11,29|7|4|1|1|1|1,7,0,-1,a0,
11,29|7|3|2|1|1|1,7,0,-1,a0,
11,29|7|2|2|2|1|1,7,1,966,silent,965
11,29|6|5|1|1|1|1,7,0,-1,a0,
11,29|6|4|2|1|1|1,7,0,-1,a0,
11,29|6|3|3|1|1|1,7,1,2305,silent,2304
11,29|6|3|2|2|1|1,7,2,2942,silent,2940
11,29|6|2|2|2|2|1,7,4,861,silent,857
11,29|5|5|2|1|1|1,7,1,1592,silent,1591
11,29|5|4|3|1|1|1,7,0,-1,a0,
11,29|5|4|2|2|1|1,7,2,3079,silent,3077
11,29|5|3|3|2|1|1,7,1,3007,silent,3006
11,29|5|3|2|2|2|1,7,4,1958,silent,1954
11,29|5|2|2|2|2|2,7,4,385,silent,381
11,29|4|4|4|1|1|1,7,0,-1,a0,
11,29|4|4|3|2|1|1,7,0,-1,a0,
11,29|4|4|2|2|2|1,7,3,1222,silent,1219
11,29|4|3|3|3|1|1,7,0,-1,a0,
11,29|4|3|3|2|2|1,7,0,-1,a0,
11,29|4|3|2|2|2|2,7,2,568,silent,566
11,29|3|3|3|3|2|1,7,0,-1,a0,
11,29|3|3|3|2|2|2,7,0,-1,a0,
11,28|11|1|1|1|1|1,7,0,-1,a0,
11,28|10|2|1|1|1|1,7,0,-1,a0,
11,28|9|3|1|1|1|1,7,0,-1,a0,
11,28|9|2|2|1|1|1,7,0,-1,a0,
11,28|8|4|1|1|1|1,7,0,-1,a0,
11,28|8|3|2|1|1|1,7,1,3708,silent,3707
11,28|8|2|2|2|1|1,7,1,1481,silent,1480
11,28|7|5|1|1|1|1,7,0,-1,a0,
11,28|7|4|2|1|1|1,7,1,6132,silent,6131
11,28|7|3|3|1|1|1,7,1,4288,silent,4287
11,28|7|3|2|2|1|1,7,6,5462,silent,5456
11,28|7|2|2|2|2|1,7,7,1509,silent,1502
11,28|6|6|1|1|1|1,7,0,-1,a0,
11,28|6|5|2|1|1|1,7,2,5187,silent,5185
11,28|6|4|3|1|1|1,7,2,7310,silent,7308
11,28|6|4|2|2|1|1,7,5,7724,silent,7719
11,28|6|3|3|2|1|1,7,4,6978,silent,6974
11,28|6|3|2|2|2|1,7,9,4430,silent,4421
11,28|6|2|2|2|2|2,7,9,825,silent,816
11,28|5|5|3|1|1|1,7,2,3953,silent,3951
11,28|5|5|2|2|1|1,7,5,4012,silent,4007
11,28|5|4|4|1|1|1,7,0,-1,a0,
11,28|5|4|3|2|1|1,7,4,9155,silent,9151
11,28|5|4|2|2|2|1,7,9,4789,silent,4780
11,28|5|3|3|3|1|1,7,0,-1,a0,
11,28|5|3|3|2|2|1,7,2,4683,silent,4681
11,28|5|3|2|2|2|2,7,4,1653,silent,1649
11,28|4|4|4|2|1|1,7,0,-1,a0,
11,28|4|4|3|3|1|1,7,0,-1,a0,
11,28|4|4|3|2|2|1,7,2,3593,silent,3591
11,28|4|4|2|2|2|2,7,6,1160,silent,1154
11,28|4|3|3|3|2|1,7,0,-1,a0,
11,28|4|3|3|2|2|2,7,0,-1,a0,
11,28|3|3|3|3|3|1,7,0,-1,a0,
11,28|3|3|3|3|2|2,7,0,-1,a0,
11,27|12|1|1|1|1|1,7,0,-1,a0,
11,27|11|2|1|1|1|1,7,0,-1,a0,
11,27|10|3|1|1|1|1,7,0,-1,a0,
11,27|10|2|2|1|1|1,7,0,-1,a0,
11,27|9|4|1|1|1|1,7,0,-1,a0,
11,27|9|3|2|1|1|1,7,2,5472,silent,5470
11,27|9|2|2|2|1|1,7,3,2197,silent,2194
11,27|8|5|1|1|1|1,7,1,3968,silent,3967
11,27|8|4|2|1|1|1,7,3,10505,silent,10502
11,27|8|3|3|1|1|1,7,4,7141,silent,7137
11,27|8|3|2|2|1|1,7,10,8988,silent,8978
11,27|8|2|2|2|2|1,7,12,2415,silent,2403
11,27|7|6|1|1|1|1,7,0,-1,a0,
11,27|7|5|2|1|1|1,7,6,11899,silent,11893
11,27|7|4|3|1|1|1,7,5,15183,silent,15178
11,27|7|4|2|2|1|1,7,16,15951,silent,15935
11,27|7|3|3|2|1|1,7,9,13559,silent,13550
11,27|7|3|2|2|2|1,7,19,8430,silent,8411
11,27|7|2|2|2|2|2,7,11,1391,silent,1380
11,27|6|6|2|1|1|1,7,1,5213,silent,5212
11,27|6|5|3|1|1|1,7,8,13999,silent,13991
11,27|6|5|2|2|1|1,7,13,13778,silent,13765
11,27|6|4|4|1|1|1,7,1,8354,silent,8353
11,27|6|4|3|2|1|1,7,14,24834,silent,24820
11,27|6|4|2|2|2|1,7,24,12580,silent,12556
11,27|6|3|3|3|1|1,7,2,7978,silent,7976
11,27|6|3|3|2|2|1,7,6,11379,silent,11373
11,27|6|3|2|2|2|2,7,12,3920,silent,3908
11,27|5|5|4|1|1|1,7,5,5798,silent,5793
11,27|5|5|3|2|1|1,7,10,13555,silent,13545
11,27|5|5|2|2|2|1,7,8,6238,silent,6230
11,27|5|4|4|2|1|1,7,5,11125,silent,11120
11,27|5|4|3|3|1|1,7,2,11431,silent,11429
11,27|5|4|3|2|2|1,7,12,15818,silent,15806
11,27|5|4|2|2|2|2,7,11,4317,silent,4306
11,27|5|3|3|3|2|1,7,0,-1,a0,
11,27|5|3|3|2|2|2,7,1,4131,silent,4130
11,27|4|4|4|3|1|1,7,0,-1,a0,
11,27|4|4|4|2|2|1,7,5,4229,silent,4224
11,27|4|4|3|3|2|1,7,0,-1,a0,
11,27|4|4|3|2|2|2,7,4,3363,silent,3359
11,27|4|3|3|3|3|1,7,0,-1,a0,
11,27|4|3|3|3|2|2,7,0,-1,a0,
11,27|3|3|3|3|3|2,7,0,-1,a0,
11,26|13|1|1|1|1|1,7,0,-1,a0,
11,26|12|2|1|1|1|1,7,0,-1,a0,
11,26|11|3|1|1|1|1,7,0,-1,a0,
11,26|11|2|2|1|1|1,7,0,-1,a0,
11,26|10|4|1|1|1|1,7,1,4361,silent,4360
11,26|10|3|2|1|1|1,7,3,7468,silent,7465
11,26|10|2|2|2|1|1,7,4,2940,silent,2936
11,26|9|5|1|1|1|1,7,1,6346,silent,6345
11,26|9|4|2|1|1|1,7,7,16353,silent,16346
11,26|9|3|3|1|1|1,7,7,10850,silent,10843
11,26|9|3|2|2|1|1,7,19,13617,silent,13598
11,26|9|2|2|2|2|1,7,17,3547,silent,3530
11,26|8|6|1|1|1|1,7,2,6034,silent,6032
11,26|8|5|2|1|1|1,7,14,22335,silent,22321
11,26|8|4|3|1|1|1,7,14,27210,silent,27196
11,26|8|4|2|2|1|1,7,29,28156,silent,28127
11,26|8|3|3|2|1|1,7,20,23422,silent,23402
11,26|8|3|2|2|2|1,7,33,14322,silent,14289
11,26|8|2|2|2|2|2,7,20,2318,silent,2298
11,26|7|7|1|1|1|1,7,0,-1,a0,
11,26|7|6|2|1|1|1,7,8,16692,silent,16684
11,26|7|5|3|1|1|1,7,20,33755,silent,33735
11,26|7|5|2|2|1|1,7,38,32832,silent,32794
11,26|7|4|4|1|1|1,7,8,18816,silent,18808
11,26|7|4|3|2|1|1,7,37,53599,silent,53562
11,26|7|4|2|2|2|1,7,50,26348,silent,26298
11,26|7|3|3|3|1|1,7,4,16223,silent,16219
11,26|7|3|3|2|2|1,7,17,23037,silent,23020
11,26|7|3|2|2|2|2,7,20,7587,silent,7567
11,26|6|6|3|1|1|1,7,8,15520,silent,15512
11,26|6|6|2|2|1|1,7,10,14679,silent,14669
11,26|6|5|4|1|1|1,7,13,22484,silent,22471
11,26|6|5|3|2|1|1,7,38,50520,silent,50482
11,26|6|5|2|2|2|1,7,34,22862,silent,22828
11,26|6|4|4|2|1|1,7,17,33241,silent,33224
11,26|6|4|3|3|1|1,7,12,32796,silent,32784
11,26|6|4|3|2|2|1,7,36,44575,silent,44539
11,26|6|4|2|2|2|2,7,32,11800,silent,11768
11,26|6|3|3|3|2|1,7,1,17676,silent,17675
11,26|6|3|3|2|2|2,7,4,10378,silent,10374
11,26|5|5|5|1|1|1,7,7,4711,silent,4704
11,26|5|5|4|2|1|1,7,19,22975,silent,22956
11,26|5|5|3|3|1|1,7,6,18326,silent,18320
11,26|5|5|3|2|2|1,7,16,24181,silent,24165
11,26|5|5|2|2|2|2,7,5,5570,silent,5565
11,26|5|4|4|3|1|1,7,7,18889,silent,18882
11,26|5|4|4|2|2|1,7,19,21389,silent,21370
11,26|5|4|3|3|2|1,7,5,26518,silent,26513
11,26|5|4|3|2|2|2,7,12,15026,silent,15014
11,26|5|3|3|3|3|1,7,0,-1,a0,
11,26|5|3|3|3|2|2,7,0,-1,a0,
11,26|4|4|4|4|1|1,7,0,-1,a0,
11,26|4|4|4|3|2|1,7,3,8816,silent,8813
11,26|4|4|4|2|2|2,7,10,4391,silent,4381
11,26|4|4|3|3|3|1,7,0,-1,a0,
11,26|4|4|3|3|2|2,7,0,-1,a0,
11,26|4|3|3|3|3|2,7,0,-1,a0,
11,26|3|3|3|3|3|3,7,0,-1,a0,
11,25|14|1|1|1|1|1,7,0,-1,a0,
11,25|13|2|1|1|1|1,7,0,-1,a0,
11,25|12|3|1|1|1|1,7,0,-1,a0,
11,25|12|2|2|1|1|1,7,0,-1,a0,
11,25|11|4|1|1|1|1,7,0,-1,a0,
11,25|11|3|2|1|1|1,7,5,9516,silent,9511
11,25|11|2|2|2|1|1,7,7,3765,silent,3758
11,25|10|5|1|1|1|1,7,3,9221,silent,9218
11,25|10|4|2|1|1|1,7,12,23218,silent,23206
11,25|10|3|3|1|1|1,7,12,15188,silent,15176
11,25|10|3|2|2|1|1,7,28,18954,silent,18926
11,25|10|2|2|2|2|1,7,24,4849,silent,4825
11,25|9|6|1|1|1|1,7,3,10510,silent,10507
11,25|9|5|2|1|1|1,7,27,36981,silent,36954
11,25|9|4|3|1|1|1,7,26,43646,silent,43620
11,25|9|4|2|2|1|1,7,57,45002,silent,44945
11,25|9|3|3|2|1|1,7,34,36470,silent,36436
11,25|9|3|2|2|2|1,7,53,22027,silent,21974
11,25|9|2|2|2|2|2,7,23,3324,silent,3301
11,25|8|7|1|1|1|1,7,3,7258,silent,7255
11,25|8|6|2|1|1|1,7,22,36341,silent,36319
11,25|8|5|3|1|1|1,7,49,66182,silent,66133
11,25|8|5|2|2|1|1,7,73,63583,silent,63510
11,25|8|4|4|1|1|1,7,16,35611,silent,35595
11,25|8|4|3|2|1|1,7,80,99017,silent,98937
11,25|8|4|2|2|2|1,7,91,47807,silent,47716
11,25|8|3|3|3|1|1,7,13,29004,silent,28991
11,25|8|3|3|2|2|1,7,34,40870,silent,40836
11,25|8|3|2|2|2|2,7,37,13199,silent,13162
11,25|7|7|2|1|1|1,7,12,15721,silent,15709
11,25|7|6|3|1|1|1,7,31,51817,silent,51786
11,25|7|6|2|2|1|1,7,52,48628,silent,48576
11,25|7|5|4|1|1|1,7,41,58216,silent,58175
11,25|7|5|3|2|1|1,7,101,126277,silent,126176
11,25|7|5|2|2|2|1,7,83,55711,silent,55628
11,25|7|4|4|2|1|1,7,54,77289,silent,77235
11,25|7|4|3|3|1|1,7,29,73577,silent,73548
11,25|7|4|3|2|2|1,7,87,98854,silent,98767
11,25|7|4|2|2|2|2,7,53,24809,silent,24756
11,25|7|3|3|3|2|1,7,5,37329,silent,37324
11,25|7|3|3|2|2|2,7,13,21736,silent,21723
11,25|6|6|4|1|1|1,7,11,28848,silent,28837
11,25|6|6|3|2|1|1,7,41,59282,silent,59241
11,25|6|6|2|2|2|1,7,39,25832,silent,25793
11,25|6|5|5|1|1|1,7,20,20985,silent,20965
11,25|6|5|4|2|1|1,7,67,93687,silent,93620
11,25|6|5|3|3|1|1,7,35,72324,silent,72289
11,25|6|5|3|2|2|1,7,71,94201,silent,94130
11,25|6|5|2|2|2|2,7,35,21589,silent,21554
11,25|6|4|4|3|1|1,7,25,59574,silent,59549
11,25|6|4|4|2|2|1,7,60,66059,silent,65999
11,25|6|4|3|3|2|1,7,20,78638,silent,78618
11,25|6|4|3|2|2|2,7,37,43593,silent,43556
11,25|6|3|3|3|3|1,7,0,-1,a0,
11,25|6|3|3|3|2|2,7,0,-1,a0,
11,25|5|5|5|2|1|1,7,18,19899,silent,19881
11,25|5|5|4|3|1|1,7,24,42214,silent,42190
11,25|5|5|4|2|2|1,7,27,44589,silent,44562
11,25|5|5|3|3|2|1,7,13,44660,silent,44647
11,25|5|5|3|2|2|2,7,11,23520,silent,23509
11,25|5|4|4|4|1|1,7,8,14651,silent,14643
11,25|5|4|4|3|2|1,7,22,48465,silent,48443
11,25|5|4|4|2|2|2,7,22,21756,silent,21734
11,25|5|4|3|3|3|1,7,0,-1,a0,
11,25|5|4|3|3|2|2,7,4,28453,silent,28449
11,25|5|3|3|3|3|2,7,0,-1,a0,
11,25|4|4|4|4|2|1,7,7,7283,silent,7276
11,25|4|4|4|3|3|1,7,0,-1,a0,
11,25|4|4|4|3|2|2,7,6,9914,silent,9908
11,25|4|4|3|3|3|2,7,0,-1,a0,
11,25|4|3|3|3|3|3,7,0,-1,a0,
11,24|15|1|1|1|1|1,7,0,-1,a0,
11,24|14|2|1|1|1|1,7,0,-1,a0,
11,24|13|3|1|1|1|1,7,0,-1,a0,
11,24|13|2|2|1|1|1,7,0,-1,a0,
11,24|12|4|1|1|1|1,7,1,6635,silent,6634
11,24|12|3|2|1|1|1,7,7,11193,silent,11186
11,24|12|2|2|2|1|1,7,7,4360,silent,4353
11,24|11|5|1|1|1|1,7,4,12173,silent,12169
11,24|11|4|2|1|1|1,7,19,30293,silent,30274
11,24|11|3|3|1|1|1,7,16,19562,silent,19546
11,24|11|3|2|2|1|1,7,41,24380,silent,24339
11,24|11|2|2|2|2|1,7,30,6117,silent,6087
11,24|10|6|1|1|1|1,7,7,16126,silent,16119
11,24|10|5|2|1|1|1,7,44,54610,silent,54566
11,24|10|4|3|1|1|1,7,47,63319,silent,63272
11,24|10|4|2|2|1|1,7,83,64708,silent,64625
11,24|10|3|3|2|1|1,7,56,51962,silent,51906
11,24|10|3|2|2|2|1,7,77,31059,silent,30982
11,24|10|2|2|2|2|2,7,34,4646,silent,4612
11,24|9|7|1|1|1|1,7,6,14496,silent,14490
11,24|9|6|2|1|1|1,7,49,65411,silent,65362
11,24|9|5|3|1|1|1,7,90,112475,silent,112385
11,24|9|5|2|2|1|1,7,137,107370,silent,107233
11,24|9|4|4|1|1|1,7,36,59476,silent,59440
11,24|9|4|3|2|1|1,7,146,162129,silent,161983
11,24|9|4|2|2|2|1,7,146,77039,silent,76893
11,24|9|3|3|3|1|1,7,22,46318,silent,46296
11,24|9|3|3|2|2|1,7,62,65029,silent,64967
11,24|9|3|2|2|2|2,7,53,20480,silent,20427
11,24|8|8|1|1|1|1,7,5,5903,silent,5898
11,24|8|7|2|1|1|1,7,37,46218,silent,46181
11,24|8|6|3|1|1|1,7,85,117037,silent,116952
11,24|8|6|2|2|1|1,7,113,108459,silent,108346
11,24|8|5|4|1|1|1,7,90,119656,silent,119566
11,24|8|5|3|2|1|1,7,221,254452,silent,254231
11,24|8|5|2|2|2|1,7,165,110650,silent,110485
11,24|8|4|4|2|1|1,7,109,149856,silent,149747
11,24|8|4|3|3|1|1,7,74,140426,silent,140352
11,24|8|4|3|2|2|1,7,171,186720,silent,186549
11,24|8|4|2|2|2|2,7,101,46006,silent,45905
11,24|8|3|3|3|2|1,7,16,68302,silent,68286
11,24|8|3|3|2|2|2,7,24,39247,silent,39223
11,24|7|7|3|1|1|1,7,36,51351,silent,51315
11,24|7|7|2|2|1|1,7,60,47217,silent,47157
11,24|7|6|4|1|1|1,7,66,103011,silent,102945
11,24|7|6|3|2|1|1,7,158,203629,silent,203471
11,24|7|6|2|2|2|1,7,118,85880,silent,85762
11,24|7|5|5|1|1|1,7,50,58870,silent,58820
11,24|7|5|4|2|1|1,7,193,249954,silent,249761
11,24|7|5|3|3|1|1,7,92,187721,silent,187629
11,24|7|5|3|2|2|1,7,191,241765,silent,241574
11,24|7|5|2|2|2|2,7,72,53379,silent,53307
11,24|7|4|4|3|1|1,7,75,143502,silent,143427
11,24|7|4|4|2|2|1,7,134,156022,silent,155888
11,24|7|4|3|3|2|1,7,59,181876,silent,181817
11,24|7|4|3|2|2|2,7,80,98573,silent,98493
11,24|7|3|3|3|3|1,7,0,-1,a0,
11,24|7|3|3|3|2|2,7,3,40084,silent,40081
11,24|6|6|5|1|1|1,7,19,36372,silent,36353
11,24|6|6|4|2|1|1,7,76,126674,silent,126598
11,24|6|6|3|3|1|1,7,48,90459,silent,90411
11,24|6|6|3|2|2|1,7,91,115681,silent,115590
11,24|6|6|2|2|2|2,7,49,25545,silent,25496
11,24|6|5|5|2|1|1,7,73,93677,silent,93604
11,24|6|5|4|3|1|1,7,97,181500,silent,181403
11,24|6|5|4|2|2|1,7,133,190079,silent,189946
11,24|6|5|3|3|2|1,7,61,181624,silent,181563
11,24|6|5|3|2|2|2,7,58,94643,silent,94585
11,24|6|4|4|4|1|1,7,23,49208,silent,49185
11,24|6|4|4|3|2|1,7,73,157475,silent,157402
11,24|6|4|4|2|2|2,7,69,69010,silent,68941
11,24|6|4|3|3|3|1,7,4,70447,silent,70443
11,24|6|4|3|3|2|2,7,14,86450,silent,86436
11,24|6|3|3|3|3|2,7,0,-1,a0,
11,24|5|5|5|3|1|1,7,25,41833,silent,41808
11,24|5|5|5|2|2|1,7,16,40235,silent,40219
11,24|5|5|4|4|1|1,7,27,37901,silent,37874
11,24|5|5|4|3|2|1,7,44,111404,silent,111360
11,24|5|5|4|2|2|2,7,17,45755,silent,45738
11,24|5|5|3|3|3|1,7,4,40961,silent,40957
11,24|5|5|3|3|2|2,7,12,49828,silent,49816
11,24|5|4|4|4|2|1,7,29,43284,silent,43255
11,24|5|4|4|3|3|1,7,8,47261,silent,47253
11,24|5|4|4|3|2|2,7,22,55452,silent,55430
11,24|5|4|3|3|3|2,7,0,-1,a0,
11,24|5|3|3|3|3|3,7,0,-1,a0,
11,24|4|4|4|4|3|1,7,4,9043,silent,9039
11,24|4|4|4|4|2|2,7,13,9123,silent,9110
11,24|4|4|4|3|3|2,7,0,-1,a0,
11,24|4|4|3|3|3|3,7,0,-1,a0,
11,23|16|1|1|1|1|1,7,0,-1,a0,
11,23|15|2|1|1|1|1,7,0,-1,a0,
11,23|14|3|1|1|1|1,7,0,-1,a0,
11,23|14|2|2|1|1|1,7,0,-1,a0,
11,23|13|4|1|1|1|1,7,1,7249,silent,7248
11,23|13|3|2|1|1|1,7,8,12234,silent,12226
11,23|13|2|2|2|1|1,7,11,4798,silent,4787
11,23|12|5|1|1|1|1,7,6,14697,silent,14691
11,23|12|4|2|1|1|1,7,26,36186,silent,36160
11,23|12|3|3|1|1|1,7,23,23194,silent,23171
11,23|12|3|2|2|1|1,7,50,28789,silent,28739
11,23|12|2|2|2|2|1,7,36,7140,silent,7104
11,23|11|6|1|1|1|1,7,9,21937,silent,21928
11,23|11|5|2|1|1|1,7,66,73010,silent,72944
11,23|11|4|3|1|1|1,7,66,83440,silent,83374
11,23|11|4|2|2|1|1,7,125,85137,silent,85012
11,23|11|3|3|2|1|1,7,77,67399,silent,67322
11,23|11|3|2|2|2|1,7,101,39971,silent,39870
11,23|11|2|2|2|2|2,7,36,5710,silent,5674
11,23|10|7|1|1|1|1,7,14,23811,silent,23797
11,23|10|6|2|1|1|1,7,83,101483,silent,101400
11,23|10|5|3|1|1|1,7,150,169052,silent,168902
11,23|10|5|2|2|1|1,7,208,160364,silent,160156
11,23|10|4|4|1|1|1,7,61,88369,silent,88308
11,23|10|4|3|2|1|1,7,231,237809,silent,237578
11,23|10|4|2|2|2|1,7,214,111816,silent,111602
11,23|10|3|3|3|1|1,7,41,66905,silent,66864
11,23|10|3|3|2|2|1,7,95,93480,silent,93385
11,23|10|3|2|2|2|2,7,77,29040,silent,28963
11,23|9|8|1|1|1|1,7,9,15812,silent,15803
11,23|9|7|2|1|1|1,7,85,94403,silent,94318
11,23|9|6|3|1|1|1,7,170,214906,silent,214736
11,23|9|6|2|2|1|1,7,231,198147,silent,197916
11,23|9|5|4|1|1|1,7,171,209925,silent,209754
11,23|9|5|3|2|1|1,7,401,439337,silent,438936
11,23|9|5|2|2|2|1,7,277,188505,silent,188228
11,23|9|4|4|2|1|1,7,210,253997,silent,253787
11,23|9|4|3|3|1|1,7,131,234228,silent,234097
11,23|9|4|3|2|2|1,7,297,309394,silent,309097
11,23|9|4|2|2|2|2,7,140,74121,silent,73981
11,23|9|3|3|3|2|1,7,33,110973,silent,110940
11,23|9|3|3|2|2|2,7,48,63395,silent,63347
11,23|8|8|2|1|1|1,7,31,38519,silent,38488
11,23|8|7|3|1|1|1,7,126,156200,silent,156074
11,23|8|7|2|2|1|1,7,156,141868,silent,141712
11,23|8|6|4|1|1|1,7,166,242302,silent,242136
11,23|8|6|3|2|1|1,7,383,469518,silent,469135
11,23|8|6|2|2|2|1,7,260,195097,silent,194837
11,23|8|5|5|1|1|1,7,114,127568,silent,127454
11,23|8|5|4|2|1|1,7,410,525336,silent,524926
11,23|8|5|3|3|1|1,7,223,388654,silent,388431
11,23|8|5|3|2|2|1,7,400,496373,silent,495973
11,23|8|5|2|2|2|2,7,152,107820,silent,107668
11,23|8|4|4|3|1|1,7,158,286234,silent,286076
11,23|8|4|4|2|2|1,7,265,307804,silent,307539
11,23|8|4|3|3|2|1,7,135,353338,silent,353203
11,23|8|4|3|2|2|2,7,152,188876,silent,188724
11,23|8|3|3|3|3|1,7,3,60268,silent,60265
11,23|8|3|3|3|2|2,7,7,74448,silent,74441
11,23|7|7|4|1|1|1,7,89,110822,silent,110733
11,23|7|7|3|2|1|1,7,168,207309,silent,207141
11,23|7|7|2|2|2|1,7,99,84087,silent,83988
11,23|7|6|5|1|1|1,7,92,140196,silent,140104
11,23|7|6|4|2|1|1,7,326,461708,silent,461382
11,23|7|6|3|3|1|1,7,164,319792,silent,319628
11,23|7|6|3|2|2|1,7,307,403699,silent,403392
11,23|7|6|2|2|2|2,7,107,84562,silent,84455
11,23|7|5|5|2|1|1,7,197,270377,silent,270180
11,23|7|5|4|3|1|1,7,279,500712,silent,500433
11,23|7|5|4|2|2|1,7,352,517264,silent,516912
11,23|7|5|3|3|2|1,7,180,483105,silent,482925
11,23|7|5|3|2|2|2,7,152,247345,silent,247193
11,23|7|4|4|4|1|1,7,76,124542,silent,124466
11,23|7|4|4|3|2|1,7,182,386661,silent,386479
11,23|7|4|4|2|2|2,7,129,164447,silent,164318
11,23|7|4|3|3|3|1,7,15,167704,silent,167689
11,23|7|4|3|3|2|2,7,48,204468,silent,204420
11,23|7|3|3|3|3|2,7,0,-1,a0,
11,23|6|6|6|1|1|1,7,6,25058,silent,25052
11,23|6|6|5|2|1|1,7,102,171549,silent,171447
11,23|6|6|4|3|1|1,7,124,260214,silent,260090
11,23|6|6|4|2|2|1,7,189,267667,silent,267478
11,23|6|6|3|3|2|1,7,85,234953,silent,234868
11,23|6|6|3|2|2|2,7,85,119947,silent,119862
11,23|6|5|5|3|1|1,7,114,206350,silent,206236
11,23|6|5|5|2|2|1,7,101,197538,silent,197437
11,23|6|5|4|4|1|1,7,92,172516,silent,172424
11,23|6|5|4|3|2|1,7,206,494596,silent,494390
11,23|6|5|4|2|2|2,7,111,201399,silent,201288
11,23|6|5|3|3|3|1,7,24,172089,silent,172065
11,23|6|5|3|3|2|2,7,44,206609,silent,206565
11,23|6|4|4|4|2|1,7,89,149383,silent,149294
11,23|6|4|4|3|3|1,7,30,159424,silent,159394
11,23|6|4|4|3|2|2,7,72,184192,silent,184120
11,23|6|4|3|3|3|2,7,1,104421,silent,104420
11,23|6|3|3|3|3|3,7,0,-1,a0,
11,23|5|5|5|4|1|1,7,30,50899,silent,50869
11,23|5|5|5|3|2|1,7,37,115526,silent,115489
11,23|5|5|5|2|2|2,7,6,42636,silent,42630
11,23|5|5|4|4|2|1,7,48,113573,silent,113525
11,23|5|5|4|3|3|1,7,28,116122,silent,116094
11,23|5|5|4|3|2|2,7,33,130578,silent,130545
11,23|5|5|3|3|3|2,7,5,61581,silent,61576
11,23|5|4|4|4|3|1,7,26,57079,silent,57053
11,23|5|4|4|4|2|2,7,31,53663,silent,53632
11,23|5|4|4|3|3|2,7,7,72336,silent,72329
11,23|5|4|3|3|3|3,7,0,-1,a0,
11,23|4|4|4|4|4|1,7,8,5315,silent,5307
11,23|4|4|4|4|3|2,7,7,14761,silent,14754
11,23|4|4|4|3|3|3,7,0,-1,a0,
11,22|17|1|1|1|1|1,7,0,-1,a0,
11,22|16|2|1|1|1|1,7,0,-1,a0,
11,22|15|3|1|1|1|1,7,0,-1,a0,
11,22|15|2|2|1|1|1,7,0,-1,a0,
11,22|14|4|1|1|1|1,7,2,7363,silent,7361
11,22|14|3|2|1|1|1,7,9,12296,silent,12287
11,22|14|2|2|2|1|1,7,9,4751,silent,4742
11,22|13|5|1|1|1|1,7,7,16187,silent,16180
11,22|13|4|2|1|1|1,7,32,39640,silent,39608
11,22|13|3|3|1|1|1,7,26,25222,silent,25196
11,22|13|3|2|2|1|1,7,59,31272,silent,31213
11,22|13|2|2|2|2|1,7,39,7660,silent,7621
11,22|12|6|1|1|1|1,7,16,26944,silent,26928
11,22|12|5|2|1|1|1,7,85,88083,silent,87998
11,22|12|4|3|1|1|1,7,92,99894,silent,99802
11,22|12|4|2|2|1|1,7,149,101297,silent,101148
11,22|12|3|3|2|1|1,7,101,79927,silent,79826
11,22|12|3|2|2|2|1,7,122,47059,silent,46937
11,22|12|2|2|2|2|2,7,46,6710,silent,6664
11,22|11|7|1|1|1|1,7,20,33657,silent,33637
11,22|11|6|2|1|1|1,7,127,139188,silent,139061
11,22|11|5|3|1|1|1,7,213,226979,silent,226766
11,22|11|5|2|2|1|1,7,295,214543,silent,214248
11,22|11|4|4|1|1|1,7,92,117917,silent,117825
11,22|11|4|3|2|1|1,7,327,314006,silent,313679
11,22|11|4|2|2|2|1,7,280,146254,silent,145974
11,22|11|3|3|3|1|1,7,56,87241,silent,87185
11,22|11|3|3|2|2|1,7,134,121583,silent,121449
11,22|11|3|2|2|2|2,7,94,37181,silent,37087
11,22|10|8|1|1|1|1,7,23,29142,silent,29119
11,22|10|7|2|1|1|1,7,145,155743,silent,155598
11,22|10|6|3|1|1|1,7,290,336763,silent,336473
11,22|10|6|2|2|1|1,7,356,308492,silent,308136
11,22|10|5|4|1|1|1,7,274,320491,silent,320217
11,22|10|5|3|2|1|1,7,633,664165,silent,663532
11,22|10|5|2|2|2|1,7,416,282605,silent,282189
11,22|10|4|4|2|1|1,7,318,378907,silent,378589
11,22|10|4|3|3|1|1,7,223,346906,silent,346683
11,22|10|4|3|2|2|1,7,446,455425,silent,454979
11,22|10|4|2|2|2|2,7,209,107969,silent,107760
11,22|10|3|3|3|2|1,7,58,161079,silent,161021
11,22|10|3|3|2|2|2,7,68,91173,silent,91105
11,22|9|9|1|1|1|1,7,6,11651,silent,11645
11,22|9|8|2|1|1|1,7,96,105331,silent,105235
11,22|9|7|3|1|1|1,7,273,323037,silent,322764
11,22|9|7|2|2|1|1,7,336,291708,silent,291372
11,22|9|6|4|1|1|1,7,345,455375,silent,455030
11,22|9|6|3|2|1|1,7,737,869308,silent,868571
11,22|9|6|2|2|2|1,7,454,356487,silent,356033
11,22|9|5|5|1|1|1,7,200,230146,silent,229946
11,22|9|5|4|2|1|1,7,751,929887,silent,929136
11,22|9|5|3|3|1|1,7,404,680025,silent,679621
11,22|9|5|3|2|2|1,7,706,863187,silent,862481
11,22|9|5|2|2|2|2,7,233,183994,silent,183761
11,22|9|4|4|3|1|1,7,295,491342,silent,491047
11,22|9|4|4|2|2|1,7,440,523319,silent,522879
11,22|9|4|3|3|2|1,7,252,595194,silent,594942
11,22|9|4|3|2|2|2,7,248,314362,silent,314114
11,22|9|3|3|3|3|1,7,7,98925,silent,98918
11,22|9|3|3|3|2|2,7,21,121997,silent,121976
11,22|8|8|3|1|1|1,7,114,134514,silent,134400
11,22|8|8|2|2|1|1,7,113,120454,silent,120341
11,22|8|7|4|1|1|1,7,264,347424,silent,347160
11,22|8|7|3|2|1|1,7,519,640270,silent,639751
11,22|8|7|2|2|2|1,7,295,257468,silent,257173
11,22|8|6|5|1|1|1,7,241,344859,silent,344618
11,22|8|6|4|2|1|1,7,770,1100749,silent,1099979
11,22|8|6|3|3|1|1,7,426,751829,silent,751403
11,22|8|6|3|2|2|1,7,706,941360,silent,940654
11,22|8|6|2|2|2|2,7,244,194133,silent,193889
11,22|8|5|5|2|1|1,7,435,596046,silent,595611
11,22|8|5|4|3|1|1,7,607,1074286,silent,1073679
11,22|8|5|4|2|2|1,7,746,1101339,silent,1100593
11,22|8|5|3|3|2|1,7,407,1012594,silent,1012187
11,22|8|5|3|2|2|2,7,313,512865,silent,512552
11,22|8|4|4|4|1|1,7,138,255283,silent,255145
11,22|8|4|4|3|2|1,7,373,780583,silent,780210
11,22|8|4|4|2|2|2,7,252,327759,silent,327507
11,22|8|4|3|3|3|1,7,47,331632,silent,331585
11,22|8|4|3|3|2|2,7,96,401006,silent,400910
11,22|8|3|3|3|3|2,7,1,88739,silent,88738
11,22|7|7|5|1|1|1,7,124,170283,silent,170159
11,22|7|7|4|2|1|1,7,370,505754,silent,505384
11,22|7|7|3|3|1|1,7,167,335708,silent,335541
11,22|7|7|3|2|2|1,7,288,416697,silent,416409
11,22|7|7|2|2|2|2,7,66,82893,silent,82827
11,22|7|6|6|1|1|1,7,59,110566,silent,110507
11,22|7|6|5|2|1|1,7,419,670823,silent,670404
11,22|7|6|4|3|1|1,7,498,970779,silent,970281
11,22|7|6|4|2|2|1,7,620,982341,silent,981721
11,22|7|6|3|3|2|1,7,323,845820,silent,845497
11,22|7|6|3|2|2|2,7,251,422122,silent,421871
11,22|7|5|5|3|1|1,7,315,612625,silent,612310
11,22|7|5|5|2|2|1,7,301,581390,silent,581089
11,22|7|5|4|4|1|1,7,272,494611,silent,494339
11,22|7|5|4|3|2|1,7,571,1386906,silent,1386335
11,22|7|5|4|2|2|2,7,274,554497,silent,554223
11,22|7|5|3|3|3|1,7,75,468213,silent,468138
11,22|7|5|3|3|2|2,7,141,558031,silent,557890
11,22|7|4|4|4|2|1,7,202,381262,silent,381060
11,22|7|4|4|3|3|1,7,91,402062,silent,401971
11,22|7|4|4|3|2|2,7,162,457957,silent,457795
11,22|7|4|3|3|3|2,7,11,252842,silent,252831
11,22|7|3|3|3|3|3,7,0,-1,a0,
11,22|6|6|6|2|1|1,7,53,125063,silent,125010
11,22|6|6|5|3|1|1,7,182,398302,silent,398120
11,22|6|6|5|2|2|1,7,207,376677,silent,376470
11,22|6|6|4|4|1|1,7,111,266653,silent,266542
11,22|6|6|4|3|2|1,7,292,730609,silent,730317
11,22|6|6|4|2|2|2,7,181,291254,silent,291073
11,22|6|6|3|3|3|1,7,36,230342,silent,230306
11,22|6|6|3|3|2|2,7,57,272846,silent,272789
11,22|6|5|5|4|1|1,7,129,264627,silent,264498
11,22|6|5|5|3|2|1,7,200,585941,silent,585741
11,22|6|5|5|2|2|2,7,61,214696,silent,214635
11,22|6|5|4|4|2|1,7,225,533425,silent,533200
11,22|6|5|4|3|3|1,7,120,529792,silent,529672
11,22|6|5|4|3|2|2,7,165,591491,silent,591326
11,22|6|5|3|3|3|2,7,19,262903,silent,262884
11,22|6|4|4|4|3|1,7,74,203497,silent,203423
11,22|6|4|4|4|2|2,7,100,188783,silent,188683
11,22|6|4|4|3|3|2,7,25,248615,silent,248590
11,22|6|4|3|3|3|3,7,0,-1,a0,
11,22|5|5|5|5|1|1,7,12,30918,silent,30906
11,22|5|5|5|4|2|1,7,44,159089,silent,159045
11,22|5|5|5|3|3|1,7,32,130242,silent,130210
11,22|5|5|5|3|2|2,7,24,139845,silent,139821
11,22|5|5|4|4|3|1,7,51,158979,silent,158928
11,22|5|5|4|4|2|2,7,30,142585,silent,142555
11,22|5|5|4|3|3|2,7,28,183001,silent,182973
11,22|5|5|3|3|3|3,7,0,-1,a0,
11,22|5|4|4|4|4|1,7,23,34340,silent,34317
11,22|5|4|4|4|3|2,7,28,94260,silent,94232
11,22|5|4|4|3|3|3,7,0,-1,a0,
11,22|4|4|4|4|4|2,7,14,9948,silent,9934
11,22|4|4|4|4|3|3,7,0,-1,a0,
11,21|18|1|1|1|1|1,7,0,-1,a0,
11,21|17|2|1|1|1|1,7,0,-1,a0,
11,21|16|3|1|1|1|1,7,0,-1,a0,
11,21|16|2|2|1|1|1,7,0,-1,a0,
11,21|15|4|1|1|1|1,7,0,-1,a0,
11,21|15|3|2|1|1|1,7,9,11319,silent,11310
11,21|15|2|2|2|1|1,7,11,4418,silent,4407
11,21|14|5|1|1|1|1,7,8,16215,silent,16207
11,21|14|4|2|1|1|1,7,34,39466,silent,39432
11,21|14|3|3|1|1|1,7,28,25019,silent,24991
11,21|14|3|2|2|1|1,7,60,30937,silent,30877
11,21|14|2|2|2|2|1,7,39,7525,silent,7486
11,21|13|6|1|1|1|1,7,16,29623,silent,29607
11,21|13|5|2|1|1|1,7,100,96244,silent,96144
11,21|13|4|3|1|1|1,7,103,108337,silent,108234
11,21|13|4|2|2|1|1,7,179,109840,silent,109661
11,21|13|3|3|2|1|1,7,111,85881,silent,85770
11,21|13|3|2|2|2|1,7,134,50311,silent,50177
11,21|13|2|2|2|2|2,7,41,6920,silent,6879
11,21|12|7|1|1|1|1,7,29,41837,silent,41808
11,21|12|6|2|1|1|1,7,164,169424,silent,169260
11,21|12|5|3|1|1|1,7,274,272735,silent,272461
11,21|12|5|2|2|1|1,7,358,256843,silent,256485
11,21|12|4|4|1|1|1,7,117,141019,silent,140902
11,21|12|4|3|2|1|1,7,409,372923,silent,372514
11,21|12|4|2|2|2|1,7,334,172577,silent,172243
11,21|12|3|3|3|1|1,7,76,102815,silent,102739
11,21|12|3|3|2|2|1,7,164,142812,silent,142648
11,21|12|3|2|2|2|2,7,112,43282,silent,43170
11,21|11|8|1|1|1|1,7,30,43317,silent,43287
11,21|11|7|2|1|1|1,7,218,219844,silent,219626
11,21|11|6|3|1|1|1,7,412,460627,silent,460215
11,21|11|6|2|2|1|1,7,517,420895,silent,420378
11,21|11|5|4|1|1|1,7,388,431791,silent,431403
11,21|11|5|3|2|1|1,7,871,887523,silent,886652
11,21|11|5|2|2|2|1,7,547,374784,silent,374237
11,21|11|4|4|2|1|1,7,457,503147,silent,502690
11,21|11|4|3|3|1|1,7,302,456806,silent,456504
11,21|11|4|3|2|2|1,7,602,597393,silent,596791
11,21|11|4|2|2|2|2,7,244,139228,silent,138984
11,21|11|3|3|3|2|1,7,87,209411,silent,209324
11,21|11|3|3|2|2|2,7,99,118070,silent,117971
11,21|10|9|1|1|1|1,7,21,28225,silent,28204
11,21|10|8|2|1|1|1,7,180,193470,silent,193290
11,21|10|7|3|1|1|1,7,470,534507,silent,534037
11,21|10|7|2|2|1|1,7,537,480160,silent,479623
11,21|10|6|4|1|1|1,7,561,718761,silent,718200
11,21|10|6|3|2|1|1,7,1174,1359561,silent,1358387
11,21|10|6|2|2|2|1,7,690,553192,silent,552502
11,21|10|5|5|1|1|1,7,313,355581,silent,355268
11,21|10|5|4|2|1|1,7,1151,1418238,silent,1417087
11,21|10|5|3|3|1|1,7,651,1030074,silent,1029423
11,21|10|5|3|2|2|1,7,1071,1301439,silent,1300368
11,21|10|5|2|2|2|2,7,347,274614,silent,274267
11,21|10|4|4|3|1|1,7,453,735386,silent,734933
11,21|10|4|4|2|2|1,7,651,778598,silent,777947
11,21|10|4|3|3|2|1,7,399,879460,silent,879061
11,21|10|4|3|2|2|2,7,361,460759,silent,460398
11,21|10|3|3|3|3|1,7,18,143721,silent,143703
11,21|10|3|3|3|2|2,7,33,176526,silent,176493
11,21|9|9|2|1|1|1,7,79,78677,silent,78598
11,21|9|8|3|1|1|1,7,310,368490,silent,368180
11,21|9|8|2|2|1|1,7,348,328746,silent,328398
11,21|9|7|4|1|1|1,7,573,728332,silent,727759
11,21|9|7|3|2|1|1,7,1079,1324898,silent,1323819
11,21|9|7|2|2|2|1,7,571,526938,silent,526367
11,21|9|6|5|1|1|1,7,477,661232,silent,660755
11,21|9|6|4|2|1|1,7,1492,2070122,silent,2068630
11,21|9|6|3|3|1|1,7,792,1398221,silent,1397429
11,21|9|6|3|2|2|1,7,1282,1740612,silent,1739330
11,21|9|6|2|2|2|2,7,374,351899,silent,351525
11,21|9|5|5|2|1|1,7,764,1078563,silent,1077799
11,21|9|5|4|3|1|1,7,1096,1913530,silent,1912434
11,21|9|5|4|2|2|1,7,1291,1948660,silent,1947369
11,21|9|5|3|3|2|1,7,748,1775335,silent,1774587
11,21|9|5|3|2|2|2,7,536,890911,silent,890375
11,21|9|4|4|4|1|1,7,262,444425,silent,444163
11,21|9|4|4|3|2|1,7,642,1340302,silent,1339660
11,21|9|4|4|2|2|2,7,370,554693,silent,554323
11,21|9|4|3|3|3|1,7,92,561835,silent,561743
11,21|9|4|3|3|2|2,7,189,676629,silent,676440
11,21|9|3|3|3|3|2,7,4,145745,silent,145741
11,21|8|8|4|1|1|1,7,219,310021,silent,309802
11,21|8|8|3|2|1|1,7,430,557731,silent,557301
11,21|8|8|2|2|2|1,7,235,221273,silent,221038
11,21|8|7|5|1|1|1,7,396,553265,silent,552869
11,21|8|7|4|2|1|1,7,1091,1598650,silent,1597559
11,21|8|7|3|3|1|1,7,575,1049086,silent,1048511
11,21|8|7|3|2|2|1,7,873,1294495,silent,1293622
11,21|8|7|2|2|2|2,7,240,256075,silent,255835
11,21|8|6|6|1|1|1,7,157,289276,silent,289119
11,21|8|6|5|2|1|1,7,1021,1660762,silent,1659741
11,21|8|6|4|3|1|1,7,1193,2341746,silent,2340553
11,21|8|6|4|2|2|1,7,1430,2351996,silent,2350566
11,21|8|6|3|3|2|1,7,784,1997161,silent,1996377
11,21|8|6|3|2|2|2,7,559,986456,silent,985897
11,21|8|5|5|3|1|1,7,703,1367055,silent,1366352
11,21|8|5|5|2|2|1,7,658,1289833,silent,1289175
11,21|8|5|4|4|1|1,7,551,1081400,silent,1080849
11,21|8|5|4|3|2|1,7,1221,2993023,silent,2991802
11,21|8|5|4|2|2|2,7,583,1185025,silent,1184442
11,21|8|5|3|3|3|1,7,188,991053,silent,990865
11,21|8|5|3|3|2|2,7,293,1173493,silent,1173200
11,21|8|4|4|4|2|1,7,388,786287,silent,785899
11,21|8|4|4|3|3|1,7,192,821245,silent,821053
11,21|8|4|4|3|2|2,7,318,927978,silent,927660
11,21|8|4|3|3|3|2,7,31,502508,silent,502477
11,21|8|3|3|3|3|3,7,0,-1,a0,
11,21|7|7|6|1|1|1,7,122,179753,silent,179631
11,21|7|7|5|2|1|1,7,501,824268,silent,823767
11,21|7|7|4|3|1|1,7,551,1088878,silent,1088327
11,21|7|7|4|2|2|1,7,589,1081893,silent,1081304
11,21|7|7|3|3|2|1,7,338,899242,silent,898904
11,21|7|7|3|2|2|2,7,209,437925,silent,437716
11,21|7|6|6|2|1|1,7,290,552256,silent,551966
11,21|7|6|5|3|1|1,7,711,1583236,silent,1582525
11,21|7|6|5|2|2|1,7,732,1478082,silent,1477350
11,21|7|6|4|4|1|1,7,477,1024454,silent,1023977
11,21|7|6|4|3|2|1,7,1041,2742963,silent,2741922
11,21|7|6|4|2|2|2,7,495,1068684,silent,1068189
11,21|7|6|3|3|3|1,7,149,842335,silent,842186
11,21|7|6|3|3|2|2,7,247,991303,silent,991056
11,21|7|5|5|4|1|1,7,354,808214,silent,807860
11,21|7|5|5|3|2|1,7,590,1759707,silent,1759117
11,21|7|5|5|2|2|2,7,203,637813,silent,637610
11,21|7|5|4|4|2|1,7,597,1542338,silent,1541741
11,21|7|5|4|3|3|1,7,350,1510757,silent,1510407
11,21|7|5|4|3|2|2,7,445,1671042,silent,1670597
11,21|7|5|3|3|3|2,7,65,722008,silent,721943
11,21|7|4|4|4|3|1,7,183,529891,silent,529708
11,21|7|4|4|4|2|2,7,185,483021,silent,482836
11,21|7|4|4|3|3|2,7,82,633725,silent,633643
11,21|7|4|3|3|3|3,7,0,-1,a0,
11,21|6|6|6|3|1|1,7,108,310322,silent,310214
11,21|6|6|6|2|2|1,7,149,284811,silent,284662
11,21|6|6|5|4|1|1,7,208,546107,silent,545899
11,21|6|6|5|3|2|1,7,385,1160283,silent,1159898
11,21|6|6|5|2|2|2,7,172,418765,silent,418593
11,21|6|6|4|4|2|1,7,322,845084,silent,844762
11,21|6|6|4|3|3|1,7,163,804984,silent,804821
11,21|6|6|4|3|2|2,7,246,888249,silent,888003
11,21|6|6|3|3|3|2,7,23,357157,silent,357134
11,21|6|5|5|5|1|1,7,66,172587,silent,172521
11,21|6|5|5|4|2|1,7,243,845764,silent,845521
11,21|6|5|5|3|3|1,7,149,673121,silent,672972
11,21|6|5|5|3|2|2,7,137,719073,silent,718936
11,21|6|5|4|4|3|1,7,211,763210,silent,762999
11,21|6|5|4|4|2|2,7,192,681990,silent,681798
11,21|6|5|4|3|3|2,7,108,845398,silent,845290
11,21|6|5|3|3|3|3,7,4,169365,silent,169361
11,21|6|4|4|4|4|1,7,65,126492,silent,126427
11,21|6|4|4|4|3|2,7,85,340879,silent,340794
11,21|6|4|4|3|3|3,7,2,165315,silent,165313
11,21|5|5|5|5|2|1,7,22,103666,silent,103644
11,21|5|5|5|4|3|1,7,52,239080,silent,239028
11,21|5|5|5|4|2|2,7,23,205466,silent,205443
11,21|5|5|5|3|3|2,7,31,211402,silent,211371
11,21|5|5|4|4|4|1,7,30,101243,silent,101213
11,21|5|5|4|4|3|2,7,46,267492,silent,267446
11,21|5|5|4|3|3|3,7,9,123460,silent,123451
11,21|5|4|4|4|4|2,7,30,64078,silent,64048
11,21|5|4|4|4|3|3,7,8,68923,silent,68915
11,21|4|4|4|4|4|3,7,7,9230,silent,9223
11,20|19|1|1|1|1|1,7,0,-1,a0,
11,20|18|2|1|1|1|1,7,0,-1,a0,
11,20|17|3|1|1|1|1,7,0,-1,a0,
11,20|17|2|2|1|1|1,7,0,-1,a0,
11,20|16|4|1|1|1|1,7,2,5520,silent,5518
11,20|16|3|2|1|1|1,7,7,9160,silent,9153
11,20|16|2|2|2|1|1,7,7,3518,silent,3511
11,20|15|5|1|1|1|1,7,7,14460,silent,14453
11,20|15|4|2|1|1|1,7,32,35119,silent,35087
11,20|15|3|3|1|1|1,7,25,22174,silent,22149
11,20|15|3|2|2|1|1,7,56,27424,silent,27368
11,20|15|2|2|2|2|1,7,34,6621,silent,6587
11,20|14|6|1|1|1|1,7,20,29170,silent,29150
11,20|14|5|2|1|1|1,7,101,93786,silent,93685
11,20|14|4|3|1|1|1,7,110,105235,silent,105125
11,20|14|4|2|2|1|1,7,169,106184,silent,106015
11,20|14|3|3|2|1|1,7,117,83072,silent,82955
11,20|14|3|2|2|2|1,7,131,48449,silent,48318
11,20|14|2|2|2|2|2,7,46,6738,silent,6692
11,20|13|7|1|1|1|1,7,33,45798,silent,45765
11,20|13|6|2|1|1|1,7,187,183218,silent,183031
11,20|13|5|3|1|1|1,7,303,292149,silent,291846
11,20|13|5|2|2|1|1,7,399,274598,silent,274199
11,20|13|4|4|1|1|1,7,137,150704,silent,150567
11,20|13|4|3|2|1|1,7,452,396230,silent,395778
11,20|13|4|2|2|2|1,7,356,182354,silent,181998
11,20|13|3|3|3|1|1,7,83,108542,silent,108459
11,20|13|3|3|2|2|1,7,182,150515,silent,150333
11,20|13|3|2|2|2|2,7,113,45156,silent,45043
11,20|12|8|1|1|1|1,7,46,54765,silent,54719
11,20|12|7|2|1|1|1,7,273,268656,silent,268383
11,20|12|6|3|1|1|1,7,523,552880,silent,552357
11,20|12|6|2|2|1|1,7,610,503201,silent,502591
11,20|12|5|4|1|1|1,7,472,513018,silent,512546
11,20|12|5|3|2|1|1,7,1062,1049343,silent,1048281
11,20|12|5|2|2|2|1,7,646,441039,silent,440393
11,20|12|4|4|2|1|1,7,537,591396,silent,590859
11,20|12|4|3|3|1|1,7,388,535365,silent,534977
11,20|12|4|3|2|2|1,7,712,697467,silent,696755
11,20|12|4|2|2|2|2,7,295,161750,silent,161455
11,20|12|3|3|3|2|1,7,111,242858,silent,242747
11,20|12|3|3|2|2|2,7,111,136021,silent,135910
11,20|11|9|1|1|1|1,7,34,46137,silent,46103
11,20|11|8|2|1|1|1,7,278,284990,silent,284712
11,20|11|7|3|1|1|1,7,668,745679,silent,745011
11,20|11|7|2|2|1|1,7,763,667919,silent,667156
11,20|11|6|4|1|1|1,7,796,976779,silent,975983
11,20|11|6|3|2|1|1,7,1614,1834683,silent,1833069
11,20|11|6|2|2|2|1,7,903,741514,silent,740611
11,20|11|5|5|1|1|1,7,418,476754,silent,476336
11,20|11|5|4|2|1|1,7,1555,1885497,silent,1883942
11,20|11|5|3|3|1|1,7,876,1362094,silent,1361218
11,20|11|5|3|2|2|1,7,1423,1715113,silent,1713690
11,20|11|5|2|2|2|2,7,426,358167,silent,357741
11,20|11|4|4|3|1|1,7,619,965883,silent,965264
11,20|11|4|4|2|2|1,7,841,1017414,silent,1016573
11,20|11|4|3|3|2|1,7,548,1144397,silent,1143849
11,20|11|4|3|2|2|2,7,459,595407,silent,594948
11,20|11|3|3|3|3|1,7,26,184819,silent,184793
11,20|11|3|3|3|2|2,7,54,226680,silent,226626
11,20|10|10|1|1|1|1,7,18,18202,silent,18184
11,20|10|9|2|1|1|1,7,179,187717,silent,187538
11,20|10|8|3|1|1|1,7,580,672369,silent,671789
11,20|10|8|2|2|1|1,7,601,596789,silent,596188
11,20|10|7|4|1|1|1,7,940,1201942,silent,1201002
11,20|10|7|3|2|1|1,7,1759,2170170,silent,2168411
11,20|10|7|2|2|2|1,7,906,858179,silent,857273
11,20|10|6|5|1|1|1,7,760,1046176,silent,1045416
11,20|10|6|4|2|1|1,7,2297,3234196,silent,3231899
11,20|10|6|3|3|1|1,7,1279,2171965,silent,2170686
11,20|10|6|3|2|2|1,7,1951,2692328,silent,2690377
11,20|10|6|2|2|2|2,7,569,540042,silent,539473
11,20|10|5|5|2|1|1,7,1172,1652414,silent,1651242
11,20|10|5|4|3|1|1,7,1661,2900542,silent,2898881
11,20|10|5|4|2|2|1,7,1923,2941852,silent,2939929
11,20|10|5|3|3|2|1,7,1151,2662757,silent,2661606
11,20|10|5|3|2|2|2,7,781,1327940,silent,1327159
11,20|10|4|4|4|1|1,7,365,663307,silent,662942
11,20|10|4|4|3|2|1,7,947,1986254,silent,1985307
11,20|10|4|4|2|2|2,7,547,816794,silent,816247
11,20|10|4|3|3|3|1,7,162,825130,silent,824968
11,20|10|4|3|3|2|2,7,275,988891,silent,988616
11,20|10|3|3|3|3|2,7,12,209929,silent,209917
11,20|9|9|3|1|1|1,7,231,275001,silent,274770
11,20|9|9|2|2|1|1,7,266,243554,silent,243288
11,20|9|8|4|1|1|1,7,633,852735,silent,852102
11,20|9|8|3|2|1|1,7,1161,1513456,silent,1512295
11,20|9|8|2|2|2|1,7,579,592910,silent,592331
11,20|9|7|5|1|1|1,7,828,1171598,silent,1170770
11,20|9|7|4|2|1|1,7,2249,3325187,silent,3322938
11,20|9|7|3|3|1|1,7,1167,2161844,silent,2160677
11,20|9|7|3|2|2|1,7,1732,2654420,silent,2652688
11,20|9|7|2|2|2|2,7,420,517521,silent,517101
11,20|9|6|6|1|1|1,7,340,569333,silent,568993
11,20|9|6|5|2|1|1,7,1922,3161505,silent,3159583
11,20|9|6|4|3|1|1,7,2237,4388518,silent,4386281
11,20|9|6|4|2|2|1,7,2538,4380470,silent,4377932
11,20|9|6|3|3|2|1,7,1464,3690172,silent,3688708
11,20|9|6|3|2|2|2,7,958,1806376,silent,1805418
11,20|9|5|5|3|1|1,7,1225,2469248,silent,2468023
11,20|9|5|5|2|2|1,7,1164,2319681,silent,2318517
11,20|9|5|4|4|1|1,7,969,1931745,silent,1930776
11,20|9|5|4|3|2|1,7,2128,5295343,silent,5293215
11,20|9|5|4|2|2|2,7,952,2078292,silent,2077340
11,20|9|5|3|3|3|1,7,351,1732459,silent,1732108
11,20|9|5|3|3|2|2,7,541,2043100,silent,2042559
11,20|9|4|4|4|2|1,7,623,1356169,silent,1355546
11,20|9|4|4|3|3|1,7,347,1408766,silent,1408419
11,20|9|4|4|3|2|2,7,512,1581164,silent,1580652
11,20|9|4|3|3|3|2,7,69,846909,silent,846840
11,20|9|3|3|3|3|3,7,0,-1,a0,
11,20|8|8|5|1|1|1,7,347,518757,silent,518410
11,20|8|8|4|2|1|1,7,884,1430759,silent,1429875
11,20|8|8|3|3|1|1,7,511,920975,silent,920464
11,20|8|8|3|2|2|1,7,711,1128086,silent,1127375
11,20|8|8|2|2|2|2,7,214,220420,silent,220206
11,20|8|7|6|1|1|1,7,375,612850,silent,612475
11,20|8|7|5|2|1|1,7,1547,2677753,silent,2676206
11,20|8|7|4|3|1|1,7,1667,3451618,silent,3449951
11,20|8|7|4|2|2|1,7,1809,3414511,silent,3412702
11,20|8|7|3|3|2|1,7,1048,2797656,silent,2796608
11,20|8|7|3|2|2|2,7,639,1354446,silent,1353807
11,20|8|6|6|2|1|1,7,721,1438933,silent,1438212
11,20|8|6|5|3|1|1,7,1731,3929164,silent,3927433
11,20|8|6|5|2|2|1,7,1717,3645307,silent,3643590
11,20|8|6|4|4|1|1,7,1068,2491822,silent,2490754
11,20|8|6|4|3|2|1,7,2415,6594526,silent,6592111
11,20|8|6|4|2|2|2,7,1129,2546480,silent,2545351
11,20|8|6|3|3|3|1,7,388,1990788,silent,1990400
11,20|8|6|3|3|2|2,7,552,2328969,silent,2328417
11,20|8|5|5|4|1|1,7,770,1820586,silent,1819816
11,20|8|5|5|3|2|1,7,1287,3919111,silent,3917824
11,20|8|5|5|2|2|2,7,438,1409199,silent,1408761
11,20|8|5|4|4|2|1,7,1226,3367169,silent,3365943
11,20|8|5|4|3|3|1,7,747,3266160,silent,3265413
11,20|8|5|4|3|2|2,7,928,3593011,silent,3592083
11,20|8|5|3|3|3|2,7,151,1523789,silent,1523638
11,20|8|4|4|4|3|1,7,333,1096817,silent,1096484
11,20|8|4|4|4|2|2,7,363,993629,silent,993266
11,20|8|4|4|3|3|2,7,163,1291153,silent,1290990
11,20|8|4|3|3|3|3,7,5,319426,silent,319421
11,20|7|7|7|1|1|1,7,73,108368,silent,108295
11,20|7|7|6|2|1|1,7,478,896184,silent,895706
11,20|7|7|5|3|1|1,7,830,1975159,silent,1974329
11,20|7|7|5|2|2|1,7,780,1815575,silent,1814795
11,20|7|7|4|4|1|1,7,536,1185154,silent,1184618
11,20|7|7|4|3|2|1,7,1057,3082959,silent,3081902
11,20|7|7|4|2|2|2,7,405,1173701,silent,1173296
11,20|7|7|3|3|3|1,7,171,906262,silent,906091
11,20|7|7|3|3|2|2,7,267,1056571,silent,1056304
11,20|7|6|6|3|1|1,7,525,1376645,silent,1376120
11,20|7|6|6|2|2|1,7,541,1243019,silent,1242478
11,20|7|6|5|4|1|1,7,816,2209490,silent,2208674
11,20|7|6|5|3|2|1,7,1431,4610061,silent,4608630
11,20|7|6|5|2|2|2,7,544,1636152,silent,1635608
11,20|7|6|4|4|2|1,7,1081,3233771,silent,3232690
11,20|7|6|4|3|3|1,7,644,3047745,silent,3047101
11,20|7|6|4|3|2|2,7,812,3328645,silent,3327833
11,20|7|6|3|3|3|2,7,122,1309007,silent,1308885
11,20|7|5|5|5|1|1,7,174,543675,silent,543501
11,20|7|5|5|4|2|1,7,710,2593588,silent,2592878
11,20|7|5|5|3|3|1,7,420,2034697,silent,2034277
11,20|7|5|5|3|2|2,7,426,2161345,silent,2160919
11,20|7|5|4|4|3|1,7,570,2226297,silent,2225727
11,20|7|5|4|4|2|2,7,468,1970961,silent,1970493
11,20|7|5|4|3|3|2,7,316,2414625,silent,2414309
11,20|7|5|3|3|3|3,7,12,467596,silent,467584
11,20|7|4|4|4|4|1,7,132,333271,silent,333139
11,20|7|4|4|4|3|2,7,186,888318,silent,888132
11,20|7|4|4|3|3|3,7,16,424753,silent,424737
11,20|6|6|6|4|1|1,7,135,474993,silent,474858
11,20|6|6|6|3|2|1,7,278,925952,silent,925674
11,20|6|6|6|2|2|2,7,150,322297,silent,322147
11,20|6|6|5|5|1|1,7,126,397975,silent,397849
11,20|6|6|5|4|2|1,7,490,1777914,silent,1777424
11,20|6|6|5|3|3|1,7,254,1357090,silent,1356836
11,20|6|6|5|3|2|2,7,295,1438038,silent,1437743
11,20|6|6|4|4|3|1,7,286,1235180,silent,1234894
11,20|6|6|4|4|2|2,7,309,1092262,silent,1091953
11,20|6|6|4|3|3|2,7,140,1295779,silent,1295639
11,20|6|6|3|3|3|3,7,8,234572,silent,234564
11,20|6|5|5|5|2|1,7,114,583511,silent,583397
11,20|6|5|5|4|3|1,7,255,1287410,silent,1287155
11,20|6|5|5|4|2|2,7,165,1100992,silent,1100827
11,20|6|5|5|3|3|2,7,138,1098801,silent,1098663
11,20|6|5|4|4|4|1,7,138,500624,silent,500486
11,20|6|5|4|4|3|2,7,213,1294770,silent,1294557
11,20|6|5|4|3|3|3,7,30,577811,silent,577781
11,20|6|4|4|4|4|2,7,90,238210,silent,238120
11,20|6|4|4|4|3|3,7,21,252918,silent,252897
11,20|5|5|5|5|3|1,7,28,174531,silent,174503
11,20|5|5|5|5|2|2,7,16,139333,silent,139317
11,20|5|5|5|4|4|1,7,26,170563,silent,170537
11,20|5|5|5|4|3|2,7,45,411953,silent,411908
11,20|5|5|5|3|3|3,7,14,148608,silent,148594
11,20|5|5|4|4|4|2,7,27,191007,silent,190980
11,20|5|5|4|4|3|3,7,26,203601,silent,203575
11,20|5|4|4|4|4|3,7,19,62632,silent,62613
11,20|4|4|4|4|4|4,7,10,4375,silent,4365
11,19|19|2|1|1|1|1,7,0,-1,a0,
11,19|18|3|1|1|1|1,7,0,-1,a0,
11,19|18|2|2|1|1|1,7,0,-1,a0,
11,19|17|4|1|1|1|1,7,0,-1,a0,
11,19|17|3|2|1|1|1,7,5,6027,silent,6022
11,19|17|2|2|2|1|1,7,7,2370,silent,2363
11,19|16|5|1|1|1|1,7,6,10934,silent,10928
11,19|16|4|2|1|1|1,7,25,26477,silent,26452
11,19|16|3|3|1|1|1,7,20,16696,silent,16676
11,19|16|3|2|2|1|1,7,42,20619,silent,20577
11,19|16|2|2|2|2|1,7,26,4971,silent,4945
11,19|15|6|1|1|1|1,7,14,24716,silent,24702
11,19|15|5|2|1|1|1,7,89,79469,silent,79380
11,19|15|4|3|1|1|1,7,92,88784,silent,88692
11,19|15|4|2|2|1|1,7,157,89786,silent,89629
11,19|15|3|3|2|1|1,7,97,69708,silent,69611
11,19|15|3|2|2|2|1,7,111,40583,silent,40472
11,19|15|2|2|2|2|2,7,30,5444,silent,5414
11,19|14|7|1|1|1|1,7,34,43615,silent,43581
11,19|14|6|2|1|1|1,7,182,172849,silent,172667
11,19|14|5|3|1|1|1,7,296,274025,silent,273729
11,19|14|5|2|2|1|1,7,376,257054,silent,256678
11,19|14|4|4|1|1|1,7,131,141032,silent,140901
11,19|14|4|3|2|1|1,7,435,369596,silent,369161
11,19|14|4|2|2|2|1,7,333,169548,silent,169215
11,19|14|3|3|3|1|1,7,84,100891,silent,100807
11,19|14|3|3|2|2|1,7,173,139643,silent,139470
11,19|14|3|2|2|2|2,7,107,41714,silent,41607
11,19|13|8|1|1|1|1,7,46,59153,silent,59107
11,19|13|7|2|1|1|1,7,301,285265,silent,284964
11,19|13|6|3|1|1|1,7,556,579436,silent,578880
11,19|13|6|2|2|1|1,7,670,526968,silent,526298
11,19|13|5|4|1|1|1,7,508,534412,silent,533904
11,19|13|5|3|2|1|1,7,1117,1088371,silent,1087254
11,19|13|5|2|2|2|1,7,665,455517,silent,454852
11,19|13|4|4|2|1|1,7,588,612152,silent,611564
11,19|13|4|3|3|1|1,7,399,551431,silent,551032
11,19|13|4|3|2|2|1,7,748,717070,silent,716322
11,19|13|4|2|2|2|2,7,275,164413,silent,164138
11,19|13|3|3|3|2|1,7,122,248699,silent,248577
11,19|13|3|3|2|2|2,7,126,139094,silent,138968
11,19|12|9|1|1|1|1,7,50,59881,silent,59831
11,19|12|8|2|1|1|1,7,346,350295,silent,349949
11,19|12|7|3|1|1|1,7,818,889408,silent,888590
11,19|12|7|2|2|1|1,7,895,794495,silent,793600
11,19|12|6|4|1|1|1,7,947,1146437,silent,1145490
11,19|12|6|3|2|1|1,7,1906,2143790,silent,2141884
11,19|12|6|2|2|2|1,7,1040,862932,silent,861892
11,19|12|5|5|1|1|1,7,491,555124,silent,554633
11,19|12|5|4|2|1|1,7,1806,2182360,silent,2180554
11,19|12|5|3|3|1|1,7,1049,1571578,silent,1570529
11,19|12|5|3|2|2|1,7,1642,1973807,silent,1972165
11,19|12|5|2|2|2|2,7,487,409907,silent,409420
11,19|12|4|4|3|1|1,7,718,1109110,silent,1108392
11,19|12|4|4|2|2|1,7,961,1164673,silent,1163712
11,19|12|4|3|3|2|1,7,648,1305886,silent,1305238
11,19|12|4|3|2|2|2,7,521,676350,silent,675829
11,19|12|3|3|3|3|1,7,37,209283,silent,209246
11,19|12|3|3|3|2|2,7,63,256007,silent,255944
11,19|11|10|1|1|1|1,7,30,38245,silent,38215
11,19|11|9|2|1|1|1,7,297,300718,silent,300421
11,19|11|8|3|1|1|1,7,832,969176,silent,968344
11,19|11|8|2|2|1|1,7,893,858511,silent,857618
11,19|11|7|4|1|1|1,7,1305,1648592,silent,1647287
11,19|11|7|3|2|1|1,7,2395,2958677,silent,2956282
11,19|11|7|2|2|2|1,7,1188,1163519,silent,1162331
11,19|11|6|5|1|1|1,7,1027,1401127,silent,1400100
11,19|11|6|4|2|1|1,7,3088,4296049,silent,4292961
11,19|11|6|3|3|1|1,7,1677,2870431,silent,2868754
11,19|11|6|3|2|2|1,7,2543,3547908,silent,3545365
11,19|11|6|2|2|2|2,7,670,704327,silent,703657
11,19|11|5|5|2|1|1,7,1501,2167274,silent,2165773
11,19|11|5|4|3|1|1,7,2171,3780183,silent,3778012
11,19|11|5|4|2|2|1,7,2458,3820834,silent,3818376
11,19|11|5|3|3|2|1,7,1519,3444991,silent,3443472
11,19|11|5|3|2|2|2,7,997,1709487,silent,1708490
11,19|11|4|4|4|1|1,7,496,857600,silent,857104
11,19|11|4|4|3|2|1,7,1213,2550361,silent,2549148
11,19|11|4|4|2|2|2,7,632,1040437,silent,1039805
11,19|11|4|3|3|3|1,7,217,1053143,silent,1052926
11,19|11|4|3|3|2|2,7,380,1259406,silent,1259026
11,19|11|3|3|3|3|2,7,16,264107,silent,264091
11,19|10|10|2|1|1|1,7,106,118728,silent,118622
11,19|10|9|3|1|1|1,7,542,647239,silent,646697
11,19|10|9|2|2|1|1,7,562,570406,silent,569844
11,19|10|8|4|1|1|1,7,1123,1536853,silent,1535730
11,19|10|8|3|2|1|1,7,2033,2708296,silent,2706263
11,19|10|8|2|2|2|1,7,991,1055305,silent,1054314
11,19|10|7|5|1|1|1,7,1334,1919297,silent,1917963
11,19|10|7|4|2|1|1,7,3536,5386146,silent,5382610
11,19|10|7|3|3|1|1,7,1899,3483467,silent,3481568
11,19|10|7|3|2|2|1,7,2707,4263200,silent,4260493
11,19|10|7|2|2|2|2,7,665,826073,silent,825408
11,19|10|6|6|1|1|1,7,533,901406,silent,900873
11,19|10|6|5|2|1|1,7,2926,4909820,silent,4906894
11,19|10|6|4|3|1|1,7,3388,6748811,silent,6745423
11,19|10|6|4|2|2|1,7,3775,6712072,silent,6708297
11,19|10|6|3|3|2|1,7,2230,5622991,silent,5620761
11,19|10|6|3|2|2|2,7,1401,2737825,silent,2736424
11,19|10|5|5|3|1|1,7,1826,3723811,silent,3721985
11,19|10|5|5|2|2|1,7,1714,3487631,silent,3485917
11,19|10|5|4|4|1|1,7,1391,2891919,silent,2890528
11,19|10|5|4|3|2|1,7,3114,7880039,silent,7876925
11,19|10|5|4|2|2|2,7,1377,3076637,silent,3075260
11,19|10|5|3|3|3|1,7,553,2557791,silent,2557238
11,19|10|5|3|3|2|2,7,786,3005946,silent,3005160
11,19|10|4|4|4|2|1,7,869,1988472,silent,1987603
11,19|10|4|4|3|3|1,7,507,2057007,silent,2056500
11,19|10|4|4|3|2|2,7,727,2299235,silent,2298508
11,19|10|4|3|3|3|2,7,114,1221758,silent,1221644
11,19|10|3|3|3|3|3,7,3,126952,silent,126949
11,19|9|9|4|1|1|1,7,481,638090,silent,637609
11,19|9|9|3|2|1|1,7,820,1112534,silent,1111714
11,19|9|9|2|2|2|1,7,371,429607,silent,429236
11,19|9|8|5|1|1|1,7,935,1426650,silent,1425715
11,19|9|8|4|2|1|1,7,2400,3864536,silent,3862136
11,19|9|8|3|3|1|1,7,1274,2462861,silent,2461587
11,19|9|8|3|2|2|1,7,1795,3001657,silent,2999862
11,19|9|8|2|2|2|2,7,423,575205,silent,574782
11,19|9|7|6|1|1|1,7,806,1316830,silent,1316024
11,19|9|7|5|2|1|1,7,3109,5581603,silent,5578494
11,19|9|7|4|3|1|1,7,3339,7089248,silent,7085909
11,19|9|7|4|2|2|1,7,3501,6978035,silent,6974534
11,19|9|7|3|3|2|1,7,2097,5674520,silent,5672423
11,19|9|7|3|2|2|2,7,1208,2727684,silent,2726476
11,19|9|6|6|2|1|1,7,1411,2784271,silent,2782860
11,19|9|6|5|3|1|1,7,3157,7389131,silent,7385974
11,19|9|6|5|2|2|1,7,3055,6822550,silent,6819495
11,19|9|6|4|4|1|1,7,1972,4635766,silent,4633794
11,19|9|6|4|3|2|1,7,4298,12160829,silent,12156531
11,19|9|6|4|2|2|2,7,1839,4656054,silent,4654215
11,19|9|6|3|3|3|1,7,726,3633506,silent,3632780
11,19|9|6|3|3|2|2,7,1037,4236297,silent,4235260
11,19|9|5|5|4|1|1,7,1292,3263959,silent,3262667
11,19|9|5|5|3|2|1,7,2235,6976505,silent,6974270
11,19|9|5|5|2|2|2,7,781,2495024,silent,2494243
11,19|9|5|4|4|2|1,7,2030,5922828,silent,5920798
11,19|9|5|4|3|3|1,7,1298,5713295,silent,5711997
11,19|9|5|4|3|2|2,7,1554,6256943,silent,6255389
11,19|9|5|3|3|3|2,7,280,2625341,silent,2625061
11,19|9|4|4|4|3|1,7,545,1873563,silent,1873018
11,19|9|4|4|4|2|2,7,511,1684294,silent,1683783
11,19|9|4|4|3|3|2,7,297,2184701,silent,2184404
11,19|9|4|3|3|3|3,7,10,531858,silent,531848
11,19|8|8|6|1|1|1,7,344,630451,silent,630107
11,19|8|8|5|2|1|1,7,1316,2497379,silent,2496063
11,19|8|8|4|3|1|1,7,1374,3085134,silent,3083760
11,19|8|8|4|2|2|1,7,1493,3031819,silent,3030326
11,19|8|8|3|3|2|1,7,868,2432388,silent,2431520
11,19|8|8|3|2|2|2,7,522,1167847,silent,1167325
11,19|8|7|7|1|1|1,7,249,403561,silent,403312
11,19|8|7|6|2|1|1,7,1472,3028766,silent,3027294
11,19|8|7|5|3|1|1,7,2583,6373551,silent,6370968
11,19|8|7|5|2|2|1,7,2398,5834274,silent,5831876
11,19|8|7|4|4|1|1,7,1487,3748900,silent,3747413
11,19|8|7|4|3|2|1,7,3174,9661687,silent,9658513
11,19|8|7|4|2|2|2,7,1298,3659762,silent,3658464
11,19|8|7|3|3|3|1,7,550,2793245,silent,2792695
11,19|8|7|3|3|2|2,7,735,3240415,silent,3239680
11,19|8|6|6|3|1|1,7,1295,3562044,silent,3560749
11,19|8|6|6|2|2|1,7,1302,3195952,silent,3194650
11,19|8|6|5|4|1|1,7,1918,5475837,silent,5473919
11,19|8|6|5|3|2|1,7,3342,11305737,silent,11302395
11,19|8|6|5|2|2|2,7,1241,3981045,silent,3979804
11,19|8|6|4|4|2|1,7,2411,7777906,silent,7775495
11,19|8|6|4|3|3|1,7,1488,7270022,silent,7268534
11,19|8|6|4|3|2|2,7,1817,7900410,silent,7898593
11,19|8|6|3|3|3|2,7,300,3057033,silent,3056733
11,19|8|5|5|5|1|1,7,393,1232992,silent,1232599
11,19|8|5|5|4|2|1,7,1509,5782488,silent,5780979
11,19|8|5|5|3|3|1,7,906,4495858,silent,4494952
11,19|8|5|5|3|2|2,7,900,4755770,silent,4754870
11,19|8|5|4|4|3|1,7,1124,4827432,silent,4826308
11,19|8|5|4|4|2|2,7,969,4254481,silent,4253512
11,19|8|5|4|3|3|2,7,649,5162643,silent,5161994
11,19|8|5|3|3|3|3,7,37,980749,silent,980712
11,19|8|4|4|4|4|1,7,230,688528,silent,688298
11,19|8|4|4|4|3|2,7,341,1820254,silent,1819913
11,19|8|4|4|3|3|3,7,34,860783,silent,860749
11,19|7|7|7|2|1|1,7,257,540557,silent,540300
11,19|7|7|6|3|1|1,7,824,2244990,silent,2244166
11,19|7|7|6|2|2|1,7,713,1991865,silent,1991152
11,19|7|7|5|4|1|1,7,953,2813057,silent,2812104
11,19|7|7|5|3|2|1,7,1588,5719572,silent,5717984
11,19|7|7|5|2|2|2,7,526,1991062,silent,1990536
11,19|7|7|4|4|2|1,7,1054,3714681,silent,3713627
11,19|7|7|4|3|3|1,7,699,3437737,silent,3437038
11,19|7|7|4|3|2|2,7,773,3713628,silent,3712855
11,19|7|7|3|3|3|2,7,154,1402055,silent,1401901
11,19|7|6|6|4|1|1,7,651,2122360,silent,2121709
11,19|7|6|6|3|2|1,7,1101,4056802,silent,4055701
11,19|7|6|6|2|2|2,7,420,1382184,silent,1381764
11,19|7|6|5|5|1|1,7,456,1640337,silent,1639881
11,19|7|6|5|4|2|1,7,1765,7128361,silent,7126596
11,19|7|6|5|3|3|1,7,980,5381550,silent,5380570
11,19|7|6|5|3|2|2,7,1069,5659569,silent,5658500
11,19|7|6|4|4|3|1,7,1009,4722943,silent,4721934
11,19|7|6|4|4|2|2,7,866,4130339,silent,4129473
11,19|7|6|4|3|3|2,7,571,4869992,silent,4869421
11,19|7|6|3|3|3|3,7,27,853858,silent,853831
11,19|7|5|5|5|2|1,7,350,1831271,silent,1830921
11,19|7|5|5|4|3|1,7,712,3939946,silent,3939234
11,19|7|5|5|4|2|2,7,516,3352984,silent,3352468
11,19|7|5|5|3|3|2,7,380,3297052,silent,3296672
11,19|7|5|4|4|4|1,7,342,1466756,silent,1466414
11,19|7|5|4|4|3|2,7,546,3750707,silent,3750161
11,19|7|5|4|3|3|3,7,94,1647277,silent,1647183
11,19|7|4|4|4|4|2,7,154,622104,silent,621950
11,19|7|4|4|4|3|3,7,67,661773,silent,661706
11,19|6|6|6|5|1|1,7,105,452788,silent,452683
11,19|6|6|6|4|2|1,7,388,1571124,silent,1570736
11,19|6|6|6|3|3|1,7,170,1107826,silent,1107656
11,19|6|6|6|3|2|2,7,242,1155332,silent,1155090
11,19|6|6|5|5|2|1,7,255,1356077,silent,1355822
11,19|6|6|5|4|3|1,7,475,2736026,silent,2735551
11,19|6|6|5|4|2|2,7,402,2321046,silent,2320644
11,19|6|6|5|3|3|2,7,224,2216330,silent,2216106
11,19|6|6|4|4|4|1,7,198,834423,silent,834225
11,19|6|6|4|4|3|2,7,303,2099658,silent,2099355
11,19|6|6|4|3|3|3,7,37,893047,silent,893010
11,19|6|5|5|5|3|1,7,137,986653,silent,986516
11,19|6|5|5|5|2|2,7,71,780642,silent,780571
11,19|6|5|5|4|4|1,7,142,935610,silent,935468
11,19|6|5|5|4|3|2,7,239,2215373,silent,2215134
11,19|6|5|5|3|3|3,7,56,774940,silent,774884
11,19|6|5|4|4|4|2,7,161,946292,silent,946131
11,19|6|5|4|4|3|3,7,83,985475,silent,985392
11,19|6|4|4|4|4|3,7,52,234185,silent,234133
11,19|5|5|5|5|4|1,7,18,164853,silent,164835
11,19|5|5|5|5|3|2,7,27,310187,silent,310160
11,19|5|5|5|4|4|2,7,22,327641,silent,327619
11,19|5|5|5|4|3|3,7,29,323892,silent,323863
11,19|5|5|4|4|4|3,7,23,192620,silent,192597
11,19|5|4|4|4|4|4,7,12,28413,silent,28401
11,18|18|4|1|1|1|1,7,1,1282,silent,1281
11,18|18|3|2|1|1|1,7,2,2086,silent,2084
11,18|18|2|2|2|1|1,7,0,-1,a0,
11,18|17|5|1|1|1|1,7,3,5896,silent,5893
11,18|17|4|2|1|1|1,7,14,14286,silent,14272
11,18|17|3|3|1|1|1,7,11,8989,silent,8978
11,18|17|3|2|2|1|1,7,23,11113,silent,11090
11,18|17|2|2|2|2|1,7,14,2673,silent,2659
11,18|16|6|1|1|1|1,7,14,16741,silent,16727
11,18|16|5|2|1|1|1,7,60,53320,silent,53260
11,18|16|4|3|1|1|1,7,68,59583,silent,59515
11,18|16|4|2|2|1|1,7,96,59920,silent,59824
11,18|16|3|3|2|1|1,7,70,46801,silent,46731
11,18|16|3|2|2|2|1,7,75,27182,silent,27107
11,18|16|2|2|2|2|2,7,27,3778,silent,3751
11,18|15|7|1|1|1|1,7,26,34405,silent,34379
11,18|15|6|2|1|1|1,7,147,135709,silent,135562
11,18|15|5|3|1|1|1,7,234,214200,silent,213966
11,18|15|5|2|2|1|1,7,300,200823,silent,200523
11,18|15|4|4|1|1|1,7,106,110146,silent,110040
11,18|15|4|3|2|1|1,7,346,287918,silent,287572
11,18|15|4|2|2|2|1,7,259,131756,silent,131497
11,18|15|3|3|3|1|1,7,65,78352,silent,78287
11,18|15|3|3|2|2|1,7,138,108420,silent,108282
11,18|15|3|2|2|2|2,7,81,32226,silent,32145
11,18|14|8|1|1|1|1,7,49,53812,silent,53763
11,18|14|7|2|1|1|1,7,271,255592,silent,255321
11,18|14|6|3|1|1|1,7,513,515563,silent,515050
11,18|14|6|2|2|1|1,7,578,467615,silent,467037
11,18|14|5|4|1|1|1,7,454,473288,silent,472834
11,18|14|5|3|2|1|1,7,1008,962071,silent,961063
11,18|14|5|2|2|2|1,7,589,401899,silent,401310
11,18|14|4|4|2|1|1,7,506,539275,silent,538769
11,18|14|4|3|3|1|1,7,378,485779,silent,485401
11,18|14|4|3|2|2|1,7,659,630333,silent,629674
11,18|14|4|2|2|2|2,7,259,144653,silent,144394
11,18|14|3|3|3|2|1,7,113,217944,silent,217831
11,18|14|3|3|2|2|2,7,101,121303,silent,121202
11,18|13|9|1|1|1|1,7,52,63653,silent,63601
11,18|13|8|2|1|1|1,7,365,361650,silent,361285
11,18|13|7|3|1|1|1,7,835,900863,silent,900028
11,18|13|7|2|2|1|1,7,917,803631,silent,802714
11,18|13|6|4|1|1|1,7,969,1149721,silent,1148752
11,18|13|6|3|2|1|1,7,1921,2142713,silent,2140792
11,18|13|6|2|2|2|1,7,1024,859631,silent,858607
11,18|13|5|5|1|1|1,7,487,553604,silent,553117
11,18|13|5|4|2|1|1,7,1810,2168121,silent,2166311
11,18|13|5|3|3|1|1,7,1045,1557347,silent,1556302
11,18|13|5|3|2|2|1,7,1630,1952740,silent,1951110
11,18|13|5|2|2|2|2,7,463,403343,silent,402880
11,18|13|4|4|3|1|1,7,724,1096140,silent,1095416
11,18|13|4|4|2|2|1,7,940,1148119,silent,1147179
11,18|13|4|3|3|2|1,7,654,1285032,silent,1284378
11,18|13|4|3|2|2|2,7,507,663166,silent,662659
11,18|13|3|3|3|3|1,7,38,204853,silent,204815
11,18|13|3|3|3|2|2,7,70,250449,silent,250379
11,18|12|10|1|1|1|1,7,49,53064,silent,53015
11,18|12|9|2|1|1|1,7,366,374547,silent,374181
11,18|12|8|3|1|1|1,7,1003,1147063,silent,1146060
11,18|12|8|2|2|1|1,7,1016,1013155,silent,1012139
11,18|12|7|4|1|1|1,7,1493,1897027,silent,1895534
11,18|12|7|3|2|1|1,7,2741,3392814,silent,3390073
11,18|12|7|2|2|2|1,7,1338,1330486,silent,1329148
11,18|12|6|5|1|1|1,7,1171,1590259,silent,1589088
11,18|12|6|4|2|1|1,7,3435,4847790,silent,4844355
11,18|12|6|3|3|1|1,7,1936,3231664,silent,3229728
11,18|12|6|3|2|2|1,7,2827,3985521,silent,3982694
11,18|12|6|2|2|2|2,7,761,788792,silent,788031
11,18|12|5|5|2|1|1,7,1692,2429029,silent,2427337
11,18|12|5|4|3|1|1,7,2415,4216637,silent,4214222
11,18|12|5|4|2|2|1,7,2715,4253689,silent,4250974
11,18|12|5|3|3|2|1,7,1704,3824112,silent,3822408
11,18|12|5|3|2|2|2,7,1081,1891390,silent,1890309
11,18|12|4|4|4|1|1,7,512,950250,silent,949738
11,18|12|4|4|3|2|1,7,1335,2817939,silent,2816604
11,18|12|4|4|2|2|2,7,714,1146733,silent,1146019
11,18|12|4|3|3|3|1,7,263,1159086,silent,1158823
11,18|12|4|3|3|2|2,7,407,1381969,silent,1381562
11,18|12|3|3|3|3|2,7,24,288309,silent,288285
11,18|11|11|1|1|1|1,7,14,20788,silent,20774
11,18|11|10|2|1|1|1,7,229,242519,silent,242290
11,18|11|9|3|1|1|1,7,833,1002793,silent,1001960
11,18|11|9|2|2|1|1,7,871,881751,silent,880880
11,18|11|8|4|1|1|1,7,1580,2152248,silent,2150668
11,18|11|8|3|2|1|1,7,2802,3771624,silent,3768822
11,18|11|8|2|2|2|1,7,1316,1462152,silent,1460836
11,18|11|7|5|1|1|1,7,1760,2564023,silent,2562263
11,18|11|7|4|2|1|1,7,4638,7140943,silent,7136305
11,18|11|7|3|3|1|1,7,2474,4599677,silent,4597203
11,18|11|7|3|2|2|1,7,3489,5615656,silent,5612167
11,18|11|7|2|2|2|2,7,805,1080493,silent,1079688
11,18|11|6|6|1|1|1,7,717,1182826,silent,1182109
11,18|11|6|5|2|1|1,7,3742,6359095,silent,6355353
11,18|11|6|4|3|1|1,7,4328,8685311,silent,8680983
11,18|11|6|4|2|2|1,7,4707,8612851,silent,8608144
11,18|11|6|3|3|2|1,7,2849,7191195,silent,7188346
11,18|11|6|3|2|2|2,7,1716,3485938,silent,3484222
11,18|11|5|5|3|1|1,7,2269,4736524,silent,4734255
11,18|11|5|5|2|2|1,7,2141,4426673,silent,4424532
11,18|11|5|4|4|1|1,7,1737,3662801,silent,3661064
11,18|11|5|4|3|2|1,7,3869,9936596,silent,9932727
11,18|11|5|4|2|2|2,7,1659,3862611,silent,3860952
11,18|11|5|3|3|3|1,7,706,3209027,silent,3208321
11,18|11|5|3|3|2|2,7,1005,3763184,silent,3762179
11,18|11|4|4|4|2|1,7,1042,2484185,silent,2483143
11,18|11|4|4|3|3|1,7,642,2563824,silent,2563182
11,18|11|4|4|3|2|2,7,872,2855949,silent,2855077
11,18|11|4|3|3|3|2,7,156,1510840,silent,1510684
11,18|11|3|3|3|3|3,7,2,155071,silent,155069
11,18|10|10|3|1|1|1,7,326,400881,silent,400555
11,18|10|10|2|2|1|1,7,302,351217,silent,350915
11,18|10|9|4|1|1|1,7,1040,1466906,silent,1465866
11,18|10|9|3|2|1|1,7,1803,2544160,silent,2542357
11,18|10|9|2|2|2|1,7,823,979927,silent,979104
11,18|10|8|5|1|1|1,7,1616,2524592,silent,2522976
11,18|10|8|4|2|1|1,7,4022,6763935,silent,6759913
11,18|10|8|3|3|1|1,7,2212,4290306,silent,4288094
11,18|10|8|3|2|2|1,7,2993,5213232,silent,5210239
11,18|10|8|2|2|2|2,7,726,994210,silent,993484
11,18|10|7|6|1|1|1,7,1259,2133965,silent,2132706
11,18|10|7|5|2|1|1,7,4798,8888192,silent,8883394
11,18|10|7|4|3|1|1,7,5107,11184159,silent,11179052
11,18|10|7|4|2|2|1,7,5319,10979244,silent,10973925
11,18|10|7|3|3|2|1,7,3219,8880499,silent,8877280
11,18|10|7|3|2|2|2,7,1809,4252003,silent,4250194
11,18|10|6|6|2|1|1,7,2081,4281287,silent,4279206
11,18|10|6|5|3|1|1,7,4667,11179266,silent,11174599
11,18|10|6|5|2|2|1,7,4442,10291747,silent,10287305
11,18|10|6|4|4|1|1,7,2801,6962298,silent,6959497
11,18|10|6|4|3|2|1,7,6232,18172816,silent,18166584
11,18|10|6|4|2|2|2,7,2659,6928839,silent,6926180
11,18|10|6|3|3|3|1,7,1112,5393043,silent,5391931
11,18|10|6|3|3|2|2,7,1473,6268214,silent,6266741
11,18|10|5|5|4|1|1,7,1861,4810327,silent,4808466
11,18|10|5|5|3|2|1,7,3195,10229712,silent,10226517
11,18|10|5|5|2|2|2,7,1082,3642794,silent,3641712
11,18|10|5|4|4|2|1,7,2829,8623551,silent,8620722
11,18|10|5|4|3|3|1,7,1848,8285520,silent,8283672
11,18|10|5|4|3|2|2,7,2181,9048375,silent,9046194
11,18|10|5|3|3|3|2,7,423,3769476,silent,3769053
11,18|10|4|4|4|3|1,7,718,2679459,silent,2678741
11,18|10|4|4|4|2|2,7,718,2402467,silent,2401749
11,18|10|4|4|3|3|2,7,405,3102363,silent,3101958
11,18|10|4|3|3|3|3,7,25,749056,silent,749031
11,18|9|9|5|1|1|1,7,680,1070994,silent,1070314
11,18|9|9|4|2|1|1,7,1686,2821427,silent,2819741
11,18|9|9|3|3|1|1,7,849,1774675,silent,1773826
11,18|9|9|3|2|2|1,7,1174,2149542,silent,2148368
11,18|9|9|2|2|2|2,7,222,404182,silent,403960
11,18|9|8|6|1|1|1,7,973,1741453,silent,1740480
11,18|9|8|5|2|1|1,7,3400,6686404,silent,6683004
11,18|9|8|4|3|1|1,7,3521,8140475,silent,8136954
11,18|9|8|4|2|2|1,7,3627,7955514,silent,7951887
11,18|9|8|3|3|2|1,7,2190,6341850,silent,6339660
11,18|9|8|3|2|2|2,7,1209,3020307,silent,3019098
11,18|9|7|7|1|1|1,7,511,889182,silent,888671
11,18|9|7|6|2|1|1,7,2975,6344260,silent,6341285
11,18|9|7|5|3|1|1,7,5030,12997088,silent,12992058
11,18|9|7|5|2|2|1,7,4612,11850305,silent,11845693
11,18|9|7|4|4|1|1,7,2884,7561886,silent,7559002
11,18|9|7|4|3|2|1,7,6068,19345262,silent,19339194
11,18|9|7|4|2|2|2,7,2351,7280702,silent,7278351
11,18|9|7|3|3|3|1,7,1086,5539400,silent,5538314
11,18|9|7|3|3|2|2,7,1444,6406509,silent,6405065
11,18|9|6|6|3|1|1,7,2406,6739380,silent,6736974
11,18|9|6|6|2|2|1,7,2275,6015894,silent,6013619
11,18|9|6|5|4|1|1,7,3392,10115663,silent,10112271
11,18|9|6|5|3|2|1,7,5864,20739076,silent,20733212
11,18|9|6|5|2|2|2,7,2087,7257423,silent,7255336
11,18|9|6|4|4|2|1,7,4075,14104256,silent,14100181
11,18|9|6|4|3|3|1,7,2638,13121534,silent,13118896
11,18|9|6|4|3|2|2,7,3072,14202096,silent,14199024
11,18|9|6|3|3|3|2,7,570,5446728,silent,5446158
11,18|9|5|5|5|1|1,7,644,2181619,silent,2180975
11,18|9|5|5|4|2|1,7,2525,10127267,silent,10124742
11,18|9|5|5|3|3|1,7,1513,7830994,silent,7829481
11,18|9|5|5|3|2|2,7,1537,8259727,silent,8258190
11,18|9|5|4|4|3|1,7,1817,8317113,silent,8315296
11,18|9|5|4|4|2|2,7,1511,7299628,silent,7298117
11,18|9|5|4|3|3|2,7,1097,8817608,silent,8816511
11,18|9|5|3|3|3|3,7,63,1654110,silent,1654047
11,18|9|4|4|4|4|1,7,330,1154240,silent,1153910
11,18|9|4|4|4|3|2,7,515,3036012,silent,3035497
11,18|9|4|4|3|3|3,7,69,1427338,silent,1427269
11,18|8|8|7|1|1|1,7,281,532400,silent,532119
11,18|8|8|6|2|1|1,7,1329,3070862,silent,3069533
11,18|8|8|5|3|1|1,7,2205,5880307,silent,5878102
11,18|8|8|5|2|2|1,7,2032,5349332,silent,5347300
11,18|8|8|4|4|1|1,7,1145,3338473,silent,3337328
11,18|8|8|4|3|2|1,7,2573,8484336,silent,8481763
11,18|8|8|4|2|2|2,7,1095,3188705,silent,3187610
11,18|8|8|3|3|3|1,7,465,2392372,silent,2391907
11,18|8|8|3|3|2|2,7,554,2760240,silent,2759686
11,18|8|7|7|2|1|1,7,877,1982890,silent,1982013
11,18|8|7|6|3|1|1,7,2546,7467420,silent,7464874
11,18|8|7|6|2|2|1,7,2268,6602900,silent,6600632
11,18|8|7|5|4|1|1,7,2840,8974048,silent,8971208
11,18|8|7|5|3|2|1,7,4766,18079577,silent,18074811
11,18|8|7|5|2|2|2,7,1611,6260643,silent,6259032
11,18|8|7|4|4|2|1,7,3064,11526350,silent,11523286
11,18|8|7|4|3|3|1,7,2015,10574883,silent,10572868
11,18|8|7|4|3|2|2,7,2263,11386799,silent,11384536
11,18|8|7|3|3|3|2,7,439,4227167,silent,4226728
11,18|8|6|6|4|1|1,7,1533,5427691,silent,5426158
11,18|8|6|6|3|2|1,7,2609,10274130,silent,10271521
11,18|8|6|6|2|2|2,7,988,3475114,silent,3474126
11,18|8|6|5|5|1|1,7,1093,4049943,silent,4048850
11,18|8|6|5|4|2|1,7,4000,17309354,silent,17305354
11,18|8|6|5|3|3|1,7,2263,12967931,silent,12965668
11,18|8|6|5|3|2|2,7,2391,13580617,silent,13578226
11,18|8|6|4|4|3|1,7,2167,11168589,silent,11166422
11,18|8|6|4|4|2|2,7,1920,9727701,silent,9725781
11,18|8|6|4|3|3|2,7,1259,11376550,silent,11375291
11,18|8|6|3|3|3|3,7,83,1960956,silent,1960873
11,18|8|5|5|5|2|1,7,750,4072651,silent,4071901
11,18|8|5|5|4|3|1,7,1475,8637675,silent,8636200
11,18|8|5|5|4|2|2,7,1061,7322357,silent,7321296
11,18|8|5|5|3|3|2,7,793,7139439,silent,7138646
11,18|8|5|4|4|4|1,7,654,3143108,silent,3142454
11,18|8|5|4|4|3|2,7,1062,7974595,silent,7973533
11,18|8|5|4|3|3|3,7,195,3464904,silent,3464709
11,18|8|4|4|4|4|2,7,281,1262384,silent,1262103
11,18|8|4|4|4|3|3,7,105,1335252,silent,1335147
11,18|7|7|7|3|1|1,7,438,1368029,silent,1367591
11,18|7|7|7|2|2|1,7,348,1187094,silent,1186746
11,18|7|7|6|4|1|1,7,1011,3495925,silent,3494914
11,18|7|7|6|3|2|1,7,1533,6508884,silent,6507351
11,18|7|7|6|2|2|2,7,456,2171280,silent,2170824
11,18|7|7|5|5|1|1,7,524,2159336,silent,2158812
11,18|7|7|5|4|2|1,7,1925,8950244,silent,8948319
11,18|7|7|5|3|3|1,7,1116,6633617,silent,6632501
11,18|7|7|5|3|2|2,7,1143,6912903,silent,6911760
11,18|7|7|4|4|3|1,7,1006,5394181,silent,5393175
11,18|7|7|4|4|2|2,7,740,4666939,silent,4666199
11,18|7|7|4|3|3|2,7,619,5416344,silent,5415725
11,18|7|7|3|3|3|3,7,32,904464,silent,904432
11,18|7|6|6|5|1|1,7,481,2040673,silent,2040192
11,18|7|6|6|4|2|1,7,1458,6871412,silent,6869954
11,18|7|6|6|3|3|1,7,755,4802606,silent,4801851
11,18|7|6|6|3|2|2,7,839,4960883,silent,4960044
11,18|7|6|5|5|2|1,7,971,5505187,silent,5504216
11,18|7|6|5|4|3|1,7,1710,10845185,silent,10843475
11,18|7|6|5|4|2|2,7,1348,9136274,silent,9134926
11,18|7|6|5|3|3|2,7,869,8641890,silent,8641021
11,18|7|6|4|4|4|1,7,599,3164100,silent,3163501
11,18|7|6|4|4|3|2,7,970,7889446,silent,7888476
11,18|7|6|4|3|3|3,7,170,3314200,silent,3314030
11,18|7|5|5|5|3|1,7,384,3059509,silent,3059125
11,18|7|5|5|5|2|2,7,254,2412088,silent,2411834
11,18|7|5|5|4|4|1,7,401,2849597,silent,2849196
11,18|7|5|5|4|3|2,7,668,6674085,silent,6673417
11,18|7|5|5|3|3|3,7,140,2296498,silent,2296358
11,18|7|5|4|4|4|2,7,369,2729526,silent,2729157
11,18|7|5|4|4|3|3,7,230,2825106,silent,2824876
11,18|7|4|4|4|4|3,7,98,608478,silent,608380
11,18|6|6|6|6|1|1,7,34,217795,silent,217761
11,18|6|6|6|5|2|1,7,280,1555853,silent,1555573
11,18|6|6|6|4|3|1,7,359,2454344,silent,2453985
11,18|6|6|6|4|2|2,7,364,2048657,silent,2048293
11,18|6|6|6|3|3|2,7,149,1804289,silent,1804140
11,18|6|6|5|5|3|1,7,280,2297081,silent,2296801
11,18|6|6|5|5|2|2,7,177,1800531,silent,1800354
11,18|6|6|5|4|4|1,7,296,2027843,silent,2027547
11,18|6|6|5|4|3|2,7,468,4675095,silent,4674627
11,18|6|6|5|3|3|3,7,79,1559719,silent,1559640
11,18|6|6|4|4|4|2,7,251,1568305,silent,1568054
11,18|6|6|4|4|3|3,7,97,1593558,silent,1593461
11,18|6|5|5|5|4|1,7,87,936346,silent,936259
11,18|6|5|5|5|3|2,7,128,1733056,silent,1732928
11,18|6|5|5|4|4|2,7,142,1779552,silent,1779410
11,18|6|5|5|4|3|3,7,122,1727532,silent,1727410
11,18|6|5|4|4|4|3,7,102,945457,silent,945355
11,18|6|4|4|4|4|4,7,39,106456,silent,106417
11,18|5|5|5|5|5|1,7,8,74272,silent,74264
11,18|5|5|5|5|4|2,7,21,324411,silent,324390
11,18|5|5|5|5|3|3,7,13,254606,silent,254593
11,18|5|5|5|4|4|3,7,19,338138,silent,338119
11,18|5|5|4|4|4|4,7,6,87616,silent,87610
11,17|17|6|1|1|1|1,7,2,5852,silent,5850
11,17|17|5|2|1|1|1,7,23,18911,silent,18888
11,17|17|4|3|1|1|1,7,20,21004,silent,20984
11,17|17|4|2|2|1|1,7,43,21378,silent,21335
11,17|17|3|3|2|1|1,7,21,16389,silent,16368
11,17|17|3|2|2|2|1,7,26,9541,silent,9515
11,17|17|2|2|2|2|2,7,4,1201,silent,1197
11,17|16|7|1|1|1|1,7,16,19044,silent,19028
11,17|16|6|2|1|1|1,7,81,74809,silent,74728
11,17|16|5|3|1|1|1,7,131,117854,silent,117723
11,17|16|5|2|2|1|1,7,164,110404,silent,110240
11,17|16|4|4|1|1|1,7,60,60546,silent,60486
11,17|16|4|3|2|1|1,7,191,158102,silent,157911
11,17|16|4|2|2|2|1,7,143,72298,silent,72155
11,17|16|3|3|3|1|1,7,38,42993,silent,42955
11,17|16|3|3|2|2|1,7,76,59438,silent,59362
11,17|16|3|2|2|2|2,7,45,17656,silent,17611
11,17|15|8|1|1|1|1,7,28,37701,silent,37673
11,17|15|7|2|1|1|1,7,194,178500,silent,178306
11,17|15|6|3|1|1|1,7,351,357862,silent,357511
11,17|15|6|2|2|1|1,7,425,324985,silent,324560
11,17|15|5|4|1|1|1,7,320,327862,silent,327542
11,17|15|5|3|2|1|1,7,695,664944,silent,664249
11,17|15|5|2|2|2|1,7,403,277204,silent,276801
11,17|15|4|4|2|1|1,7,373,372958,silent,372585
11,17|15|4|3|3|1|1,7,248,334574,silent,334326
11,17|15|4|3|2|2|1,7,461,434169,silent,433708
11,17|15|4|2|2|2|2,7,156,98644,silent,98488
11,17|15|3|3|3|2|1,7,80,149948,silent,149868
11,17|15|3|3|2|2|2,7,81,83671,silent,83590
11,17|14|9|1|1|1|1,7,47,53914,silent,53867
11,17|14|8|2|1|1|1,7,305,300752,silent,300447
11,17|14|7|3|1|1|1,7,694,740999,silent,740305
11,17|14|7|2|2|1|1,7,745,660178,silent,659433
11,17|14|6|4|1|1|1,7,795,939699,silent,938904
11,17|14|6|3|2|1|1,7,1573,1748035,silent,1746462
11,17|14|6|2|2|2|1,7,829,700150,silent,699321
11,17|14|5|5|1|1|1,7,401,451075,silent,450674
11,17|14|5|4|2|1|1,7,1469,1761882,silent,1760413
11,17|14|5|3|3|1|1,7,864,1263980,silent,1263116
11,17|14|5|3|2|2|1,7,1322,1583168,silent,1581846
11,17|14|5|2|2|2|2,7,377,326352,silent,325975
11,17|14|4|4|3|1|1,7,587,887824,silent,887237
11,17|14|4|4|2|2|1,7,760,928817,silent,928057
11,17|14|4|3|3|2|1,7,537,1038210,silent,1037673
11,17|14|4|3|2|2|2,7,407,534791,silent,534384
11,17|14|3|3|3|3|1,7,34,165016,silent,164982
11,17|14|3|3|3|2|2,7,56,201464,silent,201408
11,17|13|10|1|1|1|1,7,46,55426,silent,55380
11,17|13|9|2|1|1|1,7,370,372627,silent,372257
11,17|13|8|3|1|1|1,7,956,1107626,silent,1106670
11,17|13|8|2|2|1|1,7,1009,977884,silent,976875
11,17|13|7|4|1|1|1,7,1431,1802262,silent,1800831
11,17|13|7|3|2|1|1,7,2583,3213741,silent,3211158
11,17|13|7|2|2|2|1,7,1240,1256734,silent,1255494
11,17|13|6|5|1|1|1,7,1099,1497432,silent,1496333
11,17|13|6|4|2|1|1,7,3256,4548950,silent,4545694
11,17|13|6|3|3|1|1,7,1781,3024400,silent,3022619
11,17|13|6|3|2|2|1,7,2627,3725498,silent,3722871
11,17|13|6|2|2|2|2,7,650,732803,silent,732153
11,17|13|5|5|2|1|1,7,1544,2266993,silent,2265449
11,17|13|5|4|3|1|1,7,2247,3925552,silent,3923305
11,17|13|5|4|2|2|1,7,2494,3953415,silent,3950921
11,17|13|5|3|3|2|1,7,1593,3548767,silent,3547174
11,17|13|5|3|2|2|2,7,1003,1751161,silent,1750158
11,17|13|4|4|4|1|1,7,507,882410,silent,881903
11,17|13|4|4|3|2|1,7,1228,2606905,silent,2605677
11,17|13|4|4|2|2|2,7,604,1055815,silent,1055211
11,17|13|4|3|3|3|1,7,242,1069601,silent,1069359
11,17|13|4|3|3|2|2,7,401,1274658,silent,1274257
11,17|13|3|3|3|3|2,7,20,264257,silent,264237
11,17|12|11|1|1|1|1,7,31,35729,silent,35698
11,17|12|10|2|1|1|1,7,296,317321,silent,317025
11,17|12|9|3|1|1|1,7,984,1184318,silent,1183334
11,17|12|9|2|2|1|1,7,988,1039058,silent,1038070
11,17|12|8|4|1|1|1,7,1754,2419011,silent,2417257
11,17|12|8|3|2|1|1,7,3099,4225278,silent,4222179
11,17|12|8|2|2|2|1,7,1436,1633805,silent,1632369
11,17|12|7|5|1|1|1,7,1911,2809199,silent,2807288
11,17|12|7|4|2|1|1,7,4967,7784554,silent,7779587
11,17|12|7|3|3|1|1,7,2697,5002660,silent,4999963
11,17|12|7|3|2|2|1,7,3724,6097844,silent,6094120
11,17|12|7|2|2|2|2,7,864,1169749,silent,1168885
11,17|12|6|6|1|1|1,7,769,1282277,silent,1281508
11,17|12|6|5|2|1|1,7,3971,6838745,silent,6834774
11,17|12|6|4|3|1|1,7,4580,9301504,silent,9296924
11,17|12|6|4|2|2|1,7,4945,9208472,silent,9203527
11,17|12|6|3|3|2|1,7,3026,7670021,silent,7666995
11,17|12|6|3|2|2|2,7,1789,3708606,silent,3706817
11,17|12|5|5|3|1|1,7,2396,5037326,silent,5034930
11,17|12|5|5|2|2|1,7,2239,4700853,silent,4698614
11,17|12|5|4|4|1|1,7,1792,3883517,silent,3881725
11,17|12|5|4|3|2|1,7,4043,10507394,silent,10503351
11,17|12|5|4|2|2|2,7,1723,4074381,silent,4072658
11,17|12|5|3|3|3|1,7,764,3382095,silent,3381331
11,17|12|5|3|3|2|2,7,1044,3959122,silent,3958078
11,17|12|4|4|4|2|1,7,1064,2611840,silent,2610776
11,17|12|4|4|3|3|1,7,669,2690748,silent,2690079
11,17|12|4|4|3|2|2,7,901,2991503,silent,2990602
11,17|12|4|3|3|3|2,7,171,1577334,silent,1577163
11,17|12|3|3|3|3|3,7,5,160867,silent,160862
11,17|11|11|2|1|1|1,7,125,126487,silent,126362
11,17|11|10|3|1|1|1,7,619,779877,silent,779258
11,17|11|10|2|2|1|1,7,625,682573,silent,681948
11,17|11|9|4|1|1|1,7,1536,2178326,silent,2176790
11,17|11|9|3|2|1|1,7,2606,3758421,silent,3755815
11,17|11|9|2|2|2|1,7,1152,1440995,silent,1439843
11,17|11|8|5|1|1|1,7,2133,3398330,silent,3396197
11,17|11|8|4|2|1|1,7,5318,9038490,silent,9033172
11,17|11|8|3|3|1|1,7,2836,5709258,silent,5706422
11,17|11|8|3|2|2|1,7,3856,6922598,silent,6918742
11,17|11|8|2|2|2|2,7,847,1309908,silent,1309061
11,17|11|7|6|1|1|1,7,1607,2755270,silent,2753663
11,17|11|7|5|2|1|1,7,5958,11339795,silent,11333837
11,17|11|7|4|3|1|1,7,6349,14184094,silent,14177745
11,17|11|7|4|2|2|1,7,6505,13890939,silent,13884434
11,17|11|7|3|3|2|1,7,4002,11200780,silent,11196778
11,17|11|7|3|2|2|2,7,2190,5344233,silent,5342043
11,17|11|6|6|2|1|1,7,2611,5364604,silent,5361993
11,17|11|6|5|3|1|1,7,5645,13855380,silent,13849735
11,17|11|6|5|2|2|1,7,5325,12727389,silent,12722064
11,17|11|6|4|4|1|1,7,3436,8593856,silent,8590420
11,17|11|6|4|3|2|1,7,7472,22341697,silent,22334225
11,17|11|6|4|2|2|2,7,3035,8483060,silent,8480025
11,17|11|6|3|3|3|1,7,1354,6601690,silent,6600336
11,17|11|6|3|3|2|2,7,1826,7660785,silent,7658959
11,17|11|5|5|4|1|1,7,2171,5867439,silent,5865268
11,17|11|5|5|3|2|1,7,3804,12439399,silent,12435595
11,17|11|5|5|2|2|2,7,1325,4418721,silent,4417396
11,17|11|5|4|4|2|1,7,3296,10438017,silent,10434721
11,17|11|5|4|3|3|1,7,2207,10006041,silent,10003834
11,17|11|5|4|3|2|2,7,2556,10902880,silent,10900324
11,17|11|5|3|3|3|2,7,515,4522743,silent,4522228
11,17|11|4|4|4|3|1,7,840,3208662,silent,3207822
11,17|11|4|4|4|2|2,7,756,2865352,silent,2864596
11,17|11|4|4|3|3|2,7,505,3700118,silent,3699613
11,17|11|4|3|3|3|3,7,26,887098,silent,887072
11,17|10|10|4|1|1|1,7,577,882116,silent,881539
11,17|10|10|3|2|1|1,7,1005,1517414,silent,1516409
11,17|10|10|2|2|2|1,7,461,581986,silent,581525
11,17|10|9|5|1|1|1,7,1445,2390240,silent,2388795
11,17|10|9|4|2|1|1,7,3487,6234212,silent,6230725
11,17|10|9|3|3|1|1,7,1865,3905914,silent,3904049
11,17|10|9|3|2|2|1,7,2471,4720748,silent,4718277
11,17|10|9|2|2|2|2,7,531,886960,silent,886429
11,17|10|8|6|1|1|1,7,1617,3012957,silent,3011340
11,17|10|8|5|2|1|1,7,5544,11369061,silent,11363517
11,17|10|8|4|3|1|1,7,5702,13717091,silent,13711389
11,17|10|8|4|2|2|1,7,5828,13371479,silent,13365651
11,17|10|8|3|3|2|1,7,3546,10606624,silent,10603078
11,17|10|8|3|2|2|2,7,1922,5033478,silent,5031556
11,17|10|7|7|1|1|1,7,789,1425525,silent,1424736
11,17|10|7|6|2|1|1,7,4430,9885022,silent,9880592
11,17|10|7|5|3|1|1,7,7455,19933761,silent,19926306
11,17|10|7|5|2|2|1,7,6770,18131497,silent,18124727
11,17|10|7|4|4|1|1,7,4152,11516277,silent,11512125
11,17|10|7|4|3|2|1,7,8854,29331253,silent,29322399
11,17|10|7|4|2|2|2,7,3438,11001836,silent,10998398
11,17|10|7|3|3|3|1,7,1636,8345382,silent,8343746
11,17|10|7|3|3|2|2,7,2069,9628389,silent,9626320
11,17|10|6|6|3|1|1,7,3434,9984577,silent,9981143
11,17|10|6|6|2|2|1,7,3214,8887867,silent,8884653
11,17|10|6|5|4|1|1,7,4758,14778773,silent,14774015
11,17|10|6|5|3|2|1,7,8221,30162681,silent,30154460
11,17|10|6|5|2|2|2,7,2883,10515795,silent,10512912
11,17|10|6|4|4|2|1,7,5602,20372165,silent,20366563
11,17|10|6|4|3|3|1,7,3688,18888931,silent,18885243
11,17|10|6|4|3|2|2,7,4234,20394822,silent,20390588
11,17|10|6|3|3|3|2,7,820,7773058,silent,7772238
11,17|10|5|5|5|1|1,7,903,3114453,silent,3113550
11,17|10|5|5|4|2|1,7,3442,14357174,silent,14353732
11,17|10|5|5|3|3|1,7,2084,11062575,silent,11060491
11,17|10|5|5|3|2|2,7,2086,11642879,silent,11640793
11,17|10|5|4|4|3|1,7,2410,11672020,silent,11669610
11,17|10|5|4|4|2|2,7,2031,10220679,silent,10218648
11,17|10|5|4|3|3|2,7,1486,12301288,silent,12299802
11,17|10|5|3|3|3|3,7,104,2290573,silent,2290469
11,17|10|4|4|4|4|1,7,417,1594768,silent,1594351
11,17|10|4|4|4|3|2,7,661,4179229,silent,4178568
11,17|10|4|4|3|3|3,7,97,1956175,silent,1956078
11,17|9|9|6|1|1|1,7,736,1331007,silent,1330271
11,17|9|9|5|2|1|1,7,2314,4852701,silent,4850387
11,17|9|9|4|3|1|1,7,2353,5770369,silent,5768016
11,17|9|9|4|2|2|1,7,2298,5602561,silent,5600263
11,17|9|9|3|3|2|1,7,1433,4419604,silent,4418171
11,17|9|9|3|2|2|2,7,727,2085881,silent,2085154
11,17|9|8|7|1|1|1,7,755,1493673,silent,1492918
11,17|9|8|6|2|1|1,7,3474,8173437,silent,8169963
11,17|9|8|5|3|1|1,7,5389,15232387,silent,15226998
11,17|9|8|5|2|2|1,7,4876,13795064,silent,13790188
11,17|9|8|4|4|1|1,7,2918,8558735,silent,8555817
11,17|9|8|4|3|2|1,7,6171,21584803,silent,21578632
11,17|9|8|4|2|2|2,7,2352,8050288,silent,8047936
11,17|9|8|3|3|3|1,7,1130,6034261,silent,6033131
11,17|9|8|3|3|2|2,7,1427,6944698,silent,6943271
11,17|9|7|7|2|1|1,7,1735,4220955,silent,4219220
11,17|9|7|6|3|1|1,7,4935,15145664,silent,15140729
11,17|9|7|6|2|2|1,7,4287,13339634,silent,13335347
11,17|9|7|5|4|1|1,7,5307,17782704,silent,17777397
11,17|9|7|5|3|2|1,7,8909,35599009,silent,35590100
11,17|9|7|5|2|2|2,7,2954,12264478,silent,12261524
11,17|9|7|4|4|2|1,7,5558,22443115,silent,22437557
11,17|9|7|4|3|3|1,7,3768,20497240,silent,20493472
11,17|9|7|4|3|2|2,7,4109,21999024,silent,21994915
11,17|9|7|3|3|3|2,7,849,8096235,silent,8095386
11,17|9|6|6|4|1|1,7,2766,9981813,silent,9979047
11,17|9|6|6|3|2|1,7,4495,18760692,silent,18756197
11,17|9|6|6|2|2|2,7,1543,6302004,silent,6300461
11,17|9|6|5|5|1|1,7,1843,7301564,silent,7299721
11,17|9|6|5|4|2|1,7,6715,30889356,silent,30882641
11,17|9|6|5|3|3|1,7,3865,23036252,silent,23032387
11,17|9|6|5|3|2|2,7,4025,24050961,silent,24046936
11,17|9|6|4|4|3|1,7,3581,19623058,silent,19619477
11,17|9|6|4|4|2|2,7,2966,17022588,silent,17019622
11,17|9|6|4|3|3|2,7,2179,19841430,silent,19839251
11,17|9|6|3|3|3|3,7,140,3381198,silent,3381058
11,17|9|5|5|5|2|1,7,1240,6972303,silent,6971063
11,17|9|5|5|4|3|1,7,2346,14655040,silent,14652694
11,17|9|5|5|4|2|2,7,1760,12393534,silent,12391774
11,17|9|5|5|3|3|2,7,1263,12017867,silent,12016604
11,17|9|5|4|4|4|1,7,979,5259943,silent,5258964
11,17|9|5|4|4|3|2,7,1639,13281570,silent,13279931
11,17|9|5|4|3|3|3,7,324,5735664,silent,5735340
11,17|9|4|4|4|4|2,7,354,2044584,silent,2044230
11,17|9|4|4|4|3|3,7,183,2163578,silent,2163395
11,17|8|8|8|1|1|1,7,105,250158,silent,250053
11,17|8|8|7|2|1|1,7,996,2560217,silent,2559221
11,17|8|8|6|3|1|1,7,2292,7419031,silent,7416739
11,17|8|8|6|2|2|1,7,2073,6521572,silent,6519499
11,17|8|8|5|4|1|1,7,2334,8170199,silent,8167865
11,17|8|8|5|3|2|1,7,3938,16235260,silent,16231322
11,17|8|8|5|2|2|2,7,1361,5578146,silent,5576785
11,17|8|8|4|4|2|1,7,2411,9998342,silent,9995931
11,17|8|8|4|3|3|1,7,1578,9061965,silent,9060387
11,17|8|8|4|3|2|2,7,1780,9714306,silent,9712526
11,17|8|8|3|3|3|2,7,338,3517003,silent,3516665
11,17|8|7|7|3|1|1,7,1487,4891012,silent,4889525
11,17|8|7|7|2|2|1,7,1195,4235090,silent,4233895
11,17|8|7|6|4|1|1,7,2975,11381323,silent,11378348
11,17|8|7|6|3|2|1,7,4670,21014400,silent,21009730
11,17|8|7|6|2|2|2,7,1498,6980632,silent,6979134
11,17|8|7|5|5|1|1,7,1627,6793523,silent,6791896
11,17|8|7|5|4|2|1,7,5594,27719518,silent,27713924
11,17|8|7|5|3|3|1,7,3244,20384534,silent,20381290
11,17|8|7|5|3|2|2,7,3268,21176096,silent,21172828
11,17|8|7|4|4|3|1,7,2744,16277958,silent,16275214
11,17|8|7|4|4|2|2,7,2236,14049673,silent,14047437
11,17|8|7|4|3|3|2,7,1680,16152732,silent,16151052
11,17|8|7|3|3|3|3,7,117,2655346,silent,2655229
11,17|8|6|6|5|1|1,7,1127,5146169,silent,5145042
11,17|8|6|6|4|2|1,7,3341,17050150,silent,17046809
11,17|8|6|6|3|3|1,7,1742,11834577,silent,11832835
11,17|8|6|6|3|2|2,7,1902,12175009,silent,12173107
11,17|8|6|5|5|2|1,7,2194,13192185,silent,13189991
11,17|8|6|5|4|3|1,7,3756,25632063,silent,25628307
11,17|8|6|5|4|2|2,7,2941,21512721,silent,21509780
11,17|8|6|5|3|3|2,7,1921,20200458,silent,20198537
11,17|8|6|4|4|4|1,7,1233,7310398,silent,7309165
11,17|8|6|4|4|3|2,7,2028,18105658,silent,18103630
11,17|8|6|4|3|3|3,7,379,7535200,silent,7534821
11,17|8|5|5|5|3|1,7,804,6624975,silent,6624171
11,17|8|5|5|5|2|2,7,507,5204077,silent,5203570
11,17|8|5|5|4|4|1,7,794,6108068,silent,6107274
11,17|8|5|5|4|3|2,7,1332,14205045,silent,14203713
11,17|8|5|5|3|3|3,7,288,4840309,silent,4840021
11,17|8|5|4|4|4|2,7,703,5683072,silent,5682369
11,17|8|5|4|4|3|3,7,414,5847769,silent,5847355
11,17|8|4|4|4|4|3,7,159,1203203,silent,1203044
11,17|7|7|7|4|1|1,7,538,2184056,silent,2183518
11,17|7|7|7|3|2|1,7,769,3894904,silent,3894135
11,17|7|7|7|2|2|2,7,206,1265716,silent,1265510
11,17|7|7|6|5|1|1,7,742,3442518,silent,3441776
11,17|7|7|6|4|2|1,7,1973,11043366,silent,11041393
11,17|7|7|6|3|3|1,7,1107,7588019,silent,7586912
11,17|7|7|6|3|2|2,7,1063,7758364,silent,7757301
11,17|7|7|5|5|2|1,7,1121,7094167,silent,7093046
11,17|7|7|5|4|3|1,7,1854,13402022,silent,13400168
11,17|7|7|5|4|2|2,7,1379,11194472,silent,11193093
11,17|7|7|5|3|3|2,7,978,10406384,silent,10405406
11,17|7|7|4|4|4|1,7,534,3578379,silent,3577845
11,17|7|7|4|4|3|2,7,900,8800545,silent,8799645
11,17|7|7|4|3|3|3,7,200,3617988,silent,3617788
11,17|7|6|6|6|1|1,7,198,1007687,silent,1007489
11,17|7|6|6|5|2|1,7,1073,6816595,silent,6815522
11,17|7|6|6|4|3|1,7,1402,10514372,silent,10512970
11,17|7|6|6|4|2|2,7,1132,8698441,silent,8697309
11,17|7|6|6|3|3|2,7,665,7617526,silent,7616861
11,17|7|6|5|5|3|1,7,1024,9125819,silent,9124795
11,17|7|6|5|5|2|2,7,721,7122939,silent,7122218
11,17|7|6|5|4|4|1,7,988,7899592,silent,7898604
11,17|7|6|5|4|3|2,7,1610,18049982,silent,18048372
11,17|7|6|5|3|3|3,7,295,5942384,silent,5942089
11,17|7|6|4|4|4|2,7,650,5788024,silent,5787374
11,17|7|6|4|4|3|3,7,385,5869750,silent,5869365
11,17|7|5|5|5|4|1,7,255,2859560,silent,2859305
11,17|7|5|5|5|3|2,7,363,5240475,silent,5240112
11,17|7|5|5|4|4|2,7,416,5288815,silent,5288399
11,17|7|5|5|4|3|3,7,305,5087765,silent,5087460
11,17|7|5|4|4|4|3,7,238,2672284,silent,2672046
11,17|7|4|4|4|4|4,7,52,269660,silent,269608
11,17|6|6|6|6|2|1,7,126,757972,silent,757846
11,17|6|6|6|5|3|1,7,286,2650402,silent,2650116
11,17|6|6|6|5|2|2,7,243,2046432,silent,2046189
11,17|6|6|6|4|4|1,7,250,1879075,silent,1878825
11,17|6|6|6|4|3|2,7,369,4148686,silent,4148317
11,17|6|6|6|3|3|3,7,42,1264168,silent,1264126
11,17|6|6|5|5|4|1,7,188,2196974,silent,2196786
11,17|6|6|5|5|3|2,7,260,3967611,silent,3967351
11,17|6|6|5|4|4|2,7,334,3797684,silent,3797350
11,17|6|6|5|4|3|3,7,192,3597697,silent,3597505
11,17|6|6|4|4|4|3,7,141,1547738,silent,1547597
11,17|6|5|5|5|5|1,7,28,422148,silent,422120
11,17|6|5|5|5|4|2,7,86,1803799,silent,1803713
11,17|6|5|5|5|3|3,7,74,1401770,silent,1401696
11,17|6|5|5|4|4|3,7,99,1804172,silent,1804073
11,17|6|5|4|4|4|4,7,49,429279,silent,429230
11,17|5|5|5|5|5|2,7,11,151983,silent,151972
11,17|5|5|5|5|4|3,7,13,346417,silent,346404
11,17|5|5|5|4|4|4,7,4,159758,silent,159754
11,16|16|8|1|1|1|1,7,16,13676,silent,13660
11,16|16|7|2|1|1|1,7,67,63923,silent,63856
11,16|16|6|3|1|1|1,7,134,128236,silent,128102
11,16|16|6|2|2|1|1,7,134,115868,silent,115734
11,16|16|5|4|1|1|1,7,112,117166,silent,117054
11,16|16|5|3|2|1|1,7,254,237919,silent,237665
11,16|16|5|2|2|2|1,7,148,99276,silent,99128
11,16|16|4|4|2|1|1,7,117,132769,silent,132652
11,16|16|4|3|3|1|1,7,103,119851,silent,119748
11,16|16|4|3|2|2|1,7,161,155130,silent,154969
11,16|16|4|2|2|2|2,7,73,35827,silent,35754
11,16|16|3|3|3|2|1,7,28,53482,silent,53454
11,16|16|3|3|2|2|2,7,21,29559,silent,29538
11,16|15|9|1|1|1|1,7,26,31013,silent,30987
11,16|15|8|2|1|1|1,7,174,171504,silent,171330
11,16|15|7|3|1|1|1,7,392,419841,silent,419449
11,16|15|7|2|2|1|1,7,426,373930,silent,373504
11,16|15|6|4|1|1|1,7,452,530633,silent,530181
11,16|15|6|3|2|1|1,7,889,985858,silent,984969
11,16|15|6|2|2|2|1,7,464,394385,silent,393921
11,16|15|5|5|1|1|1,7,222,254166,silent,253944
11,16|15|5|4|2|1|1,7,829,991557,silent,990728
11,16|15|5|3|3|1|1,7,484,710643,silent,710159
11,16|15|5|3|2|2|1,7,745,889695,silent,888950
11,16|15|5|2|2|2|2,7,205,182982,silent,182777
11,16|15|4|4|3|1|1,7,333,498751,silent,498418
11,16|15|4|4|2|2|1,7,424,521280,silent,520856
11,16|15|4|3|3|2|1,7,303,582375,silent,582072
11,16|15|4|3|2|2|2,7,228,299633,silent,299405
11,16|15|3|3|3|3|1,7,19,92401,silent,92382
11,16|15|3|3|3|2|2,7,33,112833,silent,112800
11,16|14|10|1|1|1|1,7,41,42285,silent,42244
11,16|14|9|2|1|1|1,7,269,275820,silent,275551
11,16|14|8|3|1|1|1,7,712,807920,silent,807208
11,16|14|8|2|2|1|1,7,700,711774,silent,711074
11,16|14|7|4|1|1|1,7,1022,1301811,silent,1300789
11,16|14|7|3|2|1|1,7,1864,2318921,silent,2317057
11,16|14|7|2|2|2|1,7,891,906218,silent,905327
11,16|14|6|5|1|1|1,7,793,1076614,silent,1075821
11,16|14|6|4|2|1|1,7,2288,3262157,silent,3259869
11,16|14|6|3|3|1|1,7,1314,2168439,silent,2167125
11,16|14|6|3|2|2|1,7,1866,2668285,silent,2666419
11,16|14|6|2|2|2|2,7,496,525561,silent,525065
11,16|14|5|5|2|1|1,7,1125,1622779,silent,1621654
11,16|14|5|4|3|1|1,7,1598,2803627,silent,2802029
11,16|14|5|4|2|2|1,7,1776,2822096,silent,2820320
11,16|14|5|3|3|2|1,7,1136,2529950,silent,2528814
11,16|14|5|3|2|2|2,7,697,1246888,silent,1246191
11,16|14|4|4|4|1|1,7,326,627881,silent,627555
11,16|14|4|4|3|2|1,7,872,1855384,silent,1854512
11,16|14|4|4|2|2|2,7,463,752258,silent,751795
11,16|14|4|3|3|3|1,7,185,760219,silent,760034
11,16|14|4|3|3|2|2,7,266,904075,silent,903809
11,16|14|3|3|3|3|2,7,20,187483,silent,187463
11,16|13|11|1|1|1|1,7,30,37426,silent,37396
11,16|13|10|2|1|1|1,7,284,301355,silent,301071
11,16|13|9|3|1|1|1,7,880,1069843,silent,1068963
11,16|13|9|2|2|1|1,7,894,937744,silent,936850
11,16|13|8|4|1|1|1,7,1543,2128270,silent,2126727
11,16|13|8|3|2|1|1,7,2697,3708299,silent,3705602
11,16|13|8|2|2|2|1,7,1232,1430646,silent,1429414
11,16|13|7|5|1|1|1,7,1640,2435276,silent,2433636
11,16|13|7|4|2|1|1,7,4263,6726583,silent,6722320
11,16|13|7|3|3|1|1,7,2298,4315015,silent,4312717
11,16|13|7|3|2|2|1,7,3169,5254251,silent,5251082
11,16|13|7|2|2|2|2,7,710,1004618,silent,1003908
11,16|13|6|6|1|1|1,7,669,1105009,silent,1104340
11,16|13|6|5|2|1|1,7,3374,5861346,silent,5857972
11,16|13|6|4|3|1|1,7,3892,7951007,silent,7947115
11,16|13|6|4|2|2|1,7,4154,7861508,silent,7857354
11,16|13|6|3|3|2|1,7,2569,6539214,silent,6536645
11,16|13|6|3|2|2|2,7,1492,3155730,silent,3154238
11,16|13|5|5|3|1|1,7,2007,4287050,silent,4285043
11,16|13|5|5|2|2|1,7,1887,3997174,silent,3995287
11,16|13|5|4|4|1|1,7,1513,3299636,silent,3298123
11,16|13|5|4|3|2|1,7,3395,8910927,silent,8907532
11,16|13|5|4|2|2|2,7,1424,3448684,silent,3447260
11,16|13|5|3|3|3|1,7,649,2862427,silent,2861778
11,16|13|5|3|3|2|2,7,892,3347944,silent,3347052
11,16|13|4|4|4|2|1,7,878,2206914,silent,2206036
11,16|13|4|4|3|3|1,7,568,2271673,silent,2271105
11,16|13|4|4|3|2|2,7,743,2521750,silent,2521007
11,16|13|4|3|3|3|2,7,150,1327556,silent,1327406
11,16|13|3|3|3|3|3,7,4,134706,silent,134702
11,16|12|12|1|1|1|1,7,17,15044,silent,15027
11,16|12|11|2|1|1|1,7,184,199703,silent,199519
11,16|12|10|3|1|1|1,7,753,945826,silent,945073
11,16|12|10|2|2|1|1,7,710,825622,silent,824912
11,16|12|9|4|1|1|1,7,1642,2390779,silent,2389137
11,16|12|9|3|2|1|1,7,2800,4114462,silent,4111662
11,16|12|9|2|2|2|1,7,1233,1575007,silent,1573774
11,16|12|8|5|1|1|1,7,2206,3560954,silent,3558748
11,16|12|8|4|2|1|1,7,5386,9425765,silent,9420379
11,16|12|8|3|3|1|1,7,2965,5943248,silent,5940283
11,16|12|8|3|2|2|1,7,3911,7195770,silent,7191859
11,16|12|8|2|2|2|2,7,894,1359841,silent,1358947
11,16|12|7|6|1|1|1,7,1614,2823731,silent,2822117
11,16|12|7|5|2|1|1,7,5964,11540149,silent,11534185
11,16|12|7|4|3|1|1,7,6313,14377886,silent,14371573
11,16|12|7|4|2|2|1,7,6455,14064375,silent,14057920
11,16|12|7|3|3|2|1,7,3985,11314180,silent,11310195
11,16|12|7|3|2|2|2,7,2151,5388764,silent,5386613
11,16|12|6|6|2|1|1,7,2538,5400494,silent,5397956
11,16|12|6|5|3|1|1,7,5573,13862120,silent,13856547
11,16|12|6|5|2|2|1,7,5208,12716903,silent,12711695
11,16|12|6|4|4|1|1,7,3283,8570600,silent,8567317
11,16|12|6|4|3|2|1,7,7301,22237185,silent,22229884
11,16|12|6|4|2|2|2,7,3005,8430376,silent,8427371
11,16|12|6|3|3|3|1,7,1365,6552268,silent,6550903
11,16|12|6|3|3|2|2,7,1740,7590833,silent,7589093
11,16|12|5|5|4|1|1,7,2139,5815186,silent,5813047
11,16|12|5|5|3|2|1,7,3699,12299846,silent,12296147
11,16|12|5|5|2|2|2,7,1238,4359315,silent,4358077
11,16|12|5|4|4|2|1,7,3172,10292395,silent,10289223
11,16|12|5|4|3|3|1,7,2140,9849633,silent,9847493
11,16|12|5|4|3|2|2,7,2468,10719103,silent,10716635
11,16|12|5|3|3|3|2,7,517,4433719,silent,4433202
11,16|12|4|4|4|3|1,7,775,3141728,silent,3140953
11,16|12|4|4|4|2|2,7,762,2804407,silent,2803645
11,16|12|4|4|3|3|2,7,468,3611326,silent,3610858
11,16|12|4|3|3|3|3,7,36,863671,silent,863635
11,16|11|11|3|1|1|1,7,293,381781,silent,381488
11,16|11|11|2|2|1|1,7,312,333310,silent,332998
11,16|11|10|4|1|1|1,7,1067,1615372,silent,1614305
11,16|11|10|3|2|1|1,7,1797,2762999,silent,2761202
11,16|11|10|2|2|2|1,7,781,1053693,silent,1052912
11,16|11|9|5|1|1|1,7,1980,3353736,silent,3351756
11,16|11|9|4|2|1|1,7,4749,8686173,silent,8681424
11,16|11|9|3|3|1|1,7,2499,5422453,silent,5419954
11,16|11|9|3|2|2|1,7,3304,6541100,silent,6537796
11,16|11|9|2|2|2|2,7,662,1221756,silent,1221094
11,16|11|8|6|1|1|1,7,2044,3854949,silent,3852905
11,16|11|8|5|2|1|1,7,6821,14378549,silent,14371728
11,16|11|8|4|3|1|1,7,6992,17247176,silent,17240184
11,16|11|8|4|2|2|1,7,7024,16775437,silent,16768413
11,16|11|8|3|3|2|1,7,4329,13268542,silent,13264213
11,16|11|8|3|2|2|2,7,2276,6276297,silent,6274021
11,16|11|7|7|1|1|1,7,933,1760775,silent,1759842
11,16|11|7|6|2|1|1,7,5245,12000000,silent,11994755
11,16|11|7|5|3|1|1,7,8689,23956187,silent,23947498
11,16|11|7|5|2|2|1,7,7852,21750517,silent,21742665
11,16|11|7|4|4|1|1,7,4840,13781747,silent,13776907
11,16|11|7|4|3|2|1,7,10247,34986701,silent,34976454
11,16|11|7|4|2|2|2,7,3878,13083849,silent,13079971
11,16|11|7|3|3|3|1,7,1915,9914806,silent,9912891
11,16|11|7|3|3|2|2,7,2424,11422278,silent,11419854
11,16|11|6|6|3|1|1,7,3979,11784030,silent,11780051
11,16|11|6|6|2|2|1,7,3630,10466302,silent,10462672
11,16|11|6|5|4|1|1,7,5408,17290987,silent,17285579
11,16|11|6|5|3|2|1,7,9311,35181733,silent,35172422
11,16|11|6|5|2|2|2,7,3208,12231019,silent,12227811
11,16|11|6|4|4|2|1,7,6247,23657312,silent,23651065
11,16|11|6|4|3|3|1,7,4197,21891328,silent,21887131
11,16|11|6|4|3|2|2,7,4722,23592614,silent,23587892
11,16|11|6|3|3|3|2,7,959,8959659,silent,8958700
11,16|11|5|5|5|1|1,7,994,3593720,silent,3592726
11,16|11|5|5|4|2|1,7,3836,16496023,silent,16492187
11,16|11|5|5|3|3|1,7,2320,12681909,silent,12679589
11,16|11|5|5|3|2|2,7,2348,13328538,silent,13326190
11,16|11|5|4|4|3|1,7,2652,13325729,silent,13323077
11,16|11|5|4|4|2|2,7,2190,11645962,silent,11643772
11,16|11|5|4|3|3|2,7,1667,13991982,silent,13990315
11,16|11|5|3|3|3|3,7,117,2592252,silent,2592135
11,16|11|4|4|4|4|1,7,432,1802823,silent,1802391
11,16|11|4|4|4|3|2,7,706,4713978,silent,4713272
11,16|11|4|4|3|3|3,7,116,2201459,silent,2201343
11,16|10|10|5|1|1|1,7,783,1386779,silent,1385996
11,16|10|10|4|2|1|1,7,1818,3562009,silent,3560191
11,16|10|10|3|3|1|1,7,1033,2217880,silent,2216847
11,16|10|10|3|2|2|1,7,1309,2673106,silent,2671797
11,16|10|10|2|2|2|2,7,318,501207,silent,500889
11,16|10|9|6|1|1|1,7,1464,2861304,silent,2859840
11,16|10|9|5|2|1|1,7,4651,10269111,silent,10264460
11,16|10|9|4|3|1|1,7,4680,12104590,silent,12099910
11,16|10|9|4|2|2|1,7,4631,11735615,silent,11730984
11,16|10|9|3|3|2|1,7,2861,9208033,silent,9205172
11,16|10|9|3|2|2|2,7,1464,4337988,silent,4336524
11,16|10|8|7|1|1|1,7,1228,2521709,silent,2520481
11,16|10|8|6|2|1|1,7,5394,13408543,silent,13403149
11,16|10|8|5|3|1|1,7,8368,24606654,silent,24598286
11,16|10|8|5|2|2|1,7,7487,22234111,silent,22226624
11,16|10|8|4|4|1|1,7,4379,13728721,silent,13724342
11,16|10|8|4|3|2|1,7,9424,34483877,silent,34474453
11,16|10|8|4|2|2|2,7,3631,12824421,silent,12820790
11,16|10|8|3|3|3|1,7,1778,9582635,silent,9580857
11,16|10|8|3|3|2|2,7,2119,11003590,silent,11001471
11,16|10|7|7|2|1|1,7,2545,6425337,silent,6422792
11,16|10|7|6|3|1|1,7,6991,22434933,silent,22427942
11,16|10|7|6|2|2|1,7,6065,19718057,silent,19711992
11,16|10|7|5|4|1|1,7,7429,25986559,silent,25979130
11,16|10|7|5|3|2|1,7,12431,51807754,silent,51795323
11,16|10|7|5|2|2|2,7,4076,17794149,silent,17790073
11,16|10|7|4|4|2|1,7,7653,32444856,silent,32437203
11,16|10|7|4|3|3|1,7,5217,29533251,silent,29528034
11,16|10|7|4|3|2|2,7,5661,31638163,silent,31632502
11,16|10|7|3|3|3|2,7,1196,11572481,silent,11571285
11,16|10|6|6|4|1|1,7,3678,14091550,silent,14087872
11,16|10|6|6|3|2|1,7,6049,26377878,silent,26371829
11,16|10|6|6|2|2|2,7,2105,8834000,silent,8831895
11,16|10|6|5|5|1|1,7,2508,10197882,silent,10195374
11,16|10|6|5|4|2|1,7,8896,42849832,silent,42840936
11,16|10|6|5|3|3|1,7,5168,31856464,silent,31851296
11,16|10|6|5|3|2|2,7,5291,33192476,silent,33187185
11,16|10|6|4|4|3|1,7,4631,26957310,silent,26952679
11,16|10|6|4|4|2|2,7,3935,23343475,silent,23339540
11,16|10|6|4|3|3|2,7,2848,27115971,silent,27113123
11,16|10|6|3|3|3|3,7,217,4591309,silent,4591092
11,16|10|5|5|5|2|1,7,1623,9455336,silent,9453713
11,16|10|5|5|4|3|1,7,3040,19764957,silent,19761917
11,16|10|5|5|4|2|2,7,2234,16681253,silent,16679019
11,16|10|5|5|3|3|2,7,1664,16126136,silent,16124472
11,16|10|5|4|4|4|1,7,1225,7036763,silent,7035538
11,16|10|5|4|4|3|2,7,2064,17707954,silent,17705890
11,16|10|5|4|3|3|3,7,424,7615189,silent,7614765
11,16|10|4|4|4|4|2,7,453,2687274,silent,2686821
11,16|10|4|4|4|3|3,7,205,2834931,silent,2834726
11,16|9|9|7|1|1|1,7,585,1209050,silent,1208465
11,16|9|9|6|2|1|1,7,2401,5968333,silent,5965932
11,16|9|9|5|3|1|1,7,3476,10614022,silent,10610546
11,16|9|9|5|2|2|1,7,3060,9558327,silent,9555267
11,16|9|9|4|4|1|1,7,1897,5855303,silent,5853406
11,16|9|9|4|3|2|1,7,3840,14620118,silent,14616278
11,16|9|9|4|2|2|2,7,1329,5407162,silent,5405833
11,16|9|9|3|3|3|1,7,719,4032613,silent,4031894
11,16|9|9|3|3|2|2,7,920,4625036,silent,4624116
11,16|9|8|8|1|1|1,7,324,744776,silent,744452
11,16|9|8|7|2|1|1,7,2529,6841794,silent,6839265
11,16|9|8|6|3|1|1,7,5590,18880285,silent,18874695
11,16|9|8|6|2|2|1,7,4820,16519922,silent,16515102
11,16|9|8|5|4|1|1,7,5485,20314869,silent,20309384
11,16|9|8|5|3|2|1,7,9143,40110655,silent,40101512
11,16|9|8|5|2|2|2,7,2994,13701588,silent,13698594
11,16|9|8|4|4|2|1,7,5434,24425302,silent,24419868
11,16|9|8|4|3|3|1,7,3708,22052692,silent,22048984
11,16|9|8|4|3|2|2,7,3988,23558560,silent,23554572
11,16|9|8|3|3|3|2,7,837,8466913,silent,8466076
11,16|9|7|7|3|1|1,7,2834,9969592,silent,9966758
11,16|9|7|7|2|2|1,7,2299,8606676,silent,8604377
11,16|9|7|6|4|1|1,7,5510,22171416,silent,22165906
11,16|9|7|6|3|2|1,7,8522,40684123,silent,40675601
11,16|9|7|6|2|2|2,7,2635,13447285,silent,13444650
11,16|9|7|5|5|1|1,7,2911,12985001,silent,12982090
11,16|9|7|5|4|2|1,7,9947,52459357,silent,52449410
11,16|9|7|5|3|3|1,7,5813,38404664,silent,38398851
11,16|9|7|5|3|2|2,7,5815,39792073,silent,39786258
11,16|9|7|4|4|3|1,7,4788,30338522,silent,30333734
11,16|9|7|4|4|2|2,7,3771,26105215,silent,26101444
11,16|9|7|4|3|3|2,7,3007,29895301,silent,29892294
11,16|9|7|3|3|3|3,7,212,4863782,silent,4863570
11,16|9|6|6|5|1|1,7,1929,9130076,silent,9128147
11,16|9|6|6|4|2|1,7,5460,29931047,silent,29925587
11,16|9|6|6|3|3|1,7,2944,20691092,silent,20688148
11,16|9|6|6|3|2|2,7,3048,21217164,silent,21214116
11,16|9|6|5|5|2|1,7,3598,22737241,silent,22733643
11,16|9|6|5|4|3|1,7,6039,43800714,silent,43794675
11,16|9|6|5|4|2|2,7,4658,36659918,silent,36655260
11,16|9|6|5|3|3|2,7,3146,34281811,silent,34278665
11,16|9|6|4|4|4|1,7,1863,12322340,silent,12320477
11,16|9|6|4|4|3|2,7,3140,30391389,silent,30388249
11,16|9|6|4|3|3|3,7,644,12581342,silent,12580698
11,16|9|5|5|5|3|1,7,1247,10861491,silent,10860244
11,16|9|5|5|5|2|2,7,836,8515925,silent,8515089
11,16|9|5|5|4|4|1,7,1215,9951403,silent,9950188
11,16|9|5|5|4|3|2,7,2043,23039332,silent,23037289
11,16|9|5|5|3|3|3,7,429,7802364,silent,7801935
11,16|9|5|4|4|4|2,7,988,9093188,silent,9092200
11,16|9|5|4|4|3|3,7,629,9333503,silent,9332874
11,16|9|4|4|4|4|3,7,208,1871676,silent,1871468
11,16|8|8|8|2|1|1,7,379,1170500,silent,1170121
11,16|8|8|7|3|1|1,7,1687,6125468,silent,6123781
11,16|8|8|7|2|2|1,7,1405,5280218,silent,5278813
11,16|8|8|6|4|1|1,7,2563,11039861,silent,11037298
11,16|8|8|6|3|2|1,7,4104,20115506,silent,20111402
11,16|8|8|6|2|2|2,7,1388,6634084,silent,6632696
11,16|8|8|5|5|1|1,7,1381,6114006,silent,6112625
11,16|8|8|5|4|2|1,7,4490,24321798,silent,24317308
11,16|8|8|5|3|3|1,7,2585,17677995,silent,17675410
11,16|8|8|5|3|2|2,7,2577,18286047,silent,18283470
11,16|8|8|4|4|3|1,7,2038,13641991,silent,13639953
11,16|8|8|4|4|2|2,7,1786,11729100,silent,11727314
11,16|8|8|4|3|3|2,7,1236,13313136,silent,13311900
11,16|8|8|3|3|3|3,7,106,2133352,silent,2133246
11,16|8|7|7|4|1|1,7,1746,7563882,silent,7562136
11,16|8|7|7|3|2|1,7,2524,13382163,silent,13379639
11,16|8|7|7|2|2|2,7,697,4333687,silent,4332990
11,16|8|7|6|5|1|1,7,2185,10932500,silent,10930315
11,16|8|7|6|4|2|1,7,5807,34552748,silent,34546941
11,16|8|7|6|3|3|1,7,3180,23561286,silent,23558106
11,16|8|7|6|3|2|2,7,3137,24028549,silent,24025412
11,16|8|7|5|5|2|1,7,3183,21431701,silent,21428518
11,16|8|7|5|4|3|1,7,5154,39946558,silent,39941404
11,16|8|7|5|4|2|2,7,3874,33268963,silent,33265089
11,16|8|7|5|3|3|2,7,2680,30683480,silent,30680800
11,16|8|7|4|4|4|1,7,1435,10437501,silent,10436066
11,16|8|7|4|4|3|2,7,2425,25497994,silent,25495569
11,16|8|7|4|3|3|3,7,521,10379717,silent,10379196
11,16|8|6|6|6|1|1,7,430,2508069,silent,2507639
11,16|8|6|6|5|2|1,7,2408,16509931,silent,16507523
11,16|8|6|6|4|3|1,7,3068,25123737,silent,25120669
11,16|8|6|6|4|2|2,7,2520,20713978,silent,20711458
11,16|8|6|6|3|3|2,7,1445,18014582,silent,18013137
11,16|8|6|5|5|3|1,7,2244,21062896,silent,21060652
11,16|8|6|5|5|2|2,7,1517,16381622,silent,16380105
11,16|8|6|5|4|4|1,7,2067,18040933,silent,18038866
11,16|8|6|5|4|3|2,7,3379,40966253,silent,40962874
11,16|8|6|5|3|3|3,7,651,13369607,silent,13368956
11,16|8|6|4|4|4|2,7,1326,12850987,silent,12849661
11,16|8|6|4|4|3|3,7,742,12966420,silent,12965678
11,16|8|5|5|5|4|1,7,504,5985760,silent,5985256
11,16|8|5|5|5|3|2,7,721,10902124,silent,10901403
11,16|8|5|5|4|4|2,7,781,10893685,silent,10892904
11,16|8|5|5|4|3|3,7,589,10427032,silent,10426443
11,16|8|5|4|4|4|3,7,420,5359093,silent,5358673
11,16|8|4|4|4|4|4,7,94,515756,silent,515662
11,16|7|7|7|5|1|1,7,414,2302620,silent,2302206
11,16|7|7|7|4|2|1,7,993,6716952,silent,6715959
11,16|7|7|7|3|3|1,7,559,4461855,silent,4461296
11,16|7|7|7|3|2|2,7,506,4504583,silent,4504077
11,16|7|7|6|6|1|1,7,342,1819523,silent,1819181
11,16|7|7|6|5|2|1,7,1495,11126575,silent,11125080
11,16|7|7|6|4|3|1,7,1908,16470394,silent,16468486
11,16|7|7|6|4|2|2,7,1348,13499859,silent,13498511
11,16|7|7|6|3|3|2,7,953,11639422,silent,11638469
11,16|7|7|5|5|3|1,7,1145,11457116,silent,11455971
11,16|7|7|5|5|2|2,7,834,8880198,silent,8879364
11,16|7|7|5|4|4|1,7,1007,9574189,silent,9573182
11,16|7|7|5|4|3|2,7,1665,21580021,silent,21578356
11,16|7|7|5|3|3|3,7,331,6949263,silent,6948932
11,16|7|7|4|4|4|2,7,514,6332334,silent,6331820
11,16|7|7|4|4|3|3,7,396,6369912,silent,6369516
11,16|7|6|6|6|2|1,7,454,3363082,silent,3362628
11,16|7|6|6|5|3|1,7,1119,11256559,silent,11255440
11,16|7|6|6|5|2|2,7,814,8633012,silent,8632198
11,16|7|6|6|4|4|1,7,827,7818931,silent,7818104
11,16|7|6|6|4|3|2,7,1309,17127306,silent,17125997
11,16|7|6|6|3|3|3,7,217,5162694,silent,5162477
11,16|7|6|5|5|4|1,7,687,8496691,silent,8496004
11,16|7|6|5|5|3|2,7,953,15209951,silent,15208998
11,16|7|6|5|4|4|2,7,1037,14271606,silent,14270569
11,16|7|6|5|4|3|3,7,670,13445593,silent,13444923
11,16|7|6|4|4|4|3,7,395,5542510,silent,5542115
11,16|7|5|5|5|5|1,7,74,1262549,silent,1262475
11,16|7|5|5|5|4|2,7,265,5320226,silent,5319961
11,16|7|5|5|5|3|3,7,172,4099419,silent,4099247
11,16|7|5|5|4|4|3,7,265,5188664,silent,5188399
11,16|7|5|4|4|4|4,7,95,1177658,silent,1177563
11,16|6|6|6|6|3|1,7,127,1319171,silent,1319044
11,16|6|6|6|6|2|2,7,134,987568,silent,987434
11,16|6|6|6|5|4|1,7,220,2591741,silent,2591521
11,16|6|6|6|5|3|2,7,281,4487310,silent,4487029
11,16|6|6|6|4|4|2,7,301,3450870,silent,3450569
11,16|6|6|6|4|3|3,7,123,3146570,silent,3146447
11,16|6|6|5|5|5|1,7,49,1006128,silent,1006079
11,16|6|6|5|5|4|2,7,187,4122770,silent,4122583
11,16|6|6|5|5|3|3,7,135,3140443,silent,3140308
11,16|6|6|5|4|4|3,7,200,3763261,silent,3763061
11,16|6|6|4|4|4|4,7,83,696177,silent,696094
11,16|6|5|5|5|5|2,7,32,837429,silent,837397
11,16|6|5|5|5|4|3,7,62,1878621,silent,1878559
11,16|6|5|5|4|4|4,7,30,837225,silent,837195
11,16|5|5|5|5|5|3,7,6,175746,silent,175740
11,16|5|5|5|5|4|4,7,5,178613,silent,178608
11,15|15|10|1|1|1|1,7,9,15732,silent,15723
11,15|15|9|2|1|1|1,7,104,102327,silent,102223
11,15|15|8|3|1|1|1,7,248,296795,silent,296547
11,15|15|8|2|2|1|1,7,283,262141,silent,261858
11,15|15|7|4|1|1|1,7,379,476534,silent,476155
11,15|15|7|3|2|1|1,7,677,847293,silent,846616
11,15|15|7|2|2|2|1,7,317,330424,silent,330107
11,15|15|6|5|1|1|1,7,287,392862,silent,392575
11,15|15|6|4|2|1|1,7,867,1190009,silent,1189142
11,15|15|6|3|3|1|1,7,447,788810,silent,788363
11,15|15|6|3|2|2|1,7,681,970953,silent,970272
11,15|15|6|2|2|2|2,7,147,189588,silent,189441
11,15|15|5|5|2|1|1,7,386,589841,silent,589455
11,15|15|5|4|3|1|1,7,583,1019501,silent,1018918
11,15|15|5|4|2|2|1,7,638,1025117,silent,1024479
11,15|15|5|3|3|2|1,7,416,919113,silent,918697
11,15|15|5|3|2|2|2,7,262,452715,silent,452453
11,15|15|4|4|4|1|1,7,145,228869,silent,228724
11,15|15|4|4|3|2|1,7,316,673279,silent,672963
11,15|15|4|4|2|2|2,7,132,271067,silent,270935
11,15|15|4|3|3|3|1,7,59,275628,silent,275569
11,15|15|4|3|3|2|2,7,114,328662,silent,328548
11,15|15|3|3|3|3|2,7,4,67637,silent,67633
11,15|14|11|1|1|1|1,7,21,23837,silent,23816
11,15|14|10|2|1|1|1,7,171,183740,silent,183569
11,15|14|9|3|1|1|1,7,525,637521,silent,636996
11,15|14|9|2|2|1|1,7,521,558285,silent,557764
11,15|14|8|4|1|1|1,7,900,1251389,silent,1250489
11,15|14|8|3|2|1|1,7,1574,2178011,silent,2176437
11,15|14|8|2|2|2|1,7,715,839618,silent,838903
11,15|14|7|5|1|1|1,7,954,1421242,silent,1420288
11,15|14|7|4|2|1|1,7,2460,3918563,silent,3916103
11,15|14|7|3|3|1|1,7,1342,2511828,silent,2510486
11,15|14|7|3|2|2|1,7,1828,3056861,silent,3055033
11,15|14|7|2|2|2|2,7,414,584068,silent,583654
11,15|14|6|6|1|1|1,7,385,642726,silent,642341
11,15|14|6|5|2|1|1,7,1944,3399995,silent,3398051
11,15|14|6|4|3|1|1,7,2239,4605323,silent,4603084
11,15|14|6|4|2|2|1,7,2387,4551160,silent,4548773
11,15|14|6|3|3|2|1,7,1482,3782338,silent,3780856
11,15|14|6|3|2|2|2,7,854,1823911,silent,1823057
11,15|14|5|5|3|1|1,7,1158,2477530,silent,2476372
11,15|14|5|5|2|2|1,7,1080,2308809,silent,2307729
11,15|14|5|4|4|1|1,7,860,1904695,silent,1903835
11,15|14|5|4|3|2|1,7,1946,5139488,silent,5137542
11,15|14|5|4|2|2|2,7,818,1987645,silent,1986827
11,15|14|5|3|3|3|1,7,378,1649101,silent,1648723
11,15|14|5|3|3|2|2,7,507,1927540,silent,1927033
11,15|14|4|4|4|2|1,7,501,1270415,silent,1269914
11,15|14|4|4|3|3|1,7,324,1306848,silent,1306524
11,15|14|4|4|3|2|2,7,426,1449911,silent,1449485
11,15|14|4|3|3|3|2,7,87,762409,silent,762322
11,15|14|3|3|3|3|3,7,2,77233,silent,77231
11,15|13|12|1|1|1|1,7,14,17540,silent,17526
11,15|13|11|2|1|1|1,7,171,180866,silent,180695
11,15|13|10|3|1|1|1,7,603,777861,silent,777258
11,15|13|10|2|2|1|1,7,609,679174,silent,678565
11,15|13|9|4|1|1|1,7,1292,1879360,silent,1878068
11,15|13|9|3|2|1|1,7,2167,3226455,silent,3224288
11,15|13|9|2|2|2|1,7,937,1232161,silent,1231224
11,15|13|8|5|1|1|1,7,1667,2732544,silent,2730877
11,15|13|8|4|2|1|1,7,4127,7212741,silent,7208614
11,15|13|8|3|3|1|1,7,2186,4538245,silent,4536059
11,15|13|8|3|2|2|1,7,2944,5490524,silent,5487580
11,15|13|8|2|2|2|2,7,611,1032534,silent,1031923
11,15|13|7|6|1|1|1,7,1220,2141561,silent,2140341
11,15|13|7|5|2|1|1,7,4425,8709764,silent,8705339
11,15|13|7|4|3|1|1,7,4707,10826895,silent,10822188
11,15|13|7|4|2|2|1,7,4762,10578854,silent,10574092
11,15|13|7|3|3|2|1,7,2970,8501057,silent,8498087
11,15|13|7|3|2|2|2,7,1588,4042561,silent,4040973
11,15|13|6|6|2|1|1,7,1935,4054663,silent,4052728
11,15|13|6|5|3|1|1,7,4097,10360090,silent,10355993
11,15|13|6|5|2|2|1,7,3827,9495621,silent,9491794
11,15|13|6|4|4|1|1,7,2487,6397642,silent,6395155
11,15|13|6|4|3|2|1,7,5366,16567532,silent,16562166
11,15|13|6|4|2|2|2,7,2110,6266914,silent,6264804
11,15|13|6|3|3|3|1,7,997,4873598,silent,4872601
11,15|13|6|3|3|2|2,7,1331,5644666,silent,5643335
11,15|13|5|5|4|1|1,7,1530,4320585,silent,4319055
11,15|13|5|5|3|2|1,7,2716,9129568,silent,9126852
11,15|13|5|5|2|2|2,7,952,3233979,silent,3233027
11,15|13|5|4|4|2|1,7,2302,7625678,silent,7623376
11,15|13|5|4|3|3|1,7,1575,7292272,silent,7290697
11,15|13|5|4|3|2|2,7,1797,7928244,silent,7926447
11,15|13|5|3|3|3|2,7,378,3274359,silent,3273981
11,15|13|4|4|4|3|1,7,581,2319127,silent,2318546
11,15|13|4|4|4|2|2,7,493,2064183,silent,2063690
11,15|13|4|4|3|3|2,7,366,2662763,silent,2662397
11,15|13|4|3|3|3|3,7,21,634457,silent,634436
11,15|12|12|2|1|1|1,7,65,74948,silent,74883
11,15|12|11|3|1|1|1,7,415,541248,silent,540833
11,15|12|11|2|2|1|1,7,400,471280,silent,470880
11,15|12|10|4|1|1|1,7,1134,1764255,silent,1763121
11,15|12|10|3|2|1|1,7,1913,3010208,silent,3008295
11,15|12|10|2|2|2|1,7,828,1146181,silent,1145353
11,15|12|9|5|1|1|1,7,1929,3330756,silent,3328827
11,15|12|9|4|2|1|1,7,4562,8590001,silent,8585439
11,15|12|9|3|3|1|1,7,2448,5352776,silent,5350328
11,15|12|9|3|2|2|1,7,3176,6449927,silent,6446751
11,15|12|9|2|2|2|2,7,657,1203182,silent,1202525
11,15|12|8|6|1|1|1,7,1901,3669493,silent,3667592
11,15|12|8|5|2|1|1,7,6304,13594984,silent,13588680
11,15|12|8|4|3|1|1,7,6442,16248219,silent,16241777
11,15|12|8|4|2|2|1,7,6453,15786641,silent,15780188
11,15|12|8|3|3|2|1,7,3991,12460750,silent,12456759
11,15|12|8|3|2|2|2,7,2080,5885212,silent,5883132
11,15|12|7|7|1|1|1,7,858,1646974,silent,1646116
11,15|12|7|6|2|1|1,7,4738,11108288,silent,11103550
11,15|12|7|5|3|1|1,7,7848,22042904,silent,22035056
11,15|12|7|5|2|2|1,7,7048,19992135,silent,19985087
11,15|12|7|4|4|1|1,7,4304,12645653,silent,12641349
11,15|12|7|4|3|2|1,7,9186,32042636,silent,32033450
11,15|12|7|4|2|2|2,7,3478,11965430,silent,11961952
11,15|12|7|3|3|3|1,7,1742,9056904,silent,9055162
11,15|12|7|3|3|2|2,7,2151,10422534,silent,10420383
11,15|12|6|6|3|1|1,7,3542,10734269,silent,10730727
11,15|12|6|6|2|2|1,7,3228,9523037,silent,9519809
11,15|12|6|5|4|1|1,7,4792,15668821,silent,15664029
11,15|12|6|5|3|2|1,7,8246,31820568,silent,31812322
11,15|12|6|5|2|2|2,7,2826,11045070,silent,11042244
11,15|12|6|4|4|2|1,7,5489,21340384,silent,21334895
11,15|12|6|4|3|3|1,7,3711,19719700,silent,19715989
11,15|12|6|4|3|2|2,7,4155,21230369,silent,21226214
11,15|12|6|3|3|3|2,7,858,8042325,silent,8041467
11,15|12|5|5|5|1|1,7,887,3230989,silent,3230102
11,15|12|5|5|4|2|1,7,3362,14787981,silent,14784619
11,15|12|5|5|3|3|1,7,2049,11352688,silent,11350639
11,15|12|5|5|3|2|2,7,2049,11919794,silent,11917745
11,15|12|5|4|4|3|1,7,2293,11898870,silent,11896577
11,15|12|5|4|4|2|2,7,1915,10389214,silent,10387299
11,15|12|5|4|3|3|2,7,1458,12463575,silent,12462117
11,15|12|5|3|3|3|3,7,111,2302649,silent,2302538
11,15|12|4|4|4|4|1,7,367,1600669,silent,1600302
11,15|12|4|4|4|3|2,7,605,4178952,silent,4178347
11,15|12|4|4|3|3|3,7,101,1948147,silent,1948046
11,15|11|11|4|1|1|1,7,483,730998,silent,730515
11,15|11|11|3|2|1|1,7,779,1240794,silent,1240015
11,15|11|11|2|2|2|1,7,317,469831,silent,469514
11,15|11|10|5|1|1|1,7,1295,2342403,silent,2341108
11,15|11|10|4|2|1|1,7,3047,5974705,silent,5971658
11,15|11|10|3|3|1|1,7,1613,3703717,silent,3702104
11,15|11|10|3|2|2|1,7,2094,4454929,silent,4452835
11,15|11|10|2|2|2|2,7,418,826879,silent,826461
11,15|11|9|6|1|1|1,7,1876,3731422,silent,3729546
11,15|11|9|5|2|1|1,7,5801,13243900,silent,13238099
11,15|11|9|4|3|1|1,7,5832,15524531,silent,15518699
11,15|11|9|4|2|2|1,7,5678,15020567,silent,15014889
11,15|11|9|3|3|2|1,7,3550,11753700,silent,11750150
11,15|11|9|3|2|2|2,7,1773,5521261,silent,5519488
11,15|11|8|7|1|1|1,7,1423,3021653,silent,3020230
11,15|11|8|6|2|1|1,7,6235,15792272,silent,15786037
11,15|11|8|5|3|1|1,7,9415,28695247,silent,28685832
11,15|11|8|5|2|2|1,7,8387,25881495,silent,25873108
11,15|11|8|4|4|1|1,7,5024,15947348,silent,15942324
11,15|11|8|4|3|2|1,7,10541,39926370,silent,39915829
11,15|11|8|4|2|2|2,7,3882,14801428,silent,14797546
11,15|11|8|3|3|3|1,7,1987,11054408,silent,11052421
11,15|11|8|3|3|2|2,7,2442,12680026,silent,12677584
11,15|11|7|7|2|1|1,7,2761,7313343,silent,7310582
11,15|11|7|6|3|1|1,7,7611,25137685,silent,25130074
11,15|11|7|6|2|2|1,7,6526,22053733,silent,22047207
11,15|11|7|5|4|1|1,7,7957,28875186,silent,28867229
11,15|11|7|5|3|2|1,7,13339,57408800,silent,57395461
11,15|11|7|5|2|2|2,7,4353,19672491,silent,19668138
11,15|11|7|4|4|2|1,7,8111,35799618,silent,35791507
11,15|11|7|4|3|3|1,7,5607,32526340,silent,32520733
11,15|11|7|4|3|2|2,7,5998,34791457,silent,34785459
11,15|11|7|3|3|3|2,7,1298,12682259,silent,12680961
11,15|11|6|6|4|1|1,7,3982,15386590,silent,15382608
11,15|11|6|6|3|2|1,7,6363,28711509,silent,28705146
11,15|11|6|6|2|2|2,7,2077,9584221,silent,9582144
11,15|11|6|5|5|1|1,7,2598,11056042,silent,11053444
11,15|11|6|5|4|2|1,7,9266,46262968,silent,46253702
11,15|11|6|5|3|3|1,7,5416,34328441,silent,34323025
11,15|11|6|5|3|2|2,7,5532,35719523,silent,35713991
11,15|11|6|4|4|3|1,7,4816,28930708,silent,28925892
11,15|11|6|4|4|2|2,7,3903,25003329,silent,24999426
11,15|11|6|4|3|3|2,7,3030,29011286,silent,29008256
11,15|11|6|3|3|3|3,7,215,4888886,silent,4888671
11,15|11|5|5|5|2|1,7,1690,10078232,silent,10076542
11,15|11|5|5|4|3|1,7,3103,20990470,silent,20987367
11,15|11|5|5|4|2|2,7,2356,17697926,silent,17695570
11,15|11|5|5|3|3|2,7,1685,17068606,silent,17066921
11,15|11|5|4|4|4|1,7,1218,7434242,silent,7433024
11,15|11|5|4|4|3|2,7,2087,18670693,silent,18668606
11,15|11|5|4|3|3|3,7,447,8010199,silent,8009752
11,15|11|4|4|4|4|2,7,395,2803887,silent,2803492
11,15|11|4|4|4|3|3,7,230,2961299,silent,2961069
11,15|10|10|6|1|1|1,7,741,1592806,silent,1592065
11,15|10|10|5|2|1|1,7,2338,5568488,silent,5566150
11,15|10|10|4|3|1|1,7,2328,6475202,silent,6472874
11,15|10|10|4|2|2|1,7,2327,6263466,silent,6261139
11,15|10|10|3|3|2|1,7,1423,4877194,silent,4875771
11,15|10|10|3|2|2|2,7,737,2291511,silent,2290774
11,15|10|9|7|1|1|1,7,1134,2490497,silent,2489363
11,15|10|9|6|2|1|1,7,4496,11964377,silent,11959881
11,15|10|9|5|3|1|1,7,6575,20964966,silent,20958391
11,15|10|9|5|2|2|1,7,5770,18848690,silent,18842920
11,15|10|9|4|4|1|1,7,3422,11483996,silent,11480574
11,15|10|9|4|3|2|1,7,7165,28576795,silent,28569630
11,15|10|9|4|2|2|2,7,2603,10552430,silent,10549827
11,15|10|9|3|3|3|1,7,1371,7834060,silent,7832689
11,15|10|9|3|3|2|2,7,1630,8967214,silent,8965584
11,15|10|8|8|1|1|1,7,511,1234339,silent,1233828
11,15|10|8|7|2|1|1,7,3789,10776053,silent,10772264
11,15|10|8|6|3|1|1,7,8169,28951285,silent,28943116
11,15|10|8|6|2|2|1,7,7022,25278589,silent,25271567
11,15|10|8|5|4|1|1,7,7906,30737897,silent,30729991
11,15|10|8|5|3|2|1,7,13152,60452209,silent,60439057
11,15|10|8|5|2|2|2,7,4283,20591505,silent,20587222
11,15|10|8|4|4|2|1,7,7729,36570658,silent,36562929
11,15|10|8|4|3|3|1,7,5299,32916165,silent,32910866
11,15|10|8|4|3|2|2,7,5666,35104039,silent,35098373
11,15|10|8|3|3|3|2,7,1206,12543636,silent,12542430
11,15|10|7|7|3|1|1,7,3870,14193401,silent,14189531
11,15|10|7|7|2|2|1,7,3121,12230710,silent,12227589
11,15|10|7|6|4|1|1,7,7265,30789556,silent,30782291
11,15|10|7|6|3|2|1,7,11272,56282951,silent,56271679
11,15|10|7|6|2|2|2,7,3501,18553745,silent,18550244
11,15|10|7|5|5|1|1,7,3869,17842127,silent,17838258
11,15|10|7|5|4|2|1,7,12962,71620525,silent,71607563
11,15|10|7|5|3|3|1,7,7610,52272646,silent,52265036
11,15|10|7|5|3|2|2,7,7527,54070675,silent,54063148
11,15|10|7|4|4|3|1,7,6124,41028870,silent,41022746
11,15|10|7|4|4|2|2,7,4907,35249919,silent,35245012
11,15|10|7|4|3|3|2,7,3869,40235759,silent,40231890
11,15|10|7|3|3|3|3,7,303,6505580,silent,6505277
11,15|10|6|6|5|1|1,7,2442,12125758,silent,12123316
11,15|10|6|6|4|2|1,7,6861,39495594,silent,39488733
11,15|10|6|6|3|3|1,7,3709,27224581,silent,27220872
11,15|10|6|6|3|2|2,7,3818,27866432,silent,27862614
11,15|10|6|5|5|2|1,7,4504,29685354,silent,29680850
11,15|10|6|5|4|3|1,7,7482,56879164,silent,56871682
11,15|10|6|5|4|2|2,7,5751,47524589,silent,47518838
11,15|10|6|5|3|3|2,7,3914,44312510,silent,44308596
11,15|10|6|4|4|4|1,7,2250,15873242,silent,15870992
11,15|10|6|4|4|3|2,7,3819,39035432,silent,39031613
11,15|10|6|4|3|3|3,7,807,16099513,silent,16098706
11,15|10|5|5|5|3|1,7,1536,13794830,silent,13793294
11,15|10|5|5|5|2|2,7,1005,10797300,silent,10796295
11,15|10|5|5|4|4|1,7,1458,12589865,silent,12588407
11,15|10|5|5|4|3|2,7,2464,29061438,silent,29058974
11,15|10|5|5|3|3|3,7,533,9804613,silent,9804080
11,15|10|5|4|4|4|2,7,1168,11381869,silent,11380701
11,15|10|5|4|4|3|3,7,731,11656163,silent,11655432
11,15|10|4|4|4|4|3,7,233,2304244,silent,2304011
11,15|9|9|8|1|1|1,7,330,747289,silent,746959
11,15|9|9|7|2|1|1,7,1793,5219190,silent,5217397
11,15|9|9|6|3|1|1,7,3616,13055212,silent,13051596
11,15|9|9|6|2|2|1,7,2973,11356690,silent,11353717
11,15|9|9|5|4|1|1,7,3366,13472896,silent,13469530
11,15|9|9|5|3|2|1,7,5520,26358961,silent,26353441
11,15|9|9|5|2|2|2,7,1714,8939380,silent,8937666
11,15|9|9|4|4|2|1,7,3162,15751486,silent,15748324
11,15|9|9|4|3|3|1,7,2241,14133398,silent,14131157
11,15|9|9|4|3|2|2,7,2298,15037039,silent,15034741
11,15|9|9|3|3|3|2,7,526,5338021,silent,5337495
11,15|9|8|8|2|1|1,7,1065,3267185,silent,3266120
11,15|9|8|7|3|1|1,7,3977,15436965,silent,15432988
11,15|9|8|7|2|2|1,7,3261,13250980,silent,13247719
11,15|9|8|6|4|1|1,7,5976,26593692,silent,26587716
11,15|9|8|6|3|2|1,7,9176,48140566,silent,48131390
11,15|9|8|6|2|2|2,7,2817,15779738,silent,15776921
11,15|9|8|5|5|1|1,7,2968,14446535,silent,14443567
11,15|9|8|5|4|2|1,7,9785,56907486,silent,56897701
11,15|9|8|5|3|3|1,7,5704,41195543,silent,41189839
11,15|9|8|5|3|2|2,7,5640,42496556,silent,42490916
11,15|9|8|4|4|3|1,7,4444,31444866,silent,31440422
11,15|9|8|4|4|2|2,7,3520,26935599,silent,26932079
11,15|9|8|4|3|3|2,7,2802,30497325,silent,30494523
11,15|9|8|3|3|3|3,7,214,4836119,silent,4835905
11,15|9|7|7|4|1|1,7,3118,14603689,silent,14600571
11,15|9|7|7|3|2|1,7,4578,25694982,silent,25690404
11,15|9|7|7|2|2|2,7,1305,8291032,silent,8289727
11,15|9|7|6|5|1|1,7,3841,20264348,silent,20260507
11,15|9|7|6|4|2|1,7,9982,63412569,silent,63402587
11,15|9|7|6|3|3|1,7,5537,43057662,silent,43052125
11,15|9|7|6|3|2|2,7,5342,43798865,silent,43793523
11,15|9|7|5|5|2|1,7,5435,38619502,silent,38614067
11,15|9|7|5|4|3|1,7,8644,71379364,silent,71370720
11,15|9|7|5|4|2|2,7,6488,59306834,silent,59300346
11,15|9|7|5|3|3|2,7,4529,54465590,silent,54461061
11,15|9|7|4|4|4|1,7,2297,18402737,silent,18400440
11,15|9|7|4|4|3|2,7,3958,44779599,silent,44775641
11,15|9|7|4|3|3|3,7,900,18133051,silent,18132151
11,15|9|6|6|6|1|1,7,742,4268620,silent,4267878
11,15|9|6|6|5|2|1,7,3775,27609364,silent,27605589
11,15|9|6|6|4|3|1,7,4815,41670147,silent,41665332
11,15|9|6|6|4|2|2,7,3701,34250050,silent,34246349
11,15|9|6|6|3|3|2,7,2342,29692172,silent,29689830
11,15|9|6|5|5|3|1,7,3460,34298807,silent,34295347
11,15|9|6|5|5|2|2,7,2408,26622730,silent,26620322
11,15|9|6|5|4|4|1,7,3095,29184435,silent,29181340
11,15|9|6|5|4|3|2,7,5107,66009696,silent,66004589
11,15|9|6|5|3|3|3,7,1006,21427198,silent,21426192
11,15|9|6|4|4|4|2,7,1807,20423523,silent,20421716
11,15|9|6|4|4|3|3,7,1163,20572311,silent,20571148
11,15|9|5|5|5|4|1,7,754,9297181,silent,9296427
11,15|9|5|5|5|3|2,7,1062,16864038,silent,16862976
11,15|9|5|5|4|4|2,7,1166,16751333,silent,16750167
11,15|9|5|5|4|3|3,7,822,15977564,silent,15976742
11,15|9|5|4|4|4|3,7,564,8108180,silent,8107616
11,15|9|4|4|4|4|4,7,87,757142,silent,757055
11,15|8|8|8|3|1|1,7,642,2706513,silent,2705871
11,15|8|8|8|2|2|1,7,570,2312716,silent,2312146
11,15|8|8|7|4|1|1,7,1887,9138102,silent,9136215
11,15|8|8|7|3|2|1,7,2800,15964990,silent,15962190
11,15|8|8|7|2|2|2,7,850,5140271,silent,5139421
11,15|8|8|6|5|1|1,7,1884,10355498,silent,10353614
11,15|8|8|6|4|2|1,7,4929,31924356,silent,31919427
11,15|8|8|6|3|3|1,7,2640,21520134,silent,21517494
11,15|8|8|6|3|2|2,7,2646,21860506,silent,21857860
11,15|8|8|5|5|2|1,7,2511,18364383,silent,18361872
11,15|8|8|5|4|3|1,7,3930,33463945,silent,33460015
11,15|8|8|5|4|2|2,7,3004,27754803,silent,27751799
11,15|8|8|5|3|3|2,7,2001,25296463,silent,25294462
11,15|8|8|4|4|4|1,7,1040,8396622,silent,8395582
11,15|8|8|4|4|3|2,7,1756,20324519,silent,20322763
11,15|8|8|4|3|3|3,7,372,8155489,silent,8155117
11,15|8|7|7|5|1|1,7,1347,7682416,silent,7681069
11,15|8|7|7|4|2|1,7,3110,22088794,silent,22085684
11,15|8|7|7|3|3|1,7,1733,14558851,silent,14557118
11,15|8|7|7|3|2|2,7,1570,14669185,silent,14667615
11,15|8|7|6|6|1|1,7,915,5630537,silent,5629622
11,15|8|7|6|5|2|1,7,4248,33545206,silent,33540958
11,15|8|7|6|4|3|1,7,5258,48991085,silent,48985827
11,15|8|7|6|4|2|2,7,3925,40058968,silent,40055043
11,15|8|7|6|3|3|2,7,2553,34262376,silent,34259823
11,15|8|7|5|5|3|1,7,3142,32920733,silent,32917591
11,15|8|7|5|5|2|2,7,2140,25430167,silent,25428027
11,15|8|7|5|4|4|1,7,2665,27234620,silent,27231955
11,15|8|7|5|4|3|2,7,4401,61009819,silent,61005418
11,15|8|7|5|3|3|3,7,890,19472068,silent,19471178
11,15|8|7|4|4|4|2,7,1410,17532546,silent,17531136
11,15|8|7|4|4|3|3,7,920,17526958,silent,17526038
11,15|8|6|6|6|2|1,7,985,7947784,silent,7946799
11,15|8|6|6|5|3|1,7,2382,25944952,silent,25942570
11,15|8|6|6|5|2|2,7,1733,19832766,silent,19831033
11,15|8|6|6|4|4|1,7,1727,17829327,silent,17827600
11,15|8|6|6|4|3|2,7,2727,38831695,silent,38828968
11,15|8|6|6|3|3|3,7,459,11608822,silent,11608363
11,15|8|6|5|5|4|1,7,1424,18720136,silent,18718712
11,15|8|6|5|5|3|2,7,1960,33317346,silent,33315386
11,15|8|6|5|4|4|2,7,2061,30940997,silent,30938936
11,15|8|6|5|4|3|3,7,1343,29020243,silent,29018900
11,15|8|6|4|4|4|3,7,737,11703653,silent,11702916
11,15|8|5|5|5|5|1,7,145,2532533,silent,2532388
11,15|8|5|5|5|4|2,7,485,10575920,silent,10575435
11,15|8|5|5|5|3|3,7,335,8115185,silent,8114850
11,15|8|5|5|4|4|3,7,477,10169744,silent,10169267
11,15|8|5|4|4|4|4,7,175,2254549,silent,2254374
11,15|7|7|7|6|1|1,7,228,1526491,silent,1526263
11,15|7|7|7|5|2|1,7,804,7173368,silent,7172564
11,15|7|7|7|4|3|1,7,940,9736886,silent,9735946
11,15|7|7|7|4|2|2,7,643,7886940,silent,7886297
11,15|7|7|7|3|3|2,7,462,6576713,silent,6576251
11,15|7|7|6|6|2|1,7,636,5804283,silent,5803647
11,15|7|7|6|5|3|1,7,1540,17711338,silent,17709798
11,15|7|7|6|5|2|2,7,1033,13472828,silent,13471795
11,15|7|7|6|4|4|1,7,1013,11870021,silent,11869008
11,15|7|7|6|4|3|2,7,1652,25667039,silent,25665387
11,15|7|7|6|3|3|3,7,331,7578486,silent,7578155
11,15|7|7|5|5|4|1,7,754,10352522,silent,10351768
11,15|7|7|5|5|3|2,7,1042,18282873,silent,18281831
11,15|7|7|5|4|4|2,7,986,16559154,silent,16558168
11,15|7|7|5|4|3|3,7,692,15448019,silent,15447327
11,15|7|7|4|4|4|3,7,322,5833980,silent,5833658
11,15|7|6|6|6|3|1,7,484,5614751,silent,5614267
11,15|7|6|6|6|2|2,7,348,4162788,silent,4162440
11,15|7|6|6|5|4|1,7,775,10583646,silent,10582871
11,15|7|6|6|5|3|2,7,1029,18175808,silent,18174779
11,15|7|6|6|4|4|2,7,852,13685766,silent,13684914
11,15|7|6|6|4|3|3,7,519,12443869,silent,12443350
11,15|7|6|5|5|5|1,7,192,3772589,silent,3772397
11,15|7|6|5|5|4|2,7,698,15223445,silent,15222747
11,15|7|6|5|5|3|3,7,420,11506481,silent,11506061
11,15|7|6|5|4|4|3,7,616,13539022,silent,13538406
11,15|7|6|4|4|4|4,7,162,2383027,silent,2382865
11,15|7|5|5|5|5|2,7,79,2391320,silent,2391241
11,15|7|5|5|5|4|3,7,164,5301045,silent,5300881
11,15|7|5|5|4|4|4,7,93,2315193,silent,2315100
11,15|6|6|6|6|4|1,7,118,1377632,silent,1377514
11,15|6|6|6|6|3|2,7,139,2187316,silent,2187177
11,15|6|6|6|5|5|1,7,60,1261492,silent,1261432
11,15|6|6|6|5|4|2,7,241,4720446,silent,4720205
11,15|6|6|6|5|3|3,7,108,3463151,silent,3463043
11,15|6|6|6|4|4|3,7,164,3336981,silent,3336817
11,15|6|6|5|5|5|2,7,46,1923165,silent,1923119
11,15|6|6|5|5|4|3,7,126,4158966,silent,4158840
11,15|6|6|5|4|4|4,7,84,1709887,silent,1709803
11,15|6|5|5|5|5|3,7,23,936069,silent,936046
11,15|6|5|5|5|4|4,7,16,935431,silent,935415
11,15|5|5|5|5|5|4,7,5,115762,silent,115757
11,14|14|12|1|1|1|1,7,10,7631,silent,7621
11,14|14|11|2|1|1|1,7,65,72132,silent,72067
11,14|14|10|3|1|1|1,7,242,300639,silent,300397
11,14|14|10|2|2|1|1,7,208,261650,silent,261442
11,14|14|9|4|1|1|1,7,478,712637,silent,712159
11,14|14|9|3|2|1|1,7,819,1223700,silent,1222881
11,14|14|9|2|2|2|1,7,359,467803,silent,467444
11,14|14|8|5|1|1|1,7,634,1026559,silent,1025925
11,14|14|8|4|2|1|1,7,1492,2705175,silent,2703683
11,14|14|8|3|3|1|1,7,861,1703534,silent,1702673
11,14|14|8|3|2|2|1,7,1089,2059587,silent,2058498
11,14|14|8|2|2|2|2,7,269,389248,silent,388979
11,14|14|7|6|1|1|1,7,446,800107,silent,799661
11,14|14|7|5|2|1|1,7,1658,3250232,silent,3248574
11,14|14|7|4|3|1|1,7,1737,4034982,silent,4033245
11,14|14|7|4|2|2|1,7,1774,3943292,silent,3941518
11,14|14|7|3|3|2|1,7,1096,3165402,silent,3164306
11,14|14|7|3|2|2|2,7,580,1505329,silent,1504749
11,14|14|6|6|2|1|1,7,674,1507222,silent,1506548
11,14|14|6|5|3|1|1,7,1531,3849170,silent,3847639
11,14|14|6|5|2|2|1,7,1412,3527084,silent,3525672
11,14|14|6|4|4|1|1,7,858,2372427,silent,2371569
11,14|14|6|4|3|2|1,7,1979,6146432,silent,6144453
11,14|14|6|4|2|2|2,7,841,2328158,silent,2327317
11,14|14|6|3|3|3|1,7,385,1806643,silent,1806258
11,14|14|6|3|3|2|2,7,450,2089326,silent,2088876
11,14|14|5|5|4|1|1,7,595,1602048,silent,1601453
11,14|14|5|5|3|2|1,7,997,3380870,silent,3379873
11,14|14|5|5|2|2|2,7,313,1195421,silent,1195108
11,14|14|5|4|4|2|1,7,850,2822351,silent,2821501
11,14|14|5|4|3|3|1,7,576,2696750,silent,2696174
11,14|14|5|4|3|2|2,7,661,2931830,silent,2931169
11,14|14|5|3|3|3|2,7,147,1209760,silent,1209613
11,14|14|4|4|4|3|1,7,195,856144,silent,855949
11,14|14|4|4|4|2|2,7,225,764814,silent,764589
11,14|14|4|4|3|3|2,7,115,981117,silent,981002
11,14|14|4|3|3|3|3,7,14,234392,silent,234378
11,14|13|13|1|1|1|1,7,2,4197,silent,4195
11,14|13|12|2|1|1|1,7,61,68426,silent,68365
11,14|13|11|3|1|1|1,7,291,385313,silent,385022
11,14|13|11|2|2|1|1,7,289,335379,silent,335090
11,14|13|10|4|1|1|1,7,742,1151678,silent,1150936
11,14|13|10|3|2|1|1,7,1232,1961122,silent,1959890
11,14|13|10|2|2|2|1,7,526,745292,silent,744766
11,14|13|9|5|1|1|1,7,1194,2087828,silent,2086634
11,14|13|9|4|2|1|1,7,2829,5371290,silent,5368461
11,14|13|9|3|3|1|1,7,1501,3342449,silent,3340948
11,14|13|9|3|2|2|1,7,1949,4024685,silent,4022736
11,14|13|9|2|2|2|2,7,388,748858,silent,748470
11,14|13|8|6|1|1|1,7,1164,2255265,silent,2254101
11,14|13|8|5|2|1|1,7,3814,8322111,silent,8318297
11,14|13|8|4|3|1|1,7,3893,9926114,silent,9922221
11,14|13|8|4|2|2|1,7,3869,9636073,silent,9632204
11,14|13|8|3|3|2|1,7,2405,7598521,silent,7596116
11,14|13|8|3|2|2|2,7,1239,3584363,silent,3583124
11,14|13|7|7|1|1|1,7,516,1003369,silent,1002853
11,14|13|7|6|2|1|1,7,2840,6729320,silent,6726480
11,14|13|7|5|3|1|1,7,4672,13307857,silent,13303185
11,14|13|7|5|2|2|1,7,4190,12061696,silent,12057506
11,14|13|7|4|4|1|1,7,2575,7623829,silent,7621254
11,14|13|7|4|3|2|1,7,5454,19294543,silent,19289089
11,14|13|7|4|2|2|2,7,2041,7196751,silent,7194710
11,14|13|7|3|3|3|1,7,1039,5446115,silent,5445076
11,14|13|7|3|3|2|2,7,1289,6264354,silent,6263065
11,14|13|6|6|3|1|1,7,2113,6447890,silent,6445777
11,14|13|6|6|2|2|1,7,1903,5715515,silent,5713612
11,14|13|6|5|4|1|1,7,2833,9384618,silent,9381785
11,14|13|6|5|3|2|1,7,4871,19037739,silent,19032868
11,14|13|6|5|2|2|2,7,1654,6601250,silent,6599596
11,14|13|6|4|4|2|1,7,3223,12748293,silent,12745070
11,14|13|6|4|3|3|1,7,2198,11772335,silent,11770137
11,14|13|6|4|3|2|2,7,2438,12665615,silent,12663177
11,14|13|6|3|3|3|2,7,513,4792299,silent,4791786
11,14|13|5|5|5|1|1,7,517,1926637,silent,1926120
11,14|13|5|5|4|2|1,7,1977,8805459,silent,8803482
11,14|13|5|5|3|3|1,7,1201,6754609,silent,6753408
11,14|13|5|5|3|2|2,7,1211,7088807,silent,7087596
11,14|13|5|4|4|3|1,7,1343,7069871,silent,7068528
11,14|13|5|4|4|2|2,7,1107,6168280,silent,6167173
11,14|13|5|4|3|3|2,7,861,7396236,silent,7395375
11,14|13|5|3|3|3|3,7,64,1364033,silent,1363969
11,14|13|4|4|4|4|1,7,211,947945,silent,947734
11,14|13|4|4|4|3|2,7,349,2473015,silent,2472666
11,14|13|4|4|3|3|3,7,63,1152181,silent,1152118
11,14|12|12|3|1|1|1,7,134,173581,silent,173447
11,14|12|12|2|2|1|1,7,106,150486,silent,150380
11,14|12|11|4|1|1|1,7,550,882476,silent,881926
11,14|12|11|3|2|1|1,7,912,1496697,silent,1495785
11,14|12|11|2|2|2|1,7,383,567294,silent,566911
11,14|12|10|5|1|1|1,7,1196,2198967,silent,2197771
11,14|12|10|4|2|1|1,7,2735,5586786,silent,5584051
11,14|12|10|3|3|1|1,7,1521,3459630,silent,3458109
11,14|12|10|3|2|2|1,7,1904,4157041,silent,4155137
11,14|12|10|2|2|2|2,7,420,772532,silent,772112
11,14|12|9|6|1|1|1,7,1562,3204933,silent,3203371
11,14|12|9|5|2|1|1,7,4849,11311021,silent,11306172
11,14|12|9|4|3|1|1,7,4842,13214766,silent,13209924
11,14|12|9|4|2|2|1,7,4735,12778095,silent,12773360
11,14|12|9|3|3|2|1,7,2948,9977919,silent,9974971
11,14|12|9|3|2|2|2,7,1470,4683337,silent,4681867
11,14|12|8|7|1|1|1,7,1161,2502541,silent,2501380
11,14|12|8|6|2|1|1,7,4941,12953200,silent,12948259
11,14|12|8|5|3|1|1,7,7558,23412526,silent,23404968
11,14|12|8|5|2|2|1,7,6675,21098334,silent,21091659
11,14|12|8|4|4|1|1,7,3898,12974751,silent,12970853
11,14|12|8|4|3|2|1,7,8378,32439559,silent,32431181
11,14|12|8|4|2|2|2,7,3161,12017426,silent,12014265
11,14|12|8|3|3|3|1,7,1615,8960512,silent,8958897
11,14|12|8|3|3|2|2,7,1876,10266236,silent,10264360
11,14|12|7|7|2|1|1,7,2216,5904266,silent,5902050
11,14|12|7|6|3|1|1,7,5950,20106563,silent,20100613
11,14|12|7|6|2|2|1,7,5108,17626396,silent,17621288
11,14|12|7|5|4|1|1,7,6223,22988098,silent,22981875
11,14|12|7|5|3|2|1,7,10376,45628407,silent,45618031
11,14|12|7|5|2|2|2,7,3346,15616341,silent,15612995
11,14|12|7|4|4|2|1,7,6286,28385676,silent,28379390
11,14|12|7|4|3|3|1,7,4343,25754604,silent,25750261
11,14|12|7|4|3|2|2,7,4647,27529568,silent,27524921
11,14|12|7|3|3|3|2,7,1016,10010808,silent,10009792
11,14|12|6|6|4|1|1,7,2997,12131589,silent,12128592
11,14|12|6|6|3|2|1,7,4903,22607136,silent,22602233
11,14|12|6|6|2|2|2,7,1675,7542237,silent,7540562
11,14|12|6|5|5|1|1,7,2039,8688708,silent,8686669
11,14|12|6|5|4|2|1,7,7100,36256495,silent,36249395
11,14|12|6|5|3|3|1,7,4170,26870040,silent,26865870
11,14|12|6|5|3|2|2,7,4205,27935699,silent,27931494
11,14|12|6|4|4|3|1,7,3629,22590378,silent,22586749
11,14|12|6|4|4|2|2,7,3074,19517450,silent,19514376
11,14|12|6|4|3|3|2,7,2276,22604912,silent,22602636
11,14|12|6|3|3|3|3,7,190,3801814,silent,3801624
11,14|12|5|5|5|2|1,7,1287,7840801,silent,7839514
11,14|12|5|5|4|3|1,7,2376,16297725,silent,16295349
11,14|12|5|5|4|2|2,7,1734,13727104,silent,13725370
11,14|12|5|5|3|3|2,7,1315,13227949,silent,13226634
11,14|12|5|4|4|4|1,7,917,5755641,silent,5754724
11,14|12|5|4|4|3|2,7,1568,14434941,silent,14433373
11,14|12|5|4|3|3|3,7,339,6182732,silent,6182393
11,14|12|4|4|4|4|2,7,330,2159499,silent,2159169
11,14|12|4|4|4|3|3,7,147,2274247,silent,2274100
11,14|11|11|5|1|1|1,7,513,951588,silent,951075
11,14|11|11|4|2|1|1,7,1200,2402402,silent,2401202
11,14|11|11|3|3|1|1,7,598,1481130,silent,1480532
11,14|11|11|3|2|2|1,7,787,1776770,silent,1775983
11,14|11|11|2|2|2|2,7,128,326417,silent,326289
11,14|11|10|6|1|1|1,7,1128,2414355,silent,2413227
11,14|11|10|5|2|1|1,7,3417,8346522,silent,8343105
11,14|11|10|4|3|1|1,7,3391,9653716,silent,9650325
11,14|11|10|4|2|2|1,7,3292,9315493,silent,9312201
11,14|11|10|3|3|2|1,7,2052,7238063,silent,7236011
11,14|11|10|3|2|2|2,7,1014,3388645,silent,3387631
11,14|11|9|7|1|1|1,7,1299,2942654,silent,2941355
11,14|11|9|6|2|1|1,7,5088,13907859,silent,13902771
11,14|11|9|5|3|1|1,7,7316,24146559,silent,24139243
11,14|11|9|5|2|2|1,7,6387,21674647,silent,21668260
11,14|11|9|4|4|1|1,7,3835,13175524,silent,13171689
11,14|11|9|4|3|2|1,7,7915,32693572,silent,32685657
11,14|11|9|4|2|2|2,7,2794,12042433,silent,12039639
11,14|11|9|3|3|3|1,7,1517,8931579,silent,8930062
11,14|11|9|3|3|2|2,7,1826,10212884,silent,10211058
11,14|11|8|8|1|1|1,7,561,1358892,silent,1358331
11,14|11|8|7|2|1|1,7,3930,11533988,silent,11530058
11,14|11|8|6|3|1|1,7,8368,30517077,silent,30508709
11,14|11|8|6|2|2|1,7,7094,26599868,silent,26592774
11,14|11|8|5|4|1|1,7,8006,32144658,silent,32136652
11,14|11|8|5|3|2|1,7,13258,63054285,silent,63041027
11,14|11|8|5|2|2|2,7,4252,21429829,silent,21425577
11,14|11|8|4|4|2|1,7,7715,37989705,silent,37981990
11,14|11|8|4|3|3|1,7,5355,34135065,silent,34129710
11,14|11|8|4|3|2|2,7,5640,36354847,silent,36349207
11,14|11|8|3|3|3|2,7,1238,12950337,silent,12949099
11,14|11|7|7|3|1|1,7,3803,14480263,silent,14476460
11,14|11|7|7|2|2|1,7,3080,12461177,silent,12458097
11,14|11|7|6|4|1|1,7,7098,30977337,silent,30970239
11,14|11|7|6|3|2|1,7,10942,56480044,silent,56469102
11,14|11|7|6|2|2|2,7,3336,18578630,silent,18575294
11,14|11|7|5|5|1|1,7,3724,17836921,silent,17833197
11,14|11|7|5|4|2|1,7,12470,71315611,silent,71303141
11,14|11|7|5|3|3|1,7,7339,51955143,silent,51947804
11,14|11|7|5|3|2|2,7,7244,53681645,silent,53674401
11,14|11|7|4|4|3|1,7,5857,40620087,silent,40614230
11,14|11|7|4|4|2|2,7,4612,34852076,silent,34847464
11,14|11|7|4|3|3|2,7,3738,39720571,silent,39716833
11,14|11|7|3|3|3|3,7,290,6395997,silent,6395707
11,14|11|6|6|5|1|1,7,2346,11918225,silent,11915879
11,14|11|6|6|4|2|1,7,6468,38656212,silent,38649744
11,14|11|6|6|3|3|1,7,3544,26601572,silent,26598028
11,14|11|6|6|3|2|2,7,3568,27191747,silent,27188179
11,14|11|6|5|5|2|1,7,4256,28878173,silent,28873917
11,14|11|6|5|4|3|1,7,7017,55147180,silent,55140163
11,14|11|6|5|4|2|2,7,5358,46023405,silent,46018047
11,14|11|6|5|3|3|2,7,3697,42841944,silent,42838247
11,14|11|6|4|4|4|1,7,2059,15312619,silent,15310560
11,14|11|6|4|4|3|2,7,3529,37591119,silent,37587590
11,14|11|6|4|3|3|3,7,775,15471233,silent,15470458
11,14|11|5|5|5|3|1,7,1422,13210313,silent,13208891
11,14|11|5|5|5|2|2,7,962,10331772,silent,10330810
11,14|11|5|5|4|4|1,7,1348,12027560,silent,12026212
11,14|11|5|5|4|3|2,7,2276,27712192,silent,27709916
11,14|11|5|5|3|3|3,7,488,9326818,silent,9326330
11,14|11|5|4|4|4|2,7,1038,10799630,silent,10798592
11,14|11|5|4|4|3|3,7,679,11049802,silent,11049123
11,14|11|4|4|4|4|3,7,200,2165294,silent,2165094
11,14|10|10|7|1|1|1,7,558,1328966,silent,1328408
11,14|10|10|6|2|1|1,7,2086,6084998,silent,6082912
11,14|10|10|5|3|1|1,7,3074,10405298,silent,10402224
11,14|10|10|5|2|2|1,7,2687,9333146,silent,9330459
11,14|10|10|4|4|1|1,7,1504,5636610,silent,5635106
11,14|10|10|4|3|2|1,7,3283,13957142,silent,13953859
11,14|10|10|4|2|2|2,7,1266,5142669,silent,5141403
11,14|10|10|3|3|3|1,7,642,3791946,silent,3791304
11,14|10|10|3|3|2|2,7,696,4329889,silent,4329193
11,14|10|9|8|1|1|1,7,588,1470969,silent,1470381
11,14|10|9|7|2|1|1,7,3197,9796996,silent,9793799
11,14|10|9|6|3|1|1,7,6253,23878759,silent,23872506
11,14|10|9|6|2|2|1,7,5230,20745870,silent,20740640
11,14|10|9|5|4|1|1,7,5781,24329179,silent,24323398
11,14|10|9|5|3|2|1,7,9488,47430431,silent,47420943
11,14|10|9|5|2|2|2,7,2975,16054979,silent,16052004
11,14|10|9|4|4|2|1,7,5418,28167568,silent,28162150
11,14|10|9|4|3|3|1,7,3785,25187658,silent,25183873
11,14|10|9|4|3|2|2,7,3934,26770320,silent,26766386
11,14|10|9|3|3|3|2,7,881,9442499,silent,9441618
11,14|10|8|8|2|1|1,7,1493,4934217,silent,4932724
11,14|10|8|7|3|1|1,7,5479,22223212,silent,22217733
11,14|10|8|7|2|2|1,7,4456,19040455,silent,19035999
11,14|10|8|6|4|1|1,7,7916,37362276,silent,37354360
11,14|10|8|6|3|2|1,7,12259,67392817,silent,67380558
11,14|10|8|6|2|2|2,7,3832,22039809,silent,22035977
11,14|10|8|5|5|1|1,7,4010,20090780,silent,20086770
11,14|10|8|5|4|2|1,7,12894,78646747,silent,78633853
11,14|10|8|5|3|3|1,7,7550,56767246,silent,56759696
11,14|10|8|5|3|2|2,7,7363,58470780,silent,58463417
11,14|10|8|4|4|3|1,7,5740,43057234,silent,43051494
11,14|10|8|4|4|2|2,7,4701,36838843,silent,36834142
11,14|10|8|4|3|3|2,7,3618,41571715,silent,41568097
11,14|10|8|3|3|3|3,7,314,6554491,silent,6554177
11,14|10|7|7|4|1|1,7,3940,19073628,silent,19069688
11,14|10|7|7|3|2|1,7,5700,33436363,silent,33430663
11,14|10|7|7|2|2|2,7,1583,10761465,silent,10759882
11,14|10|7|6|5|1|1,7,4687,25896463,silent,25891776
11,14|10|7|6|4|2|1,7,12122,80548287,silent,80536165
11,14|10|7|6|3|3|1,7,6708,54533057,silent,54526349
11,14|10|7|6|3|2|2,7,6470,55394469,silent,55387999
11,14|10|7|5|5|2|1,7,6542,48545952,silent,48539410
11,14|10|7|5|4|3|1,7,10342,89261518,silent,89251176
11,14|10|7|5|4|2|2,7,7712,74055569,silent,74047857
11,14|10|7|5|3|3|2,7,5432,67814068,silent,67808636
11,14|10|7|4|4|4|1,7,2709,22835897,silent,22833188
11,14|10|7|4|4|3|2,7,4663,55414003,silent,55409340
11,14|10|7|4|3|3|3,7,1074,22355808,silent,22354734
11,14|10|6|6|6|1|1,7,832,5240598,silent,5239766
11,14|10|6|6|5|2|1,7,4386,33569087,silent,33564701
11,14|10|6|6|4|3|1,7,5519,50400571,silent,50395052
11,14|10|6|6|4|2|2,7,4354,41371477,silent,41367123
11,14|10|6|6|3|3|2,7,2655,35757061,silent,35754406
11,14|10|6|5|5|3|1,7,4000,41060027,silent,41056027
11,14|10|6|5|5|2|2,7,2701,31817769,silent,31815068
11,14|10|6|5|4|4|1,7,3503,34799403,silent,34795900
11,14|10|6|5|4|3|2,7,5802,78503305,silent,78497503
11,14|10|6|5|3|3|3,7,1172,25394742,silent,25393570
11,14|10|6|4|4|4|2,7,2070,24108932,silent,24106862
11,14|10|6|4|4|3|3,7,1254,24227917,silent,24226663
11,14|10|5|5|5|4|1,7,847,10848168,silent,10847321
11,14|10|5|5|5|3|2,7,1203,19627872,silent,19626669
11,14|10|5|5|4|4|2,7,1249,19421176,silent,19419927
11,14|10|5|5|4|3|3,7,932,18491780,silent,18490848
11,14|10|5|4|4|4|3,7,607,9313807,silent,9313200
11,14|10|4|4|4|4|4,7,113,858147,silent,858034
11,14|9|9|9|1|1|1,7,108,251017,silent,250909
11,14|9|9|8|2|1|1,7,939,3027545,silent,3026606
11,14|9|9|7|3|1|1,7,2608,10954281,silent,10951673
11,14|9|9|7|2|2|1,7,2075,9351679,silent,9349604
11,14|9|9|6|4|1|1,7,3629,17195390,silent,17191761
11,14|9|9|6|3|2|1,7,5388,30844053,silent,30838665
11,14|9|9|6|2|2|2,7,1523,10037094,silent,10035571
11,14|9|9|5|5|1|1,7,1681,9021136,silent,9019455
11,14|9|9|5|4|2|1,7,5499,34994909,silent,34989410
11,14|9|9|5|3|3|1,7,3249,25171559,silent,25168310
11,14|9|9|5|3|2|2,7,3154,25876489,silent,25873335
11,14|9|9|4|4|3|1,7,2456,18860750,silent,18858294
11,14|9|9|4|4|2|2,7,1799,16090392,silent,16088593
11,14|9|9|4|3|3|2,7,1599,18122126,silent,18120527
11,14|9|9|3|3|3|3,7,115,2829502,silent,2829387
11,14|9|8|8|3|1|1,7,1596,6986566,silent,6984970
11,14|9|8|8|2|2|1,7,1314,5938387,silent,5937073
11,14|9|8|7|4|1|1,7,4159,21404506,silent,21400347
11,14|9|8|7|3|2|1,7,6087,37171809,silent,37165722
11,14|9|8|7|2|2|2,7,1759,11906591,silent,11904832
11,14|9|8|6|5|1|1,7,4027,23290722,silent,23286695
11,14|9|8|6|4|2|1,7,10191,71081159,silent,71070968
11,14|9|8|6|3|3|1,7,5604,47733315,silent,47727711
11,14|9|8|6|3|2|2,7,5380,48350934,silent,48345554
11,14|9|8|5|5|2|1,7,5173,40164388,silent,40159215
11,14|9|8|5|4|3|1,7,7994,72583357,silent,72575363
11,14|9|8|5|4|2|2,7,5983,60049319,silent,60043336
11,14|9|8|5|3|3|2,7,4152,54534681,silent,54530529
11,14|9|8|4|4|4|1,7,1999,17966032,silent,17964033
11,14|9|8|4|4|3|2,7,3456,43336370,silent,43332914
11,14|9|8|4|3|3|3,7,798,17309506,silent,17308708
11,14|9|7|7|5|1|1,7,2269,13868475,silent,13866206
11,14|9|7|7|4|2|1,7,5253,39504478,silent,39499225
11,14|9|7|7|3|3|1,7,2907,25924044,silent,25921137
11,14|9|7|7|3|2|2,7,2660,26068955,silent,26066295
11,14|9|7|6|6|1|1,7,1536,9829482,silent,9827946
11,14|9|7|6|5|2|1,7,6878,57610229,silent,57603351
11,14|9|7|6|4|3|1,7,8452,83451384,silent,83442932
11,14|9|7|6|4|2|2,7,6178,68077673,silent,68071495
11,14|9|7|6|3|3|2,7,4136,57998740,silent,57994604
11,14|9|7|5|5|3|1,7,4972,55071950,silent,55066978
11,14|9|7|5|5|2|2,7,3435,42458334,silent,42454899
11,14|9|7|5|4|4|1,7,4136,45266961,silent,45262825
11,14|9|7|5|4|3|2,7,6861,101024888,silent,101018027
11,14|9|7|5|3|3|3,7,1405,32072920,silent,32071515
11,14|9|7|4|4|4|2,7,2062,28651764,silent,28649702
11,14|9|7|4|4|3|3,7,1442,28577167,silent,28575725
11,14|9|6|6|6|2|1,7,1435,12528695,silent,12527260
11,14|9|6|6|5|3|1,7,3516,40312899,silent,40309383
11,14|9|6|6|5|2|2,7,2471,30740979,silent,30738508
11,14|9|6|6|4|4|1,7,2445,27516929,silent,27514484
11,14|9|6|6|4|3|2,7,3916,59716933,silent,59713017
11,14|9|6|6|3|3|3,7,715,17767216,silent,17766501
11,14|9|6|5|5|4|1,7,2061,28384380,silent,28382319
11,14|9|6|5|5|3|2,7,2835,50331112,silent,50328277
11,14|9|6|5|4|4|2,7,2849,46436528,silent,46433679
11,14|9|6|5|4|3|3,7,1909,43442180,silent,43440271
11,14|9|6|4|4|4|3,7,975,17294273,silent,17293298
11,14|9|5|5|5|5|1,7,199,3672467,silent,3672268
11,14|9|5|5|5|4|2,7,692,15251267,silent,15250575
11,14|9|5|5|5|3|3,7,442,11664789,silent,11664347
11,14|9|5|5|4|4|3,7,641,14534147,silent,14533506
11,14|9|5|4|4|4|4,7,205,3174526,silent,3174321
11,14|8|8|8|4|1|1,7,683,3889209,silent,3888526
11,14|8|8|8|3|2|1,7,1058,6650972,silent,6649914
11,14|8|8|8|2|2|2,7,369,2119397,silent,2119028
11,14|8|8|7|5|1|1,7,1457,8928217,silent,8926760
11,14|8|8|7|4|2|1,7,3305,25056972,silent,25053667
11,14|8|8|7|3|3|1,7,1782,16321687,silent,16319905
11,14|8|8|7|3|2|2,7,1662,16393401,silent,16391739
11,14|8|8|6|6|1|1,7,734,5247839,silent,5247105
11,14|8|8|6|5|2|1,7,3492,29826167,silent,29822675
11,14|8|8|6|4|3|1,7,4163,42587792,silent,42583629
11,14|8|8|6|4|2|2,7,3248,34692431,silent,34689183
11,14|8|8|6|3|3|2,7,1955,29321621,silent,29319666
11,14|8|8|5|5|3|1,7,2362,26552800,silent,26550438
11,14|8|8|5|5|2|2,7,1531,20419490,silent,20417959
11,14|8|8|5|4|4|1,7,1936,21579242,silent,21577306
11,14|8|8|5|4|3|2,7,3170,47916529,silent,47913359
11,14|8|8|5|3|3|3,7,645,15083576,silent,15082931
11,14|8|8|4|4|4|2,7,1025,13233147,silent,13232122
11,14|8|8|4|4|3|3,7,577,13121119,silent,13120542
11,14|8|7|7|6|1|1,7,706,4889673,silent,4888967
11,14|8|7|7|5|2|1,7,2403,22384591,silent,22382188
11,14|8|7|7|4|3|1,7,2756,29982600,silent,29979844
11,14|8|7|7|4|2|2,7,1896,24231069,silent,24229173
11,14|8|7|7|3|3|2,7,1335,20046718,silent,20045383
11,14|8|7|6|6|2|1,7,1756,16817828,silent,16816072
11,14|8|7|6|5|3|1,7,4079,50036921,silent,50032842
11,14|8|7|6|5|2|2,7,2781,37962611,silent,37959830
11,14|8|7|6|4|4|1,7,2687,33199897,silent,33197210
11,14|8|7|6|4|3|2,7,4326,71369315,silent,71364989
11,14|8|7|6|3|3|3,7,823,20884769,silent,20883946
11,14|8|7|5|5|4|1,7,1913,27966404,silent,27964491
11,14|8|7|5|5|3|2,7,2620,49112404,silent,49109784
11,14|8|7|5|4|4|2,7,2467,44052117,silent,44049650
11,14|8|7|5|4|3|3,7,1707,40897181,silent,40895474
11,14|8|7|4|4|4|3,7,773,15121813,silent,15121040
11,14|8|6|6|6|3|1,7,967,12446305,silent,12445338
11,14|8|6|6|6|2|2,7,744,9203269,silent,9202525
11,14|8|6|6|5|4|1,7,1562,22947126,silent,22945564
11,14|8|6|6|5|3|2,7,2044,39191029,silent,39188985
11,14|8|6|6|4|4|2,7,1715,29207378,silent,29205663
11,14|8|6|6|4|3|3,7,986,26439961,silent,26438975
11,14|8|6|5|5|5|1,7,389,7851874,silent,7851485
11,14|8|6|5|5|4|2,7,1327,31390930,silent,31389603
11,14|8|6|5|5|3|3,7,838,23632302,silent,23631464
11,14|8|6|5|4|4|3,7,1145,27521439,silent,27520294
11,14|8|6|4|4|4|4,7,311,4731478,silent,4731167
11,14|8|5|5|5|5|2,7,146,4493345,silent,4493199
11,14|8|5|5|5|4|3,7,289,9887264,silent,9886975
11,14|8|5|5|4|4|4,7,147,4266090,silent,4265943
11,14|7|7|7|7|1|1,7,50,505641,silent,505591
11,14|7|7|7|6|2|1,7,414,4635057,silent,4634643
11,14|7|7|7|5|3|1,7,794,10958274,silent,10957480
11,14|7|7|7|5|2|2,7,533,8242034,silent,8241501
11,14|7|7|7|4|4|1,7,478,6810273,silent,6809795
11,14|7|7|7|4|3|2,7,768,14403559,silent,14402791
11,14|7|7|7|3|3|3,7,162,4085585,silent,4085423
11,14|7|7|6|6|3|1,7,676,9224094,silent,9223418
11,14|7|7|6|6|2|2,7,392,6776421,silent,6776029
11,14|7|7|6|5|4|1,7,993,15943119,silent,15942126
11,14|7|7|6|5|3|2,7,1329,27023161,silent,27021832
11,14|7|7|6|4|4|2,7,929,19631422,silent,19630493
11,14|7|7|6|4|3|3,7,688,17697319,silent,17696631
11,14|7|7|5|5|5|1,7,216,4458111,silent,4457895
11,14|7|7|5|5|4|2,7,748,17541176,silent,17540428
11,14|7|7|5|5|3|3,7,412,13112915,silent,13112503
11,14|7|7|5|4|4|3,7,568,14906776,silent,14906208
11,14|7|7|4|4|4|4,7,96,2384765,silent,2384669
11,14|7|6|6|6|4|1,7,363,5559874,silent,5559511
11,14|7|6|6|6|3|2,7,441,8757439,silent,8756998
11,14|7|6|6|5|5|1,7,239,4932504,silent,4932265
11,14|7|6|6|5|4|2,7,771,18154106,silent,18153335
11,14|7|6|6|5|3|3,7,423,13248537,silent,13248114
11,14|7|6|6|4|4|3,7,483,12514520,silent,12514037
11,14|7|6|5|5|5|2,7,190,6798247,silent,6798057
11,14|7|6|5|5|4|3,7,411,14494502,silent,14494091
11,14|7|6|5|4|4|4,7,223,5821365,silent,5821142
11,14|7|5|5|5|5|3,7,49,2526121,silent,2526072
11,14|7|5|5|5|4|4,7,57,2503931,silent,2503874
11,14|6|6|6|6|5|1,7,48,837547,silent,837499
11,14|6|6|6|6|4|2,7,143,2430005,silent,2429862
11,14|6|6|6|6|3|3,7,38,1648560,silent,1648522
11,14|6|6|6|5|5|2,7,57,2312105,silent,2312048
11,14|6|6|6|5|4|3,7,137,4592309,silent,4592172
11,14|6|6|6|4|4|4,7,87,1485487,silent,1485400
11,14|6|6|5|5|5|3,7,36,2060922,silent,2060886
11,14|6|6|5|5|4|4,7,35,1996625,silent,1996590
11,14|6|5|5|5|5|4,7,9,587574,silent,587565
11,14|5|5|5|5|5|5,7,1,34378,silent,34377
11,13|13|13|2|1|1|1,7,11,10079,silent,10068
11,13|13|12|3|1|1|1,7,67,95594,silent,95527
11,13|13|12|2|2|1|1,7,76,83270,silent,83194
11,13|13|11|4|1|1|1,7,250,389264,silent,389014
11,13|13|11|3|2|1|1,7,397,658189,silent,657792
11,13|13|11|2|2|2|1,7,160,248478,silent,248318
11,13|13|10|5|1|1|1,7,481,899270,silent,898789
11,13|13|10|4|2|1|1,7,1147,2280537,silent,2279390
11,13|13|10|3|3|1|1,7,574,1408445,silent,1407871
11,13|13|10|3|2|2|1,7,767,1691655,silent,1690888
11,13|13|10|2|2|2|2,7,130,311666,silent,311536
11,13|13|9|6|1|1|1,7,624,1268811,silent,1268187
11,13|13|9|5|2|1|1,7,1883,4460600,silent,4458717
11,13|13|9|4|3|1|1,7,1896,5203584,silent,5201688
11,13|13|9|4|2|2|1,7,1821,5025512,silent,5023691
11,13|13|9|3|3|2|1,7,1151,3923032,silent,3921881
11,13|13|9|3|2|2|2,7,567,1838211,silent,1837644
11,13|13|8|7|1|1|1,7,442,975872,silent,975430
11,13|13|8|6|2|1|1,7,1952,5028363,silent,5026411
11,13|13|8|5|3|1|1,7,2859,9058758,silent,9055899
11,13|13|8|5|2|2|1,7,2548,8157526,silent,8154978
11,13|13|8|4|4|1|1,7,1571,5018129,silent,5016558
11,13|13|8|4|3|2|1,7,3194,12525596,silent,12522402
11,13|13|8|4|2|2|2,7,1115,4629597,silent,4628482
11,13|13|8|3|3|3|1,7,598,3456510,silent,3455912
11,13|13|8|3|3|2|2,7,770,3961769,silent,3960999
11,13|13|7|7|2|1|1,7,811,2273708,silent,2272897
11,13|13|7|6|3|1|1,7,2268,7715710,silent,7713442
11,13|13|7|6|2|2|1,7,1922,6758031,silent,6756109
11,13|13|7|5|4|1|1,7,2331,8800164,silent,8797833
11,13|13|7|5|3|2|1,7,3926,17453735,silent,17449809
11,13|13|7|5|2|2|2,7,1285,5969013,silent,5967728
11,13|13|7|4|4|2|1,7,2357,10843849,silent,10841492
11,13|13|7|4|3|3|1,7,1654,9836289,silent,9834635
11,13|13|7|4|3|2|2,7,1745,10506782,silent,10505037
11,13|13|7|3|3|3|2,7,384,3818411,silent,3818027
11,13|13|6|6|4|1|1,7,1197,4628816,silent,4627619
11,13|13|6|6|3|2|1,7,1843,8611821,silent,8609978
11,13|13|6|6|2|2|2,7,550,2865277,silent,2864727
11,13|13|6|5|5|1|1,7,735,3305276,silent,3304541
11,13|13|6|5|4|2|1,7,2664,13781306,silent,13778642
11,13|13|6|5|3|3|1,7,1563,10208762,silent,10207199
11,13|13|6|5|3|2|2,7,1602,10610099,silent,10608497
11,13|13|6|4|4|3|1,7,1390,8573743,silent,8572353
11,13|13|6|4|4|2|2,7,1050,7395237,silent,7394187
11,13|13|6|4|3|3|2,7,896,8574766,silent,8573870
11,13|13|6|3|3|3|3,7,57,1438562,silent,1438505
11,13|13|5|5|5|2|1,7,486,2971156,silent,2970670
11,13|13|5|5|4|3|1,7,871,6168110,silent,6167239
11,13|13|5|5|4|2|2,7,697,5196967,silent,5196270
11,13|13|5|5|3|3|2,7,464,5000386,silent,4999922
11,13|13|5|4|4|4|1,7,336,2174739,silent,2174403
11,13|13|5|4|4|3|2,7,586,5452418,silent,5451832
11,13|13|5|4|3|3|3,7,129,2334491,silent,2334362
11,13|13|4|4|4|4|2,7,88,810966,silent,810878
11,13|13|4|4|4|3|3,7,78,858430,silent,858352
11,13|12|12|4|1|1|1,7,127,219520,silent,219393
11,13|12|12|3|2|1|1,7,217,371699,silent,371482
11,13|12|12|2|2|2|1,7,94,140995,silent,140901
11,13|12|11|5|1|1|1,7,466,890877,silent,890411
11,13|12|11|4|2|1|1,7,1066,2242534,silent,2241468
11,13|12|11|3|3|1|1,7,571,1381943,silent,1381372
11,13|12|11|3|2|2|1,7,719,1656964,silent,1656245
11,13|12|11|2|2|2|2,7,140,305538,silent,305398
11,13|12|10|6|1|1|1,7,809,1780222,silent,1779413
11,13|12|10|5|2|1|1,7,2451,6123437,silent,6120986
11,13|12|10|4|3|1|1,7,2424,7062346,silent,7059922
11,13|12|10|4|2|2|1,7,2362,6811096,silent,6808734
11,13|12|10|3|3|2|1,7,1469,5282875,silent,5281406
11,13|12|10|3|2|2|2,7,728,2471636,silent,2470908
11,13|12|9|7|1|1|1,7,867,2004421,silent,2003554
11,13|12|9|6|2|1|1,7,3348,9395549,silent,9392201
11,13|12|9|5|3|1|1,7,4831,16235772,silent,16230941
11,13|12|9|5|2|2|1,7,4204,14563920,silent,14559716
11,13|12|9|4|4|1|1,7,2489,8838563,silent,8836074
11,13|12|9|4|3|2|1,7,5198,21904243,silent,21899045
11,13|12|9|4|2|2|2,7,1858,8062665,silent,8060807
11,13|12|9|3|3|3|1,7,1005,5971619,silent,5970614
11,13|12|9|3|3|2|2,7,1179,6823226,silent,6822047
11,13|12|8|8|1|1|1,7,358,899928,silent,899570
11,13|12|8|7|2|1|1,7,2513,7535524,silent,7533011
11,13|12|8|6|3|1|1,7,5308,19780169,silent,19774861
11,13|12|8|6|2|2|1,7,4504,17228998,silent,17224494
11,13|12|8|5|4|1|1,7,5056,20748764,silent,20743708
11,13|12|8|5|3|2|1,7,8380,40644232,silent,40635852
11,13|12|8|5|2|2|2,7,2681,13800074,silent,13797393
11,13|12|8|4|4|2|1,7,4857,24435840,silent,24430983
11,13|12|8|4|3|3|1,7,3373,21931793,silent,21928420
11,13|12|8|4|3|2|2,7,3553,23344639,silent,23341086
11,13|12|8|3|3|3|2,7,780,8298751,silent,8297971
11,13|12|7|7|3|1|1,7,2390,9249224,silent,9246834
11,13|12|7|7|2|2|1,7,1924,7954057,silent,7952133
11,13|12|7|6|4|1|1,7,4400,19642656,silent,19638256
11,13|12|7|6|3|2|1,7,6794,35766087,silent,35759293
11,13|12|7|6|2|2|2,7,2082,11754351,silent,11752269
11,13|12|7|5|5|1|1,7,2324,11274191,silent,11271867
11,13|12|7|5|4|2|1,7,7705,44975550,silent,44967845
11,13|12|7|5|3|3|1,7,4547,32730763,silent,32726216
11,13|12|7|5|3|2|2,7,4462,33798143,silent,33793681
11,13|12|7|4|4|3|1,7,3593,25536574,silent,25532981
11,13|12|7|4|4|2|2,7,2858,21899572,silent,21896714
11,13|12|7|4|3|3|2,7,2298,24928819,silent,24926521
11,13|12|7|3|3|3|3,7,187,4005947,silent,4005760
11,13|12|6|6|5|1|1,7,1437,7470102,silent,7468665
11,13|12|6|6|4|2|1,7,3964,24176002,silent,24172038
11,13|12|6|6|3|3|1,7,2169,16619645,silent,16617476
11,13|12|6|6|3|2|2,7,2187,16978393,silent,16976206
11,13|12|6|5|5|2|1,7,2603,18001810,silent,17999207
11,13|12|6|5|4|3|1,7,4277,34314393,silent,34310116
11,13|12|6|5|4|2|2,7,3266,28620417,silent,28617151
11,13|12|6|5|3|3|2,7,2257,26614438,silent,26612181
11,13|12|6|4|4|4|1,7,1245,9503257,silent,9502012
11,13|12|6|4|4|3|2,7,2140,23305583,silent,23303443
11,13|12|6|4|3|3|3,7,473,9579111,silent,9578638
11,13|12|5|5|5|3|1,7,870,8167845,silent,8166975
11,13|12|5|5|5|2|2,7,574,6383652,silent,6383078
11,13|12|5|5|4|4|1,7,810,7426692,silent,7425882
11,13|12|5|5|4|3|2,7,1378,17094082,silent,17092704
11,13|12|5|5|3|3|3,7,299,5745944,silent,5745645
11,13|12|5|4|4|4|2,7,625,6645461,silent,6644836
11,13|12|5|4|4|3|3,7,402,6793531,silent,6793129
11,13|12|4|4|4|4|3,7,119,1325543,silent,1325424
11,13|11|11|6|1|1|1,7,396,843037,silent,842641
11,13|11|11|5|2|1|1,7,1130,2864822,silent,2863692
11,13|11|11|4|3|1|1,7,1118,3287098,silent,3285980
11,13|11|11|4|2|2|1,7,1041,3161251,silent,3160210
11,13|11|11|3|3|2|1,7,667,2448614,silent,2447947
11,13|11|11|3|2|2|2,7,310,1140823,silent,1140513
11,13|11|10|7|1|1|1,7,709,1725060,silent,1724351
11,13|11|10|6|2|1|1,7,2667,7774941,silent,7772274
11,13|11|10|5|3|1|1,7,3744,13174642,silent,13170898
11,13|11|10|5|2|2|1,7,3258,11794510,silent,11791252
11,13|11|10|4|4|1|1,7,1942,7115127,silent,7113185
11,13|11|10|4|3|2|1,7,3990,17559838,silent,17555848
11,13|11|10|4|2|2|2,7,1394,6444992,silent,6443598
11,13|11|10|3|3|3|1,7,765,4757097,silent,4756332
11,13|11|10|3|3|2|2,7,915,5429637,silent,5428722
11,13|11|9|8|1|1|1,7,599,1513617,silent,1513018
11,13|11|9|7|2|1|1,7,3088,9820848,silent,9817760
11,13|11|9|6|3|1|1,7,6014,23601660,silent,23595646
11,13|11|9|6|2|2|1,7,4960,20471726,silent,20466766
11,13|11|9|5|4|1|1,7,5487,23870275,silent,23864788
11,13|11|9|5|3|2|1,7,8990,46426489,silent,46417499
11,13|11|9|5|2|2|2,7,2797,15683615,silent,15680818
11,13|11|9|4|4|2|1,7,5083,27466292,silent,27461209
11,13|11|9|4|3|3|1,7,3598,24524503,silent,24520905
11,13|11|9|4|3|2|2,7,3682,26033222,silent,26029540
11,13|11|9|3|3|3|2,7,842,9157467,silent,9156625
11,13|11|8|8|2|1|1,7,1406,4620079,silent,4618673
11,13|11|8|7|3|1|1,7,4827,20288988,silent,20284161
11,13|11|8|7|2|2|1,7,3923,17356970,silent,17353047
11,13|11|8|6|4|1|1,7,7026,33672412,silent,33665386
11,13|11|8|6|3|2|1,7,10660,60583024,silent,60572364
11,13|11|8|6|2|2|2,7,3177,19764584,silent,19761407
11,13|11|8|5|5|1|1,7,3409,17995045,silent,17991636
11,13|11|8|5|4|2|1,7,11124,70190879,silent,70179755
11,13|11|8|5|3|3|1,7,6522,50583551,silent,50577029
11,13|11|8|5|3|2|2,7,6381,52048780,silent,52042399
11,13|11|8|4|4|3|1,7,4975,38225911,silent,38220936
11,13|11|8|4|4|2|2,7,3852,32654443,silent,32650591
11,13|11|8|4|3|3|2,7,3186,36818863,silent,36815677
11,13|11|8|3|3|3|3,7,250,5781303,silent,5781053
11,13|11|7|7|4|1|1,7,3273,16660351,silent,16657078
11,13|11|7|7|3|2|1,7,4823,29145665,silent,29140842
11,13|11|7|7|2|2|2,7,1393,9368499,silent,9367106
11,13|11|7|6|5|1|1,7,3938,22364616,silent,22360678
11,13|11|7|6|4|2|1,7,10085,69301116,silent,69291031
11,13|11|7|6|3|3|1,7,5618,46844910,silent,46839292
11,13|11|7|6|3|2|2,7,5359,47533688,silent,47528329
11,13|11|7|5|5|2|1,7,5442,41531756,silent,41526314
11,13|11|7|5|4|3|1,7,8535,76126070,silent,76117535
11,13|11|7|5|4|2|2,7,6392,63099093,silent,63092701
11,13|11|7|5|3|3|2,7,4483,57688457,silent,57683974
11,13|11|7|4|4|4|1,7,2192,19383748,silent,19381556
11,13|11|7|4|4|3|2,7,3816,46967414,silent,46963598
11,13|11|7|4|3|3|3,7,902,18912120,silent,18911218
11,13|11|6|6|6|1|1,7,731,4440846,silent,4440115
11,13|11|6|6|5|2|1,7,3573,28256879,silent,28253306
11,13|11|6|6|4|3|1,7,4529,42298263,silent,42293734
11,13|11|6|6|4|2|2,7,3379,34670788,silent,34667409
11,13|11|6|6|3|3|2,7,2235,29940102,silent,29937867
11,13|11|6|5|5|3|1,7,3230,34261321,silent,34258091
11,13|11|6|5|5|2|2,7,2256,26532772,silent,26530516
11,13|11|6|5|4|4|1,7,2813,28968065,silent,28965252
11,13|11|6|5|4|3|2,7,4672,65249671,silent,65244999
11,13|11|6|5|3|3|3,7,945,21064359,silent,21063414
11,13|11|6|4|4|4|2,7,1550,19937709,silent,19936159
11,13|11|6|4|4|3|3,7,1061,20032192,silent,20031131
11,13|11|5|5|5|4|1,7,684,8928628,silent,8927944
11,13|11|5|5|5|3|2,7,954,16128289,silent,16127335
11,13|11|5|5|4|4|2,7,1038,15927552,silent,15926514
11,13|11|5|5|4|3|3,7,714,15141414,silent,15140700
11,13|11|5|4|4|4|3,7,467,7593577,silent,7593110
11,13|11|4|4|4|4|4,7,58,691457,silent,691399
11,13|10|10|8|1|1|1,7,273,764666,silent,764393
11,13|10|10|7|2|1|1,7,1396,4621526,silent,4620130
11,13|10|10|6|3|1|1,7,2621,10758156,silent,10755535
11,13|10|10|6|2|2|1,7,2231,9327677,silent,9325446
11,13|10|10|5|4|1|1,7,2381,10727468,silent,10725087
11,13|10|10|5|3|2|1,7,3918,20806566,silent,20802648
11,13|10|10|5|2|2|2,7,1255,7023758,silent,7022503
11,13|10|10|4|4|2|1,7,2220,12231792,silent,12229572
11,13|10|10|4|3|3|1,7,1528,10885855,silent,10884327
11,13|10|10|4|3|2|2,7,1609,11552806,silent,11551197
11,13|10|10|3|3|3|2,7,349,4037587,silent,4037238
11,13|10|9|9|1|1|1,7,182,478318,silent,478136
11,13|10|9|8|2|1|1,7,1508,5248218,silent,5246710
11,13|10|9|7|3|1|1,7,4131,18139206,silent,18135075
11,13|10|9|7|2|2|1,7,3301,15467054,silent,15463753
11,13|10|9|6|4|1|1,7,5508,27816580,silent,27811072
11,13|10|9|6|3|2|1,7,8327,49741555,silent,49733228
11,13|10|9|6|2|2|2,7,2467,16164459,silent,16161992
11,13|10|9|5|5|1|1,7,2638,14454561,silent,14451923
11,13|10|9|5|4|2|1,7,8397,55745958,silent,55737561
11,13|10|9|5|3|3|1,7,4949,39979105,silent,39974156
11,13|10|9|5|3|2|2,7,4763,41051994,silent,41047231
11,13|10|9|4|4|3|1,7,3666,29778858,silent,29775192
11,13|10|9|4|4|2|2,7,2865,25389922,silent,25387057
11,13|10|9|4|3|3|2,7,2353,28486015,silent,28483662
11,13|10|9|3|3|3|3,7,200,4423951,silent,4423751
11,13|10|8|8|3|1|1,7,2024,9332472,silent,9330448
11,13|10|8|8|2|2|1,7,1670,7917904,silent,7916234
11,13|10|8|7|4|1|1,7,5074,27338891,silent,27333817
11,13|10|8|7|3|2|1,7,7407,47315694,silent,47308287
11,13|10|8|7|2|2|2,7,2141,15121643,silent,15119502
11,13|10|8|6|5|1|1,7,4810,29133135,silent,29128325
11,13|10|8|6|4|2|1,7,12119,88399817,silent,88387698
11,13|10|8|6|3|3|1,7,6654,59201562,silent,59194908
11,13|10|8|6|3|2|2,7,6382,59890597,silent,59884215
11,13|10|8|5|5|2|1,7,6100,49454119,silent,49448019
11,13|10|8|5|4|3|1,7,9368,88926877,silent,88917509
11,13|10|8|5|4|2|2,7,7006,73475084,silent,73468078
11,13|10|8|5|3|3|2,7,4861,66544699,silent,66539838
11,13|10|8|4|4|4|1,7,2317,21846876,silent,21844559
11,13|10|8|4|4|3|2,7,4005,52567615,silent,52563610
11,13|10|8|4|3|3|3,7,934,20924090,silent,20923156
11,13|10|7|7|5|1|1,7,2556,16150068,silent,16147512
11,13|10|7|7|4|2|1,7,5836,45741335,silent,45735499
11,13|10|7|7|3|3|1,7,3235,29933283,silent,29930048
11,13|10|7|7|3|2|2,7,2935,30064394,silent,30061459
11,13|10|7|6|6|1|1,7,1659,11251188,silent,11249529
11,13|10|7|6|5|2|1,7,7484,65326487,silent,65319003
11,13|10|7|6|4|3|1,7,9125,94157863,silent,94148738
11,13|10|7|6|4|2|2,7,6720,76718753,silent,76712033
11,13|10|7|6|3|3|2,7,4449,65177354,silent,65172905
11,13|10|7|5|5|3|1,7,5360,61523566,silent,61518206
11,13|10|7|5|5|2|2,7,3634,47366518,silent,47362884
11,13|10|7|5|4|4|1,7,4396,50379918,silent,50375522
11,13|10|7|5|4|3|2,7,7305,112164230,silent,112156925
11,13|10|7|5|3|3|3,7,1520,35490569,silent,35489049
11,13|10|7|4|4|4|2,7,2196,31581358,silent,31579162
11,13|10|7|4|4|3|3,7,1490,31433208,silent,31431718
11,13|10|6|6|6|2|1,7,1496,13669947,silent,13668451
11,13|10|6|6|5|3|1,7,3640,43604402,silent,43600762
11,13|10|6|6|5|2|2,7,2563,33207259,silent,33204696
11,13|10|6|6|4|4|1,7,2514,29649226,silent,29646712
11,13|10|6|6|4|3|2,7,4028,64194272,silent,64190244
11,13|10|6|6|3|3|3,7,737,19037276,silent,19036539
11,13|10|6|5|5|4|1,7,2114,30282498,silent,30280384
11,13|10|6|5|5|3|2,7,2903,53572011,silent,53569108
11,13|10|6|5|4|4|2,7,2881,49243991,silent,49241110
11,13|10|6|5|4|3|3,7,1938,45987555,silent,45985617
11,13|10|6|4|4|4|3,7,966,18173999,silent,18173033
11,13|10|5|5|5|5|1,7,206,3827946,silent,3827740
11,13|10|5|5|5|4|2,7,684,15839476,silent,15838792
11,13|10|5|5|5|3|3,7,455,12095599,silent,12095144
11,13|10|5|5|4|4|3,7,629,15016382,silent,15015753
11,13|10|5|4|4|4|4,7,203,3254010,silent,3253807
11,13|9|9|9|2|1|1,7,254,920974,silent,920720
11,13|9|9|8|3|1|1,7,1259,5870469,silent,5869210
11,13|9|9|8|2|2|1,7,964,4957400,silent,4956436
11,13|9|9|7|4|1|1,7,2492,13860532,silent,13858040
11,13|9|9|7|3|2|1,7,3584,23861000,silent,23857416
11,13|9|9|7|2|2|2,7,987,7591798,silent,7590811
11,13|9|9|6|5|1|1,7,2235,13846778,silent,13844543
11,13|9|9|6|4|2|1,7,5446,41613462,silent,41608016
11,13|9|9|6|3|3|1,7,3069,27775094,silent,27772025
11,13|9|9|6|3|2|2,7,2818,28033823,silent,28031005
11,13|9|9|5|5|2|1,7,2713,22736277,silent,22733564
11,13|9|9|5|4|3|1,7,4122,40551226,silent,40547104
11,13|9|9|5|4|2|2,7,3016,33439422,silent,33436406
11,13|9|9|5|3|3|2,7,2172,30190297,silent,30188125
11,13|9|9|4|4|4|1,7,964,9813270,silent,9812306
11,13|9|9|4|4|3|2,7,1706,23550795,silent,23549089
11,13|9|9|4|3|3|3,7,430,9337376,silent,9336946
11,13|9|8|8|4|1|1,7,1588,9097883,silent,9096295
11,13|9|8|8|3|2|1,7,2279,15454461,silent,15452182
11,13|9|8|8|2|2|2,7,651,4888873,silent,4888222
11,13|9|8|7|5|1|1,7,2871,19052651,silent,19049780
11,13|9|8|7|4|2|1,7,6517,52963788,silent,52957271
11,13|9|8|7|3|3|1,7,3538,34370890,silent,34367352
11,13|9|8|7|3|2|2,7,3267,34436687,silent,34433420
11,13|9|8|6|6|1|1,7,1543,10839841,silent,10838298
11,13|9|8|6|5|2|1,7,6643,60594905,silent,60588262
11,13|9|8|6|4|3|1,7,7949,85840550,silent,85832601
11,13|9|8|6|4|2|2,7,5807,69738022,silent,69732215
11,13|9|8|6|3|3|2,7,3846,58767084,silent,58763238
11,13|9|8|5|5|3|1,7,4375,52583346,silent,52578971
11,13|9|8|5|5|2|2,7,2990,40370626,silent,40367636
11,13|9|8|5|4|4|1,7,3529,42452921,silent,42449392
11,13|9|8|5|4|3|2,7,5837,93949324,silent,93943487
11,13|9|8|5|3|3|3,7,1199,29430187,silent,29428988
11,13|9|8|4|4|4|2,7,1657,25591177,silent,25589520
11,13|9|8|4|4|3|3,7,1152,25350223,silent,25349071
11,13|9|7|7|6|1|1,7,1080,8113623,silent,8112543
11,13|9|7|7|5|2|1,7,3732,36581475,silent,36577743
11,13|9|7|7|4|3|1,7,4207,48605630,silent,48601423
11,13|9|7|7|4|2|2,7,2986,39215263,silent,39212277
11,13|9|7|7|3|3|2,7,2007,32299864,silent,32297857
11,13|9|7|6|6|2|1,7,2607,26581522,silent,26578915
11,13|9|7|6|5|3|1,7,6039,77966786,silent,77960747
11,13|9|7|6|5|2|2,7,4067,59033214,silent,59029147
11,13|9|7|6|4|4|1,7,3887,51401124,silent,51397237
11,13|9|7|6|4|3|2,7,6294,110114918,silent,110108624
11,13|9|7|6|3|3|3,7,1240,32064547,silent,32063307
11,13|9|7|5|5|4|1,7,2778,42547218,silent,42544440
11,13|9|7|5|5|3|2,7,3784,74456517,silent,74452733
11,13|9|7|5|4|4|2,7,3499,66367172,silent,66363673
11,13|9|7|5|4|3|3,7,2421,61452189,silent,61449768
11,13|9|7|4|4|4|3,7,1042,22437167,silent,22436125
11,13|9|6|6|6|3|1,7,1323,17828024,silent,17826701
11,13|9|6|6|6|2|2,7,894,13141896,silent,13141002
11,13|9|6|6|5|4|1,7,2078,32451800,silent,32449722
11,13|9|6|6|5|3|2,7,2747,55237923,silent,55235176
11,13|9|6|6|4|4|2,7,2108,40885641,silent,40883533
11,13|9|6|6|4|3|3,7,1378,36946847,silent,36945469
11,13|9|6|5|5|5|1,7,524,10870040,silent,10869516
11,13|9|6|5|5|4|2,7,1790,43210054,silent,43208264
11,13|9|6|5|5|3|3,7,1068,32434007,silent,32432939
11,13|9|6|5|4|4|3,7,1452,37544314,silent,37542862
11,13|9|6|4|4|4|4,7,322,6356917,silent,6356595
11,13|9|5|5|5|5|2,7,174,5919146,silent,5918972
11,13|9|5|5|5|4|3,7,368,12967256,silent,12966888
11,13|9|5|5|4|4|4,7,201,5556583,silent,5556382
11,13|8|8|8|5|1|1,7,526,3675565,silent,3675039
11,13|8|8|8|4|2|1,7,1202,9872512,silent,9871310
11,13|8|8|8|3|3|1,7,607,6308487,silent,6307880
11,13|8|8|8|3|2|2,7,607,6302944,silent,6302337
11,13|8|8|7|6|1|1,7,722,5482776,silent,5482054
11,13|8|8|7|5|2|1,7,2431,23961772,silent,23959341
11,13|8|8|7|4|3|1,7,2682,31384405,silent,31381723
11,13|8|8|7|4|2|2,7,1950,25282177,silent,25280227
11,13|8|8|7|3|3|2,7,1241,20661068,silent,20659827
11,13|8|8|6|6|2|1,7,1409,14449850,silent,14448441
11,13|8|8|6|5|3|1,7,3097,41096138,silent,41093041
11,13|8|8|6|5|2|2,7,2134,31057044,silent,31054910
11,13|8|8|6|4|4|1,7,2023,26788857,silent,26786834
11,13|8|8|6|4|3|2,7,3204,57098998,silent,57095794
11,13|8|8|6|3|3|3,7,585,16481368,silent,16480783
11,13|8|8|5|5|4|1,7,1328,20939381,silent,20938053
11,13|8|8|5|5|3|2,7,1788,36466030,silent,36464242
11,13|8|8|5|4|4|2,7,1690,32145063,silent,32143373
11,13|8|8|5|4|3|3,7,1121,29629892,silent,29628771
11,13|8|8|4|4|4|3,7,490,10528093,silent,10527603
11,13|8|7|7|7|1|1,7,187,1560533,silent,1560346
11,13|8|7|7|6|2|1,7,1184,13627103,silent,13625919
11,13|8|7|7|5|3|1,7,2217,31425436,silent,31423219
11,13|8|7|7|5|2|2,7,1429,23577092,silent,23575663
11,13|8|7|7|4|4|1,7,1292,19341071,silent,19339779
11,13|8|7|7|4|3|2,7,2089,40671486,silent,40669397
11,13|8|7|7|3|3|3,7,427,11433816,silent,11433389
11,13|8|7|6|6|3|1,7,1669,24574822,silent,24573153
11,13|8|7|6|6|2|2,7,1104,18022466,silent,18021362
11,13|8|7|6|5|4|1,7,2463,41556501,silent,41554038
11,13|8|7|6|5|3|2,7,3237,70056907,silent,70053670
11,13|8|7|6|4|4|2,7,2366,50407901,silent,50405535
11,13|8|7|6|4|3|3,7,1583,45212388,silent,45210805
11,13|8|7|5|5|5|1,7,522,11154512,silent,11153990
11,13|8|7|5|5|4|2,7,1689,43503369,silent,43501680
11,13|8|7|5|5|3|3,7,1022,32399386,silent,32398364
11,13|8|7|5|4|4|3,7,1300,36464120,silent,36462820
11,13|8|7|4|4|4|4,7,264,5705947,silent,5705683
11,13|8|6|6|6|4|1,7,683,11382895,silent,11382212
11,13|8|6|6|6|3|2,7,826,17836292,silent,17835466
11,13|8|6|6|5|5|1,7,447,9919203,silent,9918756
11,13|8|6|6|5|4|2,7,1435,36175916,silent,36174481
11,13|8|6|6|5|3|3,7,774,26293776,silent,26293002
11,13|8|6|6|4|4|3,7,873,24582658,silent,24581785
11,13|8|6|5|5|5|2,7,348,13010176,silent,13009828
11,13|8|6|5|5|4|3,7,735,27527865,silent,27527130
11,13|8|6|5|4|4|4,7,388,10919898,silent,10919510
11,13|8|5|5|5|5|3,7,85,4375967,silent,4375882
11,13|8|5|5|5|4|4,7,82,4311395,silent,4311313
11,13|7|7|7|7|2|1,7,106,1454020,silent,1453914
11,13|7|7|7|6|3|1,7,411,6958216,silent,6957805
11,13|7|7|7|6|2|2,7,251,5056223,silent,5055972
11,13|7|7|7|5|4|1,7,493,9427351,silent,9426858
11,13|7|7|7|5|3|2,7,645,15629601,silent,15628956
11,13|7|7|7|4|4|2,7,413,10532196,silent,10531783
11,13|7|7|7|4|3|3,7,305,9329743,silent,9329438
11,13|7|7|6|6|4|1,7,442,8602982,silent,8602540
11,13|7|7|6|6|3|2,7,542,13377929,silent,13377387
11,13|7|7|6|5|5|1,7,315,7094958,silent,7094643
11,13|7|7|6|5|4|2,7,906,25448842,silent,25447936
11,13|7|7|6|5|3|3,7,537,18391814,silent,18391277
11,13|7|7|6|4|4|3,7,517,16770516,silent,16769999
11,13|7|7|5|5|5|2,7,212,7482472,silent,7482260
11,13|7|7|5|5|4|3,7,398,15593809,silent,15593411
11,13|7|7|5|4|4|4,7,180,6007849,silent,6007669
11,13|7|6|6|6|5|1,7,152,3182983,silent,3182831
11,13|7|6|6|6|4|2,7,350,9081181,silent,9080831
11,13|7|6|6|6|3|3,7,175,6148250,silent,6148075
11,13|7|6|6|5|5|2,7,232,8387897,silent,8387665
11,13|7|6|6|5|4|3,7,427,16418461,silent,16418034
11,13|7|6|6|4|4|4,7,170,5176652,silent,5176482
11,13|7|6|5|5|5|3,7,114,6766076,silent,6765962
11,13|7|6|5|5|4|4,7,136,6493371,silent,6493235
11,13|7|5|5|5|5|4,7,19,1478889,silent,1478870
11,13|6|6|6|6|6|1,7,18,238064,silent,238046
11,13|6|6|6|6|5|2,7,56,1466636,silent,1466580
11,13|6|6|6|6|4|3,7,71,2279179,silent,2279108
11,13|6|6|6|5|5|3,7,35,2358026,silent,2357991
11,13|6|6|6|5|4|4,7,57,2128601,silent,2128544
11,13|6|6|5|5|5|4,7,9,1227144,silent,1227135
11,13|6|5|5|5|5|5,7,3,165934,silent,165931
11,12|12|12|5|1|1|1,7,69,133262,silent,133193
11,12|12|12|4|2|1|1,7,137,334111,silent,333974
11,12|12|12|3|3|1|1,7,97,206399,silent,206302
11,12|12|12|3|2|2|1,7,103,247376,silent,247273
11,12|12|12|2|2|2|2,7,37,46528,silent,46491
11,12|12|11|6|1|1|1,7,205,473044,silent,472839
11,12|12|11|5|2|1|1,7,618,1605124,silent,1604506
11,12|12|11|4|3|1|1,7,604,1837743,silent,1837139
11,12|12|11|4|2|2|1,7,590,1769969,silent,1769379
11,12|12|11|3|3|2|1,7,364,1367261,silent,1366897
11,12|12|11|3|2|2|2,7,178,638569,silent,638391
11,12|12|10|7|1|1|1,7,316,782345,silent,782029
11,12|12|10|6|2|1|1,7,1140,3504322,silent,3503182
11,12|12|10|5|3|1|1,7,1679,5920704,silent,5919025
11,12|12|10|5|2|2|1,7,1445,5299929,silent,5298484
11,12|12|10|4|4|1|1,7,794,3189083,silent,3188289
11,12|12|10|4|3|2|1,7,1764,7870787,silent,7869023
11,12|12|10|4|2|2|2,7,681,2893136,silent,2892455
11,12|12|10|3|3|3|1,7,352,2128359,silent,2128007
11,12|12|10|3|3|2|2,7,362,2425925,silent,2425563
11,12|12|9|8|1|1|1,7,245,643382,silent,643137
11,12|12|9|7|2|1|1,7,1293,4134836,silent,4133543
11,12|12|9|6|3|1|1,7,2460,9873668,silent,9871208
11,12|12|9|6|2|2|1,7,2060,8564654,silent,8562594
11,12|12|9|5|4|1|1,7,2261,9955224,silent,9952963
11,12|12|9|5|3|2|1,7,3688,19343907,silent,19340219
11,12|12|9|5|2|2|2,7,1146,6533171,silent,6532025
11,12|12|9|4|4|2|1,7,2093,11427022,silent,11424929
11,12|12|9|4|3|3|1,7,1460,10189983,silent,10188523
11,12|12|9|4|3|2|2,7,1516,10816978,silent,10815462
11,12|12|9|3|3|3|2,7,342,3796272,silent,3795930
11,12|12|8|8|2|1|1,7,529,1896996,silent,1896467
11,12|12|8|7|3|1|1,7,1950,8252441,silent,8250491
11,12|12|8|7|2|2|1,7,1568,7057944,silent,7056376
11,12|12|8|6|4|1|1,7,2712,13612950,silent,13610238
11,12|12|8|6|3|2|1,7,4247,24477170,silent,24472923
11,12|12|8|6|2|2|2,7,1355,7988643,silent,7987288
11,12|12|8|5|5|1|1,7,1412,7261300,silent,7259888
11,12|12|8|5|4|2|1,7,4414,28267600,silent,28263186
11,12|12|8|5|3|3|1,7,2602,20351994,silent,20349392
11,12|12|8|5|3|2|2,7,2494,20933008,silent,20930514
11,12|12|8|4|4|3|1,7,1924,15354454,silent,15352530
11,12|12|8|4|4|2|2,7,1642,13123748,silent,13122106
11,12|12|8|4|3|3|2,7,1214,14765850,silent,14764636
11,12|12|8|3|3|3|3,7,119,2316862,silent,2316743
11,12|12|7|7|4|1|1,7,1335,6658837,silent,6657502
11,12|12|7|7|3|2|1,7,1897,11633681,silent,11631784
11,12|12|7|7|2|2|2,7,496,3734430,silent,3733934
11,12|12|7|6|5|1|1,7,1538,8889993,silent,8888455
11,12|12|7|6|4|2|1,7,3953,27505155,silent,27501202
11,12|12|7|6|3|3|1,7,2184,18574088,silent,18571904
11,12|12|7|6|3|2|2,7,2103,18843520,silent,18841417
11,12|12|7|5|5|2|1,7,2117,16439119,silent,16437002
11,12|12|7|5|4|3|1,7,3338,30091014,silent,30087676
11,12|12|7|5|4|2|2,7,2457,24931029,silent,24928572
11,12|12|7|5|3|3|2,7,1763,22774082,silent,22772319
11,12|12|7|4|4|4|1,7,858,7648058,silent,7647200
11,12|12|7|4|4|3|2,7,1483,18513988,silent,18512505
11,12|12|7|4|3|3|3,7,344,7444979,silent,7444635
11,12|12|6|6|6|1|1,7,247,1748371,silent,1748124
11,12|12|6|6|5|2|1,7,1388,11110350,silent,11108962
11,12|12|6|6|4|3|1,7,1719,16605097,silent,16603378
11,12|12|6|6|4|2|2,7,1413,13616643,silent,13615230
11,12|12|6|6|3|3|2,7,810,11734725,silent,11733915
11,12|12|6|5|5|3|1,7,1264,13417345,silent,13416081
11,12|12|6|5|5|2|2,7,819,10380849,silent,10380030
11,12|12|6|5|4|4|1,7,1084,11332591,silent,11331507
11,12|12|6|5|4|3|2,7,1799,25505979,silent,25504180
11,12|12|6|5|3|3|3,7,377,8226288,silent,8225911
11,12|12|6|4|4|4|2,7,660,7785552,silent,7784892
11,12|12|6|4|4|3|3,7,363,7805933,silent,7805570
11,12|12|5|5|5|4|1,7,260,3474483,silent,3474223
11,12|12|5|5|5|3|2,7,378,6273101,silent,6272723
11,12|12|5|5|4|4|2,7,357,6184982,silent,6184625
11,12|12|5|5|4|3|3,7,296,5881556,silent,5881260
11,12|12|5|4|4|4|3,7,179,2943568,silent,2943389
11,12|12|4|4|4|4|4,7,43,268636,silent,268593
11,12|11|11|7|1|1|1,7,190,472848,silent,472658
11,12|11|11|6|2|1|1,7,704,2077237,silent,2076533
11,12|11|11|5|3|1|1,7,942,3471877,silent,3470935
11,12|11|11|5|2|2|1,7,811,3100372,silent,3099561
11,12|11|11|4|4|1|1,7,512,1865269,silent,1864757
11,12|11|11|4|3|2|1,7,994,4584374,silent,4583380
11,12|11|11|4|2|2|2,7,313,1675255,silent,1674942
11,12|11|11|3|3|3|1,7,188,1236715,silent,1236527
11,12|11|11|3|3|2|2,7,242,1410169,silent,1409927
11,12|11|10|8|1|1|1,7,283,775686,silent,775403
11,12|11|10|7|2|1|1,7,1354,4575359,silent,4574005
11,12|11|10|6|3|1|1,7,2519,10516605,silent,10514086
11,12|11|10|6|2|2|1,7,2086,9101295,silent,9099209
11,12|11|10|5|4|1|1,7,2257,10417994,silent,10415737
11,12|11|10|5|3|2|1,7,3686,20162309,silent,20158623
11,12|11|10|5|2|2|2,7,1145,6790751,silent,6789606
11,12|11|10|4|4|2|1,7,2065,11811903,silent,11809838
11,12|11|10|4|3|3|1,7,1452,10501947,silent,10500495
11,12|11|10|4|3|2|2,7,1489,11130488,silent,11128999
11,12|11|10|3|3|3|2,7,338,3883131,silent,3882793
11,12|11|9|9|1|1|1,7,146,395176,silent,395030
11,12|11|9|8|2|1|1,7,1172,4160217,silent,4159045
11,12|11|9|7|3|1|1,7,3109,14064329,silent,14061220
11,12|11|9|7|2|2|1,7,2480,11977881,silent,11975401
11,12|11|9|6|4|1|1,7,4135,21320422,silent,21316287
11,12|11|9|6|3|2|1,7,6188,38046362,silent,38040174
11,12|11|9|6|2|2|2,7,1789,12342026,silent,12340237
11,12|11|9|5|5|1|1,7,1938,11020701,silent,11018763
11,12|11|9|5|4|2|1,7,6198,42368287,silent,42362089
11,12|11|9|5|3|3|1,7,3657,30342682,silent,30339025
11,12|11|9|5|3|2|2,7,3519,31131248,silent,31127729
11,12|11|9|4|4|3|1,7,2709,22527493,silent,22524784
11,12|11|9|4|4|2|2,7,2054,19186583,silent,19184529
11,12|11|9|4|3|3|2,7,1750,21504262,silent,21502512
11,12|11|9|3|3|3|3,7,143,3328461,silent,3328318
11,12|11|8|8|3|1|1,7,1442,6783950,silent,6782508
11,12|11|8|8|2|2|1,7,1165,5746999,silent,5745834
11,12|11|8|7|4|1|1,7,3515,19457039,silent,19453524
11,12|11|8|7|3|2|1,7,5112,33607395,silent,33602283
11,12|11|8|7|2|2|2,7,1461,10723132,silent,10721671
11,12|11|8|6|5|1|1,7,3309,20521842,silent,20518533
11,12|11|8|6|4|2|1,7,8258,62065183,silent,62056925
11,12|11|8|6|3|3|1,7,4563,41509421,silent,41504858
11,12|11|8|6|3|2|2,7,4324,41954178,silent,41949854
11,12|11|8|5|5|2|1,7,4152,34548228,silent,34544076
11,12|11|8|5|4|3|1,7,6354,61954287,silent,61947933
11,12|11|8|5|4|2|2,7,4723,51146657,silent,51141934
11,12|11|8|5|3|3|2,7,3311,46263238,silent,46259927
11,12|11|8|4|4|4|1,7,1546,15156796,silent,15155250
11,12|11|8|4|4|3|2,7,2689,36424884,silent,36422195
11,12|11|8|4|3|3|3,7,644,14475012,silent,14474368
11,12|11|7|7|5|1|1,7,1691,11057064,silent,11055373
11,12|11|7|7|4|2|1,7,3883,31219527,silent,31215644
11,12|11|7|7|3|3|1,7,2142,20400322,silent,20398180
11,12|11|7|7|3|2|2,7,1956,20475329,silent,20473373
11,12|11|7|6|6|1|1,7,1110,7640698,silent,7639588
11,12|11|7|6|5|2|1,7,4923,44131095,silent,44126172
11,12|11|7|6|4|3|1,7,5992,63437462,silent,63431470
11,12|11|7|6|4|2|2,7,4371,51645233,silent,51640862
11,12|11|7|6|3|3|2,7,2933,43819712,silent,43816779
11,12|11|7|5|5|3|1,7,3498,41241688,silent,41238190
11,12|11|7|5|5|2|2,7,2398,31731141,silent,31728743
11,12|11|7|5|4|4|1,7,2860,33700792,silent,33697932
11,12|11|7|5|4|3|2,7,4755,74934326,silent,74929571
11,12|11|7|5|3|3|3,7,991,23668062,silent,23667071
11,12|11|7|4|4|4|2,7,1391,21011442,silent,21010051
11,12|11|7|4|4|3|3,7,977,20898392,silent,20897415
11,12|11|6|6|6|2|1,7,961,9072076,silent,9071115
11,12|11|6|6|5|3|1,7,2354,28807533,silent,28805179
11,12|11|6|6|5|2|2,7,1630,21920036,silent,21918406
11,12|11|6|6|4|4|1,7,1600,19545060,silent,19543460
11,12|11|6|6|4|3|2,7,2577,42265824,silent,42263247
11,12|11|6|6|3|3|3,7,484,12514197,silent,12513713
11,12|11|6|5|5|4|1,7,1358,19864589,silent,19863231
11,12|11|6|5|5|3|2,7,1864,35097789,silent,35095925
11,12|11|6|5|4|4|2,7,1823,32193708,silent,32191885
11,12|11|6|5|4|3|3,7,1241,30038832,silent,30037591
11,12|11|6|4|4|4|3,7,601,11823547,silent,11822946
11,12|11|5|5|5|5|1,7,129,2482203,silent,2482074
11,12|11|5|5|5|4|2,7,442,10252003,silent,10251561
11,12|11|5|5|5|3|3,7,278,7819646,silent,7819368
11,12|11|5|5|4|4|3,7,398,9690390,silent,9689992
11,12|11|5|4|4|4|4,7,118,2089873,silent,2089755
11,12|10|10|9|1|1|1,7,87,268932,silent,268845
11,12|10|10|8|2|1|1,7,585,2281291,silent,2280706
11,12|10|10|7|3|1|1,7,1545,7179834,silent,7178289
11,12|10|10|7|2|2|1,7,1244,6112200,silent,6110956
11,12|10|10|6|4|1|1,7,1911,10554445,silent,10552534
11,12|10|10|6|3|2|1,7,2982,18790138,silent,18787156
11,12|10|10|6|2|2|2,7,956,6096088,silent,6095132
11,12|10|10|5|5|1|1,7,968,5395460,silent,5394492
11,12|10|10|5|4|2|1,7,2949,20626570,silent,20623621
11,12|10|10|5|3|3|1,7,1730,14728197,silent,14726467
11,12|10|10|5|3|2|2,7,1642,15101213,silent,15099571
11,12|10|10|4|4|3|1,7,1240,10865229,silent,10863989
11,12|10|10|4|4|2|2,7,1078,9258760,silent,9257682
11,12|10|10|4|3|3|2,7,774,10327503,silent,10326729
11,12|10|10|3|3|3|3,7,83,1591160,silent,1591077
11,12|10|9|9|2|1|1,7,397,1460759,silent,1460362
11,12|10|9|8|3|1|1,7,1722,8492301,silent,8490579
11,12|10|9|8|2|2|1,7,1363,7167882,silent,7166519
11,12|10|9|7|4|1|1,7,3331,19227275,silent,19223944
11,12|10|9|7|3|2|1,7,4776,33004359,silent,32999583
11,12|10|9|7|2|2|2,7,1322,10487141,silent,10485819
11,12|10|9|6|5|1|1,7,2901,18834943,silent,18832042
11,12|10|9|6|4|2|1,7,7127,56323869,silent,56316742
11,12|10|9|6|3|3|1,7,3949,37487040,silent,37483091
11,12|10|9|6|3|2|2,7,3700,37810877,silent,37807177
11,12|10|9|5|5|2|1,7,3495,30482845,silent,30479350
11,12|10|9|5|4|3|1,7,5295,54119775,silent,54114480
11,12|10|9|5|4|2|2,7,3894,44587939,silent,44584045
11,12|10|9|5|3|3|2,7,2769,40136889,silent,40134120
11,12|10|9|4|4|4|1,7,1253,13011131,silent,13009878
11,12|10|9|4|4|3|2,7,2185,31148400,silent,31146215
11,12|10|9|4|3|3|3,7,532,12303428,silent,12302896
11,12|10|8|8|4|1|1,7,1649,10219893,silent,10218244
11,12|10|8|8|3|2|1,7,2448,17312418,silent,17309970
11,12|10|8|8|2|2|2,7,760,5470458,silent,5469698
11,12|10|8|7|5|1|1,7,3010,20568064,silent,20565054
11,12|10|8|7|4|2|1,7,6725,56874731,silent,56868006
11,12|10|8|7|3|3|1,7,3660,36815020,silent,36811360
11,12|10|8|7|3|2|2,7,3347,36846294,silent,36842947
11,12|10|8|6|6|1|1,7,1509,11510780,silent,11509271
11,12|10|8|6|5|2|1,7,6732,63804932,silent,63798200
11,12|10|8|6|4|3|1,7,7972,89968581,silent,89960609
11,12|10|8|6|4|2|2,7,5982,73026973,silent,73020991
11,12|10|8|6|3|3|2,7,3806,61364793,silent,61360987
11,12|10|8|5|5|3|1,7,4415,54604366,silent,54599951
11,12|10|8|5|5|2|2,7,2899,41865967,silent,41863068
11,12|10|8|5|4|4|1,7,3506,43929550,silent,43926044
11,12|10|8|5|4|3|2,7,5802,97006618,silent,97000816
11,12|10|8|5|3|3|3,7,1218,30294722,silent,30293504
11,12|10|8|4|4|4|2,7,1712,26251906,silent,26250194
11,12|10|8|4|4|3|3,7,1076,25943852,silent,25942776
11,12|10|7|7|6|1|1,7,1060,8045392,silent,8044332
11,12|10|7|7|5|2|1,7,3540,35951511,silent,35947971
11,12|10|7|7|4|3|1,7,3998,47550671,silent,47546673
11,12|10|7|7|4|2|2,7,2749,38317995,silent,38315246
11,12|10|7|7|3|3|2,7,1930,31486665,silent,31484735
11,12|10|7|6|6|2|1,7,2438,25708820,silent,25706382
11,12|10|7|6|5|3|1,7,5585,74792660,silent,74787075
11,12|10|7|6|5|2|2,7,3768,56569884,silent,56566116
11,12|10|7|6|4|4|1,7,3590,49137626,silent,49134036
11,12|10|7|6|4|3|2,7,5794,105039228,silent,105033434
11,12|10|7|6|3|3|3,7,1134,30490061,silent,30488927
11,12|10|7|5|5|4|1,7,2534,40292633,silent,40290099
11,12|10|7|5|5|3|2,7,3461,70365442,silent,70361981
11,12|10|7|5|4|4|2,7,3146,62506323,silent,62503177
11,12|10|7|5|4|3|3,7,2212,57782040,silent,57779828
11,12|10|7|4|4|4|3,7,938,20954812,silent,20953874
11,12|10|6|6|6|3|1,7,1154,16487536,silent,16486382
11,12|10|6|6|6|2|2,7,858,12148201,silent,12147343
11,12|10|6|6|5|4|1,7,1840,29802819,silent,29800979
11,12|10|6|6|5|3|2,7,2405,50621994,silent,50619589
11,12|10|6|6|4|4|2,7,1934,37349622,silent,37347688
11,12|10|6|6|4|3|3,7,1160,33683144,silent,33681984
11,12|10|6|5|5|5|1,7,466,9868424,silent,9867958
11,12|10|6|5|5|4|2,7,1528,39092623,silent,39091095
11,12|10|6|5|5|3|3,7,966,29305856,silent,29304890
11,12|10|6|5|4|4|3,7,1250,33802626,silent,33801376
11,12|10|6|4|4|4|4,7,312,5684093,silent,5683781
11,12|10|5|5|5|5|2,7,164,5241484,silent,5241320
11,12|10|5|5|5|4|3,7,313,11448561,silent,11448248
11,12|10|5|5|4|4|4,7,149,4883548,silent,4883399
11,12|9|9|9|3|1|1,7,307,1573013,silent,1572706
11,12|9|9|9|2|2|1,7,221,1317440,silent,1317219
11,12|9|9|8|4|1|1,7,1109,6721644,silent,6720535
11,12|9|9|8|3|2|1,7,1518,11315793,silent,11314275
11,12|9|9|8|2|2|2,7,382,3551868,silent,3551486
11,12|9|9|7|5|1|1,7,1518,10946032,silent,10944514
11,12|9|9|7|4|2|1,7,3386,29982846,silent,29979460
11,12|9|9|7|3|3|1,7,1862,19342118,silent,19340256
11,12|9|9|7|3|2|2,7,1680,19316268,silent,19314588
11,12|9|9|6|6|1|1,7,800,5792252,silent,5791452
11,12|9|9|6|5|2|1,7,3194,31537649,silent,31534455
11,12|9|9|6|4|3|1,7,3807,44116037,silent,44112230
11,12|9|9|6|4|2|2,7,2637,35722778,silent,35720141
11,12|9|9|6|3|3|2,7,1876,29940260,silent,29938384
11,12|9|9|5|5|3|1,7,2019,26143204,silent,26141185
11,12|9|9|5|5|2|2,7,1420,20020070,silent,20018650
11,12|9|9|5|4|4|1,7,1587,20885553,silent,20883966
11,12|9|9|5|4|3|2,7,2646,45991880,silent,45989234
11,12|9|9|5|3|3|3,7,557,14298576,silent,14298019
11,12|9|9|4|4|4|2,7,665,12251364,silent,12250699
11,12|9|9|4|4|3|3,7,546,12103645,silent,12103099
11,12|9|8|8|5|1|1,7,1031,7543824,silent,7542793
11,12|9|8|8|4|2|1,7,2249,20066100,silent,20063851
11,12|9|8|8|3|3|1,7,1189,12782813,silent,12781624
11,12|9|8|8|3|2|2,7,1104,12732573,silent,12731469
11,12|9|8|7|6|1|1,7,1286,10358549,silent,10357263
11,12|9|8|7|5|2|1,7,4252,44588878,silent,44584626
11,12|9|8|7|4|3|1,7,4667,57958698,silent,57954031
11,12|9|8|7|4|2|2,7,3329,46589485,silent,46586156
11,12|9|8|7|3|3|2,7,2187,37950149,silent,37947962
11,12|9|8|6|6|2|1,7,2366,26028764,silent,26026398
11,12|9|8|6|5|3|1,7,5233,73035585,silent,73030352
11,12|9|8|6|5|2|2,7,3514,55081121,silent,55077607
11,12|9|8|6|4|4|1,7,3301,47304184,silent,47300883
11,12|9|8|6|4|3|2,7,5303,100518017,silent,100512714
11,12|9|8|6|3|3|3,7,1033,28888650,silent,28887617
11,12|9|8|5|5|4|1,7,2200,36364925,silent,36362725
11,12|9|8|5|5|3|2,7,2971,63128076,silent,63125105
11,12|9|8|5|4|4|2,7,2678,55288707,silent,55286029
11,12|9|8|5|4|3|3,7,1847,50856119,silent,50854272
11,12|9|8|4|4|4|3,7,748,17844050,silent,17843302
11,12|9|7|7|7|1|1,7,252,2325083,silent,2324831
11,12|9|7|7|6|2|1,7,1646,19798101,silent,19796455
11,12|9|7|7|5|3|1,7,3020,45029738,silent,45026718
11,12|9|7|7|5|2|2,7,1980,33730304,silent,33728324
11,12|9|7|7|4|4|1,7,1757,27548666,silent,27546909
11,12|9|7|7|4|3|2,7,2831,57741501,silent,57738670
11,12|9|7|7|3|3|3,7,570,16152161,silent,16151591
11,12|9|7|6|6|3|1,7,2213,34095850,silent,34093637
11,12|9|7|6|6|2|2,7,1407,24954158,silent,24952751
11,12|9|7|6|5|4|1,7,3214,56957070,silent,56953856
11,12|9|7|6|5|3|2,7,4222,95713023,silent,95708801
11,12|9|7|6|4|4|2,7,2991,68446056,silent,68443065
11,12|9|7|6|4|3|3,7,2072,61252113,silent,61250041
11,12|9|7|5|5|5|1,7,674,14975367,silent,14974693
11,12|9|7|5|5|4|2,7,2185,58089014,silent,58086829
11,12|9|7|5|5|3|3,7,1286,43147805,silent,43146519
11,12|9|7|5|4|4|3,7,1621,48276662,silent,48275041
11,12|9|7|4|4|4|4,7,291,7449123,silent,7448832
11,12|9|6|6|6|4|1,7,798,14365453,silent,14364655
11,12|9|6|6|6|3|2,7,968,22439384,silent,22438416
11,12|9|6|6|5|5|1,7,548,12400682,silent,12400134
11,12|9|6|6|5|4|2,7,1672,44967258,silent,44965586
11,12|9|6|6|5|3|3,7,939,32610611,silent,32609672
11,12|9|6|6|4|4|3,7,993,30298870,silent,30297877
11,12|9|6|5|5|5|2,7,425,15845798,silent,15845373
11,12|9|6|5|5|4|3,7,857,33364706,silent,33363849
11,12|9|6|5|4|4|4,7,425,13135789,silent,13135364
11,12|9|5|5|5|5|3,7,91,5084125,silent,5084034
11,12|9|5|5|5|4|4,7,102,4994214,silent,4994112
11,12|8|8|8|6|1|1,7,246,2239134,silent,2238888
11,12|8|8|8|5|2|1,7,844,8900453,silent,8899609
11,12|8|8|8|4|3|1,7,864,11191057,silent,11190193
11,12|8|8|8|4|2|2,7,706,8970192,silent,8969486
11,12|8|8|8|3|3|2,7,367,7184341,silent,7183974
11,12|8|8|7|7|1|1,7,220,1732191,silent,1731971
11,12|8|8|7|6|2|1,7,1151,13721881,silent,13720730
11,12|8|8|7|5|3|1,7,2034,30263728,silent,30261694
11,12|8|8|7|5|2|2,7,1305,22625622,silent,22624317
11,12|8|8|7|4|4|1,7,1176,18308988,silent,18307812
11,12|8|8|7|4|3|2,7,1863,38178745,silent,38176882
11,12|8|8|7|3|3|3,7,359,10585445,silent,10585086
11,12|8|8|6|6|3|1,7,1184,19014662,silent,19013478
11,12|8|8|6|6|2|2,7,876,13902003,silent,13901127
11,12|8|8|6|5|4|1,7,1721,30888565,silent,30886844
11,12|8|8|6|5|3|2,7,2213,51653429,silent,51651216
11,12|8|8|6|4|4|2,7,1686,36535181,silent,36533495
11,12|8|8|6|4|3|3,7,1008,32531581,silent,32530573
11,12|8|8|5|5|5|1,7,337,7609515,silent,7609178
11,12|8|8|5|5|4|2,7,1023,29262970,silent,29261947
11,12|8|8|5|5|3|3,7,669,21661303,silent,21660634
11,12|8|8|5|4|4|3,7,792,23955381,silent,23954589
11,12|8|8|4|4|4|4,7,189,3594334,silent,3594145
11,12|8|7|7|7|2|1,7,287,4006210,silent,4005923
11,12|8|7|7|6|3|1,7,1066,18318231,silent,18317165
11,12|8|7|7|6|2|2,7,633,13281610,silent,13280977
11,12|8|7|7|5|4|1,7,1231,24292043,silent,24290812
11,12|8|7|7|5|3|2,7,1607,40067661,silent,40066054
11,12|8|7|7|4|4|2,7,997,26745396,silent,26744399
11,12|8|7|7|4|3|3,7,750,23581819,silent,23581069
11,12|8|7|6|6|4|1,7,1034,20617934,silent,20616900
11,12|8|7|6|6|3|2,7,1248,31898402,silent,31897154
11,12|8|7|6|5|5|1,7,698,16694974,silent,16694276
11,12|8|7|6|5|4|2,7,2034,59386727,silent,59384693
11,12|8|7|6|5|3|3,7,1167,42738845,silent,42737678
11,12|8|7|6|4|4|3,7,1149,38599731,silent,38598582
11,12|8|7|5|5|5|2,7,445,16770855,silent,16770410
11,12|8|7|5|5|4|3,7,840,34706347,silent,34705507
11,12|8|7|5|4|4|4,7,375,13216694,silent,13216319
11,12|8|6|6|6|5|1,7,256,5896380,silent,5896124
11,12|8|6|6|6|4|2,7,630,16681096,silent,16680466
11,12|8|6|6|6|3|3,7,268,11242942,silent,11242674
11,12|8|6|6|5|5|2,7,373,15131589,silent,15131216
11,12|8|6|6|5|4|3,7,717,29398528,silent,29397811
11,12|8|6|6|4|4|4,7,311,9159327,silent,9159016
11,12|8|6|5|5|5|3,7,194,11645441,silent,11645247
11,12|8|6|5|5|4|4,7,204,11106202,silent,11105998
11,12|8|5|5|5|5|4,7,31,2310588,silent,2310557
11,12|7|7|7|7|3|1,7,92,2048442,silent,2048350
11,12|7|7|7|7|2|2,7,73,1463493,silent,1463420
11,12|7|7|7|6|4|1,7,257,6076475,silent,6076218
11,12|7|7|7|6|3|2,7,307,9245683,silent,9245376
11,12|7|7|7|5|5|1,7,148,4022148,silent,4022000
11,12|7|7|7|5|4|2,7,421,13794440,silent,13794019
11,12|7|7|7|5|3|3,7,236,9793707,silent,9793471
11,12|7|7|7|4|4|3,7,210,8285987,silent,8285777
11,12|7|7|6|6|5|1,7,181,4604887,silent,4604706
11,12|7|7|6|6|4|2,7,358,12809478,silent,12809120
11,12|7|7|6|6|3|3,7,234,8600253,silent,8600019
11,12|7|7|6|5|5|2,7,288,11008629,silent,11008341
11,12|7|7|6|5|4|3,7,469,21063100,silent,21062631
11,12|7|7|6|4|4|4,7,137,6365741,silent,6365604
11,12|7|7|5|5|5|3,7,107,6814882,silent,6814775
11,12|7|7|5|5|4|4,7,136,6425551,silent,6425415
11,12|7|6|6|6|6|1,7,39,840406,silent,840367
11,12|7|6|6|6|5|2,7,145,5061599,silent,5061454
11,12|7|6|6|6|4|3,7,186,7769472,silent,7769286
11,12|7|6|6|5|5|3,7,129,7786304,silent,7786175
11,12|7|6|6|5|4|4,7,138,6945072,silent,6944934
11,12|7|6|5|5|5|4,7,38,3684690,silent,3684652
11,12|7|5|5|5|5|5,7,2,382817,silent,382815
11,12|6|6|6|6|6|2,7,26,397788,silent,397762
11,12|6|6|6|6|5|3,7,27,1416871,silent,1416844
11,12|6|6|6|6|4|4,7,41,1029044,silent,1029003
11,12|6|6|6|5|5|4,7,10,1329663,silent,1329653
11,12|6|6|5|5|5|5,7,2,327150,silent,327148
11,11|11|11|8|1|1|1,7,54,131644,silent,131590
11,11|11|11|7|2|1|1,7,213,741517,silent,741304
11,11|11|11|6|3|1|1,7,396,1668674,silent,1668278
11,11|11|11|6|2|2|1,7,304,1438519,silent,1438215
11,11|11|11|5|4|1|1,7,344,1635279,silent,1634935
11,11|11|11|5|3|2|1,7,553,3153987,silent,3153434
11,11|11|11|5|2|2|2,7,163,1057629,silent,1057466
11,11|11|11|4|4|2|1,7,300,1837131,silent,1836831
11,11|11|11|4|3|3|1,7,226,1632580,silent,1632354
11,11|11|11|4|3|2|2,7,214,1725533,silent,1725319
11,11|11|11|3|3|3|2,7,56,601405,silent,601349
11,11|11|10|9|1|1|1,7,56,166428,silent,166372
11,11|11|10|8|2|1|1,7,374,1360727,silent,1360353
11,11|11|10|7|3|1|1,7,876,4199415,silent,4198539
11,11|11|10|7|2|2|1,7,701,3567766,silent,3567065
11,11|11|10|6|4|1|1,7,1149,6118317,silent,6117168
11,11|11|10|6|3|2|1,7,1678,10865050,silent,10863372
11,11|11|10|6|2|2|2,7,457,3511316,silent,3510859
11,11|11|10|5|5|1|1,7,505,3110627,silent,3110122
11,11|11|10|5|4|2|1,7,1649,11865360,silent,11863711
11,11|11|10|5|3|3|1,7,968,8466981,silent,8466013
11,11|11|10|5|3|2|2,7,941,8673397,silent,8672456
11,11|11|10|4|4|3|1,7,720,6228833,silent,6228113
11,11|11|10|4|4|2|2,7,506,5292812,silent,5292306
11,11|11|10|4|3|3|2,7,473,5915926,silent,5915453
11,11|11|10|3|3|3|3,7,31,907560,silent,907529
11,11|11|9|9|2|1|1,7,175,720672,silent,720497
11,11|11|9|8|3|1|1,7,812,4053733,silent,4052921
11,11|11|9|8|2|2|1,7,625,3415739,silent,3415114
11,11|11|9|7|4|1|1,7,1509,9018366,silent,9016857
11,11|11|9|7|3|2|1,7,2185,15456137,silent,15453952
11,11|11|9|7|2|2|2,7,617,4904169,silent,4903552
11,11|11|9|6|5|1|1,7,1329,8762332,silent,8761003
11,11|11|9|6|4|2|1,7,3217,26129294,silent,26126077
11,11|11|9|6|3|3|1,7,1809,17376889,silent,17375080
11,11|11|9|6|3|2|2,7,1657,17509441,silent,17507784
11,11|11|9|5|5|2|1,7,1586,14086903,silent,14085317
11,11|11|9|5|4|3|1,7,2386,24954880,silent,24952494
11,11|11|9|5|4|2|2,7,1757,20544694,silent,20542937
11,11|11|9|5|3|3|2,7,1249,18479874,silent,18478625
11,11|11|9|4|4|4|1,7,551,5977303,silent,5976752
11,11|11|9|4|4|3|2,7,975,14299598,silent,14298623
11,11|11|9|4|3|3|3,7,249,5643672,silent,5643423
11,11|11|8|8|4|1|1,7,775,4532487,silent,4531712
11,11|11|8|8|3|2|1,7,1052,7659038,silent,7657986
11,11|11|8|8|2|2|2,7,266,2411237,silent,2410971
11,11|11|8|7|5|1|1,7,1257,8967342,silent,8966085
11,11|11|8|7|4|2|1,7,2857,24733407,silent,24730550
11,11|11|8|7|3|3|1,7,1548,15995122,silent,15993574
11,11|11|8|7|3|2|2,7,1429,15996721,silent,15995292
11,11|11|8|6|6|1|1,7,699,4988926,silent,4988227
11,11|11|8|6|5|2|1,7,2835,27518669,silent,27515834
11,11|11|8|6|4|3|1,7,3397,38723900,silent,38720503
11,11|11|8|6|4|2|2,7,2379,31395311,silent,31392932
11,11|11|8|6|3|3|2,7,1668,26377224,silent,26375556
11,11|11|8|5|5|3|1,7,1824,23406429,silent,23404605
11,11|11|8|5|5|2|2,7,1295,17944208,silent,17942913
11,11|11|8|5|4|4|1,7,1468,18796821,silent,18795353
11,11|11|8|5|4|3|2,7,2425,41471557,silent,41469132
11,11|11|8|5|3|3|3,7,500,12934288,silent,12933788
11,11|11|8|4|4|4|2,7,632,11175543,silent,11174911
11,11|11|8|4|4|3|3,7,504,11054220,silent,11053716
11,11|11|7|7|6|1|1,7,414,3399591,silent,3399177
11,11|11|7|7|5|2|1,7,1464,15138152,silent,15136688
11,11|11|7|7|4|3|1,7,1623,19977868,silent,19976245
11,11|11|7|7|4|2|2,7,1202,16096285,silent,16095083
11,11|11|7|7|3|3|2,7,756,13205113,silent,13204357
11,11|11|7|6|6|2|1,7,991,10750623,silent,10749632
11,11|11|7|6|5|3|1,7,2287,31166560,silent,31164273
11,11|11|7|6|5|2|2,7,1526,23557627,silent,23556101
11,11|11|7|6|4|4|1,7,1449,20438381,silent,20436932
11,11|11|7|6|4|3|2,7,2356,43652685,silent,43650329
11,11|11|7|6|3|3|3,7,472,12656646,silent,12656174
11,11|11|7|5|5|4|1,7,1037,16695710,silent,16694673
11,11|11|7|5|5|3|2,7,1401,29127937,silent,29126536
11,11|11|7|5|4|4|2,7,1298,25830338,silent,25829040
11,11|11|7|5|4|3|3,7,882,23860739,silent,23859857
11,11|11|7|4|4|4|3,7,369,8624003,silent,8623634
11,11|11|6|6|6|3|1,7,481,6771923,silent,6771442
11,11|11|6|6|6|2|2,7,282,4978250,silent,4977968
11,11|11|6|6|5|4|1,7,734,12199154,silent,12198420
11,11|11|6|6|5|3|2,7,984,20704881,silent,20703897
11,11|11|6|6|4|4|2,7,683,15237136,silent,15236453
11,11|11|6|6|4|3|3,7,514,13749019,silent,13748505
11,11|11|6|5|5|5|1,7,186,4019832,silent,4019646
11,11|11|6|5|5|4|2,7,645,15902869,silent,15902224
11,11|11|6|5|5|3|3,7,360,11905657,silent,11905297
11,11|11|6|5|4|4|3,7,497,13713496,silent,13712999
11,11|11|6|4|4|4|4,7,86,2292896,silent,2292810
11,11|11|5|5|5|5|2,7,53,2110590,silent,2110537
11,11|11|5|5|5|4|3,7,125,4607155,silent,4607030
11,11|11|5|5|4|4|4,7,81,1963413,silent,1963332
11,11|10|10|10|1|1|1,7,11,40610,silent,40599
11,11|10|10|9|2|1|1,7,150,617569,silent,617419
11,11|10|10|8|3|1|1,7,527,2791796,silent,2791269
11,11|10|10|8|2|2|1,7,436,2354186,silent,2353750
11,11|10|10|7|4|1|1,7,947,5788117,silent,5787170
11,11|10|10|7|3|2|1,7,1368,9894324,silent,9892956
11,11|10|10|7|2|2|2,7,397,3138585,silent,3138188
11,11|10|10|6|5|1|1,7,794,5467473,silent,5466679
11,11|10|10|6|4|2|1,7,1971,16225997,silent,16224026
11,11|10|10|6|3|3|1,7,1068,10755435,silent,10754367
11,11|10|10|6|3|2|2,7,1027,10837486,silent,10836459
11,11|10|10|5|5|2|1,7,944,8639965,silent,8639021
11,11|10|10|5|4|3|1,7,1423,15231863,silent,15230440
11,11|10|10|5|4|2|2,7,1061,12533879,silent,12532818
11,11|10|10|5|3|3|2,7,729,11233916,silent,11233187
11,11|10|10|4|4|4|1,7,341,3622605,silent,3622264
11,11|10|10|4|4|3|2,7,583,8643296,silent,8642713
11,11|10|10|4|3|3|3,7,137,3395927,silent,3395790
11,11|10|9|9|3|1|1,7,350,1866961,silent,1866611
11,11|10|9|9|2|2|1,7,263,1563989,silent,1563726
11,11|10|9|8|4|1|1,7,1136,7335212,silent,7334076
11,11|10|9|8|3|2|1,7,1609,12322894,silent,12321285
11,11|10|9|8|2|2|2,7,441,3867339,silent,3866898
11,11|10|9|7|5|1|1,7,1566,11521233,silent,11519667
11,11|10|9|7|4|2|1,7,3455,31419834,silent,31416379
11,11|10|9|7|3|3|1,7,1888,20219783,silent,20217895
11,11|10|9|7|3|2|2,7,1703,20180940,silent,20179237
11,11|10|9|6|6|1|1,7,765,6006066,silent,6005301
11,11|10|9|6|5|2|1,7,3195,32469145,silent,32465950
11,11|10|9|6|4|3|1,7,3762,45232775,silent,45229013
11,11|10|9|6|4|2|2,7,2718,36609831,silent,36607113
11,11|10|9|6|3|3|2,7,1819,30595896,silent,30594077
11,11|10|9|5|5|3|1,7,2009,26583248,silent,26581239
11,11|10|9|5|5|2|2,7,1347,20333616,silent,20332269
11,11|10|9|5|4|4|1,7,1566,21174887,silent,21173321
11,11|10|9|5|4|3|2,7,2603,46538544,silent,46535941
11,11|10|9|5|3|3|3,7,552,14427108,silent,14426556
11,11|10|9|4|4|4|2,7,704,12330382,silent,12329678
11,11|10|9|4|4|3|3,7,494,12149610,silent,12149116
11,11|10|8|8|5|1|1,7,850,6481518,silent,6480668
11,11|10|8|8|4|2|1,7,1859,17162499,silent,17160640
11,11|10|8|8|3|3|1,7,976,10909045,silent,10908069
11,11|10|8|8|3|2|2,7,915,10857248,silent,10856333
11,11|10|8|7|6|1|1,7,1034,8606979,silent,8605945
11,11|10|8|7|5|2|1,7,3397,36766127,silent,36762730
11,11|10|8|7|4|3|1,7,3715,47597351,silent,47593636
11,11|10|8|7|4|2|2,7,2651,38227539,silent,38224888
11,11|10|8|7|3|3|2,7,1735,31069077,silent,31067342
11,11|10|8|6|6|2|1,7,1865,21153159,silent,21151294
11,11|10|8|6|5|3|1,7,4090,58929440,silent,58925350
11,11|10|8|6|5|2|2,7,2753,44403444,silent,44400691
11,11|10|8|6|4|4|1,7,2577,38049685,silent,38047108
11,11|10|8|6|4|3|2,7,4131,80706465,silent,80702334
11,11|10|8|6|3|3|3,7,800,23131588,silent,23130788
11,11|10|8|5|5|4|1,7,1700,29006849,silent,29005149
11,11|10|8|5|5|3|2,7,2292,50265422,silent,50263130
11,11|10|8|5|4|4|2,7,2063,43890526,silent,43888463
11,11|10|8|5|4|3|3,7,1419,40312421,silent,40311002
11,11|10|8|4|4|4|3,7,572,14059039,silent,14058467
11,11|10|7|7|7|1|1,7,200,1794348,silent,1794148
11,11|10|7|7|6|2|1,7,1220,15080945,silent,15079725
11,11|10|7|7|5|3|1,7,2233,34055851,silent,34053618
11,11|10|7|7|5|2|2,7,1442,25486479,silent,25485037
11,11|10|7|7|4|4|1,7,1289,20770901,silent,20769612
11,11|10|7|7|4|3|2,7,2072,43456319,silent,43454247
11,11|10|7|7|3|3|3,7,425,12123380,silent,12122955
11,11|10|7|6|6|3|1,7,1594,25414657,silent,25413063
11,11|10|7|6|6|2|2,7,1042,18587384,silent,18586342
11,11|10|7|6|5|4|1,7,2313,42190185,silent,42187872
11,11|10|7|6|5|3|2,7,3032,70773417,silent,70770385
11,11|10|7|6|4|4|2,7,2162,50459598,silent,50457436
11,11|10|7|6|4|3|3,7,1469,45086820,silent,45085351
11,11|10|7|5|5|5|1,7,486,10978985,silent,10978499
11,11|10|7|5|5|4|2,7,1535,42463163,silent,42461628
11,11|10|7|5|5|3|3,7,930,31502084,silent,31501154
11,11|10|7|5|4|4|3,7,1141,35137680,silent,35136539
11,11|10|7|4|4|4|4,7,218,5386673,silent,5386455
11,11|10|6|6|6|4|1,7,556,10291024,silent,10290468
11,11|10|6|6|6|3|2,7,671,16047311,silent,16046640
11,11|10|6|6|5|5|1,7,377,8838505,silent,8838128
11,11|10|6|6|5|4|2,7,1157,31957581,silent,31956424
11,11|10|6|6|5|3|3,7,642,23144078,silent,23143436
11,11|10|6|6|4|4|3,7,681,21437568,silent,21436887
11,11|10|6|5|5|5|2,7,290,11145962,silent,11145672
11,11|10|6|5|5|4|3,7,585,23411925,silent,23411340
11,11|10|6|5|4|4|4,7,285,9182522,silent,9182237
11,11|10|5|5|5|5|3,7,64,3498440,silent,3498376
11,11|10|5|5|5|4|4,7,64,3429408,silent,3429344
11,11|9|9|9|4|1|1,7,218,1508709,silent,1508491
11,11|9|9|9|3|2|1,7,301,2507015,silent,2506714
11,11|9|9|9|2|2|2,7,80,779873,silent,779793
11,11|9|9|8|5|1|1,7,597,4659189,silent,4658592
11,11|9|9|8|4|2|1,7,1239,12211582,silent,12210343
11,11|9|9|8|3|3|1,7,685,7739892,silent,7739207
11,11|9|9|8|3|2|2,7,591,7679545,silent,7678954
11,11|9|9|7|6|1|1,7,582,5047829,silent,5047247
11,11|9|9|7|5|2|1,7,1876,21195078,silent,21193202
11,11|9|9|7|4|3|1,7,2039,27218594,silent,27216555
11,11|9|9|7|4|2|2,7,1428,21815692,silent,21814264
11,11|9|9|7|3|3|2,7,963,17676721,silent,17675758
11,11|9|9|6|6|2|1,7,961,11517904,silent,11516943
11,11|9|9|6|5|3|1,7,2129,31594944,silent,31592815
11,11|9|9|6|5|2|2,7,1388,23760589,silent,23759201
11,11|9|9|6|4|4|1,7,1286,20254699,silent,20253413
11,11|9|9|6|4|3|2,7,2098,42845792,silent,42843694
11,11|9|9|6|3|3|3,7,439,12230168,silent,12229729
11,11|9|9|5|5|4|1,7,861,15084530,silent,15083669
11,11|9|9|5|5|3|2,7,1163,26063374,silent,26062211
11,11|9|9|5|4|4|2,7,997,22591854,silent,22590857
11,11|9|9|5|4|3|3,7,714,20712740,silent,20712026
11,11|9|9|4|4|4|3,7,263,7114777,silent,7114514
11,11|9|8|8|6|1|1,7,448,3833524,silent,3833076
11,11|9|8|8|5|2|1,7,1321,15004869,silent,15003548
11,11|9|8|8|4|3|1,7,1394,18738371,silent,18736977
11,11|9|8|8|4|2|2,7,971,14972541,silent,14971570
11,11|9|8|8|3|3|2,7,642,11977565,silent,11976923
11,11|9|8|7|7|1|1,7,287,2762340,silent,2762053
11,11|9|8|7|6|2|1,7,1692,21370651,silent,21368959
11,11|9|8|7|5|3|1,7,2941,46539852,silent,46536911
11,11|9|8|7|5|2|2,7,1934,34737443,silent,34735509
11,11|9|8|7|4|4|1,7,1691,27988324,silent,27986633
11,11|9|8|7|4|3|2,7,2689,58203670,silent,58200981
11,11|9|8|7|3|3|3,7,524,16072003,silent,16071479
11,11|9|8|6|6|3|1,7,1720,28354457,silent,28352737
11,11|9|8|6|6|2|2,7,1088,20674058,silent,20672970
11,11|9|8|6|5|4|1,7,2404,45534287,silent,45531883
11,11|9|8|6|5|3|2,7,3130,75933005,silent,75929875
11,11|9|8|6|4|4|2,7,2163,53367659,silent,53365496
11,11|9|8|6|4|3|3,7,1497,47458826,silent,47457329
11,11|9|8|5|5|5|1,7,466,11005035,silent,11004569
11,11|9|8|5|5|4|2,7,1483,42107047,silent,42105564
11,11|9|8|5|5|3|3,7,867,31083024,silent,31082157
11,11|9|8|5|4|4|3,7,1062,34183302,silent,34182240
11,11|9|8|4|4|4|4,7,174,5052982,silent,5052808
11,11|9|7|7|7|2|1,7,346,4951442,silent,4951096
11,11|9|7|7|6|3|1,7,1227,22117837,silent,22116610
11,11|9|7|7|6|2|2,7,776,16018654,silent,16017878
11,11|9|7|7|5|4|1,7,1419,29000725,silent,28999306
11,11|9|7|7|5|3|2,7,1826,47693512,silent,47691686
11,11|9|7|7|4|4|2,7,1191,31665544,silent,31664353
11,11|9|7|7|4|3|3,7,819,27846123,silent,27845304
11,11|9|7|6|6|4|1,7,1133,23864920,silent,23863787
11,11|9|7|6|6|3|2,7,1373,36817202,silent,36815829
11,11|9|7|6|5|5|1,7,779,19150784,silent,19150005
11,11|9|7|6|5|4|2,7,2218,67773463,silent,67771245
11,11|9|7|6|5|3|3,7,1290,48668188,silent,48666898
11,11|9|7|6|4|4|3,7,1226,43704635,silent,43703409
11,11|9|7|5|5|5|2,7,477,18771950,silent,18771473
11,11|9|7|5|5|4|3,7,907,38676028,silent,38675121
11,11|9|7|5|4|4|4,7,405,14626486,silent,14626081
11,11|9|6|6|6|5|1,7,259,6247323,silent,6247064
11,11|9|6|6|6|4|2,7,566,17573684,silent,17573118
11,11|9|6|6|6|3|3,7,308,11833416,silent,11833108
11,11|9|6|6|5|5|2,7,411,15814483,silent,15814072
11,11|9|6|6|5|4|3,7,709,30576088,silent,30575379
11,11|9|6|6|4|4|4,7,247,9450321,silent,9450074
11,11|9|6|5|5|5|3,7,191,11878612,silent,11878421
11,11|9|6|5|5|4|4,7,221,11294733,silent,11294512
11,11|9|5|5|5|5|4,7,24,2255538,silent,2255514
11,11|8|8|8|7|1|1,7,85,798600,silent,798515
11,11|8|8|8|6|2|1,7,394,4874538,silent,4874144
11,11|8|8|8|5|3|1,7,609,9806721,silent,9806112
11,11|8|8|8|5|2|2,7,420,7293249,silent,7292829
11,11|8|8|8|4|4|1,7,361,5741256,silent,5740895
11,11|8|8|8|4|3|2,7,541,11817607,silent,11817066
11,11|8|8|8|3|3|3,7,92,3202846,silent,3202754
11,11|8|8|7|7|2|1,7,273,3840779,silent,3840506
11,11|8|8|7|6|3|1,7,898,15983863,silent,15982965
11,11|8|8|7|6|2|2,7,570,11556126,silent,11555556
11,11|8|8|7|5|4|1,7,1002,20379376,silent,20378374
11,11|8|8|7|5|3|2,7,1274,33353160,silent,33351886
11,11|8|8|7|4|4|2,7,834,21899755,silent,21898921
11,11|8|8|7|4|3|3,7,556,19167468,silent,19166912
11,11|8|8|6|6|4|1,7,671,13918895,silent,13918224
11,11|8|8|6|6|3|2,7,801,21369604,silent,21368803
11,11|8|8|6|5|5|1,7,426,10896680,silent,10896254
11,11|8|8|6|5|4|2,7,1248,38242882,silent,38241634
11,11|8|8|6|5|3|3,7,692,27347434,silent,27346742
11,11|8|8|6|4|4|3,7,691,24283305,silent,24282614
11,11|8|8|5|5|5|2,7,237,9921596,silent,9921359
11,11|8|8|5|5|4|3,7,462,20293345,silent,20292883
11,11|8|8|5|4|4|4,7,216,7572739,silent,7572523
11,11|8|7|7|7|3|1,7,237,4864877,silent,4864640
11,11|8|7|7|7|2|2,7,139,3464404,silent,3464265
11,11|8|7|7|6|4|1,7,579,13843637,silent,13843058
11,11|8|7|7|6|3|2,7,692,20962830,silent,20962138
11,11|8|7|7|5|5|1,7,338,9002457,silent,9002119
11,11|8|7|7|5|4|2,7,894,30634169,silent,30633275
11,11|8|7|7|5|3|3,7,533,21666667,silent,21666134
11,11|8|7|7|4|4|3,7,449,18162999,silent,18162550
11,11|8|7|6|6|5|1,7,359,9603264,silent,9602905
11,11|8|7|6|6|4|2,7,781,26506949,silent,26506168
11,11|8|7|6|6|3|3,7,416,17711306,silent,17710890
11,11|8|7|6|5|5|2,7,536,22370478,silent,22369942
11,11|8|7|6|5|4|3,7,914,42511510,silent,42510596
11,11|8|7|6|4|4|4,7,306,12709074,silent,12708768
11,11|8|7|5|5|5|3,7,209,13232853,silent,13232644
11,11|8|7|5|5|4|4,7,220,12401723,silent,12401503
11,11|8|6|6|6|6|1,7,61,1368300,silent,1368239
11,11|8|6|6|6|5|2,7,217,8123486,silent,8123269
11,11|8|6|6|6|4|3,7,277,12377402,silent,12377125
11,11|8|6|6|5|5|3,7,187,12195011,silent,12194824
11,11|8|6|6|5|4|4,7,210,10814723,silent,10814513
11,11|8|6|5|5|5|4,7,54,5520286,silent,5520232
11,11|8|5|5|5|5|5,7,5,523215,silent,523210
11,11|7|7|7|7|4|1,7,60,1672138,silent,1672078
11,11|7|7|7|7|3|2,7,67,2444152,silent,2444085
11,11|7|7|7|6|5|1,7,94,3032142,silent,3032048
11,11|7|7|7|6|4|2,7,196,8071609,silent,8071413
11,11|7|7|7|6|3|3,7,112,5323624,silent,5323512
11,11|7|7|7|5|5|2,7,121,5569407,silent,5569286
11,11|7|7|7|5|4|3,7,192,10234044,silent,10233852
11,11|7|7|7|4|4|4,7,56,2838368,silent,2838312
11,11|7|7|6|6|6|1,7,35,1127486,silent,1127451
11,11|7|7|6|6|5|2,7,144,6497762,silent,6497618
11,11|7|7|6|6|4|3,7,184,9762880,silent,9762696
11,11|7|7|6|5|5|3,7,143,9100098,silent,9099955
11,11|7|7|6|5|4|4,7,127,7965506,silent,7965379
11,11|7|7|5|5|5|4,7,37,3324652,silent,3324615
11,11|7|6|6|6|6|2,7,35,1237587,silent,1237552
11,11|7|6|6|6|5|3,7,77,4338525,silent,4338448
11,11|7|6|6|6|4|4,7,59,3105988,silent,3105929
11,11|7|6|6|5|5|4,7,45,3906300,silent,3906255
11,11|7|6|5|5|5|5,7,3,875429,silent,875426
11,11|6|6|6|6|6|3,7,13,365172,silent,365159
11,11|6|6|6|6|5|4,7,13,760960,silent,760947
11,11|6|6|6|5|5|5,7,0,-1,a0,
