delta,lam,ell,a,m_det,class,margin
11,39|1|1|1|1|1,6,0,-1,a0,
11,38|2|1|1|1|1,6,0,-1,a0,
11,37|3|1|1|1|1,6,0,-1,a0,
11,37|2|2|1|1|1,6,0,-1,a0,
11,36|4|1|1|1|1,6,0,-1,a0,
11,36|3|2|1|1|1,6,0,-1,a0,
11,36|2|2|2|1|1,6,0,-1,a0,
11,35|5|1|1|1|1,6,0,-1,a0,
11,35|4|2|1|1|1,6,0,-1,a0,
11,35|3|3|1|1|1,6,0,-1,a0,
11,35|3|2|2|1|1,6,0,-1,a0,
11,35|2|2|2|2|1,6,0,-1,a0,
11,34|6|1|1|1|1,6,0,-1,a0,
11,34|5|2|1|1|1,6,0,-1,a0,
11,34|4|3|1|1|1,6,0,-1,a0,
11,34|4|2|2|1|1,6,0,-1,a0,
11,34|3|3|2|1|1,6,0,-1,a0,
11,34|3|2|2|2|1,6,0,-1,a0,
11,34|2|2|2|2|2,6,1,13,silent,12
11,33|7|1|1|1|1,6,0,-1,a0,
11,33|6|2|1|1|1,6,0,-1,a0,
11,33|5|3|1|1|1,6,0,-1,a0,
11,33|5|2|2|1|1,6,0,-1,a0,
11,33|4|4|1|1|1,6,0,-1,a0,
11,33|4|3|2|1|1,6,0,-1,a0,
11,33|4|2|2|2|1,6,1,78,silent,77
11,33|3|3|3|1|1,6,0,-1,a0,
11,33|3|3|2|2|1,6,0,-1,a0,
11,33|3|2|2|2|2,6,1,30,silent,29
11,32|8|1|1|1|1,6,0,-1,a0,
11,32|7|2|1|1|1,6,0,-1,a0,
11,32|6|3|1|1|1,6,0,-1,a0,
11,32|6|2|2|1|1,6,0,-1,a0,
11,32|5|4|1|1|1,6,0,-1,a0,
11,32|5|3|2|1|1,6,1,375,silent,374
11,32|5|2|2|2|1,6,2,169,silent,167
11,32|4|4|2|1|1,6,0,-1,a0,
11,32|4|3|3|1|1,6,0,-1,a0,
11,32|4|3|2|2|1,6,1,260,silent,259
11,32|4|2|2|2|2,6,3,105,silent,102
11,32|3|3|3|2|1,6,0,-1,a0,
11,32|3|3|2|2|2,6,0,-1,a0,
11,31|9|1|1|1|1,6,0,-1,a0,
11,31|8|2|1|1|1,6,0,-1,a0,
11,31|7|3|1|1|1,6,0,-1,a0,
11,31|7|2|2|1|1,6,1,257,silent,256
11,31|6|4|1|1|1,6,0,-1,a0,
11,31|6|3|2|1|1,6,2,726,silent,724
11,31|6|2|2|2|1,6,4,322,silent,318
11,31|5|5|1|1|1,6,1,199,silent,198
11,31|5|4|2|1|1,6,2,701,silent,699
11,31|5|3|3|1|1,6,1,578,silent,577
11,31|5|3|2|2|1,6,4,692,silent,688
11,31|5|2|2|2|2,6,4,197,silent,193
11,31|4|4|3|1|1,6,0,-1,a0,
11,31|4|4|2|2|1,6,3,426,silent,423
11,31|4|3|3|2|1,6,0,-1,a0,
11,31|4|3|2|2|2,6,2,270,silent,268
11,31|3|3|3|3|1,6,0,-1,a0,
11,31|3|3|3|2|2,6,0,-1,a0,
11,30|10|1|1|1|1,6,0,-1,a0,
11,30|9|2|1|1|1,6,0,-1,a0,
11,30|8|3|1|1|1,6,1,487,silent,486
11,30|8|2|2|1|1,6,1,361,silent,360
11,30|7|4|1|1|1,6,1,672,silent,671
11,30|7|3|2|1|1,6,5,1265,silent,1260
11,30|7|2|2|2|1,6,7,533,silent,526
11,30|6|5|1|1|1,6,1,550,silent,549
11,30|6|4|2|1|1,6,5,1607,silent,1602
11,30|6|3|3|1|1,6,3,1230,silent,1227
11,30|6|3|2|2|1,6,9,1466,silent,1457
11,30|6|2|2|2|2,6,9,410,silent,401
11,30|5|5|2|1|1,6,5,873,silent,868
11,30|5|4|3|1|1,6,4,1457,silent,1453
11,30|5|4|2|2|1,6,9,1535,silent,1526
11,30|5|3|3|2|1,6,2,1385,silent,1383
11,30|5|3|2|2|2,6,4,724,silent,720
11,30|4|4|4|1|1,6,0,-1,a0,
11,30|4|4|3|2|1,6,2,1019,silent,1017
11,30|4|4|2|2|2,6,6,539,silent,533
11,30|4|3|3|3|1,6,0,-1,a0,
11,30|4|3|3|2|2,6,0,-1,a0,
11,30|3|3|3|3|2,6,0,-1,a0,
11,29|11|1|1|1|1,6,0,-1,a0,
11,29|10|2|1|1|1,6,0,-1,a0,
11,29|9|3|1|1|1,6,1,684,silent,683
11,29|9|2|2|1|1,6,3,532,silent,529
11,29|8|4|1|1|1,6,2,1074,silent,1072
11,29|8|3|2|1|1,6,9,1962,silent,1953
11,29|8|2|2|2|1,6,11,815,silent,804
11,29|7|5|1|1|1,6,4,1190,silent,1186
11,29|7|4|2|1|1,6,14,3178,silent,3164
11,29|7|3|3|1|1,6,6,2217,silent,2211
11,29|7|3|2|2|1,6,18,2641,silent,2623
11,29|7|2|2|2|2,6,12,640,silent,628
11,29|6|6|1|1|1,6,0,-1,a0,
11,29|6|5|2|1|1,6,11,2684,silent,2673
11,29|6|4|3|1|1,6,10,3655,silent,3645
11,29|6|4|2|2|1,6,24,3798,silent,3774
11,29|6|3|3|2|1,6,6,3144,silent,3138
11,29|6|3|2|2|2,6,12,1649,silent,1637
11,29|5|5|3|1|1,6,9,2039,silent,2030
11,29|5|5|2|2|1,6,8,1830,silent,1822
11,29|5|4|4|1|1,6,5,1432,silent,1427
11,29|5|4|3|2|1,6,12,4201,silent,4189
11,29|5|4|2|2|2,6,11,1788,silent,1777
11,29|5|3|3|3|1,6,0,-1,a0,
11,29|5|3|3|2|2,6,1,1562,silent,1561
11,29|4|4|4|2|1,6,5,1051,silent,1046
11,29|4|4|3|3|1,6,0,-1,a0,
11,29|4|4|3|2|2,6,4,1301,silent,1297
11,29|4|3|3|3|2,6,0,-1,a0,
11,29|3|3|3|3|3,6,0,-1,a0,
11,28|12|1|1|1|1,6,0,-1,a0,
11,28|11|2|1|1|1,6,0,-1,a0,
11,28|10|3|1|1|1,6,2,898,silent,896
11,28|10|2|2|1|1,6,3,678,silent,675
11,28|9|4|1|1|1,6,4,1614,silent,1610
11,28|9|3|2|1|1,6,15,2859,silent,2844
11,28|9|2|2|2|1,6,17,1159,silent,1142
11,28|8|5|1|1|1,6,8,2076,silent,2068
11,28|8|4|2|1|1,6,24,5294,silent,5270
11,28|8|3|3|1|1,6,14,3637,silent,3623
11,28|8|3|2|2|1,6,31,4294,silent,4263
11,28|8|2|2|2|2,6,20,1044,silent,1024
11,28|7|6|1|1|1,6,4,1471,silent,1467
11,28|7|5|2|1|1,6,30,6070,silent,6040
11,28|7|4|3|1|1,6,26,7497,silent,7471
11,28|7|4|2|2|1,6,47,7536,silent,7489
11,28|7|3|3|2|1,6,15,6038,silent,6023
11,28|7|3|2|2|2,6,21,3034,silent,3013
11,28|6|6|2|1|1,6,7,2549,silent,2542
11,28|6|5|3|1|1,6,24,6915,silent,6891
11,28|6|5|2|2|1,6,33,6380,silent,6347
11,28|6|4|4|1|1,6,12,3974,silent,3962
11,28|6|4|3|2|1,6,34,11143,silent,11109
11,28|6|4|2|2|2,6,33,4692,silent,4659
11,28|6|3|3|3|1,6,1,3378,silent,3377
11,28|6|3|3|2|2,6,4,3729,silent,3725
11,28|5|5|4|1|1,6,13,2875,silent,2862
11,28|5|5|3|2|1,6,16,5970,silent,5954
11,28|5|5|2|2|2,6,5,2071,silent,2066
11,28|5|4|4|2|1,6,19,5000,silent,4981
11,28|5|4|3|3|1,6,5,4797,silent,4792
11,28|5|4|3|2|2,6,12,5398,silent,5386
11,28|5|3|3|3|2,6,0,-1,a0,
11,28|4|4|4|3|1,6,3,1459,silent,1456
11,28|4|4|4|2|2,6,10,1606,silent,1596
11,28|4|4|3|3|2,6,0,-1,a0,
11,28|4|3|3|3|3,6,0,-1,a0,
11,27|13|1|1|1|1,6,0,-1,a0,
11,27|12|2|1|1|1,6,0,-1,a0,
11,27|11|3|1|1|1,6,2,1121,silent,1119
11,27|11|2|2|1|1,6,6,879,silent,873
11,27|10|4|1|1|1,6,6,2218,silent,2212
11,27|10|3|2|1|1,6,22,3869,silent,3847
11,27|10|2|2|2|1,6,23,1554,silent,1531
11,27|9|5|1|1|1,6,13,3322,silent,3309
11,27|9|4|2|1|1,6,44,8242,silent,8198
11,27|9|3|3|1|1,6,20,5421,silent,5401
11,27|9|3|2|2|1,6,50,6407,silent,6357
11,27|9|2|2|2|2,6,24,1427,silent,1403
11,27|8|6|1|1|1,6,9,3013,silent,3004
11,27|8|5|2|1|1,6,56,11156,silent,11100
11,27|8|4|3|1|1,6,50,13202,silent,13152
11,27|8|4|2|2|1,6,85,13147,silent,13062
11,27|8|3|3|2|1,6,31,10266,silent,10235
11,27|8|3|2|2|2,6,38,5116,silent,5078
11,27|7|7|1|1|1,6,7,1362,silent,1355
11,27|7|6|2|1|1,6,37,8267,silent,8230
11,27|7|5|3|1|1,6,62,16400,silent,16338
11,27|7|5|2|2|1,6,76,14803,silent,14727
11,27|7|4|4|1|1,6,35,8950,silent,8915
11,27|7|4|3|2|1,6,77,23554,silent,23477
11,27|7|4|2|2|2,6,55,9322,silent,9267
11,27|7|3|3|3|1,6,4,6762,silent,6758
11,27|7|3|3|2|2,6,13,7544,silent,7531
11,27|6|6|3|1|1,6,19,7352,silent,7333
11,27|6|6|2|2|1,6,36,6815,silent,6779
11,27|6|5|4|1|1,6,36,10695,silent,10659
11,27|6|5|3|2|1,6,64,21942,silent,21878
11,27|6|5|2|2|2,6,37,7895,silent,7858
11,27|6|4|4|2|1,6,54,14636,silent,14582
11,27|6|4|3|3|1,6,15,13411,silent,13396
11,27|6|4|3|2|2,6,38,14937,silent,14899
11,27|6|3|3|3|2,6,0,-1,a0,
11,27|5|5|5|1|1,6,9,2276,silent,2267
11,27|5|5|4|2|1,6,25,9736,silent,9711
11,27|5|5|3|3|1,6,12,7652,silent,7640
11,27|5|5|3|2|2,6,11,7830,silent,7819
11,27|5|4|4|3|1,6,19,7739,silent,7720
11,27|5|4|4|2|2,6,23,7215,silent,7192
11,27|5|4|3|3|2,6,4,8287,silent,8283
11,27|5|3|3|3|3,6,0,-1,a0,
11,27|4|4|4|4|1,6,7,1068,silent,1061
11,27|4|4|4|3|2,6,6,2793,silent,2787
11,27|4|4|3|3|3,6,0,-1,a0,
11,26|14|1|1|1|1,6,0,-1,a0,
11,26|13|2|1|1|1,6,0,-1,a0,
11,26|12|3|1|1|1,6,4,1305,silent,1301
11,26|12|2|2|1|1,6,6,997,silent,991
11,26|11|4|1|1|1,6,9,2865,silent,2856
11,26|11|3|2|1|1,6,31,4925,silent,4894
11,26|11|2|2|2|1,6,29,1946,silent,1917
11,26|10|5|1|1|1,6,20,4755,silent,4735
11,26|10|4|2|1|1,6,63,11559,silent,11496
11,26|10|3|3|1|1,6,34,7567,silent,7533
11,26|10|3|2|2|1,6,71,8884,silent,8813
11,26|10|2|2|2|2,6,36,1993,silent,1957
11,26|9|6|1|1|1,6,20,5321,silent,5301
11,26|9|5|2|1|1,6,99,18337,silent,18238
11,26|9|4|3|1|1,6,87,21030,silent,20943
11,26|9|4|2|2|1,6,135,20623,silent,20488
11,26|9|3|3|2|1,6,53,15889,silent,15836
11,26|9|3|2|2|2,6,56,7744,silent,7688
11,26|8|7|1|1|1,6,17,3684,silent,3667
11,26|8|6|2|1|1,6,78,17632,silent,17554
11,26|8|5|3|1|1,6,126,31620,silent,31494
11,26|8|5|2|2|1,6,150,28437,silent,28287
11,26|8|4|4|1|1,6,60,16604,silent,16544
11,26|8|4|3|2|1,6,150,42926,silent,42776
11,26|8|4|2|2|2,6,104,16837,silent,16733
11,26|8|3|3|3|1,6,12,11891,silent,11879
11,26|8|3|3|2|2,6,25,13185,silent,13160
11,26|7|7|2|1|1,6,42,7786,silent,7744
11,26|7|6|3|1|1,6,84,24502,silent,24418
11,26|7|6|2|2|1,6,105,21643,silent,21538
11,26|7|5|4|1|1,6,100,27296,silent,27196
11,26|7|5|3|2|1,6,162,53928,silent,53766
11,26|7|5|2|2|2,6,76,18694,silent,18618
11,26|7|4|4|2|1,6,116,33099,silent,32983
11,26|7|4|3|3|1,6,44,29805,silent,29761
11,26|7|4|3|2|2,6,81,32405,silent,32324
11,26|7|3|3|3|2,6,3,11549,silent,11546
11,26|6|6|4|1|1,6,33,13214,silent,13181
11,26|6|6|3|2|1,6,74,25380,silent,25306
11,26|6|6|2|2|2,6,52,9103,silent,9051
11,26|6|5|5|1|1,6,30,9799,silent,9769
11,26|6|5|4|2|1,6,110,39443,silent,39333
11,26|6|5|3|3|1,6,42,29179,silent,29137
11,26|6|5|3|2|2,6,61,30392,silent,30331
11,26|6|4|4|3|1,6,52,23877,silent,23825
11,26|6|4|4|2|2,6,71,21938,silent,21867
11,26|6|4|3|3|2,6,14,23990,silent,23976
11,26|6|3|3|3|3,6,0,-1,a0,
11,26|5|5|5|2|1,6,13,8108,silent,8095
11,26|5|5|4|3|1,6,32,16840,silent,16808
11,26|5|5|4|2|2,6,18,13931,silent,13913
11,26|5|5|3|3|2,6,12,13822,silent,13810
11,26|5|4|4|4|1,6,20,5833,silent,5813
11,26|5|4|4|3|2,6,23,14810,silent,14787
11,26|5|4|3|3|3,6,0,-1,a0,
11,26|4|4|4|4|2,6,14,2387,silent,2373
11,26|4|4|4|3|3,6,0,-1,a0,
11,25|15|1|1|1|1,6,0,-1,a0,
11,25|14|2|1|1|1,6,0,-1,a0,
11,25|13|3|1|1|1,6,4,1434,silent,1430
11,25|13|2|2|1|1,6,9,1131,silent,1122
11,25|12|4|1|1|1,6,13,3415,silent,3402
11,25|12|3|2|1|1,6,38,5813,silent,5775
11,25|12|2|2|2|1,6,35,2287,silent,2252
11,25|11|5|1|1|1,6,29,6331,silent,6302
11,25|11|4|2|1|1,6,92,15226,silent,15134
11,25|11|3|3|1|1,6,44,9703,silent,9659
11,25|11|3|2|2|1,6,95,11403,silent,11308
11,25|11|2|2|2|2,6,39,2410,silent,2371
11,25|10|6|1|1|1,6,32,8102,silent,8070
11,25|10|5|2|1|1,6,147,26963,silent,26816
11,25|10|4|3|1|1,6,132,30392,silent,30260
11,25|10|4|2|2|1,6,197,29623,silent,29426
11,25|10|3|3|2|1,6,82,22561,silent,22479
11,25|10|3|2|2|2,6,82,10910,silent,10828
11,25|9|7|1|1|1,6,35,7438,silent,7403
11,25|9|6|2|1|1,6,155,31826,silent,31671
11,25|9|5|3|1|1,6,217,53421,silent,53204
11,25|9|5|2|2|1,6,251,47535,silent,47284
11,25|9|4|4|1|1,6,115,27787,silent,27672
11,25|9|4|3|2|1,6,252,69711,silent,69459
11,25|9|4|2|2|2,6,149,26488,silent,26339
11,25|9|3|3|3|1,6,22,18870,silent,18848
11,25|9|3|3|2|2,6,50,21016,silent,20966
11,25|8|8|1|1|1,6,10,2843,silent,2833
11,25|8|7|2|1|1,6,107,22360,silent,22253
11,25|8|6|3|1|1,6,193,54685,silent,54492
11,25|8|6|2|2|1,6,231,47943,silent,47712
11,25|8|5|4|1|1,6,197,55353,silent,55156
11,25|8|5|3|2|1,6,335,107594,silent,107259
11,25|8|5|2|2|2,6,160,37021,silent,36861
11,25|8|4|4|2|1,6,220,63480,silent,63260
11,25|8|4|3|3|1,6,92,56157,silent,56065
11,25|8|4|3|2|2,6,158,60540,silent,60382
11,25|8|3|3|3|2,6,7,20828,silent,20821
11,25|7|7|3|1|1,6,93,24199,silent,24106
11,25|7|7|2|2|1,6,84,20305,silent,20221
11,25|7|6|4|1|1,6,150,47243,silent,47093
11,25|7|6|3|2|1,6,247,85649,silent,85402
11,25|7|6|2|2|2,6,113,28604,silent,28491
11,25|7|5|5|1|1,6,81,26975,silent,26894
11,25|7|5|4|2|1,6,281,103469,silent,103188
11,25|7|5|3|3|1,6,122,74839,silent,74717
11,25|7|5|3|2|2,6,156,76851,silent,76695
11,25|7|4|4|3|1,6,126,56698,silent,56572
11,25|7|4|4|2|2,6,131,50073,silent,49942
11,25|7|4|3|3|2,6,47,55041,silent,54994
11,25|7|3|3|3|3,6,0,-1,a0,
11,25|6|6|5|1|1,6,37,16358,silent,16321
11,25|6|6|4|2|1,6,143,52769,silent,52626
11,25|6|6|3|3|1,6,48,35483,silent,35435
11,25|6|6|3|2|2,6,89,37158,silent,37069
11,25|6|5|5|2|1,6,74,37953,silent,37879
11,25|6|5|4|3|1,6,126,71015,silent,70889
11,25|6|5|4|2|2,6,116,59675,silent,59559
11,25|6|5|3|3|2,6,43,54603,silent,54560
11,25|6|4|4|4|1,6,58,19273,silent,19215
11,25|6|4|4|3|2,6,71,47245,silent,47174
11,25|6|4|3|3|3,6,1,19018,silent,19017
11,25|5|5|5|3|1,6,21,16223,silent,16202
11,25|5|5|5|2|2,6,6,12053,silent,12047
11,25|5|5|4|4|1,6,24,14207,silent,14183
11,25|5|5|4|3|2,6,34,32996,silent,32962
11,25|5|5|3|3|3,6,5,11373,silent,11368
11,25|5|4|4|4|2,6,31,12814,silent,12783
11,25|5|4|4|3|3,6,7,12496,silent,12489
11,25|4|4|4|4|3,6,8,2462,silent,2454
11,24|16|1|1|1|1,6,0,-1,a0,
11,24|15|2|1|1|1,6,0,-1,a0,
11,24|14|3|1|1|1,6,5,1469,silent,1464
11,24|14|2|2|1|1,6,8,1127,silent,1119
11,24|13|4|1|1|1,6,15,3805,silent,3790
11,24|13|3|2|1|1,6,45,6421,silent,6376
11,24|13|2|2|2|1,6,39,2497,silent,2458
11,24|12|5|1|1|1,6,37,7659,silent,7622
11,24|12|4|2|1|1,6,111,18212,silent,18101
11,24|12|3|3|1|1,6,60,11618,silent,11558
11,24|12|3|2|2|1,6,115,13576,silent,13461
11,24|12|2|2|2|2,6,51,2903,silent,2852
11,24|11|6|1|1|1,6,49,11200,silent,11151
11,24|11|5|2|1|1,6,206,36234,silent,36028
11,24|11|4|3|1|1,6,185,40273,silent,40088
11,24|11|4|2|2|1,6,261,38907,silent,38646
11,24|11|3|3|2|1,6,115,29440,silent,29325
11,24|11|3|2|2|2,6,103,14037,silent,13934
11,24|10|7|1|1|1,6,56,12109,silent,12053
11,24|10|6|2|1|1,6,237,49268,silent,49031
11,24|10|5|3|1|1,6,334,80257,silent,79923
11,24|10|5|2|2|1,6,377,71165,silent,70788
11,24|10|4|4|1|1,6,163,41122,silent,40959
11,24|10|4|3|2|1,6,380,102253,silent,101873
11,24|10|4|2|2|2,6,225,38656,silent,38431
11,24|10|3|3|3|1,6,40,27234,silent,27194
11,24|10|3|3|2|2,6,72,30145,silent,30073
11,24|9|8|1|1|1,6,34,7966,silent,7932
11,24|9|7|2|1|1,6,222,45765,silent,45543
11,24|9|6|3|1|1,6,367,100499,silent,100132
11,24|9|6|2|2|1,6,403,86804,silent,86401
11,24|9|5|4|1|1,6,350,96908,silent,96558
11,24|9|5|3|2|1,6,582,185161,silent,184579
11,24|9|5|2|2|2,6,252,62538,silent,62286
11,24|9|4|4|2|1,6,363,106712,silent,106349
11,24|9|4|3|3|1,6,169,93563,silent,93394
11,24|9|4|3|2|2,6,260,99699,silent,99439
11,24|9|3|3|3|2,6,20,33786,silent,33766
11,24|8|8|2|1|1,6,74,18281,silent,18207
11,24|8|7|3|1|1,6,262,72651,silent,72389
11,24|8|7|2|2|1,6,257,61495,silent,61238
11,24|8|6|4|1|1,6,334,110139,silent,109805
11,24|8|6|3|2|1,6,567,196302,silent,195735
11,24|8|6|2|2|2,6,259,64967,silent,64708
11,24|8|5|5|1|1,6,177,58003,silent,57826
11,24|8|5|4|2|1,6,582,216192,silent,215610
11,24|8|5|3|3|1,6,261,153453,silent,153192
11,24|8|5|3|2|2,6,328,156895,silent,156567
11,24|8|4|4|3|1,6,238,112064,silent,111826
11,24|8|4|4|2|2,6,261,98165,silent,97904
11,24|8|4|3|3|2,6,96,105812,silent,105716
11,24|8|3|3|3|3,6,1,16762,silent,16761
11,24|7|7|4|1|1,6,169,50672,silent,50503
11,24|7|7|3|2|1,6,228,85910,silent,85682
11,24|7|7|2|2|2,6,70,26901,silent,26831
11,24|7|6|5|1|1,6,163,62952,silent,62789
11,24|7|6|4|2|1,6,469,188801,silent,188332
11,24|7|6|3|3|1,6,199,125252,silent,125053
11,24|7|6|3|2|2,6,258,127121,silent,126863
11,24|7|5|5|2|1,6,215,108707,silent,108492
11,24|7|5|4|3|1,6,343,193699,silent,193356
11,24|7|5|4|2|2,6,281,159924,silent,159643
11,24|7|5|3|3|2,6,137,143880,silent,143743
11,24|7|4|4|4|1,6,120,47557,silent,47437
11,24|7|4|4|3|2,6,160,114289,silent,114129
11,24|7|4|3|3|3,6,10,44995,silent,44985
11,24|6|6|6|1|1,6,18,10917,silent,10899
11,24|6|6|5|2|1,6,143,69260,silent,69117
11,24|6|6|4|3|1,6,162,100065,silent,99903
11,24|6|6|4|2|2,6,183,83898,silent,83715
11,24|6|6|3|3|2,6,54,69073,silent,69019
11,24|6|5|5|3|1,6,102,78598,silent,78496
11,24|6|5|5|2|2,6,64,59448,silent,59384
11,24|6|5|4|4|1,6,115,64692,silent,64577
11,24|6|5|4|3|2,6,157,144516,silent,144359
11,24|6|5|3|3|3,6,14,46095,silent,46081
11,24|6|4|4|4|2,6,95,43626,silent,43531
11,24|6|4|4|3|3,6,21,41450,silent,41429
11,24|5|5|5|4|1,6,17,18586,silent,18569
11,24|5|5|5|3|2,6,23,33291,silent,33268
11,24|5|5|4|4|2,6,28,31764,silent,31736
11,24|5|5|4|3|3,6,23,30734,silent,30711
11,24|5|4|4|4|3,6,22,14703,silent,14681
11,24|4|4|4|4|4,6,12,1520,silent,1508
11,23|17|1|1|1|1,6,0,-1,a0,
11,23|16|2|1|1|1,6,0,-1,a0,
11,23|15|3|1|1|1,6,4,1416,silent,1412
11,23|15|2|2|1|1,6,10,1124,silent,1114
11,23|14|4|1|1|1,6,16,3912,silent,3896
11,23|14|3|2|1|1,6,48,6572,silent,6524
11,23|14|2|2|2|1,6,40,2545,silent,2505
11,23|13|5|1|1|1,6,43,8616,silent,8573
11,23|13|4|2|1|1,6,134,20386,silent,20252
11,23|13|3|3|1|1,6,64,12758,silent,12694
11,23|13|3|2|2|1,6,132,14930,silent,14798
11,23|13|2|2|2|2,6,48,3038,silent,2990
11,23|12|6|1|1|1,6,63,13872,silent,13809
11,23|12|5|2|1|1,6,254,44200,silent,43946
11,23|12|4|3|1|1,6,231,48727,silent,48496
11,23|12|4|2|2|1,6,318,46886,silent,46568
11,23|12|3|3|2|1,6,145,35262,silent,35117
11,23|12|3|2|2|2,6,127,16721,silent,16594
11,23|11|7|1|1|1,6,83,17429,silent,17346
11,23|11|6|2|1|1,6,346,68528,silent,68182
11,23|11|5|3|1|1,6,459,108714,silent,108255
11,23|11|5|2|2|1,6,505,95781,silent,95276
11,23|11|4|4|1|1,6,237,55635,silent,55398
11,23|11|4|3|2|1,6,518,135989,silent,135471
11,23|11|4|2|2|2,6,274,50379,silent,50105
11,23|11|3|3|3|1,6,56,35783,silent,35727
11,23|11|3|3|2|2,6,109,39724,silent,39615
11,23|10|8|1|1|1,6,61,14686,silent,14625
11,23|10|7|2|1|1,6,352,75837,silent,75485
11,23|10|6|3|1|1,6,577,158316,silent,157739
11,23|10|6|2|2|1,6,620,136085,silent,135465
11,23|10|5|4|1|1,6,526,148598,silent,148072
11,23|10|5|3|2|1,6,890,281319,silent,280429
11,23|10|5|2|2|2,6,384,94376,silent,93992
11,23|10|4|4|2|1,6,536,159903,silent,159367
11,23|10|4|3|3|1,6,263,139007,silent,138744
11,23|10|4|3|2|2,6,389,147304,silent,146915
11,23|10|3|3|3|2,6,34,49148,silent,49114
11,23|9|9|1|1|1,6,30,6126,silent,6096
11,23|9|8|2|1|1,6,222,50920,silent,50698
11,23|9|7|3|1|1,6,530,151072,silent,150542
11,23|9|7|2|2|1,6,504,126409,silent,125905
11,23|9|6|4|1|1,6,649,208318,silent,207669
11,23|9|6|3|2|1,6,1027,363904,silent,362877
11,23|9|6|2|2|2,6,410,117566,silent,117156
11,23|9|5|5|1|1,6,301,104650,silent,104349
11,23|9|5|4|2|1,6,1005,382790,silent,381785
11,23|9|5|3|3|1,6,472,269007,silent,268535
11,23|9|5|3|2|2,6,572,272994,silent,272422
11,23|9|4|4|3|1,6,412,192502,silent,192090
11,23|9|4|4|2|2,6,391,165491,silent,165100
11,23|9|4|3|3|2,6,188,178694,silent,178506
11,23|9|3|3|3|3,6,3,27322,silent,27319
11,23|8|8|3|1|1,6,198,62087,silent,61889
11,23|8|8|2|2|1,6,210,52660,silent,52450
11,23|8|7|4|1|1,6,466,157911,silent,157445
11,23|8|7|3|2|1,6,697,265844,silent,265147
11,23|8|7|2|2|2,6,257,83957,silent,83700
11,23|8|6|5|1|1,6,389,154589,silent,154200
11,23|8|6|4|2|1,6,1074,449702,silent,448628
11,23|8|6|3|3|1,6,469,293550,silent,293081
11,23|8|6|3|2|2,6,589,295993,silent,295404
11,23|8|5|5|2|1,6,473,239430,silent,238957
11,23|8|5|4|3|1,6,711,414238,silent,413527
11,23|8|5|4|2|2,6,605,340209,silent,339604
11,23|8|5|3|3|2,6,289,299975,silent,299686
11,23|8|4|4|4|1,6,221,97133,silent,96912
11,23|8|4|4|3|2,6,313,229631,silent,229318
11,23|8|4|3|3|3,6,24,88387,silent,88363
11,23|7|7|5|1|1,6,198,76456,silent,76258
11,23|7|7|4|2|1,6,440,204303,silent,203863
11,23|7|7|3|3|1,6,215,131329,silent,131114
11,23|7|7|3|2|2,6,213,129266,silent,129053
11,23|7|6|6|1|1,6,109,48941,silent,48832
11,23|7|6|5|2|1,6,511,268517,silent,268006
11,23|7|6|4|3|1,6,588,371410,silent,370822
11,23|7|6|4|2|2,6,503,301631,silent,301128
11,23|7|6|3|3|2,6,237,248699,silent,248462
11,23|7|5|5|3|1,6,303,232003,silent,231700
11,23|7|5|5|2|2,6,205,174758,silent,174553
11,23|7|5|4|4|1,6,295,183665,silent,183370
11,23|7|5|4|3|2,6,424,401946,silent,401522
11,23|7|5|3|3|3,6,52,124454,silent,124402
11,23|7|4|4|4|2,6,176,108861,silent,108685
11,23|7|4|4|3|3,6,69,104484,silent,104415
11,23|6|6|6|2|1,6,99,50286,silent,50187
11,23|6|6|5|3|1,6,190,149847,silent,149657
11,23|6|6|5|2|2,6,171,114338,silent,114167
11,23|6|6|4|4|1,6,166,99583,silent,99417
11,23|6|6|4|3|2,6,224,210992,silent,210768
11,23|6|6|3|3|3,6,13,59960,silent,59947
11,23|6|5|5|4|1,6,97,96266,silent,96169
11,23|6|5|5|3|2,6,122,166880,silent,166758
11,23|6|5|4|4|2,6,170,149670,silent,149500
11,23|6|5|4|3|3,6,77,137154,silent,137077
11,23|6|4|4|4|3,6,65,51806,silent,51741
11,23|5|5|5|5|1,6,7,11179,silent,11172
11,23|5|5|5|4|2,6,19,43459,silent,43440
11,23|5|5|5|3|3,6,22,33887,silent,33865
11,23|5|5|4|4|3,6,28,39612,silent,39584
11,23|5|4|4|4|4,6,17,8465,silent,8448
11,22|18|1|1|1|1,6,0,-1,a0,
11,22|17|2|1|1|1,6,0,-1,a0,
11,22|16|3|1|1|1,6,5,1252,silent,1247
11,22|16|2|2|1|1,6,7,957,silent,950
11,22|15|4|1|1|1,6,17,3733,silent,3716
11,22|15|3|2|1|1,6,47,6233,silent,6186
11,22|15|2|2|2|1,6,39,2400,silent,2361
11,22|14|5|1|1|1,6,46,8802,silent,8756
11,22|14|4|2|1|1,6,135,20670,silent,20535
11,22|14|3|3|1|1,6,74,13016,silent,12942
11,22|14|3|2|2|1,6,135,15146,silent,15011
11,22|14|2|2|2|2,6,55,3150,silent,3095
11,22|13|6|1|1|1,6,75,15689,silent,15614
11,22|13|5|2|1|1,6,292,49311,silent,49019
11,22|13|4|3|1|1,6,265,53972,silent,53707
11,22|13|4|2|2|1,6,354,51638,silent,51284
11,22|13|3|3|2|1,6,166,38712,silent,38546
11,22|13|3|2|2|2,6,137,18176,silent,18039
11,22|12|7|1|1|1,6,106,21935,silent,21829
11,22|12|6|2|1|1,6,419,84608,silent,84189
11,22|12|5|3|1|1,6,571,132764,silent,132193
11,22|12|5|2|2|1,6,617,116695,silent,116078
11,22|12|4|4|1|1,6,277,67390,silent,67113
11,22|12|4|3|2|1,6,635,164101,silent,163466
11,22|12|4|2|2|2,6,343,60705,silent,60362
11,22|12|3|3|3|1,6,79,42836,silent,42757
11,22|12|3|3|2|2,6,128,47267,silent,47139
11,22|11|8|1|1|1,6,99,22454,silent,22355
11,22|11|7|2|1|1,6,508,108807,silent,108299
11,22|11|6|3|1|1,6,812,219955,silent,219143
11,22|11|6|2|2|1,6,834,187658,silent,186824
11,22|11|5|4|1|1,6,722,203043,silent,202321
11,22|11|5|3|2|1,6,1208,380935,silent,379727
11,22|11|5|2|2|2,6,493,126435,silent,125942
11,22|11|4|4|2|1,6,710,214535,silent,213825
11,22|11|4|3|3|1,6,370,185649,silent,185279
11,22|11|4|3|2|2,6,516,195396,silent,194880
11,22|11|3|3|3|2,6,55,64754,silent,64699
11,22|10|9|1|1|1,6,61,14599,silent,14538
11,22|10|8|2|1|1,6,387,94433,silent,94046
11,22|10|7|3|1|1,6,860,252584,silent,251724
11,22|10|7|2|2|1,6,816,211025,silent,210209
11,22|10|6|4|1|1,6,990,332049,silent,331059
11,22|10|6|3|2|1,6,1596,575390,silent,573794
11,22|10|6|2|2|2,6,642,184916,silent,184274
11,22|10|5|5|1|1,6,469,163494,silent,163025
11,22|10|5|4|2|1,6,1519,589991,silent,588472
11,22|10|5|3|3|1,6,732,411174,silent,410442
11,22|10|5|3|2|2,6,862,415705,silent,414843
11,22|10|4|4|3|1,6,600,290562,silent,289962
11,22|10|4|4|2|2,6,594,248800,silent,248206
11,22|10|4|3|3|2,6,286,265952,silent,265666
11,22|10|3|3|3|3,6,10,39951,silent,39941
11,22|9|9|2|1|1,6,169,38714,silent,38545
11,22|9|8|3|1|1,6,548,172883,silent,172335
11,22|9|8|2|2|1,6,519,143590,silent,143071
11,22|9|7|4|1|1,6,956,334497,silent,333541
11,22|9|7|3|2|1,6,1389,554654,silent,553265
11,22|9|7|2|2|2,6,471,172346,silent,171875
11,22|9|6|5|1|1,6,737,299361,silent,298624
11,22|9|6|4|2|1,6,1928,850667,silent,848739
11,22|9|6|3|3|1,6,890,550996,silent,550106
11,22|9|6|3|2|2,6,1035,550079,silent,549044
11,22|9|5|5|2|1,6,842,436904,silent,436062
11,22|9|5|4|3|1,6,1241,742543,silent,741302
11,22|9|5|4|2|2,6,1015,604736,silent,603721
11,22|9|5|3|3|2,6,542,529322,silent,528780
11,22|9|4|4|4|1,6,351,169216,silent,168865
11,22|9|4|4|3|2,6,515,395795,silent,395280
11,22|9|4|3|3|3,6,57,150696,silent,150639
11,22|8|8|4|1|1,6,355,140864,silent,140509
11,22|8|8|3|2|1,6,570,233014,silent,232444
11,22|8|8|2|2|2,6,234,73540,silent,73306
11,22|8|7|5|1|1,6,594,249017,silent,248423
11,22|8|7|4|2|1,6,1352,651492,silent,650140
11,22|8|7|3|3|1,6,635,410673,silent,410038
11,22|8|7|3|2|2,6,682,405434,silent,404752
11,22|8|6|6|1|1,6,259,128521,silent,128262
11,22|8|6|5|2|1,6,1211,668069,silent,666858
11,22|8|6|4|3|1,6,1346,899033,silent,897687
11,22|8|6|4|2|2,6,1173,725691,silent,724518
11,22|8|6|3|3|2,6,542,588199,silent,587657
11,22|8|5|5|3|1,6,670,519264,silent,518594
11,22|8|5|5|2|2,6,450,389533,silent,389083
11,22|8|5|4|4|1,6,609,403259,silent,402650
11,22|8|5|4|3|2,6,892,869074,silent,868182
11,22|8|5|3|3|3,6,116,262880,silent,262764
11,22|8|4|4|4|2,6,341,224928,silent,224587
11,22|8|4|4|3|3,6,127,213288,silent,213161
11,22|7|7|6|1|1,6,180,80276,silent,80096
11,22|7|7|5|2|1,6,544,328865,silent,328321
11,22|7|7|4|3|1,6,597,416085,silent,415488
11,22|7|7|4|2|2,6,414,328672,silent,328258
11,22|7|7|3|3|2,6,259,264729,silent,264470
11,22|7|6|6|2|1,6,372,220196,silent,219824
11,22|7|6|5|3|1,6,728,596830,silent,596102
11,22|7|6|5|2|2,6,545,445736,silent,445191
11,22|7|6|4|4|1,6,525,379232,silent,378707
11,22|7|6|4|3|2,6,759,790205,silent,789446
11,22|7|6|3|3|3,6,92,220980,silent,220888
11,22|7|5|5|4|1,6,295,294552,silent,294257
11,22|7|5|5|3|2,6,382,501043,silent,500661
11,22|7|5|4|4|2,6,415,430610,silent,430195
11,22|7|5|4|3|3,6,231,390431,silent,390200
11,22|7|4|4|4|3,6,136,133709,silent,133573
11,22|6|6|6|3|1,6,139,115974,silent,115835
11,22|6|6|6|2|2,6,143,86949,silent,86806
11,22|6|6|5|4|1,6,211,198886,silent,198675
11,22|6|6|5|3|2,6,257,328763,silent,328506
11,22|6|6|4|4|2,6,267,237061,silent,236794
11,22|6|6|4|3|3,6,92,205322,silent,205230
11,22|6|5|5|5|1,6,35,61371,silent,61336
11,22|6|5|5|4|2,6,132,231228,silent,231096
11,22|6|5|5|3|3,6,85,172048,silent,171963
11,22|6|5|4|4|3,6,135,190118,silent,189983
11,22|6|4|4|4|4,6,56,30993,silent,30937
11,22|5|5|5|5|2,6,11,28040,silent,28029
11,22|5|5|5|4|3,6,24,58650,silent,58626
11,22|5|5|4|4|4,6,10,23335,silent,23325
11,21|19|1|1|1|1,6,0,-1,a0,
11,21|18|2|1|1|1,6,0,-1,a0,
11,21|17|3|1|1|1,6,3,996,silent,993
11,21|17|2|2|1|1,6,8,802,silent,794
11,21|16|4|1|1|1,6,15,3200,silent,3185
11,21|16|3|2|1|1,6,41,5336,silent,5295
11,21|16|2|2|2|1,6,33,2054,silent,2021
11,21|15|5|1|1|1,6,44,8241,silent,8197
11,21|15|4|2|1|1,6,135,19345,silent,19210
11,21|15|3|3|1|1,6,64,11966,silent,11902
11,21|15|3|2|2|1,6,128,13969,silent,13841
11,21|15|2|2|2|2,6,43,2769,silent,2726
11,21|14|6|1|1|1,6,77,15928,silent,15851
11,21|14|5|2|1|1,6,296,49704,silent,49408
11,21|14|4|3|1|1,6,272,54190,silent,53918
11,21|14|4|2|2|1,6,358,51737,silent,51379
11,21|14|3|3|2|1,6,173,38658,silent,38485
11,21|14|3|2|2|2,6,139,18096,silent,17957
11,21|13|7|1|1|1,6,121,24872,silent,24751
11,21|13|6|2|1|1,6,484,94531,silent,94047
11,21|13|5|3|1|1,6,631,146314,silent,145683
11,21|13|5|2|2|1,6,676,128067,silent,127391
11,21|13|4|4|1|1,6,325,74411,silent,74086
11,21|13|4|3|2|1,6,704,179128,silent,178424
11,21|13|4|2|2|2,6,349,65290,silent,64941
11,21|13|3|3|3|1,6,87,46452,silent,46365
11,21|13|3|3|2|2,6,155,51407,silent,51252
11,21|12|8|1|1|1,6,125,29006,silent,28881
11,21|12|7|2|1|1,6,620,136209,silent,135589
11,21|12|6|3|1|1,6,991,270387,silent,269396
11,21|12|6|2|2|1,6,1009,230041,silent,229032
11,21|12|5|4|1|1,6,866,246996,silent,246130
11,21|12|5|3|2|1,6,1465,461042,silent,459577
11,21|12|5|2|2|2,6,597,152357,silent,151760
11,21|12|4|4|2|1,6,846,258154,silent,257308
11,21|12|4|3|3|1,6,455,222400,silent,221945
11,21|12|4|3|2|2,6,622,233255,silent,232633
11,21|12|3|3|3|2,6,71,76700,silent,76629
11,21|11|9|1|1|1,6,109,24673,silent,24564
11,21|11|8|2|1|1,6,592,142855,silent,142263
11,21|11|7|3|1|1,6,1206,360383,silent,359177
11,21|11|7|2|2|1,6,1116,299260,silent,298144
11,21|11|6|4|1|1,6,1383,461736,silent,460353
11,21|11|6|3|2|1,6,2160,792165,silent,790005
11,21|11|6|2|2|2,6,802,251294,silent,250492
11,21|11|5|5|1|1,6,616,223473,silent,222857
11,21|11|5|4|2|1,6,2013,799679,silent,797666
11,21|11|5|3|3|1,6,998,554708,silent,553710
11,21|11|5|3|2|2,6,1156,558380,silent,557224
11,21|11|4|4|3|1,6,803,389090,silent,388287
11,21|11|4|4|2|2,6,727,329558,silent,328831
11,21|11|4|3|3|2,6,410,353072,silent,352662
11,21|11|3|3|3|3,6,11,52062,silent,52051
11,21|10|10|1|1|1,6,33,9348,silent,9315
11,21|10|9|2|1|1,6,363,93558,silent,93195
11,21|10|8|3|1|1,6,969,321245,silent,320276
11,21|10|8|2|2|1,6,917,266119,silent,265202
11,21|10|7|4|1|1,6,1514,561775,silent,560261
11,21|10|7|3|2|1,6,2239,925365,silent,923126
11,21|10|7|2|2|2,6,777,286530,silent,285753
11,21|10|6|5|1|1,6,1142,482146,silent,481004
11,21|10|6|4|2|1,6,2948,1352545,silent,1349597
11,21|10|6|3|3|1,6,1384,870037,silent,868653
11,21|10|6|3|2|2,6,1583,865161,silent,863578
11,21|10|5|5|2|1,6,1279,680967,silent,679688
11,21|10|5|4|3|1,6,1855,1143858,silent,1142003
11,21|10|5|4|2|2,6,1529,928063,silent,926534
11,21|10|5|3|3|2,6,822,805762,silent,804940
11,21|10|4|4|4|1,6,499,256585,silent,256086
11,21|10|4|4|3|2,6,756,595169,silent,594413
11,21|10|4|3|3|3,6,95,224287,silent,224192
11,21|9|9|3|1|1,6,397,131684,silent,131287
11,21|9|9|2|2|1,6,336,107038,silent,106702
11,21|9|8|4|1|1,6,998,395909,silent,394911
11,21|9|8|3|2|1,6,1457,641349,silent,639892
11,21|9|8|2|2|2,6,494,196734,silent,196240
11,21|9|7|5|1|1,6,1191,535952,silent,534761
11,21|9|7|4|2|1,6,2670,1374445,silent,1371775
11,21|9|7|3|3|1,6,1288,859654,silent,858366
11,21|9|7|3|2|2,6,1338,842474,silent,841136
11,21|9|6|6|1|1,6,528,257953,silent,257425
11,21|9|6|5|2|1,6,2202,1289630,silent,1287428
11,21|9|6|4|3|1,6,2452,1708494,silent,1706042
11,21|9|6|4|2|2,6,1983,1365097,silent,1363114
11,21|9|6|3|3|2,6,1048,1102642,silent,1101594
11,21|9|5|5|3|1,6,1178,950689,silent,949511
11,21|9|5|5|2|2,6,828,711140,silent,710312
11,21|9|5|4|4|1,6,1019,728886,silent,727867
11,21|9|5|4|3|2,6,1537,1555847,silent,1554310
11,21|9|5|3|3|3,6,221,464764,silent,464543
11,21|9|4|4|4|2,6,497,390145,silent,389648
11,21|9|4|4|3|3,6,241,370993,silent,370752
11,21|8|8|5|1|1,6,486,235378,silent,234892
11,21|8|8|4|2|1,6,1124,590767,silent,589643
11,21|8|8|3|3|1,6,506,363133,silent,362627
11,21|8|8|3|2|2,6,581,358267,silent,357686
11,21|8|7|6|1|1,6,539,276054,silent,275515
11,21|8|7|5|2|1,6,1709,1083547,silent,1081838
11,21|8|7|4|3|1,6,1771,1333680,silent,1331909
11,21|8|7|4|2|2,6,1377,1054738,silent,1053361
11,21|8|7|3|3|2,6,738,829907,silent,829169
11,21|8|6|6|2|1,6,905,580534,silent,579629
11,21|8|6|5|3|1,6,1725,1496999,silent,1495274
11,21|8|6|5|2|2,6,1281,1111404,silent,1110123
11,21|8|6|4|4|1,6,1183,932530,silent,931347
11,21|8|6|4|3|2,6,1738,1917681,silent,1915943
11,21|8|6|3|3|3,6,220,526034,silent,525814
11,21|8|5|5|4|1,6,650,670491,silent,669841
11,21|8|5|5|3|2,6,831,1125857,silent,1125026
11,21|8|5|4|4|2,6,873,949300,silent,948427
11,21|8|5|4|3|3,6,473,849545,silent,849072
11,21|8|4|4|4|3,6,246,278670,silent,278424
11,21|7|7|7|1|1,6,94,48711,silent,48617
11,21|7|7|6|2|1,6,492,357481,silent,356989
11,21|7|7|5|3|1,6,823,749372,silent,748549
11,21|7|7|5|2|2,6,532,547669,silent,547137
11,21|7|7|4|4|1,6,489,438672,silent,438183
11,21|7|7|4|3|2,6,738,890944,silent,890206
11,21|7|7|3|3|3,6,125,240125,silent,240000
11,21|7|6|6|3|1,6,561,518591,silent,518030
11,21|7|6|6|2|2,6,419,375778,silent,375359
11,21|7|6|5|4|1,6,764,808998,silent,808234
11,21|7|6|5|3|2,6,960,1314842,silent,1313882
11,21|7|6|4|4|2,6,761,904561,silent,903800
11,21|7|6|4|3|3,6,404,785399,silent,784995
11,21|7|5|5|5|1,6,123,195126,silent,195003
11,21|7|5|5|4|2,6,419,714512,silent,714093
11,21|7|5|5|3|3,6,246,521284,silent,521038
11,21|7|5|4|4|3,6,345,556046,silent,555701
11,21|7|4|4|4|4,6,88,80161,silent,80073
11,21|6|6|6|4|1,6,181,173604,silent,173423
11,21|6|6|6|3|2,6,210,262351,silent,262141
11,21|6|6|5|5|1,6,87,141359,silent,141272
11,21|6|6|5|4|2,6,324,489240,silent,488916
11,21|6|6|5|3|3,6,135,343326,silent,343191
11,21|6|6|4|4|3,6,198,308042,silent,307844
11,21|6|5|5|5|2,6,48,156644,silent,156596
11,21|6|5|5|4|3,6,127,316193,silent,316066
11,21|6|5|4|4|4,6,82,117832,silent,117750
11,21|5|5|5|5|3,6,13,42462,silent,42449
11,21|5|5|5|4|4,6,7,38827,silent,38820
11,20|20|1|1|1|1,6,0,-1,a0,
11,20|19|2|1|1|1,6,0,-1,a0,
11,20|18|3|1|1|1,6,3,641,silent,638
11,20|18|2|2|1|1,6,3,479,silent,476
11,20|17|4|1|1|1,6,11,2365,silent,2354
11,20|17|3|2|1|1,6,31,3937,silent,3906
11,20|17|2|2|2|1,6,24,1507,silent,1483
11,20|16|5|1|1|1,6,37,6704,silent,6667
11,20|16|4|2|1|1,6,105,15637,silent,15532
11,20|16|3|3|1|1,6,60,9812,silent,9752
11,20|16|3|2|2|1,6,103,11380,silent,11277
11,20|16|2|2|2|2,6,42,2356,silent,2314
11,20|15|6|1|1|1,6,72,14418,silent,14346
11,20|15|5|2|1|1,6,270,44665,silent,44395
11,20|15|4|3|1|1,6,248,48514,silent,48266
11,20|15|4|2|2|1,6,321,46166,silent,45845
11,20|15|3|3|2|1,6,157,34448,silent,34291
11,20|15|3|2|2|2,6,123,16028,silent,15905
11,20|14|7|1|1|1,6,120,24707,silent,24587
11,20|14|6|2|1|1,6,466,93115,silent,92649
11,20|14|5|3|1|1,6,630,143677,silent,143047
11,20|14|5|2|2|1,6,663,125635,silent,124972
11,20|14|4|4|1|1,6,301,72583,silent,72282
11,20|14|4|3|2|1,6,696,174881,silent,174185
11,20|14|4|2|2|2,6,358,63932,silent,63574
11,20|14|3|3|3|1,6,94,45183,silent,45089
11,20|14|3|3|2|2,6,143,49691,silent,49548
11,20|13|8|1|1|1,6,144,32827,silent,32683
11,20|13|7|2|1|1,6,684,150478,silent,149794
11,20|13|6|3|1|1,6,1083,294747,silent,293664
11,20|13|6|2|2|1,6,1079,249708,silent,248629
11,20|13|5|4|1|1,6,937,267347,silent,266410
11,20|13|5|3|2|1,6,1576,496570,silent,494994
11,20|13|5|2|2|2,6,622,163047,silent,162425
11,20|13|4|4|2|1,6,900,276890,silent,275990
11,20|13|4|3|3|1,6,500,238016,silent,237516
11,20|13|4|3|2|2,6,663,248624,silent,247961
11,20|13|3|3|3|2,6,85,81527,silent,81442
11,20|12|9|1|1|1,6,137,32885,silent,32748
11,20|12|8|2|1|1,6,717,181231,silent,180514
11,20|12|7|3|1|1,6,1456,444083,silent,442627
11,20|12|7|2|2|1,6,1343,368366,silent,367023
11,20|12|6|4|1|1,6,1615,559373,silent,557758
11,20|12|6|3|2|1,6,2570,956252,silent,953682
11,20|12|6|2|2|2,6,974,302808,silent,301834
11,20|12|5|5|1|1,6,743,269051,silent,268308
11,20|12|5|4|2|1,6,2370,955950,silent,953580
11,20|12|5|3|3|1,6,1195,660388,silent,659193
11,20|12|5|3|2|2,6,1357,663155,silent,661798
11,20|12|4|4|3|1,6,923,460744,silent,459821
11,20|12|4|4|2|2,6,878,389895,silent,389017
11,20|12|4|3|3|2,6,482,414936,silent,414454
11,20|12|3|3|3|3,6,22,60780,silent,60758
11,20|11|10|1|1|1,6,83,20850,silent,20767
11,20|11|9|2|1|1,6,593,154814,silent,154221
11,20|11|8|3|1|1,6,1414,477815,silent,476401
11,20|11|8|2|2|1,6,1285,393077,silent,391792
11,20|11|7|4|1|1,6,2082,793774,silent,791692
11,20|11|7|3|2|1,6,3046,1298237,silent,1295191
11,20|11|7|2|2|2,6,1011,398702,silent,397691
11,20|11|6|5|1|1,6,1538,665031,silent,663493
11,20|11|6|4|2|1,6,3881,1846483,silent,1842602
11,20|11|6|3|3|1,6,1873,1183461,silent,1181588
11,20|11|6|3|2|2,6,2069,1171035,silent,1168966
11,20|11|5|5|2|1,6,1682,919038,silent,917356
11,20|11|5|4|3|1,6,2429,1532135,silent,1529706
11,20|11|5|4|2|2,6,1961,1237503,silent,1235542
11,20|11|5|3|3|2,6,1115,1071071,silent,1069956
11,20|11|4|4|4|1,6,620,339862,silent,339242
11,20|11|4|4|3|2,6,966,784053,silent,783087
11,20|11|4|3|3|3,6,138,293947,silent,293809
11,20|10|10|2|1|1,6,201,60283,silent,60082
11,20|10|9|3|1|1,6,882,317112,silent,316230
11,20|10|9|2|2|1,6,786,259193,silent,258407
11,20|10|8|4|1|1,6,1712,731672,silent,729960
11,20|10|8|3|2|1,6,2545,1178178,silent,1175633
11,20|10|8|2|2|2,6,888,360476,silent,359588
11,20|10|7|5|1|1,6,1898,900545,silent,898647
11,20|10|7|4|2|1,6,4228,2284689,silent,2280461
11,20|10|7|3|3|1,6,2047,1419061,silent,1417014
11,20|10|7|3|2|2,6,2125,1388021,silent,1385896
11,20|10|6|6|1|1,6,792,418493,silent,417701
11,20|10|6|5|2|1,6,3349,2053586,silent,2050237
11,20|10|6|4|3|1,6,3679,2691538,silent,2687859
11,20|10|6|4|2|2,6,3022,2144077,silent,2141055
11,20|10|6|3|3|2,6,1580,1719095,silent,1717515
11,20|10|5|5|3|1,6,1769,1468609,silent,1466840
11,20|10|5|5|2|2,6,1215,1094989,silent,1093774
11,20|10|5|4|4|1,6,1482,1117765,silent,1116283
11,20|10|5|4|3|2,6,2267,2368952,silent,2366685
11,20|10|5|3|3|3,6,347,700882,silent,700535
11,20|10|4|4|4|2,6,721,585490,silent,584769
11,20|10|4|4|3|3,6,335,553126,silent,552791
11,20|9|9|4|1|1,6,722,303795,silent,303073
11,20|9|9|3|2|1,6,978,480996,silent,480018
11,20|9|9|2|2|2,6,278,143836,silent,143558
11,20|9|8|5|1|1,6,1301,664476,silent,663175
11,20|9|8|4|2|1,6,2823,1628323,silent,1625500
11,20|9|8|3|3|1,6,1351,996295,silent,994944
11,20|9|8|3|2|2,6,1405,971185,silent,969780
11,20|9|7|6|1|1,6,1112,607508,silent,606396
11,20|9|7|5|2|1,6,3389,2309483,silent,2306094
11,20|9|7|4|3|1,6,3489,2799560,silent,2796071
11,20|9|7|4|2|2,6,2622,2199223,silent,2196601
11,20|9|7|3|3|2,6,1508,1720170,silent,1718662
11,20|9|6|6|2|1,6,1642,1146144,silent,1144502
11,20|9|6|5|3|1,6,3139,2876825,silent,2873686
11,20|9|6|5|2|2,6,2256,2121962,silent,2119706
11,20|9|6|4|4|1,6,2042,1768323,silent,1766281
11,20|9|6|4|3|2,6,3071,3607297,silent,3604226
11,20|9|6|3|3|3,6,447,980615,silent,980168
11,20|9|5|5|4|1,6,1133,1228064,silent,1226931
11,20|9|5|5|3|2,6,1477,2045228,silent,2043751
11,20|9|5|4|4|2,6,1414,1700749,silent,1699335
11,20|9|5|4|3|3,6,827,1514682,silent,1513855
11,20|9|4|4|4|3,6,377,483848,silent,483471
11,20|8|8|6|1|1,6,473,288273,silent,287800
11,20|8|8|5|2|1,6,1482,1030440,silent,1028958
11,20|8|8|4|3|1,6,1436,1212327,silent,1210891
11,20|8|8|4|2|2,6,1206,956430,silent,955224
11,20|8|8|3|3|2,6,578,731969,silent,731391
11,20|8|7|7|1|1,6,324,184543,silent,184219
11,20|8|7|6|2|1,6,1607,1235422,silent,1233815
11,20|8|7|5|3|1,6,2517,2462771,silent,2460254
11,20|8|7|5|2|2,6,1712,1798575,silent,1796863
11,20|8|7|4|4|1,6,1482,1418002,silent,1416520
11,20|8|7|4|3|2,6,2225,2843337,silent,2841112
11,20|8|7|3|3|3,6,341,748830,silent,748489
11,20|8|6|6|3|1,6,1346,1366558,silent,1365212
11,20|8|6|6|2|2,6,1028,984316,silent,983288
11,20|8|6|5|4|1,6,1792,2041531,silent,2039739
11,20|8|6|5|3|2,6,2236,3279981,silent,3277745
11,20|8|6|4|4|2,6,1735,2213906,silent,2212171
11,20|8|6|4|3|3,6,902,1902426,silent,1901524
11,20|8|5|5|5|1,6,278,449754,silent,449476
11,20|8|5|5|4|2,6,902,1619954,silent,1619052
11,20|8|5|5|3|3,6,535,1168574,silent,1168039
11,20|8|5|4|4|3,6,695,1224902,silent,1224207
11,20|8|4|4|4|4,6,168,168131,silent,167963
11,20|7|7|7|2|1,6,236,217404,silent,217168
11,20|7|7|6|3|1,6,788,856529,silent,855741
11,20|7|7|6|2|2,6,472,604169,silent,603697
11,20|7|7|5|4|1,6,838,1041687,silent,1040849
11,20|7|7|5|3|2,6,1059,1650546,silent,1649487
11,20|7|7|4|4|2,6,661,1046011,silent,1045350
11,20|7|7|4|3|3,6,454,898075,silent,897621
11,20|7|6|6|4|1,6,653,782461,silent,781808
11,20|7|6|6|3|2,6,762,1163110,silent,1162348
11,20|7|6|5|5|1,6,369,593850,silent,593481
11,20|7|6|5|4|2,6,1123,1984446,silent,1983323
11,20|7|6|5|3|3,6,569,1383439,silent,1382870
11,20|7|6|4|4|3,6,618,1188403,silent,1187785
11,20|7|5|5|5|2,6,187,499376,silent,499189
11,20|7|5|5|4|3,6,375,979709,silent,979334
11,20|7|5|4|4|4,6,183,347804,silent,347621
11,20|6|6|6|5|1,6,115,162701,silent,162586
11,20|6|6|6|4|2,6,301,436188,silent,435887
11,20|6|6|6|3|3,6,95,279851,silent,279756
11,20|6|6|5|5|2,6,128,366462,silent,366334
11,20|6|6|5|4|3,6,267,676764,silent,676497
11,20|6|6|4|4|4,6,141,199426,silent,199285
11,20|6|5|5|5|3,6,57,239611,silent,239554
11,20|6|5|5|4|4,6,59,216846,silent,216787
11,20|5|5|5|5|4,6,8,37874,silent,37866
11,19|19|3|1|1|1,6,0,-1,a0,
11,19|19|2|2|1|1,6,3,201,silent,198
11,19|18|4|1|1|1,6,6,1258,silent,1252
11,19|18|3|2|1|1,6,16,2090,silent,2074
11,19|18|2|2|2|1,6,13,804,silent,791
11,19|17|5|1|1|1,6,24,4452,silent,4428
11,19|17|4|2|1|1,6,76,10435,silent,10359
11,19|17|3|3|1|1,6,33,6373,silent,6340
11,19|17|3|2|2|1,6,70,7462,silent,7392
11,19|17|2|2|2|2,6,20,1428,silent,1408
11,19|16|6|1|1|1,6,55,10953,silent,10898
11,19|16|5|2|1|1,6,204,33840,silent,33636
11,19|16|4|3|1|1,6,189,36698,silent,36509
11,19|16|4|2|2|1,6,243,34911,silent,34668
11,19|16|3|3|2|1,6,120,26006,silent,25886
11,19|16|3|2|2|2,6,94,12101,silent,12007
11,19|15|7|1|1|1,6,104,21363,silent,21259
11,19|15|6|2|1|1,6,413,79935,silent,79522
11,19|15|5|3|1|1,6,530,122189,silent,121659
11,19|15|5|2|2|1,6,562,106574,silent,106012
11,19|15|4|4|1|1,6,278,62036,silent,61758
11,19|15|4|3|2|1,6,591,148027,silent,147436
11,19|15|4|2|2|2,6,280,53409,silent,53129
11,19|15|3|3|3|1,6,77,38115,silent,38038
11,19|15|3|3|2|2,6,136,42152,silent,42016
11,19|14|8|1|1|1,6,137,31764,silent,31627
11,19|14|7|2|1|1,6,643,143838,silent,143195
11,19|14|6|3|1|1,6,1021,279556,silent,278535
11,19|14|6|2|2|1,6,1013,236556,silent,235543
11,19|14|5|4|1|1,6,875,252386,silent,251511
11,19|14|5|3|2|1,6,1484,467662,silent,466178
11,19|14|5|2|2|2,6,587,153270,silent,152683
11,19|14|4|4|2|1,6,840,260101,silent,259261
11,19|14|4|3|3|1,6,475,223072,silent,222597
11,19|14|4|3|2|2,6,623,232633,silent,232010
11,19|14|3|3|3|2,6,81,75977,silent,75896
11,19|13|9|1|1|1,6,156,37160,silent,37004
11,19|13|8|2|1|1,6,788,197964,silent,197176
11,19|13|7|3|1|1,6,1528,474389,silent,472861
11,19|13|7|2|2|1,6,1397,392047,silent,390650
11,19|13|6|4|1|1,6,1719,591949,silent,590230
11,19|13|6|3|2|1,6,2667,1006077,silent,1003410
11,19|13|6|2|2|2,6,954,315887,silent,314933
11,19|13|5|5|1|1,6,747,282226,silent,281479
11,19|13|5|4|2|1,6,2438,999169,silent,996731
11,19|13|5|3|3|1,6,1245,688800,silent,687555
11,19|13|5|3|2|2,6,1414,690017,silent,688603
11,19|13|4|4|3|1,6,966,479188,silent,478222
11,19|13|4|4|2|2,6,845,402450,silent,401605
11,19|13|4|3|3|2,6,525,429818,silent,429293
11,19|13|3|3|3|3,6,21,62277,silent,62256
11,19|12|10|1|1|1,6,113,30107,silent,29994
11,19|12|9|2|1|1,6,732,201594,silent,200862
11,19|12|8|3|1|1,6,1690,591256,silent,589566
11,19|12|8|2|2|1,6,1539,485687,silent,484148
11,19|12|7|4|1|1,6,2413,954599,silent,952186
11,19|12|7|3|2|1,6,3559,1555817,silent,1552258
11,19|12|7|2|2|2,6,1195,476729,silent,475534
11,19|12|6|5|1|1,6,1770,788675,silent,786905
11,19|12|6|4|2|1,6,4452,2176779,silent,2172327
11,19|12|6|3|3|1,6,2169,1390562,silent,1388393
11,19|12|6|3|2|2,6,2382,1373072,silent,1370690
11,19|12|5|5|2|1,6,1931,1075490,silent,1073559
11,19|12|5|4|3|1,6,2761,1783551,silent,1780790
11,19|12|5|4|2|2,6,2244,1437621,silent,1435377
11,19|12|5|3|3|2,6,1283,1239583,silent,1238300
11,19|12|4|4|4|1,6,690,393128,silent,392438
11,19|12|4|4|3|2,6,1093,903061,silent,901968
11,19|12|4|3|3|3,6,166,336920,silent,336754
11,19|11|11|1|1|1,6,52,12129,silent,12077
11,19|11|10|2|1|1,6,449,129378,silent,128929
11,19|11|9|3|1|1,6,1382,512115,silent,510733
11,19|11|9|2|2|1,6,1189,416004,silent,414815
11,19|11|8|4|1|1,6,2445,1067487,silent,1065042
11,19|11|8|3|2|1,6,3527,1705072,silent,1701545
11,19|11|8|2|2|2,6,1142,516216,silent,515074
11,19|11|7|5|1|1,6,2517,1250863,silent,1248346
11,19|11|7|4|2|1,6,5568,3145778,silent,3140210
11,19|11|7|3|3|1,6,2737,1947216,silent,1944479
11,19|11|7|3|2|2,6,2798,1897476,silent,1894678
11,19|11|6|6|1|1,6,1080,572000,silent,570920
11,19|11|6|5|2|1,6,4322,2761793,silent,2757471
11,19|11|6|4|3|1,6,4763,3596277,silent,3591514
11,19|11|6|4|2|2,6,3757,2850099,silent,2846342
11,19|11|6|3|3|2,6,2111,2282621,silent,2280510
11,19|11|5|5|3|1,6,2257,1938753,silent,1936496
11,19|11|5|5|2|2,6,1601,1443552,silent,1441951
11,19|11|5|4|4|1,6,1848,1467982,silent,1466134
11,19|11|5|4|3|2,6,2876,3096940,silent,3094064
11,19|11|5|3|3|3,6,457,911250,silent,910793
11,19|11|4|4|4|2,6,827,755605,silent,754778
11,19|11|4|4|3|3,6,455,715527,silent,715072
11,19|10|10|3|1|1,6,505,202598,silent,202093
11,19|10|10|2|2|1,6,469,166128,silent,165659
11,19|10|9|4|1|1,6,1546,721857,silent,720311
11,19|10|9|3|2|1,6,2203,1140722,silent,1138519
11,19|10|9|2|2|2,6,702,342931,silent,342229
11,19|10|8|5|1|1,6,2229,1217271,silent,1215042
11,19|10|8|4|2|1,6,4817,2951194,silent,2946377
11,19|10|8|3|3|1,6,2310,1794757,silent,1792447
11,19|10|8|3|2|2,6,2403,1745659,silent,1743256
11,19|10|7|6|1|1,6,1733,1018541,silent,1016808
11,19|10|7|5|2|1,6,5289,3805779,silent,3800490
11,19|10|7|4|3|1,6,5378,4566766,silent,4561388
11,19|10|7|4|2|2,6,4110,3579926,silent,3575816
11,19|10|7|3|3|2,6,2322,2780323,silent,2778001
11,19|10|6|6|2|1,6,2459,1823103,silent,1820644
11,19|10|6|5|3|1,6,4667,4498563,silent,4493896
11,19|10|6|5|2|2,6,3347,3308074,silent,3304727
11,19|10|6|4|4|1,6,2976,2745119,silent,2742143
11,19|10|6|4|3|2,6,4523,5566768,silent,5562245
11,19|10|6|3|3|3,6,680,1501386,silent,1500706
11,19|10|5|5|4|1,6,1650,1869866,silent,1868216
11,19|10|5|5|3|2,6,2149,3096100,silent,3093951
11,19|10|5|4|4|2,6,2026,2556528,silent,2554502
11,19|10|5|4|3|3,6,1186,2265159,silent,2263973
11,19|10|4|4|4|3,6,513,713479,silent,712966
11,19|9|9|5|1|1,6,923,515126,silent,514203
11,19|9|9|4|2|1,6,1868,1221761,silent,1219893
11,19|9|9|3|3|1,6,939,740859,silent,739920
11,19|9|9|3|2|2,6,893,713511,silent,712618
11,19|9|8|6|1|1,6,1316,824782,silent,823466
11,19|9|8|5|2|1,6,3721,2842448,silent,2838727
11,19|9|8|4|3|1,6,3646,3298628,silent,3294982
11,19|9|8|4|2|2,6,2769,2574832,silent,2572063
11,19|9|8|3|3|2,6,1562,1970457,silent,1968895
11,19|9|7|7|1|1,6,643,419054,silent,418411
11,19|9|7|6|2|1,6,3187,2666721,silent,2663534
11,19|9|7|5|3|1,6,4915,5175664,silent,5170749
11,19|9|7|5|2|2,6,3339,3762270,silent,3758931
11,19|9|7|4|4|1,6,2806,2943824,silent,2941018
11,19|9|7|4|3|2,6,4276,5859930,silent,5855654
11,19|9|7|3|3|3,6,699,1529182,silent,1528483
11,19|9|6|6|3|1,6,2454,2663640,silent,2661186
11,19|9|6|6|2|2,6,1712,1901432,silent,1899720
11,19|9|6|5|4|1,6,3154,3882281,silent,3879127
11,19|9|6|5|3|2,6,3990,6192262,silent,6188272
11,19|9|6|4|4|2,6,2836,4121974,silent,4119138
11,19|9|6|4|3|3,6,1658,3534387,silent,3532729
11,19|9|5|5|5|1,6,496,819871,silent,819375
11,19|9|5|5|4|2,6,1580,2920182,silent,2918602
11,19|9|5|5|3|3,6,893,2090544,silent,2089651
11,19|9|5|4|4|3,6,1118,2167463,silent,2166345
11,19|9|4|4|4|4,6,210,287087,silent,286877
11,19|8|8|7|1|1,6,358,248855,silent,248497
11,19|8|8|6|2|1,6,1520,1287608,silent,1286088
11,19|8|8|5|3|1,6,2130,2328718,silent,2326588
11,19|8|8|5|2|2,6,1526,1694997,silent,1693471
11,19|8|8|4|4|1,6,1225,1297044,silent,1295819
11,19|8|8|4|3|2,6,1820,2558260,silent,2556440
11,19|8|8|3|3|3,6,256,653911,silent,653655
11,19|8|7|7|2|1,6,864,822395,silent,821531
11,19|8|7|6|3|1,6,2475,2926614,silent,2924139
11,19|8|7|6|2|2,6,1636,2065536,silent,2063900
11,19|8|7|5|4|1,6,2568,3415034,silent,3412466
11,19|8|7|5|3|2,6,3189,5353601,silent,5350412
11,19|8|7|4|4|2,6,2082,3339109,silent,3337027
11,19|8|7|4|3|3,6,1248,2826306,silent,2825058
11,19|8|6|6|4|1,6,1549,2054179,silent,2052630
11,19|8|6|6|3|2,6,1813,3021569,silent,3019756
11,19|8|6|5|5|1,6,878,1503909,silent,1503031
11,19|8|6|5|4|2,6,2587,4941285,silent,4938698
11,19|8|6|5|3|3,6,1318,3414937,silent,3413619
11,19|8|6|4|4|3,6,1350,2879393,silent,2878043
11,19|8|5|5|5|2,6,399,1137159,silent,1136760
11,19|8|5|5|4|3,6,795,2199465,silent,2198670
11,19|8|5|4|4|4,6,376,764245,silent,763869
11,19|7|7|7|3|1,6,397,531081,silent,530684
11,19|7|7|7|2|2,6,215,365079,silent,364864
11,19|7|7|6|4|1,6,866,1311011,silent,1310145
11,19|7|7|6|3|2,6,1007,1900825,silent,1899818
11,19|7|7|5|5|1,6,457,799372,silent,798915
11,19|7|7|5|4|2,6,1192,2536899,silent,2535707
11,19|7|7|5|3|3,6,680,1741300,silent,1740620
11,19|7|7|4|4|3,6,570,1379750,silent,1379180
11,19|7|6|6|5|1,6,445,749233,silent,748788
11,19|7|6|6|4|2,6,974,1937790,silent,1936816
11,19|7|6|6|3|3,6,449,1246379,silent,1245930
11,19|7|6|5|5|2,6,563,1525077,silent,1524514
11,19|7|6|5|4|3,6,954,2737795,silent,2736841
11,19|7|6|4|4|4,6,342,763032,silent,762690
11,19|7|5|5|5|3,6,186,758195,silent,758009
11,19|7|5|5|4|4,6,189,675740,silent,675551
11,19|6|6|6|6|1,6,63,79713,silent,79650
11,19|6|6|6|5|2,6,193,427683,silent,427490
11,19|6|6|6|4|3,6,232,614049,silent,613817
11,19|6|6|5|5|3,6,124,563184,silent,563060
11,19|6|6|5|4|4,6,162,480777,silent,480615
11,19|6|5|5|5|4,6,30,216588,silent,216558
11,19|5|5|5|5|5,6,5,17116,silent,17111
11,18|18|5|1|1|1,6,9,1527,silent,1518
11,18|18|4|2|1|1,6,21,3514,silent,3493
11,18|18|3|3|1|1,6,17,2282,silent,2265
11,18|18|3|2|2|1,6,23,2610,silent,2587
11,18|18|2|2|2|2,6,13,592,silent,579
11,18|17|6|1|1|1,6,30,5949,silent,5919
11,18|17|5|2|1|1,6,112,18321,silent,18209
11,18|17|4|3|1|1,6,103,19833,silent,19730
11,18|17|4|2|2|1,6,131,18837,silent,18706
11,18|17|3|3|2|1,6,66,14030,silent,13964
11,18|17|3|2|2|2,6,49,6506,silent,6457
11,18|16|7|1|1|1,6,71,14389,silent,14318
11,18|16|6|2|1|1,6,265,53653,silent,53388
11,18|16|5|3|1|1,6,365,82322,silent,81957
11,18|16|5|2|2|1,6,377,71850,silent,71473
11,18|16|4|4|1|1,6,167,41392,silent,41225
11,18|16|4|3|2|1,6,399,99530,silent,99131
11,18|16|4|2|2|2,6,207,36345,silent,36138
11,18|16|3|3|3|1,6,59,25617,silent,25558
11,18|16|3|3|2|2,6,80,28054,silent,27974
11,18|15|8|1|1|1,6,111,25450,silent,25339
11,18|15|7|2|1|1,6,509,114026,silent,113517
11,18|15|6|3|1|1,6,804,220286,silent,219482
11,18|15|6|2|2|1,6,788,185990,silent,185202
11,18|15|5|4|1|1,6,687,198252,silent,197565
11,18|15|5|3|2|1,6,1160,366488,silent,365328
11,18|15|5|2|2|2,6,450,119707,silent,119257
11,18|15|4|4|2|1,6,653,203448,silent,202795
11,18|15|4|3|3|1,6,375,174358,silent,173983
11,18|15|4|3|2|2,6,485,181468,silent,180983
11,18|15|3|3|3|2,6,68,59239,silent,59171
11,18|14|9|1|1|1,6,139,34299,silent,34160
11,18|14|8|2|1|1,6,688,179847,silent,179159
11,18|14|7|3|1|1,6,1363,426890,silent,425527
11,18|14|7|2|2|1,6,1240,352863,silent,351623
11,18|14|6|4|1|1,6,1482,528495,silent,527013
11,18|14|6|3|2|1,6,2360,897847,silent,895487
11,18|14|6|2|2|2,6,875,282438,silent,281563
11,18|14|5|5|1|1,6,680,251857,silent,251177
11,18|14|5|4|2|1,6,2144,887984,silent,885840
11,18|14|5|3|3|1,6,1109,610902,silent,609793
11,18|14|5|3|2|2,6,1233,611308,silent,610075
11,18|14|4|4|3|1,6,829,423826,silent,422997
11,18|14|4|4|2|2,6,784,356846,silent,356062
11,18|14|4|3|3|2,6,452,378681,silent,378229
11,18|14|3|3|3|3,6,25,54885,silent,54860
11,18|13|10|1|1|1,6,130,34179,silent,34049
11,18|13|9|2|1|1,6,774,215763,silent,214989
11,18|13|8|3|1|1,6,1725,613571,silent,611846
11,18|13|8|2|2|1,6,1541,502273,silent,500732
11,18|13|7|4|1|1,6,2415,973328,silent,970913
11,18|13|7|3|2|1,6,3540,1580655,silent,1577115
11,18|13|7|2|2|2,6,1158,482222,silent,481064
11,18|13|6|5|1|1,6,1757,796823,silent,795066
11,18|13|6|4|2|1,6,4373,2188478,silent,2184105
11,18|13|6|3|3|1,6,2162,1395765,silent,1393603
11,18|13|6|3|2|2,6,2333,1374722,silent,1372389
11,18|13|5|5|2|1,6,1896,1076344,silent,1074448
11,18|13|5|4|3|1,6,2710,1778909,silent,1776199
11,18|13|5|4|2|2,6,2178,1430534,silent,1428356
11,18|13|5|3|3|2,6,1287,1232057,silent,1230770
11,18|13|4|4|4|1,6,660,390183,silent,389523
11,18|13|4|4|3|2,6,1060,894018,silent,892958
11,18|13|4|3|3|3,6,173,332855,silent,332682
11,18|12|11|1|1|1,6,81,21676,silent,21595
11,18|12|10|2|1|1,6,578,179425,silent,178847
11,18|12|9|3|1|1,6,1658,641355,silent,639697
11,18|12|9|2|2|1,6,1442,521282,silent,519840
11,18|12|8|4|1|1,6,2764,1271305,silent,1268541
11,18|12|8|3|2|1,6,4056,2025647,silent,2021591
11,18|12|8|2|2|2,6,1353,613057,silent,611704
11,18|12|7|5|1|1,6,2834,1452487,silent,1449653
11,18|12|7|4|2|1,6,6228,3634444,silent,3628216
11,18|12|7|3|3|1,6,3076,2242382,silent,2239306
11,18|12|7|3|2|2,6,3132,2182764,silent,2179632
11,18|12|6|6|1|1,6,1161,656191,silent,655030
11,18|12|6|5|2|1,6,4773,3145918,silent,3141145
11,18|12|6|4|3|1,6,5217,4076712,silent,4071495
11,18|12|6|4|2|2,6,4200,3227741,silent,3223541
11,18|12|6|3|3|2,6,2310,2574456,silent,2572146
11,18|12|5|5|3|1,6,2496,2182513,silent,2180017
11,18|12|5|5|2|2,6,1719,1621450,silent,1619731
11,18|12|5|4|4|1,6,2001,1647370,silent,1645369
11,18|12|5|4|3|2,6,3143,3463538,silent,3460395
11,18|12|5|3|3|3,6,521,1014787,silent,1014266
11,18|12|4|4|4|2,6,920,841037,silent,840117
11,18|12|4|4|3|3,6,467,792683,silent,792216
11,18|11|11|2|1|1,6,247,71501,silent,71254
11,18|11|10|3|1|1,6,1024,417156,silent,416132
11,18|11|10|2|2|1,6,884,338240,silent,337356
11,18|11|9|4|1|1,6,2335,1129497,silent,1127162
11,18|11|9|3|2|1,6,3264,1773417,silent,1770153
11,18|11|9|2|2|2,6,986,529173,silent,528187
11,18|11|8|5|1|1,6,3031,1724918,silent,1721887
11,18|11|8|4|2|1,6,6417,4144081,silent,4137664
11,18|11|8|3|3|1,6,3138,2513159,silent,2510021
11,18|11|8|3|2|2,6,3170,2434416,silent,2431246
11,18|11|7|6|1|1,6,2255,1383299,silent,1381044
11,18|11|7|5|2|1,6,6769,5102946,silent,5096177
11,18|11|7|4|3|1,6,6866,6084513,silent,6077647
11,18|11|7|4|2|2,6,5165,4754404,silent,4749239
11,18|11|7|3|3|2,6,3017,3683150,silent,3680133
11,18|11|6|6|2|1,6,3073,2398085,silent,2395012
11,18|11|6|5|3|1,6,5843,5855863,silent,5850020
11,18|11|6|5|2|2,6,4134,4293311,silent,4289177
11,18|11|6|4|4|1,6,3636,3554401,silent,3550765
11,18|11|6|4|3|2,6,5600,7180710,silent,7175110
11,18|11|6|3|3|3,6,887,1928998,silent,1928111
11,18|11|5|5|4|1,6,2037,2394977,silent,2392940
11,18|11|5|5|3|2,6,2679,3950605,silent,3947926
11,18|11|5|4|4|2,6,2415,3243926,silent,3241511
11,18|11|5|4|3|3,6,1475,2868408,silent,2866933
11,18|11|4|4|4|3,6,593,894633,silent,894040
11,18|10|10|4|1|1,6,850,452632,silent,451782
11,18|10|10|3|2|1,6,1269,711950,silent,710681
11,18|10|10|2|2|2,6,447,214802,silent,214355
11,18|10|9|5|1|1,6,1987,1201598,silent,1199611
11,18|10|9|4|2|1,6,4094,2829379,silent,2825285
11,18|10|9|3|3|1,6,2006,1702492,silent,1700486
11,18|10|9|3|2|2,6,1986,1642902,silent,1640916
11,18|10|8|6|1|1,6,2184,1491417,silent,1489233
11,18|10|8|5|2|1,6,6211,5054021,silent,5047810
11,18|10|8|4|3|1,6,6011,5808268,silent,5802257
11,18|10|8|4|2|2,6,4663,4526014,silent,4521351
11,18|10|8|3|3|2,6,2560,3440297,silent,3437737
11,18|10|7|7|1|1,6,1025,702512,silent,701487
11,18|10|7|6|2|1,6,4886,4343697,silent,4338811
11,18|10|7|5|3|1,6,7441,8290256,silent,8282815
11,18|10|7|5|2|2,6,5052,6013801,silent,6008749
11,18|10|7|4|4|1,6,4197,4684068,silent,4679871
11,18|10|7|4|3|2,6,6422,9273993,silent,9267571
11,18|10|7|3|3|3,6,1060,2400933,silent,2399873
11,18|10|6|6|3|1,6,3546,4119781,silent,4116235
11,18|10|6|6|2|2,6,2542,2934317,silent,2931775
11,18|10|6|5|4|1,6,4537,5920630,silent,5916093
11,18|10|6|5|3|2,6,5735,9395192,silent,9389457
11,18|10|6|4|4|2,6,4074,6212739,silent,6208665
11,18|10|6|4|3|3,6,2339,5302582,silent,5300243
11,18|10|5|5|5|1,6,711,1220861,silent,1220150
11,18|10|5|5|4|2,6,2203,4316639,silent,4314436
11,18|10|5|5|3|3,6,1288,3077796,silent,3076508
11,18|10|5|4|4|3,6,1531,3170277,silent,3168746
11,18|10|4|4|4|4,6,297,413777,silent,413480
11,18|9|9|6|1|1,6,968,656771,silent,655803
11,18|9|9|5|2|1,6,2480,2141651,silent,2139171
11,18|9|9|4|3|1,6,2420,2428932,silent,2426512
11,18|9|9|4|2|2,6,1695,1877133,silent,1875438
11,18|9|9|3|3|2,6,1079,1427636,silent,1426557
11,18|9|8|7|1|1,6,970,728635,silent,727665
11,18|9|8|6|2|1,6,3780,3560767,silent,3556987
11,18|9|8|5|3|1,6,5308,6278861,silent,6273553
11,18|9|8|5|2|2,6,3632,4537780,silent,4534148
11,18|9|8|4|4|1,6,2895,3450385,silent,3447490
11,18|9|8|4|3|2,6,4407,6763998,silent,6759591
11,18|9|8|3|3|3,6,714,1719610,silent,1718896
11,18|9|7|7|2|1,6,1765,1822796,silent,1821031
11,18|9|7|6|3|1,6,4823,6172778,silent,6167955
11,18|9|7|6|2|2,6,3115,4335036,silent,4331921
11,18|9|7|5|4|1,6,4876,7034693,silent,7029817
11,18|9|7|5|3|2,6,6111,10954218,silent,10948107
11,18|9|7|4|4|2,6,3779,6748771,silent,6744992
11,18|9|7|4|3|3,6,2395,5690745,silent,5688350
11,18|9|6|6|4|1,6,2682,3921391,silent,3918709
11,18|9|6|6|3|2,6,3142,5728807,silent,5725665
11,18|9|6|5|5|1,6,1565,2819558,silent,2817993
11,18|9|6|5|4|2,6,4413,9153599,silent,9149186
11,18|9|6|5|3|3,6,2334,6299430,silent,6297096
11,18|9|6|4|4|3,6,2215,5246133,silent,5243918
11,18|9|5|5|5|2,6,718,2022537,silent,2021819
11,18|9|5|5|4|3,6,1317,3871789,silent,3870472
11,18|9|5|4|4|4,6,558,1324582,silent,1324024
11,18|8|8|8|1|1,6,129,120220,silent,120091
11,18|8|8|7|2|1,6,1073,1102240,silent,1101167
11,18|8|8|6|3|1,6,2266,3006491,silent,3004225
11,18|8|8|6|2|2,6,1612,2115894,silent,2114282
11,18|8|8|5|4|1,6,2190,3216162,silent,3213972
11,18|8|8|5|3|2,6,2675,4967132,silent,4964457
11,18|8|8|4|4|2,6,1753,2997738,silent,2995985
11,18|8|8|4|3|3,6,947,2496305,silent,2495358
11,18|8|7|7|3|1,6,1382,1967700,silent,1966318
11,18|8|7|7|2|2,6,802,1355402,silent,1354600
11,18|8|7|6|4|1,6,2738,4427437,silent,4424699
11,18|8|7|6|3|2,6,3166,6356775,silent,6353609
11,18|8|7|5|5|1,6,1372,2600365,silent,2598993
11,18|8|7|5|4|2,6,3594,8137665,silent,8134071
11,18|8|7|5|3|3,6,1958,5526789,silent,5524831
11,18|8|7|4|4|3,6,1653,4311470,silent,4309817
11,18|8|6|6|5|1,6,1051,1955785,silent,1954734
11,18|8|6|6|4|2,6,2304,4975465,silent,4973161
11,18|8|6|6|3|3,6,1023,3175428,silent,3174405
11,18|8|6|5|5|2,6,1284,3778241,silent,3776957
11,18|8|6|5|4|3,6,2150,6688628,silent,6686478
11,18|8|6|4|4|4,6,749,1823444,silent,1822695
11,18|8|5|5|5|3,6,397,1694603,silent,1694206
11,18|8|5|5|4|4,6,380,1497172,silent,1496792
11,18|7|7|7|4|1,6,438,839174,silent,838736
11,18|7|7|7|3|2,6,499,1165439,silent,1164940
11,18|7|7|6|5|1,6,630,1299394,silent,1298764
11,18|7|7|6|4|2,6,1211,3192281,silent,3191070
11,18|7|7|6|3|3,6,677,2029942,silent,2029265
11,18|7|7|5|5|2,6,698,2022963,silent,2022265
11,18|7|7|5|4|3,6,1033,3475009,silent,3473976
11,18|7|7|4|4|4,6,258,880957,silent,880699
11,18|7|6|6|6|1,6,204,376081,silent,375877
11,18|7|6|6|5|2,6,684,1927807,silent,1927123
11,18|7|6|6|4|3,6,822,2705264,silent,2704442
11,18|7|6|5|5|3,6,526,2310035,silent,2309509
11,18|7|6|5|4|4,6,517,1922946,silent,1922429
11,18|7|5|5|5|4,6,114,681929,silent,681815
11,18|6|6|6|6|2,6,116,212961,silent,212845
11,18|6|6|6|5|3,6,163,662568,silent,662405
11,18|6|6|6|4|4,6,166,456152,silent,455986
11,18|6|6|5|5|4,6,73,518519,silent,518446
11,18|6|5|5|5|5,6,10,97323,silent,97313
11,17|17|7|1|1|1,6,25,5187,silent,5162
11,17|17|6|2|1|1,6,106,19308,silent,19202
11,17|17|5|3|1|1,6,124,29116,silent,28992
11,17|17|5|2|2|1,6,132,25321,silent,25189
11,17|17|4|4|1|1,6,75,14948,silent,14873
11,17|17|4|3|2|1,6,142,35135,silent,34993
11,17|17|4|2|2|2,6,55,12392,silent,12337
11,17|17|3|3|3|1,6,16,8998,silent,8982
11,17|17|3|3|2|2,6,39,10093,silent,10054
11,17|16|8|1|1|1,6,61,14140,silent,14079
11,17|16|7|2|1|1,6,279,63131,silent,62852
11,17|16|6|3|1|1,6,442,121645,silent,121203
11,17|16|6|2|2|1,6,433,102719,silent,102286
11,17|16|5|4|1|1,6,376,109287,silent,108911
11,17|16|5|3|2|1,6,638,201920,silent,201282
11,17|16|5|2|2|2,6,249,65964,silent,65715
11,17|16|4|4|2|1,6,357,111988,silent,111631
11,17|16|4|3|3|1,6,207,95886,silent,95679
11,17|16|4|3|2|2,6,267,99777,silent,99510
11,17|16|3|3|3|2,6,37,32505,silent,32468
11,17|15|9|1|1|1,6,102,24619,silent,24517
11,17|15|8|2|1|1,6,499,127313,silent,126814
11,17|15|7|3|1|1,6,940,298780,silent,297840
11,17|15|7|2|2|1,6,853,246255,silent,245402
11,17|15|6|4|1|1,6,1059,369028,silent,367969
11,17|15|6|3|2|1,6,1625,624106,silent,622481
11,17|15|6|2|2|2,6,560,194741,silent,194181
11,17|15|5|5|1|1,6,446,174594,silent,174148
11,17|15|5|4|2|1,6,1471,615563,silent,614092
11,17|15|5|3|3|1,6,763,423269,silent,422506
11,17|15|5|3|2|2,6,863,423131,silent,422268
11,17|15|4|4|3|1,6,586,293512,silent,292926
11,17|15|4|4|2|2,6,489,245154,silent,244665
11,17|15|4|3|3|2,6,331,262092,silent,261761
11,17|15|3|3|3|3,6,11,37614,silent,37603
11,17|14|10|1|1|1,6,109,29760,silent,29651
11,17|14|9|2|1|1,6,637,182947,silent,182310
11,17|14|8|3|1|1,6,1411,511780,silent,510369
11,17|14|8|2|2|1,6,1262,418799,silent,417537
11,17|14|7|4|1|1,6,1950,803495,silent,801545
11,17|14|7|3|2|1,6,2878,1303028,silent,1300150
11,17|14|7|2|2|2,6,949,397275,silent,396326
11,17|14|6|5|1|1,6,1418,654287,silent,652869
11,17|14|6|4|2|1,6,3526,1792514,silent,1788988
11,17|14|6|3|3|1,6,1749,1141459,silent,1139710
11,17|14|6|3|2|2,6,1886,1123455,silent,1121569
11,17|14|5|5|2|1,6,1528,878926,silent,877398
11,17|14|5|4|3|1,6,2178,1449377,silent,1447199
11,17|14|5|4|2|2,6,1758,1164692,silent,1162934
11,17|14|5|3|3|2,6,1036,1001267,silent,1000231
11,17|14|4|4|4|1,6,523,317086,silent,316563
11,17|14|4|4|3|2,6,852,725243,silent,724391
11,17|14|4|3|3|3,6,141,269415,silent,269274
11,17|13|11|1|1|1,6,96,25497,silent,25401
11,17|13|10|2|1|1,6,616,189389,silent,188773
11,17|13|9|3|1|1,6,1619,640637,silent,639018
11,17|13|9|2|2|1,6,1383,518780,silent,517397
11,17|13|8|4|1|1,6,2664,1235529,silent,1232865
11,17|13|8|3|2|1,6,3818,1959868,silent,1956050
11,17|13|8|2|2|2,6,1203,589262,silent,588059
11,17|13|7|5|1|1,6,2619,1387906,silent,1385287
11,17|13|7|4|2|1,6,5764,3458563,silent,3452799
11,17|13|7|3|3|1,6,2869,2130993,silent,2128124
11,17|13|7|3|2|2,6,2907,2070049,silent,2067142
11,17|13|6|6|1|1,6,1121,624331,silent,623210
11,17|13|6|5|2|1,6,4391,2968279,silent,2963888
11,17|13|6|4|3|1,6,4825,3836059,silent,3831234
11,17|13|6|4|2|2,6,3749,3027561,silent,3023812
11,17|13|6|3|3|2,6,2188,2416348,silent,2414160
11,17|13|5|5|3|1,6,2274,2043520,silent,2041246
11,17|13|5|5|2|2,6,1631,1518138,silent,1516507
11,17|13|5|4|4|1,6,1814,1539039,silent,1537225
11,17|13|5|4|3|2,6,2875,3229360,silent,3226485
11,17|13|5|3|3|3,6,480,944023,silent,943543
11,17|13|4|4|4|2,6,774,778887,silent,778113
11,17|13|4|4|3|3,6,462,736727,silent,736265
11,17|12|12|1|1|1,6,29,9681,silent,9652
11,17|12|11|2|1|1,6,378,122204,silent,121826
11,17|12|10|3|1|1,6,1280,548259,silent,546979
11,17|12|10|2|2|1,6,1119,444576,silent,443457
11,17|12|9|4|1|1,6,2634,1341274,silent,1338640
11,17|12|9|3|2|1,6,3730,2101322,silent,2097592
11,17|12|9|2|2|2,6,1159,626911,silent,625752
11,17|12|8|5|1|1,6,3292,1953760,silent,1950468
11,17|12|8|4|2|1,6,6969,4671492,silent,4664523
11,17|12|8|3|3|1,6,3411,2825097,silent,2821686
11,17|12|8|3|2|2,6,3453,2733620,silent,2730167
11,17|12|7|6|1|1,6,2390,1531356,silent,1528966
11,17|12|7|5|2|1,6,7185,5607491,silent,5600306
11,17|12|7|4|3|1,6,7249,6656715,silent,6649466
11,17|12|7|4|2|2,6,5496,5195761,silent,5190265
11,17|12|7|3|3|2,6,3189,4012532,silent,4009343
11,17|12|6|6|2|1,6,3217,2606393,silent,2603176
11,17|12|6|5|3|1,6,6103,6319604,silent,6313501
11,17|12|6|5|2|2,6,4321,4626741,silent,4622420
11,17|12|6|4|4|1,6,3765,3824381,silent,3820616
11,17|12|6|4|3|2,6,5832,7704816,silent,7698984
11,17|12|6|3|3|3,6,938,2062518,silent,2061580
11,17|12|5|5|4|1,6,2111,2558900,silent,2556789
11,17|12|5|5|3|2,6,2777,4209759,silent,4206982
11,17|12|5|4|4|2,6,2488,3447024,silent,3444536
11,17|12|5|4|3|3,6,1518,3040967,silent,3039449
11,17|12|4|4|4|3,6,598,943394,silent,942796
11,17|11|11|3|1|1,6,519,219400,silent,218881
11,17|11|11|2|2|1,6,412,175647,silent,175235
11,17|11|10|4|1|1,6,1667,890531,silent,888864
11,17|11|10|3|2|1,6,2337,1386713,silent,1384376
11,17|11|10|2|2|2,6,710,411995,silent,411285
11,17|11|9|5|1|1,6,2847,1803241,silent,1800394
11,17|11|9|4|2|1,6,5763,4210427,silent,4204664
11,17|11|9|3|3|1,6,2870,2526713,silent,2523843
11,17|11|9|3|2|2,6,2778,2429577,silent,2426799
11,17|11|8|6|1|1,6,2899,2040161,silent,2037262
11,17|11|8|5|2|1,6,7949,6819974,silent,6812025
11,17|11|8|4|3|1,6,7715,7792235,silent,7784520
11,17|11|8|4|2|2,6,5767,6047819,silent,6042052
11,17|11|8|3|3|2,6,3361,4592655,silent,4589294
11,17|11|7|7|1|1,6,1247,925447,silent,924200
11,17|11|7|6|2|1,6,6006,5622568,silent,5616562
11,17|11|7|5|3|1,6,9096,10621560,silent,10612464
11,17|11|7|5|2|2,6,6188,7687918,silent,7681730
11,17|11|7|4|4|1,6,5053,5971679,silent,5966626
11,17|11|7|4|3|2,6,7803,11784024,silent,11776221
11,17|11|7|3|3|3,6,1316,3038950,silent,3037634
11,17|11|6|6|3|1,6,4281,5181904,silent,5177623
11,17|11|6|6|2|2,6,2907,3674835,silent,3671928
11,17|11|6|5|4|1,6,5388,7378198,silent,7372810
11,17|11|6|5|3|2,6,6863,11669755,silent,11662892
11,17|11|6|4|4|2,6,4647,7672797,silent,7668150
11,17|11|6|4|3|3,6,2854,6544373,silent,6541519
11,17|11|5|5|5|1,6,850,1500667,silent,1499817
11,17|11|5|5|4|2,6,2643,5281086,silent,5278443
11,17|11|5|5|3|3,6,1488,3752284,silent,3750796
11,17|11|5|4|4|3,6,1757,3849227,silent,3847470
11,17|11|4|4|4|4,6,284,494994,silent,494710
11,17|10|10|5|1|1,6,1095,737055,silent,735960
11,17|10|10|4|2|1,6,2286,1713479,silent,1711193
11,17|10|10|3|3|1,6,1093,1021099,silent,1020006
11,17|10|10|3|2|2,6,1125,986271,silent,985146
11,17|10|9|6|1|1,6,1989,1494538,silent,1492549
11,17|10|9|5|2|1,6,5249,4806214,silent,4800965
11,17|10|9|4|3|1,6,5014,5396863,silent,5391849
11,17|10|9|4|2|2,6,3724,4174593,silent,4170869
11,17|10|9|3|3|2,6,2171,3145396,silent,3143225
11,17|10|8|7|1|1,6,1608,1302670,silent,1301062
11,17|10|8|6|2|1,6,6141,6185184,silent,6179043
11,17|10|8|5|3|1,6,8505,10730382,silent,10721877
11,17|10|8|5|2|2,6,5841,7738556,silent,7732715
11,17|10|8|4|4|1,6,4602,5857033,silent,5852431
11,17|10|8|4|3|2,6,7019,11426424,silent,11419405
11,17|10|8|3|3|3,6,1141,2884520,silent,2883379
11,17|10|7|7|2|1,6,2676,2936484,silent,2933808
11,17|10|7|6|3|1,6,7086,9667495,silent,9660409
11,17|10|7|6|2|2,6,4642,6777488,silent,6772846
11,17|10|7|5|4|1,6,7090,10866592,silent,10859502
11,17|10|7|5|3|2,6,8868,16842712,silent,16833844
11,17|10|7|4|4|2,6,5490,10310246,silent,10304756
11,17|10|7|4|3|3,6,3423,8655554,silent,8652131
11,17|10|6|6|4|1,6,3743,5849864,silent,5846121
11,17|10|6|6|3|2,6,4399,8506877,silent,8502478
11,17|10|6|5|5|1,6,2187,4158738,silent,4156551
11,17|10|6|5|4|2,6,6100,13406518,silent,13400418
11,17|10|6|5|3|3,6,3237,9193312,silent,9190075
11,17|10|6|4|4|3,6,3003,7605739,silent,7602736
11,17|10|5|5|5|2,6,973,2893888,silent,2892915
11,17|10|5|5|4|3,6,1781,5508469,silent,5506688
11,17|10|5|4|4|4,6,740,1869695,silent,1868955
11,17|9|9|7|1|1,6,745,620877,silent,620132
11,17|9|9|6|2|1,6,2538,2727164,silent,2724626
11,17|9|9|5|3|1,6,3495,4594753,silent,4591258
11,17|9|9|5|2|2,6,2288,3294589,silent,3292301
11,17|9|9|4|4|1,6,1802,2473101,silent,2471299
11,17|9|9|4|3|2,6,2793,4805408,silent,4802615
11,17|9|9|3|3|3,6,504,1208678,silent,1208174
11,17|9|8|8|1|1,6,432,379231,silent,378799
11,17|9|8|7|2|1,6,2705,3096345,silent,3093640
11,17|9|8|6|3|1,6,5579,8047561,silent,8041982
11,17|9|8|6|2|2,6,3644,5618370,silent,5614726
11,17|9|8|5|4|1,6,5189,8403853,silent,8398664
11,17|9|8|5|3|2,6,6443,12899014,silent,12892571
11,17|9|8|4|4|2,6,3823,7677197,silent,7673374
11,17|9|8|4|3|3,6,2389,6391667,silent,6389278
11,17|9|7|7|3|1,6,2705,4216673,silent,4213968
11,17|9|7|7|2|2,6,1656,2898173,silent,2896517
11,17|9|7|6|4|1,6,5132,9059561,silent,9054429
11,17|9|7|6|3|2,6,5943,12924897,silent,12918954
11,17|9|7|5|5|1,6,2569,5223474,silent,5220905
11,17|9|7|5|4|2,6,6621,16169982,silent,16163361
11,17|9|7|5|3|3,6,3621,10931127,silent,10927506
11,17|9|7|4|4|3,6,2939,8430225,silent,8427286
11,17|9|6|6|5|1,6,1800,3642867,silent,3641067
11,17|9|6|6|4|2,6,3736,9156088,silent,9152352
11,17|9|6|6|3|3,6,1840,5832007,silent,5830167
11,17|9|6|5|5|2,6,2254,6838178,silent,6835924
11,17|9|6|5|4|3,6,3564,11988077,silent,11984513
11,17|9|6|4|4|4,6,1087,3215113,silent,3214026
11,17|9|5|5|5|3,6,657,2913066,silent,2912409
11,17|9|5|5|4|4,6,638,2559838,silent,2559200
11,17|8|8|8|2|1,6,458,526635,silent,526177
11,17|8|8|7|3|1,6,1628,2573666,silent,2572038
11,17|8|8|7|2|2,6,1067,1772856,silent,1771789
11,17|8|8|6|4|1,6,2525,4486963,silent,4484438
11,17|8|8|6|3|2,6,2885,6350532,silent,6347647
11,17|8|8|5|5|1,6,1153,2439698,silent,2438545
11,17|8|8|5|4|2,6,3028,7452102,silent,7449074
11,17|8|8|5|3|3,6,1554,4990651,silent,4989097
11,17|8|8|4|4|3,6,1306,3769516,silent,3768210
11,17|8|7|7|4|1,6,1515,3044249,silent,3042734
11,17|8|7|7|3|2,6,1691,4189227,silent,4187536
11,17|8|7|6|5|1,6,1948,4315852,silent,4313904
11,17|8|7|6|4|2,6,3838,10454221,silent,10450383
11,17|8|7|6|3|3,6,1943,6576749,silent,6574806
11,17|8|7|5|5|2,6,1971,6379524,silent,6377553
11,17|8|7|5|4|3,6,2989,10820252,silent,10817263
11,17|8|7|4|4|4,6,814,2693405,silent,2692591
11,17|8|6|6|6|1,6,470,978810,silent,978340
11,17|8|6|6|5|2,6,1586,4877331,silent,4875745
11,17|8|6|6|4|3,6,1857,6749806,silent,6747949
11,17|8|6|5|5|3,6,1188,5563972,silent,5562784
11,17|8|6|5|4|4,6,1127,4584273,silent,4583146
11,17|8|5|5|5|4,6,226,1487678,silent,1487452
11,17|7|7|7|5|1,6,350,899089,silent,898739
11,17|7|7|7|4|2,6,604,2006072,silent,2005468
11,17|7|7|7|3|3,6,347,1235248,silent,1234901
11,17|7|7|6|6|1,6,269,701229,silent,700960
11,17|7|7|6|5|2,6,925,3261577,silent,3260652
11,17|7|7|6|4|3,6,1072,4391067,silent,4389995
11,17|7|7|5|5|3,6,642,3011094,silent,3010452
11,17|7|7|5|4|4,6,512,2411528,silent,2411016
11,17|7|6|6|6|2,6,316,973506,silent,973190
11,17|7|6|6|5|3,6,631,2928678,silent,2928047
11,17|7|6|6|4|4,6,462,1958852,silent,1958390
11,17|7|6|5|5|4,6,331,2090340,silent,2090009
11,17|7|5|5|5|5,6,33,301509,silent,301476
11,17|6|6|6|6|3,6,99,338548,silent,338449
11,17|6|6|6|5|4,6,121,630814,silent,630693
11,17|6|6|5|5|5,6,13,235990,silent,235977
11,16|16|9|1|1|1,6,34,8774,silent,8740
11,16|16|8|2|1|1,6,163,45427,silent,45264
11,16|16|7|3|1|1,6,340,107199,silent,106859
11,16|16|7|2|2|1,6,306,88703,silent,88397
11,16|16|6|4|1|1,6,348,131584,silent,131236
11,16|16|6|3|2|1,6,581,223900,silent,223319
11,16|16|6|2|2|2,6,234,70856,silent,70622
11,16|16|5|5|1|1,6,178,62902,silent,62724
11,16|16|5|4|2|1,6,528,220617,silent,220089
11,16|16|5|3|3|1,6,277,151480,silent,151203
11,16|16|5|3|2|2,6,296,151417,silent,151121
11,16|16|4|4|3|1,6,194,104740,silent,104546
11,16|16|4|4|2|2,6,212,88816,silent,88604
11,16|16|4|3|3|2,6,105,93214,silent,93109
11,16|16|3|3|3|3,6,11,13592,silent,13581
11,16|15|10|1|1|1,6,65,17485,silent,17420
11,16|15|9|2|1|1,6,365,105563,silent,105198
11,16|15|8|3|1|1,6,799,292410,silent,291611
11,16|15|8|2|2|1,6,710,238882,silent,238172
11,16|15|7|4|1|1,6,1100,456411,silent,455311
11,16|15|7|3|2|1,6,1613,739000,silent,737387
11,16|15|7|2|2|2,6,526,224841,silent,224315
11,16|15|6|5|1|1,6,795,370451,silent,369656
11,16|15|6|4|2|1,6,1970,1012931,silent,1010961
11,16|15|6|3|3|1,6,984,644749,silent,643765
11,16|15|6|3|2|2,6,1053,633877,silent,632824
11,16|15|5|5|2|1,6,856,495910,silent,495054
11,16|15|5|4|3|1,6,1217,816761,silent,815544
11,16|15|5|4|2|2,6,976,655685,silent,654709
11,16|15|5|3|3|2,6,585,563654,silent,563069
11,16|15|4|4|4|1,6,291,178359,silent,178068
11,16|15|4|4|3|2,6,473,407596,silent,407123
11,16|15|4|3|3|3,6,82,151375,silent,151293
11,16|14|11|1|1|1,6,71,20135,silent,20064
11,16|14|10|2|1|1,6,440,143748,silent,143308
11,16|14|9|3|1|1,6,1175,475298,silent,474123
11,16|14|9|2|2|1,6,1015,385538,silent,384523
11,16|14|8|4|1|1,6,1866,902402,silent,900536
11,16|14|8|3|2|1,6,2746,1432056,silent,1429310
11,16|14|8|2|2|2,6,914,431955,silent,431041
11,16|14|7|5|1|1,6,1884,1006567,silent,1004683
11,16|14|7|4|2|1,6,4108,2503598,silent,2499490
11,16|14|7|3|3|1,6,2047,1540006,silent,1537959
11,16|14|7|3|2|2,6,2064,1496138,silent,1494074
11,16|14|6|6|1|1,6,754,449905,silent,449151
11,16|14|6|5|2|1,6,3114,2137667,silent,2134553
11,16|14|6|4|3|1,6,3388,2756455,silent,2753067
11,16|14|6|4|2|2,6,2737,2177953,silent,2175216
11,16|14|6|3|3|2,6,1514,1732021,silent,1730507
11,16|14|5|5|3|1,6,1627,1465221,silent,1463594
11,16|14|5|5|2|2,6,1105,1086372,silent,1085267
11,16|14|5|4|4|1,6,1277,1102099,silent,1100822
11,16|14|5|4|3|2,6,2031,2309247,silent,2307216
11,16|14|5|3|3|3,6,352,673903,silent,673551
11,16|14|4|4|4|2,6,585,557254,silent,556669
11,16|14|4|4|3|3,6,295,523943,silent,523648
11,16|13|12|1|1|1,6,46,13590,silent,13544
11,16|13|11|2|1|1,6,395,128829,silent,128434
11,16|13|10|3|1|1,6,1196,522509,silent,521313
11,16|13|10|2|2|1,6,1021,422094,silent,421073
11,16|13|9|4|1|1,6,2339,1217191,silent,1214852
11,16|13|9|3|2|1,6,3279,1901191,silent,1897912
11,16|13|9|2|2|2,6,991,565102,silent,564111
11,16|13|8|5|1|1,6,2841,1727951,silent,1725110
11,16|13|8|4|2|1,6,5961,4115072,silent,4109111
11,16|13|8|3|3|1,6,2945,2485683,silent,2482738
11,16|13|8|3|2|2,6,2940,2400660,silent,2397720
11,16|13|7|6|1|1,6,2037,1337029,silent,1334992
11,16|13|7|5|2|1,6,6073,4869142,silent,4863069
11,16|13|7|4|3|1,6,6128,5764783,silent,5758655
11,16|13|7|4|2|2,6,4603,4492663,silent,4488060
11,16|13|7|3|3|2,6,2723,3466506,silent,3463783
11,16|13|6|6|2|1,6,2697,2248515,silent,2245818
11,16|13|6|5|3|1,6,5126,5428786,silent,5423660
11,16|13|6|5|2|2,6,3608,3969139,silent,3965531
11,16|13|6|4|4|1,6,3128,3277826,silent,3274698
11,16|13|6|4|3|2,6,4875,6593215,silent,6588340
11,16|13|6|3|3|3,6,806,1762241,silent,1761435
11,16|13|5|5|4|1,6,1763,2184531,silent,2182768
11,16|13|5|5|3|2,6,2334,3588198,silent,3585864
11,16|13|5|4|4|2,6,2044,2930962,silent,2928918
11,16|13|5|4|3|3,6,1274,2584003,silent,2582729
11,16|13|4|4|4|3,6,488,798420,silent,797932
11,16|12|12|2|1|1,6,134,50964,silent,50830
11,16|12|11|3|1|1,6,765,347478,silent,346713
11,16|12|11|2|2|1,6,645,280036,silent,279391
11,16|12|10|4|1|1,6,1902,1084191,silent,1082289
11,16|12|10|3|2|1,6,2735,1686476,silent,1683741
11,16|12|10|2|2|2,6,883,502147,silent,501264
11,16|12|9|5|1|1,6,3016,1992734,silent,1989718
11,16|12|9|4|2|1,6,6121,4635372,silent,4629251
11,16|12|9|3|3|1,6,3030,2773153,silent,2770123
11,16|12|9|3|2|2,6,2958,2666731,silent,2663773
11,16|12|8|6|1|1,6,2894,2156618,silent,2153724
11,16|12|8|5|2|1,6,8052,7163714,silent,7155662
11,16|12|8|4|3|1,6,7746,8150265,silent,8142519
11,16|12|8|4|2|2,6,5927,6323878,silent,6317951
11,16|12|8|3|3|2,6,3349,4784641,silent,4781292
11,16|12|7|7|1|1,6,1279,961939,silent,960660
11,16|12|7|6|2|1,6,5950,5777022,silent,5771072
11,16|12|7|5|3|1,6,8986,10839689,silent,10830703
11,16|12|7|5|2|2,6,6078,7837547,silent,7831469
11,16|12|7|4|4|1,6,4960,6077935,silent,6072975
11,16|12|7|4|3|2,6,7675,11964266,silent,11956591
11,16|12|7|3|3|3,6,1308,3074647,silent,3073339
11,16|12|6|6|3|1,6,4138,5231760,silent,5227622
11,16|12|6|6|2|2,6,2922,3709672,silent,3706750
11,16|12|6|5|4|1,6,5226,7409310,silent,7404084
11,16|12|6|5|3|2,6,6645,11691533,silent,11684888
11,16|12|6|4|4|2,6,4567,7670036,silent,7665469
11,16|12|6|4|3|3,6,2713,6524437,silent,6521724
11,16|12|5|5|5|1,6,831,1494151,silent,1493320
11,16|12|5|5|4|2,6,2503,5239950,silent,5237447
11,16|12|5|5|3|3,6,1473,3718544,silent,3717071
11,16|12|5|4|4|3,6,1668,3803900,silent,3802232
11,16|12|4|4|4|4,6,300,487509,silent,487209
11,16|11|11|4|1|1,6,799,441210,silent,440411
11,16|11|11|3|2|1,6,1060,679573,silent,678513
11,16|11|11|2|2|2,6,279,199000,silent,198721
11,16|11|10|5|1|1,6,1959,1363801,silent,1361842
11,16|11|10|4|2|1,6,3934,3137867,silent,3133933
11,16|11|10|3|3|1,6,1942,1867752,silent,1865810
11,16|11|10|3|2|2,6,1891,1793072,silent,1791181
11,16|11|9|6|1|1,6,2718,2127377,silent,2124659
11,16|11|9|5|2|1,6,7004,6758385,silent,6751381
11,16|11|9|4|3|1,6,6685,7545388,silent,7538703
11,16|11|9|4|2|2,6,4854,5819545,silent,5814691
11,16|11|9|3|3|2,6,2930,4376635,silent,4373705
11,16|11|8|7|1|1,6,2003,1701428,silent,1699425
11,16|11|8|6|2|1,6,7449,7927256,silent,7919807
11,16|11|8|5|3|1,6,10300,13618793,silent,13608493
11,16|11|8|5|2|2,6,6985,9796816,silent,9789831
11,16|11|8|4|4|1,6,5473,7396615,silent,7391142
11,16|11|8|4|3|2,6,8416,14387411,silent,14378995
11,16|11|8|3|3|3,6,1419,3620591,silent,3619172
11,16|11|7|7|2|1,6,3157,3637438,silent,3634281
11,16|11|7|6|3|1,6,8227,11776259,silent,11768032
11,16|11|7|6|2|2,6,5333,8237080,silent,8231747
11,16|11|7|5|4|1,6,8155,13122128,silent,13113973
11,16|11|7|5|3|2,6,10240,20277248,silent,20267008
11,16|11|7|4|4|2,6,6187,12352542,silent,12346355
11,16|11|7|4|3|3,6,3960,10353183,silent,10349223
11,16|11|6|6|4|1,6,4197,6934185,silent,6929988
11,16|11|6|6|3|2,6,4937,10052781,silent,10047844
11,16|11|6|5|5|1,6,2485,4898069,silent,4895584
11,16|11|6|5|4|2,6,6812,15709539,silent,15702727
11,16|11|6|5|3|3,6,3670,10752415,silent,10748745
11,16|11|6|4|4|3,6,3297,8853359,silent,8850062
11,16|11|5|5|5|2,6,1118,3347893,silent,3346775
11,16|11|5|5|4|3,6,1974,6345211,silent,6343237
11,16|11|5|4|4|4,6,774,2140514,silent,2139740
11,16|10|10|6|1|1,6,1046,893524,silent,892478
11,16|10|10|5|2|1,6,2828,2804921,silent,2802093
11,16|10|10|4|3|1,6,2630,3103049,silent,3100419
11,16|10|10|4|2|2,6,2073,2401044,silent,2398971
11,16|10|10|3|3|2,6,1098,1787960,silent,1786862
11,16|10|9|7|1|1,6,1531,1377184,silent,1375653
11,16|10|9|6|2|1,6,5185,5894649,silent,5889464
11,16|10|9|5|3|1,6,6959,9767563,silent,9760604
11,16|10|9|5|2|2,6,4656,7001944,silent,6997288
11,16|10|9|4|4|1,6,3623,5228152,silent,5224529
11,16|10|9|4|3|2,6,5564,10108374,silent,10102810
11,16|10|9|3|3|3,6,958,2519548,silent,2518590
11,16|10|8|8|1|1,6,682,675781,silent,675099
11,16|10|8|7|2|1,6,4287,5246490,silent,5242203
11,16|10|8|6|3|1,6,8580,13262304,silent,13253724
11,16|10|8|6|2|2,6,5729,9244959,silent,9239230
11,16|10|8|5|4|1,6,7916,13662878,silent,13654962
11,16|10|8|5|3|2,6,9793,20879276,silent,20869483
11,16|10|8|4|4|2,6,5877,12350067,silent,12344190
11,16|10|8|4|3|3,6,3558,10237726,silent,10234168
11,16|10|7|7|3|1,6,3915,6448000,silent,6444085
11,16|10|7|7|2|2,6,2351,4423887,silent,4421536
11,16|10|7|6|4|1,6,7199,13507627,silent,13500428
11,16|10|7|6|3|2,6,8335,19188252,silent,19179917
11,16|10|7|5|5|1,6,3572,7699853,silent,7696281
11,16|10|7|5|4|2,6,9138,23682584,silent,23673446
11,16|10|7|5|3|3,6,5015,15951707,silent,15946692
11,16|10|7|4|4|3,6,4012,12226604,silent,12222592
11,16|10|6|6|5|1,6,2399,5188941,silent,5186542
11,16|10|6|6|4|2,6,5042,12957074,silent,12952032
11,16|10|6|6|3|3,6,2395,8222238,silent,8219843
11,16|10|6|5|5|2,6,2952,9566414,silent,9563462
11,16|10|6|5|4|3,6,4680,16680400,silent,16675720
11,16|10|6|4|4|4,6,1446,4439810,silent,4438364
11,16|10|5|5|5|3,6,867,3961492,silent,3960625
11,16|10|5|5|4|4,6,789,3467303,silent,3466514
11,16|9|9|8|1|1,6,432,406496,silent,406064
11,16|9|9|7|2|1,6,1923,2511850,silent,2509927
11,16|9|9|6|3|1,6,3675,5919216,silent,5915541
11,16|9|9|6|2|2,6,2245,4099133,silent,4096888
11,16|9|9|5|4|1,6,3247,5924207,silent,5920960
11,16|9|9|5|3|2,6,4065,9011367,silent,9007302
11,16|9|9|4|4|2,6,2211,5253532,silent,5251321
11,16|9|9|4|3|3,6,1538,4357408,silent,4355870
11,16|9|8|8|2|1,6,1201,1563667,silent,1562466
11,16|9|8|7|3|1,6,3988,6915282,silent,6911294
11,16|9|8|7|2|2,6,2513,4733668,silent,4731155
11,16|9|8|6|4|1,6,5818,11503944,silent,11498126
11,16|9|8|6|3|2,6,6672,16182455,silent,16175783
11,16|9|8|5|5|1,6,2718,6147173,silent,6144455
11,16|9|8|5|4|2,6,6823,18556182,silent,18549359
11,16|9|8|5|3|3,6,3671,12391224,silent,12387553
11,16|9|8|4|4|3,6,2850,9238948,silent,9236098
11,16|9|7|7|4|1,6,2882,6260419,silent,6257537
11,16|9|7|7|3|2,6,3234,8563485,silent,8560251
11,16|9|7|6|5|1,6,3543,8513142,silent,8509599
11,16|9|7|6|4|2,6,6844,20404272,silent,20397428
11,16|9|7|6|3|3,6,3556,12785708,silent,12782152
11,16|9|7|5|5|2,6,3587,12229967,silent,12226380
11,16|9|7|5|4|3,6,5259,20555720,silent,20550461
11,16|9|7|4|4|4,6,1326,5042930,silent,5041604
11,16|9|6|6|6|1,6,750,1768059,silent,1767309
11,16|9|6|6|5|2,6,2562,8667082,silent,8664520
11,16|9|6|6|4|3,6,2987,11892959,silent,11889972
11,16|9|6|5|5|3,6,1971,9629448,silent,9627477
11,16|9|6|5|4|4,6,1749,7874045,silent,7872296
11,16|9|5|5|5|4,6,379,2454813,silent,2454434
11,16|8|8|8|3|1,6,660,1198164,silent,1197504
11,16|8|8|8|2|2,6,501,821626,silent,821125
11,16|8|8|7|4|1,6,1810,3889429,silent,3887619
11,16|8|8|7|3|2,6,1986,5278810,silent,5276824
11,16|8|8|6|5|1,6,1766,4314988,silent,4313222
11,16|8|8|6|4|2,6,3513,10200437,silent,10196924
11,16|8|8|6|3|3,6,1626,6328176,silent,6326550
11,16|8|8|5|5|2,6,1581,5761765,silent,5760184
11,16|8|8|5|4|3,6,2399,9557547,silent,9555148
11,16|8|8|4|4|4,6,679,2290319,silent,2289640
11,16|8|7|7|5|1,6,1178,3173165,silent,3171987
11,16|8|7|7|4|2,6,2011,6985040,silent,6983029
11,16|8|7|7|3|3,6,1105,4255402,silent,4254297
11,16|8|7|6|6|1,6,847,2300998,silent,2300151
11,16|8|7|6|5|2,6,2790,10398475,silent,10395685
11,16|8|7|6|4|3,6,3158,13808855,silent,13805697
11,16|8|7|5|5|3,6,1788,9131575,silent,9129787
11,16|8|7|5|4|4,6,1454,7254743,silent,7253289
11,16|8|6|6|6|2,6,736,2432251,silent,2431515
11,16|8|6|6|5|3,6,1394,7128461,silent,7127067
11,16|8|6|6|4|4,6,1043,4718166,silent,4717123
11,16|8|6|5|5|4,6,706,4859350,silent,4858644
11,16|8|5|5|5|5,6,69,636767,silent,636698
11,16|7|7|7|6|1,6,181,614844,silent,614663
11,16|7|7|7|5|2,6,511,2196201,silent,2195690
11,16|7|7|7|4|3,6,533,2710355,silent,2709822
11,16|7|7|6|6|2,6,378,1754141,silent,1753763
11,16|7|7|6|5|3,6,877,4831187,silent,4830310
11,16|7|7|6|4|4,6,516,3104638,silent,3104122
11,16|7|7|5|5|4,6,408,2671109,silent,2670701
11,16|7|6|6|6|3,6,303,1508233,silent,1507930
11,16|7|6|6|5|4,6,416,2704023,silent,2703607
11,16|7|6|5|5|5,6,86,934249,silent,934163
11,16|6|6|6|6|4,6,91,348140,silent,348049
11,16|6|6|6|5|5,6,24,306484,silent,306460
11,15|15|11|1|1|1,6,29,7874,silent,7845
11,15|15|10|2|1|1,6,181,54475,silent,54294
11,15|15|9|3|1|1,6,433,176520,silent,176087
11,15|15|9|2|2|1,6,365,142362,silent,141997
11,15|15|8|4|1|1,6,719,333316,silent,332597
11,15|15|8|3|2|1,6,996,526044,silent,525048
11,15|15|8|2|2|2,6,287,156847,silent,156560
11,15|15|7|5|1|1,6,665,368760,silent,368095
11,15|15|7|4|2|1,6,1482,915497,silent,914015
11,15|15|7|3|3|1,6,740,563496,silent,562756
11,15|15|7|3|2|2,6,754,546258,silent,545504
11,15|15|6|6|1|1,6,310,165619,silent,165309
11,15|15|6|5|2|1,6,1122,780015,silent,778893
11,15|15|6|4|3|1,6,1247,1005817,silent,1004570
11,15|15|6|4|2|2,6,913,790645,silent,789732
11,15|15|6|3|3|2,6,585,632411,silent,631826
11,15|15|5|5|3|1,6,570,533252,silent,532682
11,15|15|5|5|2|2,6,443,396616,silent,396173
11,15|15|5|4|4|1,6,457,400870,silent,400413
11,15|15|5|4|3|2,6,732,839736,silent,839004
11,15|15|5|3|3|3,6,119,244968,silent,244849
11,15|15|4|4|4|2,6,170,200910,silent,200740
11,15|15|4|4|3|3,6,133,191354,silent,191221
11,15|14|12|1|1|1,6,30,9384,silent,9354
11,15|14|11|2|1|1,6,241,81896,silent,81655
11,15|14|10|3|1|1,6,715,319070,silent,318355
11,15|14|10|2|2|1,6,615,257921,silent,257306
11,15|14|9|4|1|1,6,1363,726638,silent,725275
11,15|14|9|3|2|1,6,1927,1134336,silent,1132409
11,15|14|9|2|2|2,6,592,337345,silent,336753
11,15|14|8|5|1|1,6,1644,1018791,silent,1017147
11,15|14|8|4|2|1,6,3453,2422497,silent,2419044
11,15|14|8|3|3|1,6,1704,1461591,silent,1459887
11,15|14|8|3|2|2,6,1707,1411442,silent,1409735
11,15|14|7|6|1|1,6,1169,783089,silent,781920
11,15|14|7|5|2|1,6,3495,2844771,silent,2841276
11,15|14|7|4|3|1,6,3517,3362600,silent,3359083
11,15|14|7|4|2|2,6,2660,2620043,silent,2617383
11,15|14|7|3|3|2,6,1559,2018840,silent,2017281
11,15|14|6|6|2|1,6,1547,1309245,silent,1307698
11,15|14|6|5|3|1,6,2934,3152963,silent,3150029
11,15|14|6|5|2|2,6,2067,2304328,silent,2302261
11,15|14|6|4|4|1,6,1786,1901853,silent,1900067
11,15|14|6|4|3|2,6,2790,3821651,silent,3818861
11,15|14|6|3|3|3,6,459,1020018,silent,1019559
11,15|14|5|5|4|1,6,1007,1264471,silent,1263464
11,15|14|5|5|3|2,6,1330,2074965,silent,2073635
11,15|14|5|4|4|2,6,1169,1693530,silent,1692361
11,15|14|5|4|3|3,6,726,1491583,silent,1490857
11,15|14|4|4|4|3,6,273,460120,silent,459847
11,15|13|13|1|1|1,6,17,4372,silent,4355
11,15|13|12|2|1|1,6,174,60627,silent,60453
11,15|13|11|3|1|1,6,681,315599,silent,314918
11,15|13|11|2|2|1,6,558,252923,silent,252365
11,15|13|10|4|1|1,6,1577,896473,silent,894896
11,15|13|10|3|2|1,6,2183,1387813,silent,1385630
11,15|13|10|2|2|2,6,642,409910,silent,409268
11,15|13|9|5|1|1,6,2316,1573096,silent,1570780
11,15|13|9|4|2|1,6,4670,3645136,silent,3640466
11,15|13|9|3|3|1,6,2335,2179254,silent,2176919
11,15|13|9|3|2|2,6,2253,2091024,silent,2088771
11,15|13|8|6|1|1,6,2233,1666755,silent,1664522
11,15|13|8|5|2|1,6,6013,5501811,silent,5495798
11,15|13|8|4|3|1,6,5825,6246304,silent,6240479
11,15|13|8|4|2|2,6,4291,4833999,silent,4829708
11,15|13|8|3|3|2,6,2570,3660749,silent,3658179
11,15|13|7|7|1|1,6,911,734356,silent,733445
11,15|13|7|6|2|1,6,4396,4384567,silent,4380171
11,15|13|7|5|3|1,6,6614,8195462,silent,8188848
11,15|13|7|5|2|2,6,4515,5919892,silent,5915377
11,15|13|7|4|4|1,6,3635,4585702,silent,4582067
11,15|13|7|4|3|2,6,5650,9015552,silent,9009902
11,15|13|7|3|3|3,6,971,2314141,silent,2313170
11,15|13|6|6|3|1,6,3071,3933592,silent,3930521
11,15|13|6|6|2|2,6,2028,2780319,silent,2778291
11,15|13|6|5|4|1,6,3818,5549883,silent,5546065
11,15|13|6|5|3|2,6,4892,8746752,silent,8741860
11,15|13|6|4|4|2,6,3212,5721207,silent,5717995
11,15|13|6|4|3|3,6,2049,4871104,silent,4869055
11,15|13|5|5|5|1,6,605,1113821,silent,1113216
11,15|13|5|5|4|2,6,1875,3900248,silent,3898373
11,15|13|5|5|3|3,6,1036,2761985,silent,2760949
11,15|13|5|4|4|3,6,1207,2821853,silent,2820646
11,15|13|4|4|4|4,6,172,358377,silent,358205
11,15|12|12|3|1|1,6,261,130809,silent,130548
11,15|12|12|2|2|1,6,236,106105,silent,105869
11,15|12|11|4|1|1,6,1046,626788,silent,625742
11,15|12|11|3|2|1,6,1456,966820,silent,965364
11,15|12|11|2|2|2,6,436,285166,silent,284730
11,15|12|10|5|1|1,6,2058,1498371,silent,1496313
11,15|12|10|4|2|1,6,4153,3435141,silent,3430988
11,15|12|10|3|3|1,6,2038,2039157,silent,2037119
11,15|12|10|3|2|2,6,2006,1957483,silent,1955477
11,15|12|9|6|1|1,6,2595,2130109,silent,2127514
11,15|12|9|5|2|1,6,6730,6726193,silent,6719463
11,15|12|9|4|3|1,6,6381,7480039,silent,7473658
11,15|12|9|4|2|2,6,4706,5767329,silent,5762623
11,15|12|9|3|3|2,6,2780,4323581,silent,4320801
11,15|12|8|7|1|1,6,1853,1639558,silent,1637705
11,15|12|8|6|2|1,6,6852,7560046,silent,7553194
11,15|12|8|5|3|1,6,9422,12906205,silent,12896783
11,15|12|8|5|2|2,6,6408,9275889,silent,9269481
11,15|12|8|4|4|1,6,4992,6991298,silent,6986306
11,15|12|8|4|3|2,6,7685,13570169,silent,13562484
11,15|12|8|3|3|3,6,1295,3404564,silent,3403269
11,15|12|7|7|2|1,6,2861,3409297,silent,3406436
11,15|12|7|6|3|1,6,7372,10926544,silent,10919172
11,15|12|7|6|2|2,6,4808,7636652,silent,7631844
11,15|12|7|5|4|1,6,7278,12112149,silent,12104871
11,15|12|7|5|3|2,6,9133,18678914,silent,18669781
11,15|12|7|4|4|2,6,5527,11350807,silent,11345280
11,15|12|7|4|3|3,6,3508,9495614,silent,9492106
11,15|12|6|6|4|1,6,3704,6336147,silent,6332443
11,15|12|6|6|3|2,6,4365,9167614,silent,9163249
11,15|12|6|5|5|1,6,2191,4456626,silent,4454435
11,15|12|6|5|4|2,6,5988,14252404,silent,14246416
11,15|12|6|5|3|3,6,3229,9740062,silent,9736833
11,15|12|6|4|4|3,6,2877,7999867,silent,7996990
11,15|12|5|5|5|2,6,972,3012744,silent,3011772
11,15|12|5|5|4|3,6,1720,5697305,silent,5695585
11,15|12|5|4|4|4,6,673,1916324,silent,1915651
11,15|11|11|5|1|1,6,854,625576,silent,624722
11,15|11|11|4|2|1,6,1639,1419350,silent,1417711
11,15|11|11|3|3|1,6,838,843038,silent,842200
11,15|11|11|3|2|2,6,765,803419,silent,802654
11,15|11|10|6|1|1,6,1787,1532444,silent,1530657
11,15|11|10|5|2|1,6,4516,4740047,silent,4735531
11,15|11|10|4|3|1,6,4242,5218162,silent,5213920
11,15|11|10|4|2|2,6,3095,4014717,silent,4011622
11,15|11|10|3|3|2,6,1849,2995569,silent,2993720
11,15|11|9|7|1|1,6,1930,1830697,silent,1828767
11,15|11|9|6|2|1,6,6422,7697569,silent,7691147
11,15|11|9|5|3|1,6,8592,12635432,silent,12626840
11,15|11|9|5|2|2,6,5707,9037490,silent,9031783
11,15|11|9|4|4|1,6,4401,6730748,silent,6726347
11,15|11|9|4|3|2,6,6805,12978468,silent,12971663
11,15|11|9|3|3|3,6,1198,3225428,silent,3224230
11,15|11|8|8|1|1,6,855,837347,silent,836492
11,15|11|8|7|2|1,6,4877,6295922,silent,6291045
11,15|11|8|6|3|1,6,9690,15663959,silent,15654269
11,15|11|8|6|2|2,6,6245,10885975,silent,10879730
11,15|11|8|5|4|1,6,8814,15998685,silent,15989871
11,15|11|8|5|3|2,6,10968,24381933,silent,24370965
11,15|11|8|4|4|2,6,6313,14346483,silent,14340170
11,15|11|8|4|3|3,6,4057,11886405,silent,11882348
11,15|11|7|7|3|1,6,4232,7362187,silent,7357955
11,15|11|7|7|2|2,6,2645,5046635,silent,5043990
11,15|11|7|6|4|1,6,7703,15195582,silent,15187879
11,15|11|7|6|3|2,6,8925,21525779,silent,21516854
11,15|11|7|5|5|1,6,3828,8607125,silent,8603297
11,15|11|7|5|4|2,6,9750,26351312,silent,26341562
11,15|11|7|5|3|3,6,5330,17713982,silent,17708652
11,15|11|7|4|4|3,6,4207,13517624,silent,13513417
11,15|11|6|6|5|1,6,2519,5697140,silent,5694621
11,15|11|6|6|4|2,6,5105,14151020,silent,14145915
11,15|11|6|6|3|3,6,2596,8975327,silent,8972731
11,15|11|6|5|5|2,6,3152,10392616,silent,10389464
11,15|11|6|5|4|3,6,4848,18046162,silent,18041314
11,15|11|6|4|4|4,6,1375,4770939,silent,4769564
11,15|11|5|5|5|3,6,888,4230497,silent,4229609
11,15|11|5|5|4|4,6,849,3696075,silent,3695226
11,15|10|10|7|1|1,6,809,807913,silent,807104
11,15|10|10|6|2|1,6,2691,3299898,silent,3297207
11,15|10|10|5|3|1,6,3489,5325438,silent,5321949
11,15|10|10|5|2|2,6,2395,3813757,silent,3811362
11,15|10|10|4|4|1,6,1825,2822920,silent,2821095
11,15|10|10|4|3|2,6,2773,5422488,silent,5419715
11,15|10|10|3|3|3,6,451,1335817,silent,1335366
11,15|10|9|8|1|1,6,832,881356,silent,880524
11,15|10|9|7|2|1,6,3769,5198773,silent,5195004
11,15|10|9|6|3|1,6,6927,11917501,silent,11910574
11,15|10|9|6|2|2,6,4447,8254643,silent,8250196
11,15|10|9|5|4|1,6,6102,11773742,silent,11767640
11,15|10|9|5|3|2,6,7559,17833691,silent,17826132
11,15|10|9|4|4|2,6,4291,10343526,silent,10339235
11,15|10|9|4|3|3,6,2753,8529045,silent,8526292
11,15|10|8|8|2|1,6,1860,2598614,silent,2596754
11,15|10|8|7|3|1,6,5912,10935500,silent,10929588
11,15|10|8|7|2|2,6,3741,7472380,silent,7468639
11,15|10|8|6|4|1,6,8429,17744069,silent,17735640
11,15|10|8|6|3|2,6,9659,24858952,silent,24849293
11,15|10|8|5|5|1,6,3891,9377546,silent,9373655
11,15|10|8|5|4|2,6,9754,28128670,silent,28118916
11,15|10|8|5|3|3,6,5229,18720217,silent,18714988
11,15|10|8|4|4|3,6,4034,13871079,silent,13867045
11,15|10|7|7|4|1,6,3900,8966008,silent,8962108
11,15|10|7|7|3|2,6,4356,12215176,silent,12210820
11,15|10|7|6|5|1,6,4676,11921222,silent,11916546
11,15|10|7|6|4|2,6,9048,28393651,silent,28384603
11,15|10|7|6|3|3,6,4634,17729009,silent,17724375
11,15|10|7|5|5|2,6,4630,16829405,silent,16824775
11,15|10|7|5|4|3,6,6808,28136759,silent,28129951
11,15|10|7|4|4|4,6,1731,6851598,silent,6849867
11,15|10|6|6|6|1,6,942,2377531,silent,2376589
11,15|10|6|6|5|2,6,3223,11530229,silent,11527006
11,15|10|6|6|4|3,6,3721,15734880,silent,15731159
11,15|10|6|5|5|3,6,2452,12603135,silent,12600683
11,15|10|6|5|4|4,6,2148,10265092,silent,10262944
11,15|10|5|5|5|4,6,454,3128518,silent,3128064
11,15|9|9|9|1|1,6,131,147728,silent,147597
11,15|9|9|8|2|1,6,1030,1566859,silent,1565829
11,15|9|9|7|3|1,6,2732,5312226,silent,5309494
11,15|9|9|7|2|2,6,1656,3609903,silent,3608247
11,15|9|9|6|4|1,6,3585,8039373,silent,8035788
11,15|9|9|6|3|2,6,4112,11208423,silent,11204311
11,15|9|9|5|5|1,6,1676,4154027,silent,4152351
11,15|9|9|5|4|2,6,4023,12328356,silent,12324333
11,15|9|9|5|3|3,6,2254,8188480,silent,8186226
11,15|9|9|4|4|3,6,1619,5982471,silent,5980852
11,15|9|8|8|3|1,6,1712,3357766,silent,3356054
11,15|9|8|8|2|2,6,1080,2277541,silent,2276461
11,15|9|8|7|4|1,6,4145,9873819,silent,9869674
11,15|9|8|7|3|2,6,4590,13322133,silent,13317543
11,15|9|8|6|5|1,6,3936,10515689,silent,10511753
11,15|9|8|6|4|2,6,7442,24575736,silent,24568294
11,15|9|8|6|3|3,6,3788,15217880,silent,15214092
11,15|9|8|5|5|2,6,3617,13657211,silent,13653594
11,15|9|8|5|4|3,6,5163,22439423,silent,22434260
11,15|9|8|4|4|4,6,1237,5286879,silent,5285642
11,15|9|7|7|5|1,6,2125,6202642,silent,6200517
11,15|9|7|7|4|2,6,3705,13523889,silent,13520184
11,15|9|7|7|3|3,6,1927,8195257,silent,8193330
11,15|9|7|6|6|1,6,1468,4343971,silent,4342503
11,15|9|7|6|5|2,6,4798,19311457,silent,19306659
11,15|9|7|6|4|3,6,5377,25427720,silent,25422343
11,15|9|7|5|5|3,6,3041,16512608,silent,16509567
11,15|9|7|5|4|4,6,2428,13029322,silent,13026894
11,15|9|6|6|6|2,6,1049,4134697,silent,4133648
11,15|9|6|6|5|3,6,2196,11964725,silent,11962529
11,15|9|6|6|4|4,6,1469,7851159,silent,7849690
11,15|9|6|5|5|4,6,1140,7958778,silent,7957638
11,15|9|5|5|5|5,6,99,995106,silent,995007
11,15|8|8|8|4|1,6,756,1770841,silent,1770085
11,15|8|8|8|3|2,6,817,2349698,silent,2348881
11,15|8|8|7|5|1,6,1357,3949724,silent,3948367
11,15|8|8|7|4|2,6,2377,8493813,silent,8491436
11,15|8|8|7|3|3,6,1154,5097075,silent,5095921
11,15|8|8|6|6|1,6,795,2299398,silent,2298603
11,15|8|8|6|5|2,6,2452,9892651,silent,9890199
11,15|8|8|6|4|3,6,2695,12840457,silent,12837762
11,15|8|8|5|5|3,6,1383,7867621,silent,7866238
11,15|8|8|5|4|4,6,1162,6150577,silent,6149415
11,15|8|7|7|6|1,6,610,2115879,silent,2115269
11,15|8|7|7|5|2,6,1601,7351521,silent,7349920
11,15|8|7|7|4|3,6,1676,8952675,silent,8950999
11,15|8|7|6|6|2,6,1214,5461225,silent,5460011
11,15|8|7|6|5|3,6,2472,14625059,silent,14622587
11,15|8|7|6|4|4,6,1558,9321322,silent,9319764
11,15|8|7|5|5|4,6,1045,7722172,silent,7721127
11,15|8|6|6|6|3,6,642,3581451,silent,3580809
11,15|8|6|6|5|4,6,897,6277079,silent,6276182
11,15|8|6|5|5|5,6,181,2079523,silent,2079342
11,15|7|7|7|7|1,6,53,215267,silent,215214
11,15|7|7|7|6|2,6,258,1481500,silent,1481242
11,15|7|7|7|5|3,6,471,3160762,silent,3160291
11,15|7|7|7|4|4,6,249,1880940,silent,1880691
11,15|7|7|6|6|3,6,381,2624427,silent,2624046
11,15|7|7|6|5|4,6,541,4319035,silent,4318494
11,15|7|7|5|5|5,6,121,1174110,silent,1173989
11,15|7|6|6|6|4,6,218,1483586,silent,1483368
11,15|7|6|6|5|5,6,125,1281238,silent,1281113
11,15|6|6|6|6|5,6,35,214281,silent,214246
11,14|14|13|1|1|1,6,6,2208,silent,2202
11,14|14|12|2|1|1,6,63,25752,silent,25689
11,14|14|11|3|1|1,6,265,125924,silent,125659
11,14|14|11|2|2|1,6,226,101743,silent,101517
11,14|14|10|4|1|1,6,565,345635,silent,345070
11,14|14|10|3|2|1,6,840,537355,silent,536515
11,14|14|10|2|2|2,6,289,160466,silent,160177
11,14|14|9|5|1|1,6,874,597784,silent,596910
11,14|14|9|4|2|1,6,1765,1385686,silent,1383921
11,14|14|9|3|3|1,6,870,826656,silent,825786
11,14|14|9|3|2|2,6,849,794988,silent,794139
11,14|14|8|6|1|1,6,785,626180,silent,625395
11,14|14|8|5|2|1,6,2241,2069693,silent,2067452
11,14|14|8|4|3|1,6,2137,2345531,silent,2343394
11,14|14|8|4|2|2,6,1692,1820581,silent,1818889
11,14|14|8|3|3|2,6,906,1371718,silent,1370812
11,14|14|7|7|1|1,6,371,276209,silent,275838
11,14|14|7|6|2|1,6,1633,1640954,silent,1639321
11,14|14|7|5|3|1,6,2461,3060613,silent,3058152
11,14|14|7|5|2|2,6,1638,2210609,silent,2208971
11,14|14|7|4|4|1,6,1346,1712037,silent,1710691
11,14|14|7|4|3|2,6,2091,3362668,silent,3360577
11,14|14|7|3|3|3,6,362,861391,silent,861029
11,14|14|6|6|3|1,6,1100,1464055,silent,1462955
11,14|14|6|6|2|2,6,835,1039207,silent,1038372
11,14|14|6|5|4|1,6,1409,2064229,silent,2062820
11,14|14|6|5|3|2,6,1779,3250162,silent,3248383
11,14|14|6|4|4|2,6,1267,2129235,silent,2127968
11,14|14|6|4|3|3,6,704,1805296,silent,1804592
11,14|14|5|5|5|1,6,224,413265,silent,413041
11,14|14|5|5|4|2,6,648,1444250,silent,1443602
11,14|14|5|5|3|3,6,417,1024641,silent,1024224
11,14|14|5|4|4|3,6,441,1045103,silent,1044662
11,14|14|4|4|4|4,6,94,133918,silent,133824
11,14|13|13|2|1|1,6,46,14790,silent,14744
11,14|13|12|3|1|1,6,242,119809,silent,119567
11,14|13|12|2|2|1,6,203,96242,silent,96039
11,14|13|11|4|1|1,6,741,447833,silent,447092
11,14|13|11|3|2|1,6,1009,688544,silent,687535
11,14|13|11|2|2|2,6,285,202083,silent,201798
11,14|13|10|5|1|1,6,1325,981704,silent,980379
11,14|13|10|4|2|1,6,2640,2242791,silent,2240151
11,14|13|10|3|3|1,6,1310,1330675,silent,1329365
11,14|13|10|3|2|2,6,1265,1274834,silent,1273569
11,14|13|9|6|1|1,6,1609,1342101,silent,1340492
11,14|13|9|5|2|1,6,4125,4219310,silent,4215185
11,14|13|9|4|3|1,6,3914,4682959,silent,4679045
11,14|13|9|4|2|2,6,2850,3606014,silent,3603164
11,14|13|9|3|3|2,6,1720,2702403,silent,2700683
11,14|13|8|7|1|1,6,1124,1014588,silent,1013464
11,14|13|8|6|2|1,6,4114,4648910,silent,4644796
11,14|13|8|5|3|1,6,5661,7910666,silent,7905005
11,14|13|8|5|2|2,6,3825,5679773,silent,5675948
11,14|13|8|4|4|1,6,2978,4277526,silent,4274548
11,14|13|8|4|3|2,6,4599,8294136,silent,8289537
11,14|13|8|3|3|3,6,790,2078870,silent,2078080
11,14|13|7|7|2|1,6,1705,2079000,silent,2077295
11,14|13|7|6|3|1,6,4382,6627381,silent,6622999
11,14|13|7|6|2|2,6,2837,4627509,silent,4624672
11,14|13|7|5|4|1,6,4310,7325049,silent,7320739
11,14|13|7|5|3|2,6,5422,11284321,silent,11278899
11,14|13|7|4|4|2,6,3242,6845027,silent,6841785
11,14|13|7|4|3|3,6,2089,5723966,silent,5721877
11,14|13|6|6|4|1,6,2175,3811776,silent,3809601
11,14|13|6|6|3|2,6,2563,5509091,silent,5506528
11,14|13|6|5|5|1,6,1296,2675694,silent,2674398
11,14|13|6|5|4|2,6,3514,8540858,silent,8537344
11,14|13|6|5|3|3,6,1908,5833285,silent,5831377
11,14|13|6|4|4|3,6,1678,4782911,silent,4781233
11,14|13|5|5|5|2,6,579,1798513,silent,1797934
11,14|13|5|5|4|3,6,1008,3395578,silent,3394570
11,14|13|5|4|4|4,6,386,1139507,silent,1139121
11,14|12|12|4|1|1,6,294,201195,silent,200901
11,14|12|12|3|2|1,6,449,311490,silent,311041
11,14|12|12|2|2|2,6,165,93133,silent,92968
11,14|12|11|5|1|1,6,987,758778,silent,757791
11,14|12|11|4|2|1,6,1940,1721141,silent,1719201
11,14|12|11|3|3|1,6,963,1017703,silent,1016740
11,14|12|11|3|2|2,6,923,973758,silent,972835
11,14|12|10|6|1|1,6,1583,1447622,silent,1446039
11,14|12|10|5|2|1,6,4119,4458744,silent,4454625
11,14|12|10|4|3|1,6,3824,4889866,silent,4886042
11,14|12|10|4|2|2,6,2914,3766094,silent,3763180
11,14|12|10|3|3|2,6,1626,2797251,silent,2795625
11,14|12|9|7|1|1,6,1633,1590116,silent,1588483
11,14|12|9|6|2|1,6,5368,6625772,silent,6620404
11,14|12|9|5|3|1,6,7128,10811556,silent,10804428
11,14|12|9|5|2|2,6,4743,7730678,silent,7725935
11,14|12|9|4|4|1,6,3659,5747460,silent,5743801
11,14|12|9|4|3|2,6,5638,11060140,silent,11054502
11,14|12|9|3|3|3,6,983,2739070,silent,2738087
11,14|12|8|8|1|1,6,649,703984,silent,703335
11,14|12|8|7|2|1,6,3924,5223302,silent,5219378
11,14|12|8|6|3|1,6,7678,12873241,silent,12865563
11,14|12|8|6|2|2,6,5103,8947387,silent,8942284
11,14|12|8|5|4|1,6,6996,13087780,silent,13080784
11,14|12|8|5|3|2,6,8663,19909129,silent,19900466
11,14|12|8|4|4|2,6,5116,11694545,silent,11689429
11,14|12|8|4|3|3,6,3137,9664359,silent,9661222
11,14|12|7|7|3|1,6,3357,5954384,silent,5951027
11,14|12|7|7|2|2,6,2005,4076082,silent,4074077
11,14|12|7|6|4|1,6,6000,12187595,silent,12181595
11,14|12|7|6|3|2,6,6952,17234812,silent,17227860
11,14|12|7|5|5|1,6,2978,6875528,silent,6872550
11,14|12|7|5|4|2,6,7516,20997403,silent,20989887
11,14|12|7|5|3|3,6,4160,14095023,silent,14090863
11,14|12|7|4|4|3,6,3244,10732823,silent,10729579
11,14|12|6|6|5|1,6,1923,4508587,silent,4506664
11,14|12|6|6|4|2,6,4023,11176512,silent,11172489
11,14|12|6|6|3|3,6,1915,7071272,silent,7069357
11,14|12|6|5|5|2,6,2363,8169233,silent,8166870
11,14|12|6|5|4|3,6,3698,14160443,silent,14156745
11,14|12|6|4|4|4,6,1108,3737021,silent,3735913
11,14|12|5|5|5|3,6,691,3295521,silent,3294830
11,14|12|5|5|4|4,6,600,2872879,silent,2872279
11,14|11|11|6|1|1,6,720,635366,silent,634646
11,14|11|11|5|2|1,6,1707,1926621,silent,1924914
11,14|11|11|4|3|1,6,1616,2104710,silent,2103094
11,14|11|11|4|2|2,6,1094,1609992,silent,1608898
11,14|11|11|3|3|2,6,725,1201326,silent,1200601
11,14|11|10|7|1|1,6,1209,1247828,silent,1246619
11,14|11|10|6|2|1,6,3860,5000801,silent,4996941
11,14|11|10|5|3|1,6,5027,8002570,silent,7997543
11,14|11|10|5|2|2,6,3352,5711470,silent,5708118
11,14|11|10|4|4|1,6,2554,4219426,silent,4216872
11,14|11|10|4|3|2,6,3930,8087557,silent,8083627
11,14|11|10|3|3|3,6,681,1990311,silent,1989630
11,14|11|9|8|1|1,6,984,1072860,silent,1071876
11,14|11|9|7|2|1,6,4254,6151308,silent,6147054
11,14|11|9|6|3|1,6,7729,13887605,silent,13879876
11,14|11|9|6|2|2,6,4872,9598277,silent,9593405
11,14|11|9|5|4|1,6,6740,13609985,silent,13603245
11,14|11|9|5|3|2,6,8368,20562424,silent,20554056
11,14|11|9|4|4|2,6,4629,11871491,silent,11866862
11,14|11|9|4|3|3,6,3069,9778243,silent,9775174
11,14|11|8|8|2|1,6,1940,2862097,silent,2860157
11,14|11|8|7|3|1,6,6066,11734108,silent,11728042
11,14|11|8|7|2|2,6,3800,8001789,silent,7997989
11,14|11|8|6|4|1,6,8487,18767945,silent,18759458
11,14|11|8|6|3|2,6,9728,26225691,silent,26215963
11,14|11|8|5|5|1,6,3939,9859862,silent,9855923
11,14|11|8|5|4|2,6,9746,29442068,silent,29432322
11,14|11|8|5|3|3,6,5288,19564427,silent,19559139
11,14|11|8|4|4|3,6,3986,14431947,silent,14427961
11,14|11|7|7|4|1,6,3827,9181737,silent,9177910
11,14|11|7|7|3|2,6,4285,12477586,silent,12473301
11,14|11|7|6|5|1,6,4531,12056135,silent,12051604
11,14|11|7|6|4|2,6,8686,28591616,silent,28582930
11,14|11|7|6|3|3,6,4498,17823957,silent,17819459
11,14|11|7|5|5|2,6,4498,16847236,silent,16842738
11,14|11|7|5|4|3,6,6520,28064452,silent,28057932
11,14|11|7|4|4|4,6,1598,6796409,silent,6794811
11,14|11|6|6|6|1,6,877,2353438,silent,2352561
11,14|11|6|6|5|2,6,3017,11341755,silent,11338738
11,14|11|6|6|4|3,6,3481,15425667,silent,15422186
11,14|11|6|5|5|3,6,2325,12282602,silent,12280277
11,14|11|6|5|4|4,6,1987,9974817,silent,9972830
11,14|11|5|5|5|4,6,435,3004347,silent,3003912
11,14|10|10|8|1|1,6,422,520426,silent,520004
11,14|10|10|7|2|1,6,1888,2789484,silent,2787596
11,14|10|10|6|3|1,6,3260,6093565,silent,6090305
11,14|10|10|6|2|2,6,2223,4220084,silent,4217861
11,14|10|10|5|4|1,6,2846,5890480,silent,5887634
11,14|10|10|5|3|2,6,3475,8869996,silent,8866521
11,14|10|10|4|4|2,6,2071,5099076,silent,5097005
11,14|10|10|4|3|3,6,1200,4172296,silent,4171096
11,14|10|9|9|1|1,6,277,321820,silent,321543
11,14|10|9|8|2|1,6,1947,3100577,silent,3098630
11,14|10|9|7|3|1,6,4873,10009303,silent,10004430
11,14|10|9|7|2|2,6,2993,6800353,silent,6797360
11,14|10|9|6|4|1,6,6288,14792197,silent,14785909
11,14|10|9|6|3|2,6,7181,20543817,silent,20536636
11,14|10|9|5|5|1,6,2857,7556506,silent,7553649
11,14|10|9|5|4|2,6,6946,22308802,silent,22301856
11,14|10|9|5|3|3,6,3806,14755445,silent,14751639
11,14|10|9|4|4|3,6,2785,10726928,silent,10724143
11,14|10|8|8|3|1,6,2399,5089605,silent,5087206
11,14|10|8|8|2|2,6,1615,3449820,silent,3448205
11,14|10|8|7|4|1,6,5660,14290673,silent,14285013
11,14|10|8|7|3|2,6,6240,19207666,silent,19201426
11,14|10|8|6|5|1,6,5244,14889685,silent,14884441
11,14|10|8|6|4|2,6,10023,34592565,silent,34582542
11,14|10|8|6|3|3,6,4946,21343760,silent,21338814
11,14|10|8|5|5|2,6,4687,19012368,silent,19007681
11,14|10|8|5|4|3,6,6771,31081173,silent,31074402
11,14|10|8|4|4|4,6,1687,7272053,silent,7270366
11,14|10|7|7|5|1,6,2663,8163085,silent,8160422
11,14|10|7|7|4|2,6,4546,17689432,silent,17684886
11,14|10|7|7|3|3,6,2438,10686878,silent,10684440
11,14|10|7|6|6|1,6,1799,5618285,silent,5616486
11,14|10|7|6|5|2,6,5835,24716765,silent,24710930
11,14|10|7|6|4|3,6,6500,32372378,silent,32365878
11,14|10|7|5|5|3,6,3647,20799079,silent,20795432
11,14|10|7|5|4|4,6,2866,16351821,silent,16348955
11,14|10|6|6|6|2,6,1270,5088937,silent,5087667
11,14|10|6|6|5|3,6,2513,14578396,silent,14575883
11,14|10|6|6|4|4,6,1759,9533710,silent,9531951
11,14|10|6|5|5|4,6,1277,9555960,silent,9554683
11,14|10|5|5|5|5,6,121,1166492,silent,1166371
11,14|9|9|9|2|1,6,289,527089,silent,526800
11,14|9|9|8|3|1,6,1413,3129748,silent,3128335
11,14|9|9|8|2|2,6,802,2102341,silent,2101539
11,14|9|9|7|4|1,6,2635,7079854,silent,7077219
11,14|9|9|7|3|2,6,2927,9469469,silent,9466542
11,14|9|9|6|5|1,6,2323,6918679,silent,6916356
11,14|9|9|6|4|2,6,4202,15905801,silent,15901599
11,14|9|9|6|3|3,6,2285,9801627,silent,9799342
11,14|9|9|5|5|2,6,2114,8553742,silent,8551628
11,14|9|9|5|4|3,6,2875,13857380,silent,13854505
11,14|9|9|4|4|4,6,598,3184126,silent,3183528
11,14|9|8|8|4|1,6,1729,4597093,silent,4595364
11,14|9|8|8|3|2,6,1870,6063797,silent,6061927
11,14|9|8|7|5|1,6,2949,9358399,silent,9355450
11,14|9|8|7|4|2,6,5045,19911619,silent,19906574
11,14|9|8|7|3|3,6,2535,11915333,silent,11912798
11,14|9|8|6|6|1,6,1614,5259193,silent,5257579
11,14|9|8|6|5|2,6,5034,22275623,silent,22270589
11,14|9|8|6|4|3,6,5493,28674055,silent,28668562
11,14|9|8|5|5|3,6,2894,17270010,silent,17267116
11,14|9|8|5|4|4,6,2261,13390934,silent,13388673
11,14|9|7|7|6|1,6,1053,3890770,silent,3889717
11,14|9|7|7|5|2,6,2745,13301153,silent,13298408
11,14|9|7|7|4|3,6,2818,16060453,silent,16057635
11,14|9|7|6|6|2,6,1924,9543443,silent,9541519
11,14|9|7|6|5|3,6,3989,25194360,silent,25190371
11,14|9|7|6|4|4,6,2425,15945736,silent,15943311
11,14|9|7|5|5|4,6,1688,12982728,silent,12981040
11,14|9|6|6|6|3,6,910,5660393,silent,5659483
11,14|9|6|6|5|4,6,1284,9795640,silent,9794356
11,14|9|6|5|5|5,6,288,3177995,silent,3177707
11,14|8|8|8|5|1,6,552,1769762,silent,1769210
11,14|8|8|8|4|2,6,1003,3644096,silent,3643093
11,14|8|8|8|3|3,6,399,2137667,silent,2137268
11,14|8|8|7|6|1,6,728,2592299,silent,2591571
11,14|8|8|7|5|2,6,1764,8582021,silent,8580257
11,14|8|8|7|4|3,6,1808,10216372,silent,10214564
11,14|8|8|6|6|2,6,1127,5119931,silent,5118804
11,14|8|8|6|5|3,6,2016,13076431,silent,13074415
11,14|8|8|6|4|4,6,1349,8199693,silent,8198344
11,14|8|8|5|5|4,6,750,6287015,silent,6286265
11,14|8|7|7|7|1,6,171,724680,silent,724509
11,14|8|7|7|6|2,6,803,4763798,silent,4762995
11,14|8|7|7|5|3,6,1417,9897113,silent,9895696
11,14|8|7|7|4|4,6,736,5841626,silent,5840890
11,14|8|7|6|6|3,6,1075,7641217,silent,7640142
11,14|8|7|6|5|4,6,1471,12287509,silent,12286038
11,14|8|7|5|5|5,6,297,3196993,silent,3196696
11,14|8|6|6|6|4,6,467,3313456,silent,3312989
11,14|8|6|6|5|5,6,237,2806602,silent,2806365
11,14|7|7|7|7|2,6,82,498047,silent,497965
11,14|7|7|7|6|3,6,244,2126076,silent,2125832
11,14|7|7|7|5|4,6,287,2740868,silent,2740581
11,14|7|7|6|6|4,6,234,2465552,silent,2465318
11,14|7|7|6|5|5,6,185,1989857,silent,1989672
11,14|7|6|6|6|5,6,94,876352,silent,876258
11,14|6|6|6|6|6,6,21,64916,silent,64895
11,13|13|13|3|1|1,6,38,17737,silent,17699
11,13|13|13|2|2|1,6,24,13790,silent,13766
11,13|13|12|4|1|1,6,185,112015,silent,111830
11,13|13|12|3|2|1,6,237,170970,silent,170733
11,13|13|12|2|2|2,6,57,49591,silent,49534
11,13|13|11|5|1|1,6,429,335669,silent,335240
11,13|13|11|4|2|1,6,827,757131,silent,756304
11,13|13|11|3|3|1,6,424,448508,silent,448084
11,13|13|11|3|2|2,6,388,426706,silent,426318
11,13|13|10|6|1|1,6,680,595883,silent,595203
11,13|13|10|5|2|1,6,1642,1822048,silent,1820406
11,13|13|10|4|3|1,6,1556,1996772,silent,1995216
11,13|13|10|4|2|2,6,1071,1530297,silent,1529226
11,13|13|10|3|3|2,6,699,1142200,silent,1141501
11,13|13|9|7|1|1,6,624,632401,silent,631777
11,13|13|9|6|2|1,6,2073,2620917,silent,2618844
11,13|13|9|5|3|1,6,2764,4267465,silent,4264701
11,13|13|9|5|2|2,6,1839,3046726,silent,3044887
11,13|13|9|4|4|1,6,1400,2263933,silent,2262533
11,13|13|9|4|3|2,6,2177,4354615,silent,4352438
11,13|13|9|3|3|3,6,390,1079179,silent,1078789
11,13|13|8|8|1|1,6,292,278070,silent,277778
11,13|13|8|7|2|1,6,1497,2036270,silent,2034773
11,13|13|8|6|3|1,6,2965,5000147,silent,4997182
11,13|13|8|6|2|2,6,1828,3464662,silent,3462834
11,13|13|8|5|4|1,6,2656,5069549,silent,5066893
11,13|13|8|5|3|2,6,3332,7707191,silent,7703859
11,13|13|8|4|4|2,6,1823,4513394,silent,4511571
11,13|13|8|4|3|3,6,1259,3738727,silent,3737468
11,13|13|7|7|3|1,6,1242,2295431,silent,2294189
11,13|13|7|7|2|2,6,826,1573047,silent,1572221
11,13|13|7|6|4|1,6,2259,4680879,silent,4678620
11,13|13|7|6|3|2,6,2619,6614170,silent,6611551
11,13|13|7|5|5|1,6,1120,2637243,silent,2636123
11,13|13|7|5|4|2,6,2861,8041507,silent,8038646
11,13|13|7|5|3|3,6,1545,5395468,silent,5393923
11,13|13|7|4|4|3,6,1217,4101890,silent,4100673
11,13|13|6|6|5|1,6,731,1722243,silent,1721512
11,13|13|6|6|4|2,6,1405,4256236,silent,4254831
11,13|13|6|6|3|3,6,791,2699933,silent,2699142
11,13|13|6|5|5|2,6,936,3113575,silent,3112639
11,13|13|6|5|4|3,6,1381,5385715,silent,5384334
11,13|13|6|4|4|4,6,349,1414642,silent,1414293
11,13|13|5|5|5|3,6,250,1249092,silent,1248842
11,13|13|5|5|4|4,6,259,1090293,silent,1090034
11,13|12|12|5|1|1,6,228,189893,silent,189665
11,13|12|12|4|2|1,6,470,430244,silent,429774
11,13|12|12|3|3|1,6,223,253000,silent,252777
11,13|12|12|3|2|2,6,230,243158,silent,242928
11,13|12|11|6|1|1,6,632,597520,silent,596888
11,13|12|11|5|2|1,6,1570,1808437,silent,1806867
11,13|12|11|4|3|1,6,1457,1968409,silent,1966952
11,13|12|11|4|2|2,6,1062,1509823,silent,1508761
11,13|12|11|3|3|2,6,633,1119781,silent,1119148
11,13|12|10|7|1|1,6,870,928660,silent,927790
11,13|12|10|6|2|1,6,2778,3693117,silent,3690339
11,13|12|10|5|3|1,6,3590,5879660,silent,5876070
11,13|12|10|5|2|2,6,2415,4195480,silent,4193065
11,13|12|10|4|4|1,6,1831,3094502,silent,3092671
11,13|12|10|4|3|2,6,2808,5921445,silent,5918637
11,13|12|10|3|3|3,6,481,1453022,silent,1452541
11,13|12|9|8|1|1,6,651,741234,silent,740583
11,13|12|9|7|2|1,6,2831,4196080,silent,4193249
11,13|12|9|6|3|1,6,5089,9396224,silent,9391135
11,13|12|9|6|2|2,6,3252,6492994,silent,6489742
11,13|12|9|5|4|1,6,4428,9170870,silent,9166442
11,13|12|9|5|3|2,6,5484,13834835,silent,13829351
11,13|12|9|4|4|2,6,3068,7973560,silent,7970492
11,13|12|9|4|3|3,6,1988,6555305,silent,6553317
11,13|12|8|8|2|1,6,1255,1897863,silent,1896608
11,13|12|8|7|3|1,6,3863,7677378,silent,7673515
11,13|12|8|7|2|2,6,2430,5232592,silent,5230162
11,13|12|8|6|4|1,6,5376,12190833,silent,12185457
11,13|12|8|6|3|2,6,6160,17010368,silent,17004208
11,13|12|8|5|5|1,6,2485,6382436,silent,6379951
11,13|12|8|5|4|2,6,6145,19017651,silent,19011506
11,13|12|8|5|3|3,6,3322,12621271,silent,12617949
11,13|12|8|4|4|3,6,2503,9292431,silent,9289928
11,13|12|7|7|4|1,6,2391,5877062,silent,5874671
11,13|12|7|7|3|2,6,2670,7975135,silent,7972465
11,13|12|7|6|5|1,6,2809,7667124,silent,7664315
11,13|12|7|6|4|2,6,5397,18143970,silent,18138573
11,13|12|7|6|3|3,6,2778,11296156,silent,11293378
11,13|12|7|5|5|2,6,2766,10653526,silent,10650760
11,13|12|7|5|4|3,6,4017,17715383,silent,17711366
11,13|12|7|4|4|4,6,993,4280291,silent,4279298
11,13|12|6|6|6|1,6,541,1481552,silent,1481011
11,13|12|6|6|5|2,6,1853,7113596,silent,7111743
11,13|12|6|6|4|3,6,2129,9656599,silent,9654470
11,13|12|6|5|5|3,6,1418,7663065,silent,7661647
11,13|12|6|5|4|4,6,1208,6215502,silent,6214294
11,13|12|5|5|5|4,6,262,1859618,silent,1859356
11,13|11|11|7|1|1,6,415,448555,silent,448140
11,13|11|11|6|2|1,6,1252,1744423,silent,1743171
11,13|11|11|5|3|1,6,1639,2755150,silent,2753511
11,13|11|11|5|2|2,6,1052,1957067,silent,1956015
11,13|11|11|4|4|1,6,800,1441074,silent,1440274
11,13|11|11|4|3|2,6,1252,2754157,silent,2752905
11,13|11|11|3|3|3,6,235,676863,silent,676628
11,13|11|10|8|1|1,6,594,696380,silent,695786
11,13|11|10|7|2|1,6,2330,3618888,silent,3616558
11,13|11|10|6|3|1,6,4038,7799123,silent,7795085
11,13|11|10|6|2|2,6,2539,5376711,silent,5374172
11,13|11|10|5|4|1,6,3448,7479418,silent,7475970
11,13|11|10|5|3|2,6,4266,11238837,silent,11234571
11,13|11|10|4|4|2,6,2325,6422165,silent,6419840
11,13|11|10|4|3|3,6,1543,5265525,silent,5263982
11,13|11|9|9|1|1,6,270,346345,silent,346075
11,13|11|9|8|2|1,6,1914,3191559,silent,3189645
11,13|11|9|7|3|1,6,4693,10054890,silent,10050197
11,13|11|9|7|2|2,6,2900,6819941,silent,6817041
11,13|11|9|6|4|1,6,5960,14662518,silent,14656558
11,13|11|9|6|3|2,6,6809,20316910,silent,20310101
11,13|11|9|5|5|1,6,2727,7449932,silent,7447205
11,13|11|9|5|4|2,6,6554,21902260,silent,21895706
11,13|11|9|5|3|3,6,3608,14467378,silent,14463770
11,13|11|9|4|4|3,6,2594,10472614,silent,10470020
11,13|11|8|8|3|1,6,2194,4773852,silent,4771658
11,13|11|8|8|2|2,6,1332,3222489,silent,3221157
11,13|11|8|7|4|1,6,4962,13085978,silent,13081016
11,13|11|8|7|3|2,6,5489,17548681,silent,17543192
11,13|11|8|6|5|1,6,4568,13478788,silent,13474220
11,13|11|8|6|4|2,6,8500,31178427,silent,31169927
11,13|11|8|6|3|3,6,4401,19224625,silent,19220224
11,13|11|8|5|5|2,6,4152,17053620,silent,17049468
11,13|11|8|5|4|3,6,5819,27777690,silent,27771871
11,13|11|8|4|4|4,6,1326,6458853,silent,6457527
11,13|11|7|7|5|1,6,2238,7164423,silent,7162185
11,13|11|7|7|4|2,6,3919,15471709,silent,15467790
11,13|11|7|7|3|3,6,1985,9325394,silent,9323409
11,13|11|7|6|6|1,6,1498,4883813,silent,4882315
11,13|11|7|6|5|2,6,4850,21361381,silent,21356531
11,13|11|7|6|4|3,6,5386,27889374,silent,27883988
11,13|11|7|5|5|3,6,3019,17819425,silent,17816406
11,13|11|7|5|4|4,6,2385,13973714,silent,13971329
11,13|11|6|6|6|2,6,953,4306087,silent,4305134
11,13|11|6|6|5|3,6,2070,12290690,silent,12288620
11,13|11|6|6|4|4,6,1313,8006772,silent,8005459
11,13|11|6|5|5|4,6,1077,7993999,silent,7992922
11,13|11|5|5|5|5,6,87,961764,silent,961677
11,13|10|10|9|1|1,6,165,217795,silent,217630
11,13|10|10|8|2|1,6,959,1621182,silent,1620223
11,13|10|10|7|3|1,6,2152,4744388,silent,4742236
11,13|10|10|7|2|2,6,1367,3221673,silent,3220306
11,13|10|10|6|4|1,6,2687,6716112,silent,6713425
11,13|10|10|6|3|2,6,3051,9276842,silent,9273791
11,13|10|10|5|5|1,6,1176,3367328,silent,3366152
11,13|10|10|5|4|2,6,2903,9859949,silent,9857046
11,13|10|10|5|3|3,6,1537,6484618,silent,6483081
11,13|10|10|4|4|3,6,1154,4672883,silent,4671729
11,13|10|9|9|2|1,6,543,1010861,silent,1010318
11,13|10|9|8|3|1,6,2313,5445118,silent,5442805
11,13|10|9|8|2|2,6,1424,3661933,silent,3660509
11,13|10|9|7|4|1,6,4198,11784521,silent,11780323
11,13|10|9|7|3|2,6,4622,15706303,silent,15701681
11,13|10|9|6|5|1,6,3598,11274777,silent,11271179
11,13|10|9|6|4|2,6,6659,25789235,silent,25782576
11,13|10|9|6|3|3,6,3419,15823844,silent,15820425
11,13|10|9|5|5|2,6,3138,13713212,silent,13710074
11,13|10|9|5|4|3,6,4384,22116489,silent,22112105
11,13|10|9|4|4|4,6,995,5054524,silent,5053529
11,13|10|8|8|4|1,6,2191,6170300,silent,6168109
11,13|10|8|8|3|2,6,2372,8110133,silent,8107761
11,13|10|8|7|5|1,6,3589,12037790,silent,12034201
11,13|10|8|7|4|2,6,6135,25466047,silent,25459912
11,13|10|8|7|3|3,6,3066,15193248,silent,15190182
11,13|10|8|6|6|1,6,1942,6651690,silent,6649748
11,13|10|8|6|5|2,6,5996,27897866,silent,27891870
11,13|10|8|6|4|3,6,6512,35729623,silent,35723111
11,13|10|8|5|5|3,6,3386,21301812,silent,21298426
11,13|10|8|5|4|4,6,2651,16458364,silent,16455713
11,13|10|7|7|6|1,6,1185,4580470,silent,4579285
11,13|10|7|7|5|2,6,3037,15507243,silent,15504206
11,13|10|7|7|4|3,6,3127,18631050,silent,18627923
11,13|10|7|6|6|2,6,2139,10942464,silent,10940325
11,13|10|7|6|5|3,6,4316,28620962,silent,28616646
11,13|10|7|6|4|4,6,2651,18051193,silent,18048542
11,13|10|7|5|5|4,6,1782,14542911,silent,14541129
11,13|10|6|6|6|3,6,946,6188452,silent,6187506
11,13|10|6|6|5|4,6,1332,10626742,silent,10625410
11,13|10|6|5|5|5,6,296,3404262,silent,3403966
11,13|9|9|9|3|1,6,368,960757,silent,960389
11,13|9|9|9|2|2,6,211,639346,silent,639135
11,13|9|9|8|4|1,6,1267,3897142,silent,3895875
11,13|9|9|8|3|2,6,1374,5096303,silent,5094929
11,13|9|9|7|5|1,6,1748,6164144,silent,6162396
11,13|9|9|7|4|2,6,2913,12908705,silent,12905792
11,13|9|9|7|3|3,6,1509,7685217,silent,7683708
11,13|9|9|6|6|1,6,862,3213686,silent,3212824
11,13|9|9|6|5|2,6,2691,13263349,silent,13260658
11,13|9|9|6|4|3,6,2902,16850442,silent,16847540
11,13|9|9|5|5|3,6,1538,9819677,silent,9818139
11,13|9|9|5|4|4,6,1118,7522269,silent,7521151
11,13|9|8|8|5|1,6,1199,4181401,silent,4180202
11,13|9|8|8|4|2,6,1946,8508036,silent,8506090
11,13|9|8|8|3|3,6,959,4993541,silent,4992582
11,13|9|8|7|6|1,6,1433,5626478,silent,5625045
11,13|9|8|7|5|2,6,3522,18340697,silent,18337175
11,13|9|8|7|4|3,6,3520,21653467,silent,21649947
11,13|9|8|6|6|2,6,1964,10562210,silent,10560246
11,13|9|8|6|5|3,6,3862,26646107,silent,26642245
11,13|9|8|6|4|4,6,2313,16569064,silent,16566751
11,13|9|8|5|5|4,6,1494,12515026,silent,12513532
11,13|9|7|7|7|1,6,270,1238423,silent,1238153
11,13|9|7|7|6|2,6,1308,7924129,silent,7922821
11,13|9|7|7|5|3,6,2164,16216453,silent,16214289
11,13|9|7|7|4|4,6,1197,9516735,silent,9515538
11,13|9|7|6|6|3,6,1589,12107904,silent,12106315
11,13|9|7|6|5|4,6,2157,19226415,silent,19224258
11,13|9|7|5|5|5,6,432,4897289,silent,4896857
11,13|9|6|6|6|4,6,551,4756698,silent,4756147
11,13|9|6|6|5|5,6,356,4001051,silent,4000695
11,13|8|8|8|6|1,6,322,1183646,silent,1183324
11,13|8|8|8|5|2,6,704,3555707,silent,3555003
11,13|8|8|8|4|3,6,673,4060091,silent,4059418
11,13|8|8|7|7|1,6,199,900085,silent,899886
11,13|8|8|7|6|2,6,920,5371537,silent,5370617
11,13|8|8|7|5|3,6,1421,10647102,silent,10645681
11,13|8|8|7|4|4,6,810,6188959,silent,6188149
11,13|8|8|6|6|3,6,889,6605392,silent,6604503
11,13|8|8|6|5|4,6,1146,10191845,silent,10190699
11,13|8|8|5|5|5,6,190,2426861,silent,2426671
11,13|8|7|7|7|2,6,211,1536232,silent,1536021
11,13|8|7|7|6|3,6,711,6274108,silent,6273397
11,13|8|7|7|5|4,6,783,7908903,silent,7908120
11,13|8|7|6|6|4,6,674,6623934,silent,6623260
11,13|8|7|6|5|5,6,435,5230956,silent,5230521
11,13|8|6|6|6|5,6,178,1813256,silent,1813078
11,13|7|7|7|7|3,6,67,683445,silent,683378
11,13|7|7|7|6|4,6,152,1907442,silent,1907290
11,13|7|7|7|5|5,6,94,1235552,silent,1235458
11,13|7|7|6|6|5,6,103,1390860,silent,1390757
11,13|7|6|6|6|6,6,27,247580,silent,247553
11,12|12|12|6|1|1,6,76,89483,silent,89407
11,12|12|12|5|2|1,6,233,272203,silent,271970
11,12|12|12|4|3|1,6,203,294264,silent,294061
11,12|12|12|4|2|2,6,192,228488,silent,228296
11,12|12|12|3|3|2,6,76,166244,silent,166168
11,12|12|11|7|1|1,6,232,253413,silent,253181
11,12|12|11|6|2|1,6,706,983710,silent,983004
11,12|12|11|5|3|1,6,903,1545391,silent,1544488
11,12|12|11|5|2|2,6,600,1101363,silent,1100763
11,12|12|11|4|4|1,6,456,809054,silent,808598
11,12|12|11|4|3|2,6,697,1542768,silent,1542071
11,12|12|11|3|3|3,6,118,376364,silent,376246
11,12|12|10|8|1|1,6,236,318246,silent,318010
11,12|12|10|7|2|1,6,1049,1645114,silent,1644065
11,12|12|10|6|3|1,6,1767,3520353,silent,3518586
11,12|12|10|6|2|2,6,1221,2433899,silent,2432678
11,12|12|10|5|4|1,6,1532,3367241,silent,3365709
11,12|12|10|5|3|2,6,1861,5052697,silent,5050836
11,12|12|10|4|4|2,6,1119,2889663,silent,2888544
11,12|12|10|4|3|3,6,631,2357332,silent,2356701
11,12|12|9|9|1|1,6,132,150652,silent,150520
11,12|12|9|8|2|1,6,807,1360041,silent,1359234
11,12|12|9|7|3|1,6,1957,4237990,silent,4236033
11,12|12|9|7|2|2,6,1183,2874877,silent,2873694
11,12|12|9|6|4|1,6,2474,6146509,silent,6144035
11,12|12|9|6|3|2,6,2817,8507308,silent,8504491
11,12|12|9|5|5|1,6,1113,3112596,silent,3111483
11,12|12|9|5|4|2,6,2688,9141488,silent,9138800
11,12|12|9|5|3|3,6,1479,6028611,silent,6027132
11,12|12|9|4|4|3,6,1073,4361192,silent,4360119
11,12|12|8|8|3|1,6,852,1963075,silent,1962223
11,12|12|8|8|2|2,6,623,1330184,silent,1329561
11,12|12|8|7|4|1,6,1992,5331586,silent,5329594
11,12|12|8|7|3|2,6,2186,7141548,silent,7139362
11,12|12|8|6|5|1,6,1811,5462321,silent,5460510
11,12|12|8|6|4|2,6,3509,12625267,silent,12621758
11,12|12|8|6|3|3,6,1668,7764855,silent,7763187
11,12|12|8|5|5|2,6,1575,6876942,silent,6875367
11,12|12|8|5|4|3,6,2309,11193708,silent,11191399
11,12|12|8|4|4|4,6,602,2603918,silent,2603316
11,12|12|7|7|5|1,6,897,2868841,silent,2867944
11,12|12|7|7|4|2,6,1470,6181662,silent,6180192
11,12|12|7|7|3|3,6,834,3726429,silent,3725595
11,12|12|7|6|6|1,6,588,1948484,silent,1947896
11,12|12|7|6|5|2,6,1905,8496259,silent,8494354
11,12|12|7|6|4|3,6,2110,11076521,silent,11074411
11,12|12|7|5|5|3,6,1187,7056495,silent,7055308
11,12|12|7|5|4|4,6,899,5528942,silent,5528043
11,12|12|6|6|6|2,6,427,1702697,silent,1702270
11,12|12|6|6|5|3,6,777,4833616,silent,4832839
11,12|12|6|6|4|4,6,589,3153259,silent,3152670
11,12|12|6|5|5|4,6,386,3130313,silent,3129927
11,12|12|5|5|5|5,6,44,375456,silent,375412
11,12|11|11|8|1|1,6,173,200560,silent,200387
11,12|11|11|7|2|1,6,599,991244,silent,990645
11,12|11|11|6|3|1,6,1032,2088255,silent,2087223
11,12|11|11|6|2|2,6,601,1432603,silent,1432002
11,12|11|11|5|4|1,6,861,1978383,silent,1977522
11,12|11|11|5|3|2,6,1074,2963677,silent,2962603
11,12|11|11|4|4|2,6,537,1680318,silent,1679781
11,12|11|11|4|3|3,6,405,1379222,silent,1378817
11,12|11|10|9|1|1,6,172,230822,silent,230650
11,12|11|10|8|2|1,6,928,1642028,silent,1641100
11,12|11|10|7|3|1,6,2060,4704090,silent,4702030
11,12|11|10|7|2|2,6,1278,3185169,silent,3183891
11,12|11|10|6|4|1,6,2516,6578015,silent,6575499
11,12|11|10|6|3|2,6,2859,9068374,silent,9065515
11,12|11|10|5|5|1,6,1125,3284265,silent,3283140
11,12|11|10|5|4|2,6,2699,9575372,silent,9572673
11,12|11|10|5|3|3,6,1469,6295721,silent,6294252
11,12|11|10|4|4|3,6,1054,4515587,silent,4514533
11,12|11|9|9|2|1,6,435,835926,silent,835491
11,12|11|9|8|3|1,6,1783,4323067,silent,4321284
11,12|11|9|8|2|2,6,1065,2901604,silent,2900539
11,12|11|9|7|4|1,6,3152,9160018,silent,9156866
11,12|11|9|7|3|2,6,3472,12184752,silent,12181280
11,12|11|9|6|5|1,6,2679,8674441,silent,8671762
11,12|11|9|6|4|2,6,4893,19771547,silent,19766654
11,12|11|9|6|3|3,6,2562,12119720,silent,12117158
11,12|11|9|5|5|2,6,2352,10464992,silent,10462640
11,12|11|9|5|4|3,6,3233,16827143,silent,16823910
11,12|11|9|4|4|4,6,697,3826811,silent,3826114
11,12|11|8|8|4|1,6,1532,4495150,silent,4493618
11,12|11|8|8|3|2,6,1655,5896577,silent,5894922
11,12|11|8|7|5|1,6,2481,8600406,silent,8597925
11,12|11|8|7|4|2,6,4213,18131852,silent,18127639
11,12|11|8|7|3|3,6,2122,10805161,silent,10803039
11,12|11|8|6|6|1,6,1317,4711330,silent,4710013
11,12|11|8|6|5|2,6,4077,19660982,silent,19656905
11,12|11|8|6|4|3,6,4420,25111380,silent,25106960
11,12|11|8|5|5|3,6,2313,14899214,silent,14896901
11,12|11|8|5|4|4,6,1779,11482449,silent,11480670
11,12|11|7|7|6|1,6,792,3154635,silent,3153843
11,12|11|7|7|5|2,6,2034,10625456,silent,10623422
11,12|11|7|7|4|3,6,2072,12729666,silent,12727594
11,12|11|7|6|6|2,6,1389,7432667,silent,7431278
11,12|11|7|6|5|3,6,2838,19355560,silent,19352722
11,12|11|7|6|4|4,6,1717,12178738,silent,12177021
11,12|11|7|5|5|4,6,1181,9765981,silent,9764800
11,12|11|6|6|6|3,6,598,4110503,silent,4109905
11,12|11|6|6|5|4,6,848,7030921,silent,7030073
11,12|11|6|5|5|5,6,194,2239210,silent,2239016
11,12|10|10|10|1|1,6,22,43565,silent,43543
11,12|10|10|9|2|1,6,301,573294,silent,572993
11,12|10|10|8|3|1,6,935,2378283,silent,2377348
11,12|10|10|8|2|2,6,654,1602740,silent,1602086
11,12|10|10|7|4|1,6,1592,4697970,silent,4696378
11,12|10|10|7|3|2,6,1729,6229724,silent,6227995
11,12|10|10|6|5|1,6,1296,4323444,silent,4322148
11,12|10|10|6|4|2,6,2494,9815415,silent,9812921
11,12|10|10|6|3|3,6,1160,5984013,silent,5982853
11,12|10|10|5|5|2,6,1052,5120827,silent,5119775
11,12|10|10|5|4|3,6,1541,8202775,silent,8201234
11,12|10|10|4|4|4,6,403,1858400,silent,1857997
11,12|10|9|9|3|1,6,575,1528626,silent,1528051
11,12|10|9|9|2|2,6,312,1017802,silent,1017490
11,12|10|9|8|4|1,6,1788,5666377,silent,5664589
11,12|10|9|8|3|2,6,1930,7386959,silent,7385029
11,12|10|9|7|5|1,6,2340,8605151,silent,8602811
11,12|10|9|7|4|2,6,3900,17935655,silent,17931755
11,12|10|9|7|3|3,6,2004,10639915,silent,10637911
11,12|10|9|6|6|1,6,1163,4419084,silent,4417921
11,12|10|9|6|5|2,6,3542,18066506,silent,18062964
11,12|10|9|6|4|3,6,3806,22845357,silent,22841551
11,12|10|9|5|5|3,6,1954,13179253,silent,13177299
11,12|10|9|5|4|4,6,1462,10073037,silent,10071575
11,12|10|8|8|5|1,6,1271,4728093,silent,4726822
11,12|10|8|8|4|2,6,2176,9576362,silent,9574186
11,12|10|8|8|3|3,6,961,5598129,silent,5597168
11,12|10|8|7|6|1,6,1496,6134284,silent,6132788
11,12|10|8|7|5|2,6,3608,19816400,silent,19812792
11,12|10|8|7|4|3,6,3631,23289186,silent,23285555
11,12|10|8|6|6|2,6,2088,11239154,silent,11237066
11,12|10|8|6|5|3,6,3871,28098239,silent,28094368
11,12|10|8|6|4|4,6,2428,17422675,silent,17420247
11,12|10|8|5|5|4,6,1436,13023288,silent,13021852
11,12|10|7|7|7|1,6,266,1246431,silent,1246165
11,12|10|7|7|6|2,6,1213,7862101,silent,7860888
11,12|10|7|7|5|3,6,2075,15961327,silent,15959252
11,12|10|7|7|4|4,6,1073,9332406,silent,9331333
11,12|10|7|6|6|3,6,1484,11730559,silent,11729075
11,12|10|7|6|5|4,6,1999,18491145,silent,18489146
11,12|10|7|5|5|5,6,404,4653670,silent,4653266
11,12|10|6|6|6|4,6,535,4415372,silent,4414837
11,12|10|6|6|5|5,6,288,3685728,silent,3685440
11,12|9|9|9|4|1,6,294,1059678,silent,1059384
11,12|9|9|9|3|2,6,320,1367471,silent,1367151
11,12|9|9|8|5|1,6,796,3138121,silent,3137325
11,12|9|9|8|4|2,6,1219,6282743,silent,6281524
11,12|9|9|8|3|3,6,670,3675737,silent,3675067
11,12|9|9|7|6|1,6,756,3321602,silent,3320846
11,12|9|9|7|5|2,6,1854,10554300,silent,10552446
11,12|9|9|7|4|3,6,1815,12301526,silent,12299711
11,12|9|9|6|6|2,6,892,5643103,silent,5642211
11,12|9|9|6|5|3,6,1861,13920809,silent,13918948
11,12|9|9|6|4|4,6,1019,8554395,silent,8553376
11,12|9|9|5|5|4,6,720,6263066,silent,6262346
11,12|9|8|8|6|1,6,585,2465248,silent,2464663
11,12|9|8|8|5|2,6,1289,7297143,silent,7295854
11,12|9|8|8|4|3,6,1232,8270838,silent,8269606
11,12|9|8|7|7|1,6,365,1748845,silent,1748480
11,12|9|8|7|6|2,6,1595,10154392,silent,10152797
11,12|9|8|7|5|3,6,2487,19865242,silent,19862755
11,12|9|8|7|4|4,6,1362,11463546,silent,11462184
11,12|9|8|6|6|3,6,1454,11920972,silent,11919518
11,12|9|8|6|5|4,6,1894,18178442,silent,18176548
11,12|9|8|5|5|5,6,346,4247642,silent,4247296
11,12|9|7|7|7|2,6,316,2295340,silent,2295024
11,12|9|7|7|6|3,6,989,9137228,silent,9136239
11,12|9|7|7|5|4,6,1086,11378687,silent,11377601
11,12|9|7|6|6|4,6,859,9220790,silent,9219931
11,12|9|7|6|5|5,6,582,7215835,silent,7215253
11,12|9|6|6|6|5,6,201,2301187,silent,2300986
11,12|8|8|8|7|1,6,104,482136,silent,482032
11,12|8|8|8|6|2,6,407,2211448,silent,2211041
11,12|8|8|8|5|3,6,484,3985205,silent,3984721
11,12|8|8|8|4|4,6,331,2246592,silent,2246261
11,12|8|8|7|7|2,6,213,1709632,silent,1709419
11,12|8|8|7|6|3,6,715,6351667,silent,6350952
11,12|8|8|7|5|4,6,727,7688397,silent,7687670
11,12|8|8|6|6|4,6,554,5181770,silent,5181216
11,12|8|8|6|5|5,6,283,3942931,silent,3942648
11,12|8|7|7|7|3,6,181,1886311,silent,1886130
11,12|8|7|7|6|4,6,388,5053427,silent,5053039
11,12|8|7|7|5|5,6,254,3209037,silent,3208783
11,12|8|7|6|6|5,6,249,3368804,silent,3368555
11,12|8|6|6|6|6,6,59,467521,silent,467462
11,12|7|7|7|7|4,6,47,588988,silent,588941
11,12|7|7|7|6|5,6,60,1030778,silent,1030718
11,12|7|7|6|6|6,6,17,372075,silent,372058
11,11|11|11|9|1|1,6,28,42792,silent,42764
11,11|11|11|8|2|1,6,142,276888,silent,276746
11,11|11|11|7|3|1,6,316,763656,silent,763340
11,11|11|11|7|2|2,6,189,513850,silent,513661
11,11|11|11|6|4|1,6,370,1045275,silent,1044905
11,11|11|11|6|3|2,6,422,1437098,silent,1436676
11,11|11|11|5|5|1,6,173,518937,silent,518764
11,11|11|11|5|4|2,6,397,1501324,silent,1500927
11,11|11|11|5|3|3,6,229,988497,silent,988268
11,11|11|11|4|4|3,6,150,702441,silent,702291
11,11|11|10|10|1|1,6,27,29733,silent,29706
11,11|11|10|9|2|1,6,177,353297,silent,353120
11,11|11|10|8|3|1,6,560,1418772,silent,1418212
11,11|11|10|8|2|2,6,306,948384,silent,948078
11,11|11|10|7|4|1,6,893,2750927,silent,2750034
11,11|11|10|7|3|2,6,987,3642733,silent,3641746
11,11|11|10|6|5|1,6,736,2512087,silent,2511351
11,11|11|10|6|4|2,6,1292,5676250,silent,5674958
11,11|11|10|6|3|3,6,715,3470272,silent,3469557
11,11|11|10|5|5|2,6,650,2959564,silent,2958914
11,11|11|10|5|4|3,6,859,4722470,silent,4721611
11,11|11|10|4|4|4,6,164,1060021,silent,1059857
11,11|11|9|9|3|1,6,264,755254,silent,754990
11,11|11|9|9|2|2,6,180,503675,silent,503495
11,11|11|9|8|4|1,6,822,2708072,silent,2707250
11,11|11|9|8|3|2,6,888,3524921,silent,3524033
11,11|11|9|7|5|1,6,1068,4048379,silent,4047311
11,11|11|9|7|4|2,6,1800,8414242,silent,8412442
11,11|11|9|7|3|3,6,898,4988040,silent,4987142
11,11|11|9|6|6|1,6,515,2063249,silent,2062734
11,11|11|9|6|5|2,6,1593,8405135,silent,8403542
11,11|11|9|6|4|3,6,1709,10605471,silent,10603762
11,11|11|9|5|5|3,6,889,6097552,silent,6096663
11,11|11|9|5|4|4,6,660,4647930,silent,4647270
11,11|11|8|8|5|1,6,560,2101634,silent,2101074
11,11|11|8|8|4|2,6,844,4237527,silent,4236683
11,11|11|8|8|3|3,6,480,2483682,silent,2483202
11,11|11|8|7|6|1,6,634,2686196,silent,2685562
11,11|11|8|7|5|2,6,1559,8644682,silent,8643123
11,11|11|8|7|4|3,6,1536,10135522,silent,10133986
11,11|11|8|6|6|2,6,793,4860901,silent,4860108
11,11|11|8|6|5|3,6,1653,12131004,silent,12129351
11,11|11|8|6|4|4,6,921,7496164,silent,7495243
11,11|11|8|5|5|4,6,650,5594228,silent,5593578
11,11|11|7|7|7|1,6,105,530987,silent,530882
11,11|11|7|7|6|2,6,539,3327823,silent,3327284
11,11|11|7|7|5|3,6,829,6725134,silent,6724305
11,11|11|7|7|4|4,6,501,3929247,silent,3928746
11,11|11|7|6|6|3,6,603,4907934,silent,4907331
11,11|11|7|6|5|4,6,812,7713644,silent,7712832
11,11|11|7|5|5|5,6,152,1932339,silent,1932187
11,11|11|6|6|6|4,6,168,1810091,silent,1809923
11,11|11|6|6|5|5,6,144,1514650,silent,1514506
11,11|10|10|10|2|1,6,44,87577,silent,87533
11,11|10|10|9|3|1,6,235,649358,silent,649123
11,11|10|10|9|2|2,6,146,434160,silent,434014
11,11|10|10|8|4|1,6,572,1875669,silent,1875097
11,11|10|10|8|3|2,6,614,2434292,silent,2433678
11,11|10|10|7|5|1,6,676,2614738,silent,2614062
11,11|10|10|7|4|2,6,1143,5411460,silent,5410317
11,11|10|10|7|3|3,6,562,3193030,silent,3192468
11,11|10|10|6|6|1,6,334,1303617,silent,1303283
11,11|10|10|6|5|2,6,990,5253281,silent,5252291
11,11|10|10|6|4|3,6,1057,6595568,silent,6594511
11,11|10|10|5|5|3,6,516,3740790,silent,3740274
11,11|10|10|5|4|4,6,404,2847967,silent,2847563
11,11|10|9|9|4|1,6,346,1263442,silent,1263096
11,11|10|9|9|3|2,6,371,1626163,silent,1625792
11,11|10|9|8|5|1,6,841,3444473,silent,3443632
11,11|10|9|8|4|2,6,1349,6871961,silent,6870612
11,11|10|9|8|3|3,6,670,4003074,silent,4002404
11,11|10|9|7|6|1,6,784,3526857,silent,3526073
11,11|10|9|7|5|2,6,1873,11117758,silent,11115885
11,11|10|9|7|4|3,6,1852,12907179,silent,12905327
11,11|10|9|6|6|2,6,960,5866247,silent,5865287
11,11|10|9|6|5|3,6,1844,14346796,silent,14344952
11,11|10|9|6|4|4,6,1083,8800202,silent,8799119
11,11|10|9|5|5|4,6,676,6377818,silent,6377142
11,11|10|8|8|6|1,6,488,2136666,silent,2136178
11,11|10|8|8|5|2,6,1071,6275220,silent,6274149
11,11|10|8|8|4|3,6,1017,7083225,silent,7082208
11,11|10|8|7|7|1,6,294,1472751,silent,1472457
11,11|10|8|7|6|2,6,1283,8444535,silent,8443252
11,11|10|8|7|5|3,6,1979,16399166,silent,16397187
11,11|10|8|7|4|4,6,1088,9435941,silent,9434853
11,11|10|8|6|6|3,6,1150,9701273,silent,9700123
11,11|10|8|6|5|4,6,1482,14698616,silent,14697134
11,11|10|8|5|5|5,6,263,3397764,silent,3397501
11,11|10|7|7|7|2,6,227,1771222,silent,1770995
11,11|10|7|7|6|3,6,735,6968565,silent,6967830
11,11|10|7|7|5|4,6,790,8622683,silent,8621893
11,11|10|7|6|6|4,6,638,6890090,silent,6889452
11,11|10|7|6|5|5,6,414,5360885,silent,5360471
11,11|10|6|6|6|5,6,140,1654256,silent,1654116
11,11|9|9|9|5|1,6,155,723060,silent,722905
11,11|9|9|9|4|2,6,247,1412552,silent,1412305
11,11|9|9|9|3|3,6,126,819026,silent,818900
11,11|9|9|8|6|1,6,316,1560659,silent,1560343
11,11|9|9|8|5|2,6,701,4508124,silent,4507423
11,11|9|9|8|4|3,6,666,5049062,silent,5048396
11,11|9|9|7|7|1,6,173,894537,silent,894364
11,11|9|9|7|6|2,6,705,4952677,silent,4951972
11,11|9|9|7|5|3,6,1095,9476008,silent,9474913
11,11|9|9|7|4|4,6,579,5407718,silent,5407139
11,11|9|9|6|6|3,6,576,5289316,silent,5288740
11,11|9|9|6|5|4,6,752,7904840,silent,7904088
11,11|9|9|5|5|5,6,148,1781503,silent,1781355
11,11|9|8|8|7|1,6,173,845340,silent,845167
11,11|9|8|8|6|2,6,547,3774314,silent,3773767
11,11|9|8|8|5|3,6,793,6736574,silent,6735781
11,11|9|8|8|4|4,6,400,3760410,silent,3760010
11,11|9|8|7|7|2,6,364,2735632,silent,2735268
11,11|9|8|7|6|3,6,1034,9911737,silent,9910703
11,11|9|8|7|5|4,6,1083,11865075,silent,11863992
11,11|9|8|6|6|4,6,675,7736914,silent,7736239
11,11|9|8|6|5|5,6,445,5854015,silent,5853570
11,11|9|7|7|7|3,6,209,2336492,silent,2336283
11,11|9|7|7|6|4,6,485,6126221,silent,6125736
11,11|9|7|7|5|5,6,262,3850393,silent,3850131
11,11|9|7|6|6|5,6,279,3920043,silent,3919764
11,11|9|6|6|6|6,6,37,496436,silent,496399
11,11|8|8|8|8|1,6,23,91957,silent,91934
11,11|8|8|8|7|2,6,116,795117,silent,795001
11,11|8|8|8|6|3,6,257,2274783,silent,2274526
11,11|8|8|8|5|4,6,240,2529093,silent,2528853
11,11|8|8|7|7|3,6,167,1815152,silent,1814985
11,11|8|8|7|6|4,6,367,4454156,silent,4453789
11,11|8|8|7|5|5,6,189,2726461,silent,2726272
11,11|8|8|6|6|5,6,174,2310227,silent,2310053
11,11|8|7|7|7|4,6,92,1402736,silent,1402644
11,11|8|7|7|6|5,6,142,2369198,silent,2369056
11,11|8|7|6|6|6,6,52,792526,silent,792474
11,11|7|7|7|7|5,6,16,313251,silent,313235
11,11|7|7|7|6|6,6,14,270594,silent,270580
