delta,lam,ell,a,m_det,class,margin
12,39|1|1|1|1|1|1|1|1|1,10,0,-1,a0,
12,38|2|1|1|1|1|1|1|1|1,10,0,-1,a0,
12,37|3|1|1|1|1|1|1|1|1,10,0,-1,a0,
12,37|2|2|1|1|1|1|1|1|1,10,0,-1,a0,
12,36|4|1|1|1|1|1|1|1|1,10,0,-1,a0,
12,36|3|2|1|1|1|1|1|1|1,10,0,-1,a0,
12,36|2|2|2|1|1|1|1|1|1,10,0,-1,a0,
12,35|5|1|1|1|1|1|1|1|1,10,0,-1,a0,
12,35|4|2|1|1|1|1|1|1|1,10,0,-1,a0,
12,35|3|3|1|1|1|1|1|1|1,10,0,-1,a0,
12,35|3|2|2|1|1|1|1|1|1,10,0,-1,a0,
12,35|2|2|2|2|1|1|1|1|1,10,0,-1,a0,
12,34|6|1|1|1|1|1|1|1|1,10,0,-1,a0,
12,34|5|2|1|1|1|1|1|1|1,10,0,-1,a0,
12,34|4|3|1|1|1|1|1|1|1,10,0,-1,a0,
12,34|4|2|2|1|1|1|1|1|1,10,0,-1,a0,
12,34|3|3|2|1|1|1|1|1|1,10,0,-1,a0,
12,34|3|2|2|2|1|1|1|1|1,10,0,-1,a0,
12,34|2|2|2|2|2|1|1|1|1,10,0,-1,a0,
12,33|7|1|1|1|1|1|1|1|1,10,0,-1,a0,
12,33|6|2|1|1|1|1|1|1|1,10,0,-1,a0,
12,33|5|3|1|1|1|1|1|1|1,10,0,-1,a0,
12,33|5|2|2|1|1|1|1|1|1,10,0,-1,a0,
12,33|4|4|1|1|1|1|1|1|1,10,0,-1,a0,
12,33|4|3|2|1|1|1|1|1|1,10,0,-1,a0,
12,33|4|2|2|2|1|1|1|1|1,10,0,-1,a0,
12,33|3|3|3|1|1|1|1|1|1,10,0,-1,a0,
12,33|3|3|2|2|1|1|1|1|1,10,0,-1,a0,
12,33|3|2|2|2|2|1|1|1|1,10,0,-1,a0,
12,33|2|2|2|2|2|2|1|1|1,10,0,-1,a0,
12,32|8|1|1|1|1|1|1|1|1,10,0,-1,a0,
12,32|7|2|1|1|1|1|1|1|1,10,0,-1,a0,
12,32|6|3|1|1|1|1|1|1|1,10,0,-1,a0,
12,32|6|2|2|1|1|1|1|1|1,10,0,-1,a0,
12,32|5|4|1|1|1|1|1|1|1,10,0,-1,a0,
12,32|5|3|2|1|1|1|1|1|1,10,0,-1,a0,
12,32|5|2|2|2|1|1|1|1|1,10,0,-1,a0,
12,32|4|4|2|1|1|1|1|1|1,10,0,-1,a0,
12,32|4|3|3|1|1|1|1|1|1,10,0,-1,a0,
12,32|4|3|2|2|1|1|1|1|1,10,0,-1,a0,
12,32|4|2|2|2|2|1|1|1|1,10,0,-1,a0,
12,32|3|3|3|2|1|1|1|1|1,10,0,-1,a0,
12,32|3|3|2|2|2|1|1|1|1,10,0,-1,a0,
12,32|3|2|2|2|2|2|1|1|1,10,0,-1,a0,
12,32|2|2|2|2|2|2|2|1|1,10,0,-1,a0,
12,31|9|1|1|1|1|1|1|1|1,10,0,-1,a0,
12,31|8|2|1|1|1|1|1|1|1,10,0,-1,a0,
12,31|7|3|1|1|1|1|1|1|1,10,0,-1,a0,
12,31|7|2|2|1|1|1|1|1|1,10,0,-1,a0,
12,31|6|4|1|1|1|1|1|1|1,10,0,-1,a0,
12,31|6|3|2|1|1|1|1|1|1,10,0,-1,a0,
12,31|6|2|2|2|1|1|1|1|1,10,0,-1,a0,
12,31|5|5|1|1|1|1|1|1|1,10,0,-1,a0,
12,31|5|4|2|1|1|1|1|1|1,10,0,-1,a0,
12,31|5|3|3|1|1|1|1|1|1,10,0,-1,a0,
12,31|5|3|2|2|1|1|1|1|1,10,0,-1,a0,
12,31|5|2|2|2|2|1|1|1|1,10,0,-1,a0,
12,31|4|4|3|1|1|1|1|1|1,10,0,-1,a0,
12,31|4|4|2|2|1|1|1|1|1,10,0,-1,a0,
12,31|4|3|3|2|1|1|1|1|1,10,0,-1,a0,
12,31|4|3|2|2|2|1|1|1|1,10,0,-1,a0,
12,31|4|2|2|2|2|2|1|1|1,10,0,-1,a0,
12,31|3|3|3|3|1|1|1|1|1,10,0,-1,a0,
12,31|3|3|3|2|2|1|1|1|1,10,0,-1,a0,
12,31|3|3|2|2|2|2|1|1|1,10,0,-1,a0,
12,31|3|2|2|2|2|2|2|1|1,10,0,-1,a0,
12,31|2|2|2|2|2|2|2|2|1,10,0,-1,a0,
12,30|10|1|1|1|1|1|1|1|1,10,0,-1,a0,
12,30|9|2|1|1|1|1|1|1|1,10,0,-1,a0,
12,30|8|3|1|1|1|1|1|1|1,10,0,-1,a0,
12,30|8|2|2|1|1|1|1|1|1,10,0,-1,a0,
12,30|7|4|1|1|1|1|1|1|1,10,0,-1,a0,
12,30|7|3|2|1|1|1|1|1|1,10,0,-1,a0,
12,30|7|2|2|2|1|1|1|1|1,10,0,-1,a0,
12,30|6|5|1|1|1|1|1|1|1,10,0,-1,a0,
12,30|6|4|2|1|1|1|1|1|1,10,0,-1,a0,
12,30|6|3|3|1|1|1|1|1|1,10,0,-1,a0,
12,30|6|3|2|2|1|1|1|1|1,10,0,-1,a0,
12,30|6|2|2|2|2|1|1|1|1,10,0,-1,a0,
12,30|5|5|2|1|1|1|1|1|1,10,0,-1,a0,
12,30|5|4|3|1|1|1|1|1|1,10,0,-1,a0,
12,30|5|4|2|2|1|1|1|1|1,10,0,-1,a0,
12,30|5|3|3|2|1|1|1|1|1,10,0,-1,a0,
12,30|5|3|2|2|2|1|1|1|1,10,0,-1,a0,
12,30|5|2|2|2|2|2|1|1|1,10,0,-1,a0,
12,30|4|4|4|1|1|1|1|1|1,10,0,-1,a0,
12,30|4|4|3|2|1|1|1|1|1,10,0,-1,a0,
12,30|4|4|2|2|2|1|1|1|1,10,0,-1,a0,
12,30|4|3|3|3|1|1|1|1|1,10,0,-1,a0,
12,30|4|3|3|2|2|1|1|1|1,10,0,-1,a0,
12,30|4|3|2|2|2|2|1|1|1,10,0,-1,a0,
12,30|4|2|2|2|2|2|2|1|1,10,0,-1,a0,
12,30|3|3|3|3|2|1|1|1|1,10,0,-1,a0,
12,30|3|3|3|2|2|2|1|1|1,10,0,-1,a0,
12,30|3|3|2|2|2|2|2|1|1,10,0,-1,a0,
12,30|3|2|2|2|2|2|2|2|1,10,0,-1,a0,
12,30|2|2|2|2|2|2|2|2|2,10,1,18,silent,17
12,29|11|1|1|1|1|1|1|1|1,10,0,-1,a0,
12,29|10|2|1|1|1|1|1|1|1,10,0,-1,a0,
12,29|9|3|1|1|1|1|1|1|1,10,0,-1,a0,
12,29|9|2|2|1|1|1|1|1|1,10,0,-1,a0,
12,29|8|4|1|1|1|1|1|1|1,10,0,-1,a0,
12,29|8|3|2|1|1|1|1|1|1,10,0,-1,a0,
12,29|8|2|2|2|1|1|1|1|1,10,0,-1,a0,
12,29|7|5|1|1|1|1|1|1|1,10,0,-1,a0,
12,29|7|4|2|1|1|1|1|1|1,10,0,-1,a0,
12,29|7|3|3|1|1|1|1|1|1,10,0,-1,a0,
12,29|7|3|2|2|1|1|1|1|1,10,0,-1,a0,
12,29|7|2|2|2|2|1|1|1|1,10,0,-1,a0,
12,29|6|6|1|1|1|1|1|1|1,10,0,-1,a0,
12,29|6|5|2|1|1|1|1|1|1,10,0,-1,a0,
12,29|6|4|3|1|1|1|1|1|1,10,0,-1,a0,
12,29|6|4|2|2|1|1|1|1|1,10,0,-1,a0,
12,29|6|3|3|2|1|1|1|1|1,10,0,-1,a0,
12,29|6|3|2|2|2|1|1|1|1,10,0,-1,a0,
12,29|6|2|2|2|2|2|1|1|1,10,0,-1,a0,
12,29|5|5|3|1|1|1|1|1|1,10,0,-1,a0,
12,29|5|5|2|2|1|1|1|1|1,10,0,-1,a0,
12,29|5|4|4|1|1|1|1|1|1,10,0,-1,a0,
12,29|5|4|3|2|1|1|1|1|1,10,0,-1,a0,
12,29|5|4|2|2|2|1|1|1|1,10,0,-1,a0,
12,29|5|3|3|3|1|1|1|1|1,10,0,-1,a0,
12,29|5|3|3|2|2|1|1|1|1,10,0,-1,a0,
12,29|5|3|2|2|2|2|1|1|1,10,0,-1,a0,
12,29|5|2|2|2|2|2|2|1|1,10,0,-1,a0,
12,29|4|4|4|2|1|1|1|1|1,10,0,-1,a0,
12,29|4|4|3|3|1|1|1|1|1,10,0,-1,a0,
12,29|4|4|3|2|2|1|1|1|1,10,0,-1,a0,
12,29|4|4|2|2|2|2|1|1|1,10,0,-1,a0,
12,29|4|3|3|3|2|1|1|1|1,10,0,-1,a0,
12,29|4|3|3|2|2|2|1|1|1,10,0,-1,a0,
12,29|4|3|2|2|2|2|2|1|1,10,0,-1,a0,
12,29|4|2|2|2|2|2|2|2|1,10,1,317,silent,316
12,29|3|3|3|3|3|1|1|1|1,10,0,-1,a0,
12,29|3|3|3|3|2|2|1|1|1,10,0,-1,a0,
12,29|3|3|3|2|2|2|2|1|1,10,0,-1,a0,
12,29|3|3|2|2|2|2|2|2|1,10,0,-1,a0,
12,29|3|2|2|2|2|2|2|2|2,10,1,52,silent,51
12,28|12|1|1|1|1|1|1|1|1,10,0,-1,a0,
12,28|11|2|1|1|1|1|1|1|1,10,0,-1,a0,
12,28|10|3|1|1|1|1|1|1|1,10,0,-1,a0,
12,28|10|2|2|1|1|1|1|1|1,10,0,-1,a0,
12,28|9|4|1|1|1|1|1|1|1,10,0,-1,a0,
12,28|9|3|2|1|1|1|1|1|1,10,0,-1,a0,
12,28|9|2|2|2|1|1|1|1|1,10,0,-1,a0,
12,28|8|5|1|1|1|1|1|1|1,10,0,-1,a0,
12,28|8|4|2|1|1|1|1|1|1,10,0,-1,a0,
12,28|8|3|3|1|1|1|1|1|1,10,0,-1,a0,
12,28|8|3|2|2|1|1|1|1|1,10,0,-1,a0,
12,28|8|2|2|2|2|1|1|1|1,10,0,-1,a0,
12,28|7|6|1|1|1|1|1|1|1,10,0,-1,a0,
12,28|7|5|2|1|1|1|1|1|1,10,0,-1,a0,
12,28|7|4|3|1|1|1|1|1|1,10,0,-1,a0,
12,28|7|4|2|2|1|1|1|1|1,10,0,-1,a0,
12,28|7|3|3|2|1|1|1|1|1,10,0,-1,a0,
12,28|7|3|2|2|2|1|1|1|1,10,0,-1,a0,
12,28|7|2|2|2|2|2|1|1|1,10,0,-1,a0,
12,28|6|6|2|1|1|1|1|1|1,10,0,-1,a0,
12,28|6|5|3|1|1|1|1|1|1,10,0,-1,a0,
12,28|6|5|2|2|1|1|1|1|1,10,0,-1,a0,
12,28|6|4|4|1|1|1|1|1|1,10,0,-1,a0,
12,28|6|4|3|2|1|1|1|1|1,10,0,-1,a0,
12,28|6|4|2|2|2|1|1|1|1,10,0,-1,a0,
12,28|6|3|3|3|1|1|1|1|1,10,0,-1,a0,
12,28|6|3|3|2|2|1|1|1|1,10,0,-1,a0,
12,28|6|3|2|2|2|2|1|1|1,10,0,-1,a0,
12,28|6|2|2|2|2|2|2|1|1,10,0,-1,a0,
12,28|5|5|4|1|1|1|1|1|1,10,0,-1,a0,
12,28|5|5|3|2|1|1|1|1|1,10,0,-1,a0,
12,28|5|5|2|2|2|1|1|1|1,10,0,-1,a0,
12,28|5|4|4|2|1|1|1|1|1,10,0,-1,a0,
12,28|5|4|3|3|1|1|1|1|1,10,0,-1,a0,
12,28|5|4|3|2|2|1|1|1|1,10,0,-1,a0,
12,28|5|4|2|2|2|2|1|1|1,10,0,-1,a0,
12,28|5|3|3|3|2|1|1|1|1,10,0,-1,a0,
12,28|5|3|3|2|2|2|1|1|1,10,0,-1,a0,
12,28|5|3|2|2|2|2|2|1|1,10,1,6183,silent,6182
12,28|5|2|2|2|2|2|2|2|1,10,2,851,silent,849
12,28|4|4|4|3|1|1|1|1|1,10,0,-1,a0,
12,28|4|4|4|2|2|1|1|1|1,10,0,-1,a0,
12,28|4|4|3|3|2|1|1|1|1,10,0,-1,a0,
12,28|4|4|3|2|2|2|1|1|1,10,0,-1,a0,
12,28|4|4|2|2|2|2|2|1|1,10,0,-1,a0,
12,28|4|3|3|3|3|1|1|1|1,10,0,-1,a0,
12,28|4|3|3|3|2|2|1|1|1,10,0,-1,a0,
12,28|4|3|3|2|2|2|2|1|1,10,0,-1,a0,
12,28|4|3|2|2|2|2|2|2|1,10,1,1510,silent,1509
12,28|4|2|2|2|2|2|2|2|2,10,3,206,silent,203
12,28|3|3|3|3|3|2|1|1|1,10,0,-1,a0,
12,28|3|3|3|3|2|2|2|1|1,10,0,-1,a0,
12,28|3|3|3|2|2|2|2|2|1,10,0,-1,a0,
12,28|3|3|2|2|2|2|2|2|2,10,0,-1,a0,
12,27|13|1|1|1|1|1|1|1|1,10,0,-1,a0,
12,27|12|2|1|1|1|1|1|1|1,10,0,-1,a0,
12,27|11|3|1|1|1|1|1|1|1,10,0,-1,a0,
12,27|11|2|2|1|1|1|1|1|1,10,0,-1,a0,
12,27|10|4|1|1|1|1|1|1|1,10,0,-1,a0,
12,27|10|3|2|1|1|1|1|1|1,10,0,-1,a0,
12,27|10|2|2|2|1|1|1|1|1,10,0,-1,a0,
12,27|9|5|1|1|1|1|1|1|1,10,0,-1,a0,
12,27|9|4|2|1|1|1|1|1|1,10,0,-1,a0,
12,27|9|3|3|1|1|1|1|1|1,10,0,-1,a0,
12,27|9|3|2|2|1|1|1|1|1,10,0,-1,a0,
12,27|9|2|2|2|2|1|1|1|1,10,0,-1,a0,
12,27|8|6|1|1|1|1|1|1|1,10,0,-1,a0,
12,27|8|5|2|1|1|1|1|1|1,10,0,-1,a0,
12,27|8|4|3|1|1|1|1|1|1,10,0,-1,a0,
12,27|8|4|2|2|1|1|1|1|1,10,0,-1,a0,
12,27|8|3|3|2|1|1|1|1|1,10,0,-1,a0,
12,27|8|3|2|2|2|1|1|1|1,10,0,-1,a0,
12,27|8|2|2|2|2|2|1|1|1,10,0,-1,a0,
12,27|7|7|1|1|1|1|1|1|1,10,0,-1,a0,
12,27|7|6|2|1|1|1|1|1|1,10,0,-1,a0,
12,27|7|5|3|1|1|1|1|1|1,10,0,-1,a0,
12,27|7|5|2|2|1|1|1|1|1,10,0,-1,a0,
12,27|7|4|4|1|1|1|1|1|1,10,0,-1,a0,
12,27|7|4|3|2|1|1|1|1|1,10,0,-1,a0,
12,27|7|4|2|2|2|1|1|1|1,10,0,-1,a0,
12,27|7|3|3|3|1|1|1|1|1,10,0,-1,a0,
12,27|7|3|3|2|2|1|1|1|1,10,0,-1,a0,
12,27|7|3|2|2|2|2|1|1|1,10,0,-1,a0,
12,27|7|2|2|2|2|2|2|1|1,10,1,4378,silent,4377
12,27|6|6|3|1|1|1|1|1|1,10,0,-1,a0,
12,27|6|6|2|2|1|1|1|1|1,10,0,-1,a0,
12,27|6|5|4|1|1|1|1|1|1,10,0,-1,a0,
12,27|6|5|3|2|1|1|1|1|1,10,0,-1,a0,
12,27|6|5|2|2|2|1|1|1|1,10,0,-1,a0,
12,27|6|4|4|2|1|1|1|1|1,10,0,-1,a0,
12,27|6|4|3|3|1|1|1|1|1,10,0,-1,a0,
12,27|6|4|3|2|2|1|1|1|1,10,0,-1,a0,
12,27|6|4|2|2|2|2|1|1|1,10,0,-1,a0,
12,27|6|3|3|3|2|1|1|1|1,10,0,-1,a0,
12,27|6|3|3|2|2|2|1|1|1,10,1,42403,silent,42402
12,27|6|3|2|2|2|2|2|1|1,10,2,14862,silent,14860
12,27|6|2|2|2|2|2|2|2|1,10,4,1877,silent,1873
12,27|5|5|5|1|1|1|1|1|1,10,0,-1,a0,
12,27|5|5|4|2|1|1|1|1|1,10,0,-1,a0,
12,27|5|5|3|3|1|1|1|1|1,10,0,-1,a0,
12,27|5|5|3|2|2|1|1|1|1,10,0,-1,a0,
12,27|5|5|2|2|2|2|1|1|1,10,1,22153,silent,22152
12,27|5|4|4|3|1|1|1|1|1,10,0,-1,a0,
12,27|5|4|4|2|2|1|1|1|1,10,0,-1,a0,
12,27|5|4|3|3|2|1|1|1|1,10,0,-1,a0,
12,27|5|4|3|2|2|2|1|1|1,10,0,-1,a0,
12,27|5|4|2|2|2|2|2|1|1,10,2,16655,silent,16653
12,27|5|3|3|3|3|1|1|1|1,10,0,-1,a0,
12,27|5|3|3|3|2|2|1|1|1,10,0,-1,a0,
12,27|5|3|3|2|2|2|2|1|1,10,1,18472,silent,18471
12,27|5|3|2|2|2|2|2|2|1,10,4,4831,silent,4827
12,27|5|2|2|2|2|2|2|2|2,10,3,471,silent,468
12,27|4|4|4|4|1|1|1|1|1,10,0,-1,a0,
12,27|4|4|4|3|2|1|1|1|1,10,0,-1,a0,
12,27|4|4|4|2|2|2|1|1|1,10,0,-1,a0,
12,27|4|4|3|3|3|1|1|1|1,10,0,-1,a0,
12,27|4|4|3|3|2|2|1|1|1,10,0,-1,a0,
12,27|4|4|3|2|2|2|2|1|1,10,0,-1,a0,
12,27|4|4|2|2|2|2|2|2|1,10,3,3059,silent,3056
12,27|4|3|3|3|3|2|1|1|1,10,0,-1,a0,
12,27|4|3|3|3|2|2|2|1|1,10,0,-1,a0,
12,27|4|3|3|2|2|2|2|2|1,10,0,-1,a0,
12,27|4|3|2|2|2|2|2|2|2,10,2,760,silent,758
12,27|3|3|3|3|3|3|1|1|1,10,0,-1,a0,
12,27|3|3|3|3|3|2|2|1|1,10,0,-1,a0,
12,27|3|3|3|3|2|2|2|2|1,10,0,-1,a0,
12,27|3|3|3|2|2|2|2|2|2,10,0,-1,a0,
12,26|14|1|1|1|1|1|1|1|1,10,0,-1,a0,
12,26|13|2|1|1|1|1|1|1|1,10,0,-1,a0,
12,26|12|3|1|1|1|1|1|1|1,10,0,-1,a0,
12,26|12|2|2|1|1|1|1|1|1,10,0,-1,a0,
12,26|11|4|1|1|1|1|1|1|1,10,0,-1,a0,
12,26|11|3|2|1|1|1|1|1|1,10,0,-1,a0,
12,26|11|2|2|2|1|1|1|1|1,10,0,-1,a0,
12,26|10|5|1|1|1|1|1|1|1,10,0,-1,a0,
12,26|10|4|2|1|1|1|1|1|1,10,0,-1,a0,
12,26|10|3|3|1|1|1|1|1|1,10,0,-1,a0,
12,26|10|3|2|2|1|1|1|1|1,10,0,-1,a0,
12,26|10|2|2|2|2|1|1|1|1,10,0,-1,a0,
12,26|9|6|1|1|1|1|1|1|1,10,0,-1,a0,
12,26|9|5|2|1|1|1|1|1|1,10,0,-1,a0,
12,26|9|4|3|1|1|1|1|1|1,10,0,-1,a0,
12,26|9|4|2|2|1|1|1|1|1,10,0,-1,a0,
12,26|9|3|3|2|1|1|1|1|1,10,0,-1,a0,
12,26|9|3|2|2|2|1|1|1|1,10,0,-1,a0,
12,26|9|2|2|2|2|2|1|1|1,10,0,-1,a0,
12,26|8|7|1|1|1|1|1|1|1,10,0,-1,a0,
12,26|8|6|2|1|1|1|1|1|1,10,0,-1,a0,
12,26|8|5|3|1|1|1|1|1|1,10,0,-1,a0,
12,26|8|5|2|2|1|1|1|1|1,10,0,-1,a0,
12,26|8|4|4|1|1|1|1|1|1,10,0,-1,a0,
12,26|8|4|3|2|1|1|1|1|1,10,0,-1,a0,
12,26|8|4|2|2|2|1|1|1|1,10,0,-1,a0,
12,26|8|3|3|3|1|1|1|1|1,10,0,-1,a0,
12,26|8|3|3|2|2|1|1|1|1,10,0,-1,a0,
12,26|8|3|2|2|2|2|1|1|1,10,1,48906,silent,48905
12,26|8|2|2|2|2|2|2|1|1,10,1,7325,silent,7324
12,26|7|7|2|1|1|1|1|1|1,10,0,-1,a0,
12,26|7|6|3|1|1|1|1|1|1,10,0,-1,a0,
12,26|7|6|2|2|1|1|1|1|1,10,0,-1,a0,
12,26|7|5|4|1|1|1|1|1|1,10,0,-1,a0,
12,26|7|5|3|2|1|1|1|1|1,10,0,-1,a0,
12,26|7|5|2|2|2|1|1|1|1,10,0,-1,a0,
12,26|7|4|4|2|1|1|1|1|1,10,0,-1,a0,
12,26|7|4|3|3|1|1|1|1|1,10,0,-1,a0,
12,26|7|4|3|2|2|1|1|1|1,10,0,-1,a0,
12,26|7|4|2|2|2|2|1|1|1,10,1,93868,silent,93867
12,26|7|3|3|3|2|1|1|1|1,10,1,101466,silent,101465
12,26|7|3|3|2|2|2|1|1|1,10,2,89330,silent,89328
12,26|7|3|2|2|2|2|2|1|1,10,6,30249,silent,30243
12,26|7|2|2|2|2|2|2|2|1,10,6,3565,silent,3559
12,26|6|6|4|1|1|1|1|1|1,10,0,-1,a0,
12,26|6|6|3|2|1|1|1|1|1,10,0,-1,a0,
12,26|6|6|2|2|2|1|1|1|1,10,0,-1,a0,
12,26|6|5|5|1|1|1|1|1|1,10,0,-1,a0,
12,26|6|5|4|2|1|1|1|1|1,10,0,-1,a0,
12,26|6|5|3|3|1|1|1|1|1,10,0,-1,a0,
12,26|6|5|3|2|2|1|1|1|1,10,1,246649,silent,246648
12,26|6|5|2|2|2|2|1|1|1,10,2,84117,silent,84115
12,26|6|4|4|3|1|1|1|1|1,10,0,-1,a0,
12,26|6|4|4|2|2|1|1|1|1,10,0,-1,a0,
12,26|6|4|3|3|2|1|1|1|1,10,0,-1,a0,
12,26|6|4|3|2|2|2|1|1|1,10,2,177781,silent,177779
12,26|6|4|2|2|2|2|2|1|1,10,5,46741,silent,46736
12,26|6|3|3|3|3|1|1|1|1,10,0,-1,a0,
12,26|6|3|3|3|2|2|1|1|1,10,1,81562,silent,81561
12,26|6|3|3|2|2|2|2|1|1,10,4,47929,silent,47925
12,26|6|3|2|2|2|2|2|2|1,10,8,11842,silent,11834
12,26|6|2|2|2|2|2|2|2|2,10,7,1070,silent,1063
12,26|5|5|5|2|1|1|1|1|1,10,0,-1,a0,
12,26|5|5|4|3|1|1|1|1|1,10,0,-1,a0,
12,26|5|5|4|2|2|1|1|1|1,10,0,-1,a0,
12,26|5|5|3|3|2|1|1|1|1,10,0,-1,a0,
12,26|5|5|3|2|2|2|1|1|1,10,2,99110,silent,99108
12,26|5|5|2|2|2|2|2|1|1,10,5,24737,silent,24732
12,26|5|4|4|4|1|1|1|1|1,10,0,-1,a0,
12,26|5|4|4|3|2|1|1|1|1,10,0,-1,a0,
12,26|5|4|4|2|2|2|1|1|1,10,0,-1,a0,
12,26|5|4|3|3|3|1|1|1|1,10,0,-1,a0,
12,26|5|4|3|3|2|2|1|1|1,10,0,-1,a0,
12,26|5|4|3|2|2|2|2|1|1,10,4,68319,silent,68315
12,26|5|4|2|2|2|2|2|2|1,10,8,13438,silent,13430
12,26|5|3|3|3|3|2|1|1|1,10,0,-1,a0,
12,26|5|3|3|3|2|2|2|1|1,10,0,-1,a0,
12,26|5|3|3|2|2|2|2|2|1,10,2,14726,silent,14724
12,26|5|3|2|2|2|2|2|2|2,10,3,2380,silent,2377
12,26|4|4|4|4|2|1|1|1|1,10,0,-1,a0,
12,26|4|4|4|3|3|1|1|1|1,10,0,-1,a0,
12,26|4|4|4|3|2|2|1|1|1,10,0,-1,a0,
12,26|4|4|4|2|2|2|2|1|1,10,0,-1,a0,
12,26|4|4|3|3|3|2|1|1|1,10,0,-1,a0,
12,26|4|4|3|3|2|2|2|1|1,10,0,-1,a0,
12,26|4|4|3|2|2|2|2|2|1,10,2,11578,silent,11576
12,26|4|4|2|2|2|2|2|2|2,10,5,1695,silent,1690
12,26|4|3|3|3|3|3|1|1|1,10,0,-1,a0,
12,26|4|3|3|3|3|2|2|1|1,10,0,-1,a0,
12,26|4|3|3|3|2|2|2|2|1,10,0,-1,a0,
12,26|4|3|3|2|2|2|2|2|2,10,0,-1,a0,
12,26|3|3|3|3|3|3|2|1|1,10,0,-1,a0,
12,26|3|3|3|3|3|2|2|2|1,10,0,-1,a0,
12,26|3|3|3|3|2|2|2|2|2,10,0,-1,a0,
12,25|15|1|1|1|1|1|1|1|1,10,0,-1,a0,
12,25|14|2|1|1|1|1|1|1|1,10,0,-1,a0,
12,25|13|3|1|1|1|1|1|1|1,10,0,-1,a0,
12,25|13|2|2|1|1|1|1|1|1,10,0,-1,a0,
12,25|12|4|1|1|1|1|1|1|1,10,0,-1,a0,
12,25|12|3|2|1|1|1|1|1|1,10,0,-1,a0,
12,25|12|2|2|2|1|1|1|1|1,10,0,-1,a0,
12,25|11|5|1|1|1|1|1|1|1,10,0,-1,a0,
12,25|11|4|2|1|1|1|1|1|1,10,0,-1,a0,
12,25|11|3|3|1|1|1|1|1|1,10,0,-1,a0,
12,25|11|3|2|2|1|1|1|1|1,10,0,-1,a0,
12,25|11|2|2|2|2|1|1|1|1,10,0,-1,a0,
12,25|10|6|1|1|1|1|1|1|1,10,0,-1,a0,
12,25|10|5|2|1|1|1|1|1|1,10,0,-1,a0,
12,25|10|4|3|1|1|1|1|1|1,10,0,-1,a0,
12,25|10|4|2|2|1|1|1|1|1,10,0,-1,a0,
12,25|10|3|3|2|1|1|1|1|1,10,0,-1,a0,
12,25|10|3|2|2|2|1|1|1|1,10,0,-1,a0,
12,25|10|2|2|2|2|2|1|1|1,10,0,-1,a0,
12,25|9|7|1|1|1|1|1|1|1,10,0,-1,a0,
12,25|9|6|2|1|1|1|1|1|1,10,0,-1,a0,
12,25|9|5|3|1|1|1|1|1|1,10,0,-1,a0,
12,25|9|5|2|2|1|1|1|1|1,10,0,-1,a0,
12,25|9|4|4|1|1|1|1|1|1,10,0,-1,a0,
12,25|9|4|3|2|1|1|1|1|1,10,0,-1,a0,
12,25|9|4|2|2|2|1|1|1|1,10,0,-1,a0,
12,25|9|3|3|3|1|1|1|1|1,10,0,-1,a0,
12,25|9|3|3|2|2|1|1|1|1,10,1,168190,silent,168189
12,25|9|3|2|2|2|2|1|1|1,10,2,77978,silent,77976
12,25|9|2|2|2|2|2|2|1|1,10,3,11489,silent,11486
12,25|8|8|1|1|1|1|1|1|1,10,0,-1,a0,
12,25|8|7|2|1|1|1|1|1|1,10,0,-1,a0,
12,25|8|6|3|1|1|1|1|1|1,10,0,-1,a0,
12,25|8|6|2|2|1|1|1|1|1,10,0,-1,a0,
12,25|8|5|4|1|1|1|1|1|1,10,0,-1,a0,
12,25|8|5|3|2|1|1|1|1|1,10,0,-1,a0,
12,25|8|5|2|2|2|1|1|1|1,10,1,281364,silent,281363
12,25|8|4|4|2|1|1|1|1|1,10,0,-1,a0,
12,25|8|4|3|3|1|1|1|1|1,10,0,-1,a0,
12,25|8|4|3|2|2|1|1|1|1,10,1,492197,silent,492196
12,25|8|4|2|2|2|2|1|1|1,10,3,176879,silent,176876
12,25|8|3|3|3|2|1|1|1|1,10,2,189653,silent,189651
12,25|8|3|3|2|2|2|1|1|1,10,6,164197,silent,164191
12,25|8|3|2|2|2|2|2|1|1,10,10,53884,silent,53874
12,25|8|2|2|2|2|2|2|2|1,10,9,6061,silent,6052
12,25|7|7|3|1|1|1|1|1|1,10,0,-1,a0,
12,25|7|7|2|2|1|1|1|1|1,10,0,-1,a0,
12,25|7|6|4|1|1|1|1|1|1,10,0,-1,a0,
12,25|7|6|3|2|1|1|1|1|1,10,0,-1,a0,
12,25|7|6|2|2|2|1|1|1|1,10,0,-1,a0,
12,25|7|5|5|1|1|1|1|1|1,10,0,-1,a0,
12,25|7|5|4|2|1|1|1|1|1,10,0,-1,a0,
12,25|7|5|3|3|1|1|1|1|1,10,1,435682,silent,435681
12,25|7|5|3|2|2|1|1|1|1,10,3,647474,silent,647471
12,25|7|5|2|2|2|2|1|1|1,10,7,214419,silent,214412
12,25|7|4|4|3|1|1|1|1|1,10,0,-1,a0,
12,25|7|4|4|2|2|1|1|1|1,10,0,-1,a0,
12,25|7|4|3|3|2|1|1|1|1,10,2,517640,silent,517638
12,25|7|4|3|2|2|2|1|1|1,10,7,411714,silent,411707
12,25|7|4|2|2|2|2|2|1|1,10,15,105034,silent,105019
12,25|7|3|3|3|3|1|1|1|1,10,1,99822,silent,99821
12,25|7|3|3|3|2|2|1|1|1,10,4,179408,silent,179404
12,25|7|3|3|2|2|2|2|1|1,10,9,102317,silent,102308
12,25|7|3|2|2|2|2|2|2|1,10,15,24241,silent,24226
12,25|7|2|2|2|2|2|2|2|2,10,7,1899,silent,1892
12,25|6|6|5|1|1|1|1|1|1,10,0,-1,a0,
12,25|6|6|4|2|1|1|1|1|1,10,1,288116,silent,288115
12,25|6|6|3|3|1|1|1|1|1,10,0,-1,a0,
12,25|6|6|3|2|2|1|1|1|1,10,2,311402,silent,311400
12,25|6|6|2|2|2|2|1|1|1,10,1,99518,silent,99517
12,25|6|5|5|2|1|1|1|1|1,10,0,-1,a0,
12,25|6|5|4|3|1|1|1|1|1,10,0,-1,a0,
12,25|6|5|4|2|2|1|1|1|1,10,2,525208,silent,525206
12,25|6|5|3|3|2|1|1|1|1,10,2,523673,silent,523671
12,25|6|5|3|2|2|2|1|1|1,10,10,403088,silent,403078
12,25|6|5|2|2|2|2|2|1|1,10,12,94969,silent,94957
12,25|6|4|4|4|1|1|1|1|1,10,0,-1,a0,
12,25|6|4|4|3|2|1|1|1|1,10,0,-1,a0,
12,25|6|4|4|2|2|2|1|1|1,10,1,290624,silent,290623
12,25|6|4|3|3|3|1|1|1|1,10,0,-1,a0,
12,25|6|4|3|3|2|2|1|1|1,10,4,394322,silent,394318
12,25|6|4|3|2|2|2|2|1|1,10,13,205823,silent,205810
12,25|6|4|2|2|2|2|2|2|1,10,19,38295,silent,38276
12,25|6|3|3|3|3|2|1|1|1,10,0,-1,a0,
12,25|6|3|3|3|2|2|2|1|1,10,2,98841,silent,98839
12,25|6|3|3|2|2|2|2|2|1,10,5,38727,silent,38722
12,25|6|3|2|2|2|2|2|2|2,10,8,5970,silent,5962
12,25|5|5|5|3|1|1|1|1|1,10,0,-1,a0,
12,25|5|5|5|2|2|1|1|1|1,10,1,113909,silent,113908
12,25|5|5|4|4|1|1|1|1|1,10,0,-1,a0,
12,25|5|5|4|3|2|1|1|1|1,10,0,-1,a0,
12,25|5|5|4|2|2|2|1|1|1,10,5,202694,silent,202689
12,25|5|5|3|3|3|1|1|1|1,10,0,-1,a0,
12,25|5|5|3|3|2|2|1|1|1,10,1,227167,silent,227166
12,25|5|5|3|2|2|2|2|1|1,10,9,115667,silent,115658
12,25|5|5|2|2|2|2|2|2|1,10,6,19824,silent,19818
12,25|5|4|4|4|2|1|1|1|1,10,0,-1,a0,
12,25|5|4|4|3|3|1|1|1|1,10,0,-1,a0,
12,25|5|4|4|3|2|2|1|1|1,10,0,-1,a0,
12,25|5|4|4|2|2|2|2|1|1,10,5,105412,silent,105407
12,25|5|4|3|3|3|2|1|1|1,10,0,-1,a0,
12,25|5|4|3|3|2|2|2|1|1,10,2,154968,silent,154966
12,25|5|4|3|2|2|2|2|2|1,10,10,56309,silent,56299
12,25|5|4|2|2|2|2|2|2|2,10,7,6872,silent,6865
12,25|5|3|3|3|3|3|1|1|1,10,0,-1,a0,
12,25|5|3|3|3|3|2|2|1|1,10,0,-1,a0,
12,25|5|3|3|3|2|2|2|2|1,10,0,-1,a0,
12,25|5|3|3|2|2|2|2|2|2,10,1,7251,silent,7250
12,25|4|4|4|4|3|1|1|1|1,10,0,-1,a0,
12,25|4|4|4|4|2|2|1|1|1,10,0,-1,a0,
12,25|4|4|4|3|3|2|1|1|1,10,0,-1,a0,
12,25|4|4|4|3|2|2|2|1|1,10,0,-1,a0,
12,25|4|4|4|2|2|2|2|2|1,10,4,15953,silent,15949
12,25|4|4|3|3|3|3|1|1|1,10,0,-1,a0,
12,25|4|4|3|3|3|2|2|1|1,10,0,-1,a0,
12,25|4|4|3|3|2|2|2|2|1,10,0,-1,a0,
12,25|4|4|3|2|2|2|2|2|2,10,3,5979,silent,5976
12,25|4|3|3|3|3|3|2|1|1,10,0,-1,a0,
12,25|4|3|3|3|3|2|2|2|1,10,0,-1,a0,
12,25|4|3|3|3|2|2|2|2|2,10,0,-1,a0,
12,25|3|3|3|3|3|3|3|1|1,10,0,-1,a0,
12,25|3|3|3|3|3|3|2|2|1,10,0,-1,a0,
12,25|3|3|3|3|3|2|2|2|2,10,0,-1,a0,
12,24|16|1|1|1|1|1|1|1|1,10,0,-1,a0,
12,24|15|2|1|1|1|1|1|1|1,10,0,-1,a0,
12,24|14|3|1|1|1|1|1|1|1,10,0,-1,a0,
12,24|14|2|2|1|1|1|1|1|1,10,0,-1,a0,
12,24|13|4|1|1|1|1|1|1|1,10,0,-1,a0,
12,24|13|3|2|1|1|1|1|1|1,10,0,-1,a0,
12,24|13|2|2|2|1|1|1|1|1,10,0,-1,a0,
12,24|12|5|1|1|1|1|1|1|1,10,0,-1,a0,
12,24|12|4|2|1|1|1|1|1|1,10,0,-1,a0,
12,24|12|3|3|1|1|1|1|1|1,10,0,-1,a0,
12,24|12|3|2|2|1|1|1|1|1,10,0,-1,a0,
12,24|12|2|2|2|2|1|1|1|1,10,0,-1,a0,
12,24|11|6|1|1|1|1|1|1|1,10,0,-1,a0,
12,24|11|5|2|1|1|1|1|1|1,10,0,-1,a0,
12,24|11|4|3|1|1|1|1|1|1,10,0,-1,a0,
12,24|11|4|2|2|1|1|1|1|1,10,0,-1,a0,
12,24|11|3|3|2|1|1|1|1|1,10,0,-1,a0,
12,24|11|3|2|2|2|1|1|1|1,10,0,-1,a0,
12,24|11|2|2|2|2|2|1|1|1,10,0,-1,a0,
12,24|10|7|1|1|1|1|1|1|1,10,0,-1,a0,
12,24|10|6|2|1|1|1|1|1|1,10,0,-1,a0,
12,24|10|5|3|1|1|1|1|1|1,10,0,-1,a0,
12,24|10|5|2|2|1|1|1|1|1,10,0,-1,a0,
12,24|10|4|4|1|1|1|1|1|1,10,0,-1,a0,
12,24|10|4|3|2|1|1|1|1|1,10,0,-1,a0,
12,24|10|4|2|2|2|1|1|1|1,10,1,287804,silent,287803
12,24|10|3|3|3|1|1|1|1|1,10,1,151660,silent,151659
12,24|10|3|3|2|2|1|1|1|1,10,2,248234,silent,248232
12,24|10|3|2|2|2|2|1|1|1,10,4,113378,silent,113374
12,24|10|2|2|2|2|2|2|1|1,10,3,16192,silent,16189
12,24|9|8|1|1|1|1|1|1|1,10,0,-1,a0,
12,24|9|7|2|1|1|1|1|1|1,10,0,-1,a0,
12,24|9|6|3|1|1|1|1|1|1,10,0,-1,a0,
12,24|9|6|2|2|1|1|1|1|1,10,0,-1,a0,
12,24|9|5|4|1|1|1|1|1|1,10,0,-1,a0,
12,24|9|5|3|2|1|1|1|1|1,10,1,974969,silent,974968
12,24|9|5|2|2|2|1|1|1|1,10,2,492641,silent,492639
12,24|9|4|4|2|1|1|1|1|1,10,0,-1,a0,
12,24|9|4|3|3|1|1|1|1|1,10,1,550158,silent,550157
12,24|9|4|3|2|2|1|1|1|1,10,4,837291,silent,837287
12,24|9|4|2|2|2|2|1|1|1,10,8,295706,silent,295698
12,24|9|3|3|3|2|1|1|1|1,10,5,316111,silent,316106
12,24|9|3|3|2|2|2|1|1|1,10,12,269882,silent,269870
12,24|9|3|2|2|2|2|2|1|1,10,17,86667,silent,86650
12,24|9|2|2|2|2|2|2|2|1,10,12,9361,silent,9349
12,24|8|8|2|1|1|1|1|1|1,10,0,-1,a0,
12,24|8|7|3|1|1|1|1|1|1,10,0,-1,a0,
12,24|8|7|2|2|1|1|1|1|1,10,0,-1,a0,
12,24|8|6|4|1|1|1|1|1|1,10,0,-1,a0,
12,24|8|6|3|2|1|1|1|1|1,10,1,1053666,silent,1053665
12,24|8|6|2|2|2|1|1|1|1,10,3,513741,silent,513738
12,24|8|5|5|1|1|1|1|1|1,10,0,-1,a0,
12,24|8|5|4|2|1|1|1|1|1,10,1,1208631,silent,1208630
12,24|8|5|3|3|1|1|1|1|1,10,2,926495,silent,926493
12,24|8|5|3|2|2|1|1|1|1,10,10,1363060,silent,1363050
12,24|8|5|2|2|2|2|1|1|1,10,16,441142,silent,441126
12,24|8|4|4|3|1|1|1|1|1,10,0,-1,a0,
12,24|8|4|4|2|2|1|1|1|1,10,2,859379,silent,859377
12,24|8|4|3|3|2|1|1|1|1,10,7,1030305,silent,1030298
12,24|8|4|3|2|2|2|1|1|1,10,20,806941,silent,806921
12,24|8|4|2|2|2|2|2|1|1,10,25,199855,silent,199830
12,24|8|3|3|3|3|1|1|1|1,10,3,191641,silent,191638
12,24|8|3|3|3|2|2|1|1|1,10,9,340818,silent,340809
12,24|8|3|3|2|2|2|2|1|1,10,20,190385,silent,190365
12,24|8|3|2|2|2|2|2|2|1,10,23,43570,silent,43547
12,24|8|2|2|2|2|2|2|2|2,10,12,3298,silent,3286
12,24|7|7|4|1|1|1|1|1|1,10,0,-1,a0,
12,24|7|7|3|2|1|1|1|1|1,10,0,-1,a0,
12,24|7|7|2|2|2|1|1|1|1,10,0,-1,a0,
12,24|7|6|5|1|1|1|1|1|1,10,0,-1,a0,
12,24|7|6|4|2|1|1|1|1|1,10,2,1071970,silent,1071968
12,24|7|6|3|3|1|1|1|1|1,10,3,769835,silent,769832
12,24|7|6|3|2|2|1|1|1|1,10,8,1116710,silent,1116702
12,24|7|6|2|2|2|2|1|1|1,10,10,348053,silent,348043
12,24|7|5|5|2|1|1|1|1|1,10,1,630854,silent,630853
12,24|7|5|4|3|1|1|1|1|1,10,2,1239009,silent,1239007
12,24|7|5|4|2|2|1|1|1|1,10,8,1466583,silent,1466575
12,24|7|5|3|3|2|1|1|1|1,10,12,1428187,silent,1428175
12,24|7|5|3|2|2|2|1|1|1,10,30,1078271,silent,1078241
12,24|7|5|2|2|2|2|2|1|1,10,33,245891,silent,245858
12,24|7|4|4|4|1|1|1|1|1,10,0,-1,a0,
12,24|7|4|4|3|2|1|1|1|1,10,1,1166246,silent,1166245
12,24|7|4|4|2|2|2|1|1|1,10,9,718232,silent,718223
12,24|7|4|3|3|3|1|1|1|1,10,4,550505,silent,550501
12,24|7|4|3|3|2|2|1|1|1,10,14,949352,silent,949338
12,24|7|4|3|2|2|2|2|1|1,10,34,483770,silent,483736
12,24|7|4|2|2|2|2|2|2|1,10,34,86118,silent,86084
12,24|7|3|3|3|3|2|1|1|1,10,2,236328,silent,236326
12,24|7|3|3|3|2|2|2|1|1,10,5,220365,silent,220360
12,24|7|3|3|2|2|2|2|2|1,10,12,83798,silent,83786
12,24|7|3|2|2|2|2|2|2|2,10,11,12154,silent,12143
12,24|6|6|6|1|1|1|1|1|1,10,1,54336,silent,54335
12,24|6|6|5|2|1|1|1|1|1,10,2,406624,silent,406622
12,24|6|6|4|3|1|1|1|1|1,10,2,650472,silent,650470
12,24|6|6|4|2|2|1|1|1|1,10,6,762824,silent,762818
12,24|6|6|3|3|2|1|1|1|1,10,5,699416,silent,699411
12,24|6|6|3|2|2|2|1|1|1,10,12,520615,silent,520603
12,24|6|6|2|2|2|2|2|1|1,10,8,114016,silent,114008
12,24|6|5|5|3|1|1|1|1|1,10,1,518181,silent,518180
12,24|6|5|5|2|2|1|1|1|1,10,6,572357,silent,572351
12,24|6|5|4|4|1|1|1|1|1,10,0,-1,a0,
12,24|6|5|4|3|2|1|1|1|1,10,6,1509956,silent,1509950
12,24|6|5|4|2|2|2|1|1|1,10,18,900887,silent,900869
12,24|6|5|3|3|3|1|1|1|1,10,1,571585,silent,571584
12,24|6|5|3|3|2|2|1|1|1,10,14,970779,silent,970765
12,24|6|5|3|2|2|2|2|1|1,10,32,477904,silent,477872
12,24|6|5|2|2|2|2|2|2|1,10,23,78046,silent,78023
12,24|6|4|4|4|2|1|1|1|1,10,0,-1,a0,
12,24|6|4|4|3|3|1|1|1|1,10,0,-1,a0,
12,24|6|4|4|3|2|2|1|1|1,10,5,875086,silent,875081
12,24|6|4|4|2|2|2|2|1|1,10,14,347743,silent,347729
12,24|6|4|3|3|3|2|1|1|1,10,2,546067,silent,546065
12,24|6|4|3|3|2|2|2|1|1,10,12,491065,silent,491053
12,24|6|4|3|2|2|2|2|2|1,10,25,171646,silent,171621
12,24|6|4|2|2|2|2|2|2|2,10,19,19861,silent,19842
12,24|6|3|3|3|3|3|1|1|1,10,0,-1,a0,
12,24|6|3|3|3|3|2|2|1|1,10,0,-1,a0,
12,24|6|3|3|3|2|2|2|2|1,10,1,84150,silent,84149
12,24|6|3|3|2|2|2|2|2|2,10,2,19226,silent,19224
12,24|5|5|5|4|1|1|1|1|1,10,0,-1,a0,
12,24|5|5|5|3|2|1|1|1|1,10,2,358856,silent,358854
12,24|5|5|5|2|2|2|1|1|1,10,8,199575,silent,199567
12,24|5|5|4|4|2|1|1|1|1,10,0,-1,a0,
12,24|5|5|4|3|3|1|1|1|1,10,0,-1,a0,
12,24|5|5|4|3|2|2|1|1|1,10,6,630763,silent,630757
12,24|5|5|4|2|2|2|2|1|1,10,16,245138,silent,245122
12,24|5|5|3|3|3|2|1|1|1,10,0,-1,a0,
12,24|5|5|3|3|2|2|2|1|1,10,5,284136,silent,284131
12,24|5|5|3|2|2|2|2|2|1,10,11,96373,silent,96362
12,24|5|5|2|2|2|2|2|2|2,10,2,9777,silent,9775
12,24|5|4|4|4|3|1|1|1|1,10,0,-1,a0,
12,24|5|4|4|4|2|2|1|1|1,10,0,-1,a0,
12,24|5|4|4|3|3|2|1|1|1,10,0,-1,a0,
12,24|5|4|4|3|2|2|2|1|1,10,6,325591,silent,325585
12,24|5|4|4|2|2|2|2|2|1,10,13,89591,silent,89578
12,24|5|4|3|3|3|3|1|1|1,10,0,-1,a0,
12,24|5|4|3|3|3|2|2|1|1,10,0,-1,a0,
12,24|5|4|3|3|2|2|2|2|1,10,4,133358,silent,133354
12,24|5|4|3|2|2|2|2|2|2,10,7,28812,silent,28805
12,24|5|3|3|3|3|3|2|1|1,10,0,-1,a0,
12,24|5|3|3|3|3|2|2|2|1,10,0,-1,a0,
12,24|5|3|3|3|2|2|2|2|2,10,0,-1,a0,
12,24|4|4|4|4|4|1|1|1|1,10,0,-1,a0,
12,24|4|4|4|4|3|2|1|1|1,10,0,-1,a0,
12,24|4|4|4|4|2|2|2|1|1,10,0,-1,a0,
12,24|4|4|4|3|3|3|1|1|1,10,0,-1,a0,
12,24|4|4|4|3|3|2|2|1|1,10,0,-1,a0,
12,24|4|4|4|3|2|2|2|2|1,10,2,47965,silent,47963
12,24|4|4|4|2|2|2|2|2|2,10,6,8712,silent,8706
12,24|4|4|3|3|3|3|2|1|1,10,0,-1,a0,
12,24|4|4|3|3|3|2|2|2|1,10,0,-1,a0,
12,24|4|4|3|3|2|2|2|2|2,10,0,-1,a0,
12,24|4|3|3|3|3|3|3|1|1,10,0,-1,a0,
12,24|4|3|3|3|3|3|2|2|1,10,0,-1,a0,
12,24|4|3|3|3|3|2|2|2|2,10,0,-1,a0,
12,24|3|3|3|3|3|3|3|2|1,10,0,-1,a0,
12,24|3|3|3|3|3|3|2|2|2,10,0,-1,a0,
12,23|17|1|1|1|1|1|1|1|1,10,0,-1,a0,
12,23|16|2|1|1|1|1|1|1|1,10,0,-1,a0,
12,23|15|3|1|1|1|1|1|1|1,10,0,-1,a0,
12,23|15|2|2|1|1|1|1|1|1,10,0,-1,a0,
12,23|14|4|1|1|1|1|1|1|1,10,0,-1,a0,
12,23|14|3|2|1|1|1|1|1|1,10,0,-1,a0,
12,23|14|2|2|2|1|1|1|1|1,10,0,-1,a0,
12,23|13|5|1|1|1|1|1|1|1,10,0,-1,a0,
12,23|13|4|2|1|1|1|1|1|1,10,0,-1,a0,
12,23|13|3|3|1|1|1|1|1|1,10,0,-1,a0,
12,23|13|3|2|2|1|1|1|1|1,10,0,-1,a0,
12,23|13|2|2|2|2|1|1|1|1,10,0,-1,a0,
12,23|12|6|1|1|1|1|1|1|1,10,0,-1,a0,
12,23|12|5|2|1|1|1|1|1|1,10,0,-1,a0,
12,23|12|4|3|1|1|1|1|1|1,10,0,-1,a0,
12,23|12|4|2|2|1|1|1|1|1,10,0,-1,a0,
12,23|12|3|3|2|1|1|1|1|1,10,0,-1,a0,
12,23|12|3|2|2|2|1|1|1|1,10,0,-1,a0,
12,23|12|2|2|2|2|2|1|1|1,10,0,-1,a0,
12,23|11|7|1|1|1|1|1|1|1,10,0,-1,a0,
12,23|11|6|2|1|1|1|1|1|1,10,0,-1,a0,
12,23|11|5|3|1|1|1|1|1|1,10,0,-1,a0,
12,23|11|5|2|2|1|1|1|1|1,10,0,-1,a0,
12,23|11|4|4|1|1|1|1|1|1,10,0,-1,a0,
12,23|11|4|3|2|1|1|1|1|1,10,1,712533,silent,712532
12,23|11|4|2|2|2|1|1|1|1,10,1,389026,silent,389025
12,23|11|3|3|3|1|1|1|1|1,10,1,204895,silent,204894
12,23|11|3|3|2|2|1|1|1|1,10,5,333880,silent,333875
12,23|11|3|2|2|2|2|1|1|1,10,6,150446,silent,150440
12,23|11|2|2|2|2|2|2|1|1,10,6,21279,silent,21273
12,23|10|8|1|1|1|1|1|1|1,10,0,-1,a0,
12,23|10|7|2|1|1|1|1|1|1,10,0,-1,a0,
12,23|10|6|3|1|1|1|1|1|1,10,0,-1,a0,
12,23|10|6|2|2|1|1|1|1|1,10,1,688213,silent,688212
12,23|10|5|4|1|1|1|1|1|1,10,0,-1,a0,
12,23|10|5|3|2|1|1|1|1|1,10,3,1525724,silent,1525721
12,23|10|5|2|2|2|1|1|1|1,10,6,763267,silent,763261
12,23|10|4|4|2|1|1|1|1|1,10,1,894593,silent,894592
12,23|10|4|3|3|1|1|1|1|1,10,3,841965,silent,841962
12,23|10|4|3|2|2|1|1|1|1,10,11,1272752,silent,1272741
12,23|10|4|2|2|2|2|1|1|1,10,14,443184,silent,443170
12,23|10|3|3|3|2|1|1|1|1,10,10,473527,silent,473517
12,23|10|3|3|2|2|2|1|1|1,10,20,400005,silent,399985
12,23|10|3|2|2|2|2|2|1|1,10,24,126041,silent,126017
12,23|10|2|2|2|2|2|2|2|1,10,15,13231,silent,13216
12,23|9|9|1|1|1|1|1|1|1,10,0,-1,a0,
12,23|9|8|2|1|1|1|1|1|1,10,0,-1,a0,
12,23|9|7|3|1|1|1|1|1|1,10,0,-1,a0,
12,23|9|7|2|2|1|1|1|1|1,10,0,-1,a0,
12,23|9|6|4|1|1|1|1|1|1,10,1,971966,silent,971965
12,23|9|6|3|2|1|1|1|1|1,10,5,2017055,silent,2017050
12,23|9|6|2|2|2|1|1|1|1,10,7,969964,silent,969957
12,23|9|5|5|1|1|1|1|1|1,10,0,-1,a0,
12,23|9|5|4|2|1|1|1|1|1,10,4,2209776,silent,2209772
12,23|9|5|3|3|1|1|1|1|1,10,8,1676163,silent,1676155
12,23|9|5|3|2|2|1|1|1|1,10,26,2446531,silent,2446505
12,23|9|5|2|2|2|2|1|1|1,10,32,778887,silent,778855
12,23|9|4|4|3|1|1|1|1|1,10,2,1243455,silent,1243453
12,23|9|4|4|2|2|1|1|1|1,10,6,1506806,silent,1506800
12,23|9|4|3|3|2|1|1|1|1,10,20,1789169,silent,1789149
12,23|9|4|3|2|2|2|1|1|1,10,42,1384109,silent,1384067
12,23|9|4|2|2|2|2|2|1|1,10,46,336522,silent,336476
12,23|9|3|3|3|3|1|1|1|1,10,5,324215,silent,324210
12,23|9|3|3|3|2|2|1|1|1,10,20,572616,silent,572596
12,23|9|3|3|2|2|2|2|1|1,10,31,314064,silent,314033
12,23|9|3|2|2|2|2|2|2|1,10,33,70063,silent,70030
12,23|9|2|2|2|2|2|2|2|2,10,11,4877,silent,4866
12,23|8|8|3|1|1|1|1|1|1,10,0,-1,a0,
12,23|8|8|2|2|1|1|1|1|1,10,1,271468,silent,271467
12,23|8|7|4|1|1|1|1|1|1,10,0,-1,a0,
12,23|8|7|3|2|1|1|1|1|1,10,3,1491013,silent,1491010
12,23|8|7|2|2|2|1|1|1|1,10,6,704006,silent,704000
12,23|8|6|5|1|1|1|1|1|1,10,1,749679,silent,749678
12,23|8|6|4|2|1|1|1|1|1,10,9,2643816,silent,2643807
12,23|8|6|3|3|1|1|1|1|1,10,8,1869781,silent,1869773
12,23|8|6|3|2|2|1|1|1|1,10,29,2687293,silent,2687264
12,23|8|6|2|2|2|2|1|1|1,10,26,820492,silent,820466
12,23|8|5|5|2|1|1|1|1|1,10,4,1439216,silent,1439212
12,23|8|5|4|3|1|1|1|1|1,10,8,2744676,silent,2744668
12,23|8|5|4|2|2|1|1|1|1,10,28,3219179,silent,3219151
12,23|8|5|3|3|2|1|1|1|1,10,33,3084593,silent,3084560
12,23|8|5|3|2|2|2|1|1|1,10,73,2296192,silent,2296119
12,23|8|5|2|2|2|2|2|1|1,10,59,509658,silent,509599
12,23|8|4|4|4|1|1|1|1|1,10,0,-1,a0,
12,23|8|4|4|3|2|1|1|1|1,10,10,2423899,silent,2423889
12,23|8|4|4|2|2|2|1|1|1,10,23,1471756,silent,1471733
12,23|8|4|3|3|3|1|1|1|1,10,10,1119897,silent,1119887
12,23|8|4|3|3|2|2|1|1|1,10,39,1913942,silent,1913903
12,23|8|4|3|2|2|2|2|1|1,10,68,956597,silent,956529
12,23|8|4|2|2|2|2|2|2|1,10,55,164923,silent,164868
12,23|8|3|3|3|3|2|1|1|1,10,5,459676,silent,459671
12,23|8|3|3|3|2|2|2|1|1,10,14,422690,silent,422676
12,23|8|3|3|2|2|2|2|2|1,10,21,156767,silent,156746
12,23|8|3|2|2|2|2|2|2|2,10,17,21964,silent,21947
12,23|7|7|5|1|1|1|1|1|1,10,0,-1,a0,
12,23|7|7|4|2|1|1|1|1|1,10,1,1212560,silent,1212559
12,23|7|7|3|3|1|1|1|1|1,10,6,839056,silent,839050
12,23|7|7|3|2|2|1|1|1|1,10,11,1195075,silent,1195064
12,23|7|7|2|2|2|2|1|1|1,10,15,359985,silent,359970
12,23|7|6|6|1|1|1|1|1|1,10,1,245389,silent,245388
12,23|7|6|5|2|1|1|1|1|1,10,8,1638644,silent,1638636
12,23|7|6|4|3|1|1|1|1|1,10,12,2500896,silent,2500884
12,23|7|6|4|2|2|1|1|1|1,10,25,2891167,silent,2891142
12,23|7|6|3|3|2|1|1|1|1,10,30,2596286,silent,2596256
12,23|7|6|3|2|2|2|1|1|1,10,52,1898232,silent,1898180
12,23|7|6|2|2|2|2|2|1|1,10,41,405286,silent,405245
12,23|7|5|5|3|1|1|1|1|1,10,8,1590724,silent,1590716
12,23|7|5|5|2|2|1|1|1|1,10,22,1737189,silent,1737167
12,23|7|5|4|4|1|1|1|1|1,10,1,1326865,silent,1326864
12,23|7|5|4|3|2|1|1|1|1,10,30,4361467,silent,4361437
12,23|7|5|4|2|2|2|1|1|1,10,61,2557484,silent,2557423
12,23|7|5|3|3|3|1|1|1|1,10,14,1601046,silent,1601032
12,23|7|5|3|3|2|2|1|1|1,10,48,2689415,silent,2689367
12,23|7|5|3|2|2|2|2|1|1,10,83,1293715,silent,1293632
12,23|7|5|2|2|2|2|2|2|1,10,48,203108,silent,203060
12,23|7|4|4|4|2|1|1|1|1,10,0,-1,a0,
12,23|7|4|4|3|3|1|1|1|1,10,5,1409776,silent,1409771
12,23|7|4|4|3|2|2|1|1|1,10,21,2238977,silent,2238956
12,23|7|4|4|2|2|2|2|1|1,10,43,871826,silent,871783
12,23|7|4|3|3|3|2|1|1|1,10,12,1353499,silent,1353487
12,23|7|4|3|3|2|2|2|1|1,10,31,1196295,silent,1196264
12,23|7|4|3|2|2|2|2|2|1,10,52,406313,silent,406261
12,23|7|4|2|2|2|2|2|2|2,10,24,43987,silent,43963
12,23|7|3|3|3|3|3|1|1|1,10,0,-1,a0,
12,23|7|3|3|3|3|2|2|1|1,10,1,328025,silent,328024
12,23|7|3|3|3|2|2|2|2|1,10,3,189440,silent,189437
12,23|7|3|3|2|2|2|2|2|2,10,6,42114,silent,42108
12,23|6|6|6|2|1|1|1|1|1,10,5,313077,silent,313072
12,23|6|6|5|3|1|1|1|1|1,10,7,1045118,silent,1045111
12,23|6|6|5|2|2|1|1|1|1,10,13,1129491,silent,1129478
12,23|6|6|4|4|1|1|1|1|1,10,5,724653,silent,724648
12,23|6|6|4|3|2|1|1|1|1,10,18,2311917,silent,2311899
12,23|6|6|4|2|2|2|1|1|1,10,21,1334858,silent,1334837
12,23|6|6|3|3|3|1|1|1|1,10,5,794288,silent,794283
12,23|6|6|3|3|2|2|1|1|1,10,26,1327952,silent,1327926
12,23|6|6|3|2|2|2|2|1|1,10,33,627252,silent,627219
12,23|6|6|2|2|2|2|2|2|1,10,23,95686,silent,95663
12,23|6|5|5|4|1|1|1|1|1,10,2,718678,silent,718676
12,23|6|5|5|3|2|1|1|1|1,10,18,1878032,silent,1878014
12,23|6|5|5|2|2|2|1|1|1,10,31,1019580,silent,1019549
12,23|6|5|4|4|2|1|1|1|1,10,6,1758377,silent,1758371
12,23|6|5|4|3|3|1|1|1|1,10,6,1873811,silent,1873805
12,23|6|5|4|3|2|2|1|1|1,10,37,2933917,silent,2933880
12,23|6|5|4|2|2|2|2|1|1,10,52,1103888,silent,1103836
12,23|6|5|3|3|3|2|1|1|1,10,7,1420428,silent,1420421
12,23|6|5|3|3|2|2|2|1|1,10,31,1234133,silent,1234102
12,23|6|5|3|2|2|2|2|2|1,10,41,403606,silent,403565
12,23|6|5|2|2|2|2|2|2|2,10,16,39813,silent,39797
12,23|6|4|4|4|3|1|1|1|1,10,0,-1,a0,
12,23|6|4|4|4|2|2|1|1|1,10,2,955948,silent,955946
12,23|6|4|4|3|3|2|1|1|1,10,6,1383024,silent,1383018
12,23|6|4|4|3|2|2|2|1|1,10,23,1125961,silent,1125938
12,23|6|4|4|2|2|2|2|2|1,10,35,298707,silent,298672
12,23|6|4|3|3|3|3|1|1|1,10,0,-1,a0,
12,23|6|4|3|3|3|2|2|1|1,10,4,769300,silent,769296
12,23|6|4|3|3|2|2|2|2|1,10,12,426699,silent,426687
12,23|6|4|3|2|2|2|2|2|2,10,17,88368,silent,88351
12,23|6|3|3|3|3|3|2|1|1,10,0,-1,a0,
12,23|6|3|3|3|3|2|2|2|1,10,0,-1,a0,
12,23|6|3|3|3|2|2|2|2|2,10,0,-1,a0,
12,23|5|5|5|5|1|1|1|1|1,10,1,86077,silent,86076
12,23|5|5|5|4|2|1|1|1|1,10,5,533806,silent,533801
12,23|5|5|5|3|3|1|1|1|1,10,1,465674,silent,465673
12,23|5|5|5|3|2|2|1|1|1,10,12,708737,silent,708725
12,23|5|5|5|2|2|2|2|1|1,10,13,247749,silent,247736
12,23|5|5|4|4|3|1|1|1|1,10,0,-1,a0,
12,23|5|5|4|4|2|2|1|1|1,10,9,745234,silent,745225
12,23|5|5|4|3|3|2|1|1|1,10,2,1016263,silent,1016261
12,23|5|5|4|3|2|2|2|1|1,10,19,817127,silent,817108
12,23|5|5|4|2|2|2|2|2|1,10,15,209380,silent,209365
12,23|5|5|3|3|3|3|1|1|1,10,0,-1,a0,
12,23|5|5|3|3|3|2|2|1|1,10,1,454463,silent,454462
12,23|5|5|3|3|2|2|2|2|1,10,8,249008,silent,249000
12,23|5|5|3|2|2|2|2|2|2,10,5,49269,silent,49264
12,23|5|4|4|4|4|1|1|1|1,10,0,-1,a0,
12,23|5|4|4|4|3|2|1|1|1,10,0,-1,a0,
12,23|5|4|4|4|2|2|2|1|1,10,6,350854,silent,350848
12,23|5|4|4|3|3|3|1|1|1,10,0,-1,a0,
12,23|5|4|4|3|3|2|2|1|1,10,2,562951,silent,562949
12,23|5|4|4|3|2|2|2|2|1,10,13,287869,silent,287856
12,23|5|4|4|2|2|2|2|2|2,10,10,47105,silent,47095
12,23|5|4|3|3|3|3|2|1|1,10,0,-1,a0,
12,23|5|4|3|3|3|2|2|2|1,10,0,-1,a0,
12,23|5|4|3|3|2|2|2|2|2,10,2,70024,silent,70022
12,23|5|3|3|3|3|3|3|1|1,10,0,-1,a0,
12,23|5|3|3|3|3|3|2|2|1,10,0,-1,a0,
12,23|5|3|3|3|3|2|2|2|2,10,0,-1,a0,
12,23|4|4|4|4|4|2|1|1|1,10,0,-1,a0,
12,23|4|4|4|4|3|3|1|1|1,10,0,-1,a0,
12,23|4|4|4|4|3|2|2|1|1,10,0,-1,a0,
12,23|4|4|4|4|2|2|2|2|1,10,4,49221,silent,49217
12,23|4|4|4|3|3|3|2|1|1,10,0,-1,a0,
12,23|4|4|4|3|3|2|2|2|1,10,0,-1,a0,
12,23|4|4|4|3|2|2|2|2|2,10,3,25684,silent,25681
12,23|4|4|3|3|3|3|3|1|1,10,0,-1,a0,
12,23|4|4|3|3|3|3|2|2|1,10,0,-1,a0,
12,23|4|4|3|3|3|2|2|2|2,10,0,-1,a0,
12,23|4|3|3|3|3|3|3|2|1,10,0,-1,a0,
12,23|4|3|3|3|3|3|2|2|2,10,0,-1,a0,
12,23|3|3|3|3|3|3|3|3|1,10,0,-1,a0,
12,23|3|3|3|3|3|3|3|2|2,10,0,-1,a0,
12,22|18|1|1|1|1|1|1|1|1,10,0,-1,a0,
12,22|17|2|1|1|1|1|1|1|1,10,0,-1,a0,
12,22|16|3|1|1|1|1|1|1|1,10,0,-1,a0,
12,22|16|2|2|1|1|1|1|1|1,10,0,-1,a0,
12,22|15|4|1|1|1|1|1|1|1,10,0,-1,a0,
12,22|15|3|2|1|1|1|1|1|1,10,0,-1,a0,
12,22|15|2|2|2|1|1|1|1|1,10,0,-1,a0,
12,22|14|5|1|1|1|1|1|1|1,10,0,-1,a0,
12,22|14|4|2|1|1|1|1|1|1,10,0,-1,a0,
12,22|14|3|3|1|1|1|1|1|1,10,0,-1,a0,
12,22|14|3|2|2|1|1|1|1|1,10,0,-1,a0,
12,22|14|2|2|2|2|1|1|1|1,10,0,-1,a0,
12,22|13|6|1|1|1|1|1|1|1,10,0,-1,a0,
12,22|13|5|2|1|1|1|1|1|1,10,0,-1,a0,
12,22|13|4|3|1|1|1|1|1|1,10,0,-1,a0,
12,22|13|4|2|2|1|1|1|1|1,10,0,-1,a0,
12,22|13|3|3|2|1|1|1|1|1,10,0,-1,a0,
12,22|13|3|2|2|2|1|1|1|1,10,0,-1,a0,
12,22|13|2|2|2|2|2|1|1|1,10,0,-1,a0,
12,22|12|7|1|1|1|1|1|1|1,10,0,-1,a0,
12,22|12|6|2|1|1|1|1|1|1,10,0,-1,a0,
12,22|12|5|3|1|1|1|1|1|1,10,0,-1,a0,
12,22|12|5|2|2|1|1|1|1|1,10,0,-1,a0,
12,22|12|4|4|1|1|1|1|1|1,10,0,-1,a0,
12,22|12|4|3|2|1|1|1|1|1,10,2,880564,silent,880562
12,22|12|4|2|2|2|1|1|1|1,10,3,477696,silent,477693
12,22|12|3|3|3|1|1|1|1|1,10,3,251368,silent,251365
12,22|12|3|3|2|2|1|1|1|1,10,6,407012,silent,407006
12,22|12|3|2|2|2|2|1|1|1,10,9,181595,silent,181586
12,22|12|2|2|2|2|2|2|1|1,10,5,25093,silent,25088
12,22|11|8|1|1|1|1|1|1|1,10,0,-1,a0,
12,22|11|7|2|1|1|1|1|1|1,10,0,-1,a0,
12,22|11|6|3|1|1|1|1|1|1,10,1,988073,silent,988072
12,22|11|6|2|2|1|1|1|1|1,10,2,975383,silent,975381
12,22|11|5|4|1|1|1|1|1|1,10,1,949240,silent,949239
12,22|11|5|3|2|1|1|1|1|1,10,7,2121862,silent,2121855
12,22|11|5|2|2|2|1|1|1|1,10,10,1052668,silent,1052658
12,22|11|4|4|2|1|1|1|1|1,10,3,1232668,silent,1232665
12,22|11|4|3|3|1|1|1|1|1,10,8,1153958,silent,1153950
12,22|11|4|3|2|2|1|1|1|1,10,21,1734366,silent,1734345
12,22|11|4|2|2|2|2|1|1|1,10,23,597444,silent,597421
12,22|11|3|3|3|2|1|1|1|1,10,17,638949,silent,638932
12,22|11|3|3|2|2|2|1|1|1,10,30,534915,silent,534885
12,22|11|3|2|2|2|2|2|1|1,10,32,166182,silent,166150
12,22|11|2|2|2|2|2|2|2|1,10,17,17002,silent,16985
12,22|10|9|1|1|1|1|1|1|1,10,0,-1,a0,
12,22|10|8|2|1|1|1|1|1|1,10,0,-1,a0,
12,22|10|7|3|1|1|1|1|1|1,10,1,1152360,silent,1152359
12,22|10|7|2|2|1|1|1|1|1,10,2,1116714,silent,1116712
12,22|10|6|4|1|1|1|1|1|1,10,2,1597849,silent,1597847
12,22|10|6|3|2|1|1|1|1|1,10,15,3284650,silent,3284635
12,22|10|6|2|2|2|1|1|1|1,10,19,1566100,silent,1566081
12,22|10|5|5|1|1|1|1|1|1,10,1,793901,silent,793900
12,22|10|5|4|2|1|1|1|1|1,10,13,3506911,silent,3506898
12,22|10|5|3|3|1|1|1|1|1,10,19,2640238,silent,2640219
12,22|10|5|3|2|2|1|1|1|1,10,54,3831022,silent,3830968
12,22|10|5|2|2|2|2|1|1|1,10,52,1204317,silent,1204265
12,22|10|4|4|3|1|1|1|1|1,10,6,1932230,silent,1932224
12,22|10|4|4|2|2|1|1|1|1,10,20,2329022,silent,2329002
12,22|10|4|3|3|2|1|1|1|1,10,40,2742497,silent,2742457
12,22|10|4|3|2|2|2|1|1|1,10,74,2102272,silent,2102198
12,22|10|4|2|2|2|2|2|1|1,10,62,502211,silent,502149
12,22|10|3|3|3|3|1|1|1|1,10,12,488984,silent,488972
12,22|10|3|3|3|2|2|1|1|1,10,32,857666,silent,857634
12,22|10|3|3|2|2|2|2|1|1,10,49,464503,silent,464454
12,22|10|3|2|2|2|2|2|2|1,10,42,101384,silent,101342
12,22|10|2|2|2|2|2|2|2|2,10,16,6925,silent,6909
12,22|9|9|2|1|1|1|1|1|1,10,0,-1,a0,
12,22|9|8|3|1|1|1|1|1|1,10,1,797664,silent,797663
12,22|9|8|2|2|1|1|1|1|1,10,2,766725,silent,766723
12,22|9|7|4|1|1|1|1|1|1,10,2,1623630,silent,1623628
12,22|9|7|3|2|1|1|1|1|1,10,13,3213118,silent,3213105
12,22|9|7|2|2|2|1|1|1|1,10,16,1499755,silent,1499739
12,22|9|6|5|1|1|1|1|1|1,10,4,1497005,silent,1497001
12,22|9|6|4|2|1|1|1|1|1,10,26,5166054,silent,5166028
12,22|9|6|3|3|1|1|1|1|1,10,28,3620129,silent,3620101
12,22|9|6|3|2|2|1|1|1|1,10,71,5164406,silent,5164335
12,22|9|6|2|2|2|2|1|1|1,10,59,1555024,silent,1554965
12,22|9|5|5|2|1|1|1|1|1,10,14,2712040,silent,2712026
12,22|9|5|4|3|1|1|1|1|1,10,27,5078697,silent,5078670
12,22|9|5|4|2|2|1|1|1|1,10,66,5914351,silent,5914285
12,22|9|5|3|3|2|1|1|1|1,10,81,5610833,silent,5610752
12,22|9|5|3|2|2|2|1|1|1,10,144,4132408,silent,4132264
12,22|9|5|2|2|2|2|2|1|1,10,102,900696,silent,900594
12,22|9|4|4|4|1|1|1|1|1,10,1,1228856,silent,1228855
12,22|9|4|4|3|2|1|1|1|1,10,31,4314575,silent,4314544
12,22|9|4|4|2|2|2|1|1|1,10,54,2593057,silent,2593003
12,22|9|4|3|3|3|1|1|1|1,10,26,1965582,silent,1965556
12,22|9|4|3|3|2|2|1|1|1,10,79,3334417,silent,3334338
12,22|9|4|3|2|2|2|2|1|1,10,117,1642800,silent,1642683
12,22|9|4|2|2|2|2|2|2|1,10,77,276201,silent,276124
12,22|9|3|3|3|3|2|1|1|1,10,12,782366,silent,782354
12,22|9|3|3|3|2|2|2|1|1,10,25,711028,silent,711003
12,22|9|3|3|2|2|2|2|2|1,10,32,258817,silent,258785
12,22|9|3|2|2|2|2|2|2|2,10,20,35004,silent,34984
12,22|8|8|4|1|1|1|1|1|1,10,1,695453,silent,695452
12,22|8|8|3|2|1|1|1|1|1,10,7,1359189,silent,1359182
12,22|8|8|2|2|2|1|1|1|1,10,11,630562,silent,630551
12,22|8|7|5|1|1|1|1|1|1,10,2,1256805,silent,1256803
12,22|8|7|4|2|1|1|1|1|1,10,18,4004063,silent,4004045
12,22|8|7|3|3|1|1|1|1|1,10,20,2728483,silent,2728463
12,22|8|7|3|2|2|1|1|1|1,10,51,3858520,silent,3858469
12,22|8|7|2|2|2|2|1|1|1,10,44,1139577,silent,1139533
12,22|8|6|6|1|1|1|1|1|1,10,4,668067,silent,668063
12,22|8|6|5|2|1|1|1|1|1,10,29,4224673,silent,4224644
12,22|8|6|4|3|1|1|1|1|1,10,40,6272139,silent,6272099
12,22|8|6|4|2|2|1|1|1|1,10,88,7192384,silent,7192296
12,22|8|6|3|3|2|1|1|1|1,10,86,6363182,silent,6363096
12,22|8|6|3|2|2|2|1|1|1,10,139,4595081,silent,4594942
12,22|8|6|2|2|2|2|2|1|1,10,81,957937,silent,957856
12,22|8|5|5|3|1|1|1|1|1,10,26,3692599,silent,3692573
12,22|8|5|5|2|2|1|1|1|1,10,58,3998179,silent,3998121
12,22|8|5|4|4|1|1|1|1|1,10,11,3014072,silent,3014061
12,22|8|5|4|3|2|1|1|1|1,10,94,9759934,silent,9759840
12,22|8|5|4|2|2|2|1|1|1,10,143,5650424,silent,5650281
12,22|8|5|3|3|3|1|1|1|1,10,38,3512097,silent,3512059
12,22|8|5|3|3|2|2|1|1|1,10,125,5853954,silent,5853829
12,22|8|5|3|2|2|2|2|1|1,10,171,2767496,silent,2767325
12,22|8|5|2|2|2|2|2|2|1,10,84,422484,silent,422400
12,22|8|4|4|4|2|1|1|1|1,10,7,2652656,silent,2652649
12,22|8|4|4|3|3|1|1|1|1,10,16,2976958,silent,2976942
12,22|8|4|4|3|2|2|1|1|1,10,63,4691556,silent,4691493
12,22|8|4|4|2|2|2|2|1|1,10,79,1794747,silent,1794668
12,22|8|4|3|3|3|2|1|1|1,10,31,2778305,silent,2778274
12,22|8|4|3|3|2|2|2|1|1,10,73,2425659,silent,2425586
12,22|8|4|3|2|2|2|2|2|1,10,88,805389,silent,805301
12,22|8|4|2|2|2|2|2|2|2,10,41,84445,silent,84404
12,22|8|3|3|3|3|3|1|1|1,10,1,356132,silent,356131
12,22|8|3|3|3|3|2|2|1|1,10,3,641904,silent,641901
12,22|8|3|3|3|2|2|2|2|1,10,8,364229,silent,364221
12,22|8|3|3|2|2|2|2|2|2,10,7,78695,silent,78688
12,22|7|7|6|1|1|1|1|1|1,10,0,-1,a0,
12,22|7|7|5|2|1|1|1|1|1,10,10,2097828,silent,2097818
12,22|7|7|4|3|1|1|1|1|1,10,18,2921545,silent,2921527
12,22|7|7|4|2|2|1|1|1|1,10,35,3323097,silent,3323062
12,22|7|7|3|3|2|1|1|1|1,10,44,2875183,silent,2875139
12,22|7|7|3|2|2|2|1|1|1,10,63,2058672,silent,2058609
12,22|7|7|2|2|2|2|2|1|1,10,45,423889,silent,423844
12,22|7|6|6|2|1|1|1|1|1,10,13,1426733,silent,1426720
12,22|7|6|5|3|1|1|1|1|1,10,38,4317731,silent,4317693
12,22|7|6|5|2|2|1|1|1|1,10,62,4610867,silent,4610805
12,22|7|6|4|4|1|1|1|1|1,10,15,2876969,silent,2876954
12,22|7|6|4|3|2|1|1|1|1,10,93,9009108,silent,9009015
12,22|7|6|4|2|2|2|1|1|1,10,114,5124349,silent,5124235
12,22|7|6|3|3|3|1|1|1|1,10,36,3009839,silent,3009803
12,22|7|6|3|3|2|2|1|1|1,10,100,4976840,silent,4976740
12,22|7|6|3|2|2|2|2|1|1,10,122,2306231,silent,2306109
12,22|7|6|2|2|2|2|2|2|1,10,59,338591,silent,338532
12,22|7|5|5|4|1|1|1|1|1,10,15,2285072,silent,2285057
12,22|7|5|5|3|2|1|1|1|1,10,74,5851095,silent,5851021
12,22|7|5|5|2|2|2|1|1|1,10,89,3125293,silent,3125204
12,22|7|5|4|4|2|1|1|1|1,10,30,5269169,silent,5269139
12,22|7|5|4|3|3|1|1|1|1,10,39,5530957,silent,5530918
12,22|7|5|4|3|2|2|1|1|1,10,130,8575533,silent,8575403
12,22|7|5|4|2|2|2|2|1|1,10,144,3161228,silent,3161084
12,22|7|5|3|3|3|2|1|1|1,10,37,4028904,silent,4028867
12,22|7|5|3|3|2|2|2|1|1,10,85,3448617,silent,3448532
12,22|7|5|3|2|2|2|2|2|1,10,94,1098671,silent,1098577
12,22|7|5|2|2|2|2|2|2|2,10,25,103172,silent,103147
12,22|7|4|4|4|3|1|1|1|1,10,2,2013173,silent,2013171
12,22|7|4|4|4|2|2|1|1|1,10,16,2547517,silent,2547501
12,22|7|4|4|3|3|2|1|1|1,10,25,3623692,silent,3623667
12,22|7|4|4|3|2|2|2|1|1,10,66,2908549,silent,2908483
12,22|7|4|4|2|2|2|2|2|1,10,67,750326,silent,750259
12,22|7|4|3|3|3|3|1|1|1,10,4,1084229,silent,1084225
12,22|7|4|3|3|3|2|2|1|1,10,13,1924909,silent,1924896
12,22|7|4|3|3|2|2|2|2|1,10,30,1047058,silent,1047028
12,22|7|4|3|2|2|2|2|2|2,10,29,209164,silent,209135
12,22|7|3|3|3|3|3|2|1|1,10,0,-1,a0,
12,22|7|3|3|3|3|2|2|2|1,10,0,-1,a0,
12,22|7|3|3|3|2|2|2|2|2,10,1,98818,silent,98817
12,22|6|6|6|3|1|1|1|1|1,10,12,861005,silent,860993
12,22|6|6|6|2|2|1|1|1|1,10,11,896205,silent,896194
12,22|6|6|5|4|1|1|1|1|1,10,16,1560388,silent,1560372
12,22|6|6|5|3|2|1|1|1|1,10,46,3881204,silent,3881158
12,22|6|6|5|2|2|2|1|1|1,10,41,2041839,silent,2041798
12,22|6|6|4|4|2|1|1|1|1,10,23,2902863,silent,2902840
12,22|6|6|4|3|3|1|1|1|1,10,21,2969552,silent,2969531
12,22|6|6|4|3|2|2|1|1|1,10,64,4577105,silent,4577041
12,22|6|6|4|2|2|2|2|1|1,10,55,1656829,silent,1656774
12,22|6|6|3|3|3|2|1|1|1,10,20,2016632,silent,2016612
12,22|6|6|3|3|2|2|2|1|1,10,46,1713451,silent,1713405
12,22|6|6|3|2|2|2|2|2|1,10,44,536669,silent,536625
12,22|6|6|2|2|2|2|2|2|2,10,21,49963,silent,49942
12,22|6|5|5|5|1|1|1|1|1,10,5,500150,silent,500145
12,22|6|5|5|4|2|1|1|1|1,10,30,2942993,silent,2942963
12,22|6|5|5|3|3|1|1|1|1,10,18,2505142,silent,2505124
12,22|6|5|5|3|2|2|1|1|1,10,65,3768874,silent,3768809
12,22|6|5|5|2|2|2|2|1|1,10,54,1279781,silent,1279727
12,22|6|5|4|4|3|1|1|1|1,10,11,2928149,silent,2928138
12,22|6|5|4|4|2|2|1|1|1,10,37,3657061,silent,3657024
12,22|6|5|4|3|3|2|1|1|1,10,31,4873502,silent,4873471
12,22|6|5|4|3|2|2|2|1|1,10,83,3847499,silent,3847416
12,22|6|5|4|2|2|2|2|2|1,10,64,954830,silent,954766
12,22|6|5|3|3|3|3|1|1|1,10,1,1158267,silent,1158266
12,22|6|5|3|3|3|2|2|1|1,10,13,2038411,silent,2038398
12,22|6|5|3|3|2|2|2|2|1,10,29,1088829,silent,1088800
12,22|6|5|3|2|2|2|2|2|2,10,20,208515,silent,208495
12,22|6|4|4|4|4|1|1|1|1,10,0,-1,a0,
12,22|6|4|4|4|3|2|1|1|1,10,6,2033037,silent,2033031
12,22|6|4|4|4|2|2|2|1|1,10,18,1284901,silent,1284883
12,22|6|4|4|3|3|3|1|1|1,10,2,1168864,silent,1168862
12,22|6|4|4|3|3|2|2|1|1,10,16,2012105,silent,2012089
12,22|6|4|4|3|2|2|2|2|1,10,36,1004206,silent,1004170
12,22|6|4|4|2|2|2|2|2|2,10,28,157857,silent,157829
12,22|6|4|3|3|3|3|2|1|1,10,0,-1,a0,
12,22|6|4|3|3|3|2|2|2|1,10,2,716730,silent,716728
12,22|6|4|3|3|2|2|2|2|2,10,4,224665,silent,224661
12,22|6|3|3|3|3|3|3|1|1,10,0,-1,a0,
12,22|6|3|3|3|3|3|2|2|1,10,0,-1,a0,
12,22|6|3|3|3|3|2|2|2|2,10,0,-1,a0,
12,22|5|5|5|5|2|1|1|1|1,10,8,370155,silent,370147
12,22|5|5|5|4|3|1|1|1|1,10,6,929753,silent,929747
12,22|5|5|5|4|2|2|1|1|1,10,21,1131270,silent,1131249
12,22|5|5|5|3|3|2|1|1|1,10,6,1229512,silent,1229506
12,22|5|5|5|3|2|2|2|1|1,10,19,940494,silent,940475
12,22|5|5|5|2|2|2|2|2|1,10,7,214902,silent,214895
12,22|5|5|4|4|4|1|1|1|1,10,0,-1,a0,
12,22|5|5|4|4|3|2|1|1|1,10,8,1615081,silent,1615073
12,22|5|5|4|4|2|2|2|1|1,10,23,1010421,silent,1010398
12,22|5|5|4|3|3|3|1|1|1,10,0,-1,a0,
12,22|5|5|4|3|3|2|2|1|1,10,8,1486636,silent,1486628
12,22|5|5|4|3|2|2|2|2|1,10,21,731823,silent,731802
12,22|5|5|4|2|2|2|2|2|2,10,5,108877,silent,108872
12,22|5|5|3|3|3|3|2|1|1,10,0,-1,a0,
12,22|5|5|3|3|3|2|2|2|1,10,2,426942,silent,426940
12,22|5|5|3|3|2|2|2|2|2,10,5,132586,silent,132581
12,22|5|4|4|4|4|2|1|1|1,10,0,-1,a0,
12,22|5|4|4|4|3|3|1|1|1,10,0,-1,a0,
12,22|5|4|4|4|3|2|2|1|1,10,6,818184,silent,818178
12,22|5|4|4|4|2|2|2|2|1,10,14,320827,silent,320813
12,22|5|4|4|3|3|3|2|1|1,10,0,-1,a0,
12,22|5|4|4|3|3|2|2|2|1,10,4,531707,silent,531703
12,22|5|4|4|3|2|2|2|2|2,10,8,154289,silent,154281
12,22|5|4|3|3|3|3|3|1|1,10,0,-1,a0,
12,22|5|4|3|3|3|3|2|2|1,10,0,-1,a0,
12,22|5|4|3|3|3|2|2|2|2,10,0,-1,a0,
12,22|5|3|3|3|3|3|3|2|1,10,0,-1,a0,
12,22|5|3|3|3|3|3|2|2|2,10,0,-1,a0,
12,22|4|4|4|4|4|3|1|1|1,10,0,-1,a0,
12,22|4|4|4|4|4|2|2|1|1,10,0,-1,a0,
12,22|4|4|4|4|3|3|2|1|1,10,0,-1,a0,
12,22|4|4|4|4|3|2|2|2|1,10,2,117280,silent,117278
12,22|4|4|4|4|2|2|2|2|2,10,6,27574,silent,27568
12,22|4|4|4|3|3|3|3|1|1,10,0,-1,a0,
12,22|4|4|4|3|3|3|2|2|1,10,0,-1,a0,
12,22|4|4|4|3|3|2|2|2|2,10,0,-1,a0,
12,22|4|4|3|3|3|3|3|2|1,10,0,-1,a0,
12,22|4|4|3|3|3|3|2|2|2,10,0,-1,a0,
12,22|4|3|3|3|3|3|3|3|1,10,0,-1,a0,
12,22|4|3|3|3|3|3|3|2|2,10,0,-1,a0,
12,22|3|3|3|3|3|3|3|3|2,10,0,-1,a0,
12,21|19|1|1|1|1|1|1|1|1,10,0,-1,a0,
12,21|18|2|1|1|1|1|1|1|1,10,0,-1,a0,
12,21|17|3|1|1|1|1|1|1|1,10,0,-1,a0,
12,21|17|2|2|1|1|1|1|1|1,10,0,-1,a0,
12,21|16|4|1|1|1|1|1|1|1,10,0,-1,a0,
12,21|16|3|2|1|1|1|1|1|1,10,0,-1,a0,
12,21|16|2|2|2|1|1|1|1|1,10,0,-1,a0,
12,21|15|5|1|1|1|1|1|1|1,10,0,-1,a0,
12,21|15|4|2|1|1|1|1|1|1,10,0,-1,a0,
12,21|15|3|3|1|1|1|1|1|1,10,0,-1,a0,
12,21|15|3|2|2|1|1|1|1|1,10,0,-1,a0,
12,21|15|2|2|2|2|1|1|1|1,10,0,-1,a0,
12,21|14|6|1|1|1|1|1|1|1,10,0,-1,a0,
12,21|14|5|2|1|1|1|1|1|1,10,0,-1,a0,
12,21|14|4|3|1|1|1|1|1|1,10,0,-1,a0,
12,21|14|4|2|2|1|1|1|1|1,10,0,-1,a0,
12,21|14|3|3|2|1|1|1|1|1,10,0,-1,a0,
12,21|14|3|2|2|2|1|1|1|1,10,0,-1,a0,
12,21|14|2|2|2|2|2|1|1|1,10,0,-1,a0,
12,21|13|7|1|1|1|1|1|1|1,10,0,-1,a0,
12,21|13|6|2|1|1|1|1|1|1,10,0,-1,a0,
12,21|13|5|3|1|1|1|1|1|1,10,0,-1,a0,
12,21|13|5|2|2|1|1|1|1|1,10,0,-1,a0,
12,21|13|4|4|1|1|1|1|1|1,10,1,345630,silent,345629
12,21|13|4|3|2|1|1|1|1|1,10,3,980663,silent,980660
12,21|13|4|2|2|2|1|1|1|1,10,3,528226,silent,528223
12,21|13|3|3|3|1|1|1|1|1,10,3,278219,silent,278216
12,21|13|3|3|2|2|1|1|1|1,10,10,449358,silent,449348
12,21|13|3|2|2|2|2|1|1|1,10,10,198613,silent,198603
12,21|13|2|2|2|2|2|2|1|1,10,8,27316,silent,27308
12,21|12|8|1|1|1|1|1|1|1,10,0,-1,a0,
12,21|12|7|2|1|1|1|1|1|1,10,0,-1,a0,
12,21|12|6|3|1|1|1|1|1|1,10,2,1244030,silent,1244028
12,21|12|6|2|2|1|1|1|1|1,10,4,1223451,silent,1223447
12,21|12|5|4|1|1|1|1|1|1,10,1,1182659,silent,1182658
12,21|12|5|3|2|1|1|1|1|1,10,13,2628206,silent,2628193
12,21|12|5|2|2|2|1|1|1|1,10,16,1296101,silent,1296085
12,21|12|4|4|2|1|1|1|1|1,10,7,1517720,silent,1517713
12,21|12|4|3|3|1|1|1|1|1,10,13,1414839,silent,1414826
12,21|12|4|3|2|2|1|1|1|1,10,33,2117517,silent,2117484
12,21|12|4|2|2|2|2|1|1|1,10,31,722943,silent,722912
12,21|12|3|3|3|2|1|1|1|1,10,24,774424,silent,774400
12,21|12|3|3|2|2|2|1|1|1,10,39,643819,silent,643780
12,21|12|3|2|2|2|2|2|1|1,10,37,197483,silent,197446
12,21|12|2|2|2|2|2|2|2|1,10,18,19808,silent,19790
12,21|11|9|1|1|1|1|1|1|1,10,0,-1,a0,
12,21|11|8|2|1|1|1|1|1|1,10,1,619527,silent,619526
12,21|11|7|3|1|1|1|1|1|1,10,3,1686272,silent,1686269
12,21|11|7|2|2|1|1|1|1|1,10,5,1626304,silent,1626299
12,21|11|6|4|1|1|1|1|1|1,10,8,2275433,silent,2275425
12,21|11|6|3|2|1|1|1|1|1,10,32,4641532,silent,4641500
12,21|11|6|2|2|2|1|1|1|1,10,30,2196557,silent,2196527
12,21|11|5|5|1|1|1|1|1|1,10,2,1115604,silent,1115602
12,21|11|5|4|2|1|1|1|1|1,10,28,4878870,silent,4878842
12,21|11|5|3|3|1|1|1|1|1,10,37,3654893,silent,3654856
12,21|11|5|3|2|2|1|1|1|1,10,93,5279635,silent,5279542
12,21|11|5|2|2|2|2|1|1|1,10,78,1644132,silent,1644054
12,21|11|4|4|3|1|1|1|1|1,10,18,2652914,silent,2652896
12,21|11|4|4|2|2|1|1|1|1,10,33,3180168,silent,3180135
12,21|11|4|3|3|2|1|1|1|1,10,71,3728237,silent,3728166
12,21|11|4|3|2|2|2|1|1|1,10,111,2836533,silent,2836422
12,21|11|4|2|2|2|2|2|1|1,10,87,670060,silent,669973
12,21|11|3|3|3|3|1|1|1|1,10,16,656342,silent,656326
12,21|11|3|3|3|2|2|1|1|1,10,49,1146252,silent,1146203
12,21|11|3|3|2|2|2|2|1|1,10,60,613474,silent,613414
12,21|11|3|2|2|2|2|2|2|1,10,49,131697,silent,131648
12,21|11|2|2|2|2|2|2|2|2,10,13,8512,silent,8499
12,21|10|10|1|1|1|1|1|1|1,10,0,-1,a0,
12,21|10|9|2|1|1|1|1|1|1,10,0,-1,a0,
12,21|10|8|3|1|1|1|1|1|1,10,3,1528010,silent,1528007
12,21|10|8|2|2|1|1|1|1|1,10,9,1461741,silent,1461732
12,21|10|7|4|1|1|1|1|1|1,10,8,2811927,silent,2811919
12,21|10|7|3|2|1|1|1|1|1,10,38,5518311,silent,5518273
12,21|10|7|2|2|2|1|1|1|1,10,39,2557021,silent,2556982
12,21|10|6|5|1|1|1|1|1|1,10,10,2483850,silent,2483840
12,21|10|6|4|2|1|1|1|1|1,10,66,8455007,silent,8454941
12,21|10|6|3|3|1|1|1|1|1,10,59,5886233,silent,5886174
12,21|10|6|3|2|2|1|1|1|1,10,145,8356058,silent,8355913
12,21|10|6|2|2|2|2|1|1|1,10,99,2489344,silent,2489245
12,21|10|5|5|2|1|1|1|1|1,10,33,4351722,silent,4351689
12,21|10|5|4|3|1|1|1|1|1,10,63,8054233,silent,8054170
12,21|10|5|4|2|2|1|1|1|1,10,137,9333561,silent,9333424
12,21|10|5|3|3|2|1|1|1|1,10,154,8792944,silent,8792790
12,21|10|5|3|2|2|2|1|1|1,10,238,6425465,silent,6425227
12,21|10|5|2|2|2|2|2|1|1,10,143,1380166,silent,1380023
12,21|10|4|4|4|1|1|1|1|1,10,8,1917088,silent,1917080
12,21|10|4|4|3|2|1|1|1|1,10,69,6676280,silent,6676211
12,21|10|4|4|2|2|2|1|1|1,10,96,3980969,silent,3980873
12,21|10|4|3|3|3|1|1|1|1,10,48,3011614,silent,3011566
12,21|10|4|3|3|2|2|1|1|1,10,138,5081739,silent,5081601
12,21|10|4|3|2|2|2|2|1|1,10,171,2475400,silent,2475229
12,21|10|4|2|2|2|2|2|2|1,10,100,408418,silent,408318
12,21|10|3|3|3|3|2|1|1|1,10,22,1173834,silent,1173812
12,21|10|3|3|3|2|2|2|1|1,10,40,1057564,silent,1057524
12,21|10|3|3|2|2|2|2|2|1,10,43,379047,silent,379004
12,21|10|3|2|2|2|2|2|2|2,10,25,50101,silent,50076
12,21|9|9|3|1|1|1|1|1|1,10,2,624738,silent,624736
12,21|9|9|2|2|1|1|1|1|1,10,1,593283,silent,593282
12,21|9|8|4|1|1|1|1|1|1,10,7,2002948,silent,2002941
12,21|9|8|3|2|1|1|1|1|1,10,29,3862194,silent,3862165
12,21|9|8|2|2|2|1|1|1|1,10,28,1771242,silent,1771214
12,21|9|7|5|1|1|1|1|1|1,10,10,2792012,silent,2792002
12,21|9|7|4|2|1|1|1|1|1,10,59,8723580,silent,8723521
12,21|9|7|3|3|1|1|1|1|1,10,62,5893683,silent,5893621
12,21|9|7|3|2|2|1|1|1|1,10,138,8284004,silent,8283866
12,21|9|7|2|2|2|2|1|1|1,10,101,2416912,silent,2416811
12,21|9|6|6|1|1|1|1|1|1,10,11,1376846,silent,1376835
12,21|9|6|5|2|1|1|1|1|1,10,77,8422017,silent,8421940
12,21|9|6|4|3|1|1|1|1|1,10,113,12299779,silent,12299666
12,21|9|6|4|2|2|1|1|1|1,10,202,14014214,silent,14014012
12,21|9|6|3|3|2|1|1|1|1,10,206,12292552,silent,12292346
12,21|9|6|3|2|2|2|1|1|1,10,286,8796911,silent,8796625
12,21|9|6|2|2|2|2|2|1|1,10,156,1807288,silent,1807132
12,21|9|5|5|3|1|1|1|1|1,10,67,6983281,silent,6983214
12,21|9|5|5|2|2|1|1|1|1,10,130,7519191,silent,7519061
12,21|9|5|4|4|1|1|1|1|1,10,31,5625894,silent,5625863
12,21|9|5|4|3|2|1|1|1|1,10,225,18037992,silent,18037767
12,21|9|5|4|2|2|2|1|1|1,10,284,10349744,silent,10349460
12,21|9|5|3|3|3|1|1|1|1,10,88,6408245,silent,6408157
12,21|9|5|3|3|2|2|1|1|1,10,250,10618183,silent,10617933
12,21|9|5|3|2|2|2|2|1|1,10,290,4956953,silent,4956663
12,21|9|5|2|2|2|2|2|2|1,10,122,740864,silent,740742
12,21|9|4|4|4|2|1|1|1|1,10,22,4773612,silent,4773590
12,21|9|4|4|3|3|1|1|1|1,10,49,5322716,silent,5322667
12,21|9|4|4|3|2|2|1|1|1,10,132,8334857,silent,8334725
12,21|9|4|4|2|2|2|2|1|1,10,148,3151970,silent,3151822
12,21|9|4|3|3|3|2|1|1|1,10,67,4869349,silent,4869282
12,21|9|4|3|3|2|2|2|1|1,10,125,4209595,silent,4209470
12,21|9|4|3|2|2|2|2|2|1,10,131,1374589,silent,1374458
12,21|9|4|2|2|2|2|2|2|2,10,44,139067,silent,139023
12,21|9|3|3|3|3|3|1|1|1,10,2,608337,silent,608335
12,21|9|3|3|3|3|2|2|1|1,10,9,1090379,silent,1090370
12,21|9|3|3|3|2|2|2|2|1,10,13,609899,silent,609886
12,21|9|3|3|2|2|2|2|2|2,10,13,129505,silent,129492
12,21|8|8|5|1|1|1|1|1|1,10,6,1244109,silent,1244103
12,21|8|8|4|2|1|1|1|1|1,10,34,3774258,silent,3774224
12,21|8|8|3|3|1|1|1|1|1,10,20,2516196,silent,2516176
12,21|8|8|3|2|2|1|1|1|1,10,61,3526837,silent,3526776
12,21|8|8|2|2|2|2|1|1|1,10,35,1017855,silent,1017820
12,21|8|7|6|1|1|1|1|1|1,10,6,1483407,silent,1483401
12,21|8|7|5|2|1|1|1|1|1,10,59,7162677,silent,7162618
12,21|8|7|4|3|1|1|1|1|1,10,84,9715380,silent,9715296
12,21|8|7|4|2|2|1|1|1|1,10,159,10978712,silent,10978553
12,21|8|7|3|3|2|1|1|1|1,10,149,9362610,silent,9362461
12,21|8|7|3|2|2|2|1|1|1,10,208,6632916,silent,6632708
12,21|8|7|2|2|2|2|2|1|1,10,106,1335089,silent,1334983
12,21|8|6|6|2|1|1|1|1|1,10,45,3897949,silent,3897904
12,21|8|6|5|3|1|1|1|1|1,10,118,11226279,silent,11226161
12,21|8|6|5|2|2|1|1|1|1,10,188,11901109,silent,11900921
12,21|8|6|4|4|1|1|1|1|1,10,61,7327057,silent,7326996
12,21|8|6|4|3|2|1|1|1|1,10,287,22646757,silent,22646470
12,21|8|6|4|2|2|2|1|1|1,10,302,12742174,silent,12741872
12,21|8|6|3|3|3|1|1|1|1,10,96,7430817,silent,7430721
12,21|8|6|3|3|2|2|1|1|1,10,270,12205401,silent,12205131
12,21|8|6|3|2|2|2|2|1|1,10,275,5573030,silent,5572755
12,21|8|6|2|2|2|2|2|2|1,10,114,798314,silent,798200
12,21|8|5|5|4|1|1|1|1|1,10,49,5389982,silent,5389933
12,21|8|5|5|3|2|1|1|1|1,10,194,13619214,silent,13619020
12,21|8|5|5|2|2|2|1|1|1,10,205,7194341,silent,7194136
12,21|8|5|4|4|2|1|1|1|1,10,103,12011126,silent,12011023
12,21|8|5|4|3|3|1|1|1|1,10,114,12478648,silent,12478534
12,21|8|5|4|3|2|2|1|1|1,10,328,19217525,silent,19217197
12,21|8|5|4|2|2|2|2|1|1,10,288,6977288,silent,6977000
12,21|8|5|3|3|3|2|1|1|1,10,101,8861948,silent,8861847
12,21|8|5|3|3|2|2|2|1|1,10,196,7506227,silent,7506031
12,21|8|5|3|2|2|2|2|2|1,10,170,2345298,silent,2345128
12,21|8|5|2|2|2|2|2|2|2,10,45,214334,silent,214289
12,21|8|4|4|4|3|1|1|1|1,10,16,4341127,silent,4341111
12,21|8|4|4|4|2|2|1|1|1,10,45,5455492,silent,5455447
12,21|8|4|4|3|3|2|1|1|1,10,71,7677720,silent,7677649
12,21|8|4|4|3|2|2|2|1|1,10,139,6096767,silent,6096628
12,21|8|4|4|2|2|2|2|2|1,10,115,1541809,silent,1541694
12,21|8|4|3|3|3|3|1|1|1,10,9,2244372,silent,2244363
12,21|8|4|3|3|3|2|2|1|1,10,35,3956381,silent,3956346
12,21|8|4|3|3|2|2|2|2|1,10,57,2119399,silent,2119342
12,21|8|4|3|2|2|2|2|2|2,10,44,412856,silent,412812
12,21|8|3|3|3|3|3|2|1|1,10,0,-1,a0,
12,21|8|3|3|3|3|2|2|2|1,10,1,592516,silent,592515
12,21|8|3|3|3|2|2|2|2|2,10,1,189083,silent,189082
12,21|7|7|7|1|1|1|1|1|1,10,0,-1,a0,
12,21|7|7|6|2|1|1|1|1|1,10,15,2422781,silent,2422766
12,21|7|7|5|3|1|1|1|1|1,10,57,5658179,silent,5658122
12,21|7|7|5|2|2|1|1|1|1,10,90,5954900,silent,5954810
12,21|7|7|4|4|1|1|1|1|1,10,18,3485053,silent,3485035
12,21|7|7|4|3|2|1|1|1|1,10,135,10626667,silent,10626532
12,21|7|7|4|2|2|2|1|1|1,10,155,5933866,silent,5933711
12,21|7|7|3|3|3|1|1|1|1,10,52,3392690,silent,3392638
12,21|7|7|3|3|2|2|1|1|1,10,112,5544671,silent,5544559
12,21|7|7|3|2|2|2|2|1|1,10,122,2511645,silent,2511523
12,21|7|7|2|2|2|2|2|2|1,10,41,352618,silent,352577
12,21|7|6|6|3|1|1|1|1|1,10,48,3990536,silent,3990488
12,21|7|6|6|2|2|1|1|1|1,10,56,4103957,silent,4103901
12,21|7|6|5|4|1|1|1|1|1,10,69,6604213,silent,6604144
12,21|7|6|5|3|2|1|1|1|1,10,226,16137210,silent,16136984
12,21|7|6|5|2|2|2|1|1|1,10,192,8374035,silent,8373843
12,21|7|6|4|4|2|1|1|1|1,10,105,11616216,silent,11616111
12,21|7|6|4|3|3|1|1|1|1,10,120,11732782,silent,11732662
12,21|7|6|4|3|2|2|1|1|1,10,288,17923286,silent,17922998
12,21|7|6|4|2|2|2|2|1|1,10,231,6382323,silent,6382092
12,21|7|6|3|3|3|2|1|1|1,10,90,7676846,silent,7676756
12,21|7|6|3|3|2|2|2|1|1,10,151,6436867,silent,6436716
12,21|7|6|3|2|2|2|2|2|1,10,128,1970953,silent,1970825
12,21|7|6|2|2|2|2|2|2|2,10,32,173137,silent,173105
12,21|7|5|5|5|1|1|1|1|1,10,25,1654548,silent,1654523
12,21|7|5|5|4|2|1|1|1|1,10,120,9431912,silent,9431792
12,21|7|5|5|3|3|1|1|1|1,10,81,7910634,silent,7910553
12,21|7|5|5|3|2|2|1|1|1,10,210,11803606,silent,11803396
12,21|7|5|5|2|2|2|2|1|1,10,140,3931950,silent,3931810
12,21|7|5|4|4|3|1|1|1|1,10,51,8905975,silent,8905924
12,21|7|5|4|4|2|2|1|1|1,10,137,11030660,silent,11030523
12,21|7|5|4|3|3|2|1|1|1,10,125,14481623,silent,14481498
12,21|7|5|4|3|2|2|2|1|1,10,237,11289264,silent,11289027
12,21|7|5|4|2|2|2|2|2|1,10,145,2735985,silent,2735840
12,21|7|5|3|3|3|3|1|1|1,10,13,3328362,silent,3328349
12,21|7|5|3|3|3|2|2|1|1,10,44,5809096,silent,5809052
12,21|7|5|3|3|2|2|2|2|1,10,74,3049313,silent,3049239
12,21|7|5|3|2|2|2|2|2|2,10,42,567093,silent,567051
12,21|7|4|4|4|4|1|1|1|1,10,0,-1,a0,
12,21|7|4|4|4|3|2|1|1|1,10,27,5511526,silent,5511499
12,21|7|4|4|4|2|2|2|1|1,10,60,3443728,silent,3443668
12,21|7|4|4|3|3|3|1|1|1,10,14,3105785,silent,3105771
12,21|7|4|4|3|3|2|2|1|1,10,45,5297174,silent,5297129
12,21|7|4|4|3|2|2|2|2|1,10,79,2598781,silent,2598702
12,21|7|4|4|2|2|2|2|2|2,10,38,393114,silent,393076
12,21|7|4|3|3|3|3|2|1|1,10,2,2058294,silent,2058292
12,21|7|4|3|3|3|2|2|2|1,10,6,1799348,silent,1799342
12,21|7|4|3|3|2|2|2|2|2,10,12,552400,silent,552388
12,21|7|3|3|3|3|3|3|1|1,10,0,-1,a0,
12,21|7|3|3|3|3|3|2|2|1,10,0,-1,a0,
12,21|7|3|3|3|3|2|2|2|2,10,0,-1,a0,
12,21|6|6|6|4|1|1|1|1|1,10,26,1444926,silent,1444900
12,21|6|6|6|3|2|1|1|1|1,10,43,3276633,silent,3276590
12,21|6|6|6|2|2|2|1|1|1,10,20,1643221,silent,1643201
12,21|6|6|5|5|1|1|1|1|1,10,15,1220079,silent,1220064
12,21|6|6|5|4|2|1|1|1|1,10,78,6500199,silent,6500121
12,21|6|6|5|3|3|1|1|1|1,10,57,5318861,silent,5318804
12,21|6|6|5|3|2|2|1|1|1,10,124,7887514,silent,7887390
12,21|6|6|5|2|2|2|2|1|1,10,75,2582499,silent,2582424
12,21|6|6|4|4|3|1|1|1|1,10,37,4972354,silent,4972317
12,21|6|6|4|4|2|2|1|1|1,10,57,6112519,silent,6112462
12,21|6|6|4|3|3|2|1|1|1,10,75,7840274,silent,7840199
12,21|6|6|4|3|2|2|2|1|1,10,115,6060953,silent,6060838
12,21|6|6|4|2|2|2|2|2|1,10,79,1445977,silent,1445898
12,21|6|6|3|3|3|3|1|1|1,10,5,1681024,silent,1681019
12,21|6|6|3|3|3|2|2|1|1,10,26,2927049,silent,2927023
12,21|6|6|3|3|2|2|2|2|1,10,33,1521056,silent,1521023
12,21|6|6|3|2|2|2|2|2|2,10,24,279785,silent,279761
12,21|6|5|5|5|2|1|1|1|1,10,37,2181311,silent,2181274
12,21|6|5|5|4|3|1|1|1|1,10,46,5235922,silent,5235876
12,21|6|5|5|4|2|2|1|1|1,10,98,6296551,silent,6296453
12,21|6|5|5|3|3|2|1|1|1,10,54,6695120,silent,6695066
12,21|6|5|5|3|2|2|2|1|1,10,96,5039807,silent,5039711
12,21|6|5|5|2|2|2|2|2|1,10,39,1118988,silent,1118949
12,21|6|5|4|4|4|1|1|1|1,10,8,2146034,silent,2146026
12,21|6|5|4|4|3|2|1|1|1,10,54,8124538,silent,8124484
12,21|6|5|4|4|2|2|2|1|1,10,83,4994215,silent,4994132
12,21|6|5|4|3|3|3|1|1|1,10,11,4252538,silent,4252527
12,21|6|5|4|3|3|2|2|1|1,10,57,7195026,silent,7194969
12,21|6|5|4|3|2|2|2|2|1,10,84,3464955,silent,3464871
12,21|6|5|4|2|2|2|2|2|2,10,32,501586,silent,501554
12,21|6|5|3|3|3|3|2|1|1,10,2,2220217,silent,2220215
12,21|6|5|3|3|3|2|2|2|1,10,10,1922626,silent,1922616
12,21|6|5|3|3|2|2|2|2|2,10,11,578861,silent,578850
12,21|6|4|4|4|4|2|1|1|1,10,2,1565607,silent,1565605
12,21|6|4|4|4|3|3|1|1|1,10,6,1942993,silent,1942987
12,21|6|4|4|4|3|2|2|1|1,10,25,3081140,silent,3081115
12,21|6|4|4|4|2|2|2|2|1,10,40,1181990,silent,1181950
12,21|6|4|4|3|3|3|2|1|1,10,4,2271926,silent,2271922
12,21|6|4|4|3|3|2|2|2|1,10,14,1912316,silent,1912302
12,21|6|4|4|3|2|2|2|2|2,10,21,539525,silent,539504
12,21|6|4|3|3|3|3|3|1|1,10,0,-1,a0,
12,21|6|4|3|3|3|3|2|2|1,10,0,-1,a0,
12,21|6|4|3|3|3|2|2|2|2,10,0,-1,a0,
12,21|6|3|3|3|3|3|3|2|1,10,0,-1,a0,
12,21|6|3|3|3|3|3|2|2|2,10,0,-1,a0,
12,21|5|5|5|5|3|1|1|1|1,10,11,726418,silent,726407
12,21|5|5|5|5|2|2|1|1|1,10,14,815289,silent,815275
12,21|5|5|5|4|4|1|1|1|1,10,9,745434,silent,745425
12,21|5|5|5|4|3|2|1|1|1,10,23,2626524,silent,2626501
12,21|5|5|5|4|2|2|2|1|1,10,27,1565167,silent,1565140
12,21|5|5|5|3|3|3|1|1|1,10,1,1102077,silent,1102076
12,21|5|5|5|3|3|2|2|1|1,10,12,1837231,silent,1837219
12,21|5|5|5|3|2|2|2|2|1,10,14,854922,silent,854908
12,21|5|5|5|2|2|2|2|2|2,10,1,112532,silent,112531
12,21|5|5|4|4|4|2|1|1|1,10,10,1292297,silent,1292287
12,21|5|5|4|4|3|3|1|1|1,10,2,1562258,silent,1562256
12,21|5|5|4|4|3|2|2|1|1,10,22,2466564,silent,2466542
12,21|5|5|4|4|2|2|2|2|1,10,19,930034,silent,930015
12,21|5|5|4|3|3|3|2|1|1,10,1,1703332,silent,1703331
12,21|5|5|4|3|3|2|2|2|1,10,11,1424487,silent,1424476
12,21|5|5|4|3|2|2|2|2|2,10,9,394222,silent,394213
12,21|5|5|3|3|3|3|3|1|1,10,0,-1,a0,
12,21|5|5|3|3|3|3|2|2|1,10,0,-1,a0,
12,21|5|5|3|3|3|2|2|2|2,10,1,237631,silent,237630
12,21|5|4|4|4|4|3|1|1|1,10,0,-1,a0,
12,21|5|4|4|4|4|2|2|1|1,10,6,649930,silent,649924
12,21|5|4|4|4|3|3|2|1|1,10,2,1025757,silent,1025755
12,21|5|4|4|4|3|2|2|2|1,10,13,797450,silent,797437
12,21|5|4|4|4|2|2|2|2|2,10,10,176203,silent,176193
12,21|5|4|4|3|3|3|3|1|1,10,0,-1,a0,
12,21|5|4|4|3|3|3|2|2|1,10,0,-1,a0,
12,21|5|4|4|3|3|2|2|2|2,10,2,296025,silent,296023
12,21|5|4|3|3|3|3|3|2|1,10,0,-1,a0,
12,21|5|4|3|3|3|3|2|2|2,10,0,-1,a0,
12,21|5|3|3|3|3|3|3|3|1,10,0,-1,a0,
12,21|5|3|3|3|3|3|3|2|2,10,0,-1,a0,
12,21|4|4|4|4|4|4|1|1|1,10,0,-1,a0,
12,21|4|4|4|4|4|3|2|1|1,10,0,-1,a0,
12,21|4|4|4|4|4|2|2|2|1,10,4,92704,silent,92700
12,21|4|4|4|4|3|3|3|1|1,10,0,-1,a0,
12,21|4|4|4|4|3|3|2|2|1,10,0,-1,a0,
12,21|4|4|4|4|3|2|2|2|2,10,3,66789,silent,66786
12,21|4|4|4|3|3|3|3|2|1,10,0,-1,a0,
12,21|4|4|4|3|3|3|2|2|2,10,0,-1,a0,
12,21|4|4|3|3|3|3|3|3|1,10,0,-1,a0,
12,21|4|4|3|3|3|3|3|2|2,10,0,-1,a0,
12,21|4|3|3|3|3|3|3|3|2,10,0,-1,a0,
12,21|3|3|3|3|3|3|3|3|3,10,0,-1,a0,
12,20|20|1|1|1|1|1|1|1|1,10,0,-1,a0,
12,20|19|2|1|1|1|1|1|1|1,10,0,-1,a0,
12,20|18|3|1|1|1|1|1|1|1,10,0,-1,a0,
12,20|18|2|2|1|1|1|1|1|1,10,0,-1,a0,
12,20|17|4|1|1|1|1|1|1|1,10,0,-1,a0,
12,20|17|3|2|1|1|1|1|1|1,10,0,-1,a0,
12,20|17|2|2|2|1|1|1|1|1,10,0,-1,a0,
12,20|16|5|1|1|1|1|1|1|1,10,0,-1,a0,
12,20|16|4|2|1|1|1|1|1|1,10,0,-1,a0,
12,20|16|3|3|1|1|1|1|1|1,10,0,-1,a0,
12,20|16|3|2|2|1|1|1|1|1,10,0,-1,a0,
12,20|16|2|2|2|2|1|1|1|1,10,0,-1,a0,
12,20|15|6|1|1|1|1|1|1|1,10,0,-1,a0,
12,20|15|5|2|1|1|1|1|1|1,10,0,-1,a0,
12,20|15|4|3|1|1|1|1|1|1,10,0,-1,a0,
12,20|15|4|2|2|1|1|1|1|1,10,0,-1,a0,
12,20|15|3|3|2|1|1|1|1|1,10,0,-1,a0,
12,20|15|3|2|2|2|1|1|1|1,10,0,-1,a0,
12,20|15|2|2|2|2|2|1|1|1,10,0,-1,a0,
12,20|14|7|1|1|1|1|1|1|1,10,0,-1,a0,
12,20|14|6|2|1|1|1|1|1|1,10,0,-1,a0,
12,20|14|5|3|1|1|1|1|1|1,10,0,-1,a0,
12,20|14|5|2|2|1|1|1|1|1,10,0,-1,a0,
12,20|14|4|4|1|1|1|1|1|1,10,0,-1,a0,
12,20|14|4|3|2|1|1|1|1|1,10,4,973080,silent,973076
12,20|14|4|2|2|2|1|1|1|1,10,5,522537,silent,522532
12,20|14|3|3|3|1|1|1|1|1,10,5,275160,silent,275155
12,20|14|3|3|2|2|1|1|1|1,10,9,442379,silent,442370
12,20|14|3|2|2|2|2|1|1|1,10,11,194468,silent,194457
12,20|14|2|2|2|2|2|2|1|1,10,5,26262,silent,26257
12,20|13|8|1|1|1|1|1|1|1,10,0,-1,a0,
12,20|13|7|2|1|1|1|1|1|1,10,0,-1,a0,
12,20|13|6|3|1|1|1|1|1|1,10,3,1381523,silent,1381520
12,20|13|6|2|2|1|1|1|1|1,10,5,1354210,silent,1354205
12,20|13|5|4|1|1|1|1|1|1,10,3,1304289,silent,1304286
12,20|13|5|3|2|1|1|1|1|1,10,18,2885557,silent,2885539
12,20|13|5|2|2|2|1|1|1|1,10,20,1416210,silent,1416190
12,20|13|4|4|2|1|1|1|1|1,10,10,1659506,silent,1659496
12,20|13|4|3|3|1|1|1|1|1,10,19,1542890,silent,1542871
12,20|13|4|3|2|2|1|1|1|1,10,43,2301248,silent,2301205
12,20|13|4|2|2|2|2|1|1|1,10,37,780557,silent,780520
12,20|13|3|3|3|2|1|1|1|1,10,30,837635,silent,837605
12,20|13|3|3|2|2|2|1|1|1,10,45,692397,silent,692352
12,20|13|3|2|2|2|2|2|1|1,10,39,210459,silent,210420
12,20|13|2|2|2|2|2|2|2|1,10,18,20761,silent,20743
12,20|12|9|1|1|1|1|1|1|1,10,0,-1,a0,
12,20|12|8|2|1|1|1|1|1|1,10,1,805249,silent,805248
12,20|12|7|3|1|1|1|1|1|1,10,7,2126851,silent,2126844
12,20|12|7|2|2|1|1|1|1|1,10,10,2045226,silent,2045216
12,20|12|6|4|1|1|1|1|1|1,10,12,2820939,silent,2820927
12,20|12|6|3|2|1|1|1|1|1,10,52,5728029,silent,5727977
12,20|12|6|2|2|2|1|1|1|1,10,49,2698548,silent,2698499
12,20|12|5|5|1|1|1|1|1|1,10,5,1373879,silent,1373874
12,20|12|5|4|2|1|1|1|1|1,10,48,5961963,silent,5961915
12,20|12|5|3|3|1|1|1|1|1,10,58,4450486,silent,4450428
12,20|12|5|3|2|2|1|1|1|1,10,131,6406804,silent,6406673
12,20|12|5|2|2|2|2|1|1|1,10,98,1980770,silent,1980672
12,20|12|4|4|3|1|1|1|1|1,10,27,3212073,silent,3212046
12,20|12|4|4|2|2|1|1|1|1,10,59,3839832,silent,3839773
12,20|12|4|3|3|2|1|1|1|1,10,99,4482312,silent,4482213
12,20|12|4|3|2|2|2|1|1|1,10,144,3391614,silent,3391470
12,20|12|4|2|2|2|2|2|1|1,10,94,792275,silent,792181
12,20|12|3|3|3|3|1|1|1|1,10,26,783334,silent,783308
12,20|12|3|3|3|2|2|1|1|1,10,60,1361587,silent,1361527
12,20|12|3|3|2|2|2|2|1|1,10,75,723052,silent,722977
12,20|12|3|2|2|2|2|2|2|1,10,51,152952,silent,152901
12,20|12|2|2|2|2|2|2|2|2,10,17,9821,silent,9804
12,20|11|10|1|1|1|1|1|1|1,10,0,-1,a0,
12,20|11|9|2|1|1|1|1|1|1,10,2,690837,silent,690835
12,20|11|8|3|1|1|1|1|1|1,10,11,2325786,silent,2325775
12,20|11|8|2|2|1|1|1|1|1,10,16,2214802,silent,2214786
12,20|11|7|4|1|1|1|1|1|1,10,21,4069835,silent,4069814
12,20|11|7|3|2|1|1|1|1|1,10,76,7937285,silent,7937209
12,20|11|7|2|2|2|1|1|1|1,10,65,3656509,silent,3656444
12,20|11|6|5|1|1|1|1|1|1,10,24,3510200,silent,3510176
12,20|11|6|4|2|1|1|1|1|1,10,122,11836136,silent,11836014
12,20|11|6|3|3|1|1|1|1|1,10,112,8206359,silent,8206247
12,20|11|6|3|2|2|1|1|1|1,10,236,11604575,silent,11604339
12,20|11|6|2|2|2|2|1|1|1,10,149,3431370,silent,3431221
12,20|11|5|5|2|1|1|1|1|1,10,61,6022173,silent,6022112
12,20|11|5|4|3|1|1|1|1|1,10,119,11060951,silent,11060832
12,20|11|5|4|2|2|1|1|1|1,10,222,12769671,silent,12769449
12,20|11|5|3|3|2|1|1|1|1,10,249,11977026,silent,11976777
12,20|11|5|3|2|2|2|1|1|1,10,343,8700222,silent,8699879
12,20|11|5|2|2|2|2|2|1|1,10,186,1849676,silent,1849490
12,20|11|4|4|4|1|1|1|1|1,10,15,2604894,silent,2604879
12,20|11|4|4|3|2|1|1|1|1,10,122,9021387,silent,9021265
12,20|11|4|4|2|2|2|1|1|1,10,146,5348378,silent,5348232
12,20|11|4|3|3|3|1|1|1|1,10,78,4043026,silent,4042948
12,20|11|4|3|3|2|2|1|1|1,10,199,6792599,silent,6792400
12,20|11|4|3|2|2|2|2|1|1,10,223,3280497,silent,3280274
12,20|11|4|2|2|2|2|2|2|1,10,114,533158,silent,533044
12,20|11|3|3|3|3|2|1|1|1,10,32,1552775,silent,1552743
12,20|11|3|3|3|2|2|2|1|1,10,53,1388772,silent,1388719
12,20|11|3|3|2|2|2|2|2|1,10,51,491822,silent,491771
12,20|11|3|2|2|2|2|2|2|2,10,26,63561,silent,63535
12,20|10|10|2|1|1|1|1|1|1,10,0,-1,a0,
12,20|10|9|3|1|1|1|1|1|1,10,7,1555241,silent,1555234
12,20|10|9|2|2|1|1|1|1|1,10,11,1473107,silent,1473096
12,20|10|8|4|1|1|1|1|1|1,10,21,3811334,silent,3811313
12,20|10|8|3|2|1|1|1|1|1,10,78,7295041,silent,7294963
12,20|10|8|2|2|2|1|1|1|1,10,70,3325160,silent,3325090
12,20|10|7|5|1|1|1|1|1|1,10,31,4831550,silent,4831519
12,20|10|7|4|2|1|1|1|1|1,10,151,14911269,silent,14911118
12,20|10|7|3|3|1|1|1|1|1,10,133,10014117,silent,10013984
12,20|10|7|3|2|2|1|1|1|1,10,278,14019977,silent,14019699
12,20|10|7|2|2|2|2|1|1|1,10,170,4053286,silent,4053116
12,20|10|6|6|1|1|1|1|1|1,10,21,2298426,silent,2298405
12,20|10|6|5|2|1|1|1|1|1,10,165,13794328,silent,13794163
12,20|10|6|4|3|1|1|1|1|1,10,233,19934057,silent,19933824
12,20|10|6|4|2|2|1|1|1|1,10,404,22623034,silent,22622630
12,20|10|6|3|3|2|1|1|1|1,10,377,19721989,silent,19721612
12,20|10|6|3|2|2|2|1|1|1,10,478,14023915,silent,14023437
12,20|10|6|2|2|2|2|2|1|1,10,219,2846013,silent,2845794
12,20|10|5|5|3|1|1|1|1|1,10,138,11101427,silent,11101289
12,20|10|5|5|2|2|1|1|1|1,10,228,11901698,silent,11901470
12,20|10|5|4|4|1|1|1|1|1,10,77,8871665,silent,8871588
12,20|10|5|4|3|2|1|1|1|1,10,427,28248902,silent,28248475
12,20|10|5|4|2|2|2|1|1|1,10,464,16102873,silent,16102409
12,20|10|5|3|3|3|1|1|1|1,10,162,9951832,silent,9951670
12,20|10|5|3|3|2|2|1|1|1,10,418,16418307,silent,16417889
12,20|10|5|3|2|2|2|2|1|1,10,424,7593374,silent,7592950
12,20|10|5|2|2|2|2|2|2|1,10,163,1117498,silent,1117335
12,20|10|4|4|4|2|1|1|1|1,10,60,7362309,silent,7362249
12,20|10|4|4|3|3|1|1|1|1,10,87,8164590,silent,8164503
12,20|10|4|4|3|2|2|1|1|1,10,235,12732096,silent,12731861
12,20|10|4|4|2|2|2|2|1|1,10,204,4767954,silent,4767750
12,20|10|4|3|3|3|2|1|1|1,10,115,7372014,silent,7371899
12,20|10|4|3|3|2|2|2|1|1,10,194,6328340,silent,6328146
12,20|10|4|3|2|2|2|2|2|1,10,171,2039415,silent,2039244
12,20|10|4|2|2|2|2|2|2|2,10,60,202602,silent,202542
12,20|10|3|3|3|3|3|1|1|1,10,6,906034,silent,906028
12,20|10|3|3|3|3|2|2|1|1,10,14,1614902,silent,1614888
12,20|10|3|3|3|2|2|2|2|1,10,20,893837,silent,893817
12,20|10|3|3|2|2|2|2|2|2,10,12,186302,silent,186290
12,20|9|9|4|1|1|1|1|1|1,10,10,1580623,silent,1580613
12,20|9|9|3|2|1|1|1|1|1,10,30,2996208,silent,2996178
12,20|9|9|2|2|2|1|1|1|1,10,22,1356651,silent,1356629
12,20|9|8|5|1|1|1|1|1|1,10,26,3606468,silent,3606442
12,20|9|8|4|2|1|1|1|1|1,10,115,10735152,silent,10735037
12,20|9|8|3|3|1|1|1|1|1,10,92,7105416,silent,7105324
12,20|9|8|3|2|2|1|1|1|1,10,195,9900154,silent,9899959
12,20|9|8|2|2|2|2|1|1|1,10,113,2829785,silent,2829672
12,20|9|7|6|1|1|1|1|1|1,10,23,3363639,silent,3363616
12,20|9|7|5|2|1|1|1|1|1,10,172,15753444,silent,15753272
12,20|9|7|4|3|1|1|1|1|1,10,241,21040048,silent,21039807
12,20|9|7|4|2|2|1|1|1|1,10,399,23653097,silent,23652698
12,20|9|7|3|3|2|1|1|1|1,10,372,20008914,silent,20008542
12,20|9|7|3|2|2|2|1|1|1,10,459,14068971,silent,14068512
12,20|9|7|2|2|2|2|2|1|1,10,211,2795217,silent,2795006
12,20|9|6|6|2|1|1|1|1|1,10,104,7943687,silent,7943583
12,20|9|6|5|3|1|1|1|1|1,10,289,22258984,silent,22258695
12,20|9|6|5|2|2|1|1|1|1,10,420,23475302,silent,23474882
12,20|9|6|4|4|1|1|1|1|1,10,143,14347278,silent,14347135
12,20|9|6|4|3|2|1|1|1|1,10,659,43977693,silent,43977034
12,20|9|6|4|2|2|2|1|1|1,10,630,24562282,silent,24561652
12,20|9|6|3|3|3|1|1|1|1,10,220,14271302,silent,14271082
12,20|9|6|3|3|2|2|1|1|1,10,535,23321263,silent,23320728
12,20|9|6|3|2|2|2|2|1|1,10,494,10541511,silent,10541017
12,20|9|6|2|2|2|2|2|2|1,10,173,1482845,silent,1482672
12,20|9|5|5|4|1|1|1|1|1,10,118,10189155,silent,10189037
12,20|9|5|5|3|2|1|1|1|1,10,416,25523035,silent,25522619
12,20|9|5|5|2|2|2|1|1|1,10,380,13379097,silent,13378717
12,20|9|5|4|4|2|1|1|1|1,10,237,22229924,silent,22229687
12,20|9|5|4|3|3|1|1|1|1,10,266,22949841,silent,22949575
12,20|9|5|4|3|2|2|1|1|1,10,652,35169505,silent,35168853
12,20|9|5|4|2|2|2|2|1|1,10,499,12637194,silent,12636695
12,20|9|5|3|3|3|2|1|1|1,10,208,16027752,silent,16027544
12,20|9|5|3|3|2|2|2|1|1,10,342,13468768,silent,13468426
12,20|9|5|3|2|2|2|2|2|1,10,258,4149759,silent,4149501
12,20|9|5|2|2|2|2|2|2|2,10,56,369787,silent,369731
12,20|9|4|4|4|3|1|1|1|1,10,44,7785148,silent,7785104
12,20|9|4|4|4|2|2|1|1|1,10,107,9738797,silent,9738690
12,20|9|4|4|3|3|2|1|1|1,10,147,13608500,silent,13608353
12,20|9|4|4|3|2|2|2|1|1,10,244,10723457,silent,10723213
12,20|9|4|4|2|2|2|2|2|1,10,167,2672083,silent,2671916
12,20|9|4|3|3|3|3|1|1|1,10,23,3919758,silent,3919735
12,20|9|4|3|3|3|2|2|1|1,10,66,6870079,silent,6870013
12,20|9|4|3|3|2|2|2|2|1,10,91,3639166,silent,3639075
12,20|9|4|3|2|2|2|2|2|2,10,57,694980,silent,694923
12,20|9|3|3|3|3|3|2|1|1,10,1,1125177,silent,1125176
12,20|9|3|3|3|3|2|2|2|1,10,2,995484,silent,995482
12,20|9|3|3|3|2|2|2|2|2,10,3,313173,silent,313170
12,20|8|8|6|1|1|1|1|1|1,10,14,1621008,silent,1620994
12,20|8|8|5|2|1|1|1|1|1,10,86,7080484,silent,7080398
12,20|8|8|4|3|1|1|1|1|1,10,105,9190085,silent,9189980
12,20|8|8|4|2|2|1|1|1|1,10,185,10298762,silent,10298577
12,20|8|8|3|3|2|1|1|1|1,10,142,8599780,silent,8599638
12,20|8|8|3|2|2|2|1|1|1,10,184,6017942,silent,6017758
12,20|8|8|2|2|2|2|2|1|1,10,67,1180837,silent,1180770
12,20|8|7|7|1|1|1|1|1|1,10,5,1035843,silent,1035838
12,20|8|7|6|2|1|1|1|1|1,10,96,8670218,silent,8670122
12,20|8|7|5|3|1|1|1|1|1,10,235,19288740,silent,19288505
12,20|8|7|5|2|2|1|1|1|1,10,346,20176633,silent,20176287
12,20|8|7|4|4|1|1|1|1|1,10,113,11653142,silent,11653029
12,20|8|7|4|3|2|1|1|1|1,10,513,35110105,silent,35109592
12,20|8|7|4|2|2|2|1|1|1,10,488,19418315,silent,19417827
12,20|8|7|3|3|3|1|1|1|1,10,163,11022295,silent,11022132
12,20|8|7|3|3|2|2|1|1|1,10,388,17921980,silent,17921592
12,20|8|7|3|2|2|2|2|1|1,10,350,8013099,silent,8012749
12,20|8|7|2|2|2|2|2|2|1,10,110,1102930,silent,1102820
12,20|8|6|6|3|1|1|1|1|1,10,147,10893367,silent,10893220
12,20|8|6|6|2|2|1|1|1|1,10,185,11134660,silent,11134475
12,20|8|6|5|4|1|1|1|1|1,10,216,17267550,silent,17267334
12,20|8|6|5|3|2|1|1|1|1,10,637,41707582,silent,41706945
12,20|8|6|5|2|2|2|1|1|1,10,503,21442438,silent,21441935
12,20|8|6|4|4|2|1|1|1|1,10,341,29429674,silent,29429333
12,20|8|6|4|3|3|1|1|1|1,10,337,29457255,silent,29456918
12,20|8|6|4|3|2|2|1|1|1,10,773,44746846,silent,44746073
12,20|8|6|4|2|2|2|2|1|1,10,512,15732772,silent,15732260
12,20|8|6|3|3|3|2|1|1|1,10,239,18845833,silent,18845594
12,20|8|6|3|3|2|2|2|1|1,10,370,15664710,silent,15664340
12,20|8|6|3|2|2|2|2|2|1,10,256,4718950,silent,4718694
12,20|8|6|2|2|2|2|2|2|2,10,65,404835,silent,404770
12,20|8|5|5|5|1|1|1|1|1,10,59,3958628,silent,3958569
12,20|8|5|5|4|2|1|1|1|1,10,308,22138821,silent,22138513
12,20|8|5|5|3|3|1|1|1|1,10,221,18403907,silent,18403686
12,20|8|5|5|3|2|2|1|1|1,10,499,27301599,silent,27301100
12,20|8|5|5|2|2|2|2|1|1,10,300,8979867,silent,8979567
12,20|8|5|4|4|3|1|1|1|1,10,163,20304503,silent,20304340
12,20|8|5|4|4|2|2|1|1|1,10,330,24998309,silent,24997979
12,20|8|5|4|3|3|2|1|1|1,10,331,32519552,silent,32519221
12,20|8|5|4|3|2|2|2|1|1,10,510,25124025,silent,25123515
12,20|8|5|4|2|2|2|2|2|1,10,269,5989881,silent,5989612
12,20|8|5|3|3|3|3|1|1|1,10,35,7320604,silent,7320569
12,20|8|5|3|3|3|2|2|1|1,10,110,12703769,silent,12703659
12,20|8|5|3|3|2|2|2|2|1,10,142,6583377,silent,6583235
12,20|8|5|3|2|2|2|2|2|2,10,67,1199613,silent,1199546
12,20|8|4|4|4|4|1|1|1|1,10,9,3060441,silent,3060432
12,20|8|4|4|4|3|2|1|1|1,10,81,11840446,silent,11840365
12,20|8|4|4|4|2|2|2|1|1,10,115,7329522,silent,7329407
12,20|8|4|4|3|3|3|1|1|1,10,32,6584889,silent,6584857
12,20|8|4|4|3|3|2|2|1|1,10,110,11166598,silent,11166488
12,20|8|4|4|3|2|2|2|2|1,10,139,5407420,silent,5407281
12,20|8|4|4|2|2|2|2|2|2,10,67,800797,silent,800730
12,20|8|4|3|3|3|3|2|1|1,10,6,4244034,silent,4244028
12,20|8|4|3|3|3|2|2|2|1,10,16,3674224,silent,3674208
12,20|8|4|3|3|2|2|2|2|2,10,16,1107753,silent,1107737
12,20|8|3|3|3|3|3|3|1|1,10,0,-1,a0,
12,20|8|3|3|3|3|3|2|2|1,10,0,-1,a0,
12,20|8|3|3|3|3|2|2|2|2,10,0,-1,a0,
12,20|7|7|7|2|1|1|1|1|1,10,10,1550555,silent,1550545
12,20|7|7|6|3|1|1|1|1|1,10,77,6874652,silent,6874575
12,20|7|7|6|2|2|1|1|1|1,10,106,6973665,silent,6973559
12,20|7|7|5|4|1|1|1|1|1,10,97,8893034,silent,8892937
12,20|7|7|5|3|2|1|1|1|1,10,324,21180764,silent,21180440
12,20|7|7|5|2|2|2|1|1|1,10,261,10804806,silent,10804545
12,20|7|7|4|4|2|1|1|1|1,10,150,14112330,silent,14112180
12,20|7|7|4|3|3|1|1|1|1,10,168,13970445,silent,13970277
12,20|7|7|4|3|2|2|1|1|1,10,364,21132397,silent,21132033
12,20|7|7|4|2|2|2|2|1|1,10,254,7372547,silent,7372293
12,20|7|7|3|3|3|2|1|1|1,10,106,8651637,silent,8651531
12,20|7|7|3|3|2|2|2|1|1,10,144,7153678,silent,7153534
12,20|7|7|3|2|2|2|2|2|1,10,102,2134855,silent,2134753
12,20|7|7|2|2|2|2|2|2|2,10,11,177295,silent,177284
12,20|7|6|6|4|1|1|1|1|1,10,88,6785918,silent,6785830
12,20|7|6|6|3|2|1|1|1|1,10,216,15148868,silent,15148652
12,20|7|6|6|2|2|2|1|1|1,10,139,7511653,silent,7511514
12,20|7|6|5|5|1|1|1|1|1,10,80,5317468,silent,5317388
12,20|7|6|5|4|2|1|1|1|1,10,365,27487816,silent,27487451
12,20|7|6|5|3|3|1|1|1|1,10,272,22210448,silent,22210176
12,20|7|6|5|3|2|2|1|1|1,10,538,32689799,silent,32689261
12,20|7|6|5|2|2|2|2|1|1,10,292,10542472,silent,10542180
12,20|7|6|4|4|3|1|1|1|1,10,170,20007232,silent,20007062
12,20|7|6|4|4|2|2|1|1|1,10,306,24433861,silent,24433555
12,20|7|6|4|3|3|2|1|1|1,10,319,30907399,silent,30907080
12,20|7|6|4|3|2|2|2|1|1,10,435,23644228,silent,23643793
12,20|7|6|4|2|2|2|2|2|1,10,222,5525318,silent,5525096
12,20|7|6|3|3|3|3|1|1|1,10,35,6429597,silent,6429562
12,20|7|6|3|3|3|2|2|1|1,10,95,11106763,silent,11106668
12,20|7|6|3|3|2|2|2|2|1,10,112,5692144,silent,5692032
12,20|7|6|3|2|2|2|2|2|2,10,55,1017287,silent,1017232
12,20|7|5|5|5|2|1|1|1|1,10,128,7214963,silent,7214835
12,20|7|5|5|4|3|1|1|1|1,10,179,16871994,silent,16871815
12,20|7|5|5|4|2|2|1|1|1,10,308,20136848,silent,20136540
12,20|7|5|5|3|3|2|1|1|1,10,206,21128607,silent,21128401
12,20|7|5|5|3|2|2|2|1|1,10,273,15730322,silent,15730049
12,20|7|5|5|2|2|2|2|2|1,10,102,3424169,silent,3424067
12,20|7|5|4|4|4|1|1|1|1,10,35,6611277,silent,6611242
12,20|7|5|4|4|3|2|1|1|1,10,198,24710487,silent,24710289
12,20|7|5|4|4|2|2|2|1|1,10,245,15027741,silent,15027496
12,20|7|5|4|3|3|3|1|1|1,10,57,12702139,silent,12702082
12,20|7|5|4|3|3|2|2|1|1,10,176,21340129,silent,21339953
12,20|7|5|4|3|2|2|2|2|1,10,204,10125074,silent,10124870
12,20|7|5|4|2|2|2|2|2|2,10,59,1426794,silent,1426735
12,20|7|5|3|3|3|3|2|1|1,10,12,6378002,silent,6377990
12,20|7|5|3|3|3|2|2|2|1,10,27,5461965,silent,5461938
12,20|7|5|3|3|2|2|2|2|2,10,28,1613736,silent,1613708
12,20|7|4|4|4|4|2|1|1|1,10,17,4316990,silent,4316973
12,20|7|4|4|4|3|3|1|1|1,10,21,5298460,silent,5298439
12,20|7|4|4|4|3|2|2|1|1,10,75,8348414,silent,8348339
12,20|7|4|4|4|2|2|2|2|1,10,80,3151777,silent,3151697
12,20|7|4|4|3|3|3|2|1|1,10,15,6035931,silent,6035916
12,20|7|4|4|3|3|2|2|2|1,10,37,5026502,silent,5026465
12,20|7|4|4|3|2|2|2|2|2,10,37,1388064,silent,1388027
12,20|7|4|3|3|3|3|3|1|1,10,0,-1,a0,
12,20|7|4|3|3|3|3|2|2|1,10,0,-1,a0,
12,20|7|4|3|3|3|2|2|2|2,10,1,987636,silent,987635
12,20|7|3|3|3|3|3|3|2|1,10,0,-1,a0,
12,20|7|3|3|3|3|3|2|2|2,10,0,-1,a0,
12,20|6|6|6|5|1|1|1|1|1,10,27,1490980,silent,1490953
12,20|6|6|6|4|2|1|1|1|1,10,81,6121078,silent,6120997
12,20|6|6|6|3|3|1|1|1|1,10,58,4632010,silent,4631952
12,20|6|6|6|3|2|2|1|1|1,10,89,6724801,silent,6724712
12,20|6|6|6|2|2|2|2|1|1,10,37,2088033,silent,2087996
12,20|6|6|5|5|2|1|1|1|1,10,78,5375082,silent,5375004
12,20|6|6|5|4|3|1|1|1|1,10,126,11791545,silent,11791419
12,20|6|6|5|4|2|2|1|1|1,10,176,13976188,silent,13976012
12,20|6|6|5|3|3|2|1|1|1,10,147,14325116,silent,14324969
12,20|6|6|5|3|2|2|2|1|1,10,172,10578579,silent,10578407
12,20|6|6|5|2|2|2|2|2|1,10,73,2266785,silent,2266712
12,20|6|6|4|4|4|1|1|1|1,10,27,3776118,silent,3776091
12,20|6|6|4|4|3|2|1|1|1,10,109,13896142,silent,13896033
12,20|6|6|4|4|2|2|2|1|1,10,104,8375971,silent,8375867
12,20|6|6|4|3|3|3|1|1|1,10,35,6945319,silent,6945284
12,20|6|6|4|3|3|2|2|1|1,10,104,11631294,silent,11631190
12,20|6|6|4|3|2|2|2|2|1,10,106,5467731,silent,5467625
12,20|6|6|4|2|2|2|2|2|2,10,47,762581,silent,762534
12,20|6|6|3|3|3|3|2|1|1,10,5,3243097,silent,3243092
12,20|6|6|3|3|3|2|2|2|1,10,13,2764160,silent,2764147
12,20|6|6|3|3|2|2|2|2|2,10,8,807270,silent,807262
12,20|6|5|5|5|3|1|1|1|1,10,57,4337871,silent,4337814
12,20|6|5|5|5|2|2|1|1|1,10,81,4825348,silent,4825267
12,20|6|5|5|4|4|1|1|1|1,10,41,4294798,silent,4294757
12,20|6|5|5|4|3|2|1|1|1,10,136,14851124,silent,14850988
12,20|6|5|5|4|2|2|2|1|1,10,130,8721712,silent,8721582
12,20|6|5|5|3|3|3|1|1|1,10,21,6062228,silent,6062207
12,20|6|5|5|3|3|2|2|1|1,10,73,10027985,silent,10027912
12,20|6|5|5|3|2|2|2|2|1,10,67,4578862,silent,4578795
12,20|6|5|5|2|2|2|2|2|2,10,10,587988,silent,587978
12,20|6|5|4|4|4|2|1|1|1,10,43,6668216,silent,6668173
12,20|6|5|4|4|3|3|1|1|1,10,34,7953206,silent,7953172
12,20|6|5|4|4|3|2|2|1|1,10,104,12439830,silent,12439726
12,20|6|5|4|4|2|2|2|2|1,10,86,4606945,silent,4606859
12,20|6|5|4|3|3|3|2|1|1,10,18,8353133,silent,8353115
12,20|6|5|4|3|3|2|2|2|1,10,47,6893005,silent,6892958
12,20|6|5|4|3|2|2|2|2|2,10,35,1864228,silent,1864193
12,20|6|5|3|3|3|3|3|1|1,10,0,-1,a0,
12,20|6|5|3|3|3|3|2|2|1,10,1,2354236,silent,2354235
12,20|6|5|3|3|3|2|2|2|2,10,3,1065079,silent,1065076
12,20|6|4|4|4|4|3|1|1|1,10,6,1992519,silent,1992513
12,20|6|4|4|4|4|2|2|1|1,10,18,2522359,silent,2522341
12,20|6|4|4|4|3|3|2|1|1,10,16,3921504,silent,3921488
12,20|6|4|4|4|3|2|2|2|1,10,37,3008449,silent,3008412
12,20|6|4|4|4|2|2|2|2|2,10,30,648730,silent,648700
12,20|6|4|4|3|3|3|3|1|1,10,0,-1,a0,
12,20|6|4|4|3|3|3|2|2|1,10,2,2430285,silent,2430283
12,20|6|4|4|3|3|2|2|2|2,10,4,1063917,silent,1063913
12,20|6|4|3|3|3|3|3|2|1,10,0,-1,a0,
12,20|6|4|3|3|3|3|2|2|2,10,0,-1,a0,
12,20|6|3|3|3|3|3|3|3|1,10,0,-1,a0,
12,20|6|3|3|3|3|3|3|2|2,10,0,-1,a0,
12,20|5|5|5|5|4|1|1|1|1,10,15,774371,silent,774356
12,20|5|5|5|5|3|2|1|1|1,10,21,2124476,silent,2124455
12,20|5|5|5|5|2|2|2|1|1,10,11,1153436,silent,1153425
12,20|5|5|5|4|4|2|1|1|1,10,28,2363220,silent,2363192
12,20|5|5|5|4|3|3|1|1|1,10,9,2640913,silent,2640904
12,20|5|5|5|4|3|2|2|1|1,10,31,4076317,silent,4076286
12,20|5|5|5|4|2|2|2|2|1,10,14,1456399,silent,1456385
12,20|5|5|5|3|3|3|2|1|1,10,3,2193245,silent,2193242
12,20|5|5|5|3|3|2|2|2|1,10,11,1781438,silent,1781427
12,20|5|5|5|3|2|2|2|2|2,10,5,463776,silent,463771
12,20|5|5|4|4|4|3|1|1|1,10,8,1664730,silent,1664722
12,20|5|5|4|4|4|2|2|1|1,10,24,2101781,silent,2101757
12,20|5|5|4|4|3|3|2|1|1,10,8,3178211,silent,3178203
12,20|5|5|4|4|3|2|2|2|1,10,22,2421606,silent,2421584
12,20|5|5|4|4|2|2|2|2|2,10,5,508522,silent,508517
12,20|5|5|4|3|3|3|3|1|1,10,0,-1,a0,
12,20|5|5|4|3|3|3|2|2|1,10,2,1835153,silent,1835151
12,20|5|5|4|3|3|2|2|2|2,10,6,800434,silent,800428
12,20|5|5|3|3|3|3|3|2|1,10,0,-1,a0,
12,20|5|5|3|3|3|3|2|2|2,10,0,-1,a0,
12,20|5|4|4|4|4|4|1|1|1,10,0,-1,a0,
12,20|5|4|4|4|4|3|2|1|1,10,6,1089137,silent,1089131
12,20|5|4|4|4|4|2|2|2|1,10,14,660724,silent,660710
12,20|5|4|4|4|3|3|3|1|1,10,0,-1,a0,
12,20|5|4|4|4|3|3|2|2|1,10,4,1124099,silent,1124095
12,20|5|4|4|4|3|2|2|2|2,10,8,453709,silent,453701
12,20|5|4|4|3|3|3|3|2|1,10,0,-1,a0,
12,20|5|4|4|3|3|3|2|2|2,10,0,-1,a0,
12,20|5|4|3|3|3|3|3|3|1,10,0,-1,a0,
12,20|5|4|3|3|3|3|3|2|2,10,0,-1,a0,
12,20|5|3|3|3|3|3|3|3|2,10,0,-1,a0,
12,20|4|4|4|4|4|4|2|1|1,10,0,-1,a0,
12,20|4|4|4|4|4|3|3|1|1,10,0,-1,a0,
12,20|4|4|4|4|4|3|2|2|1,10,2,170389,silent,170387
12,20|4|4|4|4|4|2|2|2|2,10,6,55360,silent,55354
12,20|4|4|4|4|3|3|3|2|1,10,0,-1,a0,
12,20|4|4|4|4|3|3|2|2|2,10,0,-1,a0,
12,20|4|4|4|3|3|3|3|3|1,10,0,-1,a0,
12,20|4|4|4|3|3|3|3|2|2,10,0,-1,a0,
12,20|4|4|3|3|3|3|3|3|2,10,0,-1,a0,
12,20|4|3|3|3|3|3|3|3|3,10,0,-1,a0,
12,19|19|3|1|1|1|1|1|1|1,10,0,-1,a0,
12,19|19|2|2|1|1|1|1|1|1,10,0,-1,a0,
12,19|18|4|1|1|1|1|1|1|1,10,0,-1,a0,
12,19|18|3|2|1|1|1|1|1|1,10,0,-1,a0,
12,19|18|2|2|2|1|1|1|1|1,10,0,-1,a0,
12,19|17|5|1|1|1|1|1|1|1,10,0,-1,a0,
12,19|17|4|2|1|1|1|1|1|1,10,0,-1,a0,
12,19|17|3|3|1|1|1|1|1|1,10,0,-1,a0,
12,19|17|3|2|2|1|1|1|1|1,10,0,-1,a0,
12,19|17|2|2|2|2|1|1|1|1,10,0,-1,a0,
12,19|16|6|1|1|1|1|1|1|1,10,0,-1,a0,
12,19|16|5|2|1|1|1|1|1|1,10,0,-1,a0,
12,19|16|4|3|1|1|1|1|1|1,10,0,-1,a0,
12,19|16|4|2|2|1|1|1|1|1,10,0,-1,a0,
12,19|16|3|3|2|1|1|1|1|1,10,0,-1,a0,
12,19|16|3|2|2|2|1|1|1|1,10,0,-1,a0,
12,19|16|2|2|2|2|2|1|1|1,10,0,-1,a0,
12,19|15|7|1|1|1|1|1|1|1,10,0,-1,a0,
12,19|15|6|2|1|1|1|1|1|1,10,0,-1,a0,
12,19|15|5|3|1|1|1|1|1|1,10,0,-1,a0,
12,19|15|5|2|2|1|1|1|1|1,10,0,-1,a0,
12,19|15|4|4|1|1|1|1|1|1,10,1,295959,silent,295958
12,19|15|4|3|2|1|1|1|1|1,10,4,834022,silent,834018
12,19|15|4|2|2|2|1|1|1|1,10,3,445949,silent,445946
12,19|15|3|3|3|1|1|1|1|1,10,3,235058,silent,235055
12,19|15|3|3|2|2|1|1|1|1,10,11,377986,silent,377975
12,19|15|3|2|2|2|2|1|1|1,10,9,165301,silent,165292
12,19|15|2|2|2|2|2|2|1|1,10,7,22434,silent,22427
12,19|14|8|1|1|1|1|1|1|1,10,0,-1,a0,
12,19|14|7|2|1|1|1|1|1|1,10,0,-1,a0,
12,19|14|6|3|1|1|1|1|1|1,10,3,1330803,silent,1330800
12,19|14|6|2|2|1|1|1|1|1,10,6,1302126,silent,1302120
12,19|14|5|4|1|1|1|1|1|1,10,3,1250605,silent,1250602
12,19|14|5|3|2|1|1|1|1|1,10,21,2758989,silent,2758968
12,19|14|5|2|2|2|1|1|1|1,10,22,1350041,silent,1350019
12,19|14|4|4|2|1|1|1|1|1,10,12,1582500,silent,1582488
12,19|14|4|3|3|1|1|1|1|1,10,21,1468341,silent,1468320
12,19|14|4|3|2|2|1|1|1|1,10,47,2185341,silent,2185294
12,19|14|4|2|2|2|2|1|1|1,10,36,737736,silent,737700
12,19|14|3|3|3|2|1|1|1|1,10,31,792744,silent,792713
12,19|14|3|3|2|2|2|1|1|1,10,44,652836,silent,652792
12,19|14|3|2|2|2|2|2|1|1,10,36,197025,silent,196989
12,19|14|2|2|2|2|2|2|2|1,10,15,19222,silent,19207
12,19|13|9|1|1|1|1|1|1|1,10,0,-1,a0,
12,19|13|8|2|1|1|1|1|1|1,10,2,892257,silent,892255
12,19|13|7|3|1|1|1|1|1|1,10,9,2310648,silent,2310639
12,19|13|7|2|2|1|1|1|1|1,10,13,2216392,silent,2216379
12,19|13|6|4|1|1|1|1|1|1,10,20,3033378,silent,3033358
12,19|13|6|3|2|1|1|1|1|1,10,68,6134680,silent,6134612
12,19|13|6|2|2|2|1|1|1|1,10,55,2878253,silent,2878198
12,19|13|5|5|1|1|1|1|1|1,10,5,1468448,silent,1468443
12,19|13|5|4|2|1|1|1|1|1,10,63,6344295,silent,6344232
12,19|13|5|3|3|1|1|1|1|1,10,73,4724808,silent,4724735
12,19|13|5|3|2|2|1|1|1|1,10,160,6785947,silent,6785787
12,19|13|5|2|2|2|2|1|1|1,10,109,2087309,silent,2087200
12,19|13|4|4|3|1|1|1|1|1,10,41,3398737,silent,3398696
12,19|13|4|4|2|2|1|1|1|1,10,65,4049734,silent,4049669
12,19|13|4|3|3|2|1|1|1|1,10,122,4719458,silent,4719336
12,19|13|4|3|2|2|2|1|1|1,10,161,3555863,silent,3555702
12,19|13|4|2|2|2|2|2|1|1,10,103,825766,silent,825663
12,19|13|3|3|3|3|1|1|1|1,10,25,819511,silent,819486
12,19|13|3|3|3|2|2|1|1|1,10,69,1421408,silent,1421339
12,19|13|3|3|2|2|2|2|1|1,10,70,749215,silent,749145
12,19|13|3|2|2|2|2|2|2|1,10,50,156949,silent,156899
12,19|13|2|2|2|2|2|2|2|2,10,10,9641,silent,9631
12,19|12|10|1|1|1|1|1|1|1,10,0,-1,a0,
12,19|12|9|2|1|1|1|1|1|1,10,3,919929,silent,919926
12,19|12|8|3|1|1|1|1|1|1,10,18,2938762,silent,2938744
12,19|12|8|2|2|1|1|1|1|1,10,28,2791751,silent,2791723
12,19|12|7|4|1|1|1|1|1|1,10,35,4998569,silent,4998534
12,19|12|7|3|2|1|1|1|1|1,10,119,9709341,silent,9709222
12,19|12|7|2|2|2|1|1|1|1,10,95,4456038,silent,4455943
12,19|12|6|5|1|1|1|1|1|1,10,37,4250555,silent,4250518
12,19|12|6|4|2|1|1|1|1|1,10,185,14243995,silent,14243810
12,19|12|6|3|3|1|1|1|1|1,10,158,9846371,silent,9846213
12,19|12|6|3|2|2|1|1|1|1,10,324,13888090,silent,13887766
12,19|12|6|2|2|2|2|1|1|1,10,183,4083524,silent,4083341
12,19|12|5|5|2|1|1|1|1|1,10,90,7195073,silent,7194983
12,19|12|5|4|3|1|1|1|1|1,10,175,13148138,silent,13147963
12,19|12|5|4|2|2|1|1|1|1,10,308,15140562,silent,15140254
12,19|12|5|3|3|2|1|1|1|1,10,331,14156413,silent,14156082
12,19|12|5|3|2|2|2|1|1|1,10,420,10239337,silent,10238917
12,19|12|5|2|2|2|2|2|1|1,10,206,2159366,silent,2159160
12,19|12|4|4|4|1|1|1|1|1,10,27,3076000,silent,3075973
12,19|12|4|4|3|2|1|1|1|1,10,173,10609937,silent,10609764
12,19|12|4|4|2|2|2|1|1|1,10,185,6263083,silent,6262898
12,19|12|4|3|3|3|1|1|1|1,10,102,4733476,silent,4733374
12,19|12|4|3|3|2|2|1|1|1,10,250,7928368,silent,7928118
12,19|12|4|3|2|2|2|2|1|1,10,252,3803834,silent,3803582
12,19|12|4|2|2|2|2|2|2|1,10,119,611363,silent,611244
12,19|12|3|3|3|3|2|1|1|1,10,41,1799869,silent,1799828
12,19|12|3|3|3|2|2|2|1|1,10,62,1601260,silent,1601198
12,19|12|3|3|2|2|2|2|2|1,10,55,561625,silent,561570
12,19|12|3|2|2|2|2|2|2|2,10,26,71522,silent,71496
12,19|11|11|1|1|1|1|1|1|1,10,1,47444,silent,47443
12,19|11|10|2|1|1|1|1|1|1,10,3,595026,silent,595023
12,19|11|9|3|1|1|1|1|1|1,10,20,2565709,silent,2565689
12,19|11|9|2|2|1|1|1|1|1,10,23,2420838,silent,2420815
12,19|11|8|4|1|1|1|1|1|1,10,52,5678636,silent,5678584
12,19|11|8|3|2|1|1|1|1|1,10,148,10805753,silent,10805605
12,19|11|8|2|2|2|1|1|1|1,10,109,4899454,silent,4899345
12,19|11|7|5|1|1|1|1|1|1,10,61,6867588,silent,6867527
12,19|11|7|4|2|1|1|1|1|1,10,272,21020761,silent,21020489
12,19|11|7|3|3|1|1|1|1|1,10,231,14065026,silent,14064795
12,19|11|7|3|2|2|1|1|1|1,10,448,19631812,silent,19631364
12,19|11|7|2|2|2|2|1|1|1,10,249,5641028,silent,5640779
12,19|11|6|6|1|1|1|1|1|1,10,42,3207583,silent,3207541
12,19|11|6|5|2|1|1|1|1|1,10,278,18996001,silent,18995723
12,19|11|6|4|3|1|1|1|1|1,10,402,27268006,silent,27267604
12,19|11|6|4|2|2|1|1|1|1,10,615,30847347,silent,30846732
12,19|11|6|3|3|2|1|1|1|1,10,586,26795836,silent,26795250
12,19|11|6|3|2|2|2|1|1|1,10,675,18964294,silent,18963619
12,19|11|6|2|2|2|2|2|1|1,10,295,3819438,silent,3819143
12,19|11|5|5|3|1|1|1|1|1,10,221,15012022,silent,15011801
12,19|11|5|5|2|2|1|1|1|1,10,353,16051273,silent,16050920
12,19|11|5|4|4|1|1|1|1|1,10,131,11935500,silent,11935369
12,19|11|5|4|3|2|1|1|1|1,10,664,37829199,silent,37828535
12,19|11|5|4|2|2|2|1|1|1,10,653,21464320,silent,21463667
12,19|11|5|3|3|3|1|1|1|1,10,243,13253181,silent,13252938
12,19|11|5|3|3|2|2|1|1|1,10,584,21794970,silent,21794386
12,19|11|5|3|2|2|2|2|1|1,10,533,10010559,silent,10010026
12,19|11|5|2|2|2|2|2|2|1,10,185,1456115,silent,1455930
12,19|11|4|4|4|2|1|1|1|1,10,96,9761597,silent,9761501
12,19|11|4|4|3|3|1|1|1|1,10,151,10796102,silent,10795951
12,19|11|4|4|3|2|2|1|1|1,10,335,16776308,silent,16775973
12,19|11|4|4|2|2|2|2|1|1,10,278,6243502,silent,6243224
12,19|11|4|3|3|3|2|1|1|1,10,164,9657026,silent,9656862
12,19|11|4|3|3|2|2|2|1|1,10,245,8242760,silent,8242515
12,19|11|4|3|2|2|2|2|2|1,10,198,2630754,silent,2630556
12,19|11|4|2|2|2|2|2|2|2,10,54,255793,silent,255739
12,19|11|3|3|3|3|3|1|1|1,10,7,1173702,silent,1173695
12,19|11|3|3|3|3|2|2|1|1,10,23,2085218,silent,2085195
12,19|11|3|3|3|2|2|2|2|1,10,24,1143965,silent,1143941
12,19|11|3|3|2|2|2|2|2|2,10,18,235895,silent,235877
12,19|10|10|3|1|1|1|1|1|1,10,6,1027363,silent,1027357
12,19|10|10|2|2|1|1|1|1|1,10,15,969305,silent,969290
12,19|10|9|4|1|1|1|1|1|1,10,34,3871330,silent,3871296
12,19|10|9|3|2|1|1|1|1|1,10,102,7293068,silent,7292966
12,19|10|9|2|2|2|1|1|1|1,10,75,3286765,silent,3286690
12,19|10|8|5|1|1|1|1|1|1,10,67,6787889,silent,6787822
12,19|10|8|4|2|1|1|1|1|1,10,284,19975926,silent,19975642
12,19|10|8|3|3|1|1|1|1|1,10,203,13150454,silent,13150251
12,19|10|8|3|2|2|1|1|1|1,10,415,18261667,silent,18261252
12,19|10|8|2|2|2|2|1|1|1,10,206,5180029,silent,5179823
12,19|10|7|6|1|1|1|1|1|1,10,59,5797822,silent,5797763
12,19|10|7|5|2|1|1|1|1|1,10,374,26662909,silent,26662535
12,19|10|7|4|3|1|1|1|1|1,10,501,35263900,silent,35263399
12,19|10|7|4|2|2|1|1|1|1,10,779,39512329,silent,39511550
12,19|10|7|3|3|2|1|1|1|1,10,683,33241782,silent,33241099
12,19|10|7|3|2|2|2|1|1|1,10,771,23251575,silent,23250804
12,19|10|7|2|2|2|2|2|1|1,10,308,4573059,silent,4572751
12,19|10|6|6|2|1|1|1|1|1,10,207,12978888,silent,12978681
12,19|10|6|5|3|1|1|1|1|1,10,545,35766574,silent,35766029
12,19|10|6|5|2|2|1|1|1|1,10,756,37592440,silent,37591684
12,19|10|6|4|4|1|1|1|1|1,10,295,22882612,silent,22882317
12,19|10|6|4|3|2|1|1|1|1,10,1193,69739309,silent,69738116
12,19|10|6|4|2|2|2|1|1|1,10,1031,38746107,silent,38745076
12,19|10|6|3|3|3|1|1|1|1,10,378,22467583,silent,22467205
12,19|10|6|3|3|2|2|1|1|1,10,880,36589320,silent,36588440
12,19|10|6|3|2|2|2|2|1|1,10,724,16415356,silent,16414632
12,19|10|6|2|2|2|2|2|2|1,10,232,2280277,silent,2280045
12,19|10|5|5|4|1|1|1|1|1,10,219,15944155,silent,15943936
12,19|10|5|5|3|2|1|1|1|1,10,716,39708429,silent,39707713
12,19|10|5|5|2|2|2|1|1|1,10,592,20704467,silent,20703875
12,19|10|5|4|4|2|1|1|1|1,10,447,34327857,silent,34327410
12,19|10|5|4|3|3|1|1|1|1,10,470,35288297,silent,35287827
12,19|10|5|4|3|2|2|1|1|1,10,1063,53890978,silent,53889915
12,19|10|5|4|2|2|2|2|1|1,10,711,19216946,silent,19216235
12,19|10|5|3|3|3|2|1|1|1,10,348,24376394,silent,24376046
12,19|10|5|3|3|2|2|2|1|1,10,511,20368711,silent,20368200
12,19|10|5|3|2|2|2|2|2|1,10,342,6210585,silent,6210243
12,19|10|5|2|2|2|2|2|2|2,10,72,544852,silent,544780
12,19|10|4|4|4|3|1|1|1|1,10,95,11796880,silent,11796785
12,19|10|4|4|4|2|2|1|1|1,10,183,14705487,silent,14705304
12,19|10|4|4|3|3|2|1|1|1,10,248,20456819,silent,20456571
12,19|10|4|4|3|2|2|2|1|1,10,359,16027560,silent,16027201
12,19|10|4|4|2|2|2|2|2|1,10,215,3951463,silent,3951248
12,19|10|4|3|3|3|3|1|1|1,10,39,5835496,silent,5835457
12,19|10|4|3|3|3|2|2|1|1,10,106,10186518,silent,10186412
12,19|10|4|3|3|2|2|2|2|1,10,121,5349375,silent,5349254
12,19|10|4|3|2|2|2|2|2|2,10,69,1006993,silent,1006924
12,19|10|3|3|3|3|3|2|1|1,10,2,1643166,silent,1643164
12,19|10|3|3|3|3|2|2|2|1,10,4,1443488,silent,1443484
12,19|10|3|3|3|2|2|2|2|2,10,3,448391,silent,448388
12,19|9|9|5|1|1|1|1|1|1,10,28,2876661,silent,2876633
12,19|9|9|4|2|1|1|1|1|1,10,106,8324947,silent,8324841
12,19|9|9|3|3|1|1|1|1|1,10,94,5449041,silent,5448947
12,19|9|9|3|2|2|1|1|1|1,10,165,7542069,silent,7541904
12,19|9|9|2|2|2|2|1|1|1,10,93,2130211,silent,2130118
12,19|9|8|6|1|1|1|1|1|1,10,54,4748914,silent,4748860
12,19|9|8|5|2|1|1|1|1|1,10,289,20123313,silent,20123024
12,19|9|8|4|3|1|1|1|1|1,10,368,25743711,silent,25743343
12,19|9|8|4|2|2|1|1|1|1,10,554,28706527,silent,28705973
12,19|9|8|3|3|2|1|1|1|1,10,469,23805673,silent,23805204
12,19|9|8|3|2|2|2|1|1|1,10,521,16551369,silent,16550848
12,19|9|8|2|2|2|2|2|1|1,10,199,3217227,silent,3217028
12,19|9|7|7|1|1|1|1|1|1,10,17,2427137,silent,2427120
12,19|9|7|6|2|1|1|1|1|1,10,260,19289462,silent,19289202
12,19|9|7|5|3|1|1|1|1|1,10,605,41782671,silent,41782066
12,19|9|7|5|2|2|1|1|1|1,10,834,43517801,silent,43516967
12,19|9|7|4|4|1|1|1|1|1,10,293,24947916,silent,24947623
12,19|9|7|4|3|2|1|1|1|1,10,1232,74615450,silent,74614218
12,19|9|7|4|2|2|2|1|1|1,10,1066,41010657,silent,41009591
12,19|9|7|3|3|3|1|1|1|1,10,375,23190327,silent,23189952
12,19|9|7|3|3|2|2|1|1|1,10,829,37552596,silent,37551767
12,19|9|7|3|2|2|2|2|1|1,10,672,16648528,silent,16647856
12,19|9|7|2|2|2|2|2|2|1,10,186,2257699,silent,2257513
12,19|9|6|6|3|1|1|1|1|1,10,338,21877707,silent,21877369
12,19|9|6|6|2|2|1|1|1|1,10,396,22255580,silent,22255184
12,19|9|6|5|4|1|1|1|1|1,10,480,33863599,silent,33863119
12,19|9|6|5|3|2|1|1|1|1,10,1366,81191068,silent,81189702
12,19|9|6|5|2|2|2|1|1|1,10,999,41479964,silent,41478965
12,19|9|6|4|4|2|1|1|1|1,10,739,56614711,silent,56613972
12,19|9|6|4|3|3|1|1|1|1,10,749,56370692,silent,56369943
12,19|9|6|4|3|2|2|1|1|1,10,1542,85276850,silent,85275308
12,19|9|6|4|2|2|2|2|1|1,10,945,29737626,silent,29736681
12,19|9|6|3|3|3|2|1|1|1,10,477,35544232,silent,35543755
12,19|9|6|3|3|2|2|2|1|1,10,648,29354375,silent,29353727
12,19|9|6|3|2|2|2|2|2|1,10,403,8743233,silent,8742830
12,19|9|6|2|2|2|2|2|2|2,10,75,732640,silent,732565
12,19|9|5|5|5|1|1|1|1|1,10,125,7442849,silent,7442724
12,19|9|5|5|4|2|1|1|1|1,10,634,41128296,silent,41127662
12,19|9|5|5|3|3|1|1|1|1,10,448,33991991,silent,33991543
12,19|9|5|5|3|2|2|1|1|1,10,939,50229344,silent,50228405
12,19|9|5|5|2|2|2|2|1|1,10,492,16373651,silent,16373159
12,19|9|5|4|4|3|1|1|1|1,10,357,37068414,silent,37068057
12,19|9|5|4|4|2|2|1|1|1,10,655,45456279,silent,45455624
12,19|9|5|4|3|3|2|1|1|1,10,658,58787303,silent,58786645
12,19|9|5|4|3|2|2|2|1|1,10,884,45132340,silent,45131456
12,19|9|5|4|2|2|2|2|2|1,10,406,10634812,silent,10634406
12,19|9|5|3|3|3|3|1|1|1,10,76,13065245,silent,13065169
12,19|9|5|3|3|3|2|2|1|1,10,206,22574951,silent,22574745
12,19|9|5|3|3|2|2|2|2|1,10,226,11591799,silent,11591573
12,19|9|5|3|2|2|2|2|2|2,10,94,2080215,silent,2080121
12,19|9|4|4|4|4|1|1|1|1,10,20,5433345,silent,5433325
12,19|9|4|4|4|3|2|1|1|1,10,171,20896319,silent,20896148
12,19|9|4|4|4|2|2|2|1|1,10,215,12859462,silent,12859247
12,19|9|4|4|3|3|3|1|1|1,10,73,11526436,silent,11526363
12,19|9|4|4|3|3|2|2|1|1,10,185,19453607,silent,19453422
12,19|9|4|4|3|2|2|2|2|1,10,212,9335285,silent,9335073
12,19|9|4|4|2|2|2|2|2|2,10,73,1356310,silent,1356237
12,19|9|4|3|3|3|3|2|1|1,10,16,7296522,silent,7296506
12,19|9|4|3|3|3|2|2|2|1,10,28,6270083,silent,6270055
12,19|9|4|3|3|2|2|2|2|2,10,27,1867912,silent,1867885
12,19|9|3|3|3|3|3|3|1|1,10,0,-1,a0,
12,19|9|3|3|3|3|3|2|2|1,10,0,-1,a0,
12,19|9|3|3|3|3|2|2|2|2,10,0,-1,a0,
12,19|8|8|7|1|1|1|1|1|1,10,16,1465797,silent,1465781
12,19|8|8|6|2|1|1|1|1|1,10,145,9382400,silent,9382255
12,19|8|8|5|3|1|1|1|1|1,10,269,18965695,silent,18965426
12,19|8|8|5|2|2|1|1|1|1,10,372,19683475,silent,19683103
12,19|8|8|4|4|1|1|1|1|1,10,154,11062521,silent,11062367
12,19|8|8|4|3|2|1|1|1|1,10,526,32806751,silent,32806225
12,19|8|8|4|2|2|2|1|1|1,10,425,17940376,silent,17939951
12,19|8|8|3|3|3|1|1|1|1,10,141,10046119,silent,10045978
12,19|8|8|3|3|2|2|1|1|1,10,355,16238526,silent,16238171
12,19|8|8|3|2|2|2|2|1|1,10,267,7155855,silent,7155588
12,19|8|8|2|2|2|2|2|2|1,10,79,962133,silent,962054
12,19|8|7|7|2|1|1|1|1|1,10,70,6067617,silent,6067547
12,19|8|7|6|3|1|1|1|1|1,10,336,24334570,silent,24334234
12,19|8|7|6|2|2|1|1|1|1,10,429,24557142,silent,24556713
12,19|8|7|5|4|1|1|1|1|1,10,402,30177204,silent,30176802
12,19|8|7|5|3|2|1|1|1|1,10,1142,71119935,silent,71118793
12,19|8|7|5|2|2|2|1|1|1,10,836,35983669,silent,35982833
12,19|8|7|4|4|2|1|1|1|1,10,605,46492781,silent,46492176
12,19|8|7|4|3|3|1|1|1|1,10,579,45636447,silent,45635868
12,19|8|7|4|3|2|2|1|1|1,10,1200,68712103,silent,68710903
12,19|8|7|4|2|2|2|2|1|1,10,700,23703856,silent,23703156
12,19|8|7|3|3|3|2|1|1|1,10,351,27703901,silent,27703550
12,19|8|7|3|3|2|2|2|1|1,10,470,22745873,silent,22745403
12,19|8|7|3|2|2|2|2|2|1,10,273,6696264,silent,6695991
12,19|8|7|2|2|2|2|2|2|2,10,46,548553,silent,548507
12,19|8|6|6|4|1|1|1|1|1,10,272,18442021,silent,18441749
12,19|8|6|6|3|2|1|1|1|1,10,627,40748484,silent,40747857
12,19|8|6|6|2|2|2|1|1|1,10,384,20044771,silent,20044387
12,19|8|6|5|5|1|1|1|1|1,10,213,13950158,silent,13949945
12,19|8|6|5|4|2|1|1|1|1,10,1014,70862972,silent,70861958
12,19|8|6|5|3|3|1|1|1|1,10,733,56802624,silent,56801891
12,19|8|6|5|3|2|2|1|1|1,10,1392,83200666,silent,83199274
12,19|8|6|5|2|2|2|2|1|1,10,678,26548485,silent,26547807
12,19|8|6|4|4|3|1|1|1|1,10,511,50185884,silent,50185373
12,19|8|6|4|4|2|2|1|1|1,10,801,60988350,silent,60987549
12,19|8|6|4|3|3|2|1|1|1,10,842,76520100,silent,76519258
12,19|8|6|4|3|2|2|2|1|1,10,1019,58108606,silent,58107587
12,19|8|6|4|2|2|2|2|2|1,10,452,13395486,silent,13395034
12,19|8|6|3|3|3|3|1|1|1,10,89,15627654,silent,15627565
12,19|8|6|3|3|3|2|2|1|1,10,241,26869166,silent,26868925
12,19|8|6|3|3|2|2|2|2|1,10,235,13628029,silent,13627794
12,19|8|6|3|2|2|2|2|2|2,10,99,2394337,silent,2394238
12,19|8|5|5|5|2|1|1|1|1,10,291,17031904,silent,17031613
12,19|8|5|5|4|3|1|1|1|1,10,454,39233300,silent,39232846
12,19|8|5|5|4|2|2|1|1|1,10,711,46591692,silent,46590981
12,19|8|5|5|3|3|2|1|1|1,10,509,48493088,silent,48492579
12,19|8|5|5|3|2|2|2|1|1,10,597,35836165,silent,35835568
12,19|8|5|5|2|2|2|2|2|1,10,197,7695893,silent,7695696
12,19|8|5|4|4|4|1|1|1|1,10,111,15008390,silent,15008279
12,19|8|5|4|4|3|2|1|1|1,10,496,55609523,silent,55609027
12,19|8|5|4|4|2|2|2|1|1,10,502,33561302,silent,33560800
12,19|8|5|4|3|3|3|1|1|1,10,150,28267025,silent,28266875
12,19|8|5|4|3|3|2|2|1|1,10,409,47264772,silent,47264363
12,19|8|5|4|3|2|2|2|2|1,10,386,22190184,silent,22189798
12,19|8|5|4|2|2|2|2|2|2,10,105,3074881,silent,3074776
12,19|8|5|3|3|3|3|2|1|1,10,30,13855183,silent,13855153
12,19|8|5|3|3|3|2|2|2|1,10,58,11772075,silent,11772017
12,19|8|5|3|3|2|2|2|2|2,10,43,3427391,silent,3427348
12,19|8|4|4|4|4|2|1|1|1,10,48,9262088,silent,9262040
12,19|8|4|4|4|3|3|1|1|1,10,60,11293239,silent,11293179
12,19|8|4|4|4|3|2|2|1|1,10,159,17706406,silent,17706247
12,19|8|4|4|4|2|2|2|2|1,10,141,6612888,silent,6612747
12,19|8|4|4|3|3|3|2|1|1,10,39,12650066,silent,12650027
12,19|8|4|4|3|3|2|2|2|1,10,72,10451584,silent,10451512
12,19|8|4|4|3|2|2|2|2|2,10,58,2844124,silent,2844066
12,19|8|4|3|3|3|3|3|1|1,10,0,-1,a0,
12,19|8|4|3|3|3|3|2|2|1,10,1,4405465,silent,4405464
12,19|8|4|3|3|3|2|2|2|2,10,2,1987455,silent,1987453
12,19|8|3|3|3|3|3|3|2|1,10,0,-1,a0,
12,19|8|3|3|3|3|3|2|2|2,10,0,-1,a0,
12,19|7|7|7|3|1|1|1|1|1,10,51,4477919,silent,4477868
12,19|7|7|7|2|2|1|1|1|1,10,75,4453480,silent,4453405
12,19|7|7|6|4|1|1|1|1|1,10,135,11890591,silent,11890456
12,19|7|7|6|3|2|1|1|1|1,10,387,25913564,silent,25913177
12,19|7|7|6|2|2|2|1|1|1,10,273,12653497,silent,12653224
12,19|7|7|5|5|1|1|1|1|1,10,117,7469236,silent,7469119
12,19|7|7|5|4|2|1|1|1|1,10,511,36788580,silent,36788069
12,19|7|7|5|3|3|1|1|1|1,10,374,29149144,silent,29148770
12,19|7|7|5|3|2|2|1|1|1,10,697,42525449,silent,42524752
12,19|7|7|5|2|2|2|2|1|1,10,337,13457136,silent,13456799
12,19|7|7|4|4|3|1|1|1|1,10,231,24323036,silent,24322805
12,19|7|7|4|4|2|2|1|1|1,10,418,29459632,silent,29459214
12,19|7|7|4|3|3|2|1|1|1,10,384,36512958,silent,36512574
12,19|7|7|4|3|2|2|2|1|1,10,465,27602235,silent,27601770
12,19|7|7|4|2|2|2|2|2|1,10,179,6300417,silent,6300238
12,19|7|7|3|3|3|3|1|1|1,10,48,7236261,silent,7236213
12,19|7|7|3|3|3|2|2|1|1,10,99,12402747,silent,12402648
12,19|7|7|3|3|2|2|2|2|1,10,103,6261246,silent,6261143
12,19|7|7|3|2|2|2|2|2|2,10,35,1086067,silent,1086032
12,19|7|6|6|5|1|1|1|1|1,10,103,7131600,silent,7131497
12,19|7|6|6|4|2|1|1|1|1,10,370,28468176,silent,28467806
12,19|7|6|6|3|3|1|1|1|1,10,272,21308902,silent,21308630
12,19|7|6|6|3|2|2|1|1|1,10,446,30728246,silent,30727800
12,19|7|6|6|2|2|2|2|1|1,10,200,9428668,silent,9428468
12,19|7|6|5|5|2|1|1|1|1,10,358,23193684,silent,23193326
12,19|7|6|5|4|3|1|1|1|1,10,558,49634326,silent,49633768
12,19|7|6|5|4|2|2|1|1|1,10,788,58466803,silent,58466015
12,19|7|6|5|3|3|2|1|1|1,10,621,59184356,silent,59183735
12,19|7|6|5|3|2|2|2|1|1,10,649,43308390,silent,43307741
12,19|7|6|5|2|2|2|2|2|1,10,225,9120834,silent,9120609
12,19|7|6|4|4|4|1|1|1|1,10,110,15211488,silent,15211378
12,19|7|6|4|4|3|2|1|1|1,10,487,55401501,silent,55401014
12,19|7|6|4|4|2|2|2|1|1,10,453,33112618,silent,33112165
12,19|7|6|4|3|3|3|1|1|1,10,158,27247058,silent,27246900
12,19|7|6|4|3|3|2|2|1|1,10,375,45347589,silent,45347214
12,19|7|6|4|3|2|2|2|2|1,10,331,21062113,silent,21061782
12,19|7|6|4|2|2|2|2|2|2,10,89,2860771,silent,2860682
12,19|7|6|3|3|3|3|2|1|1,10,30,12286810,silent,12286780
12,19|7|6|3|3|3|2|2|2|1,10,48,10377876,silent,10377828
12,19|7|6|3|3|2|2|2|2|2,10,36,2988179,silent,2988143
12,19|7|5|5|5|3|1|1|1|1,10,197,14289515,silent,14289318
12,19|7|5|5|5|2|2|1|1|1,10,237,15792086,silent,15791849
12,19|7|5|5|4|4|1|1|1|1,10,148,13875776,silent,13875628
12,19|7|5|5|4|3|2|1|1|1,10,456,47419861,silent,47419405
12,19|7|5|5|4|2|2|2|1|1,10,362,27583530,silent,27583168
12,19|7|5|5|3|3|3|1|1|1,10,92,19044621,silent,19044529
12,19|7|5|5|3|3|2|2|1|1,10,237,31328424,silent,31328187
12,19|7|5|5|3|2|2|2|2|1,10,178,14125787,silent,14125609
12,19|7|5|5|2|2|2|2|2|2,10,32,1779471,silent,1779439
12,19|7|5|4|4|4|2|1|1|1,10,155,20388842,silent,20388687
12,19|7|5|4|4|3|3|1|1|1,10,119,24099957,silent,24099838
12,19|7|5|4|4|3|2|2|1|1,10,313,37479792,silent,37479479
12,19|7|5|4|4|2|2|2|2|1,10,203,13703752,silent,13703549
12,19|7|5|4|3|3|3|2|1|1,10,68,24742585,silent,24742517
12,19|7|5|4|3|3|2|2|2|1,10,125,20234855,silent,20234730
12,19|7|5|4|3|2|2|2|2|2,10,74,5381416,silent,5381342
12,19|7|5|3|3|3|3|3|1|1,10,1,3974644,silent,3974643
12,19|7|5|3|3|3|3|2|2|1,10,4,6700750,silent,6700746
12,19|7|5|3|3|3|2|2|2|2,10,7,2992148,silent,2992141
12,19|7|4|4|4|4|3|1|1|1,10,21,5479610,silent,5479589
12,19|7|4|4|4|4|2|2|1|1,10,62,6906055,silent,6905993
12,19|7|4|4|4|3|3|2|1|1,10,44,10617971,silent,10617927
12,19|7|4|4|4|3|2|2|2|1,10,84,8073782,silent,8073698
12,19|7|4|4|4|2|2|2|2|2,10,41,1704247,silent,1704206
12,19|7|4|4|3|3|3|3|1|1,10,2,3843085,silent,3843083
12,19|7|4|4|3|3|3|2|2|1,10,6,6405243,silent,6405237
12,19|7|4|4|3|3|2|2|2|2,10,13,2772223,silent,2772210
12,19|7|4|3|3|3|3|3|2|1,10,0,-1,a0,
12,19|7|4|3|3|3|3|2|2|2,10,0,-1,a0,
12,19|7|3|3|3|3|3|3|3|1,10,0,-1,a0,
12,19|7|3|3|3|3|3|3|2|2,10,0,-1,a0,
12,19|6|6|6|6|1|1|1|1|1,10,18,781209,silent,781191
12,19|6|6|6|5|2|1|1|1|1,10,88,6624859,silent,6624771
12,19|6|6|6|4|3|1|1|1|1,10,131,11361504,silent,11361373
12,19|6|6|6|4|2|2|1|1|1,10,132,13188069,silent,13187937
12,19|6|6|6|3|3|2|1|1|1,10,137,12525548,silent,12525411
12,19|6|6|6|3|2|2|2|1|1,10,116,9007650,silent,9007534
12,19|6|6|6|2|2|2|2|2|1,10,49,1829803,silent,1829754
12,19|6|6|5|5|3|1|1|1|1,10,132,10801425,silent,10801293
12,19|6|6|5|5|2|2|1|1|1,10,164,11864409,silent,11864245
12,19|6|6|5|4|4|1|1|1|1,10,95,9917245,silent,9917150
12,19|6|6|5|4|3|2|1|1|1,10,303,33402199,silent,33401896
12,19|6|6|5|4|2|2|2|1|1,10,225,19270090,silent,19269865
12,19|6|6|5|3|3|3|1|1|1,10,74,13045333,silent,13045259
12,19|6|6|5|3|3|2|2|1|1,10,166,21386683,silent,21386517
12,19|6|6|5|3|2|2|2|2|1,10,123,9556776,silent,9556653
12,19|6|6|5|2|2|2|2|2|2,10,31,1189443,silent,1189412
12,19|6|6|4|4|4|2|1|1|1,10,71,11721621,silent,11721550
12,19|6|6|4|4|3|3|1|1|1,10,83,13700141,silent,13700058
12,19|6|6|4|4|3|2|2|1|1,10,163,21215668,silent,21215505
12,19|6|6|4|4|2|2|2|2|1,10,118,7693361,silent,7693243
12,19|6|6|4|3|3|3|2|1|1,10,43,13624137,silent,13624094
12,19|6|6|4|3|3|2|2|2|1,10,63,11087319,silent,11087256
12,19|6|6|4|3|2|2|2|2|2,10,43,2923761,silent,2923718
12,19|6|6|3|3|3|3|3|1|1,10,0,-1,a0,
12,19|6|6|3|3|3|3|2|2|1,10,3,3428788,silent,3428785
12,19|6|6|3|3|3|2|2|2|2,10,2,1519188,silent,1519186
12,19|6|5|5|5|4|1|1|1|1,10,64,4680065,silent,4680001
12,19|6|5|5|5|3|2|1|1|1,10,125,12642382,silent,12642257
12,19|6|5|5|5|2|2|2|1|1,10,75,6784769,silent,6784694
12,19|6|5|5|4|4|2|1|1|1,10,129,13556947,silent,13556818
12,19|6|5|5|4|3|3|1|1|1,10,75,14961839,silent,14961764
12,19|6|5|5|4|3|2|2|1|1,10,168,22919712,silent,22919544
12,19|6|5|5|4|2|2|2|2|1,10,77,8061658,silent,8061581
12,19|6|5|5|3|3|3|2|1|1,10,29,12014069,silent,12014040
12,19|6|5|5|3|3|2|2|2|1,10,52,9649069,silent,9649017
12,19|6|5|5|3|2|2|2|2|2,10,20,2462432,silent,2462412
12,19|6|5|4|4|4|3|1|1|1,10,48,8623886,silent,8623838
12,19|6|5|4|4|4|2|2|1|1,10,89,10790087,silent,10789998
12,19|6|5|4|4|3|3|2|1|1,10,61,16122014,silent,16121953
12,19|6|5|4|4|3|2|2|2|1,10,95,12145250,silent,12145155
12,19|6|5|4|4|2|2|2|2|2,10,38,2508600,silent,2508562
12,19|6|5|4|3|3|3|3|1|1,10,2,5396796,silent,5396794
12,19|6|5|4|3|3|3|2|2|1,10,12,8953883,silent,8953871
12,19|6|5|4|3|3|2|2|2|2,10,16,3838686,silent,3838670
12,19|6|5|3|3|3|3|3|2|1,10,0,-1,a0,
12,19|6|5|3|3|3|3|2|2|2,10,0,-1,a0,
12,19|6|4|4|4|4|4|1|1|1,10,2,1050642,silent,1050640
12,19|6|4|4|4|4|3|2|1|1,10,25,4257689,silent,4257664
12,19|6|4|4|4|4|2|2|2|1,10,40,2552881,silent,2552841
12,19|6|4|4|4|3|3|3|1|1,10,4,2654982,silent,2654978
12,19|6|4|4|4|3|3|2|2|1,10,14,4281801,silent,4281787
12,19|6|4|4|4|3|2|2|2|2,10,21,1701486,silent,1701465
12,19|6|4|4|3|3|3|3|2|1,10,0,-1,a0,
12,19|6|4|4|3|3|3|2|2|2,10,0,-1,a0,
12,19|6|4|3|3|3|3|3|3|1,10,0,-1,a0,
12,19|6|4|3|3|3|3|3|2|2,10,0,-1,a0,
12,19|6|3|3|3|3|3|3|3|2,10,0,-1,a0,
12,19|5|5|5|5|5|1|1|1|1,10,6,383186,silent,383180
12,19|5|5|5|5|4|2|1|1|1,10,26,2522202,silent,2522176
12,19|5|5|5|5|3|3|1|1|1,10,12,2257231,silent,2257219
12,19|5|5|5|5|3|2|2|1|1,10,19,3353816,silent,3353797
12,19|5|5|5|5|2|2|2|2|1,10,6,1086367,silent,1086361
12,19|5|5|5|4|4|3|1|1|1,10,24,3141464,silent,3141440
12,19|5|5|5|4|4|2|2|1|1,10,31,3880183,silent,3880152
12,19|5|5|5|4|3|3|2|1|1,10,15,5430872,silent,5430857
12,19|5|5|5|4|3|2|2|2|1,10,19,4025203,silent,4025184
12,19|5|5|5|4|2|2|2|2|2,10,2,798368,silent,798366
12,19|5|5|5|3|3|3|3|1|1,10,0,-1,a0,
12,19|5|5|5|3|3|3|2|2|1,10,3,2379259,silent,2379256
12,19|5|5|5|3|3|2|2|2|2,10,4,1004445,silent,1004441
12,19|5|5|4|4|4|4|1|1|1,10,10,900243,silent,900233
12,19|5|5|4|4|4|3|2|1|1,10,22,3590083,silent,3590061
12,19|5|5|4|4|4|2|2|2|1,10,19,2133537,silent,2133518
12,19|5|5|4|4|3|3|3|1|1,10,1,2174037,silent,2174036
12,19|5|5|4|4|3|3|2|2|1,10,11,3498967,silent,3498956
12,19|5|5|4|4|3|2|2|2|2,10,9,1375998,silent,1375989
12,19|5|5|4|3|3|3|3|2|1,10,0,-1,a0,
12,19|5|5|4|3|3|3|2|2|2,10,1,1095791,silent,1095790
12,19|5|5|3|3|3|3|3|3|1,10,0,-1,a0,
12,19|5|5|3|3|3|3|3|2|2,10,0,-1,a0,
12,19|5|4|4|4|4|4|2|1|1,10,6,636396,silent,636390
12,19|5|4|4|4|4|3|3|1|1,10,2,824872,silent,824870
12,19|5|4|4|4|4|3|2|2|1,10,13,1239588,silent,1239575
12,19|5|4|4|4|4|2|2|2|2,10,10,386197,silent,386187
12,19|5|4|4|4|3|3|3|2|1,10,0,-1,a0,
12,19|5|4|4|4|3|3|2|2|2,10,2,679667,silent,679665
12,19|5|4|4|3|3|3|3|3|1,10,0,-1,a0,
12,19|5|4|4|3|3|3|3|2|2,10,0,-1,a0,
12,19|5|4|3|3|3|3|3|3|2,10,0,-1,a0,
12,19|5|3|3|3|3|3|3|3|3,10,0,-1,a0,
12,19|4|4|4|4|4|4|3|1|1,10,0,-1,a0,
12,19|4|4|4|4|4|4|2|2|1,10,4,103872,silent,103868
12,19|4|4|4|4|4|3|3|2|1,10,0,-1,a0,
12,19|4|4|4|4|4|3|2|2|2,10,3,106365,silent,106362
12,19|4|4|4|4|3|3|3|3|1,10,0,-1,a0,
12,19|4|4|4|4|3|3|3|2|2,10,0,-1,a0,
12,19|4|4|4|3|3|3|3|3|2,10,0,-1,a0,
12,19|4|4|3|3|3|3|3|3|3,10,0,-1,a0,
12,18|18|5|1|1|1|1|1|1|1,10,0,-1,a0,
12,18|18|4|2|1|1|1|1|1|1,10,0,-1,a0,
12,18|18|3|3|1|1|1|1|1|1,10,0,-1,a0,
12,18|18|3|2|2|1|1|1|1|1,10,0,-1,a0,
12,18|18|2|2|2|2|1|1|1|1,10,0,-1,a0,
12,18|17|6|1|1|1|1|1|1|1,10,0,-1,a0,
12,18|17|5|2|1|1|1|1|1|1,10,0,-1,a0,
12,18|17|4|3|1|1|1|1|1|1,10,0,-1,a0,
12,18|17|4|2|2|1|1|1|1|1,10,0,-1,a0,
12,18|17|3|3|2|1|1|1|1|1,10,0,-1,a0,
12,18|17|3|2|2|2|1|1|1|1,10,0,-1,a0,
12,18|17|2|2|2|2|2|1|1|1,10,0,-1,a0,
12,18|16|7|1|1|1|1|1|1|1,10,0,-1,a0,
12,18|16|6|2|1|1|1|1|1|1,10,0,-1,a0,
12,18|16|5|3|1|1|1|1|1|1,10,0,-1,a0,
12,18|16|5|2|2|1|1|1|1|1,10,0,-1,a0,
12,18|16|4|4|1|1|1|1|1|1,10,0,-1,a0,
12,18|16|4|3|2|1|1|1|1|1,10,3,565559,silent,565556
12,18|16|4|2|2|2|1|1|1|1,10,4,302606,silent,302602
12,18|16|3|3|3|1|1|1|1|1,10,4,159367,silent,159363
12,18|16|3|3|2|2|1|1|1|1,10,5,255219,silent,255214
12,18|16|3|2|2|2|2|1|1|1,10,7,111569,silent,111562
12,18|16|2|2|2|2|2|2|1|1,10,2,14863,silent,14861
12,18|15|8|1|1|1|1|1|1|1,10,0,-1,a0,
12,18|15|7|2|1|1|1|1|1|1,10,0,-1,a0,
12,18|15|6|3|1|1|1|1|1|1,10,3,1059583,silent,1059580
12,18|15|6|2|2|1|1|1|1|1,10,5,1035187,silent,1035182
12,18|15|5|4|1|1|1|1|1|1,10,3,992725,silent,992722
12,18|15|5|3|2|1|1|1|1|1,10,19,2185927,silent,2185908
12,18|15|5|2|2|2|1|1|1|1,10,18,1067409,silent,1067391
12,18|15|4|4|2|1|1|1|1|1,10,11,1251566,silent,1251555
12,18|15|4|3|3|1|1|1|1|1,10,19,1160109,silent,1160090
12,18|15|4|3|2|2|1|1|1|1,10,40,1724057,silent,1724017
12,18|15|4|2|2|2|2|1|1|1,10,30,580470,silent,580440
12,18|15|3|3|3|2|1|1|1|1,10,26,624252,silent,624226
12,18|15|3|3|2|2|2|1|1|1,10,36,512829,silent,512793
12,18|15|3|2|2|2|2|2|1|1,10,28,154211,silent,154183
12,18|15|2|2|2|2|2|2|2|1,10,11,14932,silent,14921
12,18|14|9|1|1|1|1|1|1|1,10,0,-1,a0,
12,18|14|8|2|1|1|1|1|1|1,10,1,823407,silent,823406
12,18|14|7|3|1|1|1|1|1|1,10,11,2109099,silent,2109088
12,18|14|7|2|2|1|1|1|1|1,10,15,2020423,silent,2020408
12,18|14|6|4|1|1|1|1|1|1,10,17,2748426,silent,2748409
12,18|14|6|3|2|1|1|1|1|1,10,71,5548776,silent,5548705
12,18|14|6|2|2|2|1|1|1|1,10,59,2598932,silent,2598873
12,18|14|5|5|1|1|1|1|1|1,10,9,1327914,silent,1327905
12,18|14|5|4|2|1|1|1|1|1,10,67,5714616,silent,5714549
12,18|14|5|3|3|1|1|1|1|1,10,75,4249376,silent,4249301
12,18|14|5|3|2|2|1|1|1|1,10,154,6092809,silent,6092655
12,18|14|5|2|2|2|2|1|1|1,10,99,1867862,silent,1867763
12,18|14|4|4|3|1|1|1|1|1,10,38,3048622,silent,3048584
12,18|14|4|4|2|2|1|1|1|1,10,76,3630071,silent,3629995
12,18|14|4|3|3|2|1|1|1|1,10,117,4220427,silent,4220310
12,18|14|4|3|2|2|2|1|1|1,10,149,3171958,silent,3171809
12,18|14|4|2|2|2|2|2|1|1,10,82,731985,silent,731903
12,18|14|3|3|3|3|1|1|1|1,10,29,731156,silent,731127
12,18|14|3|3|3|2|2|1|1|1,10,61,1264396,silent,1264335
12,18|14|3|3|2|2|2|2|1|1,10,68,664382,silent,664314
12,18|14|3|2|2|2|2|2|2|1,10,40,138070,silent,138030
12,18|14|2|2|2|2|2|2|2|2,10,13,8603,silent,8590
12,18|13|10|1|1|1|1|1|1|1,10,0,-1,a0,
12,18|13|9|2|1|1|1|1|1|1,10,4,998295,silent,998291
12,18|13|8|3|1|1|1|1|1|1,10,24,3095119,silent,3095095
12,18|13|8|2|2|1|1|1|1|1,10,33,2933724,silent,2933691
12,18|13|7|4|1|1|1|1|1|1,10,46,5175197,silent,5175151
12,18|13|7|3|2|1|1|1|1|1,10,144,10022774,silent,10022630
12,18|13|7|2|2|2|1|1|1|1,10,107,4586760,silent,4586653
12,18|13|6|5|1|1|1|1|1|1,10,46,4361741,silent,4361695
12,18|13|6|4|2|1|1|1|1|1,10,219,14553812,silent,14553593
12,18|13|6|3|3|1|1|1|1|1,10,189,10042271,silent,10042082
12,18|13|6|3|2|2|1|1|1|1,10,362,14137488,silent,14137126
12,18|13|6|2|2|2|2|1|1|1,10,195,4141715,silent,4141520
12,18|13|5|5|2|1|1|1|1|1,10,107,7318295,silent,7318188
12,18|13|5|4|3|1|1|1|1|1,10,209,13328798,silent,13328589
12,18|13|5|4|2|2|1|1|1|1,10,343,15320611,silent,15320268
12,18|13|5|3|3|2|1|1|1|1,10,369,14297688,silent,14297319
12,18|13|5|3|2|2|2|1|1|1,10,439,10310681,silent,10310242
12,18|13|5|2|2|2|2|2|1|1,10,203,2163252,silent,2163049
12,18|13|4|4|4|1|1|1|1|1,10,33,3104357,silent,3104324
12,18|13|4|4|3|2|1|1|1|1,10,198,10680616,silent,10680418
12,18|13|4|4|2|2|2|1|1|1,10,199,6286796,silent,6286597
12,18|13|4|3|3|3|1|1|1|1,10,114,4751721,silent,4751607
12,18|13|4|3|3|2|2|1|1|1,10,261,7940953,silent,7940692
12,18|13|4|3|2|2|2|2|1|1,10,247,3792842,silent,3792595
12,18|13|4|2|2|2|2|2|2|1,10,108,604720,silent,604612
12,18|13|3|3|3|3|2|1|1|1,10,43,1794834,silent,1794791
12,18|13|3|3|3|2|2|2|1|1,10,61,1590392,silent,1590331
12,18|13|3|3|2|2|2|2|2|1,10,50,554139,silent,554089
12,18|13|3|2|2|2|2|2|2|2,10,23,69652,silent,69629
12,18|12|11|1|1|1|1|1|1|1,10,0,-1,a0,
12,18|12|10|2|1|1|1|1|1|1,10,5,842848,silent,842843
12,18|12|9|3|1|1|1|1|1|1,10,32,3277253,silent,3277221
12,18|12|9|2|2|1|1|1|1|1,10,40,3086724,silent,3086684
12,18|12|8|4|1|1|1|1|1|1,10,74,6895121,silent,6895047
12,18|12|8|3|2|1|1|1|1|1,10,216,13077111,silent,13076895
12,18|12|8|2|2|2|1|1|1|1,10,155,5912331,silent,5912176
12,18|12|7|5|1|1|1|1|1|1,10,95,8128900,silent,8128805
12,18|12|7|4|2|1|1|1|1|1,10,390,24744488,silent,24744098
12,18|12|7|3|3|1|1|1|1|1,10,313,16512919,silent,16512606
12,18|12|7|3|2|2|1|1|1|1,10,578,23002810,silent,23002232
12,18|12|7|2|2|2|2|1|1|1,10,294,6580076,silent,6579782
12,18|12|6|6|1|1|1|1|1|1,10,53,3752389,silent,3752336
12,18|12|6|5|2|1|1|1|1|1,10,377,22051774,silent,22051397
12,18|12|6|4|3|1|1|1|1|1,10,531,31511495,silent,31510964
12,18|12|6|4|2|2|1|1|1|1,10,811,35582653,silent,35581842
12,18|12|6|3|3|2|1|1|1|1,10,731,30824034,silent,30823303
12,18|12|6|3|2|2|2|1|1|1,10,797,21745733,silent,21744936
12,18|12|6|2|2|2|2|2|1|1,10,308,4351343,silent,4351035
12,18|12|5|5|3|1|1|1|1|1,10,298,17229686,silent,17229388
12,18|12|5|5|2|2|1|1|1|1,10,427,18381463,silent,18381036
12,18|12|5|4|4|1|1|1|1|1,10,184,13652542,silent,13652358
12,18|12|5|4|3|2|1|1|1|1,10,847,43134192,silent,43133345
12,18|12|5|4|2|2|2|1|1|1,10,765,24394261,silent,24393496
12,18|12|5|3|3|3|1|1|1|1,10,306,15057947,silent,15057641
12,18|12|5|3|3|2|2|1|1|1,10,690,24705650,silent,24704960
12,18|12|5|3|2|2|2|2|1|1,10,588,11292468,silent,11291880
12,18|12|5|2|2|2|2|2|2|1,10,191,1629045,silent,1628854
12,18|12|4|4|4|2|1|1|1|1,10,142,11065635,silent,11065493
12,18|12|4|4|3|3|1|1|1|1,10,179,12206235,silent,12206056
12,18|12|4|4|3|2|2|1|1|1,10,412,18929122,silent,18928710
12,18|12|4|4|2|2|2|2|1|1,10,286,7007017,silent,7006731
12,18|12|4|3|3|3|2|1|1|1,10,197,10855032,silent,10854835
12,18|12|4|3|3|2|2|2|1|1,10,278,9230218,silent,9229940
12,18|12|4|3|2|2|2|2|2|1,10,202,2924299,silent,2924097
12,18|12|4|2|2|2|2|2|2|2,10,61,281850,silent,281789
12,18|12|3|3|3|3|3|1|1|1,10,12,1310583,silent,1310571
12,18|12|3|3|3|3|2|2|1|1,10,23,2319995,silent,2319972
12,18|12|3|3|3|2|2|2|2|1,10,27,1265249,silent,1265222
12,18|12|3|3|2|2|2|2|2|2,10,13,257776,silent,257763
12,18|11|11|2|1|1|1|1|1|1,10,4,333476,silent,333472
12,18|11|10|3|1|1|1|1|1|1,10,25,2149438,silent,2149413
12,18|11|10|2|2|1|1|1|1|1,10,30,2018394,silent,2018364
12,18|11|9|4|1|1|1|1|1|1,10,78,6178402,silent,6178324
12,18|11|9|3|2|1|1|1|1|1,10,198,11580166,silent,11579968
12,18|11|9|2|2|2|1|1|1|1,10,128,5196210,silent,5196082
12,18|11|8|5|1|1|1|1|1|1,10,131,9816063,silent,9815932
12,18|11|8|4|2|1|1|1|1|1,10,484,28662159,silent,28661675
12,18|11|8|3|3|1|1|1|1|1,10,357,18807322,silent,18806965
12,18|11|8|3|2|2|1|1|1|1,10,651,26047815,silent,26047164
12,18|11|8|2|2|2|2|1|1|1,10,308,7352311,silent,7352003
12,18|11|7|6|1|1|1|1|1|1,10,106,8040193,silent,8040087
12,18|11|7|5|2|1|1|1|1|1,10,610,36537345,silent,36536735
12,18|11|7|4|3|1|1|1|1|1,10,809,48022585,silent,48021776
12,18|11|7|4|2|2|1|1|1|1,10,1171,53675552,silent,53674381
12,18|11|7|3|3|2|1|1|1|1,10,1019,45006067,silent,45005048
12,18|11|7|3|2|2|2|1|1|1,10,1067,31363283,silent,31362216
12,18|11|7|2|2|2|2|2|1|1,10,398,6128835,silent,6128437
12,18|11|6|6|2|1|1|1|1|1,10,318,17451525,silent,17451207
12,18|11|6|5|3|1|1|1|1|1,10,838,47596231,silent,47595393
12,18|11|6|5|2|2|1|1|1|1,10,1095,49904418,silent,49903323
12,18|11|6|4|4|1|1|1|1|1,10,448,30302829,silent,30302381
12,18|11|6|4|3|2|1|1|1|1,10,1746,92008275,silent,92006529
12,18|11|6|4|2|2|2|1|1|1,10,1412,50933771,silent,50932359
12,18|11|6|3|3|3|1|1|1|1,10,547,29506036,silent,29505489
12,18|11|6|3|3|2|2|1|1|1,10,1180,47927272,silent,47926092
12,18|11|6|3|2|2|2|2|1|1,10,907,21390591,silent,21389684
12,18|11|6|2|2|2|2|2|2|1,10,263,2944103,silent,2943840
12,18|11|5|5|4|1|1|1|1|1,10,333,20884231,silent,20883898
12,18|11|5|5|3|2|1|1|1|1,10,1018,51811049,silent,51810031
12,18|11|5|5|2|2|2|1|1|1,10,781,26914350,silent,26913569
12,18|11|5|4|4|2|1|1|1|1,10,657,44576594,silent,44575937
12,18|11|5|4|3|3|1|1|1|1,10,687,45702299,silent,45701612
12,18|11|5|4|3|2|2|1|1|1,10,1437,69620325,silent,69618888
12,18|11|5|4|2|2|2|2|1|1,10,885,24695624,silent,24694739
12,18|11|5|3|3|3|2|1|1|1,10,473,31340635,silent,31340162
12,18|11|5|3|3|2|2|2|1|1,10,635,26077863,silent,26077228
12,18|11|5|3|2|2|2|2|2|1,10,390,7892030,silent,7891640
12,18|11|5|2|2|2|2|2|2|2,10,74,683052,silent,682978
12,18|11|4|4|4|3|1|1|1|1,10,145,15140497,silent,15140352
12,18|11|4|4|4|2|2|1|1|1,10,266,18829596,silent,18829330
12,18|11|4|4|3|3|2|1|1|1,10,342,26116381,silent,26116039
12,18|11|4|4|3|2|2|2|1|1,10,450,20378129,silent,20377679
12,18|11|4|4|2|2|2|2|2|1,10,241,4984857,silent,4984616
12,18|11|4|3|3|3|3|1|1|1,10,56,7404621,silent,7404565
12,18|11|4|3|3|3|2|2|1|1,10,136,12884652,silent,12884516
12,18|11|4|3|3|2|2|2|2|1,10,143,6723748,silent,6723605
12,18|11|4|3|2|2|2|2|2|2,10,71,1251622,silent,1251551
12,18|11|3|3|3|3|3|2|1|1,10,4,2059207,silent,2059203
12,18|11|3|3|3|3|2|2|2|1,10,6,1798896,silent,1798890
12,18|11|3|3|3|2|2|2|2|2,10,4,554020,silent,554016
12,18|10|10|4|1|1|1|1|1|1,10,29,2503576,silent,2503547
12,18|10|10|3|2|1|1|1|1|1,10,85,4674864,silent,4674779
12,18|10|10|2|2|2|1|1|1|1,10,62,2094124,silent,2094062
12,18|10|9|5|1|1|1|1|1|1,10,92,6895724,silent,6895632
12,18|10|9|4|2|1|1|1|1|1,10,334,19748276,silent,19747942
12,18|10|9|3|3|1|1|1|1|1,10,244,12854762,silent,12854518
12,18|10|9|3|2|2|1|1|1|1,10,439,17748328,silent,17747889
12,18|10|9|2|2|2|2|1|1|1,10,201,4976744,silent,4976543
12,18|10|8|6|1|1|1|1|1|1,10,122,8807789,silent,8807667
12,18|10|8|5|2|1|1|1|1|1,10,634,36675223,silent,36674589
12,18|10|8|4|3|1|1|1|1|1,10,779,46483500,silent,46482721
12,18|10|8|4|2|2|1|1|1|1,10,1132,51688138,silent,51687006
12,18|10|8|3|3|2|1|1|1|1,10,905,42645013,silent,42644108
12,18|10|8|3|2|2|2|1|1|1,10,934,29521031,silent,29520097
12,18|10|8|2|2|2|2|2|1|1,10,309,5688986,silent,5688677
12,18|10|7|7|1|1|1|1|1|1,10,51,4176243,silent,4176192
12,18|10|7|6|2|1|1|1|1|1,10,532,32212237,silent,32211705
12,18|10|7|5|3|1|1|1|1|1,10,1151,68656933,silent,68655782
12,18|10|7|5|2|2|1|1|1|1,10,1485,71299909,silent,71298424
12,18|10|7|4|4|1|1|1|1|1,10,590,40705867,silent,40705277
12,18|10|7|4|3|2|1|1|1|1,10,2203,121134450,silent,121132247
12,18|10|7|4|2|2|2|1|1|1,10,1735,66286330,silent,66284595
12,18|10|7|3|3|3|1|1|1|1,10,646,37403506,silent,37402860
12,18|10|7|3|3|2|2|1|1|1,10,1367,60403601,silent,60402234
12,18|10|7|3|2|2|2|2|1|1,10,1006,26615712,silent,26614706
12,18|10|7|2|2|2|2|2|2|1,10,262,3573526,silent,3573264
12,18|10|6|6|3|1|1|1|1|1,10,595,34711353,silent,34710758
12,18|10|6|6|2|2|1|1|1|1,10,710,35215774,silent,35215064
12,18|10|6|5|4|1|1|1|1|1,10,849,52986470,silent,52985621
12,18|10|6|5|3|2|1|1|1|1,10,2292,126414627,silent,126412335
12,18|10|6|5|2|2|2|1|1|1,10,1567,64305021,silent,64303454
12,18|10|6|4|4|2|1|1|1|1,10,1310,87533196,silent,87531886
12,18|10|6|4|3|3|1|1|1|1,10,1241,86833135,silent,86831894
12,18|10|6|4|3|2|2|1|1|1,10,2460,131002345,silent,130999885
12,18|10|6|4|2|2|2|2|1|1,10,1338,45402488,silent,45401150
12,18|10|6|3|3|3|2|1|1|1,10,760,54248585,silent,54247825
12,18|10|6|3|3|2|2|2|1|1,10,964,44604082,silent,44603118
12,18|10|6|3|2|2|2|2|2|1,10,537,13176211,silent,13175674
12,18|10|6|2|2|2|2|2|2|2,10,106,1091227,silent,1091121
12,18|10|5|5|5|1|1|1|1|1,10,203,11380381,silent,11380178
12,18|10|5|5|4|2|1|1|1|1,10,1021,62399923,silent,62398902
12,18|10|5|5|3|3|1|1|1|1,10,750,51392837,silent,51392087
12,18|10|5|5|3|2|2|1|1|1,10,1440,75724872,silent,75723432
12,18|10|5|5|2|2|2|2|1|1,10,711,24537553,silent,24536842
12,18|10|5|4|4|3|1|1|1|1,10,624,55647188,silent,55646564
12,18|10|5|4|4|2|2|1|1|1,10,1024,68045537,silent,68044513
12,18|10|5|4|3|3|2|1|1|1,10,1051,87680665,silent,87679614
12,18|10|5|4|3|2|2|2|1|1,10,1269,67010734,silent,67009465
12,18|10|5|4|2|2|2|2|2|1,10,532,15660530,silent,15659998
12,18|10|5|3|3|3|3|1|1|1,10,126,19329921,silent,19329795
12,18|10|5|3|3|3|2|2|1|1,10,310,33294789,silent,33294479
12,18|10|5|3|3|2|2|2|2|1,10,298,16981553,silent,16981255
12,18|10|5|3|2|2|2|2|2|2,10,111,3013817,silent,3013706
12,18|10|4|4|4|4|1|1|1|1,10,56,8030039,silent,8029983
12,18|10|4|4|4|3|2|1|1|1,10,284,30734026,silent,30733742
12,18|10|4|4|4|2|2|2|1|1,10,292,18824206,silent,18823914
12,18|10|4|4|3|3|3|1|1|1,10,110,16861870,silent,16861760
12,18|10|4|4|3|3|2|2|1|1,10,287,28374212,silent,28373925
12,18|10|4|4|3|2|2|2|2|1,10,270,13522264,silent,13521994
12,18|10|4|4|2|2|2|2|2|2,10,99,1943729,silent,1943630
12,18|10|4|3|3|3|3|2|1|1,10,26,10550236,silent,10550210
12,18|10|4|3|3|3|2|2|2|1,10,41,9017584,silent,9017543
12,18|10|4|3|3|2|2|2|2|2,10,28,2659192,silent,2659164
12,18|10|3|3|3|3|3|3|1|1,10,0,-1,a0,
12,18|10|3|3|3|3|3|2|2|1,10,0,-1,a0,
12,18|10|3|3|3|3|2|2|2|2,10,1,746216,silent,746215
12,18|9|9|6|1|1|1|1|1|1,10,54,3882477,silent,3882423
12,18|9|9|5|2|1|1|1|1|1,10,257,15642543,silent,15642286
12,18|9|9|4|3|1|1|1|1|1,10,328,19548267,silent,19547939
12,18|9|9|4|2|2|1|1|1|1,10,446,21673488,silent,21673042
12,18|9|9|3|3|2|1|1|1|1,10,386,17775992,silent,17775606
12,18|9|9|3|2|2|2|1|1|1,10,387,12268022,silent,12267635
12,18|9|9|2|2|2|2|2|1|1,10,144,2355474,silent,2355330
12,18|9|8|7|1|1|1|1|1|1,10,58,4393107,silent,4393049
12,18|9|8|6|2|1|1|1|1|1,10,448,26691780,silent,26691332
12,18|9|8|5|3|1|1|1|1|1,10,867,52576100,silent,52575233
12,18|9|8|5|2|2|1|1|1|1,10,1103,54343274,silent,54342171
12,18|9|8|4|4|1|1|1|1|1,10,442,30309540,silent,30309098
12,18|9|8|4|3|2|1|1|1|1,10,1576,89309879,silent,89308303
12,18|9|8|4|2|2|2|1|1|1,10,1206,48582773,silent,48581567
12,18|9|8|3|3|3|1|1|1|1,10,439,27101973,silent,27101534
12,18|9|8|3|3|2|2|1|1|1,10,937,43641255,silent,43640318
12,18|9|8|3|2|2|2|2|1|1,10,669,19102066,silent,19101397
12,18|9|8|2|2|2|2|2|2|1,10,166,2534389,silent,2534223
12,18|9|7|7|2|1|1|1|1|1,10,199,13834800,silent,13834601
12,18|9|7|6|3|1|1|1|1|1,10,829,52817765,silent,52816936
12,18|9|7|6|2|2|1|1|1|1,10,1002,53093468,silent,53092466
12,18|9|7|5|4|1|1|1|1|1,10,958,63995475,silent,63994517
12,18|9|7|5|3|2|1|1|1|1,10,2579,149817007,silent,149814428
12,18|9|7|5|2|2|2|1|1|1,10,1752,75390611,silent,75388859
12,18|9|7|4|4|2|1|1|1|1,10,1380,96837917,silent,96836537
12,18|9|7|4|3|3|1|1|1|1,10,1311,94589581,silent,94588270
12,18|9|7|4|3|2|2|1|1|1,10,2526,141937629,silent,141935103
12,18|9|7|4|2|2|2|2|1|1,10,1355,48620431,silent,48619076
12,18|9|7|3|3|3|2|1|1|1,10,734,56690624,silent,56689890
12,18|9|7|3|3|2|2|2|1|1,10,893,46303409,silent,46302516
12,18|9|7|3|2|2|2|2|2|1,10,471,13505255,silent,13504784
12,18|9|7|2|2|2|2|2|2|2,10,64,1087281,silent,1087217
12,18|9|6|6|4|1|1|1|1|1,10,562,36259432,silent,36258870
12,18|9|6|6|3|2|1|1|1|1,10,1304,79596208,silent,79594904
12,18|9|6|6|2|2|2|1|1|1,10,785,38950118,silent,38949333
12,18|9|6|5|5|1|1|1|1|1,10,448,26923666,silent,26923218
12,18|9|6|5|4|2|1|1|1|1,10,2059,135257169,silent,135255110
12,18|9|6|5|3|3|1|1|1|1,10,1485,107888299,silent,107886814
12,18|9|6|5|3|2|2|1|1|1,10,2661,157494784,silent,157492123
12,18|9|6|5|2|2|2|2|1|1,10,1200,49900537,silent,49899337
12,18|9|6|4|4|3|1|1|1|1,10,1053,94250026,silent,94248973
12,18|9|6|4|4|2|2|1|1|1,10,1601,114171024,silent,114169423
12,18|9|6|4|3|3|2|1|1|1,10,1627,142510242,silent,142508615
12,18|9|6|4|3|2|2|2|1|1,10,1805,107673171,silent,107671366
12,18|9|6|4|2|2|2|2|2|1,10,704,24585666,silent,24584962
12,18|9|6|3|3|3|3|1|1|1,10,185,28782616,silent,28782431
12,18|9|6|3|3|3|2|2|1|1,10,434,49307059,silent,49306625
12,18|9|6|3|3|2|2|2|2|1,10,385,24829824,silent,24829439
12,18|9|6|3|2|2|2|2|2|2,10,138,4306240,silent,4306102
12,18|9|5|5|5|2|1|1|1|1,10,545,31182346,silent,31181801
12,18|9|5|5|4|3|1|1|1|1,10,884,71163335,silent,71162451
12,18|9|5|5|4|2|2|1|1|1,10,1283,84223436,silent,84222153
12,18|9|5|5|3|3|2|1|1|1,10,959,87223216,silent,87222257
12,18|9|5|5|3|2|2|2|1|1,10,1011,64123167,silent,64122156
12,18|9|5|5|2|2|2|2|2|1,10,308,13642916,silent,13642608
12,18|9|5|4|4|4|1|1|1|1,10,224,26839767,silent,26839543
12,18|9|5|4|4|3|2|1|1|1,10,952,98906991,silent,98906039
12,18|9|5|4|4|2|2|2|1|1,10,863,59389022,silent,59388159
12,18|9|5|4|3|3|3|1|1|1,10,298,49927387,silent,49927089
12,18|9|5|4|3|3|2|2|1|1,10,713,83191985,silent,83191272
12,18|9|5|4|3|2|2|2|2|1,10,593,38770982,silent,38770389
12,18|9|5|4|2|2|2|2|2|2,10,138,5303261,silent,5303123
12,18|9|5|3|3|3|3|2|1|1,10,62,24106611,silent,24106549
12,18|9|5|3|3|3|2|2|2|1,10,97,20364325,silent,20364228
12,18|9|5|3|3|2|2|2|2|2,10,63,5870456,silent,5870393
12,18|9|4|4|4|4|2|1|1|1,10,106,16051445,silent,16051339
12,18|9|4|4|4|3|3|1|1|1,10,113,19486393,silent,19486280
12,18|9|4|4|4|3|2|2|1|1,10,276,30451857,silent,30451581
12,18|9|4|4|4|2|2|2|2|1,10,202,11285315,silent,11285113
12,18|9|4|4|3|3|3|2|1|1,10,73,21593597,silent,21593524
12,18|9|4|4|3|3|2|2|2|1,10,114,17740800,silent,17740686
12,18|9|4|4|3|2|2|2|2|2,10,76,4775474,silent,4775398
12,18|9|4|3|3|3|3|3|1|1,10,1,4373513,silent,4373512
12,18|9|4|3|3|3|3|2|2|1,10,3,7384536,silent,7384533
12,18|9|4|3|3|3|2|2|2|2,10,4,3303738,silent,3303734
12,18|9|3|3|3|3|3|3|2|1,10,0,-1,a0,
12,18|9|3|3|3|3|3|2|2|2,10,0,-1,a0,
12,18|8|8|8|1|1|1|1|1|1,10,12,744373,silent,744361
12,18|8|8|7|2|1|1|1|1|1,10,139,8430592,silent,8430453
12,18|8|8|6|3|1|1|1|1|1,10,410,25952520,silent,25952110
12,18|8|8|6|2|2|1|1|1|1,10,497,25999936,silent,25999439
12,18|8|8|5|4|1|1|1|1|1,10,452,29487217,silent,29486765
12,18|8|8|5|3|2|1|1|1|1,10,1126,68470402,silent,68469276
12,18|8|8|5|2|2|2|1|1|1,10,744,34288230,silent,34287486
12,18|8|8|4|4|2|1|1|1|1,10,636,43225854,silent,43225218
12,18|8|8|4|3|3|1|1|1|1,10,544,41925996,silent,41925452
12,18|8|8|4|3|2|2|1|1|1,10,1071,62777268,silent,62776197
12,18|8|8|4|2|2|2|2|1|1,10,527,21377060,silent,21376533
12,18|8|8|3|3|3|2|1|1|1,10,311,24719252,silent,24718941
12,18|8|8|3|3|2|2|2|1|1,10,399,20136451,silent,20136052
12,18|8|8|3|2|2|2|2|2|1,10,197,5839851,silent,5839654
12,18|8|8|2|2|2|2|2|2|2,10,43,469418,silent,469375
12,18|8|7|7|3|1|1|1|1|1,10,245,17171110,silent,17170865
12,18|8|7|7|2|2|1|1|1|1,10,298,16991175,silent,16990877
12,18|8|7|6|4|1|1|1|1|1,10,583,41490981,silent,41490398
12,18|8|7|6|3|2|1|1|1|1,10,1402,89544013,silent,89542611
12,18|8|7|6|2|2|2|1|1|1,10,873,43402462,silent,43401589
12,18|8|7|5|5|1|1|1|1|1,10,390,25156940,silent,25156550
12,18|8|7|5|4|2|1|1|1|1,10,1774,121909696,silent,121907922
12,18|8|7|5|3|3|1|1|1|1,10,1259,95871981,silent,95870722
12,18|8|7|5|3|2|2|1|1|1,10,2243,139293407,silent,139291164
12,18|8|7|5|2|2|2|2|1|1,10,991,43665531,silent,43664540
12,18|8|7|4|4|3|1|1|1|1,10,858,78518877,silent,78518019
12,18|8|7|4|4|2|2|1|1|1,10,1297,94676971,silent,94675674
12,18|8|7|4|3|3|2|1|1|1,10,1269,116494963,silent,116493694
12,18|8|7|4|3|2|2|2|1|1,10,1379,87514306,silent,87512927
12,18|8|7|4|2|2|2|2|2|1,10,499,19753426,silent,19752927
12,18|8|7|3|3|3|3|1|1|1,10,140,22697195,silent,22697055
12,18|8|7|3|3|3|2|2|1|1,10,322,38767017,silent,38766695
12,18|8|7|3|3|2|2|2|2|1,10,278,19399189,silent,19398911
12,18|8|7|3|2|2|2|2|2|2,10,88,3323096,silent,3323008
12,18|8|6|6|5|1|1|1|1|1,10,294,19247364,silent,19247070
12,18|8|6|6|4|2|1|1|1|1,10,1055,75588217,silent,75587162
12,18|8|6|6|3|3|1|1|1|1,10,714,56158710,silent,56157996
12,18|8|6|6|3|2|2|1|1|1,10,1182,80654054,silent,80652872
12,18|8|6|6|2|2|2|2|1|1,10,465,24520365,silent,24519900
12,18|8|6|5|5|2|1|1|1|1,10,898,59464374,silent,59463476
12,18|8|6|5|4|3|1|1|1|1,10,1476,125461514,silent,125460038
12,18|8|6|5|4|2|2|1|1|1,10,1980,147166097,silent,147164117
12,18|8|6|5|3|3|2|1|1|1,10,1570,147876183,silent,147874613
12,18|8|6|5|3|2|2|2|1|1,10,1531,107543758,silent,107542227
12,18|8|6|5|2|2|2|2|2|1,10,472,22392012,silent,22391540
12,18|8|6|4|4|4|1|1|1|1,10,340,37572833,silent,37572493
12,18|8|6|4|4|3|2|1|1|1,10,1257,135830506,silent,135829249
12,18|8|6|4|4|2|2|2|1|1,10,1012,80673266,silent,80672254
12,18|8|6|4|3|3|3|1|1|1,10,397,66146408,silent,66146011
12,18|8|6|4|3|3|2|2|1|1,10,909,109664157,silent,109663248
12,18|8|6|4|3|2|2|2|2|1,10,687,50500208,silent,50499521
12,18|8|6|4|2|2|2|2|2|2,10,179,6764487,silent,6764308
12,18|8|6|3|3|3|3|2|1|1,10,75,29205005,silent,29204930
12,18|8|6|3|3|3|2|2|2|1,10,110,24513847,silent,24513737
12,18|8|6|3|3|2|2|2|2|2,10,58,6976109,silent,6976051
12,18|8|5|5|5|3|1|1|1|1,10,443,33097960,silent,33097517
12,18|8|5|5|5|2|2|1|1|1,10,534,36425587,silent,36425053
12,18|8|5|5|4|4|1|1|1|1,10,341,31779950,silent,31779609
12,18|8|5|5|4|3|2|1|1|1,10,1052,107820374,silent,107819322
12,18|8|5|5|4|2|2|2|1|1,10,779,62326610,silent,62325831
12,18|8|5|5|3|3|3|1|1|1,10,236,42880869,silent,42880633
12,18|8|5|5|3|3|2|2|1|1,10,522,70259611,silent,70259089
12,18|8|5|5|3|2|2|2|2|1,10,351,31410103,silent,31409752
12,18|8|5|5|2|2|2|2|2|2,10,49,3902335,silent,3902286
12,18|8|5|4|4|4|2|1|1|1,10,360,45288096,silent,45287736
12,18|8|5|4|4|3|3|1|1|1,10,305,53242838,silent,53242533
12,18|8|5|4|4|3|2|2|1|1,10,667,82465961,silent,82465294
12,18|8|5|4|4|2|2|2|2|1,10,386,29894448,silent,29894062
12,18|8|5|4|3|3|3|2|1|1,10,166,53891008,silent,53890842
12,18|8|5|4|3|3|2|2|2|1,10,246,43792986,silent,43792740
12,18|8|5|4|3|2|2|2|2|2,10,125,11513361,silent,11513236
12,18|8|5|3|3|3|3|3|1|1,10,3,8485294,silent,8485291
12,18|8|5|3|3|3|3|2|2|1,10,10,14244442,silent,14244432
12,18|8|5|3|3|3|2|2|2|2,10,13,6298771,silent,6298758
12,18|8|4|4|4|4|3|1|1|1,10,62,11557014,silent,11556952
12,18|8|4|4|4|4|2|2|1|1,10,114,14501933,silent,14501819
12,18|8|4|4|4|3|3|2|1|1,10,102,22171938,silent,22171836
12,18|8|4|4|4|3|2|2|2|1,10,148,16750253,silent,16750105
12,18|8|4|4|4|2|2|2|2|2,10,74,3495052,silent,3494978
12,18|8|4|4|3|3|3|3|1|1,10,4,7920466,silent,7920462
12,18|8|4|4|3|3|3|2|2|1,10,17,13145672,silent,13145655
12,18|8|4|4|3|3|2|2|2|2,10,17,5635129,silent,5635112
12,18|8|4|3|3|3|3|3|2|1,10,0,-1,a0,
12,18|8|4|3|3|3|3|2|2|2,10,0,-1,a0,
12,18|8|3|3|3|3|3|3|3|1,10,0,-1,a0,
12,18|8|3|3|3|3|3|3|2|2,10,0,-1,a0,
12,18|7|7|7|4|1|1|1|1|1,10,94,7998917,silent,7998823
12,18|7|7|7|3|2|1|1|1|1,10,253,16711896,silent,16711643
12,18|7|7|7|2|2|2|1|1|1,10,172,7967943,silent,7967771
12,18|7|7|6|5|1|1|1|1|1,10,169,12901787,silent,12901618
12,18|7|7|6|4|2|1|1|1|1,10,643,49145808,silent,49145165
12,18|7|7|6|3|3|1|1|1|1,10,448,36103609,silent,36103161
12,18|7|7|6|3|2|2|1|1|1,10,764,51644740,silent,51643976
12,18|7|7|6|2|2|2|2|1|1,10,321,15579717,silent,15579396
12,18|7|7|5|5|2|1|1|1|1,10,483,32092881,silent,32092398
12,18|7|7|5|4|3|1|1|1|1,10,745,65829020,silent,65828275
12,18|7|7|5|4|2|2|1|1|1,10,1035,76933823,silent,76932788
12,18|7|7|5|3|3|2|1|1|1,10,779,76384606,silent,76383827
12,18|7|7|5|3|2|2|2|1|1,10,741,55295208,silent,55294467
12,18|7|7|5|2|2|2|2|2|1,10,209,11404355,silent,11404146
12,18|7|7|4|4|4|1|1|1|1,10,150,18474224,silent,18474074
12,18|7|7|4|4|3|2|1|1|1,10,609,66299315,silent,66298706
12,18|7|7|4|4|2|2|2|1|1,10,520,39212781,silent,39212261
12,18|7|7|4|3|3|3|1|1|1,10,189,31830914,silent,31830725
12,18|7|7|4|3|3|2|2|1|1,10,398,52635903,silent,52635505
12,18|7|7|4|3|2|2|2|2|1,10,296,24118805,silent,24118509
12,18|7|7|4|2|2|2|2|2|2,10,47,3188845,silent,3188798
12,18|7|7|3|3|3|3|2|1|1,10,40,13603463,silent,13603423
12,18|7|7|3|3|3|2|2|2|1,10,50,11385907,silent,11385857
12,18|7|7|3|3|2|2|2|2|2,10,35,3226719,silent,3226684
12,18|7|6|6|6|1|1|1|1|1,10,51,3845819,silent,3845768
12,18|7|6|6|5|2|1|1|1|1,10,403,31092972,silent,31092569
12,18|7|6|6|4|3|1|1|1|1,10,570,52088196,silent,52087626
12,18|7|6|6|4|2|2|1|1|1,10,701,60152367,silent,60151666
12,18|7|6|6|3|3|2|1|1|1,10,574,56455830,silent,56455256
12,18|7|6|6|3|2|2|2|1|1,10,503,40294416,silent,40293913
12,18|7|6|6|2|2|2|2|2|1,10,155,8058669,silent,8058514
12,18|7|6|5|5|3|1|1|1|1,10,564,45941938,silent,45941374
12,18|7|6|5|5|2|2|1|1|1,10,641,50162479,silent,50161838
12,18|7|6|5|4|4|1|1|1|1,10,409,41372228,silent,41371819
12,18|7|6|5|4|3|2|1|1|1,10,1274,137961085,silent,137959811
12,18|7|6|5|4|2|2|2|1|1,10,879,78971854,silent,78970975
12,18|7|6|5|3|3|3|1|1|1,10,314,53092134,silent,53091820
12,18|7|6|5|3|3|2|2|1|1,10,636,86601275,silent,86600639
12,18|7|6|5|3|2|2|2|2|1,10,408,38303479,silent,38303071
12,18|7|6|5|2|2|2|2|2|2,10,76,4672788,silent,4672712
12,18|7|6|4|4|4|2|1|1|1,10,351,46428766,silent,46428415
12,18|7|6|4|4|3|3|1|1|1,10,311,53818198,silent,53817887
12,18|7|6|4|4|3|2|2|1|1,10,632,82969165,silent,82968533
12,18|7|6|4|4|2|2|2|2|1,10,347,29760350,silent,29760003
12,18|7|6|4|3|3|3|2|1|1,10,168,52464776,silent,52464608
12,18|7|6|4|3|3|2|2|2|1,10,221,42391587,silent,42391366
12,18|7|6|4|3|2|2|2|2|2,10,110,11022106,silent,11021996
12,18|7|6|3|3|3|3|3|1|1,10,4,7612529,silent,7612525
12,18|7|6|3|3|3|3|2|2|1,10,10,12745360,silent,12745350
12,18|7|6|3|3|3|2|2|2|2,10,10,5597795,silent,5597785
12,18|7|5|5|5|4|1|1|1|1,10,202,15294679,silent,15294477
12,18|7|5|5|5|3|2|1|1|1,10,396,40890576,silent,40890180
12,18|7|5|5|5|2|2|2|1|1,10,210,21763796,silent,21763586
12,18|7|5|5|4|4|2|1|1|1,10,390,43017184,silent,43016794
12,18|7|5|5|4|3|3|1|1|1,10,264,47111121,silent,47110857
12,18|7|5|5|4|3|2|2|1|1,10,505,71810841,silent,71810336
12,18|7|5|5|4|2|2|2|2|1,10,210,24995206,silent,24994996
12,18|7|5|5|3|3|3|2|1|1,10,107,37078885,silent,37078778
12,18|7|5|5|3|3|2|2|2|1,10,139,29556594,silent,29556455
12,18|7|5|5|3|2|2|2|2|2,10,51,7444556,silent,7444505
12,18|7|5|4|4|4|3|1|1|1,10,152,26027588,silent,26027436
12,18|7|5|4|4|4|2|2|1|1,10,263,32411308,silent,32411045
12,18|7|5|4|4|3|3|2|1|1,10,186,48023057,silent,48022871
12,18|7|5|4|4|3|2|2|2|1,10,240,35909978,silent,35909738
12,18|7|5|4|4|2|2|2|2|2,10,71,7309921,silent,7309850
12,18|7|5|4|3|3|3|3|1|1,10,12,15784570,silent,15784558
12,18|7|5|4|3|3|3|2|2|1,10,36,26057478,silent,26057442
12,18|7|5|4|3|3|2|2|2|2,10,39,11056478,silent,11056439
12,18|7|5|3|3|3|3|3|2|1,10,0,-1,a0,
12,18|7|5|3|3|3|3|2|2|2,10,0,-1,a0,
12,18|7|4|4|4|4|4|1|1|1,10,15,2872729,silent,2872714
12,18|7|4|4|4|4|3|2|1|1,10,69,11532390,silent,11532321
12,18|7|4|4|4|4|2|2|2|1,10,81,6858772,silent,6858691
12,18|7|4|4|4|3|3|3|1|1,10,11,7106108,silent,7106097
12,18|7|4|4|4|3|3|2|2|1,10,37,11409386,silent,11409349
12,18|7|4|4|4|3|2|2|2|2,10,38,4482254,silent,4482216
12,18|7|4|4|3|3|3|3|2|1,10,0,-1,a0,
12,18|7|4|4|3|3|3|2|2|2,10,1,3732525,silent,3732524
12,18|7|4|3|3|3|3|3|3|1,10,0,-1,a0,
12,18|7|4|3|3|3|3|3|2|2,10,0,-1,a0,
12,18|7|3|3|3|3|3|3|3|2,10,0,-1,a0,
12,18|6|6|6|6|2|1|1|1|1,10,42,3516271,silent,3516229
12,18|6|6|6|5|3|1|1|1|1,10,152,13497412,silent,13497260
12,18|6|6|6|5|2|2|1|1|1,10,145,14529810,silent,14529665
12,18|6|6|6|4|4|1|1|1|1,10,95,9931563,silent,9931468
12,18|6|6|6|4|3|2|1|1|1,10,272,32029971,silent,32029699
12,18|6|6|6|4|2|2|2|1|1,10,158,18016430,silent,18016272
12,18|6|6|6|3|3|3|1|1|1,10,80,11454796,silent,11454716
12,18|6|6|6|3|3|2|2|1|1,10,143,18548092,silent,18547949
12,18|6|6|6|3|2|2|2|2|1,10,89,8050861,silent,8050772
12,18|6|6|6|2|2|2|2|2|2,10,30,951912,silent,951882
12,18|6|6|5|5|4|1|1|1|1,10,127,11822777,silent,11822650
12,18|6|6|5|5|3|2|1|1|1,10,287,31177257,silent,31176970
12,18|6|6|5|5|2|2|2|1|1,10,165,16468171,silent,16468006
12,18|6|6|5|4|4|2|1|1|1,10,238,30985480,silent,30985242
12,18|6|6|5|4|3|3|1|1|1,10,202,33546731,silent,33546529
12,18|6|6|5|4|3|2|2|1|1,10,345,50935658,silent,50935313
12,18|6|6|5|4|2|2|2|2|1,10,160,17580178,silent,17580018
12,18|6|6|5|3|3|3|2|1|1,10,81,25580161,silent,25580080
12,18|6|6|5|3|3|2|2|2|1,10,93,20292879,silent,20292786
12,18|6|6|5|3|2|2|2|2|2,10,38,5066822,silent,5066784
12,18|6|6|4|4|4|3|1|1|1,10,87,15132220,silent,15132133
12,18|6|6|4|4|4|2|2|1|1,10,118,18756113,silent,18755995
12,18|6|6|4|4|3|3|2|1|1,10,120,27491455,silent,27491335
12,18|6|6|4|4|3|2|2|2|1,10,132,20459341,silent,20459209
12,18|6|6|4|4|2|2|2|2|2,10,61,4137594,silent,4137533
12,18|6|6|4|3|3|3|3|1|1,10,6,8760991,silent,8760985
12,18|6|6|4|3|3|3|2|2|1,10,20,14436162,silent,14436142
12,18|6|6|4|3|3|2|2|2|2,10,14,6086550,silent,6086536
12,18|6|6|3|3|3|3|3|2|1,10,0,-1,a0,
12,18|6|6|3|3|3|3|2|2|2,10,1,1994418,silent,1994417
12,18|6|5|5|5|5|1|1|1|1,10,33,2348630,silent,2348597
12,18|6|5|5|5|4|2|1|1|1,10,143,15062281,silent,15062138
12,18|6|5|5|5|3|3|1|1|1,10,71,13315412,silent,13315341
12,18|6|5|5|5|3|2|2|1|1,10,114,19671328,silent,19671214
12,18|6|5|5|5|2|2|2|2|1,10,30,6281025,silent,6280995
12,18|6|5|5|4|4|3|1|1|1,10,118,17891396,silent,17891278
12,18|6|5|5|4|4|2|2|1|1,10,157,21948025,silent,21947868
12,18|6|5|5|4|3|3|2|1|1,10,100,30362609,silent,30362509
12,18|6|5|5|4|3|2|2|2|1,10,102,22293744,silent,22293642
12,18|6|5|5|4|2|2|2|2|2,10,17,4353310,silent,4353293
12,18|6|5|5|3|3|3|3|1|1,10,5,7850435,silent,7850430
12,18|6|5|5|3|3|3|2|2|1,10,19,12849486,silent,12849467
12,18|6|5|5|3|3|2|2|2|2,10,17,5347343,silent,5347326
12,18|6|5|4|4|4|4|1|1|1,10,31,4656299,silent,4656268
12,18|6|5|4|4|4|3|2|1|1,10,103,18368849,silent,18368746
12,18|6|5|4|4|4|2|2|2|1,10,88,10818055,silent,10817967
12,18|6|5|4|4|3|3|3|1|1,10,17,10949698,silent,10949681
12,18|6|5|4|4|3|3|2|2|1,10,48,17508405,silent,17508357
12,18|6|5|4|4|3|2|2|2|2,10,37,6804296,silent,6804259
12,18|6|5|4|3|3|3|3|2|1,10,1,7646975,silent,7646974
12,18|6|5|4|3|3|3|2|2|2,10,3,5270193,silent,5270190
12,18|6|5|3|3|3|3|3|3|1,10,0,-1,a0,
12,18|6|5|3|3|3|3|3|2|2,10,0,-1,a0,
12,18|6|4|4|4|4|4|2|1|1,10,18,2496784,silent,2496766
12,18|6|4|4|4|4|3|3|1|1,10,14,3207738,silent,3207724
12,18|6|4|4|4|4|3|2|2|1,10,37,4789741,silent,4789704
12,18|6|4|4|4|4|2|2|2|2,10,30,1472813,silent,1472783
12,18|6|4|4|4|3|3|3|2|1,10,2,3836726,silent,3836724
12,18|6|4|4|4|3|3|2|2|2,10,4,2556658,silent,2556654
12,18|6|4|4|3|3|3|3|3|1,10,0,-1,a0,
12,18|6|4|4|3|3|3|3|2|2,10,0,-1,a0,
12,18|6|4|3|3|3|3|3|3|2,10,0,-1,a0,
12,18|6|3|3|3|3|3|3|3|3,10,0,-1,a0,
12,18|5|5|5|5|5|2|1|1|1,10,9,1304989,silent,1304980
12,18|5|5|5|5|4|3|1|1|1,10,24,3514043,silent,3514019
12,18|5|5|5|5|4|2|2|1|1,10,18,4180604,silent,4180586
12,18|5|5|5|5|3|3|2|1|1,10,13,4691647,silent,4691634
12,18|5|5|5|5|3|2|2|2|1,10,9,3326209,silent,3326200
12,18|5|5|5|5|2|2|2|2|2,10,2,597260,silent,597258
12,18|5|5|5|4|4|4|1|1|1,10,21,1780464,silent,1780443
12,18|5|5|5|4|4|3|2|1|1,10,32,6793736,silent,6793704
12,18|5|5|5|4|4|2|2|2|1,10,14,3933067,silent,3933053
12,18|5|5|5|4|3|3|3|1|1,10,3,3762698,silent,3762695
12,18|5|5|5|4|3|3|2|2|1,10,12,5973756,silent,5973744
12,18|5|5|5|4|3|2|2|2|2,10,5,2278957,silent,2278952
12,18|5|5|5|3|3|3|3|2|1,10,0,-1,a0,
12,18|5|5|5|3|3|3|2|2|2,10,1,1416844,silent,1416843
12,18|5|5|4|4|4|4|2|1|1,10,24,2158553,silent,2158529
12,18|5|5|4|4|4|3|3|1|1,10,8,2729211,silent,2729203
12,18|5|5|4|4|4|3|2|2|1,10,22,4067014,silent,4066992
12,18|5|5|4|4|4|2|2|2|2,10,5,1230888,silent,1230883
12,18|5|5|4|4|3|3|3|2|1,10,2,3169070,silent,3169068
12,18|5|5|4|4|3|3|2|2|2,10,6,2107147,silent,2107141
12,18|5|5|4|3|3|3|3|3|1,10,0,-1,a0,
12,18|5|5|4|3|3|3|3|2|2,10,0,-1,a0,
12,18|5|5|3|3|3|3|3|3|2,10,0,-1,a0,
12,18|5|4|4|4|4|4|3|1|1,10,6,636948,silent,636942
12,18|5|4|4|4|4|4|2|2|1,10,14,767582,silent,767568
12,18|5|4|4|4|4|3|3|2|1,10,4,1242990,silent,1242986
12,18|5|4|4|4|4|3|2|2|2,10,8,765567,silent,765559
12,18|5|4|4|4|3|3|3|3|1,10,0,-1,a0,
12,18|5|4|4|4|3|3|3|2|2,10,0,-1,a0,
12,18|5|4|4|3|3|3|3|3|2,10,0,-1,a0,
12,18|5|4|3|3|3|3|3|3|3,10,0,-1,a0,
12,18|4|4|4|4|4|4|4|1|1,10,0,-1,a0,
12,18|4|4|4|4|4|4|3|2|1,10,2,137267,silent,137265
12,18|4|4|4|4|4|4|2|2|2,10,6,68211,silent,68205
12,18|4|4|4|4|4|3|3|3|1,10,0,-1,a0,
12,18|4|4|4|4|4|3|3|2|2,10,0,-1,a0,
12,18|4|4|4|4|3|3|3|3|2,10,0,-1,a0,
12,18|4|4|4|3|3|3|3|3|3,10,0,-1,a0,
12,17|17|7|1|1|1|1|1|1|1,10,0,-1,a0,
12,17|17|6|2|1|1|1|1|1|1,10,0,-1,a0,
12,17|17|5|3|1|1|1|1|1|1,10,0,-1,a0,
12,17|17|5|2|2|1|1|1|1|1,10,0,-1,a0,
12,17|17|4|4|1|1|1|1|1|1,10,1,71602,silent,71601
12,17|17|4|3|2|1|1|1|1|1,10,1,200488,silent,200487
12,17|17|4|2|2|2|1|1|1|1,10,0,-1,a0,
12,17|17|3|3|3|1|1|1|1|1,10,0,-1,a0,
12,17|17|3|3|2|2|1|1|1|1,10,4,90792,silent,90788
12,17|17|3|2|2|2|2|1|1|1,10,2,39491,silent,39489
12,17|17|2|2|2|2|2|2|1|1,10,3,5455,silent,5452
12,17|16|8|1|1|1|1|1|1|1,10,0,-1,a0,
12,17|16|7|2|1|1|1|1|1|1,10,0,-1,a0,
12,17|16|6|3|1|1|1|1|1|1,10,2,589172,silent,589170
12,17|16|6|2|2|1|1|1|1|1,10,3,575351,silent,575348
12,17|16|5|4|1|1|1|1|1|1,10,2,551096,silent,551094
12,17|16|5|3|2|1|1|1|1|1,10,11,1212418,silent,1212407
12,17|16|5|2|2|2|1|1|1|1,10,11,591564,silent,591553
12,17|16|4|4|2|1|1|1|1|1,10,7,693536,silent,693529
12,17|16|4|3|3|1|1|1|1|1,10,11,642404,silent,642393
12,17|16|4|3|2|2|1|1|1|1,10,23,954132,silent,954109
12,17|16|4|2|2|2|2|1|1|1,10,17,320778,silent,320761
12,17|16|3|3|3|2|1|1|1|1,10,15,345096,silent,345081
12,17|16|3|3|2|2|2|1|1|1,10,20,283183,silent,283163
12,17|16|3|2|2|2|2|2|1|1,10,15,84965,silent,84950
12,17|16|2|2|2|2|2|2|2|1,10,6,8213,silent,8207
12,17|15|9|1|1|1|1|1|1|1,10,0,-1,a0,
12,17|15|8|2|1|1|1|1|1|1,10,2,585504,silent,585502
12,17|15|7|3|1|1|1|1|1|1,10,8,1487515,silent,1487507
12,17|15|7|2|2|1|1|1|1|1,10,11,1423410,silent,1423399
12,17|15|6|4|1|1|1|1|1|1,10,18,1931898,silent,1931880
12,17|15|6|3|2|1|1|1|1|1,10,54,3891935,silent,3891881
12,17|15|6|2|2|2|1|1|1|1,10,39,1818922,silent,1818883
12,17|15|5|5|1|1|1|1|1|1,10,4,929906,silent,929902
12,17|15|5|4|2|1|1|1|1|1,10,51,3998062,silent,3998011
12,17|15|5|3|3|1|1|1|1|1,10,56,2970255,silent,2970199
12,17|15|5|3|2|2|1|1|1|1,10,117,4255962,silent,4255845
12,17|15|5|2|2|2|2|1|1|1,10,72,1302263,silent,1302191
12,17|15|4|4|3|1|1|1|1|1,10,35,2128994,silent,2128959
12,17|15|4|4|2|2|1|1|1|1,10,47,2529470,silent,2529423
12,17|15|4|3|3|2|1|1|1|1,10,89,2941816,silent,2941727
12,17|15|4|3|2|2|2|1|1|1,10,107,2207084,silent,2206977
12,17|15|4|2|2|2|2|2|1|1,10,64,509092,silent,509028
12,17|15|3|3|3|3|1|1|1|1,10,16,507841,silent,507825
12,17|15|3|3|3|2|2|1|1|1,10,46,878526,silent,878480
12,17|15|3|3|2|2|2|2|1|1,10,40,459724,silent,459684
12,17|15|3|2|2|2|2|2|2|1,10,27,95303,silent,95276
12,17|15|2|2|2|2|2|2|2|2,10,4,5663,silent,5659
12,17|14|10|1|1|1|1|1|1|1,10,0,-1,a0,
12,17|14|9|2|1|1|1|1|1|1,10,4,856732,silent,856728
12,17|14|8|3|1|1|1|1|1|1,10,23,2611551,silent,2611528
12,17|14|8|2|2|1|1|1|1|1,10,32,2472944,silent,2472912
12,17|14|7|4|1|1|1|1|1|1,10,44,4322295,silent,4322251
12,17|14|7|3|2|1|1|1|1|1,10,135,8356726,silent,8356591
12,17|14|7|2|2|2|1|1|1|1,10,97,3818370,silent,3818273
12,17|14|6|5|1|1|1|1|1|1,10,43,3623293,silent,3623250
12,17|14|6|4|2|1|1|1|1|1,10,203,12058452,silent,12058249
12,17|14|6|3|3|1|1|1|1|1,10,169,8309855,silent,8309686
12,17|14|6|3|2|2|1|1|1|1,10,321,11686482,silent,11686161
12,17|14|6|2|2|2|2|1|1|1,10,163,3415479,silent,3415316
12,17|14|5|5|2|1|1|1|1|1,10,98,6046031,silent,6045933
12,17|14|5|4|3|1|1|1|1|1,10,190,10988506,silent,10988316
12,17|14|5|4|2|2|1|1|1|1,10,306,12617550,silent,12617244
12,17|14|5|3|3|2|1|1|1|1,10,322,11760079,silent,11759757
12,17|14|5|3|2|2|2|1|1|1,10,368,8465546,silent,8465178
12,17|14|5|2|2|2|2|2|1|1,10,160,1769926,silent,1769766
12,17|14|4|4|4|1|1|1|1|1,10,32,2552513,silent,2552481
12,17|14|4|4|3|2|1|1|1|1,10,178,8767598,silent,8767420
12,17|14|4|4|2|2|2|1|1|1,10,169,5151398,silent,5151229
12,17|14|4|3|3|3|1|1|1|1,10,98,3893738,silent,3893640
12,17|14|4|3|3|2|2|1|1|1,10,222,6498777,silent,6498555
12,17|14|4|3|2|2|2|2|1|1,10,198,3095164,silent,3094966
12,17|14|4|2|2|2|2|2|2|1,10,83,491123,silent,491040
12,17|14|3|3|3|3|2|1|1|1,10,37,1465007,silent,1464970
12,17|14|3|3|3|2|2|2|1|1,10,50,1295154,silent,1295104
12,17|14|3|3|2|2|2|2|2|1,10,39,449319,silent,449280
12,17|14|3|2|2|2|2|2|2|2,10,17,56135,silent,56118
12,17|13|11|1|1|1|1|1|1|1,10,1,103899,silent,103898
12,17|13|10|2|1|1|1|1|1|1,10,7,897433,silent,897426
12,17|13|9|3|1|1|1|1|1|1,10,38,3313683,silent,3313645
12,17|13|9|2|2|1|1|1|1|1,10,44,3115087,silent,3115043
12,17|13|8|4|1|1|1|1|1|1,10,93,6782741,silent,6782648
12,17|13|8|3|2|1|1|1|1|1,10,238,12827632,silent,12827394
12,17|13|8|2|2|2|1|1|1|1,10,156,5784292,silent,5784136
12,17|13|7|5|1|1|1|1|1|1,10,103,7873214,silent,7873111
12,17|13|7|4|2|1|1|1|1|1,10,423,23880543,silent,23880120
12,17|13|7|3|3|1|1|1|1|1,10,335,15911051,silent,15910716
12,17|13|7|3|2|2|1|1|1|1,10,604,22133901,silent,22133297
12,17|13|7|2|2|2|2|1|1|1,10,292,6314061,silent,6313769
12,17|13|6|6|1|1|1|1|1|1,10,65,3612799,silent,3612734
12,17|13|6|5|2|1|1|1|1|1,10,401,21103335,silent,21102934
12,17|13|6|4|3|1|1|1|1|1,10,576,30072017,silent,30071441
12,17|13|6|4|2|2|1|1|1|1,10,811,33904098,silent,33903287
12,17|13|6|3|3|2|1|1|1|1,10,753,29330289,silent,29329536
12,17|13|6|3|2|2|2|1|1|1,10,777,20646463,silent,20645686
12,17|13|6|2|2|2|2|2|1|1,10,299,4118475,silent,4118176
12,17|13|5|5|3|1|1|1|1|1,10,306,16368470,silent,16368164
12,17|13|5|5|2|2|1|1|1|1,10,449,17445110,silent,17444661
12,17|13|5|4|4|1|1|1|1|1,10,196,12943373,silent,12943177
12,17|13|5|4|3|2|1|1|1|1,10,866,40812458,silent,40811592
12,17|13|5|4|2|2|2|1|1|1,10,748,23033218,silent,23032470
12,17|13|5|3|3|3|1|1|1|1,10,305,14214472,silent,14214167
12,17|13|5|3|3|2|2|1|1|1,10,669,23288119,silent,23287450
12,17|13|5|3|2|2|2|2|1|1,10,531,10609686,silent,10609155
12,17|13|5|2|2|2|2|2|2|1,10,164,1522163,silent,1521999
12,17|13|4|4|4|2|1|1|1|1,10,140,10426649,silent,10426509
12,17|13|4|4|3|3|1|1|1|1,10,202,11493023,silent,11492821
12,17|13|4|4|3|2|2|1|1|1,10,399,17790535,silent,17790136
12,17|13|4|4|2|2|2|2|1|1,10,285,6568829,silent,6568544
12,17|13|4|3|3|3|2|1|1|1,10,192,10178700,silent,10178508
12,17|13|4|3|3|2|2|2|1|1,10,250,8630429,silent,8630179
12,17|13|4|3|2|2|2|2|2|1,10,175,2721752,silent,2721577
12,17|13|4|2|2|2|2|2|2|2,10,41,258950,silent,258909
12,17|13|3|3|3|3|3|1|1|1,10,9,1223169,silent,1223160
12,17|13|3|3|3|3|2|2|1|1,10,27,2162940,silent,2162913
12,17|13|3|3|3|2|2|2|2|1,10,23,1174046,silent,1174023
12,17|13|3|3|2|2|2|2|2|2,10,16,238248,silent,238232
12,17|12|12|1|1|1|1|1|1|1,10,0,-1,a0,
12,17|12|11|2|1|1|1|1|1|1,10,6,583240,silent,583234
12,17|12|10|3|1|1|1|1|1|1,10,39,2873122,silent,2873083
12,17|12|10|2|2|1|1|1|1|1,10,50,2693711,silent,2693661
12,17|12|9|4|1|1|1|1|1|1,10,111,7463158,silent,7463047
12,17|12|9|3|2|1|1|1|1|1,10,277,13945703,silent,13945426
12,17|12|9|2|2|2|1|1|1|1,10,175,6242173,silent,6241998
12,17|12|8|5|1|1|1|1|1|1,10,177,11305488,silent,11305311
12,17|12|8|4|2|1|1|1|1|1,10,641,32847861,silent,32847220
12,17|12|8|3|3|1|1|1|1|1,10,452,21502571,silent,21502119
12,17|12|8|3|2|2|1|1|1|1,10,806,29733654,silent,29732848
12,17|12|8|2|2|2|2|1|1|1,10,351,8362311,silent,8361960
12,17|12|7|6|1|1|1|1|1|1,10,143,9052986,silent,9052843
12,17|12|7|5|2|1|1|1|1|1,10,777,40830052,silent,40829275
12,17|12|7|4|3|1|1|1|1|1,10,1013,53444211,silent,53443198
12,17|12|7|4|2|2|1|1|1|1,10,1419,59642722,silent,59641303
12,17|12|7|3|3|2|1|1|1|1,10,1202,49892690,silent,49891488
12,17|12|7|3|2|2|2|1|1|1,10,1196,34682120,silent,34680924
12,17|12|7|2|2|2|2|2|1|1,10,412,6744862,silent,6744450
12,17|12|6|6|2|1|1|1|1|1,10,394,19290578,silent,19290184
12,17|12|6|5|3|1|1|1|1|1,10,1014,52259683,silent,52258669
12,17|12|6|5|2|2|1|1|1|1,10,1290,54707993,silent,54706703
12,17|12|6|4|4|1|1|1|1|1,10,561,33171248,silent,33170687
12,17|12|6|4|3|2|1|1|1|1,10,2058,100460603,silent,100458545
12,17|12|6|4|2|2|2|1|1|1,10,1573,55474889,silent,55473316
12,17|12|6|3|3|3|1|1|1|1,10,628,32118518,silent,32117890
12,17|12|6|3|3|2|2|1|1|1,10,1318,52084390,silent,52083072
12,17|12|6|3|2|2|2|2|1|1,10,946,23161294,silent,23160348
12,17|12|6|2|2|2|2|2|2|1,10,261,3168410,silent,3168149
12,17|12|5|5|4|1|1|1|1|1,10,398,22707126,silent,22706728
12,17|12|5|5|3|2|1|1|1|1,10,1175,56190462,silent,56189287
12,17|12|5|5|2|2|2|1|1|1,10,853,29116878,silent,29116025
12,17|12|5|4|4|2|1|1|1|1,10,788,48201393,silent,48200605
12,17|12|5|4|3|3|1|1|1|1,10,799,49330198,silent,49329399
12,17|12|5|4|3|2|2|1|1|1,10,1602,75021841,silent,75020239
12,17|12|5|4|2|2|2|2|1|1,10,915,26513865,silent,26512950
12,17|12|5|3|3|3|2|1|1|1,10,532,33670276,silent,33669744
12,17|12|5|3|3|2|2|2|1|1,10,671,27937181,silent,27936510
12,17|12|5|3|2|2|2|2|2|1,10,385,8410544,silent,8410159
12,17|12|5|2|2|2|2|2|2|2,10,72,722213,silent,722141
12,17|12|4|4|4|3|1|1|1|1,10,181,16251947,silent,16251766
12,17|12|4|4|4|2|2|1|1|1,10,303,20177673,silent,20177370
12,17|12|4|4|3|3|2|1|1|1,10,387,27935913,silent,27935526
12,17|12|4|4|3|2|2|2|1|1,10,473,21735434,silent,21734961
12,17|12|4|4|2|2|2|2|2|1,10,235,5288747,silent,5288512
12,17|12|4|3|3|3|3|1|1|1,10,63,7889671,silent,7889608
12,17|12|4|3|3|3|2|2|1|1,10,148,13700136,silent,13699988
12,17|12|4|3|3|2|2|2|2|1,10,141,7117070,silent,7116929
12,17|12|4|3|2|2|2|2|2|2,10,67,1314907,silent,1314840
12,17|12|3|3|3|3|3|2|1|1,10,5,2176585,silent,2176580
12,17|12|3|3|3|3|2|2|2|1,10,6,1894207,silent,1894201
12,17|12|3|3|3|2|2|2|2|2,10,4,579290,silent,579286
12,17|11|11|3|1|1|1|1|1|1,10,21,1148340,silent,1148319
12,17|11|11|2|2|1|1|1|1|1,10,15,1072429,silent,1072414
12,17|11|10|4|1|1|1|1|1|1,10,85,4995885,silent,4995800
12,17|11|10|3|2|1|1|1|1|1,10,195,9277714,silent,9277519
12,17|11|10|2|2|2|1|1|1|1,10,117,4136296,silent,4136179
12,17|11|9|5|1|1|1|1|1|1,10,175,10537955,silent,10537780
12,17|11|9|4|2|1|1|1|1|1,10,586,29959241,silent,29958655
12,17|11|9|3|3|1|1|1|1|1,10,427,19440880,silent,19440453
12,17|11|9|3|2|2|1|1|1|1,10,715,26781396,silent,26780681
12,17|11|9|2|2|2|2|1|1|1,10,315,7477808,silent,7477493
12,17|11|8|6|1|1|1|1|1|1,10,217,12262038,silent,12261821
12,17|11|8|5|2|1|1|1|1|1,10,994,50465865,silent,50464871
12,17|11|8|4|3|1|1|1|1|1,10,1224,63587726,silent,63586502
12,17|11|8|4|2|2|1|1|1|1,10,1641,70549113,silent,70547472
12,17|11|8|3|3|2|1|1|1|1,10,1339,58034577,silent,58033238
12,17|11|8|3|2|2|2|1|1|1,10,1287,40050380,silent,40049093
12,17|11|8|2|2|2|2|2|1|1,10,419,7680990,silent,7680571
12,17|11|7|7|1|1|1|1|1|1,10,77,5612497,silent,5612420
12,17|11|7|6|2|1|1|1|1|1,10,800,42528315,silent,42527515
12,17|11|7|5|3|1|1|1|1|1,10,1677,89738676,silent,89736999
12,17|11|7|5|2|2|1|1|1|1,10,2092,93008694,silent,93006602
12,17|11|7|4|4|1|1|1|1|1,10,863,52961822,silent,52960959
12,17|11|7|4|3|2|1|1|1|1,10,3080,157093680,silent,157090600
12,17|11|7|4|2|2|2|1|1|1,10,2292,85710055,silent,85707763
12,17|11|7|3|3|3|1|1|1|1,10,882,48305680,silent,48304798
12,17|11|7|3|3|2|2|1|1|1,10,1782,77854228,silent,77852446
12,17|11|7|3|2|2|2|2|1|1,10,1227,34163230,silent,34162003
12,17|11|7|2|2|2|2|2|2|1,10,294,4553972,silent,4553678
12,17|11|6|6|3|1|1|1|1|1,10,854,44537340,silent,44536486
12,17|11|6|6|2|2|1|1|1|1,10,947,45081995,silent,45081048
12,17|11|6|5|4|1|1|1|1|1,10,1186,67394444,silent,67393258
12,17|11|6|5|3|2|1|1|1|1,10,3097,160269190,silent,160266093
12,17|11|6|5|2|2|2|1|1|1,10,2014,81285749,silent,81283735
12,17|11|6|4|4|2|1|1|1|1,10,1769,110469578,silent,110467809
12,17|11|6|4|3|3|1|1|1|1,10,1708,109351401,silent,109349693
12,17|11|6|4|3|2|2|1|1|1,10,3166,164642543,silent,164639377
12,17|11|6|4|2|2|2|2|1|1,10,1649,56837102,silent,56835453
12,17|11|6|3|3|3|2|1|1|1,10,976,67896846,silent,67895870
12,17|11|6|3|3|2|2|2|1|1,10,1145,55644414,silent,55643269
12,17|11|6|3|2|2|2|2|2|1,10,600,16344793,silent,16344193
12,17|11|6|2|2|2|2|2|2|2,10,95,1337495,silent,1337400
12,17|11|5|5|5|1|1|1|1|1,10,273,14280177,silent,14279904
12,17|11|5|5|4|2|1|1|1|1,10,1370,77913374,silent,77912004
12,17|11|5|5|3|3|1|1|1|1,10,975,64012749,silent,64011774
12,17|11|5|5|3|2|2|1|1|1,10,1820,94145885,silent,94144065
12,17|11|5|5|2|2|2|2|1|1,10,818,30374210,silent,30373392
12,17|11|5|4|4|3|1|1|1|1,10,849,69013091,silent,69012242
12,17|11|5|4|4|2|2|1|1|1,10,1330,84228911,silent,84227581
12,17|11|5|4|3|3|2|1|1|1,10,1356,108278790,silent,108277434
12,17|11|5|4|3|2|2|2|1|1,10,1521,82493452,silent,82491931
12,17|11|5|4|2|2|2|2|2|1,10,585,19167017,silent,19166432
12,17|11|5|3|3|3|3|1|1|1,10,166,23749608,silent,23749442
12,17|11|5|3|3|3|2|2|1|1,10,385,40816999,silent,40816614
12,17|11|5|3|3|2|2|2|2|1,10,338,20718703,silent,20718365
12,17|11|5|3|2|2|2|2|2|2,10,120,3648137,silent,3648017
12,17|11|4|4|4|4|1|1|1|1,10,66,9857617,silent,9857551
12,17|11|4|4|4|3|2|1|1|1,10,378,37635613,silent,37635235
12,17|11|4|4|4|2|2|2|1|1,10,373,22986113,silent,22985740
12,17|11|4|4|3|3|3|1|1|1,10,154,20581595,silent,20581441
12,17|11|4|4|3|3|2|2|1|1,10,333,34546027,silent,34545694
12,17|11|4|4|3|2|2|2|2|1,10,301,16387280,silent,16386979
12,17|11|4|4|2|2|2|2|2|2,10,84,2331636,silent,2331552
12,17|11|4|3|3|3|3|2|1|1,10,37,12781226,silent,12781189
12,17|11|4|3|3|3|2|2|2|1,10,49,10880558,silent,10880509
12,17|11|4|3|3|2|2|2|2|2,10,35,3188182,silent,3188147
12,17|11|3|3|3|3|3|3|1|1,10,0,-1,a0,
12,17|11|3|3|3|3|3|2|2|1,10,1,1945486,silent,1945485
12,17|11|3|3|3|3|2|2|2|2,10,0,-1,a0,
12,17|10|10|5|1|1|1|1|1|1,10,72,4348406,silent,4348334
12,17|10|10|4|2|1|1|1|1|1,10,259,12258399,silent,12258140
12,17|10|10|3|3|1|1|1|1|1,10,160,7917963,silent,7917803
12,17|10|10|3|2|2|1|1|1|1,10,295,10898015,silent,10897720
12,17|10|10|2|2|2|2|1|1|1,10,112,3029853,silent,3029741
12,17|10|9|6|1|1|1|1|1|1,10,154,9060590,silent,9060436
12,17|10|9|5|2|1|1|1|1|1,10,702,35898077,silent,35897375
12,17|10|9|4|3|1|1|1|1|1,10,845,44452940,silent,44452095
12,17|10|9|4|2|2|1|1|1|1,10,1134,49172026,silent,49170892
12,17|10|9|3|3|2|1|1|1|1,10,904,40122881,silent,40121977
12,17|10|9|3|2|2|2|1|1|1,10,852,27586878,silent,27586026
12,17|10|9|2|2|2|2|2|1|1,10,267,5253087,silent,5252820
12,17|10|8|7|1|1|1|1|1|1,10,132,8036452,silent,8036320
12,17|10|8|6|2|1|1|1|1|1,10,918,47426574,silent,47425656
12,17|10|8|5|3|1|1|1|1|1,10,1687,91956784,silent,91955097
12,17|10|8|5|2|2|1|1|1|1,10,2065,94804023,silent,94801958
12,17|10|8|4|4|1|1|1|1|1,10,893,52648145,silent,52647252
12,17|10|8|4|3|2|1|1|1|1,10,2924,154431648,silent,154428724
12,17|10|8|4|2|2|2|1|1|1,10,2076,83692074,silent,83689998
12,17|10|8|3|3|3|1|1|1|1,10,787,46579818,silent,46579031
12,17|10|8|3|3|2|2|1|1|1,10,1624,74835781,silent,74834157
12,17|10|8|3|2|2|2|2|1|1,10,1061,32589794,silent,32588733
12,17|10|8|2|2|2|2|2|2|1,10,252,4288009,silent,4287757
12,17|10|7|7|2|1|1|1|1|1,10,391,22803099,silent,22802708
12,17|10|7|6|3|1|1|1|1|1,10,1487,84681778,silent,84680291
12,17|10|7|6|2|2|1|1|1|1,10,1723,84911441,silent,84909718
12,17|10|7|5|4|1|1|1|1|1,10,1681,101208944,silent,101207263
12,17|10|7|5|3|2|1|1|1|1,10,4286,235884396,silent,235880110
12,17|10|7|5|2|2|2|1|1|1,10,2731,118260799,silent,118258068
12,17|10|7|4|4|2|1|1|1|1,10,2365,151437607,silent,151435242
12,17|10|7|4|3|3|1|1|1|1,10,2159,147430623,silent,147428464
12,17|10|7|4|3|2|2|1|1|1,10,3980,220727365,silent,220723385
12,17|10|7|4|2|2|2|2|1|1,10,1949,75226679,silent,75224730
12,17|10|7|3|3|3|2|1|1|1,10,1162,87639477,silent,87638315
12,17|10|7|3|3|2|2|2|1|1,10,1330,71328118,silent,71326788
12,17|10|7|3|2|2|2|2|2|1,10,645,20667715,silent,20667070
12,17|10|7|2|2|2|2|2|2|2,10,93,1648816,silent,1648723
12,17|10|6|6|4|1|1|1|1|1,10,942,55386554,silent,55385612
12,17|10|6|6|3|2|1|1|1|1,10,2100,121053485,silent,121051385
12,17|10|6|6|2|2|2|1|1|1,10,1203,59020656,silent,59019453
12,17|10|6|5|5|1|1|1|1|1,10,707,40678099,silent,40677392
12,17|10|6|5|4|2|1|1|1|1,10,3259,202929317,silent,202926058
12,17|10|6|5|3|3|1|1|1|1,10,2322,161348806,silent,161346484
12,17|10|6|5|3|2|2|1|1|1,10,4009,234999567,silent,234995558
12,17|10|6|5|2|2|2|2|1|1,10,1685,74089149,silent,74087464
12,17|10|6|4|4|3|1|1|1|1,10,1711,140004015,silent,140002304
12,17|10|6|4|4|2|2|1|1|1,10,2432,169206027,silent,169203595
12,17|10|6|4|3|3|2|1|1|1,10,2478,210530711,silent,210528233
12,17|10|6|4|3|2|2|2|1|1,10,2554,158497369,silent,158494815
12,17|10|6|4|2|2|2|2|2|1,10,919,35954241,silent,35953322
12,17|10|6|3|3|3|3|1|1|1,10,280,42220898,silent,42220618
12,17|10|6|3|3|3|2|2|1|1,10,635,72154603,silent,72153968
12,17|10|6|3|3|2|2|2|2|1,10,507,36145764,silent,36145257
12,17|10|6|3|2|2|2|2|2|2,10,170,6214954,silent,6214784
12,17|10|5|5|5|2|1|1|1|1,10,801,45732309,silent,45731508
12,17|10|5|5|4|3|1|1|1|1,10,1352,103770064,silent,103768712
12,17|10|5|5|4|2|2|1|1|1,10,1878,122531543,silent,122529665
12,17|10|5|5|3|3|2|1|1|1,10,1434,126496630,silent,126495196
12,17|10|5|5|3|2|2|2|1|1,10,1408,92663050,silent,92661642
12,17|10|5|5|2|2|2|2|2|1,10,401,19587276,silent,19586875
12,17|10|5|4|4|4|1|1|1|1,10,377,38808271,silent,38807894
12,17|10|5|4|4|3|2|1|1|1,10,1440,142479468,silent,142478028
12,17|10|5|4|4|2|2|2|1|1,10,1183,85241958,silent,85240775
12,17|10|5|4|3|3|3|1|1|1,10,456,71607504,silent,71607048
12,17|10|5|4|3|3|2|2|1|1,10,1021,119029260,silent,119028239
12,17|10|5|4|3|2|2|2|2|1,10,761,55181824,silent,55181063
12,17|10|5|4|2|2|2|2|2|2,10,170,7483871,silent,7483701
12,17|10|5|3|3|3|3|2|1|1,10,95,34243628,silent,34243533
12,17|10|5|3|3|3|2|2|2|1,10,130,28808849,silent,28808719
12,17|10|5|3|3|2|2|2|2|2,10,72,8242017,silent,8241945
12,17|10|4|4|4|4|2|1|1|1,10,168,22775149,silent,22774981
12,17|10|4|4|4|3|3|1|1|1,10,179,27576616,silent,27576437
12,17|10|4|4|4|3|2|2|1|1,10,384,42988925,silent,42988541
12,17|10|4|4|4|2|2|2|2|1,10,253,15847021,silent,15846768
12,17|10|4|4|3|3|3|2|1|1,10,109,30345886,silent,30345777
12,17|10|4|4|3|3|2|2|2|1,10,149,24829041,silent,24828892
12,17|10|4|4|3|2|2|2|2|2,10,88,6632953,silent,6632865
12,17|10|4|3|3|3|3|3|1|1,10,2,6093164,silent,6093162
12,17|10|4|3|3|3|3|2|2|1,10,6,10257291,silent,10257285
12,17|10|4|3|3|3|2|2|2|2,10,5,4559162,silent,4559157
12,17|10|3|3|3|3|3|3|2|1,10,0,-1,a0,
12,17|10|3|3|3|3|3|2|2|2,10,0,-1,a0,
12,17|9|9|7|1|1|1|1|1|1,10,59,3838092,silent,3838033
12,17|9|9|6|2|1|1|1|1|1,10,379,21054311,silent,21053932
12,17|9|9|5|3|1|1|1|1|1,10,721,39609034,silent,39608313
12,17|9|9|5|2|2|1|1|1|1,10,866,40728854,silent,40727988
12,17|9|9|4|4|1|1|1|1|1,10,343,22399741,silent,22399398
12,17|9|9|4|3|2|1|1|1|1,10,1220,65409602,silent,65408382
12,17|9|9|4|2|2|2|1|1|1,10,887,35349996,silent,35349109
12,17|9|9|3|3|3|1|1|1|1,10,340,19576889,silent,19576549
12,17|9|9|3|3|2|2|1|1|1,10,646,31392600,silent,31391954
12,17|9|9|3|2|2|2|2|1|1,10,435,13632531,silent,13632096
12,17|9|9|2|2|2|2|2|2|1,10,90,1781450,silent,1781360
12,17|9|8|8|1|1|1|1|1|1,10,47,2384173,silent,2384126
12,17|9|8|7|2|1|1|1|1|1,10,437,24309073,silent,24308636
12,17|9|8|6|3|1|1|1|1|1,10,1237,71287167,silent,71285930
12,17|9|8|6|2|2|1|1|1|1,10,1396,71140367,silent,71138971
12,17|9|8|5|4|1|1|1|1|1,10,1295,79147608,silent,79146313
12,17|9|8|5|3|2|1|1|1|1,10,3191,182658232,silent,182655041
12,17|9|8|5|2|2|2|1|1|1,10,1987,91034849,silent,91032862
12,17|9|8|4|4|2|1|1|1|1,10,1734,114021973,silent,114020239
12,17|9|8|4|3|3|1|1|1|1,10,1559,110118133,silent,110116574
12,17|9|8|4|3|2|2|1|1|1,10,2821,164382129,silent,164379308
12,17|9|8|4|2|2|2|2|1|1,10,1351,55657258,silent,55655907
12,17|9|8|3|3|3|2|1|1|1,10,807,64150731,silent,64149924
12,17|9|8|3|3|2|2|2|1|1,10,916,52022264,silent,52021348
12,17|9|8|3|2|2|2|2|2|1,10,429,14971035,silent,14970606
12,17|9|8|2|2|2|2|2|2|2,10,58,1179993,silent,1179935
12,17|9|7|7|3|1|1|1|1|1,10,596,37798609,silent,37798013
12,17|9|7|7|2|2|1|1|1|1,10,716,37279797,silent,37279081
12,17|9|7|6|4|1|1|1|1|1,10,1328,87241014,silent,87239686
12,17|9|7|6|3|2|1|1|1|1,10,3065,187125023,silent,187121958
12,17|9|7|6|2|2|2|1|1|1,10,1817,90270068,silent,90268251
12,17|9|7|5|5|1|1|1|1|1,10,855,51922772,silent,51921917
12,17|9|7|5|4|2|1|1|1|1,10,3782,249020180,silent,249016398
12,17|9|7|5|3|3|1|1|1|1,10,2643,194926054,silent,194923411
12,17|9|7|5|3|2|2|1|1|1,10,4520,282400075,silent,282395555
12,17|9|7|5|2|2|2|2|1|1,10,1845,87981340,silent,87979495
12,17|9|7|4|4|3|1|1|1|1,10,1840,157907343,silent,157905503
12,17|9|7|4|4|2|2|1|1|1,10,2662,189870637,silent,189867975
12,17|9|7|4|3|3|2|1|1|1,10,2565,232534606,silent,232532041
12,17|9|7|4|3|2|2|2|1|1,10,2592,173946913,silent,173944321
12,17|9|7|4|2|2|2|2|2|1,10,848,38954288,silent,38953440
12,17|9|7|3|3|3|3|1|1|1,10,290,44843247,silent,44842957
12,17|9|7|3|3|3|2|2|1|1,10,619,76374164,silent,76373545
12,17|9|7|3|3|2|2|2|2|1,10,488,37994463,silent,37993975
12,17|9|7|3|2|2|2|2|2|2,10,139,6442473,silent,6442334
12,17|9|6|6|5|1|1|1|1|1,10,580,36843357,silent,36842777
12,17|9|6|6|4|2|1|1|1|1,10,2047,143196102,silent,143194055
12,17|9|6|6|3|3|1|1|1|1,10,1413,105925512,silent,105924099
12,17|9|6|6|3|2|2|1|1|1,10,2233,151677118,silent,151674885
12,17|9|6|6|2|2|2|2|1|1,10,867,45848612,silent,45847745
12,17|9|6|5|5|2|1|1|1|1,10,1708,110598648,silent,110596940
12,17|9|6|5|4|3|1|1|1|1,10,2813,231305700,silent,231302887
12,17|9|6|5|4|2|2|1|1|1,10,3657,270556520,silent,270552863
12,17|9|6|5|3|3|2|1|1|1,10,2888,270610674,silent,270607786
12,17|9|6|5|3|2|2|2|1|1,10,2634,195967277,silent,195964643
12,17|9|6|5|2|2|2|2|2|1,10,742,40485489,silent,40484747
12,17|9|6|4|4|4|1|1|1|1,10,641,68326232,silent,68325591
12,17|9|6|4|4|3|2|1|1|1,10,2358,245893784,silent,245891426
12,17|9|6|4|4|2|2|2|1|1,10,1803,145448208,silent,145446405
12,17|9|6|4|3|3|3|1|1|1,10,754,119017530,silent,119016776
12,17|9|6|4|3|3|2|2|1|1,10,1558,196750657,silent,196749099
12,17|9|6|4|3|2|2|2|2|1,10,1083,90075062,silent,90073979
12,17|9|6|4|2|2|2|2|2|2,10,224,11931874,silent,11931650
12,17|9|6|3|3|3|3|2|1|1,10,147,51866408,silent,51866261
12,17|9|6|3|3|3|2|2|2|1,10,185,43338747,silent,43338562
12,17|9|6|3|3|2|2|2|2|2,10,97,12240368,silent,12240271
12,17|9|5|5|5|3|1|1|1|1,10,780,58549012,silent,58548232
12,17|9|5|5|5|2|2|1|1|1,10,899,64252039,silent,64251140
12,17|9|5|5|4|4|1|1|1|1,10,634,55847276,silent,55846642
12,17|9|5|5|4|3|2|1|1|1,10,1861,188555658,silent,188553797
12,17|9|5|5|4|2|2|2|1|1,10,1262,108523873,silent,108522611
12,17|9|5|5|3|3|3|1|1|1,10,430,74533050,silent,74532620
12,17|9|5|5|3|3|2|2|1|1,10,907,121795055,silent,121794148
12,17|9|5|5|3|2|2|2|2|1,10,545,54124514,silent,54123969
12,17|9|5|5|2|2|2|2|2|2,10,83,6662941,silent,6662858
12,17|9|5|4|4|4|2|1|1|1,10,660,78143924,silent,78143264
12,17|9|5|4|4|3|3|1|1|1,10,551,91551114,silent,91550563
12,17|9|5|4|4|3|2|2|1|1,10,1120,141411160,silent,141410040
12,17|9|5|4|4|2|2|2|2|1,10,572,50955574,silent,50955002
12,17|9|5|4|3|3|3|2|1|1,10,297,91837282,silent,91836985
12,17|9|5|4|3|3|2|2|2|1,10,385,74296383,silent,74295998
12,17|9|5|4|3|2|2|2|2|2,10,170,19372821,silent,19372651
12,17|9|5|3|3|3|3|3|1|1,10,7,14288368,silent,14288361
12,17|9|5|3|3|3|3|2|2|1,10,19,23910092,silent,23910073
12,17|9|5|3|3|3|2|2|2|2,10,18,10501523,silent,10501505
12,17|9|4|4|4|4|3|1|1|1,10,107,19376121,silent,19376014
12,17|9|4|4|4|4|2|2|1|1,10,209,24259963,silent,24259754
12,17|9|4|4|4|3|3|2|1|1,10,166,36936510,silent,36936344
12,17|9|4|4|4|3|2|2|2|1,10,217,27782380,silent,27782163
12,17|9|4|4|4|2|2|2|2|2,10,79,5739989,silent,5739910
12,17|9|4|4|3|3|3|3|1|1,10,13,13097310,silent,13097297
12,17|9|4|4|3|3|3|2|2|1,10,28,21662377,silent,21662349
12,17|9|4|4|3|3|2|2|2|2,10,30,9229801,silent,9229771
12,17|9|4|3|3|3|3|3|2|1,10,0,-1,a0,
12,17|9|4|3|3|3|3|2|2|2,10,0,-1,a0,
12,17|9|3|3|3|3|3|3|3|1,10,0,-1,a0,
12,17|9|3|3|3|3|3|3|2|2,10,0,-1,a0,
12,17|8|8|8|2|1|1|1|1|1,10,87,4189332,silent,4189245
12,17|8|8|7|3|1|1|1|1|1,10,377,23284425,silent,23284048
12,17|8|8|7|2|2|1|1|1|1,10,427,22881868,silent,22881441
12,17|8|8|6|4|1|1|1|1|1,10,696,43543213,silent,43542517
12,17|8|8|6|3|2|1|1|1|1,10,1470,92638533,silent,92637063
12,17|8|8|6|2|2|2|1|1|1,10,823,44469568,silent,44468745
12,17|8|8|5|5|1|1|1|1|1,10,374,24477741,silent,24477367
12,17|8|8|5|4|2|1|1|1|1,10,1709,115590571,silent,115588862
12,17|8|8|5|3|3|1|1|1|1,10,1164,89878026,silent,89876862
12,17|8|8|5|3|2|2|1|1|1,10,1995,129919195,silent,129917200
12,17|8|8|5|2|2|2|2|1|1,10,792,40252330,silent,40251538
12,17|8|8|4|4|3|1|1|1|1,10,840,71107074,silent,71106234
12,17|8|8|4|4|2|2|1|1|1,10,1107,85280877,silent,85279770
12,17|8|8|4|3|3|2|1|1|1,10,1121,103778391,silent,103777270
12,17|8|8|4|3|2|2|2|1|1,10,1106,77401735,silent,77400629
12,17|8|8|4|2|2|2|2|2|1,10,374,17241756,silent,17241382
12,17|8|8|3|3|3|3|1|1|1,10,113,19696505,silent,19696392
12,17|8|8|3|3|3|2|2|1|1,10,277,33512474,silent,33512197
12,17|8|8|3|3|2|2|2|2|1,10,202,16613758,silent,16613556
12,17|8|8|3|2|2|2|2|2|2,10,64,2806121,silent,2806057
12,17|8|7|7|4|1|1|1|1|1,10,411,29931482,silent,29931071
12,17|8|7|7|3|2|1|1|1|1,10,949,61954163,silent,61953214
12,17|8|7|7|2|2|2|1|1|1,10,571,29336966,silent,29336395
12,17|8|7|6|5|1|1|1|1|1,10,636,44236031,silent,44235395
12,17|8|7|6|4|2|1|1|1|1,10,2278,165876987,silent,165874709
12,17|8|7|6|3|3|1|1|1|1,10,1504,120977198,silent,120975694
12,17|8|7|6|3|2|2|1|1|1,10,2455,172427628,silent,172425173
12,17|8|7|6|2|2|2|2|1|1,10,925,51572440,silent,51571515
12,17|8|7|5|5|2|1|1|1|1,10,1512,104599706,silent,104598194
12,17|8|7|5|4|3|1|1|1|1,10,2452,211660448,silent,211657996
12,17|8|7|5|4|2|2|1|1|1,10,3191,246428940,silent,246425749
12,17|8|7|5|3|3|2|1|1|1,10,2460,242989626,silent,242987166
12,17|8|7|5|3|2|2|2|1|1,10,2216,174962944,silent,174960728
12,17|8|7|5|2|2|2|2|2|1,10,587,35735645,silent,35735058
12,17|8|7|4|4|4|1|1|1|1,10,550,58084870,silent,58084320
12,17|8|7|4|4|3|2|1|1|1,10,1917,207024011,silent,207022094
12,17|8|7|4|4|2|2|2|1|1,10,1420,121759882,silent,121758462
12,17|8|7|4|3|3|3|1|1|1,10,590,98496987,silent,98496397
12,17|8|7|4|3|3|2|2|1|1,10,1225,162368510,silent,162367285
12,17|8|7|4|3|2|2|2|2|1,10,808,73864292,silent,73863484
12,17|8|7|4|2|2|2|2|2|2,10,154,9667325,silent,9667171
12,17|8|7|3|3|3|3|2|1|1,10,114,41291967,silent,41291853
12,17|8|7|3|3|3|2|2|2|1,10,142,34385461,silent,34385319
12,17|8|7|3|3|2|2|2|2|2,10,69,9647303,silent,9647234
12,17|8|6|6|6|1|1|1|1|1,10,150,10327479,silent,10327329
12,17|8|6|6|5|2|1|1|1|1,10,1065,81228310,silent,81227245
12,17|8|6|6|4|3|1|1|1|1,10,1502,134227325,silent,134225823
12,17|8|6|6|4|2|2|1|1|1,10,1786,154436218,silent,154434432
12,17|8|6|6|3|3|2|1|1|1,10,1433,143941077,silent,143939644
12,17|8|6|6|3|2|2|2|1|1,10,1198,102192538,silent,102191340
12,17|8|6|6|2|2|2|2|2|1,10,336,20237287,silent,20236951
12,17|8|6|5|5|3|1|1|1|1,10,1357,114358968,silent,114357611
12,17|8|6|5|5|2|2|1|1|1,10,1540,124405770,silent,124404230
12,17|8|6|5|4|4|1|1|1|1,10,1040,101875201,silent,101874161
12,17|8|6|5|4|3|2|1|1|1,10,3092,337517181,silent,337514089
12,17|8|6|5|4|2|2|2|1|1,10,2012,192175570,silent,192173558
12,17|8|6|5|3|3|3|1|1|1,10,764,128727056,silent,128726292
12,17|8|6|5|3|3|2|2|1|1,10,1488,209288050,silent,209286562
12,17|8|6|5|3|2|2|2|2|1,10,865,91912178,silent,91911313
12,17|8|6|5|2|2|2|2|2|2,10,145,11081016,silent,11080871
12,17|8|6|4|4|4|2|1|1|1,10,864,111046468,silent,111045604
12,17|8|6|4|4|3|3|1|1|1,10,779,128100963,silent,128100184
12,17|8|6|4|4|3|2|2|1|1,10,1432,196832527,silent,196831095
12,17|8|6|4|4|2|2|2|2|1,10,713,70102132,silent,70101419
12,17|8|6|4|3|3|3|2|1|1,10,404,123341092,silent,123340688
12,17|8|6|4|3|3|2|2|2|1,10,470,99152574,silent,99152104
12,17|8|6|4|3|2|2|2|2|2,10,204,25541085,silent,25540881
12,17|8|6|3|3|3|3|3|1|1,10,9,17580128,silent,17580119
12,17|8|6|3|3|3|3|2|2|1,10,26,29335028,silent,29335002
12,17|8|6|3|3|3|2|2|2|2,10,19,12787293,silent,12787274
12,17|8|5|5|5|4|1|1|1|1,10,417,34524180,silent,34523763
12,17|8|5|5|5|3|2|1|1|1,10,860,91717634,silent,91716774
12,17|8|5|5|5|2|2|2|1|1,10,458,48561019,silent,48560561
12,17|8|5|5|4|4|2|1|1|1,10,843,95443864,silent,95443021
12,17|8|5|5|4|3|3|1|1|1,10,601,104031479,silent,104030878
12,17|8|5|5|4|3|2|2|1|1,10,1071,158046357,silent,158045286
12,17|8|5|5|4|2|2|2|2|1,10,413,54623354,silent,54622941
12,17|8|5|5|3|3|3|2|1|1,10,242,80871424,silent,80871182
12,17|8|5|5|3|3|2|2|2|1,10,278,64133620,silent,64133342
12,17|8|5|5|3|2|2|2|2|2,10,88,16004152,silent,16004064
12,17|8|5|4|4|4|3|1|1|1,10,348,56192092,silent,56191744
12,17|8|5|4|4|4|2|2|1|1,10,518,69730465,silent,69729947
12,17|8|5|4|4|3|3|2|1|1,10,412,102826382,silent,102825970
12,17|8|5|4|4|3|2|2|2|1,10,452,76493808,silent,76493356
12,17|8|5|4|4|2|2|2|2|2,10,130,15431076,silent,15430946
12,17|8|5|4|3|3|3|3|1|1,10,28,33423595,silent,33423567
12,17|8|5|4|3|3|3|2|2|1,10,77,54990198,silent,54990121
12,17|8|5|4|3|3|2|2|2|2,10,63,23156318,silent,23156255
12,17|8|5|3|3|3|3|3|2|1,10,0,-1,a0,
12,17|8|5|3|3|3|3|2|2|2,10,1,7979990,silent,7979989
12,17|8|4|4|4|4|4|1|1|1,10,31,5910985,silent,5910954
12,17|8|4|4|4|4|3|2|1|1,10,139,23595872,silent,23595733
12,17|8|4|4|4|4|2|2|2|1,10,138,13959203,silent,13959065
12,17|8|4|4|4|3|3|3|1|1,10,28,14439102,silent,14439074
12,17|8|4|4|4|3|3|2|2|1,10,69,23102916,silent,23102847
12,17|8|4|4|4|3|2|2|2|2,10,59,9008480,silent,9008421
12,17|8|4|4|3|3|3|3|2|1,10,1,10788586,silent,10788585
12,17|8|4|4|3|3|3|2|2|2,10,2,7428072,silent,7428070
12,17|8|4|3|3|3|3|3|3|1,10,0,-1,a0,
12,17|8|4|3|3|3|3|3|2|2,10,0,-1,a0,
12,17|8|3|3|3|3|3|3|3|2,10,0,-1,a0,
12,17|7|7|7|5|1|1|1|1|1,10,122,9362946,silent,9362824
12,17|7|7|7|4|2|1|1|1|1,10,427,32461535,silent,32461108
12,17|7|7|7|3|3|1|1|1|1,10,269,23030556,silent,23030287
12,17|7|7|7|3|2|2|1|1|1,10,458,32568589,silent,32568131
12,17|7|7|7|2|2|2|2|1|1,10,168,9567052,silent,9566884
12,17|7|7|6|6|1|1|1|1|1,10,76,7488729,silent,7488653
12,17|7|7|6|5|2|1|1|1|1,10,691,54918007,silent,54917316
12,17|7|7|6|4|3|1|1|1|1,10,927,88248733,silent,88247806
12,17|7|7|6|4|2|2|1|1|1,10,1215,101178697,silent,101177482
12,17|7|7|6|3|3|2|1|1|1,10,874,93175113,silent,93174239
12,17|7|7|6|3|2|2|2|1|1,10,751,65858453,silent,65857702
12,17|7|7|6|2|2|2|2|2|1,10,174,12916088,silent,12915914
12,17|7|7|5|5|3|1|1|1|1,10,726,62396022,silent,62395296
12,17|7|7|5|5|2|2|1|1|1,10,787,67609030,silent,67608243
12,17|7|7|5|4|4|1|1|1|1,10,535,54263594,silent,54263059
12,17|7|7|5|4|3|2|1|1|1,10,1593,178385090,silent,178383497
12,17|7|7|5|4|2|2|2|1|1,10,1030,101110744,silent,101109714
12,17|7|7|5|3|3|3|1|1|1,10,386,67078327,silent,67077941
12,17|7|7|5|3|3|2|2|1|1,10,732,108794351,silent,108793619
12,17|7|7|5|3|2|2|2|2|1,10,409,47539812,silent,47539403
12,17|7|7|5|2|2|2|2|2|2,10,55,5668129,silent,5668074
12,17|7|7|4|4|4|2|1|1|1,10,453,55038400,silent,55037947
12,17|7|7|4|4|3|3|1|1|1,10,347,63062660,silent,63062313
12,17|7|7|4|4|3|2|2|1|1,10,692,96701940,silent,96701248
12,17|7|7|4|4|2|2|2|2|1,10,299,34256015,silent,34255716
12,17|7|7|4|3|3|3|2|1|1,10,187,59732111,silent,59731924
12,17|7|7|4|3|3|2|2|2|1,10,219,47891821,silent,47891602
12,17|7|7|4|3|2|2|2|2|2,10,81,12265600,silent,12265519
12,17|7|7|3|3|3|3|3|1|1,10,7,8253094,silent,8253087
12,17|7|7|3|3|3|3|2|2|1,10,11,13744068,silent,13744057
12,17|7|7|3|3|3|2|2|2|2,10,11,5980393,silent,5980382
12,17|7|6|6|6|2|1|1|1|1,10,176,16844974,silent,16844798
12,17|7|6|6|5|3|1|1|1|1,10,643,61838249,silent,61837606
12,17|7|6|6|5|2|2|1|1|1,10,686,66228435,silent,66227749
12,17|7|6|6|4|4|1|1|1|1,10,396,44635623,silent,44635227
12,17|7|6|6|4|3|2|1|1|1,10,1200,142703304,silent,142702104
12,17|7|6|6|4|2|2|2|1|1,10,743,79748777,silent,79748034
12,17|7|6|6|3|3|3|1|1|1,10,313,50331552,silent,50331239
12,17|7|6|6|3|3|2|2|1|1,10,546,81126602,silent,81126056
12,17|7|6|6|3|2|2|2|2|1,10,309,34909276,silent,34908967
12,17|7|6|6|2|2|2|2|2|2,10,54,4041959,silent,4041905
12,17|7|6|5|5|4|1|1|1|1,10,527,49334831,silent,49334304
12,17|7|6|5|5|3|2|1|1|1,10,1121,128851097,silent,128849976
12,17|7|6|5|5|2|2|2|1|1,10,582,67564681,silent,67564099
12,17|7|6|5|4|4|2|1|1|1,10,991,125721613,silent,125720622
12,17|7|6|5|4|3|3|1|1|1,10,787,135128924,silent,135128137
12,17|7|6|5|4|3|2|2|1|1,10,1316,204333231,silent,204331915
12,17|7|6|5|4|2|2|2|2|1,10,522,69886055,silent,69885533
12,17|7|6|5|3|3|3|2|1|1,10,323,101186959,silent,101186636
12,17|7|6|5|3|3|2|2|2|1,10,329,79786312,silent,79785983
12,17|7|6|5|3|2|2|2|2|2,10,114,19698443,silent,19698329
12,17|7|6|4|4|4|3|1|1|1,10,339,58481201,silent,58480862
12,17|7|6|4|4|4|2|2|1|1,10,500,72237081,silent,72236581
12,17|7|6|4|4|3|3|2|1|1,10,411,105031181,silent,105030770
12,17|7|6|4|4|3|2|2|2|1,10,422,77697917,silent,77697495
12,17|7|6|4|4|2|2|2|2|2,10,118,15502232,silent,15502114
12,17|7|6|4|3|3|3|3|1|1,10,34,32941213,silent,32941179
12,17|7|6|4|3|3|3|2|2|1,10,75,54047842,silent,54047767
12,17|7|6|4|3|3|2|2|2|2,10,57,22617130,silent,22617073
12,17|7|6|3|3|3|3|3|2|1,10,1,10344499,silent,10344498
12,17|7|6|3|3|3|3|2|2|2,10,1,7204002,silent,7204001
12,17|7|5|5|5|5|1|1|1|1,10,94,7584905,silent,7584811
12,17|7|5|5|5|4|2|1|1|1,10,409,47880005,silent,47879596
12,17|7|5|5|5|3|3|1|1|1,10,241,42029574,silent,42029333
12,17|7|5|5|5|3|2|2|1|1,10,344,61832239,silent,61831895
12,17|7|5|5|5|2|2|2|2|1,10,94,19566552,silent,19566458
12,17|7|5|5|4|4|3|1|1|1,10,354,55438124,silent,55437770
12,17|7|5|5|4|4|2|2|1|1,10,429,67707294,silent,67706865
12,17|7|5|5|4|3|3|2|1|1,10,323,93013079,silent,93012756
12,17|7|5|5|4|3|2|2|2|1,10,279,67870052,silent,67869773
12,17|7|5|5|4|2|2|2|2|2,10,53,13111922,silent,13111869
12,17|7|5|5|3|3|3|3|1|1,10,21,23650853,silent,23650832
12,17|7|5|5|3|3|3|2|2|1,10,55,38563036,silent,38562981
12,17|7|5|5|3|3|2|2|2|2,10,35,15905560,silent,15905525
12,17|7|5|4|4|4|4|1|1|1,10,100,13786617,silent,13786517
12,17|7|5|4|4|4|3|2|1|1,10,285,53987132,silent,53986847
12,17|7|5|4|4|4|2|2|2|1,10,210,31594827,silent,31594617
12,17|7|5|4|4|3|3|3|1|1,10,51,31866968,silent,31866917
12,17|7|5|4|4|3|3|2|2|1,10,131,50756351,silent,50756220
12,17|7|5|4|4|3|2|2|2|2,10,80,19554915,silent,19554835
12,17|7|5|4|3|3|3|3|2|1,10,4,21791934,silent,21791930
12,17|7|5|4|3|3|3|2|2|2,10,8,14924937,silent,14924929
12,17|7|5|3|3|3|3|3|3|1,10,0,-1,a0,
12,17|7|5|3|3|3|3|3|2|2,10,0,-1,a0,
12,17|7|4|4|4|4|4|2|1|1,10,56,6659914,silent,6659858
12,17|7|4|4|4|4|3|3|1|1,10,30,8493067,silent,8493037
12,17|7|4|4|4|4|3|2|2|1,10,82,12639968,silent,12639886
12,17|7|4|4|4|4|2|2|2|2,10,41,3840923,silent,3840882
12,17|7|4|4|4|3|3|3|2|1,10,6,10021138,silent,10021132
12,17|7|4|4|4|3|3|2|2|2,10,13,6641469,silent,6641456
12,17|7|4|4|3|3|3|3|3|1,10,0,-1,a0,
12,17|7|4|4|3|3|3|3|2|2,10,0,-1,a0,
12,17|7|4|3|3|3|3|3|3|2,10,0,-1,a0,
12,17|7|3|3|3|3|3|3|3|3,10,0,-1,a0,
12,17|6|6|6|6|3|1|1|1|1,10,72,7376540,silent,7376468
12,17|6|6|6|6|2|2|1|1|1,10,50,7659629,silent,7659579
12,17|6|6|6|5|4|1|1|1|1,10,136,15202266,silent,15202130
12,17|6|6|6|5|3|2|1|1|1,10,303,38426152,silent,38425849
12,17|6|6|6|5|2|2|2|1|1,10,152,19807704,silent,19807552
12,17|6|6|6|4|4|2|1|1|1,10,191,30608314,silent,30608123
12,17|6|6|6|4|3|3|1|1|1,10,202,32010655,silent,32010453
12,17|6|6|6|4|3|2|2|1|1,10,290,48018526,silent,48018236
12,17|6|6|6|4|2|2|2|2|1,10,135,16127716,silent,16127581
12,17|6|6|6|3|3|3|2|1|1,10,81,22104921,silent,22104840
12,17|6|6|6|3|3|2|2|2|1,10,69,17261252,silent,17261183
12,17|6|6|6|3|2|2|2|2|2,10,33,4184309,silent,4184276
12,17|6|6|5|5|5|1|1|1|1,10,64,6093710,silent,6093646
12,17|6|6|5|5|4|2|1|1|1,10,295,37346055,silent,37345760
12,17|6|6|5|5|3|3|1|1|1,10,178,32396593,silent,32396415
12,17|6|6|5|5|3|2|2|1|1,10,268,47494803,silent,47494535
12,17|6|6|5|5|2|2|2|2|1,10,76,14897828,silent,14897752
12,17|6|6|5|4|4|3|1|1|1,10,233,40383328,silent,40383095
12,17|6|6|5|4|4|2|2|1|1,10,286,49123915,silent,49123629
12,17|6|6|5|4|3|3|2|1|1,10,245,66719406,silent,66719161
12,17|6|6|5|4|3|2|2|2|1,10,210,48459373,silent,48459163
12,17|6|6|5|4|2|2|2|2|2,10,53,9287280,silent,9287227
12,17|6|6|5|3|3|3|3|1|1,10,18,16455324,silent,16455306
12,17|6|6|5|3|3|3|2|2|1,10,39,26776490,silent,26776451
12,17|6|6|5|3|3|2|2|2|2,10,23,10978165,silent,10978142
12,17|6|6|4|4|4|4|1|1|1,10,38,8132729,silent,8132691
12,17|6|6|4|4|4|3|2|1|1,10,156,31613270,silent,31613114
12,17|6|6|4|4|4|2|2|2|1,10,126,18421874,silent,18421748
12,17|6|6|4|4|3|3|3|1|1,10,38,18406316,silent,18406278
12,17|6|6|4|4|3|3|2|2|1,10,69,29240592,silent,29240523
12,17|6|6|4|4|3|2|2|2|2,10,49,11215116,silent,11215067
12,17|6|6|4|3|3|3|3|2|1,10,3,12182979,silent,12182976
12,17|6|6|4|3|3|3|2|2|2,10,3,8316578,silent,8316575
12,17|6|6|3|3|3|3|3|3|1,10,0,-1,a0,
12,17|6|6|3|3|3|3|3|2|2,10,0,-1,a0,
12,17|6|5|5|5|5|2|1|1|1,10,58,7832526,silent,7832468
12,17|6|5|5|5|4|3|1|1|1,10,124,20599759,silent,20599635
12,17|6|5|5|5|4|2|2|1|1,10,122,24385239,silent,24385117
12,17|6|5|5|5|3|3|2|1|1,10,77,27041564,silent,27041487
12,17|6|5|5|5|3|2|2|2|1,10,50,19020469,silent,19020419
12,17|6|5|5|5|2|2|2|2|2,10,4,3358928,silent,3358924
12,17|6|5|5|4|4|4|1|1|1,10,79,10009587,silent,10009508
12,17|6|5|5|4|4|3|2|1|1,10,168,37825164,silent,37824996
12,17|6|5|5|4|4|2|2|2|1,10,85,21730139,silent,21730054
12,17|6|5|5|4|3|3|3|1|1,10,29,20647487,silent,20647458
12,17|6|5|5|4|3|3|2|2|1,10,64,32615192,silent,32615128
12,17|6|5|5|4|3|2|2|2|2,10,27,12314435,silent,12314408
12,17|6|5|5|3|3|3|3|2|1,10,2,11012148,silent,11012146
12,17|6|5|5|3|3|3|2|2|2,10,5,7469649,silent,7469644
12,17|6|5|4|4|4|4|2|1|1,10,81,10928563,silent,10928482
12,17|6|5|4|4|4|3|3|1|1,10,50,13733485,silent,13733435
12,17|6|5|4|4|4|3|2|2|1,10,95,20350450,silent,20350355
12,17|6|5|4|4|4|2|2|2|2,10,38,6111581,silent,6111543
12,17|6|5|4|4|3|3|3|2|1,10,12,15616444,silent,15616432
12,17|6|5|4|4|3|3|2|2|2,10,16,10297920,silent,10297904
12,17|6|5|4|3|3|3|3|3|1,10,0,-1,a0,
12,17|6|5|4|3|3|3|3|2|2,10,0,-1,a0,
12,17|6|5|3|3|3|3|3|3|2,10,0,-1,a0,
12,17|6|4|4|4|4|4|3|1|1,10,19,2461137,silent,2461118
12,17|6|4|4|4|4|4|2|2|1,10,40,2950032,silent,2949992
12,17|6|4|4|4|4|3|3|2|1,10,14,4738583,silent,4738569
12,17|6|4|4|4|4|3|2|2|2,10,21,2895559,silent,2895538
12,17|6|4|4|4|3|3|3|3|1,10,0,-1,a0,
12,17|6|4|4|4|3|3|3|2|2,10,0,-1,a0,
12,17|6|4|4|3|3|3|3|3|2,10,0,-1,a0,
12,17|6|4|3|3|3|3|3|3|3,10,0,-1,a0,
12,17|5|5|5|5|5|3|1|1|1,10,10,1992870,silent,1992860
12,17|5|5|5|5|5|2|2|1|1,10,6,2196488,silent,2196482
12,17|5|5|5|5|4|4|1|1|1,10,15,2177685,silent,2177670
12,17|5|5|5|5|4|3|2|1|1,10,23,7615452,silent,7615429
12,17|5|5|5|5|4|2|2|2|1,10,7,4225026,silent,4225019
12,17|5|5|5|5|3|3|3|1|1,10,3,3304932,silent,3304929
12,17|5|5|5|5|3|3|2|2|1,10,5,5139580,silent,5139575
12,17|5|5|5|5|3|2|2|2|2,10,1,1870658,silent,1870657
12,17|5|5|5|4|4|4|2|1|1,10,29,4244184,silent,4244155
12,17|5|5|5|4|4|3|3|1|1,10,14,5182266,silent,5182252
12,17|5|5|5|4|4|3|2|2|1,10,19,7623500,silent,7623481
12,17|5|5|5|4|4|2|2|2|2,10,2,2242821,silent,2242819
12,17|5|5|5|4|3|3|3|2|1,10,3,5438258,silent,5438255
12,17|5|5|5|4|3|3|2|2|2,10,4,3556409,silent,3556405
12,17|5|5|5|3|3|3|3|3|1,10,0,-1,a0,
12,17|5|5|5|3|3|3|3|2|2,10,0,-1,a0,
12,17|5|5|4|4|4|4|3|1|1,10,20,2148904,silent,2148884
12,17|5|5|4|4|4|4|2|2|1,10,19,2561492,silent,2561473
12,17|5|5|4|4|4|3|3|2|1,10,11,4071179,silent,4071168
12,17|5|5|4|4|4|3|2|2|2,10,9,2473352,silent,2473343
12,17|5|5|4|4|3|3|3|3|1,10,0,-1,a0,
12,17|5|5|4|4|3|3|3|2|2,10,1,2123690,silent,2123689
12,17|5|5|4|3|3|3|3|3|2,10,0,-1,a0,
12,17|5|5|3|3|3|3|3|3|3,10,0,-1,a0,
12,17|5|4|4|4|4|4|4|1|1,10,6,258993,silent,258987
12,17|5|4|4|4|4|4|3|2|1,10,13,1011084,silent,1011071
12,17|5|4|4|4|4|4|2|2|2,10,10,488255,silent,488245
12,17|5|4|4|4|4|3|3|3|1,10,0,-1,a0,
12,17|5|4|4|4|4|3|3|2|2,10,2,853786,silent,853784
12,17|5|4|4|4|3|3|3|3|2,10,0,-1,a0,
12,17|5|4|4|3|3|3|3|3|3,10,0,-1,a0,
12,17|4|4|4|4|4|4|4|2|1,10,4,62583,silent,62579
12,17|4|4|4|4|4|4|3|3|1,10,0,-1,a0,
12,17|4|4|4|4|4|4|3|2|2,10,3,99095,silent,99092
12,17|4|4|4|4|4|3|3|3|2,10,0,-1,a0,
12,17|4|4|4|4|3|3|3|3|3,10,0,-1,a0,
12,16|16|9|1|1|1|1|1|1|1,10,0,-1,a0,
12,16|16|8|2|1|1|1|1|1|1,10,0,-1,a0,
12,16|16|7|3|1|1|1|1|1|1,10,4,537454,silent,537450
12,16|16|7|2|2|1|1|1|1|1,10,5,514276,silent,514271
12,16|16|6|4|1|1|1|1|1|1,10,4,695365,silent,695361
12,16|16|6|3|2|1|1|1|1|1,10,20,1402570,silent,1402550
12,16|16|6|2|2|2|1|1|1|1,10,19,656415,silent,656396
12,16|16|5|5|1|1|1|1|1|1,10,4,335818,silent,335814
12,16|16|5|4|2|1|1|1|1|1,10,20,1439131,silent,1439111
12,16|16|5|3|3|1|1|1|1|1,10,22,1068846,silent,1068824
12,16|16|5|3|2|2|1|1|1|1,10,40,1530076,silent,1530036
12,16|16|5|2|2|2|2|1|1|1,10,25,467841,silent,467816
12,16|16|4|4|3|1|1|1|1|1,10,9,764682,silent,764673
12,16|16|4|4|2|2|1|1|1|1,10,26,910964,silent,910938
12,16|16|4|3|3|2|1|1|1|1,10,30,1056104,silent,1056074
12,16|16|4|3|2|2|2|1|1|1,10,39,792348,silent,792309
12,16|16|4|2|2|2|2|2|1|1,10,16,181629,silent,181613
12,16|16|3|3|3|3|1|1|1|1,10,11,182872,silent,182861
12,16|16|3|3|3|2|2|1|1|1,10,14,315057,silent,315043
12,16|16|3|3|2|2|2|2|1|1,10,20,165379,silent,165359
12,16|16|3|2|2|2|2|2|2|1,10,9,34108,silent,34099
12,16|16|2|2|2|2|2|2|2|2,10,5,2209,silent,2204
12,16|15|10|1|1|1|1|1|1|1,10,0,-1,a0,
12,16|15|9|2|1|1|1|1|1|1,10,3,496996,silent,496993
12,16|15|8|3|1|1|1|1|1|1,10,15,1501148,silent,1501133
12,16|15|8|2|2|1|1|1|1|1,10,19,1420202,silent,1420183
12,16|15|7|4|1|1|1|1|1|1,10,28,2470751,silent,2470723
12,16|15|7|3|2|1|1|1|1|1,10,82,4771830,silent,4771748
12,16|15|7|2|2|2|1|1|1|1,10,57,2178131,silent,2178074
12,16|15|6|5|1|1|1|1|1|1,10,27,2064962,silent,2064935
12,16|15|6|4|2|1|1|1|1|1,10,122,6861682,silent,6861560
12,16|15|6|3|3|1|1|1|1|1,10,103,4725851,silent,4725748
12,16|15|6|3|2|2|1|1|1|1,10,189,6641823,silent,6641634
12,16|15|6|2|2|2|2|1|1|1,10,95,1938956,silent,1938861
12,16|15|5|5|2|1|1|1|1|1,10,59,3435070,silent,3435011
12,16|15|5|4|3|1|1|1|1|1,10,115,6235990,silent,6235875
12,16|15|5|4|2|2|1|1|1|1,10,180,7156166,silent,7155986
12,16|15|5|3|3|2|1|1|1|1,10,190,6665977,silent,6665787
12,16|15|5|3|2|2|2|1|1|1,10,212,4793936,silent,4793724
12,16|15|5|2|2|2|2|2|1|1,10,90,1000775,silent,1000685
12,16|15|4|4|4|1|1|1|1|1,10,19,1446245,silent,1446226
12,16|15|4|4|3|2|1|1|1|1,10,106,4963989,silent,4963883
12,16|15|4|4|2|2|2|1|1|1,10,98,2914047,silent,2913949
12,16|15|4|3|3|3|1|1|1|1,10,58,2202719,silent,2202661
12,16|15|4|3|3|2|2|1|1|1,10,127,3673622,silent,3673495
12,16|15|4|3|2|2|2|2|1|1,10,111,1747218,silent,1747107
12,16|15|4|2|2|2|2|2|2|1,10,45,276521,silent,276476
12,16|15|3|3|3|3|2|1|1|1,10,21,827042,silent,827021
12,16|15|3|3|3|2|2|2|1|1,10,28,730153,silent,730125
12,16|15|3|3|2|2|2|2|2|1,10,21,252799,silent,252778
12,16|15|3|2|2|2|2|2|2|2,10,9,31430,silent,31421
12,16|14|11|1|1|1|1|1|1|1,10,0,-1,a0,
12,16|14|10|2|1|1|1|1|1|1,10,5,689792,silent,689787
12,16|14|9|3|1|1|1|1|1|1,10,32,2483880,silent,2483848
12,16|14|9|2|2|1|1|1|1|1,10,39,2333782,silent,2333743
12,16|14|8|4|1|1|1|1|1|1,10,69,5006263,silent,5006194
12,16|14|8|3|2|1|1|1|1|1,10,191,9458540,silent,9458349
12,16|14|8|2|2|2|1|1|1|1,10,129,4261991,silent,4261862
12,16|14|7|5|1|1|1|1|1|1,10,89,5765086,silent,5764997
12,16|14|7|4|2|1|1|1|1|1,10,338,17446604,silent,17446266
12,16|14|7|3|3|1|1|1|1|1,10,262,11611701,silent,11611439
12,16|14|7|3|2|2|1|1|1|1,10,457,16140741,silent,16140284
12,16|14|7|2|2|2|2|1|1|1,10,211,4596207,silent,4595996
12,16|14|6|6|1|1|1|1|1|1,10,43,2632576,silent,2632533
12,16|14|6|5|2|1|1|1|1|1,10,313,15341756,silent,15341443
12,16|14|6|4|3|1|1|1|1|1,10,436,21821417,silent,21820981
12,16|14|6|4|2|2|1|1|1|1,10,641,24590901,silent,24590260
12,16|14|6|3|3|2|1|1|1|1,10,561,21245718,silent,21245157
12,16|14|6|3|2|2|2|1|1|1,10,569,14938605,silent,14938036
12,16|14|6|2|2|2|2|2|1|1,10,196,2970607,silent,2970411
12,16|14|5|5|3|1|1|1|1|1,10,244,11849869,silent,11849625
12,16|14|5|5|2|2|1|1|1|1,10,321,12614742,silent,12614421
12,16|14|5|4|4|1|1|1|1|1,10,156,9357142,silent,9356986
12,16|14|5|4|3|2|1|1|1|1,10,658,29469682,silent,29469024
12,16|14|5|4|2|2|2|1|1|1,10,545,16610979,silent,16610434
12,16|14|5|3|3|3|1|1|1|1,10,234,10251416,silent,10251182
12,16|14|5|3|3|2|2|1|1|1,10,493,16779114,silent,16778621
12,16|14|5|3|2|2|2|2|1|1,10,382,7630958,silent,7630576
12,16|14|5|2|2|2|2|2|2|1,10,114,1091361,silent,1091247
12,16|14|4|4|4|2|1|1|1|1,10,121,7514644,silent,7514523
12,16|14|4|4|3|3|1|1|1|1,10,136,8270484,silent,8270348
12,16|14|4|4|3|2|2|1|1|1,10,303,12796807,silent,12796504
12,16|14|4|4|2|2|2|2|1|1,10,181,4712480,silent,4712299
12,16|14|4|3|3|3|2|1|1|1,10,142,7311756,silent,7311614
12,16|14|4|3|3|2|2|2|1|1,10,185,6191855,silent,6191670
12,16|14|4|3|2|2|2|2|2|1,10,120,1946822,silent,1946702
12,16|14|4|2|2|2|2|2|2|2,10,37,185426,silent,185389
12,16|14|3|3|3|3|3|1|1|1,10,10,877098,silent,877088
12,16|14|3|3|3|3|2|2|1|1,10,15,1547232,silent,1547217
12,16|14|3|3|3|2|2|2|2|1,10,17,838356,silent,838339
12,16|14|3|3|2|2|2|2|2|2,10,6,168835,silent,168829
12,16|13|12|1|1|1|1|1|1|1,10,0,-1,a0,
12,16|13|11|2|1|1|1|1|1|1,10,7,619754,silent,619747
12,16|13|10|3|1|1|1|1|1|1,10,43,2764827,silent,2764784
12,16|13|10|2|2|1|1|1|1|1,10,50,2587362,silent,2587312
12,16|13|9|4|1|1|1|1|1|1,10,116,6845115,silent,6844999
12,16|13|9|3|2|1|1|1|1|1,10,277,12762167,silent,12761890
12,16|13|9|2|2|2|1|1|1|1,10,167,5701265,silent,5701098
12,16|13|8|5|1|1|1|1|1|1,10,178,10109891,silent,10109713
12,16|13|8|4|2|1|1|1|1|1,10,620,29276815,silent,29276195
12,16|13|8|3|3|1|1|1|1|1,10,441,19138809,silent,19138368
12,16|13|8|3|2|2|1|1|1|1,10,754,26434191,silent,26433437
12,16|13|8|2|2|2|2|1|1|1,10,320,7418663,silent,7418343
12,16|13|7|6|1|1|1|1|1|1,10,141,7993878,silent,7993737
12,16|13|7|5|2|1|1|1|1|1,10,742,35877838,silent,35877096
12,16|13|7|4|3|1|1|1|1|1,10,963,46841514,silent,46840551
12,16|13|7|4|2|2|1|1|1|1,10,1307,52218683,silent,52217376
12,16|13|7|3|3|2|1|1|1|1,10,1106,43622969,silent,43621863
12,16|13|7|3|2|2|2|1|1|1,10,1061,30275515,silent,30274454
12,16|13|7|2|2|2|2|2|1|1,10,352,5872071,silent,5871719
12,16|13|6|6|2|1|1|1|1|1,10,368,16843201,silent,16842833
12,16|13|6|5|3|1|1|1|1|1,10,948,45441488,silent,45440540
12,16|13|6|5|2|2|1|1|1|1,10,1175,47521306,silent,47520131
12,16|13|6|4|4|1|1|1|1|1,10,521,28786318,silent,28785797
12,16|13|6|4|3|2|1|1|1|1,10,1879,87046938,silent,87045059
12,16|13|6|4|2|2|2|1|1|1,10,1391,47994776,silent,47993385
12,16|13|6|3|3|3|1|1|1|1,10,572,27779347,silent,27778775
12,16|13|6|3|3|2|2|1|1|1,10,1152,44997323,silent,44996171
12,16|13|6|3|2|2|2|2|1|1,10,797,19965740,silent,19964943
12,16|13|6|2|2|2|2|2|2|1,10,209,2720451,silent,2720242
12,16|13|5|5|4|1|1|1|1|1,10,370,19626913,silent,19626543
12,16|13|5|5|3|2|1|1|1|1,10,1063,48491713,silent,48490650
12,16|13|5|5|2|2|2|1|1|1,10,742,25088142,silent,25087400
12,16|13|5|4|4|2|1|1|1|1,10,719,41518182,silent,41517463
12,16|13|5|4|3|3|1|1|1|1,10,729,42447091,silent,42446362
12,16|13|5|4|3|2|2|1|1|1,10,1409,64485108,silent,64483699
12,16|13|5|4|2|2|2|2|1|1,10,772,22739725,silent,22738953
12,16|13|5|3|3|3|2|1|1|1,10,468,28888345,silent,28887877
12,16|13|5|3|3|2|2|2|1|1,10,563,23925520,silent,23924957
12,16|13|5|3|2|2|2|2|2|1,10,308,7179634,silent,7179326
12,16|13|5|2|2|2|2|2|2|2,10,55,612729,silent,612674
12,16|13|4|4|4|3|1|1|1|1,10,168,13935884,silent,13935716
12,16|13|4|4|4|2|2|1|1|1,10,275,17285542,silent,17285267
12,16|13|4|4|3|3|2|1|1|1,10,343,23905042,silent,23904699
12,16|13|4|4|3|2|2|2|1|1,10,400,18566594,silent,18566194
12,16|13|4|4|2|2|2|2|2|1,10,187,4502421,silent,4502234
12,16|13|4|3|3|3|3|1|1|1,10,58,6736188,silent,6736130
12,16|13|4|3|3|3|2|2|1|1,10,126,11680455,silent,11680329
12,16|13|4|3|3|2|2|2|2|1,10,114,6051021,silent,6050907
12,16|13|4|3|2|2|2|2|2|2,10,52,1112399,silent,1112347
12,16|13|3|3|3|3|3|2|1|1,10,5,1849647,silent,1849642
12,16|13|3|3|3|3|2|2|2|1,10,6,1605554,silent,1605548
12,16|13|3|3|3|2|2|2|2|2,10,3,489166,silent,489163
12,16|12|12|2|1|1|1|1|1|1,10,2,249568,silent,249566
12,16|12|11|3|1|1|1|1|1|1,10,33,1851791,silent,1851758
12,16|12|11|2|2|1|1|1|1|1,10,37,1729121,silent,1729084
12,16|12|10|4|1|1|1|1|1|1,10,113,6176087,silent,6175974
12,16|12|10|3|2|1|1|1|1|1,10,269,11440072,silent,11439803
12,16|12|10|2|2|2|1|1|1|1,10,163,5090680,silent,5090517
12,16|12|9|5|1|1|1|1|1|1,10,227,11819724,silent,11819497
12,16|12|9|4|2|1|1|1|1|1,10,737,33450099,silent,33449362
12,16|12|9|3|3|1|1|1|1|1,10,510,21656301,silent,21655791
12,16|12|9|3|2|2|1|1|1|1,10,843,29795731,silent,29794888
12,16|12|9|2|2|2|2|1|1|1,10,342,8292993,silent,8292651
12,16|12|8|6|1|1|1|1|1|1,10,252,13157951,silent,13157699
12,16|12|8|5|2|1|1|1|1|1,10,1166,53780063,silent,53778897
12,16|12|8|4|3|1|1|1|1|1,10,1405,67500802,silent,67499397
12,16|12|8|4|2|2|1|1|1|1,10,1875,74800899,silent,74799024
12,16|12|8|3|3|2|1|1|1|1,10,1474,61393955,silent,61392481
12,16|12|8|3|2|2|2|1|1|1,10,1364,42285366,silent,42284002
12,16|12|8|2|2|2|2|2|1|1,10,403,8075918,silent,8075515
12,16|12|7|7|1|1|1|1|1|1,10,106,5918889,silent,5918783
12,16|12|7|6|2|1|1|1|1|1,10,922,44338898,silent,44337976
12,16|12|7|5|3|1|1|1|1|1,10,1887,92965639,silent,92963752
12,16|12|7|5|2|2|1|1|1|1,10,2260,96224262,silent,96222002
12,16|12|7|4|4|1|1|1|1|1,10,986,54710041,silent,54709055
12,16|12|7|4|3|2|1|1|1|1,10,3350,161923751,silent,161920401
12,16|12|7|4|2|2|2|1|1|1,10,2371,88169546,silent,88167175
12,16|12|7|3|3|3|1|1|1|1,10,949,49656505,silent,49655556
12,16|12|7|3|3|2|2|1|1|1,10,1855,79930088,silent,79928233
12,16|12|7|3|2|2|2|2|1|1,10,1216,34976244,silent,34975028
12,16|12|7|2|2|2|2|2|2|1,10,282,4641152,silent,4640870
12,16|12|6|6|3|1|1|1|1|1,10,923,45652053,silent,45651130
12,16|12|6|6|2|2|1|1|1|1,10,1056,46161813,silent,46160757
12,16|12|6|5|4|1|1|1|1|1,10,1297,68715755,silent,68714458
12,16|12|6|5|3|2|1|1|1|1,10,3290,163062567,silent,163059277
12,16|12|6|5|2|2|2|1|1|1,10,2061,82542344,silent,82540283
12,16|12|6|4|4|2|1|1|1|1,10,1941,112089588,silent,112087647
12,16|12|6|4|3|3|1|1|1|1,10,1785,110775507,silent,110773722
12,16|12|6|4|3|2|2|1|1|1,10,3274,166586866,silent,166583592
12,16|12|6|4|2|2|2|2|1|1,10,1574,57342598,silent,57341024
12,16|12|6|3|3|3|2|1|1|1,10,1007,68519751,silent,68518744
12,16|12|6|3|3|2|2|2|1|1,10,1143,56042336,silent,56041193
12,16|12|6|3|2|2|2|2|2|1,10,563,16398035,silent,16397472
12,16|12|6|2|2|2|2|2|2|2,10,101,1336001,silent,1335900
12,16|12|5|5|5|1|1|1|1|1,10,288,14442295,silent,14442007
12,16|12|5|5|4|2|1|1|1|1,10,1421,78537241,silent,78535820
12,16|12|5|5|3|3|1|1|1|1,10,1052,64439277,silent,64438225
12,16|12|5|5|3|2|2|1|1|1,10,1846,94644054,silent,94642208
12,16|12|5|5|2|2|2|2|1|1,10,819,30456126,silent,30455307
12,16|12|5|4|4|3|1|1|1|1,10,915,69277397,silent,69276482
12,16|12|5|4|4|2|2|1|1|1,10,1362,84444018,silent,84442656
12,16|12|5|4|3|3|2|1|1|1,10,1403,108399337,silent,108397934
12,16|12|5|4|3|2|2|2|1|1,10,1487,82412773,silent,82411286
12,16|12|5|4|2|2|2|2|2|1,10,547,19075797,silent,19075250
12,16|12|5|3|3|3|3|1|1|1,10,175,23701758,silent,23701583
12,16|12|5|3|3|3|2|2|1|1,10,379,40671960,silent,40671581
12,16|12|5|3|3|2|2|2|2|1,10,314,20579710,silent,20579396
12,16|12|5|3|2|2|2|2|2|2,10,104,3604130,silent,3604026
12,16|12|4|4|4|4|1|1|1|1,10,93,9840446,silent,9840353
12,16|12|4|4|4|3|2|1|1|1,10,397,37483495,silent,37483098
12,16|12|4|4|4|2|2|2|1|1,10,344,22840187,silent,22839843
12,16|12|4|4|3|3|3|1|1|1,10,148,20454039,silent,20453891
12,16|12|4|4|3|3|2|2|1|1,10,349,34289218,silent,34288869
12,16|12|4|4|3|2|2|2|2|1,10,274,16210778,silent,16210504
12,16|12|4|4|2|2|2|2|2|2,10,90,2296913,silent,2296823
12,16|12|4|3|3|3|3|2|1|1,10,37,12643065,silent,12643028
12,16|12|4|3|3|3|2|2|2|1,10,47,10735303,silent,10735256
12,16|12|4|3|3|2|2|2|2|2,10,26,3128954,silent,3128928
12,16|12|3|3|3|3|3|3|1|1,10,1,1126290,silent,1126289
12,16|12|3|3|3|3|3|2|2|1,10,1,1909743,silent,1909742
12,16|12|3|3|3|3|2|2|2|2,10,1,866860,silent,866859
12,16|11|11|4|1|1|1|1|1|1,10,56,2512317,silent,2512261
12,16|11|11|3|2|1|1|1|1|1,10,110,4633529,silent,4633419
12,16|11|11|2|2|2|1|1|1|1,10,56,2054752,silent,2054696
12,16|11|10|5|1|1|1|1|1|1,10,168,8158912,silent,8158744
12,16|11|10|4|2|1|1|1|1|1,10,522,22831885,silent,22831363
12,16|11|10|3|3|1|1|1|1|1,10,352,14708814,silent,14708462
12,16|11|10|3|2|2|1|1|1|1,10,571,20196980,silent,20196409
12,16|11|10|2|2|2|2|1|1|1,10,224,5596487,silent,5596263
12,16|11|9|6|1|1|1|1|1|1,10,266,13104325,silent,13104059
12,16|11|9|5|2|1|1|1|1|1,10,1115,51348814,silent,51347699
12,16|11|9|4|3|1|1|1|1|1,10,1330,63224447,silent,63223117
12,16|11|9|4|2|2|1|1|1|1,10,1693,69803747,silent,69802054
12,16|11|9|3|3|2|1|1|1|1,10,1352,56791495,silent,56790143
12,16|11|9|3|2|2|2|1|1|1,10,1210,38945276,silent,38944066
