delta,lam,ell,a,m_det,class,margin
12,42|1|1|1|1|1|1,7,0,-1,a0,
12,41|2|1|1|1|1|1,7,0,-1,a0,
12,40|3|1|1|1|1|1,7,0,-1,a0,
12,40|2|2|1|1|1|1,7,0,-1,a0,
12,39|4|1|1|1|1|1,7,0,-1,a0,
12,39|3|2|1|1|1|1,7,0,-1,a0,
12,39|2|2|2|1|1|1,7,0,-1,a0,
12,38|5|1|1|1|1|1,7,0,-1,a0,
12,38|4|2|1|1|1|1,7,0,-1,a0,
12,38|3|3|1|1|1|1,7,0,-1,a0,
12,38|3|2|2|1|1|1,7,0,-1,a0,
12,38|2|2|2|2|1|1,7,0,-1,a0,
12,37|6|1|1|1|1|1,7,0,-1,a0,
12,37|5|2|1|1|1|1,7,0,-1,a0,
12,37|4|3|1|1|1|1,7,0,-1,a0,
12,37|4|2|2|1|1|1,7,0,-1,a0,
12,37|3|3|2|1|1|1,7,0,-1,a0,
12,37|3|2|2|2|1|1,7,0,-1,a0,
12,37|2|2|2|2|2|1,7,0,-1,a0,
12,36|7|1|1|1|1|1,7,0,-1,a0,
12,36|6|2|1|1|1|1,7,0,-1,a0,
12,36|5|3|1|1|1|1,7,0,-1,a0,
12,36|5|2|2|1|1|1,7,0,-1,a0,
12,36|4|4|1|1|1|1,7,0,-1,a0,
12,36|4|3|2|1|1|1,7,0,-1,a0,
12,36|4|2|2|2|1|1,7,0,-1,a0,
12,36|3|3|3|1|1|1,7,0,-1,a0,
12,36|3|3|2|2|1|1,7,0,-1,a0,
12,36|3|2|2|2|2|1,7,0,-1,a0,
12,36|2|2|2|2|2|2,7,1,18,silent,17
12,35|8|1|1|1|1|1,7,0,-1,a0,
12,35|7|2|1|1|1|1,7,0,-1,a0,
12,35|6|3|1|1|1|1,7,0,-1,a0,
12,35|6|2|2|1|1|1,7,0,-1,a0,
12,35|5|4|1|1|1|1,7,0,-1,a0,
12,35|5|3|2|1|1|1,7,0,-1,a0,
12,35|5|2|2|2|1|1,7,0,-1,a0,
12,35|4|4|2|1|1|1,7,0,-1,a0,
12,35|4|3|3|1|1|1,7,0,-1,a0,
12,35|4|3|2|2|1|1,7,0,-1,a0,
12,35|4|2|2|2|2|1,7,1,179,silent,178
12,35|3|3|3|2|1|1,7,0,-1,a0,
12,35|3|3|2|2|2|1,7,0,-1,a0,
12,35|3|2|2|2|2|2,7,1,50,silent,49
12,34|9|1|1|1|1|1,7,0,-1,a0,
12,34|8|2|1|1|1|1,7,0,-1,a0,
12,34|7|3|1|1|1|1,7,0,-1,a0,
12,34|7|2|2|1|1|1,7,0,-1,a0,
12,34|6|4|1|1|1|1,7,0,-1,a0,
12,34|6|3|2|1|1|1,7,0,-1,a0,
12,34|6|2|2|2|1|1,7,0,-1,a0,
12,34|5|5|1|1|1|1,7,0,-1,a0,
12,34|5|4|2|1|1|1,7,0,-1,a0,
12,34|5|3|3|1|1|1,7,0,-1,a0,
12,34|5|3|2|2|1|1,7,1,1374,silent,1373
12,34|5|2|2|2|2|1,7,2,427,silent,425
12,34|4|4|3|1|1|1,7,0,-1,a0,
12,34|4|4|2|2|1|1,7,0,-1,a0,
12,34|4|3|3|2|1|1,7,0,-1,a0,
12,34|4|3|2|2|2|1,7,1,681,silent,680
12,34|4|2|2|2|2|2,7,3,179,silent,176
12,34|3|3|3|3|1|1,7,0,-1,a0,
12,34|3|3|3|2|2|1,7,0,-1,a0,
12,34|3|3|2|2|2|2,7,0,-1,a0,
12,33|10|1|1|1|1|1,7,0,-1,a0,
12,33|9|2|1|1|1|1,7,0,-1,a0,
12,33|8|3|1|1|1|1,7,0,-1,a0,
12,33|8|2|2|1|1|1,7,0,-1,a0,
12,33|7|4|1|1|1|1,7,0,-1,a0,
12,33|7|3|2|1|1|1,7,0,-1,a0,
12,33|7|2|2|2|1|1,7,1,966,silent,965
12,33|6|5|1|1|1|1,7,0,-1,a0,
12,33|6|4|2|1|1|1,7,0,-1,a0,
12,33|6|3|3|1|1|1,7,1,2305,silent,2304
12,33|6|3|2|2|1|1,7,2,2942,silent,2940
12,33|6|2|2|2|2|1,7,4,861,silent,857
12,33|5|5|2|1|1|1,7,1,1592,silent,1591
12,33|5|4|3|1|1|1,7,0,-1,a0,
12,33|5|4|2|2|1|1,7,2,3079,silent,3077
12,33|5|3|3|2|1|1,7,1,3007,silent,3006
12,33|5|3|2|2|2|1,7,4,1958,silent,1954
12,33|5|2|2|2|2|2,7,4,385,silent,381
12,33|4|4|4|1|1|1,7,0,-1,a0,
12,33|4|4|3|2|1|1,7,0,-1,a0,
12,33|4|4|2|2|2|1,7,3,1222,silent,1219
12,33|4|3|3|3|1|1,7,0,-1,a0,
12,33|4|3|3|2|2|1,7,0,-1,a0,
12,33|4|3|2|2|2|2,7,2,568,silent,566
12,33|3|3|3|3|2|1,7,0,-1,a0,
12,33|3|3|3|2|2|2,7,0,-1,a0,
12,32|11|1|1|1|1|1,7,0,-1,a0,
12,32|10|2|1|1|1|1,7,0,-1,a0,
12,32|9|3|1|1|1|1,7,0,-1,a0,
12,32|9|2|2|1|1|1,7,0,-1,a0,
12,32|8|4|1|1|1|1,7,0,-1,a0,
12,32|8|3|2|1|1|1,7,1,3709,silent,3708
12,32|8|2|2|2|1|1,7,1,1481,silent,1480
12,32|7|5|1|1|1|1,7,0,-1,a0,
12,32|7|4|2|1|1|1,7,1,6132,silent,6131
12,32|7|3|3|1|1|1,7,1,4288,silent,4287
12,32|7|3|2|2|1|1,7,6,5462,silent,5456
12,32|7|2|2|2|2|1,7,7,1509,silent,1502
12,32|6|6|1|1|1|1,7,0,-1,a0,
12,32|6|5|2|1|1|1,7,2,5187,silent,5185
12,32|6|4|3|1|1|1,7,2,7310,silent,7308
12,32|6|4|2|2|1|1,7,5,7724,silent,7719
12,32|6|3|3|2|1|1,7,4,6978,silent,6974
12,32|6|3|2|2|2|1,7,9,4430,silent,4421
12,32|6|2|2|2|2|2,7,9,825,silent,816
12,32|5|5|3|1|1|1,7,2,3953,silent,3951
12,32|5|5|2|2|1|1,7,5,4012,silent,4007
12,32|5|4|4|1|1|1,7,0,-1,a0,
12,32|5|4|3|2|1|1,7,4,9155,silent,9151
12,32|5|4|2|2|2|1,7,9,4789,silent,4780
12,32|5|3|3|3|1|1,7,0,-1,a0,
12,32|5|3|3|2|2|1,7,2,4683,silent,4681
12,32|5|3|2|2|2|2,7,4,1653,silent,1649
12,32|4|4|4|2|1|1,7,0,-1,a0,
12,32|4|4|3|3|1|1,7,0,-1,a0,
12,32|4|4|3|2|2|1,7,2,3593,silent,3591
12,32|4|4|2|2|2|2,7,6,1160,silent,1154
12,32|4|3|3|3|2|1,7,0,-1,a0,
12,32|4|3|3|2|2|2,7,0,-1,a0,
12,32|3|3|3|3|3|1,7,0,-1,a0,
12,32|3|3|3|3|2|2,7,0,-1,a0,
12,31|12|1|1|1|1|1,7,0,-1,a0,
12,31|11|2|1|1|1|1,7,0,-1,a0,
12,31|10|3|1|1|1|1,7,0,-1,a0,
12,31|10|2|2|1|1|1,7,0,-1,a0,
12,31|9|4|1|1|1|1,7,0,-1,a0,
12,31|9|3|2|1|1|1,7,2,5498,silent,5496
12,31|9|2|2|2|1|1,7,3,2205,silent,2202
12,31|8|5|1|1|1|1,7,1,3973,silent,3972
12,31|8|4|2|1|1|1,7,3,10514,silent,10511
12,31|8|3|3|1|1|1,7,4,7150,silent,7146
12,31|8|3|2|2|1|1,7,10,8996,silent,8986
12,31|8|2|2|2|2|1,7,12,2418,silent,2406
12,31|7|6|1|1|1|1,7,0,-1,a0,
12,31|7|5|2|1|1|1,7,6,11900,silent,11894
12,31|7|4|3|1|1|1,7,5,15185,silent,15180
12,31|7|4|2|2|1|1,7,16,15951,silent,15935
12,31|7|3|3|2|1|1,7,9,13561,silent,13552
12,31|7|3|2|2|2|1,7,19,8431,silent,8412
12,31|7|2|2|2|2|2,7,12,1392,silent,1380
12,31|6|6|2|1|1|1,7,1,5213,silent,5212
12,31|6|5|3|1|1|1,7,8,13999,silent,13991
12,31|6|5|2|2|1|1,7,13,13778,silent,13765
12,31|6|4|4|1|1|1,7,1,8354,silent,8353
12,31|6|4|3|2|1|1,7,14,24834,silent,24820
12,31|6|4|2|2|2|1,7,24,12580,silent,12556
12,31|6|3|3|3|1|1,7,2,7978,silent,7976
12,31|6|3|3|2|2|1,7,6,11379,silent,11373
12,31|6|3|2|2|2|2,7,12,3920,silent,3908
12,31|5|5|4|1|1|1,7,5,5798,silent,5793
12,31|5|5|3|2|1|1,7,10,13555,silent,13545
12,31|5|5|2|2|2|1,7,8,6238,silent,6230
12,31|5|4|4|2|1|1,7,5,11125,silent,11120
12,31|5|4|3|3|1|1,7,2,11431,silent,11429
12,31|5|4|3|2|2|1,7,12,15818,silent,15806
12,31|5|4|2|2|2|2,7,11,4317,silent,4306
12,31|5|3|3|3|2|1,7,0,-1,a0,
12,31|5|3|3|2|2|2,7,1,4131,silent,4130
12,31|4|4|4|3|1|1,7,0,-1,a0,
12,31|4|4|4|2|2|1,7,5,4229,silent,4224
12,31|4|4|3|3|2|1,7,0,-1,a0,
12,31|4|4|3|2|2|2,7,4,3363,silent,3359
12,31|4|3|3|3|3|1,7,0,-1,a0,
12,31|4|3|3|3|2|2,7,0,-1,a0,
12,31|3|3|3|3|3|2,7,0,-1,a0,
12,30|13|1|1|1|1|1,7,0,-1,a0,
12,30|12|2|1|1|1|1,7,0,-1,a0,
12,30|11|3|1|1|1|1,7,0,-1,a0,
12,30|11|2|2|1|1|1,7,0,-1,a0,
12,30|10|4|1|1|1|1,7,1,4465,silent,4464
12,30|10|3|2|1|1|1,7,3,7632,silent,7629
12,30|10|2|2|2|1|1,7,4,2997,silent,2993
12,30|9|5|1|1|1|1,7,1,6409,silent,6408
12,30|9|4|2|1|1|1,7,7,16489,silent,16482
12,30|9|3|3|1|1|1,7,7,10950,silent,10943
12,30|9|3|2|2|1|1,7,19,13724,silent,13705
12,30|9|2|2|2|2|1,7,18,3577,silent,3559
12,30|8|6|1|1|1|1,7,2,6057,silent,6055
12,30|8|5|2|1|1|1,7,14,22394,silent,22380
12,30|8|4|3|1|1|1,7,14,27283,silent,27269
12,30|8|4|2|2|1|1,7,29,28216,silent,28187
12,30|8|3|3|2|1|1,7,20,23483,silent,23463
12,30|8|3|2|2|2|1,7,34,14355,silent,14321
12,30|8|2|2|2|2|2,7,21,2327,silent,2306
12,30|7|7|1|1|1|1,7,0,-1,a0,
12,30|7|6|2|1|1|1,7,8,16702,silent,16694
12,30|7|5|3|1|1|1,7,20,33777,silent,33757
12,30|7|5|2|2|1|1,7,38,32846,silent,32808
12,30|7|4|4|1|1|1,7,8,18825,silent,18817
12,30|7|4|3|2|1|1,7,37,53626,silent,53589
12,30|7|4|2|2|2|1,7,51,26361,silent,26310
12,30|7|3|3|3|1|1,7,4,16233,silent,16229
12,30|7|3|3|2|2|1,7,17,23047,silent,23030
12,30|7|3|2|2|2|2,7,21,7591,silent,7570
12,30|6|6|3|1|1|1,7,8,15522,silent,15514
12,30|6|6|2|2|1|1,7,10,14679,silent,14669
12,30|6|5|4|1|1|1,7,13,22486,silent,22473
12,30|6|5|3|2|1|1,7,38,50523,silent,50485
12,30|6|5|2|2|2|1,7,34,22863,silent,22829
12,30|6|4|4|2|1|1,7,17,33242,silent,33225
12,30|6|4|3|3|1|1,7,12,32799,silent,32787
12,30|6|4|3|2|2|1,7,36,44577,silent,44541
12,30|6|4|2|2|2|2,7,33,11802,silent,11769
12,30|6|3|3|3|2|1,7,1,17677,silent,17676
12,30|6|3|3|2|2|2,7,4,10378,silent,10374
12,30|5|5|5|1|1|1,7,7,4711,silent,4704
12,30|5|5|4|2|1|1,7,19,22975,silent,22956
12,30|5|5|3|3|1|1,7,6,18326,silent,18320
12,30|5|5|3|2|2|1,7,16,24181,silent,24165
12,30|5|5|2|2|2|2,7,5,5570,silent,5565
12,30|5|4|4|3|1|1,7,7,18889,silent,18882
12,30|5|4|4|2|2|1,7,19,21389,silent,21370
12,30|5|4|3|3|2|1,7,5,26518,silent,26513
12,30|5|4|3|2|2|2,7,12,15026,silent,15014
12,30|5|3|3|3|3|1,7,0,-1,a0,
12,30|5|3|3|3|2|2,7,0,-1,a0,
12,30|4|4|4|4|1|1,7,0,-1,a0,
12,30|4|4|4|3|2|1,7,3,8816,silent,8813
12,30|4|4|4|2|2|2,7,10,4391,silent,4381
12,30|4|4|3|3|3|1,7,0,-1,a0,
12,30|4|4|3|3|2|2,7,0,-1,a0,
12,30|4|3|3|3|3|2,7,0,-1,a0,
12,30|3|3|3|3|3|3,7,0,-1,a0,
12,29|14|1|1|1|1|1,7,0,-1,a0,
12,29|13|2|1|1|1|1,7,0,-1,a0,
12,29|12|3|1|1|1|1,7,0,-1,a0,
12,29|12|2|2|1|1|1,7,0,-1,a0,
12,29|11|4|1|1|1|1,7,0,-1,a0,
12,29|11|3|2|1|1|1,7,5,10069,silent,10064
12,29|11|2|2|2|1|1,7,7,3971,silent,3964
12,29|10|5|1|1|1|1,7,3,9541,silent,9538
12,29|10|4|2|1|1|1,7,12,23941,silent,23929
12,29|10|3|3|1|1|1,7,12,15674,silent,15662
12,29|10|3|2|2|1|1,7,29,19518,silent,19489
12,29|10|2|2|2|2|1,7,26,4997,silent,4971
12,29|9|6|1|1|1|1,7,3,10707,silent,10704
12,29|9|5|2|1|1|1,7,27,37551,silent,37524
12,29|9|4|3|1|1|1,7,26,44295,silent,44269
12,29|9|4|2|2|1|1,7,58,45612,silent,45554
12,29|9|3|3|2|1|1,7,35,36985,silent,36950
12,29|9|3|2|2|2|1,7,56,22317,silent,22261
12,29|9|2|2|2|2|2,7,26,3376,silent,3350
12,29|8|7|1|1|1|1,7,3,7334,silent,7331
12,29|8|6|2|1|1|1,7,22,36595,silent,36573
12,29|8|5|3|1|1|1,7,49,66610,silent,66561
12,29|8|5|2|2|1|1,7,74,63940,silent,63866
12,29|8|4|4|1|1|1,7,16,35812,silent,35796
12,29|8|4|3|2|1|1,7,81,99557,silent,99476
12,29|8|4|2|2|2|1,7,95,48051,silent,47956
12,29|8|3|3|3|1|1,7,13,29165,silent,29152
12,29|8|3|3|2|2|1,7,35,41063,silent,41028
12,29|8|3|2|2|2|2,7,40,13260,silent,13220
12,29|7|7|2|1|1|1,7,12,15780,silent,15768
12,29|7|6|3|1|1|1,7,31,51955,silent,51924
12,29|7|6|2|2|1|1,7,52,48726,silent,48674
12,29|7|5|4|1|1|1,7,41,58345,silent,58304
12,29|7|5|3|2|1|1,7,102,126517,silent,126415
12,29|7|5|2|2|2|1,7,86,55802,silent,55716
12,29|7|4|4|2|1|1,7,54,77416,silent,77362
12,29|7|4|3|3|1|1,7,29,73707,silent,73678
12,29|7|4|3|2|2|1,7,89,99004,silent,98915
12,29|7|4|2|2|2|2,7,57,24850,silent,24793
12,29|7|3|3|3|2|1,7,5,37384,silent,37379
12,29|7|3|3|2|2|2,7,13,21758,silent,21745
12,29|6|6|4|1|1|1,7,11,28872,silent,28861
12,29|6|6|3|2|1|1,7,41,59321,silent,59280
12,29|6|6|2|2|2|1,7,40,25847,silent,25807
12,29|6|5|5|1|1|1,7,20,21005,silent,20985
12,29|6|5|4|2|1|1,7,67,93735,silent,93668
12,29|6|5|3|3|1|1,7,35,72360,silent,72325
12,29|6|5|3|2|2|1,7,72,94237,silent,94165
12,29|6|5|2|2|2|2,7,37,21597,silent,21560
12,29|6|4|4|3|1|1,7,25,59597,silent,59572
12,29|6|4|4|2|2|1,7,61,66087,silent,66026
12,29|6|4|3|3|2|1,7,20,78666,silent,78646
12,29|6|4|3|2|2|2,7,38,43606,silent,43568
12,29|6|3|3|3|3|1,7,0,-1,a0,
12,29|6|3|3|3|2|2,7,0,-1,a0,
12,29|5|5|5|2|1|1,7,18,19903,silent,19885
12,29|5|5|4|3|1|1,7,24,42218,silent,42194
12,29|5|5|4|2|2|1,7,27,44593,silent,44566
12,29|5|5|3|3|2|1,7,13,44663,silent,44650
12,29|5|5|3|2|2|2,7,11,23521,silent,23510
12,29|5|4|4|4|1|1,7,8,14651,silent,14643
12,29|5|4|4|3|2|1,7,22,48468,silent,48446
12,29|5|4|4|2|2|2,7,23,21759,silent,21736
12,29|5|4|3|3|3|1,7,0,-1,a0,
12,29|5|4|3|3|2|2,7,4,28453,silent,28449
12,29|5|3|3|3|3|2,7,0,-1,a0,
12,29|4|4|4|4|2|1,7,7,7283,silent,7276
12,29|4|4|4|3|3|1,7,0,-1,a0,
12,29|4|4|4|3|2|2,7,6,9914,silent,9908
12,29|4|4|3|3|3|2,7,0,-1,a0,
12,29|4|3|3|3|3|3,7,0,-1,a0,
12,28|15|1|1|1|1|1,7,0,-1,a0,
12,28|14|2|1|1|1|1,7,0,-1,a0,
12,28|13|3|1|1|1|1,7,0,-1,a0,
12,28|13|2|2|1|1|1,7,0,-1,a0,
12,28|12|4|1|1|1|1,7,1,7426,silent,7425
12,28|12|3|2|1|1|1,7,7,12482,silent,12475
12,28|12|2|2|2|1|1,7,8,4848,silent,4840
12,28|11|5|1|1|1|1,7,4,13153,silent,13149
12,28|11|4|2|1|1|1,7,19,32560,silent,32541
12,28|11|3|3|1|1|1,7,17,21035,silent,21018
12,28|11|3|2|2|1|1,7,44,26140,silent,26096
12,28|11|2|2|2|2|1,7,34,6562,silent,6528
12,28|10|6|1|1|1|1,7,7,16982,silent,16975
12,28|10|5|2|1|1|1,7,45,57171,silent,57126
12,28|10|4|3|1|1|1,7,48,66173,silent,66125
12,28|10|4|2|2|1|1,7,88,67485,silent,67397
12,28|10|3|3|2|1|1,7,59,54199,silent,54140
12,28|10|3|2|2|2|1,7,85,32340,silent,32255
12,28|10|2|2|2|2|2,7,39,4850,silent,4811
12,28|9|7|1|1|1|1,7,6,15017,silent,15011
12,28|9|6|2|1|1|1,7,49,67276,silent,67227
12,28|9|5|3|1|1|1,7,92,115426,silent,115334
12,28|9|5|2|2|1|1,7,143,109987,silent,109844
12,28|9|4|4|1|1|1,7,36,60917,silent,60881
12,28|9|4|3|2|1|1,7,152,165899,silent,165747
12,28|9|4|2|2|2|1,7,159,78742,silent,78583
12,28|9|3|3|3|1|1,7,23,47374,silent,47351
12,28|9|3|3|2|2|1,7,66,66393,silent,66327
12,28|9|3|2|2|2|2,7,60,20898,silent,20838
12,28|8|8|1|1|1|1,7,5,6067,silent,6062
12,28|8|7|2|1|1|1,7,37,47083,silent,47046
12,28|8|6|3|1|1|1,7,86,118813,silent,118727
12,28|8|6|2|2|1|1,7,117,109930,silent,109813
12,28|8|5|4|1|1|1,7,91,121260,silent,121169
12,28|8|5|3|2|1|1,7,228,257547,silent,257319
12,28|8|5|2|2|2|1,7,177,111867,silent,111690
12,28|8|4|4|2|1|1,7,112,151525,silent,151413
12,28|8|4|3|3|1|1,7,76,141971,silent,141895
12,28|8|4|3|2|2|1,7,181,188610,silent,188429
12,28|8|4|2|2|2|2,7,112,46455,silent,46343
12,28|8|3|3|3|2|1,7,16,68951,silent,68935
12,28|8|3|3|2|2|2,7,26,39560,silent,39534
12,28|7|7|3|1|1|1,7,36,51882,silent,51846
12,28|7|7|2|2|1|1,7,62,47640,silent,47578
12,28|7|6|4|1|1|1,7,66,103791,silent,103725
12,28|7|6|3|2|1|1,7,162,204964,silent,204802
12,28|7|6|2|2|2|1,7,126,86373,silent,86247
12,28|7|5|5|1|1|1,7,51,59295,silent,59244
12,28|7|5|4|2|1|1,7,197,251337,silent,251140
12,28|7|5|3|3|1|1,7,94,188700,silent,188606
12,28|7|5|3|2|2|1,7,200,242875,silent,242675
12,28|7|5|2|2|2|2,7,80,53594,silent,53514
12,28|7|4|4|3|1|1,7,76,144158,silent,144082
12,28|7|4|4|2|2|1,7,141,156707,silent,156566
12,28|7|4|3|3|2|1,7,60,182602,silent,182542
12,28|7|4|3|2|2|2,7,86,98916,silent,98830
12,28|7|3|3|3|3|1,7,0,-1,a0,
12,28|7|3|3|3|2|2,7,3,40206,silent,40203
12,28|6|6|5|1|1|1,7,19,36529,silent,36510
12,28|6|6|4|2|1|1,7,77,127065,silent,126988
12,28|6|6|3|3|1|1,7,49,90721,silent,90672
12,28|6|6|3|2|2|1,7,95,115965,silent,115870
12,28|6|6|2|2|2|2,7,54,25605,silent,25551
12,28|6|5|5|2|1|1,7,74,93937,silent,93863
12,28|6|5|4|3|1|1,7,98,181888,silent,181790
12,28|6|5|4|2|2|1,7,138,190441,silent,190303
12,28|6|5|3|3|2|1,7,62,181932,silent,181870
12,28|6|5|3|2|2|2,7,62,94766,silent,94704
12,28|6|4|4|4|1|1,7,23,49284,silent,49261
12,28|6|4|4|3|2|1,7,75,157714,silent,157639
12,28|6|4|4|2|2|2,7,74,69115,silent,69041
12,28|6|4|3|3|3|1,7,4,70546,silent,70542
12,28|6|4|3|3|2|2,7,14,86541,silent,86527
12,28|6|3|3|3|3|2,7,0,-1,a0,
12,28|5|5|5|3|1|1,7,25,41880,silent,41855
12,28|5|5|5|2|2|1,7,16,40268,silent,40252
12,28|5|5|4|4|1|1,7,27,37932,silent,37905
12,28|5|5|4|3|2|1,7,45,111481,silent,111436
12,28|5|5|4|2|2|2,7,18,45778,silent,45760
12,28|5|5|3|3|3|1,7,4,40987,silent,40983
12,28|5|5|3|3|2|2,7,12,49851,silent,49839
12,28|5|4|4|4|2|1,7,30,43308,silent,43278
12,28|5|4|4|3|3|1,7,8,47282,silent,47274
12,28|5|4|4|3|2|2,7,23,55474,silent,55451
12,28|5|4|3|3|3|2,7,0,-1,a0,
12,28|5|3|3|3|3|3,7,0,-1,a0,
12,28|4|4|4|4|3|1,7,4,9044,silent,9040
12,28|4|4|4|4|2|2,7,14,9126,silent,9112
12,28|4|4|4|3|3|2,7,0,-1,a0,
12,28|4|4|3|3|3|3,7,0,-1,a0,
12,27|16|1|1|1|1|1,7,0,-1,a0,
12,27|15|2|1|1|1|1,7,0,-1,a0,
12,27|14|3|1|1|1|1,7,0,-1,a0,
12,27|14|2|2|1|1|1,7,0,-1,a0,
12,27|13|4|1|1|1|1,7,1,8695,silent,8694
12,27|13|3|2|1|1|1,7,9,14604,silent,14595
12,27|13|2|2|2|1|1,7,12,5703,silent,5691
12,27|12|5|1|1|1|1,7,6,16895,silent,16889
12,27|12|4|2|1|1|1,7,28,41318,silent,41290
12,27|12|3|3|1|1|1,7,25,26471,silent,26446
12,27|12|3|2|2|1|1,7,57,32756,silent,32699
12,27|12|2|2|2|2|1,7,43,8121,silent,8078
12,27|11|6|1|1|1|1,7,9,24388,silent,24379
12,27|11|5|2|1|1|1,7,70,80446,silent,80376
12,27|11|4|3|1|1|1,7,71,91643,silent,91572
12,27|11|4|2|2|1|1,7,138,93248,silent,93110
12,27|11|3|3|2|1|1,7,86,73778,silent,73692
12,27|11|3|2|2|2|1,7,118,43656,silent,43538
12,27|11|2|2|2|2|2,7,45,6252,silent,6207
12,27|10|7|1|1|1|1,7,14,25833,silent,25819
12,27|10|6|2|1|1|1,7,87,108883,silent,108796
12,27|10|5|3|1|1|1,7,159,180520,silent,180361
12,27|10|5|2|2|1|1,7,228,170772,silent,170544
12,27|10|4|4|1|1|1,7,64,94050,silent,93986
12,27|10|4|3|2|1|1,7,252,252563,silent,252311
12,27|10|4|2|2|2|1,7,245,118498,silent,118253
12,27|10|3|3|3|1|1,7,44,70937,silent,70893
12,27|10|3|3|2|2|1,7,107,98861,silent,98754
12,27|10|3|2|2|2|2,7,92,30668,silent,30576
12,27|9|8|1|1|1|1,7,9,16906,silent,16897
12,27|9|7|2|1|1|1,7,88,99544,silent,99456
12,27|9|6|3|1|1|1,7,178,225046,silent,224868
12,27|9|6|2|2|1|1,7,249,206919,silent,206670
12,27|9|5|4|1|1|1,7,179,218983,silent,218804
12,27|9|5|3|2|1|1,7,433,457050,silent,456617
12,27|9|5|2|2|2|1,7,313,195617,silent,195304
12,27|9|4|4|2|1|1,7,224,263636,silent,263412
12,27|9|4|3|3|1|1,7,140,242902,silent,242762
12,27|9|4|3|2|2|1,7,330,320288,silent,319958
12,27|9|4|2|2|2|2,7,166,76613,silent,76447
12,27|9|3|3|3|2|1,7,35,114659,silent,114624
12,27|9|3|3|2|2|2,7,54,65328,silent,65274
12,27|8|8|2|1|1|1,7,32,40265,silent,40233
12,27|8|7|3|1|1|1,7,131,161761,silent,161630
12,27|8|7|2|2|1|1,7,168,146521,silent,146353
12,27|8|6|4|1|1|1,7,172,249506,silent,249334
12,27|8|6|3|2|1|1,7,409,482193,silent,481784
12,27|8|6|2|2|2|1,7,291,199900,silent,199609
12,27|8|5|5|1|1|1,7,119,131154,silent,131035
12,27|8|5|4|2|1|1,7,436,537959,silent,537523
12,27|8|5|3|3|1|1,7,236,397520,silent,397284
12,27|8|5|3|2|2|1,7,440,506874,silent,506434
12,27|8|5|2|2|2|2,7,177,109874,silent,109697
12,27|8|4|4|3|1|1,7,167,292235,silent,292068
12,27|8|4|4|2|2|1,7,291,313973,silent,313682
12,27|8|4|3|3|2|1,7,144,359975,silent,359831
12,27|8|4|3|2|2|2,7,173,192108,silent,191935
12,27|8|3|3|3|3|1,7,3,61321,silent,61318
12,27|8|3|3|3|2|2,7,7,75601,silent,75594
12,27|7|7|4|1|1|1,7,92,113445,silent,113353
12,27|7|7|3|2|1|1,7,179,211629,silent,211450
12,27|7|7|2|2|2|1,7,111,85635,silent,85524
12,27|7|6|5|1|1|1,7,95,142977,silent,142882
12,27|7|6|4|2|1|1,7,344,469236,silent,468892
12,27|7|6|3|3|1|1,7,173,324645,silent,324472
12,27|7|6|3|2|2|1,7,336,409263,silent,408927
12,27|7|6|2|2|2|2,7,125,85588,silent,85463
12,27|7|5|5|2|1|1,7,209,274390,silent,274181
12,27|7|5|4|3|1|1,7,293,507117,silent,506824
12,27|7|5|4|2|2|1,7,383,523341,silent,522958
12,27|7|5|3|3|2|1,7,191,488326,silent,488135
12,27|7|5|3|2|2|2,7,171,249646,silent,249475
12,27|7|4|4|4|1|1,7,79,125885,silent,125806
12,27|7|4|4|3|2|1,7,195,390485,silent,390290
12,27|7|4|4|2|2|2,7,147,165938,silent,165791
12,27|7|4|3|3|3|1,7,15,169204,silent,169189
12,27|7|4|3|3|2|2,7,51,206070,silent,206019
12,27|7|3|3|3|3|2,7,0,-1,a0,
12,27|6|6|6|1|1|1,7,6,25406,silent,25400
12,27|6|6|5|2|1|1,7,107,173406,silent,173299
12,27|6|6|4|3|1|1,7,130,262566,silent,262436
12,27|6|6|4|2|2|1,7,205,269874,silent,269669
12,27|6|6|3|3|2|1,7,90,236671,silent,236581
12,27|6|6|3|2|2|2,7,96,120689,silent,120593
12,27|6|5|5|3|1|1,7,119,207976,silent,207857
12,27|6|5|5|2|2|1,7,108,198881,silent,198773
12,27|6|5|4|4|1|1,7,96,173679,silent,173583
12,27|6|5|4|3|2|1,7,219,497473,silent,497254
12,27|6|5|4|2|2|2,7,125,202378,silent,202253
12,27|6|5|3|3|3|1,7,24,172968,silent,172944
12,27|6|5|3|3|2|2,7,47,207492,silent,207445
12,27|6|4|4|4|2|1,7,96,150116,silent,150020
12,27|6|4|4|3|3|1,7,31,160111,silent,160080
12,27|6|4|4|3|2|2,7,79,184909,silent,184830
12,27|6|4|3|3|3|2,7,1,104774,silent,104773
12,27|6|3|3|3|3|3,7,0,-1,a0,
12,27|5|5|5|4|1|1,7,31,51132,silent,51101
12,27|5|5|5|3|2|1,7,38,115943,silent,115905
12,27|5|5|5|2|2|2,7,6,42742,silent,42736
12,27|5|5|4|4|2|1,7,51,113926,silent,113875
12,27|5|5|4|3|3|1,7,29,116448,silent,116419
12,27|5|5|4|3|2|2,7,36,130881,silent,130845
12,27|5|5|3|3|3|2,7,5,61709,silent,61704
12,27|5|4|4|4|3|1,7,28,57202,silent,57174
12,27|5|4|4|4|2|2,7,35,53774,silent,53739
12,27|5|4|4|3|3|2,7,7,72445,silent,72438
12,27|5|4|3|3|3|3,7,0,-1,a0,
12,27|4|4|4|4|4|1,7,9,5323,silent,5314
12,27|4|4|4|4|3|2,7,8,14775,silent,14767
12,27|4|4|4|3|3|3,7,0,-1,a0,
12,26|17|1|1|1|1|1,7,0,-1,a0,
12,26|16|2|1|1|1|1,7,0,-1,a0,
12,26|15|3|1|1|1|1,7,0,-1,a0,
12,26|15|2|2|1|1|1,7,0,-1,a0,
12,26|14|4|1|1|1|1,7,2,9633,silent,9631
12,26|14|3|2|1|1|1,7,11,16006,silent,15995
12,26|14|2|2|2|1|1,7,12,6164,silent,6152
12,26|13|5|1|1|1|1,7,8,20182,silent,20174
12,26|13|4|2|1|1|1,7,37,48999,silent,48962
12,26|13|3|3|1|1|1,7,31,31132,silent,31101
12,26|13|3|2|2|1|1,7,72,38462,silent,38390
12,26|13|2|2|2|2|1,7,51,9414,silent,9363
12,26|12|6|1|1|1|1,7,17,32268,silent,32251
12,26|12|5|2|1|1|1,7,97,104327,silent,104230
12,26|12|4|3|1|1|1,7,105,117730,silent,117625
12,26|12|4|2|2|1|1,7,179,119009,silent,118830
12,26|12|3|3|2|1|1,7,120,93726,silent,93606
12,26|12|3|2|2|2|1,7,153,55024,silent,54871
12,26|12|2|2|2|2|2,7,60,7850,silent,7790
12,26|11|7|1|1|1|1,7,21,39106,silent,39085
12,26|11|6|2|1|1|1,7,141,159341,silent,159200
12,26|11|5|3|1|1|1,7,241,257944,silent,257703
12,26|11|5|2|2|1|1,7,345,242921,silent,242576
12,26|11|4|4|1|1|1,7,102,133377,silent,133275
12,26|11|4|3|2|1|1,7,381,353945,silent,353564
12,26|11|4|2|2|2|1,7,344,164339,silent,163995
12,26|11|3|3|3|1|1,7,65,98032,silent,97967
12,26|11|3|3|2|2|1,7,161,136179,silent,136018
12,26|11|3|2|2|2|2,7,121,41557,silent,41436
12,26|10|8|1|1|1|1,7,24,33171,silent,33147
12,26|10|7|2|1|1|1,7,160,174062,silent,173902
12,26|10|6|3|1|1|1,7,322,372395,silent,372073
12,26|10|6|2|2|1|1,7,412,339816,silent,339404
12,26|10|5|4|1|1|1,7,305,352225,silent,351920
12,26|10|5|3|2|1|1,7,726,726655,silent,725929
12,26|10|5|2|2|2|1,7,502,307955,silent,307453
12,26|10|4|4|2|1|1,7,364,413004,silent,412640
12,26|10|4|3|3|1|1,7,253,377345,silent,377092
12,26|10|4|3|2|2|1,7,530,494056,silent,493526
12,26|10|4|2|2|2|2,7,262,116754,silent,116492
12,26|10|3|3|3|2|1,7,66,174112,silent,174046
12,26|10|3|3|2|2|2,7,84,98164,silent,98080
12,26|9|9|1|1|1|1,7,6,13126,silent,13120
12,26|9|8|2|1|1|1,7,105,116009,silent,115904
12,26|9|7|3|1|1|1,7,301,350888,silent,350587
12,26|9|7|2|2|1|1,7,384,315558,silent,315174
12,26|9|6|4|1|1|1,7,378,490228,silent,489850
12,26|9|6|3|2|1|1,7,837,931418,silent,930581
12,26|9|6|2|2|2|1,7,543,380352,silent,379809
12,26|9|5|5|1|1|1,7,223,246962,silent,246739
12,26|9|5|4|2|1|1,7,849,990997,silent,990148
12,26|9|5|3|3|1|1,7,455,722911,silent,722456
12,26|9|5|3|2|2|1,7,828,915003,silent,914175
12,26|9|5|2|2|2|2,7,292,194242,silent,193950
12,26|9|4|4|3|1|1,7,330,520536,silent,520206
12,26|9|4|4|2|2|1,7,517,553313,silent,552796
12,26|9|4|3|3|2|1,7,287,627725,silent,627438
12,26|9|4|3|2|2|2,7,302,330500,silent,330198
12,26|9|3|3|3|3|1,7,7,103965,silent,103958
12,26|9|3|3|3|2|2,7,23,127804,silent,127781
12,26|8|8|3|1|1|1,7,125,144810,silent,144685
12,26|8|8|2|2|1|1,7,129,129129,silent,129000
12,26|8|7|4|1|1|1,7,289,369596,silent,369307
12,26|8|7|3|2|1|1,7,586,677718,silent,677132
12,26|8|7|2|2|2|1,7,350,271299,silent,270949
12,26|8|6|5|1|1|1,7,264,364580,silent,364316
12,26|8|6|4|2|1|1,7,865,1156048,silent,1155183
12,26|8|6|3|3|1|1,7,476,787564,silent,787088
12,26|8|6|3|2|2|1,7,823,983366,silent,982543
12,26|8|6|2|2|2|2,7,300,201957,silent,201657
12,26|8|5|5|2|1|1,7,488,624045,silent,623557
12,26|8|5|4|3|1|1,7,677,1119930,silent,1119253
12,26|8|5|4|2|2|1,7,865,1145430,silent,1144565
12,26|8|5|3|3|2|1,7,461,1050728,silent,1050267
12,26|8|5|3|2|2|2,7,379,530401,silent,530022
12,26|8|4|4|4|1|1,7,154,264985,silent,264831
12,26|8|4|4|3|2|1,7,426,808081,silent,807655
12,26|8|4|4|2|2|2,7,304,338491,silent,338187
12,26|8|4|3|3|3|1,7,50,342392,silent,342342
12,26|8|4|3|3|2|2,7,111,413068,silent,412957
12,26|8|3|3|3|3|2,7,1,91205,silent,91204
12,26|7|7|5|1|1|1,7,136,178795,silent,178659
12,26|7|7|4|2|1|1,7,414,527474,silent,527060
12,26|7|7|3|3|1|1,7,186,349179,silent,348993
12,26|7|7|3|2|2|1,7,334,432198,silent,431864
12,26|7|7|2|2|2|2,7,83,85584,silent,85501
12,26|7|6|6|1|1|1,7,63,115500,silent,115437
12,26|7|6|5|2|1|1,7,468,695684,silent,695216
12,26|7|6|4|3|1|1,7,553,1002650,silent,1002097
12,26|7|6|4|2|2|1,7,717,1012353,silent,1011636
12,26|7|6|3|3|2|1,7,365,869674,silent,869309
12,26|7|6|3|2|2|2,7,302,432697,silent,432395
12,26|7|5|5|3|1|1,7,351,631001,silent,630650
12,26|7|5|5|2|2|1,7,344,597344,silent,597000
12,26|7|5|4|4|1|1,7,302,508108,silent,507806
12,26|7|5|4|3|2|1,7,646,1420736,silent,1420090
12,26|7|5|4|2|2|2,7,330,566469,silent,566139
12,26|7|5|3|3|3|1,7,81,478460,silent,478379
12,26|7|5|3|3|2|2,7,162,569063,silent,568901
12,26|7|4|4|4|2|1,7,232,389472,silent,389240
12,26|7|4|4|3|3|1,7,100,409999,silent,409899
12,26|7|4|4|3|2|2,7,191,466335,silent,466144
12,26|7|4|3|3|3|2,7,11,256957,silent,256946
12,26|7|3|3|3|3|3,7,0,-1,a0,
12,26|6|6|6|2|1|1,7,59,128745,silent,128686
12,26|6|6|5|3|1|1,7,202,408096,silent,407894
12,26|6|6|5|2|2|1,7,238,385142,silent,384904
12,26|6|6|4|4|1|1,7,123,272534,silent,272411
12,26|6|6|4|3|2|1,7,331,744790,silent,744459
12,26|6|6|4|2|2|2,7,216,296217,silent,296001
12,26|6|6|3|3|3|1,7,39,234247,silent,234208
12,26|6|6|3|3|2|2,7,66,276937,silent,276871
12,26|6|5|5|4|1|1,7,143,269861,silent,269718
12,26|6|5|5|3|2|1,7,224,595873,silent,595649
12,26|6|5|5|2|2|2,7,73,217714,silent,217641
12,26|6|5|4|4|2|1,7,255,541586,silent,541331
12,26|6|5|4|3|3|1,7,132,537167,silent,537035
12,26|6|5|4|3|2|2,7,192,598819,silent,598627
12,26|6|5|3|3|3|2,7,20,265758,silent,265738
12,26|6|4|4|4|3|1,7,84,205883,silent,205799
12,26|6|4|4|4|2|2,7,119,190841,silent,190722
12,26|6|4|4|3|3|2,7,28,250923,silent,250895
12,26|6|4|3|3|3|3,7,0,-1,a0,
12,26|5|5|5|5|1|1,7,13,31368,silent,31355
12,26|5|5|5|4|2|1,7,48,160873,silent,160825
12,26|5|5|5|3|3|1,7,35,131586,silent,131551
12,26|5|5|5|3|2|2,7,27,141058,silent,141031
12,26|5|5|4|4|3|1,7,57,160400,silent,160343
12,26|5|5|4|4|2|2,7,36,143682,silent,143646
12,26|5|5|4|3|3|2,7,31,184282,silent,184251
12,26|5|5|3|3|3|3,7,0,-1,a0,
12,26|5|4|4|4|4|1,7,27,34590,silent,34563
12,26|5|4|4|4|3|2,7,33,94791,silent,94758
12,26|5|4|4|3|3|3,7,0,-1,a0,
12,26|4|4|4|4|4|2,7,17,9994,silent,9977
12,26|4|4|4|4|3|3,7,0,-1,a0,
12,25|18|1|1|1|1|1,7,0,-1,a0,
12,25|17|2|1|1|1|1,7,0,-1,a0,
12,25|16|3|1|1|1|1,7,0,-1,a0,
12,25|16|2|2|1|1|1,7,0,-1,a0,
12,25|15|4|1|1|1|1,7,1,9925,silent,9924
12,25|15|3|2|1|1|1,7,12,16520,silent,16508
12,25|15|2|2|2|1|1,7,15,6401,silent,6386
12,25|14|5|1|1|1|1,7,10,22467,silent,22457
12,25|14|4|2|1|1|1,7,44,54136,silent,54092
12,25|14|3|3|1|1|1,7,37,34225,silent,34188
12,25|14|3|2|2|1|1,7,82,42144,silent,42062
12,25|14|2|2|2|2|1,7,56,10219,silent,10163
12,25|13|6|1|1|1|1,7,20,39130,silent,39110
12,25|13|5|2|1|1|1,7,125,125376,silent,125251
12,25|13|4|3|1|1|1,7,131,140240,silent,140109
12,25|13|4|2|2|1|1,7,233,141578,silent,141345
12,25|13|3|3|2|1|1,7,147,110416,silent,110269
12,25|13|3|2|2|2|1,7,185,64431,silent,64246
12,25|13|2|2|2|2|2,7,61,8866,silent,8805
12,25|12|7|1|1|1|1,7,34,53261,silent,53227
12,25|12|6|2|1|1|1,7,200,211900,silent,211700
12,25|12|5|3|1|1|1,7,338,337788,silent,337450
12,25|12|5|2|2|1|1,7,459,316689,silent,316230
12,25|12|4|4|1|1|1,7,144,173653,silent,173509
12,25|12|4|3|2|1|1,7,521,456887,silent,456366
12,25|12|4|2|2|2|1,7,448,210499,silent,210051
12,25|12|3|3|3|1|1,7,96,125347,silent,125251
12,25|12|3|3|2|2|1,7,217,173446,silent,173229
12,25|12|3|2|2|2|2,7,157,52376,silent,52219
12,25|11|8|1|1|1|1,7,35,53752,silent,53717
12,25|11|7|2|1|1|1,7,261,266793,silent,266532
12,25|11|6|3|1|1|1,7,500,551372,silent,550872
12,25|11|6|2|2|1|1,7,647,501303,silent,500656
12,25|11|5|4|1|1|1,7,469,512587,silent,512118
12,25|11|5|3|2|1|1,7,1090,1047059,silent,1045969
12,25|11|5|2|2|2|1,7,720,439734,silent,439014
12,25|11|4|4|2|1|1,7,566,590482,silent,589916
12,25|11|4|3|3|1|1,7,376,534361,silent,533985
12,25|11|4|3|2|2|1,7,780,696274,silent,695494
12,25|11|4|2|2|2|2,7,338,161517,silent,161179
12,25|11|3|3|3|2|1,7,108,242706,silent,242598
12,25|11|3|3|2|2|2,7,132,136166,silent,136034
12,25|10|9|1|1|1|1,7,24,34494,silent,34470
12,25|10|8|2|1|1|1,7,214,230210,silent,229996
12,25|10|7|3|1|1|1,7,562,624751,silent,624189
12,25|10|7|2|2|1|1,7,667,558255,silent,557588
12,25|10|6|4|1|1|1,7,671,830244,silent,829573
12,25|10|6|3|2|1|1,7,1448,1559713,silent,1558265
12,25|10|6|2|2|2|1,7,894,630725,silent,629831
12,25|10|5|5|1|1|1,7,376,408714,silent,408338
12,25|10|5|4|2|1|1,7,1415,1614394,silent,1612979
12,25|10|5|3|3|1|1,7,796,1167868,silent,1167072
12,25|10|5|3|2|2|1,7,1368,1469521,silent,1468153
12,25|10|5|2|2|2|2,7,470,308071,silent,307601
12,25|10|4|4|3|1|1,7,554,829535,silent,828981
12,25|10|4|4|2|2|1,7,830,875420,silent,874590
12,25|10|4|3|3|2|1,7,496,984911,silent,984415
12,25|10|4|3|2|2|2,7,480,513545,silent,513065
12,25|10|3|3|3|3|1,7,20,159930,silent,159910
12,25|10|3|3|3|2|2,7,41,195620,silent,195579
12,25|9|9|2|1|1|1,7,93,92687,silent,92594
12,25|9|8|3|1|1|1,7,369,424631,silent,424262
12,25|9|8|2|2|1|1,7,428,376715,silent,376287
12,25|9|7|4|1|1|1,7,679,826442,silent,825763
12,25|9|7|3|2|1|1,7,1320,1492379,silent,1491059
12,25|9|7|2|2|2|1,7,735,589582,silent,588847
12,25|9|6|5|1|1|1,7,567,743888,silent,743321
12,25|9|6|4|2|1|1,7,1815,2306022,silent,2304207
12,25|9|6|3|3|1|1,7,963,1550955,silent,1549992
12,25|9|6|3|2|2|1,7,1621,1922491,silent,1920870
12,25|9|6|2|2|2|2,7,503,385960,silent,385457
12,25|9|5|5|2|1|1,7,933,1195601,silent,1194668
12,25|9|5|4|3|1|1,7,1328,2106635,silent,2105307
12,25|9|5|4|2|2|1,7,1627,2137054,silent,2135427
12,25|9|5|3|3|2|1,7,922,1939220,silent,1938298
12,25|9|5|3|2|2|2,7,705,967922,silent,967217
12,25|9|4|4|4|1|1,7,316,485846,silent,485530
12,25|9|4|4|3|2|1,7,798,1457960,silent,1457162
12,25|9|4|4|2|2|2,7,491,600720,silent,600229
12,25|9|4|3|3|3|1,7,108,608057,silent,607949
12,25|9|4|3|3|2|2,7,238,729644,silent,729406
12,25|9|3|3|3|3|2,7,4,156333,silent,156329
12,25|8|8|4|1|1|1,7,259,348681,silent,348422
12,25|8|8|3|2|1|1,7,523,622567,silent,622044
12,25|8|8|2|2|2|1,7,300,245286,silent,244986
12,25|8|7|5|1|1|1,7,468,614804,silent,614336
12,25|8|7|4|2|1|1,7,1322,1758476,silent,1757154
12,25|8|7|3|3|1|1,7,694,1148803,silent,1148109
12,25|8|7|3|2|2|1,7,1098,1411209,silent,1410111
12,25|8|7|2|2|2|2,7,319,277022,silent,276703
12,25|8|6|6|1|1|1,7,185,319376,silent,319191
12,25|8|6|5|2|1|1,7,1236,1811852,silent,1810616
12,25|8|6|4|3|1|1,7,1440,2537283,silent,2535843
12,25|8|6|4|2|2|1,7,1789,2538356,silent,2536567
12,25|8|6|3|3|2|1,7,964,2146553,silent,2145589
12,25|8|6|3|2|2|2,7,731,1054422,silent,1053691
12,25|8|5|5|3|1|1,7,847,1474343,silent,1473496
12,25|8|5|5|2|2|1,7,820,1385228,silent,1384408
12,25|8|5|4|4|1|1,7,665,1160995,silent,1160330
12,25|8|5|4|3|2|1,7,1505,3195900,silent,3194395
12,25|8|5|4|2|2|2,7,760,1258861,silent,1258101
12,25|8|5|3|3|3|1,7,222,1052857,silent,1052635
12,25|8|5|3|3|2|2,7,370,1242137,silent,1241767
12,25|8|4|4|4|2|1,7,482,834899,silent,834417
12,25|8|4|4|3|3|1,7,232,869003,silent,868771
12,25|8|4|4|3|2|2,7,408,979099,silent,978691
12,25|8|4|3|3|3|2,7,35,527851,silent,527816
12,25|8|3|3|3|3|3,7,0,-1,a0,
12,25|7|7|6|1|1|1,7,143,197037,silent,196894
12,25|7|7|5|2|1|1,7,606,892392,silent,891786
12,25|7|7|4|3|1|1,7,662,1170696,silent,1170034
12,25|7|7|4|2|2|1,7,736,1158410,silent,1157674
12,25|7|7|3|3|2|1,7,414,958908,silent,958494
12,25|7|7|3|2|2|2,7,272,464316,silent,464044
12,25|7|6|6|2|1|1,7,348,594350,silent,594002
12,25|7|6|5|3|1|1,7,857,1689035,silent,1688178
12,25|7|6|5|2|2|1,7,910,1570583,silent,1569673
12,25|7|6|4|4|1|1,7,573,1088102,silent,1087529
12,25|7|6|4|3|2|1,7,1280,2897621,silent,2896341
12,25|7|6|4|2|2|2,7,644,1123252,silent,1122608
12,25|7|6|3|3|3|1,7,177,885249,silent,885072
12,25|7|6|3|3|2|2,7,311,1038072,silent,1037761
12,25|7|5|5|4|1|1,7,427,854820,silent,854393
12,25|7|5|5|3|2|1,7,721,1850898,silent,1850177
12,25|7|5|5|2|2|2,7,260,667242,silent,666982
12,25|7|5|4|4|2|1,7,736,1616590,silent,1615854
12,25|7|5|4|3|3|1,7,421,1578520,silent,1578099
12,25|7|5|4|3|2|2,7,566,1740499,silent,1739933
12,25|7|5|3|3|3|2,7,77,748983,silent,748906
12,25|7|4|4|4|3|1,7,225,550975,silent,550750
12,25|7|4|4|4|2|2,7,241,501053,silent,500812
12,25|7|4|4|3|3|2,7,100,655286,silent,655186
12,25|7|4|3|3|3|3,7,0,-1,a0,
12,25|6|6|6|3|1|1,7,131,328038,silent,327907
12,25|6|6|6|2|2|1,7,185,300053,silent,299868
12,25|6|6|5|4|1|1,7,251,573859,silent,573608
12,25|6|6|5|3|2|1,7,473,1212818,silent,1212345
12,25|6|6|5|2|2|2,7,222,435580,silent,435358
12,25|6|6|4|4|2|1,7,397,880349,silent,879952
12,25|6|6|4|3|3|1,7,197,835896,silent,835699
12,25|6|6|4|3|2|2,7,312,919595,silent,919283
12,25|6|6|3|3|3|2,7,27,368233,silent,368206
12,25|6|5|5|5|1|1,7,79,180313,silent,180234
12,25|6|5|5|4|2|1,7,296,877519,silent,877223
12,25|6|5|5|3|3|1,7,178,696495,silent,696317
12,25|6|5|5|3|2|2,7,172,741623,silent,741451
12,25|6|5|4|4|3|1,7,258,787326,silent,787068
12,25|6|5|4|4|2|2,7,245,701642,silent,701397
12,25|6|5|4|3|3|2,7,132,867623,silent,867491
12,25|6|5|3|3|3|3,7,4,173124,silent,173120
12,25|6|4|4|4|4|1,7,81,129862,silent,129781
12,25|6|4|4|4|3|2,7,108,348605,silent,348497
12,25|6|4|4|3|3|3,7,2,168518,silent,168516
12,25|5|5|5|5|2|1,7,25,106725,silent,106700
12,25|5|5|5|4|3|1,7,62,245204,silent,245142
12,25|5|5|5|4|2|2,7,28,210092,silent,210064
12,25|5|5|5|3|3|2,7,38,215829,silent,215791
12,25|5|5|4|4|4|1,7,37,103467,silent,103430
12,25|5|5|4|4|3|2,7,58,272447,silent,272389
12,25|5|5|4|3|3|3,7,10,125417,silent,125407
12,25|5|4|4|4|4|2,7,39,65069,silent,65030
12,25|5|4|4|4|3|3,7,10,69808,silent,69798
12,25|4|4|4|4|4|3,7,9,9320,silent,9311
12,24|19|1|1|1|1|1,7,0,-1,a0,
12,24|18|2|1|1|1|1,7,0,-1,a0,
12,24|17|3|1|1|1|1,7,0,-1,a0,
12,24|17|2|2|1|1|1,7,0,-1,a0,
12,24|16|4|1|1|1|1,7,2,9634,silent,9632
12,24|16|3|2|1|1|1,7,12,15884,silent,15872
12,24|16|2|2|2|1|1,7,13,6070,silent,6057
12,24|15|5|1|1|1|1,7,10,23211,silent,23201
12,24|15|4|2|1|1|1,7,48,55702,silent,55654
12,24|15|3|3|1|1|1,7,39,35041,silent,35002
12,24|15|3|2|2|1|1,7,89,43092,silent,43003
12,24|15|2|2|2|2|1,7,57,10346,silent,10289
12,24|14|6|1|1|1|1,7,26,43882,silent,43856
12,24|14|5|2|1|1|1,7,145,138970,silent,138825
12,24|14|4|3|1|1|1,7,158,154677,silent,154519
12,24|14|4|2|2|1|1,7,257,155337,silent,155080
12,24|14|3|3|2|1|1,7,174,120962,silent,120788
12,24|14|3|2|2|2|1,7,206,70161,silent,69955
12,24|14|2|2|2|2|2,7,73,9689,silent,9616
12,24|13|7|1|1|1|1,7,43,65724,silent,65681
12,24|13|6|2|1|1|1,7,258,257661,silent,257403
12,24|13|5|3|1|1|1,7,423,406022,silent,405599
12,24|13|5|2|2|1|1,7,575,379517,silent,378942
12,24|13|4|4|1|1|1,7,188,208026,silent,207838
12,24|13|4|3|2|1|1,7,651,543234,silent,542583
12,24|13|4|2|2|2|1,7,538,248504,silent,247966
12,24|13|3|3|3|1|1,7,119,147816,silent,147697
12,24|13|3|3|2|2|1,7,271,203993,silent,203722
12,24|13|3|2|2|2|2,7,180,60878,silent,60698
12,24|12|8|1|1|1|1,7,58,76020,silent,75962
12,24|12|7|2|1|1|1,7,368,363764,silent,363396
12,24|12|6|3|1|1|1,7,708,736387,silent,735679
12,24|12|6|2|2|1|1,7,861,666308,silent,665447
12,24|12|5|4|1|1|1,7,641,676542,silent,675901
12,24|12|5|3|2|1|1,7,1485,1372681,silent,1371196
12,24|12|5|2|2|2|1,7,947,572772,silent,571825
12,24|12|4|4|2|1|1,7,753,768730,silent,767977
12,24|12|4|3|3|1|1,7,537,692545,silent,692008
12,24|12|4|3|2|2|1,7,1034,898053,silent,897019
12,24|12|4|2|2|2|2,7,448,206731,silent,206283
12,24|12|3|3|3|2|1,7,156,310334,silent,310178
12,24|12|3|3|2|2|2,7,170,172756,silent,172586
12,24|11|9|1|1|1|1,7,43,62745,silent,62702
12,24|11|8|2|1|1|1,7,367,376040,silent,375673
12,24|11|7|3|1|1|1,7,891,963501,silent,962610
12,24|11|7|2|2|1|1,7,1051,857489,silent,856438
12,24|11|6|4|1|1|1,7,1059,1244459,silent,1243400
12,24|11|6|3|2|1|1,7,2216,2317038,silent,2314822
12,24|11|6|2|2|2|1,7,1299,928997,silent,927698
12,24|11|5|5|1|1|1,7,561,603607,silent,603046
12,24|11|5|4|2|1|1,7,2129,2357889,silent,2355760
12,24|11|5|3|3|1|1,7,1198,1694152,silent,1692954
12,24|11|5|3|2|2|1,7,2022,2121943,silent,2119921
12,24|11|5|2|2|2|2,7,643,439239,silent,438596
12,24|11|4|4|3|1|1,7,844,1193480,silent,1192636
12,24|11|4|4|2|2|1,7,1196,1251442,silent,1250246
12,24|11|4|3|3|2|1,7,763,1399982,silent,1399219
12,24|11|4|3|2|2|2,7,681,723683,silent,723002
12,24|11|3|3|3|3|1,7,34,223978,silent,223944
12,24|11|3|3|3|2|2,7,75,273278,silent,273203
12,24|10|10|1|1|1|1,7,22,24503,silent,24481
12,24|10|9|2|1|1|1,7,235,244085,silent,243850
12,24|10|8|3|1|1|1,7,762,852063,silent,851301
12,24|10|8|2|2|1|1,7,823,751261,silent,750438
12,24|10|7|4|1|1|1,7,1238,1495705,silent,1494467
12,24|10|7|3|2|1|1,7,2383,2675198,silent,2672815
12,24|10|7|2|2|2|1,7,1285,1048607,silent,1047322
12,24|10|6|5|1|1|1,7,1003,1288305,silent,1287302
12,24|10|6|4|2|1|1,7,3110,3932163,silent,3929053
12,24|10|6|3|3|1|1,7,1721,2625138,silent,2623417
12,24|10|6|3|2|2|1,7,2735,3235657,silent,3232922
12,24|10|6|2|2|2|2,7,836,642534,silent,641698
12,24|10|5|5|2|1|1,7,1581,1996031,silent,1994450
12,24|10|5|4|3|1|1,7,2241,3471380,silent,3469139
12,24|10|5|4|2|2|1,7,2688,3502004,silent,3499316
12,24|10|5|3|3|2|1,7,1584,3151869,silent,3150285
12,24|10|5|3|2|2|2,7,1144,1560162,silent,1559018
12,24|10|4|4|4|1|1,7,496,786350,silent,785854
12,24|10|4|4|3|2|1,7,1312,2337202,silent,2335890
12,24|10|4|4|2|2|2,7,793,954690,silent,953897
12,24|10|4|3|3|3|1,7,214,963536,silent,963322
12,24|10|4|3|3|2|2,7,393,1149179,silent,1148786
12,24|10|3|3|3|3|2,7,14,241810,silent,241796
12,24|9|9|3|1|1|1,7,303,345193,silent,344890
12,24|9|9|2|2|1|1,7,358,303583,silent,303225
12,24|9|8|4|1|1|1,7,827,1046533,silent,1045706
12,24|9|8|3|2|1|1,7,1561,1839370,silent,1837809
12,24|9|8|2|2|2|1,7,815,714009,silent,713194
12,24|9|7|5|1|1|1,7,1085,1417346,silent,1416261
12,24|9|7|4|2|1|1,7,3012,3969574,silent,3966562
12,24|9|7|3|3|1|1,7,1562,2564923,silent,2563361
12,24|9|7|3|2|2|1,7,2405,3130369,silent,3127964
12,24|9|7|2|2|2|2,7,621,603758,silent,603137
12,24|9|6|6|1|1|1,7,442,683570,silent,683128
12,24|9|6|5|2|1|1,7,2575,3735300,silent,3732725
12,24|9|6|4|3|1|1,7,2992,5135905,silent,5132913
12,24|9|6|4|2|2|1,7,3515,5097691,silent,5094176
12,24|9|6|3|3|2|1,7,1999,4268806,silent,4266807
12,24|9|6|3|2|2|2,7,1385,2073156,silent,2071771
12,24|9|5|5|3|1|1,7,1642,2871468,silent,2869826
12,24|9|5|5|2|2|1,7,1604,2681724,silent,2680120
12,24|9|5|4|4|1|1,7,1298,2232067,silent,2230769
12,24|9|5|4|3|2|1,7,2914,6069003,silent,6066089
12,24|9|5|4|2|2|2,7,1378,2363885,silent,2362507
12,24|9|5|3|3|3|1,7,466,1969791,silent,1969325
12,24|9|5|3|3|2|2,7,761,2310882,silent,2310121
12,24|9|4|4|4|2|1,7,861,1541060,silent,1540199
12,24|9|4|4|3|3|1,7,468,1592275,silent,1591807
12,24|9|4|4|3|2|2,7,732,1779127,silent,1778395
12,24|9|4|3|3|3|2,7,91,945969,silent,945878
12,24|9|3|3|3|3|3,7,0,-1,a0,
12,24|8|8|5|1|1|1,7,450,622077,silent,621627
12,24|8|8|4|2|1|1,7,1183,1692792,silent,1691609
12,24|8|8|3|3|1|1,7,677,1082725,silent,1082048
12,24|8|8|3|2|2|1,7,984,1318062,silent,1317078
12,24|8|8|2|2|2|2,7,305,254640,silent,254335
12,24|8|7|6|1|1|1,7,488,726790,silent,726302
12,24|8|7|5|2|1|1,7,2060,3123195,silent,3121135
12,24|8|7|4|3|1|1,7,2219,3986862,silent,3984643
12,24|8|7|4|2|2|1,7,2488,3920733,silent,3918245
12,24|8|7|3|3|2|1,7,1425,3192956,silent,3191531
12,24|8|7|3|2|2|2,7,919,1532953,silent,1532034
12,24|8|6|6|2|1|1,7,963,1666213,silent,1665250
12,24|8|6|5|3|1|1,7,2306,4492612,silent,4490306
12,24|8|6|5|2|2|1,7,2356,4143646,silent,4141290
12,24|8|6|4|4|1|1,7,1429,2831098,silent,2829669
12,24|8|6|4|3|2|1,7,3292,7429473,silent,7426181
12,24|8|6|4|2|2|2,7,1609,2846368,silent,2844759
12,24|8|6|3|3|3|1,7,515,2224351,silent,2223836
12,24|8|6|3|3|2|2,7,780,2588320,silent,2587540
12,24|8|5|5|4|1|1,7,1026,2055816,silent,2054790
12,24|8|5|5|3|2|1,7,1747,4387893,silent,4386146
12,24|8|5|5|2|2|2,7,628,1564879,silent,1564251
12,24|8|5|4|4|2|1,7,1675,3748726,silent,3747051
12,24|8|5|4|3|3|1,7,1004,3617217,silent,3616213
12,24|8|5|4|3|2|2,7,1311,3959433,silent,3958122
12,24|8|5|3|3|3|2,7,202,1667083,silent,1666881
12,24|8|4|4|4|3|1,7,457,1204931,silent,1204474
12,24|8|4|4|4|2|2,7,514,1086943,silent,1086429
12,24|8|4|4|3|3|2,7,227,1405028,silent,1404801
12,24|8|4|3|3|3|3,7,5,344787,silent,344782
12,24|7|7|7|1|1|1,7,96,127095,silent,126999
12,24|7|7|6|2|1|1,7,633,1029446,silent,1028813
12,24|7|7|5|3|1|1,7,1105,2239944,silent,2238839
12,24|7|7|5|2|2|1,7,1065,2046521,silent,2045456
12,24|7|7|4|4|1|1,7,710,1335436,silent,1334726
12,24|7|7|4|3|2|1,7,1436,3444102,silent,3442666
12,24|7|7|4|2|2|2,7,583,1300499,silent,1299916
12,24|7|7|3|3|3|1,7,229,1004010,silent,1003781
12,24|7|7|3|3|2|2,7,371,1164116,silent,1163745
12,24|7|6|6|3|1|1,7,697,1550140,silent,1549443
12,24|7|6|6|2|2|1,7,742,1391775,silent,1391033
12,24|7|6|5|4|1|1,7,1089,2465322,silent,2464233
12,24|7|6|5|3|2|1,7,1943,5100178,silent,5098235
12,24|7|6|5|2|2|2,7,773,1795593,silent,1794820
12,24|7|6|4|4|2|1,7,1474,3557470,silent,3555996
12,24|7|6|4|3|3|1,7,866,3334886,silent,3334020
12,24|7|6|4|3|2|2,7,1144,3623990,silent,3622846
12,24|7|6|3|3|3|2,7,166,1414615,silent,1414449
12,24|7|5|5|5|1|1,7,234,601268,silent,601034
12,24|7|5|5|4|2|1,7,961,2836111,silent,2835150
12,24|7|5|5|3|3|1,7,565,2213853,silent,2213288
12,24|7|5|5|3|2|2,7,593,2339366,silent,2338773
12,24|7|5|4|4|3|1,7,773,2409591,silent,2408818
12,24|7|5|4|4|2|2,7,664,2123231,silent,2122567
12,24|7|5|4|3|3|2,7,434,2589006,silent,2588572
12,24|7|5|3|3|3|3,7,15,497234,silent,497219
12,24|7|4|4|4|4|1,7,182,357357,silent,357175
12,24|7|4|4|4|3|2,7,262,945973,silent,945711
12,24|7|4|4|3|3|3,7,20,449437,silent,449417
12,24|6|6|6|4|1|1,7,182,524267,silent,524085
12,24|6|6|6|3|2|1,7,379,1013636,silent,1013257
12,24|6|6|6|2|2|2,7,208,350223,silent,350015
12,24|6|6|5|5|1|1,7,168,436802,silent,436634
12,24|6|6|5|4|2|1,7,667,1930022,silent,1929355
12,24|6|6|5|3|3|1,7,342,1465584,silent,1465242
12,24|6|6|5|3|2|2,7,415,1545235,silent,1544820
12,24|6|6|4|4|3|1,7,389,1327178,silent,1326789
12,24|6|6|4|4|2|2,7,430,1168239,silent,1167809
12,24|6|6|4|3|3|2,7,194,1379124,silent,1378930
12,24|6|6|3|3|3|3,7,10,247616,silent,247606
12,24|6|5|5|5|2|1,7,153,628131,silent,627978
12,24|6|5|5|4|3|1,7,344,1375863,silent,1375519
12,24|6|5|5|4|2|2,7,231,1170800,silent,1170569
12,24|6|5|5|3|3|2,7,187,1163757,silent,1163570
12,24|6|5|4|4|4|1,7,189,531363,silent,531174
12,24|6|5|4|4|3|2,7,296,1365233,silent,1364937
12,24|6|5|4|3|3|3,7,40,605656,silent,605616
12,24|6|4|4|4|4|2,7,125,249353,silent,249228
12,24|6|4|4|4|3|3,7,29,263507,silent,263478
12,24|5|5|5|5|3|1,7,37,184555,silent,184518
12,24|5|5|5|5|2|2,7,20,146599,silent,146579
12,24|5|5|5|4|4|1,7,35,179505,silent,179470
12,24|5|5|5|4|3|2,7,62,430928,silent,430866
12,24|5|5|5|3|3|3,7,19,154644,silent,154625
12,24|5|5|4|4|4|2,7,39,198678,silent,198639
12,24|5|5|4|4|3|3,7,35,211050,silent,211015
12,24|5|4|4|4|4|3,7,26,64536,silent,64510
12,24|4|4|4|4|4|4,7,13,4484,silent,4471
12,23|20|1|1|1|1|1,7,0,-1,a0,
12,23|19|2|1|1|1|1,7,0,-1,a0,
12,23|18|3|1|1|1|1,7,0,-1,a0,
12,23|18|2|2|1|1|1,7,0,-1,a0,
12,23|17|4|1|1|1|1,7,1,8529,silent,8528
12,23|17|3|2|1|1|1,7,11,14140,silent,14129
12,23|17|2|2|2|1|1,7,14,5466,silent,5452
12,23|16|5|1|1|1|1,7,11,22126,silent,22115
12,23|16|4|2|1|1|1,7,48,52861,silent,52813
12,23|16|3|3|1|1|1,7,39,33163,silent,33124
12,23|16|3|2|2|1|1,7,85,40695,silent,40610
12,23|16|2|2|2|2|1,7,55,9728,silent,9673
12,23|15|6|1|1|1|1,7,25,44998,silent,44973
12,23|15|5|2|1|1|1,7,155,142009,silent,141854
12,23|15|4|3|1|1|1,7,164,157223,silent,157059
12,23|15|4|2|2|1|1,7,281,157892,silent,157611
12,23|15|3|3|2|1|1,7,179,122066,silent,121887
12,23|15|3|2|2|2|1,7,212,70521,silent,70309
12,23|15|2|2|2|2|2,7,64,9438,silent,9374
12,23|14|7|1|1|1|1,7,53,73764,silent,73711
12,23|14|6|2|1|1|1,7,298,285866,silent,285568
12,23|14|5|3|1|1|1,7,488,447018,silent,446530
12,23|14|5|2|2|1|1,7,642,416582,silent,415940
12,23|14|4|4|1|1|1,7,216,228359,silent,228143
12,23|14|4|3|2|1|1,7,741,593181,silent,592440
12,23|14|4|2|2|2|1,7,593,269927,silent,269334
12,23|14|3|3|3|1|1,7,142,160518,silent,160376
12,23|14|3|3|2|2|1,7,306,220865,silent,220559
12,23|14|3|2|2|2|2,7,199,65426,silent,65227
12,23|13|8|1|1|1|1,7,71,95283,silent,95212
12,23|13|7|2|1|1|1,7,470,446778,silent,446308
12,23|13|6|3|1|1|1,7,881,890951,silent,890070
12,23|13|6|2|2|1|1,7,1086,804481,silent,803395
12,23|13|5|4|1|1|1,7,802,812455,silent,811653
12,23|13|5|3|2|1|1,7,1820,1638492,silent,1636672
12,23|13|5|2|2|2|1,7,1133,679617,silent,678484
12,23|13|4|4|2|1|1,7,949,914616,silent,913667
12,23|13|4|3|3|1|1,7,653,819081,silent,818428
12,23|13|4|3|2|2|1,7,1260,1058706,silent,1057446
12,23|13|4|2|2|2|2,7,495,240515,silent,240020
12,23|13|3|3|3|2|1,7,202,363664,silent,363462
12,23|13|3|3|2|2|2,7,218,201716,silent,201498
12,23|12|9|1|1|1|1,7,73,93490,silent,93417
12,23|12|8|2|1|1|1,7,527,529149,silent,528622
12,23|12|7|3|1|1|1,7,1252,1312146,silent,1310894
12,23|12|7|2|2|1|1,7,1415,1163483,silent,1162068
12,23|12|6|4|1|1|1,7,1455,1664890,silent,1663435
12,23|12|6|3|2|1|1,7,3005,3080420,silent,3077415
12,23|12|6|2|2|2|1,7,1709,1227708,silent,1225999
12,23|12|5|5|1|1|1,7,755,800224,silent,799469
12,23|12|5|4|2|1|1,7,2845,3100164,silent,3097319
12,23|12|5|3|3|1|1,7,1649,2217350,silent,2215701
12,23|12|5|3|2|2|1,7,2681,2766703,silent,2764022
12,23|12|5|2|2|2|2,7,838,567964,silent,567126
12,23|12|4|4|3|1|1,7,1133,1552856,silent,1551723
12,23|12|4|4|2|2|1,7,1567,1620874,silent,1619307
12,23|12|4|3|3|2|1,7,1045,1805015,silent,1803970
12,23|12|4|3|2|2|2,7,887,926974,silent,926087
12,23|12|3|3|3|3|1,7,56,285676,silent,285620
12,23|12|3|3|3|2|2,7,105,347305,silent,347200
12,23|11|10|1|1|1|1,7,44,58721,silent,58677
12,23|11|9|2|1|1|1,7,442,444185,silent,443743
12,23|11|8|3|1|1|1,7,1252,1391434,silent,1390182
12,23|11|8|2|2|1|1,7,1378,1222988,silent,1221610
12,23|11|7|4|1|1|1,7,1958,2319138,silent,2317180
12,23|11|7|3|2|1|1,7,3696,4115847,silent,4112151
12,23|11|7|2|2|2|1,7,1914,1601559,silent,1599645
12,23|11|6|5|1|1|1,7,1548,1947856,silent,1946308
12,23|11|6|4|2|1|1,7,4753,5881982,silent,5877229
12,23|11|6|3|3|1|1,7,2592,3901818,silent,3899226
12,23|11|6|3|2|2|1,7,4056,4789050,silent,4784994
12,23|11|6|2|2|2|2,7,1131,938867,silent,937736
12,23|11|5|5|2|1|1,7,2319,2944892,silent,2942573
12,23|11|5|4|3|1|1,7,3348,5078483,silent,5075135
12,23|11|5|4|2|2|1,7,3919,5098661,silent,5094742
12,23|11|5|3|3|2|1,7,2395,4564039,silent,4561644
12,23|11|5|3|2|2|2,7,1659,2243461,silent,2241802
12,23|11|4|4|4|1|1,7,761,1138775,silent,1138014
12,23|11|4|4|3|2|1,7,1924,3353859,silent,3351935
12,23|11|4|4|2|2|2,7,1060,1356334,silent,1355274
12,23|11|4|3|3|3|1,7,337,1371036,silent,1370699
12,23|11|4|3|3|2|2,7,619,1629362,silent,1628743
12,23|11|3|3|3|3|2,7,24,337523,silent,337499
12,23|10|10|2|1|1|1,7,158,173649,silent,173491
12,23|10|9|3|1|1|1,7,804,915100,silent,914296
12,23|10|9|2|2|1|1,7,860,800125,silent,799265
12,23|10|8|4|1|1|1,7,1667,2119417,silent,2117750
12,23|10|8|3|2|1|1,7,3094,3691701,silent,3688607
12,23|10|8|2|2|2|1,7,1571,1422528,silent,1420957
12,23|10|7|5|1|1|1,7,1978,2604255,silent,2602277
12,23|10|7|4|2|1|1,7,5370,7193883,silent,7188513
12,23|10|7|3|3|1|1,7,2883,4617261,silent,4614378
12,23|10|7|3|2|2|1,7,4254,5609179,silent,5604925
12,23|10|7|2|2|2|2,7,1098,1072024,silent,1070926
12,23|10|6|6|1|1|1,7,793,1213026,silent,1212233
12,23|10|6|5|2|1|1,7,4444,6479629,silent,6475185
12,23|10|6|4|3|1|1,7,5156,8803007,silent,8797851
12,23|10|6|4|2|2|1,7,5914,8692623,silent,8686709
12,23|10|6|3|3|2|1,7,3471,7227321,silent,7223850
12,23|10|6|3|2|2|2,7,2292,3483403,silent,3481111
12,23|10|5|5|3|1|1,7,2774,4819889,silent,4817115
12,23|10|5|5|2|2|1,7,2684,4481195,silent,4478511
12,23|10|5|4|4|1|1,7,2123,3713638,silent,3711515
12,23|10|5|4|3|2|1,7,4854,10012037,silent,10007183
12,23|10|5|4|2|2|2,7,2253,3870375,silent,3868122
12,23|10|5|3|3|3|1,7,845,3215370,silent,3214525
12,23|10|5|3|3|2|2,7,1270,3753726,silent,3752456
12,23|10|4|4|4|2|1,7,1363,2498446,silent,2497083
12,23|10|4|4|3|3|1,7,789,2566222,silent,2565433
12,23|10|4|4|3|2|2,7,1181,2851007,silent,2849826
12,23|10|4|3|3|3|2,7,178,1499658,silent,1499480
12,23|10|3|3|3|3|3,7,3,153542,silent,153539
12,23|9|9|4|1|1|1,7,705,871382,silent,870677
12,23|9|9|3|2|1|1,7,1240,1501606,silent,1500366
12,23|9|9|2|2|2|1,7,588,573388,silent,572800
12,23|9|8|5|1|1|1,7,1377,1908774,silent,1907397
12,23|9|8|4|2|1|1,7,3609,5087936,silent,5084327
12,23|9|8|3|3|1|1,7,1920,3217374,silent,3215454
12,23|9|8|3|2|2|1,7,2794,3891462,silent,3888668
12,23|9|8|2|2|2|2,7,696,735239,silent,734543
12,23|9|7|6|1|1|1,7,1181,1740233,silent,1739052
12,23|9|7|5|2|1|1,7,4675,7230197,silent,7225522
12,23|9|7|4|3|1|1,7,5025,9073703,silent,9068678
12,23|9|7|4|2|2|1,7,5436,8864956,silent,8859520
12,23|9|7|3|3|2|1,7,3228,7152906,silent,7149678
12,23|9|7|3|2|2|2,7,1957,3401856,silent,3399899
12,23|9|6|6|2|1|1,7,2117,3577157,silent,3575040
12,23|9|6|5|3|1|1,7,4761,9344981,silent,9340220
12,23|9|6|5|2|2|1,7,4728,8563875,silent,8559147
12,23|9|6|4|4|1|1,7,2974,5815937,silent,5812963
12,23|9|6|4|3|2|1,7,6635,15088751,silent,15082116
12,23|9|6|4|2|2|2,7,2976,5717340,silent,5714364
12,23|9|6|3|3|3|1,7,1109,4458426,silent,4457317
12,23|9|6|3|3|2|2,7,1655,5161941,silent,5160286
12,23|9|5|5|4|1|1,7,1957,4063796,silent,4061839
12,23|9|5|5|3|2|1,7,3439,8589122,silent,8585683
12,23|9|5|5|2|2|2,7,1256,3039069,silent,3037813
12,23|9|5|4|4|2|1,7,3145,7237057,silent,7233912
12,23|9|5|4|3|3|1,7,1992,6930510,silent,6928518
12,23|9|5|4|3|2|2,7,2492,7539554,silent,7537062
12,23|9|5|3|3|3|2,7,437,3130694,silent,3130257
12,23|9|4|4|4|3|1,7,844,2247710,silent,2246866
12,23|9|4|4|4|2|2,7,831,2008517,silent,2007686
12,23|9|4|4|3|3|2,7,470,2586195,silent,2585725
12,23|9|4|3|3|3|3,7,14,621838,silent,621824
12,23|8|8|6|1|1|1,7,506,825881,silent,825375
12,23|8|8|5|2|1|1,7,1967,3205765,silent,3203798
12,23|8|8|4|3|1|1,7,2062,3912504,silent,3910442
12,23|8|8|4|2|2|1,7,2299,3815576,silent,3813277
12,23|8|8|3|3|2|1,7,1330,3037112,silent,3035782
12,23|8|8|3|2|2|2,7,840,1442279,silent,1441439
12,23|8|7|7|1|1|1,7,362,524429,silent,524067
12,23|8|7|6|2|1|1,7,2197,3840317,silent,3838120
12,23|8|7|5|3|1|1,7,3867,7952616,silent,7948749
12,23|8|7|5|2|2|1,7,3687,7223666,silent,7219979
12,23|8|7|4|4|1|1,7,2233,4640007,silent,4637774
12,23|8|7|4|3|2|1,7,4868,11822563,silent,11817695
12,23|8|7|4|2|2|2,7,2080,4430017,silent,4427937
12,23|8|7|3|3|3|1,7,834,3379317,silent,3378483
12,23|8|7|3|3|2|2,7,1169,3892253,silent,3891084
12,23|8|6|6|3|1|1,7,1947,4408446,silent,4406499
12,23|8|6|6|2|2|1,7,1997,3925596,silent,3923599
12,23|8|6|5|4|1|1,7,2886,6697416,silent,6694530
12,23|8|6|5|3|2|1,7,5123,13670786,silent,13665663
12,23|8|6|5|2|2|2,7,1979,4761915,silent,4759936
12,23|8|6|4|4|2|1,7,3704,9333223,silent,9329519
12,23|8|6|4|3|3|1,7,2280,8658890,silent,8656610
12,23|8|6|4|3|2|2,7,2890,9345025,silent,9342135
12,23|8|6|3|3|3|2,7,469,3577327,silent,3576858
12,23|8|5|5|5|1|1,7,590,1490816,silent,1490226
12,23|8|5|5|4|2|1,7,2314,6885486,silent,6883172
12,23|8|5|5|3|3|1,7,1379,5314778,silent,5313399
12,23|8|5|5|3|2|2,7,1427,5582467,silent,5581040
12,23|8|5|4|4|3|1,7,1731,5664468,silent,5662737
12,23|8|5|4|4|2|2,7,1543,4959055,silent,4957512
12,23|8|5|4|3|3|2,7,1022,5975586,silent,5974564
12,23|8|5|3|3|3|3,7,55,1120567,silent,1120512
12,23|8|4|4|4|4|1,7,354,796715,silent,796361
12,23|8|4|4|4|3|2,7,542,2085265,silent,2084723
12,23|8|4|4|3|3|3,7,53,976446,silent,976393
12,23|7|7|7|2|1|1,7,383,676927,silent,676544
12,23|7|7|6|3|1|1,7,1228,2754706,silent,2753478
12,23|7|7|6|2|2|1,7,1094,2425208,silent,2424114
12,23|7|7|5|4|1|1,7,1430,3410862,silent,3409432
12,23|7|7|5|3|2|1,7,2426,6855052,silent,6852626
12,23|7|7|5|2|2|2,7,836,2360015,silent,2359179
12,23|7|7|4|4|2|1,7,1618,4417920,silent,4416302
12,23|7|7|4|3|3|1,7,1065,4057861,silent,4056796
12,23|7|7|4|3|2|2,7,1229,4352670,silent,4351441
12,23|7|7|3|3|3|2,7,241,1625590,silent,1625349
12,23|7|6|6|4|1|1,7,975,2552526,silent,2551551
12,23|7|6|6|3|2|1,7,1687,4823594,silent,4821907
12,23|7|6|6|2|2|2,7,668,1625890,silent,1625222
12,23|7|6|5|5|1|1,7,688,1957908,silent,1957220
12,23|7|6|5|4|2|1,7,2702,8378914,silent,8376212
12,23|7|6|5|3|3|1,7,1499,6278824,silent,6277325
12,23|7|6|5|3|2|2,7,1689,6556678,silent,6554989
12,23|7|6|4|4|3|1,7,1547,5469813,silent,5468266
12,23|7|6|4|4|2|2,7,1376,4751314,silent,4749938
12,23|7|6|4|3|3|2,7,899,5562025,silent,5561126
12,23|7|6|3|3|3|3,7,42,962406,silent,962364
12,23|7|5|5|5|2|1,7,533,2128282,silent,2127749
12,23|7|5|5|4|3|1,7,1091,4529526,silent,4528435
12,23|7|5|5|4|2|2,7,811,3827774,silent,3826963
12,23|7|5|5|3|3|2,7,595,3738950,silent,3738355
12,23|7|5|4|4|4|1,7,528,1668579,silent,1668051
12,23|7|5|4|4|3|2,7,861,4224287,silent,4223426
12,23|7|5|4|3|3|3,7,146,1837409,silent,1837263
12,23|7|4|4|4|4|2,7,243,691956,silent,691713
12,23|7|4|4|4|3|3,7,102,730954,silent,730852
12,23|6|6|6|5|1|1,7,160,533789,silent,533629
12,23|6|6|6|4|2|1,7,593,1824512,silent,1823919
12,23|6|6|6|3|3|1,7,265,1276751,silent,1276486
12,23|6|6|6|3|2|2,7,380,1322430,silent,1322050
12,23|6|6|5|5|2|1,7,393,1563012,silent,1562619
12,23|6|6|5|4|3|1,7,729,3119342,silent,3118613
12,23|6|6|5|4|2|2,7,631,2628063,silent,2627432
12,23|6|6|5|3|3|2,7,352,2492084,silent,2491732
12,23|6|6|4|4|4|1,7,302,941472,silent,941170
12,23|6|6|4|4|3|2,7,475,2345134,silent,2344659
12,23|6|6|4|3|3|3,7,58,987704,silent,987646
12,23|6|5|5|5|3|1,7,208,1112944,silent,1112736
12,23|6|5|5|5|2|2,7,112,874328,silent,874216
12,23|6|5|5|4|4|1,7,220,1047951,silent,1047731
12,23|6|5|5|4|3|2,7,374,2457142,silent,2456768
12,23|6|5|5|3|3|3,7,86,851568,silent,851482
12,23|6|5|4|4|4|2,7,252,1039750,silent,1039498
12,23|6|5|4|4|3|3,7,130,1076011,silent,1075881
12,23|6|4|4|4|4|3,7,78,252850,silent,252772
12,23|5|5|5|5|4|1,7,27,182080,silent,182053
12,23|5|5|5|5|3|2,7,41,339360,silent,339319
12,23|5|5|5|4|4|2,7,35,356095,silent,356060
12,23|5|5|5|4|3|3,7,45,350127,silent,350082
12,23|5|5|4|4|4|3,7,36,206447,silent,206411
12,23|5|4|4|4|4|4,7,18,30115,silent,30097
12,22|21|1|1|1|1|1,7,0,-1,a0,
12,22|20|2|1|1|1|1,7,0,-1,a0,
12,22|19|3|1|1|1|1,7,0,-1,a0,
12,22|19|2|2|1|1|1,7,0,-1,a0,
12,22|18|4|1|1|1|1,7,2,6813,silent,6811
12,22|18|3|2|1|1|1,7,9,11180,silent,11171
12,22|18|2|2|2|1|1,7,9,4250,silent,4241
12,22|17|5|1|1|1|1,7,9,19021,silent,19012
12,22|17|4|2|1|1|1,7,43,45391,silent,45348
12,22|17|3|3|1|1|1,7,34,28396,silent,28362
12,22|17|3|2|2|1|1,7,75,34845,silent,34770
12,22|17|2|2|2|2|1,7,47,8288,silent,8241
12,22|16|6|1|1|1|1,7,29,42030,silent,42001
12,22|16|5|2|1|1|1,7,147,131575,silent,131428
12,22|16|4|3|1|1|1,7,163,145385,silent,145222
12,22|16|4|2|2|1|1,7,254,145372,silent,145118
12,22|16|3|3|2|1|1,7,174,112550,silent,112376
12,22|16|3|2|2|2|1,7,198,64777,silent,64579
12,22|16|2|2|2|2|2,7,66,8785,silent,8719
12,22|15|7|1|1|1|1,7,54,74826,silent,74772
12,22|15|6|2|1|1|1,7,311,287927,silent,287616
12,22|15|5|3|1|1|1,7,501,447539,silent,447038
12,22|15|5|2|2|1|1,7,661,416339,silent,415678
12,22|15|4|4|1|1|1,7,227,228265,silent,228038
12,22|15|4|3|2|1|1,7,762,590324,silent,589562
12,22|15|4|2|2|2|1,7,595,267430,silent,266835
12,22|15|3|3|3|1|1,7,145,158992,silent,158847
12,22|15|3|3|2|2|1,7,315,218395,silent,218080
12,22|15|3|2|2|2|2,7,194,64191,silent,63997
12,22|14|8|1|1|1|1,7,89,106894,silent,106805
12,22|14|7|2|1|1|1,7,528,492925,silent,492397
12,22|14|6|3|1|1|1,7,1001,973930,silent,972929
12,22|14|6|2|2|1|1,7,1178,876517,silent,875339
12,22|14|5|4|1|1|1,7,892,883098,silent,882206
12,22|14|5|3|2|1|1,7,2026,1774160,silent,1772134
12,22|14|5|2|2|2|1,7,1233,732931,silent,731698
12,22|14|4|4|2|1|1,7,1032,986568,silent,985536
12,22|14|4|3|3|1|1,7,755,881762,silent,881007
12,22|14|4|3|2|2|1,7,1379,1135938,silent,1134559
12,22|14|4|2|2|2|2,7,552,257080,silent,256528
12,22|14|3|3|3|2|1,7,233,388292,silent,388059
12,22|14|3|3|2|2|2,7,229,214048,silent,213819
12,22|13|9|1|1|1|1,7,93,119671,silent,119578
12,22|13|8|2|1|1|1,7,670,655790,silent,655120
12,22|13|7|3|1|1|1,7,1544,1591774,silent,1590230
12,22|13|7|2|2|1|1,7,1739,1408038,silent,1406299
12,22|13|6|4|1|1|1,7,1795,1996785,silent,1994990
12,22|13|6|3|2|1|1,7,3650,3675999,silent,3672349
12,22|13|6|2|2|2|1,7,2020,1457515,silent,1455495
12,22|13|5|5|1|1|1,7,904,953566,silent,952662
12,22|13|5|4|2|1|1,7,3437,3672467,silent,3669030
12,22|13|5|3|3|1|1,7,1992,2616868,silent,2614876
12,22|13|5|3|2|2|1,7,3205,3255553,silent,3252348
12,22|13|5|2|2|2|2,7,956,662912,silent,661956
12,22|13|4|4|3|1|1,7,1380,1825986,silent,1824606
12,22|13|4|4|2|2|1,7,1849,1898380,silent,1896531
12,22|13|4|3|3|2|1,7,1280,2107472,silent,2106192
12,22|13|4|3|2|2|2,7,1041,1076127,silent,1075086
12,22|13|3|3|3|3|1,7,73,330822,silent,330749
12,22|13|3|3|3|2|2,7,141,401386,silent,401245
12,22|12|10|1|1|1|1,7,83,96577,silent,96494
12,22|12|9|2|1|1|1,7,649,654001,silent,653352
12,22|12|8|3|1|1|1,7,1779,1940920,silent,1939141
12,22|12|8|2|2|1|1,7,1870,1699865,silent,1697995
12,22|12|7|4|1|1|1,7,2663,3139520,silent,3136857
12,22|12|7|3|2|1|1,7,4999,5543455,silent,5538456
12,22|12|7|2|2|2|1,7,2533,2147018,silent,2144485
12,22|12|6|5|1|1|1,7,2088,2597772,silent,2595684
12,22|12|6|4|2|1|1,7,6286,7783431,silent,7777145
12,22|12|6|3|3|1|1,7,3531,5144372,silent,5140841
12,22|12|6|3|2|2|1,7,5333,6292466,silent,6287133
12,22|12|6|2|2|2|2,7,1483,1225879,silent,1224396
12,22|12|5|5|2|1|1,7,3076,3866321,silent,3863245
12,22|12|5|4|3|1|1,7,4426,6625060,silent,6620634
12,22|12|5|4|2|2|1,7,5115,6629159,silent,6624044
12,22|12|5|3|3|2|1,7,3203,5909159,silent,5905956
12,22|12|5|3|2|2|2,7,2138,2889081,silent,2886943
12,22|12|4|4|4|1|1,7,956,1473593,silent,1472637
12,22|12|4|4|3|2|1,7,2517,4317018,silent,4314501
12,22|12|4|4|2|2|2,7,1385,1736956,silent,1735571
12,22|12|4|3|3|3|1,7,489,1753888,silent,1753399
12,22|12|4|3|3|2|2,7,807,2075648,silent,2074841
12,22|12|3|3|3|3|2,7,43,426188,silent,426145
12,22|11|11|1|1|1|1,7,25,37313,silent,37288
12,22|11|10|2|1|1|1,7,398,414830,silent,414432
12,22|11|9|3|1|1|1,7,1450,1653127,silent,1651677
12,22|11|9|2|2|1|1,7,1549,1440802,silent,1439253
12,22|11|8|4|1|1|1,7,2743,3452899,silent,3450156
12,22|11|8|3|2|1|1,7,4983,5972042,silent,5967059
12,22|11|8|2|2|2|1,7,2430,2285810,silent,2283380
12,22|11|7|5|1|1|1,7,3057,4041289,silent,4038232
12,22|11|7|4|2|1|1,7,8231,11056580,silent,11048349
12,22|11|7|3|3|1|1,7,4412,7059751,silent,7055339
12,22|11|7|3|2|2|1,7,6402,8545408,silent,8539006
12,22|11|7|2|2|2|2,7,1555,1617750,silent,1616195
12,22|11|6|6|1|1|1,7,1245,1847813,silent,1846568
12,22|11|6|5|2|1|1,7,6645,9716805,silent,9710160
12,22|11|6|4|3|1|1,7,7719,13094366,silent,13086647
12,22|11|6|4|2|2|1,7,8622,12875493,silent,12866871
12,22|11|6|3|3|2|1,7,5210,10655044,silent,10649834
12,22|11|6|3|2|2|2,7,3282,5102537,silent,5099255
12,22|11|5|5|3|1|1,7,4047,7078975,silent,7074928
12,22|11|5|5|2|2|1,7,3917,6558973,silent,6555056
12,22|11|5|4|4|1|1,7,3105,5424522,silent,5421417
12,22|11|5|4|3|2|1,7,7084,14528880,silent,14521796
12,22|11|5|4|2|2|2,7,3175,5580038,silent,5576863
12,22|11|5|3|3|3|1,7,1289,4631677,silent,4630388
12,22|11|5|3|3|2|2,7,1911,5388041,silent,5386130
12,22|11|4|4|4|2|1,7,1915,3584611,silent,3582696
12,22|11|4|4|3|3|1,7,1180,3667482,silent,3666302
12,22|11|4|4|3|2|2,7,1667,4054476,silent,4052809
12,22|11|4|3|3|3|2,7,295,2117750,silent,2117455
12,22|11|3|3|3|3|3,7,4,213216,silent,213212
12,22|10|10|3|1|1|1,7,558,653028,silent,652470
12,22|10|10|2|2|1|1,7,544,567266,silent,566722
12,22|10|9|4|1|1|1,7,1781,2313118,silent,2311337
12,22|10|9|3|2|1|1,7,3159,3958642,silent,3955483
12,22|10|9|2|2|2|1,7,1497,1504952,silent,1503455
12,22|10|8|5|1|1|1,7,2754,3892433,silent,3889679
12,22|10|8|4|2|1|1,7,7038,10241544,silent,10234506
12,22|10|8|3|3|1|1,7,3856,6437519,silent,6433663
12,22|10|8|3|2|2|1,7,5400,7753867,silent,7748467
12,22|10|8|2|2|2|2,7,1351,1453594,silent,1452243
12,22|10|7|6|1|1|1,7,2147,3246454,silent,3244307
12,22|10|7|5|2|1|1,7,8352,13218967,silent,13210615
12,22|10|7|4|3|1|1,7,8941,16407127,silent,16398186
12,22|10|7|4|2|2|1,7,9558,15965326,silent,15955768
12,22|10|7|3|3|2|1,7,5778,12796223,silent,12790445
12,22|10|7|3|2|2|2,7,3399,6049390,silent,6045991
12,22|10|6|6|2|1|1,7,3642,6311090,silent,6307448
12,22|10|6|5|3|1|1,7,8167,16182207,silent,16174040
12,22|10|6|5|2|2|1,7,7966,14765911,silent,14757945
12,22|10|6|4|4|1|1,7,4940,9985736,silent,9980796
12,22|10|6|4|3|2|1,7,11193,25719230,silent,25708037
12,22|10|6|4|2|2|2,7,4943,9682453,silent,9677510
12,22|10|6|3|3|3|1,7,1992,7530438,silent,7528446
12,22|10|6|3|3|2|2,7,2770,8679986,silent,8677216
12,22|10|5|5|4|1|1,7,3256,6838478,silent,6835222
12,22|10|5|5|3|2|1,7,5728,14349071,silent,14343343
12,22|10|5|5|2|2|2,7,2041,5044657,silent,5042616
12,22|10|5|4|4|2|1,7,5090,11986928,silent,11981838
12,22|10|5|4|3|3|1,7,3329,11414737,silent,11411408
12,22|10|5|4|3|2|2,7,4076,12364063,silent,12359987
12,22|10|5|3|3|3|2,7,782,5083581,silent,5082799
12,22|10|4|4|4|3|1,7,1305,3642126,silent,3640821
12,22|10|4|4|4|2|2,7,1324,3239965,silent,3238641
12,22|10|4|4|3|3|2,7,768,4146815,silent,4146047
12,22|10|4|3|3|3|3,7,44,984851,silent,984807
12,22|9|9|5|1|1|1,7,1151,1633679,silent,1632528
12,22|9|9|4|2|1|1,7,2907,4225933,silent,4223026
12,22|9|9|3|3|1|1,7,1484,2634448,silent,2632964
12,22|9|9|3|2|2|1,7,2100,3162575,silent,3160475
12,22|9|9|2|2|2|2,7,432,584846,silent,584414
12,22|9|8|6|1|1|1,7,1639,2609322,silent,2607683
12,22|9|8|5|2|1|1,7,5857,9792011,silent,9786154
12,22|9|8|4|3|1|1,7,6094,11756978,silent,11750884
12,22|9|8|4|2|2|1,7,6446,11387416,silent,11380970
12,22|9|8|3|3|2|1,7,3885,8993708,silent,8989823
12,22|9|8|3|2|2|2,7,2244,4227964,silent,4225720
12,22|9|7|7|1|1|1,7,861,1320663,silent,1319802
12,22|9|7|6|2|1|1,7,5109,9167116,silent,9162007
12,22|9|7|5|3|1|1,7,8701,18437306,silent,18428605
12,22|9|7|5|2|2|1,7,8167,16658481,silent,16650314
12,22|9|7|4|4|1|1,7,4994,10626902,silent,10621908
12,22|9|7|4|3|2|1,7,10761,26818484,silent,26807723
12,22|9|7|4|2|2|2,7,4359,9962811,silent,9958452
12,22|9|7|3|3|3|1,7,1928,7574155,silent,7572227
12,22|9|7|3|3|2|2,7,2654,8684451,silent,8681797
12,22|9|6|6|3|1|1,7,4163,9474872,silent,9470709
12,22|9|6|6|2|2|1,7,4024,8381781,silent,8377757
12,22|9|6|5|4|1|1,7,5887,14026980,silent,14021093
12,22|9|6|5|3|2|1,7,10388,28365493,silent,28355105
12,22|9|6|5|2|2|2,7,3838,9796661,silent,9792823
12,22|9|6|4|4|2|1,7,7238,19113748,silent,19106510
12,22|9|6|4|3|3|1,7,4697,17619057,silent,17614360
12,22|9|6|4|3|2|2,7,5661,18909229,silent,18903568
12,22|9|6|3|3|3|2,7,1051,7154094,silent,7153043
12,22|9|5|5|5|1|1,7,1120,2984906,silent,2983786
12,22|9|5|5|4|2|1,7,4475,13601489,silent,13597014
12,22|9|5|5|3|3|1,7,2686,10422226,silent,10419540
12,22|9|5|5|3|2|2,7,2820,10898440,silent,10895620
12,22|9|5|4|4|3|1,7,3242,10967886,silent,10964644
12,22|9|5|4|4|2|2,7,2788,9546359,silent,9543571
12,22|9|5|4|3|3|2,7,2019,11427796,silent,11425777
12,22|9|5|3|3|3|3,7,117,2107356,silent,2107239
12,22|9|4|4|4|4|1,7,589,1495278,silent,1494689
12,22|9|4|4|4|3|2,7,947,3883022,silent,3882075
12,22|9|4|4|3|3|3,7,128,1801958,silent,1801830
12,22|8|8|7|1|1|1,7,466,783372,silent,782906
12,22|8|8|6|2|1|1,7,2282,4395011,silent,4392729
12,22|8|8|5|3|1|1,7,3776,8260371,silent,8256595
12,22|8|8|5|2|2|1,7,3573,7445617,silent,7442044
12,22|8|8|4|4|1|1,7,1993,4646104,silent,4644111
12,22|8|8|4|3|2|1,7,4531,11644605,silent,11640074
12,22|8|8|4|2|2|2,7,1978,4318394,silent,4316416
12,22|8|8|3|3|3|1,7,813,3238004,silent,3237191
12,22|8|8|3|3|2|2,7,1031,3703659,silent,3702628
12,22|8|7|7|2|1|1,7,1488,2812639,silent,2811151
12,22|8|7|6|3|1|1,7,4368,10349766,silent,10345398
12,22|8|7|6|2|2|1,7,3976,9067401,silent,9063425
12,22|8|7|5|4|1|1,7,4884,12265893,silent,12261009
12,22|8|7|5|3|2|1,7,8374,24368541,silent,24360167
12,22|8|7|5|2|2|2,7,2944,8325862,silent,8322918
12,22|8|7|4|4|2|1,7,5395,15391458,silent,15386063
12,22|8|7|4|3|3|1,7,3562,13989774,silent,13986212
12,22|8|7|4|3|2|2,7,4135,14933565,silent,14929430
12,22|8|7|3|3|3|2,7,802,5467962,silent,5467160
12,22|8|6|6|4|1|1,7,2657,7352519,silent,7349862
12,22|8|6|6|3|2|1,7,4588,13724334,silent,13719746
12,22|8|6|6|2|2|2,7,1772,4580450,silent,4578678
12,22|8|6|5|5|1|1,7,1881,5436343,silent,5434462
12,22|8|6|5|4|2|1,7,7038,22803652,silent,22796614
12,22|8|6|5|3|3|1,7,3999,16925663,silent,16921664
12,22|8|6|5|3|2|2,7,4360,17571136,silent,17566776
12,22|8|6|4|4|3|1,7,3841,14442989,silent,14439148
12,22|8|6|4|4|2|2,7,3467,12471968,silent,12468501
12,22|8|6|4|3|3|2,7,2317,14452589,silent,14450272
12,22|8|6|3|3|3|3,7,150,2447581,silent,2447431
12,22|8|5|5|5|2|1,7,1316,5293032,silent,5291716
12,22|8|5|5|4|3|1,7,2602,11071084,silent,11068482
12,22|8|5|5|4|2|2,7,1940,9303619,silent,9301679
12,22|8|5|5|3|3|2,7,1436,8990289,silent,8988853
12,22|8|5|4|4|4|1,7,1155,3973856,silent,3972701
12,22|8|5|4|4|3|2,7,1935,9951902,silent,9949967
12,22|8|5|4|3|3|3,7,358,4267751,silent,4267393
12,22|8|4|4|4|4|2,7,493,1548459,silent,1547966
12,22|8|4|4|4|3|3,7,196,1623190,silent,1622994
12,22|7|7|7|3|1|1,7,752,1870552,silent,1869800
12,22|7|7|7|2|2|1,7,605,1607915,silent,1607310
12,22|7|7|6|4|1|1,7,1726,4691998,silent,4690272
12,22|7|7|6|3|2|1,7,2686,8613526,silent,8610840
12,22|7|7|6|2|2|2,7,841,2834800,silent,2833959
12,22|7|7|5|5|1|1,7,911,2871947,silent,2871036
12,22|7|7|5|4|2|1,7,3375,11680314,silent,11676939
12,22|7|7|5|3|3|1,7,1971,8576083,silent,8574112
12,22|7|7|5|3|2|2,7,2068,8858091,silent,8856023
12,22|7|7|4|4|3|1,7,1768,6909003,silent,6907235
12,22|7|7|4|4|2|2,7,1366,5925984,silent,5924618
12,22|7|7|4|3|3|2,7,1124,6813717,silent,6812593
12,22|7|7|3|3|3|3,7,63,1117772,silent,1117709
12,22|7|6|6|5|1|1,7,828,2689547,silent,2688719
12,22|7|6|6|4|2|1,7,2559,8887462,silent,8884903
12,22|7|6|6|3|3|1,7,1333,6152950,silent,6151617
12,22|7|6|6|3|2|2,7,1522,6300325,silent,6298803
12,22|7|6|5|5|2|1,7,1706,7055422,silent,7053716
12,22|7|6|5|4|3|1,7,3017,13705359,silent,13702342
12,22|7|6|5|4|2|2,7,2436,11444635,silent,11442199
12,22|7|6|5|3|3|2,7,1584,10726364,silent,10724780
12,22|7|6|4|4|4|1,7,1053,3944028,silent,3942975
12,22|7|6|4|4|3|2,7,1755,9704732,silent,9702977
12,22|7|6|4|3|3|3,7,314,4022736,silent,4022422
12,22|7|5|5|5|3|1,7,679,3815040,silent,3814361
12,22|7|5|5|5|2|2,7,452,2980765,silent,2980313
12,22|7|5|5|4|4|1,7,708,3520383,silent,3519675
12,22|7|5|5|4|3|2,7,1210,8137770,silent,8136560
12,22|7|5|5|3|3|3,7,258,2763874,silent,2763616
12,22|7|5|4|4|4|2,7,664,3284682,silent,3284018
12,22|7|5|4|4|3|3,7,413,3370003,silent,3369590
12,22|7|4|4|4|4|3,7,170,713953,silent,713783
12,22|6|6|6|6|1|1,7,62,281933,silent,281871
12,22|6|6|6|5|2|1,7,490,1967118,silent,1966628
12,22|6|6|6|4|3|1,7,635,3059606,silent,3058971
12,22|6|6|6|4|2|2,7,639,2531600,silent,2530961
12,22|6|6|6|3|3|2,7,279,2208756,silent,2208477
12,22|6|6|5|5|3|1,7,495,2837961,silent,2837466
12,22|6|6|5|5|2|2,7,328,2204876,silent,2204548
12,22|6|6|5|4|4|1,7,521,2482412,silent,2481891
12,22|6|6|5|4|3|2,7,844,5647621,silent,5646777
12,22|6|6|5|3|3|3,7,144,1859293,silent,1859149
12,22|6|6|4|4|4|2,7,435,1869858,silent,1869423
12,22|6|6|4|4|3|3,7,180,1883184,silent,1883004
12,22|6|5|5|5|4|1,7,155,1131179,silent,1131024
12,22|6|5|5|5|3|2,7,230,2066432,silent,2066202
12,22|6|5|5|4|4|2,7,261,2102982,silent,2102721
12,22|6|5|5|4|3|3,7,220,2024441,silent,2024221
12,22|6|5|4|4|4|3,7,179,1094094,silent,1093915
12,22|6|4|4|4|4|4,7,62,120893,silent,120831
12,22|5|5|5|5|5|1,7,13,87827,silent,87814
12,22|5|5|5|5|4|2,7,36,376840,silent,376804
12,22|5|5|5|5|3|3,7,26,293389,silent,293363
12,22|5|5|5|4|4|3,7,35,386248,silent,386213
12,22|5|5|4|4|4|4,7,11,98535,silent,98524
12,21|21|2|1|1|1|1,7,0,-1,a0,
12,21|20|3|1|1|1|1,7,0,-1,a0,
12,21|20|2|2|1|1|1,7,0,-1,a0,
12,21|19|4|1|1|1|1,7,0,-1,a0,
12,21|19|3|2|1|1|1,7,6,7242,silent,7236
12,21|19|2|2|2|1|1,7,8,2823,silent,2815
12,21|18|5|1|1|1|1,7,7,14024,silent,14017
12,21|18|4|2|1|1|1,7,32,33396,silent,33364
12,21|18|3|3|1|1|1,7,26,20880,silent,20854
12,21|18|3|2|2|1|1,7,55,25596,silent,25541
12,21|18|2|2|2|2|1,7,34,6080,silent,6046
12,21|17|6|1|1|1|1,7,20,34296,silent,34276
12,21|17|5|2|1|1|1,7,124,107494,silent,107370
12,21|17|4|3|1|1|1,7,130,118361,silent,118231
12,21|17|4|2|2|1|1,7,222,118645,silent,118423
12,21|17|3|3|2|1|1,7,140,91234,silent,91094
12,21|17|3|2|2|2|1,7,161,52456,silent,52295
12,21|17|2|2|2|2|2,7,45,6884,silent,6839
12,21|16|7|1|1|1|1,7,52,67407,silent,67355
12,21|16|6|2|1|1|1,7,284,257834,silent,257550
12,21|16|5|3|1|1|1,7,459,399262,silent,398803
12,21|16|5|2|2|1|1,7,592,370826,silent,370234
12,21|16|4|4|1|1|1,7,208,203333,silent,203125
12,21|16|4|3|2|1|1,7,692,524467,silent,523775
12,21|16|4|2|2|2|1,7,532,236969,silent,236437
12,21|16|3|3|3|1|1,7,136,140886,silent,140750
12,21|16|3|3|2|2|1,7,285,193200,silent,192915
12,21|16|3|2|2|2|2,7,174,56584,silent,56410
12,21|15|8|1|1|1|1,7,81,106084,silent,106003
12,21|15|7|2|1|1|1,7,532,485268,silent,484736
12,21|15|6|3|1|1|1,7,988,951603,silent,950615
12,21|15|6|2|2|1|1,7,1191,855849,silent,854658
12,21|15|5|4|1|1|1,7,888,859879,silent,858991
12,21|15|5|3|2|1|1,7,1996,1721537,silent,1719541
12,21|15|5|2|2|2|1,7,1196,708660,silent,707464
12,21|15|4|4|2|1|1,7,1047,956360,silent,955313
12,21|15|4|3|3|1|1,7,732,851376,silent,850644
12,21|15|4|3|2|2|1,7,1360,1095001,silent,1093641
12,21|15|4|2|2|2|2,7,501,245446,silent,244945
12,21|15|3|3|3|2|1,7,237,373170,silent,372933
12,21|15|3|3|2|2|2,7,240,205489,silent,205249
12,21|14|9|1|1|1|1,7,110,133548,silent,133438
12,21|14|8|2|1|1|1,7,739,716275,silent,715536
12,21|14|7|3|1|1|1,7,1691,1715123,silent,1713432
12,21|14|7|2|2|1|1,7,1862,1513922,silent,1512060
12,21|14|6|4|1|1|1,7,1946,2134812,silent,2132866
12,21|14|6|3|2|1|1,7,3938,3916650,silent,3912712
12,21|14|6|2|2|2|1,7,2140,1547576,silent,1545436
12,21|14|5|5|1|1|1,7,976,1015349,silent,1014373
12,21|14|5|4|2|1|1,7,3678,3893072,silent,3889394
12,21|14|5|3|3|1|1,7,2173,2767440,silent,2765267
12,21|14|5|3|2|2|1,7,3422,3434960,silent,3431538
12,21|14|5|2|2|2|2,7,1012,695990,silent,694978
12,21|14|4|4|3|1|1,7,1484,1925702,silent,1924218
12,21|14|4|4|2|2|1,7,1963,1996731,silent,1994768
12,21|14|4|3|3|2|1,7,1396,2211273,silent,2209877
12,21|14|4|3|2|2|2,7,1099,1124519,silent,1123420
12,21|14|3|3|3|3|1,7,88,345152,silent,345064
12,21|14|3|3|3|2|2,7,154,417712,silent,417558
12,21|13|10|1|1|1|1,7,103,127863,silent,127760
12,21|13|9|2|1|1|1,7,825,820348,silent,819523
12,21|13|8|3|1|1|1,7,2157,2356417,silent,2354260
12,21|13|8|2|2|1|1,7,2305,2060392,silent,2058087
12,21|13|7|4|1|1|1,7,3208,3742333,silent,3739125
12,21|13|7|3|2|1|1,7,5950,6579814,silent,6573864
12,21|13|7|2|2|2|1,7,2953,2537572,silent,2534619
12,21|13|6|5|1|1|1,7,2480,3065988,silent,3063508
12,21|13|6|4|2|1|1,7,7474,9137035,silent,9129561
12,21|13|6|3|3|1|1,7,4146,6018158,silent,6014012
12,21|13|6|3|2|2|1,7,6237,7343357,silent,7337120
12,21|13|6|2|2|2|2,7,1629,1419223,silent,1417594
12,21|13|5|5|2|1|1,7,3565,4511510,silent,4507945
12,21|13|5|4|3|1|1,7,5203,7699502,silent,7694299
12,21|13|5|4|2|2|1,7,5931,7682220,silent,7676289
12,21|13|5|3|3|2|1,7,3796,6829211,silent,6825415
12,21|13|5|3|2|2|2,7,2483,3324555,silent,3322072
12,21|13|4|4|4|1|1,7,1158,1705382,silent,1704224
12,21|13|4|4|3|2|1,7,2933,4969047,silent,4966114
12,21|13|4|4|2|2|2,7,1515,1986498,silent,1984983
12,21|13|4|3|3|3|1,7,590,2009752,silent,2009162
12,21|13|4|3|3|2|2,7,990,2373280,silent,2372290
12,21|13|3|3|3|3|2,7,54,483080,silent,483026
12,21|12|11|1|1|1|1,7,65,79402,silent,79337
12,21|12|10|2|1|1|1,7,636,668734,silent,668098
12,21|12|9|3|1|1|1,7,2103,2395257,silent,2393154
12,21|12|9|2|2|1|1,7,2164,2081567,silent,2079403
12,21|12|8|4|1|1|1,7,3748,4748987,silent,4745239
12,21|12|8|3|2|1|1,7,6764,8175855,silent,8169091
12,21|12|8|2|2|2|1,7,3235,3116365,silent,3113130
12,21|12|7|5|1|1|1,7,4069,5409009,silent,5404940
12,21|12|7|4|2|1|1,7,10824,14699663,silent,14688839
12,21|12|7|3|3|1|1,7,5908,9354795,silent,9348887
12,21|12|7|3|2|2|1,7,8377,11293151,silent,11284774
12,21|12|7|2|2|2|2,7,2023,2126134,silent,2124111
12,21|12|6|6|1|1|1,7,1649,2445701,silent,2444052
12,21|12|6|5|2|1|1,7,8649,12729312,silent,12720663
12,21|12|6|4|3|1|1,7,10052,17058927,silent,17048875
12,21|12|6|4|2|2|1,7,11091,16725315,silent,16714224
12,21|12|6|3|3|2|1,7,6826,13793033,silent,13786207
12,21|12|6|3|2|2|2,7,4188,6575665,silent,6571477
12,21|12|5|5|3|1|1,7,5239,9150193,silent,9144954
12,21|12|5|5|2|2|1,7,5029,8455981,silent,8450952
12,21|12|5|4|4|1|1,7,3942,6984180,silent,6980238
12,21|12|5|4|3|2|1,7,9112,18620890,silent,18611778
12,21|12|5|4|2|2|2,7,4034,7119385,silent,7115351
12,21|12|5|3|3|3|1,7,1735,5904978,silent,5903243
12,21|12|5|3|3|2|2,7,2466,6848373,silent,6845907
12,21|12|4|4|4|2|1,7,2398,4560481,silent,4558083
12,21|12|4|4|3|3|1,7,1531,4651506,silent,4649975
12,21|12|4|4|3|2|2,7,2115,5124537,silent,5122422
12,21|12|4|3|3|3|2,7,411,2662137,silent,2661726
12,21|12|3|3|3|3|3,7,11,265174,silent,265163
12,21|11|11|2|1|1|1,7,258,260964,silent,260706
12,21|11|10|3|1|1|1,7,1293,1535071,silent,1533778
12,21|11|10|2|2|1|1,7,1326,1330626,silent,1329300
12,21|11|9|4|1|1|1,7,3167,4136031,silent,4132864
12,21|11|9|3|2|1|1,7,5515,7033738,silent,7028223
12,21|11|9|2|2|2|1,7,2525,2658586,silent,2656061
12,21|11|8|5|1|1|1,7,4393,6295614,silent,6291221
12,21|11|8|4|2|1|1,7,11177,16416934,silent,16405757
12,21|11|8|3|3|1|1,7,6020,10268244,silent,10262224
12,21|11|8|3|2|2|1,7,8372,12328693,silent,12320321
12,21|11|8|2|2|2|2,7,1929,2289161,silent,2287232
12,21|11|7|6|1|1|1,7,3297,5030386,silent,5027089
12,21|11|7|5|2|1|1,7,12510,20199814,silent,20187304
12,21|11|7|4|3|1|1,7,13414,24888803,silent,24875389
12,21|11|7|4|2|2|1,7,14089,24135337,silent,24121248
12,21|11|7|3|3|2|1,7,8693,19263611,silent,19254918
12,21|11|7|3|2|2|2,7,4949,9059594,silent,9054645
12,21|11|6|6|2|1|1,7,5465,9464167,silent,9458702
12,21|11|6|5|3|1|1,7,11934,23961310,silent,23949376
12,21|11|6|5|2|2|1,7,11495,21791636,silent,21780141
12,21|11|6|4|4|1|1,7,7256,14711244,silent,14703988
12,21|11|6|4|3|2|1,7,16218,37673391,silent,37657173
12,21|11|6|4|2|2|2,7,6852,14098895,silent,14092043
12,21|11|6|3|3|3|1,7,2979,10962688,silent,10959709
12,21|11|6|3|3|2|2,7,4126,12599257,silent,12595131
12,21|11|5|5|4|1|1,7,4605,9947854,silent,9943249
12,21|11|5|5|3|2|1,7,8239,20770809,silent,20762570
12,21|11|5|5|2|2|2,7,2973,7270274,silent,7267301
12,21|11|5|4|4|2|1,7,7160,17252439,silent,17245279
12,21|11|5|4|3|3|1,7,4829,16368792,silent,16363963
12,21|11|5|4|3|2|2,7,5782,17667057,silent,17661275
12,21|11|5|3|3|3|2,7,1182,7216868,silent,7215686
12,21|11|4|4|4|3|1,7,1829,5169579,silent,5167750
12,21|11|4|4|4|2|2,7,1718,4574287,silent,4572569
12,21|11|4|4|3|3|2,7,1151,5844442,silent,5843291
12,21|11|4|3|3|3|3,7,65,1373859,silent,1373794
12,21|10|10|4|1|1|1,7,1185,1650030,silent,1648845
12,21|10|10|3|2|1|1,7,2098,2796643,silent,2794545
12,21|10|10|2|2|2|1,7,987,1056834,silent,1055847
12,21|10|9|5|1|1|1,7,2917,4334826,silent,4331909
12,21|10|9|4|2|1|1,7,7200,11083872,silent,11076672
12,21|10|9|3|3|1|1,7,3871,6875243,silent,6871372
12,21|10|9|3|2|2|1,7,5269,8227820,silent,8222551
12,21|10|9|2|2|2|2,7,1181,1516293,silent,1515112
12,21|10|8|6|1|1|1,7,3254,5357739,silent,5354485
12,21|10|8|5|2|1|1,7,11372,19718354,silent,19706982
12,21|10|8|4|3|1|1,7,11788,23431547,silent,23419759
12,21|10|8|4|2|2|1,7,12315,22612441,silent,22600126
12,21|10|8|3|3|2|1,7,7530,17753316,silent,17745786
12,21|10|8|3|2|2|2,7,4239,8301507,silent,8297268
12,21|10|7|7|1|1|1,7,1570,2510152,silent,2508582
12,21|10|7|6|2|1|1,7,9062,16895927,silent,16886865
12,21|10|7|5|3|1|1,7,15351,33389829,silent,33374478
12,21|10|7|5|2|2|1,7,14264,30063778,silent,30049514
12,21|10|7|4|4|1|1,7,8582,19093111,silent,19084529
12,21|10|7|4|3|2|1,7,18744,47886076,silent,47867332
12,21|10|7|4|2|2|2,7,7547,17696313,silent,17688766
12,21|10|7|3|3|3|1,7,3494,13413443,silent,13409949
12,21|10|7|3|3|2|2,7,4578,15324603,silent,15320025
12,21|10|6|6|3|1|1,7,7092,16563466,silent,16556374
12,21|10|6|6|2|2|1,7,6741,14594139,silent,14587398
12,21|10|6|5|4|1|1,7,9833,24146228,silent,24136395
12,21|10|6|5|3|2|1,7,17367,48520944,silent,48503577
12,21|10|6|5|2|2|2,7,6303,16663789,silent,16657486
12,21|10|6|4|4|2|1,7,11840,32433456,silent,32421616
12,21|10|6|4|3|3|1,7,7889,29757371,silent,29749482
12,21|10|6|4|3|2|2,7,9311,31816254,silent,31806943
12,21|10|6|3|3|3|2,7,1840,11936745,silent,11934905
12,21|10|5|5|5|1|1,7,1857,5013404,silent,5011547
12,21|10|5|5|4|2|1,7,7276,22631754,silent,22624478
12,21|10|5|5|3|3|1,7,4425,17255658,silent,17251233
12,21|10|5|5|3|2|2,7,4591,17982045,silent,17977454
12,21|10|5|4|4|3|1,7,5135,18016704,silent,18011569
12,21|10|5|4|4|2|2,7,4448,15622990,silent,15618542
12,21|10|5|4|3|3|2,7,3302,18605424,silent,18602122
12,21|10|5|3|3|3|3,7,236,3393893,silent,3393657
12,21|10|4|4|4|4|1,7,875,2411175,silent,2410300
12,21|10|4|4|4|3|2,7,1450,6224082,silent,6222632
12,21|10|4|4|3|3|3,7,224,2868342,silent,2868118
12,21|9|9|6|1|1|1,7,1450,2336437,silent,2334987
12,21|9|9|5|2|1|1,7,4694,8309704,silent,8305010
12,21|9|9|4|3|1|1,7,4799,9731321,silent,9726522
12,21|9|9|4|2|2|1,7,4827,9354672,silent,9349845
12,21|9|9|3|3|2|1,7,3006,7302621,silent,7299615
12,21|9|9|3|2|2|2,7,1596,3396514,silent,3394918
12,21|9|8|7|1|1|1,7,1489,2584094,silent,2582605
12,21|9|8|6|2|1|1,7,6993,13722636,silent,13715643
12,21|9|8|5|3|1|1,7,10940,25059412,silent,25048472
12,21|9|8|5|2|2|1,7,10118,22463086,silent,22452968
12,21|9|8|4|4|1|1,7,5935,13935104,silent,13929169
12,21|9|8|4|3|2|1,7,12869,34602073,silent,34589204
12,21|9|8|4|2|2|2,7,5102,12712929,silent,12707827
12,21|9|8|3|3|3|1,7,2381,9521777,silent,9519396
12,21|9|8|3|3|2|2,7,3101,10849862,silent,10846761
12,21|9|7|7|2|1|1,7,3488,7018380,silent,7014892
12,21|9|7|6|3|1|1,7,9986,24554571,silent,24544585
12,21|9|7|6|2|2|1,7,8873,21404842,silent,21395969
12,21|9|7|5|4|1|1,7,10786,28391193,silent,28380407
12,21|9|7|5|3|2|1,7,18508,55947743,silent,55929235
12,21|9|7|5|2|2|2,7,6363,18983567,silent,18977204
12,21|9|7|4|4|2|1,7,11578,34904621,silent,34893043
12,21|9|7|4|3|3|1,7,7905,31538714,silent,31530809
12,21|9|7|4|3|2|2,7,8901,33514124,silent,33505223
12,21|9|7|3|3|3|2,7,1864,12137702,silent,12135838
12,21|9|6|6|4|1|1,7,5611,15782020,silent,15776409
12,21|9|6|6|3|2|1,7,9334,29197295,silent,29187961
12,21|9|6|6|2|2|2,7,3310,9659549,silent,9656239
12,21|9|6|5|5|1|1,7,3757,11428671,silent,11424914
12,21|9|6|5|4|2|1,7,13949,47331179,silent,47317230
12,21|9|6|5|3|3|1,7,8109,34920910,silent,34912801
12,21|9|6|5|3|2|2,7,8674,36093757,silent,36085083
12,21|9|6|4|4|3|1,7,7491,29433496,silent,29426005
12,21|9|6|4|4|2|2,7,6394,25279787,silent,25273393
12,21|9|6|4|3|3|2,7,4754,29147985,silent,29143231
12,21|9|6|3|3|3|3,7,321,4863728,silent,4863407
12,21|9|5|5|5|2|1,7,2570,10522367,silent,10519797
12,21|9|5|5|4|3|1,7,4912,21763081,silent,21758169
12,21|9|5|5|4|2|2,7,3780,18218848,silent,18215068
12,21|9|5|5|3|3|2,7,2744,17478771,silent,17476027
12,21|9|5|4|4|4|1,7,2043,7687266,silent,7685223
12,21|9|5|4|4|3|2,7,3535,19113080,silent,19109545
12,21|9|5|4|3|3|3,7,721,8124011,silent,8123290
12,21|9|4|4|4|4|2,7,749,2881949,silent,2881200
12,21|9|4|4|4|3|3,7,389,3016577,silent,3016188
12,21|8|8|8|1|1|1,7,207,426273,silent,426066
12,21|8|8|7|2|1|1,7,1978,4211049,silent,4209071
12,21|8|8|6|3|1|1,7,4611,11896831,silent,11892220
12,21|8|8|6|2|2|1,7,4230,10348458,silent,10344228
12,21|8|8|5|4|1|1,7,4699,12900724,silent,12896025
12,21|8|8|5|3|2|1,7,8103,25231509,silent,25223406
12,21|8|8|5|2|2|2,7,2888,8536157,silent,8533269
12,21|8|8|4|4|2|1,7,4962,15375386,silent,15370424
12,21|8|8|4|3|3|1,7,3294,13786914,silent,13783620
12,21|8|8|4|3|2|2,7,3807,14630699,silent,14626892
12,21|8|8|3|3|3|2,7,738,5212559,silent,5211821
12,21|8|7|7|3|1|1,7,2967,7766755,silent,7763788
12,21|8|7|7|2|2|1,7,2447,6655203,silent,6652756
12,21|8|7|6|4|1|1,7,5981,17709374,silent,17703393
12,21|8|7|6|3|2|1,7,9590,32179925,silent,32170335
12,21|8|7|6|2|2|2,7,3179,10525334,silent,10522155
12,21|8|7|5|5|1|1,7,3273,10463713,silent,10460440
12,21|8|7|5|4|2|1,7,11503,41788246,silent,41776743
12,21|8|7|5|3|3|1,7,6728,30398799,silent,30392071
12,21|8|7|5|3|2|2,7,6974,31258844,silent,31251870
12,21|8|7|4|4|3|1,7,5689,24017206,silent,24011517
12,21|8|7|4|4|2|2,7,4759,20520080,silent,20515321
12,21|8|7|4|3|3|2,7,3631,23335658,silent,23332027
12,21|8|7|3|3|3|3,7,262,3755004,silent,3754742
12,21|8|6|6|5|1|1,7,2280,7849421,silent,7847141
12,21|8|6|6|4|2|1,7,6852,25452300,silent,25445448
12,21|8|6|6|3|3|1,7,3636,17474897,silent,17471261
12,21|8|6|6|3|2|2,7,4033,17794758,silent,17790725
12,21|8|6|5|5|2|1,7,4517,19490886,silent,19486369
12,21|8|6|5|4|3|1,7,7782,37256012,silent,37248230
12,21|8|6|5|4|2|2,7,6233,30949202,silent,30942969
12,21|8|6|5|3|3|2,7,4143,28746104,silent,28741961
12,21|8|6|4|4|4|1,7,2526,10455163,silent,10452637
12,21|8|6|4|4|3|2,7,4317,25490954,silent,25486637
12,21|8|6|4|3|3|3,7,844,10439082,silent,10438238
12,21|8|5|5|5|3|1,7,1661,9483052,silent,9481391
12,21|8|5|5|5|2|2,7,1082,7372066,silent,7370984
12,21|8|5|5|4|4|1,7,1650,8647784,silent,8646134
12,21|8|5|5|4|3|2,7,2843,19798047,silent,19795204
12,21|8|5|5|3|3|3,7,625,6638632,silent,6638007
12,21|8|5|4|4|4|2,7,1465,7794452,silent,7792987
12,21|8|5|4|4|3|3,7,888,7934727,silent,7933839
12,21|8|4|4|4|4|3,7,318,1598933,silent,1598615
12,21|7|7|7|4|1|1,7,1077,3347925,silent,3346848
12,21|7|7|7|3|2|1,7,1573,5874951,silent,5873378
12,21|7|7|7|2|2|2,7,434,1879562,silent,1879128
12,21|7|7|6|5|1|1,7,1485,5197608,silent,5196123
12,21|7|7|6|4|2|1,7,4045,16316790,silent,16312745
12,21|7|7|6|3|3|1,7,2281,11088576,silent,11086295
12,21|7|7|6|3|2|2,7,2262,11221737,silent,11219475
12,21|7|7|5|5|2|1,7,2293,10373360,silent,10371067
12,21|7|7|5|4|3|1,7,3828,19277461,silent,19273633
12,21|7|7|5|4|2|2,7,2922,15936466,silent,15933544
12,21|7|7|5|3|3|2,7,2096,14652241,silent,14650145
12,21|7|7|4|4|4|1,7,1100,5064370,silent,5063270
12,21|7|7|4|4|3|2,7,1916,12259193,silent,12257277
12,21|7|7|4|3|3|3,7,435,4958346,silent,4957911
12,21|7|6|6|6|1|1,7,394,1498956,silent,1498562
12,21|7|6|6|5|2|1,7,2197,9869941,silent,9867744
12,21|7|6|6|4|3|1,7,2887,14974453,silent,14971566
12,21|7|6|6|4|2|2,7,2385,12261004,silent,12258619
12,21|7|6|6|3|3|2,7,1426,10618476,silent,10617050
12,21|7|6|5|5|3|1,7,2123,12862502,silent,12860379
12,21|7|6|5|5|2|2,7,1520,9934840,silent,9933320
12,21|7|6|5|4|4|1,7,2030,11012225,silent,11010195
12,21|7|6|5|4|3|2,7,3412,24765042,silent,24761630
12,21|7|6|5|3|3|3,7,651,8021400,silent,8020749
12,21|7|6|4|4|4|2,7,1349,7814216,silent,7812867
12,21|7|6|4|4|3|3,7,817,7838471,silent,7837654
12,21|7|5|5|5|4|1,7,528,3925286,silent,3924758
12,21|7|5|5|5|3|2,7,773,7080006,silent,7079233
12,21|7|5|5|4|4|2,7,876,7067197,silent,7066321
12,21|7|5|5|4|3|3,7,656,6726480,silent,6725824
12,21|7|5|4|4|4|3,7,486,3476810,silent,3476324
12,21|7|4|4|4|4|4,7,99,342066,silent,341967
12,21|6|6|6|6|2|1,7,252,1075719,silent,1075467
12,21|6|6|6|5|3|1,7,593,3679912,silent,3679319
12,21|6|6|6|5|2|2,7,500,2811729,silent,2811229
12,21|6|6|6|4|4|1,7,500,2580304,silent,2579804
12,21|6|6|6|4|3|2,7,775,5606215,silent,5605440
12,21|6|6|6|3|3|3,7,98,1680402,silent,1680304
12,21|6|6|5|5|4|1,7,394,2985551,silent,2985157
12,21|6|6|5|5|3|2,7,557,5305963,silent,5305406
12,21|6|6|5|4|4|2,7,689,5023252,silent,5022563
12,21|6|6|5|4|3|3,7,413,4707397,silent,4706984
12,21|6|6|4|4|4|3,7,283,1992927,silent,1992644
12,21|6|5|5|5|5|1,7,57,561875,silent,561818
12,21|6|5|5|5|4|2,7,187,2349354,silent,2349167
12,21|6|5|5|5|3|3,7,156,1806391,silent,1806235
12,21|6|5|5|4|4|3,7,211,2299633,silent,2299422
12,21|6|5|4|4|4|4,7,95,535844,silent,535749
12,21|5|5|5|5|5|2,7,21,192973,silent,192952
12,21|5|5|5|5|4|3,7,28,432691,silent,432663
12,21|5|5|5|4|4|4,7,9,196307,silent,196298
12,20|20|4|1|1|1|1,7,1,1546,silent,1545
12,20|20|3|2|1|1|1,7,2,2487,silent,2485
12,20|20|2|2|2|1|1,7,1,912,silent,911
12,20|19|5|1|1|1|1,7,4,7460,silent,7456
12,20|19|4|2|1|1|1,7,17,17759,silent,17742
12,20|19|3|3|1|1|1,7,13,11083,silent,11070
12,20|19|3|2|2|1|1,7,30,13609,silent,13579
12,20|19|2|2|2|2|1,7,18,3228,silent,3210
12,20|18|6|1|1|1|1,7,17,22658,silent,22641
12,20|18|5|2|1|1|1,7,81,70454,silent,70373
12,20|18|4|3|1|1|1,7,92,77637,silent,77545
12,20|18|4|2|2|1|1,7,135,77400,silent,77265
12,20|18|3|3|2|1|1,7,97,59900,silent,59803
12,20|18|3|2|2|2|1,7,106,34369,silent,34263
12,20|18|2|2|2|2|2,7,37,4687,silent,4650
12,20|17|7|1|1|1|1,7,39,51199,silent,51160
12,20|17|6|2|1|1|1,7,219,195262,silent,195043
12,20|17|5|3|1|1|1,7,350,301490,silent,301140
12,20|17|5|2|2|1|1,7,454,279876,silent,279422
12,20|17|4|4|1|1|1,7,161,153455,silent,153294
12,20|17|4|3|2|1|1,7,529,395036,silent,394507
12,20|17|4|2|2|2|1,7,401,178146,silent,177745
12,20|17|3|3|3|1|1,7,103,105878,silent,105775
12,20|17|3|3|2|2|1,7,218,145143,silent,144925
12,20|17|3|2|2|2|2,7,129,42350,silent,42221
12,20|16|8|1|1|1|1,7,80,90985,silent,90905
12,20|16|7|2|1|1|1,7,454,412351,silent,411897
12,20|16|6|3|1|1|1,7,859,805453,silent,804594
12,20|16|6|2|2|1|1,7,986,722705,silent,721719
12,20|16|5|4|1|1|1,7,758,725703,silent,724945
12,20|16|5|3|2|1|1,7,1707,1450723,silent,1449016
12,20|16|5|2|2|2|1,7,1014,596197,silent,595183
12,20|16|4|4|2|1|1,7,869,803831,silent,802962
12,20|16|4|3|3|1|1,7,651,715795,silent,715144
12,20|16|4|3|2|2|1,7,1148,918798,silent,917650
12,20|16|4|2|2|2|2,7,446,206214,silent,205768
12,20|16|3|3|3|2|1,7,207,312393,silent,312186
12,20|16|3|3|2|2|2,7,191,171188,silent,170997
12,20|15|9|1|1|1|1,7,105,128608,silent,128503
12,20|15|8|2|1|1|1,7,710,680861,silent,680151
12,20|15|7|3|1|1|1,7,1602,1614902,silent,1613300
12,20|15|7|2|2|1|1,7,1768,1423770,silent,1422002
12,20|15|6|4|1|1|1,7,1850,1999730,silent,1997880
12,20|15|6|3|2|1|1,7,3713,3659391,silent,3655678
12,20|15|6|2|2|2|1,7,1988,1441975,silent,1439987
12,20|15|5|5|1|1|1,7,911,948162,silent,947251
12,20|15|5|4|2|1|1,7,3461,3624981,silent,3621520
12,20|15|5|3|3|1|1,7,2042,2571969,silent,2569927
12,20|15|5|3|2|2|1,7,3206,3187458,silent,3184252
12,20|15|5|2|2|2|2,7,920,642930,silent,642010
12,20|15|4|4|3|1|1,7,1405,1786813,silent,1785408
12,20|15|4|4|2|2|1,7,1825,1848759,silent,1846934
12,20|15|4|3|3|2|1,7,1325,2044407,silent,2043082
12,20|15|4|3|2|2|2,7,1020,1036412,silent,1035392
12,20|15|3|3|3|3|1,7,86,317831,silent,317745
12,20|15|3|3|3|2|2,7,155,384261,silent,384106
12,20|14|10|1|1|1|1,7,124,142126,silent,142002
12,20|14|9|2|1|1|1,7,882,881474,silent,880592
12,20|14|8|3|1|1|1,7,2302,2483737,silent,2481435
12,20|14|8|2|2|1|1,7,2371,2166866,silent,2164495
12,20|14|7|4|1|1|1,7,3340,3897139,silent,3893799
12,20|14|7|3|2|1|1,7,6195,6834416,silent,6828221
12,20|14|7|2|2|2|1,7,3038,2629349,silent,2626311
12,20|14|6|5|1|1|1,7,2581,3172954,silent,3170373
12,20|14|6|4|2|1|1,7,7671,9417752,silent,9410081
12,20|14|6|3|3|1|1,7,4365,6193194,silent,6188829
12,20|14|6|3|2|2|1,7,6404,7542115,silent,7535711
12,20|14|6|2|2|2|2,7,1699,1453736,silent,1452037
12,20|14|5|5|2|1|1,7,3698,4635286,silent,4631588
12,20|14|5|4|3|1|1,7,5364,7885075,silent,7879711
12,20|14|5|4|2|2|1,7,6077,7853490,silent,7847413
12,20|14|5|3|3|2|1,7,3942,6966599,silent,6962657
12,20|14|5|3|2|2|2,7,2517,3380965,silent,3378448
12,20|14|4|4|4|1|1,7,1140,1739275,silent,1738135
12,20|14|4|4|3|2|1,7,3013,5055844,silent,5052831
12,20|14|4|4|2|2|2,7,1584,2016739,silent,2015155
12,20|14|4|3|3|3|1,7,645,2038601,silent,2037956
12,20|14|4|3|3|2|2,7,1002,2400693,silent,2399691
12,20|14|3|3|3|3|2,7,68,486945,silent,486877
12,20|13|11|1|1|1|1,7,90,113488,silent,113398
12,20|13|10|2|1|1|1,7,824,859599,silent,858775
12,20|13|9|3|1|1|1,7,2542,2913469,silent,2910927
12,20|13|9|2|2|1|1,7,2621,2527525,silent,2524904
12,20|13|8|4|1|1|1,7,4432,5606789,silent,5602357
12,20|13|8|3|2|1|1,7,7912,9617706,silent,9609794
12,20|13|8|2|2|2|1,7,3715,3652857,silent,3649142
12,20|13|7|5|1|1|1,7,4694,6279241,silent,6274547
12,20|13|7|4|2|1|1,7,12459,16983681,silent,16971222
12,20|13|7|3|3|1|1,7,6791,10780282,silent,10773491
12,20|13|7|3|2|2|1,7,9557,12987955,silent,12978398
12,20|13|7|2|2|2|2,7,2229,2432258,silent,2430029
12,20|13|6|6|1|1|1,7,1919,2819838,silent,2817919
12,20|13|6|5|2|1|1,7,9854,14568408,silent,14558554
12,20|13|6|4|3|1|1,7,11472,19448638,silent,19437166
12,20|13|6|4|2|2|1,7,12490,19024399,silent,19011909
12,20|13|6|3|3|2|1,7,7813,15653504,silent,15645691
12,20|13|6|3|2|2|2,7,4678,7435374,silent,7430696
12,20|13|5|5|3|1|1,7,5902,10377418,silent,10371516
12,20|13|5|5|2|2|1,7,5676,9572014,silent,9566338
12,20|13|5|4|4|1|1,7,4458,7901608,silent,7897150
12,20|13|5|4|3|2|1,7,10285,20994016,silent,20983731
12,20|13|5|4|2|2|2,7,4470,7997080,silent,7992610
12,20|13|5|3|3|3|1,7,2010,6633459,silent,6631449
12,20|13|5|3|3|2|2,7,2839,7677045,silent,7674206
12,20|13|4|4|4|2|1,7,2654,5116106,silent,5113452
12,20|13|4|4|3|3|1,7,1754,5207983,silent,5206229
12,20|13|4|4|3|2|2,7,2350,5721190,silent,5718840
12,20|13|4|3|3|3|2,7,497,2961975,silent,2961478
12,20|13|3|3|3|3|3,7,12,292508,silent,292496
12,20|12|12|1|1|1|1,7,42,43579,silent,43537
12,20|12|11|2|1|1|1,7,507,538465,silent,537958
12,20|12|10|3|1|1|1,7,2023,2412327,silent,2410304
12,20|12|10|2|2|1|1,7,1984,2084996,silent,2083012
12,20|12|9|4|1|1|1,7,4391,5853825,silent,5849434
12,20|12|9|3|2|1|1,7,7633,9917043,silent,9909410
12,20|12|9|2|2|2|1,7,3455,3736887,silent,3733432
12,20|12|8|5|1|1|1,7,5837,8480186,silent,8474349
12,20|12|8|4|2|1|1,7,14634,21977026,silent,21962392
12,20|12|8|3|3|1|1,7,8045,13707667,silent,13699622
12,20|12|8|3|2|2|1,7,10924,16420179,silent,16409255
12,20|12|8|2|2|2|2,7,2537,3036534,silent,3033997
12,20|12|7|6|1|1|1,7,4265,6616588,silent,6612323
12,20|12|7|5|2|1|1,7,16052,26331971,silent,26315919
12,20|12|7|4|3|1|1,7,17178,32281142,silent,32263964
12,20|12|7|4|2|2|1,7,17919,31235320,silent,31217401
12,20|12|7|3|3|2|1,7,11180,24852562,silent,24841382
12,20|12|7|3|2|2|2,7,6247,11647837,silent,11641590
12,20|12|6|6|2|1|1,7,6887,12195324,silent,12188437
12,20|12|6|5|3|1|1,7,15115,30632978,silent,30617863
12,20|12|6|5|2|2|1,7,14419,27795242,silent,27780823
12,20|12|6|4|4|1|1,7,8999,18736001,silent,18727002
12,20|12|6|4|3|2|1,7,20386,47806598,silent,47786212
12,20|12|6|4|2|2|2,7,8582,17829220,silent,17820638
12,20|12|6|3|3|3|1,7,3880,13851436,silent,13847556
12,20|12|6|3|3|2|2,7,5153,15876954,silent,15871801
12,20|12|5|5|4|1|1,7,5775,12577272,silent,12571497
12,20|12|5|5|3|2|1,7,10313,26162728,silent,26152415
12,20|12|5|5|2|2|2,7,3640,9123381,silent,9119741
12,20|12|5|4|4|2|1,7,8830,21651275,silent,21642445
12,20|12|5|4|3|3|1,7,6066,20486003,silent,20479937
12,20|12|5|4|3|2|2,7,7184,22055507,silent,22048323
12,20|12|5|3|3|3|2,7,1546,8968068,silent,8966522
12,20|12|4|4|4|3|1,7,2195,6426721,silent,6424526
12,20|12|4|4|4|2|2,7,2138,5673857,silent,5671719
12,20|12|4|4|3|3|2,7,1420,7224983,silent,7223563
12,20|12|4|3|3|3|3,7,108,1688743,silent,1688635
12,20|11|11|3|1|1|1,7,775,945110,silent,944335
12,20|11|11|2|2|1|1,7,813,816400,silent,815587
12,20|11|10|4|1|1|1,7,2744,3805834,silent,3803090
12,20|11|10|3|2|1|1,7,4719,6408416,silent,6403697
12,20|11|10|2|2|2|1,7,2109,2405960,silent,2403851
12,20|11|9|5|1|1|1,7,5019,7628221,silent,7623202
12,20|11|9|4|2|1|1,7,12277,19342763,silent,19330486
12,20|11|9|3|3|1|1,7,6551,11946740,silent,11940189
12,20|11|9|3|2|2|1,7,8827,14257980,silent,14249153
12,20|11|9|2|2|2|2,7,1865,2608185,silent,2606320
12,20|11|8|6|1|1|1,7,5140,8575526,silent,8570386
12,20|11|8|5|2|1|1,7,17502,31144362,silent,31126860
12,20|11|8|4|3|1|1,7,18107,36754359,silent,36736252
12,20|11|8|4|2|2|1,7,18577,35360800,silent,35342223
12,20|11|8|3|3|2|1,7,11552,27659518,silent,27647966
12,20|11|8|3|2|2|2,7,6288,12873549,silent,12867261
12,20|11|7|7|1|1|1,7,2332,3873949,silent,3871617
12,20|11|7|6|2|1|1,7,13392,25575280,silent,25561888
12,20|11|7|5|3|1|1,7,22402,49963528,silent,49941126
12,20|11|7|5|2|2|1,7,20662,44864944,silent,44844282
12,20|11|7|4|4|1|1,7,12486,28428659,silent,28416173
12,20|11|7|4|3|2|1,7,27174,70969603,silent,70942429
12,20|11|7|4|2|2|2,7,10666,26109277,silent,26098611
12,20|11|7|3|3|3|1,7,5181,19772011,silent,19766830
12,20|11|7|3|3|2|2,7,6724,22531779,silent,22525055
12,20|11|6|6|3|1|1,7,10254,24319067,silent,24308813
12,20|11|6|6|2|2|1,7,9514,21360032,silent,21350518
12,20|11|6|5|4|1|1,7,13952,35104931,silent,35090979
12,20|11|6|5|3|2|1,7,24613,70225975,silent,70201362
12,20|11|6|5|2|2|2,7,8761,24012576,silent,24003815
12,20|11|6|4|4|2|1,7,16498,46695278,silent,46678780
12,20|11|6|4|3|3|1,7,11278,42713157,silent,42701879
12,20|11|6|4|3|2|2,7,13018,45532055,silent,45519037
12,20|11|6|3|3|3|2,7,2732,16992808,silent,16990076
12,20|11|5|5|5|1|1,7,2564,7179814,silent,7177250
12,20|11|5|5|4|2|1,7,10130,32211971,silent,32201841
12,20|11|5|5|3|3|1,7,6201,24477982,silent,24471781
12,20|11|5|5|3|2|2,7,6466,25444273,silent,25437807
12,20|11|5|4|4|3|1,7,7058,25428943,silent,25421885
12,20|11|5|4|4|2|2,7,6004,21981174,silent,21975170
12,20|11|5|4|3|3|2,7,4670,26098669,silent,26093999
12,20|11|5|3|3|3|3,7,349,4724275,silent,4723926
12,20|11|4|4|4|4|1,7,1130,3362569,silent,3361439
12,20|11|4|4|4|3|2,7,1933,8643965,silent,8642032
12,20|11|4|4|3|3|3,7,342,3966231,silent,3965889
12,20|10|10|5|1|1|1,7,1942,3089822,silent,3087880
12,20|10|10|4|2|1|1,7,4658,7769362,silent,7764704
12,20|10|10|3|3|1|1,7,2611,4784206,silent,4781595
12,20|10|10|3|2|2|1,7,3428,5704739,silent,5701311
12,20|10|10|2|2|2|2,7,819,1045823,silent,1045004
12,20|10|9|6|1|1|1,7,3584,6188000,silent,6184416
12,20|10|9|5|2|1|1,7,11614,21623052,silent,21611438
12,20|10|9|4|3|1|1,7,11805,25075052,silent,25063247
12,20|10|9|4|2|2|1,7,11933,24045872,silent,24033939
12,20|10|9|3|3|2|1,7,7439,18657780,silent,18650341
12,20|10|9|3|2|2|2,7,3945,8648299,silent,8644354
12,20|10|8|7|1|1|1,7,2966,5362162,silent,5359196
12,20|10|8|6|2|1|1,7,13401,27613438,silent,27600037
12,20|10|8|5|3|1|1,7,20860,49580013,silent,49559153
12,20|10|8|5|2|2|1,7,19085,44302970,silent,44283885
12,20|10|8|4|4|1|1,7,11036,27359776,silent,27348740
12,20|10|8|4|3|2|1,7,24204,67565979,silent,67541775
12,20|10|8|4|2|2|2,7,9565,24712366,silent,24702801
12,20|10|8|3|3|3|1,7,4629,18456542,silent,18451913
12,20|10|8|3|3|2|2,7,5760,20964458,silent,20958698
12,20|10|7|7|2|1|1,7,6239,13087565,silent,13081326
12,20|10|7|6|3|1|1,7,17389,44480273,silent,44462884
12,20|10|7|6|2|2|1,7,15376,38657250,silent,38641874
12,20|10|7|5|4|1|1,7,18496,50680850,silent,50662354
12,20|10|7|5|3|2|1,7,31754,99325642,silent,99293888
12,20|10|7|5|2|2|2,7,10802,33548871,silent,33538069
12,20|10|7|4|4|2|1,7,19545,61503067,silent,61483522
12,20|10|7|4|3|3|1,7,13535,55334331,silent,55320796
12,20|10|7|4|3|2|2,7,15085,58626490,silent,58611405
12,20|10|7|3|3|3|2,7,3269,21069522,silent,21066253
12,20|10|6|6|4|1|1,7,9224,27195075,silent,27185851
12,20|10|6|6|3|2|1,7,15414,50034296,silent,50018882
12,20|10|6|6|2|2|2,7,5438,16474350,silent,16468912
12,20|10|6|5|5|1|1,7,6226,19465623,silent,19459397
12,20|10|6|5|4|2|1,7,22661,79924195,silent,79901534
12,20|10|6|5|3|3|1,7,13354,58724358,silent,58711004
12,20|10|6|5|3|2|2,7,14056,60508597,silent,60494541
12,20|10|6|4|4|3|1,7,11930,49123590,silent,49111660
12,20|10|6|4|4|2|2,7,10280,42062519,silent,42052239
12,20|10|6|4|3|3|2,7,7743,48284025,silent,48276282
12,20|10|6|3|3|3|3,7,605,7983668,silent,7983063
12,20|10|5|5|5|2|1,7,4139,17348553,silent,17344414
12,20|10|5|5|4|3|1,7,7798,35626095,silent,35618297
12,20|10|5|5|4|2|2,7,5956,29732299,silent,29726343
12,20|10|5|5|3|3|2,7,4439,28398763,silent,28394324
12,20|10|5|4|4|4|1,7,3110,12461882,silent,12458772
12,20|10|5|4|4|3|2,7,5470,30821437,silent,30815967
12,20|10|5|4|3|3|3,7,1184,13019083,silent,13017899
12,20|10|4|4|4|4|2,7,1123,4568390,silent,4567267
12,20|10|4|4|4|3|3,7,562,4762690,silent,4762128
12,20|9|9|7|1|1|1,7,1396,2528721,silent,2527325
12,20|9|9|6|2|1|1,7,5826,12091396,silent,12085570
12,20|9|9|5|3|1|1,7,8569,21041709,silent,21033140
12,20|9|9|5|2|2|1,7,7703,18740476,silent,18732773
12,20|9|9|4|4|1|1,7,4637,11478710,silent,11474073
12,20|9|9|4|3|2|1,7,9728,28183820,silent,28174092
12,20|9|9|4|2|2|2,7,3556,10255182,silent,10251626
12,20|9|9|3|3|3|1,7,1861,7640786,silent,7638925
12,20|9|9|3|3|2|2,7,2405,8667129,silent,8664724
12,20|9|8|8|1|1|1,7,770,1540498,silent,1539728
12,20|9|8|7|2|1|1,7,6102,13630265,silent,13624163
12,20|9|8|6|3|1|1,7,13618,36606824,silent,36593206
12,20|9|8|6|2|2|1,7,11975,31671335,silent,31659360
12,20|9|8|5|4|1|1,7,13401,38743605,silent,38730204
12,20|9|8|5|3|2|1,7,22881,75193134,silent,75170253
12,20|9|8|5|2|2|2,7,7759,25257100,silent,25249341
12,20|9|8|4|4|2|1,7,13609,45271082,silent,45257473
12,20|9|8|4|3|3|1,7,9420,40396347,silent,40386927
12,20|9|8|4|3|2|2,7,10414,42678176,silent,42667762
12,20|9|8|3|3|3|2,7,2244,15068529,silent,15066285
12,20|9|7|7|3|1|1,7,6875,19121154,silent,19114279
12,20|9|7|7|2|2|1,7,5699,16322414,silent,16316715
12,20|9|7|6|4|1|1,7,13391,41607003,silent,41593612
12,20|9|7|6|3|2|1,7,21237,75037787,silent,75016550
12,20|9|7|6|2|2|2,7,6810,24386442,silent,24379632
12,20|9|7|5|5|1|1,7,7112,24103455,silent,24096343
12,20|9|7|5|4|2|1,7,24800,95135344,silent,95110544
12,20|9|7|5|3|3|1,7,14682,68824181,silent,68809499
12,20|9|7|5|3|2|2,7,15074,70513502,silent,70498428
12,20|9|7|4|4|3|1,7,12034,53741742,silent,53729708
12,20|9|7|4|4|2|2,7,9792,45726702,silent,45716910
12,20|9|7|4|3|3|2,7,7919,51733345,silent,51725426
12,20|9|7|3|3|3|3,7,599,8217955,silent,8217356
12,20|9|6|6|5|1|1,7,4702,16769086,silent,16764384
12,20|9|6|6|4|2|1,7,13571,53701953,silent,53688382
12,20|9|6|6|3|3|1,7,7438,36683331,silent,36675893
12,20|9|6|6|3|2|2,7,7864,37193255,silent,37185391
12,20|9|6|5|5|2|1,7,8964,40341539,silent,40332575
12,20|9|6|5|4|3|1,7,15167,76331100,silent,76315933
12,20|9|6|5|4|2|2,7,11986,63163218,silent,63151232
12,20|9|6|5|3|3|2,7,8265,58352513,silent,58344248
12,20|9|6|4|4|4|1,7,4625,21094905,silent,21090280
12,20|9|6|4|4|3|2,7,8117,51121605,silent,51113488
12,20|9|6|4|3|3|3,7,1756,20781475,silent,20779719
12,20|9|5|5|5|3|1,7,3133,18614296,silent,18611163
12,20|9|5|5|5|2|2,7,2153,14426744,silent,14424591
12,20|9|5|5|4|4|1,7,3041,16849188,silent,16846147
12,20|9|5|5|4|3|2,7,5296,38326235,silent,38320939
12,20|9|5|5|3|3|3,7,1155,12744854,silent,12743699
12,20|9|5|4|4|4|2,7,2497,14856117,silent,14853620
12,20|9|5|4|4|3|3,7,1636,15062855,silent,15061219
12,20|9|4|4|4|4|3,7,503,2949424,silent,2948921
12,20|8|8|8|2|1|1,7,917,2289535,silent,2288618
12,20|8|8|7|3|1|1,7,4019,11594654,silent,11590635
12,20|8|8|7|2|2|1,7,3432,9880739,silent,9877307
12,20|8|8|6|4|1|1,7,6211,20446554,silent,20440343
12,20|8|8|6|3|2|1,7,10081,36608997,silent,36598916
12,20|8|8|6|2|2|2,7,3450,11866927,silent,11863477
12,20|8|8|5|5|1|1,7,3282,11198409,silent,11195127
12,20|8|8|5|4|2|1,7,11043,43520383,silent,43509340
12,20|8|8|5|3|3|1,7,6434,31258488,silent,31252054
12,20|8|8|5|3|2|2,7,6619,31970162,silent,31963543
12,20|8|8|4|4|3|1,7,5092,23842266,silent,23837174
12,20|8|8|4|4|2|2,7,4457,20264677,silent,20260220
12,20|8|8|4|3|3|2,7,3258,22729331,silent,22726073
12,20|8|8|3|3|3|3,7,278,3555099,silent,3554821
12,20|8|7|7|4|1|1,7,4157,13856113,silent,13851956
12,20|8|7|7|3|2|1,7,6188,24090911,silent,24084723
12,20|8|7|7|2|2|2,7,1800,7670112,silent,7668312
12,20|8|7|6|5|1|1,7,5249,19704912,silent,19699663
12,20|8|7|6|4|2|1,7,14240,60829290,silent,60815050
12,20|8|7|6|3|3|1,7,7909,40983652,silent,40975743
12,20|8|7|6|3|2|2,7,7987,41323449,silent,41315462
12,20|8|7|5|5|2|1,7,7819,37309268,silent,37301449
12,20|8|7|5|4|3|1,7,12761,68295795,silent,68283034
12,20|8|7|5|4|2|2,7,9860,56230788,silent,56220928
12,20|8|7|5|3|3|2,7,6926,51229361,silent,51222435
12,20|8|7|4|4|4|1,7,3516,17527797,silent,17524281
12,20|8|7|4|4|3|2,7,6194,42067606,silent,42061412
12,20|8|7|4|3|3|3,7,1399,16813599,silent,16812200
12,20|8|6|6|6|1|1,7,1054,4449442,silent,4448388
12,20|8|6|6|5|2|1,7,5898,28434804,silent,28428906
12,20|8|6|6|4|3|1,7,7604,42492288,silent,42484684
12,20|8|6|6|4|2|2,7,6279,34629821,silent,34623542
12,20|8|6|6|3|3|2,7,3776,29751493,silent,29747717
12,20|8|6|5|5|3|1,7,5562,35220763,silent,35215201
12,20|8|6|5|5|2|2,7,3886,27077470,silent,27073584
12,20|8|6|5|4|4|1,7,5077,29800844,silent,29795767
12,20|8|6|5|4|3|2,7,8615,66473515,silent,66464900
12,20|8|6|5|3|3|3,7,1730,21297134,silent,21295404
12,20|8|6|4|4|4|2,7,3234,20474239,silent,20471005
12,20|8|6|4|4|3|3,7,1939,20406775,silent,20404836
12,20|8|5|5|5|4|1,7,1256,9721603,silent,9720347
12,20|8|5|5|5|3|2,7,1843,17390803,silent,17388960
12,20|8|5|5|4|4|2,7,1991,17163378,silent,17161387
12,20|8|5|5|4|3|3,7,1507,16226080,silent,16224573
12,20|8|5|4|4|4|3,7,1020,8187209,silent,8186189
12,20|8|4|4|4|4|4,7,197,764277,silent,764080
12,20|7|7|7|5|1|1,7,1000,4080676,silent,4079676
12,20|7|7|7|4|2|1,7,2424,11625367,silent,11622943
12,20|7|7|7|3|3|1,7,1387,7628886,silent,7627499
12,20|7|7|7|3|2|2,7,1280,7614582,silent,7613302
12,20|7|7|6|6|1|1,7,798,3189625,silent,3188827
12,20|7|7|6|5|2|1,7,3652,18939664,silent,18936012
12,20|7|7|6|4|3|1,7,4685,27529135,silent,27524450
12,20|7|7|6|4|2|2,7,3446,22306151,silent,22302705
12,20|7|7|6|3|3|2,7,2425,18993062,silent,18990637
12,20|7|7|5|5|3|1,7,2842,18932634,silent,18929792
12,20|7|7|5|5|2|2,7,2069,14502815,silent,14500746
12,20|7|7|5|4|4|1,7,2465,15628549,silent,15626084
12,20|7|7|5|4|3|2,7,4232,34599416,silent,34595184
12,20|7|7|5|3|3|3,7,883,10936795,silent,10935912
12,20|7|7|4|4|4|2,7,1303,9969642,silent,9968339
12,20|7|7|4|4|3|3,7,986,9903087,silent,9902101
12,20|7|6|6|6|2|1,7,1101,5632310,silent,5631209
12,20|7|6|6|5|3|1,7,2749,18400918,silent,18398169
12,20|7|6|6|5|2|2,7,2039,13948011,silent,13945972
12,20|7|6|6|4|4|1,7,2010,12624956,silent,12622946
12,20|7|6|6|4|3|2,7,3298,27160536,silent,27157238
12,20|7|6|6|3|3|3,7,575,8035389,silent,8034814
12,20|7|6|5|5|4|1,7,1699,13562004,silent,13560305
12,20|7|6|5|5|3|2,7,2429,23841278,silent,23838849
12,20|7|6|5|4|4|2,7,2572,22092726,silent,22090154
12,20|7|6|5|4|3|3,7,1724,20556234,silent,20554510
12,20|7|6|4|4|4|3,7,951,8317883,silent,8316932
12,20|7|5|5|5|5|1,7,187,1968994,silent,1968807
12,20|7|5|5|5|4|2,7,671,8094560,silent,8093889
12,20|7|5|5|5|3|3,7,453,6160347,silent,6159894
12,20|7|5|5|4|4|3,7,660,7698718,silent,7698058
12,20|7|5|4|4|4|4,7,221,1704582,silent,1704361
12,20|6|6|6|6|3|1,7,311,2109374,silent,2109063
12,20|6|6|6|6|2|2,7,305,1559908,silent,1559603
12,20|6|6|6|5|4|1,7,532,4068789,silent,4068257
12,20|6|6|6|5|3|2,7,710,6917262,silent,6916552
12,20|6|6|6|4|4|2,7,703,5252332,silent,5251629
12,20|6|6|6|4|3|3,7,329,4730275,silent,4729946
12,20|6|6|5|5|5|1,7,127,1551745,silent,1551618
12,20|6|6|5|5|4|2,7,488,6203036,silent,6202548
12,20|6|6|5|5|3|3,7,340,4665359,silent,4665019
12,20|6|6|5|4|4|3,7,491,5520427,silent,5519936
12,20|6|6|4|4|4|4,7,174,995736,silent,995562
12,20|6|5|5|5|5|2,7,80,1230521,silent,1230441
12,20|6|5|5|5|4|3,7,161,2708207,silent,2708046
12,20|6|5|5|4|4|4,7,77,1184057,silent,1183980
12,20|5|5|5|5|5|3,7,16,246079,silent,246063
12,20|5|5|5|5|4|4,7,12,246708,silent,246696
12,19|19|6|1|1|1|1,7,3,7827,silent,7824
12,19|19|5|2|1|1|1,7,29,24685,silent,24656
12,19|19|4|3|1|1|1,7,28,27062,silent,27034
12,19|19|4|2|2|1|1,7,57,27301,silent,27244
12,19|19|3|3|2|1|1,7,30,20740,silent,20710
12,19|19|3|2|2|2|1,7,37,11937,silent,11900
12,19|19|2|2|2|2|2,7,6,1465,silent,1459
12,19|18|7|1|1|1|1,7,22,27709,silent,27687
12,19|18|6|2|1|1|1,7,119,105411,silent,105292
12,19|18|5|3|1|1|1,7,191,162552,silent,162361
12,19|18|5|2|2|1|1,7,244,150804,silent,150560
12,19|18|4|4|1|1|1,7,87,82677,silent,82590
12,19|18|4|3|2|1|1,7,287,212695,silent,212408
12,19|18|4|2|2|2|1,7,216,95858,silent,95642
12,19|18|3|3|3|1|1,7,57,56970,silent,56913
12,19|18|3|3|2|2|1,7,118,78049,silent,77931
12,19|18|3|2|2|2|2,7,70,22768,silent,22698
12,19|17|8|1|1|1|1,7,47,61436,silent,61389
12,19|17|7|2|1|1|1,7,312,278230,silent,277918
12,19|17|6|3|1|1|1,7,572,541302,silent,540730
12,19|17|6|2|2|1|1,7,692,486278,silent,485586
12,19|17|5|4|1|1|1,7,516,487190,silent,486674
12,19|17|5|3|2|1|1,7,1146,972091,silent,970945
12,19|17|5|2|2|2|1,7,675,398805,silent,398130
12,19|17|4|4|2|1|1,7,611,539150,silent,538539
12,19|17|4|3|3|1|1,7,421,478353,silent,477932
12,19|17|4|3|2|2|1,7,779,614105,silent,613326
12,19|17|4|2|2|2|2,7,269,136565,silent,136296
12,19|17|3|3|3|2|1,7,142,208618,silent,208476
12,19|17|3|3|2|2|2,7,142,114649,silent,114507
12,19|16|9|1|1|1|1,7,87,102194,silent,102107
12,19|16|8|2|1|1|1,7,561,536199,silent,535638
12,19|16|7|3|1|1|1,7,1266,1264485,silent,1263219
12,19|16|7|2|2|1|1,7,1374,1113692,silent,1112318
12,19|16|6|4|1|1|1,7,1451,1560348,silent,1558897
12,19|16|6|3|2|1|1,7,2905,2851167,silent,2848262
12,19|16|6|2|2|2|1,7,1545,1121893,silent,1120348
12,19|16|5|5|1|1|1,7,713,738518,silent,737805
12,19|16|5|4|2|1|1,7,2699,2817943,silent,2815244
12,19|16|5|3|3|1|1,7,1612,1997429,silent,1995817
12,19|16|5|3|2|2|1,7,2497,2472930,silent,2470433
12,19|16|5|2|2|2|2,7,717,497841,silent,497124
12,19|16|4|4|3|1|1,7,1097,1385888,silent,1384791
12,19|16|4|4|2|2|1,7,1418,1432383,silent,1430965
12,19|16|4|3|3|2|1,7,1043,1582307,silent,1581264
12,19|16|4|3|2|2|2,7,794,800783,silent,799989
12,19|16|3|3|3|3|1,7,72,245416,silent,245344
12,19|16|3|3|3|2|2,7,121,296327,silent,296206
12,19|15|10|1|1|1|1,7,105,130830,silent,130725
12,19|15|9|2|1|1|1,7,805,797455,silent,796650
12,19|15|8|3|1|1|1,7,2038,2217605,silent,2215567
12,19|15|8|2|2|1|1,7,2156,1933997,silent,1931841
12,19|15|7|4|1|1|1,7,2976,3453488,silent,3450512
12,19|15|7|3|2|1|1,7,5476,6043090,silent,6037614
12,19|15|7|2|2|2|1,7,2654,2319676,silent,2317022
12,19|15|6|5|1|1|1,7,2278,2799290,silent,2797012
12,19|15|6|4|2|1|1,7,6820,8288713,silent,8281893
12,19|15|6|3|3|1|1,7,3808,5439992,silent,5436184
12,19|15|6|3|2|2|1,7,5626,6617920,silent,6612294
12,19|15|6|2|2|2|2,7,1411,1269123,silent,1267712
12,19|15|5|5|2|1|1,7,3209,4067085,silent,4063876
12,19|15|5|4|3|1|1,7,4724,6907233,silent,6902509
12,19|15|5|4|2|2|1,7,5309,6869486,silent,6864177
12,19|15|5|3|3|2|1,7,3489,6086824,silent,6083335
12,19|15|5|3|2|2|2,7,2215,2947876,silent,2945661
12,19|15|4|4|4|1|1,7,1046,1521643,silent,1520597
12,19|15|4|4|3|2|1,7,2642,4409246,silent,4406604
12,19|15|4|4|2|2|2,7,1308,1751495,silent,1750187
12,19|15|4|3|3|3|1,7,567,1774256,silent,1773689
12,19|15|4|3|3|2|2,7,921,2088166,silent,2087245
12,19|15|3|3|3|3|2,7,57,421407,silent,421350
12,19|14|11|1|1|1|1,7,106,126332,silent,126226
12,19|14|10|2|1|1|1,7,862,906362,silent,905500
12,19|14|9|3|1|1|1,7,2597,2979258,silent,2976661
12,19|14|9|2|2|1|1,7,2624,2580652,silent,2578028
12,19|14|8|4|1|1|1,7,4425,5630412,silent,5625987
12,19|14|8|3|2|1|1,7,7879,9636105,silent,9628226
12,19|14|8|2|2|2|1,7,3661,3652213,silent,3648552
12,19|14|7|5|1|1|1,7,4645,6240119,silent,6235474
12,19|14|7|4|2|1|1,7,12246,16822703,silent,16810457
12,19|14|7|3|3|1|1,7,6750,10661201,silent,10654451
12,19|14|7|3|2|2|1,7,9376,12826809,silent,12817433
12,19|14|7|2|2|2|2,7,2185,2395442,silent,2393257
12,19|14|6|6|1|1|1,7,1891,2789584,silent,2787693
12,19|14|6|5|2|1|1,7,9650,14342934,silent,14333284
12,19|14|6|4|3|1|1,7,11241,19097641,silent,19086400
12,19|14|6|4|2|2|1,7,12169,18654162,silent,18641993
12,19|14|6|3|3|2|1,7,7688,15323640,silent,15315952
12,19|14|6|3|2|2|2,7,4542,7261936,silent,7257394
12,19|14|5|5|3|1|1,7,5776,10156047,silent,10150271
12,19|14|5|5|2|2|1,7,5524,9355362,silent,9349838
12,19|14|5|4|4|1|1,7,4310,7719017,silent,7714707
12,19|14|5|4|3|2|1,7,10030,20463541,silent,20453511
12,19|14|5|4|2|2|2,7,4336,7777031,silent,7772695
12,19|14|5|3|3|3|1,7,2010,6450006,silent,6447996
12,19|14|5|3|3|2|2,7,2770,7452378,silent,7449608
12,19|14|4|4|4|2|1,7,2553,4970721,silent,4968168
12,19|14|4|4|3|3|1,7,1718,5052566,silent,5050848
12,19|14|4|4|3|2|2,7,2281,5540488,silent,5538207
12,19|14|4|3|3|3|2,7,504,2861178,silent,2860674
12,19|14|3|3|3|3|3,7,16,281206,silent,281190
12,19|13|12|1|1|1|1,7,64,78390,silent,78326
12,19|13|11|2|1|1|1,7,696,737573,silent,736877
12,19|13|10|3|1|1|1,7,2452,2971012,silent,2968560
12,19|13|10|2|2|1|1,7,2459,2565026,silent,2562567
12,19|13|9|4|1|1|1,7,5099,6842173,silent,6837074
12,19|13|9|3|2|1|1,7,8773,11553936,silent,11545163
12,19|13|9|2|2|2|1,7,3905,4340223,silent,4336318
12,19|13|8|5|1|1|1,7,6547,9636109,silent,9629562
12,19|13|8|4|2|1|1,7,16439,24866177,silent,24849738
12,19|13|8|3|3|1|1,7,8920,15470835,silent,15461915
12,19|13|8|3|2|2|1,7,12123,18502237,silent,18490114
12,19|13|8|2|2|2|2,7,2668,3403279,silent,3400611
12,19|13|7|6|1|1|1,7,4742,7412981,silent,7408239
12,19|13|7|5|2|1|1,7,17607,29309747,silent,29292140
12,19|13|7|4|3|1|1,7,18885,35810064,silent,35791179
12,19|13|7|4|2|2|1,7,19516,34586623,silent,34567107
12,19|13|7|3|3|2|1,7,12316,27465689,silent,27453373
12,19|13|7|3|2|2|2,7,6780,12836419,silent,12829639
12,19|13|6|6|2|1|1,7,7614,13483028,silent,13475414
12,19|13|6|5|3|1|1,7,16426,33670946,silent,33654520
12,19|13|6|5|2|2|1,7,15596,30499575,silent,30483979
12,19|13|6|4|4|1|1,7,9862,20549639,silent,20539777
12,19|13|6|4|3|2|1,7,22102,52279910,silent,52257808
12,19|13|6|4|2|2|2,7,9049,19433572,silent,19424523
12,19|13|6|3|3|3|1,7,4267,15103566,silent,15099299
12,19|13|6|3|3|2|2,7,5707,17286068,silent,17280361
12,19|13|5|5|4|1|1,7,6161,13721489,silent,13715328
12,19|13|5|5|3|2|1,7,11156,28475318,silent,28464162
12,19|13|5|5|2|2|2,7,3994,9907873,silent,9903879
12,19|13|5|4|4|2|1,7,9436,23505197,silent,23495761
12,19|13|5|4|3|3|1,7,6595,22202452,silent,22195857
12,19|13|5|4|3|2|2,7,7723,23856491,silent,23848768
12,19|13|5|3|3|3|2,7,1713,9671429,silent,9669716
12,19|13|4|4|4|3|1,7,2362,6935439,silent,6933077
12,19|13|4|4|4|2|2,7,2152,6103229,silent,6101077
12,19|13|4|4|3|3|2,7,1587,7770106,silent,7768519
12,19|13|4|3|3|3|3,7,118,1806720,silent,1806602
12,19|12|12|2|1|1|1,7,252,284205,silent,283953
12,19|12|11|3|1|1|1,7,1522,1883397,silent,1881875
12,19|12|11|2|2|1|1,7,1493,1622370,silent,1620877
12,19|12|10|4|1|1|1,7,4063,5780966,silent,5776903
12,19|12|10|3|2|1|1,7,6964,9699193,silent,9692229
12,19|12|10|2|2|2|1,7,3079,3631125,silent,3628046
12,19|12|9|5|1|1|1,7,6729,10466150,silent,10459421
12,19|12|9|4|2|1|1,7,16276,26390795,silent,26374519
12,19|12|9|3|3|1|1,7,8825,16257748,silent,16248923
12,19|12|9|3|2|2|1,7,11682,19367452,silent,19355770
12,19|12|9|2|2|2|2,7,2496,3531232,silent,3528736
12,19|12|8|6|1|1|1,7,6580,11234686,silent,11228106
12,19|12|8|5|2|1|1,7,22194,40453949,silent,40431755
12,19|12|8|4|3|1|1,7,22929,47518946,silent,47496017
12,19|12|8|4|2|2|1,7,23374,45630120,silent,45606746
12,19|12|8|3|3|2|1,7,14664,35594536,silent,35579872
12,19|12|8|3|2|2|2,7,7865,16518915,silent,16511050
12,19|12|7|7|1|1|1,7,2929,4977626,silent,4974697
12,19|12|7|6|2|1|1,7,16574,32450493,silent,32433919
12,19|12|7|5|3|1|1,7,27689,62921404,silent,62893715
12,19|12|7|5|2|2|1,7,25380,56396885,silent,56371505
12,19|12|7|4|4|1|1,7,15229,35678522,silent,35663293
12,19|12|7|4|3|2|1,7,33388,88793845,silent,88760457
12,19|12|7|4|2|2|2,7,13041,32573650,silent,32560609
12,19|12|7|3|3|3|1,7,6502,24644544,silent,24638042
12,19|12|7|3|3|2|2,7,8238,28028620,silent,28020382
12,19|12|6|6|3|1|1,7,12514,30283728,silent,30271214
12,19|12|6|6|2|2|1,7,11536,26545635,silent,26534099
12,19|12|6|5|4|1|1,7,16892,43437980,silent,43421088
12,19|12|6|5|3|2|1,7,29838,86627605,silent,86597767
12,19|12|6|5|2|2|2,7,10530,29533234,silent,29522704
12,19|12|6|4|4|2|1,7,19785,57404930,silent,57385145
12,19|12|6|4|3|3|1,7,13716,52394235,silent,52380519
12,19|12|6|4|3|2|2,7,15680,55737847,silent,55722167
12,19|12|6|3|3|3|2,7,3395,20722846,silent,20719451
12,19|12|5|5|5|1|1,7,3108,8802090,silent,8798982
12,19|12|5|5|4|2|1,7,12137,39317183,silent,39305046
12,19|12|5|5|3|3|1,7,7498,29808985,silent,29801487
12,19|12|5|5|3|2|2,7,7754,30926258,silent,30918504
12,19|12|5|4|4|3|1,7,8344,30865546,silent,30857202
12,19|12|5|4|4|2|2,7,7137,26626479,silent,26619342
12,19|12|5|4|3|3|2,7,5633,31539371,silent,31533738
12,19|12|5|3|3|3|3,7,460,5680906,silent,5680446
12,19|12|4|4|4|4|1,7,1294,4051041,silent,4049747
12,19|12|4|4|4|3|2,7,2255,10381578,silent,10379323
12,19|12|4|4|3|3|3,7,423,4747852,silent,4747429
12,19|11|11|4|1|1|1,7,1623,2286378,silent,2284755
12,19|11|11|3|2|1|1,7,2701,3818747,silent,3816046
12,19|11|11|2|2|2|1,7,1144,1423310,silent,1422166
12,19|11|10|5|1|1|1,7,4278,6944837,silent,6940559
12,19|11|10|4|2|1|1,7,10237,17319126,silent,17308889
12,19|11|10|3|3|1|1,7,5516,10615036,silent,10609520
12,19|11|10|3|2|2|1,7,7267,12623223,silent,12615956
12,19|11|10|2|2|2|2,7,1522,2291255,silent,2289733
12,19|11|9|6|1|1|1,7,6036,10674399,silent,10668363
12,19|11|9|5|2|1|1,7,19116,36832031,silent,36812915
12,19|11|9|4|3|1|1,7,19396,42433132,silent,42413736
12,19|11|9|4|2|2|1,7,19321,40584157,silent,40564836
12,19|11|9|3|3|2|1,7,12201,31381024,silent,31368823
12,19|11|9|3|2|2|2,7,6307,14489041,silent,14482734
12,19|11|8|7|1|1|1,7,4538,8472259,silent,8467721
12,19|11|8|6|2|1|1,7,20235,42792553,silent,42772318
12,19|11|8|5|3|1|1,7,30923,75978893,silent,75947970
12,19|11|8|5|2|2|1,7,28071,67722417,silent,67694346
12,19|11|8|4|4|1|1,7,16457,41731687,silent,41715230
12,19|11|8|4|3|2|1,7,35625,102621552,silent,102585927
12,19|11|8|4|2|2|2,7,13607,37376675,silent,37363068
12,19|11|8|3|3|3|1,7,6908,27898384,silent,27891476
12,19|11|8|3|3|2|2,7,8640,31624488,silent,31615848
12,19|11|7|7|2|1|1,7,8942,19569574,silent,19560632
12,19|11|7|6|3|1|1,7,24804,65348400,silent,65323596
12,19|11|7|6|2|2|1,7,21699,56653204,silent,56631505
12,19|11|7|5|4|1|1,7,25999,73762541,silent,73736542
12,19|11|7|5|3|2|1,7,44705,144006090,silent,143961385
12,19|11|7|5|2|2|2,7,15073,48469263,silent,48454190
12,19|11|7|4|4|2|1,7,27153,88729006,silent,88701853
12,19|11|7|4|3|3|1,7,19123,79615516,silent,79596393
12,19|11|7|4|3|2|2,7,21012,84150345,silent,84129333
12,19|11|7|3|3|3|2,7,4714,30098880,silent,30094166
12,19|11|6|6|4|1|1,7,12924,38845722,silent,38832798
12,19|11|6|6|3|2|1,7,21243,71171556,silent,71150313
12,19|11|6|6|2|2|2,7,7177,23332930,silent,23325753
12,19|11|6|5|5|1|1,7,8498,27590677,silent,27582179
12,19|11|6|5|4|2|1,7,30890,112641887,silent,112610997
12,19|11|6|5|3|3|1,7,18399,82539571,silent,82521172
12,19|11|6|5|3|2|2,7,19231,84852718,silent,84833487
12,19|11|6|4|4|3|1,7,16167,68711486,silent,68695319
12,19|11|6|4|4|2|2,7,13535,58670922,silent,58657387
12,19|11|6|4|3|3|2,7,10767,67201026,silent,67190259
12,19|11|6|3|3|3|3,7,849,11038719,silent,11037870
12,19|11|5|5|5|2|1,7,5630,24106855,silent,24101225
12,19|11|5|5|4|3|1,7,10447,49266775,silent,49256328
12,19|11|5|5|4|2|2,7,8122,41033356,silent,41025234
12,19|11|5|5|3|3|2,7,5977,39066781,silent,39060804
12,19|11|5|4|4|4|1,7,4033,17123367,silent,17119334
12,19|11|5|4|4|3|2,7,7231,42199825,silent,42192594
12,19|11|5|4|3|3|3,7,1648,17754336,silent,17752688
12,19|11|4|4|4|4|2,7,1330,6179906,silent,6178576
12,19|11|4|4|4|3|3,7,784,6439803,silent,6439019
12,19|10|10|6|1|1|1,7,2352,4423103,silent,4420751
12,19|10|10|5|2|1|1,7,7493,15026024,silent,15018531
12,19|10|10|4|3|1|1,7,7549,17172224,silent,17164675
12,19|10|10|4|2|2|1,7,7637,16414878,silent,16407241
12,19|10|10|3|3|2|1,7,4757,12633370,silent,12628613
12,19|10|10|3|2|2|2,7,2519,5831435,silent,5828916
12,19|10|9|7|1|1|1,7,3472,6710171,silent,6706699
12,19|10|9|6|2|1|1,7,14076,31156702,silent,31142626
12,19|10|9|5|3|1|1,7,20764,53345268,silent,53324504
12,19|10|9|5|2|2|1,7,18611,47397272,silent,47378661
12,19|10|9|4|4|1|1,7,10837,28880710,silent,28869873
12,19|10|9|4|3|2|1,7,23314,70584997,silent,70561683
12,19|10|9|4|2|2|2,7,8757,25606260,silent,25597503
12,19|10|9|3|3|3|1,7,4561,18999326,silent,18994765
12,19|10|9|3|3|2|2,7,5582,21493588,silent,21488006
12,19|10|8|8|1|1|1,7,1564,3280685,silent,3279121
12,19|10|8|7|2|1|1,7,11696,27504582,silent,27492886
12,19|10|8|6|3|1|1,7,25478,71787307,silent,71761829
12,19|10|8|6|2|2|1,7,22262,61931049,silent,61908787
12,19|10|8|5|4|1|1,7,24674,74891002,silent,74866328
12,19|10|8|5|3|2|1,7,42116,144622581,silent,144580465
12,19|10|8|5|2|2|2,7,14154,48379891,silent,48365737
12,19|10|8|4|4|2|1,7,24700,86439217,silent,86414517
12,19|10|8|4|3|3|1,7,17302,76838937,silent,76821635
12,19|10|8|4|3|2|2,7,18937,80968158,silent,80949221
12,19|10|8|3|3|3|2,7,4192,28390715,silent,28386523
12,19|10|7|7|3|1|1,7,11952,34754077,silent,34742125
12,19|10|7|7|2|2|1,7,9883,29593230,silent,29583347
12,19|10|7|6|4|1|1,7,22537,73659262,silent,73636725
12,19|10|7|6|3|2|1,7,35836,132193725,silent,132157889
12,19|10|7|6|2|2|2,7,11483,42793310,silent,42781827
12,19|10|7|5|5|1|1,7,11996,42188621,silent,42176625
12,19|10|7|5|4|2|1,7,41184,165221220,silent,165180036
12,19|10|7|5|3|3|1,7,24560,119072998,silent,119048438
12,19|10|7|5|3|2|2,7,24967,121686994,silent,121662027
12,19|10|7|4|4|3|1,7,19640,92314987,silent,92295347
12,19|10|7|4|4|2|2,7,16141,78350843,silent,78334702
12,19|10|7|4|3|3|2,7,13106,88284428,silent,88271322
12,19|10|7|3|3|3|3,7,1093,13910350,silent,13909257
12,19|10|6|6|5|1|1,7,7591,28339736,silent,28332145
12,19|10|6|6|4|2|1,7,21675,90037901,silent,90016226
12,19|10|6|6|3|3|1,7,11993,61283319,silent,61271326
12,19|10|6|6|3|2|2,7,12532,61964571,silent,61952039
12,19|10|6|5|5|2|1,7,14290,66872458,silent,66858168
12,19|10|6|5|4|3|1,7,23922,125706899,silent,125682977
12,19|10|6|5|4|2|2,7,18841,103746204,silent,103727363
12,19|10|6|5|3|3|2,7,13174,95483460,silent,95470286
12,19|10|6|4|4|4|1,7,7056,34419451,silent,34412395
12,19|10|6|4|4|3|2,7,12567,83050893,silent,83038326
12,19|10|6|4|3|3|3,7,2847,33585738,silent,33582891
12,19|10|5|5|5|3|1,7,4901,29942664,silent,29937763
12,19|10|5|5|5|2|2,7,3333,23147398,silent,23144065
12,19|10|5|5|4|4|1,7,4635,26977035,silent,26972400
12,19|10|5|5|4|3|2,7,8144,61089843,silent,61081699
12,19|10|5|5|3|3|3,7,1824,20205126,silent,20203302
12,19|10|5|4|4|4|2,7,3706,23463847,silent,23460141
12,19|10|5|4|4|3|3,7,2438,23712079,silent,23709641
12,19|10|4|4|4|4|3,7,705,4566919,silent,4566214
12,19|9|9|8|1|1|1,7,966,1941034,silent,1940068
12,19|9|9|7|2|1|1,7,5426,13030427,silent,13025001
12,19|9|9|6|3|1|1,7,11006,31666446,silent,31655440
12,19|9|9|6|2|2|1,7,9302,27224185,silent,27214883
12,19|9|9|5|4|1|1,7,10290,32112653,silent,32102363
12,19|9|9|5|3|2|1,7,17335,61693375,silent,61676040
12,19|9|9|5|2|2|2,7,5605,20553098,silent,20547493
12,19|9|9|4|4|2|1,7,9952,36425934,silent,36415982
12,19|9|9|4|3|3|1,7,7128,32274226,silent,32267098
12,19|9|9|4|3|2|2,7,7566,33933296,silent,33925730
12,19|9|9|3|3|3|2,7,1768,11816844,silent,11815076
12,19|9|8|8|2|1|1,7,3172,8044666,silent,8041494
12,19|9|8|7|3|1|1,7,11958,36705374,silent,36693416
12,19|9|8|7|2|2|1,7,10008,31131013,silent,31121005
12,19|9|8|6|4|1|1,7,17991,61776668,silent,61758677
12,19|9|8|6|3|2|1,7,28355,109788639,silent,109760284
12,19|9|8|6|2|2|2,7,9010,35338942,silent,35329932
12,19|9|8|5|5|1|1,7,8969,33170080,silent,33161111
12,19|9|8|5|4|2|1,7,30228,127467044,silent,127436816
12,19|9|8|5|3|3|1,7,17905,91112660,silent,91094755
12,19|9|8|5|3|2|2,7,18169,92856244,silent,92838075
12,19|9|8|4|4|3|1,7,13849,68691522,silent,68677673
12,19|9|8|4|4|2|2,7,11306,58128507,silent,58117201
12,19|9|8|4|3|3|2,7,9206,64964219,silent,64955013
12,19|9|8|3|3|3|3,7,756,10038516,silent,10037760
12,19|9|7|7|4|1|1,7,9363,33504419,silent,33495056
12,19|9|7|7|3|2|1,7,14070,57871496,silent,57857426
12,19|9|7|7|2|2|2,7,4159,18337148,silent,18332989
12,19|9|7|6|5|1|1,7,11518,45689039,silent,45677521
12,19|9|7|6|4|2|1,7,30651,139457407,silent,139426756
12,19|9|7|6|3|3|1,7,17241,93489714,silent,93472473
12,19|9|7|6|3|2|2,7,17088,93946027,silent,93928939
12,19|9|7|5|5|2|1,7,16693,83922230,silent,83905537
12,19|9|7|5|4|3|1,7,26809,152163632,silent,152136823
12,19|9|7|5|4|2|2,7,20658,124876751,silent,124856093
12,19|9|7|5|3|3|2,7,14728,113185169,silent,113170441
12,19|9|7|4|4|4|1,7,7048,38489867,silent,38482819
12,19|9|7|4|4|3|2,7,12665,91882123,silent,91869458
12,19|9|7|4|3|3|3,7,3035,36474753,silent,36471718
12,19|9|6|6|6|1|1,7,2210,9457717,silent,9455507
12,19|9|6|6|5|2|1,7,11550,59292670,silent,59281120
12,19|9|6|6|4|3|1,7,14855,87779195,silent,87764340
12,19|9|6|6|4|2|2,7,11707,71257709,silent,71246002
12,19|9|6|6|3|3|2,7,7581,60965413,silent,60957832
12,19|9|6|5|5|3|1,7,10735,71378599,silent,71367864
12,19|9|6|5|5|2|2,7,7630,54713035,silent,54705405
12,19|9|6|5|4|4|1,7,9477,59948809,silent,59939332
12,19|9|6|5|4|3|2,7,16298,133001970,silent,132985672
12,19|9|6|5|3|3|3,7,3380,42318860,silent,42315480
12,19|9|6|4|4|4|2,7,5588,40352298,silent,40346710
12,19|9|6|4|4|3|3,7,3727,40102613,silent,40098886
12,19|9|5|5|5|4|1,7,2338,18752375,silent,18750037
12,19|9|5|5|5|3|2,7,3411,33358340,silent,33354929
12,19|9|5|5|4|4|2,7,3645,32695641,silent,32691996
12,19|9|5|5|4|3|3,7,2666,30767831,silent,30765165
12,19|9|5|4|4|4|3,7,1704,15304037,silent,15302333
12,19|9|4|4|4|4|4,7,248,1382398,silent,1382150
12,19|8|8|8|3|1|1,7,1898,6288496,silent,6286598
12,19|8|8|8|2|2|1,7,1688,5306393,silent,5304705
12,19|8|8|7|4|1|1,7,5543,20616180,silent,20610637
12,19|8|8|7|3|2|1,7,8431,35354388,silent,35345957
12,19|8|8|7|2|2|2,7,2635,11174467,silent,11171832
12,19|8|8|6|5|1|1,7,5566,22959294,silent,22953728
12,19|8|8|6|4|2|1,7,14818,69028207,silent,69013389
12,19|8|8|6|3|3|1,7,8120,45944575,silent,45936455
12,19|8|8|6|3|2|2,7,8264,46097864,silent,46089600
12,19|8|8|5|5|2|1,7,7583,39238239,silent,39230656
12,19|8|8|5|4|3|1,7,11971,70137575,silent,70125604
12,19|8|8|5|4|2|2,7,9362,57452769,silent,57443407
12,19|8|8|5|3|3|2,7,6420,51685252,silent,51678832
12,19|8|8|4|4|4|1,7,3104,17263423,silent,17260319
12,19|8|8|4|4|3|2,7,5509,40996283,silent,40990774
12,19|8|8|4|3|3|3,7,1254,16128321,silent,16127067
12,19|8|7|7|5|1|1,7,3942,16821458,silent,16817516
12,19|8|7|7|4|2|1,7,9354,47171807,silent,47162453
12,19|8|7|7|3|3|1,7,5260,30692941,silent,30687681
12,19|8|7|7|3|2|2,7,4927,30549339,silent,30544412
12,19|8|7|6|6|1|1,7,2688,12188176,silent,12185488
12,19|8|7|6|5|2|1,7,12758,70374296,silent,70361538
12,19|8|7|6|4|3|1,7,15943,100807503,silent,100791560
12,19|8|7|6|4|2|2,7,12185,81405461,silent,81393276
12,19|8|7|6|3|3|2,7,8106,68710156,silent,68702050
12,19|8|7|5|5|3|1,7,9547,66920089,silent,66910542
12,19|8|7|5|5|2|2,7,6675,51047973,silent,51041298
12,19|8|7|5|4|4|1,7,8028,54642763,silent,54634735
12,19|8|7|5|4|3|2,7,13791,120057945,silent,120044154
12,19|8|7|5|3|3|3,7,2919,37555222,silent,37552303
12,19|8|7|4|4|4|2,7,4274,33827925,silent,33823651
12,19|8|7|4|4|3|3,7,2915,33364260,silent,33361345
12,19|8|6|6|6|2|1,7,2924,16380748,silent,16377824
12,19|8|6|6|5|3|1,7,7228,52117985,silent,52110757
12,19|8|6|6|5|2|2,7,5321,39337368,silent,39332047
12,19|8|6|6|4|4|1,7,5131,35345771,silent,35340640
12,19|8|6|6|4|3|2,7,8478,75498459,silent,75489981
12,19|8|6|6|3|3|3,7,1537,22120315,silent,22118778
12,19|8|6|5|5|4|1,7,4331,36658914,silent,36654583
12,19|8|6|5|5|3|2,7,6169,63976046,silent,63969877
12,19|8|6|5|4|4|2,7,6271,58615831,silent,58609560
12,19|8|6|5|4|3|3,7,4266,54236226,silent,54231960
12,19|8|6|4|4|4|3,7,2170,21435261,silent,21433091
12,19|8|5|5|5|5|1,7,442,4836870,silent,4836428
12,19|8|5|5|5|4|2,7,1535,19666057,silent,19664522
12,19|8|5|5|5|3|3,7,1066,14884531,silent,14883465
12,19|8|5|5|4|4|3,7,1459,18398148,silent,18396689
12,19|8|5|4|4|4|4,7,475,3967995,silent,3967520
12,19|7|7|7|6|1|1,7,667,3239150,silent,3238483
12,19|7|7|7|5|2|1,7,2398,14751652,silent,14749254
12,19|7|7|7|4|3|1,7,2833,19637616,silent,19634783
12,19|7|7|7|4|2|2,7,1993,15709724,silent,15707731
12,19|7|7|7|3|3|2,7,1450,12924232,silent,12922782
12,19|7|7|6|6|2|1,7,1899,11797959,silent,11796060
12,19|7|7|6|5|3|1,7,4625,35081224,silent,35076599
12,19|7|7|6|5|2|2,7,3193,26350776,silent,26347583
12,19|7|7|6|4|4|1,7,3038,23205264,silent,23202226
12,19|7|7|6|4|3|2,7,5125,49203600,silent,49198475
12,19|7|7|6|3|3|3,7,1057,14234909,silent,14233852
12,19|7|7|5|5|4|1,7,2267,19988518,silent,19986251
12,19|7|7|5|5|3|2,7,3240,34611326,silent,34608086
12,19|7|7|5|4|4|2,7,3009,30930276,silent,30927267
12,19|7|7|5|4|3|3,7,2175,28461765,silent,28459590
12,19|7|7|4|4|4|3,7,958,10534166,silent,10533208
12,19|7|6|6|6|3|1,7,1433,10924616,silent,10923183
12,19|7|6|6|6|2|2,7,1051,7996598,silent,7995547
12,19|7|6|6|5|4|1,7,2312,20193209,silent,20190897
12,19|7|6|6|5|3|2,7,3168,33998643,silent,33995475
12,19|7|6|6|4|4|2,7,2557,25254353,silent,25251796
12,19|7|6|6|4|3|3,7,1617,22649645,silent,22648028
12,19|7|6|5|5|5|1,7,595,7062019,silent,7061424
12,19|7|6|5|5|4|2,7,2156,27738752,silent,27736596
12,19|7|6|5|5|3|3,7,1339,20679079,silent,20677740
12,19|7|6|5|4|4|3,7,1844,23996634,silent,23994790
12,19|7|6|4|4|4|4,7,444,4108690,silent,4108246
12,19|7|5|5|5|5|2,7,251,4247046,silent,4246795
12,19|7|5|5|5|4|3,7,520,9219080,silent,9218560
12,19|7|5|5|4|4|4,7,266,3941864,silent,3941598
12,19|6|6|6|6|4|1,7,329,2564472,silent,2564143
12,19|6|6|6|6|3|2,7,407,3991156,silent,3990749
12,19|6|6|6|5|5|1,7,188,2318574,silent,2318386
12,19|6|6|6|5|4|2,7,713,8442019,silent,8441306
12,19|6|6|6|5|3|3,7,352,6108386,silent,6108034
12,19|6|6|6|4|4|3,7,469,5803478,silent,5803009
12,19|6|6|5|5|5|2,7,160,3373351,silent,3373191
12,19|6|6|5|5|4|3,7,395,7141293,silent,7140898
12,19|6|6|5|4|4|4,7,231,2873759,silent,2873528
12,19|6|5|5|5|5|3,7,72,1565901,silent,1565829
12,19|6|5|5|5|4|4,7,55,1542366,silent,1542311
12,19|5|5|5|5|5|4,7,12,184699,silent,184687
12,18|18|8|1|1|1|1,7,23,21871,silent,21848
12,18|18|7|2|1|1|1,7,108,98036,silent,97928
12,18|18|6|3|1|1|1,7,212,190954,silent,190742
12,18|18|6|2|2|1|1,7,222,170742,silent,170520
12,18|18|5|4|1|1|1,7,179,171487,silent,171308
12,18|18|5|3|2|1|1,7,412,342601,silent,342189
12,18|18|5|2|2|2|1,7,239,140650,silent,140411
12,18|18|4|4|2|1|1,7,195,189115,silent,188920
12,18|18|4|3|3|1|1,7,167,168815,silent,168648
12,18|18|4|3|2|2|1,7,270,216192,silent,215922
12,18|18|4|2|2|2|2,7,117,48849,silent,48732
12,18|18|3|3|3|2|1,7,50,73323,silent,73273
12,18|18|3|3|2|2|2,7,39,39907,silent,39868
12,18|17|9|1|1|1|1,7,47,56704,silent,56657
12,18|17|8|2|1|1|1,7,312,296280,silent,295968
12,18|17|7|3|1|1|1,7,698,696184,silent,695486
12,18|17|7|2|2|1|1,7,760,612988,silent,612228
12,18|17|6|4|1|1|1,7,802,857480,silent,856678
12,18|17|6|3|2|1|1,7,1601,1565380,silent,1563779
12,18|17|6|2|2|2|1,7,843,615347,silent,614504
12,18|17|5|5|1|1|1,7,393,405347,silent,404954
12,18|17|5|4|2|1|1,7,1487,1545211,silent,1543724
12,18|17|5|3|3|1|1,7,885,1094470,silent,1093585
12,18|17|5|3|2|2|1,7,1370,1354412,silent,1353042
12,18|17|5|2|2|2|2,7,388,272193,silent,271805
12,18|17|4|4|3|1|1,7,605,759009,silent,758404
12,18|17|4|4|2|2|1,7,777,783857,silent,783080
12,18|17|4|3|3|2|1,7,578,865557,silent,864979
12,18|17|4|3|2|2|2,7,432,437551,silent,437119
12,18|17|3|3|3|3|1,7,39,134053,silent,134014
12,18|17|3|3|3|2|2,7,70,161882,silent,161812
12,18|16|10|1|1|1|1,7,85,92791,silent,92706
12,18|16|9|2|1|1|1,7,557,557695,silent,557138
12,18|16|8|3|1|1|1,7,1437,1540707,silent,1539270
12,18|16|8|2|2|1|1,7,1447,1341403,silent,1339956
12,18|16|7|4|1|1|1,7,2049,2387470,silent,2385421
12,18|16|7|3|2|1|1,7,3784,4174533,silent,4170749
12,18|16|7|2|2|2|1,7,1829,1601453,silent,1599624
12,18|16|6|5|1|1|1,7,1576,1930727,silent,1929151
12,18|16|6|4|2|1|1,7,4638,5706221,silent,5701583
12,18|16|6|3|3|1|1,7,2682,3744998,silent,3742316
12,18|16|6|3|2|2|1,7,3859,4551564,silent,4547705
12,18|16|6|2|2|2|2,7,1017,873835,silent,872818
12,18|16|5|5|2|1|1,7,2239,2798036,silent,2795797
12,18|16|5|4|3|1|1,7,3247,4744080,silent,4740833
12,18|16|5|4|2|2|1,7,3648,4715816,silent,4712168
12,18|16|5|3|3|2|1,7,2407,4174447,silent,4172040
12,18|16|5|3|2|2|2,7,1501,2019191,silent,2017690
12,18|16|4|4|4|1|1,7,672,1042339,silent,1041667
12,18|16|4|4|3|2|1,7,1815,3021006,silent,3019191
12,18|16|4|4|2|2|2,7,951,1201240,silent,1200289
12,18|16|4|3|3|3|1,7,412,1214350,silent,1213938
12,18|16|4|3|3|2|2,7,607,1426382,silent,1425775
12,18|16|3|3|3|3|2,7,48,288092,silent,288044
12,18|15|11|1|1|1|1,7,88,109446,silent,109358
12,18|15|10|2|1|1|1,7,727,763225,silent,762498
12,18|15|9|3|1|1|1,7,2135,2463204,silent,2461069
12,18|15|9|2|2|1|1,7,2165,2132054,silent,2129889
12,18|15|8|4|1|1|1,7,3612,4604601,silent,4600989
12,18|15|8|3|2|1|1,7,6407,7867391,silent,7860984
12,18|15|8|2|2|2|1,7,2947,2976891,silent,2973944
12,18|15|7|5|1|1|1,7,3754,5069449,silent,5065695
12,18|15|7|4|2|1|1,7,9899,13637703,silent,13627804
12,18|15|7|3|3|1|1,7,5444,8632423,silent,8626979
12,18|15|7|3|2|2|1,7,7547,10376868,silent,10369321
12,18|15|7|2|2|2|2,7,1723,1933008,silent,1931285
12,18|15|6|6|1|1|1,7,1540,2260136,silent,2258596
12,18|15|6|5|2|1|1,7,7764,11582060,silent,11574296
12,18|15|6|4|3|1|1,7,9054,15395581,silent,15386527
12,18|15|6|4|2|2|1,7,9738,15022581,silent,15012843
12,18|15|6|3|3|2|1,7,6202,12328690,silent,12322488
12,18|15|6|3|2|2|2,7,3622,5833007,silent,5829385
12,18|15|5|5|3|1|1,7,4620,8168976,silent,8164356
12,18|15|5|5|2|2|1,7,4426,7518886,silent,7514460
12,18|15|5|4|4|1|1,7,3459,6202541,silent,6199082
12,18|15|5|4|3|2|1,7,8043,16418520,silent,16410477
12,18|15|5|4|2|2|2,7,3441,6229247,silent,6225806
12,18|15|5|3|3|3|1,7,1627,5167228,silent,5165601
12,18|15|5|3|3|2|2,7,2248,5964931,silent,5962683
12,18|15|4|4|4|2|1,7,2027,3979708,silent,3977681
12,18|15|4|4|3|3|1,7,1388,4042223,silent,4040835
12,18|15|4|4|3|2|2,7,1814,4426701,silent,4424887
12,18|15|4|3|3|3|2,7,418,2283061,silent,2282643
12,18|15|3|3|3|3|3,7,12,223569,silent,223557
12,18|14|12|1|1|1|1,7,81,90159,silent,90078
12,18|14|11|2|1|1|1,7,705,763278,silent,762573
12,18|14|10|3|1|1|1,7,2408,2922333,silent,2919925
12,18|14|10|2|2|1|1,7,2329,2518572,silent,2516243
12,18|14|9|4|1|1|1,7,4803,6537474,silent,6532671
12,18|14|9|3|2|1|1,7,8276,11020207,silent,11011931
12,18|14|9|2|2|2|1,7,3663,4134094,silent,4130431
12,18|14|8|5|1|1|1,7,6109,9058008,silent,9051899
12,18|14|8|4|2|1|1,7,15151,23305286,silent,23290135
12,18|14|8|3|3|1|1,7,8386,14483740,silent,14475354
12,18|14|8|3|2|2|1,7,11189,17301582,silent,17290393
12,18|14|8|2|2|2|2,7,2523,3178708,silent,3176185
12,18|14|7|6|1|1|1,7,4362,6907738,silent,6903376
12,18|14|7|5|2|1|1,7,16195,27203558,silent,27187363
12,18|14|7|4|3|1|1,7,17331,33159093,silent,33141762
12,18|14|7|4|2|2|1,7,17869,31994998,silent,31977129
12,18|14|7|3|3|2|1,7,11336,25370111,silent,25358775
12,18|14|7|3|2|2|2,7,6170,11837910,silent,11831740
12,18|14|6|6|2|1|1,7,6895,12455172,silent,12448277
12,18|14|6|5|3|1|1,7,15037,31000898,silent,30985861
12,18|14|6|5|2|2|1,7,14193,28050947,silent,28036754
12,18|14|6|4|4|1|1,7,8857,18884977,silent,18876120
12,18|14|6|4|3|2|1,7,20145,47972185,silent,47952040
12,18|14|6|4|2|2|2,7,8314,17807825,silent,17799511
12,18|14|6|3|3|3|1,7,3974,13832515,silent,13828541
12,18|14|6|3|3|2|2,7,5140,15808096,silent,15802956
12,18|14|5|5|4|1|1,7,5646,12575107,silent,12569461
12,18|14|5|5|3|2|1,7,10145,26048694,silent,26038549
12,18|14|5|5|2|2|2,7,3551,9045324,silent,9041773
12,18|14|5|4|4|2|1,7,8527,21468554,silent,21460027
12,18|14|5|4|3|3|1,7,6011,20253144,silent,20247133
12,18|14|5|4|3|2|2,7,7007,21736380,silent,21729373
12,18|14|5|3|3|3|2,7,1603,8794486,silent,8792883
12,18|14|4|4|4|3|1,7,2085,6308400,silent,6306315
12,18|14|4|4|4|2|2,7,2011,5548911,silent,5546900
12,18|14|4|4|3|3|2,7,1411,7048224,silent,7046813
12,18|14|4|3|3|3|3,7,126,1635824,silent,1635698
12,18|13|13|1|1|1|1,7,24,35019,silent,34995
12,18|13|12|2|1|1|1,7,435,482890,silent,482455
12,18|13|11|3|1|1|1,7,1929,2432191,silent,2430262
12,18|13|11|2|2|1|1,7,1913,2092485,silent,2090572
12,18|13|10|4|1|1|1,7,4690,6736372,silent,6731682
12,18|13|10|3|2|1|1,7,7954,11268907,silent,11260953
12,18|13|10|2|2|2|1,7,3457,4206969,silent,4203512
12,18|13|9|5|1|1|1,7,7329,11597544,silent,11590215
12,18|13|9|4|2|1|1,7,17681,29129076,silent,29111395
12,18|13|9|3|3|1|1,7,9545,17907815,silent,17898270
12,18|13|9|3|2|2|1,7,12583,21303752,silent,21291169
12,18|13|9|2|2|2|2,7,2607,3869711,silent,3867104
12,18|13|8|6|1|1|1,7,7024,12137444,silent,12130420
12,18|13|8|5|2|1|1,7,23422,43443343,silent,43419921
12,18|13|8|4|3|1|1,7,24184,50869111,silent,50844927
12,18|13|8|4|2|2|1,7,24448,48773371,silent,48748923
12,18|13|8|3|3|2|1,7,15468,37980890,silent,37965422
12,18|13|8|3|2|2|2,7,8167,17585253,silent,17577086
12,18|13|7|7|1|1|1,7,3059,5316385,silent,5313326
12,18|13|7|6|2|1|1,7,17273,34371733,silent,34354460
12,18|13|7|5|3|1|1,7,28689,66308414,silent,66279725
12,18|13|7|5|2|2|1,7,26215,59352948,silent,59326733
12,18|13|7|4|4|1|1,7,15776,37516619,silent,37500843
12,18|13|7|4|3|2|1,7,34509,93159075,silent,93124566
12,18|13|7|4|2|2|2,7,13308,34097385,silent,34084077
12,18|13|7|3|3|3|1,7,6798,25791991,silent,25785193
12,18|13|7|3|3|2|2,7,8589,29295486,silent,29286897
12,18|13|6|6|3|1|1,7,12945,31696789,silent,31683844
12,18|13|6|6|2|2|1,7,11798,27741429,silent,27729631
12,18|13|6|5|4|1|1,7,17316,45272363,silent,45255047
12,18|13|6|5|3|2|1,7,30594,90093091,silent,90062497
12,18|13|6|5|2|2|2,7,10697,30647493,silent,30636796
12,18|13|6|4|4|2|1,7,20117,59564286,silent,59544169
12,18|13|6|4|3|3|1,7,14130,54290266,silent,54276136
12,18|13|6|4|3|2|2,7,15983,57666870,silent,57650887
12,18|13|6|3|3|3|2,7,3565,21390210,silent,21386645
12,18|13|5|5|5|1|1,7,3143,9117807,silent,9114664
12,18|13|5|5|4|2|1,7,12349,40612785,silent,40600436
12,18|13|5|5|3|3|1,7,7653,30744540,silent,30736887
12,18|13|5|5|3|2|2,7,7945,31855840,silent,31847895
12,18|13|5|4|4|3|1,7,8439,31766265,silent,31757826
12,18|13|5|4|4|2|2,7,7148,27359365,silent,27352217
12,18|13|5|4|3|3|2,7,5787,32365661,silent,32359874
12,18|13|5|3|3|3|3,7,481,5809646,silent,5809165
12,18|13|4|4|4|4|1,7,1270,4148416,silent,4147146
12,18|13|4|4|4|3|2,7,2247,10609746,silent,10607499
12,18|13|4|4|3|3|3,7,453,4843043,silent,4842590
12,18|12|12|3|1|1|1,7,746,949588,silent,948842
12,18|12|12|2|2|1|1,7,675,815238,silent,814563
12,18|12|11|4|1|1|1,7,2940,4344403,silent,4341463
12,18|12|11|3|2|1|1,7,4942,7237641,silent,7232699
12,18|12|11|2|2|2|1,7,2110,2694447,silent,2692337
12,18|12|10|5|1|1|1,7,6057,10094613,silent,10088556
12,18|12|10|4|2|1|1,7,14281,25039935,silent,25025654
12,18|12|10|3|3|1|1,7,7857,15312628,silent,15304771
12,18|12|10|3|2|2|1,7,10144,18179456,silent,18169312
12,18|12|10|2|2|2|2,7,2180,3292395,silent,3290215
12,18|12|9|6|1|1|1,7,7706,14066056,silent,14058350
12,18|12|9|5|2|1|1,7,24283,48153398,silent,48129115
12,18|12|9|4|3|1|1,7,24565,55231881,silent,55207316
12,18|12|9|4|2|2|1,7,24414,52747975,silent,52723561
12,18|12|9|3|3|2|1,7,15478,40678279,silent,40662801
12,18|12|9|3|2|2|2,7,7933,18741064,silent,18733131
12,18|12|8|7|1|1|1,7,5589,10711259,silent,10705670
12,18|12|8|6|2|1|1,7,24474,53437607,silent,53413133
12,18|12|8|5|3|1|1,7,37440,94208946,silent,94171506
12,18|12|8|5|2|2|1,7,33768,83837587,silent,83803819
12,18|12|8|4|4|1|1,7,19598,51570082,silent,51550484
12,18|12|8|4|3|2|1,7,42846,126485763,silent,126442917
12,18|12|8|4|2|2|2,7,16390,45965773,silent,45949383
12,18|12|8|3|3|3|1,7,8463,34270758,silent,34262295
12,18|12|8|3|3|2|2,7,10293,38780604,silent,38770311
12,18|12|7|7|2|1|1,7,10705,23984370,silent,23973665
12,18|12|7|6|3|1|1,7,29285,79179270,silent,79149985
12,18|12|7|6|2|2|1,7,25547,68538653,silent,68513106
12,18|12|7|5|4|1|1,7,30520,88838191,silent,88807671
12,18|12|7|5|3|2|1,7,52455,172978793,silent,172926338
12,18|12|7|5|2|2|2,7,17545,58082532,silent,58064987
12,18|12|7|4|4|2|1,7,31612,106241701,silent,106210089
12,18|12|7|4|3|3|1,7,22439,95140844,silent,95118405
12,18|12|7|4|3|2|2,7,24529,100403560,silent,100379031
12,18|12|7|3|3|3|2,7,5613,35789809,silent,35784196
12,18|12|6|6|4|1|1,7,14879,46264434,silent,46249555
12,18|12|6|6|3|2|1,7,24618,84546518,silent,84521900
12,18|12|6|6|2|2|2,7,8382,27656388,silent,27648006
12,18|12|6|5|5|1|1,7,9902,32711354,silent,32701452
12,18|12|6|5|4|2|1,7,35547,133014969,silent,132979422
12,18|12|6|5|3|3|1,7,21331,97283899,silent,97262568
12,18|12|6|5|3|2|2,7,22099,99847764,silent,99825665
12,18|12|6|4|4|3|1,7,18402,80730659,silent,80712257
12,18|12|6|4|4|2|2,7,15604,68832141,silent,68816537
12,18|12|6|4|3|3|2,7,12389,78671561,silent,78659172
12,18|12|6|3|3|3|3,7,1066,12872573,silent,12871507
12,18|12|5|5|5|2|1,7,6462,28215076,silent,28208614
12,18|12|5|5|4|3|1,7,11941,57484227,silent,57472286
12,18|12|5|5|4|2|2,7,9178,47797000,silent,47787822
12,18|12|5|5|3|3|2,7,6925,45423249,silent,45416324
12,18|12|5|4|4|4|1,7,4501,19899054,silent,19894553
12,18|12|5|4|4|3|2,7,8151,48913826,silent,48905675
12,18|12|5|4|3|3|3,7,1912,20521151,silent,20519239
12,18|12|4|4|4|4|2,7,1513,7117546,silent,7116033
12,18|12|4|4|4|3|3,7,834,7399268,silent,7398434
12,18|11|11|5|1|1|1,7,2403,4043194,silent,4040791
12,18|11|11|4|2|1|1,7,5673,9967998,silent,9962325
12,18|11|11|3|3|1|1,7,2968,6074467,silent,6071499
12,18|11|11|3|2|2|1,7,3886,7200777,silent,7196891
12,18|11|11|2|2|2|2,7,719,1294334,silent,1293615
12,18|11|10|6|1|1|1,7,5062,9636026,silent,9630964
12,18|11|10|5|2|1|1,7,15599,32318389,silent,32302790
12,18|11|10|4|3|1|1,7,15652,36698599,silent,36682947
12,18|11|10|4|2|2|1,7,15466,34980713,silent,34965247
12,18|11|10|3|3|2|1,7,9801,26841951,silent,26832150
12,18|11|10|3|2|2|2,7,4977,12337361,silent,12332384
12,18|11|9|7|1|1|1,7,5638,11302613,silent,11296975
12,18|11|9|6|2|1|1,7,22469,51501952,silent,51479483
12,18|11|9|5|3|1|1,7,32702,87236653,silent,87203951
12,18|11|9|5|2|2|1,7,29109,77341466,silent,77312357
12,18|11|9|4|4|1|1,7,17060,47009588,silent,46992528
12,18|11|9|4|3|2|1,7,36437,114466162,silent,114429725
12,18|11|9|4|2|2|2,7,13375,41383523,silent,41370148
12,18|11|9|3|3|3|1,7,7205,30672666,silent,30665461
12,18|11|9|3|3|2|2,7,8805,34636758,silent,34627953
12,18|11|8|8|1|1|1,7,2403,5129169,silent,5126766
12,18|11|8|7|2|1|1,7,17067,41663151,silent,41646084
12,18|11|8|6|3|1|1,7,36660,106851289,silent,106814629
12,18|11|8|6|2|2|1,7,31633,91967869,silent,91936236
12,18|11|8|5|4|1|1,7,35062,110455973,silent,110420911
12,18|11|8|5|3|2|1,7,59697,212547849,silent,212488152
12,18|11|8|5|2|2|2,7,19761,70872074,silent,70852313
12,18|11|8|4|4|2|1,7,34613,126429920,silent,126395307
12,18|11|8|4|3|3|1,7,24606,112121087,silent,112096481
12,18|11|8|4|3|2|2,7,26546,117900241,silent,117873695
12,18|11|8|3|3|3|2,7,6082,41167293,silent,41161211
12,18|11|7|7|3|1|1,7,16500,49942257,silent,49925757
12,18|11|7|7|2|2|1,7,13660,42443746,silent,42430086
12,18|11|7|6|4|1|1,7,30772,104186199,silent,104155427
12,18|11|7|6|3|2|1,7,48740,186323797,silent,186275057
12,18|11|7|6|2|2|2,7,15377,60125398,silent,60110021
12,18|11|7|5|5|1|1,7,16190,59242583,silent,59226393
12,18|11|7|5|4|2|1,7,55409,230793541,silent,230738132
12,18|11|7|5|3|3|1,7,33243,165917897,silent,165884654
12,18|11|7|5|3|2|2,7,33650,169240764,silent,169207114
12,18|11|7|4|4|3|1,7,26222,128037699,silent,128011477
12,18|11|7|4|4|2|2,7,21291,108443044,silent,108421753
12,18|11|7|4|3|3|2,7,17764,121912802,silent,121895038
12,18|11|7|3|3|3|3,7,1505,19101669,silent,19100164
12,18|11|6|6|5|1|1,7,10157,39060142,silent,39049985
12,18|11|6|6|4|2|1,7,28533,123418738,silent,123390205
12,18|11|6|6|3|3|1,7,16001,83809670,silent,83793669
12,18|11|6|6|3|2|2,7,16403,84561144,silent,84544741
12,18|11|6|5|5|2|1,7,18839,91028281,silent,91009442
12,18|11|6|5|4|3|1,7,31300,170375363,silent,170344063
12,18|11|6|5|4|2|2,7,24521,140335857,silent,140311336
12,18|11|6|5|3|3|2,7,17430,128853130,silent,128835700
12,18|11|6|4|4|4|1,7,8970,46367191,silent,46358221
12,18|11|6|4|4|3|2,7,16201,111550638,silent,111534437
12,18|11|6|4|3|3|3,7,3838,44962642,silent,44958804
12,18|11|5|5|5|3|1,7,6349,40020833,silent,40014484
12,18|11|5|5|5|2|2,7,4423,30889343,silent,30884920
12,18|11|5|5|4|4|1,7,5940,35947599,silent,35941659
12,18|11|5|5|4|3|2,7,10496,81154176,silent,81143680
12,18|11|5|5|3|3|3,7,2359,26743971,silent,26741612
12,18|11|5|4|4|4|2,7,4573,30981345,silent,30976772
12,18|11|5|4|4|3|3,7,3136,31252840,silent,31249704
12,18|11|4|4|4|4|3,7,834,5956239,silent,5955405
12,18|10|10|7|1|1|1,7,2317,4875440,silent,4873123
12,18|10|10|6|2|1|1,7,8936,21515980,silent,21507044
12,18|10|10|5|3|1|1,7,13069,35885065,silent,35871996
12,18|10|10|5|2|2|1,7,11665,31784712,silent,31773047
12,18|10|10|4|4|1|1,7,6567,19203557,silent,19196990
12,18|10|10|4|3|2|1,7,14422,46644855,silent,46630433
12,18|10|10|4|2|2|2,7,5539,16856602,silent,16851063
12,18|10|10|3|3|3|1,7,2870,12432139,silent,12429269
12,18|10|10|3|3|2|2,7,3337,14023448,silent,14020111
12,18|10|9|8|1|1|1,7,2387,5229449,silent,5227062
12,18|10|9|7|2|1|1,7,13083,33341420,silent,33328337
12,18|10|9|6|3|1|1,7,25860,78778438,silent,78752578
12,18|10|9|6|2|2|1,7,22035,67586565,silent,67564530
12,18|10|9|5|4|1|1,7,23890,78772315,silent,78748425
12,18|10|9|5|3|2|1,7,40332,150654353,silent,150614021
12,18|10|9|5|2|2|2,7,13115,50035101,silent,50021986
12,18|10|9|4|4|2|1,7,22953,88331211,silent,88308258
12,18|10|9|4|3|3|1,7,16405,77958704,silent,77942299
12,18|10|9|4|3|2|2,7,17480,81810340,silent,81792860
12,18|10|9|3|3|3|2,7,4067,28285883,silent,28281816
12,18|10|8|8|2|1|1,7,6106,16501403,silent,16495297
12,18|10|8|7|3|1|1,7,22160,71525011,silent,71502851
12,18|10|8|7|2|2|1,7,18430,60508157,silent,60489727
12,18|10|8|6|4|1|1,7,32269,117268369,silent,117236100
12,18|10|8|6|3|2|1,7,50980,207456492,silent,207405512
12,18|10|8|6|2|2|2,7,16220,66540048,silent,66523828
12,18|10|8|5|5|1|1,7,16132,62264494,silent,62248362
12,18|10|8|5|4|2|1,7,53517,237497821,silent,237444304
12,18|10|8|5|3|3|1,7,31902,169169332,silent,169137430
12,18|10|8|5|3|2|2,7,32039,172016105,silent,171984066
12,18|10|8|4|4|3|1,7,24132,126644821,silent,126620689
12,18|10|8|4|4|2|2,7,19934,106940662,silent,106920728
12,18|10|8|4|3|3|2,7,16196,119071882,silent,119055686
12,18|10|8|3|3|3|3,7,1447,18264002,silent,18262555
12,18|10|7|7|4|1|1,7,15720,58972046,silent,58956326
12,18|10|7|7|3|2|1,7,23538,101401154,silent,101377616
12,18|10|7|7|2|2|2,7,6895,32018944,silent,32012049
12,18|10|7|6|5|1|1,7,18845,78572134,silent,78553289
12,18|10|7|6|4|2|1,7,49802,238082030,silent,238032228
12,18|10|7|6|3|3|1,7,28080,159048221,silent,159020141
12,18|10|7|6|3|2|2,7,27727,159475938,silent,159448211
12,18|10|7|5|5|2|1,7,26928,141667904,silent,141640976
12,18|10|7|5|4|3|1,7,42893,255292013,silent,255249120
12,18|10|7|5|4|2|2,7,32966,209044819,silent,209011853
12,18|10|7|5|3|3|2,7,23701,188801398,silent,188777697
12,18|10|7|4|4|4|1,7,11017,64010574,silent,63999557
12,18|10|7|4|4|3|2,7,19962,152215320,silent,152195358
12,18|10|7|4|3|3|3,7,4906,60136250,silent,60131344
12,18|10|6|6|6|1|1,7,3404,15596368,silent,15592964
12,18|10|6|6|5|2|1,7,17915,96654542,silent,96636627
12,18|10|6|6|4|3|1,7,22840,142215829,silent,142192989
12,18|10|6|6|4|2|2,7,18099,115189680,silent,115171581
12,18|10|6|6|3|3|2,7,11678,98210340,silent,98198662
12,18|10|6|5|5|3|1,7,16536,114360993,silent,114344457
12,18|10|6|5|5|2|2,7,11600,87455083,silent,87443483
12,18|10|6|5|4|4|1,7,14279,95607125,silent,95592846
12,18|10|6|5|4|3|2,7,24738,211313606,silent,211288868
12,18|10|6|5|3|3|3,7,5269,66927213,silent,66921944
12,18|10|6|4|4|4|2,7,8313,63555285,silent,63546972
12,18|10|6|4|4|3|3,7,5500,62981119,silent,62975619
12,18|10|5|5|5|4|1,7,3508,29223006,silent,29219498
12,18|10|5|5|5|3|2,7,5143,51790330,silent,51785187
12,18|10|5|5|4|4|2,7,5294,50534118,silent,50528824
12,18|10|5|5|4|3|3,7,3971,47424540,silent,47420569
12,18|10|5|4|4|4|3,7,2411,23385181,silent,23382770
12,18|10|4|4|4|4|4,7,362,2077301,silent,2076939
12,18|9|9|9|1|1|1,7,407,854822,silent,854415
12,18|9|9|8|2|1|1,7,3643,9806157,silent,9802514
12,18|9|9|7|3|1|1,7,10279,34165864,silent,34155585
12,18|9|9|7|2|2|1,7,8372,28807763,silent,28799391
12,18|9|9|6|4|1|1,7,14176,52299882,silent,52285706
12,18|9|9|6|3|2|1,7,21797,92028923,silent,92007126
12,18|9|9|6|2|2|2,7,6520,29387966,silent,29381446
12,18|9|9|5|5|1|1,7,6688,27100368,silent,27093680
12,18|9|9|5|4|2|1,7,22210,102432223,silent,102410013
12,18|9|9|5|3|3|1,7,13338,72701642,silent,72688304
12,18|9|9|5|3|2|2,7,13277,73787153,silent,73773876
12,18|9|9|4|4|3|1,7,9954,53768803,silent,53758849
12,18|9|9|4|4|2|2,7,7725,45291664,silent,45283939
12,18|9|9|4|3|3|2,7,6807,50301906,silent,50295099
12,18|9|9|3|3|3|3,7,562,7643093,silent,7642531
12,18|9|8|8|3|1|1,7,6173,21412133,silent,21405960
12,18|9|8|8|2|2|1,7,5166,17967651,silent,17962485
12,18|9|8|7|4|1|1,7,16034,63527888,silent,63511854
12,18|9|8|7|3|2|1,7,24090,108203226,silent,108179136
12,18|9|8|7|2|2|2,7,7217,33996057,silent,33988840
12,18|9|8|6|5|1|1,7,15529,67832253,silent,67816724
12,18|9|8|6|4|2|1,7,40203,201670941,silent,201630738
12,18|9|8|6|3|3|1,7,22513,133630865,silent,133608352
12,18|9|8|6|3|2|2,7,22144,133612008,silent,133589864
12,18|9|8|5|5|2|1,7,20438,112507835,silent,112487397
12,18|9|8|5|4|3|1,7,31866,199263741,silent,199231875
12,18|9|8|5|4|2|2,7,24506,162703277,silent,162678771
12,18|9|8|5|3|3|2,7,17428,145737154,silent,145719726
12,18|9|8|4|4|4|1,7,7839,48339010,silent,48331171
12,18|9|8|4|4|3|2,7,14214,114259663,silent,114245449
12,18|9|8|4|3|3|3,7,3498,44690692,silent,44687194
12,18|9|7|7|5|1|1,7,8695,39796115,silent,39787420
12,18|9|7|7|4|2|1,7,20609,110432067,silent,110411458
12,18|9|7|7|3|3|1,7,11555,71497137,silent,71485582
12,18|9|7|7|3|2|2,7,10890,70971813,silent,70960923
12,18|9|7|6|6|1|1,7,5834,27852510,silent,27846676
12,18|9|7|6|5|2|1,7,26909,157976306,silent,157949397
12,18|9|7|6|4|3|1,7,33345,224246165,silent,224212820
12,18|9|7|6|4|2|2,7,25117,180536989,silent,180511872
12,18|9|7|6|3|3|2,7,17108,151677628,silent,151660520
12,18|9|7|5|5|3|1,7,19695,146076454,silent,146056759
12,18|9|7|5|5|2|2,7,13895,111126345,silent,111112450
12,18|9|7|5|4|4|1,7,16180,118438776,silent,118422596
12,18|9|7|5|4|3|2,7,28018,258954716,silent,258926698
12,18|9|7|5|3|3|3,7,6034,80484287,silent,80478253
12,18|9|7|4|4|4|2,7,8183,71936828,silent,71928645
12,18|9|7|4|4|3|3,7,5894,70725812,silent,70719918
12,18|9|6|6|6|2|1,7,5548,33685038,silent,33679490
12,18|9|6|6|5|3|1,7,13829,105504837,silent,105491008
12,18|9|6|6|5|2|2,7,9911,79379759,silent,79369848
12,18|9|6|6|4|4|1,7,9460,71028993,silent,71019533
12,18|9|6|6|4|3|2,7,15843,151002676,silent,150986833
12,18|9|6|6|3|3|3,7,3071,43980812,silent,43977741
12,18|9|6|5|5|4|1,7,8116,72314587,silent,72306471
12,18|9|6|5|5|3|2,7,11581,125589561,silent,125577980
12,18|9|6|5|4|4|2,7,11262,114241208,silent,114229946
12,18|9|6|5|4|3|3,7,7870,105346520,silent,105338650
12,18|9|6|4|4|4|3,7,3719,41052155,silent,41048436
12,18|9|5|5|5|5|1,7,796,9109216,silent,9108420
12,18|9|5|5|5|4|2,7,2809,36774186,silent,36771377
12,18|9|5|5|5|3|3,7,1843,27720291,silent,27718448
12,18|9|5|5|4|4|3,7,2524,34041276,silent,34038752
12,18|9|5|4|4|4|4,7,724,7221472,silent,7220748
12,18|8|8|8|4|1|1,7,2606,11200411,silent,11197805
12,18|8|8|8|3|2|1,7,4038,18777013,silent,18772975
12,18|8|8|8|2|2|2,7,1357,5862471,silent,5861114
12,18|8|8|7|5|1|1,7,5369,25049885,silent,25044516
12,18|8|8|7|4|2|1,7,12593,68477555,silent,68464962
12,18|8|8|7|3|3|1,7,6886,44013388,silent,44006502
12,18|8|8|7|3|2|2,7,6629,43629805,silent,43623176
12,18|8|8|6|6|1|1,7,2825,14543316,silent,14540491
12,18|8|8|6|5|2|1,7,13293,79962548,silent,79949255
12,18|8|8|6|4|3|1,7,16082,111886965,silent,111870883
12,18|8|8|6|4|2|2,7,12581,89927642,silent,89915061
12,18|8|8|6|3|3|2,7,8023,74977329,silent,74969306
12,18|8|8|5|5|3|1,7,9067,68860030,silent,68850963
12,18|8|8|5|5|2|2,7,6199,52257916,silent,52251717
12,18|8|8|5|4|4|1,7,7373,55196632,silent,55189259
12,18|8|8|5|4|3|2,7,12627,120076290,silent,120063663
12,18|8|8|5|3|3|3,7,2682,37005189,silent,37002507
12,18|8|8|4|4|4|2,7,3798,32469726,silent,32465928
12,18|8|8|4|4|3|3,7,2419,31751407,silent,31748988
12,18|8|7|7|6|1|1,7,2585,13347504,silent,13344919
12,18|8|7|7|5|2|1,7,9127,59133745,silent,59124618
12,18|8|7|7|4|3|1,7,10531,77609538,silent,77599007
12,18|8|7|7|4|2|2,7,7575,61900399,silent,61892824
12,18|8|7|7|3|3|2,7,5301,50492021,silent,50486720
12,18|8|7|6|6|2|1,7,6630,43864307,silent,43857677
12,18|8|7|6|5|3|1,7,15619,127028702,silent,127013083
12,18|8|7|6|5|2|2,7,10896,95087752,silent,95076856
12,18|8|7|6|4|4|1,7,10173,83130618,silent,83120445
12,18|8|7|6|4|3|2,7,17073,175044772,silent,175027699
12,18|8|7|6|3|3|3,7,3422,50139257,silent,50135835
12,18|8|7|5|5|4|1,7,7337,69114193,silent,69106856
12,18|8|7|5|5|3|2,7,10398,118866586,silent,118856188
12,18|8|7|5|4|4|2,7,9570,105118489,silent,105108919
12,18|8|7|5|4|3|3,7,6826,96186410,silent,96179584
12,18|8|7|4|4|4|3,7,2882,34812646,silent,34809764
12,18|8|6|6|6|3|1,7,3679,30979945,silent,30976266
12,18|8|6|6|6|2|2,7,2753,22591513,silent,22588760
12,18|8|6|6|5|4|1,7,5912,55954681,silent,55948769
12,18|8|6|6|5|3|2,7,8057,93583562,silent,93575505
12,18|8|6|6|4|4|2,7,6397,68744894,silent,68738497
12,18|8|6|6|4|3|3,7,4019,61346784,silent,61342765
12,18|8|6|5|5|5|1,7,1523,18765116,silent,18763593
12,18|8|6|5|5|4|2,7,5273,72913154,silent,72907881
12,18|8|6|5|5|3|3,7,3349,54088849,silent,54085500
12,18|8|6|5|4|4|3,7,4345,62077363,silent,62073018
12,18|8|6|4|4|4|4,7,1013,10360425,silent,10359412
12,18|8|5|5|5|5|2,7,578,10154110,silent,10153532
12,18|8|5|5|5|4|3,7,1160,21852515,silent,21851355
12,18|8|5|5|4|4|4,7,557,9220250,silent,9219693
12,18|7|7|7|7|1|1,7,204,1339005,silent,1338801
12,18|7|7|7|6|2|1,7,1555,11799018,silent,11797463
12,18|7|7|7|5|3|1,7,3031,27147637,silent,27144606
12,18|7|7|7|5|2|2,7,2044,20145235,silent,20143191
12,18|7|7|7|4|4|1,7,1793,16642690,silent,16640897
12,18|7|7|7|4|3|2,7,3019,34470829,silent,34467810
12,18|7|7|7|3|3|3,7,654,9568079,silent,9567425
12,18|7|7|6|6|3|1,7,2516,22560658,silent,22558142
12,18|7|7|6|6|2|2,7,1583,16354642,silent,16353059
12,18|7|7|6|5|4|1,7,3748,38201816,silent,38198068
12,18|7|7|6|5|3|2,7,5160,63401745,silent,63396585
12,18|7|7|6|4|4|2,7,3621,45413525,silent,45409904
12,18|7|7|6|4|3|3,7,2663,40338367,silent,40335704
12,18|7|7|5|5|5|1,7,838,10468166,silent,10467328
12,18|7|7|5|5|4|2,7,2857,40028292,silent,40025435
12,18|7|7|5|5|3|3,7,1693,29490172,silent,29488479
12,18|7|7|5|4|4|3,7,2146,33036958,silent,33034812
12,18|7|7|4|4|4|4,7,361,5134090,silent,5133729
12,18|7|6|6|6|4|1,7,1328,13060781,silent,13059453
12,18|7|6|6|6|3|2,7,1668,20140756,silent,20139088
12,18|7|6|6|5|5|1,7,907,11430677,silent,11429770
12,18|7|6|6|5|4|2,7,2935,40875789,silent,40872854
12,18|7|6|6|5|3|3,7,1662,29393383,silent,29391721
12,18|7|6|6|4|4|3,7,1791,27358237,silent,27356446
12,18|7|6|5|5|5|2,7,776,14993873,silent,14993097
12,18|7|6|5|5|4|3,7,1607,31257140,silent,31255533
12,18|7|6|5|4|4|4,7,785,12272533,silent,12271748
12,18|7|5|5|5|5|3,7,209,5298042,silent,5297833
12,18|7|5|5|5|4|4,7,213,5170692,silent,5170479
12,18|6|6|6|6|5|1,7,172,1887999,silent,1887827
12,18|6|6|6|6|4|2,7,476,5318307,silent,5317831
12,18|6|6|6|6|3|3,7,166,3557861,silent,3557695
12,18|6|6|6|5|5|2,7,241,4993903,silent,4993662
12,18|6|6|6|5|4|3,7,513,9693254,silent,9692741
12,18|6|6|6|4|4|4,7,261,3062778,silent,3062517
12,18|6|6|5|5|5|3,7,151,4259308,silent,4259157
12,18|6|6|5|5|4|4,7,149,4063862,silent,4063713
12,18|6|5|5|5|5|4,7,38,1162066,silent,1162028
12,18|5|5|5|5|5|5,7,4,65172,silent,65168
12,17|17|10|1|1|1|1,7,23,33426,silent,33403
12,17|17|9|2|1|1|1,7,206,201164,silent,200958
12,17|17|8|3|1|1|1,7,499,552709,silent,552210
12,17|17|8|2|2|1|1,7,556,482246,silent,481690
12,17|17|7|4|1|1|1,7,743,855149,silent,854406
12,17|17|7|3|2|1|1,7,1349,1493112,silent,1491763
12,17|17|7|2|2|2|1,7,645,571867,silent,571222
12,17|17|6|5|1|1|1,7,561,690240,silent,689679
12,17|17|6|4|2|1|1,7,1705,2039917,silent,2038212
12,17|17|6|3|3|1|1,7,916,1335711,silent,1334795
12,17|17|6|3|2|2|1,7,1382,1623871,silent,1622489
12,17|17|6|2|2|2|2,7,314,309408,silent,309094
12,17|17|5|5|2|1|1,7,769,997520,silent,996751
12,17|17|5|4|3|1|1,7,1163,1692291,silent,1691128
12,17|17|5|4|2|2|1,7,1293,1680700,silent,1679407
12,17|17|5|3|3|2|1,7,863,1487974,silent,1487111
12,17|17|5|3|2|2|2,7,550,719464,silent,718914
12,17|17|4|4|4|1|1,7,278,372746,silent,372468
12,17|17|4|4|3|2|1,7,647,1076021,silent,1075374
12,17|17|4|4|2|2|2,7,287,425132,silent,424845
12,17|17|4|3|3|3|1,7,136,432211,silent,432075
12,17|17|4|3|3|2|2,7,243,508893,silent,508650
12,17|17|3|3|3|3|2,7,11,102040,silent,102029
12,17|16|11|1|1|1|1,7,54,63682,silent,63628
12,17|16|10|2|1|1|1,7,414,437283,silent,436869
12,17|16|9|3|1|1|1,7,1210,1398240,silent,1397030
12,17|16|9|2|2|1|1,7,1213,1209517,silent,1208304
12,17|16|8|4|1|1|1,7,2032,2598325,silent,2596293
12,17|16|8|3|2|1|1,7,3596,4435955,silent,4432359
12,17|16|8|2|2|2|1,7,1653,1677429,silent,1675776
12,17|16|7|5|1|1|1,7,2105,2850541,silent,2848436
12,17|16|7|4|2|1|1,7,5531,7659280,silent,7653749
12,17|16|7|3|3|1|1,7,3062,4845676,silent,4842614
12,17|16|7|3|2|2|1,7,4218,5822139,silent,5817921
12,17|16|7|2|2|2|2,7,969,1083767,silent,1082798
12,17|16|6|6|1|1|1,7,858,1268766,silent,1267908
12,17|16|6|5|2|1|1,7,4336,6490962,silent,6486626
12,17|16|6|4|3|1|1,7,5057,8620058,silent,8615001
12,17|16|6|4|2|2|1,7,5432,8407414,silent,8401982
12,17|16|6|3|3|2|1,7,3472,6895698,silent,6892226
12,17|16|6|3|2|2|2,7,2020,3260132,silent,3258112
12,17|16|5|5|3|1|1,7,2584,4568480,silent,4565896
12,17|16|5|5|2|2|1,7,2469,4203010,silent,4200541
12,17|16|5|4|4|1|1,7,1922,3466346,silent,3464424
12,17|16|5|4|3|2|1,7,4484,9169118,silent,9164634
12,17|16|5|4|2|2|2,7,1921,3476376,silent,3474455
12,17|16|5|3|3|3|1,7,919,2883365,silent,2882446
12,17|16|5|3|3|2|2,7,1251,3326457,silent,3325206
12,17|16|4|4|4|2|1,7,1125,2220061,silent,2218936
12,17|16|4|4|3|3|1,7,775,2253751,silent,2252976
12,17|16|4|4|3|2|2,7,1012,2466756,silent,2465744
12,17|16|4|3|3|3|2,7,236,1271105,silent,1270869
12,17|16|3|3|3|3|3,7,8,124286,silent,124278
12,17|15|12|1|1|1|1,7,55,71400,silent,71345
12,17|15|11|2|1|1|1,7,537,578065,silent,577528
12,17|15|10|3|1|1|1,7,1744,2152703,silent,2150959
12,17|15|10|2|2|1|1,7,1751,1855486,silent,1853735
12,17|15|9|4|1|1|1,7,3477,4740558,silent,4737081
12,17|15|9|3|2|1|1,7,5943,7978511,silent,7972568
12,17|15|9|2|2|2|1,7,2605,2988177,silent,2985572
12,17|15|8|5|1|1|1,7,4341,6504967,silent,6500626
12,17|15|8|4|2|1|1,7,10873,16708277,silent,16697404
12,17|15|8|3|3|1|1,7,5886,10369418,silent,10363532
12,17|15|8|3|2|2|1,7,7949,12379727,silent,12371778
12,17|15|8|2|2|2|2,7,1691,2266377,silent,2264686
12,17|15|7|6|1|1|1,7,3109,4936245,silent,4933136
12,17|15|7|5|2|1|1,7,11423,19383637,silent,19372214
12,17|15|7|4|3|1|1,7,12271,23595607,silent,23583336
12,17|15|7|4|2|2|1,7,12580,22747673,silent,22735093
12,17|15|7|3|3|2|1,7,8033,18025263,silent,18017230
12,17|15|7|3|2|2|2,7,4353,8400304,silent,8395951
12,17|15|6|6|2|1|1,7,4949,8855402,silent,8850453
12,17|15|6|5|3|1|1,7,10568,21981756,silent,21971188
12,17|15|6|5|2|2|1,7,9978,19876059,silent,19866081
12,17|15|6|4|4|1|1,7,6343,13382720,silent,13376377
12,17|15|6|4|3|2|1,7,14177,33946385,silent,33932208
12,17|15|6|4|2|2|2,7,5688,12578577,silent,12572889
12,17|15|6|3|3|3|1,7,2791,9777098,silent,9774307
12,17|15|6|3|3|2|2,7,3712,11170161,silent,11166449
12,17|15|5|5|4|1|1,7,3903,8888896,silent,8884993
12,17|15|5|5|3|2|1,7,7137,18399136,silent,18391999
12,17|15|5|5|2|2|2,7,2570,6385934,silent,6383364
12,17|15|5|4|4|2|1,7,5960,15147923,silent,15141963
12,17|15|5|4|3|3|1,7,4242,14282500,silent,14278258
12,17|15|5|4|3|2|2,7,4914,15315236,silent,15310322
12,17|15|5|3|3|3|2,7,1127,6189614,silent,6188487
12,17|15|4|4|4|3|1,7,1486,4441703,silent,4440217
12,17|15|4|4|4|2|2,7,1307,3897622,silent,3896315
12,17|15|4|4|3|3|2,7,1038,4957800,silent,4956762
12,17|15|4|3|3|3|3,7,79,1147267,silent,1147188
12,17|14|13|1|1|1|1,7,39,47394,silent,47355
12,17|14|12|2|1|1|1,7,442,500450,silent,500008
12,17|14|11|3|1|1|1,7,1794,2282526,silent,2280732
12,17|14|11|2|2|1|1,7,1736,1961292,silent,1959556
12,17|14|10|4|1|1|1,7,4128,6020727,silent,6016599
12,17|14|10|3|2|1|1,7,6995,10055468,silent,10048473
12,17|14|10|2|2|2|1,7,3024,3749225,silent,3746201
12,17|14|9|5|1|1|1,7,6297,10093326,silent,10087029
12,17|14|9|4|2|1|1,7,15098,25287472,silent,25272374
12,17|14|9|3|3|1|1,7,8222,15528463,silent,15520241
12,17|14|9|3|2|2|1,7,10742,18457627,silent,18446885
12,17|14|9|2|2|2|2,7,2243,3347984,silent,3345741
12,17|14|8|6|1|1|1,7,5942,10412363,silent,10406421
12,17|14|8|5|2|1|1,7,19742,37131531,silent,37111789
12,17|14|8|4|3|1|1,7,20373,43389829,silent,43369456
12,17|14|8|4|2|2|1,7,20543,41567563,silent,41547020
12,17|14|8|3|3|2|1,7,13048,32330125,silent,32317077
12,17|14|8|3|2|2|2,7,6849,14950039,silent,14943190
12,17|14|7|7|1|1|1,7,2574,4531072,silent,4528498
12,17|14|7|6|2|1|1,7,14435,29139627,silent,29125192
12,17|14|7|5|3|1|1,7,23980,56035903,silent,56011923
12,17|14|7|5|2|2|1,7,21843,50117026,silent,50095183
12,17|14|7|4|4|1|1,7,13091,31657114,silent,31644023
12,17|14|7|4|3|2|1,7,28765,78504005,silent,78475240
12,17|14|7|4|2|2|2,7,11081,28697800,silent,28686719
12,17|14|7|3|3|3|1,7,5725,21699329,silent,21693604
12,17|14|7|3|3|2|2,7,7140,24624307,silent,24617167
12,17|14|6|6|3|1|1,7,10757,26674190,silent,26663433
12,17|14|6|6|2|2|1,7,9787,23325528,silent,23315741
12,17|14|6|5|4|1|1,7,14350,37997515,silent,37983165
12,17|14|6|5|3|2|1,7,25373,75514391,silent,75489018
12,17|14|6|5|2|2|2,7,8844,25654908,silent,25646064
12,17|14|6|4|4|2|1,7,16605,49854350,silent,49837745
12,17|14|6|4|3|3|1,7,11734,45397223,silent,45385489
12,17|14|6|4|3|2|2,7,13226,48177248,silent,48164022
12,17|14|6|3|3|3|2,7,2989,17841645,silent,17838656
12,17|14|5|5|5|1|1,7,2614,7624445,silent,7621831
12,17|14|5|5|4|2|1,7,10190,33896139,silent,33885949
12,17|14|5|5|3|3|1,7,6348,25635446,silent,25629098
12,17|14|5|5|3|2|2,7,6554,26538746,silent,26532192
12,17|14|5|4|4|3|1,7,6923,26451516,silent,26444593
12,17|14|5|4|4|2|2,7,5889,22761985,silent,22756096
12,17|14|5|4|3|3|2,7,4790,26900009,silent,26895219
12,17|14|5|3|3|3|3,7,419,4819093,silent,4818674
12,17|14|4|4|4|4|1,7,1026,3444053,silent,3443027
12,17|14|4|4|4|3|2,7,1834,8796542,silent,8794708
12,17|14|4|4|3|3|3,7,377,4009890,silent,4009513
12,17|13|13|2|1|1|1,7,183,199800,silent,199617
12,17|13|12|3|1|1|1,7,1129,1485728,silent,1484599
12,17|13|12|2|2|1|1,7,1103,1275352,silent,1274249
12,17|13|11|4|1|1|1,7,3479,5197625,silent,5194146
12,17|13|11|3|2|1|1,7,5772,8634802,silent,8629030
12,17|13|11|2|2|2|1,7,2426,3205995,silent,3203569
12,17|13|10|5|1|1|1,7,6431,10928725,silent,10922294
12,17|13|10|4|2|1|1,7,15203,27010687,silent,26995484
12,17|13|10|3|3|1|1,7,8203,16482091,silent,16473888
12,17|13|10|3|2|2|1,7,10647,19544647,silent,19534000
12,17|13|10|2|2|2|2,7,2149,3523646,silent,3521497
12,17|13|9|6|1|1|1,7,7834,14530451,silent,14522617
12,17|13|9|5|2|1|1,7,24410,49465136,silent,49440726
12,17|13|9|4|3|1|1,7,24699,56571514,silent,56546815
12,17|13|9|4|2|2|1,7,24360,53956021,silent,53931661
12,17|13|9|3|3|2|1,7,15555,41546311,silent,41530756
12,17|13|9|3|2|2|2,7,7877,19103385,silent,19095508
12,17|13|8|7|1|1|1,7,5530,10822287,silent,10816757
12,17|13|8|6|2|1|1,7,24168,53560571,silent,53536403
12,17|13|8|5|3|1|1,7,36551,93966622,silent,93930071
12,17|13|8|5|2|2|1,7,32897,83522242,silent,83489345
12,17|13|8|4|4|1|1,7,19302,51337111,silent,51317809
12,17|13|8|4|3|2|1,7,41746,125656087,silent,125614341
12,17|13|8|4|2|2|2,7,15634,45566612,silent,45550978
12,17|13|8|3|3|3|1,7,8280,33972557,silent,33964277
12,17|13|8|3|3|2|2,7,10188,38408345,silent,38398157
12,17|13|7|7|2|1|1,7,10316,23776305,silent,23765989
12,17|13|7|6|3|1|1,7,28303,77936203,silent,77907900
12,17|13|7|6|2|2|1,7,24551,67381052,silent,67356501
12,17|13|7|5|4|1|1,7,29270,87097083,silent,87067813
12,17|13|7|5|3|2|1,7,50407,169287748,silent,169237341
12,17|13|7|5|2|2|2,7,16828,56747559,silent,56730731
12,17|13|7|4|4|2|1,7,30181,103752432,silent,103722251
12,17|13|7|4|3|3|1,7,21617,92803042,silent,92781425
12,17|13|7|4|3|2|2,7,23461,97820135,silent,97796674
12,17|13|7|3|3|3|2,7,5456,34797917,silent,34792461
12,17|13|6|6|4|1|1,7,14370,45066320,silent,45051950
12,17|13|6|6|3|2|1,7,23482,82191785,silent,82168303
12,17|13|6|6|2|2|2,7,7738,26825023,silent,26817285
12,17|13|6|5|5|1|1,7,9361,31757790,silent,31748429
12,17|13|6|5|4|2|1,7,33738,128814852,silent,128781114
12,17|13|6|5|3|3|1,7,20341,94099393,silent,94079052
12,17|13|6|5|3|2|2,7,21054,96473996,silent,96452942
12,17|13|6|4|4|3|1,7,17462,77930073,silent,77912611
12,17|13|6|4|4|2|2,7,14455,66346471,silent,66332016
12,17|13|6|4|3|3|2,7,11929,75773976,silent,75762047
12,17|13|6|3|3|3|3,7,1004,12361097,silent,12360093
12,17|13|5|5|5|2|1,7,6140,27174406,silent,27168266
12,17|13|5|5|4|3|1,7,11230,55247062,silent,55235832
12,17|13|5|5|4|2|2,7,8787,45896420,silent,45887633
12,17|13|5|5|3|3|2,7,6507,43550495,silent,43543988
12,17|13|5|4|4|4|1,7,4177,19073218,silent,19069041
12,17|13|5|4|4|3|2,7,7643,46808897,silent,46801254
12,17|13|5|4|3|3|3,7,1840,19605356,silent,19603516
12,17|13|4|4|4|4|2,7,1301,6774893,silent,6773592
12,17|13|4|4|4|3|3,7,832,7047067,silent,7046235
12,17|12|12|4|1|1|1,7,1313,2061716,silent,2060403
12,17|12|12|3|2|1|1,7,2219,3422275,silent,3420056
12,17|12|12|2|2|2|1,7,954,1271816,silent,1270862
12,17|12|11|5|1|1|1,7,4142,7231191,silent,7227049
12,17|12|11|4|2|1|1,7,9632,17743235,silent,17733603
12,17|12|11|3|3|1|1,7,5223,10793085,silent,10787862
12,17|12|11|3|2|2|1,7,6679,12779261,silent,12772582
12,17|12|11|2|2|2|2,7,1342,2297192,silent,2295850
12,17|12|10|6|1|1|1,7,6730,13238416,silent,13231686
12,17|12|10|5|2|1|1,7,20597,44062601,silent,44042004
12,17|12|10|4|3|1|1,7,20614,49825056,silent,49804442
12,17|12|10|4|2|2|1,7,20316,47428996,silent,47408680
12,17|12|10|3|3|2|1,7,12913,36304997,silent,36292084
12,17|12|10|3|2|2|2,7,6516,16655144,silent,16648628
12,17|12|9|7|1|1|1,7,6842,14153286,silent,14146444
12,17|12|9|6|2|1|1,7,26885,63738757,silent,63711872
12,17|12|9|5|3|1|1,7,39084,107229217,silent,107190133
12,17|12|9|5|2|2|1,7,34653,94939218,silent,94904565
12,17|12|9|4|4|1|1,7,20136,57598655,silent,57578519
12,17|12|9|4|3|2|1,7,43301,139923609,silent,139880308
12,17|12|9|4|2|2|2,7,15930,50493381,silent,50477451
12,17|12|9|3|3|3|1,7,8660,37376375,silent,37367715
12,17|12|9|3|3|2|2,7,10379,42149300,silent,42138921
12,17|12|8|8|1|1|1,7,2814,6208888,silent,6206074
12,17|12|8|7|2|1|1,7,19656,49497185,silent,49477529
12,17|12|8|6|3|1|1,7,41830,125552429,silent,125510599
12,17|12|8|6|2|2|1,7,35991,107913193,silent,107877202
12,17|12|8|5|4|1|1,7,39741,129032751,silent,128993010
12,17|12|8|5|3|2|1,7,67673,247708209,silent,247640536
12,17|12|8|5|2|2|2,7,22297,82428629,silent,82406332
12,17|12|8|4|4|2|1,7,38979,146892700,silent,146853721
12,17|12|8|4|3|3|1,7,27878,130041286,silent,130013408
12,17|12|8|4|3|2|2,7,29937,136564703,silent,136534766
12,17|12|8|3|3|3|2,7,6947,47538442,silent,47531495
12,17|12|7|7|3|1|1,7,18521,57608230,silent,57589709
12,17|12|7|7|2|2|1,7,15280,48895512,silent,48880232
12,17|12|7|6|4|1|1,7,34077,118989571,silent,118955494
12,17|12|7|6|3|2|1,7,54028,212305040,silent,212251012
12,17|12|7|6|2|2|2,7,17024,68374694,silent,68357670
12,17|12|7|5|5|1|1,7,17966,67356849,silent,67338883
12,17|12|7|5|4|2|1,7,61005,261472164,silent,261411159
12,17|12|7|5|3|3|1,7,36761,187651325,silent,187614564
12,17|12|7|5|3|2|2,7,37011,191162481,silent,191125470
12,17|12|7|4|4|3|1,7,28649,144378530,silent,144349881
12,17|12|7|4|4|2|2,7,23366,122128488,silent,122105122
12,17|12|7|4|3|3|2,7,19563,137053080,silent,137033517
12,17|12|7|3|3|3|3,7,1733,21397536,silent,21395803
12,17|12|6|6|5|1|1,7,11091,43930850,silent,43919759
12,17|12|6|6|4|2|1,7,31040,138313575,silent,138282535
12,17|12|6|6|3|3|1,7,17475,93770732,silent,93753257
12,17|12|6|6|3|2|2,7,17843,94484086,silent,94466243
12,17|12|6|5|5|2|1,7,20486,101560566,silent,101540080
12,17|12|6|5|4|3|1,7,33872,189547737,silent,189513865
12,17|12|6|5|4|2|2,7,26503,155923188,silent,155896685
12,17|12|6|5|3|3|2,7,18969,142926795,silent,142907826
12,17|12|6|4|4|4|1,7,9556,51387372,silent,51377816
12,17|12|6|4|4|3|2,7,17396,123373572,silent,123356176
12,17|12|6|4|3|3|3,7,4210,49613406,silent,49609196
12,17|12|5|5|5|3|1,7,6869,44145095,silent,44138226
12,17|12|5|5|5|2|2,7,4744,34028477,silent,34023733
12,17|12|5|5|4|4|1,7,6330,39573695,silent,39567365
12,17|12|5|5|4|3|2,7,11254,89153811,silent,89142557
12,17|12|5|5|3|3|3,7,2569,29311544,silent,29308975
12,17|12|5|4|4|4|2,7,4821,33909838,silent,33905017
12,17|12|5|4|4|3|3,7,3312,34156685,silent,34153373
12,17|12|4|4|4|4|3,7,857,6468604,silent,6467747
12,17|11|11|6|1|1|1,7,2767,5411543,silent,5408776
12,17|11|11|5|2|1|1,7,8181,17815000,silent,17806819
12,17|11|11|4|3|1|1,7,8151,20043006,silent,20034855
12,17|11|11|4|2|2|1,7,7850,19041768,silent,19033918
12,17|11|11|3|3|2|1,7,5052,14547958,silent,14542906
12,17|11|11|3|2|2|2,7,2459,6655189,silent,6652730
12,17|11|10|7|1|1|1,7,4727,10231241,silent,10226514
12,17|11|10|6|2|1|1,7,17932,44306449,silent,44288517
12,17|11|10|5|3|1|1,7,25543,73104553,silent,73079010
12,17|11|10|5|2|2|1,7,22582,64601815,silent,64579233
12,17|11|10|4|4|1|1,7,13081,38952034,silent,38938953
12,17|11|10|4|3|2|1,7,27961,94252119,silent,94224158
12,17|11|10|4|2|2|2,7,10190,33926460,silent,33916270
12,17|11|10|3|3|3|1,7,5580,25019390,silent,25013810
12,17|11|10|3|3|2|2,7,6678,28181592,silent,28174914
12,17|11|9|8|1|1|1,7,3807,8599536,silent,8595729
12,17|11|9|7|2|1|1,7,19998,53176613,silent,53156615
12,17|11|9|6|3|1|1,7,39033,123510342,silent,123471309
12,17|11|9|6|2|2|1,7,32939,105745705,silent,105712766
12,17|11|9|5|4|1|1,7,35627,122400564,silent,122364937
12,17|11|9|5|3|2|1,7,60037,233333872,silent,233273835
12,17|11|9|5|2|2|2,7,19333,77276351,silent,77257018
12,17|11|9|4|4|2|1,7,33832,136170807,silent,136136975
12,17|11|9|4|3|3|1,7,24446,119911935,silent,119887489
12,17|11|9|4|3|2|2,7,25751,125612014,silent,125586263
12,17|11|9|3|3|3|2,7,6127,43256406,silent,43250279
12,17|11|8|8|2|1|1,7,8806,24432153,silent,24423347
12,17|11|8|7|3|1|1,7,30581,102829357,silent,102798776
12,17|11|8|7|2|2|1,7,25301,86814971,silent,86789670
12,17|11|8|6|4|1|1,7,44144,165979720,silent,165935576
12,17|11|8|6|3|2|1,7,69084,292649978,silent,292580894
12,17|11|8|6|2|2|2,7,21432,93576562,silent,93555130
12,17|11|8|5|5|1|1,7,21631,87496792,silent,87475161
12,17|11|8|5|4|2|1,7,71787,332093062,silent,332021275
12,17|11|8|5|3|3|1,7,43016,236017368,silent,235974352
12,17|11|8|5|3|2|2,7,43035,239586206,silent,239543171
12,17|11|8|4|4|3|1,7,32249,175886682,silent,175854433
12,17|11|8|4|4|2|2,7,25999,148227988,silent,148201989
12,17|11|8|4|3|3|2,7,21956,164738841,silent,164716885
12,17|11|8|3|3|3|3,7,1940,25136427,silent,25134487
12,17|11|7|7|4|1|1,7,20507,80608899,silent,80588392
12,17|11|7|7|3|2|1,7,30889,138182484,silent,138151595
12,17|11|7|7|2|2|2,7,9144,43529304,silent,43520160
12,17|11|7|6|5|1|1,7,24470,105945159,silent,105920689
12,17|11|7|6|4|2|1,7,64141,319421147,silent,319357006
12,17|11|7|6|3|3|1,7,36376,212909279,silent,212872903
12,17|11|7|6|3|2|2,7,35624,213120222,silent,213084598
12,17|11|7|5|5|2|1,7,34602,188767626,silent,188733024
12,17|11|7|5|4|3|1,7,54747,338779990,silent,338725243
12,17|11|7|5|4|2|2,7,42067,276960840,silent,276918773
12,17|11|7|5|3|3|2,7,30405,249575186,silent,249544781
12,17|11|7|4|4|4|1,7,13767,84452385,silent,84438618
12,17|11|7|4|4|3|2,7,25207,200313396,silent,200288189
12,17|11|7|4|3|3|3,7,6369,78902033,silent,78895664
12,17|11|6|6|6|1|1,7,4424,20563340,silent,20558916
12,17|11|6|6|5|2|1,7,22512,126411177,silent,126388665
12,17|11|6|6|4|3|1,7,28695,185258386,silent,185229691
12,17|11|6|6|4|2|2,7,22193,149764831,silent,149742638
12,17|11|6|6|3|3|2,7,14884,127460221,silent,127445337
12,17|11|6|5|5|3|1,7,20650,147952516,silent,147931866
12,17|11|6|5|5|2|2,7,14652,112979346,silent,112964694
12,17|11|6|5|4|4|1,7,17594,123314688,silent,123297094
12,17|11|6|5|4|3|2,7,30672,271858953,silent,271828281
12,17|11|6|5|3|3|3,7,6622,85842475,silent,85835853
12,17|11|6|4|4|4|2,7,9837,81279029,silent,81269192
12,17|11|6|4|4|3|3,7,6908,80443803,silent,80436895
12,17|11|5|5|5|4|1,7,4337,37187636,silent,37183299
12,17|11|5|5|5|3|2,7,6330,65732884,silent,65726554
12,17|11|5|5|4|4|2,7,6533,63964095,silent,63957562
12,17|11|5|5|4|3|3,7,4788,59902969,silent,59898181
12,17|11|5|4|4|4|3,7,2836,29377209,silent,29374373
12,17|11|4|4|4|4|4,7,350,2576758,silent,2576408
12,17|10|10|8|1|1|1,7,1661,4025940,silent,4024279
12,17|10|10|7|2|1|1,7,8384,23165107,silent,23156723
12,17|10|10|6|3|1|1,7,15872,52116087,silent,52100215
12,17|10|10|6|2|2|1,7,13592,44581585,silent,44567993
12,17|10|10|5|4|1|1,7,14333,50916477,silent,50902144
12,17|10|10|5|3|2|1,7,24213,96785128,silent,96760915
12,17|10|10|5|2|2|2,7,7921,32016325,silent,32008404
12,17|10|10|4|4|2|1,7,13599,56119659,silent,56106060
12,17|10|10|4|3|3|1,7,9697,49273720,silent,49264023
12,17|10|10|4|3|2|2,7,10342,51588836,silent,51578494
12,17|10|10|3|3|3|2,7,2387,17661696,silent,17659309
12,17|10|9|9|1|1|1,7,1039,2433687,silent,2432648
12,17|10|9|8|2|1|1,7,8698,25205663,silent,25196965
12,17|10|9|7|3|1|1,7,23782,83497938,silent,83474156
12,17|10|9|7|2|2|1,7,19430,70266601,silent,70247171
12,17|10|9|6|4|1|1,7,31642,124549924,silent,124518282
12,17|10|9|6|3|2|1,7,49125,218259318,silent,218210193
12,17|10|9|6|2|2|2,7,15027,69512700,silent,69497673
12,17|10|9|5|5|1|1,7,15127,63837339,silent,63822212
12,17|10|9|5|4|2|1,7,49341,239588143,silent,239538802
12,17|10|9|5|3|3|1,7,29630,169453290,silent,169423660
12,17|10|9|5|3|2|2,7,29318,171667625,silent,171638307
12,17|10|9|4|4|3|1,7,21712,124473902,silent,124452190
12,17|10|9|4|4|2|2,7,17424,104689705,silent,104672281
12,17|10|9|4|3|3|2,7,14810,115794319,silent,115779509
12,17|10|9|3|3|3|3,7,1343,17472879,silent,17471536
12,17|10|8|8|3|1|1,7,11434,41967914,silent,41956480
12,17|10|8|8|2|2|1,7,9525,35126791,silent,35117266
12,17|10|8|7|4|1|1,7,28336,118574036,silent,118545700
12,17|10|8|7|3|2|1,7,42481,201084912,silent,201042431
12,17|10|8|7|2|2|2,7,12679,62970537,silent,62957858
12,17|10|8|6|5|1|1,7,26846,123724968,silent,123698122
12,17|10|8|6|4|2|1,7,69010,365253464,silent,365184454
12,17|10|8|6|3|3|1,7,38735,241229683,silent,241190948
12,17|10|8|6|3|2|2,7,37922,240711948,silent,240674026
12,17|10|8|5|5|2|1,7,34811,201516498,silent,201481687
12,17|10|8|5|4|3|1,7,53874,354792954,silent,354739080
12,17|10|8|5|4|2|2,7,41359,289117095,silent,289075736
12,17|10|8|5|3|3|2,7,29567,258114005,silent,258084438
12,17|10|8|4|4|4|1,7,12998,85324425,silent,85311427
12,17|10|8|4|4|3|2,7,23716,200991291,silent,200967575
12,17|10|8|4|3|3|3,7,5963,78271699,silent,78265736
12,17|10|7|7|5|1|1,7,14033,67324355,silent,67310322
12,17|10|7|7|4|2|1,7,32954,185529972,silent,185497018
12,17|10|7|7|3|3|1,7,18488,119712992,silent,119694504
12,17|10|7|7|3|2|2,7,17352,118612448,silent,118595096
12,17|10|7|6|6|1|1,7,9116,46243253,silent,46234137
12,17|10|7|6|5|2|1,7,42026,259375308,silent,259333282
12,17|10|7|6|4|3|1,7,51692,366009788,silent,365958096
12,17|10|7|6|4|2|2,7,39052,294098269,silent,294059217
12,17|10|7|6|3|3|2,7,26544,246260380,silent,246233836
12,17|10|7|5|5|3|1,7,30411,235804805,silent,235774394
12,17|10|7|5|5|2|2,7,21239,179023634,silent,179002395
12,17|10|7|5|4|4|1,7,24598,190349176,silent,190324578
12,17|10|7|5|4|3|2,7,42773,414762548,silent,414719775
12,17|10|7|5|3|3|3,7,9364,128355412,silent,128346048
12,17|10|7|4|4|4|2,7,12304,114251693,silent,114239389
12,17|10|7|4|4|3|3,7,8796,112032643,silent,112023847
12,17|10|6|6|6|2|1,7,8260,53053484,silent,53045224
12,17|10|6|6|5|3|1,7,20506,164511417,silent,164490911
12,17|10|6|6|5|2|2,7,14656,123522055,silent,123507399
12,17|10|6|6|4|4|1,7,13838,110254173,silent,110240335
12,17|10|6|6|4|3|2,7,23288,233616973,silent,233593685
12,17|10|6|6|3|3|3,7,4582,67760930,silent,67756348
12,17|10|6|5|5|4|1,7,11899,111028603,silent,111016704
12,17|10|6|5|5|3|2,7,16981,192183513,silent,192166532
12,17|10|6|5|4|4|2,7,16200,174054208,silent,174038008
12,17|10|6|5|4|3|3,7,11430,160117136,silent,160105706
12,17|10|6|4|4|4|3,7,5202,61869071,silent,61863869
12,17|10|5|5|5|5|1,7,1164,13632103,silent,13630939
12,17|10|5|5|5|4|2,7,3998,54766592,silent,54762594
12,17|10|5|5|5|3|3,7,2664,41185448,silent,41182784
12,17|10|5|5|4|4|3,7,3521,50365050,silent,50361529
12,17|10|5|4|4|4|4,7,986,10583026,silent,10582040
12,17|9|9|9|2|1|1,7,1393,4158942,silent,4157549
12,17|9|9|8|3|1|1,7,6746,25164195,silent,25157449
12,17|9|9|8|2|2|1,7,5355,20979165,silent,20973810
12,17|9|9|7|4|1|1,7,13327,57322716,silent,57309389
12,17|9|9|7|3|2|1,7,19701,96709038,silent,96689337
12,17|9|9|7|2|2|2,7,5665,30163238,silent,30157573
12,17|9|9|6|5|1|1,7,11869,56076102,silent,56064233
12,17|9|9|6|4|2|1,7,29784,163994003,silent,163964219
12,17|9|9|6|3|3|1,7,16948,107926495,silent,107909547
12,17|9|9|6|3|2|2,7,16154,107474126,silent,107457972
12,17|9|9|5|5|2|1,7,14786,88358108,silent,88343322
12,17|9|9|5|4|3|1,7,22668,154306249,silent,154283581
12,17|9|9|5|4|2|2,7,17134,125512354,silent,125495220
12,17|9|9|5|3|3|2,7,12545,111675699,silent,111663154
12,17|9|9|4|4|4|1,7,5262,36563234,silent,36557972
12,17|9|9|4|4|3|2,7,9706,85892404,silent,85882698
12,17|9|9|4|3|3|3,7,2550,33308026,silent,33305476
12,17|9|8|8|4|1|1,7,8224,36760611,silent,36752387
12,17|9|8|8|3|2|1,7,12173,61185120,silent,61172947
12,17|9|8|8|2|2|2,7,3634,18964776,silent,18961142
12,17|9|8|7|5|1|1,7,14863,74760438,silent,74745575
12,17|9|8|7|4|2|1,7,34526,202193979,silent,202159453
12,17|9|8|7|3|3|1,7,19062,129386709,silent,129367647
12,17|9|8|7|3|2|2,7,18084,127868818,silent,127850734
12,17|9|8|6|6|1|1,7,7914,41933610,silent,41925696
12,17|9|8|6|5|2|1,7,35082,226462392,silent,226427310
12,17|9|8|6|4|3|1,7,42334,314087673,silent,314045339
12,17|9|8|6|4|2|2,7,31864,251643448,silent,251611584
12,17|9|8|6|3|3|2,7,21532,208999469,silent,208977937
12,17|9|8|5|5|3|1,7,23389,189716079,silent,189692690
12,17|9|8|5|5|2|2,7,16363,143622233,silent,143605870
12,17|9|8|5|4|4|1,7,18586,150986533,silent,150967947
12,17|9|8|5|4|3|2,7,32165,327017889,silent,326985724
12,17|9|8|5|3|3|3,7,6977,100191883,silent,100184906
12,17|9|8|4|4|4|2,7,8838,87152149,silent,87143311
12,17|9|8|4|4|3|3,7,6366,85045946,silent,85039580
12,17|9|7|7|6|1|1,7,5531,30815765,silent,30810234
12,17|9|7|7|5|2|1,7,19515,134224878,silent,134205363
12,17|9|7|7|4|3|1,7,22215,174596988,silent,174574773
12,17|9|7|7|4|2|2,7,16196,138918472,silent,138902276
12,17|9|7|7|3|3|2,7,11126,112756304,silent,112745178
12,17|9|7|6|6|2|1,7,13559,96149007,silent,96135448
12,17|9|7|6|5|3|1,7,31739,274129521,silent,274097782
12,17|9|7|6|5|2|2,7,21954,204651225,silent,204629271
12,17|9|7|6|4|4|1,7,20234,178150272,silent,178130038
12,17|9|7|6|4|3|2,7,34162,373450121,silent,373415959
12,17|9|7|6|3|3|3,7,7028,106338347,silent,106331319
12,17|9|7|5|5|4|1,7,14578,145384565,silent,145369987
12,17|9|7|5|5|3|2,7,20635,248917473,silent,248896838
12,17|9|7|5|4|4|2,7,18526,218622524,silent,218603998
12,17|9|7|5|4|3|3,7,13325,199385967,silent,199372642
12,17|9|7|4|4|4|3,7,5343,71186022,silent,71180679
12,17|9|6|6|6|3|1,7,6822,61277714,silent,61270892
12,17|9|6|6|6|2|2,7,4755,44531114,silent,44526359
12,17|9|6|6|5|4|1,7,10768,109165144,silent,109154376
12,17|9|6|6|5|3|2,7,14757,181778350,silent,181763593
12,17|9|6|6|4|4|2,7,11051,132560197,silent,132549146
12,17|9|6|6|4|3|3,7,7474,117984720,silent,117977246
12,17|9|6|5|5|5|1,7,2809,35789576,silent,35786767
12,17|9|6|5|5|4|2,7,9580,138087863,silent,138078283
12,17|9|6|5|5|3|3,7,5928,102077842,silent,102071914
12,17|9|6|5|4|4|3,7,7510,116371750,silent,116364240
12,17|9|6|4|4|4|4,7,1519,19107701,silent,19106182
12,17|9|5|5|5|5|2,7,985,18365470,silent,18364485
12,17|9|5|5|5|4|3,7,1996,39308868,silent,39306872
12,17|9|5|5|4|4|4,7,966,16454068,silent,16453102
12,17|8|8|8|5|1|1,7,2602,13833666,silent,13831064
12,17|8|8|8|4|2|1,7,6017,36135257,silent,36129240
12,17|8|8|8|3|3|1,7,3159,22776095,silent,22772936
12,17|8|8|8|3|2|2,7,3156,22434294,silent,22431138
12,17|8|8|7|6|1|1,7,3526,20174090,silent,20170564
12,17|8|8|7|5|2|1,7,12204,85167809,silent,85155605
12,17|8|8|7|4|3|1,7,13597,109207368,silent,109193771
12,17|8|8|7|4|2|2,7,10143,86741560,silent,86731417
12,17|8|8|7|3|3|2,7,6640,69874804,silent,69868164
12,17|8|8|6|6|2|1,7,7012,50627359,silent,50620347
12,17|8|8|6|5|3|1,7,15733,139980813,silent,139965080
12,17|8|8|6|5|2|2,7,11030,104289105,silent,104278075
12,17|8|8|6|4|4|1,7,10054,89933268,silent,89923214
12,17|8|8|6|4|3|2,7,16746,187583310,silent,187566564
12,17|8|8|6|3|3|3,7,3292,52956611,silent,52953319
12,17|8|8|5|5|4|1,7,6751,69319303,silent,69312552
12,17|8|8|5|5|3|2,7,9456,118108629,silent,118099173
12,17|8|8|5|4|4|2,7,8575,102567289,silent,102558714
12,17|8|8|5|4|3|3,7,5982,93132519,silent,93126537
12,17|8|8|4|4|4|3,7,2390,32352004,silent,32349614
12,17|8|7|7|7|1|1,7,903,5595840,silent,5594937
12,17|8|7|7|6|2|1,7,5905,46885877,silent,46879972
12,17|8|7|7|5|3|1,7,11132,105095481,silent,105084349
12,17|8|7|7|5|2|2,7,7423,77742241,silent,77734818
12,17|8|7|7|4|4|1,7,6479,63762783,silent,63756304
12,17|8|7|7|4|3|2,7,10873,131185680,silent,131174807
12,17|8|7|7|3|3|3,7,2288,36057255,silent,36054967
12,17|8|7|6|6|3|1,7,8330,81019274,silent,81010944
12,17|8|7|6|6|2|2,7,5629,58571250,silent,58565621
12,17|8|7|6|5|4|1,7,12310,134087199,silent,134074889
12,17|8|7|6|5|3|2,7,16768,221120403,silent,221103635
12,17|8|7|6|4|4|2,7,11949,156752754,silent,156740805
12,17|8|7|6|4|3|3,7,8308,138471316,silent,138463008
12,17|8|7|5|5|5|1,7,2665,35228386,silent,35225721
12,17|8|7|5|5|4|2,7,8733,133351081,silent,133342348
12,17|8|7|5|5|3|3,7,5416,97797507,silent,97792091
12,17|8|7|5|4|4|3,7,6499,108403332,silent,108396833
12,17|8|7|4|4|4|4,7,1180,16447891,silent,16446711
12,17|8|6|6|6|4|1,7,3304,35906098,silent,35902794
12,17|8|6|6|6|3|2,7,4147,55027579,silent,55023432
12,17|8|6|6|5|5|1,7,2281,30848814,silent,30846533
12,17|8|6|6|5|4|2,7,7227,109163130,silent,109155903
12,17|8|6|6|5|3|3,7,4093,78134068,silent,78129975
12,17|8|6|6|4|4|3,7,4265,71930468,silent,71926203
12,17|8|6|5|5|5|2,7,1895,38412147,silent,38410252
12,17|8|6|5|5|4|3,7,3812,79386413,silent,79382601
12,17|8|6|5|4|4|4,7,1776,30755095,silent,30753319
12,17|8|5|5|5|5|3,7,465,12247411,silent,12246946
12,17|8|5|5|5|4|4,7,436,11876445,silent,11876009
12,17|7|7|7|7|2|1,7,516,4812882,silent,4812366
12,17|7|7|7|6|3|1,7,2032,22234219,silent,22232187
12,17|7|7|7|6|2|2,7,1273,15928710,silent,15927437
12,17|7|7|7|5|4|1,7,2429,29483071,silent,29480642
12,17|7|7|7|5|3|2,7,3292,47807221,silent,47803929
12,17|7|7|7|4|4|2,7,2074,31747036,silent,31744962
12,17|7|7|7|4|3|3,7,1569,27687993,silent,27686424
12,17|7|7|6|6|4|1,7,2169,26526714,silent,26524545
12,17|7|7|6|6|3|2,7,2731,40339569,silent,40336838
12,17|7|7|6|5|5|1,7,1549,21561105,silent,21559556
12,17|7|7|6|5|4|2,7,4560,75051221,silent,75046661
12,17|7|7|6|5|3|3,7,2740,53402974,silent,53400234
12,17|7|7|6|4|4|3,7,2560,47960915,silent,47958355
12,17|7|7|5|5|5|2,7,1090,21584594,silent,21583504
12,17|7|7|5|5|4|3,7,2024,43945990,silent,43943966
12,17|7|7|5|4|4|4,7,839,16538967,silent,16538128
12,17|7|6|6|6|5|1,7,717,9459961,silent,9459244
12,17|7|6|6|6|4|2,7,1684,26181196,silent,26179512
12,17|7|6|6|6|3|3,7,858,17451942,silent,17451084
12,17|7|6|6|5|5|2,7,1172,23831099,silent,23829927
12,17|7|6|6|5|4|3,7,2113,45555239,silent,45553126
12,17|7|6|6|4|4|4,7,774,14025707,silent,14024933
12,17|7|6|5|5|5|3,7,628,18359923,silent,18359295
12,17|7|6|5|5|4|4,7,665,17337084,silent,17336419
12,17|7|5|5|5|5|4,7,108,3830988,silent,3830880
12,17|6|6|6|6|6|1,7,72,679609,silent,679537
12,17|6|6|6|6|5|2,7,247,4033190,silent,4032943
12,17|6|6|6|6|4|3,7,314,6120407,silent,6120093
12,17|6|6|6|5|5|3,7,197,6240483,silent,6240286
12,17|6|6|6|5|4|4,7,250,5540130,silent,5539880
12,17|6|6|5|5|5|4,7,65,3124000,silent,3123935
12,17|6|5|5|5|5|5,7,14,406156,silent,406142
12,16|16|12|1|1|1|1,7,28,27246,silent,27218
12,16|16|11|2|1|1|1,7,192,214901,silent,214709
12,16|16|10|3|1|1|1,7,656,792786,silent,792130
12,16|16|10|2|2|1|1,7,598,681777,silent,681179
12,16|16|9|4|1|1|1,7,1250,1732658,silent,1731408
12,16|16|9|3|2|1|1,7,2162,2916542,silent,2914380
12,16|16|9|2|2|2|1,7,958,1092995,silent,1092037
12,16|16|8|5|1|1|1,7,1584,2368637,silent,2367053
12,16|16|8|4|2|1|1,7,3863,6077268,silent,6073405
12,16|16|8|3|3|1|1,7,2207,3774266,silent,3772059
12,16|16|8|3|2|2|1,7,2869,4503470,silent,4500601
12,16|16|8|2|2|2|2,7,681,827481,silent,826800
12,16|16|7|6|1|1|1,7,1117,1792880,silent,1791763
12,16|16|7|5|2|1|1,7,4152,7036022,silent,7031870
12,16|16|7|4|3|1|1,7,4424,8557732,silent,8553308
12,16|16|7|4|2|2|1,7,4560,8251030,silent,8246470
12,16|16|7|3|3|2|1,7,2899,6533432,silent,6530533
12,16|16|7|3|2|2|2,7,1566,3044502,silent,3042936
12,16|16|6|6|2|1|1,7,1720,3207216,silent,3205496
12,16|16|6|5|3|1|1,7,3841,7961197,silent,7957356
12,16|16|6|5|2|2|1,7,3603,7196945,silent,7193342
12,16|16|6|4|4|1|1,7,2193,4840410,silent,4838217
12,16|16|6|4|3|2|1,7,5116,12282528,silent,12277412
12,16|16|6|4|2|2|2,7,2159,4555981,silent,4553822
12,16|16|6|3|3|3|1,7,1038,3535758,silent,3534720
12,16|16|6|3|3|2|2,7,1272,4034413,silent,4033141
12,16|16|5|5|4|1|1,7,1454,3216453,silent,3214999
12,16|16|5|5|3|2|1,7,2573,6651051,silent,6648478
12,16|16|5|5|2|2|2,7,859,2304558,silent,2303699
12,16|16|5|4|4|2|1,7,2151,5474179,silent,5472028
12,16|16|5|4|3|3|1,7,1525,5158339,silent,5156814
12,16|16|5|4|3|2|2,7,1774,5530836,silent,5529062
12,16|16|5|3|3|3|2,7,421,2234070,silent,2233649
12,16|16|4|4|4|3|1,7,507,1602472,silent,1601965
12,16|16|4|4|4|2|2,7,541,1410412,silent,1409871
12,16|16|4|4|3|3|2,7,341,1785707,silent,1785366
12,16|16|4|3|3|3|3,7,42,414241,silent,414199
12,16|15|13|1|1|1|1,7,25,32768,silent,32743
12,16|15|12|2|1|1|1,7,280,316962,silent,316682
12,16|15|11|3|1|1|1,7,1074,1384209,silent,1383135
12,16|15|11|2|2|1|1,7,1054,1188965,silent,1187911
12,16|15|10|4|1|1|1,7,2433,3567309,silent,3564876
12,16|15|10|3|2|1|1,7,4107,5951125,silent,5947018
12,16|15|10|2|2|2|1,7,1763,2216409,silent,2214646
12,16|15|9|5|1|1|1,7,3647,5899621,silent,5895974
12,16|15|9|4|2|1|1,7,8751,14759244,silent,14750493
12,16|15|9|3|3|1|1,7,4744,9056019,silent,9051275
12,16|15|9|3|2|2|1,7,6206,10758882,silent,10752676
12,16|15|9|2|2|2|2,7,1271,1948401,silent,1947130
12,16|15|8|6|1|1|1,7,3427,6040892,silent,6037465
12,16|15|8|5|2|1|1,7,11336,21494846,silent,21483510
12,16|15|8|4|3|1|1,7,11698,25088628,silent,25076930
12,16|15|8|4|2|2|1,7,11756,24021274,silent,24009518
12,16|15|8|3|3|2|1,7,7493,18671850,silent,18664357
12,16|15|8|3|2|2|2,7,3906,8626577,silent,8622671
12,16|15|7|7|1|1|1,7,1469,2619348,silent,2617879
12,16|15|7|6|2|1|1,7,8262,16795591,silent,16787329
12,16|15|7|5|3|1|1,7,13677,32238353,silent,32224676
12,16|15|7|5|2|2|1,7,12456,28819146,silent,28806690
12,16|15|7|4|4|1|1,7,7482,18198836,silent,18191354
12,16|15|7|4|3|2|1,7,16406,45092780,silent,45076374
12,16|15|7|4|2|2|2,7,6279,16469939,silent,16463660
12,16|15|7|3|3|3|1,7,3275,12453285,silent,12450010
12,16|15|7|3|3|2|2,7,4095,14125874,silent,14121779
12,16|15|6|6|3|1|1,7,6144,15311983,silent,15305839
12,16|15|6|6|2|2|1,7,5557,13381960,silent,13376403
12,16|15|6|5|4|1|1,7,8161,21778745,silent,21770584
12,16|15|6|5|3|2|1,7,14434,43249161,silent,43234727
12,16|15|6|5|2|2|2,7,5012,14681626,silent,14676614
12,16|15|6|4|4|2|1,7,9415,28529323,silent,28519908
12,16|15|6|4|3|3|1,7,6689,25966845,silent,25960156
12,16|15|6|4|3|2|2,7,7507,27541786,silent,27534279
12,16|15|6|3|3|3|2,7,1717,10191929,silent,10190212
12,16|15|5|5|5|1|1,7,1474,4360596,silent,4359122
12,16|15|5|5|4|2|1,7,5780,19367461,silent,19361681
12,16|15|5|5|3|3|1,7,3601,14639817,silent,14636216
12,16|15|5|5|3|2|2,7,3734,15149168,silent,15145434
12,16|15|5|4|4|3|1,7,3923,15094653,silent,15090730
12,16|15|5|4|4|2|2,7,3315,12981318,silent,12978003
12,16|15|5|4|3|3|2,7,2729,15335642,silent,15332913
12,16|15|5|3|3|3|3,7,238,2744058,silent,2743820
12,16|15|4|4|4|4|1,7,573,1961876,silent,1961303
12,16|15|4|4|4|3|2,7,1032,5007638,silent,5006606
12,16|15|4|4|3|3|3,7,219,2281507,silent,2281288
12,16|14|14|1|1|1|1,7,16,14418,silent,14402
12,16|14|13|2|1|1|1,7,199,230254,silent,230055
12,16|14|12|3|1|1|1,7,1011,1328116,silent,1327105
12,16|14|12|2|2|1|1,7,924,1137925,silent,1137001
12,16|14|11|4|1|1|1,7,2762,4226638,silent,4223876
12,16|14|11|3|2|1|1,7,4613,7014714,silent,7010101
12,16|14|11|2|2|2|1,7,1945,2603445,silent,2601500
12,16|14|10|5|1|1|1,7,4939,8497640,silent,8492701
12,16|14|10|4|2|1|1,7,11521,20955115,silent,20943594
12,16|14|10|3|3|1|1,7,6370,12778835,silent,12772465
12,16|14|10|3|2|2|1,7,8112,15142034,silent,15133922
12,16|14|10|2|2|2|2,7,1718,2730754,silent,2729036
12,16|14|9|6|1|1|1,7,5840,11032772,silent,11026932
12,16|14|9|5|2|1|1,7,18222,37445040,silent,37426818
12,16|14|9|4|3|1|1,7,18389,42746875,silent,42728486
12,16|14|9|4|2|2|1,7,18153,40750158,silent,40732005
12,16|14|9|3|3|2|1,7,11591,31340862,silent,31329271
12,16|14|9|3|2|2|2,7,5850,14399876,silent,14394026
12,16|14|8|7|1|1|1,7,4103,8121982,silent,8117879
12,16|14|8|6|2|1|1,7,17678,40003901,silent,39986223
12,16|14|8|5|3|1|1,7,26939,69995385,silent,69968446
12,16|14|8|5|2|2|1,7,24134,62176553,silent,62152419
12,16|14|8|4|4|1|1,7,13973,38183099,silent,38169126
12,16|14|8|4|3|2|1,7,30631,93374866,silent,93344235
12,16|14|8|4|2|2|2,7,11618,33840049,silent,33828431
12,16|14|8|3|3|3|1,7,6155,25210312,silent,25204157
12,16|14|8|3|3|2|2,7,7354,28476707,silent,28469353
12,16|14|7|7|2|1|1,7,7618,17658479,silent,17650861
12,16|14|7|6|3|1|1,7,20636,57621158,silent,57600522
12,16|14|7|6|2|2|1,7,17906,49789444,silent,49771538
12,16|14|7|5|4|1|1,7,21343,64245581,silent,64224238
12,16|14|7|5|3|2|1,7,36685,124735456,silent,124698771
12,16|14|7|5|2|2|2,7,12164,41772302,silent,41760138
12,16|14|7|4|4|2|1,7,21912,76353316,silent,76331404
12,16|14|7|4|3|3|1,7,15721,68237052,silent,68221331
12,16|14|7|4|3|2|2,7,17052,71884285,silent,71867233
12,16|14|7|3|3|3|2,7,4002,25535432,silent,25531430
12,16|14|6|6|4|1|1,7,10280,33108191,silent,33097911
12,16|14|6|6|3|2|1,7,17021,60329978,silent,60312957
12,16|14|6|6|2|2|2,7,5758,19681058,silent,19675300
12,16|14|6|5|5|1|1,7,6852,23296632,silent,23289780
12,16|14|6|5|4|2|1,7,24388,94334019,silent,94309631
12,16|14|6|5|3|3|1,7,14758,68857962,silent,68843204
12,16|14|6|5|3|2|2,7,15168,70547497,silent,70532329
12,16|14|6|4|4|3|1,7,12514,56954636,silent,56942122
12,16|14|6|4|4|2|2,7,10619,48473080,silent,48462461
12,16|14|6|4|3|3|2,7,8555,55294687,silent,55286132
12,16|14|6|3|3|3|3,7,780,9009542,silent,9008762
12,16|14|5|5|5|2|1,7,4429,19834035,silent,19829606
12,16|14|5|5|4|3|1,7,8123,40276801,silent,40268678
12,16|14|5|5|4|2|2,7,6226,33431305,silent,33425079
12,16|14|5|5|3|3|2,7,4772,31708164,silent,31703392
12,16|14|5|4|4|4|1,7,2987,13883964,silent,13880977
12,16|14|5|4|4|3|2,7,5475,34036787,silent,34031312
12,16|14|5|4|3|3|3,7,1333,14239844,silent,14238511
12,16|14|4|4|4|4|2,7,992,4918686,silent,4917694
12,16|14|4|4|4|3|3,7,547,5105043,silent,5104496
12,16|13|13|3|1|1|1,7,404,549559,silent,549155
12,16|13|13|2|2|1|1,7,416,471294,silent,470878
12,16|13|12|4|1|1|1,7,1839,2889956,silent,2888117
12,16|13|12|3|2|1|1,7,3046,4782557,silent,4779511
12,16|13|12|2|2|2|1,7,1275,1771413,silent,1770138
12,16|13|11|5|1|1|1,7,4369,7791022,silent,7786653
12,16|13|11|4|2|1|1,7,10159,19053051,silent,19042892
12,16|13|11|3|3|1|1,7,5445,11568964,silent,11563519
12,16|13|11|3|2|2|1,7,6971,13683512,silent,13676541
12,16|13|11|2|2|2|2,7,1342,2451528,silent,2450186
12,16|13|10|6|1|1|1,7,6497,12970067,silent,12963570
12,16|13|10|5|2|1|1,7,19658,42946006,silent,42926348
12,16|13|10|4|3|1|1,7,19647,48430851,silent,48411204
12,16|13|10|4|2|2|1,7,19214,46048187,silent,46028973
12,16|13|10|3|3|2|1,7,12281,35199399,silent,35187118
12,16|13|10|3|2|2|2,7,6117,16119969,silent,16113852
12,16|13|9|7|1|1|1,7,6284,13284526,silent,13278242
12,16|13|9|6|2|1|1,7,24552,59383078,silent,59358526
12,16|13|9|5|3|1|1,7,35473,99461446,silent,99425973
12,16|13|9|5|2|2|1,7,31372,87974521,silent,87943149
12,16|13|9|4|4|1|1,7,18301,53323174,silent,53304873
12,16|13|9|4|3|2|1,7,39189,129320705,silent,129281516
12,16|13|9|4|2|2|2,7,14256,46593603,silent,46579347
12,16|13|9|3|3|3|1,7,7876,34476971,silent,34469095
12,16|13|9|3|3|2|2,7,9449,38847885,silent,38838436
12,16|13|8|8|1|1|1,7,2563,5729490,silent,5726927
12,16|13|8|7|2|1|1,7,17554,45148739,silent,45131185
12,16|13|8|6|3|1|1,7,37166,113743409,silent,113706243
12,16|13|8|6|2|2|1,7,31801,97661874,silent,97630073
12,16|13|8|5|4|1|1,7,35126,116466830,silent,116431704
12,16|13|8|5|3|2|1,7,59758,223234147,silent,223174389
12,16|13|8|5|2|2|2,7,19557,74175773,silent,74156216
12,16|13|8|4|4|2|1,7,34250,132117197,silent,132082947
12,16|13|8|4|3|3|1,7,24660,116839904,silent,116815244
12,16|13|8|4|3|2|2,7,26314,122585144,silent,122558830
12,16|13|8|3|3|3|2,7,6203,42596280,silent,42590077
12,16|13|7|7|3|1|1,7,16233,51658498,silent,51642265
12,16|13|7|7|2|2|1,7,13405,43806851,silent,43793446
12,16|13|7|6|4|1|1,7,29783,106055673,silent,106025890
12,16|13|7|6|3|2|1,7,47116,188933194,silent,188886078
12,16|13|7|6|2|2|2,7,14739,60759905,silent,60745166
12,16|13|7|5|5|1|1,7,15604,59862937,silent,59847333
12,16|13|7|5|4|2|1,7,52975,231855072,silent,231802097
12,16|13|7|5|3|3|1,7,32005,166218447,silent,166186442
12,16|13|7|5|3|2|2,7,32182,169183869,silent,169151687
12,16|13|7|4|4|3|1,7,24809,127645959,silent,127621150
12,16|13|7|4|4|2|2,7,20090,107870833,silent,107850743
12,16|13|7|4|3|3|2,7,17061,120939686,silent,120922625
12,16|13|7|3|3|3|3,7,1523,18837205,silent,18835682
12,16|13|6|6|5|1|1,7,9631,38801096,silent,38791465
12,16|13|6|6|4|2|1,7,26752,121873397,silent,121846645
12,16|13|6|6|3|3|1,7,15159,82543207,silent,82528048
12,16|13|6|6|3|2|2,7,15337,83091048,silent,83075711
12,16|13|6|5|5|2|1,7,17675,89245409,silent,89227734
12,16|13|6|5|4|3|1,7,29126,166259435,silent,166230309
12,16|13|6|5|4|2|2,7,22742,136645475,silent,136622733
12,16|13|6|5|3|3|2,7,16399,125132124,silent,125115725
12,16|13|6|4|4|4|1,7,8113,44961914,silent,44953801
12,16|13|6|4|4|3|2,7,14866,107808767,silent,107793901
12,16|13|6|4|3|3|3,7,3673,43295262,silent,43291589
12,16|13|5|5|5|3|1,7,5882,38520570,silent,38514688
12,16|13|5|5|5|2|2,7,4115,29672388,silent,29668273
12,16|13|5|5|4|4|1,7,5400,34488587,silent,34483187
12,16|13|5|5|4|3|2,7,9625,77594632,silent,77585007
12,16|13|5|5|3|3|3,7,2193,25472572,silent,25470379
12,16|13|5|4|4|4|2,7,4037,29440914,silent,29436877
12,16|13|5|4|4|3|3,7,2837,29634587,silent,29631750
12,16|13|4|4|4|4|3,7,709,5589365,silent,5588656
12,16|12|12|5|1|1|1,7,1730,3172611,silent,3170881
12,16|12|12|4|2|1|1,7,3932,7733593,silent,7729661
12,16|12|12|3|3|1|1,7,2233,4692780,silent,4690547
12,16|12|12|3|2|2|1,7,2767,5548575,silent,5545808
12,16|12|12|2|2|2|2,7,618,997941,silent,997323
12,16|12|11|6|1|1|1,7,4346,8935294,silent,8930948
12,16|12|11|5|2|1|1,7,12937,29222372,silent,29209435
12,16|12|11|4|3|1|1,7,12843,32747411,silent,32734568
12,16|12|11|4|2|2|1,7,12475,31090612,silent,31078137
12,16|12|11|3|3|2|1,7,7987,23690142,silent,23682155
12,16|12|11|3|2|2|2,7,3921,10828585,silent,10824664
12,16|12|10|7|1|1|1,7,5851,13066474,silent,13060623
12,16|12|10|6|2|1|1,7,21816,55950440,silent,55928624
12,16|12|10|5|3|1|1,7,31155,91724003,silent,91692848
12,16|12|10|5|2|2|1,7,27414,80960194,silent,80932780
12,16|12|10|4|4|1|1,7,15662,48718839,silent,48703177
12,16|12|10|4|3|2|1,7,33873,117647990,silent,117614117
12,16|12|10|4|2|2|2,7,12473,42288486,silent,42276013
12,16|12|10|3|3|3|1,7,6844,31138353,silent,31131509
12,16|12|10|3|3|2|2,7,7954,35029335,silent,35021381
12,16|12|9|8|1|1|1,7,4304,10091730,silent,10087426
12,16|12|9|7|2|1|1,7,22361,61315056,silent,61292695
12,16|12|9|6|3|1|1,7,43154,140914672,silent,140871518
12,16|12|9|6|2|2|1,7,36424,120512650,silent,120476226
12,16|12|9|5|4|1|1,7,39200,138874050,silent,138834850
12,16|12|9|5|3|2|1,7,66015,264177122,silent,264111107
12,16|12|9|5|2|2|2,7,21190,87347625,silent,87326435
12,16|12|9|4|4|2|1,7,37032,153723598,silent,153686566
12,16|12|9|4|3|3|1,7,26802,135140233,silent,135113431
12,16|12|9|4|3|2|2,7,28201,141422071,silent,141393870
12,16|12|9|3|3|3|2,7,6746,48555282,silent,48548536
12,16|12|8|8|2|1|1,7,9424,27241760,silent,27232336
12,16|12|8|7|3|1|1,7,32573,112724121,silent,112691548
12,16|12|8|7|2|2|1,7,26843,95055211,silent,95028368
12,16|12|8|6|4|1|1,7,46280,180204460,silent,180158180
12,16|12|8|6|3|2|1,7,72691,317077703,silent,317005012
12,16|12|8|6|2|2|2,7,22679,101227355,silent,101204676
12,16|12|8|5|5|1|1,7,22857,94594155,silent,94571298
12,16|12|8|5|4|2|1,7,75060,357835543,silent,357760483
12,16|12|8|5|3|3|1,7,45139,253914066,silent,253868927
12,16|12|8|5|3|2|2,7,44868,257471654,silent,257426786
12,16|12|8|4|4|3|1,7,33429,188679744,silent,188646315
12,16|12|8|4|4|2|2,7,27308,158860607,silent,158833299
12,16|12|8|4|3|3|2,7,22845,176244249,silent,176221404
12,16|12|8|3|3|3|3,7,2126,26808842,silent,26806716
12,16|12|7|7|4|1|1,7,21333,85968598,silent,85947265
12,16|12|7|7|3|2|1,7,31959,147057229,silent,147025270
12,16|12|7|7|2|2|2,7,9321,46241935,silent,46232614
12,16|12|7|6|5|1|1,7,25126,112045645,silent,112020519
12,16|12|7|6|4|2|1,7,65657,336725178,silent,336659521
12,16|12|7|6|3|3|1,7,37281,224093384,silent,224056103
12,16|12|7|6|3|2|2,7,36447,224081713,silent,224045266
12,16|12|7|5|5|2|1,7,35326,198136458,silent,198101132
12,16|12|7|5|4|3|1,7,55725,354655441,silent,354599716
12,16|12|7|5|4|2|2,7,42682,289626824,silent,289584142
12,16|12|7|5|3|3|2,7,31074,260590776,silent,260559702
12,16|12|7|4|4|4|1,7,13863,88092650,silent,88078787
12,16|12|7|4|4|3|2,7,25484,208575193,silent,208549709
12,16|12|7|4|3|3|3,7,6513,81983391,silent,81976878
12,16|12|6|6|6|1|1,7,4394,21460166,silent,21455772
12,16|12|6|6|5|2|1,7,22713,131300177,silent,131277464
12,16|12|6|6|4|3|1,7,28790,191913175,silent,191884385
12,16|12|6|6|4|2|2,7,22528,154996056,silent,154973528
12,16|12|6|6|3|3|2,7,14887,131692133,silent,131677246
12,16|12|6|5|5|3|1,7,20807,152621317,silent,152600510
12,16|12|6|5|5|2|2,7,14580,116408675,silent,116394095
12,16|12|6|5|4|4|1,7,17530,126960911,silent,126943381
12,16|12|6|5|4|3|2,7,30675,279414114,silent,279383439
12,16|12|6|5|3|3|3,7,6725,88053175,silent,88046450
12,16|12|6|4|4|4|2,7,9848,83255497,silent,83245649
12,16|12|6|4|4|3|3,7,6758,82281201,silent,82274443
12,16|12|5|5|5|4|1,7,4320,37973878,silent,37969558
12,16|12|5|5|5|3|2,7,6345,67011644,silent,67005299
12,16|12|5|5|4|4|2,7,6349,65081784,silent,65075435
12,16|12|5|5|4|3|3,7,4797,60885878,silent,60881081
12,16|12|5|4|4|4|3,7,2751,29756380,silent,29753629
12,16|12|4|4|4|4|4,7,376,2595759,silent,2595383
12,16|11|11|7|1|1|1,7,2448,5515637,silent,5513189
12,16|11|11|6|2|1|1,7,8986,23187539,silent,23178553
12,16|11|11|5|3|1|1,7,12447,37647900,silent,37635453
12,16|11|11|5|2|2|1,7,10869,33176254,silent,33165385
12,16|11|11|4|4|1|1,7,6435,19924137,silent,19917702
12,16|11|11|4|3|2|1,7,13438,47983164,silent,47969726
12,16|11|11|4|2|2|2,7,4663,17197989,silent,17193326
12,16|11|11|3|3|3|1,7,2697,12664284,silent,12661587
12,16|11|11|3|3|2|2,7,3272,14239397,silent,14236125
12,16|11|10|8|1|1|1,7,3308,8102559,silent,8099251
12,16|11|10|7|2|1|1,7,15780,45218189,silent,45202409
12,16|11|10|6|3|1|1,7,29412,100031428,silent,100002016
12,16|11|10|6|2|2|1,7,24734,85379571,silent,85354837
12,16|11|10|5|4|1|1,7,26224,96874556,silent,96848332
12,16|11|10|5|3|2|1,7,44033,183563295,silent,183519262
12,16|11|10|5|2|2|2,7,14091,60543507,silent,60529416
12,16|11|10|4|4|2|1,7,24459,105945275,silent,105920816
12,16|11|10|4|3|3|1,7,17715,92843579,silent,92825864
12,16|11|10|4|3|2|2,7,18549,97031790,silent,97013241
12,16|11|10|3|3|3|2,7,4441,33106714,silent,33102273
12,16|11|9|9|1|1|1,7,1601,3927227,silent,3925626
12,16|11|9|8|2|1|1,7,12827,38626853,silent,38614026
12,16|11|9|7|3|1|1,7,33972,124362940,silent,124328968
12,16|11|9|7|2|2|1,7,27644,104469367,silent,104441723
12,16|11|9|6|4|1|1,7,44657,182687871,silent,182643214
12,16|11|9|6|3|2|1,7,68932,319162226,silent,319093294
12,16|11|9|6|2|2|2,7,20769,101386592,silent,101365823
12,16|11|9|5|5|1|1,7,21078,92990061,silent,92968983
12,16|11|9|5|4|2|1,7,68577,347355172,silent,347286595
12,16|11|9|5|3|3|1,7,41319,245143311,silent,245101992
12,16|11|9|5|3|2|2,7,40732,247986767,silent,247946035
12,16|11|9|4|4|3|1,7,30023,179275842,silent,179245819
12,16|11|9|4|4|2|2,7,23750,150539759,silent,150516009
12,16|11|9|4|3|3|2,7,20655,166186015,silent,166165360
12,16|11|9|3|3|3|3,7,1874,24956097,silent,24954223
12,16|11|8|8|3|1|1,7,15252,58054174,silent,58038922
12,16|11|8|8|2|2|1,7,12511,48490700,silent,48478189
12,16|11|8|7|4|1|1,7,36627,159632295,silent,159595668
12,16|11|8|7|3|2|1,7,54726,269899467,silent,269844741
12,16|11|8|7|2|2|2,7,16155,84305891,silent,84289736
12,16|11|8|6|5|1|1,7,34312,164336017,silent,164301705
12,16|11|8|6|4|2|1,7,87405,482821387,silent,482733982
12,16|11|8|6|3|3|1,7,49352,318212467,silent,318163115
12,16|11|8|6|3|2|2,7,47840,317043546,silent,316995706
12,16|11|8|5|5|2|1,7,43963,264599713,silent,264555750
12,16|11|8|5|4|3|1,7,67705,464037878,silent,463970173
12,16|11|8|5|4|2|2,7,51728,377585762,silent,377534034
12,16|11|8|5|3|3|2,7,37373,336412662,silent,336375289
12,16|11|8|4|4|4|1,7,16026,110964569,silent,110948543
12,16|11|8|4|4|3|2,7,29472,260802340,silent,260772868
12,16|11|8|4|3|3|3,7,7604,101289304,silent,101281700
12,16|11|7|7|5|1|1,7,17243,86412982,silent,86395739
12,16|11|7|7|4|2|1,7,40479,237037231,silent,236996752
12,16|11|7|7|3|3|1,7,22688,152613800,silent,152591112
12,16|11|7|7|3|2|2,7,21335,151008224,silent,150986889
12,16|11|7|6|6|1|1,7,11182,58725849,silent,58714667
12,16|11|7|6|5|2|1,7,50927,326965758,silent,326914831
12,16|11|7|6|4|3|1,7,62428,459609848,silent,459547420
12,16|11|7|6|4|2|2,7,46870,368771058,silent,368724188
12,16|11|7|6|3|3|2,7,32193,308162361,silent,308130168
12,16|11|7|5|5|3|1,7,36549,294129871,silent,294093322
12,16|11|7|5|5|2|2,7,25640,223009481,silent,222983841
12,16|11|7|5|4|4|1,7,29289,236740115,silent,236710826
12,16|11|7|5|4|3|2,7,51110,514675828,silent,514624718
12,16|11|7|5|3|3|3,7,11282,158828701,silent,158817419
12,16|11|7|4|4|4|2,7,14321,140987234,silent,140972913
12,16|11|7|4|4|3|3,7,10508,138052749,silent,138042241
12,16|11|6|6|6|2|1,7,9726,65395220,silent,65385494
12,16|11|6|6|5|3|1,7,24223,201497860,silent,201473637
12,16|11|6|6|5|2|2,7,17121,151068062,silent,151050941
12,16|11|6|6|4|4|1,7,16096,134637643,silent,134621547
12,16|11|6|6|4|3|2,7,27251,284655076,silent,284627825
12,16|11|6|6|3|3|3,7,5503,82349074,silent,82343571
12,16|11|6|5|5|4|1,7,13944,134699126,silent,134685182
12,16|11|6|5|5|3|2,7,19919,232635760,silent,232615841
12,16|11|6|5|4|4|2,7,18657,210079009,silent,210060352
12,16|11|6|5|4|3|3,7,13321,192964411,silent,192951090
12,16|11|6|4|4|4|3,7,5867,74157800,silent,74151933
12,16|11|5|5|5|5|1,7,1347,16291338,silent,16289991
12,16|11|5|5|5|4|2,7,4664,65244843,silent,65240179
12,16|11|5|5|5|3|3,7,3028,48978726,silent,48975698
12,16|11|5|5|4|4|3,7,4009,59740982,silent,59736973
12,16|11|5|4|4|4|4,7,1050,12473154,silent,12472104
12,16|10|10|9|1|1|1,7,871,2314248,silent,2313377
12,16|10|10|8|2|1|1,7,5765,18312115,silent,18306350
12,16|10|10|7|3|1|1,7,14537,54853716,silent,54839179
12,16|10|10|7|2|2|1,7,11911,46035441,silent,46023530
12,16|10|10|6|4|1|1,7,18303,78154414,silent,78136111
12,16|10|10|6|3|2|1,7,28629,136163739,silent,136135110
12,16|10|10|6|2|2|2,7,8953,43211566,silent,43202613
12,16|10|10|5|5|1|1,7,8797,39321924,silent,39313127
12,16|10|10|5|4|2|1,7,28103,146080132,silent,146052029
12,16|10|10|5|3|3|1,7,16846,102813618,silent,102796772
12,16|10|10|5|3|2|2,7,16555,103924482,silent,103907927
12,16|10|10|4|4|3|1,7,12072,74704300,silent,74692228
12,16|10|10|4|4|2|2,7,10004,62708990,silent,62698986
12,16|10|10|4|3|3|2,7,8188,68982043,silent,68973855
12,16|10|10|3|3|3|3,7,814,10305027,silent,10304213
12,16|10|9|9|2|1|1,7,3518,11155509,silent,11151991
12,16|10|9|8|3|1|1,7,15347,60965937,silent,60950590
12,16|10|9|8|2|2|1,7,12361,50742948,silent,50730587
12,16|10|9|7|4|1|1,7,29095,132357755,silent,132328660
12,16|10|9|7|3|2|1,7,43034,222409575,silent,222366541
12,16|10|9|7|2|2|2,7,12464,69190704,silent,69178240
12,16|10|9|6|5|1|1,7,25301,126566808,silent,126541507
12,16|10|9|6|4|2|1,7,63456,367693209,silent,367629753
12,16|10|9|6|3|3|1,7,35878,241168602,silent,241132724
12,16|10|9|6|3|2|2,7,34421,239788037,silent,239753616
12,16|10|9|5|5|2|1,7,31131,195929800,silent,195898669
12,16|10|9|5|4|3|1,7,47437,340196034,silent,340148597
12,16|10|9|5|4|2|2,7,35973,276256919,silent,276220946
12,16|10|9|5|3|3|2,7,26170,244954337,silent,244928167
12,16|10|9|4|4|4|1,7,10934,79944033,silent,79933099
12,16|10|9|4|4|3|2,7,20141,187180097,silent,187159956
12,16|10|9|4|3|3|3,7,5272,72261495,silent,72256223
12,16|10|8|8|4|1|1,7,14280,68108294,silent,68094014
12,16|10|8|8|3|2|1,7,21250,112896467,silent,112875217
12,16|10|8|8|2|2|2,7,6428,34890629,silent,34884201
12,16|10|8|7|5|1|1,7,25012,132359213,silent,132334201
12,16|10|8|7|4|2|1,7,57550,355545077,silent,355487527
12,16|10|8|7|3|3|1,7,31825,226796425,silent,226764600
12,16|10|8|7|3|2|2,7,30017,223736741,silent,223706724
12,16|10|8|6|6|1|1,7,12881,72869224,silent,72856343
12,16|10|8|6|5|2|1,7,57220,389277842,silent,389220622
12,16|10|8|6|4|3|1,7,68564,536793801,silent,536725237
12,16|10|8|6|4|2|2,7,51854,429326473,silent,429274619
12,16|10|8|6|3|3|2,7,34812,355424815,silent,355390003
12,16|10|8|5|5|3|1,7,37728,320724813,silent,320687085
12,16|10|8|5|5|2|2,7,26059,242348003,silent,242321944
12,16|10|8|5|4|4|1,7,29568,254135998,silent,254106430
12,16|10|8|5|4|3|2,7,51326,548715974,silent,548664648
12,16|10|8|5|3|3|3,7,11304,167436780,silent,167425476
12,16|10|8|4|4|4|2,7,14014,145027591,silent,145013577
12,16|10|8|4|4|3|3,7,9909,141170894,silent,141160985
12,16|10|7|7|6|1|1,7,8528,49697191,silent,49688663
12,16|10|7|7|5|2|1,7,29655,214119149,silent,214089494
12,16|10|7|7|4|3|1,7,33592,276927869,silent,276894277
12,16|10|7|7|4|2|2,7,24328,219950521,silent,219926193
12,16|10|7|7|3|3|2,7,16868,177963746,silent,177946878
12,16|10|7|6|6|2|1,7,20173,150572659,silent,150552486
12,16|10|7|6|5|3|1,7,46845,425071164,silent,425024319
12,16|10|7|6|5|2|2,7,32370,316777886,silent,316745516
12,16|10|7|6|4|4|1,7,29617,275050538,silent,275020921
12,16|10|7|6|4|3|2,7,50067,574795814,silent,574745747
12,16|10|7|6|3|3|3,7,10358,163007077,silent,162996719
12,16|10|7|5|5|4|1,7,21210,222028739,silent,222007529
12,16|10|7|5|5|3|2,7,30028,378986356,silent,378956328
12,16|10|7|5|4|4|2,7,26565,331454697,silent,331428132
12,16|10|7|5|4|3|3,7,19259,301603980,silent,301584721
12,16|10|7|4|4|4|3,7,7524,106798471,silent,106790947
12,16|10|6|6|6|3|1,7,9561,91190409,silent,91180848
12,16|10|6|6|6|2|2,7,6800,66159827,silent,66153027
12,16|10|6|6|5|4|1,7,15082,161086211,silent,161071129
12,16|10|6|6|5|3|2,7,20617,267423659,silent,267403042
12,16|10|6|6|4|4|2,7,15443,194193375,silent,194177932
12,16|10|6|6|4|3|3,7,10315,172446740,silent,172436425
12,16|10|6|5|5|5|1,7,3951,52106988,silent,52103037
12,16|10|6|5|5|4|2,7,13178,200105286,silent,200092108
12,16|10|6|5|5|3|3,7,8297,147613989,silent,147605692
12,16|10|6|5|4|4|3,7,10182,167571607,silent,167561425
12,16|10|6|4|4|4|4,7,2070,27263897,silent,27261827
12,16|10|5|5|5|5|2,7,1375,25956332,silent,25954957
12,16|10|5|5|5|4|3,7,2695,55350394,silent,55347699
12,16|10|5|5|4|4|4,7,1230,23046694,silent,23045464
12,16|9|9|9|3|1|1,7,2481,10236380,silent,10233899
12,16|9|9|9|2|2|1,7,1888,8463765,silent,8461877
12,16|9|9|8|4|1|1,7,8596,41397086,silent,41388490
12,16|9|9|8|3|2|1,7,12326,68238110,silent,68225784
12,16|9|9|8|2|2|2,7,3393,20983640,silent,20980247
12,16|9|9|7|5|1|1,7,11873,65136493,silent,65124620
12,16|9|9|7|4|2|1,7,27010,173351207,silent,173324197
12,16|9|9|7|3|3|1,7,15039,110181181,silent,110166142
12,16|9|9|7|3|2|2,7,13989,108482312,silent,108468323
12,16|9|9|6|6|1|1,7,6001,33893716,silent,33887715
12,16|9|9|6|5|2|1,7,25252,177960353,silent,177935101
12,16|9|9|6|4|3|1,7,30185,243437582,silent,243407397
12,16|9|9|6|4|2|2,7,22050,194310033,silent,194287983
12,16|9|9|6|3|3|2,7,15499,160349744,silent,160334245
12,16|9|9|5|5|3|1,7,16151,142022416,silent,142006265
12,16|9|9|5|5|2|2,7,11387,107161936,silent,107150549
12,16|9|9|5|4|4|1,7,12476,111768280,silent,111755804
12,16|9|9|5|4|3|2,7,21745,240628075,silent,240606330
12,16|9|9|5|3|3|3,7,4822,73088516,silent,73083694
12,16|9|9|4|4|4|2,7,5501,62645622,silent,62640121
12,16|9|9|4|4|3|3,7,4323,60899336,silent,60895013
12,16|9|8|8|5|1|1,7,7706,43458489,silent,43450783
12,16|9|8|8|4|2|1,7,17173,112282240,silent,112265067
12,16|9|8|8|3|3|1,7,9284,70490981,silent,70481697
12,16|9|8|8|3|2|2,7,8811,69196549,silent,69187738
12,16|9|8|7|6|1|1,7,9498,58077495,silent,58067997
12,16|9|8|7|5|2|1,7,32184,241002355,silent,240970171
12,16|9|8|7|4|3|1,7,35622,306343899,silent,306308277
12,16|9|8|7|4|2|2,7,26157,242662648,silent,242636491
12,16|9|8|7|3|3|2,7,17562,194680519,silent,194662957
12,16|9|8|6|6|2|1,7,17741,138361115,silent,138343374
12,16|9|8|6|5|3|1,7,39755,376750727,silent,376710972
12,16|9|8|6|5|2|2,7,27379,279945937,silent,279918558
12,16|9|8|6|4|4|1,7,24706,240338698,silent,240313992
12,16|9|8|6|4|3|2,7,41554,499248539,silent,499206985
12,16|9|8|6|3|3|3,7,8532,140178282,silent,140169750
12,16|9|8|5|5|4|1,7,16665,181892900,silent,181876235
12,16|9|8|5|5|3|2,7,23405,308621477,silent,308598072
12,16|9|8|5|4|4|2,7,20399,266114186,silent,266093787
12,16|9|8|5|4|3|3,7,14658,240952795,silent,240938137
12,16|9|8|4|4|4|3,7,5481,82552849,silent,82547368
12,16|9|7|7|7|1|1,7,1869,12616497,silent,12614628
12,16|9|7|7|6|2|1,7,12209,102756375,silent,102744166
12,16|9|7|7|5|3|1,7,22598,226781519,silent,226758921
12,16|9|7|7|5|2|2,7,15202,167374412,silent,167359210
12,16|9|7|7|4|4|1,7,13047,136667973,silent,136654926
12,16|9|7|7|4|3|2,7,21881,279982610,silent,279960729
12,16|9|7|7|3|3|3,7,4575,76499090,silent,76494515
12,16|9|7|6|6|3|1,7,16315,168888510,silent,168872195
12,16|9|7|6|6|2|2,7,10784,121776814,silent,121766030
12,16|9|7|6|5|4|1,7,23763,275746905,silent,275723142
12,16|9|7|6|5|3|2,7,32365,452829143,silent,452796778
12,16|9|7|6|4|4|2,7,22473,318826536,silent,318804063
12,16|9|7|6|4|3|3,7,15982,280806569,silent,280790587
12,16|9|7|5|5|5|1,7,5109,70825893,silent,70820784
12,16|9|7|5|5|4|2,7,16571,266304610,silent,266288039
12,16|9|7|5|5|3|3,7,10143,194675549,silent,194665406
12,16|9|7|5|4|4|3,7,11938,214368499,silent,214356561
12,16|9|7|4|4|4|4,7,1980,32027558,silent,32025578
12,16|9|6|6|6|4|1,7,5714,67693460,silent,67687746
12,16|9|6|6|6|3|2,7,7186,103316865,silent,103309679
12,16|9|6|6|5|5|1,7,4073,57551790,silent,57547717
12,16|9|6|6|5|4|2,7,12442,202239426,silent,202226984
12,16|9|6|6|5|3|3,7,7239,144336288,silent,144329049
12,16|9|6|6|4|4|3,7,7161,131963006,silent,131955845
12,16|9|6|5|5|5|2,7,3356,69596395,silent,69593039
12,16|9|6|5|5|4|3,7,6504,143011506,silent,143005002
12,16|9|6|5|4|4|4,7,2860,54936173,silent,54933313
12,16|9|5|5|5|5|3,7,749,21084206,silent,21083457
12,16|9|5|5|5|4|4,7,751,20371400,silent,20370649
12,16|8|8|8|6|1|1,7,1792,11814607,silent,11812815
12,16|8|8|8|5|2|1,7,5895,45239368,silent,45233473
12,16|8|8|8|4|3|1,7,6206,55631762,silent,55625556
12,16|8|8|8|4|2|2,7,4846,43907709,silent,43902863
12,16|8|8|8|3|3|2,7,2902,34671976,silent,34669074
12,16|8|8|7|7|1|1,7,1387,8958104,silent,8956717
12,16|8|8|7|6|2|1,7,8016,67891212,silent,67883196
12,16|8|8|7|5|3|1,7,14255,145315329,silent,145301074
12,16|8|8|7|5|2|2,7,9581,107029658,silent,107020077
12,16|8|8|7|4|4|1,7,8203,86581314,silent,86573111
12,16|8|8|7|4|3|2,7,13574,176481215,silent,176467641
12,16|8|8|7|3|3|3,7,2732,47804361,silent,47801629
12,16|8|8|6|6|3|1,7,8392,89800678,silent,89792286
12,16|8|8|6|6|2|2,7,5914,64643228,silent,64637314
12,16|8|8|6|5|4|1,7,12018,142577924,silent,142565906
12,16|8|8|6|5|3|2,7,16170,233003507,silent,232987337
12,16|8|8|6|4|4|2,7,11517,162205890,silent,162194373
12,16|8|8|6|4|3|3,7,7661,142212070,silent,142204409
12,16|8|8|5|5|5|1,7,2402,34322687,silent,34320285
12,16|8|8|5|5|4|2,7,7605,127933605,silent,127926000
12,16|8|8|5|5|3|3,7,4820,93176879,silent,93172059
12,16|8|8|5|4|4|3,7,5517,101413989,silent,101408472
12,16|8|8|4|4|4|4,7,1021,14718824,silent,14717803
12,16|8|7|7|7|2|1,7,1985,19189825,silent,19187840
12,16|8|7|7|6|3|1,7,7356,84477738,silent,84470382
12,16|8|7|7|6|2|2,7,4646,60348038,silent,60343392
12,16|8|7|7|5|4|1,7,8549,109504932,silent,109496383
12,16|8|7|7|5|3|2,7,11498,176479727,silent,176468229
12,16|8|7|7|4|4|2,7,7209,115999682,silent,115992473
12,16|8|7|7|4|3|3,7,5333,100635036,silent,100629703
12,16|8|7|6|6|4|1,7,7038,91419778,silent,91412740
12,16|8|7|6|6|3|2,7,8811,138183175,silent,138174364
12,16|8|7|6|5|5|1,7,4881,72904053,silent,72899172
12,16|8|7|6|5|4|2,7,14335,251307682,silent,251293347
12,16|8|7|6|5|3|3,7,8463,177971421,silent,177962958
12,16|8|7|6|4|4|3,7,7887,158181728,silent,158173841
12,16|8|7|5|5|5|2,7,3242,69310340,silent,69307098
12,16|8|7|5|5|4|3,7,6018,139979244,silent,139973226
12,16|8|7|5|4|4|4,7,2457,52014871,silent,52012414
12,16|8|6|6|6|5|1,7,1713,25071423,silent,25069710
12,16|8|6|6|6|4|2,7,4073,68697378,silent,68693305
12,16|8|6|6|6|3|3,7,1997,45581204,silent,45579207
12,16|8|6|6|5|5|2,7,2776,61382123,silent,61379347
12,16|8|6|6|5|4|3,7,4972,116340495,silent,116335523
12,16|8|6|6|4|4|4,7,1807,35347863,silent,35346056
12,16|8|6|5|5|5|3,7,1480,44995159,silent,44993679
12,16|8|6|5|5|4|4,7,1470,42206912,silent,42205442
12,16|8|5|5|5|5|4,7,227,8492546,silent,8492319
12,16|7|7|7|7|3|1,7,653,8976275,silent,8975622
12,16|7|7|7|7|2|2,7,447,6313952,silent,6313505
12,16|7|7|7|6|4|1,7,1723,25831600,silent,25829877
12,16|7|7|7|6|3|2,7,2141,38392440,silent,38390299
12,16|7|7|7|5|5|1,7,1029,16834462,silent,16833433
12,16|7|7|7|5|4|2,7,2866,55955142,silent,55952276
12,16|7|7|7|5|3|3,7,1709,39087686,silent,39085977
12,16|7|7|7|4|4|3,7,1428,32552679,silent,32551251
12,16|7|7|6|6|5|1,7,1179,18967524,silent,18966345
12,16|7|7|6|6|4|2,7,2528,51125253,silent,51122725
12,16|7|7|6|6|3|3,7,1515,33757144,silent,33755629
12,16|7|7|6|5|5|2,7,1951,43239475,silent,43237524
12,16|7|7|6|5|4|3,7,3210,80737945,silent,80734735
12,16|7|7|6|4|4|4,7,943,23815829,silent,23814886
12,16|7|7|5|5|5|3,7,812,25504463,silent,25503651
12,16|7|7|5|5|4|4,7,849,23645352,silent,23644503
12,16|7|6|6|6|6|1,7,236,3345169,silent,3344933
12,16|7|6|6|6|5|2,7,924,19363897,silent,19362973
12,16|7|6|6|6|4|3,7,1192,28996310,silent,28995118
12,16|7|6|6|5|5|3,7,907,28605833,silent,28604926
12,16|7|6|6|5|4|4,7,898,25087058,silent,25086160
12,16|7|6|5|5|5|4,7,304,12994084,silent,12993780
12,16|7|5|5|5|5|5,7,26,1295161,silent,1295135
12,16|6|6|6|6|6|2,7,116,1447964,silent,1447848
12,16|6|6|6|6|5|3,7,173,5004613,silent,5004440
12,16|6|6|6|6|4|4,7,190,3567736,silent,3567546
12,16|6|6|6|5|5|4,7,92,4547076,silent,4546984
12,16|6|6|5|5|5|5,7,18,1081473,silent,1081455
12,15|15|14|1|1|1|1,7,3,7695,silent,7692
12,15|15|13|2|1|1|1,7,90,99568,silent,99478
12,15|15|12|3|1|1|1,7,389,530230,silent,529841
12,15|15|12|2|2|1|1,7,403,455130,silent,454727
12,15|15|11|4|1|1|1,7,1074,1629441,silent,1628367
12,15|15|11|3|2|1|1,7,1766,2699935,silent,2698169
12,15|15|11|2|2|2|1,7,728,999946,silent,999218
12,15|15|10|5|1|1|1,7,1847,3213515,silent,3211668
12,15|15|10|4|2|1|1,7,4406,7916800,silent,7912394
12,15|15|10|3|3|1|1,7,2312,4820401,silent,4818089
12,15|15|10|3|2|2|1,7,3038,5710448,silent,5707410
12,15|15|10|2|2|2|2,7,564,1024616,silent,1024052
12,15|15|9|6|1|1|1,7,2193,4130252,silent,4128059
12,15|15|9|5|2|1|1,7,6744,13988256,silent,13981512
12,15|15|9|4|3|1|1,7,6834,15956018,silent,15949184
12,15|15|9|4|2|2|1,7,6688,15199270,silent,15192582
12,15|15|9|3|3|2|1,7,4302,11687685,silent,11683383
12,15|15|9|3|2|2|2,7,2158,5364395,silent,5362237
12,15|15|8|7|1|1|1,7,1505,3023938,silent,3022433
12,15|15|8|6|2|1|1,7,6622,14860801,silent,14854179
12,15|15|8|5|3|1|1,7,9859,25955434,silent,25945575
12,15|15|8|5|2|2|1,7,8872,23045589,silent,23036717
12,15|15|8|4|4|1|1,7,5290,14157144,silent,14151854
12,15|15|8|4|3|2|1,7,11266,34583845,silent,34572579
12,15|15|8|4|2|2|2,7,4096,12514345,silent,12510249
12,15|15|8|3|3|3|1,7,2228,9331820,silent,9329592
12,15|15|8|3|3|2|2,7,2814,10543428,silent,10540614
12,15|15|7|7|2|1|1,7,2739,6537231,silent,6534492
12,15|15|7|6|3|1|1,7,7590,21296967,silent,21289377
12,15|15|7|6|2|2|1,7,6547,18391871,silent,18385324
12,15|15|7|5|4|1|1,7,7778,23715411,silent,23707633
12,15|15|7|5|3|2|1,7,13447,46022000,silent,46008553
12,15|15|7|5|2|2|2,7,4499,15404456,silent,15399957
12,15|15|7|4|4|2|1,7,8000,28151157,silent,28143157
12,15|15|7|4|3|3|1,7,5783,25154917,silent,25149134
12,15|15|7|4|3|2|2,7,6231,26485891,silent,26479660
12,15|15|7|3|3|3|2,7,1467,9405092,silent,9403625
12,15|15|6|6|4|1|1,7,3888,12206729,silent,12202841
12,15|15|6|6|3|2|1,7,6220,22219253,silent,22213033
12,15|15|6|6|2|2|2,7,1952,7234471,silent,7232519
12,15|15|6|5|5|1|1,7,2444,8574517,silent,8572073
12,15|15|6|5|4|2|1,7,8903,34704782,silent,34695879
12,15|15|6|5|3|3|1,7,5387,25324983,silent,25319596
12,15|15|6|5|3|2|2,7,5589,25939520,silent,25933931
12,15|15|6|4|4|3|1,7,4622,20936093,silent,20931471
12,15|15|6|4|4|2|2,7,3683,17796834,silent,17793151
12,15|15|6|4|3|3|2,7,3212,20318405,silent,20315193
12,15|15|6|3|3|3|3,7,254,3305010,silent,3304756
12,15|15|5|5|5|2|1,7,1620,7286401,silent,7284781
12,15|15|5|5|4|3|1,7,2932,14785372,silent,14782440
12,15|15|5|5|4|2|2,7,2365,12275264,silent,12272899
12,15|15|5|5|3|3|2,7,1685,11629487,silent,11627802
12,15|15|5|4|4|4|1,7,1075,5092140,silent,5091065
12,15|15|5|4|4|3|2,7,1998,12480192,silent,12478194
12,15|15|5|4|3|3|3,7,491,5219813,silent,5219322
12,15|15|4|4|4|4|2,7,294,1796610,silent,1796316
12,15|15|4|4|4|3|3,7,240,1871944,silent,1871704
12,15|14|14|2|1|1|1,7,44,54195,silent,54151
12,15|14|13|3|1|1|1,7,363,494410,silent,494047
12,15|14|13|2|2|1|1,7,345,423287,silent,422942
12,15|14|12|4|1|1|1,7,1272,2037464,silent,2036192
12,15|14|12|3|2|1|1,7,2113,3368728,silent,3366615
12,15|14|12|2|2|2|1,7,884,1247241,silent,1246357
12,15|14|11|5|1|1|1,7,2790,5037595,silent,5034805
12,15|14|11|4|2|1|1,7,6435,12297742,silent,12291307
12,15|14|11|3|3|1|1,7,3494,7462040,silent,7458546
12,15|14|11|3|2|2|1,7,4428,8821679,silent,8817251
12,15|14|11|2|2|2|2,7,876,1580263,silent,1579387
12,15|14|10|6|1|1|1,7,3972,8057790,silent,8053818
12,15|14|10|5|2|1|1,7,12009,26610244,silent,26598235
12,15|14|10|4|3|1|1,7,11992,29963676,silent,29951684
12,15|14|10|4|2|2|1,7,11723,28476539,silent,28464816
12,15|14|10|3|3|2|1,7,7501,21747524,silent,21740023
12,15|14|10|3|2|2|2,7,3725,9953168,silent,9949443
12,15|14|9|7|1|1|1,7,3779,8091368,silent,8087589
12,15|14|9|6|2|1|1,7,14674,36024665,silent,36009991
12,15|14|9|5|3|1|1,7,21215,60195175,silent,60173960
12,15|14|9|5|2|2|1,7,18721,53217476,silent,53198755
12,15|14|9|4|4|1|1,7,10874,32234525,silent,32223651
12,15|14|9|4|3|2|1,7,23379,78111087,silent,78087708
12,15|14|9|4|2|2|2,7,8526,28125359,silent,28116833
12,15|14|9|3|3|3|1,7,4721,20800520,silent,20795799
12,15|14|9|3|3|2|2,7,5606,23425397,silent,23419791
12,15|14|8|8|1|1|1,7,1526,3460737,silent,3459211
12,15|14|8|7|2|1|1,7,10397,27106299,silent,27095902
12,15|14|8|6|3|1|1,7,21942,68034919,silent,68012977
12,15|14|8|6|2|2|1,7,18765,58387473,silent,58368708
12,15|14|8|5|4|1|1,7,20696,69523792,silent,69503096
12,15|14|8|5|3|2|1,7,35207,133143502,silent,133108295
12,15|14|8|5|2|2|2,7,11513,44209359,silent,44197846
12,15|14|8|4|4|2|1,7,20138,78714061,silent,78693923
12,15|14|8|4|3|3|1,7,14524,69566880,silent,69552356
12,15|14|8|4|3|2|2,7,15479,72954251,silent,72938772
12,15|14|8|3|3|3|2,7,3661,25321732,silent,25318071
12,15|14|7|7|3|1|1,7,9554,30739548,silent,30729994
12,15|14|7|7|2|2|1,7,7871,26054983,silent,26047112
12,15|14|7|6|4|1|1,7,17420,62897857,silent,62880437
12,15|14|7|6|3|2|1,7,27591,111956495,silent,111928904
12,15|14|7|6|2|2|2,7,8630,35979940,silent,35971310
12,15|14|7|5|5|1|1,7,9153,35448911,silent,35439758
12,15|14|7|5|4|2|1,7,30942,137119703,silent,137088761
12,15|14|7|5|3|3|1,7,18730,98241117,silent,98222387
12,15|14|7|5|3|2|2,7,18779,99947115,silent,99928336
12,15|14|7|4|4|3|1,7,14444,75364870,silent,75350426
12,15|14|7|4|4|2|2,7,11748,63662212,silent,63650464
12,15|14|7|4|3|3|2,7,9960,71326811,silent,71316851
12,15|14|7|3|3|3|3,7,904,11096048,silent,11095144
12,15|14|6|6|5|1|1,7,5607,22899832,silent,22894225
12,15|14|6|6|4|2|1,7,15572,71836876,silent,71821304
12,15|14|6|6|3|3|1,7,8825,48624815,silent,48615990
12,15|14|6|6|3|2|2,7,8934,48924972,silent,48916038
12,15|14|6|5|5|2|1,7,10283,52524554,silent,52514271
12,15|14|6|5|4|3|1,7,16924,97751680,silent,97734756
12,15|14|6|5|4|2|2,7,13206,80302942,silent,80289736
12,15|14|6|5|3|3|2,7,9542,73492615,silent,73483073
12,15|14|6|4|4|4|1,7,4689,26400283,silent,26395594
12,15|14|6|4|4|3|2,7,8615,63255312,silent,63246697
12,15|14|6|4|3|3|3,7,2142,25382001,silent,25379859
12,15|14|5|5|5|3|1,7,3421,22584447,silent,22581026
12,15|14|5|5|5|2|2,7,2378,17388058,silent,17385680
12,15|14|5|5|4|4|1,7,3121,20206369,silent,20203248
12,15|14|5|5|4|3|2,7,5574,45428082,silent,45422508
12,15|14|5|5|3|3|3,7,1287,14901335,silent,14900048
12,15|14|5|4|4|4|2,7,2330,17215137,silent,17212807
12,15|14|5|4|4|3|3,7,1629,17318722,silent,17317093
12,15|14|4|4|4|4|3,7,401,3259707,silent,3259306
12,15|13|13|4|1|1|1,7,584,913901,silent,913317
12,15|13|13|3|2|1|1,7,936,1505968,silent,1505032
12,15|13|13|2|2|2|1,7,375,555156,silent,554781
12,15|13|12|5|1|1|1,7,2033,3794217,silent,3792184
12,15|13|12|4|2|1|1,7,4698,9219551,silent,9214853
12,15|13|12|3|3|1|1,7,2513,5580485,silent,5577972
12,15|13|12|3|2|2|1,7,3206,6591177,silent,6587971
12,15|13|12|2|2|2|2,7,607,1176867,silent,1176260
12,15|13|11|6|1|1|1,7,3987,8288801,silent,8284814
12,15|13|11|5|2|1|1,7,11698,26976539,silent,26964841
12,15|13|11|4|3|1|1,7,11611,30157489,silent,30145878
12,15|13|11|4|2|2|1,7,11165,28598543,silent,28587378
12,15|13|11|3|3|2|1,7,7200,21767142,silent,21759942
12,15|13|11|3|2|2|2,7,3487,9932828,silent,9929341
12,15|13|10|7|1|1|1,7,4874,11089978,silent,11085104
12,15|13|10|6|2|1|1,7,18153,47163482,silent,47145329
12,15|13|10|5|3|1|1,7,25558,76998119,silent,76972561
12,15|13|10|5|2|2|1,7,22455,67898325,silent,67875870
12,15|13|10|4|4|1|1,7,13048,40832867,silent,40819819
12,15|13|10|4|3|2|1,7,27750,98440979,silent,98413229
12,15|13|10|4|2|2|2,7,9937,35321971,silent,35312034
12,15|13|10|3|3|3|1,7,5593,26011368,silent,26005775
12,15|13|10|3|3|2|2,7,6657,29247792,silent,29241135
12,15|13|9|8|1|1|1,7,3470,8256097,silent,8252627
12,15|13|9|7|2|1|1,7,17689,49633917,silent,49616228
12,15|13|9|6|3|1|1,7,34070,113367963,silent,113333893
12,15|13|9|6|2|2|1,7,28592,96863634,silent,96835042
12,15|13|9|5|4|1|1,7,30765,111350014,silent,111319249
12,15|13|9|5|3|2|1,7,51806,211532111,silent,211480305
12,15|13|9|5|2|2|2,7,16570,69854868,silent,69838298
12,15|13|9|4|4|2|1,7,28927,122865011,silent,122836084
12,15|13|9|4|3|3|1,7,21069,107919809,silent,107898740
12,15|13|9|4|3|2|2,7,22026,112845392,silent,112823366
12,15|13|9|3|3|3|2,7,5328,38685329,silent,38680001
12,15|13|8|8|2|1|1,7,7464,21704613,silent,21697149
12,15|13|8|7|3|1|1,7,25138,88908789,silent,88883651
12,15|13|8|7|2|2|1,7,20697,74907495,silent,74886798
12,15|13|8|6|4|1|1,7,35810,141351233,silent,141315423
12,15|13|8|6|3|2|1,7,55790,248355739,silent,248299949
12,15|13|8|6|2|2|2,7,17060,79172399,silent,79155339
12,15|13|8|5|5|1|1,7,17374,73994232,silent,73976858
12,15|13|8|5|4|2|1,7,57389,279362271,silent,279304882
12,15|13|8|5|3|3|1,7,34566,198052768,silent,198018202
12,15|13|8|5|3|2|2,7,34398,200688131,silent,200653733
12,15|13|8|4|4|3|1,7,25604,146914527,silent,146888923
12,15|13|8|4|4|2|2,7,20427,123574913,silent,123554486
12,15|13|8|4|3|3|2,7,17637,137025603,silent,137007966
12,15|13|8|3|3|3|3,7,1590,20796159,silent,20794569
12,15|13|7|7|4|1|1,7,16113,66786196,silent,66770083
12,15|13|7|7|3|2|1,7,24322,114106761,silent,114082439
12,15|13|7|7|2|2|2,7,7222,35849945,silent,35842723
12,15|13|7|6|5|1|1,7,19066,86635603,silent,86616537
12,15|13|7|6|4|2|1,7,49623,259829574,silent,259779951
12,15|13|7|6|3|3|1,7,28276,172767510,silent,172739234
12,15|13|7|6|3|2|2,7,27513,172630827,silent,172603314
12,15|13|7|5|5|2|1,7,26698,152509330,silent,152482632
12,15|13|7|5|4|3|1,7,41966,272538253,silent,272496287
12,15|13|7|5|4|2|2,7,32220,222419301,silent,222387081
12,15|13|7|5|3|3|2,7,23435,199939896,silent,199916461
12,15|13|7|4|4|4|1,7,10345,67541648,silent,67531303
12,15|13|7|4|4|3|2,7,19122,159756563,silent,159737441
12,15|13|7|4|3|3|3,7,4958,62723557,silent,62718599
12,15|13|6|6|6|1|1,7,3409,16478458,silent,16475049
12,15|13|6|6|5|2|1,7,17034,100474992,silent,100457958
12,15|13|6|6|4|3|1,7,21656,146629663,silent,146608007
12,15|13|6|6|4|2|2,7,16531,118310850,silent,118294319
12,15|13|6|6|3|3|2,7,11344,100475872,silent,100464528
12,15|13|6|5|5|3|1,7,15543,116314109,silent,116298566
12,15|13|6|5|5|2|2,7,11063,88672130,silent,88661067
12,15|13|6|5|4|4|1,7,13046,96642995,silent,96629949
12,15|13|6|5|4|3|2,7,22896,212473393,silent,212450497
12,15|13|6|5|3|3|3,7,5025,66877289,silent,66872264
12,15|13|6|4|4|4|2,7,7087,63153643,silent,63146556
12,15|13|6|4|4|3|3,7,5158,62403517,silent,62398359
12,15|13|5|5|5|4|1,7,3226,28772104,silent,28768878
12,15|13|5|5|5|3|2,7,4701,50717258,silent,50712557
12,15|13|5|5|4|4|2,7,4810,49212455,silent,49207645
12,15|13|5|5|4|3|3,7,3501,45993388,silent,45989887
12,15|13|5|4|4|4|3,7,2009,22432833,silent,22430824
12,15|13|4|4|4|4|4,7,216,1945193,silent,1944977
12,15|12|12|6|1|1|1,7,1616,3527409,silent,3525793
12,15|12|12|5|2|1|1,7,4814,11423161,silent,11418347
12,15|12|12|4|3|1|1,7,4759,12729763,silent,12725004
12,15|12|12|4|2|2|1,7,4658,12074077,silent,12069419
12,15|12|12|3|3|2|1,7,2963,9167885,silent,9164922
12,15|12|12|3|2|2|2,7,1474,4186143,silent,4184669
12,15|12|11|7|1|1|1,7,3498,8183395,silent,8179897
12,15|12|11|6|2|1|1,7,12646,34053409,silent,34040763
12,15|12|11|5|3|1|1,7,17672,54964170,silent,54946498
12,15|12|11|5|2|2|1,7,15407,48397005,silent,48381598
12,15|12|11|4|4|1|1,7,8895,28999641,silent,28990746
12,15|12|11|4|3|2|1,7,18970,69727909,silent,69708939
12,15|12|11|4|2|2|2,7,6777,24975427,silent,24968650
12,15|12|11|3|3|3|1,7,3847,18350168,silent,18346321
12,15|12|11|3|3|2|2,7,4490,20610334,silent,20605844
12,15|12|10|8|1|1|1,7,3701,9391601,silent,9387900
12,15|12|10|7|2|1|1,7,17430,51540575,silent,51523145
12,15|12|10|6|3|1|1,7,32189,112887382,silent,112855193
12,15|12|10|6|2|2|1,7,27063,96254144,silent,96227081
12,15|12|10|5|4|1|1,7,28548,108750512,silent,108721964
12,15|12|10|5|3|2|1,7,47921,205671736,silent,205623815
12,15|12|10|5|2|2|2,7,15315,67738588,silent,67723273
12,15|12|10|4|4|2|1,7,26509,118378813,silent,118352304
12,15|12|10|4|3|3|1,7,19224,103581580,silent,103562356
12,15|12|10|4|3|2|2,7,20101,108160678,silent,108140577
12,15|12|10|3|3|3|2,7,4824,36802750,silent,36797926
12,15|12|9|9|1|1|1,7,1675,4237009,silent,4235334
12,15|12|9|8|2|1|1,7,13017,40541987,silent,40528970
12,15|12|9|7|3|1|1,7,34088,128436030,silent,128401942
12,15|12|9|7|2|2|1,7,27683,107782531,silent,107754848
12,15|12|9|6|4|1|1,7,44255,186962710,silent,186918455
12,15|12|9|6|3|2|1,7,68414,326021472,silent,325953058
12,15|12|9|6|2|2|2,7,20681,103423935,silent,103403254
12,15|12|9|5|5|1|1,7,20955,94781087,silent,94760132
12,15|12|9|5|4|2|1,7,67682,352975577,silent,352907895
12,15|12|9|5|3|3|1,7,40844,248746062,silent,248705218
12,15|12|9|5|3|2|2,7,40103,251408728,silent,251368625
12,15|12|9|4|4|3|1,7,29431,181419473,silent,181390042
12,15|12|9|4|4|2|2,7,23474,152217803,silent,152194329
12,15|12|9|4|3|3|2,7,20285,167770711,silent,167750426
12,15|12|9|3|3|3|3,7,1902,25120531,silent,25118629
12,15|12|8|8|3|1|1,7,14781,58046514,silent,58031733
12,15|12|8|8|2|2|1,7,12121,48431293,silent,48419172
12,15|12|8|7|4|1|1,7,35005,157178883,silent,157143878
12,15|12|8|7|3|2|1,7,52267,265249630,silent,265197363
12,15|12|8|7|2|2|2,7,15393,82731866,silent,82716473
12,15|12|8|6|5|1|1,7,32549,160534152,silent,160501603
12,15|12|8|6|4|2|1,7,82676,470244264,silent,470161588
12,15|12|8|6|3|3|1,7,46720,309486113,silent,309439393
12,15|12|8|6|3|2|2,7,45211,308073464,silent,308028253
12,15|12|8|5|5|2|1,7,41467,256657490,silent,256616023
12,15|12|8|5|4|3|1,7,63673,448997130,silent,448933457
12,15|12|8|5|4|2|2,7,48609,365020653,silent,364972044
12,15|12|8|5|3|3|2,7,35201,324760555,silent,324725354
12,15|12|8|4|4|4|1,7,14944,106999551,silent,106984607
12,15|12|8|4|4|3|2,7,27575,251104325,silent,251076750
12,15|12|8|4|3|3|3,7,7174,97341294,silent,97334120
12,15|12|7|7|5|1|1,7,16138,82971536,silent,82955398
12,15|12|7|7|4|2|1,7,37680,226925132,silent,226887452
12,15|12|7|7|3|3|1,7,21153,145895425,silent,145874272
12,15|12|7|7|3|2|2,7,19816,144235586,silent,144215770
12,15|12|7|6|6|1|1,7,10325,56033650,silent,56023325
12,15|12|7|6|5|2|1,7,47047,310560926,silent,310513879
12,15|12|7|6|4|3|1,7,57498,435478720,silent,435421222
12,15|12|7|6|4|2|2,7,43214,349105996,silent,349062782
12,15|12|7|6|3|3|2,7,29667,291319087,silent,291289420
12,15|12|7|5|5|3|1,7,33642,277564358,silent,277530716
12,15|12|7|5|5|2|2,7,23468,210258002,silent,210234534
12,15|12|7|5|4|4|1,7,26758,223004214,silent,222977456
12,15|12|7|5|4|3|2,7,46804,484096076,silent,484049272
12,15|12|7|5|3|3|3,7,10421,149122433,silent,149112012
12,15|12|7|4|4|4|2,7,13036,132173073,silent,132160037
12,15|12|7|4|4|3|3,7,9528,129276998,silent,129267470
12,15|12|6|6|6|2|1,7,8855,61344236,silent,61335381
12,15|12|6|6|5|3|1,7,22006,188256629,silent,188234623
12,15|12|6|6|5|2|2,7,15561,141015043,silent,140999482
12,15|12|6|6|4|4|1,7,14561,125560747,silent,125546186
12,15|12|6|6|4|3|2,7,24684,265080314,silent,265055630
12,15|12|6|6|3|3|3,7,5013,76551469,silent,76546456
12,15|12|6|5|5|4|1,7,12618,125116802,silent,125104184
12,15|12|6|5|5|3|2,7,18027,215775318,silent,215757291
12,15|12|6|5|4|4|2,7,16753,194512973,silent,194496220
12,15|12|6|5|4|3|3,7,12013,178484732,silent,178472719
12,15|12|6|4|4|4|3,7,5209,68369514,silent,68364305
12,15|12|5|5|5|5|1,7,1220,14998692,silent,14997472
12,15|12|5|5|5|4|2,7,4170,59943905,silent,59939735
12,15|12|5|5|5|3|3,7,2743,44956626,silent,44953883
12,15|12|5|5|4|4|3,7,3553,54742786,silent,54739233
12,15|12|5|4|4|4|4,7,927,11388273,silent,11387346
12,15|11|11|8|1|1|1,7,1678,4196528,silent,4194850
12,15|11|11|7|2|1|1,7,7384,22232175,silent,22224791
12,15|11|11|6|3|1|1,7,13418,47867633,silent,47854215
12,15|11|11|6|2|2|1,7,11047,40742180,silent,40731133
12,15|11|11|5|4|1|1,7,11751,45729690,silent,45717939
12,15|11|11|5|3|2|1,7,19571,86286462,silent,86266891
12,15|11|11|5|2|2|2,7,6107,28357237,silent,28351130
12,15|11|11|4|4|2|1,7,10721,49456216,silent,49445495
12,15|11|11|4|3|3|1,7,7894,43222680,silent,43214786
12,15|11|11|4|3|2|2,7,8089,45077874,silent,45069785
12,15|11|11|3|3|3|2,7,2010,15303213,silent,15301203
12,15|11|10|9|1|1|1,7,1655,4460407,silent,4458752
12,15|11|10|8|2|1|1,7,10335,33524568,silent,33514233
12,15|11|10|7|3|1|1,7,24857,97653134,silent,97628277
12,15|11|10|7|2|2|1,7,20179,81791467,silent,81771288
12,15|11|10|6|4|1|1,7,31204,137091530,silent,137060326
12,15|11|10|6|3|2|1,7,48003,238112876,silent,238064873
12,15|11|10|6|2|2|2,7,14398,75341883,silent,75327485
12,15|11|10|5|5|1|1,7,14515,68499013,silent,68484498
12,15|11|10|5|4|2|1,7,46658,253333527,silent,253286869
12,15|11|10|5|3|3|1,7,28102,177960557,silent,177932455
12,15|11|10|5|3|2|2,7,27552,179631319,silent,179603767
12,15|11|10|4|4|3|1,7,20074,128741134,silent,128721060
12,15|11|10|4|4|2|2,7,15890,107867028,silent,107851138
12,15|11|10|4|3|3|2,7,13832,118519211,silent,118505379
12,15|11|10|3|3|3|3,7,1281,17619541,silent,17618260
12,15|11|9|9|2|1|1,7,4907,16413895,silent,16408988
12,15|11|9|8|3|1|1,7,20684,85391012,silent,85370328
12,15|11|9|8|2|2|1,7,16511,70947816,silent,70931305
12,15|11|9|7|4|1|1,7,38062,180574415,silent,180536353
12,15|11|9|7|3|2|1,7,56227,302588519,silent,302532292
12,15|11|9|7|2|2|2,7,16231,93927439,silent,93911208
12,15|11|9|6|5|1|1,7,32782,170435225,silent,170402443
12,15|11|9|6|4|2|1,7,81586,492898952,silent,492817366
12,15|11|9|6|3|3|1,7,46316,322648978,silent,322602662
12,15|11|9|6|3|2|2,7,44090,320374547,silent,320330457
12,15|11|9|5|5|2|1,7,39887,260945111,silent,260905224
12,15|11|9|5|4|3|1,7,60497,451384449,silent,451323952
12,15|11|9|5|4|2|2,7,45751,366082908,silent,366037157
12,15|11|9|5|3|3|2,7,33456,323968546,silent,323935090
12,15|11|9|4|4|4|1,7,13724,105490984,silent,105477260
12,15|11|9|4|4|3|2,7,25440,246498832,silent,246473392
12,15|11|9|4|3|3|3,7,6790,94920760,silent,94913970
12,15|11|8|8|4|1|1,7,17609,86395639,silent,86378030
12,15|11|8|8|3|2|1,7,25757,142779474,silent,142753717
12,15|11|8|8|2|2|2,7,7477,44002468,silent,43994991
12,15|11|8|7|5|1|1,7,29654,163807601,silent,163777947
12,15|11|8|7|4|2|1,7,68054,438060168,silent,437992114
12,15|11|8|7|3|3|1,7,37695,278877695,silent,278840000
12,15|11|8|7|3|2|2,7,35444,274759052,silent,274723608
12,15|11|8|6|6|1|1,7,15390,89258647,silent,89243257
12,15|11|8|6|5|2|1,7,66853,473421740,silent,473354887
12,15|11|8|6|4|3|1,7,80007,650421290,silent,650341283
12,15|11|8|6|4|2|2,7,59650,519488621,silent,519428971
12,15|11|8|6|3|3|2,7,40892,429310036,silent,429269144
12,15|11|8|5|5|3|1,7,43673,386096130,silent,386052457
12,15|11|8|5|5|2|2,7,30483,291417739,silent,291387256
12,15|11|8|5|4|4|1,7,33993,305059903,silent,305025910
12,15|11|8|5|4|3|2,7,59175,657345382,silent,657286207
12,15|11|8|5|3|3|3,7,13112,200067322,silent,200054210
12,15|11|8|4|4|4|2,7,15588,172775371,silent,172759783
12,15|11|8|4|4|3|3,7,11578,168003934,silent,167992356
12,15|11|7|7|6|1|1,7,9629,58855638,silent,58846009
12,15|11|7|7|5|2|1,7,33605,251854387,silent,251820782
12,15|11|7|7|4|3|1,7,37832,324524029,silent,324486197
12,15|11|7|7|4|2|2,7,27673,257467711,silent,257440038
12,15|11|7|7|3|3|2,7,18915,207874353,silent,207855438
12,15|11|7|6|6|2|1,7,22549,175261179,silent,175238630
12,15|11|7|6|5|3|1,7,52242,491726676,silent,491674434
12,15|11|7|6|5|2|2,7,35953,366000902,silent,365964949
12,15|11|7|6|4|4|1,7,32730,317278614,silent,317245884
12,15|11|7|6|4|3|2,7,55497,661721171,silent,661665674
12,15|11|7|6|3|3|3,7,11606,187184458,silent,187172852
12,15|11|7|5|5|4|1,7,23470,254481701,silent,254458231
12,15|11|7|5|5|3|2,7,33190,433508926,silent,433475736
12,15|11|7|5|4|4|2,7,29133,378095568,silent,378066435
12,15|11|7|5|4|3|3,7,21154,343548674,silent,343527520
12,15|11|7|4|4|4|3,7,8076,121016804,silent,121008728
12,15|11|6|6|6|3|1,7,10452,103223699,silent,103213247
12,15|11|6|6|6|2|2,7,7119,74767877,silent,74760758
12,15|11|6|6|5|4|1,7,16323,181371594,silent,181355271
12,15|11|6|6|5|3|2,7,22401,300515941,silent,300493540
12,15|11|6|6|4|4|2,7,16234,217574098,silent,217557864
12,15|11|6|6|4|3|3,7,11331,193000285,silent,192988954
12,15|11|6|5|5|5|1,7,4292,58200282,silent,58195990
12,15|11|6|5|5|4|2,7,14311,222837257,silent,222822946
12,15|11|6|5|5|3|3,7,8847,164127793,silent,164118946
12,15|11|6|5|4|4|3,7,10809,185829631,silent,185818822
12,15|11|6|4|4|4|4,7,2011,30041125,silent,30039114
12,15|11|5|5|5|5|2,7,1434,28483658,silent,28482224
12,15|11|5|5|5|4|3,7,2861,60605947,silent,60603086
12,15|11|5|5|4|4|4,7,1345,25158220,silent,25156875
12,15|10|10|10|1|1|1,7,236,729526,silent,729290
12,15|10|10|9|2|1|1,7,2818,9845378,silent,9842560
12,15|10|10|8|3|1|1,7,9590,41172243,silent,41162653
12,15|10|10|8|2|2|1,7,7825,34182771,silent,34174946
12,15|10|10|7|4|1|1,7,16569,81104956,silent,81088387
12,15|10|10|7|3|2|1,7,24539,135518049,silent,135493510
12,15|10|10|7|2|2|2,7,7206,42013057,silent,42005851
12,15|10|10|6|5|1|1,7,13854,74431957,silent,74418103
12,15|10|10|6|4|2|1,7,34600,214123722,silent,214089122
12,15|10|10|6|3|3|1,7,19419,139778206,silent,139758787
12,15|10|10|6|3|2|2,7,18722,138699711,silent,138680989
12,15|10|10|5|5|2|1,7,16655,111996967,silent,111980312
12,15|10|10|5|4|3|1,7,25146,192786534,silent,192761388
12,15|10|10|5|4|2|2,7,19144,156225852,silent,156206708
12,15|10|10|5|3|3|2,7,13774,137852752,silent,137838978
12,15|10|10|4|4|4|1,7,5725,44706462,silent,44700737
12,15|10|10|4|4|3|2,7,10524,104231337,silent,104220813
12,15|10|10|4|3|3|3,7,2745,39992465,silent,39989720
12,15|10|9|9|3|1|1,7,5807,25418105,silent,25412298
12,15|10|9|9|2|2|1,7,4514,20993230,silent,20988716
12,15|10|9|8|4|1|1,7,18111,93125744,silent,93107633
12,15|10|9|8|3|2|1,7,26258,152943730,silent,152917472
12,15|10|9|8|2|2|2,7,7479,46935530,silent,46928051
12,15|10|9|7|5|1|1,7,24331,140135136,silent,140110805
12,15|10|9|7|4|2|1,7,54943,370557397,silent,370502454
12,15|10|9|7|3|3|1,7,30472,234767185,silent,234736713
12,15|10|9|7|3|2|2,7,28342,230821612,silent,230793270
12,15|10|9|6|6|1|1,7,11786,71588990,silent,71577204
12,15|10|9|6|5|2|1,7,50207,371999675,silent,371949468
12,15|10|9|6|4|3|1,7,59505,506004327,silent,505944822
12,15|10|9|6|4|2|2,7,44139,403327841,silent,403283702
12,15|10|9|6|3|3|2,7,30314,331708410,silent,331678096
12,15|10|9|5|5|3|1,7,31711,292054511,silent,292022800
12,15|10|9|5|5|2|2,7,21942,219992320,silent,219970378
12,15|10|9|5|4|4|1,7,24291,228882934,silent,228858643
12,15|10|9|5|4|3|2,7,42302,491312608,silent,491270306
12,15|10|9|5|3|3|3,7,9454,148634952,silent,148625498
12,15|10|9|4|4|4|2,7,10880,126906994,silent,126896114
12,15|10|9|4|4|3|3,7,8095,123028299,silent,123020204
12,15|10|8|8|5|1|1,7,12581,75101680,silent,75089099
12,15|10|8|8|4|2|1,7,27907,192762276,silent,192734369
12,15|10|8|8|3|3|1,7,15084,120652822,silent,120637738
12,15|10|8|8|3|2|2,7,14289,118240478,silent,118226189
12,15|10|8|7|6|1|1,7,14952,96359494,silent,96344542
12,15|10|8|7|5|2|1,7,50198,395640193,silent,395589995
12,15|10|8|7|4|3|1,7,55274,500101074,silent,500045800
12,15|10|8|7|4|2|2,7,40530,395507437,silent,395466907
12,15|10|8|7|3|3|2,7,27227,316341867,silent,316314640
12,15|10|8|6|6|2|1,7,27147,223042273,silent,223015126
12,15|10|8|6|5|3|1,7,60371,601501047,silent,601440676
12,15|10|8|6|5|2|2,7,41515,446226252,silent,446184737
12,15|10|8|6|4|4|1,7,37241,382071351,silent,382034110
12,15|10|8|6|4|3|2,7,62688,791408462,silent,791345774
12,15|10|8|6|3|3|3,7,12939,221357480,silent,221344541
12,15|10|8|5|5|4|1,7,24948,286085350,silent,286060402
12,15|10|8|5|5|3|2,7,35011,484038543,silent,484003532
12,15|10|8|5|4|4|2,7,30218,415623336,silent,415593118
12,15|10|8|5|4|3|3,7,21795,375527953,silent,375506158
12,15|10|8|4|4|4|3,7,7983,127615422,silent,127607439
12,15|10|7|7|7|1|1,7,2766,19214892,silent,19212126
12,15|10|7|7|6|2|1,7,17445,153829823,silent,153812378
12,15|10|7|7|5|3|1,7,32032,336239126,silent,336207094
12,15|10|7|7|5|2|2,7,21421,247766190,silent,247744769
12,15|10|7|7|4|4|1,7,18341,201779871,silent,201761530
12,15|10|7|7|4|3|2,7,30771,412187635,silent,412156864
12,15|10|7|7|3|3|3,7,6475,112183466,silent,112176991
12,15|10|7|6|6|3|1,7,22566,245900212,silent,245877646
12,15|10|7|6|6|2|2,7,15057,177037639,silent,177022582
12,15|10|7|6|5|4|1,7,32688,398158670,silent,398125982
12,15|10|7|6|5|3|2,7,44457,652022147,silent,651977690
12,15|10|7|6|4|4|2,7,30727,457172208,silent,457141481
12,15|10|7|6|4|3|3,7,21766,401788782,silent,401767016
12,15|10|7|5|5|5|1,7,7000,100919789,silent,100912789
12,15|10|7|5|5|4|2,7,22354,377798106,silent,377775752
12,15|10|7|5|5|3|3,7,13855,275628565,silent,275614710
12,15|10|7|5|4|4|3,7,15940,302260213,silent,302244273
12,15|10|7|4|4|4|4,7,2645,44754323,silent,44751678
12,15|10|6|6|6|4|1,7,7498,93860167,silent,93852669
12,15|10|6|6|6|3|2,7,9425,142860164,silent,142850739
12,15|10|6|6|5|5|1,7,5356,79277654,silent,79272298
12,15|10|6|6|5|4|2,7,16240,277355820,silent,277339580
12,15|10|6|6|5|3|3,7,9450,197548897,silent,197539447
12,15|10|6|6|4|4|3,7,9223,179862143,silent,179852920
12,15|10|6|5|5|5|2,7,4377,94201678,silent,94197301
12,15|10|6|5|5|4|3,7,8384,192882524,silent,192874140
12,15|10|6|5|4|4|4,7,3597,73711207,silent,73707610
12,15|10|5|5|5|5|3,7,965,27746112,silent,27745147
12,15|10|5|5|5|4|4,7,924,26737794,silent,26736870
12,15|9|9|9|4|1|1,7,2989,16046290,silent,16043301
12,15|9|9|9|3|2|1,7,4199,26077082,silent,26072883
12,15|9|9|9|2|2|2,7,1119,7940604,silent,7939485
12,15|9|9|8|5|1|1,7,7620,46581656,silent,46574036
12,15|9|9|8|4|2|1,7,16383,118415124,silent,118398741
12,15|9|9|8|3|3|1,7,9047,73867755,silent,73858708
12,15|9|9|8|3|2|2,7,8229,72221549,silent,72213320
12,15|9|9|7|6|1|1,7,7354,48779228,silent,48771874
12,15|9|9|7|5|2|1,7,24131,196908300,silent,196884169
12,15|9|9|7|4|3|1,7,26409,246901893,silent,246875484
12,15|9|9|7|4|2|2,7,19066,194904882,silent,194885816
12,15|9|9|7|3|3|2,7,13066,155357587,silent,155344521
12,15|9|9|6|6|2|1,7,12263,104872238,silent,104859975
12,15|9|9|6|5|3|1,7,27148,278434189,silent,278407041
12,15|9|9|6|5|2|2,7,18382,206194139,silent,206175757
12,15|9|9|6|4|4|1,7,16381,175651808,silent,175635427
12,15|9|9|6|4|3|2,7,27725,362789160,silent,362761435
12,15|9|9|6|3|3|3,7,5900,101020110,silent,101014210
12,15|9|9|5|5|4|1,7,10895,128454519,silent,128443624
12,15|9|9|5|5|3|2,7,15294,216688302,silent,216673008
12,15|9|9|5|4|4|2,7,12813,184772608,silent,184759795
12,15|9|9|5|4|3|3,7,9444,166596649,silent,166587205
12,15|9|9|4|4|4|3,7,3296,55786118,silent,55782822
12,15|9|8|8|6|1|1,7,5185,35292681,silent,35287496
12,15|9|8|8|5|2|1,7,15988,132794977,silent,132778989
12,15|9|8|8|4|3|1,7,16915,161924258,silent,161907343
12,15|9|8|8|4|2|2,7,12395,127402377,silent,127389982
12,15|9|8|8|3|3|2,7,8144,100286672,silent,100278528
12,15|9|8|7|7|1|1,7,3427,24811571,silent,24808144
12,15|9|8|7|6|2|1,7,20107,182800446,silent,182780339
12,15|9|8|7|5|3|1,7,35342,385375750,silent,385340408
12,15|9|8|7|5|2|2,7,23794,283180888,silent,283157094
12,15|9|8|7|4|4|1,7,20032,228025971,silent,228005939
12,15|9|8|7|4|3|2,7,33301,462986410,silent,462953109
12,15|9|8|7|3|3|3,7,6819,124737511,silent,124730692
12,15|9|8|6|6|3|1,7,20256,230103325,silent,230083069
12,15|9|8|6|6|2|2,7,13420,165171030,silent,165157610
12,15|9|8|6|5|4|1,7,28391,360456475,silent,360428084
12,15|9|8|6|5|3|2,7,38355,586762156,silent,586723801
12,15|9|8|6|4|4|2,7,26029,405595548,silent,405569519
12,15|9|8|6|4|3|3,7,18405,354729284,silent,354710879
12,15|9|8|5|5|5|1,7,5656,84866701,silent,84861045
12,15|9|8|5|5|4|2,7,17886,314252435,silent,314234549
12,15|9|8|5|5|3|3,7,10955,228148557,silent,228137602
12,15|9|8|5|4|4|3,7,12417,246669422,silent,246657005
12,15|9|8|4|4|4|4,7,1930,35229177,silent,35227247
12,15|9|7|7|7|2|1,7,3991,40532541,silent,40528550
12,15|9|7|7|6|3|1,7,14257,173673245,silent,173658988
12,15|9|7|7|6|2|2,7,9169,123815393,silent,123806224
12,15|9|7|7|5|4|1,7,16396,222139099,silent,222122703
12,15|9|7|7|5|3|2,7,21943,356574319,silent,356552376
12,15|9|7|7|4|4|2,7,13805,232854247,silent,232840442
12,15|9|7|7|4|3|3,7,9984,201368470,silent,201358486
12,15|9|7|6|6|4|1,7,12895,179185577,silent,179172682
12,15|9|7|6|6|3|2,7,16135,269780641,silent,269764506
12,15|9|7|6|5|5|1,7,8996,141381131,silent,141372135
12,15|9|7|6|5|4|2,7,25961,484171496,silent,484145535
12,15|9|7|6|5|3|3,7,15438,341882070,silent,341866632
12,15|9|7|6|4|4|3,7,14001,301855136,silent,301841135
12,15|9|7|5|5|5|2,7,5836,130590374,silent,130584538
12,15|9|7|5|5|4|3,7,10678,262301068,silent,262290390
12,15|9|7|5|4|4|4,7,4234,96670910,silent,96666676
12,15|9|6|6|6|5|1,7,2832,44601091,silent,44598259
12,15|9|6|6|6|4|2,7,6429,121380393,silent,121373964
12,15|9|6|6|6|3|3,7,3449,80354562,silent,80351113
12,15|9|6|6|5|5|2,7,4730,107374086,silent,107369356
12,15|9|6|6|5|4|3,7,8096,202352194,silent,202344098
12,15|9|6|6|4|4|4,7,2660,60943360,silent,60940700
12,15|9|6|5|5|5|3,7,2418,76543244,silent,76540826
12,15|9|6|5|5|4|4,7,2427,71517090,silent,71514663
12,15|9|5|5|5|5|4,7,339,13753428,silent,13753089
12,15|8|8|8|7|1|1,7,872,6508105,silent,6507233
12,15|8|8|8|6|2|1,7,4110,37809842,silent,37805732
12,15|8|8|8|5|3|1,7,6534,73662700,silent,73656166
12,15|8|8|8|5|2|2,7,4519,53906511,silent,53901992
12,15|8|8|8|4|4|1,7,3698,42412067,silent,42408369
12,15|8|8|8|4|3|2,7,5972,85250582,silent,85244610
12,15|8|8|8|3|3|3,7,1124,22556746,silent,22555622
12,15|8|8|7|7|2|1,7,2868,29075044,silent,29072176
12,15|8|8|7|6|3|1,7,9432,116058230,silent,116048798
12,15|8|8|7|6|2|2,7,6165,82579730,silent,82573565
12,15|8|8|7|5|4|1,7,10532,144357954,silent,144347422
12,15|8|8|7|5|3|2,7,13944,230598698,silent,230584754
12,15|8|8|7|4|4|2,7,8846,148887347,silent,148878501
12,15|8|8|7|4|3|3,7,6153,128181811,silent,128175658
12,15|8|8|6|6|4|1,7,6872,96632082,silent,96625210
12,15|8|8|6|6|3|2,7,8533,144787332,silent,144778799
12,15|8|8|6|5|5|1,7,4579,74416304,silent,74411725
12,15|8|8|6|5|4|2,7,13299,252657519,silent,252644220
12,15|8|8|6|5|3|3,7,7728,177682585,silent,177674857
12,15|8|8|6|4|4|3,7,7096,155084821,silent,155077725
12,15|8|8|5|5|5|2,7,2713,63862307,silent,63859594
12,15|8|8|5|5|4|3,7,5032,127302107,silent,127297075
12,15|8|8|5|4|4|4,7,2033,46278663,silent,46276630
12,15|8|7|7|7|3|1,7,2441,33816863,silent,33814422
12,15|8|7|7|7|2|2,7,1495,23707212,silent,23705717
12,15|8|7|7|6|4|1,7,5954,93042075,silent,93036121
12,15|8|7|7|6|3|2,7,7356,137475399,silent,137468043
12,15|8|7|7|5|5|1,7,3488,59494154,silent,59490666
12,15|8|7|7|5|4|2,7,9465,195897041,silent,195887576
12,15|8|7|7|5|3|3,7,5705,136218982,silent,136213277
12,15|8|7|7|4|4|3,7,4655,112287402,silent,112282747
12,15|8|7|6|6|5|1,7,3614,62231474,silent,62227860
12,15|8|7|6|6|4|2,7,7995,166155085,silent,166147090
12,15|8|7|6|6|3|3,7,4378,109158240,silent,109153862
12,15|8|7|6|5|5|2,7,5726,137867510,silent,137861784
12,15|8|7|6|5|4|3,7,9526,255358771,silent,255349245
12,15|8|7|6|4|4|4,7,2916,74387062,silent,74384146
12,15|8|7|5|5|5|3,7,2356,77404736,silent,77402380
12,15|8|7|5|5|4|4,7,2267,71294342,silent,71292075
12,15|8|6|6|6|6|1,7,537,8501777,silent,8501240
12,15|8|6|6|6|5|2,7,2101,48421424,silent,48419323
12,15|8|6|6|6|4|3,7,2684,71899373,silent,71896689
12,15|8|6|6|5|5|3,7,2056,69649228,silent,69647172
12,15|8|6|6|5|4|4,7,2015,60679847,silent,60677832
12,15|8|6|5|5|5|4,7,670,30166665,silent,30165995
12,15|8|5|5|5|5|5,7,57,2728232,silent,2728175
12,15|7|7|7|7|4|1,7,571,10454599,silent,10454028
12,15|7|7|7|7|3|2,7,686,14908222,silent,14907536
12,15|7|7|7|6|5|1,7,930,18483229,silent,18482299
12,15|7|7|7|6|4|2,7,1951,47596240,silent,47594289
12,15|7|7|7|6|3|3,7,1137,30855081,silent,30853944
12,15|7|7|7|5|5|2,7,1243,32277559,silent,32276316
12,15|7|7|7|5|4|3,7,1937,57822777,silent,57820840
12,15|7|7|7|4|4|4,7,501,15634026,silent,15633525
12,15|7|7|6|6|6|1,7,339,6688009,silent,6687670
12,15|7|7|6|6|5|2,7,1407,36944837,silent,36943430
12,15|7|7|6|6|4|3,7,1802,54090687,silent,54088885
12,15|7|7|6|5|5|3,7,1440,49551385,silent,49549945
12,15|7|7|6|5|4|4,7,1253,42629419,silent,42628166
12,15|7|7|5|5|5|4,7,402,17321512,silent,17321110
12,15|7|6|6|6|6|2,7,304,6750045,silent,6749741
12,15|7|6|6|6|5|3,7,696,22863850,silent,22863154
12,15|7|6|6|6|4|4,7,524,16081941,silent,16081417
12,15|7|6|6|5|5|4,7,446,19883640,silent,19883194
12,15|7|6|5|5|5|5,7,61,4301681,silent,4301620
12,15|6|6|6|6|6|3,7,81,1810932,silent,1810851
12,15|6|6|6|6|5|4,7,105,3679734,silent,3679629
12,15|6|6|6|5|5|5,7,13,1578547,silent,1578534
12,14|14|14|3|1|1|1,7,55,70459,silent,70404
12,14|14|14|2|2|1|1,7,35,59938,silent,59903
12,14|14|13|4|1|1|1,7,299,496187,silent,495888
12,14|14|13|3|2|1|1,7,499,818911,silent,818412
12,14|14|13|2|2|2|1,7,209,302973,silent,302764
12,14|14|12|5|1|1|1,7,883,1655945,silent,1655062
12,14|14|12|4|2|1|1,7,1964,4018485,silent,4016521
12,14|14|12|3|3|1|1,7,1140,2434292,silent,2433152
12,14|14|12|3|2|2|1,7,1379,2874153,silent,2872774
12,14|14|12|2|2|2|2,7,317,516161,silent,515844
12,14|14|11|6|1|1|1,7,1575,3359487,silent,3357912
12,14|14|11|5|2|1|1,7,4681,10919703,silent,10915022
12,14|14|11|4|3|1|1,7,4626,12193209,silent,12188583
12,14|14|11|4|2|2|1,7,4496,11565852,silent,11561356
12,14|14|11|3|3|2|1,7,2873,8793214,silent,8790341
12,14|14|11|3|2|2|2,7,1407,4014321,silent,4012914
12,14|14|10|7|1|1|1,7,1897,4353578,silent,4351681
12,14|14|10|6|2|1|1,7,6929,18460053,silent,18453124
12,14|14|10|5|3|1|1,7,9949,30093826,silent,30083877
12,14|14|10|5|2|2|1,7,8692,26532699,silent,26524007
12,14|14|10|4|4|1|1,7,4892,15938241,silent,15933349
12,14|14|10|4|3|2|1,7,10729,38419531,silent,38408802
12,14|14|10|4|2|2|2,7,4004,13793046,silent,13789042
12,14|14|10|3|3|3|1,7,2201,10142045,silent,10139844
12,14|14|10|3|3|2|2,7,2462,11394806,silent,11392344
12,14|14|9|8|1|1|1,7,1316,3193769,silent,3192453
12,14|14|9|7|2|1|1,7,6779,19121890,silent,19115111
12,14|14|9|6|3|1|1,7,12928,43547454,silent,43534526
12,14|14|9|6|2|2|1,7,10906,37204606,silent,37193700
12,14|14|9|5|4|1|1,7,11706,42709834,silent,42698128
12,14|14|9|5|3|2|1,7,19669,81088340,silent,81068671
12,14|14|9|5|2|2|2,7,6275,26770108,silent,26763833
12,14|14|9|4|4|2|1,7,10994,47064151,silent,47053157
12,14|14|9|4|3|3|1,7,7968,41310996,silent,41303028
12,14|14|9|4|3|2|2,7,8369,43191987,silent,43183618
12,14|14|9|3|3|3|2,7,2019,14789681,silent,14787662
12,14|14|8|8|2|1|1,7,2738,8300306,silent,8297568
12,14|14|8|7|3|1|1,7,9521,33869691,silent,33860170
12,14|14|8|7|2|2|1,7,7801,28529711,silent,28521910
12,14|14|8|6|4|1|1,7,13287,53699262,silent,53685975
12,14|14|8|6|3|2|1,7,20992,94313838,silent,94292846
12,14|14|8|6|2|2|2,7,6626,30070039,silent,30063413
12,14|14|8|5|5|1|1,7,6660,28087880,silent,28081220
12,14|14|8|5|4|2|1,7,21561,105928142,silent,105906581
12,14|14|8|5|3|3|1,7,13020,75058214,silent,75045194
12,14|14|8|5|3|2|2,7,12828,76033376,silent,76020548
12,14|14|8|4|4|3|1,7,9512,55632240,silent,55622728
12,14|14|8|4|4|2|2,7,7932,46805542,silent,46797610
12,14|14|8|4|3|3|2,7,6508,51837688,silent,51831180
12,14|14|8|3|3|3|3,7,653,7864540,silent,7863887
12,14|14|7|7|4|1|1,7,6146,25277602,silent,25271456
12,14|14|7|7|3|2|1,7,9113,43153738,silent,43144625
12,14|14|7|7|2|2|2,7,2584,13545357,silent,13542773
12,14|14|7|6|5|1|1,7,7122,32710094,silent,32702972
12,14|14|7|6|4|2|1,7,18560,98017138,silent,97998578
12,14|14|7|6|3|3|1,7,10547,65138762,silent,65128215
12,14|14|7|6|3|2|2,7,10294,65074828,silent,65064534
12,14|14|7|5|5|2|1,7,9961,57460485,silent,57450524
12,14|14|7|5|4|3|1,7,15684,102608875,silent,102593191
12,14|14|7|5|4|2|2,7,11944,83711769,silent,83699825
12,14|14|7|5|3|3|2,7,8792,75218620,silent,75209828
12,14|14|7|4|4|4|1,7,3867,25406465,silent,25402598
12,14|14|7|4|4|3|2,7,7122,60057100,silent,60049978
12,14|14|7|4|3|3|3,7,1840,23561609,silent,23559769
12,14|14|6|6|6|1|1,7,1189,6196332,silent,6195143
12,14|14|6|6|5|2|1,7,6346,37758906,silent,37752560
12,14|14|6|6|4|3|1,7,7983,55057472,silent,55049489
12,14|14|6|6|4|2|2,7,6389,44433806,silent,44427417
12,14|14|6|6|3|3|2,7,4091,37689257,silent,37685166
12,14|14|6|5|5|3|1,7,5818,43627472,silent,43621654
12,14|14|6|5|5|2|2,7,3992,33238238,silent,33234246
12,14|14|6|5|4|4|1,7,4845,36229710,silent,36224865
12,14|14|6|5|4|3|2,7,8504,79610508,silent,79602004
12,14|14|6|5|3|3|3,7,1898,25044278,silent,25042380
12,14|14|6|4|4|4|2,7,2771,23654103,silent,23651332
12,14|14|6|4|4|3|3,7,1812,23341979,silent,23340167
12,14|14|5|5|5|4|1,7,1193,10761277,silent,10760084
12,14|14|5|5|5|3|2,7,1772,18963131,silent,18961359
12,14|14|5|5|4|4|2,7,1691,18382549,silent,18380858
12,14|14|5|5|4|3|3,7,1347,17184667,silent,17183320
12,14|14|5|4|4|4|3,7,746,8372983,silent,8372237
12,14|14|4|4|4|4|4,7,121,727793,silent,727672
12,14|13|13|5|1|1|1,7,490,931928,silent,931438
12,14|13|13|4|2|1|1,7,1143,2254535,silent,2253392
12,14|13|13|3|3|1|1,7,579,1360787,silent,1360208
12,14|13|13|3|2|2|1,7,750,1604894,silent,1604144
12,14|13|13|2|2|2|2,7,120,284463,silent,284343
12,14|13|12|6|1|1|1,7,1500,3274373,silent,3272873
12,14|13|12|5|2|1|1,7,4385,10555357,silent,10550972
12,14|13|12|4|3|1|1,7,4331,11737801,silent,11733470
12,14|13|12|4|2|2|1,7,4170,11118543,silent,11114373
12,14|13|12|3|3|2|1,7,2683,8436649,silent,8433966
12,14|13|12|3|2|2|2,7,1297,3844385,silent,3843088
12,14|13|11|7|1|1|1,7,2515,5972130,silent,5969615
12,14|13|11|6|2|1|1,7,9042,24705497,silent,24696455
12,14|13|11|5|3|1|1,7,12533,39737274,silent,39724741
12,14|13|11|5|2|2|1,7,10902,34962925,silent,34952023
12,14|13|11|4|4|1|1,7,6354,20935411,silent,20929057
12,14|13|11|4|3|2|1,7,13419,50273298,silent,50259879
12,14|13|11|4|2|2|2,7,4716,17984358,silent,17979642
12,14|13|11|3|3|3|1,7,2725,13211753,silent,13209028
12,14|13|11|3|3|2|2,7,3211,14832216,silent,14829005
12,14|13|10|8|1|1|1,7,2471,6332073,silent,6329602
12,14|13|10|7|2|1|1,7,11449,34432357,silent,34420908
12,14|13|10|6|3|1|1,7,21046,75011009,silent,74989963
12,14|13|10|6|2|2|1,7,17594,63909120,silent,63891526
12,14|13|10|5|4|1|1,7,18590,72052878,silent,72034288
12,14|13|10|5|3|2|1,7,31146,136112957,silent,136081811
12,14|13|10|5|2|2|2,7,9885,44782680,silent,44772795
12,14|13|10|4|4|2|1,7,17167,78219541,silent,78202374
12,14|13|10|4|3|3|1,7,12513,68392993,silent,68380480
12,14|13|10|4|3|2|2,7,13006,71371427,silent,71358421
12,14|13|10|3|3|3|2,7,3160,24254404,silent,24251244
12,14|13|9|9|1|1|1,7,1072,2775987,silent,2774915
12,14|13|9|8|2|1|1,7,8278,26191340,silent,26183062
12,14|13|9|7|3|1|1,7,21441,82266166,silent,82244725
12,14|13|9|7|2|2|1,7,17384,68990781,silent,68973397
12,14|13|9|6|4|1|1,7,27758,119175972,silent,119148214
12,14|13|9|6|3|2|1,7,42796,207583191,silent,207540395
12,14|13|9|6|2|2|2,7,12836,65786723,silent,65773887
12,14|13|9|5|5|1|1,7,13062,60279104,silent,60266042
12,14|13|9|5|4|2|1,7,42199,224107919,silent,224065720
12,14|13|9|5|3|3|1,7,25500,157809804,silent,157784304
12,14|13|9|5|3|2|2,7,25011,159413678,silent,159388667
12,14|13|9|4|4|3|1,7,18326,114922036,silent,114903710
12,14|13|9|4|4|2|2,7,14503,96364211,silent,96349708
12,14|13|9|4|3|3|2,7,12683,106141906,silent,106129223
12,14|13|9|3|3|3|3,7,1179,15864943,silent,15863764
12,14|13|8|8|3|1|1,7,9190,36642861,silent,36633671
12,14|13|8|8|2|2|1,7,7489,30549812,silent,30542323
12,14|13|8|7|4|1|1,7,21548,98426005,silent,98404457
12,14|13|8|7|3|2|1,7,32117,165918490,silent,165886373
12,14|13|8|7|2|2|2,7,9419,51701910,silent,51692491
12,14|13|8|6|5|1|1,7,19967,100105417,silent,100085450
12,14|13|8|6|4|2|1,7,50534,292730361,silent,292679827
12,14|13|8|6|3|3|1,7,28632,192514142,silent,192485510
12,14|13|8|6|3|2|2,7,27589,191527194,silent,191499605
12,14|13|8|5|5|2|1,7,25334,159424035,silent,159398701
12,14|13|8|5|4|3|1,7,38825,278509847,silent,278471022
12,14|13|8|5|4|2|2,7,29580,226298384,silent,226268804
12,14|13|8|5|3|3|2,7,21518,201195016,silent,201173498
12,14|13|8|4|4|4|1,7,9053,66241036,silent,66231983
12,14|13|8|4|4|3|2,7,16744,155327841,silent,155311097
12,14|13|8|4|3|3|3,7,4405,60156195,silent,60151790
12,14|13|7|7|5|1|1,7,9787,51305133,silent,51295346
12,14|13|7|7|4|2|1,7,22868,140088085,silent,140065217
12,14|13|7|7|3|3|1,7,12830,89995597,silent,89982767
12,14|13|7|7|3|2|2,7,12038,88928357,silent,88916319
12,14|13|7|6|6|1|1,7,6276,34536454,silent,34530178
12,14|13|7|6|5|2|1,7,28432,190919491,silent,190891059
12,14|13|7|6|4|3|1,7,34721,267349143,silent,267314422
12,14|13|7|6|4|2|2,7,26005,214207626,silent,214181621
12,14|13|7|6|3|3|2,7,17948,178625043,silent,178607095
12,14|13|7|5|5|3|1,7,20273,170032231,silent,170011958
12,14|13|7|5|5|2|2,7,14188,128741501,silent,128727313
12,14|13|7|5|4|4|1,7,16076,136469507,silent,136453431
12,14|13|7|5|4|3|2,7,28156,296007007,silent,295978851
12,14|13|7|5|3|3|3,7,6284,91092375,silent,91086091
12,14|13|7|4|4|4|2,7,7754,80663357,silent,80655603
12,14|13|7|4|4|3|3,7,5747,78859648,silent,78853901
12,14|13|6|6|6|2|1,7,5309,37469548,silent,37464239
12,14|13|6|6|5|3|1,7,13206,114737624,silent,114724418
12,14|13|6|6|5|2|2,7,9290,85898114,silent,85888824
12,14|13|6|6|4|4|1,7,8679,76445173,silent,76436494
12,14|13|6|6|4|3|2,7,14761,161262595,silent,161247834
12,14|13|6|6|3|3|3,7,3031,46527923,silent,46524892
12,14|13|6|5|5|4|1,7,7552,76014785,silent,76007233
12,14|13|6|5|5|3|2,7,10795,130990253,silent,130979458
12,14|13|6|5|4|4|2,7,9959,117962237,silent,117952278
12,14|13|6|5|4|3|3,7,7177,108185141,silent,108177964
12,14|13|6|4|4|4|3,7,3073,41364292,silent,41361219
12,14|13|5|5|5|5|1,7,728,9069502,silent,9068774
12,14|13|5|5|5|4|2,7,2498,36207631,silent,36205133
12,14|13|5|5|5|3|3,7,1618,27137010,silent,27135392
12,14|13|5|5|4|4|3,7,2107,33015771,silent,33013664
12,14|13|5|4|4|4|4,7,536,6853172,silent,6852636
12,14|12|12|7|1|1|1,7,1131,2779096,silent,2777965
12,14|12|12|6|2|1|1,7,3980,11386852,silent,11382872
12,14|12|12|5|3|1|1,7,5658,18221077,silent,18215419
12,14|12|12|5|2|2|1,7,4920,16029279,silent,16024359
12,14|12|12|4|4|1|1,7,2716,9569940,silent,9567224
12,14|12|12|4|3|2|1,7,6014,22966088,silent,22960074
12,14|12|12|4|2|2|2,7,2265,8223298,silent,8221033
12,14|12|12|3|3|3|1,7,1240,6019702,silent,6018462
12,14|12|12|3|3|2|2,7,1348,6751641,silent,6750293
12,14|12|11|8|1|1|1,7,2024,5339650,silent,5337626
12,14|12|11|7|2|1|1,7,8981,27879960,silent,27870979
12,14|12|11|6|3|1|1,7,16140,59484785,silent,59468645
12,14|12|11|6|2|2|1,7,13432,50607350,silent,50593918
12,14|12|11|5|4|1|1,7,14114,56560229,silent,56546115
12,14|12|11|5|3|2|1,7,23545,106554878,silent,106531333
12,14|12|11|5|2|2|2,7,7409,34992139,silent,34984730
12,14|12|11|4|4|2|1,7,12895,60927385,silent,60914490
12,14|12|11|4|3|3|1,7,9411,53159216,silent,53149805
12,14|12|11|4|3|2|2,7,9735,55419208,silent,55409473
12,14|12|11|3|3|3|2,7,2377,18756639,silent,18754262
12,14|12|10|9|1|1|1,7,1622,4507473,silent,4505851
12,14|12|10|8|2|1|1,7,9799,33018480,silent,33008681
12,14|12|10|7|3|1|1,7,23516,94767835,silent,94744319
12,14|12|10|7|2|2|1,7,19050,79310155,silent,79291105
12,14|12|10|6|4|1|1,7,29020,131924437,silent,131895417
12,14|12|10|6|3|2|1,7,44918,228779719,silent,228734801
12,14|12|10|6|2|2|2,7,13679,72321805,silent,72308126
12,14|12|10|5|5|1|1,7,13695,65681224,silent,65667529
12,14|12|10|5|4|2|1,7,43444,242242363,silent,242198919
12,14|12|10|5|3|3|1,7,26202,169941513,silent,169915311
12,14|12|10|5|3|2|2,7,25523,171413034,silent,171387511
12,14|12|10|4|4|3|1,7,18518,122634552,silent,122616034
12,14|12|10|4|4|2|2,7,15016,102704732,silent,102689716
12,14|12|10|4|3|3|2,7,12717,112653572,silent,112640855
12,14|12|10|3|3|3|3,7,1260,16707156,silent,16705896
12,14|12|9|9|2|1|1,7,4438,15093479,silent,15089041
12,14|12|9|8|3|1|1,7,18015,76551154,silent,76533139
12,14|12|9|8|2|2|1,7,14424,63554769,silent,63540345
12,14|12|9|7|4|1|1,7,32807,159610064,silent,159577257
12,14|12|9|7|3|2|1,7,48343,267017476,silent,266969133
12,14|12|9|7|2|2|2,7,13888,82788540,silent,82774652
12,14|12|9|6|5|1|1,7,27986,149548457,silent,149520471
12,14|12|9|6|4|2|1,7,69577,431362377,silent,431292800
12,14|12|9|6|3|3|1,7,39426,281991886,silent,281952460
12,14|12|9|6|3|2|2,7,37581,279820708,silent,279783127
12,14|12|9|5|5|2|1,7,33883,227502733,silent,227468850
12,14|12|9|5|4|3|1,7,51290,392655428,silent,392604138
12,14|12|9|5|4|2|2,7,38738,318227677,silent,318188939
12,14|12|9|5|3|3|2,7,28372,281244435,silent,281216063
12,14|12|9|4|4|4|1,7,11592,91483552,silent,91471960
12,14|12|9|4|4|3|2,7,21481,213481557,silent,213460076
12,14|12|9|4|3|3|3,7,5735,82061341,silent,82055606
12,14|12|8|8|4|1|1,7,14509,74040364,silent,74025855
12,14|12|8|8|3|2|1,7,21464,122174378,silent,122152914
12,14|12|8|8|2|2|2,7,6401,37620027,silent,37613626
12,14|12|8|7|5|1|1,7,24518,138568418,silent,138543900
12,14|12|8|7|4|2|1,7,55926,369578124,silent,369522198
12,14|12|8|7|3|3|1,7,31015,234980028,silent,234949013
12,14|12|8|7|3|2|2,7,29044,231344051,silent,231315007
12,14|12|8|6|6|1|1,7,12426,75058416,silent,75045990
12,14|12|8|6|5|2|1,7,54569,396513796,silent,396459227
12,14|12|8|6|4|3|1,7,65035,543536244,silent,543471209
12,14|12|8|6|4|2|2,7,48918,433846033,silent,433797115
12,14|12|8|6|3|3|2,7,33119,358035964,silent,358002845
12,14|12|8|5|5|3|1,7,35577,321452900,silent,321417323
12,14|12|8|5|5|2|2,7,24486,242427169,silent,242402683
12,14|12|8|5|4|4|1,7,27485,253562563,silent,253535078
12,14|12|8|5|4|3|2,7,47916,545688374,silent,545640458
12,14|12|8|5|3|3|3,7,10718,165818197,silent,165807479
12,14|12|8|4|4|4|2,7,12757,143009654,silent,142996897
12,14|12|8|4|4|3|3,7,9171,138892773,silent,138883602
12,14|12|7|7|6|1|1,7,7845,48708162,silent,48700317
12,14|12|7|7|5|2|1,7,27015,207555182,silent,207528167
12,14|12|7|7|4|3|1,7,30415,266853516,silent,266823101
12,14|12|7|7|4|2|2,7,21971,211546158,silent,211524187
12,14|12|7|7|3|3|2,7,15297,170604707,silent,170589410
12,14|12|7|6|6|2|1,7,18018,143607083,silent,143589065
12,14|12|7|6|5|3|1,7,41602,401420164,silent,401378562
12,14|12|7|6|5|2|2,7,28630,298573917,silent,298545287
12,14|12|7|6|4|4|1,7,25999,258586961,silent,258560962
12,14|12|7|6|4|3|2,7,44085,538637842,silent,538593757
12,14|12|7|6|3|3|3,7,9234,152120643,silent,152111409
12,14|12|7|5|5|4|1,7,18591,206630401,silent,206611810
12,14|12|7|5|5|3|2,7,26327,351568809,silent,351542482
12,14|12|7|5|4|4|2,7,22884,306135157,silent,306112273
12,14|12|7|5|4|3|3,7,16765,277918616,silent,277901851
12,14|12|7|4|4|4|3,7,6331,97606080,silent,97599749
12,14|12|6|6|6|3|1,7,8159,83294933,silent,83286774
12,14|12|6|6|6|2|2,7,5765,60309010,silent,60303245
12,14|12|6|6|5|4|1,7,12805,145904732,silent,145891927
12,14|12|6|6|5|3|2,7,17502,241451428,silent,241433926
12,14|12|6|6|4|4|2,7,12916,174558812,silent,174545896
12,14|12|6|6|4|3|3,7,8727,154672247,silent,154663520
12,14|12|6|5|5|5|1,7,3378,46600491,silent,46597113
12,14|12|6|5|5|4|2,7,11071,178087584,silent,178076513
12,14|12|6|5|5|3|3,7,7003,131073791,silent,131066788
12,14|12|6|5|4|4|3,7,8370,148162727,silent,148154357
12,14|12|6|4|4|4|4,7,1636,23880424,silent,23878788
12,14|12|5|5|5|5|2,7,1158,22584448,silent,22583290
12,14|12|5|5|5|4|3,7,2216,47977681,silent,47975465
12,14|12|5|5|4|4|4,7,969,19872501,silent,19871532
12,14|11|11|9|1|1|1,7,820,2256424,silent,2255604
12,14|11|11|8|2|1|1,7,4553,15322034,silent,15317481
12,14|11|11|7|3|1|1,7,10294,42516999,silent,42506705
12,14|11|11|7|2|2|1,7,8251,35521523,silent,35513272
12,14|11|11|6|4|1|1,7,12716,58251881,silent,58239165
12,14|11|11|6|3|2|1,7,19244,100766987,silent,100747743
12,14|11|11|6|2|2|2,7,5552,31773977,silent,31768425
12,14|11|11|5|5|1|1,7,5739,28796066,silent,28790327
12,14|11|11|5|4|2|1,7,18444,105818332,silent,105799888
12,14|11|11|5|3|3|1,7,11163,74131460,silent,74120297
12,14|11|11|5|3|2|2,7,10876,74700120,silent,74689244
12,14|11|11|4|4|3|1,7,7912,53273443,silent,53265531
12,14|11|11|4|4|2|2,7,6008,44544485,silent,44538477
12,14|11|11|4|3|3|2,7,5520,48839258,silent,48833738
12,14|11|11|3|3|3|3,7,493,7213219,silent,7212726
12,14|11|10|10|1|1|1,7,457,1368044,silent,1367587
12,14|11|10|9|2|1|1,7,4637,16683908,silent,16679271
12,14|11|10|8|3|1|1,7,15024,66509293,silent,66494269
12,14|11|10|8|2|2|1,7,12009,55109383,silent,55097374
12,14|11|10|7|4|1|1,7,25178,127750973,silent,127725795
12,14|11|10|7|3|2|1,7,37055,212884674,silent,212847619
12,14|11|10|7|2|2|2,7,10675,65842552,silent,65831877
12,14|11|10|6|5|1|1,7,20835,115785601,silent,115764766
12,14|11|10|6|4|2|1,7,51411,331643697,silent,331592286
12,14|11|10|6|3|3|1,7,29093,216119191,silent,216090098
12,14|11|10|6|3|2|2,7,27640,214166220,silent,214138580
12,14|11|10|5|5|2|1,7,24709,172404809,silent,172380100
12,14|11|10|5|4|3|1,7,37148,295718606,silent,295681458
12,14|11|10|5|4|2|2,7,28044,239344883,silent,239316839
12,14|11|10|5|3|3|2,7,20477,210854707,silent,210834230
12,14|11|10|4|4|4|1,7,8283,68207332,silent,68199049
12,14|11|10|4|4|3|2,7,15355,158751329,silent,158735974
12,14|11|10|4|3|3|3,7,4121,60781250,silent,60777129
12,14|11|9|9|3|1|1,7,7260,33101258,silent,33093998
12,14|11|9|9|2|2|1,7,5650,27301075,silent,27295425
12,14|11|9|8|4|1|1,7,21739,115777510,silent,115755771
12,14|11|9|8|3|2|1,7,31317,189650001,silent,189618684
12,14|11|9|8|2|2|2,7,8796,58078483,silent,58069687
12,14|11|9|7|5|1|1,7,28412,170178141,silent,170149729
12,14|11|9|7|4|2|1,7,63952,448136364,silent,448072412
12,14|11|9|7|3|3|1,7,35485,283384669,silent,283349184
12,14|11|9|7|3|2|2,7,32928,278316440,silent,278283512
12,14|11|9|6|6|1|1,7,13738,86077455,silent,86063717
12,14|11|9|6|5|2|1,7,57758,444323441,silent,444265683
12,14|11|9|6|4|3|1,7,68300,602275588,silent,602207288
12,14|11|9|6|4|2|2,7,50277,479519618,silent,479469341
12,14|11|9|6|3|3|2,7,34882,393676079,silent,393641197
12,14|11|9|5|5|3|1,7,36174,345472804,silent,345436630
12,14|11|9|5|5|2|2,7,25147,259968073,silent,259942926
12,14|11|9|5|4|4|1,7,27549,270013177,silent,269985628
12,14|11|9|5|4|3|2,7,48042,578556356,silent,578508314
12,14|11|9|5|3|3|3,7,10787,174607377,silent,174596590
12,14|11|9|4|4|4|2,7,12078,148667493,silent,148655415
12,14|11|9|4|4|3|3,7,9234,143961815,silent,143952581
12,14|11|8|8|5|1|1,7,13745,84923733,silent,84909988
12,14|11|8|8|4|2|1,7,30168,217045208,silent,217015040
12,14|11|8|8|3|3|1,7,16408,135609453,silent,135593045
12,14|11|8|8|3|2|2,7,15348,132733408,silent,132718060
12,14|11|8|7|6|1|1,7,15956,106693084,silent,106677128
12,14|11|8|7|5|2|1,7,53200,435202767,silent,435149567
12,14|11|8|7|4|3|1,7,58412,548198104,silent,548139692
12,14|11|8|7|4|2|2,7,42659,433068740,silent,433026081
12,14|11|8|7|3|3|2,7,28818,345767783,silent,345738965
12,14|11|8|6|6|2|1,7,28426,242897017,silent,242868591
12,14|11|8|6|5|3|1,7,63109,651233308,silent,651170199
12,14|11|8|6|5|2|2,7,43178,482594502,silent,482551324
12,14|11|8|6|4|4|1,7,38601,412535281,silent,412496680
12,14|11|8|6|4|3|2,7,65136,852999465,silent,852934329
12,14|11|8|6|3|3|3,7,13608,238032583,silent,238018975
12,14|11|8|5|5|4|1,7,25874,307015081,silent,306989207
12,14|11|8|5|5|3|2,7,36321,518527485,silent,518491164
12,14|11|8|5|4|4|2,7,30976,444036615,silent,444005639
12,14|11|8|5|4|3|3,7,22529,400699542,silent,400677013
12,14|11|8|4|4|4|3,7,8078,135483195,silent,135475117
12,14|11|7|7|7|1|1,7,2808,20466132,silent,20463324
12,14|11|7|7|6|2|1,7,17773,162194702,silent,162176929
12,14|11|7|7|5|3|1,7,32411,352443995,silent,352411584
12,14|11|7|7|5|2|2,7,21760,259450529,silent,259428769
12,14|11|7|7|4|4|1,7,18510,210946724,silent,210928214
12,14|11|7|7|4|3|2,7,31046,430139603,silent,430108557
12,14|11|7|7|3|3|3,7,6516,116785655,silent,116779139
12,14|11|7|6|6|3|1,7,22619,255196062,silent,255173443
12,14|11|7|6|6|2|2,7,14940,183525735,silent,183510795
12,14|11|7|6|5|4|1,7,32583,411128043,silent,411095460
12,14|11|7|6|5|3|2,7,44317,672075265,silent,672030948
12,14|11|7|6|4|4|2,7,30311,469982534,silent,469952223
12,14|11|7|6|4|3|3,7,21688,412537611,silent,412515923
12,14|11|7|5|5|5|1,7,6960,103407067,silent,103400107
12,14|11|7|5|5|4|2,7,22178,386040711,silent,386018533
12,14|11|7|5|5|3|3,7,13655,281265400,silent,281251745
12,14|11|7|5|4|4|3,7,15613,307658270,silent,307642657
12,14|11|7|4|4|4|4,7,2486,45290931,silent,45288445
12,14|11|6|6|6|4|1,7,7259,94909473,silent,94902214
12,14|11|6|6|6|3|2,7,9135,144207188,silent,144198053
12,14|11|6|6|5|5|1,7,5251,79857170,silent,79851919
12,14|11|6|6|5|4|2,7,15694,278588617,silent,278572923
12,14|11|6|6|5|3|3,7,9238,198188418,silent,198179180
12,14|11|6|6|4|4|3,7,8827,179967481,silent,179958654
12,14|11|6|5|5|5|2,7,4279,93908189,silent,93903910
12,14|11|6|5|5|4|3,7,8084,191838066,silent,191829982
12,14|11|6|5|4|4|4,7,3392,73072326,silent,73068934
12,14|11|5|5|5|5|3,7,913,27216733,silent,27215820
12,14|11|5|5|5|4|4,7,903,26190356,silent,26189453
12,14|10|10|10|2|1|1,7,701,2821595,silent,2820894
12,14|10|10|9|3|1|1,7,4302,20350668,silent,20346366
12,14|10|10|9|2|2|1,7,3440,16778604,silent,16775164
12,14|10|10|8|4|1|1,7,10274,57289880,silent,57279606
12,14|10|10|8|3|2|1,7,15080,93593668,silent,93578588
12,14|10|10|8|2|2|2,7,4476,28639943,silent,28635467
12,14|10|10|7|5|1|1,7,12837,78638782,silent,78625945
12,14|10|10|7|4|2|1,7,28714,205976674,silent,205947960
12,14|10|10|7|3|3|1,7,15822,129896410,silent,129880588
12,14|10|10|7|3|2|2,7,14730,127480277,silent,127465547
12,14|10|10|6|6|1|1,7,5847,38825941,silent,38820094
12,14|10|10|6|5|2|1,7,25179,198552930,silent,198527751
12,14|10|10|6|4|3|1,7,29489,267799316,silent,267769827
12,14|10|10|6|4|2|2,7,22268,213072815,silent,213050547
12,14|10|10|6|3|3|2,7,14844,174391949,silent,174377105
12,14|10|10|5|5|3|1,7,15551,151782601,silent,151767050
12,14|10|10|5|5|2|2,7,10522,114083765,silent,114073243
12,14|10|10|5|4|4|1,7,11788,118185089,silent,118173301
12,14|10|10|5|4|3|2,7,20476,252692410,silent,252671934
12,14|10|10|5|3|3|3,7,4605,76009921,silent,76005316
12,14|10|10|4|4|4|2,7,5362,64448520,silent,64443158
12,14|10|10|4|4|3|3,7,3727,62248135,silent,62244408
12,14|10|9|9|4|1|1,7,6416,36102992,silent,36096576
12,14|10|9|9|3|2|1,7,9013,58469877,silent,58460864
12,14|10|9|9|2|2|2,7,2401,17772428,silent,17770027
12,14|10|9|8|5|1|1,7,14759,95342565,silent,95327806
12,14|10|9|8|4|2|1,7,31833,240915741,silent,240883908
12,14|10|9|8|3|3|1,7,17391,149812878,silent,149795487
12,14|10|9|8|3|2|2,7,16019,146310493,silent,146294474
12,14|10|9|7|6|1|1,7,13781,95951955,silent,95938174
12,14|10|9|7|5|2|1,7,44841,383434222,silent,383389381
12,14|10|9|7|4|3|1,7,48814,478192959,silent,478144145
12,14|10|9|7|4|2|2,7,35315,376991055,silent,376955740
12,14|10|9|7|3|3|2,7,24047,299559749,silent,299535702
12,14|10|9|6|6|2|1,7,22435,200635650,silent,200613215
12,14|10|9|6|5|3|1,7,49026,527675839,silent,527626813
12,14|10|9|6|5|2|2,7,33335,390243914,silent,390210579
12,14|10|9|6|4|4|1,7,29591,331550718,silent,331521127
12,14|10|9|6|4|3|2,7,49907,682927290,silent,682877383
12,14|10|9|6|3|3|3,7,10495,189428737,silent,189418242
12,14|10|9|5|5|4|1,7,19391,239918406,silent,239899015
12,14|10|9|5|5|3|2,7,27169,403652094,silent,403624925
12,14|10|9|5|4|4|2,7,22757,342854389,silent,342831632
12,14|10|9|5|4|3|3,7,16690,308461699,silent,308445009
12,14|10|9|4|4|4|3,7,5792,102493769,silent,102487977
12,14|10|8|8|6|1|1,7,7670,55845923,silent,55838253
12,14|10|8|8|5|2|1,7,23798,208019469,silent,207995671
12,14|10|8|8|4|3|1,7,24978,252281849,silent,252256871
12,14|10|8|8|4|2|2,7,18571,198229417,silent,198210846
12,14|10|8|8|3|3|2,7,11925,155564967,silent,155553042
12,14|10|8|7|7|1|1,7,5084,37980098,silent,37975014
12,14|10|8|7|6|2|1,7,28839,275180333,silent,275151494
12,14|10|8|7|5|3|1,7,50359,574746527,silent,574696168
12,14|10|8|7|5|2|2,7,33694,421718596,silent,421684902
12,14|10|8|7|4|4|1,7,28331,338671400,silent,338643069
12,14|10|8|7|4|3|2,7,47101,685839638,silent,685792537
12,14|10|8|7|3|3|3,7,9710,184104512,silent,184094802
12,14|10|8|6|6|3|1,7,28187,337136882,silent,337108695
12,14|10|8|6|6|2|2,7,18991,241684858,silent,241665867
12,14|10|8|6|5|4|1,7,39351,523872745,silent,523833394
12,14|10|8|6|5|3|2,7,53041,850566417,silent,850513376
12,14|10|8|6|4|4|2,7,36067,585586114,silent,585550047
12,14|10|8|6|4|3|3,7,25194,511092180,silent,511066986
12,14|10|8|5|5|5|1,7,7807,121760571,silent,121752764
12,14|10|8|5|5|4|2,7,24253,448984772,silent,448960519
12,14|10|8|5|5|3|3,7,15129,325364357,silent,325349228
12,14|10|8|5|4|4|3,7,16753,350345587,silent,350328834
12,14|10|8|4|4|4|4,7,2683,49603743,silent,49601060
12,14|10|7|7|7|2|1,7,5297,56079715,silent,56074418
12,14|10|7|7|6|3|1,7,18647,236551872,silent,236533225
12,14|10|7|7|6|2|2,7,11855,168397510,silent,168385655
12,14|10|7|7|5|4|1,7,21212,300126887,silent,300105675
12,14|10|7|7|5|3|2,7,28403,480523593,silent,480495190
12,14|10|7|7|4|4|2,7,17571,312517690,silent,312500119
12,14|10|7|7|4|3|3,7,12913,269735403,silent,269722490
12,14|10|7|6|6|4|1,7,16363,237850413,silent,237834050
12,14|10|7|6|6|3|2,7,20437,357188906,silent,357168469
12,14|10|7|6|5|5|1,7,11357,186455245,silent,186443888
12,14|10|7|6|5|4|2,7,32618,635918658,silent,635886040
12,14|10|7|6|5|3|3,7,19388,448167693,silent,448148305
12,14|10|7|6|4|4|3,7,17437,394117321,silent,394099884
12,14|10|7|5|5|5|2,7,7303,169328288,silent,169320985
12,14|10|7|5|5|4|3,7,13209,338953605,silent,338940396
12,14|10|7|5|4|4|4,7,5119,124296886,silent,124291767
12,14|10|6|6|6|5|1,7,3404,56532908,silent,56529504
12,14|10|6|6|6|4|2,7,7845,153236118,silent,153228273
12,14|10|6|6|6|3|3,7,4047,101231330,silent,101227283
12,14|10|6|6|5|5|2,7,5600,134670880,silent,134665280
12,14|10|6|6|5|4|3,7,9662,252940139,silent,252930477
12,14|10|6|6|4|4|4,7,3233,75806728,silent,75803495
12,14|10|6|5|5|5|3,7,2907,94471587,silent,94468680
12,14|10|6|5|5|4|4,7,2794,88029913,silent,88027119
12,14|10|5|5|5|5|4,7,410,16531040,silent,16530630
12,14|9|9|9|5|1|1,7,2521,17108925,silent,17106404
12,14|9|9|9|4|2|1,7,5231,42384975,silent,42379744
12,14|9|9|9|3|3|1,7,2917,26163007,silent,26160090
12,14|9|9|9|3|2|2,7,2575,25451411,silent,25448836
12,14|9|9|8|6|1|1,7,4899,35787743,silent,35782844
12,14|9|9|8|5|2|1,7,14376,131003546,silent,130989170
12,14|9|9|8|4|3|1,7,15123,157616938,silent,157601815
12,14|9|9|8|4|2|2,7,10660,123569718,silent,123559058
12,14|9|9|8|3|3|2,7,7376,96697680,silent,96690304
12,14|9|9|7|7|1|1,7,2516,20178333,silent,20175817
12,14|9|9|7|6|2|1,7,14295,141469305,silent,141455010
12,14|9|9|7|5|3|1,7,24661,290869581,silent,290844920
12,14|9|9|7|5|2|2,7,16503,213070382,silent,213053879
12,14|9|9|7|4|4|1,7,13683,170231932,silent,170218249
12,14|9|9|7|4|3|2,7,22806,343736091,silent,343713285
12,14|9|9|7|3|3|3,7,4757,91852157,silent,91847400
12,14|9|9|6|6|3|1,7,13139,161201979,silent,161188840
12,14|9|9|6|6|2|2,7,8339,115319669,silent,115311330
12,14|9|9|6|5|4|1,7,17938,246914775,silent,246896837
12,14|9|9|6|5|3|2,7,24237,399706349,silent,399682112
12,14|9|9|6|4|4|2,7,15781,273267293,silent,273251512
12,14|9|9|6|4|3|3,7,11648,238050720,silent,238039072
12,14|9|9|5|5|5|1,7,3499,55815422,silent,55811923
12,14|9|9|5|5|4|2,7,10925,204678809,silent,204667884
12,14|9|9|5|5|3|3,7,6566,147938295,silent,147931729
12,14|9|9|5|4|4|3,7,7276,158235355,silent,158228079
12,14|9|9|4|4|4|4,7,978,22026490,silent,22025512
12,14|9|8|8|7|1|1,7,2313,18352384,silent,18350071
12,14|9|8|8|6|2|1,7,10379,103627566,silent,103617187
12,14|9|8|8|5|3|1,7,16533,198939764,silent,198923231
12,14|9|8|8|5|2|2,7,11105,145222809,silent,145211704
12,14|9|8|8|4|4|1,7,9052,113739223,silent,113730171
12,14|9|8|8|4|3|2,7,14831,227811096,silent,227796265
12,14|9|8|8|3|3|3,7,2959,59987711,silent,59984752
12,14|9|8|7|7|2|1,7,6853,74022775,silent,74015922
12,14|9|8|7|6|3|1,7,21939,287728353,silent,287706414
12,14|9|8|7|6|2|2,7,14178,204271918,silent,204257740
12,14|9|8|7|5|4|1,7,24182,353197159,silent,353172977
12,14|9|8|7|5|3|2,7,32040,562108228,silent,562076188
12,14|9|8|7|4|4|2,7,19837,360473336,silent,360453499
12,14|9|8|7|4|3|3,7,14108,309539510,silent,309525402
12,14|9|8|6|6|4|1,7,15093,228512312,silent,228497219
12,14|9|8|6|6|3|2,7,18738,341123711,silent,341104973
12,14|9|8|6|5|5|1,7,10216,174175610,silent,174165394
12,14|9|8|6|5|4|2,7,28938,587555143,silent,587526205
12,14|9|8|6|5|3|3,7,17113,412084654,silent,412067541
12,14|9|8|6|4|4|3,7,15118,357263972,silent,357248854
12,14|9|8|5|5|5|2,7,6006,145322581,silent,145316575
12,14|9|8|5|5|4|3,7,10788,288072760,silent,288061972
12,14|9|8|5|4|4|4,7,4115,103844732,silent,103840617
12,14|9|7|7|7|3|1,7,4504,65841139,silent,65836635
12,14|9|7|7|7|2|2,7,2856,46078428,silent,46075572
12,14|9|7|7|6|4|1,7,10757,176744669,silent,176733912
12,14|9|7|7|6|3|2,7,13243,260177486,silent,260164243
12,14|9|7|7|5|5|1,7,6214,111820247,silent,111814033
12,14|9|7|7|5|4|2,7,16850,365929229,silent,365912379
12,14|9|7|7|5|3|3,7,10034,253709117,silent,253699083
12,14|9|7|7|4|4|3,7,8158,207803069,silent,207794911
12,14|9|7|6|6|5|1,7,6195,113070765,silent,113064570
12,14|9|7|6|6|4|2,7,13460,299999251,silent,299985791
12,14|9|7|6|6|3|3,7,7547,196564554,silent,196557007
12,14|9|7|6|5|5|2,7,9782,246353606,silent,246343824
12,14|9|7|6|5|4|3,7,15993,453859796,silent,453843803
12,14|9|7|6|4|4|4,7,4696,131131424,silent,131126728
12,14|9|7|5|5|5|3,7,3917,134585062,silent,134581145
12,14|9|7|5|5|4|4,7,3776,123468151,silent,123464375
12,14|9|6|6|6|6|1,7,791,14083414,silent,14082623
12,14|9|6|6|6|5|2,7,3177,79428611,silent,79425434
12,14|9|6|6|6|4|3,7,4050,117323514,silent,117319464
12,14|9|6|6|5|5|3,7,3213,112493188,silent,112489975
12,14|9|6|6|5|4|4,7,2979,97583787,silent,97580808
12,14|9|6|5|5|5|4,7,1043,47474186,silent,47473143
12,14|9|5|5|5|5|5,7,68,4094196,silent,4094128
12,14|8|8|8|8|1|1,7,183,1809989,silent,1809806
12,14|8|8|8|7|2|1,7,1844,19798448,silent,19796604
12,14|8|8|8|6|3|1,7,4513,60786082,silent,60781569
12,14|8|8|8|6|2|2,7,3129,42991074,silent,42987945
12,14|8|8|8|5|4|1,7,4667,69337202,silent,69332535
12,14|8|8|8|5|3|2,7,6032,109265486,silent,109259454
12,14|8|8|8|4|4|2,7,3875,68197943,silent,68194068
12,14|8|8|8|4|3|3,7,2444,58033827,silent,58031383
12,14|8|8|7|7|3|1,7,3336,47893336,silent,47890000
12,14|8|8|7|7|2|2,7,1971,33436442,silent,33434471
12,14|8|8|7|6|4|1,7,7307,120083417,silent,120076110
12,14|8|8|7|6|3|2,7,8915,175916226,silent,175907311
12,14|8|8|7|5|5|1,7,4067,74152453,silent,74148386
12,14|8|8|7|5|4|2,7,10918,240587392,silent,240576474
12,14|8|8|7|5|3|3,7,6475,166137259,silent,166130784
12,14|8|8|7|4|4|3,7,5250,134523374,silent,134518124
12,14|8|8|6|6|5|1,7,3334,62234039,silent,62230705
12,14|8|8|6|6|4|2,7,7484,163704539,silent,163697055
12,14|8|8|6|6|3|3,7,3825,106783771,silent,106779946
12,14|8|8|6|5|5|2,7,4959,131175153,silent,131170194
12,14|8|8|6|5|4|3,7,8268,239816239,silent,239807971
12,14|8|8|6|4|4|4,7,2597,68356089,silent,68353492
12,14|8|8|5|5|5|3,7,1905,66663126,silent,66661221
12,14|8|8|5|5|4|4,7,1715,60756462,silent,60754747
12,14|8|7|7|7|4|1,7,1944,36771732,silent,36769788
12,14|8|7|7|7|3|2,7,2327,52144260,silent,52141933
12,14|8|7|7|6|5|1,7,3051,62421027,silent,62417976
12,14|8|7|7|6|4|2,7,6283,159245500,silent,159239217
12,14|8|7|7|6|3|3,7,3625,102763801,silent,102760176
12,14|8|7|7|5|5|2,7,3903,105986687,silent,105982784
12,14|8|7|7|5|4|3,7,6021,188370071,silent,188364050
12,14|8|7|7|4|4|4,7,1527,50298059,silent,50296532
12,14|8|7|6|6|6|1,7,1020,20737378,silent,20736358
12,14|8|7|6|6|5|2,7,4090,112672633,silent,112668543
12,14|8|7|6|6|4|3,7,5165,163600045,silent,163594880
12,14|8|7|6|5|5|3,7,3989,147120638,silent,147116649
12,14|8|7|6|5|4|4,7,3521,125788878,silent,125785357
12,14|8|7|5|5|5|4,7,1057,49046505,silent,49045448
12,14|8|6|6|6|6|2,7,681,15965396,silent,15964715
12,14|8|6|6|6|5|3,7,1465,53269908,silent,53268443
12,14|8|6|6|6|4|4,7,1158,37234267,silent,37233109
12,14|8|6|6|5|5|4,7,922,45198001,silent,45197079
12,14|8|6|5|5|5|5,7,142,9352946,silent,9352804
12,14|7|7|7|7|5|1,7,313,7801761,silent,7801448
12,14|7|7|7|7|4|2,7,650,18303201,silent,18302551
12,14|7|7|7|7|3|3,7,319,11457302,silent,11456983
12,14|7|7|7|6|6|1,7,273,6780358,silent,6780085
12,14|7|7|7|6|5|2,7,1062,33990047,silent,33988985
12,14|7|7|7|6|4|3,7,1309,47756618,silent,47755309
12,14|7|7|7|5|5|3,7,871,35085316,silent,35084445
12,14|7|7|7|5|4|4,7,731,29158055,silent,29157324
12,14|7|7|6|6|6|2,7,376,12678704,silent,12678328
12,14|7|7|6|6|5|3,7,1059,41138177,silent,41137118
12,14|7|7|6|6|4|4,7,649,28378217,silent,28377568
12,14|7|7|6|5|5|4,7,689,32617322,silent,32616633
12,14|7|7|5|5|5|5,7,69,5464812,silent,5464743
12,14|7|6|6|6|6|3,7,233,7944863,silent,7944630
12,14|7|6|6|6|5|4,7,359,15811630,silent,15811271
12,14|7|6|6|5|5|5,7,88,6527118,silent,6527030
12,14|6|6|6|6|6|4,7,64,1403382,silent,1403318
12,14|6|6|6|6|5|5,7,13,1337464,silent,1337451
12,13|13|13|6|1|1|1,7,234,487256,silent,487022
12,13|13|13|5|2|1|1,7,637,1557888,silent,1557251
12,13|13|13|4|3|1|1,7,633,1727231,silent,1726598
12,13|13|13|4|2|2|1,7,579,1631050,silent,1630471
12,13|13|13|3|3|2|1,7,384,1237660,silent,1237276
12,13|13|13|3|2|2|2,7,177,561319,silent,561142
12,13|13|12|7|1|1|1,7,628,1555580,silent,1554952
12,13|13|12|6|2|1|1,7,2264,6340014,silent,6337750
12,13|13|12|5|3|1|1,7,3057,10109506,silent,10106449
12,13|13|12|5|2|2|1,7,2668,8882682,silent,8880014
12,13|13|12|4|4|1|1,7,1592,5308229,silent,5306637
12,13|13|12|4|3|2|1,7,3271,12712074,silent,12708803
12,13|13|12|4|2|2|2,7,1101,4536125,silent,4535024
12,13|13|12|3|3|3|1,7,657,3329838,silent,3329181
12,13|13|12|3|3|2|2,7,809,3736401,silent,3735592
12,13|13|11|8|1|1|1,7,919,2408614,silent,2407695
12,13|13|11|7|2|1|1,7,3957,12475637,silent,12471680
12,13|13|11|6|3|1|1,7,7127,26506869,silent,26499742
12,13|13|11|6|2|2|1,7,5847,22528560,silent,22522713
12,13|13|11|5|4|1|1,7,6183,25144051,silent,25137868
12,13|13|11|5|3|2|1,7,10305,47324472,silent,47314167
12,13|13|11|5|2|2|2,7,3210,15522994,silent,15519784
12,13|13|11|4|4|2|1,7,5606,27023063,silent,27017457
12,13|13|11|4|3|3|1,7,4148,23572311,silent,23568163
12,13|13|11|4|3|2|2,7,4230,24555464,silent,24551234
12,13|13|11|3|3|3|2,7,1057,8307448,silent,8306391
12,13|13|10|9|1|1|1,7,685,1905304,silent,1904619
12,13|13|10|8|2|1|1,7,4127,13795737,silent,13791610
