delta,lam,ell,a,m_det,class,margin
12,43|1|1|1|1|1,6,0,-1,a0,
12,42|2|1|1|1|1,6,0,-1,a0,
12,41|3|1|1|1|1,6,0,-1,a0,
12,41|2|2|1|1|1,6,0,-1,a0,
12,40|4|1|1|1|1,6,0,-1,a0,
12,40|3|2|1|1|1,6,0,-1,a0,
12,40|2|2|2|1|1,6,0,-1,a0,
12,39|5|1|1|1|1,6,0,-1,a0,
12,39|4|2|1|1|1,6,0,-1,a0,
12,39|3|3|1|1|1,6,0,-1,a0,
12,39|3|2|2|1|1,6,0,-1,a0,
12,39|2|2|2|2|1,6,0,-1,a0,
12,38|6|1|1|1|1,6,0,-1,a0,
12,38|5|2|1|1|1,6,0,-1,a0,
12,38|4|3|1|1|1,6,0,-1,a0,
12,38|4|2|2|1|1,6,0,-1,a0,
12,38|3|3|2|1|1,6,0,-1,a0,
12,38|3|2|2|2|1,6,0,-1,a0,
12,38|2|2|2|2|2,6,1,13,silent,12
12,37|7|1|1|1|1,6,0,-1,a0,
12,37|6|2|1|1|1,6,0,-1,a0,
12,37|5|3|1|1|1,6,0,-1,a0,
12,37|5|2|2|1|1,6,0,-1,a0,
12,37|4|4|1|1|1,6,0,-1,a0,
12,37|4|3|2|1|1,6,0,-1,a0,
12,37|4|2|2|2|1,6,1,78,silent,77
12,37|3|3|3|1|1,6,0,-1,a0,
12,37|3|3|2|2|1,6,0,-1,a0,
12,37|3|2|2|2|2,6,1,30,silent,29
12,36|8|1|1|1|1,6,0,-1,a0,
12,36|7|2|1|1|1,6,0,-1,a0,
12,36|6|3|1|1|1,6,0,-1,a0,
12,36|6|2|2|1|1,6,0,-1,a0,
12,36|5|4|1|1|1,6,0,-1,a0,
12,36|5|3|2|1|1,6,1,375,silent,374
12,36|5|2|2|2|1,6,2,169,silent,167
12,36|4|4|2|1|1,6,0,-1,a0,
12,36|4|3|3|1|1,6,0,-1,a0,
12,36|4|3|2|2|1,6,1,260,silent,259
12,36|4|2|2|2|2,6,3,105,silent,102
12,36|3|3|3|2|1,6,0,-1,a0,
12,36|3|3|2|2|2,6,0,-1,a0,
12,35|9|1|1|1|1,6,0,-1,a0,
12,35|8|2|1|1|1,6,0,-1,a0,
12,35|7|3|1|1|1,6,0,-1,a0,
12,35|7|2|2|1|1,6,1,257,silent,256
12,35|6|4|1|1|1,6,0,-1,a0,
12,35|6|3|2|1|1,6,2,726,silent,724
12,35|6|2|2|2|1,6,4,322,silent,318
12,35|5|5|1|1|1,6,1,199,silent,198
12,35|5|4|2|1|1,6,2,701,silent,699
12,35|5|3|3|1|1,6,1,578,silent,577
12,35|5|3|2|2|1,6,4,692,silent,688
12,35|5|2|2|2|2,6,4,197,silent,193
12,35|4|4|3|1|1,6,0,-1,a0,
12,35|4|4|2|2|1,6,3,426,silent,423
12,35|4|3|3|2|1,6,0,-1,a0,
12,35|4|3|2|2|2,6,2,270,silent,268
12,35|3|3|3|3|1,6,0,-1,a0,
12,35|3|3|3|2|2,6,0,-1,a0,
12,34|10|1|1|1|1,6,0,-1,a0,
12,34|9|2|1|1|1,6,0,-1,a0,
12,34|8|3|1|1|1,6,1,487,silent,486
12,34|8|2|2|1|1,6,1,361,silent,360
12,34|7|4|1|1|1,6,1,672,silent,671
12,34|7|3|2|1|1,6,5,1265,silent,1260
12,34|7|2|2|2|1,6,7,533,silent,526
12,34|6|5|1|1|1,6,1,550,silent,549
12,34|6|4|2|1|1,6,5,1607,silent,1602
12,34|6|3|3|1|1,6,3,1230,silent,1227
12,34|6|3|2|2|1,6,9,1466,silent,1457
12,34|6|2|2|2|2,6,9,410,silent,401
12,34|5|5|2|1|1,6,5,873,silent,868
12,34|5|4|3|1|1,6,4,1457,silent,1453
12,34|5|4|2|2|1,6,9,1535,silent,1526
12,34|5|3|3|2|1,6,2,1385,silent,1383
12,34|5|3|2|2|2,6,4,724,silent,720
12,34|4|4|4|1|1,6,0,-1,a0,
12,34|4|4|3|2|1,6,2,1019,silent,1017
12,34|4|4|2|2|2,6,6,539,silent,533
12,34|4|3|3|3|1,6,0,-1,a0,
12,34|4|3|3|2|2,6,0,-1,a0,
12,34|3|3|3|3|2,6,0,-1,a0,
12,33|11|1|1|1|1,6,0,-1,a0,
12,33|10|2|1|1|1,6,0,-1,a0,
12,33|9|3|1|1|1,6,1,685,silent,684
12,33|9|2|2|1|1,6,3,532,silent,529
12,33|8|4|1|1|1,6,2,1074,silent,1072
12,33|8|3|2|1|1,6,9,1962,silent,1953
12,33|8|2|2|2|1,6,11,815,silent,804
12,33|7|5|1|1|1,6,4,1190,silent,1186
12,33|7|4|2|1|1,6,14,3178,silent,3164
12,33|7|3|3|1|1,6,6,2217,silent,2211
12,33|7|3|2|2|1,6,18,2641,silent,2623
12,33|7|2|2|2|2,6,12,640,silent,628
12,33|6|6|1|1|1,6,0,-1,a0,
12,33|6|5|2|1|1,6,11,2684,silent,2673
12,33|6|4|3|1|1,6,10,3655,silent,3645
12,33|6|4|2|2|1,6,24,3798,silent,3774
12,33|6|3|3|2|1,6,6,3144,silent,3138
12,33|6|3|2|2|2,6,12,1649,silent,1637
12,33|5|5|3|1|1,6,9,2039,silent,2030
12,33|5|5|2|2|1,6,8,1830,silent,1822
12,33|5|4|4|1|1,6,5,1432,silent,1427
12,33|5|4|3|2|1,6,12,4201,silent,4189
12,33|5|4|2|2|2,6,11,1788,silent,1777
12,33|5|3|3|3|1,6,0,-1,a0,
12,33|5|3|3|2|2,6,1,1562,silent,1561
12,33|4|4|4|2|1,6,5,1051,silent,1046
12,33|4|4|3|3|1,6,0,-1,a0,
12,33|4|4|3|2|2,6,4,1301,silent,1297
12,33|4|3|3|3|2,6,0,-1,a0,
12,33|3|3|3|3|3,6,0,-1,a0,
12,32|12|1|1|1|1,6,0,-1,a0,
12,32|11|2|1|1|1,6,0,-1,a0,
12,32|10|3|1|1|1,6,2,910,silent,908
12,32|10|2|2|1|1,6,3,683,silent,680
12,32|9|4|1|1|1,6,4,1618,silent,1614
12,32|9|3|2|1|1,6,15,2867,silent,2852
12,32|9|2|2|2|1,6,17,1162,silent,1145
12,32|8|5|1|1|1,6,8,2077,silent,2069
12,32|8|4|2|1|1,6,24,5294,silent,5270
12,32|8|3|3|1|1,6,14,3640,silent,3626
12,32|8|3|2|2|1,6,31,4295,silent,4264
12,32|8|2|2|2|2,6,21,1046,silent,1025
12,32|7|6|1|1|1,6,4,1471,silent,1467
12,32|7|5|2|1|1,6,30,6070,silent,6040
12,32|7|4|3|1|1,6,26,7497,silent,7471
12,32|7|4|2|2|1,6,47,7536,silent,7489
12,32|7|3|3|2|1,6,15,6038,silent,6023
12,32|7|3|2|2|2,6,21,3034,silent,3013
12,32|6|6|2|1|1,6,7,2549,silent,2542
12,32|6|5|3|1|1,6,24,6915,silent,6891
12,32|6|5|2|2|1,6,33,6380,silent,6347
12,32|6|4|4|1|1,6,12,3974,silent,3962
12,32|6|4|3|2|1,6,34,11143,silent,11109
12,32|6|4|2|2|2,6,33,4692,silent,4659
12,32|6|3|3|3|1,6,1,3378,silent,3377
12,32|6|3|3|2|2,6,4,3729,silent,3725
12,32|5|5|4|1|1,6,13,2875,silent,2862
12,32|5|5|3|2|1,6,16,5970,silent,5954
12,32|5|5|2|2|2,6,5,2071,silent,2066
12,32|5|4|4|2|1,6,19,5000,silent,4981
12,32|5|4|3|3|1,6,5,4797,silent,4792
12,32|5|4|3|2|2,6,12,5398,silent,5386
12,32|5|3|3|3|2,6,0,-1,a0,
12,32|4|4|4|3|1,6,3,1459,silent,1456
12,32|4|4|4|2|2,6,10,1606,silent,1596
12,32|4|4|3|3|2,6,0,-1,a0,
12,32|4|3|3|3|3,6,0,-1,a0,
12,31|13|1|1|1|1,6,0,-1,a0,
12,31|12|2|1|1|1,6,0,-1,a0,
12,31|11|3|1|1|1,6,2,1165,silent,1163
12,31|11|2|2|1|1,6,6,909,silent,903
12,31|10|4|1|1|1,6,6,2254,silent,2248
12,31|10|3|2|1|1,6,22,3930,silent,3908
12,31|10|2|2|2|1,6,24,1579,silent,1555
12,31|9|5|1|1|1,6,13,3341,silent,3328
12,31|9|4|2|1|1,6,44,8280,silent,8236
12,31|9|3|3|1|1,6,20,5454,silent,5434
12,31|9|3|2|2|1,6,51,6439,silent,6388
12,31|9|2|2|2|2,6,25,1438,silent,1413
12,31|8|6|1|1|1,6,9,3017,silent,3008
12,31|8|5|2|1|1,6,56,11168,silent,11112
12,31|8|4|3|1|1,6,50,13218,silent,13168
12,31|8|4|2|2|1,6,86,13161,silent,13075
12,31|8|3|3|2|1,6,31,10278,silent,10247
12,31|8|3|2|2|2,6,39,5122,silent,5083
12,31|7|7|1|1|1,6,7,1363,silent,1356
12,31|7|6|2|1|1,6,37,8267,silent,8230
12,31|7|5|3|1|1,6,62,16403,silent,16341
12,31|7|5|2|2|1,6,76,14804,silent,14728
12,31|7|4|4|1|1,6,35,8950,silent,8915
12,31|7|4|3|2|1,6,77,23557,silent,23480
12,31|7|4|2|2|2,6,56,9325,silent,9269
12,31|7|3|3|3|1,6,4,6764,silent,6760
12,31|7|3|3|2|2,6,13,7544,silent,7531
12,31|6|6|3|1|1,6,19,7352,silent,7333
12,31|6|6|2|2|1,6,36,6815,silent,6779
12,31|6|5|4|1|1,6,36,10695,silent,10659
12,31|6|5|3|2|1,6,64,21942,silent,21878
12,31|6|5|2|2|2,6,37,7895,silent,7858
12,31|6|4|4|2|1,6,54,14636,silent,14582
12,31|6|4|3|3|1,6,15,13411,silent,13396
12,31|6|4|3|2|2,6,38,14937,silent,14899
12,31|6|3|3|3|2,6,0,-1,a0,
12,31|5|5|5|1|1,6,9,2276,silent,2267
12,31|5|5|4|2|1,6,25,9736,silent,9711
12,31|5|5|3|3|1,6,12,7652,silent,7640
12,31|5|5|3|2|2,6,11,7830,silent,7819
12,31|5|4|4|3|1,6,19,7739,silent,7720
12,31|5|4|4|2|2,6,23,7215,silent,7192
12,31|5|4|3|3|2,6,4,8287,silent,8283
12,31|5|3|3|3|3,6,0,-1,a0,
12,31|4|4|4|4|1,6,7,1068,silent,1061
12,31|4|4|4|3|2,6,6,2793,silent,2787
12,31|4|4|3|3|3,6,0,-1,a0,
12,30|14|1|1|1|1,6,0,-1,a0,
12,30|13|2|1|1|1,6,0,-1,a0,
12,30|12|3|1|1|1,6,4,1417,silent,1413
12,30|12|2|2|1|1,6,6,1075,silent,1069
12,30|11|4|1|1|1,6,9,3000,silent,2991
12,30|11|3|2|1|1,6,32,5154,silent,5122
12,30|11|2|2|2|1,6,31,2037,silent,2006
12,30|10|5|1|1|1,6,20,4874,silent,4854
12,30|10|4|2|1|1,6,64,11815,silent,11751
12,30|10|3|3|1|1,6,35,7753,silent,7718
12,30|10|3|2|2|1,6,74,9081,silent,9007
12,30|10|2|2|2|2,6,39,2047,silent,2008
12,30|9|6|1|1|1,6,20,5379,silent,5359
12,30|9|5|2|1|1,6,100,18515,silent,18415
12,30|9|4|3|1|1,6,88,21230,silent,21142
12,30|9|4|2|2|1,6,139,20812,silent,20673
12,30|9|3|3|2|1,6,54,16032,silent,15978
12,30|9|3|2|2|2,6,59,7814,silent,7755
12,30|8|7|1|1|1,6,17,3704,silent,3687
12,30|8|6|2|1|1,6,78,17689,silent,17611
12,30|8|5|3|1|1,6,127,31732,silent,31605
12,30|8|5|2|2|1,6,153,28520,silent,28367
12,30|8|4|4|1|1,6,60,16646,silent,16586
12,30|8|4|3|2|1,6,152,43052,silent,42900
12,30|8|4|2|2|2,6,108,16893,silent,16785
12,30|8|3|3|3|1,6,12,11930,silent,11918
12,30|8|3|3|2|2,6,25,13211,silent,13186
12,30|7|7|2|1|1,6,42,7798,silent,7756
12,30|7|6|3|1|1,6,84,24525,silent,24441
12,30|7|6|2|2|1,6,106,21660,silent,21554
12,30|7|5|4|1|1,6,100,27320,silent,27220
12,30|7|5|3|2|1,6,163,53966,silent,53803
12,30|7|5|2|2|2,6,78,18706,silent,18628
12,30|7|4|4|2|1,6,117,33123,silent,33006
12,30|7|4|3|3|1,6,44,29825,silent,29781
12,30|7|4|3|2|2,6,82,32425,silent,32343
12,30|7|3|3|3|2,6,3,11556,silent,11553
12,30|6|6|4|1|1,6,33,13214,silent,13181
12,30|6|6|3|2|1,6,74,25383,silent,25309
12,30|6|6|2|2|2,6,53,9106,silent,9053
12,30|6|5|5|1|1,6,30,9804,silent,9774
12,30|6|5|4|2|1,6,110,39447,silent,39337
12,30|6|5|3|3|1,6,42,29183,silent,29141
12,30|6|5|3|2|2,6,61,30393,silent,30332
12,30|6|4|4|3|1,6,52,23878,silent,23826
12,30|6|4|4|2|2,6,72,21944,silent,21872
12,30|6|4|3|3|2,6,14,23991,silent,23977
12,30|6|3|3|3|3,6,0,-1,a0,
12,30|5|5|5|2|1,6,13,8108,silent,8095
12,30|5|5|4|3|1,6,32,16840,silent,16808
12,30|5|5|4|2|2,6,18,13931,silent,13913
12,30|5|5|3|3|2,6,12,13822,silent,13810
12,30|5|4|4|4|1,6,20,5833,silent,5813
12,30|5|4|4|3|2,6,23,14810,silent,14787
12,30|5|4|3|3|3,6,0,-1,a0,
12,30|4|4|4|4|2,6,14,2387,silent,2373
12,30|4|4|4|3|3,6,0,-1,a0,
12,29|15|1|1|1|1,6,0,-1,a0,
12,29|14|2|1|1|1,6,0,-1,a0,
12,29|13|3|1|1|1,6,4,1641,silent,1637
12,29|13|2|2|1|1,6,10,1288,silent,1278
12,29|12|4|1|1|1,6,13,3748,silent,3735
12,29|12|3|2|1|1,6,41,6373,silent,6332
12,29|12|2|2|2|1,6,39,2506,silent,2467
12,29|11|5|1|1|1,6,30,6727,silent,6697
12,29|11|4|2|1|1,6,97,16119,silent,16022
12,29|11|3|3|1|1,6,46,10289,silent,10243
12,29|11|3|2|2|1,6,103,12067,silent,11964
12,29|11|2|2|2|2,6,44,2563,silent,2519
12,29|10|6|1|1|1,6,32,8407,silent,8375
12,29|10|5|2|1|1,6,153,27889,silent,27736
12,29|10|4|3|1|1,6,137,31401,silent,31264
12,29|10|4|2|2|1,6,210,30583,silent,30373
12,29|10|3|3|2|1,6,86,23277,silent,23191
12,29|10|3|2|2|2,6,89,11252,silent,11163
12,29|9|7|1|1|1,6,35,7609,silent,7574
12,29|9|6|2|1|1,6,159,32412,silent,32253
12,29|9|5|3|1|1,6,223,54357,silent,54134
12,29|9|5|2|2|1,6,263,48314,silent,48051
12,29|9|4|4|1|1,6,118,28224,silent,28106
12,29|9|4|3|2|1,6,262,70803,silent,70541
12,29|9|4|2|2|2,6,160,26908,silent,26748
12,29|9|3|3|3|1,6,22,19160,silent,19138
12,29|9|3|3|2|2,6,52,21298,silent,21246
12,29|8|8|1|1|1,6,10,2888,silent,2878
12,29|8|7|2|1|1,6,109,22599,silent,22490
12,29|8|6|3|1|1,6,196,55157,silent,54961
12,29|8|6|2|2|1,6,240,48324,silent,48084
12,29|8|5|4|1|1,6,201,55785,silent,55584
12,29|8|5|3|2|1,6,344,108346,silent,108002
12,29|8|5|2|2|2,6,169,37262,silent,37093
12,29|8|4|4|2|1,6,227,63906,silent,63679
12,29|8|4|3|3|1,6,93,56513,silent,56420
12,29|8|4|3|2|2,6,164,60900,silent,60736
12,29|8|3|3|3|2,6,7,20942,silent,20935
12,29|7|7|3|1|1,6,94,24324,silent,24230
12,29|7|7|2|2|1,6,87,20392,silent,20305
12,29|7|6|4|1|1,6,151,47407,silent,47256
12,29|7|6|3|2|1,6,252,85910,silent,85658
12,29|7|6|2|2|2,6,119,28691,silent,28572
12,29|7|5|5|1|1,6,82,27078,silent,26996
12,29|7|5|4|2|1,6,286,103743,silent,103457
12,29|7|5|3|3|1,6,123,75024,silent,74901
12,29|7|5|3|2|2,6,160,77009,silent,76849
12,29|7|4|4|3|1,6,128,56820,silent,56692
12,29|7|4|4|2|2,6,136,50197,silent,50061
12,29|7|4|3|3|2,6,47,55140,silent,55093
12,29|7|3|3|3|3,6,0,-1,a0,
12,29|6|6|5|1|1,6,37,16386,silent,16349
12,29|6|6|4|2|1,6,145,52831,silent,52686
12,29|6|6|3|3|1,6,48,35516,silent,35468
12,29|6|6|3|2|2,6,91,37190,silent,37099
12,29|6|5|5|2|1,6,74,37990,silent,37916
12,29|6|5|4|3|1,6,127,71069,silent,70942
12,29|6|5|4|2|2,6,118,59716,silent,59598
12,29|6|5|3|3|2,6,43,54634,silent,54591
12,29|6|4|4|4|1,6,59,19285,silent,19226
12,29|6|4|4|3|2,6,72,47272,silent,47200
12,29|6|4|3|3|3,6,1,19028,silent,19027
12,29|5|5|5|3|1,6,21,16229,silent,16208
12,29|5|5|5|2|2,6,6,12053,silent,12047
12,29|5|5|4|4|1,6,24,14209,silent,14185
12,29|5|5|4|3|2,6,34,33001,silent,32967
12,29|5|5|3|3|3,6,5,11376,silent,11371
12,29|5|4|4|4|2,6,32,12818,silent,12786
12,29|5|4|4|3|3,6,7,12496,silent,12489
12,29|4|4|4|4|3,6,8,2462,silent,2454
12,28|16|1|1|1|1,6,0,-1,a0,
12,28|15|2|1|1|1,6,0,-1,a0,
12,28|14|3|1|1|1,6,6,1799,silent,1793
12,28|14|2|2|1|1,6,9,1374,silent,1365
12,28|13|4|1|1|1,6,17,4440,silent,4423
12,28|13|3|2|1|1,6,51,7475,silent,7424
12,28|13|2|2|2|1,6,46,2908,silent,2862
12,28|12|5|1|1|1,6,40,8596,silent,8556
12,28|12|4|2|1|1,6,123,20331,silent,20208
12,28|12|3|3|1|1,6,67,12982,silent,12915
12,28|12|3|2|2|1,6,131,15129,silent,14998
12,28|12|2|2|2|2,6,60,3248,silent,3188
12,28|11|6|1|1|1,6,52,12161,silent,12109
12,28|11|5|2|1|1,6,224,39129,silent,38905
12,28|11|4|3|1|1,6,201,43387,silent,43186
12,28|11|4|2|2|1,6,291,41873,silent,41582
12,28|11|3|3|2|1,6,126,31638,silent,31512
12,28|11|3|2|2|2,6,118,15080,silent,14962
12,28|10|7|1|1|1,6,59,12863,silent,12804
12,28|10|6|2|1|1,6,253,51901,silent,51648
12,28|10|5|3|1|1,6,358,84305,silent,83947
12,28|10|5|2|2|1,6,413,74610,silent,74197
12,28|10|4|4|1|1,6,174,43061,silent,42887
12,28|10|4|3|2|1,6,411,106984,silent,106573
12,28|10|4|2|2|2,6,252,40431,silent,40179
12,28|10|3|3|3|1,6,42,28466,silent,28424
12,28|10|3|3|2|2,6,78,31410,silent,31332
12,28|9|8|1|1|1,6,35,8338,silent,8303
12,28|9|7|2|1|1,6,235,47466,silent,47231
12,28|9|6|3|1|1,6,387,103722,silent,103335
12,28|9|6|2|2|1,6,436,89461,silent,89025
12,28|9|5|4|1|1,6,369,99771,silent,99402
12,28|9|5|3|2|1,6,621,190266,silent,189645
12,28|9|5|2|2|2,6,278,64180,silent,63902
12,28|9|4|4|2|1,6,388,109532,silent,109144
12,28|9|4|3|3|1,6,177,95928,silent,95751
12,28|9|4|3|2|2,6,281,102123,silent,101842
12,28|9|3|3|3|2,6,20,34551,silent,34531
12,28|8|8|2|1|1,6,78,18804,silent,18726
12,28|8|7|3|1|1,6,275,74275,silent,74000
12,28|8|7|2|2|1,6,276,62755,silent,62479
12,28|8|6|4|1|1,6,348,112141,silent,111793
12,28|8|6|3|2|1,6,599,199558,silent,198959
12,28|8|6|2|2|2,6,283,65988,silent,65705
12,28|8|5|5|1|1,6,185,59043,silent,58858
12,28|8|5|4|2|1,6,614,219403,silent,218789
12,28|8|5|3|3|1,6,271,155607,silent,155336
12,28|8|5|3|2|2,6,349,158902,silent,158553
12,28|8|4|4|3|1,6,249,113507,silent,113258
12,28|8|4|4|2|2,6,280,99447,silent,99167
12,28|8|4|3|3|2,6,99,107018,silent,106919
12,28|8|3|3|3|3,6,1,16962,silent,16961
12,28|7|7|4|1|1,6,176,51364,silent,51188
12,28|7|7|3|2|1,6,240,86904,silent,86664
12,28|7|7|2|2|2,6,77,27173,silent,27096
12,28|7|6|5|1|1,6,168,63648,silent,63480
12,28|7|6|4|2|1,6,491,190489,silent,189998
12,28|7|6|3|3|1,6,205,126258,silent,126053
12,28|7|6|3|2|2,6,274,128056,silent,127782
12,28|7|5|5|2|1,6,223,109572,silent,109349
12,28|7|5|4|3|1,6,355,195027,silent,194672
12,28|7|5|4|2|2,6,297,160933,silent,160636
12,28|7|5|3|3|2,6,140,144695,silent,144555
12,28|7|4|4|4|1,6,126,47845,silent,47719
12,28|7|4|4|3|2,6,167,114902,silent,114735
12,28|7|4|3|3|3,6,10,45211,silent,45201
12,28|6|6|6|1|1,6,18,10982,silent,10964
12,28|6|6|5|2|1,6,148,69624,silent,69476
12,28|6|6|4|3|1,6,167,100477,silent,100310
12,28|6|6|4|2|2,6,193,84245,silent,84052
12,28|6|6|3|3|2,6,55,69289,silent,69234
12,28|6|5|5|3|1,6,104,78889,silent,78785
12,28|6|5|5|2|2,6,65,59608,silent,59543
12,28|6|5|4|4|1,6,119,64887,silent,64768
12,28|6|5|4|3|2,6,162,144891,silent,144729
12,28|6|5|3|3|3,6,14,46209,silent,46195
12,28|6|4|4|4|2,6,100,43739,silent,43639
12,28|6|4|4|3|3,6,21,41516,silent,41495
12,28|5|5|5|4|1,6,17,18617,silent,18600
12,28|5|5|5|3|2,6,23,33336,silent,33313
12,28|5|5|4|4|2,6,29,31798,silent,31769
12,28|5|5|4|3|3,6,23,30768,silent,30745
12,28|5|4|4|4|3,6,23,14715,silent,14692
12,28|4|4|4|4|4,6,13,1523,silent,1510
12,27|17|1|1|1|1,6,0,-1,a0,
12,27|16|2|1|1|1,6,0,-1,a0,
12,27|15|3|1|1|1,6,5,1875,silent,1870
12,27|15|2|2|1|1,6,13,1478,silent,1465
12,27|14|4|1|1|1,6,19,4927,silent,4908
12,27|14|3|2|1|1,6,59,8249,silent,8190
12,27|14|2|2|2|1,6,51,3191,silent,3140
12,27|13|5|1|1|1,6,50,10365,silent,10315
12,27|13|4|2|1|1,6,159,24375,silent,24216
12,27|13|3|3|1|1,6,76,15259,silent,15183
12,27|13|3|2|2|1,6,161,17816,silent,17655
12,27|13|2|2|2|2,6,61,3643,silent,3582
12,27|12|6|1|1|1,6,71,16072,silent,16001
12,27|12|5|2|1|1,6,295,50798,silent,50503
12,27|12|4|3|1|1,6,267,55787,silent,55520
12,27|12|4|2|2|1,6,378,53596,silent,53218
12,27|12|3|3|2|1,6,169,40218,silent,40049
12,27|12|3|2|2|2,6,154,19056,silent,18902
12,27|11|7|1|1|1,6,92,19605,silent,19513
12,27|11|6|2|1|1,6,393,76232,silent,75839
12,27|11|5|3|1|1,6,520,120298,silent,119778
12,27|11|5|2|2|1,6,587,105749,silent,105162
12,27|11|4|4|1|1,6,268,61307,silent,61039
12,27|11|4|3|2|1,6,594,149575,silent,148981
12,27|11|4|2|2|2,6,326,55370,silent,55044
12,27|11|3|3|3|1,6,62,39258,silent,39196
12,27|11|3|3|2|2,6,125,43445,silent,43320
12,27|10|8|1|1|1,6,67,16197,silent,16130
12,27|10|7|2|1|1,6,396,82475,silent,82079
12,27|10|6|3|1|1,6,644,170753,silent,170109
12,27|10|6|2|2|1,6,710,146424,silent,145714
12,27|10|5|4|1|1,6,587,159539,silent,158952
12,27|10|5|3|2|1,6,1003,301025,silent,300022
12,27|10|5|2|2|2,6,447,100741,silent,100294
12,27|10|4|4|2|1,6,606,170698,silent,170092
12,27|10|4|3|3|1,6,290,148088,silent,147798
12,27|10|4|3|2|2,6,444,156665,silent,156221
12,27|10|3|3|3|2,6,36,52110,silent,52074
12,27|9|9|1|1|1,6,33,6683,silent,6650
12,27|9|8|2|1|1,6,247,54590,silent,54343
12,27|9|7|3|1|1,6,586,160249,silent,159663
12,27|9|7|2|2|1,6,572,133721,silent,133149
12,27|9|6|4|1|1,6,714,219446,silent,218732
12,27|9|6|3|2|1,6,1145,382085,silent,380940
12,27|9|6|2|2|2,6,474,123165,silent,122691
12,27|9|5|5|1|1,6,331,110036,silent,109705
12,27|9|5|4|2|1,6,1116,400398,silent,399282
12,27|9|5|3|3|1,6,515,280826,silent,280311
12,27|9|5|3|2|2,6,643,284400,silent,283757
12,27|9|4|4|3|1,6,454,200497,silent,200043
12,27|9|4|4|2|2,6,443,172260,silent,171817
12,27|9|4|3|3|2,6,203,185477,silent,185274
12,27|9|3|3|3|3,6,3,28329,silent,28326
12,27|8|8|3|1|1,6,218,65305,silent,65087
12,27|8|8|2|2|1,6,237,55240,silent,55003
12,27|8|7|4|1|1,6,510,164594,silent,164084
12,27|8|7|3|2|1,6,772,276066,silent,275294
12,27|8|7|2|2|2,6,294,86934,silent,86640
12,27|8|6|5|1|1,6,423,160387,silent,159964
12,27|8|6|4|2|1,6,1184,464425,silent,463241
12,27|8|6|3|3|1,6,508,302525,silent,302017
12,27|8|6|3|2|2,6,658,304512,silent,303854
12,27|8|5|5|2|1,6,516,246678,silent,246162
12,27|8|5|4|3|1,6,773,425573,silent,424800
12,27|8|5|4|2|2,6,672,348991,silent,348319
12,27|8|5|3|3|2,6,311,307184,silent,306873
12,27|8|4|4|4|1,6,244,99544,silent,99300
12,27|8|4|4|3|2,6,343,234854,silent,234511
12,27|8|4|3|3|3,6,24,90228,silent,90204
12,27|7|7|5|1|1,6,215,78871,silent,78656
12,27|7|7|4|2|1,6,483,209704,silent,209221
12,27|7|7|3|3|1,6,232,134537,silent,134305
12,27|7|7|3|2|2,6,237,132159,silent,131922
12,27|7|6|6|1|1,6,117,50268,silent,50151
12,27|7|6|5|2|1,6,556,274513,silent,273957
12,27|7|6|4|3|1,6,636,378633,silent,377997
12,27|7|6|4|2|2,6,558,307147,silent,306589
12,27|7|6|3|3|2,6,254,252762,silent,252508
12,27|7|5|5|3|1,6,324,236104,silent,235780
12,27|7|5|5|2|2,6,222,177493,silent,177271
12,27|7|5|4|4|1,6,320,186598,silent,186278
12,27|7|5|4|3|2,6,458,407637,silent,407179
12,27|7|5|3|3|3,6,53,126050,silent,125997
12,27|7|4|4|4|2,6,195,110275,silent,110080
12,27|7|4|4|3|3,6,72,105638,silent,105566
12,27|6|6|6|2|1,6,108,51139,silent,51031
12,27|6|6|5|3|1,6,204,151861,silent,151657
12,27|6|6|5|2|2,6,188,115751,silent,115563
12,27|6|6|4|4|1,6,180,100788,silent,100608
12,27|6|6|4|3|2,6,242,213183,silent,212941
12,27|6|6|3|3|3,6,13,60489,silent,60476
12,27|6|5|5|4|1,6,102,97264,silent,97162
12,27|6|5|5|3|2,6,129,168348,silent,168219
12,27|6|5|4|4|2,6,184,150865,silent,150681
12,27|6|5|4|3|3,6,81,138137,silent,138056
12,27|6|4|4|4|3,6,71,52122,silent,52051
12,27|5|5|5|5|1,6,7,11261,silent,11254
12,27|5|5|5|4|2,6,19,43675,silent,43656
12,27|5|5|5|3|3,6,23,34067,silent,34044
12,27|5|5|4|4|3,6,30,39772,silent,39742
12,27|5|4|4|4|4,6,19,8501,silent,8482
12,26|18|1|1|1|1,6,0,-1,a0,
12,26|17|2|1|1|1,6,0,-1,a0,
12,26|16|3|1|1|1,6,7,1850,silent,1843
12,26|16|2|2|1|1,6,10,1412,silent,1402
12,26|15|4|1|1|1,6,22,5179,silent,5157
12,26|15|3|2|1|1,6,64,8611,silent,8547
12,26|15|2|2|2|1,6,54,3306,silent,3252
12,26|14|5|1|1|1,6,59,11602,silent,11543
12,26|14|4|2|1|1,6,176,27034,silent,26858
12,26|14|3|3|1|1,6,96,16988,silent,16892
12,26|14|3|2|2|1,6,180,19710,silent,19530
12,26|14|2|2|2|2,6,75,4094,silent,4019
12,26|13|6|1|1|1,6,92,19760,silent,19668
12,26|13|5|2|1|1,6,368,61490,silent,61122
12,26|13|4|3|1|1,6,333,66957,silent,66624
12,26|13|4|2|2|1,6,456,63932,silent,63476
12,26|13|3|3|2|1,6,211,47777,silent,47566
12,26|13|3|2|2|2,6,180,22403,silent,22223
12,26|12|7|1|1|1,6,128,26707,silent,26579
12,26|12|6|2|1|1,6,517,101548,silent,101031
12,26|12|5|3|1|1,6,701,158102,silent,157401
12,26|12|5|2|2|1,6,774,138524,silent,137750
12,26|12|4|4|1|1,6,339,79843,silent,79504
12,26|12|4|3|2|1,6,787,193769,silent,192982
12,26|12|4|2|2|2,6,437,71512,silent,71075
12,26|12|3|3|3|1,6,94,50384,silent,50290
12,26|12|3|3|2|2,6,160,55401,silent,55241
12,26|11|8|1|1|1,6,118,26645,silent,26527
12,26|11|7|2|1|1,6,615,126856,silent,126241
12,26|11|6|3|1|1,6,977,253539,silent,252562
12,26|11|6|2|2|1,6,1028,215627,silent,214599
12,26|11|5|4|1|1,6,867,232501,silent,231634
12,26|11|5|3|2|1,6,1466,434139,silent,432673
12,26|11|5|2|2|2,6,619,143601,silent,142982
12,26|11|4|4|2|1,6,862,243591,silent,242729
12,26|11|4|3|3|1,6,439,210131,silent,209692
12,26|11|4|3|2|2,6,633,220656,silent,220023
12,26|11|3|3|3|2,6,63,72766,silent,72703
12,26|10|9|1|1|1,6,72,17076,silent,17004
12,26|10|8|2|1|1,6,465,107999,silent,107534
12,26|10|7|3|1|1,6,1024,284629,silent,283605
12,26|10|7|2|2|1,6,993,236856,silent,235863
12,26|10|6|4|1|1,6,1173,370503,silent,369330
12,26|10|6|3|2|1,6,1912,638715,silent,636803
12,26|10|6|2|2|2,6,790,204432,silent,203642
12,26|10|5|5|1|1,6,555,181792,silent,181237
12,26|10|5|4|2|1,6,1812,650940,silent,649128
12,26|10|5|3|3|1,6,858,452205,silent,451347
12,26|10|5|3|2|2,6,1040,455746,silent,454706
12,26|10|4|4|3|1,6,709,318328,silent,317619
12,26|10|4|4|2|2,6,718,272128,silent,271410
12,26|10|4|3|3|2,6,333,289739,silent,289406
12,26|10|3|3|3|3,6,10,43380,silent,43370
12,26|9|9|2|1|1,6,201,43843,silent,43642
12,26|9|8|3|1|1,6,647,192123,silent,191476
12,26|9|8|2|2|1,6,627,158946,silent,158319
12,26|9|7|4|1|1,6,1122,367025,silent,365903
12,26|9|7|3|2|1,6,1649,605105,silent,603456
12,26|9|7|2|2|2,6,578,187140,silent,186562
12,26|9|6|5|1|1,6,861,326184,silent,325323
12,26|9|6|4|2|1,6,2277,919975,silent,917698
12,26|9|6|3|3|1,6,1034,593758,silent,592724
12,26|9|6|3|2|2,6,1238,591010,silent,589772
12,26|9|5|5|2|1,6,986,470572,silent,469586
12,26|9|5|4|3|1,6,1446,795730,silent,794284
12,26|9|5|4|2|2,6,1209,646292,silent,645083
12,26|9|5|3|3|2,6,624,563859,silent,563235
12,26|9|4|4|4|1,6,413,180471,silent,180058
12,26|9|4|4|3|2,6,604,420476,silent,419872
12,26|9|4|3|3|3,6,61,159471,silent,159410
12,26|8|8|4|1|1,6,416,153235,silent,152819
12,26|8|8|3|2|1,6,673,252028,silent,251355
12,26|8|8|2|2|2,6,283,79170,silent,78887
12,26|8|7|5|1|1,6,690,268285,silent,267595
12,26|8|7|4|2|1,6,1586,696312,silent,694726
12,26|8|7|3|3|1,6,734,437365,silent,436631
12,26|8|7|3|2|2,6,810,430331,silent,429521
12,26|8|6|6|1|1,6,299,137664,silent,137365
12,26|8|6|5|2|1,6,1412,709384,silent,707972
12,26|8|6|4|3|1,6,1559,949652,silent,948093
12,26|8|6|4|2|2,6,1386,764587,silent,763201
12,26|8|6|3|3|2,6,624,617576,silent,616952
12,26|8|5|5|3|1,6,769,546620,silent,545851
12,26|8|5|5|2|2,6,525,408625,silent,408100
12,26|8|5|4|4|1,6,707,423113,silent,422406
12,26|8|5|4|3|2,6,1031,908302,silent,907271
12,26|8|5|3|3|3,6,127,273827,silent,273700
12,26|8|4|4|4|2,6,401,234300,silent,233899
12,26|8|4|4|3|3,6,143,221411,silent,221268
12,26|7|7|6|1|1,6,208,85487,silent,85279
12,26|7|7|5|2|1,6,632,346786,silent,346154
12,26|7|7|4|3|1,6,688,436501,silent,435813
12,26|7|7|4|2|2,6,489,343750,silent,343261
12,26|7|7|3|3|2,6,296,276039,silent,275743
12,26|7|6|6|2|1,6,433,231166,silent,230733
12,26|7|6|5|3|1,6,835,622343,silent,621508
12,26|7|6|5|2|2,6,637,463506,silent,462869
12,26|7|6|4|4|1,6,607,394254,silent,393647
12,26|7|6|4|3|2,6,876,818301,silent,817425
12,26|7|6|3|3|3,6,100,228003,silent,227903
12,26|7|5|5|4|1,6,335,305191,silent,304856
12,26|7|5|5|3|2,6,433,517187,silent,516754
12,26|7|5|4|4|2,6,482,443499,silent,443017
12,26|7|5|4|3|3,6,259,401249,silent,400990
12,26|7|4|4|4|3,6,157,136987,silent,136830
12,26|6|6|6|3|1,6,160,120023,silent,119863
12,26|6|6|6|2|2,6,169,89882,silent,89713
12,26|6|6|5|4|1,6,242,205000,silent,204758
12,26|6|6|5|3|2,6,295,337639,silent,337344
12,26|6|6|4|4|2,6,309,242999,silent,242690
12,26|6|6|4|3|3,6,103,209893,silent,209790
12,26|6|5|5|5|1,6,38,62996,silent,62958
12,26|6|5|5|4|2,6,148,236210,silent,236062
12,26|6|5|5|3|3,6,95,175565,silent,175470
12,26|6|5|4|4|3,6,154,193550,silent,193396
12,26|6|4|4|4|4,6,66,31502,silent,31436
12,26|5|5|5|5|2,6,11,28495,silent,28484
12,26|5|5|5|4|3,6,26,59462,silent,59436
12,26|5|5|4|4|4,6,12,23600,silent,23588
12,25|19|1|1|1|1,6,0,-1,a0,
12,25|18|2|1|1|1,6,0,-1,a0,
12,25|17|3|1|1|1,6,5,1726,silent,1721
12,25|17|2|2|1|1,6,13,1368,silent,1355
12,25|16|4|1|1|1,6,23,5095,silent,5072
12,25|16|3|2|1|1,6,64,8438,silent,8374
12,25|16|2|2|2|1,6,54,3234,silent,3180
12,25|15|5|1|1|1,6,63,12227,silent,12164
12,25|15|4|2|1|1,6,198,28435,silent,28237
12,25|15|3|3|1|1,6,95,17573,silent,17478
12,25|15|3|2|2|1,6,193,20433,silent,20240
12,25|15|2|2|2|2,6,68,4066,silent,3998
12,25|14|6|1|1|1,6,107,22391,silent,22284
12,25|14|5|2|1|1,6,418,69011,silent,68593
12,25|14|4|3|1|1,6,382,74745,silent,74363
12,25|14|4|2|2|1,6,515,71138,silent,70623
12,25|14|3|3|2|1,6,244,52938,silent,52694
12,25|14|3|2|2|2,6,204,24708,silent,24504
12,25|13|7|1|1|1,6,163,33488,silent,33325
12,25|13|6|2|1|1,6,660,125213,silent,124553
12,25|13|5|3|1|1,6,858,191972,silent,191114
12,25|13|5|2|2|1,6,939,167427,silent,166488
12,25|13|4|4|1|1,6,440,97025,silent,96585
12,25|13|4|3|2|1,6,964,232523,silent,231559
12,25|13|4|2|2|2,6,496,84530,silent,84034
12,25|13|3|3|3|1,6,116,59961,silent,59845
12,25|13|3|3|2|2,6,212,66080,silent,65868
12,25|12|8|1|1|1,6,165,37912,silent,37747
12,25|12|7|2|1|1,6,829,174287,silent,173458
12,25|12|6|3|1|1,6,1316,341155,silent,339839
12,25|12|6|2|2|1,6,1367,289022,silent,287655
12,25|12|5|4|1|1,6,1147,309040,silent,307893
12,25|12|5|3|2|1,6,1956,573223,silent,571267
12,25|12|5|2|2|2,6,819,188491,silent,187672
12,25|12|4|4|2|1,6,1130,319369,silent,318239
12,25|12|4|3|3|1,6,595,273988,silent,273393
12,25|12|4|3|2|2,6,838,286435,silent,285597
12,25|12|3|3|3|2,6,90,93579,silent,93489
12,25|11|9|1|1|1,6,141,31589,silent,31448
12,25|11|8|2|1|1,6,778,178337,silent,177559
12,25|11|7|3|1|1,6,1573,441873,silent,440300
12,25|11|7|2|2|1,6,1487,365222,silent,363735
12,25|11|6|4|1|1,6,1796,559297,silent,557501
12,25|11|6|3|2|1,6,2833,953033,silent,950200
12,25|11|6|2|2|2,6,1084,300697,silent,299613
12,25|11|5|5|1|1,6,799,269362,silent,268563
12,25|11|5|4|2|1,6,2632,954272,silent,951640
12,25|11|5|3|3|1,6,1283,658917,silent,657634
12,25|11|5|3|2|2,6,1526,660642,silent,659116
12,25|11|4|4|3|1,6,1039,459796,silent,458757
12,25|11|4|4|2|2,6,965,388427,silent,387462
12,25|11|4|3|3|2,6,522,413887,silent,413365
12,25|11|3|3|3|3,6,13,60661,silent,60648
12,25|10|10|1|1|1,6,44,11889,silent,11845
12,25|10|9|2|1|1,6,474,115181,silent,114707
12,25|10|8|3|1|1,6,1253,386660,silent,385407
12,25|10|8|2|2|1,6,1207,318635,silent,317428
12,25|10|7|4|1|1,6,1946,665555,silent,663609
12,25|10|7|3|2|1,6,2900,1087916,silent,1085016
12,25|10|7|2|2|2,6,1034,334635,silent,333601
12,25|10|6|5|1|1,6,1461,566101,silent,564640
12,25|10|6|4|2|1,6,3803,1571809,silent,1568006
12,25|10|6|3|3|1,6,1761,1006067,silent,1004306
12,25|10|6|3|2|2,6,2063,996139,silent,994076
12,25|10|5|5|2|1,6,1640,786940,silent,785300
12,25|10|5|4|3|1,6,2364,1312197,silent,1309833
12,25|10|5|4|2|2,6,1985,1060367,silent,1058382
12,25|10|5|3|3|2,6,1039,916300,silent,915261
12,25|10|4|4|4|1,6,643,292233,silent,291590
12,25|10|4|4|3|2,6,967,673832,silent,672865
12,25|10|4|3|3|3,6,113,252413,silent,252300
12,25|9|9|3|1|1,6,509,157013,silent,156504
12,25|9|9|2|2|1,6,441,126994,silent,126553
12,25|9|8|4|1|1,6,1271,462806,silent,461535
12,25|9|8|3|2|1,6,1874,743833,silent,741959
12,25|9|8|2|2|2,6,653,226630,silent,225977
12,25|9|7|5|1|1,6,1510,618816,silent,617306
12,25|9|7|4|2|1,6,3413,1569832,silent,1566419
12,25|9|7|3|3|1,6,1623,976746,silent,975123
12,25|9|7|3|2|2,6,1729,952772,silent,951043
12,25|9|6|6|1|1,6,667,295807,silent,295140
12,25|9|6|5|2|1,6,2801,1460016,silent,1457215
12,25|9|6|4|3|1,6,3097,1919384,silent,1916287
12,25|9|6|4|2|2,6,2555,1527320,silent,1524765
12,25|9|6|3|3|2,6,1314,1227322,silent,1226008
12,25|9|5|5|3|1,6,1478,1062473,silent,1060995
12,25|9|5|5|2|2,6,1053,790908,silent,789855
12,25|9|5|4|4|1,6,1291,810589,silent,809298
12,25|9|5|4|3|2,6,1940,1719300,silent,1717360
12,25|9|5|3|3|3,6,265,510517,silent,510252
12,25|9|4|4|4|2,6,639,428554,silent,427915
12,25|9|4|4|3|3,6,296,405466,silent,405170
12,25|8|8|5|1|1,6,614,269496,silent,268882
12,25|8|8|4|2|1,6,1430,668992,silent,667562
12,25|8|8|3|3|1,6,637,409036,silent,408399
12,25|8|8|3|2|2,6,746,401617,silent,400871
12,25|8|7|6|1|1,6,678,313012,silent,312334
12,25|8|7|5|2|1,6,2158,1211936,silent,1209778
12,25|8|7|4|3|1,6,2223,1480080,silent,1477857
12,25|8|7|4|2|2,6,1759,1165205,silent,1163446
12,25|8|7|3|3|2,6,922,912262,silent,911340
12,25|8|6|6|2|1,6,1145,645454,silent,644309
12,25|8|6|5|3|1,6,2158,1647298,silent,1645140
12,25|8|6|5|2|2,6,1628,1217503,silent,1215875
12,25|8|6|4|4|1,6,1489,1021167,silent,1019678
12,25|8|6|4|3|2,6,2183,2086216,silent,2084033
12,25|8|6|3|3|3,6,265,568630,silent,568365
12,25|8|5|5|4|1,6,808,730433,silent,729625
12,25|8|5|5|3|2,6,1033,1218598,silent,1217565
12,25|8|5|4|4|2,6,1101,1023304,silent,1022203
12,25|8|5|4|3|3,6,579,912093,silent,911514
12,25|8|4|4|4|3,6,311,297428,silent,297117
12,25|7|7|7|1|1,6,118,54708,silent,54590
12,25|7|7|6|2|1,6,619,394494,silent,393875
12,25|7|7|5|3|1,6,1024,818456,silent,817432
12,25|7|7|5|2|2,6,672,595266,silent,594594
12,25|7|7|4|4|1,6,614,476727,silent,476113
12,25|7|7|4|3|2,6,922,961797,silent,960875
12,25|7|7|3|3|3,6,151,257613,silent,257462
12,25|7|6|6|3|1,6,702,563037,silent,562335
12,25|7|6|6|2|2,6,534,406416,silent,405882
12,25|7|6|5|4|1,6,952,872063,silent,871111
12,25|7|6|5|3|2,6,1197,1408195,silent,1406998
12,25|7|6|4|4|2,6,959,964900,silent,963941
12,25|7|6|4|3|3,6,494,834203,silent,833709
12,25|7|5|5|5|1,6,149,208852,silent,208703
12,25|7|5|5|4|2,6,516,758298,silent,757782
12,25|7|5|5|3|3,6,299,551472,silent,551173
12,25|7|5|4|4|3,6,430,585846,silent,585416
12,25|7|4|4|4|4,6,114,83995,silent,83881
12,25|6|6|6|4|1,6,227,185463,silent,185236
12,25|6|6|6|3|2,6,264,278534,silent,278270
12,25|6|6|5|5|1,6,108,150307,silent,150199
12,25|6|6|5|4|2,6,405,516116,silent,515711
12,25|6|6|5|3|3,6,165,360781,silent,360616
12,25|6|6|4|4|3,6,246,322581,silent,322335
12,25|6|5|5|5|2,6,57,164158,silent,164101
12,25|6|5|5|4|3,6,155,329742,silent,329587
12,25|6|5|4|4|4,6,103,122315,silent,122212
12,25|5|5|5|5|3,6,15,43952,silent,43937
12,25|5|5|5|4|4,6,8,40005,silent,39997
12,24|20|1|1|1|1,6,0,-1,a0,
12,24|19|2|1|1|1,6,0,-1,a0,
12,24|18|3|1|1|1,6,6,1497,silent,1491
12,24|18|2|2|1|1,6,8,1137,silent,1129
12,24|17|4|1|1|1,6,21,4689,silent,4668
12,24|17|3|2|1|1,6,61,7743,silent,7682
12,24|17|2|2|2|1,6,49,2948,silent,2899
12,24|16|5|1|1|1,6,64,11905,silent,11841
12,24|16|4|2|1|1,6,188,27487,silent,27299
12,24|16|3|3|1|1,6,104,17127,silent,17023
12,24|16|3|2|2|1,6,187,19788,silent,19601
12,24|16|2|2|2|2,6,75,4040,silent,3965
12,24|15|6|1|1|1,6,117,23573,silent,23456
12,24|15|5|2|1|1,6,445,71992,silent,71547
12,24|15|4|3|1|1,6,407,77588,silent,77181
12,24|15|4|2|2|1,6,538,73528,silent,72990
12,24|15|3|3|2|1,6,260,54582,silent,54322
12,24|15|3|2|2|2,6,210,25291,silent,25081
12,24|14|7|1|1|1,6,186,38124,silent,37938
12,24|14|6|2|1|1,6,734,140991,silent,140257
12,24|14|5|3|1|1,6,982,214937,silent,213955
12,24|14|5|2|2|1,6,1055,187008,silent,185953
12,24|14|4|4|1|1,6,472,107923,silent,107451
12,24|14|4|3|2|1,6,1093,258135,silent,257042
12,24|14|4|2|2|2,6,572,93784,silent,93212
12,24|14|3|3|3|1,6,143,66208,silent,66065
12,24|14|3|3|2|2,6,229,72499,silent,72270
12,24|13|8|1|1|1,6,216,48569,silent,48353
12,24|13|7|2|1|1,6,1035,217442,silent,216407
12,24|13|6|3|1|1,6,1630,419122,silent,417492
12,24|13|6|2|2|1,6,1652,353258,silent,351606
12,24|13|5|4|1|1,6,1406,376468,silent,375062
12,24|13|5|3|2|1,6,2385,693777,silent,691392
12,24|13|5|2|2|2,6,966,226352,silent,225386
12,24|13|4|4|2|1,6,1360,384518,silent,383158
12,24|13|4|3|3|1,6,743,328754,silent,328011
12,24|13|4|3|2|2,6,1011,341958,silent,340947
12,24|13|3|3|3|2,6,123,111186,silent,111063
12,24|12|9|1|1|1,6,202,47407,silent,47205
12,24|12|8|2|1|1,6,1064,253783,silent,252719
12,24|12|7|3|1|1,6,2136,608927,silent,606791
12,24|12|7|2|2|1,6,2003,502118,silent,500115
12,24|12|6|4|1|1,6,2367,756432,silent,754065
12,24|12|6|3|2|1,6,3785,1281848,silent,1278063
12,24|12|6|2|2|2,6,1460,402795,silent,401335
12,24|12|5|5|1|1,6,1082,361506,silent,360424
12,24|12|5|4|2|1,6,3480,1268912,silent,1265432
12,24|12|5|3|3|1,6,1731,871586,silent,869855
12,24|12|5|3|2|2,6,2013,870729,silent,868716
12,24|12|4|4|3|1,6,1346,604211,silent,602865
12,24|12|4|4|2|2,6,1294,509066,silent,507772
12,24|12|4|3|3|2,6,697,538531,silent,537834
12,24|12|3|3|3|3,6,28,78167,silent,78139
12,24|11|10|1|1|1,6,120,29600,silent,29480
12,24|11|9|2|1|1,6,862,212425,silent,211563
12,24|11|8|3|1|1,6,2039,639201,silent,637162
12,24|11|8|2|2|1,6,1884,522657,silent,520773
12,24|11|7|4|1|1,6,2985,1042837,silent,1039852
12,24|11|7|3|2|1,6,4403,1689786,silent,1685383
12,24|11|7|2|2|2,6,1498,514710,silent,513212
12,24|11|6|5|1|1,6,2200,864588,silent,862388
12,24|11|6|4|2|1,6,5588,2370362,silent,2364774
12,24|11|6|3|3|1,6,2666,1509700,silent,1507034
12,24|11|6|3|2|2,6,3007,1485743,silent,1482736
12,24|11|5|5|2|1,6,2413,1171766,silent,1169353
12,24|11|5|4|3|1,6,3462,1935211,silent,1931749
12,24|11|5|4|2|2,6,2844,1554903,silent,1552059
12,24|11|5|3|3|2,6,1578,1337441,silent,1335863
12,24|11|4|4|4|1,6,890,425287,silent,424397
12,24|11|4|4|3|2,6,1383,973307,silent,971924
12,24|11|4|3|3|3,6,186,361895,silent,361709
12,24|10|10|2|1|1,6,294,82039,silent,81745
12,24|10|9|3|1|1,6,1262,418373,silent,417111
12,24|10|9|2|2|1,6,1141,339729,silent,338588
12,24|10|8|4|1|1,6,2434,943892,silent,941458
12,24|10|8|3|2|1,6,3635,1504955,silent,1501320
12,24|10|8|2|2|2,6,1287,456271,silent,454984
12,24|10|7|5|1|1,6,2678,1145040,silent,1142362
12,24|10|7|4|2|1,6,6005,2866263,silent,2860258
12,24|10|7|3|3|1,6,2876,1768700,silent,1765824
12,24|10|7|3|2|2,6,3047,1719570,silent,1716523
12,24|10|6|6|1|1,6,1119,528110,silent,526991
12,24|10|6|5|2|1,6,4737,2549179,silent,2544442
12,24|10|6|4|3|1,6,5179,3308350,silent,3303171
12,24|10|6|4|2|2,6,4305,2620498,silent,2616193
12,24|10|6|3|3|2,6,2219,2087524,silent,2085305
12,24|10|5|5|3|1,6,2477,1793166,silent,1790689
12,24|10|5|5|2|2,6,1729,1328758,silent,1327029
12,24|10|5|4|4|1,6,2090,1355920,silent,1353830
12,24|10|5|4|3|2,6,3189,2849010,silent,2845821
12,24|10|5|3|3|3,6,469,835822,silent,835353
12,24|10|4|4|4|2,6,1021,697979,silent,696958
12,24|10|4|4|3|3,6,465,655246,silent,654781
12,24|9|9|4|1|1,6,1015,388333,silent,387318
12,24|9|9|3|2|1,6,1390,608833,silent,607443
12,24|9|9|2|2|2,6,411,180489,silent,180078
12,24|9|8|5|1|1,6,1821,833859,silent,832038
12,24|9|8|4|2|1,6,3977,2015714,silent,2011737
12,24|9|8|3|3|1,6,1884,1224958,silent,1223074
12,24|9|8|3|2|2,6,1998,1186745,silent,1184747
12,24|9|7|6|1|1,6,1550,753958,silent,752408
12,24|9|7|5|2|1,6,4747,2817629,silent,2812882
12,24|9|7|4|3|1,6,4860,3381093,silent,3376233
12,24|9|7|4|2|2,6,3713,2640079,silent,2636366
12,24|9|7|3|3|2,6,2090,2051181,silent,2049091
12,24|9|6|6|2|1,6,2300,1388367,silent,1386067
12,24|9|6|5|3|1,6,4362,3438127,silent,3433765
12,24|9|6|5|2|2,6,3176,2520612,silent,2517436
12,24|9|6|4|4|1,6,2852,2099550,silent,2096698
12,24|9|6|4|3|2,6,4284,4244163,silent,4239879
12,24|9|6|3|3|3,6,603,1143295,silent,1142692
12,24|9|5|5|4|1,6,1570,1448278,silent,1446708
12,24|9|5|5|3|2,6,2044,2390188,silent,2388144
12,24|9|5|4|4|2,6,1984,1975850,silent,1973866
12,24|9|5|4|3|3,6,1131,1749273,silent,1748142
12,24|9|4|4|4|3,6,528,553914,silent,553386
12,24|8|8|6|1|1,6,659,354823,silent,354164
12,24|8|8|5|2|1,6,2064,1246529,silent,1244465
12,24|8|8|4|3|1,6,1993,1451546,silent,1449553
12,24|8|8|4|2|2,6,1686,1138050,silent,1136364
12,24|8|8|3|3|2,6,805,865135,silent,864330
12,24|8|7|7|1|1,6,446,225567,silent,225121
12,24|8|7|6|2|1,6,2231,1478168,silent,1475937
12,24|8|7|5|3|1,6,3471,2906762,silent,2903291
12,24|8|7|5|2|2,6,2393,2109232,silent,2106839
12,24|8|7|4|4|1,6,2055,1662417,silent,1660362
12,24|8|7|4|3|2,6,3082,3302371,silent,3299289
12,24|8|7|3|3|3,6,457,861777,silent,861320
12,24|8|6|6|3|1,6,1864,1601362,silent,1599498
12,24|8|6|6|2|2,6,1433,1146709,silent,1145276
12,24|8|6|5|4|1,6,2473,2368809,silent,2366336
12,24|8|6|5|3|2,6,3092,3770647,silent,3767555
12,24|8|6|4|4|2,6,2406,2529673,silent,2527267
12,24|8|6|4|3|3,6,1234,2160365,silent,2159131
12,24|8|5|5|5|1,6,377,516794,silent,516417
12,24|8|5|5|4|2,6,1243,1838546,silent,1837303
12,24|8|5|5|3|3,6,725,1319146,silent,1318421
12,24|8|5|4|4|3,6,961,1374292,silent,1373331
12,24|8|4|4|4|4,6,234,186763,silent,186529
12,24|7|7|7|2|1,6,326,257153,silent,256827
12,24|7|7|6|3|1,6,1083,995873,silent,994790
12,24|7|7|6|2|2,6,660,697963,silent,697303
12,24|7|7|5|4|1,6,1152,1199052,silent,1197900
12,24|7|7|5|3|2,6,1453,1882043,silent,1880590
12,24|7|7|4|4|2,6,922,1185362,silent,1184440
12,24|7|7|4|3|3,6,615,1011596,silent,1010981
12,24|7|6|6|4|1,6,902,894437,silent,893535
12,24|7|6|6|3|2,6,1056,1317278,silent,1316222
12,24|7|6|5|5|1,6,505,674422,silent,673917
12,24|7|6|5|4|2,6,1549,2226389,silent,2224840
12,24|7|6|5|3|3,6,775,1543012,silent,1542237
12,24|7|6|4|4|3,6,852,1317817,silent,1316965
12,24|7|5|5|5|2,6,249,554959,silent,554710
12,24|7|5|5|4|3,6,511,1079801,silent,1079290
12,24|7|5|4|4|4,6,257,380285,silent,380028
12,24|6|6|6|5|1,6,159,182789,silent,182630
12,24|6|6|6|4|2,6,415,484387,silent,483972
12,24|6|6|6|3|3,6,131,308689,silent,308558
12,24|6|6|5|5|2,6,179,404314,silent,404135
12,24|6|6|5|4|3,6,366,740489,silent,740123
12,24|6|6|4|4|4,6,193,216594,silent,216401
12,24|6|5|5|5|3,6,76,260009,silent,259933
12,24|6|5|5|4|4,6,81,233899,silent,233818
12,24|5|5|5|5|4,6,9,40423,silent,40414
12,23|21|1|1|1|1,6,0,-1,a0,
12,23|20|2|1|1|1,6,0,-1,a0,
12,23|19|3|1|1|1,6,3,1167,silent,1164
12,23|19|2|2|1|1,6,10,941,silent,931
12,23|18|4|1|1|1,6,18,3923,silent,3905
12,23|18|3|2|1|1,6,51,6470,silent,6419
12,23|18|2|2|2|1,6,41,2466,silent,2425
12,23|17|5|1|1|1,6,58,10725,silent,10667
12,23|17|4|2|1|1,6,180,24797,silent,24617
12,23|17|3|3|1|1,6,85,15189,silent,15104
12,23|17|3|2|2|1,6,172,17637,silent,17465
12,23|17|2|2|2|2,6,56,3433,silent,3377
12,23|16|6|1|1|1,6,113,22687,silent,22574
12,23|16|5|2|1|1,6,429,68962,silent,68533
12,23|16|4|3|1|1,6,395,74112,silent,73717
12,23|16|4|2|2|1,6,518,70117,silent,69599
12,23|16|3|3|2|1,6,254,51926,silent,51672
12,23|16|3|2|2|2,6,202,23996,silent,23794
12,23|15|7|1|1|1,6,196,39949,silent,39753
12,23|15|6|2|1|1,6,785,146469,silent,145684
12,23|15|5|3|1|1,6,1011,221140,silent,220129
12,23|15|5|2|2|1,6,1086,191804,silent,190718
12,23|15|4|4|1|1,6,519,111336,silent,110817
12,23|15|4|3|2|1,6,1133,263765,silent,262632
12,23|15|4|2|2|2,6,556,94665,silent,94109
12,23|15|3|3|3|1,6,146,67301,silent,67155
12,23|15|3|3|2|2,6,257,73920,silent,73663
12,23|14|8|1|1|1,6,245,55693,silent,55448
12,23|14|7|2|1|1,6,1154,245597,silent,244443
12,23|14|6|3|1|1,6,1824,468828,silent,467004
12,23|14|6|2|2|1,6,1834,394183,silent,392349
12,23|14|5|4|1|1,6,1559,418658,silent,417099
12,23|14|5|3|2|1,6,2661,768348,silent,765687
12,23|14|5|2|2|2,6,1074,249693,silent,248619
12,23|14|4|4|2|1,6,1504,424350,silent,422846
12,23|14|4|3|3|1,6,839,361591,silent,360752
12,23|14|4|3|2|2,6,1125,374975,silent,373850
12,23|14|3|3|3|2,6,142,121248,silent,121106
12,23|13|9|1|1|1,6,266,62346,silent,62080
12,23|13|8|2|1|1,6,1352,322043,silent,320691
12,23|13|7|3|1|1,6,2610,754357,silent,751747
12,23|13|7|2|2|1,6,2421,619380,silent,616959
12,23|13|6|4|1|1,6,2919,926873,silent,923954
12,23|13|6|3|2|1,6,4573,1559631,silent,1555058
12,23|13|6|2|2|2,6,1673,485439,silent,483766
12,23|13|5|5|1|1,6,1275,438887,silent,437612
12,23|13|5|4|2|1,6,4168,1531756,silent,1527588
12,23|13|5|3|3|1,6,2108,1048569,silent,1046461
12,23|13|5|3|2|2,6,2436,1043926,silent,1041490
12,23|13|4|4|3|1,6,1636,724088,silent,722452
12,23|13|4|4|2|2,6,1469,605058,silent,603589
12,23|13|4|3|3|2,6,882,641041,silent,640159
12,23|13|3|3|3|3,6,33,91802,silent,91769
12,23|12|10|1|1|1,6,190,49391,silent,49201
12,23|12|9|2|1|1,6,1227,318313,silent,317086
12,23|12|8|3|1|1,6,2807,907728,silent,904921
12,23|12|8|2|2|1,6,2583,740252,silent,737669
12,23|12|7|4|1|1,6,3982,1436515,silent,1432533
12,23|12|7|3|2|1,6,5911,2315866,silent,2309955
12,23|12|7|2|2|2,6,2019,702488,silent,700469
12,23|12|6|5|1|1,6,2916,1173092,silent,1170176
12,23|12|6|4|2|1,6,7367,3190080,silent,3182713
12,23|12|6|3|3|1,6,3562,2022916,silent,2019354
12,23|12|6|3|2|2,6,3972,1984052,silent,1980080
12,23|12|5|5|2|1,6,3185,1564019,silent,1560834
12,23|12|5|4|3|1,6,4538,2565010,silent,2560472
12,23|12|5|4|2|2,6,3735,2053966,silent,2050231
12,23|12|5|3|3|2,6,2103,1757983,silent,1755880
12,23|12|4|4|4|1,6,1138,559078,silent,557940
12,23|12|4|4|3|2,6,1802,1271513,silent,1269711
12,23|12|4|3|3|3,6,263,469524,silent,469261
12,23|11|11|1|1|1,6,85,19578,silent,19493
12,23|11|10|2|1|1,6,739,200874,silent,200135
12,23|11|9|3|1|1,6,2248,769215,silent,766967
12,23|11|9|2|2|1,6,1964,620527,silent,618563
12,23|11|8|4|1|1,6,3949,1564629,silent,1560680
12,23|11|8|3|2|1,6,5737,2471348,silent,2465611
12,23|11|8|2|2|2,6,1897,740536,silent,738639
12,23|11|7|5|1|1,6,4050,1804476,silent,1800426
12,23|11|7|4|2|1,6,9011,4468860,silent,4459849
12,23|11|7|3|3|1,6,4393,2744777,silent,2740384
12,23|11|7|3|2|2,6,4567,2655874,silent,2651307
12,23|11|6|6|1|1,6,1731,818354,silent,816623
12,23|11|6|5|2|1,6,6971,3876833,silent,3869862
12,23|11|6|4|3|1,6,7649,4989761,silent,4982112
12,23|11|6|4|2|2,6,6120,3927478,silent,3921358
12,23|11|6|3|3|2,6,3382,3120531,silent,3117149
12,23|11|5|5|3|1,6,3617,2669205,silent,2665588
12,23|11|5|5|2|2,6,2589,1972808,silent,1970219
12,23|11|5|4|4|1,6,2977,2005520,silent,2002543
12,23|11|5|4|3|2,6,4628,4185683,silent,4181055
12,23|11|5|3|3|3,6,716,1218338,silent,1217622
12,23|11|4|4|4|2,6,1349,1010289,silent,1008940
12,23|11|4|4|3|3,6,719,949054,silent,948335
12,23|10|10|3|1|1,6,820,301478,silent,300658
12,23|10|10|2|2|1,6,765,245165,silent,244400
12,23|10|9|4|1|1,6,2473,1042676,silent,1040203
12,23|10|9|3|2|1,6,3545,1628746,silent,1625201
12,23|10|9|2|2|2,6,1147,484297,silent,483150
12,23|10|8|5|1|1,6,3540,1722887,silent,1719347
12,23|10|8|4|2|1,6,7682,4111232,silent,4103550
12,23|10|8|3|3|1,6,3663,2480629,silent,2476966
12,23|10|8|3|2|2,6,3861,2394687,silent,2390826
12,23|10|7|6|1|1,6,2739,1424129,silent,1421390
12,23|10|7|5|2|1,6,8392,5216638,silent,5208246
12,23|10|7|4|3|1,6,8504,6185338,silent,6176834
12,23|10|7|4|2|2,6,6576,4813014,silent,4806438
12,23|10|7|3|3|2,6,3670,3708277,silent,3704607
12,23|10|6|6|2|1,6,3898,2478992,silent,2475094
12,23|10|6|5|3|1,6,7366,6020357,silent,6012991
12,23|10|6|5|2|2,6,5330,4394098,silent,4388768
12,23|10|6|4|4|1,6,4709,3644687,silent,3639978
12,23|10|6|4|3|2,6,7166,7308194,silent,7301028
12,23|10|6|3|3|3,6,1054,1948754,silent,1947700
12,23|10|5|5|4|1,6,2600,2463089,silent,2460489
12,23|10|5|5|3|2,6,3392,4032490,silent,4029098
12,23|10|5|4|4|2,6,3220,3304570,silent,3301350
12,23|10|5|4|3|3,6,1858,2905965,silent,2904107
12,23|10|4|4|4|3,6,814,905005,silent,904191
12,23|9|9|5|1|1,6,1453,722211,silent,720758
12,23|9|9|4|2|1,6,2964,1686207,silent,1683243
12,23|9|9|3|3|1,6,1473,1014096,silent,1012623
12,23|9|9|3|2|2,6,1431,969631,silent,968200
12,23|9|8|6|1|1,6,2058,1137732,silent,1135674
12,23|9|8|5|2|1,6,5847,3843154,silent,3837307
12,23|9|8|4|3|1,6,5712,4405966,silent,4400254
12,23|9|8|4|2|2,6,4393,3413491,silent,3409098
12,23|9|8|3|3|2,6,2444,2590733,silent,2588289
12,23|9|7|7|1|1,6,1003,573570,silent,572567
12,23|9|7|6|2|1,6,4993,3562074,silent,3557081
12,23|9|7|5|3|1,6,7663,6802085,silent,6794422
12,23|9|7|5|2|2,6,5261,4906439,silent,4901178
12,23|9|7|4|4|1,6,4397,3837889,silent,3833492
12,23|9|7|4|3|2,6,6700,7550986,silent,7544286
12,23|9|7|3|3|3,6,1071,1947415,silent,1946344
12,23|9|6|6|3|1,6,3829,3472479,silent,3468650
12,23|9|6|6|2|2,6,2702,2460528,silent,2457826
12,23|9|6|5|4|1,6,4922,5000783,silent,4995861
12,23|9|6|5|3|2,6,6236,7883739,silent,7877503
12,23|9|6|4|4|2,6,4464,5207615,silent,5203151
12,23|9|6|4|3|3,6,2569,4429883,silent,4427314
12,23|9|5|5|5|1,6,764,1043574,silent,1042810
12,23|9|5|5|4|2,6,2463,3659361,silent,3656898
12,23|9|5|5|3|3,6,1382,2600515,silent,2599133
12,23|9|5|4|4|3,6,1755,2675180,silent,2673425
12,23|9|4|4|4|4,6,336,349402,silent,349066
12,23|8|8|7|1|1,6,555,337737,silent,337182
12,23|8|8|6|2|1,6,2362,1704976,silent,1702614
12,23|8|8|5|3|1,6,3304,3033690,silent,3030386
12,23|8|8|5|2|2,6,2385,2190679,silent,2188294
12,23|8|8|4|4|1,6,1902,1675847,silent,1673945
12,23|8|8|4|3|2,6,2833,3266649,silent,3263816
12,23|8|8|3|3|3,6,395,825195,silent,824800
12,23|8|7|7|2|1,6,1337,1080231,silent,1078894
12,23|8|7|6|3|1,6,3827,3766434,silent,3762607
12,23|8|7|6|2|2,6,2553,2637433,silent,2634880
12,23|8|7|5|4|1,6,3971,4341819,silent,4337848
12,23|8|7|5|3|2,6,4944,6725908,silent,6720964
12,23|8|7|4|4|2,6,3246,4161931,silent,4158685
12,23|8|7|4|3|3,6,1923,3494953,silent,3493030
12,23|8|6|6|4|1,6,2399,2590786,silent,2588387
12,23|8|6|6|3|2,6,2817,3765983,silent,3763166
12,23|8|6|5|5|1,6,1356,1881679,silent,1880323
12,23|8|6|5|4|2,6,4016,6085464,silent,6081448
12,23|8|6|5|3|3,6,2034,4173026,silent,4170992
12,23|8|6|4|4|3,6,2097,3491332,silent,3489235
12,23|8|5|5|5|2,6,612,1383921,silent,1383309
12,23|8|5|5|4|3,6,1227,2646398,silent,2645171
12,23|8|5|4|4|4,6,590,909306,silent,908716
12,23|7|7|7|3|1,6,608,675121,silent,674513
12,23|7|7|7|2|2,6,333,460242,silent,459909
12,23|7|7|6|4|1,6,1337,1639713,silent,1638376
12,23|7|7|6|3|2,6,1558,2348923,silent,2347365
12,23|7|7|5|5|1,6,699,991738,silent,991039
12,23|7|7|5|4|2,6,1842,3097474,silent,3095632
12,23|7|7|5|3|3,6,1042,2109538,silent,2108496
12,23|7|7|4|4|3,6,885,1658466,silent,1657581
12,23|7|6|6|5|1,6,689,922142,silent,921453
12,23|7|6|6|4|2,6,1514,2347674,silent,2346160
12,23|7|6|6|3|3,6,692,1497624,silent,1496932
12,23|7|6|5|5|2,6,867,1832761,silent,1831894
12,23|7|6|5|4|3,6,1476,3252359,silent,3250883
12,23|7|6|4|4|4,6,534,896459,silent,895925
12,23|7|5|5|5|3,6,281,890565,silent,890284
12,23|7|5|5|4|4,6,292,787452,silent,787160
12,23|6|6|6|6|1,6,95,96544,silent,96449
12,23|6|6|6|5|2,6,298,507901,silent,507603
12,23|6|6|6|4|3,6,357,720692,silent,720335
12,23|6|6|5|5|3,6,194,656018,silent,655824
12,23|6|6|5|4|4,6,251,555913,silent,555662
12,23|6|5|5|5|4,6,46,247639,silent,247593
12,23|5|5|5|5|5,6,7,19260,silent,19253
12,22|22|1|1|1|1,6,0,-1,a0,
12,22|21|2|1|1|1,6,0,-1,a0,
12,22|20|3|1|1|1,6,4,747,silent,743
12,22|20|2|2|1|1,6,3,552,silent,549
12,22|19|4|1|1|1,6,14,2851,silent,2837
12,22|19|3|2|1|1,6,37,4691,silent,4654
12,22|19|2|2|2|1,6,30,1785,silent,1755
12,22|18|5|1|1|1,6,47,8507,silent,8460
12,22|18|4|2|1|1,6,135,19531,silent,19396
12,22|18|3|3|1|1,6,78,12161,silent,12083
12,22|18|3|2|2|1,6,134,14010,silent,13876
12,22|18|2|2|2|2,6,54,2861,silent,2807
12,22|17|6|1|1|1,6,101,19719,silent,19618
12,22|17|5|2|1|1,6,376,59640,silent,59264
12,22|17|4|3|1|1,6,346,63921,silent,63575
12,22|17|4|2|2|1,6,447,60327,silent,59880
12,22|17|3|3|2|1,6,222,44631,silent,44409
12,22|17|3|2|2|2,6,172,20535,silent,20363
12,22|16|7|1|1|1,6,187,37520,silent,37333
12,22|16|6|2|1|1,6,717,136719,silent,136002
12,22|16|5|3|1|1,6,961,206231,silent,205270
12,22|16|5|2|2|1,6,1014,178675,silent,177661
12,22|16|4|4|1|1,6,459,103190,silent,102731
12,22|16|4|3|2|1,6,1062,244857,silent,243795
12,22|16|4|2|2|2,6,543,88202,silent,87659
12,22|16|3|3|3|1,6,150,62340,silent,62190
12,22|16|3|3|2|2,6,226,68004,silent,67778
12,22|15|8|1|1|1,6,256,57642,silent,57386
12,22|15|7|2|1|1,6,1179,250936,silent,249757
12,22|15|6|3|1|1,6,1856,475330,silent,473474
12,22|15|6|2|2|1,6,1840,398390,silent,396550
12,22|15|5|4|1|1,6,1580,422682,silent,421102
12,22|15|5|3|2|1,6,2689,772752,silent,770063
12,22|15|5|2|2|2,6,1062,249865,silent,248803
12,22|15|4|4|2|1,6,1509,425635,silent,424126
12,22|15|4|3|3|1,6,861,362022,silent,361161
12,22|15|4|3|2|2,6,1132,374204,silent,373072
12,22|15|3|3|3|2,6,154,120721,silent,120567
12,22|14|9|1|1|1,6,297,71566,silent,71269
12,22|14|8|2|1|1,6,1475,362408,silent,360933
12,22|14|7|3|1|1,6,2877,838192,silent,835315
12,22|14|7|2|2|1,6,2649,687284,silent,684635
12,22|14|6|4|1|1,6,3142,1020827,silent,1017685
12,22|14|6|3|2|1,6,4999,1713108,silent,1708109
12,22|14|6|2|2|2,6,1859,532415,silent,530556
12,22|14|5|5|1|1,6,1420,482230,silent,480810
12,22|14|5|4|2|1,6,4535,1673543,silent,1669008
12,22|14|5|3|3|1,6,2328,1142239,silent,1139911
12,22|14|5|3|2|2,6,2638,1134399,silent,1131761
12,22|14|4|4|3|1,6,1752,786058,silent,784306
12,22|14|4|4|2|2,6,1642,656542,silent,654900
12,22|14|4|3|3|2,6,960,691679,silent,690719
12,22|14|3|3|3|3,6,48,98680,silent,98632
12,22|13|10|1|1|1,6,264,67834,silent,67570
12,22|13|9|2|1|1,6,1556,410989,silent,409433
12,22|13|8|3|1|1,6,3445,1133620,silent,1130175
12,22|13|8|2|2|1,6,3108,920584,silent,917476
12,22|13|7|4|1|1,6,4793,1759691,silent,1754898
12,22|13|7|3|2|1,6,7072,2822910,silent,2815838
12,22|13|7|2|2|2,6,2356,851313,silent,848957
12,22|13|6|5|1|1,6,3481,1422499,silent,1419018
12,22|13|6|4|2|1,6,8705,3842368,silent,3833663
12,22|13|6|3|3|1,6,4285,2430071,silent,2425786
12,22|13|6|3|2|2,6,4682,2374643,silent,2369961
12,22|13|5|5|2|1,6,3772,1873855,silent,1870083
12,22|13|5|4|3|1,6,5369,3058046,silent,3052677
12,22|13|5|4|2|2,6,4367,2440135,silent,2435768
12,22|13|5|3|3|2,6,2550,2083537,silent,2080987
12,22|13|4|4|4|1,6,1311,662344,silent,661033
12,22|13|4|4|3|2,6,2110,1499543,silent,1497433
12,22|13|4|3|3|3,6,338,551468,silent,551130
12,22|12|11|1|1|1,6,159,41952,silent,41793
12,22|12|10|2|1|1,6,1138,331445,silent,330307
12,22|12|9|3|1|1,6,3196,1141485,silent,1138289
12,22|12|9|2|2|1,6,2804,920057,silent,917253
12,22|12|8|4|1|1,6,5301,2203252,silent,2197951
12,22|12|8|3|2|1,6,7791,3465568,silent,3457777
12,22|12|8|2|2|2,6,2609,1035561,silent,1032952
12,22|12|7|5|1|1,6,5380,2473273,silent,2467893
12,22|12|7|4|2|1,6,11900,6083084,silent,6071184
12,22|12|7|3|3|1,6,5850,3720942,silent,3715092
12,22|12|7|3|2|2,6,6039,3591972,silent,3585933
12,22|12|6|6|1|1,6,2220,1107994,silent,1105774
12,22|12|6|5|2|1,6,9093,5197451,silent,5188358
12,22|12|6|4|3|1,6,9931,6647979,silent,6638048
12,22|12|6|4|2|2,6,8025,5219510,silent,5211485
12,22|12|6|3|3|2,6,4421,4127496,silent,4123075
12,22|12|5|5|3|1,6,4731,3528406,silent,3523675
12,22|12|5|5|2|2,6,3315,2599585,silent,2596270
12,22|12|5|4|4|1,6,3810,2640000,silent,2636190
12,22|12|5|4|3|2,6,5998,5480921,silent,5474923
12,22|12|5|3|3|3,6,975,1585516,silent,1584541
12,22|12|4|4|4|2,6,1743,1313663,silent,1311920
12,22|12|4|4|3|3,6,899,1227714,silent,1226815
12,22|11|11|2|1|1,6,467,129831,silent,129364
12,22|11|10|3|1|1,6,1934,727405,silent,725471
12,22|11|10|2|2|1,6,1685,584952,silent,583267
12,22|11|9|4|1|1,6,4350,1907256,silent,1902906
12,22|11|9|3|2|1,6,6130,2956890,silent,2950760
12,22|11|9|2|2|2,6,1891,871764,silent,869873
12,22|11|8|5|1|1,6,5612,2849181,silent,2843569
12,22|11|8|4|2|1,6,11942,6726401,silent,6714459
12,22|11|8|3|3|1,6,5818,4043214,silent,4037396
12,22|11|8|3|2|2,6,5947,3883528,silent,3877581
12,22|11|7|6|1|1,6,4153,2254954,silent,2250801
12,22|11|7|5|2|1,6,12534,8138084,silent,8125550
12,22|11|7|4|3|1,6,12688,9574389,silent,9561701
12,22|11|7|4|2|2,6,9653,7418312,silent,7408659
12,22|11|7|3|3|2,6,5583,5694461,silent,5688878
12,22|11|6|6|2|1,6,5676,3791218,silent,3785542
12,22|11|6|5|3|1,6,10778,9094188,silent,9083410
12,22|11|6|5|2|2,6,7689,6610202,silent,6602513
12,22|11|6|4|4|1,6,6721,5470834,silent,5464113
12,22|11|6|4|3|2,6,10384,10908224,silent,10897840
12,22|11|6|3|3|3,6,1629,2891478,silent,2889849
12,22|11|5|5|4|1,6,3757,3654016,silent,3650259
12,22|11|5|5|3|2,6,4952,5948304,silent,5943352
12,22|11|5|4|4|2,6,4494,4841562,silent,4837068
12,22|11|5|4|3|3,6,2715,4242773,silent,4240058
12,22|11|4|4|4|3,6,1105,1305877,silent,1304772
12,22|10|10|4|1|1,6,1587,755854,silent,754267
12,22|10|10|3|2|1,6,2354,1172784,silent,1170430
12,22|10|10|2|2|2,6,820,348904,silent,348084
12,22|10|9|5|1|1,6,3628,1951468,silent,1947840
12,22|10|9|4|2|1,6,7510,4514397,silent,4506887
12,22|10|9|3|3|1,6,3669,2692271,silent,2688602
12,22|10|9|3|2|2,6,3674,2575605,silent,2571931
12,22|10|8|6|1|1,6,3970,2379965,silent,2375995
12,22|10|8|5|2|1,6,11290,7885885,silent,7874595
12,22|10|8|4|3|1,6,10925,8940822,silent,8929897
12,22|10|8|4|2|2,6,8506,6905337,silent,6896831
12,22|10|8|3|3|2,6,4682,5201908,silent,5197226
12,22|10|7|7|1|1,6,1838,1111070,silent,1109232
12,22|10|7|6|2|1,6,8844,6688809,silent,6679965
12,22|10|7|5|3|1,6,13442,12537160,silent,12523718
12,22|10|7|5|2|2,6,9222,9013923,silent,9004701
12,22|10|7|4|4|1,6,7608,7019205,silent,7011597
12,22|10|7|4|3|2,6,11673,13711371,silent,13699698
12,22|10|7|3|3|3,6,1905,3501697,silent,3499792
12,22|10|6|6|3|1,6,6414,6175763,silent,6169349
12,22|10|6|6|2|2,6,4592,4359445,silent,4354853
12,22|10|6|5|4|1,6,8196,8755366,silent,8747170
12,22|10|6|5|3|2,6,10412,13706477,silent,13696065
12,22|10|6|4|4|2,6,7379,8981151,silent,8973772
12,22|10|6|4|3|3,6,4252,7595890,silent,7591638
12,22|10|5|5|5|1,6,1278,1781428,silent,1780150
12,22|10|5|5|4|2,6,4009,6184707,silent,6180698
12,22|10|5|5|3|3,6,2312,4370089,silent,4367777
12,22|10|5|4|4|3,6,2787,4460201,silent,4457414
12,22|10|4|4|4|4,6,534,571884,silent,571350
12,22|9|9|6|1|1,6,1729,1036751,silent,1035022
12,22|9|9|5|2|1,6,4479,3307066,silent,3302587
12,22|9|9|4|3|1,6,4354,3699493,silent,3695139
12,22|9|9|4|2|2,6,3114,2834924,silent,2831810
12,22|9|9|3|3|2,6,1932,2135146,silent,2133214
12,22|9|8|7|1|1,6,1727,1135525,silent,1133798
12,22|9|8|6|2|1,6,6760,5401589,silent,5394829
12,22|9|8|5|3|1,6,9479,9352397,silent,9342918
12,22|9|8|5|2|2,6,6541,6698455,silent,6691914
12,22|9|8|4|4|1,6,5186,5092311,silent,5087125
12,22|9|8|4|3|2,6,7920,9847032,silent,9839112
12,22|9|8|3|3|3,6,1269,2468834,silent,2467565
12,22|9|7|7|2|1,6,3144,2741080,silent,2737936
12,22|9|7|6|3|1,6,8580,9073538,silent,9064958
12,22|9|7|6|2|2,6,5601,6315147,silent,6309546
12,22|9|7|5|4|1,6,8688,10199479,silent,10190791
12,22|9|7|5|3|2,6,10920,15663931,silent,15653011
12,22|9|7|4|4|2,6,6807,9562431,silent,9555624
12,22|9|7|4|3|3,6,4268,7987432,silent,7983164
12,22|9|6|6|4|1,6,4774,5635699,silent,5630925
12,22|9|6|6|3|2,6,5622,8119992,silent,8114370
12,22|9|6|5|5|1,6,2781,4015422,silent,4012641
12,22|9|6|5|4|2,6,7896,12796046,silent,12788150
12,22|9|6|5|3|3,6,4165,8724256,silent,8720091
12,22|9|6|4|4|3,6,3974,7198649,silent,7194675
12,22|9|5|5|5|2,6,1269,2788866,silent,2787597
12,22|9|5|5|4|3,6,2355,5265438,silent,5263083
12,22|9|5|4|4|4,6,1011,1776855,silent,1775844
12,22|8|8|8|1|1,6,235,184968,silent,184733
12,22|8|8|7|2|1,6,1892,1641992,silent,1640100
12,22|8|8|6|3|1,6,4004,4377772,silent,4373768
12,22|8|8|6|2|2,6,2838,3052184,silent,3049346
12,22|8|8|5|4|1,6,3865,4618630,silent,4614765
12,22|8|8|5|3|2,6,4756,7034446,silent,7029690
12,22|8|8|4|4|2,6,3088,4205382,silent,4202294
12,22|8|8|4|3|3,6,1693,3469830,silent,3468137
12,22|8|7|7|3|1,6,2420,2840131,silent,2837711
12,22|8|7|7|2|2,6,1433,1938353,silent,1936920
12,22|8|7|6|4|1,6,4826,6274571,silent,6269745
12,22|8|7|6|3|2,6,5603,8883023,silent,8877420
12,22|8|7|5|5|1,6,2407,3651697,silent,3649290
12,22|8|7|5|4|2,6,6373,11214380,silent,11208007
12,22|8|7|5|3|3,6,3453,7544894,silent,7541441
12,22|8|7|4|4|3,6,2943,5830814,silent,5827871
12,22|8|6|6|5|1,6,1853,2722327,silent,2720474
12,22|8|6|6|4|2,6,4058,6796061,silent,6792003
12,22|8|6|6|3|3,6,1829,4296208,silent,4294379
12,22|8|6|5|5|2,6,2283,5113563,silent,5111280
12,22|8|6|5|4|3,6,3811,8924969,silent,8921158
12,22|8|6|4|4|4,6,1318,2399364,silent,2398046
12,22|8|5|5|5|3,6,698,2230883,silent,2230185
12,22|8|5|5|4|4,6,684,1952159,silent,1951475
12,22|7|7|7|4|1,6,767,1173531,silent,1172764
12,22|7|7|7|3|2,6,871,1606645,silent,1605774
12,22|7|7|6|5|1,6,1103,1792458,silent,1791355
12,22|7|7|6|4|2,6,2152,4320941,silent,4318789
12,22|7|7|6|3|3,6,1187,2721113,silent,2719926
12,22|7|7|5|5|2,6,1214,2712497,silent,2711283
12,22|7|7|5|4|3,6,1826,4593941,silent,4592115
12,22|7|7|4|4|4,6,472,1148556,silent,1148084
12,22|7|6|6|6|1,6,357,511914,silent,511557
12,22|7|6|6|5|2,6,1210,2562535,silent,2561325
12,22|7|6|6|4|3,6,1452,3544601,silent,3543149
12,22|7|6|5|5|3,6,930,2999137,silent,2998207
12,22|7|6|5|4|4,6,915,2473092,silent,2472177
12,22|7|5|5|5|4,6,198,865140,silent,864942
12,22|6|6|6|6|2,6,194,278006,silent,277812
12,22|6|6|6|5|3,6,289,848663,silent,848374
12,22|6|6|6|4|4,6,283,578883,silent,578600
12,22|6|6|5|5|4,6,135,652004,silent,651869
12,22|6|5|5|5|5,6,17,120258,silent,120241
12,21|21|3|1|1|1,6,0,-1,a0,
12,21|21|2|2|1|1,6,4,233,silent,229
12,21|20|4|1|1|1,6,7,1497,silent,1490
12,21|20|3|2|1|1,6,20,2470,silent,2450
12,21|20|2|2|2|1,6,15,940,silent,925
12,21|19|5|1|1|1,6,30,5539,silent,5509
12,21|19|4|2|1|1,6,97,12821,silent,12724
12,21|19|3|3|1|1,6,41,7757,silent,7716
12,21|19|3|2|2|1,6,89,9042,silent,8953
12,21|19|2|2|2|2,6,25,1705,silent,1680
12,21|18|6|1|1|1,6,75,14585,silent,14510
12,21|18|5|2|1|1,6,277,44026,silent,43749
12,21|18|4|3|1|1,6,256,47137,silent,46881
12,21|18|4|2|2|1,6,330,44482,silent,44152
12,21|18|3|3|2|1,6,165,32865,silent,32700
12,21|18|3|2|2|2,6,128,15130,silent,15002
12,21|17|7|1|1|1,6,153,31078,silent,30925
12,21|17|6|2|1|1,6,612,112833,silent,112221
12,21|17|5|3|1|1,6,780,168896,silent,168116
12,21|17|5|2|2|1,6,828,146061,silent,145233
12,21|17|4|4|1|1,6,405,84967,silent,84562
12,21|17|4|3|2|1,6,875,199894,silent,199019
12,21|17|4|2|2|2,6,411,71139,silent,70728
12,21|17|3|3|3|1,6,116,50714,silent,50598
12,21|17|3|3|2|2,6,205,55690,silent,55485
12,21|16|8|1|1|1,6,231,52458,silent,52227
12,21|16|7|2|1|1,6,1055,226782,silent,225727
12,21|16|6|3|1|1,6,1666,427570,silent,425904
12,21|16|6|2|2|1,6,1646,357982,silent,356336
12,21|16|5|4|1|1,6,1412,379112,silent,377700
12,21|16|5|3|2|1,6,2413,691707,silent,689294
12,21|16|5|2|2|2,6,953,223266,silent,222313
12,21|16|4|4|2|1,6,1348,380343,silent,378995
12,21|16|4|3|3|1,6,779,322923,silent,322144
12,21|16|4|3|2|2,6,1016,333299,silent,332283
12,21|16|3|3|3|2,6,141,107197,silent,107056
12,21|15|9|1|1|1,6,304,72805,silent,72501
12,21|15|8|2|1|1,6,1485,362920,silent,361435
12,21|15|7|3|1|1,6,2812,829303,silent,826491
12,21|15|7|2|2|1,6,2576,678103,silent,675527
12,21|15|6|4|1|1,6,3123,1005412,silent,1002289
12,21|15|6|3|2|1,6,4872,1679534,silent,1674662
12,21|15|6|2|2|2,6,1735,518419,silent,516684
12,21|15|5|5|1|1,6,1347,472134,silent,470787
12,21|15|5|4|2|1,6,4401,1634506,silent,1630105
12,21|15|5|3|3|1,6,2279,1113687,silent,1111408
12,21|15|5|3|2|2,6,2592,1103875,silent,1101283
12,21|15|4|4|3|1,6,1729,765210,silent,763481
12,21|15|4|4|2|2,6,1515,635046,silent,633531
12,21|15|4|3|3|2,6,976,671063,silent,670087
12,21|15|3|3|3|3,6,41,94862,silent,94821
12,21|14|10|1|1|1,6,293,78438,silent,78145
12,21|14|9|2|1|1,6,1688,460384,silent,458696
12,21|14|8|3|1|1,6,3705,1245124,silent,1241419
12,21|14|8|2|2|1,6,3335,1009634,silent,1006299
12,21|14|7|4|1|1,6,5084,1908951,silent,1903867
12,21|14|7|3|2|1,6,7546,3053800,silent,3046254
12,21|14|7|2|2|2,6,2516,918694,silent,916178
12,21|14|6|5|1|1,6,3690,1533189,silent,1529499
12,21|14|6|4|2|1,6,9208,4123675,silent,4114467
12,21|14|6|3|3|1,6,4568,2601816,silent,2597248
12,21|14|6|3|2|2,6,4965,2537500,silent,2532535
12,21|14|5|5|2|1,6,3991,2003550,silent,1999559
12,21|14|5|4|3|1,6,5674,3258103,silent,3252429
12,21|14|5|4|2|2,6,4621,2594620,silent,2589999
12,21|14|5|3|3|2,6,2718,2209530,silent,2206812
12,21|14|4|4|4|1,6,1361,702916,silent,701555
12,21|14|4|4|3|2,6,2230,1585778,silent,1583548
12,21|14|4|3|3|3,6,369,580946,silent,580577
12,21|13|11|1|1|1,6,236,62754,silent,62518
12,21|13|10|2|1|1,6,1508,443393,silent,441885
12,21|13|9|3|1|1,6,3922,1440837,silent,1436915
12,21|13|9|2|2|1,6,3388,1156994,silent,1153606
12,21|13|8|4|1|1,6,6379,2698642,silent,2692263
12,21|13|8|3|2|1,6,9228,4222907,silent,4213679
12,21|13|8|2|2|2,6,2963,1253258,silent,1250295
12,21|13|7|5|1|1,6,6262,2974864,silent,2968602
12,21|13|7|4|2|1,6,13847,7276382,silent,7262535
12,21|13|7|3|3|1,6,6879,4440415,silent,4433536
12,21|13|7|3|2|2,6,7043,4274368,silent,4267325
12,21|13|6|6|1|1,6,2653,1325353,silent,1322700
12,21|13|6|5|2|1,6,10512,6157287,silent,6146775
12,21|13|6|4|3|1,6,11534,7843970,silent,7832436
12,21|13|6|4|2|2,6,9085,6134898,silent,6125813
12,21|13|6|3|3|2,6,5249,4847070,silent,4841821
12,21|13|5|5|3|1,6,5445,4139872,silent,4134427
12,21|13|5|5|2|2,6,3910,3046073,silent,3042163
12,21|13|5|4|4|1,6,4342,3088230,silent,3083888
12,21|13|5|4|3|2,6,6918,6387622,silent,6380704
12,21|13|5|3|3|3,6,1154,1840245,silent,1839091
12,21|13|4|4|4|2,6,1885,1519478,silent,1517593
12,21|13|4|4|3|3,6,1094,1421922,silent,1420828
12,21|12|12|1|1|1,6,75,23384,silent,23309
12,21|12|11|2|1|1,6,894,275856,silent,274962
12,21|12|10|3|1|1,6,2977,1180480,silent,1177503
12,21|12|10|2|2|1,6,2608,948148,silent,945540
12,21|12|9|4|1|1,6,6024,2786240,silent,2780216
12,21|12|9|3|2|1,6,8575,4304478,silent,4295903
12,21|12|9|2|2|2,6,2692,1266616,silent,1263924
12,21|12|8|5|1|1,6,7461,3960840,silent,3953379
12,21|12|8|4|2|1,6,15853,9291403,silent,9275550
12,21|12|8|3|3|1,6,7767,5565569,silent,5557802
12,21|12|8|3|2|2,6,7915,5334057,silent,5326142
12,21|12|7|6|1|1,6,5381,3060027,silent,3054646
12,21|12|7|5|2|1,6,16256,10941368,silent,10925112
12,21|12|7|4|3|1,6,16405,12801015,silent,12784610
12,21|12|7|4|2|2,6,12537,9896457,silent,9883920
12,21|12|7|3|3|2,6,7265,7567371,silent,7560106
12,21|12|6|6|2|1,6,7255,5037662,silent,5030407
12,21|12|6|5|3|1,6,13782,11980794,silent,11967012
12,21|12|6|5|2|2,6,9817,8686541,silent,8676724
12,21|12|6|4|4|1,6,8500,7179508,silent,7171008
12,21|12|6|4|3|2,6,13253,14253375,silent,14240122
12,21|12|6|3|3|3,6,2138,3759259,silent,3757121
12,21|12|5|5|4|1,6,4767,4758465,silent,4753698
12,21|12|5|5|3|2,6,6308,7713288,silent,7706980
12,21|12|5|4|4|2,6,5653,6253897,silent,6248244
12,21|12|5|4|3|3,6,3450,5461901,silent,5458451
12,21|12|4|4|4|3,6,1359,1669474,silent,1668115
12,21|11|11|3|1|1,6,1168,462271,silent,461103
12,21|11|11|2|2|1,6,950,367451,silent,366501
12,21|11|10|4|1|1,6,3701,1800146,silent,1796445
12,21|11|10|3|2|1,6,5230,2764546,silent,2759316
12,21|11|10|2|2|2,6,1614,810382,silent,808768
12,21|11|9|5|1|1,6,6240,3535936,silent,3529696
12,21|11|9|4|2|1,6,12722,8101796,silent,8089074
12,21|11|9|3|3|1,6,6317,4814235,silent,4807918
12,21|11|9|3|2|2,6,6191,4586726,silent,4580535
12,21|11|8|6|1|1,6,6289,3923282,silent,3916993
12,21|11|8|5|2|1,6,17359,12804988,silent,12787629
12,21|11|8|4|3|1,6,16844,14416667,silent,14399823
12,21|11|8|4|2|2,6,12725,11082745,silent,11070020
12,21|11|8|3|3|2,6,7377,8330769,silent,8323392
12,21|11|7|7|1|1,6,2701,1762795,silent,1760094
12,21|11|7|6|2|1,6,13047,10406244,silent,10393197
12,21|11|7|5|3|1,6,19762,19276408,silent,19256646
12,21|11|7|5|2|2,6,13547,13816493,silent,13802946
12,21|11|7|4|4|1,6,11005,10731462,silent,10720457
12,21|11|7|4|3|2,6,17084,20861307,silent,20844223
12,21|11|7|3|3|3,6,2874,5298163,silent,5295289
12,21|11|6|6|3|1,6,9275,9315246,silent,9305971
12,21|11|6|6|2|2,6,6363,6542140,silent,6535777
12,21|11|6|5|4|1,6,11692,13069298,silent,13057606
12,21|11|6|5|3|2,6,14977,20360994,silent,20346017
12,21|11|6|4|4|2,6,10183,13254822,silent,13244639
12,21|11|6|4|3|3,6,6231,11187983,silent,11181752
12,21|11|5|5|5|1,6,1840,2619662,silent,2617822
12,21|11|5|5|4|2,6,5759,9033323,silent,9027564
12,21|11|5|5|3|3,6,3254,6353215,silent,6349961
12,21|11|5|4|4|3,6,3850,6451193,silent,6447343
12,21|11|4|4|4|4,6,631,813395,silent,812764
12,21|10|10|5|1|1,6,2379,1424160,silent,1421781
12,21|10|10|4|2|1,6,4961,3246280,silent,3241319
12,21|10|10|3|3|1,6,2386,1916501,silent,1914115
12,21|10|10|3|2|2,6,2454,1832338,silent,1829884
12,21|10|9|6|1|1,6,4244,2814189,silent,2809945
12,21|10|9|5|2|1,6,11248,8834284,silent,8823036
12,21|10|9|4|3|1,6,10749,9774406,silent,9763657
12,21|10|9|4|2|2,6,8044,7487405,silent,7479361
12,21|10|9|3|3|2,6,4684,5584796,silent,5580112
12,21|10|8|7|1|1,6,3400,2417405,silent,2414005
12,21|10|8|6|2|1,6,13015,11148604,silent,11135589
12,21|10|8|5|3|1,6,18054,18964182,silent,18946128
12,21|10|8|5|2|2,6,12470,13540169,silent,13527699
12,21|10|8|4|4|1,6,9768,10247783,silent,10238015
12,21|10|8|4|3|2,6,15003,19692819,silent,19677816
12,21|10|8|3|3|3,6,2448,4896056,silent,4893608
12,21|10|7|7|2|1,6,5653,5242678,silent,5237025
12,21|10|7|6|3|1,6,14960,16841180,silent,16826220
12,21|10|7|6|2|2,6,9870,11688956,silent,11679086
12,21|10|7|5|4|1,6,14985,18650087,silent,18635102
12,21|10|7|5|3|2,6,18861,28467357,silent,28448496
12,21|10|7|4|4|2,6,11696,17249961,silent,17238265
12,21|10|7|4|3|3,6,7297,14331024,silent,14323727
12,21|10|6|6|4|1,6,7884,9944433,silent,9936549
12,21|10|6|6|3|2,6,9330,14240522,silent,14231192
12,21|10|6|5|5|1,6,4617,7000338,silent,6995721
12,21|10|6|5|4|2,6,12951,22104501,silent,22091550
12,21|10|6|5|3|3,6,6901,15000218,silent,14993317
12,21|10|6|4|4|3,6,6394,12281708,silent,12275314
12,21|10|5|5|5|2,6,2065,4700776,silent,4698711
12,21|10|5|5|4|3,6,3792,8808048,silent,8804256
12,21|10|5|4|4|4,6,1576,2943172,silent,2941596
12,21|9|9|7|1|1,6,1555,1137285,silent,1135730
12,21|9|9|6|2|1,6,5338,4854699,silent,4849361
12,21|9|9|5|3|1,6,7332,8017936,silent,8010604
12,21|9|9|5|2|2,6,4860,5693664,silent,5688804
12,21|9|9|4|4|1,6,3807,4273472,silent,4269665
12,21|9|9|4|3|2,6,5916,8177572,silent,8171656
12,21|9|9|3|3|3,6,1055,2024519,silent,2023464
12,21|9|8|8|1|1,6,893,688079,silent,687186
12,21|9|8|7|2|1,6,5618,5431262,silent,5425644
12,21|9|8|6|3|1,6,11589,13772433,silent,13760844
12,21|9|8|6|2|2,6,7635,9519122,silent,9511487
12,21|9|8|5|4|1,6,10796,14168506,silent,14157710
12,21|9|8|5|3|2,6,13486,21413892,silent,21400406
12,21|9|8|4|4|2,6,8037,12615841,silent,12607804
12,21|9|8|4|3|3,6,5010,10392425,silent,10387415
12,21|9|7|7|3|1,6,5593,7147532,silent,7141939
12,21|9|7|7|2|2,6,3452,4863231,silent,4859779
12,21|9|7|6|4|1,6,10635,15056044,silent,15045409
12,21|9|7|6|3|2,6,12392,21147918,silent,21135526
12,21|9|7|5|5|1,6,5306,8594312,silent,8589006
12,21|9|7|5|4|2,6,13819,26056123,silent,26042304
12,21|9|7|5|3|3,6,7560,17427591,silent,17420031
12,21|9|7|4|4|3,6,6171,13301730,silent,13295559
12,21|9|6|6|5|1,6,3720,5936974,silent,5933254
12,21|9|6|6|4|2,6,7787,14612864,silent,14605077
12,21|9|6|6|3|3,6,3841,9207920,silent,9204079
12,21|9|6|5|5|2,6,4685,10802432,silent,10797747
12,21|9|6|5|4|3,6,7450,18637756,silent,18630306
12,21|9|6|4|4|4,6,2284,4920360,silent,4918076
12,21|9|5|5|5|3,6,1365,4460989,silent,4459624
12,21|9|5|5|4|4,6,1335,3877793,silent,3876458
12,21|8|8|8|2|1,6,936,909358,silent,908422
12,21|8|8|7|3|1,6,3329,4315796,silent,4312467
12,21|8|8|7|2|2,6,2191,2941943,silent,2939752
12,21|8|8|6|4|1,6,5156,7375529,silent,7370373
12,21|8|8|6|3|2,6,5938,10276957,silent,10271019
12,21|8|8|5|5|1,6,2367,3971082,silent,3968715
12,21|8|8|5|4|2,6,6238,11875743,silent,11869505
12,21|8|8|5|3|3,6,3225,7869806,silent,7866581
12,21|8|8|4|4|3,6,2698,5881101,silent,5878403
12,21|8|7|7|4|1,6,3091,4956773,silent,4953682
12,21|8|7|7|3|2,6,3473,6714429,silent,6710956
12,21|8|7|6|5|1,6,3973,6923752,silent,6919779
12,21|8|7|6|4|2,6,7896,16420053,silent,16412157
12,21|8|7|6|3|3,6,4009,10219122,silent,10215113
12,21|8|7|5|5|2,6,4048,9918409,silent,9914361
12,21|8|7|5|4|3,6,6176,16553111,silent,16546935
12,21|8|7|4|4|4,6,1685,4055023,silent,4053338
12,21|8|6|6|6|1,6,950,1547493,silent,1546543
12,21|8|6|6|5|2,6,3251,7509983,silent,7506732
12,21|8|6|6|4|3,6,3824,10225583,silent,10221759
12,21|8|6|5|5|3,6,2460,8343399,silent,8340939
12,21|8|6|5|4|4,6,2320,6799487,silent,6797167
12,21|8|5|5|5|4,6,468,2173131,silent,2172663
12,21|7|7|7|5|1,6,707,1421205,silent,1420498
12,21|7|7|7|4|2,6,1234,3104429,silent,3103195
12,21|7|7|7|3|3,6,708,1890688,silent,1889980
12,21|7|7|6|6|1,6,551,1097952,silent,1097401
12,21|7|7|6|5|2,6,1897,4971683,silent,4969786
12,21|7|7|6|4|3,6,2208,6585082,silent,6582874
12,21|7|7|5|5|3,6,1310,4468730,silent,4467420
12,21|7|7|5|4|4,6,1058,3540483,silent,3539425
12,21|7|6|6|6|2,6,643,1462399,silent,1461756
12,21|7|6|6|5|3,6,1295,4304460,silent,4303165
12,21|7|6|6|4|4,6,945,2847958,silent,2847013
12,21|7|6|5|5|4,6,682,3007272,silent,3006590
12,21|7|5|5|5|5,6,66,424906,silent,424840
12,21|6|6|6|6|3,6,193,487697,silent,487504
12,21|6|6|6|5|4,6,244,894207,silent,893963
12,21|6|6|5|5|5,6,31,329338,silent,329307
12,20|20|5|1|1|1,6,12,1891,silent,1879
12,20|20|4|2|1|1,6,26,4281,silent,4255
12,20|20|3|3|1|1,6,23,2768,silent,2745
12,20|20|3|2|2|1,6,28,3133,silent,3105
12,20|20|2|2|2|2,6,17,709,silent,692
12,20|19|6|1|1|1,6,40,7787,silent,7747
12,20|19|5|2|1|1,6,148,23463,silent,23315
12,20|19|4|3|1|1,6,137,25092,silent,24955
12,20|19|4|2|2|1,6,175,23651,silent,23476
12,20|19|3|3|2|1,6,88,17478,silent,17390
12,20|19|3|2|2|2,6,67,8021,silent,7954
12,20|18|7|1|1|1,6,102,20421,silent,20319
12,20|18|6|2|1|1,6,383,73887,silent,73504
12,20|18|5|3|1|1,6,524,111112,silent,110588
12,20|18|5|2|2|1,6,544,96114,silent,95570
12,20|18|4|4|1|1,6,239,55352,silent,55113
12,20|18|4|3|2|1,6,575,131271,silent,130696
12,20|18|4|2|2|2,6,297,47298,silent,47001
12,20|18|3|3|3|1,6,86,33337,silent,33251
12,20|18|3|3|2|2,6,118,36199,silent,36081
12,20|17|8|1|1|1,6,179,40252,silent,40073
12,20|17|7|2|1|1,6,804,172907,silent,172103
12,20|17|6|3|1|1,6,1267,324768,silent,323501
12,20|17|6|2|2|1,6,1240,271460,silent,270220
12,20|17|5|4|1|1,6,1072,287393,silent,286321
12,20|17|5|3|2|1,6,1826,523406,silent,521580
12,20|17|5|2|2|2,6,711,168500,silent,167789
12,20|17|4|4|2|1,6,1017,287435,silent,286418
12,20|17|4|3|3|1,6,595,243891,silent,243296
12,20|17|4|3|2|2,6,767,251329,silent,250562
12,20|17|3|3|3|2,6,111,80797,silent,80686
12,20|16|9|1|1|1,6,255,62866,silent,62611
12,20|16|8|2|1|1,6,1233,310895,silent,309662
12,20|16|7|3|1|1,6,2390,707360,silent,704970
12,20|16|7|2|2|1,6,2175,578337,silent,576162
12,20|16|6|4|1|1,6,2581,853314,silent,850733
12,20|16|6|3|2|1,6,4117,1425251,silent,1421134
12,20|16|6|2|2|2,6,1512,440681,silent,439169
12,20|16|5|5|1|1,6,1172,401086,silent,399914
12,20|16|5|4|2|1,6,3712,1383562,silent,1379850
12,20|16|5|3|3|1,6,1943,941302,silent,939359
12,20|16|5|3|2|2,6,2165,931830,silent,929665
12,20|16|4|4|3|1,6,1429,645413,silent,643984
12,20|16|4|4|2|2,6,1340,537012,silent,535672
12,20|16|4|3|3|2,6,810,564151,silent,563341
12,20|16|3|3|3|3,6,47,79859,silent,79812
12,20|15|10|1|1|1,6,291,77683,silent,77392
12,20|15|9|2|1|1,6,1612,445554,silent,443942
12,20|15|8|3|1|1,6,3492,1188582,silent,1185090
12,20|15|8|2|2|1,6,3110,961532,silent,958422
12,20|15|7|4|1|1,6,4755,1806990,silent,1802235
12,20|15|7|3|2|1,6,7032,2883055,silent,2876023
12,20|15|7|2|2|2,6,2312,864482,silent,862170
12,20|15|6|5|1|1,6,3436,1444594,silent,1441158
12,20|15|6|4|2|1,6,8534,3871955,silent,3863421
12,20|15|6|3|3|1,6,4278,2439896,silent,2435618
12,20|15|6|3|2|2,6,4600,2374787,silent,2370187
12,20|15|5|5|2|1,6,3705,1876695,silent,1872990
12,20|15|5|4|3|1,6,5269,3044499,silent,3039230
12,20|15|5|4|2|2,6,4260,2419813,silent,2415553
12,20|15|5|3|3|2,6,2562,2058636,silent,2056074
12,20|15|4|4|4|1,6,1247,654821,silent,653574
12,20|15|4|4|3|2,6,2060,1473880,silent,1471820
12,20|15|4|3|3|3,6,359,538967,silent,538608
12,20|14|11|1|1|1,6,263,73460,silent,73197
12,20|14|10|2|1|1,6,1600,493316,silent,491716
12,20|14|9|3|1|1,6,4123,1555332,silent,1551209
12,20|14|9|2|2|1,6,3567,1248480,silent,1244913
12,20|14|8|4|1|1,6,6525,2858508,silent,2851983
12,20|14|8|3|2|1,6,9551,4465025,silent,4455474
12,20|14|8|2|2|2,6,3127,1324353,silent,1321226
12,20|14|7|5|1|1,6,6446,3119284,silent,3112838
12,20|14|7|4|2|1,6,14179,7602678,silent,7588499
12,20|14|7|3|3|1,6,7083,4629511,silent,4622428
12,20|14|7|3|2|2,6,7209,4450891,silent,4443682
12,20|14|6|6|1|1,6,2641,1381516,silent,1378875
12,20|14|6|5|2|1,6,10710,6391981,silent,6381271
12,20|14|6|4|3|1,6,11707,8117207,silent,8105500
12,20|14|6|4|2|2,6,9359,6342902,silent,6333543
12,20|14|6|3|3|2,6,5333,4996292,silent,4990959
12,20|14|5|5|3|1,6,5578,4270076,silent,4264498
12,20|14|5|5|2|2,6,3907,3135032,silent,3131125
12,20|14|5|4|4|1,6,4386,3178864,silent,3174478
12,20|14|5|4|3|2,6,7042,6556764,silent,6549722
12,20|14|5|3|3|3,6,1218,1883235,silent,1882017
12,20|14|4|4|4|2,6,1952,1556038,silent,1554086
12,20|14|4|4|3|3,6,1070,1450171,silent,1449101
12,20|13|12|1|1|1,6,152,45082,silent,44930
12,20|13|11|2|1|1,6,1255,397147,silent,395892
12,20|13|10|3|1|1,6,3736,1525805,silent,1522069
12,20|13|10|2|2|1,6,3203,1220574,silent,1217371
12,20|13|9|4|1|1,6,7153,3412702,silent,3405549
12,20|13|9|3|2|1,6,10115,5251770,silent,5241655
12,20|13|9|2|2|2,6,3095,1538312,silent,1535217
12,20|13|8|5|1|1,6,8603,4713877,silent,4705274
12,20|13|8|4|2|1,6,18134,10999392,silent,10981258
12,20|13|8|3|3|1,6,8987,6575830,silent,6566843
12,20|13|8|3|2|2,6,9027,6285657,silent,6276630
12,20|13|7|6|1|1,6,6117,3589133,silent,3583016
12,20|13|7|5|2|1,6,18359,12741865,silent,12723506
12,20|13|7|4|3|1,6,18542,14851705,silent,14833163
12,20|13|7|4|2|2,6,14054,11454779,silent,11440725
12,20|13|7|3|3|2,6,8316,8743599,silent,8735283
12,20|13|6|6|2|1,6,8116,5823092,silent,5814976
12,20|13|6|5|3|1,6,15469,13770164,silent,13754695
12,20|13|6|5|2|2,6,10947,9961584,silent,9950637
12,20|13|6|4|4|1,6,9421,8227350,silent,8217929
12,20|13|6|4|3|2,6,14831,16285297,silent,16270466
12,20|13|6|3|3|3,6,2474,4282583,silent,4280109
12,20|13|5|5|4|1,6,5320,5427037,silent,5421717
12,20|13|5|5|3|2,6,7095,8770990,silent,8763895
12,20|13|5|4|4|2,6,6207,7088851,silent,7082644
12,20|13|5|4|3|3,6,3890,6180741,silent,6176851
12,20|13|4|4|4|3,6,1473,1879288,silent,1877815
12,20|12|12|2|1|1,6,428,151066,silent,150638
12,20|12|11|3|1|1,6,2251,958908,silent,956657
12,20|12|11|2|2|1,6,1903,765015,silent,763112
12,20|12|10|4|1|1,6,5497,2848217,silent,2842720
12,20|12|10|3|2|1,6,7876,4361398,silent,4353522
12,20|12|10|2|2|2,6,2503,1277374,silent,1274871
12,20|12|9|5|1|1,6,8485,5052158,silent,5043673
12,20|12|9|4|2|1,6,17309,11513812,silent,11496503
12,20|12|9|3|3|1,6,8597,6817681,silent,6809084
12,20|12|9|3|2|2,6,8449,6488051,silent,6479602
12,20|12|8|6|1|1,6,8097,5349203,silent,5341106
12,20|12|8|5|2|1,6,22483,17311280,silent,17288797
12,20|12|8|4|3|1,6,21719,19389874,silent,19368155
12,20|12|8|4|2|2,6,16581,14882019,silent,14865438
12,20|12|8|3|3|2,6,9530,11144593,silent,11135063
12,20|12|7|7|1|1,6,3495,2358550,silent,2355055
12,20|12|7|6|2|1,6,16513,13738894,silent,13722381
12,20|12|7|5|3|1,6,24966,25245011,silent,25220045
12,20|12|7|5|2|2,6,17061,18059634,silent,18042573
12,20|12|7|4|4|1,6,13790,14005703,silent,13991913
12,20|12|7|4|3|2,6,21536,27126514,silent,27104978
12,20|12|7|3|3|3,6,3689,6857747,silent,6854058
12,20|12|6|6|3|1,6,11496,12059191,silent,12047695
12,20|12|6|6|2|2,6,8033,8455304,silent,8447271
12,20|12|6|5|4|1,6,14488,16809145,silent,16794657
12,20|12|6|5|3|2,6,18607,26093559,silent,26074952
12,20|12|6|4|4|2,6,12651,16930351,silent,16917700
12,20|12|6|4|3|3,6,7695,14246341,silent,14238646
12,20|12|5|5|5|1,6,2297,3336950,silent,3334653
12,20|12|5|5|4|2,6,7045,11448823,silent,11441778
12,20|12|5|5|3|3,6,4096,8032210,silent,8028114
12,20|12|5|4|4|3,6,4676,8127303,silent,8122627
12,20|12|4|4|4|4,6,794,1017923,silent,1017129
12,20|11|11|4|1|1,6,2191,1123408,silent,1121217
12,20|11|11|3|2|1,6,2965,1706506,silent,1703541
12,20|11|11|2|2|2,6,825,493579,silent,492754
12,20|11|10|5|1|1,6,5304,3326778,silent,3321474
12,20|11|10|4|2|1,6,10706,7499607,silent,7488901
12,20|11|10|3|3|1,6,5303,4417940,silent,4412637
12,20|11|10|3|2|2,6,5195,4197901,silent,4192706
12,20|11|9|6|1|1,6,7210,5037555,silent,5030345
12,20|11|9|5|2|1,6,18737,15600830,silent,15582093
12,20|11|9|4|3|1,6,17896,17144735,silent,17126839
12,20|11|9|4|2|2,6,13151,13087559,silent,13074408
12,20|11|9|3|3|2,6,7903,9734519,silent,9726616
12,20|11|8|7|1|1,6,5266,3962091,silent,3956825
12,20|11|8|6|2|1,6,19656,17898034,silent,17878378
12,20|11|8|5|3|1,6,27246,30109038,silent,30081792
12,20|11|8|5|2|2,6,18604,21428231,silent,21409627
12,20|11|8|4|4|1,6,14481,16179551,silent,16165070
12,20|11|8|4|3|2,6,22470,30962544,silent,30940074
12,20|11|8|3|3|3,6,3822,7663854,silent,7660032
12,20|11|7|7|2|1,6,8297,8124833,silent,8116536
12,20|11|7|6|3|1,6,21614,25623117,silent,25601503
12,20|11|7|6|2|2,6,14133,17731095,silent,17716962
12,20|11|7|5|4|1,6,21447,28101661,silent,28080214
12,20|11|7|5|3|2,6,27150,42712950,silent,42685800
12,20|11|7|4|4|2,6,16444,25739245,silent,25722801
12,20|11|7|4|3|3,6,10550,21328925,silent,21318375
12,20|11|6|6|4|1,6,10984,14695832,silent,14684848
12,20|11|6|6|3|2,6,13044,20954340,silent,20941296
12,20|11|6|5|5|1,6,6521,10271553,silent,10265032
12,20|11|6|5|4|2,6,18003,32217045,silent,32199042
12,20|11|6|5|3|3,6,9768,21801773,silent,21792005
12,20|11|6|4|4|3,6,8744,17752160,silent,17743416
12,20|11|5|5|5|2,6,2949,6756197,silent,6753248
12,20|11|5|5|4|3,6,5238,12588052,silent,12582814
12,20|11|5|4|4|4,6,2055,4175039,silent,4172984
12,20|10|10|6|1|1,6,2766,2074004,silent,2071238
12,20|10|10|5|2|1,6,7399,6339592,silent,6332193
12,20|10|10|4|3|1,6,6921,6904894,silent,6897973
12,20|10|10|4|2|2,6,5381,5282397,silent,5277016
12,20|10|10|3|3|2,6,2960,3895720,silent,3892760
12,20|10|9|7|1|1,6,3918,3117450,silent,3113532
12,20|10|9|6|2|1,6,13339,12938106,silent,12924767
12,20|10|9|5|3|1,6,17936,20992284,silent,20974348
12,20|10|9|5|2|2,6,12095,14887911,silent,14875816
12,20|10|9|4|4|1,6,9335,11116735,silent,11107400
12,20|10|9|4|3|2,6,14473,21145827,silent,21131354
12,20|10|9|3|3|3,6,2503,5184048,silent,5181545
12,20|10|8|8|1|1,6,1762,1513393,silent,1511631
12,20|10|8|7|2|1,6,10885,11322988,silent,11312103
12,20|10|8|6|3|1,6,21842,27882684,silent,27860842
12,20|10|8|6|2|2,6,14561,19221684,silent,19207123
12,20|10|8|5|4|1,6,20136,28268844,silent,28248708
12,20|10|8|5|3|2,6,25170,42490399,silent,42465229
12,20|10|8|4|4|2,6,14980,24854424,silent,24839444
12,20|10|8|4|3|3,6,9251,20376631,silent,20367380
12,20|10|7|7|3|1,6,9876,13410692,silent,13400816
12,20|10|7|7|2|2,6,6062,9103219,silent,9097157
12,20|10|7|6|4|1,6,18202,27506700,silent,27488498
12,20|10|7|6|3|2,6,21256,38426710,silent,38405454
12,20|10|7|5|5|1,6,9026,15514359,silent,15505333
12,20|10|7|5|4|2,6,23350,46658364,silent,46635014
12,20|10|7|5|3|3,6,12840,31068404,silent,31055564
12,20|10|7|4|4|3,6,10287,23547319,silent,23537032
12,20|10|6|6|5|1,6,6049,10347138,silent,10341089
12,20|10|6|6|4|2,6,12713,25256717,silent,25244004
12,20|10|6|6|3|3,6,6192,15847564,silent,15841372
12,20|10|6|5|5|2,6,7558,18449672,silent,18442114
12,20|10|6|5|4|3,6,11967,31614234,silent,31602267
12,20|10|6|4|4|4,6,3619,8269060,silent,8265441
12,20|10|5|5|5|3,6,2202,7386458,silent,7384256
12,20|10|5|5|4|4,6,2049,6390549,silent,6388500
12,20|9|9|8|1|1,6,1066,894245,silent,893179
12,20|9|9|7|2|1,6,4834,5334552,silent,5329718
12,20|9|9|6|3|1,6,9204,12243688,silent,12234484
12,20|9|9|6|2|2,6,5747,8391232,silent,8385485
12,20|9|9|5|4|1,6,8164,12060935,silent,12052771
12,20|9|9|5|3|2,6,10272,18043154,silent,18032882
12,20|9|9|4|4|2,6,5687,10407352,silent,10401665
12,20|9|9|4|3|3,6,3877,8530080,silent,8526203
12,20|9|8|8|2|1,6,2968,3282456,silent,3279488
12,20|9|8|7|3|1,6,9868,14067190,silent,14057322
12,20|9|8|7|2|2,6,6266,9524425,silent,9518159
12,20|9|8|6|4|1,6,14393,22911185,silent,22896792
12,20|9|8|6|3|2,6,16655,31692748,silent,31676093
12,20|9|8|5|5|1,6,6721,12113103,silent,12106382
12,20|9|8|5|4|2,6,17048,35750165,silent,35733117
12,20|9|8|5|3|3,6,9223,23599602,silent,23590379
12,20|9|8|4|4|3,6,7165,17398586,silent,17391421
12,20|9|7|7|4|1,6,7105,12336082,silent,12328977
12,20|9|7|7|3|2,6,8031,16591806,silent,16583775
12,20|9|7|6|5|1,6,8715,16511145,silent,16502430
12,20|9|7|6|4|2,6,17038,38687185,silent,38670147
12,20|9|7|6|3|3,6,8863,23959999,silent,23951136
12,20|9|7|5|5|2,6,8874,22934679,silent,22925805
12,20|9|7|5|4|3,6,13140,37882836,silent,37869696
12,20|9|7|4|4|4,6,3338,9135111,silent,9131773
12,20|9|6|6|6|1,6,1826,3375757,silent,3373931
12,20|9|6|6|5|2,6,6338,16084161,silent,16077823
12,20|9|6|6|4|3,6,7424,21686336,silent,21678912
12,20|9|6|5|5|3,6,4916,17365516,silent,17360600
12,20|9|6|5|4|4,6,4348,14032664,silent,14028316
12,20|9|5|5|5|4,6,939,4302598,silent,4301659
12,20|8|8|8|3|1,6,1613,2392784,silent,2391171
12,20|8|8|8|2|2,6,1178,1620709,silent,1619531
12,20|8|8|7|4|1,6,4375,7563313,silent,7558938
12,20|8|8|7|3|2,6,4861,10093175,silent,10088314
12,20|8|8|6|5|1,6,4275,8259409,silent,8255134
12,20|8|8|6|4|2,6,8503,19081007,silent,19072504
12,20|8|8|6|3|3,6,4054,11704948,silent,11700894
12,20|8|8|5|5|2,6,3919,10664708,silent,10660789
12,20|8|8|5|4|3,6,5895,17380248,silent,17374353
12,20|8|8|4|4|4,6,1615,4090966,silent,4089351
12,20|8|7|7|5|1,6,2831,6009227,silent,6006396
12,20|8|7|7|4|2,6,4946,12930228,silent,12925282
12,20|8|7|7|3|3,6,2675,7784064,silent,7781389
12,20|8|7|6|6|1,6,2049,4312216,silent,4310167
12,20|8|7|6|5|2,6,6796,18937888,silent,18931092
12,20|8|7|6|4|3,6,7746,24709025,silent,24701279
12,20|8|7|5|5|3,6,4374,16159022,silent,16154648
12,20|8|7|5|4|4,6,3582,12686174,silent,12682592
12,20|8|6|6|6|2,6,1739,4358418,silent,4356679
12,20|8|6|6|5|3,6,3419,12481466,silent,12478047
12,20|8|6|6|4|4,6,2486,8161009,silent,8158523
12,20|8|6|5|5|4,6,1755,8313525,silent,8311770
12,20|8|5|5|5|5,6,164,1064719,silent,1064555
12,20|7|7|7|6|1,6,435,1133284,silent,1132849
12,20|7|7|7|5|2,6,1224,3932683,silent,3931459
12,20|7|7|7|4|3,6,1300,4768452,silent,4767152
12,20|7|7|6|6|2,6,942,3109178,silent,3108236
12,20|7|7|6|5|3,6,2134,8360345,silent,8358211
12,20|7|7|6|4|4,6,1284,5309992,silent,5308708
12,20|7|7|5|5|4,6,976,4515257,silent,4514281
12,20|7|6|6|6|3,6,721,2568291,silent,2567570
12,20|7|6|6|5|4,6,1009,4523210,silent,4522201
12,20|7|6|5|5|5,6,213,1535777,silent,1535564
12,20|6|6|6|6|4,6,196,569258,silent,569062
12,20|6|6|6|5|5,6,64,495905,silent,495841
12,19|19|7|1|1|1,6,35,7247,silent,7212
12,19|19|6|2|1|1,6,150,26237,silent,26087
12,19|19|5|3|1|1,6,172,38795,silent,38623
12,19|19|5|2|2|1,6,190,33499,silent,33309
12,19|19|4|4|1|1,6,109,19767,silent,19658
12,19|19|4|3|2|1,6,199,45795,silent,45596
12,19|19|4|2|2|2,6,81,15956,silent,15875
12,19|19|3|3|3|1,6,23,11568,silent,11545
12,19|19|3|3|2|2,6,56,12897,silent,12841
12,19|18|8|1|1|1,6,95,21839,silent,21744
12,19|18|7|2|1|1,6,431,93623,silent,93192
12,19|18|6|3|1|1,6,681,175568,silent,174887
12,19|18|6|2|2|1,6,668,146749,silent,146081
12,19|18|5|4|1|1,6,575,155191,silent,154616
12,19|18|5|3|2|1,6,985,282515,silent,281530
12,19|18|5|2|2|2,6,385,90951,silent,90566
12,19|18|4|4|2|1,6,548,155054,silent,154506
12,19|18|4|3|3|1,6,321,131463,silent,131142
12,19|18|4|3|2|2,6,414,135450,silent,135036
12,19|18|3|3|3|2,6,60,43479,silent,43419
12,19|17|9|1|1|1,6,177,43133,silent,42956
12,19|17|8|2|1|1,6,858,211728,silent,210870
12,19|17|7|3|1|1,6,1595,478088,silent,476493
12,19|17|7|2|2|1,6,1455,390062,silent,388607
12,19|17|6|4|1|1,6,1785,576405,silent,574620
12,19|17|6|3|2|1,6,2756,959075,silent,956319
12,19|17|6|2|2|2,6,951,294453,silent,293502
12,19|17|5|5|1|1,6,748,269291,silent,268543
12,19|17|5|4|2|1,6,2478,929450,silent,926972
12,19|17|5|3|3|1,6,1297,632043,silent,630746
12,19|17|5|3|2|2,6,1473,625311,silent,623838
12,19|17|4|4|3|1,6,985,433449,silent,432464
12,19|17|4|4|2|2,6,826,357957,silent,357131
12,19|17|4|3|3|2,6,570,378661,silent,378091
12,19|17|3|3|3|3,6,23,53105,silent,53082
12,19|16|10|1|1|1,6,230,62533,silent,62303
12,19|16|9|2|1|1,6,1257,354562,silent,353305
12,19|16|8|3|1|1,6,2719,938435,silent,935716
12,19|16|8|2|2|1,6,2423,758842,silent,756419
12,19|16|7|4|1|1,6,3684,1419188,silent,1415504
12,19|16|7|3|2|1,6,5462,2261681,silent,2256219
12,19|16|7|2|2|2,6,1805,677651,silent,675846
12,19|16|6|5|1|1,6,2660,1131359,silent,1128699
12,19|16|6|4|2|1,6,6610,3026843,silent,3020233
12,19|16|6|3|3|1,6,3326,1905218,silent,1901892
12,19|16|6|3|2|2,6,3570,1853020,silent,1849450
12,19|16|5|5|2|1,6,2872,1464611,silent,1461739
12,19|16|5|4|3|1,6,4078,2372203,silent,2368125
12,19|16|5|4|2|2,6,3306,1884050,silent,1880744
12,19|16|5|3|3|2,6,1992,1600727,silent,1598735
12,19|16|4|4|4|1,6,962,509410,silent,508448
12,19|16|4|4|3|2,6,1596,1144760,silent,1143164
12,19|16|4|3|3|3,6,285,417892,silent,417607
12,19|15|11|1|1|1,6,249,70426,silent,70177
12,19|15|10|2|1|1,6,1485,457424,silent,455939
12,19|15|9|3|1|1,6,3670,1411518,silent,1407848
12,19|15|9|2|2|1,6,3148,1130252,silent,1127104
12,19|15|8|4|1|1,6,5820,2564965,silent,2559145
12,19|15|8|3|2|1,6,8392,3993875,silent,3985483
12,19|15|8|2|2|2,6,2642,1178883,silent,1176241
12,19|15|7|5|1|1,6,5597,2776118,silent,2770521
12,19|15|7|4|2|1,6,12364,6747814,silent,6735450
12,19|15|7|3|3|1,6,6209,4104920,silent,4098711
12,19|15|7|3|2|2,6,6313,3940303,silent,3933990
12,19|15|6|6|1|1,6,2381,1228031,silent,1225650
12,19|15|6|5|2|1,6,9317,5649719,silent,5640402
12,19|15|6|4|3|1,6,10241,7162001,silent,7151760
12,19|15|6|4|2|2,6,7981,5582142,silent,5574161
12,19|15|6|3|3|2,6,4749,4399531,silent,4394782
12,19|15|5|5|3|1,6,4823,3757264,silent,3752441
12,19|15|5|5|2|2,6,3491,2758452,silent,2754961
12,19|15|5|4|4|1,6,3788,2793397,silent,2789609
12,19|15|5|4|3|2,6,6128,5751814,silent,5745686
12,19|15|5|3|3|3,6,1061,1648932,silent,1647871
12,19|15|4|4|4|2,6,1599,1358708,silent,1357109
12,19|15|4|4|3|3,6,990,1269888,silent,1268898
12,19|14|12|1|1|1,6,179,55679,silent,55500
12,19|14|11|2|1|1,6,1335,442622,silent,441287
12,19|14|10|3|1|1,6,3830,1614645,silent,1610815
12,19|14|10|2|2|1,6,3290,1290853,silent,1287563
12,19|14|9|4|1|1,6,7111,3504968,silent,3497857
12,19|14|9|3|2|1,6,10109,5383911,silent,5373802
12,19|14|9|2|2|2,6,3122,1575336,silent,1572214
12,19|14|8|5|1|1,6,8446,4759872,silent,4751426
12,19|14|8|4|2|1,6,17801,11072281,silent,11054480
12,19|14|8|3|3|1,6,8847,6607694,silent,6598847
12,19|14|8|3|2|2,6,8880,6309376,silent,6300496
12,19|14|7|6|1|1,6,5946,3591356,silent,3585410
12,19|14|7|5|2|1,6,17870,12693330,silent,12675460
12,19|14|7|4|3|1,6,18026,14755533,silent,14737507
12,19|14|7|4|2|2,6,13706,11368090,silent,11354384
12,19|14|7|3|3|2,6,8111,8660676,silent,8652565
12,19|14|6|6|2|1,6,7853,5773467,silent,5765614
12,19|14|6|5|3|1,6,14977,13597915,silent,13582938
12,19|14|6|5|2|2,6,10599,9824765,silent,9814166
12,19|14|6|4|4|1,6,9074,8110072,silent,8100998
12,19|14|6|4|3|2,6,14362,16018558,silent,16004196
12,19|14|6|3|3|3,6,2427,4202128,silent,4199701
12,19|14|5|5|4|1,6,5134,5331823,silent,5326689
12,19|14|5|5|3|2,6,6860,8598959,silent,8592099
12,19|14|5|4|4|2,6,5974,6938045,silent,6932071
12,19|14|5|4|3|3,6,3762,6039151,silent,6035389
12,19|14|4|4|4|3,6,1400,1830788,silent,1829388
12,19|13|13|1|1|1,6,79,21946,silent,21867
12,19|13|12|2|1|1,6,797,275450,silent,274653
12,19|13|11|3|1|1,6,2988,1319504,silent,1316516
12,19|13|11|2|2|1,6,2482,1048534,silent,1046052
12,19|13|10|4|1|1,6,6652,3531216,silent,3524564
12,19|13|10|3|2|1,6,9345,5382879,silent,5373534
12,19|13|10|2|2|2,6,2829,1566823,silent,1563994
12,19|13|9|5|1|1,6,9612,5945507,silent,5935895
12,19|13|9|4|2|1,6,19515,13485523,silent,13466008
12,19|13|9|3|3|1,6,9778,7971415,silent,7961637
12,19|13|9|3|2|2,6,9519,7568925,silent,7559406
12,19|13|8|6|1|1,6,9054,6136629,silent,6127575
12,19|13|8|5|2|1,6,24706,19715832,silent,19691126
12,19|13|8|4|3|1,6,23943,22010626,silent,21986683
12,19|13|8|4|2|2,6,17931,16849951,silent,16832020
12,19|13|8|3|3|2,6,10658,12608516,silent,12597858
12,19|13|7|7|1|1,6,3742,2670903,silent,2667161
12,19|13|7|6|2|1,6,17899,15426997,silent,15409098
12,19|13|7|5|3|1,6,27027,28195646,silent,28168619
12,19|13|7|5|2|2,6,18527,20137959,silent,20119432
12,19|13|7|4|4|1,6,14830,15601541,silent,15586711
12,19|13|7|4|3|2,6,23310,30143585,silent,30120275
12,19|13|7|3|3|3,6,4066,7600827,silent,7596761
12,19|13|6|6|3|1,6,12421,13375177,silent,13362756
12,19|13|6|6|2|2,6,8400,9350178,silent,9341778
12,19|13|6|5|4|1,6,15508,18555995,silent,18540487
12,19|13|6|5|3|2,6,20053,28736142,silent,28716089
12,19|13|6|4|4|2,6,13262,18585813,silent,18572551
12,19|13|6|4|3|3,6,8412,15629460,silent,15621048
12,19|13|5|5|5|1,6,2471,3661042,silent,3658571
12,19|13|5|5|4|2,6,7626,12521108,silent,12513482
12,19|13|5|5|3|3,6,4329,8762701,silent,8758372
12,19|13|5|4|4|3,6,4946,8847816,silent,8842870
12,19|13|4|4|4|4,6,744,1098704,silent,1097960
12,19|12|12|3|1|1,6,1084,508827,silent,507743
12,19|12|12|2|2|1,6,956,407133,silent,406177
12,19|12|11|4|1|1,6,4040,2249936,silent,2245896
12,19|12|11|3|2|1,6,5660,3415502,silent,3409842
12,19|12|11|2|2|2,6,1702,991401,silent,989699
12,19|12|10|5|1|1,6,7691,5096208,silent,5088517
12,19|12|10|4|2|1,6,15547,11428912,silent,11413365
12,19|12|10|3|3|1,6,7699,6711535,silent,6703836
12,19|12|10|3|2|2,6,7572,6369907,silent,6362335
12,19|12|9|6|1|1,6,9452,6989312,silent,6979860
12,19|12|9|5|2|1,6,24641,21473521,silent,21448880
12,19|12|9|4|3|1,6,23427,23484054,silent,23460627
12,19|12|9|4|2|2,6,17386,17904679,silent,17887293
12,19|12|9|3|3|2,6,10348,13270438,silent,13260090
12,19|12|8|7|1|1,6,6653,5272511,silent,5265858
12,19|12|8|6|2|1,6,24652,23516653,silent,23492001
12,19|12|8|5|3|1,6,34042,39259670,silent,39225628
12,19|12|8|5|2|2,6,23267,27893501,silent,27870234
12,19|12|8|4|4|1,6,17985,21026181,silent,21008196
12,19|12|8|4|3|2,6,28047,40111673,silent,40083626
12,19|12|8|3|3|3,6,4817,9889359,silent,9884542
12,19|12|7|7|2|1,6,10239,10473669,silent,10463430
12,19|12|7|6|3|1,6,26383,32636876,silent,32610493
12,19|12|7|6|2|2,6,17324,22548856,silent,22531532
12,19|12|7|5|4|1,6,26054,35569929,silent,35543875
12,19|12|7|5|3|2,6,33058,53900040,silent,53866982
12,19|12|7|4|4|2,6,19946,32375434,silent,32355488
12,19|12|7|4|3|3,6,12811,26761366,silent,26748555
12,19|12|6|6|4|1,6,13158,18391420,silent,18378262
12,19|12|6|6|3|2,6,15682,26144355,silent,26128673
12,19|12|6|5|5|1,6,7833,12791280,silent,12783447
12,19|12|6|5|4|2,6,21526,39946435,silent,39924909
12,19|12|6|5|3|3,6,11750,26972443,silent,26960693
12,19|12|6|4|4|3,6,10364,21890769,silent,21880405
12,19|12|5|5|5|2,6,3517,8299648,silent,8296131
12,19|12|5|5|4|3,6,6221,15410992,silent,15404771
12,19|12|5|4|4|4,6,2400,5090014,silent,5087614
12,19|11|11|5|1|1,6,3021,2029965,silent,2026944
12,19|11|11|4|2|1,6,5887,4512311,silent,4506424
12,19|11|11|3|3|1,6,2994,2648689,silent,2645695
12,19|11|11|3|2|2,6,2795,2500665,silent,2497870
12,19|11|10|6|1|1,6,6116,4742622,silent,4736506
12,19|11|10|5|2|1,6,15598,14276510,silent,14260912
12,19|11|10|4|3|1,6,14684,15455558,silent,15440874
12,19|11|10|4|2|2,6,10836,11761396,silent,11750560
12,19|11|10|3|3|2,6,6468,8673844,silent,8667376
12,19|11|9|7|1|1,6,6488,5499267,silent,5492779
12,19|11|9|6|2|1,6,21680,22378600,silent,22356920
12,19|11|9|5|3|1,6,29050,35918091,silent,35889041
12,19|11|9|5|2|2,6,19472,25405352,silent,25385880
12,19|11|9|4|4|1,6,14899,18920666,silent,18905767
12,19|11|9|4|3|2,6,23278,35855145,silent,35831867
12,19|11|9|3|3|3,6,4131,8752691,silent,8748560
12,19|11|8|8|1|1,6,2810,2480398,silent,2477588
12,19|11|8|7|2|1,6,16202,17939171,silent,17922969
12,19|11|8|6|3|1,6,32183,43395851,silent,43363668
12,19|11|8|6|2|2,6,20974,29816829,silent,29795855
12,19|11|8|5|4|1,6,29304,43578160,silent,43548856
12,19|11|8|5|3|2,6,36846,65256160,silent,65219314
12,19|11|8|4|4|2,6,21262,37956422,silent,37935160
12,19|11|8|4|3|3,6,13714,31067908,silent,31054194
12,19|11|7|7|3|1,6,13998,20144395,silent,20130397
12,19|11|7|7|2|2,6,8779,13651528,silent,13642749
12,19|11|7|6|4|1,6,25396,40648973,silent,40623577
12,19|11|7|6|3|2,6,29745,56571852,silent,56542107
12,19|11|7|5|5|1,6,12623,22763329,silent,22750706
12,19|11|7|5|4|2,6,32459,68059570,silent,68027111
12,19|11|7|5|3|3,6,17911,45195456,silent,45177545
12,19|11|7|4|4|3,6,14089,34083909,silent,34069820
12,19|11|6|6|5|1,6,8245,14894587,silent,14886342
12,19|11|6|6|4|2,6,16946,36124550,silent,36107604
12,19|11|6|6|3|3,6,8645,22631877,silent,22623232
12,19|11|6|5|5|2,6,10433,26221893,silent,26211460
12,19|11|6|5|4|3,6,16153,44706032,silent,44689879
12,19|11|6|4|4|4,6,4581,11606328,silent,11601747
12,19|11|5|5|5|3,6,2974,10297132,silent,10294158
12,19|11|5|5|4|4,6,2798,8885348,silent,8882550
12,19|10|10|7|1|1,6,2652,2356211,silent,2353559
12,19|10|10|6|2|1,6,8785,9304904,silent,9296119
12,19|10|10|5|3|1,6,11468,14687307,silent,14675839
12,19|10|10|5|2|2,6,7869,10394339,silent,10386470
12,19|10|10|4|4|1,6,5949,7695220,silent,7689271
12,19|10|10|4|3|2,6,9180,14530611,silent,14521431
12,19|10|10|3|3|3,6,1544,3519647,silent,3518103
12,19|10|9|8|1|1,6,2667,2508681,silent,2506014
12,19|10|9|7|2|1,6,12076,14234130,silent,14222054
12,19|10|9|6|3|1,6,22187,31727593,silent,31705406
12,19|10|9|6|2|2,6,14344,21725096,silent,21710752
12,19|10|9|5|4|1,6,19546,30817348,silent,30797802
12,19|10|9|5|3|2,6,24479,45867574,silent,45843095
12,19|10|9|4|4|2,6,13864,26294738,silent,26280874
12,19|10|9|4|3|3,6,8991,21423340,silent,21414349
12,19|10|8|8|2|1,6,5855,7014986,silent,7009131
12,19|10|8|7|3|1,6,18628,28538994,silent,28520366
12,19|10|8|7|2|2,6,11863,19274250,silent,19262387
12,19|10|8|6|4|1,6,26475,45268506,silent,45242031
12,19|10|8|6|3|2,6,30688,62307026,silent,62276338
12,19|10|8|5|5|1,6,12268,23656302,silent,23644034
12,19|10|8|5|4|2,6,30985,69284178,silent,69253193
12,19|10|8|5|3|3,6,16798,45556621,silent,45539823
12,19|10|8|4|4|3,6,12864,33351519,silent,33338655
12,19|10|7|7|4|1,6,12207,22594717,silent,22582510
12,19|10|7|7|3|2,6,13779,30240035,silent,30226256
12,19|10|7|6|5|1,6,14577,29534951,silent,29520374
12,19|10|7|6|4|2,6,28511,68679827,silent,68651316
12,19|10|7|6|3|3,6,14733,42361295,silent,42346562
12,19|10|7|5|5|2,6,14621,40238705,silent,40224084
12,19|10|7|5|4|3,6,21596,66043667,silent,66022071
12,19|10|7|4|4|4,6,5451,15789024,silent,15783573
12,19|10|6|6|6|1,6,2892,5789426,silent,5786534
12,19|10|6|6|5|2,6,10073,27247707,silent,27237634
12,19|10|6|6|4|3,6,11710,36500997,silent,36489287
12,19|10|6|5|5|3,6,7781,28894811,silent,28887030
12,19|10|6|5|4|4,6,6740,23239460,silent,23232720
12,19|10|5|5|5|4,6,1449,6958293,silent,6956844
12,19|9|9|9|1|1,6,412,407596,silent,407184
12,19|9|9|8|2|1,6,3209,4138477,silent,4135268
12,19|9|9|7|3|1,6,8454,13561207,silent,13552753
12,19|9|9|7|2|2,6,5194,9113901,silent,9108707
12,19|9|9|6|4|1,6,11097,20067470,silent,20056373
12,19|9|9|6|3|2,6,12854,27486446,silent,27473592
12,19|9|9|5|5|1,6,5155,10249643,silent,10244488
12,19|9|9|5|4|2,6,12584,29711666,silent,29699082
12,19|9|9|5|3|3,6,7051,19489962,silent,19482911
12,19|9|9|4|4|3,6,5101,14075065,silent,14069964
12,19|9|8|8|3|1,6,5194,8453726,silent,8448532
12,19|9|8|8|2|2,6,3320,5667314,silent,5663994
12,19|9|8|7|4|1,6,12567,24160772,silent,24148205
12,19|9|8|7|3|2,6,14071,32023148,silent,32009077
12,19|9|8|6|5|1,6,11902,25298079,silent,25286177
12,19|9|8|6|4|2,6,22793,57722267,silent,57699474
12,19|9|8|6|3|3,6,11670,35305803,silent,35294133
12,19|9|8|5|5|2,6,11054,31706009,silent,31694955
12,19|9|8|5|4|3,6,15907,51141381,silent,51125474
12,19|9|8|4|4|4,6,3816,11829892,silent,11826076
12,19|9|7|7|5|1,6,6394,14739328,silent,14732934
12,19|9|7|7|4|2,6,11283,31375274,silent,31363991
12,19|9|7|7|3|3,6,5910,18776971,silent,18771061
12,19|9|7|6|6|1,6,4410,10208053,silent,10203643
12,19|9|7|6|5|2,6,14575,44030701,silent,44016126
12,19|9|7|6|4|3,6,16447,56907253,silent,56890806
12,19|9|7|5|5|3,6,9288,36517951,silent,36508663
12,19|9|7|5|4|4,6,7415,28457655,silent,28450240
12,19|9|6|6|6|2,6,3155,9265025,silent,9261870
12,19|9|6|6|5|3,6,6670,26153816,silent,26147146
12,19|9|6|6|4|4,6,4454,16946318,silent,16941864
12,19|9|6|5|5|4,6,3473,16973201,silent,16969728
12,19|9|5|5|5|5,6,302,2070983,silent,2070681
12,19|8|8|8|4|1,6,2208,4232754,silent,4230546
12,19|8|8|8|3|2,6,2421,5516851,silent,5514430
12,19|8|8|7|5|1,6,3990,9230150,silent,9226160
12,19|8|8|7|4|2,6,7060,19372866,silent,19365806
12,19|8|8|7|3|3,6,3470,11485941,silent,11482471
12,19|8|8|6|6|1,6,2310,5311639,silent,5309329
12,19|8|8|6|5|2,6,7267,22176968,silent,22169701
12,19|8|8|6|4|3,6,8044,28253610,silent,28245566
12,19|8|8|5|5|3,6,4175,17111373,silent,17107198
12,19|8|8|5|4|4,6,3452,13205331,silent,13201879
12,19|8|7|7|6|1,6,1792,4829812,silent,4828020
12,19|8|7|7|5|2,6,4752,16280135,silent,16275383
12,19|8|7|7|4|3,6,5016,19458160,silent,19453144
12,19|8|7|6|6|2,6,3586,11955608,silent,11952022
12,19|8|7|6|5|3,6,7363,31231334,silent,31223971
12,19|8|7|6|4|4,6,4634,19654501,silent,19649867
12,19|8|7|5|5|4,6,3124,16088455,silent,16085331
12,19|8|6|6|6|3,6,1871,7514199,silent,7512328
12,19|8|6|6|5|4,6,2642,12924580,silent,12921938
12,19|8|6|5|5|5,6,561,4204110,silent,4203549
12,19|7|7|7|7|1,6,151,478766,silent,478615
12,19|7|7|7|6|2,6,759,3180366,silent,3179607
12,19|7|7|7|5|3,6,1392,6616042,silent,6614650
12,19|7|7|7|4|4,6,743,3889126,silent,3888383
12,19|7|7|6|6|3,6,1133,5431968,silent,5430835
12,19|7|7|6|5|4,6,1602,8770073,silent,8768471
12,19|7|7|5|5|5,6,353,2339211,silent,2338858
12,19|7|6|6|6|4,6,627,2959758,silent,2959131
12,19|7|6|6|5|5,6,367,2524235,silent,2523868
12,19|6|6|6|6|5,6,92,411766,silent,411674
12,18|18|9|1|1|1,6,60,15135,silent,15075
12,18|18|8|2|1|1,6,279,74296,silent,74017
12,18|18|7|3|1|1,6,570,168788,silent,168218
12,18|18|7|2|2|1,6,514,138100,silent,137586
12,18|18|6|4|1|1,6,584,202380,silent,201796
12,18|18|6|3|2|1,6,972,338620,silent,337648
12,18|18|6|2|2|2,6,383,105317,silent,104934
12,18|18|5|5|1|1,6,294,95544,silent,95250
12,18|18|5|4|2|1,6,876,327985,silent,327109
12,18|18|5|3|3|1,6,465,222836,silent,222371
12,18|18|5|3|2|2,6,500,220295,silent,219795
12,18|18|4|4|3|1,6,324,152361,silent,152037
12,18|18|4|4|2|2,6,347,127683,silent,127336
12,18|18|4|3|3|2,6,182,132713,silent,132531
12,18|18|3|3|3|3,6,18,18951,silent,18933
12,18|17|10|1|1|1,6,128,35069,silent,34941
12,18|17|9|2|1|1,6,699,197218,silent,196519
12,18|17|8|3|1|1,6,1499,519329,silent,517830
12,18|17|8|2|2|1,6,1325,419454,silent,418129
12,18|17|7|4|1|1,6,2021,782929,silent,780908
12,18|17|7|3|2|1,6,2996,1246376,silent,1243380
12,18|17|7|2|2|2,6,975,372843,silent,371868
12,18|17|6|5|1|1,6,1460,623046,silent,621586
12,18|17|6|4|2|1,6,3612,1664608,silent,1660996
12,18|17|6|3|3|1,6,1827,1047406,silent,1045579
12,18|17|6|3|2|2,6,1949,1017848,silent,1015899
12,18|17|5|5|2|1,6,1568,804731,silent,803163
12,18|17|5|4|3|1,6,2232,1302355,silent,1300123
12,18|17|5|4|2|2,6,1800,1033520,silent,1031720
12,18|17|5|3|3|2,6,1100,878031,silent,876931
12,18|17|4|4|4|1,6,519,279307,silent,278788
12,18|17|4|4|3|2,6,872,627269,silent,626397
12,18|17|4|3|3|3,6,156,228881,silent,228725
12,18|16|11|1|1|1,6,174,50456,silent,50282
12,18|16|10|2|1|1,6,1003,323239,silent,322236
12,18|16|9|3|1|1,6,2539,989121,silent,986582
12,18|16|9|2|2|1,6,2184,792748,silent,790564
12,18|16|8|4|1|1,6,3927,1783890,silent,1779963
12,18|16|8|3|2|1,6,5775,2778794,silent,2773019
12,18|16|8|2|2|2,6,1893,822264,silent,820371
12,18|16|7|5|1|1,6,3873,1925293,silent,1921420
12,18|16|7|4|2|1,6,8477,4673229,silent,4664752
12,18|16|7|3|3|1,6,4272,2839669,silent,2835397
12,18|16|7|3|2|2,6,4313,2725431,silent,2721118
12,18|16|6|6|1|1,6,1556,848065,silent,846509
12,18|16|6|5|2|1,6,6374,3902376,silent,3896002
12,18|16|6|4|3|1,6,6960,4939299,silent,4932339
12,18|16|6|4|2|2,6,5587,3853297,silent,3847710
12,18|16|6|3|3|2,6,3197,3028235,silent,3025038
12,18|16|5|5|3|1,6,3336,2588816,silent,2585480
12,18|16|5|5|2|2,6,2303,1896926,silent,1894623
12,18|16|5|4|4|1,6,2583,1922890,silent,1920307
12,18|16|5|4|3|2,6,4192,3954854,silent,3950662
12,18|16|5|3|3|3,6,753,1132502,silent,1131749
12,18|16|4|4|4|2,6,1157,935270,silent,934113
12,18|16|4|4|3|3,6,627,869460,silent,868833
12,18|15|12|1|1|1,6,167,51182,silent,51015
12,18|15|11|2|1|1,6,1145,384944,silent,383799
12,18|15|10|3|1|1,6,3178,1363232,silent,1360054
12,18|15|10|2|2|1,6,2701,1087662,silent,1084961
12,18|15|9|4|1|1,6,5801,2907498,silent,2901697
12,18|15|9|3|2|1,6,8207,4457511,silent,4449304
12,18|15|9|2|2|2,6,2500,1301185,silent,1298685
12,18|15|8|5|1|1,6,6809,3907178,silent,3900369
12,18|15|8|4|2|1,6,14294,9066098,silent,9051804
12,18|15|8|3|3|1,6,7149,5405955,silent,5398806
12,18|15|8|3|2|2,6,7123,5155203,silent,5148080
12,18|15|7|6|1|1,6,4769,2931521,silent,2926752
12,18|15|7|5|2|1,6,14285,10327074,silent,10312789
12,18|15|7|4|3|1,6,14421,11984811,silent,11970390
12,18|15|7|4|2|2,6,10909,9222863,silent,9211954
12,18|15|7|3|3|2,6,6539,7021855,silent,7015316
12,18|15|6|6|2|1,6,6251,4682955,silent,4676704
12,18|15|6|5|3|1,6,11949,11002093,silent,10990144
12,18|15|6|5|2|2,6,8431,7940971,silent,7932540
12,18|15|6|4|4|1,6,7193,6553024,silent,6545831
12,18|15|6|4|3|2,6,11444,12926579,silent,12915135
12,18|15|6|3|3|3,6,1971,3387104,silent,3385133
12,18|15|5|5|4|1,6,4085,4299691,silent,4295606
12,18|15|5|5|3|2,6,5486,6925549,silent,6920063
12,18|15|5|4|4|2,6,4710,5579659,silent,5574949
12,18|15|5|4|3|3,6,3012,4853866,silent,4850854
12,18|15|4|4|4|3,6,1099,1468102,silent,1467003
12,18|14|13|1|1|1,6,101,32435,silent,32334
12,18|14|12|2|1|1,6,859,316055,silent,315196
12,18|14|11|3|1|1,6,2997,1369432,silent,1366435
12,18|14|11|2|2|1,6,2511,1089298,silent,1086787
12,18|14|10|4|1|1,6,6289,3483721,silent,3477432
12,18|14|10|3|2|1,6,8971,5305705,silent,5296734
12,18|14|10|2|2|2,6,2794,1545471,silent,1542677
12,18|14|9|5|1|1,6,8981,5707484,silent,5698503
12,18|14|9|4|2|1,6,18214,12913598,silent,12895384
12,18|14|9|3|3|1,6,9125,7619764,silent,7610639
12,18|14|9|3|2|2,6,8887,7232059,silent,7223172
12,18|14|8|6|1|1,6,8226,5799767,silent,5791541
12,18|14|8|5|2|1,6,22685,18568599,silent,18545914
12,18|14|8|4|3|1,6,21905,20678427,silent,20656522
12,18|14|8|4|2|2,6,16636,15824532,silent,15807896
12,18|14|8|3|3|2,6,9721,11813576,silent,11803855
12,18|14|7|7|1|1,6,3487,2509650,silent,2506163
12,18|14|7|6|2|1,6,16307,14404532,silent,14388225
12,18|14|7|5|3|1,6,24625,26230165,silent,26205540
12,18|14|7|5|2|2,6,16788,18716338,silent,18699550
12,18|14|7|4|4|1,6,13440,14491715,silent,14478275
12,18|14|7|4|3|2,6,21213,27950192,silent,27928979
12,18|14|7|3|3|3,6,3734,7032144,silent,7028410
12,18|14|6|6|3|1,6,11171,12384961,silent,12373790
12,18|14|6|6|2|2,6,7770,8657046,silent,8649276
12,18|14|6|5|4|1,6,14010,17135040,silent,17121030
12,18|14|6|5|3|2,6,18109,26489766,silent,26471657
12,18|14|6|4|4|2,6,12104,17113614,silent,17101510
12,18|14|6|4|3|3,6,7528,14363436,silent,14355908
12,18|14|5|5|5|1,6,2241,3366962,silent,3364721
12,18|14|5|5|4|2,6,6796,11486270,silent,11479474
12,18|14|5|5|3|3,6,4001,8032930,silent,8028929
12,18|14|5|4|4|3,6,4423,8096841,silent,8092418
12,18|14|4|4|4|4,6,714,1004354,silent,1003640
12,18|13|13|2|1|1,6,360,124470,silent,124110
12,18|13|12|3|1|1,6,1816,868383,silent,866567
12,18|13|12|2|2|1,6,1521,689817,silent,688296
12,18|13|11|4|1|1,6,5080,2921168,silent,2916088
12,18|13|11|3|2|1,6,7026,4418410,silent,4411384
12,18|13|11|2|2|2,6,2043,1276777,silent,1274734
12,18|13|10|5|1|1,6,8704,5975123,silent,5966419
12,18|13|10|4|2|1,6,17423,13337339,silent,13319916
12,18|13|10|3|3|1,6,8716,7821107,silent,7812391
12,18|13|10|3|2|2,6,8443,7405980,silent,7397537
12,18|13|9|6|1|1,6,10201,7808086,silent,7797885
12,18|13|9|5|2|1,6,26365,23840293,silent,23813928
12,18|13|9|4|3|1,6,25076,25990561,silent,25965485
12,18|13|9|4|2|2,6,18447,19780836,silent,19762389
12,18|13|9|3|3|2,6,11171,14641986,silent,14630815
12,18|13|8|7|1|1,6,7005,5757113,silent,5750108
12,18|13|8|6|2|1,6,25695,25449485,silent,25423790
12,18|13|8|5|3|1,6,35494,42276108,silent,42240614
12,18|13|8|5|2|2,6,24141,29989142,silent,29965001
12,18|13|8|4|4|1,6,18598,22584465,silent,22565867
12,18|13|8|4|3|2,6,29167,42996204,silent,42967037
12,18|13|8|3|3|3,6,5116,10578220,silent,10573104
12,18|13|7|7|2|1,6,10584,11210724,silent,11200140
12,18|13|7|6|3|1,6,27124,34662063,silent,34634939
12,18|13|7|6|2|2,6,17727,23911716,silent,23893989
12,18|13|7|5|4|1,6,26671,37617513,silent,37590842
12,18|13|7|5|3|2,6,33973,56885640,silent,56851667
12,18|13|7|4|4|2,6,20247,34083218,silent,34062971
12,18|13|7|4|3|3,6,13209,28140307,silent,28127098
12,18|13|6|6|4|1,6,13329,19313563,silent,19300234
12,18|13|6|6|3|2,6,15923,27398118,silent,27382195
12,18|13|6|5|5|1,6,7992,13392295,silent,13384303
12,18|13|6|5|4|2,6,21807,41691105,silent,41669298
12,18|13|6|5|3|3,6,12015,28114145,silent,28102130
12,18|13|6|4|4|3,6,10420,22761853,silent,22751433
12,18|13|5|5|5|2,6,3617,8614161,silent,8610544
12,18|13|5|5|4|3,6,6292,15953509,silent,15947217
12,18|13|5|4|4|4,6,2358,5251812,silent,5249454
12,18|12|12|4|1|1,6,1845,1140762,silent,1138917
12,18|12|12|3|2|1,6,2683,1729605,silent,1726922
12,18|12|12|2|2|2,6,884,504095,silent,503211
12,18|12|11|5|1|1,6,5432,3885886,silent,3880454
12,18|12|11|4|2|1,6,10736,8610119,silent,8599383
12,18|12|11|3|3|1,6,5382,5033459,silent,5028077
12,18|12|11|3|2|2,6,5164,4758369,silent,4753205
12,18|12|10|6|1|1,6,8429,6963532,silent,6955103
12,18|12|10|5|2|1,6,21675,20807522,silent,20785847
12,18|12|10|4|3|1,6,20287,22420902,silent,22400615
12,18|12|10|4|2|2,6,15211,17048555,silent,17033344
12,18|12|10|3|3|2,6,8891,12527016,silent,12518125
12,18|12|9|7|1|1,6,8268,7354580,silent,7346312
12,18|12|9|6|2|1,6,27360,29571837,silent,29544477
12,18|12|9|5|3|1,6,36459,47111625,silent,47075166
12,18|12|9|5|2|2,6,24479,33282326,silent,33257847
12,18|12|9|4|4|1,6,18645,24741508,silent,24722863
12,18|12|9|4|3|2,6,29180,46752488,silent,46723308
12,18|12|9|3|3|3,6,5193,11367443,silent,11362250
12,18|12|8|8|1|1,6,3365,3202948,silent,3199583
12,18|12|8|7|2|1,6,19600,22737867,silent,22718267
12,18|12|8|6|3|1,6,38485,54367844,silent,54329359
12,18|12|8|6|2|2,6,25354,37310968,silent,37285614
12,18|12|8|5|4|1,6,34928,54268023,silent,54233095
12,18|12|8|5|3|2,6,43947,81043753,silent,80999806
12,18|12|8|4|4|2,6,25446,46999980,silent,46974534
12,18|12|8|4|3|3,6,16244,38376802,silent,38360558
12,18|12|7|7|3|1,6,16556,24768998,silent,24752442
12,18|12|7|7|2|2,6,10243,16759170,silent,16748927
12,18|12|7|6|4|1,6,29604,49466978,silent,49437374
12,18|12|7|6|3|2,6,34745,68661712,silent,68626967
12,18|12|7|5|5|1,6,14705,27567685,silent,27552980
12,18|12|7|5|4|2,6,37620,82108350,silent,82070730
12,18|12|7|5|3|3,6,20915,54415155,silent,54394240
12,18|12|7|4|4|3,6,16246,40913435,silent,40897189
12,18|12|6|6|5|1,6,9434,17838925,silent,17829491
12,18|12|6|6|4|2,6,19585,43105544,silent,43085959
12,18|12|6|6|3|3,6,9812,26944112,silent,26934300
12,18|12|6|5|5|2,6,11887,31133141,silent,31121254
12,18|12|6|5|4|3,6,18434,52920738,silent,52902304
12,18|12|6|4|4|4,6,5257,13689160,silent,13683903
12,18|12|5|5|5|3,6,3428,12081130,silent,12077702
12,18|12|5|5|4|4,6,3081,10400342,silent,10397261
12,18|11|11|6|1|1,6,3429,2823967,silent,2820538
12,18|11|11|5|2|1,6,8358,8328444,silent,8320086
12,18|11|11|4|3|1,6,7881,8935379,silent,8927498
12,18|11|11|4|2|2,6,5559,6764882,silent,6759323
12,18|11|11|3|3|2,6,3539,4978296,silent,4974757
12,18|11|10|7|1|1,6,5598,5248124,silent,5242526
12,18|11|10|6|2|1,6,17905,20296707,silent,20278802
12,18|11|10|5|3|1,6,23404,31711776,silent,31688372
12,18|11|10|5|2|2,6,15713,22363799,silent,22348086
12,18|11|10|4|4|1,6,11851,16519525,silent,16507674
12,18|11|10|4|3|2,6,18515,31093450,silent,31074935
12,18|11|10|3|3|3,6,3276,7511657,silent,7508381
12,18|11|9|8|1|1,6,4413,4372514,silent,4368101
12,18|11|9|7|2|1,6,19189,24037537,silent,24018348
12,18|11|9|6|3|1,6,34784,52645860,silent,52611076
12,18|11|9|6|2|2,6,22225,35956921,silent,35934696
12,18|11|9|5|4|1,6,30331,50664120,silent,50633789
12,18|11|9|5|3|2,6,38106,75145950,silent,75107844
12,18|11|9|4|4|2,6,21138,42857135,silent,42835997
12,18|11|9|4|3|3,6,14062,34849014,silent,34834952
12,18|11|8|8|2|1,6,8570,10985452,silent,10976882
12,18|11|8|7|3|1,6,26746,43396090,silent,43369344
12,18|11|8|7|2|2,6,16901,29235085,silent,29218184
12,18|11|8|6|4|1,6,37262,67723777,silent,67686515
12,18|11|8|6|3|2,6,43282,92891433,silent,92848151
12,18|11|8|5|5|1,6,17333,35147139,silent,35129806
12,18|11|8|5|4|2,6,43296,102358131,silent,102314835
12,18|11|8|5|3|3,6,23771,67155764,silent,67131993
12,18|11|8|4|4|3,6,17773,48914502,silent,48896729
12,18|11|7|7|4|1,6,16701,32644966,silent,32628265
12,18|11|7|7|3|2,6,18921,43542581,silent,43523660
12,18|11|7|6|5|1,6,19662,42074313,silent,42054651
12,18|11|7|6|4|2,6,38186,97306179,silent,97267993
12,18|11|7|6|3|3,6,19939,59881657,silent,59861718
12,18|11|7|5|5|2,6,19746,56621951,silent,56602205
12,18|11|7|5|4|3,6,28812,92515788,silent,92486976
12,18|11|7|4|4|4,6,7019,21976553,silent,21969534
12,18|11|6|6|6|1,6,3742,8055396,silent,8051654
12,18|11|6|6|5|2,6,13124,37613936,silent,37600812
12,18|11|6|6|4|3,6,15234,50172888,silent,50157654
12,18|11|6|5|5|3,6,10249,39447667,silent,39437418
12,18|11|6|5|4|4,6,8651,31616620,silent,31607969
12,18|11|5|5|5|4,6,1916,9340310,silent,9338394
12,18|10|10|8|1|1,6,1891,2028634,silent,2026743
12,18|10|10|7|2|1,6,8103,10402148,silent,10394045
12,18|10|10|6|3|1,6,14067,22051226,silent,22037159
12,18|10|10|6|2|2,6,9386,15072374,silent,15062988
12,18|10|10|5|4|1,6,12196,20927325,silent,20915129
12,18|10|10|5|3|2,6,15175,30941022,silent,30925847
12,18|10|10|4|4|2,6,8725,17554955,silent,17546230
12,18|10|10|4|3|3,6,5394,14202034,silent,14196640
12,18|10|9|9|1|1,6,1152,1222107,silent,1220955
12,18|10|9|8|2|1,6,8156,11210927,silent,11202771
12,18|10|9|7|3|1,6,20311,34873938,silent,34853627
12,18|10|9|7|2|2,6,12651,23410301,silent,23397650
12,18|10|9|6|4|1,6,26094,50289987,silent,50263893
12,18|10|9|6|3|2,6,30188,68560009,silent,68529821
12,18|10|9|5|5|1,6,11879,25379083,silent,25367204
12,18|10|9|5|4|2,6,29186,73077639,silent,73048453
12,18|10|9|5|3|3,6,16129,47722465,silent,47706336
12,18|10|9|4|4|3,6,11737,34256311,silent,34244574
12,18|10|8|8|3|1,6,9857,17423918,silent,17414061
12,18|10|8|8|2|2,6,6462,11655351,silent,11648889
12,18|10|8|7|4|1,6,22968,47404755,silent,47381787
12,18|10|8|7|3|2,6,25696,62538691,silent,62512995
12,18|10|8|6|5|1,6,21232,48487124,silent,48465892
12,18|10|8|6|4|2,6,40757,109831283,silent,109790526
12,18|10|8|6|3|3,6,20652,66923292,silent,66902640
12,18|10|8|5|5|2,6,19390,59633901,silent,59614511
12,18|10|8|5|4|3,6,27907,95605678,silent,95577771
12,18|10|8|4|4|4,6,6717,21929094,silent,21922377
12,18|10|7|7|5|1,6,10674,26192400,silent,26181726
12,18|10|7|7|4|2,6,18661,55354800,silent,55336139
12,18|10|7|7|3|3,6,9867,33003051,silent,32993184
12,18|10|7|6|6|1,6,7184,17804284,silent,17797100
12,18|10|7|6|5|2,6,23616,75889991,silent,75866375
12,18|10|7|6|4|3,6,26489,97478902,silent,97452413
12,18|10|7|5|5|3,6,14868,61841930,silent,61827062
12,18|10|7|5|4|4,6,11695,47985003,silent,47973308
12,18|10|6|6|6|2,6,4928,15316622,silent,15311694
12,18|10|6|6|5|3,6,10202,42775323,silent,42765121
12,18|10|6|6|4|4,6,6875,27593312,silent,27586437
12,18|10|6|5|5|4,6,5256,27320311,silent,27315055
12,18|10|5|5|5|5,6,475,3247297,silent,3246822
12,18|9|9|9|2|1,6,1192,1829034,silent,1827842
12,18|9|9|8|3|1,6,5609,10380256,silent,10374647
12,18|9|9|8|2|2,6,3326,6895267,silent,6891941
12,18|9|9|7|4|1,6,10455,22762476,silent,22752021
12,18|9|9|7|3|2,6,11720,29882841,silent,29871121
12,18|9|9|6|5|1,6,9144,21834780,silent,21825636
12,18|9|9|6|4|2,6,16940,48965408,silent,48948468
12,18|9|9|6|3|3,6,9086,29774622,silent,29765536
12,18|9|9|5|5|2,6,8324,25995559,silent,25987235
12,18|9|9|5|4|3,6,11544,41314905,silent,41303361
12,18|9|9|4|4|4,6,2486,9317283,silent,9314797
12,18|9|8|8|4|1,6,6661,14520399,silent,14513738
12,18|9|8|8|3|2,6,7315,18798460,silent,18791145
12,18|9|8|7|5|1,6,11326,28822689,silent,28811363
12,18|9|8|7|4|2,6,19645,59797771,silent,59778126
12,18|9|8|7|3|3,6,9962,35325422,silent,35315460
12,18|9|8|6|6|1,6,6162,15997666,silent,15991504
12,18|9|8|6|5|2,6,19520,65651134,silent,65631614
12,18|9|8|6|4|3,6,21456,82878788,silent,82857332
12,18|9|8|5|5|3,6,11325,49290263,silent,49278938
12,18|9|8|5|4|4,6,8805,37717860,silent,37709055
12,18|9|7|7|6|1,6,4018,11663941,silent,11659923
12,18|9|7|7|5|2,6,10567,38629219,silent,38618652
12,18|9|7|7|4|3,6,10957,45741237,silent,45730280
12,18|9|7|6|6|2,6,7423,27373440,silent,27366017
12,18|9|7|6|5|3,6,15410,70399723,silent,70384313
12,18|9|7|6|4|4,6,9402,43975364,silent,43965962
12,18|9|7|5|5|4,6,6502,35343060,silent,35336558
12,18|9|6|6|6|3,6,3444,15510516,silent,15507072
12,18|9|6|6|5|4,6,4908,26316494,silent,26311586
12,18|9|6|5|5|5,6,1129,8372707,silent,8371578
12,18|8|8|8|5|1,6,2050,5287789,silent,5285739
12,18|8|8|8|4|2,6,3621,10607721,silent,10604100
12,18|8|8|8|3|3,6,1584,6151864,silent,6150280
12,18|8|8|7|6|1,6,2667,7597318,silent,7594651
12,18|8|8|7|5|2,6,6625,24369197,silent,24362572
12,18|8|8|7|4|3,6,6789,28446430,silent,28439641
12,18|8|8|6|6|2,6,4053,14348379,silent,14344326
12,18|8|8|6|5|3,6,7607,35728115,silent,35720508
12,18|8|8|6|4|4,6,4895,22096336,silent,22091441
12,18|8|8|5|5|4,6,2902,16739682,silent,16736780
12,18|8|7|7|7|1,6,613,2080186,silent,2079573
12,18|8|7|7|6|2,6,3036,13167187,silent,13164151
12,18|8|7|7|5|3,6,5269,26643763,silent,26638494
12,18|8|7|7|4|4,6,2839,15523992,silent,15521153
12,18|8|7|6|6|3,6,4008,20313465,silent,20309457
12,18|8|7|6|5|4,6,5486,32024382,silent,32018896
12,18|8|7|5|5|5,6,1101,8170208,silent,8169107
12,18|8|6|6|6|4,6,1628,8464022,silent,8462394
12,18|8|6|6|5|5,6,923,7082020,silent,7081097
12,18|7|7|7|7|2,6,277,1333809,silent,1333532
12,18|7|7|7|6|3,6,908,5516952,silent,5516044
12,18|7|7|7|5|4,6,1051,6971386,silent,6970335
12,18|7|7|6|6|4,6,900,6196124,silent,6195224
12,18|7|7|6|5|5,6,667,4930419,silent,4929752
12,18|7|6|6|6|5,6,329,2130206,silent,2129877
12,18|6|6|6|6|6,6,56,151701,silent,151645
12,17|17|11|1|1|1,6,68,18690,silent,18622
12,17|17|10|2|1|1,6,390,118024,silent,117634
12,17|17|9|3|1|1,6,912,357016,silent,356104
12,17|17|9|2|2|1,6,771,285033,silent,284262
12,17|17|8|4|1|1,6,1467,642739,silent,641272
12,17|17|8|3|2|1,6,2055,996947,silent,994892
12,17|17|8|2|2|2,6,604,292319,silent,291715
12,17|17|7|5|1|1,6,1349,689849,silent,688500
12,17|17|7|4|2|1,6,3008,1672667,silent,1669659
12,17|17|7|3|3|1,6,1519,1016797,silent,1015278
12,17|17|7|3|2|2,6,1547,974485,silent,972938
12,17|17|6|6|1|1,6,615,305377,silent,304762
12,17|17|6|5|2|1,6,2263,1395238,silent,1392975
12,17|17|6|4|3|1,6,2513,1766294,silent,1763781
12,17|17|6|4|2|2,6,1868,1371959,silent,1370091
12,17|17|6|3|3|2,6,1195,1083523,silent,1082328
12,17|17|5|5|3|1,6,1157,923899,silent,922742
12,17|17|5|5|2|2,6,892,679081,silent,678189
12,17|17|5|4|4|1,6,914,686185,silent,685271
12,17|17|5|4|3|2,6,1489,1410861,silent,1409372
12,17|17|5|3|3|3,6,254,403753,silent,403499
12,17|17|4|4|4|2,6,348,331244,silent,330896
12,17|17|4|4|3|3,6,267,311532,silent,311265
12,17|16|12|1|1|1,6,94,30430,silent,30336
12,17|16|11|2|1|1,6,651,223919,silent,223268
12,17|16|10|3|1|1,6,1795,782031,silent,780236
12,17|16|10|2|2|1,6,1531,624050,silent,622519
12,17|16|9|4|1|1,6,3245,1652872,silent,1649627
12,17|16|9|3|2|1,6,4613,2532790,silent,2528177
12,17|16|9|2|2|2,6,1413,739334,silent,737921
12,17|16|8|5|1|1,6,3800,2209141,silent,2205341
12,17|16|8|4|2|1,6,7984,5120706,silent,5112722
12,17|16|8|3|3|1,6,3995,3051147,silent,3047152
12,17|16|8|3|2|2,6,3985,2909009,silent,2905024
12,17|16|7|6|1|1,6,2653,1652425,silent,1649772
12,17|16|7|5|2|1,6,7958,5812125,silent,5804167
12,17|16|7|4|3|1,6,8028,6738319,silent,6730291
12,17|16|7|4|2|2,6,6091,5184101,silent,5178010
12,17|16|7|3|3|2,6,3641,3943538,silent,3939897
12,17|16|6|6|2|1,6,3477,2631301,silent,2627824
12,17|16|6|5|3|1,6,6642,6172501,silent,6165859
12,17|16|6|5|2|2,6,4689,4453493,silent,4448804
12,17|16|6|4|4|1,6,3993,3674259,silent,3670266
12,17|16|6|4|3|2,6,6367,7242332,silent,7235965
12,17|16|6|3|3|3,6,1098,1895814,silent,1894716
12,17|16|5|5|4|1,6,2269,2407824,silent,2405555
12,17|16|5|5|3|2,6,3047,3875398,silent,3872351
12,17|16|5|4|4|2,6,2619,3120725,silent,3118106
12,17|16|5|4|3|3,6,1674,2712934,silent,2711260
12,17|16|4|4|4|3,6,608,819754,silent,819146
12,17|15|13|1|1|1,6,94,28733,silent,28639
12,17|15|12|2|1|1,6,700,252469,silent,251769
12,17|15|11|3|1|1,6,2234,1039189,silent,1036955
12,17|15|11|2|2|1,6,1846,824141,silent,822295
12,17|15|10|4|1|1,6,4639,2575528,silent,2570889
12,17|15|10|3|2|1,6,6476,3911229,silent,3904753
12,17|15|10|2|2|2,6,1915,1133751,silent,1131836
12,17|15|9|5|1|1,6,6391,4150295,silent,4143904
12,17|15|9|4|2|1,6,12944,9368830,silent,9355886
12,17|15|9|3|3|1,6,6525,5525547,silent,5519022
12,17|15|9|3|2|2,6,6325,5237035,silent,5230710
12,17|15|8|6|1|1,6,5920,4184260,silent,4178340
12,17|15|8|5|2|1,6,16002,13345862,silent,13329860
12,17|15|8|4|3|1,6,15522,14843976,silent,14828454
12,17|15|8|4|2|2,6,11517,11339005,silent,11327488
12,17|15|8|3|3|2,6,6988,8470716,silent,8463728
12,17|15|7|7|1|1,6,2382,1799878,silent,1797496
12,17|15|7|6|2|1,6,11445,10300723,silent,10289278
12,17|15|7|5|3|1,6,17261,18716810,silent,18699549
12,17|15|7|5|2|2,6,11859,13346326,silent,13334467
12,17|15|7|4|4|1,6,9401,10328525,silent,10319124
12,17|15|7|4|3|2,6,14889,19901891,silent,19887002
12,17|15|7|3|3|3,6,2634,5003064,silent,5000430
12,17|15|6|6|3|1,6,7891,8816384,silent,8808493
12,17|15|6|6|2|2,6,5242,6148006,silent,6142764
12,17|15|6|5|4|1,6,9790,12171681,silent,12161891
12,17|15|6|5|3|2,6,12733,18799836,silent,18787103
12,17|15|6|4|4|2,6,8257,12122811,silent,12114554
12,17|15|6|4|3|3,6,5389,10181677,silent,10176288
12,17|15|5|5|5|1,6,1566,2385787,silent,2384221
12,17|15|5|5|4|2,6,4841,8131637,silent,8126796
12,17|15|5|5|3|3,6,2722,5677430,silent,5674708
12,17|15|5|4|4|3,6,3081,5719697,silent,5716616
12,17|15|4|4|4|4,6,425,705046,silent,704621
12,17|14|14|1|1|1,6,31,11287,silent,11256
12,17|14|13|2|1|1,6,443,167386,silent,166943
12,17|14|12|3|1|1,6,1821,901928,silent,900107
12,17|14|12|2|2|1,6,1541,716956,silent,715415
12,17|14|11|4|1|1,6,4606,2748636,silent,2744030
12,17|14|11|3|2|1,6,6428,4153798,silent,4147370
12,17|14|11|2|2|2,6,1914,1200871,silent,1198957
12,17|14|10|5|1|1,6,7580,5360995,silent,5353415
12,17|14|10|4|2|1,6,15189,11939373,silent,11924184
12,17|14|10|3|3|1,6,7593,6990984,silent,6983391
12,17|14|10|3|2|2,6,7375,6616967,silent,6609592
12,17|14|9|6|1|1,6,8651,6829134,silent,6820483
12,17|14|9|5|2|1,6,22404,20779221,silent,20756817
12,17|14|9|4|3|1,6,21267,22604437,silent,22583170
12,17|14|9|4|2|2,6,15726,17194539,silent,17178813
12,17|14|9|3|3|2,6,9466,12706705,silent,12697239
12,17|14|8|7|1|1,6,5881,4972193,silent,4966312
12,17|14|8|6|2|1,6,21519,21863328,silent,21841809
12,17|14|8|5|3|1,6,29675,36198440,silent,36168765
12,17|14|8|5|2|2,6,20207,25659297,silent,25639090
12,17|14|8|4|4|1,6,15519,19310169,silent,19294650
12,17|14|8|4|3|2,6,24387,36710246,silent,36685859
12,17|14|8|3|3|3,6,4292,9015382,silent,9011090
12,17|14|7|7|2|1,6,8818,9569035,silent,9560217
12,17|14|7|6|3|1,6,22496,29438615,silent,29416119
12,17|14|7|6|2|2,6,14744,20294449,silent,20279705
12,17|14|7|5|4|1,6,22082,31863892,silent,31841810
12,17|14|7|5|3|2,6,28153,48119129,silent,48090976
12,17|14|7|4|4|2,6,16773,28791872,silent,28775099
12,17|14|7|4|3|3,6,10934,23744320,silent,23733386
12,17|14|6|6|4|1,6,10980,16290795,silent,16279815
12,17|14|6|6|3|2,6,13146,23078840,silent,23065694
12,17|14|6|5|5|1,6,6588,11272583,silent,11265995
12,17|14|6|5|4|2,6,17957,35026524,silent,35008567
12,17|14|6|5|3|3,6,9915,23596523,silent,23586608
12,17|14|6|4|4|3,6,8550,19078818,silent,19070268
12,17|14|5|5|5|2,6,2969,7209707,silent,7206738
12,17|14|5|5|4|3,6,5167,13333698,silent,13328531
12,17|14|5|4|4|4,6,1926,4382160,silent,4380234
12,17|13|13|3|1|1,6,734,360961,silent,360227
12,17|13|13|2|2|1,6,575,284134,silent,283559
12,17|13|12|4|1|1,6,2898,1796503,silent,1793605
12,17|13|12|3|2|1,6,4022,2706902,silent,2702880
12,17|13|12|2|2|2,6,1175,780546,silent,779371
12,17|13|11|5|1|1,6,6290,4674048,silent,4667758
12,17|13|11|4|2|1,6,12335,10310274,silent,10297939
12,17|13|11|3|3|1,6,6242,6020432,silent,6014190
12,17|13|11|3|2|2,6,5906,5678302,silent,5672396
12,17|13|10|6|1|1,6,8976,7597963,silent,7588987
12,17|13|10|5|2|1,6,22611,22554863,silent,22532252
12,17|13|10|4|3|1,6,21235,24236500,silent,24215265
12,17|13|10|4|2|2,6,15551,18386718,silent,18371167
12,17|13|10|3|3|2,6,9442,13507431,silent,13497989
12,17|13|9|7|1|1,6,8271,7670147,silent,7661876
12,17|13|9|6|2|1,6,27265,30587602,silent,30560337
12,17|13|9|5|3|1,6,36296,48503105,silent,48466809
12,17|13|9|5|2|2,6,24336,34219305,silent,34194969
12,17|13|9|4|4|1,6,18431,25411470,silent,25393039
12,17|13|9|4|3|2,6,28990,47933994,silent,47905004
12,17|13|9|3|3|3,6,5221,11633178,silent,11627957
12,17|13|8|8|1|1,6,3430,3285378,silent,3281948
12,17|13|8|7|2|1,6,19113,23004990,silent,22985877
12,17|13|8|6|3|1,6,37460,54608850,silent,54571390
12,17|13|8|6|2|2,6,24266,37409544,silent,37385278
12,17|13|8|5|4|1,6,33770,54285253,silent,54251483
12,17|13|8|5|3|2,6,42675,80927726,silent,80885051
12,17|13|8|4|4|2,6,24205,46809125,silent,46784920
12,17|13|8|4|3|3,6,15934,38202184,silent,38186250
12,17|13|7|7|3|1,6,15851,24609963,silent,24594112
12,17|13|7|7|2|2,6,10027,16641276,silent,16631249
12,17|13|7|6|4|1,6,28245,48827853,silent,48799608
12,17|13|7|6|3|2,6,33212,67654230,silent,67621018
12,17|13|7|5|5|1,6,14043,27131767,silent,27117724
12,17|13|7|5|4|2,6,35917,80592257,silent,80556340
12,17|13|7|5|3|3,6,19939,53343612,silent,53323673
12,17|13|7|4|4|3,6,15391,40020672,silent,40005281
12,17|13|6|6|5|1,6,8949,17439950,silent,17431001
12,17|13|6|6|4|2,6,18224,42009684,silent,41991460
12,17|13|6|6|3|3,6,9492,26250005,silent,26240513
12,17|13|6|5|5|2,6,11386,30272259,silent,30260873
12,17|13|6|5|4|3,6,17390,51336197,silent,51318807
12,17|13|6|4|4|4,6,4728,13231603,silent,13226875
12,17|13|5|5|5|3,6,3217,11653540,silent,11650323
12,17|13|5|5|4|4,6,2978,10024042,silent,10021064
12,17|12|12|5|1|1,6,2395,1861092,silent,1858697
12,17|12|12|4|2|1,6,4817,4102867,silent,4098050
12,17|12|12|3|3|1,6,2371,2386855,silent,2384484
12,17|12|12|3|2|2,6,2347,2258731,silent,2256384
12,17|12|11|6|1|1,6,5751,5095350,silent,5089599
12,17|12|11|5|2|1,6,14331,14940143,silent,14925812
12,17|12|11|4|3|1,6,13371,15953535,silent,15940164
12,17|12|11|4|2|2,6,9789,12085887,silent,12076098
12,17|12|11|3|3|2,6,5919,8849719,silent,8843800
12,17|12|10|7|1|1,6,7399,7310657,silent,7303258
12,17|12|10|6|2|1,6,23525,27947154,silent,27923629
12,17|12|10|5|3|1,6,30567,43355309,silent,43324742
12,17|12|10|5|2|2,6,20596,30540761,silent,30520165
12,17|12|10|4|4|1,6,15447,22517445,silent,22501998
12,17|12|10|4|3|2,6,24153,42274599,silent,42250446
12,17|12|10|3|3|3,6,4276,10176236,silent,10171960
12,17|12|9|8|1|1,6,5327,5588497,silent,5583170
12,17|12|9|7|2|1,6,23025,30169765,silent,30146740
12,17|12|9|6|3|1,6,41271,65337124,silent,65295853
12,17|12|9|6|2|2,6,26570,44579302,silent,44552732
12,17|12|9|5|4|1,6,35841,62512126,silent,62476285
12,17|12|9|5|3|2,6,45029,92493263,silent,92448234
12,17|12|9|4|4|2,6,25035,52599503,silent,52574468
12,17|12|9|4|3|3,6,16511,42675244,silent,42658733
12,17|12|8|8|2|1,6,9913,13324103,silent,13314190
12,17|12|8|7|3|1,6,30481,51697782,silent,51667301
12,17|12|8|7|2|2,6,19293,34783482,silent,34764189
12,17|12|8|6|4|1,6,42061,79874708,silent,79832647
12,17|12|8|6|3|2,6,48923,109296132,silent,109247209
12,17|12|8|5|5|1,6,19515,41261094,silent,41241579
12,17|12|8|5|4|2,6,48661,119737462,silent,119688801
12,17|12|8|5|3|3,6,26753,78415104,silent,78388351
12,17|12|8|4|4|3,6,19868,56947623,silent,56927755
12,17|12|7|7|4|1,6,18553,37797756,silent,37779203
12,17|12|7|7|3|2,6,21018,50296509,silent,50275491
12,17|12|7|6|5|1,6,21639,48290878,silent,48269239
12,17|12|7|6|4|2,6,42042,111290945,silent,111248903
12,17|12|7|6|3|3,6,21921,68361393,silent,68339472
12,17|12|7|5|5|2,6,21617,64459398,silent,64437781
12,17|12|7|5|4|3,6,31502,105022306,silent,104990804
12,17|12|7|4|4|4,6,7645,24856029,silent,24848384
12,17|12|6|6|6|1,6,4049,9121349,silent,9117300
12,17|12|6|6|5|2,6,14222,42360279,silent,42346057
12,17|12|6|6|4|3,6,16449,56341087,silent,56324638
12,17|12|6|5|5|3,6,11084,44097632,silent,44086548
12,17|12|6|5|4|4,6,9268,35272389,silent,35263121
12,17|12|5|5|5|4,6,2051,10329946,silent,10327895
12,17|11|11|7|1|1,6,3030,3046136,silent,3043106
12,17|11|11|6|2|1,6,9239,11413538,silent,11404299
12,17|11|11|5|3|1,6,12037,17555342,silent,17543305
12,17|11|11|5|2|2,6,7902,12331072,silent,12323170
12,17|11|11|4|4|1,6,5941,9071395,silent,9065454
12,17|11|11|4|3|2,6,9366,17002819,silent,16993453
12,17|11|11|3|3|3,6,1746,4090040,silent,4088294
12,17|11|10|8|1|1,6,4020,4406704,silent,4402684
12,17|11|10|7|2|1,6,15939,21854506,silent,21838567
12,17|11|10|6|3|1,6,27491,45551974,silent,45524483
12,17|11|10|6|2|2,6,17623,31019753,silent,31002130
12,17|11|10|5|4|1,6,23462,42828059,silent,42804597
12,17|11|10|5|3|2,6,29398,63121263,silent,63091865
12,17|11|10|4|4|2,6,16130,35601857,silent,35585727
12,17|11|10|4|3|3,6,10681,28793844,silent,28783163
12,17|11|9|9|1|1,6,1845,2121544,silent,2119699
12,17|11|9|8|2|1,6,12632,18470451,silent,18457819
12,17|11|9|7|3|1,6,30693,55810844,silent,55780151
12,17|11|9|7|2|2,6,19123,37388684,silent,37369561
12,17|11|9|6|4|1,6,38738,79211768,silent,79173030
12,17|11|9|6|3|2,6,44865,107640664,silent,107595799
12,17|11|9|5|5|1,6,17660,39701543,silent,39683883
12,17|11|9|5|4|2,6,43025,113717498,silent,113674473
12,17|11|9|5|3|3,6,23916,74100182,silent,74076266
12,17|11|9|4|4|3,6,17116,52932841,silent,52915725
12,17|11|8|8|3|1,6,13877,25880035,silent,25866158
12,17|11|8|8|2|2,6,8710,17252810,silent,17244100
12,17|11|8|7|4|1,6,31285,68470849,silent,68439564
12,17|11|8|7|3|2,6,35080,90041696,silent,90006616
12,17|11|8|6|5|1,6,28603,69074967,silent,69046364
12,17|11|8|6|4|2,6,54188,155628523,silent,155574335
12,17|11|8|6|3|3,6,28111,94662516,silent,94634405
12,17|11|8|5|5|2,6,26230,83955440,silent,83929210
12,17|11|8|5|4|3,6,37148,134007680,silent,133970532
12,17|11|8|4|4|4,6,8512,30532672,silent,30524160
12,17|11|7|7|5|1,6,13916,36042213,silent,36028297
12,17|11|7|7|4|2,6,24501,75803697,silent,75779196
12,17|11|7|7|3|3,6,12705,45073461,silent,45060756
12,17|11|7|6|6|1,6,9213,24227503,silent,24218290
12,17|11|7|6|5|2,6,30281,102481955,silent,102451674
12,17|11|7|6|4|3,6,33834,131094369,silent,131060535
12,17|11|7|5|5|3,6,19002,82602009,silent,82583007
12,17|11|7|5|4|4,6,14824,63894320,silent,63879496
12,17|11|6|6|6|2,6,5931,20200458,silent,20194527
12,17|11|6|6|5|3,6,12793,56085487,silent,56072694
12,17|11|6|6|4|4,6,8219,36039413,silent,36031194
12,17|11|6|5|5|4,6,6647,35474395,silent,35467748
12,17|11|5|5|5|5,6,570,4148082,silent,4147512
12,17|10|10|9|1|1,6,1030,1236671,silent,1235641
12,17|10|10|8|2|1,6,5818,8679502,silent,8673684
12,17|10|10|7|3|1,6,13015,24373995,silent,24360980
12,17|10|10|7|2|2,6,8273,16330641,silent,16322368
12,17|10|10|6|4|1,6,16051,33570551,silent,33554500
12,17|10|10|6|3|2,6,18510,45478171,silent,45459661
12,17|10|10|5|5|1,6,7119,16613674,silent,16606555
12,17|10|10|5|4|2,6,17538,47366518,silent,47348980
12,17|10|10|5|3|3,6,9519,30753821,silent,30744302
12,17|10|10|4|4|3,6,6946,21850677,silent,21843731
12,17|10|9|9|2|1,6,3259,5240938,silent,5237679
12,17|10|9|8|3|1,6,13475,26807769,silent,26794294
12,17|10|9|8|2|2,6,8357,17800261,silent,17791904
12,17|10|9|7|4|1,6,24156,56000979,silent,55976823
12,17|10|9|7|3|2,6,26969,73194878,silent,73167909
12,17|10|9|6|5|1,6,20561,52480143,silent,52459582
12,17|10|9|6|4|2,6,38500,116914178,silent,116875678
12,17|10|9|6|3|3,6,19998,70780123,silent,70760125
12,17|10|9|5|5|2,6,18186,61328278,silent,61310092
12,17|10|9|5|4|3,6,25502,96918348,silent,96892846
12,17|10|9|4|4|4,6,5698,21698290,silent,21692592
12,17|10|8|8|4|1,6,12189,28638999,silent,28626810
12,17|10|8|8|3|2,6,13403,36912167,silent,36898764
12,17|10|8|7|5|1,6,19891,54284461,silent,54264570
12,17|10|8|7|4|2,6,34413,111831418,silent,111797005
12,17|10|8|7|3|3,6,17427,65834402,silent,65816975
12,17|10|8|6|6|1,6,10619,29572101,silent,29561482
12,17|10|8|6|5|2,6,33423,119972913,silent,119939490
12,17|10|8|6|4|3,6,36546,150548887,silent,150512341
12,17|10|8|5|5|3,6,19127,88536902,silent,88517775
12,17|10|8|5|4|4,6,14758,67455734,silent,67440976
12,17|10|7|7|6|1,6,6480,19997068,silent,19990588
12,17|10|7|7|5|2,6,16829,65477177,silent,65460348
12,17|10|7|7|4|3,6,17410,77071436,silent,77054026
12,17|10|7|6|6|2,6,11688,45548065,silent,45536377
12,17|10|7|6|5|3,6,23869,115919769,silent,115895900
12,17|10|7|6|4|4,6,14563,72102052,silent,72087489
12,17|10|7|5|5|4,6,9891,57289282,silent,57279391
12,17|10|6|6|6|3,6,5066,24502047,silent,24496981
12,17|10|6|6|5|4,6,7228,41209435,silent,41202207
12,17|10|6|5|5|5,6,1669,12929941,silent,12928272
12,17|9|9|9|3|1,6,2054,4448848,silent,4446794
12,17|9|9|9|2|2,6,1195,2927660,silent,2926465
12,17|9|9|8|4|1,6,6855,17251910,silent,17245055
12,17|9|9|8|3|2,6,7526,22123917,silent,22116391
12,17|9|9|7|5|1,6,9293,26504669,silent,26495376
12,17|9|9|7|4|2,6,15745,54072253,silent,54056508
12,17|9|9|7|3|3,6,8181,31747039,silent,31738858
12,17|9|9|6|6|1,6,4585,13630932,silent,13626347
12,17|9|9|6|5|2,6,14437,54403152,silent,54388715
12,17|9|9|6|4|3,6,15676,67721388,silent,67705712
12,17|9|9|5|5|3,6,8227,38913974,silent,38905747
12,17|9|9|5|4|4,6,6046,29415425,silent,29409379
12,17|9|8|8|5|1,6,6134,17566754,silent,17560620
12,17|9|8|8|4|2,6,10181,34808278,silent,34798097
12,17|9|8|8|3|3,6,5024,20157643,silent,20152619
12,17|9|8|7|6|1,6,7313,23117691,silent,23110378
12,17|9|8|7|5|2,6,18214,72884396,silent,72866182
12,17|9|8|7|4|3,6,18369,84308687,silent,84290318
12,17|9|8|6|6|2,6,10130,41386089,silent,41375959
12,17|9|8|6|5|3,6,20014,101585872,silent,101565858
12,17|9|8|6|4|4,6,11998,62300273,silent,62288275
12,17|9|8|5|5|4,6,7722,46406530,silent,46398808
12,17|9|7|7|7|1,6,1361,4959157,silent,4957796
12,17|9|7|7|6|2,6,6666,30488043,silent,30481377
12,17|9|7|7|5|3,6,11140,60698630,silent,60687490
12,17|9|7|7|4|4,6,6127,35137773,silent,35131646
12,17|9|7|6|6|3,6,8105,44688327,silent,44680222
12,17|9|7|6|5|4,6,11019,69493270,silent,69482251
12,17|9|7|5|5|5,6,2220,17330544,silent,17328324
12,17|9|6|6|6|4,6,2754,16811453,silent,16808699
12,17|9|6|6|5|5,6,1794,13945328,silent,13943534
12,17|8|8|8|6|1,6,1515,4661885,silent,4660370
12,17|8|8|8|5|2,6,3413,13546916,silent,13543503
12,17|8|8|8|4|3,6,3281,15156755,silent,15153474
12,17|8|8|7|7|1,6,965,3493763,silent,3492798
12,17|8|8|7|6|2,6,4474,20016218,silent,20011744
12,17|8|8|7|5|3,6,7002,38612476,silent,38605474
12,17|8|8|7|4|4,6,3955,22127383,silent,22123428
12,17|8|8|6|6|3,6,4293,23610229,silent,23605936
12,17|8|8|6|5|4,6,5592,35685747,silent,35680155
12,17|8|8|5|5|5,6,983,8327155,silent,8326172
12,17|8|7|7|7|2,6,1023,5582687,silent,5581664
12,17|8|7|7|6|3,6,3483,22028929,silent,22025446
12,17|8|7|7|5|4,6,3835,27196158,silent,27192323
12,17|8|7|6|6|4,6,3248,22456112,silent,22452864
12,17|8|7|6|5|5,6,2123,17488867,silent,17486744
12,17|8|6|6|6|5,6,815,5927327,silent,5926512
12,17|7|7|7|7|3,6,313,2307386,silent,2307073
12,17|7|7|7|6|4,6,728,6270314,silent,6269586
12,17|7|7|7|5|5,6,455,4001692,silent,4001237
12,17|7|7|6|6|5,6,494,4446924,silent,4446430
12,17|7|6|6|6|6,6,118,768260,silent,768142
12,16|16|13|1|1|1,6,33,11064,silent,11031
12,16|16|12|2|1|1,6,239,95089,silent,94850
12,16|16|11|3|1|1,6,817,386621,silent,385804
12,16|16|11|2|2|1,6,690,307931,silent,307241
12,16|16|10|4|1|1,6,1624,947043,silent,945419
12,16|16|10|3|2|1,6,2367,1442068,silent,1439701
12,16|16|10|2|2|2,6,781,421051,silent,420270
12,16|16|9|5|1|1,6,2329,1519346,silent,1517017
12,16|16|9|4|2|1,6,4714,3430150,silent,3425436
12,16|16|9|3|3|1,6,2361,2020430,silent,2018069
12,16|16|9|3|2|2,6,2297,1917344,silent,1915047
12,16|16|8|6|1|1,6,2054,1523313,silent,1521259
12,16|16|8|5|2|1,6,5793,4864440,silent,4858647
12,16|16|8|4|3|1,6,5555,5404171,silent,5398616
12,16|16|8|4|2|2,6,4333,4136894,silent,4132561
12,16|16|8|3|3|2,6,2445,3079329,silent,3076884
12,16|16|7|7|1|1,6,924,656807,silent,655883
12,16|16|7|6|2|1,6,4130,3745888,silent,3741758
12,16|16|7|5|3|1,6,6258,6798333,silent,6792075
12,16|16|7|5|2|2,6,4217,4846470,silent,4842253
12,16|16|7|4|4|1,6,3399,3750845,silent,3747446
12,16|16|7|4|3|2,6,5372,7222699,silent,7217327
12,16|16|7|3|3|3,6,965,1813506,silent,1812541
12,16|16|6|6|3|1,6,2782,3196209,silent,3193427
12,16|16|6|6|2|2,6,2044,2236279,silent,2234235
12,16|16|6|5|4|1,6,3523,4411937,silent,4408414
12,16|16|6|5|3|2,6,4548,6809719,silent,6805171
12,16|16|6|4|4|2,6,3118,4397117,silent,4393999
12,16|16|6|4|3|3,6,1854,3681208,silent,3679354
12,16|16|5|5|5|1,6,573,863888,silent,863315
12,16|16|5|5|4|2,6,1666,2939221,silent,2937555
12,16|16|5|5|3|3,6,1046,2055711,silent,2054665
12,16|16|5|4|4|3,6,1101,2068070,silent,2066969
12,16|16|4|4|4|4,6,212,257015,silent,256803
12,16|15|14|1|1|1,6,29,10220,silent,10191
12,16|15|13|2|1|1,6,307,116237,silent,115930
12,16|15|12|3|1|1,6,1140,572171,silent,571031
12,16|15|12|2|2|1,6,950,453700,silent,452750
12,16|15|11|4|1|1,6,2761,1670486,silent,1667725
12,16|15|11|3|2|1,6,3832,2520457,silent,2516625
12,16|15|11|2|2|2,6,1117,727007,silent,725890
12,16|15|10|5|1|1,6,4431,3183771,silent,3179340
12,16|15|10|4|2|1,6,8842,7077315,silent,7068473
12,16|15|10|3|3|1,6,4441,4142220,silent,4137779
12,16|15|10|3|2|2,6,4285,3916626,silent,3912341
12,16|15|9|6|1|1,6,4998,4003865,silent,3998867
12,16|15|9|5|2|1,6,12889,12153512,silent,12140623
12,16|15|9|4|3|1,6,12244,13206096,silent,13193852
12,16|15|9|4|2|2,6,9005,10037652,silent,10028647
12,16|15|9|3|3|2,6,5475,7415571,silent,7410096
12,16|15|8|7|1|1,6,3370,2895800,silent,2892430
12,16|15|8|6|2|1,6,12286,12691491,silent,12679205
12,16|15|8|5|3|1,6,16951,20975679,silent,20958728
12,16|15|8|5|2|2,6,11516,14859102,silent,14847586
12,16|15|8|4|4|1,6,8828,11178653,silent,11169825
12,16|15|8|4|3|2,6,13917,21236258,silent,21222341
12,16|15|8|3|3|3,6,2470,5211762,silent,5209292
12,16|15|7|7|2|1,6,5023,5536033,silent,5531010
12,16|15|7|6|3|1,6,12793,16984392,silent,16971599
12,16|15|7|6|2|2,6,8363,11701442,silent,11693079
12,16|15|7|5|4|1,6,12537,18355458,silent,18342921
12,16|15|7|5|3|2,6,16016,27699066,silent,27683050
12,16|15|7|4|4|2,6,9479,16557471,silent,16547992
12,16|15|7|4|3|3,6,6233,13650500,silent,13644267
12,16|15|6|6|4|1,6,6212,9362539,silent,9356327
12,16|15|6|6|3|2,6,7443,13253749,silent,13246306
12,16|15|6|5|5|1,6,3740,6471882,silent,6468142
12,16|15|6|5|4|2,6,10160,20085879,silent,20075719
12,16|15|6|5|3|3,6,5634,13525716,silent,13520082
12,16|15|6|4|4|3,6,4822,10926019,silent,10921197
12,16|15|5|5|5|2,6,1696,4126825,silent,4125129
12,16|15|5|5|4|3,6,2924,7624655,silent,7621731
12,16|15|5|4|4|4,6,1069,2502622,silent,2501553
12,16|14|14|2|1|1,6,113,50180,silent,50067
12,16|14|13|3|1|1,6,804,416440,silent,415636
12,16|14|13|2|2|1,6,669,330085,silent,329416
12,16|14|12|4|1|1,6,2463,1607454,silent,1604991
12,16|14|12|3|2|1,6,3516,2423824,silent,2420308
12,16|14|12|2|2|2,6,1102,701660,silent,700558
12,16|14|11|5|1|1,6,4995,3813069,silent,3808074
12,16|14|11|4|2|1,6,9827,8400173,silent,8390346
12,16|14|11|3|3|1,6,4941,4896332,silent,4891391
12,16|14|11|3|2|2,6,4718,4621004,silent,4616286
12,16|14|10|6|1|1,6,6728,5929401,silent,5922673
12,16|14|10|5|2|1,6,17202,17560823,silent,17543621
12,16|14|10|4|3|1,6,16065,18831436,silent,18815371
12,16|14|10|4|2|2,6,12025,14291293,silent,14279268
12,16|14|10|3|3|2,6,7070,10473259,silent,10466189
12,16|14|9|7|1|1,6,6199,5858942,silent,5852743
12,16|14|9|6|2|1,6,20274,23257115,silent,23236841
12,16|14|9|5|3|1,6,26920,36767597,silent,36740677
12,16|14|9|5|2|2,6,18036,25929449,silent,25911413
12,16|14|9|4|4|1,6,13671,19241485,silent,19227814
12,16|14|9|4|3|2,6,21496,36250387,silent,36228891
12,16|14|9|3|3|3,6,3874,8781108,silent,8777234
12,16|14|8|8|1|1,6,2433,2482781,silent,2480348
12,16|14|8|7|2|1,6,14040,17285965,silent,17271925
12,16|14|8|6|3|1,6,27321,40845398,silent,40818077
12,16|14|8|6|2|2,6,18017,27980434,silent,27962417
12,16|14|8|5|4|1,6,24669,40511098,silent,40486429
12,16|14|8|5|3|2,6,31117,60322578,silent,60291461
12,16|14|8|4|4|2,6,17905,34862188,silent,34844283
12,16|14|8|4|3|3,6,11500,28407316,silent,28395816
12,16|14|7|7|3|1,6,11612,18302230,silent,18290618
12,16|14|7|7|2|2,6,7147,12362871,silent,12355724
12,16|14|7|6|4|1,6,20488,36168495,silent,36148007
12,16|14|7|6|3|2,6,24113,50058543,silent,50034430
12,16|14|7|5|5|1,6,10189,20058595,silent,20048406
12,16|14|7|5|4|2,6,25934,59489214,silent,59463280
12,16|14|7|5|3|3,6,14526,39343988,silent,39329462
12,16|14|7|4|4|3,6,11117,29483693,silent,29472576
12,16|14|6|6|5|1,6,6428,12843472,silent,12837044
12,16|14|6|6|4|2,6,13357,30902683,silent,30889326
12,16|14|6|6|3|3,6,6690,19278533,silent,19271843
12,16|14|6|5|5|2,6,8108,22213757,silent,22205649
12,16|14|6|5|4|3,6,12520,37633328,silent,37620808
12,16|14|6|4|4|4,6,3519,9692706,silent,9689187
12,16|14|5|5|5|3,6,2349,8515468,silent,8513119
12,16|14|5|5|4|4,6,2050,7313930,silent,7311880
12,16|13|13|4|1|1,6,1062,668942,silent,667880
12,16|13|13|3|2|1,6,1402,1001244,silent,999842
12,16|13|13|2|2|2,6,366,285785,silent,285419
12,16|13|12|5|1|1,6,3291,2621980,silent,2618689
12,16|13|12|4|2|1,6,6460,5748737,silent,5742277
12,16|13|12|3|3|1,6,3251,3343818,silent,3340567
12,16|13|12|3|2|2,6,3099,3152194,silent,3149095
12,16|13|11|6|1|1,6,6057,5526686,silent,5520629
12,16|13|11|5|2|1,6,14900,16113329,silent,16098429
12,16|13|11|4|3|1,6,13922,17161298,silent,17147376
12,16|13|11|4|2|2,6,10046,12978956,silent,12968910
12,16|13|11|3|3|2,6,6217,9497457,silent,9491240
12,16|13|10|7|1|1,6,7080,7226503,silent,7219423
12,16|13|10|6|2|1,6,22245,27405415,silent,27383170
12,16|13|10|5|3|1,6,28913,42333539,silent,42304626
12,16|13|10|5|2|2,6,19360,29781095,silent,29761735
12,16|13|10|4|4|1,6,14502,21936511,silent,21922009
12,16|13|10|4|3|2,6,22760,41121540,silent,41098780
12,16|13|10|3|3|3,6,4106,9883970,silent,9879864
12,16|13|9|8|1|1,6,4912,5313520,silent,5308608
12,16|13|9|7|2|1,6,20913,28351705,silent,28330792
12,16|13|9|6|3|1,6,37322,60980180,silent,60942858
12,16|13|9|6|2|2,6,23886,41556989,silent,41533103
12,16|13|9|5|4|1,6,32269,58124796,silent,58092527
12,16|13|9|5|3|2,6,40632,85867967,silent,85827335
12,16|13|9|4|4|2,6,22361,48724538,silent,48702177
12,16|13|9|4|3|3,6,14944,39498979,silent,39484035
12,16|13|8|8|2|1,6,8835,12305942,silent,12297107
12,16|13|8|7|3|1,6,26987,47240272,silent,47213285
12,16|13|8|7|2|2,6,17026,31748645,silent,31731619
12,16|13|8|6|4|1,6,36951,72531289,silent,72494338
12,16|13|8|6|3|2,6,43032,99093653,silent,99050621
12,16|13|8|5|5|1,6,17183,37365721,silent,37348538
12,16|13|8|5|4|2,6,42643,108163739,silent,108121096
12,16|13|8|5|3|3,6,23582,70766938,silent,70743356
12,16|13|8|4|4|3,6,17329,51284436,silent,51267107
12,16|13|7|7|4|1,6,16186,33977720,silent,33961534
12,16|13|7|7|3|2,6,18368,45144490,silent,45126122
12,16|13|7|6|5|1,6,18768,43179255,silent,43160487
12,16|13|7|6|4|2,6,36358,99271578,silent,99235220
12,16|13|7|6|3|3,6,19075,60919477,silent,60900402
12,16|13|7|5|5|2,6,18795,57345425,silent,57326630
12,16|13|7|5|4|3,6,27220,93248962,silent,93221742
12,16|13|7|4|4|4,6,6503,22009796,silent,22003293
12,16|13|6|6|6|1,6,3458,8089381,silent,8085923
12,16|13|6|6|5|2,6,12183,37441831,silent,37429648
12,16|13|6|6|4|3,6,14087,49708491,silent,49694404
12,16|13|6|5|5|3,6,9550,38803443,silent,38793893
12,16|13|6|5|4|4,6,7886,30991582,silent,30983696
12,16|13|5|5|5|4,6,1778,9031674,silent,9029896
12,16|12|12|6|1|1,6,2321,2262199,silent,2259878
12,16|12|12|5|2|1,6,5958,6576684,silent,6570726
12,16|12|12|4|3|1,6,5473,6976955,silent,6971482
12,16|12|12|4|2|2,6,4210,5290647,silent,5286437
12,16|12|12|3|3|2,6,2369,3848465,silent,3846096
12,16|12|11|7|1|1,6,4804,5094354,silent,5089550
12,16|12|11|6|2|1,6,14696,18901415,silent,18886719
12,16|12|11|5|3|1,6,18926,28865832,silent,28846906
12,16|12|11|5|2|2,6,12591,20275183,silent,20262592
12,16|12|11|4|4|1,6,9405,14882237,silent,14872832
12,16|12|11|4|3|2,6,14769,27822844,silent,27808075
12,16|12|11|3|3|3,6,2672,6661054,silent,6658382
12,16|12|10|8|1|1,6,4898,5735995,silent,5731097
12,16|12|10|7|2|1,6,19529,27966140,silent,27946611
12,16|12|10|6|3|1,6,33259,57662781,silent,57629522
12,16|12|10|6|2|2,6,21653,39241524,silent,39219871
12,16|12|10|5|4|1,6,28321,53915294,silent,53886973
12,16|12|10|5|3|2,6,35417,79283361,silent,79247944
12,16|12|10|4|4|2,6,19651,44603989,silent,44584338
12,16|12|10|4|3|3,6,12723,35988077,silent,35975354
12,16|12|9|9|1|1,6,2180,2568922,silent,2566742
12,16|12|9|8|2|1,6,14245,21721358,silent,21707113
12,16|12|9|7|3|1,6,34061,64505752,silent,64471691
12,16|12|9|7|2|2,6,21185,43170618,silent,43149433
12,16|12|9|6|4|1,6,42595,90679106,silent,90636511
12,16|12|9|6|3|2,6,49338,122955644,silent,122906306
12,16|12|9|5|5|1,6,19315,45241982,silent,45222667
12,16|12|9|5|4|2,6,47022,129175733,silent,129128711
12,16|12|9|5|3|3,6,26149,84020397,silent,83994248
12,16|12|9|4|4|3,6,18643,59859550,silent,59840907
12,16|12|8|8|3|1,6,14762,28925071,silent,28910309
12,16|12|8|8|2|2,6,9533,19271287,silent,19261754
12,16|12|8|7|4|1,6,33014,75304868,silent,75271854
12,16|12|8|7|3|2,6,37006,98814451,silent,98777445
12,16|12|8|6|5|1,6,29919,75329469,silent,75299550
12,16|12|8|6|4|2,6,56951,169182482,silent,169125531
12,16|12|8|6|3|3,6,29204,102714849,silent,102685645
12,16|12|8|5|5|2,6,27169,90847159,silent,90819990
12,16|12|8|5|4|3,6,38631,144632234,silent,144593603
12,16|12|8|4|4|4,6,8960,32845529,silent,32836569
12,16|12|7|7|5|1,6,14375,38606974,silent,38592599
12,16|12|7|7|4|2,6,25038,80926450,silent,80901412
12,16|12|7|7|3|3,6,13213,48048358,silent,48035145
12,16|12|7|6|6|1,6,9414,25782655,silent,25773241
12,16|12|7|6|5|2,6,30908,108504477,silent,108473569
12,16|12|7|6|4|3,6,34446,138423748,silent,138389302
12,16|12|7|5|5|3,6,19341,86838848,silent,86819507
12,16|12|7|5|4|4,6,14899,67044809,silent,67029910
12,16|12|6|6|6|2,6,6083,21116874,silent,21110791
12,16|12|6|6|5|3,6,12769,58345651,silent,58332882
12,16|12|6|6|4|4,6,8398,37432809,silent,37424411
12,16|12|6|5|5|4,6,6583,36670165,silent,36663582
12,16|12|5|5|5|5,6,600,4249410,silent,4248810
12,16|11|11|8|1|1,6,2179,2511769,silent,2509590
12,16|11|11|7|2|1,6,7935,11797956,silent,11790021
12,16|11|11|6|3|1,6,13438,23927596,silent,23914158
12,16|11|11|6|2|2,6,8326,16230534,silent,16222208
12,16|11|11|5|4|1,6,11255,22179975,silent,22168720
12,16|11|11|5|3|2,6,14154,32551721,silent,32537567
12,16|11|11|4|4|2,6,7449,18213840,silent,18206391
12,16|11|11|4|3|3,6,5219,14708587,silent,14703368
12,16|11|10|9|1|1,6,2089,2629006,silent,2626917
12,16|11|10|8|2|1,6,10964,17475840,silent,17464876
12,16|11|10|7|3|1,6,24082,47715654,silent,47691572
12,16|11|10|7|2|2,6,15048,31879238,silent,31864190
12,16|11|10|6|4|1,6,29054,64688028,silent,64658974
12,16|11|10|6|3|2,6,33543,87367772,silent,87334229
12,16|11|10|5|5|1,6,13003,31810949,silent,31797946
12,16|11|10|5|4|2,6,31462,90200393,silent,90168931
12,16|11|10|5|3|3,6,17410,58477336,silent,58459926
12,16|11|10|4|4|3,6,12310,41326534,silent,41314224
12,16|11|9|9|2|1,6,4995,8476142,silent,8471147
12,16|11|9|8|3|1,6,19625,41203528,silent,41183903
12,16|11|9|8|2|2,6,12015,27299553,silent,27287538
12,16|11|9|7|4|1,6,34204,83766235,silent,83732031
12,16|11|9|7|3|2,6,38210,109156742,silent,109118532
12,16|11|9|6|5|1,6,28757,77444335,silent,77415578
12,16|11|9|6|4|2,6,53412,171676976,silent,171623564
12,16|11|9|6|3|3,6,28053,103731162,silent,103703109
12,16|11|9|5|5|2,6,25404,89466020,silent,89440616
12,16|11|9|5|4|3,6,35241,140802683,silent,140767442
12,16|11|9|4|4|4,6,7629,31330750,silent,31323121
12,16|11|8|8|4|1,6,15930,39775771,silent,39759841
12,16|11|8|8|3|2,6,17507,51110330,silent,51092823
12,16|11|8|7|5|1,6,25542,73527074,silent,73501532
12,16|11|8|7|4|2,6,43933,150731089,silent,150687156
12,16|11|8|7|3|3,6,22396,88558221,silent,88535825
12,16|11|8|6|6|1,6,13379,39614235,silent,39600856
12,16|11|8|6|5|2,6,42146,159542515,silent,159500369
12,16|11|8|6|4|3,6,45943,199413459,silent,199367516
12,16|11|8|5|5|3,6,24130,116503199,silent,116479069
12,16|11|8|5|4|4,6,18288,88474349,silent,88456061
12,16|11|7|7|6|1,6,7989,25894219,silent,25886230
12,16|11|7|7|5|2,6,20707,84164543,silent,84143836
12,16|11|7|7|4|3,6,21268,98671469,silent,98650201
12,16|11|7|6|6|2,6,14012,57903958,silent,57889946
12,16|11|7|6|5|3,6,28778,146428946,silent,146400168
12,16|11|7|6|4|4,6,17329,90796018,silent,90778689
12,16|11|7|5|5|4,6,11923,71677151,silent,71665228
12,16|11|6|6|6|3,6,5881,30260017,silent,30254136
12,16|11|6|6|5|4,6,8417,50616598,silent,50608181
12,16|11|6|5|5|5,6,2000,15754006,silent,15752006
12,16|10|10|10|1|1,6,289,420576,silent,420287
12,16|10|10|9|2|1,6,2931,5018602,silent,5015671
12,16|10|10|8|3|1,6,9020,19587295,silent,19578275
12,16|10|10|8|2|2,6,5855,12989981,silent,12984126
12,16|10|10|7|4|1,6,14818,37104417,silent,37089599
12,16|10|10|7|3|2,6,16437,48202503,silent,48186066
12,16|10|10|6|5|1,6,12031,33346277,silent,33334246
12,16|10|10|6|4|2,6,22715,73565865,silent,73543150
12,16|10|10|6|3|3,6,11396,44280471,silent,44269075
12,16|10|10|5|5|2,6,10239,37842067,silent,37831828
12,16|10|10|5|4|3,6,14458,59291471,silent,59277013
12,16|10|10|4|4|4,6,3350,13112291,silent,13108941
12,16|10|9|9|3|1,6,5250,11986388,silent,11981138
12,16|10|9|9|2|2,6,3082,7886913,silent,7883831
12,16|10|9|8|4|1,6,15772,42064788,silent,42049016
12,16|10|9|8|3|2,6,17281,53719438,silent,53702157
12,16|10|9|7|5|1,6,20320,61726646,silent,61706326
12,16|10|9|7|4|2,6,34441,125113819,silent,125079378
12,16|10|9|7|3|3,6,17699,73168653,silent,73150954
12,16|10|9|6|6|1,6,9941,31176919,silent,31166978
12,16|10|9|6|5|2,6,30823,123022039,silent,122991216
12,16|10|9|6|4|3,6,33292,152241269,silent,152207977
12,16|10|9|5|5|3,6,17127,86487376,silent,86470249
12,16|10|9|5|4|4,6,12711,65137656,silent,65124945
12,16|10|8|8|5|1,6,10635,32827430,silent,32816795
12,16|10|8|8|4|2,6,17838,64610710,silent,64592872
12,16|10|8|8|3|3,6,8566,37283485,silent,37274919
12,16|10|8|7|6|1,6,12271,41452734,silent,41440463
12,16|10|8|7|5|2,6,30248,129245132,silent,129214884
12,16|10|8|7|4|3,6,30444,148637426,silent,148606982
12,16|10|8|6|6|2,6,16728,72058835,silent,72042107
12,16|10|8|6|5|3,6,32366,175066689,silent,175034323
12,16|10|8|6|4|4,6,19537,106914834,silent,106895297
12,16|10|8|5|5|4,6,12236,78744874,silent,78732638
12,16|10|7|7|7|1,6,2121,8152518,silent,8150397
12,16|10|7|7|6|2,6,10111,49250584,silent,49240473
12,16|10|7|7|5|3,6,16891,97073064,silent,97056173
12,16|10|7|7|4|4,6,9109,55954379,silent,55945270
12,16|10|7|6|6|3,6,12002,70170590,silent,70158588
12,16|10|7|6|5|4,6,16187,108175954,silent,108159767
12,16|10|7|5|5|5,6,3258,26605702,silent,26602444
12,16|10|6|6|6|4,6,3938,25121780,silent,25117842
12,16|10|6|6|5|5,6,2460,20688220,silent,20685760
12,16|9|9|9|4|1,6,2426,7137096,silent,7134670
12,16|9|9|9|3|2,6,2654,9022882,silent,9020228
12,16|9|9|8|5|1,6,6186,20143677,silent,20137491
12,16|9|9|8|4|2,6,9885,39238866,silent,39228981
12,16|9|9|8|3|3,6,5188,22609940,silent,22604752
12,16|9|9|7|6|1,6,5830,20759012,silent,20753182
12,16|9|9|7|5|2,6,14336,63655202,silent,63640866
12,16|9|9|7|4|3,6,14222,72612888,silent,72598666
12,16|9|9|6|6|2,6,7108,33497590,silent,33490482
12,16|9|9|6|5|3,6,14350,80205341,silent,80190991
12,16|9|9|6|4|4,6,8136,48599407,silent,48591271
12,16|9|9|5|5|4,6,5418,35006449,silent,35001031
12,16|9|8|8|6|1,6,4248,14911533,silent,14907285
12,16|9|8|8|5|2,6,9553,42599932,silent,42590379
12,16|9|8|8|4|3,6,9189,47253538,silent,47244349
12,16|9|8|7|7|1,6,2651,10379599,silent,10376948
12,16|9|8|7|6|2,6,11707,57709625,silent,57697918
12,16|9|8|7|5|3,6,18391,109656943,silent,109638552
12,16|9|8|7|4|4,6,10031,62356378,silent,62346347
12,16|9|8|6|6|3,6,10609,64724570,silent,64713961
12,16|9|8|6|5|4,6,13866,96530597,silent,96516731
12,16|9|8|5|5|5,6,2573,22047057,silent,22044484
12,16|9|7|7|7|2,6,2240,12625468,silent,12623228
12,16|9|7|7|6|3,6,7185,48444907,silent,48437722
12,16|9|7|7|5|4,6,7838,59000304,silent,58992466
12,16|9|7|6|6|4,6,6189,47039153,silent,47032964
12,16|9|7|6|5|5,6,4166,36253857,silent,36249691
12,16|9|6|6|6|5,6,1370,11257882,silent,11256512
12,16|8|8|8|7|1,6,708,2691258,silent,2690550
12,16|8|8|8|6|2,6,2550,11805483,silent,11802933
12,16|8|8|8|5|3,6,3382,20696081,silent,20692699
12,16|8|8|8|4|4,6,2005,11475089,silent,11473084
12,16|8|8|7|7|2,6,1540,8973739,silent,8972199
12,16|8|8|7|6|3,6,4816,32103646,silent,32098830
12,16|8|8|7|5|4,6,5001,38013268,silent,38008267
12,16|8|8|6|6|4,6,3479,25178619,silent,25175140
12,16|8|8|6|5|5,6,2032,18903873,silent,18901841
12,16|8|7|7|7|3,6,1188,9230965,silent,9229777
12,16|8|7|7|6|4,6,2693,24011381,silent,24008688
12,16|8|7|7|5|5,6,1615,15010514,silent,15008899
12,16|8|7|6|6|5,6,1655,15510293,silent,15508638
12,16|8|6|6|6|6,6,304,2074758,silent,2074454
12,16|7|7|7|7|4,6,273,2656043,silent,2655770
12,16|7|7|7|6|5,6,396,4550585,silent,4550189
12,16|7|7|6|6|6,6,131,1608326,silent,1608195
12,15|15|15|1|1|1,6,7,1566,silent,1559
12,15|15|14|2|1|1,6,77,27717,silent,27640
12,15|15|13|3|1|1,6,350,180358,silent,180008
12,15|15|13|2|2|1,6,274,141651,silent,141377
12,15|15|12|4|1|1,6,1029,644746,silent,643717
12,15|15|12|3|2|1,6,1374,966867,silent,965493
12,15|15|12|2|2|2,6,369,276706,silent,276337
12,15|15|11|5|1|1,6,1898,1472369,silent,1470471
12,15|15|11|4|2|1,6,3713,3234819,silent,3231106
12,15|15|11|3|3|1,6,1891,1886872,silent,1884981
12,15|15|11|3|2|2,6,1777,1775957,silent,1774180
12,15|15|10|6|1|1,6,2607,2250610,silent,2248003
12,15|15|10|5|2|1,6,6403,6639629,silent,6633226
12,15|15|10|4|3|1,6,6040,7117108,silent,7111068
12,15|15|10|4|2|2,6,4292,5386263,silent,5381971
12,15|15|10|3|3|2,6,2736,3957874,silent,3955138
12,15|15|9|7|1|1,6,2259,2198424,silent,2196165
12,15|15|9|6|2|1,6,7467,8703725,silent,8696258
12,15|15|9|5|3|1,6,9928,13744113,silent,13734185
12,15|15|9|5|2|2,6,6677,9684678,silent,9678001
12,15|15|9|4|4|1,6,5016,7184991,silent,7179975
12,15|15|9|4|3|2,6,7920,13531509,silent,13523589
12,15|15|9|3|3|3,6,1442,3278801,silent,3277359
12,15|15|8|8|1|1,6,985,930938,silent,929953
12,15|15|8|7|2|1,6,5153,6435838,silent,6430685
12,15|15|8|6|3|1,6,10105,15180564,silent,15170459
12,15|15|8|6|2|2,6,6378,10379133,silent,10372755
12,15|15|8|5|4|1,6,9034,15034294,silent,15025260
12,15|15|8|5|3|2,6,11483,22378027,silent,22366544
12,15|15|8|4|4|2,6,6325,12909643,silent,12903318
12,15|15|8|4|3|3,6,4349,10535236,silent,10530887
12,15|15|7|7|3|1,6,4186,6780577,silent,6776391
12,15|15|7|7|2|2,6,2758,4584214,silent,4581456
12,15|15|7|6|4|1,6,7476,13376659,silent,13369183
12,15|15|7|6|3|2,6,8807,18504341,silent,18495534
12,15|15|7|5|5|1,6,3715,7413660,silent,7409945
12,15|15|7|5|4|2,6,9539,21968290,silent,21958751
12,15|15|7|5|3|3,6,5251,14523411,silent,14518160
12,15|15|7|4|4|3,6,4051,10875055,silent,10871004
12,15|15|6|6|5|1,6,2365,4739060,silent,4736695
12,15|15|6|6|4|2,6,4666,11379634,silent,11374968
12,15|15|6|6|3|3,6,2592,7112422,silent,7109830
12,15|15|6|5|5|2,6,3054,8187066,silent,8184012
12,15|15|6|5|4|3,6,4559,13851850,silent,13847291
12,15|15|6|4|4|4,6,1155,3556910,silent,3555755
12,15|15|5|5|5|3,6,831,3128711,silent,3127880
12,15|15|5|5|4|4,6,822,2690712,silent,2689890
12,15|14|14|3|1|1,6,178,98099,silent,97921
12,15|14|14|2|2|1,6,156,78351,silent,78195
12,15|14|13|4|1|1,6,897,601664,silent,600767
12,15|14|13|3|2|1,6,1249,902848,silent,901599
12,15|14|13|2|2|2,6,362,259553,silent,259191
12,15|14|12|5|1|1,6,2269,1853066,silent,1850797
12,15|14|12|4|2|1,6,4473,4058384,silent,4053911
12,15|14|12|3|3|1,6,2236,2357247,silent,2355011
12,15|14|12|3|2|2,6,2154,2223205,silent,2221051
12,15|14|11|6|1|1,6,3819,3584945,silent,3581126
12,15|14|11|5|2|1,6,9454,10429423,silent,10419969
12,15|14|11|4|3|1,6,8805,11089143,silent,11080338
12,15|14|11|4|2|2,6,6428,8387474,silent,8381046
12,15|14|11|3|3|2,6,3908,6127155,silent,6123247
12,15|14|10|7|1|1,6,4319,4511003,silent,4506684
12,15|14|10|6|2|1,6,13568,17041683,silent,17028115
12,15|14|10|5|3|1,6,17584,26257795,silent,26240211
12,15|14|10|5|2|2,6,11797,18465869,silent,18454072
12,15|14|10|4|4|1,6,8814,13592642,silent,13583828
12,15|14|10|4|3|2,6,13846,25455660,silent,25441814
12,15|14|10|3|3|3,6,2480,6109555,silent,6107075
12,15|14|9|8|1|1,6,2940,3258139,silent,3255199
12,15|14|9|7|2|1,6,12506,17283692,silent,17271186
12,15|14|9|6|3|1,6,22227,37032288,silent,37010061
12,15|14|9|6|2|2,6,14287,25228969,silent,25214682
12,15|14|9|5|4|1,6,19203,35227411,silent,35208208
12,15|14|9|5|3|2,6,24162,51994338,silent,51970176
12,15|14|9|4|4|2,6,13341,29475274,silent,29461933
12,15|14|9|4|3|3,6,8860,23872553,silent,23863693
12,15|14|8|8|2|1,6,5232,7439096,silent,7433864
12,15|14|8|7|3|1,6,15913,28390926,silent,28375013
12,15|14|8|7|2|2,6,10052,19072685,silent,19062633
12,15|14|8|6|4|1,6,21731,43445091,silent,43423360
12,15|14|8|6|3|2,6,25318,59303199,silent,59277881
12,15|14|8|5|5|1,6,10085,22345013,silent,22334928
12,15|14|8|5|4|2,6,25044,64601653,silent,64576609
12,15|14|8|5|3|3,6,13847,42236229,silent,42222382
12,15|14|8|4|4|3,6,10163,30578260,silent,30568097
12,15|14|7|7|4|1,6,9467,20246375,silent,20236908
12,15|14|7|7|3|2,6,10747,26876907,silent,26866160
12,15|14|7|6|5|1,6,10959,25654797,silent,25643838
12,15|14|7|6|4|2,6,21238,58907586,silent,58886348
12,15|14|7|6|3|3,6,11113,36123542,silent,36112429
12,15|14|7|5|5|2,6,10931,33972919,silent,33961988
12,15|14|7|5|4|3,6,15859,55188097,silent,55172238
12,15|14|7|4|4|4,6,3785,13010290,silent,13006505
12,15|14|6|6|6|1,6,2006,4786179,silent,4784173
12,15|14|6|6|5|2,6,7084,22109300,silent,22102216
12,15|14|6|6|4|3,6,8177,29321993,silent,29313816
12,15|14|6|5|5|3,6,5539,22853321,silent,22847782
12,15|14|6|5|4|4,6,4570,18240292,silent,18235722
12,15|14|5|5|5|4,6,1020,5299877,silent,5298857
12,15|13|13|5|1|1,6,1015,834420,silent,833405
12,15|13|13|4|2|1,6,1924,1815207,silent,1813283
12,15|13|13|3|3|1,6,1000,1056045,silent,1055045
12,15|13|13|3|2|2,6,902,989832,silent,988930
12,15|13|12|6|1|1,6,2813,2725245,silent,2722432
12,15|13|12|5|2|1,6,6860,7863195,silent,7856335
12,15|13|12|4|3|1,6,6385,8326569,silent,8320184
12,15|13|12|4|2|2,6,4596,6288439,silent,6283843
12,15|13|12|3|3|2,6,2851,4586692,silent,4583841
12,15|13|11|7|1|1,6,4337,4762623,silent,4758286
12,15|13|11|6|2|1,6,13178,17540075,silent,17526897
12,15|13|11|5|3|1,6,16975,26686172,silent,26669197
12,15|13|11|5|2|2,6,11240,18718406,silent,18707166
12,15|13|11|4|4|1,6,8372,13727776,silent,13719404
12,15|13|11|4|3|2,6,13201,25633027,silent,25619826
12,15|13|11|3|3|3,6,2439,6131213,silent,6128774
12,15|13|10|8|1|1,6,4185,4928698,silent,4924513
12,15|13|10|7|2|1,6,16052,23749507,silent,23733455
12,15|13|10|6|3|1,6,27338,48671977,silent,48644639
12,15|13|10|6|2|2,6,17389,33066888,silent,33049499
12,15|13|10|5|4|1,6,23105,45347694,silent,45324589
12,15|13|10|5|3|2,6,29025,66598432,silent,66569407
12,15|13|10|4|4|2,6,15680,37375116,silent,37359436
12,15|13|10|4|3|3,6,10567,30158361,silent,30147794
12,15|13|9|9|1|1,6,1700,2135740,silent,2134040
12,15|13|9|8|2|1,6,11296,17781330,silent,17770034
12,15|13|9|7|3|1,6,26789,52291783,silent,52264994
12,15|13|9|7|2|2,6,16744,34965466,silent,34948722
12,15|13|9|6|4|1,6,33311,73090138,silent,73056827
12,15|13|9|6|3|2,6,38620,98973443,silent,98934823
12,15|13|9|5|5|1,6,15132,36377514,silent,36362382
12,15|13|9|5|4|2,6,36735,103635388,silent,103598653
12,15|13|9|5|3|3,6,20453,67352385,silent,67331932
12,15|13|9|4|4|3,6,14487,47889331,silent,47874844
12,15|13|8|8|3|1,6,11535,23075594,silent,23064059
12,15|13|8|8|2|2,6,7112,15342438,silent,15335326
12,15|13|8|7|4|1,6,25338,59510189,silent,59484851
12,15|13|8|7|3|2,6,28460,77986462,silent,77958002
12,15|13|8|6|5|1,6,22904,59244044,silent,59221140
12,15|13|8|6|4|2,6,43105,132746659,silent,132703554
12,15|13|8|6|3|3,6,22601,80556742,silent,80534141
12,15|13|8|5|5|2,6,20962,71131224,silent,71110262
12,15|13|8|5|4|3,6,29421,113029693,silent,113000272
12,15|13|8|4|4|4,6,6547,25591491,silent,25584944
12,15|13|7|7|5|1,6,10867,30076022,silent,30065155
12,15|13|7|7|4|2,6,19186,62927427,silent,62908241
12,15|13|7|7|3|3,6,9861,37312850,silent,37302989
12,15|13|7|6|6|1,6,7099,20007632,silent,20000533
12,15|13|7|6|5|2,6,23293,83948953,silent,83925660
12,15|13|7|6|4|3,6,25926,106920185,silent,106894259
12,15|13|7|5|5|3,6,14543,66910465,silent,66895922
12,15|13|7|5|4|4,6,11251,51595171,silent,51583920
12,15|13|6|6|6|2,6,4371,16206087,silent,16201716
12,15|13|6|6|5|3,6,9617,44699061,silent,44689444
12,15|13|6|6|4|4,6,6009,28619808,silent,28613799
12,15|13|6|5|5|4,6,5004,27994099,silent,27989095
12,15|13|5|5|5|5,6,419,3223128,silent,3222709
12,15|12|12|7|1|1,6,1801,2048431,silent,2046630
12,15|12|12|6|2|1,6,5529,7484921,silent,7479392
12,15|12|12|5|3|1,6,7008,11314666,silent,11307658
12,15|12|12|5|2|2,6,4753,7945835,silent,7941082
12,15|12|12|4|4|1,6,3517,5812707,silent,5809190
12,15|12|12|4|3|2,6,5476,10832235,silent,10826759
12,15|12|12|3|3|3,6,964,2578221,silent,2577257
12,15|12|11|8|1|1,6,3065,3791552,silent,3788487
12,15|12|11|7|2|1,6,11376,17545562,silent,17534186
12,15|12|11|6|3|1,6,18965,35217302,silent,35198337
12,15|12|11|6|2|2,6,12101,23894103,silent,23882002
12,15|12|11|5|4|1,6,15886,32480351,silent,32464465
12,15|12|11|5|3|2,6,19892,47570587,silent,47550695
12,15|12|11|4|4|2,6,10745,26566788,silent,26556043
12,15|12|11|4|3|3,6,7180,21387410,silent,21380230
12,15|12|10|9|1|1,6,2383,3137333,silent,3134950
12,15|12|10|8|2|1,6,12236,20289610,silent,20277374
12,15|12|10|7|3|1,6,26445,54496649,silent,54470204
12,15|12|10|7|2|2,6,16577,36378628,silent,36362051
12,15|12|10|6|4|1,6,31662,73214298,silent,73182636
12,15|12|10|6|3|2,6,36548,98688909,silent,98652361
12,15|12|10|5|5|1,6,14093,35849950,silent,35835857
12,15|12|10|5|4|2,6,34112,101355053,silent,101320941
12,15|12|10|5|3|3,6,18829,65600354,silent,65581525
12,15|12|10|4|4|3,6,13298,46242221,silent,46228923
12,15|12|9|9|2|1,6,5205,9162058,silent,9156853
12,15|12|9|8|3|1,6,19838,43334791,silent,43314953
12,15|12|9|8|2|2,6,12263,28691199,silent,28678936
12,15|12|9|7|4|1,6,34142,86758664,silent,86724522
12,15|12|9|7|3|2,6,38101,112836321,silent,112798220
12,15|12|9|6|5|1,6,28462,79571057,silent,79542595
12,15|12|9|6|4|2,6,52964,175874017,silent,175821053
12,15|12|9|6|3|3,6,27632,106089128,silent,106061496
12,15|12|9|5|5|2,6,24931,91258898,silent,91233967
12,15|12|9|5|4|3,6,34640,143272811,silent,143238171
12,15|12|9|4|4|4,6,7558,31779740,silent,31772182
12,15|12|8|8|4|1,6,15361,39883002,silent,39867641
12,15|12|8|8|3|2,6,16894,51148662,silent,51131768
12,15|12|8|7|5|1,6,24318,72680397,silent,72656079
12,15|12|8|7|4|2,6,41785,148549122,silent,148507337
12,15|12|8|7|3|3,6,21282,87144557,silent,87123275
12,15|12|8|6|6|1,6,12665,38915104,silent,38902439
12,15|12|8|6|5|2,6,39792,155988470,silent,155948678
12,15|12|8|6|4|3,6,43281,194480783,silent,194437502
12,15|12|8|5|5|3,6,22660,113152221,silent,113129561
12,15|12|8|5|4|4,6,17120,85777001,silent,85759881
12,15|12|7|7|6|1,6,7447,25000941,silent,24993494
12,15|12|7|7|5|2,6,19208,80882016,silent,80862808
12,15|12|7|7|4|3,6,19723,94587643,silent,94567920
12,15|12|7|6|6|2,6,12974,55304839,silent,55291865
12,15|12|7|6|5|3,6,26470,139264538,silent,139238068
12,15|12|7|6|4|4,6,15935,86202097,silent,86186162
12,15|12|7|5|5|4,6,10883,67764572,silent,67753689
12,15|12|6|6|6|3,6,5334,28424644,silent,28419310
12,15|12|6|6|5|4,6,7627,47380321,silent,47372694
12,15|12|6|5|5|5,6,1814,14669847,silent,14668033
12,15|11|11|9|1|1,6,1126,1512852,silent,1511726
12,15|11|11|8|2|1,6,5239,9055468,silent,9050229
12,15|11|11|7|3|1,6,11076,23540679,silent,23529603
12,15|11|11|7|2|2,6,6797,15673805,silent,15667008
12,15|11|11|6|4|1,6,12945,31108966,silent,31096021
12,15|11|11|6|3|2,6,14943,41845131,silent,41830188
12,15|11|11|5|5|1,6,5827,15141902,silent,15136075
12,15|11|11|5|4|2,6,13814,42617696,silent,42603882
12,15|11|11|5|3|3,6,7791,27566827,silent,27559036
12,15|11|11|4|4|3,6,5319,19331483,silent,19326164
12,15|11|10|10|1|1,6,656,903671,silent,903015
12,15|11|10|9|2|1,6,5311,9673467,silent,9668156
12,15|11|10|8|3|1,6,15770,35942830,silent,35927060
12,15|11|10|8|2|2,6,9695,23751252,silent,23741557
12,15|11|10|7|4|1,6,24999,66294601,silent,66269602
12,15|11|10|7|3|2,6,27823,85882171,silent,85854348
12,15|11|10|6|5|1,6,20159,58812213,silent,58792054
12,15|11|10|6|4|2,6,37176,129081340,silent,129044164
12,15|11|10|6|3|3,6,19411,77617680,silent,77598269
12,15|11|10|5|5|2,6,17348,66022903,silent,66005555
12,15|11|10|5|4|3,6,23887,103007347,silent,102983460
12,15|11|10|4|4|4,6,5097,22617623,silent,22612526
12,15|11|9|9|3|1,6,7333,17685034,silent,17677701
12,15|11|9|9|2|2,6,4445,11625219,silent,11620774
12,15|11|9|8|4|1,6,21024,59138399,silent,59117375
12,15|11|9|8|3|2,6,23012,75311311,silent,75288299
12,15|11|9|7|5|1,6,26521,84687474,silent,84660953
12,15|11|9|7|4|2,6,44847,170870564,silent,170825717
12,15|11|9|7|3|3,6,22989,99727023,silent,99704034
12,15|11|9|6|6|1,6,12758,42319816,silent,42307058
12,15|11|9|6|5|2,6,39546,165828191,silent,165788645
12,15|11|9|6|4|3,6,42577,204438552,silent,204395975
12,15|11|9|5|5|3,6,21906,115397353,silent,115375447
12,15|11|9|5|4|4,6,16095,86644260,silent,86628165
12,15|11|8|8|5|1,6,12891,41868168,silent,41855277
12,15|11|8|8|4|2,6,21112,81994448,silent,81973336
12,15|11|8|8|3|3,6,10607,47259414,silent,47248807
12,15|11|8|7|6|1,6,14530,51719353,silent,51704823
12,15|11|8|7|5|2,6,35809,160130489,silent,160094680
12,15|11|8|7|4|3,6,35810,183455410,silent,183419600
12,15|11|8|6|6|2,6,19136,88309493,silent,88290357
12,15|11|8|6|5|3,6,37749,213294817,silent,213257068
12,15|11|8|6|4|4,6,22175,129833063,silent,129810888
12,15|11|8|5|5|4,6,14332,95059069,silent,95044737
12,15|11|7|7|7|1,6,2421,9774667,silent,9772246
12,15|11|7|7|6|2,6,11609,58408542,silent,58396933
12,15|11|7|7|5|3,6,18983,114375749,silent,114356766
12,15|11|7|7|4|4,6,10428,65757090,silent,65746662
12,15|11|7|6|6|3,6,13328,81815048,silent,81801720
12,15|11|7|6|5|4,6,17953,125456808,silent,125438855
12,15|11|7|5|5|5,6,3587,30606879,silent,30603292
12,15|11|6|6|6|4,6,4060,28488249,silent,28484189
12,15|11|6|6|5|5,6,2773,23390963,silent,23388190
12,15|10|10|10|2|1,6,863,1594505,silent,1593642
12,15|10|10|9|3|1,6,4340,10638245,silent,10633905
12,15|10|10|9|2|2,6,2702,7000026,silent,6997324
12,15|10|10|8|4|1,6,10003,28642220,silent,28632217
12,15|10|10|8|3|2,6,10913,36365065,silent,36354152
12,15|10|10|7|5|1,6,11676,38279072,silent,38267396
12,15|10|10|7|4|2,6,19805,76846518,silent,76826713
12,15|10|10|7|3|3,6,9960,44699017,silent,44689057
12,15|10|10|6|6|1,6,5564,18688510,silent,18682946
12,15|10|10|6|5|2,6,16920,72496173,silent,72479253
12,15|10|10|6|4|3,6,18124,88934169,silent,88916045
12,15|10|10|5|5|3,6,9065,49576031,silent,49566966
12,15|10|10|5|4|4,6,6804,37113672,silent,37106868
12,15|10|9|9|4|1,6,5797,17831979,silent,17826182
12,15|10|9|9|3|2,6,6292,22455506,silent,22449214
12,15|10|9|8|5|1,6,13202,45691030,silent,45677828
12,15|10|9|8|4|2,6,21421,88465618,silent,88444197
12,15|10|9|8|3|3,6,10778,50761214,silent,50750436
12,15|10|9|7|6|1,6,12025,45214853,silent,45202828
12,15|10|9|7|5|2,6,29094,137153473,silent,137124379
12,15|10|9|7|4|3,6,28868,155574252,silent,155545384
12,15|10|9|6|6|2,6,14593,70914191,silent,70899598
12,15|10|9|6|5|3,6,28318,168022273,silent,167993955
12,15|10|9|6|4|4,6,16458,101440571,silent,101424113
12,15|10|9|5|5|4,6,10378,72218864,silent,72208486
12,15|10|8|8|6|1,6,6943,26084739,silent,26077796
12,15|10|8|8|5|2,6,15526,73721766,silent,73706240
12,15|10|8|8|4|3,6,14853,81311897,silent,81297044
12,15|10|8|7|7|1,6,4205,17545974,silent,17541769
12,15|10|8|7|6|2,6,18331,95888795,silent,95870464
12,15|10|8|7|5|3,6,28535,180424233,silent,180395698
12,15|10|8|7|4|4,6,15516,102164882,silent,102149366
12,15|10|8|6|6|3,6,16175,104582502,silent,104566327
12,15|10|8|6|5|4,6,20966,154657524,silent,154636558
12,15|10|8|5|5|5,6,3846,34848503,silent,34844657
12,15|10|7|7|7|2,6,3192,19250515,silent,19247323
12,15|10|7|7|6|3,6,10244,72688466,silent,72678222
12,15|10|7|7|5|4,6,11025,87780981,silent,87769956
12,15|10|7|6|6|4,6,8636,68741369,silent,68732733
12,15|10|7|6|5|5,6,5704,52608637,silent,52602933
12,15|10|6|6|6|5,6,1792,15691290,silent,15689498
12,15|9|9|9|5|1,6,2123,8036581,silent,8034458
12,15|9|9|9|4|2,6,3338,15248426,silent,15245088
12,15|9|9|9|3|3,6,1755,8697738,silent,8695983
12,15|9|9|8|6|1,6,4060,16454838,silent,16450778
12,15|9|9|8|5|2,6,9038,45734534,silent,45725496
12,15|9|9|8|4|3,6,8633,50046112,silent,50037479
12,15|9|9|7|7|1,6,2133,9192072,silent,9189939
12,15|9|9|7|6|2,6,8819,48564066,silent,48555247
12,15|9|9|7|5|3,6,13740,89990417,silent,89976677
12,15|9|9|7|4|4,6,7250,50580285,silent,50573035
12,15|9|9|6|6|3,6,7206,49257238,silent,49250032
12,15|9|9|6|5|4,6,9324,71825714,silent,71816390
12,15|9|9|5|5|5,6,1775,15757128,silent,15755353
12,15|9|8|8|7|1,6,1963,8280947,silent,8278984
12,15|9|8|8|6|2,6,6495,35255227,silent,35248732
12,15|9|8|8|5|3,6,9217,60960282,silent,60951065
12,15|9|8|8|4|4,6,4850,33498937,silent,33494087
12,15|9|8|7|7|2,6,4132,24923459,silent,24919327
12,15|9|8|7|6|3,6,11942,86705873,silent,86693931
12,15|9|8|7|5|4,6,12423,101304238,silent,101291815
12,15|9|8|6|6|4,6,7786,64762560,silent,64754774
12,15|9|8|6|5|5,6,5035,48187319,silent,48182284
12,15|9|7|7|7|3,6,2368,19558405,silent,19556037
12,15|9|7|7|6|4,6,5347,49618038,silent,49612691
12,15|9|7|7|5|5,6,3021,30667811,silent,30664790
12,15|9|7|6|6|5,6,3036,30623698,silent,30620662
12,15|9|6|6|6|6,6,410,3720953,silent,3720543
12,15|8|8|8|8|1,6,208,803783,silent,803575
12,15|8|8|8|7|2,6,1146,6567963,silent,6566817
12,15|8|8|8|6|3,6,2535,18043334,silent,18040799
12,15|8|8|8|5|4,6,2411,19585063,silent,19582652
12,15|8|8|7|7|3,6,1704,14062005,silent,14060301
12,15|8|8|7|6|4,6,3678,33354977,silent,33351299
12,15|8|8|7|5|5,6,1931,20098283,silent,20096352
12,15|8|8|6|6|5,6,1678,16680834,silent,16679156
12,15|8|7|7|7|4,6,915,10062723,silent,10061808
12,15|8|7|7|6|5,6,1419,16569211,silent,16567792
12,15|8|7|6|6|6,6,490,5389454,silent,5388964
12,15|7|7|7|7|5,6,151,2035190,silent,2035039
12,15|7|7|7|6|6,6,114,1733785,silent,1733671
12,14|14|14|4|1|1,6,106,85106,silent,85000
12,14|14|14|3|2|1,6,175,129368,silent,129193
12,14|14|14|2|2|2,6,79,38411,silent,38332
12,14|14|13|5|1|1,6,535,453574,silent,453039
12,14|14|13|4|2|1,6,1054,990515,silent,989461
12,14|14|13|3|3|1,6,522,573772,silent,573250
12,14|14|13|3|2|2,6,504,541469,silent,540965
12,14|14|12|6|1|1,6,1151,1189772,silent,1188621
12,14|14|12|5|2|1,6,2972,3437860,silent,3434888
12,14|14|12|4|3|1,6,2716,3633496,silent,3630780
12,14|14|12|4|2|2,6,2117,2753474,silent,2751357
12,14|14|12|3|3|2,6,1162,1997216,silent,1996054
12,14|14|11|7|1|1,6,1754,1937418,silent,1935664
12,14|14|11|6|2|1,6,5300,7121443,silent,7116143
12,14|14|11|5|3|1,6,6788,10810043,silent,10803255
12,14|14|11|5|2|2,6,4517,7587742,silent,7583225
12,14|14|11|4|4|1,6,3378,5560193,silent,5556815
12,14|14|11|4|3|2,6,5287,10371944,silent,10366657
12,14|14|11|3|3|3,6,958,2474601,silent,2473643
12,14|14|10|8|1|1,6,1544,1941551,silent,1940007
12,14|14|10|7|2|1,6,6239,9334117,silent,9327878
12,14|14|10|6|3|1,6,10501,19067231,silent,19056730
12,14|14|10|6|2|2,6,6962,12969270,silent,12962308
12,14|14|10|5|4|1,6,8938,17742572,silent,17733634
12,14|14|10|5|3|2,6,11141,26036598,silent,26025457
12,14|14|10|4|4|2,6,6283,14616490,silent,14610207
12,14|14|10|4|3|3,6,3953,11765784,silent,11761831
12,14|14|9|9|1|1,6,704,834314,silent,833610
12,14|14|9|8|2|1,6,4329,6887172,silent,6882843
12,14|14|9|7|3|1,6,10234,20160500,silent,20150266
12,14|14|9|7|2|2,6,6307,13478184,silent,13471877
12,14|14|9|6|4|1,6,12679,28109143,silent,28096464
12,14|14|9|6|3|2,6,14687,38038779,silent,38024092
12,14|14|9|5|5|1,6,5728,13969218,silent,13963490
12,14|14|9|5|4|2,6,13911,39768894,silent,39754983
12,14|14|9|5|3|3,6,7771,25825888,silent,25818117
12,14|14|9|4|4|3,6,5504,18355395,silent,18349891
12,14|14|8|8|3|1,6,4275,8832689,silent,8828414
12,14|14|8|8|2|2,6,2893,5884375,silent,5881482
12,14|14|8|7|4|1,6,9553,22693834,silent,22684281
12,14|14|8|7|3|2,6,10689,29719584,silent,29708895
12,14|14|8|6|5|1,6,8578,22538720,silent,22530142
12,14|14|8|6|4|2,6,16485,50479428,silent,50462943
12,14|14|8|6|3|3,6,8291,30590326,silent,30582035
12,14|14|8|5|5|2,6,7695,26994092,silent,26986397
12,14|14|8|5|4|3,6,11039,42878550,silent,42867511
12,14|14|8|4|4|4,6,2631,9711803,silent,9709172
12,14|14|7|7|5|1,6,4102,11396529,silent,11392427
12,14|14|7|7|4|2,6,7008,23813314,silent,23806306
12,14|14|7|7|3|3,6,3828,14123278,silent,14119450
12,14|14|7|6|6|1,6,2652,7569143,silent,7566491
12,14|14|7|6|5|2,6,8706,31708899,silent,31700193
12,14|14|7|6|4|3,6,9682,40353987,silent,40344305
12,14|14|7|5|5|3,6,5450,25220484,silent,25215034
12,14|14|7|5|4|4,6,4121,19437356,silent,19433235
12,14|14|6|6|6|2,6,1756,6109787,silent,6108031
12,14|14|6|6|5|3,6,3512,16801423,silent,16797911
12,14|14|6|6|4|4,6,2419,10768275,silent,10765856
12,14|14|6|5|5|4,6,1789,10500642,silent,10498853
12,14|14|5|5|5|5,6,183,1208428,silent,1208245
12,14|13|13|6|1|1,6,694,675376,silent,674682
12,14|13|13|5|2|1,6,1608,1930558,silent,1928950
12,14|13|13|4|3|1,6,1511,2038682,silent,2037171
12,14|13|13|4|2|2,6,1020,1533205,silent,1532185
12,14|13|13|3|3|2,6,698,1120684,silent,1119986
12,14|13|12|7|1|1,6,1651,1914775,silent,1913124
12,14|13|12|6|2|1,6,4969,6944197,silent,6939228
12,14|13|12|5|3|1,6,6333,10466513,silent,10460180
12,14|13|12|5|2|2,6,4209,7335625,silent,7331416
12,14|13|12|4|4|1,6,3120,5363993,silent,5360873
12,14|13|12|4|3|2,6,4912,9988138,silent,9983226
12,14|13|12|3|3|3,6,894,2378062,silent,2377168
12,14|13|11|8|1|1,6,2223,2795158,silent,2792935
12,14|13|11|7|2|1,6,8082,12810182,silent,12802100
12,14|13|11|6|3|1,6,13453,25576732,silent,25563279
12,14|13|11|6|2|2,6,8477,17333293,silent,17324816
12,14|13|11|5|4|1,6,11214,23518393,silent,23507179
12,14|13|11|5|3|2,6,14076,34407503,silent,34393427
12,14|13|11|4|4|2,6,7491,19178683,silent,19171192
12,14|13|11|4|3|3,6,5116,15436337,silent,15431221
12,14|13|10|9|1|1,6,1595,2147363,silent,2145768
12,14|13|10|8|2|1,6,8032,13684406,silent,13676374
12,14|13|10|7|3|1,6,17271,36446662,silent,36429391
12,14|13|10|7|2|2,6,10771,24306838,silent,24296067
12,14|13|10|6|4|1,6,20536,48720685,silent,48700149
12,14|13|10|6|3|2,6,23716,65600373,silent,65576657
12,14|13|10|5|5|1,6,9165,23806834,silent,23797669
12,14|13|10|5|4|2,6,22063,67177602,silent,67155539
12,14|13|10|5|3|3,6,12255,43453419,silent,43441164
12,14|13|10|4|4|3,6,8569,30576003,silent,30567434
12,14|13|9|9|2|1,6,3334,6007322,silent,6003988
12,14|13|9|8|3|1,6,12537,28025537,silent,28013000
12,14|13|9|8|2|2,6,7695,18538882,silent,18531187
12,14|13|9|7|4|1,6,21390,55657105,silent,55635715
12,14|13|9|7|3|2,6,23894,72307579,silent,72283685
12,14|13|9|6|5|1,6,17775,50831487,silent,50813712
12,14|13|9|6|4|2,6,32940,112148786,silent,112115846
12,14|13|9|6|3|3,6,17290,67605373,silent,67588083
12,14|13|9|5|5|2,6,15580,58072156,silent,58056576
12,14|13|9|5|4|3,6,21548,91034629,silent,91013081
12,14|13|9|4|4|4,6,4627,20147833,silent,20143206
12,14|13|8|8|4|1,6,9467,25213406,silent,25203939
12,14|13|8|8|3|2,6,10408,32299640,silent,32289232
12,14|13|8|7|5|1,6,14922,45612466,silent,45597544
12,14|13|8|7|4|2,6,25584,93061033,silent,93035449
12,14|13|8|7|3|3,6,13075,54555151,silent,54542076
12,14|13|8|6|6|1,6,7718,24338793,silent,24331075
12,14|13|8|6|5|2,6,24270,97312656,silent,97288386
12,14|13|8|6|4|3,6,26372,121155593,silent,121129221
12,14|13|8|5|5|3,6,13836,70341200,silent,70327364
12,14|13|8|5|4|4,6,10376,53260443,silent,53250067
12,14|13|7|7|6|1,6,4524,15507467,silent,15502943
12,14|13|7|7|5|2,6,11669,50040624,silent,50028955
12,14|13|7|7|4|3,6,11944,58436028,silent,58424084
12,14|13|7|6|6|2,6,7791,34098530,silent,34090739
12,14|13|7|6|5|3,6,15968,85678875,silent,85662907
12,14|13|7|6|4|4,6,9549,52973505,silent,52963956
12,14|13|7|5|5|4,6,6572,41558586,silent,41552014
12,14|13|6|6|6|3,6,3172,17373610,silent,17370438
12,14|13|6|6|5|4,6,4552,28906235,silent,28901683
12,14|13|6|5|5|5,6,1095,8926734,silent,8925639
12,14|12|12|8|1|1,6,962,1322508,silent,1321546
12,14|12|12|7|2|1,6,3716,5976746,silent,5973030
12,14|12|12|6|3|1,6,6031,11807412,silent,11801381
12,14|12|12|6|2|2,6,4054,8017931,silent,8013877
12,14|12|12|5|4|1,6,5064,10808539,silent,10803475
12,14|12|12|5|3|2,6,6281,15786888,silent,15780607
12,14|12|12|4|4|2,6,3561,8794064,silent,8790503
12,14|12|12|4|3|3,6,2180,7046152,silent,7043972
12,14|12|11|9|1|1,6,1432,1977293,silent,1975861
12,14|12|11|8|2|1,6,6506,11552819,silent,11546313
12,14|12|11|7|3|1,6,13482,29573409,silent,29559927
12,14|12|11|7|2|2,6,8343,19692354,silent,19684011
12,14|12|11|6|4|1,6,15700,38768370,silent,38752670
12,14|12|11|6|3|2,6,18094,52057766,silent,52039672
12,14|12|11|5|5|1,6,6968,18787972,silent,18781004
12,14|12|11|5|4|2,6,16643,52768768,silent,52752125
12,14|12|11|5|3|3,6,9275,34061299,silent,34052024
12,14|12|11|4|4|3,6,6419,23847384,silent,23840965
12,14|12|10|10|1|1,6,618,955645,silent,955027
12,14|12|10|9|2|1,6,5205,9791465,silent,9786260
12,14|12|10|8|3|1,6,14975,35462352,silent,35447377
12,14|12|10|8|2|2,6,9484,23432480,silent,23422996
12,14|12|10|7|4|1,6,23564,64495252,silent,64471688
12,14|12|10|7|3|2,6,26153,83406971,silent,83380818
12,14|12|10|6|5|1,6,18818,56793047,silent,56774229
12,14|12|10|6|4|2,6,35034,124345273,silent,124310239
12,14|12|10|6|3|3,6,17904,74633927,silent,74616023
12,14|12|10|5|5|2,6,15952,63331270,silent,63315318
12,14|12|10|5|4|3,6,22179,98603340,silent,98581161
12,14|12|10|4|4|4,6,4895,21598789,silent,21593894
12,14|12|9|9|3|1,6,6599,16289668,silent,16283069
12,14|12|9|9|2|2,6,3868,10696305,silent,10692437
12,14|12|9|8|4|1,6,18326,53150343,silent,53132017
12,14|12|9|8|3|2,6,20044,67571251,silent,67551207
12,14|12|9|7|5|1,6,22807,75109427,silent,75086620
12,14|12|9|7|4|2,6,38413,151145979,silent,151107566
12,14|12|9|7|3|3,6,19771,88090371,silent,88070600
12,14|12|9|6|6|1,6,10934,37322377,silent,37311443
12,14|12|9|6|5|2,6,33724,145615287,silent,145581563
12,14|12|9|6|4|3,6,36233,179109686,silent,179073453
12,14|12|9|5|5|3,6,18553,100706392,silent,100687839
12,14|12|9|5|4|4,6,13589,75501270,silent,75487681
12,14|12|8|8|5|1,6,10677,36005474,silent,35994797
12,14|12|8|8|4|2,6,17817,70344974,silent,70327157
12,14|12|8|8|3|3,6,8598,40468159,silent,40459561
12,14|12|8|7|6|1,6,11968,43964852,silent,43952884
12,14|12|8|7|5|2,6,29315,135543570,silent,135514255
12,14|12|8|7|4|3,6,29354,154940923,silent,154911569
12,14|12|8|6|6|2,6,15869,74342335,silent,74326466
12,14|12|8|6|5|3,6,30637,178824948,silent,178794311
12,14|12|8|6|4|4,6,18294,108700060,silent,108681766
12,14|12|8|5|5|4,6,11472,79253939,silent,79242467
12,14|12|7|7|7|1,6,1974,8145494,silent,8143520
12,14|12|7|7|6|2,6,9226,48360781,silent,48351555
12,14|12|7|7|5|3,6,15310,94359152,silent,94343842
12,14|12|7|7|4|4,6,8160,54148589,silent,54140429
12,14|12|7|6|6|3,6,10617,67112028,silent,67101411
12,14|12|7|6|5|4,6,14268,102577949,silent,102563681
12,14|12|7|5|5|5,6,2890,24904733,silent,24901843
12,14|12|6|6|6|4,6,3311,23037052,silent,23033741
12,14|12|6|6|5|5,6,2087,18850314,silent,18848227
12,14|11|11|10|1|1,6,424,600242,silent,599818
12,14|11|11|9|2|1,6,2490,4894381,silent,4891891
12,14|11|11|8|3|1,6,6789,16475419,silent,16468630
12,14|11|11|8|2|2,6,3996,10845860,silent,10841864
12,14|11|11|7|4|1,6,10216,28999891,silent,28989675
12,14|11|11|7|3|2,6,11370,37424349,silent,37412979
12,14|11|11|6|5|1,6,8094,25175533,silent,25167439
12,14|11|11|6|4|2,6,14616,54875218,silent,54860602
12,14|11|11|6|3|3,6,7889,32931705,silent,32923816
12,14|11|11|5|5|2,6,6987,27796657,silent,27789670
12,14|11|11|5|4|3,6,9397,43115391,silent,43105994
12,14|11|11|4|4|4,6,1865,9375858,silent,9373993
12,14|11|10|10|2|1,6,1508,2983997,silent,2982489
12,14|11|10|9|3|1,6,7006,18064683,silent,18057677
12,14|11|10|9|2|2,6,4274,11853592,silent,11849318
12,14|11|10|8|4|1,6,15338,46408184,silent,46392846
12,14|11|10|8|3|2,6,16717,58766911,silent,58750194
12,14|11|10|7|5|1,6,17640,60600308,silent,60582668
12,14|11|10|7|4|2,6,29622,121105865,silent,121076243
12,14|11|10|7|3|3,6,15089,70347329,silent,70332240
12,14|11|10|6|6|1,6,8213,29277685,silent,29269472
12,14|11|10|6|5|2,6,25064,112848123,silent,112823059
12,14|11|10|6|4|3,6,26769,137945453,silent,137918684
12,14|11|10|5|5|3,6,13518,76448676,silent,76435158
12,14|11|10|5|4|4,6,9882,57036033,silent,57026151
12,14|11|9|9|4|1,6,7253,23303593,silent,23296340
12,14|11|9|9|3|2,6,7873,29271415,silent,29263542
12,14|11|9|8|5|1,6,15761,57090809,silent,57075048
12,14|11|9|8|4|2,6,25355,110060451,silent,110035096
12,14|11|9|8|3|3,6,12899,63046881,silent,63033982
12,14|11|9|7|6|1,6,14054,55321093,silent,55307039
12,14|11|9|7|5|2,6,33926,166708500,silent,166674574
12,14|11|9|7|4|3,6,33491,188424411,silent,188390920
12,14|11|9|6|6|2,6,16636,85317997,silent,85301361
12,14|11|9|6|5|3,6,32512,200991361,silent,200958849
12,14|11|9|6|4|4,6,18629,120991537,silent,120972908
12,14|11|9|5|5|4,6,11908,85629339,silent,85617431
12,14|11|8|8|6|1,6,7495,29711402,silent,29703907
12,14|11|8|8|5|2,6,16707,83420610,silent,83403903
12,14|11|8|8|4|3,6,15974,91688850,silent,91672876
12,14|11|8|7|7|1,6,4523,19650134,silent,19645611
12,14|11|8|7|6|2,6,19407,106257000,silent,106237593
12,14|11|8|7|5|3,6,30174,198765726,silent,198735552
12,14|11|8|7|4|4,6,16265,112229293,silent,112213028
12,14|11|8|6|6|3,6,16814,114051688,silent,114034874
12,14|11|8|6|5|4,6,21782,167811379,silent,167789597
12,14|11|8|5|5|5,6,4047,37529753,silent,37525706
12,14|11|7|7|7|2,6,3324,20530552,silent,20527228
12,14|11|7|7|6|3,6,10413,76754490,silent,76744077
12,14|11|7|7|5|4,6,11187,92221373,silent,92210186
12,14|11|7|6|6|4,6,8543,71488006,silent,71479463
12,14|11|7|6|5|5,6,5716,54503836,silent,54498120
12,14|11|6|6|6|5,6,1719,15916049,silent,15914330
12,14|10|10|10|3|1,6,1138,3071962,silent,3070824
12,14|10|10|10|2|2,6,809,2021685,silent,2020876
12,14|10|10|9|4|1,6,4450,14394395,silent,14389945
12,14|10|10|9|3|2,6,4789,18026989,silent,18022200
12,14|10|10|8|5|1,6,7647,28436209,silent,28428562
12,14|10|10|8|4|2,6,12606,54560639,silent,54548033
12,14|10|10|8|3|3,6,6014,31128360,silent,31122346
12,14|10|10|7|6|1,6,6446,25838877,silent,25832431
12,14|10|10|7|5|2,6,15250,77100654,silent,77085404
12,14|10|10|7|4|3,6,15086,86719724,silent,86704638
12,14|10|10|6|6|2,6,7642,38559680,silent,38552038
12,14|10|10|6|5|3,6,14102,89920685,silent,89906583
12,14|10|10|6|4|4,6,8439,53971635,silent,53963196
12,14|10|10|5|5|4,6,4956,37691656,silent,37686700
12,14|10|9|9|5|1,6,4623,18221399,silent,18216776
12,14|10|9|9|4|2,6,7190,34373136,silent,34365946
12,14|10|9|9|3|3,6,3776,19530021,silent,19526245
12,14|10|9|8|6|1,6,8041,34082838,silent,34074797
12,14|10|9|8|5|2,6,17669,93753008,silent,93735339
12,14|10|9|8|4|3,6,16780,102027390,silent,102010610
12,14|10|9|7|7|1,6,4027,18403465,silent,18399438
12,14|10|9|7|6|2,6,16547,95668855,silent,95652308
12,14|10|9|7|5|3,6,25455,175566314,silent,175540859
12,14|10|9|7|4|4,6,13446,98311052,silent,98297606
12,14|10|9|6|6|3,6,13226,94441702,silent,94428476
12,14|10|9|6|5|4,6,16899,136564754,silent,136547855
12,14|10|9|5|5|5,6,3090,29549311,silent,29546221
12,14|10|8|8|7|1,6,2947,13342502,silent,13339555
12,14|10|8|8|6|2,6,9862,55872807,silent,55862945
12,14|10|8|8|5|3,6,13567,95678906,silent,95665339
12,14|10|8|8|4|4,6,7369,52376154,silent,52368785
12,14|10|8|7|7|2,6,5900,38185171,silent,38179271
12,14|10|8|7|6|3,6,17091,130785356,silent,130768265
12,14|10|8|7|5|4,6,17559,151556528,silent,151538969
12,14|10|8|6|6|4,6,11039,95210724,silent,95199685
12,14|10|8|6|5|5,6,6888,70353229,silent,70346341
12,14|10|7|7|7|3,6,3153,27110344,silent,27107191
12,14|10|7|7|6|4,6,6896,67791033,silent,67784137
12,14|10|7|7|5|5,6,3991,41628519,silent,41624528
12,14|10|7|6|6|5,6,3848,40846645,silent,40842797
12,14|10|6|6|6|6,6,539,4755587,silent,4755048
12,14|9|9|9|6|1,6,1349,6359238,silent,6357889
12,14|9|9|9|5|2,6,2917,16842241,silent,16839324
12,14|9|9|9|4|3,6,2728,18017551,silent,18014823
12,14|9|9|8|7|1,6,1838,8840540,silent,8838702
12,14|9|9|8|6|2,6,5699,35782984,silent,35777285
12,14|9|9|8|5|3,6,8253,60390569,silent,60382316
12,14|9|9|8|4|4,6,4070,32785232,silent,32781162
12,14|9|9|7|7|2,6,3142,20321947,silent,20318805
12,14|9|9|7|6|3,6,8421,67366881,silent,67358460
12,14|9|9|7|5|4,6,8641,76964382,silent,76955741
12,14|9|9|6|6|4,6,4803,45638344,silent,45633541
12,14|9|9|6|5|5,6,3298,33380398,silent,33377100
12,14|9|8|8|8|1,6,518,2381704,silent,2381186
12,14|9|8|8|7|2,6,2867,18530985,silent,18528118
12,14|9|8|8|6|3,6,6252,49581004,silent,49574752
12,14|9|8|8|5|4,6,5934,53113706,silent,53107772
12,14|9|8|7|7|3,6,4099,35914347,silent,35910248
12,14|9|8|7|6|4,6,8423,83043755,silent,83035332
12,14|9|8|7|5|5,6,4518,49547091,silent,49542573
12,14|9|8|6|6|5,6,3615,39710315,silent,39706700
12,14|9|7|7|7|4,6,1756,19688612,silent,19686856
12,14|9|7|7|6|5,6,2584,31697394,silent,31694810
12,14|9|7|6|6|6,6,805,9893688,silent,9892883
12,14|8|8|8|8|2,6,358,1848320,silent,1847962
12,14|8|8|8|7|3,6,1122,9659889,silent,9658767
12,14|8|8|8|6|4,6,1948,17759322,silent,17757374
12,14|8|8|8|5|5,6,818,9908341,silent,9907523
12,14|8|8|7|7|4,6,1234,14388998,silent,14387764
12,14|8|8|7|6|5,6,1809,21740659,silent,21738850
12,14|8|8|6|6|6,6,539,5557572,silent,5557033
12,14|8|7|7|7|5,6,523,7222773,silent,7222250
12,14|8|7|7|6|6,6,375,5965083,silent,5964708
12,14|7|7|7|7|6,6,62,959537,silent,959475
12,13|13|13|7|1|1,6,244,287838,silent,287594
12,13|13|13|6|2|1,6,693,1029471,silent,1028778
12,13|13|13|5|3|1,6,911,1546617,silent,1545706
12,13|13|13|5|2|2,6,576,1078465,silent,1077889
12,13|13|13|4|4|1,6,430,788717,silent,788287
12,13|13|13|4|3|2,6,687,1468039,silent,1467352
12,13|13|13|3|3|3,6,145,351049,silent,350904
12,13|13|12|8|1|1,6,589,748561,silent,747972
12,13|13|12|7|2|1,6,2011,3339779,silent,3337768
12,13|13|12|6|3|1,6,3328,6575819,silent,6572491
12,13|13|12|6|2|2,6,2025,4445819,silent,4443794
12,13|13|12|5|4|1,6,2735,6001286,silent,5998551
12,13|13|12|5|3|2,6,3455,8760622,silent,8757167
12,13|13|12|4|4|2,6,1759,4860384,silent,4858625
12,13|13|12|4|3|3,6,1278,3910644,silent,3909366
12,13|13|11|9|1|1,6,619,902001,silent,901382
12,13|13|11|8|2|1,6,2855,5206315,silent,5203460
12,13|13|11|7|3|1,6,5903,13242290,silent,13236387
12,13|13|11|7|2|2,6,3657,8806329,silent,8802672
12,13|13|11|6|4|1,6,6828,17287638,silent,17280810
12,13|13|11|6|3|2,6,7884,23194721,silent,23186837
12,13|13|11|5|5|1,6,3060,8367964,silent,8364904
12,13|13|11|5|4|2,6,7246,23457344,silent,23450098
12,13|13|11|5|3|3,6,4071,15142758,silent,15138687
12,13|13|11|4|4|3,6,2770,10579950,silent,10577180
12,13|13|10|10|1|1,6,310,414133,silent,413823
12,13|13|10|9|2|1,6,2144,4136537,silent,4134393
12,13|13|10|8|3|1,6,6208,14824476,silent,14818268
12,13|13|10|8|2|2,6,3678,9771834,silent,9768156
12,13|13|10|7|4|1,6,9583,26780281,silent,26770698
12,13|13|10|7|3|2,6,10681,34605805,silent,34595124
12,13|13|10|6|5|1,6,7663,23507609,silent,23499946
12,13|13|10|6|4|2,6,13915,51369556,silent,51355641
12,13|13|10|6|3|3,6,7473,30849050,silent,30841577
12,13|13|10|5|5|2,6,6646,26144219,silent,26137573
12,13|13|10|5|4|3,6,8972,40640293,silent,40631321
12,13|13|10|4|4|4,6,1812,8872754,silent,8870942
12,13|13|9|9|3|1,6,2599,6644260,silent,6641661
12,13|13|9|9|2|2,6,1656,4365635,silent,4363979
12,13|13|9|8|4|1,6,7238,21453302,silent,21446064
12,13|13|9|8|3|2,6,7927,27251444,silent,27243517
12,13|13|9|7|5|1,6,8980,30143942,silent,30134962
12,13|13|9|7|4|2,6,15205,60577404,silent,60562199
12,13|13|9|7|3|3,6,7730,35287437,silent,35279707
12,13|13|9|6|6|1,6,4273,14935732,silent,14931459
12,13|13|9|6|5|2,6,13220,58166025,silent,58152805
12,13|13|9|6|4|3,6,14191,71468199,silent,71454008
12,13|13|9|5|5|3,6,7286,40123650,silent,40116364
12,13|13|9|5|4|4,6,5328,30047291,silent,30041963
12,13|13|8|8|5|1,6,4200,14278201,silent,14274001
12,13|13|8|8|4|2,6,6666,27836027,silent,27829361
12,13|13|8|8|3|3,6,3534,16029238,silent,16025704
12,13|13|8|7|6|1,6,4630,17341972,silent,17337342
12,13|13|8|7|5|2,6,11426,53365503,silent,53354077
12,13|13|8|7|4|3,6,11346,60931266,silent,60919920
12,13|13|8|6|6|2,6,5887,29170880,silent,29164993
12,13|13|8|6|5|3,6,11899,70102302,silent,70090403
12,13|13|8|6|4|4,6,6770,42544993,silent,42538223
12,13|13|8|5|5|4,6,4552,30999554,silent,30995002
12,13|13|7|7|7|1,6,751,3186940,silent,3186189
12,13|13|7|7|6|2,6,3651,18868240,silent,18864589
12,13|13|7|7|5|3,6,5797,36733623,silent,36727826
12,13|13|7|7|4|4,6,3300,21074464,silent,21071164
12,13|13|7|6|6|3,6,4058,26057472,silent,26053414
12,13|13|7|6|5|4,6,5435,39771965,silent,39766530
12,13|13|7|5|5|5,6,1075,9636077,silent,9635002
12,13|13|6|6|6|4,6,1134,8874494,silent,8873360
12,13|13|6|6|5|5,6,874,7271395,silent,7270521
12,13|12|12|9|1|1,6,375,553587,silent,553212
12,13|12|12|8|2|1,6,1691,3098847,silent,3097156
12,13|12|12|7|3|1,6,3389,7736981,silent,7733592
12,13|12|12|7|2|2,6,2143,5152823,silent,5150680
12,13|12|12|6|4|1,6,3928,10015011,silent,10011083
12,13|12|12|6|3|2,6,4514,13417193,silent,13412679
12,13|12|12|5|5|1,6,1706,4822399,silent,4820693
12,13|12|12|5|4|2,6,4133,13503835,silent,13499702
12,13|12|12|5|3|3,6,2251,8692368,silent,8690117
12,13|12|12|4|4|3,6,1591,6069786,silent,6068195
12,13|12|11|10|1|1,6,406,623050,silent,622644
12,13|12|11|9|2|1,6,2443,4889267,silent,4886824
12,13|12|11|8|3|1,6,6433,16084458,silent,16078025
12,13|12|11|8|2|2,6,3946,10596562,silent,10592616
12,13|12|11|7|4|1,6,9631,27967144,silent,27957513
12,13|12|11|7|3|2,6,10690,36040212,silent,36029522
12,13|12|11|6|5|1,6,7564,24120153,silent,24112589
12,13|12|11|6|4|2,6,13846,52479234,silent,52465388
12,13|12|11|6|3|3,6,7227,31430522,silent,31423295
12,13|12|11|5|5|2,6,6387,26475564,silent,26469177
12,13|12|11|5|4|3,6,8733,41000050,silent,40991317
12,13|12|11|4|4|4,6,1827,8903376,silent,8901549
12,13|12|10|10|2|1,6,1198,2433047,silent,2431849
12,13|12|10|9|3|1,6,5336,14128669,silent,14123333
12,13|12|10|9|2|2,6,3272,9267040,silent,9263768
12,13|12|10|8|4|1,6,11446,35513034,silent,35501588
12,13|12|10|8|3|2,6,12467,44906803,silent,44894336
12,13|12|10|7|5|1,6,12996,45833039,silent,45820043
12,13|12|10|7|4|2,6,21823,91392784,silent,91370961
12,13|12|10|7|3|3,6,11074,53020930,silent,53009856
12,13|12|10|6|6|1,6,6042,22033438,silent,22027396
12,13|12|10|6|5|2,6,18346,84613071,silent,84594725
12,13|12|10|6|4|3,6,19554,103228352,silent,103208798
12,13|12|10|5|5|3,6,9817,57014242,silent,57004425
12,13|12|10|5|4|4,6,7197,42482324,silent,42475127
12,13|12|9|9|4|1,6,5085,16715856,silent,16710771
12,13|12|9|9|3|2,6,5503,20967019,silent,20961516
12,13|12|9|8|5|1,6,10785,40098371,silent,40087586
12,13|12|9|8|4|2,6,17402,77134711,silent,77117309
12,13|12|9|8|3|3,6,8764,44127057,silent,44118293
12,13|12|9|7|6|1,6,9533,38457457,silent,38447924
12,13|12|9|7|5|2,6,22900,115470970,silent,115448070
12,13|12|9|7|4|3,6,22602,130260504,silent,130237902
12,13|12|9|6|6|2,6,11270,58805079,silent,58793809
12,13|12|9|6|5|3,6,21781,138057019,silent,138035238
12,13|12|9|6|4|4,6,12553,82998663,silent,82986110
12,13|12|9|5|5|4,6,7904,58533691,silent,58525787
12,13|12|8|8|6|1,6,4935,20079033,silent,20074098
12,13|12|8|8|5|2,6,10976,56172530,silent,56161554
12,13|12|8|8|4|3,6,10469,61619282,silent,61608813
12,13|12|8|7|7|1,6,2948,13167705,silent,13164757
12,13|12|8|7|6|2,6,12621,70814742,silent,70802121
12,13|12|8|7|5|3,6,19554,132032914,silent,132013360
12,13|12|8|7|4|4,6,10529,74444771,silent,74434242
12,13|12|8|6|6|3,6,10856,75380212,silent,75369356
12,13|12|8|6|5|4,6,14024,110600621,silent,110586597
12,13|12|8|5|5|5,6,2586,24629545,silent,24626959
12,13|12|7|7|7|2,6,2108,13439782,silent,13437674
12,13|12|7|7|6|3,6,6629,49992002,silent,49985373
12,13|12|7|7|5|4,6,7087,59898564,silent,59891477
12,13|12|7|6|6|4,6,5420,46202553,silent,46197133
12,13|12|7|6|5|5,6,3596,35143637,silent,35140041
12,13|12|6|6|6|5,6,1071,10159117,silent,10158046
12,13|11|11|11|1|1,6,69,117585,silent,117516
12,13|11|11|10|2|1,6,759,1641489,silent,1640730
12,13|11|11|9|3|1,6,2783,7655655,silent,7652872
12,13|11|11|9|2|2,6,1671,5005562,silent,5003891
12,13|11|11|8|4|1,6,5521,17881736,silent,17876215
12,13|11|11|8|3|2,6,6006,22562159,silent,22556153
12,13|11|11|7|5|1,6,6152,22390602,silent,22384450
12,13|11|11|7|4|2,6,10207,44460264,silent,44450057
12,13|11|11|7|3|3,6,5266,25775226,silent,25769960
12,13|11|11|6|6|1,6,2768,10627820,silent,10625052
12,13|11|11|6|5|2,6,8478,40579238,silent,40570760
12,13|11|11|6|4|3,6,9015,49350110,silent,49341095
12,13|11|11|5|5|3,6,4596,27092493,silent,27087897
12,13|11|11|5|4|4,6,3253,20112885,silent,20109632
12,13|11|10|10|3|1,6,1731,4787638,silent,4785907
12,13|11|10|10|2|2,6,1026,3129450,silent,3128424
12,13|11|10|9|4|1,6,6008,20433513,silent,20427505
12,13|11|10|9|3|2,6,6484,25530658,silent,25524174
12,13|11|10|8|5|1,6,9995,38700124,silent,38690129
12,13|11|10|8|4|2,6,15944,73921099,silent,73905155
12,13|11|10|8|3|3,6,8082,42157547,silent,42149465
12,13|11|10|7|6|1,6,8207,34474445,silent,34466238
12,13|11|10|7|5|2,6,19521,102262610,silent,102243089
12,13|11|10|7|4|3,6,19115,114641640,silent,114622525
12,13|11|10|6|6|2,6,9238,50626239,silent,50617001
12,13|11|10|6|5|3,6,17831,117527033,silent,117509202
12,13|11|10|6|4|4,6,10137,70300604,silent,70290467
12,13|11|10|5|5|4,6,6387,48875063,silent,48868676
12,13|11|9|9|5|1,6,4889,20080866,silent,20075977
12,13|11|9|9|4|2,6,7739,37747548,silent,37739809
12,13|11|9|9|3|3,6,3887,21399981,silent,21396094
12,13|11|9|8|6|1,6,8144,36081781,silent,36073637
12,13|11|9|8|5|2,6,17851,98660081,silent,98642230
12,13|11|9|8|4|3,6,16914,107024298,silent,107007384
12,13|11|9|7|7|1,6,4049,19175099,silent,19171050
12,13|11|9|7|6|2,6,16479,98721668,silent,98705189
12,13|11|9|7|5|3,6,25157,180189200,silent,180164043
12,13|11|9|7|4|4,6,13321,100642211,silent,100628890
12,13|11|9|6|6|3,6,12898,96016767,silent,96003869
12,13|11|9|6|5|4,6,16465,138199462,silent,138182997
12,13|11|9|5|5|5,6,3022,29696016,silent,29692994
12,13|11|8|8|7|1,6,2759,12974585,silent,12971826
12,13|11|8|8|6|2,6,8855,53791377,silent,53782522
12,13|11|8|8|5|3,6,12607,91667766,silent,91655159
12,13|11|8|8|4|4,6,6456,50017267,silent,50010811
12,13|11|8|7|7|2,6,5514,36202876,silent,36197362
12,13|11|8|7|6|3,6,15449,122847940,silent,122832491
12,13|11|8|7|5|4,6,15900,141697975,silent,141682075
12,13|11|8|6|6|4,6,9563,88152581,silent,88143018
12,13|11|8|6|5|5,6,6277,64943677,silent,64937400
12,13|11|7|7|7|3,6,2743,24551618,silent,24548875
12,13|11|7|7|6|4,6,6114,60898744,silent,60892630
12,13|11|7|7|5|5,6,3354,37243733,silent,37240379
12,13|11|7|6|6|5,6,3296,36209687,silent,36206391
12,13|11|6|6|6|6,6,375,4115751,silent,4115376
12,13|10|10|10|4|1,6,1078,3674555,silent,3673477
12,13|10|10|10|3|2,6,1151,4564702,silent,4563551
12,13|10|10|9|5|1,6,3123,12963932,silent,12960809
12,13|10|10|9|4|2,6,4942,24252774,silent,24247832
12,13|10|10|9|3|3,6,2436,13696242,silent,13693806
12,13|10|10|8|6|1,6,4220,18876794,silent,18872574
12,13|10|10|8|5|2,6,9112,51111060,silent,51101948
12,13|10|10|8|4|3,6,8572,55165730,silent,55157158
12,13|10|10|7|7|1,6,1942,9470934,silent,9468992
12,13|10|10|7|6|2,6,7873,47948582,silent,47940709
12,13|10|10|7|5|3,6,11799,86684489,silent,86672690
12,13|10|10|7|4|4,6,6316,48257877,silent,48251561
12,13|10|10|6|6|3,6,6005,45122632,silent,45116627
12,13|10|10|6|5|4,6,7517,64401215,silent,64393698
12,13|10|10|5|5|5,6,1306,13624424,silent,13623118
12,13|10|9|9|6|1,6,2616,12692996,silent,12690380
12,13|10|9|9|5|2,6,5534,33291348,silent,33285814
12,13|10|9|9|4|3,6,5178,35431558,silent,35426380
12,13|10|9|8|7|1,6,3216,16248841,silent,16245625
12,13|10|9|8|6|2,6,10077,64764448,silent,64754371
12,13|10|9|8|5|3,6,14061,108271030,silent,108256969
12,13|10|9|8|4|4,6,7195,58590380,silent,58583185
12,13|10|9|7|7|2,6,5124,35580944,silent,35575820
12,13|10|9|7|6|3,6,13937,116234810,silent,116220873
12,13|10|9|7|5|4,6,14083,131755609,silent,131741526
12,13|10|9|6|6|4,6,7995,76850687,silent,76842692
12,13|10|9|6|5|5,6,5147,55807673,silent,55802526
12,13|10|8|8|8|1,6,711,3456704,silent,3455993
12,13|10|8|8|7|2,6,3853,26178140,silent,26174287
12,13|10|8|8|6|3,6,8263,68990242,silent,68981979
12,13|10|8|8|5|4,6,7799,73333118,silent,73325319
12,13|10|8|7|7|3,6,5258,48377183,silent,48371925
12,13|10|8|7|6|4,6,10687,110326024,silent,110315337
12,13|10|8|7|5|5,6,5683,65410761,silent,65405078
12,13|10|8|6|6|5,6,4492,51546244,silent,51541752
12,13|10|7|7|7|4,6,2033,24081872,silent,24079839
12,13|10|7|7|6|5,6,3002,38304366,silent,38301364
12,13|10|7|6|6|6,6,942,11716064,silent,11715122
12,13|9|9|9|7|1,6,611,3401497,silent,3400886
12,13|9|9|9|6|2,6,1755,12459482,silent,12457727
12,13|9|9|9|5|3,6,2427,20109417,silent,20106990
12,13|9|9|9|4|4,6,1191,10713481,silent,10712290
12,13|9|9|8|8|1,6,454,2520080,silent,2519626
12,13|9|9|8|7|2,6,2426,17749367,silent,17746941
12,13|9|9|8|6|3,6,5085,45310973,silent,45305888
12,13|9|9|8|5|4,6,4766,47480777,silent,47476011
12,13|9|9|7|7|3,6,2792,26378006,silent,26375214
12,13|9|9|7|6|4,6,5390,58308502,silent,58303112
12,13|9|9|7|5|5,6,2915,34188513,silent,34185598
12,13|9|9|6|6|5,6,2079,25428690,silent,25426611
12,13|9|8|8|8|2,6,693,4889221,silent,4888528
12,13|9|8|8|7|3,6,2631,24450338,silent,24447707
12,13|9|8|8|6|4,6,4106,43824245,silent,43820139
12,13|9|8|8|5|5,6,2046,24255195,silent,24253149
12,13|9|8|7|7|4,6,2802,33068218,silent,33065416
12,13|9|8|7|6|5,6,3789,48857126,silent,48853337
12,13|9|8|6|6|6,6,912,11972596,silent,11971684
12,13|9|7|7|7|5,6,861,12773189,silent,12772328
12,13|9|7|7|6|6,6,686,10371459,silent,10370773
12,13|8|8|8|8|3,6,297,2523607,silent,2523310
12,13|8|8|8|7|4,6,821,9184313,silent,9183492
12,13|8|8|8|6|5,6,874,10872800,silent,10871926
12,13|8|8|7|7|5,6,649,9565284,silent,9564635
12,13|8|8|7|6|6,6,513,7357088,silent,7356575
12,13|8|7|7|7|6,6,172,3147789,silent,3147617
12,13|7|7|7|7|7,6,12,217599,silent,217587
12,12|12|12|10|1|1,6,55,111311,silent,111256
12,12|12|12|9|2|1,6,402,810978,silent,810576
12,12|12|12|8|3|1,6,974,2558173,silent,2557199
12,12|12|12|8|2|2,6,703,1693075,silent,1692372
12,12|12|12|7|4|1,6,1484,4360911,silent,4359427
12,12|12|12|7|3|2,6,1619,5608707,silent,5607088
12,12|12|12|6|5|1,6,1130,3720740,silent,3719610
12,12|12|12|6|4|2,6,2205,8084271,silent,8082066
12,12|12|12|6|3|3,6,1011,4818409,silent,4817398
12,12|12|12|5|5|2,6,888,4046470,silent,4045582
12,12|12|12|5|4|3,6,1300,6257291,silent,6255991
12,12|12|12|4|4|4,6,350,1360465,silent,1360115
12,12|12|11|11|1|1,6,60,77476,silent,77416
12,12|12|11|10|2|1,6,467,1001737,silent,1001270
12,12|12|11|9|3|1,6,1643,4510258,silent,4508615
12,12|12|11|9|2|2,6,963,2951708,silent,2950745
12,12|12|11|8|4|1,6,3185,10353214,silent,10350029
12,12|12|11|8|3|2,6,3458,13050306,silent,13046848
12,12|12|11|7|5|1,6,3485,12837418,silent,12833933
12,12|12|11|7|4|2,6,5779,25460480,silent,25454701
12,12|12|11|7|3|3,6,2962,14734362,silent,14731400
12,12|12|11|6|6|1,6,1589,6073693,silent,6072104
12,12|12|11|6|5|2,6,4795,23115970,silent,23111175
12,12|12|11|6|4|3,6,5088,28069585,silent,28064497
12,12|12|11|5|5|3,6,2538,15358481,silent,15355943
12,12|12|11|5|4|4,6,1831,11403159,silent,11401328
12,12|12|10|10|3|1,6,798,2338371,silent,2337573
12,12|12|10|10|2|2,6,588,1535390,silent,1534802
12,12|12|10|9|4|1,6,2806,9655407,silent,9652601
12,12|12|10|9|3|2,6,3010,12051214,silent,12048204
12,12|12|10|8|5|1,6,4540,17971892,silent,17967352
12,12|12|10|8|4|2,6,7496,34293206,silent,34285710
12,12|12|10|8|3|3,6,3533,19514810,silent,19511277
12,12|12|10|7|6|1,6,3731,15879724,silent,15875993
12,12|12|10|7|5|2,6,8753,46967950,silent,46959197
12,12|12|10|7|4|3,6,8639,52580009,silent,52571370
12,12|12|10|6|6|2,6,4363,23179041,silent,23174678
12,12|12|10|6|5|3,6,7944,53619849,silent,53611905
12,12|12|10|6|4|4,6,4769,32067804,silent,32063035
12,12|12|10|5|5|4,6,2751,22206877,silent,22204126
12,12|12|9|9|5|1,6,2132,8811507,silent,8809375
12,12|12|9|9|4|2,6,3230,16529539,silent,16526309
12,12|12|9|9|3|3,6,1765,9369263,silent,9367498
12,12|12|9|8|6|1,6,3480,15580907,silent,15577427
12,12|12|9|8|5|2,6,7585,42483696,silent,42476111
12,12|12|9|8|4|3,6,7170,46014877,silent,46007707
12,12|12|9|7|7|1,6,1705,8221234,silent,8219529
12,12|12|9|7|6|2,6,6882,42154353,silent,42147471
12,12|12|9|7|5|3,6,10573,76742976,silent,76732403
12,12|12|9|7|4|4,6,5515,42820084,silent,42814569
12,12|12|9|6|6|3,6,5415,40737285,silent,40731870
12,12|12|9|6|5|4,6,6868,58498605,silent,58491737
12,12|12|9|5|5|5,6,1259,12523144,silent,12521885
12,12|12|8|8|7|1,6,1116,5431890,silent,5430774
12,12|12|8|8|6|2,6,3809,22439708,silent,22435899
12,12|12|8|8|5|3,6,5060,38109852,silent,38104792
12,12|12|8|8|4|4,6,2866,20795103,silent,20792237
12,12|12|8|7|7|2,6,2151,14981801,silent,14979650
12,12|12|8|7|6|3,6,6271,50659636,silent,50653365
12,12|12|8|7|5|4,6,6380,58300672,silent,58294292
12,12|12|8|6|6|4,6,4049,36148518,silent,36144469
12,12|12|8|6|5|5,6,2428,26555708,silent,26553280
12,12|12|7|7|7|3,6,1120,9976564,silent,9975444
12,12|12|7|7|6|4,6,2344,24648997,silent,24646653
12,12|12|7|7|5|5,6,1426,15058520,silent,15057094
12,12|12|7|6|6|5,6,1295,14578620,silent,14577325
12,12|12|6|6|6|6,6,203,1647834,silent,1647631
12,12|11|11|11|2|1,6,99,241539,silent,241440
12,12|11|11|10|3|1,6,673,1982215,silent,1981542
12,12|11|11|10|2|2,6,365,1288296,silent,1287931
12,12|11|11|9|4|1,6,1814,6563516,silent,6561702
12,12|11|11|9|3|2,6,1958,8174155,silent,8172197
12,12|11|11|8|5|1,6,2788,11381346,silent,11378558
12,12|11|11|8|4|2,6,4328,21608280,silent,21603952
12,12|11|11|8|3|3,6,2301,12308169,silent,12305868
12,12|11|11|7|6|1,6,2198,9773526,silent,9771328
12,12|11|11|7|5|2,6,5239,28737075,silent,28731836
12,12|11|11|7|4|3,6,5079,32063407,silent,32058328
12,12|11|11|6|6|2,6,2339,13989593,silent,13987254
12,12|11|11|6|5|3,6,4685,32239146,silent,32234461
12,12|11|11|6|4|4,6,2544,19196633,silent,19194089
12,12|11|11|5|5|4,6,1702,13238195,silent,13236493
12,12|11|10|10|4|1,6,1185,4294245,silent,4293060
12,12|11|10|10|3|2,6,1269,5323298,silent,5322029
12,12|11|10|9|5|1,6,3234,13931404,silent,13928170
12,12|11|10|9|4|2,6,5061,25967454,silent,25962393
12,12|11|10|9|3|3,6,2527,14654284,silent,14651757
12,12|11|10|8|6|1,6,4176,19551333,silent,19547157
12,12|11|10|8|5|2,6,9011,52666190,silent,52657179
12,12|11|10|8|4|3,6,8477,56690361,silent,56681884
12,12|11|10|7|7|1,6,1924,9672626,silent,9670702
12,12|11|10|7|6|2,6,7667,48541789,silent,48534122
12,12|11|10|7|5|3,6,11535,87366401,silent,87354866
12,12|11|10|7|4|4,6,6077,48510744,silent,48504667
12,12|11|10|6|6|3,6,5736,45085881,silent,45080145
12,12|11|10|6|5|4,6,7233,64096070,silent,64088837
12,12|11|10|5|5|5,6,1286,13484484,silent,13483198
12,12|11|9|9|6|1,6,2144,10732959,silent,10730815
12,12|11|9|9|5|2,6,4534,28005900,silent,28001366
12,12|11|9|9|4|3,6,4215,29722467,silent,29718252
12,12|11|9|8|7|1,6,2550,13287426,silent,13284876
12,12|11|9|8|6|2,6,7850,52516181,silent,52508331
12,12|11|9|8|5|3,6,11020,87394826,silent,87383806
12,12|11|9|8|4|4,6,5555,47180857,silent,47175302
12,12|11|9|7|7|2,6,4017,28443163,silent,28439146
12,12|11|9|7|6|3,6,10714,92176504,silent,92165790
12,12|11|9|7|5|4,6,10828,104058852,silent,104048024
12,12|11|9|6|6|4,6,5992,60181268,silent,60175276
12,12|11|9|6|5|5,6,3936,43575330,silent,43571394
12,12|11|8|8|8|1,6,509,2623920,silent,2623411
12,12|11|8|8|7|2,6,2771,19610746,silent,19607975
12,12|11|8|8|6|3,6,5924,51281871,silent,51275947
12,12|11|8|8|5|4,6,5565,54286926,silent,54281361
12,12|11|8|7|7|3,6,3754,35445808,silent,35442054
12,12|11|8|7|6|4,6,7532,80242047,silent,80234515
12,12|11|8|7|5|5,6,4019,47427670,silent,47423651
12,12|11|8|6|6|5,6,3112,37057454,silent,37054342
12,12|11|7|7|7|4,6,1408,16942310,silent,16940902
12,12|11|7|7|6|5,6,2051,26773412,silent,26771361
12,12|11|7|6|6|6,6,614,8102512,silent,8101898
12,12|10|10|10|5|1,6,629,2781378,silent,2780749
12,12|10|10|10|4|2,6,1073,5139253,silent,5138180
12,12|10|10|10|3|3,6,430,2872868,silent,2872438
12,12|10|10|9|6|1,6,1522,7579370,silent,7577848
12,12|10|10|9|5|2,6,3133,19584118,silent,19580985
12,12|10|10|9|4|3,6,2913,20680865,silent,20677952
12,12|10|10|8|7|1,6,1435,7657447,silent,7656012
12,12|10|10|8|6|2,6,4555,29764773,silent,29760218
12,12|10|10|8|5|3,6,5987,49032425,silent,49026438
12,12|10|10|8|4|4,6,3259,26402852,silent,26399593
12,12|10|10|7|7|2,6,2004,15208849,silent,15206845
12,12|10|10|7|6|3,6,5553,48496428,silent,48490875
12,12|10|10|7|5|4,6,5479,54294879,silent,54289400
12,12|10|10|6|6|4,6,3193,30691013,silent,30687820
12,12|10|10|6|5|5,6,1852,22035239,silent,22033387
12,12|10|9|9|7|1,6,990,5676209,silent,5675219
12,12|10|9|9|6|2,6,2763,20497227,silent,20494464
12,12|10|9|9|5|3,6,3864,32805048,silent,32801184
12,12|10|9|9|4|4,6,1830,17420652,silent,17418822
12,12|10|9|8|8|1,6,700,3929891,silent,3929191
12,12|10|9|8|7|2,6,3573,26978796,silent,26975223
12,12|10|9|8|6|3,6,7397,67914875,silent,67907478
12,12|10|9|8|5|4,6,6862,70653741,silent,70646879
12,12|10|9|7|7|3,6,3894,38321701,silent,38317807
12,12|10|9|7|6|4,6,7455,83655933,silent,83648478
12,12|10|9|7|5|5,6,4002,48748461,silent,48744459
12,12|10|9|6|6|5,6,2858,35704305,silent,35701447
12,12|10|8|8|8|2,6,872,5903174,silent,5902302
12,12|10|8|8|7|3,6,2928,28776744,silent,28773816
12,12|10|8|8|6|4,6,4725,50933420,silent,50928695
12,12|10|8|8|5|5,6,2153,28007920,silent,28005767
12,12|10|8|7|7|4,6,2959,37243813,silent,37240854
12,12|10|8|7|6|5,6,4064,54413115,silent,54409051
12,12|10|8|6|6|6,6,1040,13088609,silent,13087569
12,12|10|7|7|7|5,6,886,13139099,silent,13138213
12,12|10|7|7|6|6,6,629,10569180,silent,10568551
12,12|9|9|9|8|1,6,166,1099203,silent,1099037
12,12|9|9|9|7|2,6,725,5933729,silent,5933004
12,12|9|9|9|6|3,6,1371,13763589,silent,13762218
12,12|9|9|9|5|4,6,1243,13853558,silent,13852315
12,12|9|9|8|8|2,6,507,4470478,silent,4469971
12,12|9|9|8|7|3,6,1976,20330271,silent,20328295
12,12|9|9|8|6|4,6,2863,34862842,silent,34859979
12,12|9|9|8|5|5,6,1524,18984670,silent,18983146
12,12|9|9|7|7|4,6,1722,21184503,silent,21182781
12,12|9|9|7|6|5,6,2148,30070084,silent,30067936
12,12|9|9|6|6|6,6,422,6762547,silent,6762125
12,12|9|8|8|8|3,6,584,5778881,silent,5778297
12,12|9|8|8|7|4,6,1627,20132388,silent,20130761
12,12|9|8|8|6|5,6,1704,23342045,silent,23340341
12,12|9|8|7|7|5,6,1252,19138082,silent,19136830
12,12|9|8|7|6|6,6,927,14451950,silent,14451023
12,12|9|7|7|7|6,6,272,4886859,silent,4886587
12,12|8|8|8|8|4,6,238,2204060,silent,2203822
12,12|8|8|8|7|5,6,361,5582040,silent,5581679
12,12|8|8|8|6|6,6,292,3454852,silent,3454560
12,12|8|8|7|7|6,6,192,3806908,silent,3806716
12,12|8|7|7|7|7,6,39,648210,silent,648171
