delta,lam,ell,a,m_det,class,margin
12,40|1|1|1|1|1|1|1|1,9,0,-1,a0,
12,39|2|1|1|1|1|1|1|1,9,0,-1,a0,
12,38|3|1|1|1|1|1|1|1,9,0,-1,a0,
12,38|2|2|1|1|1|1|1|1,9,0,-1,a0,
12,37|4|1|1|1|1|1|1|1,9,0,-1,a0,
12,37|3|2|1|1|1|1|1|1,9,0,-1,a0,
12,37|2|2|2|1|1|1|1|1,9,0,-1,a0,
12,36|5|1|1|1|1|1|1|1,9,0,-1,a0,
12,36|4|2|1|1|1|1|1|1,9,0,-1,a0,
12,36|3|3|1|1|1|1|1|1,9,0,-1,a0,
12,36|3|2|2|1|1|1|1|1,9,0,-1,a0,
12,36|2|2|2|2|1|1|1|1,9,0,-1,a0,
12,35|6|1|1|1|1|1|1|1,9,0,-1,a0,
12,35|5|2|1|1|1|1|1|1,9,0,-1,a0,
12,35|4|3|1|1|1|1|1|1,9,0,-1,a0,
12,35|4|2|2|1|1|1|1|1,9,0,-1,a0,
12,35|3|3|2|1|1|1|1|1,9,0,-1,a0,
12,35|3|2|2|2|1|1|1|1,9,0,-1,a0,
12,35|2|2|2|2|2|1|1|1,9,0,-1,a0,
12,34|7|1|1|1|1|1|1|1,9,0,-1,a0,
12,34|6|2|1|1|1|1|1|1,9,0,-1,a0,
12,34|5|3|1|1|1|1|1|1,9,0,-1,a0,
12,34|5|2|2|1|1|1|1|1,9,0,-1,a0,
12,34|4|4|1|1|1|1|1|1,9,0,-1,a0,
12,34|4|3|2|1|1|1|1|1,9,0,-1,a0,
12,34|4|2|2|2|1|1|1|1,9,0,-1,a0,
12,34|3|3|3|1|1|1|1|1,9,0,-1,a0,
12,34|3|3|2|2|1|1|1|1,9,0,-1,a0,
12,34|3|2|2|2|2|1|1|1,9,0,-1,a0,
12,34|2|2|2|2|2|2|1|1,9,0,-1,a0,
12,33|8|1|1|1|1|1|1|1,9,0,-1,a0,
12,33|7|2|1|1|1|1|1|1,9,0,-1,a0,
12,33|6|3|1|1|1|1|1|1,9,0,-1,a0,
12,33|6|2|2|1|1|1|1|1,9,0,-1,a0,
12,33|5|4|1|1|1|1|1|1,9,0,-1,a0,
12,33|5|3|2|1|1|1|1|1,9,0,-1,a0,
12,33|5|2|2|2|1|1|1|1,9,0,-1,a0,
12,33|4|4|2|1|1|1|1|1,9,0,-1,a0,
12,33|4|3|3|1|1|1|1|1,9,0,-1,a0,
12,33|4|3|2|2|1|1|1|1,9,0,-1,a0,
12,33|4|2|2|2|2|1|1|1,9,0,-1,a0,
12,33|3|3|3|2|1|1|1|1,9,0,-1,a0,
12,33|3|3|2|2|2|1|1|1,9,0,-1,a0,
12,33|3|2|2|2|2|2|1|1,9,0,-1,a0,
12,33|2|2|2|2|2|2|2|1,9,0,-1,a0,
12,32|9|1|1|1|1|1|1|1,9,0,-1,a0,
12,32|8|2|1|1|1|1|1|1,9,0,-1,a0,
12,32|7|3|1|1|1|1|1|1,9,0,-1,a0,
12,32|7|2|2|1|1|1|1|1,9,0,-1,a0,
12,32|6|4|1|1|1|1|1|1,9,0,-1,a0,
12,32|6|3|2|1|1|1|1|1,9,0,-1,a0,
12,32|6|2|2|2|1|1|1|1,9,0,-1,a0,
12,32|5|5|1|1|1|1|1|1,9,0,-1,a0,
12,32|5|4|2|1|1|1|1|1,9,0,-1,a0,
12,32|5|3|3|1|1|1|1|1,9,0,-1,a0,
12,32|5|3|2|2|1|1|1|1,9,0,-1,a0,
12,32|5|2|2|2|2|1|1|1,9,0,-1,a0,
12,32|4|4|3|1|1|1|1|1,9,0,-1,a0,
12,32|4|4|2|2|1|1|1|1,9,0,-1,a0,
12,32|4|3|3|2|1|1|1|1,9,0,-1,a0,
12,32|4|3|2|2|2|1|1|1,9,0,-1,a0,
12,32|4|2|2|2|2|2|1|1,9,0,-1,a0,
12,32|3|3|3|3|1|1|1|1,9,0,-1,a0,
12,32|3|3|3|2|2|1|1|1,9,0,-1,a0,
12,32|3|3|2|2|2|2|1|1,9,0,-1,a0,
12,32|3|2|2|2|2|2|2|1,9,0,-1,a0,
12,32|2|2|2|2|2|2|2|2,9,1,21,silent,20
12,31|10|1|1|1|1|1|1|1,9,0,-1,a0,
12,31|9|2|1|1|1|1|1|1,9,0,-1,a0,
12,31|8|3|1|1|1|1|1|1,9,0,-1,a0,
12,31|8|2|2|1|1|1|1|1,9,0,-1,a0,
12,31|7|4|1|1|1|1|1|1,9,0,-1,a0,
12,31|7|3|2|1|1|1|1|1,9,0,-1,a0,
12,31|7|2|2|2|1|1|1|1,9,0,-1,a0,
12,31|6|5|1|1|1|1|1|1,9,0,-1,a0,
12,31|6|4|2|1|1|1|1|1,9,0,-1,a0,
12,31|6|3|3|1|1|1|1|1,9,0,-1,a0,
12,31|6|3|2|2|1|1|1|1,9,0,-1,a0,
12,31|6|2|2|2|2|1|1|1,9,0,-1,a0,
12,31|5|5|2|1|1|1|1|1,9,0,-1,a0,
12,31|5|4|3|1|1|1|1|1,9,0,-1,a0,
12,31|5|4|2|2|1|1|1|1,9,0,-1,a0,
12,31|5|3|3|2|1|1|1|1,9,0,-1,a0,
12,31|5|3|2|2|2|1|1|1,9,0,-1,a0,
12,31|5|2|2|2|2|2|1|1,9,0,-1,a0,
12,31|4|4|4|1|1|1|1|1,9,0,-1,a0,
12,31|4|4|3|2|1|1|1|1,9,0,-1,a0,
12,31|4|4|2|2|2|1|1|1,9,0,-1,a0,
12,31|4|3|3|3|1|1|1|1,9,0,-1,a0,
12,31|4|3|3|2|2|1|1|1,9,0,-1,a0,
12,31|4|3|2|2|2|2|1|1,9,0,-1,a0,
12,31|4|2|2|2|2|2|2|1,9,1,352,silent,351
12,31|3|3|3|3|2|1|1|1,9,0,-1,a0,
12,31|3|3|3|2|2|2|1|1,9,0,-1,a0,
12,31|3|3|2|2|2|2|2|1,9,0,-1,a0,
12,31|3|2|2|2|2|2|2|2,9,1,66,silent,65
12,30|11|1|1|1|1|1|1|1,9,0,-1,a0,
12,30|10|2|1|1|1|1|1|1,9,0,-1,a0,
12,30|9|3|1|1|1|1|1|1,9,0,-1,a0,
12,30|9|2|2|1|1|1|1|1,9,0,-1,a0,
12,30|8|4|1|1|1|1|1|1,9,0,-1,a0,
12,30|8|3|2|1|1|1|1|1,9,0,-1,a0,
12,30|8|2|2|2|1|1|1|1,9,0,-1,a0,
12,30|7|5|1|1|1|1|1|1,9,0,-1,a0,
12,30|7|4|2|1|1|1|1|1,9,0,-1,a0,
12,30|7|3|3|1|1|1|1|1,9,0,-1,a0,
12,30|7|3|2|2|1|1|1|1,9,0,-1,a0,
12,30|7|2|2|2|2|1|1|1,9,0,-1,a0,
12,30|6|6|1|1|1|1|1|1,9,0,-1,a0,
12,30|6|5|2|1|1|1|1|1,9,0,-1,a0,
12,30|6|4|3|1|1|1|1|1,9,0,-1,a0,
12,30|6|4|2|2|1|1|1|1,9,0,-1,a0,
12,30|6|3|3|2|1|1|1|1,9,0,-1,a0,
12,30|6|3|2|2|2|1|1|1,9,0,-1,a0,
12,30|6|2|2|2|2|2|1|1,9,0,-1,a0,
12,30|5|5|3|1|1|1|1|1,9,0,-1,a0,
12,30|5|5|2|2|1|1|1|1,9,0,-1,a0,
12,30|5|4|4|1|1|1|1|1,9,0,-1,a0,
12,30|5|4|3|2|1|1|1|1,9,0,-1,a0,
12,30|5|4|2|2|2|1|1|1,9,0,-1,a0,
12,30|5|3|3|3|1|1|1|1,9,0,-1,a0,
12,30|5|3|3|2|2|1|1|1,9,0,-1,a0,
12,30|5|3|2|2|2|2|1|1,9,1,5395,silent,5394
12,30|5|2|2|2|2|2|2|1,9,2,923,silent,921
12,30|4|4|4|2|1|1|1|1,9,0,-1,a0,
12,30|4|4|3|3|1|1|1|1,9,0,-1,a0,
12,30|4|4|3|2|2|1|1|1,9,0,-1,a0,
12,30|4|4|2|2|2|2|1|1,9,0,-1,a0,
12,30|4|3|3|3|2|1|1|1,9,0,-1,a0,
12,30|4|3|3|2|2|2|1|1,9,0,-1,a0,
12,30|4|3|2|2|2|2|2|1,9,1,1593,silent,1592
12,30|4|2|2|2|2|2|2|2,9,3,255,silent,252
12,30|3|3|3|3|3|1|1|1,9,0,-1,a0,
12,30|3|3|3|3|2|2|1|1,9,0,-1,a0,
12,30|3|3|3|2|2|2|2|1,9,0,-1,a0,
12,30|3|3|2|2|2|2|2|2,9,0,-1,a0,
12,29|12|1|1|1|1|1|1|1,9,0,-1,a0,
12,29|11|2|1|1|1|1|1|1,9,0,-1,a0,
12,29|10|3|1|1|1|1|1|1,9,0,-1,a0,
12,29|10|2|2|1|1|1|1|1,9,0,-1,a0,
12,29|9|4|1|1|1|1|1|1,9,0,-1,a0,
12,29|9|3|2|1|1|1|1|1,9,0,-1,a0,
12,29|9|2|2|2|1|1|1|1,9,0,-1,a0,
12,29|8|5|1|1|1|1|1|1,9,0,-1,a0,
12,29|8|4|2|1|1|1|1|1,9,0,-1,a0,
12,29|8|3|3|1|1|1|1|1,9,0,-1,a0,
12,29|8|3|2|2|1|1|1|1,9,0,-1,a0,
12,29|8|2|2|2|2|1|1|1,9,0,-1,a0,
12,29|7|6|1|1|1|1|1|1,9,0,-1,a0,
12,29|7|5|2|1|1|1|1|1,9,0,-1,a0,
12,29|7|4|3|1|1|1|1|1,9,0,-1,a0,
12,29|7|4|2|2|1|1|1|1,9,0,-1,a0,
12,29|7|3|3|2|1|1|1|1,9,0,-1,a0,
12,29|7|3|2|2|2|1|1|1,9,0,-1,a0,
12,29|7|2|2|2|2|2|1|1,9,1,3816,silent,3815
12,29|6|6|2|1|1|1|1|1,9,0,-1,a0,
12,29|6|5|3|1|1|1|1|1,9,0,-1,a0,
12,29|6|5|2|2|1|1|1|1,9,0,-1,a0,
12,29|6|4|4|1|1|1|1|1,9,0,-1,a0,
12,29|6|4|3|2|1|1|1|1,9,0,-1,a0,
12,29|6|4|2|2|2|1|1|1,9,0,-1,a0,
12,29|6|3|3|3|1|1|1|1,9,0,-1,a0,
12,29|6|3|3|2|2|1|1|1,9,1,27363,silent,27362
12,29|6|3|2|2|2|2|1|1,9,2,12737,silent,12735
12,29|6|2|2|2|2|2|2|1,9,4,2023,silent,2019
12,29|5|5|4|1|1|1|1|1,9,0,-1,a0,
12,29|5|5|3|2|1|1|1|1,9,0,-1,a0,
12,29|5|5|2|2|2|1|1|1,9,1,14762,silent,14761
12,29|5|4|4|2|1|1|1|1,9,0,-1,a0,
12,29|5|4|3|3|1|1|1|1,9,0,-1,a0,
12,29|5|4|3|2|2|1|1|1,9,0,-1,a0,
12,29|5|4|2|2|2|2|1|1,9,2,14039,silent,14037
12,29|5|3|3|3|2|1|1|1,9,0,-1,a0,
12,29|5|3|3|2|2|2|1|1,9,1,15301,silent,15300
12,29|5|3|2|2|2|2|2|1,9,4,5009,silent,5005
12,29|5|2|2|2|2|2|2|2,9,4,592,silent,588
12,29|4|4|4|3|1|1|1|1,9,0,-1,a0,
12,29|4|4|4|2|2|1|1|1,9,0,-1,a0,
12,29|4|4|3|3|2|1|1|1,9,0,-1,a0,
12,29|4|4|3|2|2|2|1|1,9,0,-1,a0,
12,29|4|4|2|2|2|2|2|1,9,3,3183,silent,3180
12,29|4|3|3|3|3|1|1|1,9,0,-1,a0,
12,29|4|3|3|3|2|2|1|1,9,0,-1,a0,
12,29|4|3|3|2|2|2|2|1,9,0,-1,a0,
12,29|4|3|2|2|2|2|2|2,9,2,939,silent,937
12,29|3|3|3|3|3|2|1|1,9,0,-1,a0,
12,29|3|3|3|3|2|2|2|1,9,0,-1,a0,
12,29|3|3|3|2|2|2|2|2,9,0,-1,a0,
12,28|13|1|1|1|1|1|1|1,9,0,-1,a0,
12,28|12|2|1|1|1|1|1|1,9,0,-1,a0,
12,28|11|3|1|1|1|1|1|1,9,0,-1,a0,
12,28|11|2|2|1|1|1|1|1,9,0,-1,a0,
12,28|10|4|1|1|1|1|1|1,9,0,-1,a0,
12,28|10|3|2|1|1|1|1|1,9,0,-1,a0,
12,28|10|2|2|2|1|1|1|1,9,0,-1,a0,
12,28|9|5|1|1|1|1|1|1,9,0,-1,a0,
12,28|9|4|2|1|1|1|1|1,9,0,-1,a0,
12,28|9|3|3|1|1|1|1|1,9,0,-1,a0,
12,28|9|3|2|2|1|1|1|1,9,0,-1,a0,
12,28|9|2|2|2|2|1|1|1,9,0,-1,a0,
12,28|8|6|1|1|1|1|1|1,9,0,-1,a0,
12,28|8|5|2|1|1|1|1|1,9,0,-1,a0,
12,28|8|4|3|1|1|1|1|1,9,0,-1,a0,
12,28|8|4|2|2|1|1|1|1,9,0,-1,a0,
12,28|8|3|3|2|1|1|1|1,9,0,-1,a0,
12,28|8|3|2|2|2|1|1|1,9,1,32969,silent,32968
12,28|8|2|2|2|2|2|1|1,9,1,6333,silent,6332
12,28|7|7|1|1|1|1|1|1,9,0,-1,a0,
12,28|7|6|2|1|1|1|1|1,9,0,-1,a0,
12,28|7|5|3|1|1|1|1|1,9,0,-1,a0,
12,28|7|5|2|2|1|1|1|1,9,0,-1,a0,
12,28|7|4|4|1|1|1|1|1,9,0,-1,a0,
12,28|7|4|3|2|1|1|1|1,9,0,-1,a0,
12,28|7|4|2|2|2|1|1|1,9,1,61255,silent,61254
12,28|7|3|3|3|1|1|1|1,9,1,33265,silent,33264
12,28|7|3|3|2|2|1|1|1,9,2,56260,silent,56258
12,28|7|3|2|2|2|2|1|1,9,6,25506,silent,25500
12,28|7|2|2|2|2|2|2|1,9,7,3789,silent,3782
12,28|6|6|3|1|1|1|1|1,9,0,-1,a0,
12,28|6|6|2|2|1|1|1|1,9,0,-1,a0,
12,28|6|5|4|1|1|1|1|1,9,0,-1,a0,
12,28|6|5|3|2|1|1|1|1,9,1,104129,silent,104128
12,28|6|5|2|2|2|1|1|1,9,2,54184,silent,54182
12,28|6|4|4|2|1|1|1|1,9,0,-1,a0,
12,28|6|4|3|3|1|1|1|1,9,0,-1,a0,
12,28|6|4|3|2|2|1|1|1,9,2,108543,silent,108541
12,28|6|4|2|2|2|2|1|1,9,5,38686,silent,38681
12,28|6|3|3|3|2|1|1|1,9,1,44942,silent,44941
12,28|6|3|3|2|2|2|1|1,9,4,38836,silent,38832
12,28|6|3|2|2|2|2|2|1,9,9,12192,silent,12183
12,28|6|2|2|2|2|2|2|2,9,8,1337,silent,1329
12,28|5|5|5|1|1|1|1|1,9,0,-1,a0,
12,28|5|5|4|2|1|1|1|1,9,0,-1,a0,
12,28|5|5|3|3|1|1|1|1,9,0,-1,a0,
12,28|5|5|3|2|2|1|1|1,9,2,60120,silent,60118
12,28|5|5|2|2|2|2|1|1,9,5,20286,silent,20281
12,28|5|4|4|3|1|1|1|1,9,0,-1,a0,
12,28|5|4|4|2|2|1|1|1,9,0,-1,a0,
12,28|5|4|3|3|2|1|1|1,9,0,-1,a0,
12,28|5|4|3|2|2|2|1|1,9,4,54272,silent,54268
12,28|5|4|2|2|2|2|2|1,9,9,13674,silent,13665
12,28|5|3|3|3|3|1|1|1,9,0,-1,a0,
12,28|5|3|3|3|2|2|1|1,9,0,-1,a0,
12,28|5|3|3|2|2|2|2|1,9,2,14607,silent,14605
12,28|5|3|2|2|2|2|2|2,9,4,2930,silent,2926
12,28|4|4|4|4|1|1|1|1,9,0,-1,a0,
12,28|4|4|4|3|2|1|1|1,9,0,-1,a0,
12,28|4|4|4|2|2|2|1|1,9,0,-1,a0,
12,28|4|4|3|3|3|1|1|1,9,0,-1,a0,
12,28|4|4|3|3|2|2|1|1,9,0,-1,a0,
12,28|4|4|3|2|2|2|2|1,9,2,11432,silent,11430
12,28|4|4|2|2|2|2|2|2,9,6,2046,silent,2040
12,28|4|3|3|3|3|2|1|1,9,0,-1,a0,
12,28|4|3|3|3|2|2|2|1,9,0,-1,a0,
12,28|4|3|3|2|2|2|2|2,9,0,-1,a0,
12,28|3|3|3|3|3|3|1|1,9,0,-1,a0,
12,28|3|3|3|3|3|2|2|1,9,0,-1,a0,
12,28|3|3|3|3|2|2|2|2,9,0,-1,a0,
12,27|14|1|1|1|1|1|1|1,9,0,-1,a0,
12,27|13|2|1|1|1|1|1|1,9,0,-1,a0,
12,27|12|3|1|1|1|1|1|1,9,0,-1,a0,
12,27|12|2|2|1|1|1|1|1,9,0,-1,a0,
12,27|11|4|1|1|1|1|1|1,9,0,-1,a0,
12,27|11|3|2|1|1|1|1|1,9,0,-1,a0,
12,27|11|2|2|2|1|1|1|1,9,0,-1,a0,
12,27|10|5|1|1|1|1|1|1,9,0,-1,a0,
12,27|10|4|2|1|1|1|1|1,9,0,-1,a0,
12,27|10|3|3|1|1|1|1|1,9,0,-1,a0,
12,27|10|3|2|2|1|1|1|1,9,0,-1,a0,
12,27|10|2|2|2|2|1|1|1,9,0,-1,a0,
12,27|9|6|1|1|1|1|1|1,9,0,-1,a0,
12,27|9|5|2|1|1|1|1|1,9,0,-1,a0,
12,27|9|4|3|1|1|1|1|1,9,0,-1,a0,
12,27|9|4|2|2|1|1|1|1,9,0,-1,a0,
12,27|9|3|3|2|1|1|1|1,9,1,73898,silent,73897
12,27|9|3|2|2|2|1|1|1,9,2,51990,silent,51988
12,27|9|2|2|2|2|2|1|1,9,3,9841,silent,9838
12,27|8|7|1|1|1|1|1|1,9,0,-1,a0,
12,27|8|6|2|1|1|1|1|1,9,0,-1,a0,
12,27|8|5|3|1|1|1|1|1,9,0,-1,a0,
12,27|8|5|2|2|1|1|1|1,9,1,131198,silent,131197
12,27|8|4|4|1|1|1|1|1,9,0,-1,a0,
12,27|8|4|3|2|1|1|1|1,9,1,207480,silent,207479
12,27|8|4|2|2|2|1|1|1,9,3,113386,silent,113383
12,27|8|3|3|3|1|1|1|1,9,1,60978,silent,60977
12,27|8|3|3|2|2|1|1|1,9,6,101493,silent,101487
12,27|8|3|2|2|2|2|1|1,9,11,44917,silent,44906
12,27|8|2|2|2|2|2|2|1,9,11,6401,silent,6390
12,27|7|7|2|1|1|1|1|1,9,0,-1,a0,
12,27|7|6|3|1|1|1|1|1,9,0,-1,a0,
12,27|7|6|2|2|1|1|1|1,9,0,-1,a0,
12,27|7|5|4|1|1|1|1|1,9,0,-1,a0,
12,27|7|5|3|2|1|1|1|1,9,3,265864,silent,265861
12,27|7|5|2|2|2|1|1|1,9,7,135254,silent,135247
12,27|7|4|4|2|1|1|1|1,9,0,-1,a0,
12,27|7|4|3|3|1|1|1|1,9,2,161713,silent,161711
12,27|7|4|3|2|2|1|1|1,9,7,246057,silent,246050
12,27|7|4|2|2|2|2|1|1,9,16,85538,silent,85522
12,27|7|3|3|3|2|1|1|1,9,4,96682,silent,96678
12,27|7|3|3|2|2|2|1|1,9,10,81606,silent,81596
12,27|7|3|2|2|2|2|2|1,9,18,24718,silent,24700
12,27|7|2|2|2|2|2|2|2,9,10,2391,silent,2381
12,27|6|6|4|1|1|1|1|1,9,1,58725,silent,58724
12,27|6|6|3|2|1|1|1|1,9,2,126644,silent,126642
12,27|6|6|2|2|2|1|1|1,9,1,61853,silent,61852
12,27|6|5|5|1|1|1|1|1,9,0,-1,a0,
12,27|6|5|4|2|1|1|1|1,9,2,203318,silent,203316
12,27|6|5|3|3|1|1|1|1,9,2,160066,silent,160064
12,27|6|5|3|2|2|1|1|1,9,10,237454,silent,237444
12,27|6|5|2|2|2|2|1|1,9,13,76470,silent,76457
12,27|6|4|4|3|1|1|1|1,9,0,-1,a0,
12,27|6|4|4|2|2|1|1|1,9,1,166185,silent,166184
12,27|6|4|3|3|2|1|1|1,9,4,207645,silent,207641
12,27|6|4|3|2|2|2|1|1,9,14,160339,silent,160325
12,27|6|4|2|2|2|2|2|1,9,23,38546,silent,38523
12,27|6|3|3|3|3|1|1|1,9,0,-1,a0,
12,27|6|3|3|3|2|2|1|1,9,2,73040,silent,73038
12,27|6|3|3|2|2|2|2|1,9,6,38032,silent,38026
12,27|6|3|2|2|2|2|2|2,9,11,7316,silent,7305
12,27|5|5|5|2|1|1|1|1,9,1,42528,silent,42527
12,27|5|5|4|3|1|1|1|1,9,0,-1,a0,
12,27|5|5|4|2|2|1|1|1,9,5,115323,silent,115318
12,27|5|5|3|3|2|1|1|1,9,1,118070,silent,118069
12,27|5|5|3|2|2|2|1|1,9,10,89472,silent,89462
12,27|5|5|2|2|2|2|2|1,9,8,19660,silent,19652
12,27|5|4|4|4|1|1|1|1,9,0,-1,a0,
12,27|5|4|4|3|2|1|1|1,9,0,-1,a0,
12,27|5|4|4|2|2|2|1|1,9,5,79680,silent,79675
12,27|5|4|3|3|3|1|1|1,9,0,-1,a0,
12,27|5|4|3|3|2|2|1|1,9,2,112284,silent,112282
12,27|5|4|3|2|2|2|2|1,9,12,54654,silent,54642
12,27|5|4|2|2|2|2|2|2,9,10,8308,silent,8298
12,27|5|3|3|3|3|2|1|1,9,0,-1,a0,
12,27|5|3|3|3|2|2|2|1,9,0,-1,a0,
12,27|5|3|3|2|2|2|2|2,9,1,8573,silent,8572
12,27|4|4|4|4|2|1|1|1,9,0,-1,a0,
12,27|4|4|4|3|3|1|1|1,9,0,-1,a0,
12,27|4|4|4|3|2|2|1|1,9,0,-1,a0,
12,27|4|4|4|2|2|2|2|1,9,5,15271,silent,15266
12,27|4|4|3|3|3|2|1|1,9,0,-1,a0,
12,27|4|4|3|3|2|2|2|1,9,0,-1,a0,
12,27|4|4|3|2|2|2|2|2,9,4,7027,silent,7023
12,27|4|3|3|3|3|3|1|1,9,0,-1,a0,
12,27|4|3|3|3|3|2|2|1,9,0,-1,a0,
12,27|4|3|3|3|2|2|2|2,9,0,-1,a0,
12,27|3|3|3|3|3|3|2|1,9,0,-1,a0,
12,27|3|3|3|3|3|2|2|2,9,0,-1,a0,
12,26|15|1|1|1|1|1|1|1,9,0,-1,a0,
12,26|14|2|1|1|1|1|1|1,9,0,-1,a0,
12,26|13|3|1|1|1|1|1|1,9,0,-1,a0,
12,26|13|2|2|1|1|1|1|1,9,0,-1,a0,
12,26|12|4|1|1|1|1|1|1,9,0,-1,a0,
12,26|12|3|2|1|1|1|1|1,9,0,-1,a0,
12,26|12|2|2|2|1|1|1|1,9,0,-1,a0,
12,26|11|5|1|1|1|1|1|1,9,0,-1,a0,
12,26|11|4|2|1|1|1|1|1,9,0,-1,a0,
12,26|11|3|3|1|1|1|1|1,9,0,-1,a0,
12,26|11|3|2|2|1|1|1|1,9,0,-1,a0,
12,26|11|2|2|2|2|1|1|1,9,0,-1,a0,
12,26|10|6|1|1|1|1|1|1,9,0,-1,a0,
12,26|10|5|2|1|1|1|1|1,9,0,-1,a0,
12,26|10|4|3|1|1|1|1|1,9,0,-1,a0,
12,26|10|4|2|2|1|1|1|1,9,1,138046,silent,138045
12,26|10|3|3|2|1|1|1|1,9,2,108713,silent,108711
12,26|10|3|2|2|2|1|1|1,9,4,75448,silent,75444
12,26|10|2|2|2|2|2|1|1,9,4,13952,silent,13948
12,26|9|7|1|1|1|1|1|1,9,0,-1,a0,
12,26|9|6|2|1|1|1|1|1,9,0,-1,a0,
12,26|9|5|3|1|1|1|1|1,9,1,219653,silent,219652
12,26|9|5|2|2|1|1|1|1,9,2,227139,silent,227137
12,26|9|4|4|1|1|1|1|1,9,0,-1,a0,
12,26|9|4|3|2|1|1|1|1,9,4,348820,silent,348816
12,26|9|4|2|2|2|1|1|1,9,8,188170,silent,188162
12,26|9|3|3|3|1|1|1|1,9,4,100582,silent,100578
12,26|9|3|3|2|2|1|1|1,9,12,165327,silent,165315
12,26|9|3|2|2|2|2|1|1,9,20,71934,silent,71914
12,26|9|2|2|2|2|2|2|1,9,16,9882,silent,9866
12,26|8|8|1|1|1|1|1|1,9,0,-1,a0,
12,26|8|7|2|1|1|1|1|1,9,0,-1,a0,
12,26|8|6|3|1|1|1|1|1,9,1,232031,silent,232030
12,26|8|6|2|2|1|1|1|1,9,3,231275,silent,231272
12,26|8|5|4|1|1|1|1|1,9,1,241980,silent,241979
12,26|8|5|3|2|1|1|1|1,9,9,549747,silent,549738
12,26|8|5|2|2|2|1|1|1,9,17,273971,silent,273954
12,26|8|4|4|2|1|1|1|1,9,2,333822,silent,333820
12,26|8|4|3|3|1|1|1|1,9,5,316024,silent,316019
12,26|8|4|3|2|2|1|1|1,9,21,475143,silent,475122
12,26|8|4|2|2|2|2|1|1,9,30,161218,silent,161188
12,26|8|3|3|3|2|1|1|1,9,9,181108,silent,181099
12,26|8|3|3|2|2|2|1|1,9,23,150153,silent,150130
12,26|8|3|2|2|2|2|2|1,9,31,44260,silent,44229
12,26|8|2|2|2|2|2|2|2,9,17,4129,silent,4112
12,26|7|7|3|1|1|1|1|1,9,0,-1,a0,
12,26|7|7|2|2|1|1|1|1,9,0,-1,a0,
12,26|7|6|4|1|1|1|1|1,9,1,210502,silent,210501
12,26|7|6|3|2|1|1|1|1,9,8,443102,silent,443094
12,26|7|6|2|2|2|1|1|1,9,10,212984,silent,212974
12,26|7|5|5|1|1|1|1|1,9,1,117468,silent,117467
12,26|7|5|4|2|1|1|1|1,9,8,553805,silent,553797
12,26|7|5|3|3|1|1|1|1,9,10,425955,silent,425945
12,26|7|5|3|2|2|1|1|1,9,32,622816,silent,622784
12,26|7|5|2|2|2|2|1|1,9,39,195136,silent,195097
12,26|7|4|4|3|1|1|1|1,9,1,336462,silent,336461
12,26|7|4|4|2|2|1|1|1,9,9,403198,silent,403189
12,26|7|4|3|3|2|1|1|1,9,15,489907,silent,489892
12,26|7|4|3|2|2|2|1|1,9,40,371445,silent,371405
12,26|7|4|2|2|2|2|2|1,9,46,85806,silent,85760
12,26|7|3|3|3|3|1|1|1,9,2,91268,silent,91266
12,26|7|3|3|3|2|2|1|1,9,6,160391,silent,160385
12,26|7|3|3|2|2|2|2|1,9,16,81642,silent,81626
12,26|7|3|2|2|2|2|2|2,9,17,14882,silent,14865
12,26|6|6|5|1|1|1|1|1,9,2,75784,silent,75782
12,26|6|6|4|2|1|1|1|1,9,6,285014,silent,285008
12,26|6|6|3|3|1|1|1|1,9,5,207175,silent,207170
12,26|6|6|3|2|2|1|1|1,9,13,297148,silent,297135
12,26|6|6|2|2|2|2|1|1,9,10,89804,silent,89794
12,26|6|5|5|2|1|1|1|1,9,6,208073,silent,208067
12,26|6|5|4|3|1|1|1|1,9,6,425018,silent,425012
12,26|6|5|4|2|2|1|1|1,9,19,498800,silent,498781
12,26|6|5|3|3|2|1|1|1,9,15,492929,silent,492914
12,26|6|5|3|2|2|2|1|1,9,38,362341,silent,362303
12,26|6|5|2|2|2|2|2|1,9,31,76816,silent,76785
12,26|6|4|4|4|1|1|1|1,9,0,-1,a0,
12,26|6|4|4|3|2|1|1|1,9,5,433569,silent,433564
12,26|6|4|4|2|2|2|1|1,9,17,258291,silent,258274
12,26|6|4|3|3|3|1|1|1,9,2,207653,silent,207651
12,26|6|4|3|3|2|2|1|1,9,14,349154,silent,349140
12,26|6|4|3|2|2|2|2|1,9,34,164681,silent,164647
12,26|6|4|2|2|2|2|2|2,9,28,23870,silent,23842
12,26|6|3|3|3|3|2|1|1,9,0,-1,a0,
12,26|6|3|3|3|2|2|2|1,9,1,77706,silent,77705
12,26|6|3|3|2|2|2|2|2,9,4,22699,silent,22695
12,26|5|5|5|3|1|1|1|1,9,2,97099,silent,97097
12,26|5|5|5|2|2|1|1|1,9,9,108747,silent,108738
12,26|5|5|4|4|1|1|1|1,9,0,-1,a0,
12,26|5|5|4|3|2|1|1|1,9,6,308856,silent,308850
12,26|5|5|4|2|2|2|1|1,9,19,180826,silent,180807
12,26|5|5|3|3|3|1|1|1,9,0,-1,a0,
12,26|5|5|3|3|2|2|1|1,9,6,200457,silent,200451
12,26|5|5|3|2|2|2|2|1,9,15,91526,silent,91511
12,26|5|5|2|2|2|2|2|2,9,4,11700,silent,11696
12,26|5|4|4|4|2|1|1|1,9,0,-1,a0,
12,26|5|4|4|3|3|1|1|1,9,0,-1,a0,
12,26|5|4|4|3|2|2|1|1,9,7,224794,silent,224787
12,26|5|4|4|2|2|2|2|1,9,18,84117,silent,84099
12,26|5|4|3|3|3|2|1|1,9,0,-1,a0,
12,26|5|4|3|3|2|2|2|1,9,5,121230,silent,121225
12,26|5|4|3|2|2|2|2|2,9,11,33603,silent,33592
12,26|5|3|3|3|3|3|1|1,9,0,-1,a0,
12,26|5|3|3|3|3|2|2|1,9,0,-1,a0,
12,26|5|3|3|3|2|2|2|2,9,0,-1,a0,
12,26|4|4|4|4|3|1|1|1,9,0,-1,a0,
12,26|4|4|4|4|2|2|1|1,9,0,-1,a0,
12,26|4|4|4|3|3|2|1|1,9,0,-1,a0,
12,26|4|4|4|3|2|2|2|1,9,3,42734,silent,42731
12,26|4|4|4|2|2|2|2|2,9,9,9981,silent,9972
12,26|4|4|3|3|3|3|1|1,9,0,-1,a0,
12,26|4|4|3|3|3|2|2|1,9,0,-1,a0,
12,26|4|4|3|3|2|2|2|2,9,0,-1,a0,
12,26|4|3|3|3|3|3|2|1,9,0,-1,a0,
12,26|4|3|3|3|3|2|2|2,9,0,-1,a0,
12,26|3|3|3|3|3|3|3|1,9,0,-1,a0,
12,26|3|3|3|3|3|3|2|2,9,0,-1,a0,
12,25|16|1|1|1|1|1|1|1,9,0,-1,a0,
12,25|15|2|1|1|1|1|1|1,9,0,-1,a0,
12,25|14|3|1|1|1|1|1|1,9,0,-1,a0,
12,25|14|2|2|1|1|1|1|1,9,0,-1,a0,
12,25|13|4|1|1|1|1|1|1,9,0,-1,a0,
12,25|13|3|2|1|1|1|1|1,9,0,-1,a0,
12,25|13|2|2|2|1|1|1|1,9,0,-1,a0,
12,25|12|5|1|1|1|1|1|1,9,0,-1,a0,
12,25|12|4|2|1|1|1|1|1,9,0,-1,a0,
12,25|12|3|3|1|1|1|1|1,9,0,-1,a0,
12,25|12|3|2|2|1|1|1|1,9,0,-1,a0,
12,25|12|2|2|2|2|1|1|1,9,0,-1,a0,
12,25|11|6|1|1|1|1|1|1,9,0,-1,a0,
12,25|11|5|2|1|1|1|1|1,9,0,-1,a0,
12,25|11|4|3|1|1|1|1|1,9,1,170492,silent,170491
12,25|11|4|2|2|1|1|1|1,9,1,188407,silent,188406
12,25|11|3|3|2|1|1|1|1,9,4,147555,silent,147551
12,25|11|3|2|2|2|1|1|1,9,7,101372,silent,101365
12,25|11|2|2|2|2|2|1|1,9,7,18590,silent,18583
12,25|10|7|1|1|1|1|1|1,9,0,-1,a0,
12,25|10|6|2|1|1|1|1|1,9,1,204746,silent,204745
12,25|10|5|3|1|1|1|1|1,9,2,344214,silent,344212
12,25|10|5|2|2|1|1|1|1,9,6,352696,silent,352690
12,25|10|4|4|1|1|1|1|1,9,1,188325,silent,188324
12,25|10|4|3|2|1|1|1|1,9,10,531244,silent,531234
12,25|10|4|2|2|2|1|1|1,9,16,283283,silent,283267
12,25|10|3|3|3|1|1|1|1,9,7,151090,silent,151083
12,25|10|3|3|2|2|1|1|1,9,22,245902,silent,245880
12,25|10|3|2|2|2|2|1|1,9,30,105414,silent,105384
12,25|10|2|2|2|2|2|2|1,9,22,14113,silent,14091
12,25|9|8|1|1|1|1|1|1,9,0,-1,a0,
12,25|9|7|2|1|1|1|1|1,9,0,-1,a0,
12,25|9|6|3|1|1|1|1|1,9,4,440787,silent,440783
12,25|9|6|2|2|1|1|1|1,9,7,435103,silent,435096
12,25|9|5|4|1|1|1|1|1,9,3,438627,silent,438624
12,25|9|5|3|2|1|1|1|1,9,25,981679,silent,981654
12,25|9|5|2|2|2|1|1|1,9,35,482813,silent,482778
12,25|9|4|4|2|1|1|1|1,9,6,581738,silent,581732
12,25|9|4|3|3|1|1|1|1,9,16,545291,silent,545275
12,25|9|4|3|2|2|1|1|1,9,46,812574,silent,812528
12,25|9|4|2|2|2|2|1|1,9,59,271438,silent,271379
12,25|9|3|3|3|2|1|1|1,9,20,303067,silent,303047
12,25|9|3|3|2|2|2|1|1,9,40,247620,silent,247580
12,25|9|3|2|2|2|2|2|1,9,49,71375,silent,71326
12,25|9|2|2|2|2|2|2|2,9,19,6200,silent,6181
12,25|8|8|2|1|1|1|1|1,9,1,78102,silent,78101
12,25|8|7|3|1|1|1|1|1,9,2,319257,silent,319255
12,25|8|7|2|2|1|1|1|1,9,6,310686,silent,310680
12,25|8|6|4|1|1|1|1|1,9,7,511812,silent,511805
12,25|8|6|3|2|1|1|1|1,9,27,1054341,silent,1054314
12,25|8|6|2|2|2|1|1|1,9,30,497691,silent,497661
12,25|8|5|5|1|1|1|1|1,9,3,264842,silent,264839
12,25|8|5|4|2|1|1|1|1,9,27,1200420,silent,1200393
12,25|8|5|3|3|1|1|1|1,9,25,909080,silent,909055
12,25|8|5|3|2|2|1|1|1,9,82,1312961,silent,1312879
12,25|8|5|2|2|2|2|1|1,9,77,402097,silent,402020
12,25|8|4|4|3|1|1|1|1,9,9,689248,silent,689239
12,25|8|4|4|2|2|1|1|1,9,26,818129,silent,818103
12,25|8|4|3|3|2|1|1|1,9,41,977467,silent,977426
12,25|8|4|3|2|2|2|1|1,9,89,729504,silent,729415
12,25|8|4|2|2|2|2|2|1,9,82,163942,silent,163860
12,25|8|3|3|3|3|1|1|1,9,4,175991,silent,175987
12,25|8|3|3|3|2|2|1|1,9,18,305258,silent,305240
12,25|8|3|3|2|2|2|2|1,9,32,152391,silent,152359
12,25|8|3|2|2|2|2|2|2,9,30,26931,silent,26901
12,25|7|7|4|1|1|1|1|1,9,0,-1,a0,
12,25|7|7|3|2|1|1|1|1,9,10,463457,silent,463447
12,25|7|7|2|2|2|1|1|1,9,17,217101,silent,217084
12,25|7|6|5|1|1|1|1|1,9,5,296685,silent,296680
12,25|7|6|4|2|1|1|1|1,9,24,1059560,silent,1059536
12,25|7|6|3|3|1|1|1|1,9,25,752831,silent,752806
12,25|7|6|3|2|2|1|1|1,9,60,1068911,silent,1068851
12,25|7|6|2|2|2|2|1|1,9,53,315676,silent,315623
12,25|7|5|5|2|1|1|1|1,9,22,619631,silent,619609
12,25|7|5|4|3|1|1|1|1,9,25,1202648,silent,1202623
12,25|7|5|4|2|2|1|1|1,9,70,1394267,silent,1394197
12,25|7|5|3|3|2|1|1|1,9,55,1343528,silent,1343473
12,25|7|5|3|2|2|2|1|1,9,110,969334,silent,969224
12,25|7|5|2|2|2|2|2|1,9,73,198309,silent,198236
12,25|7|4|4|4|1|1|1|1,9,0,-1,a0,
12,25|7|4|4|3|2|1|1|1,9,24,1091111,silent,1091087
12,25|7|4|4|2|2|2|1|1,9,56,639958,silent,639902
12,25|7|4|3|3|3|1|1|1,9,12,505723,silent,505711
12,25|7|4|3|3|2|2|1|1,9,41,840303,silent,840262
12,25|7|4|3|2|2|2|2|1,9,79,386818,silent,386739
12,25|7|4|2|2|2|2|2|2,9,43,52874,silent,52831
12,25|7|3|3|3|3|2|1|1,9,1,204039,silent,204038
12,25|7|3|3|3|2|2|2|1,9,5,173680,silent,173675
12,25|7|3|3|2|2|2|2|2,9,11,49618,silent,49607
12,25|6|6|6|1|1|1|1|1,9,3,55996,silent,55993
12,25|6|6|5|2|1|1|1|1,9,14,398975,silent,398961
12,25|6|6|4|3|1|1|1|1,9,18,631368,silent,631350
12,25|6|6|4|2|2|1|1|1,9,25,718963,silent,718938
12,25|6|6|3|3|2|1|1|1,9,30,657397,silent,657367
12,25|6|6|3|2|2|2|1|1,9,43,465480,silent,465437
12,25|6|6|2|2|2|2|2|1,9,34,93047,silent,93013
12,25|6|5|5|3|1|1|1|1,9,17,497685,silent,497668
12,25|6|5|5|2|2|1|1|1,9,36,541905,silent,541869
12,25|6|5|4|4|1|1|1|1,9,6,430774,silent,430768
12,25|6|5|4|3|2|1|1|1,9,43,1405596,silent,1405553
12,25|6|5|4|2|2|2|1|1,9,69,800263,silent,800194
12,25|6|5|3|3|3|1|1|1,9,8,521283,silent,521275
12,25|6|5|3|3|2|2|1|1,9,41,855060,silent,855019
12,25|6|5|3|2|2|2|2|1,9,63,379468,silent,379405
12,25|6|5|2|2|2|2|2|2,9,28,47295,silent,47267
12,25|6|4|4|4|2|1|1|1,9,2,433918,silent,433916
12,25|6|4|4|3|3|1|1|1,9,7,497698,silent,497691
12,25|6|4|4|3|2|2|1|1,9,31,764650,silent,764619
12,25|6|4|4|2|2|2|2|1,9,53,277251,silent,277198
12,25|6|4|3|3|3|2|1|1,9,5,469356,silent,469351
12,25|6|4|3|3|2|2|2|1,9,19,383518,silent,383499
12,25|6|4|3|2|2|2|2|2,9,31,102583,silent,102552
12,25|6|3|3|3|3|3|1|1,9,0,-1,a0,
12,25|6|3|3|3|3|2|2|1,9,0,-1,a0,
12,25|6|3|3|3|2|2|2|2,9,0,-1,a0,
12,25|5|5|5|4|1|1|1|1,9,5,126094,silent,126089
12,25|5|5|5|3|2|1|1|1,9,14,331928,silent,331914
12,25|5|5|5|2|2|2|1|1,9,18,177128,silent,177110
12,25|5|5|4|4|2|1|1|1,9,10,334977,silent,334967
12,25|5|5|4|3|3|1|1|1,9,2,359291,silent,359289
12,25|5|5|4|3|2|2|1|1,9,25,550400,silent,550375
12,25|5|5|4|2|2|2|2|1,9,24,192222,silent,192198
12,25|5|5|3|3|3|2|1|1,9,1,274296,silent,274295
12,25|5|5|3|3|2|2|2|1,9,12,222194,silent,222182
12,25|5|5|3|2|2|2|2|2,9,9,56681,silent,56672
12,25|5|4|4|4|3|1|1|1,9,0,-1,a0,
12,25|5|4|4|4|2|2|1|1,9,8,227625,silent,227617
12,25|5|4|4|3|3|2|1|1,9,3,334358,silent,334355
12,25|5|4|4|3|2|2|2|1,9,20,252710,silent,252690
12,25|5|4|4|2|2|2|2|2,9,18,53640,silent,53622
12,25|5|4|3|3|3|3|1|1,9,0,-1,a0,
12,25|5|4|3|3|3|2|2|1,9,0,-1,a0,
12,25|5|4|3|3|2|2|2|2,9,4,77671,silent,77667
12,25|5|3|3|3|3|3|2|1,9,0,-1,a0,
12,25|5|3|3|3|3|2|2|2,9,0,-1,a0,
12,25|4|4|4|4|4|1|1|1,9,0,-1,a0,
12,25|4|4|4|4|3|2|1|1,9,0,-1,a0,
12,25|4|4|4|4|2|2|2|1,9,6,41997,silent,41991
12,25|4|4|4|3|3|3|1|1,9,0,-1,a0,
12,25|4|4|4|3|3|2|2|1,9,0,-1,a0,
12,25|4|4|4|3|2|2|2|2,9,5,28051,silent,28046
12,25|4|4|3|3|3|3|2|1,9,0,-1,a0,
12,25|4|4|3|3|3|2|2|2,9,0,-1,a0,
12,25|4|3|3|3|3|3|3|1,9,0,-1,a0,
12,25|4|3|3|3|3|3|2|2,9,0,-1,a0,
12,25|3|3|3|3|3|3|3|2,9,0,-1,a0,
12,24|17|1|1|1|1|1|1|1,9,0,-1,a0,
12,24|16|2|1|1|1|1|1|1,9,0,-1,a0,
12,24|15|3|1|1|1|1|1|1,9,0,-1,a0,
12,24|15|2|2|1|1|1|1|1,9,0,-1,a0,
12,24|14|4|1|1|1|1|1|1,9,0,-1,a0,
12,24|14|3|2|1|1|1|1|1,9,0,-1,a0,
12,24|14|2|2|2|1|1|1|1,9,0,-1,a0,
12,24|13|5|1|1|1|1|1|1,9,0,-1,a0,
12,24|13|4|2|1|1|1|1|1,9,0,-1,a0,
12,24|13|3|3|1|1|1|1|1,9,0,-1,a0,
12,24|13|3|2|2|1|1|1|1,9,0,-1,a0,
12,24|13|2|2|2|2|1|1|1,9,0,-1,a0,
12,24|12|6|1|1|1|1|1|1,9,0,-1,a0,
12,24|12|5|2|1|1|1|1|1,9,0,-1,a0,
12,24|12|4|3|1|1|1|1|1,9,1,215387,silent,215386
12,24|12|4|2|2|1|1|1|1,9,3,236710,silent,236707
12,24|12|3|3|2|1|1|1|1,9,6,184179,silent,184173
12,24|12|3|2|2|2|1|1|1,9,10,125396,silent,125386
12,24|12|2|2|2|2|2|1|1,9,8,22612,silent,22604
12,24|11|7|1|1|1|1|1|1,9,0,-1,a0,
12,24|11|6|2|1|1|1|1|1,9,2,294974,silent,294972
12,24|11|5|3|1|1|1|1|1,9,5,486395,silent,486390
12,24|11|5|2|2|1|1|1|1,9,10,494996,silent,494986
12,24|11|4|4|1|1|1|1|1,9,2,262996,silent,262994
12,24|11|4|3|2|1|1|1|1,9,20,736065,silent,736045
12,24|11|4|2|2|2|1|1|1,9,27,389238,silent,389211
12,24|11|3|3|3|1|1|1|1,9,13,207317,silent,207304
12,24|11|3|3|2|2|1|1|1,9,34,334736,silent,334702
12,24|11|3|2|2|2|2|1|1,9,45,141914,silent,141869
12,24|11|2|2|2|2|2|2|1,9,27,18550,silent,18523
12,24|10|8|1|1|1|1|1|1,9,0,-1,a0,
12,24|10|7|2|1|1|1|1|1,9,2,327269,silent,327267
12,24|10|6|3|1|1|1|1|1,9,10,725513,silent,725503
12,24|10|6|2|2|1|1|1|1,9,19,710705,silent,710686
12,24|10|5|4|1|1|1|1|1,9,9,702683,silent,702674
12,24|10|5|3|2|1|1|1|1,9,52,1553587,silent,1553535
12,24|10|5|2|2|2|1|1|1,9,63,755353,silent,755290
12,24|10|4|4|2|1|1|1|1,9,19,907433,silent,907414
12,24|10|4|3|3|1|1|1|1,9,30,843586,silent,843556
12,24|10|4|3|2|2|1|1|1,9,88,1247975,silent,1247887
12,24|10|4|2|2|2|2|1|1,9,89,410789,silent,410700
12,24|10|3|3|3|2|1|1|1,9,36,458860,silent,458824
12,24|10|3|3|2|2|2|1|1,9,67,370777,silent,370710
12,24|10|3|2|2|2|2|2|1,9,69,105022,silent,104953
12,24|10|2|2|2|2|2|2|2,9,28,8940,silent,8912
12,24|9|9|1|1|1|1|1|1,9,0,-1,a0,
12,24|9|8|2|1|1|1|1|1,9,2,221156,silent,221154
12,24|9|7|3|1|1|1|1|1,9,9,690862,silent,690853
12,24|9|7|2|2|1|1|1|1,9,16,666275,silent,666259
12,24|9|6|4|1|1|1|1|1,9,17,1001211,silent,1001194
12,24|9|6|3|2|1|1|1|1,9,70,2035166,silent,2035096
12,24|9|6|2|2|2|1|1|1,9,71,949959,silent,949888
12,24|9|5|5|1|1|1|1|1,9,10,500454,silent,500444
12,24|9|5|4|2|1|1|1|1,9,65,2212040,silent,2211975
12,24|9|5|3|3|1|1|1|1,9,66,1657780,silent,1657714
12,24|9|5|3|2|2|1|1|1,9,172,2374038,silent,2373866
12,24|9|5|2|2|2|2|1|1,9,145,715554,silent,715409
12,24|9|4|4|3|1|1|1|1,9,25,1227575,silent,1227550
12,24|9|4|4|2|2|1|1|1,9,66,1447841,silent,1447775
12,24|9|4|3|3|2|1|1|1,9,91,1708301,silent,1708210
12,24|9|4|3|2|2|2|1|1,9,167,1260187,silent,1260020
12,24|9|4|2|2|2|2|2|1,9,130,276798,silent,276668
12,24|9|3|3|3|3|1|1|1,9,12,300524,silent,300512
12,24|9|3|3|3|2|2|1|1,9,35,515903,silent,515868
12,24|9|3|3|2|2|2|2|1,9,56,253701,silent,253645
12,24|9|3|2|2|2|2|2|2,9,41,43447,silent,43406
12,24|8|8|3|1|1|1|1|1,9,5,290365,silent,290360
12,24|8|8|2|2|1|1|1|1,9,11,276986,silent,276975
12,24|8|7|4|1|1|1|1|1,9,11,760108,silent,760097
12,24|8|7|3|2|1|1|1|1,9,49,1495756,silent,1495707
12,24|8|7|2|2|2|1|1|1,9,54,686440,silent,686386
12,24|8|6|5|1|1|1|1|1,9,19,761977,silent,761958
12,24|8|6|4|2|1|1|1|1,9,86,2627818,silent,2627732
12,24|8|6|3|3|1|1|1|1,9,69,1839056,silent,1838987
12,24|8|6|3|2|2|1|1|1,9,169,2583994,silent,2583825
12,24|8|6|2|2|2|2|1|1,9,120,747170,silent,747050
12,24|8|5|5|2|1|1|1|1,9,58,1421389,silent,1421331
12,24|8|5|4|3|1|1|1|1,9,80,2678019,silent,2677939
12,24|8|5|4|2|2|1|1|1,9,176,3071660,silent,3071484
12,24|8|5|3|3|2|1|1|1,9,146,2915760,silent,2915614
12,24|8|5|3|2|2|2|1|1,9,249,2071968,silent,2071719
12,24|8|5|2|2|2|2|2|1,9,143,413773,silent,413630
12,24|8|4|4|4|1|1|1|1,9,7,660749,silent,660742
12,24|8|4|4|3|2|1|1|1,9,75,2276797,silent,2276722
12,24|8|4|4|2|2|2|1|1,9,119,1316392,silent,1316273
12,24|8|4|3|3|3|1|1|1,9,29,1033319,silent,1033290
12,24|8|4|3|3|2|2|1|1,9,106,1700599,silent,1700493
12,24|8|4|3|2|2|2|2|1,9,153,768010,silent,767857
12,24|8|4|2|2|2|2|2|2,9,78,101948,silent,101870
12,24|8|3|3|3|3|2|1|1,9,5,398500,silent,398495
12,24|8|3|3|3|2|2|2|1,9,15,334081,silent,334066
12,24|8|3|3|2|2|2|2|2,9,18,93287,silent,93269
12,24|7|7|5|1|1|1|1|1,9,5,371044,silent,371039
12,24|7|7|4|2|1|1|1|1,9,33,1199785,silent,1199752
12,24|7|7|3|3|1|1|1|1,9,33,819923,silent,819890
12,24|7|7|3|2|2|1|1|1,9,78,1147946,silent,1147868
12,24|7|7|2|2|2|2|1|1,9,64,327758,silent,327694
12,24|7|6|6|1|1|1|1|1,9,6,248964,silent,248958
12,24|7|6|5|2|1|1|1|1,9,61,1611018,silent,1610957
12,24|7|6|4|3|1|1|1|1,9,76,2428036,silent,2427960
12,24|7|6|4|2|2|1|1|1,9,144,2741650,silent,2741506
12,24|7|6|3|3|2|1|1|1,9,123,2440971,silent,2440848
12,24|7|6|3|2|2|2|1|1,9,180,1702510,silent,1702330
12,24|7|6|2|2|2|2|2|1,9,100,327631,silent,327531
12,24|7|5|5|3|1|1|1|1,9,64,1532577,silent,1532513
12,24|7|5|5|2|2|1|1|1,9,113,1645483,silent,1645370
12,24|7|5|4|4|1|1|1|1,9,27,1273258,silent,1273231
12,24|7|5|4|3|2|1|1|1,9,161,4066940,silent,4066779
12,24|7|5|4|2|2|2|1|1,9,213,2276163,silent,2275950
12,24|7|5|3|3|3|1|1|1,9,40,1462451,silent,1462411
12,24|7|5|3|3|2|2|1|1,9,128,2371482,silent,2371354
12,24|7|5|3|2|2|2|2|1,9,164,1028887,silent,1028723
12,24|7|5|2|2|2|2|2|2,9,53,122630,silent,122577
12,24|7|4|4|4|2|1|1|1,9,20,1144080,silent,1144060
12,24|7|4|4|3|3|1|1|1,9,26,1286795,silent,1286769
12,24|7|4|4|3|2|2|1|1,9,99,1960169,silent,1960070
12,24|7|4|4|2|2|2|2|1,9,117,692957,silent,692840
12,24|7|4|3|3|3|2|1|1,9,20,1164320,silent,1164300
12,24|7|4|3|3|2|2|2|1,9,55,937025,silent,936970
12,24|7|4|3|2|2|2|2|2,9,61,242785,silent,242724
12,24|7|3|3|3|3|3|1|1,9,0,-1,a0,
12,24|7|3|3|3|3|2|2|1,9,0,-1,a0,
12,24|7|3|3|3|2|2|2|2,9,3,111009,silent,111006
12,24|6|6|6|2|1|1|1|1,9,12,306834,silent,306822
12,24|6|6|5|3|1|1|1|1,9,43,1007191,silent,1007148
12,24|6|6|5|2|2|1|1|1,9,53,1061158,silent,1061105
12,24|6|6|4|4|1|1|1|1,9,20,692435,silent,692415
12,24|6|6|4|3|2|1|1|1,9,83,2147713,silent,2147630
12,24|6|6|4|2|2|2|1|1,9,84,1181177,silent,1181093
12,24|6|6|3|3|3|1|1|1,9,24,726586,silent,726562
12,24|6|6|3|3|2|2|1|1,9,68,1166486,silent,1166418
12,24|6|6|3|2|2|2|2|1,9,77,498923,silent,498846
12,24|6|6|2|2|2|2|2|2,9,38,58846,silent,58808
12,24|6|5|5|4|1|1|1|1,9,28,682671,silent,682643
12,24|6|5|5|3|2|1|1|1,9,83,1737356,silent,1737273
12,24|6|5|5|2|2|2|1|1,9,79,901713,silent,901634
12,24|6|5|4|4|2|1|1|1,9,48,1614016,silent,1613968
12,24|6|5|4|3|3|1|1|1,9,38,1696391,silent,1696353
12,24|6|5|4|3|2|2|1|1,9,125,2556174,silent,2556049
12,24|6|5|4|2|2|2|2|1,9,111,869711,silent,869600
12,24|6|5|3|3|3|2|1|1,9,20,1214493,silent,1214473
12,24|6|5|3|3|2|2|2|1,9,53,961766,silent,961713
12,24|6|5|3|2|2|2|2|2,9,44,239069,silent,239025
12,24|6|4|4|4|3|1|1|1,9,8,671282,silent,671274
12,24|6|4|4|4|2|2|1|1,9,28,822692,silent,822664
12,24|6|4|4|3|3|2|1|1,9,24,1177907,silent,1177883
12,24|6|4|4|3|2|2|2|1,9,64,873523,silent,873459
12,24|6|4|4|2|2|2|2|2,9,53,178828,silent,178775
12,24|6|4|3|3|3|3|1|1,9,0,-1,a0,
12,24|6|4|3|3|3|2|2|1,9,4,584979,silent,584975
12,24|6|4|3|3|2|2|2|2,9,11,248308,silent,248297
12,24|6|3|3|3|3|3|2|1,9,0,-1,a0,
12,24|6|3|3|3|3|2|2|2,9,0,-1,a0,
12,24|5|5|5|5|1|1|1|1,9,7,80270,silent,80263
12,24|5|5|5|4|2|1|1|1,9,27,488244,silent,488217
12,24|5|5|5|3|3|1|1|1,9,7,416146,silent,416139
12,24|5|5|5|3|2|2|1|1,9,29,614629,silent,614600
12,24|5|5|5|2|2|2|2|1,9,13,192388,silent,192375
12,24|5|5|4|4|3|1|1|1,9,10,526539,silent,526529
12,24|5|5|4|4|2|2|1|1,9,34,640916,silent,640882
12,24|5|5|4|3|3|2|1|1,9,12,860499,silent,860487
12,24|5|5|4|3|2|2|2|1,9,37,631020,silent,630983
12,24|5|5|4|2|2|2|2|2,9,12,122257,silent,122245
12,24|5|5|3|3|3|3|1|1,9,0,-1,a0,
12,24|5|5|3|3|3|2|2|1,9,4,345927,silent,345923
12,24|5|5|3|3|2|2|2|2,9,10,145160,silent,145150
12,24|5|4|4|4|4|1|1|1,9,0,-1,a0,
12,24|5|4|4|4|3|2|1|1,9,9,457266,silent,457257
12,24|5|4|4|4|2|2|2|1,9,24,269265,silent,269241
12,24|5|4|4|3|3|3|1|1,9,0,-1,a0,
12,24|5|4|4|3|3|2|2|1,9,7,423279,silent,423272
12,24|5|4|4|3|2|2|2|2,9,17,167035,silent,167018
12,24|5|4|3|3|3|3|2|1,9,0,-1,a0,
12,24|5|4|3|3|3|2|2|2,9,0,-1,a0,
12,24|5|3|3|3|3|3|3|1,9,0,-1,a0,
12,24|5|3|3|3|3|3|2|2,9,0,-1,a0,
12,24|4|4|4|4|4|2|1|1,9,0,-1,a0,
12,24|4|4|4|4|3|3|1|1,9,0,-1,a0,
12,24|4|4|4|4|3|2|2|1,9,3,90540,silent,90537
12,24|4|4|4|4|2|2|2|2,9,10,29055,silent,29045
12,24|4|4|4|3|3|3|2|1,9,0,-1,a0,
12,24|4|4|4|3|3|2|2|2,9,0,-1,a0,
12,24|4|4|3|3|3|3|3|1,9,0,-1,a0,
12,24|4|4|3|3|3|3|2|2,9,0,-1,a0,
12,24|4|3|3|3|3|3|3|2,9,0,-1,a0,
12,24|3|3|3|3|3|3|3|3,9,0,-1,a0,
12,23|18|1|1|1|1|1|1|1,9,0,-1,a0,
12,23|17|2|1|1|1|1|1|1,9,0,-1,a0,
12,23|16|3|1|1|1|1|1|1,9,0,-1,a0,
12,23|16|2|2|1|1|1|1|1,9,0,-1,a0,
12,23|15|4|1|1|1|1|1|1,9,0,-1,a0,
12,23|15|3|2|1|1|1|1|1,9,0,-1,a0,
12,23|15|2|2|2|1|1|1|1,9,0,-1,a0,
12,23|14|5|1|1|1|1|1|1,9,0,-1,a0,
12,23|14|4|2|1|1|1|1|1,9,0,-1,a0,
12,23|14|3|3|1|1|1|1|1,9,0,-1,a0,
12,23|14|3|2|2|1|1|1|1,9,0,-1,a0,
12,23|14|2|2|2|2|1|1|1,9,0,-1,a0,
12,23|13|6|1|1|1|1|1|1,9,0,-1,a0,
12,23|13|5|2|1|1|1|1|1,9,0,-1,a0,
12,23|13|4|3|1|1|1|1|1,9,2,249199,silent,249197
12,23|13|4|2|2|1|1|1|1,9,3,272405,silent,272402
12,23|13|3|3|2|1|1|1|1,9,9,211427,silent,211418
12,23|13|3|2|2|2|1|1|1,9,13,142919,silent,142906
12,23|13|2|2|2|2|2|1|1,9,11,25632,silent,25621
12,23|12|7|1|1|1|1|1|1,9,0,-1,a0,
12,23|12|6|2|1|1|1|1|1,9,3,382732,silent,382729
12,23|12|5|3|1|1|1|1|1,9,8,622699,silent,622691
12,23|12|5|2|2|1|1|1|1,9,17,630171,silent,630154
12,23|12|4|4|1|1|1|1|1,9,4,334056,silent,334052
12,23|12|4|3|2|1|1|1|1,9,32,928582,silent,928550
12,23|12|4|2|2|2|1|1|1,9,40,487368,silent,487328
12,23|12|3|3|3|1|1|1|1,9,18,259634,silent,259616
12,23|12|3|3|2|2|1|1|1,9,49,416487,silent,416438
12,23|12|3|2|2|2|2|1|1,9,56,174785,silent,174729
12,23|12|2|2|2|2|2|2|1,9,32,22454,silent,22422
12,23|11|8|1|1|1|1|1|1,9,1,90860,silent,90859
12,23|11|7|2|1|1|1|1|1,9,4,490234,silent,490230
12,23|11|6|3|1|1|1|1|1,9,22,1053017,silent,1052995
12,23|11|6|2|2|1|1|1|1,9,32,1025650,silent,1025618
12,23|11|5|4|1|1|1|1|1,9,18,1002907,silent,1002889
12,23|11|5|3|2|1|1|1|1,9,92,2199635,silent,2199543
12,23|11|5|2|2|2|1|1|1,9,101,1061125,silent,1061024
12,23|11|4|4|2|1|1|1|1,9,34,1271798,silent,1271764
12,23|11|4|3|3|1|1|1|1,9,58,1176400,silent,1176342
12,23|11|4|3|2|2|1|1|1,9,141,1730471,silent,1730330
12,23|11|4|2|2|2|2|1|1,9,135,564082,silent,563947
12,23|11|3|3|3|2|1|1|1,9,57,629387,silent,629330
12,23|11|3|3|2|2|2|1|1,9,95,503740,silent,503645
12,23|11|3|2|2|2|2|2|1,9,90,140603,silent,140513
12,23|11|2|2|2|2|2|2|2,9,28,11412,silent,11384
12,23|10|9|1|1|1|1|1|1,9,0,-1,a0,
12,23|10|8|2|1|1|1|1|1,9,7,432368,silent,432361
12,23|10|7|3|1|1|1|1|1,9,24,1214698,silent,1214674
12,23|10|7|2|2|1|1|1|1,9,42,1162804,silent,1162762
12,23|10|6|4|1|1|1|1|1,9,42,1673052,silent,1673010
12,23|10|6|3|2|1|1|1|1,9,146,3365600,silent,3365454
12,23|10|6|2|2|2|1|1|1,9,131,1555840,silent,1555709
12,23|10|5|5|1|1|1|1|1,9,21,820290,silent,820269
12,23|10|5|4|2|1|1|1|1,9,139,3562916,silent,3562777
12,23|10|5|3|3|1|1|1|1,9,125,2650704,silent,2650579
12,23|10|5|3|2|2|1|1|1,9,310,3769976,silent,3769666
12,23|10|5|2|2|2|2|1|1,9,225,1121781,silent,1121556
12,23|10|4|4|3|1|1|1|1,9,59,1934630,silent,1934571
12,23|10|4|4|2|2|1|1|1,9,127,2268896,silent,2268769
12,23|10|4|3|3|2|1|1|1,9,169,2655074,silent,2654905
12,23|10|4|3|2|2|2|1|1,9,273,1939915,silent,1939642
12,23|10|4|2|2|2|2|2|1,9,186,419001,silent,418815
12,23|10|3|3|3|3|1|1|1,9,21,459624,silent,459603
12,23|10|3|3|3|2|2|1|1,9,65,782776,silent,782711
12,23|10|3|3|2|2|2|2|1,9,85,380172,silent,380087
12,23|10|3|2|2|2|2|2|2,9,57,63761,silent,63704
12,23|9|9|2|1|1|1|1|1,9,1,172877,silent,172876
12,23|9|8|3|1|1|1|1|1,9,20,837106,silent,837086
12,23|9|8|2|2|1|1|1|1,9,30,793509,silent,793479
12,23|9|7|4|1|1|1|1|1,9,35,1680701,silent,1680666
12,23|9|7|3|2|1|1|1|1,9,139,3265607,silent,3265468
12,23|9|7|2|2|2|1|1|1,9,132,1483063,silent,1482931
12,23|9|6|5|1|1|1|1|1,9,47,1539585,silent,1539538
12,23|9|6|4|2|1|1|1|1,9,206,5196892,silent,5196686
12,23|9|6|3|3|1|1|1|1,9,173,3602196,silent,3602023
12,23|9|6|3|2|2|1|1|1,9,375,5026783,silent,5026408
12,23|9|6|2|2|2|2|1|1,9,248,1433834,silent,1433586
12,23|9|5|5|2|1|1|1|1,9,133,2711352,silent,2711219
12,23|9|5|4|3|1|1|1|1,9,191,5011198,silent,5011007
12,23|9|5|4|2|2|1|1|1,9,377,5708353,silent,5707976
12,23|9|5|3|3|2|1|1|1,9,317,5359932,silent,5359615
12,23|9|5|3|2|2|2|1|1,9,467,3767846,silent,3767379
12,23|9|5|2|2|2|2|2|1,9,237,737651,silent,737414
12,23|9|4|4|4|1|1|1|1,9,19,1201472,silent,1201453
12,23|9|4|4|3|2|1|1|1,9,173,4095583,silent,4095410
12,23|9|4|4|2|2|2|1|1,9,240,2345292,silent,2345052
12,23|9|4|3|3|3|1|1|1,9,72,1831053,silent,1830981
12,23|9|4|3|3|2|2|1|1,9,203,2991122,silent,2990919
12,23|9|4|3|2|2|2|2|1,9,259,1331120,silent,1330861
12,23|9|4|2|2|2|2|2|2,9,103,171086,silent,170983
12,23|9|3|3|3|3|2|1|1,9,15,685041,silent,685026
12,23|9|3|3|3|2|2|2|1,9,30,567656,silent,567626
12,23|9|3|3|2|2|2|2|2,9,34,156102,silent,156068
12,23|8|8|4|1|1|1|1|1,9,24,721714,silent,721690
12,23|8|8|3|2|1|1|1|1,9,60,1377017,silent,1376957
12,23|8|8|2|2|2|1|1|1,9,48,617391,silent,617343
12,23|8|7|5|1|1|1|1|1,9,34,1282992,silent,1282958
12,23|8|7|4|2|1|1|1|1,9,159,4003893,silent,4003734
12,23|8|7|3|3|1|1|1|1,9,118,2697871,silent,2697753
12,23|8|7|3|2|2|1|1|1,9,274,3735269,silent,3734995
12,23|8|7|2|2|2|2|1|1,9,171,1044914,silent,1044743
12,23|8|6|6|1|1|1|1|1,9,26,684769,silent,684743
12,23|8|6|5|2|1|1|1|1,9,191,4193610,silent,4193419
12,23|8|6|4|3|1|1|1|1,9,246,6145020,silent,6144774
12,23|8|6|4|2|2|1|1|1,9,407,6876980,silent,6876573
12,23|8|6|3|3|2|1|1|1,9,342,6033490,silent,6033148
12,23|8|6|3|2|2|2|1|1,9,451,4153133,silent,4152682
12,23|8|6|2|2|2|2|2|1,9,219,781190,silent,780971
12,23|8|5|5|3|1|1|1|1,9,166,3591008,silent,3590842
12,23|8|5|5|2|2|1|1|1,9,274,3815188,silent,3814914
12,23|8|5|4|4|1|1|1|1,9,93,2914869,silent,2914776
12,23|8|5|4|3|2|1|1|1,9,430,9170429,silent,9169999
12,23|8|5|4|2|2|2|1|1,9,476,5064073,silent,5063597
12,23|8|5|3|3|3|1|1|1,9,109,3234557,silent,3234448
12,23|8|5|3|3|2|2|1|1,9,327,5197304,silent,5196977
12,23|8|5|3|2|2|2|2|1,9,341,2216975,silent,2216634
12,23|8|5|2|2|2|2|2|2,9,107,257524,silent,257417
12,23|8|4|4|4|2|1|1|1,9,64,2461350,silent,2461286
12,23|8|4|4|3|3|1|1|1,9,80,2735236,silent,2735156
12,23|8|4|4|3|2|2|1|1,9,231,4134794,silent,4134563
12,23|8|4|4|2|2|2|2|1,9,226,1435709,silent,1435483
12,23|8|4|3|3|3|2|1|1,9,58,2405137,silent,2405079
12,23|8|4|3|3|2|2|2|1,9,122,1911000,silent,1910878
12,23|8|4|3|2|2|2|2|2,9,109,484254,silent,484145
12,23|8|3|3|3|3|3|1|1,9,0,-1,a0,
12,23|8|3|3|3|3|2|2|1,9,3,497197,silent,497194
12,23|8|3|3|3|2|2|2|2,9,5,214586,silent,214581
12,23|7|7|6|1|1|1|1|1,9,6,416243,silent,416237
12,23|7|7|5|2|1|1|1|1,9,87,2072660,silent,2072573
12,23|7|7|4|3|1|1|1|1,9,104,2846428,silent,2846324
12,23|7|7|4|2|2|1|1|1,9,208,3173879,silent,3173671
12,23|7|7|3|3|2|1|1|1,9,146,2712100,silent,2711954
12,23|7|7|3|2|2|2|1|1,9,203,1855414,silent,1855211
12,23|7|7|2|2|2|2|2|1,9,82,341373,silent,341291
12,23|7|6|6|2|1|1|1|1,9,54,1405433,silent,1405379
12,23|7|6|5|3|1|1|1|1,9,187,4180105,silent,4179918
12,23|7|6|5|2|2|1|1|1,9,264,4365528,silent,4365264
12,23|7|6|4|4|1|1|1|1,9,85,2765123,silent,2765038
12,23|7|6|4|3|2|1|1|1,9,386,8414393,silent,8414007
12,23|7|6|4|2|2|2|1|1,9,387,4563974,silent,4563587
12,23|7|6|3|3|3|1|1|1,9,102,2758727,silent,2758625
12,23|7|6|3|3|2|2|1|1,9,258,4390960,silent,4390702
12,23|7|6|3|2|2|2|2|1,9,257,1838215,silent,1837958
12,23|7|6|2|2|2|2|2|2,9,75,205392,silent,205317
12,23|7|5|5|4|1|1|1|1,9,104,2182860,silent,2182756
12,23|7|5|5|3|2|1|1|1,9,283,5437792,silent,5437509
12,23|7|5|5|2|2|2|1|1,9,236,2774270,silent,2774034
12,23|7|5|4|4|2|1|1|1,9,185,4860765,silent,4860580
12,23|7|5|4|3|3|1|1|1,9,145,5026144,silent,5025999
12,23|7|5|4|3|2|2|1|1,9,403,7501766,silent,7501363
12,23|7|5|4|2|2|2|2|1,9,292,2497630,silent,2497338
12,23|7|5|3|3|3|2|1|1,9,78,3457209,silent,3457131
12,23|7|5|3|3|2|2|2|1,9,157,2698238,silent,2698081
12,23|7|5|3|2|2|2|2|2,9,105,653065,silent,652960
12,23|7|4|4|4|3|1|1|1,9,32,1811774,silent,1811742
12,23|7|4|4|4|2|2|1|1,9,101,2202910,silent,2202809
12,23|7|4|4|3|3|2|1|1,9,77,3094278,silent,3094201
12,23|7|4|4|3|2|2|2|1,9,160,2262722,silent,2262562
12,23|7|4|4|2|2|2|2|2,9,91,447246,silent,447155
12,23|7|4|3|3|3|3|1|1,9,4,895112,silent,895108
12,23|7|4|3|3|3|2|2|1,9,16,1469196,silent,1469180
12,23|7|4|3|3|2|2|2|2,9,34,612578,silent,612544
12,23|7|3|3|3|3|3|2|1,9,0,-1,a0,
12,23|7|3|3|3|3|2|2|2,9,0,-1,a0,
12,23|6|6|6|3|1|1|1|1,9,38,831703,silent,831665
12,23|6|6|6|2|2|1|1|1,9,31,838202,silent,838171
12,23|6|6|5|4|1|1|1|1,9,65,1486151,silent,1486086
12,23|6|6|5|3|2|1|1|1,9,173,3593553,silent,3593380
12,23|6|6|5|2|2|2|1|1,9,126,1801581,silent,1801455
12,23|6|6|4|4|2|1|1|1,9,84,2660994,silent,2660910
12,23|6|6|4|3|3|1|1|1,9,95,2694564,silent,2694469
12,23|6|6|4|3|2|2|1|1,9,198,3985748,silent,3985550
12,23|6|6|4|2|2|2|2|1,9,154,1309143,silent,1308989
12,23|6|6|3|3|3|2|1|1,9,47,1725595,silent,1725548
12,23|6|6|3|3|2|2|2|1,9,72,1332920,silent,1332848
12,23|6|6|3|2|2|2|2|2,9,59,319651,silent,319592
12,23|6|5|5|5|1|1|1|1,9,31,470788,silent,470757
12,23|6|5|5|4|2|1|1|1,9,135,2693052,silent,2692917
12,23|6|5|5|3|3|1|1|1,9,70,2252233,silent,2252163
12,23|6|5|5|3|2|2|1|1,9,164,3269942,silent,3269778
12,23|6|5|5|2|2|2|2|1,9,80,999658,silent,999578
12,23|6|5|4|4|3|1|1|1,9,69,2619371,silent,2619302
12,23|6|5|4|4|2|2|1|1,9,141,3145642,silent,3145501
12,23|6|5|4|3|3|2|1|1,9,100,4133682,silent,4133582
12,23|6|5|4|3|2|2|2|1,9,172,2974184,silent,2974012
12,23|6|5|4|2|2|2|2|2,9,76,562581,silent,562505
12,23|6|5|3|3|3|3|1|1,9,4,949414,silent,949410
12,23|6|5|3|3|3|2|2|1,9,23,1547842,silent,1547819
12,23|6|5|3|3|2|2|2|2,9,31,633390,silent,633359
12,23|6|4|4|4|4|1|1|1,9,3,448235,silent,448232
12,23|6|4|4|4|3|2|1|1,9,42,1706586,silent,1706544
12,23|6|4|4|4|2|2|2|1,9,75,986902,silent,986827
12,23|6|4|4|3|3|3|1|1,9,7,957063,silent,957056
12,23|6|4|4|3|3|2|2|1,9,30,1514093,silent,1514063
12,23|6|4|4|3|2|2|2|2,9,50,582936,silent,582886
12,23|6|4|3|3|3|3|2|1,9,0,-1,a0,
12,23|6|4|3|3|3|2|2|2,9,1,406891,silent,406890
12,23|6|3|3|3|3|3|3|1,9,0,-1,a0,
12,23|6|3|3|3|3|3|2|2,9,0,-1,a0,
12,23|5|5|5|5|2|1|1|1,9,20,334166,silent,334146
12,23|5|5|5|4|3|1|1|1,9,30,825463,silent,825433
12,23|5|5|5|4|2|2|1|1,9,46,968182,silent,968136
12,23|5|5|5|3|3|2|1|1,9,20,1034280,silent,1034260
12,23|5|5|5|3|2|2|2|1,9,29,722184,silent,722155
12,23|5|5|5|2|2|2|2|2,9,4,124066,silent,124062
12,23|5|5|4|4|4|1|1|1,9,14,367460,silent,367446
12,23|5|5|4|4|3|2|1|1,9,37,1350910,silent,1350873
12,23|5|5|4|4|2|2|2|1,9,39,768124,silent,768085
12,23|5|5|4|3|3|3|1|1,9,2,706760,silent,706758
12,23|5|5|4|3|3|2|2|1,9,24,1118195,silent,1118171
12,23|5|5|4|3|2|2|2|2,9,23,421831,silent,421808
12,23|5|5|3|3|3|3|2|1,9,0,-1,a0,
12,23|5|5|3|3|3|2|2|2,9,4,242964,silent,242960
12,23|5|4|4|4|4|2|1|1,9,9,332447,silent,332438
12,23|5|4|4|4|3|3|1|1,9,3,411649,silent,411646
12,23|5|4|4|4|3|2|2|1,9,23,608363,silent,608340
12,23|5|4|4|4|2|2|2|2,9,21,184423,silent,184402
12,23|5|4|4|3|3|3|2|1,9,0,-1,a0,
12,23|5|4|4|3|3|2|2|2,9,5,298167,silent,298162
12,23|5|4|3|3|3|3|3|1,9,0,-1,a0,
12,23|5|4|3|3|3|3|2|2,9,0,-1,a0,
12,23|5|3|3|3|3|3|3|2,9,0,-1,a0,
12,23|4|4|4|4|4|3|1|1,9,0,-1,a0,
12,23|4|4|4|4|4|2|2|1,9,6,67462,silent,67456
12,23|4|4|4|4|3|3|2|1,9,0,-1,a0,
12,23|4|4|4|4|3|2|2|2,9,5,65466,silent,65461
12,23|4|4|4|3|3|3|3|1,9,0,-1,a0,
12,23|4|4|4|3|3|3|2|2,9,0,-1,a0,
12,23|4|4|3|3|3|3|3|2,9,0,-1,a0,
12,23|4|3|3|3|3|3|3|3,9,0,-1,a0,
12,22|19|1|1|1|1|1|1|1,9,0,-1,a0,
12,22|18|2|1|1|1|1|1|1,9,0,-1,a0,
12,22|17|3|1|1|1|1|1|1,9,0,-1,a0,
12,22|17|2|2|1|1|1|1|1,9,0,-1,a0,
12,22|16|4|1|1|1|1|1|1,9,0,-1,a0,
12,22|16|3|2|1|1|1|1|1,9,0,-1,a0,
12,22|16|2|2|2|1|1|1|1,9,0,-1,a0,
12,22|15|5|1|1|1|1|1|1,9,0,-1,a0,
12,22|15|4|2|1|1|1|1|1,9,0,-1,a0,
12,22|15|3|3|1|1|1|1|1,9,0,-1,a0,
12,22|15|3|2|2|1|1|1|1,9,0,-1,a0,
12,22|15|2|2|2|2|1|1|1,9,0,-1,a0,
12,22|14|6|1|1|1|1|1|1,9,0,-1,a0,
12,22|14|5|2|1|1|1|1|1,9,0,-1,a0,
12,22|14|4|3|1|1|1|1|1,9,2,263364,silent,263362
12,22|14|4|2|2|1|1|1|1,9,5,286930,silent,286925
12,22|14|3|3|2|1|1|1|1,9,10,221770,silent,221760
12,22|14|3|2|2|2|1|1|1,9,15,148998,silent,148983
12,22|14|2|2|2|2|2|1|1,9,10,26361,silent,26351
12,22|13|7|1|1|1|1|1|1,9,0,-1,a0,
12,22|13|6|2|1|1|1|1|1,9,4,447152,silent,447148
12,22|13|5|3|1|1|1|1|1,9,12,721196,silent,721184
12,22|13|5|2|2|1|1|1|1,9,22,726771,silent,726749
12,22|13|4|4|1|1|1|1|1,9,6,384702,silent,384696
12,22|13|4|3|2|1|1|1|1,9,44,1064237,silent,1064193
12,22|13|4|2|2|2|1|1|1,9,52,555484,silent,555432
12,22|13|3|3|3|1|1|1|1,9,25,296009,silent,295984
12,22|13|3|3|2|2|1|1|1,9,61,472322,silent,472261
12,22|13|3|2|2|2|2|1|1,9,67,196664,silent,196597
12,22|13|2|2|2|2|2|2|1,9,35,24859,silent,24824
12,22|12|8|1|1|1|1|1|1,9,0,-1,a0,
12,22|12|7|2|1|1|1|1|1,9,8,647280,silent,647272
12,22|12|6|3|1|1|1|1|1,9,33,1361886,silent,1361853
12,22|12|6|2|2|1|1|1|1,9,54,1320706,silent,1320652
12,22|12|5|4|1|1|1|1|1,9,30,1283193,silent,1283163
12,22|12|5|3|2|1|1|1|1,9,139,2795366,silent,2795227
12,22|12|5|2|2|2|1|1|1,9,139,1339121,silent,1338982
12,22|12|4|4|2|1|1|1|1,9,59,1606337,silent,1606278
12,22|12|4|3|3|1|1|1|1,9,82,1479102,silent,1479020
12,22|12|4|3|2|2|1|1|1,9,203,2165682,silent,2165479
12,22|12|4|2|2|2|2|1|1,9,166,699118,silent,698952
12,22|12|3|3|3|2|1|1|1,9,80,781982,silent,781902
12,22|12|3|3|2|2|2|1|1,9,127,621310,silent,621183
12,22|12|3|2|2|2|2|2|1,9,107,171319,silent,171212
12,22|12|2|2|2|2|2|2|2,9,35,13759,silent,13724
12,22|11|9|1|1|1|1|1|1,9,1,103805,silent,103804
12,22|11|8|2|1|1|1|1|1,9,14,683060,silent,683046
12,22|11|7|3|1|1|1|1|1,9,50,1820244,silent,1820194
12,22|11|7|2|2|1|1|1|1,9,73,1733974,silent,1733901
12,22|11|6|4|1|1|1|1|1,9,76,2435818,silent,2435742
12,22|11|6|3|2|1|1|1|1,9,252,4866357,silent,4866105
12,22|11|6|2|2|2|1|1|1,9,213,2235041,silent,2234828
12,22|11|5|5|1|1|1|1|1,9,39,1181157,silent,1181118
12,22|11|5|4|2|1|1|1|1,9,237,5069549,silent,5069312
12,22|11|5|3|3|1|1|1|1,9,216,3752527,silent,3752311
12,22|11|5|3|2|2|1|1|1,9,483,5310443,silent,5309960
12,22|11|5|2|2|2|2|1|1,9,327,1565332,silent,1565005
12,22|11|4|4|3|1|1|1|1,9,105,2713274,silent,2713169
12,22|11|4|4|2|2|1|1|1,9,211,3169464,silent,3169253
12,22|11|4|3|3|2|1|1|1,9,269,3685931,silent,3685662
12,22|11|4|3|2|2|2|1|1,9,397,2673454,silent,2673057
12,22|11|4|2|2|2|2|2|1,9,241,569365,silent,569124
12,22|11|3|3|3|3|1|1|1,9,37,630870,silent,630833
12,22|11|3|3|3|2|2|1|1,9,95,1067450,silent,1067355
12,22|11|3|3|2|2|2|2|1,9,117,513263,silent,513146
12,22|11|3|2|2|2|2|2|2,9,67,84349,silent,84282
12,22|10|10|1|1|1|1|1|1,9,0,-1,a0,
12,22|10|9|2|1|1|1|1|1,9,9,447431,silent,447422
12,22|10|8|3|1|1|1|1|1,9,51,1640794,silent,1640743
12,22|10|8|2|2|1|1|1|1,9,78,1545761,silent,1545683
12,22|10|7|4|1|1|1|1|1,9,93,2976784,silent,2976691
12,22|10|7|3|2|1|1|1|1,9,295,5726866,silent,5726571
12,22|10|7|2|2|2|1|1|1,9,246,2577338,silent,2577092
12,22|10|6|5|1|1|1|1|1,9,101,2609342,silent,2609241
12,22|10|6|4|2|1|1|1|1,9,427,8678697,silent,8678270
12,22|10|6|3|3|1|1|1|1,9,327,5975140,silent,5974813
12,22|10|6|3|2|2|1|1|1,9,684,8291798,silent,8291114
12,22|10|6|2|2|2|2|1|1,9,394,2338475,silent,2338081
12,22|10|5|5|2|1|1|1|1,9,246,4437875,silent,4437629
12,22|10|5|4|3|1|1|1|1,9,378,8102598,silent,8102220
12,22|10|5|4|2|2|1|1|1,9,671,9177871,silent,9177200
12,22|10|5|3|3|2|1|1|1,9,573,8558471,silent,8557898
12,22|10|5|3|2|2|2|1|1,9,762,5965298,silent,5964536
12,22|10|5|2|2|2|2|2|1,9,350,1151489,silent,1151139
12,22|10|4|4|4|1|1|1|1,9,56,1909471,silent,1909415
12,22|10|4|4|3|2|1|1|1,9,327,6453341,silent,6453014
12,22|10|4|4|2|2|2|1|1,9,381,3664720,silent,3664339
12,22|10|4|3|3|3|1|1|1,9,129,2856123,silent,2855994
12,22|10|4|3|3|2|2|1|1,9,356,4638917,silent,4638561
12,22|10|4|3|2|2|2|2|1,9,383,2040576,silent,2040193
12,22|10|4|2|2|2|2|2|2,9,149,257705,silent,257556
12,22|10|3|3|3|3|2|1|1,9,29,1045349,silent,1045320
12,22|10|3|3|3|2|2|2|1,9,53,858153,silent,858100
12,22|10|3|3|2|2|2|2|2,9,44,232397,silent,232353
12,22|9|9|3|1|1|1|1|1,9,20,664939,silent,664919
12,22|9|9|2|2|1|1|1|1,9,25,625237,silent,625212
12,22|9|8|4|1|1|1|1|1,9,72,2109379,silent,2109307
12,22|9|8|3|2|1|1|1|1,9,209,3985144,silent,3984935
12,22|9|8|2|2|2|1|1|1,9,161,1774071,silent,1773910
12,22|9|7|5|1|1|1|1|1,9,101,2903456,silent,2903355
12,22|9|7|4|2|1|1|1|1,9,420,8880113,silent,8879693
12,22|9|7|3|3|1|1|1|1,9,319,5929989,silent,5929670
12,22|9|7|3|2|2|1|1|1,9,655,8159745,silent,8159090
12,22|9|7|2|2|2|2|1|1,9,374,2254306,silent,2253932
12,22|9|6|6|1|1|1|1|1,9,57,1432261,silent,1432204
12,22|9|6|5|2|1|1|1|1,9,444,8505836,silent,8505392
12,22|9|6|4|3|1|1|1|1,9,573,12249255,silent,12248682
12,22|9|6|4|2|2|1|1|1,9,918,13632327,silent,13631409
12,22|9|6|3|3|2|1|1|1,9,744,11839612,silent,11838868
12,22|9|6|3|2|2|2|1|1,9,898,8077128,silent,8076230
12,22|9|6|2|2|2|2|2|1,9,379,1492168,silent,1491789
12,22|9|5|5|3|1|1|1|1,9,369,6906097,silent,6905728
12,22|9|5|5|2|2|1|1|1,9,549,7286765,silent,7286216
12,22|9|5|4|4|1|1|1|1,9,208,5527601,silent,5527393
12,22|9|5|4|3|2|1|1|1,9,924,17211641,silent,17210717
12,22|9|5|4|2|2|2|1|1,9,914,9416560,silent,9415646
12,22|9|5|3|3|3|1|1|1,9,248,5990761,silent,5990513
12,22|9|5|3|3|2|2|1|1,9,637,9563685,silent,9563048
12,22|9|5|3|2|2|2|2|1,9,593,4027541,silent,4026948
12,22|9|5|2|2|2|2|2|2,9,157,456748,silent,456591
12,22|9|4|4|4|2|1|1|1,9,156,4499718,silent,4499562
12,22|9|4|4|3|3|1|1|1,9,173,4956248,silent,4956075
12,22|9|4|4|3|2|2|1|1,9,456,7451784,silent,7451328
12,22|9|4|4|2|2|2|2|1,9,373,2551607,silent,2551234
12,22|9|4|3|3|3|2|1|1,9,127,4272296,silent,4272169
12,22|9|4|3|3|2|2|2|1,9,224,3362674,silent,3362450
12,22|9|4|3|2|2|2|2|2,9,167,836683,silent,836516
12,22|9|3|3|3|3|3|1|1,9,3,511888,silent,511885
12,22|9|3|3|3|3|2|2|1,9,8,854240,silent,854232
12,22|9|3|3|3|2|2|2|2,9,13,364392,silent,364379
12,22|8|8|5|1|1|1|1|1,9,54,1294557,silent,1294503
12,22|8|8|4|2|1|1|1|1,9,195,3828584,silent,3828389
12,22|8|8|3|3|1|1|1|1,9,122,2526257,silent,2526135
12,22|8|8|3|2|2|1|1|1,9,260,3454647,silent,3454387
12,22|8|8|2|2|2|2|1|1,9,127,943743,silent,943616
12,22|8|7|6|1|1|1|1|1,9,53,1529055,silent,1529002
12,22|8|7|5|2|1|1|1|1,9,359,7189202,silent,7188843
12,22|8|7|4|3|1|1|1|1,9,438,9614182,silent,9613744
12,22|8|7|4|2|2|1|1|1,9,707,10618660,silent,10617953
12,22|8|7|3|3|2|1|1|1,9,531,8961435,silent,8960904
12,22|8|7|3|2|2|2|1|1,9,642,6053593,silent,6052951
12,22|8|7|2|2|2|2|2|1,9,245,1094356,silent,1094111
12,22|8|6|6|2|1|1|1|1,9,189,3897192,silent,3897003
12,22|8|6|5|3|1|1|1|1,9,548,11024325,silent,11023777
12,22|8|6|5|2|2|1|1|1,9,735,11419597,silent,11418862
12,22|8|6|4|4|1|1|1|1,9,290,7137565,silent,7137275
12,22|8|6|4|3|2|1|1|1,9,1096,21427035,silent,21425939
12,22|8|6|4|2|2|2|1|1,9,964,11488631,silent,11487667
12,22|8|6|3|3|3|1|1|1,9,283,6898163,silent,6897880
12,22|8|6|3|3|2|2|1|1,9,692,10897859,silent,10897167
12,22|8|6|3|2|2|2|2|1,9,591,4494084,silent,4493493
12,22|8|6|2|2|2|2|2|2,9,166,490439,silent,490273
12,22|8|5|5|4|1|1|1|1,9,263,5217918,silent,5217655
12,22|8|5|5|3|2|1|1|1,9,710,12817469,silent,12816759
12,22|8|5|5|2|2|2|1|1,9,551,6460623,silent,6460072
12,22|8|5|4|4|2|1|1|1,9,482,11209339,silent,11208857
12,22|8|5|4|3|3|1|1|1,9,406,11476310,silent,11475904
12,22|8|5|4|3|2|2|1|1,9,961,16999954,silent,16998993
12,22|8|5|4|2|2|2|2|1,9,619,5575109,silent,5574490
12,22|8|5|3|3|3|2|1|1,9,215,7687456,silent,7687241
12,22|8|5|3|3|2|2|2|1,9,354,5931117,silent,5930763
12,22|8|5|3|2|2|2|2|2,9,203,1409065,silent,1408862
12,22|8|4|4|4|3|1|1|1,9,105,3948788,silent,3948683
12,22|8|4|4|4|2|2|1|1,9,219,4767594,silent,4767375
12,22|8|4|4|3|3|2|1|1,9,199,6622873,silent,6622674
12,22|8|4|4|3|2|2|2|1,9,326,4789782,silent,4789456
12,22|8|4|4|2|2|2|2|2,9,172,927751,silent,927579
12,22|8|4|3|3|3|3|1|1,9,12,1871010,silent,1870998
12,22|8|4|3|3|3|2|2|1,9,48,3047097,silent,3047049
12,22|8|4|3|3|2|2|2|2,9,61,1250641,silent,1250580
12,22|8|3|3|3|3|3|2|1,9,0,-1,a0,
12,22|8|3|3|3|3|2|2|2,9,1,344354,silent,344353
12,22|7|7|7|1|1|1|1|1,9,6,264334,silent,264328
12,22|7|7|6|2|1|1|1|1,9,103,2409575,silent,2409472
12,22|7|7|5|3|1|1|1|1,9,262,5526425,silent,5526163
12,22|7|7|5|2|2|1|1|1,9,381,5699369,silent,5698988
12,22|7|7|4|4|1|1|1|1,9,123,3381594,silent,3381471
12,22|7|7|4|3|2|1|1|1,9,508,10013710,silent,10013202
12,22|7|7|4|2|2|2|1|1,9,472,5333929,silent,5333457
12,22|7|7|3|3|3|1|1|1,9,122,3129165,silent,3129043
12,22|7|7|3|3|2|2|1|1,9,283,4930258,silent,4929975
12,22|7|7|3|2|2|2|2|1,9,238,2013213,silent,2012975
12,22|7|7|2|2|2|2|2|2,9,40,212968,silent,212928
12,22|7|6|6|3|1|1|1|1,9,171,3887769,silent,3887598
12,22|7|6|6|2|2|1|1|1,9,209,3898400,silent,3898191
12,22|7|6|5|4|1|1|1|1,9,291,6355745,silent,6355454
12,22|7|6|5|3|2|1|1|1,9,772,15089212,silent,15088440
12,22|7|6|5|2|2|2|1|1,9,555,7465382,silent,7464827
12,22|7|6|4|4|2|1|1|1,9,441,10769664,silent,10769223
12,22|7|6|4|3|3|1|1|1,9,386,10725311,silent,10724925
12,22|7|6|4|3|2|2|1|1,9,838,15751807,silent,15750969
12,22|7|6|4|2|2|2|2|1,9,512,5069030,silent,5068518
12,22|7|6|3|3|3|2|1|1,9,191,6618349,silent,6618158
12,22|7|6|3|3|2|2|2|1,9,280,5053353,silent,5053073
12,22|7|6|3|2|2|2|2|2,9,161,1178293,silent,1178132
12,22|7|5|5|5|1|1|1|1,9,103,1574471,silent,1574368
12,22|7|5|5|4|2|1|1|1,9,444,8705348,silent,8704904
12,22|7|5|5|3|3|1|1|1,9,261,7179044,silent,7178783
12,22|7|5|5|3|2|2|1|1,9,528,10323514,silent,10322986
12,22|7|5|5|2|2|2|2|1,9,241,3098483,silent,3098242
12,22|7|5|4|4|3|1|1|1,9,248,8032229,silent,8031981
12,22|7|5|4|4|2|2|1|1,9,461,9564715,silent,9564254
12,22|7|5|4|3|3|2|1|1,9,344,12373265,silent,12372921
12,22|7|5|4|3|2|2|2|1,9,487,8787350,silent,8786863
12,22|7|5|4|2|2|2|2|2,9,174,1620253,silent,1620079
12,22|7|5|3|3|3|3|1|1,9,24,2747174,silent,2747150
12,22|7|5|3|3|3|2|2|1,9,78,4439171,silent,4439093
12,22|7|5|3|3|2|2|2|2,9,91,1786182,silent,1786091
12,22|7|4|4|4|4|1|1|1,9,24,1245594,silent,1245570
12,22|7|4|4|4|3|2|1|1,9,133,4658403,silent,4658270
12,22|7|4|4|4|2|2|2|1,9,176,2655676,silent,2655500
12,22|7|4|4|3|3|3|1|1,9,25,2554914,silent,2554889
12,22|7|4|4|3|3|2|2|1,9,92,4014897,silent,4014805
12,22|7|4|4|3|2|2|2|2,9,105,1515535,silent,1515430
12,22|7|4|3|3|3|3|2|1,9,1,1511583,silent,1511582
12,22|7|4|3|3|3|2|2|2,9,7,1027967,silent,1027960
12,22|7|3|3|3|3|3|3|1,9,0,-1,a0,
12,22|7|3|3|3|3|3|2|2,9,0,-1,a0,
12,22|6|6|6|4|1|1|1|1,9,60,1382378,silent,1382318
12,22|6|6|6|3|2|1|1|1,9,135,3042041,silent,3041906
12,22|6|6|6|2|2|2|1|1,9,77,1450996,silent,1450919
12,22|6|6|5|5|1|1|1|1,9,62,1159815,silent,1159753
12,22|6|6|5|4|2|1|1|1,9,260,5967943,silent,5967683
12,22|6|6|5|3|3|1|1|1,9,191,4818180,silent,4817989
12,22|6|6|5|3|2|2|1|1,9,335,6864407,silent,6864072
12,22|6|6|5|2|2|2|2|1,9,168,2032457,silent,2032289
12,22|6|6|4|4|3|1|1|1,9,138,4461653,silent,4461515
12,22|6|6|4|4|2|2|1|1,9,209,5273496,silent,5273287
12,22|6|6|4|3|3|2|1|1,9,204,6673659,silent,6673455
12,22|6|6|4|3|2|2|2|1,9,251,4698241,silent,4697990
12,22|6|6|4|2|2|2|2|2,9,119,857985,silent,857866
12,22|6|6|3|3|3|3|1|1,9,13,1384791,silent,1384778
12,22|6|6|3|3|3|2|2|1,9,37,2222535,silent,2222498
12,22|6|6|3|3|2|2|2|2,9,33,885554,silent,885521
12,22|6|5|5|5|2|1|1|1,9,115,1986419,silent,1986304
12,22|6|5|5|4|3|1|1|1,9,175,4674787,silent,4674612
12,22|6|5|5|4|2|2|1|1,9,247,5411142,silent,5410895
12,22|6|5|5|3|3|2|1|1,9,150,5663178,silent,5663028
12,22|6|5|5|3|2|2|2|1,9,164,3884039,silent,3883875
12,22|6|5|5|2|2|2|2|2,9,36,653296,silent,653260
12,22|6|5|4|4|4|1|1|1,9,53,1889075,silent,1889022
12,22|6|5|4|4|3|2|1|1,9,197,6821451,silent,6821254
12,22|6|5|4|4|2|2|2|1,9,192,3820763,silent,3820571
12,22|6|5|4|3|3|3|1|1,9,37,3469689,silent,3469652
12,22|6|5|4|3|3|2|2|1,9,119,5422138,silent,5422019
12,22|6|5|4|3|2|2|2|2,9,104,2004978,silent,2004874
12,22|6|5|3|3|3|3|2|1,9,5,1619516,silent,1619511
12,22|6|5|3|3|3|2|2|2,9,12,1092503,silent,1092491
12,22|6|4|4|4|4|2|1|1,9,32,1289765,silent,1289733
12,22|6|4|4|4|3|3|1|1,9,25,1569761,silent,1569736
12,22|6|4|4|4|3|2|2|1,9,77,2298037,silent,2297960
12,22|6|4|4|4|2|2|2|2,9,67,681168,silent,681101
12,22|6|4|4|3|3|3|2|1,9,5,1645474,silent,1645469
12,22|6|4|4|3|3|2|2|2,9,15,1075283,silent,1075268
12,22|6|4|3|3|3|3|3|1,9,0,-1,a0,
12,22|6|4|3|3|3|3|2|2,9,0,-1,a0,
12,22|6|3|3|3|3|3|3|2,9,0,-1,a0,
12,22|5|5|5|5|3|1|1|1,9,26,638874,silent,638848
12,22|5|5|5|5|2|2|1|1,9,23,693299,silent,693276
12,22|5|5|5|4|4|1|1|1,9,34,654403,silent,654369
12,22|5|5|5|4|3|2|1|1,9,61,2188915,silent,2188854
12,22|5|5|5|4|2|2|2|1,9,35,1186150,silent,1186115
12,22|5|5|5|3|3|3|1|1,9,7,889310,silent,889303
12,22|5|5|5|3|3|2|2|1,9,29,1377846,silent,1377817
12,22|5|5|5|3|2|2|2|2,9,15,490316,silent,490301
12,22|5|5|4|4|4|2|1|1,9,42,1063258,silent,1063216
12,22|5|5|4|4|3|3|1|1,9,15,1256089,silent,1256074
12,22|5|5|4|4|3|2|2|1,9,49,1829460,silent,1829411
12,22|5|5|4|4|2|2|2|2,9,17,528406,silent,528389
12,22|5|5|4|3|3|3|2|1,9,6,1228937,silent,1228931
12,22|5|5|4|3|3|2|2|2,9,18,801425,silent,801407
12,22|5|5|3|3|3|3|3|1,9,0,-1,a0,
12,22|5|5|3|3|3|3|2|2,9,0,-1,a0,
12,22|5|4|4|4|4|3|1|1,9,9,400950,silent,400941
12,22|5|4|4|4|4|2|2|1,9,25,476085,silent,476060
12,22|5|4|4|4|3|3|2|1,9,7,731468,silent,731461
12,22|5|4|4|4|3|2|2|2,9,18,443224,silent,443206
12,22|5|4|4|3|3|3|3|1,9,0,-1,a0,
12,22|5|4|4|3|3|3|2|2,9,0,-1,a0,
12,22|5|4|3|3|3|3|3|2,9,0,-1,a0,
12,22|5|3|3|3|3|3|3|3,9,0,-1,a0,
12,22|4|4|4|4|4|4|1|1,9,0,-1,a0,
12,22|4|4|4|4|4|3|2|1,9,3,105027,silent,105024
12,22|4|4|4|4|4|2|2|2,9,10,51922,silent,51912
12,22|4|4|4|4|3|3|3|1,9,0,-1,a0,
12,22|4|4|4|4|3|3|2|2,9,0,-1,a0,
12,22|4|4|4|3|3|3|3|2,9,0,-1,a0,
12,22|4|4|3|3|3|3|3|3,9,0,-1,a0,
12,21|20|1|1|1|1|1|1|1,9,0,-1,a0,
12,21|19|2|1|1|1|1|1|1,9,0,-1,a0,
12,21|18|3|1|1|1|1|1|1,9,0,-1,a0,
12,21|18|2|2|1|1|1|1|1,9,0,-1,a0,
12,21|17|4|1|1|1|1|1|1,9,0,-1,a0,
12,21|17|3|2|1|1|1|1|1,9,0,-1,a0,
12,21|17|2|2|2|1|1|1|1,9,0,-1,a0,
12,21|16|5|1|1|1|1|1|1,9,0,-1,a0,
12,21|16|4|2|1|1|1|1|1,9,0,-1,a0,
12,21|16|3|3|1|1|1|1|1,9,0,-1,a0,
12,21|16|3|2|2|1|1|1|1,9,0,-1,a0,
12,21|16|2|2|2|2|1|1|1,9,0,-1,a0,
12,21|15|6|1|1|1|1|1|1,9,0,-1,a0,
12,21|15|5|2|1|1|1|1|1,9,0,-1,a0,
12,21|15|4|3|1|1|1|1|1,9,3,250799,silent,250796
12,21|15|4|2|2|1|1|1|1,9,4,272315,silent,272311
12,21|15|3|3|2|1|1|1|1,9,11,210384,silent,210373
12,21|15|3|2|2|2|1|1|1,9,15,140783,silent,140768
12,21|15|2|2|2|2|2|1|1,9,12,24901,silent,24889
12,21|14|7|1|1|1|1|1|1,9,0,-1,a0,
12,21|14|6|2|1|1|1|1|1,9,5,468940,silent,468935
12,21|14|5|3|1|1|1|1|1,9,14,751488,silent,751474
12,21|14|5|2|2|1|1|1|1,9,27,754813,silent,754786
12,21|14|4|4|1|1|1|1|1,9,7,399323,silent,399316
12,21|14|4|3|2|1|1|1|1,9,53,1100359,silent,1100306
12,21|14|4|2|2|2|1|1|1,9,58,571636,silent,571578
12,21|14|3|3|3|1|1|1|1,9,27,304857,silent,304830
12,21|14|3|3|2|2|1|1|1,9,68,484496,silent,484428
12,21|14|3|2|2|2|2|1|1,9,70,200393,silent,200323
12,21|14|2|2|2|2|2|2|1,9,34,25037,silent,25003
12,21|13|8|1|1|1|1|1|1,9,1,148076,silent,148075
12,21|13|7|2|1|1|1|1|1,9,11,754865,silent,754854
12,21|13|6|3|1|1|1|1|1,9,47,1568155,silent,1568108
12,21|13|6|2|2|1|1|1|1,9,67,1515598,silent,1515531
12,21|13|5|4|1|1|1|1|1,9,41,1466815,silent,1466774
12,21|13|5|3|2|1|1|1|1,9,182,3181598,silent,3181416
12,21|13|5|2|2|2|1|1|1,9,172,1517123,silent,1516951
12,21|13|4|4|2|1|1|1|1,9,76,1819501,silent,1819425
12,21|13|4|3|3|1|1|1|1,9,113,1671286,silent,1671173
12,21|13|4|3|2|2|1|1|1,9,250,2438288,silent,2438038
12,21|13|4|2|2|2|2|1|1,9,201,782407,silent,782206
12,21|13|3|3|3|2|1|1|1,9,99,875414,silent,875315
12,21|13|3|3|2|2|2|1|1,9,144,691105,silent,690961
12,21|13|3|2|2|2|2|2|1,9,116,188669,silent,188553
12,21|13|2|2|2|2|2|2|2,9,30,14614,silent,14584
12,21|12|9|1|1|1|1|1|1,9,1,148040,silent,148039
12,21|12|8|2|1|1|1|1|1,9,23,919282,silent,919259
12,21|12|7|3|1|1|1|1|1,9,78,2374411,silent,2374333
12,21|12|7|2|2|1|1|1|1,9,116,2252938,silent,2252822
12,21|12|6|4|1|1|1|1|1,9,119,3121389,silent,3121270
12,21|12|6|3|2|1|1|1|1,9,370,6202356,silent,6201986
12,21|12|6|2|2|2|1|1|1,9,293,2833091,silent,2832798
12,21|12|5|5|1|1|1|1|1,9,59,1502847,silent,1502788
12,21|12|5|4|2|1|1|1|1,9,351,6395502,silent,6395151
12,21|12|5|3|3|1|1|1|1,9,304,4716881,silent,4716577
12,21|12|5|3|2|2|1|1|1,9,660,6648459,silent,6647799
12,21|12|5|2|2|2|2|1|1,9,406,1944761,silent,1944355
12,21|12|4|4|3|1|1|1|1,9,161,3389837,silent,3389676
12,21|12|4|4|2|2|1|1|1,9,297,3946237,silent,3945940
12,21|12|4|3|3|2|1|1|1,9,373,4570370,silent,4569997
12,21|12|4|3|2|2|2|1|1,9,509,3295026,silent,3294517
12,21|12|4|2|2|2|2|2|1,9,284,694291,silent,694007
12,21|12|3|3|3|3|1|1|1,9,50,776013,silent,775963
12,21|12|3|3|3|2|2|1|1,9,131,1306374,silent,1306243
12,21|12|3|3|2|2|2|2|1,9,142,622852,silent,622710
12,21|12|3|2|2|2|2|2|2,9,77,100915,silent,100838
12,21|11|10|1|1|1|1|1|1,9,2,94336,silent,94334
12,21|11|9|2|1|1|1|1|1,9,20,779101,silent,779081
12,21|11|8|3|1|1|1|1|1,9,103,2571683,silent,2571580
12,21|11|8|2|2|1|1|1|1,9,132,2413245,silent,2413113
12,21|11|7|4|1|1|1|1|1,9,169,4436047,silent,4435878
12,21|11|7|3|2|1|1|1|1,9,509,8482525,silent,8482016
12,21|11|7|2|2|2|1|1|1,9,393,3796369,silent,3795976
12,21|11|6|5|1|1|1|1|1,9,174,3795950,silent,3795776
12,21|11|6|4|2|1|1|1|1,9,701,12502952,silent,12502251
12,21|11|6|3|3|1|1|1|1,9,546,8570636,silent,8570090
12,21|11|6|3|2|2|1|1|1,9,1061,11847718,silent,11846657
12,21|11|6|2|2|2|2|1|1,9,584,3316263,silent,3315679
12,21|11|5|5|2|1|1|1|1,9,399,6320484,silent,6320085
12,21|11|5|4|3|1|1|1|1,9,619,11443490,silent,11442871
12,21|11|5|4|2|2|1|1|1,9,1035,12913152,silent,12912117
12,21|11|5|3|3|2|1|1|1,9,884,11980695,silent,11979811
12,21|11|5|3|2|2|2|1|1,9,1084,8298400,silent,8297316
12,21|11|5|2|2|2|2|2|1,9,457,1583387,silent,1582930
12,21|11|4|4|4|1|1|1|1,9,86,2666210,silent,2666124
12,21|11|4|4|3|2|1|1|1,9,521,8960469,silent,8959948
12,21|11|4|4|2|2|2|1|1,9,564,5059864,silent,5059300
12,21|11|4|3|3|3|1|1|1,9,210,3936930,silent,3936720
12,21|11|4|3|3|2|2|1|1,9,511,6365109,silent,6364598
12,21|11|4|3|2|2|2|2|1,9,512,2774768,silent,2774256
12,21|11|4|2|2|2|2|2|2,9,164,343503,silent,343339
12,21|11|3|3|3|3|2|1|1,9,50,1419288,silent,1419238
12,21|11|3|3|3|2|2|2|1,9,77,1156421,silent,1156344
12,21|11|3|3|2|2|2|2|2,9,63,310021,silent,309958
12,21|10|10|2|1|1|1|1|1,9,12,310012,silent,310000
12,21|10|9|3|1|1|1|1|1,9,68,1708314,silent,1708246
12,21|10|9|2|2|1|1|1|1,9,91,1595479,silent,1595388
12,21|10|8|4|1|1|1|1|1,9,183,4128760,silent,4128577
12,21|10|8|3|2|1|1|1|1,9,470,7733958,silent,7733488
12,21|10|8|2|2|2|1|1|1,9,329,3417203,silent,3416874
12,21|10|7|5|1|1|1|1|1,9,226,5166297,silent,5166071
12,21|10|7|4|2|1|1|1|1,9,875,15585422,silent,15584547
12,21|10|7|3|3|1|1|1|1,9,620,10346077,silent,10345457
12,21|10|7|3|2|2|1|1|1,9,1214,14165694,silent,14164480
12,21|10|7|2|2|2|2|1|1,9,614,3875997,silent,3875383
12,21|10|6|6|1|1|1|1|1,9,122,2456267,silent,2456145
12,21|10|6|5|2|1|1|1|1,9,845,14298915,silent,14298070
12,21|10|6|4|3|1|1|1|1,9,1102,20365626,silent,20364524
12,21|10|6|4|2|2|1|1|1,9,1644,22563387,silent,22561743
12,21|10|6|3|3|2|1|1|1,9,1332,19473773,silent,19472441
12,21|10|6|3|2|2|2|1|1,9,1482,13192869,silent,13191387
12,21|10|6|2|2|2|2|2|1,9,570,2407513,silent,2406943
12,21|10|5|5|3|1|1|1|1,9,659,11261007,silent,11260348
12,21|10|5|5|2|2|1|1|1,9,936,11821537,silent,11820601
12,21|10|5|4|4|1|1|1|1,9,410,8934152,silent,8933742
12,21|10|5|4|3|2|1|1|1,9,1636,27616080,silent,27614444
12,21|10|5|4|2|2|2|1|1,9,1466,15002380,silent,15000914
12,21|10|5|3|3|3|1|1|1,9,445,9529380,silent,9528935
12,21|10|5|3|3|2|2|1|1,9,1079,15136635,silent,15135556
12,21|10|5|3|2|2|2|2|1,9,895,6313260,silent,6312365
12,21|10|5|2|2|2|2|2|2,9,226,704933,silent,704707
12,21|10|4|4|4|2|1|1|1,9,294,7104821,silent,7104527
12,21|10|4|4|3|3|1|1|1,9,320,7781335,silent,7781015
12,21|10|4|4|3|2|2|1|1,9,750,11647737,silent,11646987
12,21|10|4|4|2|2|2|2|1,9,548,3948040,silent,3947492
12,21|10|4|3|3|3|2|1|1,9,229,6614546,silent,6614317
12,21|10|4|3|3|2|2|2|1,9,353,5166730,silent,5166377
12,21|10|4|3|2|2|2|2|2,9,231,1268425,silent,1268194
12,21|10|3|3|3|3|3|1|1,9,5,779378,silent,779373
12,21|10|3|3|3|3|2|2|1,9,18,1291900,silent,1291882
12,21|10|3|3|3|2|2|2|2,9,19,545262,silent,545243
12,21|9|9|4|1|1|1|1|1,9,63,1698275,silent,1698212
12,21|9|9|3|2|1|1|1|1,9,190,3162411,silent,3162221
12,21|9|9|2|2|2|1|1|1,9,143,1394445,silent,1394302
12,21|9|8|5|1|1|1|1|1,9,177,3836914,silent,3836737
12,21|9|8|4|2|1|1|1|1,9,623,11152823,silent,11152200
12,21|9|8|3|3|1|1|1|1,9,434,7298603,silent,7298169
12,21|9|8|3|2|2|1|1|1,9,813,9938786,silent,9937973
12,21|9|8|2|2|2|2|1|1,9,397,2688972,silent,2688575
12,21|9|7|6|1|1|1|1|1,9,147,3550237,silent,3550090
12,21|9|7|5|2|1|1|1|1,9,916,16191363,silent,16190447
12,21|9|7|4|3|1|1|1|1,9,1105,21305388,silent,21304283
12,21|9|7|4|2|2|1|1|1,9,1683,23413404,silent,23411721
12,21|9|7|3|3|2|1|1|1,9,1255,19582416,silent,19581161
12,21|9|7|3|2|2|2|1|1,9,1377,13125881,silent,13124504
12,21|9|7|2|2|2|2|2|1,9,472,2337294,silent,2336822
12,21|9|6|6|2|1|1|1|1,9,433,8127541,silent,8127108
12,21|9|6|5|3|1|1|1|1,9,1225,22356370,silent,22355145
12,21|9|6|5|2|2|1|1|1,9,1586,23040658,silent,23039072
12,21|9|6|4|4|1|1|1|1,9,642,14290403,silent,14289761
12,21|9|6|4|3|2|1|1|1,9,2375,42524069,silent,42521694
12,21|9|6|4|2|2|2|1|1,9,1958,22628697,silent,22626739
12,21|9|6|3|3|3|1|1|1,9,620,13525038,silent,13524418
12,21|9|6|3|3|2|2|1|1,9,1372,21257706,silent,21256334
12,21|9|6|3|2|2|2|2|1,9,1065,8670444,silent,8669379
12,21|9|6|2|2|2|2|2|2,9,241,924768,silent,924527
12,21|9|5|5|4|1|1|1|1,9,555,10084059,silent,10083504
12,21|9|5|5|3|2|1|1|1,9,1441,24536719,silent,24535278
12,21|9|5|5|2|2|2|1|1,9,1023,12263877,silent,12262854
12,21|9|5|4|4|2|1|1|1,9,1012,21187765,silent,21186753
12,21|9|5|4|3|3|1|1|1,9,859,21539601,silent,21538742
12,21|9|5|4|3|2|2|1|1,9,1867,31744400,silent,31742533
12,21|9|5|4|2|2|2|2|1,9,1071,10293214,silent,10292143
12,21|9|5|3|3|3|2|1|1,9,455,14176760,silent,14176305
12,21|9|5|3|3|2|2|2|1,9,648,10848931,silent,10848283
12,21|9|5|3|2|2|2|2|2,9,332,2539709,silent,2539377
12,21|9|4|4|4|3|1|1|1,9,220,7223400,silent,7223180
12,21|9|4|4|4|2|2|1|1,9,446,8682120,silent,8681674
12,21|9|4|4|3|3|2|1|1,9,391,11960358,silent,11959967
12,21|9|4|4|3|2|2|2|1,9,564,8580856,silent,8580292
12,21|9|4|4|2|2|2|2|2,9,238,1631935,silent,1631697
12,21|9|4|3|3|3|3|1|1,9,37,3327310,silent,3327273
12,21|9|4|3|3|3|2|2|1,9,99,5387551,silent,5387452
12,21|9|4|3|3|2|2|2|2,9,113,2187269,silent,2187156
12,21|9|3|3|3|3|3|2|1,9,1,850572,silent,850571
12,21|9|3|3|3|3|2|2|2,9,2,587181,silent,587179
12,21|8|8|6|1|1|1|1|1,9,90,1712380,silent,1712290
12,21|8|8|5|2|1|1|1|1,9,410,7251133,silent,7250723
12,21|8|8|4|3|1|1|1|1,9,489,9276273,silent,9275784
12,21|8|8|4|2|2|1|1|1,9,671,10137331,silent,10136660
12,21|8|8|3|3|2|1|1|1,9,522,8387587,silent,8387065
12,21|8|8|3|2|2|2|1|1,9,548,5587273,silent,5586725
12,21|8|8|2|2|2|2|2|1,9,196,987947,silent,987751
12,21|8|7|7|1|1|1|1|1,9,38,1080444,silent,1080406
12,21|8|7|6|2|1|1|1|1,9,459,8812758,silent,8812299
12,21|8|7|5|3|1|1|1|1,9,996,19246871,silent,19245875
12,21|8|7|5|2|2|1|1|1,9,1314,19684410,silent,19683096
12,21|8|7|4|4|1|1|1|1,9,523,11533868,silent,11533345
12,21|8|7|4|3|2|1|1|1,9,1819,33734258,silent,33732439
12,21|8|7|4|2|2|2|1|1,9,1457,17777396,silent,17775939
12,21|8|7|3|3|3|1|1|1,9,437,10375259,silent,10374822
12,21|8|7|3|3|2|2|1|1,9,997,16230958,silent,16229961
12,21|8|7|3|2|2|2|2|1,9,731,6545295,silent,6544564
12,21|8|7|2|2|2|2|2|2,9,150,682249,silent,682099
12,21|8|6|6|3|1|1|1|1,9,544,10828230,silent,10827686
12,21|8|6|6|2|2|1|1|1,9,616,10788571,silent,10787955
12,21|8|6|5|4|1|1|1|1,9,842,16946985,silent,16946143
12,21|8|6|5|3|2|1|1|1,9,2124,39745170,silent,39743046
12,21|8|6|5|2|2|2|1|1,9,1425,19467514,silent,19466089
12,21|8|6|4|4|2|1|1|1,9,1241,27788286,silent,27787045
12,21|8|6|4|3|3|1|1|1,9,1093,27419631,silent,27418538
12,21|8|6|4|3|2|2|1|1,9,2163,40022753,silent,40020590
12,21|8|6|4|2|2|2|2|1,9,1192,12711173,silent,12709981
12,21|8|6|3|3|3|2|1|1,9,528,16524857,silent,16524329
12,21|8|6|3|3|2|2|2|1,9,685,12498037,silent,12497352
12,21|8|6|3|2|2|2|2|2,9,344,2866355,silent,2866011
12,21|8|5|5|5|1|1|1|1,9,232,3842497,silent,3842265
12,21|8|5|5|4|2|1|1|1,9,1078,20801861,silent,20800783
12,21|8|5|5|3|3|1|1|1,9,669,17006357,silent,17005688
12,21|8|5|5|3|2|2|1|1,9,1276,24287721,silent,24286445
12,21|8|5|5|2|2|2|2|1,9,542,7196880,silent,7196338
12,21|8|5|4|4|3|1|1|1,9,653,18622713,silent,18622060
12,21|8|5|4|4|2|2|1|1,9,1050,22037840,silent,22036790
12,21|8|5|4|3|3|2|1|1,9,873,28238803,silent,28237930
12,21|8|5|4|3|2|2|2|1,9,1065,19863641,silent,19862576
12,21|8|5|4|2|2|2|2|2,9,357,3602965,silent,3602608
12,21|8|5|3|3|3|3|1|1,9,66,6138075,silent,6138009
12,21|8|5|3|3|3|2|2|1,9,196,9848684,silent,9848488
12,21|8|5|3|3|2|2|2|2,9,175,3910534,silent,3910359
12,21|8|4|4|4|4|1|1|1,9,63,2747682,silent,2747619
12,21|8|4|4|4|3|2|1|1,9,315,10161957,silent,10161642
12,21|8|4|4|4|2|2|2|1,9,345,5737165,silent,5736820
12,21|8|4|4|3|3|3|1|1,9,74,5495717,silent,5495643
12,21|8|4|4|3|3|2|2|1,9,206,8585867,silent,8585661
12,21|8|4|4|3|2|2|2|2,9,197,3196592,silent,3196395
12,21|8|4|3|3|3|3|2|1,9,8,3159003,silent,3158995
12,21|8|4|3|3|3|2|2|2,9,16,2125981,silent,2125965
12,21|8|3|3|3|3|3|3|1,9,0,-1,a0,
12,21|8|3|3|3|3|3|2|2,9,0,-1,a0,
12,21|7|7|7|2|1|1|1|1,9,79,1563725,silent,1563646
12,21|7|7|6|3|1|1|1|1,9,313,6792671,silent,6792358
12,21|7|7|6|2|2|1|1|1,9,424,6745040,silent,6744616
12,21|7|7|5|4|1|1|1|1,9,415,8688072,silent,8687657
12,21|7|7|5|3|2|1|1|1,9,1046,20094725,silent,20093679
12,21|7|7|5|2|2|2|1|1,9,715,9773645,silent,9772930
12,21|7|7|4|4|2|1|1|1,9,618,13282626,silent,13282008
12,21|7|7|4|3|3|1|1|1,9,472,12932072,silent,12931600
12,21|7|7|4|3|2|2|1|1,9,996,18824318,silent,18823322
12,21|7|7|4|2|2|2|2|1,9,493,5918093,silent,5917600
12,21|7|7|3|3|3|2|1|1,9,222,7548843,silent,7548621
12,21|7|7|3|3|2|2|2|1,9,299,5687616,silent,5687317
12,21|7|7|3|2|2|2|2|2,9,124,1287164,silent,1287040
12,21|7|6|6|4|1|1|1|1,9,278,6599778,silent,6599500
12,21|7|6|6|3|2|1|1|1,9,679,14298789,silent,14298110
12,21|7|6|6|2|2|2|1|1,9,430,6751531,silent,6751101
12,21|7|6|5|5|1|1|1|1,9,275,5133015,silent,5132740
12,21|7|6|5|4|2|1|1|1,9,1187,25643061,silent,25641874
12,21|7|6|5|3|3|1|1|1,9,796,20403627,silent,20402831
12,21|7|6|5|3|2|2|1|1,9,1407,28875334,silent,28873927
12,21|7|6|5|2|2|2|2|1,9,608,8401852,silent,8401244
12,21|7|6|4|4|3|1|1|1,9,613,18223626,silent,18223013
12,21|7|6|4|4|2|2|1|1,9,959,21393272,silent,21392313
12,21|7|6|4|3|3|2|1|1,9,812,26657657,silent,26656845
12,21|7|6|4|3|2|2|2|1,9,921,18565440,silent,18564519
12,21|7|6|4|2|2|2|2|2,9,300,3302542,silent,3302242
12,21|7|6|3|3|3|3|1|1,9,68,5357567,silent,5357499
12,21|7|6|3|3|3|2|2|1,9,164,8547232,silent,8547068
12,21|7|6|3|3|2|2|2|2,9,143,3358466,silent,3358323
12,21|7|5|5|5|2|1|1|1,9,357,6665475,silent,6665118
12,21|7|5|5|4|3|1|1|1,9,590,15276805,silent,15276215
12,21|7|5|5|4|2|2|1|1,9,774,17538099,silent,17537325
12,21|7|5|5|3|3|2|1|1,9,526,18110472,silent,18109946
12,21|7|5|5|3|2|2|2|1,9,510,12277967,silent,12277457
12,21|7|5|5|2|2|2|2|2,9,116,2026380,silent,2026264
12,21|7|5|4|4|4|1|1|1,9,193,5900979,silent,5900786
12,21|7|5|4|4|3|2|1|1,9,636,21008908,silent,21008272
12,21|7|5|4|4|2|2|2|1,9,534,11629956,silent,11629422
12,21|7|5|4|3|3|3|1|1,9,137,10484104,silent,10483967
12,21|7|5|4|3|3|2|2|1,9,372,16268947,silent,16268575
12,21|7|5|4|3|2|2|2|2,9,265,5921042,silent,5920777
12,21|7|5|3|3|3|3|2|1,9,20,4699574,silent,4699554
12,21|7|5|3|3|3|2|2|2,9,38,3134519,silent,3134481
12,21|7|4|4|4|4|2|1|1,9,111,3601742,silent,3601631
12,21|7|4|4|4|3|3|1|1,9,68,4326293,silent,4326225
12,21|7|4|4|4|3|2|2|1,9,199,6290995,silent,6290796
12,21|7|4|4|4|2|2|2|2,9,119,1827377,silent,1827258
12,21|7|4|4|3|3|3|2|1,9,22,4416005,silent,4415983
12,21|7|4|4|3|3|2|2|2,9,48,2858175,silent,2858127
12,21|7|4|3|3|3|3|3|1,9,0,-1,a0,
12,21|7|4|3|3|3|3|2|2,9,0,-1,a0,
12,21|7|3|3|3|3|3|3|2,9,0,-1,a0,
12,21|6|6|6|5|1|1|1|1,9,62,1431815,silent,1431753
12,21|6|6|6|4|2|1|1|1,9,209,5660399,silent,5660190
12,21|6|6|6|3|3|1|1|1,9,176,4234797,silent,4234621
12,21|6|6|6|3|2|2|1|1,9,257,5891807,silent,5891550
12,21|6|6|6|2|2|2|2|1,9,127,1658434,silent,1658307
12,21|6|6|5|5|2|1|1|1,9,243,4947656,silent,4947413
12,21|6|6|5|4|3|1|1|1,9,382,10628552,silent,10628170
12,21|6|6|5|4|2|2|1|1,9,490,12109606,silent,12109116
12,21|6|6|5|3|3|2|1|1,9,373,12228200,silent,12227827
12,21|6|6|5|3|2|2|2|1,9,344,8217375,silent,8217031
12,21|6|6|5|2|2|2|2|2,9,102,1341852,silent,1341750
12,21|6|6|4|4|4|1|1|1,9,81,3343894,silent,3343813
12,21|6|6|4|4|3|2|1|1,9,340,11757374,silent,11757034
12,21|6|6|4|4|2|2|2|1,9,298,6462493,silent,6462195
12,21|6|6|4|3|3|3|1|1,9,92,5713023,silent,5712931
12,21|6|6|4|3|3|2|2|1,9,189,8816872,silent,8816683
12,21|6|6|4|3|2|2|2|2,9,145,3184707,silent,3184562
12,21|6|6|3|3|3|3|2|1,9,12,2379731,silent,2379719
12,21|6|6|3|3|3|2|2|2,9,12,1574491,silent,1574479
12,21|6|5|5|5|3|1|1|1,9,159,3868769,silent,3868610
12,21|6|5|5|5|2|2|1|1,9,164,4144756,silent,4144592
12,21|6|5|5|4|4|1|1|1,9,150,3798280,silent,3798130
12,21|6|5|5|4|3|2|1|1,9,363,12494890,silent,12494527
12,21|6|5|5|4|2|2|2|1,9,217,6675186,silent,6674969
12,21|6|5|5|3|3|3|1|1,9,68,4946554,silent,4946486
12,21|6|5|5|3|3|2|2|1,9,158,7570462,silent,7570304
12,21|6|5|5|3|2|2|2|2,9,78,2647130,silent,2647052
12,21|6|5|4|4|4|2|1|1,9,168,5527308,silent,5527140
12,21|6|5|4|4|3|3|1|1,9,112,6444935,silent,6444823
12,21|6|5|4|4|3|2|2|1,9,243,9304358,silent,9304115
12,21|6|5|4|4|2|2|2|2,9,115,2645691,silent,2645576
12,21|6|5|4|3|3|3|2|1,9,41,6067884,silent,6067843
12,21|6|5|4|3|3|2|2|2,9,63,3895766,silent,3895703
12,21|6|5|3|3|3|3|3|1,9,0,-1,a0,
12,21|6|5|3|3|3|3|2|2,9,2,1288291,silent,1288289
12,21|6|4|4|4|4|3|1|1,9,35,1582301,silent,1582266
12,21|6|4|4|4|4|2|2|1,9,80,1859749,silent,1859669
12,21|6|4|4|4|3|3|2|1,9,32,2813766,silent,2813734
12,21|6|4|4|4|3|2|2|2,9,55,1682226,silent,1682171
12,21|6|4|4|3|3|3|3|1,9,0,-1,a0,
12,21|6|4|4|3|3|3|2|2,9,1,1316361,silent,1316360
12,21|6|4|3|3|3|3|3|2,9,0,-1,a0,
12,21|6|3|3|3|3|3|3|3,9,0,-1,a0,
12,21|5|5|5|5|4|1|1|1,9,27,674203,silent,674176
12,21|5|5|5|5|3|2|1|1,9,43,1764993,silent,1764950
12,21|5|5|5|5|2|2|2|1,9,18,874188,silent,874170
12,21|5|5|5|4|4|2|1|1,9,63,1945713,silent,1945650
12,21|5|5|5|4|3|3|1|1,9,34,2120931,silent,2120897
12,21|5|5|5|4|3|2|2|1,9,56,3024652,silent,3024596
12,21|5|5|5|4|2|2|2|2,9,12,826413,silent,826401
12,21|5|5|5|3|3|3|2|1,9,13,1580674,silent,1580661
12,21|5|5|5|3|3|2|2|2,9,18,1002105,silent,1002087
12,21|5|5|4|4|4|3|1|1,9,37,1320331,silent,1320294
12,21|5|5|4|4|4|2|2|1,9,43,1533770,silent,1533727
12,21|5|5|4|4|3|3|2|1,9,27,2272436,silent,2272409
12,21|5|5|4|4|3|2|2|2,9,27,1345323,silent,1345296
12,21|5|5|4|3|3|3|3|1,9,0,-1,a0,
12,21|5|5|4|3|3|3|2|2,9,5,992151,silent,992146
12,21|5|5|3|3|3|3|3|2,9,0,-1,a0,
12,21|5|4|4|4|4|4|1|1,9,9,203653,silent,203644
12,21|5|4|4|4|4|3|2|1,9,23,765050,silent,765027
12,21|5|4|4|4|4|2|2|2,9,21,362916,silent,362895
12,21|5|4|4|4|3|3|3|1,9,0,-1,a0,
12,21|5|4|4|4|3|3|2|2,9,5,599108,silent,599103
12,21|5|4|4|3|3|3|3|2,9,0,-1,a0,
12,21|5|4|3|3|3|3|3|3,9,0,-1,a0,
12,21|4|4|4|4|4|4|2|1,9,6,58673,silent,58667
12,21|4|4|4|4|4|3|3|1,9,0,-1,a0,
12,21|4|4|4|4|4|3|2|2,9,5,89789,silent,89784
12,21|4|4|4|4|3|3|3|2,9,0,-1,a0,
12,21|4|4|4|3|3|3|3|3,9,0,-1,a0,
12,20|20|2|1|1|1|1|1|1,9,0,-1,a0,
12,20|19|3|1|1|1|1|1|1,9,0,-1,a0,
12,20|19|2|2|1|1|1|1|1,9,0,-1,a0,
12,20|18|4|1|1|1|1|1|1,9,0,-1,a0,
12,20|18|3|2|1|1|1|1|1,9,0,-1,a0,
12,20|18|2|2|2|1|1|1|1,9,0,-1,a0,
12,20|17|5|1|1|1|1|1|1,9,0,-1,a0,
12,20|17|4|2|1|1|1|1|1,9,0,-1,a0,
12,20|17|3|3|1|1|1|1|1,9,0,-1,a0,
12,20|17|3|2|2|1|1|1|1,9,0,-1,a0,
12,20|17|2|2|2|2|1|1|1,9,0,-1,a0,
12,20|16|6|1|1|1|1|1|1,9,0,-1,a0,
12,20|16|5|2|1|1|1|1|1,9,0,-1,a0,
12,20|16|4|3|1|1|1|1|1,9,2,208804,silent,208802
12,20|16|4|2|2|1|1|1|1,9,5,226494,silent,226489
12,20|16|3|3|2|1|1|1|1,9,9,174444,silent,174435
12,20|16|3|2|2|2|1|1|1,9,13,116392,silent,116379
12,20|16|2|2|2|2|2|1|1,9,8,20370,silent,20362
12,20|15|7|1|1|1|1|1|1,9,0,-1,a0,
12,20|15|6|2|1|1|1|1|1,9,5,432827,silent,432822
12,20|15|5|3|1|1|1|1|1,9,15,690790,silent,690775
12,20|15|5|2|2|1|1|1|1,9,26,692337,silent,692311
12,20|15|4|4|1|1|1|1|1,9,8,366044,silent,366036
12,20|15|4|3|2|1|1|1|1,9,53,1006296,silent,1006243
12,20|15|4|2|2|2|1|1|1,9,57,521303,silent,521246
12,20|15|3|3|3|1|1|1|1,9,28,278121,silent,278093
12,20|15|3|3|2|2|1|1|1,9,65,440730,silent,440665
12,20|15|3|2|2|2|2|1|1,9,66,181546,silent,181480
12,20|15|2|2|2|2|2|2|1,9,30,22479,silent,22449
12,20|14|8|1|1|1|1|1|1,9,1,154189,silent,154188
12,20|14|7|2|1|1|1|1|1,9,14,774884,silent,774870
12,20|14|6|3|1|1|1|1|1,9,53,1594820,silent,1594767
12,20|14|6|2|2|1|1|1|1,9,80,1537851,silent,1537771
12,20|14|5|4|1|1|1|1|1,9,49,1484591,silent,1484542
12,20|14|5|3|2|1|1|1|1,9,201,3208262,silent,3208061
12,20|14|5|2|2|2|1|1|1,9,183,1523721,silent,1523538
12,20|14|4|4|2|1|1|1|1,9,93,1829952,silent,1829859
12,20|14|4|3|3|1|1|1|1,9,119,1676591,silent,1676472
12,20|14|4|3|2|2|1|1|1,9,273,2439660,silent,2439387
12,20|14|4|2|2|2|2|1|1,9,196,778106,silent,777910
12,20|14|3|3|3|2|1|1|1,9,106,872917,silent,872811
12,20|14|3|3|2|2|2|1|1,9,153,686279,silent,686126
12,20|14|3|2|2|2|2|2|1,9,113,185955,silent,185842
12,20|14|2|2|2|2|2|2|2,9,33,14428,silent,14395
12,20|13|9|1|1|1|1|1|1,9,2,177442,silent,177440
12,20|13|8|2|1|1|1|1|1,9,30,1066022,silent,1065992
12,20|13|7|3|1|1|1|1|1,9,105,2701964,silent,2701859
12,20|13|7|2|2|1|1|1|1,9,144,2556965,silent,2556821
12,20|13|6|4|1|1|1|1|1,9,151,3511681,silent,3511530
12,20|13|6|3|2|1|1|1|1,9,462,6953119,silent,6952657
12,20|13|6|2|2|2|1|1|1,9,352,3164569,silent,3164217
12,20|13|5|5|1|1|1|1|1,9,77,1683299,silent,1683222
12,20|13|5|4|2|1|1|1|1,9,436,7121453,silent,7121017
12,20|13|5|3|3|1|1|1|1,9,381,5239289,silent,5238908
12,20|13|5|3|2|2|1|1|1,9,782,7363928,silent,7363146
12,20|13|5|2|2|2|2|1|1,9,461,2142392,silent,2141931
12,20|13|4|4|3|1|1|1|1,9,203,3749763,silent,3749560
12,20|13|4|4|2|2|1|1|1,9,362,4355267,silent,4354905
12,20|13|4|3|3|2|1|1|1,9,447,5028547,silent,5028100
12,20|13|4|3|2|2|2|1|1,9,578,3609423,silent,3608845
12,20|13|4|2|2|2|2|2|1,9,300,754045,silent,753745
12,20|13|3|3|3|3|1|1|1,9,63,849064,silent,849001
12,20|13|3|3|3|2|2|1|1,9,149,1423690,silent,1423541
12,20|13|3|3|2|2|2|2|1,9,155,674439,silent,674284
12,20|13|3|2|2|2|2|2|2,9,75,107822,silent,107747
12,20|12|10|1|1|1|1|1|1,9,2,146281,silent,146279
12,20|12|9|2|1|1|1|1|1,9,35,1084136,silent,1084101
12,20|12|8|3|1|1|1|1|1,9,153,3388929,silent,3388776
12,20|12|8|2|2|1|1|1|1,9,205,3170128,silent,3169923
12,20|12|7|4|1|1|1|1|1,9,260,5679460,silent,5679200
12,20|12|7|3|2|1|1|1|1,9,725,10807115,silent,10806390
12,20|12|7|2|2|2|1|1|1,9,525,4813625,silent,4813100
12,20|12|6|5|1|1|1|1|1,9,249,4788830,silent,4788581
12,20|12|6|4|2|1|1|1|1,9,999,15664672,silent,15663673
12,20|12|6|3|3|1|1|1|1,9,740,10703387,silent,10702647
12,20|12|6|3|2|2|1|1|1,9,1416,14750838,silent,14749422
12,20|12|6|2|2|2|2|1|1,9,710,4102550,silent,4101840
12,20|12|5|5|2|1|1|1|1,9,537,7859654,silent,7859117
12,20|12|5|4|3|1|1|1|1,9,861,14153240,silent,14152379
12,20|12|5|4|2|2|1|1|1,9,1365,15921608,silent,15920243
12,20|12|5|3|3|2|1|1|1,9,1176,14724951,silent,14723775
12,20|12|5|3|2|2|2|1|1,9,1359,10149563,silent,10148204
12,20|12|5|2|2|2|2|2|1,9,535,1920716,silent,1920181
12,20|12|4|4|4|1|1|1|1,9,142,3274389,silent,3274247
12,20|12|4|4|3|2|1|1|1,9,705,10953818,silent,10953113
12,20|12|4|4|2|2|2|1|1,9,690,6154992,silent,6154302
12,20|12|4|3|3|3|1|1|1,9,275,4789412,silent,4789137
12,20|12|4|3|3|2|2|1|1,9,669,7716903,silent,7716234
12,20|12|4|3|2|2|2|2|1,9,601,3340110,silent,3339509
12,20|12|4|2|2|2|2|2|2,9,195,409338,silent,409143
12,20|12|3|3|3|3|2|1|1,9,67,1707466,silent,1707399
12,20|12|3|3|3|2|2|2|1,9,98,1383048,silent,1382950
12,20|12|3|3|2|2|2|2|2,9,66,366834,silent,366768
12,20|11|11|1|1|1|1|1|1,9,2,56593,silent,56591
12,20|11|10|2|1|1|1|1|1,9,28,696275,silent,696247
12,20|11|9|3|1|1|1|1|1,9,141,2925536,silent,2925395
12,20|11|9|2|2|1|1|1|1,9,170,2722927,silent,2722757
12,20|11|8|4|1|1|1|1|1,9,324,6378651,silent,6378327
12,20|11|8|3|2|1|1|1|1,9,808,11886643,silent,11885835
12,20|11|8|2|2|2|1|1|1,9,543,5228934,silent,5228391
12,20|11|7|5|1|1|1|1|1,9,389,7619961,silent,7619572
12,20|11|7|4|2|1|1|1|1,9,1427,22786000,silent,22784573
12,20|11|7|3|3|1|1|1|1,9,1015,15066168,silent,15065153
12,20|11|7|3|2|2|1|1|1,9,1869,20561728,silent,20559859
12,20|11|7|2|2|2|2|1|1,9,896,5589507,silent,5588611
12,20|11|6|6|1|1|1|1|1,9,194,3550837,silent,3550643
12,20|11|6|5|2|1|1|1|1,9,1328,20414567,silent,20413239
12,20|11|6|4|3|1|1|1|1,9,1728,28865686,silent,28863958
12,20|11|6|4|2|2|1|1|1,9,2501,31886062,silent,31883561
12,20|11|6|3|3|2|1|1|1,9,2002,27398862,silent,27396860
12,20|11|6|3|2|2|2|1|1,9,2106,18470779,silent,18468673
12,20|11|6|2|2|2|2|2|1,9,743,3338387,silent,3337644
12,20|11|5|5|3|1|1|1|1,9,1014,15780833,silent,15779819
12,20|11|5|5|2|2|1|1|1,9,1366,16508557,silent,16507191
12,20|11|5|4|4|1|1|1|1,9,635,12448974,silent,12448339
12,20|11|5|4|3|2|1|1|1,9,2451,38286812,silent,38284361
12,20|11|5|4|2|2|2|1|1,9,2064,20694864,silent,20692800
12,20|11|5|3|3|3|1|1|1,9,684,13132845,silent,13132161
12,20|11|5|3|3|2|2|1|1,9,1529,20783995,silent,20782466
12,20|11|5|3|2|2|2|2|1,9,1182,8605383,silent,8604201
12,20|11|5|2|2|2|2|2|2,9,267,947820,silent,947553
12,20|11|4|4|4|2|1|1|1,9,458,9753096,silent,9752638
12,20|11|4|4|3|3|1|1|1,9,482,10637609,silent,10637127
12,20|11|4|4|3|2|2|1|1,9,1074,15872795,silent,15871721
12,20|11|4|4|2|2|2|2|1,9,707,5337941,silent,5337234
12,20|11|4|3|3|3|2|1|1,9,343,8954679,silent,8954336
12,20|11|4|3|3|2|2|2|1,9,482,6954744,silent,6954262
12,20|11|4|3|2|2|2|2|2,9,282,1688785,silent,1688503
12,20|11|3|3|3|3|3|1|1,9,13,1043541,silent,1043528
12,20|11|3|3|3|3|2|2|1,9,29,1720734,silent,1720705
12,20|11|3|3|3|2|2|2|2,9,29,720684,silent,720655
12,20|10|10|3|1|1|1|1|1,9,60,1170629,silent,1170569
12,20|10|10|2|2|1|1|1|1,9,80,1084798,silent,1084718
12,20|10|9|4|1|1|1|1|1,9,219,4317932,silent,4317713
12,20|10|9|3|2|1|1|1|1,9,543,7968209,silent,7967666
12,20|10|9|2|2|2|1|1|1,9,355,3484851,silent,3484496
12,20|10|8|5|1|1|1|1|1,9,405,7476213,silent,7475808
12,20|10|8|4|2|1|1|1|1,9,1365,21463209,silent,21461844
12,20|10|8|3|3|1|1|1|1,9,899,13968732,silent,13967833
12,20|10|8|3|2|2|1|1|1,9,1629,18944304,silent,18942675
12,20|10|8|2|2|2|2|1|1,9,709,5082994,silent,5082285
12,20|10|7|6|1|1|1|1|1,9,323,6335043,silent,6334720
12,20|10|7|5|2|1|1|1|1,9,1768,28330205,silent,28328437
12,20|10|7|4|3|1|1|1|1,9,2140,36902347,silent,36900207
12,20|10|7|4|2|2|1|1|1,9,3037,40388877,silent,40385840
12,20|10|7|3|3|2|1|1|1,9,2289,33599288,silent,33596999
12,20|10|7|3|2|2|2|1|1,9,2328,22387321,silent,22384993
12,20|10|7|2|2|2|2|2|1,9,743,3947678,silent,3946935
12,20|10|6|6|2|1|1|1|1,9,828,13724288,silent,13723460
12,20|10|6|5|3|1|1|1|1,9,2201,37107177,silent,37104976
12,20|10|6|5|2|2|1|1|1,9,2742,38094499,silent,38091757
12,20|10|6|4|4|1|1|1|1,9,1212,23533330,silent,23532118
12,20|10|6|4|3|2|1|1|1,9,4152,69594551,silent,69590399
12,20|10|6|4|2|2|2|1|1,9,3157,36819384,silent,36816227
12,20|10|6|3|3|3|1|1|1,9,1075,21966692,silent,21965617
12,20|10|6|3|3|2|2|1|1,9,2305,34391373,silent,34389068
12,20|10|6|3|2|2|2|2|1,9,1623,13915609,silent,13913986
12,20|10|6|2|2|2|2|2|2,9,358,1465746,silent,1465388
12,20|10|5|5|4|1|1|1|1,9,939,16289674,silent,16288735
12,20|10|5|5|3|2|1|1|1,9,2422,39386957,silent,39384535
12,20|10|5|5|2|2|2|1|1,9,1644,19570066,silent,19568422
12,20|10|5|4|4|2|1|1|1,9,1730,33740209,silent,33738479
12,20|10|5|4|3|3|1|1|1,9,1497,34149724,silent,34148227
12,20|10|5|4|3|2|2|1|1,9,3023,50131544,silent,50128521
12,20|10|5|4|2|2|2|2|1,9,1604,16124983,silent,16123379
12,20|10|5|3|3|3|2|1|1,9,781,22209821,silent,22209040
12,20|10|5|3|3|2|2|2|1,9,1006,16889306,silent,16888300
12,20|10|5|3|2|2|2|2|2,9,463,3911514,silent,3911051
12,20|10|4|4|4|3|1|1|1,9,404,11277194,silent,11276790
12,20|10|4|4|4|2|2|1|1,9,689,13502849,silent,13502160
12,20|10|4|4|3|3|2|1|1,9,663,18511734,silent,18511071
12,20|10|4|4|3|2|2|2|1,9,841,13198766,silent,13197925
12,20|10|4|4|2|2|2|2|2,9,342,2482653,silent,2482311
12,20|10|4|3|3|3|3|1|1,9,64,5096248,silent,5096184
12,20|10|4|3|3|3|2|2|1,9,173,8214556,silent,8214383
12,20|10|4|3|3|2|2|2|2,9,154,3303996,silent,3303842
12,20|10|3|3|3|3|3|2|1,9,3,1276178,silent,1276175
12,20|10|3|3|3|3|2|2|2,9,6,874063,silent,874057
12,20|9|9|5|1|1|1|1|1,9,159,3146298,silent,3146139
12,20|9|9|4|2|1|1|1|1,9,539,8903573,silent,8903034
12,20|9|9|3|3|1|1|1|1,9,385,5756441,silent,5756056
12,20|9|9|3|2|2|1|1|1,9,671,7797792,silent,7797121
12,20|9|9|2|2|2|2|1|1,9,312,2083801,silent,2083489
12,20|9|8|6|1|1|1|1|1,9,273,5158902,silent,5158629
12,20|9|8|5|2|1|1|1|1,9,1305,21245606,silent,21244301
12,20|9|8|4|3|1|1|1|1,9,1526,26766708,silent,26765182
12,20|9|8|4|2|2|1|1|1,9,2097,29147551,silent,29145454
12,20|9|8|3|3|2|1|1|1,9,1564,23903067,silent,23901503
12,20|9|8|3|2|2|2|1|1,9,1540,15827850,silent,15826310
12,20|9|8|2|2|2|2|2|1,9,478,2758766,silent,2758288
12,20|9|7|7|1|1|1|1|1,9,120,2614863,silent,2614743
12,20|9|7|6|2|1|1|1|1,9,1155,20210240,silent,20209085
12,20|9|7|5|3|1|1|1|1,9,2416,42951853,silent,42949437
12,20|9|7|5|2|2|1|1|1,9,3024,43726678,silent,43723654
12,20|9|7|4|4|1|1|1|1,9,1248,25430327,silent,25429079
12,20|9|7|4|3|2|1|1|1,9,4205,73797352,silent,73793147
12,20|9|7|4|2|2|2|1|1,9,3149,38633440,silent,38630291
12,20|9|7|3|3|3|1|1|1,9,1028,22454496,silent,22453468
12,20|9|7|3|3|2|2|1|1,9,2144,34975245,silent,34973101
12,20|9|7|3|2|2|2|2|1,9,1442,13975346,silent,13973904
12,20|9|7|2|2|2|2|2|2,9,253,1431390,silent,1431137
12,20|9|6|6|3|1|1|1|1,9,1193,22387922,silent,22386729
12,20|9|6|6|2|2|1|1|1,9,1374,22221029,silent,22219655
12,20|9|6|5|4|1|1|1|1,9,1801,34213452,silent,34211651
12,20|9|6|5|3|2|1|1|1,9,4428,79605705,silent,79601277
12,20|9|6|5|2|2|2|1|1,9,2819,38733340,silent,38730521
12,20|9|6|4|4|2|1|1|1,9,2648,55000670,silent,54998022
12,20|9|6|4|3|3|1|1|1,9,2270,53929013,silent,53926743
12,20|9|6|4|3|2|2|1|1,9,4304,78398090,silent,78393786
12,20|9|6|4|2|2|2|2|1,9,2132,24662063,silent,24659931
12,20|9|6|3|3|3|2|1|1,9,1084,32008365,silent,32007281
12,20|9|6|3|3|2|2|2|1,9,1289,24050891,silent,24049602
12,20|9|6|3|2|2|2|2|2,9,565,5444713,silent,5444148
12,20|9|5|5|5|1|1|1|1,9,463,7436361,silent,7435898
12,20|9|5|5|4|2|1|1|1,9,2100,39727117,silent,39725017
12,20|9|5|5|3|3|1|1|1,9,1359,32291327,silent,32289968
12,20|9|5|5|3|2|2|1|1,9,2416,45904701,silent,45902285
12,20|9|5|5|2|2|2|2|1,9,969,13478772,silent,13477803
12,20|9|5|4|4|3|1|1|1,9,1311,34926311,silent,34925000
12,20|9|5|4|4|2|2|1|1,9,2008,41156327,silent,41154319
12,20|9|5|4|3|3|2|1|1,9,1714,52398987,silent,52397273
12,20|9|5|4|3|2|2|2|1,9,1888,36608384,silent,36606496
12,20|9|5|4|2|2|2|2|2,9,560,6554656,silent,6554096
12,20|9|5|3|3|3|3|1|1,9,157,11236331,silent,11236174
12,20|9|5|3|3|3|2|2|1,9,382,17941586,silent,17941204
12,20|9|5|3|3|2|2|2|2,9,306,7057252,silent,7056946
12,20|9|4|4|4|4|1|1|1,9,141,5014446,silent,5014305
12,20|9|4|4|4|3|2|1|1,9,599,18396762,silent,18396163
12,20|9|4|4|4|2|2|2|1,9,573,10311203,silent,10310630
12,20|9|4|4|3|3|3|1|1,9,150,9855515,silent,9855365
12,20|9|4|4|3|3|2|2|1,9,383,15333984,silent,15333601
12,20|9|4|4|3|2|2|2|2,9,304,5649120,silent,5648816
12,20|9|4|3|3|3|3|2|1,9,22,5558184,silent,5558162
12,20|9|4|3|3|3|2|2|2,9,35,3713438,silent,3713403
12,20|9|3|3|3|3|3|3|1,9,0,-1,a0,
12,20|9|3|3|3|3|3|2|2,9,0,-1,a0,
12,20|8|8|7|1|1|1|1|1,9,85,1580919,silent,1580834
12,20|8|8|6|2|1|1|1|1,9,574,9792702,silent,9792128
12,20|8|8|5|3|1|1|1|1,9,1064,19426718,silent,19425654
12,20|8|8|5|2|2|1|1|1,9,1275,19675773,silent,19674498
12,20|8|8|4|4|1|1|1|1,9,580,11226109,silent,11225529
12,20|8|8|4|3|2|1|1|1,9,1774,32304456,silent,32302682
12,20|8|8|4|2|2|2|1|1,9,1248,16816073,silent,16814825
12,20|8|8|3|3|3|1|1|1,9,431,9697687,silent,9697256
12,20|8|8|3|3|2|2|1|1,9,926,15055925,silent,15054999
12,20|8|8|3|2|2|2|2|1,9,601,5986009,silent,5985408
12,20|8|8|2|2|2|2|2|2,9,137,611448,silent,611311
12,20|8|7|7|2|1|1|1|1,9,341,6297508,silent,6297167
12,20|8|7|6|3|1|1|1|1,9,1264,24726389,silent,24725125
12,20|8|7|6|2|2|1|1|1,9,1493,24371464,silent,24369971
12,20|8|7|5|4|1|1|1|1,9,1522,30285418,silent,30283896
12,20|8|7|5|3|2|1|1|1,9,3664,69266482,silent,69262818
12,20|8|7|5|2|2|2|1|1,9,2312,33379381,silent,33377069
12,20|8|7|4|4|2|1|1|1,9,2114,44870509,silent,44868395
12,20|8|7|4|3|3|1|1|1,9,1735,43357698,silent,43355963
12,20|8|7|4|3|2|2|1|1,9,3264,62743772,silent,62740508
12,20|8|7|4|2|2|2|2|1,9,1534,19517170,silent,19515636
12,20|8|7|3|3|3|2|1|1,9,792,24774900,silent,24774108
12,20|8|7|3|3|2|2|2|1,9,936,18507774,silent,18506838
12,20|8|7|3|2|2|2|2|2,9,372,4138224,silent,4137852
12,20|8|6|6|4|1|1|1|1,9,867,18415502,silent,18414635
12,20|8|6|6|3|2|1|1|1,9,1939,39468899,silent,39466960
12,20|8|6|6|2|2|2|1|1,9,1126,18478408,silent,18477282
12,20|8|6|5|5|1|1|1|1,9,725,13824758,silent,13824033
12,20|8|6|5|4|2|1|1|1,9,3192,67795975,silent,67792783
12,20|8|6|5|3|3|1|1|1,9,2152,53500856,silent,53498704
12,20|8|6|5|3|2|2|1|1,9,3647,75309635,silent,75305988
12,20|8|6|5|2|2|2|2|1,9,1464,21668674,silent,21667210
12,20|8|6|4|4|3|1|1|1,9,1692,46835570,silent,46833878
12,20|8|6|4|4|2|2|1|1,9,2388,54692955,silent,54690567
12,20|8|6|4|3|3|2|1|1,9,2147,67570167,silent,67568020
12,20|8|6|4|3|2|2|2|1,9,2194,46686191,silent,46683997
12,20|8|6|4|2|2|2|2|2,9,673,8188210,silent,8187537
12,20|8|6|3|3|3|3|1|1,9,185,13321290,silent,13321105
12,20|8|6|3|3|3|2|2|1,9,432,21136713,silent,21136281
12,20|8|6|3|3|2|2|2|2,9,304,8213525,silent,8213221
12,20|8|5|5|5|2|1|1|1,9,836,16132779,silent,16131943
12,20|8|5|5|4|3|1|1|1,9,1411,36387355,silent,36385944
12,20|8|5|5|4|2|2|1|1,9,1822,41543533,silent,41541711
12,20|8|5|5|3|3|2|1|1,9,1282,42541282,silent,42540000
12,20|8|5|5|3|2|2|2|1,9,1162,28606321,silent,28605159
12,20|8|5|5|2|2|2|2|2,9,240,4657403,silent,4657163
12,20|8|5|4|4|4|1|1|1,9,456,13702752,silent,13702296
12,20|8|5|4|4|3|2|1|1,9,1493,48355925,silent,48354432
12,20|8|5|4|4|2|2|2|1,9,1148,26557645,silent,26556497
12,20|8|5|4|3|3|3|1|1,9,366,23849947,silent,23849581
12,20|8|5|4|3|3|2|2|1,9,844,36807570,silent,36806726
12,20|8|5|4|3|2|2|2|2,9,536,13249009,silent,13248473
12,20|8|5|3|3|3|3|2|1,9,56,10420075,silent,10420019
12,20|8|5|3|3|3|2|2|2,9,83,6887187,silent,6887104
12,20|8|4|4|4|4|2|1|1,9,232,7895382,silent,7895150
12,20|8|4|4|4|3|3|1|1,9,180,9415652,silent,9415472
12,20|8|4|4|4|3|2|2|1,9,401,13621294,silent,13620893
12,20|8|4|4|4|2|2|2|2,9,230,3911329,silent,3911099
12,20|8|4|4|3|3|3|2|1,9,63,9439980,silent,9439917
12,20|8|4|4|3|3|2|2|2,9,90,6058670,silent,6058580
12,20|8|4|3|3|3|3|3|1,9,0,-1,a0,
12,20|8|4|3|3|3|3|2|2,9,2,2472049,silent,2472047
12,20|8|3|3|3|3|3|3|2,9,0,-1,a0,
12,20|7|7|7|3|1|1|1|1,9,225,4510869,silent,4510644
12,20|7|7|7|2|2|1|1|1,9,284,4398008,silent,4397724
12,20|7|7|6|4|1|1|1|1,9,521,11816247,silent,11815726
12,20|7|7|6|3|2|1|1|1,9,1213,24989426,silent,24988213
12,20|7|7|6|2|2|2|1|1,9,749,11624570,silent,11623821
12,20|7|7|5|5|1|1|1|1,9,380,7362070,silent,7361690
12,20|7|7|5|4|2|1|1|1,9,1630,35047008,silent,35045378
12,20|7|7|5|3|3|1|1|1,9,1030,27307728,silent,27306698
12,20|7|7|5|3|2|2|1|1,9,1777,38322576,silent,38320799
12,20|7|7|5|2|2|2|2|1,9,666,10921449,silent,10920783
12,20|7|7|4|4|3|1|1|1,9,793,22603125,silent,22602332
12,20|7|7|4|4|2|2|1|1,9,1185,26307025,silent,26305840
12,20|7|7|4|3|3|2|1|1,9,950,32084638,silent,32083688
12,20|7|7|4|3|2|2|2|1,9,969,22070431,silent,22069462
12,20|7|7|4|2|2|2|2|2,9,225,3820625,silent,3820400
12,20|7|7|3|3|3|3|1|1,9,89,6133326,silent,6133237
12,20|7|7|3|3|3|2|2|1,9,199,9719663,silent,9719464
12,20|7|7|3|3|2|2|2|2,9,154,3759421,silent,3759267
12,20|7|6|6|5|1|1|1|1,9,298,7002018,silent,7001720
12,20|7|6|6|4|2|1|1|1,9,1104,26959578,silent,26958474
12,20|7|6|6|3|3|1|1|1,9,746,19880621,silent,19879875
12,20|7|6|6|3|2|2|1|1,9,1211,27530076,silent,27528865
12,20|7|6|6|2|2|2|2|1,9,475,7623533,silent,7623058
12,20|7|6|5|5|2|1|1|1,9,998,21812494,silent,21811496
12,20|7|6|5|4|3|1|1|1,9,1647,45708022,silent,45706375
12,20|7|6|5|4|2|2|1|1,9,2080,51746186,silent,51744106
12,20|7|6|5|3|3|2|1|1,9,1529,51556967,silent,51555438
12,20|7|6|5|3|2|2|2|1,9,1335,34323823,silent,34322488
12,20|7|6|5|2|2|2|2|2,9,309,5490660,silent,5490351
12,20|7|6|4|4|4|1|1|1,9,424,13784459,silent,13784035
12,20|7|6|4|4|3|2|1|1,9,1406,47826304,silent,47824898
12,20|7|6|4|4|2|2|2|1,9,1044,26014558,silent,26013514
12,20|7|6|4|3|3|3|1|1,9,360,22826522,silent,22826162
12,20|7|6|4|3|3|2|2|1,9,766,35051643,silent,35050877
12,20|7|6|4|3|2|2|2|2,9,464,12483699,silent,12483235
12,20|7|6|3|3|3|3|2|1,9,55,9171439,silent,9171384
12,20|7|6|3|3|3|2|2|2,9,65,6022539,silent,6022474
12,20|7|5|5|5|3|1|1|1,9,513,13015205,silent,13014692
12,20|7|5|5|5|2|2|1|1,9,513,13839241,silent,13838728
12,20|7|5|5|4|4|1|1|1,9,465,12513213,silent,12512748
12,20|7|5|5|4|3|2|1|1,9,1173,40681957,silent,40680784
12,20|7|5|5|4|2|2|2|1,9,682,21521617,silent,21520935
12,20|7|5|5|3|3|3|1|1,9,249,15839707,silent,15839458
12,20|7|5|5|3|3|2|2|1,9,499,24080166,silent,24079667
12,20|7|5|5|3|2|2|2|2,9,236,8314132,silent,8313896
12,20|7|5|4|4|4|2|1|1,9,524,17221246,silent,17220722
12,20|7|5|4|4|3|3|1|1,9,350,19884221,silent,19883871
12,20|7|5|4|4|3|2|2|1,9,705,28532142,silent,28531437
12,20|7|5|4|4|2|2|2|2,9,274,7998075,silent,7997801
12,20|7|5|4|3|3|3|2|1,9,144,18278328,silent,18278184
12,20|7|5|4|3|3|2|2|2,9,182,11625848,silent,11625666
12,20|7|5|3|3|3|3|3|1,9,2,2759812,silent,2759810
12,20|7|5|3|3|3|3|2|2,9,6,3720146,silent,3720140
12,20|7|4|4|4|4|3|1|1,9,104,4431319,silent,4431215
12,20|7|4|4|4|4|2|2|1,9,184,5165996,silent,5165812
12,20|7|4|4|4|3|3|2|1,9,94,7745086,silent,7744992
12,20|7|4|4|4|3|2|2|2,9,120,4582087,silent,4581967
12,20|7|4|4|3|3|3|3|1,9,1,2657066,silent,2657065
12,20|7|4|4|3|3|3|2|2,9,8,3523193,silent,3523185
12,20|7|4|3|3|3|3|3|2,9,0,-1,a0,
12,20|7|3|3|3|3|3|3|3,9,0,-1,a0,
12,20|6|6|6|6|1|1|1|1,9,25,758297,silent,758272
12,20|6|6|6|5|2|1|1|1,9,229,6180334,silent,6180105
12,20|6|6|6|4|3|1|1|1,9,339,10381279,silent,10380940
12,20|6|6|6|4|2|2|1|1,9,395,11573114,silent,11572719
12,20|6|6|6|3|3|2|1|1,9,333,10832014,silent,10831681
12,20|6|6|6|3|2|2|2|1,9,277,7085126,silent,7084849
12,20|6|6|6|2|2|2|2|2,9,93,1100045,silent,1099952
12,20|6|6|5|5|3|1|1|1,9,364,9803177,silent,9802813
12,20|6|6|5|5|2|2|1|1,9,388,10343698,silent,10343310
12,20|6|6|5|4|4|1|1|1,9,270,8885821,silent,8885551
12,20|6|6|5|4|3|2|1|1,9,795,28514003,silent,28513208
12,20|6|6|5|4|2|2|2|1,9,497,14969489,silent,14968992
12,20|6|6|5|3|3|3|1|1,9,186,10809660,silent,10809474
12,20|6|6|5|3|3|2|2|1,9,326,16341420,silent,16341094
12,20|6|6|5|3|2|2|2|2,9,164,5598983,silent,5598819
12,20|6|6|4|4|4|2|1|1,9,245,9843877,silent,9843632
12,20|6|6|4|4|3|3|1|1,9,217,11246325,silent,11246108
12,20|6|6|4|4|3|2|2|1,9,388,16075192,silent,16074804
12,20|6|6|4|4|2|2|2|2,9,194,4478120,silent,4477926
12,20|6|6|4|3|3|3|2|1,9,80,10012273,silent,10012193
12,20|6|6|4|3|3|2|2|2,9,76,6329181,silent,6329105
12,20|6|6|3|3|3|3|3|1,9,2,1411245,silent,1411243
12,20|6|6|3|3|3|3|2|2,9,6,1893103,silent,1893097
12,20|6|5|5|5|4|1|1|1,9,160,4153956,silent,4153796
12,20|6|5|5|5|3|2|1|1,9,280,10680500,silent,10680220
12,20|6|5|5|5|2|2|2|1,9,113,5213497,silent,5213384
12,20|6|5|5|4|4|2|1|1,9,325,11327930,silent,11327605
12,20|6|5|5|4|3|3|1|1,9,214,12201616,silent,12201402
12,20|6|5|5|4|3|2|2|1,9,337,17254172,silent,17253835
12,20|6|5|5|4|2|2|2|2,9,87,4645563,silent,4645476
12,20|6|5|5|3|3|3|2|1,9,80,8777323,silent,8777243
12,20|6|5|5|3|3|2|2|2,9,79,5486227,silent,5486148
12,20|6|5|4|4|4|3|1|1,9,159,6925501,silent,6925342
12,20|6|5|4|4|4|2|2|1,9,218,7998754,silent,7998536
12,20|6|5|4|4|3|3|2|1,9,140,11669876,silent,11669736
12,20|6|5|4|4|3|2|2|2,9,132,6836184,silent,6836052
12,20|6|5|4|3|3|3|3|1,9,6,3696043,silent,3696037
12,20|6|5|4|3|3|3|2|2,9,18,4890677,silent,4890659
12,20|6|5|3|3|3|3|3|2,9,0,-1,a0,
12,20|6|4|4|4|4|4|1|1,9,23,817932,silent,817909
12,20|6|4|4|4|4|3|2|1,9,75,3025547,silent,3025472
12,20|6|4|4|4|4|2|2|2,9,69,1417257,silent,1417188
12,20|6|4|4|4|3|3|3|1,9,5,1795918,silent,1795913
12,20|6|4|4|4|3|3|2|2,9,15,2306310,silent,2306295
12,20|6|4|4|3|3|3|3|2,9,0,-1,a0,
12,20|6|4|3|3|3|3|3|3,9,0,-1,a0,
12,20|5|5|5|5|5|1|1|1,9,8,331194,silent,331186
12,20|5|5|5|5|4|2|1|1,9,44,2079383,silent,2079339
12,20|5|5|5|5|3|3|1|1,9,31,1814318,silent,1814287
12,20|5|5|5|5|3|2|2|1,9,36,2496037,silent,2496001
12,20|5|5|5|5|2|2|2|2,9,9,619062,silent,619053
12,20|5|5|5|4|4|3|1|1,9,58,2504249,silent,2504191
12,20|5|5|5|4|4|2|2|1,9,44,2846101,silent,2846057
12,20|5|5|5|4|3|3|2|1,9,43,3898435,silent,3898392
12,20|5|5|5|4|3|2|2|2,9,24,2245749,silent,2245725
12,20|5|5|5|3|3|3|3|1,9,2,977670,silent,977668
12,20|5|5|5|3|3|3|2|2,9,8,1290738,silent,1290730
12,20|5|5|4|4|4|4|1|1,9,31,699669,silent,699638
12,20|5|5|4|4|4|3|2|1,9,50,2536330,silent,2536280
12,20|5|5|4|4|4|2|2|2,9,17,1169086,silent,1169069
12,20|5|5|4|4|3|3|3|1,9,6,1464341,silent,1464335
12,20|5|5|4|4|3|3|2|2,9,19,1878411,silent,1878392
12,20|5|5|4|3|3|3|3|2,9,0,-1,a0,
12,20|5|5|3|3|3|3|3|3,9,0,-1,a0,
12,20|5|4|4|4|4|4|2|1,9,25,438415,silent,438390
12,20|5|4|4|4|4|3|3|1,9,7,543228,silent,543221
12,20|5|4|4|4|4|3|2|2,9,18,653871,silent,653853
12,20|5|4|4|4|3|3|3|2,9,0,-1,a0,
12,20|5|4|4|3|3|3|3|3,9,0,-1,a0,
12,20|4|4|4|4|4|4|3|1,9,3,54424,silent,54421
12,20|4|4|4|4|4|4|2|2,9,10,54403,silent,54393
12,20|4|4|4|4|4|3|3|2,9,0,-1,a0,
12,20|4|4|4|4|3|3|3|3,9,0,-1,a0,
12,19|19|4|1|1|1|1|1|1,9,0,-1,a0,
12,19|19|3|2|1|1|1|1|1,9,0,-1,a0,
12,19|19|2|2|2|1|1|1|1,9,0,-1,a0,
12,19|18|5|1|1|1|1|1|1,9,0,-1,a0,
12,19|18|4|2|1|1|1|1|1,9,0,-1,a0,
12,19|18|3|3|1|1|1|1|1,9,0,-1,a0,
12,19|18|3|2|2|1|1|1|1,9,0,-1,a0,
12,19|18|2|2|2|2|1|1|1,9,0,-1,a0,
12,19|17|6|1|1|1|1|1|1,9,0,-1,a0,
12,19|17|5|2|1|1|1|1|1,9,0,-1,a0,
12,19|17|4|3|1|1|1|1|1,9,2,138840,silent,138838
12,19|17|4|2|2|1|1|1|1,9,2,150280,silent,150278
12,19|17|3|3|2|1|1|1|1,9,7,115991,silent,115984
12,19|17|3|2|2|2|1|1|1,9,9,77312,silent,77303
12,19|17|2|2|2|2|2|1|1,9,7,13654,silent,13647
12,19|16|7|1|1|1|1|1|1,9,0,-1,a0,
12,19|16|6|2|1|1|1|1|1,9,4,334779,silent,334775
12,19|16|5|3|1|1|1|1|1,9,12,532747,silent,532735
12,19|16|5|2|2|1|1|1|1,9,22,533197,silent,533175
12,19|16|4|4|1|1|1|1|1,9,7,281829,silent,281822
12,19|16|4|3|2|1|1|1|1,9,43,773455,silent,773412
12,19|16|4|2|2|2|1|1|1,9,46,399891,silent,399845
12,19|16|3|3|3|1|1|1|1,9,22,213430,silent,213408
12,19|16|3|3|2|2|1|1|1,9,52,337649,silent,337597
12,19|16|3|2|2|2|2|1|1,9,50,138700,silent,138650
12,19|16|2|2|2|2|2|2|1,9,23,17110,silent,17087
12,19|15|8|1|1|1|1|1|1,9,1,136358,silent,136357
12,19|15|7|2|1|1|1|1|1,9,13,678582,silent,678569
12,19|15|6|3|1|1|1|1|1,9,52,1389182,silent,1389130
12,19|15|6|2|2|1|1|1|1,9,70,1337237,silent,1337167
12,19|15|5|4|1|1|1|1|1,9,46,1288793,silent,1288747
12,19|15|5|3|2|1|1|1|1,9,189,2780324,silent,2780135
12,19|15|5|2|2|2|1|1|1,9,166,1317950,silent,1317784
12,19|15|4|4|2|1|1|1|1,9,83,1581889,silent,1581806
12,19|15|4|3|3|1|1|1|1,9,118,1448382,silent,1448264
12,19|15|4|3|2|2|1|1|1,9,245,2103895,silent,2103650
12,19|15|4|2|2|2|2|1|1,9,182,669607,silent,669425
12,19|15|3|3|3|2|1|1|1,9,96,750739,silent,750643
12,19|15|3|3|2|2|2|1|1,9,130,588202,silent,588072
12,19|15|3|2|2|2|2|2|1,9,95,158617,silent,158522
12,19|15|2|2|2|2|2|2|2,9,21,11931,silent,11910
12,19|14|9|1|1|1|1|1|1,9,2,179813,silent,179811
12,19|14|8|2|1|1|1|1|1,9,34,1058010,silent,1057976
12,19|14|7|3|1|1|1|1|1,9,114,2648521,silent,2648407
12,19|14|7|2|2|1|1|1|1,9,157,2501392,silent,2501235
12,19|14|6|4|1|1|1|1|1,9,165,3416533,silent,3416368
12,19|14|6|3|2|1|1|1|1,9,485,6746681,silent,6746196
12,19|14|6|2|2|2|1|1|1,9,358,3062034,silent,3061676
12,19|14|5|5|1|1|1|1|1,9,81,1632632,silent,1632551
12,19|14|5|4|2|1|1|1|1,9,461,6879263,silent,6878802
12,19|14|5|3|3|1|1|1|1,9,391,5052537,silent,5052146
12,19|14|5|3|2|2|1|1|1,9,793,7086954,silent,7086161
12,19|14|5|2|2|2|2|1|1,9,443,2053622,silent,2053179
12,19|14|4|4|3|1|1|1|1,9,218,3606377,silent,3606159
12,19|14|4|4|2|2|1|1|1,9,372,4181299,silent,4180927
12,19|14|4|3|3|2|1|1|1,9,456,4818691,silent,4818235
12,19|14|4|3|2|2|2|1|1,9,567,3447731,silent,3447164
12,19|14|4|2|2|2|2|2|1,9,279,716197,silent,715918
12,19|14|3|3|3|3|1|1|1,9,63,810687,silent,810624
12,19|14|3|3|3|2|2|1|1,9,152,1355625,silent,1355473
12,19|14|3|3|2|2|2|2|1,9,147,639169,silent,639022
12,19|14|3|2|2|2|2|2|2,9,69,101398,silent,101329
12,19|13|10|1|1|1|1|1|1,9,4,177808,silent,177804
12,19|13|9|2|1|1|1|1|1,9,44,1248270,silent,1248226
12,19|13|8|3|1|1|1|1|1,9,195,3786072,silent,3785877
12,19|13|8|2|2|1|1|1|1,9,239,3534243,silent,3534004
12,19|13|7|4|1|1|1|1|1,9,318,6234751,silent,6234433
12,19|13|7|3|2|1|1|1|1,9,865,11829432,silent,11828567
12,19|13|7|2|2|2|1|1|1,9,606,5254536,silent,5253930
12,19|13|6|5|1|1|1|1|1,9,298,5209604,silent,5209306
12,19|13|6|4|2|1|1|1|1,9,1163,16962842,silent,16961679
12,19|13|6|3|3|1|1|1|1,9,881,11567681,silent,11566800
12,19|13|6|3|2|2|1|1|1,9,1607,15909789,silent,15908182
12,19|13|6|2|2|2|2|1|1,9,792,4408103,silent,4407311
12,19|13|5|5|2|1|1|1|1,9,632,8472946,silent,8472314
12,19|13|5|4|3|1|1|1|1,9,1005,15198627,silent,15197622
12,19|13|5|4|2|2|1|1|1,9,1551,17065076,silent,17063525
12,19|13|5|3|3|2|1|1|1,9,1334,15744752,silent,15743418
12,19|13|5|3|2|2|2|1|1,9,1470,10815928,silent,10814458
12,19|13|5|2|2|2|2|2|1,9,548,2033681,silent,2033133
12,19|13|4|4|4|1|1|1|1,9,159,3498563,silent,3498404
12,19|13|4|4|3|2|1|1|1,9,810,11672936,silent,11672126
12,19|13|4|4|2|2|2|1|1,9,775,6540096,silent,6539321
12,19|13|4|3|3|3|1|1|1,9,326,5086537,silent,5086211
12,19|13|4|3|3|2|2|1|1,9,722,8174077,silent,8173355
12,19|13|4|3|2|2|2|2|1,9,626,3520026,silent,3519400
12,19|13|4|2|2|2|2|2|2,9,174,425991,silent,425817
12,19|13|3|3|3|3|2|1|1,9,81,1800389,silent,1800308
12,19|13|3|3|3|2|2|2|1,9,108,1451839,silent,1451731
12,19|13|3|3|2|2|2|2|2,9,73,382923,silent,382850
12,19|12|11|1|1|1|1|1|1,9,2,112025,silent,112023
12,19|12|10|2|1|1|1|1|1,9,48,1042126,silent,1042078
12,19|12|9|3|1|1|1|1|1,9,213,3940728,silent,3940515
12,19|12|9|2|2|1|1|1|1,9,262,3656904,silent,3656642
12,19|12|8|4|1|1|1|1|1,9,467,8158861,silent,8158394
12,19|12|8|3|2|1|1|1|1,9,1125,15142120,silent,15140995
12,19|12|8|2|2|2|1|1|1,9,717,6635786,silent,6635069
12,19|12|7|5|1|1|1|1|1,9,543,9495152,silent,9494609
12,19|12|7|4|2|1|1|1|1,9,1942,28217624,silent,28215682
12,19|12|7|3|3|1|1|1|1,9,1341,18607039,silent,18605698
12,19|12|7|3|2|2|1|1|1,9,2413,25330311,silent,25327898
12,19|12|7|2|2|2|2|1|1,9,1077,6851644,silent,6850567
12,19|12|6|6|1|1|1|1|1,9,268,4372733,silent,4372465
12,19|12|6|5|2|1|1|1|1,9,1750,24923710,silent,24921960
12,19|12|6|4|3|1|1|1|1,9,2285,35072121,silent,35069836
12,19|12|6|4|2|2|1|1|1,9,3189,38652442,silent,38649253
12,19|12|6|3|3|2|1|1|1,9,2555,33120658,silent,33118103
12,19|12|6|3|2|2|2|1|1,9,2560,22245057,silent,22242497
12,19|12|6|2|2|2|2|2|1,9,852,3994148,silent,3993296
12,19|12|5|5|3|1|1|1|1,9,1297,19038604,silent,19037307
12,19|12|5|5|2|2|1|1|1,9,1707,19866172,silent,19864465
12,19|12|5|4|4|1|1|1|1,9,844,14963200,silent,14962356
12,19|12|5|4|3|2|1|1|1,9,3115,45856357,silent,45853242
12,19|12|5|4|2|2|2|1|1,9,2482,24693778,silent,24691296
12,19|12|5|3|3|3|1|1|1,9,869,15668179,silent,15667310
12,19|12|5|3|3|2|2|1|1,9,1894,24728381,silent,24726487
12,19|12|5|3|2|2|2|2|1,9,1364,10183303,silent,10181939
12,19|12|5|2|2|2|2|2|2,9,297,1111739,silent,1111442
12,19|12|4|4|4|2|1|1|1,9,596,11606431,silent,11605835
12,19|12|4|4|3|3|1|1|1,9,624,12626131,silent,12625507
12,19|12|4|4|3|2|2|1|1,9,1309,18793214,silent,18791905
12,19|12|4|4|2|2|2|2|1,9,807,6284589,silent,6283782
12,19|12|4|3|3|3|2|1|1,9,437,10557098,silent,10556661
12,19|12|4|3|3|2|2|2|1,9,571,8162867,silent,8162296
12,19|12|4|3|2|2|2|2|2,9,309,1966511,silent,1966202
12,19|12|3|3|3|3|3|1|1,9,16,1221140,silent,1221124
12,19|12|3|3|3|3|2|2|1,9,40,2005666,silent,2005626
12,19|12|3|3|3|2|2|2|2,9,32,834450,silent,834418
12,19|11|11|2|1|1|1|1|1,9,16,406783,silent,406767
12,19|11|10|3|1|1|1|1|1,9,153,2561995,silent,2561842
12,19|11|10|2|2|1|1|1|1,9,172,2368969,silent,2368797
12,19|11|9|4|1|1|1|1|1,9,411,7214967,silent,7214556
12,19|11|9|3|2|1|1|1|1,9,985,13251525,silent,13250540
12,19|11|9|2|2|2|1|1|1,9,623,5773439,silent,5772816
12,19|11|8|5|1|1|1|1|1,9,684,11314422,silent,11313738
12,19|11|8|4|2|1|1|1|1,9,2207,32229611,silent,32227404
12,19|11|8|3|3|1|1|1|1,9,1484,20901155,silent,20899671
12,19|11|8|3|2|2|1|1|1,9,2540,28275587,silent,28273047
12,19|11|8|2|2|2|2|1|1,9,1079,7547897,silent,7546818
12,19|11|7|6|1|1|1|1|1,9,523,9192525,silent,9192002
12,19|11|7|5|2|1|1|1|1,9,2744,40615578,silent,40612834
12,19|11|7|4|3|1|1|1|1,9,3293,52553156,silent,52549863
12,19|11|7|4|2|2|1|1|1,9,4523,57375175,silent,57370652
12,19|11|7|3|3|2|1|1|1,9,3392,47546551,silent,47543159
12,19|11|7|3|2|2|2|1|1,9,3274,31553800,silent,31550526
12,19|11|7|2|2|2|2|2|1,9,973,5521140,silent,5520167
12,19|11|6|6|2|1|1|1|1,9,1239,19298710,silent,19297471
12,19|11|6|5|3|1|1|1|1,9,3271,51623647,silent,51620376
12,19|11|6|5|2|2|1|1|1,9,3968,52862987,silent,52859019
12,19|11|6|4|4|1|1|1|1,9,1781,32572478,silent,32570697
12,19|11|6|4|3|2|1|1|1,9,6024,95932855,silent,95926831
12,19|11|6|4|2|2|2|1|1,9,4408,50557692,silent,50553284
12,19|11|6|3|3|3|1|1|1,9,1576,30123148,silent,30121572
12,19|11|6|3|3|2|2|1|1,9,3178,47029913,silent,47026735
12,19|11|6|3|2|2|2|2|1,9,2114,18918456,silent,18916342
12,19|11|6|2|2|2|2|2|2,9,403,1968616,silent,1968213
12,19|11|5|5|4|1|1|1|1,9,1373,22298910,silent,22297537
12,19|11|5|5|3|2|1|1|1,9,3428,53679784,silent,53676356
12,19|11|5|5|2|2|2|1|1,9,2204,26558045,silent,26555841
12,19|11|5|4|4|2|1|1|1,9,2485,45757681,silent,45755196
12,19|11|5|4|3|3|1|1|1,9,2154,46167927,silent,46165773
12,19|11|5|4|3|2|2|1|1,9,4161,67590920,silent,67586759
12,19|11|5|4|2|2|2|2|1,9,2061,21610267,silent,21608206
12,19|11|5|3|3|3|2|1|1,9,1119,29786283,silent,29785164
12,19|11|5|3|3|2|2|2|1,9,1335,22547877,silent,22546542
12,19|11|5|3|2|2|2|2|2,9,573,5179075,silent,5178502
12,19|11|4|4|4|3|1|1|1,9,573,15103092,silent,15102519
12,19|11|4|4|4|2|2|1|1,9,980,18041216,silent,18040236
12,19|11|4|4|3|3|2|1|1,9,917,24640591,silent,24639674
12,19|11|4|4|3|2|2|2|1,9,1088,17490106,silent,17489018
12,19|11|4|4|2|2|2|2|2,9,377,3256361,silent,3255984
12,19|11|4|3|3|3|3|1|1,9,109,6738523,silent,6738414
12,19|11|4|3|3|3|2|2|1,9,242,10824627,silent,10824385
12,19|11|4|3|3|2|2|2|2,9,208,4325981,silent,4325773
12,19|11|3|3|3|3|3|2|1,9,7,1663733,silent,1663726
12,19|11|3|3|3|3|2|2|2,9,7,1131888,silent,1131881
12,19|10|10|4|1|1|1|1|1,9,189,2916789,silent,2916600
12,19|10|10|3|2|1|1|1|1,9,398,5321928,silent,5321530
12,19|10|10|2|2|2|1|1|1,9,231,2306468,silent,2306237
12,19|10|9|5|1|1|1|1|1,9,471,7883278,silent,7882807
12,19|10|9|4|2|1|1|1|1,9,1503,22031074,silent,22029571
12,19|10|9|3|3|1|1|1|1,9,985,14171228,silent,14170243
12,19|10|9|3|2|2|1|1|1,9,1676,19115930,silent,19114254
12,19|10|9|2|2|2|2|1|1,9,682,5068653,silent,5067971
12,19|10|8|6|1|1|1|1|1,9,605,9983096,silent,9982491
12,19|10|8|5|2|1|1|1|1,9,2674,40359412,silent,40356738
12,19|10|8|4|3|1|1|1|1,9,3109,50361945,silent,50358836
12,19|10|8|4|2|2|1|1|1,9,4059,54657236,silent,54653177
12,19|10|8|3|3|2|1|1|1,9,3037,44596809,silent,44593772
12,19|10|8|3|2|2|2|1|1,9,2803,29385314,silent,29382511
12,19|10|8|2|2|2|2|2|1,9,814,5078761,silent,5077947
12,19|10|7|7|1|1|1|1|1,9,249,4694770,silent,4694521
12,19|10|7|6|2|1|1|1|1,9,2189,35166640,silent,35164451
12,19|10|7|5|3|1|1|1|1,9,4389,73513473,silent,73509084
12,19|10|7|5|2|2|1|1|1,9,5278,74580644,silent,74575366
12,19|10|7|4|4|1|1|1|1,9,2328,43198837,silent,43196509
12,19|10|7|4|3|2|1|1|1,9,7394,124688352,silent,124680958
12,19|10|7|4|2|2|2|1|1,9,5175,64956351,silent,64951176
12,19|10|7|3|3|3|1|1|1,9,1815,37686767,silent,37684952
12,19|10|7|3|3|2|2|1|1,9,3648,58506936,silent,58503288
12,19|10|7|3|2|2|2|2|1,9,2264,23227333,silent,23225069
12,19|10|7|2|2|2|2|2|2,9,395,2355543,silent,2355148
12,19|10|6|6|3|1|1|1|1,9,2121,36985100,silent,36982979
12,19|10|6|6|2|2|1|1|1,9,2345,36597465,silent,36595120
12,19|10|6|5|4|1|1|1|1,9,3088,55720195,silent,55717107
12,19|10|6|5|3|2|1|1|1,9,7402,128953693,silent,128946291
12,19|10|6|5|2|2|2|1|1,9,4493,62443786,silent,62439293
12,19|10|6|4|4|2|1|1|1,9,4453,88439201,silent,88434748
12,19|10|6|4|3|3|1|1|1,9,3835,86380083,silent,86376248
12,19|10|6|4|3|2|2|1|1,9,6910,125185262,silent,125178352
12,19|10|6|4|2|2|2|2|1,9,3201,39120876,silent,39117675
12,19|10|6|3|3|3|2|1|1,9,1803,50754267,silent,50752464
12,19|10|6|3|3|2|2|2|1,9,1990,37946853,silent,37944863
12,19|10|6|3|2|2|2|2|2,9,802,8515313,silent,8514511
12,19|10|5|5|5|1|1|1|1,9,727,11833219,silent,11832492
12,19|10|5|5|4|2|1|1|1,9,3373,62673373,silent,62670000
12,19|10|5|5|3|3|1|1|1,9,2220,50755024,silent,50752804
12,19|10|5|5|3|2|2|1|1,9,3819,71913189,silent,71909370
12,19|10|5|5|2|2|2|2|1,9,1453,20979210,silent,20977757
12,19|10|5|4|4|3|1|1|1,9,2164,54479870,silent,54477706
12,19|10|5|4|4|2|2|1|1,9,3110,63999282,silent,63996172
12,19|10|5|4|3|3|2|1|1,9,2774,81157370,silent,81154596
12,19|10|5|4|3|2|2|2|1,9,2822,56417366,silent,56414544
12,19|10|5|4|2|2|2|2|2,9,791,10012714,silent,10011923
12,19|10|5|3|3|3|3|1|1,9,265,17252635,silent,17252370
12,19|10|5|3|3|3|2|2|1,9,614,27445068,silent,27444454
12,19|10|5|3|3|2|2|2|2,9,427,10716966,silent,10716539
12,19|10|4|4|4|4|1|1|1,9,238,7694260,silent,7694022
12,19|10|4|4|4|3|2|1|1,9,940,28081917,silent,28080977
12,19|10|4|4|4|2|2|2|1,9,823,15660133,silent,15659310
12,19|10|4|4|3|3|3|1|1,9,259,14954066,silent,14953807
12,19|10|4|4|3|3|2|2|1,9,586,23190033,silent,23189447
12,19|10|4|4|3|2|2|2|2,9,419,8479049,silent,8478630
12,19|10|4|3|3|3|3|2|1,9,43,8326523,silent,8326480
12,19|10|4|3|3|3|2|2|2,9,56,5529728,silent,5529672
12,19|10|3|3|3|3|3|3|1,9,0,-1,a0,
12,19|10|3|3|3|3|3|2|2,9,1,961678,silent,961677
12,19|9|9|6|1|1|1|1|1,9,236,4365779,silent,4365543
12,19|9|9|5|2|1|1|1|1,9,1113,17125097,silent,17123984
12,19|9|9|4|3|1|1|1|1,9,1262,21062633,silent,21061371
12,19|9|9|4|2|2|1|1|1,9,1714,22828338,silent,22826624
12,19|9|9|3|3|2|1|1|1,9,1227,18488101,silent,18486874
12,19|9|9|3|2|2|2|1|1,9,1135,12155642,silent,12154507
12,19|9|9|2|2|2|2|2|1,9,304,2084799,silent,2084495
12,19|9|8|7|1|1|1|1|1,9,280,4913102,silent,4912822
12,19|9|8|6|2|1|1|1|1,9,1766,28931580,silent,28929814
12,19|9|8|5|3|1|1|1|1,9,3249,55895569,silent,55892320
12,19|9|8|5|2|2|1|1|1,9,3799,56419647,silent,56415848
12,19|9|8|4|4|1|1|1|1,9,1672,31930302,silent,31928630
12,19|9|8|4|3|2|1|1|1,9,5207,91256384,silent,91251177
12,19|9|8|4|2|2|2|1|1,9,3548,47254857,silent,47251309
12,19|9|8|3|3|3|1|1|1,9,1267,27111488,silent,27110221
12,19|9|8|3|3|2|2|1|1,9,2477,41954870,silent,41952393
12,19|9|8|3|2|2|2|2|1,9,1507,16547920,silent,16546413
12,19|9|8|2|2|2|2|2|2,9,251,1657998,silent,1657747
12,19|9|7|7|2|1|1|1|1,9,885,14915099,silent,14914214
12,19|9|7|6|3|1|1|1|1,9,3010,55700570,silent,55697560
12,19|9|7|6|2|2|1|1|1,9,3449,54689581,silent,54686132
12,19|9|7|5|4|1|1|1|1,9,3500,66639521,silent,66636021
12,19|9|7|5|3|2|1|1|1,9,8177,151328934,silent,151320757
12,19|9|7|5|2|2|2|1|1,9,4876,72501836,silent,72496960
12,19|9|7|4|4|2|1|1|1,9,4733,96915520,silent,96910787
12,19|9|7|4|3|3|1|1|1,9,3864,93134681,silent,93130817
12,19|9|7|4|3|2|2|1|1,9,6941,134304961,silent,134298020
12,19|9|7|4|2|2|2|2|1,9,2998,41446882,silent,41443884
12,19|9|7|3|3|3|2|1|1,9,1740,52502237,silent,52500497
12,19|9|7|3|3|2|2|2|1,9,1889,39007520,silent,39005631
12,19|9|7|3|2|2|2|2|2,9,682,8631282,silent,8630600
12,19|9|6|6|4|1|1|1|1,9,1824,37555132,silent,37553308
12,19|9|6|6|3|2|1|1|1,9,4040,79945466,silent,79941426
12,19|9|6|6|2|2|2|1|1,9,2298,37229216,silent,37226918
12,19|9|6|5|5|1|1|1|1,9,1486,27668208,silent,27666722
12,19|9|6|5|4|2|1|1|1,9,6432,134125735,silent,134119303
12,19|9|6|5|3|3|1|1|1,9,4322,105270711,silent,105266389
12,19|9|6|5|3|2|2|1|1,9,7070,147660811,silent,147653741
12,19|9|6|5|2|2|2|2|1,9,2644,42152243,silent,42149599
12,19|9|6|4|4|3|1|1|1,9,3397,91107154,silent,91103757
12,19|9|6|4|4|2|2|1|1,9,4702,106027453,silent,106022751
12,19|9|6|4|3|3|2|1|1,9,4185,130237994,silent,130233809
12,19|9|6|4|3|2|2|2|1,9,3992,89492038,silent,89488046
12,19|9|6|4|2|2|2|2|2,9,1051,15518851,silent,15517800
12,19|9|6|3|3|3|3|1|1,9,405,25370675,silent,25370270
12,19|9|6|3|3|3|2|2|1,9,845,40108455,silent,40107610
12,19|9|6|3|3|2|2|2|2,9,560,15468741,silent,15468181
12,19|9|5|5|5|2|1|1|1,9,1545,30594737,silent,30593192
12,19|9|5|5|4|3|1|1|1,9,2693,68340383,silent,68337690
12,19|9|5|5|4|2|2|1|1,9,3328,77727215,silent,77723887
12,19|9|5|5|3|3|2|1|1,9,2457,79177328,silent,79174871
12,19|9|5|5|3|2|2|2|1,9,2079,52940615,silent,52938536
12,19|9|5|5|2|2|2|2|2,9,427,8537747,silent,8537320
12,19|9|5|4|4|4|1|1|1,9,875,25364259,silent,25363384
12,19|9|5|4|4|3|2|1|1,9,2778,88953805,silent,88951027
12,19|9|5|4|4|2|2|2|1,9,1974,48574902,silent,48572928
12,19|9|5|4|3|3|3|1|1,9,722,43538895,silent,43538173
12,19|9|5|4|3|3|2|2|1,9,1538,66945806,silent,66944268
12,19|9|5|4|3|2|2|2|2,9,872,23901924,silent,23901052
12,19|9|5|3|3|3|3|2|1,9,122,18713498,silent,18713376
12,19|9|5|3|3|3|2|2|2,9,146,12292201,silent,12292055
12,19|9|4|4|4|4|2|1|1,9,440,14146214,silent,14145774
12,19|9|4|4|4|3|3|1|1,9,315,16779127,silent,16778812
12,19|9|4|4|4|3|2|2|1,9,685,24187802,silent,24187117
12,19|9|4|4|4|2|2|2|2,9,314,6877826,silent,6877512
12,19|9|4|4|3|3|3|2|1,9,129,16628444,silent,16628315
12,19|9|4|4|3|3|2|2|2,9,166,10613008,silent,10612842
12,19|9|4|3|3|3|3|3|1,9,2,3166886,silent,3166884
12,19|9|4|3|3|3|3|2|2,9,4,4267078,silent,4267074
12,19|9|3|3|3|3|3|3|2,9,0,-1,a0,
12,19|8|8|8|1|1|1|1|1,9,61,832846,silent,832785
12,19|8|8|7|2|1|1|1|1,9,529,9051590,silent,9051061
12,19|8|8|6|3|1|1|1|1,9,1469,27259086,silent,27257617
12,19|8|8|6|2|2|1|1|1,9,1560,26628961,silent,26627401
12,19|8|8|5|4|1|1|1|1,9,1568,30566048,silent,30564480
12,19|8|8|5|3|2|1|1|1,9,3580,68838529,silent,68834949
12,19|8|8|5|2|2|2|1|1,9,2079,32804838,silent,32802759
12,19|8|8|4|4|2|1|1|1,9,1997,43029957,silent,43027960
12,19|8|8|4|3|3|1|1|1,9,1703,41109663,silent,41107960
12,19|8|8|4|3|2|2|1|1,9,2922,59106947,silent,59104025
12,19|8|8|4|2|2|2|2|1,9,1291,18153917,silent,18152626
12,19|8|8|3|3|3|2|1|1,9,752,22788649,silent,22787897
12,19|8|8|3|3|2|2|2|1,9,788,16871504,silent,16870716
12,19|8|8|3|2|2|2|2|2,9,301,3719828,silent,3719527
12,19|8|7|7|3|1|1|1|1,9,907,17924478,silent,17923571
12,19|8|7|7|2|2|1|1|1,9,1058,17342574,silent,17341516
12,19|8|7|6|4|1|1|1|1,9,2016,42662627,silent,42660611
12,19|8|7|6|3|2|1|1|1,9,4331,89294916,silent,89290585
12,19|8|7|6|2|2|2|1|1,9,2430,41196684,silent,41194254
12,19|8|7|5|5|1|1|1|1,9,1276,25664133,silent,25662857
12,19|8|7|5|4|2|1|1|1,9,5496,120028079,silent,120022583
12,19|8|7|5|3|3|1|1|1,9,3581,92855392,silent,92851811
12,19|8|7|5|3|2|2|1|1,9,5876,129651667,silent,129645791
12,19|8|7|5|2|2|2|2|1,9,2109,36605682,silent,36603573
12,19|8|7|4|4|3|1|1|1,9,2728,75352350,silent,75349622
12,19|8|7|4|4|2|2|1|1,9,3662,87285961,silent,87282299
12,19|8|7|4|3|3|2|1|1,9,3224,105677314,silent,105674090
12,19|8|7|4|3|2|2|2|1,9,2994,72195966,silent,72192972
12,19|8|7|4|2|2|2|2|2,9,738,12369170,silent,12368432
12,19|8|7|3|3|3|3|1|1,9,297,19854824,silent,19854527
12,19|8|7|3|3|3|2|2|1,9,644,31302858,silent,31302214
12,19|8|7|3|3|2|2|2|2,9,402,11993900,silent,11993498
12,19|8|6|6|5|1|1|1|1,9,875,19539312,silent,19538437
12,19|8|6|6|4|2|1|1|1,9,3074,73971646,silent,73968572
12,19|8|6|6|3|3|1|1|1,9,2061,54123856,silent,54121795
12,19|8|6|6|3|2|2|1|1,9,3174,74625167,silent,74621993
12,19|8|6|6|2|2|2|2|1,9,1166,20462222,silent,20461056
12,19|8|6|5|5|2|1|1|1,9,2576,57778275,silent,57775699
12,19|8|6|5|4|3|1|1|1,9,4289,119292543,silent,119288254
12,19|8|6|5|4|2|2|1|1,9,5246,134435282,silent,134430036
12,19|8|6|5|3|3|2|1|1,9,3930,132909004,silent,132905074
12,19|8|6|5|3|2|2|2|1,9,3237,87890654,silent,87887417
12,19|8|6|5|2|2|2|2|2,9,698,13891101,silent,13890403
12,19|8|6|4|4|4|1|1|1,9,1094,35126151,silent,35125057
12,19|8|6|4|4|3|2|1|1,9,3522,120925344,silent,120921822
12,19|8|6|4|4|2|2|2|1,9,2431,65336745,silent,65334314
12,19|8|6|4|3|3|3|1|1,9,960,57114100,silent,57113140
12,19|8|6|4|3|3|2|2|1,9,1867,87324279,silent,87322412
12,19|8|6|4|3|2|2|2|2,9,1025,30815634,silent,30814609
12,19|8|6|3|3|3|3|2|1,9,152,22438647,silent,22438495
12,19|8|6|3|3|3|2|2|2,9,156,14631074,silent,14630918
12,19|8|5|5|5|3|1|1|1,9,1165,31121605,silent,31120440
12,19|8|5|5|5|2|2|1|1,9,1214,32928315,silent,32927101
12,19|8|5|5|4|4|1|1|1,9,1052,29554872,silent,29553820
12,19|8|5|5|4|3|2|1|1,9,2709,95361459,silent,95358750
12,19|8|5|5|4|2|2|2|1,9,1539,50110220,silent,50108681
12,19|8|5|5|3|3|3|1|1,9,597,36753142,silent,36752545
12,19|8|5|5|3|3|2|2|1,9,1136,55606373,silent,55605237
12,19|8|5|5|3|2|2|2|2,9,493,19026747,silent,19026254
12,19|8|5|4|4|4|2|1|1,9,1136,39403142,silent,39402006
12,19|8|5|4|4|3|3|1|1,9,842,45231880,silent,45231038
12,19|8|5|4|4|3|2|2|1,9,1515,64625558,silent,64624043
12,19|8|5|4|4|2|2|2|2,9,572,17951811,silent,17951239
12,19|8|5|4|3|3|3|2|1,9,348,40946909,silent,40946561
12,19|8|5|4|3|3|2|2|2,9,367,25859619,silent,25859252
12,19|8|5|3|3|3|3|3|1,9,6,6056464,silent,6056458
12,19|8|5|3|3|3|3|2|2,9,19,8118741,silent,8118722
12,19|8|4|4|4|4|3|1|1,9,219,9614511,silent,9614292
12,19|8|4|4|4|4|2|2|1,9,352,11155191,silent,11154839
12,19|8|4|4|4|3|3|2|1,9,207,16620541,silent,16620334
12,19|8|4|4|4|3|2|2|2,9,222,9764563,silent,9764341
12,19|8|4|4|3|3|3|3|1,9,8,5620930,silent,5620922
12,19|8|4|4|3|3|3|2|2,9,19,7421339,silent,7421320
12,19|8|4|3|3|3|3|3|2,9,0,-1,a0,
12,19|8|3|3|3|3|3|3|3,9,0,-1,a0,
12,19|7|7|7|4|1|1|1|1,9,382,8160493,silent,8160111
12,19|7|7|7|3|2|1|1|1,9,781,16542150,silent,16541369
12,19|7|7|7|2|2|2|1|1,9,436,7513492,silent,7513056
12,19|7|7|6|5|1|1|1|1,9,556,13025047,silent,13024491
12,19|7|7|6|4|2|1|1|1,9,2011,47892430,silent,47890419
12,19|7|7|6|3|3|1|1|1,9,1208,34591286,silent,34590078
12,19|7|7|6|3|2|2|1|1,9,1975,47567675,silent,47565700
12,19|7|7|6|2|2|2|2|1,9,644,12915010,silent,12914366
12,19|7|7|5|5|2|1|1|1,9,1308,31019805,silent,31018497
12,19|7|7|5|4|3|1|1|1,9,2165,62286980,silent,62284815
12,19|7|7|5|4|2|2|1|1,9,2652,69946645,silent,69943993
12,19|7|7|5|3|3|2|1|1,9,1908,68305370,silent,68303462
12,19|7|7|5|3|2|2|2|1,9,1557,44970056,silent,44968499
12,19|7|7|5|2|2|2|2|2,9,286,7027615,silent,7027329
12,19|7|7|4|4|4|1|1|1,9,577,17212806,silent,17212229
12,19|7|7|4|4|3|2|1|1,9,1664,58738604,silent,58736940
12,19|7|7|4|4|2|2|2|1,9,1074,31575442,silent,31574368
12,19|7|7|4|3|3|3|1|1,9,422,27331711,silent,27331289
12,19|7|7|4|3|3|2|2|1,9,876,41723722,silent,41722846
12,19|7|7|4|3|2|2|2|2,9,432,14637466,silent,14637034
12,19|7|7|3|3|3|3|2|1,9,70,10395561,silent,10395491
12,19|7|7|3|3|3|2|2|2,9,85,6769206,silent,6769121
12,19|7|6|6|6|1|1|1|1,9,127,3850119,silent,3849992
12,19|7|6|6|5|2|1|1|1,9,1118,29889288,silent,29888170
12,19|7|6|6|4|3|1|1|1,9,1573,49007845,silent,49006272
12,19|7|6|6|4|2|2|1|1,9,1921,54360081,silent,54358160
12,19|7|6|6|3|3|2|1|1,9,1401,50208295,silent,50206894
12,19|7|6|6|3|2|2|2|1,9,1125,32582423,silent,32581298
12,19|7|6|6|2|2|2|2|2,9,242,4951305,silent,4951063
12,19|7|6|5|5|3|1|1|1,9,1475,42889626,silent,42888151
12,19|7|6|5|5|2|2|1|1,9,1527,44992702,silent,44991175
12,19|7|6|5|4|4|1|1|1,9,1192,38160246,silent,38159054
12,19|7|6|5|4|3|2|1|1,9,3253,121087579,silent,121084326
12,19|7|6|5|4|2|2|2|1,9,1882,63023426,silent,63021544
12,19|7|6|5|3|3|3|1|1,9,751,45177052,silent,45176301
12,19|7|6|5|3|3|2|2|1,9,1326,67987486,silent,67986160
12,19|7|6|5|3|2|2|2|2,9,594,23029520,silent,23028926
12,19|7|6|4|4|4|2|1|1,9,1075,40083271,silent,40082196
12,19|7|6|4|4|3|3|1|1,9,808,45365576,silent,45364768
12,19|7|6|4|4|3|2|2|1,9,1426,64518165,silent,64516739
12,19|7|6|4|4|2|2|2|2,9,518,17732913,silent,17732395
12,19|7|6|4|3|3|3|2|1,9,339,39549787,silent,39549448
12,19|7|6|4|3|3|2|2|2,9,327,24829997,silent,24829670
12,19|7|6|3|3|3|3|3|1,9,10,5394025,silent,5394015
12,19|7|6|3|3|3|3|2|2,9,17,7202957,silent,7202940
12,19|7|5|5|5|4|1|1|1,9,475,13953441,silent,13952966
12,19|7|5|5|5|3|2|1|1,9,898,35497485,silent,35496587
12,19|7|5|5|5|2|2|2|1,9,385,17180230,silent,17179845
12,19|7|5|5|4|4|2|1|1,9,971,36906880,silent,36905909
12,19|7|5|5|4|3|3|1|1,9,701,39440219,silent,39439518
12,19|7|5|5|4|3|2|2|1,9,1047,55470127,silent,55469080
12,19|7|5|5|4|2|2|2|2,9,284,14776311,silent,14776027
12,19|7|5|5|3|3|3|2|1,9,258,27768583,silent,27768325
12,19|7|5|5|3|3|2|2|2,9,218,17211052,silent,17210834
12,19|7|5|4|4|4|3|1|1,9,472,21440670,silent,21440198
12,19|7|5|4|4|4|2|2|1,9,590,24624328,silent,24623738
12,19|7|5|4|4|3|3|2|1,9,422,35619803,silent,35619381
12,19|7|5|4|4|3|2|2|2,9,345,20695557,silent,20695212
12,19|7|5|4|3|3|3|3|1,9,23,11060482,silent,11060459
12,19|7|5|4|3|3|3|2|2,9,60,14561509,silent,14561449
12,19|7|5|3|3|3|3|3|2,9,0,-1,a0,
12,19|7|4|4|4|4|4|1|1,9,76,2294125,silent,2294049
12,19|7|4|4|4|4|3|2|1,9,179,8385074,silent,8384895
12,19|7|4|4|4|4|2|2|2,9,121,3882392,silent,3882271
12,19|7|4|4|4|3|3|3|1,9,17,4915920,silent,4915903
12,19|7|4|4|4|3|3|2|2,9,50,6286802,silent,6286752
12,19|7|4|4|3|3|3|3|2,9,0,-1,a0,
12,19|7|4|3|3|3|3|3|3,9,0,-1,a0,
12,19|6|6|6|6|2|1|1|1,9,85,3334434,silent,3334349
12,19|6|6|6|5|3|1|1|1,9,381,12505927,silent,12505546
12,19|6|6|6|5|2|2|1|1,9,396,12919188,silent,12918792
12,19|6|6|6|4|4|1|1|1,9,217,9068355,silent,9068138
12,19|6|6|6|4|3|2|1|1,9,701,27879114,silent,27878413
12,19|6|6|6|4|2|2|2|1,9,446,14272515,silent,14272069
12,19|6|6|6|3|3|3|1|1,9,178,9678562,silent,9678384
12,19|6|6|6|3|3|2|2|1,9,267,14426450,silent,14426183
12,19|6|6|6|3|2|2|2|2,9,141,4804779,silent,4804638
12,19|6|6|5|5|4|1|1|1,9,343,10739158,silent,10738815
12,19|6|6|5|5|3|2|1|1,9,675,26930179,silent,26929504
12,19|6|6|5|5|2|2|2|1,9,298,12923494,silent,12923196
12,19|6|6|5|4|4|2|1|1,9,631,26433866,silent,26433235
12,19|6|6|5|4|3|3|1|1,9,495,27941855,silent,27941360
12,19|6|6|5|4|3|2|2|1,9,749,39136000,silent,39135251
12,19|6|6|5|4|2|2|2|2,9,238,10348552,silent,10348314
12,19|6|6|5|3|3|3|2|1,9,175,19053767,silent,19053592
12,19|6|6|5|3|3|2|2|2,9,130,11738999,silent,11738869
12,19|6|6|4|4|4|3|1|1,9,237,12388094,silent,12387857
12,19|6|6|4|4|4|2|2|1,9,346,14192227,silent,14191881
12,19|6|6|4|4|3|3|2|1,9,232,20274145,silent,20273913
12,19|6|6|4|4|3|2|2|2,9,201,11732529,silent,11732328
12,19|6|6|4|3|3|3|3|1,9,18,6113980,silent,6113962
12,19|6|6|4|3|3|3|2|2,9,26,8017040,silent,8017014
12,19|6|6|3|3|3|3|3|2,9,1,1487792,silent,1487791
12,19|6|5|5|5|5|1|1|1,9,63,2093071,silent,2093008
12,19|6|5|5|5|4|2|1|1,9,292,12714215,silent,12713923
12,19|6|5|5|5|3|3|1|1,9,181,10962773,silent,10962592
12,19|6|5|5|5|3|2|2|1,9,220,14953863,silent,14953643
12,19|6|5|5|5|2|2|2|2,9,36,3651404,silent,3651368
12,19|6|5|5|4|4|3|1|1,9,290,14567746,silent,14567456
12,19|6|5|5|4|4|2|2|1,9,283,16467724,silent,16467441
12,19|6|5|5|4|3|3|2|1,9,244,22253605,silent,22253361
12,19|6|5|5|4|3|2|2|2,9,144,12693823,silent,12693679
12,19|6|5|5|3|3|3|3|1,9,17,5429272,silent,5429255
12,19|6|5|5|3|3|3|2|2,9,37,7098735,silent,7098698
12,19|6|5|4|4|4|4|1|1,9,99,3690949,silent,3690850
12,19|6|5|4|4|4|3|2|1,9,235,13241123,silent,13240888
12,19|6|5|4|4|4|2|2|2,9,123,6061192,silent,6061069
12,19|6|5|4|4|3|3|3|1,9,37,7510544,silent,7510507
12,19|6|5|4|4|3|3|2|2,9,69,9569513,silent,9569444
12,19|6|5|4|3|3|3|3|2,9,2,3950353,silent,3950351
12,19|6|5|3|3|3|3|3|3,9,0,-1,a0,
12,19|6|4|4|4|4|4|2|1,9,71,1751684,silent,1751613
12,19|6|4|4|4|4|3|3|1,9,25,2150788,silent,2150763
12,19|6|4|4|4|4|3|2|2,9,55,2569660,silent,2569605
12,19|6|4|4|4|3|3|3|2,9,1,1954918,silent,1954917
12,19|6|4|4|3|3|3|3|3,9,0,-1,a0,
12,19|5|5|5|5|5|2|1|1,9,16,1078708,silent,1078692
12,19|5|5|5|5|4|3|1|1,9,45,2819405,silent,2819360
12,19|5|5|5|5|4|2|2|1,9,34,3098209,silent,3098175
12,19|5|5|5|5|3|3|2|1,9,30,3390385,silent,3390355
12,19|5|5|5|5|3|2|2|2,9,14,1871002,silent,1870988
12,19|5|5|5|4|4|4|1|1,9,36,1400633,silent,1400597
12,19|5|5|5|4|4|3|2|1,9,59,4850410,silent,4850351
12,19|5|5|5|4|4|2|2|2,9,13,2176836,silent,2176823
12,19|5|5|5|4|3|3|3|1,9,15,2555403,silent,2555388
12,19|5|5|5|4|3|3|2|2,9,22,3237472,silent,3237450
12,19|5|5|5|3|3|3|3|2,9,1,1057717,silent,1057716
12,19|5|5|4|4|4|4|2|1,9,40,1499377,silent,1499337
12,19|5|5|4|4|4|3|3|1,9,25,1826723,silent,1826698
12,19|5|5|4|4|4|3|2|2,9,27,2164983,silent,2164956
12,19|5|5|4|4|3|3|3|2,9,5,1607282,silent,1607277
12,19|5|5|4|3|3|3|3|3,9,0,-1,a0,
12,19|5|4|4|4|4|4|3|1,9,20,412941,silent,412921
12,19|5|4|4|4|4|4|2|2,9,21,398888,silent,398867
12,19|5|4|4|4|4|3|3|2,9,5,616281,silent,616276
12,19|5|4|4|4|3|3|3|3,9,0,-1,a0,
12,19|4|4|4|4|4|4|4|1,9,6,21954,silent,21948
12,19|4|4|4|4|4|4|3|2,9,5,66225,silent,66220
12,19|4|4|4|4|4|3|3|3,9,0,-1,a0,
12,18|18|6|1|1|1|1|1|1,9,0,-1,a0,
12,18|18|5|2|1|1|1|1|1,9,0,-1,a0,
12,18|18|4|3|1|1|1|1|1,9,0,-1,a0,
12,18|18|4|2|2|1|1|1|1,9,2,52986,silent,52984
12,18|18|3|3|2|1|1|1|1,9,2,40608,silent,40606
12,18|18|3|2|2|2|1|1|1,9,3,27044,silent,27041
12,18|18|2|2|2|2|2|1|1,9,1,4653,silent,4652
12,18|17|7|1|1|1|1|1|1,9,0,-1,a0,
12,18|17|6|2|1|1|1|1|1,9,2,183000,silent,182998
12,18|17|5|3|1|1|1|1|1,9,7,290814,silent,290807
12,18|17|5|2|2|1|1|1|1,9,12,290854,silent,290842
12,18|17|4|4|1|1|1|1|1,9,3,153664,silent,153661
12,18|17|4|3|2|1|1|1|1,9,25,421514,silent,421489
12,18|17|4|2|2|2|1|1|1,9,25,217775,silent,217750
12,18|17|3|3|3|1|1|1|1,9,12,116224,silent,116212
12,18|17|3|3|2|2|1|1|1,9,29,183711,silent,183682
12,18|17|3|2|2|2|2|1|1,9,28,75405,silent,75377
12,18|17|2|2|2|2|2|2|1,9,12,9271,silent,9259
12,18|16|8|1|1|1|1|1|1,9,0,-1,a0,
12,18|16|7|2|1|1|1|1|1,9,10,466870,silent,466860
12,18|16|6|3|1|1|1|1|1,9,35,951660,silent,951625
12,18|16|6|2|2|1|1|1|1,9,55,915488,silent,915433
12,18|16|5|4|1|1|1|1|1,9,34,881251,silent,881217
12,18|16|5|3|2|1|1|1|1,9,133,1897631,silent,1897498
12,18|16|5|2|2|2|1|1|1,9,115,897821,silent,897706
12,18|16|4|4|2|1|1|1|1,9,65,1079107,silent,1079042
12,18|16|4|3|3|1|1|1|1,9,77,986400,silent,986323
12,18|16|4|3|2|2|1|1|1,9,176,1431579,silent,1431403
12,18|16|4|2|2|2|2|1|1,9,115,454040,silent,453925
12,18|16|3|3|3|2|1|1|1,9,68,510370,silent,510302
12,18|16|3|3|2|2|2|1|1,9,94,399495,silent,399401
12,18|16|3|2|2|2|2|2|1,9,64,107434,silent,107370
12,18|16|2|2|2|2|2|2|2,9,19,8277,silent,8258
12,18|15|9|1|1|1|1|1|1,9,2,147622,silent,147620
12,18|15|8|2|1|1|1|1|1,9,29,857912,silent,857883
12,18|15|7|3|1|1|1|1|1,9,99,2131667,silent,2131568
12,18|15|7|2|2|1|1|1|1,9,131,2010953,silent,2010822
12,18|15|6|4|1|1|1|1|1,9,140,2736723,silent,2736583
12,18|15|6|3|2|1|1|1|1,9,409,5396230,silent,5395821
12,18|15|6|2|2|2|1|1|1,9,297,2445547,silent,2445250
12,18|15|5|5|1|1|1|1|1,9,70,1305379,silent,1305309
12,18|15|5|4|2|1|1|1|1,9,387,5486523,silent,5486136
12,18|15|5|3|3|1|1|1|1,9,332,4025554,silent,4025222
12,18|15|5|3|2|2|1|1|1,9,653,5639767,silent,5639114
12,18|15|5|2|2|2|2|1|1,9,359,1630619,silent,1630260
12,18|15|4|4|3|1|1|1|1,9,184,2868236,silent,2868052
12,18|15|4|4|2|2|1|1|1,9,311,3322501,silent,3322190
12,18|15|4|3|3|2|1|1|1,9,378,3824053,silent,3823675
12,18|15|4|3|2|2|2|1|1,9,457,2731011,silent,2730554
12,18|15|4|2|2|2|2|2|1,9,217,565181,silent,564964
12,18|15|3|3|3|3|1|1|1,9,54,641970,silent,641916
12,18|15|3|3|3|2|2|1|1,9,122,1071534,silent,1071412
12,18|15|3|3|2|2|2|2|1,9,116,503828,silent,503712
12,18|15|3|2|2|2|2|2|2,9,51,79432,silent,79381
12,18|14|10|1|1|1|1|1|1,9,3,173704,silent,173701
12,18|14|9|2|1|1|1|1|1,9,49,1182932,silent,1182883
12,18|14|8|3|1|1|1|1|1,9,192,3521042,silent,3520850
12,18|14|8|2|2|1|1|1|1,9,247,3282018,silent,3281771
12,18|14|7|4|1|1|1|1|1,9,320,5735466,silent,5735146
12,18|14|7|3|2|1|1|1|1,9,843,10856009,silent,10855166
12,18|14|7|2|2|2|1|1|1,9,569,4810521,silent,4809952
12,18|14|6|5|1|1|1|1|1,9,293,4763895,silent,4763602
12,18|14|6|4|2|1|1|1|1,9,1143,15462920,silent,15461777
12,18|14|6|3|3|1|1|1|1,9,829,10528544,silent,10527715
12,18|14|6|3|2|2|1|1|1,9,1522,14459868,silent,14458346
12,18|14|6|2|2|2|2|1|1,9,702,3993300,silent,3992598
12,18|14|5|5|2|1|1|1|1,9,593,7698457,silent,7697864
12,18|14|5|4|3|1|1|1|1,9,971,13778048,silent,13777077
12,18|14|5|4|2|2|1|1|1,9,1457,15446823,silent,15445366
12,18|14|5|3|3|2|1|1|1,9,1260,14233453,silent,14232193
12,18|14|5|3|2|2|2|1|1,9,1351,9755082,silent,9753731
12,18|14|5|2|2|2|2|2|1,9,484,1827277,silent,1826793
12,18|14|4|4|4|1|1|1|1,9,170,3162601,silent,3162431
12,18|14|4|4|3|2|1|1|1,9,772,10528164,silent,10527392
12,18|14|4|4|2|2|2|1|1,9,686,5883498,silent,5882812
12,18|14|4|3|3|3|1|1|1,9,297,4578442,silent,4578145
12,18|14|4|3|3|2|2|1|1,9,685,7346007,silent,7345322
12,18|14|4|3|2|2|2|2|1,9,553,3152275,silent,3151722
12,18|14|4|2|2|2|2|2|2,9,163,380340,silent,380177
12,18|14|3|3|3|3|2|1|1,9,75,1612413,silent,1612338
12,18|14|3|3|3|2|2|2|1,9,98,1296479,silent,1296381
12,18|14|3|3|2|2|2|2|2,9,56,339727,silent,339671
12,18|13|11|1|1|1|1|1|1,9,4,143134,silent,143130
12,18|13|10|2|1|1|1|1|1,9,58,1199002,silent,1198944
12,18|13|9|3|1|1|1|1|1,9,256,4306264,silent,4306008
12,18|13|9|2|2|1|1|1|1,9,300,3989301,silent,3989001
12,18|13|8|4|1|1|1|1|1,9,533,8662523,silent,8661990
12,18|13|8|3|2|1|1|1|1,9,1268,16037004,silent,16035736
12,18|13|8|2|2|2|1|1|1,9,791,7012643,silent,7011852
12,18|13|7|5|1|1|1|1|1,9,616,9927329,silent,9926713
12,18|13|7|4|2|1|1|1|1,9,2147,29383485,silent,29381338
12,18|13|7|3|3|1|1|1|1,9,1489,19340912,silent,19339423
12,18|13|7|3|2|2|1|1|1,9,2598,26288030,silent,26285432
12,18|13|7|2|2|2|2|1|1,9,1126,7088156,silent,7087030
12,18|13|6|6|1|1|1|1|1,9,292,4538406,silent,4538114
12,18|13|6|5|2|1|1|1|1,9,1909,25726242,silent,25724333
12,18|13|6|4|3|1|1|1|1,9,2488,36085375,silent,36082887
12,18|13|6|4|2|2|1|1|1,9,3420,39712468,silent,39709048
12,18|13|6|3|3|2|1|1|1,9,2726,33962323,silent,33959597
12,18|13|6|3|2|2|2|1|1,9,2646,22754834,silent,22752188
12,18|13|6|2|2|2|2|2|1,9,837,4066058,silent,4065221
12,18|13|5|5|3|1|1|1|1,9,1404,19501597,silent,19500193
12,18|13|5|5|2|2|1|1|1,9,1798,20315492,silent,20313694
12,18|13|5|4|4|1|1|1|1,9,911,15289497,silent,15288586
12,18|13|5|4|3|2|1|1|1,9,3318,46747605,silent,46744287
12,18|13|5|4|2|2|2|1|1,9,2561,25111691,silent,25109130
12,18|13|5|3|3|3|1|1|1,9,937,15931090,silent,15930153
12,18|13|5|3|3|2|2|1|1,9,1957,25096507,silent,25094550
12,18|13|5|3|2|2|2|2|1,9,1351,10296191,silent,10294840
12,18|13|5|2|2|2|2|2|2,9,274,1116005,silent,1115731
12,18|13|4|4|4|2|1|1|1,9,646,11784085,silent,11783439
12,18|13|4|4|3|3|1|1|1,9,665,12795880,silent,12795215
12,18|13|4|4|3|2|2|1|1,9,1362,19015158,silent,19013796
12,18|13|4|4|2|2|2|2|1,9,793,6333310,silent,6332517
12,18|13|4|3|3|3|2|1|1,9,464,10651635,silent,10651171
12,18|13|4|3|3|2|2|2|1,9,577,8211091,silent,8210514
12,18|13|4|3|2|2|2|2|2,9,292,1966565,silent,1966273
12,18|13|3|3|3|3|3|1|1,9,21,1226418,silent,1226397
12,18|13|3|3|3|3|2|2|1,9,43,2008621,silent,2008578
12,18|13|3|3|3|2|2|2|2,9,35,832144,silent,832109
12,18|12|12|1|1|1|1|1|1,9,1,56192,silent,56191
12,18|12|11|2|1|1|1|1|1,9,39,766194,silent,766155
12,18|12|10|3|1|1|1|1|1,9,232,3665200,silent,3664968
12,18|12|10|2|2|1|1|1|1,9,278,3380507,silent,3380229
12,18|12|9|4|1|1|1|1|1,9,593,9314233,silent,9313640
12,18|12|9|3|2|1|1|1|1,9,1353,17039435,silent,17038082
12,18|12|9|2|2|2|1|1|1,9,814,7397004,silent,7396190
12,18|12|8|5|1|1|1|1|1,9,907,13908801,silent,13907894
12,18|12|8|4|2|1|1|1|1,9,2903,39399833,silent,39396930
12,18|12|8|3|3|1|1|1|1,9,1887,25486598,silent,25484711
12,18|12|8|3|2|2|1|1|1,9,3201,34409263,silent,34406062
12,18|12|8|2|2|2|2|1|1,9,1263,9146438,silent,9145175
12,18|12|7|6|1|1|1|1|1,9,690,11043193,silent,11042503
12,18|12|7|5|2|1|1|1|1,9,3455,48386078,silent,48382623
12,18|12|7|4|3|1|1|1|1,9,4152,62335177,silent,62331025
12,18|12|7|4|2|2|1|1|1,9,5521,67919146,silent,67913625
12,18|12|7|3|3|2|1|1|1,9,4161,56152856,silent,56148695
12,18|12|7|3|2|2|2|1|1,9,3851,37153823,silent,37149972
12,18|12|7|2|2|2|2|2|1,9,1094,6469025,silent,6467931
12,18|12|6|6|2|1|1|1|1,9,1573,22736686,silent,22735113
12,18|12|6|5|3|1|1|1|1,9,4009,60387653,silent,60383644
12,18|12|6|5|2|2|1|1|1,9,4774,61720083,silent,61715309
12,18|12|6|4|4|1|1|1|1,9,2247,37978560,silent,37976313
12,18|12|6|4|3|2|1|1|1,9,7277,111527577,silent,111520300
12,18|12|6|4|2|2|2|1|1,9,5078,58603264,silent,58598186
12,18|12|6|3|3|3|1|1|1,9,1890,34904493,silent,34902603
12,18|12|6|3|3|2|2|1|1,9,3768,54385972,silent,54382204
12,18|12|6|3|2|2|2|2|1,9,2357,21786724,silent,21784367
12,18|12|6|2|2|2|2|2|2,9,454,2253585,silent,2253131
12,18|12|5|5|4|1|1|1|1,9,1631,25818409,silent,25816778
12,18|12|5|5|3|2|1|1|1,9,4078,61974112,silent,61970034
12,18|12|5|5|2|2|2|1|1,9,2567,30573436,silent,30570869
12,18|12|5|4|4|2|1|1|1,9,2972,52654764,silent,52651792
12,18|12|5|4|3|3|1|1|1,9,2600,53025800,silent,53023200
12,18|12|5|4|3|2|2|1|1,9,4838,77473962,silent,77469124
12,18|12|5|4|2|2|2|2|1,9,2288,24668038,silent,24665750
12,18|12|5|3|3|3|2|1|1,9,1334,34026099,silent,34024765
12,18|12|5|3|3|2|2|2|1,9,1509,25670448,silent,25668939
12,18|12|5|3|2|2|2|2|2,9,605,5861858,silent,5861253
12,18|12|4|4|4|3|1|1|1,9,714,17242785,silent,17242071
12,18|12|4|4|4|2|2|1|1,9,1099,20554643,silent,20553544
12,18|12|4|4|3|3|2|1|1,9,1096,28019564,silent,28018468
12,18|12|4|4|3|2|2|2|1,9,1210,19821748,silent,19820538
12,18|12|4|4|2|2|2|2|2,9,423,3670406,silent,3669983
12,18|12|4|3|3|3|3|1|1,9,126,7627743,silent,7627617
12,18|12|4|3|3|3|2|2|1,9,293,12222665,silent,12222372
12,18|12|4|3|3|2|2|2|2,9,212,4858386,silent,4858174
12,18|12|3|3|3|3|3|2|1,9,10,1866175,silent,1866165
12,18|12|3|3|3|3|2|2|2,9,12,1264276,silent,1264264
12,18|11|11|3|1|1|1|1|1,9,95,1446820,silent,1446725
12,18|11|11|2|2|1|1|1|1,9,98,1334117,silent,1334019
12,18|11|10|4|1|1|1|1|1,9,410,6159491,silent,6159081
12,18|11|10|3|2|1|1|1|1,9,895,11197825,silent,11196930
12,18|11|10|2|2|2|1|1|1,9,518,4841523,silent,4841005
12,18|11|9|5|1|1|1|1|1,9,833,12758939,silent,12758106
12,18|11|9|4|2|1|1|1|1,9,2559,35392677,silent,35390118
12,18|11|9|3|3|1|1|1|1,9,1683,22688642,silent,22686959
12,18|11|9|3|2|2|1|1|1,9,2756,30538529,silent,30535773
12,18|11|9|2|2|2|2|1|1,9,1088,8060309,silent,8059221
12,18|11|8|6|1|1|1|1|1,9,950,14700683,silent,14699733
12,18|11|8|5|2|1|1|1|1,9,4113,58759599,silent,58755486
12,18|11|8|4|3|1|1|1|1,9,4740,72864126,silent,72859386
12,18|11|8|4|2|2|1|1|1,9,6073,78919090,silent,78913017
12,18|11|8|3|3|2|1|1|1,9,4498,64161801,silent,64157303
12,18|11|8|3|2|2|2|1|1,9,3990,42141399,silent,42137409
12,18|11|8|2|2|2|2|2|1,9,1080,7235684,silent,7234604
12,18|11|7|7|1|1|1|1|1,9,396,6680414,silent,6680018
12,18|11|7|6|2|1|1|1|1,9,3232,49103336,silent,49100104
12,18|11|7|5|3|1|1|1|1,9,6376,101584031,silent,101577655
12,18|11|7|5|2|2|1|1|1,9,7455,102831147,silent,102823692
12,18|11|7|4|4|1|1|1|1,9,3350,59408702,silent,59405352
12,18|11|7|4|3|2|1|1|1,9,10461,170862943,silent,170852482
12,18|11|7|4|2|2|2|1|1,9,7043,88720407,silent,88713364
12,18|11|7|3|3|3|1|1|1,9,2579,51408530,silent,51405951
12,18|11|7|3|3|2|2|1|1,9,4959,79631805,silent,79626846
12,18|11|7|3|2|2|2|2|1,9,2927,31466683,silent,31463756
12,18|11|7|2|2|2|2|2|2,9,462,3163219,silent,3162757
12,18|11|6|6|3|1|1|1|1,9,2996,50146125,silent,50143129
12,18|11|6|6|2|2|1|1|1,9,3298,49525117,silent,49521819
12,18|11|6|5|4|1|1|1|1,9,4317,74883244,silent,74878927
12,18|11|6|5|3|2|1|1|1,9,10161,172681504,silent,172671343
12,18|11|6|5|2|2|2|1|1,9,5971,83345528,silent,83339557
12,18|11|6|4|4|2|1|1|1,9,6160,117883680,silent,117877520
12,18|11|6|4|3|3|1|1|1,9,5261,114829365,silent,114824104
12,18|11|6|4|3|2|2|1|1,9,9226,166066684,silent,166057458
12,18|11|6|4|2|2|2|2|1,9,4027,51648367,silent,51644340
12,18|11|6|3|3|3|2|1|1,9,2450,67018962,silent,67016512
12,18|11|6|3|3|2|2|2|1,9,2567,49933136,silent,49930569
12,18|11|6|3|2|2|2|2|2,9,957,11129832,silent,11128875
12,18|11|5|5|5|1|1|1|1,9,986,15686404,silent,15685418
12,18|11|5|5|4|2|1|1|1,9,4518,82611861,silent,82607343
12,18|11|5|5|3|3|1|1|1,9,3024,66736999,silent,66733975
12,18|11|5|5|3|2|2|1|1,9,5006,94340344,silent,94335338
12,18|11|5|5|2|2|2|2|1,9,1834,27395387,silent,27393553
12,18|11|5|4|4|3|1|1|1,9,2926,71297749,silent,71294823
12,18|11|5|4|4|2|2|1|1,9,4103,83577639,silent,83573536
12,18|11|5|4|3|3|2|1|1,9,3704,105699509,silent,105695805
12,18|11|5|4|3|2|2|2|1,9,3567,73216618,silent,73213051
12,18|11|5|4|2|2|2|2|2,9,927,12906602,silent,12905675
12,18|11|5|3|3|3|3|1|1,9,386,22344371,silent,22343985
12,18|11|5|3|3|3|2|2|1,9,814,35451194,silent,35450380
12,18|11|5|3|3|2|2|2|2,9,533,13771798,silent,13771265
12,18|11|4|4|4|4|1|1|1,9,327,9970038,silent,9969711
12,18|11|4|4|4|3|2|1|1,9,1242,36253199,silent,36251957
12,18|11|4|4|4|2|2|2|1,9,1009,20141319,silent,20140310
12,18|11|4|4|3|3|3|1|1,9,350,19227973,silent,19227623
12,18|11|4|4|3|3|2|2|1,9,761,29748923,silent,29748162
12,18|11|4|4|3|2|2|2|2,9,492,10815456,silent,10814964
12,18|11|4|3|3|3|3|2|1,9,68,10616516,silent,10616448
12,18|11|4|3|3|3|2|2|2,9,75,7020784,silent,7020709
12,18|11|3|3|3|3|3|3|1,9,1,886244,silent,886243
12,18|11|3|3|3|3|3|2|2,9,1,1208434,silent,1208433
12,18|10|10|5|1|1|1|1|1,9,358,5238628,silent,5238270
12,18|10|10|4|2|1|1|1|1,9,1070,14382865,silent,14381795
12,18|10|10|3|3|1|1|1|1,9,651,9184008,silent,9183357
12,18|10|10|3|2|2|1|1|1,9,1076,12329741,silent,12328665
12,18|10|10|2|2|2|2|1|1,9,382,3239712,silent,3239330
12,18|10|9|6|1|1|1|1|1,9,685,10753254,silent,10752569
12,18|10|9|5|2|1|1|1|1,9,2849,41388232,silent,41385383
12,18|10|9|4|3|1|1|1|1,9,3226,50437032,silent,50433806
12,18|10|9|4|2|2|1|1|1,9,4086,54470667,silent,54466581
12,18|10|9|3|3|2|1|1|1,9,2985,43923005,silent,43920020
12,18|10|9|3|2|2|2|1|1,9,2590,28743051,silent,28740461
12,18|10|9|2|2|2|2|2|1,9,674,4898948,silent,4898274
12,18|10|8|7|1|1|1|1|1,9,592,9466243,silent,9465651
12,18|10|8|6|2|1|1|1|1,9,3516,54091608,silent,54088092
12,18|10|8|5|3|1|1|1|1,9,6224,102832758,silent,102826534
12,18|10|8|5|2|2|1|1|1,9,7064,103488924,silent,103481860
12,18|10|8|4|4|1|1|1|1,9,3269,58322065,silent,58318796
12,18|10|8|4|3|2|1|1|1,9,9683,165878000,silent,165868317
12,18|10|8|4|2|2|2|1|1,9,6221,85535731,silent,85529510
12,18|10|8|3|3|3|1|1|1,9,2345,48975014,silent,48972669
12,18|10|8|3|3|2|2|1|1,9,4478,75584597,silent,75580119
12,18|10|8|3|2|2|2|2|1,9,2531,29650238,silent,29647707
12,18|10|8|2|2|2|2|2|2,9,430,2947022,silent,2946592
12,18|10|7|7|2|1|1|1|1,9,1604,25860095,silent,25858491
12,18|10|7|6|3|1|1|1|1,9,5327,93895978,silent,93890651
12,18|10|7|6|2|2|1|1|1,9,5857,91915714,silent,91909857
12,18|10|7|5|4|1|1|1|1,9,6010,110766629,silent,110760619
12,18|10|7|5|3|2|1|1|1,9,13739,250332254,silent,250318515
12,18|10|7|5|2|2|2|1|1,9,7858,119436796,silent,119428938
12,18|10|7|4|4|2|1|1|1,9,7921,159177325,silent,159169404
12,18|10|7|4|3|3|1|1|1,9,6545,152459431,silent,152452886
12,18|10|7|4|3|2|2|1|1,9,11227,219267731,silent,219256504
12,18|10|7|4|2|2|2|2|1,9,4609,67304996,silent,67300387
12,18|10|7|3|3|3|2|1|1,9,2897,85183775,silent,85180878
12,18|10|7|3|3|2|2|2|1,9,2946,63028313,silent,63025367
12,18|10|7|3|2|2|2|2|2,9,1000,13851420,silent,13850420
12,18|10|6|6|4|1|1|1|1,9,3096,60275067,silent,60271971
12,18|10|6|6|3|2|1|1|1,9,6582,127705968,silent,127699386
12,18|10|6|6|2|2|2|1|1,9,3546,59229820,silent,59226274
12,18|10|6|5|5|1|1|1|1,9,2365,43916164,silent,43913799
12,18|10|6|5|4|2|1|1|1,9,10248,211290314,silent,211280066
12,18|10|6|5|3|3|1|1|1,9,6910,165272468,silent,165265558
12,18|10|6|5|3|2|2|1|1,9,10992,231223620,silent,231212628
12,18|10|6|5|2|2|2|2|1,9,3910,65649977,silent,65646067
12,18|10|6|4|4|3|1|1|1,9,5466,142026811,silent,142021345
12,18|10|6|4|4|2|2|1|1,9,7174,164862252,silent,164855078
12,18|10|6|4|3|3|2|1|1,9,6600,201812128,silent,201805528
12,18|10|6|4|3|2|2|2|1,9,5918,138118380,silent,138112462
12,18|10|6|4|2|2|2|2|2,9,1505,23783298,silent,23781793
12,18|10|6|3|3|3|3|1|1,9,648,39014542,silent,39013894
12,18|10|6|3|3|3|2|2|1,9,1321,61503958,silent,61502637
12,18|10|6|3|3|2|2|2|2,9,773,23581402,silent,23580629
12,18|10|5|5|5|2|1|1|1,9,2355,47101962,silent,47099607
12,18|10|5|5|4|3|1|1|1,9,4131,104559077,silent,104554946
12,18|10|5|5|4|2|2|1|1,9,5058,118612589,silent,118607531
12,18|10|5|5|3|3|2|1|1,9,3767,120413424,silent,120409657
12,18|10|5|5|3|2|2|2|1,9,3060,80187157,silent,80184097
12,18|10|5|5|2|2|2|2|2,9,578,12840234,silent,12839656
12,18|10|5|4|4|4|1|1|1,9,1340,38456660,silent,38455320
12,18|10|5|4|4|3|2|1|1,9,4208,134330741,silent,134326533
12,18|10|5|4|4|2|2|2|1,9,2844,73063223,silent,73060379
12,18|10|5|4|3|3|3|1|1,9,1153,65433870,silent,65432717
12,18|10|5|4|3|3|2|2|1,9,2288,100328339,silent,100326051
12,18|10|5|4|3|2|2|2|2,9,1204,35613752,silent,35612548
12,18|10|5|3|3|3|3|2|1,9,202,27825830,silent,27825628
12,18|10|5|3|3|3|2|2|2,9,217,18190482,silent,18190265
12,18|10|4|4|4|4|2|1|1,9,627,21027095,silent,21026468
12,18|10|4|4|4|3|3|1|1,9,506,24868286,silent,24867780
12,18|10|4|4|4|3|2|2|1,9,965,35750817,silent,35749852
12,18|10|4|4|4|2|2|2|2,9,443,10107442,silent,10106999
12,18|10|4|4|3|3|3|2|1,9,209,24451558,silent,24451349
12,18|10|4|4|3|3|2|2|2,9,221,15533022,silent,15532801
12,18|10|4|3|3|3|3|3|1,9,4,4612711,silent,4612707
12,18|10|4|3|3|3|3|2|2,9,12,6193673,silent,6193661
12,18|10|3|3|3|3|3|3|2,9,0,-1,a0,
12,18|9|9|7|1|1|1|1|1,9,266,4483647,silent,4483381
12,18|9|9|6|2|1|1|1|1,9,1495,23865503,silent,23864008
12,18|9|9|5|3|1|1|1|1,9,2626,44013680,silent,44011054
12,18|9|9|5|2|2|1|1|1,9,3002,44220270,silent,44217268
12,18|9|9|4|4|1|1|1|1,9,1307,24669301,silent,24667994
12,18|9|9|4|3|2|1|1|1,9,4006,69843251,silent,69839245
12,18|9|9|4|2|2|2|1|1,9,2620,35928328,silent,35925708
12,18|9|9|3|3|3|1|1|1,9,961,20443253,silent,20442292
12,18|9|9|3|3|2|2|1|1,9,1757,31518317,silent,31516560
12,18|9|9|3|2|2|2|2|1,9,983,12319880,silent,12318897
12,18|9|9|2|2|2|2|2|2,9,123,1210688,silent,1210565
12,18|9|8|8|1|1|1|1|1,9,182,2781528,silent,2781346
12,18|9|8|7|2|1|1|1|1,9,1672,27341628,silent,27339956
12,18|9|8|6|3|1|1|1|1,9,4324,78381819,silent,78377495
12,18|9|8|6|2|2|1|1|1,9,4642,76347287,silent,76342645
12,18|9|8|5|4|1|1|1|1,9,4507,85890328,silent,85885821
12,18|9|8|5|3|2|1|1|1,9,10096,192192712,silent,192182616
12,18|9|8|5|2|2|2|1|1,9,5639,91145692,silent,91140053
12,18|9|8|4|4|2|1|1|1,9,5682,118822886,silent,118817204
12,18|9|8|4|3|3|1|1|1,9,4683,112904194,silent,112899511
12,18|9|8|4|3|2|2|1|1,9,7881,161889151,silent,161881270
12,18|9|8|4|2|2|2|2|1,9,3164,49368521,silent,49365357
12,18|9|8|3|3|3|2|1|1,9,2030,61817227,silent,61815197
12,18|9|8|3|3|2|2|2|1,9,2013,45570251,silent,45568238
12,18|9|8|3|2|2|2|2|2,9,673,9948227,silent,9947554
12,18|9|7|7|3|1|1|1|1,9,2199,41316762,silent,41314563
12,18|9|7|7|2|2|1|1|1,9,2413,39819477,silent,39817064
12,18|9|7|6|4|1|1|1|1,9,4553,93876620,silent,93872067
12,18|9|7|6|3|2|1|1|1,9,9552,195222029,silent,195212477
12,18|9|7|6|2|2|2|1|1,9,5140,89613350,silent,89608210
12,18|9|7|5|5|1|1|1|1,9,2802,55421890,silent,55419088
12,18|9|7|5|4|2|1|1|1,9,11747,256407964,silent,256396217
12,18|9|7|5|3|3|1|1|1,9,7693,197388708,silent,197381015
12,18|9|7|5|3|2|2|1|1,9,12141,274753940,silent,274741799
12,18|9|7|5|2|2|2|2|1,9,4117,77055602,silent,77051485
12,18|9|7|4|4|3|1|1|1,9,5792,158404513,silent,158398721
12,18|9|7|4|4|2|2|1|1,9,7583,182936025,silent,182928442
12,18|9|7|4|3|3|2|1|1,9,6711,220365491,silent,220358780
12,18|9|7|4|3|2|2|2|1,9,5856,149851470,silent,149845614
12,18|9|7|4|2|2|2|2|2,9,1301,25444740,silent,25443439
12,18|9|7|3|3|3|3|1|1,9,669,40954971,silent,40954302
12,18|9|7|3|3|3|2|2|1,9,1326,64372062,silent,64370736
12,18|9|7|3|3|2|2|2|2,9,774,24509843,silent,24509069
12,18|9|6|6|5|1|1|1|1,9,1770,39115664,silent,39113894
12,18|9|6|6|4|2|1|1|1,9,6195,146546047,silent,146539852
12,18|9|6|6|3|3|1|1|1,9,4024,106674950,silent,106670926
12,18|9|6|6|3|2|2|1|1,9,6137,146669778,silent,146663641
12,18|9|6|6|2|2|2|2|1,9,2077,39938610,silent,39936533
12,18|9|6|5|5|2|1|1|1,9,4908,112315468,silent,112310560
12,18|9|6|5|4|3|1|1|1,9,8247,229801185,silent,229792938
12,18|9|6|5|4|2|2|1|1,9,9859,258179568,silent,258169709
12,18|9|6|5|3|3|2|1|1,9,7443,253984043,silent,253976600
12,18|9|6|5|3|2|2|2|1,9,5843,167182829,silent,167176986
12,18|9|6|5|2|2|2|2|2,9,1154,26190500,silent,26189346
12,18|9|6|4|4|4|1|1|1,9,2143,66744378,silent,66742235
12,18|9|6|4|4|3|2|1|1,9,6603,228539941,silent,228533338
12,18|9|6|4|4|2|2|2|1,9,4261,122892372,silent,122888111
12,18|9|6|4|3|3|3|1|1,9,1837,107213630,silent,107211793
12,18|9|6|4|3|3|2|2|1,9,3440,163451731,silent,163448291
12,18|9|6|4|3|2|2|2|2,9,1705,57295293,silent,57293588
12,18|9|6|3|3|3|3|2|1,9,309,41532702,silent,41532393
12,18|9|6|3|3|3|2|2|2,9,295,26956331,silent,26956036
12,18|9|5|5|5|3|1|1|1,9,2107,57506509,silent,57504402
12,18|9|5|5|5|2|2|1|1,9,2142,60643041,silent,60640899
12,18|9|5|5|4|4|1|1|1,9,1871,54217412,silent,54215541
12,18|9|5|5|4|3|2|1|1,9,4873,174051452,silent,174046579
12,18|9|5|5|4|2|2|2|1,9,2686,91035041,silent,91032355
12,18|9|5|5|3|3|3|1|1,9,1132,66648552,silent,66647420
12,18|9|5|5|3|3|2|2|1,9,2011,100511995,silent,100509984
12,18|9|5|5|3|2|2|2|2,9,834,34174605,silent,34173771
12,18|9|5|4|4|4|2|1|1,9,2012,70927479,silent,70925467
12,18|9|5|4|4|3|3|1|1,9,1506,81100702,silent,81099196
12,18|9|5|4|4|3|2|2|1,9,2594,115523048,silent,115520454
12,18|9|5|4|4|2|2|2|2,9,883,31870364,silent,31869481
12,18|9|5|4|3|3|3|2|1,9,653,72698281,silent,72697628
12,18|9|5|4|3|3|2|2|2,9,620,45687857,silent,45687237
12,18|9|5|3|3|3|3|3|1,9,17,10614700,silent,10614683
12,18|9|5|3|3|3|3|2|2,9,34,14174659,silent,14174625
12,18|9|4|4|4|4|3|1|1,9,379,16803620,silent,16803241
12,18|9|4|4|4|4|2|2|1,9,554,19425594,silent,19425040
12,18|9|4|4|4|3|3|2|1,9,360,28835387,silent,28835027
12,18|9|4|4|4|3|2|2|2,9,337,16852511,silent,16852174
12,18|9|4|4|3|3|3|3|1,9,18,9663245,silent,9663227
12,18|9|4|4|3|3|3|2|2,9,42,12721883,silent,12721841
12,18|9|4|3|3|3|3|3|2,9,0,-1,a0,
12,18|9|3|3|3|3|3|3|3,9,0,-1,a0,
12,18|8|8|8|2|1|1|1|1,9,290,4678442,silent,4678152
12,18|8|8|7|3|1|1|1|1,9,1309,25336281,silent,25334972
12,18|8|8|7|2|2|1|1|1,9,1365,24286814,silent,24285449
12,18|8|8|6|4|1|1|1|1,9,2253,46610431,silent,46608178
12,18|8|8|6|3|2|1|1|1,9,4525,96125880,silent,96121355
12,18|8|8|6|2|2|2|1|1,9,2325,43889674,silent,43887349
12,18|8|8|5|5|1|1|1|1,9,1234,26000983,silent,25999749
12,18|8|8|5|4|2|1|1|1,9,5191,118362763,silent,118357572
12,18|8|8|5|3|3|1|1|1,9,3451,90562417,silent,90558966
12,18|8|8|5|3|2|2|1|1,9,5375,125705239,silent,125699864
12,18|8|8|5|2|2|2|2|1,9,1842,35080712,silent,35078870
12,18|8|8|4|4|3|1|1|1,9,2542,70932049,silent,70929507
12,18|8|8|4|4|2|2|1|1,9,3140,81705904,silent,81702764
12,18|8|8|4|3|3|2|1|1,9,2945,97824918,silent,97821973
12,18|8|8|4|3|2|2|2|1,9,2513,66317512,silent,66314999
12,18|8|8|4|2|2|2|2|2,9,635,11218418,silent,11217783
12,18|8|8|3|3|3|3|1|1,9,272,17900458,silent,17900186
12,18|8|8|3|3|3|2|2|1,9,559,28074945,silent,28074386
12,18|8|8|3|3|2|2|2|2,9,290,10651807,silent,10651517
12,18|8|7|7|4|1|1|1|1,9,1460,31859554,silent,31858094
12,18|8|7|7|3|2|1|1|1,9,2939,63945056,silent,63942117
12,18|8|7|7|2|2|2|1|1,9,1552,28818416,silent,28816864
12,18|8|7|6|5|1|1|1|1,9,2027,46580639,silent,46578612
12,18|8|7|6|4|2|1|1|1,9,6878,168423205,silent,168416327
12,18|8|7|6|3|3|1|1|1,9,4282,120825702,silent,120821420
12,18|8|7|6|3|2|2|1|1,9,6547,165409386,silent,165402839
12,18|8|7|6|2|2|2|2|1,9,2098,44543161,silent,44541063
12,18|8|7|5|5|2|1|1|1,9,4316,105372078,silent,105367762
12,18|8|7|5|4|3|1|1|1,9,7101,208592264,silent,208585163
12,18|8|7|5|4|2|2|1|1,9,8435,233266000,silent,233257565
12,18|8|7|5|3|3|2|1|1,9,6251,226203803,silent,226197552
12,18|8|7|5|3|2|2|2|1,9,4842,148043191,silent,148038349
12,18|8|7|5|2|2|2|2|2,9,887,22918156,silent,22917269
12,18|8|7|4|4|4|1|1|1,9,1763,56291725,silent,56289962
12,18|8|7|4|4|3|2|1|1,9,5244,190850842,silent,190845598
12,18|8|7|4|4|2|2|2|1,9,3260,102026906,silent,102023646
12,18|8|7|4|3|3|3|1|1,9,1439,87993546,silent,87992107
12,18|8|7|4|3|3|2|2|1,9,2679,133786635,silent,133783956
12,18|8|7|4|3|2|2|2|2,9,1267,46589357,silent,46588090
12,18|8|7|3|3|3|3|2|1,9,241,32790279,silent,32790038
12,18|8|7|3|3|3|2|2|2,9,234,21211920,silent,21211686
12,18|8|6|6|6|1|1|1|1,9,403,10774796,silent,10774393
12,18|8|6|6|5|2|1|1|1,9,3004,81336206,silent,81333202
12,18|8|6|6|4|3|1|1|1,9,4207,131495835,silent,131491628
12,18|8|6|6|4|2|2|1|1,9,4868,145282034,silent,145277166
12,18|8|6|6|3|3|2|1|1,9,3633,133214258,silent,133210625
12,18|8|6|6|3|2|2|2|1,9,2748,85955824,silent,85953076
12,18|8|6|6|2|2|2|2|2,9,578,12924995,silent,12924417
12,18|8|6|5|5|3|1|1|1,9,3656,111145107,silent,111141451
12,18|8|6|5|5|2|2|1|1,9,3809,116123334,silent,116119525
12,18|8|6|5|4|4|1|1|1,9,2967,97778391,silent,97775424
12,18|8|6|5|4|3|2|1|1,9,7998,308134603,silent,308126605
12,18|8|6|5|4|2|2|2|1,9,4468,159456502,silent,159452034
12,18|8|6|5|3|3|3|1|1,9,1884,113882936,silent,113881052
12,18|8|6|5|3|3|2|2|1,9,3205,170751611,silent,170748406
12,18|8|6|5|3|2|2|2|2,9,1333,57395650,silent,57394317
12,18|8|6|4|4|4|2|1|1,9,2515,99662813,silent,99660298
12,18|8|6|4|4|3|3|1|1,9,2022,112216374,silent,112214352
12,18|8|6|4|4|3|2|2|1,9,3292,159019581,silent,159016289
12,18|8|6|4|4|2|2|2|2,9,1164,43374246,silent,43373082
12,18|8|6|4|3|3|3|2|1,9,850,96535687,silent,96534837
12,18|8|6|4|3|3|2|2|2,9,718,60262504,silent,60261786
12,18|8|6|3|3|3|3|3|1,9,24,12923013,silent,12922989
12,18|8|6|3|3|3|3|2|2,9,51,17187448,silent,17187397
12,18|8|5|5|5|4|1|1|1,9,1045,32771226,silent,32770181
12,18|8|5|5|5|3|2|1|1,9,2018,82787208,silent,82785190
12,18|8|5|5|5|2|2|2|1,9,873,39829312,silent,39828439
12,18|8|5|5|4|4|2|1|1,9,2140,85099880,silent,85097740
12,18|8|5|5|4|3|3|1|1,9,1559,90485704,silent,90484145
12,18|8|5|5|4|3|2|2|1,9,2309,126790950,silent,126788641
12,18|8|5|5|4|2|2|2|2,9,594,33519247,silent,33518653
12,18|8|5|5|3|3|3|2|1,9,580,62861450,silent,62860870
12,18|8|5|5|3|3|2|2|2,9,465,38732564,silent,38732099
12,18|8|5|4|4|4|3|1|1,9,992,48053485,silent,48052493
12,18|8|5|4|4|4|2|2|1,9,1218,54998500,silent,54997282
12,18|8|5|4|4|3|3|2|1,9,915,79120216,silent,79119301
12,18|8|5|4|4|3|2|2|2,9,689,45715587,silent,45714898
12,18|8|5|4|3|3|3|3|1,9,64,24280389,silent,24280325
12,18|8|5|4|3|3|3|2|2,9,129,31835740,silent,31835611
12,18|8|5|3|3|3|3|3|2,9,1,6202589,silent,6202588
12,18|8|4|4|4|4|4|1|1,9,124,4896158,silent,4896034
12,18|8|4|4|4|4|3|2|1,9,343,17782287,silent,17781944
12,18|8|4|4|4|4|2|2|2,9,227,8185767,silent,8185540
12,18|8|4|4|4|3|3|3|1,9,48,10344414,silent,10344366
12,18|8|4|4|4|3|3|2|2,9,89,13180010,silent,13179921
12,18|8|4|4|3|3|3|3|2,9,2,5818919,silent,5818917
12,18|8|4|3|3|3|3|3|3,9,0,-1,a0,
12,18|7|7|7|5|1|1|1|1,9,422,9772739,silent,9772317
12,18|7|7|7|4|2|1|1|1,9,1317,32708678,silent,32707361
12,18|7|7|7|3|3|1|1|1,9,749,22796150,silent,22795401
12,18|7|7|7|3|2|2|1|1,9,1148,30999980,silent,30998832
12,18|7|7|7|2|2|2|2|1,9,324,8184971,silent,8184647
12,18|7|7|6|6|1|1|1|1,9,269,7773185,silent,7772916
12,18|7|7|6|5|2|1|1|1,9,1983,54707746,silent,54705763
12,18|7|7|6|4|3|1|1|1,9,2658,86000877,silent,85998219
12,18|7|7|6|4|2|2|1|1,9,3165,94705148,silent,94701983
12,18|7|7|6|3|3|2|1|1,9,2169,85754830,silent,85752661
12,18|7|7|6|3|2|2|2|1,9,1627,55091930,silent,55090303
12,18|7|7|6|2|2|2|2|2,9,245,8181324,silent,8181079
12,18|7|7|5|5|3|1|1|1,9,1885,60298201,silent,60296316
12,18|7|7|5|5|2|2|1|1,9,1911,62774593,silent,62772682
12,18|7|7|5|4|4|1|1|1,9,1565,51829741,silent,51828176
12,18|7|7|5|4|3|2|1|1,9,4039,161989419,silent,161985380
12,18|7|7|5|4|2|2|2|1,9,2177,83430721,silent,83428544
12,18|7|7|5|3|3|3|1|1,9,930,59002180,silent,59001250
12,18|7|7|5|3|3|2|2|1,9,1609,88309608,silent,88307999
12,18|7|7|5|3|2|2|2|2,9,641,29522761,silent,29522120
12,18|7|7|4|4|4|2|1|1,9,1275,49149608,silent,49148333
12,18|7|7|4|4|3|3|1|1,9,910,54946155,silent,54945245
12,18|7|7|4|4|3|2|2|1,9,1520,77691031,silent,77689511
12,18|7|7|4|4|2|2|2|2,9,426,21054279,silent,21053853
12,18|7|7|4|3|3|3|2|1,9,407,46499228,silent,46498821
12,18|7|7|4|3|3|2|2|2,9,369,28965822,silent,28965453
12,18|7|7|3|3|3|3|3|1,9,12,6024387,silent,6024375
12,18|7|7|3|3|3|3|2|2,9,18,8008041,silent,8008023
12,18|7|6|6|6|2|1|1|1,9,493,16615066,silent,16614573
12,18|7|6|6|5|3|1|1|1,9,1693,59433841,silent,59432148
12,18|7|6|6|5|2|2|1|1,9,1793,61112268,silent,61110475
12,18|7|6|6|4|4|1|1|1,9,1112,42345555,silent,42344443
12,18|7|6|6|4|3|2|1|1,9,3073,128804146,silent,128801073
12,18|7|6|6|4|2|2|2|1,9,1736,65426962,silent,65425226
12,18|7|6|6|3|3|3|1|1,9,707,44032083,silent,44031376
12,18|7|6|6|3|3|2|2|1,9,1163,65419620,silent,65418457
12,18|7|6|6|3|2|2|2|2,9,487,21554348,silent,21553861
12,18|7|6|5|5|4|1|1|1,9,1321,46449248,silent,46447927
12,18|7|6|5|5|3|2|1|1,9,2661,115360643,silent,115357982
12,18|7|6|5|5|2|2|2|1,9,1200,54964073,silent,54962873
12,18|7|6|5|4|4|2|1|1,9,2548,111155677,silent,111153129
12,18|7|6|5|4|3|3|1|1,9,1944,116573723,silent,116571779
12,18|7|6|5|4|3|2|2|1,9,2861,162563922,silent,162561061
12,18|7|6|5|4|2|2|2|2,9,799,42548498,silent,42547699
12,18|7|6|5|3|3|3|2|1,9,705,77988114,silent,77987409
12,18|7|6|5|3|3|2|2|2,9,520,47758115,silent,47757595
12,18|7|6|4|4|4|3|1|1,9,944,49590936,silent,49589992
12,18|7|6|4|4|4|2|2|1,9,1163,56505751,silent,56504588
12,18|7|6|4|4|3|3|2|1,9,885,80136829,silent,80135944
12,18|7|6|4|4|3|2|2|2,9,648,46044517,silent,46043869
12,18|7|6|4|3|3|3|3|1,9,70,23730580,silent,23730510
12,18|7|6|4|3|3|3|2|2,9,123,31018476,silent,31018353
12,18|7|6|3|3|3|3|3|2,9,3,5573430,silent,5573427
12,18|7|5|5|5|5|1|1|1,9,191,7011779,silent,7011588
12,18|7|5|5|5|4|2|1|1,9,876,41854619,silent,41853743
12,18|7|5|5|5|3|3|1|1,9,581,35831589,silent,35831008
12,18|7|5|5|5|3|2|2|1,9,700,48641439,silent,48640739
12,18|7|5|5|5|2|2|2|2,9,141,11771078,silent,11770937
12,18|7|5|5|4|4|3|1|1,9,856,46700659,silent,46699803
12,18|7|5|5|4|4|2|2|1,9,856,52564811,silent,52563955
12,18|7|5|5|4|3|3|2|1,9,741,70477574,silent,70476833
12,18|7|5|5|4|3|2|2|2,9,426,39933653,silent,39933227
12,18|7|5|5|3|3|3|3|1,9,59,16901215,silent,16901156
12,18|7|5|5|3|3|3|2|2,9,103,21988342,silent,21988239
12,18|7|5|4|4|4|4|1|1,9,284,11300442,silent,11300158
12,18|7|5|4|4|4|3|2|1,9,629,40204599,silent,40203970
12,18|7|5|4|4|4|2|2|2,9,291,18269376,silent,18269085
12,18|7|5|4|4|3|3|3|1,9,112,22564501,silent,22564389
12,18|7|5|4|4|3|3|2|2,9,202,28631711,silent,28631509
12,18|7|5|4|3|3|3|3|2,9,7,11601107,silent,11601100
12,18|7|5|3|3|3|3|3|3,9,0,-1,a0,
12,18|7|4|4|4|4|4|2|1,9,150,4812811,silent,4812661
12,18|7|4|4|4|4|3|3|1,9,67,5881090,silent,5881023
12,18|7|4|4|4|4|3|2|2,9,114,6984921,silent,6984807
12,18|7|4|4|4|3|3|3|2,9,8,5260101,silent,5260093
12,18|7|4|4|3|3|3|3|3,9,0,-1,a0,
12,18|6|6|6|6|3|1|1|1,9,160,6998640,silent,6998480
12,18|6|6|6|6|2|2|1|1,9,158,6976388,silent,6976230
12,18|6|6|6|5|4|1|1|1,9,335,14186849,silent,14186514
12,18|6|6|6|5|3|2|1|1,9,745,34106613,silent,34105868
12,18|6|6|6|5|2|2|2|1,9,373,15976295,silent,15975922
12,18|6|6|6|4|4|2|1|1,9,520,26811915,silent,26811395
12,18|6|6|6|4|3|3|1|1,9,456,27377678,silent,27377222
12,18|6|6|6|4|3|2|2|1,9,665,37867241,silent,37866576
12,18|6|6|6|4|2|2|2|2,9,244,9747707,silent,9747463
12,18|6|6|6|3|3|3|2|1,9,148,16881670,silent,16881522
12,18|6|6|6|3|3|2|2|2,9,91,10226798,silent,10226707
12,18|6|6|5|5|5|1|1|1,9,161,5616898,silent,5616737
12,18|6|6|5|5|4|2|1|1,9,677,32467974,silent,32467297
12,18|6|6|5|5|3|3|1|1,9,426,27479790,silent,27479364
12,18|6|6|5|5|3|2|2|1,9,540,37135796,silent,37135256
12,18|6|6|5|5|2|2|2|2,9,99,8907743,silent,8907644
12,18|6|6|5|4|4|3|1|1,9,566,33812112,silent,33811546
12,18|6|6|5|4|4|2|2|1,9,647,37942552,silent,37941905
12,18|6|6|5|4|3|3|2|1,9,518,50260510,silent,50259992
12,18|6|6|5|4|3|2|2|2,9,322,28349846,silent,28349524
12,18|6|6|5|3|3|3|3|1,9,47,11706948,silent,11706901
12,18|6|6|5|3|3|3|2|2,9,65,15169427,silent,15169362
12,18|6|6|4|4|4|4|1|1,9,119,6623463,silent,6623344
12,18|6|6|4|4|4|3|2|1,9,350,23409643,silent,23409293
12,18|6|6|4|4|4|2|2|2,9,217,10609687,silent,10609470
12,18|6|6|4|4|3|3|3|1,9,66,12952205,silent,12952139
12,18|6|6|4|4|3|3|2|2,9,90,16391351,silent,16391261
12,18|6|6|4|3|3|3|3|2,9,8,6453032,silent,6453024
12,18|6|6|3|3|3|3|3|3,9,0,-1,a0,
12,18|6|5|5|5|5|2|1|1,9,111,6690563,silent,6690452
12,18|6|5|5|5|4|3|1|1,9,264,17053428,silent,17053164
12,18|6|5|5|5|4|2|2|1,9,214,18611877,silent,18611663
12,18|6|5|5|5|3|3|2|1,9,186,20139034,silent,20138848
12,18|6|5|5|5|3|2|2|2,9,79,11001646,silent,11001567
12,18|6|5|5|4|4|4|1|1,9,164,8105793,silent,8105629
12,18|6|5|5|4|4|3|2|1,9,332,27807599,silent,27807267
12,18|6|5|5|4|4|2|2|2,9,105,12393842,silent,12393737
12,18|6|5|5|4|3|3|3|1,9,80,14428798,silent,14428718
12,18|6|5|5|4|3|3|2|2,9,112,18168333,silent,18168221
12,18|6|5|5|3|3|3|3|2,9,6,5782929,silent,5782923
12,18|6|5|4|4|4|4|2|1,9,176,7819953,silent,7819777
12,18|6|5|4|4|4|3|3|1,9,99,9431431,silent,9431332
12,18|6|5|4|4|4|3|2|2,9,132,11137047,silent,11136915
12,18|6|5|4|4|3|3|3|2,9,18,8122861,silent,8122843
12,18|6|5|4|3|3|3|3|3,9,0,-1,a0,
12,18|6|4|4|4|4|4|3|1,9,50,1637835,silent,1637785
12,18|6|4|4|4|4|4|2|2,9,66,1571588,silent,1571522
12,18|6|4|4|4|4|3|3|2,9,15,2408170,silent,2408155
12,18|6|4|4|4|3|3|3|3,9,0,-1,a0,
12,18|5|5|5|5|5|3|1|1,9,17,1612932,silent,1612915
12,18|5|5|5|5|5|2|2|1,9,16,1647508,silent,1647492
12,18|5|5|5|5|4|4|1|1,9,21,1737922,silent,1737901
12,18|5|5|5|5|4|3|2|1,9,44,5517611,silent,5517567
12,18|5|5|5|5|4|2|2|2,9,14,2378492,silent,2378478
12,18|5|5|5|5|3|3|3|1,9,11,2271375,silent,2271364
12,18|5|5|5|5|3|3|2|2,9,9,2821947,silent,2821938
12,18|5|5|5|4|4|4|2|1,9,37,3002712,silent,3002675
12,18|5|5|5|4|4|3|3|1,9,34,3527817,silent,3527783
12,18|5|5|5|4|4|3|2|2,9,24,4126668,silent,4126644
12,18|5|5|5|4|3|3|3|2,9,9,2799850,silent,2799841
12,18|5|5|5|3|3|3|3|3,9,0,-1,a0,
12,18|5|5|4|4|4|4|3|1,9,35,1420946,silent,1420911
12,18|5|5|4|4|4|4|2|2,9,17,1347305,silent,1347288
12,18|5|5|4|4|4|3|3|2,9,19,2061800,silent,2061781
12,18|5|5|4|4|3|3|3|3,9,0,-1,a0,
12,18|5|4|4|4|4|4|4|1,9,16,164532,silent,164516
12,18|5|4|4|4|4|4|3|2,9,18,495874,silent,495856
12,18|5|4|4|4|4|3|3|3,9,0,-1,a0,
12,18|4|4|4|4|4|4|4|2,9,10,30188,silent,30178
12,18|4|4|4|4|4|4|3|3,9,0,-1,a0,
12,17|17|8|1|1|1|1|1|1,9,1,33701,silent,33700
12,17|17|7|2|1|1|1|1|1,9,3,166126,silent,166123
12,17|17|6|3|1|1|1|1|1,9,15,338606,silent,338591
12,17|17|6|2|2|1|1|1|1,9,16,325372,silent,325356
12,17|17|5|4|1|1|1|1|1,9,12,313119,silent,313107
12,17|17|5|3|2|1|1|1|1,9,49,674796,silent,674747
12,17|17|5|2|2|2|1|1|1,9,43,319505,silent,319462
12,17|17|4|4|2|1|1|1|1,9,19,382854,silent,382835
12,17|17|4|3|3|1|1|1|1,9,34,350636,silent,350602
12,17|17|4|3|2|2|1|1|1,9,61,508548,silent,508487
12,17|17|4|2|2|2|2|1|1,9,49,161819,silent,161770
12,17|17|3|3|3|2|1|1|1,9,24,181003,silent,180979
12,17|17|3|3|2|2|2|1|1,9,30,141338,silent,141308
12,17|17|3|2|2|2|2|2|1,9,22,37986,silent,37964
12,17|17|2|2|2|2|2|2|2,9,2,2714,silent,2712
12,17|16|9|1|1|1|1|1|1,9,1,83541,silent,83540
12,17|16|8|2|1|1|1|1|1,9,17,482179,silent,482162
12,17|16|7|3|1|1|1|1|1,9,57,1192838,silent,1192781
12,17|16|7|2|2|1|1|1|1,9,77,1124493,silent,1124416
12,17|16|6|4|1|1|1|1|1,9,81,1527332,silent,1527251
12,17|16|6|3|2|1|1|1|1,9,235,3008716,silent,3008481
12,17|16|6|2|2|2|1|1|1,9,168,1362175,silent,1362007
12,17|16|5|5|1|1|1|1|1,9,40,727668,silent,727628
12,17|16|5|4|2|1|1|1|1,9,224,3054128,silent,3053904
12,17|16|5|3|3|1|1|1|1,9,188,2239591,silent,2239403
12,17|16|5|3|2|2|1|1|1,9,371,3135554,silent,3135183
12,17|16|5|2|2|2|2|1|1,9,198,905389,silent,905191
12,17|16|4|4|3|1|1|1|1,9,107,1594222,silent,1594115
12,17|16|4|4|2|2|1|1|1,9,177,1845608,silent,1845431
12,17|16|4|3|3|2|1|1|1,9,215,2123049,silent,2122834
12,17|16|4|3|2|2|2|1|1,9,256,1514642,silent,1514386
12,17|16|4|2|2|2|2|2|1,9,119,312934,silent,312815
12,17|16|3|3|3|3|1|1|1,9,30,355995,silent,355965
12,17|16|3|3|3|2|2|1|1,9,70,593724,silent,593654
12,17|16|3|3|2|2|2|2|1,9,64,278755,silent,278691
12,17|16|3|2|2|2|2|2|2,9,28,43858,silent,43830
12,17|15|10|1|1|1|1|1|1,9,4,127176,silent,127172
12,17|15|9|2|1|1|1|1|1,9,35,851488,silent,851453
12,17|15|8|3|1|1|1|1|1,9,149,2509686,silent,2509537
12,17|15|8|2|2|1|1|1|1,9,172,2337215,silent,2337043
12,17|15|7|4|1|1|1|1|1,9,236,4061773,silent,4061537
12,17|15|7|3|2|1|1|1|1,9,621,7681231,silent,7680610
12,17|15|7|2|2|2|1|1|1,9,416,3401206,silent,3400790
12,17|15|6|5|1|1|1|1|1,9,216,3362552,silent,3362336
12,17|15|6|4|2|1|1|1|1,9,822,10894625,silent,10893803
12,17|15|6|3|3|1|1|1|1,9,623,7413768,silent,7413145
12,17|15|6|3|2|2|1|1|1,9,1093,10174606,silent,10173513
12,17|15|6|2|2|2|2|1|1,9,517,2807266,silent,2806749
12,17|15|5|5|2|1|1|1|1,9,442,5416002,silent,5415560
12,17|15|5|4|3|1|1|1|1,9,707,9676753,silent,9676046
12,17|15|5|4|2|2|1|1|1,9,1053,10842738,silent,10841685
12,17|15|5|3|3|2|1|1|1,9,906,9980584,silent,9979678
12,17|15|5|3|2|2|2|1|1,9,948,6831922,silent,6830974
12,17|15|5|2|2|2|2|2|1,9,331,1276283,silent,1275952
12,17|15|4|4|4|1|1|1|1,9,111,2216092,silent,2215981
12,17|15|4|4|3|2|1|1|1,9,559,7373309,silent,7372750
12,17|15|4|4|2|2|2|1|1,9,509,4117919,silent,4117410
12,17|15|4|3|3|3|1|1|1,9,226,3202408,silent,3202182
12,17|15|4|3|3|2|2|1|1,9,471,5132255,silent,5131784
12,17|15|4|3|2|2|2|2|1,9,385,2198328,silent,2197943
12,17|15|4|2|2|2|2|2|2,9,93,263009,silent,262916
12,17|15|3|3|3|3|2|1|1,9,57,1125230,silent,1125173
12,17|15|3|3|3|2|2|2|1,9,70,903090,silent,903020
12,17|15|3|3|2|2|2|2|2,9,46,236614,silent,236568
12,17|14|11|1|1|1|1|1|1,9,4,133741,silent,133737
12,17|14|10|2|1|1|1|1|1,9,57,1064336,silent,1064279
12,17|14|9|3|1|1|1|1|1,9,235,3715976,silent,3715741
12,17|14|9|2|2|1|1|1|1,9,277,3437849,silent,3437572
12,17|14|8|4|1|1|1|1|1,9,484,7351793,silent,7351309
12,17|14|8|3|2|1|1|1|1,9,1122,13585438,silent,13584316
12,17|14|8|2|2|2|1|1|1,9,685,5930435,silent,5929750
12,17|14|7|5|1|1|1|1|1,9,547,8347315,silent,8346768
12,17|14|7|4|2|1|1|1|1,9,1889,24640390,silent,24638501
12,17|14|7|3|3|1|1|1|1,9,1289,16199983,silent,16198694
12,17|14|7|3|2|2|1|1|1,9,2228,21994804,silent,21992576
12,17|14|7|2|2|2|2|1|1,9,931,5917675,silent,5916744
12,17|14|6|6|1|1|1|1|1,9,261,3799343,silent,3799082
12,17|14|6|5|2|1|1|1|1,9,1656,21457136,silent,21455480
12,17|14|6|4|3|1|1|1|1,9,2162,30036222,silent,30034060
12,17|14|6|4|2|2|1|1|1,9,2918,33022197,silent,33019279
12,17|14|6|3|3|2|1|1|1,9,2327,28208871,silent,28206544
12,17|14|6|3|2|2|2|1|1,9,2208,18869568,silent,18867360
12,17|14|6|2|2|2|2|2|1,9,677,3362419,silent,3361742
12,17|14|5|5|3|1|1|1|1,9,1199,16186973,silent,16185774
12,17|14|5|5|2|2|1|1|1,9,1524,16844552,silent,16843028
12,17|14|5|4|4|1|1|1|1,9,797,12671356,silent,12670559
12,17|14|5|4|3|2|1|1|1,9,2828,38685871,silent,38683043
12,17|14|5|4|2|2|2|1|1,9,2125,20747882,silent,20745757
12,17|14|5|3|3|3|1|1|1,9,798,13163478,silent,13162680
12,17|14|5|3|3|2|2|1|1,9,1649,20711967,silent,20710318
12,17|14|5|3|2|2|2|2|1,9,1098,8477498,silent,8476400
12,17|14|5|2|2|2|2|2|2,9,220,915500,silent,915280
12,17|14|4|4|4|2|1|1|1,9,555,9726579,silent,9726024
12,17|14|4|4|3|3|1|1|1,9,572,10551261,silent,10550689
12,17|14|4|4|3|2|2|1|1,9,1137,15662486,silent,15661349
12,17|14|4|4|2|2|2|2|1,9,641,5204128,silent,5203487
12,17|14|4|3|3|3|2|1|1,9,395,8759405,silent,8759010
12,17|14|4|3|3|2|2|2|1,9,475,6739005,silent,6738530
12,17|14|4|3|2|2|2|2|2,9,231,1608418,silent,1608187
12,17|14|3|3|3|3|3|1|1,9,17,1005685,silent,1005668
12,17|14|3|3|3|3|2|2|1,9,38,1644203,silent,1644165
12,17|14|3|3|3|2|2|2|2,9,27,679034,silent,679007
12,17|13|12|1|1|1|1|1|1,9,2,86749,silent,86747
12,17|13|11|2|1|1|1|1|1,9,47,906397,silent,906350
12,17|13|10|3|1|1|1|1|1,9,270,3919069,silent,3918799
12,17|13|10|2|2|1|1|1|1,9,297,3609858,silent,3609561
12,17|13|9|4|1|1|1|1|1,9,634,9477186,silent,9476552
12,17|13|9|3|2|1|1|1|1,9,1441,17301881,silent,17300440
12,17|13|9|2|2|2|1|1|1,9,852,7498485,silent,7497633
12,17|13|8|5|1|1|1|1|1,9,953,13784128,silent,13783175
12,17|13|8|4|2|1|1|1|1,9,2971,38911541,silent,38908570
12,17|13|8|3|3|1|1|1|1,9,1973,25132213,silent,25130240
12,17|13|8|3|2|2|1|1|1,9,3227,33891809,silent,33888582
12,17|13|8|2|2|2|2|1|1,9,1272,8988828,silent,8987556
12,17|13|7|6|1|1|1|1|1,9,711,10799930,silent,10799219
12,17|13|7|5|2|1|1|1|1,9,3513,47080300,silent,47076787
12,17|13|7|4|3|1|1|1|1,9,4193,60476642,silent,60472449
12,17|13|7|4|2|2|1|1|1,9,5501,65822776,silent,65817275
12,17|13|7|3|3|2|1|1|1,9,4128,54325768,silent,54321640
12,17|13|7|3|2|2|2|1|1,9,3717,35879358,silent,35875641
12,17|13|7|2|2|2|2|2|1,9,1012,6223937,silent,6222925
12,17|13|6|6|2|1|1|1|1,9,1559,21971410,silent,21969851
12,17|13|6|5|3|1|1|1|1,9,4005,58098279,silent,58094274
12,17|13|6|5|2|2|1|1|1,9,4698,59313111,silent,59308413
12,17|13|6|4|4|1|1|1|1,9,2204,36458010,silent,36455806
12,17|13|6|4|3|2|1|1|1,9,7170,106875290,silent,106868120
12,17|13|6|4|2|2|2|1|1,9,4930,56062722,silent,56057792
12,17|13|6|3|3|3|1|1|1,9,1880,33374187,silent,33372307
12,17|13|6|3|3|2|2|1|1,9,3596,51932628,silent,51929032
12,17|13|6|3|2|2|2|2|1,9,2192,20747235,silent,20745043
12,17|13|6|2|2|2|2|2|2,9,372,2132068,silent,2131696
12,17|13|5|5|4|1|1|1|1,9,1629,24682890,silent,24681261
12,17|13|5|5|3|2|1|1|1,9,3974,59131578,silent,59127604
12,17|13|5|5|2|2|2|1|1,9,2415,29112987,silent,29110572
12,17|13|5|4|4|2|1|1|1,9,2919,50139515,silent,50136596
12,17|13|5|4|3|3|1|1|1,9,2547,50424230,silent,50421683
12,17|13|5|4|3|2|2|1|1,9,4647,73581957,silent,73577310
12,17|13|5|4|2|2|2|2|1,9,2115,23362246,silent,23360131
12,17|13|5|3|3|3|2|1|1,9,1307,32246739,silent,32245432
12,17|13|5|3|3|2|2|2|1,9,1421,24275503,silent,24274082
12,17|13|5|3|2|2|2|2|2,9,550,5521449,silent,5520899
12,17|13|4|4|4|3|1|1|1,9,685,16335646,silent,16334961
12,17|13|4|4|4|2|2|1|1,9,1095,19454957,silent,19453862
12,17|13|4|4|3|3|2|1|1,9,1046,26474469,silent,26473423
12,17|13|4|4|3|2|2|2|1,9,1125,18689557,silent,18688432
12,17|13|4|4|2|2|2|2|2,9,343,3441695,silent,3441352
12,17|13|4|3|3|3|3|1|1,9,139,7188845,silent,7188706
12,17|13|4|3|3|3|2|2|1,9,280,11499555,silent,11499275
12,17|13|4|3|3|2|2|2|2,9,209,4557552,silent,4557343
12,17|13|3|3|3|3|3|2|1,9,11,1748356,silent,1748345
12,17|13|3|3|3|3|2|2|2,9,9,1179992,silent,1179983
12,17|12|12|2|1|1|1|1|1,9,23,360078,silent,360055
12,17|12|11|3|1|1|1|1|1,9,178,2556389,silent,2556211
12,17|12|11|2|2|1|1|1|1,9,200,2350104,silent,2349904
12,17|12|10|4|1|1|1|1|1,9,598,8305919,silent,8305321
12,17|12|10|3|2|1|1|1|1,9,1261,15046996,silent,15045735
12,17|12|10|2|2|2|1|1|1,9,704,6486021,silent,6485317
12,17|12|9|5|1|1|1|1|1,9,1084,15576201,silent,15575117
12,17|12|9|4|2|1|1|1|1,9,3277,42979733,silent,42976456
12,17|12|9|3|3|1|1|1|1,9,2101,27489450,silent,27487349
12,17|12|9|3|2|2|1|1|1,9,3396,36933412,silent,36930016
12,17|12|9|2|2|2|2|1|1,9,1263,9713690,silent,9712427
12,17|12|8|6|1|1|1|1|1,9,1182,17151077,silent,17149895
12,17|12|8|5|2|1|1|1|1,9,4962,68025416,silent,68020454
12,17|12|8|4|3|1|1|1|1,9,5699,84008621,silent,84002922
12,17|12|8|4|2|2|1|1|1,9,7129,90843851,silent,90836722
12,17|12|8|3|3|2|1|1|1,9,5286,73694557,silent,73689271
12,17|12|8|3|2|2|2|1|1,9,4531,48287052,silent,48282521
12,17|12|8|2|2|2|2|2|1,9,1178,8257211,silent,8256033
12,17|12|7|7|1|1|1|1|1,9,483,7653438,silent,7652955
12,17|12|7|6|2|1|1|1|1,9,3826,55578615,silent,55574789
12,17|12|7|5|3|1|1|1|1,9,7407,114209729,silent,114202322
12,17|12|7|5|2|2|1|1|1,9,8508,115426060,silent,115417552
12,17|12|7|4|4|1|1|1|1,9,3937,66584683,silent,66580746
12,17|12|7|4|3|2|1|1|1,9,11962,191033526,silent,191021564
12,17|12|7|4|2|2|2|1|1,9,7776,98962894,silent,98955118
12,17|12|7|3|3|3|1|1|1,9,2949,57311783,silent,57308834
12,17|12|7|3|3|2|2|1|1,9,5568,88633652,silent,88628084
12,17|12|7|3|2|2|2|2|1,9,3138,34912506,silent,34909368
12,17|12|7|2|2|2|2|2|2,9,491,3492391,silent,3491900
12,17|12|6|6|3|1|1|1|1,9,3470,55765751,silent,55762281
12,17|12|6|6|2|2|1|1|1,9,3736,54994662,silent,54990926
12,17|12|6|5|4|1|1|1|1,9,4916,82804139,silent,82799223
12,17|12|6|5|3|2|1|1|1,9,11420,190486847,silent,190475427
12,17|12|6|5|2|2|2|1|1,9,6535,91729763,silent,91723228
12,17|12|6|4|4|2|1|1|1,9,6934,129647434,silent,129640500
12,17|12|6|4|3|3|1|1|1,9,5939,126078725,silent,126072786
12,17|12|6|4|3|2|2|1|1,9,10139,182060102,silent,182049963
12,17|12|6|4|2|2|2|2|1,9,4262,56441721,silent,56437459
12,17|12|6|3|3|3|2|1|1,9,2739,73260250,silent,73257511
12,17|12|6|3|3|2|2|2|1,9,2755,54446991,silent,54444236
12,17|12|6|3|2|2|2|2|2,9,980,12082800,silent,12081820
12,17|12|5|5|5|1|1|1|1,9,1080,17199913,silent,17198833
12,17|12|5|5|4|2|1|1|1,9,4996,90246444,silent,90241448
12,17|12|5|5|3|3|1|1|1,9,3360,72789388,silent,72786028
12,17|12|5|5|3|2|2|1|1,9,5479,102733101,silent,102727622
12,17|12|5|5|2|2|2|2|1,9,1941,29738935,silent,29736994
12,17|12|5|4|4|3|1|1|1,9,3272,77528190,silent,77524918
12,17|12|5|4|4|2|2|1|1,9,4442,90745702,silent,90741260
12,17|12|5|4|3|3|2|1|1,9,4096,114575821,silent,114571725
12,17|12|5|4|3|2|2|2|1,9,3782,79167902,silent,79164120
12,17|12|5|4|2|2|2|2|2,9,950,13894595,silent,13893645
12,17|12|5|3|3|3|3|1|1,9,433,24134469,silent,24134036
12,17|12|5|3|3|3|2|2|1,9,895,38218586,silent,38217691
12,17|12|5|3|3|2|2|2|2,9,542,14790900,silent,14790358
12,17|12|4|4|4|4|1|1|1,9,367,10772755,silent,10772388
12,17|12|4|4|4|3|2|1|1,9,1354,39081256,silent,39079902
12,17|12|4|4|4|2|2|2|1,9,1052,21658665,silent,21657613
12,17|12|4|4|3|3|3|1|1,9,399,20676896,silent,20676497
12,17|12|4|4|3|3|2|2|1,9,818,31935595,silent,31934777
12,17|12|4|4|3|2|2|2|2,9,500,11565840,silent,11565340
12,17|12|4|3|3|3|3|2|1,9,81,11354064,silent,11353983
12,17|12|4|3|3|3|2|2|2,9,82,7484573,silent,7484491
12,17|12|3|3|3|3|3|3|1,9,1,942083,silent,942082
12,17|12|3|3|3|3|3|2|2,9,3,1280686,silent,1280683
12,17|11|11|4|1|1|1|1|1,9,227,3323988,silent,3323761
12,17|11|11|3|2|1|1|1|1,9,502,6011677,silent,6011175
12,17|11|11|2|2|2|1|1|1,9,294,2591156,silent,2590862
12,17|11|10|5|1|1|1|1|1,9,759,10567974,silent,10567215
12,17|11|10|4|2|1|1|1|1,9,2189,28827015,silent,28824826
12,17|11|10|3|3|1|1|1|1,9,1399,18348308,silent,18346909
12,17|11|10|3|2|2|1|1|1,9,2197,24598605,silent,24596408
12,17|11|10|2|2|2|2|1|1,9,804,6441742,silent,6440938
12,17|11|9|6|1|1|1|1|1,9,1123,16708140,silent,16707017
12,17|11|9|5|2|1|1|1|1,9,4560,63601369,silent,63596809
12,17|11|9|4|3|1|1|1|1,9,5106,77039755,silent,77034649
12,17|11|9|4|2|2|1|1|1,9,6358,83053059,silent,83046701
12,17|11|9|3|3|2|1|1|1,9,4599,66743583,silent,66738984
12,17|11|9|3|2|2|2|1|1,9,3862,43557184,silent,43553322
12,17|11|9|2|2|2|2|2|1,9,945,7382132,silent,7381187
12,17|11|8|7|1|1|1|1|1,9,899,13487206,silent,13486307
12,17|11|8|6|2|1|1|1|1,9,5076,75700016,silent,75694940
12,17|11|8|5|3|1|1|1|1,9,8927,142471536,silent,142462609
12,17|11|8|5|2|2|1|1|1,9,9922,143122396,silent,143112474
12,17|11|8|4|4|1|1|1|1,9,4597,80431362,silent,80426765
12,17|11|8|4|3|2|1|1|1,9,13548,228042674,silent,228029126
12,17|11|8|4|2|2|2|1|1,9,8502,117279775,silent,117271273
12,17|11|8|3|3|3|1|1|1,9,3301,67040607,silent,67037306
12,17|11|8|3|3|2|2|1|1,9,6010,103283741,silent,103277731
12,17|11|8|3|2|2|2|2|1,9,3269,40359822,silent,40356553
12,17|11|8|2|2|2|2|2|2,9,480,3978138,silent,3977658
12,17|11|7|7|2|1|1|1|1,9,2280,34968833,silent,34966553
12,17|11|7|6|3|1|1|1|1,9,7310,124821618,silent,124814308
12,17|11|7|6|2|2|1|1|1,9,7897,121967230,silent,121959333
12,17|11|7|5|4|1|1|1|1,9,8147,145978608,silent,145970461
12,17|11|7|5|3|2|1|1|1,9,18272,328854543,silent,328836271
12,17|11|7|5|2|2|2|1|1,9,10118,156465110,silent,156454992
12,17|11|7|4|4|2|1|1|1,9,10549,208180211,silent,208169662
12,17|11|7|4|3|3|1|1|1,9,8690,198921352,silent,198912662
12,17|11|7|4|3|2|2|1|1,9,14540,285596885,silent,285582345
12,17|11|7|4|2|2|2|2|1,9,5692,87325956,silent,87320264
12,17|11|7|3|3|3|2|1|1,9,3810,110494272,silent,110490462
12,17|11|7|3|3|2|2|2|1,9,3705,81530371,silent,81526666
12,17|11|7|3|2|2|2|2|2,9,1189,17823931,silent,17822742
12,17|11|6|6|4|1|1|1|1,9,4066,77962298,silent,77958232
12,17|11|6|6|3|2|1|1|1,9,8618,164680541,silent,164671923
12,17|11|6|6|2|2|2|1|1,9,4586,76183842,silent,76179256
12,17|11|6|5|5|1|1|1|1,9,3104,56425014,silent,56421910
12,17|11|6|5|4|2|1|1|1,9,13238,270132697,silent,270119459
12,17|11|6|5|3|3|1|1|1,9,8924,210813312,silent,210804388
12,17|11|6|5|3|2|2|1|1,9,13874,294424936,silent,294411062
12,17|11|6|5|2|2|2|2|1,9,4745,83276317,silent,83271572
12,17|11|6|4|4|3|1|1|1,9,7025,180369505,silent,180362480
12,17|11|6|4|4|2|2|1|1,9,9152,209023655,silent,209014503
12,17|11|6|4|3|3|2|1|1,9,8365,255254637,silent,255246272
12,17|11|6|4|3|2|2|2|1,9,7223,174212700,silent,174205477
12,17|11|6|4|2|2|2|2|2,9,1671,29829603,silent,29827932
12,17|11|6|3|3|3|3|1|1,9,879,49107277,silent,49106398
12,17|11|6|3|3|3|2|2|1,9,1668,77264904,silent,77263236
12,17|11|6|3|3|2|2|2|2,9,952,29509436,silent,29508484
12,17|11|5|5|5|2|1|1|1,9,2945,59407158,silent,59404213
12,17|11|5|5|4|3|1|1|1,9,5239,131358073,silent,131352834
12,17|11|5|5|4|2|2|1|1,9,6231,148739646,silent,148733415
12,17|11|5|5|3|3|2|1|1,9,4770,150676218,silent,150671448
12,17|11|5|5|3|2|2|2|1,9,3723,100056841,silent,100053118
12,17|11|5|5|2|2|2|2|2,9,709,15947129,silent,15946420
12,17|11|5|4|4|4|1|1|1,9,1703,48046557,silent,48044854
12,17|11|5|4|4|3|2|1|1,9,5247,167355970,silent,167350723
12,17|11|5|4|4|2|2|2|1,9,3403,90767215,silent,90763812
12,17|11|5|4|3|3|3|1|1,9,1478,81263117,silent,81261639
12,17|11|5|4|3|3|2|2|1,9,2821,124362357,silent,124359536
12,17|11|5|4|3|2|2|2|2,9,1392,43960295,silent,43958903
12,17|11|5|3|3|3|3|2|1,9,270,34319348,silent,34319078
12,17|11|5|3|3|3|2|2|2,9,262,22361160,silent,22360898
12,17|11|4|4|4|4|2|1|1,9,801,25953913,silent,25953112
12,17|11|4|4|4|3|3|1|1,9,604,30622516,silent,30621912
12,17|11|4|4|4|3|2|2|1,9,1160,43944110,silent,43942950
12,17|11|4|4|4|2|2|2|2,9,455,12361090,silent,12360635
12,17|11|4|4|3|3|3|2|1,9,272,29959142,silent,29958870
12,17|11|4|4|3|3|2|2|2,9,280,18975773,silent,18975493
12,17|11|4|3|3|3|3|3|1,9,10,5617414,silent,5617404
12,17|11|4|3|3|3|3|2|2,9,14,7522087,silent,7522073
12,17|11|3|3|3|3|3|3|2,9,0,-1,a0,
12,17|10|10|6|1|1|1|1|1,9,507,7036409,silent,7035902
12,17|10|10|5|2|1|1|1|1,9,1878,26303200,silent,26301322
12,17|10|10|4|3|1|1|1|1,9,2101,31603555,silent,31601454
12,17|10|10|4|2|2|1|1|1,9,2496,33989781,silent,33987285
12,17|10|10|3|3|2|1|1|1,9,1848,27224358,silent,27222510
12,17|10|10|3|2|2|2|1|1,9,1504,17720633,silent,17719129
12,17|10|10|2|2|2|2|2|1,9,378,2996744,silent,2996366
12,17|10|9|7|1|1|1|1|1,9,708,10864511,silent,10863803
12,17|10|9|6|2|1|1|1|1,9,3704,56097310,silent,56093606
12,17|10|9|5|3|1|1|1|1,9,6224,101826123,silent,101819899
12,17|10|9|5|2|2|1|1|1,9,6866,101991397,silent,101984531
12,17|10|9|4|4|1|1|1|1,9,3192,56666210,silent,56663018
12,17|10|9|4|3|2|1|1|1,9,9216,159698936,silent,159689720
12,17|10|9|4|2|2|2|1|1,9,5654,81826198,silent,81820544
12,17|10|9|3|3|3|1|1|1,9,2203,46480404,silent,46478201
12,17|10|9|3|3|2|2|1|1,9,3995,71476273,silent,71472278
12,17|10|9|3|2|2|2|2|1,9,2103,27812111,silent,27810008
12,17|10|9|2|2|2|2|2|2,9,301,2720430,silent,2720129
12,17|10|8|8|1|1|1|1|1,9,377,5395319,silent,5394942
12,17|10|8|7|2|1|1|1|1,9,3191,50347021,silent,50343830
12,17|10|8|6|3|1|1|1|1,9,7986,140386919,silent,140378933
12,17|10|8|6|2|2|1|1|1,9,8311,136385277,silent,136376966
12,17|10|8|5|4|1|1|1|1,9,8130,151724222,silent,151716092
12,17|10|8|5|3|2|1|1|1,9,17828,338010163,silent,337992335
12,17|10|8|5|2|2|2|1|1,9,9592,159717419,silent,159707827
12,17|10|8|4|4|2|1|1|1,9,9988,207526658,silent,207516670
12,17|10|8|4|3|3|1|1|1,9,8276,196566425,silent,196558149
12,17|10|8|4|3|2|2|1|1,9,13434,281218813,silent,281205379
12,17|10|8|4|2|2|2|2|1,9,5153,85363052,silent,85357899
12,17|10|8|3|3|3|2|1|1,9,3531,106752887,silent,106749356
12,17|10|8|3|3|2|2|2|1,9,3318,78429723,silent,78426405
12,17|10|8|3|2|2|2|2|2,9,1053,17023144,silent,17022091
12,17|10|7|7|3|1|1|1|1,9,3734,68653201,silent,68649467
12,17|10|7|7|2|2|1|1|1,9,3983,65976968,silent,65972985
12,17|10|7|6|4|1|1|1|1,9,7579,152014757,silent,152007178
12,17|10|7|6|3|2|1|1|1,9,15464,314740061,silent,314724597
12,17|10|7|6|2|2|2|1|1,9,7982,143953120,silent,143945138
12,17|10|7|5|5|1|1|1|1,9,4478,88767040,silent,88762562
12,17|10|7|5|4|2|1|1|1,9,18649,407763171,silent,407744522
12,17|10|7|5|3|3|1|1|1,9,12279,312935526,silent,312923247
12,17|10|7|5|3|2|2|1|1,9,18874,434604647,silent,434585773
12,17|10|7|5|2|2|2|2|1,9,6151,121331949,silent,121325798
12,17|10|7|4|4|3|1|1|1,9,9211,249398481,silent,249389270
12,17|10|7|4|4|2|2|1|1,9,11593,287395292,silent,287383699
12,17|10|7|4|3|3|2|1|1,9,10534,345123999,silent,345113465
12,17|10|7|4|3|2|2|2|1,9,8745,233911463,silent,233902718
12,17|10|7|4|2|2|2|2|2,9,1894,39493395,silent,39491501
12,17|10|7|3|3|3|3|1|1,9,1065,63701142,silent,63700077
12,17|10|7|3|3|3|2|2|1,9,2046,99887526,silent,99885480
12,17|10|7|3|3|2|2|2|2,9,1088,37854751,silent,37853663
12,17|10|6|6|5|1|1|1|1,9,2808,60503125,silent,60500317
12,17|10|6|6|4|2|1|1|1,9,9558,225110982,silent,225101424
12,17|10|6|6|3|3|1|1|1,9,6207,163341909,silent,163335702
12,17|10|6|6|3|2|2|1|1,9,9184,224109466,silent,224100282
12,17|10|6|6|2|2|2|2|1,9,2978,60743644,silent,60740666
12,17|10|6|5|5|2|1|1|1,9,7380,170655829,silent,170648449
12,17|10|6|5|4|3|1|1|1,9,12436,347148498,silent,347136062
12,17|10|6|5|4|2|2|1|1,9,14563,389178399,silent,389163836
12,17|10|6|5|3|3|2|1|1,9,11118,381662286,silent,381651168
12,17|10|6|5|3|2|2|2|1,9,8400,250401756,silent,250393356
12,17|10|6|5|2|2|2|2|2,9,1583,38997684,silent,38996101
12,17|10|6|4|4|4|1|1|1,9,3205,99966705,silent,99963500
12,17|10|6|4|4|3|2|1|1,9,9748,341115462,silent,341105714
12,17|10|6|4|4|2|2|2|1,9,6036,182830872,silent,182824836
12,17|10|6|4|3|3|3|1|1,9,2799,159349090,silent,159346291
12,17|10|6|4|3|3|2|2|1,9,4998,242402861,silent,242397863
12,17|10|6|4|3|2|2|2|2,9,2334,84576579,silent,84574245
12,17|10|6|3|3|3|3|2|1,9,484,61168605,silent,61168121
12,17|10|6|3|3|3|2|2|2,9,421,39555501,silent,39555080
12,17|10|5|5|5|3|1|1|1,9,3041,84932989,silent,84929948
12,17|10|5|5|5|2|2|1|1,9,3119,89363778,silent,89360659
12,17|10|5|5|4|4|1|1|1,9,2700,79709636,silent,79706936
12,17|10|5|5|4|3|2|1|1,9,7043,255026804,silent,255019761
12,17|10|5|5|4|2|2|2|1,9,3793,132954551,silent,132950758
12,17|10|5|5|3|3|3|1|1,9,1666,97254973,silent,97253307
12,17|10|5|5|3|3|2|2|1,9,2877,146328829,silent,146325952
12,17|10|5|5|3|2|2|2|2,9,1129,49525409,silent,49524280
12,17|10|5|4|4|4|2|1|1,9,2831,103047018,silent,103044187
12,17|10|5|4|4|3|3|1|1,9,2208,117543157,silent,117540949
12,17|10|5|4|4|3|2|2|1,9,3617,167072307,silent,167068690
12,17|10|5|4|4|2|2|2|2,9,1194,45880523,silent,45879329
12,17|10|5|4|3|3|3|2|1,9,969,104687188,silent,104686219
12,17|10|5|4|3|3|2|2|2,9,839,65552013,silent,65551174
12,17|10|5|3|3|3|3|3|1,9,28,15165166,silent,15165138
12,17|10|5|3|3|3|3|2|2,9,58,20193884,silent,20193826
12,17|10|4|4|4|4|3|1|1,9,525,23991328,silent,23990803
12,17|10|4|4|4|4|2|2|1,9,736,27671502,silent,27670766
12,17|10|4|4|4|3|3|2|1,9,508,40973883,silent,40973375
12,17|10|4|4|4|3|2|2|2,9,439,23860845,silent,23860406
12,17|10|4|4|3|3|3|3|1,9,34,13654430,silent,13654396
12,17|10|4|4|3|3|3|2|2,9,62,17933249,silent,17933187
12,17|10|4|3|3|3|3|3|2,9,1,4463973,silent,4463972
12,17|10|3|3|3|3|3|3|3,9,0,-1,a0,
12,17|9|9|8|1|1|1|1|1,9,194,3202496,silent,3202302
12,17|9|9|7|2|1|1|1|1,9,1502,24082839,silent,24081337
12,17|9|9|6|3|1|1|1|1,9,3457,62548152,silent,62544695
12,17|9|9|6|2|2|1|1|1,9,3704,60665637,silent,60661933
12,17|9|9|5|4|1|1|1|1,9,3449,65743003,silent,65739554
12,17|9|9|5|3|2|1|1|1,9,7525,145776809,silent,145769284
12,17|9|9|5|2|2|2|1|1,9,4035,68701157,silent,68697122
12,17|9|9|4|4|2|1|1|1,9,4228,88461689,silent,88457461
12,17|9|9|4|3|3|1|1|1,9,3379,83422621,silent,83419242
12,17|9|9|4|3|2|2|1|1,9,5555,119216043,silent,119210488
12,17|9|9|4|2|2|2|2|1,9,2033,36052794,silent,36050761
12,17|9|9|3|3|3|2|1|1,9,1428,44875461,silent,44874033
12,17|9|9|3|3|2|2|2|1,9,1340,32921284,silent,32919944
12,17|9|9|3|2|2|2|2|2,9,391,7110479,silent,7110088
12,17|9|8|8|2|1|1|1|1,9,916,15058383,silent,15057467
12,17|9|8|7|3|1|1|1|1,9,3914,73741120,silent,73737206
12,17|9|8|7|2|2|1|1|1,9,4008,70490354,silent,70486346
12,17|9|8|6|4|1|1|1|1,9,6240,129579590,silent,129573350
12,17|9|8|6|3|2|1|1|1,9,12510,265649991,silent,265637481
12,17|9|8|6|2|2|2|1|1,9,6335,120775547,silent,120769212
12,17|9|8|5|5|1|1|1|1,9,3442,70949164,silent,70945722
12,17|9|8|5|4|2|1|1|1,9,13968,319707001,silent,319693033
12,17|9|8|5|3|3|1|1|1,9,9196,243415843,silent,243406647
12,17|9|8|5|3|2|2|1|1,9,13903,337025065,silent,337011162
12,17|9|8|5|2|2|2|2|1,9,4471,93478633,silent,93474162
12,17|9|8|4|4|3|1|1|1,9,6691,188613011,silent,188606320
12,17|9|8|4|4|2|2|1|1,9,8334,216711071,silent,216702737
12,17|9|8|4|3|3|2|1|1,9,7563,258163377,silent,258155814
12,17|9|8|4|3|2|2|2|1,9,6159,174335761,silent,174329602
12,17|9|8|4|2|2|2|2|2,9,1302,29233148,silent,29231846
12,17|9|8|3|3|3|3|1|1,9,773,46753726,silent,46752953
12,17|9|8|3|3|3|2|2|1,9,1437,73167793,silent,73166356
12,17|9|8|3|3|2|2|2|2,9,754,27620931,silent,27620177
12,17|9|7|7|4|1|1|1|1,9,3331,71010819,silent,71007488
12,17|9|7|7|3|2|1|1|1,9,6462,141634411,silent,141627949
12,17|9|7|7|2|2|2|1|1,9,3222,63523905,silent,63520683
12,17|9|7|6|5|1|1|1|1,9,4360,99571536,silent,99567176
12,17|9|7|6|4|2|1|1|1,9,14467,356362191,silent,356347724
12,17|9|7|6|3|3|1|1|1,9,8949,254452585,silent,254443636
12,17|9|7|6|3|2|2|1|1,9,13330,347416704,silent,347403374
12,17|9|7|6|2|2|2|2|1,9,4037,92998770,silent,92994733
12,17|9|7|5|5|2|1|1|1,9,8759,218820835,silent,218812076
12,17|9|7|5|4|3|1|1|1,9,14440,429411579,silent,429397139
12,17|9|7|5|4|2|2|1|1,9,16729,478895752,silent,478879023
12,17|9|7|5|3|3|2|1|1,9,12557,462267174,silent,462254617
12,17|9|7|5|3|2|2|2|1,9,9294,301338644,silent,301329350
12,17|9|7|5|2|2|2|2|2,9,1618,46308543,silent,46306925
12,17|9|7|4|4|4|1|1|1,9,3573,114330739,silent,114327166
12,17|9|7|4|4|3|2|1|1,9,10366,385805065,silent,385794699
12,17|9|7|4|4|2|2|2|1,9,6130,205416257,silent,205410127
12,17|9|7|4|3|3|3|1|1,9,2914,176795210,silent,176792296
12,17|9|7|4|3|3|2|2|1,9,5210,268141542,silent,268136332
12,17|9|7|4|3|2|2|2|2,9,2276,92864883,silent,92862607
12,17|9|7|3|3|3|3|2|1,9,505,65048272,silent,65047767
12,17|9|7|3|3|3|2|2|2,9,451,41917400,silent,41916949
12,17|9|6|6|6|1|1|1|1,9,785,21103214,silent,21102429
12,17|9|6|6|5|2|1|1|1,9,5740,156670885,silent,156665145
12,17|9|6|6|4|3|1|1|1,9,7921,251082757,silent,251074836
12,17|9|6|6|4|2|2|1|1,9,9120,276701074,silent,276691954
12,17|9|6|6|3|3|2|1|1,9,6654,252502031,silent,252495377
12,17|9|6|6|3|2|2|2|1,9,4857,162293780,silent,162288923
12,17|9|6|6|2|2|2|2|2,9,873,24201322,silent,24200449
12,17|9|6|5|5|3|1|1|1,9,6661,208316966,silent,208310305
12,17|9|6|5|5|2|2|1|1,9,6791,217053542,silent,217046751
12,17|9|6|5|4|4|1|1|1,9,5429,182041851,silent,182036422
12,17|9|6|5|4|3|2|1|1,9,14421,571031437,silent,571017016
12,17|9|6|5|4|2|2|2|1,9,7766,294328024,silent,294320258
12,17|9|6|5|3|3|3|1|1,9,3461,209777319,silent,209773858
12,17|9|6|5|3|3|2|2|1,9,5707,313758024,silent,313752317
12,17|9|6|5|3|2|2|2|2,9,2245,104896553,silent,104894308
12,17|9|6|4|4|4|2|1|1,9,4545,182252047,silent,182247502
12,17|9|6|4|4|3|3|1|1,9,3570,204480700,silent,204477130
12,17|9|6|4|4|3|2|2|1,9,5683,289049712,silent,289044029
12,17|9|6|4|4|2|2|2|2,9,1775,78379411,silent,78377636
12,17|9|6|4|3|3|3|2|1,9,1564,174418663,silent,174417099
12,17|9|6|4|3|3|2|2|2,9,1265,108470362,silent,108469097
12,17|9|6|3|3|3|3|3|1,9,54,23078628,silent,23078574
12,17|9|6|3|3|3|3|2|2,9,87,30608948,silent,30608861
12,17|9|5|5|5|4|1|1|1,9,1766,58535076,silent,58533310
12,17|9|5|5|5|3|2|1|1,9,3482,147212297,silent,147208815
12,17|9|5|5|5|2|2|2|1,9,1509,70546440,silent,70544931
12,17|9|5|5|4|4|2|1|1,9,3590,150296400,silent,150292810
12,17|9|5|5|4|3|3|1|1,9,2728,159303745,silent,159301017
12,17|9|5|5|4|3|2|2|1,9,3899,222643770,silent,222639871
12,17|9|5|5|4|2|2|2|2,9,1009,58555839,silent,58554830
12,17|9|5|5|3|3|3|2|1,9,1014,109722903,silent,109721889
12,17|9|5|5|3|3|2|2|2,9,738,67327172,silent,67326434
12,17|9|5|4|4|4|3|1|1,9,1661,83474687,silent,83473026
12,17|9|5|4|4|4|2|2|1,9,1956,95288096,silent,95286140
12,17|9|5|4|4|3|3|2|1,9,1546,136627663,silent,136626117
12,17|9|5|4|4|3|2|2|2,9,1081,78625038,silent,78623957
12,17|9|5|4|3|3|3|3|1,9,123,41616236,silent,41616113
12,17|9|5|4|3|3|3|2|2,9,226,54420662,silent,54420436
12,17|9|5|3|3|3|3|3|2,9,3,10477887,silent,10477884
12,17|9|4|4|4|4|4|1|1,9,219,8286148,silent,8285929
12,17|9|4|4|4|4|3|2|1,9,529,29945428,silent,29944899
12,17|9|4|4|4|4|2|2|2,9,293,13713673,silent,13713380
12,17|9|4|4|4|3|3|3|1,9,80,17335764,silent,17335684
12,17|9|4|4|4|3|3|2|2,9,160,22037464,silent,22037304
12,17|9|4|4|3|3|3|3|2,9,4,9645893,silent,9645889
12,17|9|4|3|3|3|3|3|3,9,0,-1,a0,
12,17|8|8|8|3|1|1|1|1,9,674,12867888,silent,12867214
12,17|8|8|8|2|2|1|1|1,9,615,12179764,silent,12179149
12,17|8|8|7|4|1|1|1|1,9,2004,44202129,silent,44200125
12,17|8|8|7|3|2|1|1|1,9,3822,87429123,silent,87425301
12,17|8|8|7|2|2|2|1|1,9,1863,39001082,silent,38999219
12,17|8|8|6|5|1|1|1|1,9,2168,50595360,silent,50593192
12,17|8|8|6|4|2|1|1|1,9,6914,178181792,silent,178174878
12,17|8|8|6|3|3|1|1|1,9,4389,126450175,silent,126445786
12,17|8|8|6|3|2|2|1|1,9,6333,172168382,silent,172162049
12,17|8|8|6|2|2|2|2|1,9,1971,45862527,silent,45860556
12,17|8|8|5|5|2|1|1|1,9,4003,103404512,silent,103400509
12,17|8|8|5|4|3|1|1|1,9,6496,200029275,silent,200022779
12,17|8|8|5|4|2|2|1|1,9,7457,222520750,silent,222513293
12,17|8|8|5|3|3|2|1|1,9,5660,213443733,silent,213438073
12,17|8|8|5|3|2|2|2|1,9,4161,138713880,silent,138709719
12,17|8|8|5|2|2|2|2|2,9,767,21220192,silent,21219425
12,17|8|8|4|4|4|1|1|1,9,1507,51760890,silent,51759383
12,17|8|8|4|4|3|2|1|1,9,4502,173907782,silent,173903280
12,17|8|8|4|4|2|2|2|1,9,2695,92345522,silent,92342827
12,17|8|8|4|3|3|3|1|1,9,1308,79084012,silent,79082704
12,17|8|8|4|3|3|2|2|1,9,2231,119724084,silent,119721853
12,17|8|8|4|3|2|2|2|2,9,1003,41344027,silent,41343024
12,17|8|8|3|3|3|3|2|1,9,217,28596143,silent,28595926
12,17|8|8|3|3|3|2|2|2,9,178,18379037,silent,18378859
12,17|8|7|7|5|1|1|1|1,9,1533,37430444,silent,37428911
12,17|8|7|7|4|2|1|1|1,9,4721,123214781,silent,123210060
12,17|8|7|7|3|3|1|1|1,9,2758,85333841,silent,85331083
12,17|8|7|7|3|2|2|1|1,9,4102,115533858,silent,115529756
12,17|8|7|7|2|2|2|2|1,9,1151,30283845,silent,30282694
12,17|8|7|6|6|1|1|1|1,9,1024,27598311,silent,27597287
12,17|8|7|6|5|2|1|1|1,9,6614,188907901,silent,188901287
12,17|8|7|6|4|3|1|1|1,9,8836,292917969,silent,292909133
12,17|8|7|6|4|2|2|1|1,9,10018,321338371,silent,321328353
12,17|8|7|6|3|3|2|1|1,9,7165,289040420,silent,289033255
12,17|8|7|6|3|2|2|2|1,9,5118,184723262,silent,184718144
12,17|8|7|6|2|2|2|2|2,9,846,27212533,silent,27211687
12,17|8|7|5|5|3|1|1|1,9,5923,198409293,silent,198403370
12,17|8|7|5|5|2|2|1|1,9,6081,205771720,silent,205765639
12,17|8|7|5|4|4|1|1|1,9,4805,168620482,silent,168615677
12,17|8|7|5|4|3|2|1|1,9,12502,523777324,silent,523764822
12,17|8|7|5|4|2|2|2|1,9,6607,268410235,silent,268403628
12,17|8|7|5|3|3|3|1|1,9,2943,189129445,silent,189126502
12,17|8|7|5|3|3|2|2|1,9,4880,282097980,silent,282093100
12,17|8|7|5|3|2|2|2|2,9,1849,93700754,silent,93698905
12,17|8|7|4|4|4|2|1|1,9,3667,155316871,silent,155313204
12,17|8|7|4|4|3|3|1|1,9,2892,172862703,silent,172859811
12,17|8|7|4|4|3|2|2|1,9,4474,243663944,silent,243659470
12,17|8|7|4|4|2|2|2|2,9,1347,65639646,silent,65638299
12,17|8|7|4|3|3|3|2|1,9,1258,144529459,silent,144528201
12,17|8|7|4|3|3|2|2|2,9,994,89577459,silent,89576465
12,17|8|7|3|3|3|3|3|1,9,40,18413899,silent,18413859
12,17|8|7|3|3|3|3|2|2,9,73,24384273,silent,24384200
12,17|8|6|6|6|2|1|1|1,9,1330,44936237,silent,44934907
12,17|8|6|6|5|3|1|1|1,9,4345,156692972,silent,156688627
12,17|8|6|6|5|2|2|1|1,9,4445,160551598,silent,160547153
12,17|8|6|6|4|4|1|1|1,9,2814,110442653,silent,110439839
12,17|8|6|6|4|3|2|1|1,9,7604,333800633,silent,333793029
12,17|8|6|6|4|2|2|2|1,9,4113,168700476,silent,168696363
12,17|8|6|6|3|3|3|1|1,9,1788,113094100,silent,113092312
12,17|8|6|6|3|3|2|2|1,9,2807,167526025,silent,167523218
12,17|8|6|6|3|2|2|2|2,9,1115,54829096,silent,54827981
12,17|8|6|5|5|4|1|1|1,9,3145,117021562,silent,117018417
12,17|8|6|5|5|3|2|1|1,9,6332,288799357,silent,288793025
12,17|8|6|5|5|2|2|2|1,9,2823,136900214,silent,136897391
12,17|8|6|5|4|4|2|1|1,9,5963,275262552,silent,275256589
12,17|8|6|5|4|3|3|1|1,9,4610,287328099,silent,287323489
12,17|8|6|5|4|3|2|2|1,9,6614,399444974,silent,399438360
12,17|8|6|5|4|2|2|2|2,9,1779,103863070,silent,103861291
12,17|8|6|5|3|3|3|2|1,9,1679,189931719,silent,189930040
12,17|8|6|5|3|3|2|2|2,9,1172,115761532,silent,115760360
12,17|8|6|4|4|4|3|1|1,9,2137,119499348,silent,119497211
12,17|8|6|4|4|4|2|2|1,9,2557,135747482,silent,135744925
12,17|8|6|4|4|3|3|2|1,9,2029,191595134,silent,191593105
12,17|8|6|4|4|3|2|2|2,9,1389,109577662,silent,109576273
12,17|8|6|4|3|3|3|3|1,9,183,56137982,silent,56137799
12,17|8|6|4|3|3|3|2|2,9,285,73151196,silent,73150911
12,17|8|6|3|3|3|3|3|2,9,8,12916861,silent,12916853
12,17|8|5|5|5|5|1|1|1,9,405,16095400,silent,16094995
12,17|8|5|5|5|4|2|1|1,9,1901,95030037,silent,95028136
12,17|8|5|5|5|3|3|1|1,9,1224,80983319,silent,80982095
12,17|8|5|5|5|3|2|2|1,9,1528,109570763,silent,109569235
12,17|8|5|5|5|2|2|2|2,9,287,26340232,silent,26339945
12,17|8|5|5|4|4|3|1|1,9,1795,104388540,silent,104386745
12,17|8|5|5|4|4|2|2|1,9,1811,117154845,silent,117153034
12,17|8|5|5|4|3|3|2|1,9,1572,156321551,silent,156319979
12,17|8|5|5|4|3|2|2|2,9,884,88161820,silent,88160936
12,17|8|5|5|3|3|3|3|1,9,131,37103189,silent,37103058
12,17|8|5|5|3|3|3|2|2,9,219,48100901,silent,48100682
12,17|8|5|4|4|4|4|1|1,9,531,24629531,silent,24629000
12,17|8|5|4|4|4|3|2|1,9,1246,87188749,silent,87187503
12,17|8|5|4|4|4|2|2|2,9,583,39445272,silent,39444689
12,17|8|5|4|4|3|3|3|1,9,251,48613471,silent,48613220
12,17|8|5|4|4|3|3|2|2,9,387,61495892,silent,61495505
12,17|8|5|4|3|3|3|3|2,9,21,24651665,silent,24651644
12,17|8|5|3|3|3|3|3|3,9,0,-1,a0,
12,17|8|4|4|4|4|4|2|1,9,257,9947389,silent,9947132
12,17|8|4|4|4|4|3|3|1,9,126,12111121,silent,12110995
12,17|8|4|4|4|4|3|2|2,9,200,14336265,silent,14336065
12,17|8|4|4|4|3|3|3|2,9,18,10723274,silent,10723256
12,17|8|4|4|3|3|3|3|3,9,0,-1,a0,
12,17|7|7|7|6|1|1|1|1,9,280,7437205,silent,7436925
12,17|7|7|7|5|2|1|1|1,9,1357,40254788,silent,40253431
12,17|7|7|7|4|3|1|1|1,9,1676,57996294,silent,57994618
12,17|7|7|7|4|2|2|1|1,9,1862,63154948,silent,63153086
12,17|7|7|7|3|3|2|1|1,9,1258,55214154,silent,55212896
12,17|7|7|7|3|2|2|2|1,9,860,34961221,silent,34960361
12,17|7|7|7|2|2|2|2|2,9,108,5036770,silent,5036662
12,17|7|7|6|6|2|1|1|1,9,999,32733497,silent,32732498
12,17|7|7|6|5|3|1|1|1,9,2819,106527108,silent,106524289
12,17|7|7|6|5|2|2|1|1,9,2910,108784045,silent,108781135
12,17|7|7|6|4|4|1|1|1,9,1917,73370321,silent,73368404
12,17|7|7|6|4|3|2|1|1,9,4811,219907222,silent,219902411
12,17|7|7|6|4|2|2|2|1,9,2456,110605894,silent,110603438
12,17|7|7|6|3|3|3|1|1,9,1060,73417055,silent,73415995
12,17|7|7|6|3|3|2|2|1,9,1761,108582126,silent,108580365
12,17|7|7|6|3|2|2|2|2,9,618,35331080,silent,35330462
12,17|7|7|5|5|4|1|1|1,9,1622,64457344,silent,64455722
12,17|7|7|5|5|3|2|1|1,9,3279,157838136,silent,157834857
12,17|7|7|5|5|2|2|2|1,9,1469,74489147,silent,74487678
12,17|7|7|5|4|4|2|1|1,9,3095,146939034,silent,146935939
12,17|7|7|5|4|3|3|1|1,9,2339,152348898,silent,152346559
12,17|7|7|5|4|3|2|2|1,9,3323,211333457,silent,211330134
12,17|7|7|5|4|2|2|2|2,9,826,54646023,silent,54645197
12,17|7|7|5|3|3|3|2|1,9,858,99067549,silent,99066691
12,17|7|7|5|3|3|2|2|2,9,611,60238875,silent,60238264
12,17|7|7|4|4|4|3|1|1,9,1057,59436273,silent,59435216
12,17|7|7|4|4|4|2|2|1,9,1152,67324416,silent,67323264
12,17|7|7|4|4|3|3|2|1,9,971,94436474,silent,94435503
12,17|7|7|4|4|3|2|2|2,9,615,53843996,silent,53843381
12,17|7|7|4|3|3|3|3|1,9,81,27227792,silent,27227711
12,17|7|7|4|3|3|3|2|2,9,152,35458959,silent,35458807
12,17|7|7|3|3|3|3|3|2,9,2,6056616,silent,6056614
12,17|7|6|6|6|3|1|1|1,9,770,33943854,silent,33943084
12,17|7|6|6|6|2|2|1|1,9,818,33697024,silent,33696206
12,17|7|6|6|5|4|1|1|1,9,1503,66017995,silent,66016492
12,17|7|6|6|5|3|2|1|1,9,3137,157238864,silent,157235727
12,17|7|6|6|5|2|2|2|1,9,1479,73161362,silent,73159883
12,17|7|6|6|4|4|2|1|1,9,2367,121418556,silent,121416189
12,17|7|6|6|4|3|3|1|1,9,1828,123007527,silent,123005699
12,17|7|6|6|4|3|2|2|1,9,2657,169514571,silent,169511914
12,17|7|6|6|4|2|2|2|2,9,731,43199631,silent,43198900
12,17|7|6|6|3|3|3|2|1,9,635,74532215,silent,74531580
12,17|7|6|6|3|3|2|2|2,9,433,44941348,silent,44940915
12,17|7|6|5|5|5|1|1|1,9,561,23942830,silent,23942269
12,17|7|6|5|5|4|2|1|1,9,2525,136301877,silent,136299352
12,17|7|6|5|5|3|3|1|1,9,1670,114557619,silent,114555949
12,17|7|6|5|5|3|2|2|1,9,2103,154234184,silent,154232081
12,17|7|6|5|5|2|2|2|2,9,443,36701324,silent,36700881
12,17|7|6|5|4|4|3|1|1,9,2183,138411198,silent,138409015
12,17|7|6|5|4|4|2|2|1,9,2328,154664460,silent,154662132
12,17|7|6|5|4|3|3|2|1,9,1965,203450377,silent,203448412
12,17|7|6|5|4|3|2|2|2,9,1136,114100063,silent,114098927
12,17|7|6|5|3|3|3|3|1,9,176,46611706,silent,46611530
12,17|7|6|5|3|3|3|2|2,9,252,60217210,silent,60216958
12,17|7|6|4|4|4|4|1|1,9,505,25931816,silent,25931311
12,17|7|6|4|4|4|3|2|1,9,1198,90929283,silent,90928085
12,17|7|6|4|4|4|2|2|2,9,556,40912033,silent,40911477
12,17|7|6|4|4|3|3|3|1,9,246,49841285,silent,49841039
12,17|7|6|4|4|3|3|2|2,9,377,62877252,silent,62876875
12,17|7|6|4|3|3|3|3|2,9,24,24322570,silent,24322546
12,17|7|6|3|3|3|3|3|3,9,0,-1,a0,
12,17|7|5|5|5|5|2|1|1,9,344,21758236,silent,21757892
12,17|7|5|5|5|4|3|1|1,9,773,54686312,silent,54685539
12,17|7|5|5|5|4|2|2|1,9,677,59454292,silent,59453615
12,17|7|5|5|5|3|3|2|1,9,557,63873533,silent,63872976
12,17|7|5|5|5|3|2|2|2,9,245,34691794,silent,34691549
12,17|7|5|5|4|4|4|1|1,9,439,25403112,silent,25402673
12,17|7|5|5|4|4|3|2|1,9,955,86583537,silent,86582582
12,17|7|5|5|4|4|2|2|2,9,339,38387045,silent,38386706
12,17|7|5|5|4|3|3|3|1,9,237,44509545,silent,44509308
12,17|7|5|5|4|3|3|2|2,9,305,55830137,silent,55829832
12,17|7|5|5|3|3|3|3|2,9,22,17489376,silent,17489354
12,17|7|5|4|4|4|4|2|1,9,432,23264047,silent,23263615
12,17|7|5|4|4|4|3|3|1,9,267,27918521,silent,27918254
12,17|7|5|4|4|4|3|2|2,9,324,32841122,silent,32840798
12,17|7|5|4|4|3|3|3|2,9,56,23725611,silent,23725555
12,17|7|5|4|3|3|3|3|3,9,0,-1,a0,
12,17|7|4|4|4|4|4|3|1,9,110,4397582,silent,4397472
12,17|7|4|4|4|4|4|2|2,9,104,4189548,silent,4189444
12,17|7|4|4|4|4|3|3|2,9,45,6411774,silent,6411729
12,17|7|4|4|4|3|3|3|3,9,0,-1,a0,
12,17|6|6|6|6|4|1|1|1,9,136,8602076,silent,8601940
12,17|6|6|6|6|3|2|1|1,9,333,18961606,silent,18961273
12,17|6|6|6|6|2|2|2|1,9,188,8521177,silent,8520989
12,17|6|6|6|5|5|1|1|1,9,175,8036026,silent,8035851
12,17|6|6|6|5|4|2|1|1,9,715,42251183,silent,42250468
12,17|6|6|6|5|3|3|1|1,9,486,34559356,silent,34558870
12,17|6|6|6|5|3|2|2|1,9,639,46141963,silent,46141324
12,17|6|6|6|5|2|2|2|2,9,168,10788680,silent,10788512
12,17|6|6|6|4|4|3|1|1,9,469,34065279,silent,34064810
12,17|6|6|6|4|4|2|2|1,9,587,37798983,silent,37798396
12,17|6|6|6|4|3|3|2|1,9,447,48344009,silent,48343562
12,17|6|6|6|4|3|2|2|2,9,290,26862782,silent,26862492
12,17|6|6|6|3|3|3|3|1,9,45,10253103,silent,10253058
12,17|6|6|6|3|3|3|2|2,9,45,13161462,silent,13161417
12,17|6|6|5|5|5|2|1|1,9,287,17556927,silent,17556640
12,17|6|6|5|5|4|3|1|1,9,590,42891157,silent,42890567
12,17|6|6|5|5|4|2|2|1,9,535,46442003,silent,46441468
12,17|6|6|5|5|3|3|2|1,9,432,49322413,silent,49321981
12,17|6|6|5|5|3|2|2|2,9,193,26648900,silent,26648707
12,17|6|6|5|4|4|4|1|1,9,283,18666862,silent,18666579
12,17|6|6|5|4|4|3|2|1,9,689,63174773,silent,63174084
12,17|6|6|5|4|4|2|2|2,9,298,27906380,silent,27906082
12,17|6|6|5|4|3|3|3|1,9,165,32026552,silent,32026387
12,17|6|6|5|4|3|3|2|2,9,208,40063861,silent,40063653
12,17|6|6|5|3|3|3|3|2,9,19,12191710,silent,12191691
12,17|6|6|4|4|4|4|2|1,9,246,13758425,silent,13758179
12,17|6|6|4|4|4|3|3|1,9,133,16389843,silent,16389710
12,17|6|6|4|4|4|3|2|2,9,195,19256196,silent,19256001
12,17|6|6|4|4|3|3|3|2,9,26,13705098,silent,13705072
12,17|6|6|4|3|3|3|3|3,9,1,2731282,silent,2731281
12,17|6|5|5|5|5|3|1|1,9,109,9798708,silent,9798599
12,17|6|5|5|5|5|2|2|1,9,83,9926812,silent,9926729
12,17|6|5|5|5|4|4|1|1,9,136,10346575,silent,10346439
12,17|6|5|5|5|4|3|2|1,9,262,32528768,silent,32528506
12,17|6|5|5|5|4|2|2|2,9,66,13902595,silent,13902529
12,17|6|5|5|5|3|3|3|1,9,66,13215345,silent,13215279
12,17|6|5|5|5|3|3|2|2,9,73,16323339,silent,16323266
12,17|6|5|5|4|4|4|2|1,9,205,16988638,silent,16988433
12,17|6|5|5|4|4|3|3|1,9,156,19790860,silent,19790704
12,17|6|5|5|4|4|3|2|2,9,147,23073273,silent,23073126
12,17|6|5|5|4|3|3|3|2,9,41,15419915,silent,15419874
12,17|6|5|5|3|3|3|3|3,9,0,-1,a0,
12,17|6|5|4|4|4|4|3|1,9,129,7260721,silent,7260592
12,17|6|5|4|4|4|4|2|2,9,113,6872148,silent,6872035
12,17|6|5|4|4|4|3|3|2,9,63,10394272,silent,10394209
12,17|6|5|4|4|3|3|3|3,9,2,3561454,silent,3561452
12,17|6|4|4|4|4|4|4|1,9,39,643029,silent,642990
12,17|6|4|4|4|4|4|3|2,9,48,1923635,silent,1923587
12,17|6|4|4|4|4|3|3|3,9,1,1115513,silent,1115512
12,17|5|5|5|5|5|4|1|1,9,9,1287351,silent,1287342
12,17|5|5|5|5|5|3|2|1,9,17,3207707,silent,3207690
12,17|5|5|5|5|5|2|2|2,9,7,1270287,silent,1270280
12,17|5|5|5|5|4|4|2|1,9,26,3737525,silent,3737499
12,17|5|5|5|5|4|3|3|1,9,21,4063303,silent,4063282
12,17|5|5|5|5|4|3|2|2,9,15,4671246,silent,4671231
12,17|5|5|5|5|3|3|3|2,9,4,2476114,silent,2476110
12,17|5|5|5|4|4|4|3|1,9,32,2849144,silent,2849112
12,17|5|5|5|4|4|4|2|2,9,13,2667362,silent,2667349
12,17|5|5|5|4|4|3|3|2,9,21,3938724,silent,3938703
12,17|5|5|5|4|3|3|3|3,9,1,1244746,silent,1244745
12,17|5|5|4|4|4|4|4|1,9,17,563385,silent,563368
12,17|5|5|4|4|4|4|3|2,9,25,1678659,silent,1678634
12,17|5|5|4|4|4|3|3|3,9,5,965073,silent,965068
12,17|5|4|4|4|4|4|4|2,9,18,219347,silent,219329
12,17|5|4|4|4|4|4|3|3,9,5,258054,silent,258049
12,17|4|4|4|4|4|4|4|3,9,5,20653,silent,20648
12,16|16|10|1|1|1|1|1|1,9,0,-1,a0,
12,16|16|9|2|1|1|1|1|1,9,14,311415,silent,311401
12,16|16|8|3|1|1|1|1|1,9,50,912126,silent,912076
12,16|16|8|2|2|1|1|1|1,9,73,849221,silent,849148
12,16|16|7|4|1|1|1|1|1,9,91,1471943,silent,1471852
12,16|16|7|3|2|1|1|1|1,9,226,2779554,silent,2779328
12,16|16|7|2|2|2|1|1|1,9,149,1228873,silent,1228724
12,16|16|6|5|1|1|1|1|1,9,78,1216031,silent,1215953
12,16|16|6|4|2|1|1|1|1,9,316,3936200,silent,3935884
12,16|16|6|3|3|1|1|1|1,9,214,2676013,silent,2675799
12,16|16|6|3|2|2|1|1|1,9,403,3670833,silent,3670430
12,16|16|6|2|2|2|2|1|1,9,169,1010510,silent,1010341
12,16|16|5|5|2|1|1|1|1,9,154,1953508,silent,1953354
12,16|16|5|4|3|1|1|1|1,9,261,3489761,silent,3489500
12,16|16|5|4|2|2|1|1|1,9,381,3907103,silent,3906722
12,16|16|5|3|3|2|1|1|1,9,333,3596715,silent,3596382
12,16|16|5|3|2|2|2|1|1,9,348,2460293,silent,2459945
12,16|16|5|2|2|2|2|2|1,9,121,459519,silent,459398
12,16|16|4|4|4|1|1|1|1,9,56,799315,silent,799259
12,16|16|4|4|3|2|1|1|1,9,203,2654794,silent,2654591
12,16|16|4|4|2|2|2|1|1,9,166,1479806,silent,1479640
12,16|16|4|3|3|3|1|1|1,9,75,1152669,silent,1152594
12,16|16|4|3|3|2|2|1|1,9,185,1847285,silent,1847100
12,16|16|4|3|2|2|2|2|1,9,134,790266,silent,790132
12,16|16|4|2|2|2|2|2|2,9,47,95450,silent,95403
12,16|16|3|3|3|3|2|1|1,9,18,404128,silent,404110
12,16|16|3|3|3|2|2|2|1,9,25,324227,silent,324202
12,16|16|3|3|2|2|2|2|2,9,10,84328,silent,84318
12,16|15|11|1|1|1|1|1|1,9,2,80751,silent,80749
12,16|15|10|2|1|1|1|1|1,9,34,627527,silent,627493
12,16|15|9|3|1|1|1|1|1,9,141,2160647,silent,2160506
12,16|15|9|2|2|1|1|1|1,9,163,1997790,silent,1997627
12,16|15|8|4|1|1|1|1|1,9,285,4237792,silent,4237507
12,16|15|8|3|2|1|1|1|1,9,664,7824528,silent,7823864
12,16|15|8|2|2|2|1|1|1,9,400,3413295,silent,3412895
12,16|15|7|5|1|1|1|1|1,9,324,4788218,silent,4787894
12,16|15|7|4|2|1|1|1|1,9,1107,14114355,silent,14113248
12,16|15|7|3|3|1|1|1|1,9,760,9273729,silent,9272969
12,16|15|7|3|2|2|1|1|1,9,1293,12584645,silent,12583352
12,16|15|7|2|2|2|2|1|1,9,538,3382453,silent,3381915
12,16|15|6|6|1|1|1|1|1,9,152,2174083,silent,2173931
12,16|15|6|5|2|1|1|1|1,9,967,12254959,silent,12253992
12,16|15|6|4|3|1|1|1|1,9,1260,17135277,silent,17134017
12,16|15|6|4|2|2|1|1|1,9,1694,18830447,silent,18828753
12,16|15|6|3|3|2|1|1|1,9,1348,16074501,silent,16073153
12,16|15|6|3|2|2|2|1|1,9,1262,10744260,silent,10742998
12,16|15|6|2|2|2|2|2|1,9,379,1911385,silent,1911006
12,16|15|5|5|3|1|1|1|1,9,701,9220457,silent,9219756
12,16|15|5|5|2|2|1|1|1,9,877,9589786,silent,9588909
12,16|15|5|4|4|1|1|1|1,9,461,7211601,silent,7211140
12,16|15|5|4|3|2|1|1|1,9,1637,22000688,silent,21999051
12,16|15|5|4|2|2|2|1|1,9,1216,11790073,silent,11788857
12,16|15|5|3|3|3|1|1|1,9,464,7479624,silent,7479160
12,16|15|5|3|3|2|2|1|1,9,939,11761541,silent,11760602
12,16|15|5|3|2|2|2|2|1,9,619,4808180,silent,4807561
12,16|15|5|2|2|2|2|2|2,9,118,517880,silent,517762
12,16|15|4|4|4|2|1|1|1,9,323,5523910,silent,5523587
12,16|15|4|4|3|3|1|1|1,9,330,5988560,silent,5988230
12,16|15|4|4|3|2|2|1|1,9,653,8885104,silent,8884451
12,16|15|4|4|2|2|2|2|1,9,359,2948258,silent,2947899
12,16|15|4|3|3|3|2|1|1,9,228,4964612,silent,4964384
12,16|15|4|3|3|2|2|2|1,9,269,3815774,silent,3815505
12,16|15|4|3|2|2|2|2|2,9,127,908911,silent,908784
12,16|15|3|3|3|3|3|1|1,9,11,569236,silent,569225
12,16|15|3|3|3|3|2|2|1,9,22,929722,silent,929700
12,16|15|3|3|3|2|2|2|2,9,16,383481,silent,383465
12,16|14|12|1|1|1|1|1|1,9,2,77410,silent,77408
12,16|14|11|2|1|1|1|1|1,9,44,734576,silent,734532
12,16|14|10|3|1|1|1|1|1,9,213,3028272,silent,3028059
12,16|14|10|2|2|1|1|1|1,9,251,2786345,silent,2786094
12,16|14|9|4|1|1|1|1|1,9,508,7138229,silent,7137721
12,16|14|9|3|2|1|1|1|1,9,1116,13007666,silent,13006550
12,16|14|9|2|2|2|1|1|1,9,642,5627487,silent,5626845
12,16|14|8|5|1|1|1|1|1,9,731,10231631,silent,10230900
12,16|14|8|4|2|1|1|1|1,9,2294,28816353,silent,28814059
12,16|14|8|3|3|1|1|1|1,9,1466,18591109,silent,18589643
12,16|14|8|3|2|2|1|1|1,9,2430,25049106,silent,25046676
12,16|14|8|2|2|2|2|1|1,9,903,6630175,silent,6629272
12,16|14|7|6|1|1|1|1|1,9,550,7957195,silent,7956645
12,16|14|7|5|2|1|1|1|1,9,2639,34567501,silent,34564862
12,16|14|7|4|3|1|1|1|1,9,3164,44328273,silent,44325109
12,16|14|7|4|2|2|1|1|1,9,4080,48203878,silent,48199798
12,16|14|7|3|3|2|1|1|1,9,3076,39751565,silent,39748489
12,16|14|7|3|2|2|2|1|1,9,2722,26221364,silent,26218642
12,16|14|7|2|2|2|2|2|1,9,728,4540743,silent,4540015
12,16|14|6|6|2|1|1|1|1,9,1197,16072287,silent,16071090
12,16|14|6|5|3|1|1|1|1,9,2979,42375968,silent,42372989
12,16|14|6|5|2|2|1|1|1,9,3473,43227819,silent,43224346
12,16|14|6|4|4|1|1|1|1,9,1693,26560196,silent,26558503
12,16|14|6|4|3|2|1|1|1,9,5307,77764445,silent,77759138
12,16|14|6|4|2|2|2|1|1,9,3538,40740269,silent,40736731
12,16|14|6|3|3|3|1|1|1,9,1373,24254254,silent,24252881
12,16|14|6|3|3|2|2|1|1,9,2667,37712868,silent,37710201
12,16|14|6|3|2|2|2|2|1,9,1564,15041618,silent,15040054
12,16|14|6|2|2|2|2|2|2,9,288,1544468,silent,1544180
12,16|14|5|5|4|1|1|1|1,9,1182,17932802,silent,17931620
12,16|14|5|5|3|2|1|1|1,9,2927,42916846,silent,42913919
12,16|14|5|5|2|2|2|1|1,9,1785,21108076,silent,21106291
12,16|14|5|4|4|2|1|1|1,9,2149,36342858,silent,36340709
12,16|14|5|4|3|3|1|1|1,9,1888,36526406,silent,36524518
12,16|14|5|4|3|2|2|1|1,9,3382,53256859,silent,53253477
12,16|14|5|4|2|2|2|2|1,9,1511,16883081,silent,16881570
12,16|14|5|3|3|3|2|1|1,9,957,23310954,silent,23309997
12,16|14|5|3|3|2|2|2|1,9,1019,17524676,silent,17523657
12,16|14|5|3|2|2|2|2|2,9,377,3976686,silent,3976309
12,16|14|4|4|4|3|1|1|1,9,527,11806695,silent,11806168
12,16|14|4|4|4|2|2|1|1,9,756,14046233,silent,14045477
12,16|14|4|4|3|3|2|1|1,9,782,19108023,silent,19107241
12,16|14|4|4|3|2|2|2|1,9,804,13470220,silent,13469416
12,16|14|4|4|2|2|2|2|2,9,268,2478208,silent,2477940
12,16|14|4|3|3|3|3|1|1,9,93,5179269,silent,5179176
12,16|14|4|3|3|3|2|2|1,9,210,8277217,silent,8277007
12,16|14|4|3|3|2|2|2|2,9,133,3271983,silent,3271850
12,16|14|3|3|3|3|3|2|1,9,9,1255723,silent,1255714
12,16|14|3|3|3|3|2|2|2,9,10,846609,silent,846599
12,16|13|13|1|1|1|1|1|1,9,2,31653,silent,31651
12,16|13|12|2|1|1|1|1|1,9,30,498746,silent,498716
12,16|13|11|3|1|1|1|1|1,9,200,2726040,silent,2725840
12,16|13|11|2|2|1|1|1|1,9,215,2503328,silent,2503113
12,16|13|10|4|1|1|1|1|1,9,595,8031017,silent,8030422
12,16|13|10|3|2|1|1|1|1,9,1255,14522759,silent,14521504
12,16|13|10|2|2|2|1|1|1,9,697,6251740,silent,6251043
12,16|13|9|5|1|1|1|1|1,9,1041,14376944,silent,14375903
12,16|13|9|4|2|1|1|1|1,9,3098,39545612,silent,39542514
12,16|13|9|3|3|1|1|1|1,9,1997,25256157,silent,25254160
12,16|13|9|3|2|2|1|1|1,9,3165,33900287,silent,33897122
12,16|13|9|2|2|2|2|1|1,9,1161,8898042,silent,8896881
12,16|13|8|6|1|1|1|1|1,9,1097,15459587,silent,15458490
12,16|13|8|5|2|1|1|1|1,9,4575,61031127,silent,61026552
12,16|13|8|4|3|1|1|1|1,9,5230,75173798,silent,75168568
12,16|13|8|4|2|2|1|1|1,9,6488,81218466,silent,81211978
12,16|13|8|3|3|2|1|1|1,9,4789,65786016,silent,65781227
12,16|13|8|3|2|2|2|1|1,9,4024,43044494,silent,43040470
12,16|13|8|2|2|2|2|2|1,9,1010,7339454,silent,7338444
12,16|13|7|7|1|1|1|1|1,9,456,6830728,silent,6830272
12,16|13|7|6|2|1|1|1|1,9,3480,49239486,silent,49236006
12,16|13|7|5|3|1|1|1|1,9,6702,100759658,silent,100752956
12,16|13|7|5|2|2|1|1|1,9,7597,101736210,silent,101728613
12,16|13|7|4|4|1|1|1|1,9,3543,58628261,silent,58624718
12,16|13|7|4|3|2|1|1|1,9,10680,167950331,silent,167939651
12,16|13|7|4|2|2|2|1|1,9,6825,86882528,silent,86875703
12,16|13|7|3|3|3|1|1|1,9,2643,50291402,silent,50288759
12,16|13|7|3|3|2|2|1|1,9,4872,77701036,silent,77696164
12,16|13|7|3|2|2|2|2|1,9,2674,30543693,silent,30541019
12,16|13|7|2|2|2|2|2|2,9,396,3043285,silent,3042889
12,16|13|6|6|3|1|1|1|1,9,3101,48885990,silent,48882889
12,16|13|6|6|2|2|1|1|1,9,3335,48170162,silent,48166827
12,16|13|6|5|4|1|1|1|1,9,4377,72335205,silent,72330828
12,16|13|6|5|3|2|1|1|1,9,10090,166151467,silent,166141377
12,16|13|6|5|2|2|2|1|1,9,5680,79898742,silent,79893062
12,16|13|6|4|4|2|1|1|1,9,6144,112875947,silent,112869803
12,16|13|6|4|3|3|1|1|1,9,5239,109647053,silent,109641814
12,16|13|6|4|3|2|2|1|1,9,8835,158189154,silent,158180319
12,16|13|6|4|2|2|2|2|1,9,3603,48939303,silent,48935700
12,16|13|6|3|3|3|2|1|1,9,2404,63537110,silent,63534706
12,16|13|6|3|3|2|2|2|1,9,2358,47148813,silent,47146455
12,16|13|6|3|2|2|2|2|2,9,804,10432032,silent,10431228
12,16|13|5|5|5|1|1|1|1,9,959,14948874,silent,14947915
12,16|13|5|5|4|2|1|1|1,9,4369,78251694,silent,78247325
12,16|13|5|5|3|3|1|1|1,9,2959,63051634,silent,63048675
12,16|13|5|5|3|2|2|1|1,9,4734,88901348,silent,88896614
12,16|13|5|5|2|2|2|2|1,9,1646,25683861,silent,25682215
12,16|13|5|4|4|3|1|1|1,9,2869,67032207,silent,67029338
12,16|13|5|4|4|2|2|1|1,9,3859,78389004,silent,78385145
12,16|13|5|4|3|3|2|1|1,9,3569,98868672,silent,98865103
12,16|13|5|4|3|2|2|2|1,9,3211,68208402,silent,68205191
12,16|13|5|4|2|2|2|2|2,9,773,11935335,silent,11934562
12,16|13|5|3|3|3|3|1|1,9,393,20780922,silent,20780529
12,16|13|5|3|3|3|2|2|1,9,777,32869430,silent,32868653
12,16|13|5|3|3|2|2|2|2,9,458,12691639,silent,12691181
12,16|13|4|4|4|4|1|1|1,9,329,9279253,silent,9278924
12,16|13|4|4|4|3|2|1|1,9,1173,33611406,silent,33610233
12,16|13|4|4|4|2|2|2|1,9,885,18596865,silent,18595980
12,16|13|4|4|3|3|3|1|1,9,349,17755355,silent,17755006
12,16|13|4|4|3|3|2|2|1,9,704,27395113,silent,27394409
12,16|13|4|4|3|2|2|2|2,9,408,9896170,silent,9895762
12,16|13|4|3|3|3|3|2|1,9,74,9717699,silent,9717625
12,16|13|4|3|3|3|2|2|2,9,73,6393697,silent,6393624
12,16|13|3|3|3|3|3|3|1,9,2,803417,silent,803415
12,16|13|3|3|3|3|3|2|2,9,2,1089786,silent,1089784
12,16|12|12|3|1|1|1|1|1,9,81,1105966,silent,1105885
12,16|12|12|2|2|1|1|1|1,9,100,1012985,silent,1012885
12,16|12|11|4|1|1|1|1|1,9,405,5408906,silent,5408501
12,16|12|11|3|2|1|1|1|1,9,845,9742094,silent,9741249
12,16|12|11|2|2|2|1|1|1,9,459,4182662,silent,4182203
12,16|12|10|5|1|1|1|1|1,9,982,13187642,silent,13186660
12,16|12|10|4|2|1|1|1|1,9,2835,35795105,silent,35792270
12,16|12|10|3|3|1|1|1|1,9,1744,22732953,silent,22731209
12,16|12|10|3|2|2|1|1|1,9,2748,30428326,silent,30425578
12,16|12|10|2|2|2|2|1|1,9,937,7942174,silent,7941237
12,16|12|9|6|1|1|1|1|1,9,1346,18959727,silent,18958381
12,16|12|9|5|2|1|1|1|1,9,5272,71628027,silent,71622755
12,16|12|9|4|3|1|1|1|1,9,5894,86428455,silent,86422561
12,16|12|9|4|2|2|1|1|1,9,7162,93031220,silent,93024058
12,16|12|9|3|3|2|1|1|1,9,5208,74617873,silent,74612665
12,16|12|9|3|2|2|2|1|1,9,4243,48593566,silent,48589323
12,16|12|9|2|2|2|2|2|1,9,1013,8210189,silent,8209176
12,16|12|8|7|1|1|1|1|1,9,1015,14701652,silent,14700637
12,16|12|8|6|2|1|1|1|1,9,5661,81583132,silent,81577471
12,16|12|8|5|3|1|1|1|1,9,9740,152557356,silent,152547616
12,16|12|8|5|2|2|1|1|1,9,10698,153042718,silent,153032020
12,16|12|8|4|4|1|1|1|1,9,5095,85874839,silent,85869744
12,16|12|8|4|3|2|1|1|1,9,14601,242941547,silent,242926946
12,16|12|8|4|2|2|2|1|1,9,8858,124694295,silent,124685437
12,16|12|8|3|3|3|1|1|1,9,3525,71232102,silent,71228577
12,16|12|8|3|3|2|2|1|1,9,6409,109603766,silent,109597357
12,16|12|8|3|2|2|2|2|1,9,3338,42720101,silent,42716763
12,16|12|8|2|2|2|2|2|2,9,510,4197314,silent,4196804
12,16|12|7|7|2|1|1|1|1,9,2455,37015148,silent,37012693
12,16|12|7|6|3|1|1|1|1,9,7844,130763222,silent,130755378
12,16|12|7|6|2|2|1|1|1,9,8318,127596934,silent,127588616
12,16|12|7|5|4|1|1|1|1,9,8622,152090088,silent,152081466
12,16|12|7|5|3|2|1|1|1,9,19160,341898742,silent,341879582
12,16|12|7|5|2|2|2|1|1,9,10399,162363361,silent,162352962
12,16|12|7|4|4|2|1|1|1,9,11034,215812855,silent,215801821
12,16|12|7|4|3|3|1|1|1,9,9137,205924768,silent,205915631
12,16|12|7|4|3|2|2|1|1,9,14946,295282557,silent,295267611
12,16|12|7|4|2|2|2|2|1,9,5692,90065021,silent,90059329
12,16|12|7|3|3|3|2|1|1,9,3964,113947669,silent,113943705
12,16|12|7|3|3|2|2|2|1,9,3728,83914306,silent,83910578
12,16|12|7|3|2|2|2|2|2,9,1154,18285979,silent,18284825
12,16|12|6|6|4|1|1|1|1,9,4341,80379351,silent,80375010
12,16|12|6|6|3|2|1|1|1,9,8952,169425063,silent,169416111
12,16|12|6|6|2|2|2|1|1,9,4597,78227962,silent,78223365
12,16|12|6|5|5|1|1|1|1,9,3183,57925806,silent,57922623
12,16|12|6|5|4|2|1|1|1,9,13626,276429268,silent,276415642
12,16|12|6|5|3|3|1|1|1,9,9195,215419602,silent,215410407
12,16|12|6|5|3|2|2|1|1,9,14105,300496731,silent,300482626
12,16|12|6|5|2|2|2|2|1,9,4690,84782617,silent,84777927
12,16|12|6|4|4|3|1|1|1,9,7280,183793512,silent,183786232
12,16|12|6|4|4|2|2|1|1,9,9163,212732313,silent,212723150
12,16|12|6|4|3|3|2|1|1,9,8576,259429802,silent,259421226
12,16|12|6|4|3|2|2|2|1,9,7156,176726596,silent,176719440
12,16|12|6|4|2|2|2|2|2,9,1656,30166497,silent,30164841
12,16|12|6|3|3|3|3|1|1,9,891,49754293,silent,49753402
12,16|12|6|3|3|3|2|2|1,9,1699,78177385,silent,78175686
12,16|12|6|3|3|2|2|2|2,9,889,29770949,silent,29770060
12,16|12|5|5|5|2|1|1|1,9,2982,60301697,silent,60298715
12,16|12|5|5|4|3|1|1|1,9,5300,132992229,silent,132986929
12,16|12|5|5|4|2|2|1|1,9,6310,150416644,silent,150410334
12,16|12|5|5|3|3|2|1|1,9,4808,152156532,silent,152151724
12,16|12|5|5|3|2|2|2|1,9,3680,100850188,silent,100846508
12,16|12|5|5|2|2|2|2|2,9,649,16017399,silent,16016750
12,16|12|5|4|4|4|1|1|1,9,1717,48469865,silent,48468148
12,16|12|5|4|4|3|2|1|1,9,5283,168541785,silent,168536502
12,16|12|5|4|4|2|2|2|1,9,3337,91243113,silent,91239776
12,16|12|5|4|3|3|3|1|1,9,1523,81681156,silent,81679633
12,16|12|5|4|3|3|2|2|1,9,2808,124832144,silent,124829336
12,16|12|5|4|3|2|2|2|2,9,1334,44005063,silent,44003729
12,16|12|5|3|3|3|3|2|1,9,286,34344578,silent,34344292
12,16|12|5|3|3|3|2|2|2,9,262,22325683,silent,22325421
12,16|12|4|4|4|4|2|1|1,9,767,25980537,silent,25979770
12,16|12|4|4|4|3|3|1|1,9,642,30623682,silent,30623040
12,16|12|4|4|4|3|2|2|1,9,1123,43886183,silent,43885060
12,16|12|4|4|4|2|2|2|2,9,465,12315382,silent,12314917
12,16|12|4|4|3|3|3|2|1,9,281,29860084,silent,29859803
12,16|12|4|4|3|3|2|2|2,9,254,18866747,silent,18866493
12,16|12|4|3|3|3|3|3|1,9,10,5578596,silent,5578586
12,16|12|4|3|3|3|3|2|2,9,21,7458020,silent,7457999
12,16|12|3|3|3|3|3|3|2,9,0,-1,a0,
12,16|11|11|5|1|1|1|1|1,9,397,5388096,silent,5387699
12,16|11|11|4|2|1|1|1|1,9,1120,14556911,silent,14555791
12,16|11|11|3|3|1|1|1|1,9,732,9222278,silent,9221546
12,16|11|11|3|2|2|1|1|1,9,1110,12341350,silent,12340240
12,16|11|11|2|2|2|2|1|1,9,410,3217291,silent,3216881
12,16|11|10|6|1|1|1|1|1,9,968,13390794,silent,13389826
12,16|11|10|5|2|1|1|1|1,9,3621,49552772,silent,49549151
12,16|11|10|4|3|1|1|1|1,9,3993,59191066,silent,59187073
12,16|11|10|4|2|2|1|1|1,9,4768,63581350,silent,63576582
12,16|11|10|3|3|2|1|1|1,9,3450,50746459,silent,50743009
12,16|11|10|3|2|2|2|1|1,9,2757,32962293,silent,32959536
12,16|11|10|2|2|2|2|2|1,9,643,5543059,silent,5542416
12,16|11|9|7|1|1|1|1|1,9,1097,16061846,silent,16060749
12,16|11|9|6|2|1|1|1|1,9,5501,81492146,silent,81486645
12,16|11|9|5|3|1|1|1|1,9,9138,146475317,silent,146466179
12,16|11|9|5|2|2|1|1|1,9,9906,146468317,silent,146458411
12,16|11|9|4|4|1|1|1|1,9,4635,81150822,silent,81146187
12,16|11|9|4|3|2|1|1|1,9,13232,228030979,silent,228017747
12,16|11|9|4|2|2|2|1|1,9,7938,116560747,silent,116552809
12,16|11|9|3|3|3|1|1|1,9,3166,66101353,silent,66098187
12,16|11|9|3|3|2|2|1|1,9,5553,101497373,silent,101491820
12,16|11|9|3|2|2|2|2|1,9,2824,39364952,silent,39362128
12,16|11|9|2|2|2|2|2|2,9,364,3825641,silent,3825277
12,16|11|8|8|1|1|1|1|1,9,523,7402664,silent,7402141
12,16|11|8|7|2|1|1|1|1,9,4361,67130789,silent,67126428
12,16|11|8|6|3|1|1|1|1,9,10645,184119752,silent,184109107
12,16|11|8|6|2|2|1|1|1,9,10983,178592502,silent,178581519
12,16|11|8|5|4|1|1|1|1,9,10723,197314672,silent,197303949
12,16|11|8|5|3|2|1|1|1,9,23186,438298066,silent,438274880
12,16|11|8|5|2|2|2|1|1,9,12185,206617269,silent,206605084
12,16|11|8|4|4|2|1|1|1,9,13001,267944038,silent,267931037
12,16|11|8|4|3|3|1|1|1,9,10692,253225099,silent,253214407
12,16|11|8|4|3|2|2|1|1,9,17060,361766737,silent,361749677
12,16|11|8|4|2|2|2|2|1,9,6270,109453415,silent,109447145
12,16|11|8|3|3|3|2|1|1,9,4513,136792152,silent,136787639
12,16|11|8|3|3|2|2|2|1,9,4100,100278548,silent,100274448
12,16|11|8|3|2|2|2|2|2,9,1227,21669231,silent,21668004
12,16|11|7|7|3|1|1|1|1,9,4852,87032706,silent,87027854
12,16|11|7|7|2|2|1|1|1,9,5033,83492188,silent,83487155
12,16|11|7|6|4|1|1|1|1,9,9592,189803393,silent,189793801
12,16|11|7|6|3|2|1|1|1,9,19319,391852403,silent,391833084
12,16|11|7|6|2|2|2|1|1,9,9749,178800235,silent,178790486
12,16|11|7|5|5|1|1|1|1,9,5617,110099247,silent,110093630
12,16|11|7|5|4|2|1|1|1,9,23025,503428779,silent,503405754
12,16|11|7|5|3|3|1|1|1,9,15185,385543294,silent,385528109
12,16|11|7|5|3|2|2|1|1,9,22849,534653515,silent,534630666
12,16|11|7|5|2|2|2|2|1,9,7217,148793090,silent,148785873
12,16|11|7|4|4|3|1|1|1,9,11325,305955296,silent,305943971
12,16|11|7|4|4|2|2|1|1,9,14060,352064331,silent,352050271
12,16|11|7|4|3|3|2|1|1,9,12812,421890434,silent,421877622
12,16|11|7|4|3|2|2|2|1,9,10290,285300489,silent,285290199
12,16|11|7|4|2|2|2|2|2,9,2104,47964272,silent,47962168
12,16|11|7|3|3|3|3|1|1,9,1347,77524528,silent,77523181
12,16|11|7|3|3|3|2|2|1,9,2468,121379083,silent,121376615
12,16|11|7|3|3|2|2|2|2,9,1267,45856060,silent,45854793
12,16|11|6|6|5|1|1|1|1,9,3443,73677725,silent,73674282
12,16|11|6|6|4|2|1|1|1,9,11650,272911175,silent,272899525
12,16|11|6|6|3|3|1|1|1,9,7480,197598280,silent,197590800
12,16|11|6|6|3|2|2|1|1,9,10966,270739853,silent,270728887
12,16|11|6|6|2|2|2|2|1,9,3410,73146257,silent,73142847
12,16|11|6|5|5|2|1|1|1,9,8813,205518866,silent,205510053
12,16|11|6|5|4|3|1|1|1,9,14888,416518742,silent,416503854
12,16|11|6|5|4|2|2|1|1,9,17195,466275669,silent,466258474
12,16|11|6|5|3|3|2|1|1,9,13193,456334711,silent,456321518
12,16|11|6|5|3|2|2|2|1,9,9696,298728362,silent,298718666
12,16|11|6|5|2|2|2|2|2,9,1746,46330032,silent,46328286
12,16|11|6|4|4|4|1|1|1,9,3855,119311576,silent,119307721
12,16|11|6|4|4|3|2|1|1,9,11507,406159946,silent,406148439
12,16|11|6|4|4|2|2|2|1,9,6888,217199785,silent,217192897
12,16|11|6|4|3|3|3|1|1,9,3346,189206318,silent,189202972
12,16|11|6|4|3|3|2|2|1,9,5840,287406276,silent,287400436
12,16|11|6|4|3|2|2|2|2,9,2585,99951334,silent,99948749
12,16|11|6|3|3|3|3|2|1,9,596,72205541,silent,72204945
12,16|11|6|3|3|3|2|2|2,9,495,46581495,silent,46581000
12,16|11|5|5|5|3|1|1|1,9,3568,100576162,silent,100572594
12,16|11|5|5|5|2|2|1|1,9,3595,105661762,silent,105658167
12,16|11|5|5|4|4|1|1|1,9,3141,94122024,silent,94118883
12,16|11|5|5|4|3|2|1|1,9,8201,300462756,silent,300454555
12,16|11|5|5|4|2|2|2|1,9,4334,156295946,silent,156291612
12,16|11|5|5|3|3|3|1|1,9,1992,114279129,silent,114277137
12,16|11|5|5|3|3|2|2|1,9,3318,171674335,silent,171671017
12,16|11|5|5|3|2|2|2|2,9,1268,57922780,silent,57921512
12,16|11|5|4|4|4|2|1|1,9,3276,120775985,silent,120772709
12,16|11|5|4|4|3|3|1|1,9,2563,137542483,silent,137539920
12,16|11|5|4|4|3|2|2|1,9,4114,195210052,silent,195205938
12,16|11|5|4|4|2|2|2|2,9,1281,53429196,silent,53427915
12,16|11|5|4|3|3|3|2|1,9,1152,121989485,silent,121988333
12,16|11|5|4|3|3|2|2|2,9,947,76198256,silent,76197309
12,16|11|5|3|3|3|3|3|1,9,41,17583121,silent,17583080
12,16|11|5|3|3|3|3|2|2,9,68,23367864,silent,23367796
12,16|11|4|4|4|4|3|1|1,9,602,27822981,silent,27822379
12,16|11|4|4|4|4|2|2|1,9,806,32036502,silent,32035696
12,16|11|4|4|4|3|3|2|1,9,583,47367845,silent,47367262
12,16|11|4|4|4|3|2|2|2,9,471,27513057,silent,27512586
12,16|11|4|4|3|3|3|3|1,9,44,15728978,silent,15728934
12,16|11|4|4|3|3|3|2|2,9,78,20625882,silent,20625804
12,16|11|4|3|3|3|3|3|2,9,2,5106308,silent,5106306
12,16|11|3|3|3|3|3|3|3,9,0,-1,a0,
12,16|10|10|7|1|1|1|1|1,9,498,7069678,silent,7069180
12,16|10|10|6|2|1|1|1|1,9,2358,34661808,silent,34659450
12,16|10|10|5|3|1|1|1|1,9,3763,61313084,silent,61309321
12,16|10|10|5|2|2|1|1|1,9,4006,61178607,silent,61174601
12,16|10|10|4|4|1|1|1|1,9,1976,33740520,silent,33738544
12,16|10|10|4|3|2|1|1|1,9,5366,94500104,silent,94494738
12,16|10|10|4|2|2|2|1|1,9,3088,48187891,silent,48184803
12,16|10|10|3|3|3|1|1|1,9,1279,27272058,silent,27270779
12,16|10|10|3|3|2|2|1|1,9,2290,41816396,silent,41814106
12,16|10|10|3|2|2|2|2|1,9,1131,16185443,silent,16184312
12,16|10|10|2|2|2|2|2|2,9,187,1573833,silent,1573646
12,16|10|9|8|1|1|1|1|1,9,521,7704926,silent,7704405
12,16|10|9|7|2|1|1|1|1,9,3494,54959461,silent,54955967
12,16|10|9|6|3|1|1|1|1,9,7844,138891123,silent,138883279
12,16|10|9|6|2|2|1|1|1,9,8032,134328861,silent,134320829
12,16|10|9|5|4|1|1|1|1,9,7612,143992540,silent,143984928
12,16|10|9|5|3|2|1|1|1,9,16286,317932017,silent,317915731
12,16|10|9|5|2|2|2|1|1,9,8430,149315312,silent,149306882
12,16|10|9|4|4|2|1|1|1,9,9038,191591482,silent,191582444
12,16|10|9|4|3|3|1|1|1,9,7374,180178598,silent,180171224
12,16|10|9|4|3|2|2|1|1,9,11627,256924772,silent,256913145
12,16|10|9|4|2|2|2|2|1,9,4161,77400320,silent,77396159
12,16|10|9|3|3|3|2|1|1,9,3062,96182180,silent,96179118
12,16|10|9|3|3|2|2|2|1,9,2732,70342323,silent,70339591
12,16|10|9|3|2|2|2|2|2,9,788,15129806,silent,15129018
12,16|10|8|8|2|1|1|1|1,9,1738,27564580,silent,27562842
12,16|10|8|7|3|1|1|1|1,9,6893,128403421,silent,128396528
12,16|10|8|7|2|2|1|1|1,9,6913,122439753,silent,122432840
12,16|10|8|6|4|1|1|1|1,9,10774,219979004,silent,219968230
12,16|10|8|6|3|2|1|1|1,9,21040,449109995,silent,449088955
12,16|10|8|6|2|2|2|1|1,9,10249,203515889,silent,203505640
12,16|10|8|5|5|1|1|1|1,9,5722,119143455,silent,119137733
12,16|10|8|5|4|2|1|1|1,9,23079,533253318,silent,533230239
12,16|10|8|5|3|3|1|1|1,9,15212,404792152,silent,404776940
12,16|10|8|5|3|2|2|1|1,9,22529,559368747,silent,559346218
12,16|10|8|5|2|2|2|2|1,9,6986,154527375,silent,154520389
12,16|10|8|4|4|3|1|1|1,9,11054,311541690,silent,311530636
12,16|10|8|4|4|2|2|1|1,9,13258,357264570,silent,357251312
12,16|10|8|4|3|3|2|1|1,9,12324,424354467,silent,424342143
12,16|10|8|4|3|2|2|2|1,9,9617,285758828,silent,285749211
12,16|10|8|4|2|2|2|2|2,9,2018,47690253,silent,47688235
12,16|10|8|3|3|3|3|1|1,9,1256,76348336,silent,76347080
12,16|10|8|3|3|3|2|2|1,9,2307,119256553,silent,119254246
12,16|10|8|3|3|2|2|2|2,9,1101,44843780,silent,44842679
12,16|10|7|7|4|1|1|1|1,9,5247,111879037,silent,111873790
12,16|10|7|7|3|2|1|1|1,9,10060,222226986,silent,222216926
12,16|10|7|7|2|2|2|1|1,9,4902,99343776,silent,99338874
12,16|10|7|6|5|1|1|1|1,9,6756,153367648,silent,153360892
12,16|10|7|6|4|2|1|1|1,9,21924,545209494,silent,545187570
12,16|10|7|6|3|3|1|1|1,9,13631,388152930,silent,388139299
12,16|10|7|6|3|2|2|1|1,9,19759,528929122,silent,528909363
12,16|10|7|6|2|2|2|2|1,9,5805,141028599,silent,141022794
12,16|10|7|5|5|2|1|1|1,9,13064,331205680,silent,331192616
12,16|10|7|5|4|3|1|1|1,9,21478,646320195,silent,646298717
12,16|10|7|5|4|2|2|1|1,9,24484,719438329,silent,719413845
12,16|10|7|5|3|3|2|1|1,9,18528,692432494,silent,692413966
12,16|10|7|5|3|2|2|2|1,9,13284,450119411,silent,450106127
12,16|10|7|5|2|2|2|2|2,9,2228,68838598,silent,68836370
12,16|10|7|4|4|4|1|1|1,9,5234,170632720,silent,170627486
12,16|10|7|4|4|3|2|1|1,9,15113,574076234,silent,574061121
12,16|10|7|4|4|2|2|2|1,9,8682,304834778,silent,304826096
12,16|10|7|4|3|3|3|1|1,9,4370,262063068,silent,262058698
12,16|10|7|4|3|3|2|2|1,9,7481,396727949,silent,396720468
12,16|10|7|4|3|2|2|2|2,9,3132,136886950,silent,136883818
12,16|10|7|3|3|3|3|2|1,9,765,95628898,silent,95628133
12,16|10|7|3|3|3|2|2|2,9,635,61438356,silent,61437721
12,16|10|6|6|6|1|1|1|1,9,1220,31192654,silent,31191434
12,16|10|6|6|5|2|1|1|1,9,8315,229113271,silent,229104956
12,16|10|6|6|4|3|1|1|1,9,11465,365150786,silent,365139321
12,16|10|6|6|4|2|2|1|1,9,12789,401657210,silent,401644421
12,16|10|6|6|3|3|2|1|1,9,9506,365466991,silent,365457485
12,16|10|6|6|3|2|2|2|1,9,6679,234256044,silent,234249365
12,16|10|6|6|2|2|2|2|2,9,1204,34764894,silent,34763690
12,16|10|6|5|5|3|1|1|1,9,9372,299736064,silent,299726692
12,16|10|6|5|5|2|2|1|1,9,9545,311729010,silent,311719465
12,16|10|6|5|4|4|1|1|1,9,7628,260807300,silent,260799672
12,16|10|6|5|4|3|2|1|1,9,20143,815638912,silent,815618769
12,16|10|6|5|4|2|2|2|1,9,10583,419264352,silent,419253769
12,16|10|6|5|3|3|3|1|1,9,4893,298493327,silent,298488434
12,16|10|6|5|3|3|2|2|1,9,7878,445645160,silent,445637282
12,16|10|6|5|3|2|2|2|2,9,2956,148429360,silent,148426404
12,16|10|6|4|4|4|2|1|1,9,6185,258184865,silent,258178680
12,16|10|6|4|4|3|3|1|1,9,5050,289066839,silent,289061789
12,16|10|6|4|4|3|2|2|1,9,7689,407899426,silent,407891737
12,16|10|6|4|4|2|2|2|2,9,2383,110204592,silent,110202209
12,16|10|6|4|3|3|3|2|1,9,2215,245194538,silent,245192323
12,16|10|6|4|3|3|2|2|2,9,1654,152046771,silent,152045117
12,16|10|6|3|3|3|3|3|1,9,80,32213481,silent,32213401
12,16|10|6|3|3|3|3|2|2,9,138,42638142,silent,42638004
12,16|10|5|5|5|4|1|1|1,9,2400,82016695,silent,82014295
12,16|10|5|5|5|3|2|1|1,9,4735,205641431,silent,205636696
12,16|10|5|5|5|2|2|2|1,9,2044,98274912,silent,98272868
12,16|10|5|5|4|4|2|1|1,9,4876,209071116,silent,209066240
12,16|10|5|5|4|3|3|1|1,9,3694,221135170,silent,221131476
12,16|10|5|5|4|3|2|2|1,9,5242,308513459,silent,308508217
12,16|10|5|5|4|2|2|2|2,9,1287,80836290,silent,80835003
12,16|10|5|5|3|3|3|2|1,9,1394,151469472,silent,151468078
12,16|10|5|5|3|3|2|2|2,9,989,92678001,silent,92677012
12,16|10|5|4|4|4|3|1|1,9,2200,114936663,silent,114934463
12,16|10|5|4|4|4|2|2|1,9,2555,130983331,silent,130980776
12,16|10|5|4|4|3|3|2|1,9,2074,187401954,silent,187399880
12,16|10|5|4|4|3|2|2|2,9,1384,107545296,silent,107543912
12,16|10|5|4|3|3|3|3|1,9,185,56820774,silent,56820589
12,16|10|5|4|3|3|3|2|2,9,307,74150934,silent,74150627
12,16|10|5|3|3|3|3|3|2,9,6,14176475,silent,14176469
12,16|10|4|4|4|4|4|1|1,9,254,11231004,silent,11230750
12,16|10|4|4|4|4|3|2|1,9,667,40482418,silent,40481751
12,16|10|4|4|4|4|2|2|2,9,387,18491225,silent,18490838
12,16|10|4|4|4|3|3|3|1,9,122,23364752,silent,23364630
12,16|10|4|4|4|3|3|2|2,9,189,29642080,silent,29641891
12,16|10|4|4|3|3|3|3|2,9,11,12915415,silent,12915404
12,16|10|4|3|3|3|3|3|3,9,0,-1,a0,
12,16|9|9|9|1|1|1|1|1,9,76,1272172,silent,1272096
12,16|9|9|8|2|1|1|1|1,9,996,16564000,silent,16563004
12,16|9|9|7|3|1|1|1|1,9,3287,62120305,silent,62117018
12,16|9|9|7|2|2|1|1|1,9,3319,59134215,silent,59130896
12,16|9|9|6|4|1|1|1|1,9,4704,99380183,silent,99375479
12,16|9|9|6|3|2|1|1|1,9,9279,201960662,silent,201951383
12,16|9|9|6|2|2|2|1|1,9,4577,91281676,silent,91277099
12,16|9|9|5|5|1|1|1|1,9,2518,52557609,silent,52555091
12,16|9|9|5|4|2|1|1|1,9,9903,233177907,silent,233168004
12,16|9|9|5|3|3|1|1|1,9,6436,176268851,silent,176262415
12,16|9|9|5|3|2|2|1|1,9,9475,243274012,silent,243264537
12,16|9|9|5|2|2|2|2|1,9,2853,66965095,silent,66962242
12,16|9|9|4|4|3|1|1|1,9,4622,134088780,silent,134084158
12,16|9|9|4|4|2|2|1|1,9,5702,153562495,silent,153556793
12,16|9|9|4|3|3|2|1|1,9,5071,181626966,silent,181621895
12,16|9|9|4|3|2|2|2|1,9,3932,122092642,silent,122088710
12,16|9|9|4|2|2|2|2|2,9,708,20276194,silent,20275486
12,16|9|9|3|3|3|3|1|1,9,548,32381573,silent,32381025
12,16|9|9|3|3|3|2|2|1,9,959,50553557,silent,50552598
12,16|9|9|3|3|2|2|2|2,9,489,18976257,silent,18975768
12,16|9|8|8|3|1|1|1|1,9,2028,39452033,silent,39450005
12,16|9|8|8|2|2|1|1|1,9,1947,37268961,silent,37267014
12,16|9|8|7|4|1|1|1|1,9,5587,122950761,silent,122945174
12,16|9|8|7|3|2|1|1|1,9,10466,241785046,silent,241774580
12,16|9|8|7|2|2|2|1|1,9,4947,107420137,silent,107415190
12,16|9|8|6|5|1|1|1|1,9,5736,135020961,silent,135015225
12,16|9|8|6|4|2|1|1|1,9,18127,470884311,silent,470866184
12,16|9|8|6|3|3|1|1|1,9,11231,332579970,silent,332568739
12,16|9|8|6|3|2|2|1|1,9,16067,451830273,silent,451814206
12,16|9|8|6|2|2|2|2|1,9,4658,119684344,silent,119679686
12,16|9|8|5|5|2|1|1|1,9,10079,268208442,silent,268198363
12,16|9|8|5|4|3|1|1|1,9,16372,514431580,silent,514415208
12,16|9|8|5|4|2|2|1|1,9,18460,570914205,silent,570895745
12,16|9|8|5|3|3|2|1|1,9,13995,545122146,silent,545108151
12,16|9|8|5|3|2|2|2|1,9,9893,353058775,silent,353048882
12,16|9|8|5|2|2|2|2|2,9,1659,53630316,silent,53628657
12,16|9|8|4|4|4|1|1|1,9,3849,131386365,silent,131382516
12,16|9|8|4|4|3|2|1|1,9,11064,439441644,silent,439430580
12,16|9|8|4|4|2|2|2|1,9,6260,232496890,silent,232490630
12,16|9|8|4|3|3|3|1|1,9,3210,198646373,silent,198643163
12,16|9|8|4|3|3|2|2|1,9,5410,300158925,silent,300153515
12,16|9|8|4|3|2|2|2|2,9,2225,103153064,silent,103150839
12,16|9|8|3|3|3|3|2|1,9,560,70985916,silent,70985356
12,16|9|8|3|3|3|2|2|2,9,446,45499460,silent,45499014
12,16|9|7|7|5|1|1|1|1,9,3301,80115290,silent,80111989
12,16|9|7|7|4|2|1|1|1,9,9780,261077567,silent,261067787
12,16|9|7|7|3|3|1|1|1,9,5780,180015811,silent,180010031
12,16|9|7|7|3|2|2|1|1,9,8266,243102501,silent,243094235
12,16|9|7|7|2|2|2|2|1,9,2250,63387687,silent,63385437
12,16|9|7|6|6|1|1|1|1,9,2109,57052533,silent,57050424
12,16|9|7|6|5|2|1|1|1,9,13176,384086522,silent,384073346
12,16|9|7|6|4|3|1|1|1,9,17440,590500808,silent,590483368
12,16|9|7|6|4|2|2|1|1,9,19441,646230493,silent,646211052
12,16|9|7|6|3|3|2|1|1,9,13910,578693962,silent,578680052
12,16|9|7|6|3|2|2|2|1,9,9577,368557369,silent,368547792
12,16|9|7|6|2|2|2|2|2,9,1472,53935539,silent,53934067
12,16|9|7|5|5|3|1|1|1,9,11386,392666837,silent,392655451
12,16|9|7|5|5|2|2|1|1,9,11445,406234585,silent,406223140
12,16|9|7|5|4|4|1|1|1,9,9163,331502336,silent,331493173
12,16|9|7|5|4|3|2|1|1,9,23651,1025405030,silent,1025381379
12,16|9|7|5|4|2|2|2|1,9,12132,523649910,silent,523637778
12,16|9|7|5|3|3|3|1|1,9,5681,368167437,silent,368161756
12,16|9|7|5|3|3|2|2|1,9,9100,547971865,silent,547962765
12,16|9|7|5|3|2|2|2|2,9,3299,181183301,silent,181180002
12,16|9|7|4|4|4|2|1|1,9,6856,300079471,silent,300072615
12,16|9|7|4|4|3|3|1|1,9,5399,332927490,silent,332922091
12,16|9|7|4|4|3|2|2|1,9,8150,468297288,silent,468289138
12,16|9|7|4|4|2|2|2|2,9,2266,125554382,silent,125552116
12,16|9|7|4|3|3|3|2|1,9,2405,276213337,silent,276210932
12,16|9|7|4|3|3|2|2|2,9,1803,170646926,silent,170645123
12,16|9|7|3|3|3|3|3|1,9,88,34814783,silent,34814695
12,16|9|7|3|3|3|3|2|2,9,136,45999759,silent,45999623
12,16|9|6|6|6|2|1|1|1,9,2499,83782684,silent,83780185
12,16|9|6|6|5|3|1|1|1,9,7743,287710939,silent,287703196
12,16|9|6|6|5|2|2|1|1,9,7858,294113738,silent,294105880
12,16|9|6|6|4|4|1|1|1,9,5096,201484387,silent,201479291
12,16|9|6|6|4|3|2|1|1,9,13332,606357369,silent,606344037
12,16|9|6|6|4|2|2|2|1,9,6923,305378840,silent,305371917
12,16|9|6|6|3|3|3|1|1,9,3112,204257038,silent,204253926
12,16|9|6|6|3|3|2|2|1,9,4861,301973274,silent,301968413
12,16|9|6|6|3|2|2|2|2,9,1790,98363100,silent,98361310
12,16|9|6|5|5|4|1|1|1,9,5367,209562049,silent,209556682
12,16|9|6|5|5|3|2|1|1,9,10828,515058919,silent,515048091
12,16|9|6|5|5|2|2|2|1,9,4778,243329507,silent,243324729
12,16|9|6|5|4|4|2|1|1,9,10148,487733012,silent,487722864
12,16|9|6|5|4|3|3|1|1,9,7891,507552678,silent,507544787
12,16|9|6|5|4|3|2|2|1,9,11086,704113698,silent,704102612
12,16|9|6|5|4|2|2|2|2,9,2842,182239912,silent,182237070
12,16|9|6|5|3|3|3|2|1,9,2901,332939308,silent,332936407
12,16|9|6|5|3|3|2|2|2,9,1947,202278526,silent,202276579
12,16|9|6|4|4|4|3|1|1,9,3591,208362445,silent,208358854
12,16|9|6|4|4|4|2|2|1,9,4111,236159939,silent,236155828
12,16|9|6|4|4|3|3|2|1,9,3407,332340908,silent,332337501
12,16|9|6|4|4|3|2|2|2,9,2184,189442730,silent,189440546
12,16|9|6|4|3|3|3|3|1,9,327,96722265,silent,96721938
12,16|9|6|4|3|3|3|2|2,9,501,125784038,silent,125783537
12,16|9|6|3|3|3|3|3|2,9,14,21968259,silent,21968245
12,16|9|5|5|5|5|1|1|1,9,657,27558565,silent,27557908
12,16|9|5|5|5|4|2|1|1,9,3059,161610302,silent,161607243
12,16|9|5|5|5|3|3|1|1,9,2031,137327172,silent,137325141
12,16|9|5|5|5|3|2|2|1,9,2496,185396086,silent,185393590
12,16|9|5|5|5|2|2|2|2,9,492,44378220,silent,44377728
12,16|9|5|5|4|4|3|1|1,9,2871,175856086,silent,175853215
12,16|9|5|5|4|4|2|2|1,9,2900,196960541,silent,196957641
12,16|9|5|5|4|3|3|2|1,9,2545,262015888,silent,262013343
12,16|9|5|5|4|3|2|2|2,9,1394,147294598,silent,147293204
12,16|9|5|5|3|3|3|3|1,9,229,61787039,silent,61786810
12,16|9|5|5|3|3|3|2|2,9,344,79912102,silent,79911758
12,16|9|5|4|4|4|4|1|1,9,830,40894245,silent,40893415
12,16|9|5|4|4|4|3|2|1,9,1921,144259937,silent,144258016
12,16|9|5|4|4|4|2|2|2,9,839,65043841,silent,65043002
12,16|9|5|4|4|3|3|3|1,9,410,80106094,silent,80105684
12,16|9|5|4|4|3|3|2|2,9,616,101122969,silent,101122353
12,16|9|5|4|3|3|3|3|2,9,38,40263248,silent,40263210
12,16|9|5|3|3|3|3|3|3,9,0,-1,a0,
12,16|9|4|4|4|4|4|2|1,9,359,16032014,silent,16031655
12,16|9|4|4|4|4|3|3|1,9,193,19479748,silent,19479555
12,16|9|4|4|4|4|3|2|2,9,278,22999584,silent,22999306
12,16|9|4|4|4|3|3|3|2,9,34,17137117,silent,17137083
12,16|9|4|4|3|3|3|3|3,9,0,-1,a0,
12,16|8|8|8|4|1|1|1|1,9,987,22109689,silent,22108702
12,16|8|8|8|3|2|1|1|1,9,1735,42716095,silent,42714360
12,16|8|8|8|2|2|2|1|1,9,762,18776367,silent,18775605
12,16|8|8|7|5|1|1|1|1,9,2006,51091365,silent,51089359
12,16|8|8|7|4|2|1|1|1,9,5852,163814688,silent,163808836
12,16|8|8|7|3|3|1|1|1,9,3524,112273353,silent,112269829
12,16|8|8|7|3|2|2|1|1,9,4974,151178471,silent,151173497
12,16|8|8|7|2|2|2|2|1,9,1396,39229449,silent,39228053
12,16|8|8|6|6|1|1|1|1,9,1134,30179840,silent,30178706
12,16|8|8|6|5|2|1|1|1,9,6502,196771655,silent,196765153
12,16|8|8|6|4|3|1|1|1,9,8554,298247183,silent,298238629
12,16|8|8|6|4|2|2|1|1,9,9290,325567241,silent,325557951
12,16|8|8|6|3|3|2|1|1,9,6837,289724731,silent,289717894
12,16|8|8|6|3|2|2|2|1,9,4661,183962237,silent,183957576
12,16|8|8|6|2|2|2|2|2,9,817,26805439,silent,26804622
12,16|8|8|5|5|3|1|1|1,9,5232,187421644,silent,187416412
12,16|8|8|5|5|2|2|1|1,9,5363,193413674,silent,193408311
12,16|8|8|5|4|4|1|1|1,9,4116,156308228,silent,156304112
12,16|8|8|5|4|3|2|1|1,9,10727,481289538,silent,481278811
12,16|8|8|5|4|2|2|2|1,9,5547,245080065,silent,245074518
12,16|8|8|5|3|3|3|1|1,9,2575,171465278,silent,171462703
12,16|8|8|5|3|3|2|2|1,9,4087,254757986,silent,254753899
12,16|8|8|5|3|2|2|2|2,9,1483,83975390,silent,83973907
12,16|8|8|4|4|4|2|1|1,9,2904,136924967,silent,136922063
12,16|8|8|4|4|3|3|1|1,9,2459,151377664,silent,151375205
12,16|8|8|4|4|3|2|2|1,9,3577,212613213,silent,212609636
12,16|8|8|4|4|2|2|2|2,9,1121,56857626,silent,56856505
12,16|8|8|4|3|3|3|2|1,9,1051,124403115,silent,124402064
12,16|8|8|4|3|3|2|2|2,9,734,76691871,silent,76691137
12,16|8|8|3|3|3|3|3|1,9,37,15430519,silent,15430482
12,16|8|8|3|3|3|3|2|2,9,71,20358595,silent,20358524
12,16|8|7|7|6|1|1|1|1,9,993,27979024,silent,27978031
12,16|8|7|7|5|2|1|1|1,9,4726,147311451,silent,147306725
12,16|8|7|7|4|3|1|1|1,9,5766,209382234,silent,209376468
12,16|8|7|7|4|2|2|1|1,9,6338,227183995,silent,227177657
12,16|8|7|7|3|3|2|1|1,9,4350,197344833,silent,197340483
12,16|8|7|7|3|2|2|2|1,9,2910,124357934,silent,124355024
12,16|8|7|7|2|2|2|2|2,9,382,17790077,silent,17789695
12,16|8|7|6|6|2|1|1|1,9,3234,111090593,silent,111087359
12,16|8|7|6|5|3|1|1|1,9,8997,352610728,silent,352601731
12,16|8|7|6|5|2|2|1|1,9,9043,358823921,silent,358814878
12,16|8|7|6|4|4|1|1|1,9,5870,240184419,silent,240178549
12,16|8|7|6|4|3|2|1|1,9,14871,715742711,silent,715727840
12,16|8|7|6|4|2|2|2|1,9,7481,358378250,silent,358370769
12,16|8|7|6|3|3|3|1|1,9,3395,236968825,silent,236965430
12,16|8|7|6|3|3|2|2|1,9,5315,349417163,silent,349411848
12,16|8|7|6|3|2|2|2|2,9,1859,113065401,silent,113063542
12,16|8|7|5|5|4|1|1|1,9,4889,203922447,silent,203917558
12,16|8|7|5|5|3|2|1|1,9,9813,496354739,silent,496344926
12,16|8|7|5|5|2|2|2|1,9,4323,233146447,silent,233142124
12,16|8|7|5|4|4|2|1|1,9,9004,457093435,silent,457084431
12,16|8|7|5|4|3|3|1|1,9,6932,471878507,silent,471871575
12,16|8|7|5|4|3|2|2|1,9,9676,652773147,silent,652763471
12,16|8|7|5|4|2|2|2|2,9,2393,167854373,silent,167851980
12,16|8|7|5|3|3|3|2|1,9,2536,303421079,silent,303418543
12,16|8|7|5|3|3|2|2|2,9,1704,183717237,silent,183715533
12,16|8|7|4|4|4|3|1|1,9,2940,179990283,silent,179987343
12,16|8|7|4|4|4|2|2|1,9,3264,203402064,silent,203398800
12,16|8|7|4|4|3|3|2|1,9,2769,283991667,silent,283988898
12,16|8|7|4|4|3|2|2|2,9,1711,161312213,silent,161310502
12,16|8|7|4|3|3|3|3|1,9,269,81097218,silent,81096949
12,16|8|7|4|3|3|3|2|2,9,415,105299277,silent,105298862
12,16|8|7|3|3|3|3|3|2,9,10,17707431,silent,17707421
12,16|8|6|6|6|3|1|1|1,9,1976,88027392,silent,88025416
12,16|8|6|6|6|2|2|1|1,9,1946,87102268,silent,87100322
12,16|8|6|6|5|4|1|1|1,9,3642,167413138,silent,167409496
12,16|8|6|6|5|3|2|1|1,9,7486,396390162,silent,396382676
12,16|8|6|6|5|2|2|2|1,9,3416,183603917,silent,183600501
12,16|8|6|6|4|4|2|1|1,9,5501,302843965,silent,302838464
12,16|8|6|6|4|3|3|1|1,9,4378,305444173,silent,305439795
12,16|8|6|6|4|3|2|2|1,9,6093,419806278,silent,419800185
12,16|8|6|6|4|2|2|2|2,9,1663,106372977,silent,106371314
12,16|8|6|6|3|3|3|2|1,9,1506,183024750,silent,183023244
12,16|8|6|6|3|3|2|2|2,9,949,109924488,silent,109923539
12,16|8|6|5|5|5|1|1|1,9,1267,58279557,silent,58278290
12,16|8|6|5|5|4|2|1|1,9,5750,328478285,silent,328472535
12,16|8|6|5|5|3|3|1|1,9,3747,274859222,silent,274855475
12,16|8|6|5|5|3|2|2|1,9,4748,369052147,silent,369047399
12,16|8|6|5|5|2|2|2|2,9,950,87310228,silent,87309278
12,16|8|6|5|4|4|3|1|1,9,4857,328581928,silent,328577071
12,16|8|6|5|4|4|2|2|1,9,5115,366202905,silent,366197790
12,16|8|6|5|4|3|3|2|1,9,4380,479586476,silent,479582096
12,16|8|6|5|4|3|2|2|2,9,2455,267910722,silent,267908267
12,16|8|6|5|3|3|3|3|1,9,407,108809434,silent,108809027
12,16|8|6|5|3|3|3|2|2,9,570,140205277,silent,140204707
12,16|8|6|4|4|4|4|1|1,9,1018,60054031,silent,60053013
12,16|8|6|4|4|4|3|2|1,9,2524,209652727,silent,209650203
12,16|8|6|4|4|4|2|2|2,9,1182,93975204,silent,93974022
12,16|8|6|4|4|3|3|3|1,9,570,114246750,silent,114246180
12,16|8|6|4|4|3|3|2|2,9,769,143765856,silent,143765087
12,16|8|6|4|3|3|3|3|2,9,65,55073102,silent,55073037
12,16|8|6|3|3|3|3|3|3,9,0,-1,a0,
12,16|8|5|5|5|5|2|1|1,9,705,47779210,silent,47778505
12,16|8|5|5|5|4|3|1|1,9,1583,119074701,silent,119073118
12,16|8|5|5|5|4|2|2|1,9,1407,129102198,silent,129100791
12,16|8|5|5|5|3|3|2|1,9,1146,138103322,silent,138102176
12,16|8|5|5|5|3|2|2|2,9,514,74703649,silent,74703135
12,16|8|5|5|4|4|4|1|1,9,882,54586009,silent,54585127
12,16|8|5|5|4|4|3|2|1,9,1909,185248585,silent,185246676
12,16|8|5|5|4|4|2|2|2,9,665,81821782,silent,81821117
12,16|8|5|5|4|3|3|3|1,9,476,94683664,silent,94683188
12,16|8|5|5|4|3|3|2|2,9,616,118459800,silent,118459184
12,16|8|5|5|3|3|3|3|2,9,45,36754195,silent,36754150
12,16|8|5|4|4|4|4|2|1,9,792,48569920,silent,48569128
12,16|8|5|4|4|4|3|3|1,9,498,58088703,silent,58088205
12,16|8|5|4|4|4|3|2|2,9,602,68172952,silent,68172350
12,16|8|5|4|4|3|3|3|2,9,112,48954904,silent,48954792
12,16|8|5|4|3|3|3|3|3,9,1,9936882,silent,9936881
12,16|8|4|4|4|4|4|3|1,9,170,8730701,silent,8730531
12,16|8|4|4|4|4|4|2|2,9,186,8296829,silent,8296643
12,16|8|4|4|4|4|3|3|2,9,72,12653723,silent,12653651
12,16|8|4|4|4|3|3|3|3,9,2,4465574,silent,4465572
12,16|7|7|7|7|1|1|1|1,9,117,2873856,silent,2873739
12,16|7|7|7|6|2|1|1|1,9,878,30434107,silent,30433229
12,16|7|7|7|5|3|1|1|1,9,1859,76681251,silent,76679392
12,16|7|7|7|5|2|2|1|1,9,1802,77456731,silent,77454929
12,16|7|7|7|4|4|1|1|1,9,1181,49014517,silent,49013336
12,16|7|7|7|4|3|2|1|1,9,2788,143546636,silent,143543848
12,16|7|7|7|4|2|2|2|1,9,1308,71184313,silent,71183005
12,16|7|7|7|3|3|3|1|1,9,612,45968490,silent,45967878
12,16|7|7|7|3|3|2|2|1,9,957,67520344,silent,67519387
12,16|7|7|7|3|2|2|2|2,9,298,21605793,silent,21605495
12,16|7|7|6|6|3|1|1|1,9,1419,64847997,silent,64846578
12,16|7|7|6|6|2|2|1|1,9,1462,63952336,silent,63950874
12,16|7|7|6|5|4|1|1|1,9,2445,115645622,silent,115643177
12,16|7|7|6|5|3|2|1|1,9,4869,271648788,silent,271643919
12,16|7|7|6|5|2|2|2|1,9,2148,125248557,silent,125246409
12,16|7|7|6|4|4|2|1|1,9,3670,202731749,silent,202728079
12,16|7|7|6|4|3|3|1|1,9,2722,203064400,silent,203061678
12,16|7|7|6|4|3|2|2|1,9,3796,278502464,silent,278498668
12,16|7|7|6|4|2|2|2|2,9,857,70148673,silent,70147816
12,16|7|7|6|3|3|3|2|1,9,962,119712813,silent,119711851
12,16|7|7|6|3|3|2|2|2,9,648,71741026,silent,71740378
12,16|7|7|5|5|5|1|1|1,9,648,32850411,silent,32849763
12,16|7|7|5|5|4|2|1|1,9,2985,182377973,silent,182374988
12,16|7|7|5|5|3|3|1|1,9,2013,151620206,silent,151618193
12,16|7|7|5|5|3|2|2|1,9,2510,203152471,silent,203149961
12,16|7|7|5|5|2|2|2|2,9,544,47826244,silent,47825700
12,16|7|7|5|4|4|3|1|1,9,2535,177034404,silent,177031869
12,16|7|7|5|4|4|2|2|1,9,2564,196812800,silent,196810236
12,16|7|7|5|4|3|3|2|1,9,2262,256111805,silent,256109543
12,16|7|7|5|4|3|2|2|2,9,1220,142668426,silent,142667206
12,16|7|7|5|3|3|3|3|1,9,206,57189859,silent,57189653
12,16|7|7|5|3|3|3|2|2,9,296,73626883,silent,73626587
12,16|7|7|4|4|4|4|1|1,9,553,30230659,silent,30230106
12,16|7|7|4|4|4|3|2|1,9,1185,104982258,silent,104981073
12,16|7|7|4|4|4|2|2|2,9,446,46881235,silent,46880789
12,16|7|7|4|4|3|3|3|1,9,271,56761056,silent,56760785
12,16|7|7|4|4|3|3|2|2,9,412,71346156,silent,71345744
12,16|7|7|4|3|3|3|3|2,9,25,26888853,silent,26888828
12,16|7|7|3|3|3|3|3|3,9,1,2405106,silent,2405105
12,16|7|6|6|6|4|1|1|1,9,714,40447853,silent,40447139
12,16|7|6|6|6|3|2|1|1,9,1460,88330101,silent,88328641
12,16|7|6|6|6|2|2|2|1,9,699,39426176,silent,39425477
12,16|7|6|6|5|5|1|1|1,9,673,36454703,silent,36454030
12,16|7|6|6|5|4|2|1|1,9,2956,188899829,silent,188896873
12,16|7|6|6|5|3|3|1|1,9,1927,153416184,silent,153414257
12,16|7|6|6|5|3|2|2|1,9,2542,204181560,silent,204179018
12,16|7|6|6|5|2|2|2|2,9,570,47348687,silent,47348117
12,16|7|6|6|4|4|3|1|1,9,1968,148575495,silent,148573527
12,16|7|6|6|4|4|2|2|1,9,2157,164191183,silent,164189026
12,16|7|6|6|4|3|3|2|1,9,1792,208640361,silent,208638569
12,16|7|6|6|4|3|2|2|2,9,1033,115338575,silent,115337542
12,16|7|6|6|3|3|3|3|1,9,165,43547756,silent,43547591
12,16|7|6|6|3|3|3|2|2,9,215,55802194,silent,55801979
12,16|7|6|5|5|5|2|1|1,9,1016,71959093,silent,71958077
12,16|7|6|5|5|4|3|1|1,9,2148,173505249,silent,173503101
12,16|7|6|5|5|4|2|2|1,9,2015,187248617,silent,187246602
12,16|7|6|5|5|3|3|2|1,9,1588,197501311,silent,197499723
12,16|7|6|5|5|3|2|2|2,9,741,106217114,silent,106216373
12,16|7|6|5|4|4|4|1|1,9,1048,73880993,silent,73879945
12,16|7|6|5|4|4|3|2|1,9,2437,248429525,silent,248427088
12,16|7|6|5|4|4|2|2|2,9,950,109156800,silent,109155850
12,16|7|6|5|4|3|3|3|1,9,605,124847905,silent,124847300
12,16|7|6|5|4|3|3|2|2,9,761,155732927,silent,155732166
12,16|7|6|5|3|3|3|3|2,9,66,46647382,silent,46647316
12,16|7|6|4|4|4|4|2|1,9,756,51723088,silent,51722332
12,16|7|6|4|4|4|3|3|1,9,478,61370318,silent,61369840
12,16|7|6|4|4|4|3|2|2,9,583,71835971,silent,71835388
12,16|7|6|4|4|3|3|3|2,9,111,50712133,silent,50712022
12,16|7|6|4|3|3|3|3|3,9,2,9920001,silent,9919999
12,16|7|5|5|5|5|3|1|1,9,318,30719624,silent,30719306
12,16|7|5|5|5|5|2|2|1,9,251,31002811,silent,31002560
12,16|7|5|5|5|4|4|1|1,9,364,32081142,silent,32080778
12,16|7|5|5|5|4|3|2|1,9,767,100267219,silent,100266452
12,16|7|5|5|5|4|2|2|2,9,231,42653288,silent,42653057
12,16|7|5|5|5|3|3|3|1,9,196,40390002,silent,40389806
12,16|7|5|5|5|3|3|2|2,9,197,49720800,silent,49720603
12,16|7|5|5|4|4|4|2|1,9,558,51224642,silent,51224084
12,16|7|5|5|4|4|3|3|1,9,420,59389550,silent,59389130
12,16|7|5|5|4|4|3|2|2,9,409,69046210,silent,69045801
12,16|7|5|5|4|3|3|3|2,9,111,45737237,silent,45737126
12,16|7|5|5|3|3|3|3|3,9,1,7210813,silent,7210812
12,16|7|5|4|4|4|4|3|1,9,311,20840928,silent,20840617
12,16|7|5|4|4|4|4|2|2,9,239,19656110,silent,19655871
12,16|7|5|4|4|4|3|3|2,9,164,29608895,silent,29608731
12,16|7|5|4|4|3|3|3|3,9,5,10035216,silent,10035211
12,16|7|4|4|4|4|4|4|1,9,70,1668429,silent,1668359
12,16|7|4|4|4|4|4|3|2,9,89,4971891,silent,4971802
12,16|7|4|4|4|4|3|3|3,9,7,2869501,silent,2869494
12,16|6|6|6|6|5|1|1|1,9,81,6191552,silent,6191471
12,16|6|6|6|6|4|2|1|1,9,320,25235289,silent,25234969
12,16|6|6|6|6|3|3|1|1,9,232,19160216,silent,19159984
12,16|6|6|6|6|3|2|2|1,9,319,25108895,silent,25108576
12,16|6|6|6|6|2|2|2|2,9,112,5615558,silent,5615446
12,16|6|6|6|5|5|2|1|1,9,341,24510784,silent,24510443
12,16|6|6|6|5|4|3|1|1,9,624,54900885,silent,54900261
12,16|6|6|6|5|4|2|2|1,9,655,58794468,silent,58793813
12,16|6|6|6|5|3|3|2|1,9,472,60317783,silent,60317311
12,16|6|6|6|5|3|2|2|2,9,247,32127309,silent,32127062
12,16|6|6|6|4|4|4|1|1,9,207,18720937,silent,18720730
12,16|6|6|6|4|4|3|2|1,9,584,61956214,silent,61955630
12,16|6|6|6|4|4|2|2|2,9,308,26999579,silent,26999271
12,16|6|6|6|4|3|3|3|1,9,141,30140812,silent,30140671
12,16|6|6|6|4|3|3|2|2,9,159,37405950,silent,37405791
12,16|6|6|6|3|3|3|3|2,9,20,10375613,silent,10375593
12,16|6|6|5|5|5|3|1|1,9,261,25071231,silent,25070970
12,16|6|6|5|5|5|2|2|1,9,192,25178588,silent,25178396
12,16|6|6|5|5|4|4|1|1,9,297,25550481,silent,25550184
12,16|6|6|5|5|4|3|2|1,9,609,79237660,silent,79237051
12,16|6|6|5|5|4|2|2|2,9,176,33540659,silent,33540483
12,16|6|6|5|5|3|3|3|1,9,151,31488326,silent,31488175
12,16|6|6|5|5|3|3|2|2,9,174,38652903,silent,38652729
12,16|6|6|5|4|4|4|2|1,9,417,37967954,silent,37967537
12,16|6|6|5|4|4|3|3|1,9,280,43718871,silent,43718591
12,16|6|6|5|4|4|3|2|2,9,320,50743166,silent,50742846
12,16|6|6|5|4|3|3|3|2,9,74,33135470,silent,33135396
12,16|6|6|5|3|3|3|3|3,9,2,5072410,silent,5072408
12,16|6|6|4|4|4|4|3|1,9,158,12433597,silent,12433439
12,16|6|6|4|4|4|4|2|2,9,180,11721414,silent,11721234
12,16|6|6|4|4|4|3|3|2,9,72,17502326,silent,17502254
12,16|6|6|4|4|3|3|3|3,9,6,5847373,silent,5847367
12,16|6|5|5|5|5|4|1|1,9,60,7614988,silent,7614928
12,16|6|5|5|5|5|3|2|1,9,105,18781935,silent,18781830
12,16|6|5|5|5|5|2|2|2,9,28,7367137,silent,7367109
12,16|6|5|5|5|4|4|2|1,9,144,21482467,silent,21482323
12,16|6|5|5|5|4|3|3|1,9,122,23209515,silent,23209393
12,16|6|5|5|5|4|3|2|2,9,95,26563605,silent,26563510
12,16|6|5|5|5|3|3|3|2,9,30,13907602,silent,13907572
12,16|6|5|5|4|4|4|3|1,9,149,15613345,silent,15613196
12,16|6|5|5|4|4|4|2|2,9,90,14584922,silent,14584832
12,16|6|5|5|4|4|3|3|2,9,95,21346000,silent,21345905
12,16|6|5|5|4|3|3|3|3,9,5,6648878,silent,6648873
12,16|6|5|4|4|4|4|4|1,9,70,2808827,silent,2808757
12,16|6|5|4|4|4|4|3|2,9,102,8299571,silent,8299469
12,16|6|5|4|4|4|3|3|3,9,12,4716796,silent,4716784
12,16|6|4|4|4|4|4|4|2,9,49,830690,silent,830641
12,16|6|4|4|4|4|4|3|3,9,10,973175,silent,973165
12,16|5|5|5|5|5|5|1|1,9,3,456860,silent,456857
12,16|5|5|5|5|5|4|2|1,9,13,2790801,silent,2790788
12,16|5|5|5|5|5|3|3|1,9,5,2429255,silent,2429250
12,16|5|5|5|5|5|3|2|2,9,5,2703132,silent,2703127
12,16|5|5|5|5|4|4|3|1,9,19,3558911,silent,3558892
12,16|5|5|5|5|4|4|2|2,9,13,3277391,silent,3277378
12,16|5|5|5|5|4|3|3|2,9,8,4473250,silent,4473242
12,16|5|5|5|5|3|3|3|3,9,1,1095038,silent,1095037
12,16|5|5|5|4|4|4|4|1,9,12,1133557,silent,1133545
12,16|5|5|5|4|4|4|3|2,9,20,3298564,silent,3298544
12,16|5|5|5|4|4|3|3|3,9,7,1818214,silent,1818207
12,16|5|5|4|4|4|4|4|2,9,12,730384,silent,730372
12,16|5|5|4|4|4|4|3|3,9,13,862351,silent,862338
12,16|5|4|4|4|4|4|4|3,9,11,149192,silent,149181
12,16|4|4|4|4|4|4|4|4,9,7,6673,silent,6666
12,15|15|12|1|1|1|1|1|1,9,2,30693,silent,30691
12,15|15|11|2|1|1|1|1|1,9,15,281200,silent,281185
12,15|15|10|3|1|1|1|1|1,9,88,1139374,silent,1139286
12,15|15|10|2|2|1|1|1|1,9,84,1048044,silent,1047960
12,15|15|9|4|1|1|1|1|1,9,188,2656584,silent,2656396
12,15|15|9|3|2|1|1|1|1,9,422,4841459,silent,4841037
12,15|15|9|2|2|2|1|1|1,9,248,2095493,silent,2095245
12,15|15|8|5|1|1|1|1|1,9,280,3785053,silent,3784773
12,15|15|8|4|2|1|1|1|1,9,837,10651612,silent,10650775
12,15|15|8|3|3|1|1|1|1,9,578,6870848,silent,6870270
12,15|15|8|3|2|2|1|1|1,9,899,9256284,silent,9255385
12,15|15|8|2|2|2|2|1|1,9,361,2450799,silent,2450438
12,15|15|7|6|1|1|1|1|1,9,203,2933593,silent,2933390
12,15|15|7|5|2|1|1|1|1,9,994,12731896,silent,12730902
12,15|15|7|4|3|1|1|1|1,9,1175,16311527,silent,16310352
12,15|15|7|4|2|2|1|1|1,9,1523,17737969,silent,17736446
12,15|15|7|3|3|2|1|1|1,9,1136,14616434,silent,14615298
12,15|15|7|3|2|2|2|1|1,9,996,9638530,silent,9637534
12,15|15|7|2|2|2|2|2|1,9,260,1666407,silent,1666147
12,15|15|6|6|2|1|1|1|1,9,425,5906639,silent,5906214
12,15|15|6|5|3|1|1|1|1,9,1116,15559471,silent,15558355
12,15|15|6|5|2|2|1|1|1,9,1286,15869664,silent,15868378
12,15|15|6|4|4|1|1|1|1,9,592,9743908,silent,9743316
12,15|15|6|4|3|2|1|1|1,9,1964,28523184,silent,28521220
12,15|15|6|4|2|2|2|1|1,9,1343,14941918,silent,14940575
12,15|15|6|3|3|3|1|1|1,9,525,8889763,silent,8889238
12,15|15|6|3|3|2|2|1|1,9,947,13816709,silent,13815762
12,15|15|6|3|2|2|2|2|1,9,569,5507159,silent,5506590
12,15|15|6|2|2|2|2|2|2,9,79,562096,silent,562017
12,15|15|5|5|4|1|1|1|1,9,458,6574372,silent,6573914
12,15|15|5|5|3|2|1|1|1,9,1077,15721923,silent,15720846
12,15|15|5|5|2|2|2|1|1,9,626,7726660,silent,7726034
12,15|15|5|4|4|2|1|1|1,9,798,13308182,silent,13307384
12,15|15|5|4|3|3|1|1|1,9,694,13367550,silent,13366856
12,15|15|5|4|3|2|2|1|1,9,1243,19486921,silent,19485678
12,15|15|5|4|2|2|2|2|1,9,544,6171901,silent,6171357
12,15|15|5|3|3|3|2|1|1,9,357,8524433,silent,8524076
12,15|15|5|3|3|2|2|2|1,9,374,6405525,silent,6405151
12,15|15|5|3|2|2|2|2|2,9,142,1452188,silent,1452046
12,15|15|4|4|4|3|1|1|1,9,178,4316521,silent,4316343
12,15|15|4|4|4|2|2|1|1,9,312,5137959,silent,5137647
12,15|15|4|4|3|3|2|1|1,9,275,6979514,silent,6979239
12,15|15|4|4|3|2|2|2|1,9,291,4918829,silent,4918538
12,15|15|4|4|2|2|2|2|2,9,70,900574,silent,900504
12,15|15|4|3|3|3|3|1|1,9,44,1891681,silent,1891637
12,15|15|4|3|3|3|2|2|1,9,73,3021276,silent,3021203
12,15|15|4|3|3|2|2|2|2,9,61,1194900,silent,1194839
12,15|15|3|3|3|3|3|2|1,9,3,457717,silent,457714
12,15|15|3|3|3|3|2|2|2,9,1,307734,silent,307733
12,15|14|13|1|1|1|1|1|1,9,1,28559,silent,28558
12,15|14|12|2|1|1|1|1|1,9,24,350681,silent,350657
12,15|14|11|3|1|1|1|1|1,9,134,1754427,silent,1754293
12,15|14|11|2|2|1|1|1|1,9,146,1609407,silent,1609261
12,15|14|10|4|1|1|1|1|1,9,381,4956675,silent,4956294
12,15|14|10|3|2|1|1|1|1,9,792,8951225,silent,8950433
12,15|14|10|2|2|2|1|1|1,9,429,3848576,silent,3848147
12,15|14|9|5|1|1|1|1|1,9,648,8679395,silent,8678747
12,15|14|9|4|2|1|1|1|1,9,1910,23827884,silent,23825974
12,15|14|9|3|3|1|1|1|1,9,1214,15205241,silent,15204027
12,15|14|9|3|2|2|1|1|1,9,1918,20395571,silent,20393653
12,15|14|9|2|2|2|2|1|1,9,686,5346318,silent,5345632
12,15|14|8|6|1|1|1|1|1,9,676,9223319,silent,9222643
12,15|14|8|5|2|1|1|1|1,9,2768,36311248,silent,36308480
12,15|14|8|4|3|1|1|1|1,9,3162,44660730,silent,44657568
12,15|14|8|4|2|2|1|1|1,9,3879,48222913,silent,48219034
12,15|14|8|3|3|2|1|1|1,9,2866,39030524,silent,39027658
12,15|14|8|3|2|2|2|1|1,9,2377,25516025,silent,25513648
12,15|14|8|2|2|2|2|2|1,9,587,4344762,silent,4344175
12,15|14|7|7|1|1|1|1|1,9,275,4054375,silent,4054100
12,15|14|7|6|2|1|1|1|1,9,2097,29105998,silent,29103901
12,15|14|7|5|3|1|1|1|1,9,4002,59421015,silent,59417013
12,15|14|7|5|2|2|1|1|1,9,4507,59962215,silent,59957708
12,15|14|7|4|4|1|1|1|1,9,2125,34537092,silent,34534967
12,15|14|7|4|3|2|1|1|1,9,6343,98851868,silent,98845525
12,15|14|7|4|2|2|2|1|1,9,3991,51094927,silent,51090936
12,15|14|7|3|3|3|1|1|1,9,1563,29571024,silent,29569461
12,15|14|7|3|3|2|2|1|1,9,2876,45662143,silent,45659267
12,15|14|7|3|2|2|2|2|1,9,1551,17929877,silent,17928326
12,15|14|7|2|2|2|2|2|2,9,229,1783785,silent,1783556
12,15|14|6|6|3|1|1|1|1,9,1855,28733130,silent,28731275
12,15|14|6|6|2|2|1|1|1,9,1972,28297121,silent,28295149
12,15|14|6|5|4|1|1|1|1,9,2602,42432572,silent,42429970
12,15|14|6|5|3|2|1|1|1,9,5955,97383915,silent,97377960
12,15|14|6|5|2|2|2|1|1,9,3319,46792566,silent,46789247
12,15|14|6|4|4|2|1|1|1,9,3627,66088667,silent,66085040
12,15|14|6|4|3|3|1|1|1,9,3100,64162881,silent,64159781
12,15|14|6|4|3|2|2|1|1,9,5168,92519374,silent,92514206
12,15|14|6|4|2|2|2|2|1,9,2078,28592068,silent,28589990
12,15|14|6|3|3|3|2|1|1,9,1416,37124729,silent,37123313
12,15|14|6|3|3|2|2|2|1,9,1366,27525007,silent,27523641
12,15|14|6|3|2|2|2|2|2,9,458,6081302,silent,6080844
12,15|14|5|5|5|1|1|1|1,9,555,8744668,silent,8744113
12,15|14|5|5|4|2|1|1|1,9,2566,45716724,silent,45714158
12,15|14|5|5|3|3|1|1|1,9,1739,36816808,silent,36815069
12,15|14|5|5|3|2|2|1|1,9,2770,51882652,silent,51879882
12,15|14|5|5|2|2|2|2|1,9,948,14972923,silent,14971975
12,15|14|5|4|4|3|1|1|1,9,1692,39100386,silent,39098694
12,15|14|5|4|4|2|2|1|1,9,2242,45701304,silent,45699062
12,15|14|5|4|3|3|2|1|1,9,2094,57610788,silent,57608694
12,15|14|5|4|3|2|2|2|1,9,1854,39711152,silent,39709298
12,15|14|5|4|2|2|2|2|2,9,442,6938798,silent,6938356
12,15|14|5|3|3|3|3|1|1,9,230,12094981,silent,12094751
12,15|14|5|3|3|3|2|2|1,9,455,19118111,silent,19117656
12,15|14|5|3|3|2|2|2|2,9,258,7372141,silent,7371883
12,15|14|4|4|4|4|1|1|1,9,189,5400991,silent,5400802
12,15|14|4|4|4|3|2|1|1,9,687,19549326,silent,19548639
12,15|14|4|4|4|2|2|2|1,9,505,10807479,silent,10806974
12,15|14|4|4|3|3|3|1|1,9,207,10319148,silent,10318941
12,15|14|4|4|3|3|2|2|1,9,408,15911883,silent,15911475
12,15|14|4|4|3|2|2|2|2,9,233,5740586,silent,5740353
12,15|14|4|3|3|3|3|2|1,9,46,5637877,silent,5637831
12,15|14|4|3|3|3|2|2|2,9,41,3705103,silent,3705062
12,15|14|3|3|3|3|3|3|1,9,1,465255,silent,465254
12,15|14|3|3|3|3|3|2|2,9,2,630478,silent,630476
12,15|13|13|2|1|1|1|1|1,9,8,155295,silent,155287
12,15|13|12|3|1|1|1|1|1,9,102,1308056,silent,1307954
12,15|13|12|2|2|1|1|1|1,9,107,1197878,silent,1197771
12,15|13|11|4|1|1|1|1|1,9,374,4958443,silent,4958069
12,15|13|11|3|2|1|1|1|1,9,790,8919607,silent,8918817
12,15|13|11|2|2|2|1|1|1,9,433,3826932,silent,3826499
12,15|13|10|5|1|1|1|1|1,9,845,11024583,silent,11023738
12,15|13|10|4|2|1|1|1|1,9,2375,29845902,silent,29843527
12,15|13|10|3|3|1|1|1|1,9,1513,18931837,silent,18930324
12,15|13|10|3|2|2|1|1|1,9,2302,25324686,silent,25322384
12,15|13|10|2|2|2|2|1|1,9,807,6601967,silent,6601160
12,15|13|9|6|1|1|1|1|1,9,1096,15191514,silent,15190418
12,15|13|9|5|2|1|1|1|1,9,4286,57159949,silent,57155663
12,15|13|9|4|3|1|1|1|1,9,4756,68806915,silent,68802159
12,15|13|9|4|2|2|1|1|1,9,5761,74017136,silent,74011375
12,15|13|9|3|3|2|1|1|1,9,4158,59281640,silent,59277482
12,15|13|9|3|2|2|2|1|1,9,3341,38565589,silent,38562248
12,15|13|9|2|2|2|2|2|1,9,769,6499561,silent,6498792
12,15|13|8|7|1|1|1|1|1,9,822,11549760,silent,11548938
12,15|13|8|6|2|1|1|1|1,9,4452,63680039,silent,63675587
12,15|13|8|5|3|1|1|1|1,9,7707,118634552,silent,118626845
12,15|13|8|5|2|2|1|1|1,9,8367,118929840,silent,118921473
12,15|13|8|4|4|1|1|1|1,9,3943,66658990,silent,66655047
12,15|13|8|4|3|2|1|1|1,9,11403,188351758,silent,188340355
12,15|13|8|4|2|2|2|1|1,9,6894,96579299,silent,96572405
12,15|13|8|3|3|3|1|1|1,9,2781,55130769,silent,55127988
12,15|13|8|3|3|2|2|1|1,9,4874,84767995,silent,84763121
12,15|13|8|3|2|2|2|2|1,9,2513,32988643,silent,32986130
12,15|13|8|2|2|2|2|2|2,9,334,3227100,silent,3226766
12,15|13|7|7|2|1|1|1|1,9,1957,28627043,silent,28625086
12,15|13|7|6|3|1|1|1|1,9,6106,100505975,silent,100499869
12,15|13|7|6|2|2|1|1|1,9,6442,98006454,silent,98000012
12,15|13|7|5|4|1|1|1|1,9,6701,116526624,silent,116519923
12,15|13|7|5|3|2|1|1|1,9,14734,261615682,silent,261600948
12,15|13|7|5|2|2|2|1|1,9,7866,124100664,silent,124092798
12,15|13|7|4|4|2|1|1|1,9,8501,164863859,silent,164855358
12,15|13|7|4|3|3|1|1|1,9,7010,157155091,silent,157148081
12,15|13|7|4|3|2|2|1|1,9,11366,225203236,silent,225191870
12,15|13|7|4|2|2|2|2|1,9,4223,68580418,silent,68576195
12,15|13|7|3|3|3|2|1|1,9,3035,86764449,silent,86761414
12,15|13|7|3|3|2|2|2|1,9,2798,63827386,silent,63824588
12,15|13|7|3|2|2|2|2|2,9,842,13878390,silent,13877548
12,15|13|6|6|4|1|1|1|1,9,3286,61219869,silent,61216583
12,15|13|6|6|3|2|1|1|1,9,6856,128894126,silent,128887270
12,15|13|6|6|2|2|2|1|1,9,3547,59459837,silent,59456290
12,15|13|6|5|5|1|1|1|1,9,2465,44015433,silent,44012968
12,15|13|6|5|4|2|1|1|1,9,10379,209636304,silent,209625925
12,15|13|6|5|3|3|1|1|1,9,7006,163218610,silent,163211604
12,15|13|6|5|3|2|2|1|1,9,10613,227524329,silent,227513716
12,15|13|6|5|2|2|2|2|1,9,3466,64095975,silent,64092509
12,15|13|6|4|4|3|1|1|1,9,5501,139029025,silent,139023524
12,15|13|6|4|4|2|2|1|1,9,7009,160824488,silent,160817479
12,15|13|6|4|3|3|2|1|1,9,6448,195930121,silent,195923673
12,15|13|6|4|3|2|2|2|1,9,5309,133326358,silent,133321049
12,15|13|6|4|2|2|2|2|2,9,1134,22699580,silent,22698446
12,15|13|6|3|3|3|3|1|1,9,709,37509930,silent,37509221
12,15|13|6|3|3|3|2|2|1,9,1275,58892022,silent,58890747
12,15|13|6|3|3|2|2|2|2,9,685,22395435,silent,22394750
12,15|13|5|5|5|2|1|1|1,9,2240,45514209,silent,45511969
12,15|13|5|5|4|3|1|1|1,9,4025,100232709,silent,100228684
12,15|13|5|5|4|2|2|1|1,9,4672,113277847,silent,113273175
12,15|13|5|5|3|3|2|1|1,9,3651,114502868,silent,114499217
12,15|13|5|5|3|2|2|2|1,9,2732,75806896,silent,75804164
12,15|13|5|5|2|2|2|2|2,9,505,12020608,silent,12020103
12,15|13|5|4|4|4|1|1|1,9,1305,36457050,silent,36455745
12,15|13|5|4|4|3|2|1|1,9,3964,126626307,silent,126622343
12,15|13|5|4|4|2|2|2|1,9,2456,68472381,silent,68469925
12,15|13|5|4|3|3|3|1|1,9,1153,61294313,silent,61293160
12,15|13|5|4|3|3|2|2|1,9,2099,93606972,silent,93604873
12,15|13|5|4|3|2|2|2|2,9,965,32941226,silent,32940261
12,15|13|5|3|3|3|3|2|1,9,220,25706819,silent,25706599
12,15|13|5|3|3|3|2|2|2,9,191,16688152,silent,16687961
12,15|13|4|4|4|4|2|1|1,9,603,19458081,silent,19457478
12,15|13|4|4|4|3|3|1|1,9,450,22909003,silent,22908553
12,15|13|4|4|4|3|2|2|1,9,837,32810013,silent,32809176
12,15|13|4|4|4|2|2|2|2,9,292,9183497,silent,9183205
12,15|13|4|4|3|3|3|2|1,9,215,22299100,silent,22298885
12,15|13|4|4|3|3|2|2|2,9,205,14076084,silent,14075879
12,15|13|4|3|3|3|3|3|1,9,11,4157153,silent,4157142
12,15|13|4|3|3|3|3|2|2,9,12,5550380,silent,5550368
12,15|13|3|3|3|3|3|3|2,9,1,610623,silent,610622
12,15|12|12|4|1|1|1|1|1,9,173,2093983,silent,2093810
12,15|12|12|3|2|1|1|1|1,9,332,3752160,silent,3751828
12,15|12|12|2|2|2|1|1|1,9,170,1603792,silent,1603622
12,15|12|11|5|1|1|1|1|1,9,600,7838350,silent,7837750
12,15|12|11|4|2|1|1|1|1,9,1682,21070071,silent,21068389
12,15|12|11|3|3|1|1|1|1,9,1044,13321592,silent,13320548
12,15|12|11|3|2|2|1|1|1,9,1595,17794950,silent,17793355
12,15|12|11|2|2|2|2|1|1,9,537,4623988,silent,4623451
12,15|12|10|6|1|1|1|1|1,9,1125,15045258,silent,15044133
12,15|12|10|5|2|1|1|1|1,9,4104,55287575,silent,55283471
12,15|12|10|4|3|1|1|1|1,9,4512,65802204,silent,65797692
12,15|12|10|4|2|2|1|1|1,9,5287,70590754,silent,70585467
12,15|12|10|3|3|2|1|1|1,9,3837,56236724,silent,56232887
12,15|12|10|3|2|2|2|1|1,9,2991,36464005,silent,36461014
12,15|12|10|2|2|2|2|2|1,9,683,6115418,silent,6114735
12,15|12|9|7|1|1|1|1|1,9,1161,16515360,silent,16514199
12,15|12|9|6|2|1|1|1|1,9,5703,82892474,silent,82886771
12,15|12|9|5|3|1|1|1|1,9,9329,148093535,silent,148084206
12,15|12|9|5|2|2|1|1|1,9,9993,147902079,silent,147892086
12,15|12|9|4|4|1|1|1|1,9,4773,81819048,silent,81814275
12,15|12|9|4|3|2|1|1|1,9,13344,229460504,silent,229447160
12,15|12|9|4|2|2|2|1|1,9,7802,117094625,silent,117086823
12,15|12|9|3|3|3|1|1|1,9,3186,66355287,silent,66352101
12,15|12|9|3|3|2|2|1|1,9,5547,101777597,silent,101772050
12,15|12|9|3|2|2|2|2|1,9,2731,39392557,silent,39389826
12,15|12|9|2|2|2|2|2|2,9,364,3818132,silent,3817768
12,15|12|8|8|1|1|1|1|1,9,537,7366923,silent,7366386
12,15|12|8|7|2|1|1|1|1,9,4332,65692967,silent,65688635
12,15|12|8|6|3|1|1|1|1,9,10453,178411844,silent,178401391
12,15|12|8|6|2|2|1|1|1,9,10632,172856125,silent,172845493
12,15|12|8|5|4|1|1|1|1,9,10427,190211077,silent,190200650
12,15|12|8|5|3|2|1|1|1,9,22330,421721299,silent,421698969
12,15|12|8|5|2|2|2|1|1,9,11523,198486932,silent,198475409
12,15|12|8|4|4|2|1|1|1,9,12492,257111816,silent,257099324
12,15|12|8|4|3|3|1|1|1,9,10301,242667784,silent,242657483
12,15|12|8|4|3|2|2|1|1,9,16155,346340737,silent,346324582
12,15|12|8|4|2|2|2|2|1,9,5802,104574691,silent,104568889
12,15|12|8|3|3|3|2|1|1,9,4312,130646665,silent,130642353
12,15|12|8|3|3|2|2|2|1,9,3816,95629114,silent,95625298
12,15|12|8|3|2|2|2|2|2,9,1114,20612150,silent,20611036
12,15|12|7|7|3|1|1|1|1,9,4657,82899145,silent,82894488
12,15|12|7|7|2|2|1|1|1,9,4787,79431027,silent,79426240
12,15|12|7|6|4|1|1|1|1,9,9163,179169117,silent,179159954
12,15|12|7|6|3|2|1|1|1,9,18224,369208370,silent,369190146
12,15|12|7|6|2|2|2|1|1,9,9013,168203041,silent,168194028
12,15|12|7|5|5|1|1|1|1,9,5273,103514885,silent,103509612
12,15|12|7|5|4|2|1|1|1,9,21554,471929746,silent,471908192
12,15|12|7|5|3|3|1|1|1,9,14232,360954432,silent,360940200
12,15|12|7|5|3|2|2|1|1,9,21165,500063724,silent,500042559
12,15|12|7|5|2|2|2|2|1,9,6541,138890054,silent,138883513
12,15|12|7|4|4|3|1|1|1,9,10608,285679035,silent,285668427
12,15|12|7|4|4|2|2|1|1,9,12923,328420574,silent,328407651
12,15|12|7|4|3|3|2|1|1,9,11917,393059483,silent,393047566
12,15|12|7|4|3|2|2|2|1,9,9339,265416117,silent,265406778
12,15|12|7|4|2|2|2|2|2,9,1884,44510186,silent,44508302
12,15|12|7|3|3|3|3|1|1,9,1257,72027181,silent,72025924
12,15|12|7|3|3|3|2|2|1,9,2276,112654428,silent,112652152
12,15|12|7|3|3|2|2|2|2,9,1113,42470657,silent,42469544
12,15|12|6|6|5|1|1|1|1,9,3242,68577200,silent,68573958
12,15|12|6|6|4|2|1|1|1,9,10818,253289894,silent,253279076
12,15|12|6|6|3|3|1|1|1,9,6958,183151985,silent,183145027
12,15|12|6|6|3|2|2|1|1,9,10031,250712115,silent,250702084
12,15|12|6|6|2|2|2|2|1,9,3058,67600117,silent,67597059
12,15|12|6|5|5|2|1|1|1,9,8109,189988970,silent,189980861
12,15|12|6|5|4|3|1|1|1,9,13702,384143924,silent,384130222
12,15|12|6|5|4|2|2|1|1,9,15661,429632287,silent,429616626
12,15|12|6|5|3|3|2|1|1,9,12082,419944149,silent,419932067
12,15|12|6|5|3|2|2|2|1,9,8705,274510204,silent,274501499
12,15|12|6|5|2|2|2|2|2,9,1532,42465416,silent,42463884
12,15|12|6|4|4|4|1|1|1,9,3530,109672874,silent,109669344
12,15|12|6|4|4|3|2|1|1,9,10483,372811291,silent,372800808
12,15|12|6|4|4|2|2|2|1,9,6151,199084552,silent,199078401
12,15|12|6|4|3|3|3|1|1,9,3095,173378230,silent,173375135
12,15|12|6|4|3|3|2|2|1,9,5274,263105439,silent,263100165
12,15|12|6|4|3|2|2|2|2,9,2267,91312491,silent,91310224
12,15|12|6|3|3|3|3|2|1,9,557,65923727,silent,65923170
12,15|12|6|3|3|3|2|2|2,9,443,42458083,silent,42457640
