delta,lam,ell,a,m_det,class,margin
8,27|1|1|1|1|1,6,0,-1,a0,
8,26|2|1|1|1|1,6,0,-1,a0,
8,25|3|1|1|1|1,6,0,-1,a0,
8,25|2|2|1|1|1,6,0,-1,a0,
8,24|4|1|1|1|1,6,0,-1,a0,
8,24|3|2|1|1|1,6,0,-1,a0,
8,24|2|2|2|1|1,6,0,-1,a0,
8,23|5|1|1|1|1,6,0,-1,a0,
8,23|4|2|1|1|1,6,0,-1,a0,
8,23|3|3|1|1|1,6,0,-1,a0,
8,23|3|2|2|1|1,6,0,-1,a0,
8,23|2|2|2|2|1,6,0,-1,a0,
8,22|6|1|1|1|1,6,0,-1,a0,
8,22|5|2|1|1|1,6,0,-1,a0,
8,22|4|3|1|1|1,6,0,-1,a0,
8,22|4|2|2|1|1,6,0,-1,a0,
8,22|3|3|2|1|1,6,0,-1,a0,
8,22|3|2|2|2|1,6,0,-1,a0,
8,22|2|2|2|2|2,6,1,13,silent,12
8,21|7|1|1|1|1,6,0,-1,a0,
8,21|6|2|1|1|1,6,0,-1,a0,
8,21|5|3|1|1|1,6,0,-1,a0,
8,21|5|2|2|1|1,6,0,-1,a0,
8,21|4|4|1|1|1,6,0,-1,a0,
8,21|4|3|2|1|1,6,0,-1,a0,
8,21|4|2|2|2|1,6,1,78,silent,77
8,21|3|3|3|1|1,6,0,-1,a0,
8,21|3|3|2|2|1,6,0,-1,a0,
8,21|3|2|2|2|2,6,1,30,silent,29
8,20|8|1|1|1|1,6,0,-1,a0,
8,20|7|2|1|1|1,6,0,-1,a0,
8,20|6|3|1|1|1,6,0,-1,a0,
8,20|6|2|2|1|1,6,0,-1,a0,
8,20|5|4|1|1|1,6,0,-1,a0,
8,20|5|3|2|1|1,6,1,375,silent,374
8,20|5|2|2|2|1,6,2,169,silent,167
8,20|4|4|2|1|1,6,0,-1,a0,
8,20|4|3|3|1|1,6,0,-1,a0,
8,20|4|3|2|2|1,6,1,260,silent,259
8,20|4|2|2|2|2,6,3,105,silent,102
8,20|3|3|3|2|1,6,0,-1,a0,
8,20|3|3|2|2|2,6,0,-1,a0,
8,19|9|1|1|1|1,6,0,-1,a0,
8,19|8|2|1|1|1,6,0,-1,a0,
8,19|7|3|1|1|1,6,0,-1,a0,
8,19|7|2|2|1|1,6,1,252,silent,251
8,19|6|4|1|1|1,6,0,-1,a0,
8,19|6|3|2|1|1,6,2,718,silent,716
8,19|6|2|2|2|1,6,4,319,silent,315
8,19|5|5|1|1|1,6,1,198,silent,197
8,19|5|4|2|1|1,6,2,701,silent,699
8,19|5|3|3|1|1,6,1,575,silent,574
8,19|5|3|2|2|1,6,4,691,silent,687
8,19|5|2|2|2|2,6,3,195,silent,192
8,19|4|4|3|1|1,6,0,-1,a0,
8,19|4|4|2|2|1,6,3,426,silent,423
8,19|4|3|3|2|1,6,0,-1,a0,
8,19|4|3|2|2|2,6,2,270,silent,268
8,19|3|3|3|3|1,6,0,-1,a0,
8,19|3|3|3|2|2,6,0,-1,a0,
8,18|10|1|1|1|1,6,0,-1,a0,
8,18|9|2|1|1|1,6,0,-1,a0,
8,18|8|3|1|1|1,6,1,430,silent,429
8,18|8|2|2|1|1,6,1,326,silent,325
8,18|7|4|1|1|1,6,1,632,silent,631
8,18|7|3|2|1|1,6,5,1196,silent,1191
8,18|7|2|2|2|1,6,6,505,silent,499
8,18|6|5|1|1|1,6,1,531,silent,530
8,18|6|4|2|1|1,6,5,1569,silent,1564
8,18|6|3|3|1|1,6,3,1194,silent,1191
8,18|6|3|2|2|1,6,8,1433,silent,1425
8,18|6|2|2|2|2,6,7,397,silent,390
8,18|5|5|2|1|1,6,5,861,silent,856
8,18|5|4|3|1|1,6,4,1441,silent,1437
8,18|5|4|2|2|1,6,8,1521,silent,1513
8,18|5|3|3|2|1,6,2,1373,silent,1371
8,18|5|3|2|2|2,6,3,718,silent,715
8,18|4|4|4|1|1,6,0,-1,a0,
8,18|4|4|3|2|1,6,2,1016,silent,1014
8,18|4|4|2|2|2,6,5,536,silent,531
8,18|4|3|3|3|1,6,0,-1,a0,
8,18|4|3|3|2|2,6,0,-1,a0,
8,18|3|3|3|3|2,6,0,-1,a0,
8,17|11|1|1|1|1,6,0,-1,a0,
8,17|10|2|1|1|1,6,0,-1,a0,
8,17|9|3|1|1|1,6,1,516,silent,515
8,17|9|2|2|1|1,6,3,419,silent,416
8,17|8|4|1|1|1,6,2,900,silent,898
8,17|8|3|2|1|1,6,8,1664,silent,1656
8,17|8|2|2|2|1,6,8,696,silent,688
8,17|7|5|1|1|1,6,4,1055,silent,1051
8,17|7|4|2|1|1,6,13,2884,silent,2871
8,17|7|3|3|1|1,6,5,1995,silent,1990
8,17|7|3|2|2|1,6,14,2411,silent,2397
8,17|7|2|2|2|2,6,7,573,silent,566
8,17|6|6|1|1|1,6,0,-1,a0,
8,17|6|5|2|1|1,6,10,2506,silent,2496
8,17|6|4|3|1|1,6,9,3442,silent,3433
8,17|6|4|2|2|1,6,19,3596,silent,3577
8,17|6|3|3|2|1,6,5,2989,silent,2984
8,17|6|3|2|2|2,6,8,1573,silent,1565
8,17|5|5|3|1|1,6,8,1947,silent,1939
8,17|5|5|2|2|1,6,6,1763,silent,1757
8,17|5|4|4|1|1,6,5,1390,silent,1385
8,17|5|4|3|2|1,6,10,4075,silent,4065
8,17|5|4|2|2|2,6,7,1732,silent,1725
8,17|5|3|3|3|1,6,0,-1,a0,
8,17|5|3|3|2|2,6,1,1536,silent,1535
8,17|4|4|4|2|1,6,4,1031,silent,1027
8,17|4|4|3|3|1,6,0,-1,a0,
8,17|4|4|3|2|2,6,3,1282,silent,1279
8,17|4|3|3|3|2,6,0,-1,a0,
8,17|3|3|3|3|3,6,0,-1,a0,
8,16|12|1|1|1|1,6,0,-1,a0,
8,16|11|2|1|1|1,6,0,-1,a0,
8,16|10|3|1|1|1,6,2,536,silent,534
8,16|10|2|2|1|1,6,2,413,silent,411
8,16|9|4|1|1|1,6,4,1114,silent,1110
8,16|9|3|2|1|1,6,11,2009,silent,1998
8,16|9|2|2|2|1,6,10,824,silent,814
8,16|8|5|1|1|1,6,7,1564,silent,1557
8,16|8|4|2|1|1,6,18,4119,silent,4101
8,16|8|3|3|1|1,6,11,2835,silent,2824
8,16|8|3|2|2|1,6,19,3402,silent,3383
8,16|8|2|2|2|2,6,11,826,silent,815
8,16|7|6|1|1|1,6,4,1173,silent,1169
8,16|7|5|2|1|1,6,23,5015,silent,4992
8,16|7|4|3|1|1,6,20,6295,silent,6275
8,16|7|4|2|2|1,6,30,6390,silent,6360
8,16|7|3|3|2|1,6,10,5170,silent,5160
8,16|7|3|2|2|2,6,11,2619,silent,2608
8,16|6|6|2|1|1,6,5,2169,silent,2164
8,16|6|5|3|1|1,6,18,6015,silent,5997
8,16|6|5|2|2|1,6,22,5622,silent,5600
8,16|6|4|4|1|1,6,9,3523,silent,3514
8,16|6|4|3|2|1,6,23,9966,silent,9943
8,16|6|4|2|2|2,6,19,4226,silent,4207
8,16|6|3|3|3|1,6,1,3051,silent,3050
8,16|6|3|3|2|2,6,2,3422,silent,3420
8,16|5|5|4|1|1,6,10,2583,silent,2573
8,16|5|5|3|2|1,6,11,5447,silent,5436
8,16|5|5|2|2|2,6,2,1911,silent,1909
8,16|5|4|4|2|1,6,13,4610,silent,4597
8,16|5|4|3|3|1,6,4,4458,silent,4454
8,16|5|4|3|2|2,6,7,5051,silent,5044
8,16|5|3|3|3|2,6,0,-1,a0,
8,16|4|4|4|3|1,6,2,1384,silent,1382
8,16|4|4|4|2|2,6,6,1517,silent,1511
8,16|4|4|3|3|2,6,0,-1,a0,
8,16|4|3|3|3|3,6,0,-1,a0,
8,15|13|1|1|1|1,6,0,-1,a0,
8,15|12|2|1|1|1,6,0,-1,a0,
8,15|11|3|1|1|1,6,1,476,silent,475
8,15|11|2|2|1|1,6,4,397,silent,393
8,15|10|4|1|1|1,6,4,1137,silent,1133
8,15|10|3|2|1|1,6,12,2038,silent,2026
8,15|10|2|2|2|1,6,10,834,silent,824
8,15|9|5|1|1|1,6,9,1941,silent,1932
8,15|9|4|2|1|1,6,26,5035,silent,5009
8,15|9|3|3|1|1,6,10,3308,silent,3298
8,15|9|3|2|2|1,6,24,4010,silent,3986
8,15|9|2|2|2|2,6,8,878,silent,870
8,15|8|6|1|1|1,6,6,1908,silent,1902
8,15|8|5|2|1|1,6,33,7442,silent,7409
8,15|8|4|3|1|1,6,29,9032,silent,9003
8,15|8|4|2|2|1,6,42,9140,silent,9098
8,15|8|3|3|2|1,6,16,7249,silent,7233
8,15|8|3|2|2|2,6,15,3674,silent,3659
8,15|7|7|1|1|1,6,5,901,silent,896
8,15|7|6|2|1|1,6,23,5836,silent,5813
8,15|7|5|3|1|1,6,36,11946,silent,11910
8,15|7|5|2|2|1,6,38,10985,silent,10947
8,15|7|4|4|1|1,6,22,6701,silent,6679
8,15|7|4|3|2|1,6,40,17913,silent,17873
8,15|7|4|2|2|2,6,22,7174,silent,7152
8,15|7|3|3|3|1,6,2,5237,silent,5235
8,15|7|3|3|2|2,6,6,5997,silent,5991
8,15|6|6|3|1|1,6,11,5531,silent,5520
8,15|6|6|2|2|1,6,19,5214,silent,5195
8,15|6|5|4|1|1,6,21,8274,silent,8253
8,15|6|5|3|2|1,6,34,17386,silent,17352
8,15|6|5|2|2|2,6,16,6382,silent,6366
8,15|6|4|4|2|1,6,29,11787,silent,11758
8,15|6|4|3|3|1,6,8,10956,silent,10948
8,15|6|4|3|2|2,6,17,12370,silent,12353
8,15|6|3|3|3|2,6,0,-1,a0,
8,15|5|5|5|1|1,6,5,1798,silent,1793
8,15|5|5|4|2|1,6,13,8022,silent,8009
8,15|5|5|3|3|1,6,7,6386,silent,6379
8,15|5|5|3|2|2,6,5,6655,silent,6650
8,15|5|4|4|3|1,6,11,6584,silent,6573
8,15|5|4|4|2|2,6,10,6159,silent,6149
8,15|5|4|3|3|2,6,2,7231,silent,7229
8,15|5|3|3|3|3,6,0,-1,a0,
8,15|4|4|4|4|1,6,4,934,silent,930
8,15|4|4|4|3|2,6,3,2487,silent,2484
8,15|4|4|3|3|3,6,0,-1,a0,
8,14|14|1|1|1|1,6,0,-1,a0,
8,14|13|2|1|1|1,6,0,-1,a0,
8,14|12|3|1|1|1,6,2,331,silent,329
8,14|12|2|2|1|1,6,1,248,silent,247
8,14|11|4|1|1|1,6,4,953,silent,949
8,14|11|3|2|1|1,6,11,1695,silent,1684
8,14|11|2|2|2|1,6,8,684,silent,676
8,14|10|5|1|1|1,6,9,1900,silent,1891
8,14|10|4|2|1|1,6,23,4842,silent,4819
8,14|10|3|3|1|1,6,14,3241,silent,3227
8,14|10|3|2|2|1,6,22,3885,silent,3863
8,14|10|2|2|2|2,6,11,902,silent,891
8,14|9|6|1|1|1,6,10,2409,silent,2399
8,14|9|5|2|1|1,6,41,8847,silent,8806
8,14|9|4|3|1|1,6,35,10484,silent,10449
8,14|9|4|2|2|1,6,46,10493,silent,10447
8,14|9|3|3|2|1,6,18,8264,silent,8246
8,14|9|3|2|2|2,6,15,4120,silent,4105
8,14|8|7|1|1|1,6,9,1778,silent,1769
8,14|8|6|2|1|1,6,32,9229,silent,9197
8,14|8|5|3|1|1,6,54,17374,silent,17320
8,14|8|5|2|2|1,6,54,16002,silent,15948
8,14|8|4|4|1|1,6,23,9365,silent,9342
8,14|8|4|3|2|1,6,55,24981,silent,24926
8,14|8|4|2|2|2,6,33,10077,silent,10044
8,14|8|3|3|3|1,6,5,7127,silent,7122
8,14|8|3|3|2|2,6,6,8110,silent,8104
8,14|7|7|2|1|1,6,19,4265,silent,4246
8,14|7|6|3|1|1,6,36,14247,silent,14211
8,14|7|6|2|2|1,6,39,12876,silent,12837
8,14|7|5|4|1|1,6,43,16470,silent,16427
8,14|7|5|3|2|1,6,61,33629,silent,33568
8,14|7|5|2|2|2,6,22,11993,silent,11971
8,14|7|4|4|2|1,6,44,21101,silent,21057
8,14|7|4|3|3|1,6,17,19415,silent,19398
8,14|7|4|3|2|2,6,25,21545,silent,21520
8,14|7|3|3|3|2,6,1,7936,silent,7935
8,14|6|6|4|1|1,6,13,8226,silent,8213
8,14|6|6|3|2|1,6,28,16356,silent,16328
8,14|6|6|2|2|2,6,19,6059,silent,6040
8,14|6|5|5|1|1,6,13,6230,silent,6217
8,14|6|5|4|2|1,6,43,26306,silent,26263
8,14|6|5|3|3|1,6,16,19870,silent,19854
8,14|6|5|3|2|2,6,19,21175,silent,21156
8,14|6|4|4|3|1,6,20,16634,silent,16614
8,14|6|4|4|2|2,6,26,15540,silent,15514
8,14|6|4|3|3|2,6,4,17402,silent,17398
8,14|6|3|3|3|3,6,0,-1,a0,
8,14|5|5|5|2|1,6,5,5611,silent,5606
8,14|5|5|4|3|1,6,13,12030,silent,12017
8,14|5|5|4|2|2,6,5,10155,silent,10150
8,14|5|5|3|3|2,6,5,10298,silent,10293
8,14|5|4|4|4|1,6,8,4296,silent,4288
8,14|5|4|4|3|2,6,8,11228,silent,11220
8,14|5|4|3|3|3,6,0,-1,a0,
8,14|4|4|4|4|2,6,6,1875,silent,1869
8,14|4|4|4|3|3,6,0,-1,a0,
8,13|13|3|1|1|1,6,0,-1,a0,
8,13|13|2|2|1|1,6,2,113,silent,111
8,13|12|4|1|1|1,6,3,543,silent,540
8,13|12|3|2|1|1,6,6,960,silent,954
8,13|12|2|2|2|1,6,5,392,silent,387
8,13|11|5|1|1|1,6,7,1427,silent,1420
8,13|11|4|2|1|1,6,21,3660,silent,3639
8,13|11|3|3|1|1,6,7,2332,silent,2325
8,13|11|3|2|2|1,6,17,2844,silent,2827
8,13|11|2|2|2|2,6,4,587,silent,583
8,13|10|6|1|1|1,6,9,2229,silent,2220
8,13|10|5|2|1|1,6,36,8017,silent,7981
8,13|10|4|3|1|1,6,31,9411,silent,9380
8,13|10|4|2|2|1,6,41,9422,silent,9381
8,13|10|3|3|2|1,6,16,7368,silent,7352
8,13|10|3|2|2|2,6,14,3684,silent,3670
8,13|9|7|1|1|1,6,11,2321,silent,2310
8,13|9|6|2|1|1,6,43,10907,silent,10864
8,13|9|5|3|1|1,6,56,19315,silent,19259
8,13|9|5|2|2|1,6,57,17680,silent,17623
8,13|9|4|4|1|1,6,33,10435,silent,10402
8,13|9|4|3|2|1,6,57,27051,silent,26994
8,13|9|4|2|2|2,6,26,10576,silent,10550
8,13|9|3|3|3|1,6,4,7603,silent,7599
8,13|9|3|3|2|2,6,10,8797,silent,8787
8,13|8|8|1|1|1,6,3,918,silent,915
8,13|8|7|2|1|1,6,31,8225,silent,8194
8,13|8|6|3|1|1,6,53,21704,silent,21651
8,13|8|6|2|2|1,6,57,19613,silent,19556
8,13|8|5|4|1|1,6,55,22991,silent,22936
8,13|8|5|3|2|1,6,82,46630,silent,46548
8,13|8|5|2|2|2,6,32,16697,silent,16665
8,13|8|4|4|2|1,6,55,28296,silent,28241
8,13|8|4|3|3|1,6,22,25724,silent,25702
8,13|8|4|3|2|2,6,32,28520,silent,28488
8,13|8|3|3|3|2,6,1,10230,silent,10229
8,13|7|7|3|1|1,6,27,10055,silent,10028
8,13|7|7|2|2|1,6,20,8664,silent,8644
8,13|7|6|4|1|1,6,44,20897,silent,20853
8,13|7|6|3|2|1,6,62,39476,silent,39414
8,13|7|6|2|2|2,6,23,13681,silent,13658
8,13|7|5|5|1|1,6,22,12205,silent,12183
8,13|7|5|4|2|1,6,72,49771,silent,49699
8,13|7|5|3|3|1,6,31,37020,silent,36989
8,13|7|5|3|2|2,6,33,39165,silent,39132
8,13|7|4|4|3|1,6,34,28873,silent,28839
8,13|7|4|4|2|2,6,27,26022,silent,25995
8,13|7|4|3|3|2,6,10,29639,silent,29629
8,13|7|3|3|3|3,6,0,-1,a0,
8,13|6|6|5|1|1,6,10,7698,silent,7688
8,13|6|6|4|2|1,6,38,26333,silent,26295
8,13|6|6|3|3|1,6,11,18202,silent,18191
8,13|6|6|3|2|2,6,20,19635,silent,19615
8,13|6|5|5|2|1,6,19,19473,silent,19454
8,13|6|5|4|3|1,6,33,37989,silent,37956
8,13|6|5|4|2|2,6,27,32831,silent,32804
8,13|6|5|3|3|2,6,9,30901,silent,30892
8,13|6|4|4|4|1,6,17,10737,silent,10720
8,13|6|4|4|3|2,6,17,27405,silent,27388
8,13|6|4|3|3|3,6,0,-1,a0,
8,13|5|5|5|3|1,6,6,9051,silent,9045
8,13|5|5|5|2|2,6,1,6976,silent,6975
8,13|5|5|4|4|1,6,6,8151,silent,8145
8,13|5|5|4|3|2,6,8,19738,silent,19730
8,13|5|5|3|3|3,6,1,7055,silent,7054
8,13|5|4|4|4|2,6,8,7913,silent,7905
8,13|5|4|4|3|3,6,2,8014,silent,8012
8,13|4|4|4|4|3,6,3,1651,silent,1648
8,12|12|5|1|1|1,6,3,517,silent,514
8,12|12|4|2|1|1,6,5,1282,silent,1277
8,12|12|3|3|1|1,6,6,897,silent,891
8,12|12|3|2|2|1,6,5,1047,silent,1042
8,12|12|2|2|2|2,6,5,274,silent,269
8,12|11|6|1|1|1,6,6,1370,silent,1364
8,12|11|5|2|1|1,6,22,4833,silent,4811
8,12|11|4|3|1|1,6,19,5629,silent,5610
8,12|11|4|2|2|1,6,24,5606,silent,5582
8,12|11|3|3|2|1,6,10,4378,silent,4368
8,12|11|3|2|2|2,6,7,2169,silent,2162
8,12|10|7|1|1|1,6,9,1931,silent,1922
8,12|10|6|2|1|1,6,30,8745,silent,8715
8,12|10|5|3|1|1,6,46,15369,silent,15323
8,12|10|5|2|2|1,6,45,14084,silent,14039
8,12|10|4|4|1|1,6,18,8082,silent,8064
8,12|10|4|3|2|1,6,44,21257,silent,21213
8,12|10|4|2|2|2,6,26,8497,silent,8471
8,12|10|3|3|3|1,6,5,5949,silent,5944
8,12|10|3|3|2|2,6,4,6757,silent,6753
8,12|9|8|1|1|1,6,6,1454,silent,1448
8,12|9|7|2|1|1,6,36,9595,silent,9559
8,12|9|6|3|1|1,6,56,22987,silent,22931
8,12|9|6|2|2|1,6,55,20533,silent,20478
8,12|9|5|4|1|1,6,55,23382,silent,23327
8,12|9|5|3|2|1,6,79,46930,silent,46851
8,12|9|5|2|2|2,6,27,16600,silent,16573
8,12|9|4|4|2|1,6,51,27965,silent,27914
8,12|9|4|3|3|1,6,22,25350,silent,25328
8,12|9|4|3|2|2,6,29,27929,silent,27900
8,12|9|3|3|3|2,6,2,9971,silent,9969
8,12|8|8|2|1|1,6,11,4037,silent,4026
8,12|8|7|3|1|1,6,46,18229,silent,18183
8,12|8|7|2|2|1,6,37,15983,silent,15946
8,12|8|6|4|1|1,6,52,29640,silent,29588
8,12|8|6|3|2|1,6,85,55794,silent,55709
8,12|8|6|2|2|2,6,37,19529,silent,19492
8,12|8|5|5|1|1,6,33,16228,silent,16195
8,12|8|5|4|2|1,6,89,64677,silent,64588
8,12|8|5|3|3|1,6,39,47487,silent,47448
8,12|8|5|3|2|2,6,39,50277,silent,50238
8,12|8|4|4|3|1,6,34,35822,silent,35788
8,12|8|4|4|2|2,6,40,32568,silent,32528
8,12|8|4|3|3|2,6,10,36207,silent,36197
8,12|8|3|3|3|3,6,0,-1,a0,
8,12|7|7|4|1|1,6,32,14479,silent,14447
8,12|7|7|3|2|1,6,35,25736,silent,25701
8,12|7|7|2|2|2,6,6,8396,silent,8390
8,12|7|6|5|1|1,6,28,18894,silent,18866
8,12|7|6|4|2|1,6,75,60724,silent,60649
8,12|7|6|3|3|1,6,30,41701,silent,41671
8,12|7|6|3|2|2,6,34,43844,silent,43810
8,12|7|5|5|2|1,6,34,36166,silent,36132
8,12|7|5|4|3|1,6,56,67821,silent,67765
8,12|7|5|4|2|2,6,37,57905,silent,57868
8,12|7|5|3|3|2,6,18,54050,silent,54032
8,12|7|4|4|4|1,6,21,17483,silent,17462
8,12|7|4|4|3|2,6,23,44242,silent,44219
8,12|7|4|3|3|3,6,1,18325,silent,18324
8,12|6|6|6|1|1,6,2,3443,silent,3441
8,12|6|6|5|2|1,6,23,24047,silent,24024
8,12|6|6|4|3|1,6,25,36527,silent,36502
8,12|6|6|4|2|2,6,31,31869,silent,31838
8,12|6|6|3|3|2,6,5,27001,silent,26996
8,12|6|5|5|3|1,6,16,29676,silent,29660
8,12|6|5|5|2|2,6,7,23245,silent,23238
8,12|6|5|4|4|1,6,20,25243,silent,25223
8,12|6|5|4|3|2,6,23,59435,silent,59412
8,12|6|5|3|3|3,6,2,19931,silent,19929
8,12|6|4|4|4|2,6,19,18844,silent,18825
8,12|6|4|4|3|3,6,2,18488,silent,18486
8,12|5|5|5|4|1,6,3,7632,silent,7629
8,12|5|5|5|3|2,6,4,14443,silent,14439
8,12|5|5|4|4|2,6,3,14143,silent,14140
8,12|5|5|4|3|3,6,4,14242,silent,14238
8,12|5|4|4|4|3,6,4,7123,silent,7119
8,12|4|4|4|4|4,6,4,804,silent,800
8,11|11|7|1|1|1,6,3,787,silent,784
8,11|11|6|2|1|1,6,16,3509,silent,3493
8,11|11|5|3|1|1,6,15,5886,silent,5871
8,11|11|5|2|2|1,6,16,5367,silent,5351
8,11|11|4|4|1|1,6,13,3227,silent,3214
8,11|11|4|3|2|1,6,17,8094,silent,8077
8,11|11|4|2|2|2,6,4,3034,silent,3030
8,11|11|3|3|3|1,6,0,-1,a0,
8,11|11|3|3|2|2,6,5,2664,silent,2659
8,11|10|8|1|1|1,6,4,1050,silent,1046
8,11|10|7|2|1|1,6,22,6422,silent,6400
8,11|10|6|3|1|1,6,35,14881,silent,14846
8,11|10|6|2|2|1,6,35,13316,silent,13281
8,11|10|5|4|1|1,6,33,14863,silent,14830
8,11|10|5|3|2|1,6,49,29794,silent,29745
8,11|10|5|2|2|2,6,18,10576,silent,10558
8,11|10|4|4|2|1,6,31,17609,silent,17578
8,11|10|4|3|3|1,6,13,15889,silent,15876
8,11|10|4|3|2|2,6,18,17524,silent,17506
8,11|10|3|3|3|2,6,1,6194,silent,6193
8,11|9|9|1|1|1,6,3,548,silent,545
8,11|9|8|2|1|1,6,18,5374,silent,5356
8,11|9|7|3|1|1,6,41,18203,silent,18162
8,11|9|7|2|2|1,6,35,15773,silent,15738
8,11|9|6|4|1|1,6,55,27384,silent,27329
8,11|9|6|3|2|1,6,72,50525,silent,50453
8,11|9|6|2|2|2,6,22,17170,silent,17148
8,11|9|5|5|1|1,6,22,14232,silent,14210
8,11|9|5|4|2|1,6,73,56429,silent,56356
8,11|9|5|3|3|1,6,32,41258,silent,41226
8,11|9|5|3|2|2,6,35,43589,silent,43554
8,11|9|4|4|3|1,6,33,30735,silent,30702
8,11|9|4|4|2|2,6,21,27245,silent,27224
8,11|9|4|3|3|2,6,11,30924,silent,30913
8,11|9|3|3|3|3,6,0,-1,a0,
8,11|8|8|3|1|1,6,17,8211,silent,8194
8,11|8|8|2|2|1,6,17,7312,silent,7295
8,11|8|7|4|1|1,6,43,23579,silent,23536
8,11|8|7|3|2|1,6,57,42125,silent,42068
8,11|8|7|2|2|2,6,17,14116,silent,14099
8,11|8|6|5|1|1,6,35,24599,silent,24564
8,11|8|6|4|2|1,6,91,77548,silent,77457
8,11|8|6|3|3|1,6,36,52612,silent,52576
8,11|8|6|3|2|2,6,41,55356,silent,55315
8,11|8|5|5|2|1,6,39,42960,silent,42921
8,11|8|5|4|3|1,6,60,78849,silent,78789
8,11|8|5|4|2|2,6,44,67452,silent,67408
8,11|8|5|3|3|2,6,19,61924,silent,61905
8,11|8|4|4|4|1,6,21,19600,silent,19579
8,11|8|4|4|3|2,6,24,49228,silent,49204
8,11|8|4|3|3|3,6,1,20094,silent,20093
8,11|7|7|5|1|1,6,19,13088,silent,13069
8,11|7|7|4|2|1,6,38,37737,silent,37699
8,11|7|7|3|3|1,6,19,25320,silent,25301
8,11|7|7|3|2|2,6,15,25862,silent,25847
8,11|7|6|6|1|1,6,12,8774,silent,8762
8,11|7|6|5|2|1,6,46,52922,silent,52876
8,11|7|6|4|3|1,6,53,77681,silent,77628
8,11|7|6|4|2|2,6,38,65602,silent,65564
8,11|7|6|3|3|2,6,18,56501,silent,56483
8,11|7|5|5|3|1,6,26,50452,silent,50426
8,11|7|5|5|2|2,6,17,39700,silent,39683
8,11|7|5|4|4|1,6,28,41499,silent,41471
8,11|7|5|4|3|2,6,34,96674,silent,96640
8,11|7|5|3|3|3,6,3,31805,silent,31802
8,11|7|4|4|4|2,6,16,27603,silent,27587
8,11|7|4|4|3|3,6,7,27819,silent,27812
8,11|6|6|6|2|1,6,9,10679,silent,10670
8,11|6|6|5|3|1,6,17,34352,silent,34335
8,11|6|6|5|2|2,6,15,27391,silent,27376
8,11|6|6|4|4|1,6,18,23781,silent,23763
8,11|6|6|4|3|2,6,19,53558,silent,53539
8,11|6|6|3|3|3,6,0,-1,a0,
8,11|6|5|5|4|1,6,8,23849,silent,23841
8,11|6|5|5|3|2,6,9,44038,silent,44029
8,11|6|5|4|4|2,6,17,41014,silent,40997
8,11|6|5|4|3|3,6,6,39183,silent,39177
8,11|6|4|4|4|3,6,8,15671,silent,15663
8,11|5|5|5|5|1,6,1,3011,silent,3010
8,11|5|5|5|4|2,6,1,12691,silent,12690
8,11|5|5|5|3|3,6,2,10290,silent,10288
8,11|5|5|4|4|3,6,3,12482,silent,12479
8,11|5|4|4|4|4,6,2,2845,silent,2843
8,10|10|9|1|1|1,6,0,-1,a0,
8,10|10|8|2|1|1,6,5,2317,silent,2312
8,10|10|7|3|1|1,6,18,7578,silent,7560
8,10|10|7|2|2|1,6,15,6654,silent,6639
8,10|10|6|4|1|1,6,15,10909,silent,10894
8,10|10|6|3|2|1,6,29,20509,silent,20480
8,10|10|6|2|2|2,6,16,7256,silent,7240
8,10|10|5|5|1|1,6,13,5809,silent,5796
8,10|10|5|4|2|1,6,30,22583,silent,22553
8,10|10|5|3|3|1,6,13,16433,silent,16420
8,10|10|5|3|2|2,6,11,17344,silent,17333
8,10|10|4|4|3|1,6,9,12077,silent,12068
8,10|10|4|4|2|2,6,16,11149,silent,11133
8,10|10|4|3|3|2,6,2,12041,silent,12039
8,10|10|3|3|3|3,6,1,2044,silent,2043
8,10|9|9|2|1|1,6,6,1502,silent,1496
8,10|9|8|3|1|1,6,17,8212,silent,8195
8,10|9|8|2|2|1,6,15,7127,silent,7112
8,10|9|7|4|1|1,6,34,18431,silent,18397
8,10|9|7|3|2|1,6,41,32531,silent,32490
8,10|9|7|2|2|2,6,10,10731,silent,10721
8,10|9|6|5|1|1,6,25,17807,silent,17782
8,10|9|6|4|2|1,6,61,55273,silent,55212
8,10|9|6|3|3|1,6,26,37421,silent,37395
8,10|9|6|3|2|2,6,27,39105,silent,39078
8,10|9|5|5|2|1,6,27,29792,silent,29765
8,10|9|5|4|3|1,6,39,54117,silent,54078
8,10|9|5|4|2|2,6,27,46069,silent,46042
8,10|9|5|3|3|2,6,14,42286,silent,42272
8,10|9|4|4|4|1,6,13,13188,silent,13175
8,10|9|4|4|3|2,6,15,33022,silent,33007
8,10|9|4|3|3|3,6,1,13463,silent,13462
8,10|8|8|4|1|1,6,11,9069,silent,9058
8,10|8|8|3|2|1,6,21,16305,silent,16284
8,10|8|8|2|2|2,6,11,5685,silent,5674
8,10|8|7|5|1|1,6,29,18426,silent,18397
8,10|8|7|4|2|1,6,53,52614,silent,52561
8,10|8|7|3|3|1,6,25,34661,silent,34636
8,10|8|7|3|2|2,6,21,35840,silent,35819
8,10|8|6|6|1|1,6,7,9908,silent,9901
8,10|8|6|5|2|1,6,49,58394,silent,58345
8,10|8|6|4|3|1,6,52,83886,silent,83834
8,10|8|6|4|2|2,6,49,71404,silent,71355
8,10|8|6|3|3|2,6,14,60047,silent,60033
8,10|8|5|5|3|1,6,29,50939,silent,50910
8,10|8|5|5|2|2,6,11,39800,silent,39789
8,10|8|5|4|4|1,6,27,41297,silent,41270
8,10|8|5|4|3|2,6,32,95439,silent,95407
8,10|8|5|3|3|3,6,4,30955,silent,30951
8,10|8|4|4|4|2,6,20,26611,silent,26591
8,10|8|4|4|3|3,6,2,26078,silent,26076
8,10|7|7|6|1|1,6,10,7044,silent,7034
8,10|7|7|5|2|1,6,24,31870,silent,31846
8,10|7|7|4|3|1,6,28,43193,silent,43165
8,10|7|7|4|2|2,6,11,35417,silent,35406
8,10|7|7|3|3|2,6,11,30220,silent,30209
8,10|7|6|6|2|1,6,17,22583,silent,22566
8,10|7|6|5|3|1,6,32,66897,silent,66865
8,10|7|6|5|2|2,6,22,52368,silent,52346
8,10|7|6|4|4|1,6,26,44426,silent,44400
8,10|7|6|4|3|2,6,31,99304,silent,99273
8,10|7|6|3|3|3,6,3,29762,silent,29759
8,10|7|5|5|4|1,6,13,36160,silent,36147
8,10|7|5|5|3|2,6,15,66059,silent,66044
8,10|7|5|4|4|2,6,18,59171,silent,59153
8,10|7|5|4|3|3,6,10,56434,silent,56424
8,10|7|4|4|4|3,6,9,20627,silent,20618
8,10|6|6|6|3|1,6,6,14258,silent,14252
8,10|6|6|6|2|2,6,10,11463,silent,11453
8,10|6|6|5|4|1,6,10,26240,silent,26230
8,10|6|6|5|3|2,6,10,46494,silent,46484
8,10|6|6|4|4|2,6,18,35356,silent,35338
8,10|6|6|4|3|3,6,2,31669,silent,31667
8,10|6|5|5|5|1,6,1,8678,silent,8677
8,10|6|5|5|4|2,6,4,35739,silent,35735
8,10|6|5|5|3|3,6,4,28052,silent,28048
8,10|6|5|4|4|3,6,7,32280,silent,32273
8,10|6|4|4|4|4,6,7,5849,silent,5842
8,10|5|5|5|5|2,6,1,4851,silent,4850
8,10|5|5|5|4|3,6,1,10745,silent,10744
8,10|5|5|4|4|4,6,0,-1,a0,
8,9|9|9|3|1|1,6,3,1375,silent,1372
8,9|9|9|2|2|1,6,1,1108,silent,1107
8,9|9|8|4|1|1,6,11,5560,silent,5549
8,9|9|8|3|2|1,6,11,9508,silent,9497
8,9|9|8|2|2|2,6,1,3016,silent,3015
8,9|9|7|5|1|1,6,10,8774,silent,8764
8,9|9|7|4|2|1,6,23,24715,silent,24692
8,9|9|7|3|3|1,6,11,16323,silent,16312
8,9|9|7|3|2|2,6,10,16685,silent,16675
8,9|9|6|6|1|1,6,8,4644,silent,4636
8,9|9|6|5|2|1,6,20,25731,silent,25711
8,9|9|6|4|3|1,6,25,36839,silent,36814
8,9|9|6|4|2|2,6,11,30545,silent,30534
8,9|9|6|3|3|2,6,10,26408,silent,26398
8,9|9|5|5|3|1,6,10,21680,silent,21670
8,9|9|5|5|2|2,6,10,17208,silent,17198
8,9|9|5|4|4|1,6,10,17469,silent,17459
8,9|9|5|4|3|2,6,13,40305,silent,40292
8,9|9|5|3|3|3,6,1,13016,silent,13015
8,9|9|4|4|4|2,6,2,10727,silent,10725
8,9|9|4|4|3|3,6,4,11095,silent,11091
8,9|8|8|5|1|1,6,7,5665,silent,5658
8,9|8|8|4|2|1,6,16,15845,silent,15829
8,9|8|8|3|3|1,6,6,10165,silent,10159
8,9|8|8|3|2|2,6,7,10668,silent,10661
8,9|8|7|6|1|1,6,9,7706,silent,7697
8,9|8|7|5|2|1,6,26,34291,silent,34265
8,9|8|7|4|3|1,6,27,45489,silent,45462
8,9|8|7|4|2|2,6,18,37850,silent,37832
8,9|8|7|3|3|2,6,9,31324,silent,31315
8,9|8|6|6|2|1,6,15,19825,silent,19810
8,9|8|6|5|3|1,6,26,56516,silent,56490
8,9|8|6|5|2|2,6,18,44247,silent,44229
8,9|8|6|4|4|1,6,21,37080,silent,37059
8,9|8|6|4|3|2,6,25,82290,silent,82265
8,9|8|6|3|3|3,6,2,24317,silent,24315
8,9|8|5|5|4|1,6,10,28235,silent,28225
8,9|8|5|5|3|2,6,11,51227,silent,51216
8,9|8|5|4|4|2,6,15,45448,silent,45433
8,9|8|5|4|3|3,6,7,42848,silent,42841
8,9|8|4|4|4|3,6,5,15211,silent,15206
8,9|7|7|7|1|1,6,1,1708,silent,1707
8,9|7|7|6|2|1,6,9,14568,silent,14559
8,9|7|7|5|3|1,6,15,33910,silent,33895
8,9|7|7|5|2|2,6,9,25946,silent,25937
8,9|7|7|4|4|1,6,9,20767,silent,20758
8,9|7|7|4|3|2,6,12,45673,silent,45661
8,9|7|7|3|3|3,6,2,13407,silent,13405
8,9|7|6|6|3|1,6,12,25272,silent,25260
8,9|7|6|6|2|2,6,6,19178,silent,19172
8,9|7|6|5|4|1,6,15,42520,silent,42505
8,9|7|6|5|3|2,6,17,74712,silent,74695
8,9|7|6|4|4|2,6,14,53887,silent,53873
8,9|7|6|4|3|3,6,8,49523,silent,49515
8,9|7|5|5|5|1,6,2,11168,silent,11166
8,9|7|5|5|4|2,6,8,45292,silent,45284
8,9|7|5|5|3|3,6,3,34790,silent,34787
8,9|7|5|4|4|3,6,8,38986,silent,38978
8,9|7|4|4|4|4,6,2,6165,silent,6163
8,9|6|6|6|4|1,6,5,10509,silent,10504
8,9|6|6|6|3|2,6,5,17147,silent,17142
8,9|6|6|5|5|1,6,1,8942,silent,8941
8,9|6|6|5|4|2,6,7,34497,silent,34490
8,9|6|6|5|3|3,6,2,25406,silent,25404
8,9|6|6|4|4|3,6,6,24108,silent,24102
8,9|6|5|5|5|2,6,0,-1,a0,
8,9|6|5|5|4|3,6,2,26130,silent,26128
8,9|6|5|4|4|4,6,3,10510,silent,10507
8,9|5|5|5|5|3,6,0,-1,a0,
8,9|5|5|5|4|4,6,0,-1,a0,
8,8|8|8|6|1|1,6,0,-1,a0,
8,8|8|8|5|2|1,6,5,6260,silent,6255
8,8|8|8|4|3|1,6,3,7936,silent,7933
8,8|8|8|4|2|2,6,7,6972,silent,6965
8,8|8|8|3|3|2,6,0,-1,a0,
8,8|8|7|7|1|1,6,4,1206,silent,1202
8,8|8|7|6|2|1,6,6,9422,silent,9416
8,8|8|7|5|3|1,6,12,21139,silent,21127
8,8|8|7|5|2|2,6,4,16280,silent,16276
8,8|8|7|4|4|1,6,6,12919,silent,12913
8,8|8|7|4|3|2,6,8,28131,silent,28123
8,8|8|7|3|3|3,6,1,8028,silent,8027
8,8|8|6|6|3|1,6,4,12987,silent,12983
8,8|8|6|6|2|2,6,9,10306,silent,10297
8,8|8|6|5|4|1,6,8,21438,silent,21430
8,8|8|6|5|3|2,6,7,37370,silent,37363
8,8|8|6|4|4|2,6,13,27214,silent,27201
8,8|8|6|4|3|3,6,1,24098,silent,24097
8,8|8|5|5|5|1,6,1,5255,silent,5254
8,8|8|5|5|4|2,6,1,20998,silent,20997
8,8|8|5|5|3|3,6,4,16345,silent,16341
8,8|8|5|4|4|3,6,4,17993,silent,17989
8,8|8|4|4|4|4,6,5,2967,silent,2962
8,8|7|7|7|2|1,6,1,2633,silent,2632
8,8|7|7|6|3|1,6,5,12288,silent,12283
8,8|7|7|6|2|2,6,1,8960,silent,8959
8,8|7|7|5|4|1,6,5,16305,silent,16300
8,8|7|7|5|3|2,6,6,28154,silent,28148
8,8|7|7|4|4|2,6,2,18652,silent,18650
8,8|7|7|4|3|3,6,4,17320,silent,17316
8,8|7|6|6|4|1,6,5,13678,silent,13673
8,8|7|6|6|3|2,6,5,22110,silent,22105
8,8|7|6|5|5|1,6,2,11050,silent,11048
8,8|7|6|5|4|2,6,7,41332,silent,41325
8,8|7|6|5|3|3,6,3,30503,silent,30500
8,8|7|6|4|4|3,6,5,27781,silent,27776
8,8|7|5|5|5|2,6,1,11614,silent,11613
8,8|7|5|5|4|3,6,2,24723,silent,24721
8,8|7|5|4|4|4,6,1,9499,silent,9498
8,8|6|6|6|5|1,6,1,3770,silent,3769
8,8|6|6|6|4|2,6,5,11626,silent,11621
8,8|6|6|6|3|3,6,0,-1,a0,
8,8|6|6|5|5|2,6,0,-1,a0,
8,8|6|6|5|4|3,6,2,20474,silent,20472
8,8|6|6|4|4|4,6,4,6812,silent,6808
8,8|6|5|5|5|3,6,0,-1,a0,
8,8|6|5|5|4|4,6,0,-1,a0,
8,8|5|5|5|5|4,6,0,-1,a0,
8,26|1|1|1|1|1|1,7,0,-1,a0,
8,25|2|1|1|1|1|1,7,0,-1,a0,
8,24|3|1|1|1|1|1,7,0,-1,a0,
8,24|2|2|1|1|1|1,7,0,-1,a0,
8,23|4|1|1|1|1|1,7,0,-1,a0,
8,23|3|2|1|1|1|1,7,0,-1,a0,
8,23|2|2|2|1|1|1,7,0,-1,a0,
8,22|5|1|1|1|1|1,7,0,-1,a0,
8,22|4|2|1|1|1|1,7,0,-1,a0,
8,22|3|3|1|1|1|1,7,0,-1,a0,
8,22|3|2|2|1|1|1,7,0,-1,a0,
8,22|2|2|2|2|1|1,7,0,-1,a0,
8,21|6|1|1|1|1|1,7,0,-1,a0,
8,21|5|2|1|1|1|1,7,0,-1,a0,
8,21|4|3|1|1|1|1,7,0,-1,a0,
8,21|4|2|2|1|1|1,7,0,-1,a0,
8,21|3|3|2|1|1|1,7,0,-1,a0,
8,21|3|2|2|2|1|1,7,0,-1,a0,
8,21|2|2|2|2|2|1,7,0,-1,a0,
8,20|7|1|1|1|1|1,7,0,-1,a0,
8,20|6|2|1|1|1|1,7,0,-1,a0,
8,20|5|3|1|1|1|1,7,0,-1,a0,
8,20|5|2|2|1|1|1,7,0,-1,a0,
8,20|4|4|1|1|1|1,7,0,-1,a0,
8,20|4|3|2|1|1|1,7,0,-1,a0,
8,20|4|2|2|2|1|1,7,0,-1,a0,
8,20|3|3|3|1|1|1,7,0,-1,a0,
8,20|3|3|2|2|1|1,7,0,-1,a0,
8,20|3|2|2|2|2|1,7,0,-1,a0,
8,20|2|2|2|2|2|2,7,1,18,silent,17
8,19|8|1|1|1|1|1,7,0,-1,a0,
8,19|7|2|1|1|1|1,7,0,-1,a0,
8,19|6|3|1|1|1|1,7,0,-1,a0,
8,19|6|2|2|1|1|1,7,0,-1,a0,
8,19|5|4|1|1|1|1,7,0,-1,a0,
8,19|5|3|2|1|1|1,7,0,-1,a0,
8,19|5|2|2|2|1|1,7,0,-1,a0,
8,19|4|4|2|1|1|1,7,0,-1,a0,
8,19|4|3|3|1|1|1,7,0,-1,a0,
8,19|4|3|2|2|1|1,7,0,-1,a0,
8,19|4|2|2|2|2|1,7,1,179,silent,178
8,19|3|3|3|2|1|1,7,0,-1,a0,
8,19|3|3|2|2|2|1,7,0,-1,a0,
8,19|3|2|2|2|2|2,7,1,50,silent,49
8,18|9|1|1|1|1|1,7,0,-1,a0,
8,18|8|2|1|1|1|1,7,0,-1,a0,
8,18|7|3|1|1|1|1,7,0,-1,a0,
8,18|7|2|2|1|1|1,7,0,-1,a0,
8,18|6|4|1|1|1|1,7,0,-1,a0,
8,18|6|3|2|1|1|1,7,0,-1,a0,
8,18|6|2|2|2|1|1,7,0,-1,a0,
8,18|5|5|1|1|1|1,7,0,-1,a0,
8,18|5|4|2|1|1|1,7,0,-1,a0,
8,18|5|3|3|1|1|1,7,0,-1,a0,
8,18|5|3|2|2|1|1,7,1,1366,silent,1365
8,18|5|2|2|2|2|1,7,2,424,silent,422
8,18|4|4|3|1|1|1,7,0,-1,a0,
8,18|4|4|2|2|1|1,7,0,-1,a0,
8,18|4|3|3|2|1|1,7,0,-1,a0,
8,18|4|3|2|2|2|1,7,1,680,silent,679
8,18|4|2|2|2|2|2,7,2,178,silent,176
8,18|3|3|3|3|1|1,7,0,-1,a0,
8,18|3|3|3|2|2|1,7,0,-1,a0,
8,18|3|3|2|2|2|2,7,0,-1,a0,
8,17|10|1|1|1|1|1,7,0,-1,a0,
8,17|9|2|1|1|1|1,7,0,-1,a0,
8,17|8|3|1|1|1|1,7,0,-1,a0,
8,17|8|2|2|1|1|1,7,0,-1,a0,
8,17|7|4|1|1|1|1,7,0,-1,a0,
8,17|7|3|2|1|1|1,7,0,-1,a0,
8,17|7|2|2|2|1|1,7,1,901,silent,900
8,17|6|5|1|1|1|1,7,0,-1,a0,
8,17|6|4|2|1|1|1,7,0,-1,a0,
8,17|6|3|3|1|1|1,7,1,2196,silent,2195
8,17|6|3|2|2|1|1,7,2,2827,silent,2825
8,17|6|2|2|2|2|1,7,3,828,silent,825
8,17|5|5|2|1|1|1,7,1,1542,silent,1541
8,17|5|4|3|1|1|1,7,0,-1,a0,
8,17|5|4|2|2|1|1,7,2,3019,silent,3017
8,17|5|3|3|2|1|1,7,1,2944,silent,2943
8,17|5|3|2|2|2|1,7,3,1924,silent,1921
8,17|5|2|2|2|2|2,7,2,375,silent,373
8,17|4|4|4|1|1|1,7,0,-1,a0,
8,17|4|4|3|2|1|1,7,0,-1,a0,
8,17|4|4|2|2|2|1,7,2,1210,silent,1208
8,17|4|3|3|3|1|1,7,0,-1,a0,
8,17|4|3|3|2|2|1,7,0,-1,a0,
8,17|4|3|2|2|2|2,7,1,564,silent,563
8,17|3|3|3|3|2|1,7,0,-1,a0,
8,17|3|3|3|2|2|2,7,0,-1,a0,
8,16|11|1|1|1|1|1,7,0,-1,a0,
8,16|10|2|1|1|1|1,7,0,-1,a0,
8,16|9|3|1|1|1|1,7,0,-1,a0,
8,16|9|2|2|1|1|1,7,0,-1,a0,
8,16|8|4|1|1|1|1,7,0,-1,a0,
8,16|8|3|2|1|1|1,7,1,2966,silent,2965
8,16|8|2|2|2|1|1,7,1,1210,silent,1209
8,16|7|5|1|1|1|1,7,0,-1,a0,
8,16|7|4|2|1|1|1,7,1,5274,silent,5273
8,16|7|3|3|1|1|1,7,1,3695,silent,3694
8,16|7|3|2|2|1|1,7,5,4783,silent,4778
8,16|7|2|2|2|2|1,7,4,1328,silent,1324
8,16|6|6|1|1|1|1,7,0,-1,a0,
8,16|6|5|2|1|1|1,7,2,4627,silent,4625
8,16|6|4|3|1|1|1,7,2,6610,silent,6608
8,16|6|4|2|2|1|1,7,4,7068,silent,7064
8,16|6|3|3|2|1|1,7,3,6403,silent,6400
8,16|6|3|2|2|2|1,7,5,4107,silent,4102
8,16|6|2|2|2|2|2,7,4,763,silent,759
8,16|5|5|3|1|1|1,7,2,3645,silent,3643
8,16|5|5|2|2|1|1,7,4,3739,silent,3735
8,16|5|4|4|1|1|1,7,0,-1,a0,
8,16|5|4|3|2|1|1,7,3,8630,silent,8627
8,16|5|4|2|2|2|1,7,5,4548,silent,4543
8,16|5|3|3|3|1|1,7,0,-1,a0,
8,16|5|3|3|2|2|1,7,1,4482,silent,4481
8,16|5|3|2|2|2|2,7,1,1590,silent,1589
8,16|4|4|4|2|1|1,7,0,-1,a0,
8,16|4|4|3|3|1|1,7,0,-1,a0,
8,16|4|4|3|2|2|1,7,1,3477,silent,3476
8,16|4|4|2|2|2|2,7,3,1125,silent,1122
8,16|4|3|3|3|2|1,7,0,-1,a0,
8,16|4|3|3|2|2|2,7,0,-1,a0,
8,16|3|3|3|3|3|1,7,0,-1,a0,
8,16|3|3|3|3|2|2,7,0,-1,a0,
8,15|12|1|1|1|1|1,7,0,-1,a0,
8,15|11|2|1|1|1|1,7,0,-1,a0,
8,15|10|3|1|1|1|1,7,0,-1,a0,
8,15|10|2|2|1|1|1,7,0,-1,a0,
8,15|9|4|1|1|1|1,7,0,-1,a0,
8,15|9|3|2|1|1|1,7,2,3476,silent,3474
8,15|9|2|2|2|1|1,7,2,1446,silent,1444
8,15|8|5|1|1|1|1,7,1,2695,silent,2694
8,15|8|4|2|1|1|1,7,3,7450,silent,7447
8,15|8|3|3|1|1|1,7,3,5104,silent,5101
8,15|8|3|2|2|1|1,7,6,6571,silent,6565
8,15|8|2|2|2|2|1,7,5,1793,silent,1788
8,15|7|6|1|1|1|1,7,0,-1,a0,
8,15|7|5|2|1|1|1,7,5,9021,silent,9016
8,15|7|4|3|1|1|1,7,4,11764,silent,11760
8,15|7|4|2|2|1|1,7,10,12609,silent,12599
8,15|7|3|3|2|1|1,7,5,10787,silent,10782
8,15|7|3|2|2|2|1,7,8,6842,silent,6834
8,15|7|2|2|2|2|2,7,3,1128,silent,1125
8,15|6|6|2|1|1|1,7,1,4078,silent,4077
8,15|6|5|3|1|1|1,7,6,11306,silent,11300
8,15|6|5|2|2|1|1,7,8,11332,silent,11324
8,15|6|4|4|1|1|1,7,1,6888,silent,6887
8,15|6|4|3|2|1|1,7,8,20835,silent,20827
8,15|6|4|2|2|2|1,7,10,10736,silent,10726
8,15|6|3|3|3|1|1,7,1,6792,silent,6791
8,15|6|3|3|2|2|1,7,2,9850,silent,9848
8,15|6|3|2|2|2|2,7,3,3446,silent,3443
8,15|5|5|4|1|1|1,7,4,4879,silent,4875
8,15|5|5|3|2|1|1,7,6,11632,silent,11626
8,15|5|5|2|2|2|1,7,3,5453,silent,5450
8,15|5|4|4|2|1|1,7,3,9718,silent,9715
8,15|5|4|3|3|1|1,7,1,10058,silent,10057
8,15|5|4|3|2|2|1,7,5,14099,silent,14094
8,15|5|4|2|2|2|2,7,3,3896,silent,3893
8,15|5|3|3|3|2|1,7,0,-1,a0,
8,15|5|3|3|2|2|2,7,0,-1,a0,
8,15|4|4|4|3|1|1,7,0,-1,a0,
8,15|4|4|4|2|2|1,7,2,3848,silent,3846
8,15|4|4|3|3|2|1,7,0,-1,a0,
8,15|4|4|3|2|2|2,7,1,3132,silent,3131
8,15|4|3|3|3|3|1,7,0,-1,a0,
8,15|4|3|3|3|2|2,7,0,-1,a0,
8,15|3|3|3|3|3|2,7,0,-1,a0,
8,14|13|1|1|1|1|1,7,0,-1,a0,
8,14|12|2|1|1|1|1,7,0,-1,a0,
8,14|11|3|1|1|1|1,7,0,-1,a0,
8,14|11|2|2|1|1|1,7,0,-1,a0,
8,14|10|4|1|1|1|1,7,1,1873,silent,1872
8,14|10|3|2|1|1|1,7,2,3325,silent,3323
8,14|10|2|2|2|1|1,7,2,1352,silent,1350
8,14|9|5|1|1|1|1,7,1,3137,silent,3136
8,14|9|4|2|1|1|1,7,5,8550,silent,8545
8,14|9|3|3|1|1|1,7,4,5748,silent,5744
8,14|9|3|2|2|1|1,7,8,7429,silent,7421
8,14|9|2|2|2|2|1,7,5,1987,silent,1982
8,14|8|6|1|1|1|1,7,2,3270,silent,3268
8,14|8|5|2|1|1|1,7,9,12929,silent,12920
8,14|8|4|3|1|1|1,7,8,16261,silent,16253
8,14|8|4|2|2|1|1,7,12,17245,silent,17233
8,14|8|3|3|2|1|1,7,8,14582,silent,14574
8,14|8|3|2|2|2|1,7,9,9181,silent,9172
8,14|8|2|2|2|2|2,7,5,1528,silent,1523
8,14|7|7|1|1|1|1,7,0,-1,a0,
8,14|7|6|2|1|1|1,7,5,10251,silent,10246
8,14|7|5|3|1|1|1,7,11,21657,silent,21646
8,14|7|5|2|2|1|1,7,17,21614,silent,21597
8,14|7|4|4|1|1|1,7,5,12403,silent,12398
8,14|7|4|3|2|1|1,7,15,36323,silent,36308
8,14|7|4|2|2|2|1,7,15,18362,silent,18347
8,14|7|3|3|3|1|1,7,1,11267,silent,11266
8,14|7|3|3|2|2|1,7,4,16401,silent,16397
8,14|7|3|2|2|2|2,7,3,5553,silent,5550
8,14|6|6|3|1|1|1,7,4,10304,silent,10300
8,14|6|6|2|2|1|1,7,4,9987,silent,9983
8,14|6|5|4|1|1|1,7,7,15467,silent,15460
8,14|6|5|3|2|1|1,7,16,35847,silent,35831
8,14|6|5|2|2|2|1,7,10,16715,silent,16705
8,14|6|4|4|2|1|1,7,7,24122,silent,24115
8,14|6|4|3|3|1|1,7,5,24189,silent,24184
8,14|6|4|3|2|2|1,7,10,33554,silent,33544
8,14|6|4|2|2|2|2,7,7,9157,silent,9150
8,14|6|3|3|3|2|1,7,0,-1,a0,
8,14|6|3|3|2|2|2,7,0,-1,a0,
8,14|5|5|5|1|1|1,7,4,3350,silent,3346
8,14|5|5|4|2|1|1,7,9,17107,silent,17098
8,14|5|5|3|3|1|1,7,2,13877,silent,13875
8,14|5|5|3|2|2|1,7,4,18703,silent,18699
8,14|5|5|2|2|2|2,7,0,-1,a0,
8,14|5|4|4|3|1|1,7,3,14633,silent,14630
8,14|5|4|4|2|2|1,7,6,16833,silent,16827
8,14|5|4|3|3|2|1,7,1,21253,silent,21252
8,14|5|4|3|2|2|2,7,2,12349,silent,12347
8,14|5|3|3|3|3|1,7,0,-1,a0,
8,14|5|3|3|3|2|2,7,0,-1,a0,
8,14|4|4|4|4|1|1,7,0,-1,a0,
8,14|4|4|4|3|2|1,7,1,7277,silent,7276
8,14|4|4|4|2|2|2,7,3,3694,silent,3691
8,14|4|4|3|3|3|1,7,0,-1,a0,
8,14|4|4|3|3|2|2,7,0,-1,a0,
8,14|4|3|3|3|3|2,7,0,-1,a0,
8,14|3|3|3|3|3|3,7,0,-1,a0,
8,13|13|2|1|1|1|1,7,0,-1,a0,
8,13|12|3|1|1|1|1,7,0,-1,a0,
8,13|12|2|2|1|1|1,7,0,-1,a0,
8,13|11|4|1|1|1|1,7,0,-1,a0,
8,13|11|3|2|1|1|1,7,2,2442,silent,2440
8,13|11|2|2|2|1|1,7,2,1025,silent,1023
8,13|10|5|1|1|1|1,7,2,2844,silent,2842
8,13|10|4|2|1|1|1,7,5,7629,silent,7624
8,13|10|3|3|1|1|1,7,4,5096,silent,5092
8,13|10|3|2|2|1|1,7,7,6571,silent,6564
8,13|10|2|2|2|2|1,7,4,1749,silent,1745
8,13|9|6|1|1|1|1,7,2,3732,silent,3730
8,13|9|5|2|1|1|1,7,11,14284,silent,14273
8,13|9|4|3|1|1|1,7,9,17532,silent,17523
8,13|9|4|2|2|1|1,7,16,18694,silent,18678
8,13|9|3|3|2|1|1,7,8,15426,silent,15418
8,13|9|3|2|2|2|1,7,9,9694,silent,9685
8,13|9|2|2|2|2|2,7,2,1494,silent,1492
8,13|8|7|1|1|1|1,7,2,2795,silent,2793
8,13|8|6|2|1|1|1,7,9,15448,silent,15439
8,13|8|5|3|1|1|1,7,18,29775,silent,29757
8,13|8|5|2|2|1|1,7,20,29520,silent,29500
8,13|8|4|4|1|1|1,7,6,16532,silent,16526
8,13|8|4|3|2|1|1,7,21,47797,silent,47776
8,13|8|4|2|2|2|1,7,17,24001,silent,23984
8,13|8|3|3|3|1|1,7,3,14508,silent,14505
8,13|8|3|3|2|2|1,7,5,21092,silent,21087
8,13|8|3|2|2|2|2,7,4,7116,silent,7112
8,13|7|7|2|1|1|1,7,5,7014,silent,7009
8,13|7|6|3|1|1|1,7,11,24845,silent,24834
8,13|7|6|2|2|1|1,7,15,24093,silent,24078
8,13|7|5|4|1|1|1,7,15,29187,silent,29172
8,13|7|5|3|2|1|1,7,27,65959,silent,65932
8,13|7|5|2|2|2|1,7,16,30312,silent,30296
8,13|7|4|4|2|1|1,7,16,41584,silent,41568
8,13|7|4|3|3|1|1,7,6,40468,silent,40462
8,13|7|4|3|2|2|1,7,16,55970,silent,55954
8,13|7|4|2|2|2|2,7,6,14662,silent,14656
8,13|7|3|3|3|2|1,7,0,-1,a0,
8,13|7|3|3|2|2|2,7,1,13347,silent,13346
8,13|6|6|4|1|1|1,7,3,14994,silent,14991
8,13|6|6|3|2|1|1,7,11,32153,silent,32142
8,13|6|6|2|2|2|1,7,8,14611,silent,14603
8,13|6|5|5|1|1|1,7,7,11198,silent,11191
8,13|6|5|4|2|1|1,7,19,52978,silent,52959
8,13|6|5|3|3|1|1,7,9,41938,silent,41929
8,13|6|5|3|2|2|1,7,13,56223,silent,56210
8,13|6|5|2|2|2|2,7,4,13535,silent,13531
8,13|6|4|4|3|1|1,7,7,35524,silent,35517
8,13|6|4|4|2|2|1,7,13,40398,silent,40385
8,13|6|4|3|3|2|1,7,3,49344,silent,49341
8,13|6|4|3|2|2|2,7,4,28422,silent,28418
8,13|6|3|3|3|3|1,7,0,-1,a0,
8,13|6|3|3|3|2|2,7,0,-1,a0,
8,13|5|5|5|2|1|1,7,5,11729,silent,11724
8,13|5|5|4|3|1|1,7,7,25940,silent,25933
8,13|5|5|4|2|2|1,7,5,28138,silent,28133
8,13|5|5|3|3|2|1,7,2,28906,silent,28904
8,13|5|5|3|2|2|2,7,1,15845,silent,15844
8,13|5|4|4|4|1|1,7,3,9386,silent,9383
8,13|5|4|4|3|2|1,7,5,32136,silent,32131
8,13|5|4|4|2|2|2,7,3,14904,silent,14901
8,13|5|4|3|3|3|1,7,0,-1,a0,
8,13|5|4|3|3|2|2,7,0,-1,a0,
8,13|5|3|3|3|3|2,7,0,-1,a0,
8,13|4|4|4|4|2|1,7,2,5070,silent,5068
8,13|4|4|4|3|3|1,7,0,-1,a0,
8,13|4|4|4|3|2|2,7,1,7239,silent,7238
8,13|4|4|3|3|3|2,7,0,-1,a0,
8,13|4|3|3|3|3|3,7,0,-1,a0,
8,12|12|4|1|1|1|1,7,0,-1,a0,
8,12|12|3|2|1|1|1,7,1,889,silent,888
8,12|12|2|2|2|1|1,7,0,-1,a0,
8,12|11|5|1|1|1|1,7,1,1700,silent,1699
8,12|11|4|2|1|1|1,7,3,4545,silent,4542
8,12|11|3|3|1|1|1,7,2,3013,silent,3011
8,12|11|3|2|2|1|1,7,5,3902,silent,3897
8,12|11|2|2|2|2|1,7,2,1028,silent,1026
8,12|10|6|1|1|1|1,7,2,3054,silent,3052
8,12|10|5|2|1|1|1,7,9,11273,silent,11264
8,12|10|4|3|1|1|1,7,9,13739,silent,13730
8,12|10|4|2|2|1|1,7,10,14489,silent,14479
8,12|10|3|3|2|1|1,7,7,12042,silent,12035
8,12|10|3|2|2|2|1,7,7,7538,silent,7531
8,12|10|2|2|2|2|2,7,3,1228,silent,1225
8,12|9|7|1|1|1|1,7,2,3201,silent,3199
8,12|9|6|2|1|1|1,7,11,16222,silent,16211
8,12|9|5|3|1|1|1,7,18,29846,silent,29828
8,12|9|5|2|2|1|1,7,22,29570,silent,29548
8,12|9|4|4|1|1|1,7,7,16364,silent,16357
8,12|9|4|3|2|1|1,7,21,46815,silent,46794
8,12|9|4|2|2|2|1,7,15,23354,silent,23339
8,12|9|3|3|3|1|1,7,2,13985,silent,13983
8,12|9|3|3|2|2|1,7,5,20388,silent,20383
8,12|9|3|2|2|2|2,7,3,6793,silent,6790
8,12|8|8|1|1|1|1,7,2,1407,silent,1405
8,12|8|7|2|1|1|1,7,9,12594,silent,12585
8,12|8|6|3|1|1|1,7,18,34892,silent,34874
8,12|8|6|2|2|1|1,7,17,33498,silent,33481
8,12|8|5|4|1|1|1,7,19,37591,silent,37572
8,12|8|5|3|2|1|1,7,35,84167,silent,84132
8,12|8|5|2|2|2|1,7,18,38533,silent,38515
8,12|8|4|4|2|1|1,7,17,51215,silent,51198
8,12|8|4|3|3|1|1,7,11,49596,silent,49585
8,12|8|4|3|2|2|1,7,17,68278,silent,68261
8,12|8|4|2|2|2|2,7,9,17964,silent,17955
8,12|8|3|3|3|2|1,7,1,26199,silent,26198
8,12|8|3|3|2|2|2,7,0,-1,a0,
8,12|7|7|3|1|1|1,7,7,16168,silent,16161
8,12|7|7|2|2|1|1,7,12,15472,silent,15460
8,12|7|6|4|1|1|1,7,14,34858,silent,34844
8,12|7|6|3|2|1|1,7,25,72567,silent,72542
8,12|7|6|2|2|2|1,7,14,32238,silent,32224
8,12|7|5|5|1|1|1,7,10,20581,silent,20571
8,12|7|5|4|2|1|1,7,33,93732,silent,93699
8,12|7|5|3|3|1|1,7,12,72663,silent,72651
8,12|7|5|3|2|2|1,7,21,97047,silent,97026
8,12|7|5|2|2|2|2,7,4,22828,silent,22824
8,12|7|4|4|3|1|1,7,13,57479,silent,57466
8,12|7|4|4|2|2|1,7,17,64604,silent,64587
8,12|7|4|3|3|2|1,7,5,77857,silent,77852
8,12|7|4|3|2|2|2,7,5,44372,silent,44367
8,12|7|3|3|3|3|1,7,0,-1,a0,
8,12|7|3|3|3|2|2,7,0,-1,a0,
8,12|6|6|5|1|1|1,7,3,13273,silent,13270
8,12|6|6|4|2|1|1,7,11,49524,silent,49513
8,12|6|6|3|3|1|1,7,8,36623,silent,36615
8,12|6|6|3|2|2|1,7,11,48526,silent,48515
8,12|6|6|2|2|2|2,7,6,11509,silent,11503
8,12|6|5|5|2|1|1,7,13,37907,silent,37894
8,12|6|5|4|3|1|1,7,16,77169,silent,77153
8,12|6|5|4|2|2|1,7,17,83701,silent,83684
8,12|6|5|3|3|2|1,7,6,82639,silent,82633
8,12|6|5|3|2|2|2,7,3,45336,silent,45333
8,12|6|4|4|4|1|1,7,4,21946,silent,21942
8,12|6|4|4|3|2|1,7,10,73903,silent,73893
8,12|6|4|4|2|2|2,7,8,34060,silent,34052
8,12|6|4|3|3|3|1,7,0,-1,a0,
8,12|6|4|3|3|2|2,7,0,-1,a0,
8,12|6|3|3|3|3|2,7,0,-1,a0,
8,12|5|5|5|3|1|1,7,4,18710,silent,18706
8,12|5|5|5|2|2|1,7,1,18673,silent,18672
8,12|5|5|4|4|1|1,7,6,17562,silent,17556
8,12|5|5|4|3|2|1,7,5,54211,silent,54206
8,12|5|5|4|2|2|2,7,0,-1,a0,
8,12|5|5|3|3|3|1,7,0,-1,a0,
8,12|5|5|3|3|2|2,7,1,26384,silent,26383
8,12|5|4|4|4|2|1,7,6,22040,silent,22034
8,12|5|4|4|3|3|1,7,1,24896,silent,24895
8,12|5|4|4|3|2|2,7,2,30153,silent,30151
8,12|5|4|3|3|3|2,7,0,-1,a0,
8,12|5|3|3|3|3|3,7,0,-1,a0,
8,12|4|4|4|4|3|1,7,1,5055,silent,5054
8,12|4|4|4|4|2|2,7,3,5276,silent,5273
8,12|4|4|4|3|3|2,7,0,-1,a0,
8,12|4|4|3|3|3|3,7,0,-1,a0,
8,11|11|6|1|1|1|1,7,0,-1,a0,
8,11|11|5|2|1|1|1,7,4,4347,silent,4343
8,11|11|4|3|1|1|1,7,2,5217,silent,5215
8,11|11|4|2|2|1|1,7,6,5623,silent,5617
8,11|11|3|3|2|1|1,7,2,4509,silent,4507
8,11|11|3|2|2|2|1,7,2,2838,silent,2836
8,11|11|2|2|2|2|2,7,0,-1,a0,
8,11|10|7|1|1|1|1,7,2,2158,silent,2156
8,11|10|6|2|1|1|1,7,7,10463,silent,10456
8,11|10|5|3|1|1|1,7,12,18898,silent,18886
8,11|10|5|2|2|1|1,7,13,18669,silent,18656
8,11|10|4|4|1|1|1,7,5,10279,silent,10274
8,11|10|4|3|2|1|1,7,13,29296,silent,29283
8,11|10|4|2|2|2|1,7,9,14597,silent,14588
8,11|10|3|3|3|1|1,7,2,8711,silent,8709
8,11|10|3|3|2|2|1,7,3,12677,silent,12674
8,11|10|3|2|2|2|2,7,2,4228,silent,4226
8,11|9|8|1|1|1|1,7,1,1768,silent,1767
8,11|9|7|2|1|1|1,7,10,12506,silent,12496
8,11|9|6|3|1|1|1,7,16,31549,silent,31533
8,11|9|6|2|2|1|1,7,19,30405,silent,30386
8,11|9|5|4|1|1|1,7,17,32810,silent,32793
8,11|9|5|3|2|1|1,7,29,72767,silent,72738
8,11|9|5|2|2|2|1,7,14,33119,silent,33105
8,11|9|4|4|2|1|1,7,17,43856,silent,43839
8,11|9|4|3|3|1|1,7,7,41843,silent,41836
8,11|9|4|3|2|2|1,7,15,57669,silent,57654
8,11|9|4|2|2|2|2,7,3,14785,silent,14782
8,11|9|3|3|3|2|1,7,1,21916,silent,21915
8,11|9|3|3|2|2|2,7,1,13361,silent,13360
8,11|8|8|2|1|1|1,7,4,5609,silent,5605
8,11|8|7|3|1|1|1,7,14,26196,silent,26182
8,11|8|7|2|2|1|1,7,13,24810,silent,24797
8,11|8|6|4|1|1|1,7,17,44234,silent,44217
8,11|8|6|3|2|1|1,7,31,91109,silent,91078
8,11|8|6|2|2|2|1,7,16,40278,silent,40262
8,11|8|5|5|1|1|1,7,13,24279,silent,24266
8,11|8|5|4|2|1|1,7,35,108281,silent,108246
8,11|8|5|3|3|1|1,7,17,83280,silent,83263
8,11|8|5|3|2|2|1,7,22,110925,silent,110903
8,11|8|5|2|2|2|2,7,6,26084,silent,26078
8,11|8|4|4|3|1|1,7,13,63772,silent,63759
8,11|8|4|4|2|2|1,7,18,71460,silent,71442
8,11|8|4|3|3|2|1,7,6,85316,silent,85310
8,11|8|4|3|2|2|2,7,5,48482,silent,48477
8,11|8|3|3|3|3|1,7,0,-1,a0,
8,11|8|3|3|3|2|2,7,0,-1,a0,
8,11|7|7|4|1|1|1,7,11,21794,silent,21783
8,11|7|7|3|2|1|1,7,14,43218,silent,43204
8,11|7|7|2|2|2|1,7,6,18600,silent,18594
8,11|7|6|5|1|1|1,7,9,29306,silent,29297
8,11|7|6|4|2|1|1,7,30,104709,silent,104679
8,11|7|6|3|3|1|1,7,12,75347,silent,75335
8,11|7|6|3|2|2|1,7,19,99287,silent,99268
8,11|7|6|2|2|2|2,7,4,22470,silent,22466
8,11|7|5|5|2|1|1,7,17,63733,silent,63716
8,11|7|5|4|3|1|1,7,25,125296,silent,125271
8,11|7|5|4|2|2|1,7,23,134893,silent,134870
8,11|7|5|3|3|2|1,7,9,131152,silent,131143
8,11|7|5|3|2|2|2,7,5,71458,silent,71453
8,11|7|4|4|4|1|1,7,10,33087,silent,33077
8,11|7|4|4|3|2|1,7,13,108963,silent,108950
8,11|7|4|4|2|2|2,7,6,49122,silent,49116
8,11|7|4|3|3|3|1,7,0,-1,a0,
8,11|7|4|3|3|2|2,7,1,63874,silent,63873
8,11|7|3|3|3|3|2,7,0,-1,a0,
8,11|6|6|6|1|1|1,7,0,-1,a0,
8,11|6|6|5|2|1|1,7,8,42662,silent,42654
8,11|6|6|4|3|1|1,7,10,68648,silent,68638
8,11|6|6|4|2|2|1,7,15,73748,silent,73733
8,11|6|6|3|3|2|1,7,5,67308,silent,67303
8,11|6|6|3|2|2|2,7,4,36626,silent,36622
8,11|6|5|5|3|1|1,7,10,56651,silent,56641
8,11|6|5|5|2|2|1,7,6,56580,silent,56574
8,11|6|5|4|4|1|1,7,9,49230,silent,49221
8,11|6|5|4|3|2|1,7,15,150168,silent,150153
8,11|6|5|4|2|2|2,7,5,65078,silent,65073
8,11|6|5|3|3|3|1,7,1,55459,silent,55458
8,11|6|5|3|3|2|2,7,1,69492,silent,69491
8,11|6|4|4|4|2|1,7,10,47977,silent,47967
8,11|6|4|4|3|3|1,7,2,53322,silent,53320
8,11|6|4|4|3|2|2,7,4,64215,silent,64211
8,11|6|4|3|3|3|2,7,0,-1,a0,
8,11|6|3|3|3|3|3,7,0,-1,a0,
8,11|5|5|5|4|1|1,7,3,15441,silent,15438
8,11|5|5|5|3|2|1,7,2,37341,silent,37339
8,11|5|5|5|2|2|2,7,0,-1,a0,
8,11|5|5|4|4|2|1,7,4,38076,silent,38072
8,11|5|5|4|3|3|1,7,2,40597,silent,40595
8,11|5|5|4|3|2|2,7,1,47557,silent,47556
8,11|5|5|3|3|3|2,7,0,-1,a0,
8,11|5|4|4|4|3|1,7,4,21081,silent,21077
8,11|5|4|4|4|2|2,7,3,20570,silent,20567
8,11|5|4|4|3|3|2,7,0,-1,a0,
8,11|5|4|3|3|3|3,7,0,-1,a0,
8,11|4|4|4|4|4|1,7,2,2156,silent,2154
8,11|4|4|4|4|3|2,7,1,6357,silent,6356
8,11|4|4|4|3|3|3,7,0,-1,a0,
8,10|10|8|1|1|1|1,7,2,816,silent,814
8,10|10|7|2|1|1|1,7,4,5178,silent,5174
8,10|10|6|3|1|1|1,7,8,12773,silent,12765
8,10|10|6|2|2|1|1,7,5,12127,silent,12122
8,10|10|5|4|1|1|1,7,7,13035,silent,13028
8,10|10|5|3|2|1|1,7,12,28973,silent,28961
8,10|10|5|2|2|2|1,7,6,13213,silent,13207
8,10|10|4|4|2|1|1,7,4,17147,silent,17143
8,10|10|4|3|3|1|1,7,5,16606,silent,16601
8,10|10|4|3|2|2|1,7,5,22738,silent,22733
8,10|10|4|2|2|2|2,7,4,6047,silent,6043
8,10|10|3|3|3|2|1,7,0,-1,a0,
8,10|10|3|3|2|2|2,7,0,-1,a0,
8,10|9|9|1|1|1|1,7,0,-1,a0,
8,10|9|8|2|1|1|1,7,4,5558,silent,5554
8,10|9|7|3|1|1|1,7,11,20210,silent,20199
8,10|9|7|2|2|1|1,7,11,19129,silent,19118
8,10|9|6|4|1|1|1,7,13,31567,silent,31554
8,10|9|6|3|2|1|1,7,22,64496,silent,64474
8,10|9|6|2|2|2|1,7,10,28335,silent,28325
8,10|9|5|5|1|1|1,7,8,16768,silent,16760
8,10|9|5|4|2|1|1,7,25,74127,silent,74102
8,10|9|5|3|3|1|1,7,11,56637,silent,56626
8,10|9|5|3|2|2|1,7,14,75354,silent,75340
8,10|9|5|2|2|2|2,7,3,17555,silent,17552
8,10|9|4|4|3|1|1,7,9,42828,silent,42819
8,10|9|4|4|2|2|1,7,11,47802,silent,47791
8,10|9|4|3|3|2|1,7,4,56875,silent,56871
8,10|9|4|3|2|2|2,7,3,32216,silent,32213
8,10|9|3|3|3|3|1,7,0,-1,a0,
8,10|9|3|3|3|2|2,7,0,-1,a0,
8,10|8|8|3|1|1|1,7,7,10004,silent,9997
8,10|8|8|2|2|1|1,7,2,9301,silent,9299
8,10|8|7|4|1|1|1,7,13,29920,silent,29907
8,10|8|7|3|2|1|1,7,19,59094,silent,59075
8,10|8|7|2|2|2|1,7,8,25491,silent,25483
8,10|8|6|5|1|1|1,7,11,32162,silent,32151
8,10|8|6|4|2|1|1,7,27,112317,silent,112290
8,10|8|6|3|3|1|1,7,16,80493,silent,80477
8,10|8|6|3|2|2|1,7,19,105619,silent,105600
8,10|8|6|2|2|2|2,7,7,24098,silent,24091
8,10|8|5|5|2|1|1,7,18,64051,silent,64033
8,10|8|5|4|3|1|1,7,23,123286,silent,123263
8,10|8|5|4|2|2|1,7,22,132592,silent,132570
8,10|8|5|3|3|2|1,7,9,127566,silent,127557
8,10|8|5|3|2|2|2,7,4,69344,silent,69340
8,10|8|4|4|4|1|1,7,5,31220,silent,31215
8,10|8|4|4|3|2|1,7,12,102847,silent,102835
8,10|8|4|4|2|2|2,7,8,46617,silent,46609
8,10|8|4|3|3|3|1,7,1,46830,silent,46829
8,10|8|4|3|3|2|2,7,0,-1,a0,
8,10|8|3|3|3|3|2,7,0,-1,a0,
8,10|7|7|5|1|1|1,7,6,17691,silent,17685
8,10|7|7|4|2|1|1,7,18,57540,silent,57522
8,10|7|7|3|3|1|1,7,4,39814,silent,39810
8,10|7|7|3|2|2|1,7,8,51870,silent,51862
8,10|7|7|2|2|2|2,7,0,-1,a0,
8,10|7|6|6|1|1|1,7,3,12100,silent,12097
8,10|7|6|5|2|1|1,7,17,82381,silent,82364
8,10|7|6|4|3|1|1,7,21,127562,silent,127541
8,10|7|6|4|2|2|1,7,21,135430,silent,135409
8,10|7|6|3|3|2|1,7,8,122088,silent,122080
8,10|7|6|3|2|2|2,7,5,65475,silent,65470
8,10|7|5|5|3|1|1,7,12,84447,silent,84435
8,10|7|5|5|2|2|1,7,9,84060,silent,84051
8,10|7|5|4|4|1|1,7,15,71341,silent,71326
8,10|7|5|4|3|2|1,7,19,214651,silent,214632
8,10|7|5|4|2|2|2,7,5,92110,silent,92105
8,10|7|5|3|3|3|1,7,1,77706,silent,77705
8,10|7|5|3|3|2|2,7,2,97330,silent,97328
8,10|7|4|4|4|2|1,7,11,63066,silent,63055
8,10|7|4|4|3|3|1,7,3,69741,silent,69738
8,10|7|4|4|3|2|2,7,4,83356,silent,83352
8,10|7|4|3|3|3|2,7,0,-1,a0,
8,10|7|3|3|3|3|3,7,0,-1,a0,
8,10|6|6|6|2|1|1,7,1,16819,silent,16818
8,10|6|6|5|3|1|1,7,7,58980,silent,58973
8,10|6|6|5|2|2|1,7,8,58594,silent,58586
8,10|6|6|4|4|1|1,7,3,41129,silent,41126
8,10|6|6|4|3|2|1,7,11,121545,silent,121534
8,10|6|6|4|2|2|2,7,8,52394,silent,52386
8,10|6|6|3|3|3|1,7,1,41091,silent,41090
8,10|6|6|3|3|2|2,7,0,-1,a0,
8,10|6|5|5|4|1|1,7,6,43010,silent,43004
8,10|6|5|5|3|2|1,7,6,102189,silent,102183
8,10|6|5|5|2|2|2,7,0,-1,a0,
8,10|6|5|4|4|2|1,7,11,97216,silent,97205
8,10|6|5|4|3|3|1,7,4,101256,silent,101252
8,10|6|5|4|3|2|2,7,4,118726,silent,118722
8,10|6|5|3|3|3|2,7,0,-1,a0,
8,10|6|4|4|4|3|1,7,5,41507,silent,41502
8,10|6|4|4|4|2|2,7,7,40620,silent,40613
8,10|6|4|4|3|3|2,7,0,-1,a0,
8,10|6|4|3|3|3|3,7,0,-1,a0,
8,10|5|5|5|5|1|1,7,0,-1,a0,
8,10|5|5|5|4|2|1,7,1,31303,silent,31302
8,10|5|5|5|3|3|1,7,1,26902,silent,26901
8,10|5|5|5|3|2|2,7,0,-1,a0,
8,10|5|5|4|4|3|1,7,3,34283,silent,34280
8,10|5|5|4|4|2|2,7,0,-1,a0,
8,10|5|5|4|3|3|2,7,1,43543,silent,43542
8,10|5|5|3|3|3|3,7,0,-1,a0,
8,10|5|4|4|4|4|1,7,3,8078,silent,8075
8,10|5|4|4|4|3|2,7,2,23865,silent,23863
8,10|5|4|4|3|3|3,7,0,-1,a0,
8,10|4|4|4|4|4|2,7,3,2858,silent,2855
8,10|4|4|4|4|3|3,7,0,-1,a0,
8,9|9|9|2|1|1|1,7,1,922,silent,921
8,9|9|8|3|1|1|1,7,2,5870,silent,5868
8,9|9|8|2|2|1|1,7,4,5570,silent,5566
8,9|9|7|4|1|1|1,7,6,14170,silent,14164
8,9|9|7|3|2|1|1,7,9,27666,silent,27657
8,9|9|7|2|2|2|1,7,3,11806,silent,11803
8,9|9|6|5|1|1|1,7,5,14211,silent,14206
8,9|9|6|4|2|1|1,7,15,49332,silent,49317
8,9|9|6|3|3|1|1,7,4,34818,silent,34814
8,9|9|6|3|2|2|1,7,8,45765,silent,45757
8,9|9|6|2|2|2|2,7,0,-1,a0,
8,9|9|5|5|2|1|1,7,5,27138,silent,27133
8,9|9|5|4|3|1|1,7,10,52132,silent,52122
8,9|9|5|4|2|2|1,7,9,55816,silent,55807
8,9|9|5|3|3|2|1,7,4,53623,silent,53619
8,9|9|5|3|2|2|2,7,2,29105,silent,29103
8,9|9|4|4|4|1|1,7,5,13202,silent,13197
8,9|9|4|4|3|2|1,7,5,42665,silent,42660
8,9|9|4|4|2|2|2,7,0,-1,a0,
8,9|9|4|3|3|3|1,7,0,-1,a0,
8,9|9|4|3|3|2|2,7,1,24712,silent,24711
8,9|9|3|3|3|3|2,7,0,-1,a0,
8,9|8|8|4|1|1|1,7,3,8851,silent,8848
8,9|8|8|3|2|1|1,7,5,17261,silent,17256
8,9|8|8|2|2|2|1,7,2,7443,silent,7441
8,9|8|7|5|1|1|1,7,7,18838,silent,18831
8,9|8|7|4|2|1|1,7,15,60201,silent,60186
8,9|8|7|3|3|1|1,7,7,41572,silent,41565
8,9|8|7|3|2|2|1,7,8,54028,silent,54020
8,9|8|7|2|2|2|2,7,2,11856,silent,11854
8,9|8|6|6|1|1|1,7,2,10562,silent,10560
8,9|8|6|5|2|1|1,7,14,69297,silent,69283
8,9|8|6|4|3|1|1,7,16,105445,silent,105429
8,9|8|6|4|2|2|1,7,17,111766,silent,111749
8,9|8|6|3|3|2|1,7,7,99848,silent,99841
8,9|8|6|3|2|2|2,7,4,53461,silent,53457
8,9|8|5|5|3|1|1,7,10,65433,silent,65423
8,9|8|5|5|2|2|1,7,6,65008,silent,65002
8,9|8|5|4|4|1|1,7,9,54409,silent,54400
8,9|8|5|4|3|2|1,7,14,163025,silent,163011
8,9|8|5|4|2|2|2,7,5,69925,silent,69920
8,9|8|5|3|3|3|1,7,1,58408,silent,58407
8,9|8|5|3|3|2|2,7,1,72962,silent,72961
8,9|8|4|4|4|2|1,7,8,46335,silent,46327
8,9|8|4|4|3|3|1,7,2,50972,silent,50970
8,9|8|4|4|3|2|2,7,3,60870,silent,60867
8,9|8|4|3|3|3|2,7,0,-1,a0,
8,9|8|3|3|3|3|3,7,0,-1,a0,
8,9|7|7|6|1|1|1,7,3,7956,silent,7953
8,9|7|7|5|2|1|1,7,8,41219,silent,41211
8,9|7|7|4|3|1|1,7,10,58791,silent,58781
8,9|7|7|4|2|2|1,7,7,61364,silent,61357
8,9|7|7|3|3|2|1,7,3,53848,silent,53845
8,9|7|7|3|2|2|2,7,1,28293,silent,28292
8,9|7|6|6|2|1|1,7,5,29756,silent,29751
8,9|7|6|5|3|1|1,7,11,94498,silent,94487
8,9|7|6|5|2|2|1,7,10,93037,silent,93027
8,9|7|6|4|4|1|1,7,11,64421,silent,64410
8,9|7|6|4|3|2|1,7,15,186514,silent,186499
8,9|7|6|4|2|2|2,7,4,78600,silent,78596
8,9|7|6|3|3|3|1,7,1,61961,silent,61960
8,9|7|6|3|3|2|2,7,2,77109,silent,77107
8,9|7|5|5|4|1|1,7,5,53825,silent,53820
8,9|7|5|5|3|2|1,7,7,126981,silent,126974
8,9|7|5|5|2|2|2,7,2,49926,silent,49924
8,9|7|5|4|4|2|1,7,12,117014,silent,117002
8,9|7|5|4|3|3|1,7,5,121033,silent,121028
8,9|7|5|4|3|2|2,7,4,141256,silent,141252
8,9|7|5|3|3|3|2,7,0,-1,a0,
8,9|7|4|4|4|3|1,7,6,45874,silent,45868
8,9|7|4|4|4|2|2,7,3,43989,silent,43986
8,9|7|4|4|3|3|2,7,1,61241,silent,61240
8,9|7|4|3|3|3|3,7,0,-1,a0,
8,9|6|6|6|3|1|1,7,1,21194,silent,21193
8,9|6|6|6|2|2|1,7,3,20662,silent,20659
8,9|6|6|5|4|1|1,7,3,40430,silent,40427
8,9|6|6|5|3|2|1,7,6,93096,silent,93090
8,9|6|6|5|2|2|2,7,3,36531,silent,36528
8,9|6|6|4|4|2|1,7,7,71410,silent,71403
8,9|6|6|4|3|3|1,7,2,71595,silent,71593
8,9|6|6|4|3|2|2,7,4,83629,silent,83625
8,9|6|6|3|3|3|2,7,0,-1,a0,
8,9|6|5|5|5|1|1,7,1,13921,silent,13920
8,9|6|5|5|4|2|1,7,3,75673,silent,75670
8,9|6|5|5|3|3|1,7,2,63609,silent,63607
8,9|6|5|5|3|2|2,7,1,71703,silent,71702
8,9|6|5|4|4|3|1,7,5,75775,silent,75770
8,9|6|5|4|4|2|2,7,4,71561,silent,71557
8,9|6|5|4|3|3|2,7,1,93665,silent,93664
8,9|6|5|3|3|3|3,7,0,-1,a0,
8,9|6|4|4|4|4|1,7,4,13950,silent,13946
8,9|6|4|4|4|3|2,7,3,40796,silent,40793
8,9|6|4|4|3|3|3,7,0,-1,a0,
8,9|5|5|5|5|2|1,7,0,-1,a0,
8,9|5|5|5|4|3|1,7,1,26229,silent,26228
8,9|5|5|5|4|2|2,7,0,-1,a0,
8,9|5|5|5|3|3|2,7,0,-1,a0,
8,9|5|5|4|4|4|1,7,1,11936,silent,11935
8,9|5|5|4|4|3|2,7,1,34383,silent,34382
8,9|5|5|4|3|3|3,7,0,-1,a0,
8,9|5|4|4|4|4|2,7,2,9092,silent,9090
8,9|5|4|4|4|3|3,7,0,-1,a0,
8,9|4|4|4|4|4|3,7,1,1597,silent,1596
8,8|8|8|5|1|1|1,7,2,3364,silent,3362
8,8|8|8|4|2|1|1,7,1,10367,silent,10366
8,8|8|8|3|3|1|1,7,3,7219,silent,7216
8,8|8|8|3|2|2|1,7,1,9320,silent,9319
8,8|8|8|2|2|2|2,7,2,2200,silent,2198
8,8|8|7|6|1|1|1,7,1,5017,silent,5016
8,8|8|7|5|2|1|1,7,5,25603,silent,25598
8,8|8|7|4|3|1|1,7,5,35933,silent,35928
8,8|8|7|4|2|2|1,7,5,37749,silent,37744
8,8|8|7|3|3|2|1,7,2,32694,silent,32692
8,8|8|7|3|2|2|2,7,1,17287,silent,17286
8,8|8|6|6|2|1|1,7,1,15173,silent,15172
8,8|8|6|5|3|1|1,7,6,47334,silent,47328
8,8|8|6|5|2|2|1,7,5,46557,silent,46552
8,8|8|6|4|4|1|1,7,2,31582,silent,31580
8,8|8|6|4|3|2|1,7,7,91871,silent,91864
8,8|8|6|4|2|2|2,7,5,39196,silent,39191
8,8|8|6|3|3|3|1,7,1,30268,silent,30267
8,8|8|6|3|3|2|2,7,0,-1,a0,
8,8|8|5|5|4|1|1,7,4,25272,silent,25268
8,8|8|5|5|3|2|1,7,3,59037,silent,59034
8,8|8|5|5|2|2|2,7,0,-1,a0,
8,8|8|5|4|4|2|1,7,5,53857,silent,53852
8,8|8|5|4|3|3|1,7,2,55316,silent,55314
8,8|8|5|4|3|2|2,7,2,64642,silent,64640
8,8|8|5|3|3|3|2,7,0,-1,a0,
8,8|8|4|4|4|3|1,7,1,20345,silent,20344
8,8|8|4|4|4|2|2,7,4,19982,silent,19978
8,8|8|4|4|3|3|2,7,0,-1,a0,
8,8|8|4|3|3|3|3,7,0,-1,a0,
8,8|7|7|7|1|1|1,7,0,-1,a0,
8,8|7|7|6|2|1|1,7,4,14377,silent,14373
8,8|7|7|5|3|1|1,7,3,35547,silent,35544
8,8|7|7|5|2|2|1,7,3,34512,silent,34509
8,8|7|7|4|4|1|1,7,6,22721,silent,22715
8,8|7|7|4|3|2|1,7,4,64084,silent,64080
8,8|7|7|4|2|2|2,7,0,-1,a0,
8,8|7|7|3|3|3|1,7,0,-1,a0,
8,8|7|7|3|3|2|2,7,1,25552,silent,25551
8,8|7|6|6|3|1|1,7,3,27583,silent,27580
8,8|7|6|6|2|2|1,7,2,26437,silent,26435
8,8|7|6|5|4|1|1,7,4,48605,silent,48601
8,8|7|6|5|3|2|1,7,7,110643,silent,110636
8,8|7|6|5|2|2|2,7,2,42879,silent,42877
8,8|7|6|4|4|2|1,7,7,82311,silent,82304
8,8|7|6|4|3|3|1,7,3,82242,silent,82239
8,8|7|6|4|3|2|2,7,3,95363,silent,95360
8,8|7|6|3|3|3|2,7,0,-1,a0,
8,8|7|5|5|5|1|1,7,0,-1,a0,
8,8|7|5|5|4|2|1,7,3,71310,silent,71307
8,8|7|5|5|3|3|1,7,1,59415,silent,59414
8,8|7|5|5|3|2|2,7,1,66932,silent,66931
8,8|7|5|4|4|3|1,7,6,68869,silent,68863
8,8|7|5|4|4|2|2,7,2,64606,silent,64604
8,8|7|5|4|3|3|2,7,1,84298,silent,84297
8,8|7|5|3|3|3|3,7,0,-1,a0,
8,8|7|4|4|4|4|1,7,3,11652,silent,11649
8,8|7|4|4|4|3|2,7,2,33985,silent,33983
8,8|7|4|4|3|3|3,7,0,-1,a0,
8,8|6|6|6|4|1|1,7,0,-1,a0,
8,8|6|6|6|3|2|1,7,2,27839,silent,27837
8,8|6|6|6|2|2|2,7,3,10867,silent,10864
8,8|6|6|5|5|1|1,7,1,11744,silent,11743
8,8|6|6|5|4|2|1,7,3,58631,silent,58628
8,8|6|6|5|3|3|1,7,1,47387,silent,47386
8,8|6|6|5|3|2|2,7,1,53323,silent,53322
8,8|6|6|4|4|3|1,7,2,45716,silent,45714
8,8|6|6|4|4|2|2,7,5,43458,silent,43453
8,8|6|6|4|3|3|2,7,0,-1,a0,
8,8|6|6|3|3|3|3,7,0,-1,a0,
8,8|6|5|5|5|2|1,7,0,-1,a0,
8,8|6|5|5|4|3|1,7,1,51535,silent,51534
8,8|6|5|5|4|2|2,7,0,-1,a0,
8,8|6|5|5|3|3|2,7,1,49753,silent,49752
8,8|6|5|4|4|4|1,7,2,21856,silent,21854
8,8|6|5|4|4|3|2,7,2,61938,silent,61936
8,8|6|5|4|3|3|3,7,0,-1,a0,
8,8|6|4|4|4|4|2,7,4,13062,silent,13058
8,8|6|4|4|4|3|3,7,0,-1,a0,
8,8|5|5|5|5|3|1,7,0,-1,a0,
8,8|5|5|5|5|2|2,7,0,-1,a0,
8,8|5|5|5|4|4|1,7,0,-1,a0,
8,8|5|5|5|4|3|2,7,0,-1,a0,
8,8|5|5|5|3|3|3,7,0,-1,a0,
8,8|5|5|4|4|4|2,7,0,-1,a0,
8,8|5|5|4|4|3|3,7,1,13089,silent,13088
8,8|5|4|4|4|4|3,7,1,4510,silent,4509
8,8|4|4|4|4|4|4,7,2,427,silent,425
8,25|1|1|1|1|1|1|1,8,0,-1,a0,
8,24|2|1|1|1|1|1|1,8,0,-1,a0,
8,23|3|1|1|1|1|1|1,8,0,-1,a0,
8,23|2|2|1|1|1|1|1,8,0,-1,a0,
8,22|4|1|1|1|1|1|1,8,0,-1,a0,
8,22|3|2|1|1|1|1|1,8,0,-1,a0,
8,22|2|2|2|1|1|1|1,8,0,-1,a0,
8,21|5|1|1|1|1|1|1,8,0,-1,a0,
8,21|4|2|1|1|1|1|1,8,0,-1,a0,
8,21|3|3|1|1|1|1|1,8,0,-1,a0,
8,21|3|2|2|1|1|1|1,8,0,-1,a0,
8,21|2|2|2|2|1|1|1,8,0,-1,a0,
8,20|6|1|1|1|1|1|1,8,0,-1,a0,
8,20|5|2|1|1|1|1|1,8,0,-1,a0,
8,20|4|3|1|1|1|1|1,8,0,-1,a0,
8,20|4|2|2|1|1|1|1,8,0,-1,a0,
8,20|3|3|2|1|1|1|1,8,0,-1,a0,
8,20|3|2|2|2|1|1|1,8,0,-1,a0,
8,20|2|2|2|2|2|1|1,8,0,-1,a0,
8,19|7|1|1|1|1|1|1,8,0,-1,a0,
8,19|6|2|1|1|1|1|1,8,0,-1,a0,
8,19|5|3|1|1|1|1|1,8,0,-1,a0,
8,19|5|2|2|1|1|1|1,8,0,-1,a0,
8,19|4|4|1|1|1|1|1,8,0,-1,a0,
8,19|4|3|2|1|1|1|1,8,0,-1,a0,
8,19|4|2|2|2|1|1|1,8,0,-1,a0,
8,19|3|3|3|1|1|1|1,8,0,-1,a0,
8,19|3|3|2|2|1|1|1,8,0,-1,a0,
8,19|3|2|2|2|2|1|1,8,0,-1,a0,
8,19|2|2|2|2|2|2|1,8,0,-1,a0,
8,18|8|1|1|1|1|1|1,8,0,-1,a0,
8,18|7|2|1|1|1|1|1,8,0,-1,a0,
8,18|6|3|1|1|1|1|1,8,0,-1,a0,
8,18|6|2|2|1|1|1|1,8,0,-1,a0,
8,18|5|4|1|1|1|1|1,8,0,-1,a0,
8,18|5|3|2|1|1|1|1,8,0,-1,a0,
8,18|5|2|2|2|1|1|1,8,0,-1,a0,
8,18|4|4|2|1|1|1|1,8,0,-1,a0,
8,18|4|3|3|1|1|1|1,8,0,-1,a0,
8,18|4|3|2|2|1|1|1,8,0,-1,a0,
8,18|4|2|2|2|2|1|1,8,0,-1,a0,
8,18|3|3|3|2|1|1|1,8,0,-1,a0,
8,18|3|3|2|2|2|1|1,8,0,-1,a0,
8,18|3|2|2|2|2|2|1,8,0,-1,a0,
8,18|2|2|2|2|2|2|2,8,1,21,silent,20
8,17|9|1|1|1|1|1|1,8,0,-1,a0,
8,17|8|2|1|1|1|1|1,8,0,-1,a0,
8,17|7|3|1|1|1|1|1,8,0,-1,a0,
8,17|7|2|2|1|1|1|1,8,0,-1,a0,
8,17|6|4|1|1|1|1|1,8,0,-1,a0,
8,17|6|3|2|1|1|1|1,8,0,-1,a0,
8,17|6|2|2|2|1|1|1,8,0,-1,a0,
8,17|5|5|1|1|1|1|1,8,0,-1,a0,
8,17|5|4|2|1|1|1|1,8,0,-1,a0,
8,17|5|3|3|1|1|1|1,8,0,-1,a0,
8,17|5|3|2|2|1|1|1,8,0,-1,a0,
8,17|5|2|2|2|2|1|1,8,0,-1,a0,
8,17|4|4|3|1|1|1|1,8,0,-1,a0,
8,17|4|4|2|2|1|1|1,8,0,-1,a0,
8,17|4|3|3|2|1|1|1,8,0,-1,a0,
8,17|4|3|2|2|2|1|1,8,0,-1,a0,
8,17|4|2|2|2|2|2|1,8,1,281,silent,280
8,17|3|3|3|3|1|1|1,8,0,-1,a0,
8,17|3|3|3|2|2|1|1,8,0,-1,a0,
8,17|3|3|2|2|2|2|1,8,0,-1,a0,
8,17|3|2|2|2|2|2|2,8,0,-1,a0,
8,16|10|1|1|1|1|1|1,8,0,-1,a0,
8,16|9|2|1|1|1|1|1,8,0,-1,a0,
8,16|8|3|1|1|1|1|1,8,0,-1,a0,
8,16|8|2|2|1|1|1|1,8,0,-1,a0,
8,16|7|4|1|1|1|1|1,8,0,-1,a0,
8,16|7|3|2|1|1|1|1,8,0,-1,a0,
8,16|7|2|2|2|1|1|1,8,0,-1,a0,
8,16|6|5|1|1|1|1|1,8,0,-1,a0,
8,16|6|4|2|1|1|1|1,8,0,-1,a0,
8,16|6|3|3|1|1|1|1,8,0,-1,a0,
8,16|6|3|2|2|1|1|1,8,0,-1,a0,
8,16|6|2|2|2|2|1|1,8,0,-1,a0,
8,16|5|5|2|1|1|1|1,8,0,-1,a0,
8,16|5|4|3|1|1|1|1,8,0,-1,a0,
8,16|5|4|2|2|1|1|1,8,0,-1,a0,
8,16|5|3|3|2|1|1|1,8,0,-1,a0,
8,16|5|3|2|2|2|1|1,8,1,3247,silent,3246
8,16|5|2|2|2|2|2|1,8,1,704,silent,703
8,16|4|4|4|1|1|1|1,8,0,-1,a0,
8,16|4|4|3|2|1|1|1,8,0,-1,a0,
8,16|4|4|2|2|2|1|1,8,0,-1,a0,
8,16|4|3|3|3|1|1|1,8,0,-1,a0,
8,16|4|3|3|2|2|1|1,8,0,-1,a0,
8,16|4|3|2|2|2|2|1,8,0,-1,a0,
8,16|4|2|2|2|2|2|2,8,1,237,silent,236
8,16|3|3|3|3|2|1|1,8,0,-1,a0,
8,16|3|3|3|2|2|2|1,8,0,-1,a0,
8,16|3|3|2|2|2|2|2,8,0,-1,a0,
8,15|11|1|1|1|1|1|1,8,0,-1,a0,
8,15|10|2|1|1|1|1|1,8,0,-1,a0,
8,15|9|3|1|1|1|1|1,8,0,-1,a0,
8,15|9|2|2|1|1|1|1,8,0,-1,a0,
8,15|8|4|1|1|1|1|1,8,0,-1,a0,
8,15|8|3|2|1|1|1|1,8,0,-1,a0,
8,15|8|2|2|2|1|1|1,8,0,-1,a0,
8,15|7|5|1|1|1|1|1,8,0,-1,a0,
8,15|7|4|2|1|1|1|1,8,0,-1,a0,
8,15|7|3|3|1|1|1|1,8,0,-1,a0,
8,15|7|3|2|2|1|1|1,8,0,-1,a0,
8,15|7|2|2|2|2|1|1,8,1,2018,silent,2017
8,15|6|6|1|1|1|1|1,8,0,-1,a0,
8,15|6|5|2|1|1|1|1,8,0,-1,a0,
8,15|6|4|3|1|1|1|1,8,0,-1,a0,
8,15|6|4|2|2|1|1|1,8,0,-1,a0,
8,15|6|3|3|2|1|1|1,8,1,9491,silent,9490
8,15|6|3|2|2|2|1|1,8,1,6753,silent,6752
8,15|6|2|2|2|2|2|1,8,1,1395,silent,1394
8,15|5|5|3|1|1|1|1,8,0,-1,a0,
8,15|5|5|2|2|1|1|1,8,1,5577,silent,5576
8,15|5|4|4|1|1|1|1,8,0,-1,a0,
8,15|5|4|3|2|1|1|1,8,0,-1,a0,
8,15|5|4|2|2|2|1|1,8,1,7503,silent,7502
8,15|5|3|3|3|1|1|1,8,0,-1,a0,
8,15|5|3|3|2|2|1|1,8,0,-1,a0,
8,15|5|3|2|2|2|2|1,8,1,3528,silent,3527
8,15|5|2|2|2|2|2|2,8,0,-1,a0,
8,15|4|4|4|2|1|1|1,8,0,-1,a0,
8,15|4|4|3|3|1|1|1,8,0,-1,a0,
8,15|4|4|3|2|2|1|1,8,0,-1,a0,
8,15|4|4|2|2|2|2|1,8,1,2222,silent,2221
8,15|4|3|3|3|2|1|1,8,0,-1,a0,
8,15|4|3|3|2|2|2|1,8,0,-1,a0,
8,15|4|3|2|2|2|2|2,8,0,-1,a0,
8,15|3|3|3|3|3|1|1,8,0,-1,a0,
8,15|3|3|3|3|2|2|1,8,0,-1,a0,
8,15|3|3|3|2|2|2|2,8,0,-1,a0,
8,14|12|1|1|1|1|1|1,8,0,-1,a0,
8,14|11|2|1|1|1|1|1,8,0,-1,a0,
8,14|10|3|1|1|1|1|1,8,0,-1,a0,
8,14|10|2|2|1|1|1|1,8,0,-1,a0,
8,14|9|4|1|1|1|1|1,8,0,-1,a0,
8,14|9|3|2|1|1|1|1,8,0,-1,a0,
8,14|9|2|2|2|1|1|1,8,0,-1,a0,
8,14|8|5|1|1|1|1|1,8,0,-1,a0,
8,14|8|4|2|1|1|1|1,8,0,-1,a0,
8,14|8|3|3|1|1|1|1,8,0,-1,a0,
8,14|8|3|2|2|1|1|1,8,1,9338,silent,9337
8,14|8|2|2|2|2|1|1,8,0,-1,a0,
8,14|7|6|1|1|1|1|1,8,0,-1,a0,
8,14|7|5|2|1|1|1|1,8,0,-1,a0,
8,14|7|4|3|1|1|1|1,8,0,-1,a0,
8,14|7|4|2|2|1|1|1,8,1,18226,silent,18225
8,14|7|3|3|2|1|1|1,8,1,15586,silent,15585
8,14|7|3|2|2|2|1|1,8,2,11001,silent,10999
8,14|7|2|2|2|2|2|1,8,1,2183,silent,2182
8,14|6|6|2|1|1|1|1,8,0,-1,a0,
8,14|6|5|3|1|1|1|1,8,1,15548,silent,15547
8,14|6|5|2|2|1|1|1,8,1,16559,silent,16558
8,14|6|4|4|1|1|1|1,8,0,-1,a0,
8,14|6|4|3|2|1|1|1,8,1,30955,silent,30954
8,14|6|4|2|2|2|1|1,8,1,17126,silent,17125
8,14|6|3|3|3|1|1|1,8,0,-1,a0,
8,14|6|3|3|2|2|1|1,8,1,16749,silent,16748
8,14|6|3|2|2|2|2|1,8,1,7343,silent,7342
8,14|6|2|2|2|2|2|2,8,1,1030,silent,1029
8,14|5|5|4|1|1|1|1,8,0,-1,a0,
8,14|5|5|3|2|1|1|1,8,1,17274,silent,17273
8,14|5|5|2|2|2|1|1,8,2,9225,silent,9223
8,14|5|4|4|2|1|1|1,8,0,-1,a0,
8,14|5|4|3|3|1|1|1,8,0,-1,a0,
8,14|5|4|3|2|2|1|1,8,1,23754,silent,23753
8,14|5|4|2|2|2|2|1,8,1,8381,silent,8380
8,14|5|3|3|3|2|1|1,8,0,-1,a0,
8,14|5|3|3|2|2|2|1,8,0,-1,a0,
8,14|5|3|2|2|2|2|2,8,0,-1,a0,
8,14|4|4|4|3|1|1|1,8,0,-1,a0,
8,14|4|4|4|2|2|1|1,8,0,-1,a0,
8,14|4|4|3|3|2|1|1,8,0,-1,a0,
8,14|4|4|3|2|2|2|1,8,0,-1,a0,
8,14|4|4|2|2|2|2|2,8,1,1644,silent,1643
8,14|4|3|3|3|3|1|1,8,0,-1,a0,
8,14|4|3|3|3|2|2|1,8,0,-1,a0,
8,14|4|3|3|2|2|2|2,8,0,-1,a0,
8,14|3|3|3|3|3|2|1,8,0,-1,a0,
8,14|3|3|3|3|2|2|2,8,0,-1,a0,
8,13|13|1|1|1|1|1|1,8,0,-1,a0,
8,13|12|2|1|1|1|1|1,8,0,-1,a0,
8,13|11|3|1|1|1|1|1,8,0,-1,a0,
8,13|11|2|2|1|1|1|1,8,0,-1,a0,
8,13|10|4|1|1|1|1|1,8,0,-1,a0,
8,13|10|3|2|1|1|1|1,8,0,-1,a0,
8,13|10|2|2|2|1|1|1,8,0,-1,a0,
8,13|9|5|1|1|1|1|1,8,0,-1,a0,
8,13|9|4|2|1|1|1|1,8,0,-1,a0,
8,13|9|3|3|1|1|1|1,8,1,6989,silent,6988
8,13|9|3|2|2|1|1|1,8,1,9826,silent,9825
8,13|9|2|2|2|2|1|1,8,1,2779,silent,2778
8,13|8|6|1|1|1|1|1,8,0,-1,a0,
8,13|8|5|2|1|1|1|1,8,1,16445,silent,16444
8,13|8|4|3|1|1|1|1,8,1,21126,silent,21125
8,13|8|4|2|2|1|1|1,8,1,23630,silent,23629
8,13|8|3|3|2|1|1|1,8,1,19876,silent,19875
8,13|8|3|2|2|2|1|1,8,2,13882,silent,13880
8,13|8|2|2|2|2|2|1,8,1,2722,silent,2721
8,13|7|7|1|1|1|1|1,8,0,-1,a0,
8,13|7|6|2|1|1|1|1,8,0,-1,a0,
8,13|7|5|3|1|1|1|1,8,1,28309,silent,28308
8,13|7|5|2|2|1|1|1,8,3,29936,silent,29933
8,13|7|4|4|1|1|1|1,8,0,-1,a0,
8,13|7|4|3|2|1|1|1,8,2,51308,silent,51306
8,13|7|4|2|2|2|1|1,8,3,28370,silent,28367
8,13|7|3|3|3|1|1|1,8,1,16121,silent,16120
8,13|7|3|3|2|2|1|1,8,1,26361,silent,26360
8,13|7|3|2|2|2|2|1,8,1,11455,silent,11454
8,13|7|2|2|2|2|2|2,8,0,-1,a0,
8,13|6|6|3|1|1|1|1,8,1,13946,silent,13945
8,13|6|6|2|2|1|1|1,8,0,-1,a0,
8,13|6|5|4|1|1|1|1,8,1,21037,silent,21036
8,13|6|5|3|2|1|1|1,8,3,51200,silent,51197
8,13|6|5|2|2|2|1|1,8,2,26340,silent,26338
8,13|6|4|4|2|1|1|1,8,0,-1,a0,
8,13|6|4|3|3|1|1|1,8,1,35864,silent,35863
8,13|6|4|3|2|2|1|1,8,2,54125,silent,54123
8,13|6|4|2|2|2|2|1,8,2,18684,silent,18682
8,13|6|3|3|3|2|1|1,8,0,-1,a0,
8,13|6|3|3|2|2|2|1,8,0,-1,a0,
8,13|6|3|2|2|2|2|2,8,0,-1,a0,
8,13|5|5|5|1|1|1|1,8,1,4353,silent,4352
8,13|5|5|4|2|1|1|1,8,2,24873,silent,24871
8,13|5|5|3|3|1|1|1,8,0,-1,a0,
8,13|5|5|3|2|2|1|1,8,1,30860,silent,30859
8,13|5|5|2|2|2|2|1,8,0,-1,a0,
8,13|5|4|4|3|1|1|1,8,0,-1,a0,
8,13|5|4|4|2|2|1|1,8,1,27468,silent,27467
8,13|5|4|3|3|2|1|1,8,0,-1,a0,
8,13|5|4|3|2|2|2|1,8,1,27042,silent,27041
8,13|5|4|2|2|2|2|2,8,0,-1,a0,
8,13|5|3|3|3|3|1|1,8,0,-1,a0,
8,13|5|3|3|3|2|2|1,8,0,-1,a0,
8,13|5|3|3|2|2|2|2,8,0,-1,a0,
8,13|4|4|4|4|1|1|1,8,0,-1,a0,
8,13|4|4|4|3|2|1|1,8,0,-1,a0,
8,13|4|4|4|2|2|2|1,8,1,7609,silent,7608
8,13|4|4|3|3|3|1|1,8,0,-1,a0,
8,13|4|4|3|3|2|2|1,8,0,-1,a0,
8,13|4|4|3|2|2|2|2,8,0,-1,a0,
8,13|4|3|3|3|3|2|1,8,0,-1,a0,
8,13|4|3|3|3|2|2|2,8,0,-1,a0,
8,13|3|3|3|3|3|3|1,8,0,-1,a0,
8,13|3|3|3|3|3|2|2,8,0,-1,a0,
8,12|12|3|1|1|1|1|1,8,0,-1,a0,
8,12|12|2|2|1|1|1|1,8,0,-1,a0,
8,12|11|4|1|1|1|1|1,8,0,-1,a0,
8,12|11|3|2|1|1|1|1,8,0,-1,a0,
8,12|11|2|2|2|1|1|1,8,0,-1,a0,
8,12|10|5|1|1|1|1|1,8,0,-1,a0,
8,12|10|4|2|1|1|1|1,8,1,8392,silent,8391
8,12|10|3|3|1|1|1|1,8,0,-1,a0,
8,12|10|3|2|2|1|1|1,8,1,7585,silent,7584
8,12|10|2|2|2|2|1|1,8,0,-1,a0,
8,12|9|6|1|1|1|1|1,8,0,-1,a0,
8,12|9|5|2|1|1|1|1,8,1,16303,silent,16302
8,12|9|4|3|1|1|1|1,8,1,20534,silent,20533
8,12|9|4|2|2|1|1|1,8,2,22975,silent,22973
8,12|9|3|3|2|1|1|1,8,2,19102,silent,19100
8,12|9|3|2|2|2|1|1,8,1,13328,silent,13327
8,12|9|2|2|2|2|2|1,8,1,2578,silent,2577
8,12|8|7|1|1|1|1|1,8,0,-1,a0,
8,12|8|6|2|1|1|1|1,8,2,18568,silent,18566
8,12|8|5|3|1|1|1|1,8,2,35973,silent,35971
8,12|8|5|2|2|1|1|1,8,3,37692,silent,37689
8,12|8|4|4|1|1|1|1,8,1,20956,silent,20955
8,12|8|4|3|2|1|1|1,8,3,62256,silent,62253
8,12|8|4|2|2|2|1|1,8,2,33995,silent,33993
8,12|8|3|3|3|1|1|1,8,0,-1,a0,
8,12|8|3|3|2|2|1|1,8,2,31337,silent,31335
8,12|8|3|2|2|2|2|1,8,1,13489,silent,13488
8,12|8|2|2|2|2|2|2,8,1,1731,silent,1730
8,12|7|7|2|1|1|1|1,8,0,-1,a0,
8,12|7|6|3|1|1|1|1,8,1,30844,silent,30843
8,12|7|6|2|2|1|1|1,8,2,31320,silent,31318
8,12|7|5|4|1|1|1|1,8,2,36756,silent,36754
8,12|7|5|3|2|1|1|1,8,5,87853,silent,87848
8,12|7|5|2|2|2|1|1,8,4,44864,silent,44860
8,12|7|4|4|2|1|1|1,8,2,56499,silent,56497
8,12|7|4|3|3|1|1|1,8,1,56080,silent,56079
8,12|7|4|3|2|2|1|1,8,3,84515,silent,84512
8,12|7|4|2|2|2|2|1,8,2,28711,silent,28709
8,12|7|3|3|3|2|1|1,8,0,-1,a0,
8,12|7|3|3|2|2|2|1,8,0,-1,a0,
8,12|7|3|2|2|2|2|2,8,0,-1,a0,
8,12|6|6|4|1|1|1|1,8,1,19728,silent,19727
8,12|6|6|3|2|1|1|1,8,2,43529,silent,43527
8,12|6|6|2|2|2|1|1,8,0,-1,a0,
8,12|6|5|5|1|1|1|1,8,1,14120,silent,14119
8,12|6|5|4|2|1|1|1,8,3,72910,silent,72907
8,12|6|5|3|3|1|1|1,8,2,58878,silent,58876
8,12|6|5|3|2|2|1|1,8,3,86606,silent,86603
8,12|6|5|2|2|2|2|1,8,1,27115,silent,27114
8,12|6|4|4|3|1|1|1,8,1,51361,silent,51360
8,12|6|4|4|2|2|1|1,8,1,61919,silent,61918
8,12|6|4|3|3|2|1|1,8,1,79203,silent,79202
8,12|6|4|3|2|2|2|1,8,1,58563,silent,58562
8,12|6|4|2|2|2|2|2,8,1,11933,silent,11932
8,12|6|3|3|3|3|1|1,8,0,-1,a0,
8,12|6|3|3|3|2|2|1,8,0,-1,a0,
8,12|6|3|3|2|2|2|2,8,0,-1,a0,
8,12|5|5|5|2|1|1|1,8,2,16207,silent,16205
8,12|5|5|4|3|1|1|1,8,1,37248,silent,37247
8,12|5|5|4|2|2|1|1,8,2,44720,silent,44718
8,12|5|5|3|3|2|1|1,8,0,-1,a0,
8,12|5|5|3|2|2|2|1,8,0,-1,a0,
8,12|5|5|2|2|2|2|2,8,0,-1,a0,
8,12|5|4|4|4|1|1|1,8,0,-1,a0,
8,12|5|4|4|3|2|1|1,8,1,52564,silent,52563
8,12|5|4|4|2|2|2|1,8,1,31052,silent,31051
8,12|5|4|3|3|3|1|1,8,0,-1,a0,
8,12|5|4|3|3|2|2|1,8,0,-1,a0,
8,12|5|4|3|2|2|2|2,8,0,-1,a0,
8,12|5|3|3|3|3|2|1,8,0,-1,a0,
8,12|5|3|3|3|2|2|2,8,0,-1,a0,
8,12|4|4|4|4|2|1|1,8,0,-1,a0,
8,12|4|4|4|3|3|1|1,8,0,-1,a0,
8,12|4|4|4|3|2|2|1,8,0,-1,a0,
8,12|4|4|4|2|2|2|2,8,1,5355,silent,5354
8,12|4|4|3|3|3|2|1,8,0,-1,a0,
8,12|4|4|3|3|2|2|2,8,0,-1,a0,
8,12|4|3|3|3|3|3|1,8,0,-1,a0,
8,12|4|3|3|3|3|2|2,8,0,-1,a0,
8,12|3|3|3|3|3|3|2,8,0,-1,a0,
8,11|11|5|1|1|1|1|1,8,0,-1,a0,
8,11|11|4|2|1|1|1|1,8,0,-1,a0,
8,11|11|3|3|1|1|1|1,8,1,2081,silent,2080
8,11|11|3|2|2|1|1|1,8,0,-1,a0,
8,11|11|2|2|2|2|1|1,8,1,846,silent,845
8,11|10|6|1|1|1|1|1,8,1,2634,silent,2633
8,11|10|5|2|1|1|1|1,8,1,10305,silent,10304
8,11|10|4|3|1|1|1|1,8,1,12832,silent,12831
8,11|10|4|2|2|1|1|1,8,1,14307,silent,14306
8,11|10|3|3|2|1|1|1,8,1,11850,silent,11849
8,11|10|3|2|2|2|1|1,8,1,8235,silent,8234
8,11|10|2|2|2|2|2|1,8,0,-1,a0,
8,11|9|7|1|1|1|1|1,8,0,-1,a0,
8,11|9|6|2|1|1|1|1,8,1,16487,silent,16486
8,11|9|5|3|1|1|1|1,8,3,31002,silent,30999
8,11|9|5|2|2|1|1|1,8,3,32414,silent,32411
8,11|9|4|4|1|1|1|1,8,0,-1,a0,
8,11|9|4|3|2|1|1|1,8,3,52457,silent,52454
8,11|9|4|2|2|2|1|1,8,3,28807,silent,28804
8,11|9|3|3|3|1|1|1,8,1,16011,silent,16010
8,11|9|3|3|2|2|1|1,8,0,-1,a0,
8,11|9|3|2|2|2|2|1,8,1,11180,silent,11179
8,11|9|2|2|2|2|2|2,8,0,-1,a0,
8,11|8|8|1|1|1|1|1,8,1,1428,silent,1427
8,11|8|7|2|1|1|1|1,8,1,13411,silent,13410
8,11|8|6|3|1|1|1|1,8,3,38627,silent,38624
8,11|8|6|2|2|1|1|1,8,2,38870,silent,38868
8,11|8|5|4|1|1|1|1,8,3,42406,silent,42403
8,11|8|5|3|2|1|1|1,8,5,99967,silent,99962
8,11|8|5|2|2|2|1|1,8,3,50556,silent,50553
8,11|8|4|4|2|1|1|1,8,2,62246,silent,62244
8,11|8|4|3|3|1|1|1,8,2,61289,silent,61287
8,11|8|4|3|2|2|1|1,8,3,91983,silent,91980
8,11|8|4|2|2|2|2|1,8,2,31065,silent,31063
8,11|8|3|3|3|2|1|1,8,0,-1,a0,
8,11|8|3|3|2|2|2|1,8,0,-1,a0,
8,11|8|3|2|2|2|2|2,8,0,-1,a0,
8,11|7|7|3|1|1|1|1,8,1,17980,silent,17979
8,11|7|7|2|2|1|1|1,8,2,18199,silent,18197
8,11|7|6|4|1|1|1|1,8,1,40596,silent,40595
8,11|7|6|3|2|1|1|1,8,4,88884,silent,88880
8,11|7|6|2|2|2|1|1,8,3,43535,silent,43532
8,11|7|5|5|1|1|1|1,8,2,23786,silent,23784
8,11|7|5|4|2|1|1|1,8,6,117132,silent,117126
8,11|7|5|3|3|1|1|1,8,2,92886,silent,92884
8,11|7|5|3|2|2|1|1,8,4,135998,silent,135994
8,11|7|5|2|2|2|2|1,8,1,42017,silent,42016
8,11|7|4|4|3|1|1|1,8,1,75232,silent,75231
8,11|7|4|4|2|2|1|1,8,4,91068,silent,91064
8,11|7|4|3|3|2|1|1,8,1,113486,silent,113485
8,11|7|4|3|2|2|2|1,8,1,83601,silent,83600
8,11|7|4|2|2|2|2|2,8,0,-1,a0,
8,11|7|3|3|3|3|1|1,8,0,-1,a0,
8,11|7|3|3|3|2|2|1,8,0,-1,a0,
8,11|7|3|3|2|2|2|2,8,0,-1,a0,
8,11|6|6|5|1|1|1|1,8,1,16069,silent,16068
8,11|6|6|4|2|1|1|1,8,1,63297,silent,63296
8,11|6|6|3|3|1|1|1,8,2,47824,silent,47822
8,11|6|6|3|2|2|1|1,8,2,68526,silent,68524
8,11|6|6|2|2|2|2|1,8,1,20722,silent,20721
8,11|6|5|5|2|1|1|1,8,3,48458,silent,48455
8,11|6|5|4|3|1|1|1,8,3,102735,silent,102732
8,11|6|5|4|2|2|1|1,8,3,121161,silent,121158
8,11|6|5|3|3|2|1|1,8,1,123056,silent,123055
8,11|6|5|3|2|2|2|1,8,1,87702,silent,87701
8,11|6|5|2|2|2|2|2,8,0,-1,a0,
8,11|6|4|4|4|1|1|1,8,0,-1,a0,
8,11|6|4|4|3|2|1|1,8,2,111447,silent,111445
8,11|6|4|4|2|2|2|1,8,2,65159,silent,65157
8,11|6|4|3|3|3|1|1,8,0,-1,a0,
8,11|6|4|3|3|2|2|1,8,0,-1,a0,
8,11|6|4|3|2|2|2|2,8,0,-1,a0,
8,11|6|3|3|3|3|2|1,8,0,-1,a0,
8,11|6|3|3|3|2|2|2,8,0,-1,a0,
8,11|5|5|5|3|1|1|1,8,1,25051,silent,25050
8,11|5|5|5|2|2|1|1,8,0,-1,a0,
8,11|5|5|4|4|1|1|1,8,2,24243,silent,24241
8,11|5|5|4|3|2|1|1,8,1,82893,silent,82892
8,11|5|5|4|2|2|2|1,8,0,-1,a0,
8,11|5|5|3|3|3|1|1,8,0,-1,a0,
8,11|5|5|3|3|2|2|1,8,0,-1,a0,
8,11|5|5|3|2|2|2|2,8,0,-1,a0,
8,11|5|4|4|4|2|1|1,8,1,34340,silent,34339
8,11|5|4|4|3|3|1|1,8,0,-1,a0,
8,11|5|4|4|3|2|2|1,8,1,61985,silent,61984
8,11|5|4|4|2|2|2|2,8,0,-1,a0,
8,11|5|4|3|3|3|2|1,8,0,-1,a0,
8,11|5|4|3|3|2|2|2,8,0,-1,a0,
8,11|5|3|3|3|3|3|1,8,0,-1,a0,
8,11|5|3|3|3|3|2|2,8,0,-1,a0,
8,11|4|4|4|4|3|1|1,8,0,-1,a0,
8,11|4|4|4|4|2|2|1,8,1,10622,silent,10621
8,11|4|4|4|3|3|2|1,8,0,-1,a0,
8,11|4|4|4|3|2|2|2,8,0,-1,a0,
8,11|4|4|3|3|3|3|1,8,0,-1,a0,
8,11|4|4|3|3|3|2|2,8,0,-1,a0,
8,11|4|3|3|3|3|3|2,8,0,-1,a0,
8,11|3|3|3|3|3|3|3,8,0,-1,a0,
8,10|10|7|1|1|1|1|1,8,0,-1,a0,
8,10|10|6|2|1|1|1|1,8,1,6771,silent,6770
8,10|10|5|3|1|1|1|1,8,1,12311,silent,12310
8,10|10|5|2|2|1|1|1,8,1,12832,silent,12831
8,10|10|4|4|1|1|1|1,8,2,7091,silent,7089
8,10|10|4|3|2|1|1|1,8,1,20642,silent,20641
8,10|10|4|2|2|2|1|1,8,0,-1,a0,
8,10|10|3|3|3|1|1|1,8,0,-1,a0,
8,10|10|3|3|2|2|1|1,8,1,10265,silent,10264
8,10|10|3|2|2|2|2|1,8,0,-1,a0,
8,10|10|2|2|2|2|2|2,8,1,594,silent,593
8,10|9|8|1|1|1|1|1,8,0,-1,a0,
8,10|9|7|2|1|1|1|1,8,1,10229,silent,10228
8,10|9|6|3|1|1|1|1,8,2,27187,silent,27185
8,10|9|6|2|2|1|1|1,8,2,27387,silent,27385
8,10|9|5|4|1|1|1|1,8,1,28881,silent,28880
8,10|9|5|3|2|1|1|1,8,4,67787,silent,67783
8,10|9|5|2|2|2|1|1,8,2,34237,silent,34235
8,10|9|4|4|2|1|1|1,8,2,41630,silent,41628
8,10|9|4|3|3|1|1|1,8,1,40729,silent,40728
8,10|9|4|3|2|2|1|1,8,2,61127,silent,61125
8,10|9|4|2|2|2|2|1,8,1,20541,silent,20540
8,10|9|3|3|3|2|1|1,8,0,-1,a0,
8,10|9|3|3|2|2|2|1,8,0,-1,a0,
8,10|9|3|2|2|2|2|2,8,0,-1,a0,
8,10|8|8|2|1|1|1|1,8,1,5178,silent,5177
8,10|8|7|3|1|1|1|1,8,1,24698,silent,24697
8,10|8|7|2|2|1|1|1,8,2,24566,silent,24564
8,10|8|6|4|1|1|1|1,8,4,43769,silent,43765
8,10|8|6|3|2|1|1|1,8,4,94204,silent,94200
8,10|8|6|2|2|2|1|1,8,1,45523,silent,45522
8,10|8|5|5|1|1|1|1,8,1,23710,silent,23709
8,10|8|5|4|2|1|1|1,8,5,114624,silent,114619
8,10|8|5|3|3|1|1|1,8,2,90237,silent,90235
8,10|8|5|3|2|2|1|1,8,4,131596,silent,131592
8,10|8|5|2|2|2|2|1,8,2,40435,silent,40433
8,10|8|4|4|3|1|1|1,8,3,70939,silent,70936
8,10|8|4|4|2|2|1|1,8,1,85054,silent,85053
8,10|8|4|3|3|2|1|1,8,1,105795,silent,105794
8,10|8|4|3|2|2|2|1,8,1,77540,silent,77539
8,10|8|4|2|2|2|2|2,8,1,15378,silent,15377
8,10|8|3|3|3|3|1|1,8,0,-1,a0,
8,10|8|3|3|3|2|2|1,8,0,-1,a0,
8,10|8|3|3|2|2|2|2,8,0,-1,a0,
8,10|7|7|4|1|1|1|1,8,1,21801,silent,21800
8,10|7|7|3|2|1|1|1,8,2,46305,silent,46303
8,10|7|7|2|2|2|1|1,8,2,22445,silent,22443
8,10|7|6|5|1|1|1|1,8,1,30549,silent,30548
8,10|7|6|4|2|1|1|1,8,4,116360,silent,116356
8,10|7|6|3|3|1|1|1,8,2,85957,silent,85955
8,10|7|6|3|2|2|1|1,8,3,123342,silent,123339
8,10|7|6|2|2|2|2|1,8,1,36625,silent,36624
8,10|7|5|5|2|1|1|1,8,3,71637,silent,71634
8,10|7|5|4|3|1|1|1,8,4,146253,silent,146249
8,10|7|5|4|2|2|1|1,8,5,171896,silent,171891
8,10|7|5|3|3|2|1|1,8,1,171346,silent,171345
8,10|7|5|3|2|2|2|1,8,1,121486,silent,121485
8,10|7|5|2|2|2|2|2,8,0,-1,a0,
8,10|7|4|4|4|1|1|1,8,2,39852,silent,39850
8,10|7|4|4|3|2|1|1,8,2,144701,silent,144699
8,10|7|4|4|2|2|2|1,8,2,83969,silent,83967
8,10|7|4|3|3|3|1|1,8,0,-1,a0,
8,10|7|4|3|3|2|2|1,8,0,-1,a0,
8,10|7|4|3|2|2|2|2,8,0,-1,a0,
8,10|7|3|3|3|3|2|1,8,0,-1,a0,
8,10|7|3|3|3|2|2|2,8,0,-1,a0,
8,10|6|6|6|1|1|1|1,8,0,-1,a0,
8,10|6|6|5|2|1|1|1,8,1,49386,silent,49385
8,10|6|6|4|3|1|1|1,8,2,82645,silent,82643
8,10|6|6|4|2|2|1|1,8,1,95034,silent,95033
8,10|6|6|3|3|2|1|1,8,2,90546,silent,90544
8,10|6|6|3|2|2|2|1,8,1,63116,silent,63115
8,10|6|6|2|2|2|2|2,8,1,11254,silent,11253
8,10|6|5|5|3|1|1|1,8,2,68358,silent,68356
8,10|6|5|5|2|2|1|1,8,2,75395,silent,75393
8,10|6|5|4|4|1|1|1,8,1,61092,silent,61091
8,10|6|5|4|3|2|1|1,8,3,205733,silent,205730
8,10|6|5|4|2|2|2|1,8,1,115418,silent,115417
8,10|6|5|3|3|3|1|1,8,0,-1,a0,
8,10|6|5|3|3|2|2|1,8,0,-1,a0,
8,10|6|5|3|2|2|2|2,8,0,-1,a0,
8,10|6|4|4|4|2|1|1,8,1,66839,silent,66838
8,10|6|4|4|3|3|1|1,8,1,79259,silent,79258
8,10|6|4|4|3|2|2|1,8,1,118532,silent,118531
8,10|6|4|4|2|2|2|2,8,1,37091,silent,37090
8,10|6|4|3|3|3|2|1,8,0,-1,a0,
8,10|6|4|3|3|2|2|2,8,0,-1,a0,
8,10|6|3|3|3|3|3|1,8,0,-1,a0,
8,10|6|3|3|3|3|2|2,8,0,-1,a0,
8,10|5|5|5|4|1|1|1,8,1,19462,silent,19461
8,10|5|5|5|3|2|1|1,8,0,-1,a0,
8,10|5|5|5|2|2|2|1,8,0,-1,a0,
8,10|5|5|4|4|2|1|1,8,2,54905,silent,54903
8,10|5|5|4|3|3|1|1,8,0,-1,a0,
8,10|5|5|4|3|2|2|1,8,0,-1,a0,
8,10|5|5|4|2|2|2|2,8,0,-1,a0,
8,10|5|5|3|3|3|2|1,8,0,-1,a0,
8,10|5|5|3|3|2|2|2,8,0,-1,a0,
8,10|5|4|4|4|3|1|1,8,1,32395,silent,32394
8,10|5|4|4|4|2|2|1,8,1,39458,silent,39457
8,10|5|4|4|3|3|2|1,8,0,-1,a0,
8,10|5|4|4|3|2|2|2,8,0,-1,a0,
8,10|5|4|3|3|3|3|1,8,0,-1,a0,
8,10|5|4|3|3|3|2|2,8,0,-1,a0,
8,10|5|3|3|3|3|3|2,8,0,-1,a0,
8,10|4|4|4|4|4|1|1,8,0,-1,a0,
8,10|4|4|4|4|3|2|1,8,0,-1,a0,
8,10|4|4|4|4|2|2|2,8,1,7019,silent,7018
8,10|4|4|4|3|3|3|1,8,0,-1,a0,
8,10|4|4|4|3|3|2|2,8,0,-1,a0,
8,10|4|4|3|3|3|3|2,8,0,-1,a0,
8,10|4|3|3|3|3|3|3,8,0,-1,a0,
8,9|9|9|1|1|1|1|1,8,0,-1,a0,
8,9|9|8|2|1|1|1|1,8,0,-1,a0,
8,9|9|7|3|1|1|1|1,8,1,11479,silent,11478
8,9|9|7|2|2|1|1|1,8,1,11487,silent,11486
8,9|9|6|4|1|1|1|1,8,0,-1,a0,
8,9|9|6|3|2|1|1|1,8,2,40829,silent,40827
8,9|9|6|2|2|2|1|1,8,2,19965,silent,19963
8,9|9|5|5|1|1|1|1,8,2,10192,silent,10190
8,9|9|5|4|2|1|1|1,8,2,48306,silent,48304
8,9|9|5|3|3|1|1|1,8,1,37837,silent,37836
8,9|9|5|3|2|2|1|1,8,1,55078,silent,55077
8,9|9|5|2|2|2|2|1,8,0,-1,a0,
8,9|9|4|4|3|1|1|1,8,0,-1,a0,
8,9|9|4|4|2|2|1|1,8,3,35618,silent,35615
8,9|9|4|3|3|2|1|1,8,0,-1,a0,
8,9|9|4|3|2|2|2|1,8,0,-1,a0,
8,9|9|4|2|2|2|2|2,8,0,-1,a0,
8,9|9|3|3|3|3|1|1,8,0,-1,a0,
8,9|9|3|3|3|2|2|1,8,0,-1,a0,
8,9|9|3|3|2|2|2|2,8,0,-1,a0,
8,9|8|8|3|1|1|1|1,8,1,7273,silent,7272
8,9|8|8|2|2|1|1|1,8,0,-1,a0,
8,9|8|7|4|1|1|1|1,8,1,23031,silent,23030
8,9|8|7|3|2|1|1|1,8,2,48022,silent,48020
8,9|8|7|2|2|2|1|1,8,1,22901,silent,22900
8,9|8|6|5|1|1|1|1,8,1,25668,silent,25667
8,9|8|6|4|2|1|1|1,8,3,95731,silent,95728
8,9|8|6|3|3|1|1|1,8,2,70263,silent,70261
8,9|8|6|3|2|2|1|1,8,2,100342,silent,100340
8,9|8|6|2|2|2|2|1,8,1,29658,silent,29657
8,9|8|5|5|2|1|1|1,8,2,55252,silent,55250
8,9|8|5|4|3|1|1|1,8,3,110910,silent,110907
8,9|8|5|4|2|2|1|1,8,3,129774,silent,129771
8,9|8|5|3|3|2|1|1,8,1,128614,silent,128613
8,9|8|5|3|2|2|2|1,8,1,90824,silent,90823
8,9|8|5|2|2|2|2|2,8,0,-1,a0,
8,9|8|4|4|4|1|1|1,8,0,-1,a0,
8,9|8|4|4|3|2|1|1,8,2,105471,silent,105469
8,9|8|4|4|2|2|2|1,8,1,61036,silent,61035
8,9|8|4|3|3|3|1|1,8,0,-1,a0,
8,9|8|4|3|3|2|2|1,8,0,-1,a0,
8,9|8|4|3|2|2|2|2,8,0,-1,a0,
8,9|8|3|3|3|3|2|1,8,0,-1,a0,
8,9|8|3|3|3|2|2|2,8,0,-1,a0,
8,9|7|7|5|1|1|1|1,8,1,15020,silent,15019
8,9|7|7|4|2|1|1|1,8,3,52774,silent,52771
8,9|7|7|3|3|1|1|1,8,0,-1,a0,
8,9|7|7|3|2|2|1|1,8,1,53716,silent,53715
8,9|7|7|2|2|2|2|1,8,0,-1,a0,
8,9|7|6|6|1|1|1|1,8,0,-1,a0,
8,9|7|6|5|2|1|1|1,8,2,78422,silent,78420
8,9|7|6|4|3|1|1|1,8,2,126166,silent,126164
8,9|7|6|4|2|2|1|1,8,4,145683,silent,145679
8,9|7|6|3|3|2|1|1,8,1,135186,silent,135185
8,9|7|6|3|2|2|2|1,8,1,93941,silent,93940
8,9|7|6|2|2|2|2|2,8,0,-1,a0,
8,9|7|5|5|3|1|1|1,8,2,84751,silent,84749
8,9|7|5|5|2|2|1|1,8,1,92591,silent,92590
8,9|7|5|4|4|1|1|1,8,3,73473,silent,73470
8,9|7|5|4|3|2|1|1,8,3,244549,silent,244546
8,9|7|5|4|2|2|2|1,8,1,136300,silent,136299
8,9|7|5|3|3|3|1|1,8,0,-1,a0,
8,9|7|5|3|3|2|2|1,8,0,-1,a0,
8,9|7|5|3|2|2|2|2,8,0,-1,a0,
8,9|7|4|4|4|2|1|1,8,3,73877,silent,73874
8,9|7|4|4|3|3|1|1,8,0,-1,a0,
8,9|7|4|4|3|2|2|1,8,1,128727,silent,128726
8,9|7|4|4|2|2|2|2,8,0,-1,a0,
8,9|7|4|3|3|3|2|1,8,0,-1,a0,
8,9|7|4|3|3|2|2|2,8,0,-1,a0,
8,9|7|3|3|3|3|3|1,8,0,-1,a0,
8,9|7|3|3|3|3|2|2,8,0,-1,a0,
8,9|6|6|6|2|1|1|1,8,0,-1,a0,
8,9|6|6|5|3|1|1|1,8,1,62025,silent,62024
8,9|6|6|5|2|2|1|1,8,1,66606,silent,66605
8,9|6|6|4|4|1|1|1,8,0,-1,a0,
8,9|6|6|4|3|2|1|1,8,2,144024,silent,144022
8,9|6|6|4|2|2|2|1,8,2,79325,silent,79323
8,9|6|6|3|3|3|1|1,8,0,-1,a0,
8,9|6|6|3|3|2|2|1,8,0,-1,a0,
8,9|6|6|3|2|2|2|2,8,0,-1,a0,
8,9|6|5|5|4|1|1|1,8,1,46742,silent,46741
8,9|6|5|5|3|2|1|1,8,1,123537,silent,123536
8,9|6|5|5|2|2|2|1,8,0,-1,a0,
8,9|6|5|4|4|2|1|1,8,2,119840,silent,119838
8,9|6|5|4|3|3|1|1,8,1,130605,silent,130604
8,9|6|5|4|3|2|2|1,8,1,193064,silent,193063
8,9|6|5|4|2|2|2|2,8,0,-1,a0,
8,9|6|5|3|3|3|2|1,8,0,-1,a0,
8,9|6|5|3|3|2|2|2,8,0,-1,a0,
8,9|6|4|4|4|3|1|1,8,1,55138,silent,55137
8,9|6|4|4|4|2|2|1,8,2,66932,silent,66930
8,9|6|4|4|3|3|2|1,8,0,-1,a0,
8,9|6|4|4|3|2|2|2,8,0,-1,a0,
8,9|6|4|3|3|3|3|1,8,0,-1,a0,
8,9|6|4|3|3|3|2|2,8,0,-1,a0,
8,9|6|3|3|3|3|3|2,8,0,-1,a0,
8,9|5|5|5|5|1|1|1,8,0,-1,a0,
8,9|5|5|5|4|2|1|1,8,0,-1,a0,
8,9|5|5|5|3|3|1|1,8,0,-1,a0,
8,9|5|5|5|3|2|2|1,8,0,-1,a0,
8,9|5|5|5|2|2|2|2,8,0,-1,a0,
8,9|5|5|4|4|3|1|1,8,1,46779,silent,46778
8,9|5|5|4|4|2|2|1,8,0,-1,a0,
8,9|5|5|4|3|3|2|1,8,0,-1,a0,
8,9|5|5|4|3|2|2|2,8,0,-1,a0,
8,9|5|5|3|3|3|3|1,8,0,-1,a0,
8,9|5|5|3|3|3|2|2,8,0,-1,a0,
8,9|5|4|4|4|4|1|1,8,1,11351,silent,11350
8,9|5|4|4|4|3|2|1,8,1,44043,silent,44042
8,9|5|4|4|4|2|2|2,8,0,-1,a0,
8,9|5|4|4|3|3|3|1,8,0,-1,a0,
8,9|5|4|4|3|3|2|2,8,0,-1,a0,
8,9|5|4|3|3|3|3|2,8,0,-1,a0,
8,9|5|3|3|3|3|3|3,8,0,-1,a0,
8,9|4|4|4|4|4|2|1,8,1,5174,silent,5173
8,9|4|4|4|4|3|3|1,8,0,-1,a0,
8,9|4|4|4|4|3|2|2,8,0,-1,a0,
8,9|4|4|4|3|3|3|2,8,0,-1,a0,
8,9|4|4|3|3|3|3|3,8,0,-1,a0,
8,8|8|8|4|1|1|1|1,8,1,4126,silent,4125
8,8|8|8|3|2|1|1|1,8,0,-1,a0,
8,8|8|8|2|2|2|1|1,8,0,-1,a0,
8,8|8|7|5|1|1|1|1,8,0,-1,a0,
8,8|8|7|4|2|1|1|1,8,1,32192,silent,32191
8,8|8|7|3|3|1|1|1,8,0,-1,a0,
8,8|8|7|3|2|2|1|1,8,1,32470,silent,32469
8,8|8|7|2|2|2|2|1,8,0,-1,a0,
8,8|8|6|6|1|1|1|1,8,1,5711,silent,5710
8,8|8|6|5|2|1|1|1,8,1,39119,silent,39118
8,8|8|6|4|3|1|1|1,8,2,62217,silent,62215
8,8|8|6|4|2|2|1|1,8,0,-1,a0,
8,8|8|6|3|3|2|1|1,8,1,66155,silent,66154
8,8|8|6|3|2|2|2|1,8,1,45686,silent,45685
8,8|8|6|2|2|2|2|2,8,1,8004,silent,8003
8,8|8|5|5|3|1|1|1,8,0,-1,a0,
8,8|8|5|5|2|2|1|1,8,2,43142,silent,43140
8,8|8|5|4|4|1|1|1,8,1,33666,silent,33665
8,8|8|5|4|3|2|1|1,8,1,111717,silent,111716
8,8|8|5|4|2|2|2|1,8,1,62147,silent,62146
8,8|8|5|3|3|3|1|1,8,0,-1,a0,
8,8|8|5|3|3|2|2|1,8,0,-1,a0,
8,8|8|5|3|2|2|2|2,8,0,-1,a0,
8,8|8|4|4|4|2|1|1,8,0,-1,a0,
8,8|8|4|4|3|3|1|1,8,1,38286,silent,38285
8,8|8|4|4|3|2|2|1,8,0,-1,a0,
8,8|8|4|4|2|2|2|2,8,1,17774,silent,17773
8,8|8|4|3|3|3|2|1,8,0,-1,a0,
8,8|8|4|3|3|2|2|2,8,0,-1,a0,
8,8|8|3|3|3|3|3|1,8,0,-1,a0,
8,8|8|3|3|3|3|2|2,8,0,-1,a0,
8,8|7|7|6|1|1|1|1,8,0,-1,a0,
8,8|7|7|5|2|1|1|1,8,1,29080,silent,29079
8,8|7|7|4|3|1|1|1,8,1,43121,silent,43120
8,8|7|7|4|2|2|1|1,8,1,49675,silent,49674
8,8|7|7|3|3|2|1|1,8,0,-1,a0,
8,8|7|7|3|2|2|2|1,8,0,-1,a0,
8,8|7|7|2|2|2|2|2,8,0,-1,a0,
8,8|7|6|6|2|1|1|1,8,0,-1,a0,
8,8|7|6|5|3|1|1|1,8,1,73410,silent,73409
8,8|7|6|5|2|2|1|1,8,1,78756,silent,78755
8,8|7|6|4|4|1|1|1,8,1,51212,silent,51211
8,8|7|6|4|3|2|1|1,8,2,164392,silent,164390
8,8|7|6|4|2|2|2|1,8,1,89900,silent,89899
8,8|7|6|3|3|3|1|1,8,0,-1,a0,
8,8|7|6|3|3|2|2|1,8,0,-1,a0,
8,8|7|6|3|2|2|2|2,8,0,-1,a0,
8,8|7|5|5|4|1|1|1,8,1,43916,silent,43915
8,8|7|5|5|3|2|1|1,8,1,114950,silent,114949
8,8|7|5|5|2|2|2|1,8,0,-1,a0,
8,8|7|5|4|4|2|1|1,8,2,108605,silent,108603
8,8|7|5|4|3|3|1|1,8,0,-1,a0,
8,8|7|5|4|3|2|2|1,8,1,172901,silent,172900
8,8|7|5|4|2|2|2|2,8,0,-1,a0,
8,8|7|5|3|3|3|2|1,8,0,-1,a0,
8,8|7|5|3|3|2|2|2,8,0,-1,a0,
8,8|7|4|4|4|3|1|1,8,1,46030,silent,46029
8,8|7|4|4|4|2|2|1,8,1,55587,silent,55586
8,8|7|4|4|3|3|2|1,8,0,-1,a0,
8,8|7|4|4|3|2|2|2,8,0,-1,a0,
8,8|7|4|3|3|3|3|1,8,0,-1,a0,
8,8|7|4|3|3|3|2|2,8,0,-1,a0,
8,8|7|3|3|3|3|3|2,8,0,-1,a0,
8,8|6|6|6|3|1|1|1,8,0,-1,a0,
8,8|6|6|6|2|2|1|1,8,0,-1,a0,
8,8|6|6|5|4|1|1|1,8,0,-1,a0,
8,8|6|6|5|3|2|1|1,8,1,91468,silent,91467
8,8|6|6|5|2|2|2|1,8,1,46256,silent,46255
8,8|6|6|4|4|2|1|1,8,0,-1,a0,
8,8|6|6|4|3|3|1|1,8,1,75855,silent,75854
8,8|6|6|4|3|2|2|1,8,1,110574,silent,110573
8,8|6|6|4|2|2|2|2,8,1,32479,silent,32478
8,8|6|6|3|3|3|2|1,8,0,-1,a0,
8,8|6|6|3|3|2|2|2,8,0,-1,a0,
8,8|6|5|5|5|1|1|1,8,0,-1,a0,
8,8|6|5|5|4|2|1|1,8,1,78343,silent,78342
8,8|6|5|5|3|3|1|1,8,0,-1,a0,
8,8|6|5|5|3|2|2|1,8,0,-1,a0,
8,8|6|5|5|2|2|2|2,8,0,-1,a0,
8,8|6|5|4|4|3|1|1,8,1,83694,silent,83693
8,8|6|5|4|4|2|2|1,8,1,99521,silent,99520
8,8|6|5|4|3|3|2|1,8,0,-1,a0,
8,8|6|5|4|3|2|2|2,8,0,-1,a0,
8,8|6|5|3|3|3|3|1,8,0,-1,a0,
8,8|6|5|3|3|3|2|2,8,0,-1,a0,
8,8|6|4|4|4|4|1|1,8,0,-1,a0,
8,8|6|4|4|4|3|2|1,8,1,61384,silent,61383
8,8|6|4|4|4|2|2|2,8,1,31142,silent,31141
8,8|6|4|4|3|3|3|1,8,0,-1,a0,
8,8|6|4|4|3|3|2|2,8,0,-1,a0,
8,8|6|4|3|3|3|3|2,8,0,-1,a0,
8,8|6|3|3|3|3|3|3,8,0,-1,a0,
8,8|5|5|5|5|2|1|1,8,0,-1,a0,
8,8|5|5|5|4|3|1|1,8,0,-1,a0,
8,8|5|5|5|4|2|2|1,8,0,-1,a0,
8,8|5|5|5|3|3|2|1,8,0,-1,a0,
8,8|5|5|5|3|2|2|2,8,0,-1,a0,
8,8|5|5|4|4|4|1|1,8,1,14717,silent,14716
8,8|5|5|4|4|3|2|1,8,0,-1,a0,
8,8|5|5|4|4|2|2|2,8,0,-1,a0,
8,8|5|5|4|3|3|3|1,8,0,-1,a0,
8,8|5|5|4|3|3|2|2,8,0,-1,a0,
8,8|5|5|3|3|3|3|2,8,0,-1,a0,
8,8|5|4|4|4|4|2|1,8,1,14869,silent,14868
8,8|5|4|4|4|3|3|1,8,0,-1,a0,
8,8|5|4|4|4|3|2|2,8,0,-1,a0,
8,8|5|4|4|3|3|3|2,8,0,-1,a0,
8,8|5|4|3|3|3|3|3,8,0,-1,a0,
8,8|4|4|4|4|4|3|1,8,0,-1,a0,
8,8|4|4|4|4|4|2|2,8,1,3256,silent,3255
8,8|4|4|4|4|3|3|2,8,0,-1,a0,
8,8|4|4|4|3|3|3|3,8,0,-1,a0,
9,31|1|1|1|1|1,6,0,-1,a0,
9,30|2|1|1|1|1,6,0,-1,a0,
9,29|3|1|1|1|1,6,0,-1,a0,
9,29|2|2|1|1|1,6,0,-1,a0,
9,28|4|1|1|1|1,6,0,-1,a0,
9,28|3|2|1|1|1,6,0,-1,a0,
9,28|2|2|2|1|1,6,0,-1,a0,
9,27|5|1|1|1|1,6,0,-1,a0,
9,27|4|2|1|1|1,6,0,-1,a0,
9,27|3|3|1|1|1,6,0,-1,a0,
9,27|3|2|2|1|1,6,0,-1,a0,
9,27|2|2|2|2|1,6,0,-1,a0,
9,26|6|1|1|1|1,6,0,-1,a0,
9,26|5|2|1|1|1,6,0,-1,a0,
9,26|4|3|1|1|1,6,0,-1,a0,
9,26|4|2|2|1|1,6,0,-1,a0,
9,26|3|3|2|1|1,6,0,-1,a0,
9,26|3|2|2|2|1,6,0,-1,a0,
9,26|2|2|2|2|2,6,1,13,silent,12
9,25|7|1|1|1|1,6,0,-1,a0,
9,25|6|2|1|1|1,6,0,-1,a0,
9,25|5|3|1|1|1,6,0,-1,a0,
9,25|5|2|2|1|1,6,0,-1,a0,
9,25|4|4|1|1|1,6,0,-1,a0,
9,25|4|3|2|1|1,6,0,-1,a0,
9,25|4|2|2|2|1,6,1,78,silent,77
9,25|3|3|3|1|1,6,0,-1,a0,
9,25|3|3|2|2|1,6,0,-1,a0,
9,25|3|2|2|2|2,6,1,30,silent,29
9,24|8|1|1|1|1,6,0,-1,a0,
9,24|7|2|1|1|1,6,0,-1,a0,
9,24|6|3|1|1|1,6,0,-1,a0,
9,24|6|2|2|1|1,6,0,-1,a0,
9,24|5|4|1|1|1,6,0,-1,a0,
9,24|5|3|2|1|1,6,1,375,silent,374
9,24|5|2|2|2|1,6,2,169,silent,167
9,24|4|4|2|1|1,6,0,-1,a0,
9,24|4|3|3|1|1,6,0,-1,a0,
9,24|4|3|2|2|1,6,1,260,silent,259
9,24|4|2|2|2|2,6,3,105,silent,102
9,24|3|3|3|2|1,6,0,-1,a0,
9,24|3|3|2|2|2,6,0,-1,a0,
9,23|9|1|1|1|1,6,0,-1,a0,
9,23|8|2|1|1|1,6,0,-1,a0,
9,23|7|3|1|1|1,6,0,-1,a0,
9,23|7|2|2|1|1,6,1,257,silent,256
9,23|6|4|1|1|1,6,0,-1,a0,
9,23|6|3|2|1|1,6,2,726,silent,724
9,23|6|2|2|2|1,6,4,322,silent,318
9,23|5|5|1|1|1,6,1,199,silent,198
9,23|5|4|2|1|1,6,2,701,silent,699
9,23|5|3|3|1|1,6,1,578,silent,577
9,23|5|3|2|2|1,6,4,692,silent,688
9,23|5|2|2|2|2,6,4,197,silent,193
9,23|4|4|3|1|1,6,0,-1,a0,
9,23|4|4|2|2|1,6,3,426,silent,423
9,23|4|3|3|2|1,6,0,-1,a0,
9,23|4|3|2|2|2,6,2,270,silent,268
9,23|3|3|3|3|1,6,0,-1,a0,
9,23|3|3|3|2|2,6,0,-1,a0,
9,22|10|1|1|1|1,6,0,-1,a0,
9,22|9|2|1|1|1,6,0,-1,a0,
9,22|8|3|1|1|1,6,1,474,silent,473
9,22|8|2|2|1|1,6,1,356,silent,355
9,22|7|4|1|1|1,6,1,668,silent,667
9,22|7|3|2|1|1,6,5,1257,silent,1252
9,22|7|2|2|2|1,6,7,530,silent,523
9,22|6|5|1|1|1,6,1,549,silent,548
9,22|6|4|2|1|1,6,5,1607,silent,1602
9,22|6|3|3|1|1,6,3,1227,silent,1224
9,22|6|3|2|2|1,6,9,1465,silent,1456
9,22|6|2|2|2|2,6,8,408,silent,400
9,22|5|5|2|1|1,6,5,873,silent,868
9,22|5|4|3|1|1,6,4,1457,silent,1453
9,22|5|4|2|2|1,6,9,1535,silent,1526
9,22|5|3|3|2|1,6,2,1385,silent,1383
9,22|5|3|2|2|2,6,4,724,silent,720
9,22|4|4|4|1|1,6,0,-1,a0,
9,22|4|4|3|2|1,6,2,1019,silent,1017
9,22|4|4|2|2|2,6,6,539,silent,533
9,22|4|3|3|3|1,6,0,-1,a0,
9,22|4|3|3|2|2,6,0,-1,a0,
9,22|3|3|3|3|2,6,0,-1,a0,
9,21|11|1|1|1|1,6,0,-1,a0,
9,21|10|2|1|1|1,6,0,-1,a0,
9,21|9|3|1|1|1,6,1,628,silent,627
9,21|9|2|2|1|1,6,3,497,silent,494
9,21|8|4|1|1|1,6,2,1034,silent,1032
9,21|8|3|2|1|1,6,9,1893,silent,1884
9,21|8|2|2|2|1,6,10,787,silent,777
9,21|7|5|1|1|1,6,4,1170,silent,1166
9,21|7|4|2|1|1,6,14,3140,silent,3126
9,21|7|3|3|1|1,6,6,2181,silent,2175
9,21|7|3|2|2|1,6,17,2608,silent,2591
9,21|7|2|2|2|2,6,10,627,silent,617
9,21|6|6|1|1|1,6,0,-1,a0,
9,21|6|5|2|1|1,6,11,2672,silent,2661
9,21|6|4|3|1|1,6,10,3639,silent,3629
9,21|6|4|2|2|1,6,23,3784,silent,3761
9,21|6|3|3|2|1,6,6,3132,silent,3126
9,21|6|3|2|2|2,6,11,1643,silent,1632
9,21|5|5|3|1|1,6,9,2036,silent,2027
9,21|5|5|2|2|1,6,8,1829,silent,1821
9,21|5|4|4|1|1,6,5,1432,silent,1427
9,21|5|4|3|2|1,6,12,4198,silent,4186
9,21|5|4|2|2|2,6,10,1785,silent,1775
9,21|5|3|3|3|1,6,0,-1,a0,
9,21|5|3|3|2|2,6,1,1562,silent,1561
9,21|4|4|4|2|1,6,5,1051,silent,1046
9,21|4|4|3|3|1,6,0,-1,a0,
9,21|4|4|3|2|2,6,4,1301,silent,1297
9,21|4|3|3|3|2,6,0,-1,a0,
9,21|3|3|3|3|3,6,0,-1,a0,
9,20|12|1|1|1|1,6,0,-1,a0,
9,20|11|2|1|1|1,6,0,-1,a0,
9,20|10|3|1|1|1,6,2,742,silent,740
9,20|10|2|2|1|1,6,3,570,silent,567
9,20|9|4|1|1|1,6,4,1443,silent,1439
9,20|9|3|2|1|1,6,14,2569,silent,2555
9,20|9|2|2|2|1,6,14,1043,silent,1029
9,20|8|5|1|1|1,6,8,1939,silent,1931
9,20|8|4|2|1|1,6,23,5000,silent,4977
9,20|8|3|3|1|1,6,13,3418,silent,3405
9,20|8|3|2|2|1,6,27,4065,silent,4038
9,20|8|2|2|2|2,6,16,979,silent,963
9,20|7|6|1|1|1,6,4,1413,silent,1409
9,20|7|5|2|1|1,6,29,5880,silent,5851
9,20|7|4|3|1|1,6,25,7281,silent,7256
9,20|7|4|2|2|1,6,42,7333,silent,7291
9,20|7|3|3|2|1,6,14,5883,silent,5869
9,20|7|3|2|2|2,6,17,2958,silent,2941
9,20|6|6|2|1|1,6,7,2504,silent,2497
9,20|6|5|3|1|1,6,23,6803,silent,6780
9,20|6|5|2|2|1,6,30,6297,silent,6267
9,20|6|4|4|1|1,6,12,3932,silent,3920
9,20|6|4|3|2|1,6,32,11014,silent,10982
9,20|6|4|2|2|2,6,28,4633,silent,4605
9,20|6|3|3|3|1,6,1,3337,silent,3336
9,20|6|3|3|2|2,6,4,3703,silent,3699
9,20|5|5|4|1|1,6,13,2851,silent,2838
9,20|5|5|3|2|1,6,15,5935,silent,5920
9,20|5|5|2|2|2,6,4,2062,silent,2058
9,20|5|4|4|2|1,6,18,4976,silent,4958
9,20|5|4|3|3|1,6,5,4777,silent,4772
9,20|5|4|3|2|2,6,11,5378,silent,5367
9,20|5|3|3|3|2,6,0,-1,a0,
9,20|4|4|4|3|1,6,3,1458,silent,1455
9,20|4|4|4|2|2,6,9,1600,silent,1591
9,20|4|4|3|3|2,6,0,-1,a0,
9,20|4|3|3|3|3,6,0,-1,a0,
9,19|13|1|1|1|1,6,0,-1,a0,
9,19|12|2|1|1|1,6,0,-1,a0,
9,19|11|3|1|1|1,6,2,802,silent,800
9,19|11|2|2|1|1,6,5,644,silent,639
9,19|10|4|1|1|1,6,6,1751,silent,1745
9,19|10|3|2|1|1,6,18,3080,silent,3062
9,19|10|2|2|2|1,6,17,1244,silent,1227
9,19|9|5|1|1|1,6,12,2811,silent,2799
9,19|9|4|2|1|1,6,38,7093,silent,7055
9,19|9|3|3|1|1,6,17,4649,silent,4632
9,19|9|3|2|2|1,6,39,5546,silent,5507
9,19|9|2|2|2|2,6,16,1220,silent,1204
9,19|8|6|1|1|1,6,9,2671,silent,2662
9,19|8|5|2|1|1,6,49,10064,silent,10015
9,19|8|4|3|1|1,6,44,11996,silent,11952
9,19|8|4|2|2|1,6,68,11999,silent,11931
9,19|8|3|3|2|1,6,26,9407,silent,9381
9,19|8|3|2|2|2,6,28,4704,silent,4676
9,19|7|7|1|1|1,6,7,1236,silent,1229
9,19|7|6|2|1|1,6,33,7685,silent,7652
9,19|7|5|3|1|1,6,55,15375,silent,15320
9,19|7|5|2|2|1,6,62,13958,silent,13896
9,19|7|4|4|1|1,6,32,8471,silent,8439
9,19|7|4|3|2|1,6,65,22339,silent,22274
9,19|7|4|2|2|2,6,41,8849,silent,8808
9,19|7|3|3|3|1,6,4,6433,silent,6429
9,19|7|3|3|2|2,6,11,7236,silent,7225
9,19|6|6|3|1|1,6,17,7005,silent,6988
9,19|6|6|2|2|1,6,30,6521,silent,6491
9,19|6|5|4|1|1,6,32,10272,silent,10240
9,19|6|5|3|2|1,6,55,21196,silent,21141
9,19|6|5|2|2|2,6,28,7655,silent,7627
9,19|6|4|4|2|1,6,46,14190,silent,14144
9,19|6|4|3|3|1,6,14,13039,silent,13025
9,19|6|4|3|2|2,6,31,14558,silent,14527
9,19|6|3|3|3|2,6,0,-1,a0,
9,19|5|5|5|1|1,6,8,2201,silent,2193
9,19|5|5|4|2|1,6,22,9524,silent,9502
9,19|5|5|3|3|1,6,11,7500,silent,7489
9,19|5|5|3|2|2,6,9,7704,silent,7695
9,19|5|4|4|3|1,6,17,7620,silent,7603
9,19|5|4|4|2|2,6,18,7093,silent,7075
9,19|5|4|3|3|2,6,4,8188,silent,8184
9,19|5|3|3|3|3,6,0,-1,a0,
9,19|4|4|4|4|1,6,6,1058,silent,1052
9,19|4|4|4|3|2,6,5,2771,silent,2766
9,19|4|4|3|3|3,6,0,-1,a0,
9,18|14|1|1|1|1,6,0,-1,a0,
9,18|13|2|1|1|1,6,0,-1,a0,
9,18|12|3|1|1|1,6,3,769,silent,766
9,18|12|2|2|1|1,6,4,593,silent,589
9,18|11|4|1|1|1,6,7,1901,silent,1894
9,18|11|3|2|1|1,6,22,3311,silent,3289
9,18|11|2|2|2|1,6,18,1316,silent,1298
9,18|10|5|1|1|1,6,16,3443,silent,3427
9,18|10|4|2|1|1,6,46,8559,silent,8513
9,18|10|3|3|1|1,6,25,5620,silent,5595
9,18|10|3|2|2|1,6,47,6668,silent,6621
9,18|10|2|2|2|2,6,22,1495,silent,1473
9,18|9|6|1|1|1,6,17,4122,silent,4105
9,18|9|5|2|1|1,6,75,14577,silent,14502
9,18|9|4|3|1|1,6,66,16930,silent,16864
9,18|9|4|2|2|1,6,93,16714,silent,16621
9,18|9|3|3|2|1,6,38,12978,silent,12940
9,18|9|3|2|2|2,6,35,6362,silent,6327
9,18|8|7|1|1|1,6,14,2957,silent,2943
9,18|8|6|2|1|1,6,60,14686,silent,14626
9,18|8|5|3|1|1,6,97,26791,silent,26694
9,18|8|5|2|2|1,6,106,24320,silent,24214
9,18|8|4|4|1|1,6,46,14256,silent,14210
9,18|8|4|3|2|1,6,110,37147,silent,37037
9,18|8|4|2|2|2,6,68,14655,silent,14587
9,18|8|3|3|3|1,6,10,10373,silent,10363
9,18|8|3|3|2|2,6,17,11639,silent,11622
9,18|7|7|2|1|1,6,33,6630,silent,6597
9,18|7|6|3|1|1,6,66,21426,silent,21360
9,18|7|6|2|2|1,6,75,19077,silent,19002
9,18|7|5|4|1|1,6,78,24215,silent,24137
9,18|7|5|3|2|1,6,120,48382,silent,48262
9,18|7|5|2|2|2,6,49,16911,silent,16862
9,18|7|4|4|2|1,6,86,29922,silent,29836
9,18|7|4|3|3|1,6,35,27124,silent,27089
9,18|7|4|3|2|2,6,56,29655,silent,29599
9,18|7|3|3|3|2,6,3,10671,silent,10668
9,18|6|6|4|1|1,6,26,11947,silent,11921
9,18|6|6|3|2|1,6,55,23165,silent,23110
9,18|6|6|2|2|2,6,36,8364,silent,8328
9,18|6|5|5|1|1,6,23,8896,silent,8873
9,18|6|5|4|2|1,6,82,36463,silent,36381
9,18|6|5|3|3|1,6,33,27133,silent,27100
9,18|6|5|3|2|2,6,43,28465,silent,28422
9,18|6|4|4|3|1,6,40,22390,silent,22350
9,18|6|4|4|2|2,6,50,20593,silent,20543
9,18|6|4|3|3|2,6,11,22725,silent,22714
9,18|6|3|3|3|3,6,0,-1,a0,
9,18|5|5|5|2|1,6,10,7615,silent,7605
9,18|5|5|4|3|1,6,25,15957,silent,15932
9,18|5|5|4|2|2,6,12,13281,silent,13269
9,18|5|5|3|3|2,6,10,13232,silent,13222
9,18|5|4|4|4|1,6,15,5578,silent,5563
9,18|5|4|4|3|2,6,17,14251,silent,14234
9,18|5|4|3|3|3,6,0,-1,a0,
9,18|4|4|4|4|2,6,10,2312,silent,2302
9,18|4|4|4|3|3,6,0,-1,a0,
9,17|15|1|1|1|1,6,0,-1,a0,
9,17|14|2|1|1|1,6,0,-1,a0,
9,17|13|3|1|1|1,6,2,649,silent,647
9,17|13|2|2|1|1,6,5,530,silent,525
9,17|12|4|1|1|1,6,8,1786,silent,1778
9,17|12|3|2|1|1,6,21,3094,silent,3073
9,17|12|2|2|2|1,6,17,1231,silent,1214
9,17|11|5|1|1|1,6,19,3712,silent,3693
9,17|11|4|2|1|1,6,55,9179,silent,9124
9,17|11|3|3|1|1,6,25,5861,silent,5836
9,17|11|3|2|2|1,6,51,6981,silent,6930
9,17|11|2|2|2|2,6,18,1463,silent,1445
9,17|10|6|1|1|1,6,21,5147,silent,5126
9,17|10|5|2|1|1,6,90,17747,silent,17657
9,17|10|4|3|1|1,6,81,20368,silent,20287
9,17|10|4|2|2|1,6,111,20054,silent,19943
9,17|10|3|3|2|1,6,48,15447,silent,15399
9,17|10|3|2|2|2,6,42,7545,silent,7503
9,17|9|7|1|1|1,6,24,4995,silent,4971
9,17|9|6|2|1|1,6,99,22357,silent,22258
9,17|9|5|3|1|1,6,137,38448,silent,38311
9,17|9|5|2|2|1,6,146,34617,silent,34471
9,17|9|4|4|1|1,6,74,20354,silent,20280
9,17|9|4|3|2|1,6,151,51705,silent,51554
9,17|9|4|2|2|2,6,78,19823,silent,19745
9,17|9|3|3|3|1,6,14,14199,silent,14185
9,17|9|3|3|2|2,6,29,16056,silent,16027
9,17|8|8|1|1|1,6,7,1949,silent,1942
9,17|8|7|2|1|1,6,69,16271,silent,16202
9,17|8|6|3|1|1,6,124,41240,silent,41116
9,17|8|6|2|2|1,6,138,36604,silent,36466
9,17|8|5|4|1|1,6,127,42624,silent,42497
9,17|8|5|3|2|1,6,205,84303,silent,84098
9,17|8|5|2|2|2,6,88,29429,silent,29341
9,17|8|4|4|2|1,6,134,50343,silent,50209
9,17|8|4|3|3|1,6,59,45021,silent,44962
9,17|8|4|3|2|2,6,90,49010,silent,48920
9,17|8|3|3|3|2,6,5,17135,silent,17130
9,17|7|7|3|1|1,6,61,18666,silent,18605
9,17|7|7|2|2|1,6,50,15857,silent,15807
9,17|7|6|4|1|1,6,98,37572,silent,37474
9,17|7|6|3|2|1,6,153,69274,silent,69121
9,17|7|6|2|2|2,6,62,23443,silent,23381
9,17|7|5|5|1|1,6,52,21661,silent,21609
9,17|7|5|4|2|1,6,174,85303,silent,85129
9,17|7|5|3|3|1,6,79,62369,silent,62290
9,17|7|5|3|2|2,6,90,64767,silent,64677
9,17|7|4|4|3|1,6,80,47847,silent,47767
9,17|7|4|4|2|2,6,74,42487,silent,42413
9,17|7|4|3|3|2,6,30,47369,silent,47339
9,17|7|3|3|3|3,6,0,-1,a0,
9,17|6|6|5|1|1,6,24,13422,silent,13398
9,17|6|6|4|2|1,6,89,44329,silent,44240
9,17|6|6|3|3|1,6,30,30147,silent,30117
9,17|6|6|3|2|2,6,52,31887,silent,31835
9,17|6|5|5|2|1,6,46,32295,silent,32249
9,17|6|5|4|3|1,6,80,61426,silent,61346
9,17|6|5|4|2|2,6,68,52108,silent,52040
9,17|6|5|3|3|2,6,27,48172,silent,48145
9,17|6|4|4|4|1,6,36,16934,silent,16898
9,17|6|4|4|3|2,6,43,42063,silent,42020
9,17|6|4|3|3|3,6,1,17144,silent,17143
9,17|5|5|5|3|1,6,14,14302,silent,14288
9,17|5|5|5|2|2,6,4,10788,silent,10784
9,17|5|5|4|4|1,6,15,12672,silent,12657
9,17|5|5|4|3|2,6,21,29816,silent,29795
9,17|5|5|3|3|3,6,4,10380,silent,10376
9,17|5|4|4|4|2,6,18,11699,silent,11681
9,17|5|4|4|3|3,6,5,11563,silent,11558
9,17|4|4|4|4|3,6,5,2309,silent,2304
9,16|16|1|1|1|1,6,0,-1,a0,
9,16|15|2|1|1|1,6,0,-1,a0,
9,16|14|3|1|1|1,6,2,433,silent,431
9,16|14|2|2|1|1,6,2,327,silent,325
9,16|13|4|1|1|1,6,7,1411,silent,1404
9,16|13|3|2|1|1,6,17,2427,silent,2410
9,16|13|2|2|2|1,6,14,959,silent,945
9,16|12|5|1|1|1,6,17,3318,silent,3301
9,16|12|4|2|1|1,6,47,8131,silent,8084
9,16|12|3|3|1|1,6,27,5267,silent,5240
9,16|12|3|2|2|1,6,45,6229,silent,6184
9,16|12|2|2|2|2,6,20,1366,silent,1346
9,16|11|6|1|1|1,6,25,5444,silent,5419
9,16|11|5|2|1|1,6,96,18347,silent,18251
9,16|11|4|3|1|1,6,86,20849,silent,20763
9,16|11|4|2|2|1,6,112,20395,silent,20283
9,16|11|3|3|2|1,6,50,15661,silent,15611
9,16|11|3|2|2|2,6,40,7568,silent,7528
9,16|10|7|1|1|1,6,30,6319,silent,6289
9,16|10|6|2|1|1,6,114,27121,silent,27007
9,16|10|5|3|1|1,6,163,45669,silent,45506
9,16|10|5|2|2|1,6,171,41119,silent,40948
9,16|10|4|4|1|1,6,78,23822,silent,23744
9,16|10|4|3|2|1,6,174,60469,silent,60295
9,16|10|4|2|2|2,6,97,23281,silent,23184
9,16|10|3|3|3|1,6,20,16443,silent,16423
9,16|10|3|3|2|2,6,29,18483,silent,18454
9,16|9|8|1|1|1,6,18,4336,silent,4318
9,16|9|7|2|1|1,6,113,26613,silent,26500
9,16|9|6|3|1|1,6,185,61013,silent,60828
9,16|9|6|2|2|1,6,189,53507,silent,53318
9,16|9|5|4|1|1,6,176,60381,silent,60205
9,16|9|5|3|2|1,6,278,118020,silent,117742
9,16|9|5|2|2|2,6,107,40639,silent,40532
9,16|9|4|4|2|1,6,173,69110,silent,68937
9,16|9|4|3|3|1,6,83,61522,silent,61439
9,16|9|4|3|2|2,6,115,66438,silent,66323
9,16|9|3|3|3|2,6,10,23049,silent,23039
9,16|8|8|2|1|1,6,37,10869,silent,10832
9,16|8|7|3|1|1,6,136,45722,silent,45586
9,16|8|7|2|2|1,6,123,39357,silent,39234
9,16|8|6|4|1|1,6,169,71875,silent,71706
9,16|8|6|3|2|1,6,277,131217,silent,130940
9,16|8|6|2|2|2,6,119,44384,silent,44265
9,16|8|5|5|1|1,6,92,38442,silent,38350
9,16|8|5|4|2|1,6,285,148170,silent,147885
9,16|8|5|3|3|1,6,131,106784,silent,106653
9,16|8|5|3|2|2,6,148,110881,silent,110733
9,16|8|4|4|3|1,6,116,79278,silent,79162
9,16|8|4|4|2|2,6,122,70281,silent,70159
9,16|8|4|3|3|2,6,45,77048,silent,77003
9,16|8|3|3|3|3,6,1,12480,silent,12479
9,16|7|7|4|1|1,6,90,33837,silent,33747
9,16|7|7|3|2|1,6,112,58755,silent,58643
9,16|7|7|2|2|2,6,29,18789,silent,18760
9,16|7|6|5|1|1,6,84,43135,silent,43051
9,16|7|6|4|2|1,6,232,133677,silent,133445
9,16|7|6|3|3|1,6,100,90119,silent,90019
9,16|7|6|3|2|2,6,119,92840,silent,92721
9,16|7|5|5|2|1,6,107,78267,silent,78160
9,16|7|5|4|3|1,6,172,142773,silent,142601
9,16|7|5|4|2|2,6,129,119574,silent,119445
9,16|7|5|3|3|2,6,67,109290,silent,109223
9,16|7|4|4|4|1,6,60,35859,silent,35799
9,16|7|4|4|3|2,6,75,88004,silent,87929
9,16|7|4|3|3|3,6,6,35375,silent,35369
9,16|6|6|6|1|1,6,9,7715,silent,7706
9,16|6|6|5|2|1,6,71,50872,silent,50801
9,16|6|6|4|3|1,6,80,75276,silent,75196
9,16|6|6|4|2|2,6,89,63996,silent,63907
9,16|6|6|3|3|2,6,24,53544,silent,53520
9,16|6|5|5|3|1,6,51,60033,silent,59982
9,16|6|5|5|2|2,6,29,46197,silent,46168
9,16|6|5|4|4|1,6,57,50195,silent,50138
9,16|6|5|4|3|2,6,76,114562,silent,114486
9,16|6|5|3|3|3,6,7,37248,silent,37241
9,16|6|4|4|4|2,6,47,35243,silent,35196
9,16|6|4|4|3|3,6,10,34070,silent,34060
9,16|5|5|5|4|1,6,9,14781,silent,14772
9,16|5|5|5|3|2,6,12,27065,silent,27053
9,16|5|5|4|4|2,6,12,26159,silent,26147
9,16|5|5|4|3|3,6,12,25631,silent,25619
9,16|5|4|4|4|3,6,11,12505,silent,12494
9,16|4|4|4|4|4,6,7,1318,silent,1311
9,15|15|3|1|1|1,6,0,-1,a0,
9,15|15|2|2|1|1,6,2,141,silent,139
9,15|14|4|1|1|1,6,3,774,silent,771
9,15|14|3|2|1|1,6,10,1336,silent,1326
9,15|14|2|2|2|1,6,7,526,silent,519
9,15|13|5|1|1|1,6,12,2353,silent,2341
9,15|13|4|2|1|1,6,37,5781,silent,5744
9,15|13|3|3|1|1,6,15,3622,silent,3607
9,15|13|3|2|2|1,6,33,4329,silent,4296
9,15|13|2|2|2|2,6,9,865,silent,856
9,15|12|6|1|1|1,6,21,4564,silent,4543
9,15|12|5|2|1|1,6,79,15250,silent,15171
9,15|12|4|3|1|1,6,71,17255,silent,17184
9,15|12|4|2|2|1,6,92,16876,silent,16784
9,15|12|3|3|2|1,6,42,12909,silent,12867
9,15|12|3|2|2|2,6,34,6249,silent,6215
9,15|11|7|1|1|1,6,30,6480,silent,6450
9,15|11|6|2|1|1,6,121,27038,silent,26917
9,15|11|5|3|1|1,6,156,44443,silent,44287
9,15|11|5|2|2|1,6,162,39831,silent,39669
9,15|11|4|4|1|1,6,83,23277,silent,23194
9,15|11|4|3|2|1,6,168,58174,silent,58006
9,15|11|4|2|2|2,6,78,21942,silent,21864
9,15|11|3|3|3|1,6,17,15701,silent,15684
9,15|11|3|3|2|2,6,34,17809,silent,17775
9,15|10|8|1|1|1,6,23,5810,silent,5787
9,15|10|7|2|1|1,6,129,32401,silent,32272
9,15|10|6|3|1|1,6,209,71106,silent,70897
9,15|10|6|2|2|1,6,214,62296,silent,62082
9,15|10|5|4|1|1,6,191,68789,silent,68598
9,15|10|5|3|2|1,6,308,133902,silent,133594
9,15|10|5|2|2|2,6,122,46082,silent,45960
9,15|10|4|4|2|1,6,186,77586,silent,77400
9,15|10|4|3|3|1,6,91,68700,silent,68609
9,15|10|4|3|2|2,6,125,74089,silent,73964
9,15|10|3|3|3|2,6,11,25431,silent,25420
9,15|9|9|1|1|1,6,13,2536,silent,2523
9,15|9|8|2|1|1,6,85,22777,silent,22692
9,15|9|7|3|1|1,6,202,71898,silent,71696
9,15|9|7|2|2|1,6,180,61277,silent,61097
9,15|9|6|4|1|1,6,249,103350,silent,103101
9,15|9|6|3|2|1,6,371,185678,silent,185307
9,15|9|6|2|2|2,6,135,61532,silent,61397
9,15|9|5|5|1|1,6,113,52832,silent,52719
9,15|9|5|4|2|1,6,364,201185,silent,200821
9,15|9|5|3|3|1,6,172,144155,silent,143983
9,15|9|5|3|2|2,6,193,149078,silent,148885
9,15|9|4|4|3|1,6,151,105229,silent,105078
9,15|9|4|4|2|2,6,129,91814,silent,91685
9,15|9|4|3|3|2,6,65,101436,silent,101371
9,15|9|3|3|3|3,6,1,16003,silent,16002
9,15|8|8|3|1|1,6,76,30289,silent,30213
9,15|8|8|2|2|1,6,78,26268,silent,26190
9,15|8|7|4|1|1,6,182,81320,silent,81138
9,15|8|7|3|2|1,6,261,141060,silent,140799
9,15|8|7|2|2|2,6,87,45826,silent,45739
9,15|8|6|5|1|1,6,151,82041,silent,81890
9,15|8|6|4|2|1,6,402,248486,silent,248084
9,15|8|6|3|3|1,6,174,165427,silent,165253
9,15|8|6|3|2|2,6,206,170119,silent,169913
9,15|8|5|5|2|1,6,177,134926,silent,134749
9,15|8|5|4|3|1,6,266,240445,silent,240179
9,15|8|5|4|2|2,6,212,201250,silent,201038
9,15|8|5|3|3|2,6,102,181028,silent,180926
9,15|8|4|4|4|1,6,82,58034,silent,57952
9,15|8|4|4|3|2,6,111,141121,silent,141010
9,15|8|4|3|3|3,6,8,55850,silent,55842
9,15|7|7|5|1|1,6,79,41558,silent,41479
9,15|7|7|4|2|1,6,166,115595,silent,115429
9,15|7|7|3|3|1,6,83,75866,silent,75783
9,15|7|7|3|2|2,6,74,76112,silent,76038
9,15|7|6|6|1|1,6,44,27197,silent,27153
9,15|7|6|5|2|1,6,194,156618,silent,156424
9,15|7|6|4|3|1,6,223,223249,silent,223026
9,15|7|6|4|2|2,6,178,184700,silent,184522
9,15|7|6|3|3|2,6,85,155563,silent,155478
9,15|7|5|5|3|1,6,115,142120,silent,142005
9,15|7|5|5|2|2,6,74,109369,silent,109295
9,15|7|5|4|4|1,6,111,114740,silent,114629
9,15|7|5|4|3|2,6,153,258563,silent,258410
9,15|7|5|3|3|3,6,19,82321,silent,82302
9,15|7|4|4|4|2,6,63,71849,silent,71786
9,15|7|4|4|3|3,6,26,70562,silent,70536
9,15|6|6|6|2|1,6,38,30270,silent,30232
9,15|6|6|5|3|1,6,71,93827,silent,93756
9,15|6|6|5|2|2,6,63,73044,silent,72981
9,15|6|6|4|4|1,6,65,63601,silent,63536
9,15|6|6|4|3|2,6,81,138752,silent,138671
9,15|6|6|3|3|3,6,4,40571,silent,40567
9,15|6|5|5|4|1,6,36,62643,silent,62607
9,15|6|5|5|3|2,6,44,111888,silent,111844
9,15|6|5|4|4|2,6,63,102173,silent,102110
9,15|6|5|4|3|3,6,28,95451,silent,95423
9,15|6|4|4|4|3,6,25,37041,silent,37016
9,15|5|5|5|5|1,6,3,7556,silent,7553
9,15|5|5|5|4|2,6,7,30597,silent,30590
9,15|5|5|5|3|3,6,9,24222,silent,24213
9,15|5|5|4|4|3,6,10,28886,silent,28876
9,15|5|4|4|4|4,6,6,6346,silent,6340
9,14|14|5|1|1|1,6,5,828,silent,823
9,14|14|4|2|1|1,6,10,1993,silent,1983
9,14|14|3|3|1|1,6,9,1338,silent,1329
9,14|14|3|2|2|1,6,11,1559,silent,1548
9,14|14|2|2|2|2,6,7,374,silent,367
9,14|13|6|1|1|1,6,12,2633,silent,2621
9,14|13|5|2|1|1,6,46,8731,silent,8685
9,14|13|4|3|1|1,6,41,9837,silent,9796
9,14|13|4|2|2|1,6,52,9590,silent,9538
9,14|13|3|3|2|1,6,24,7336,silent,7312
9,14|13|3|2|2|2,6,18,3524,silent,3506
9,14|12|7|1|1|1,6,23,4810,silent,4787
9,14|12|6|2|1|1,6,82,19824,silent,19742
9,14|12|5|3|1|1,6,117,32598,silent,32481
9,14|12|5|2|2|1,6,118,29259,silent,29141
9,14|12|4|4|1|1,6,51,16827,silent,16776
9,14|12|4|3|2|1,6,121,42447,silent,42326
9,14|12|4|2|2|2,6,66,16264,silent,16198
9,14|12|3|3|3|1,6,16,11431,silent,11415
9,14|12|3|3|2|2,6,19,12818,silent,12799
9,14|11|8|1|1|1,6,25,5717,silent,5692
9,14|11|7|2|1|1,6,121,30103,silent,29982
9,14|11|6|3|1|1,6,190,64313,silent,64123
9,14|11|6|2|2|1,6,186,56043,silent,55857
9,14|11|5|4|1|1,6,170,61400,silent,61230
9,14|11|5|3|2|1,6,268,118898,silent,118630
9,14|11|5|2|2|2,6,101,40651,silent,40550
9,14|11|4|4|2|1,6,159,68431,silent,68272
9,14|11|4|3|3|1,6,81,60514,silent,60433
9,14|11|4|3|2|2,6,106,65026,silent,64920
9,14|11|3|3|3|2,6,11,22292,silent,22281
9,14|10|9|1|1|1,6,15,3985,silent,3970
9,14|10|8|2|1|1,6,96,28429,silent,28333
9,14|10|7|3|1|1,6,222,81843,silent,81621
9,14|10|7|2|2|1,6,199,69933,silent,69734
9,14|10|6|4|1|1,6,248,112533,silent,112285
9,14|10|6|3|2|1,6,391,201861,silent,201470
9,14|10|6|2|2|2,6,153,67157,silent,67004
9,14|10|5|5|1|1,6,124,56752,silent,56628
9,14|10|5|4|2|1,6,374,214026,silent,213652
9,14|10|5|3|3|1,6,178,152515,silent,152337
9,14|10|5|3|2|2,6,193,157660,silent,157467
9,14|10|4|4|3|1,6,144,110171,silent,110027
9,14|10|4|4|2|2,6,145,96546,silent,96401
9,14|10|4|3|3|2,6,61,105400,silent,105339
9,14|10|3|3|3|3,6,3,16536,silent,16533
9,14|9|9|2|1|1,6,47,12240,silent,12193
9,14|9|8|3|1|1,6,148,59193,silent,59045
9,14|9|8|2|2|1,6,133,50270,silent,50137
9,14|9|7|4|1|1,6,263,121565,silent,121302
9,14|9|7|3|2|1,6,360,208399,silent,208039
9,14|9|7|2|2|2,6,109,66837,silent,66728
9,14|9|6|5|1|1,6,201,112488,silent,112287
9,14|9|6|4|2|1,6,504,334558,silent,334054
9,14|9|6|3|3|1,6,229,221749,silent,221520
9,14|9|6|3|2|2,6,251,226475,silent,226224
9,14|9|5|5|2|1,6,220,175707,silent,175487
9,14|9|5|4|3|1,6,323,309050,silent,308727
9,14|9|5|4|2|2,6,246,257370,silent,257124
9,14|9|5|3|3|2,6,132,230767,silent,230635
9,14|9|4|4|4|1,6,92,72824,silent,72732
9,14|9|4|4|3|2,6,126,176270,silent,176144
9,14|9|4|3|3|3,6,13,69466,silent,69453
9,14|8|8|4|1|1,6,96,52650,silent,52554
9,14|8|8|3|2|1,6,153,90390,silent,90237
9,14|8|8|2|2|2,6,65,29680,silent,29615
9,14|8|7|5|1|1,6,172,97784,silent,97612
9,14|8|7|4|2|1,6,367,267934,silent,267567
9,14|8|7|3|3|1,6,173,172857,silent,172684
9,14|8|7|3|2|2,6,170,174715,silent,174545
9,14|8|6|6|1|1,6,69,51554,silent,51485
9,14|8|6|5|2|1,6,331,284269,silent,283938
9,14|8|6|4|3|1,6,361,396003,silent,395642
9,14|8|6|4|2|2,6,310,327447,silent,327137
9,14|8|6|3|3|2,6,131,271508,silent,271377
9,14|8|5|5|3|1,6,184,233876,silent,233692
9,14|8|5|5|2|2,6,110,179641,silent,179531
9,14|8|5|4|4|1,6,166,185840,silent,185674
9,14|8|5|4|3|2,6,228,414915,silent,414687
9,14|8|5|3|3|3,6,30,129931,silent,129901
9,14|8|4|4|4|2,6,95,111070,silent,110975
9,14|8|4|4|3|3,6,29,107821,silent,107792
9,14|7|7|6|1|1,6,54,33184,silent,33130
9,14|7|7|5|2|1,6,151,143715,silent,143564
9,14|7|7|4|3|1,6,166,188360,silent,188194
9,14|7|7|4|2|2,6,101,152104,silent,152003
9,14|7|7|3|3|2,6,70,125767,silent,125697
9,14|7|6|6|2|1,6,104,98448,silent,98344
9,14|7|6|5|3|1,6,200,279398,silent,279198
9,14|7|6|5|2|2,6,143,213731,silent,213588
9,14|7|6|4|4|1,6,146,181650,silent,181504
9,14|7|6|4|3|2,6,198,392363,silent,392165
9,14|7|6|3|3|3,6,22,113684,silent,113662
9,14|7|5|5|4|1,6,81,144232,silent,144151
9,14|7|5|5|3|2,6,101,254449,silent,254348
9,14|7|5|4|4|2,6,109,223498,silent,223389
9,14|7|5|4|3|3,6,61,207726,silent,207665
9,14|7|4|4|4|3,6,38,73524,silent,73486
9,14|6|6|6|3|1,6,38,56212,silent,56174
9,14|6|6|6|2|2,6,43,43267,silent,43224
9,14|6|6|5|4|1,6,59,99766,silent,99707
9,14|6|6|5|3|2,6,66,170989,silent,170923
9,14|6|6|4|4|2,6,79,126262,silent,126183
9,14|6|6|4|3|3,6,21,111886,silent,111865
9,14|6|5|5|5|1,6,9,31810,silent,31801
9,14|6|5|5|4|2,6,33,125786,silent,125753
9,14|6|5|5|3|3,6,23,95832,silent,95809
9,14|6|5|4|4|3,6,37,108357,silent,108320
9,14|6|4|4|4|4,6,19,18450,silent,18431
9,14|5|5|5|5|2,6,4,15988,silent,15984
9,14|5|5|5|4|3,6,6,34547,silent,34541
9,14|5|5|4|4|4,6,2,14195,silent,14193
9,13|13|7|1|1|1,6,9,1844,silent,1835
9,13|13|6|2|1|1,6,36,7513,silent,7477
9,13|13|5|3|1|1,6,40,12030,silent,11990
9,13|13|5|2|2|1,6,43,10740,silent,10697
9,13|13|4|4|1|1,6,28,6381,silent,6353
9,13|13|4|3|2|1,6,43,15587,silent,15544
9,13|13|4|2|2|2,6,16,5715,silent,5699
9,13|13|3|3|3|1,6,4,4176,silent,4172
9,13|13|3|3|2|2,6,12,4819,silent,4807
9,13|12|8|1|1|1,6,14,3511,silent,3497
9,13|12|7|2|1|1,6,71,18159,silent,18088
9,13|12|6|3|1|1,6,111,38370,silent,38259
9,13|12|6|2|2|1,6,110,33462,silent,33352
9,13|12|5|4|1|1,6,98,36389,silent,36291
9,13|12|5|3|2|1,6,158,70409,silent,70251
9,13|12|5|2|2|2,6,60,24103,silent,24043
9,13|12|4|4|2|1,6,92,40394,silent,40302
9,13|12|4|3|3|1,6,47,35640,silent,35593
9,13|12|4|3|2|2,6,62,38309,silent,38247
9,13|12|3|3|3|2,6,6,13069,silent,13063
9,13|11|9|1|1|1,6,17,3773,silent,3756
9,13|11|8|2|1|1,6,88,24259,silent,24171
9,13|11|7|3|1|1,6,175,66129,silent,65954
9,13|11|7|2|2|1,6,154,56144,silent,55990
9,13|11|6|4|1|1,6,207,89238,silent,89031
9,13|11|6|3|2|1,6,299,158545,silent,158246
9,13|11|6|2|2|2,6,99,51955,silent,51856
9,13|11|5|5|1|1,6,87,44139,silent,44052
9,13|11|5|4|2|1,6,281,166106,silent,165825
9,13|11|5|3|3|1,6,135,118184,silent,118049
9,13|11|5|3|2|2,6,150,121956,silent,121806
9,13|11|4|4|3|1,6,114,85005,silent,84891
9,13|11|4|4|2|2,6,89,73489,silent,73400
9,13|11|4|3|3|2,6,53,81205,silent,81152
9,13|11|3|3|3|3,6,0,-1,a0,
9,13|10|10|1|1|1,6,5,1515,silent,1510
9,13|10|9|2|1|1,6,58,17714,silent,17656
9,13|10|8|3|1|1,6,158,67054,silent,66896
9,13|10|8|2|2|1,6,146,57035,silent,56889
9,13|10|7|4|1|1,6,255,125517,silent,125262
9,13|10|7|3|2|1,6,356,214638,silent,214282
9,13|10|7|2|2|2,6,117,69005,silent,68888
9,13|10|6|5|1|1,6,191,111894,silent,111703
9,13|10|6|4|2|1,6,478,330236,silent,329758
9,13|10|6|3|3|1,6,216,217828,silent,217612
9,13|10|6|3|2|2,6,238,222381,silent,222143
9,13|10|5|5|2|1,6,207,170438,silent,170231
9,13|10|5|4|3|1,6,297,297391,silent,297094
9,13|10|5|4|2|2,6,232,247602,silent,247370
9,13|10|5|3|3|2,6,119,220675,silent,220556
9,13|10|4|4|4|1,6,84,69287,silent,69203
9,13|10|4|4|3|2,6,114,167078,silent,166964
9,13|10|4|3|3|3,6,13,65460,silent,65447
9,13|9|9|3|1|1,6,70,29254,silent,29184
9,13|9|9|2|2|1,6,54,24217,silent,24163
9,13|9|8|4|1|1,6,182,95460,silent,95278
9,13|9|8|3|2|1,6,251,160464,silent,160213
9,13|9|8|2|2|2,6,76,51011,silent,50935
9,13|9|7|5|1|1,6,219,136294,silent,136075
9,13|9|7|4|2|1,6,468,367434,silent,366966
9,13|9|7|3|3|1,6,223,235960,silent,235737
9,13|9|7|3|2|2,6,216,237126,silent,236910
9,13|9|6|6|1|1,6,100,67359,silent,67259
9,13|9|6|5|2|1,6,390,358289,silent,357899
9,13|9|6|4|3|1,6,431,493340,silent,492909
9,13|9|6|4|2|2,6,324,404352,silent,404028
9,13|9|6|3|3|2,6,170,335792,silent,335622
9,13|9|5|5|3|1,6,206,281377,silent,281171
9,13|9|5|5|2|2,6,139,216273,silent,216134
9,13|9|5|4|4|1,6,180,221251,silent,221071
9,13|9|5|4|3|2,6,254,491723,silent,491469
9,13|9|5|3|3|3,6,33,152910,silent,152877
9,13|9|4|4|4|2,6,83,127869,silent,127786
9,13|9|4|4|3|3,6,41,125316,silent,125275
9,13|8|8|5|1|1,6,93,62221,silent,62128
9,13|8|8|4|2|1,6,209,164692,silent,164483
9,13|8|8|3|3|1,6,89,103733,silent,103644
9,13|8|8|3|2|2,6,101,105340,silent,105239
9,13|8|7|6|1|1,6,106,76146,silent,76040
9,13|8|7|5|2|1,6,321,318456,silent,318135
9,13|8|7|4|3|1,6,328,407447,silent,407119
9,13|8|7|4|2|2,6,240,330933,silent,330693
9,13|8|7|3|3|2,6,126,267451,silent,267325
9,13|8|6|6|2|1,6,172,175108,silent,174936
9,13|8|6|5|3|1,6,319,475038,silent,474719
9,13|8|6|5|2|2,6,229,362510,silent,362281
9,13|8|6|4|4|1,6,225,303727,silent,303502
9,13|8|6|4|3|2,6,305,650425,silent,650120
9,13|8|6|3|3|3,6,34,185690,silent,185656
9,13|8|5|5|4|1,6,121,223767,silent,223646
9,13|8|5|5|3|2,6,145,391514,silent,391369
9,13|8|5|4|4|2,6,159,338715,silent,338556
9,13|8|5|4|3|3,6,81,311651,silent,311570
9,13|8|4|4|4|3,6,47,106261,silent,106214
9,13|7|7|7|1|1,6,19,14096,silent,14077
9,13|7|7|6|2|1,6,94,111337,silent,111243
9,13|7|7|5|3|1,6,158,245826,silent,245668
9,13|7|7|5|2|2,6,95,184412,silent,184317
9,13|7|7|4|4|1,6,93,147502,silent,147409
9,13|7|7|4|3|2,6,131,312279,silent,312148
9,13|7|7|3|3|3,6,23,87821,silent,87798
9,13|7|6|6|3|1,6,108,174491,silent,174383
9,13|7|6|6|2|2,6,76,129842,silent,129766
9,13|7|6|5|4|1,6,146,282711,silent,282565
9,13|7|6|5|3|2,6,174,478940,silent,478766
9,13|7|6|4|4|2,6,141,337961,silent,337820
9,13|7|6|4|3|3,6,72,301991,silent,301919
9,13|7|5|5|5|1,6,24,70808,silent,70784
9,13|7|5|5|4|2,6,77,273887,silent,273810
9,13|7|5|5|3|3,6,43,205388,silent,205345
9,13|7|5|4|4|3,6,65,224875,silent,224810
9,13|7|4|4|4|4,6,19,34067,silent,34048
9,13|6|6|6|4|1,6,38,63206,silent,63168
9,13|6|6|6|3|2,6,40,99535,silent,99495
9,13|6|6|5|5|1,6,15,52673,silent,52658
9,13|6|6|5|4|2,6,62,192879,silent,192817
9,13|6|6|5|3|3,6,22,139092,silent,139070
9,13|6|6|4|4|3,6,40,128262,silent,128222
9,13|6|5|5|5|2,6,7,64107,silent,64100
9,13|6|5|5|4|3,6,23,134860,silent,134837
9,13|6|5|4|4|4,6,17,52300,silent,52283
9,13|5|5|5|5|3,6,3,19074,silent,19071
9,13|5|5|5|4|4,6,1,17918,silent,17917
9,12|12|9|1|1|1,6,6,1468,silent,1462
9,12|12|8|2|1|1,6,28,9288,silent,9260
9,12|12|7|3|1|1,6,68,25304,silent,25236
9,12|12|7|2|2|1,6,59,21659,silent,21600
9,12|12|6|4|1|1,6,66,33608,silent,33542
9,12|12|6|3|2|1,6,113,60318,silent,60205
9,12|12|6|2|2|2,6,51,20245,silent,20194
9,12|12|5|5|1|1,6,40,16866,silent,16826
9,12|12|5|4|2|1,6,106,62908,silent,62802
9,12|12|5|3|3|1,6,52,44614,silent,44562
9,12|12|5|3|2|2,6,52,46065,silent,46013
9,12|12|4|4|3|1,6,36,31906,silent,31870
9,12|12|4|4|2|2,6,48,28236,silent,28188
9,12|12|4|3|3|2,6,15,30311,silent,30296
9,12|12|3|3|3|3,6,2,4782,silent,4780
9,12|11|10|1|1|1,6,5,1468,silent,1463
9,12|11|9|2|1|1,6,44,12976,silent,12932
9,12|11|8|3|1|1,6,106,44902,silent,44796
9,12|11|8|2|2|1,6,93,37944,silent,37851
9,12|11|7|4|1|1,6,161,80724,silent,80563
9,12|11|7|3|2|1,6,224,137422,silent,137198
9,12|11|7|2|2|2,6,67,43895,silent,43828
9,12|11|6|5|1|1,6,120,70653,silent,70533
9,12|11|6|4|2|1,6,291,207200,silent,206909
9,12|11|6|3|3|1,6,134,136516,silent,136382
9,12|11|6|3|2|2,6,143,138973,silent,138830
9,12|11|5|5|2|1,6,125,106063,silent,105938
9,12|11|5|4|3|1,6,181,184347,silent,184166
9,12|11|5|4|2|2,6,137,153125,silent,152988
9,12|11|5|3|3|2,6,74,136454,silent,136380
9,12|11|4|4|4|1,6,47,42615,silent,42568
9,12|11|4|4|3|2,6,68,102657,silent,102589
9,12|11|4|3|3|3,6,7,40180,silent,40173
9,12|10|10|2|1|1,6,14,5811,silent,5797
9,12|10|9|3|1|1,6,79,36295,silent,36216
9,12|10|9|2|2|1,6,70,30529,silent,30459
9,12|10|8|4|1|1,6,157,92604,silent,92447
9,12|10|8|3|2|1,6,234,155897,silent,155663
9,12|10|8|2|2|2,6,86,50080,silent,49994
9,12|10|7|5|1|1,6,192,121905,silent,121713
9,12|10|7|4|2|1,6,402,326699,silent,326297
9,12|10|7|3|3|1,6,189,208586,silent,208397
9,12|10|7|3|2|2,6,184,210006,silent,209822
9,12|10|6|6|1|1,6,72,58116,silent,58044
9,12|10|6|5|2|1,6,323,306911,silent,306588
9,12|10|6|4|3|1,6,344,419202,silent,418858
9,12|10|6|4|2|2,6,289,344591,silent,344302
9,12|10|6|3|3|2,6,128,283432,silent,283304
9,12|10|5|5|3|1,6,171,235433,silent,235262
9,12|10|5|5|2|2,6,100,180351,silent,180251
9,12|10|5|4|4|1,6,145,184206,silent,184061
9,12|10|5|4|3|2,6,203,407929,silent,407726
9,12|10|5|3|3|3,6,29,126135,silent,126106
9,12|10|4|4|4|2,6,78,105503,silent,105425
9,12|10|4|4|3|3,6,24,102113,silent,102089
9,12|9|9|4|1|1,6,81,42484,silent,42403
9,12|9|9|3|2|1,6,95,69703,silent,69608
9,12|9|9|2|2|2,6,21,21497,silent,21476
9,12|9|8|5|1|1,6,145,100958,silent,100813
9,12|9|8|4|2|1,6,301,261419,silent,261118
9,12|9|8|3|3|1,6,140,164481,silent,164341
9,12|9|8|3|2|2,6,138,164992,silent,164854
9,12|9|7|6|1|1,6,129,97079,silent,96950
9,12|9|7|5|2|1,6,371,394876,silent,394505
9,12|9|7|4|3|1,6,379,499281,silent,498902
9,12|9|7|4|2|2,6,261,403349,silent,403088
9,12|9|7|3|3|2,6,152,325207,silent,325055
9,12|9|6|6|2|1,6,183,201985,silent,201802
9,12|9|6|5|3|1,6,343,535972,silent,535629
9,12|9|6|5|2|2,6,236,407156,silent,406920
9,12|9|6|4|4|1,6,229,338808,silent,338579
9,12|9|6|4|3|2,6,316,722502,silent,722186
9,12|9|6|3|3|3,6,42,205335,silent,205293
9,12|9|5|5|4|1,6,125,241924,silent,241799
9,12|9|5|5|3|2,6,153,421404,silent,421251
9,12|9|5|4|4|2,6,150,360322,silent,360172
9,12|9|5|4|3|3,6,84,331024,silent,330940
9,12|9|4|4|4|3,6,43,110344,silent,110301
9,12|8|8|6|1|1,6,53,48547,silent,48494
9,12|8|8|5|2|1,6,176,186987,silent,186811
9,12|8|8|4|3|1,6,163,229223,silent,229060
9,12|8|8|4|2|2,6,146,187039,silent,186893
9,12|8|8|3|3|2,6,55,146485,silent,146430
9,12|8|7|7|1|1,6,46,32463,silent,32417
9,12|8|7|6|2|1,6,194,235395,silent,235201
9,12|8|7|5|3|1,6,304,496149,silent,495845
9,12|8|7|5|2|2,6,188,373064,silent,372876
9,12|8|7|4|4|1,6,176,293781,silent,293605
9,12|8|7|4|3|2,6,249,615959,silent,615710
9,12|8|7|3|3|3,6,35,169602,silent,169567
9,12|8|6|6|3|1,6,158,283480,silent,283322
9,12|8|6|6|2|2,6,131,211071,silent,210940
9,12|8|6|5|4|1,6,218,441796,silent,441578
9,12|8|6|5|3|2,6,249,742341,silent,742092
9,12|8|6|4|4|2,6,217,516286,silent,516069
9,12|8|6|4|3|3,6,92,456442,silent,456350
9,12|8|5|5|5|1,6,33,101466,silent,101433
9,12|8|5|5|4|2,6,98,387760,silent,387662
9,12|8|5|5|3|3,6,64,288866,silent,288802
9,12|8|5|4|4|3,6,83,311431,silent,311348
9,12|8|4|4|4|4,6,28,45513,silent,45485
9,12|7|7|7|2|1,6,29,43905,silent,43876
9,12|7|7|6|3|1,6,99,185707,silent,185608
9,12|7|7|6|2|2,6,50,134486,silent,134436
9,12|7|7|5|4|1,6,104,235304,silent,235200
9,12|7|7|5|3|2,6,126,390203,silent,390077
9,12|7|7|4|4|2,6,71,253864,silent,253793
9,12|7|7|4|3|3,6,56,225533,silent,225477
9,12|7|6|6|4|1,6,84,182124,silent,182040
9,12|7|6|6|3|2,6,91,283249,silent,283158
9,12|7|6|5|5|1,6,45,142048,silent,142003
9,12|7|6|5|4|2,6,136,504191,silent,504055
9,12|7|6|5|3|3,6,64,362495,silent,362431
9,12|7|6|4|4|3,6,78,320558,silent,320480
9,12|7|5|5|5|2,6,23,132439,silent,132416
9,12|7|5|5|4|3,6,44,271761,silent,271717
9,12|7|5|4|4|4,6,23,100735,silent,100712
9,12|6|6|6|5|1,6,15,40810,silent,40795
9,12|6|6|6|4|2,6,45,116696,silent,116651
9,12|6|6|6|3|3,6,9,76749,silent,76740
9,12|6|6|5|5|2,6,12,100274,silent,100262
9,12|6|6|5|4|3,6,33,194316,silent,194283
9,12|6|6|4|4|4,6,26,60181,silent,60155
9,12|6|5|5|5|3,6,6,71791,silent,71785
9,12|6|5|5|4|4,6,6,66834,silent,66828
9,12|5|5|5|5|4,6,1,12446,silent,12445
9,11|11|11|1|1|1,6,2,257,silent,255
9,11|11|10|2|1|1,6,13,3432,silent,3419
9,11|11|9|3|1|1,6,37,16435,silent,16398
9,11|11|9|2|2|1,6,28,13564,silent,13536
9,11|11|8|4|1|1,6,77,39059,silent,38982
9,11|11|8|3|2|1,6,93,64721,silent,64628
9,11|11|8|2|2|2,6,22,20168,silent,20146
9,11|11|7|5|1|1,6,71,49275,silent,49204
9,11|11|7|4|2|1,6,156,131230,silent,131074
9,11|11|7|3|3|1,6,74,83907,silent,83833
9,11|11|7|3|2|2,6,73,83994,silent,83921
9,11|11|6|6|1|1,6,39,23568,silent,23529
9,11|11|6|5|2|1,6,124,121542,silent,121418
9,11|11|6|4|3|1,6,140,165805,silent,165665
9,11|11|6|4|2|2,6,88,134732,silent,134644
9,11|11|6|3|3|2,6,60,112203,silent,112143
9,11|11|5|5|3|1,6,61,92230,silent,92169
9,11|11|5|5|2|2,6,51,71091,silent,71040
9,11|11|5|4|4|1,6,55,71961,silent,71906
9,11|11|5|4|3|2,6,77,159263,silent,159186
9,11|11|5|3|3|3,6,10,49206,silent,49196
9,11|11|4|4|4|2,6,17,40367,silent,40350
9,11|11|4|4|3|3,6,17,40082,silent,40065
9,11|10|10|3|1|1,6,18,9378,silent,9360
9,11|10|10|2|2|1,6,18,8024,silent,8006
9,11|10|9|4|1|1,6,66,40757,silent,40691
9,11|10|9|3|2|1,6,92,67324,silent,67232
9,11|10|9|2|2|2,6,27,21154,silent,21127
9,11|10|8|5|1|1,6,105,77061,silent,76956
9,11|10|8|4|2|1,6,221,198565,silent,198344
9,11|10|8|3|3|1,6,100,124322,silent,124222
9,11|10|8|3|2|2,6,102,124902,silent,124800
9,11|10|7|6|1|1,6,86,68754,silent,68668
9,11|10|7|5|2|1,6,252,276924,silent,276672
9,11|10|7|4|3|1,6,253,347752,silent,347499
9,11|10|7|4|2|2,6,184,281233,silent,281049
9,11|10|7|3|3|2,6,98,225290,silent,225192
9,11|10|6|6|2|1,6,121,137700,silent,137579
9,11|10|6|5|3|1,6,223,360983,silent,360760
9,11|10|6|5|2|2,6,154,274072,silent,273918
9,11|10|6|4|4|1,6,149,227195,silent,227046
9,11|10|6|4|3|2,6,205,483071,silent,482866
9,11|10|6|3|3|3,6,25,136539,silent,136514
9,11|10|5|5|4|1,6,80,159778,silent,159698
9,11|10|5|5|3|2,6,96,277536,silent,277440
9,11|10|5|4|4|2,6,99,236446,silent,236347
9,11|10|5|4|3|3,6,52,216425,silent,216373
9,11|10|4|4|4|3,6,27,71493,silent,71466
9,11|9|9|5|1|1,6,52,38730,silent,38678
9,11|9|9|4|2|1,6,97,96940,silent,96843
9,11|9|9|3|3|1,6,50,60815,silent,60765
9,11|9|9|3|2|2,6,42,59965,silent,59923
9,11|9|8|6|1|1,6,83,68259,silent,68176
9,11|9|8|5|2|1,6,217,253139,silent,252922
9,11|9|8|4|3|1,6,213,307518,silent,307305
9,11|9|8|4|2|2,6,145,247220,silent,247075
9,11|9|8|3|3|2,6,84,195585,silent,195501
9,11|9|7|7|1|1,6,38,36286,silent,36248
9,11|9|7|6|2|1,6,194,252747,silent,252553
9,11|9|7|5|3|1,6,295,521590,silent,521295
9,11|9|7|5|2|2,6,191,390867,silent,390676
9,11|9|7|4|4|1,6,171,305582,silent,305411
9,11|9|7|4|3|2,6,241,638226,silent,637985
9,11|9|7|3|3|3,6,37,175006,silent,174969
9,11|9|6|6|3|1,6,154,278438,silent,278284
9,11|9|6|6|2|2,6,95,204859,silent,204764
9,11|9|6|5|4|1,6,196,424765,silent,424569
9,11|9|6|5|3|2,6,232,710930,silent,710698
9,11|9|6|4|4|2,6,166,487676,silent,487510
9,11|9|6|4|3|3,6,97,432702,silent,432605
9,11|9|5|5|5|1,6,30,94108,silent,94078
9,11|9|5|5|4|2,6,96,357282,silent,357186
9,11|9|5|5|3|3,6,48,264287,silent,264239
9,11|9|5|4|4|3,6,70,282666,silent,282596
9,11|9|4|4|4|4,6,12,39772,silent,39760
9,11|8|8|7|1|1,6,26,23554,silent,23528
9,11|8|8|6|2|1,6,106,134113,silent,134007
9,11|8|8|5|3|1,6,143,257466,silent,257323
9,11|8|8|5|2|2,6,100,193884,silent,193784
9,11|8|8|4|4|1,6,88,148128,silent,148040
9,11|8|8|4|3|2,6,115,306125,silent,306010
9,11|8|8|3|3|3,6,14,81823,silent,81809
9,11|8|7|7|2|1,6,61,89560,silent,89499
9,11|8|7|6|3|1,6,174,344501,silent,344327
9,11|8|7|6|2|2,6,108,250959,silent,250851
9,11|8|7|5|4|1,6,181,420819,silent,420638
9,11|8|7|5|3|2,6,209,692172,silent,691963
9,11|8|7|4|4|2,6,142,445375,silent,445233
9,11|8|7|4|3|3,6,80,389522,silent,389442
9,11|8|6|6|4|1,6,114,262612,silent,262498
9,11|8|6|6|3|2,6,124,405346,silent,405222
9,11|8|6|5|5|1,6,60,198033,silent,197973
9,11|8|6|5|4|2,6,179,694388,silent,694209
9,11|8|6|5|3|3,6,83,495685,silent,495602
9,11|8|6|4|4|3,6,98,431675,silent,431577
9,11|8|5|5|5|2,6,25,167518,silent,167493
9,11|8|5|5|4|3,6,53,340406,silent,340353
9,11|8|5|4|4|4,6,32,124170,silent,124138
9,11|7|7|7|3|1,6,29,67869,silent,67840
9,11|7|7|7|2|2,6,16,47956,silent,47940
9,11|7|7|6|4|1,6,64,178018,silent,177954
9,11|7|7|6|3|2,6,70,270935,silent,270865
9,11|7|7|5|5|1,6,35,112125,silent,112090
9,11|7|7|5|4|2,6,85,378764,silent,378679
9,11|7|7|5|3|3,6,47,269193,silent,269146
9,11|7|7|4|4|3,6,41,219612,silent,219571
9,11|7|6|6|5|1,6,35,108794,silent,108759
9,11|7|6|6|4|2,6,71,300116,silent,300045
9,11|7|6|6|3|3,6,33,199556,silent,199523
9,11|7|6|5|5|2,6,40,243693,silent,243653
9,11|7|6|5|4|3,6,70,459466,silent,459396
9,11|7|6|4|4|4,6,28,134291,silent,134263
9,11|7|5|5|5|3,6,12,133561,silent,133549
9,11|7|5|5|4|4,6,15,122867,silent,122852
9,11|6|6|6|6|1,6,6,12551,silent,12545
9,11|6|6|6|5|2,6,17,72694,silent,72677
9,11|6|6|6|4|3,6,20,109659,silent,109639
9,11|6|6|5|5|3,6,7,103472,silent,103465
9,11|6|6|5|4|4,6,14,91559,silent,91545
9,11|6|5|5|5|4,6,1,43185,silent,43184
9,11|5|5|5|5|5,6,1,3757,silent,3756
9,10|10|10|4|1|1,6,6,6169,silent,6163
9,10|10|10|3|2|1,6,13,10511,silent,10498
9,10|10|10|2|2|2,6,11,3573,silent,3562
9,10|10|9|5|1|1,6,27,22174,silent,22147
9,10|10|9|4|2|1,6,58,55940,silent,55882
9,10|10|9|3|3|1,6,25,34656,silent,34631
9,10|10|9|3|2|2,6,26,34756,silent,34730
9,10|10|8|6|1|1,6,29,31556,silent,31527
9,10|10|8|5|2|1,6,100,117561,silent,117461
9,10|10|8|4|3|1,6,90,141721,silent,141631
9,10|10|8|4|2|2,6,85,115290,silent,115205
9,10|10|8|3|3|2,6,29,89450,silent,89421
9,10|10|7|7|1|1,6,24,16164,silent,16140
9,10|10|7|6|2|1,6,83,110025,silent,109942
9,10|10|7|5|3|1,6,128,224659,silent,224531
9,10|10|7|5|2|2,6,76,168506,silent,168430
9,10|10|7|4|4|1,6,75,131433,silent,131358
9,10|10|7|4|3|2,6,101,273537,silent,273436
9,10|10|7|3|3|3,6,17,74420,silent,74403
9,10|10|6|6|3|1,6,57,116853,silent,116796
9,10|10|6|6|2|2,6,57,87128,silent,87071
9,10|10|6|5|4|1,6,80,177252,silent,177172
9,10|10|6|5|3|2,6,91,295778,silent,295687
9,10|10|6|4|4|2,6,86,203558,silent,203472
9,10|10|6|4|3|3,6,29,178315,silent,178286
9,10|10|5|5|5|1,6,13,38659,silent,38646
9,10|10|5|5|4|2,6,30,145915,silent,145885
9,10|10|5|5|3|3,6,25,108360,silent,108335
9,10|10|5|4|4|3,6,28,115277,silent,115249
9,10|10|4|4|4|4,6,14,16525,silent,16511
9,10|9|9|6|1|1,6,26,20885,silent,20859
9,10|9|9|5|2|1,6,56,73278,silent,73222
9,10|9|9|4|3|1,6,56,87487,silent,87431
9,10|9|9|4|2|2,6,29,69286,silent,69257
9,10|9|9|3|3|2,6,26,55092,silent,55066
9,10|9|8|7|1|1,6,26,25967,silent,25941
9,10|9|8|6|2|1,6,101,140770,silent,140669
9,10|9|8|5|3|1,6,140,265588,silent,265448
9,10|9|8|5|2|2,6,90,198443,silent,198353
9,10|9|8|4|4|1,6,77,150942,silent,150865
9,10|9|8|4|3|2,6,110,311240,silent,311130
9,10|9|8|3|3|3,6,15,83269,silent,83254
9,10|9|7|7|2|1,6,49,76786,silent,76737
9,10|9|7|6|3|1,6,137,284247,silent,284110
9,10|9|7|6|2|2,6,80,206075,silent,205995
9,10|9|7|5|4|1,6,139,340953,silent,340814
9,10|9|7|5|3|2,6,163,558722,silent,558559
9,10|9|7|4|4|2,6,100,355814,silent,355714
9,10|9|7|4|3|3,6,64,311185,silent,311121
9,10|9|6|6|4|1,6,81,199287,silent,199206
9,10|9|6|6|3|2,6,87,306380,silent,306293
9,10|9|6|5|5|1,6,45,148341,silent,148296
9,10|9|6|5|4|2,6,125,515753,silent,515628
9,10|9|6|5|3|3,6,62,367534,silent,367472
9,10|9|6|4|4|3,6,66,316888,silent,316822
9,10|9|5|5|5|2,6,20,120569,silent,120549
9,10|9|5|5|4|3,6,37,243139,silent,243102
9,10|9|5|4|4|4,6,18,87570,silent,87552
9,10|8|8|8|1|1,6,1,5111,silent,5110
9,10|8|8|7|2|1,6,38,55002,silent,54964
9,10|8|8|6|3|1,6,75,163535,silent,163460
9,10|8|8|6|2|2,6,64,120100,silent,120036
9,10|8|8|5|4|1,6,78,184512,silent,184434
9,10|8|8|5|3|2,6,83,299602,silent,299519
9,10|8|8|4|4|2,6,72,188196,silent,188124
9,10|8|8|4|3|3,6,23,160760,silent,160737
9,10|8|7|7|3|1,6,54,114331,silent,114277
9,10|8|7|7|2|2,6,20,80991,silent,80971
9,10|8|7|6|4|1,6,100,276255,silent,276155
9,10|8|7|6|3|2,6,109,417392,silent,417283
9,10|8|7|5|5|1,6,52,167961,silent,167909
9,10|8|7|5|4|2,6,122,562688,silent,562566
9,10|8|7|5|3|3,6,69,395976,silent,395907
9,10|8|7|4|4|3,6,60,319699,silent,319639
9,10|8|6|6|5|1,6,39,132313,silent,132274
9,10|8|6|6|4|2,6,97,361693,silent,361596
9,10|8|6|6|3|3,6,28,237654,silent,237626
9,10|8|6|5|5|2,6,39,283164,silent,283125
9,10|8|6|5|4|3,6,78,529213,silent,529135
9,10|8|6|4|4|4,6,40,152770,silent,152730
9,10|8|5|5|5|3,6,14,141880,silent,141866
9,10|8|5|5|4|4,6,10,129323,silent,129313
9,10|7|7|7|4|1,6,18,59114,silent,59096
9,10|7|7|7|3|2,6,19,86422,silent,86403
9,10|7|7|6|5|1,6,25,96816,silent,96791
9,10|7|7|6|4|2,6,42,253993,silent,253951
9,10|7|7|6|3|3,6,29,168090,silent,168061
9,10|7|7|5|5|2,6,31,167439,silent,167408
9,10|7|7|5|4|3,6,39,302398,silent,302359
9,10|7|7|4|4|4,6,8,80286,silent,80278
9,10|7|6|6|6|1,6,10,29889,silent,29879
9,10|7|6|6|5|2,6,28,166793,silent,166765
9,10|7|6|6|4|3,6,35,246694,silent,246659
9,10|7|6|5|5|3,6,19,218113,silent,218094
9,10|7|6|5|4|4,6,22,188070,silent,188048
9,10|7|5|5|5|4,6,5,70600,silent,70595
9,10|6|6|6|6|2,6,9,20689,silent,20680
9,10|6|6|6|5|3,6,7,67817,silent,67810
9,10|6|6|6|4|4,6,13,48988,silent,48975
9,10|6|6|5|5|4,6,1,56764,silent,56763
9,10|6|5|5|5|5,6,0,-1,a0,
9,9|9|9|7|1|1,6,5,5081,silent,5076
9,9|9|9|6|2|1,6,14,24814,silent,24800
9,9|9|9|5|3|1,6,23,45442,silent,45419
9,9|9|9|5|2|2,6,13,33375,silent,33362
9,9|9|9|4|4|1,6,11,25199,silent,25188
9,9|9|9|4|3|2,6,15,51843,silent,51828
9,9|9|9|3|3|3,6,5,14035,silent,14030
9,9|9|8|8|1|1,6,6,3714,silent,3708
9,9|9|8|7|2|1,6,21,34815,silent,34794
9,9|9|8|6|3|1,6,47,100662,silent,100615
9,9|9|8|6|2|2,6,21,72215,silent,72194
9,9|9|8|5|4|1,6,42,111453,silent,111411
9,9|9|8|5|3|2,6,51,180714,silent,180663
9,9|9|8|4|4|2,6,23,111146,silent,111123
9,9|9|8|4|3|3,6,22,96888,silent,96866
9,9|9|7|7|3|1,6,21,58100,silent,58079
9,9|9|7|7|2|2,6,18,41418,silent,41400
9,9|9|7|6|4|1,6,46,136114,silent,136068
9,9|9|7|6|3|2,6,50,205052,silent,205002
9,9|9|7|5|5|1,6,23,82009,silent,81986
9,9|9|7|5|4|2,6,60,272604,silent,272544
9,9|9|7|5|3|3,6,29,191598,silent,191569
9,9|9|7|4|4|3,6,26,153189,silent,153163
9,9|9|6|6|5|1,6,18,60964,silent,60946
9,9|9|6|6|4|2,6,28,164262,silent,164234
9,9|9|6|6|3|3,6,22,109390,silent,109368
9,9|9|6|5|5|2,6,24,128695,silent,128671
9,9|9|6|5|4|3,6,33,238043,silent,238010
9,9|9|6|4|4|4,6,7,67159,silent,67152
9,9|9|5|5|5|3,6,5,62050,silent,62045
9,9|9|5|5|4|4,6,9,56733,silent,56724
9,9|8|8|8|2|1,6,6,9295,silent,9289
9,9|8|8|7|3|1,6,23,52253,silent,52230
9,9|8|8|7|2|2,6,14,37492,silent,37478
9,9|8|8|6|4|1,6,38,99609,silent,99571
9,9|8|8|6|3|2,6,39,148797,silent,148758
9,9|8|8|5|5|1,6,15,56254,silent,56239
9,9|8|8|5|4|2,6,42,185524,silent,185482
9,9|8|8|5|3|3,6,19,128506,silent,128487
9,9|8|8|4|4|3,6,20,101332,silent,101312
9,9|8|7|7|4|1,6,22,74397,silent,74375
9,9|8|7|7|3|2,6,24,108077,silent,108053
9,9|8|7|6|5|1,6,31,113018,silent,112987
9,9|8|7|6|4|2,6,57,294539,silent,294482
9,9|8|7|6|3|3,6,27,192282,silent,192255
9,9|8|7|5|5|2,6,28,187296,silent,187268
9,9|8|7|5|4|3,6,45,336141,silent,336096
9,9|8|7|4|4|4,6,13,88637,silent,88624
9,9|8|6|6|6|1,6,9,28012,silent,28003
9,9|8|6|6|5|2,6,26,152914,silent,152888
9,9|8|6|6|4|3,6,31,223821,silent,223790
9,9|8|6|5|5|3,6,16,192065,silent,192049
9,9|8|6|5|4|4,6,21,164615,silent,164594
9,9|8|5|5|5|4,6,2,57113,silent,57111
9,9|7|7|7|5|1,6,6,29039,silent,29033
9,9|7|7|7|4|2,6,12,69475,silent,69463
9,9|7|7|7|3|3,6,5,44608,silent,44603
9,9|7|7|6|6|1,6,5,23643,silent,23638
9,9|7|7|6|5|2,6,16,121022,silent,121006
9,9|7|7|6|4|3,6,19,172315,silent,172296
9,9|7|7|5|5|3,6,11,123539,silent,123528
9,9|7|7|5|4|4,6,10,102272,silent,102262
9,9|7|6|6|6|2,6,6,39322,silent,39316
9,9|7|6|6|5|3,6,13,127781,silent,127768
9,9|7|6|6|4|4,6,8,88682,silent,88674
9,9|7|6|5|5|4,6,6,98774,silent,98768
9,9|7|5|5|5|5,6,0,-1,a0,
9,9|6|6|6|6|3,6,4,17180,silent,17176
9,9|6|6|6|5|4,6,3,33676,silent,33673
9,9|6|6|5|5|5,6,0,-1,a0,
9,30|1|1|1|1|1|1,7,0,-1,a0,
9,29|2|1|1|1|1|1,7,0,-1,a0,
9,28|3|1|1|1|1|1,7,0,-1,a0,
9,28|2|2|1|1|1|1,7,0,-1,a0,
9,27|4|1|1|1|1|1,7,0,-1,a0,
9,27|3|2|1|1|1|1,7,0,-1,a0,
9,27|2|2|2|1|1|1,7,0,-1,a0,
9,26|5|1|1|1|1|1,7,0,-1,a0,
9,26|4|2|1|1|1|1,7,0,-1,a0,
9,26|3|3|1|1|1|1,7,0,-1,a0,
9,26|3|2|2|1|1|1,7,0,-1,a0,
9,26|2|2|2|2|1|1,7,0,-1,a0,
9,25|6|1|1|1|1|1,7,0,-1,a0,
9,25|5|2|1|1|1|1,7,0,-1,a0,
9,25|4|3|1|1|1|1,7,0,-1,a0,
9,25|4|2|2|1|1|1,7,0,-1,a0,
9,25|3|3|2|1|1|1,7,0,-1,a0,
9,25|3|2|2|2|1|1,7,0,-1,a0,
9,25|2|2|2|2|2|1,7,0,-1,a0,
9,24|7|1|1|1|1|1,7,0,-1,a0,
9,24|6|2|1|1|1|1,7,0,-1,a0,
9,24|5|3|1|1|1|1,7,0,-1,a0,
9,24|5|2|2|1|1|1,7,0,-1,a0,
9,24|4|4|1|1|1|1,7,0,-1,a0,
9,24|4|3|2|1|1|1,7,0,-1,a0,
9,24|4|2|2|2|1|1,7,0,-1,a0,
9,24|3|3|3|1|1|1,7,0,-1,a0,
9,24|3|3|2|2|1|1,7,0,-1,a0,
9,24|3|2|2|2|2|1,7,0,-1,a0,
9,24|2|2|2|2|2|2,7,1,18,silent,17
9,23|8|1|1|1|1|1,7,0,-1,a0,
9,23|7|2|1|1|1|1,7,0,-1,a0,
9,23|6|3|1|1|1|1,7,0,-1,a0,
9,23|6|2|2|1|1|1,7,0,-1,a0,
9,23|5|4|1|1|1|1,7,0,-1,a0,
9,23|5|3|2|1|1|1,7,0,-1,a0,
9,23|5|2|2|2|1|1,7,0,-1,a0,
9,23|4|4|2|1|1|1,7,0,-1,a0,
9,23|4|3|3|1|1|1,7,0,-1,a0,
9,23|4|3|2|2|1|1,7,0,-1,a0,
9,23|4|2|2|2|2|1,7,1,179,silent,178
9,23|3|3|3|2|1|1,7,0,-1,a0,
9,23|3|3|2|2|2|1,7,0,-1,a0,
9,23|3|2|2|2|2|2,7,1,50,silent,49
9,22|9|1|1|1|1|1,7,0,-1,a0,
9,22|8|2|1|1|1|1,7,0,-1,a0,
9,22|7|3|1|1|1|1,7,0,-1,a0,
9,22|7|2|2|1|1|1,7,0,-1,a0,
9,22|6|4|1|1|1|1,7,0,-1,a0,
9,22|6|3|2|1|1|1,7,0,-1,a0,
9,22|6|2|2|2|1|1,7,0,-1,a0,
9,22|5|5|1|1|1|1,7,0,-1,a0,
9,22|5|4|2|1|1|1,7,0,-1,a0,
9,22|5|3|3|1|1|1,7,0,-1,a0,
9,22|5|3|2|2|1|1,7,1,1374,silent,1373
9,22|5|2|2|2|2|1,7,2,427,silent,425
9,22|4|4|3|1|1|1,7,0,-1,a0,
9,22|4|4|2|2|1|1,7,0,-1,a0,
9,22|4|3|3|2|1|1,7,0,-1,a0,
9,22|4|3|2|2|2|1,7,1,681,silent,680
9,22|4|2|2|2|2|2,7,3,179,silent,176
9,22|3|3|3|3|1|1,7,0,-1,a0,
9,22|3|3|3|2|2|1,7,0,-1,a0,
9,22|3|3|2|2|2|2,7,0,-1,a0,
9,21|10|1|1|1|1|1,7,0,-1,a0,
9,21|9|2|1|1|1|1,7,0,-1,a0,
9,21|8|3|1|1|1|1,7,0,-1,a0,
9,21|8|2|2|1|1|1,7,0,-1,a0,
9,21|7|4|1|1|1|1,7,0,-1,a0,
9,21|7|3|2|1|1|1,7,0,-1,a0,
9,21|7|2|2|2|1|1,7,1,958,silent,957
9,21|6|5|1|1|1|1,7,0,-1,a0,
9,21|6|4|2|1|1|1,7,0,-1,a0,
9,21|6|3|3|1|1|1,7,1,2296,silent,2295
9,21|6|3|2|2|1|1,7,2,2934,silent,2932
9,21|6|2|2|2|2|1,7,4,858,silent,854
9,21|5|5|2|1|1|1,7,1,1591,silent,1590
9,21|5|4|3|1|1|1,7,0,-1,a0,
9,21|5|4|2|2|1|1,7,2,3079,silent,3077
9,21|5|3|3|2|1|1,7,1,3005,silent,3004
9,21|5|3|2|2|2|1,7,4,1957,silent,1953
9,21|5|2|2|2|2|2,7,3,384,silent,381
9,21|4|4|4|1|1|1,7,0,-1,a0,
9,21|4|4|3|2|1|1,7,0,-1,a0,
9,21|4|4|2|2|2|1,7,3,1222,silent,1219
9,21|4|3|3|3|1|1,7,0,-1,a0,
9,21|4|3|3|2|2|1,7,0,-1,a0,
9,21|4|3|2|2|2|2,7,2,568,silent,566
9,21|3|3|3|3|2|1,7,0,-1,a0,
9,21|3|3|3|2|2|2,7,0,-1,a0,
9,20|11|1|1|1|1|1,7,0,-1,a0,
9,20|10|2|1|1|1|1,7,0,-1,a0,
9,20|9|3|1|1|1|1,7,0,-1,a0,
9,20|9|2|2|1|1|1,7,0,-1,a0,
9,20|8|4|1|1|1|1,7,0,-1,a0,
9,20|8|3|2|1|1|1,7,1,3518,silent,3517
9,20|8|2|2|2|1|1,7,1,1416,silent,1415
9,20|7|5|1|1|1|1,7,0,-1,a0,
9,20|7|4|2|1|1|1,7,1,5987,silent,5986
9,20|7|3|3|1|1|1,7,1,4179,silent,4178
9,20|7|3|2|2|1|1,7,6,5347,silent,5341
9,20|7|2|2|2|2|1,7,6,1476,silent,1470
9,20|6|6|1|1|1|1,7,0,-1,a0,
9,20|6|5|2|1|1|1,7,2,5128,silent,5126
9,20|6|4|3|1|1|1,7,2,7235,silent,7233
9,20|6|4|2|2|1|1,7,5,7664,silent,7659
9,20|6|3|3|2|1|1,7,4,6915,silent,6911
9,20|6|3|2|2|2|1,7,8,4396,silent,4388
9,20|6|2|2|2|2|2,7,7,815,silent,808
9,20|5|5|3|1|1|1,7,2,3933,silent,3931
9,20|5|5|2|2|1|1,7,5,3998,silent,3993
9,20|5|4|4|1|1|1,7,0,-1,a0,
9,20|5|4|3|2|1|1,7,4,9128,silent,9124
9,20|5|4|2|2|2|1,7,8,4776,silent,4768
9,20|5|3|3|3|1|1,7,0,-1,a0,
9,20|5|3|3|2|2|1,7,2,4673,silent,4671
9,20|5|3|2|2|2|2,7,3,1649,silent,1646
9,20|4|4|4|2|1|1,7,0,-1,a0,
9,20|4|4|3|3|1|1,7,0,-1,a0,
9,20|4|4|3|2|2|1,7,2,3591,silent,3589
9,20|4|4|2|2|2|2,7,5,1158,silent,1153
9,20|4|3|3|3|2|1,7,0,-1,a0,
9,20|4|3|3|2|2|2,7,0,-1,a0,
9,20|3|3|3|3|3|1,7,0,-1,a0,
9,20|3|3|3|3|2|2,7,0,-1,a0,
9,19|12|1|1|1|1|1,7,0,-1,a0,
9,19|11|2|1|1|1|1,7,0,-1,a0,
9,19|10|3|1|1|1|1,7,0,-1,a0,
9,19|10|2|2|1|1|1,7,0,-1,a0,
9,19|9|4|1|1|1|1,7,0,-1,a0,
9,19|9|3|2|1|1|1,7,2,4755,silent,4753
9,19|9|2|2|2|1|1,7,3,1934,silent,1931
9,19|8|5|1|1|1|1,7,1,3590,silent,3589
9,19|8|4|2|1|1|1,7,3,9647,silent,9644
9,19|8|3|3|1|1|1,7,4,6555,silent,6551
9,19|8|3|2|2|1|1,7,9,8317,silent,8308
9,19|8|2|2|2|2|1,7,9,2237,silent,2228
9,19|7|6|1|1|1|1,7,0,-1,a0,
9,19|7|5|2|1|1|1,7,6,11280,silent,11274
9,19|7|4|3|1|1|1,7,5,14463,silent,14458
9,19|7|4|2|2|1|1,7,15,15281,silent,15266
9,19|7|3|3|2|1|1,7,8,12983,silent,12975
9,19|7|3|2|2|2|1,7,15,8107,silent,8092
9,19|7|2|2|2|2|2,7,7,1330,silent,1323
9,19|6|6|2|1|1|1,7,1,5018,silent,5017
9,19|6|5|3|1|1|1,7,8,13573,silent,13565
9,19|6|5|2|2|1|1,7,12,13421,silent,13409
9,19|6|4|4|1|1|1,7,1,8146,silent,8145
9,19|6|4|3|2|1|1,7,13,24270,silent,24257
9,19|6|4|2|2|2|1,7,19,12324,silent,12305
9,19|6|3|3|3|1|1,7,2,7807,silent,7805
9,19|6|3|3|2|2|1,7,5,11176,silent,11171
9,19|6|3|2|2|2|2,7,8,3855,silent,3847
9,19|5|5|4|1|1|1,7,5,5693,silent,5688
9,19|5|5|3|2|1|1,7,9,13354,silent,13345
9,19|5|5|2|2|2|1,7,6,6162,silent,6156
9,19|5|4|4|2|1|1,7,5,10999,silent,10994
9,19|5|4|3|3|1|1,7,2,11302,silent,11300
9,19|5|4|3|2|2|1,7,10,15668,silent,15658
9,19|5|4|2|2|2|2,7,7,4276,silent,4269
9,19|5|3|3|3|2|1,7,0,-1,a0,
9,19|5|3|3|2|2|2,7,1,4109,silent,4108
9,19|4|4|4|3|1|1,7,0,-1,a0,
9,19|4|4|4|2|2|1,7,4,4205,silent,4201
9,19|4|4|3|3|2|1,7,0,-1,a0,
9,19|4|4|3|2|2|2,7,3,3351,silent,3348
9,19|4|3|3|3|3|1,7,0,-1,a0,
9,19|4|3|3|3|2|2,7,0,-1,a0,
9,19|3|3|3|3|3|2,7,0,-1,a0,
9,18|13|1|1|1|1|1,7,0,-1,a0,
9,18|12|2|1|1|1|1,7,0,-1,a0,
9,18|11|3|1|1|1|1,7,0,-1,a0,
9,18|11|2|2|1|1|1,7,0,-1,a0,
9,18|10|4|1|1|1|1,7,1,3233,silent,3232
9,18|10|3|2|1|1|1,7,3,5627,silent,5624
9,18|10|2|2|2|1|1,7,3,2246,silent,2243
9,18|9|5|1|1|1|1,7,1,5070,silent,5069
9,18|9|4|2|1|1|1,7,7,13373,silent,13366
9,18|9|3|3|1|1|1,7,6,8893,silent,8887
9,18|9|3|2|2|1|1,7,15,11293,silent,11278
9,18|9|2|2|2|2|1,7,11,2954,silent,2943
9,18|8|6|1|1|1|1,7,2,5066,silent,5064
9,18|8|5|2|1|1|1,7,13,19274,silent,19261
9,18|8|4|3|1|1|1,7,13,23731,silent,23718
9,18|8|4|2|2|1|1,7,23,24783,silent,24760
9,18|8|3|3|2|1|1,7,16,20673,silent,20657
9,18|8|3|2|2|2|1,7,22,12752,silent,12730
9,18|8|2|2|2|2|2,7,12,2062,silent,2050
9,18|7|7|1|1|1|1,7,0,-1,a0,
9,18|7|6|2|1|1|1,7,8,14875,silent,14867
9,18|7|5|3|1|1|1,7,18,30534,silent,30516
9,18|7|5|2|2|1|1,7,31,29963,silent,29932
9,18|7|4|4|1|1|1,7,8,17199,silent,17191
9,18|7|4|3|2|1|1,7,30,49332,silent,49302
9,18|7|4|2|2|2|1,7,34,24417,silent,24383
9,18|7|3|3|3|1|1,7,3,15010,silent,15007
9,18|7|3|3|2|2|1,7,12,21482,silent,21470
9,18|7|3|2|2|2|2,7,11,7110,silent,7099
9,18|6|6|3|1|1|1,7,7,14293,silent,14286
9,18|6|6|2|2|1|1,7,8,13638,silent,13630
9,18|6|5|4|1|1|1,7,12,20974,silent,20962
9,18|6|5|3|2|1|1,7,31,47526,silent,47495
9,18|6|5|2|2|2|1,7,23,21669,silent,21646
9,18|6|4|4|2|1|1,7,14,31509,silent,31495
9,18|6|4|3|3|1|1,7,10,31167,silent,31157
9,18|6|4|3|2|2|1,7,25,42577,silent,42552
9,18|6|4|2|2|2|2,7,19,11319,silent,11300
9,18|6|3|3|3|2|1,7,1,16975,silent,16974
9,18|6|3|3|2|2|2,7,2,10044,silent,10042
9,18|5|5|5|1|1|1,7,6,4450,silent,4444
9,18|5|5|4|2|1|1,7,16,22003,silent,21987
9,18|5|5|3|3|1|1,7,5,17619,silent,17614
9,18|5|5|3|2|2|1,7,11,23361,silent,23350
9,18|5|5|2|2|2|2,7,2,5416,silent,5414
9,18|5|4|4|3|1|1,7,6,18281,silent,18275
9,18|5|4|4|2|2|1,7,13,20746,silent,20733
9,18|5|4|3|3|2|1,7,4,25817,silent,25813
9,18|5|4|3|2|2|2,7,7,14692,silent,14685
9,18|5|3|3|3|3|1,7,0,-1,a0,
9,18|5|3|3|3|2|2,7,0,-1,a0,
9,18|4|4|4|4|1|1,7,0,-1,a0,
9,18|4|4|4|3|2|1,7,2,8653,silent,8651
9,18|4|4|4|2|2|2,7,6,4311,silent,4305
9,18|4|4|3|3|3|1,7,0,-1,a0,
9,18|4|4|3|3|2|2,7,0,-1,a0,
9,18|4|3|3|3|3|2,7,0,-1,a0,
9,18|3|3|3|3|3|3,7,0,-1,a0,
9,17|14|1|1|1|1|1,7,0,-1,a0,
9,17|13|2|1|1|1|1,7,0,-1,a0,
9,17|12|3|1|1|1|1,7,0,-1,a0,
9,17|12|2|2|1|1|1,7,0,-1,a0,
9,17|11|4|1|1|1|1,7,0,-1,a0,
9,17|11|3|2|1|1|1,7,4,5867,silent,5863
9,17|11|2|2|2|1|1,7,5,2372,silent,2367
9,17|10|5|1|1|1|1,7,3,6129,silent,6126
9,17|10|4|2|1|1|1,7,10,15889,silent,15879
9,17|10|3|3|1|1|1,7,9,10460,silent,10451
9,17|10|3|2|2|1|1,7,18,13241,silent,13223
9,17|10|2|2|2|2|1,7,13,3424,silent,3411
9,17|9|6|1|1|1|1,7,3,7468,silent,7465
9,17|9|5|2|1|1|1,7,22,27296,silent,27274
9,17|9|4|3|1|1|1,7,20,32746,silent,32726
9,17|9|4|2|2|1|1,7,39,34219,silent,34180
9,17|9|3|3|2|1|1,7,22,27895,silent,27873
9,17|9|3|2|2|2|1,7,29,17077,silent,17048
9,17|9|2|2|2|2|2,7,10,2580,silent,2570
9,17|8|7|1|1|1|1,7,3,5369,silent,5366
9,17|8|6|2|1|1|1,7,18,28170,silent,28152
9,17|8|5|3|1|1|1,7,38,52539,silent,52501
9,17|8|5|2|2|1|1,7,49,51137,silent,51088
9,17|8|4|4|1|1|1,7,13,28692,silent,28679
9,17|8|4|3|2|1|1,7,54,80846,silent,80792
9,17|8|4|2|2|2|1,7,51,39540,silent,39489
9,17|8|3|3|3|1|1,7,9,23958,silent,23949
9,17|8|3|3|2|2|1,7,19,34163,silent,34144
9,17|8|3|2|2|2|2,7,17,11162,silent,11145
9,17|7|7|2|1|1|1,7,10,12485,silent,12475
9,17|7|6|3|1|1|1,7,24,42529,silent,42505
9,17|7|6|2|2|1|1,7,36,40448,silent,40412
9,17|7|5|4|1|1|1,7,32,48730,silent,48698
9,17|7|5|3|2|1|1,7,68,107314,silent,107246
9,17|7|5|2|2|2|1,7,47,48014,silent,47967
9,17|7|4|4|2|1|1,7,38,66499,silent,66461
9,17|7|4|3|3|1|1,7,19,63732,silent,63713
9,17|7|4|3|2|2|1,7,50,86450,silent,86400
9,17|7|4|2|2|2|2,7,24,21944,silent,21920
9,17|7|3|3|3|2|1,7,3,33044,silent,33041
9,17|7|3|3|2|2|2,7,6,19508,silent,19502
9,17|6|6|4|1|1|1,7,8,24626,silent,24618
9,17|6|6|3|2|1|1,7,28,51377,silent,51349
9,17|6|6|2|2|2|1,7,23,22698,silent,22675
9,17|6|5|5|1|1|1,7,15,18092,silent,18077
9,17|6|5|4|2|1|1,7,46,82623,silent,82577
9,17|6|5|3|3|1|1,7,24,64302,silent,64278
9,17|6|5|3|2|2|1,7,41,84558,silent,84517
9,17|6|5|2|2|2|2,7,16,19652,silent,19636
9,17|6|4|4|3|1|1,7,17,53572,silent,53555
9,17|6|4|4|2|2|1,7,35,59799,silent,59764
9,17|6|4|3|3|2|1,7,12,71768,silent,71756
9,17|6|4|3|2|2|2,7,17,40207,silent,40190
9,17|6|3|3|3|3|1,7,0,-1,a0,
9,17|6|3|3|3|2|2,7,0,-1,a0,
9,17|5|5|5|2|1|1,7,12,17876,silent,17864
9,17|5|5|4|3|1|1,7,17,38483,silent,38466
9,17|5|5|4|2|2|1,7,15,40977,silent,40962
9,17|5|5|3|3|2|1,7,8,41339,silent,41331
9,17|5|5|3|2|2|2,7,5,22022,silent,22017
9,17|5|4|4|4|1|1,7,6,13562,silent,13556
9,17|5|4|4|3|2|1,7,13,45235,silent,45222
9,17|5|4|4|2|2|2,7,10,20455,silent,20445
9,17|5|4|3|3|3|1,7,0,-1,a0,
9,17|5|4|3|3|2|2,7,2,26993,silent,26991
9,17|5|3|3|3|3|2,7,0,-1,a0,
9,17|4|4|4|4|2|1,7,4,6907,silent,6903
9,17|4|4|4|3|3|1,7,0,-1,a0,
9,17|4|4|4|3|2|2,7,3,9507,silent,9504
9,17|4|4|3|3|3|2,7,0,-1,a0,
9,17|4|3|3|3|3|3,7,0,-1,a0,
9,16|15|1|1|1|1|1,7,0,-1,a0,
9,16|14|2|1|1|1|1,7,0,-1,a0,
9,16|13|3|1|1|1|1,7,0,-1,a0,
9,16|13|2|2|1|1|1,7,0,-1,a0,
9,16|12|4|1|1|1|1,7,1,3005,silent,3004
9,16|12|3|2|1|1|1,7,4,5181,silent,5177
9,16|12|2|2|2|1|1,7,3,2053,silent,2050
9,16|11|5|1|1|1|1,7,3,6250,silent,6247
9,16|11|4|2|1|1|1,7,12,16112,silent,16100
9,16|11|3|3|1|1|1,7,9,10507,silent,10498
9,16|11|3|2|2|1|1,7,21,13326,silent,13305
9,16|11|2|2|2|2|1,7,12,3396,silent,3384
9,16|10|6|1|1|1|1,7,6,9064,silent,9058
9,16|10|5|2|1|1|1,7,28,32072,silent,32044
9,16|10|4|3|1|1|1,7,29,38031,silent,38002
9,16|10|4|2|2|1|1,7,42,39465,silent,39423
9,16|10|3|3|2|1|1,7,29,32073,silent,32044
9,16|10|3|2|2|2|1,7,33,19523,silent,19490
9,16|10|2|2|2|2|2,7,13,2972,silent,2959
9,16|9|7|1|1|1|1,7,5,8612,silent,8607
9,16|9|6|2|1|1|1,7,32,41131,silent,41099
9,16|9|5|3|1|1|1,7,55,72983,silent,72928
9,16|9|5|2|2|1|1,7,74,70864,silent,70790
9,16|9|4|4|1|1|1,7,23,39320,silent,39297
9,16|9|4|3|2|1|1,7,77,109307,silent,109230
9,16|9|4|2|2|2|1,7,64,52927,silent,52863
9,16|9|3|3|3|1|1,7,11,31795,silent,31784
9,16|9|3|3|2|2|1,7,27,45358,silent,45331
9,16|9|3|2|2|2|2,7,18,14548,silent,14530
9,16|8|8|1|1|1|1,7,4,3606,silent,3602
9,16|8|7|2|1|1|1,7,24,30199,silent,30175
9,16|8|6|3|1|1|1,7,53,79813,silent,79760
9,16|8|6|2|2|1|1,7,60,75231,silent,75171
9,16|8|5|4|1|1|1,7,55,83706,silent,83651
9,16|8|5|3|2|1|1,7,119,182012,silent,181893
9,16|8|5|2|2|2|1,7,74,80833,silent,80759
9,16|8|4|4|2|1|1,7,58,108960,silent,108902
9,16|8|4|3|3|1|1,7,40,103368,silent,103328
9,16|8|4|3|2|2|1,7,76,139394,silent,139318
9,16|8|4|2|2|2|2,7,39,35099,silent,35060
9,16|8|3|3|3|2|1,7,7,51993,silent,51986
9,16|8|3|3|2|2|2,7,7,30481,silent,30474
9,16|7|7|3|1|1|1,7,22,35868,silent,35846
9,16|7|7|2|2|1|1,7,34,33575,silent,33541
9,16|7|6|4|1|1|1,7,41,74567,silent,74526
9,16|7|6|3|2|1|1,7,85,150774,silent,150689
9,16|7|6|2|2|2|1,7,54,64961,silent,64907
9,16|7|5|5|1|1|1,7,29,43233,silent,43204
9,16|7|5|4|2|1|1,7,105,189579,silent,189474
9,16|7|5|3|3|1|1,7,48,144270,silent,144222
9,16|7|5|3|2|2|1,7,87,188568,silent,188481
9,16|7|5|2|2|2|2,7,25,42630,silent,42605
9,16|7|4|4|3|1|1,7,41,112090,silent,112049
9,16|7|4|4|2|2|1,7,61,123334,silent,123273
9,16|7|4|3|3|2|1,7,26,145724,silent,145698
9,16|7|4|3|2|2|2,7,29,80425,silent,80396
9,16|7|3|3|3|3|1,7,0,-1,a0,
9,16|7|3|3|3|2|2,7,1,33344,silent,33343
9,16|6|6|5|1|1|1,7,11,27304,silent,27293
9,16|6|6|4|2|1|1,7,40,98101,silent,98061
9,16|6|6|3|3|1|1,7,26,71015,silent,70989
9,16|6|6|3|2|2|1,7,42,92137,silent,92095
9,16|6|6|2|2|2|2,7,21,20841,silent,20820
9,16|6|5|5|2|1|1,7,40,73631,silent,73591
9,16|6|5|4|3|1|1,7,52,145836,silent,145784
9,16|6|5|4|2|2|1,7,62,154794,silent,154732
9,16|6|5|3|3|2|1,7,28,149832,silent,149804
9,16|6|5|3|2|2|2,7,20,79586,silent,79566
9,16|6|4|4|4|1|1,7,12,40434,silent,40422
9,16|6|4|4|3|2|1,7,34,131648,silent,131614
9,16|6|4|4|2|2|2,7,28,58613,silent,58585
9,16|6|4|3|3|3|1,7,2,59904,silent,59902
9,16|6|4|3|3|2|2,7,4,74468,silent,74464
9,16|6|3|3|3|3|2,7,0,-1,a0,
9,16|5|5|5|3|1|1,7,13,34410,silent,34397
9,16|5|5|5|2|2|1,7,7,33609,silent,33602
9,16|5|5|4|4|1|1,7,15,31649,silent,31634
9,16|5|5|4|3|2|1,7,21,94754,silent,94733
9,16|5|5|4|2|2|2,7,5,39632,silent,39627
9,16|5|5|3|3|3|1,7,2,35419,silent,35417
9,16|5|5|3|3|2|2,7,5,43647,silent,43642
9,16|5|4|4|4|2|1,7,14,37487,silent,37473
9,16|5|4|4|3|3|1,7,4,41430,silent,41426
9,16|5|4|4|3|2|2,7,8,49093,silent,49085
9,16|5|4|3|3|3|2,7,0,-1,a0,
9,16|5|3|3|3|3|3,7,0,-1,a0,
9,16|4|4|4|4|3|1,7,2,8118,silent,8116
9,16|4|4|4|4|2|2,7,6,8238,silent,8232
9,16|4|4|4|3|3|2,7,0,-1,a0,
9,16|4|4|3|3|3|3,7,0,-1,a0,
9,15|15|2|1|1|1|1,7,0,-1,a0,
9,15|14|3|1|1|1|1,7,0,-1,a0,
9,15|14|2|2|1|1|1,7,0,-1,a0,
9,15|13|4|1|1|1|1,7,0,-1,a0,
9,15|13|3|2|1|1|1,7,3,3608,silent,3605
9,15|13|2|2|2|1|1,7,4,1468,silent,1464
9,15|12|5|1|1|1|1,7,3,5180,silent,5177
9,15|12|4|2|1|1|1,7,11,13266,silent,13255
9,15|12|3|3|1|1|1,7,9,8626,silent,8617
9,15|12|3|2|2|1|1,7,17,10912,silent,10895
9,15|12|2|2|2|2|1,7,10,2771,silent,2761
9,15|11|6|1|1|1|1,7,4,8845,silent,8841
9,15|11|5|2|1|1|1,7,30,31050,silent,31020
9,15|11|4|3|1|1|1,7,27,36417,silent,36390
9,15|11|4|2|2|1|1,7,48,37926,silent,37878
9,15|11|3|3|2|1|1,7,27,30412,silent,30385
9,15|11|3|2|2|2|1,7,30,18471,silent,18441
9,15|11|2|2|2|2|2,7,8,2678,silent,2670
9,15|10|7|1|1|1|1,7,8,10471,silent,10463
9,15|10|6|2|1|1|1,7,39,47564,silent,47525
9,15|10|5|3|1|1|1,7,67,82320,silent,82253
9,15|10|5|2|2|1|1,7,81,79657,silent,79576
9,15|10|4|4|1|1|1,7,27,43941,silent,43914
9,15|10|4|3|2|1|1,7,88,121353,silent,121265
9,15|10|4|2|2|2|1,7,69,58501,silent,58432
9,15|10|3|3|3|1|1,7,15,34992,silent,34977
9,15|10|3|3|2|2|1,7,29,49832,silent,49803
9,15|10|3|2|2|2|2,7,20,15907,silent,15887
9,15|9|8|1|1|1|1,7,5,7278,silent,7273
9,15|9|7|2|1|1|1,7,42,46994,silent,46952
9,15|9|6|3|1|1|1,7,77,112440,silent,112363
9,15|9|6|2|2|1|1,7,95,105881,silent,105786
9,15|9|5|4|1|1|1,7,78,113234,silent,113156
9,15|9|5|3|2|1|1,7,159,243711,silent,243552
9,15|9|5|2|2|2|1,7,91,107428,silent,107337
9,15|9|4|4|2|1|1,7,85,143802,silent,143717
9,15|9|4|3|3|1|1,7,48,134772,silent,134724
9,15|9|4|3|2|2|1,7,98,181372,silent,181274
9,15|9|4|2|2|2|2,7,36,44725,silent,44689
9,15|9|3|3|3|2|1,7,10,66806,silent,66796
9,15|9|3|3|2|2|2,7,12,39212,silent,39200
9,15|8|8|2|1|1|1,7,15,19686,silent,19671
9,15|8|7|3|1|1|1,7,59,85076,silent,85017
9,15|8|7|2|2|1|1,7,64,78919,silent,78855
9,15|8|6|4|1|1|1,7,75,137552,silent,137477
9,15|8|6|3|2|1|1,7,155,274460,silent,274305
9,15|8|6|2|2|2|1,7,90,117337,silent,117247
9,15|8|5|5|1|1|1,7,52,73789,silent,73737
9,15|8|5|4|2|1|1,7,166,316304,silent,316138
9,15|8|5|3|3|1|1,7,88,238300,silent,238212
9,15|8|5|3|2|2|1,7,135,310290,silent,310155
9,15|8|5|2|2|2|2,7,42,69724,silent,69682
9,15|8|4|4|3|1|1,7,62,179046,silent,178984
9,15|8|4|4|2|2|1,7,92,195920,silent,195828
9,15|8|4|3|3|2|1,7,44,229097,silent,229053
9,15|8|4|3|2|2|2,7,40,125648,silent,125608
9,15|8|3|3|3|3|1,7,1,40388,silent,40387
9,15|8|3|3|3|2|2,7,1,50892,silent,50891
9,15|7|7|4|1|1|1,7,42,64516,silent,64474
9,15|7|7|3|2|1|1,7,68,124284,silent,124216
9,15|7|7|2|2|2|1,7,34,51874,silent,51840
9,15|7|6|5|1|1|1,7,41,84066,silent,84025
9,15|7|6|4|2|1|1,7,134,288229,silent,288095
9,15|7|6|3|3|1|1,7,63,203336,silent,203273
9,15|7|6|3|2|2|1,7,106,261793,silent,261687
9,15|7|6|2|2|2|2,7,30,56744,silent,56714
9,15|7|5|5|2|1|1,7,79,171938,silent,171859
9,15|7|5|4|3|1|1,7,112,327876,silent,327764
9,15|7|5|4|2|2|1,7,122,345100,silent,344978
9,15|7|5|3|3|2|1,7,60,328338,silent,328278
9,15|7|5|3|2|2|2,7,41,172715,silent,172674
9,15|7|4|4|4|1|1,7,33,83996,silent,83963
9,15|7|4|4|3|2|1,7,63,267574,silent,267511
9,15|7|4|4|2|2|2,7,36,116575,silent,116539
9,15|7|4|3|3|3|1,7,4,119097,silent,119093
9,15|7|4|3|3|2|2,7,12,147918,silent,147906
9,15|7|3|3|3|3|2,7,0,-1,a0,
9,15|6|6|6|1|1|1,7,2,15528,silent,15526
9,15|6|6|5|2|1|1,7,41,111599,silent,111558
9,15|6|6|4|3|1|1,7,48,174257,silent,174209
9,15|6|6|4|2|2|1,7,69,182671,silent,182602
9,15|6|6|3|3|2|1,7,28,163361,silent,163333
9,15|6|6|3|2|2|2,7,24,85699,silent,85675
9,15|6|5|5|3|1|1,7,46,140750,silent,140704
9,15|6|5|5|2|2|1,7,35,137452,silent,137417
9,15|6|5|4|4|1|1,7,37,119997,silent,119960
9,15|6|5|4|3|2|1,7,73,353562,silent,353489
9,15|6|5|4|2|2|2,7,32,147837,silent,147805
9,15|6|5|3|3|3|1,7,8,126255,silent,126247
9,15|6|5|3|3|2|2,7,11,154407,silent,154396
9,15|6|4|4|4|2|1,7,34,109619,silent,109585
9,15|6|4|4|3|3|1,7,10,119125,silent,119115
9,15|6|4|4|3|2|2,7,21,139877,silent,139856
9,15|6|4|3|3|3|2,7,0,-1,a0,
9,15|6|3|3|3|3|3,7,0,-1,a0,
9,15|5|5|5|4|1|1,7,12,36397,silent,36385
9,15|5|5|5|3|2|1,7,13,85020,silent,85007
9,15|5|5|5|2|2|2,7,1,32307,silent,32306
9,15|5|5|4|4|2|1,7,17,85043,silent,85026
9,15|5|5|4|3|3|1,7,10,88467,silent,88457
9,15|5|5|4|3|2|2,7,9,101216,silent,101207
9,15|5|5|3|3|3|2,7,1,48859,silent,48858
9,15|5|4|4|4|3|1,7,11,44605,silent,44594
9,15|5|4|4|4|2|2,7,10,42525,silent,42515
9,15|5|4|4|3|3|2,7,2,58420,silent,58418
9,15|5|4|3|3|3|3,7,0,-1,a0,
9,15|4|4|4|4|4|1,7,4,4313,silent,4309
9,15|4|4|4|4|3|2,7,3,12288,silent,12285
9,15|4|4|4|3|3|3,7,0,-1,a0,
9,14|14|4|1|1|1|1,7,1,763,silent,762
9,14|14|3|2|1|1|1,7,1,1281,silent,1280
9,14|14|2|2|2|1|1,7,0,-1,a0,
9,14|13|5|1|1|1|1,7,2,2946,silent,2944
9,14|13|4|2|1|1|1,7,7,7541,silent,7534
9,14|13|3|3|1|1|1,7,5,4877,silent,4872
9,14|13|3|2|2|1|1,7,10,6187,silent,6177
9,14|13|2|2|2|2|1,7,6,1567,silent,1561
9,14|12|6|1|1|1|1,7,6,6572,silent,6566
9,14|12|5|2|1|1|1,7,22,22644,silent,22622
9,14|12|4|3|1|1|1,7,24,26507,silent,26483
9,14|12|4|2|2|1|1,7,30,27400,silent,27370
9,14|12|3|3|2|1|1,7,22,22111,silent,22089
9,14|12|3|2|2|2|1,7,22,13390,silent,13368
9,14|12|2|2|2|2|2,7,9,2016,silent,2007
9,14|11|7|1|1|1|1,7,7,9633,silent,9626
9,14|11|6|2|1|1|1,7,38,42777,silent,42739
9,14|11|5|3|1|1|1,7,60,72856,silent,72796
9,14|11|5|2|2|1|1,7,75,70466,silent,70391
9,14|11|4|4|1|1|1,7,26,38736,silent,38710
9,14|11|4|3|2|1|1,7,79,106403,silent,106324
9,14|11|4|2|2|2|1,7,58,51093,silent,51035
9,14|11|3|3|3|1|1,7,12,30454,silent,30442
9,14|11|3|3|2|2|1,7,26,43417,silent,43391
9,14|11|3|2|2|2|2,7,15,13746,silent,13731
9,14|10|8|1|1|1|1,7,10,9146,silent,9136
9,14|10|7|2|1|1|1,7,47,53141,silent,53094
9,14|10|6|3|1|1|1,7,90,121700,silent,121610
9,14|10|6|2|2|1|1,7,94,114035,silent,113941
9,14|10|5|4|1|1|1,7,83,119837,silent,119754
9,14|10|5|3|2|1|1,7,169,256797,silent,256628
9,14|10|5|2|2|2|1,7,95,112922,silent,112827
9,14|10|4|4|2|1|1,7,81,149765,silent,149684
9,14|10|4|3|3|1|1,7,58,140154,silent,140096
9,14|10|4|3|2|2|1,7,97,188072,silent,187975
9,14|10|4|2|2|2|2,7,42,46472,silent,46430
9,14|10|3|3|3|2|1,7,11,68713,silent,68702
9,14|10|3|3|2|2|2,7,9,40105,silent,40096
9,14|9|9|1|1|1|1,7,2,3793,silent,3791
9,14|9|8|2|1|1|1,7,33,38022,silent,37989
9,14|9|7|3|1|1|1,7,88,125199,silent,125111
9,14|9|7|2|2|1|1,7,98,115830,silent,115732
9,14|9|6|4|1|1|1,7,109,184897,silent,184788
9,14|9|6|3|2|1|1,7,206,365286,silent,365080
9,14|9|6|2|2|2|1,7,109,154967,silent,154858
9,14|9|5|5|1|1|1,7,63,95506,silent,95443
9,14|9|5|4|2|1|1,7,212,404285,silent,404073
9,14|9|5|3|3|1|1,7,107,302215,silent,302108
9,14|9|5|3|2|2|1,7,164,392654,silent,392490
9,14|9|5|2|2|2|2,7,43,87288,silent,87245
9,14|9|4|4|3|1|1,7,80,223489,silent,223409
9,14|9|4|4|2|2|1,7,105,243296,silent,243191
9,14|9|4|3|3|2|1,7,55,283085,silent,283030
9,14|9|4|3|2|2|2,7,45,154419,silent,154374
9,14|9|3|3|3|3|1,7,1,49097,silent,49096
9,14|9|3|3|3|2|2,7,3,62032,silent,62029
9,14|8|8|3|1|1|1,7,40,53816,silent,53776
9,14|8|8|2|2|1|1,7,30,49301,silent,49271
9,14|8|7|4|1|1|1,7,86,147573,silent,147487
9,14|8|7|3|2|1|1,7,150,281701,silent,281551
9,14|8|7|2|2|2|1,7,73,117314,silent,117241
9,14|8|6|5|1|1|1,7,77,151571,silent,151494
9,14|8|6|4|2|1|1,7,218,507021,silent,506803
9,14|8|6|3|3|1|1,7,120,354433,silent,354313
9,14|8|6|3|2|2|1,7,172,454392,silent,454220
9,14|8|6|2|2|2|2,7,54,98058,silent,98004
9,14|8|5|5|2|1|1,7,128,280791,silent,280663
9,14|8|5|4|3|1|1,7,170,523895,silent,523725
9,14|8|5|4|2|2|1,7,185,549772,silent,549587
9,14|8|5|3|3|2|1,7,94,517216,silent,517122
9,14|8|5|3|2|2|2,7,58,271011,silent,270953
9,14|8|4|4|4|1|1,7,37,128808,silent,128771
9,14|8|4|4|3|2|1,7,91,407611,silent,407520
9,14|8|4|4|2|2|2,7,56,176921,silent,176865
9,14|8|4|3|3|3|1,7,10,179114,silent,179104
9,14|8|4|3|3|2|2,7,14,221522,silent,221508
9,14|8|3|3|3|3|2,7,0,-1,a0,
9,14|7|7|5|1|1|1,7,39,76945,silent,76906
9,14|7|7|4|2|1|1,7,111,239649,silent,239538
9,14|7|7|3|3|1|1,7,43,162672,silent,162629
9,14|7|7|3|2|2|1,7,71,206871,silent,206800
9,14|7|7|2|2|2|2,7,10,42966,silent,42956
9,14|7|6|6|1|1|1,7,19,51128,silent,51109
9,14|7|6|5|2|1|1,7,121,328730,silent,328609
9,14|7|6|4|3|1|1,7,141,492673,silent,492532
9,14|7|6|4|2|2|1,7,157,510450,silent,510293
9,14|7|6|3|3|2|1,7,76,449932,silent,449856
9,14|7|6|3|2|2|2,7,50,232422,silent,232372
9,14|7|5|5|3|1|1,7,88,317751,silent,317663
9,14|7|5|5|2|2|1,7,76,308996,silent,308920
9,14|7|5|4|4|1|1,7,81,262692,silent,262611
9,14|7|5|4|3|2|1,7,142,762751,silent,762609
9,14|7|5|4|2|2|2,7,54,315517,silent,315463
9,14|7|5|3|3|3|1,7,15,266466,silent,266451
9,14|7|5|3|3|2|2,7,26,325157,silent,325131
9,14|7|4|4|4|2|1,7,55,216738,silent,216683
9,14|7|4|4|3|3|1,7,22,234024,silent,234002
9,14|7|4|4|3|2|2,7,33,272406,silent,272373
9,14|7|4|3|3|3|2,7,1,155540,silent,155539
9,14|7|3|3|3|3|3,7,0,-1,a0,
9,14|6|6|6|2|1|1,7,13,63476,silent,63463
9,14|6|6|5|3|1|1,7,51,211798,silent,211747
9,14|6|6|5|2|2|1,7,54,205207,silent,205153
9,14|6|6|4|4|1|1,7,29,145056,silent,145027
9,14|6|6|4|3|2|1,7,74,411991,silent,411917
9,14|6|6|4|2|2|2,7,44,170108,silent,170064
9,14|6|6|3|3|3|1,7,8,134475,silent,134467
9,14|6|6|3|3|2|2,7,8,162999,silent,162991
9,14|6|5|5|4|1|1,7,38,147167,silent,147129
9,14|6|5|5|3|2|1,7,50,337769,silent,337719
9,14|6|5|5|2|2|2,7,10,128227,silent,128217
9,14|6|5|4|4|2|1,7,61,314449,silent,314388
9,14|6|5|4|3|3|1,7,29,319665,silent,319636
9,14|6|5|4|3|2|2,7,34,365134,silent,365100
9,14|6|5|3|3|3|2,7,3,167777,silent,167774
9,14|6|4|4|4|3|1,7,21,126870,silent,126849
9,14|6|4|4|4|2|2,7,28,120271,silent,120243
9,14|6|4|4|3|3|2,7,4,162141,silent,162137
9,14|6|4|3|3|3|3,7,0,-1,a0,
9,14|5|5|5|5|1|1,7,3,17942,silent,17939
9,14|5|5|5|4|2|1,7,11,96994,silent,96983
9,14|5|5|5|3|3|1,7,8,81219,silent,81211
9,14|5|5|5|3|2|2,7,5,89348,silent,89343
9,14|5|5|4|4|3|1,7,14,101398,silent,101384
9,14|5|5|4|4|2|2,7,5,92948,silent,92943
9,14|5|5|4|3|3|2,7,6,122083,silent,122077
9,14|5|5|3|3|3|3,7,0,-1,a0,
9,14|5|4|4|4|4|1,7,8,22834,silent,22826
9,14|5|4|4|4|3|2,7,8,64860,silent,64852
9,14|5|4|4|3|3|3,7,0,-1,a0,
9,14|4|4|4|4|4|2,7,6,7185,silent,7179
9,14|4|4|4|4|3|3,7,0,-1,a0,
9,13|13|6|1|1|1|1,7,1,2390,silent,2389
9,13|13|5|2|1|1|1,7,9,8381,silent,8372
9,13|13|4|3|1|1|1,7,7,9725,silent,9718
9,13|13|4|2|2|1|1,7,16,10204,silent,10188
9,13|13|3|3|2|1|1,7,6,8036,silent,8030
9,13|13|3|2|2|2|1,7,8,4880,silent,4872
9,13|13|2|2|2|2|2,7,0,-1,a0,
9,13|12|7|1|1|1|1,7,5,5818,silent,5813
9,13|12|6|2|1|1|1,7,23,25461,silent,25438
9,13|12|5|3|1|1|1,7,37,43061,silent,43024
9,13|12|5|2|2|1|1,7,43,41582,silent,41539
9,13|12|4|4|1|1|1,7,15,22816,silent,22801
9,13|12|4|3|2|1|1,7,47,62565,silent,62518
9,13|12|4|2|2|2|1,7,34,30015,silent,29981
9,13|12|3|3|3|1|1,7,8,17868,silent,17860
9,13|12|3|3|2|2|1,7,15,25448,silent,25433
9,13|12|3|2|2|2|2,7,9,8061,silent,8052
9,13|11|8|1|1|1|1,7,5,7634,silent,7629
9,13|11|7|2|1|1|1,7,40,42776,silent,42736
9,13|11|6|3|1|1|1,7,68,95437,silent,95369
9,13|11|6|2|2|1|1,7,83,89610,silent,89527
9,13|11|5|4|1|1|1,7,66,92977,silent,92911
9,13|11|5|3|2|1|1,7,128,198304,silent,198176
9,13|11|5|2|2|2|1,7,69,86900,silent,86831
9,13|11|4|4|2|1|1,7,71,115405,silent,115334
9,13|11|4|3|3|1|1,7,38,107160,silent,107122
9,13|11|4|3|2|2|1,7,75,143870,silent,143795
9,13|11|4|2|2|2|2,7,22,35008,silent,34986
9,13|11|3|3|3|2|1,7,9,52369,silent,52360
9,13|11|3|3|2|2|2,7,10,30714,silent,30704
9,13|10|9|1|1|1|1,7,5,5580,silent,5575
9,13|10|8|2|1|1|1,7,37,42853,silent,42816
9,13|10|7|3|1|1|1,7,92,128442,silent,128350
9,13|10|7|2|2|1|1,7,94,118430,silent,118336
9,13|10|6|4|1|1|1,7,106,181876,silent,181770
9,13|10|6|3|2|1|1,7,199,357613,silent,357414
9,13|10|6|2|2|2|1,7,103,151290,silent,151187
9,13|10|5|5|1|1|1,7,61,92294,silent,92233
9,13|10|5|4|2|1|1,7,197,387530,silent,387333
9,13|10|5|3|3|1|1,7,105,288714,silent,288609
9,13|10|5|3|2|2|1,7,152,374528,silent,374376
9,13|10|5|2|2|2|2,7,41,83099,silent,83058
9,13|10|4|4|3|1|1,7,73,211415,silent,211342
9,13|10|4|4|2|2|1,7,96,229750,silent,229654
9,13|10|4|3|3|2|1,7,51,266327,silent,266276
9,13|10|4|3|2|2|2,7,41,144996,silent,144955
9,13|10|3|3|3|3|1,7,2,45796,silent,45794
9,13|10|3|3|3|2|2,7,2,57770,silent,57768
9,13|9|9|2|1|1|1,7,18,18529,silent,18511
9,13|9|8|3|1|1|1,7,64,95525,silent,95461
9,13|9|8|2|2|1|1,7,67,87563,silent,87496
9,13|9|7|4|1|1|1,7,121,202113,silent,201992
9,13|9|7|3|2|1|1,7,198,382151,silent,381953
9,13|9|7|2|2|2|1,7,89,158006,silent,157917
9,13|9|6|5|1|1|1,7,97,190619,silent,190522
9,13|9|6|4|2|1|1,7,278,628921,silent,628643
9,13|9|6|3|3|1|1,7,135,435769,silent,435634
9,13|9|6|3|2|2|1,7,200,557408,silent,557208
9,13|9|6|2|2|2|2,7,46,118516,silent,118470
9,13|9|5|5|2|1|1,7,140,335869,silent,335729
9,13|9|5|4|3|1|1,7,197,619794,silent,619597
9,13|9|5|4|2|2|1,7,204,648223,silent,648019
9,13|9|5|3|3|2|1,7,110,606556,silent,606446
9,13|9|5|3|2|2|2,7,65,316661,silent,316596
9,13|9|4|4|4|1|1,7,52,149728,silent,149676
9,13|9|4|4|3|2|1,7,100,469607,silent,469507
9,13|9|4|4|2|2|2,7,46,201875,silent,201829
9,13|9|4|3|3|3|1,7,10,204848,silent,204838
9,13|9|4|3|3|2|2,7,21,253521,silent,253500
9,13|9|3|3|3|3|2,7,0,-1,a0,
9,13|8|8|4|1|1|1,7,46,89507,silent,89461
9,13|8|8|3|2|1|1,7,83,167649,silent,167566
9,13|8|8|2|2|2|1,7,39,69302,silent,69263
9,13|8|7|5|1|1|1,7,86,168793,silent,168707
9,13|8|7|4|2|1|1,7,211,514071,silent,513860
9,13|8|7|3|3|1|1,7,106,346344,silent,346238
9,13|8|7|3|2|2|1,7,142,439184,silent,439042
9,13|8|7|2|2|2|2,7,33,91588,silent,91555
9,13|8|6|6|1|1|1,7,31,90512,silent,90481
9,13|8|6|5|2|1|1,7,196,554996,silent,554800
9,13|8|6|4|3|1|1,7,221,814092,silent,813871
9,13|8|6|4|2|2|1,7,243,840467,silent,840224
9,13|8|6|3|3|2|1,7,121,733052,silent,732931
9,13|8|6|3|2|2|2,7,74,377092,silent,377018
9,13|8|5|5|3|1|1,7,134,487350,silent,487216
9,13|8|5|5|2|2|1,7,108,472685,silent,472577
9,13|8|5|4|4|1|1,7,106,395775,silent,395669
9,13|8|5|4|3|2|1,7,201,1141329,silent,1141128
9,13|8|5|4|2|2|2,7,80,470545,silent,470465
9,13|8|5|3|3|3|1,7,26,393593,silent,393567
9,13|8|5|3|3|2|2,7,33,478927,silent,478894
9,13|8|4|4|4|2|1,7,72,311631,silent,311559
9,13|8|4|4|3|3|1,7,29,334613,silent,334584
9,13|8|4|4|3|2|2,7,44,388307,silent,388263
9,13|8|4|3|3|3|2,7,2,218984,silent,218982
9,13|8|3|3|3|3|3,7,0,-1,a0,
9,13|7|7|6|1|1|1,7,28,58251,silent,58223
9,13|7|7|5|2|1|1,7,98,284817,silent,284719
9,13|7|7|4|3|1|1,7,107,391495,silent,391388
9,13|7|7|4|2|2|1,7,98,399617,silent,399519
9,13|7|7|3|3|2|1,7,53,341430,silent,341377
9,13|7|7|3|2|2|2,7,28,173093,silent,173065
9,13|7|6|6|2|1|1,7,57,195833,silent,195776
9,13|7|6|5|3|1|1,7,134,591330,silent,591196
9,13|7|6|5|2|2|1,7,127,567683,silent,567556
9,13|7|6|4|4|1|1,7,96,392949,silent,392853
9,13|7|6|4|3|2|1,7,176,1096536,silent,1096360
9,13|7|6|4|2|2|2,7,70,444950,silent,444880
9,13|7|6|3|3|3|1,7,20,350861,silent,350841
9,13|7|6|3|3|2|2,7,31,424562,silent,424531
9,13|7|5|5|4|1|1,7,67,317675,silent,317608
9,13|7|5|5|3|2|1,7,99,721420,silent,721321
9,13|7|5|5|2|2|2,7,28,272627,silent,272599
9,13|7|5|4|4|2|1,7,109,649019,silent,648910
9,13|7|5|4|3|3|1,7,57,653868,silent,653811
9,13|7|5|4|3|2|2,7,61,743175,silent,743114
9,13|7|5|3|3|3|2,7,6,334601,silent,334595
9,13|7|4|4|4|3|1,7,38,238406,silent,238368
9,13|7|4|4|4|2|2,7,30,222999,silent,222969
9,13|7|4|4|3|3|2,7,11,301359,silent,301348
9,13|7|4|3|3|3|3,7,0,-1,a0,
9,13|6|6|6|3|1|1,7,18,120682,silent,120664
9,13|6|6|6|2|2|1,7,28,114016,silent,113988
9,13|6|6|5|4|1|1,7,39,220825,silent,220786
9,13|6|6|5|3|2|1,7,66,489432,silent,489366
9,13|6|6|5|2|2|2,7,27,184233,silent,184206
9,13|6|6|4|4|2|1,7,62,366032,silent,365970
9,13|6|6|4|3|3|1,7,25,358507,silent,358482
9,13|6|6|4|3|2|2,7,37,406745,silent,406708
9,13|6|6|3|3|3|2,7,2,170390,silent,170388
9,13|6|5|5|5|1|1,7,13,72457,silent,72444
9,13|6|5|5|4|2|1,7,42,375547,silent,375505
9,13|6|5|5|3|3|1,7,25,307406,silent,307381
9,13|6|5|5|3|2|2,7,18,337690,silent,337672
9,13|6|5|4|4|3|1,7,40,357848,silent,357808
9,13|6|5|4|4|2|2,7,33,328652,silent,328619
9,13|6|5|4|3|3|2,7,14,419064,silent,419050
9,13|6|5|3|3|3|3,7,0,-1,a0,
9,13|6|4|4|4|4|1,7,17,62477,silent,62460
9,13|6|4|4|4|3|2,7,17,175570,silent,175553
9,13|6|4|4|3|3|3,7,0,-1,a0,
9,13|5|5|5|5|2|1,7,4,48458,silent,48454
9,13|5|5|5|4|3|1,7,9,116457,silent,116448
9,13|5|5|5|4|2|2,7,2,102977,silent,102975
9,13|5|5|5|3|3|2,7,4,108883,silent,108879
9,13|5|5|4|4|4|1,7,6,51300,silent,51294
9,13|5|5|4|4|3|2,7,8,141401,silent,141393
9,13|5|5|4|3|3|3,7,1,68065,silent,68064
9,13|5|4|4|4|4|2,7,8,35593,silent,35585
9,13|5|4|4|4|3|3,7,2,39495,silent,39493
9,13|4|4|4|4|4|3,7,3,5623,silent,5620
9,12|12|8|1|1|1|1,7,4,3017,silent,3013
9,12|12|7|2|1|1|1,7,14,16323,silent,16309
9,12|12|6|3|1|1|1,7,29,36252,silent,36223
9,12|12|6|2|2|1|1,7,24,33747,silent,33723
9,12|12|5|4|1|1|1,7,23,35039,silent,35016
9,12|12|5|3|2|1|1,7,51,74868,silent,74817
9,12|12|5|2|2|2|1,7,27,32854,silent,32827
9,12|12|4|4|2|1|1,7,20,43168,silent,43148
9,12|12|4|3|3|1|1,7,20,40453,silent,40433
9,12|12|4|3|2|2|1,7,26,54106,silent,54080
9,12|12|4|2|2|2|2,7,15,13478,silent,13463
9,12|12|3|3|3|2|1,7,3,19616,silent,19613
9,12|12|3|3|2|2|2,7,1,11370,silent,11369
9,12|11|9|1|1|1|1,7,3,4045,silent,4042
9,12|11|8|2|1|1|1,7,25,28582,silent,28557
9,12|11|7|3|1|1|1,7,57,82119,silent,82062
9,12|11|7|2|2|1|1,7,62,75689,silent,75627
9,12|11|6|4|1|1|1,7,68,114085,silent,114017
9,12|11|6|3|2|1|1,7,124,223544,silent,223420
9,12|11|6|2|2|2|1,7,61,94303,silent,94242
9,12|11|5|5|1|1|1,7,37,57332,silent,57295
9,12|11|5|4|2|1|1,7,121,239767,silent,239646
9,12|11|5|3|3|1|1,7,62,178119,silent,178057
9,12|11|5|3|2|2|1,7,93,230936,silent,230843
9,12|11|5|2|2|2|2,7,22,51013,silent,50991
9,12|11|4|4|3|1|1,7,46,129907,silent,129861
9,12|11|4|4|2|2|1,7,57,140896,silent,140839
9,12|11|4|3|3|2|1,7,32,163106,silent,163074
9,12|11|4|3|2|2|2,7,23,88616,silent,88593
9,12|11|3|3|3|3|1,7,1,27903,silent,27902
9,12|11|3|3|3|2|2,7,2,35266,silent,35264
9,12|10|10|1|1|1|1,7,3,1892,silent,1889
9,12|10|9|2|1|1|1,7,19,22917,silent,22898
9,12|10|8|3|1|1|1,7,66,92476,silent,92410
9,12|10|8|2|2|1|1,7,54,84280,silent,84226
9,12|10|7|4|1|1|1,7,102,178840,silent,178738
9,12|10|7|3|2|1|1,7,172,337093,silent,336921
9,12|10|7|2|2|2|1,7,78,139251,silent,139173
9,12|10|6|5|1|1|1,7,82,162787,silent,162705
9,12|10|6|4|2|1|1,7,219,532520,silent,532301
9,12|10|6|3|3|1|1,7,123,368403,silent,368280
9,12|10|6|3|2|2|1,7,162,470260,silent,470098
9,12|10|6|2|2|2|2,7,47,100310,silent,100263
9,12|10|5|5|2|1|1,7,122,280304,silent,280182
9,12|10|5|4|3|1|1,7,158,513206,silent,513048
9,12|10|5|4|2|2|1,7,165,536356,silent,536191
9,12|10|5|3|3|2|1,7,88,499826,silent,499738
9,12|10|5|3|2|2|2,7,49,260555,silent,260506
9,12|10|4|4|4|1|1,7,31,122269,silent,122238
9,12|10|4|4|3|2|1,7,79,383561,silent,383482
9,12|10|4|4|2|2|2,7,46,165302,silent,165256
9,12|10|4|3|3|3|1,7,11,166630,silent,166619
9,12|10|4|3|3|2|2,7,12,205553,silent,205541
9,12|10|3|3|3|3|2,7,1,46406,silent,46405
9,12|9|9|3|1|1|1,7,27,41508,silent,41481
9,12|9|9|2|2|1|1,7,32,37893,silent,37861
9,12|9|8|4|1|1|1,7,77,142502,silent,142425
9,12|9|8|3|2|1|1,7,127,263992,silent,263865
9,12|9|8|2|2|2|1,7,54,108013,silent,107959
9,12|9|7|5|1|1|1,7,103,208783,silent,208680
9,12|9|7|4|2|1|1,7,254,627322,silent,627068
9,12|9|7|3|3|1|1,7,120,419608,silent,419488
9,12|9|7|3|2|2|1,7,163,530815,silent,530652
9,12|9|7|2|2|2|2,7,30,109584,silent,109554
9,12|9|6|6|1|1|1,7,41,104501,silent,104460
9,12|9|6|5|2|1|1,7,215,623361,silent,623146
9,12|9|6|4|3|1|1,7,242,903447,silent,903205
9,12|9|6|4|2|2|1,7,249,929414,silent,929165
9,12|9|6|3|3|2|1,7,130,806481,silent,806351
9,12|9|6|3|2|2|2,7,73,412986,silent,412913
9,12|9|5|5|3|1|1,7,134,523019,silent,522885
9,12|9|5|5|2|2|1,7,112,506397,silent,506285
9,12|9|5|4|4|1|1,7,111,421146,silent,421035
9,12|9|5|4|3|2|1,7,204,1208096,silent,1207892
9,12|9|5|4|2|2|2,7,74,495992,silent,495918
9,12|9|5|3|3|3|1,7,27,413620,silent,413593
9,12|9|5|3|3|2|2,7,37,502949,silent,502912
9,12|9|4|4|4|2|1,7,68,323013,silent,322945
9,12|9|4|4|3|3|1,7,31,346081,silent,346050
9,12|9|4|4|3|2|2,7,41,400360,silent,400319
9,12|9|4|3|3|3|2,7,3,224591,silent,224588
9,12|9|3|3|3|3|3,7,0,-1,a0,
9,12|8|8|5|1|1|1,7,48,97926,silent,97878
9,12|8|8|4|2|1|1,7,99,285994,silent,285895
9,12|8|8|3|3|1|1,7,64,189853,silent,189789
9,12|8|8|3|2|2|1,7,70,239558,silent,239488
9,12|8|8|2|2|2|2,7,24,49972,silent,49948
9,12|8|7|6|1|1|1,7,49,121656,silent,121607
9,12|8|7|5|2|1|1,7,188,571054,silent,570866
9,12|8|7|4|3|1|1,7,194,768576,silent,768382
9,12|8|7|4|2|2|1,7,190,783794,silent,783604
9,12|8|7|3|3|2|1,7,101,661596,silent,661495
9,12|8|7|3|2|2|2,7,51,335160,silent,335109
9,12|8|6|6|2|1|1,7,81,315937,silent,315856
9,12|8|6|5|3|1|1,7,203,914484,silent,914281
9,12|8|6|5|2|2|1,7,183,874916,silent,874733
9,12|8|6|4|4|1|1,7,122,596563,silent,596441
9,12|8|6|4|3|2|1,7,251,1654190,silent,1653939
9,12|8|6|4|2|2|2,7,109,669399,silent,669290
9,12|8|6|3|3|3|1,7,34,522786,silent,522752
9,12|8|6|3|3|2|2,7,37,630384,silent,630347
9,12|8|5|5|4|1|1,7,96,448774,silent,448678
9,12|8|5|5|3|2|1,7,132,1011494,silent,1011362
9,12|8|5|5|2|2|2,7,32,380652,silent,380620
9,12|8|5|4|4|2|1,7,140,894793,silent,894653
9,12|8|5|4|3|3|1,7,73,895501,silent,895428
9,12|8|5|4|3|2|2,7,79,1015991,silent,1015912
9,12|8|5|3|3|3|2,7,9,451518,silent,451509
9,12|8|4|4|4|3|1,7,39,314057,silent,314018
9,12|8|4|4|4|2|2,7,46,293821,silent,293775
9,12|8|4|4|3|3|2,7,11,393536,silent,393525
9,12|8|4|3|3|3|3,7,0,-1,a0,
9,12|7|7|7|1|1|1,7,9,22904,silent,22895
9,12|7|7|6|2|1|1,7,63,205885,silent,205822
9,12|7|7|5|3|1|1,7,97,480117,silent,480020
9,12|7|7|5|2|2|1,7,85,454918,silent,454833
9,12|7|7|4|4|1|1,7,74,296757,silent,296683
9,12|7|7|4|3|2|1,7,112,807727,silent,807615
9,12|7|7|4|2|2|2,7,30,321521,silent,321491
9,12|7|7|3|3|3|1,7,14,248679,silent,248665
9,12|7|7|3|3|2|2,7,24,299218,silent,299194
9,12|7|6|6|3|1|1,7,63,344756,silent,344693
9,12|7|6|6|2|2|1,7,60,321142,silent,321082
9,12|7|6|5|4|1|1,7,99,577535,silent,577436
9,12|7|6|5|3|2|1,7,155,1262579,silent,1262424
9,12|7|6|5|2|2|2,7,51,469470,silent,469419
9,12|7|6|4|4|2|1,7,128,911930,silent,911802
9,12|7|6|4|3|3|1,7,66,886986,silent,886920
9,12|7|6|4|3|2|2,7,74,999321,silent,999247
9,12|7|6|3|3|3|2,7,7,411935,silent,411928
9,12|7|5|5|5|1|1,7,19,148199,silent,148180
9,12|7|5|5|4|2|1,7,79,752400,silent,752321
9,12|7|5|5|3|3|1,7,42,609313,silent,609271
9,12|7|5|5|3|2|2,7,37,667849,silent,667812
9,12|7|5|4|4|3|1,7,72,686638,silent,686566
9,12|7|5|4|4|2|2,7,47,626916,silent,626869
9,12|7|5|4|3|3|2,7,27,793648,silent,793621
9,12|7|5|3|3|3|3,7,0,-1,a0,
9,12|7|4|4|4|4|1,7,22,109062,silent,109040
9,12|7|4|4|4|3|2,7,24,305018,silent,304994
9,12|7|4|4|3|3|3,7,1,153153,silent,153152
9,12|6|6|6|4|1|1,7,13,130141,silent,130128
9,12|6|6|6|3|2|1,7,31,266320,silent,266289
9,12|6|6|6|2|2|2,7,21,97499,silent,97478
9,12|6|6|5|5|1|1,7,16,112393,silent,112377
9,12|6|6|5|4|2|1,7,57,534009,silent,533952
9,12|6|6|5|3|3|1,7,26,420663,silent,420637
9,12|6|6|5|3|2|2,7,27,460013,silent,459986
9,12|6|6|4|4|3|1,7,34,394368,silent,394334
9,12|6|6|4|4|2|2,7,42,360472,silent,360430
9,12|6|6|4|3|3|2,7,10,440792,silent,440782
9,12|6|6|3|3|3|3,7,1,85178,silent,85177
9,12|6|5|5|5|2|1,7,11,182848,silent,182837
9,12|6|5|5|4|3|1,7,29,422925,silent,422896
9,12|6|5|5|4|2|2,7,13,373172,silent,373159
9,12|6|5|5|3|3|2,7,13,384957,silent,384944
9,12|6|5|4|4|4|1,7,21,172094,silent,172073
9,12|6|5|4|4|3|2,7,25,467187,silent,467162
9,12|6|5|4|3|3|3,7,2,218944,silent,218942
9,12|6|4|4|4|4|2,7,19,91376,silent,91357
9,12|6|4|4|4|3|3,7,2,100094,silent,100092
9,12|5|5|5|5|3|1,7,3,60772,silent,60769
9,12|5|5|5|5|2|2,7,2,50222,silent,50220
9,12|5|5|5|4|4|1,7,3,61251,silent,61248
9,12|5|5|5|4|3|2,7,4,155373,silent,155369
9,12|5|5|5|3|3|3,7,1,58859,silent,58858
9,12|5|5|4|4|4|2,7,3,75269,silent,75266
9,12|5|5|4|4|3|3,7,4,83201,silent,83197
9,12|5|4|4|4|4|3,7,4,27125,silent,27121
9,12|4|4|4|4|4|4,7,4,2096,silent,2092
9,11|11|10|1|1|1|1,7,0,-1,a0,
9,11|11|9|2|1|1|1,7,10,10345,silent,10335
9,11|11|8|3|1|1|1,7,23,38443,silent,38420
9,11|11|8|2|2|1|1,7,30,35256,silent,35226
9,11|11|7|4|1|1|1,7,43,72073,silent,72030
9,11|11|7|3|2|1|1,7,67,135176,silent,135109
9,11|11|7|2|2|2|1,7,28,55563,silent,55535
9,11|11|6|5|1|1|1,7,32,64512,silent,64480
9,11|11|6|4|2|1|1,7,96,210595,silent,210499
9,11|11|6|3|3|1|1,7,39,144717,silent,144678
9,11|11|6|3|2|2|1,7,63,184853,silent,184790
9,11|11|6|2|2|2|2,7,9,38737,silent,38728
9,11|11|5|5|2|1|1,7,40,109536,silent,109496
9,11|11|5|4|3|1|1,7,62,200452,silent,200390
9,11|11|5|4|2|2|1,7,61,209026,silent,208965
9,11|11|5|3|3|2|1,7,35,194725,silent,194690
9,11|11|5|3|2|2|2,7,21,101393,silent,101372
9,11|11|4|4|4|1|1,7,21,47858,silent,47837
9,11|11|4|4|3|2|1,7,30,148744,silent,148714
9,11|11|4|4|2|2|2,7,8,63281,silent,63273
9,11|11|4|3|3|3|1,7,2,64471,silent,64469
9,11|11|4|3|3|2|2,7,9,79944,silent,79935
9,11|11|3|3|3|3|2,7,0,-1,a0,
9,11|10|10|2|1|1|1,7,4,5903,silent,5899
9,11|10|9|3|1|1|1,7,26,39853,silent,39827
9,11|10|9|2|2|1|1,7,25,36194,silent,36169
9,11|10|8|4|1|1|1,7,57,107875,silent,107818
9,11|10|8|3|2|1|1,7,93,199185,silent,199092
9,11|10|8|2|2|2|1,7,41,81401,silent,81360
9,11|10|7|5|1|1|1,7,71,146019,silent,145948
9,11|10|7|4|2|1|1,7,169,435727,silent,435558
9,11|10|7|3|3|1|1,7,85,290766,silent,290681
9,11|10|7|3|2|2|1,7,109,367364,silent,367255
9,11|10|7|2|2|2|2,7,23,75880,silent,75857
9,11|10|6|6|1|1|1,7,26,71049,silent,71023
9,11|10|6|5|2|1|1,7,141,418835,silent,418694
9,11|10|6|4|3|1|1,7,157,603288,silent,603131
9,11|10|6|4|2|2|1,7,162,619999,silent,619837
9,11|10|6|3|3|2|1,7,85,536209,silent,536124
9,11|10|6|3|2|2|2,7,47,274242,silent,274195
9,11|10|5|5|3|1|1,7,88,344197,silent,344109
9,11|10|5|5|2|2|1,7,72,332904,silent,332832
9,11|10|5|4|4|1|1,7,69,275698,silent,275629
9,11|10|5|4|3|2|1,7,129,789190,silent,789061
9,11|10|5|4|2|2|2,7,48,323741,silent,323693
9,11|10|5|3|3|3|1,7,19,269147,silent,269128
9,11|10|5|3|3|2|2,7,22,326880,silent,326858
9,11|10|4|4|4|2|1,7,42,208934,silent,208892
9,11|10|4|4|3|3|1,7,19,223384,silent,223365
9,11|10|4|4|3|2|2,7,26,258251,silent,258225
9,11|10|4|3|3|3|2,7,2,144282,silent,144280
9,11|10|3|3|3|3|3,7,0,-1,a0,
9,11|9|9|4|1|1|1,7,31,53110,silent,53079
9,11|9|9|3|2|1|1,7,44,96711,silent,96667
9,11|9|9|2|2|2|1,7,16,38977,silent,38961
9,11|9|8|5|1|1|1,7,60,132814,silent,132754
9,11|9|8|4|2|1|1,7,143,382726,silent,382583
9,11|9|8|3|3|1|1,7,67,251459,silent,251392
9,11|9|8|3|2|2|1,7,89,316502,silent,316413
9,11|9|8|2|2|2|2,7,15,64468,silent,64453
9,11|9|7|6|1|1|1,7,55,130656,silent,130601
9,11|9|7|5|2|1|1,7,187,597927,silent,597740
9,11|9|7|4|3|1|1,7,197,795904,silent,795707
9,11|9|7|4|2|2|1,7,181,808809,silent,808628
9,11|9|7|3|3|2|1,7,102,679529,silent,679427
9,11|9|7|3|2|2|2,7,49,342783,silent,342734
9,11|9|6|6|2|1|1,7,88,309519,silent,309431
9,11|9|6|5|3|1|1,7,185,874226,silent,874041
9,11|9|6|5|2|2|1,7,164,834096,silent,833932
9,11|9|6|4|4|1|1,7,127,566187,silent,566060
9,11|9|6|4|3|2|1,7,226,1559934,silent,1559708
9,11|9|6|4|2|2|2,7,78,627224,silent,627146
9,11|9|6|3|3|3|1,7,30,489767,silent,489737
9,11|9|6|3|3|2|2,7,42,590669,silent,590627
9,11|9|5|5|4|1|1,7,76,411676,silent,411600
9,11|9|5|5|3|2|1,7,118,924966,silent,924848
9,11|9|5|5|2|2|2,7,36,347800,silent,347764
9,11|9|5|4|4|2|1,7,118,810544,silent,810426
9,11|9|5|4|3|3|1,7,66,808999,silent,808933
9,11|9|5|4|3|2|2,7,67,916003,silent,915936
9,11|9|5|3|3|3|2,7,8,404576,silent,404568
9,11|9|4|4|4|3|1,7,38,278417,silent,278379
9,11|9|4|4|4|2|2,7,25,258530,silent,258505
9,11|9|4|4|3|3|2,7,13,347821,silent,347808
9,11|9|4|3|3|3|3,7,0,-1,a0,
9,11|8|8|6|1|1|1,7,24,68410,silent,68386
9,11|8|8|5|2|1|1,7,88,293504,silent,293416
9,11|8|8|4|3|1|1,7,87,380005,silent,379918
9,11|8|8|4|2|2|1,7,89,386257,silent,386168
9,11|8|8|3|3|2|1,7,46,319747,silent,319701
9,11|8|8|3|2|2|2,7,25,161508,silent,161483
9,11|8|7|7|1|1|1,7,20,46053,silent,46033
9,11|8|7|6|2|1|1,7,101,379122,silent,379021
9,11|8|7|5|3|1|1,7,173,849470,silent,849297
9,11|8|7|5|2|2|1,7,143,803428,silent,803285
9,11|8|7|4|4|1|1,7,103,515477,silent,515374
9,11|8|7|4|3|2|1,7,187,1396132,silent,1395945
9,11|8|7|4|2|2|2,7,65,555852,silent,555787
9,11|8|7|3|3|3|1,7,27,424245,silent,424218
9,11|8|7|3|3|2|2,7,31,508799,silent,508768
9,11|8|6|6|3|1|1,7,83,492167,silent,492084
9,11|8|6|6|2|2|1,7,83,456862,silent,456779
9,11|8|6|5|4|1|1,7,130,793331,silent,793201
9,11|8|6|5|3|2|1,7,200,1722091,silent,1721891
9,11|8|6|5|2|2|2,7,65,637878,silent,637813
9,11|8|6|4|4|2|1,7,161,1223290,silent,1223129
9,11|8|6|4|3|3|1,7,83,1182574,silent,1182491
9,11|8|6|4|3|2|2,7,93,1329649,silent,1329556
9,11|8|6|3|3|3|2,7,10,541337,silent,541327
9,11|8|5|5|5|1|1,7,27,187513,silent,187486
9,11|8|5|5|4|2|1,7,93,939524,silent,939431
9,11|8|5|5|3|3|1,7,53,756061,silent,756008
9,11|8|5|5|3|2|2,7,42,827129,silent,827087
9,11|8|5|4|4|3|1,7,78,838251,silent,838173
9,11|8|5|4|4|2|2,7,59,764509,silent,764450
9,11|8|5|4|3|3|2,7,30,960777,silent,960747
9,11|8|5|3|3|3|3,7,1,195778,silent,195777
9,11|8|4|4|4|4|1,7,23,127729,silent,127706
9,11|8|4|4|4|3|2,7,25,355776,silent,355751
9,11|8|4|4|3|3|3,7,1,177408,silent,177407
9,11|7|7|7|2|1|1,7,18,73491,silent,73473
9,11|7|7|6|3|1|1,7,60,330248,silent,330188
9,11|7|7|6|2|2|1,7,44,302457,silent,302413
9,11|7|7|5|4|1|1,7,68,433521,silent,433453
9,11|7|7|5|3|2|1,7,100,926451,silent,926351
9,11|7|7|5|2|2|2,7,27,338820,silent,338793
9,11|7|7|4|4|2|1,7,71,620961,silent,620890
9,11|7|7|4|3|3|1,7,44,595038,silent,594994
9,11|7|7|4|3|2|2,7,39,664433,silent,664394
9,11|7|7|3|3|3|2,7,6,264396,silent,264390
9,11|7|6|6|4|1|1,7,48,339097,silent,339049
9,11|7|6|6|3|2|1,7,72,681569,silent,681497
9,11|7|6|6|2|2|2,7,24,244246,silent,244222
9,11|7|6|5|5|1|1,7,30,270290,silent,270260
9,11|7|6|5|4|2|1,7,119,1255989,silent,1255870
9,11|7|6|5|3|3|1,7,59,981263,silent,981204
9,11|7|6|5|3|2|2,7,59,1067878,silent,1067819
9,11|7|6|4|4|3|1,7,75,889460,silent,889385
9,11|7|6|4|4|2|2,7,54,804810,silent,804756
9,11|7|6|4|3|3|2,7,30,983330,silent,983300
9,11|7|6|3|3|3|3,7,0,-1,a0,
9,11|7|5|5|5|2|1,7,21,338658,silent,338637
9,11|7|5|5|4|3|1,7,46,766560,silent,766514
9,11|7|5|5|4|2|2,7,30,675321,silent,675291
9,11|7|5|5|3|3|2,7,18,688062,silent,688044
9,11|7|5|4|4|4|1,7,31,299798,silent,299767
9,11|7|5|4|4|3|2,7,39,808623,silent,808584
9,11|7|5|4|3|3|3,7,4,375002,silent,374998
9,11|7|4|4|4|4|2,7,16,143257,silent,143241
9,11|7|4|4|4|3|3,7,7,158300,silent,158293
9,11|6|6|6|5|1|1,7,6,79246,silent,79240
9,11|6|6|6|4|2|1,7,29,294543,silent,294514
9,11|6|6|6|3|3|1,7,9,214653,silent,214644
9,11|6|6|6|3|2|2,7,17,232087,silent,232070
9,11|6|6|5|5|2|1,7,15,262126,silent,262111
9,11|6|6|5|4|3|1,7,33,556694,silent,556661
9,11|6|6|5|4|2|2,7,27,489144,silent,489117
9,11|6|6|5|3|3|2,7,11,483547,silent,483536
9,11|6|6|4|4|4|1,7,20,178603,silent,178583
9,11|6|6|4|4|3|2,7,23,473732,silent,473709
9,11|6|6|4|3|3|3,7,1,212500,silent,212499
9,11|6|5|5|5|3|1,7,8,210711,silent,210703
9,11|6|5|5|5|2|2,7,2,172585,silent,172583
9,11|6|5|5|4|4|1,7,10,206575,silent,206565
9,11|6|5|5|4|3|2,7,14,516237,silent,516223
9,11|6|5|5|3|3|3,7,3,190774,silent,190771
9,11|6|5|4|4|4|2,7,17,231961,silent,231944
9,11|6|5|4|4|3|3,7,6,250682,silent,250676
9,11|6|4|4|4|4|3,7,8,63751,silent,63743
9,11|5|5|5|5|4|1,7,1,38987,silent,38986
9,11|5|5|5|5|3|2,7,1,77440,silent,77439
9,11|5|5|5|4|4|2,7,1,84539,silent,84538
9,11|5|5|5|4|3|3,7,2,86809,silent,86807
9,11|5|5|4|4|4|3,7,3,54278,silent,54275
9,11|5|4|4|4|4|4,7,2,8714,silent,8712
9,10|10|10|3|1|1|1,7,5,6154,silent,6149
9,10|10|10|2|2|1|1,7,1,5479,silent,5478
9,10|10|9|4|1|1|1,7,15,30233,silent,30218
9,10|10|9|3|2|1|1,7,25,55255,silent,55230
9,10|10|9|2|2|2|1,7,11,22457,silent,22446
9,10|10|8|5|1|1|1,7,30,61393,silent,61363
9,10|10|8|4|2|1|1,7,56,175796,silent,175740
9,10|10|8|3|3|1|1,7,39,115849,silent,115810
9,10|10|8|3|2|2|1,7,39,145523,silent,145484
9,10|10|8|2|2|2|2,7,14,30164,silent,30150
9,10|10|7|6|1|1|1,7,22,56557,silent,56535
9,10|10|7|5|2|1|1,7,83,257129,silent,257046
9,10|10|7|4|3|1|1,7,81,340377,silent,340296
9,10|10|7|4|2|2|1,7,79,346257,silent,346178
9,10|10|7|3|3|2|1,7,41,289709,silent,289668
9,10|10|7|3|2|2|2,7,21,146308,silent,146287
9,10|10|6|6|2|1|1,7,28,129463,silent,129435
9,10|10|6|5|3|1|1,7,79,363770,silent,363691
9,10|10|6|5|2|2|1,7,68,346866,silent,346798
9,10|10|6|4|4|1|1,7,39,233901,silent,233862
9,10|10|6|4|3|2|1,7,92,645224,silent,645132
9,10|10|6|4|2|2|2,7,44,260495,silent,260451
9,10|10|6|3|3|3|1,7,15,201943,silent,201928
9,10|10|6|3|3|2|2,7,10,242631,silent,242621
9,10|10|5|5|4|1|1,7,38,168815,silent,168777
9,10|10|5|5|3|2|1,7,47,377900,silent,377853
9,10|10|5|5|2|2|2,7,7,141474,silent,141467
9,10|10|5|4|4|2|1,7,48,330066,silent,330018
9,10|10|5|4|3|3|1,7,25,328554,silent,328529
9,10|10|5|4|3|2|2,7,27,372131,silent,372104
9,10|10|5|3|3|3|2,7,4,163745,silent,163741
9,10|10|4|4|4|3|1,7,11,112082,silent,112071
9,10|10|4|4|4|2|2,7,19,105034,silent,105015
9,10|10|4|4|3|3|2,7,2,139365,silent,139363
9,10|10|4|3|3|3|3,7,1,36508,silent,36507
9,10|9|9|5|1|1|1,7,17,38527,silent,38510
9,10|9|9|4|2|1|1,7,42,108473,silent,108431
9,10|9|9|3|3|1|1,7,16,70350,silent,70334
9,10|9|9|3|2|2|1,7,22,88125,silent,88103
9,10|9|9|2|2|2|2,7,1,17521,silent,17520
9,10|9|8|6|1|1|1,7,27,72131,silent,72104
9,10|9|8|5|2|1|1,7,88,301785,silent,301697
9,10|9|8|4|3|1|1,7,88,386689,silent,386601
9,10|9|8|4|2|2|1,7,82,391192,silent,391110
9,10|9|8|3|3|2|1,7,46,322839,silent,322793
9,10|9|8|3|2|2|2,7,21,161979,silent,161958
9,10|9|7|7|1|1|1,7,16,39396,silent,39380
9,10|9|7|6|2|1|1,7,82,311917,silent,311835
9,10|9|7|5|3|1|1,7,134,684819,silent,684685
9,10|9|7|5|2|2|1,7,110,646207,silent,646097
9,10|9|7|4|4|1|1,7,83,412478,silent,412395
9,10|9|7|4|3|2|1,7,144,1111837,silent,1111693
9,10|9|7|4|2|2|2,7,44,440830,silent,440786
9,10|9|7|3|3|3|1,7,21,335853,silent,335832
9,10|9|7|3|3|2|2,7,26,402534,silent,402508
9,10|9|6|6|3|1|1,7,64,372151,silent,372087
9,10|9|6|6|2|2|1,7,58,344239,silent,344181
9,10|9|6|5|4|1|1,7,94,589017,silent,588923
9,10|9|6|5|3|2|1,7,143,1273365,silent,1273222
9,10|9|6|5|2|2|2,7,44,470085,silent,470041
9,10|9|6|4|4|2|1,7,111,896890,silent,896779
9,10|9|6|4|3|3|1,7,61,864978,silent,864917
9,10|9|6|4|3|2|2,7,64,970656,silent,970592
9,10|9|6|3|3|3|2,7,8,393254,silent,393246
9,10|9|5|5|5|1|1,7,17,134442,silent,134425
9,10|9|5|5|4|2|1,7,65,669758,silent,669693
9,10|9|5|5|3|3|1,7,36,537242,silent,537206
9,10|9|5|5|3|2|2,7,30,587327,silent,587297
9,10|9|5|4|4|3|1,7,52,590952,silent,590900
9,10|9|5|4|4|2|2,7,37,537811,silent,537774
9,10|9|5|4|3|3|2,7,22,674689,silent,674667
9,10|9|5|3|3|3|3,7,0,-1,a0,
9,10|9|4|4|4|4|1,7,14,88217,silent,88203
9,10|9|4|4|4|3|2,7,16,245346,silent,245330
9,10|9|4|4|3|3|3,7,1,122106,silent,122105
9,10|8|8|7|1|1|1,7,12,27734,silent,27722
9,10|8|8|6|2|1|1,7,38,178076,silent,178038
9,10|8|8|5|3|1|1,7,74,366402,silent,366328
9,10|8|8|5|2|2|1,7,58,345426,silent,345368
9,10|8|8|4|4|1|1,7,29,214816,silent,214787
9,10|8|8|4|3|2|1,7,73,576927,silent,576854
9,10|8|8|4|2|2|2,7,35,229658,silent,229623
9,10|8|8|3|3|3|1,7,13,171499,silent,171486
9,10|8|8|3|3|2|2,7,7,204617,silent,204610
9,10|8|7|7|2|1|1,7,33,123120,silent,123087
9,10|8|7|6|3|1|1,7,85,506423,silent,506338
9,10|8|7|6|2|2|1,7,70,463832,silent,463762
9,10|8|7|5|4|1|1,7,100,641612,silent,641512
9,10|8|7|5|3|2|1,7,142,1362738,silent,1362596
9,10|8|7|5|2|2|2,7,39,497646,silent,497607
9,10|8|7|4|4|2|1,7,102,899777,silent,899675
9,10|8|7|4|3|3|1,7,57,855715,silent,855658
9,10|8|7|4|3|2|2,7,57,955383,silent,955326
9,10|8|7|3|3|3|2,7,8,374690,silent,374682
9,10|8|6|6|4|1|1,7,46,406053,silent,406007
9,10|8|6|6|3|2|1,7,82,811906,silent,811824
9,10|8|6|6|2|2|2,7,36,290816,silent,290780
9,10|8|6|5|5|1|1,7,39,314599,silent,314560
9,10|8|6|5|4|2|1,7,130,1442572,silent,1442442
9,10|8|6|5|3|3|1,7,66,1120526,silent,1120460
9,10|8|6|5|3|2|2,7,61,1216894,silent,1216833
9,10|8|6|4|4|3|1,7,75,999676,silent,999601
9,10|8|6|4|4|2|2,7,71,904798,silent,904727
9,10|8|6|4|3|3|2,7,27,1096029,silent,1096002
9,10|8|6|3|3|3|3,7,2,204032,silent,204030
9,10|8|5|5|5|2|1,7,21,359047,silent,359026
9,10|8|5|5|4|3|1,7,50,804219,silent,804169
9,10|8|5|5|4|2|2,7,24,706590,silent,706566
9,10|8|5|5|3|3|2,7,21,716479,silent,716458
9,10|8|5|4|4|4|1,7,31,308827,silent,308796
9,10|8|5|4|4|3|2,7,37,829047,silent,829010
9,10|8|5|4|3|3|3,7,4,381579,silent,381575
9,10|8|4|4|4|4|2,7,21,141788,silent,141767
9,10|8|4|4|4|3|3,7,2,155074,silent,155072
9,10|7|7|7|3|1|1,7,15,105005,silent,104990
9,10|7|7|7|2|2|1,7,12,94082,silent,94070
9,10|7|7|6|4|1|1,7,43,288572,silent,288529
9,10|7|7|6|3|2|1,7,51,565898,silent,565847
9,10|7|7|6|2|2|2,7,9,198614,silent,198605
9,10|7|7|5|5|1|1,7,15,184318,silent,184303
9,10|7|7|5|4|2|1,7,68,820433,silent,820365
9,10|7|7|5|3|3|1,7,35,630942,silent,630907
9,10|7|7|5|3|2|2,7,33,681622,silent,681589
9,10|7|7|4|4|3|1,7,42,531298,silent,531256
9,10|7|7|4|4|2|2,7,17,475848,silent,475831
9,10|7|7|4|3|3|2,7,19,575010,silent,574991
9,10|7|7|3|3|3|3,7,0,-1,a0,
9,10|7|6|6|5|1|1,7,18,182524,silent,182506
9,10|7|6|6|4|2|1,7,54,660221,silent,660167
9,10|7|6|6|3|3|1,7,26,478335,silent,478309
9,10|7|6|6|3|2|2,7,27,512780,silent,512753
9,10|7|6|5|5|2|1,7,32,547949,silent,547917
9,10|7|6|5|4|3|1,7,62,1139725,silent,1139663
9,10|7|6|5|4|2|2,7,45,996392,silent,996347
9,10|7|6|5|3|3|2,7,24,978589,silent,978565
9,10|7|6|4|4|4|1,7,30,350912,silent,350882
9,10|7|6|4|4|3|2,7,38,926026,silent,925988
9,10|7|6|4|3|3|3,7,4,412127,silent,412123
9,10|7|5|5|5|3|1,7,10,340161,silent,340151
9,10|7|5|5|5|2|2,7,7,278460,silent,278453
9,10|7|5|5|4|4|1,7,16,328286,silent,328270
9,10|7|5|5|4|3|2,7,21,814440,silent,814419
9,10|7|5|5|3|3|3,7,3,297130,silent,297127
9,10|7|5|4|4|4|2,7,19,351590,silent,351571
9,10|7|5|4|4|3|3,7,11,379029,silent,379018
9,10|7|4|4|4|4|3,7,9,87927,silent,87918
9,10|6|6|6|6|1|1,7,0,-1,a0,
9,10|6|6|6|5|2|1,7,11,168292,silent,168281
9,10|6|6|6|4|3|1,7,13,280132,silent,280119
9,10|6|6|6|4|2|2,7,20,243696,silent,243676
9,10|6|6|6|3|3|2,7,3,221567,silent,221564
9,10|6|6|5|5|3|1,7,9,271734,silent,271725
9,10|6|6|5|5|2|2,7,3,220711,silent,220708
9,10|6|6|5|4|4|1,7,13,248854,silent,248841
9,10|6|6|5|4|3|2,7,17,607326,silent,607309
9,10|6|6|5|3|3|3,7,2,214734,silent,214732
9,10|6|6|4|4|4|2,7,19,215966,silent,215947
9,10|6|6|4|4|3|3,7,2,227097,silent,227095
9,10|6|5|5|5|4|1,7,2,121400,silent,121398
9,10|6|5|5|5|3|2,7,3,238204,silent,238201
9,10|6|5|5|4|4|2,7,4,253356,silent,253352
9,10|6|5|5|4|3|3,7,5,256541,silent,256536
9,10|6|5|4|4|4|3,7,7,148310,silent,148303
9,10|6|4|4|4|4|4,7,7,18536,silent,18529
9,10|5|5|5|5|5|1,7,0,-1,a0,
9,10|5|5|5|5|4|2,7,1,50313,silent,50312
9,10|5|5|5|5|3|3,7,0,-1,a0,
9,10|5|5|5|4|4|3,7,1,56479,silent,56478
9,10|5|5|4|4|4|4,7,0,-1,a0,
9,9|9|9|6|1|1|1,7,6,12930,silent,12924
9,9|9|9|5|2|1|1,7,13,51390,silent,51377
9,9|9|9|4|3|1|1,7,15,64703,silent,64688
9,9|9|9|4|2|2|1,7,11,64748,silent,64737
9,9|9|9|3|3|2|1,7,7,53274,silent,53267
9,9|9|9|3|2|2|2,7,3,26357,silent,26354
9,9|9|8|7|1|1|1,7,5,17708,silent,17703
9,9|9|8|6|2|1|1,7,30,109666,silent,109636
9,9|9|8|5|3|1|1,7,38,220755,silent,220717
9,9|9|8|5|2|2|1,7,33,207256,silent,207223
9,9|9|8|4|4|1|1,7,28,129246,silent,129218
9,9|9|8|4|3|2|1,7,42,343856,silent,343814
9,9|9|8|4|2|2|2,7,9,135009,silent,135000
9,9|9|8|3|3|3|1,7,5,101837,silent,101832
9,9|9|8|3|3|2|2,7,10,121948,silent,121938
9,9|9|7|7|2|1|1,7,12,62330,silent,62318
9,9|9|7|6|3|1|1,7,42,249099,silent,249057
9,9|9|7|6|2|2|1,7,31,227222,silent,227191
9,9|9|7|5|4|1|1,7,43,310657,silent,310614
9,9|9|7|5|3|2|1,7,67,657761,silent,657694
9,9|9|7|5|2|2|2,7,20,239497,silent,239477
9,9|9|7|4|4|2|1,7,45,431030,silent,430985
9,9|9|7|4|3|3|1,7,29,409619,silent,409590
9,9|9|7|4|3|2|2,7,25,456116,silent,456091
9,9|9|7|3|3|3|2,7,4,178426,silent,178422
9,9|9|6|6|4|1|1,7,30,186456,silent,186426
9,9|9|6|6|3|2|1,7,35,370075,silent,370040
9,9|9|6|6|2|2|2,7,6,131042,silent,131036
9,9|9|6|5|5|1|1,7,13,141833,silent,141820
9,9|9|6|5|4|2|1,7,56,648040,silent,647984
9,9|9|6|5|3|3|1,7,29,502414,silent,502385
9,9|9|6|5|3|2|2,7,29,545119,silent,545090
9,9|9|6|4|4|3|1,7,36,445310,silent,445274
9,9|9|6|4|4|2|2,7,17,400443,silent,400426
9,9|9|6|4|3|3|2,7,17,487402,silent,487385
9,9|9|6|3|3|3|3,7,0,-1,a0,
9,9|9|5|5|5|2|1,7,9,156900,silent,156891
9,9|9|5|5|4|3|1,7,19,349378,silent,349359
9,9|9|5|5|4|2|2,7,17,307500,silent,307483
9,9|9|5|5|3|3|2,7,6,309942,silent,309936
9,9|9|5|4|4|4|1,7,11,132924,silent,132913
9,9|9|5|4|4|3|2,7,15,356587,silent,356572
9,9|9|5|4|3|3|3,7,2,163849,silent,163847
9,9|9|4|4|4|4|2,7,2,59291,silent,59289
9,9|9|4|4|4|3|3,7,4,66030,silent,66026
9,9|8|8|8|1|1|1,7,1,4564,silent,4563
9,9|8|8|7|2|1|1,7,13,55676,silent,55663
9,9|8|8|6|3|1|1,7,27,179502,silent,179475
9,9|8|8|6|2|2|1,7,25,164183,silent,164158
9,9|8|8|5|4|1|1,7,30,210275,silent,210245
9,9|8|8|5|3|2|1,7,44,442234,silent,442190
9,9|8|8|5|2|2|2,7,14,161121,silent,161107
9,9|8|8|4|4|2|1,7,31,283450,silent,283419
9,9|8|8|4|3|3|1,7,16,266533,silent,266517
9,9|8|8|4|3|2|2,7,18,297261,silent,297243
9,9|8|8|3|3|3|2,7,2,113870,silent,113868
9,9|8|7|7|3|1|1,7,21,130841,silent,130820
9,9|8|7|7|2|2|1,7,14,117354,silent,117340
9,9|8|7|6|4|1|1,7,42,332115,silent,332073
9,9|8|7|6|3|2|1,7,59,648801,silent,648742
9,9|8|7|6|2|2|2,7,16,228095,silent,228079
9,9|8|7|5|5|1|1,7,22,206781,silent,206759
9,9|8|7|5|4|2|1,7,73,909813,silent,909740
9,9|8|7|5|3|3|1,7,39,695485,silent,695446
9,9|8|7|5|3|2|2,7,34,750569,silent,750535
9,9|8|7|4|4|3|1,7,40,577598,silent,577558
9,9|8|7|4|4|2|2,7,29,518309,silent,518280
9,9|8|7|4|3|3|2,7,17,619962,silent,619945
9,9|8|7|3|3|3|3,7,0,-1,a0,
9,9|8|6|6|5|1|1,7,15,166942,silent,166927
9,9|8|6|6|4|2|1,7,48,597408,silent,597360
9,9|8|6|6|3|3|1,7,21,430560,silent,430539
9,9|8|6|6|3|2|2,7,24,460961,silent,460937
9,9|8|6|5|5|2|1,7,27,481806,silent,481779
9,9|8|6|5|4|3|1,7,52,992261,silent,992209
9,9|8|6|5|4|2|2,7,37,866152,silent,866115
9,9|8|6|5|3|3|2,7,20,846040,silent,846020
9,9|8|6|4|4|4|1,7,25,300389,silent,300364
9,9|8|6|4|4|3|2,7,31,789561,silent,789530
9,9|8|6|4|3|3|3,7,3,349075,silent,349072
9,9|8|5|5|5|3|1,7,9,274896,silent,274887
9,9|8|5|5|5|2|2,7,4,224411,silent,224407
9,9|8|5|5|4|4|1,7,12,263296,silent,263284
9,9|8|5|5|4|3|2,7,17,650614,silent,650597
9,9|8|5|5|3|3|3,7,3,235958,silent,235955
9,9|8|5|4|4|4|2,7,16,276467,silent,276451
9,9|8|5|4|4|3|3,7,7,296497,silent,296490
9,9|8|4|4|4|4|3,7,5,66379,silent,66374
9,9|7|7|7|4|1|1,7,8,78568,silent,78560
9,9|7|7|7|3|2|1,7,11,148068,silent,148057
9,9|7|7|7|2|2|2,7,3,50771,silent,50768
9,9|7|7|6|5|1|1,7,13,132610,silent,132597
9,9|7|7|6|4|2|1,7,31,458241,silent,458210
9,9|7|7|6|3|3|1,7,18,327679,silent,327661
9,9|7|7|6|3|2|2,7,13,347654,silent,347641
9,9|7|7|5|5|2|1,7,17,307162,silent,307145
9,9|7|7|5|4|3|1,7,30,614723,silent,614693
9,9|7|7|5|4|2|2,7,20,533576,silent,533556
9,9|7|7|5|3|3|2,7,12,516911,silent,516899
9,9|7|7|4|4|4|1,7,11,173785,silent,173774
9,9|7|7|4|4|3|2,7,15,454275,silent,454260
9,9|7|7|4|3|3|3,7,3,198926,silent,198923
9,9|7|6|6|6|1|1,7,4,42300,silent,42296
9,9|7|6|6|5|2|1,7,18,314616,silent,314598
9,9|7|6|6|4|3|1,7,26,514309,silent,514283
9,9|7|6|6|4|2|2,7,17,442406,silent,442389
9,9|7|6|6|3|3|2,7,11,403340,silent,403329
9,9|7|6|5|5|3|1,7,14,465298,silent,465284
9,9|7|6|5|5|2|2,7,11,378008,silent,377997
9,9|7|6|5|4|4|1,7,19,418726,silent,418707
9,9|7|6|5|4|3|2,7,26,1016394,silent,1016368
9,9|7|6|5|3|3|3,7,3,355809,silent,355806
9,9|7|6|4|4|4|2,7,15,345792,silent,345777
9,9|7|6|4|4|3|3,7,9,366002,silent,365993
9,9|7|5|5|5|4|1,7,3,162327,silent,162324
9,9|7|5|5|5|3|2,7,3,316179,silent,316176
9,9|7|5|5|4|4|2,7,9,331784,silent,331775
9,9|7|5|5|4|3|3,7,4,332968,silent,332964
9,9|7|5|4|4|4|3,7,8,185686,silent,185678
9,9|7|4|4|4|4|4,7,2,20757,silent,20755
9,9|6|6|6|6|2|1,7,3,40499,silent,40496
9,9|6|6|6|5|3|1,7,5,152637,silent,152632
9,9|6|6|6|5|2|2,7,6,122931,silent,122925
9,9|6|6|6|4|4|1,7,7,112828,silent,112821
9,9|6|6|6|4|3|2,7,8,264237,silent,264229
9,9|6|6|6|3|3|3,7,0,-1,a0,
9,9|6|6|5|5|4|1,7,2,137043,silent,137041
9,9|6|6|5|5|3|2,7,3,263074,silent,263071
9,9|6|6|5|4|4|2,7,8,262436,silent,262428
9,9|6|6|5|4|3|3,7,3,258972,silent,258969
9,9|6|6|4|4|4|3,7,6,118579,silent,118573
9,9|6|5|5|5|5|1,7,0,-1,a0,
9,9|6|5|5|5|4|2,7,0,-1,a0,
9,9|6|5|5|5|3|3,7,1,108136,silent,108135
9,9|6|5|5|4|4|3,7,2,144634,silent,144632
9,9|6|5|4|4|4|4,7,3,37392,silent,37389
9,9|5|5|5|5|5|2,7,0,-1,a0,
9,9|5|5|5|5|4|3,7,0,-1,a0,
9,9|5|5|5|4|4|4,7,0,-1,a0,
9,29|1|1|1|1|1|1|1,8,0,-1,a0,
9,28|2|1|1|1|1|1|1,8,0,-1,a0,
9,27|3|1|1|1|1|1|1,8,0,-1,a0,
9,27|2|2|1|1|1|1|1,8,0,-1,a0,
9,26|4|1|1|1|1|1|1,8,0,-1,a0,
9,26|3|2|1|1|1|1|1,8,0,-1,a0,
9,26|2|2|2|1|1|1|1,8,0,-1,a0,
9,25|5|1|1|1|1|1|1,8,0,-1,a0,
9,25|4|2|1|1|1|1|1,8,0,-1,a0,
9,25|3|3|1|1|1|1|1,8,0,-1,a0,
9,25|3|2|2|1|1|1|1,8,0,-1,a0,
9,25|2|2|2|2|1|1|1,8,0,-1,a0,
9,24|6|1|1|1|1|1|1,8,0,-1,a0,
9,24|5|2|1|1|1|1|1,8,0,-1,a0,
9,24|4|3|1|1|1|1|1,8,0,-1,a0,
9,24|4|2|2|1|1|1|1,8,0,-1,a0,
9,24|3|3|2|1|1|1|1,8,0,-1,a0,
9,24|3|2|2|2|1|1|1,8,0,-1,a0,
9,24|2|2|2|2|2|1|1,8,0,-1,a0,
9,23|7|1|1|1|1|1|1,8,0,-1,a0,
9,23|6|2|1|1|1|1|1,8,0,-1,a0,
9,23|5|3|1|1|1|1|1,8,0,-1,a0,
9,23|5|2|2|1|1|1|1,8,0,-1,a0,
9,23|4|4|1|1|1|1|1,8,0,-1,a0,
9,23|4|3|2|1|1|1|1,8,0,-1,a0,
9,23|4|2|2|2|1|1|1,8,0,-1,a0,
9,23|3|3|3|1|1|1|1,8,0,-1,a0,
9,23|3|3|2|2|1|1|1,8,0,-1,a0,
9,23|3|2|2|2|2|1|1,8,0,-1,a0,
9,23|2|2|2|2|2|2|1,8,0,-1,a0,
9,22|8|1|1|1|1|1|1,8,0,-1,a0,
9,22|7|2|1|1|1|1|1,8,0,-1,a0,
9,22|6|3|1|1|1|1|1,8,0,-1,a0,
9,22|6|2|2|1|1|1|1,8,0,-1,a0,
9,22|5|4|1|1|1|1|1,8,0,-1,a0,
9,22|5|3|2|1|1|1|1,8,0,-1,a0,
9,22|5|2|2|2|1|1|1,8,0,-1,a0,
9,22|4|4|2|1|1|1|1,8,0,-1,a0,
9,22|4|3|3|1|1|1|1,8,0,-1,a0,
9,22|4|3|2|2|1|1|1,8,0,-1,a0,
9,22|4|2|2|2|2|1|1,8,0,-1,a0,
9,22|3|3|3|2|1|1|1,8,0,-1,a0,
9,22|3|3|2|2|2|1|1,8,0,-1,a0,
9,22|3|2|2|2|2|2|1,8,0,-1,a0,
9,22|2|2|2|2|2|2|2,8,1,21,silent,20
9,21|9|1|1|1|1|1|1,8,0,-1,a0,
9,21|8|2|1|1|1|1|1,8,0,-1,a0,
9,21|7|3|1|1|1|1|1,8,0,-1,a0,
9,21|7|2|2|1|1|1|1,8,0,-1,a0,
9,21|6|4|1|1|1|1|1,8,0,-1,a0,
9,21|6|3|2|1|1|1|1,8,0,-1,a0,
9,21|6|2|2|2|1|1|1,8,0,-1,a0,
9,21|5|5|1|1|1|1|1,8,0,-1,a0,
9,21|5|4|2|1|1|1|1,8,0,-1,a0,
9,21|5|3|3|1|1|1|1,8,0,-1,a0,
9,21|5|3|2|2|1|1|1,8,0,-1,a0,
9,21|5|2|2|2|2|1|1,8,0,-1,a0,
9,21|4|4|3|1|1|1|1,8,0,-1,a0,
9,21|4|4|2|2|1|1|1,8,0,-1,a0,
9,21|4|3|3|2|1|1|1,8,0,-1,a0,
9,21|4|3|2|2|2|1|1,8,0,-1,a0,
9,21|4|2|2|2|2|2|1,8,1,282,silent,281
9,21|3|3|3|3|1|1|1,8,0,-1,a0,
9,21|3|3|3|2|2|1|1,8,0,-1,a0,
9,21|3|3|2|2|2|2|1,8,0,-1,a0,
9,21|3|2|2|2|2|2|2,8,1,63,silent,62
9,20|10|1|1|1|1|1|1,8,0,-1,a0,
9,20|9|2|1|1|1|1|1,8,0,-1,a0,
9,20|8|3|1|1|1|1|1,8,0,-1,a0,
9,20|8|2|2|1|1|1|1,8,0,-1,a0,
9,20|7|4|1|1|1|1|1,8,0,-1,a0,
9,20|7|3|2|1|1|1|1,8,0,-1,a0,
9,20|7|2|2|2|1|1|1,8,0,-1,a0,
9,20|6|5|1|1|1|1|1,8,0,-1,a0,
9,20|6|4|2|1|1|1|1,8,0,-1,a0,
9,20|6|3|3|1|1|1|1,8,0,-1,a0,
9,20|6|3|2|2|1|1|1,8,0,-1,a0,
9,20|6|2|2|2|2|1|1,8,0,-1,a0,
9,20|5|5|2|1|1|1|1,8,0,-1,a0,
9,20|5|4|3|1|1|1|1,8,0,-1,a0,
9,20|5|4|2|2|1|1|1,8,0,-1,a0,
9,20|5|3|3|2|1|1|1,8,0,-1,a0,
9,20|5|3|2|2|2|1|1,8,1,3345,silent,3344
9,20|5|2|2|2|2|2|1,8,2,721,silent,719
9,20|4|4|4|1|1|1|1,8,0,-1,a0,
9,20|4|4|3|2|1|1|1,8,0,-1,a0,
9,20|4|4|2|2|2|1|1,8,0,-1,a0,
9,20|4|3|3|3|1|1|1,8,0,-1,a0,
9,20|4|3|3|2|2|1|1,8,0,-1,a0,
9,20|4|3|2|2|2|2|1,8,1,1229,silent,1228
9,20|4|2|2|2|2|2|2,8,2,240,silent,238
9,20|3|3|3|3|2|1|1,8,0,-1,a0,
9,20|3|3|3|2|2|2|1,8,0,-1,a0,
9,20|3|3|2|2|2|2|2,8,0,-1,a0,
9,19|11|1|1|1|1|1|1,8,0,-1,a0,
9,19|10|2|1|1|1|1|1,8,0,-1,a0,
9,19|9|3|1|1|1|1|1,8,0,-1,a0,
9,19|9|2|2|1|1|1|1,8,0,-1,a0,
9,19|8|4|1|1|1|1|1,8,0,-1,a0,
9,19|8|3|2|1|1|1|1,8,0,-1,a0,
9,19|8|2|2|2|1|1|1,8,0,-1,a0,
9,19|7|5|1|1|1|1|1,8,0,-1,a0,
9,19|7|4|2|1|1|1|1,8,0,-1,a0,
9,19|7|3|3|1|1|1|1,8,0,-1,a0,
9,19|7|3|2|2|1|1|1,8,0,-1,a0,
9,19|7|2|2|2|2|1|1,8,1,2308,silent,2307
9,19|6|6|1|1|1|1|1,8,0,-1,a0,
9,19|6|5|2|1|1|1|1,8,0,-1,a0,
9,19|6|4|3|1|1|1|1,8,0,-1,a0,
9,19|6|4|2|2|1|1|1,8,0,-1,a0,
9,19|6|3|3|2|1|1|1,8,1,10638,silent,10637
9,19|6|3|2|2|2|1|1,8,2,7477,silent,7475
9,19|6|2|2|2|2|2|1,8,3,1520,silent,1517
9,19|5|5|3|1|1|1|1,8,0,-1,a0,
9,19|5|5|2|2|1|1|1,8,1,6211,silent,6210
9,19|5|4|4|1|1|1|1,8,0,-1,a0,
9,19|5|4|3|2|1|1|1,8,0,-1,a0,
9,19|5|4|2|2|2|1|1,8,2,8108,silent,8106
9,19|5|3|3|3|1|1|1,8,0,-1,a0,
9,19|5|3|3|2|2|1|1,8,1,8449,silent,8448
9,19|5|3|2|2|2|2|1,8,3,3738,silent,3735
9,19|5|2|2|2|2|2|2,8,2,539,silent,537
9,19|4|4|4|2|1|1|1,8,0,-1,a0,
9,19|4|4|3|3|1|1|1,8,0,-1,a0,
9,19|4|4|3|2|2|1|1,8,0,-1,a0,
9,19|4|4|2|2|2|2|1,8,2,2325,silent,2323
9,19|4|3|3|3|2|1|1,8,0,-1,a0,
9,19|4|3|3|2|2|2|1,8,0,-1,a0,
9,19|4|3|2|2|2|2|2,8,1,848,silent,847
9,19|3|3|3|3|3|1|1,8,0,-1,a0,
9,19|3|3|3|3|2|2|1,8,0,-1,a0,
9,19|3|3|3|2|2|2|2,8,0,-1,a0,
9,18|12|1|1|1|1|1|1,8,0,-1,a0,
9,18|11|2|1|1|1|1|1,8,0,-1,a0,
9,18|10|3|1|1|1|1|1,8,0,-1,a0,
9,18|10|2|2|1|1|1|1,8,0,-1,a0,
9,18|9|4|1|1|1|1|1,8,0,-1,a0,
9,18|9|3|2|1|1|1|1,8,0,-1,a0,
9,18|9|2|2|2|1|1|1,8,0,-1,a0,
9,18|8|5|1|1|1|1|1,8,0,-1,a0,
9,18|8|4|2|1|1|1|1,8,0,-1,a0,
9,18|8|3|3|1|1|1|1,8,0,-1,a0,
9,18|8|3|2|2|1|1|1,8,1,12767,silent,12766
9,18|8|2|2|2|2|1|1,8,1,3447,silent,3446
9,18|7|6|1|1|1|1|1,8,0,-1,a0,
9,18|7|5|2|1|1|1|1,8,0,-1,a0,
9,18|7|4|3|1|1|1|1,8,0,-1,a0,
9,18|7|4|2|2|1|1|1,8,1,23789,silent,23788
9,18|7|3|3|2|1|1|1,8,2,20069,silent,20067
9,18|7|3|2|2|2|1|1,8,5,13884,silent,13879
9,18|7|2|2|2|2|2|1,8,4,2679,silent,2675
9,18|6|6|2|1|1|1|1,8,0,-1,a0,
9,18|6|5|3|1|1|1|1,8,1,20058,silent,20057
9,18|6|5|2|2|1|1|1,8,2,21055,silent,21053
9,18|6|4|4|1|1|1|1,8,0,-1,a0,
9,18|6|4|3|2|1|1|1,8,2,38529,silent,38527
9,18|6|4|2|2|2|1|1,8,4,20883,silent,20879
9,18|6|3|3|3|1|1|1,8,1,12318,silent,12317
9,18|6|3|3|2|2|1|1,8,3,20169,silent,20166
9,18|6|3|2|2|2|2|1,8,5,8626,silent,8621
9,18|6|2|2|2|2|2|2,8,4,1181,silent,1177
9,18|5|5|4|1|1|1|1,8,0,-1,a0,
9,18|5|5|3|2|1|1|1,8,2,21149,silent,21147
9,18|5|5|2|2|2|1|1,8,4,11055,silent,11051
9,18|5|4|4|2|1|1|1,8,0,-1,a0,
9,18|5|4|3|3|1|1|1,8,0,-1,a0,
9,18|5|4|3|2|2|1|1,8,3,27908,silent,27905
9,18|5|4|2|2|2|2|1,8,5,9606,silent,9601
9,18|5|3|3|3|2|1|1,8,0,-1,a0,
9,18|5|3|3|2|2|2|1,8,1,10042,silent,10041
9,18|5|3|2|2|2|2|2,8,1,2560,silent,2559
9,18|4|4|4|3|1|1|1,8,0,-1,a0,
9,18|4|4|4|2|2|1|1,8,0,-1,a0,
9,18|4|4|3|3|2|1|1,8,0,-1,a0,
9,18|4|4|3|2|2|2|1,8,1,7736,silent,7735
9,18|4|4|2|2|2|2|2,8,3,1791,silent,1788
9,18|4|3|3|3|3|1|1,8,0,-1,a0,
9,18|4|3|3|3|2|2|1,8,0,-1,a0,
9,18|4|3|3|2|2|2|2,8,0,-1,a0,
9,18|3|3|3|3|3|2|1,8,0,-1,a0,
9,18|3|3|3|3|2|2|2,8,0,-1,a0,
9,17|13|1|1|1|1|1|1,8,0,-1,a0,
9,17|12|2|1|1|1|1|1,8,0,-1,a0,
9,17|11|3|1|1|1|1|1,8,0,-1,a0,
9,17|11|2|2|1|1|1|1,8,0,-1,a0,
9,17|10|4|1|1|1|1|1,8,0,-1,a0,
9,17|10|3|2|1|1|1|1,8,0,-1,a0,
9,17|10|2|2|2|1|1|1,8,0,-1,a0,
9,17|9|5|1|1|1|1|1,8,0,-1,a0,
9,17|9|4|2|1|1|1|1,8,0,-1,a0,
9,17|9|3|3|1|1|1|1,8,1,12221,silent,12220
9,17|9|3|2|2|1|1|1,8,2,16954,silent,16952
9,17|9|2|2|2|2|1|1,8,2,4603,silent,4601
9,17|8|6|1|1|1|1|1,8,0,-1,a0,
9,17|8|5|2|1|1|1|1,8,1,27643,silent,27642
9,17|8|4|3|1|1|1|1,8,1,34629,silent,34628
9,17|8|4|2|2|1|1|1,8,3,38075,silent,38072
9,17|8|3|3|2|1|1|1,8,4,31496,silent,31492
9,17|8|3|2|2|2|1|1,8,7,21435,silent,21428
9,17|8|2|2|2|2|2|1,8,5,4038,silent,4033
9,17|7|7|1|1|1|1|1,8,0,-1,a0,
9,17|7|6|2|1|1|1|1,8,0,-1,a0,
9,17|7|5|3|1|1|1|1,8,2,44565,silent,44563
9,17|7|5|2|2|1|1|1,8,6,46292,silent,46286
9,17|7|4|4|1|1|1|1,8,0,-1,a0,
9,17|7|4|3|2|1|1|1,8,6,77404,silent,77398
9,17|7|4|2|2|2|1|1,8,10,41604,silent,41594
9,17|7|3|3|3|1|1|1,8,2,23681,silent,23679
9,17|7|3|3|2|2|1|1,8,6,38137,silent,38131
9,17|7|3|2|2|2|2|1,8,8,15996,silent,15988
9,17|7|2|2|2|2|2|2,8,3,1938,silent,1935
9,17|6|6|3|1|1|1|1,8,2,21549,silent,21547
9,17|6|6|2|2|1|1|1,8,1,21380,silent,21379
9,17|6|5|4|1|1|1|1,8,2,31726,silent,31724
9,17|6|5|3|2|1|1|1,8,8,75148,silent,75140
9,17|6|5|2|2|2|1|1,8,8,37607,silent,37599
9,17|6|4|4|2|1|1|1,8,1,51089,silent,51088
9,17|6|4|3|3|1|1|1,8,3,50882,silent,50879
9,17|6|4|3|2|2|1|1,8,8,75395,silent,75387
9,17|6|4|2|2|2|2|1,8,10,25121,silent,25111
9,17|6|3|3|3|2|1|1,8,1,31114,silent,31113
9,17|6|3|3|2|2|2|1,8,2,24307,silent,24305
9,17|6|3|2|2|2|2|2,8,3,6065,silent,6062
9,17|5|5|5|1|1|1|1,8,1,6384,silent,6383
9,17|5|5|4|2|1|1|1,8,4,35305,silent,35301
9,17|5|5|3|3|1|1|1,8,1,28704,silent,28703
9,17|5|5|3|2|2|1|1,8,6,42263,silent,42257
9,17|5|5|2|2|2|2|1,8,3,12930,silent,12927
9,17|5|4|4|3|1|1|1,8,0,-1,a0,
9,17|5|4|4|2|2|1|1,8,3,36942,silent,36939
9,17|5|4|3|3|2|1|1,8,1,47812,silent,47811
9,17|5|4|3|2|2|2|1,8,5,34837,silent,34832
9,17|5|4|2|2|2|2|2,8,3,6896,silent,6893
9,17|5|3|3|3|3|1|1,8,0,-1,a0,
9,17|5|3|3|3|2|2|1,8,0,-1,a0,
9,17|5|3|3|2|2|2|2,8,0,-1,a0,
9,17|4|4|4|4|1|1|1,8,0,-1,a0,
9,17|4|4|4|3|2|1|1,8,0,-1,a0,
9,17|4|4|4|2|2|2|1,8,2,9560,silent,9558
9,17|4|4|3|3|3|1|1,8,0,-1,a0,
9,17|4|4|3|3|2|2|1,8,0,-1,a0,
9,17|4|4|3|2|2|2|2,8,1,5722,silent,5721
9,17|4|3|3|3|3|2|1,8,0,-1,a0,
9,17|4|3|3|3|2|2|2,8,0,-1,a0,
9,17|3|3|3|3|3|3|1,8,0,-1,a0,
9,17|3|3|3|3|3|2|2,8,0,-1,a0,
9,16|14|1|1|1|1|1|1,8,0,-1,a0,
9,16|13|2|1|1|1|1|1,8,0,-1,a0,
9,16|12|3|1|1|1|1|1,8,0,-1,a0,
9,16|12|2|2|1|1|1|1,8,0,-1,a0,
9,16|11|4|1|1|1|1|1,8,0,-1,a0,
9,16|11|3|2|1|1|1|1,8,0,-1,a0,
9,16|11|2|2|2|1|1|1,8,0,-1,a0,
9,16|10|5|1|1|1|1|1,8,0,-1,a0,
9,16|10|4|2|1|1|1|1,8,1,21922,silent,21921
9,16|10|3|3|1|1|1|1,8,1,13868,silent,13867
9,16|10|3|2|2|1|1|1,8,3,19164,silent,19161
9,16|10|2|2|2|2|1|1,8,2,5092,silent,5090
9,16|9|6|1|1|1|1|1,8,0,-1,a0,
9,16|9|5|2|1|1|1|1,8,2,37740,silent,37738
9,16|9|4|3|1|1|1|1,8,3,46222,silent,46219
9,16|9|4|2|2|1|1|1,8,6,50697,silent,50691
9,16|9|3|3|2|1|1|1,8,7,41381,silent,41374
9,16|9|3|2|2|2|1|1,8,9,27993,silent,27984
9,16|9|2|2|2|2|2|1,8,6,5157,silent,5151
9,16|8|7|1|1|1|1|1,8,0,-1,a0,
9,16|8|6|2|1|1|1|1,8,3,40075,silent,40072
9,16|8|5|3|1|1|1|1,8,6,74981,silent,74975
9,16|8|5|2|2|1|1|1,8,11,76958,silent,76947
9,16|8|4|4|1|1|1|1,8,2,42800,silent,42798
9,16|8|4|3|2|1|1|1,8,12,123655,silent,123643
9,16|8|4|2|2|2|1|1,8,14,65535,silent,65521
9,16|8|3|3|3|1|1|1,8,3,37000,silent,36997
9,16|8|3|3|2|2|1|1,8,10,59141,silent,59131
9,16|8|3|2|2|2|2|1,8,10,24447,silent,24437
9,16|8|2|2|2|2|2|2,8,5,2935,silent,2930
9,16|7|7|2|1|1|1|1,8,0,-1,a0,
9,16|7|6|3|1|1|1|1,8,4,61723,silent,61719
9,16|7|6|2|2|1|1|1,8,7,61401,silent,61394
9,16|7|5|4|1|1|1|1,8,5,71616,silent,71611
9,16|7|5|3|2|1|1|1,8,19,165975,silent,165956
9,16|7|5|2|2|2|1|1,8,19,82046,silent,82027
9,16|7|4|4|2|1|1|1,8,6,104852,silent,104846
9,16|7|4|3|3|1|1|1,8,6,102014,silent,102008
9,16|7|4|3|2|2|1|1,8,18,150423,silent,150405
9,16|7|4|2|2|2|2|1,8,15,48962,silent,48947
9,16|7|3|3|3|2|1|1,8,2,59295,silent,59293
9,16|7|3|3|2|2|2|1,8,4,45874,silent,45870
9,16|7|3|2|2|2|2|2,8,3,11043,silent,11040
9,16|6|6|4|1|1|1|1,8,3,37473,silent,37470
9,16|6|6|3|2|1|1|1,8,8,80382,silent,80374
9,16|6|6|2|2|2|1|1,8,4,38090,silent,38086
9,16|6|5|5|1|1|1|1,8,4,26447,silent,26443
9,16|6|5|4|2|1|1|1,8,12,131033,silent,131021
9,16|6|5|3|3|1|1|1,8,8,103719,silent,103711
9,16|6|5|3|2|2|1|1,8,17,149198,silent,149181
9,16|6|5|2|2|2|2|1,8,10,44730,silent,44720
9,16|6|4|4|3|1|1|1,8,3,88836,silent,88833
9,16|6|4|4|2|2|1|1,8,7,104867,silent,104860
9,16|6|4|3|3|2|1|1,8,6,131272,silent,131266
9,16|6|4|3|2|2|2|1,8,10,93915,silent,93905
9,16|6|4|2|2|2|2|2,8,7,18111,silent,18104
9,16|6|3|3|3|3|1|1,8,0,-1,a0,
9,16|6|3|3|3|2|2|1,8,0,-1,a0,
9,16|6|3|3|2|2|2|2,8,0,-1,a0,
9,16|5|5|5|2|1|1|1,8,6,28317,silent,28311
9,16|5|5|4|3|1|1|1,8,4,63236,silent,63232
9,16|5|5|4|2|2|1|1,8,9,74145,silent,74136
9,16|5|5|3|3|2|1|1,8,2,75557,silent,75555
9,16|5|5|3|2|2|2|1,8,4,52759,silent,52755
9,16|5|5|2|2|2|2|2,8,0,-1,a0,
9,16|5|4|4|4|1|1|1,8,0,-1,a0,
9,16|5|4|4|3|2|1|1,8,3,83925,silent,83922
9,16|5|4|4|2|2|2|1,8,6,47933,silent,47927
9,16|5|4|3|3|3|1|1,8,0,-1,a0,
9,16|5|4|3|3|2|2|1,8,1,66371,silent,66370
9,16|5|4|3|2|2|2|2,8,2,25386,silent,25384
9,16|5|3|3|3|3|2|1,8,0,-1,a0,
9,16|5|3|3|3|2|2|2,8,0,-1,a0,
9,16|4|4|4|4|2|1|1,8,0,-1,a0,
9,16|4|4|4|3|3|1|1,8,0,-1,a0,
9,16|4|4|4|3|2|2|1,8,1,23225,silent,23224
9,16|4|4|4|2|2|2|2,8,3,7515,silent,7512
9,16|4|4|3|3|3|2|1,8,0,-1,a0,
9,16|4|4|3|3|2|2|2,8,0,-1,a0,
9,16|4|3|3|3|3|3|1,8,0,-1,a0,
9,16|4|3|3|3|3|2|2,8,0,-1,a0,
9,16|3|3|3|3|3|3|2,8,0,-1,a0,
9,15|15|1|1|1|1|1|1,8,0,-1,a0,
9,15|14|2|1|1|1|1|1,8,0,-1,a0,
9,15|13|3|1|1|1|1|1,8,0,-1,a0,
9,15|13|2|2|1|1|1|1,8,0,-1,a0,
9,15|12|4|1|1|1|1|1,8,0,-1,a0,
9,15|12|3|2|1|1|1|1,8,0,-1,a0,
9,15|12|2|2|2|1|1|1,8,0,-1,a0,
9,15|11|5|1|1|1|1|1,8,0,-1,a0,
9,15|11|4|2|1|1|1|1,8,1,20661,silent,20660
9,15|11|3|3|1|1|1|1,8,2,13165,silent,13163
9,15|11|3|2|2|1|1|1,8,3,18066,silent,18063
9,15|11|2|2|2|2|1|1,8,3,4868,silent,4865
9,15|10|6|1|1|1|1|1,8,1,11352,silent,11351
9,15|10|5|2|1|1|1|1,8,4,42215,silent,42211
9,15|10|4|3|1|1|1|1,8,5,50973,silent,50968
9,15|10|4|2|2|1|1|1,8,8,55652,silent,55644
9,15|10|3|3|2|1|1|1,8,8,45143,silent,45135
9,15|10|3|2|2|2|1|1,8,10,30335,silent,30325
9,15|10|2|2|2|2|2|1,8,5,5537,silent,5532
9,15|9|7|1|1|1|1|1,8,0,-1,a0,
9,15|9|6|2|1|1|1|1,8,5,55379,silent,55374
9,15|9|5|3|1|1|1|1,8,11,99571,silent,99560
9,15|9|5|2|2|1|1|1,8,17,101839,silent,101822
9,15|9|4|4|1|1|1|1,8,3,55518,silent,55515
9,15|9|4|3|2|1|1|1,8,19,159898,silent,159879
9,15|9|4|2|2|2|1|1,8,20,84618,silent,84598
9,15|9|3|3|3|1|1|1,8,6,47244,silent,47238
9,15|9|3|3|2|2|1|1,8,11,74933,silent,74922
9,15|9|3|2|2|2|2|1,8,11,30769,silent,30758
9,15|9|2|2|2|2|2|2,8,3,3473,silent,3470
9,15|8|8|1|1|1|1|1,8,1,4717,silent,4716
9,15|8|7|2|1|1|1|1,8,4,40985,silent,40981
9,15|8|6|3|1|1|1|1,8,12,111564,silent,111552
9,15|8|6|2|2|1|1|1,8,14,109931,silent,109917
9,15|8|5|4|1|1|1|1,8,12,118775,silent,118763
9,15|8|5|3|2|1|1|1,8,33,270995,silent,270962
9,15|8|5|2|2|2|1|1,8,26,132384,silent,132358
9,15|8|4|4|2|1|1|1,8,12,165454,silent,165442
9,15|8|4|3|3|1|1|1,8,12,159350,silent,159338
9,15|8|4|3|2|2|1|1,8,27,233584,silent,233557
9,15|8|4|2|2|2|2|1,8,20,75186,silent,75166
9,15|8|3|3|3|2|1|1,8,4,90166,silent,90162
9,15|8|3|3|2|2|2|1,8,6,69184,silent,69178
9,15|8|3|2|2|2|2|2,8,4,16484,silent,16480
9,15|7|7|3|1|1|1|1,8,3,49702,silent,49699
9,15|7|7|2|2|1|1|1,8,8,49090,silent,49082
9,15|7|6|4|1|1|1|1,8,8,107305,silent,107297
9,15|7|6|3|2|1|1|1,8,24,227166,silent,227142
9,15|7|6|2|2|2|1|1,8,19,107356,silent,107337
9,15|7|5|5|1|1|1|1,8,8,61457,silent,61449
9,15|7|5|4|2|1|1|1,8,30,290224,silent,290194
9,15|7|5|3|3|1|1|1,8,16,225270,silent,225254
9,15|7|5|3|2|2|1|1,8,36,321964,silent,321928
9,15|7|5|2|2|2|2|1,8,17,94816,silent,94799
9,15|7|4|4|3|1|1|1,8,8,178949,silent,178941
9,15|7|4|4|2|2|1|1,8,19,211110,silent,211091
9,15|7|4|3|3|2|1|1,8,11,257637,silent,257626
9,15|7|4|3|2|2|2|1,8,17,182801,silent,182784
9,15|7|4|2|2|2|2|2,8,6,33848,silent,33842
9,15|7|3|3|3|3|1|1,8,0,-1,a0,
9,15|7|3|3|3|2|2|1,8,0,-1,a0,
9,15|7|3|3|2|2|2|2,8,1,31780,silent,31779
9,15|6|6|5|1|1|1|1,8,4,40237,silent,40233
9,15|6|6|4|2|1|1|1,8,10,152081,silent,152071
9,15|6|6|3|3|1|1|1,8,11,112314,silent,112303
9,15|6|6|3|2|2|1|1,8,14,157241,silent,157227
9,15|6|6|2|2|2|2|1,8,8,45268,silent,45260
9,15|6|5|5|2|1|1|1,8,16,113966,silent,113950
9,15|6|5|4|3|1|1|1,8,16,234180,silent,234164
9,15|6|5|4|2|2|1|1,8,23,269499,silent,269476
9,15|6|5|3|3|2|1|1,8,12,267698,silent,267686
9,15|6|5|3|2|2|2|1,8,13,183782,silent,183769
9,15|6|5|2|2|2|2|2,8,4,31172,silent,31168
9,15|6|4|4|4|1|1|1,8,1,67039,silent,67038
9,15|6|4|4|3|2|1|1,8,10,237690,silent,237680
9,15|6|4|4|2|2|2|1,8,13,133784,silent,133771
9,15|6|4|3|3|3|1|1,8,1,114010,silent,114009
9,15|6|4|3|3|2|2|1,8,3,178946,silent,178943
9,15|6|4|3|2|2|2|2,8,4,67327,silent,67323
9,15|6|3|3|3|3|2|1,8,0,-1,a0,
9,15|6|3|3|3|2|2|2,8,0,-1,a0,
9,15|5|5|5|3|1|1|1,8,6,55207,silent,55201
9,15|5|5|5|2|2|1|1,8,6,60237,silent,60231
9,15|5|5|4|4|1|1|1,8,5,52320,silent,52315
9,15|5|5|4|3|2|1|1,8,8,172596,silent,172588
9,15|5|5|4|2|2|2|1,8,5,94097,silent,94092
9,15|5|5|3|3|3|1|1,8,0,-1,a0,
9,15|5|5|3|3|2|2|1,8,2,104941,silent,104939
9,15|5|5|3|2|2|2|2,8,1,37710,silent,37709
9,15|5|4|4|4|2|1|1,8,3,69322,silent,69319
9,15|5|4|4|3|3|1|1,8,1,81103,silent,81102
9,15|5|4|4|3|2|2|1,8,5,119019,silent,119014
9,15|5|4|4|2|2|2|2,8,3,35550,silent,35547
9,15|5|4|3|3|3|2|1,8,0,-1,a0,
9,15|5|4|3|3|2|2|2,8,0,-1,a0,
9,15|5|3|3|3|3|3|1,8,0,-1,a0,
9,15|5|3|3|3|3|2|2,8,0,-1,a0,
9,15|4|4|4|4|3|1|1,8,0,-1,a0,
9,15|4|4|4|4|2|2|1,8,2,19552,silent,19550
9,15|4|4|4|3|3|2|1,8,0,-1,a0,
9,15|4|4|4|3|2|2|2,8,1,18261,silent,18260
9,15|4|4|3|3|3|3|1,8,0,-1,a0,
9,15|4|4|3|3|3|2|2,8,0,-1,a0,
9,15|4|3|3|3|3|3|2,8,0,-1,a0,
9,15|3|3|3|3|3|3|3,8,0,-1,a0,
9,14|14|3|1|1|1|1|1,8,0,-1,a0,
9,14|14|2|2|1|1|1|1,8,0,-1,a0,
9,14|13|4|1|1|1|1|1,8,0,-1,a0,
9,14|13|3|2|1|1|1|1,8,0,-1,a0,
9,14|13|2|2|2|1|1|1,8,0,-1,a0,
9,14|12|5|1|1|1|1|1,8,0,-1,a0,
9,14|12|4|2|1|1|1|1,8,1,15067,silent,15066
9,14|12|3|3|1|1|1|1,8,1,9451,silent,9450
9,14|12|3|2|2|1|1|1,8,3,13010,silent,13007
9,14|12|2|2|2|2|1|1,8,1,3415,silent,3414
9,14|11|6|1|1|1|1|1,8,1,10088,silent,10087
9,14|11|5|2|1|1|1|1,8,4,37072,silent,37068
9,14|11|4|3|1|1|1|1,8,5,44432,silent,44427
9,14|11|4|2|2|1|1|1,8,8,48495,silent,48487
9,14|11|3|3|2|1|1|1,8,8,39138,silent,39130
9,14|11|3|2|2|2|1|1,8,9,26269,silent,26260
9,14|11|2|2|2|2|2|1,8,4,4754,silent,4750
9,14|10|7|1|1|1|1|1,8,1,12304,silent,12303
9,14|10|6|2|1|1|1|1,8,8,59680,silent,59672
9,14|10|5|3|1|1|1|1,8,14,104461,silent,104447
9,14|10|5|2|2|1|1|1,8,19,106337,silent,106318
9,14|10|4|4|1|1|1|1,8,6,57813,silent,57807
9,14|10|4|3|2|1|1|1,8,22,165037,silent,165015
9,14|10|4|2|2|2|1|1,8,18,86692,silent,86674
9,14|10|3|3|3|1|1|1,8,5,48370,silent,48365
9,14|10|3|3|2|2|1|1,8,13,76690,silent,76677
9,14|10|3|2|2|2|2|1,8,10,31297,silent,31287
9,14|10|2|2|2|2|2|2,8,4,3588,silent,3584
9,14|9|8|1|1|1|1|1,8,1,8762,silent,8761
9,14|9|7|2|1|1|1|1,8,7,59477,silent,59470
9,14|9|6|3|1|1|1|1,8,18,147205,silent,147187
9,14|9|6|2|2|1|1|1,8,22,144887,silent,144865
9,14|9|5|4|1|1|1|1,8,16,150645,silent,150629
9,14|9|5|3|2|1|1|1,8,46,341238,silent,341192
9,14|9|5|2|2|2|1|1,8,33,166019,silent,165986
9,14|9|4|4|2|1|1|1,8,18,204789,silent,204771
9,14|9|4|3|3|1|1|1,8,16,195721,silent,195705
9,14|9|4|3|2|2|1|1,8,34,286417,silent,286383
9,14|9|4|2|2|2|2|1,8,20,91435,silent,91415
9,14|9|3|3|3|2|1|1,8,5,109049,silent,109044
9,14|9|3|3|2|2|2|1,8,6,83407,silent,83401
9,14|9|3|2|2|2|2|2,8,4,19586,silent,19582
9,14|8|8|2|1|1|1|1,8,5,25780,silent,25775
9,14|8|7|3|1|1|1|1,8,12,112654,silent,112642
9,14|8|7|2|2|1|1|1,8,17,109490,silent,109473
9,14|8|6|4|1|1|1|1,8,21,187979,silent,187958
9,14|8|6|3|2|1|1|1,8,44,391917,silent,391873
9,14|8|6|2|2|2|1|1,8,26,183158,silent,183132
9,14|8|5|5|1|1|1|1,8,13,99776,silent,99763
9,14|8|5|4|2|1|1|1,8,48,459336,silent,459288
9,14|8|5|3|3|1|1|1,8,28,353385,silent,353357
9,14|8|5|3|2|2|1|1,8,53,502110,silent,502057
9,14|8|5|2|2|2|2|1,8,23,146614,silent,146591
9,14|8|4|4|3|1|1|1,8,17,271205,silent,271188
9,14|8|4|4|2|2|1|1,8,25,318050,silent,318025
9,14|8|4|3|3|2|1|1,8,18,385029,silent,385011
9,14|8|4|3|2|2|2|1,8,22,271419,silent,271397
9,14|8|4|2|2|2|2|2,8,10,49974,silent,49964
9,14|8|3|3|3|3|1|1,8,0,-1,a0,
9,14|8|3|3|3|2|2|1,8,1,114839,silent,114838
9,14|8|3|3|2|2|2|2,8,0,-1,a0,
9,14|7|7|4|1|1|1|1,8,7,87285,silent,87278
9,14|7|7|3|2|1|1|1,8,20,178431,silent,178411
9,14|7|7|2|2|2|1|1,8,17,83033,silent,83016
9,14|7|6|5|1|1|1|1,8,11,116500,silent,116489
9,14|7|6|4|2|1|1|1,8,37,423914,silent,423877
9,14|7|6|3|3|1|1|1,8,22,305967,silent,305945
9,14|7|6|3|2|2|1|1,8,40,428056,silent,428016
9,14|7|6|2|2|2|2|1,8,17,120755,silent,120738
9,14|7|5|5|2|1|1|1,8,30,254232,silent,254202
9,14|7|5|4|3|1|1|1,8,34,501892,silent,501858
9,14|7|5|4|2|2|1|1,8,50,574557,silent,574507
9,14|7|5|3|3|2|1|1,8,23,559766,silent,559743
9,14|7|5|3|2|2|2|1,8,24,381301,silent,381277
9,14|7|5|2|2|2|2|2,8,4,63111,silent,63107
9,14|7|4|4|4|1|1|1,8,6,132237,silent,132231
9,14|7|4|4|3|2|1|1,8,21,461945,silent,461924
9,14|7|4|4|2|2|2|1,8,20,257474,silent,257454
9,14|7|4|3|3|3|1|1,8,2,216416,silent,216414
9,14|7|4|3|3|2|2|1,8,6,338946,silent,338940
9,14|7|4|3|2|2|2|2,8,5,125803,silent,125798
9,14|7|3|3|3|3|2|1,8,0,-1,a0,
9,14|7|3|3|3|2|2|2,8,0,-1,a0,
9,14|6|6|6|1|1|1|1,8,1,22673,silent,22672
9,14|6|6|5|2|1|1|1,8,13,167253,silent,167240
9,14|6|6|4|3|1|1|1,8,17,270296,silent,270279
9,14|6|6|4|2|2|1|1,8,18,303866,silent,303848
9,14|6|6|3|3|2|1|1,8,15,281766,silent,281751
9,14|6|6|3|2|2|2|1,8,12,188944,silent,188932
9,14|6|6|2|2|2|2|2,8,6,31170,silent,31164
9,14|6|5|5|3|1|1|1,8,19,218237,silent,218218
9,14|6|5|5|2|2|1|1,8,19,234091,silent,234072
9,14|6|5|4|4|1|1|1,8,11,190706,silent,190695
9,14|6|5|4|3|2|1|1,8,28,618048,silent,618020
9,14|6|5|4|2|2|2|1,8,18,333037,silent,333019
9,14|6|5|3|3|3|1|1,8,3,231553,silent,231550
9,14|6|5|3|3|2|2|1,8,6,358276,silent,358270
9,14|6|5|3|2|2|2|2,8,3,127881,silent,127878
9,14|6|4|4|4|2|1|1,8,7,194540,silent,194533
9,14|6|4|4|3|3|1|1,8,5,224012,silent,224007
9,14|6|4|4|3|2|2|1,8,11,326371,silent,326360
9,14|6|4|4|2|2|2|2,8,8,96148,silent,96140
9,14|6|4|3|3|3|2|1,8,0,-1,a0,
9,14|6|4|3|3|2|2|2,8,0,-1,a0,
9,14|6|3|3|3|3|3|1,8,0,-1,a0,
9,14|6|3|3|3|3|2|2,8,0,-1,a0,
9,14|5|5|5|4|1|1|1,8,7,58117,silent,58110
9,14|5|5|5|3|2|1|1,8,6,150601,silent,150595
9,14|5|5|5|2|2|2|1,8,1,75295,silent,75294
9,14|5|5|4|4|2|1|1,8,10,154156,silent,154146
9,14|5|5|4|3|3|1|1,8,2,165378,silent,165376
9,14|5|5|4|3|2|2|1,8,5,239598,silent,239593
9,14|5|5|4|2|2|2|2,8,0,-1,a0,
9,14|5|5|3|3|3|2|1,8,0,-1,a0,
9,14|5|5|3|3|2|2|2,8,1,78487,silent,78486
9,14|5|4|4|4|3|1|1,8,3,85908,silent,85905
9,14|5|4|4|4|2|2|1,8,6,101687,silent,101681
9,14|5|4|4|3|3|2|1,8,1,148122,silent,148121
9,14|5|4|4|3|2|2|2,8,2,90460,silent,90458
9,14|5|4|3|3|3|3|1,8,0,-1,a0,
9,14|5|4|3|3|3|2|2,8,0,-1,a0,
9,14|5|3|3|3|3|3|2,8,0,-1,a0,
9,14|4|4|4|4|4|1|1,8,0,-1,a0,
9,14|4|4|4|4|3|2|1,8,1,31589,silent,31588
9,14|4|4|4|4|2|2|2,8,3,15908,silent,15905
9,14|4|4|4|3|3|3|1,8,0,-1,a0,
9,14|4|4|4|3|3|2|2,8,0,-1,a0,
9,14|4|4|3|3|3|3|2,8,0,-1,a0,
9,14|4|3|3|3|3|3|3,8,0,-1,a0,
9,13|13|5|1|1|1|1|1,8,0,-1,a0,
9,13|13|4|2|1|1|1|1,8,0,-1,a0,
9,13|13|3|3|1|1|1|1,8,1,3509,silent,3508
9,13|13|3|2|2|1|1|1,8,1,4765,silent,4764
9,13|13|2|2|2|2|1|1,8,1,1321,silent,1320
9,13|12|6|1|1|1|1|1,8,0,-1,a0,
9,13|12|5|2|1|1|1|1,8,3,21866,silent,21863
9,13|12|4|3|1|1|1|1,8,3,26084,silent,26081
9,13|12|4|2|2|1|1|1,8,5,28408,silent,28403
9,13|12|3|3|2|1|1|1,8,5,22888,silent,22883
9,13|12|3|2|2|2|1|1,8,5,15324,silent,15319
9,13|12|2|2|2|2|2|1,8,2,2772,silent,2770
9,13|11|7|1|1|1|1|1,8,1,9763,silent,9762
9,13|11|6|2|1|1|1|1,8,6,46311,silent,46305
9,13|11|5|3|1|1|1|1,8,12,80403,silent,80391
9,13|11|5|2|2|1|1|1,8,16,81808,silent,81792
9,13|11|4|4|1|1|1|1,8,3,43978,silent,43975
9,13|11|4|3|2|1|1|1,8,18,125953,silent,125935
9,13|11|4|2|2|2|1|1,8,16,66390,silent,66374
9,13|11|3|3|3|1|1|1,8,5,36791,silent,36786
9,13|11|3|3|2|2|1|1,8,8,58003,silent,57995
9,13|11|3|2|2|2|2|1,8,7,23670,silent,23663
9,13|11|2|2|2|2|2|2,8,1,2566,silent,2565
9,13|10|8|1|1|1|1|1,8,2,9903,silent,9901
9,13|10|7|2|1|1|1|1,8,9,60803,silent,60794
9,13|10|6|3|1|1|1|1,8,21,143692,silent,143671
9,13|10|6|2|2|1|1|1,8,22,140866,silent,140844
9,13|10|5|4|1|1|1|1,8,19,144019,silent,144000
9,13|10|5|3|2|1|1|1,8,45,324378,silent,324333
9,13|10|5|2|2|2|1|1,8,29,157119,silent,157090
9,13|10|4|4|2|1|1|1,8,19,192761,silent,192742
9,13|10|4|3|3|1|1|1,8,17,183640,silent,183623
9,13|10|4|3|2|2|1|1,8,31,268124,silent,268093
9,13|10|4|2|2|2|2|1,8,17,85291,silent,85274
9,13|10|3|3|3|2|1|1,8,5,101439,silent,101434
9,13|10|3|3|2|2|2|1,8,6,77362,silent,77356
9,13|10|3|2|2|2|2|2,8,3,18131,silent,18128
9,13|9|9|1|1|1|1|1,8,0,-1,a0,
9,13|9|8|2|1|1|1|1,8,7,44716,silent,44709
9,13|9|7|3|1|1|1|1,8,20,151795,silent,151775
9,13|9|7|2|2|1|1|1,8,25,147326,silent,147301
9,13|9|6|4|1|1|1|1,8,25,230947,silent,230922
9,13|9|6|3|2|1|1|1,8,58,479229,silent,479171
9,13|9|6|2|2|2|1|1,8,35,223664,silent,223629
9,13|9|5|5|1|1|1|1,8,18,119125,silent,119107
9,13|9|5|4|2|1|1|1,8,59,539932,silent,539873
9,13|9|5|3|3|1|1|1,8,34,412653,silent,412619
9,13|9|5|3|2|2|1|1,8,59,584989,silent,584930
9,13|9|5|2|2|2|2|1,8,23,169738,silent,169715
9,13|9|4|4|3|1|1|1,8,19,311076,silent,311057
9,13|9|4|4|2|2|1|1,8,34,365195,silent,365161
9,13|9|4|3|3|2|1|1,8,20,437892,silent,437872
9,13|9|4|3|2|2|2|1,8,22,307916,silent,307894
9,13|9|4|2|2|2|2|2,8,6,55677,silent,55671
9,13|9|3|3|3|3|1|1,8,1,79647,silent,79646
9,13|9|3|3|3|2|2|1,8,1,128801,silent,128800
9,13|9|3|3|2|2|2|2,8,1,51454,silent,51453
9,13|8|8|3|1|1|1|1,8,11,67005,silent,66994
9,13|8|8|2|2|1|1|1,8,8,63862,silent,63854
9,13|8|7|4|1|1|1|1,8,21,187485,silent,187464
9,13|8|7|3|2|1|1|1,8,42,376492,silent,376450
9,13|8|7|2|2|2|1|1,8,25,172741,silent,172716
9,13|8|6|5|1|1|1|1,8,22,195736,silent,195714
9,13|8|6|4|2|1|1|1,8,63,694576,silent,694513
9,13|8|6|3|3|1|1|1,8,39,496702,silent,496663
9,13|8|6|3|2|2|1|1,8,59,691368,silent,691309
9,13|8|6|2|2|2|2|1,8,24,193441,silent,193417
9,13|8|5|5|2|1|1|1,8,43,386870,silent,386827
9,13|8|5|4|3|1|1|1,8,53,747902,silent,747849
9,13|8|5|4|2|2|1|1,8,66,851953,silent,851887
9,13|8|5|3|3|2|1|1,8,36,822989,silent,822953
9,13|8|5|3|2|2|2|1,8,32,557522,silent,557490
9,13|8|5|2|2|2|2|2,8,7,91818,silent,91811
9,13|8|4|4|4|1|1|1,8,9,189242,silent,189233
9,13|8|4|4|3|2|1|1,8,30,656438,silent,656408
9,13|8|4|4|2|2|2|1,8,25,364093,silent,364068
9,13|8|4|3|3|3|1|1,8,4,304113,silent,304109
9,13|8|4|3|3|2|2|1,8,8,474692,silent,474684
9,13|8|4|3|2|2|2|2,8,6,175189,silent,175183
9,13|8|3|3|3|3|2|1,8,0,-1,a0,
9,13|8|3|3|3|2|2|2,8,0,-1,a0,
9,13|7|7|5|1|1|1|1,8,9,99156,silent,99147
9,13|7|7|4|2|1|1|1,8,33,330623,silent,330590
9,13|7|7|3|3|1|1|1,8,13,229764,silent,229751
9,13|7|7|3|2|2|1|1,8,29,319598,silent,319569
9,13|7|7|2|2|2|2|1,8,8,87574,silent,87566
9,13|7|6|6|1|1|1|1,8,4,67934,silent,67930
9,13|7|6|5|2|1|1|1,8,38,461139,silent,461101
9,13|7|6|4|3|1|1|1,8,43,714738,silent,714695
9,13|7|6|4|2|2|1|1,8,57,802545,silent,802488
9,13|7|6|3|3|2|1|1,8,30,726961,silent,726931
9,13|7|6|3|2|2|2|1,8,26,484394,silent,484368
9,13|7|6|2|2|2|2|2,8,5,76866,silent,76861
9,13|7|5|5|3|1|1|1,8,34,463612,silent,463578
9,13|7|5|5|2|2|1|1,8,34,493457,silent,493423
9,13|7|5|4|4|1|1|1,8,26,391943,silent,391917
9,13|7|5|4|3|2|1|1,8,54,1253960,silent,1253906
9,13|7|5|4|2|2|2|1,8,31,670275,silent,670244
9,13|7|5|3|3|3|1|1,8,5,459897,silent,459892
9,13|7|5|3|3|2|2|1,8,12,709118,silent,709106
9,13|7|5|3|2|2|2|2,8,5,250745,silent,250740
9,13|7|4|4|4|2|1|1,8,18,363662,silent,363644
9,13|7|4|4|3|3|1|1,8,7,412386,silent,412379
9,13|7|4|4|3|2|2|1,8,18,599868,silent,599850
9,13|7|4|4|2|2|2|2,8,7,173428,silent,173421
9,13|7|4|3|3|3|2|1,8,0,-1,a0,
9,13|7|4|3|3|2|2|2,8,1,236605,silent,236604
9,13|7|3|3|3|3|3|1,8,0,-1,a0,
9,13|7|3|3|3|3|2|2,8,0,-1,a0,
9,13|6|6|6|2|1|1|1,8,3,91100,silent,91097
9,13|6|6|5|3|1|1|1,8,19,313782,silent,313763
9,13|6|6|5|2|2|1|1,8,18,328397,silent,328379
9,13|6|6|4|4|1|1|1,8,7,218992,silent,218985
9,13|6|6|4|3|2|1|1,8,28,683437,silent,683409
9,13|6|6|4|2|2|2|1,8,19,360726,silent,360707
9,13|6|6|3|3|3|1|1,8,5,236103,silent,236098
9,13|6|6|3|3|2|2|1,8,6,359847,silent,359841
9,13|6|6|3|2|2|2|2,8,4,126313,silent,126309
9,13|6|5|5|4|1|1|1,8,17,223023,silent,223006
9,13|6|5|5|3|2|1|1,8,23,566615,silent,566592
9,13|6|5|5|2|2|2|1,8,7,279883,silent,279876
9,13|6|5|4|4|2|1|1,8,23,536351,silent,536328
9,13|6|5|4|3|3|1|1,8,12,569088,silent,569076
9,13|6|5|4|3|2|2|1,8,18,817135,silent,817117
9,13|6|5|4|2|2|2|2,8,5,226966,silent,226961
9,13|6|5|3|3|3|2|1,8,1,395138,silent,395137
9,13|6|5|3|3|2|2|2,8,1,254055,silent,254054
9,13|6|4|4|4|3|1|1,8,7,231292,silent,231285
9,13|6|4|4|4|2|2|1,8,13,272267,silent,272254
9,13|6|4|4|3|3|2|1,8,3,389922,silent,389919
9,13|6|4|4|3|2|2|2,8,4,236226,silent,236222
9,13|6|4|3|3|3|3|1,8,0,-1,a0,
9,13|6|4|3|3|3|2|2,8,0,-1,a0,
9,13|6|3|3|3|3|3|2,8,0,-1,a0,
9,13|5|5|5|5|1|1|1,8,2,27543,silent,27541
9,13|5|5|5|4|2|1|1,8,7,168648,silent,168641
9,13|5|5|5|3|3|1|1,8,2,145176,silent,145174
9,13|5|5|5|3|2|2|1,8,2,203667,silent,203665
9,13|5|5|5|2|2|2|2,8,0,-1,a0,
9,13|5|5|4|4|3|1|1,8,7,186921,silent,186914
9,13|5|5|4|4|2|2|1,8,5,216202,silent,216197
9,13|5|5|4|3|3|2|1,8,2,293459,silent,293457
9,13|5|5|4|3|2|2|2,8,1,174756,silent,174755
9,13|5|5|3|3|3|3|1,8,0,-1,a0,
9,13|5|5|3|3|3|2|2,8,0,-1,a0,
9,13|5|4|4|4|4|1|1,8,3,43092,silent,43089
9,13|5|4|4|4|3|2|1,8,5,160135,silent,160130
9,13|5|4|4|4|2|2|2,8,3,77096,silent,77093
9,13|5|4|4|3|3|3|1,8,0,-1,a0,
9,13|5|4|4|3|3|2|2,8,0,-1,a0,
9,13|5|4|3|3|3|3|2,8,0,-1,a0,
9,13|5|3|3|3|3|3|3,8,0,-1,a0,
9,13|4|4|4|4|4|2|1,8,2,17532,silent,17530
9,13|4|4|4|4|3|3|1,8,0,-1,a0,
9,13|4|4|4|4|3|2|2,8,1,27067,silent,27066
9,13|4|4|4|3|3|3|2,8,0,-1,a0,
9,13|4|4|3|3|3|3|3,8,0,-1,a0,
9,12|12|7|1|1|1|1|1,8,0,-1,a0,
9,12|12|6|2|1|1|1|1,8,3,17738,silent,17735
9,12|12|5|3|1|1|1|1,8,4,30322,silent,30318
9,12|12|5|2|2|1|1|1,8,6,30758,silent,30752
9,12|12|4|4|1|1|1|1,8,3,16753,silent,16750
9,12|12|4|3|2|1|1|1,8,7,47283,silent,47276
9,12|12|4|2|2|2|1|1,8,4,24624,silent,24620
9,12|12|3|3|3|1|1|1,8,1,13759,silent,13758
9,12|12|3|3|2|2|1|1,8,5,21875,silent,21870
9,12|12|3|2|2|2|2|1,8,2,8859,silent,8857
9,12|12|2|2|2|2|2|2,8,2,1063,silent,1061
9,12|11|8|1|1|1|1|1,8,1,6524,silent,6523
9,12|11|7|2|1|1|1|1,8,6,38663,silent,38657
9,12|11|6|3|1|1|1|1,8,13,89527,silent,89514
9,12|11|6|2|2|1|1|1,8,15,87782,silent,87767
9,12|11|5|4|1|1|1|1,8,12,88842,silent,88830
9,12|11|5|3|2|1|1|1,8,29,199682,silent,199653
9,12|11|5|2|2|2|1|1,8,18,96645,silent,96627
9,12|11|4|4|2|1|1|1,8,12,118104,silent,118092
9,12|11|4|3|3|1|1|1,8,10,112201,silent,112191
9,12|11|4|3|2|2|1|1,8,19,163803,silent,163784
9,12|11|4|2|2|2|2|1,8,10,51972,silent,51962
9,12|11|3|3|3|2|1|1,8,3,61687,silent,61684
9,12|11|3|3|2|2|2|1,8,3,47027,silent,47024
9,12|11|3|2|2|2|2|2,8,2,10961,silent,10959
9,12|10|9|1|1|1|1|1,8,1,5209,silent,5208
9,12|10|8|2|1|1|1|1,8,9,43342,silent,43333
9,12|10|7|3|1|1|1|1,8,19,133805,silent,133786
9,12|10|7|2|2|1|1|1,8,22,129133,silent,129111
9,12|10|6|4|1|1|1|1,8,27,195713,silent,195686
9,12|10|6|3|2|1|1|1,8,50,403269,silent,403219
9,12|10|6|2|2|2|1|1,8,25,187065,silent,187040
9,12|10|5|5|1|1|1|1,8,13,98942,silent,98929
9,12|10|5|4|2|1|1|1,8,50,445471,silent,445421
9,12|10|5|3|3|1|1|1,8,29,339536,silent,339507
9,12|10|5|3|2|2|1|1,8,48,480365,silent,480317
9,12|10|5|2|2|2|2|1,8,18,139008,silent,138990
9,12|10|4|4|3|1|1|1,8,19,253713,silent,253694
9,12|10|4|4|2|2|1|1,8,22,296494,silent,296472
9,12|10|4|3|3|2|1|1,8,18,355525,silent,355507
9,12|10|4|3|2|2|2|1,8,17,249300,silent,249283
9,12|10|4|2|2|2|2|2,8,7,45334,silent,45327
9,12|10|3|3|3|3|1|1,8,0,-1,a0,
9,12|10|3|3|3|2|2|1,8,1,103616,silent,103615
9,12|10|3|3|2|2|2|2,8,0,-1,a0,
9,12|9|9|2|1|1|1|1,8,2,18954,silent,18952
9,12|9|8|3|1|1|1|1,8,16,104425,silent,104409
9,12|9|8|2|2|1|1|1,8,16,99939,silent,99923
9,12|9|7|4|1|1|1|1,8,26,227420,silent,227394
9,12|9|7|3|2|1|1|1,8,54,453864,silent,453810
9,12|9|7|2|2|2|1|1,8,30,207613,silent,207583
9,12|9|6|5|1|1|1|1,8,25,218666,silent,218641
9,12|9|6|4|2|1|1|1,8,73,766562,silent,766489
9,12|9|6|3|3|1|1|1,8,42,544403,silent,544361
9,12|9|6|3|2|2|1|1,8,64,756896,silent,756832
9,12|9|6|2|2|2|2|1,8,22,210375,silent,210353
9,12|9|5|5|2|1|1|1,8,45,413156,silent,413111
9,12|9|5|4|3|1|1|1,8,56,789354,silent,789298
9,12|9|5|4|2|2|1|1,8,70,897563,silent,897493
9,12|9|5|3|3|2|1|1,8,37,861554,silent,861517
9,12|9|5|3|2|2|2|1,8,29,582079,silent,582050
9,12|9|5|2|2|2|2|2,8,6,95001,silent,94995
9,12|9|4|4|4|1|1|1,8,11,195917,silent,195906
9,12|9|4|4|3|2|1|1,8,31,676073,silent,676042
9,12|9|4|4|2|2|2|1,8,23,373711,silent,373688
9,12|9|4|3|3|3|1|1,8,4,310857,silent,310853
9,12|9|4|3|3|2|2|1,8,8,484876,silent,484868
9,12|9|4|3|2|2|2|2,8,5,178118,silent,178113
9,12|9|3|3|3|3|2|1,8,0,-1,a0,
9,12|9|3|3|3|2|2|2,8,0,-1,a0,
9,12|8|8|4|1|1|1|1,8,16,104430,silent,104414
9,12|8|8|3|2|1|1|1,8,22,204037,silent,204015
9,12|8|8|2|2|2|1|1,8,8,91790,silent,91782
9,12|8|7|5|1|1|1|1,8,21,198726,silent,198705
9,12|8|7|4|2|1|1|1,8,60,644580,silent,644520
9,12|8|7|3|3|1|1|1,8,29,444889,silent,444860
9,12|8|7|3|2|2|1|1,8,49,614089,silent,614040
9,12|8|7|2|2|2|2|1,8,16,167393,silent,167377
9,12|8|6|6|1|1|1|1,8,11,109473,silent,109462
9,12|8|6|5|2|1|1|1,8,58,707876,silent,707818
9,12|8|6|4|3|1|1|1,8,69,1074782,silent,1074713
9,12|8|6|4|2|2|1|1,8,73,1200572,silent,1200499
9,12|8|6|3|3|2|1|1,8,46,1078748,silent,1078702
9,12|8|6|3|2|2|2|1,8,35,714973,silent,714938
9,12|8|6|2|2|2|2|2,8,10,113138,silent,113128
9,12|8|5|5|3|1|1|1,8,44,647941,silent,647897
9,12|8|5|5|2|2|1|1,8,46,686997,silent,686951
9,12|8|5|4|4|1|1|1,8,33,537904,silent,537871
9,12|8|5|4|3|2|1|1,8,71,1709740,silent,1709669
9,12|8|5|4|2|2|2|1,8,39,909874,silent,909835
9,12|8|5|3|3|3|1|1,8,8,620275,silent,620267
9,12|8|5|3|3|2|2|1,8,15,953143,silent,953128
9,12|8|5|3|2|2|2|2,8,6,335549,silent,335543
9,12|8|4|4|4|2|1|1,8,20,476263,silent,476243
9,12|8|4|4|3|3|1|1,8,13,538241,silent,538228
9,12|8|4|4|3|2|2|1,8,20,780327,silent,780307
9,12|8|4|4|2|2|2|2,8,11,225087,silent,225076
9,12|8|4|3|3|3|2|1,8,1,465602,silent,465601
9,12|8|4|3|3|2|2|2,8,0,-1,a0,
9,12|8|3|3|3|3|3|1,8,0,-1,a0,
9,12|8|3|3|3|3|2|2,8,0,-1,a0,
9,12|7|7|6|1|1|1|1,8,5,69793,silent,69788
9,12|7|7|5|2|1|1|1,8,31,367904,silent,367873
9,12|7|7|4|3|1|1|1,8,31,522876,silent,522845
9,12|7|7|4|2|2|1|1,8,42,582977,silent,582935
9,12|7|7|3|3|2|1|1,8,16,508702,silent,508686
9,12|7|7|3|2|2|2|1,8,14,335000,silent,334986
9,12|7|7|2|2|2|2|2,8,0,-1,a0,
9,12|7|6|6|2|1|1|1,8,14,256762,silent,256748
9,12|7|6|5|3|1|1|1,8,44,804724,silent,804680
9,12|7|6|5|2|2|1|1,8,46,839416,silent,839370
9,12|7|6|4|4|1|1|1,8,28,544997,silent,544969
9,12|7|6|4|3|2|1|1,8,64,1676707,silent,1676643
9,12|7|6|4|2|2|2|1,8,36,877496,silent,877460
9,12|7|6|3|3|3|1|1,8,8,565563,silent,565555
9,12|7|6|3|3|2|2|1,8,14,861736,silent,861722
9,12|7|6|3|2|2|2|2,8,6,298377,silent,298371
9,12|7|5|5|4|1|1|1,8,28,444461,silent,444433
9,12|7|5|5|3|2|1|1,8,40,1115852,silent,1115812
9,12|7|5|5|2|2|2|1,8,14,547406,silent,547392
9,12|7|5|4|4|2|1|1,8,44,1022693,silent,1022649
9,12|7|5|4|3|3|1|1,8,19,1073588,silent,1073569
9,12|7|5|4|3|2|2|1,8,31,1536417,silent,1536386
9,12|7|5|4|2|2|2|2,8,6,422319,silent,422313
9,12|7|5|3|3|3|2|1,8,2,727937,silent,727935
9,12|7|5|3|3|2|2|2,8,2,466395,silent,466393
9,12|7|4|4|4|3|1|1,8,13,401540,silent,401527
9,12|7|4|4|4|2|2|1,8,18,470057,silent,470039
9,12|7|4|4|3|3|2|1,8,5,667609,silent,667604
9,12|7|4|4|3|2|2|2,8,5,402011,silent,402006
9,12|7|4|3|3|3|3|1,8,0,-1,a0,
9,12|7|4|3|3|3|2|2,8,0,-1,a0,
9,12|7|3|3|3|3|3|2,8,0,-1,a0,
9,12|6|6|6|3|1|1|1,8,6,168482,silent,168476
9,12|6|6|6|2|2|1|1,8,5,169572,silent,169567
9,12|6|6|5|4|1|1|1,8,12,313500,silent,313488
9,12|6|6|5|3|2|1|1,8,27,766404,silent,766377
9,12|6|6|5|2|2|2|1,8,13,370977,silent,370964
9,12|6|6|4|4|2|1|1,8,16,580840,silent,580824
9,12|6|6|4|3|3|1|1,8,14,598635,silent,598621
9,12|6|6|4|3|2|2|1,8,19,849260,silent,849241
9,12|6|6|4|2|2|2|2,8,9,232153,silent,232144
9,12|6|6|3|3|3|2|1,8,1,377204,silent,377203
9,12|6|6|3|3|2|2|2,8,0,-1,a0,
9,12|6|5|5|5|1|1|1,8,7,104078,silent,104071
9,12|6|5|5|4|2|1|1,8,22,606446,silent,606424
9,12|6|5|5|3|3|1|1,8,9,514871,silent,514862
9,12|6|5|5|3|2|2|1,8,9,715936,silent,715927
9,12|6|5|5|2|2|2|2,8,0,-1,a0,
9,12|6|5|4|4|3|1|1,8,17,613113,silent,613096
9,12|6|5|4|4|2|2|1,8,18,706999,silent,706981
9,12|6|5|4|3|3|2|1,8,7,942333,silent,942326
9,12|6|5|4|3|2|2|2,8,4,557505,silent,557501
9,12|6|5|3|3|3|3|1,8,0,-1,a0,
9,12|6|5|3|3|3|2|2,8,0,-1,a0,
9,12|6|4|4|4|4|1|1,8,4,109700,silent,109696
9,12|6|4|4|4|3|2|1,8,10,403909,silent,403899
9,12|6|4|4|4|2|2|2,8,8,193496,silent,193488
9,12|6|4|4|3|3|3|1,8,0,-1,a0,
9,12|6|4|4|3|3|2|2,8,0,-1,a0,
9,12|6|4|3|3|3|3|2,8,0,-1,a0,
9,12|6|3|3|3|3|3|3,8,0,-1,a0,
9,12|5|5|5|5|2|1|1,8,1,79624,silent,79623
9,12|5|5|5|4|3|1|1,8,5,202538,silent,202533
9,12|5|5|5|4|2|2|1,8,1,226923,silent,226922
9,12|5|5|5|3|3|2|1,8,1,247303,silent,247302
9,12|5|5|5|3|2|2|2,8,0,-1,a0,
9,12|5|5|4|4|4|1|1,8,6,93335,silent,93329
9,12|5|5|4|4|3|2|1,8,5,329825,silent,329820
9,12|5|5|4|4|2|2|2,8,0,-1,a0,
9,12|5|5|4|3|3|3|1,8,0,-1,a0,
9,12|5|5|4|3|3|2|2,8,1,228265,silent,228264
9,12|5|5|3|3|3|3|2,8,0,-1,a0,
9,12|5|4|4|4|4|2|1,8,6,85366,silent,85360
9,12|5|4|4|4|3|3|1,8,1,104694,silent,104693
9,12|5|4|4|4|3|2|2,8,2,128506,silent,128504
9,12|5|4|4|3|3|3|2,8,0,-1,a0,
9,12|5|4|3|3|3|3|3,8,0,-1,a0,
9,12|4|4|4|4|4|3|1,8,1,14979,silent,14978
9,12|4|4|4|4|4|2|2,8,3,15561,silent,15558
9,12|4|4|4|4|3|3|2,8,0,-1,a0,
9,12|4|4|4|3|3|3|3,8,0,-1,a0,
9,11|11|9|1|1|1|1|1,8,0,-1,a0,
9,11|11|8|2|1|1|1|1,8,3,17721,silent,17718
9,11|11|7|3|1|1|1|1,8,9,53425,silent,53416
9,11|11|7|2|2|1|1|1,8,9,51743,silent,51734
9,11|11|6|4|1|1|1|1,8,8,76620,silent,76612
9,11|11|6|3|2|1|1|1,8,20,158472,silent,158452
9,11|11|6|2|2|2|1|1,8,13,73938,silent,73925
9,11|11|5|5|1|1|1|1,8,7,38859,silent,38852
9,11|11|5|4|2|1|1|1,8,20,173654,silent,173634
9,11|11|5|3|3|1|1|1,8,12,132013,silent,132001
9,11|11|5|3|2|2|1|1,8,17,186700,silent,186683
9,11|11|5|2|2|2|2|1,8,6,53903,silent,53897
9,11|11|4|4|3|1|1|1,8,5,98105,silent,98100
9,11|11|4|4|2|2|1|1,8,13,115478,silent,115465
9,11|11|4|3|3|2|1|1,8,6,137151,silent,137145
9,11|11|4|3|2|2|2|1,8,6,96294,silent,96288
9,11|11|4|2|2|2|2|2,8,0,-1,a0,
9,11|11|3|3|3|3|1|1,8,1,24808,silent,24807
9,11|11|3|3|3|2|2|1,8,0,-1,a0,
9,11|11|3|3|2|2|2|2,8,1,16025,silent,16024
9,11|10|10|1|1|1|1|1,8,1,1393,silent,1392
9,11|10|9|2|1|1|1|1,8,4,18349,silent,18345
9,11|10|8|3|1|1|1|1,8,14,78774,silent,78760
9,11|10|8|2|2|1|1|1,8,11,75027,silent,75016
9,11|10|7|4|1|1|1|1,8,21,157922,silent,157901
9,11|10|7|3|2|1|1|1,8,37,313517,silent,313480
9,11|10|7|2|2|2|1|1,8,19,142791,silent,142772
9,11|10|6|5|1|1|1|1,8,19,146737,silent,146718
9,11|10|6|4|2|1|1|1,8,49,510424,silent,510375
9,11|10|6|3|3|1|1|1,8,29,361562,silent,361533
9,11|10|6|3|2|2|1|1,8,41,501719,silent,501678
9,11|10|6|2|2|2|2|1,8,14,139128,silent,139114
9,11|10|5|5|2|1|1|1,8,29,271139,silent,271110
9,11|10|5|4|3|1|1|1,8,38,514960,silent,514922
9,11|10|5|4|2|2|1|1,8,43,584520,silent,584477
9,11|10|5|3|3|2|1|1,8,24,559762,silent,559738
9,11|10|5|3|2|2|2|1,8,19,377491,silent,377472
9,11|10|5|2|2|2|2|2,8,4,61566,silent,61562
9,11|10|4|4|4|1|1|1,8,7,126453,silent,126446
9,11|10|4|4|3|2|1|1,8,20,435543,silent,435523
9,11|10|4|4|2|2|2|1,8,14,240406,silent,240392
9,11|10|4|3|3|3|1|1,8,3,199636,silent,199633
9,11|10|4|3|3|2|2|1,8,5,310995,silent,310990
9,11|10|4|3|2|2|2|2,8,3,114095,silent,114092
9,11|10|3|3|3|3|2|1,8,0,-1,a0,
9,11|10|3|3|3|2|2|2,8,0,-1,a0,
9,11|9|9|3|1|1|1|1,8,5,37752,silent,37747
9,11|9|9|2|2|1|1|1,8,7,36310,silent,36303
9,11|9|8|4|1|1|1|1,8,17,137991,silent,137974
9,11|9|8|3|2|1|1|1,8,31,269385,silent,269354
9,11|9|8|2|2|2|1|1,8,15,121620,silent,121605
9,11|9|7|5|1|1|1|1,8,24,207271,silent,207247
9,11|9|7|4|2|1|1|1,8,63,664375,silent,664312
9,11|9|7|3|3|1|1|1,8,32,455489,silent,455457
9,11|9|7|3|2|2|1|1,8,47,628049,silent,628002
9,11|9|7|2|2|2|2|1,8,14,170124,silent,170110
9,11|9|6|6|1|1|1|1,8,8,106067,silent,106059
9,11|9|6|5|2|1|1|1,8,56,673747,silent,673691
9,11|9|6|4|3|1|1|1,8,62,1010941,silent,1010879
9,11|9|6|4|2|2|1|1,8,75,1129085,silent,1129010
9,11|9|6|3|3|2|1|1,8,39,1006650,silent,1006611
9,11|9|6|3|2|2|2|1,8,29,665822,silent,665793
9,11|9|6|2|2|2|2|2,8,4,103796,silent,103792
9,11|9|5|5|3|1|1|1,8,41,591346,silent,591305
9,11|9|5|5|2|2|1|1,8,35,624853,silent,624818
9,11|9|5|4|4|1|1|1,8,30,486605,silent,486575
9,11|9|5|4|3|2|1|1,8,63,1539701,silent,1539638
9,11|9|5|4|2|2|2|1,8,32,817032,silent,817000
9,11|9|5|3|3|3|1|1,8,8,554891,silent,554883
9,11|9|5|3|3|2|2|1,8,13,851713,silent,851700
9,11|9|5|3|2|2|2|2,8,5,298921,silent,298916
9,11|9|4|4|4|2|1|1,8,21,421654,silent,421633
9,11|9|4|4|3|3|1|1,8,8,473180,silent,473172
9,11|9|4|4|3|2|2|1,8,18,686312,silent,686294
9,11|9|4|4|2|2|2|2,8,4,196090,silent,196086
9,11|9|4|3|3|3|2|1,8,1,406944,silent,406943
9,11|9|4|3|3|2|2|2,8,1,264917,silent,264916
9,11|9|3|3|3|3|3|1,8,0,-1,a0,
9,11|9|3|3|3|3|2|2,8,0,-1,a0,
9,11|8|8|5|1|1|1|1,8,13,102085,silent,102072
9,11|8|8|4|2|1|1|1,8,26,315678,silent,315652
9,11|8|8|3|3|1|1|1,8,17,214775,silent,214758
9,11|8|8|3|2|2|1|1,8,19,293448,silent,293429
9,11|8|8|2|2|2|2|1,8,7,79148,silent,79141
9,11|8|7|6|1|1|1|1,8,12,128962,silent,128950
9,11|8|7|5|2|1|1|1,8,51,646998,silent,646947
9,11|8|7|4|3|1|1|1,8,54,901730,silent,901676
9,11|8|7|4|2|2|1|1,8,59,998964,silent,998905
9,11|8|7|3|3|2|1|1,8,31,866223,silent,866192
9,11|8|7|3|2|2|2|1,8,23,567285,silent,567262
9,11|8|7|2|2|2|2|2,8,4,86778,silent,86774
9,11|8|6|6|2|1|1|1,8,21,364121,silent,364100
9,11|8|6|5|3|1|1|1,8,60,1094794,silent,1094734
9,11|8|6|5|2|2|1|1,8,57,1137241,silent,1137184
9,11|8|6|4|4|1|1|1,8,35,728583,silent,728548
9,11|8|6|4|3|2|1|1,8,81,2226605,silent,2226524
9,11|8|6|4|2|2|2|1,8,44,1160230,silent,1160186
9,11|8|6|3|3|3|1|1,8,12,742928,silent,742916
9,11|8|6|3|3|2|2|1,8,17,1128501,silent,1128484
9,11|8|6|3|2|2|2|2,8,8,389116,silent,389108
9,11|8|5|5|4|1|1|1,8,32,553364,silent,553332
9,11|8|5|5|3|2|1|1,8,47,1379822,silent,1379775
9,11|8|5|5|2|2|2|1,8,17,673887,silent,673870
9,11|8|5|4|4|2|1|1,8,48,1242759,silent,1242711
9,11|8|5|4|3|3|1|1,8,25,1298727,silent,1298702
9,11|8|5|4|3|2|2|1,8,35,1853673,silent,1853638
9,11|8|5|4|2|2|2|2,8,9,507808,silent,507799
9,11|8|5|3|3|3|2|1,8,2,868470,silent,868468
9,11|8|5|3|3|2|2|2,8,2,554330,silent,554328
9,11|8|4|4|4|3|1|1,8,14,467311,silent,467297
9,11|8|4|4|4|2|2|1,8,19,546076,silent,546057
9,11|8|4|4|3|3|2|1,8,6,771439,silent,771433
9,11|8|4|4|3|2|2|2,8,5,463287,silent,463282
9,11|8|4|3|3|3|3|1,8,0,-1,a0,
9,11|8|4|3|3|3|2|2,8,0,-1,a0,
9,11|8|3|3|3|3|3|2,8,0,-1,a0,
9,11|7|7|7|1|1|1|1,8,3,24449,silent,24446
9,11|7|7|6|2|1|1|1,8,17,241529,silent,241512
9,11|7|7|5|3|1|1|1,8,30,586651,silent,586621
9,11|7|7|5|2|2|1|1,8,31,607175,silent,607144
9,11|7|7|4|4|1|1|1,8,23,370119,silent,370096
9,11|7|7|4|3|2|1|1,8,38,1112813,silent,1112775
9,11|7|7|4|2|2|2|1,8,17,574747,silent,574730
9,11|7|7|3|3|3|1|1,8,3,359872,silent,359869
9,11|7|7|3|3|2|2|1,8,8,546696,silent,546688
9,11|7|7|3|2|2|2|2,8,2,185853,silent,185851
9,11|7|6|6|3|1|1|1,8,16,428814,silent,428798
9,11|7|6|6|2|2|1|1,8,19,432159,silent,432140
9,11|7|6|5|4|1|1|1,8,31,735062,silent,735031
9,11|7|6|5|3|2|1|1,8,54,1774299,silent,1774245
9,11|7|6|5|2|2|2|1,8,24,852591,silent,852567
9,11|7|6|4|4|2|1|1,8,46,1304856,silent,1304810
9,11|7|6|4|3|3|1|1,8,23,1326171,silent,1326148
9,11|7|6|4|3|2|2|1,8,35,1878157,silent,1878122
9,11|7|6|4|2|2|2|2,8,8,505279,silent,505271
9,11|7|6|3|3|3|2|1,8,3,817462,silent,817459
9,11|7|6|3|3|2|2|2,8,2,517223,silent,517221
9,11|7|5|5|5|1|1|1,8,8,191774,silent,191766
9,11|7|5|5|4|2|1|1,8,33,1092114,silent,1092081
9,11|7|5|5|3|3|1|1,8,16,919651,silent,919635
9,11|7|5|5|3|2|2|1,8,16,1273514,silent,1273498
9,11|7|5|5|2|2|2|2,8,2,318857,silent,318855
9,11|7|5|4|4|3|1|1,8,29,1059437,silent,1059408
9,11|7|5|4|4|2|2|1,8,26,1216717,silent,1216691
9,11|7|5|4|3|3|2|1,8,11,1607064,silent,1607053
9,11|7|5|4|3|2|2|2,8,6,946323,silent,946317
9,11|7|5|3|3|3|3|1,8,0,-1,a0,
9,11|7|5|3|3|3|2|2,8,0,-1,a0,
9,11|7|4|4|4|4|1|1,8,10,174269,silent,174259
9,11|7|4|4|4|3|2|1,8,13,633543,silent,633530
9,11|7|4|4|4|2|2|2,8,6,300217,silent,300211
9,11|7|4|4|3|3|3|1,8,0,-1,a0,
9,11|7|4|4|3|3|2|2,8,1,462106,silent,462105
9,11|7|4|3|3|3|3|2,8,0,-1,a0,
9,11|7|3|3|3|3|3|3,8,0,-1,a0,
9,11|6|6|6|4|1|1|1,8,2,170184,silent,170182
9,11|6|6|6|3|2|1|1,8,10,382485,silent,382475
9,11|6|6|6|2|2|2|1,8,7,178283,silent,178276
9,11|6|6|5|5|1|1|1,8,6,148462,silent,148456
9,11|6|6|5|4|2|1|1,8,19,786184,silent,786165
9,11|6|6|5|3|3|1|1,8,12,648399,silent,648387
9,11|6|6|5|3|2|2|1,8,15,890318,silent,890303
9,11|6|6|5|2|2|2|2,8,4,221029,silent,221025
9,11|6|6|4|4|3|1|1,8,12,617556,silent,617544
9,11|6|6|4|4|2|2|1,8,18,706455,silent,706437
9,11|6|6|4|3|3|2|1,8,7,910156,silent,910149
9,11|6|6|4|3|2|2|2,8,5,532470,silent,532465
9,11|6|6|3|3|3|3|1,8,0,-1,a0,
9,11|6|6|3|3|3|2|2,8,0,-1,a0,
9,11|6|5|5|5|2|1|1,8,6,275242,silent,275236
9,11|6|5|5|4|3|1|1,8,13,670813,silent,670800
9,11|6|5|5|4|2|2|1,8,8,747598,silent,747590
9,11|6|5|5|3|3|2|1,8,5,800592,silent,800587
9,11|6|5|5|3|2|2|2,8,1,454748,silent,454747
9,11|6|5|4|4|4|1|1,8,9,282480,silent,282471
9,11|6|5|4|4|3|2|1,8,15,992498,silent,992483
9,11|6|5|4|4|2|2|2,8,5,461758,silent,461753
9,11|6|5|4|3|3|3|1,8,1,514153,silent,514152
9,11|6|5|4|3|3|2|2,8,1,668640,silent,668639
9,11|6|5|3|3|3|3|2,8,0,-1,a0,
9,11|6|4|4|4|4|2|1,8,10,199657,silent,199647
9,11|6|4|4|4|3|3|1,8,2,242531,silent,242529
9,11|6|4|4|4|3|2|2,8,4,296924,silent,296920
9,11|6|4|4|3|3|3|2,8,0,-1,a0,
9,11|6|4|3|3|3|3|3,8,0,-1,a0,
9,11|5|5|5|5|3|1|1,8,1,98292,silent,98291
9,11|5|5|5|5|2|2|1,8,0,-1,a0,
9,11|5|5|5|4|4|1|1,8,3,103443,silent,103440
9,11|5|5|5|4|3|2|1,8,2,336569,silent,336567
9,11|5|5|5|4|2|2|2,8,0,-1,a0,
9,11|5|5|5|3|3|3|1,8,0,-1,a0,
9,11|5|5|5|3|3|2|2,8,0,-1,a0,
9,11|5|5|4|4|4|2|1,8,4,170088,silent,170084
9,11|5|5|4|4|3|3|1,8,2,202690,silent,202688
9,11|5|5|4|4|3|2|2,8,1,245249,silent,245248
9,11|5|5|4|3|3|3|2,8,0,-1,a0,
9,11|5|5|3|3|3|3|3,8,0,-1,a0,
9,11|5|4|4|4|4|3|1,8,4,68502,silent,68498
9,11|5|4|4|4|4|2|2,8,3,67913,silent,67910
9,11|5|4|4|4|3|3|2,8,0,-1,a0,
9,11|5|4|4|3|3|3|3,8,0,-1,a0,
9,11|4|4|4|4|4|4|1,8,2,5160,silent,5158
9,11|4|4|4|4|4|3|2,8,1,16218,silent,16217
9,11|4|4|4|4|3|3|3,8,0,-1,a0,
9,10|10|10|2|1|1|1|1,8,1,2930,silent,2929
9,10|10|9|3|1|1|1|1,8,4,21800,silent,21796
9,10|10|9|2|2|1|1|1,8,3,20596,silent,20593
9,10|10|8|4|1|1|1|1,8,11,63948,silent,63937
9,10|10|8|3|2|1|1|1,8,14,123582,silent,123568
9,10|10|8|2|2|2|1|1,8,4,55172,silent,55168
9,10|10|7|5|1|1|1|1,8,9,89122,silent,89113
9,10|10|7|4|2|1|1|1,8,27,283653,silent,283626
9,10|10|7|3|3|1|1|1,8,14,194401,silent,194387
9,10|10|7|3|2|2|1|1,8,20,267154,silent,267134
9,10|10|7|2|2|2|2|1,8,6,72348,silent,72342
9,10|10|6|6|1|1|1|1,8,6,44859,silent,44853
9,10|10|6|5|2|1|1|1,8,23,279741,silent,279718
9,10|10|6|4|3|1|1|1,8,29,418107,silent,418078
9,10|10|6|4|2|2|1|1,8,24,464897,silent,464873
9,10|10|6|3|3|2|1|1,8,18,415120,silent,415102
9,10|10|6|3|2|2|2|1,8,12,273866,silent,273854
9,10|10|6|2|2|2|2|2,8,5,43262,silent,43257
9,10|10|5|5|3|1|1|1,8,15,241301,silent,241286
9,10|10|5|5|2|2|1|1,8,18,255288,silent,255270
9,10|10|5|4|4|1|1|1,8,12,197710,silent,197698
9,10|10|5|4|3|2|1|1,8,25,624860,silent,624835
9,10|10|5|4|2|2|2|1,8,13,331275,silent,331262
9,10|10|5|3|3|3|1|1,8,3,224607,silent,224604
9,10|10|5|3|3|2|2|1,8,5,344362,silent,344357
9,10|10|5|3|2|2|2|2,8,2,120681,silent,120679
9,10|10|4|4|4|2|1|1,8,5,169072,silent,169067
9,10|10|4|4|3|3|1|1,8,6,190787,silent,190781
9,10|10|4|4|3|2|2|1,8,6,275635,silent,275629
9,10|10|4|4|2|2|2|2,8,5,79510,silent,79505
9,10|10|4|3|3|3|2|1,8,0,-1,a0,
9,10|10|4|3|3|2|2|2,8,0,-1,a0,
9,10|10|3|3|3|3|3|1,8,0,-1,a0,
9,10|10|3|3|3|3|2|2,8,0,-1,a0,
9,10|9|9|4|1|1|1|1,8,3,38616,silent,38613
9,10|9|9|3|2|1|1|1,8,9,74964,silent,74955
9,10|9|9|2|2|2|1|1,8,5,33844,silent,33839
9,10|9|8|5|1|1|1|1,8,12,104262,silent,104250
9,10|9|8|4|2|1|1|1,8,28,319888,silent,319860
9,10|9|8|3|3|1|1|1,8,15,215921,silent,215906
9,10|9|8|3|2|2|1|1,8,20,295473,silent,295453
9,10|9|8|2|2|2|2|1,8,6,79088,silent,79082
9,10|9|7|6|1|1|1|1,8,10,105628,silent,105618
9,10|9|7|5|2|1|1|1,8,41,519713,silent,519672
9,10|9|7|4|3|1|1|1,8,42,716880,silent,716838
9,10|9|7|4|2|2|1|1,8,48,793283,silent,793235
9,10|9|7|3|3|2|1|1,8,23,683793,silent,683770
9,10|9|7|3|2|2|2|1,8,16,446846,silent,446830
9,10|9|7|2|2|2|2|2,8,2,67710,silent,67708
9,10|9|6|6|2|1|1|1,8,17,274228,silent,274211
9,10|9|6|5|3|1|1|1,8,43,808084,silent,808041
9,10|9|6|5|2|2|1|1,8,41,838264,silent,838223
9,10|9|6|4|4|1|1|1,8,27,533825,silent,533798
9,10|9|6|4|3|2|1|1,8,58,1624463,silent,1624405
9,10|9|6|4|2|2|2|1,8,29,844237,silent,844208
9,10|9|6|3|3|3|1|1,8,8,538420,silent,538412
9,10|9|6|3|3|2|2|1,8,12,817554,silent,817542
9,10|9|6|3|2|2|2|2,8,5,280810,silent,280805
9,10|9|5|5|4|1|1|1,8,21,393814,silent,393793
9,10|9|5|5|3|2|1|1,8,32,978347,silent,978315
9,10|9|5|5|2|2|2|1,8,12,476797,silent,476785
9,10|9|5|4|4|2|1|1,8,35,874462,silent,874427
9,10|9|5|4|3|3|1|1,8,17,910706,silent,910689
9,10|9|5|4|3|2|2|1,8,23,1298581,silent,1298558
9,10|9|5|4|2|2|2|2,8,5,354485,silent,354480
9,10|9|5|3|3|3|2|1,8,2,604929,silent,604927
9,10|9|5|3|3|2|2|2,8,1,385795,silent,385794
9,10|9|4|4|4|3|1|1,8,10,322229,silent,322219
9,10|9|4|4|4|2|2|1,8,12,375843,silent,375831
9,10|9|4|4|3|3|2|1,8,4,529676,silent,529672
9,10|9|4|4|3|2|2|2,8,3,317474,silent,317471
9,10|9|4|3|3|3|3|1,8,0,-1,a0,
9,10|9|4|3|3|3|2|2,8,0,-1,a0,
9,10|9|3|3|3|3|3|2,8,0,-1,a0,
9,10|8|8|6|1|1|1|1,8,8,60924,silent,60916
9,10|8|8|5|2|1|1|1,8,20,276707,silent,276687
9,10|8|8|4|3|1|1|1,8,23,371722,silent,371699
9,10|8|8|4|2|2|1|1,8,17,407744,silent,407727
9,10|8|8|3|3|2|1|1,8,14,349307,silent,349293
9,10|8|8|3|2|2|2|1,8,9,226808,silent,226799
9,10|8|8|2|2|2|2|2,8,4,34873,silent,34869
9,10|8|7|7|1|1|1|1,8,2,40946,silent,40944
9,10|8|7|6|2|1|1|1,8,24,368649,silent,368625
9,10|8|7|5|3|1|1|1,8,41,861720,silent,861679
9,10|8|7|5|2|2|1|1,8,42,887336,silent,887294
9,10|8|7|4|4|1|1|1,8,28,533815,silent,533787
9,10|8|7|4|3|2|1|1,8,52,1596546,silent,1596494
9,10|8|7|4|2|2|2|1,8,25,821635,silent,821610
9,10|8|7|3|3|3|1|1,8,6,511794,silent,511788
9,10|8|7|3|3|2|2|1,8,11,773715,silent,773704
9,10|8|7|3|2|2|2|2,8,4,262738,silent,262734
9,10|8|6|6|3|1|1|1,8,22,510000,silent,509978
9,10|8|6|6|2|2|1|1,8,16,510899,silent,510883
9,10|8|6|5|4|1|1|1,8,34,842270,silent,842236
9,10|8|6|5|3|2|1|1,8,60,2019998,silent,2019938
9,10|8|6|5|2|2|2|1,8,26,966549,silent,966523
9,10|8|6|4|4|2|1|1,8,42,1460377,silent,1460335
9,10|8|6|4|3|3|1|1,8,29,1479013,silent,1478984
9,10|8|6|4|3|2|2|1,8,36,2088534,silent,2088498
9,10|8|6|4|2|2|2|2,8,13,560941,silent,560928
9,10|8|6|3|3|3|2|1,8,3,899254,silent,899251
9,10|8|6|3|3|2|2|2,8,1,566567,silent,566566
9,10|8|5|5|5|1|1|1,8,8,203166,silent,203158
9,10|8|5|5|4|2|1|1,8,34,1142256,silent,1142222
9,10|8|5|5|3|3|1|1,8,13,956388,silent,956375
9,10|8|5|5|3|2|2|1,8,17,1321803,silent,1321786
9,10|8|5|5|2|2|2|2,8,1,329200,silent,329199
9,10|8|5|4|4|3|1|1,8,27,1084162,silent,1084135
9,10|8|5|4|4|2|2|1,8,26,1243283,silent,1243257
9,10|8|5|4|3|3|2|1,8,11,1633324,silent,1633313
9,10|8|5|4|3|2|2|2,8,6,959542,silent,959536
9,10|8|5|3|3|3|3|1,8,0,-1,a0,
9,10|8|5|3|3|3|2|2,8,0,-1,a0,
9,10|8|4|4|4|4|1|1,8,5,170860,silent,170855
9,10|8|4|4|4|3|2|1,8,12,620991,silent,620979
9,10|8|4|4|4|2|2|2,8,8,294618,silent,294610
9,10|8|4|4|3|3|3|1,8,1,344285,silent,344284
9,10|8|4|4|3|3|2|2,8,0,-1,a0,
9,10|8|4|3|3|3|3|2,8,0,-1,a0,
9,10|8|3|3|3|3|3|3,8,0,-1,a0,
9,10|7|7|7|2|1|1|1,8,6,74751,silent,74745
9,10|7|7|6|3|1|1|1,8,15,354027,silent,354012
9,10|7|7|6|2|2|1|1,8,16,354683,silent,354667
9,10|7|7|5|4|1|1|1,8,21,478132,silent,478111
9,10|7|7|5|3|2|1|1,8,30,1129708,silent,1129678
9,10|7|7|5|2|2|2|1,8,11,536254,silent,536243
9,10|7|7|4|4|2|1|1,8,29,773932,silent,773903
9,10|7|7|4|3|3|1|1,8,10,770967,silent,770957
9,10|7|7|4|3|2|2|1,8,16,1086912,silent,1086896
9,10|7|7|4|2|2|2|2,8,1,286955,silent,286954
9,10|7|7|3|3|3|2|1,8,1,455087,silent,455086
9,10|7|7|3|3|2|2|2,8,2,286574,silent,286572
9,10|7|6|6|4|1|1|1,8,10,381338,silent,381328
9,10|7|6|6|3|2|1|1,8,21,845908,silent,845887
9,10|7|6|6|2|2|2|1,8,11,390965,silent,390954
9,10|7|6|5|5|1|1|1,8,9,308441,silent,308432
9,10|7|6|5|4|2|1|1,8,39,1601475,silent,1601436
9,10|7|6|5|3|3|1|1,8,20,1306390,silent,1306370
9,10|7|6|5|3|2|2|1,8,25,1789897,silent,1789872
9,10|7|6|5|2|2|2|2,8,5,439482,silent,439477
9,10|7|6|4|4|3|1|1,8,26,1207525,silent,1207499
9,10|7|6|4|4|2|2|1,8,27,1374328,silent,1374301
9,10|7|6|4|3|3|2|1,8,12,1755663,silent,1755651
9,10|7|6|4|3|2|2|2,8,7,1021996,silent,1021989
9,10|7|6|3|3|3|3|1,8,0,-1,a0,
9,10|7|6|3|3|3|2|2,8,0,-1,a0,
9,10|7|5|5|5|2|1|1,8,7,441845,silent,441838
9,10|7|5|5|4|3|1|1,8,19,1056210,silent,1056191
9,10|7|5|5|4|2|2|1,8,13,1173543,silent,1173530
9,10|7|5|5|3|3|2|1,8,7,1244922,silent,1244915
9,10|7|5|5|3|2|2|2,8,2,704747,silent,704745
9,10|7|5|4|4|4|1|1,8,16,428758,silent,428742
9,10|7|5|4|4|3|2|1,8,20,1494735,silent,1494715
9,10|7|5|4|4|2|2|2,8,5,691602,silent,691597
9,10|7|5|4|3|3|3|1,8,1,765642,silent,765641
9,10|7|5|4|3|3|2|2,8,2,994383,silent,994381
9,10|7|5|3|3|3|3|2,8,0,-1,a0,
9,10|7|4|4|4|4|2|1,8,11,275225,silent,275214
9,10|7|4|4|4|3|3|1,8,3,333067,silent,333064
9,10|7|4|4|4|3|2|2,8,4,406246,silent,406242
9,10|7|4|4|3|3|3|2,8,0,-1,a0,
9,10|7|4|3|3|3|3|3,8,0,-1,a0,
9,10|6|6|6|5|1|1|1,8,1,93892,silent,93891
9,10|6|6|6|4|2|1|1,8,5,385935,silent,385930
9,10|6|6|6|3|3|1|1,8,5,297065,silent,297060
9,10|6|6|6|3|2|2|1,8,8,400150,silent,400142
9,10|6|6|6|2|2|2|2,8,5,96254,silent,96249
9,10|6|6|5|5|2|1|1,8,7,351374,silent,351367
9,10|6|6|5|4|3|1|1,8,11,785728,silent,785717
9,10|6|6|5|4|2|2|1,8,13,868057,silent,868044
9,10|6|6|5|3|3|2|1,8,6,898722,silent,898716
9,10|6|6|5|3|2|2|2,8,3,504918,silent,504915
9,10|6|6|4|4|4|1|1,8,3,258951,silent,258948
9,10|6|6|4|4|3|2|1,8,12,895403,silent,895391
9,10|6|6|4|4|2|2|2,8,9,413778,silent,413769
9,10|6|6|4|3|3|3|1,8,1,446458,silent,446457
9,10|6|6|4|3|3|2|2,8,0,-1,a0,
9,10|6|6|3|3|3|3|2,8,0,-1,a0,
9,10|6|5|5|5|3|1|1,8,3,303598,silent,303595
9,10|6|5|5|5|2|2|1,8,1,314802,silent,314801
9,10|6|5|5|4|4|1|1,8,6,307868,silent,307862
9,10|6|5|5|4|3|2|1,8,7,991597,silent,991590
9,10|6|5|5|4|2|2|2,8,0,-1,a0,
9,10|6|5|5|3|3|3|1,8,1,403413,silent,403412
9,10|6|5|5|3|3|2|2,8,1,517156,silent,517155
9,10|6|5|4|4|4|2|1,8,11,461261,silent,461250
9,10|6|5|4|4|3|3|1,8,4,543459,silent,543455
9,10|6|5|4|4|3|2|2,8,4,657313,silent,657309
9,10|6|5|4|3|3|3|2,8,0,-1,a0,
9,10|6|5|3|3|3|3|3,8,0,-1,a0,
9,10|6|4|4|4|4|3|1,8,5,143000,silent,142995
9,10|6|4|4|4|4|2|2,8,7,142057,silent,142050
9,10|6|4|4|4|3|3|2,8,0,-1,a0,
9,10|6|4|4|3|3|3|3,8,0,-1,a0,
9,10|5|5|5|5|4|1|1,8,0,-1,a0,
9,10|5|5|5|5|3|2|1,8,0,-1,a0,
9,10|5|5|5|5|2|2|2,8,0,-1,a0,
9,10|5|5|5|4|4|2|1,8,1,173472,silent,173471
9,10|5|5|5|4|3|3|1,8,1,191989,silent,191988
9,10|5|5|5|4|3|2|2,8,0,-1,a0,
9,10|5|5|5|3|3|3|2,8,0,-1,a0,
9,10|5|5|4|4|4|3|1,8,3,125433,silent,125430
9,10|5|5|4|4|4|2|2,8,0,-1,a0,
9,10|5|5|4|4|3|3|2,8,1,183433,silent,183432
9,10|5|5|4|3|3|3|3,8,0,-1,a0,
9,10|5|4|4|4|4|4|1,8,3,21110,silent,21107
9,10|5|4|4|4|4|3|2,8,2,66073,silent,66071
9,10|5|4|4|4|3|3|3,8,0,-1,a0,
9,10|4|4|4|4|4|4|2,8,3,5865,silent,5862
9,10|4|4|4|4|4|3|3,8,0,-1,a0,
9,9|9|9|5|1|1|1|1,8,2,17513,silent,17511
9,9|9|9|4|2|1|1|1,8,5,53172,silent,53167
9,9|9|9|3|3|1|1|1,8,2,35323,silent,35321
9,9|9|9|3|2|2|1|1,8,4,48643,silent,48639
9,9|9|9|2|2|2|2|1,8,0,-1,a0,
9,9|9|8|6|1|1|1|1,8,2,36774,silent,36772
9,9|9|8|5|2|1|1|1,8,12,166211,silent,166199
9,9|9|8|4|3|1|1|1,8,11,220966,silent,220955
9,9|9|8|4|2|2|1|1,8,15,243632,silent,243617
9,9|9|8|3|3|2|1|1,8,6,206219,silent,206213
9,9|9|8|3|2|2|2|1,8,4,133960,silent,133956
9,9|9|8|2|2|2|2|2,8,0,-1,a0,
9,9|9|7|7|1|1|1|1,8,3,20865,silent,20862
9,9|9|7|6|2|1|1|1,8,12,180727,silent,180715
9,9|9|7|5|3|1|1|1,8,21,415321,silent,415300
9,9|9|7|5|2|2|1|1,8,18,427207,silent,427189
9,9|9|7|4|4|1|1|1,8,13,255984,silent,255971
9,9|9|7|4|3|2|1|1,8,25,762337,silent,762312
9,9|9|7|4|2|2|2|1,8,11,391354,silent,391343
9,9|9|7|3|3|3|1|1,8,3,242827,silent,242824
9,9|9|7|3|3|2|2|1,8,5,367413,silent,367408
9,9|9|7|3|2|2|2|2,8,1,124215,silent,124214
9,9|9|6|6|3|1|1|1,8,8,231927,silent,231919
9,9|9|6|6|2|2|1|1,8,12,233388,silent,233376
9,9|9|6|5|4|1|1|1,8,15,378101,silent,378086
9,9|9|6|5|3|2|1|1,8,25,903668,silent,903643
9,9|9|6|5|2|2|2|1,8,10,431627,silent,431617
9,9|9|6|4|4|2|1|1,8,24,650555,silent,650531
9,9|9|6|4|3|3|1|1,8,9,654808,silent,654799
9,9|9|6|4|3|2|2|1,8,16,925408,silent,925392
9,9|9|6|4|2|2|2|2,8,1,246423,silent,246422
9,9|9|6|3|3|3|2|1,8,1,396517,silent,396516
9,9|9|6|3|3|2|2|2,8,2,250430,silent,250428
9,9|9|5|5|5|1|1|1,8,4,88598,silent,88594
9,9|9|5|5|4|2|1|1,8,11,495092,silent,495081
9,9|9|5|5|3|3|1|1,8,8,414437,silent,414429
9,9|9|5|5|3|2|2|1,8,7,571652,silent,571645
9,9|9|5|5|2|2|2|2,8,2,142678,silent,142676
9,9|9|5|4|4|3|1|1,8,12,466372,silent,466360
9,9|9|5|4|4|2|2|1,8,11,533993,silent,533982
9,9|9|5|4|3|3|2|1,8,5,700143,silent,700138
9,9|9|5|4|3|2|2|2,8,2,410723,silent,410721
9,9|9|5|3|3|3|3|1,8,0,-1,a0,
9,9|9|5|3|3|3|2|2,8,0,-1,a0,
9,9|9|4|4|4|4|1|1,8,5,72946,silent,72941
9,9|9|4|4|4|3|2|1,8,5,262335,silent,262330
9,9|9|4|4|4|2|2|2,8,0,-1,a0,
9,9|9|4|4|3|3|3|1,8,0,-1,a0,
9,9|9|4|4|3|3|2|2,8,1,189821,silent,189820
9,9|9|4|3|3|3|3|2,8,0,-1,a0,
9,9|9|3|3|3|3|3|3,8,0,-1,a0,
9,9|8|8|7|1|1|1|1,8,2,18712,silent,18710
9,9|8|8|6|2|1|1|1,8,7,129769,silent,129762
9,9|8|8|5|3|1|1|1,8,14,279171,silent,279157
9,9|8|8|5|2|2|1|1,8,11,285157,silent,285146
9,9|8|8|4|4|1|1|1,8,6,167260,silent,167254
9,9|8|8|4|3|2|1|1,8,15,495514,silent,495499
9,9|8|8|4|2|2|2|1,8,8,253479,silent,253471
9,9|8|8|3|3|3|1|1,8,3,156244,silent,156241
9,9|8|8|3|3|2|2|1,8,3,234662,silent,234659
9,9|8|8|3|2|2|2|2,8,2,79461,silent,79459
9,9|8|7|7|2|1|1|1,8,6,92837,silent,92831
9,9|8|7|6|3|1|1|1,8,16,405468,silent,405452
9,9|8|7|6|2|2|1|1,8,15,403781,silent,403766
9,9|8|7|5|4|1|1|1,8,21,529129,silent,529108
9,9|8|7|5|3|2|1|1,8,32,1243161,silent,1243129
9,9|8|7|5|2|2|2|1,8,13,587942,silent,587929
9,9|8|7|4|4|2|1|1,8,25,837950,silent,837925
9,9|8|7|4|3|3|1|1,8,13,832949,silent,832936
9,9|8|7|4|3|2|2|1,8,17,1170685,silent,1170668
9,9|8|7|4|2|2|2|2,8,4,309305,silent,309301
9,9|8|7|3|3|3|2|1,8,2,485351,silent,485349
9,9|8|7|3|3|2|2|2,8,1,304167,silent,304166
9,9|8|6|6|4|1|1|1,8,9,344351,silent,344342
9,9|8|6|6|3|2|1|1,8,18,759434,silent,759416
9,9|8|6|6|2|2|2|1,8,9,349791,silent,349782
9,9|8|6|5|5|1|1|1,8,8,270970,silent,270962
9,9|8|6|5|4|2|1|1,8,32,1390457,silent,1390425
9,9|8|6|5|3|3|1|1,8,17,1129227,silent,1129210
9,9|8|6|5|3|2|2|1,8,21,1543859,silent,1543838
9,9|8|6|5|2|2|2|2,8,5,377841,silent,377836
9,9|8|6|4|4|3|1|1,8,20,1028207,silent,1028187
9,9|8|6|4|4|2|2|1,8,22,1168633,silent,1168611
9,9|8|6|4|3|3|2|1,8,10,1485566,silent,1485556
9,9|8|6|4|3|2|2|2,8,6,863010,silent,863004
9,9|8|6|3|3|3|3|1,8,0,-1,a0,
9,9|8|6|3|3|3|2|2,8,0,-1,a0,
9,9|8|5|5|5|2|1|1,8,6,356462,silent,356456
9,9|8|5|5|4|3|1|1,8,14,843140,silent,843126
9,9|8|5|5|4|2|2|1,8,10,935137,silent,935127
9,9|8|5|5|3|3|2|1,8,5,987298,silent,987293
9,9|8|5|5|3|2|2|2,8,2,557563,silent,557561
9,9|8|5|4|4|4|1|1,8,10,335976,silent,335966
9,9|8|5|4|4|3|2|1,8,15,1168450,silent,1168435
9,9|8|5|4|4|2|2|2,8,5,540132,silent,540127
9,9|8|5|4|3|3|3|1,8,1,595202,silent,595201
9,9|8|5|4|3|3|2|2,8,1,771689,silent,771688
9,9|8|5|3|3|3|3|2,8,0,-1,a0,
9,9|8|4|4|4|4|2|1,8,8,207498,silent,207490
9,9|8|4|4|4|3|3|1,8,2,250305,silent,250303
9,9|8|4|4|4|3|2|2,8,3,305177,silent,305174
9,9|8|4|4|3|3|3|2,8,0,-1,a0,
9,9|8|4|3|3|3|3|3,8,0,-1,a0,
9,9|7|7|7|3|1|1|1,8,5,91963,silent,91958
9,9|7|7|7|2|2|1|1,8,3,90599,silent,90596
9,9|7|7|6|4|1|1|1,8,10,264194,silent,264184
9,9|7|7|6|3|2|1|1,8,13,573641,silent,573628
9,9|7|7|6|2|2|2|1,8,4,261757,silent,261753
9,9|7|7|5|5|1|1|1,8,4,171696,silent,171692
9,9|7|7|5|4|2|1|1,8,20,857322,silent,857302
9,9|7|7|5|3|3|1|1,8,9,686775,silent,686766
9,9|7|7|5|3|2|2|1,8,10,936889,silent,936879
9,9|7|7|5|2|2|2|2,8,1,226381,silent,226380
9,9|7|7|4|4|3|1|1,8,14,592330,silent,592316
9,9|7|7|4|4|2|2|1,8,9,669313,silent,669304
9,9|7|7|4|3|3|2|1,8,5,841639,silent,841634
9,9|7|7|4|3|2|2|2,8,2,486278,silent,486276
9,9|7|7|3|3|3|3|1,8,0,-1,a0,
9,9|7|7|3|3|3|2|2,8,0,-1,a0,
9,9|7|6|6|5|1|1|1,8,3,175025,silent,175022
9,9|7|6|6|4|2|1|1,8,14,706670,silent,706656
9,9|7|6|6|3|3|1|1,8,6,535863,silent,535857
9,9|7|6|6|3|2|2|1,8,11,721887,silent,721876
9,9|7|6|6|2|2|2|2,8,2,170076,silent,170074
9,9|7|6|5|5|2|1|1,8,8,597567,silent,597559
9,9|7|6|5|4|3|1|1,8,19,1313493,silent,1313474
9,9|7|6|5|4|2|2|1,8,18,1446237,silent,1446219
9,9|7|6|5|3|3|2|1,8,9,1484423,silent,1484414
9,9|7|6|5|3|2|2|2,8,4,831263,silent,831259
9,9|7|6|4|4|4|1|1,8,12,419501,silent,419489
9,9|7|6|4|4|3|2|1,8,17,1434030,silent,1434013
9,9|7|6|4|4|2|2|2,8,5,656492,silent,656487
9,9|7|6|4|3|3|3|1,8,1,706797,silent,706796
9,9|7|6|4|3|3|2|2,8,2,912584,silent,912582
9,9|7|6|3|3|3|3|2,8,0,-1,a0,
9,9|7|5|5|5|3|1|1,8,3,402467,silent,402464
9,9|7|5|5|5|2|2|1,8,2,416206,silent,416204
9,9|7|5|5|4|4|1|1,8,6,401091,silent,401085
9,9|7|5|5|4|3|2|1,8,9,1285811,silent,1285802
9,9|7|5|5|4|2|2|2,8,2,572369,silent,572367
9,9|7|5|5|3|3|3|1,8,1,517640,silent,517639
9,9|7|5|5|3|3|2|2,8,1,661649,silent,661648
9,9|7|5|4|4|4|2|1,8,12,576644,silent,576632
9,9|7|5|4|4|3|3|1,8,5,676320,silent,676315
9,9|7|5|4|4|3|2|2,8,4,816111,silent,816107
9,9|7|5|4|3|3|3|2,8,0,-1,a0,
9,9|7|5|3|3|3|3|3,8,0,-1,a0,
9,9|7|4|4|4|4|3|1,8,6,163733,silent,163727
9,9|7|4|4|4|4|2|2,8,3,160685,silent,160682
9,9|7|4|4|4|3|3|2,8,1,244722,silent,244721
9,9|7|4|4|3|3|3|3,8,0,-1,a0,
9,9|6|6|6|6|1|1|1,8,0,-1,a0,
9,9|6|6|6|5|2|1|1,8,2,192849,silent,192847
9,9|6|6|6|4|3|1|1,8,3,339560,silent,339557
9,9|6|6|6|4|2|2|1,8,7,369423,silent,369416
9,9|6|6|6|3|3|2|1,8,2,355165,silent,355163
9,9|6|6|6|3|2|2|2,8,3,196109,silent,196106
9,9|6|6|5|5|3|1|1,8,3,335838,silent,335835
9,9|6|6|5|5|2|2|1,8,2,344127,silent,344125
9,9|6|6|5|4|4|1|1,8,3,315009,silent,315006
9,9|6|6|5|4|3|2|1,8,8,997610,silent,997602
9,9|6|6|5|4|2|2|2,8,4,441539,silent,441535
9,9|6|6|5|3|3|3|1,8,1,390918,silent,390917
9,9|6|6|5|3|3|2|2,8,1,496313,silent,496312
9,9|6|6|4|4|4|2|1,8,7,365429,silent,365422
9,9|6|6|4|4|3|3|1,8,2,422754,silent,422752
9,9|6|6|4|4|3|2|2,8,4,509772,silent,509768
9,9|6|6|4|3|3|3|2,8,0,-1,a0,
9,9|6|6|3|3|3|3|3,8,0,-1,a0,
9,9|6|5|5|5|4|1|1,8,1,158453,silent,158452
9,9|6|5|5|5|3|2|1,8,1,401959,silent,401958
9,9|6|5|5|5|2|2|2,8,0,-1,a0,
9,9|6|5|5|4|4|2|1,8,3,441769,silent,441766
9,9|6|5|5|4|3|3|1,8,2,484244,silent,484242
9,9|6|5|5|4|3|2|2,8,1,575803,silent,575802
9,9|6|5|5|3|3|3|2,8,0,-1,a0,
9,9|6|5|4|4|4|3|1,8,5,291018,silent,291013
9,9|6|5|4|4|4|2|2,8,4,283252,silent,283248
9,9|6|5|4|4|3|3|2,8,1,420145,silent,420144
9,9|6|5|4|3|3|3|3,8,0,-1,a0,
9,9|6|4|4|4|4|4|1,8,4,38103,silent,38099
9,9|6|4|4|4|4|3|2,8,3,118458,silent,118455
9,9|6|4|4|4|3|3|3,8,0,-1,a0,
9,9|5|5|5|5|5|1|1,8,0,-1,a0,
9,9|5|5|5|5|4|2|1,8,0,-1,a0,
9,9|5|5|5|5|3|3|1,8,0,-1,a0,
9,9|5|5|5|5|3|2|2,8,0,-1,a0,
9,9|5|5|5|4|4|3|1,8,1,115115,silent,115114
9,9|5|5|5|4|4|2|2,8,0,-1,a0,
9,9|5|5|5|4|3|3|2,8,0,-1,a0,
9,9|5|5|5|3|3|3|3,8,0,-1,a0,
9,9|5|5|4|4|4|4|1,8,1,34406,silent,34405
9,9|5|5|4|4|4|3|2,8,1,105945,silent,105944
9,9|5|5|4|4|3|3|3,8,0,-1,a0,
9,9|5|4|4|4|4|4|2,8,2,20271,silent,20269
9,9|5|4|4|4|4|3|3,8,0,-1,a0,
9,9|4|4|4|4|4|4|3,8,1,2835,silent,2834
9,28|1|1|1|1|1|1|1|1,9,0,-1,a0,
9,27|2|1|1|1|1|1|1|1,9,0,-1,a0,
9,26|3|1|1|1|1|1|1|1,9,0,-1,a0,
9,26|2|2|1|1|1|1|1|1,9,0,-1,a0,
9,25|4|1|1|1|1|1|1|1,9,0,-1,a0,
9,25|3|2|1|1|1|1|1|1,9,0,-1,a0,
9,25|2|2|2|1|1|1|1|1,9,0,-1,a0,
9,24|5|1|1|1|1|1|1|1,9,0,-1,a0,
9,24|4|2|1|1|1|1|1|1,9,0,-1,a0,
9,24|3|3|1|1|1|1|1|1,9,0,-1,a0,
9,24|3|2|2|1|1|1|1|1,9,0,-1,a0,
9,24|2|2|2|2|1|1|1|1,9,0,-1,a0,
9,23|6|1|1|1|1|1|1|1,9,0,-1,a0,
9,23|5|2|1|1|1|1|1|1,9,0,-1,a0,
9,23|4|3|1|1|1|1|1|1,9,0,-1,a0,
9,23|4|2|2|1|1|1|1|1,9,0,-1,a0,
9,23|3|3|2|1|1|1|1|1,9,0,-1,a0,
9,23|3|2|2|2|1|1|1|1,9,0,-1,a0,
9,23|2|2|2|2|2|1|1|1,9,0,-1,a0,
9,22|7|1|1|1|1|1|1|1,9,0,-1,a0,
9,22|6|2|1|1|1|1|1|1,9,0,-1,a0,
9,22|5|3|1|1|1|1|1|1,9,0,-1,a0,
9,22|5|2|2|1|1|1|1|1,9,0,-1,a0,
9,22|4|4|1|1|1|1|1|1,9,0,-1,a0,
9,22|4|3|2|1|1|1|1|1,9,0,-1,a0,
9,22|4|2|2|2|1|1|1|1,9,0,-1,a0,
9,22|3|3|3|1|1|1|1|1,9,0,-1,a0,
9,22|3|3|2|2|1|1|1|1,9,0,-1,a0,
9,22|3|2|2|2|2|1|1|1,9,0,-1,a0,
9,22|2|2|2|2|2|2|1|1,9,0,-1,a0,
9,21|8|1|1|1|1|1|1|1,9,0,-1,a0,
9,21|7|2|1|1|1|1|1|1,9,0,-1,a0,
9,21|6|3|1|1|1|1|1|1,9,0,-1,a0,
9,21|6|2|2|1|1|1|1|1,9,0,-1,a0,
9,21|5|4|1|1|1|1|1|1,9,0,-1,a0,
9,21|5|3|2|1|1|1|1|1,9,0,-1,a0,
9,21|5|2|2|2|1|1|1|1,9,0,-1,a0,
9,21|4|4|2|1|1|1|1|1,9,0,-1,a0,
9,21|4|3|3|1|1|1|1|1,9,0,-1,a0,
9,21|4|3|2|2|1|1|1|1,9,0,-1,a0,
9,21|4|2|2|2|2|1|1|1,9,0,-1,a0,
9,21|3|3|3|2|1|1|1|1,9,0,-1,a0,
9,21|3|3|2|2|2|1|1|1,9,0,-1,a0,
9,21|3|2|2|2|2|2|1|1,9,0,-1,a0,
9,21|2|2|2|2|2|2|2|1,9,0,-1,a0,
9,20|9|1|1|1|1|1|1|1,9,0,-1,a0,
9,20|8|2|1|1|1|1|1|1,9,0,-1,a0,
9,20|7|3|1|1|1|1|1|1,9,0,-1,a0,
9,20|7|2|2|1|1|1|1|1,9,0,-1,a0,
9,20|6|4|1|1|1|1|1|1,9,0,-1,a0,
9,20|6|3|2|1|1|1|1|1,9,0,-1,a0,
9,20|6|2|2|2|1|1|1|1,9,0,-1,a0,
9,20|5|5|1|1|1|1|1|1,9,0,-1,a0,
9,20|5|4|2|1|1|1|1|1,9,0,-1,a0,
9,20|5|3|3|1|1|1|1|1,9,0,-1,a0,
9,20|5|3|2|2|1|1|1|1,9,0,-1,a0,
9,20|5|2|2|2|2|1|1|1,9,0,-1,a0,
9,20|4|4|3|1|1|1|1|1,9,0,-1,a0,
9,20|4|4|2|2|1|1|1|1,9,0,-1,a0,
9,20|4|3|3|2|1|1|1|1,9,0,-1,a0,
9,20|4|3|2|2|2|1|1|1,9,0,-1,a0,
9,20|4|2|2|2|2|2|1|1,9,0,-1,a0,
9,20|3|3|3|3|1|1|1|1,9,0,-1,a0,
9,20|3|3|3|2|2|1|1|1,9,0,-1,a0,
9,20|3|3|2|2|2|2|1|1,9,0,-1,a0,
9,20|3|2|2|2|2|2|2|1,9,0,-1,a0,
9,20|2|2|2|2|2|2|2|2,9,1,21,silent,20
9,19|10|1|1|1|1|1|1|1,9,0,-1,a0,
9,19|9|2|1|1|1|1|1|1,9,0,-1,a0,
9,19|8|3|1|1|1|1|1|1,9,0,-1,a0,
9,19|8|2|2|1|1|1|1|1,9,0,-1,a0,
9,19|7|4|1|1|1|1|1|1,9,0,-1,a0,
9,19|7|3|2|1|1|1|1|1,9,0,-1,a0,
9,19|7|2|2|2|1|1|1|1,9,0,-1,a0,
9,19|6|5|1|1|1|1|1|1,9,0,-1,a0,
9,19|6|4|2|1|1|1|1|1,9,0,-1,a0,
9,19|6|3|3|1|1|1|1|1,9,0,-1,a0,
9,19|6|3|2|2|1|1|1|1,9,0,-1,a0,
9,19|6|2|2|2|2|1|1|1,9,0,-1,a0,
9,19|5|5|2|1|1|1|1|1,9,0,-1,a0,
9,19|5|4|3|1|1|1|1|1,9,0,-1,a0,
9,19|5|4|2|2|1|1|1|1,9,0,-1,a0,
9,19|5|3|3|2|1|1|1|1,9,0,-1,a0,
9,19|5|3|2|2|2|1|1|1,9,0,-1,a0,
9,19|5|2|2|2|2|2|1|1,9,0,-1,a0,
9,19|4|4|4|1|1|1|1|1,9,0,-1,a0,
9,19|4|4|3|2|1|1|1|1,9,0,-1,a0,
9,19|4|4|2|2|2|1|1|1,9,0,-1,a0,
9,19|4|3|3|3|1|1|1|1,9,0,-1,a0,
9,19|4|3|3|2|2|1|1|1,9,0,-1,a0,
9,19|4|3|2|2|2|2|1|1,9,0,-1,a0,
9,19|4|2|2|2|2|2|2|1,9,1,352,silent,351
9,19|3|3|3|3|2|1|1|1,9,0,-1,a0,
9,19|3|3|3|2|2|2|1|1,9,0,-1,a0,
9,19|3|3|2|2|2|2|2|1,9,0,-1,a0,
9,19|3|2|2|2|2|2|2|2,9,0,-1,a0,
9,18|11|1|1|1|1|1|1|1,9,0,-1,a0,
9,18|10|2|1|1|1|1|1|1,9,0,-1,a0,
9,18|9|3|1|1|1|1|1|1,9,0,-1,a0,
9,18|9|2|2|1|1|1|1|1,9,0,-1,a0,
9,18|8|4|1|1|1|1|1|1,9,0,-1,a0,
9,18|8|3|2|1|1|1|1|1,9,0,-1,a0,
9,18|8|2|2|2|1|1|1|1,9,0,-1,a0,
9,18|7|5|1|1|1|1|1|1,9,0,-1,a0,
9,18|7|4|2|1|1|1|1|1,9,0,-1,a0,
9,18|7|3|3|1|1|1|1|1,9,0,-1,a0,
9,18|7|3|2|2|1|1|1|1,9,0,-1,a0,
9,18|7|2|2|2|2|1|1|1,9,0,-1,a0,
9,18|6|6|1|1|1|1|1|1,9,0,-1,a0,
9,18|6|5|2|1|1|1|1|1,9,0,-1,a0,
9,18|6|4|3|1|1|1|1|1,9,0,-1,a0,
9,18|6|4|2|2|1|1|1|1,9,0,-1,a0,
9,18|6|3|3|2|1|1|1|1,9,0,-1,a0,
9,18|6|3|2|2|2|1|1|1,9,0,-1,a0,
9,18|6|2|2|2|2|2|1|1,9,0,-1,a0,
9,18|5|5|3|1|1|1|1|1,9,0,-1,a0,
9,18|5|5|2|2|1|1|1|1,9,0,-1,a0,
9,18|5|4|4|1|1|1|1|1,9,0,-1,a0,
9,18|5|4|3|2|1|1|1|1,9,0,-1,a0,
9,18|5|4|2|2|2|1|1|1,9,0,-1,a0,
9,18|5|3|3|3|1|1|1|1,9,0,-1,a0,
9,18|5|3|3|2|2|1|1|1,9,0,-1,a0,
9,18|5|3|2|2|2|2|1|1,9,1,5358,silent,5357
9,18|5|2|2|2|2|2|2|1,9,1,917,silent,916
9,18|4|4|4|2|1|1|1|1,9,0,-1,a0,
9,18|4|4|3|3|1|1|1|1,9,0,-1,a0,
9,18|4|4|3|2|2|1|1|1,9,0,-1,a0,
9,18|4|4|2|2|2|2|1|1,9,0,-1,a0,
9,18|4|3|3|3|2|1|1|1,9,0,-1,a0,
9,18|4|3|3|2|2|2|1|1,9,0,-1,a0,
9,18|4|3|2|2|2|2|2|1,9,0,-1,a0,
9,18|4|2|2|2|2|2|2|2,9,1,254,silent,253
9,18|3|3|3|3|3|1|1|1,9,0,-1,a0,
9,18|3|3|3|3|2|2|1|1,9,0,-1,a0,
9,18|3|3|3|2|2|2|2|1,9,0,-1,a0,
9,18|3|3|2|2|2|2|2|2,9,0,-1,a0,
9,17|12|1|1|1|1|1|1|1,9,0,-1,a0,
9,17|11|2|1|1|1|1|1|1,9,0,-1,a0,
9,17|10|3|1|1|1|1|1|1,9,0,-1,a0,
9,17|10|2|2|1|1|1|1|1,9,0,-1,a0,
9,17|9|4|1|1|1|1|1|1,9,0,-1,a0,
9,17|9|3|2|1|1|1|1|1,9,0,-1,a0,
9,17|9|2|2|2|1|1|1|1,9,0,-1,a0,
9,17|8|5|1|1|1|1|1|1,9,0,-1,a0,
9,17|8|4|2|1|1|1|1|1,9,0,-1,a0,
9,17|8|3|3|1|1|1|1|1,9,0,-1,a0,
9,17|8|3|2|2|1|1|1|1,9,0,-1,a0,
9,17|8|2|2|2|2|1|1|1,9,0,-1,a0,
9,17|7|6|1|1|1|1|1|1,9,0,-1,a0,
9,17|7|5|2|1|1|1|1|1,9,0,-1,a0,
9,17|7|4|3|1|1|1|1|1,9,0,-1,a0,
9,17|7|4|2|2|1|1|1|1,9,0,-1,a0,
9,17|7|3|3|2|1|1|1|1,9,0,-1,a0,
9,17|7|3|2|2|2|1|1|1,9,0,-1,a0,
9,17|7|2|2|2|2|2|1|1,9,1,3569,silent,3568
9,17|6|6|2|1|1|1|1|1,9,0,-1,a0,
9,17|6|5|3|1|1|1|1|1,9,0,-1,a0,
9,17|6|5|2|2|1|1|1|1,9,0,-1,a0,
9,17|6|4|4|1|1|1|1|1,9,0,-1,a0,
9,17|6|4|3|2|1|1|1|1,9,0,-1,a0,
9,17|6|4|2|2|2|1|1|1,9,0,-1,a0,
9,17|6|3|3|3|1|1|1|1,9,0,-1,a0,
9,17|6|3|3|2|2|1|1|1,9,1,26033,silent,26032
9,17|6|3|2|2|2|2|1|1,9,1,12237,silent,12236
9,17|6|2|2|2|2|2|2|1,9,1,1956,silent,1955
9,17|5|5|4|1|1|1|1|1,9,0,-1,a0,
9,17|5|5|3|2|1|1|1|1,9,0,-1,a0,
9,17|5|5|2|2|2|1|1|1,9,1,14180,silent,14179
9,17|5|4|4|2|1|1|1|1,9,0,-1,a0,
9,17|5|4|3|3|1|1|1|1,9,0,-1,a0,
9,17|5|4|3|2|2|1|1|1,9,0,-1,a0,
9,17|5|4|2|2|2|2|1|1,9,1,13709,silent,13708
9,17|5|3|3|3|2|1|1|1,9,0,-1,a0,
9,17|5|3|3|2|2|2|1|1,9,0,-1,a0,
9,17|5|3|2|2|2|2|2|1,9,1,4932,silent,4931
9,17|5|2|2|2|2|2|2|2,9,0,-1,a0,
9,17|4|4|4|3|1|1|1|1,9,0,-1,a0,
9,17|4|4|4|2|2|1|1|1,9,0,-1,a0,
9,17|4|4|3|3|2|1|1|1,9,0,-1,a0,
9,17|4|4|3|2|2|2|1|1,9,0,-1,a0,
9,17|4|4|2|2|2|2|2|1,9,1,3151,silent,3150
9,17|4|3|3|3|3|1|1|1,9,0,-1,a0,
9,17|4|3|3|3|2|2|1|1,9,0,-1,a0,
9,17|4|3|3|2|2|2|2|1,9,0,-1,a0,
9,17|4|3|2|2|2|2|2|2,9,0,-1,a0,
9,17|3|3|3|3|3|2|1|1,9,0,-1,a0,
9,17|3|3|3|3|2|2|2|1,9,0,-1,a0,
9,17|3|3|3|2|2|2|2|2,9,0,-1,a0,
9,16|13|1|1|1|1|1|1|1,9,0,-1,a0,
9,16|12|2|1|1|1|1|1|1,9,0,-1,a0,
9,16|11|3|1|1|1|1|1|1,9,0,-1,a0,
9,16|11|2|2|1|1|1|1|1,9,0,-1,a0,
9,16|10|4|1|1|1|1|1|1,9,0,-1,a0,
9,16|10|3|2|1|1|1|1|1,9,0,-1,a0,
9,16|10|2|2|2|1|1|1|1,9,0,-1,a0,
9,16|9|5|1|1|1|1|1|1,9,0,-1,a0,
9,16|9|4|2|1|1|1|1|1,9,0,-1,a0,
9,16|9|3|3|1|1|1|1|1,9,0,-1,a0,
9,16|9|3|2|2|1|1|1|1,9,0,-1,a0,
9,16|9|2|2|2|2|1|1|1,9,0,-1,a0,
9,16|8|6|1|1|1|1|1|1,9,0,-1,a0,
9,16|8|5|2|1|1|1|1|1,9,0,-1,a0,
9,16|8|4|3|1|1|1|1|1,9,0,-1,a0,
9,16|8|4|2|2|1|1|1|1,9,0,-1,a0,
9,16|8|3|3|2|1|1|1|1,9,0,-1,a0,
9,16|8|3|2|2|2|1|1|1,9,1,26487,silent,26486
9,16|8|2|2|2|2|2|1|1,9,0,-1,a0,
9,16|7|7|1|1|1|1|1|1,9,0,-1,a0,
9,16|7|6|2|1|1|1|1|1,9,0,-1,a0,
9,16|7|5|3|1|1|1|1|1,9,0,-1,a0,
9,16|7|5|2|2|1|1|1|1,9,0,-1,a0,
9,16|7|4|4|1|1|1|1|1,9,0,-1,a0,
9,16|7|4|3|2|1|1|1|1,9,0,-1,a0,
9,16|7|4|2|2|2|1|1|1,9,1,52278,silent,52277
9,16|7|3|3|3|1|1|1|1,9,1,28471,silent,28470
9,16|7|3|3|2|2|1|1|1,9,1,48406,silent,48405
9,16|7|3|2|2|2|2|1|1,9,2,22392,silent,22390
9,16|7|2|2|2|2|2|2|1,9,1,3387,silent,3386
9,16|6|6|3|1|1|1|1|1,9,0,-1,a0,
9,16|6|6|2|2|1|1|1|1,9,0,-1,a0,
9,16|6|5|4|1|1|1|1|1,9,0,-1,a0,
9,16|6|5|3|2|1|1|1|1,9,1,90341,silent,90340
9,16|6|5|2|2|2|1|1|1,9,1,47731,silent,47730
9,16|6|4|4|2|1|1|1|1,9,0,-1,a0,
9,16|6|4|3|3|1|1|1|1,9,0,-1,a0,
9,16|6|4|3|2|2|1|1|1,9,1,97154,silent,97153
9,16|6|4|2|2|2|2|1|1,9,1,35280,silent,35279
9,16|6|3|3|3|2|1|1|1,9,0,-1,a0,
9,16|6|3|3|2|2|2|1|1,9,1,35608,silent,35607
9,16|6|3|2|2|2|2|2|1,9,1,11387,silent,11386
9,16|6|2|2|2|2|2|2|2,9,1,1256,silent,1255
9,16|5|5|5|1|1|1|1|1,9,0,-1,a0,
9,16|5|5|4|2|1|1|1|1,9,0,-1,a0,
9,16|5|5|3|3|1|1|1|1,9,0,-1,a0,
9,16|5|5|3|2|2|1|1|1,9,1,54747,silent,54746
9,16|5|5|2|2|2|2|1|1,9,2,18805,silent,18803
9,16|5|4|4|3|1|1|1|1,9,0,-1,a0,
9,16|5|4|4|2|2|1|1|1,9,0,-1,a0,
9,16|5|4|3|3|2|1|1|1,9,0,-1,a0,
9,16|5|4|3|2|2|2|1|1,9,1,50944,silent,50943
9,16|5|4|2|2|2|2|2|1,9,1,13037,silent,13036
9,16|5|3|3|3|3|1|1|1,9,0,-1,a0,
9,16|5|3|3|3|2|2|1|1,9,0,-1,a0,
9,16|5|3|3|2|2|2|2|1,9,0,-1,a0,
9,16|5|3|2|2|2|2|2|2,9,0,-1,a0,
9,16|4|4|4|4|1|1|1|1,9,0,-1,a0,
9,16|4|4|4|3|2|1|1|1,9,0,-1,a0,
9,16|4|4|4|2|2|2|1|1,9,0,-1,a0,
9,16|4|4|3|3|3|1|1|1,9,0,-1,a0,
9,16|4|4|3|3|2|2|1|1,9,0,-1,a0,
9,16|4|4|3|2|2|2|2|1,9,0,-1,a0,
9,16|4|4|2|2|2|2|2|2,9,1,2000,silent,1999
9,16|4|3|3|3|3|2|1|1,9,0,-1,a0,
9,16|4|3|3|3|2|2|2|1,9,0,-1,a0,
9,16|4|3|3|2|2|2|2|2,9,0,-1,a0,
9,16|3|3|3|3|3|3|1|1,9,0,-1,a0,
9,16|3|3|3|3|3|2|2|1,9,0,-1,a0,
9,16|3|3|3|3|2|2|2|2,9,0,-1,a0,
9,15|14|1|1|1|1|1|1|1,9,0,-1,a0,
9,15|13|2|1|1|1|1|1|1,9,0,-1,a0,
9,15|12|3|1|1|1|1|1|1,9,0,-1,a0,
9,15|12|2|2|1|1|1|1|1,9,0,-1,a0,
9,15|11|4|1|1|1|1|1|1,9,0,-1,a0,
9,15|11|3|2|1|1|1|1|1,9,0,-1,a0,
9,15|11|2|2|2|1|1|1|1,9,0,-1,a0,
9,15|10|5|1|1|1|1|1|1,9,0,-1,a0,
9,15|10|4|2|1|1|1|1|1,9,0,-1,a0,
9,15|10|3|3|1|1|1|1|1,9,0,-1,a0,
9,15|10|3|2|2|1|1|1|1,9,0,-1,a0,
9,15|10|2|2|2|2|1|1|1,9,0,-1,a0,
9,15|9|6|1|1|1|1|1|1,9,0,-1,a0,
9,15|9|5|2|1|1|1|1|1,9,0,-1,a0,
9,15|9|4|3|1|1|1|1|1,9,0,-1,a0,
9,15|9|4|2|2|1|1|1|1,9,0,-1,a0,
9,15|9|3|3|2|1|1|1|1,9,1,46037,silent,46036
9,15|9|3|2|2|2|1|1|1,9,1,33113,silent,33112
9,15|9|2|2|2|2|2|1|1,9,1,6548,silent,6547
9,15|8|7|1|1|1|1|1|1,9,0,-1,a0,
9,15|8|6|2|1|1|1|1|1,9,0,-1,a0,
9,15|8|5|3|1|1|1|1|1,9,0,-1,a0,
9,15|8|5|2|2|1|1|1|1,9,1,87176,silent,87175
9,15|8|4|4|1|1|1|1|1,9,0,-1,a0,
9,15|8|4|3|2|1|1|1|1,9,1,141881,silent,141880
9,15|8|4|2|2|2|1|1|1,9,1,79513,silent,79512
9,15|8|3|3|3|1|1|1|1,9,0,-1,a0,
9,15|8|3|3|2|2|1|1|1,9,2,72210,silent,72208
9,15|8|3|2|2|2|2|1|1,9,2,32992,silent,32990
9,15|8|2|2|2|2|2|2|1,9,1,4863,silent,4862
9,15|7|7|2|1|1|1|1|1,9,0,-1,a0,
9,15|7|6|3|1|1|1|1|1,9,0,-1,a0,
9,15|7|6|2|2|1|1|1|1,9,0,-1,a0,
9,15|7|5|4|1|1|1|1|1,9,0,-1,a0,
9,15|7|5|3|2|1|1|1|1,9,2,192731,silent,192729
9,15|7|5|2|2|2|1|1|1,9,3,100565,silent,100562
9,15|7|4|4|2|1|1|1|1,9,0,-1,a0,
9,15|7|4|3|3|1|1|1|1,9,1,121446,silent,121445
9,15|7|4|3|2|2|1|1|1,9,2,187570,silent,187568
9,15|7|4|2|2|2|2|1|1,9,3,67330,silent,67327
9,15|7|3|3|3|2|1|1|1,9,1,75416,silent,75415
9,15|7|3|3|2|2|2|1|1,9,1,64951,silent,64950
9,15|7|3|2|2|2|2|2|1,9,1,20345,silent,20344
9,15|7|2|2|2|2|2|2|2,9,0,-1,a0,
9,15|6|6|4|1|1|1|1|1,9,1,42543,silent,42542
9,15|6|6|3|2|1|1|1|1,9,1,94356,silent,94355
9,15|6|6|2|2|2|1|1|1,9,0,-1,a0,
9,15|6|5|5|1|1|1|1|1,9,0,-1,a0,
9,15|6|5|4|2|1|1|1|1,9,1,155755,silent,155754
9,15|6|5|3|3|1|1|1|1,9,1,124828,silent,124827
9,15|6|5|3|2|2|1|1|1,9,3,187934,silent,187931
9,15|6|5|2|2|2|2|1|1,9,2,62451,silent,62449
9,15|6|4|4|3|1|1|1|1,9,0,-1,a0,
9,15|6|4|4|2|2|1|1|1,9,0,-1,a0,
9,15|6|4|3|3|2|1|1|1,9,1,169574,silent,169573
9,15|6|4|3|2|2|2|1|1,9,2,133792,silent,133790
9,15|6|4|2|2|2|2|2|1,9,2,33199,silent,33197
9,15|6|3|3|3|3|1|1|1,9,0,-1,a0,
9,15|6|3|3|3|2|2|1|1,9,0,-1,a0,
9,15|6|3|3|2|2|2|2|1,9,0,-1,a0,
9,15|6|3|2|2|2|2|2|2,9,0,-1,a0,
9,15|5|5|5|2|1|1|1|1,9,1,33645,silent,33644
9,15|5|5|4|3|1|1|1|1,9,0,-1,a0,
9,15|5|5|4|2|2|1|1|1,9,2,94837,silent,94835
9,15|5|5|3|3|2|1|1|1,9,0,-1,a0,
9,15|5|5|3|2|2|2|1|1,9,1,76249,silent,76248
9,15|5|5|2|2|2|2|2|1,9,0,-1,a0,
9,15|5|4|4|4|1|1|1|1,9,0,-1,a0,
9,15|5|4|4|3|2|1|1|1,9,0,-1,a0,
9,15|5|4|4|2|2|2|1|1,9,1,69010,silent,69009
9,15|5|4|3|3|3|1|1|1,9,0,-1,a0,
9,15|5|4|3|3|2|2|1|1,9,0,-1,a0,
9,15|5|4|3|2|2|2|2|1,9,1,49030,silent,49029
9,15|5|4|2|2|2|2|2|2,9,0,-1,a0,
9,15|5|3|3|3|3|2|1|1,9,0,-1,a0,
9,15|5|3|3|3|2|2|2|1,9,0,-1,a0,
9,15|5|3|3|2|2|2|2|2,9,0,-1,a0,
9,15|4|4|4|4|2|1|1|1,9,0,-1,a0,
9,15|4|4|4|3|3|1|1|1,9,0,-1,a0,
9,15|4|4|4|3|2|2|1|1,9,0,-1,a0,
9,15|4|4|4|2|2|2|2|1,9,1,13977,silent,13976
9,15|4|4|3|3|3|2|1|1,9,0,-1,a0,
9,15|4|4|3|3|2|2|2|1,9,0,-1,a0,
9,15|4|4|3|2|2|2|2|2,9,0,-1,a0,
9,15|4|3|3|3|3|3|1|1,9,0,-1,a0,
9,15|4|3|3|3|3|2|2|1,9,0,-1,a0,
9,15|4|3|3|3|2|2|2|2,9,0,-1,a0,
9,15|3|3|3|3|3|3|2|1,9,0,-1,a0,
9,15|3|3|3|3|3|2|2|2,9,0,-1,a0,
9,14|14|2|1|1|1|1|1|1,9,0,-1,a0,
9,14|13|3|1|1|1|1|1|1,9,0,-1,a0,
9,14|13|2|2|1|1|1|1|1,9,0,-1,a0,
9,14|12|4|1|1|1|1|1|1,9,0,-1,a0,
9,14|12|3|2|1|1|1|1|1,9,0,-1,a0,
9,14|12|2|2|2|1|1|1|1,9,0,-1,a0,
9,14|11|5|1|1|1|1|1|1,9,0,-1,a0,
9,14|11|4|2|1|1|1|1|1,9,0,-1,a0,
9,14|11|3|3|1|1|1|1|1,9,0,-1,a0,
9,14|11|3|2|2|1|1|1|1,9,0,-1,a0,
9,14|11|2|2|2|2|1|1|1,9,0,-1,a0,
9,14|10|6|1|1|1|1|1|1,9,0,-1,a0,
9,14|10|5|2|1|1|1|1|1,9,0,-1,a0,
9,14|10|4|3|1|1|1|1|1,9,0,-1,a0,
9,14|10|4|2|2|1|1|1|1,9,1,57821,silent,57820
9,14|10|3|3|2|1|1|1|1,9,1,46682,silent,46681
9,14|10|3|2|2|2|1|1|1,9,1,33380,silent,33379
9,14|10|2|2|2|2|2|1|1,9,0,-1,a0,
9,14|9|7|1|1|1|1|1|1,9,0,-1,a0,
9,14|9|6|2|1|1|1|1|1,9,0,-1,a0,
9,14|9|5|3|1|1|1|1|1,9,1,102426,silent,102425
9,14|9|5|2|2|1|1|1|1,9,1,108217,silent,108216
9,14|9|4|4|1|1|1|1|1,9,0,-1,a0,
9,14|9|4|3|2|1|1|1|1,9,2,172490,silent,172488
9,14|9|4|2|2|2|1|1|1,9,2,96292,silent,96290
9,14|9|3|3|3|1|1|1|1,9,1,51629,silent,51628
9,14|9|3|3|2|2|1|1|1,9,2,86371,silent,86369
9,14|9|3|2|2|2|2|1|1,9,2,39273,silent,39271
9,14|9|2|2|2|2|2|2|1,9,1,5677,silent,5676
9,14|8|8|1|1|1|1|1|1,9,0,-1,a0,
9,14|8|7|2|1|1|1|1|1,9,0,-1,a0,
9,14|8|6|3|1|1|1|1|1,9,1,116994,silent,116993
9,14|8|6|2|2|1|1|1|1,9,2,119361,silent,119359
9,14|8|5|4|1|1|1|1|1,9,1,126617,silent,126616
9,14|8|5|3|2|1|1|1|1,9,3,298405,silent,298402
9,14|8|5|2|2|2|1|1|1,9,4,154014,silent,154010
9,14|8|4|4|2|1|1|1|1,9,1,185407,silent,185406
9,14|8|4|3|3|1|1|1|1,9,1,179919,silent,179918
9,14|8|4|3|2|2|1|1|1,9,4,276467,silent,276463
9,14|8|4|2|2|2|2|1|1,9,2,98116,silent,98114
9,14|8|3|3|3|2|1|1|1,9,1,108954,silent,108953
9,14|8|3|3|2|2|2|1|1,9,2,93126,silent,93124
9,14|8|3|2|2|2|2|2|1,9,1,28859,silent,28858
9,14|8|2|2|2|2|2|2|2,9,1,2816,silent,2815
9,14|7|7|3|1|1|1|1|1,9,0,-1,a0,
9,14|7|7|2|2|1|1|1|1,9,0,-1,a0,
9,14|7|6|4|1|1|1|1|1,9,0,-1,a0,
9,14|7|6|3|2|1|1|1|1,9,3,253449,silent,253446
9,14|7|6|2|2|2|1|1|1,9,2,126339,silent,126337
9,14|7|5|5|1|1|1|1|1,9,1,66490,silent,66489
9,14|7|5|4|2|1|1|1|1,9,3,328439,silent,328436
9,14|7|5|3|3|1|1|1|1,9,3,258949,silent,258946
9,14|7|5|3|2|2|1|1|1,9,6,387098,silent,387092
9,14|7|5|2|2|2|2|1|1,9,4,126988,silent,126984
9,14|7|4|4|3|1|1|1|1,9,0,-1,a0,
9,14|7|4|4|2|2|1|1|1,9,2,256540,silent,256538
9,14|7|4|3|3|2|1|1|1,9,2,318433,silent,318431
9,14|7|4|3|2|2|2|1|1,9,3,249416,silent,249413
9,14|7|4|2|2|2|2|2|1,9,2,60564,silent,60562
9,14|7|3|3|3|3|1|1|1,9,0,-1,a0,
9,14|7|3|3|3|2|2|1|1,9,0,-1,a0,
9,14|7|3|3|2|2|2|2|1,9,0,-1,a0,
9,14|7|3|2|2|2|2|2|2,9,0,-1,a0,
9,14|6|6|5|1|1|1|1|1,9,1,44172,silent,44171
9,14|6|6|4|2|1|1|1|1,9,2,174380,silent,174378
9,14|6|6|3|3|1|1|1|1,9,1,129878,silent,129877
9,14|6|6|3|2|2|1|1|1,9,2,190625,silent,190623
9,14|6|6|2|2|2|2|1|1,9,0,-1,a0,
9,14|6|5|5|2|1|1|1|1,9,2,130500,silent,130498
9,14|6|5|4|3|1|1|1|1,9,2,275866,silent,275864
9,14|6|5|4|2|2|1|1|1,9,3,331310,silent,331307
9,14|6|5|3|3|2|1|1|1,9,2,334725,silent,334723
9,14|6|5|3|2|2|2|1|1,9,3,254173,silent,254170
9,14|6|5|2|2|2|2|2|1,9,1,56726,silent,56725
9,14|6|4|4|4|1|1|1|1,9,0,-1,a0,
9,14|6|4|4|3|2|1|1|1,9,1,300806,silent,300805
9,14|6|4|4|2|2|2|1|1,9,1,185216,silent,185215
9,14|6|4|3|3|3|1|1|1,9,0,-1,a0,
9,14|6|4|3|3|2|2|1|1,9,1,255138,silent,255137
9,14|6|4|3|2|2|2|2|1,9,1,125215,silent,125214
9,14|6|4|2|2|2|2|2|2,9,1,19060,silent,19059
9,14|6|3|3|3|3|2|1|1,9,0,-1,a0,
9,14|6|3|3|3|2|2|2|1,9,0,-1,a0,
9,14|6|3|3|2|2|2|2|2,9,0,-1,a0,
9,14|5|5|5|3|1|1|1|1,9,1,65510,silent,65509
9,14|5|5|5|2|2|1|1|1,9,2,74902,silent,74900
9,14|5|5|4|4|1|1|1|1,9,0,-1,a0,
9,14|5|5|4|3|2|1|1|1,9,1,219899,silent,219898
9,14|5|5|4|2|2|2|1|1,9,2,132964,silent,132962
9,14|5|5|3|3|3|1|1|1,9,0,-1,a0,
9,14|5|5|3|3|2|2|1|1,9,0,-1,a0,
9,14|5|5|3|2|2|2|2|1,9,0,-1,a0,
9,14|5|5|2|2|2|2|2|2,9,0,-1,a0,
9,14|5|4|4|4|2|1|1|1,9,0,-1,a0,
9,14|5|4|4|3|3|1|1|1,9,0,-1,a0,
9,14|5|4|4|3|2|2|1|1,9,1,172045,silent,172044
9,14|5|4|4|2|2|2|2|1,9,1,66842,silent,66841
9,14|5|4|3|3|3|2|1|1,9,0,-1,a0,
9,14|5|4|3|3|2|2|2|1,9,0,-1,a0,
9,14|5|4|3|2|2|2|2|2,9,0,-1,a0,
9,14|5|3|3|3|3|3|1|1,9,0,-1,a0,
9,14|5|3|3|3|3|2|2|1,9,0,-1,a0,
9,14|5|3|3|3|2|2|2|2,9,0,-1,a0,
9,14|4|4|4|4|3|1|1|1,9,0,-1,a0,
9,14|4|4|4|4|2|2|1|1,9,0,-1,a0,
9,14|4|4|4|3|3|2|1|1,9,0,-1,a0,
9,14|4|4|4|3|2|2|2|1,9,0,-1,a0,
9,14|4|4|4|2|2|2|2|2,9,1,8611,silent,8610
9,14|4|4|3|3|3|3|1|1,9,0,-1,a0,
9,14|4|4|3|3|3|2|2|1,9,0,-1,a0,
9,14|4|4|3|3|2|2|2|2,9,0,-1,a0,
9,14|4|3|3|3|3|3|2|1,9,0,-1,a0,
9,14|4|3|3|3|3|2|2|2,9,0,-1,a0,
9,14|3|3|3|3|3|3|3|1,9,0,-1,a0,
9,14|3|3|3|3|3|3|2|2,9,0,-1,a0,
9,13|13|4|1|1|1|1|1|1,9,0,-1,a0,
9,13|13|3|2|1|1|1|1|1,9,0,-1,a0,
9,13|13|2|2|2|1|1|1|1,9,0,-1,a0,
9,13|12|5|1|1|1|1|1|1,9,0,-1,a0,
9,13|12|4|2|1|1|1|1|1,9,0,-1,a0,
9,13|12|3|3|1|1|1|1|1,9,0,-1,a0,
9,13|12|3|2|2|1|1|1|1,9,0,-1,a0,
9,13|12|2|2|2|2|1|1|1,9,0,-1,a0,
9,13|11|6|1|1|1|1|1|1,9,0,-1,a0,
9,13|11|5|2|1|1|1|1|1,9,0,-1,a0,
9,13|11|4|3|1|1|1|1|1,9,1,38615,silent,38614
9,13|11|4|2|2|1|1|1|1,9,0,-1,a0,
9,13|11|3|3|2|1|1|1|1,9,1,35328,silent,35327
9,13|11|3|2|2|2|1|1|1,9,1,25216,silent,25215
9,13|11|2|2|2|2|2|1|1,9,1,4971,silent,4970
9,13|10|7|1|1|1|1|1|1,9,0,-1,a0,
9,13|10|6|2|1|1|1|1|1,9,1,54214,silent,54213
9,13|10|5|3|1|1|1|1|1,9,1,96923,silent,96922
9,13|10|5|2|2|1|1|1|1,9,2,102041,silent,102039
9,13|10|4|4|1|1|1|1|1,9,1,54505,silent,54504
9,13|10|4|3|2|1|1|1|1,9,2,160706,silent,160704
9,13|10|4|2|2|2|1|1|1,9,2,89388,silent,89386
9,13|10|3|3|3|1|1|1|1,9,1,47803,silent,47802
9,13|10|3|3|2|2|1|1|1,9,2,79708,silent,79706
9,13|10|3|2|2|2|2|1|1,9,1,36094,silent,36093
9,13|10|2|2|2|2|2|2|1,9,1,5183,silent,5182
9,13|9|8|1|1|1|1|1|1,9,0,-1,a0,
9,13|9|7|2|1|1|1|1|1,9,0,-1,a0,
9,13|9|6|3|1|1|1|1|1,9,2,141833,silent,141831
9,13|9|6|2|2|1|1|1|1,9,2,144086,silent,144084
9,13|9|5|4|1|1|1|1|1,9,1,147581,silent,147580
9,13|9|5|3|2|1|1|1|1,9,6,345715,silent,345709
9,13|9|5|2|2|2|1|1|1,9,4,177763,silent,177759
9,13|9|4|4|2|1|1|1|1,9,1,210720,silent,210719
9,13|9|4|3|3|1|1|1|1,9,3,203766,silent,203763
9,13|9|4|3|2|2|1|1|1,9,4,312277,silent,312273
9,13|9|4|2|2|2|2|1|1,9,4,110573,silent,110569
9,13|9|3|3|3|2|1|1|1,9,1,121530,silent,121529
9,13|9|3|3|2|2|2|1|1,9,1,103353,silent,103352
9,13|9|3|2|2|2|2|2|1,9,1,31821,silent,31820
9,13|9|2|2|2|2|2|2|2,9,0,-1,a0,
9,13|8|8|2|1|1|1|1|1,9,1,24526,silent,24525
9,13|8|7|3|1|1|1|1|1,9,1,110582,silent,110581
9,13|8|7|2|2|1|1|1|1,9,2,110866,silent,110864
9,13|8|6|4|1|1|1|1|1,9,3,188636,silent,188633
9,13|8|6|3|2|1|1|1|1,9,5,406997,silent,406992
9,13|8|6|2|2|2|1|1|1,9,3,201066,silent,201063
9,13|8|5|5|1|1|1|1|1,9,1,100716,silent,100715
9,13|8|5|4|2|1|1|1|1,9,6,484466,silent,484460
9,13|8|5|3|3|1|1|1|1,9,3,378378,silent,378375
9,13|8|5|3|2|2|1|1|1,9,8,562616,silent,562608
9,13|8|5|2|2|2|2|1|1,9,4,182820,silent,182816
9,13|8|4|4|3|1|1|1|1,9,2,294914,silent,294912
9,13|8|4|4|2|2|1|1|1,9,2,360921,silent,360919
9,13|8|4|3|3|2|1|1|1,9,3,443739,silent,443736
9,13|8|4|3|2|2|2|1|1,9,4,345688,silent,345684
9,13|8|4|2|2|2|2|2|1,9,2,83151,silent,83149
9,13|8|3|3|3|3|1|1|1,9,0,-1,a0,
9,13|8|3|3|3|2|2|1|1,9,0,-1,a0,
9,13|8|3|3|2|2|2|2|1,9,0,-1,a0,
9,13|8|3|2|2|2|2|2|2,9,0,-1,a0,
9,13|7|7|4|1|1|1|1|1,9,0,-1,a0,
9,13|7|7|3|2|1|1|1|1,9,2,186801,silent,186799
9,13|7|7|2|2|2|1|1|1,9,3,91727,silent,91724
9,13|7|6|5|1|1|1|1|1,9,1,119635,silent,119634
9,13|7|6|4|2|1|1|1|1,9,4,454064,silent,454060
9,13|7|6|3|3|1|1|1|1,9,4,332835,silent,332831
9,13|7|6|3|2|2|1|1|1,9,6,486957,silent,486951
9,13|7|6|2|2|2|2|1|1,9,3,152806,silent,152803
9,13|7|5|5|2|1|1|1|1,9,5,273697,silent,273692
9,13|7|5|4|3|1|1|1|1,9,4,555162,silent,555158
9,13|7|5|4|2|2|1|1|1,9,8,663534,silent,663526
9,13|7|5|3|3|2|1|1|1,9,4,658279,silent,658275
9,13|7|5|3|2|2|2|1|1,9,4,496184,silent,496180
9,13|7|5|2|2|2|2|2|1,9,1,108869,silent,108868
9,13|7|4|4|4|1|1|1|1,9,0,-1,a0,
9,13|7|4|4|3|2|1|1|1,9,2,549690,silent,549688
9,13|7|4|4|2|2|2|1|1,9,4,337054,silent,337050
9,13|7|4|3|3|3|1|1|1,9,1,266050,silent,266049
9,13|7|4|3|3|2|2|1|1,9,1,454440,silent,454439
9,13|7|4|3|2|2|2|2|1,9,1,221062,silent,221061
9,13|7|4|2|2|2|2|2|2,9,0,-1,a0,
9,13|7|3|3|3|3|2|1|1,9,0,-1,a0,
9,13|7|3|3|3|2|2|2|1,9,0,-1,a0,
9,13|7|3|3|2|2|2|2|2,9,0,-1,a0,
9,13|6|6|6|1|1|1|1|1,9,1,23750,silent,23749
9,13|6|6|5|2|1|1|1|1,9,2,182609,silent,182607
9,13|6|6|4|3|1|1|1|1,9,3,302144,silent,302141
9,13|6|6|4|2|2|1|1|1,9,1,354742,silent,354741
9,13|6|6|3|3|2|1|1|1,9,3,334054,silent,334051
9,13|6|6|3|2|2|2|1|1,9,2,247210,silent,247208
9,13|6|6|2|2|2|2|2|1,9,1,53038,silent,53037
9,13|6|5|5|3|1|1|1|1,9,3,245284,silent,245281
9,13|6|5|5|2|2|1|1|1,9,4,275087,silent,275083
9,13|6|5|4|4|1|1|1|1,9,1,218256,silent,218255
9,13|6|5|4|3|2|1|1|1,9,4,745073,silent,745069
9,13|6|5|4|2|2|2|1|1,9,3,443282,silent,443279
9,13|6|5|3|3|3|1|1|1,9,0,-1,a0,
9,13|6|5|3|3|2|2|1|1,9,1,486823,silent,486822
9,13|6|5|3|2|2|2|2|1,9,1,228450,silent,228449
9,13|6|5|2|2|2|2|2|2,9,0,-1,a0,
9,13|6|4|4|4|2|1|1|1,9,0,-1,a0,
9,13|6|4|4|3|3|1|1|1,9,1,282718,silent,282717
9,13|6|4|4|3|2|2|1|1,9,2,447234,silent,447232
9,13|6|4|4|2|2|2|2|1,9,2,171186,silent,171184
9,13|6|4|3|3|3|2|1|1,9,0,-1,a0,
9,13|6|4|3|3|2|2|2|1,9,0,-1,a0,
9,13|6|4|3|2|2|2|2|2,9,0,-1,a0,
9,13|6|3|3|3|3|3|1|1,9,0,-1,a0,
9,13|6|3|3|3|3|2|2|1,9,0,-1,a0,
9,13|6|3|3|3|2|2|2|2,9,0,-1,a0,
9,13|5|5|5|4|1|1|1|1,9,2,66875,silent,66873
9,13|5|5|5|3|2|1|1|1,9,1,183931,silent,183930
9,13|5|5|5|2|2|2|1|1,9,0,-1,a0,
9,13|5|5|4|4|2|1|1|1,9,2,190776,silent,190774
9,13|5|5|4|3|3|1|1|1,9,0,-1,a0,
9,13|5|5|4|3|2|2|1|1,9,1,331872,silent,331871
9,13|5|5|4|2|2|2|2|1,9,0,-1,a0,
9,13|5|5|3|3|3|2|1|1,9,0,-1,a0,
9,13|5|5|3|3|2|2|2|1,9,0,-1,a0,
9,13|5|5|3|2|2|2|2|2,9,0,-1,a0,
9,13|5|4|4|4|3|1|1|1,9,0,-1,a0,
9,13|5|4|4|4|2|2|1|1,9,1,142820,silent,142819
9,13|5|4|4|3|3|2|1|1,9,0,-1,a0,
9,13|5|4|4|3|2|2|2|1,9,1,169331,silent,169330
9,13|5|4|4|2|2|2|2|2,9,0,-1,a0,
9,13|5|4|3|3|3|3|1|1,9,0,-1,a0,
9,13|5|4|3|3|3|2|2|1,9,0,-1,a0,
9,13|5|4|3|3|2|2|2|2,9,0,-1,a0,
9,13|5|3|3|3|3|3|2|1,9,0,-1,a0,
9,13|5|3|3|3|3|2|2|2,9,0,-1,a0,
9,13|4|4|4|4|4|1|1|1,9,0,-1,a0,
9,13|4|4|4|4|3|2|1|1,9,0,-1,a0,
9,13|4|4|4|4|2|2|2|1,9,1,29571,silent,29570
9,13|4|4|4|3|3|3|1|1,9,0,-1,a0,
9,13|4|4|4|3|3|2|2|1,9,0,-1,a0,
9,13|4|4|4|3|2|2|2|2,9,0,-1,a0,
9,13|4|4|3|3|3|3|2|1,9,0,-1,a0,
9,13|4|4|3|3|3|2|2|2,9,0,-1,a0,
9,13|4|3|3|3|3|3|3|1,9,0,-1,a0,
9,13|4|3|3|3|3|3|2|2,9,0,-1,a0,
9,13|3|3|3|3|3|3|3|2,9,0,-1,a0,
9,12|12|6|1|1|1|1|1|1,9,0,-1,a0,
9,12|12|5|2|1|1|1|1|1,9,0,-1,a0,
9,12|12|4|3|1|1|1|1|1,9,0,-1,a0,
9,12|12|4|2|2|1|1|1|1,9,1,16458,silent,16457
9,12|12|3|3|2|1|1|1|1,9,0,-1,a0,
9,12|12|3|2|2|2|1|1|1,9,0,-1,a0,
9,12|12|2|2|2|2|2|1|1,9,0,-1,a0,
9,12|11|7|1|1|1|1|1|1,9,0,-1,a0,
9,12|11|6|2|1|1|1|1|1,9,1,33608,silent,33607
9,12|11|5|3|1|1|1|1|1,9,1,59473,silent,59472
9,12|11|5|2|2|1|1|1|1,9,1,62504,silent,62503
9,12|11|4|4|1|1|1|1|1,9,0,-1,a0,
9,12|11|4|3|2|1|1|1|1,9,2,97884,silent,97882
9,12|11|4|2|2|2|1|1|1,9,1,54395,silent,54394
9,12|11|3|3|3|1|1|1|1,9,1,29029,silent,29028
9,12|11|3|3|2|2|1|1|1,9,1,48315,silent,48314
9,12|11|3|2|2|2|2|1|1,9,1,21870,silent,21869
9,12|11|2|2|2|2|2|2|1,9,0,-1,a0,
9,12|10|8|1|1|1|1|1|1,9,0,-1,a0,
9,12|10|7|2|1|1|1|1|1,9,1,48973,silent,48972
9,12|10|6|3|1|1|1|1|1,9,2,119031,silent,119029
9,12|10|6|2|2|1|1|1|1,9,3,120654,silent,120651
9,12|10|5|4|1|1|1|1|1,9,2,121508,silent,121506
9,12|10|5|3|2|1|1|1|1,9,5,282984,silent,282979
9,12|10|5|2|2|2|1|1|1,9,3,144867,silent,144864
9,12|10|4|4|2|1|1|1|1,9,3,171087,silent,171084
9,12|10|4|3|3|1|1|1|1,9,1,164670,silent,164669
9,12|10|4|3|2|2|1|1|1,9,4,251995,silent,251991
9,12|10|4|2|2|2|2|1|1,9,1,88719,silent,88718
9,12|10|3|3|3|2|1|1|1,9,1,97543,silent,97542
9,12|10|3|3|2|2|2|1|1,9,1,82836,silent,82835
9,12|10|3|2|2|2|2|2|1,9,1,25426,silent,25425
9,12|10|2|2|2|2|2|2|2,9,1,2406,silent,2405
9,12|9|9|1|1|1|1|1|1,9,0,-1,a0,
9,12|9|8|2|1|1|1|1|1,9,1,37734,silent,37733
9,12|9|7|3|1|1|1|1|1,9,2,132474,silent,132472
9,12|9|7|2|2|1|1|1|1,9,2,132321,silent,132319
9,12|9|6|4|1|1|1|1|1,9,3,206652,silent,206649
9,12|9|6|3|2|1|1|1|1,9,7,443327,silent,443320
9,12|9|6|2|2|2|1|1|1,9,4,218381,silent,218377
9,12|9|5|5|1|1|1|1|1,9,2,107092,silent,107090
9,12|9|5|4|2|1|1|1|1,9,6,507913,silent,507907
9,12|9|5|3|3|1|1|1|1,9,5,394675,silent,394670
9,12|9|5|3|2|2|1|1|1,9,8,585427,silent,585419
9,12|9|5|2|2|2|2|1|1,9,4,189466,silent,189462
9,12|9|4|4|3|1|1|1|1,9,2,302196,silent,302194
9,12|9|4|4|2|2|1|1|1,9,4,369578,silent,369574
9,12|9|4|3|3|2|1|1|1,9,3,451498,silent,451495
9,12|9|4|3|2|2|2|1|1,9,3,350920,silent,350917
9,12|9|4|2|2|2|2|2|1,9,2,83826,silent,83824
9,12|9|3|3|3|3|1|1|1,9,0,-1,a0,
9,12|9|3|3|3|2|2|1|1,9,0,-1,a0,
9,12|9|3|3|2|2|2|2|1,9,0,-1,a0,
9,12|9|3|2|2|2|2|2|2,9,0,-1,a0,
9,12|8|8|3|1|1|1|1|1,9,1,59822,silent,59821
9,12|8|8|2|2|1|1|1|1,9,2,59112,silent,59110
9,12|8|7|4|1|1|1|1|1,9,2,172354,silent,172352
9,12|8|7|3|2|1|1|1|1,9,5,358136,silent,358131
9,12|8|7|2|2|2|1|1|1,9,3,173545,silent,173542
9,12|8|6|5|1|1|1|1|1,9,3,182726,silent,182723
9,12|8|6|4|2|1|1|1|1,9,9,676919,silent,676910
9,12|8|6|3|3|1|1|1|1,9,4,491243,silent,491239
9,12|8|6|3|2|2|1|1|1,9,8,715558,silent,715550
9,12|8|6|2|2|2|2|1|1,9,2,222348,silent,222346
9,12|8|5|5|2|1|1|1|1,9,5,379227,silent,379222
9,12|8|5|4|3|1|1|1|1,9,7,753566,silent,753559
9,12|8|5|4|2|2|1|1|1,9,9,896418,silent,896409
9,12|8|5|3|3|2|1|1|1,9,5,881877,silent,881872
9,12|8|5|3|2|2|2|1|1,9,6,661144,silent,661138
9,12|8|5|2|2|2|2|2|1,9,2,144058,silent,144056
9,12|8|4|4|4|1|1|1|1,9,1,195704,silent,195703
9,12|8|4|4|3|2|1|1|1,9,4,712271,silent,712267
9,12|8|4|4|2|2|2|1|1,9,2,434506,silent,434504
9,12|8|4|3|3|3|1|1|1,9,0,-1,a0,
9,12|8|4|3|3|2|2|1|1,9,2,581160,silent,581158
9,12|8|4|3|2|2|2|2|1,9,1,281197,silent,281196
9,12|8|4|2|2|2|2|2|2,9,1,41138,silent,41137
9,12|8|3|3|3|3|2|1|1,9,0,-1,a0,
9,12|8|3|3|3|2|2|2|1,9,0,-1,a0,
9,12|8|3|3|2|2|2|2|2,9,0,-1,a0,
9,12|7|7|5|1|1|1|1|1,9,1,93679,silent,93678
9,12|7|7|4|2|1|1|1|1,9,3,325762,silent,325759
9,12|7|7|3|3|1|1|1|1,9,3,231042,silent,231039
9,12|7|7|3|2|2|1|1|1,9,4,335582,silent,335578
9,12|7|7|2|2|2|2|1|1,9,3,103194,silent,103191
9,12|7|6|6|1|1|1|1|1,9,0,-1,a0,
9,12|7|6|5|2|1|1|1|1,9,5,462359,silent,462354
9,12|7|6|4|3|1|1|1|1,9,5,735113,silent,735108
9,12|7|6|4|2|2|1|1|1,9,8,861462,silent,861454
9,12|7|6|3|3|2|1|1|1,9,5,795001,silent,794996
9,12|7|6|3|2|2|2|1|1,9,4,585543,silent,585539
9,12|7|6|2|2|2|2|2|1,9,1,123086,silent,123085
9,12|7|5|5|3|1|1|1|1,9,6,480541,silent,480535
9,12|7|5|5|2|2|1|1|1,9,6,535187,silent,535181
9,12|7|5|4|4|1|1|1|1,9,3,413052,silent,413049
9,12|7|5|4|3|2|1|1|1,9,8,1394537,silent,1394529
9,12|7|5|4|2|2|2|1|1,9,6,824317,silent,824311
9,12|7|5|3|3|3|1|1|1,9,1,529309,silent,529308
9,12|7|5|3|3|2|2|1|1,9,1,889135,silent,889134
9,12|7|5|3|2|2|2|2|1,9,1,413928,silent,413927
9,12|7|5|2|2|2|2|2|2,9,0,-1,a0,
9,12|7|4|4|4|2|1|1|1,9,2,412761,silent,412759
9,12|7|4|4|3|3|1|1|1,9,1,481102,silent,481101
9,12|7|4|4|3|2|2|1|1,9,3,759945,silent,759942
9,12|7|4|4|2|2|2|2|1,9,2,287957,silent,287955
9,12|7|4|3|3|3|2|1|1,9,0,-1,a0,
9,12|7|4|3|3|2|2|2|1,9,0,-1,a0,
9,12|7|4|3|2|2|2|2|2,9,0,-1,a0,
9,12|7|3|3|3|3|3|1|1,9,0,-1,a0,
9,12|7|3|3|3|3|2|2|1,9,0,-1,a0,
9,12|7|3|3|3|2|2|2|2,9,0,-1,a0,
9,12|6|6|6|2|1|1|1|1,9,1,93622,silent,93621
9,12|6|6|5|3|1|1|1|1,9,3,329652,silent,329649
9,12|6|6|5|2|2|1|1|1,9,2,360357,silent,360355
9,12|6|6|4|4|1|1|1|1,9,2,234629,silent,234627
9,12|6|6|4|3|2|1|1|1,9,4,769040,silent,769036
9,12|6|6|4|2|2|2|1|1,9,1,446662,silent,446661
9,12|6|6|3|3|3|1|1|1,9,1,274694,silent,274693
9,12|6|6|3|3|2|2|1|1,9,2,457101,silent,457099
9,12|6|6|3|2|2|2|2|1,9,1,209835,silent,209834
9,12|6|6|2|2|2|2|2|2,9,1,27421,silent,27420
9,12|6|5|5|4|1|1|1|1,9,2,239330,silent,239328
9,12|6|5|5|3|2|1|1|1,9,4,643659,silent,643655
9,12|6|5|5|2|2|2|1|1,9,2,352840,silent,352838
9,12|6|5|4|4|2|1|1|1,9,3,618590,silent,618587
9,12|6|5|4|3|3|1|1|1,9,2,674181,silent,674179
9,12|6|5|4|3|2|2|1|1,9,3,1053218,silent,1053215
9,12|6|5|4|2|2|2|2|1,9,1,384521,silent,384520
9,12|6|5|3|3|3|2|1|1,9,0,-1,a0,
9,12|6|5|3|3|2|2|2|1,9,0,-1,a0,
9,12|6|5|3|2|2|2|2|2,9,0,-1,a0,
9,12|6|4|4|4|3|1|1|1,9,1,280225,silent,280224
9,12|6|4|4|4|2|2|1|1,9,1,356136,silent,356135
9,12|6|4|4|3|3|2|1|1,9,1,528124,silent,528123
9,12|6|4|4|3|2|2|2|1,9,1,412514,silent,412513
9,12|6|4|4|2|2|2|2|2,9,1,91651,silent,91650
9,12|6|4|3|3|3|3|1|1,9,0,-1,a0,
9,12|6|4|3|3|3|2|2|1,9,0,-1,a0,
9,12|6|4|3|3|2|2|2|2,9,0,-1,a0,
9,12|6|3|3|3|3|3|2|1,9,0,-1,a0,
9,12|6|3|3|3|3|2|2|2,9,0,-1,a0,
9,12|5|5|5|5|1|1|1|1,9,1,30215,silent,30214
9,12|5|5|5|4|2|1|1|1,9,2,197282,silent,197280
9,12|5|5|5|3|3|1|1|1,9,0,-1,a0,
9,12|5|5|5|3|2|2|1|1,9,0,-1,a0,
9,12|5|5|5|2|2|2|2|1,9,0,-1,a0,
9,12|5|5|4|4|3|1|1|1,9,1,227963,silent,227962
9,12|5|5|4|4|2|2|1|1,9,2,287848,silent,287846
9,12|5|5|4|3|3|2|1|1,9,0,-1,a0,
9,12|5|5|4|3|2|2|2|1,9,0,-1,a0,
9,12|5|5|4|2|2|2|2|2,9,0,-1,a0,
9,12|5|5|3|3|3|3|1|1,9,0,-1,a0,
9,12|5|5|3|3|3|2|2|1,9,0,-1,a0,
9,12|5|5|3|3|2|2|2|2,9,0,-1,a0,
9,12|5|4|4|4|4|1|1|1,9,0,-1,a0,
9,12|5|4|4|4|3|2|1|1,9,1,223016,silent,223015
9,12|5|4|4|4|2|2|2|1,9,1,138254,silent,138253
9,12|5|4|4|3|3|3|1|1,9,0,-1,a0,
9,12|5|4|4|3|3|2|2|1,9,0,-1,a0,
9,12|5|4|4|3|2|2|2|2,9,0,-1,a0,
9,12|5|4|3|3|3|3|2|1,9,0,-1,a0,
9,12|5|4|3|3|3|2|2|2,9,0,-1,a0,
9,12|5|3|3|3|3|3|3|1,9,0,-1,a0,
9,12|5|3|3|3|3|3|2|2,9,0,-1,a0,
9,12|4|4|4|4|4|2|1|1,9,0,-1,a0,
9,12|4|4|4|4|3|3|1|1,9,0,-1,a0,
9,12|4|4|4|4|3|2|2|1,9,0,-1,a0,
9,12|4|4|4|4|2|2|2|2,9,1,17484,silent,17483
9,12|4|4|4|3|3|3|2|1,9,0,-1,a0,
9,12|4|4|4|3|3|2|2|2,9,0,-1,a0,
9,12|4|4|3|3|3|3|3|1,9,0,-1,a0,
9,12|4|4|3|3|3|3|2|2,9,0,-1,a0,
9,12|4|3|3|3|3|3|3|2,9,0,-1,a0,
9,12|3|3|3|3|3|3|3|3,9,0,-1,a0,
9,11|11|8|1|1|1|1|1|1,9,1,3084,silent,3083
9,11|11|7|2|1|1|1|1|1,9,0,-1,a0,
9,11|11|6|3|1|1|1|1|1,9,2,46573,silent,46571
9,11|11|6|2|2|1|1|1|1,9,0,-1,a0,
9,11|11|5|4|1|1|1|1|1,9,1,47115,silent,47114
9,11|11|5|3|2|1|1|1|1,9,2,109837,silent,109835
9,11|11|5|2|2|2|1|1|1,9,2,56317,silent,56315
9,11|11|4|4|2|1|1|1|1,9,0,-1,a0,
9,11|11|4|3|3|1|1|1|1,9,2,63637,silent,63635
9,11|11|4|3|2|2|1|1|1,9,1,97279,silent,97278
9,11|11|4|2|2|2|2|1|1,9,2,34443,silent,34441
9,11|11|3|3|3|2|1|1|1,9,0,-1,a0,
9,11|11|3|3|2|2|2|1|1,9,0,-1,a0,
9,11|11|3|2|2|2|2|2|1,9,0,-1,a0,
9,11|11|2|2|2|2|2|2|2,9,0,-1,a0,
9,11|10|9|1|1|1|1|1|1,9,0,-1,a0,
9,11|10|8|2|1|1|1|1|1,9,1,28350,silent,28349
9,11|10|7|3|1|1|1|1|1,9,2,91381,silent,91379
9,11|10|7|2|2|1|1|1|1,9,2,91009,silent,91007
9,11|10|6|4|1|1|1|1|1,9,3,137323,silent,137320
9,11|10|6|3|2|1|1|1|1,9,5,293334,silent,293329
9,11|10|6|2|2|2|1|1|1,9,2,144015,silent,144013
9,11|10|5|5|1|1|1|1|1,9,1,70154,silent,70153
9,11|10|5|4|2|1|1|1|1,9,5,330203,silent,330198
9,11|10|5|3|3|1|1|1|1,9,3,255841,silent,255838
9,11|10|5|3|2|2|1|1|1,9,5,378859,silent,378854
9,11|10|5|2|2|2|2|1|1,9,2,122232,silent,122230
9,11|10|4|4|3|1|1|1|1,9,2,194260,silent,194258
9,11|10|4|4|2|2|1|1|1,9,2,237271,silent,237269
9,11|10|4|3|3|2|1|1|1,9,2,289110,silent,289108
9,11|10|4|3|2|2|2|1|1,9,2,224322,silent,224320
9,11|10|4|2|2|2|2|2|1,9,1,53463,silent,53462
9,11|10|3|3|3|3|1|1|1,9,0,-1,a0,
9,11|10|3|3|3|2|2|1|1,9,0,-1,a0,
9,11|10|3|3|2|2|2|2|1,9,0,-1,a0,
9,11|10|3|2|2|2|2|2|2,9,0,-1,a0,
9,11|9|9|2|1|1|1|1|1,9,0,-1,a0,
9,11|9|8|3|1|1|1|1|1,9,2,78223,silent,78221
9,11|9|8|2|2|1|1|1|1,9,1,77154,silent,77153
9,11|9|7|4|1|1|1|1|1,9,2,176470,silent,176468
9,11|9|7|3|2|1|1|1|1,9,6,364890,silent,364884
9,11|9|7|2|2|2|1|1|1,9,4,176445,silent,176441
9,11|9|6|5|1|1|1|1|1,9,3,172923,silent,172920
9,11|9|6|4|2|1|1|1|1,9,7,633064,silent,633057
9,11|9|6|3|3|1|1|1|1,9,6,457436,silent,457430
9,11|9|6|3|2|2|1|1|1,9,7,665215,silent,665208
9,11|9|6|2|2|2|2|1|1,9,4,206277,silent,206273
9,11|9|5|5|2|1|1|1|1,9,6,344450,silent,344444
9,11|9|5|4|3|1|1|1|1,9,6,676334,silent,676328
9,11|9|5|4|2|2|1|1|1,9,9,803552,silent,803543
9,11|9|5|3|3|2|1|1|1,9,4,785852,silent,785848
9,11|9|5|3|2|2|2|1|1,9,4,587809,silent,587805
9,11|9|5|2|2|2|2|2|1,9,1,127307,silent,127306
9,11|9|4|4|4|1|1|1|1,9,0,-1,a0,
9,11|9|4|4|3|2|1|1|1,9,4,624952,silent,624948
9,11|9|4|4|2|2|2|1|1,9,4,381093,silent,381089
9,11|9|4|3|3|3|1|1|1,9,1,297321,silent,297320
9,11|9|4|3|3|2|2|1|1,9,0,-1,a0,
9,11|9|4|3|2|2|2|2|1,9,1,244093,silent,244092
9,11|9|4|2|2|2|2|2|2,9,0,-1,a0,
9,11|9|3|3|3|3|2|1|1,9,0,-1,a0,
9,11|9|3|3|3|2|2|2|1,9,0,-1,a0,
9,11|9|3|3|2|2|2|2|2,9,0,-1,a0,
9,11|8|8|4|1|1|1|1|1,9,3,84330,silent,84327
9,11|8|8|3|2|1|1|1|1,9,2,170807,silent,170805
9,11|8|8|2|2|2|1|1|1,9,1,81331,silent,81330
9,11|8|7|5|1|1|1|1|1,9,2,164723,silent,164721
9,11|8|7|4|2|1|1|1|1,9,7,557976,silent,557969
9,11|8|7|3|3|1|1|1|1,9,3,391914,silent,391911
9,11|8|7|3|2|2|1|1|1,9,6,565772,silent,565766
9,11|8|7|2|2|2|2|1|1,9,2,172091,silent,172089
9,11|8|6|6|1|1|1|1|1,9,2,92152,silent,92150
9,11|8|6|5|2|1|1|1|1,9,7,624324,silent,624317
9,11|8|6|4|3|1|1|1|1,9,9,972696,silent,972687
9,11|8|6|4|2|2|1|1|1,9,8,1135278,silent,1135270
9,11|8|6|3|3|2|1|1|1,9,6,1038511,silent,1038505
9,11|8|6|3|2|2|2|1|1,9,5,761171,silent,761166
9,11|8|6|2|2|2|2|2|1,9,2,158839,silent,158837
9,11|8|5|5|3|1|1|1|1,9,5,592248,silent,592243
9,11|8|5|5|2|2|1|1|1,9,7,656512,silent,656505
9,11|8|5|4|4|1|1|1|1,9,5,500365,silent,500360
9,11|8|5|4|3|2|1|1|1,9,9,1677761,silent,1677752
9,11|8|5|4|2|2|2|1|1,9,6,987044,silent,987038
9,11|8|5|3|3|3|1|1|1,9,1,630252,silent,630251
9,11|8|5|3|3|2|2|1|1,9,2,1055712,silent,1055710
9,11|8|5|3|2|2|2|2|1,9,1,489240,silent,489239
9,11|8|5|2|2|2|2|2|2,9,0,-1,a0,
9,11|8|4|4|4|2|1|1|1,9,2,478041,silent,478039
9,11|8|4|4|3|3|1|1|1,9,2,554305,silent,554303
9,11|8|4|4|3|2|2|1|1,9,3,873889,silent,873886
9,11|8|4|4|2|2|2|2|1,9,2,329611,silent,329609
9,11|8|4|3|3|3|2|1|1,9,0,-1,a0,
9,11|8|4|3|3|2|2|2|1,9,0,-1,a0,
9,11|8|4|3|2|2|2|2|2,9,0,-1,a0,
9,11|8|3|3|3|3|3|1|1,9,0,-1,a0,
9,11|8|3|3|3|3|2|2|1,9,0,-1,a0,
9,11|8|3|3|3|2|2|2|2,9,0,-1,a0,
9,11|7|7|6|1|1|1|1|1,9,0,-1,a0,
9,11|7|7|5|2|1|1|1|1,9,4,331176,silent,331172
9,11|7|7|4|3|1|1|1|1,9,3,483606,silent,483603
9,11|7|7|4|2|2|1|1|1,9,7,563241,silent,563234
9,11|7|7|3|3|2|1|1|1,9,2,501406,silent,501404
9,11|7|7|3|2|2|2|1|1,9,2,365722,silent,365720
9,11|7|7|2|2|2|2|2|1,9,0,-1,a0,
9,11|7|6|6|2|1|1|1|1,9,1,235032,silent,235031
9,11|7|6|5|3|1|1|1|1,9,6,758492,silent,758486
9,11|7|6|5|2|2|1|1|1,9,6,826734,silent,826728
9,11|7|6|4|4|1|1|1|1,9,2,522177,silent,522175
9,11|7|6|4|3|2|1|1|1,9,9,1694739,silent,1694730
9,11|7|6|4|2|2|2|1|1,9,6,980109,silent,980103
9,11|7|6|3|3|3|1|1|1,9,1,591981,silent,591980
9,11|7|6|3|3|2|2|1|1,9,2,982734,silent,982732
9,11|7|6|3|2|2|2|2|1,9,1,447441,silent,447440
9,11|7|6|2|2|2|2|2|2,9,0,-1,a0,
9,11|7|5|5|4|1|1|1|1,9,5,429522,silent,429517
9,11|7|5|5|3|2|1|1|1,9,6,1140751,silent,1140745
9,11|7|5|5|2|2|2|1|1,9,2,620460,silent,620458
9,11|7|5|4|4|2|1|1|1,9,7,1061580,silent,1061573
9,11|7|5|4|3|3|1|1|1,9,2,1145349,silent,1145347
9,11|7|5|4|3|2|2|1|1,9,5,1784135,silent,1784130
9,11|7|5|4|2|2|2|2|1,9,1,645941,silent,645940
9,11|7|5|3|3|3|2|1|1,9,0,-1,a0,
9,11|7|5|3|3|2|2|2|1,9,0,-1,a0,
9,11|7|5|3|2|2|2|2|2,9,0,-1,a0,
9,11|7|4|4|4|3|1|1|1,9,1,437989,silent,437988
9,11|7|4|4|4|2|2|1|1,9,4,556183,silent,556179
9,11|7|4|4|3|3|2|1|1,9,1,814694,silent,814693
9,11|7|4|4|3|2|2|2|1,9,1,634229,silent,634228
9,11|7|4|4|2|2|2|2|2,9,0,-1,a0,
9,11|7|4|3|3|3|3|1|1,9,0,-1,a0,
9,11|7|4|3|3|3|2|2|1,9,0,-1,a0,
9,11|7|4|3|3|2|2|2|2,9,0,-1,a0,
9,11|7|3|3|3|3|3|2|1,9,0,-1,a0,
9,11|7|3|3|3|3|2|2|2,9,0,-1,a0,
9,11|6|6|6|3|1|1|1|1,9,1,162796,silent,162795
9,11|6|6|6|2|2|1|1|1,9,0,-1,a0,
9,11|6|6|5|4|1|1|1|1,9,2,308674,silent,308672
9,11|6|6|5|3|2|1|1|1,9,4,796004,silent,796000
9,11|6|6|5|2|2|2|1|1,9,2,425489,silent,425487
9,11|6|6|4|4|2|1|1|1,9,1,613309,silent,613308
9,11|6|6|4|3|3|1|1|1,9,3,648641,silent,648638
9,11|6|6|4|3|2|2|1|1,9,3,1001107,silent,1001104
9,11|6|6|4|2|2|2|2|1,9,2,357934,silent,357932
9,11|6|6|3|3|3|2|1|1,9,0,-1,a0,
9,11|6|6|3|3|2|2|2|1,9,0,-1,a0,
9,11|6|6|3|2|2|2|2|2,9,0,-1,a0,
9,11|6|5|5|5|1|1|1|1,9,1,103818,silent,103817
9,11|6|5|5|4|2|1|1|1,9,4,646369,silent,646365
9,11|6|5|5|3|3|1|1|1,9,1,564236,silent,564235
9,11|6|5|5|3|2|2|1|1,9,1,855096,silent,855095
9,11|6|5|5|2|2|2|2|1,9,0,-1,a0,
9,11|6|5|4|4|3|1|1|1,9,3,682609,silent,682606
9,11|6|5|4|4|2|2|1|1,9,3,855927,silent,855924
9,11|6|5|4|3|3|2|1|1,9,1,1173845,silent,1173844
9,11|6|5|4|3|2|2|2|1,9,1,899534,silent,899533
9,11|6|5|4|2|2|2|2|2,9,0,-1,a0,
9,11|6|5|3|3|3|3|1|1,9,0,-1,a0,
9,11|6|5|3|3|3|2|2|1,9,0,-1,a0,
9,11|6|5|3|3|2|2|2|2,9,0,-1,a0,
9,11|6|4|4|4|4|1|1|1,9,0,-1,a0,
9,11|6|4|4|4|3|2|1|1,9,2,513577,silent,513575
9,11|6|4|4|4|2|2|2|1,9,2,316367,silent,316365
9,11|6|4|4|3|3|3|1|1,9,0,-1,a0,
9,11|6|4|4|3|3|2|2|1,9,0,-1,a0,
9,11|6|4|4|3|2|2|2|2,9,0,-1,a0,
9,11|6|4|3|3|3|3|2|1,9,0,-1,a0,
9,11|6|4|3|3|3|2|2|2,9,0,-1,a0,
9,11|6|3|3|3|3|3|3|1,9,0,-1,a0,
9,11|6|3|3|3|3|3|2|2,9,0,-1,a0,
9,11|5|5|5|5|2|1|1|1,9,0,-1,a0,
9,11|5|5|5|4|3|1|1|1,9,1,229209,silent,229208
9,11|5|5|5|4|2|2|1|1,9,0,-1,a0,
9,11|5|5|5|3|3|2|1|1,9,0,-1,a0,
9,11|5|5|5|3|2|2|2|1,9,0,-1,a0,
9,11|5|5|5|2|2|2|2|2,9,0,-1,a0,
9,11|5|5|4|4|4|1|1|1,9,2,108405,silent,108403
9,11|5|5|4|4|3|2|1|1,9,1,424960,silent,424959
9,11|5|5|4|4|2|2|2|1,9,0,-1,a0,
9,11|5|5|4|3|3|3|1|1,9,0,-1,a0,
9,11|5|5|4|3|3|2|2|1,9,0,-1,a0,
9,11|5|5|4|3|2|2|2|2,9,0,-1,a0,
9,11|5|5|3|3|3|3|2|1,9,0,-1,a0,
9,11|5|5|3|3|3|2|2|2,9,0,-1,a0,
9,11|5|4|4|4|4|2|1|1,9,1,113066,silent,113065
9,11|5|4|4|4|3|3|1|1,9,0,-1,a0,
9,11|5|4|4|4|3|2|2|1,9,1,225085,silent,225084
9,11|5|4|4|4|2|2|2|2,9,0,-1,a0,
9,11|5|4|4|3|3|3|2|1,9,0,-1,a0,
9,11|5|4|4|3|3|2|2|2,9,0,-1,a0,
9,11|5|4|3|3|3|3|3|1,9,0,-1,a0,
9,11|5|4|3|3|3|3|2|2,9,0,-1,a0,
9,11|5|3|3|3|3|3|3|2,9,0,-1,a0,
9,11|4|4|4|4|4|3|1|1,9,0,-1,a0,
9,11|4|4|4|4|4|2|2|1,9,1,27458,silent,27457
9,11|4|4|4|4|3|3|2|1,9,0,-1,a0,
9,11|4|4|4|4|3|2|2|2,9,0,-1,a0,
9,11|4|4|4|3|3|3|3|1,9,0,-1,a0,
9,11|4|4|4|3|3|3|2|2,9,0,-1,a0,
9,11|4|4|3|3|3|3|3|2,9,0,-1,a0,
9,11|4|3|3|3|3|3|3|3,9,0,-1,a0,
9,10|10|10|1|1|1|1|1|1,9,0,-1,a0,
9,10|10|9|2|1|1|1|1|1,9,0,-1,a0,
9,10|10|8|3|1|1|1|1|1,9,0,-1,a0,
9,10|10|8|2|2|1|1|1|1,9,2,35430,silent,35428
9,10|10|7|4|1|1|1|1|1,9,2,75588,silent,75586
9,10|10|7|3|2|1|1|1|1,9,2,155216,silent,155214
9,10|10|7|2|2|2|1|1|1,9,1,74602,silent,74601
9,10|10|6|5|1|1|1|1|1,9,1,71840,silent,71839
9,10|10|6|4|2|1|1|1|1,9,5,261369,silent,261364
9,10|10|6|3|3|1|1|1|1,9,1,188084,silent,188083
9,10|10|6|3|2|2|1|1|1,9,3,273090,silent,273087
9,10|10|6|2|2|2|2|1|1,9,0,-1,a0,
9,10|10|5|5|2|1|1|1|1,9,1,140193,silent,140192
9,10|10|5|4|3|1|1|1|1,9,3,274303,silent,274300
9,10|10|5|4|2|2|1|1|1,9,3,325083,silent,325080
9,10|10|5|3|3|2|1|1|1,9,2,317648,silent,317646
9,10|10|5|3|2|2|2|1|1,9,2,237155,silent,237153
9,10|10|5|2|2|2|2|2|1,9,1,51375,silent,51374
9,10|10|4|4|4|1|1|1|1,9,3,69383,silent,69380
9,10|10|4|4|3|2|1|1|1,9,1,250748,silent,250747
9,10|10|4|4|2|2|2|1|1,9,0,-1,a0,
9,10|10|4|3|3|3|1|1|1,9,0,-1,a0,
9,10|10|4|3|3|2|2|1|1,9,1,202524,silent,202523
9,10|10|4|3|2|2|2|2|1,9,0,-1,a0,
9,10|10|4|2|2|2|2|2|2,9,1,14289,silent,14288
9,10|10|3|3|3|3|2|1|1,9,0,-1,a0,
9,10|10|3|3|3|2|2|2|1,9,0,-1,a0,
9,10|10|3|3|2|2|2|2|2,9,0,-1,a0,
9,10|9|9|3|1|1|1|1|1,9,1,21531,silent,21530
9,10|9|9|2|2|1|1|1|1,9,0,-1,a0,
9,10|9|8|4|1|1|1|1|1,9,1,84696,silent,84695
9,10|9|8|3|2|1|1|1|1,9,3,171202,silent,171199
9,10|9|8|2|2|2|1|1|1,9,1,81572,silent,81571
9,10|9|7|5|1|1|1|1|1,9,2,131803,silent,131801
9,10|9|7|4|2|1|1|1|1,9,5,441683,silent,441678
9,10|9|7|3|3|1|1|1|1,9,3,308821,silent,308818
9,10|9|7|3|2|2|1|1|1,9,5,445147,silent,445142
9,10|9|7|2|2|2|2|1|1,9,2,134976,silent,134974
9,10|9|6|6|1|1|1|1|1,9,1,68996,silent,68995
9,10|9|6|5|2|1|1|1|1,9,5,458959,silent,458954
9,10|9|6|4|3|1|1|1|1,9,6,707880,silent,707874
9,10|9|6|4|2|2|1|1|1,9,7,825365,silent,825358
9,10|9|6|3|3|2|1|1|1,9,4,750917,silent,750913
9,10|9|6|3|2|2|2|1|1,9,3,549422,silent,549419
9,10|9|6|2|2|2|2|2|1,9,1,113993,silent,113992
9,10|9|5|5|3|1|1|1|1,9,4,419200,silent,419196
9,10|9|5|5|2|2|1|1|1,9,4,463722,silent,463718
9,10|9|5|4|4|1|1|1|1,9,2,351147,silent,351145
9,10|9|5|4|3|2|1|1|1,9,7,1173587,silent,1173580
9,10|9|5|4|2|2|2|1|1,9,4,689110,silent,689106
9,10|9|5|3|3|3|1|1|1,9,0,-1,a0,
9,10|9|5|3|3|2|2|1|1,9,1,733272,silent,733271
9,10|9|5|3|2|2|2|2|1,9,1,339011,silent,339010
9,10|9|5|2|2|2|2|2|2,9,0,-1,a0,
9,10|9|4|4|4|2|1|1|1,9,2,328756,silent,328754
9,10|9|4|4|3|3|1|1|1,9,1,379830,silent,379829
9,10|9|4|4|3|2|2|1|1,9,2,598582,silent,598580
9,10|9|4|4|2|2|2|2|1,9,1,225077,silent,225076
9,10|9|4|3|3|3|2|1|1,9,0,-1,a0,
9,10|9|4|3|3|2|2|2|1,9,0,-1,a0,
9,10|9|4|3|2|2|2|2|2,9,0,-1,a0,
9,10|9|3|3|3|3|3|1|1,9,0,-1,a0,
9,10|9|3|3|3|3|2|2|1,9,0,-1,a0,
9,10|9|3|3|3|2|2|2|2,9,0,-1,a0,
9,10|8|8|5|1|1|1|1|1,9,1,70504,silent,70503
9,10|8|8|4|2|1|1|1|1,9,4,227991,silent,227987
9,10|8|8|3|3|1|1|1|1,9,0,-1,a0,
9,10|8|8|3|2|2|1|1|1,9,2,225137,silent,225135
9,10|8|8|2|2|2|2|1|1,9,0,-1,a0,
9,10|8|7|6|1|1|1|1|1,9,1,91768,silent,91767
9,10|8|7|5|2|1|1|1|1,9,5,483577,silent,483572
9,10|8|7|4|3|1|1|1|1,9,6,692884,silent,692878
9,10|8|7|4|2|2|1|1|1,9,6,801855,silent,801849
9,10|8|7|3|3|2|1|1|1,9,3,709215,silent,709212
9,10|8|7|3|2|2|2|1|1,9,3,514045,silent,514042
9,10|8|7|2|2|2|2|2|1,9,1,104515,silent,104514
9,10|8|6|6|2|1|1|1|1,9,3,277882,silent,277879
9,10|8|6|5|3|1|1|1|1,9,6,861226,silent,861220
9,10|8|6|5|2|2|1|1|1,9,6,934930,silent,934924
9,10|8|6|4|4|1|1|1|1,9,6,583747,silent,583741
9,10|8|6|4|3|2|1|1|1,9,9,1880962,silent,1880953
9,10|8|6|4|2|2|2|1|1,9,4,1082398,silent,1082394
9,10|8|6|3|3|3|1|1|1,9,1,650386,silent,650385
9,10|8|6|3|3|2|2|1|1,9,3,1077311,silent,1077308
9,10|8|6|3|2|2|2|2|1,9,2,488281,silent,488279
9,10|8|6|2|2|2|2|2|2,9,1,61553,silent,61552
9,10|8|5|5|4|1|1|1|1,9,3,447817,silent,447814
9,10|8|5|5|3|2|1|1|1,9,6,1181928,silent,1181922
9,10|8|5|5|2|2|2|1|1,9,4,640225,silent,640221
9,10|8|5|4|4|2|1|1|1,9,6,1081942,silent,1081936
9,10|8|5|4|3|3|1|1|1,9,3,1162468,silent,1162465
9,10|8|5|4|3|2|2|1|1,9,4,1806158,silent,1806154
9,10|8|5|4|2|2|2|2|1,9,2,651506,silent,651504
9,10|8|5|3|3|3|2|1|1,9,0,-1,a0,
9,10|8|5|3|3|2|2|2|1,9,0,-1,a0,
9,10|8|5|3|2|2|2|2|2,9,0,-1,a0,
9,10|8|4|4|4|3|1|1|1,9,3,428515,silent,428512
9,10|8|4|4|4|2|2|1|1,9,1,542533,silent,542532
9,10|8|4|4|3|3|2|1|1,9,1,792023,silent,792022
9,10|8|4|4|3|2|2|2|1,9,1,614938,silent,614937
9,10|8|4|4|2|2|2|2|2,9,1,134248,silent,134247
9,10|8|4|3|3|3|3|1|1,9,0,-1,a0,
9,10|8|4|3|3|3|2|2|1,9,0,-1,a0,
9,10|8|4|3|3|2|2|2|2,9,0,-1,a0,
9,10|8|3|3|3|3|3|2|1,9,0,-1,a0,
9,10|8|3|3|3|3|2|2|2,9,0,-1,a0,
9,10|7|7|7|1|1|1|1|1,9,1,18076,silent,18075
9,10|7|7|6|2|1|1|1|1,9,1,190561,silent,190560
9,10|7|7|5|3|1|1|1|1,9,4,479526,silent,479522
9,10|7|7|5|2|2|1|1|1,9,4,519060,silent,519056
9,10|7|7|4|4|1|1|1|1,9,2,307079,silent,307077
9,10|7|7|4|3|2|1|1|1,9,4,977289,silent,977285
9,10|7|7|4|2|2|2|1|1,9,4,559706,silent,559702
9,10|7|7|3|3|3|1|1|1,9,1,327813,silent,327812
9,10|7|7|3|3|2|2|1|1,9,0,-1,a0,
9,10|7|7|3|2|2|2|2|1,9,0,-1,a0,
9,10|7|7|2|2|2|2|2|2,9,0,-1,a0,
9,10|7|6|6|3|1|1|1|1,9,1,357320,silent,357319
9,10|7|6|6|2|2|1|1|1,9,2,375589,silent,375587
9,10|7|6|5|4|1|1|1|1,9,3,625519,silent,625516
9,10|7|6|5|3|2|1|1|1,9,7,1595638,silent,1595631
9,10|7|6|5|2|2|2|1|1,9,3,848457,silent,848454
9,10|7|6|4|4|2|1|1|1,9,6,1192211,silent,1192205
9,10|7|6|4|3|3|1|1|1,9,3,1246179,silent,1246176
9,10|7|6|4|3|2|2|1|1,9,5,1920585,silent,1920580
9,10|7|6|4|2|2|2|2|1,9,2,680329,silent,680327
9,10|7|6|3|3|3|2|1|1,9,0,-1,a0,
9,10|7|6|3|3|2|2|2|1,9,0,-1,a0,
9,10|7|6|3|2|2|2|2|2,9,0,-1,a0,
9,10|7|5|5|5|1|1|1|1,9,2,166349,silent,166347
9,10|7|5|5|4|2|1|1|1,9,5,1011781,silent,1011776
9,10|7|5|5|3|3|1|1|1,9,2,875497,silent,875495
9,10|7|5|5|3|2|2|1|1,9,2,1321762,silent,1321760
9,10|7|5|5|2|2|2|2|1,9,0,-1,a0,
9,10|7|5|4|4|3|1|1|1,9,4,1025531,silent,1025527
9,10|7|5|4|4|2|2|1|1,9,5,1282453,silent,1282448
9,10|7|5|4|3|3|2|1|1,9,1,1741779,silent,1741778
9,10|7|5|4|3|2|2|2|1,9,1,1329724,silent,1329723
9,10|7|5|4|2|2|2|2|2,9,0,-1,a0,
9,10|7|5|3|3|3|3|1|1,9,0,-1,a0,
9,10|7|5|3|3|3|2|2|1,9,0,-1,a0,
9,10|7|5|3|3|2|2|2|2,9,0,-1,a0,
9,10|7|4|4|4|4|1|1|1,9,2,174384,silent,174382
9,10|7|4|4|4|3|2|1|1,9,2,702400,silent,702398
9,10|7|4|4|4|2|2|2|1,9,2,430621,silent,430619
9,10|7|4|4|3|3|3|1|1,9,0,-1,a0,
9,10|7|4|4|3|3|2|2|1,9,0,-1,a0,
9,10|7|4|4|3|2|2|2|2,9,0,-1,a0,
9,10|7|4|3|3|3|3|2|1,9,0,-1,a0,
9,10|7|4|3|3|3|2|2|2,9,0,-1,a0,
9,10|7|3|3|3|3|3|3|1,9,0,-1,a0,
9,10|7|3|3|3|3|3|2|2,9,0,-1,a0,
9,10|6|6|6|4|1|1|1|1,9,1,150280,silent,150279
9,10|6|6|6|3|2|1|1|1,9,1,354957,silent,354956
9,10|6|6|6|2|2|2|1|1,9,0,-1,a0,
9,10|6|6|5|5|1|1|1|1,9,0,-1,a0,
9,10|6|6|5|4|2|1|1|1,9,2,745793,silent,745791
9,10|6|6|5|3|3|1|1|1,9,2,632374,silent,632372
9,10|6|6|5|3|2|2|1|1,9,3,945547,silent,945544
9,10|6|6|5|2|2|2|2|1,9,1,308542,silent,308541
9,10|6|6|4|4|3|1|1|1,9,2,612619,silent,612617
9,10|6|6|4|4|2|2|1|1,9,1,759930,silent,759929
9,10|6|6|4|3|3|2|1|1,9,2,1011186,silent,1011184
9,10|6|6|4|3|2|2|2|1,9,1,765285,silent,765284
9,10|6|6|4|2|2|2|2|2,9,1,157958,silent,157957
9,10|6|6|3|3|3|3|1|1,9,0,-1,a0,
9,10|6|6|3|3|3|2|2|1,9,0,-1,a0,
9,10|6|6|3|3|2|2|2|2,9,0,-1,a0,
9,10|6|5|5|5|2|1|1|1,9,1,266410,silent,266409
9,10|6|5|5|4|3|1|1|1,9,2,673418,silent,673416
9,10|6|5|5|4|2|2|1|1,9,2,819032,silent,819030
9,10|6|5|5|3|3|2|1|1,9,0,-1,a0,
9,10|6|5|5|3|2|2|2|1,9,0,-1,a0,
9,10|6|5|5|2|2|2|2|2,9,0,-1,a0,
9,10|6|5|4|4|4|1|1|1,9,1,291599,silent,291598
9,10|6|5|4|4|3|2|1|1,9,3,1134600,silent,1134597
9,10|6|5|4|4|2|2|2|1,9,1,683864,silent,683863
9,10|6|5|4|3|3|3|1|1,9,0,-1,a0,
9,10|6|5|4|3|3|2|2|1,9,0,-1,a0,
9,10|6|5|4|3|2|2|2|2,9,0,-1,a0,
9,10|6|5|3|3|3|3|2|1,9,0,-1,a0,
9,10|6|5|3|3|3|2|2|2,9,0,-1,a0,
9,10|6|4|4|4|4|2|1|1,9,1,234912,silent,234911
9,10|6|4|4|4|3|3|1|1,9,1,301077,silent,301076
9,10|6|4|4|4|3|2|2|1,9,1,462623,silent,462622
9,10|6|4|4|4|2|2|2|2,9,1,151180,silent,151179
9,10|6|4|4|3|3|3|2|1,9,0,-1,a0,
9,10|6|4|4|3|3|2|2|2,9,0,-1,a0,
9,10|6|4|3|3|3|3|3|1,9,0,-1,a0,
9,10|6|4|3|3|3|3|2|2,9,0,-1,a0,
9,10|6|3|3|3|3|3|3|2,9,0,-1,a0,
9,10|5|5|5|5|3|1|1|1,9,0,-1,a0,
9,10|5|5|5|5|2|2|1|1,9,0,-1,a0,
9,10|5|5|5|4|4|1|1|1,9,1,109265,silent,109264
9,10|5|5|5|4|3|2|1|1,9,0,-1,a0,
9,10|5|5|5|4|2|2|2|1,9,0,-1,a0,
9,10|5|5|5|3|3|3|1|1,9,0,-1,a0,
9,10|5|5|5|3|3|2|2|1,9,0,-1,a0,
9,10|5|5|5|3|2|2|2|2,9,0,-1,a0,
9,10|5|5|4|4|4|2|1|1,9,2,205021,silent,205019
9,10|5|5|4|4|3|3|1|1,9,0,-1,a0,
9,10|5|5|4|4|3|2|2|1,9,0,-1,a0,
9,10|5|5|4|4|2|2|2|2,9,0,-1,a0,
9,10|5|5|4|3|3|3|2|1,9,0,-1,a0,
9,10|5|5|4|3|3|2|2|2,9,0,-1,a0,
9,10|5|5|3|3|3|3|3|1,9,0,-1,a0,
9,10|5|5|3|3|3|3|2|2,9,0,-1,a0,
9,10|5|4|4|4|4|3|1|1,9,1,88919,silent,88918
9,10|5|4|4|4|4|2|2|1,9,1,110913,silent,110912
9,10|5|4|4|4|3|3|2|1,9,0,-1,a0,
9,10|5|4|4|4|3|2|2|2,9,0,-1,a0,
9,10|5|4|4|3|3|3|3|1,9,0,-1,a0,
9,10|5|4|4|3|3|3|2|2,9,0,-1,a0,
9,10|5|4|3|3|3|3|3|2,9,0,-1,a0,
9,10|5|3|3|3|3|3|3|3,9,0,-1,a0,
9,10|4|4|4|4|4|4|1|1,9,0,-1,a0,
9,10|4|4|4|4|4|3|2|1,9,0,-1,a0,
9,10|4|4|4|4|4|2|2|2,9,1,15398,silent,15397
9,10|4|4|4|4|3|3|3|1,9,0,-1,a0,
9,10|4|4|4|4|3|3|2|2,9,0,-1,a0,
9,10|4|4|4|3|3|3|3|2,9,0,-1,a0,
9,10|4|4|3|3|3|3|3|3,9,0,-1,a0,
9,9|9|9|4|1|1|1|1|1,9,0,-1,a0,
9,9|9|9|3|2|1|1|1|1,9,0,-1,a0,
9,9|9|9|2|2|2|1|1|1,9,1,13425,silent,13424
9,9|9|8|5|1|1|1|1|1,9,1,41925,silent,41924
9,9|9|8|4|2|1|1|1|1,9,1,134904,silent,134903
9,9|9|8|3|3|1|1|1|1,9,2,92976,silent,92974
9,9|9|8|3|2|2|1|1|1,9,1,133214,silent,133213
9,9|9|8|2|2|2|2|1|1,9,1,40010,silent,40009
9,9|9|7|6|1|1|1|1|1,9,0,-1,a0,
9,9|9|7|5|2|1|1|1|1,9,3,232383,silent,232380
9,9|9|7|4|3|1|1|1|1,9,2,330031,silent,330029
9,9|9|7|4|2|2|1|1|1,9,4,382278,silent,382274
9,9|9|7|3|3|2|1|1|1,9,1,336093,silent,336092
9,9|9|7|3|2|2|2|1|1,9,1,243510,silent,243509
9,9|9|7|2|2|2|2|2|1,9,0,-1,a0,
9,9|9|6|6|2|1|1|1|1,9,0,-1,a0,
9,9|9|6|5|3|1|1|1|1,9,3,384723,silent,384720
9,9|9|6|5|2|2|1|1|1,9,3,417524,silent,417521
9,9|9|6|4|4|1|1|1|1,9,0,-1,a0,
9,9|9|6|4|3|2|1|1|1,9,4,832635,silent,832631
9,9|9|6|4|2|2|2|1|1,9,4,479299,silent,479295
9,9|9|6|3|3|3|1|1|1,9,1,286301,silent,286300
9,9|9|6|3|3|2|2|1|1,9,0,-1,a0,
9,9|9|6|3|2|2|2|2|1,9,0,-1,a0,
9,9|9|6|2|2|2|2|2|2,9,0,-1,a0,
9,9|9|5|5|4|1|1|1|1,9,3,194252,silent,194249
9,9|9|5|5|3|2|1|1|1,9,2,510610,silent,510608
9,9|9|5|5|2|2|2|1|1,9,0,-1,a0,
9,9|9|5|4|4|2|1|1|1,9,3,464734,silent,464731
9,9|9|5|4|3|3|1|1|1,9,1,497536,silent,497535
9,9|9|5|4|3|2|2|1|1,9,2,773008,silent,773006
9,9|9|5|4|2|2|2|2|1,9,0,-1,a0,
9,9|9|5|3|3|3|2|1|1,9,0,-1,a0,
9,9|9|5|3|3|2|2|2|1,9,0,-1,a0,
9,9|9|5|3|2|2|2|2|2,9,0,-1,a0,
9,9|9|4|4|4|3|1|1|1,9,0,-1,a0,
9,9|9|4|4|4|2|2|1|1,9,3,229534,silent,229531
9,9|9|4|4|3|3|2|1|1,9,0,-1,a0,
9,9|9|4|4|3|2|2|2|1,9,0,-1,a0,
9,9|9|4|4|2|2|2|2|2,9,0,-1,a0,
9,9|9|4|3|3|3|3|1|1,9,0,-1,a0,
9,9|9|4|3|3|3|2|2|1,9,0,-1,a0,
9,9|9|4|3|3|2|2|2|2,9,0,-1,a0,
9,9|9|3|3|3|3|3|2|1,9,0,-1,a0,
9,9|9|3|3|3|3|2|2|2,9,0,-1,a0,
9,9|8|8|6|1|1|1|1|1,9,1,32423,silent,32422
9,9|8|8|5|2|1|1|1|1,9,1,155405,silent,155404
9,9|8|8|4|3|1|1|1|1,9,2,214722,silent,214720
9,9|8|8|4|2|2|1|1|1,9,1,246337,silent,246336
9,9|8|8|3|3|2|1|1|1,9,1,214991,silent,214990
9,9|8|8|3|2|2|2|1|1,9,1,154402,silent,154401
9,9|8|8|2|2|2|2|2|1,9,0,-1,a0,
9,9|8|7|7|1|1|1|1|1,9,0,-1,a0,
9,9|8|7|6|2|1|1|1|1,9,2,217416,silent,217414
9,9|8|7|5|3|1|1|1|1,9,3,527104,silent,527101
9,9|8|7|5|2|2|1|1|1,9,4,567600,silent,567596
9,9|8|7|4|4|1|1|1|1,9,2,332605,silent,332603
9,9|8|7|4|3|2|1|1|1,9,5,1051387,silent,1051382
9,9|8|7|4|2|2|2|1|1,9,2,598897,silent,598895
9,9|8|7|3|3|3|1|1|1,9,0,-1,a0,
9,9|8|7|3|3|2|2|1|1,9,1,576374,silent,576373
9,9|8|7|3|2|2|2|2|1,9,1,257923,silent,257922
9,9|8|7|2|2|2|2|2|2,9,0,-1,a0,
9,9|8|6|6|3|1|1|1|1,9,2,320260,silent,320258
9,9|8|6|6|2|2|1|1|1,9,1,335466,silent,335465
9,9|8|6|5|4|1|1|1|1,9,3,542187,silent,542184
9,9|8|6|5|3|2|1|1|1,9,5,1374741,silent,1374736
9,9|8|6|5|2|2|2|1|1,9,3,728130,silent,728127
9,9|8|6|4|4|2|1|1|1,9,4,1012125,silent,1012121
9,9|8|6|4|3|3|1|1|1,9,3,1053516,silent,1053513
9,9|8|6|4|3|2|2|1|1,9,4,1620231,silent,1620227
9,9|8|6|4|2|2|2|2|1,9,2,571922,silent,571920
9,9|8|6|3|3|3|2|1|1,9,0,-1,a0,
9,9|8|6|3|3|2|2|2|1,9,0,-1,a0,
9,9|8|6|3|2|2|2|2|2,9,0,-1,a0,
9,9|8|5|5|5|1|1|1|1,9,0,-1,a0,
9,9|8|5|5|4|2|1|1|1,9,4,805194,silent,805190
9,9|8|5|5|3|3|1|1|1,9,1,693858,silent,693857
9,9|8|5|5|3|2|2|1|1,9,2,1045206,silent,1045204
9,9|8|5|5|2|2|2|2|1,9,0,-1,a0,
9,9|8|5|4|4|3|1|1|1,9,3,800644,silent,800641
9,9|8|5|4|4|2|2|1|1,9,3,999298,silent,999295
9,9|8|5|4|3|3|2|1|1,9,1,1351702,silent,1351701
9,9|8|5|4|3|2|2|2|1,9,1,1029660,silent,1029659
9,9|8|5|4|2|2|2|2|2,9,0,-1,a0,
9,9|8|5|3|3|3|3|1|1,9,0,-1,a0,
9,9|8|5|3|3|3|2|2|1,9,0,-1,a0,
9,9|8|5|3|3|2|2|2|2,9,0,-1,a0,
9,9|8|4|4|4|4|1|1|1,9,0,-1,a0,
9,9|8|4|4|4|3|2|1|1,9,2,527092,silent,527090
9,9|8|4|4|4|2|2|2|1,9,1,322591,silent,322590
9,9|8|4|4|3|3|3|1|1,9,0,-1,a0,
9,9|8|4|4|3|3|2|2|1,9,0,-1,a0,
9,9|8|4|4|3|2|2|2|2,9,0,-1,a0,
9,9|8|4|3|3|3|3|2|1,9,0,-1,a0,
9,9|8|4|3|3|3|2|2|2,9,0,-1,a0,
9,9|8|3|3|3|3|3|3|1,9,0,-1,a0,
9,9|8|3|3|3|3|3|2|2,9,0,-1,a0,
9,9|7|7|7|2|1|1|1|1,9,1,48201,silent,48200
9,9|7|7|6|3|1|1|1|1,9,1,240254,silent,240253
9,9|7|7|6|2|2|1|1|1,9,2,251789,silent,251787
9,9|7|7|5|4|1|1|1|1,9,3,332828,silent,332825
9,9|7|7|5|3|2|1|1|1,9,3,832646,silent,832643
9,9|7|7|5|2|2|2|1|1,9,1,438485,silent,438484
9,9|7|7|4|4|2|1|1|1,9,4,580154,silent,580150
9,9|7|7|4|3|3|1|1|1,9,0,-1,a0,
9,9|7|7|4|3|2|2|1|1,9,2,913646,silent,913644
9,9|7|7|4|2|2|2|2|1,9,0,-1,a0,
9,9|7|7|3|3|3|2|1|1,9,0,-1,a0,
9,9|7|7|3|3|2|2|2|1,9,0,-1,a0,
9,9|7|7|3|2|2|2|2|2,9,0,-1,a0,
9,9|7|6|6|4|1|1|1|1,9,0,-1,a0,
9,9|7|6|6|3|2|1|1|1,9,2,639203,silent,639201
9,9|7|6|6|2|2|2|1|1,9,2,326686,silent,326684
9,9|7|6|5|5|1|1|1|1,9,1,223778,silent,223777
9,9|7|6|5|4|2|1|1|1,9,4,1241014,silent,1241010
9,9|7|6|5|3|3|1|1|1,9,2,1041319,silent,1041317
9,9|7|6|5|3|2|2|1|1,9,3,1554361,silent,1554358
9,9|7|6|5|2|2|2|2|1,9,1,503164,silent,503163
9,9|7|6|4|4|3|1|1|1,9,3,979642,silent,979639
9,9|7|6|4|4|2|2|1|1,9,5,1213751,silent,1213746
9,9|7|6|4|3|3|2|1|1,9,1,1596346,silent,1596345
9,9|7|6|4|3|2|2|2|1,9,1,1204834,silent,1204833
9,9|7|6|4|2|2|2|2|2,9,0,-1,a0,
9,9|7|6|3|3|3|3|1|1,9,0,-1,a0,
9,9|7|6|3|3|3|2|2|1,9,0,-1,a0,
9,9|7|6|3|3|2|2|2|2,9,0,-1,a0,
9,9|7|5|5|5|2|1|1|1,9,1,351296,silent,351295
9,9|7|5|5|4|3|1|1|1,9,3,871871,silent,871868
9,9|7|5|5|4|2|2|1|1,9,1,1056471,silent,1056470
9,9|7|5|5|3|3|2|1|1,9,1,1151781,silent,1151780
9,9|7|5|5|3|2|2|2|1,9,0,-1,a0,
9,9|7|5|5|2|2|2|2|2,9,0,-1,a0,
9,9|7|5|4|4|4|1|1|1,9,3,364446,silent,364443
9,9|7|5|4|4|3|2|1|1,9,3,1407956,silent,1407953
9,9|7|5|4|4|2|2|2|1,9,1,845259,silent,845258
9,9|7|5|4|3|3|3|1|1,9,0,-1,a0,
9,9|7|5|4|3|3|2|2|1,9,0,-1,a0,
9,9|7|5|4|3|2|2|2|2,9,0,-1,a0,
9,9|7|5|3|3|3|3|2|1,9,0,-1,a0,
9,9|7|5|3|3|3|2|2|2,9,0,-1,a0,
9,9|7|4|4|4|4|2|1|1,9,3,268583,silent,268580
9,9|7|4|4|4|3|3|1|1,9,0,-1,a0,
9,9|7|4|4|4|3|2|2|1,9,1,523878,silent,523877
9,9|7|4|4|4|2|2|2|2,9,0,-1,a0,
9,9|7|4|4|3|3|3|2|1,9,0,-1,a0,
9,9|7|4|4|3|3|2|2|2,9,0,-1,a0,
9,9|7|4|3|3|3|3|3|1,9,0,-1,a0,
9,9|7|4|3|3|3|3|2|2,9,0,-1,a0,
9,9|7|3|3|3|3|3|3|2,9,0,-1,a0,
9,9|6|6|6|5|1|1|1|1,9,0,-1,a0,
9,9|6|6|6|4|2|1|1|1,9,0,-1,a0,
9,9|6|6|6|3|3|1|1|1,9,1,248914,silent,248913
9,9|6|6|6|3|2|2|1|1,9,1,364675,silent,364674
9,9|6|6|6|2|2|2|2|1,9,1,114474,silent,114473
9,9|6|6|5|5|2|1|1|1,9,1,290485,silent,290484
9,9|6|6|5|4|3|1|1|1,9,1,675134,silent,675133
9,9|6|6|5|4|2|2|1|1,9,2,811892,silent,811890
9,9|6|6|5|3|3|2|1|1,9,1,866095,silent,866094
9,9|6|6|5|3|2|2|2|1,9,1,631092,silent,631091
9,9|6|6|5|2|2|2|2|2,9,0,-1,a0,
9,9|6|6|4|4|4|1|1|1,9,0,-1,a0,
9,9|6|6|4|4|3|2|1|1,9,2,876889,silent,876887
9,9|6|6|4|4|2|2|2|1,9,2,523423,silent,523421
9,9|6|6|4|3|3|3|1|1,9,0,-1,a0,
9,9|6|6|4|3|3|2|2|1,9,0,-1,a0,
9,9|6|6|4|3|2|2|2|2,9,0,-1,a0,
9,9|6|6|3|3|3|3|2|1,9,0,-1,a0,
9,9|6|6|3|3|3|2|2|2,9,0,-1,a0,
9,9|6|5|5|5|3|1|1|1,9,0,-1,a0,
9,9|6|5|5|5|2|2|1|1,9,0,-1,a0,
9,9|6|5|5|4|4|1|1|1,9,1,276844,silent,276843
9,9|6|5|5|4|3|2|1|1,9,1,988945,silent,988944
9,9|6|5|5|4|2|2|2|1,9,0,-1,a0,
9,9|6|5|5|3|3|3|1|1,9,0,-1,a0,
9,9|6|5|5|3|3|2|2|1,9,0,-1,a0,
9,9|6|5|5|3|2|2|2|2,9,0,-1,a0,
9,9|6|5|4|4|4|2|1|1,9,2,473249,silent,473247
9,9|6|5|4|4|3|3|1|1,9,1,583974,silent,583973
9,9|6|5|4|4|3|2|2|1,9,1,890751,silent,890750
9,9|6|5|4|4|2|2|2|2,9,0,-1,a0,
9,9|6|5|4|3|3|3|2|1,9,0,-1,a0,
9,9|6|5|4|3|3|2|2|2,9,0,-1,a0,
9,9|6|5|3|3|3|3|3|1,9,0,-1,a0,
9,9|6|5|3|3|3|3|2|2,9,0,-1,a0,
9,9|6|4|4|4|4|3|1|1,9,1,159215,silent,159214
9,9|6|4|4|4|4|2|2|1,9,2,198114,silent,198112
9,9|6|4|4|4|3|3|2|1,9,0,-1,a0,
9,9|6|4|4|4|3|2|2|2,9,0,-1,a0,
9,9|6|4|4|3|3|3|3|1,9,0,-1,a0,
9,9|6|4|4|3|3|3|2|2,9,0,-1,a0,
9,9|6|4|3|3|3|3|3|2,9,0,-1,a0,
9,9|6|3|3|3|3|3|3|3,9,0,-1,a0,
9,9|5|5|5|5|4|1|1|1,9,0,-1,a0,
9,9|5|5|5|5|3|2|1|1,9,0,-1,a0,
9,9|5|5|5|5|2|2|2|1,9,0,-1,a0,
9,9|5|5|5|4|4|2|1|1,9,0,-1,a0,
9,9|5|5|5|4|3|3|1|1,9,0,-1,a0,
9,9|5|5|5|4|3|2|2|1,9,0,-1,a0,
9,9|5|5|5|4|2|2|2|2,9,0,-1,a0,
9,9|5|5|5|3|3|3|2|1,9,0,-1,a0,
9,9|5|5|5|3|3|2|2|2,9,0,-1,a0,
9,9|5|5|4|4|4|3|1|1,9,1,143173,silent,143172
9,9|5|5|4|4|4|2|2|1,9,0,-1,a0,
9,9|5|5|4|4|3|3|2|1,9,0,-1,a0,
9,9|5|5|4|4|3|2|2|2,9,0,-1,a0,
9,9|5|5|4|3|3|3|3|1,9,0,-1,a0,
9,9|5|5|4|3|3|3|2|2,9,0,-1,a0,
9,9|5|5|3|3|3|3|3|2,9,0,-1,a0,
9,9|5|4|4|4|4|4|1|1,9,1,25198,silent,25197
9,9|5|4|4|4|4|3|2|1,9,1,103180,silent,103179
9,9|5|4|4|4|4|2|2|2,9,0,-1,a0,
9,9|5|4|4|4|3|3|3|1,9,0,-1,a0,
9,9|5|4|4|4|3|3|2|2,9,0,-1,a0,
9,9|5|4|4|3|3|3|3|2,9,0,-1,a0,
9,9|5|4|3|3|3|3|3|3,9,0,-1,a0,
9,9|4|4|4|4|4|4|2|1,9,1,9324,silent,9323
9,9|4|4|4|4|4|3|3|1,9,0,-1,a0,
9,9|4|4|4|4|4|3|2|2,9,0,-1,a0,
9,9|4|4|4|4|3|3|3|2,9,0,-1,a0,
9,9|4|4|4|3|3|3|3|3,9,0,-1,a0,
10,35|1|1|1|1|1,6,0,-1,a0,
10,34|2|1|1|1|1,6,0,-1,a0,
10,33|3|1|1|1|1,6,0,-1,a0,
10,33|2|2|1|1|1,6,0,-1,a0,
10,32|4|1|1|1|1,6,0,-1,a0,
10,32|3|2|1|1|1,6,0,-1,a0,
10,32|2|2|2|1|1,6,0,-1,a0,
10,31|5|1|1|1|1,6,0,-1,a0,
10,31|4|2|1|1|1,6,0,-1,a0,
10,31|3|3|1|1|1,6,0,-1,a0,
10,31|3|2|2|1|1,6,0,-1,a0,
10,31|2|2|2|2|1,6,0,-1,a0,
10,30|6|1|1|1|1,6,0,-1,a0,
10,30|5|2|1|1|1,6,0,-1,a0,
10,30|4|3|1|1|1,6,0,-1,a0,
10,30|4|2|2|1|1,6,0,-1,a0,
10,30|3|3|2|1|1,6,0,-1,a0,
10,30|3|2|2|2|1,6,0,-1,a0,
10,30|2|2|2|2|2,6,1,13,silent,12
10,29|7|1|1|1|1,6,0,-1,a0,
10,29|6|2|1|1|1,6,0,-1,a0,
10,29|5|3|1|1|1,6,0,-1,a0,
10,29|5|2|2|1|1,6,0,-1,a0,
10,29|4|4|1|1|1,6,0,-1,a0,
10,29|4|3|2|1|1,6,0,-1,a0,
10,29|4|2|2|2|1,6,1,78,silent,77
10,29|3|3|3|1|1,6,0,-1,a0,
10,29|3|3|2|2|1,6,0,-1,a0,
10,29|3|2|2|2|2,6,1,30,silent,29
10,28|8|1|1|1|1,6,0,-1,a0,
10,28|7|2|1|1|1,6,0,-1,a0,
10,28|6|3|1|1|1,6,0,-1,a0,
10,28|6|2|2|1|1,6,0,-1,a0,
10,28|5|4|1|1|1,6,0,-1,a0,
10,28|5|3|2|1|1,6,1,375,silent,374
10,28|5|2|2|2|1,6,2,169,silent,167
10,28|4|4|2|1|1,6,0,-1,a0,
10,28|4|3|3|1|1,6,0,-1,a0,
10,28|4|3|2|2|1,6,1,260,silent,259
10,28|4|2|2|2|2,6,3,105,silent,102
10,28|3|3|3|2|1,6,0,-1,a0,
10,28|3|3|2|2|2,6,0,-1,a0,
10,27|9|1|1|1|1,6,0,-1,a0,
10,27|8|2|1|1|1,6,0,-1,a0,
10,27|7|3|1|1|1,6,0,-1,a0,
10,27|7|2|2|1|1,6,1,257,silent,256
10,27|6|4|1|1|1,6,0,-1,a0,
10,27|6|3|2|1|1,6,2,726,silent,724
10,27|6|2|2|2|1,6,4,322,silent,318
10,27|5|5|1|1|1,6,1,199,silent,198
10,27|5|4|2|1|1,6,2,701,silent,699
10,27|5|3|3|1|1,6,1,578,silent,577
10,27|5|3|2|2|1,6,4,692,silent,688
10,27|5|2|2|2|2,6,4,197,silent,193
10,27|4|4|3|1|1,6,0,-1,a0,
10,27|4|4|2|2|1,6,3,426,silent,423
10,27|4|3|3|2|1,6,0,-1,a0,
10,27|4|3|2|2|2,6,2,270,silent,268
10,27|3|3|3|3|1,6,0,-1,a0,
10,27|3|3|3|2|2,6,0,-1,a0,
10,26|10|1|1|1|1,6,0,-1,a0,
10,26|9|2|1|1|1,6,0,-1,a0,
10,26|8|3|1|1|1,6,1,486,silent,485
10,26|8|2|2|1|1,6,1,361,silent,360
10,26|7|4|1|1|1,6,1,672,silent,671
10,26|7|3|2|1|1,6,5,1265,silent,1260
10,26|7|2|2|2|1,6,7,533,silent,526
10,26|6|5|1|1|1,6,1,550,silent,549
10,26|6|4|2|1|1,6,5,1607,silent,1602
10,26|6|3|3|1|1,6,3,1230,silent,1227
10,26|6|3|2|2|1,6,9,1466,silent,1457
10,26|6|2|2|2|2,6,9,410,silent,401
10,26|5|5|2|1|1,6,5,873,silent,868
10,26|5|4|3|1|1,6,4,1457,silent,1453
10,26|5|4|2|2|1,6,9,1535,silent,1526
10,26|5|3|3|2|1,6,2,1385,silent,1383
10,26|5|3|2|2|2,6,4,724,silent,720
10,26|4|4|4|1|1,6,0,-1,a0,
10,26|4|4|3|2|1,6,2,1019,silent,1017
10,26|4|4|2|2|2,6,6,539,silent,533
10,26|4|3|3|3|1,6,0,-1,a0,
10,26|4|3|3|2|2,6,0,-1,a0,
10,26|3|3|3|3|2,6,0,-1,a0,
10,25|11|1|1|1|1,6,0,-1,a0,
10,25|10|2|1|1|1,6,0,-1,a0,
10,25|9|3|1|1|1,6,1,672,silent,671
10,25|9|2|2|1|1,6,3,527,silent,524
10,25|8|4|1|1|1,6,2,1070,silent,1068
10,25|8|3|2|1|1,6,9,1954,silent,1945
10,25|8|2|2|2|1,6,11,812,silent,801
10,25|7|5|1|1|1,6,4,1189,silent,1185
10,25|7|4|2|1|1,6,14,3178,silent,3164
10,25|7|3|3|1|1,6,6,2214,silent,2208
10,25|7|3|2|2|1,6,18,2640,silent,2622
10,25|7|2|2|2|2,6,11,638,silent,627
10,25|6|6|1|1|1,6,0,-1,a0,
10,25|6|5|2|1|1,6,11,2684,silent,2673
10,25|6|4|3|1|1,6,10,3655,silent,3645
10,25|6|4|2|2|1,6,24,3798,silent,3774
10,25|6|3|3|2|1,6,6,3144,silent,3138
10,25|6|3|2|2|2,6,12,1649,silent,1637
10,25|5|5|3|1|1,6,9,2039,silent,2030
10,25|5|5|2|2|1,6,8,1830,silent,1822
10,25|5|4|4|1|1,6,5,1432,silent,1427
10,25|5|4|3|2|1,6,12,4201,silent,4189
10,25|5|4|2|2|2,6,11,1788,silent,1777
10,25|5|3|3|3|1,6,0,-1,a0,
10,25|5|3|3|2|2,6,1,1562,silent,1561
10,25|4|4|4|2|1,6,5,1051,silent,1046
10,25|4|4|3|3|1,6,0,-1,a0,
10,25|4|4|3|2|2,6,4,1301,silent,1297
10,25|4|3|3|3|2,6,0,-1,a0,
10,25|3|3|3|3|3,6,0,-1,a0,
10,24|12|1|1|1|1,6,0,-1,a0,
10,24|11|2|1|1|1,6,0,-1,a0,
10,24|10|3|1|1|1,6,2,854,silent,852
10,24|10|2|2|1|1,6,3,648,silent,645
10,24|9|4|1|1|1,6,4,1578,silent,1574
10,24|9|3|2|1|1,6,15,2798,silent,2783
10,24|9|2|2|2|1,6,16,1134,silent,1118
10,24|8|5|1|1|1,6,8,2057,silent,2049
10,24|8|4|2|1|1,6,24,5256,silent,5232
10,24|8|3|3|1|1,6,14,3604,silent,3590
10,24|8|3|2|2|1,6,30,4262,silent,4232
10,24|8|2|2|2|2,6,19,1033,silent,1014
10,24|7|6|1|1|1,6,4,1467,silent,1463
10,24|7|5|2|1|1,6,30,6058,silent,6028
10,24|7|4|3|1|1,6,26,7481,silent,7455
10,24|7|4|2|2|1,6,46,7522,silent,7476
10,24|7|3|3|2|1,6,15,6026,silent,6011
10,24|7|3|2|2|2,6,20,3028,silent,3008
10,24|6|6|2|1|1,6,7,2549,silent,2542
10,24|6|5|3|1|1,6,24,6912,silent,6888
10,24|6|5|2|2|1,6,33,6379,silent,6346
10,24|6|4|4|1|1,6,12,3974,silent,3962
10,24|6|4|3|2|1,6,34,11140,silent,11106
10,24|6|4|2|2|2,6,32,4689,silent,4657
10,24|6|3|3|3|1,6,1,3376,silent,3375
10,24|6|3|3|2|2,6,4,3729,silent,3725
10,24|5|5|4|1|1,6,13,2875,silent,2862
10,24|5|5|3|2|1,6,16,5970,silent,5954
10,24|5|5|2|2|2,6,5,2071,silent,2066
10,24|5|4|4|2|1,6,19,5000,silent,4981
10,24|5|4|3|3|1,6,5,4797,silent,4792
10,24|5|4|3|2|2,6,12,5398,silent,5386
10,24|5|3|3|3|2,6,0,-1,a0,
10,24|4|4|4|3|1,6,3,1459,silent,1456
10,24|4|4|4|2|2,6,10,1606,silent,1596
10,24|4|4|3|3|2,6,0,-1,a0,
10,24|4|3|3|3|3,6,0,-1,a0,
10,23|13|1|1|1|1,6,0,-1,a0,
10,23|12|2|1|1|1,6,0,-1,a0,
10,23|11|3|1|1|1,6,2,1009,silent,1007
10,23|11|2|2|1|1,6,6,801,silent,795
10,23|10|4|1|1|1,6,6,2083,silent,2077
10,23|10|3|2|1|1,6,21,3640,silent,3619
10,23|10|2|2|2|1,6,21,1463,silent,1442
10,23|9|5|1|1|1,6,13,3203,silent,3190
10,23|9|4|2|1|1,6,43,7986,silent,7943
10,23|9|3|3|1|1,6,19,5235,silent,5216
10,23|9|3|2|2|1,6,47,6210,silent,6163
10,23|9|2|2|2|2,6,21,1373,silent,1352
10,23|8|6|1|1|1,6,9,2956,silent,2947
10,23|8|5|2|1|1,6,55,10978,silent,10923
10,23|8|4|3|1|1,6,49,13002,silent,12953
10,23|8|4|2|2|1,6,81,12958,silent,12877
10,23|8|3|3|2|1,6,30,10123,silent,10093
10,23|8|3|2|2|2,6,35,5046,silent,5011
10,23|7|7|1|1|1,6,7,1345,silent,1338
10,23|7|6|2|1|1,6,37,8210,silent,8173
10,23|7|5|3|1|1,6,61,16288,silent,16227
10,23|7|5|2|2|1,6,73,14720,silent,14647
10,23|7|4|4|1|1,6,35,8908,silent,8873
10,23|7|4|3|2|1,6,75,23428,silent,23353
10,23|7|4|2|2|2,6,51,9266,silent,9215
10,23|7|3|3|3|1,6,4,6723,silent,6719
10,23|7|3|3|2|2,6,13,7518,silent,7505
10,23|6|6|3|1|1,6,19,7332,silent,7313
10,23|6|6|2|2|1,6,35,6799,silent,6764
10,23|6|5|4|1|1,6,36,10671,silent,10635
10,23|6|5|3|2|1,6,63,21904,silent,21841
10,23|6|5|2|2|2,6,35,7883,silent,7848
10,23|6|4|4|2|1,6,53,14612,silent,14559
10,23|6|4|3|3|1,6,15,13391,silent,13376
10,23|6|4|3|2|2,6,37,14917,silent,14880
10,23|6|3|3|3|2,6,0,-1,a0,
10,23|5|5|5|1|1,6,9,2271,silent,2262
10,23|5|5|4|2|1,6,25,9732,silent,9707
10,23|5|5|3|3|1,6,12,7648,silent,7636
10,23|5|5|3|2|2,6,11,7829,silent,7818
10,23|5|4|4|3|1,6,19,7738,silent,7719
10,23|5|4|4|2|2,6,22,7209,silent,7187
10,23|5|4|3|3|2,6,4,8286,silent,8282
10,23|5|3|3|3|3,6,0,-1,a0,
10,23|4|4|4|4|1,6,7,1068,silent,1061
10,23|4|4|4|3|2,6,6,2793,silent,2787
10,23|4|4|3|3|3,6,0,-1,a0,
10,22|14|1|1|1|1,6,0,-1,a0,
10,22|13|2|1|1|1,6,0,-1,a0,
10,22|12|3|1|1|1,6,4,1098,silent,1094
10,22|12|2|2|1|1,6,5,840,silent,835
10,22|11|4|1|1|1,6,9,2532,silent,2523
10,22|11|3|2|1|1,6,28,4365,silent,4337
10,22|11|2|2|2|1,6,25,1727,silent,1702
10,22|10|5|1|1|1,6,19,4360,silent,4341
10,22|10|4|2|1|1,6,58,10666,silent,10608
10,22|10|3|3|1|1,6,32,6981,silent,6949
10,22|10|3|2|2|1,6,63,8220,silent,8157
10,22|10|2|2|2|2,6,31,1840,silent,1809
10,22|9|6|1|1|1,6,20,5019,silent,4999
10,22|9|5|2|1|1,6,93,17411,silent,17318
10,22|9|4|3|1|1,6,82,20021,silent,19939
10,22|9|4|2|2|1,6,122,19663,silent,19541
10,22|9|3|3|2|1,6,49,15173,silent,15124
10,22|9|3|2|2|2,6,49,7402,silent,7353
10,22|8|7|1|1|1,6,17,3530,silent,3513
10,22|8|6|2|1|1,6,74,17058,silent,16984
10,22|8|5|3|1|1,6,120,30687,silent,30567
10,22|8|5|2|2|1,6,138,27659,silent,27521
10,22|8|4|4|1|1,6,57,16167,silent,16110
10,22|8|4|3|2|1,6,140,41834,silent,41694
10,22|8|4|2|2|2,6,93,16417,silent,16324
10,22|8|3|3|3|1,6,12,11601,silent,11589
10,22|8|3|3|2|2,6,23,12903,silent,12880
10,22|7|7|2|1|1,6,40,7596,silent,7556
10,22|7|6|3|1|1,6,81,24050,silent,23969
10,22|7|6|2|2|1,6,97,21278,silent,21181
10,22|7|5|4|1|1,6,96,26864,silent,26768
10,22|7|5|3|2|1,6,153,53179,silent,53026
10,22|7|5|2|2|2,6,68,18456,silent,18388
10,22|7|4|4|2|1,6,109,32673,silent,32564
10,22|7|4|3|3|1,6,43,29449,silent,29406
10,22|7|4|3|2|2,6,75,32045,silent,31970
10,22|7|3|3|3|2,6,3,11435,silent,11432
10,22|6|6|4|1|1,6,32,13083,silent,13051
10,22|6|6|3|2|1,6,70,25160,silent,25090
10,22|6|6|2|2|2,6,47,9026,silent,8979
10,22|6|5|5|1|1,6,29,9701,silent,9672
10,22|6|5|4|2|1,6,105,39173,silent,39068
10,22|6|5|3|3|1,6,41,28998,silent,28957
10,22|6|5|3|2|2,6,57,30235,silent,30178
10,22|6|4|4|3|1,6,50,23755,silent,23705
10,22|6|4|4|2|2,6,66,21814,silent,21748
10,22|6|4|3|3|2,6,14,23891,silent,23877
10,22|6|3|3|3|3,6,0,-1,a0,
10,22|5|5|5|2|1,6,13,8077,silent,8064
10,22|5|5|4|3|1,6,31,16790,silent,16759
10,22|5|5|4|2|2,6,17,13898,silent,13881
10,22|5|5|3|3|2,6,12,13792,silent,13780
10,22|5|4|4|4|1,6,19,5821,silent,5802
10,22|5|4|4|3|2,6,22,14783,silent,14761
10,22|5|4|3|3|3,6,0,-1,a0,
10,22|4|4|4|4|2,6,13,2383,silent,2370
10,22|4|4|4|3|3,6,0,-1,a0,
10,21|15|1|1|1|1,6,0,-1,a0,
10,21|14|2|1|1|1,6,0,-1,a0,
10,21|13|3|1|1|1,6,3,1104,silent,1101
10,21|13|2|2|1|1,6,8,884,silent,876
10,21|12|4|1|1|1,6,11,2781,silent,2770
10,21|12|3|2|1|1,6,32,4759,silent,4727
10,21|12|2|2|2|1,6,28,1876,silent,1848
10,21|11|5|1|1|1,6,26,5397,silent,5371
10,21|11|4|2|1|1,6,80,13107,silent,13027
10,21|11|3|3|1|1,6,37,8339,silent,8302
10,21|11|3|2|2|1,6,79,9850,silent,9771
10,21|11|2|2|2|2,6,30,2065,silent,2035
10,21|10|6|1|1|1,6,29,7158,silent,7129
10,21|10|5|2|1|1,6,129,24080,silent,23951
10,21|10|4|3|1|1,6,116,27281,silent,27165
10,21|10|4|2|2|1,6,167,26658,silent,26491
10,21|10|3|3|2|1,6,71,20363,silent,20292
10,21|10|3|2|2|2,6,67,9867,silent,9800
10,21|9|7|1|1|1,6,32,6731,silent,6699
10,21|9|6|2|1|1,6,139,29242,silent,29103
10,21|9|5|3|1|1,6,193,49393,silent,49200
10,21|9|5|2|2|1,6,216,44106,silent,43890
10,21|9|4|4|1|1,6,104,25848,silent,25744
10,21|9|4|3|2|1,6,221,64983,silent,64762
10,21|9|4|2|2|2,6,123,24716,silent,24593
10,21|9|3|3|3|1,6,20,17638,silent,17618
10,21|9|3|3|2|2,6,44,19751,silent,19707
10,21|8|8|1|1|1,6,9,2605,silent,2596
10,21|8|7|2|1|1,6,96,20871,silent,20775
10,21|8|6|3|1|1,6,174,51594,silent,51420
10,21|8|6|2|2|1,6,201,45376,silent,45175
10,21|8|5|4|1|1,6,178,52523,silent,52345
10,21|8|5|3|2|1,6,297,102530,silent,102233
10,21|8|5|2|2|2,6,135,35389,silent,35254
10,21|8|4|4|2|1,6,195,60664,silent,60469
10,21|8|4|3|3|1,6,84,53796,silent,53712
10,21|8|4|3|2|2,6,137,58117,silent,57980
10,21|8|3|3|3|2,6,7,20063,silent,20056
10,21|7|7|3|1|1,6,84,23042,silent,22958
10,21|7|7|2|2|1,6,73,19411,silent,19338
10,21|7|6|4|1|1,6,137,45422,silent,45285
10,21|7|6|3|2|1,6,220,82660,silent,82440
10,21|7|6|2|2|2,6,95,27670,silent,27575
10,21|7|5|5|1|1,6,73,25975,silent,25902
10,21|7|5|4|2|1,6,251,100329,silent,100078
10,21|7|5|3|3|1,6,112,72721,silent,72609
10,21|7|5|3|2|2,6,137,74877,silent,74740
10,21|7|4|4|3|1,6,115,55259,silent,55144
10,21|7|4|4|2|2,6,113,48799,silent,48686
10,21|7|4|3|3|2,6,44,53836,silent,53792
10,21|7|3|3|3|3,6,0,-1,a0,
10,21|6|6|5|1|1,6,34,15891,silent,15857
10,21|6|6|4|2|1,6,128,51518,silent,51390
10,21|6|6|3|3|1,6,44,34730,silent,34686
10,21|6|6|3|2|2,6,78,36427,silent,36349
10,21|6|5|5|2|1,6,67,37170,silent,37103
10,21|6|5|4|3|1,6,115,69772,silent,69657
10,21|6|5|4|2|2,6,102,58721,silent,58619
10,21|6|5|3|3|2,6,40,53827,silent,53787
10,21|6|4|4|4|1,6,52,18988,silent,18936
10,21|6|4|4|3|2,6,64,46638,silent,46574
10,21|6|4|3|3|3,6,1,18805,silent,18804
10,21|5|5|5|3|1,6,20,16013,silent,15993
10,21|5|5|5|2|2,6,6,11943,silent,11937
10,21|5|5|4|4|1,6,22,14060,silent,14038
10,21|5|5|4|3|2,6,31,32703,silent,32672
10,21|5|5|3|3|3,6,5,11277,silent,11272
10,21|5|4|4|4|2,6,27,12710,silent,12683
10,21|5|4|4|3|3,6,7,12431,silent,12424
10,21|4|4|4|4|3,6,7,2452,silent,2445
10,20|16|1|1|1|1,6,0,-1,a0,
10,20|15|2|1|1|1,6,0,-1,a0,
10,20|14|3|1|1|1,6,4,1011,silent,1007
10,20|14|2|2|1|1,6,5,773,silent,768
10,20|13|4|1|1|1,6,12,2793,silent,2781
10,20|13|3|2|1|1,6,34,4744,silent,4710
10,20|13|2|2|2|1,6,28,1851,silent,1823
10,20|12|5|1|1|1,6,30,5927,silent,5897
10,20|12|4|2|1|1,6,86,14235,silent,14149
10,20|12|3|3|1|1,6,48,9120,silent,9072
10,20|12|3|2|2|1,6,86,10691,silent,10605
10,20|12|2|2|2|2,6,38,2298,silent,2260
10,20|11|6|1|1|1,6,41,9047,silent,9006
10,20|11|5|2|1|1,6,165,29685,silent,29520
10,20|11|4|3|1|1,6,149,33233,silent,33084
10,20|11|4|2|2|1,6,202,32213,silent,32011
10,20|11|3|3|2|1,6,91,24487,silent,24396
10,20|11|3|2|2|2,6,77,11705,silent,11628
10,20|10|7|1|1|1,6,47,10075,silent,10028
10,20|10|6|2|1|1,6,192,41780,silent,41588
10,20|10|5|3|1|1,6,274,68805,silent,68531
10,20|10|5|2|2|1,6,298,61287,silent,60989
10,20|10|4|4|1|1,6,132,35478,silent,35346
10,20|10|4|3|2|1,6,305,88708,silent,88403
10,20|10|4|2|2|2,6,174,33675,silent,33501
10,20|10|3|3|3|1,6,34,23763,silent,23729
10,20|10|3|3|2|2,6,56,26425,silent,26369
10,20|9|8|1|1|1,6,29,6753,silent,6724
10,20|9|7|2|1|1,6,183,39730,silent,39547
10,20|9|6|3|1|1,6,304,88569,silent,88265
10,20|9|6|2|2|1,6,322,76854,silent,76532
10,20|9|5|4|1|1,6,290,86157,silent,85867
10,20|9|5|3|2|1,6,474,165728,silent,165254
10,20|9|5|2|2|2,6,195,56261,silent,56066
10,20|9|4|4|2|1,6,295,95982,silent,95687
10,20|9|4|3|3|1,6,142,84518,silent,84376
10,20|9|4|3|2|2,6,207,90371,silent,90164
10,20|9|3|3|3|2,6,18,30825,silent,30807
10,20|8|8|2|1|1,6,61,16046,silent,15985
10,20|8|7|3|1|1,6,219,65057,silent,64838
10,20|8|7|2|2|1,6,207,55361,silent,55154
10,20|8|6|4|1|1,6,278,99911,silent,99633
10,20|8|6|3|2|1,6,465,179334,silent,178869
10,20|8|6|2|2|2,6,205,59685,silent,59480
10,20|8|5|5|1|1,6,149,52866,silent,52717
10,20|8|5|4|2|1,6,479,199087,silent,198608
10,20|8|5|3|3|1,6,220,141915,silent,141695
10,20|8|5|3|2|2,6,263,145712,silent,145449
10,20|8|4|4|3|1,6,197,104149,silent,103952
10,20|8|4|4|2|2,6,211,91451,silent,91240
10,20|8|4|3|3|2,6,81,99068,silent,98987
10,20|8|3|3|3|3,6,1,15758,silent,15757
10,20|7|7|4|1|1,6,142,46410,silent,46268
10,20|7|7|3|2|1,6,188,79279,silent,79091
10,20|7|7|2|2|2,6,54,24979,silent,24925
10,20|7|6|5|1|1,6,137,58201,silent,58064
10,20|7|6|4|2|1,6,387,176265,silent,175878
10,20|7|6|3|3|1,6,168,117471,silent,117303
10,20|7|6|3|2|2,6,208,119688,silent,119480
10,20|7|5|5|2|1,6,179,102038,silent,101859
10,20|7|5|4|3|1,6,288,182996,silent,182708
10,20|7|5|4|2|2,6,227,151620,silent,151393
10,20|7|5|3|3|2,6,116,136956,silent,136840
10,20|7|4|4|4|1,6,99,45204,silent,45105
10,20|7|4|4|3|2,6,132,109160,silent,109028
10,20|7|4|3|3|3,6,10,43174,silent,43164
10,20|6|6|6|1|1,6,15,10224,silent,10209
10,20|6|6|5|2|1,6,118,65536,silent,65418
10,20|6|6|4|3|1,6,135,95316,silent,95181
10,20|6|6|4|2|2,6,149,80146,silent,79997
10,20|6|6|3|3|2,6,45,66290,silent,66245
10,20|6|5|5|3|1,6,86,75205,silent,75119
10,20|6|5|5|2|2,6,52,57145,silent,57093
10,20|6|5|4|4|1,6,96,62157,silent,62061
10,20|6|5|4|3|2,6,131,139512,silent,139381
10,20|6|5|3|3|3,6,13,44669,silent,44656
10,20|6|4|4|4|2,6,78,42280,silent,42202
10,20|6|4|4|3|3,6,18,40347,silent,40329
10,20|5|5|5|4|1,6,15,17999,silent,17984
10,20|5|5|5|3|2,6,20,32390,silent,32370
10,20|5|5|4|4|2,6,23,30995,silent,30972
10,20|5|5|4|3|3,6,20,30048,silent,30028
10,20|5|4|4|4|3,6,18,14432,silent,14414
10,20|4|4|4|4|4,6,10,1494,silent,1484
10,19|17|1|1|1|1,6,0,-1,a0,
10,19|16|2|1|1|1,6,0,-1,a0,
10,19|15|3|1|1|1,6,2,821,silent,819
10,19|15|2|2|1|1,6,7,669,silent,662
10,19|14|4|1|1|1,6,11,2483,silent,2472
10,19|14|3|2|1|1,6,31,4206,silent,4175
10,19|14|2|2|2|1,6,25,1640,silent,1615
10,19|13|5|1|1|1,6,30,5863,silent,5833
10,19|13|4|2|1|1,6,93,14071,silent,13978
10,19|13|3|3|1|1,6,42,8806,silent,8764
10,19|13|3|2|2|1,6,88,10382,silent,10294
10,19|13|2|2|2|2,6,29,2097,silent,2068
10,19|12|6|1|1|1,6,46,9945,silent,9899
10,19|12|5|2|1|1,6,180,32237,silent,32057
10,19|12|4|3|1|1,6,164,35869,silent,35705
10,19|12|4|2|2|1,6,219,34682,silent,34463
10,19|12|3|3|2|1,6,101,26234,silent,26133
10,19|12|3|2|2|2,6,85,12504,silent,12419
10,19|11|7|1|1|1,6,62,12981,silent,12919
10,19|11|6|2|1|1,6,253,52213,silent,51960
10,19|11|5|3|1|1,6,333,83890,silent,83557
10,19|11|5|2|2|1,6,357,74344,silent,73987
10,19|11|4|4|1|1,6,176,43332,silent,43156
10,19|11|4|3|2|1,6,371,106588,silent,106217
10,19|11|4|2|2|2,6,186,39660,silent,39474
10,19|11|3|3|3|1,6,41,28267,silent,28226
10,19|11|3|3|2|2,6,78,31615,silent,31537
10,19|10|8|1|1|1,6,46,11187,silent,11141
10,19|10|7|2|1|1,6,260,59451,silent,59191
10,19|10|6|3|1|1,6,427,126468,silent,126041
10,19|10|6|2|2|1,6,447,109392,silent,108945
10,19|10|5|4|1|1,6,390,120048,silent,119658
10,19|10|5|3|2|1,6,649,229371,silent,228722
10,19|10|5|2|2|2,6,269,77537,silent,77268
10,19|10|4|4|2|1,6,391,131265,silent,130874
10,19|10|4|3|3|1,6,196,114798,silent,114602
10,19|10|4|3|2|2,6,278,122266,silent,121988
10,19|10|3|3|3|2,6,26,41169,silent,41143
10,19|9|9|1|1|1,6,23,4731,silent,4708
10,19|9|8|2|1|1,6,166,40623,silent,40457
10,19|9|7|3|1|1,6,397,123379,silent,122982
10,19|9|7|2|2|1,6,367,103933,silent,103566
10,19|9|6|4|1|1,6,489,172927,silent,172438
10,19|9|6|3|2|1,6,758,304942,silent,304184
10,19|9|6|2|2|2,6,290,99280,silent,98990
10,19|9|5|5|1|1,6,224,87389,silent,87165
10,19|9|5|4|2|1,6,743,324271,silent,323528
10,19|9|5|3|3|1,6,355,229318,silent,228963
10,19|9|5|3|2|2,6,415,234136,silent,233721
10,19|9|4|4|3|1,6,309,165286,silent,164977
10,19|9|4|4|2|2,6,279,142595,silent,142316
10,19|9|4|3|3|2,6,142,155195,silent,155053
10,19|9|3|3|3|3,6,3,23912,silent,23909
10,19|8|8|3|1|1,6,149,51254,silent,51105
10,19|8|8|2|2|1,6,155,43786,silent,43631
10,19|8|7|4|1|1,6,353,133076,silent,132723
10,19|8|7|3|2|1,6,519,226372,silent,225853
10,19|8|7|2|2|2,6,184,72151,silent,71967
10,19|8|6|5|1|1,6,294,131815,silent,131521
10,19|8|6|4|2|1,6,801,388818,silent,388017
10,19|8|6|3|3|1,6,354,255515,silent,255161
10,19|8|6|3|2|2,6,430,259197,silent,258767
10,19|8|5|5|2|1,6,354,208548,silent,208194
10,19|8|5|4|3|1,6,535,364386,silent,363851
10,19|8|5|4|2|2,6,442,300972,silent,300530
10,19|8|5|3|3|2,6,218,267069,silent,266851
10,19|8|4|4|4|1,6,165,86273,silent,86108
10,19|8|4|4|3|2,6,232,205637,silent,205405
10,19|8|4|3|3|3,6,20,79796,silent,79776
10,19|7|7|5|1|1,6,150,65797,silent,65647
10,19|7|7|4|2|1,6,329,178420,silent,178091
10,19|7|7|3|3|1,6,164,115464,silent,115300
10,19|7|7|3|2|2,6,156,114407,silent,114251
10,19|7|6|6|1|1,6,84,42538,silent,42454
10,19|7|6|5|2|1,6,383,237232,silent,236849
10,19|7|6|4|3|1,6,444,331492,silent,331048
10,19|7|6|4|2|2,6,368,270669,silent,270301
10,19|7|6|3|3|2,6,179,224739,silent,224560
10,19|7|5|5|3|1,6,229,208456,silent,208227
10,19|7|5|5|2|2,6,153,158156,silent,158003
10,19|7|5|4|4|1,6,221,166129,silent,165908
10,19|7|5|4|3|2,6,317,366671,silent,366354
10,19|7|5|3|3|3,6,41,114394,silent,114353
10,19|7|4|4|4|2,6,128,100052,silent,99924
10,19|7|4|4|3|3,6,54,96741,silent,96687
10,19|6|6|6|2|1,6,74,44991,silent,44917
10,19|6|6|5|3|1,6,143,135895,silent,135752
10,19|6|6|5|2|2,6,126,104275,silent,104149
10,19|6|6|4|4|1,6,125,90865,silent,90740
10,19|6|6|4|3|2,6,167,194206,silent,194039
10,19|6|6|3|3|3,6,10,55662,silent,55652
10,19|6|5|5|4|1,6,73,88447,silent,88374
10,19|6|5|5|3|2,6,92,154652,silent,154560
10,19|6|5|4|4|2,6,126,139425,silent,139299
10,19|6|5|4|3|3,6,59,128433,silent,128374
10,19|6|4|4|4|3,6,49,48881,silent,48832
10,19|5|5|5|5|1,6,6,10400,silent,10394
10,19|5|5|5|4|2,6,15,40950,silent,40935
10,19|5|5|5|3|3,6,17,31998,silent,31981
10,19|5|5|4|4|3,6,21,37658,silent,37637
10,19|5|4|4|4|4,6,12,8088,silent,8076
10,18|18|1|1|1|1,6,0,-1,a0,
10,18|17|2|1|1|1,6,0,-1,a0,
10,18|16|3|1|1|1,6,3,539,silent,536
10,18|16|2|2|1|1,6,2,400,silent,398
10,18|15|4|1|1|1,6,9,1885,silent,1876
10,18|15|3|2|1|1,6,24,3180,silent,3156
10,18|15|2|2|2|1,6,19,1233,silent,1214
10,18|14|5|1|1|1,6,27,4960,silent,4933
10,18|14|4|2|1|1,6,74,11791,silent,11717
10,18|14|3|3|1|1,6,44,7508,silent,7464
10,18|14|3|2|2|1,6,73,8768,silent,8695
10,18|14|2|2|2|2,6,31,1862,silent,1831
10,18|13|6|1|1|1,6,46,9558,silent,9512
10,18|13|5|2|1|1,6,175,30633,silent,30458
10,18|13|4|3|1|1,6,159,33891,silent,33732
10,18|13|4|2|2|1,6,206,32623,silent,32417
10,18|13|3|3|2|1,6,98,24634,silent,24536
10,18|13|3|2|2|2,6,77,11644,silent,11567
10,18|12|7|1|1|1,6,68,14076,silent,14008
10,18|12|6|2|1|1,6,259,55665,silent,55406
10,18|12|5|3|1|1,6,359,88834,silent,88475
10,18|12|5|2|2|1,6,376,78627,silent,78251
10,18|12|4|4|1|1,6,169,45432,silent,45263
10,18|12|4|3|2|1,6,391,111874,silent,111483
10,18|12|4|2|2|2,6,207,41791,silent,41584
10,18|12|3|3|3|1,6,51,29523,silent,29472
10,18|12|3|3|2|2,6,75,32761,silent,32686
10,18|11|8|1|1|1,6,65,14906,silent,14841
10,18|11|7|2|1|1,6,327,74557,silent,74230
10,18|11|6|3|1|1,6,523,153973,silent,153450
10,18|11|6|2|2|1,6,524,132347,silent,131823
10,18|11|5|4|1|1,6,465,144000,silent,143535
10,18|11|5|3|2|1,6,766,273234,silent,272468
10,18|11|5|2|2|2,6,301,91567,silent,91266
10,18|11|4|4|2|1,6,450,155152,silent,154702
10,18|11|4|3|3|1,6,238,135303,silent,135065
10,18|11|4|3|2|2,6,320,143340,silent,143020
10,18|11|3|3|3|2,6,36,48078,silent,48042
10,18|10|9|1|1|1,6,40,9863,silent,9823
10,18|10|8|2|1|1,6,251,66219,silent,65968
10,18|10|7|3|1|1,6,566,182133,silent,181567
10,18|10|7|2|2|1,6,523,153412,silent,152889
10,18|10|6|4|1|1,6,646,243757,silent,243111
10,18|10|6|3|2|1,6,1033,427672,silent,426639
10,18|10|6|2|2|2,6,407,139024,silent,138617
10,18|10|5|5|1|1,6,311,121083,silent,120772
10,18|10|5|4|2|1,6,984,444269,silent,443285
10,18|10|5|3|3|1,6,480,312140,silent,311660
10,18|10|5|3|2|2,6,544,317944,silent,317400
10,18|10|4|4|3|1,6,388,222450,silent,222062
10,18|10|4|4|2|2,6,382,191807,silent,191425
10,18|10|4|3|3|2,6,184,206707,silent,206523
10,18|10|3|3|3|3,6,8,31486,silent,31478
10,18|9|9|2|1|1,6,113,27517,silent,27404
10,18|9|8|3|1|1,6,364,126786,silent,126422
10,18|9|8|2|2|1,6,337,106179,silent,105842
10,18|9|7|4|1|1,6,638,251084,silent,250446
10,18|9|7|3|2|1,6,912,421612,silent,420700
10,18|9|7|2|2|2,6,296,132501,silent,132205
10,18|9|6|5|1|1,6,491,227726,silent,227235
10,18|9|6|4|2|1,6,1266,658333,silent,657067
10,18|9|6|3|3|1,6,590,430089,silent,429499
10,18|9|6|3|2|2,6,666,432743,silent,432077
10,18|9|5|5|2|1,6,554,341126,silent,340572
10,18|9|5|4|3|1,6,819,587210,silent,586391
10,18|9|5|4|2|2,6,652,481854,silent,481202
10,18|9|5|3|3|2,6,357,425412,silent,425055
10,18|9|4|4|4|1,6,229,135501,silent,135272
10,18|9|4|4|3|2,6,334,320597,silent,320263
10,18|9|4|3|3|3,6,39,123491,silent,123452
10,18|8|8|4|1|1,6,235,106782,silent,106547
10,18|8|8|3|2|1,6,377,179049,silent,178672
10,18|8|8|2|2|2,6,154,57260,silent,57106
10,18|8|7|5|1|1,6,402,192348,silent,191946
10,18|8|7|4|2|1,6,897,512230,silent,511333
10,18|8|7|3|3|1,6,426,325715,silent,325289
10,18|8|7|3|2|2,6,442,324248,silent,323806
10,18|8|6|6|1|1,6,171,100190,silent,100019
10,18|8|6|5|2|1,6,804,532427,silent,531623
10,18|8|6|4|3|1,6,894,725917,silent,725023
10,18|8|6|4|2|2,6,769,590700,silent,589931
10,18|8|6|3|3|2,6,355,482913,silent,482558
10,18|8|5|5|3|1,6,449,422932,silent,422483
10,18|8|5|5|2|2,6,290,319975,silent,319685
10,18|8|5|4|4|1,6,403,331280,silent,330877
10,18|8|5|4|3|2,6,586,722615,silent,722029
10,18|8|5|3|3|3,6,80,221138,silent,221058
10,18|8|4|4|4|2,6,225,189235,silent,189010
10,18|8|4|4|3|3,6,82,180974,silent,180892
10,18|7|7|6|1|1,6,123,63214,silent,63091
10,18|7|7|5|2|1,6,364,264723,silent,264359
10,18|7|7|4|3|1,6,401,339402,silent,339001
10,18|7|7|4|2|2,6,267,270263,silent,269996
10,18|7|7|3|3|2,6,174,219674,silent,219500
10,18|7|6|6|2|1,6,248,178864,silent,178616
10,18|7|6|5|3|1,6,486,493395,silent,492909
10,18|7|6|5|2|2,6,357,371580,silent,371223
10,18|7|6|4|4|1,6,349,316201,silent,315852
10,18|7|6|4|3|2,6,500,667092,silent,666592
10,18|7|6|3|3|3,6,62,188837,silent,188775
10,18|7|5|5|4|1,6,197,247737,silent,247540
10,18|7|5|5|3|2,6,254,426703,silent,426449
10,18|7|5|4|4|2,6,271,369567,silent,369296
10,18|7|5|4|3|3,6,155,337805,silent,337650
10,18|7|4|4|4|3,6,89,117029,silent,116940
10,18|6|6|6|3|1,6,92,97225,silent,97133
10,18|6|6|6|2|2,6,97,73471,silent,73374
10,18|6|6|5|4|1,6,140,168870,silent,168730
10,18|6|6|5|3|2,6,168,282649,silent,282481
10,18|6|6|4|4|2,6,179,205433,silent,205254
10,18|6|6|4|3|3,6,60,179410,silent,179350
10,18|6|5|5|5|1,6,23,52764,silent,52741
10,18|6|5|5|4|2,6,86,202149,silent,202063
10,18|6|5|5|3|3,6,58,151492,silent,151434
10,18|6|5|4|4|3,6,89,168754,silent,168665
10,18|6|4|4|4|4,6,38,27868,silent,27830
10,18|5|5|5|5|2,6,8,24932,silent,24924
10,18|5|5|5|4|3,6,16,52713,silent,52697
10,18|5|5|4|4|4,6,6,21202,silent,21196
10,17|17|3|1|1|1,6,0,-1,a0,
10,17|17|2|2|1|1,6,3,173,silent,170
10,17|16|4|1|1|1,6,5,1015,silent,1010
10,17|16|3|2|1|1,6,13,1713,silent,1700
10,17|16|2|2|2|1,6,10,666,silent,656
10,17|15|5|1|1|1,6,18,3374,silent,3356
10,17|15|4|2|1|1,6,57,8084,silent,8027
10,17|15|3|3|1|1,6,23,4975,silent,4952
10,17|15|3|2|2|1,6,51,5886,silent,5835
10,17|15|2|2|2|2,6,14,1141,silent,1127
10,17|14|6|1|1|1,6,36,7549,silent,7513
10,17|14|5|2|1|1,6,137,24090,silent,23953
10,17|14|4|3|1|1,6,126,26590,silent,26464
10,17|14|4|2|2|1,6,162,25587,silent,25425
10,17|14|3|3|2|1,6,79,19277,silent,19198
10,17|14|3|2|2|2,6,61,9110,silent,9049
10,17|13|7|1|1|1,6,62,12960,silent,12898
10,17|13|6|2|1|1,6,247,50662,silent,50415
10,17|13|5|3|1|1,6,316,79701,silent,79385
10,17|13|5|2|2|1,6,333,70349,silent,70016
10,17|13|4|4|1|1,6,169,41018,silent,40849
10,17|13|4|3|2|1,6,349,99737,silent,99388
10,17|13|4|2|2|2,6,164,36644,silent,36480
10,17|13|3|3|3|1,6,42,26177,silent,26135
10,17|13|3|3|2|2,6,78,29300,silent,29222
10,17|12|8|1|1|1,6,67,15968,silent,15901
10,17|12|7|2|1|1,6,331,77691,silent,77360
10,17|12|6|3|1|1,6,528,157936,silent,157408
10,17|12|6|2|2|1,6,529,135593,silent,135064
10,17|12|5|4|1|1,6,462,146372,silent,145910
10,17|12|5|3|2|1,6,770,276920,silent,276150
10,17|12|5|2|2|2,6,305,92652,silent,92347
10,17|12|4|4|2|1,6,445,156521,silent,156076
10,17|12|4|3|3|1,6,240,136068,silent,135828
10,17|12|4|3|2|2,6,320,143914,silent,143594
10,17|12|3|3|3|2,6,37,47989,silent,47952
10,17|11|9|1|1|1,6,62,14068,silent,14006
10,17|11|8|2|1|1,6,329,84795,silent,84466
10,17|11|7|3|1|1,6,668,220305,silent,219637
10,17|11|7|2|2|1,6,606,184604,silent,183998
10,17|11|6|4|1|1,6,771,288017,silent,287246
10,17|11|6|3|2|1,6,1180,500936,silent,499756
10,17|11|6|2|2|2,6,422,160873,silent,160451
10,17|11|5|5|1|1,6,338,140581,silent,140243
10,17|11|5|4|2|1,6,1099,513114,silent,512015
10,17|11|5|3|3|1,6,547,359355,silent,358808
10,17|11|5|3|2|2,6,620,365078,silent,364458
10,17|11|4|4|3|1,6,442,254602,silent,254160
10,17|11|4|4|2|2,6,383,217210,silent,216827
10,17|11|4|3|3|2,6,223,235383,silent,235160
10,17|11|3|3|3|3,6,5,35255,silent,35250
10,17|10|10|1|1|1,6,18,5376,silent,5358
10,17|10|9|2|1|1,6,204,56674,silent,56470
10,17|10|8|3|1|1,6,548,201694,silent,201146
10,17|10|8|2|2|1,6,511,168747,silent,168236
10,17|10|7|4|1|1,6,861,361842,silent,360981
10,17|10|7|3|2|1,6,1255,604838,silent,603583
10,17|10|7|2|2|2,6,424,189923,silent,189499
10,17|10|6|5|1|1,6,649,315167,silent,314518
10,17|10|6|4|2|1,6,1656,901904,silent,900248
10,17|10|6|3|3|1,6,777,585935,silent,585158
10,17|10|6|3|2|2,6,871,588259,silent,587388
10,17|10|5|5|2|1,6,718,458577,silent,457859
10,17|10|5|4|3|1,6,1042,781903,silent,780861
10,17|10|5|4|2|2,6,841,640375,silent,639534
10,17|10|5|3|3|2,6,455,561643,silent,561188
10,17|10|4|4|4|1,6,280,178016,silent,177736
10,17|10|4|4|3|2,6,417,418835,silent,418418
10,17|10|4|3|3|3,6,53,160128,silent,160075
10,17|9|9|3|1|1,6,228,83798,silent,83570
10,17|9|9|2|2|1,6,187,68701,silent,68514
10,17|9|8|4|1|1,6,578,259741,silent,259163
10,17|9|8|3|2|1,6,829,426984,silent,426155
10,17|9|8|2|2|2,6,272,132797,silent,132525
10,17|9|7|5|1|1,6,689,358624,silent,357935
10,17|9|7|4|2|1,6,1524,938510,silent,936986
10,17|9|7|3|3|1,6,739,593057,silent,592318
10,17|9|7|3|2|2,6,748,586922,silent,586174
10,17|9|6|6|1|1,6,309,174453,silent,174144
10,17|9|6|5|2|1,6,1260,893919,silent,892659
10,17|9|6|4|3|1,6,1403,1202606,silent,1201203
10,17|9|6|4|2|2,6,1107,970007,silent,968900
10,17|9|6|3|3|2,6,592,792037,silent,791445
10,17|9|5|5|3|1,6,673,675735,silent,675062
10,17|9|5|5|2|2,6,468,510832,silent,510364
10,17|9|5|4|4|1,6,579,523415,silent,522836
10,17|9|5|4|3|2,6,864,1134106,silent,1133242
10,17|9|5|3|3|3,6,125,343816,silent,343691
10,17|9|4|4|4|2,6,275,288400,silent,288125
10,17|9|4|4|3|3,6,138,277440,silent,277302
10,17|8|8|5|1|1,6,284,159229,silent,158945
10,17|8|8|4|2|1,6,650,408025,silent,407375
10,17|8|8|3|3|1,6,291,253349,silent,253058
10,17|8|8|3|2|2,6,329,252560,silent,252231
10,17|8|7|6|1|1,6,317,189609,silent,189292
10,17|8|7|5|2|1,6,991,763539,silent,762548
10,17|8|7|4|3|1,6,1025,954497,silent,953472
10,17|8|7|4|2|2,6,781,762509,silent,761728
10,17|8|7|3|3|2,6,421,606322,silent,605901
10,17|8|6|6|2|1,6,526,413186,silent,412660
10,17|8|6|5|3|1,6,997,1087543,silent,1086546
10,17|8|6|5|2|2,6,730,815758,silent,815028
10,17|8|6|4|4|1,6,684,684490,silent,683806
10,17|8|6|4|3|2,6,989,1429401,silent,1428412
10,17|8|6|3|3|3,6,125,398135,silent,398010
10,17|8|5|5|4|1,6,375,497047,silent,496672
10,17|8|5|5|3|2,6,474,847678,silent,847204
10,17|8|5|4|4|2,6,496,721883,silent,721387
10,17|8|5|4|3|3,6,270,652740,silent,652470
10,17|8|4|4|4|3,6,140,217313,silent,217173
10,17|7|7|7|1|1,6,55,33945,silent,33890
10,17|7|7|6|2|1,6,287,257064,silent,256777
10,17|7|7|5|3|1,6,480,550157,silent,549677
10,17|7|7|5|2|2,6,305,406339,silent,406034
10,17|7|7|4|4|1,6,282,325387,silent,325105
10,17|7|7|4|3|2,6,422,671304,silent,670882
10,17|7|7|3|3|3,6,73,183758,silent,183685
10,17|7|6|6|3|1,6,327,384601,silent,384274
10,17|7|6|6|2|2,6,238,281393,silent,281155
10,17|7|6|5|4|1,6,443,609164,silent,608721
10,17|7|6|5|3|2,6,550,1005791,silent,1005241
10,17|7|6|4|4|2,6,434,698809,silent,698375
10,17|7|6|4|3|3,6,231,613397,silent,613166
10,17|7|5|5|5|1,6,72,149129,silent,149057
10,17|7|5|5|4|2,6,241,557832,silent,557591
10,17|7|5|5|3|3,6,140,410906,silent,410766
10,17|7|5|4|4|3,6,197,442935,silent,442738
10,17|7|4|4|4|4,6,50,64988,silent,64938
10,17|6|6|6|4|1,6,107,132711,silent,132604
10,17|6|6|6|3|2,6,121,203739,silent,203618
10,17|6|6|5|5|1,6,49,109147,silent,109098
10,17|6|6|5|4|2,6,186,385771,silent,385585
10,17|6|6|5|3|3,6,76,273599,silent,273523
10,17|6|6|4|4|3,6,115,247941,silent,247826
10,17|6|5|5|5|2,6,27,125407,silent,125380
10,17|6|5|5|4|3,6,72,257004,silent,256932
10,17|6|5|4|4|4,6,47,97195,silent,97148
10,17|5|5|5|5|3,6,8,35169,silent,35161
10,17|5|5|5|4|4,6,4,32564,silent,32560
10,16|16|5|1|1|1,6,7,1174,silent,1167
10,16|16|4|2|1|1,6,15,2742,silent,2727
10,16|16|3|3|1|1,6,14,1817,silent,1803
10,16|16|3|2|2|1,6,16,2079,silent,2063
10,16|16|2|2|2|2,6,11,491,silent,480
10,16|15|6|1|1|1,6,21,4204,silent,4183
10,16|15|5|2|1|1,6,76,13338,silent,13262
10,16|15|4|3|1|1,6,70,14686,silent,14616
10,16|15|4|2|2|1,6,89,14100,silent,14011
10,16|15|3|3|2|1,6,43,10617,silent,10574
10,16|15|3|2|2|2,6,34,5000,silent,4966
10,16|14|7|1|1|1,6,44,9071,silent,9027
10,16|14|6|2|1|1,6,161,35208,silent,35047
10,16|14|5|3|1|1,6,227,55603,silent,55376
10,16|14|5|2|2|1,6,232,49089,silent,48857
10,16|14|4|4|1|1,6,100,28243,silent,28143
10,16|14|4|3|2|1,6,243,69338,silent,69095
10,16|14|4|2|2|2,6,129,25844,silent,25715
10,16|14|3|3|3|1,6,35,18203,silent,18168
10,16|14|3|3|2|2,6,44,20104,silent,20060
10,16|13|8|1|1|1,6,59,13713,silent,13654
10,16|13|7|2|1|1,6,278,65320,silent,65042
10,16|13|6|3|1|1,6,438,131294,silent,130856
10,16|13|6|2|2|1,6,430,112362,silent,111932
10,16|13|5|4|1|1,6,380,120977,silent,120597
10,16|13|5|3|2|1,6,628,228134,silent,227506
10,16|13|5|2|2|2,6,242,75990,silent,75748
10,16|13|4|4|2|1,6,359,128527,silent,128168
10,16|13|4|3|3|1,6,199,111636,silent,111437
10,16|13|4|3|2|2,6,258,117776,silent,117518
10,16|13|3|3|3|2,6,33,39250,silent,39217
10,16|12|9|1|1|1,6,60,14738,silent,14678
10,16|12|8|2|1|1,6,310,84955,silent,84645
10,16|12|7|3|1|1,6,642,215449,silent,214807
10,16|12|7|2|2|1,6,580,180615,silent,180035
10,16|12|6|4|1|1,6,701,277087,silent,276386
10,16|12|6|3|2|1,6,1113,481645,silent,480532
10,16|12|6|2|2|2,6,423,155143,silent,154720
10,16|12|5|5|1|1,6,333,134881,silent,134548
10,16|12|5|4|2|1,6,1029,489244,silent,488215
10,16|12|5|3|3|1,6,518,341651,silent,341133
10,16|12|5|3|2|2,6,570,346658,silent,346088
10,16|12|4|4|3|1,6,394,240836,silent,240442
10,16|12|4|4|2|2,6,384,206246,silent,205862
10,16|12|4|3|3|2,6,200,221574,silent,221374
10,16|12|3|3|3|3,6,11,33213,silent,33202
10,16|11|10|1|1|1,6,38,9700,silent,9662
10,16|11|9|2|1|1,6,273,76026,silent,75753
10,16|11|8|3|1|1,6,652,243968,silent,243316
10,16|11|8|2|2|1,6,584,202842,silent,202258
10,16|11|7|4|1|1,6,967,416748,silent,415781
10,16|11|7|3|2|1,6,1390,692631,silent,691241
10,16|11|7|2|2|2,6,448,216041,silent,215593
10,16|11|6|5|1|1,6,713,354759,silent,354046
10,16|11|6|4|2|1,6,1776,1006817,silent,1005041
10,16|11|6|3|3|1,6,853,652506,silent,651653
10,16|11|6|3|2|2,6,926,652732,silent,651806
10,16|11|5|5|2|1,6,770,506524,silent,505754
10,16|11|5|4|3|1,6,1109,858614,silent,857505
10,16|11|5|4|2|2,6,877,701023,silent,700146
10,16|11|5|3|3|2,6,498,613830,silent,613332
10,16|11|4|4|4|1,6,283,193618,silent,193335
10,16|11|4|4|3|2,6,432,454156,silent,453724
10,16|11|4|3|3|3,6,61,173176,silent,173115
10,16|10|10|2|1|1,6,90,30062,silent,29972
10,16|10|9|3|1|1,6,417,166365,silent,165948
10,16|10|9|2|2|1,6,367,137459,silent,137092
10,16|10|8|4|1|1,6,810,396928,silent,396118
10,16|10|8|3|2|1,6,1199,650192,silent,648993
10,16|10|8|2|2|2,6,418,202461,silent,202043
10,16|10|7|5|1|1,6,917,499731,silent,498814
10,16|10|7|4|2|1,6,2003,1296244,silent,1294241
10,16|10|7|3|3|1,6,968,814256,silent,813288
10,16|10|7|3|2|2,6,981,805400,silent,804419
10,16|10|6|6|1|1,6,373,234539,silent,234166
10,16|10|6|5|2|1,6,1591,1184270,silent,1182679
10,16|10|6|4|3|1,6,1735,1578560,silent,1576825
10,16|10|6|4|2|2,6,1421,1272250,silent,1270829
10,16|10|6|3|3|2,6,724,1031466,silent,1030742
10,16|10|5|5|3|1,6,841,870840,silent,869999
10,16|10|5|5|2|2,6,555,656532,silent,655977
10,16|10|5|4|4|1,6,701,670283,silent,669582
10,16|10|5|4|3|2,6,1052,1445319,silent,1444267
10,16|10|5|3|3|3,6,162,435119,silent,434957
10,16|10|4|4|4|2,6,344,363415,silent,363071
10,16|10|4|4|3|3,6,149,347138,silent,346989
10,16|9|9|4|1|1,6,355,167684,silent,167329
10,16|9|9|3|2|1,6,466,269616,silent,269150
10,16|9|9|2|2|2,6,123,81757,silent,81634
10,16|9|8|5|1|1,6,638,376779,silent,376141
10,16|9|8|4|2|1,6,1365,944261,silent,942896
10,16|9|8|3|3|1,6,651,584382,silent,583731
10,16|9|8|3|2|2,6,664,576131,silent,575467
10,16|9|7|6|1|1,6,551,350264,silent,349713
10,16|9|7|5|2|1,6,1648,1369001,silent,1367353
10,16|9|7|4|3|1,6,1691,1688291,silent,1686600
10,16|9|7|4|2|2,6,1239,1341232,silent,1339993
10,16|9|7|3|3|2,6,719,1061879,silent,1061160
10,16|9|6|6|2|1,6,800,686786,silent,685986
10,16|9|6|5|3|1,6,1522,1763375,silent,1761853
10,16|9|6|5|2|2,6,1078,1315930,silent,1314852
10,16|9|6|4|4|1,6,989,1096376,silent,1095387
10,16|9|6|4|3|2,6,1460,2276374,silent,2274914
10,16|9|6|3|3|3,6,210,629910,silent,629700
10,16|9|5|5|4|1,6,549,769749,silent,769200
10,16|9|5|5|3|2,6,705,1305036,silent,1304331
10,16|9|5|4|4|2,6,671,1097558,silent,1096887
10,16|9|5|4|3|3,6,391,989508,silent,989117
10,16|9|4|4|4|3,6,180,321537,silent,321357
10,16|8|8|6|1|1,6,231,168121,silent,167890
10,16|8|8|5|2|1,6,732,618856,silent,618124
10,16|8|8|4|3|1,6,700,740611,silent,739911
10,16|8|8|4|2|2,6,595,591641,silent,591046
10,16|8|8|3|3|2,6,272,457645,silent,457373
10,16|8|7|7|1|1,6,168,109003,silent,108835
10,16|8|7|6|2|1,6,796,754165,silent,753369
10,16|8|7|5|3|1,6,1246,1538148,silent,1536902
10,16|8|7|5|2|2,6,826,1136596,silent,1135770
10,16|8|7|4|4|1,6,728,895889,silent,895161
10,16|8|7|4|3|2,6,1075,1828825,silent,1827750
10,16|8|7|3|3|3,6,164,490368,silent,490204
10,16|8|6|6|3|1,6,660,862648,silent,861988
10,16|8|6|6|2|2,6,513,629142,silent,628629
10,16|8|6|5|4|1,6,883,1311071,silent,1310188
10,16|8|6|5|3|2,6,1080,2144730,silent,2143650
10,16|8|6|4|4|2,6,853,1464916,silent,1464063
10,16|8|6|4|3|3,6,426,1273865,silent,1273439
10,16|8|5|5|5|1,6,138,293684,silent,293546
10,16|8|5|5|4|2,6,432,1083543,silent,1083111
10,16|8|5|5|3|3,6,263,791345,silent,791082
10,16|8|5|4|4|3,6,335,839234,silent,838899
10,16|8|4|4|4|4,6,88,117963,silent,117875
10,16|7|7|7|2|1,6,118,134960,silent,134842
10,16|7|7|6|3|1,6,393,547121,silent,546728
10,16|7|7|6|2|2,6,225,390294,silent,390069
10,16|7|7|5|4|1,6,416,676800,silent,676384
10,16|7|7|5|3|2,6,519,1092203,silent,1091684
10,16|7|7|4|4|2,6,314,699960,silent,699646
10,16|7|7|4|3|3,6,224,608852,silent,608628
10,16|7|6|6|4|1,6,325,513902,silent,513577
10,16|7|6|6|3|2,6,372,777980,silent,777608
10,16|7|6|5|5|1,6,182,394446,silent,394264
10,16|7|6|5|4|2,6,549,1350678,silent,1350129
10,16|7|6|5|3|3,6,274,953322,silent,953048
10,16|7|6|4|4|3,6,302,828665,silent,828363
10,16|7|5|5|5|2,6,93,345784,silent,345691
10,16|7|5|5|4|3,6,182,690766,silent,690584
10,16|7|5|4|4|4,6,88,249587,silent,249499
10,16|6|6|6|5|1,6,58,109837,silent,109779
10,16|6|6|6|4|2,6,155,301981,silent,301826
10,16|6|6|6|3|3,6,43,196005,silent,195962
10,16|6|6|5|5|2,6,59,256415,silent,256356
10,16|6|6|5|4|3,6,130,482577,silent,482447
10,16|6|6|4|4|4,6,75,144891,silent,144816
10,16|6|5|5|5|3,6,28,173778,silent,173750
10,16|6|5|5|4|4,6,27,159195,silent,159168
10,16|5|5|5|5|4,6,4,28467,silent,28463
10,15|15|7|1|1|1,6,15,3339,silent,3324
10,15|15|6|2|1|1,6,68,12946,silent,12878
10,15|15|5|3|1|1,6,75,19981,silent,19906
10,15|15|5|2|2|1,6,83,17598,silent,17515
10,15|15|4|4|1|1,6,51,10433,silent,10382
10,15|15|4|3|2|1,6,87,24876,silent,24789
10,15|15|4|2|2|2,6,32,8900,silent,8868
10,15|15|3|3|3|1,6,8,6483,silent,6475
10,15|15|3|3|2|2,6,25,7392,silent,7367
10,15|14|8|1|1|1,6,33,7902,silent,7869
10,15|14|7|2|1|1,6,156,37370,silent,37214
10,15|14|6|3|1|1,6,247,74753,silent,74506
10,15|14|6|2|2|1,6,243,63988,silent,63745
10,15|14|5|4|1|1,6,212,68665,silent,68453
10,15|14|5|3|2|1,6,355,129405,silent,129050
10,15|14|5|2|2|2,6,138,43126,silent,42988
10,15|14|4|4|2|1,6,202,72794,silent,72592
10,15|14|4|3|3|1,6,112,63136,silent,63024
10,15|14|4|3|2|2,6,146,66609,silent,66463
10,15|14|3|3|3|2,6,18,22134,silent,22116
10,15|13|9|1|1|1,6,48,11446,silent,11398
10,15|13|8|2|1|1,6,242,64042,silent,63800
10,15|13|7|3|1|1,6,461,158917,silent,158456
10,15|13|7|2|2|1,6,418,132746,silent,132328
10,15|13|6|4|1|1,6,532,203217,silent,202685
10,15|13|6|3|2|1,6,798,351004,silent,350206
10,15|13|6|2|2|2,6,271,111832,silent,111561
10,15|13|5|5|1|1,6,220,97777,silent,97557
10,15|13|5|4|2|1,6,730,354699,silent,353969
10,15|13|5|3|3|1,6,368,247451,silent,247083
10,15|13|5|3|2|2,6,418,250888,silent,250470
10,15|13|4|4|3|1,6,295,174263,silent,173968
10,15|13|4|4|2|2,6,237,147624,silent,147387
10,15|13|4|3|3|2,6,155,160172,silent,160017
10,15|13|3|3|3|3,6,4,23673,silent,23669
10,15|12|10|1|1|1,6,37,10210,silent,10173
10,15|12|9|2|1|1,6,248,72834,silent,72586
10,15|12|8|3|1|1,6,577,223340,silent,222763
10,15|12|8|2|2|1,6,522,185684,silent,185162
10,15|12|7|4|1|1,6,832,371939,silent,371107
10,15|12|7|3|2|1,6,1209,617015,silent,615806
10,15|12|7|2|2|2,6,398,192454,silent,192056
10,15|12|6|5|1|1,6,611,312773,silent,312162
10,15|12|6|4|2|1,6,1520,884142,silent,882622
10,15|12|6|3|3|1,6,731,571589,silent,570858
10,15|12|6|3|2|2,6,795,571420,silent,570625
10,15|12|5|5|2|1,6,658,441943,silent,441285
10,15|12|5|4|3|1,6,937,746277,silent,745340
10,15|12|5|4|2|2,6,750,608947,silent,608197
10,15|12|5|3|3|2,6,422,531632,silent,531210
10,15|12|4|4|4|1,6,236,167479,silent,167243
10,15|12|4|4|3|2,6,364,391930,silent,391566
10,15|12|4|3|3|3,6,52,148973,silent,148921
10,15|11|11|1|1|1,6,19,4353,silent,4334
10,15|11|10|2|1|1,6,164,49491,silent,49327
10,15|11|9|3|1|1,6,506,206701,silent,206195
10,15|11|9|2|2|1,6,427,169693,silent,169266
10,15|11|8|4|1|1,6,913,447687,silent,446774
10,15|11|8|3|2|1,6,1288,727594,silent,726306
10,15|11|8|2|2|2,6,403,224019,silent,223616
10,15|11|7|5|1|1,6,937,537423,silent,536486
10,15|11|7|4|2|1,6,2049,1384143,silent,1382094
10,15|11|7|3|3|1,6,1000,867422,silent,866422
10,15|11|7|3|2|2,6,1006,855540,silent,854534
10,15|11|6|6|1|1,6,412,248866,silent,248454
10,15|11|6|5|2|1,6,1597,1237152,silent,1235555
10,15|11|6|4|3|1,6,1754,1640835,silent,1639081
10,15|11|6|4|2|2,6,1348,1316080,silent,1314732
10,15|11|6|3|3|2,6,759,1068106,silent,1067347
10,15|11|5|5|3|1,6,826,894901,silent,894075
10,15|11|5|5|2|2,6,586,675074,silent,674488
10,15|11|5|4|4|1,6,680,685950,silent,685270
10,15|11|5|4|3|2,6,1035,1475078,silent,1474043
10,15|11|5|3|3|3,6,158,442432,silent,442274
10,15|11|4|4|4|2,6,294,366254,silent,365960
10,15|11|4|4|3|3,6,166,351946,silent,351780
10,15|10|10|3|1|1,6,188,84009,silent,83821
10,15|10|10|2|2|1,6,176,69848,silent,69672
10,15|10|9|4|1|1,6,594,314394,silent,313800
10,15|10|9|3|2|1,6,834,505771,silent,504937
10,15|10|9|2|2|2,6,261,154799,silent,154538
10,15|10|8|5|1|1,6,870,547298,silent,546428
10,15|10|8|4|2|1,6,1858,1359586,silent,1357728
10,15|10|8|3|3|1,6,880,836871,silent,835991
10,15|10|8|3|2|2,6,906,824388,silent,823482
10,15|10|7|6|1|1,6,683,466590,silent,465907
10,15|10|7|5|2|1,6,2054,1796585,silent,1794531
10,15|10|7|4|3|1,6,2076,2195916,silent,2193840
10,15|10|7|4|2|2,6,1561,1743232,silent,1741671
10,15|10|7|3|3|2,6,872,1371208,silent,1370336
10,15|10|6|6|2|1,6,961,870989,silent,870028
10,15|10|6|5|3|1,6,1806,2202047,silent,2200241
10,15|10|6|5|2|2,6,1279,1640305,silent,1639026
10,15|10|6|4|4|1,6,1158,1360526,silent,1359368
10,15|10|6|4|3|2,6,1715,2812828,silent,2811113
10,15|10|6|3|3|3,6,248,773457,silent,773209
10,15|10|5|5|4|1,6,638,937653,silent,937015
10,15|10|5|5|3|2,6,814,1583222,silent,1582408
10,15|10|5|4|4|2,6,775,1323821,silent,1323046
10,15|10|5|4|3|3,6,444,1188677,silent,1188233
10,15|10|4|4|4|3,6,197,381561,silent,381364
10,15|9|9|5|1|1,6,368,236736,silent,236368
10,15|9|9|4|2|1,6,729,574712,silent,573983
10,15|9|9|3|3|1,6,368,353018,silent,352650
10,15|9|9|3|2|2,6,340,343872,silent,343532
10,15|9|8|6|1|1,6,536,388790,silent,388254
10,15|9|8|5|2|1,6,1486,1380540,silent,1379054
10,15|9|8|4|3|1,6,1450,1632095,silent,1630645
10,15|9|8|4|2|2,6,1075,1289884,silent,1288809
10,15|9|8|3|3|2,6,606,1000155,silent,999549
10,15|9|7|7|1|1,6,260,199977,silent,199717
10,15|9|7|6|2|1,6,1283,1319145,silent,1317862
10,15|9|7|5|3|1,6,1966,2623849,silent,2621883
10,15|9|7|5|2|2,6,1315,1931853,silent,1930538
10,15|9|7|4|4|1,6,1119,1510851,silent,1509732
10,15|9|7|4|3|2,6,1672,3066973,silent,3065301
10,15|9|7|3|3|3,6,269,816391,silent,816122
10,15|9|6|6|3|1,6,989,1366540,silent,1365551
10,15|9|6|6|2|2,6,673,987862,silent,987189
10,15|9|6|5|4|1,6,1266,2028496,silent,2027230
10,15|9|6|5|3|2,6,1569,3300080,silent,3298511
10,15|9|6|4|4|2,6,1114,2224294,silent,2223180
10,15|9|6|4|3|3,6,646,1933704,silent,1933058
10,15|9|5|5|5|1,6,199,436150,silent,435951
10,15|9|5|5|4|2,6,625,1595291,silent,1594666
10,15|9|5|5|3|3,6,345,1157322,silent,1156977
10,15|9|5|4|4|3,6,440,1215638,silent,1215198
10,15|9|4|4|4|4,6,81,165046,silent,164965
10,15|8|8|7|1|1,6,150,120632,silent,120482
10,15|8|8|6|2|1,6,627,647526,silent,646899
10,15|8|8|5|3|1,6,869,1199923,silent,1199054
10,15|8|8|5|2|2,6,615,885097,silent,884482
10,15|8|8|4|4|1,6,503,676917,silent,676414
10,15|8|8|4|3|2,6,727,1361344,silent,1360617
10,15|8|8|3|3|3,6,98,354711,silent,354613
10,15|8|7|7|2|1,6,357,418664,silent,418307
10,15|8|7|6|3|1,6,1017,1535971,silent,1534954
10,15|8|7|6|2|2,6,661,1098266,silent,1097605
10,15|8|7|5|4|1,6,1053,1825602,silent,1824549
10,15|8|7|5|3|2,6,1281,2919354,silent,2918073
10,15|8|7|4|4|2,6,838,1844178,silent,1843340
10,15|8|7|4|3|3,6,494,1582283,silent,1581789
10,15|8|6|6|4|1,6,641,1111277,silent,1110636
10,15|8|6|6|3|2,6,733,1667550,silent,1666817
10,15|8|6|5|5|1,6,358,823384,silent,823026
10,15|8|6|5|4|2,6,1047,2778858,silent,2777811
10,15|8|6|5|3|3,6,521,1946697,silent,1946176
10,15|8|6|4|4|3,6,546,1663113,silent,1662567
10,15|8|5|5|5|2,6,159,651324,silent,651165
10,15|8|5|5|4|3,6,318,1285748,silent,1285430
10,15|8|5|4|4|4,6,155,455790,silent,455635
10,15|7|7|7|3|1,6,165,284280,silent,284115
10,15|7|7|7|2|2,6,89,197942,silent,197853
10,15|7|7|6|4|1,6,357,718902,silent,718545
10,15|7|7|6|3|2,6,408,1063499,silent,1063091
10,15|7|7|5|5|1,6,191,443838,silent,443647
10,15|7|7|5|4|2,6,485,1446492,silent,1446007
10,15|7|7|5|3|3,6,273,1006731,silent,1006458
10,15|7|7|4|4|3,6,229,807968,silent,807739
10,15|7|6|6|5|1,6,186,420863,silent,420677
10,15|7|6|6|4|2,6,398,1118064,silent,1117666
10,15|7|6|6|3|3,6,182,729338,silent,729156
10,15|7|6|5|5|2,6,229,891147,silent,890918
10,15|7|6|5|4|3,6,387,1632882,silent,1632495
10,15|7|6|4|4|4,6,142,464210,silent,464068
10,15|7|5|5|5|3,6,74,460672,silent,460598
10,15|7|5|5|4|4,6,78,416386,silent,416308
10,15|6|6|6|6|1,6,28,45905,silent,45877
10,15|6|6|6|5|2,6,82,254539,silent,254457
10,15|6|6|6|4|3,6,98,373137,silent,373039
10,15|6|6|5|5|3,6,48,346446,silent,346398
10,15|6|6|5|4|4,6,68,299976,silent,299908
10,15|6|5|5|5|4,6,11,137685,silent,137674
10,15|5|5|5|5|5,6,3,11230,silent,11227
10,14|14|9|1|1|1,6,16,4199,silent,4183
10,14|14|8|2|1|1,6,78,23414,silent,23336
10,14|14|7|3|1|1,6,174,58457,silent,58283
10,14|14|7|2|2|1,6,154,49050,silent,48896
10,14|14|6|4|1|1,6,171,73990,silent,73819
10,14|14|6|3|2|1,6,293,128860,silent,128567
10,14|14|6|2|2|2,6,122,41812,silent,41690
10,14|14|5|5|1|1,6,96,36116,silent,36020
10,14|14|5|4|2|1,6,267,129939,silent,129672
10,14|14|5|3|3|1,6,138,90520,silent,90382
10,14|14|5|3|2|2,6,142,91692,silent,91550
10,14|14|4|4|3|1,6,95,63443,silent,63348
10,14|14|4|4|2|2,6,115,54845,silent,54730
10,14|14|4|3|3|2,6,47,58082,silent,58035
10,14|14|3|3|3|3,6,5,8774,silent,8769
10,14|13|10|1|1|1,6,25,6618,silent,6593
10,14|13|9|2|1|1,6,154,44929,silent,44775
10,14|13|8|3|1|1,6,345,134450,silent,134105
10,14|13|8|2|2|1,6,305,111458,silent,111153
10,14|13|7|4|1|1,6,490,220962,silent,220472
10,14|13|7|3|2|1,6,704,365657,silent,364953
10,14|13|7|2|2|2,6,225,113675,silent,113450
10,14|13|6|5|1|1,6,357,184537,silent,184180
10,14|13|6|4|2|1,6,878,519975,silent,519097
10,14|13|6|3|3|1,6,427,335940,silent,335513
10,14|13|6|3|2|2,6,456,335307,silent,334851
10,14|13|5|5|2|1,6,380,259074,silent,258694
10,14|13|5|4|3|1,6,541,436597,silent,436056
10,14|13|5|4|2|2,6,428,355766,silent,355338
10,14|13|5|3|3|2,6,248,310588,silent,310340
10,14|13|4|4|4|1,6,134,97641,silent,97507
10,14|13|4|4|3|2,6,207,228293,silent,228086
10,14|13|4|3|3|3,6,32,86740,silent,86708
10,14|12|11|1|1|1,6,19,4956,silent,4937
10,14|12|10|2|1|1,6,132,44847,silent,44715
10,14|12|9|3|1|1,6,407,171725,silent,171318
10,14|12|9|2|2|1,6,351,141439,silent,141088
10,14|12|8|4|1|1,6,678,355710,silent,355032
10,14|12|8|3|2|1,6,1000,578567,silent,577567
10,14|12|8|2|2|2,6,343,179094,silent,178751
10,14|12|7|5|1|1,6,726,418769,silent,418043
10,14|12|7|4|2|1,6,1555,1074961,silent,1073406
10,14|12|7|3|3|1,6,760,671849,silent,671089
10,14|12|7|3|2|2,6,757,662841,silent,662084
10,14|12|6|6|1|1,6,281,191304,silent,191023
10,14|12|6|5|2|1,6,1198,949378,silent,948180
10,14|12|6|4|3|1,6,1291,1254262,silent,1252971
10,14|12|6|4|2|2,6,1057,1007923,silent,1006866
10,14|12|6|3|3|2,6,543,813446,silent,812903
10,14|12|5|5|3|1,6,629,680627,silent,679998
10,14|12|5|5|2|2,6,404,511912,silent,511508
10,14|12|5|4|4|1,6,503,520388,silent,519885
10,14|12|5|4|3|2,6,766,1116893,silent,1116127
10,14|12|5|3|3|3,6,125,334165,silent,334040
10,14|12|4|4|4|2,6,243,277194,silent,276951
10,14|12|4|4|3|3,6,102,264025,silent,263923
10,14|11|11|2|1|1,6,67,19466,silent,19399
10,14|11|10|3|1|1,6,276,122587,silent,122311
10,14|11|10|2|2|1,6,236,100645,silent,100409
10,14|11|9|4|1|1,6,654,351858,silent,351204
10,14|11|9|3|2|1,6,892,562738,silent,561846
10,14|11|9|2|2|2,6,259,170956,silent,170697
10,14|11|8|5|1|1,6,861,557826,silent,556965
10,14|11|8|4|2|1,6,1796,1375068,silent,1373272
10,14|11|8|3|3|1,6,867,844853,silent,843986
10,14|11|8|3|2|2,6,864,829369,silent,828505
10,14|11|7|6|1|1,6,650,457259,silent,456609
10,14|11|7|5|2|1,6,1915,1741479,silent,1739564
10,14|11|7|4|3|1,6,1931,2117755,silent,2115824
10,14|11|7|4|2|2,6,1422,1676996,silent,1675574
10,14|11|7|3|3|2,6,823,1317257,silent,1316434
10,14|11|6|6|2|1,6,877,829623,silent,828746
10,14|11|6|5|3|1,6,1650,2079312,silent,2077662
10,14|11|6|5|2|2,6,1151,1545580,silent,1544429
10,14|11|6|4|4|1,6,1034,1278849,silent,1277815
10,14|11|6|4|3|2,6,1546,2637808,silent,2636262
10,14|11|6|3|3|3,6,234,723541,silent,723307
10,14|11|5|5|4|1,6,577,872924,silent,872347
10,14|11|5|5|3|2,6,740,1470451,silent,1469711
10,14|11|5|4|4|2,6,674,1223635,silent,1222961
10,14|11|5|4|3|3,6,403,1097762,silent,1097359
10,14|11|4|4|4|3,6,167,349388,silent,349221
10,14|10|10|4|1|1,6,237,147018,silent,146781
10,14|10|10|3|2|1,6,364,236387,silent,236023
10,14|10|10|2|2|2,6,138,73158,silent,73020
10,14|10|9|5|1|1,6,597,411752,silent,411155
10,14|10|9|4|2|1,6,1213,994747,silent,993534
10,14|10|9|3|3|1,6,586,606384,silent,605798
10,14|10|9|3|2|2,6,571,593021,silent,592450
10,14|10|8|6|1|1,6,659,526707,silent,526048
10,14|10|8|5|2|1,6,1882,1845163,silent,1843281
10,14|10|8|4|3|1,6,1800,2162257,silent,2160457
10,14|10|8|4|2|2,6,1405,1709422,silent,1708017
10,14|10|8|3|3|2,6,733,1315580,silent,1314847
10,14|10|7|7|1|1,6,328,252377,silent,252049
10,14|10|7|6|2|1,6,1497,1620177,silent,1618680
10,14|10|7|5|3|1,6,2269,3174116,silent,3171847
10,14|10|7|5|2|2,6,1500,2334025,silent,2332525
10,14|10|7|4|4|1,6,1281,1817203,silent,1815922
10,14|10|7|4|3|2,6,1907,3673626,silent,3671719
10,14|10|7|3|3|3,6,308,971251,silent,970943
10,14|10|6|6|3|1,6,1077,1598315,silent,1597238
10,14|10|6|6|2|2,6,793,1155714,silent,1154921
10,14|10|6|5|4|1,6,1390,2343090,silent,2341700
10,14|10|6|5|3|2,6,1708,3797040,silent,3795332
10,14|10|6|4|4|2,6,1253,2546371,silent,2545118
10,14|10|6|4|3|3,6,673,2203055,silent,2202382
10,14|10|5|5|5|1,6,217,492727,silent,492510
10,14|10|5|5|4|2,6,650,1791236,silent,1790586
10,14|10|5|5|3|3,6,390,1296689,silent,1296299
10,14|10|5|4|4|3,6,461,1353689,silent,1353228
10,14|10|4|4|4|4,6,103,182077,silent,181974
10,14|9|9|6|1|1,6,313,239720,silent,239407
10,14|9|9|5|2|1,6,769,805895,silent,805126
10,14|9|9|4|3|1,6,751,932428,silent,931677
10,14|9|9|4|2|2,6,497,729338,silent,728841
10,14|9|9|3|3|2,6,332,563341,silent,563009
10,14|9|8|7|1|1,6,314,272111,silent,271797
10,14|9|8|6|2|1,6,1207,1382130,silent,1380923
10,14|9|8|5|3|1,6,1682,2501643,silent,2499961
10,14|9|8|5|2|2,6,1131,1832993,silent,1831862
10,14|9|8|4|4|1,6,919,1393018,silent,1392099
10,14|9|8|4|3|2,6,1362,2788326,silent,2786964
10,14|9|8|3|3|3,6,214,723929,silent,723715
10,14|9|7|7|2|1,6,567,718008,silent,717441
10,14|9|7|6|3|1,6,1548,2512377,silent,2510829
10,14|9|7|6|2|2,6,973,1788423,silent,1787450
10,14|9|7|5|4|1,6,1562,2919777,silent,2918215
10,14|9|7|5|3|2,6,1915,4643740,silent,4641825
10,14|9|7|4|4|2,6,1179,2899370,silent,2898191
10,14|9|7|4|3|3,6,743,2481298,silent,2480555
10,14|9|6|6|4|1,6,868,1649569,silent,1648701
10,14|9|6|6|3|2,6,991,2461532,silent,2460541
10,14|9|6|5|5|1,6,502,1201531,silent,1201029
10,14|9|6|5|4|2,6,1396,4013036,silent,4011640
10,14|9|6|5|3|3,6,722,2802198,silent,2801476
10,14|9|6|4|4|3,6,701,2366323,silent,2365622
10,14|9|5|5|5|2,6,227,904583,silent,904356
10,14|9|5|5|4|3,6,413,1769598,silent,1769185
10,14|9|5|4|4|4,6,180,618379,silent,618199
10,14|8|8|8|1|1,6,37,46021,silent,45984
10,14|8|8|7|2|1,6,357,443905,silent,443548
10,14|8|8|6|3|1,6,742,1250481,silent,1249739
10,14|8|8|6|2|2,6,543,893753,silent,893210
10,14|8|8|5|4|1,6,724,1364670,silent,1363946
10,14|8|8|5|3|2,6,855,2152341,silent,2151486
10,14|8|8|4|4|2,6,588,1318060,silent,1317472
10,14|8|8|4|3|3,6,289,1111832,silent,1111543
10,14|8|7|7|3|1,6,465,830903,silent,830438
10,14|8|7|7|2|2,6,250,579759,silent,579509
10,14|8|7|6|4|1,6,909,1918673,silent,1917764
10,14|8|7|6|3|2,6,1028,2813997,silent,2812969
10,14|8|7|5|5|1,6,458,1141653,silent,1141195
10,14|8|7|5|4|2,6,1164,3675434,silent,3674270
10,14|8|7|5|3|3,6,632,2533308,silent,2532676
10,14|8|7|4|4|3,6,535,2003753,silent,2003218
10,14|8|6|6|5|1,6,350,870020,silent,869670
10,14|8|6|6|4|2,6,776,2278795,silent,2278019
10,14|8|6|6|3|3,6,315,1474366,silent,1474051
10,14|8|6|5|5|2,6,410,1752270,silent,1751860
10,14|8|6|5|4|3,6,699,3171774,silent,3171075
10,14|8|6|4|4|4,6,263,884226,silent,883963
10,14|8|5|5|5|3,6,129,820012,silent,819883
10,14|8|5|5|4|4,6,118,734721,silent,734603
10,14|7|7|7|4|1,6,147,372477,silent,372330
10,14|7|7|7|3|2,6,165,528522,silent,528357
10,14|7|7|6|5|1,6,212,588195,silent,587983
10,14|7|7|6|4|2,6,390,1486153,silent,1485763
10,14|7|7|6|3|3,6,226,959965,silent,959739
10,14|7|7|5|5|2,6,237,955257,silent,955020
10,14|7|7|5|4|3,6,338,1676601,silent,1676263
10,14|7|7|4|4|4,6,80,433776,silent,433696
10,14|7|6|6|6|1,6,71,173618,silent,173547
10,14|7|6|6|5|2,6,228,922109,silent,921881
10,14|7|6|6|4|3,6,274,1322951,silent,1322677
10,14|7|6|5|5|3,6,171,1144980,silent,1144809
10,14|7|6|5|4|4,6,174,967382,silent,967208
10,14|7|5|5|5|4,6,38,350197,silent,350159
10,14|6|6|6|6|2,6,46,105020,silent,104974
10,14|6|6|6|5|3,6,54,335291,silent,335237
10,14|6|6|6|4|4,6,65,234879,silent,234814
10,14|6|6|5|5|4,6,21,269873,silent,269852
10,14|6|5|5|5|5,6,3,52200,silent,52197
10,13|13|11|1|1|1,6,9,2252,silent,2243
10,13|13|10|2|1|1,6,63,18475,silent,18412
10,13|13|9|3|1|1,6,157,67223,silent,67066
10,13|13|9|2|2|1,6,130,54894,silent,54764
10,13|13|8|4|1|1,6,282,137105,silent,136823
10,13|13|8|3|2|1,6,374,221054,silent,220680
10,13|13|8|2|2|2,6,101,67221,silent,67120
10,13|13|7|5|1|1,6,258,158748,silent,158490
10,13|13|7|4|2|1,6,575,406423,silent,405848
10,13|13|7|3|3|1,6,282,254172,silent,253890
10,13|13|7|3|2|2,6,286,250084,silent,249798
10,13|13|6|6|1|1,6,130,73015,silent,72885
10,13|13|6|5|2|1,6,443,357179,silent,356736
10,13|13|6|4|3|1,6,494,471781,silent,471287
10,13|13|6|4|2|2,6,343,376243,silent,375900
10,13|13|6|3|3|2,6,224,306223,silent,305999
10,13|13|5|5|3|1,6,221,254751,silent,254530
10,13|13|5|5|2|2,6,178,192625,silent,192447
10,13|13|5|4|4|1,6,184,194640,silent,194456
10,13|13|5|4|3|2,6,282,417550,silent,417268
10,13|13|5|3|3|3,6,41,124778,silent,124737
10,13|13|4|4|4|2,6,64,102289,silent,102225
10,13|13|4|4|3|3,6,56,99301,silent,99245
10,13|12|12|1|1|1,6,3,1156,silent,1153
10,13|12|11|2|1|1,6,53,17620,silent,17567
10,13|12|10|3|1|1,6,190,88069,silent,87879
10,13|12|10|2|2|1,6,168,72486,silent,72318
10,13|12|9|4|1|1,6,413,232075,silent,231662
10,13|12|9|3|2|1,6,575,371070,silent,370495
10,13|12|9|2|2|2,6,177,113027,silent,112850
10,13|12|8|5|1|1,6,531,354307,silent,353776
10,13|12|8|4|2|1,6,1114,871097,silent,869983
10,13|12|8|3|3|1,6,534,534068,silent,533534
10,13|12|8|3|2|2,6,538,524356,silent,523818
10,13|12|7|6|1|1,6,393,285236,silent,284843
10,13|12|7|5|2|1,6,1164,1081368,silent,1080204
10,13|12|7|4|3|1,6,1166,1311032,silent,1309866
10,13|12|7|4|2|2,6,870,1038175,silent,1037305
10,13|12|7|3|3|2,6,494,813334,silent,812840
10,13|12|6|6|2|1,6,527,510830,silent,510303
10,13|12|6|5|3|1,6,988,1273893,silent,1272905
10,13|12|6|5|2|2,6,693,946485,silent,945792
10,13|12|6|4|4|1,6,618,782014,silent,781396
10,13|12|6|4|3|2,6,924,1610483,silent,1609559
10,13|12|6|3|3|3,6,141,440695,silent,440554
10,13|12|5|5|4|1,6,343,530920,silent,530577
10,13|12|5|5|3|2,6,439,893022,silent,892583
10,13|12|5|4|4|2,6,402,741952,silent,741550
10,13|12|5|4|3|3,6,235,664471,silent,664236
10,13|12|4|4|4|3,6,99,210771,silent,210672
10,13|11|11|3|1|1,6,92,40928,silent,40836
10,13|11|11|2|2|1,6,69,32967,silent,32898
10,13|11|10|4|1|1,6,317,183263,silent,182946
10,13|11|10|3|2|1,6,429,290859,silent,290430
10,13|11|10|2|2|2,6,122,87949,silent,87827
10,13|11|9|5|1|1,6,556,396047,silent,395491
10,13|11|9|4|2|1,6,1106,949685,silent,948579
10,13|11|9|3|3|1,6,547,578239,silent,577692
10,13|11|9|3|2|2,6,519,563261,silent,562742
10,13|11|8|6|1|1,6,594,466229,silent,465635
10,13|11|8|5|2|1,6,1579,1612113,silent,1610534
10,13|11|8|4|3|1,6,1528,1881349,silent,1879821
10,13|11|8|4|2|2,6,1101,1480153,silent,1479052
10,13|11|8|3|3|2,6,648,1141450,silent,1140802
10,13|11|7|7|1|1,6,247,215273,silent,215026
10,13|11|7|6|2|1,6,1212,1364287,silent,1363075
10,13|11|7|5|3|1,6,1820,2651126,silent,2649306
10,13|11|7|5|2|2,6,1225,1946631,silent,1945406
10,13|11|7|4|4|1,6,1017,1511464,silent,1510447
10,13|11|7|4|3|2,6,1525,3049302,silent,3047777
10,13|11|7|3|3|3,6,247,804354,silent,804107
10,13|11|6|6|3|1,6,875,1314353,silent,1313478
10,13|11|6|6|2|2,6,563,944931,silent,944368
10,13|11|6|5|4|1,6,1093,1911240,silent,1910147
10,13|11|6|5|3|2,6,1359,3091099,silent,3089740
10,13|11|6|4|4|2,6,914,2060950,silent,2060036
10,13|11|6|4|3|3,6,563,1786138,silent,1785575
10,13|11|5|5|5|1,6,171,397264,silent,397093
10,13|11|5|5|4|2,6,534,1440590,silent,1440056
10,13|11|5|5|3|3,6,282,1038860,silent,1038578
10,13|11|5|4|4|3,6,353,1081689,silent,1081336
10,13|11|4|4|4|4,6,53,143003,silent,142950
10,13|10|10|5|1|1,6,229,174341,silent,174112
10,13|10|10|4|2|1,6,478,417244,silent,416766
10,13|10|10|3|3|1,6,221,251831,silent,251610
10,13|10|10|3|2|2,6,231,247190,silent,246959
10,13|10|9|6|1|1,6,438,375173,silent,374735
10,13|10|9|5|2|1,6,1142,1248829,silent,1247687
10,13|10|9|4|3|1,6,1084,1432047,silent,1430963
10,13|10|9|4|2|2,6,793,1123660,silent,1122867
10,13|10|9|3|3|2,6,453,858851,silent,858398
10,13|10|8|7|1|1,6,366,337461,silent,337095
10,13|10|8|6|2|1,6,1386,1671573,silent,1670187
10,13|10|8|5|3|1,6,1900,2982137,silent,2980237
10,13|10|8|5|2|2,6,1288,2182639,silent,2181351
10,13|10|8|4|4|1,6,1039,1651276,silent,1650237
10,13|10|8|4|3|2,6,1532,3292680,silent,3291148
10,13|10|8|3|3|3,6,237,849540,silent,849303
10,13|10|7|7|2|1,6,608,808305,silent,807697
10,13|10|7|6|3|1,6,1612,2757509,silent,2755897
10,13|10|7|6|2|2,6,1038,1961618,silent,1960580
10,13|10|7|5|4|1,6,1615,3165939,silent,3164324
10,13|10|7|5|3|2,6,1966,5017204,silent,5015238
10,13|10|7|4|4|2,6,1232,3116199,silent,3114967
10,13|10|7|4|3|3,6,747,2656022,silent,2655275
10,13|10|6|6|4|1,6,866,1731591,silent,1730725
10,13|10|6|6|3|2,6,990,2574894,silent,2573904
10,13|10|6|5|5|1,6,498,1248289,silent,1247791
10,13|10|6|5|4|2,6,1377,4146630,silent,4145253
10,13|10|6|5|3|3,6,709,2886974,silent,2886265
10,13|10|6|4|4|3,6,682,2424370,silent,2423688
10,13|10|5|5|5|2,6,215,914740,silent,914525
10,13|10|5|5|4|3,6,398,1781793,silent,1781395
10,13|10|5|4|4|4,6,175,618729,silent,618554
10,13|9|9|7|1|1,6,175,168791,silent,168616
10,13|9|9|6|2|1,6,591,772009,silent,771418
10,13|9|9|5|3|1,6,816,1338216,silent,1337400
10,13|9|9|5|2|2,6,520,972617,silent,972097
10,13|9|9|4|4|1,6,417,730051,silent,729634
10,13|9|9|4|3|2,6,633,1450392,silent,1449759
10,13|9|9|3|3|3,6,114,373475,silent,373361
10,13|9|8|8|1|1,6,109,105438,silent,105329
10,13|9|8|7|2|1,6,657,904766,silent,904109
10,13|9|8|6|3|1,6,1353,2436438,silent,2435085
10,13|9|8|6|2|2,6,859,1725510,silent,1724651
10,13|9|8|5|4|1,6,1257,2598610,silent,2597353
10,13|9|8|5|3|2,6,1522,4078126,silent,4076604
10,13|9|8|4|4|2,6,901,2462078,silent,2461177
10,13|9|8|4|3|3,6,558,2081793,silent,2081235
10,13|9|7|7|3|1,6,659,1300222,silent,1299563
10,13|9|7|7|2|2,6,401,906583,silent,906182
10,13|9|7|6|4|1,6,1261,2874133,silent,2872872
10,13|9|7|6|3|2,6,1424,4192953,silent,4191529
10,13|9|7|5|5|1,6,632,1680965,silent,1680333
10,13|9|7|5|4|2,6,1596,5360363,silent,5358767
10,13|9|7|5|3|3,6,855,3680191,silent,3679336
10,13|9|7|4|4|3,6,706,2879796,silent,2879090
10,13|9|6|6|5|1,6,449,1190643,silent,1190194
10,13|9|6|6|4|2,6,906,3083212,silent,3082306
10,13|9|6|6|3|3,6,446,1994778,silent,1994332
10,13|9|6|5|5|2,6,549,2336490,silent,2335941
10,13|9|6|5|4|3,6,861,4191002,silent,4190141
10,13|9|6|4|4|4,6,268,1149502,silent,1149234
10,13|9|5|5|5|3,6,157,1041159,silent,1041002
10,13|9|5|5|4|4,6,159,929208,silent,929049
10,13|8|8|8|2|1,6,119,160469,silent,160350
10,13|8|8|7|3|1,6,418,818727,silent,818309
10,13|8|8|7|2|2,6,268,572737,silent,572469
10,13|8|8|6|4|1,6,653,1469127,silent,1468474
10,13|8|8|6|3|2,6,724,2126113,silent,2125389
10,13|8|8|5|5|1,6,293,809720,silent,809427
10,13|8|8|5|4|2,6,763,2549475,silent,2548712
10,13|8|8|5|3|3,6,379,1732846,silent,1732467
10,13|8|8|4|4|3,6,330,1329144,silent,1328814
10,13|8|7|7|4|1,6,390,1014794,silent,1014404
10,13|8|7|7|3|2,6,425,1428016,silent,1427591
10,13|8|7|6|5|1,6,505,1469921,silent,1469416
10,13|8|7|6|4|2,6,974,3668877,silent,3667903
10,13|8|7|6|3|3,6,484,2343853,silent,2343369
10,13|8|7|5|5|2,6,498,2271062,silent,2270564
10,13|8|7|5|4|3,6,753,3941811,silent,3941058
10,13|8|7|4|4|4,6,212,1003833,silent,1003621
10,13|8|6|6|6|1,6,127,341106,silent,340979
10,13|8|6|6|5|2,6,410,1763864,silent,1763454
10,13|8|6|6|4|3,6,477,2498030,silent,2497553
10,13|8|6|5|5|3,6,295,2088782,silent,2088487
10,13|8|6|5|4|4,6,295,1748389,silent,1748094
10,13|8|5|5|5|4,6,55,579930,silent,579875
10,13|7|7|7|5|1,6,92,315954,silent,315862
10,13|7|7|7|4|2,6,157,726053,silent,725896
10,13|7|7|7|3|3,6,88,454383,silent,454295
10,13|7|7|6|6|1,6,70,249769,silent,249699
10,13|7|7|6|5|2,6,238,1206502,silent,1206264
10,13|7|7|6|4|3,6,274,1662291,silent,1662017
10,13|7|7|5|5|3,6,165,1157021,silent,1156856
10,13|7|7|5|4|4,6,133,940556,silent,940423
10,13|7|6|6|6|2,6,84,368341,silent,368257
10,13|7|6|6|5|3,6,166,1142578,silent,1142412
10,13|7|6|6|4|4,6,122,776198,silent,776076
10,13|7|6|5|5|4,6,85,840583,silent,840498
10,13|7|5|5|5|5,6,8,124968,silent,124960
10,13|6|6|6|6|3,6,30,136581,silent,136551
10,13|6|6|6|5|4,6,34,260180,silent,260146
10,13|6|6|5|5|5,6,2,99397,silent,99395
10,12|12|12|2|1|1,6,4,2433,silent,2429
10,12|12|11|3|1|1,6,47,22312,silent,22265
10,12|12|11|2|2|1,6,40,18401,silent,18361
10,12|12|10|4|1|1,6,119,80541,silent,80422
10,12|12|10|3|2|1,6,189,129023,silent,128834
10,12|12|10|2|2|2,6,75,39921,silent,39846
10,12|12|9|5|1|1,6,227,163070,silent,162843
10,12|12|9|4|2|1,6,454,391288,silent,390834
10,12|12|9|3|3|1,6,218,237315,silent,237097
10,12|12|9|3|2|2,6,212,232141,silent,231929
10,12|12|8|6|1|1,6,208,185427,silent,185219
10,12|12|8|5|2|1,6,623,642664,silent,642041
10,12|12|8|4|3|1,6,580,747423,silent,746843
10,12|12|8|4|2|2,6,483,591245,silent,590762
10,12|12|8|3|3|2,6,230,451816,silent,451586
10,12|12|7|7|1|1,6,116,85479,silent,85363
10,12|12|7|6|2|1,6,470,535985,silent,535515
10,12|12|7|5|3|1,6,713,1037172,silent,1036459
10,12|12|7|5|2|2,6,455,761351,silent,760896
10,12|12|7|4|4|1,6,393,590804,silent,590411
10,12|12|7|4|3|2,6,588,1190068,silent,1189480
10,12|12|7|3|3|3,6,96,312900,silent,312804
10,12|12|6|6|3|1,6,317,509987,silent,509670
10,12|12|6|6|2|2,6,264,369451,silent,369187
10,12|12|6|5|4|1,6,418,740341,silent,739923
10,12|12|6|5|3|2,6,507,1195483,silent,1194976
10,12|12|6|4|4|2,6,393,798943,silent,798550
10,12|12|6|4|3|3,6,188,687550,silent,687362
10,12|12|5|5|5|1,6,67,153095,silent,153028
10,12|12|5|5|4|2,6,180,553070,silent,552890
10,12|12|5|5|3|3,6,127,400180,silent,400053
10,12|12|5|4|4|3,6,131,415243,silent,415112
10,12|12|4|4|4|4,6,39,55684,silent,55645
10,12|11|11|4|1|1,6,85,47369,silent,47284
10,12|11|11|3|2|1,6,103,74131,silent,74028
10,12|11|11|2|2|2,6,21,21902,silent,21881
10,12|11|10|5|1|1,6,219,167312,silent,167093
10,12|11|10|4|2|1,6,435,396525,silent,396090
10,12|11|10|3|3|1,6,210,239555,silent,239345
10,12|11|10|3|2|2,6,203,233413,silent,233210
10,12|11|9|6|1|1,6,329,283444,silent,283115
10,12|11|9|5|2|1,6,826,934219,silent,933393
10,12|11|9|4|3|1,6,788,1067164,silent,1066376
10,12|11|9|4|2|2,6,551,834875,silent,834324
10,12|11|9|3|3|2,6,334,638223,silent,637889
10,12|11|8|7|1|1,6,250,236580,silent,236330
10,12|11|8|6|2|1,6,923,1154858,silent,1153935
10,12|11|8|5|3|1,6,1267,2046036,silent,2044769
10,12|11|8|5|2|2,6,845,1494482,silent,1493637
10,12|11|8|4|4|1,6,680,1128507,silent,1127827
10,12|11|8|4|3|2,6,1010,2246466,silent,2245456
10,12|11|8|3|3|3,6,162,578751,silent,578589
10,12|11|7|7|2|1,6,397,542913,silent,542516
10,12|11|7|6|3|1,6,1037,1829082,silent,1828045
10,12|11|7|6|2|2,6,657,1298797,silent,1298140
10,12|11|7|5|4|1,6,1032,2086340,silent,2085308
10,12|11|7|5|3|2,6,1260,3300219,silent,3298959
10,12|11|7|4|4|2,6,767,2041886,silent,2041119
10,12|11|7|4|3|3,6,481,1739442,silent,1738961
10,12|11|6|6|4|1,6,542,1124267,silent,1123725
10,12|11|6|6|3|2,6,618,1668596,silent,1667978
10,12|11|6|5|5|1,6,316,806736,silent,806420
10,12|11|6|5|4|2,6,859,2670314,silent,2669455
10,12|11|6|5|3|3,6,449,1857246,silent,1856797
10,12|11|6|4|4|3,6,419,1553855,silent,1553436
10,12|11|5|5|5|2,6,140,583481,silent,583341
10,12|11|5|5|4|3,6,248,1132893,silent,1132645
10,12|11|5|4|4|4,6,101,391474,silent,391373
10,12|10|10|6|1|1,6,133,136923,silent,136790
10,12|10|10|5|2|1,6,389,448458,silent,448069
10,12|10|10|4|3|1,6,351,507038,silent,506687
10,12|10|10|4|2|2,6,303,400072,silent,399769
10,12|10|10|3|3|2,6,132,300741,silent,300609
10,12|10|9|7|1|1,6,228,228064,silent,227836
10,12|10|9|6|2|1,6,761,1022117,silent,1021356
10,12|10|9|5|3|1,6,1014,1746359,silent,1745345
10,12|10|9|5|2|2,6,664,1271085,silent,1270421
10,12|10|9|4|4|1,6,535,949342,silent,948807
10,12|10|9|4|3|2,6,793,1878180,silent,1877387
10,12|10|9|3|3|3,6,132,479133,silent,479001
10,12|10|8|8|1|1,6,93,115051,silent,114958
10,12|10|8|7|2|1,6,658,949930,silent,949272
10,12|10|8|6|3|1,6,1306,2497253,silent,2495947
10,12|10|8|6|2|2,6,895,1770400,silent,1769505
10,12|10|8|5|4|1,6,1220,2634298,silent,2633078
10,12|10|8|5|3|2,6,1456,4119971,silent,4118515
10,12|10|8|4|4|2,6,924,2477977,silent,2477053
10,12|10|8|4|3|3,6,505,2083669,silent,2083164
10,12|10|7|7|3|1,6,620,1244464,silent,1243844
10,12|10|7|7|2|2,6,338,865646,silent,865308
10,12|10|7|6|4|1,6,1135,2691498,silent,2690363
10,12|10|7|6|3|2,6,1279,3913930,silent,3912651
10,12|10|7|5|5|1,6,563,1558533,silent,1557970
10,12|10|7|5|4|2,6,1401,4946119,silent,4944718
10,12|10|7|5|3|3,6,767,3386101,silent,3385334
10,12|10|7|4|4|3,6,622,2636757,silent,2636135
10,12|10|6|6|5|1,6,382,1070536,silent,1070154
10,12|10|6|6|4|2,6,824,2761618,silent,2760794
10,12|10|6|6|3|3,6,346,1777660,silent,1777314
10,12|10|6|5|5|2,6,445,2068914,silent,2068469
10,12|10|6|5|4|3,6,730,3697707,silent,3696977
10,12|10|6|4|4|4,6,256,1009911,silent,1009655
10,12|10|5|5|5|3,6,136,900681,silent,900545
10,12|10|5|5|4|4,6,115,800090,silent,799975
10,12|9|9|8|1|1,6,76,75445,silent,75369
10,12|9|9|7|2|1,6,312,491409,silent,491097
10,12|9|9|6|3|1,6,609,1205143,silent,1204534
10,12|9|9|6|2|2,6,343,845700,silent,845357
10,12|9|9|5|4|1,6,534,1234097,silent,1233563
10,12|9|9|5|3|2,6,657,1921615,silent,1920958
10,12|9|9|4|4|2,6,339,1136394,silent,1136055
10,12|9|9|4|3|3,6,255,959767,silent,959512
10,12|9|8|8|2|1,6,207,316112,silent,315905
10,12|9|8|7|3|1,6,688,1469243,silent,1468555
10,12|9|8|7|2|2,6,424,1021260,silent,1020836
10,12|9|8|6|4|1,6,1014,2523804,silent,2522790
10,12|9|8|6|3|2,6,1130,3634093,silent,3632963
10,12|9|8|5|5|1,6,472,1369865,silent,1369393
10,12|9|8|5|4|2,6,1163,4266939,silent,4265776
10,12|9|8|5|3|3,6,613,2895260,silent,2894647
10,12|9|8|4|4|3,6,487,2193305,silent,2192818
10,12|9|7|7|4|1,6,507,1406565,silent,1406058
10,12|9|7|7|3|2,6,557,1969591,silent,1969034
10,12|9|7|6|5|1,6,631,1960175,silent,1959544
10,12|9|7|6|4|2,6,1185,4847204,silent,4846019
10,12|9|7|6|3|3,6,614,3087698,silent,3087084
10,12|9|7|5|5|2,6,630,2952740,silent,2952110
10,12|9|7|5|4|3,6,912,5083404,silent,5082492
10,12|9|7|4|4|4,6,231,1276962,silent,1276731
10,12|9|6|6|6|1,6,139,418306,silent,418167
10,12|9|6|6|5|2,6,455,2132786,silent,2132331
10,12|9|6|6|4|3,6,530,2998311,silent,2997781
10,12|9|6|5|5|3,6,341,2466663,silent,2466322
10,12|9|6|5|4|4,6,316,2050239,silent,2049923
10,12|9|5|5|5|4,6,66,655375,silent,655309
10,12|8|8|8|3|1,6,117,270307,silent,270190
10,12|8|8|8|2|2,6,107,189472,silent,189365
10,12|8|8|7|4|1,6,344,916566,silent,916222
10,12|8|8|7|3|2,6,363,1273307,silent,1272944
10,12|8|8|6|5|1,6,334,1041604,silent,1041270
10,12|8|8|6|4|2,6,678,2543680,silent,2543002
10,12|8|8|6|3|3,6,279,1600494,silent,1600215
10,12|8|8|5|5|2,6,276,1457243,silent,1456967
10,12|8|8|5|4|3,6,443,2478352,silent,2477909
10,12|8|8|4|4|4,6,148,609957,silent,609809
10,12|8|7|7|5|1,6,230,784665,silent,784435
10,12|8|7|7|4|2,6,362,1781148,silent,1780786
10,12|8|7|7|3|3,6,214,1104124,silent,1103910
10,12|8|7|6|6|1,6,162,578442,silent,578280
10,12|8|7|6|5|2,6,526,2718956,silent,2718430
10,12|8|7|6|4|3,6,592,3699047,silent,3698455
10,12|8|7|5|5|3,6,335,2485515,silent,2485180
10,12|8|7|5|4|4,6,270,2006525,silent,2006255
10,12|8|6|6|6|2,6,156,654472,silent,654316
10,12|8|6|6|5|3,6,260,1976812,silent,1976552
10,12|8|6|6|4|4,6,222,1332145,silent,1331923
10,12|8|6|5|5|4,6,126,1391402,silent,1391276
10,12|8|5|5|5|5,6,14,188846,silent,188832
10,12|7|7|7|6|1,6,35,161211,silent,161176
10,12|7|7|7|5|2,6,102,599223,silent,599121
10,12|7|7|7|4|3,6,101,757369,silent,757268
10,12|7|7|6|6|2,6,67,485764,silent,485697
10,12|7|7|6|5|3,6,171,1383943,silent,1383772
10,12|7|7|6|4|4,6,94,902678,silent,902584
10,12|7|7|5|5|4,6,84,790624,silent,790540
10,12|7|6|6|6|3,6,63,443717,silent,443654
10,12|7|6|6|5|4,6,82,814873,silent,814791
10,12|7|6|5|5|5,6,15,288374,silent,288359
10,12|6|6|6|6|4,6,25,109720,silent,109695
10,12|6|6|6|5|5,6,3,97269,silent,97266
10,11|11|11|5|1|1,6,33,26116,silent,26083
10,11|11|11|4|2|1,6,60,60556,silent,60496
10,11|11|11|3|3|1,6,33,36838,silent,36805
10,11|11|11|3|2|2,6,26,35151,silent,35125
10,11|11|10|6|1|1,6,94,79581,silent,79487
10,11|11|10|5|2|1,6,212,255197,silent,254985
10,11|11|10|4|3|1,6,203,288379,silent,288176
10,11|11|10|4|2|2,6,126,224134,silent,224008
10,11|11|10|3|3|2,6,92,171312,silent,171220
10,11|11|9|7|1|1,6,98,105955,silent,105857
10,11|11|9|6|2|1,6,335,468978,silent,468643
10,11|11|9|5|3|1,6,451,797463,silent,797012
10,11|11|9|5|2|2,6,295,578628,silent,578333
10,11|11|9|4|4|1,6,230,431570,silent,431340
10,11|11|9|4|3|2,6,348,853254,silent,852906
10,11|11|9|3|3|3,6,60,218038,silent,217978
10,11|11|8|8|1|1,6,59,51205,silent,51146
10,11|11|8|7|2|1,6,272,408607,silent,408335
10,11|11|8|6|3|1,6,557,1064746,silent,1064189
10,11|11|8|6|2|2,6,318,749739,silent,749421
10,11|11|8|5|4|1,6,501,1116134,silent,1115633
10,11|11|8|5|3|2,6,613,1743870,silent,1743257
10,11|11|8|4|4|2,6,327,1041875,silent,1041548
10,11|11|8|4|3|3,6,238,880845,silent,880607
10,11|11|7|7|3|1,6,236,517064,silent,516828
10,11|11|7|7|2|2,6,168,360763,silent,360595
10,11|11|7|6|4|1,6,452,1108256,silent,1107804
10,11|11|7|6|3|2,6,509,1609302,silent,1608793
10,11|11|7|5|5|1,6,223,639642,silent,639419
10,11|11|7|5|4|2,6,574,2024085,silent,2023511
10,11|11|7|5|3|3,6,293,1384211,silent,1383918
10,11|11|7|4|4|3,6,245,1074375,silent,1074130
10,11|11|6|6|5|1,6,155,434145,silent,433990
10,11|11|6|6|4|2,6,276,1112895,silent,1112619
10,11|11|6|6|3|3,6,168,720380,silent,720212
10,11|11|6|5|5|2,6,196,834718,silent,834522
10,11|11|6|5|4|3,6,287,1485569,silent,1485282
10,11|11|6|4|4|4,6,70,401845,silent,401775
10,11|11|5|5|5|3,6,47,358636,silent,358589
10,11|11|5|5|4|4,6,63,319500,silent,319437
10,11|10|10|7|1|1,6,61,66527,silent,66466
10,11|10|10|6|2|1,6,205,287306,silent,287101
10,11|10|10|5|3|1,6,263,479512,silent,479249
10,11|10|10|5|2|2,6,181,349649,silent,349468
10,11|10|10|4|4|1,6,143,258932,silent,258789
10,11|10|10|4|3|2,6,206,509329,silent,509123
10,11|10|10|3|3|3,6,29,128277,silent,128248
10,11|10|9|8|1|1,6,68,80297,silent,80229
10,11|10|9|7|2|1,6,315,506300,silent,505985
10,11|10|9|6|3|1,6,583,1214581,silent,1213998
10,11|10|9|6|2|2,6,369,854922,silent,854553
10,11|10|9|5|4|1,6,518,1232148,silent,1231630
10,11|10|9|5|3|2,6,624,1912697,silent,1912073
10,11|10|9|4|4|2,6,362,1128822,silent,1128460
10,11|10|9|4|3|3,6,223,946517,silent,946294
10,11|10|8|8|2|1,6,166,265797,silent,265631
10,11|10|8|7|3|1,6,533,1186512,silent,1185979
10,11|10|8|7|2|2,6,332,824322,silent,823990
10,11|10|8|6|4|1,6,775,1999141,silent,1998366
10,11|10|8|6|3|2,6,862,2870631,silent,2869769
10,11|10|8|5|5|1,6,353,1075526,silent,1075173
10,11|10|8|5|4|2,6,879,3336433,silent,3335554
10,11|10|8|5|3|3,6,457,2257612,silent,2257155
10,11|10|8|4|4|3,6,368,1703017,silent,1702649
10,11|10|7|7|4|1,6,365,1044138,silent,1043773
10,11|10|7|7|3|2,6,396,1458028,silent,1457632
10,11|10|7|6|5|1,6,444,1429371,silent,1428927
10,11|10|7|6|4|2,6,844,3520060,silent,3519216
10,11|10|7|6|3|3,6,423,2235452,silent,2235029
10,11|10|7|5|5|2,6,427,2124658,silent,2124231
10,11|10|7|5|4|3,6,632,3644786,silent,3644154
10,11|10|7|4|4|4,6,171,911185,silent,911014
10,11|10|6|6|6|1,6,94,295115,silent,295021
10,11|10|6|6|5|2,6,310,1492642,silent,1492332
10,11|10|6|6|4|3,6,357,2089860,silent,2089503
10,11|10|6|5|5|3,6,227,1704495,silent,1704268
10,11|10|6|5|4|4,6,210,1412983,silent,1412773
10,11|10|5|5|5|4,6,41,443329,silent,443288
10,11|9|9|9|1|1,6,11,16101,silent,16090
10,11|9|9|8|2|1,6,102,185493,silent,185391
10,11|9|9|7|3|1,6,279,667672,silent,667393
10,11|9|9|7|2|2,6,167,460331,silent,460164
10,11|9|9|6|4|1,6,371,1048219,silent,1047848
10,11|9|9|6|3|2,6,416,1497887,silent,1497471
10,11|9|9|5|5|1,6,178,552065,silent,551887
10,11|9|9|5|4|2,6,412,1691997,silent,1691585
10,11|9|9|5|3|3,6,230,1144257,silent,1144027
10,11|9|9|4|4|3,6,165,849513,silent,849348
10,11|9|8|8|3|1,6,194,443011,silent,442817
10,11|9|8|8|2|2,6,109,305057,silent,304948
10,11|9|8|7|4|1,6,466,1370725,silent,1370259
10,11|9|8|7|3|2,6,503,1895644,silent,1895141
10,11|9|8|6|5|1,6,449,1502805,silent,1502356
10,11|9|8|6|4|2,6,819,3630070,silent,3629251
10,11|9|8|6|3|3,6,422,2287299,silent,2286877
10,11|9|8|5|5|2,6,409,2055259,silent,2054850
10,11|9|8|5|4|3,6,574,3463640,silent,3463066
10,11|9|8|4|4|4,6,134,837031,silent,836897
10,11|9|7|7|5|1,6,245,916271,silent,916026
10,11|9|7|7|4|2,6,429,2065194,silent,2064765
10,11|9|7|7|3|3,6,210,1273048,silent,1272838
10,11|9|7|6|6|1,6,174,654543,silent,654369
10,11|9|7|6|5|2,6,552,3035765,silent,3035213
10,11|9|7|6|4|3,6,617,4100964,silent,4100347
10,11|9|7|5|5|3,6,346,2712854,silent,2712508
10,11|9|7|5|4|4,6,290,2177149,silent,2176859
10,11|9|6|6|6|2,6,121,672081,silent,671960
10,11|9|6|6|5|3,6,262,2014359,silent,2014097
10,11|9|6|6|4|4,6,169,1344173,silent,1344004
10,11|9|6|5|5|4,6,135,1388641,silent,1388506
10,11|9|5|5|5|5,6,10,180274,silent,180264
10,11|8|8|8|4|1,6,100,271212,silent,271112
10,11|8|8|8|3|2,6,103,368893,silent,368790
10,11|8|8|7|5|1,6,176,630754,silent,630578
10,11|8|8|7|4|2,6,301,1403147,silent,1402846
10,11|8|8|7|3|3,6,144,855632,silent,855488
10,11|8|8|6|6|1,6,107,375065,silent,374958
10,11|8|8|6|5|2,6,315,1681976,silent,1681661
10,11|8|8|6|4|3,6,345,2239691,silent,2239346
10,11|8|8|5|5|3,6,170,1396474,silent,1396304
10,11|8|8|5|4|4,6,153,1111900,silent,1111747
10,11|8|7|7|6|1,6,80,356312,silent,356232
10,11|8|7|7|5|2,6,206,1291200,silent,1290994
10,11|8|7|7|4|3,6,215,1613309,silent,1613094
10,11|8|7|6|6|2,6,160,978905,silent,978745
10,11|8|7|6|5|3,6,321,2712867,silent,2712546
10,11|8|7|6|4|4,6,206,1759191,silent,1758985
10,11|8|7|5|5|4,6,134,1483866,silent,1483732
10,11|8|6|6|6|3,6,90,687353,silent,687263
10,11|8|6|6|5|4,6,122,1236033,silent,1235911
10,11|8|6|5|5|5,6,20,420244,silent,420224
10,11|7|7|7|7|1,6,8,39076,silent,39068
10,11|7|7|7|6|2,6,36,282324,silent,282288
10,11|7|7|7|5|3,6,62,623806,silent,623744
10,11|7|7|7|4|4,6,36,377184,silent,377148
10,11|7|7|6|6|3,6,52,527761,silent,527709
10,11|7|7|6|5|4,6,73,891845,silent,891772
10,11|7|7|5|5|5,6,16,249369,silent,249353
10,11|7|6|6|6|4,6,32,316652,silent,316620
10,11|7|6|6|5|5,6,19,278240,silent,278221
10,11|6|6|6|6|5,6,6,49108,silent,49102
10,10|10|10|8|1|1,6,5,14641,silent,14636
10,10|10|10|7|2|1,6,53,87299,silent,87246
10,10|10|10|6|3|1,6,87,200812,silent,200725
10,10|10|10|6|2|2,6,82,143309,silent,143227
10,10|10|10|5|4|1,6,83,200806,silent,200723
10,10|10|10|5|3|2,6,92,310092,silent,310000
10,10|10|10|4|4|2,6,79,183483,silent,183404
10,10|10|10|4|3|3,6,25,150636,silent,150611
10,10|10|9|9|1|1,6,11,10885,silent,10874
10,10|10|9|8|2|1,6,65,115881,silent,115816
10,10|10|9|7|3|1,6,169,402696,silent,402527
10,10|10|9|7|2|2,6,95,278281,silent,278186
10,10|10|9|6|4|1,6,224,623084,silent,622860
10,10|10|9|6|3|2,6,248,888395,silent,888147
10,10|10|9|5|5|1,6,98,325019,silent,324921
10,10|10|9|5|4|2,6,240,995419,silent,995179
10,10|10|9|5|3|3,6,130,669955,silent,669825
10,10|10|9|4|4|3,6,99,497395,silent,497296
10,10|10|8|8|3|1,6,82,221243,silent,221161
10,10|10|8|8|2|2,6,81,154323,silent,154242
10,10|10|8|7|4|1,6,223,664552,silent,664329
10,10|10|8|7|3|2,6,235,916888,silent,916653
10,10|10|8|6|5|1,6,207,717537,silent,717330
10,10|10|8|6|4|2,6,424,1731773,silent,1731349
10,10|10|8|6|3|3,6,169,1083934,silent,1083765
10,10|10|8|5|5|2,6,164,969554,silent,969390
10,10|10|8|5|4|3,6,266,1632356,silent,1632090
10,10|10|8|4|4|4,6,90,395293,silent,395203
10,10|10|7|7|5|1,6,114,413475,silent,413361
10,10|10|7|7|4|2,6,165,927307,silent,927142
10,10|10|7|7|3|3,6,114,572233,silent,572119
10,10|10|7|6|6|1,6,76,292142,silent,292066
10,10|10|7|6|5|2,6,243,1345505,silent,1345262
10,10|10|7|6|4|3,6,270,1811865,silent,1811595
10,10|10|7|5|5|3,6,152,1189509,silent,1189357
10,10|10|7|5|4|4,6,113,952829,silent,952716
10,10|10|6|6|6|2,6,72,291405,silent,291333
10,10|10|6|6|5|3,6,101,861866,silent,861765
10,10|10|6|6|4|4,6,101,577347,silent,577246
10,10|10|6|5|5|4,6,46,587822,silent,587776
10,10|10|5|5|5|5,6,8,75609,silent,75601
10,10|9|9|9|2|1,6,13,29579,silent,29566
10,10|9|9|8|3|1,6,76,195140,silent,195064
10,10|9|9|8|2|2,6,34,132540,silent,132506
10,10|9|9|7|4|1,6,142,470545,silent,470403
10,10|9|9|7|3|2,6,157,646185,silent,646028
10,10|9|9|6|5|1,6,131,476942,silent,476811
10,10|9|9|6|4|2,6,216,1134711,silent,1134495
10,10|9|9|6|3|3,6,133,714042,silent,713909
10,10|9|9|5|5|2,6,124,625200,silent,625076
10,10|9|9|5|4|3,6,157,1040050,silent,1039893
10,10|9|9|4|4|4,6,27,245062,silent,245035
10,10|9|8|8|4|1,6,106,330838,silent,330732
10,10|9|8|8|3|2,6,111,448041,silent,447930
10,10|9|8|7|5|1,6,185,711889,silent,711704
10,10|9|8|7|4|2,6,309,1570003,silent,1569694
10,10|9|8|7|3|3,6,152,956621,silent,956469
10,10|9|8|6|6|1,6,104,410568,silent,410464
10,10|9|8|6|5|2,6,315,1820859,silent,1820544
10,10|9|8|6|4|3,6,343,2409634,silent,2409291
10,10|9|8|5|5|3,6,180,1483112,silent,1482932
10,10|9|8|5|4|4,6,144,1171906,silent,1171762
10,10|9|7|7|6|1,6,69,318924,silent,318855
10,10|9|7|7|5|2,6,179,1141799,silent,1141620
10,10|9|7|7|4|3,6,181,1417226,silent,1417045
10,10|9|7|6|6|2,6,124,840120,silent,839996
10,10|9|7|6|5|3,6,263,2304763,silent,2304500
10,10|9|7|6|4|4,6,158,1485556,silent,1485398
10,10|9|7|5|5|4,6,113,1236881,silent,1236768
10,10|9|6|6|6|3,6,66,541677,silent,541611
10,10|9|6|6|5|4,6,89,964706,silent,964617
10,10|9|6|5|5|5,6,18,322811,silent,322793
10,10|8|8|8|5|1,6,41,160501,silent,160460
10,10|8|8|8|4|2,6,92,344231,silent,344139
10,10|8|8|8|3|3,6,20,203781,silent,203761
10,10|8|8|7|6|1,6,59,246244,silent,246185
10,10|8|8|7|5|2,6,132,853032,silent,852900
10,10|8|8|7|4|3,6,141,1044371,silent,1044230
10,10|8|8|6|6|2,6,105,524035,silent,523930
10,10|8|8|6|5|3,6,153,1384514,silent,1384361
10,10|8|8|6|4|4,6,127,887542,silent,887415
10,10|8|8|5|5|4,6,49,692206,silent,692157
10,10|8|7|7|7|1,6,16,73306,silent,73290
10,10|8|7|7|6|2,6,59,509559,silent,509500
10,10|8|7|7|5|3,6,119,1101090,silent,1100971
10,10|8|7|7|4|4,6,49,660796,silent,660747
10,10|8|7|6|6|3,6,88,871737,silent,871649
10,10|8|7|6|5|4,6,121,1442583,silent,1442462
10,10|8|7|5|5|5,6,26,387247,silent,387221
10,10|8|6|6|6|4,6,51,407990,silent,407939
10,10|8|6|6|5|5,6,14,350243,silent,350229
10,10|7|7|7|7|2,6,10,59913,silent,59903
10,10|7|7|7|6|3,6,22,267365,silent,267343
10,10|7|7|7|5|4,6,27,354900,silent,354873
10,10|7|7|6|6|4,6,17,326313,silent,326296
10,10|7|7|6|5|5,6,18,269702,silent,269684
10,10|7|6|6|6|5,6,10,123866,silent,123856
10,10|6|6|6|6|6,6,5,10259,silent,10254
10,34|1|1|1|1|1|1,7,0,-1,a0,
10,33|2|1|1|1|1|1,7,0,-1,a0,
10,32|3|1|1|1|1|1,7,0,-1,a0,
10,32|2|2|1|1|1|1,7,0,-1,a0,
10,31|4|1|1|1|1|1,7,0,-1,a0,
10,31|3|2|1|1|1|1,7,0,-1,a0,
10,31|2|2|2|1|1|1,7,0,-1,a0,
10,30|5|1|1|1|1|1,7,0,-1,a0,
10,30|4|2|1|1|1|1,7,0,-1,a0,
10,30|3|3|1|1|1|1,7,0,-1,a0,
10,30|3|2|2|1|1|1,7,0,-1,a0,
10,30|2|2|2|2|1|1,7,0,-1,a0,
10,29|6|1|1|1|1|1,7,0,-1,a0,
10,29|5|2|1|1|1|1,7,0,-1,a0,
10,29|4|3|1|1|1|1,7,0,-1,a0,
10,29|4|2|2|1|1|1,7,0,-1,a0,
10,29|3|3|2|1|1|1,7,0,-1,a0,
10,29|3|2|2|2|1|1,7,0,-1,a0,
10,29|2|2|2|2|2|1,7,0,-1,a0,
10,28|7|1|1|1|1|1,7,0,-1,a0,
10,28|6|2|1|1|1|1,7,0,-1,a0,
10,28|5|3|1|1|1|1,7,0,-1,a0,
10,28|5|2|2|1|1|1,7,0,-1,a0,
10,28|4|4|1|1|1|1,7,0,-1,a0,
10,28|4|3|2|1|1|1,7,0,-1,a0,
10,28|4|2|2|2|1|1,7,0,-1,a0,
10,28|3|3|3|1|1|1,7,0,-1,a0,
10,28|3|3|2|2|1|1,7,0,-1,a0,
10,28|3|2|2|2|2|1,7,0,-1,a0,
10,28|2|2|2|2|2|2,7,1,18,silent,17
10,27|8|1|1|1|1|1,7,0,-1,a0,
10,27|7|2|1|1|1|1,7,0,-1,a0,
10,27|6|3|1|1|1|1,7,0,-1,a0,
10,27|6|2|2|1|1|1,7,0,-1,a0,
10,27|5|4|1|1|1|1,7,0,-1,a0,
10,27|5|3|2|1|1|1,7,0,-1,a0,
10,27|5|2|2|2|1|1,7,0,-1,a0,
10,27|4|4|2|1|1|1,7,0,-1,a0,
10,27|4|3|3|1|1|1,7,0,-1,a0,
10,27|4|3|2|2|1|1,7,0,-1,a0,
10,27|4|2|2|2|2|1,7,1,179,silent,178
10,27|3|3|3|2|1|1,7,0,-1,a0,
10,27|3|3|2|2|2|1,7,0,-1,a0,
10,27|3|2|2|2|2|2,7,1,50,silent,49
10,26|9|1|1|1|1|1,7,0,-1,a0,
10,26|8|2|1|1|1|1,7,0,-1,a0,
10,26|7|3|1|1|1|1,7,0,-1,a0,
10,26|7|2|2|1|1|1,7,0,-1,a0,
10,26|6|4|1|1|1|1,7,0,-1,a0,
10,26|6|3|2|1|1|1,7,0,-1,a0,
10,26|6|2|2|2|1|1,7,0,-1,a0,
10,26|5|5|1|1|1|1,7,0,-1,a0,
10,26|5|4|2|1|1|1,7,0,-1,a0,
10,26|5|3|3|1|1|1,7,0,-1,a0,
10,26|5|3|2|2|1|1,7,1,1374,silent,1373
10,26|5|2|2|2|2|1,7,2,427,silent,425
10,26|4|4|3|1|1|1,7,0,-1,a0,
10,26|4|4|2|2|1|1,7,0,-1,a0,
10,26|4|3|3|2|1|1,7,0,-1,a0,
10,26|4|3|2|2|2|1,7,1,681,silent,680
10,26|4|2|2|2|2|2,7,3,179,silent,176
10,26|3|3|3|3|1|1,7,0,-1,a0,
10,26|3|3|3|2|2|1,7,0,-1,a0,
10,26|3|3|2|2|2|2,7,0,-1,a0,
10,25|10|1|1|1|1|1,7,0,-1,a0,
10,25|9|2|1|1|1|1,7,0,-1,a0,
10,25|8|3|1|1|1|1,7,0,-1,a0,
10,25|8|2|2|1|1|1,7,0,-1,a0,
10,25|7|4|1|1|1|1,7,0,-1,a0,
10,25|7|3|2|1|1|1,7,0,-1,a0,
10,25|7|2|2|2|1|1,7,1,966,silent,965
10,25|6|5|1|1|1|1,7,0,-1,a0,
10,25|6|4|2|1|1|1,7,0,-1,a0,
10,25|6|3|3|1|1|1,7,1,2305,silent,2304
10,25|6|3|2|2|1|1,7,2,2942,silent,2940
10,25|6|2|2|2|2|1,7,4,861,silent,857
10,25|5|5|2|1|1|1,7,1,1592,silent,1591
10,25|5|4|3|1|1|1,7,0,-1,a0,
10,25|5|4|2|2|1|1,7,2,3079,silent,3077
10,25|5|3|3|2|1|1,7,1,3007,silent,3006
10,25|5|3|2|2|2|1,7,4,1958,silent,1954
10,25|5|2|2|2|2|2,7,4,385,silent,381
10,25|4|4|4|1|1|1,7,0,-1,a0,
10,25|4|4|3|2|1|1,7,0,-1,a0,
10,25|4|4|2|2|2|1,7,3,1222,silent,1219
10,25|4|3|3|3|1|1,7,0,-1,a0,
10,25|4|3|3|2|2|1,7,0,-1,a0,
10,25|4|3|2|2|2|2,7,2,568,silent,566
10,25|3|3|3|3|2|1,7,0,-1,a0,
10,25|3|3|3|2|2|2,7,0,-1,a0,
10,24|11|1|1|1|1|1,7,0,-1,a0,
10,24|10|2|1|1|1|1,7,0,-1,a0,
10,24|9|3|1|1|1|1,7,0,-1,a0,
10,24|9|2|2|1|1|1,7,0,-1,a0,
10,24|8|4|1|1|1|1,7,0,-1,a0,
10,24|8|3|2|1|1|1,7,1,3682,silent,3681
10,24|8|2|2|2|1|1,7,1,1473,silent,1472
10,24|7|5|1|1|1|1,7,0,-1,a0,
10,24|7|4|2|1|1|1,7,1,6123,silent,6122
10,24|7|3|3|1|1|1,7,1,4279,silent,4278
10,24|7|3|2|2|1|1,7,6,5454,silent,5448
10,24|7|2|2|2|2|1,7,7,1506,silent,1499
10,24|6|6|1|1|1|1,7,0,-1,a0,
10,24|6|5|2|1|1|1,7,2,5186,silent,5184
10,24|6|4|3|1|1|1,7,2,7308,silent,7306
10,24|6|4|2|2|1|1,7,5,7724,silent,7719
10,24|6|3|3|2|1|1,7,4,6976,silent,6972
10,24|6|3|2|2|2|1,7,9,4429,silent,4420
10,24|6|2|2|2|2|2,7,8,824,silent,816
10,24|5|5|3|1|1|1,7,2,3953,silent,3951
10,24|5|5|2|2|1|1,7,5,4012,silent,4007
10,24|5|4|4|1|1|1,7,0,-1,a0,
10,24|5|4|3|2|1|1,7,4,9155,silent,9151
10,24|5|4|2|2|2|1,7,9,4789,silent,4780
10,24|5|3|3|3|1|1,7,0,-1,a0,
10,24|5|3|3|2|2|1,7,2,4683,silent,4681
10,24|5|3|2|2|2|2,7,4,1653,silent,1649
10,24|4|4|4|2|1|1,7,0,-1,a0,
10,24|4|4|3|3|1|1,7,0,-1,a0,
10,24|4|4|3|2|2|1,7,2,3593,silent,3591
10,24|4|4|2|2|2|2,7,6,1160,silent,1154
10,24|4|3|3|3|2|1,7,0,-1,a0,
10,24|4|3|3|2|2|2,7,0,-1,a0,
10,24|3|3|3|3|3|1,7,0,-1,a0,
10,24|3|3|3|3|2|2,7,0,-1,a0,
10,23|12|1|1|1|1|1,7,0,-1,a0,
10,23|11|2|1|1|1|1,7,0,-1,a0,
10,23|10|3|1|1|1|1,7,0,-1,a0,
10,23|10|2|2|1|1|1,7,0,-1,a0,
10,23|9|4|1|1|1|1,7,0,-1,a0,
10,23|9|3|2|1|1|1,7,2,5308,silent,5306
10,23|9|2|2|2|1|1,7,3,2140,silent,2137
10,23|8|5|1|1|1|1,7,1,3905,silent,3904
10,23|8|4|2|1|1|1,7,3,10369,silent,10366
10,23|8|3|3|1|1|1,7,4,7041,silent,7037
10,23|8|3|2|2|1|1,7,10,8881,silent,8871
10,23|8|2|2|2|2|1,7,11,2385,silent,2374
10,23|7|6|1|1|1|1,7,0,-1,a0,
10,23|7|5|2|1|1|1,7,6,11840,silent,11834
10,23|7|4|3|1|1|1,7,5,15110,silent,15105
10,23|7|4|2|2|1|1,7,16,15891,silent,15875
10,23|7|3|3|2|1|1,7,9,13498,silent,13489
10,23|7|3|2|2|2|1,7,18,8397,silent,8379
10,23|7|2|2|2|2|2,7,10,1382,silent,1372
10,23|6|6|2|1|1|1,7,1,5204,silent,5203
10,23|6|5|3|1|1|1,7,8,13977,silent,13969
10,23|6|5|2|2|1|1,7,13,13764,silent,13751
10,23|6|4|4|1|1|1,7,1,8345,silent,8344
10,23|6|4|3|2|1|1,7,14,24807,silent,24793
10,23|6|4|2|2|2|1,7,23,12567,silent,12544
10,23|6|3|3|3|1|1,7,2,7968,silent,7966
10,23|6|3|3|2|2|1,7,6,11369,silent,11363
10,23|6|3|2|2|2|2,7,11,3916,silent,3905
10,23|5|5|4|1|1|1,7,5,5796,silent,5791
10,23|5|5|3|2|1|1,7,10,13552,silent,13542
10,23|5|5|2|2|2|1,7,8,6237,silent,6229
10,23|5|4|4|2|1|1,7,5,11124,silent,11119
10,23|5|4|3|3|1|1,7,2,11428,silent,11426
10,23|5|4|3|2|2|1,7,12,15816,silent,15804
10,23|5|4|2|2|2|2,7,10,4315,silent,4305
10,23|5|3|3|3|2|1,7,0,-1,a0,
10,23|5|3|3|2|2|2,7,1,4131,silent,4130
10,23|4|4|4|3|1|1,7,0,-1,a0,
10,23|4|4|4|2|2|1,7,5,4229,silent,4224
10,23|4|4|3|3|2|1,7,0,-1,a0,
10,23|4|4|3|2|2|2,7,4,3363,silent,3359
10,23|4|3|3|3|3|1,7,0,-1,a0,
10,23|4|3|3|3|2|2,7,0,-1,a0,
10,23|3|3|3|3|3|2,7,0,-1,a0,
10,22|13|1|1|1|1|1,7,0,-1,a0,
10,22|12|2|1|1|1|1,7,0,-1,a0,
10,22|11|3|1|1|1|1,7,0,-1,a0,
10,22|11|2|2|1|1|1,7,0,-1,a0,
10,22|10|4|1|1|1|1,7,1,4019,silent,4018
10,22|10|3|2|1|1|1,7,3,6915,silent,6912
10,22|10|2|2|2|1|1,7,4,2734,silent,2730
10,22|9|5|1|1|1|1,7,1,6027,silent,6026
10,22|9|4|2|1|1|1,7,7,15630,silent,15623
10,22|9|3|3|1|1|1,7,7,10364,silent,10357
10,22|9|3|2|2|1|1,7,18,13053,silent,13035
10,22|9|2|2|2|2|1,7,15,3399,silent,3384
10,22|8|6|1|1|1|1,7,2,5841,silent,5839
10,22|8|5|2|1|1|1,7,14,21766,silent,21752
10,22|8|4|3|1|1|1,7,14,26561,silent,26547
10,22|8|4|2|2|1|1,7,28,27546,silent,27518
10,22|8|3|3|2|1|1,7,19,22907,silent,22888
10,22|8|3|2|2|2|1,7,30,14032,silent,14002
10,22|8|2|2|2|2|2,7,17,2266,silent,2249
10,22|7|7|1|1|1|1,7,0,-1,a0,
10,22|7|6|2|1|1|1,7,8,16447,silent,16439
10,22|7|5|3|1|1|1,7,20,33329,silent,33309
10,22|7|5|2|2|1|1,7,37,32475,silent,32438
10,22|7|4|4|1|1|1,7,8,18615,silent,18607
10,22|7|4|3|2|1|1,7,36,53059,silent,53023
10,22|7|4|2|2|2|1,7,46,26104,silent,26058
10,22|7|3|3|3|1|1,7,4,16062,silent,16058
10,22|7|3|3|2|2|1,7,16,22844,silent,22828
10,22|7|3|2|2|2|2,7,17,7526,silent,7509
10,22|6|6|3|1|1|1,7,8,15404,silent,15396
10,22|6|6|2|2|1|1,7,10,14595,silent,14585
10,22|6|5|4|1|1|1,7,13,22357,silent,22344
10,22|6|5|3|2|1|1,7,37,50283,silent,50246
10,22|6|5|2|2|2|1,7,31,22772,silent,22741
10,22|6|4|4|2|1|1,7,17,33114,silent,33097
10,22|6|4|3|3|1|1,7,12,32666,silent,32654
10,22|6|4|3|2|2|1,7,34,44425,silent,44391
10,22|6|4|2|2|2|2,7,28,11759,silent,11731
10,22|6|3|3|3|2|1,7,1,17621,silent,17620
10,22|6|3|3|2|2|2,7,4,10356,silent,10352
10,22|5|5|5|1|1|1,7,7,4694,silent,4687
10,22|5|5|4|2|1|1,7,19,22929,silent,22910
10,22|5|5|3|3|1|1,7,6,18294,silent,18288
10,22|5|5|3|2|2|1,7,15,24147,silent,24132
10,22|5|5|2|2|2|2,7,4,5564,silent,5560
10,22|5|4|4|3|1|1,7,7,18866,silent,18859
10,22|5|4|4|2|2|1,7,18,21361,silent,21343
10,22|5|4|3|3|2|1,7,5,26490,silent,26485
10,22|5|4|3|2|2|2,7,11,15013,silent,15002
10,22|5|3|3|3|3|1,7,0,-1,a0,
10,22|5|3|3|3|2|2,7,0,-1,a0,
10,22|4|4|4|4|1|1,7,0,-1,a0,
10,22|4|4|4|3|2|1,7,3,8813,silent,8810
10,22|4|4|4|2|2|2,7,9,4388,silent,4379
10,22|4|4|3|3|3|1,7,0,-1,a0,
10,22|4|4|3|3|2|2,7,0,-1,a0,
10,22|4|3|3|3|3|2,7,0,-1,a0,
10,22|3|3|3|3|3|3,7,0,-1,a0,
10,21|14|1|1|1|1|1,7,0,-1,a0,
10,21|13|2|1|1|1|1,7,0,-1,a0,
10,21|12|3|1|1|1|1,7,0,-1,a0,
10,21|12|2|2|1|1|1,7,0,-1,a0,
10,21|11|4|1|1|1|1,7,0,-1,a0,
10,21|11|3|2|1|1|1,7,5,8227,silent,8222
10,21|11|2|2|2|1|1,7,6,3277,silent,3271
10,21|10|5|1|1|1|1,7,3,8245,silent,8242
10,21|10|4|2|1|1|1,7,12,20952,silent,20940
10,21|10|3|3|1|1|1,7,11,13715,silent,13704
10,21|10|3|2|2|1|1,7,25,17194,silent,17169
10,21|10|2|2|2|2|1,7,20,4404,silent,4384
10,21|9|6|1|1|1|1,7,3,9673,silent,9670
10,21|9|5|2|1|1|1,7,26,34429,silent,34403
10,21|9|4|3|1|1|1,7,25,40794,silent,40769
10,21|9|4|2|2|1|1,7,52,42225,silent,42173
10,21|9|3|3|2|1|1,7,31,34233,silent,34202
10,21|9|3|2|2|2|1,7,45,20746,silent,20701
10,21|9|2|2|2|2|2,7,18,3120,silent,3102
10,21|8|7|1|1|1|1,7,3,6799,silent,6796
10,21|8|6|2|1|1|1,7,22,34536,silent,34514
10,21|8|5|3|1|1|1,7,47,63253,silent,63206
10,21|8|5|2|2|1|1,7,67,60980,silent,60913
10,21|8|4|4|1|1|1,7,16,34172,silent,34156
10,21|8|4|3|2|1|1,7,74,95250,silent,95176
10,21|8|4|2|2|2|1,7,78,46105,silent,46027
10,21|8|3|3|3|1|1,7,12,27948,silent,27936
10,21|8|3|3|2|2|1,7,30,39506,silent,39476
10,21|8|3|2|2|2|2,7,30,12781,silent,12751
10,21|7|7|2|1|1|1,7,12,15089,silent,15077
10,21|7|6|3|1|1|1,7,30,50175,silent,50145
10,21|7|6|2|2|1|1,7,48,47248,silent,47200
10,21|7|5|4|1|1|1,7,40,56638,silent,56598
10,21|7|5|3|2|1|1,7,94,123222,silent,123128
10,21|7|5|2|2|2|1,7,72,54509,silent,54437
10,21|7|4|4|2|1|1,7,51,75622,silent,75571
10,21|7|4|3|3|1|1,7,27,72036,silent,72009
10,21|7|4|3|2|2|1,7,77,96966,silent,96889
10,21|7|4|2|2|2|2,7,43,24362,silent,24319
10,21|7|3|3|3|2|1,7,5,36680,silent,36675
10,21|7|3|3|2|2|2,7,11,21423,silent,21412
10,21|6|6|4|1|1|1,7,11,28266,silent,28255
10,21|6|6|3|2|1|1,7,38,58245,silent,58207
10,21|6|6|2|2|2|1,7,34,25438,silent,25404
10,21|6|5|5|1|1|1,7,19,20597,silent,20578
10,21|6|5|4|2|1|1,7,63,92372,silent,92309
10,21|6|5|3|3|1|1,7,33,71387,silent,71354
10,21|6|5|3|2|2|1,7,63,93131,silent,93068
10,21|6|5|2|2|2|2,7,28,21381,silent,21353
10,21|6|4|4|3|1|1,7,24,58923,silent,58899
10,21|6|4|4|2|2|1,7,53,65378,silent,65325
10,21|6|4|3|3|2|1,7,19,77915,silent,77896
10,21|6|4|3|2|2|2,7,31,43251,silent,43220
10,21|6|3|3|3|3|1,7,0,-1,a0,
10,21|6|3|3|3|2|2,7,0,-1,a0,
10,21|5|5|5|2|1|1,7,17,19704,silent,19687
10,21|5|5|4|3|1|1,7,23,41899,silent,41876
10,21|5|5|4|2|2|1,7,24,44298,silent,44274
10,21|5|5|3|3|2|1,7,12,44402,silent,44390
10,21|5|5|3|2|2|2,7,9,23418,silent,23409
10,21|5|4|4|4|1|1,7,8,14576,silent,14568
10,21|5|4|4|3|2|1,7,20,48233,silent,48213
10,21|5|4|4|2|2|2,7,18,21656,silent,21638
10,21|5|4|3|3|3|1,7,0,-1,a0,
10,21|5|4|3|3|2|2,7,4,28362,silent,28358
10,21|5|3|3|3|3|2,7,0,-1,a0,
10,21|4|4|4|4|2|1,7,6,7263,silent,7257
10,21|4|4|4|3|3|1,7,0,-1,a0,
10,21|4|4|4|3|2|2,7,5,9895,silent,9890
10,21|4|4|3|3|3|2,7,0,-1,a0,
10,21|4|3|3|3|3|3,7,0,-1,a0,
10,20|15|1|1|1|1|1,7,0,-1,a0,
10,20|14|2|1|1|1|1,7,0,-1,a0,
10,20|13|3|1|1|1|1,7,0,-1,a0,
10,20|13|2|2|1|1|1,7,0,-1,a0,
10,20|12|4|1|1|1|1,7,1,5193,silent,5192
10,20|12|3|2|1|1|1,7,6,8824,silent,8818
10,20|12|2|2|2|1|1,7,6,3455,silent,3449
10,20|11|5|1|1|1|1,7,4,9994,silent,9990
10,20|11|4|2|1|1|1,7,17,25170,silent,25153
10,20|11|3|3|1|1|1,7,14,16287,silent,16273
10,20|11|3|2|2|1|1,7,34,20413,silent,20379
10,20|11|2|2|2|2|1,7,23,5136,silent,5113
10,20|10|6|1|1|1|1,7,7,13738,silent,13731
10,20|10|5|2|1|1|1,7,40,47234,silent,47194
10,20|10|4|3|1|1|1,7,42,55138,silent,55096
10,20|10|4|2|2|1|1,7,70,56611,silent,56541
10,20|10|3|3|2|1|1,7,47,45586,silent,45539
10,20|10|3|2|2|2|1,7,60,27375,silent,27315
10,20|10|2|2|2|2|2,7,25,4104,silent,4079
10,20|9|7|1|1|1|1,7,6,12657,silent,12651
10,20|9|6|2|1|1|1,7,45,58254,silent,58209
10,20|9|5|3|1|1|1,7,81,101143,silent,101062
10,20|9|5|2|2|1|1,7,117,97053,silent,96936
10,20|9|4|4|1|1|1,7,33,53818,silent,53785
10,20|9|4|3|2|1|1,7,125,147415,silent,147290
10,20|9|4|2|2|2|1,7,116,70372,silent,70256
10,20|9|3|3|3|1|1,7,19,42290,silent,42271
10,20|9|3|3|2|2|1,7,50,59650,silent,59600
10,20|9|3|2|2|2|2,7,39,18854,silent,18815
10,20|8|8|1|1|1|1,7,5,5218,silent,5213
10,20|8|7|2|1|1|1,7,34,41868,silent,41834
10,20|8|6|3|1|1|1,7,77,107518,silent,107441
10,20|8|6|2|2|1|1,7,97,100161,silent,100064
10,20|8|5|4|1|1|1,7,82,110816,silent,110734
10,20|8|5|3|2|1|1,7,190,237055,silent,236865
10,20|8|5|2|2|2|1,7,132,103640,silent,103508
10,20|8|4|4|2|1|1,7,95,140280,silent,140185
10,20|8|4|3|3|1|1,7,65,131795,silent,131730
10,20|8|4|3|2|2|1,7,139,175866,silent,175727
10,20|8|4|2|2|2|2,7,76,43521,silent,43445
10,20|8|3|3|3|2|1,7,14,64619,silent,64605
10,20|8|3|3|2|2|2,7,18,37315,silent,37297
10,20|7|7|3|1|1|1,7,33,47667,silent,47634
10,20|7|7|2|2|1|1,7,52,44062,silent,44010
10,20|7|6|4|1|1|1,7,60,96775,silent,96715
10,20|7|6|3|2|1|1,7,137,192447,silent,192310
10,20|7|6|2|2|2|1,7,95,81592,silent,81497
10,20|7|5|5|1|1|1,7,45,55532,silent,55487
10,20|7|5|4|2|1|1,7,168,237878,silent,237710
10,20|7|5|3|3|1|1,7,80,179191,silent,179111
10,20|7|5|3|2|2|1,7,156,231607,silent,231451
10,20|7|5|2|2|2|2,7,53,51392,silent,51339
10,20|7|4|4|3|1|1,7,66,137582,silent,137516
10,20|7|4|4|2|2|1,7,110,149929,silent,149819
10,20|7|4|3|3|2|1,7,50,175293,silent,175243
10,20|7|4|3|2|2|2,7,61,95363,silent,95302
10,20|7|3|3|3|3|1,7,0,-1,a0,
10,20|7|3|3|3|2|2,7,3,38931,silent,38928
10,20|6|6|5|1|1|1,7,17,34619,silent,34602
10,20|6|6|4|2|1|1,7,66,121558,silent,121492
10,20|6|6|3|3|1|1,7,42,87059,silent,87017
10,20|6|6|3|2|2|1,7,75,111709,silent,111634
10,20|6|6|2|2|2|2,7,38,24777,silent,24739
10,20|6|5|5|2|1|1,7,63,90255,silent,90192
10,20|6|5|4|3|1|1,7,85,175791,silent,175706
10,20|6|5|4|2|2|1,7,109,184608,silent,184499
10,20|6|5|3|3|2|1,7,52,176850,silent,176798
10,20|6|5|3|2|2|2,7,44,92510,silent,92466
10,20|6|4|4|4|1|1,7,20,47919,silent,47899
10,20|6|4|4|3|2|1,7,61,153774,silent,153713
10,20|6|4|4|2|2|2,7,53,67556,silent,67503
10,20|6|4|3|3|3|1,7,4,68983,silent,68979
10,20|6|4|3|3|2|2,7,11,84878,silent,84867
10,20|6|3|3|3|3|2,7,0,-1,a0,
10,20|5|5|5|3|1|1,7,22,40802,silent,40780
10,20|5|5|5|2|2|1,7,13,39376,silent,39363
10,20|5|5|4|4|1|1,7,24,37089,silent,37065
10,20|5|5|4|3|2|1,7,37,109367,silent,109330
10,20|5|5|4|2|2|2,7,12,45065,silent,45053
10,20|5|5|3|3|3|1,7,4,40312,silent,40308
10,20|5|5|3|3|2|2,7,10,49152,silent,49142
10,20|5|4|4|4|2|1,7,24,42633,silent,42609
10,20|5|4|4|3|3|1,7,7,46640,silent,46633
10,20|5|4|4|3|2|2,7,17,54798,silent,54781
10,20|5|4|3|3|3|2,7,0,-1,a0,
10,20|5|3|3|3|3|3,7,0,-1,a0,
10,20|4|4|4|4|3|1,7,3,8963,silent,8960
10,20|4|4|4|4|2|2,7,10,9042,silent,9032
10,20|4|4|4|3|3|2,7,0,-1,a0,
10,20|4|4|3|3|3|3,7,0,-1,a0,
10,19|16|1|1|1|1|1,7,0,-1,a0,
10,19|15|2|1|1|1|1,7,0,-1,a0,
10,19|14|3|1|1|1|1,7,0,-1,a0,
10,19|14|2|2|1|1|1,7,0,-1,a0,
10,19|13|4|1|1|1|1,7,1,4998,silent,4997
10,19|13|3|2|1|1|1,7,6,8533,silent,8527
10,19|13|2|2|2|1|1,7,8,3385,silent,3377
10,19|12|5|1|1|1|1,7,5,10765,silent,10760
10,19|12|4|2|1|1|1,7,21,26887,silent,26866
10,19|12|3|3|1|1|1,7,18,17304,silent,17286
10,19|12|3|2|2|1|1,7,37,21613,silent,21576
10,19|12|2|2|2|2|1,7,24,5387,silent,5363
10,19|11|6|1|1|1|1,7,8,16801,silent,16793
10,19|11|5|2|1|1|1,7,54,57010,silent,56956
10,19|11|4|3|1|1|1,7,53,65737,silent,65684
10,19|11|4|2|2|1|1,7,95,67516,silent,67421
10,19|11|3|3|2|1|1,7,58,53638,silent,53580
10,19|11|3|2|2|2|1,7,71,32021,silent,31950
10,19|11|2|2|2|2|2,7,23,4572,silent,4549
10,19|10|7|1|1|1|1,7,13,18824,silent,18811
10,19|10|6|2|1|1|1,7,69,82171,silent,82102
10,19|10|5|3|1|1|1,7,122,138723,silent,138601
10,19|10|5|2|2|1|1,7,160,132467,silent,132307
10,19|10|4|4|1|1|1,7,51,73089,silent,73038
10,19|10|4|3|2|1|1,7,178,198181,silent,198003
10,19|10|4|2|2|2|1,7,153,93833,silent,93680
10,19|10|3|3|3|1|1,7,32,56152,silent,56120
10,19|10|3|3|2|2|1,7,69,78920,silent,78851
10,19|10|3|2|2|2|2,7,51,24671,silent,24620
10,19|9|8|1|1|1|1,7,8,12725,silent,12717
10,19|9|7|2|1|1|1,7,71,78277,silent,78206
10,19|9|6|3|1|1|1,7,140,181482,silent,181342
10,19|9|6|2|2|1|1,7,180,168535,silent,168355
10,19|9|5|4|1|1|1,7,140,179249,silent,179109
10,19|9|5|3|2|1|1,7,313,378463,silent,378150
10,19|9|5|2|2|2|1,7,200,163698,silent,163498
10,19|9|4|4|2|1|1,7,165,220377,silent,220212
10,19|9|4|3|3|1|1,7,102,204128,silent,204026
10,19|9|4|3|2|2|1,7,218,271107,silent,270889
10,19|9|4|2|2|2|2,7,93,65404,silent,65311
10,19|9|3|3|3|2|1,7,25,97987,silent,97962
10,19|9|3|3|2|2|2,7,33,56421,silent,56388
10,19|8|8|2|1|1|1,7,26,32302,silent,32276
10,19|8|7|3|1|1|1,7,104,134124,silent,134020
10,19|8|7|2|2|1|1,7,122,122709,silent,122587
10,19|8|6|4|1|1|1,7,137,211338,silent,211201
10,19|8|6|3|2|1|1,7,300,413359,silent,413059
10,19|8|6|2|2|2|1,7,190,173239,silent,173049
10,19|8|5|5|1|1|1,7,92,111980,silent,111888
10,19|8|5|4|2|1|1,7,322,467307,silent,466985
10,19|8|5|3|3|1|1,7,176,347584,silent,347408
10,19|8|5|3|2|2|1,7,295,446477,silent,446182
10,19|8|5|2|2|2|2,7,103,97869,silent,97766
10,19|8|4|4|3|1|1,7,125,257728,silent,257603
10,19|8|4|4|2|2|1,7,195,278410,silent,278215
10,19|8|4|3|3|2|1,7,102,321292,silent,321190
10,19|8|4|3|2|2|2,7,104,172917,silent,172813
10,19|8|3|3|3|3|1,7,3,55260,silent,55257
10,19|8|3|3|3|2|2,7,5,68667,silent,68662
10,19|7|7|4|1|1|1,7,74,97662,silent,97588
10,19|7|7|3|2|1|1,7,132,184455,silent,184323
10,19|7|7|2|2|2|1,7,73,75491,silent,75418
10,19|7|6|5|1|1|1,7,75,124953,silent,124878
10,19|7|6|4|2|1|1,7,257,416944,silent,416687
10,19|7|6|3|3|1|1,7,129,290365,silent,290236
10,19|7|6|3|2|2|1,7,228,368687,silent,368459
10,19|7|6|2|2|2|2,7,73,77935,silent,77862
10,19|7|5|5|2|1|1,7,154,245711,silent,245557
10,19|7|5|4|3|1|1,7,220,459204,silent,458984
10,19|7|5|4|2|2|1,7,261,476850,silent,476589
10,19|7|5|3|3|2|1,7,136,447653,silent,447517
10,19|7|5|3|2|2|2,7,104,230884,silent,230780
10,19|7|4|4|4|1|1,7,61,115296,silent,115235
10,19|7|4|4|3|2|1,7,136,360227,silent,360091
10,19|7|4|4|2|2|2,7,88,154071,silent,153983
10,19|7|4|3|3|3|1,7,12,157245,silent,157233
10,19|7|4|3|3|2|2,7,34,192671,silent,192637
10,19|7|3|3|3|3|2,7,0,-1,a0,
10,19|6|6|6|1|1|1,7,5,22647,silent,22642
10,19|6|6|5|2|1|1,7,80,157390,silent,157310
10,19|6|6|4|3|1|1,7,97,240853,silent,240756
10,19|6|6|4|2|2|1,7,141,249006,silent,248865
10,19|6|6|3|3|2|1,7,64,219727,silent,219663
10,19|6|6|3|2|2|2,7,59,112962,silent,112903
10,19|6|5|5|3|1|1,7,89,192157,silent,192068
10,19|6|5|5|2|2|1,7,75,184998,silent,184923
10,19|6|5|4|4|1|1,7,72,161609,silent,161537
10,19|6|5|4|3|2|1,7,156,466564,silent,466408
10,19|6|5|4|2|2|2,7,76,191250,silent,191174
10,19|6|5|3|3|3|1,7,19,163355,silent,163336
10,19|6|5|3|3|2|2,7,31,197069,silent,197038
10,19|6|4|4|4|2|1,7,66,141919,silent,141853
10,19|6|4|4|3|3|1,7,23,152128,silent,152105
10,19|6|4|4|3|2|2,7,50,176399,silent,176349
10,19|6|4|3|3|3|2,7,1,100532,silent,100531
10,19|6|3|3|3|3|3,7,0,-1,a0,
10,19|5|5|5|4|1|1,7,23,48131,silent,48108
10,19|5|5|5|3|2|1,7,28,110066,silent,110038
10,19|5|5|5|2|2|2,7,4,40943,silent,40939
10,19|5|5|4|4|2|1,7,36,108687,silent,108651
10,19|5|5|4|3|3|1,7,22,111545,silent,111523
10,19|5|5|4|3|2|2,7,23,125948,silent,125925
10,19|5|5|3|3|3|2,7,4,59658,silent,59654
10,19|5|4|4|4|3|1,7,20,55176,silent,55156
10,19|5|4|4|4|2|2,7,21,52000,silent,51979
10,19|5|4|4|3|3|2,7,5,70409,silent,70404
10,19|5|4|3|3|3|3,7,0,-1,a0,
10,19|4|4|4|4|4|1,7,6,5179,silent,5173
10,19|4|4|4|4|3|2,7,5,14461,silent,14456
10,19|4|4|4|3|3|3,7,0,-1,a0,
10,18|17|1|1|1|1|1,7,0,-1,a0,
10,18|16|2|1|1|1|1,7,0,-1,a0,
10,18|15|3|1|1|1|1,7,0,-1,a0,
10,18|15|2|2|1|1|1,7,0,-1,a0,
10,18|14|4|1|1|1|1,7,1,4242,silent,4241
10,18|14|3|2|1|1|1,7,6,7153,silent,7147
10,18|14|2|2|2|1|1,7,5,2779,silent,2774
10,18|13|5|1|1|1|1,7,5,10124,silent,10119
10,18|13|4|2|1|1|1,7,22,25211,silent,25189
10,18|13|3|3|1|1|1,7,17,16126,silent,16109
10,18|13|3|2|2|1|1,7,37,20154,silent,20117
10,18|13|2|2|2|2|1,7,23,4979,silent,4956
10,18|12|6|1|1|1|1,7,12,17918,silent,17906
10,18|12|5|2|1|1|1,7,60,59799,silent,59739
10,18|12|4|3|1|1|1,7,64,68589,silent,68525
10,18|12|4|2|2|1|1,7,97,70034,silent,69937
10,18|12|3|3|2|1|1,7,66,55640,silent,55574
10,18|12|3|2|2|2|1,7,74,33037,silent,32963
10,18|12|2|2|2|2|2,7,27,4770,silent,4743
10,18|11|7|1|1|1|1,7,15,23307,silent,23292
10,18|11|6|2|1|1|1,7,92,99075,silent,98983
10,18|11|5|3|1|1|1,7,151,164190,silent,164039
10,18|11|5|2|2|1|1,7,199,156457,silent,156258
10,18|11|4|4|1|1|1,7,65,86085,silent,86020
10,18|11|4|3|2|1|1,7,220,231580,silent,231360
10,18|11|4|2|2|2|1,7,175,108873,silent,108698
10,18|11|3|3|3|1|1,7,37,64968,silent,64931
10,18|11|3|3|2|2|1,7,84,91217,silent,91133
10,18|11|3|2|2|2|2,7,54,28150,silent,28096
10,18|10|8|1|1|1|1,7,18,20708,silent,20690
10,18|10|7|2|1|1|1,7,107,114360,silent,114253
10,18|10|6|3|1|1|1,7,209,252759,silent,252550
10,18|10|6|2|2|1|1,7,243,233472,silent,233229
10,18|10|5|4|1|1|1,7,197,243746,silent,243549
10,18|10|5|3|2|1|1,7,433,511034,silent,510601
10,18|10|5|2|2|2|1,7,265,219798,silent,219533
10,18|10|4|4|2|1|1,7,217,294035,silent,293818
10,18|10|4|3|3|1|1,7,153,271110,silent,270957
10,18|10|4|3|2|2|1,7,285,358426,silent,358141
10,18|10|4|2|2|2|2,7,126,85982,silent,85856
10,18|10|3|3|3|2|1,7,38,128148,silent,128110
10,18|10|3|3|2|2|2,7,39,73218,silent,73179
10,18|9|9|1|1|1|1,7,5,8374,silent,8369
10,18|9|8|2|1|1|1,7,71,78742,silent,78671
10,18|9|7|3|1|1|1,7,199,248171,silent,247972
10,18|9|7|2|2|1|1,7,234,226117,silent,225883
10,18|9|6|4|1|1|1,7,250,356326,silent,356076
10,18|9|6|3|2|1|1,7,510,688574,silent,688064
10,18|9|6|2|2|2|1,7,294,285630,silent,285336
10,18|9|5|5|1|1|1,7,144,181560,silent,181416
10,18|9|5|4|2|1|1,7,520,746222,silent,745702
10,18|9|5|3|3|1|1,7,278,549836,silent,549558
10,18|9|5|3|2|2|1,7,458,703354,silent,702896
10,18|9|5|2|2|2|2,7,138,151896,silent,151758
10,18|9|4|4|3|1|1,7,203,400797,silent,400594
10,18|9|4|4|2|2|1,7,286,429756,silent,429470
10,18|9|4|3|3|2|1,7,165,492532,silent,492367
10,18|9|4|3|2|2|2,7,148,262691,silent,262543
10,18|9|3|3|3|3|1,7,5,82950,silent,82945
10,18|9|3|3|3|2|2,7,13,103104,silent,103091
10,18|8|8|3|1|1|1,7,84,104498,silent,104414
10,18|8|8|2|2|1|1,7,77,94402,silent,94325
10,18|8|7|4|1|1|1,7,192,276290,silent,276098
10,18|8|7|3|2|1|1,7,362,515724,silent,515362
10,18|8|7|2|2|2|1,7,192,209918,silent,209726
10,18|8|6|5|1|1|1,7,174,277972,silent,277798
10,18|8|6|4|2|1|1,7,534,902659,silent,902125
10,18|8|6|3|3|1|1,7,296,621489,silent,621193
10,18|8|6|3|2|2|1,7,463,784400,silent,783937
10,18|8|6|2|2|2|2,7,151,164094,silent,163943
10,18|8|5|5|2|1|1,7,302,492948,silent,492646
10,18|8|5|4|3|1|1,7,420,899607,silent,899187
10,18|8|5|4|2|2|1,7,489,929294,silent,928805
10,18|8|5|3|3|2|1,7,269,861015,silent,860746
10,18|8|5|3|2|2|2,7,188,440784,silent,440596
10,18|8|4|4|4|1|1,7,94,216483,silent,216389
10,18|8|4|4|3|2|1,7,245,668980,silent,668735
10,18|8|4|4|2|2|2,7,155,283652,silent,283497
10,18|8|4|3|3|3|1,7,32,287215,silent,287183
10,18|8|4|3|3|2|2,7,57,349753,silent,349696
10,18|8|3|3|3|3|2,7,1,78340,silent,78339
10,18|7|7|5|1|1|1,7,90,138667,silent,138577
10,18|7|7|4|2|1|1,7,260,419178,silent,418918
10,18|7|7|3|3|1|1,7,114,280484,silent,280370
10,18|7|7|3|2|2|1,7,189,351050,silent,350861
10,18|7|7|2|2|2|2,7,38,70852,silent,70814
10,18|7|6|6|1|1|1,7,43,90929,silent,90886
10,18|7|6|5|2|1|1,7,291,563439,silent,563148
10,18|7|6|4|3|1|1,7,345,825701,silent,825356
10,18|7|6|4|2|2|1,7,409,842015,silent,841606
10,18|7|6|3|3|2|1,7,213,730774,silent,730561
10,18|7|6|3|2|2|2,7,153,368723,silent,368570
10,18|7|5|5|3|1|1,7,217,525364,silent,525147
10,18|7|5|5|2|2|1,7,198,502687,silent,502489
10,18|7|5|4|4|1|1,7,189,427791,silent,427602
10,18|7|5|4|3|2|1,7,377,1212965,silent,1212588
10,18|7|5|4|2|2|2,7,166,490112,silent,489946
10,18|7|5|3|3|3|1,7,50,413878,silent,413828
10,18|7|5|3|3|2|2,7,87,496921,silent,496834
10,18|7|4|4|4|2|1,7,134,337215,silent,337081
10,18|7|4|4|3|3|1,7,60,358222,silent,358162
10,18|7|4|4|3|2|2,7,98,410583,silent,410485
10,18|7|4|3|3|3|2,7,7,228907,silent,228900
10,18|7|3|3|3|3|3,7,0,-1,a0,
10,18|6|6|6|2|1|1,7,36,106565,silent,106529
10,18|6|6|5|3|1|1,7,125,345016,silent,344891
10,18|6|6|5|2|2|1,7,138,328868,silent,328730
10,18|6|6|4|4|1|1,7,75,232901,silent,232826
10,18|6|6|4|3|2|1,7,193,645375,silent,645182
10,18|6|6|4|2|2|2,7,115,260021,silent,259906
10,18|6|6|3|3|3|1,7,24,205705,silent,205681
10,18|6|6|3|3|2|2,7,33,245444,silent,245411
10,18|6|5|5|4|1|1,7,89,232969,silent,232880
10,18|6|5|5|3|2|1,7,133,521839,silent,521706
10,18|6|5|5|2|2|2,7,36,193373,silent,193337
10,18|6|5|4|4|2|1,7,149,478577,silent,478428
10,18|6|5|4|3|3|1,7,80,478645,silent,478565
10,18|6|5|4|3|2|2,7,102,538044,silent,537942
10,18|6|5|3|3|3|2,7,12,241404,silent,241392
10,18|6|4|4|4|3|1,7,49,185806,silent,185757
10,18|6|4|4|4|2|2,7,64,173358,silent,173294
10,18|6|4|4|3|3|2,7,15,229906,silent,229891
10,18|6|4|3|3|3|3,7,0,-1,a0,
10,18|5|5|5|5|1|1,7,8,27656,silent,27648
10,18|5|5|5|4|2|1,7,29,144549,silent,144520
10,18|5|5|5|3|3|1,7,22,119087,silent,119065
10,18|5|5|5|3|2|2,7,15,128827,silent,128812
10,18|5|5|4|4|3|1,7,34,146401,silent,146367
10,18|5|5|4|4|2|2,7,17,132151,silent,132134
10,18|5|5|4|3|3|2,7,18,170611,silent,170593
10,18|5|5|3|3|3|3,7,0,-1,a0,
10,18|5|4|4|4|4|1,7,16,32001,silent,31985
10,18|5|4|4|4|3|2,7,18,88672,silent,88654
10,18|5|4|4|3|3|3,7,0,-1,a0,
10,18|4|4|4|4|4|2,7,10,9470,silent,9460
10,18|4|4|4|4|3|3,7,0,-1,a0,
10,17|17|2|1|1|1|1,7,0,-1,a0,
10,17|16|3|1|1|1|1,7,0,-1,a0,
10,17|16|2|2|1|1|1,7,0,-1,a0,
10,17|15|4|1|1|1|1,7,0,-1,a0,
10,17|15|3|2|1|1|1,7,4,4813,silent,4809
10,17|15|2|2|2|1|1,7,5,1921,silent,1916
10,17|14|5|1|1|1|1,7,5,7947,silent,7942
10,17|14|4|2|1|1|1,7,18,19692,silent,19674
10,17|14|3|3|1|1|1,7,14,12570,silent,12556
10,17|14|3|2|2|1|1,7,29,15686,silent,15657
10,17|14|2|2|2|2|1,7,18,3865,silent,3847
10,17|13|6|1|1|1|1,7,10,16036,silent,16026
10,17|13|5|2|1|1|1,7,57,53434,silent,53377
10,17|13|4|3|1|1|1,7,57,60898,silent,60841
10,17|13|4|2|2|1|1,7,96,62367,silent,62271
10,17|13|3|3|2|1|1,7,58,49053,silent,48995
10,17|13|3|2|2|2|1,7,66,29071,silent,29005
10,17|13|2|2|2|2|2,7,18,4015,silent,3997
10,17|12|7|1|1|1|1,7,19,24203,silent,24184
10,17|12|6|2|1|1|1,7,98,100984,silent,100886
10,17|12|5|3|1|1|1,7,161,165605,silent,165444
10,17|12|5|2|2|1|1,7,200,157427,silent,157227
10,17|12|4|4|1|1|1,7,69,86485,silent,86416
10,17|12|4|3|2|1|1,7,227,231645,silent,231418
10,17|12|4|2|2|2|1,7,174,108504,silent,108330
10,17|12|3|3|3|1|1,7,42,64665,silent,64623
10,17|12|3|3|2|2|1,7,85,90618,silent,90533
10,17|12|3|2|2|2|2,7,54,27828,silent,27774
10,17|11|8|1|1|1|1,7,20,26071,silent,26051
10,17|11|7|2|1|1|1,7,135,137320,silent,137185
10,17|11|6|3|1|1|1,7,249,294782,silent,294533
10,17|11|6|2|2|1|1,7,301,272103,silent,271802
10,17|11|5|4|1|1|1,7,235,280505,silent,280270
10,17|11|5|3|2|1|1,7,501,584565,silent,584064
10,17|11|5|2|2|2|1,7,296,250135,silent,249839
10,17|11|4|4|2|1|1,7,264,334805,silent,334541
10,17|11|4|3|3|1|1,7,170,306486,silent,306316
10,17|11|4|3|2|2|1,7,325,404445,silent,404120
10,17|11|4|2|2|2|2,7,120,95598,silent,95478
10,17|11|3|3|3|2|1,7,47,143730,silent,143683
10,17|11|3|3|2|2|2,7,49,82092,silent,82043
10,17|10|9|1|1|1|1,7,14,17364,silent,17350
10,17|10|8|2|1|1|1,7,114,124201,silent,124087
10,17|10|7|3|1|1|1,7,292,353820,silent,353528
10,17|10|7|2|2|1|1,7,318,321087,silent,320769
10,17|10|6|4|1|1|1,7,345,485552,silent,485207
10,17|10|6|3|2|1|1,7,692,931993,silent,931301
10,17|10|6|2|2|2|1,7,383,384609,silent,384226
10,17|10|5|5|1|1|1,7,192,242526,silent,242334
10,17|10|5|4|2|1|1,7,677,986875,silent,986198
10,17|10|5|3|3|1|1,7,380,723574,silent,723194
10,17|10|5|3|2|2|1,7,592,922908,silent,922316
10,17|10|5|2|2|2|2,7,178,198096,silent,197918
10,17|10|4|4|3|1|1,7,263,521866,silent,521603
10,17|10|4|4|2|2|1,7,360,557444,silent,557084
10,17|10|4|3|3|2|1,7,219,635728,silent,635509
10,17|10|4|3|2|2|2,7,184,337340,silent,337156
10,17|10|3|3|3|3|1,7,10,105752,silent,105742
10,17|10|3|3|3|2|2,7,16,131112,silent,131096
10,17|9|9|2|1|1|1,7,51,51211,silent,51160
10,17|9|8|3|1|1|1,7,195,248560,silent,248365
10,17|9|8|2|2|1|1,7,210,224108,silent,223898
10,17|9|7|4|1|1|1,7,359,504182,silent,503823
10,17|9|7|3|2|1|1,7,646,931011,silent,930365
10,17|9|7|2|2|2|1,7,321,375729,silent,375408
10,17|9|6|5|1|1|1,7,296,464602,silent,464306
10,17|9|6|4|2|1|1,7,892,1484662,silent,1483770
10,17|9|6|3|3|1|1,7,467,1012564,silent,1012097
10,17|9|6|3|2|2|1,7,722,1273091,silent,1272369
10,17|9|6|2|2|2|2,7,194,261990,silent,261796
10,17|9|5|5|2|1|1,7,455,781026,silent,780571
10,17|9|5|4|3|1|1,7,648,1407027,silent,1406379
10,17|9|5|4|2|2|1,7,726,1446661,silent,1445935
10,17|9|5|3|3|2|1,7,419,1331110,silent,1330691
10,17|9|5|3|2|2|2,7,277,677276,silent,676999
10,17|9|4|4|4|1|1,7,156,331911,silent,331755
10,17|9|4|4|3|2|1,7,359,1014801,silent,1014442
10,17|9|4|4|2|2|2,7,191,425331,silent,425140
10,17|9|4|3|3|3|1,7,50,431439,silent,431389
10,17|9|4|3|3|2|2,7,97,524444,silent,524347
10,17|9|3|3|3|3|2,7,2,114889,silent,114887
10,17|8|8|4|1|1|1,7,138,217035,silent,216897
10,17|8|8|3|2|1|1,7,259,396551,silent,396292
10,17|8|8|2|2|2|1,7,134,159745,silent,159611
10,17|8|7|5|1|1|1,7,248,395323,silent,395075
10,17|8|7|4|2|1|1,7,657,1166296,silent,1165639
10,17|8|7|3|3|1|1,7,344,773127,silent,772783
10,17|8|7|3|2|2|1,7,496,963741,silent,963245
10,17|8|7|2|2|2|2,7,127,194304,silent,194177
10,17|8|6|6|1|1|1,7,97,208827,silent,208730
10,17|8|6|5|2|1|1,7,613,1230025,silent,1229412
10,17|8|6|4|3|1|1,7,709,1761361,silent,1760652
10,17|8|6|4|2|2|1,7,816,1786779,silent,1785963
10,17|8|6|3|3|2|1,7,443,1532684,silent,1532241
10,17|8|6|3|2|2|2,7,295,767947,silent,767652
10,17|8|5|5|3|1|1,7,419,1038391,silent,1037972
10,17|8|5|5|2|2|1,7,375,989828,silent,989453
10,17|8|5|4|4|1|1,7,327,830024,silent,829697
10,17|8|5|4|3|2|1,7,692,2331465,silent,2330773
10,17|8|5|4|2|2|2,7,308,936217,silent,935909
10,17|8|5|3|3|3|1,7,106,783333,silent,783227
10,17|8|5|3|3|2|2,7,151,936423,silent,936272
10,17|8|4|4|4|2|1,7,221,621560,silent,621339
10,17|8|4|4|3|3|1,7,107,655647,silent,655540
10,17|8|4|4|3|2|2,7,167,747398,silent,747231
10,17|8|4|3|3|3|2,7,15,410436,silent,410421
10,17|8|3|3|3|3|3,7,0,-1,a0,
10,17|7|7|6|1|1|1,7,77,131164,silent,131087
10,17|7|7|5|2|1|1,7,302,617122,silent,616820
10,17|7|7|4|3|1|1,7,330,828089,silent,827759
10,17|7|7|4|2|2|1,7,336,831114,silent,830778
10,17|7|7|3|3|2|1,7,191,697975,silent,697784
10,17|7|7|3|2|2|2,7,110,344930,silent,344820
10,17|7|6|6|2|1|1,7,175,417778,silent,417603
10,17|7|6|5|3|1|1,7,423,1222267,silent,1221844
10,17|7|6|5|2|2|1,7,420,1152884,silent,1152464
10,17|7|6|4|4|1|1,7,285,799237,silent,798952
10,17|7|6|4|3|2|1,7,593,2172331,silent,2171738
10,17|7|6|4|2|2|2,7,263,858543,silent,858280
10,17|7|6|3|3|3|1,7,82,677121,silent,677039
10,17|7|6|3|3|2|2,7,129,804723,silent,804594
10,17|7|5|5|4|1|1,7,209,636571,silent,636362
10,17|7|5|5|3|2|1,7,337,1407547,silent,1407210
10,17|7|5|5|2|2|2,7,108,517916,silent,517808
10,17|7|5|4|4|2|1,7,342,1245946,silent,1245604
10,17|7|5|4|3|3|1,7,198,1232584,silent,1232386
10,17|7|5|4|3|2|2,7,235,1376184,silent,1375949
10,17|7|5|3|3|3|2,7,33,603005,silent,602972
10,17|7|4|4|4|3|1,7,106,438661,silent,438555
10,17|7|4|4|4|2|2,7,99,403188,silent,403089
10,17|7|4|4|3|3|2,7,43,534500,silent,534457
10,17|7|4|3|3|3|3,7,0,-1,a0,
10,17|6|6|6|3|1|1,7,63,243322,silent,243259
10,17|6|6|6|2|2|1,7,87,225593,silent,225506
10,17|6|6|5|4|1|1,7,123,434731,silent,434608
10,17|6|6|5|3|2|1,7,220,937948,silent,937728
10,17|6|6|5|2|2|2,7,94,343525,silent,343431
10,17|6|6|4|4|2|1,7,186,689980,silent,689794
10,17|6|6|4|3|3|1,7,91,663873,silent,663782
10,17|6|6|4|3|2|2,7,132,739504,silent,739372
10,17|6|6|3|3|3|2,7,11,301661,silent,301650
10,17|6|5|5|5|1|1,7,39,139395,silent,139356
10,17|6|5|5|4|2|1,7,139,697392,silent,697253
10,17|6|5|5|3|3|1,7,85,560454,silent,560369
10,17|6|5|5|3|2|2,7,73,604639,silent,604566
10,17|6|5|4|4|3|1,7,121,641724,silent,641603
10,17|6|5|4|4|2|2,7,105,578729,silent,578624
10,17|6|5|4|3|3|2,7,57,724224,silent,724167
10,17|6|5|3|3|3|3,7,2,147627,silent,147625
10,17|6|4|4|4|4|1,7,39,108317,silent,108278
10,17|6|4|4|4|3|2,7,48,295992,silent,295944
10,17|6|4|4|3|3|3,7,1,145495,silent,145494
10,17|5|5|5|5|2|1,7,13,87185,silent,87172
10,17|5|5|5|4|3|1,7,29,203979,silent,203950
10,17|5|5|5|4|2|2,7,12,177081,silent,177069
10,17|5|5|5|3|3|2,7,17,183687,silent,183670
10,17|5|5|4|4|4|1,7,17,87602,silent,87585
10,17|5|5|4|4|3|2,7,25,234638,silent,234613
10,17|5|5|4|3|3|3,7,5,109702,silent,109697
10,17|5|4|4|4|4|2,7,18,57099,silent,57081
10,17|5|4|4|4|3|3,7,5,62060,silent,62055
10,17|4|4|4|4|4|3,7,5,8463,silent,8458
10,16|16|4|1|1|1|1,7,1,1023,silent,1022
10,16|16|3|2|1|1|1,7,1,1681,silent,1680
10,16|16|2|2|2|1|1,7,1,629,silent,628
10,16|15|5|1|1|1|1,7,2,4377,silent,4375
10,16|15|4|2|1|1|1,7,10,10849,silent,10839
10,16|15|3|3|1|1|1,7,8,6909,silent,6901
10,16|15|3|2|2|1|1,7,17,8632,silent,8615
10,16|15|2|2|2|2|1,7,9,2112,silent,2103
10,16|14|6|1|1|1|1,7,9,11267,silent,11258
10,16|14|5|2|1|1|1,7,40,37078,silent,37038
10,16|14|4|3|1|1|1,7,44,42245,silent,42201
10,16|14|4|2|2|1|1,7,61,42969,silent,42908
10,16|14|3|3|2|1|1,7,44,34030,silent,33986
10,16|14|3|2|2|2|1,7,46,20107,silent,20061
10,16|14|2|2|2|2|2,7,17,2895,silent,2878
10,16|13|7|1|1|1|1,7,16,20219,silent,20203
10,16|13|6|2|1|1|1,7,84,83578,silent,83494
10,16|13|5|3|1|1|1,7,134,136034,silent,135900
10,16|13|5|2|2|1|1,7,170,129249,silent,129079
10,16|13|4|4|1|1|1,7,61,70934,silent,70873
10,16|13|4|3|2|1|1,7,189,189312,silent,189123
10,16|13|4|2|2|2|1,7,142,88415,silent,88273
10,16|13|3|3|3|1|1,7,34,52621,silent,52587
10,16|13|3|3|2|2|1,7,71,73744,silent,73673
10,16|13|3|2|2|2|2,7,41,22501,silent,22460
10,16|12|8|1|1|1|1,7,24,26193,silent,26169
10,16|12|7|2|1|1|1,7,133,133576,silent,133443
10,16|12|6|3|1|1|1,7,251,282473,silent,282222
10,16|12|6|2|2|1|1,7,277,259807,silent,259530
10,16|12|5|4|1|1|1,7,223,266349,silent,266126
10,16|12|5|3|2|1|1,7,484,553700,silent,553216
10,16|12|5|2|2|2|1,7,277,236410,silent,236133
10,16|12|4|4|2|1|1,7,240,315310,silent,315070
10,16|12|4|3|3|1|1,7,175,288601,silent,288426
10,16|12|4|3|2|2|1,7,302,379903,silent,379601
10,16|12|4|2|2|2|2,7,122,89951,silent,89829
10,16|12|3|3|3|2|1,7,45,134393,silent,134348
10,16|12|3|3|2|2|2,7,41,76343,silent,76302
10,16|11|9|1|1|1|1,7,18,23048,silent,23030
10,16|11|8|2|1|1|1,7,142,149217,silent,149075
10,16|11|7|3|1|1|1,7,335,403770,silent,403435
10,16|11|7|2|2|1|1,7,370,365795,silent,365425
10,16|11|6|4|1|1|1,7,396,540719,silent,540323
10,16|11|6|3|2|1|1,7,771,1032602,silent,1031831
10,16|11|6|2|2|2|1,7,409,424217,silent,423808
10,16|11|5|5|1|1|1,7,208,266742,silent,266534
10,16|11|5|4|2|1|1,7,742,1078845,silent,1078103
10,16|11|5|3|3|1|1,7,410,787889,silent,787479
10,16|11|5|3|2|2|1,7,638,1003174,silent,1002536
10,16|11|5|2|2|2|2,7,176,213830,silent,213654
10,16|11|4|4|3|1|1,7,290,565047,silent,564757
10,16|11|4|4|2|2|1,7,378,601589,silent,601211
10,16|11|4|3|3|2|1,7,240,684319,silent,684079
10,16|11|4|3|2|2|2,7,189,361626,silent,361437
10,16|11|3|3|3|3|1,7,11,112924,silent,112913
10,16|11|3|3|3|2|2,7,21,140054,silent,140033
10,16|10|10|1|1|1|1,7,11,9292,silent,9281
10,16|10|9|2|1|1|1,7,94,100993,silent,100899
10,16|10|8|3|1|1|1,7,302,376625,silent,376323
10,16|10|8|2|2|1|1,7,295,338009,silent,337714
10,16|10|7|4|1|1|1,7,485,692511,silent,692026
10,16|10|7|3|2|1|1,7,868,1271832,silent,1270964
10,16|10|7|2|2|2|1,7,424,511507,silent,511083
10,16|10|6|5|1|1|1,7,388,612730,silent,612342
10,16|10|6|4|2|1|1,7,1126,1937871,silent,1936745
10,16|10|6|3|3|1|1,7,624,1316456,silent,1315832
10,16|10|6|3|2|2|1,7,906,1650504,silent,1649598
10,16|10|6|2|2|2|2,7,253,338531,silent,338278
10,16|10|5|5|2|1|1,7,581,1001149,silent,1000568
10,16|10|5|4|3|1|1,7,806,1787631,silent,1786825
10,16|10|5|4|2|2|1,7,894,1833819,silent,1832925
10,16|10|5|3|3|2|1,7,526,1679059,silent,1678533
10,16|10|5|3|2|2|2,7,331,851219,silent,850888
10,16|10|4|4|4|1|1,7,174,415773,silent,415599
10,16|10|4|4|3|2|1,7,434,1266582,silent,1266148
10,16|10|4|4|2|2|2,7,243,529531,silent,529288
10,16|10|4|3|3|3|1,7,72,535248,silent,535176
10,16|10|4|3|3|2|2,7,110,648408,silent,648298
10,16|10|3|3|3|3|2,7,5,140770,silent,140765
10,16|9|9|3|1|1|1,7,121,156536,silent,156415
10,16|9|9|2|2|1|1,7,137,140303,silent,140166
10,16|9|8|4|1|1|1,7,331,502281,silent,501950
10,16|9|8|3|2|1|1,7,585,906920,silent,906335
10,16|9|8|2|2|2|1,7,274,361414,silent,361140
10,16|9|7|5|1|1|1,7,434,705628,silent,705194
10,16|9|7|4|2|1|1,7,1134,2049624,silent,2048490
10,16|9|7|3|3|1|1,7,576,1347869,silent,1347293
10,16|9|7|3|2|2|1,7,821,1674443,silent,1673622
10,16|9|7|2|2|2|2,7,182,333736,silent,333554
10,16|9|6|6|1|1|1,7,177,346679,silent,346502
10,16|9|6|5|2|1|1,7,965,1981075,silent,1980110
10,16|9|6|4|3|1|1,7,1108,2798438,silent,2797330
10,16|9|6|4|2|2|1,7,1209,2826001,silent,2824792
10,16|9|6|3|3|2|1,7,684,2408961,silent,2408277
10,16|9|6|3|2|2|2,7,420,1199414,silent,1198994
10,16|9|5|5|3|1|1,7,608,1591899,silent,1591291
10,16|9|5|5|2|2|1,7,552,1513320,silent,1512768
10,16|9|5|4|4|1|1,7,481,1260202,silent,1259721
10,16|9|5|4|3|2|1,7,1004,3515674,silent,3514670
10,16|9|5|4|2|2|2,7,416,1403339,silent,1402923
10,16|9|5|3|3|3|1,7,159,1170631,silent,1170472
10,16|9|5|3|3|2|2,7,232,1396385,silent,1396153
10,16|9|4|4|4|2|1,7,297,915956,silent,915659
10,16|9|4|4|3|3|1,7,159,962968,silent,962809
10,16|9|4|4|3|2|2,7,223,1092632,silent,1092409
10,16|9|4|3|3|3|2,7,27,595607,silent,595580
10,16|9|3|3|3|3|3,7,0,-1,a0,
10,16|8|8|5|1|1|1,7,184,316480,silent,316296
10,16|8|8|4|2|1|1,7,445,893438,silent,892993
10,16|8|8|3|3|1|1,7,262,582063,silent,581801
10,16|8|8|3|2|2|1,7,341,721370,silent,721029
10,16|8|8|2|2|2|2,7,102,144372,silent,144270
10,16|8|7|6|1|1|1,7,198,380215,silent,380017
10,16|8|7|5|2|1|1,7,788,1710205,silent,1709417
10,16|8|7|4|3|1|1,7,837,2243654,silent,2242817
10,16|8|7|4|2|2|1,7,872,2246061,silent,2245189
10,16|8|7|3|3|2|1,7,498,1862416,silent,1861918
10,16|8|7|3|2|2|2,7,283,917455,silent,917172
10,16|8|6|6|2|1|1,7,362,928997,silent,928635
10,16|8|6|5|3|1|1,7,868,2596786,silent,2595918
10,16|8|6|5|2|2|1,7,832,2438341,silent,2437509
10,16|8|6|4|4|1|1,7,530,1666279,silent,1665749
10,16|8|6|4|3|2|1,7,1155,4490237,silent,4489082
10,16|8|6|4|2|2|2,7,517,1764640,silent,1764123
10,16|8|6|3|3|3|1,7,179,1380140,silent,1379961
10,16|8|6|3|3|2|2,7,235,1633272,silent,1633037
10,16|8|5|5|4|1|1,7,388,1231044,silent,1230656
10,16|8|5|5|3|2|1,7,617,2698502,silent,2697885
10,16|8|5|5|2|2|2,7,191,987494,silent,987303
10,16|8|5|4|4|2|1,7,592,2345886,silent,2345294
10,16|8|5|4|3|3|1,7,350,2303249,silent,2302899
10,16|8|5|4|3|2|2,7,412,2562953,silent,2562541
10,16|8|5|3|3|3|2,7,63,1106494,silent,1106431
10,16|8|4|4|4|3|1,7,160,787018,silent,786858
10,16|8|4|4|4|2|2,7,172,721070,silent,720898
10,16|8|4|4|3|3|2,7,68,948314,silent,948246
10,16|8|4|3|3|3|3,7,2,240053,silent,240051
10,16|7|7|7|1|1|1,7,39,68418,silent,68379
10,16|7|7|6|2|1|1,7,247,585655,silent,585408
10,16|7|7|5|3|1|1,7,416,1321024,silent,1320608
10,16|7|7|5|2|2|1,7,378,1229094,silent,1228716
10,16|7|7|4|4|1|1,7,277,802293,silent,802016
10,16|7|7|4|3|2|1,7,506,2124890,silent,2124384
10,16|7|7|4|2|2|2,7,177,823138,silent,822961
10,16|7|7|3|3|3|1,7,78,636086,silent,636008
10,16|7|7|3|3|2|2,7,121,750478,silent,750357
10,16|7|6|6|3|1|1,7,264,930963,silent,930699
10,16|7|6|6|2|2|1,7,264,850820,silent,850556
10,16|7|6|5|4|1|1,7,409,1520384,silent,1519975
10,16|7|6|5|3|2|1,7,690,3231137,silent,3230447
10,16|7|6|5|2|2|2,7,248,1167419,silent,1167171
10,16|7|6|4|4|2|1,7,527,2293508,silent,2292981
10,16|7|6|4|3|3|1,7,303,2188381,silent,2188078
10,16|7|6|4|3|2|2,7,364,2418039,silent,2417675
10,16|7|6|3|3|3|2,7,50,968315,silent,968265
10,16|7|5|5|5|1|1,7,86,380387,silent,380301
10,16|7|5|5|4|2|1,7,343,1860204,silent,1859861
10,16|7|5|5|3|3|1,7,199,1477281,silent,1477082
10,16|7|5|5|3|2|2,7,192,1588060,silent,1587868
10,16|7|5|4|4|3|1,7,278,1635798,silent,1635520
10,16|7|5|4|4|2|2,7,213,1464892,silent,1464679
10,16|7|5|4|3|3|2,7,139,1816889,silent,1816750
10,16|7|5|3|3|3|3,7,4,360101,silent,360097
10,16|7|4|4|4|4|1,7,69,250610,silent,250541
10,16|7|4|4|4|3|2,7,88,679981,silent,679893
10,16|7|4|4|3|3|3,7,7,331030,silent,331023
10,16|6|6|6|4|1|1,7,65,332297,silent,332232
10,16|6|6|6|3|2|1,7,134,660036,silent,659902
10,16|6|6|6|2|2|2,7,75,234006,silent,233931
10,16|6|6|5|5|1|1,7,64,281700,silent,281636
10,16|6|6|5|4|2|1,7,240,1289818,silent,1289578
10,16|6|6|5|3|3|1,7,119,996792,silent,996673
10,16|6|6|5|3|2|2,7,133,1068835,silent,1068702
10,16|6|6|4|4|3|1,7,138,918090,silent,917952
10,16|6|6|4|4|2|2,7,152,821595,silent,821443
10,16|6|6|4|3|3|2,7,59,986517,silent,986458
10,16|6|6|3|3|3|3,7,4,182900,silent,182896
10,16|6|5|5|5|2|1,7,54,430581,silent,430527
10,16|6|5|5|4|3|1,7,123,967670,silent,967547
10,16|6|5|5|4|2|2,7,73,837469,silent,837396
10,16|6|5|5|3|3|2,7,63,845996,silent,845933
10,16|6|5|4|4|4|1,7,69,383075,silent,383006
10,16|6|5|4|4|3|2,7,100,1008603,silent,1008503
10,16|6|5|4|3|3|3,7,12,458193,silent,458181
10,16|6|4|4|4|4|2,7,49,189823,silent,189774
10,16|6|4|4|4|3|3,7,10,204021,silent,204011
10,16|5|5|5|5|3|1,7,14,134160,silent,134146
10,16|5|5|5|5|2|2,7,8,108486,silent,108478
10,16|5|5|5|4|4|1,7,12,132758,silent,132746
10,16|5|5|5|4|3|2,7,20,326385,silent,326365
10,16|5|5|5|3|3|3,7,6,119797,silent,119791
10,16|5|5|4|4|4|2,7,12,153951,silent,153939
10,16|5|5|4|4|3|3,7,13,166122,silent,166109
10,16|5|4|4|4|4|3,7,11,52214,silent,52203
10,16|4|4|4|4|4|4,7,7,3760,silent,3753
10,15|15|6|1|1|1|1,7,1,3997,silent,3996
10,15|15|5|2|1|1|1,7,15,13378,silent,13363
10,15|15|4|3|1|1|1,7,13,15133,silent,15120
10,15|15|4|2|2|1|1,7,28,15612,silent,15584
10,15|15|3|3|2|1|1,7,14,12088,silent,12074
10,15|15|3|2|2|2|1,7,16,7167,silent,7151
10,15|15|2|2|2|2|2,7,2,916,silent,914
10,15|14|7|1|1|1|1,7,9,11563,silent,11554
10,15|14|6|2|1|1|1,7,49,47495,silent,47446
10,15|14|5|3|1|1|1,7,78,77038,silent,76960
10,15|14|5|2|2|1|1,7,95,73116,silent,73021
10,15|14|4|4|1|1|1,7,33,40094,silent,40061
10,15|14|4|3|2|1|1,7,109,106907,silent,106798
10,15|14|4|2|2|2|1,7,79,49880,silent,49801
10,15|14|3|3|3|1|1,7,20,29672,silent,29652
10,15|14|3|3|2|2|1,7,40,41553,silent,41513
10,15|14|3|2|2|2|2,7,24,12678,silent,12654
10,15|13|8|1|1|1|1,7,15,19469,silent,19454
10,15|13|7|2|1|1|1,7,101,98285,silent,98184
10,15|13|6|3|1|1|1,7,180,205522,silent,205342
10,15|13|6|2|2|1|1,7,216,189372,silent,189156
10,15|13|5|4|1|1|1,7,166,192996,silent,192830
10,15|13|5|3|2|1|1,7,348,399953,silent,399605
10,15|13|5|2|2|2|1,7,197,170360,silent,170163
10,15|13|4|4|2|1|1,7,186,227811,silent,227625
10,15|13|4|3|3|1|1,7,117,207351,silent,207234
10,15|13|4|3|2|2|1,7,220,273053,silent,272833
10,15|13|4|2|2|2|2,7,72,63841,silent,63769
10,15|13|3|3|3|2|1,7,34,96426,silent,96392
10,15|13|3|3|2|2|2,7,35,54991,silent,54956
10,15|12|9|1|1|1|1,7,20,22093,silent,22073
10,15|12|8|2|1|1|1,7,130,136088,silent,135958
10,15|12|7|3|1|1|1,7,303,358718,silent,358415
10,15|12|7|2|2|1|1,7,320,324374,silent,324054
10,15|12|6|4|1|1|1,7,347,473634,silent,473287
10,15|12|6|3|2|1|1,7,673,902056,silent,901383
10,15|12|6|2|2|2|1,7,351,369864,silent,369513
10,15|12|5|5|1|1|1,7,182,232103,silent,231921
10,15|12|5|4|2|1|1,7,637,934913,silent,934276
10,15|12|5|3|3|1|1,7,363,681514,silent,681151
10,15|12|5|3|2|2|1,7,545,866686,silent,866141
10,15|12|5|2|2|2|2,7,152,184371,silent,184219
10,15|12|4|4|3|1|1,7,247,486795,silent,486548
10,15|12|4|4|2|2|1,7,321,517585,silent,517264
10,15|12|4|3|3|2|1,7,208,587617,silent,587409
10,15|12|4|3|2|2|2,7,159,309946,silent,309787
10,15|12|3|3|3|3|1,7,11,96532,silent,96521
10,15|12|3|3|3|2|2,7,17,119564,silent,119547
10,15|11|10|1|1|1|1,7,11,14900,silent,14889
10,15|11|9|2|1|1|1,7,120,124809,silent,124689
10,15|11|8|3|1|1|1,7,329,420592,silent,420263
10,15|11|8|2|2|1|1,7,346,377321,silent,376975
10,15|11|7|4|1|1|1,7,517,738206,silent,737689
10,15|11|7|3|2|1|1,7,913,1349365,silent,1348452
10,15|11|7|2|2|2|1,7,429,540519,silent,540090
10,15|11|6|5|1|1|1,7,406,638709,silent,638303
10,15|11|6|4|2|1|1,7,1179,2007753,silent,2006574
10,15|11|6|3|3|1|1,7,620,1357948,silent,1357328
10,15|11|6|3|2|2|1,7,914,1700156,silent,1699242
10,15|11|6|2|2|2|2,7,222,345699,silent,345477
10,15|11|5|5|2|1|1,7,570,1024763,silent,1024193
10,15|11|5|4|3|1|1,7,813,1821497,silent,1820684
10,15|11|5|4|2|2|1,7,884,1864588,silent,1863704
10,15|11|5|3|3|2|1,7,532,1702958,silent,1702426
10,15|11|5|3|2|2|2,7,329,861137,silent,860808
10,15|11|4|4|4|1|1,7,189,421161,silent,420972
10,15|11|4|4|3|2|1,7,430,1276259,silent,1275829
10,15|11|4|4|2|2|2,7,207,530141,silent,529934
10,15|11|4|3|3|3|1,7,69,537305,silent,537236
10,15|11|4|3|3|2|2,7,122,650922,silent,650800
10,15|11|3|3|3|3|2,7,4,139921,silent,139917
10,15|10|10|2|1|1|1,7,43,50624,silent,50581
10,15|10|9|3|1|1|1,7,224,291827,silent,291603
10,15|10|9|2|2|1|1,7,224,260362,silent,260138
10,15|10|8|4|1|1|1,7,464,720183,silent,719719
10,15|10|8|3|2|1|1,7,809,1293180,silent,1292371
10,15|10|8|2|2|2|1,7,375,513544,silent,513169
10,15|10|7|5|1|1|1,7,554,922125,silent,921571
10,15|10|7|4|2|1|1,7,1410,2653222,silent,2651812
10,15|10|7|3|3|1|1,7,744,1737772,silent,1737028
10,15|10|7|3|2|2|1,7,1018,2154292,silent,2153274
10,15|10|7|2|2|2|2,7,235,428082,silent,427847
10,15|10|6|6|1|1|1,7,218,438218,silent,438000
10,15|10|6|5|2|1|1,7,1167,2462754,silent,2461587
10,15|10|6|4|3|1|1,7,1328,3450066,silent,3448738
10,15|10|6|4|2|2|1,7,1431,3476356,silent,3474925
10,15|10|6|3|3|2|1,7,822,2950344,silent,2949522
10,15|10|6|3|2|2|2,7,489,1464488,silent,1463999
10,15|10|5|5|3|1|1,7,722,1926732,silent,1926010
10,15|10|5|5|2|2|1,7,647,1828310,silent,1827663
10,15|10|5|4|4|1|1,7,547,1515443,silent,1514896
10,15|10|5|4|3|2|1,7,1162,4211756,silent,4210594
10,15|10|5|4|2|2|2,7,483,1676533,silent,1676050
10,15|10|5|3|3|3|1,7,196,1394503,silent,1394307
10,15|10|5|3|3|2|2,7,262,1660096,silent,1659834
10,15|10|4|4|4|2|1,7,331,1083177,silent,1082846
10,15|10|4|4|3|3|1,7,182,1135690,silent,1135508
10,15|10|4|4|3|2|2,7,252,1285737,silent,1285485
10,15|10|4|3|3|3|2,7,34,697074,silent,697040
10,15|10|3|3|3|3|3,7,1,74821,silent,74820
10,15|9|9|4|1|1|1,7,206,305619,silent,305413
10,15|9|9|3|2|1|1,7,333,542648,silent,542315
10,15|9|9|2|2|2|1,7,142,213399,silent,213257
10,15|9|8|5|1|1|1,7,399,705203,silent,704804
10,15|9|8|4|2|1|1,7,985,1958984,silent,1957999
10,15|9|8|3|3|1|1,7,511,1264257,silent,1263746
10,15|9|8|3|2|2|1,7,694,1561015,silent,1560321
10,15|9|8|2|2|2|2,7,150,306695,silent,306545
10,15|9|7|6|1|1|1,7,345,663238,silent,662893
10,15|9|7|5|2|1|1,7,1279,2900005,silent,2898726
10,15|9|7|4|3|1|1,7,1353,3754553,silent,3753200
10,15|9|7|4|2|2|1,7,1361,3744131,silent,3742770
10,15|9|7|3|3|2|1,7,799,3085261,silent,3084462
10,15|9|7|3|2|2|2,7,431,1512071,silent,1511640
10,15|9|6|6|2|1|1,7,581,1464235,silent,1463654
10,15|9|6|5|3|1|1,7,1278,3984780,silent,3983502
10,15|9|6|5|2|2|1,7,1195,3728510,silent,3727315
10,15|9|6|4|4|1|1,7,804,2532509,silent,2531705
10,15|9|6|4|3|2|1,7,1657,6777364,silent,6775707
10,15|9|6|4|2|2|2,7,665,2646021,silent,2645356
10,15|9|6|3|3|3|1,7,264,2066187,silent,2065923
10,15|9|6|3|3|2|2,7,363,2441005,silent,2440642
10,15|9|5|5|4|1|1,7,523,1804368,silent,1803845
10,15|9|5|5|3|2|1,7,864,3935824,silent,3934960
10,15|9|5|5|2|2|2,7,283,1436044,silent,1435761
10,15|9|5|4|4|2|1,7,794,3385032,silent,3384238
10,15|9|5|4|3|3|1,7,489,3310534,silent,3310045
10,15|9|5|4|3|2|2,7,555,3673184,silent,3672629
10,15|9|5|3|3|3|2,7,91,1573132,silent,1573041
10,15|9|4|4|4|3|1,7,216,1106927,silent,1106711
10,15|9|4|4|4|2|2,7,189,1007715,silent,1007526
10,15|9|4|4|3|3|2,7,103,1326257,silent,1326154
10,15|9|4|3|3|3|3,7,2,331619,silent,331617
10,15|8|8|6|1|1|1,7,148,322532,silent,322384
10,15|8|8|5|2|1|1,7,550,1318906,silent,1318356
10,15|8|8|4|3|1|1,7,564,1660895,silent,1660331
10,15|8|8|4|2|2|1,7,594,1654244,silent,1653650
10,15|8|8|3|3|2|1,7,337,1344619,silent,1344282
10,15|8|8|3|2|2|2,7,192,658518,silent,658326
10,15|8|7|7|1|1|1,7,109,209230,silent,209121
10,15|8|7|6|2|1|1,7,617,1629610,silent,1628993
10,15|8|7|5|3|1|1,7,1068,3517311,silent,3516243
10,15|8|7|5|2|2|1,7,954,3263065,silent,3262111
10,15|8|7|4|4|1|1,7,613,2095672,silent,2095059
10,15|8|7|4|3|2|1,7,1248,5511385,silent,5510137
10,15|8|7|4|2|2|2,7,480,2129558,silent,2129078
10,15|8|7|3|3|3|1,7,206,1626098,silent,1625892
10,15|8|7|3|3|2|2,7,261,1911513,silent,1911252
10,15|8|6|6|3|1|1,7,530,1989388,silent,1988858
10,15|8|6|6|2|2|1,7,524,1809361,silent,1808837
10,15|8|6|5|4|1|1,7,791,3116973,silent,3116182
10,15|8|6|5|3|2|1,7,1318,6568575,silent,6567257
10,15|8|6|5|2|2|2,7,465,2360061,silent,2359596
10,15|8|6|4|4|2|1,7,965,4578657,silent,4577692
10,15|8|6|4|3|3|1,7,568,4339339,silent,4338771
10,15|8|6|4|3|2|2,7,668,4778828,silent,4778160
10,15|8|6|3|3|3|2,7,99,1887865,silent,1887766
10,15|8|5|5|5|1|1,7,163,714878,silent,714715
10,15|8|5|5|4|2|1,7,599,3445830,silent,3445231
10,15|8|5|5|3|3|1,7,352,2716751,silent,2716399
10,15|8|5|5|3|2|2,7,327,2912596,silent,2912269
10,15|8|5|4|4|3|1,7,447,2956197,silent,2955750
10,15|8|5|4|4|2|2,7,369,2640332,silent,2639963
10,15|8|5|4|3|3|2,7,230,3249611,silent,3249381
10,15|8|5|3|3|3|3,7,11,634642,silent,634631
10,15|8|4|4|4|4|1,7,98,432992,silent,432894
10,15|8|4|4|4|3|2,7,134,1168576,silent,1168442
10,15|8|4|4|3|3|3,7,10,564415,silent,564405
10,15|7|7|7|2|1|1,7,108,296704,silent,296596
10,15|7|7|6|3|1|1,7,344,1271572,silent,1271228
10,15|7|7|6|2|2|1,7,285,1143304,silent,1143019
10,15|7|7|5|4|1|1,7,396,1623753,silent,1623357
10,15|7|7|5|3|2|1,7,630,3370011,silent,3369381
10,15|7|7|5|2|2|2,7,195,1197025,silent,1196830
10,15|7|7|4|4|2|1,7,423,2217556,silent,2217133
10,15|7|7|4|3|3|1,7,272,2081380,silent,2081108
10,15|7|7|4|3|2|2,7,283,2278421,silent,2278138
10,15|7|7|3|3|3|2,7,53,878491,silent,878438
10,15|7|6|6|4|1|1,7,271,1239935,silent,1239664
10,15|7|6|6|3|2|1,7,439,2419432,silent,2418993
10,15|7|6|6|2|2|2,7,160,841091,silent,840931
10,15|7|6|5|5|1|1,7,187,970202,silent,970015
10,15|7|6|5|4|2|1,7,709,4334568,silent,4333859
10,15|7|6|5|3|3|1,7,380,3318742,silent,3318362
10,15|7|6|5|3|2|2,7,399,3537806,silent,3537407
10,15|7|6|4|4|3|1,7,407,2951883,silent,2951476
10,15|7|6|4|4|2|2,7,332,2616285,silent,2615953
10,15|7|6|4|3|3|2,7,206,3129673,silent,3129467
10,15|7|6|3|3|3|3,7,7,564233,silent,564226
10,15|7|5|5|5|2|1,7,139,1134655,silent,1134516
10,15|7|5|5|4|3|1,7,282,2492971,silent,2492689
10,15|7|5|5|4|2|2,7,195,2150992,silent,2150797
10,15|7|5|5|3|3|2,7,137,2145165,silent,2145028
10,15|7|5|4|4|4|1,7,144,947300,silent,947156
10,15|7|5|4|4|3|2,7,212,2473715,silent,2473503
10,15|7|5|4|3|3|3,7,32,1109946,silent,1109914
10,15|7|4|4|4|4|2,7,67,421292,silent,421225
10,15|7|4|4|4|3|3,7,28,455034,silent,455006
10,15|6|6|6|5|1|1,7,42,272785,silent,272743
10,15|6|6|6|4|2|1,7,159,973445,silent,973286
10,15|6|6|6|3|3|1,7,64,696100,silent,696036
10,15|6|6|6|3|2|2,7,94,736042,silent,735948
10,15|6|6|5|5|2|1,7,101,850883,silent,850782
10,15|6|6|5|4|3|1,7,190,1753534,silent,1753344
10,15|6|6|5|4|2|2,7,157,1508178,silent,1508021
10,15|6|6|5|3|3|2,7,80,1460933,silent,1460853
10,15|6|6|4|4|4|1,7,86,546003,silent,545917
10,15|6|6|4|4|3|2,7,120,1403024,silent,1402904
10,15|6|6|4|3|3|3,7,12,609683,silent,609671
10,15|6|5|5|5|3|1,7,54,644434,silent,644380
10,15|6|5|5|5|2|2,7,25,517056,silent,517031
10,15|6|5|5|4|4|1,7,57,619800,silent,619743
10,15|6|5|5|4|3|2,7,90,1498957,silent,1498867
10,15|6|5|5|3|3|3,7,20,535736,silent,535716
10,15|6|5|4|4|4|2,7,69,653704,silent,653635
10,15|6|5|4|4|3|3,7,32,690752,silent,690720
10,15|6|4|4|4|4|3,7,25,168630,silent,168605
10,15|5|5|5|5|4|1,7,7,112023,silent,112016
10,15|5|5|5|5|3|2,7,10,215294,silent,215284
10,15|5|5|5|4|4|2,7,8,230752,silent,230744
10,15|5|5|5|4|3|3,7,11,231325,silent,231314
10,15|5|5|4|4|4|3,7,10,140478,silent,140468
10,15|5|4|4|4|4|4,7,6,21396,silent,21390
10,14|14|8|1|1|1|1,7,10,7290,silent,7280
10,14|14|7|2|1|1|1,7,36,36052,silent,36016
10,14|14|6|3|1|1|1,7,71,75351,silent,75280
10,14|14|6|2|2|1|1,7,68,68968,silent,68900
10,14|14|5|4|1|1|1,7,61,70467,silent,70406
10,14|14|5|3|2|1|1,7,130,146239,silent,146109
10,14|14|5|2|2|2|1,7,74,62361,silent,62287
10,14|14|4|4|2|1|1,7,58,82713,silent,82655
10,14|14|4|3|3|1|1,7,52,75897,silent,75845
10,14|14|4|3|2|2|1,7,77,99613,silent,99536
10,14|14|4|2|2|2|2,7,37,23771,silent,23734
10,14|14|3|3|3|2|1,7,13,35106,silent,35093
10,14|14|3|3|2|2|2,7,7,19762,silent,19755
10,14|13|9|1|1|1|1,7,11,13549,silent,13538
10,14|13|8|2|1|1|1,7,80,81719,silent,81639
10,14|13|7|3|1|1|1,7,180,212350,silent,212170
10,14|13|7|2|2|1|1,7,192,191945,silent,191753
10,14|13|6|4|1|1|1,7,207,278379,silent,278172
10,14|13|6|3|2|1|1,7,395,529190,silent,528795
10,14|13|6|2|2|2|1,7,203,216613,silent,216410
10,14|13|5|5|1|1|1,7,105,135853,silent,135748
10,14|13|5|4|2|1|1,7,374,546161,silent,545787
10,14|13|5|3|3|1|1,7,209,397511,silent,397302
10,14|13|5|3|2|2|1,7,315,505277,silent,504962
10,14|13|5|2|2|2|2,7,85,107182,silent,107097
10,14|13|4|4|3|1|1,7,145,283462,silent,283317
10,14|13|4|4|2|2|1,7,184,301023,silent,300839
10,14|13|4|3|3|2|1,7,121,341506,silent,341385
10,14|13|4|3|2|2|2,7,91,179876,silent,179785
10,14|13|3|3|3|3|1,7,6,55942,silent,55936
10,14|13|3|3|3|2|2,7,11,69354,silent,69343
10,14|12|10|1|1|1|1,7,15,13662,silent,13647
10,14|12|9|2|1|1|1,7,97,103364,silent,103267
10,14|12|8|3|1|1|1,7,270,333695,silent,333425
10,14|12|8|2|2|1|1,7,254,298381,silent,298127
10,14|12|7|4|1|1|1,7,396,571669,silent,571273
10,14|12|7|3|2|1|1,7,701,1043227,silent,1042526
10,14|12|7|2|2|2|1,7,328,417556,silent,417228
10,14|12|6|5|1|1|1,7,311,489128,silent,488817
10,14|12|6|4|2|1|1,7,869,1530940,silent,1530071
10,14|12|6|3|3|1|1,7,491,1035009,silent,1034518
10,14|12|6|3|2|2|1,7,683,1294013,silent,1293330
10,14|12|6|2|2|2|2,7,184,263708,silent,263524
10,14|12|5|5|2|1|1,7,441,777849,silent,777408
10,14|12|5|4|3|1|1,7,607,1377216,silent,1376609
10,14|12|5|4|2|2|1,7,660,1409021,silent,1408361
10,14|12|5|3|3|2|1,7,398,1284230,silent,1283832
10,14|12|5|3|2|2|2,7,237,648485,silent,648248
10,14|12|4|4|4|1|1,7,122,316345,silent,316223
10,14|12|4|4|3|2|1,7,318,959101,silent,958783
10,14|12|4|4|2|2|2,7,173,399191,silent,399018
10,14|12|4|3|3|3|1,7,59,402974,silent,402915
10,14|12|4|3|3|2|2,7,80,486911,silent,486831
10,14|12|3|3|3|3|2,7,5,104681,silent,104676
10,14|11|11|1|1|1|1,7,4,5747,silent,5743
10,14|11|10|2|1|1|1,7,67,73442,silent,73375
10,14|11|9|3|1|1|1,7,245,324151,silent,323906
10,14|11|9|2|2|1|1,7,252,288844,silent,288592
10,14|11|8|4|1|1|1,7,472,727698,silent,727226
10,14|11|8|3|2|1|1,7,802,1300939,silent,1300137
10,14|11|8|2|2|2|1,7,361,514674,silent,514313
10,14|11|7|5|1|1|1,7,528,892069,silent,891541
10,14|11|7|4|2|1|1,7,1340,2551579,silent,2550239
10,14|11|7|3|3|1|1,7,694,1665822,silent,1665128
10,14|11|7|3|2|2|1,7,948,2062198,silent,2061250
10,14|11|7|2|2|2|2,7,203,407723,silent,407520
10,14|11|6|6|1|1|1,7,212,417057,silent,416845
10,14|11|6|5|2|1|1,7,1082,2318680,silent,2317598
10,14|11|6|4|3|1|1,7,1228,3231825,silent,3230597
10,14|11|6|4|2|2|1,7,1293,3250443,silent,3249150
10,14|11|6|3|3|2|1,7,756,2752095,silent,2751339
10,14|11|6|3|2|2|2,7,433,1362542,silent,1362109
10,14|11|5|5|3|1|1,7,648,1786043,silent,1785395
10,14|11|5|5|2|2|1,7,587,1692945,silent,1692358
10,14|11|5|4|4|1|1,7,500,1400064,silent,1399564
10,14|11|5|4|3|2|1,7,1044,3880301,silent,3879257
10,14|11|5|4|2|2|2,7,421,1540738,silent,1540317
10,14|11|5|3|3|3|1,7,178,1280454,silent,1280276
10,14|11|5|3|3|2|2,7,243,1523129,silent,1522886
10,14|11|4|4|4|2|1,7,290,990216,silent,989926
10,14|11|4|4|3|3|1,7,166,1036996,silent,1036830
10,14|11|4|4|3|2|2,7,219,1171743,silent,1171524
10,14|11|4|3|3|3|2,7,33,633699,silent,633666
10,14|11|3|3|3|3|3,7,0,-1,a0,
10,14|10|10|3|1|1|1,7,102,135454,silent,135352
10,14|10|10|2|2|1|1,7,85,120064,silent,119979
10,14|10|9|4|1|1|1,7,327,525360,silent,525033
10,14|10|9|3|2|1|1,7,547,929633,silent,929086
10,14|10|9|2|2|2|1,7,238,365407,silent,365169
10,14|10|8|5|1|1|1,7,520,939204,silent,938684
10,14|10|8|4|2|1|1,7,1229,2584406,silent,2583177
10,14|10|8|3|3|1|1,7,677,1662334,silent,1661657
10,14|10|8|3|2|2|1,7,869,2048047,silent,2047178
10,14|10|8|2|2|2|2,7,209,402037,silent,401828
10,14|10|7|6|1|1|1,7,405,811338,silent,810933
10,14|10|7|5|2|1|1,7,1494,3494471,silent,3492977
10,14|10|7|4|3|1|1,7,1558,4487478,silent,4485920
10,14|10|7|4|2|2|1,7,1566,4468205,silent,4466639
10,14|10|7|3|3|2|1,7,920,3665152,silent,3664232
10,14|10|7|3|2|2|2,7,488,1792444,silent,1791956
10,14|10|6|6|2|1|1,7,637,1705667,silent,1705030
10,14|10|6|5|3|1|1,7,1432,4577375,silent,4575943
10,14|10|6|5|2|2|1,7,1317,4274801,silent,4273484
10,14|10|6|4|4|1|1,7,849,2889276,silent,2888427
10,14|10|6|4|3|2|1,7,1816,7708171,silent,7706355
10,14|10|6|4|2|2|2,7,749,3003893,silent,3003144
10,14|10|6|3|3|3|1,7,306,2337777,silent,2337471
10,14|10|6|3|3|2|2,7,376,2755818,silent,2755442
10,14|10|5|5|4|1|1,7,581,2023554,silent,2022973
10,14|10|5|5|3|2|1,7,934,4397390,silent,4396456
10,14|10|5|5|2|2|2,7,285,1599613,silent,1599328
10,14|10|5|4|4|2|1,7,842,3759160,silent,3758318
10,14|10|5|4|3|3|1,7,523,3665723,silent,3665200
10,14|10|5|4|3|2|2,7,589,4061528,silent,4060939
10,14|10|5|3|3|3|2,7,104,1730379,silent,1730275
10,14|10|4|4|4|3|1,7,212,1210483,silent,1210271
10,14|10|4|4|4|2|2,7,216,1101970,silent,1101754
10,14|10|4|4|3|3|2,7,100,1443623,silent,1443523
10,14|10|4|3|3|3|3,7,6,359458,silent,359452
10,14|9|9|5|1|1|1,7,225,410941,silent,410716
10,14|9|9|4|2|1|1,7,542,1111861,silent,1111319
10,14|9|9|3|3|1|1,7,258,708544,silent,708286
10,14|9|9|3|2|2|1,7,349,870191,silent,869842
10,14|9|9|2|2|2|2,7,55,167830,silent,167775
10,14|9|8|6|1|1|1,7,326,688971,silent,688645
10,14|9|8|5|2|1|1,7,1099,2735389,silent,2734290
10,14|9|8|4|3|1|1,7,1118,3398985,silent,3397867
10,14|9|8|4|2|2|1,7,1109,3369141,silent,3368032
10,14|9|8|3|3|2|1,7,653,2723903,silent,2723250
10,14|9|8|3|2|2|2,7,339,1325061,silent,1324722
10,14|9|7|7|1|1|1,7,174,357271,silent,357097
10,14|9|7|6|2|1|1,7,970,2652080,silent,2651110
10,14|9|7|5|3|1|1,7,1611,5581790,silent,5580179
10,14|9|7|5|2|2|1,7,1421,5162447,silent,5161026
10,14|9|7|4|4|1|1,7,933,3292560,silent,3291627
10,14|9|7|4|3|2|1,7,1846,8607330,silent,8605484
10,14|9|7|4|2|2|2,7,665,3309457,silent,3308792
10,14|9|7|3|3|3|1,7,312,2519204,silent,2518892
10,14|9|7|3|3|2|2,7,401,2955920,silent,2955519
10,14|9|6|6|3|1|1,7,769,2933614,silent,2932845
10,14|9|6|6|2|2|1,7,710,2657009,silent,2656299
10,14|9|6|5|4|1|1,7,1090,4493746,silent,4492656
10,14|9|6|5|3|2|1,7,1796,9417469,silent,9415673
10,14|9|6|5|2|2|2,7,604,3368234,silent,3367630
10,14|9|6|4|4|2|1,7,1270,6495218,silent,6493948
10,14|9|6|4|3|3|1,7,783,6133722,silent,6132939
10,14|9|6|4|3|2|2,7,874,6736146,silent,6735272
10,14|9|6|3|3|3|2,7,146,2642406,silent,2642260
10,14|9|5|5|5|1|1,7,206,988674,silent,988468
10,14|9|5|5|4|2|1,7,781,4726420,silent,4725639
10,14|9|5|5|3|3|1,7,455,3710382,silent,3709927
10,14|9|5|5|3|2|2,7,436,3971195,silent,3970759
10,14|9|5|4|4|3|1,7,566,3997409,silent,3996843
10,14|9|5|4|4|2|2,7,444,3560082,silent,3559638
10,14|9|5|4|3|3|2,7,303,4367875,silent,4367572
10,14|9|5|3|3|3|3,7,13,844821,silent,844808
10,14|9|4|4|4|4|1,7,112,571016,silent,570904
10,14|9|4|4|4|3|2,7,158,1536539,silent,1536381
10,14|9|4|4|3|3|3,7,17,739548,silent,739531
10,14|8|8|7|1|1|1,7,100,218431,silent,218331
10,14|8|8|6|2|1|1,7,435,1311518,silent,1311083
10,14|8|8|5|3|1|1,7,729,2581402,silent,2580673
10,14|8|8|5|2|2|1,7,645,2382629,silent,2381984
10,14|8|8|4|4|1|1,7,364,1485247,silent,1484883
10,14|8|8|4|3|2|1,7,802,3859202,silent,3858400
10,14|8|8|4|2|2|2,7,338,1483220,silent,1482882
10,14|8|8|3|3|3|1,7,141,1112241,silent,1112100
10,14|8|8|3|3|2|2,7,147,1301424,silent,1301277
10,14|8|7|7|2|1|1,7,298,860160,silent,859862
10,14|8|7|6|3|1|1,7,839,3349091,silent,3348252
10,14|8|7|6|2|2|1,7,723,3004585,silent,3003862
10,14|8|7|5|4|1|1,7,940,4107550,silent,4106610
10,14|8|7|5|3|2|1,7,1500,8459182,silent,8457682
10,14|8|7|5|2|2|2,7,474,2993855,silent,2993381
10,14|8|7|4|4|2|1,7,978,5469522,silent,5468544
10,14|8|7|4|3|3|1,7,616,5093969,silent,5093353
10,14|8|7|4|3|2|2,7,661,5565784,silent,5565123
10,14|8|7|3|3|3|2,7,117,2113680,silent,2113563
10,14|8|6|6|4|1|1,7,496,2517350,silent,2516854
10,14|8|6|6|3|2|1,7,826,4873046,silent,4872220
10,14|8|6|6|2|2|2,7,312,1685923,silent,1685611
10,14|8|6|5|5|1|1,7,363,1904317,silent,1903954
10,14|8|6|5|4|2|1,7,1278,8382365,silent,8381087
10,14|8|6|5|3|3|1,7,695,6375740,silent,6375045
10,14|8|6|5|3|2|2,7,702,6776157,silent,6775455
10,14|8|6|4|4|3|1,7,690,5570564,silent,5569874
10,14|8|6|4|4|2|2,7,604,4925689,silent,4925085
10,14|8|6|4|3|3|2,7,350,5848890,silent,5848540
10,14|8|6|3|3|3|3,7,21,1040099,silent,1040078
10,14|8|5|5|5|2|1,7,237,2012653,silent,2012416
10,14|8|5|5|4|3|1,7,468,4366809,silent,4366341
10,14|8|5|5|4|2|2,7,310,3756987,silent,3756677
10,14|8|5|5|3|3|2,7,231,3721809,silent,3721578
10,14|8|5|4|4|4|1,7,223,1624764,silent,1624541
10,14|8|5|4|4|3|2,7,328,4218361,silent,4218033
10,14|8|5|4|3|3|3,7,52,1876873,silent,1876821
10,14|8|4|4|4|4|2,7,105,688232,silent,688127
10,14|8|4|4|4|3|3,7,31,739174,silent,739143
10,14|7|7|7|3|1|1,7,144,628763,silent,628619
10,14|7|7|7|2|2|1,7,112,553322,silent,553210
10,14|7|7|6|4|1|1,7,344,1650496,silent,1650152
10,14|7|7|6|3|2|1,7,489,3141177,silent,3140688
10,14|7|7|6|2|2|2,7,130,1070625,silent,1070495
10,14|7|7|5|5|1|1,7,168,1032805,silent,1032637
10,14|7|7|5|4|2|1,7,619,4410097,silent,4409478
10,14|7|7|5|3|3|1,7,347,3319035,silent,3318688
10,14|7|7|5|3|2|2,7,343,3510185,silent,3509842
10,14|7|7|4|4|3|1,7,329,2737957,silent,2737628
10,14|7|7|4|4|2|2,7,214,2403326,silent,2403112
10,14|7|7|4|3|3|2,7,183,2834761,silent,2834578
10,14|7|7|3|3|3|3,7,6,488135,silent,488129
10,14|7|6|6|5|1|1,7,160,989330,silent,989170
10,14|7|6|6|4|2|1,7,474,3432166,silent,3431692
10,14|7|6|6|3|3|1,7,236,2435660,silent,2435424
10,14|7|6|6|3|2|2,7,255,2553764,silent,2553509
10,14|7|6|5|5|2|1,7,310,2787502,silent,2787192
10,14|7|6|5|4|3|1,7,549,5618207,silent,5617658
10,14|7|6|5|4|2|2,7,416,4804679,silent,4804263
10,14|7|6|5|3|3|2,7,252,4616737,silent,4616485
10,14|7|6|4|4|4|1,7,206,1676170,silent,1675964
10,14|7|6|4|4|3|2,7,306,4277546,silent,4277240
10,14|7|6|4|3|3|3,7,45,1840362,silent,1840317
10,14|7|5|5|5|3|1,7,119,1617835,silent,1617716
10,14|7|5|5|5|2|2,7,77,1295248,silent,1295171
10,14|7|5|5|4|4|1,7,131,1530039,silent,1529908
10,14|7|5|5|4|3|2,7,203,3668400,silent,3668197
10,14|7|5|5|3|3|3,7,38,1292941,silent,1292903
10,14|7|5|4|4|4|2,7,126,1534765,silent,1534639
10,14|7|5|4|4|3|3,7,75,1614939,silent,1614864
10,14|7|4|4|4|4|3,7,39,358472,silent,358433
10,14|6|6|6|6|1|1,7,9,108404,silent,108395
10,14|6|6|6|5|2|1,7,92,804787,silent,804695
10,14|6|6|6|4|3|1,7,115,1298915,silent,1298800
10,14|6|6|6|4|2|2,7,125,1101539,silent,1101414
10,14|6|6|6|3|3|2,7,40,984631,silent,984591
10,14|6|6|5|5|3|1,7,88,1232746,silent,1232658
10,14|6|6|5|5|2|2,7,49,980791,silent,980742
10,14|6|6|5|4|4|1,7,101,1105229,silent,1105128
10,14|6|6|5|4|3|2,7,146,2608419,silent,2608273
10,14|6|6|5|3|3|3,7,22,891493,silent,891471
10,14|6|6|4|4|4|2,7,95,895891,silent,895796
10,14|6|6|4|4|3|3,7,27,924454,silent,924427
10,14|6|5|5|5|4|1,7,27,520967,silent,520940
10,14|6|5|5|5|3|2,7,38,987460,silent,987422
10,14|6|5|5|4|4|2,7,43,1029789,silent,1029746
10,14|6|5|5|4|3|3,7,38,1016525,silent,1016487
10,14|6|5|4|4|4|3,7,38,569460,silent,569422
10,14|6|4|4|4|4|4,7,19,66751,silent,66732
10,14|5|5|5|5|5|1,7,3,42833,silent,42830
10,14|5|5|5|5|4|2,7,7,193259,silent,193252
10,14|5|5|5|5|3|3,7,3,154036,silent,154033
10,14|5|5|5|4|4|3,7,6,207998,silent,207992
10,14|5|5|4|4|4|4,7,2,55575,silent,55573
10,13|13|10|1|1|1|1,7,4,5457,silent,5453
10,13|13|9|2|1|1|1,7,40,40410,silent,40370
10,13|13|8|3|1|1|1,7,96,127525,silent,127429
10,13|13|8|2|2|1|1,7,112,114493,silent,114381
10,13|13|7|4|1|1|1,7,155,216514,silent,216359
10,13|13|7|3|2|1|1,7,261,393968,silent,393707
10,13|13|7|2|2|2|1,7,121,157242,silent,157121
10,13|13|6|5|1|1|1,7,115,184044,silent,183929
10,13|13|6|4|2|1|1,7,344,575712,silent,575368
10,13|13|6|3|3|1|1,7,167,387573,silent,387406
10,13|13|6|3|2|2|1,7,256,484846,silent,484590
10,13|13|6|2|2|2|2,7,49,97596,silent,97547
10,13|13|5|5|2|1|1,7,153,290699,silent,290546
10,13|13|5|4|3|1|1,7,227,514929,silent,514702
10,13|13|5|4|2|2|1,7,242,526078,silent,525836
10,13|13|5|3|3|2|1,7,149,479498,silent,479349
10,13|13|5|3|2|2|2,7,93,242020,silent,241927
10,13|13|4|4|4|1|1,7,62,118649,silent,118587
10,13|13|4|4|3|2|1,7,116,357350,silent,357234
10,13|13|4|4|2|2|2,7,45,147303,silent,147258
10,13|13|4|3|3|3|1,7,18,149950,silent,149932
10,13|13|4|3|3|2|2,7,39,181883,silent,181844
10,13|13|3|3|3|3|2,7,0,-1,a0,
10,13|12|11|1|1|1|1,7,4,5279,silent,5275
10,13|12|10|2|1|1|1,7,47,52659,silent,52612
10,13|12|9|3|1|1|1,7,162,213341,silent,213179
10,13|12|9|2|2|1|1,7,158,189771,silent,189613
10,13|12|8|4|1|1|1,7,291,460162,silent,459871
10,13|12|8|3|2|1|1,7,501,821221,silent,820720
10,13|12|8|2|2|2|1,7,222,324544,silent,324322
10,13|12|7|5|1|1|1,7,325,553089,silent,552764
10,13|12|7|4|2|1|1,7,812,1576892,silent,1576080
10,13|12|7|3|3|1|1,7,430,1028201,silent,1027771
10,13|12|7|3|2|2|1,7,576,1271896,silent,1271320
10,13|12|7|2|2|2|2,7,127,251337,silent,251210
10,13|12|6|6|1|1|1,7,129,256448,silent,256319
10,13|12|6|5|2|1|1,7,653,1418314,silent,1417661
10,13|12|6|4|3|1|1,7,738,1971423,silent,1970685
10,13|12|6|4|2|2|1,7,777,1981473,silent,1980696
10,13|12|6|3|3|2|1,7,455,1675056,silent,1674601
10,13|12|6|3|2|2|2,7,259,828602,silent,828343
10,13|12|5|5|3|1|1,7,392,1083941,silent,1083549
10,13|12|5|5|2|2|1,7,349,1026733,silent,1026384
10,13|12|5|4|4|1|1,7,292,847772,silent,847480
10,13|12|5|4|3|2|1,7,625,2346899,silent,2346274
10,13|12|5|4|2|2|2,7,251,931138,silent,930887
10,13|12|5|3|3|3|1,7,108,772981,silent,772873
10,13|12|5|3|3|2|2,7,142,918766,silent,918624
10,13|12|4|4|4|2|1,7,170,596511,silent,596341
10,13|12|4|4|3|3|1,7,98,624076,silent,623978
10,13|12|4|4|3|2|2,7,130,704764,silent,704634
10,13|12|4|3|3|3|2,7,20,380416,silent,380396
10,13|12|3|3|3|3|3,7,1,40393,silent,40392
10,13|11|11|2|1|1|1,7,24,24353,silent,24329
10,13|11|10|3|1|1|1,7,119,166833,silent,166714
10,13|11|10|2|2|1|1,7,122,148164,silent,148042
10,13|11|9|4|1|1|1,7,314,501676,silent,501362
10,13|11|9|3|2|1|1,7,509,883710,silent,883201
10,13|11|9|2|2|2|1,7,214,345925,silent,345711
10,13|11|8|5|1|1|1,7,442,819970,silent,819528
10,13|11|8|4|2|1|1,7,1074,2244170,silent,2243096
10,13|11|8|3|3|1|1,7,546,1437687,silent,1437141
10,13|11|8|3|2|2|1,7,731,1769293,silent,1768562
10,13|11|8|2|2|2|2,7,144,344355,silent,344211
10,13|11|7|6|1|1|1,7,339,682742,silent,682403
10,13|11|7|5|2|1|1,7,1209,2911635,silent,2910426
10,13|11|7|4|3|1|1,7,1269,3722187,silent,3720918
10,13|11|7|4|2|2|1,7,1252,3699663,silent,3698411
10,13|11|7|3|3|2|1,7,747,3028510,silent,3027763
10,13|11|7|3|2|2|2,7,388,1477795,silent,1477407
10,13|11|6|6|2|1|1,7,538,1400021,silent,1399483
10,13|11|6|5|3|1|1,7,1132,3721570,silent,3720438
10,13|11|6|5|2|2|1,7,1036,3470790,silent,3469754
10,13|11|6|4|4|1|1,7,707,2342822,silent,2342115
10,13|11|6|4|3|2|1,7,1429,6230563,silent,6229134
10,13|11|6|4|2|2|2,7,539,2419786,silent,2419247
10,13|11|6|3|3|3|1,7,237,1883987,silent,1883750
10,13|11|6|3|3|2|2,7,320,2220764,silent,2220444
10,13|11|5|5|4|1|1,7,436,1622996,silent,1622560
10,13|11|5|5|3|2|1,7,731,3521618,silent,3520887
10,13|11|5|5|2|2|2,7,244,1280535,silent,1280291
10,13|11|5|4|4|2|1,7,648,2999248,silent,2998600
10,13|11|5|4|3|3|1,7,411,2921040,silent,2920629
10,13|11|5|4|3|2|2,7,454,3232400,silent,3231946
10,13|11|5|3|3|3|2,7,80,1373285,silent,1373205
10,13|11|4|4|4|3|1,7,171,958161,silent,957990
10,13|11|4|4|4|2|2,7,136,868440,silent,868304
10,13|11|4|4|3|3|2,7,89,1141044,silent,1140955
10,13|11|4|3|3|3|3,7,2,282376,silent,282374
10,13|10|10|4|1|1|1,7,125,218804,silent,218679
10,13|10|10|3|2|1|1,7,210,384722,silent,384512
10,13|10|10|2|2|2|1,7,96,150936,silent,150840
10,13|10|9|5|1|1|1,7,330,633817,silent,633487
10,13|10|9|4|2|1|1,7,767,1700701,silent,1699934
10,13|10|9|3|3|1|1,7,401,1081098,silent,1080697
10,13|10|9|3|2|2|1,7,513,1325845,silent,1325332
10,13|10|9|2|2|2|2,7,104,256536,silent,256432
10,13|10|8|6|1|1|1,7,376,830723,silent,830347
10,13|10|8|5|2|1|1,7,1254,3249767,silent,3248513
10,13|10|8|4|3|1|1,7,1265,4007114,silent,4005849
10,13|10|8|4|2|2|1,7,1254,3965650,silent,3964396
10,13|10|8|3|3|2|1,7,738,3192663,silent,3191925
10,13|10|8|3|2|2|2,7,381,1549990,silent,1549609
10,13|10|7|7|1|1|1,7,191,400791,silent,400600
10,13|10|7|6|2|1|1,7,1013,2900636,silent,2899623
10,13|10|7|5|3|1|1,7,1685,6021781,silent,6020096
10,13|10|7|5|2|2|1,7,1474,5560598,silent,5559124
10,13|10|7|4|4|1|1,7,943,3529890,silent,3528947
10,13|10|7|4|3|2|1,7,1898,9199236,silent,9197338
10,13|10|7|4|2|2|2,7,698,3530767,silent,3530069
10,13|10|7|3|3|3|1,7,331,2678709,silent,2678378
10,13|10|7|3|3|2|2,7,398,3138177,silent,3137779
10,13|10|6|6|3|1|1,7,772,3064170,silent,3063398
10,13|10|6|6|2|2|1,7,711,2770197,silent,2769486
10,13|10|6|5|4|1|1,7,1082,4636167,silent,4635085
10,13|10|6|5|3|2|1,7,1782,9684006,silent,9682224
10,13|10|6|5|2|2|2,7,592,3455725,silent,3455133
10,13|10|6|4|4|2|1,7,1241,6639419,silent,6638178
10,13|10|6|4|3|3|1,7,771,6253601,silent,6252830
10,13|10|6|4|3|2|2,7,854,6858696,silent,6857842
10,13|10|6|3|3|3|2,7,146,2677185,silent,2677039
10,13|10|5|5|5|1|1,7,209,998974,silent,998765
10,13|10|5|5|4|2|1,7,756,4749282,silent,4748526
10,13|10|5|5|3|3|1,7,444,3718467,silent,3718023
10,13|10|5|5|3|2|2,7,416,3974889,silent,3974473
10,13|10|5|4|4|3|1,7,534,3983199,silent,3982665
10,13|10|5|4|4|2|2,7,430,3543610,silent,3543180
10,13|10|5|4|3|3|2,7,288,4335322,silent,4335034
10,13|10|5|3|3|3|3,7,17,834270,silent,834253
10,13|10|4|4|4|4|1,7,104,561427,silent,561323
10,13|10|4|4|4|3|2,7,145,1507431,silent,1507286
10,13|10|4|4|3|3|3,7,17,723397,silent,723380
10,13|9|9|6|1|1|1,7,184,384997,silent,384813
10,13|9|9|5|2|1|1,7,548,1453516,silent,1452968
10,13|9|9|4|3|1|1,7,550,1766350,silent,1765800
10,13|9|9|4|2|2|1,7,510,1739876,silent,1739366
10,13|9|9|3|3|2|1,7,312,1393663,silent,1393351
10,13|9|9|3|2|2|2,7,147,672269,silent,672122
10,13|9|8|7|1|1|1,7,189,445517,silent,445328
10,13|9|8|6|2|1|1,7,848,2545504,silent,2544656
10,13|9|8|5|3|1|1,7,1290,4883071,silent,4881781
10,13|9|8|5|2|2|1,7,1125,4489622,silent,4488497
10,13|9|8|4|4|1|1,7,706,2784263,silent,2783557
10,13|9|8|4|3|2|1,7,1408,7183981,silent,7182573
10,13|9|8|4|2|2|2,7,498,2741013,silent,2740515
10,13|9|8|3|3|3|1,7,241,2055331,silent,2055090
10,13|9|8|3|3|2|2,7,296,2402245,silent,2401949
10,13|9|7|7|2|1|1,7,426,1339131,silent,1338705
10,13|9|7|6|3|1|1,7,1199,4983255,silent,4982056
10,13|9|7|6|2|2|1,7,1002,4455742,silent,4454740
10,13|9|7|5|4|1|1,7,1291,5979613,silent,5978322
10,13|9|7|5|3|2|1,7,2062,12250696,silent,12248634
10,13|9|7|5|2|2|2,7,642,4319216,silent,4318574
10,13|9|7|4|4|2|1,7,1307,7839349,silent,7838042
10,13|9|7|4|3|3|1,7,851,7274670,silent,7273819
10,13|9|7|4|3|2|2,7,880,7929429,silent,7928549
10,13|9|7|3|3|3|2,7,167,2989638,silent,2989471
10,13|9|6|6|4|1|1,7,679,3409984,silent,3409305
10,13|9|6|6|3|2|1,7,1048,6559643,silent,6558595
10,13|9|6|6|2|2|2,7,340,2255263,silent,2254923
10,13|9|6|5|5|1|1,7,445,2530420,silent,2529975
10,13|9|6|5|4|2|1,7,1586,11043780,silent,11042194
10,13|9|6|5|3|3|1,7,878,8368623,silent,8367745
10,13|9|6|5|3|2|2,7,877,8875946,silent,8875069
10,13|9|6|4|4|3|1,7,853,7238394,silent,7237541
10,13|9|6|4|4|2|2,7,665,6378671,silent,6378006
10,13|9|6|4|3|3|2,7,460,7559614,silent,7559154
10,13|9|6|3|3|3|3,7,23,1331234,silent,1331211
10,13|9|5|5|5|2|1,7,288,2548987,silent,2548699
10,13|9|5|5|4|3|1,7,550,5487245,silent,5486695
10,13|9|5|5|4|2|2,7,393,4715370,silent,4714977
10,13|9|5|5|3|3|2,7,265,4648587,silent,4648322
10,13|9|5|4|4|4|1,7,247,2016256,silent,2016009
10,13|9|5|4|4|3|2,7,378,5218515,silent,5218137
10,13|9|5|4|3|3|3,7,63,2311599,silent,2311536
10,13|9|4|4|4|4|2,7,92,828973,silent,828881
10,13|9|4|4|4|3|3,7,46,893004,silent,892958
10,13|8|8|8|1|1|1,7,27,77574,silent,77547
10,13|8|8|7|2|1|1,7,255,837798,silent,837543
10,13|8|8|6|3|1|1,7,572,2517825,silent,2517253
10,13|8|8|6|2|2|1,7,508,2248235,silent,2247727
10,13|8|8|5|4|1|1,7,588,2834243,silent,2833655
10,13|8|8|5|3|2|1,7,945,5764453,silent,5763508
10,13|8|8|5|2|2|2,7,311,2027693,silent,2027382
10,13|8|8|4|4|2|1,7,590,3603899,silent,3603309
10,13|8|8|4|3|3|1,7,364,3317699,silent,3317335
10,13|8|8|4|3|2|2,7,399,3613205,silent,3612806
10,13|8|8|3|3|3|2,7,67,1339471,silent,1339404
10,13|8|7|7|3|1|1,7,381,1691308,silent,1690927
10,13|8|7|7|2|2|1,7,290,1486569,silent,1486279
10,13|8|7|6|4|1|1,7,756,4051482,silent,4050726
10,13|8|7|6|3|2|1,7,1135,7657044,silent,7655909
10,13|8|7|6|2|2|2,7,344,2603701,silent,2603357
10,13|8|7|5|5|1|1,7,413,2453627,silent,2453214
10,13|8|7|5|4|2|1,7,1371,10327368,silent,10325997
10,13|8|7|5|3|3|1,7,770,7717248,silent,7716478
10,13|8|7|5|3|2|2,7,737,8143798,silent,8143061
10,13|8|7|4|4|3|1,7,676,6257128,silent,6256452
10,13|8|7|4|4|2|2,7,525,5487140,silent,5486615
10,13|8|7|4|3|3|2,7,367,6413357,silent,6412990
10,13|8|7|3|3|3|3,7,21,1089797,silent,1089776
10,13|8|6|6|5|1|1,7,282,1887589,silent,1887307
10,13|8|6|6|4|2|1,7,830,6453785,silent,6452955
10,13|8|6|6|3|3|1,7,410,4551340,silent,4550930
10,13|8|6|6|3|2|2,7,443,4758046,silent,4757603
10,13|8|6|5|5|2|1,7,534,5066965,silent,5066431
10,13|8|6|5|4|3|1,7,920,10084298,silent,10083378
10,13|8|6|5|4|2|2,7,692,8600798,silent,8600106
10,13|8|6|5|3|3|2,7,423,8210967,silent,8210544
10,13|8|6|4|4|4|1,7,328,2945129,silent,2944801
10,13|8|6|4|4|3|2,7,489,7476447,silent,7475958
10,13|8|6|4|3|3|3,7,76,3191392,silent,3191316
10,13|8|5|5|5|3|1,7,194,2665655,silent,2665461
10,13|8|5|5|5|2|2,7,111,2127875,silent,2127764
10,13|8|5|5|4|4|1,7,200,2497315,silent,2497115
10,13|8|5|5|4|3|2,7,310,5954805,silent,5954495
10,13|8|5|5|3|3|3,7,62,2081984,silent,2081922
10,13|8|5|4|4|4|2,7,190,2441058,silent,2440868
10,13|8|5|4|4|3|3,7,100,2555762,silent,2555662
10,13|8|4|4|4|4|3,7,49,543330,silent,543281
10,13|7|7|7|4|1|1,7,140,802274,silent,802134
10,13|7|7|7|3|2|1,7,188,1464227,silent,1464039
10,13|7|7|7|2|2|2,7,48,486865,silent,486817
10,13|7|7|6|5|1|1,7,192,1292286,silent,1292094
10,13|7|7|6|4|2|1,7,493,4276337,silent,4275844
10,13|7|7|6|3|3|1,7,272,2986582,silent,2986310
10,13|7|7|6|3|2|2,7,245,3101644,silent,3101399
10,13|7|7|5|5|2|1,7,279,2788010,silent,2787731
10,13|7|7|5|4|3|1,7,461,5394750,silent,5394289
10,13|7|7|5|4|2|2,7,325,4578681,silent,4578356
10,13|7|7|5|3|3|2,7,222,4328656,silent,4328434
10,13|7|7|4|4|4|1,7,142,1474477,silent,1474335
10,13|7|7|4|4|3|2,7,217,3717933,silent,3717716
10,13|7|7|4|3|3|3,7,45,1568425,silent,1568380
10,13|7|6|6|6|1|1,7,52,386908,silent,386856
10,13|7|6|6|5|2|1,7,270,2720980,silent,2720710
10,13|7|6|6|4|3|1,7,354,4299478,silent,4299124
10,13|7|6|6|4|2|2,7,275,3614768,silent,3614493
10,13|7|6|6|3|3|2,7,154,3219064,silent,3218910
10,13|7|6|5|5|3|1,7,249,3787409,silent,3787160
10,13|7|6|5|5|2|2,7,171,3004911,silent,3004740
10,13|7|6|5|4|4|1,7,257,3332011,silent,3331754
10,13|7|6|5|4|3|2,7,388,7806405,silent,7806017
10,13|7|6|5|3|3|3,7,62,2636936,silent,2636874
10,13|7|6|4|4|4|2,7,176,2564783,silent,2564607
10,13|7|6|4|4|3|3,7,97,2647160,silent,2647063
10,13|7|5|5|5|4|1,7,62,1233621,silent,1233559
10,13|7|5|5|5|3|2,7,81,2318646,silent,2318565
10,13|7|5|5|4|4|2,7,106,2379344,silent,2379238
10,13|7|5|5|4|3|3,7,72,2329462,silent,2329390
10,13|7|5|4|4|4|3,7,70,1254380,silent,1254310
10,13|7|4|4|4|4|4,7,19,131949,silent,131930
10,13|6|6|6|6|2|1,7,33,312691,silent,312658
10,13|6|6|6|5|3|1,7,71,1128197,silent,1128126
10,13|6|6|6|5|2|2,7,63,885839,silent,885776
10,13|6|6|6|4|4|1,7,70,813377,silent,813307
10,13|6|6|6|4|3|2,7,93,1841076,silent,1840983
10,13|6|6|6|3|3|3,7,8,575420,silent,575412
10,13|6|6|5|5|4|1,7,45,964800,silent,964755
10,13|6|6|5|5|3|2,7,59,1787224,silent,1787165
10,13|6|6|5|4|4|2,7,90,1740016,silent,1739926
10,13|6|6|5|4|3|3,7,45,1677422,silent,1677377
10,13|6|6|4|4|4|3,7,43,740137,silent,740094
10,13|6|5|5|5|5|1,7,6,191200,silent,191194
10,13|6|5|5|5|4|2,7,18,845369,silent,845351
10,13|6|5|5|5|3|3,7,18,668873,silent,668855
10,13|6|5|5|4|4|3,7,26,875639,silent,875613
10,13|6|5|4|4|4|4,7,17,215696,silent,215679
10,13|5|5|5|5|5|2,7,3,74140,silent,74137
10,13|5|5|5|5|4|3,7,3,173529,silent,173526
10,13|5|5|5|4|4|4,7,1,82176,silent,82175
10,12|12|12|1|1|1|1,7,2,789,silent,787
10,12|12|11|2|1|1|1,7,11,13275,silent,13264
10,12|12|10|3|1|1|1,7,56,73773,silent,73717
10,12|12|10|2|2|1|1,7,42,65087,silent,65045
10,12|12|9|4|1|1|1,7,123,205784,silent,205661
10,12|12|9|3|2|1|1,7,206,362692,silent,362486
10,12|12|9|2|2|2|1,7,90,142275,silent,142185
10,12|12|8|5|1|1|1,7,177,326176,silent,325999
10,12|12|8|4|2|1|1,7,398,889969,silent,889571
10,12|12|8|3|3|1|1,7,237,571001,silent,570764
10,12|12|8|3|2|2|1,7,283,701878,silent,701595
10,12|12|8|2|2|2|2,7,76,137792,silent,137716
10,12|12|7|6|1|1|1,7,128,267496,silent,267368
10,12|12|7|5|2|1|1,7,473,1137872,silent,1137399
10,12|12|7|4|3|1|1,7,485,1450969,silent,1450484
10,12|12|7|4|2|2|1,7,487,1442737,silent,1442250
10,12|12|7|3|3|2|1,7,287,1178778,silent,1178491
10,12|12|7|3|2|2|2,7,147,575277,silent,575130
10,12|12|6|6|2|1|1,7,187,542232,silent,542045
10,12|12|6|5|3|1|1,7,440,1439327,silent,1438887
10,12|12|6|5|2|2|1,7,397,1341820,silent,1341423
10,12|12|6|4|4|1|1,7,240,902919,silent,902679
10,12|12|6|4|3|2|1,7,545,2403136,silent,2402591
10,12|12|6|4|2|2|2,7,237,935525,silent,935288
10,12|12|6|3|3|3|1,7,98,725654,silent,725556
10,12|12|6|3|3|2|2,7,103,853375,silent,853272
10,12|12|5|5|4|1|1,7,180,624689,silent,624509
10,12|12|5|5|3|2|1,7,277,1352615,silent,1352338
10,12|12|5|5|2|2|2,7,74,490355,silent,490281
10,12|12|5|4|4|2|1,7,246,1150510,silent,1150264
10,12|12|5|4|3|3|1,7,154,1119019,silent,1118865
10,12|12|5|4|3|2|2,7,173,1238383,silent,1238210
10,12|12|5|3|3|3|2,7,33,525362,silent,525329
10,12|12|4|4|4|3|1,7,55,365727,silent,365672
10,12|12|4|4|4|2|2,7,73,333450,silent,333377
10,12|12|4|4|3|3|2,7,25,434267,silent,434242
10,12|12|4|3|3|3|3,7,3,107912,silent,107909
10,12|11|11|3|1|1|1,7,29,42590,silent,42561
10,12|11|11|2|2|1|1,7,35,37821,silent,37786
10,12|11|10|4|1|1|1,7,120,208455,silent,208335
10,12|11|10|3|2|1|1,7,199,364741,silent,364542
10,12|11|10|2|2|2|1,7,82,142277,silent,142195
10,12|11|9|5|1|1|1,7,243,473856,silent,473613
10,12|11|9|4|2|1|1,7,565,1265206,silent,1264641
10,12|11|9|3|3|1|1,7,284,801940,silent,801656
10,12|11|9|3|2|2|1,7,370,982355,silent,981985
10,12|11|9|2|2|2|2,7,66,189055,silent,188989
10,12|11|8|6|1|1|1,7,259,573817,silent,573558
10,12|11|8|5|2|1|1,7,841,2225458,silent,2224617
10,12|11|8|4|3|1|1,7,848,2732721,silent,2731873
10,12|11|8|4|2|2|1,7,825,2700286,silent,2699461
10,12|11|8|3|3|2|1,7,491,2169985,silent,2169494
10,12|11|8|3|2|2|2,7,246,1051237,silent,1050991
10,12|11|7|7|1|1|1,7,120,268800,silent,268680
10,12|11|7|6|2|1|1,7,662,1920671,silent,1920009
10,12|11|7|5|3|1|1,7,1078,3957648,silent,3956570
10,12|11|7|5|2|2|1,7,942,3650498,silent,3649556
10,12|11|7|4|4|1|1,7,609,2313032,silent,2312423
10,12|11|7|4|3|2|1,7,1214,6015150,silent,6013936
10,12|11|7|4|2|2|2,7,429,2304291,silent,2303862
10,12|11|7|3|3|3|1,7,210,1746936,silent,1746726
10,12|11|7|3|3|2|2,7,260,2045457,silent,2045197
10,12|11|6|6|3|1|1,7,496,1985036,silent,1984540
10,12|11|6|6|2|2|1,7,443,1791918,silent,1791475
10,12|11|6|5|4|1|1,7,684,2983890,silent,2983206
10,12|11|6|5|3|2|1,7,1117,6220826,silent,6219709
10,12|11|6|5|2|2|2,7,366,2216330,silent,2215964
10,12|11|6|4|4|2|1,7,770,4251172,silent,4250402
10,12|11|6|4|3|3|1,7,487,3999464,silent,3998977
10,12|11|6|4|3|2|2,7,528,4382111,silent,4381583
10,12|11|6|3|3|3|2,7,95,1706746,silent,1706651
10,12|11|5|5|5|1|1,7,125,636057,silent,635932
10,12|11|5|5|4|2|1,7,469,3016030,silent,3015561
10,12|11|5|5|3|3|1,7,274,2358027,silent,2357753
10,12|11|5|5|3|2|2,7,262,2519289,silent,2519027
10,12|11|5|4|4|3|1,7,331,2518331,silent,2518000
10,12|11|5|4|4|2|2,7,257,2237917,silent,2237660
10,12|11|5|4|3|3|2,7,180,2735576,silent,2735396
10,12|11|5|3|3|3|3,7,10,524712,silent,524702
10,12|11|4|4|4|4|1,7,59,352316,silent,352257
10,12|11|4|4|4|3|2,7,88,945177,silent,945089
10,12|11|4|4|3|3|3,7,10,453117,silent,453107
10,12|10|10|5|1|1|1,7,110,226185,silent,226075
10,12|10|10|4|2|1|1,7,238,598952,silent,598714
10,12|10|10|3|3|1|1,7,146,379438,silent,379292
10,12|10|10|3|2|2|1,7,170,464342,silent,464172
10,12|10|10|2|2|2|2,7,49,90437,silent,90388
10,12|10|9|6|1|1|1,7,220,506779,silent,506559
10,12|10|9|5|2|1|1,7,684,1891233,silent,1890549
10,12|10|9|4|3|1|1,7,674,2281833,silent,2281159
10,12|10|9|4|2|2|1,7,647,2247613,silent,2246966
10,12|10|9|3|3|2|1,7,386,1791518,silent,1791132
10,12|10|9|3|2|2|2,7,188,864371,silent,864183
10,12|10|8|7|1|1|1,7,196,466365,silent,466169
10,12|10|8|6|2|1|1,7,809,2600777,silent,2599968
10,12|10|8|5|3|1|1,7,1271,4928114,silent,4926843
10,12|10|8|5|2|2|1,7,1092,4524694,silent,4523602
10,12|10|8|4|4|1|1,7,644,2791996,silent,2791352
10,12|10|8|4|3|2|1,7,1355,7187235,silent,7185880
10,12|10|8|4|2|2|2,7,516,2740541,silent,2740025
10,12|10|8|3|3|3|1,7,245,2046515,silent,2046270
10,12|10|8|3|3|2|2,7,260,2387267,silent,2387007
10,12|10|7|7|2|1|1,7,404,1278066,silent,1277662
10,12|10|7|6|3|1|1,7,1074,4644454,silent,4643380
10,12|10|7|6|2|2|1,7,905,4148151,silent,4147246
10,12|10|7|5|4|1|1,7,1157,5510557,silent,5509400
10,12|10|7|5|3|2|1,7,1831,11255531,silent,11253700
10,12|10|7|5|2|2|2,7,559,3961015,silent,3960456
10,12|10|7|4|4|2|1,7,1152,7163478,silent,7162326
10,12|10|7|4|3|3|1,7,745,6629216,silent,6628471
10,12|10|7|4|3|2|2,7,776,7219885,silent,7219109
10,12|10|7|3|3|3|2,7,149,2708461,silent,2708312
10,12|10|6|6|4|1|1,7,556,3045240,silent,3044684
10,12|10|6|6|3|2|1,7,903,5843970,silent,5843067
10,12|10|6|6|2|2|2,7,322,2008100,silent,2007778
10,12|10|6|5|5|1|1,7,397,2241071,silent,2240674
10,12|10|6|5|4|2|1,7,1348,9727193,silent,9725845
10,12|10|6|5|3|3|1,7,751,7353159,silent,7352408
10,12|10|6|5|3|2|2,7,731,7789531,silent,7788800
10,12|10|6|4|4|3|1,7,700,6324646,silent,6323946
10,12|10|6|4|4|2|2,7,600,5572477,silent,5571877
10,12|10|6|4|3|3|2,7,371,6580592,silent,6580221
10,12|10|6|3|3|3|3,7,27,1154280,silent,1154253
10,12|10|5|5|5|2|1,7,243,2201138,silent,2200895
10,12|10|5|5|4|3|1,7,463,4718607,silent,4718144
10,12|10|5|5|4|2|2,7,305,4048433,silent,4048128
10,12|10|5|5|3|3|2,7,233,3984563,silent,3984330
10,12|10|5|4|4|4|1,7,203,1722494,silent,1722291
10,12|10|5|4|4|3|2,7,307,4448145,silent,4447838
10,12|10|5|4|3|3|3,7,53,1964343,silent,1964290
10,12|10|4|4|4|4|2,7,89,699536,silent,699447
10,12|10|4|4|4|3|3,7,27,749662,silent,749635
10,12|9|9|7|1|1|1,7,101,242066,silent,241965
10,12|9|9|6|2|1|1,7,402,1252170,silent,1251768
10,12|9|9|5|3|1|1,7,562,2297079,silent,2296517
10,12|9|9|5|2|2|1,7,476,2100869,silent,2100393
10,12|9|9|4|4|1|1,7,323,1287849,silent,1287526
10,12|9|9|4|3|2|1,7,592,3291906,silent,3291314
10,12|9|9|4|2|2|2,7,179,1245749,silent,1245570
10,12|9|9|3|3|3|1,7,104,930597,silent,930493
10,12|9|9|3|3|2|2,7,136,1085006,silent,1084870
10,12|9|8|8|1|1|1,7,56,153715,silent,153659
10,12|9|8|7|2|1|1,7,434,1497761,silent,1497327
10,12|9|8|6|3|1|1,7,948,4303068,silent,4302120
10,12|9|8|6|2|2|1,7,791,3825917,silent,3825126
10,12|9|8|5|4|1|1,7,936,4742010,silent,4741074
10,12|9|8|5|3|2|1,7,1484,9592692,silent,9591208
10,12|9|8|5|2|2|2,7,457,3357709,silent,3357252
10,12|9|8|4|4|2|1,7,899,5936124,silent,5935225
10,12|9|8|4|3|3|1,7,586,5448908,silent,5448322
10,12|9|8|4|3|2|2,7,602,5917387,silent,5916785
10,12|9|8|3|3|3|2,7,115,2181105,silent,2180990
10,12|9|7|7|3|1|1,7,490,2328117,silent,2327627
10,12|9|7|7|2|2|1,7,380,2041432,silent,2041052
10,12|9|7|6|4|1|1,7,963,5348664,silent,5347701
10,12|9|7|6|3|2|1,7,1414,10055989,silent,10054575
10,12|9|7|6|2|2|2,7,406,3405587,silent,3405181
10,12|9|7|5|5|1|1,7,500,3182761,silent,3182261
10,12|9|7|5|4|2|1,7,1670,13284501,silent,13282831
10,12|9|7|5|3|3|1,7,945,9889929,silent,9888984
10,12|9|7|5|3|2|2,7,901,10417833,silent,10416932
10,12|9|7|4|4|3|1,7,814,7940822,silent,7940008
10,12|9|7|4|4|2|2,7,596,6946970,silent,6946374
10,12|9|7|4|3|3|2,7,456,8095875,silent,8095419
10,12|9|7|3|3|3|3,7,25,1363608,silent,1363583
10,12|9|6|6|5|1|1,7,336,2281072,silent,2280736
10,12|9|6|6|4|2|1,7,932,7727936,silent,7727004
10,12|9|6|6|3|3|1,7,481,5431930,silent,5431449
10,12|9|6|6|3|2|2,7,484,5664534,silent,5664050
10,12|9|6|5|5|2|1,7,604,5966125,silent,5965521
10,12|9|6|5|4|3|1,7,1022,11785496,silent,11784474
10,12|9|6|5|4|2|2,7,753,10032233,silent,10031480
10,12|9|6|5|3|3|2,7,480,9545619,silent,9545139
10,12|9|6|4|4|4|1,7,343,3399616,silent,3399273
10,12|9|6|4|4|3|2,7,523,8605212,silent,8604689
10,12|9|6|4|3|3|3,7,92,3658429,silent,3658337
10,12|9|5|5|5|3|1,7,206,2997361,silent,2997155
10,12|9|5|5|5|2|2,7,132,2390417,silent,2390285
10,12|9|5|5|4|4|1,7,213,2792533,silent,2792320
10,12|9|5|5|4|3|2,7,330,6637314,silent,6636984
10,12|9|5|5|3|3|3,7,63,2309169,silent,2309106
10,12|9|5|4|4|4|2,7,183,2687526,silent,2687343
10,12|9|5|4|4|3|3,7,108,2809641,silent,2809533
10,12|9|4|4|4|4|3,7,45,583412,silent,583367
10,12|8|8|8|2|1|1,7,65,271858,silent,271793
10,12|8|8|7|3|1|1,7,314,1499393,silent,1499079
10,12|8|8|7|2|2|1,7,247,1313911,silent,1313664
10,12|8|8|6|4|1|1,7,455,2791029,silent,2790574
10,12|8|8|6|3|2|1,7,720,5213510,silent,5212790
10,12|8|8|6|2|2|2,7,249,1764332,silent,1764083
10,12|8|8|5|5|1|1,7,264,1571733,silent,1571469
10,12|8|8|5|4|2|1,7,798,6458288,silent,6457490
10,12|8|8|5|3|3|1,7,444,4772375,silent,4771931
10,12|8|8|5|3|2|2,7,414,5019370,silent,5018956
10,12|8|8|4|4|3|1,7,355,3743436,silent,3743081
10,12|8|8|4|4|2|2,7,328,3275818,silent,3275490
10,12|8|8|4|3|3|2,7,186,3778214,silent,3778028
10,12|8|8|3|3|3|3,7,17,627339,silent,627322
10,12|8|7|7|4|1|1,7,331,1960083,silent,1959752
10,12|8|7|7|3|2|1,7,449,3552288,silent,3551839
10,12|8|7|7|2|2|2,7,107,1178035,silent,1177928
10,12|8|7|6|5|1|1,7,406,2902710,silent,2902304
10,12|8|7|6|4|2|1,7,1049,9479467,silent,9478418
10,12|8|7|6|3|3|1,7,555,6573059,silent,6572504
10,12|8|7|6|3|2|2,7,526,6816463,silent,6815937
10,12|8|7|5|5|2|1,7,568,5975116,silent,5974548
10,12|8|7|5|4|3|1,7,928,11420461,silent,11419533
10,12|8|7|5|4|2|2,7,657,9672855,silent,9672198
10,12|8|7|5|3|3|2,7,438,9078449,silent,9078011
10,12|8|7|4|4|4|1,7,277,3059430,silent,3059153
10,12|8|7|4|4|3|2,7,427,7670846,silent,7670419
10,12|8|7|4|3|3|3,7,78,3207009,silent,3206931
10,12|8|6|6|6|1|1,7,74,683555,silent,683481
10,12|8|6|6|5|2|1,7,438,4691930,silent,4691492
10,12|8|6|6|4|3|1,7,553,7321205,silent,7320652
10,12|8|6|6|4|2|2,7,464,6143006,silent,6142542
10,12|8|6|6|3|3|2,7,229,5432033,silent,5431804
10,12|8|6|5|5|3|1,7,398,6238757,silent,6238359
10,12|8|6|5|5|2|2,7,247,4934772,silent,4934525
10,12|8|6|5|4|4|1,7,393,5434935,silent,5434542
10,12|8|6|5|4|3|2,7,588,12669257,silent,12668669
10,12|8|6|5|3|3|3,7,102,4247417,silent,4247315
10,12|8|6|4|4|4|2,7,278,4079684,silent,4079406
10,12|8|6|4|4|3|3,7,126,4189014,silent,4188888
10,12|8|5|5|5|4|1,7,87,1848891,silent,1848804
10,12|8|5|5|5|3|2,7,120,3458554,silent,3458434
10,12|8|5|5|4|4|2,7,138,3515133,silent,3514995
10,12|8|5|5|4|3|3,7,106,3428810,silent,3428704
10,12|8|5|4|4|4|3,7,92,1808951,silent,1808859
10,12|8|4|4|4|4|4,7,29,182494,silent,182465
10,12|7|7|7|5|1|1,7,75,638041,silent,637966
10,12|7|7|7|4|2|1,7,184,1922480,silent,1922296
10,12|7|7|7|3|3|1,7,100,1299269,silent,1299169
10,12|7|7|7|3|2|2,7,87,1333187,silent,1333100
10,12|7|7|6|6|1|1,7,72,512887,silent,512815
10,12|7|7|6|5|2|1,7,277,3264725,silent,3264448
10,12|7|7|6|4|3|1,7,358,4956049,silent,4955691
10,12|7|7|6|4|2|2,7,227,4130118,silent,4129891
10,12|7|7|6|3|3|2,7,169,3626050,silent,3625881
10,12|7|7|5|5|3|1,7,204,3503753,silent,3503549
10,12|7|7|5|5|2|2,7,155,2763399,silent,2763244
10,12|7|7|5|4|4|1,7,193,2977233,silent,2977040
10,12|7|7|5|4|3|2,7,296,6890313,silent,6890017
10,12|7|7|5|3|3|3,7,52,2279662,silent,2279610
10,12|7|7|4|4|4|2,7,94,2072979,silent,2072885
10,12|7|7|4|4|3|3,7,80,2125911,silent,2125831
10,12|7|6|6|6|2|1,7,87,1013834,silent,1013747
10,12|7|6|6|5|3|1,7,210,3507849,silent,3507639
10,12|7|6|6|5|2|2,7,148,2737366,silent,2737218
10,12|7|6|6|4|4|1,7,163,2478554,silent,2478391
10,12|7|6|6|4|3|2,7,241,5574125,silent,5573884
10,12|7|6|6|3|3|3,7,35,1725963,silent,1725928
10,12|7|6|5|5|4|1,7,125,2737022,silent,2736897
10,12|7|6|5|5|3|2,7,164,5031890,silent,5031726
10,12|7|6|5|4|4|2,7,202,4804708,silent,4804506
10,12|7|6|5|4|3|3,7,120,4610855,silent,4610735
10,12|7|6|4|4|4|3,7,88,1951350,silent,1951262
10,12|7|5|5|5|5|1,7,12,420619,silent,420607
10,12|7|5|5|5|4|2,7,46,1837069,silent,1837023
10,12|7|5|5|5|3|3,7,26,1441975,silent,1441949
10,12|7|5|5|4|4|3,7,53,1857952,silent,1857899
10,12|7|5|4|4|4|4,7,23,437083,silent,437060
10,12|6|6|6|6|3|1,7,24,427772,silent,427748
10,12|6|6|6|6|2|2,7,33,326800,silent,326767
10,12|6|6|6|5|4|1,7,43,861943,silent,861900
10,12|6|6|6|5|3|2,7,51,1532511,silent,1532460
10,12|6|6|6|4|4|2,7,70,1201042,silent,1200972
10,12|6|6|6|4|3|3,7,19,1113597,silent,1113578
10,12|6|6|5|5|5|1,7,7,342794,silent,342787
10,12|6|6|5|5|4|2,7,29,1456102,silent,1456073
10,12|6|6|5|5|3|3,7,25,1130956,silent,1130931
10,12|6|6|5|4|4|3,7,42,1379546,silent,1379504
10,12|6|6|4|4|4|4,7,27,265250,silent,265223
10,12|6|5|5|5|5|2,7,5,306292,silent,306287
10,12|6|5|5|5|4|3,7,10,706176,silent,706166
10,12|6|5|5|4|4|4,7,6,323325,silent,323319
10,12|5|5|5|5|5|3,7,1,69064,silent,69063
10,12|5|5|5|5|4|4,7,1,71640,silent,71639
10,11|11|11|4|1|1|1,7,23,32210,silent,32187
10,11|11|11|3|2|1|1,7,29,55693,silent,55664
10,11|11|11|2|2|2|1,7,11,21429,silent,21418
10,11|11|10|5|1|1|1,7,62,129194,silent,129132
10,11|11|10|4|2|1|1,7,151,340781,silent,340630
10,11|11|10|3|3|1|1,7,67,214300,silent,214233
10,11|11|10|3|2|2|1,7,93,262052,silent,261959
10,11|11|10|2|2|2|2,7,12,49794,silent,49782
10,11|11|9|6|1|1|1,7,104,233125,silent,233021
10,11|11|9|5|2|1|1,7,304,862443,silent,862139
10,11|11|9|4|3|1|1,7,305,1037341,silent,1037036
10,11|11|9|4|2|2|1,7,280,1019234,silent,1018954
10,11|11|9|3|3|2|1,7,173,812024,silent,811851
10,11|11|9|3|2|2|2,7,80,390495,silent,390415
10,11|11|8|7|1|1|1,7,81,200869,silent,200788
10,11|11|8|6|2|1|1,7,361,1108155,silent,1107794
10,11|11|8|5|3|1|1,7,514,2084332,silent,2083818
10,11|11|8|5|2|2|1,7,450,1911155,silent,1910705
10,11|11|8|4|4|1|1,7,303,1179837,silent,1179534
10,11|11|8|4|3|2|1,7,555,3027054,silent,3026499
10,11|11|8|4|2|2|2,7,177,1149065,silent,1148888
10,11|11|8|3|3|3|1,7,94,860312,silent,860218
10,11|11|8|3|3|2|2,7,128,1004634,silent,1004506
10,11|11|7|7|2|1|1,7,152,530123,silent,529971
10,11|11|7|6|3|1|1,7,438,1909975,silent,1909537
10,11|11|7|6|2|2|1,7,358,1703078,silent,1702720
10,11|11|7|5|4|1|1,7,455,2253647,silent,2253192
10,11|11|7|5|3|2|1,7,733,4596811,silent,4596078
10,11|11|7|5|2|2|2,7,230,1615796,silent,1615566
10,11|11|7|4|4|2|1,7,456,2917299,silent,2916843
10,11|11|7|4|3|3|1,7,303,2698462,silent,2698159
10,11|11|7|4|3|2|2,7,305,2935450,silent,2935145
10,11|11|7|3|3|3|2,7,60,1099757,silent,1099697
10,11|11|6|6|4|1|1,7,248,1232481,silent,1232233
10,11|11|6|6|3|2|1,7,357,2357771,silent,2357414
10,11|11|6|6|2|2|2,7,93,805927,silent,805834
10,11|11|6|5|5|1|1,7,144,900975,silent,900831
10,11|11|6|5|4|2|1,7,528,3904661,silent,3904133
10,11|11|6|5|3|3|1,7,295,2949074,silent,2948779
10,11|11|6|5|3|2|2,7,295,3122661,silent,3122366
10,11|11|6|4|4|3|1,7,287,2530585,silent,2530298
10,11|11|6|4|4|2|2,7,192,2222969,silent,2222777
10,11|11|6|4|3|3|2,7,163,2630795,silent,2630632
10,11|11|6|3|3|3|3,7,5,459239,silent,459234
10,11|11|5|5|5|2|1,7,97,876586,silent,876489
10,11|11|5|5|4|3|1,7,173,1874399,silent,1874226
10,11|11|5|5|4|2|2,7,139,1609588,silent,1609449
10,11|11|5|5|3|3|2,7,80,1579408,silent,1579328
10,11|11|5|4|4|4|1,7,78,681859,silent,681781
10,11|11|5|4|4|3|2,7,119,1760051,silent,1759932
10,11|11|5|4|3|3|3,7,23,776701,silent,776678
10,11|11|4|4|4|4|2,7,18,273515,silent,273497
10,11|11|4|4|4|3|3,7,19,295875,silent,295856
10,11|10|10|6|1|1|1,7,54,141494,silent,141440
10,11|10|10|5|2|1|1,7,174,517241,silent,517067
10,11|10|10|4|3|1|1,7,170,617096,silent,616926
10,11|10|10|4|2|2|1,7,171,607513,silent,607342
10,11|10|10|3|3|2|1,7,98,480833,silent,480735
10,11|10|10|3|2|2|2,7,51,231973,silent,231922
10,11|10|9|7|1|1|1,7,97,248229,silent,248132
10,11|10|9|6|2|1|1,7,377,1258251,silent,1257874
10,11|10|9|5|3|1|1,7,547,2283962,silent,2283415
10,11|10|9|5|2|2|1,7,463,2087689,silent,2087226
10,11|10|9|4|4|1|1,7,286,1272961,silent,1272675
10,11|10|9|4|3|2|1,7,570,3249124,silent,3248554
10,11|10|9|4|2|2|2,7,195,1230546,silent,1230351
10,11|10|9|3|3|3|1,7,102,914205,silent,914103
10,11|10|9|3|3|2|2,7,116,1064172,silent,1064056
10,11|10|8|8|1|1|1,7,45,128927,silent,128882
10,11|10|8|7|2|1|1,7,338,1206659,silent,1206321
10,11|10|8|6|3|1|1,7,721,3395176,silent,3394455
10,11|10|8|6|2|2|1,7,606,3015449,silent,3014843
10,11|10|8|5|4|1|1,7,708,3703648,silent,3702940
10,11|10|8|5|3|2|1,7,1120,7472780,silent,7471660
10,11|10|8|5|2|2|2,7,347,2611910,silent,2611563
10,11|10|8|4|4|2|1,7,676,4601715,silent,4601039
10,11|10|8|4|3|3|1,7,437,4214113,silent,4213676
10,11|10|8|4|3|2|2,7,451,4572976,silent,4572525
10,11|10|8|3|3|3|2,7,86,1678044,silent,1677958
10,11|10|7|7|3|1|1,7,356,1721713,silent,1721357
10,11|10|7|7|2|2|1,7,273,1508164,silent,1507891
10,11|10|7|6|4|1|1,7,670,3878467,silent,3877797
10,11|10|7|6|3|2|1,7,993,7274078,silent,7273085
10,11|10|7|6|2|2|2,7,293,2460507,silent,2460214
10,11|10|7|5|5|1|1,7,358,2289492,silent,2289134
10,11|10|7|5|4|2|1,7,1162,9512170,silent,9511008
10,11|10|7|5|3|3|1,7,659,7065908,silent,7065249
10,11|10|7|5|3|2|2,7,619,7436557,silent,7435938
10,11|10|7|4|4|3|1,7,555,5645765,silent,5645210
10,11|10|7|4|4|2|2,7,424,4936679,silent,4936255
10,11|10|7|4|3|3|2,7,309,5737550,silent,5737241
10,11|10|7|3|3|3|3,7,21,962424,silent,962403
10,11|10|6|6|5|1|1,7,225,1594770,silent,1594545
10,11|10|6|6|4|2|1,7,629,5378814,silent,5378185
10,11|10|6|6|3|3|1,7,322,3772708,silent,3772386
10,11|10|6|6|3|2|2,7,328,3930916,silent,3930588
10,11|10|6|5|5|2|1,7,405,4118008,silent,4117603
10,11|10|6|5|4|3|1,7,682,8103079,silent,8102397
10,11|10|6|5|4|2|2,7,502,6891552,silent,6891050
10,11|10|6|5|3|3|2,7,319,6543216,silent,6542897
10,11|10|6|4|4|4|1,7,226,2323373,silent,2323147
10,11|10|6|4|4|3|2,7,345,5870533,silent,5870188
10,11|10|6|4|3|3|3,7,60,2489207,silent,2489147
10,11|10|5|5|5|3|1,7,138,2024640,silent,2024502
10,11|10|5|5|5|2|2,7,82,1612786,silent,1612704
10,11|10|5|5|4|4|1,7,139,1880754,silent,1880615
10,11|10|5|5|4|3|2,7,215,4462282,silent,4462067
10,11|10|5|5|3|3|3,7,43,1548618,silent,1548575
10,11|10|5|4|4|4|2,7,122,1796624,silent,1796502
10,11|10|5|4|4|3|3,7,67,1874911,silent,1874844
10,11|10|4|4|4|4|3,7,29,385119,silent,385090
10,11|9|9|8|1|1|1,7,36,90816,silent,90780
10,11|9|9|7|2|1|1,7,183,677138,silent,676955
10,11|9|9|6|3|1|1,7,374,1773556,silent,1773182
10,11|9|9|6|2|2|1,7,288,1567408,silent,1567120
10,11|9|9|5|4|1|1,7,347,1879748,silent,1879401
10,11|9|9|5|3|2|1,7,541,3771791,silent,3771250
10,11|9|9|5|2|2|2,7,155,1311223,silent,1311068
10,11|9|9|4|4|2|1,7,314,2293476,silent,2293162
10,11|9|9|4|3|3|1,7,219,2095293,silent,2095074
10,11|9|9|4|3|2|2,7,207,2266537,silent,2266330
10,11|9|9|3|3|3|2,7,46,827234,silent,827188
10,11|9|8|8|2|1|1,7,118,444855,silent,444737
10,11|9|8|7|3|1|1,7,432,2231527,silent,2231095
10,11|9|8|7|2|2|1,7,343,1947753,silent,1947410
10,11|9|8|6|4|1|1,7,666,3992745,silent,3992079
10,11|9|8|6|3|2|1,7,965,7414338,silent,7413373
10,11|9|8|6|2|2|2,7,272,2492869,silent,2492597
10,11|9|8|5|5|1|1,7,321,2208617,silent,2208296
10,11|9|8|5|4|2|1,7,1045,9005904,silent,9004859
10,11|9|8|5|3|3|1,7,588,6634954,silent,6634366
10,11|9|8|5|3|2|2,7,558,6964449,silent,6963891
10,11|9|8|4|4|3|1,7,485,5155633,silent,5155148
10,11|9|8|4|4|2|2,7,351,4493139,silent,4492788
10,11|9|8|4|3|3|2,7,272,5181932,silent,5181660
10,11|9|8|3|3|3|3,7,16,852098,silent,852082
10,11|9|7|7|4|1|1,7,349,2266454,silent,2266105
10,11|9|7|7|3|2|1,7,494,4091111,silent,4090617
10,11|9|7|7|2|2|2,7,135,1354326,silent,1354191
10,11|9|7|6|5|1|1,7,437,3238135,silent,3237698
10,11|9|7|6|4|2|1,7,1100,10487733,silent,10486633
10,11|9|7|6|3|3|1,7,596,7248569,silent,7247973
10,11|9|7|6|3|2|2,7,544,7502229,silent,7501685
10,11|9|7|5|5|2|1,7,595,6506437,silent,6505842
10,11|9|7|5|4|3|1,7,952,12348314,silent,12347362
10,11|9|7|5|4|2|2,7,682,10442498,silent,10441816
10,11|9|7|5|3|3|2,7,453,9767264,silent,9766811
10,11|9|7|4|4|4|1,7,272,3269574,silent,3269302
10,11|9|7|4|4|3|2,7,428,8176328,silent,8175900
10,11|9|7|4|3|3|3,7,87,3405235,silent,3405148
10,11|9|6|6|6|1|1,7,89,705902,silent,705813
10,11|9|6|6|5|2|1,7,423,4767684,silent,4767261
10,11|9|6|6|4|3|1,7,545,7389551,silent,7389006
10,11|9|6|6|4|2|2,7,391,6181874,silent,6181483
10,11|9|6|6|3|3|2,7,246,5459051,silent,5458805
10,11|9|6|5|5|3|1,7,377,6195481,silent,6195104
10,11|9|6|5|5|2|2,7,258,4896683,silent,4896425
10,11|9|6|5|4|4|1,7,363,5366758,silent,5366395
10,11|9|6|5|4|3|2,7,552,12476301,silent,12475749
10,11|9|6|5|3|3|3,7,96,4165033,silent,4164937
10,11|9|6|4|4|4|2,7,217,3966778,silent,3966561
10,11|9|6|4|4|3|3,7,136,4073884,silent,4073748
10,11|9|5|5|5|4|1,7,82,1760774,silent,1760692
10,11|9|5|5|5|3|2,7,107,3283391,silent,3283284
10,11|9|5|5|4|4|2,7,140,3321996,silent,3321856
10,11|9|5|5|4|3|3,7,87,3229470,silent,3229383
10,11|9|5|4|4|4|3,7,77,1685290,silent,1685213
10,11|9|4|4|4|4|4,7,12,164896,silent,164884
10,11|8|8|8|3|1|1,7,76,430899,silent,430823
10,11|8|8|8|2|2|1,7,70,375207,silent,375137
10,11|8|8|7|4|1|1,7,236,1533227,silent,1532991
10,11|8|8|7|3|2|1,7,331,2748740,silent,2748409
10,11|8|8|7|2|2|2,7,96,908764,silent,908668
10,11|8|8|6|5|1|1,7,231,1788616,silent,1788385
10,11|8|8|6|4|2|1,7,598,5709844,silent,5709246
10,11|8|8|6|3|3|1,7,303,3915748,silent,3915445
10,11|8|8|6|3|2|2,7,300,4049866,silent,4049566
10,11|8|8|5|5|2|1,7,300,3344728,silent,3344428
10,11|8|8|5|4|3|1,7,472,6258712,silent,6258240
10,11|8|8|5|4|2|2,7,346,5284730,silent,5284384
10,11|8|8|5|3|3|2,7,215,4903181,silent,4902966
10,11|8|8|4|4|4|1,7,140,1613749,silent,1613609
10,11|8|8|4|4|3|2,7,208,4012774,silent,4012566
10,11|8|8|4|3|3|3,7,37,1654865,silent,1654828
10,11|8|7|7|5|1|1,7,173,1372133,silent,1371960
10,11|8|7|7|4|2|1,7,381,4082461,silent,4082080
10,11|8|7|7|3|3|1,7,210,2739153,silent,2738943
10,11|8|7|7|3|2|2,7,176,2807866,silent,2807690
10,11|8|7|6|6|1|1,7,117,1025796,silent,1025679
10,11|8|7|6|5|2|1,7,524,6383315,silent,6382791
10,11|8|7|6|4|3|1,7,652,9572738,silent,9572086
10,11|8|7|6|4|2|2,7,465,7968499,silent,7968034
10,11|8|7|6|3|3|2,7,289,6940556,silent,6940267
10,11|8|7|5|5|3|1,7,381,6551927,silent,6551546
10,11|8|7|5|5|2|2,7,246,5152457,silent,5152211
10,11|8|7|5|4|4|1,7,343,5517409,silent,5517066
10,11|8|7|5|4|3|2,7,523,12704525,silent,12704002
10,11|8|7|5|3|3|3,7,96,4170541,silent,4170445
10,11|8|7|4|4|4|2,7,192,3752419,silent,3752227
10,11|8|7|4|4|3|3,7,114,3823037,silent,3822923
10,11|8|6|6|6|2|1,7,128,1564708,silent,1564580
10,11|8|6|6|5|3|1,7,294,5290641,silent,5290347
10,11|8|6|6|5|2|2,7,214,4119078,silent,4118864
10,11|8|6|6|4|4|1,7,231,3702248,silent,3702017
10,11|8|6|6|4|3|2,7,336,8287616,silent,8287280
10,11|8|6|6|3|3|3,7,47,2547380,silent,2547333
10,11|8|6|5|5|4|1,7,173,3957887,silent,3957714
10,11|8|6|5|5|3|2,7,225,7242689,silent,7242464
10,11|8|6|5|4|4|2,7,272,6851528,silent,6851256
10,11|8|6|5|4|3|3,7,161,6549983,silent,6549822
10,11|8|6|4|4|4|3,7,113,2716798,silent,2716685
10,11|8|5|5|5|5|1,7,17,556345,silent,556328
10,11|8|5|5|5|4|2,7,53,2411061,silent,2411008
10,11|8|5|5|5|3|3,7,38,1886767,silent,1886729
10,11|8|5|5|4|4|3,7,65,2408418,silent,2408353
10,11|8|5|4|4|4|4,7,34,554846,silent,554812
10,11|7|7|7|6|1|1,7,30,295952,silent,295922
10,11|7|7|7|5|2|1,7,104,1451988,silent,1451884
10,11|7|7|7|4|3|1,7,121,2023676,silent,2023555
10,11|7|7|7|4|2|2,7,79,1668238,silent,1668159
10,11|7|7|7|3|3|2,7,54,1417532,silent,1417478
10,11|7|7|6|6|2|1,7,83,1198312,silent,1198229
10,11|7|7|6|5|3|1,7,201,3789173,silent,3788972
10,11|7|7|6|5|2|2,7,127,2934405,silent,2934278
10,11|7|7|6|4|4|1,7,135,2584186,silent,2584051
10,11|7|7|6|4|3|2,7,208,5745635,silent,5745427
10,11|7|7|6|3|3|3,7,41,1745646,silent,1745605
10,11|7|7|5|5|4|1,7,97,2296060,silent,2295963
10,11|7|7|5|5|3|2,7,127,4169485,silent,4169358
10,11|7|7|5|4|4|2,7,132,3844775,silent,3844643
10,11|7|7|5|4|3|3,7,87,3657325,silent,3657238
10,11|7|7|4|4|4|3,7,49,1419580,silent,1419531
10,11|7|6|6|6|3|1,7,67,1241955,silent,1241888
10,11|7|6|6|6|2|2,7,46,937729,silent,937683
10,11|7|6|6|5|4|1,7,104,2404120,silent,2404016
10,11|7|6|6|5|3|2,7,133,4245825,silent,4245692
10,11|7|6|6|4|4|2,7,117,3256080,silent,3255963
10,11|7|6|6|4|3|3,7,69,3018212,silent,3018143
10,11|7|6|5|5|5|1,7,21,880337,silent,880316
10,11|7|6|5|5|4|2,7,87,3688897,silent,3688810
10,11|7|6|5|5|3|3,7,49,2842641,silent,2842592
10,11|7|6|5|4|4|3,7,89,3408141,silent,3408052
10,11|7|6|4|4|4|4,7,29,623005,silent,622976
10,11|7|5|5|5|5|2,7,7,601997,silent,601990
10,11|7|5|5|5|4|3,7,19,1373752,silent,1373733
10,11|7|5|5|4|4|4,7,16,617473,silent,617457
10,11|6|6|6|6|4|1,7,19,329804,silent,329785
10,11|6|6|6|6|3|2,7,22,538447,silent,538425
10,11|6|6|6|5|5|1,7,7,306851,silent,306844
10,11|6|6|6|5|4|2,7,35,1193625,silent,1193590
10,11|6|6|6|5|3|3,7,12,892425,silent,892413
10,11|6|6|6|4|4|3,7,27,876982,silent,876955
10,11|6|6|5|5|5|2,7,3,499256,silent,499253
10,11|6|6|5|5|4|3,7,15,1112327,silent,1112312
10,11|6|6|5|4|4|4,7,15,471022,silent,471007
10,11|6|5|5|5|5|3,7,2,260164,silent,260162
10,11|6|5|5|5|4|4,7,1,264951,silent,264950
10,11|5|5|5|5|5|4,7,1,34568,silent,34567
10,10|10|10|7|1|1|1,7,17,42351,silent,42334
10,10|10|10|6|2|1|1,7,50,206959,silent,206909
10,10|10|10|5|3|1|1,7,89,369800,silent,369711
10,10|10|10|5|2|2|1,7,76,338184,silent,338108
10,10|10|10|4|4|1|1,7,33,203677,silent,203644
10,10|10|10|4|3|2|1,7,86,520189,silent,520103
10,10|10|10|4|2|2|2,7,47,198420,silent,198373
10,10|10|10|3|3|3|1,7,19,145262,silent,145243
10,10|10|10|3|3|2|2,7,10,168288,silent,168278
10,10|10|9|8|1|1|1,7,18,56157,silent,56139
10,10|10|9|7|2|1|1,7,111,407498,silent,407387
10,10|10|9|6|3|1|1,7,210,1049018,silent,1048808
10,10|10|9|6|2|2|1,7,175,928498,silent,928323
10,10|10|9|5|4|1|1,7,201,1103515,silent,1103314
10,10|10|9|5|3|2|1,7,313,2210750,silent,2210437
10,10|10|9|5|2|2|2,7,91,769131,silent,769040
10,10|10|9|4|4|2|1,7,184,1339942,silent,1339758
10,10|10|9|4|3|3|1,7,120,1219936,silent,1219816
10,10|10|9|4|3|2|2,7,123,1321005,silent,1320882
10,10|10|9|3|3|3|2,7,24,479183,silent,479159
10,10|10|8|8|2|1|1,7,47,221471,silent,221424
10,10|10|8|7|3|1|1,7,211,1078327,silent,1078116
10,10|10|8|7|2|2|1,7,161,941053,silent,940892
10,10|10|8|6|4|1|1,7,283,1896981,silent,1896698
10,10|10|8|6|3|2|1,7,451,3519699,silent,3519248
10,10|10|8|6|2|2|2,7,156,1185652,silent,1185496
10,10|10|8|5|5|1|1,7,169,1044377,silent,1044208
10,10|10|8|5|4|2|1,7,484,4240346,silent,4239862
10,10|10|8|5|3|3|1,7,275,3117632,silent,3117357
10,10|10|8|5|3|2|2,7,247,3270428,silent,3270181
10,10|10|8|4|4|3|1,7,208,2412935,silent,2412727
10,10|10|8|4|4|2|2,7,199,2106895,silent,2106696
10,10|10|8|4|3|3|2,7,110,2417296,silent,2417186
10,10|10|8|3|3|3|3,7,13,397064,silent,397051
10,10|10|7|7|4|1|1,7,171,1019178,silent,1019007
10,10|10|7|7|3|2|1,7,216,1834496,silent,1834280
10,10|10|7|7|2|2|2,7,46,605548,silent,605502
10,10|10|7|6|5|1|1,7,187,1433578,silent,1433391
10,10|10|7|6|4|2|1,7,480,4628712,silent,4628232
10,10|10|7|6|3|3|1,7,254,3192219,silent,3191965
10,10|10|7|6|3|2|2,7,239,3303689,silent,3303450
10,10|10|7|5|5|2|1,7,257,2851310,silent,2851053
10,10|10|7|5|4|3|1,7,412,5395346,silent,5394934
10,10|10|7|5|4|2|2,7,283,4559445,silent,4559162
10,10|10|7|5|3|3|2,7,198,4257098,silent,4256900
10,10|10|7|4|4|4|1,7,121,1422553,silent,1422432
10,10|10|7|4|4|3|2,7,182,3550720,silent,3550538
10,10|10|7|4|3|3|3,7,36,1474611,silent,1474575
10,10|10|6|6|6|1|1,7,27,302844,silent,302817
10,10|10|6|6|5|2|1,7,178,2040173,silent,2039995
10,10|10|6|6|4|3|1,7,217,3151083,silent,3150866
10,10|10|6|6|4|2|2,7,199,2639758,silent,2639559
10,10|10|6|6|3|3|2,7,85,2320142,silent,2320057
10,10|10|6|5|5|3|1,7,162,2624968,silent,2624806
10,10|10|6|5|5|2|2,7,90,2070649,silent,2070559
10,10|10|6|5|4|4|1,7,150,2268452,silent,2268302
10,10|10|6|5|4|3|2,7,229,5265860,silent,5265631
10,10|10|6|5|3|3|3,7,42,1754526,silent,1754484
10,10|10|6|4|4|4|2,7,113,1669920,silent,1669807
10,10|10|6|4|4|3|3,7,41,1707062,silent,1707021
10,10|10|5|5|5|4|1,7,34,733061,silent,733027
10,10|10|5|5|5|3|2,7,47,1365938,silent,1365891
10,10|10|5|5|4|4|2,7,43,1376757,silent,1376714
10,10|10|5|5|4|3|3,7,42,1339638,silent,1339596
10,10|10|5|4|4|4|3,7,32,695572,silent,695540
10,10|10|4|4|4|4|4,7,15,68294,silent,68279
10,10|9|9|9|1|1|1,7,7,14564,silent,14557
10,10|9|9|8|2|1|1,7,52,195367,silent,195315
10,10|9|9|7|3|1|1,7,138,760536,silent,760398
10,10|9|9|7|2|2|1,7,104,660163,silent,660059
10,10|9|9|6|4|1|1,7,205,1250079,silent,1249874
10,10|9|9|6|3|2|1,7,278,2302452,silent,2302174
10,10|9|9|6|2|2|2,7,65,768352,silent,768287
10,10|9|9|5|5|1|1,7,86,669714,silent,669628
10,10|9|9|5|4|2|1,7,290,2696243,silent,2695953
10,10|9|9|5|3|3|1,7,168,1976690,silent,1976522
10,10|9|9|5|3|2|2,7,156,2068808,silent,2068652
10,10|9|9|4|4|3|1,7,134,1510952,silent,1510818
10,10|9|9|4|4|2|2,7,79,1311033,silent,1310954
10,10|9|9|4|3|3|2,7,83,1508229,silent,1508146
10,10|9|9|3|3|3|3,7,3,244602,silent,244599
10,10|9|8|8|3|1|1,7,92,524609,silent,524517
10,10|9|8|8|2|2|1,7,74,454197,silent,454123
10,10|9|8|7|4|1|1,7,249,1716535,silent,1716286
10,10|9|8|7|3|2|1,7,352,3063357,silent,3063005
10,10|9|8|7|2|2|2,7,94,1008253,silent,1008159
10,10|9|8|6|5|1|1,7,245,1936525,silent,1936280
10,10|9|8|6|4|2|1,7,604,6133442,silent,6132838
10,10|9|8|6|3|3|1,7,321,4196284,silent,4195963
10,10|9|8|6|3|2|2,7,297,4329715,silent,4329418
10,10|9|8|5|5|2|1,7,303,3542361,silent,3542058
10,10|9|8|5|4|3|1,7,476,6586854,silent,6586378
10,10|9|8|5|4|2|2,7,339,5551554,silent,5551215
10,10|9|8|5|3|3|2,7,224,5139700,silent,5139476
10,10|9|8|4|4|4|1,7,127,1679576,silent,1679449
10,10|9|8|4|4|3|2,7,204,4168452,silent,4168248
10,10|9|8|4|3|3|3,7,39,1714430,silent,1714391
10,10|9|7|7|5|1|1,7,143,1211429,silent,1211286
10,10|9|7|7|4|2|1,7,322,3579839,silent,3579517
10,10|9|7|7|3|3|1,7,176,2394309,silent,2394133
10,10|9|7|7|3|2|2,7,151,2451527,silent,2451376
10,10|9|7|6|6|1|1,7,101,881056,silent,880955
10,10|9|7|6|5|2|1,7,429,5412971,silent,5412542
10,10|9|7|6|4|3|1,7,532,8067777,silent,8067245
10,10|9|7|6|4|2|2,7,364,6704519,silent,6704155
10,10|9|7|6|3|3|2,7,240,5824741,silent,5824501
10,10|9|7|5|5|3|1,7,305,5441945,silent,5441640
10,10|9|7|5|5|2|2,7,206,4275373,silent,4275167
10,10|9|7|5|4|4|1,7,270,4559685,silent,4559415
10,10|9|7|5|4|3|2,7,415,10473883,silent,10473468
10,10|9|7|5|3|3|3,7,77,3425205,silent,3425128
10,10|9|7|4|4|4|2,7,138,3060608,silent,3060470
10,10|9|7|4|4|3|3,7,94,3115183,silent,3115089
10,10|9|6|6|6|2|1,7,94,1231703,silent,1231609
10,10|9|6|6|5|3|1,7,224,4119208,silent,4118984
10,10|9|6|6|5|2|2,7,154,3201616,silent,3201462
10,10|9|6|6|4|4|1,7,168,2867089,silent,2866921
10,10|9|6|6|4|3|2,7,247,6403672,silent,6403425
10,10|9|6|6|3|3|3,7,41,1962034,silent,1961993
10,10|9|6|5|5|4|1,7,130,3021980,silent,3021850
10,10|9|6|5|5|3|2,7,169,5516669,silent,5516500
10,10|9|6|5|4|4|2,7,193,5191467,silent,5191274
10,10|9|6|5|4|3|3,7,119,4954720,silent,4954601
10,10|9|6|4|4|4|3,7,77,2033841,silent,2033764
10,10|9|5|5|5|5|1,7,10,409367,silent,409357
10,10|9|5|5|5|4|2,7,42,1767652,silent,1767610
10,10|9|5|5|5|3|3,7,26,1379635,silent,1379609
10,10|9|5|5|4|4|3,7,45,1753380,silent,1753335
10,10|9|5|4|4|4|4,7,19,398974,silent,398955
10,10|8|8|8|4|1|1,7,43,371331,silent,371288
10,10|8|8|8|3|2|1,7,74,654095,silent,654021
10,10|8|8|8|2|2|2,7,34,215528,silent,215494
10,10|8|8|7|5|1|1,7,116,903154,silent,903038
10,10|8|8|7|4|2|1,7,241,2630690,silent,2630449
10,10|8|8|7|3|3|1,7,128,1745144,silent,1745016
10,10|8|8|7|3|2|2,7,110,1786246,silent,1786136
10,10|8|8|6|6|1|1,7,45,543814,silent,543769
10,10|8|8|6|5|2|1,7,257,3245886,silent,3245629
10,10|8|8|6|4|3|1,7,300,4767639,silent,4767339
10,10|8|8|6|4|2|2,7,252,3961639,silent,3961387
10,10|8|8|6|3|3|2,7,120,3407683,silent,3407563
10,10|8|8|5|5|3|1,7,176,3038182,silent,3038006
10,10|8|8|5|5|2|2,7,91,2379171,silent,2379080
10,10|8|8|5|4|4|1,7,151,2517819,silent,2517668
10,10|8|8|5|4|3|2,7,225,5752944,silent,5752719
10,10|8|8|5|3|3|3,7,43,1864915,silent,1864872
10,10|8|8|4|4|4|2,7,99,1640109,silent,1640010
10,10|8|8|4|4|3|3,7,33,1654565,silent,1654532
10,10|8|7|7|6|1|1,7,59,533419,silent,533360
10,10|8|7|7|5|2|1,7,182,2557635,silent,2557453
10,10|8|7|7|4|3|1,7,213,3524910,silent,3524697
10,10|8|7|7|4|2|2,7,126,2900752,silent,2900626
10,10|8|7|7|3|3|2,7,99,2449126,silent,2449027
10,10|8|7|6|6|2|1,7,138,1971536,silent,1971398
10,10|8|7|6|5|3|1,7,311,6096044,silent,6095733
10,10|8|7|6|5|2|2,7,205,4713887,silent,4713682
10,10|8|7|6|4|4|1,7,217,4123517,silent,4123300
10,10|8|7|6|4|3|2,7,324,9124272,silent,9123948
10,10|8|7|6|3|3|3,7,55,2749967,silent,2749912
10,10|8|7|5|5|4|1,7,144,3548903,silent,3548759
10,10|8|7|5|5|3|2,7,188,6416974,silent,6416786
10,10|8|7|5|4|4|2,7,194,5869373,silent,5869179
10,10|8|7|5|4|3|3,7,131,5560250,silent,5560119
10,10|8|7|4|4|4|3,7,73,2119406,silent,2119333
10,10|8|6|6|6|3|1,7,77,1585258,silent,1585181
10,10|8|6|6|6|2|2,7,71,1197256,silent,1197185
10,10|8|6|6|5|4|1,7,125,3010320,silent,3010195
10,10|8|6|6|5|3|2,7,153,5292886,silent,5292733
10,10|8|6|6|4|4|2,7,160,4027130,silent,4026970
10,10|8|6|6|4|3|3,7,68,3714307,silent,3714239
10,10|8|6|5|5|5|1,7,26,1062362,silent,1062336
10,10|8|6|5|5|4|2,7,91,4417039,silent,4416948
10,10|8|6|5|5|3|3,7,63,3395236,silent,3395173
10,10|8|6|5|4|4|3,7,101,4033089,silent,4032988
10,10|8|6|4|4|4|4,7,43,723713,silent,723670
10,10|8|5|5|5|5|2,7,10,662385,silent,662375
10,10|8|5|5|5|4|3,7,20,1501116,silent,1501096
10,10|8|5|5|4|4|4,7,11,666954,silent,666943
10,10|7|7|7|7|1|1,7,2,61618,silent,61616
10,10|7|7|7|6|2|1,7,34,599066,silent,599032
10,10|7|7|7|5|3|1,7,63,1472379,silent,1472316
10,10|7|7|7|5|2|2,7,45,1128527,silent,1128482
10,10|7|7|7|4|4|1,7,43,932045,silent,932002
10,10|7|7|7|4|3|2,7,60,2030234,silent,2030174
10,10|7|7|7|3|3|3,7,13,593687,silent,593674
10,10|7|7|6|6|3|1,7,61,1270816,silent,1270755
10,10|7|7|6|6|2|2,7,25,950374,silent,950349
10,10|7|7|6|5|4|1,7,83,2261263,silent,2261180
10,10|7|7|6|5|3|2,7,110,3947386,silent,3947276
10,10|7|7|6|4|4|2,7,73,2921943,silent,2921870
10,10|7|7|6|4|3|3,7,62,2690401,silent,2690339
10,10|7|7|5|5|5|1,7,16,652475,silent,652459
10,10|7|7|5|5|4|2,7,65,2670313,silent,2670248
10,10|7|7|5|5|3|3,7,26,2035909,silent,2035883
10,10|7|7|5|4|4|3,7,52,2360943,silent,2360891
10,10|7|7|4|4|4|4,7,8,392595,silent,392587
10,10|7|6|6|6|4|1,7,35,824159,silent,824124
10,10|7|6|6|6|3|2,7,41,1336872,silent,1336831
10,10|7|6|6|5|5|1,7,20,745224,silent,745204
10,10|7|6|6|5|4|2,7,67,2854416,silent,2854349
10,10|7|6|6|5|3|3,7,36,2125559,silent,2125523
10,10|7|6|6|4|4|3,7,47,2048694,silent,2048647
10,10|7|6|5|5|5|2,7,12,1102465,silent,1102453
10,10|7|6|5|5|4|3,7,32,2423496,silent,2423464
10,10|7|6|5|4|4|4,7,24,1003488,silent,1003464
10,10|7|5|5|5|5|3,7,2,441857,silent,441855
10,10|7|5|5|5|4|4,7,6,447019,silent,447013
10,10|6|6|6|6|5|1,7,5,136039,silent,136034
10,10|6|6|6|6|4|2,7,20,411861,silent,411841
10,10|6|6|6|6|3|3,7,2,283748,silent,283746
10,10|6|6|6|5|5|2,7,3,397672,silent,397669
10,10|6|6|6|5|4|3,7,13,816068,silent,816055
10,10|6|6|6|4|4|4,7,15,273225,silent,273210
10,10|6|6|5|5|5|3,7,2,377612,silent,377610
10,10|6|6|5|5|4|4,7,1,372891,silent,372890
10,10|6|5|5|5|5|4,7,0,-1,a0,
10,10|5|5|5|5|5|5,7,0,-1,a0,
10,33|1|1|1|1|1|1|1,8,0,-1,a0,
10,32|2|1|1|1|1|1|1,8,0,-1,a0,
10,31|3|1|1|1|1|1|1,8,0,-1,a0,
10,31|2|2|1|1|1|1|1,8,0,-1,a0,
10,30|4|1|1|1|1|1|1,8,0,-1,a0,
10,30|3|2|1|1|1|1|1,8,0,-1,a0,
10,30|2|2|2|1|1|1|1,8,0,-1,a0,
10,29|5|1|1|1|1|1|1,8,0,-1,a0,
10,29|4|2|1|1|1|1|1,8,0,-1,a0,
10,29|3|3|1|1|1|1|1,8,0,-1,a0,
10,29|3|2|2|1|1|1|1,8,0,-1,a0,
10,29|2|2|2|2|1|1|1,8,0,-1,a0,
10,28|6|1|1|1|1|1|1,8,0,-1,a0,
10,28|5|2|1|1|1|1|1,8,0,-1,a0,
10,28|4|3|1|1|1|1|1,8,0,-1,a0,
10,28|4|2|2|1|1|1|1,8,0,-1,a0,
10,28|3|3|2|1|1|1|1,8,0,-1,a0,
10,28|3|2|2|2|1|1|1,8,0,-1,a0,
10,28|2|2|2|2|2|1|1,8,0,-1,a0,
10,27|7|1|1|1|1|1|1,8,0,-1,a0,
10,27|6|2|1|1|1|1|1,8,0,-1,a0,
10,27|5|3|1|1|1|1|1,8,0,-1,a0,
10,27|5|2|2|1|1|1|1,8,0,-1,a0,
10,27|4|4|1|1|1|1|1,8,0,-1,a0,
10,27|4|3|2|1|1|1|1,8,0,-1,a0,
10,27|4|2|2|2|1|1|1,8,0,-1,a0,
10,27|3|3|3|1|1|1|1,8,0,-1,a0,
10,27|3|3|2|2|1|1|1,8,0,-1,a0,
10,27|3|2|2|2|2|1|1,8,0,-1,a0,
10,27|2|2|2|2|2|2|1,8,0,-1,a0,
10,26|8|1|1|1|1|1|1,8,0,-1,a0,
10,26|7|2|1|1|1|1|1,8,0,-1,a0,
10,26|6|3|1|1|1|1|1,8,0,-1,a0,
10,26|6|2|2|1|1|1|1,8,0,-1,a0,
10,26|5|4|1|1|1|1|1,8,0,-1,a0,
10,26|5|3|2|1|1|1|1,8,0,-1,a0,
10,26|5|2|2|2|1|1|1,8,0,-1,a0,
10,26|4|4|2|1|1|1|1,8,0,-1,a0,
10,26|4|3|3|1|1|1|1,8,0,-1,a0,
10,26|4|3|2|2|1|1|1,8,0,-1,a0,
10,26|4|2|2|2|2|1|1,8,0,-1,a0,
10,26|3|3|3|2|1|1|1,8,0,-1,a0,
10,26|3|3|2|2|2|1|1,8,0,-1,a0,
10,26|3|2|2|2|2|2|1,8,0,-1,a0,
10,26|2|2|2|2|2|2|2,8,1,21,silent,20
10,25|9|1|1|1|1|1|1,8,0,-1,a0,
10,25|8|2|1|1|1|1|1,8,0,-1,a0,
10,25|7|3|1|1|1|1|1,8,0,-1,a0,
10,25|7|2|2|1|1|1|1,8,0,-1,a0,
10,25|6|4|1|1|1|1|1,8,0,-1,a0,
10,25|6|3|2|1|1|1|1,8,0,-1,a0,
10,25|6|2|2|2|1|1|1,8,0,-1,a0,
10,25|5|5|1|1|1|1|1,8,0,-1,a0,
10,25|5|4|2|1|1|1|1,8,0,-1,a0,
10,25|5|3|3|1|1|1|1,8,0,-1,a0,
10,25|5|3|2|2|1|1|1,8,0,-1,a0,
10,25|5|2|2|2|2|1|1,8,0,-1,a0,
10,25|4|4|3|1|1|1|1,8,0,-1,a0,
10,25|4|4|2|2|1|1|1,8,0,-1,a0,
10,25|4|3|3|2|1|1|1,8,0,-1,a0,
10,25|4|3|2|2|2|1|1,8,0,-1,a0,
10,25|4|2|2|2|2|2|1,8,1,282,silent,281
10,25|3|3|3|3|1|1|1,8,0,-1,a0,
10,25|3|3|3|2|2|1|1,8,0,-1,a0,
10,25|3|3|2|2|2|2|1,8,0,-1,a0,
10,25|3|2|2|2|2|2|2,8,1,63,silent,62
10,24|10|1|1|1|1|1|1,8,0,-1,a0,
10,24|9|2|1|1|1|1|1,8,0,-1,a0,
10,24|8|3|1|1|1|1|1,8,0,-1,a0,
10,24|8|2|2|1|1|1|1,8,0,-1,a0,
10,24|7|4|1|1|1|1|1,8,0,-1,a0,
10,24|7|3|2|1|1|1|1,8,0,-1,a0,
10,24|7|2|2|2|1|1|1,8,0,-1,a0,
10,24|6|5|1|1|1|1|1,8,0,-1,a0,
10,24|6|4|2|1|1|1|1,8,0,-1,a0,
10,24|6|3|3|1|1|1|1,8,0,-1,a0,
10,24|6|3|2|2|1|1|1,8,0,-1,a0,
10,24|6|2|2|2|2|1|1,8,0,-1,a0,
10,24|5|5|2|1|1|1|1,8,0,-1,a0,
10,24|5|4|3|1|1|1|1,8,0,-1,a0,
10,24|5|4|2|2|1|1|1,8,0,-1,a0,
10,24|5|3|3|2|1|1|1,8,0,-1,a0,
10,24|5|3|2|2|2|1|1,8,1,3350,silent,3349
10,24|5|2|2|2|2|2|1,8,2,722,silent,720
10,24|4|4|4|1|1|1|1,8,0,-1,a0,
10,24|4|4|3|2|1|1|1,8,0,-1,a0,
10,24|4|4|2|2|2|1|1,8,0,-1,a0,
10,24|4|3|3|3|1|1|1,8,0,-1,a0,
10,24|4|3|3|2|2|1|1,8,0,-1,a0,
10,24|4|3|2|2|2|2|1,8,1,1229,silent,1228
10,24|4|2|2|2|2|2|2,8,3,241,silent,238
10,24|3|3|3|3|2|1|1,8,0,-1,a0,
10,24|3|3|3|2|2|2|1,8,0,-1,a0,
10,24|3|3|2|2|2|2|2,8,0,-1,a0,
10,23|11|1|1|1|1|1|1,8,0,-1,a0,
10,23|10|2|1|1|1|1|1,8,0,-1,a0,
10,23|9|3|1|1|1|1|1,8,0,-1,a0,
10,23|9|2|2|1|1|1|1,8,0,-1,a0,
10,23|8|4|1|1|1|1|1,8,0,-1,a0,
10,23|8|3|2|1|1|1|1,8,0,-1,a0,
10,23|8|2|2|2|1|1|1,8,0,-1,a0,
10,23|7|5|1|1|1|1|1,8,0,-1,a0,
10,23|7|4|2|1|1|1|1,8,0,-1,a0,
10,23|7|3|3|1|1|1|1,8,0,-1,a0,
10,23|7|3|2|2|1|1|1,8,0,-1,a0,
10,23|7|2|2|2|2|1|1,8,1,2369,silent,2368
10,23|6|6|1|1|1|1|1,8,0,-1,a0,
10,23|6|5|2|1|1|1|1,8,0,-1,a0,
10,23|6|4|3|1|1|1|1,8,0,-1,a0,
10,23|6|4|2|2|1|1|1,8,0,-1,a0,
10,23|6|3|3|2|1|1|1,8,1,10795,silent,10794
10,23|6|3|2|2|2|1|1,8,2,7575,silent,7573
10,23|6|2|2|2|2|2|1,8,4,1537,silent,1533
10,23|5|5|3|1|1|1|1,8,0,-1,a0,
10,23|5|5|2|2|1|1|1,8,1,6270,silent,6269
10,23|5|4|4|1|1|1|1,8,0,-1,a0,
10,23|5|4|3|2|1|1|1,8,0,-1,a0,
10,23|5|4|2|2|2|1|1,8,2,8151,silent,8149
10,23|5|3|3|3|1|1|1,8,0,-1,a0,
10,23|5|3|3|2|2|1|1,8,1,8497,silent,8496
10,23|5|3|2|2|2|2|1,8,4,3754,silent,3750
10,23|5|2|2|2|2|2|2,8,3,542,silent,539
10,23|4|4|4|2|1|1|1,8,0,-1,a0,
10,23|4|4|3|3|1|1|1,8,0,-1,a0,
10,23|4|4|3|2|2|1|1,8,0,-1,a0,
10,23|4|4|2|2|2|2|1,8,3,2330,silent,2327
10,23|4|3|3|3|2|1|1,8,0,-1,a0,
10,23|4|3|3|2|2|2|1,8,0,-1,a0,
10,23|4|3|2|2|2|2|2,8,2,849,silent,847
10,23|3|3|3|3|3|1|1,8,0,-1,a0,
10,23|3|3|3|3|2|2|1,8,0,-1,a0,
10,23|3|3|3|2|2|2|2,8,0,-1,a0,
10,22|12|1|1|1|1|1|1,8,0,-1,a0,
10,22|11|2|1|1|1|1|1,8,0,-1,a0,
10,22|10|3|1|1|1|1|1,8,0,-1,a0,
10,22|10|2|2|1|1|1|1,8,0,-1,a0,
10,22|9|4|1|1|1|1|1,8,0,-1,a0,
10,22|9|3|2|1|1|1|1,8,0,-1,a0,
10,22|9|2|2|2|1|1|1,8,0,-1,a0,
10,22|8|5|1|1|1|1|1,8,0,-1,a0,
10,22|8|4|2|1|1|1|1,8,0,-1,a0,
10,22|8|3|3|1|1|1|1,8,0,-1,a0,
10,22|8|3|2|2|1|1|1,8,1,13981,silent,13980
10,22|8|2|2|2|2|1|1,8,1,3737,silent,3736
10,22|7|6|1|1|1|1|1,8,0,-1,a0,
10,22|7|5|2|1|1|1|1,8,0,-1,a0,
10,22|7|4|3|1|1|1|1,8,0,-1,a0,
10,22|7|4|2|2|1|1|1,8,1,25267,silent,25266
10,22|7|3|3|2|1|1|1,8,2,21236,silent,21234
10,22|7|3|2|2|2|1|1,8,6,14617,silent,14611
10,22|7|2|2|2|2|2|1,8,6,2804,silent,2798
10,22|6|6|2|1|1|1|1,8,0,-1,a0,
10,22|6|5|3|1|1|1|1,8,1,21018,silent,21017
10,22|6|5|2|2|1|1|1,8,2,21988,silent,21986
10,22|6|4|4|1|1|1|1,8,0,-1,a0,
10,22|6|4|3|2|1|1|1,8,2,39969,silent,39967
10,22|6|4|2|2|2|1|1,8,5,21549,silent,21544
10,22|6|3|3|3|1|1|1,8,1,12706,silent,12705
10,22|6|3|3|2|2|1|1,8,4,20789,silent,20785
10,22|6|3|2|2|2|2|1,8,8,8842,silent,8834
10,22|6|2|2|2|2|2|2,8,7,1212,silent,1205
10,22|5|5|4|1|1|1|1,8,0,-1,a0,
10,22|5|5|3|2|1|1|1,8,2,21737,silent,21735
10,22|5|5|2|2|2|1|1,8,5,11318,silent,11313
10,22|5|4|4|2|1|1|1,8,0,-1,a0,
10,22|5|4|3|3|1|1|1,8,0,-1,a0,
10,22|5|4|3|2|2|1|1,8,4,28423,silent,28419
10,22|5|4|2|2|2|2|1,8,8,9746,silent,9738
10,22|5|3|3|3|2|1|1,8,0,-1,a0,
10,22|5|3|3|2|2|2|1,8,2,10169,silent,10167
10,22|5|3|2|2|2|2|2,8,3,2584,silent,2581
10,22|4|4|4|3|1|1|1,8,0,-1,a0,
10,22|4|4|4|2|2|1|1,8,0,-1,a0,
10,22|4|4|3|3|2|1|1,8,0,-1,a0,
10,22|4|4|3|2|2|2|1,8,2,7798,silent,7796
10,22|4|4|2|2|2|2|2,8,5,1805,silent,1800
10,22|4|3|3|3|3|1|1,8,0,-1,a0,
10,22|4|3|3|3|2|2|1,8,0,-1,a0,
10,22|4|3|3|2|2|2|2,8,0,-1,a0,
10,22|3|3|3|3|3|2|1,8,0,-1,a0,
10,22|3|3|3|3|2|2|2,8,0,-1,a0,
10,21|13|1|1|1|1|1|1,8,0,-1,a0,
10,21|12|2|1|1|1|1|1,8,0,-1,a0,
10,21|11|3|1|1|1|1|1,8,0,-1,a0,
10,21|11|2|2|1|1|1|1,8,0,-1,a0,
10,21|10|4|1|1|1|1|1,8,0,-1,a0,
10,21|10|3|2|1|1|1|1,8,0,-1,a0,
10,21|10|2|2|2|1|1|1,8,0,-1,a0,
10,21|9|5|1|1|1|1|1,8,0,-1,a0,
10,21|9|4|2|1|1|1|1,8,0,-1,a0,
10,21|9|3|3|1|1|1|1,8,1,14821,silent,14820
10,21|9|3|2|2|1|1|1,8,2,20454,silent,20452
10,21|9|2|2|2|2|1|1,8,3,5475,silent,5472
10,21|8|6|1|1|1|1|1,8,0,-1,a0,
10,21|8|5|2|1|1|1|1,8,1,32581,silent,32580
10,21|8|4|3|1|1|1|1,8,1,40303,silent,40302
10,21|8|4|2|2|1|1|1,8,3,44007,silent,44004
10,21|8|3|3|2|1|1|1,8,5,36150,silent,36145
10,21|8|3|2|2|2|1|1,8,10,24384,silent,24374
10,21|8|2|2|2|2|2|1,8,9,4539,silent,4530
10,21|7|7|1|1|1|1|1,8,0,-1,a0,
10,21|7|6|2|1|1|1|1,8,0,-1,a0,
10,21|7|5|3|1|1|1|1,8,2,50460,silent,50458
10,21|7|5|2|2|1|1|1,8,7,52038,silent,52031
10,21|7|4|4|1|1|1|1,8,0,-1,a0,
10,21|7|4|3|2|1|1|1,8,7,86016,silent,86009
10,21|7|4|2|2|2|1|1,8,15,45774,silent,45759
10,21|7|3|3|3|1|1|1,8,3,26051,silent,26048
10,21|7|3|3|2|2|1|1,8,9,41760,silent,41751
10,21|7|3|2|2|2|2|1,8,15,17325,silent,17310
10,21|7|2|2|2|2|2|2,8,7,2090,silent,2083
10,21|6|6|3|1|1|1|1,8,2,24080,silent,24078
10,21|6|6|2|2|1|1|1,8,1,23709,silent,23708
10,21|6|5|4|1|1|1|1,8,2,34976,silent,34974
10,21|6|5|3|2|1|1|1,8,10,81959,silent,81949
10,21|6|5|2|2|2|1|1,8,12,40621,silent,40609
10,21|6|4|4|2|1|1|1,8,1,55287,silent,55286
10,21|6|4|3|3|1|1|1,8,4,54727,silent,54723
10,21|6|4|3|2|2|1|1,8,13,80630,silent,80617
10,21|6|4|2|2|2|2|1,8,19,26593,silent,26574
10,21|6|3|3|3|2|1|1,8,2,33009,silent,33007
10,21|6|3|3|2|2|2|1,8,5,25598,silent,25593
10,21|6|3|2|2|2|2|2,8,8,6327,silent,6319
10,21|5|5|5|1|1|1|1,8,1,6919,silent,6918
10,21|5|5|4|2|1|1|1,8,5,37787,silent,37782
10,21|5|5|3|3|1|1|1,8,1,30522,silent,30521
10,21|5|5|3|2|2|1|1,8,9,44712,silent,44703
10,21|5|5|2|2|2|2|1,8,6,13536,silent,13530
10,21|5|4|4|3|1|1|1,8,0,-1,a0,
10,21|5|4|4|2|2|1|1,8,5,38785,silent,38780
10,21|5|4|3|3|2|1|1,8,2,49998,silent,49996
10,21|5|4|3|2|2|2|1,8,10,36172,silent,36162
10,21|5|4|2|2|2|2|2,8,7,7105,silent,7098
10,21|5|3|3|3|3|1|1,8,0,-1,a0,
10,21|5|3|3|3|2|2|1,8,0,-1,a0,
10,21|5|3|3|2|2|2|2,8,1,7189,silent,7188
10,21|4|4|4|4|1|1|1,8,0,-1,a0,
10,21|4|4|4|3|2|1|1,8,0,-1,a0,
10,21|4|4|4|2|2|2|1,8,4,9830,silent,9826
10,21|4|4|3|3|3|1|1,8,0,-1,a0,
10,21|4|4|3|3|2|2|1,8,0,-1,a0,
10,21|4|4|3|2|2|2|2,8,3,5825,silent,5822
10,21|4|3|3|3|3|2|1,8,0,-1,a0,
10,21|4|3|3|3|2|2|2,8,0,-1,a0,
10,21|3|3|3|3|3|3|1,8,0,-1,a0,
10,21|3|3|3|3|3|2|2,8,0,-1,a0,
10,20|14|1|1|1|1|1|1,8,0,-1,a0,
10,20|13|2|1|1|1|1|1,8,0,-1,a0,
10,20|12|3|1|1|1|1|1,8,0,-1,a0,
10,20|12|2|2|1|1|1|1,8,0,-1,a0,
10,20|11|4|1|1|1|1|1,8,0,-1,a0,
10,20|11|3|2|1|1|1|1,8,0,-1,a0,
10,20|11|2|2|2|1|1|1,8,0,-1,a0,
10,20|10|5|1|1|1|1|1,8,0,-1,a0,
10,20|10|4|2|1|1|1|1,8,1,31039,silent,31038
10,20|10|3|3|1|1|1|1,8,1,19426,silent,19425
10,20|10|3|2|2|1|1|1,8,4,26642,silent,26638
10,20|10|2|2|2|2|1|1,8,3,6960,silent,6957
10,20|9|6|1|1|1|1|1,8,0,-1,a0,
10,20|9|5|2|1|1|1|1,8,2,50916,silent,50914
10,20|9|4|3|1|1|1|1,8,3,61357,silent,61354
10,20|9|4|2|2|1|1|1,8,8,66641,silent,66633
10,20|9|3|3|2|1|1|1,8,10,53868,silent,53858
10,20|9|3|2|2|2|1|1,8,16,35961,silent,35945
10,20|9|2|2|2|2|2|1,8,12,6506,silent,6494
10,20|8|7|1|1|1|1|1,8,0,-1,a0,
10,20|8|6|2|1|1|1|1,8,3,52431,silent,52428
10,20|8|5|3|1|1|1|1,8,7,95888,silent,95881
10,20|8|5|2|2|1|1|1,8,15,97441,silent,97426
10,20|8|4|4|1|1|1|1,8,2,54186,silent,54184
10,20|8|4|3|2|1|1|1,8,18,154102,silent,154084
10,20|8|4|2|2|2|1|1,8,25,80499,silent,80474
10,20|8|3|3|3|1|1|1,8,5,45407,silent,45402
10,20|8|3|3|2|2|1|1,8,19,72025,silent,72006
10,20|8|3|2|2|2|2|1,8,23,29273,silent,29250
10,20|8|2|2|2|2|2|2,8,12,3460,silent,3448
10,20|7|7|2|1|1|1|1,8,0,-1,a0,
10,20|7|6|3|1|1|1|1,8,5,77299,silent,77294
10,20|7|6|2|2|1|1|1,8,10,76057,silent,76047
10,20|7|5|4|1|1|1|1,8,6,88180,silent,88174
10,20|7|5|3|2|1|1|1,8,28,201143,silent,201115
10,20|7|5|2|2|2|1|1,8,33,97940,silent,97907
10,20|7|4|4|2|1|1|1,8,9,125710,silent,125701
10,20|7|4|3|3|1|1|1,8,10,121115,silent,121105
10,20|7|4|3|2|2|1|1,8,34,176904,silent,176870
10,20|7|4|2|2|2|2|1,8,34,56589,silent,56555
10,20|7|3|3|3|2|1|1,8,5,68789,silent,68784
10,20|7|3|3|2|2|2|1,8,12,52541,silent,52529
10,20|7|3|2|2|2|2|2,8,11,12430,silent,12419
10,20|6|6|4|1|1|1|1,8,4,45549,silent,45545
10,20|6|6|3|2|1|1|1,8,12,96098,silent,96086
10,20|6|6|2|2|2|1|1,8,8,44829,silent,44821
10,20|6|5|5|1|1|1|1,8,5,31742,silent,31737
10,20|6|5|4|2|1|1|1,8,18,154076,silent,154058
10,20|6|5|3|3|1|1|1,8,13,120709,silent,120696
10,20|6|5|3|2|2|1|1,8,32,172019,silent,171987
10,20|6|5|2|2|2|2|1,8,23,50628,silent,50605
10,20|6|4|4|3|1|1|1,8,5,102370,silent,102365
10,20|6|4|4|2|2|1|1,8,14,119598,silent,119584
10,20|6|4|3|3|2|1|1,8,12,148469,silent,148457
10,20|6|4|3|2|2|2|1,8,25,104833,silent,104808
10,20|6|4|2|2|2|2|2,8,19,19867,silent,19848
10,20|6|3|3|3|3|1|1,8,0,-1,a0,
10,20|6|3|3|3|2|2|1,8,1,46623,silent,46622
10,20|6|3|3|2|2|2|2,8,2,18491,silent,18489
10,20|5|5|5|2|1|1|1,8,8,32715,silent,32707
10,20|5|5|4|3|1|1|1,8,6,71950,silent,71944
10,20|5|5|4|2|2|1|1,8,16,83581,silent,83565
10,20|5|5|3|3|2|1|1,8,5,84388,silent,84383
10,20|5|5|3|2|2|2|1,8,11,58153,silent,58142
10,20|5|5|2|2|2|2|2,8,2,9649,silent,9647
10,20|5|4|4|4|1|1|1,8,0,-1,a0,
10,20|5|4|4|3|2|1|1,8,6,92833,silent,92827
10,20|5|4|4|2|2|2|1,8,13,52353,silent,52340
10,20|5|4|3|3|3|1|1,8,0,-1,a0,
10,20|5|4|3|3|2|2|1,8,4,71931,silent,71927
10,20|5|4|3|2|2|2|2,8,7,27109,silent,27102
10,20|5|3|3|3|3|2|1,8,0,-1,a0,
10,20|5|3|3|3|2|2|2,8,0,-1,a0,
10,20|4|4|4|4|2|1|1,8,0,-1,a0,
10,20|4|4|4|3|3|1|1,8,0,-1,a0,
10,20|4|4|4|3|2|2|1,8,2,24813,silent,24811
10,20|4|4|4|2|2|2|2,8,6,7945,silent,7939
10,20|4|4|3|3|3|2|1,8,0,-1,a0,
10,20|4|4|3|3|2|2|2,8,0,-1,a0,
10,20|4|3|3|3|3|3|1,8,0,-1,a0,
10,20|4|3|3|3|3|2|2,8,0,-1,a0,
10,20|3|3|3|3|3|3|2,8,0,-1,a0,
10,19|15|1|1|1|1|1|1,8,0,-1,a0,
10,19|14|2|1|1|1|1|1,8,0,-1,a0,
10,19|13|3|1|1|1|1|1,8,0,-1,a0,
10,19|13|2|2|1|1|1|1,8,0,-1,a0,
10,19|12|4|1|1|1|1|1,8,0,-1,a0,
10,19|12|3|2|1|1|1|1,8,0,-1,a0,
10,19|12|2|2|2|1|1|1,8,0,-1,a0,
10,19|11|5|1|1|1|1|1,8,0,-1,a0,
10,19|11|4|2|1|1|1|1,8,1,36234,silent,36233
10,19|11|3|3|1|1|1|1,8,3,22765,silent,22762
10,19|11|3|2|2|1|1|1,8,5,30923,silent,30918
10,19|11|2|2|2|2|1|1,8,6,8123,silent,8117
10,19|10|6|1|1|1|1|1,8,1,19094,silent,19093
10,19|10|5|2|1|1|1|1,8,5,68841,silent,68836
10,19|10|4|3|1|1|1|1,8,7,81578,silent,81571
10,19|10|4|2|2|1|1|1,8,13,88011,silent,87998
10,19|10|3|3|2|1|1|1,8,15,70532,silent,70517
10,19|10|3|2|2|2|1|1,8,22,46592,silent,46570
10,19|10|2|2|2|2|2|1,8,14,8290,silent,8276
10,19|9|7|1|1|1|1|1,8,0,-1,a0,
10,19|9|6|2|1|1|1|1,8,6,86372,silent,86366
10,19|9|5|3|1|1|1|1,8,16,151280,silent,151264
10,19|9|5|2|2|1|1|1,8,29,152732,silent,152703
10,19|9|4|4|1|1|1|1,8,4,83346,silent,83342
10,19|9|4|3|2|1|1|1,8,35,235354,silent,235319
10,19|9|4|2|2|2|1|1,8,44,122200,silent,122156
10,19|9|3|3|3|1|1|1,8,12,68237,silent,68225
10,19|9|3|3|2|2|1|1,8,27,107031,silent,107004
10,19|9|3|2|2|2|2|1,8,32,42958,silent,42926
10,19|9|2|2|2|2|2|2,8,11,4743,silent,4732
10,19|8|8|1|1|1|1|1,8,1,7497,silent,7496
10,19|8|7|2|1|1|1|1,8,5,62333,silent,62328
10,19|8|6|3|1|1|1|1,8,18,164169,silent,164151
10,19|8|6|2|2|1|1|1,8,24,159672,silent,159648
10,19|8|5|4|1|1|1|1,8,18,171469,silent,171451
10,19|8|5|3|2|1|1|1,8,61,383551,silent,383490
10,19|8|5|2|2|2|1|1,8,57,183763,silent,183706
10,19|8|4|4|2|1|1|1,8,22,231210,silent,231188
10,19|8|4|3|3|1|1|1,8,25,219818,silent,219793
10,19|8|4|3|2|2|1|1,8,64,318194,silent,318130
10,19|8|4|2|2|2|2|1,8,55,99978,silent,99923
10,19|8|3|3|3|2|1|1,8,12,120561,silent,120549
10,19|8|3|3|2|2|2|1,8,21,90876,silent,90855
10,19|8|3|2|2|2|2|2,8,17,21092,silent,21075
10,19|7|7|3|1|1|1|1,8,5,72087,silent,72082
10,19|7|7|2|2|1|1|1,8,14,70181,silent,70167
10,19|7|6|4|1|1|1|1,8,13,151616,silent,151603
10,19|7|6|3|2|1|1|1,8,45,314460,silent,314415
10,19|7|6|2|2|2|1|1,8,41,145616,silent,145575
10,19|7|5|5|1|1|1|1,8,13,85684,silent,85671
10,19|7|5|4|2|1|1|1,8,55,394052,silent,393997
10,19|7|5|3|3|1|1|1,8,33,301872,silent,301839
10,19|7|5|3|2|2|1|1,8,82,425810,silent,425728
10,19|7|5|2|2|2|2|1,8,48,122270,silent,122222
10,19|7|4|4|3|1|1|1,8,16,236787,silent,236771
10,19|7|4|4|2|2|1|1,8,43,275559,silent,275516
10,19|7|4|3|3|2|1|1,8,29,332218,silent,332189
10,19|7|4|3|2|2|2|1,8,52,231351,silent,231299
10,19|7|4|2|2|2|2|2,8,24,41698,silent,41674
10,19|7|3|3|3|3|1|1,8,1,60923,silent,60922
10,19|7|3|3|3|2|2|1,8,3,98214,silent,98211
10,19|7|3|3|2|2|2|2,8,6,38564,silent,38558
10,19|6|6|5|1|1|1|1,8,7,55351,silent,55344
10,19|6|6|4|2|1|1|1,8,20,203671,silent,203651
10,19|6|6|3|3|1|1|1,8,21,148378,silent,148357
10,19|6|6|3|2|2|1|1,8,33,205007,silent,204974
10,19|6|6|2|2|2|2|1,8,23,57505,silent,57482
10,19|6|5|5|2|1|1|1,8,29,150672,silent,150643
10,19|6|5|4|3|1|1|1,8,31,303535,silent,303504
10,19|6|5|4|2|2|1|1,8,52,344649,silent,344597
10,19|6|5|3|3|2|1|1,8,31,337968,silent,337937
10,19|6|5|3|2|2|2|1,8,41,227616,silent,227575
10,19|6|5|2|2|2|2|2,8,16,37485,silent,37469
10,19|6|4|4|4|1|1|1,8,2,85243,silent,85241
10,19|6|4|4|3|2|1|1,8,23,296327,silent,296304
10,19|6|4|4|2|2|2|1,8,35,163663,silent,163628
10,19|6|4|3|3|3|1|1,8,4,139484,silent,139480
10,19|6|4|3|3|2|2|1,8,12,216259,silent,216247
10,19|6|4|3|2|2|2|2,8,17,79490,silent,79473
10,19|6|3|3|3|3|2|1,8,0,-1,a0,
10,19|6|3|3|3|2|2|2,8,0,-1,a0,
10,19|5|5|5|3|1|1|1,8,11,70167,silent,70156
10,19|5|5|5|2|2|1|1,8,13,75571,silent,75558
10,19|5|5|4|4|1|1|1,8,9,65644,silent,65635
10,19|5|5|4|3|2|1|1,8,19,212315,silent,212296
10,19|5|5|4|2|2|2|1,8,15,113550,silent,113535
10,19|5|5|3|3|3|1|1,8,1,80764,silent,80763
10,19|5|5|3|3|2|2|1,8,8,125091,silent,125083
10,19|5|5|3|2|2|2|2,8,5,43874,silent,43869
10,19|5|4|4|4|2|1|1,8,6,83665,silent,83659
10,19|5|4|4|3|3|1|1,8,2,96746,silent,96744
10,19|5|4|4|3|2|2|1,8,13,140168,silent,140155
10,19|5|4|4|2|2|2|2,8,10,40959,silent,40949
10,19|5|4|3|3|3|2|1,8,0,-1,a0,
10,19|5|4|3|3|2|2|2,8,2,57465,silent,57463
10,19|5|3|3|3|3|3|1,8,0,-1,a0,
10,19|5|3|3|3|3|2|2,8,0,-1,a0,
10,19|4|4|4|4|3|1|1,8,0,-1,a0,
10,19|4|4|4|4|2|2|1,8,4,22479,silent,22475
10,19|4|4|4|3|3|2|1,8,0,-1,a0,
10,19|4|4|4|3|2|2|2,8,3,20417,silent,20414
10,19|4|4|3|3|3|3|1,8,0,-1,a0,
10,19|4|4|3|3|3|2|2,8,0,-1,a0,
10,19|4|3|3|3|3|3|2,8,0,-1,a0,
10,19|3|3|3|3|3|3|3,8,0,-1,a0,
10,18|16|1|1|1|1|1|1,8,0,-1,a0,
10,18|15|2|1|1|1|1|1,8,0,-1,a0,
10,18|14|3|1|1|1|1|1,8,0,-1,a0,
10,18|14|2|2|1|1|1|1,8,0,-1,a0,
10,18|13|4|1|1|1|1|1,8,0,-1,a0,
10,18|13|3|2|1|1|1|1,8,0,-1,a0,
10,18|13|2|2|2|1|1|1,8,0,-1,a0,
10,18|12|5|1|1|1|1|1,8,0,-1,a0,
10,18|12|4|2|1|1|1|1,8,2,37506,silent,37504
10,18|12|3|3|1|1|1|1,8,2,23300,silent,23298
10,18|12|3|2|2|1|1|1,8,7,31620,silent,31613
10,18|12|2|2|2|2|1|1,8,4,8137,silent,8133
10,18|11|6|1|1|1|1|1,8,1,22651,silent,22650
10,18|11|5|2|1|1|1|1,8,7,80383,silent,80376
10,18|11|4|3|1|1|1|1,8,10,94348,silent,94338
10,18|11|4|2|2|1|1|1,8,19,101528,silent,101509
10,18|11|3|3|2|1|1|1,8,20,80821,silent,80801
10,18|11|3|2|2|2|1|1,8,27,53110,silent,53083
10,18|11|2|2|2|2|2|1,8,15,9306,silent,9291
10,18|10|7|1|1|1|1|1,8,1,25620,silent,25619
10,18|10|6|2|1|1|1|1,8,14,118971,silent,118957
10,18|10|5|3|1|1|1|1,8,27,202532,silent,202505
10,18|10|5|2|2|1|1|1,8,43,203214,silent,203171
10,18|10|4|4|1|1|1|1,8,12,110493,silent,110481
10,18|10|4|3|2|1|1|1,8,54,308723,silent,308669
10,18|10|4|2|2|2|1|1,8,55,158729,silent,158674
10,18|10|3|3|3|1|1|1,8,15,88548,silent,88533
10,18|10|3|3|2|2|1|1,8,41,138345,silent,138304
10,18|10|3|2|2|2|2|1,8,38,54888,silent,54850
10,18|10|2|2|2|2|2|2,8,15,6048,silent,6033
10,18|9|8|1|1|1|1|1,8,1,17577,silent,17576
10,18|9|7|2|1|1|1|1,8,12,113247,silent,113235
10,18|9|6|3|1|1|1|1,8,35,270191,silent,270156
10,18|9|6|2|2|1|1|1,8,50,261936,silent,261886
10,18|9|5|4|1|1|1|1,8,33,270733,silent,270700
10,18|9|5|3|2|1|1|1,8,109,599454,silent,599345
10,18|9|5|2|2|2|1|1,8,92,285004,silent,284912
10,18|9|4|4|2|1|1|1,8,44,354685,silent,354641
10,18|9|4|3|3|1|1|1,8,43,333932,silent,333889
10,18|9|4|3|2|2|1|1,8,103,481262,silent,481159
10,18|9|4|2|2|2|2|1,8,73,149155,silent,149082
10,18|9|3|3|3|2|1|1,8,20,179240,silent,179220
10,18|9|3|3|2|2|2|1,8,30,134071,silent,134041
10,18|9|3|2|2|2|2|2,8,20,30442,silent,30422
10,18|8|8|2|1|1|1|1,8,8,47963,silent,47955
10,18|8|7|3|1|1|1|1,8,24,200732,silent,200708
10,18|8|7|2|2|1|1|1,8,37,192157,silent,192120
10,18|8|6|4|1|1|1|1,8,42,325440,silent,325398
10,18|8|6|3|2|1|1|1,8,106,663242,silent,663136
10,18|8|6|2|2|2|1|1,8,76,302894,silent,302818
10,18|8|5|5|1|1|1|1,8,27,170390,silent,170363
10,18|8|5|4|2|1|1|1,8,113,760917,silent,760804
10,18|8|5|3|3|1|1|1,8,73,576435,silent,576362
10,18|8|5|3|2|2|1|1,8,156,806335,silent,806179
10,18|8|5|2|2|2|2|1,8,83,228298,silent,228215
10,18|8|4|4|3|1|1|1,8,42,436133,silent,436091
10,18|8|4|4|2|2|1|1,8,74,503468,silent,503394
10,18|8|4|3|3|2|1|1,8,61,600128,silent,600067
10,18|8|4|3|2|2|2|1,8,86,413424,silent,413338
10,18|8|4|2|2|2|2|2,8,41,73380,silent,73339
10,18|8|3|3|3|3|1|1,8,2,106893,silent,106891
10,18|8|3|3|3|2|2|1,8,8,171032,silent,171024
10,18|8|3|3|2|2|2|2,8,7,66222,silent,66215
10,18|7|7|4|1|1|1|1,8,15,148643,silent,148628
10,18|7|7|3|2|1|1|1,8,47,296710,silent,296663
10,18|7|7|2|2|2|1|1,8,43,134750,silent,134707
10,18|7|6|5|1|1|1|1,8,24,194135,silent,194111
10,18|7|6|4|2|1|1|1,8,90,685045,silent,684955
10,18|7|6|3|3|1|1|1,8,58,486839,silent,486781
10,18|7|6|3|2|2|1|1,8,116,670240,silent,670124
10,18|7|6|2|2|2|2|1,8,59,183224,silent,183165
10,18|7|5|5|2|1|1|1,8,70,405115,silent,405045
10,18|7|5|4|3|1|1|1,8,85,781660,silent,781575
10,18|7|5|4|2|2|1|1,8,138,880392,silent,880254
10,18|7|5|3|3|2|1|1,8,78,844572,silent,844494
10,18|7|5|3|2|2|2|1,8,94,561781,silent,561687
10,18|7|5|2|2|2|2|2,8,25,89578,silent,89553
10,18|7|4|4|4|1|1|1,8,14,201461,silent,201447
10,18|7|4|4|3|2|1|1,8,60,686889,silent,686829
10,18|7|4|4|2|2|2|1,8,67,373895,silent,373828
10,18|7|4|3|3|3|1|1,8,9,314281,silent,314272
10,18|7|4|3|3|2|2|1,8,30,484584,silent,484554
10,18|7|4|3|2|2|2|2,8,29,174497,silent,174468
10,18|7|3|3|3|3|2|1,8,0,-1,a0,
10,18|7|3|3|3|2|2|2,8,1,77209,silent,77208
10,18|6|6|6|1|1|1|1,8,3,36945,silent,36942
10,18|6|6|5|2|1|1|1,8,33,262531,silent,262498
10,18|6|6|4|3|1|1|1,8,43,414576,silent,414533
10,18|6|6|4|2|2|1|1,8,55,458597,silent,458542
10,18|6|6|3|3|2|1|1,8,44,418463,silent,418419
10,18|6|6|3|2|2|2|1,8,44,273971,silent,273927
10,18|6|6|2|2|2|2|2,8,21,43451,silent,43430
10,18|6|5|5|3|1|1|1,8,46,330045,silent,329999
10,18|6|5|5|2|2|1|1,8,53,348287,silent,348234
10,18|6|5|4|4|1|1|1,8,26,284118,silent,284092
10,18|6|5|4|3|2|1|1,8,81,898412,silent,898331
10,18|6|5|4|2|2|2|1,8,64,472541,silent,472477
10,18|6|5|3|3|3|1|1,8,12,328575,silent,328563
10,18|6|5|3|3|2|2|1,8,29,500432,silent,500403
10,18|6|5|3|2|2|2|2,8,20,173128,silent,173108
10,18|6|4|4|4|2|1|1,8,18,276575,silent,276557
10,18|6|4|4|3|3|1|1,8,14,313385,silent,313371
10,18|6|4|4|3|2|2|1,8,36,449282,silent,449246
10,18|6|4|4|2|2|2|2,8,28,128387,silent,128359
10,18|6|4|3|3|3|2|1,8,2,270255,silent,270253
10,18|6|4|3|3|2|2|2,8,4,173020,silent,173016
10,18|6|3|3|3|3|3|1,8,0,-1,a0,
10,18|6|3|3|3|3|2|2,8,0,-1,a0,
10,18|5|5|5|4|1|1|1,8,15,84756,silent,84741
10,18|5|5|5|3|2|1|1,8,19,214272,silent,214253
10,18|5|5|5|2|2|2|1,8,7,104530,silent,104523
10,18|5|5|4|4|2|1|1,8,23,215960,silent,215937
10,18|5|5|4|3|3|1|1,8,8,227972,silent,227964
10,18|5|5|4|3|2|2|1,8,21,324992,silent,324971
10,18|5|5|4|2|2|2|2,8,5,87834,silent,87829
10,18|5|5|3|3|3|2|1,8,2,159623,silent,159621
10,18|5|5|3|3|2|2|2,8,5,101542,silent,101537
10,18|5|4|4|4|3|1|1,8,6,115821,silent,115815
10,18|5|4|4|4|2|2|1,8,14,134905,silent,134891
10,18|5|4|4|3|3|2|1,8,4,193386,silent,193382
10,18|5|4|4|3|2|2|2,8,8,115430,silent,115422
10,18|5|4|3|3|3|3|1,8,0,-1,a0,
10,18|5|4|3|3|3|2|2,8,0,-1,a0,
10,18|5|3|3|3|3|3|2,8,0,-1,a0,
10,18|4|4|4|4|4|1|1,8,0,-1,a0,
10,18|4|4|4|4|3|2|1,8,2,40052,silent,40050
10,18|4|4|4|4|2|2|2,8,6,19735,silent,19729
10,18|4|4|4|3|3|3|1,8,0,-1,a0,
10,18|4|4|4|3|3|2|2,8,0,-1,a0,
10,18|4|4|3|3|3|3|2,8,0,-1,a0,
10,18|4|3|3|3|3|3|3,8,0,-1,a0,
10,17|17|1|1|1|1|1|1,8,0,-1,a0,
10,17|16|2|1|1|1|1|1,8,0,-1,a0,
10,17|15|3|1|1|1|1|1,8,0,-1,a0,
10,17|15|2|2|1|1|1|1,8,0,-1,a0,
10,17|14|4|1|1|1|1|1,8,0,-1,a0,
10,17|14|3|2|1|1|1|1,8,0,-1,a0,
10,17|14|2|2|2|1|1|1,8,0,-1,a0,
10,17|13|5|1|1|1|1|1,8,0,-1,a0,
10,17|13|4|2|1|1|1|1,8,1,32849,silent,32848
10,17|13|3|3|1|1|1|1,8,4,20583,silent,20579
10,17|13|3|2|2|1|1|1,8,6,27727,silent,27721
10,17|13|2|2|2|2|1|1,8,6,7236,silent,7230
10,17|12|6|1|1|1|1|1,8,1,22959,silent,22958
10,17|12|5|2|1|1|1|1,8,9,80449,silent,80440
10,17|12|4|3|1|1|1|1,8,12,93787,silent,93775
10,17|12|4|2|2|1|1|1,8,21,100582,silent,100561
10,17|12|3|3|2|1|1|1,8,22,79801,silent,79779
10,17|12|3|2|2|2|1|1,8,27,52164,silent,52137
10,17|12|2|2|2|2|2|1,8,14,9072,silent,9058
10,17|11|7|1|1|1|1|1,8,2,30348,silent,30346
10,17|11|6|2|1|1|1|1,8,17,136903,silent,136886
10,17|11|5|3|1|1|1|1,8,37,230090,silent,230053
10,17|11|5|2|2|1|1|1,8,55,230200,silent,230145
10,17|11|4|4|1|1|1|1,8,11,124125,silent,124114
10,17|11|4|3|2|1|1|1,8,69,346386,silent,346317
10,17|11|4|2|2|2|1|1,8,69,177813,silent,177744
10,17|11|3|3|3|1|1|1,8,21,98769,silent,98748
10,17|11|3|3|2|2|1|1,8,43,153297,silent,153254
10,17|11|3|2|2|2|2|1,8,41,60488,silent,60447
10,17|11|2|2|2|2|2|2,8,10,6349,silent,6339
10,17|10|8|1|1|1|1|1,8,4,27621,silent,27617
10,17|10|7|2|1|1|1|1,8,23,160103,silent,160080
10,17|10|6|3|1|1|1|1,8,59,363251,silent,363192
10,17|10|6|2|2|1|1|1,8,72,350406,silent,350334
10,17|10|5|4|1|1|1|1,8,54,355738,silent,355684
10,17|10|5|3|2|1|1|1,8,154,781611,silent,781457
10,17|10|5|2|2|2|1|1,8,117,369053,silent,368936
10,17|10|4|4|2|1|1|1,8,65,457363,silent,457298
10,17|10|4|3|3|1|1|1,8,64,428481,silent,428417
10,17|10|4|3|2|2|1|1,8,135,614972,silent,614837
10,17|10|4|2|2|2|2|1,8,87,189034,silent,188947
10,17|10|3|3|3|2|1|1,8,28,226968,silent,226940
10,17|10|3|3|2|2|2|1,8,38,168685,silent,168647
10,17|10|3|2|2|2|2|2,8,23,37932,silent,37909
10,17|9|9|1|1|1|1|1,8,0,-1,a0,
10,17|9|8|2|1|1|1|1,8,17,111304,silent,111287
10,17|9|7|3|1|1|1|1,8,54,359053,silent,358999
10,17|9|7|2|2|1|1|1,8,75,342446,silent,342371
10,17|9|6|4|1|1|1|1,8,72,528979,silent,528907
10,17|9|6|3|2|1|1|1,8,189,1070137,silent,1069948
10,17|9|6|2|2|2|1|1,8,133,486502,silent,486369
10,17|9|5|5|1|1|1|1,8,49,268536,silent,268487
10,17|9|5|4|2|1|1|1,8,191,1177634,silent,1177443
10,17|9|5|3|3|1|1|1,8,123,885190,silent,885067
10,17|9|5|3|2|2|1|1,8,238,1232748,silent,1232510
10,17|9|5|2|2|2|2|1,8,112,345471,silent,345359
10,17|9|4|4|3|1|1|1,8,67,656932,silent,656865
10,17|9|4|4|2|2|1|1,8,127,757268,silent,757141
10,17|9|4|3|3|2|1|1,8,94,893029,silent,892935
10,17|9|4|3|2|2|2|1,8,119,611431,silent,611312
10,17|9|4|2|2|2|2|2,8,42,106069,silent,106027
10,17|9|3|3|3|3|1|1,8,6,156855,silent,156849
10,17|9|3|3|3|2|2|1,8,12,249289,silent,249277
10,17|9|3|3|2|2|2|2,8,13,96099,silent,96086
10,17|8|8|3|1|1|1|1,8,27,153594,silent,153567
10,17|8|8|2|2|1|1|1,8,25,144236,silent,144211
10,17|8|7|4|1|1|1|1,8,57,412521,silent,412464
10,17|8|7|3|2|1|1|1,8,135,807771,silent,807636
10,17|8|7|2|2|2|1|1,8,92,361098,silent,361006
10,17|8|6|5|1|1|1|1,8,62,420425,silent,420363
10,17|8|6|4|2|1|1|1,8,202,1443414,silent,1443212
10,17|8|6|3|3|1|1|1,8,134,1014622,silent,1014488
10,17|8|6|3|2|2|1|1,8,233,1387661,silent,1387428
10,17|8|6|2|2|2|2|1,8,109,374692,silent,374583
10,17|8|5|5|2|1|1|1,8,134,791514,silent,791380
10,17|8|5|4|3|1|1|1,8,175,1492515,silent,1492340
10,17|8|5|4|2|2|1|1,8,249,1669730,silent,1669481
10,17|8|5|3|3|2|1|1,8,157,1585217,silent,1585060
10,17|8|5|3|2|2|2|1,8,163,1045278,silent,1045115
10,17|8|5|2|2|2|2|2,8,45,164729,silent,164684
10,17|8|4|4|4|1|1|1,8,27,368733,silent,368706
10,17|8|4|4|3|2|1|1,8,114,1244473,silent,1244359
10,17|8|4|4|2|2|2|1,8,109,671696,silent,671587
10,17|8|4|3|3|3|1|1,8,22,561182,silent,561160
10,17|8|4|3|3|2|2|1,8,53,860392,silent,860339
10,17|8|4|3|2|2|2|2,8,44,306395,silent,306351
10,17|8|3|3|3|3|2|1,8,1,200968,silent,200967
10,17|8|3|3|3|2|2|2,8,1,132131,silent,132130
10,17|7|7|5|1|1|1|1,8,27,208450,silent,208423
10,17|7|7|4|2|1|1|1,8,101,671725,silent,671624
10,17|7|7|3|3|1|1|1,8,49,459224,silent,459175
10,17|7|7|3|2|2|1|1,8,107,626989,silent,626882
10,17|7|7|2|2|2|2|1,8,40,165909,silent,165869
10,17|7|6|6|1|1|1|1,8,13,140484,silent,140471
10,17|7|6|5|2|1|1|1,8,124,915030,silent,914906
10,17|7|6|4|3|1|1|1,8,145,1383143,silent,1382998
10,17|7|6|4|2|2|1|1,8,208,1524850,silent,1524642
10,17|7|6|3|3|2|1|1,8,125,1357509,silent,1357384
10,17|7|6|3|2|2|2|1,8,126,880156,silent,880030
10,17|7|6|2|2|2|2|2,8,32,133661,silent,133629
10,17|7|5|5|3|1|1|1,8,111,883447,silent,883336
10,17|7|5|5|2|2|1|1,8,125,923206,silent,923081
10,17|7|5|4|4|1|1|1,8,77,734535,silent,734458
10,17|7|5|4|3|2|1|1,8,204,2286510,silent,2286306
10,17|7|5|4|2|2|2|1,8,143,1189023,silent,1188880
10,17|7|5|3|3|3|1|1,8,30,816213,silent,816183
10,17|7|5|3|3|2|2|1,8,73,1235468,silent,1235395
10,17|7|5|3|2|2|2|2,8,42,421333,silent,421291
10,17|7|4|4|4|2|1|1,8,54,646910,silent,646856
10,17|7|4|4|3|3|1|1,8,29,720280,silent,720251
10,17|7|4|4|3|2|2|1,8,77,1028406,silent,1028329
10,17|7|4|4|2|2|2|2,8,38,286869,silent,286831
10,17|7|4|3|3|3|2|1,8,6,603615,silent,603609
10,17|7|4|3|3|2|2|2,8,12,383911,silent,383899
10,17|7|3|3|3|3|3|1,8,0,-1,a0,
10,17|7|3|3|3|3|2|2,8,0,-1,a0,
10,17|6|6|6|2|1|1|1,8,13,176236,silent,176223
10,17|6|6|5|3|1|1|1,8,64,587096,silent,587032
10,17|6|6|5|2|2|1|1,8,69,603425,silent,603356
10,17|6|6|4|4|1|1|1,8,27,403259,silent,403232
10,17|6|6|4|3|2|1|1,8,103,1223654,silent,1223551
10,17|6|6|4|2|2|2|1,8,79,628108,silent,628029
10,17|6|6|3|3|3|1|1,8,21,411189,silent,411168
10,17|6|6|3|3|2|2|1,8,33,615505,silent,615472
10,17|6|6|3|2|2|2|2,8,24,208197,silent,208173
10,17|6|5|5|4|1|1|1,8,52,404209,silent,404157
10,17|6|5|5|3|2|1|1,8,88,998821,silent,998733
10,17|6|5|5|2|2|2|1,8,39,479795,silent,479756
10,17|6|5|4|4|2|1|1,8,75,929672,silent,929597
10,17|6|5|4|3|3|1|1,8,46,968066,silent,968020
10,17|6|5|4|3|2|2|1,8,84,1364279,silent,1364195
10,17|6|5|4|2|2|2|2,8,32,365213,silent,365181
10,17|6|5|3|3|3|2|1,8,10,641580,silent,641570
10,17|6|5|3|3|2|2|2,8,11,401289,silent,401278
10,17|6|4|4|4|3|1|1,8,19,383848,silent,383829
10,17|6|4|4|4|2|2|1,8,40,443297,silent,443257
10,17|6|4|4|3|3|2|1,8,14,622905,silent,622891
10,17|6|4|4|3|2|2|2,8,21,367090,silent,367069
10,17|6|4|3|3|3|3|1,8,0,-1,a0,
10,17|6|4|3|3|3|2|2,8,0,-1,a0,
10,17|6|3|3|3|3|3|2,8,0,-1,a0,
10,17|5|5|5|5|1|1|1,8,6,48407,silent,48401
10,17|5|5|5|4|2|1|1,8,25,285421,silent,285396
10,17|5|5|5|3|3|1|1,8,11,241116,silent,241105
10,17|5|5|5|3|2|2|1,8,14,331862,silent,331848
10,17|5|5|5|2|2|2|2,8,1,80942,silent,80941
10,17|5|5|4|4|3|1|1,8,20,305079,silent,305059
10,17|5|5|4|4|2|2|1,8,19,346346,silent,346327
10,17|5|5|4|3|3|2|1,8,11,461080,silent,461069
10,17|5|5|4|3|2|2|2,8,9,267037,silent,267028
10,17|5|5|3|3|3|3|1,8,0,-1,a0,
10,17|5|5|3|3|3|2|2,8,1,144997,silent,144996
10,17|5|4|4|4|4|1|1,8,6,67935,silent,67929
10,17|5|4|4|4|3|2|1,8,13,245336,silent,245323
10,17|5|4|4|4|2|2|2,8,10,114909,silent,114899
10,17|5|4|4|3|3|3|1,8,0,-1,a0,
10,17|5|4|4|3|3|2|2,8,2,176693,silent,176691
10,17|5|4|3|3|3|3|2,8,0,-1,a0,
10,17|5|3|3|3|3|3|3,8,0,-1,a0,
10,17|4|4|4|4|4|2|1,8,4,25726,silent,25722
10,17|4|4|4|4|3|3|1,8,0,-1,a0,
10,17|4|4|4|4|3|2|2,8,3,38217,silent,38214
10,17|4|4|4|3|3|3|2,8,0,-1,a0,
10,17|4|4|3|3|3|3|3,8,0,-1,a0,
10,16|16|3|1|1|1|1|1,8,0,-1,a0,
10,16|16|2|2|1|1|1|1,8,0,-1,a0,
10,16|15|4|1|1|1|1|1,8,0,-1,a0,
10,16|15|3|2|1|1|1|1,8,0,-1,a0,
10,16|15|2|2|2|1|1|1,8,0,-1,a0,
10,16|14|5|1|1|1|1|1,8,0,-1,a0,
10,16|14|4|2|1|1|1|1,8,2,22846,silent,22844
10,16|14|3|3|1|1|1|1,8,1,14089,silent,14088
10,16|14|3|2|2|1|1|1,8,5,19079,silent,19074
10,16|14|2|2|2|2|1|1,8,2,4848,silent,4846
10,16|13|6|1|1|1|1|1,8,1,18848,silent,18847
10,16|13|5|2|1|1|1|1,8,8,65665,silent,65657
10,16|13|4|3|1|1|1|1,8,11,76264,silent,76253
10,16|13|4|2|2|1|1|1,8,19,81744,silent,81725
10,16|13|3|3|2|1|1|1,8,19,64667,silent,64648
10,16|13|3|2|2|2|1|1,8,23,42208,silent,42185
10,16|13|2|2|2|2|2|1,8,11,7289,silent,7278
10,16|12|7|1|1|1|1|1,8,2,29516,silent,29514
10,16|12|6|2|1|1|1|1,8,21,130667,silent,130646
10,16|12|5|3|1|1|1|1,8,37,216925,silent,216888
10,16|12|5|2|2|1|1|1,8,55,216454,silent,216399
10,16|12|4|4|1|1|1|1,8,18,116893,silent,116875
10,16|12|4|3|2|1|1|1,8,70,323981,silent,323911
10,16|12|4|2|2|2|1|1,8,60,165310,silent,165250
10,16|12|3|3|3|1|1|1,8,18,91939,silent,91921
10,16|12|3|3|2|2|1|1,8,47,142750,silent,142703
10,16|12|3|2|2|2|2|1,8,35,55966,silent,55931
10,16|12|2|2|2|2|2|2,8,13,5993,silent,5980
10,16|11|8|1|1|1|1|1,8,4,32734,silent,32730
10,16|11|7|2|1|1|1|1,8,29,181043,silent,181014
10,16|11|6|3|1|1|1|1,8,70,399962,silent,399892
10,16|11|6|2|2|1|1|1,8,89,385290,silent,385201
10,16|11|5|4|1|1|1|1,8,64,386555,silent,386491
10,16|11|5|3|2|1|1|1,8,179,845862,silent,845683
10,16|11|5|2|2|2|1|1,8,130,398155,silent,398025
10,16|11|4|4|2|1|1|1,8,78,491801,silent,491723
10,16|11|4|3|3|1|1|1,8,72,458926,silent,458854
10,16|11|4|3|2|2|1|1,8,149,657492,silent,657343
10,16|11|4|2|2|2|2|1,8,87,200885,silent,200798
10,16|11|3|3|3|2|1|1,8,31,241073,silent,241042
10,16|11|3|3|2|2|2|1,8,39,178573,silent,178534
10,16|11|3|2|2|2|2|2,8,21,39727,silent,39706
10,16|10|9|1|1|1|1|1,8,3,22004,silent,22001
10,16|10|8|2|1|1|1|1,8,33,167630,silent,167597
10,16|10|7|3|1|1|1|1,8,84,488320,silent,488236
10,16|10|7|2|2|1|1|1,8,105,463201,silent,463096
10,16|10|6|4|1|1|1|1,8,115,687562,silent,687447
10,16|10|6|3|2|1|1|1,8,259,1380681,silent,1380422
10,16|10|6|2|2|2|1|1,8,160,623678,silent,623518
10,16|10|5|5|1|1|1|1,8,61,342081,silent,342020
10,16|10|5|4|2|1|1|1,8,253,1485315,silent,1485062
10,16|10|5|3|3|1|1|1,8,164,1111761,silent,1111597
10,16|10|5|3|2|2|1|1,8,302,1543195,silent,1542893
10,16|10|5|2|2|2|2|1,8,133,429839,silent,429706
10,16|10|4|4|3|1|1|1,8,99,816361,silent,816262
10,16|10|4|4|2|2|1|1,8,146,937005,silent,936859
10,16|10|4|3|3|2|1|1,8,125,1101560,silent,1101435
10,16|10|4|3|2|2|2|1,8,140,750478,silent,750338
10,16|10|4|2|2|2|2|2,8,52,129611,silent,129559
10,16|10|3|3|3|3|1|1,8,6,191331,silent,191325
10,16|10|3|3|3|2|2|1,8,17,303363,silent,303346
10,16|10|3|3|2|2|2|2,8,11,115952,silent,115941
10,16|9|9|2|1|1|1|1,8,10,68399,silent,68389
10,16|9|8|3|1|1|1|1,8,62,347214,silent,347152
10,16|9|8|2|2|1|1|1,8,71,326461,silent,326390
10,16|9|7|4|1|1|1|1,8,109,719088,silent,718979
10,16|9|7|3|2|1|1|1,8,251,1396566,silent,1396315
10,16|9|7|2|2|2|1|1,8,159,621029,silent,620870
10,16|9|6|5|1|1|1|1,8,105,671864,silent,671759
10,16|9|6|4|2|1|1|1,8,344,2273086,silent,2272742
10,16|9|6|3|3|1|1|1,8,213,1585304,silent,1585091
10,16|9|6|3|2|2|1|1,8,365,2162398,silent,2162033
10,16|9|6|2|2|2|2|1,8,148,578454,silent,578306
10,16|9|5|5|2|1|1|1,8,205,1203528,silent,1203323
10,16|9|5|4|3|1|1|1,8,272,2238950,silent,2238678
10,16|9|5|4|2|2|1|1,8,375,2496669,silent,2496294
10,16|9|5|3|3|2|1|1,8,235,2352712,silent,2352477
10,16|9|5|3|2|2|2|1,8,223,1543367,silent,1543144
10,16|9|5|2|2|2|2|2,8,53,240050,silent,239997
10,16|9|4|4|4|1|1|1,8,49,541370,silent,541321
10,16|9|4|4|3|2|1|1,8,171,1814136,silent,1813965
10,16|9|4|4|2|2|2|1,8,144,973427,silent,973283
10,16|9|4|3|3|3|1|1,8,34,810306,silent,810272
10,16|9|4|3|3|2|2|1,8,78,1239042,silent,1238964
10,16|9|4|3|2|2|2|2,8,53,437451,silent,437398
10,16|9|3|3|3|3|2|1,8,2,284845,silent,284843
10,16|9|3|3|3|2|2|2,8,3,186618,silent,186615
10,16|8|8|4|1|1|1|1,8,55,314761,silent,314706
10,16|8|8|3|2|1|1|1,8,101,599715,silent,599614
10,16|8|8|2|2|2|1|1,8,51,262984,silent,262933
10,16|8|7|5|1|1|1|1,8,84,575578,silent,575494
10,16|8|7|4|2|1|1|1,8,264,1801640,silent,1801376
10,16|8|7|3|3|1|1|1,8,149,1221064,silent,1220915
10,16|8|7|3|2|2|1|1,8,263,1653585,silent,1653322
10,16|8|7|2|2|2|2|1,8,99,433770,silent,433671
10,16|8|6|6|1|1|1|1,8,42,310526,silent,310484
10,16|8|6|5|2|1|1|1,8,265,1923781,silent,1923516
10,16|8|6|4|3|1|1|1,8,317,2843345,silent,2843028
10,16|8|6|4|2|2|1|1,8,394,3116330,silent,3115936
10,16|8|6|3|3|2|1|1,8,261,2746805,silent,2746544
10,16|8|6|3|2|2|2|1,8,232,1767851,silent,1767619
10,16|8|6|2|2|2|2|2,8,63,265872,silent,265809
10,16|8|5|5|3|1|1|1,8,204,1684585,silent,1684381
10,16|8|5|5|2|2|1|1,8,232,1750895,silent,1750663
10,16|8|5|4|4|1|1|1,8,139,1374059,silent,1373920
10,16|8|5|4|3|2|1|1,8,374,4240461,silent,4240087
10,16|8|5|4|2|2|2|1,8,246,2190125,silent,2189879
10,16|8|5|3|3|3|1|1,8,62,1494195,silent,1494133
10,16|8|5|3|3|2|2|1,8,128,2250435,silent,2250307
10,16|8|5|3|2|2|2|2,8,66,761218,silent,761152
10,16|8|4|4|4|2|1|1,8,88,1150701,silent,1150613
10,16|8|4|4|3|3|1|1,8,64,1273649,silent,1273585
10,16|8|4|4|3|2|2|1,8,123,1810037,silent,1809914
10,16|8|4|4|2|2|2|2,8,65,500923,silent,500858
10,16|8|4|3|3|3|2|1,8,14,1047963,silent,1047949
10,16|8|4|3|3|2|2|2,8,16,661679,silent,661663
10,16|8|3|3|3|3|3|1,8,0,-1,a0,
10,16|8|3|3|3|3|2|2,8,0,-1,a0,
10,16|7|7|6|1|1|1|1,8,22,192350,silent,192328
10,16|7|7|5|2|1|1|1,8,133,968905,silent,968772
10,16|7|7|4|3|1|1|1,8,141,1340946,silent,1340805
10,16|7|7|4|2|2|1|1,8,198,1465299,silent,1465101
10,16|7|7|3|3|2|1|1,8,102,1255944,silent,1255842
10,16|7|7|3|2|2|2|1,8,96,802786,silent,802690
10,16|7|7|2|2|2|2|2,8,11,116748,silent,116737
10,16|7|6|6|2|1|1|1,8,69,663378,silent,663309
10,16|7|6|5|3|1|1|1,8,206,2006868,silent,2006662
10,16|7|6|5|2|2|1|1,8,232,2052667,silent,2052435
10,16|7|6|4|4|1|1|1,8,120,1335452,silent,1335332
10,16|7|6|4|3|2|1|1,8,324,3988749,silent,3988425
10,16|7|6|4|2|2|2|1,8,210,2025745,silent,2025535
10,16|7|6|3|3|3|1|1,8,54,1306612,silent,1306558
10,16|7|6|3|3|2|2|1,8,106,1951178,silent,1951072
10,16|7|6|3|2|2|2|2,8,55,648950,silent,648895
10,16|7|5|5|4|1|1|1,8,118,1070226,silent,1070108
10,16|7|5|5|3|2|1|1,8,210,2608450,silent,2608240
10,16|7|5|5|2|2|2|1,8,98,1241547,silent,1241449
10,16|7|5|4|4|2|1|1,8,188,2347573,silent,2347385
10,16|7|5|4|3|3|1|1,8,108,2415636,silent,2415528
10,16|7|5|4|3|2|2|1,8,193,3386914,silent,3386721
10,16|7|5|4|2|2|2|2,8,59,894130,silent,894071
10,16|7|5|3|3|3|2|1,8,25,1556789,silent,1556764
10,16|7|5|3|3|2|2|2,8,28,967168,silent,967140
10,16|7|4|4|4|3|1|1,8,48,879475,silent,879427
10,16|7|4|4|4|2|2|1,8,74,1008386,silent,1008312
10,16|7|4|4|3|3|2|1,8,33,1402622,silent,1402589
10,16|7|4|4|3|2|2|2,8,37,818996,silent,818959
10,16|7|4|3|3|3|3|1,8,0,-1,a0,
10,16|7|4|3|3|3|2|2,8,1,527874,silent,527873
10,16|7|3|3|3|3|3|2,8,0,-1,a0,
10,16|6|6|6|3|1|1|1,8,31,406708,silent,406677
10,16|6|6|6|2|2|1|1,8,31,401958,silent,401927
10,16|6|6|5|4|1|1|1,8,61,737643,silent,737582
10,16|6|6|5|3|2|1|1,8,134,1750033,silent,1749899
10,16|6|6|5|2|2|2|1,8,71,821831,silent,821760
10,16|6|6|4|4|2|1|1,8,81,1303421,silent,1303340
10,16|6|6|4|3|3|1|1,8,66,1315296,silent,1315230
10,16|6|6|4|3|2|2|1,8,103,1828749,silent,1828646
10,16|6|6|4|2|2|2|2,8,47,479279,silent,479232
10,16|6|6|3|3|3|2|1,8,13,787978,silent,787965
10,16|6|6|3|3|2|2|2,8,8,484314,silent,484306
10,16|6|5|5|5|1|1|1,8,30,238620,silent,238590
10,16|6|5|5|4|2|1|1,8,102,1336475,silent,1336373
10,16|6|5|5|3|3|1|1,8,51,1112166,silent,1112115
10,16|6|5|5|3|2|2|1,8,66,1514713,silent,1514647
10,16|6|5|5|2|2|2|2,8,10,366047,silent,366037
10,16|6|5|4|4|3|1|1,8,68,1300195,silent,1300127
10,16|6|5|4|4|2|2|1,8,84,1468350,silent,1468266
10,16|6|5|4|3|3|2|1,8,46,1916404,silent,1916358
10,16|6|5|4|3|2|2|2,8,35,1099089,silent,1099054
10,16|6|5|3|3|3|3|1,8,1,431590,silent,431589
10,16|6|5|3|3|3|2|2,8,3,569022,silent,569019
10,16|6|4|4|4|4|1|1,8,12,224350,silent,224338
10,16|6|4|4|4|3|2|1,8,35,799196,silent,799161
10,16|6|4|4|4|2|2|2,8,30,370667,silent,370637
10,16|6|4|4|3|3|3|1,8,2,436421,silent,436419
10,16|6|4|4|3|3|2|2,8,4,558656,silent,558652
10,16|6|4|3|3|3|3|2,8,0,-1,a0,
10,16|6|3|3|3|3|3|3,8,0,-1,a0,
10,16|5|5|5|5|2|1|1,8,9,169410,silent,169401
10,16|5|5|5|4|3|1|1,8,22,417799,silent,417777
10,16|5|5|5|4|2|2|1,8,14,458424,silent,458410
10,16|5|5|5|3|3|2|1,8,11,489078,silent,489067
10,16|5|5|5|3|2|2|2,8,5,271222,silent,271217
10,16|5|5|4|4|4|1|1,8,16,186924,silent,186908
10,16|5|5|4|4|3|2|1,8,22,640182,silent,640160
10,16|5|5|4|4|2|2|2,8,5,289077,silent,289072
10,16|5|5|4|3|3|3|1,8,2,327276,silent,327274
10,16|5|5|4|3|3|2|2,8,6,419764,silent,419758
10,16|5|5|3|3|3|3|2,8,0,-1,a0,
10,16|5|4|4|4|4|2|1,8,14,159486,silent,159472
10,16|5|4|4|4|3|3|1,8,4,191275,silent,191271
10,16|5|4|4|4|3|2|2,8,8,229834,silent,229826
10,16|5|4|4|3|3|3|2,8,0,-1,a0,
10,16|5|4|3|3|3|3|3,8,0,-1,a0,
10,16|4|4|4|4|4|3|1,8,2,26103,silent,26101
10,16|4|4|4|4|4|2|2,8,6,26447,silent,26441
10,16|4|4|4|4|3|3|2,8,0,-1,a0,
10,16|4|4|4|3|3|3|3,8,0,-1,a0,
10,15|15|5|1|1|1|1|1,8,0,-1,a0,
10,15|15|4|2|1|1|1|1,8,0,-1,a0,
10,15|15|3|3|1|1|1|1,8,2,5129,silent,5127
10,15|15|3|2|2|1|1|1,8,1,6822,silent,6821
10,15|15|2|2|2|2|1|1,8,3,1839,silent,1836
10,15|14|6|1|1|1|1|1,8,1,10707,silent,10706
10,15|14|5|2|1|1|1|1,8,5,37108,silent,37103
10,15|14|4|3|1|1|1|1,8,7,42987,silent,42980
10,15|14|4|2|2|1|1|1,8,11,46009,silent,45998
10,15|14|3|3|2|1|1|1,8,11,36366,silent,36355
10,15|14|3|2|2|2|1|1,8,13,23688,silent,23675
10,15|14|2|2|2|2|2|1,8,6,4084,silent,4078
10,15|13|7|1|1|1|1|1,8,2,21511,silent,21509
10,15|13|6|2|1|1|1|1,8,14,94310,silent,94296
10,15|13|5|3|1|1|1|1,8,31,156312,silent,156281
10,15|13|5|2|2|1|1|1,8,42,155828,silent,155786
10,15|13|4|4|1|1|1|1,8,9,83527,silent,83518
10,15|13|4|3|2|1|1|1,8,53,232334,silent,232281
10,15|13|4|2|2|2|1|1,8,50,118895,silent,118845
10,15|13|3|3|3|1|1|1,8,17,65864,silent,65847
10,15|13|3|3|2|2|1|1,8,28,101669,silent,101641
10,15|13|3|2|2|2|2|1,8,26,39886,silent,39860
10,15|13|2|2|2|2|2|2,8,4,4052,silent,4048
10,15|12|8|1|1|1|1|1,8,4,29825,silent,29821
10,15|12|7|2|1|1|1|1,8,29,160251,silent,160222
10,15|12|6|3|1|1|1|1,8,67,348390,silent,348323
10,15|12|6|2|2|1|1|1,8,80,334834,silent,334754
10,15|12|5|4|1|1|1|1,8,60,334032,silent,333972
10,15|12|5|3|2|1|1|1,8,161,728625,silent,728464
10,15|12|5|2|2|2|1|1,8,110,341986,silent,341876
10,15|12|4|4|2|1|1|1,8,71,421900,silent,421829
10,15|12|4|3|3|1|1|1,8,66,393020,silent,392954
10,15|12|4|3|2|2|1|1,8,129,562110,silent,561981
10,15|12|4|2|2|2|2|1,8,72,171232,silent,171160
10,15|12|3|3|3|2|1|1,8,28,205464,silent,205436
10,15|12|3|3|2|2|2|1,8,33,151803,silent,151770
10,15|12|3|2|2|2|2|2,8,17,33667,silent,33650
10,15|11|9|1|1|1|1|1,8,3,26823,silent,26820
10,15|11|8|2|1|1|1|1,8,36,185261,silent,185225
10,15|11|7|3|1|1|1|1,8,98,515702,silent,515604
10,15|11|7|2|2|1|1|1,8,118,488557,silent,488439
10,15|11|6|4|1|1|1|1,8,117,707762,silent,707645
10,15|11|6|3|2|1|1|1,8,279,1417983,silent,1417704
10,15|11|6|2|2|2|1|1,8,176,639869,silent,639693
10,15|11|5|5|1|1|1|1,8,72,349514,silent,349442
10,15|11|5|4|2|1|1|1,8,269,1505893,silent,1505624
10,15|11|5|3|3|1|1|1,8,173,1123705,silent,1123532
10,15|11|5|3|2|2|1|1,8,301,1556866,silent,1556565
10,15|11|5|2|2|2|2|1,8,125,431841,silent,431716
10,15|11|4|4|3|1|1|1,8,97,819426,silent,819329
10,15|11|4|4|2|2|1|1,8,164,941140,silent,940976
10,15|11|4|3|3|2|1|1,8,124,1100629,silent,1100505
10,15|11|4|3|2|2|2|1,8,134,748210,silent,748076
10,15|11|4|2|2|2|2|2,8,38,127563,silent,127525
10,15|11|3|3|3|3|1|1,8,10,190514,silent,190504
10,15|11|3|3|3|2|2|1,8,16,300894,silent,300878
10,15|11|3|3|2|2|2|2,8,15,115063,silent,115048
10,15|10|10|1|1|1|1|1,8,4,11188,silent,11184
10,15|10|9|2|1|1|1|1,8,26,127536,silent,127510
10,15|10|8|3|1|1|1|1,8,99,493335,silent,493236
10,15|10|8|2|2|1|1|1,8,101,461663,silent,461562
10,15|10|7|4|1|1|1|1,8,158,927742,silent,927584
10,15|10|7|3|2|1|1|1,8,331,1789777,silent,1789446
10,15|10|7|2|2|2|1|1,8,192,791549,silent,791357
10,15|10|6|5|1|1|1|1,8,141,831748,silent,831607
10,15|10|6|4|2|1|1|1,8,435,2785783,silent,2785348
10,15|10|6|3|3|1|1|1,8,273,1935037,silent,1934764
10,15|10|6|3|2|2|1|1,8,438,2632158,silent,2631720
10,15|10|6|2|2|2|2|1,8,169,700582,silent,700413
10,15|10|5|5|2|1|1|1,8,248,1448404,silent,1448156
10,15|10|5|4|3|1|1|1,8,337,2672800,silent,2672463
10,15|10|5|4|2|2|1|1,8,436,2972449,silent,2972013
10,15|10|5|3|3|2|1|1,8,285,2790597,silent,2790312
10,15|10|5|3|2|2|2|1,8,253,1824006,silent,1823753
10,15|10|5|2|2|2|2|2,8,59,282281,silent,282222
10,15|10|4|4|4|1|1|1,8,59,637773,silent,637714
10,15|10|4|4|3|2|1|1,8,203,2129072,silent,2128869
10,15|10|4|4|2|2|2|1,8,159,1138513,silent,1138354
10,15|10|4|3|3|3|1|1,8,44,946188,silent,946144
10,15|10|4|3|3|2|2|1,8,89,1443265,silent,1443176
10,15|10|4|3|2|2|2|2,8,57,507189,silent,507132
10,15|10|3|3|3|3|2|1,8,3,328817,silent,328814
10,15|10|3|3|3|2|2|2,8,3,214506,silent,214503
10,15|9|9|3|1|1|1|1,8,37,205375,silent,205338
10,15|9|9|2|2|1|1|1,8,48,192871,silent,192823
10,15|9|8|4|1|1|1|1,8,113,682403,silent,682290
10,15|9|8|3|2|1|1|1,8,231,1293734,silent,1293503
10,15|9|8|2|2|2|1|1,8,127,566652,silent,566525
10,15|9|7|5|1|1|1|1,8,155,970426,silent,970271
10,15|9|7|4|2|1|1|1,8,456,2992436,silent,2991980
10,15|9|7|3|3|1|1|1,8,255,2013443,silent,2013188
10,15|9|7|3|2|2|1|1,8,419,2719182,silent,2718763
10,15|9|7|2|2|2|2|1,8,143,707669,silent,707526
10,15|9|6|6|1|1|1|1,8,62,484468,silent,484406
10,15|9|6|5|2|1|1|1,8,414,2930538,silent,2930124
10,15|9|6|4|3|1|1|1,8,478,4272824,silent,4272346
10,15|9|6|4|2|2|1|1,8,606,4673714,silent,4673108
10,15|9|6|3|3|2|1|1,8,376,4086890,silent,4086514
10,15|9|6|3|2|2|2|1,8,315,2619507,silent,2619192
10,15|9|6|2|2|2|2|2,8,64,388216,silent,388152
10,15|9|5|5|3|1|1|1,8,298,2447225,silent,2446927
10,15|9|5|5|2|2|1|1,8,310,2533364,silent,2533054
10,15|9|5|4|4|1|1|1,8,205,1975282,silent,1975077
10,15|9|5|4|3|2|1|1,8,530,6060509,silent,6059979
10,15|9|5|4|2|2|2|1,8,322,3115899,silent,3115577
10,15|9|5|3|3|3|1|1,8,94,2118255,silent,2118161
10,15|9|5|3|3|2|2|1,8,178,3181886,silent,3181708
10,15|9|5|3|2|2|2|2,8,85,1070046,silent,1069961
10,15|9|4|4|4|2|1|1,8,134,1611004,silent,1610870
10,15|9|4|4|3|3|1|1,8,80,1771427,silent,1771347
10,15|9|4|4|3|2|2|1,8,166,2513555,silent,2513389
10,15|9|4|4|2|2|2|2,8,62,688543,silent,688481
10,15|9|4|3|3|3|2|1,8,22,1443689,silent,1443667
10,15|9|4|3|3|2|2|2,8,25,909084,silent,909059
10,15|9|3|3|3|3|3|1,8,0,-1,a0,
10,15|9|3|3|3|3|2|2,8,0,-1,a0,
10,15|8|8|5|1|1|1|1,8,73,441913,silent,441840
10,15|8|8|4|2|1|1|1,8,183,1317276,silent,1317093
10,15|8|8|3|3|1|1|1,8,117,878052,silent,877935
10,15|8|8|3|2|2|1|1,8,166,1177468,silent,1177302
10,15|8|8|2|2|2|2|1,8,63,304652,silent,304589
10,15|8|7|6|1|1|1|1,8,72,534686,silent,534614
10,15|8|7|5|2|1|1|1,8,342,2557123,silent,2556781
10,15|8|7|4|3|1|1|1,8,371,3462973,silent,3462602
10,15|8|7|4|2|2|1|1,8,452,3758883,silent,3758431
10,15|8|7|3|3|2|1|1,8,274,3195345,silent,3195071
10,15|8|7|3|2|2|2|1,8,224,2028353,silent,2028129
10,15|8|7|2|2|2|2|2,8,43,294450,silent,294407
10,15|8|6|6|2|1|1|1,8,152,1404078,silent,1403926
10,15|8|6|5|3|1|1|1,8,417,4060930,silent,4060513
10,15|8|6|5|2|2|1|1,8,441,4133262,silent,4132821
10,15|8|6|4|4|1|1|1,8,232,2652464,silent,2652232
10,15|8|6|4|3|2|1|1,8,620,7857032,silent,7856412
10,15|8|6|4|2|2|2|1,8,376,3966045,silent,3965669
10,15|8|6|3|3|3|1|1,8,113,2541349,silent,2541236
10,15|8|6|3|3|2|2|1,8,194,3779796,silent,3779602
10,15|8|6|3|2|2|2|2,8,94,1248101,silent,1248007
10,15|8|5|5|4|1|1|1,8,205,1972588,silent,1972383
10,15|8|5|5|3|2|1|1,8,370,4768285,silent,4767915
10,15|8|5|5|2|2|2|1,8,169,2255879,silent,2255710
10,15|8|5|4|4|2|1|1,8,313,4212360,silent,4212047
10,15|8|5|4|3|3|1|1,8,199,4309839,silent,4309640
10,15|8|5|4|3|2|2|1,8,321,6019589,silent,6019268
10,15|8|5|4|2|2|2|2,8,100,1578874,silent,1578774
10,15|8|5|3|3|3|2|1,8,46,2731511,silent,2731465
10,15|8|5|3|3|2|2|2,8,41,1687165,silent,1687124
10,15|8|4|4|4|3|1|1,8,78,1506049,silent,1505971
10,15|8|4|4|4|2|2|1,8,116,1721065,silent,1720949
10,15|8|4|4|3|3|2|1,8,57,2378858,silent,2378801
10,15|8|4|4|3|2|2|2,8,54,1381799,silent,1381745
10,15|8|4|3|3|3|3|1,8,1,665784,silent,665783
10,15|8|4|3|3|3|2|2,8,2,879019,silent,879017
10,15|8|3|3|3|3|3|2,8,0,-1,a0,
10,15|7|7|7|1|1|1|1,8,14,95443,silent,95429
10,15|7|7|6|2|1|1|1,8,106,887728,silent,887622
10,15|7|7|5|3|1|1|1,8,199,2076142,silent,2075943
10,15|7|7|5|2|2|1|1,8,221,2103760,silent,2103539
10,15|7|7|4|4|1|1|1,8,127,1284171,silent,1284044
10,15|7|7|4|3|2|1|1,8,281,3745189,silent,3744908
10,15|7|7|4|2|2|2|1,8,155,1874402,silent,1874247
10,15|7|7|3|3|3|1|1,8,41,1175265,silent,1175224
10,15|7|7|3|3|2|2|1,8,89,1746082,silent,1745993
10,15|7|7|3|2|2|2|2,8,34,569270,silent,569236
10,15|7|6|6|3|1|1|1,8,118,1480348,silent,1480230
10,15|7|6|6|2|2|1|1,8,134,1461226,silent,1461092
10,15|7|6|5|4|1|1|1,8,206,2465908,silent,2465702
10,15|7|6|5|3|2|1|1,8,401,5769860,silent,5769459
10,15|7|6|5|2|2|2|1,8,198,2685306,silent,2685108
10,15|7|6|4|4|2|1|1,8,283,4161668,silent,4161385
10,15|7|6|4|3|3|1|1,8,177,4141644,silent,4141467
10,15|7|6|4|3|2|2|1,8,288,5739181,silent,5738893
10,15|7|6|4|2|2|2|2,8,86,1478548,silent,1478462
10,15|7|6|3|3|3|2|1,8,41,2419284,silent,2419243
10,15|7|6|3|3|2|2|2,8,36,1480904,silent,1480868
10,15|7|5|5|5|1|1|1,8,58,624717,silent,624659
10,15|7|5|5|4|2|1|1,8,226,3412571,silent,3412345
10,15|7|5|5|3|3|1|1,8,123,2813600,silent,2813477
10,15|7|5|5|3|2|2|1,8,159,3811502,silent,3811343
10,15|7|5|5|2|2|2|2,8,32,913568,silent,913536
10,15|7|5|4|4|3|1|1,8,160,3177885,silent,3177725
10,15|7|5|4|4|2|2|1,8,176,3570524,silent,3570348
10,15|7|5|4|3|3|2|1,8,106,4612752,silent,4612646
10,15|7|5|4|3|2|2|2,8,73,2627175,silent,2627102
10,15|7|5|3|3|3|3|1,8,3,1013417,silent,1013414
10,15|7|5|3|3|3|2|2,8,7,1330910,silent,1330903
10,15|7|4|4|4|4|1|1,8,35,502200,silent,502165
10,15|7|4|4|4|3|2|1,8,68,1765052,silent,1764984
10,15|7|4|4|4|2|2|2,8,39,808833,silent,808794
10,15|7|4|4|3|3|3|1,8,4,950696,silent,950692
10,15|7|4|4|3|3|2|2,8,13,1215982,silent,1215969
10,15|7|4|3|3|3|3|2,8,0,-1,a0,
10,15|7|3|3|3|3|3|3,8,0,-1,a0,
10,15|6|6|6|4|1|1|1,8,26,547223,silent,547197
10,15|6|6|6|3|2|1|1,8,71,1191381,silent,1191310
10,15|6|6|6|2|2|2|1,8,44,537550,silent,537506
10,15|6|6|5|5|1|1|1,8,40,467786,silent,467746
10,15|6|6|5|4|2|1|1,8,138,2379249,silent,2379111
10,15|6|6|5|3|3|1|1,8,84,1920205,silent,1920121
10,15|6|6|5|3|2|2|1,8,112,2580415,silent,2580303
10,15|6|6|5|2|2|2|2,8,31,612619,silent,612588
10,15|6|6|4|4|3|1|1,8,75,1794740,silent,1794665
10,15|6|6|4|4|2|2|1,8,106,2007069,silent,2006963
10,15|6|6|4|3|3|2|1,8,56,2529926,silent,2529870
10,15|6|6|4|3|2|2|2,8,43,1431127,silent,1431084
10,15|6|6|3|3|3|3|1,8,3,520098,silent,520095
10,15|6|6|3|3|3|2|2,8,2,676840,silent,676838
10,15|6|5|5|5|2|1|1,8,48,808497,silent,808449
10,15|6|5|5|4|3|1|1,8,87,1909608,silent,1909521
10,15|6|5|5|4|2|2|1,8,71,2081600,silent,2081529
10,15|6|5|5|3|3|2|1,8,48,2180029,silent,2179981
10,15|6|5|5|3|2|2|2,8,20,1197390,silent,1197370
10,15|6|5|4|4|4|1|1,8,41,780313,silent,780272
10,15|6|5|4|4|3|2|1,8,84,2649478,silent,2649394
10,15|6|5|4|4|2|2|2,8,38,1191303,silent,1191265
10,15|6|5|4|3|3|3|1,8,10,1325876,silent,1325866
10,15|6|5|4|3|3|2|2,8,16,1685522,silent,1685506
10,15|6|5|3|3|3|3|2,8,0,-1,a0,
10,15|6|4|4|4|4|2|1,8,34,511653,silent,511619
10,15|6|4|4|4|3|3|1,8,10,607142,silent,607132
10,15|6|4|4|4|3|2|2,8,21,725955,silent,725934
10,15|6|4|4|3|3|3|2,8,0,-1,a0,
10,15|6|4|3|3|3|3|3,8,0,-1,a0,
10,15|5|5|5|5|3|1|1,8,10,268375,silent,268365
10,15|5|5|5|5|2|2|1,8,6,274362,silent,274356
10,15|5|5|5|4|4|1|1,8,14,276279,silent,276265
10,15|5|5|5|4|3|2|1,8,18,868872,silent,868854
10,15|5|5|5|4|2|2|2,8,2,376566,silent,376564
10,15|5|5|5|3|3|3|1,8,3,348138,silent,348135
10,15|5|5|5|3|3|2|2,8,4,438754,silent,438750
10,15|5|5|4|4|4|2|1,8,17,425812,silent,425795
10,15|5|5|4|4|3|3|1,8,10,495132,silent,495122
10,15|5|5|4|4|3|2|2,8,9,585754,silent,585745
10,15|5|5|4|3|3|3|2,8,1,387059,silent,387058
10,15|5|5|3|3|3|3|3,8,0,-1,a0,
10,15|5|4|4|4|4|3|1,8,11,160630,silent,160619
10,15|5|4|4|4|4|2|2,8,10,155533,silent,155523
10,15|5|4|4|4|3|3|2,8,2,232742,silent,232740
10,15|5|4|4|3|3|3|3,8,0,-1,a0,
10,15|4|4|4|4|4|4|1,8,4,11320,silent,11316
10,15|4|4|4|4|4|3|2,8,3,34317,silent,34314
10,15|4|4|4|4|3|3|3,8,0,-1,a0,
10,14|14|7|1|1|1|1|1,8,1,7979,silent,7978
10,14|14|6|2|1|1|1|1,8,8,34818,silent,34810
10,14|14|5|3|1|1|1|1,8,10,57033,silent,57023
10,14|14|5|2|2|1|1|1,8,15,56799,silent,56784
10,14|14|4|4|1|1|1|1,8,8,30825,silent,30817
10,14|14|4|3|2|1|1|1,8,20,84639,silent,84619
10,14|14|4|2|2|2|1|1,8,13,42844,silent,42831
10,14|14|3|3|3|1|1|1,8,3,23877,silent,23874
10,14|14|3|3|2|2|1|1,8,15,37245,silent,37230
10,14|14|3|2|2|2|2|1,8,9,14502,silent,14493
10,14|14|2|2|2|2|2|2,8,5,1622,silent,1617
10,14|13|8|1|1|1|1|1,8,3,17799,silent,17796
10,14|13|7|2|1|1|1|1,8,18,94522,silent,94504
10,14|13|6|3|1|1|1|1,8,41,203894,silent,203853
10,14|13|6|2|2|1|1|1,8,49,195946,silent,195897
10,14|13|5|4|1|1|1|1,8,36,194677,silent,194641
10,14|13|5|3|2|1|1|1,8,96,424149,silent,424053
10,14|13|5|2|2|2|1|1,8,66,198950,silent,198884
10,14|13|4|4|2|1|1|1,8,43,245095,silent,245052
10,14|13|4|3|3|1|1|1,8,39,227975,silent,227936
10,14|13|4|3|2|2|1|1,8,76,325963,silent,325887
10,14|13|4|2|2|2|2|1,8,40,99102,silent,99062
10,14|13|3|3|3|2|1|1,8,16,118868,silent,118852
10,14|13|3|3|2|2|2|1,8,19,87762,silent,87743
10,14|13|3|2|2|2|2|2,8,9,19379,silent,19370
10,14|12|9|1|1|1|1|1,8,4,22368,silent,22364
10,14|12|8|2|1|1|1|1,8,33,146957,silent,146924
10,14|12|7|3|1|1|1|1,8,77,398084,silent,398007
10,14|12|7|2|2|1|1|1,8,92,376129,silent,376037
10,14|12|6|4|1|1|1|1,8,103,539774,silent,539671
10,14|12|6|3|2|1|1|1,8,217,1076971,silent,1076754
10,14|12|6|2|2|2|1|1,8,122,484051,silent,483929
10,14|12|5|5|1|1|1|1,8,49,264157,silent,264108
10,14|12|5|4|2|1|1|1,8,205,1135354,silent,1135149
10,14|12|5|3|3|1|1|1,8,132,845950,silent,845818
10,14|12|5|3|2|2|1|1,8,233,1170858,silent,1170625
10,14|12|5|2|2|2|2|1,8,92,324078,silent,323986
10,14|12|4|4|3|1|1|1,8,84,615015,silent,614931
10,14|12|4|4|2|2|1|1,8,108,703826,silent,703718
10,14|12|4|3|3|2|1|1,8,98,823887,silent,823789
10,14|12|4|3|2|2|2|1,8,98,558845,silent,558747
10,14|12|4|2|2|2|2|2,8,35,95719,silent,95684
10,14|12|3|3|3|3|1|1,8,4,141738,silent,141734
10,14|12|3|3|3|2|2|1,8,14,224119,silent,224105
10,14|12|3|3|2|2|2|2,8,6,85114,silent,85108
10,14|11|10|1|1|1|1|1,8,3,15826,silent,15823
10,14|11|9|2|1|1|1|1,8,29,140596,silent,140567
10,14|11|8|3|1|1|1|1,8,101,494165,silent,494064
10,14|11|8|2|2|1|1|1,8,108,462246,silent,462138
10,14|11|7|4|1|1|1|1,8,156,888858,silent,888702
10,14|11|7|3|2|1|1|1,8,325,1709406,silent,1709081
10,14|11|7|2|2|2|1|1,8,185,754518,silent,754333
10,14|11|6|5|1|1|1|1,8,136,780362,silent,780226
10,14|11|6|4|2|1|1|1,8,419,2599470,silent,2599051
10,14|11|6|3|3|1|1|1,8,254,1800089,silent,1799835
10,14|11|6|3|2|2|1|1,8,407,2446156,silent,2445749
10,14|11|6|2|2|2|2|1,8,147,648676,silent,648529
10,14|11|5|5|2|1|1|1,8,230,1337800,silent,1337570
10,14|11|5|4|3|1|1|1,8,314,2456542,silent,2456228
10,14|11|5|4|2|2|1|1,8,401,2728695,silent,2728294
10,14|11|5|3|3|2|1|1,8,260,2554433,silent,2554173
10,14|11|5|3|2|2|2|1,8,222,1666408,silent,1666186
10,14|11|5|2|2|2|2|2,8,46,256458,silent,256412
10,14|11|4|4|4|1|1|1,8,57,582012,silent,581955
10,14|11|4|4|3|2|1|1,8,187,1937673,silent,1937486
10,14|11|4|4|2|2|2|1,8,137,1033800,silent,1033663
10,14|11|4|3|3|3|1|1,8,40,858110,silent,858070
10,14|11|4|3|3|2|2|1,8,81,1307718,silent,1307637
10,14|11|4|3|2|2|2|2,8,47,458003,silent,457956
10,14|11|3|3|3|3|2|1,8,4,296338,silent,296334
10,14|11|3|3|3|2|2|2,8,3,193101,silent,193098
10,14|10|10|2|1|1|1|1,8,16,59250,silent,59234
10,14|10|9|3|1|1|1|1,8,72,351973,silent,351901
10,14|10|9|2|2|1|1|1,8,75,327785,silent,327710
10,14|10|8|4|1|1|1|1,8,167,898761,silent,898594
10,14|10|8|3|2|1|1|1,8,305,1692128,silent,1691823
10,14|10|8|2|2|2|1|1,8,150,736846,silent,736696
10,14|10|7|5|1|1|1|1,8,189,1165745,silent,1165556
10,14|10|7|4|2|1|1|1,8,544,3559513,silent,3558969
10,14|10|7|3|3|1|1|1,8,310,2386457,silent,2386147
10,14|10|7|3|2|2|1|1,8,487,3213990,silent,3213503
10,14|10|7|2|2|2|2|1,8,160,833074,silent,832914
10,14|10|6|6|1|1|1|1,8,87,563524,silent,563437
10,14|10|6|5|2|1|1|1,8,476,3350070,silent,3349594
10,14|10|6|4|3|1|1|1,8,561,4846971,silent,4846410
10,14|10|6|4|2|2|1|1,8,649,5287155,silent,5286506
10,14|10|6|3|3|2|1|1,8,431,4608677,silent,4608246
10,14|10|6|3|2|2|2|1,8,338,2944668,silent,2944330
10,14|10|6|2|2|2|2|2,8,77,435477,silent,435400
10,14|10|5|5|3|1|1|1,8,323,2726472,silent,2726149
10,14|10|5|5|2|2|1|1,8,352,2817783,silent,2817431
10,14|10|5|4|4|1|1|1,8,224,2186777,silent,2186553
10,14|10|5|4|3|2|1|1,8,578,6687129,silent,6686551
10,14|10|5|4|2|2|2|1,8,340,3428708,silent,3428368
10,14|10|5|3|3|3|1|1,8,104,2326170,silent,2326066
10,14|10|5|3|3|2|2|1,8,190,3487625,silent,3487435
10,14|10|5|3|2|2|2|2,8,83,1168639,silent,1168556
10,14|10|4|4|4|2|1|1,8,132,1754213,silent,1754081
10,14|10|4|4|3|3|1|1,8,101,1926784,silent,1926683
10,14|10|4|4|3|2|2|1,8,169,2727441,silent,2727272
10,14|10|4|4|2|2|2|2,8,74,745981,silent,745907
10,14|10|4|3|3|3|2|1,8,25,1559311,silent,1559286
10,14|10|4|3|3|2|2|2,8,22,978378,silent,978356
10,14|10|3|3|3|3|3|1,8,0,-1,a0,
10,14|10|3|3|3|3|2|2,8,1,249251,silent,249250
10,14|9|9|4|1|1|1|1,8,61,383342,silent,383281
10,14|9|9|3|2|1|1|1,8,131,719012,silent,718881
10,14|9|9|2|2|2|1|1,8,74,313327,silent,313253
10,14|9|8|5|1|1|1|1,8,148,909714,silent,909566
10,14|9|8|4|2|1|1|1,8,391,2677556,silent,2677165
10,14|9|8|3|3|1|1|1,8,224,1769868,silent,1769644
10,14|9|8|3|2|2|1|1,8,333,2371494,silent,2371161
10,14|9|8|2|2|2|2|1,8,106,608171,silent,608065
10,14|9|7|6|1|1|1|1,8,122,865171,silent,865049
10,14|9|7|5|2|1|1|1,8,542,4032417,silent,4031875
10,14|9|7|4|3|1|1|1,8,578,5389649,silent,5389071
10,14|9|7|4|2|2|1|1,8,690,5835613,silent,5834923
10,14|9|7|3|3|2|1|1,8,411,4926143,silent,4925732
10,14|9|7|3|2|2|2|1,8,314,3115041,silent,3114727
10,14|9|7|2|2|2|2|2,8,50,447475,silent,447425
10,14|9|6|6|2|1|1|1,8,234,2056637,silent,2056403
10,14|9|6|5|3|1|1|1,8,588,5801696,silent,5801108
10,14|9|6|5|2|2|1|1,8,611,5890220,silent,5889609
10,14|9|6|4|4|1|1|1,8,340,3752417,silent,3752077
10,14|9|6|4|3|2|1|1,8,854,11052635,silent,11051781
10,14|9|6|4|2|2|2|1,8,481,5556235,silent,5555754
10,14|9|6|3|3|3|1|1,8,154,3545256,silent,3545102
10,14|9|6|3|3|2|2|1,8,263,5264097,silent,5263834
10,14|9|6|3|2|2|2|2,8,112,1728032,silent,1727920
10,14|9|5|5|4|1|1|1,8,266,2696095,silent,2695829
10,14|9|5|5|3|2|1|1,8,484,6483518,silent,6483034
10,14|9|5|5|2|2|2|1,8,216,3056077,silent,3055861
10,14|9|5|4|4|2|1|1,8,415,5671123,silent,5670708
10,14|9|5|4|3|3|1|1,8,262,5777765,silent,5777503
10,14|9|5|4|3|2|2|1,8,408,8052900,silent,8052492
10,14|9|5|4|2|2|2|2,8,113,2100514,silent,2100401
10,14|9|5|3|3|3|2|1,8,65,3626637,silent,3626572
10,14|9|5|3|3|2|2|2,8,53,2233716,silent,2233663
10,14|9|4|4|4|3|1|1,8,103,1976918,silent,1976815
10,14|9|4|4|4|2|2|1,8,137,2252939,silent,2252802
10,14|9|4|4|3|3|2|1,8,74,3103307,silent,3103233
10,14|9|4|4|3|2|2|2,8,62,1795877,silent,1795815
10,14|9|4|3|3|3|3|1,8,2,860833,silent,860831
10,14|9|4|3|3|3|2|2,8,4,1135071,silent,1135067
10,14|9|3|3|3|3|3|2,8,0,-1,a0,
10,14|8|8|6|1|1|1|1,8,67,429248,silent,429181
10,14|8|8|5|2|1|1|1,8,234,1855585,silent,1855351
10,14|8|8|4|3|1|1|1,8,257,2413595,silent,2413338
10,14|8|8|4|2|2|1|1,8,267,2597126,silent,2596859
10,14|8|8|3|3|2|1|1,8,187,2172439,silent,2172252
10,14|8|8|3|2|2|2|1,8,135,1366338,silent,1366203
10,14|8|8|2|2|2|2|2,8,35,196808,silent,196773
10,14|8|7|7|1|1|1|1,8,33,276337,silent,276304
10,14|8|7|6|2|1|1|1,8,263,2319967,silent,2319704
10,14|8|7|5|3|1|1|1,8,488,5192915,silent,5192427
10,14|8|7|5|2|2|1|1,8,513,5232918,silent,5232405
10,14|8|7|4|4|1|1|1,8,278,3150001,silent,3149723
10,14|8|7|4|3|2|1|1,8,658,9119171,silent,9118513
10,14|8|7|4|2|2|2|1,8,356,4539734,silent,4539378
10,14|8|7|3|3|3|1|1,8,112,2829126,silent,2829014
10,14|8|7|3|3|2|2|1,8,197,4182829,silent,4182632
10,14|8|7|3|2|2|2|2,8,77,1357625,silent,1357548
10,14|8|6|6|3|1|1|1,8,247,2970095,silent,2969848
10,14|8|6|6|2|2|1|1,8,237,2916670,silent,2916433
10,14|8|6|5|4|1|1|1,8,384,4749022,silent,4748638
10,14|8|6|5|3|2|1|1,8,736,11022931,silent,11022195
10,14|8|6|5|2|2|2|1,8,346,5101214,silent,5100868
10,14|8|6|4|4|2|1|1,8,483,7805688,silent,7805205
10,14|8|6|4|3|3|1|1,8,338,7724906,silent,7724568
10,14|8|6|4|3|2|2|1,8,495,10667730,silent,10667235
10,14|8|6|4|2|2|2|2,8,157,2732580,silent,2732423
10,14|8|6|3|3|3|2|1,8,77,4440853,silent,4440776
10,14|8|6|3|3|2|2|2,8,53,2704642,silent,2704589
10,14|8|5|5|5|1|1|1,8,96,1104428,silent,1104332
10,14|8|5|5|4|2|1|1,8,375,5943997,silent,5943622
10,14|8|5|5|3|3|1|1,8,197,4870845,silent,4870648
10,14|8|5|5|3|2|2|1,8,262,6577320,silent,6577058
10,14|8|5|5|2|2|2|2,8,45,1566387,silent,1566342
10,14|8|5|4|4|3|1|1,8,253,5402677,silent,5402424
10,14|8|5|4|4|2|2|1,8,281,6053569,silent,6053288
10,14|8|5|4|3|3|2|1,8,172,7772313,silent,7772141
10,14|8|5|4|3|2|2|2,8,112,4407978,silent,4407866
10,14|8|5|3|3|3|3|1,8,6,1684533,silent,1684527
10,14|8|5|3|3|3|2|2,8,12,2204362,silent,2204350
10,14|8|4|4|4|4|1|1,8,40,816298,silent,816258
10,14|8|4|4|4|3|2|1,8,101,2857372,silent,2857271
10,14|8|4|4|4|2|2|2,8,63,1305214,silent,1305151
10,14|8|4|4|3|3|3|1,8,11,1527934,silent,1527923
10,14|8|4|4|3|3|2|2,8,15,1947653,silent,1947638
10,14|8|4|3|3|3|3|2,8,0,-1,a0,
10,14|8|3|3|3|3|3|3,8,0,-1,a0,
10,14|7|7|7|2|1|1|1,8,51,426259,silent,426208
10,14|7|7|6|3|1|1|1,8,155,1907884,silent,1907729
10,14|7|7|6|2|2|1|1,8,167,1868241,silent,1868074
10,14|7|7|5|4|1|1|1,8,199,2492994,silent,2492795
10,14|7|7|5|3|2|1|1,8,353,5702915,silent,5702562
10,14|7|7|5|2|2|2|1,8,159,2618217,silent,2618058
10,14|7|7|4|4|2|1|1,8,251,3821809,silent,3821558
10,14|7|7|4|3|3|1|1,8,140,3728193,silent,3728053
10,14|7|7|4|3|2|2|1,8,221,5135290,silent,5135069
10,14|7|7|4|2|2|2|2,8,44,1297616,silent,1297572
10,14|7|7|3|3|3|2|1,8,35,2078946,silent,2078911
10,14|7|7|3|3|2|2|2,8,33,1263067,silent,1263034
10,14|7|6|6|4|1|1|1,8,119,1923440,silent,1923321
10,14|7|6|6|3|2|1|1,8,236,4129337,silent,4129101
10,14|7|6|6|2|2|2|1,8,118,1845355,silent,1845237
10,14|7|6|5|5|1|1|1,8,106,1521543,silent,1521437
10,14|7|6|5|4|2|1|1,8,413,7565932,silent,7565519
10,14|7|6|5|3|3|1|1,8,232,6036578,silent,6036346
10,14|7|6|5|3|2|2|1,8,313,8083369,silent,8083056
10,14|7|6|5|2|2|2|2,8,71,1895082,silent,1895011
10,14|7|6|4|4|3|1|1,8,231,5462358,silent,5462127
10,14|7|6|4|4|2|2|1,8,260,6074127,silent,6073867
10,14|7|6|4|3|3|2|1,8,161,7583608,silent,7583447
10,14|7|6|4|3|2|2|2,8,103,4261289,silent,4261186
10,14|7|6|3|3|3|3|1,8,6,1519918,silent,1519912
10,14|7|6|3|3|3|2|2,8,10,1978126,silent,1978116
10,14|7|5|5|5|2|1|1,8,98,2014009,silent,2013911
10,14|7|5|5|4|3|1|1,8,189,4657536,silent,4657347
10,14|7|5|5|4|2|2|1,8,165,5056102,silent,5055937
10,14|7|5|5|3|3|2|1,8,106,5241142,silent,5241036
10,14|7|5|5|3|2|2|2,8,49,2863280,silent,2863231
10,14|7|5|4|4|4|1|1,8,95,1829903,silent,1829808
10,14|7|5|4|4|3|2|1,8,174,6158602,silent,6158428
10,14|7|5|4|4|2|2|2,8,66,2750004,silent,2749938
10,14|7|5|4|3|3|3|1,8,22,3043557,silent,3043535
10,14|7|5|4|3|3|2|2,8,37,3857611,silent,3857574
10,14|7|5|3|3|3|3|2,8,0,-1,a0,
10,14|7|4|4|4|4|2|1,8,56,1084509,silent,1084453
10,14|7|4|4|4|3|3|1,8,22,1280589,silent,1280567
10,14|7|4|4|4|3|2|2,8,34,1523825,silent,1523791
10,14|7|4|4|3|3|3|2,8,1,1057048,silent,1057047
10,14|7|4|3|3|3|3|3,8,0,-1,a0,
10,14|6|6|6|5|1|1|1,8,18,435229,silent,435211
10,14|6|6|6|4|2|1|1,8,69,1715722,silent,1715653
10,14|6|6|6|3|3|1|1,8,49,1288703,silent,1288654
10,14|6|6|6|3|2|2|1,8,69,1698455,silent,1698386
10,14|6|6|6|2|2|2|2,8,28,388031,silent,388003
10,14|6|6|5|5|2|1|1,8,75,1525395,silent,1525320
10,14|6|6|5|4|3|1|1,8,119,3303777,silent,3303658
10,14|6|6|5|4|2|2|1,8,125,3565319,silent,3565194
10,14|6|6|5|3|3|2|1,8,72,3607632,silent,3607560
10,14|6|6|5|3|2|2|2,8,37,1956304,silent,1956267
10,14|6|6|4|4|4|1|1,8,35,1056283,silent,1056248
10,14|6|6|4|4|3|2|1,8,96,3517842,silent,3517746
10,14|6|6|4|4|2|2|2,8,58,1564917,silent,1564859
10,14|6|6|4|3|3|3|1,8,14,1691752,silent,1691738
10,14|6|6|4|3|3|2|2,8,14,2130746,silent,2130732
10,14|6|6|3|3|3|3|2,8,1,574388,silent,574387
10,14|6|5|5|5|3|1|1,8,42,1232328,silent,1232286
10,14|6|5|5|5|2|2|1,8,25,1247790,silent,1247765
10,14|6|5|5|4|4|1|1,8,50,1221819,silent,1221769
10,14|6|5|5|4|3|2|1,8,80,3799498,silent,3799418
10,14|6|5|5|4|2|2|2,8,17,1635306,silent,1635289
10,14|6|5|5|3|3|3|1,8,14,1491265,silent,1491251
10,14|6|5|5|3|3|2|2,8,17,1864334,silent,1864317
10,14|6|5|4|4|4|2|1,8,63,1710362,silent,1710299
10,14|6|5|4|4|3|3|1,8,30,1965871,silent,1965841
10,14|6|5|4|4|3|2|2,8,36,2319595,silent,2319559
10,14|6|5|4|3|3|3|2,8,3,1497284,silent,1497281
10,14|6|5|3|3|3|3|3,8,0,-1,a0,
10,14|6|4|4|4|4|3|1,8,21,495052,silent,495031
10,14|6|4|4|4|4|2|2,8,28,477858,silent,477830
10,14|6|4|4|4|3|3|2,8,4,706921,silent,706917
10,14|6|4|4|3|3|3|3,8,0,-1,a0,
10,14|5|5|5|5|4|1|1,8,5,223863,silent,223858
10,14|5|5|5|5|3|2|1,8,8,555330,silent,555322
10,14|5|5|5|5|2|2|2,8,2,222035,silent,222033
10,14|5|5|5|4|4|2|1,8,11,616284,silent,616273
10,14|5|5|5|4|3|3|1,8,9,665078,silent,665069
10,14|5|5|5|4|3|2|2,8,5,773559,silent,773554
10,14|5|5|5|3|3|3|2,8,1,400908,silent,400907
10,14|5|5|4|4|4|3|1,8,14,420267,silent,420253
10,14|5|5|4|4|4|2|2,8,5,397492,silent,397487
10,14|5|5|4|4|3|3|2,8,6,583353,silent,583347
10,14|5|5|4|3|3|3|3,8,0,-1,a0,
10,14|5|4|4|4|4|4|1,8,8,66824,silent,66816
10,14|5|4|4|4|4|3|2,8,8,201017,silent,201009
10,14|5|4|4|4|3|3|3,8,0,-1,a0,
10,14|4|4|4|4|4|4|2,8,6,16399,silent,16393
10,14|4|4|4|4|4|3|3,8,0,-1,a0,
10,13|13|9|1|1|1|1|1,8,1,8585,silent,8584
10,13|13|8|2|1|1|1|1,8,10,55606,silent,55596
10,13|13|7|3|1|1|1|1,8,32,149981,silent,149949
10,13|13|7|2|2|1|1|1,8,36,141926,silent,141890
10,13|13|6|4|1|1|1|1,8,31,201538,silent,201507
10,13|13|6|3|2|1|1|1,8,83,403335,silent,403252
10,13|13|6|2|2|2|1|1,8,55,182061,silent,182006
10,13|13|5|5|1|1|1|1,8,25,99170,silent,99145
10,13|13|5|4|2|1|1|1,8,79,423847,silent,423768
10,13|13|5|3|3|1|1|1,8,51,315467,silent,315416
10,13|13|5|3|2|2|1|1,8,82,436264,silent,436182
10,13|13|5|2|2|2|2|1,8,32,120616,silent,120584
10,13|13|4|4|3|1|1|1,8,25,228556,silent,228531
10,13|13|4|4|2|2|1|1,8,54,263133,silent,263079
10,13|13|4|3|3|2|1|1,8,33,305842,silent,305809
10,13|13|4|3|2|2|2|1,8,36,207653,silent,207617
10,13|13|4|2|2|2|2|2,8,5,34853,silent,34848
10,13|13|3|3|3|3|1|1,8,5,52915,silent,52910
10,13|13|3|3|3|2|2|1,8,4,83132,silent,83128
10,13|13|3|3|2|2|2|2,8,6,31937,silent,31931
10,13|12|10|1|1|1|1|1,8,2,11404,silent,11402
10,13|12|9|2|1|1|1|1,8,20,92481,silent,92461
10,13|12|8|3|1|1|1|1,8,65,311649,silent,311584
10,13|12|8|2|2|1|1|1,8,68,290911,silent,290843
10,13|12|7|4|1|1|1|1,8,99,548796,silent,548697
10,13|12|7|3|2|1|1|1,8,202,1052820,silent,1052618
10,13|12|7|2|2|2|1|1,8,110,463733,silent,463623
10,13|12|6|5|1|1|1|1,8,84,476705,silent,476621
10,13|12|6|4|2|1|1|1,8,257,1582419,silent,1582162
10,13|12|6|3|3|1|1|1,8,158,1094461,silent,1094303
10,13|12|6|3|2|2|1|1,8,245,1485657,silent,1485412
10,13|12|6|2|2|2|2|1,8,87,393376,silent,393289
10,13|12|5|5|2|1|1|1,8,140,810274,silent,810134
10,13|12|5|4|3|1|1|1,8,191,1483905,silent,1483714
10,13|12|5|4|2|2|1|1,8,239,1646716,silent,1646477
10,13|12|5|3|3|2|1|1,8,159,1539860,silent,1539701
10,13|12|5|3|2|2|2|1,8,131,1003337,silent,1003206
10,13|12|5|2|2|2|2|2,8,28,154278,silent,154250
10,13|12|4|4|4|1|1|1,8,35,350087,silent,350052
10,13|12|4|4|3|2|1|1,8,112,1164193,silent,1164081
10,13|12|4|4|2|2|2|1,8,81,620514,silent,620433
10,13|12|4|3|3|3|1|1,8,25,514815,silent,514790
10,13|12|4|3|3|2|2|1,8,48,783853,silent,783805
10,13|12|4|3|2|2|2|2,8,27,274174,silent,274147
10,13|12|3|3|3|3|2|1,8,2,177131,silent,177129
10,13|12|3|3|3|2|2|2,8,2,115252,silent,115250
10,13|11|11|1|1|1|1|1,8,0,-1,a0,
10,13|11|10|2|1|1|1|1,8,16,71868,silent,71852
10,13|11|9|3|1|1|1|1,8,68,333237,silent,333169
10,13|11|9|2|2|1|1|1,8,76,310493,silent,310417
10,13|11|8|4|1|1|1|1,8,136,776429,silent,776293
10,13|11|8|3|2|1|1|1,8,267,1459841,silent,1459574
10,13|11|8|2|2|2|1|1,8,140,635815,silent,635675
10,13|11|7|5|1|1|1|1,8,167,969114,silent,968947
10,13|11|7|4|2|1|1|1,8,457,2943437,silent,2942980
10,13|11|7|3|3|1|1|1,8,257,1967793,silent,1967536
10,13|11|7|3|2|2|1|1,8,392,2647830,silent,2647438
10,13|11|7|2|2|2|2|1,8,122,684128,silent,684006
10,13|11|6|6|1|1|1|1,8,62,459689,silent,459627
10,13|11|6|5|2|1|1|1,8,389,2715866,silent,2715477
10,13|11|6|4|3|1|1|1,8,444,3910135,silent,3909691
10,13|11|6|4|2|2|1|1,8,543,4264662,silent,4264119
10,13|11|6|3|3|2|1|1,8,334,3704165,silent,3703831
10,13|11|6|3|2|2|2|1,8,259,2363673,silent,2363414
10,13|11|6|2|2|2|2|2,8,44,346635,silent,346591
10,13|11|5|5|3|1|1|1,8,264,2180202,silent,2179938
10,13|11|5|5|2|2|1|1,8,259,2248425,silent,2248166
10,13|11|5|4|4|1|1|1,8,182,1742259,silent,1742077
10,13|11|5|4|3|2|1|1,8,456,5316094,silent,5315638
10,13|11|5|4|2|2|2|1,8,257,2721067,silent,2720810
10,13|11|5|3|3|3|1|1,8,87,1844105,silent,1844018
10,13|11|5|3|3|2|2|1,8,149,2762016,silent,2761867
10,13|11|5|3|2|2|2|2,8,65,923764,silent,923699
10,13|11|4|4|4|2|1|1,8,117,1386747,silent,1386630
10,13|11|4|4|3|3|1|1,8,67,1517233,silent,1517166
10,13|11|4|4|3|2|2|1,8,133,2148247,silent,2148114
10,13|11|4|4|2|2|2|2,8,40,583930,silent,583890
10,13|11|4|3|3|3|2|1,8,21,1224794,silent,1224773
10,13|11|4|3|3|2|2|2,8,21,768493,silent,768472
10,13|11|3|3|3|3|3|1,8,1,144639,silent,144638
10,13|11|3|3|3|3|2|2,8,0,-1,a0,
10,13|10|10|3|1|1|1|1,8,33,145760,silent,145727
10,13|10|10|2|2|1|1|1,8,27,134388,silent,134361
10,13|10|9|4|1|1|1|1,8,106,586982,silent,586876
10,13|10|9|3|2|1|1|1,8,195,1092234,silent,1092039
10,13|10|9|2|2|2|1|1,8,96,472544,silent,472448
10,13|10|8|5|1|1|1|1,8,181,1078311,silent,1078130
10,13|10|8|4|2|1|1|1,8,456,3143880,silent,3143424
10,13|10|8|3|3|1|1|1,8,267,2070849,silent,2070582
10,13|10|8|3|2|2|1|1,8,376,2767768,silent,2767392
10,13|10|8|2|2|2|2|1,8,118,707163,silent,707045
10,13|10|7|6|1|1|1|1,8,138,944434,silent,944296
10,13|10|7|5|2|1|1|1,8,578,4333140,silent,4332562
10,13|10|7|4|3|1|1|1,8,620,5748511,silent,5747891
10,13|10|7|4|2|2|1|1,8,703,6209781,silent,6209078
10,13|10|7|3|3|2|1|1,8,436,5224773,silent,5224337
10,13|10|7|3|2|2|2|1,8,318,3295015,silent,3294697
10,13|10|7|2|2|2|2|2,8,54,472181,silent,472127
10,13|10|6|6|2|1|1|1,8,244,2139479,silent,2139235
10,13|10|6|5|3|1|1|1,8,602,5953519,silent,5952917
10,13|10|6|5|2|2|1|1,8,608,6032421,silent,6031813
10,13|10|6|4|4|1|1|1,8,341,3826834,silent,3826493
10,13|10|6|4|3|2|1|1,8,852,11236484,silent,11235632
10,13|10|6|4|2|2|2|1,8,465,5635131,silent,5634666
10,13|10|6|3|3|3|1|1,8,160,3588076,silent,3587916
10,13|10|6|3|3|2|2|1,8,256,5318875,silent,5318619
10,13|10|6|3|2|2|2|2,8,106,1741145,silent,1741039
10,13|10|5|5|4|1|1|1,8,262,2703247,silent,2702985
10,13|10|5|5|3|2|1|1,8,475,6480231,silent,6479756
10,13|10|5|5|2|2|2|1,8,207,3047189,silent,3046982
10,13|10|5|4|4|2|1|1,8,396,5633778,silent,5633382
10,13|10|5|4|3|3|1|1,8,261,5727803,silent,5727542
10,13|10|5|4|3|2|2|1,8,389,7971295,silent,7970906
10,13|10|5|4|2|2|2|2,8,108,2073945,silent,2073837
10,13|10|5|3|3|3|2|1,8,65,3573888,silent,3573823
10,13|10|5|3|3|2|2|2,8,48,2196111,silent,2196063
10,13|10|4|4|4|3|1|1,8,97,1936233,silent,1936136
10,13|10|4|4|4|2|2|1,8,128,2203920,silent,2203792
10,13|10|4|4|3|3|2|1,8,71,3028949,silent,3028878
10,13|10|4|4|3|2|2|2,8,57,1749411,silent,1749354
10,13|10|4|3|3|3|3|1,8,3,836193,silent,836190
10,13|10|4|3|3|3|2|2,8,4,1100738,silent,1100734
10,13|10|3|3|3|3|3|2,8,0,-1,a0,
10,13|9|9|5|1|1|1|1,8,77,479522,silent,479445
10,13|9|9|4|2|1|1|1,8,205,1380050,silent,1379845
10,13|9|9|3|3|1|1|1,8,106,900939,silent,900833
10,13|9|9|3|2|2|1|1,8,163,1204742,silent,1204579
10,13|9|9|2|2|2|2|1,8,42,305291,silent,305249
10,13|9|8|6|1|1|1|1,8,116,825526,silent,825410
10,13|9|8|5|2|1|1|1,8,443,3489676,silent,3489233
10,13|9|8|4|3|1|1|1,8,459,4478697,silent,4478238
10,13|9|8|4|2|2|1|1,8,516,4815254,silent,4814738
10,13|9|8|3|3|2|1|1,8,317,3993319,silent,3993002
10,13|9|8|3|2|2|2|1,8,222,2503849,silent,2503627
10,13|9|8|2|2|2|2|2,8,36,354464,silent,354428
10,13|9|7|7|1|1|1|1,8,64,429433,silent,429369
10,13|9|7|6|2|1|1|1,8,391,3432352,silent,3431961
10,13|9|7|5|3|1|1|1,8,702,7499492,silent,7498790
10,13|9|7|5|2|2|1|1,8,699,7536888,silent,7536189
10,13|9|7|4|4|1|1|1,8,396,4504491,silent,4504095
10,13|9|7|4|3|2|1|1,8,910,12970787,silent,12969877
10,13|9|7|4|2|2|2|1,8,462,6433028,silent,6432566
10,13|9|7|3|3|3|1|1,8,160,3992117,silent,3991957
10,13|9|7|3|3|2|2|1,8,266,5892414,silent,5892148
10,13|9|7|3|2|2|2|2,8,96,1903144,silent,1903048
10,13|9|6|6|3|1|1|1,8,323,3985839,silent,3985516
10,13|9|6|6|2|2|1|1,8,335,3909605,silent,3909270
10,13|9|6|5|4|1|1|1,8,495,6240535,silent,6240040
10,13|9|6|5|3|2|1|1,8,922,14410536,silent,14409614
10,13|9|6|5|2|2|2|1,8,415,6645448,silent,6645033
10,13|9|6|4|4|2|1|1,8,633,10108716,silent,10108083
10,13|9|6|4|3|3|1|1,8,408,9956249,silent,9955841
10,13|9|6|4|3|2|2|1,8,604,13728290,silent,13727686
10,13|9|6|4|2|2|2|2,8,154,3495069,silent,3494915
10,13|9|6|3|3|3|2|1,8,101,5672708,silent,5672607
10,13|9|6|3|3|2|2|2,8,74,3448424,silent,3448350
10,13|9|5|5|5|1|1|1,8,114,1394733,silent,1394619
10,13|9|5|5|4|2|1|1,8,434,7439750,silent,7439316
10,13|9|5|5|3|3|1|1,8,253,6077355,silent,6077102
10,13|9|5|5|3|2|2|1,8,311,8187947,silent,8187636
10,13|9|5|5|2|2|2|2,8,65,1944209,silent,1944144
10,13|9|5|4|4|3|1|1,8,303,6672514,silent,6672211
10,13|9|5|4|4|2|2|1,8,321,7461188,silent,7460867
10,13|9|5|4|3|3|2|1,8,209,9545611,silent,9545402
10,13|9|5|4|3|2|2|2,8,124,5398435,silent,5398311
10,13|9|5|3|3|3|3|1,8,9,2051936,silent,2051927
10,13|9|5|3|3|3|2|2,8,14,2680532,silent,2680518
10,13|9|4|4|4|4|1|1,8,60,987227,silent,987167
10,13|9|4|4|4|3|2|1,8,113,3436428,silent,3436315
10,13|9|4|4|4|2|2|2,8,53,1561601,silent,1561548
10,13|9|4|4|3|3|3|1,8,11,1828620,silent,1828609
10,13|9|4|4|3|3|2|2,8,24,2330975,silent,2330951
10,13|9|4|3|3|3|3|2,8,0,-1,a0,
10,13|9|3|3|3|3|3|3,8,0,-1,a0,
10,13|8|8|7|1|1|1|1,8,38,269278,silent,269240
10,13|8|8|6|2|1|1|1,8,181,1725909,silent,1725728
10,13|8|8|5|3|1|1|1,8,322,3524477,silent,3524155
10,13|8|8|5|2|2|1|1,8,306,3523699,silent,3523393
10,13|8|8|4|4|1|1|1,8,159,2063827,silent,2063668
10,13|8|8|4|3|2|1|1,8,397,5901073,silent,5900676
10,13|8|8|4|2|2|2|1,8,210,2914236,silent,2914026
10,13|8|8|3|3|3|1|1,8,78,1793343,silent,1793265
10,13|8|8|3|3|2|2|1,8,111,2635856,silent,2635745
10,13|8|8|3|2|2|2|2,8,47,849349,silent,849302
10,13|8|7|7|2|1|1|1,8,124,1139111,silent,1138987
10,13|8|7|6|3|1|1|1,8,368,4636459,silent,4636091
10,13|8|7|6|2|2|1|1,8,359,4513523,silent,4513164
10,13|8|7|5|4|1|1|1,8,438,5816224,silent,5815786
10,13|8|7|5|3|2|1|1,8,787,13202160,silent,13201373
10,13|8|7|5|2|2|2|1,8,345,6029100,silent,6028755
10,13|8|7|4|4|2|1|1,8,505,8683137,silent,8682632
10,13|8|7|4|3|3|1|1,8,328,8430725,silent,8430397
10,13|8|7|4|3|2|2|1,8,467,11571055,silent,11570588
10,13|8|7|4|2|2|2|2,8,118,2913681,silent,2913563
10,13|8|7|3|3|3|2|1,8,79,4626248,silent,4626169
10,13|8|7|3|3|2|2|2,8,55,2796045,silent,2795990
10,13|8|6|6|4|1|1|1,8,219,3604057,silent,3603838
10,13|8|6|6|3|2|1|1,8,418,7676467,silent,7676049
10,13|8|6|6|2|2|2|1,8,198,3412487,silent,3412289
10,13|8|6|5|5|1|1|1,8,186,2757120,silent,2756934
10,13|8|6|5|4|2|1|1,8,693,13512008,silent,13511315
10,13|8|6|5|3|3|1|1,8,399,10716541,silent,10716142
10,13|8|6|5|3|2|2|1,8,515,14307309,silent,14306794
10,13|8|6|5|2|2|2|2,8,115,3334609,silent,3334494
10,13|8|6|4|4|3|1|1,8,376,9524882,silent,9524506
10,13|8|6|4|4|2|2|1,8,419,10563686,silent,10563267
10,13|8|6|4|3|3|2|1,8,266,13109072,silent,13108806
10,13|8|6|4|3|2|2|2,8,162,7338177,silent,7338015
10,13|8|6|3|3|3|3|1,8,13,2592162,silent,2592149
10,13|8|6|3|3|3|2|2,8,16,3363998,silent,3363982
10,13|8|5|5|5|2|1|1,8,155,3304201,silent,3304046
10,13|8|5|5|4|3|1|1,8,286,7544431,silent,7544145
10,13|8|5|5|4|2|2|1,8,251,8167660,silent,8167409
10,13|8|5|5|3|3|2|1,8,162,8415839,silent,8415677
10,13|8|5|5|3|2|2|2,8,73,4579944,silent,4579871
10,13|8|5|4|4|4|1|1,8,130,2899882,silent,2899752
10,13|8|5|4|4|3|2|1,8,255,9717566,silent,9717311
10,13|8|5|4|4|2|2|2,8,103,4325858,silent,4325755
10,13|8|5|4|3|3|3|1,8,37,4767881,silent,4767844
10,13|8|5|4|3|3|2|2,8,51,6027074,silent,6027023
10,13|8|5|3|3|3|3|2,8,1,1712624,silent,1712623
10,13|8|4|4|4|4|2|1,8,75,1638775,silent,1638700
10,13|8|4|4|4|3|3|1,8,30,1927939,silent,1927909
10,13|8|4|4|4|3|2|2,8,45,2289638,silent,2289593
10,13|8|4|4|3|3|3|2,8,2,1576983,silent,1576981
10,13|8|4|3|3|3|3|3,8,0,-1,a0,
10,13|7|7|7|3|1|1|1,8,70,881261,silent,881191
10,13|7|7|7|2|2|1|1,8,64,847898,silent,847834
10,13|7|7|6|4|1|1|1,8,160,2384802,silent,2384642
10,13|7|7|6|3|2|1|1,8,262,5005003,silent,5004741
10,13|7|7|6|2|2|2|1,8,107,2205775,silent,2205668
10,13|7|7|5|5|1|1|1,8,87,1510532,silent,1510445
10,13|7|7|5|4|2|1|1,8,355,7192597,silent,7192242
10,13|7|7|5|3|3|1|1,8,192,5631891,silent,5631699
10,13|7|7|5|3|2|2|1,8,251,7496676,silent,7496425
10,13|7|7|5|2|2|2|2,8,46,1727983,silent,1727937
10,13|7|7|4|4|3|1|1,8,190,4735872,silent,4735682
10,13|7|7|4|4|2|2|1,8,178,5227517,silent,5227339
10,13|7|7|4|3|3|2|1,8,125,6414002,silent,6413877
10,13|7|7|4|3|2|2|2,8,69,3572190,silent,3572121
10,13|7|7|3|3|3|3|1,8,4,1228907,silent,1228903
10,13|7|7|3|3|3|2|2,8,10,1596358,silent,1596348
10,13|7|6|6|5|1|1|1,8,71,1464554,silent,1464483
10,13|7|6|6|4|2|1|1,8,247,5645270,silent,5645023
10,13|7|6|6|3|3|1|1,8,133,4183340,silent,4183207
10,13|7|6|6|3|2|2|1,8,189,5500070,silent,5499881
10,13|7|6|6|2|2|2|2,8,43,1235075,silent,1235032
10,13|7|6|5|5|2|1|1,8,188,4647923,silent,4647735
10,13|7|6|5|4|3|1|1,8,330,9862020,silent,9861690
10,13|7|6|5|4|2|2|1,8,322,10596823,silent,10596501
10,13|7|6|5|3|3|2|1,8,196,10616816,silent,10616620
10,13|7|6|5|3|2|2|2,8,99,5726605,silent,5726506
10,13|7|6|4|4|4|1|1,8,123,3037456,silent,3037333
10,13|7|6|4|4|3|2|1,8,241,10009068,silent,10008827
10,13|7|6|4|4|2|2|2,8,96,4414226,silent,4414130
10,13|7|6|4|3|3|3|1,8,35,4752375,silent,4752340
10,13|7|6|4|3|3|2|2,8,51,5979756,silent,5979705
10,13|7|6|3|3|3|3|2,8,1,1570476,silent,1570475
10,13|7|5|5|5|3|1|1,8,84,2886561,silent,2886477
10,13|7|5|5|5|2|2|1,8,62,2911055,silent,2910993
10,13|7|5|5|4|4|1|1,8,95,2809324,silent,2809229
10,13|7|5|5|4|3|2|1,8,169,8676309,silent,8676140
10,13|7|5|5|4|2|2|2,8,48,3717959,silent,3717911
10,13|7|5|5|3|3|3|1,8,29,3364532,silent,3364503
10,13|7|5|5|3|3|2|2,8,31,4190227,silent,4190196
10,13|7|5|4|4|4|2|1,8,117,3752954,silent,3752837
10,13|7|5|4|4|3|3|1,8,63,4289113,silent,4289050
10,13|7|5|4|4|3|2|2,8,67,5044535,silent,5044468
10,13|7|5|4|3|3|3|2,8,7,3218285,silent,3218278
10,13|7|5|3|3|3|3|3,8,0,-1,a0,
10,13|7|4|4|4|4|3|1,8,38,986808,silent,986770
10,13|7|4|4|4|4|2|2,8,30,944044,silent,944014
10,13|7|4|4|4|3|3|2,8,11,1397951,silent,1397940
10,13|7|4|4|3|3|3|3,8,0,-1,a0,
10,13|6|6|6|6|1|1|1,8,2,164346,silent,164344
10,13|6|6|6|5|2|1|1,8,44,1360515,silent,1360471
10,13|6|6|6|4|3|1|1,8,61,2313809,silent,2313748
10,13|6|6|6|4|2|2|1,8,82,2454284,silent,2454202
10,13|6|6|6|3|3|2|1,8,40,2304640,silent,2304600
10,13|6|6|6|3|2|2|2,8,29,1224405,silent,1224376
10,13|6|6|5|5|3|1|1,8,64,2226171,silent,2226107
10,13|6|6|5|5|2|2|1,8,47,2227565,silent,2227518
10,13|6|6|5|4|4|1|1,8,58,2042476,silent,2042418
10,13|6|6|5|4|3|2|1,8,122,6228174,silent,6228052
10,13|6|6|5|4|2|2|2,8,47,2652326,silent,2652279
10,13|6|6|5|3|3|3|1,8,20,2350167,silent,2350147
10,13|6|6|5|3|3|2|2,8,21,2910090,silent,2910069
10,13|6|6|4|4|4|2|1,8,68,2200381,silent,2200313
10,13|6|6|4|4|3|3|1,8,29,2482826,silent,2482797
10,13|6|6|4|4|3|2|2,8,43,2913880,silent,2913837
10,13|6|6|4|3|3|3|2,8,3,1805149,silent,1805146
10,13|6|6|3|3|3|3|3,8,0,-1,a0,
10,13|6|5|5|5|4|1|1,8,25,981649,silent,981624
10,13|6|5|5|5|3|2|1,8,32,2398386,silent,2398354
10,13|6|5|5|5|2|2|2,8,4,948017,silent,948013
10,13|6|5|5|4|4|2|1,8,48,2574830,silent,2574782
10,13|6|5|5|4|3|3|1,8,33,2750008,silent,2749975
10,13|6|5|5|4|3|2|2,8,25,3185579,silent,3185554
10,13|6|5|5|3|3|3|2,8,5,1615795,silent,1615790
10,13|6|5|4|4|4|3|1,8,40,1594511,silent,1594471
10,13|6|5|4|4|4|2|2,8,33,1510682,silent,1510649
10,13|6|5|4|4|3|3|2,8,14,2181418,silent,2181404
10,13|6|5|4|3|3|3|3,8,0,-1,a0,
10,13|6|4|4|4|4|4|1,8,17,195811,silent,195794
10,13|6|4|4|4|4|3|2,8,17,584363,silent,584346
10,13|6|4|4|4|3|3|3,8,0,-1,a0,
10,13|5|5|5|5|5|1|1,8,1,81916,silent,81915
10,13|5|5|5|5|4|2|1,8,5,491722,silent,491717
10,13|5|5|5|5|3|3|1,8,3,425083,silent,425080
10,13|5|5|5|5|3|2|2,8,1,479868,silent,479867
10,13|5|5|5|4|4|3|1,8,9,593675,silent,593666
10,13|5|5|5|4|4|2|2,8,2,552406,silent,552404
10,13|5|5|5|4|3|3|2,8,4,752079,silent,752075
10,13|5|5|5|3|3|3|3,8,0,-1,a0,
10,13|5|5|4|4|4|4|1,8,6,169335,silent,169329
10,13|5|5|4|4|4|3|2,8,8,499445,silent,499437
10,13|5|5|4|4|3|3|3,8,1,274937,silent,274936
10,13|5|4|4|4|4|4|2,8,8,89666,silent,89658
10,13|5|4|4|4|4|3|3,8,2,104864,silent,104862
10,13|4|4|4|4|4|4|3,8,3,11149,silent,11146
10,12|12|11|1|1|1|1|1,8,1,2901,silent,2900
10,12|12|10|2|1|1|1|1,8,9,32111,silent,32102
10,12|12|9|3|1|1|1|1,8,28,137062,silent,137034
10,12|12|9|2|2|1|1|1,8,28,127031,silent,127003
10,12|12|8|4|1|1|1|1,8,62,309145,silent,309083
10,12|12|8|3|2|1|1|1,8,105,578358,silent,578253
10,12|12|8|2|2|2|1|1,8,45,250459,silent,250414
10,12|12|7|5|1|1|1|1,8,59,378367,silent,378308
10,12|12|7|4|2|1|1|1,8,175,1146048,silent,1145873
10,12|12|7|3|3|1|1|1,8,99,765895,silent,765796
10,12|12|7|3|2|2|1|1,8,156,1029208,silent,1029052
10,12|12|7|2|2|2|2|1,8,48,265794,silent,265746
10,12|12|6|6|1|1|1|1,8,34,179205,silent,179171
10,12|12|6|5|2|1|1|1,8,149,1048822,silent,1048673
10,12|12|6|4|3|1|1|1,8,181,1507797,silent,1507616
10,12|12|6|4|2|2|1|1,8,186,1640122,silent,1639936
10,12|12|6|3|3|2|1|1,8,137,1426421,silent,1426284
10,12|12|6|3|2|2|2|1,8,99,908808,silent,908709
10,12|12|6|2|2|2|2|2,8,27,134402,silent,134375
10,12|12|5|5|3|1|1|1,8,94,836356,silent,836262
10,12|12|5|5|2|2|1|1,8,114,863715,silent,863601
10,12|12|5|4|4|1|1|1,8,67,667444,silent,667377
10,12|12|5|4|3|2|1|1,8,174,2035086,silent,2034912
10,12|12|5|4|2|2|2|1,8,99,1041053,silent,1040954
10,12|12|5|3|3|3|1|1,8,30,704903,silent,704873
10,12|12|5|3|3|2|2|1,8,56,1055464,silent,1055408
10,12|12|5|3|2|2|2|2,8,21,352464,silent,352443
10,12|12|4|4|4|2|1|1,8,34,527843,silent,527809
10,12|12|4|4|3|3|1|1,8,37,579926,silent,579889
10,12|12|4|4|3|2|2|1,8,46,818702,silent,818656
10,12|12|4|4|2|2|2|2,8,27,224088,silent,224061
10,12|12|4|3|3|3|2|1,8,8,466301,silent,466293
10,12|12|4|3|3|2|2|2,8,4,291506,silent,291502
10,12|12|3|3|3|3|3|1,8,0,-1,a0,
10,12|12|3|3|3|3|2|2,8,1,74068,silent,74067
10,12|11|11|2|1|1|1|1,8,3,18044,silent,18041
10,12|11|10|3|1|1|1|1,8,29,137366,silent,137337
10,12|11|10|2|2|1|1|1,8,29,127141,silent,127112
10,12|11|9|4|1|1|1|1,8,77,435322,silent,435245
10,12|11|9|3|2|1|1|1,8,145,808487,silent,808342
10,12|11|9|2|2|2|1|1,8,73,349534,silent,349461
10,12|11|8|5|1|1|1|1,8,123,736672,silent,736549
10,12|11|8|4|2|1|1|1,8,313,2138973,silent,2138660
10,12|11|8|3|3|1|1|1,8,177,1405171,silent,1404994
10,12|11|8|3|2|2|1|1,8,253,1877252,silent,1876999
10,12|11|8|2|2|2|2|1,8,75,478235,silent,478160
10,12|11|7|6|1|1|1|1,8,91,623947,silent,623856
10,12|11|7|5|2|1|1|1,8,379,2841493,silent,2841114
10,12|11|7|4|3|1|1|1,8,402,3754107,silent,3753705
10,12|11|7|4|2|2|1|1,8,456,4052283,silent,4051827
10,12|11|7|3|3|2|1|1,8,279,3401275,silent,3400996
10,12|11|7|3|2|2|2|1,8,198,2142315,silent,2142117
10,12|11|7|2|2|2|2|2,8,31,305739,silent,305708
10,12|11|6|6|2|1|1|1,8,160,1382743,silent,1382583
10,12|11|6|5|3|1|1|1,8,383,3819593,silent,3819210
10,12|11|6|5|2|2|1|1,8,385,3867046,silent,3866661
10,12|11|6|4|4|1|1|1,8,221,2448048,silent,2447827
10,12|11|6|4|3|2|1|1,8,538,7174068,silent,7173530
10,12|11|6|4|2|2|2|1,8,285,3592777,silent,3592492
10,12|11|6|3|3|3|1|1,8,100,2284492,silent,2284392
10,12|11|6|3|3|2|2|1,8,161,3384870,silent,3384709
10,12|11|6|3|2|2|2|2,8,63,1105780,silent,1105717
10,12|11|5|5|4|1|1|1,8,163,1714528,silent,1714365
10,12|11|5|5|3|2|1|1,8,295,4102908,silent,4102613
10,12|11|5|5|2|2|2|1,8,127,1926979,silent,1926852
10,12|11|5|4|4|2|1|1,8,248,3556609,silent,3556361
10,12|11|5|4|3|3|1|1,8,162,3610564,silent,3610402
10,12|11|5|4|3|2|2|1,8,240,5021498,silent,5021258
10,12|11|5|4|2|2|2|2,8,62,1303881,silent,1303819
10,12|11|5|3|3|3|2|1,8,42,2245962,silent,2245920
10,12|11|5|3|3|2|2|2,8,30,1379040,silent,1379010
10,12|11|4|4|4|3|1|1,8,61,1213385,silent,1213324
10,12|11|4|4|4|2|2|1,8,77,1379770,silent,1379693
10,12|11|4|4|3|3|2|1,8,45,1894286,silent,1894241
10,12|11|4|4|3|2|2|2,8,33,1092671,silent,1092638
10,12|11|4|3|3|3|3|1,8,2,521463,silent,521461
10,12|11|4|3|3|3|2|2,8,3,686277,silent,686274
10,12|11|3|3|3|3|3|2,8,0,-1,a0,
10,12|10|10|4|1|1|1|1,8,44,207427,silent,207383
10,12|10|10|3|2|1|1|1,8,65,381224,silent,381159
10,12|10|10|2|2|2|1|1,8,25,163108,silent,163083
10,12|10|9|5|1|1|1|1,8,100,623978,silent,623878
10,12|10|9|4|2|1|1|1,8,253,1777432,silent,1777179
10,12|10|9|3|3|1|1|1,8,143,1158133,silent,1157990
10,12|10|9|3|2|2|1|1,8,199,1542540,silent,1542341
10,12|10|9|2|2|2|2|1,8,57,390223,silent,390166
10,12|10|8|6|1|1|1|1,8,131,843566,silent,843435
10,12|10|8|5|2|1|1|1,8,439,3510242,silent,3509803
10,12|10|8|4|3|1|1|1,8,465,4474606,silent,4474141
10,12|10|8|4|2|2|1|1,8,477,4797795,silent,4797318
10,12|10|8|3|3|2|1|1,8,319,3969315,silent,3968996
10,12|10|8|3|2|2|2|1,8,213,2482270,silent,2482057
10,12|10|8|2|2|2|2|2,8,44,351762,silent,351718
10,12|10|7|7|1|1|1|1,8,51,408516,silent,408465
10,12|10|7|6|2|1|1|1,8,357,3188941,silent,3188584
10,12|10|7|5|3|1|1|1,8,631,6879810,silent,6879179
10,12|10|7|5|2|2|1|1,8,633,6901696,silent,6901063
10,12|10|7|4|4|1|1|1,8,350,4107695,silent,4107345
10,12|10|7|4|3|2|1|1,8,809,11795488,silent,11794679
10,12|10|7|4|2|2|2|1,8,406,5838196,silent,5837790
10,12|10|7|3|3|3|1|1,8,145,3615605,silent,3615460
10,12|10|7|3|3|2|2|1,8,231,5328006,silent,5327775
10,12|10|7|3|2|2|2|2,8,82,1717316,silent,1717234
10,12|10|6|6|3|1|1|1,8,297,3546362,silent,3546065
10,12|10|6|6|2|2|1|1,8,266,3468642,silent,3468376
10,12|10|6|5|4|1|1|1,8,428,5487453,silent,5487025
10,12|10|6|5|3|2|1|1,8,796,12635084,silent,12634288
10,12|10|6|5|2|2|2|1,8,350,5814261,silent,5813911
10,12|10|6|4|4|2|1|1,8,513,8809935,silent,8809422
10,12|10|6|4|3|3|1|1,8,369,8664428,silent,8664059
10,12|10|6|4|3|2|2|1,8,502,11928549,silent,11928047
10,12|10|6|4|2|2|2|2,8,146,3033259,silent,3033113
10,12|10|6|3|3|3|2|1,8,87,4908275,silent,4908188
10,12|10|6|3|3|2|2|2,8,52,2976595,silent,2976543
10,12|10|5|5|5|1|1|1,8,95,1202694,silent,1202599
10,12|10|5|5|4|2|1|1,8,376,6384514,silent,6384138
10,12|10|5|5|3|3|1|1,8,199,5201520,silent,5201321
10,12|10|5|5|3|2|2|1,8,259,7001805,silent,7001546
10,12|10|5|5|2|2|2|2,8,42,1657057,silent,1657015
10,12|10|5|4|4|3|1|1,8,249,5680671,silent,5680422
10,12|10|5|4|4|2|2|1,8,265,6345787,silent,6345522
10,12|10|5|4|3|3|2|1,8,173,8100971,silent,8100798
10,12|10|5|4|3|2|2|2,8,101,4574449,silent,4574348
10,12|10|5|3|3|3|3|1,8,8,1733401,silent,1733393
10,12|10|5|3|3|3|2|2,8,13,2261959,silent,2261946
10,12|10|4|4|4|4|1|1,8,35,828520,silent,828485
10,12|10|4|4|4|3|2|1,8,91,2884273,silent,2884182
10,12|10|4|4|4|2|2|2,8,54,1311185,silent,1311131
10,12|10|4|4|3|3|3|1,8,13,1531582,silent,1531569
10,12|10|4|4|3|3|2|2,8,13,1947641,silent,1947628
10,12|10|4|3|3|3|3|2,8,1,706294,silent,706293
10,12|10|3|3|3|3|3|3,8,0,-1,a0,
10,12|9|9|6|1|1|1|1,8,53,402621,silent,402568
10,12|9|9|5|2|1|1|1,8,203,1629468,silent,1629265
10,12|9|9|4|3|1|1|1,8,201,2045673,silent,2045472
10,12|9|9|4|2|2|1|1,8,234,2193707,silent,2193473
10,12|9|9|3|3|2|1|1,8,130,1797457,silent,1797327
10,12|9|9|3|2|2|2|1,8,87,1121595,silent,1121508
10,12|9|9|2|2|2|2|2,8,7,155876,silent,155869
10,12|9|8|7|1|1|1|1,8,66,478407,silent,478341
10,12|9|8|6|2|1|1|1,8,314,2933898,silent,2933584
10,12|9|8|5|3|1|1|1,8,516,5850099,silent,5849583
10,12|9|8|5|2|2|1|1,8,494,5838848,silent,5838354
10,12|9|8|4|4|1|1|1,8,273,3395833,silent,3395560
10,12|9|8|4|3|2|1|1,8,629,9655629,silent,9655000
10,12|9|8|4|2|2|2|1,8,307,4750844,silent,4750537
10,12|9|8|3|3|3|1|1,8,116,2909299,silent,2909183
10,12|9|8|3|3|2|2|1,8,176,4273894,silent,4273718
10,12|9|8|3|2|2|2|2,8,62,1368962,silent,1368900
10,12|9|7|7|2|1|1|1,8,167,1560644,silent,1560477
10,12|9|7|6|3|1|1|1,8,475,6075423,silent,6074948
10,12|9|7|6|2|2|1|1,8,457,5901259,silent,5900802
10,12|9|7|5|4|1|1|1,8,546,7465709,silent,7465163
10,12|9|7|5|3|2|1|1,8,968,16863809,silent,16862841
10,12|9|7|5|2|2|2|1,8,408,7676141,silent,7675733
10,12|9|7|4|4|2|1|1,8,625,10986919,silent,10986294
10,12|9|7|4|3|3|1|1,8,400,10623689,silent,10623289
10,12|9|7|4|3|2|2|1,8,557,14557504,silent,14556947
10,12|9|7|4|2|2|2|2,8,124,3648676,silent,3648552
10,12|9|7|3|3|3|2|1,8,100,5778271,silent,5778171
10,12|9|7|3|3|2|2|2,8,68,3485454,silent,3485386
10,12|9|6|6|4|1|1|1,8,268,4307971,silent,4307703
10,12|9|6|6|3|2|1|1,8,483,9130267,silent,9129784
10,12|9|6|6|2|2|2|1,8,214,4044654,silent,4044440
10,12|9|6|5|5|1|1|1,8,206,3238188,silent,3237982
10,12|9|6|5|4|2|1|1,8,777,15742720,silent,15741943
10,12|9|6|5|3|3|1|1,8,446,12437472,silent,12437026
10,12|9|6|5|3|2|2|1,8,567,16578802,silent,16578235
10,12|9|6|5|2|2|2|2,8,118,3847623,silent,3847505
10,12|9|6|4|4|3|1|1,8,422,10951406,silent,10950984
10,12|9|6|4|4|2|2|1,8,445,12121881,silent,12121436
10,12|9|6|4|3|3|2|1,8,297,14990979,silent,14990682
10,12|9|6|4|3|2|2|2,8,169,8370884,silent,8370715
10,12|9|6|3|3|3|3|1,8,15,2939844,silent,2939829
10,12|9|6|3|3|3|2|2,8,20,3812721,silent,3812701
10,12|9|5|5|5|2|1|1,8,160,3703540,silent,3703380
10,12|9|5|5|4|3|1|1,8,303,8397272,silent,8396969
10,12|9|5|5|4|2|2|1,8,269,9076371,silent,9076102
10,12|9|5|5|3|3|2|1,8,175,9318725,silent,9318550
10,12|9|5|5|3|2|2|2,8,78,5060768,silent,5060690
10,12|9|5|4|4|4|1|1,8,139,3191012,silent,3190873
10,12|9|5|4|4|3|2|1,8,265,10657963,silent,10657698
10,12|9|5|4|4|2|2|2,8,98,4731843,silent,4731745
10,12|9|5|4|3|3|3|1,8,41,5206442,silent,5206401
10,12|9|5|4|3|3|2|2,8,56,6573985,silent,6573929
10,12|9|5|3|3|3|3|2,8,1,1852934,silent,1852933
10,12|9|4|4|4|4|2|1,8,72,1757271,silent,1757199
10,12|9|4|4|4|3|3|1,8,32,2063729,silent,2063697
10,12|9|4|4|4|3|2|2,8,43,2446573,silent,2446530
10,12|9|4|4|3|3|3|2,8,3,1679099,silent,1679096
10,12|9|4|3|3|3|3|3,8,0,-1,a0,
10,12|8|8|8|1|1|1|1,8,17,87466,silent,87449
10,12|8|8|7|2|1|1|1,8,98,1000670,silent,1000572
10,12|8|8|6|3|1|1|1,8,243,3145675,silent,3145432
10,12|8|8|6|2|2|1|1,8,204,3037149,silent,3036945
10,12|8|8|5|4|1|1|1,8,250,3621582,silent,3621332
10,12|8|8|5|3|2|1|1,8,454,8117721,silent,8117267
10,12|8|8|5|2|2|2|1,8,195,3677895,silent,3677700
10,12|8|8|4|4|2|1|1,8,256,5157679,silent,5157423
10,12|8|8|4|3|3|1|1,8,197,4964365,silent,4964168
10,12|8|8|4|3|2|2|1,8,250,6780394,silent,6780144
10,12|8|8|4|2|2|2|2,8,79,1696926,silent,1696847
10,12|8|8|3|3|3|2|1,8,44,2653031,silent,2652987
10,12|8|8|3|3|2|2|2,8,22,1592945,silent,1592923
10,12|8|7|7|3|1|1|1,8,151,2132429,silent,2132278
10,12|8|7|7|2|2|1|1,8,154,2041613,silent,2041459
10,12|8|7|6|4|1|1|1,8,325,5267756,silent,5267431
10,12|8|7|6|3|2|1|1,8,546,10973351,silent,10972805
10,12|8|7|6|2|2|2|1,8,225,4813301,silent,4813076
10,12|8|7|5|5|1|1|1,8,187,3231328,silent,3231141
10,12|8|7|5|4|2|1|1,8,704,15158714,silent,15158010
10,12|8|7|5|3|3|1|1,8,386,11803990,silent,11803604
10,12|8|7|5|3|2|2|1,8,498,15663765,silent,15663267
10,12|8|7|5|2|2|2|2,8,94,3594286,silent,3594192
10,12|8|7|4|4|3|1|1,8,355,9747012,silent,9746657
10,12|8|7|4|4|2|2|1,8,357,10737277,silent,10736920
10,12|8|7|4|3|3|2|1,8,244,13092052,silent,13091808
10,12|8|7|4|3|2|2|2,8,133,7268248,silent,7268115
10,12|8|7|3|3|3|3|1,8,12,2476523,silent,2476511
10,12|8|7|3|3|3|2|2,8,18,3204293,silent,3204275
10,12|8|6|6|5|1|1|1,8,122,2518293,silent,2518171
10,12|8|6|6|4|2|1|1,8,379,9568433,silent,9568054
10,12|8|6|6|3|3|1|1,8,233,7052506,silent,7052273
10,12|8|6|6|3|2|2|1,8,291,9244116,silent,9243825
10,12|8|6|6|2|2|2|2,8,79,2066754,silent,2066675
10,12|8|6|5|5|2|1|1,8,302,7625395,silent,7625093
10,12|8|6|5|4|3|1|1,8,504,15978227,silent,15977723
10,12|8|6|5|4|2|2|1,8,484,17124752,silent,17124268
10,12|8|6|5|3|3|2|1,8,298,17055329,silent,17055031
10,12|8|6|5|3|2|2|2,8,144,9167276,silent,9167132
10,12|8|6|4|4|4|1|1,8,161,4815325,silent,4815164
10,12|8|6|4|4|3|2|1,8,354,15803438,silent,15803084
10,12|8|6|4|4|2|2|2,8,157,6951616,silent,6951459
10,12|8|6|4|3|3|3|1,8,59,7450477,silent,7450418
10,12|8|6|4|3|3|2|2,8,66,9351827,silent,9351761
10,12|8|6|3|3|3|3|2,8,3,2425716,silent,2425713
10,12|8|5|5|5|3|1|1,8,116,4300316,silent,4300200
10,12|8|5|5|5|2|2|1,8,86,4324749,silent,4324663
10,12|8|5|5|4|4|1|1,8,140,4144106,silent,4143966
10,12|8|5|5|4|3|2|1,8,234,12736516,silent,12736282
10,12|8|5|5|4|2|2|2,8,61,5439003,silent,5438942
10,12|8|5|5|3|3|3|1,8,38,4903467,silent,4903429
10,12|8|5|5|3|3|2|2,8,48,6095266,silent,6095218
10,12|8|5|4|4|4|2|1,8,155,5395945,silent,5395790
10,12|8|5|4|4|3|3|1,8,82,6143807,silent,6143725
10,12|8|5|4|4|3|2|2,8,89,7214599,silent,7214510
10,12|8|5|4|3|3|3|2,8,10,4569510,silent,4569500
10,12|8|5|3|3|3|3|3,8,0,-1,a0,
10,12|8|4|4|4|4|3|1,8,39,1354170,silent,1354131
10,12|8|4|4|4|4|2|2,8,47,1295877,silent,1295830
10,12|8|4|4|4|3|3|2,8,11,1908440,silent,1908429
10,12|8|4|4|3|3|3|3,8,0,-1,a0,
10,12|7|7|7|4|1|1|1,8,68,1063538,silent,1063470
10,12|7|7|7|3|2|1|1,8,98,2143082,silent,2142984
10,12|7|7|7|2|2|2|1,8,34,923754,silent,923720
10,12|7|7|6|5|1|1|1,8,86,1747046,silent,1746960
10,12|7|7|6|4|2|1|1,8,270,6448595,silent,6448325
10,12|7|7|6|3|3|1|1,8,133,4686504,silent,4686371
10,12|7|7|6|3|2|2|1,8,172,6127675,silent,6127503
10,12|7|7|6|2|2|2|2,8,24,1350545,silent,1350521
10,12|7|7|5|5|2|1|1,8,146,4255857,silent,4255711
10,12|7|7|5|4|3|1|1,8,264,8679054,silent,8678790
10,12|7|7|5|4|2|2|1,8,238,9265655,silent,9265417
10,12|7|7|5|3|3|2|1,8,152,9121138,silent,9120986
10,12|7|7|5|3|2|2|2,8,72,4880737,silent,4880665
10,12|7|7|4|4|4|1|1,8,99,2457894,silent,2457795
10,12|7|7|4|4|3|2|1,8,165,7985020,silent,7984855
10,12|7|7|4|4|2|2|2,8,45,3487167,silent,3487122
10,12|7|7|4|3|3|3|1,8,26,3710108,silent,3710082
10,12|7|7|4|3|3|2|2,8,41,4654923,silent,4654882
10,12|7|7|3|3|3|3|2,8,0,-1,a0,
10,12|7|6|6|6|1|1|1,8,17,533202,silent,533185
10,12|7|6|6|5|2|1|1,8,135,4201849,silent,4201714
10,12|7|6|6|4|3|1|1,8,187,6994800,silent,6994613
10,12|7|6|6|4|2|2|1,8,198,7384459,silent,7384261
10,12|7|6|6|3|3|2|1,8,113,6868384,silent,6868271
10,12|7|6|6|3|2|2|2,8,62,3626651,silent,3626589
10,12|7|6|5|5|3|1|1,8,152,6244581,silent,6244429
10,12|7|6|5|5|2|2|1,8,127,6230023,silent,6229896
10,12|7|6|5|4|4|1|1,8,155,5636710,silent,5636555
10,12|7|6|5|4|3|2|1,8,299,17047877,silent,17047578
10,12|7|6|5|4|2|2|2,8,102,7219243,silent,7219141
10,12|7|6|5|3|3|3|1,8,49,6352893,silent,6352844
10,12|7|6|5|3|3|2|2,8,56,7854173,silent,7854117
10,12|7|6|4|4|4|2|1,8,147,5787346,silent,5787199
10,12|7|6|4|4|3|3|1,8,79,6496785,silent,6496706
10,12|7|6|4|4|3|2|2,8,89,7596446,silent,7596357
10,12|7|6|4|3|3|3|2,8,10,4655121,silent,4655111
10,12|7|6|3|3|3|3|3,8,0,-1,a0,
10,12|7|5|5|5|4|1|1,8,42,2125708,silent,2125666
10,12|7|5|5|5|3|2|1,8,65,5157346,silent,5157281
10,12|7|5|5|5|2|2|2,8,15,2030804,silent,2030789
10,12|7|5|5|4|4|2|1,8,96,5441490,silent,5441394
10,12|7|5|5|4|3|3|1,8,62,5776697,silent,5776635
10,12|7|5|5|4|3|2|2,8,51,6675373,silent,6675322
10,12|7|5|5|3|3|3|2,8,9,3344198,silent,3344189
10,12|7|5|4|4|4|3|1,8,74,3220790,silent,3220716
10,12|7|5|4|4|4|2|2,8,48,3040535,silent,3040487
10,12|7|5|4|4|3|3|2,8,28,4370774,silent,4370746
10,12|7|5|4|3|3|3|3,8,0,-1,a0,
10,12|7|4|4|4|4|4|1,8,22,359385,silent,359363
10,12|7|4|4|4|4|3|2,8,24,1068459,silent,1068435
10,12|7|4|4|4|3|3|3,8,1,598048,silent,598047
10,12|6|6|6|6|2|1|1,8,8,491840,silent,491832
10,12|6|6|6|5|3|1|1,8,39,1896009,silent,1895970
10,12|6|6|6|5|2|2|1,8,43,1864919,silent,1864876
10,12|6|6|6|4|4|1|1,8,24,1393292,silent,1393268
10,12|6|6|6|4|3|2|1,8,70,4089893,silent,4089823
10,12|6|6|6|4|2|2|2,8,43,1709046,silent,1709003
10,12|6|6|6|3|3|3|1,8,10,1417445,silent,1417435
10,12|6|6|6|3|3|2|2,8,9,1734012,silent,1734003
10,12|6|6|5|5|4|1|1,8,36,1686267,silent,1686231
10,12|6|6|5|5|3|2|1,8,51,4029027,silent,4028976
10,12|6|6|5|5|2|2|2,8,9,1571794,silent,1571785
10,12|6|6|5|4|4|2|1,8,72,4018035,silent,4017963
10,12|6|6|5|4|3|3|1,8,41,4214494,silent,4214453
10,12|6|6|5|4|3|2|2,8,44,4853907,silent,4853863
10,12|6|6|5|3|3|3|2,8,7,2363835,silent,2363828
10,12|6|6|4|4|4|3|1,8,35,1917257,silent,1917222
10,12|6|6|4|4|4|2|2,8,44,1811906,silent,1811862
10,12|6|6|4|4|3|3|2,8,10,2561207,silent,2561197
10,12|6|6|4|3|3|3|3,8,1,745846,silent,745845
10,12|6|5|5|5|5|1|1,8,4,341475,silent,341471
10,12|6|5|5|5|4|2|1,8,18,1992775,silent,1992757
10,12|6|5|5|5|3|3|1,8,14,1707874,silent,1707860
10,12|6|5|5|5|3|2|2,8,8,1915038,silent,1915030
10,12|6|5|5|4|4|3|1,8,30,2304036,silent,2304006
10,12|6|5|5|4|4|2|2,8,13,2139538,silent,2139525
10,12|6|5|5|4|3|3|2,8,15,2878937,silent,2878922
10,12|6|5|5|3|3|3|3,8,0,-1,a0,
10,12|6|5|4|4|4|4|1,8,21,601069,silent,601048
10,12|6|5|4|4|4|3|2,8,25,1758244,silent,1758219
10,12|6|5|4|4|3|3|3,8,2,953937,silent,953935
10,12|6|4|4|4|4|4|2,8,19,243999,silent,243980
10,12|6|4|4|4|4|3|3,8,2,282711,silent,282709
10,12|5|5|5|5|5|2|1,8,1,178857,silent,178856
10,12|5|5|5|5|4|3|1,8,3,466233,silent,466230
10,12|5|5|5|5|4|2|2,8,2,422354,silent,422352
10,12|5|5|5|5|3|3|2,8,0,-1,a0,
10,12|5|5|5|4|4|4|1,8,3,235259,silent,235256
10,12|5|5|5|4|4|3|2,8,4,666718,silent,666714
10,12|5|5|5|4|3|3|3,8,1,336739,silent,336738
10,12|5|5|4|4|4|4|2,8,3,211526,silent,211523
10,12|5|5|4|4|4|3|3,8,4,247757,silent,247753
10,12|5|4|4|4|4|4|3,8,4,58387,silent,58383
10,12|4|4|4|4|4|4|4,8,4,3511,silent,3507
10,11|11|11|3|1|1|1|1,8,4,20671,silent,20667
10,11|11|11|2|2|1|1|1,8,6,19409,silent,19403
10,11|11|10|4|1|1|1|1,8,18,116509,silent,116491
10,11|11|10|3|2|1|1|1,8,38,215351,silent,215313
10,11|11|10|2|2|2|1|1,8,21,92963,silent,92942
10,11|11|9|5|1|1|1|1,8,48,283763,silent,283715
10,11|11|9|4|2|1|1|1,8,119,806464,silent,806345
10,11|11|9|3|3|1|1|1,8,61,523743,silent,523682
10,11|11|9|3|2|2|1|1,8,88,698301,silent,698213
10,11|11|9|2|2|2|2|1,8,23,176012,silent,175989
10,11|11|8|6|1|1|1|1,8,47,357150,silent,357103
10,11|11|8|5|2|1|1|1,8,186,1482285,silent,1482099
10,11|11|8|4|3|1|1|1,8,187,1882177,silent,1881990
10,11|11|8|4|2|2|1|1,8,218,2020800,silent,2020582
10,11|11|8|3|3|2|1|1,8,123,1664905,silent,1664782
10,11|11|8|3|2|2|2|1,8,85,1040907,silent,1040822
10,11|11|8|2|2|2|2|2,8,7,145586,silent,145579
10,11|11|7|7|1|1|1|1,8,31,169942,silent,169911
10,11|11|7|6|2|1|1|1,8,148,1309061,silent,1308913
10,11|11|7|5|3|1|1|1,8,263,2807431,silent,2807168
10,11|11|7|5|2|2|1|1,8,243,2814058,silent,2813815
10,11|11|7|4|4|1|1|1,8,145,1672675,silent,1672530
10,11|11|7|4|3|2|1|1,8,325,4794715,silent,4794390
10,11|11|7|4|2|2|2|1,8,156,2370316,silent,2370160
10,11|11|7|3|3|3|1|1,8,61,1466112,silent,1466051
10,11|11|7|3|3|2|2|1,8,93,2160331,silent,2160238
10,11|11|7|3|2|2|2|2,8,33,695047,silent,695014
10,11|11|6|6|3|1|1|1,8,109,1428591,silent,1428482
10,11|11|6|6|2|2|1|1,8,128,1400350,silent,1400222
10,11|11|6|5|4|1|1|1,8,172,2201372,silent,2201200
10,11|11|6|5|3|2|1|1,8,309,5060757,silent,5060448
10,11|11|6|5|2|2|2|1,8,135,2326716,silent,2326581
10,11|11|6|4|4|2|1|1,8,224,3523812,silent,3523588
10,11|11|6|4|3|3|1|1,8,130,3455854,silent,3455724
10,11|11|6|4|3|2|2|1,8,199,4759371,silent,4759172
10,11|11|6|4|2|2|2|2,8,38,1205022,silent,1204984
10,11|11|6|3|3|3|2|1,8,36,1954451,silent,1954415
10,11|11|6|3|3|2|2|2,8,28,1186413,silent,1186385
10,11|11|5|5|5|1|1|1,8,36,478511,silent,478475
10,11|11|5|5|4|2|1|1,8,135,2532493,silent,2532358
10,11|11|5|5|3|3|1|1,8,92,2063925,silent,2063833
10,11|11|5|5|3|2|2|1,8,99,2774509,silent,2774410
10,11|11|5|5|2|2|2|2,8,26,657591,silent,657565
10,11|11|5|4|4|3|1|1,8,98,2246989,silent,2246891
10,11|11|5|4|4|2|2|1,8,99,2508374,silent,2508275
10,11|11|5|4|3|3|2|1,8,68,3199388,silent,3199320
10,11|11|5|4|3|2|2|2,8,39,1805120,silent,1805081
10,11|11|5|3|3|3|3|1,8,4,683166,silent,683162
10,11|11|5|3|3|3|2|2,8,4,890810,silent,890806
10,11|11|4|4|4|4|1|1,8,25,327471,silent,327446
10,11|11|4|4|4|3|2|1,8,35,1133538,silent,1133503
10,11|11|4|4|4|2|2|2,8,9,512405,silent,512396
10,11|11|4|4|3|3|3|1,8,2,600546,silent,600544
10,11|11|4|4|3|3|2|2,8,11,766134,silent,766123
10,11|11|4|3|3|3|3|2,8,0,-1,a0,
10,11|11|3|3|3|3|3|3,8,0,-1,a0,
10,11|10|10|5|1|1|1|1,8,30,170794,silent,170764
10,11|10|10|4|2|1|1|1,8,64,478866,silent,478802
10,11|10|10|3|3|1|1|1,8,40,310891,silent,310851
10,11|10|10|3|2|2|1|1,8,50,411935,silent,411885
10,11|10|10|2|2|2|2|1,8,15,103888,silent,103873
10,11|10|9|6|1|1|1|1,8,59,405383,silent,405324
10,11|10|9|5|2|1|1|1,8,197,1616303,silent,1616106
10,11|10|9|4|3|1|1|1,8,200,2017414,silent,2017214
10,11|10|9|4|2|2|1|1,8,210,2156841,silent,2156631
10,11|10|9|3|3|2|1|1,8,131,1764885,silent,1764754
10,11|10|9|3|2|2|2|1,8,85,1098573,silent,1098488
10,11|10|9|2|2|2|2|2,8,13,153424,silent,153411
10,11|10|8|7|1|1|1|1,8,54,385040,silent,384986
10,11|10|8|6|2|1|1|1,8,243,2309063,silent,2308820
10,11|10|8|5|3|1|1|1,8,399,4552536,silent,4552137
10,11|10|8|5|2|2|1|1,8,373,4535976,silent,4535603
10,11|10|8|4|4|1|1|1,8,205,2628558,silent,2628353
10,11|10|8|4|3|2|1|1,8,475,7455581,silent,7455106
10,11|10|8|4|2|2|2|1,8,230,3661887,silent,3661657
10,11|10|8|3|3|3|1|1,8,91,2238311,silent,2238220
10,11|10|8|3|3|2|2|1,8,130,3283471,silent,3283341
10,11|10|8|3|2|2|2|2,8,47,1050046,silent,1049999
10,11|10|7|7|2|1|1|1,8,121,1151325,silent,1151204
10,11|10|7|6|3|1|1|1,8,341,4389994,silent,4389653
10,11|10|7|6|2|2|1|1,8,317,4256564,silent,4256247
10,11|10|7|5|4|1|1|1,8,384,5339265,silent,5338881
10,11|10|7|5|3|2|1|1,8,678,12029593,silent,12028915
10,11|10|7|5|2|2|2|1,8,282,5465818,silent,5465536
10,11|10|7|4|4|2|1|1,8,425,7796703,silent,7796278
10,11|10|7|4|3|3|1|1,8,284,7526609,silent,7526325
10,11|10|7|4|3|2|2|1,8,382,10301834,silent,10301452
10,11|10|7|4|2|2|2|2,8,90,2578377,silent,2578287
10,11|10|7|3|3|3|2|1,8,69,4073388,silent,4073319
10,11|10|7|3|3|2|2|2,8,44,2452971,silent,2452927
10,11|10|6|6|4|1|1|1,8,182,2994680,silent,2994498
10,11|10|6|6|3|2|1|1,8,328,6330742,silent,6330414
10,11|10|6|6|2|2|2|1,8,143,2799669,silent,2799526
10,11|10|6|5|5|1|1|1,8,142,2232954,silent,2232812
10,11|10|6|5|4|2|1|1,8,520,10805546,silent,10805026
10,11|10|6|5|3|3|1|1,8,302,8520781,silent,8520479
10,11|10|6|5|3|2|2|1,8,376,11346325,silent,11345949
10,11|10|6|5|2|2|2|2,8,78,2628373,silent,2628295
10,11|10|6|4|4|3|1|1,8,279,7464849,silent,7464570
10,11|10|6|4|4|2|2|1,8,294,8255873,silent,8255579
10,11|10|6|4|3|3|2|1,8,198,10189884,silent,10189686
10,11|10|6|4|3|2|2|2,8,110,5683040,silent,5682930
10,11|10|6|3|3|3|3|1,8,12,1990174,silent,1990162
10,11|10|6|3|3|3|2|2,8,13,2578321,silent,2578308
10,11|10|5|5|5|2|1|1,8,108,2498117,silent,2498009
10,11|10|5|5|4|3|1|1,8,199,5641641,silent,5641442
10,11|10|5|5|4|2|2|1,8,175,6092256,silent,6092081
10,11|10|5|5|3|3|2|1,8,115,6243045,silent,6242930
10,11|10|5|5|3|2|2|2,8,50,3385987,silent,3385937
10,11|10|5|4|4|4|1|1,8,87,2130330,silent,2130243
10,11|10|5|4|4|3|2|1,8,171,7105719,silent,7105548
10,11|10|5|4|4|2|2|2,8,65,3151878,silent,3151813
10,11|10|5|4|3|3|3|1,8,28,3463261,silent,3463233
10,11|10|5|4|3|3|2|2,8,35,4369041,silent,4369006
10,11|10|5|3|3|3|3|2,8,1,1226850,silent,1226849
10,11|10|4|4|4|4|2|1,8,45,1158692,silent,1158647
10,11|10|4|4|4|3|3|1,8,20,1359033,silent,1359013
10,11|10|4|4|4|3|2|2,8,27,1610351,silent,1610324
10,11|10|4|4|3|3|3|2,8,2,1102600,silent,1102598
10,11|10|4|3|3|3|3|3,8,0,-1,a0,
10,11|9|9|7|1|1|1|1,8,30,214742,silent,214712
10,11|9|9|6|2|1|1|1,8,129,1200759,silent,1200630
10,11|9|9|5|3|1|1|1,8,193,2293587,silent,2293394
10,11|9|9|5|2|2|1|1,8,182,2282772,silent,2282590
10,11|9|9|4|4|1|1|1,8,109,1310692,silent,1310583
10,11|9|9|4|3|2|1|1,8,229,3695643,silent,3695414
10,11|9|9|4|2|2|2|1,8,101,1808712,silent,1808611
10,11|9|9|3|3|3|1|1,8,40,1098591,silent,1098551
10,11|9|9|3|3|2|2|1,8,64,1612410,silent,1612346
10,11|9|9|3|2|2|2|2,8,18,512269,silent,512251
10,11|9|8|8|1|1|1|1,8,16,140880,silent,140864
10,11|9|8|7|2|1|1|1,8,146,1482411,silent,1482265
10,11|9|8|6|3|1|1|1,8,328,4463965,silent,4463637
10,11|9|8|6|2|2|1|1,8,308,4308296,silent,4307988
10,11|9|8|5|4|1|1|1,8,342,5043014,silent,5042672
10,11|9|8|5|3|2|1|1,8,599,11250242,silent,11249643
10,11|9|8|5|2|2|2|1,8,245,5081821,silent,5081576
10,11|9|8|4|4|2|1|1,8,370,7090759,silent,7090389
10,11|9|8|4|3|3|1|1,8,241,6788691,silent,6788450
10,11|9|8|4|3|2|2|1,8,327,9265336,silent,9265009
10,11|9|8|4|2|2|2|2,8,70,2302824,silent,2302754
10,11|9|8|3|3|3|2|1,8,61,3600546,silent,3600485
10,11|9|8|3|3|2|2|2,8,39,2161117,silent,2161078
10,11|9|7|7|3|1|1|1,8,182,2452251,silent,2452069
10,11|9|7|7|2|2|1|1,8,150,2340056,silent,2339906
10,11|9|7|6|4|1|1|1,8,354,5819643,silent,5819289
10,11|9|7|6|3|2|1|1,8,582,12067613,silent,12067031
10,11|9|7|6|2|2|2|1,8,230,5277048,silent,5276818
10,11|9|7|5|5|1|1|1,8,198,3511749,silent,3511551
10,11|9|7|5|4|2|1|1,8,724,16348136,silent,16347412
10,11|9|7|5|3|3|1|1,8,416,12685893,silent,12685477
10,11|9|7|5|3|2|2|1,8,505,16808578,silent,16808073
10,11|9|7|5|2|2|2|2,8,98,3843758,silent,3843660
10,11|9|7|4|4|3|1|1,8,367,10381601,silent,10381234
10,11|9|7|4|4|2|2|1,8,355,11416462,silent,11416107
10,11|9|7|4|3|3|2|1,8,254,13874269,silent,13874015
10,11|9|7|4|3|2|2|2,8,130,7686202,silent,7686072
10,11|9|7|3|3|3|3|1,8,13,2604008,silent,2603995
10,11|9|7|3|3|3|2|2,8,19,3367241,silent,3367222
10,11|9|6|6|5|1|1|1,8,121,2554396,silent,2554275
10,11|9|6|6|4|2|1|1,8,395,9636822,silent,9636427
10,11|9|6|6|3|3|1|1,8,206,7069800,silent,7069594
10,11|9|6|6|3|2|2|1,8,277,9259258,silent,9258981
10,11|9|6|6|2|2|2|2,8,51,2057575,silent,2057524
10,11|9|6|5|5|2|1|1,8,273,7550723,silent,7550450
10,11|9|6|5|4|3|1|1,8,479,15719934,silent,15719455
10,11|9|6|5|4|2|2|1,8,450,16822182,silent,16821732
10,11|9|6|5|3|3|2|1,8,285,16697971,silent,16697686
10,11|9|6|5|3|2|2|2,8,137,8958824,silent,8958687
10,11|9|6|4|4|4|1|1,8,172,4689709,silent,4689537
10,11|9|6|4|4|3|2|1,8,326,15332521,silent,15332195
10,11|9|6|4|4|2|2|2,8,115,6723362,silent,6723247
10,11|9|6|4|3|3|3|1,8,54,7197010,silent,7196956
10,11|9|6|4|3|3|2|2,8,73,9031279,silent,9031206
10,11|9|6|3|3|3|3|2,8,2,2322648,silent,2322646
10,11|9|5|5|5|3|1|1,8,108,4079450,silent,4079342
10,11|9|5|5|5|2|2|1,8,81,4096410,silent,4096329
10,11|9|5|5|4|4|1|1,8,111,3907223,silent,3907112
10,11|9|5|5|4|3|2|1,8,213,11983069,silent,11982856
10,11|9|5|5|4|2|2|2,8,67,5110791,silent,5110724
10,11|9|5|5|3|3|3|1,8,39,4595264,silent,4595225
10,11|9|5|5|3|3|2|2,8,36,5702659,silent,5702623
10,11|9|5|4|4|4|2|1,8,133,5020706,silent,5020573
10,11|9|5|4|4|3|3|1,8,75,5705491,silent,5705416
10,11|9|5|4|4|3|2|2,8,77,6692257,silent,6692180
10,11|9|5|4|3|3|3|2,8,10,4222438,silent,4222428
10,11|9|5|3|3|3|3|3,8,0,-1,a0,
10,11|9|4|4|4|4|3|1,8,39,1232097,silent,1232058
10,11|9|4|4|4|4|2|2,8,25,1173313,silent,1173288
10,11|9|4|4|4|3|3|2,8,13,1731876,silent,1731863
10,11|9|4|4|3|3|3|3,8,0,-1,a0,
10,11|8|8|8|2|1|1|1,8,24,283592,silent,283568
10,11|8|8|7|3|1|1|1,8,114,1645350,silent,1645236
10,11|8|8|7|2|2|1|1,8,99,1561893,silent,1561794
10,11|8|8|6|4|1|1|1,8,175,3160134,silent,3159959
10,11|8|8|6|3|2|1|1,8,301,6503114,silent,6502813
10,11|8|8|6|2|2|2|1,8,126,2831597,silent,2831471
10,11|8|8|5|5|1|1|1,8,104,1804159,silent,1804055
10,11|8|8|5|4|2|1|1,8,349,8258579,silent,8258230
10,11|8|8|5|3|3|1|1,8,204,6371400,silent,6371196
10,11|8|8|5|3|2|2|1,8,247,8417323,silent,8417076
10,11|8|8|5|2|2|2|2,8,53,1918192,silent,1918139
10,11|8|8|4|4|3|1|1,8,164,5085796,silent,5085632
10,11|8|8|4|4|2|2|1,8,177,5584074,silent,5583897
10,11|8|8|4|3|3|2|1,8,117,6739368,silent,6739251
10,11|8|8|4|3|2|2|2,8,66,3724322,silent,3724256
10,11|8|8|3|3|3|3|1,8,8,1246416,silent,1246408
10,11|8|8|3|3|3|2|2,8,7,1605192,silent,1605185
10,11|8|7|7|4|1|1|1,8,132,2252021,silent,2251889
10,11|8|7|7|3|2|1|1,8,199,4505569,silent,4505370
10,11|8|7|7|2|2|2|1,8,72,1933323,silent,1933251
10,11|8|7|6|5|1|1|1,8,161,3408401,silent,3408240
10,11|8|7|6|4|2|1|1,8,473,12404497,silent,12404024
10,11|8|7|6|3|3|1|1,8,256,8971471,silent,8971215
10,11|8|7|6|3|2|2|1,8,315,11694908,silent,11694593
10,11|8|7|6|2|2|2|2,8,60,2570291,silent,2570231
10,11|8|7|5|5|2|1|1,8,272,7934336,silent,7934064
10,11|8|7|5|4|3|1|1,8,457,15981082,silent,15980625
10,11|8|7|5|4|2|2|1,8,418,17021653,silent,17021235
10,11|8|7|5|3|3|2|1,8,265,16657985,silent,16657720
10,11|8|7|5|3|2|2|2,8,123,8885610,silent,8885487
10,11|8|7|4|4|4|1|1,8,145,4428384,silent,4428239
10,11|8|7|4|4|3|2|1,8,281,14340452,silent,14340171
10,11|8|7|4|4|2|2|2,8,101,6253234,silent,6253133
10,11|8|7|4|3|3|3|1,8,49,6617428,silent,6617379
10,11|8|7|4|3|3|2|2,8,60,8280472,silent,8280412
10,11|8|7|3|3|3|3|2,8,2,2054979,silent,2054977
10,11|8|6|6|6|1|1|1,8,25,820555,silent,820530
10,11|8|6|6|5|2|1|1,8,193,6313171,silent,6312978
10,11|8|6|6|4|3|1|1,8,263,10385389,silent,10385126
10,11|8|6|6|4|2|2|1,8,273,10938701,silent,10938428
10,11|8|6|6|3|3|2|1,8,158,10115355,silent,10115197
10,11|8|6|6|3|2|2|2,8,84,5325352,silent,5325268
10,11|8|6|5|5|3|1|1,8,210,8979023,silent,8978813
10,11|8|6|5|5|2|2|1,8,170,8935446,silent,8935276
10,11|8|6|5|4|4|1|1,8,206,8025586,silent,8025380
10,11|8|6|5|4|3|2|1,8,398,24166182,silent,24165784
10,11|8|6|5|4|2|2|2,8,136,10204031,silent,10203895
10,11|8|6|5|3|3|3|1,8,68,8942805,silent,8942737
10,11|8|6|5|3|3|2|2,8,74,11036227,silent,11036153
10,11|8|6|4|4|4|2|1,8,189,8038991,silent,8038802
10,11|8|6|4|4|3|3|1,8,101,8991967,silent,8991866
10,11|8|6|4|4|3|2|2,8,114,10499454,silent,10499340
10,11|8|6|4|3|3|3|2,8,14,6388864,silent,6388850
10,11|8|6|3|3|3|3|3,8,0,-1,a0,
10,11|8|5|5|5|4|1|1,8,55,2788818,silent,2788763
10,11|8|5|5|5|3|2|1,8,81,6733549,silent,6733468
10,11|8|5|5|5|2|2|2,8,16,2642145,silent,2642129
10,11|8|5|5|4|4|2|1,8,117,7037447,silent,7037330
10,11|8|5|5|4|3|3|1,8,76,7445010,silent,7444934
10,11|8|5|5|4|3|2|2,8,64,8589958,silent,8589894
10,11|8|5|5|3|3|3|2,8,11,4274018,silent,4274007
10,11|8|5|4|4|4|3|1,8,82,4067230,silent,4067148
10,11|8|5|4|4|4|2|2,8,61,3837099,silent,3837038
10,11|8|5|4|4|3|3|2,8,31,5492487,silent,5492456
10,11|8|5|4|3|3|3|3,8,1,1630709,silent,1630708
10,11|8|4|4|4|4|4|1,8,23,434616,silent,434593
10,11|8|4|4|4|4|3|2,8,25,1288544,silent,1288519
10,11|8|4|4|4|3|3|3,8,1,718112,silent,718111
10,11|7|7|7|5|1|1|1,8,36,770648,silent,770612
10,11|7|7|7|4|2|1|1,8,92,2595519,silent,2595427
10,11|7|7|7|3|3|1|1,8,50,1823524,silent,1823474
10,11|7|7|7|3|2|2|1,8,53,2360479,silent,2360426
10,11|7|7|7|2|2|2|2,8,7,507492,silent,507485
10,11|7|7|6|6|1|1|1,8,27,628665,silent,628638
10,11|7|7|6|5|2|1|1,8,135,4496762,silent,4496627
10,11|7|7|6|4|3|1|1,8,184,7194101,silent,7193917
10,11|7|7|6|4|2|2|1,8,160,7544993,silent,7544833
10,11|7|7|6|3|3|2|1,8,102,6897753,silent,6897651
10,11|7|7|6|3|2|2|2,8,44,3612178,silent,3612134
10,11|7|7|5|5|3|1|1,8,109,5155428,silent,5155319
10,11|7|7|5|5|2|2|1,8,96,5115559,silent,5115463
10,11|7|7|5|4|4|1|1,8,113,4504596,silent,4504483
10,11|7|7|5|4|3|2|1,8,208,13450849,silent,13450641
10,11|7|7|5|4|2|2|2,8,62,5650516,silent,5650454
10,11|7|7|5|3|3|3|1,8,36,4906210,silent,4906174
10,11|7|7|5|3|3|2|2,8,40,6047850,silent,6047810
10,11|7|7|4|4|4|2|1,8,85,4194224,silent,4194139
10,11|7|7|4|4|3|3|1,8,56,4664545,silent,4664489
10,11|7|7|4|4|3|2|2,8,49,5429381,silent,5429332
10,11|7|7|4|3|3|3|2,8,8,3260667,silent,3260659
10,11|7|7|3|3|3|3|3,8,0,-1,a0,
10,11|7|6|6|6|2|1|1,8,37,1423645,silent,1423608
10,11|7|6|6|5|3|1|1,8,102,5237677,silent,5237575
10,11|7|6|6|5|2|2|1,8,99,5134796,silent,5134697
10,11|7|6|6|4|4|1|1,8,85,3793295,silent,3793210
10,11|7|6|6|4|3|2|1,8,168,11027188,silent,11027020
10,11|7|6|6|4|2|2|2,8,63,4573492,silent,4573429
10,11|7|6|6|3|3|3|1,8,25,3773619,silent,3773594
10,11|7|6|6|3|3|2|2,8,35,4617909,silent,4617874
10,11|7|6|5|5|4|1|1,8,72,4253848,silent,4253776
10,11|7|6|5|5|3|2|1,8,119,10100358,silent,10100239
10,11|7|6|5|5|2|2|2,8,36,3928675,silent,3928639
10,11|7|6|5|4|4|2|1,8,157,9899482,silent,9899325
10,11|7|6|5|4|3|3|1,8,95,10324672,silent,10324577
10,11|7|6|5|4|3|2|2,8,93,11862015,silent,11861922
10,11|7|6|5|3|3|3|2,8,14,5709014,silent,5709000
10,11|7|6|4|4|4|3|1,8,80,4519833,silent,4519753
10,11|7|6|4|4|4|2|2,8,58,4245464,silent,4245406
10,11|7|6|4|4|3|3|2,8,33,5992306,silent,5992273
10,11|7|6|4|3|3|3|3,8,0,-1,a0,
10,11|7|5|5|5|5|1|1,8,7,671743,silent,671736
10,11|7|5|5|5|4|2|1,8,35,3864033,silent,3863998
10,11|7|5|5|5|3|3|1,8,22,3292182,silent,3292160
10,11|7|5|5|5|3|2|2,8,15,3682784,silent,3682769
10,11|7|5|5|4|4|3|1,8,51,4365009,silent,4364958
10,11|7|5|5|4|4|2|2,8,33,4049165,silent,4049132
10,11|7|5|5|4|3|3|2,8,23,5410298,silent,5410275
10,11|7|5|5|3|3|3|3,8,1,1255372,silent,1255371
10,11|7|5|4|4|4|4|1,8,31,1091224,silent,1091193
10,11|7|5|4|4|4|3|2,8,39,3178977,silent,3178938
10,11|7|5|4|4|3|3|3,8,4,1713691,silent,1713687
10,11|7|4|4|4|4|4|2,8,16,399463,silent,399447
10,11|7|4|4|4|4|3|3,8,7,466131,silent,466124
10,11|6|6|6|6|3|1|1,8,8,656814,silent,656806
10,11|6|6|6|6|2|2|1,8,15,626629,silent,626614
10,11|6|6|6|5|4|1|1,8,19,1369313,silent,1369294
10,11|6|6|6|5|3|2|1,8,39,3148221,silent,3148182
10,11|6|6|6|5|2|2|2,8,18,1205798,silent,1205780
10,11|6|6|6|4|4|2|1,8,41,2520352,silent,2520311
10,11|6|6|6|4|3|3|1,8,18,2555215,silent,2555197
10,11|6|6|6|4|3|2|2,8,29,2915955,silent,2915926
10,11|6|6|6|3|3|3|2,8,2,1302499,silent,1302497
10,11|6|6|5|5|5|1|1,8,7,559992,silent,559985
10,11|6|6|5|5|4|2|1,8,27,3116956,silent,3116929
10,11|6|6|5|5|3|3|1,8,19,2626590,silent,2626571
10,11|6|6|5|5|3|2|2,8,14,2923033,silent,2923019
10,11|6|6|5|4|4|3|1,8,37,3288302,silent,3288265
10,11|6|6|5|4|4|2|2,8,31,3044285,silent,3044254
10,11|6|6|5|4|3|3|2,8,16,4013326,silent,4013310
10,11|6|6|5|3|3|3|3,8,1,905927,silent,905926
10,11|6|6|4|4|4|4|1,8,20,667017,silent,666997
10,11|6|6|4|4|4|3|2,8,23,1927099,silent,1927076
10,11|6|6|4|4|3|3|3,8,1,1022298,silent,1022297
10,11|6|5|5|5|5|2|1,8,3,672880,silent,672877
10,11|6|5|5|5|4|3|1,8,10,1719329,silent,1719319
10,11|6|5|5|5|4|2|2,8,3,1547137,silent,1547134
10,11|6|5|5|5|3|3|2,8,5,1669554,silent,1669549
10,11|6|5|5|4|4|4|1,8,10,833964,silent,833954
10,11|6|5|5|4|4|3|2,8,14,2346601,silent,2346587
10,11|6|5|5|4|3|3|3,8,3,1170896,silent,1170893
10,11|6|5|4|4|4|4|2,8,17,683563,silent,683546
10,11|6|5|4|4|4|3|3,8,6,788818,silent,788812
10,11|6|4|4|4|4|4|3,8,8,144237,silent,144229
10,11|5|5|5|5|5|3|1,8,0,-1,a0,
10,11|5|5|5|5|5|2|2,8,0,-1,a0,
10,11|5|5|5|5|4|4|1,8,1,188739,silent,188738
10,11|5|5|5|5|4|3|2,8,1,491265,silent,491264
10,11|5|5|5|5|3|3|3,8,0,-1,a0,
10,11|5|5|5|4|4|4|2,8,1,272823,silent,272822
10,11|5|5|5|4|4|3|3,8,2,308232,silent,308230
10,11|5|5|4|4|4|4|3,8,3,128307,silent,128304
10,11|5|4|4|4|4|4|4,8,2,15673,silent,15671
10,10|10|10|6|1|1|1|1,8,13,67440,silent,67427
10,10|10|10|5|2|1|1|1,8,30,260951,silent,260921
10,10|10|10|4|3|1|1|1,8,35,323039,silent,323004
10,10|10|10|4|2|2|1|1,8,24,342640,silent,342616
10,10|10|10|3|3|2|1|1,8,24,280864,silent,280840
10,10|10|10|3|2|2|2|1,8,14,174006,silent,173992
10,10|10|10|2|2|2|2|2,8,6,24912,silent,24906
10,10|10|9|7|1|1|1|1,8,16,129384,silent,129368
10,10|10|9|6|2|1|1|1,8,72,709473,silent,709401
10,10|10|9|5|3|1|1|1,8,113,1344096,silent,1343983
10,10|10|9|5|2|2|1|1,8,107,1334624,silent,1334517
10,10|10|9|4|4|1|1|1,8,56,763664,silent,763608
10,10|10|9|4|3|2|1|1,8,131,2151194,silent,2151063
10,10|10|9|4|2|2|2|1,8,62,1051907,silent,1051845
10,10|10|9|3|3|3|1|1,8,25,638625,silent,638600
10,10|10|9|3|3|2|2|1,8,34,934539,silent,934505
10,10|10|9|3|2|2|2|2,8,12,297357,silent,297345
10,10|10|8|8|1|1|1|1,8,15,70966,silent,70951
10,10|10|8|7|2|1|1|1,8,69,715189,silent,715120
10,10|10|8|6|3|1|1|1,8,162,2118684,silent,2118522
10,10|10|8|6|2|2|1|1,8,126,2038188,silent,2038062
10,10|10|8|5|4|1|1|1,8,158,2372223,silent,2372065
10,10|10|8|5|3|2|1|1,8,282,5282363,silent,5282081
10,10|10|8|5|2|2|2|1,8,115,2382632,silent,2382517
10,10|10|8|4|4|2|1|1,8,152,3311953,silent,3311801
10,10|10|8|4|3|3|1|1,8,124,3171924,silent,3171800
10,10|10|8|4|3|2|2|1,8,147,4321790,silent,4321643
10,10|10|8|4|2|2|2|2,8,47,1076285,silent,1076238
10,10|10|8|3|3|3|2|1,8,27,1674284,silent,1674257
10,10|10|8|3|3|2|2|2,8,11,1001976,silent,1001965
10,10|10|7|7|3|1|1|1,8,72,1098427,silent,1098355
10,10|10|7|7|2|2|1|1,8,81,1048603,silent,1048522
10,10|10|7|6|4|1|1|1,8,152,2565619,silent,2565467
10,10|10|7|6|3|2|1|1,8,252,5310031,silent,5309779
10,10|10|7|6|2|2|2|1,8,101,2319267,silent,2319166
10,10|10|7|5|5|1|1|1,8,85,1538603,silent,1538518
10,10|10|7|5|4|2|1|1,8,318,7135069,silent,7134751
10,10|10|7|5|3|3|1|1,8,170,5527853,silent,5527683
10,10|10|7|5|3|2|2|1,8,218,7318713,silent,7318495
10,10|10|7|5|2|2|2|2,8,38,1671178,silent,1671140
10,10|10|7|4|4|3|1|1,8,154,4504664,silent,4504510
10,10|10|7|4|4|2|2|1,8,155,4951909,silent,4951754
10,10|10|7|4|3|3|2|1,8,106,6007478,silent,6007372
10,10|10|7|4|3|2|2|2,8,57,3325646,silent,3325589
10,10|10|7|3|3|3|3|1,8,6,1124058,silent,1124052
10,10|10|7|3|3|3|2|2,8,8,1451500,silent,1451492
10,10|10|6|6|5|1|1|1,8,53,1092578,silent,1092525
10,10|10|6|6|4|2|1|1,8,146,4102264,silent,4102118
10,10|10|6|6|3|3|1|1,8,104,3010562,silent,3010458
10,10|10|6|6|3|2|2|1,8,113,3935367,silent,3935254
10,10|10|6|6|2|2|2|2,8,37,876846,silent,876809
10,10|10|6|5|5|2|1|1,8,124,3197276,silent,3197152
10,10|10|6|5|4|3|1|1,8,198,6631928,silent,6631730
10,10|10|6|5|4|2|2|1,8,187,7092292,silent,7092105
10,10|10|6|5|3|3|2|1,8,117,7028762,silent,7028645
10,10|10|6|5|3|2|2|2,8,52,3766735,silent,3766683
10,10|10|6|4|4|4|1|1,8,53,1965465,silent,1965412
10,10|10|6|4|4|3|2|1,8,134,6428654,silent,6428520
10,10|10|6|4|4|2|2|2,8,66,2821807,silent,2821741
10,10|10|6|4|3|3|3|1,8,26,3012968,silent,3012942
10,10|10|6|4|3|3|2|2,8,21,3774044,silent,3774023
10,10|10|6|3|3|3|3|2,8,2,969266,silent,969264
10,10|10|5|5|5|3|1|1,8,42,1695875,silent,1695833
10,10|10|5|5|5|2|2|1,8,32,1702053,silent,1702021
10,10|10|5|5|4|4|1|1,8,57,1622319,silent,1622262
10,10|10|5|5|4|3|2|1,8,86,4964031,silent,4963945
10,10|10|5|5|4|2|2|2,8,18,2113149,silent,2113131
10,10|10|5|5|3|3|3|1,8,13,1899329,silent,1899316
10,10|10|5|5|3|3|2|2,8,21,2358501,silent,2358480
10,10|10|5|4|4|4|2|1,8,55,2069910,silent,2069855
10,10|10|5|4|4|3|3|1,8,29,2349609,silent,2349580
10,10|10|5|4|4|3|2|2,8,31,2755173,silent,2755142
10,10|10|5|4|3|3|3|2,8,4,1734822,silent,1734818
10,10|10|5|3|3|3|3|3,8,0,-1,a0,
10,10|10|4|4|4|4|3|1,8,11,502156,silent,502145
10,10|10|4|4|4|4|2|2,8,20,481175,silent,481155
10,10|10|4|4|4|3|3|2,8,2,704631,silent,704629
10,10|10|4|4|3|3|3|3,8,1,229080,silent,229079
10,10|9|9|8|1|1|1|1,8,5,61137,silent,61132
10,10|9|9|7|2|1|1|1,8,48,502072,silent,502024
10,10|9|9|6|3|1|1|1,8,97,1383042,silent,1382945
10,10|9|9|6|2|2|1|1,8,96,1332182,silent,1332086
10,10|9|9|5|4|1|1|1,8,98,1507252,silent,1507154
10,10|9|9|5|3|2|1|1,8,167,3338374,silent,3338207
10,10|9|9|5|2|2|2|1,8,65,1501194,silent,1501129
10,10|9|9|4|4|2|1|1,8,111,2072701,silent,2072590
10,10|9|9|4|3|3|1|1,8,63,1970361,silent,1970298
10,10|9|9|4|3|2|2|1,8,88,2684965,silent,2684877
10,10|9|9|4|2|2|2|2,8,12,661981,silent,661969
10,10|9|9|3|3|3|2|1,8,17,1031759,silent,1031742
10,10|9|9|3|3|2|2|2,8,13,618370,silent,618357
10,10|9|8|8|2|1|1|1,8,30,343685,silent,343655
10,10|9|8|7|3|1|1|1,8,123,1830811,silent,1830688
10,10|9|8|7|2|2|1|1,8,107,1735971,silent,1735864
10,10|9|8|6|4|1|1|1,8,191,3392264,silent,3392073
10,10|9|8|6|3|2|1|1,8,313,6951481,silent,6951168
10,10|9|8|6|2|2|2|1,8,122,3018174,silent,3018052
10,10|9|8|5|5|1|1|1,8,102,1906904,silent,1906802
10,10|9|8|5|4|2|1|1,8,356,8674627,silent,8674271
10,10|9|8|5|3|3|1|1,8,205,6668193,silent,6667988
10,10|9|8|5|3|2|2|1,8,247,8801455,silent,8801208
10,10|9|8|5|2|2|2|2,8,48,1997580,silent,1997532
10,10|9|8|4|4|3|1|1,8,171,5282898,silent,5282727
10,10|9|8|4|4|2|2|1,8,169,5789730,silent,5789561
10,10|9|8|4|3|3|2|1,8,121,6967966,silent,6967845
10,10|9|8|4|3|2|2|2,8,60,3843153,silent,3843093
10,10|9|8|3|3|3|3|1,8,7,1278957,silent,1278950
10,10|9|8|3|3|3|2|2,8,9,1648657,silent,1648648
10,10|9|7|7|4|1|1|1,8,111,1972198,silent,1972087
10,10|9|7|7|3|2|1|1,8,168,3930247,silent,3930079
10,10|9|7|7|2|2|2|1,8,60,1682334,silent,1682274
10,10|9|7|6|5|1|1|1,8,134,2886665,silent,2886531
10,10|9|7|6|4|2|1|1,8,390,10434508,silent,10434118
10,10|9|7|6|3|3|1|1,8,207,7521236,silent,7521029
10,10|9|7|6|3|2|2|1,8,253,9793312,silent,9793059
10,10|9|7|6|2|2|2|2,8,42,2144734,silent,2144692
10,10|9|7|5|5|2|1|1,8,213,6575992,silent,6575779
10,10|9|7|5|4|3|1|1,8,365,13166388,silent,13166023
10,10|9|7|5|4|2|2|1,8,331,14005683,silent,14005352
10,10|9|7|5|3|3|2|1,8,213,13664868,silent,13664655
10,10|9|7|5|3|2|2|2,8,97,7277802,silent,7277705
10,10|9|7|4|4|4|1|1,8,118,3613388,silent,3613270
10,10|9|7|4|4|3|2|1,8,220,11667905,silent,11667685
10,10|9|7|4|4|2|2|2,8,71,5077168,silent,5077097
10,10|9|7|4|3|3|3|1,8,40,5363590,silent,5363550
10,10|9|7|4|3|3|2|2,8,50,6707982,silent,6707932
10,10|9|7|3|3|3|3|2,8,1,1652792,silent,1652791
10,10|9|6|6|6|1|1|1,8,23,645764,silent,645741
10,10|9|6|6|5|2|1|1,8,148,4905539,silent,4905391
10,10|9|6|6|4|3|1|1,8,200,8020504,silent,8020304
10,10|9|6|6|4|2|2|1,8,197,8435860,silent,8435663
10,10|9|6|6|3|3|2|1,8,118,7777958,silent,7777840
10,10|9|6|6|3|2|2|2,8,60,4087432,silent,4087372
10,10|9|6|5|5|3|1|1,8,152,6832734,silent,6832582
10,10|9|6|5|5|2|2|1,8,126,6792513,silent,6792387
10,10|9|6|5|4|4|1|1,8,151,6078869,silent,6078718
10,10|9|6|5|4|3|2|1,8,291,18258600,silent,18258309
10,10|9|6|5|4|2|2|2,8,96,7696727,silent,7696631
10,10|9|6|5|3|3|3|1,8,50,6731067,silent,6731017
10,10|9|6|5|3|3|2|2,8,55,8301840,silent,8301785
10,10|9|6|4|4|4|2|1,8,132,6012971,silent,6012839
10,10|9|6|4|4|3|3|1,8,75,6714461,silent,6714386
10,10|9|6|4|4|3|2|2,8,80,7831983,silent,7831903
10,10|9|6|4|3|3|3|2,8,11,4749537,silent,4749526
10,10|9|6|3|3|3|3|3,8,0,-1,a0,
10,10|9|5|5|5|4|1|1,8,37,2042088,silent,2042051
10,10|9|5|5|5|3|2|1,8,57,4920070,silent,4920013
10,10|9|5|5|5|2|2|2,8,15,1928616,silent,1928601
10,10|9|5|5|4|4|2|1,8,83,5117372,silent,5117289
10,10|9|5|5|4|3|3|1,8,53,5403462,silent,5403409
10,10|9|5|5|4|3|2|2,8,45,6229951,silent,6229906
10,10|9|5|5|3|3|3|2,8,8,3088061,silent,3088053
10,10|9|5|4|4|4|3|1,8,55,2923057,silent,2923002
10,10|9|5|4|4|4|2|2,8,39,2754301,silent,2754262
10,10|9|5|4|4|3|3|2,8,23,3937679,silent,3937656
10,10|9|5|4|3|3|3|3,8,0,-1,a0,
10,10|9|4|4|4|4|4|1,8,14,305893,silent,305879
10,10|9|4|4|4|4|3|2,8,16,905892,silent,905876
10,10|9|4|4|4|3|3|3,8,1,504167,silent,504166
10,10|8|8|8|3|1|1|1,8,30,390117,silent,390087
10,10|8|8|8|2|2|1|1,8,13,364841,silent,364828
10,10|8|8|7|4|1|1|1,8,75,1445689,silent,1445614
10,10|8|8|7|3|2|1|1,8,119,2859188,silent,2859069
10,10|8|8|7|2|2|2|1,8,46,1218600,silent,1218554
10,10|8|8|6|5|1|1|1,8,78,1728400,silent,1728322
10,10|8|8|6|4|2|1|1,8,204,6143520,silent,6143316
10,10|8|8|6|3|3|1|1,8,130,4407079,silent,4406949
10,10|8|8|6|3|2|2|1,8,145,5719261,silent,5719116
10,10|8|8|6|2|2|2|2,8,40,1251348,silent,1251308
10,10|8|8|5|5|2|1|1,8,126,3663533,silent,3663407
10,10|8|8|5|4|3|1|1,8,190,7225207,silent,7225017
10,10|8|8|5|4|2|2|1,8,179,7668992,silent,7668813
10,10|8|8|5|3|3|2|1,8,111,7432473,silent,7432362
10,10|8|8|5|3|2|2|2,8,51,3946664,silent,3946613
10,10|8|8|4|4|4|1|1,8,44,1923698,silent,1923654
10,10|8|8|4|4|3|2|1,8,113,6196698,silent,6196585
10,10|8|8|4|4|2|2|2,8,56,2695849,silent,2695793
10,10|8|8|4|3|3|3|1,8,23,2827076,silent,2827053
10,10|8|8|4|3|3|2|2,8,18,3524373,silent,3524355
10,10|8|8|3|3|3|3|2,8,2,856877,silent,856875
10,10|8|7|7|5|1|1|1,8,57,1355614,silent,1355557
10,10|8|7|7|4|2|1|1,8,163,4507242,silent,4507079
10,10|8|7|7|3|3|1|1,8,71,3149511,silent,3149440
10,10|8|7|7|3|2|2|1,8,93,4067641,silent,4067548
10,10|8|7|7|2|2|2|2,8,9,870979,silent,870970
10,10|8|7|6|6|1|1|1,8,40,1030606,silent,1030566
10,10|8|7|6|5|2|1|1,8,206,7213096,silent,7212890
10,10|8|7|6|4|3|1|1,8,273,11410213,silent,11409940
10,10|8|7|6|4|2|2|1,8,250,11944535,silent,11944285
10,10|8|7|6|3|3|2|1,8,154,10858429,silent,10858275
10,10|8|7|6|3|2|2|2,8,71,5673072,silent,5673001
10,10|8|7|5|5|3|1|1,8,162,7933396,silent,7933234
10,10|8|7|5|5|2|2|1,8,138,7851125,silent,7850987
10,10|8|7|5|4|4|1|1,8,168,6864904,silent,6864736
10,10|8|7|5|4|3|2|1,8,301,20418120,silent,20417819
10,10|8|7|5|4|2|2|2,8,93,8556933,silent,8556840
10,10|8|7|5|3|3|3|1,8,49,7399019,silent,7398970
10,10|8|7|5|3|3|2|2,8,60,9103138,silent,9103078
10,10|8|7|4|4|4|2|1,8,125,6245998,silent,6245873
10,10|8|7|4|4|3|3|1,8,73,6920265,silent,6920192
10,10|8|7|4|4|3|2|2,8,73,8049399,silent,8049326
10,10|8|7|4|3|3|3|2,8,11,4799218,silent,4799207
10,10|8|7|3|3|3|3|3,8,0,-1,a0,
10,10|8|6|6|6|2|1|1,8,36,1809867,silent,1809831
10,10|8|6|6|5|3|1|1,8,128,6525064,silent,6524936
10,10|8|6|6|5|2|2|1,8,116,6382275,silent,6382159
10,10|8|6|6|4|4|1|1,8,82,4678278,silent,4678196
10,10|8|6|6|4|3|2|1,8,195,13554705,silent,13554510
10,10|8|6|6|4|2|2|2,8,88,5612216,silent,5612128
10,10|8|6|6|3|3|3|1,8,34,4609085,silent,4609051
10,10|8|6|6|3|3|2|2,8,30,5627454,silent,5627424
10,10|8|6|5|5|4|1|1,8,89,5093502,silent,5093413
10,10|8|6|5|5|3|2|1,8,135,12039387,silent,12039252
10,10|8|6|5|5|2|2|2,8,32,4667724,silent,4667692
10,10|8|6|5|4|4|2|1,8,175,11693945,silent,11693770
10,10|8|6|5|4|3|3|1,8,106,12155929,silent,12155823
10,10|8|6|5|4|3|2|2,8,104,13948142,silent,13948038
10,10|8|6|5|3|3|3|2,8,17,6669528,silent,6669511
10,10|8|6|4|4|4|3|1,8,81,5218510,silent,5218429
10,10|8|6|4|4|4|2|2,8,78,4902699,silent,4902621
10,10|8|6|4|4|3|3|2,8,29,6886813,silent,6886784
10,10|8|6|4|3|3|3|3,8,2,1961667,silent,1961665
10,10|8|5|5|5|5|1|1,8,5,738246,silent,738241
10,10|8|5|5|5|4|2|1,8,36,4216251,silent,4216215
10,10|8|5|5|5|3|3|1,8,23,3580962,silent,3580939
10,10|8|5|5|5|3|2|2,8,18,4000171,silent,4000153
10,10|8|5|5|4|4|3|1,8,57,4705686,silent,4705629
10,10|8|5|5|4|4|2|2,8,26,4357503,silent,4357477
10,10|8|5|5|4|3|3|2,8,26,5806844,silent,5806818
10,10|8|5|5|3|3|3|3,8,0,-1,a0,
10,10|8|5|4|4|4|4|1,8,32,1151815,silent,1151783
10,10|8|5|4|4|4|3|2,8,38,3347057,silent,3347019
10,10|8|5|4|4|3|3|3,8,4,1796642,silent,1796638
10,10|8|4|4|4|4|4|2,8,21,404740,silent,404719
10,10|8|4|4|4|4|3|3,8,2,468719,silent,468717
10,10|7|7|7|6|1|1|1,8,14,311858,silent,311844
10,10|7|7|7|5|2|1|1,8,45,1722785,silent,1722740
10,10|7|7|7|4|3|1|1,8,59,2532937,silent,2532878
10,10|7|7|7|4|2|2|1,8,44,2630250,silent,2630206
10,10|7|7|7|3|3|2|1,8,29,2326216,silent,2326187
10,10|7|7|7|3|2|2|2,8,11,1203534,silent,1203523
10,10|7|7|6|6|2|1|1,8,39,1446401,silent,1446362
10,10|7|7|6|5|3|1|1,8,89,4855295,silent,4855206
10,10|7|7|6|5|2|2|1,8,75,4733351,silent,4733276
10,10|7|7|6|4|4|1|1,8,76,3406921,silent,3406845
10,10|7|7|6|4|3|2|1,8,129,9775484,silent,9775355
10,10|7|7|6|4|2|2|2,8,32,4019780,silent,4019748
10,10|7|7|6|3|3|3|1,8,22,3275585,silent,3275563
10,10|7|7|6|3|3|2|2,8,28,4000018,silent,3999990
10,10|7|7|5|5|4|1|1,8,43,3068249,silent,3068206
10,10|7|7|5|5|3|2|1,8,78,7203105,silent,7203027
10,10|7|7|5|5|2|2|2,8,26,2784374,silent,2784348
10,10|7|7|5|4|4|2|1,8,94,6830728,silent,6830634
10,10|7|7|5|4|3|3|1,8,61,7056078,silent,7056017
10,10|7|7|5|4|3|2|2,8,53,8078079,silent,8078026
10,10|7|7|5|3|3|3|2,8,9,3808792,silent,3808783
10,10|7|7|4|4|4|3|1,8,46,2841726,silent,2841680
10,10|7|7|4|4|4|2|2,8,19,2653834,silent,2653815
10,10|7|7|4|4|3|3|2,8,22,3719670,silent,3719648
10,10|7|7|4|3|3|3|3,8,0,-1,a0,
10,10|7|6|6|6|3|1|1,8,25,1632431,silent,1632406
10,10|7|6|6|6|2|2|1,8,28,1548822,silent,1548794
10,10|7|6|6|5|4|1|1,8,47,3272084,silent,3272037
10,10|7|6|6|5|3|2|1,8,83,7469235,silent,7469152
10,10|7|6|6|5|2|2|2,8,30,2846501,silent,2846471
10,10|7|6|6|4|4|2|1,8,80,5878561,silent,5878481
10,10|7|6|6|4|3|3|1,8,46,5929661,silent,5929615
10,10|7|6|6|4|3|2|2,8,53,6748614,silent,6748561
10,10|7|6|6|3|3|3|2,8,7,2983221,silent,2983214
10,10|7|6|5|5|5|1|1,8,11,1230263,silent,1230252
10,10|7|6|5|5|4|2|1,8,58,6770940,silent,6770882
10,10|7|6|5|5|3|3|1,8,35,5671026,silent,5670991
10,10|7|6|5|5|3|2|2,8,31,6304433,silent,6304402
10,10|7|6|5|4|4|3|1,8,72,6985328,silent,6985256
10,10|7|6|5|4|4|2|2,8,53,6448946,silent,6448893
10,10|7|6|5|4|3|3|2,8,33,8461558,silent,8461525
10,10|7|6|5|3|3|3|3,8,1,1883482,silent,1883481
10,10|7|6|4|4|4|4|1,8,31,1357813,silent,1357782
10,10|7|6|4|4|4|3|2,8,39,3909246,silent,3909207
10,10|7|6|4|4|3|3|3,8,4,2063060,silent,2063056
10,10|7|5|5|5|5|2|1,8,4,1140943,silent,1140939
10,10|7|5|5|5|4|3|1,8,14,2881657,silent,2881643
10,10|7|5|5|5|4|2|2,8,9,2589857,silent,2589848
10,10|7|5|5|5|3|3|2,8,6,2776335,silent,2776329
10,10|7|5|5|4|4|4|1,8,16,1370208,silent,1370192
10,10|7|5|5|4|4|3|2,8,22,3839883,silent,3839861
10,10|7|5|5|4|3|3|3,8,4,1902706,silent,1902702
10,10|7|5|4|4|4|4|2,8,19,1071738,silent,1071719
10,10|7|5|4|4|4|3|3,8,11,1235148,silent,1235137
10,10|7|4|4|4|4|4|3,8,9,205662,silent,205653
10,10|6|6|6|6|4|1|1,8,3,463838,silent,463835
10,10|6|6|6|6|3|2|1,8,12,983447,silent,983435
10,10|6|6|6|6|2|2|2,8,12,364512,silent,364500
10,10|6|6|6|5|5|1|1,8,5,444995,silent,444990
10,10|6|6|6|5|4|2|1,8,22,2259472,silent,2259450
10,10|6|6|6|5|3|3|1,8,10,1841028,silent,1841018
10,10|6|6|6|5|3|2|2,8,13,2029910,silent,2029897
10,10|6|6|6|4|4|3|1,8,16,1850133,silent,1850117
10,10|6|6|6|4|4|2|2,8,25,1702173,silent,1702148
10,10|6|6|6|4|3|3|2,8,5,2162844,silent,2162839
10,10|6|6|6|3|3|3|3,8,1,447416,silent,447415
10,10|6|6|5|5|5|2|1,8,3,972931,silent,972928
10,10|6|6|5|5|4|3|1,8,13,2391605,silent,2391592
10,10|6|6|5|5|4|2|2,8,5,2137714,silent,2137709
10,10|6|6|5|5|3|3|2,8,8,2269701,silent,2269693
10,10|6|6|5|4|4|4|1,8,13,1066456,silent,1066443
10,10|6|6|5|4|4|3|2,8,18,2965661,silent,2965643
10,10|6|6|5|4|3|3|3,8,2,1448495,silent,1448493
10,10|6|6|4|4|4|4|2,8,19,673891,silent,673872
10,10|6|6|4|4|4|3|3,8,2,765091,silent,765089
10,10|6|5|5|5|5|3|1,8,1,576296,silent,576295
10,10|6|5|5|5|5|2|2,8,1,483880,silent,483879
10,10|6|5|5|5|4|4|1,8,2,616182,silent,616180
10,10|6|5|5|5|4|3|2,8,3,1594230,silent,1594227
10,10|6|5|5|5|3|3|3,8,1,624419,silent,624418
10,10|6|5|5|4|4|4|2,8,4,852709,silent,852705
10,10|6|5|5|4|4|3|3,8,5,956487,silent,956482
10,10|6|5|4|4|4|4|3,8,7,364886,silent,364879
10,10|6|4|4|4|4|4|4,8,7,34708,silent,34701
10,10|5|5|5|5|5|4|1,8,0,-1,a0,
10,10|5|5|5|5|5|3|2,8,0,-1,a0,
10,10|5|5|5|5|4|4|2,8,1,201044,silent,201043
10,10|5|5|5|5|4|3|3,8,0,-1,a0,
10,10|5|5|5|4|4|4|3,8,1,150739,silent,150738
10,10|5|5|4|4|4|4|4,8,0,-1,a0,
10,32|1|1|1|1|1|1|1|1,9,0,-1,a0,
10,31|2|1|1|1|1|1|1|1,9,0,-1,a0,
10,30|3|1|1|1|1|1|1|1,9,0,-1,a0,
10,30|2|2|1|1|1|1|1|1,9,0,-1,a0,
10,29|4|1|1|1|1|1|1|1,9,0,-1,a0,
10,29|3|2|1|1|1|1|1|1,9,0,-1,a0,
10,29|2|2|2|1|1|1|1|1,9,0,-1,a0,
10,28|5|1|1|1|1|1|1|1,9,0,-1,a0,
10,28|4|2|1|1|1|1|1|1,9,0,-1,a0,
10,28|3|3|1|1|1|1|1|1,9,0,-1,a0,
10,28|3|2|2|1|1|1|1|1,9,0,-1,a0,
10,28|2|2|2|2|1|1|1|1,9,0,-1,a0,
10,27|6|1|1|1|1|1|1|1,9,0,-1,a0,
10,27|5|2|1|1|1|1|1|1,9,0,-1,a0,
10,27|4|3|1|1|1|1|1|1,9,0,-1,a0,
10,27|4|2|2|1|1|1|1|1,9,0,-1,a0,
10,27|3|3|2|1|1|1|1|1,9,0,-1,a0,
10,27|3|2|2|2|1|1|1|1,9,0,-1,a0,
10,27|2|2|2|2|2|1|1|1,9,0,-1,a0,
10,26|7|1|1|1|1|1|1|1,9,0,-1,a0,
10,26|6|2|1|1|1|1|1|1,9,0,-1,a0,
10,26|5|3|1|1|1|1|1|1,9,0,-1,a0,
10,26|5|2|2|1|1|1|1|1,9,0,-1,a0,
10,26|4|4|1|1|1|1|1|1,9,0,-1,a0,
10,26|4|3|2|1|1|1|1|1,9,0,-1,a0,
10,26|4|2|2|2|1|1|1|1,9,0,-1,a0,
10,26|3|3|3|1|1|1|1|1,9,0,-1,a0,
10,26|3|3|2|2|1|1|1|1,9,0,-1,a0,
10,26|3|2|2|2|2|1|1|1,9,0,-1,a0,
10,26|2|2|2|2|2|2|1|1,9,0,-1,a0,
10,25|8|1|1|1|1|1|1|1,9,0,-1,a0,
10,25|7|2|1|1|1|1|1|1,9,0,-1,a0,
10,25|6|3|1|1|1|1|1|1,9,0,-1,a0,
10,25|6|2|2|1|1|1|1|1,9,0,-1,a0,
10,25|5|4|1|1|1|1|1|1,9,0,-1,a0,
10,25|5|3|2|1|1|1|1|1,9,0,-1,a0,
10,25|5|2|2|2|1|1|1|1,9,0,-1,a0,
10,25|4|4|2|1|1|1|1|1,9,0,-1,a0,
10,25|4|3|3|1|1|1|1|1,9,0,-1,a0,
10,25|4|3|2|2|1|1|1|1,9,0,-1,a0,
10,25|4|2|2|2|2|1|1|1,9,0,-1,a0,
10,25|3|3|3|2|1|1|1|1,9,0,-1,a0,
10,25|3|3|2|2|2|1|1|1,9,0,-1,a0,
10,25|3|2|2|2|2|2|1|1,9,0,-1,a0,
10,25|2|2|2|2|2|2|2|1,9,0,-1,a0,
10,24|9|1|1|1|1|1|1|1,9,0,-1,a0,
10,24|8|2|1|1|1|1|1|1,9,0,-1,a0,
10,24|7|3|1|1|1|1|1|1,9,0,-1,a0,
10,24|7|2|2|1|1|1|1|1,9,0,-1,a0,
10,24|6|4|1|1|1|1|1|1,9,0,-1,a0,
10,24|6|3|2|1|1|1|1|1,9,0,-1,a0,
10,24|6|2|2|2|1|1|1|1,9,0,-1,a0,
10,24|5|5|1|1|1|1|1|1,9,0,-1,a0,
10,24|5|4|2|1|1|1|1|1,9,0,-1,a0,
10,24|5|3|3|1|1|1|1|1,9,0,-1,a0,
10,24|5|3|2|2|1|1|1|1,9,0,-1,a0,
10,24|5|2|2|2|2|1|1|1,9,0,-1,a0,
10,24|4|4|3|1|1|1|1|1,9,0,-1,a0,
10,24|4|4|2|2|1|1|1|1,9,0,-1,a0,
10,24|4|3|3|2|1|1|1|1,9,0,-1,a0,
10,24|4|3|2|2|2|1|1|1,9,0,-1,a0,
10,24|4|2|2|2|2|2|1|1,9,0,-1,a0,
10,24|3|3|3|3|1|1|1|1,9,0,-1,a0,
10,24|3|3|3|2|2|1|1|1,9,0,-1,a0,
10,24|3|3|2|2|2|2|1|1,9,0,-1,a0,
10,24|3|2|2|2|2|2|2|1,9,0,-1,a0,
10,24|2|2|2|2|2|2|2|2,9,1,21,silent,20
10,23|10|1|1|1|1|1|1|1,9,0,-1,a0,
10,23|9|2|1|1|1|1|1|1,9,0,-1,a0,
10,23|8|3|1|1|1|1|1|1,9,0,-1,a0,
10,23|8|2|2|1|1|1|1|1,9,0,-1,a0,
10,23|7|4|1|1|1|1|1|1,9,0,-1,a0,
10,23|7|3|2|1|1|1|1|1,9,0,-1,a0,
10,23|7|2|2|2|1|1|1|1,9,0,-1,a0,
10,23|6|5|1|1|1|1|1|1,9,0,-1,a0,
10,23|6|4|2|1|1|1|1|1,9,0,-1,a0,
10,23|6|3|3|1|1|1|1|1,9,0,-1,a0,
10,23|6|3|2|2|1|1|1|1,9,0,-1,a0,
10,23|6|2|2|2|2|1|1|1,9,0,-1,a0,
10,23|5|5|2|1|1|1|1|1,9,0,-1,a0,
10,23|5|4|3|1|1|1|1|1,9,0,-1,a0,
10,23|5|4|2|2|1|1|1|1,9,0,-1,a0,
10,23|5|3|3|2|1|1|1|1,9,0,-1,a0,
10,23|5|3|2|2|2|1|1|1,9,0,-1,a0,
10,23|5|2|2|2|2|2|1|1,9,0,-1,a0,
10,23|4|4|4|1|1|1|1|1,9,0,-1,a0,
10,23|4|4|3|2|1|1|1|1,9,0,-1,a0,
10,23|4|4|2|2|2|1|1|1,9,0,-1,a0,
10,23|4|3|3|3|1|1|1|1,9,0,-1,a0,
10,23|4|3|3|2|2|1|1|1,9,0,-1,a0,
10,23|4|3|2|2|2|2|1|1,9,0,-1,a0,
10,23|4|2|2|2|2|2|2|1,9,1,352,silent,351
10,23|3|3|3|3|2|1|1|1,9,0,-1,a0,
10,23|3|3|3|2|2|2|1|1,9,0,-1,a0,
10,23|3|3|2|2|2|2|2|1,9,0,-1,a0,
10,23|3|2|2|2|2|2|2|2,9,1,66,silent,65
10,22|11|1|1|1|1|1|1|1,9,0,-1,a0,
10,22|10|2|1|1|1|1|1|1,9,0,-1,a0,
10,22|9|3|1|1|1|1|1|1,9,0,-1,a0,
10,22|9|2|2|1|1|1|1|1,9,0,-1,a0,
10,22|8|4|1|1|1|1|1|1,9,0,-1,a0,
10,22|8|3|2|1|1|1|1|1,9,0,-1,a0,
10,22|8|2|2|2|1|1|1|1,9,0,-1,a0,
10,22|7|5|1|1|1|1|1|1,9,0,-1,a0,
10,22|7|4|2|1|1|1|1|1,9,0,-1,a0,
10,22|7|3|3|1|1|1|1|1,9,0,-1,a0,
10,22|7|3|2|2|1|1|1|1,9,0,-1,a0,
10,22|7|2|2|2|2|1|1|1,9,0,-1,a0,
10,22|6|6|1|1|1|1|1|1,9,0,-1,a0,
10,22|6|5|2|1|1|1|1|1,9,0,-1,a0,
10,22|6|4|3|1|1|1|1|1,9,0,-1,a0,
10,22|6|4|2|2|1|1|1|1,9,0,-1,a0,
10,22|6|3|3|2|1|1|1|1,9,0,-1,a0,
10,22|6|3|2|2|2|1|1|1,9,0,-1,a0,
10,22|6|2|2|2|2|2|1|1,9,0,-1,a0,
10,22|5|5|3|1|1|1|1|1,9,0,-1,a0,
10,22|5|5|2|2|1|1|1|1,9,0,-1,a0,
10,22|5|4|4|1|1|1|1|1,9,0,-1,a0,
10,22|5|4|3|2|1|1|1|1,9,0,-1,a0,
10,22|5|4|2|2|2|1|1|1,9,0,-1,a0,
10,22|5|3|3|3|1|1|1|1,9,0,-1,a0,
10,22|5|3|3|2|2|1|1|1,9,0,-1,a0,
10,22|5|3|2|2|2|2|1|1,9,1,5394,silent,5393
10,22|5|2|2|2|2|2|2|1,9,2,923,silent,921
10,22|4|4|4|2|1|1|1|1,9,0,-1,a0,
10,22|4|4|3|3|1|1|1|1,9,0,-1,a0,
10,22|4|4|3|2|2|1|1|1,9,0,-1,a0,
10,22|4|4|2|2|2|2|1|1,9,0,-1,a0,
10,22|4|3|3|3|2|1|1|1,9,0,-1,a0,
10,22|4|3|3|2|2|2|1|1,9,0,-1,a0,
10,22|4|3|2|2|2|2|2|1,9,1,1593,silent,1592
10,22|4|2|2|2|2|2|2|2,9,2,255,silent,253
10,22|3|3|3|3|3|1|1|1,9,0,-1,a0,
10,22|3|3|3|3|2|2|1|1,9,0,-1,a0,
10,22|3|3|3|2|2|2|2|1,9,0,-1,a0,
10,22|3|3|2|2|2|2|2|2,9,0,-1,a0,
10,21|12|1|1|1|1|1|1|1,9,0,-1,a0,
10,21|11|2|1|1|1|1|1|1,9,0,-1,a0,
10,21|10|3|1|1|1|1|1|1,9,0,-1,a0,
10,21|10|2|2|1|1|1|1|1,9,0,-1,a0,
10,21|9|4|1|1|1|1|1|1,9,0,-1,a0,
10,21|9|3|2|1|1|1|1|1,9,0,-1,a0,
10,21|9|2|2|2|1|1|1|1,9,0,-1,a0,
10,21|8|5|1|1|1|1|1|1,9,0,-1,a0,
10,21|8|4|2|1|1|1|1|1,9,0,-1,a0,
10,21|8|3|3|1|1|1|1|1,9,0,-1,a0,
10,21|8|3|2|2|1|1|1|1,9,0,-1,a0,
10,21|8|2|2|2|2|1|1|1,9,0,-1,a0,
10,21|7|6|1|1|1|1|1|1,9,0,-1,a0,
10,21|7|5|2|1|1|1|1|1,9,0,-1,a0,
10,21|7|4|3|1|1|1|1|1,9,0,-1,a0,
10,21|7|4|2|2|1|1|1|1,9,0,-1,a0,
10,21|7|3|3|2|1|1|1|1,9,0,-1,a0,
10,21|7|3|2|2|2|1|1|1,9,0,-1,a0,
10,21|7|2|2|2|2|2|1|1,9,1,3787,silent,3786
10,21|6|6|2|1|1|1|1|1,9,0,-1,a0,
10,21|6|5|3|1|1|1|1|1,9,0,-1,a0,
10,21|6|5|2|2|1|1|1|1,9,0,-1,a0,
10,21|6|4|4|1|1|1|1|1,9,0,-1,a0,
10,21|6|4|3|2|1|1|1|1,9,0,-1,a0,
10,21|6|4|2|2|2|1|1|1,9,0,-1,a0,
10,21|6|3|3|3|1|1|1|1,9,0,-1,a0,
10,21|6|3|3|2|2|1|1|1,9,1,27252,silent,27251
10,21|6|3|2|2|2|2|1|1,9,2,12700,silent,12698
10,21|6|2|2|2|2|2|2|1,9,3,2017,silent,2014
10,21|5|5|4|1|1|1|1|1,9,0,-1,a0,
10,21|5|5|3|2|1|1|1|1,9,0,-1,a0,
10,21|5|5|2|2|2|1|1|1,9,1,14736,silent,14735
10,21|5|4|4|2|1|1|1|1,9,0,-1,a0,
10,21|5|4|3|3|1|1|1|1,9,0,-1,a0,
10,21|5|4|3|2|2|1|1|1,9,0,-1,a0,
10,21|5|4|2|2|2|2|1|1,9,2,14029,silent,14027
10,21|5|3|3|3|2|1|1|1,9,0,-1,a0,
10,21|5|3|3|2|2|2|1|1,9,1,15286,silent,15285
10,21|5|3|2|2|2|2|2|1,9,3,5006,silent,5003
10,21|5|2|2|2|2|2|2|2,9,2,591,silent,589
10,21|4|4|4|3|1|1|1|1,9,0,-1,a0,
10,21|4|4|4|2|2|1|1|1,9,0,-1,a0,
10,21|4|4|3|3|2|1|1|1,9,0,-1,a0,
10,21|4|4|3|2|2|2|1|1,9,0,-1,a0,
10,21|4|4|2|2|2|2|2|1,9,2,3182,silent,3180
10,21|4|3|3|3|3|1|1|1,9,0,-1,a0,
10,21|4|3|3|3|2|2|1|1,9,0,-1,a0,
10,21|4|3|3|2|2|2|2|1,9,0,-1,a0,
10,21|4|3|2|2|2|2|2|2,9,1,939,silent,938
10,21|3|3|3|3|3|2|1|1,9,0,-1,a0,
10,21|3|3|3|3|2|2|2|1,9,0,-1,a0,
10,21|3|3|3|2|2|2|2|2,9,0,-1,a0,
10,20|13|1|1|1|1|1|1|1,9,0,-1,a0,
10,20|12|2|1|1|1|1|1|1,9,0,-1,a0,
10,20|11|3|1|1|1|1|1|1,9,0,-1,a0,
10,20|11|2|2|1|1|1|1|1,9,0,-1,a0,
10,20|10|4|1|1|1|1|1|1,9,0,-1,a0,
10,20|10|3|2|1|1|1|1|1,9,0,-1,a0,
10,20|10|2|2|2|1|1|1|1,9,0,-1,a0,
10,20|9|5|1|1|1|1|1|1,9,0,-1,a0,
10,20|9|4|2|1|1|1|1|1,9,0,-1,a0,
10,20|9|3|3|1|1|1|1|1,9,0,-1,a0,
10,20|9|3|2|2|1|1|1|1,9,0,-1,a0,
10,20|9|2|2|2|2|1|1|1,9,0,-1,a0,
10,20|8|6|1|1|1|1|1|1,9,0,-1,a0,
10,20|8|5|2|1|1|1|1|1,9,0,-1,a0,
10,20|8|4|3|1|1|1|1|1,9,0,-1,a0,
10,20|8|4|2|2|1|1|1|1,9,0,-1,a0,
10,20|8|3|3|2|1|1|1|1,9,0,-1,a0,
10,20|8|3|2|2|2|1|1|1,9,1,31433,silent,31432
10,20|8|2|2|2|2|2|1|1,9,1,6087,silent,6086
10,20|7|7|1|1|1|1|1|1,9,0,-1,a0,
10,20|7|6|2|1|1|1|1|1,9,0,-1,a0,
10,20|7|5|3|1|1|1|1|1,9,0,-1,a0,
10,20|7|5|2|2|1|1|1|1,9,0,-1,a0,
10,20|7|4|4|1|1|1|1|1,9,0,-1,a0,
10,20|7|4|3|2|1|1|1|1,9,0,-1,a0,
10,20|7|4|2|2|2|1|1|1,9,1,59758,silent,59757
10,20|7|3|3|3|1|1|1|1,9,1,32477,silent,32476
10,20|7|3|3|2|2|1|1|1,9,2,54926,silent,54924
10,20|7|3|2|2|2|2|1|1,9,5,25006,silent,25001
10,20|7|2|2|2|2|2|2|1,9,4,3722,silent,3718
10,20|6|6|3|1|1|1|1|1,9,0,-1,a0,
10,20|6|6|2|2|1|1|1|1,9,0,-1,a0,
10,20|6|5|4|1|1|1|1|1,9,0,-1,a0,
10,20|6|5|3|2|1|1|1|1,9,1,102420,silent,102419
10,20|6|5|2|2|2|1|1|1,9,2,53420,silent,53418
10,20|6|4|4|2|1|1|1|1,9,0,-1,a0,
10,20|6|4|3|3|1|1|1|1,9,0,-1,a0,
10,20|6|4|3|2|2|1|1|1,9,2,107271,silent,107269
10,20|6|4|2|2|2|2|1|1,9,4,38341,silent,38337
10,20|6|3|3|3|2|1|1|1,9,1,44487,silent,44486
10,20|6|3|3|2|2|2|1|1,9,3,38490,silent,38487
10,20|6|3|2|2|2|2|2|1,9,5,12114,silent,12109
10,20|6|2|2|2|2|2|2|2,9,4,1327,silent,1323
10,20|5|5|5|1|1|1|1|1,9,0,-1,a0,
10,20|5|5|4|2|1|1|1|1,9,0,-1,a0,
10,20|5|5|3|3|1|1|1|1,9,0,-1,a0,
10,20|5|5|3|2|2|1|1|1,9,2,59684,silent,59682
10,20|5|5|2|2|2|2|1|1,9,4,20181,silent,20177
10,20|5|4|4|3|1|1|1|1,9,0,-1,a0,
10,20|5|4|4|2|2|1|1|1,9,0,-1,a0,
10,20|5|4|3|3|2|1|1|1,9,0,-1,a0,
10,20|5|4|3|2|2|2|1|1,9,3,54058,silent,54055
10,20|5|4|2|2|2|2|2|1,9,5,13636,silent,13631
10,20|5|3|3|3|3|1|1|1,9,0,-1,a0,
10,20|5|3|3|3|2|2|1|1,9,0,-1,a0,
10,20|5|3|3|2|2|2|2|1,9,1,14578,silent,14577
10,20|5|3|2|2|2|2|2|2,9,1,2926,silent,2925
10,20|4|4|4|4|1|1|1|1,9,0,-1,a0,
10,20|4|4|4|3|2|1|1|1,9,0,-1,a0,
10,20|4|4|4|2|2|2|1|1,9,0,-1,a0,
10,20|4|4|3|3|3|1|1|1,9,0,-1,a0,
10,20|4|4|3|3|2|2|1|1,9,0,-1,a0,
10,20|4|4|3|2|2|2|2|1,9,1,11420,silent,11419
10,20|4|4|2|2|2|2|2|2,9,3,2044,silent,2041
10,20|4|3|3|3|3|2|1|1,9,0,-1,a0,
10,20|4|3|3|3|2|2|2|1,9,0,-1,a0,
10,20|4|3|3|2|2|2|2|2,9,0,-1,a0,
10,20|3|3|3|3|3|3|1|1,9,0,-1,a0,
10,20|3|3|3|3|3|2|2|1,9,0,-1,a0,
10,20|3|3|3|3|2|2|2|2,9,0,-1,a0,
10,19|14|1|1|1|1|1|1|1,9,0,-1,a0,
10,19|13|2|1|1|1|1|1|1,9,0,-1,a0,
10,19|12|3|1|1|1|1|1|1,9,0,-1,a0,
10,19|12|2|2|1|1|1|1|1,9,0,-1,a0,
10,19|11|4|1|1|1|1|1|1,9,0,-1,a0,
10,19|11|3|2|1|1|1|1|1,9,0,-1,a0,
10,19|11|2|2|2|1|1|1|1,9,0,-1,a0,
10,19|10|5|1|1|1|1|1|1,9,0,-1,a0,
10,19|10|4|2|1|1|1|1|1,9,0,-1,a0,
10,19|10|3|3|1|1|1|1|1,9,0,-1,a0,
10,19|10|3|2|2|1|1|1|1,9,0,-1,a0,
10,19|10|2|2|2|2|1|1|1,9,0,-1,a0,
10,19|9|6|1|1|1|1|1|1,9,0,-1,a0,
10,19|9|5|2|1|1|1|1|1,9,0,-1,a0,
10,19|9|4|3|1|1|1|1|1,9,0,-1,a0,
10,19|9|4|2|2|1|1|1|1,9,0,-1,a0,
10,19|9|3|3|2|1|1|1|1,9,1,64542,silent,64541
10,19|9|3|2|2|2|1|1|1,9,2,45678,silent,45676
10,19|9|2|2|2|2|2|1|1,9,2,8772,silent,8770
10,19|8|7|1|1|1|1|1|1,9,0,-1,a0,
10,19|8|6|2|1|1|1|1|1,9,0,-1,a0,
10,19|8|5|3|1|1|1|1|1,9,0,-1,a0,
10,19|8|5|2|2|1|1|1|1,9,1,118721,silent,118720
10,19|8|4|4|1|1|1|1|1,9,0,-1,a0,
10,19|8|4|3|2|1|1|1|1,9,1,189491,silent,189490
10,19|8|4|2|2|2|1|1|1,9,3,104301,silent,104298
10,19|8|3|3|3|1|1|1|1,9,1,56178,silent,56177
10,19|8|3|3|2|2|1|1|1,9,5,93660,silent,93655
10,19|8|3|2|2|2|2|1|1,9,7,41824,silent,41817
10,19|8|2|2|2|2|2|2|1,9,5,6004,silent,5999
10,19|7|7|2|1|1|1|1|1,9,0,-1,a0,
10,19|7|6|3|1|1|1|1|1,9,0,-1,a0,
10,19|7|6|2|2|1|1|1|1,9,0,-1,a0,
10,19|7|5|4|1|1|1|1|1,9,0,-1,a0,
10,19|7|5|3|2|1|1|1|1,9,3,249545,silent,249542
10,19|7|5|2|2|2|1|1|1,9,6,127775,silent,127769
10,19|7|4|4|2|1|1|1|1,9,0,-1,a0,
10,19|7|4|3|3|1|1|1|1,9,2,153268,silent,153266
10,19|7|4|3|2|2|1|1|1,9,6,233982,silent,233976
10,19|7|4|2|2|2|2|1|1,9,10,81988,silent,81978
10,19|7|3|3|3|2|1|1|1,9,3,92416,silent,92413
10,19|7|3|3|2|2|2|1|1,9,6,78331,silent,78325
10,19|7|3|2|2|2|2|2|1,9,8,23909,silent,23901
10,19|7|2|2|2|2|2|2|2,9,3,2311,silent,2308
10,19|6|6|4|1|1|1|1|1,9,1,55362,silent,55361
10,19|6|6|3|2|1|1|1|1,9,2,120359,silent,120357
10,19|6|6|2|2|2|1|1|1,9,1,59179,silent,59178
10,19|6|5|5|1|1|1|1|1,9,0,-1,a0,
10,19|6|5|4|2|1|1|1|1,9,2,194881,silent,194879
10,19|6|5|3|3|1|1|1|1,9,2,154114,silent,154112
10,19|6|5|3|2|2|1|1|1,9,8,229277,silent,229269
10,19|6|5|2|2|2|2|1|1,9,8,74343,silent,74335
10,19|6|4|4|3|1|1|1|1,9,0,-1,a0,
10,19|6|4|4|2|2|1|1|1,9,1,161198,silent,161197
10,19|6|4|3|3|2|1|1|1,9,3,201890,silent,201887
10,19|6|4|3|2|2|2|1|1,9,8,156555,silent,156547
10,19|6|4|2|2|2|2|2|1,9,10,37845,silent,37835
10,19|6|3|3|3|3|1|1|1,9,0,-1,a0,
10,19|6|3|3|3|2|2|1|1,9,1,71520,silent,71519
10,19|6|3|3|2|2|2|2|1,9,2,37433,silent,37431
10,19|6|3|2|2|2|2|2|2,9,3,7231,silent,7228
10,19|5|5|5|2|1|1|1|1,9,1,41233,silent,41232
10,19|5|5|4|3|1|1|1|1,9,0,-1,a0,
10,19|5|5|4|2|2|1|1|1,9,4,112666,silent,112662
10,19|5|5|3|3|2|1|1|1,9,1,115668,silent,115667
10,19|5|5|3|2|2|2|1|1,9,6,87958,silent,87952
10,19|5|5|2|2|2|2|2|1,9,3,19434,silent,19431
10,19|5|4|4|4|1|1|1|1,9,0,-1,a0,
10,19|5|4|4|3|2|1|1|1,9,0,-1,a0,
10,19|5|4|4|2|2|2|1|1,9,3,78604,silent,78601
10,19|5|4|3|3|3|1|1|1,9,0,-1,a0,
10,19|5|4|3|3|2|2|1|1,9,1,110874,silent,110873
10,19|5|4|3|2|2|2|2|1,9,5,54165,silent,54160
10,19|5|4|2|2|2|2|2|2,9,3,8254,silent,8251
10,19|5|3|3|3|3|2|1|1,9,0,-1,a0,
10,19|5|3|3|3|2|2|2|1,9,0,-1,a0,
10,19|5|3|3|2|2|2|2|2,9,0,-1,a0,
10,19|4|4|4|4|2|1|1|1,9,0,-1,a0,
10,19|4|4|4|3|3|1|1|1,9,0,-1,a0,
10,19|4|4|4|3|2|2|1|1,9,0,-1,a0,
10,19|4|4|4|2|2|2|2|1,9,2,15185,silent,15183
10,19|4|4|3|3|3|2|1|1,9,0,-1,a0,
10,19|4|4|3|3|2|2|2|1,9,0,-1,a0,
10,19|4|4|3|2|2|2|2|2,9,1,7010,silent,7009
10,19|4|3|3|3|3|3|1|1,9,0,-1,a0,
10,19|4|3|3|3|3|2|2|1,9,0,-1,a0,
10,19|4|3|3|3|2|2|2|2,9,0,-1,a0,
10,19|3|3|3|3|3|3|2|1,9,0,-1,a0,
10,19|3|3|3|3|3|2|2|2,9,0,-1,a0,
10,18|15|1|1|1|1|1|1|1,9,0,-1,a0,
10,18|14|2|1|1|1|1|1|1,9,0,-1,a0,
10,18|13|3|1|1|1|1|1|1,9,0,-1,a0,
10,18|13|2|2|1|1|1|1|1,9,0,-1,a0,
10,18|12|4|1|1|1|1|1|1,9,0,-1,a0,
10,18|12|3|2|1|1|1|1|1,9,0,-1,a0,
10,18|12|2|2|2|1|1|1|1,9,0,-1,a0,
10,18|11|5|1|1|1|1|1|1,9,0,-1,a0,
10,18|11|4|2|1|1|1|1|1,9,0,-1,a0,
10,18|11|3|3|1|1|1|1|1,9,0,-1,a0,
10,18|11|3|2|2|1|1|1|1,9,0,-1,a0,
10,18|11|2|2|2|2|1|1|1,9,0,-1,a0,
10,18|10|6|1|1|1|1|1|1,9,0,-1,a0,
10,18|10|5|2|1|1|1|1|1,9,0,-1,a0,
10,18|10|4|3|1|1|1|1|1,9,0,-1,a0,
10,18|10|4|2|2|1|1|1|1,9,1,103505,silent,103504
10,18|10|3|3|2|1|1|1|1,9,2,82356,silent,82354
10,18|10|3|2|2|2|1|1|1,9,3,57693,silent,57690
10,18|10|2|2|2|2|2|1|1,9,2,10866,silent,10864
10,18|9|7|1|1|1|1|1|1,9,0,-1,a0,
10,18|9|6|2|1|1|1|1|1,9,0,-1,a0,
10,18|9|5|3|1|1|1|1|1,9,1,174288,silent,174287
10,18|9|5|2|2|1|1|1|1,9,2,181527,silent,181525
10,18|9|4|4|1|1|1|1|1,9,0,-1,a0,
10,18|9|4|3|2|1|1|1|1,9,4,282966,silent,282962
10,18|9|4|2|2|2|1|1|1,9,6,154456,silent,154450
10,18|9|3|3|3|1|1|1|1,9,3,82758,silent,82755
10,18|9|3|3|2|2|1|1|1,9,8,136616,silent,136608
10,18|9|3|2|2|2|2|1|1,9,10,60316,silent,60306
10,18|9|2|2|2|2|2|2|1,9,6,8399,silent,8393
10,18|8|8|1|1|1|1|1|1,9,0,-1,a0,
10,18|8|7|2|1|1|1|1|1,9,0,-1,a0,
10,18|8|6|3|1|1|1|1|1,9,1,191565,silent,191564
10,18|8|6|2|2|1|1|1|1,9,3,192528,silent,192525
10,18|8|5|4|1|1|1|1|1,9,1,202929,silent,202928
10,18|8|5|3|2|1|1|1|1,9,8,467268,silent,467260
10,18|8|5|2|2|2|1|1|1,9,12,235646,silent,235634
10,18|8|4|4|2|1|1|1|1,9,2,286189,silent,286187
10,18|8|4|3|3|1|1|1|1,9,4,273368,silent,273364
10,18|8|4|3|2|2|1|1|1,9,14,413771,silent,413757
10,18|8|4|2|2|2|2|1|1,9,14,142446,silent,142432
10,18|8|3|3|3|2|1|1|1,9,5,159421,silent,159416
10,18|8|3|3|2|2|2|1|1,9,11,133336,silent,133325
10,18|8|3|2|2|2|2|2|1,9,10,39890,silent,39880
10,18|8|2|2|2|2|2|2|2,9,5,3749,silent,3744
10,18|7|7|3|1|1|1|1|1,9,0,-1,a0,
10,18|7|7|2|2|1|1|1|1,9,0,-1,a0,
10,18|7|6|4|1|1|1|1|1,9,1,181174,silent,181173
10,18|7|6|3|2|1|1|1|1,9,7,386739,silent,386732
10,18|7|6|2|2|2|1|1|1,9,7,188226,silent,188219
10,18|7|5|5|1|1|1|1|1,9,1,102376,silent,102375
10,18|7|5|4|2|1|1|1|1,9,7,490401,silent,490394
10,18|7|5|3|3|1|1|1|1,9,8,380453,silent,380445
10,18|7|5|3|2|2|1|1|1,9,21,559948,silent,559927
10,18|7|5|2|2|2|2|1|1,9,19,177962,silent,177943
10,18|7|4|4|3|1|1|1|1,9,1,302707,silent,302706
10,18|7|4|4|2|2|1|1|1,9,6,365604,silent,365598
10,18|7|4|3|3|2|1|1|1,9,9,446938,silent,446929
10,18|7|4|3|2|2|2|1|1,9,18,342066,silent,342048
10,18|7|4|2|2|2|2|2|1,9,15,80090,silent,80075
10,18|7|3|3|3|3|1|1|1,9,1,84378,silent,84377
10,18|7|3|3|3|2|2|1|1,9,2,148853,silent,148851
10,18|7|3|3|2|2|2|2|1,9,4,76644,silent,76640
10,18|7|3|2|2|2|2|2|2,9,3,14129,silent,14126
10,18|6|6|5|1|1|1|1|1,9,2,66961,silent,66959
10,18|6|6|4|2|1|1|1|1,9,5,256232,silent,256227
10,18|6|6|3|3|1|1|1|1,9,4,187821,silent,187817
10,18|6|6|3|2|2|1|1|1,9,8,271296,silent,271288
10,18|6|6|2|2|2|2|1|1,9,4,83161,silent,83157
10,18|6|5|5|2|1|1|1|1,9,5,189003,silent,188998
10,18|6|5|4|3|1|1|1|1,9,5,390355,silent,390350
10,18|6|5|4|2|2|1|1|1,9,12,461228,silent,461216
10,18|6|5|3|3|2|1|1|1,9,9,458712,silent,458703
10,18|6|5|3|2|2|2|1|1,9,17,340200,silent,340183
10,18|6|5|2|2|2|2|2|1,9,10,73097,silent,73087
10,18|6|4|4|4|1|1|1|1,9,0,-1,a0,
10,18|6|4|4|3|2|1|1|1,9,3,406254,silent,406251
10,18|6|4|4|2|2|2|1|1,9,7,244217,silent,244210
10,18|6|4|3|3|3|1|1|1,9,1,196156,silent,196155
10,18|6|4|3|3|2|2|1|1,9,6,331493,silent,331487
10,18|6|4|3|2|2|2|2|1,9,10,157896,silent,157886
10,18|6|4|2|2|2|2|2|2,9,7,23112,silent,23105
10,18|6|3|3|3|3|2|1|1,9,0,-1,a0,
10,18|6|3|3|3|2|2|2|1,9,0,-1,a0,
10,18|6|3|3|2|2|2|2|2,9,0,-1,a0,
10,18|5|5|5|3|1|1|1|1,9,2,90638,silent,90636
10,18|5|5|5|2|2|1|1|1,9,6,102007,silent,102001
10,18|5|5|4|4|1|1|1|1,9,0,-1,a0,
10,18|5|5|4|3|2|1|1|1,9,4,292524,silent,292520
10,18|5|5|4|2|2|2|1|1,9,9,172663,silent,172654
10,18|5|5|3|3|3|1|1|1,9,0,-1,a0,
10,18|5|5|3|3|2|2|1|1,9,2,192269,silent,192267
10,18|5|5|3|2|2|2|2|1,9,4,88625,silent,88621
10,18|5|5|2|2|2|2|2|2,9,0,-1,a0,
10,18|5|4|4|4|2|1|1|1,9,0,-1,a0,
10,18|5|4|4|3|3|1|1|1,9,0,-1,a0,
10,18|5|4|4|3|2|2|1|1,9,3,216840,silent,216837
10,18|5|4|4|2|2|2|2|1,9,6,81788,silent,81782
10,18|5|4|3|3|3|2|1|1,9,0,-1,a0,
10,18|5|4|3|3|2|2|2|1,9,1,118281,silent,118280
10,18|5|4|3|2|2|2|2|2,9,2,33047,silent,33045
10,18|5|3|3|3|3|3|1|1,9,0,-1,a0,
10,18|5|3|3|3|3|2|2|1,9,0,-1,a0,
10,18|5|3|3|3|2|2|2|2,9,0,-1,a0,
10,18|4|4|4|4|3|1|1|1,9,0,-1,a0,
10,18|4|4|4|4|2|2|1|1,9,0,-1,a0,
10,18|4|4|4|3|3|2|1|1,9,0,-1,a0,
10,18|4|4|4|3|2|2|2|1,9,1,42000,silent,41999
10,18|4|4|4|2|2|2|2|2,9,3,9856,silent,9853
10,18|4|4|3|3|3|3|1|1,9,0,-1,a0,
10,18|4|4|3|3|3|2|2|1,9,0,-1,a0,
10,18|4|4|3|3|2|2|2|2,9,0,-1,a0,
10,18|4|3|3|3|3|3|2|1,9,0,-1,a0,
10,18|4|3|3|3|3|2|2|2,9,0,-1,a0,
10,18|3|3|3|3|3|3|3|1,9,0,-1,a0,
10,18|3|3|3|3|3|3|2|2,9,0,-1,a0,
10,17|16|1|1|1|1|1|1|1,9,0,-1,a0,
10,17|15|2|1|1|1|1|1|1,9,0,-1,a0,
10,17|14|3|1|1|1|1|1|1,9,0,-1,a0,
10,17|14|2|2|1|1|1|1|1,9,0,-1,a0,
10,17|13|4|1|1|1|1|1|1,9,0,-1,a0,
10,17|13|3|2|1|1|1|1|1,9,0,-1,a0,
10,17|13|2|2|2|1|1|1|1,9,0,-1,a0,
10,17|12|5|1|1|1|1|1|1,9,0,-1,a0,
10,17|12|4|2|1|1|1|1|1,9,0,-1,a0,
10,17|12|3|3|1|1|1|1|1,9,0,-1,a0,
10,17|12|3|2|2|1|1|1|1,9,0,-1,a0,
10,17|12|2|2|2|2|1|1|1,9,0,-1,a0,
10,17|11|6|1|1|1|1|1|1,9,0,-1,a0,
10,17|11|5|2|1|1|1|1|1,9,0,-1,a0,
10,17|11|4|3|1|1|1|1|1,9,1,102457,silent,102456
10,17|11|4|2|2|1|1|1|1,9,1,114223,silent,114222
10,17|11|3|3|2|1|1|1|1,9,3,90727,silent,90724
10,17|11|3|2|2|2|1|1|1,9,4,63164,silent,63160
10,17|11|2|2|2|2|2|1|1,9,3,11893,silent,11890
10,17|10|7|1|1|1|1|1|1,9,0,-1,a0,
10,17|10|6|2|1|1|1|1|1,9,1,130002,silent,130001
10,17|10|5|3|1|1|1|1|1,9,2,225077,silent,225075
10,17|10|5|2|2|1|1|1|1,9,5,233066,silent,233061
10,17|10|4|4|1|1|1|1|1,9,1,124597,silent,124596
10,17|10|4|3|2|1|1|1|1,9,8,358238,silent,358230
10,17|10|4|2|2|2|1|1|1,9,9,194176,silent,194167
10,17|10|3|3|3|1|1|1|1,9,4,103890,silent,103886
10,17|10|3|3|2|2|1|1|1,9,11,170358,silent,170347
10,17|10|3|2|2|2|2|1|1,9,11,74514,silent,74503
10,17|10|2|2|2|2|2|2|1,9,6,10192,silent,10186
10,17|9|8|1|1|1|1|1|1,9,0,-1,a0,
10,17|9|7|2|1|1|1|1|1,9,0,-1,a0,
10,17|9|6|3|1|1|1|1|1,9,4,305147,silent,305143
10,17|9|6|2|2|1|1|1|1,9,6,304825,silent,304819
10,17|9|5|4|1|1|1|1|1,9,3,310117,silent,310114
10,17|9|5|3|2|1|1|1|1,9,18,707650,silent,707632
10,17|9|5|2|2|2|1|1|1,9,19,354233,silent,354214
10,17|9|4|4|2|1|1|1|1,9,5,424620,silent,424615
10,17|9|4|3|3|1|1|1|1,9,10,403324,silent,403314
10,17|9|4|3|2|2|1|1|1,9,23,607272,silent,607249
10,17|9|4|2|2|2|2|1|1,9,22,207368,silent,207346
10,17|9|3|3|3|2|1|1|1,9,9,230370,silent,230361
10,17|9|3|3|2|2|2|1|1,9,13,190825,silent,190812
10,17|9|3|2|2|2|2|2|1,9,12,56274,silent,56262
10,17|9|2|2|2|2|2|2|2,9,3,4947,silent,4944
10,17|8|8|2|1|1|1|1|1,9,1,53302,silent,53301
10,17|8|7|3|1|1|1|1|1,9,2,228563,silent,228561
10,17|8|7|2|2|1|1|1|1,9,5,225239,silent,225234
10,17|8|6|4|1|1|1|1|1,9,6,377294,silent,377288
10,17|8|6|3|2|1|1|1|1,9,19,793110,silent,793091
10,17|8|6|2|2|2|1|1|1,9,16,381453,silent,381437
10,17|8|5|5|1|1|1|1|1,9,3,198349,silent,198346
10,17|8|5|4|2|1|1|1|1,9,19,921699,silent,921680
10,17|8|5|3|3|1|1|1|1,9,15,707190,silent,707175
10,17|8|5|3|2|2|1|1|1,9,41,1032559,silent,1032518
10,17|8|5|2|2|2|2|1|1,9,28,323466,silent,323438
10,17|8|4|4|3|1|1|1|1,9,6,542482,silent,542476
10,17|8|4|4|2|2|1|1|1,9,13,651712,silent,651699
10,17|8|4|3|3|2|1|1|1,9,18,787060,silent,787042
10,17|8|4|3|2|2|2|1|1,9,30,596564,silent,596534
10,17|8|4|2|2|2|2|2|1,9,20,137228,silent,137208
10,17|8|3|3|3|3|1|1|1,9,1,144907,silent,144906
10,17|8|3|3|3|2|2|1|1,9,5,253271,silent,253266
10,17|8|3|3|2|2|2|2|1,9,6,128861,silent,128855
10,17|8|3|2|2|2|2|2|2,9,4,23260,silent,23256
10,17|7|7|4|1|1|1|1|1,9,0,-1,a0,
10,17|7|7|3|2|1|1|1|1,9,7,355971,silent,355964
10,17|7|7|2|2|2|1|1|1,9,9,169956,silent,169947
10,17|7|6|5|1|1|1|1|1,9,4,228426,silent,228422
10,17|7|6|4|2|1|1|1|1,9,16,837397,silent,837381
10,17|7|6|3|3|1|1|1|1,9,15,602879,silent,602864
10,17|7|6|3|2|2|1|1|1,9,30,865914,silent,865884
10,17|7|6|2|2|2|2|1|1,9,19,261769,silent,261750
10,17|7|5|5|2|1|1|1|1,9,15,496775,silent,496760
10,17|7|5|4|3|1|1|1|1,9,16,981853,silent,981837
10,17|7|5|4|2|2|1|1|1,9,35,1151441,silent,1151406
10,17|7|5|3|3|2|1|1|1,9,25,1122027,silent,1122002
10,17|7|5|3|2|2|2|1|1,9,37,822307,silent,822270
10,17|7|5|2|2|2|2|2|1,9,17,172377,silent,172360
10,17|7|4|4|4|1|1|1|1,9,0,-1,a0,
10,17|7|4|4|3|2|1|1|1,9,11,921712,silent,921701
10,17|7|4|4|2|2|2|1|1,9,19,549283,silent,549264
10,17|7|4|3|3|3|1|1|1,9,5,433820,silent,433815
10,17|7|4|3|3|2|2|1|1,9,12,727545,silent,727533
10,17|7|4|3|2|2|2|2|1,9,17,341124,silent,341107
10,17|7|4|2|2|2|2|2|2,9,6,47605,silent,47599
10,17|7|3|3|3|3|2|1|1,9,0,-1,a0,
10,17|7|3|3|3|2|2|2|1,9,0,-1,a0,
10,17|7|3|3|2|2|2|2|2,9,1,45243,silent,45242
10,17|6|6|6|1|1|1|1|1,9,2,44114,silent,44112
10,17|6|6|5|2|1|1|1|1,9,9,325383,silent,325374
10,17|6|6|4|3|1|1|1|1,9,11,524475,silent,524464
10,17|6|6|4|2|2|1|1|1,9,11,604378,silent,604367
10,17|6|6|3|3|2|1|1|1,9,14,558730,silent,558716
10,17|6|6|3|2|2|2|1|1,9,14,402015,silent,402001
10,17|6|6|2|2|2|2|2|1,9,8,82313,silent,82305
10,17|6|5|5|3|1|1|1|1,9,11,419136,silent,419125
10,17|6|5|5|2|2|1|1|1,9,18,461180,silent,461162
10,17|6|5|4|4|1|1|1|1,9,4,366700,silent,366696
10,17|6|5|4|3|2|1|1|1,9,20,1216292,silent,1216272
10,17|6|5|4|2|2|2|1|1,9,23,703192,silent,703169
10,17|6|5|3|3|3|1|1|1,9,3,458042,silent,458039
10,17|6|5|3|3|2|2|1|1,9,12,758271,silent,758259
10,17|6|5|3|2|2|2|2|1,9,13,342735,silent,342722
10,17|6|5|2|2|2|2|2|2,9,4,43690,silent,43686
10,17|6|4|4|4|2|1|1|1,9,1,381538,silent,381537
10,17|6|4|4|3|3|1|1|1,9,3,441455,silent,441452
10,17|6|4|4|3|2|2|1|1,9,10,685066,silent,685056
10,17|6|4|4|2|2|2|2|1,9,13,252601,silent,252588
10,17|6|4|3|3|3|2|1|1,9,1,425704,silent,425703
10,17|6|4|3|3|2|2|2|1,9,3,352194,silent,352191
10,17|6|4|3|2|2|2|2|2,9,4,95903,silent,95899
10,17|6|3|3|3|3|3|1|1,9,0,-1,a0,
10,17|6|3|3|3|3|2|2|1,9,0,-1,a0,
10,17|6|3|3|3|2|2|2|2,9,0,-1,a0,
10,17|5|5|5|4|1|1|1|1,9,4,109636,silent,109632
10,17|5|5|5|3|2|1|1|1,9,7,292984,silent,292977
10,17|5|5|5|2|2|2|1|1,9,6,158563,silent,158557
10,17|5|5|4|4|2|1|1|1,9,5,298591,silent,298586
10,17|5|5|4|3|3|1|1|1,9,1,323288,silent,323287
10,17|5|5|4|3|2|2|1|1,9,8,499800,silent,499792
10,17|5|5|4|2|2|2|2|1,9,5,177562,silent,177557
10,17|5|5|3|3|3|2|1|1,9,0,-1,a0,
10,17|5|5|3|3|2|2|2|1,9,2,206716,silent,206714
10,17|5|5|3|2|2|2|2|2,9,1,53716,silent,53715
10,17|5|4|4|4|3|1|1|1,9,0,-1,a0,
10,17|5|4|4|4|2|2|1|1,9,3,209573,silent,209570
10,17|5|4|4|3|3|2|1|1,9,1,309900,silent,309899
10,17|5|4|4|3|2|2|2|1,9,5,237016,silent,237011
10,17|5|4|4|2|2|2|2|2,9,3,51051,silent,51048
10,17|5|4|3|3|3|3|1|1,9,0,-1,a0,
10,17|5|4|3|3|3|2|2|1,9,0,-1,a0,
10,17|5|4|3|3|2|2|2|2,9,0,-1,a0,
10,17|5|3|3|3|3|3|2|1,9,0,-1,a0,
10,17|5|3|3|3|3|2|2|2,9,0,-1,a0,
10,17|4|4|4|4|4|1|1|1,9,0,-1,a0,
10,17|4|4|4|4|3|2|1|1,9,0,-1,a0,
10,17|4|4|4|4|2|2|2|1,9,2,39996,silent,39994
10,17|4|4|4|3|3|3|1|1,9,0,-1,a0,
10,17|4|4|4|3|3|2|2|1,9,0,-1,a0,
10,17|4|4|4|3|2|2|2|2,9,1,27171,silent,27170
10,17|4|4|3|3|3|3|2|1,9,0,-1,a0,
10,17|4|4|3|3|3|2|2|2,9,0,-1,a0,
10,17|4|3|3|3|3|3|3|1,9,0,-1,a0,
10,17|4|3|3|3|3|3|2|2,9,0,-1,a0,
10,17|3|3|3|3|3|3|3|2,9,0,-1,a0,
10,16|16|2|1|1|1|1|1|1,9,0,-1,a0,
10,16|15|3|1|1|1|1|1|1,9,0,-1,a0,
10,16|15|2|2|1|1|1|1|1,9,0,-1,a0,
10,16|14|4|1|1|1|1|1|1,9,0,-1,a0,
10,16|14|3|2|1|1|1|1|1,9,0,-1,a0,
10,16|14|2|2|2|1|1|1|1,9,0,-1,a0,
10,16|13|5|1|1|1|1|1|1,9,0,-1,a0,
10,16|13|4|2|1|1|1|1|1,9,0,-1,a0,
10,16|13|3|3|1|1|1|1|1,9,0,-1,a0,
10,16|13|3|2|2|1|1|1|1,9,0,-1,a0,
10,16|13|2|2|2|2|1|1|1,9,0,-1,a0,
10,16|12|6|1|1|1|1|1|1,9,0,-1,a0,
10,16|12|5|2|1|1|1|1|1,9,0,-1,a0,
10,16|12|4|3|1|1|1|1|1,9,1,95191,silent,95190
10,16|12|4|2|2|1|1|1|1,9,2,105931,silent,105929
10,16|12|3|3|2|1|1|1|1,9,3,83715,silent,83712
10,16|12|3|2|2|2|1|1|1,9,4,58033,silent,58029
10,16|12|2|2|2|2|2|1|1,9,2,10775,silent,10773
10,16|11|7|1|1|1|1|1|1,9,0,-1,a0,
10,16|11|6|2|1|1|1|1|1,9,2,141556,silent,141554
10,16|11|5|3|1|1|1|1|1,9,4,241679,silent,241675
10,16|11|5|2|2|1|1|1|1,9,6,249385,silent,249379
10,16|11|4|4|1|1|1|1|1,9,2,132660,silent,132658
10,16|11|4|3|2|1|1|1|1,9,11,380187,silent,380176
10,16|11|4|2|2|2|1|1|1,9,11,205361,silent,205350
10,16|11|3|3|3|1|1|1|1,9,6,109732,silent,109726
10,16|11|3|3|2|2|1|1|1,9,12,179137,silent,179125
10,16|11|3|2|2|2|2|1|1,9,12,77977,silent,77965
10,16|11|2|2|2|2|2|2|1,9,5,10507,silent,10502
10,16|10|8|1|1|1|1|1|1,9,0,-1,a0,
10,16|10|7|2|1|1|1|1|1,9,2,168496,silent,168494
10,16|10|6|3|1|1|1|1|1,9,8,390719,silent,390711
10,16|10|6|2|2|1|1|1|1,9,12,388721,silent,388709
10,16|10|5|4|1|1|1|1|1,9,7,388275,silent,388268
10,16|10|5|3|2|1|1|1|1,9,28,879667,silent,879639
10,16|10|5|2|2|2|1|1|1,9,25,437564,silent,437539
10,16|10|4|4|2|1|1|1|1,9,11,522256,silent,522245
10,16|10|4|3|3|1|1|1|1,9,13,493627,silent,493614
10,16|10|4|3|2|2|1|1|1,9,32,740609,silent,740577
10,16|10|4|2|2|2|2|1|1,9,22,250827,silent,250805
10,16|10|3|3|3|2|1|1|1,9,11,278669,silent,278658
10,16|10|3|3|2|2|2|1|1,9,16,229560,silent,229544
10,16|10|3|2|2|2|2|2|1,9,12,67066,silent,67054
10,16|10|2|2|2|2|2|2|2,9,5,5885,silent,5880
10,16|9|9|1|1|1|1|1|1,9,0,-1,a0,
10,16|9|8|2|1|1|1|1|1,9,2,118415,silent,118413
10,16|9|7|3|1|1|1|1|1,9,7,391302,silent,391295
10,16|9|7|2|2|1|1|1|1,9,10,383583,silent,383573
10,16|9|6|4|1|1|1|1|1,9,12,587545,silent,587533
10,16|9|6|3|2|1|1|1|1,9,37,1225563,silent,1225526
10,16|9|6|2|2|2|1|1|1,9,28,586287,silent,586259
10,16|9|5|5|1|1|1|1|1,9,7,299198,silent,299191
10,16|9|5|4|2|1|1|1|1,9,34,1366804,silent,1366770
10,16|9|5|3|3|1|1|1|1,9,30,1042068,silent,1042038
10,16|9|5|3|2|2|1|1|1,9,63,1514949,silent,1514886
10,16|9|5|2|2|2|2|1|1,9,39,470874,silent,470835
10,16|9|4|4|3|1|1|1|1,9,12,783898,silent,783886
10,16|9|4|4|2|2|1|1|1,9,24,939526,silent,939502
10,16|9|4|3|3|2|1|1|1,9,29,1125671,silent,1125642
10,16|9|4|3|2|2|2|1|1,9,40,848488,silent,848448
10,16|9|4|2|2|2|2|2|1,9,23,192670,silent,192647
10,16|9|3|3|3|3|1|1|1,9,3,204336,silent,204333
10,16|9|3|3|3|2|2|1|1,9,6,354892,silent,354886
10,16|9|3|3|2|2|2|2|1,9,7,179227,silent,179220
10,16|9|3|2|2|2|2|2|2,9,4,31681,silent,31677
10,16|8|8|3|1|1|1|1|1,9,4,168556,silent,168552
10,16|8|8|2|2|1|1|1|1,9,7,163519,silent,163512
10,16|8|7|4|1|1|1|1|1,9,8,461967,silent,461959
10,16|8|7|3|2|1|1|1|1,9,25,933302,silent,933277
10,16|8|7|2|2|2|1|1|1,9,22,439263,silent,439241
10,16|8|6|5|1|1|1|1|1,9,12,475884,silent,475872
10,16|8|6|4|2|1|1|1|1,9,44,1698722,silent,1698678
10,16|8|6|3|3|1|1|1|1,9,30,1209719,silent,1209689
10,16|8|6|3|2|2|1|1|1,9,61,1727126,silent,1727065
10,16|8|6|2|2|2|2|1|1,9,30,515614,silent,515584
10,16|8|5|5|2|1|1|1|1,9,29,935118,silent,935089
10,16|8|5|4|3|1|1|1|1,9,37,1806505,silent,1806468
10,16|8|5|4|2|2|1|1|1,9,64,2105548,silent,2105484
10,16|8|5|3|3|2|1|1|1,9,47,2031118,silent,2031071
10,16|8|5|3|2|2|2|1|1,9,62,1476210,silent,1476148
10,16|8|5|2|2|2|2|2|1,9,24,305518,silent,305494
10,16|8|4|4|4|1|1|1|1,9,4,456548,silent,456544
10,16|8|4|4|3|2|1|1|1,9,25,1611422,silent,1611397
10,16|8|4|4|2|2|2|1|1,9,28,953010,silent,952982
10,16|8|4|3|3|3|1|1|1,9,7,748370,silent,748363
10,16|8|4|3|3|2|2|1|1,9,23,1248815,silent,1248792
10,16|8|4|3|2|2|2|2|1,9,23,579581,silent,579558
10,16|8|4|2|2|2|2|2|2,9,10,79672,silent,79662
10,16|8|3|3|3|3|2|1|1,9,0,-1,a0,
10,16|8|3|3|3|2|2|2|1,9,1,257257,silent,257256
10,16|8|3|3|2|2|2|2|2,9,0,-1,a0,
10,16|7|7|5|1|1|1|1|1,9,3,236791,silent,236788
10,16|7|7|4|2|1|1|1|1,9,16,792749,silent,792733
10,16|7|7|3|3|1|1|1|1,9,15,551467,silent,551452
10,16|7|7|3|2|2|1|1|1,9,29,784714,silent,784685
10,16|7|7|2|2|2|2|1|1,9,19,231527,silent,231508
10,16|7|6|6|1|1|1|1|1,9,3,161627,silent,161624
10,16|7|6|5|2|1|1|1|1,9,29,1093358,silent,1093329
10,16|7|6|4|3|1|1|1|1,9,33,1690247,silent,1690214
10,16|7|6|4|2|2|1|1|1,9,52,1940479,silent,1940427
10,16|7|6|3|3|2|1|1|1,9,41,1755878,silent,1755837
10,16|7|6|3|2|2|2|1|1,9,44,1253522,silent,1253478
10,16|7|6|2|2|2|2|2|1,9,17,250199,silent,250182
10,16|7|5|5|3|1|1|1|1,9,30,1085549,silent,1085519
10,16|7|5|5|2|2|1|1|1,9,42,1183930,silent,1183888
10,16|7|5|4|4|1|1|1|1,9,13,916144,silent,916131
10,16|7|5|4|3|2|1|1|1,9,55,2997815,silent,2997760
10,16|7|5|4|2|2|2|1|1,9,54,1716664,silent,1716610
10,16|7|5|3|3|3|1|1|1,9,11,1103480,silent,1103469
10,16|7|5|3|3|2|2|1|1,9,26,1814919,silent,1814893
10,16|7|5|3|2|2|2|2|1,9,24,809953,silent,809929
10,16|7|5|2|2|2|2|2|2,9,4,100179,silent,100175
10,16|7|4|4|4|2|1|1|1,9,7,863242,silent,863235
10,16|7|4|4|3|3|1|1|1,9,8,985031,silent,985023
10,16|7|4|4|3|2|2|1|1,9,24,1523040,silent,1523016
10,16|7|4|4|2|2|2|2|1,9,20,553110,silent,553090
10,16|7|4|3|3|3|2|1|1,9,3,923623,silent,923620
10,16|7|4|3|3|2|2|2|1,9,6,758084,silent,758078
10,16|7|4|3|2|2|2|2|2,9,5,202397,silent,202392
10,16|7|3|3|3|3|3|1|1,9,0,-1,a0,
10,16|7|3|3|3|3|2|2|1,9,0,-1,a0,
10,16|7|3|3|3|2|2|2|2,9,0,-1,a0,
10,16|6|6|6|2|1|1|1|1,9,5,214137,silent,214132
10,16|6|6|5|3|1|1|1|1,9,19,727243,silent,727224
10,16|6|6|5|2|2|1|1|1,9,18,778907,silent,778889
10,16|6|6|4|4|1|1|1|1,9,9,508122,silent,508113
10,16|6|6|4|3|2|1|1|1,9,28,1614726,silent,1614698
10,16|6|6|4|2|2|2|1|1,9,18,908897,silent,908879
10,16|6|6|3|3|3|1|1|1,9,7,559097,silent,559090
10,16|6|6|3|3|2|2|1|1,9,16,910900,silent,910884
10,16|6|6|3|2|2|2|2|1,9,12,400804,silent,400792
10,16|6|6|2|2|2|2|2|2,9,6,49064,silent,49058
10,16|6|5|5|4|1|1|1|1,9,13,509490,silent,509477
10,16|6|5|5|3|2|1|1|1,9,29,1327556,silent,1327527
10,16|6|5|5|2|2|2|1|1,9,20,704706,silent,704686
10,16|6|5|4|4|2|1|1|1,9,17,1252181,silent,1252164
10,16|6|5|4|3|3|1|1|1,9,12,1335876,silent,1335864
10,16|6|5|4|3|2|2|1|1,9,29,2042449,silent,2042420
10,16|6|5|4|2|2|2|2|1,9,18,714323,silent,714305
10,16|6|5|3|3|3|2|1|1,9,3,990890,silent,990887
10,16|6|5|3|3|2|2|2|1,9,6,800342,silent,800336
10,16|6|5|3|2|2|2|2|2,9,3,205153,silent,205150
10,16|6|4|4|4|3|1|1|1,9,3,540063,silent,540060
10,16|6|4|4|4|2|2|1|1,9,7,671641,silent,671634
10,16|6|4|4|3|3|2|1|1,9,6,974044,silent,974038
10,16|6|4|4|3|2|2|2|1,9,11,736602,silent,736591
10,16|6|4|4|2|2|2|2|2,9,8,155080,silent,155072
10,16|6|4|3|3|3|3|1|1,9,0,-1,a0,
10,16|6|4|3|3|3|2|2|1,9,0,-1,a0,
10,16|6|4|3|3|2|2|2|2,9,0,-1,a0,
10,16|6|3|3|3|3|3|2|1,9,0,-1,a0,
10,16|6|3|3|3|3|2|2|2,9,0,-1,a0,
10,16|5|5|5|5|1|1|1|1,9,4,61999,silent,61995
10,16|5|5|5|4|2|1|1|1,9,11,388258,silent,388247
10,16|5|5|5|3|3|1|1|1,9,2,336064,silent,336062
10,16|5|5|5|3|2|2|1|1,9,6,503133,silent,503127
10,16|5|5|5|2|2|2|2|1,9,1,161941,silent,161940
10,16|5|5|4|4|3|1|1|1,9,4,430869,silent,430865
10,16|5|5|4|4|2|2|1|1,9,10,532027,silent,532017
10,16|5|5|4|3|3|2|1|1,9,2,723771,silent,723769
10,16|5|5|4|3|2|2|2|1,9,5,541097,silent,541092
10,16|5|5|4|2|2|2|2|2,9,0,-1,a0,
10,16|5|5|3|3|3|3|1|1,9,0,-1,a0,
10,16|5|5|3|3|3|2|2|1,9,0,-1,a0,
10,16|5|5|3|3|2|2|2|2,9,1,129575,silent,129574
10,16|5|4|4|4|4|1|1|1,9,0,-1,a0,
10,16|5|4|4|4|3|2|1|1,9,3,392054,silent,392051
10,16|5|4|4|4|2|2|2|1,9,6,235143,silent,235137
10,16|5|4|4|3|3|3|1|1,9,0,-1,a0,
10,16|5|4|4|3|3|2|2|1,9,1,373935,silent,373934
10,16|5|4|4|3|2|2|2|2,9,2,150697,silent,150695
10,16|5|4|3|3|3|3|2|1,9,0,-1,a0,
10,16|5|4|3|3|3|2|2|2,9,0,-1,a0,
10,16|5|3|3|3|3|3|3|1,9,0,-1,a0,
10,16|5|3|3|3|3|3|2|2,9,0,-1,a0,
10,16|4|4|4|4|4|2|1|1,9,0,-1,a0,
10,16|4|4|4|4|3|3|1|1,9,0,-1,a0,
10,16|4|4|4|4|3|2|2|1,9,1,81873,silent,81872
10,16|4|4|4|4|2|2|2|2,9,3,26748,silent,26745
10,16|4|4|4|3|3|3|2|1,9,0,-1,a0,
10,16|4|4|4|3|3|2|2|2,9,0,-1,a0,
10,16|4|4|3|3|3|3|3|1,9,0,-1,a0,
10,16|4|4|3|3|3|3|2|2,9,0,-1,a0,
10,16|4|3|3|3|3|3|3|2,9,0,-1,a0,
10,16|3|3|3|3|3|3|3|3,9,0,-1,a0,
10,15|15|4|1|1|1|1|1|1,9,0,-1,a0,
10,15|15|3|2|1|1|1|1|1,9,0,-1,a0,
10,15|15|2|2|2|1|1|1|1,9,0,-1,a0,
10,15|14|5|1|1|1|1|1|1,9,0,-1,a0,
10,15|14|4|2|1|1|1|1|1,9,0,-1,a0,
10,15|14|3|3|1|1|1|1|1,9,0,-1,a0,
10,15|14|3|2|2|1|1|1|1,9,0,-1,a0,
10,15|14|2|2|2|2|1|1|1,9,0,-1,a0,
10,15|13|6|1|1|1|1|1|1,9,0,-1,a0,
10,15|13|5|2|1|1|1|1|1,9,0,-1,a0,
10,15|13|4|3|1|1|1|1|1,9,1,67913,silent,67912
10,15|13|4|2|2|1|1|1|1,9,1,75337,silent,75336
10,15|13|3|3|2|1|1|1|1,9,3,59673,silent,59670
10,15|13|3|2|2|2|1|1|1,9,3,41285,silent,41282
10,15|13|2|2|2|2|2|1|1,9,2,7744,silent,7742
10,15|12|7|1|1|1|1|1|1,9,0,-1,a0,
10,15|12|6|2|1|1|1|1|1,9,2,122494,silent,122492
10,15|12|5|3|1|1|1|1|1,9,4,207249,silent,207245
10,15|12|5|2|2|1|1|1|1,9,7,213363,silent,213356
10,15|12|4|4|1|1|1|1|1,9,2,113214,silent,113212
10,15|12|4|3|2|1|1|1|1,9,11,323580,silent,323569
10,15|12|4|2|2|2|1|1|1,9,10,174303,silent,174293
10,15|12|3|3|3|1|1|1|1,9,5,93100,silent,93095
10,15|12|3|3|2|2|1|1|1,9,11,151613,silent,151602
10,15|12|3|2|2|2|2|1|1,9,9,65757,silent,65748
10,15|12|2|2|2|2|2|2|1,9,4,8807,silent,8803
10,15|11|8|1|1|1|1|1|1,9,1,30441,silent,30440
10,15|11|7|2|1|1|1|1|1,9,3,176288,silent,176285
10,15|11|6|3|1|1|1|1|1,9,12,398667,silent,398655
10,15|11|6|2|2|1|1|1|1,9,13,395514,silent,395501
10,15|11|5|4|1|1|1|1|1,9,9,391013,silent,391004
10,15|11|5|3|2|1|1|1|1,9,33,883111,silent,883078
10,15|11|5|2|2|2|1|1|1,9,27,438155,silent,438128
10,15|11|4|4|2|1|1|1|1,9,12,520345,silent,520333
10,15|11|4|3|3|1|1|1|1,9,18,491161,silent,491143
10,15|11|4|3|2|2|1|1|1,9,33,735309,silent,735276
10,15|11|4|2|2|2|2|1|1,9,24,248524,silent,248500
10,15|11|3|3|3|2|1|1|1,9,11,275084,silent,275073
10,15|11|3|3|2|2|2|1|1,9,14,225627,silent,225613
10,15|11|3|2|2|2|2|2|1,9,10,65537,silent,65527
10,15|11|2|2|2|2|2|2|2,9,2,5493,silent,5491
10,15|10|9|1|1|1|1|1|1,9,0,-1,a0,
10,15|10|8|2|1|1|1|1|1,9,5,166695,silent,166690
10,15|10|7|3|1|1|1|1|1,9,13,498840,silent,498827
10,15|10|7|2|2|1|1|1|1,9,18,486918,silent,486900
10,15|10|6|4|1|1|1|1|1,9,21,715625,silent,715604
10,15|10|6|3|2|1|1|1|1,9,53,1483944,silent,1483891
10,15|10|6|2|2|2|1|1|1,9,35,706499,silent,706464
10,15|10|5|5|1|1|1|1|1,9,10,358178,silent,358168
10,15|10|5|4|2|1|1|1|1,9,50,1618829,silent,1618779
10,15|10|5|3|3|1|1|1|1,9,38,1229308,silent,1229270
10,15|10|5|3|2|2|1|1|1,9,77,1781626,silent,1781549
10,15|10|5|2|2|2|2|1|1,9,40,550622,silent,550582
10,15|10|4|4|3|1|1|1|1,9,19,914642,silent,914623
10,15|10|4|4|2|2|1|1|1,9,31,1093832,silent,1093801
10,15|10|4|3|3|2|1|1|1,9,36,1305135,silent,1305099
10,15|10|4|3|2|2|2|1|1,9,44,979893,silent,979849
10,15|10|4|2|2|2|2|2|1,9,22,220947,silent,220925
10,15|10|3|3|3|3|1|1|1,9,3,234974,silent,234971
10,15|10|3|3|3|2|2|1|1,9,8,406594,silent,406586
10,15|10|3|3|2|2|2|2|1,9,7,204293,silent,204286
10,15|10|3|2|2|2|2|2|2,9,4,35790,silent,35786
10,15|9|9|2|1|1|1|1|1,9,1,68697,silent,68696
10,15|9|8|3|1|1|1|1|1,9,11,359516,silent,359505
10,15|9|8|2|2|1|1|1|1,9,13,347664,silent,347651
10,15|9|7|4|1|1|1|1|1,9,17,760557,silent,760540
10,15|9|7|3|2|1|1|1|1,9,51,1524896,silent,1524845
10,15|9|7|2|2|2|1|1|1,9,37,714138,silent,714101
10,15|9|6|5|1|1|1|1|1,9,21,718737,silent,718716
10,15|9|6|4|2|1|1|1|1,9,72,2528154,silent,2528082
10,15|9|6|3|3|1|1|1|1,9,54,1789758,silent,1789704
10,15|9|6|3|2|2|1|1|1,9,94,2547590,silent,2547496
10,15|9|6|2|2|2|2|1|1,9,46,756232,silent,756186
10,15|9|5|5|2|1|1|1|1,9,47,1346324,silent,1346277
10,15|9|5|4|3|1|1|1|1,9,60,2565494,silent,2565434
10,15|9|5|4|2|2|1|1|1,9,96,2981759,silent,2981663
10,15|9|5|3|3|2|1|1|1,9,70,2856874,silent,2856804
10,15|9|5|3|2|2|2|1|1,9,78,2066719,silent,2066641
10,15|9|5|2|2|2|2|2|1,9,28,423633,silent,423605
10,15|9|4|4|4|1|1|1|1,9,6,633498,silent,633492
10,15|9|4|4|3|2|1|1|1,9,40,2226475,silent,2226435
10,15|9|4|4|2|2|2|1|1,9,42,1312534,silent,1312492
10,15|9|4|3|3|3|1|1|1,9,13,1025550,silent,1025537
10,15|9|4|3|3|2|2|1|1,9,27,1705667,silent,1705640
10,15|9|4|3|2|2|2|2|1,9,27,786703,silent,786676
10,15|9|4|2|2|2|2|2|2,9,7,105939,silent,105932
10,15|9|3|3|3|3|2|1|1,9,1,406005,silent,406004
10,15|9|3|3|3|2|2|2|1,9,1,344939,silent,344938
10,15|9|3|3|2|2|2|2|2,9,1,98917,silent,98916
10,15|8|8|4|1|1|1|1|1,9,12,335701,silent,335689
10,15|8|8|3|2|1|1|1|1,9,22,660865,silent,660843
10,15|8|8|2|2|2|1|1|1,9,13,305536,silent,305523
10,15|8|7|5|1|1|1|1|1,9,15,622297,silent,622282
10,15|8|7|4|2|1|1|1|1,9,56,2025051,silent,2024995
10,15|8|7|3|3|1|1|1|1,9,35,1393938,silent,1393903
10,15|8|7|3|2|2|1|1|1,9,70,1969579,silent,1969509
10,15|8|7|2|2|2|2|1|1,9,32,573862,silent,573830
10,15|8|6|6|1|1|1|1|1,9,11,338933,silent,338922
10,15|8|6|5|2|1|1|1|1,9,64,2187431,silent,2187367
10,15|8|6|4|3|1|1|1|1,9,77,3307002,silent,3306925
10,15|8|6|4|2|2|1|1|1,9,101,3778090,silent,3777989
10,15|8|6|3|3|2|1|1|1,9,77,3383971,silent,3383894
10,15|8|6|3|2|2|2|1|1,9,77,2399595,silent,2399518
10,15|8|6|2|2|2|2|2|1,9,27,473454,silent,473427
10,15|8|5|5|3|1|1|1|1,9,52,1972187,silent,1972135
10,15|8|5|5|2|2|1|1|1,9,71,2138132,silent,2138061
10,15|8|5|4|4|1|1|1|1,9,31,1633236,silent,1633205
10,15|8|5|4|3|2|1|1|1,9,101,5299627,silent,5299526
10,15|8|5|4|2|2|2|1|1,9,83,3014561,silent,3014478
10,15|8|5|3|3|3|1|1|1,9,19,1927290,silent,1927271
10,15|8|5|3|3|2|2|1|1,9,48,3155543,silent,3155495
10,15|8|5|3|2|2|2|2|1,9,35,1397248,silent,1397213
10,15|8|5|2|2|2|2|2|2,9,7,170881,silent,170874
10,15|8|4|4|4|2|1|1|1,9,16,1465397,silent,1465381
10,15|8|4|4|3|3|1|1|1,9,17,1660963,silent,1660946
10,15|8|4|4|3|2|2|1|1,9,38,2559884,silent,2559846
10,15|8|4|4|2|2|2|2|1,9,28,921918,silent,921890
10,15|8|4|3|3|3|2|1|1,9,6,1532696,silent,1532690
10,15|8|4|3|3|2|2|2|1,9,9,1250624,silent,1250615
10,15|8|4|3|2|2|2|2|2,9,6,330482,silent,330476
10,15|8|3|3|3|3|3|1|1,9,0,-1,a0,
10,15|8|3|3|3|3|2|2|1,9,0,-1,a0,
10,15|8|3|3|3|2|2|2|2,9,0,-1,a0,
10,15|7|7|6|1|1|1|1|1,9,2,210859,silent,210857
10,15|7|7|5|2|1|1|1|1,9,29,1107202,silent,1107173
10,15|7|7|4|3|1|1|1|1,9,31,1569124,silent,1569093
10,15|7|7|4|2|2|1|1|1,9,55,1786814,silent,1786759
10,15|7|7|3|3|2|1|1|1,9,33,1558911,silent,1558878
10,15|7|7|3|2|2|2|1|1,9,36,1099254,silent,1099218
10,15|7|7|2|2|2|2|2|1,9,9,212322,silent,212313
10,15|7|6|6|2|1|1|1|1,9,16,766162,silent,766146
10,15|7|6|5|3|1|1|1|1,9,56,2376151,silent,2376095
10,15|7|6|5|2|2|1|1|1,9,66,2533828,silent,2533762
10,15|7|6|4|4|1|1|1|1,9,25,1604060,silent,1604035
10,15|7|6|4|3|2|1|1|1,9,91,5037111,silent,5037020
10,15|7|6|4|2|2|2|1|1,9,69,2816240,silent,2816171
10,15|7|6|3|3|3|1|1|1,9,20,1703210,silent,1703190
10,15|7|6|3|3|2|2|1|1,9,39,2763938,silent,2763899
10,15|7|6|3|2|2|2|2|1,9,27,1202136,silent,1202109
10,15|7|6|2|2|2|2|2|2,9,5,141537,silent,141532
10,15|7|5|5|4|1|1|1|1,9,34,1292268,silent,1292234
10,15|7|5|5|3|2|1|1|1,9,69,3320352,silent,3320283
10,15|7|5|5|2|2|2|1|1,9,41,1745313,silent,1745272
10,15|7|5|4|4|2|1|1|1,9,48,3028026,silent,3027978
10,15|7|5|4|3|3|1|1|1,9,30,3195175,silent,3195145
10,15|7|5|4|3|2|2|1|1,9,67,4862893,silent,4862826
10,15|7|5|4|2|2|2|2|1,9,32,1681194,silent,1681162
10,15|7|5|3|3|3|2|1|1,9,8,2307920,silent,2307912
10,15|7|5|3|3|2|2|2|1,9,12,1851126,silent,1851114
10,15|7|5|3|2|2|2|2|2,9,5,468034,silent,468029
10,15|7|4|4|4|3|1|1|1,9,8,1185385,silent,1185377
10,15|7|4|4|4|2|2|1|1,9,21,1470117,silent,1470096
10,15|7|4|4|3|3|2|1|1,9,12,2104029,silent,2104017
10,15|7|4|4|3|2|2|2|1,9,19,1581095,silent,1581076
10,15|7|4|4|2|2|2|2|2,9,7,325638,silent,325631
10,15|7|4|3|3|3|3|1|1,9,0,-1,a0,
10,15|7|4|3|3|3|2|2|1,9,0,-1,a0,
10,15|7|4|3|3|2|2|2|2,9,1,454791,silent,454790
10,15|7|3|3|3|3|3|2|1,9,0,-1,a0,
10,15|7|3|3|3|3|2|2|2,9,0,-1,a0,
10,15|6|6|6|3|1|1|1|1,9,11,487912,silent,487901
10,15|6|6|6|2|2|1|1|1,9,6,502352,silent,502346
10,15|6|6|5|4|1|1|1|1,9,19,898998,silent,898979
10,15|6|6|5|3|2|1|1|1,9,41,2243080,silent,2243039
10,15|6|6|5|2|2|2|1|1,9,21,1159235,silent,1159214
10,15|6|6|4|4|2|1|1|1,9,19,1694619,silent,1694600
10,15|6|6|4|3|3|1|1|1,9,22,1751304,silent,1751282
10,15|6|6|4|3|2|2|1|1,9,33,2642256,silent,2642223
10,15|6|6|4|2|2|2|2|1,9,19,901498,silent,901479
10,15|6|6|3|3|3|2|1|1,9,6,1178135,silent,1178129
10,15|6|6|3|3|2|2|2|1,9,6,935653,silent,935647
10,15|6|6|3|2|2|2|2|2,9,4,234414,silent,234410
10,15|6|5|5|5|1|1|1|1,9,10,293551,silent,293541
10,15|6|5|5|4|2|1|1|1,9,35,1748779,silent,1748744
10,15|6|5|5|3|3|1|1|1,9,15,1492943,silent,1492928
10,15|6|5|5|3|2|2|1|1,9,26,2209804,silent,2209778
10,15|6|5|5|2|2|2|2|1,9,7,701883,silent,701876
10,15|6|5|4|4|3|1|1|1,9,18,1769615,silent,1769597
10,15|6|5|4|4|2|2|1|1,9,27,2167235,silent,2167208
10,15|6|5|4|3|3|2|1|1,9,15,2903362,silent,2903347
10,15|6|5|4|3|2|2|2|1,9,18,2147107,silent,2147089
10,15|6|5|4|2|2|2|2|2,9,5,424019,silent,424014
10,15|6|5|3|3|3|3|1|1,9,0,-1,a0,
10,15|6|5|3|3|3|2|2|1,9,1,1148204,silent,1148203
10,15|6|5|3|3|2|2|2|2,9,1,485941,silent,485940
10,15|6|4|4|4|4|1|1|1,9,1,314654,silent,314653
10,15|6|4|4|4|3|2|1|1,9,10,1231996,silent,1231986
10,15|6|4|4|4|2|2|2|1,9,13,731803,silent,731790
10,15|6|4|4|3|3|3|1|1,9,1,709998,silent,709997
10,15|6|4|4|3|3|2|2|1,9,3,1143219,silent,1143216
10,15|6|4|4|3|2|2|2|2,9,4,454613,silent,454609
10,15|6|4|3|3|3|3|2|1,9,0,-1,a0,
10,15|6|4|3|3|3|2|2|2,9,0,-1,a0,
10,15|6|3|3|3|3|3|3|1,9,0,-1,a0,
10,15|6|3|3|3|3|3|2|2,9,0,-1,a0,
10,15|5|5|5|5|2|1|1|1,9,5,225735,silent,225730
10,15|5|5|5|4|3|1|1|1,9,8,574497,silent,574489
10,15|5|5|5|4|2|2|1|1,9,8,686784,silent,686776
10,15|5|5|5|3|3|2|1|1,9,2,748253,silent,748251
10,15|5|5|5|3|2|2|2|1,9,2,536870,silent,536868
10,15|5|5|5|2|2|2|2|2,9,0,-1,a0,
10,15|5|5|4|4|4|1|1|1,9,5,263033,silent,263028
10,15|5|5|4|4|3|2|1|1,9,8,994936,silent,994928
10,15|5|5|4|4|2|2|2|1,9,5,581234,silent,581229
10,15|5|5|4|3|3|3|1|1,9,0,-1,a0,
10,15|5|5|4|3|3|2|2|1,9,2,861225,silent,861223
10,15|5|5|4|3|2|2|2|2,9,1,335754,silent,335753
10,15|5|5|3|3|3|3|2|1,9,0,-1,a0,
10,15|5|5|3|3|3|2|2|2,9,0,-1,a0,
10,15|5|4|4|4|4|2|1|1,9,3,253800,silent,253797
10,15|5|4|4|4|3|3|1|1,9,1,319595,silent,319594
10,15|5|4|4|4|3|2|2|1,9,5,480561,silent,480556
10,15|5|4|4|4|2|2|2|2,9,3,150179,silent,150176
10,15|5|4|4|3|3|3|2|1,9,0,-1,a0,
10,15|5|4|4|3|3|2|2|2,9,0,-1,a0,
10,15|5|4|3|3|3|3|3|1,9,0,-1,a0,
10,15|5|4|3|3|3|3|2|2,9,0,-1,a0,
10,15|5|3|3|3|3|3|3|2,9,0,-1,a0,
10,15|4|4|4|4|4|3|1|1,9,0,-1,a0,
10,15|4|4|4|4|4|2|2|1,9,2,55483,silent,55481
10,15|4|4|4|4|3|3|2|1,9,0,-1,a0,
10,15|4|4|4|4|3|2|2|2,9,1,55928,silent,55927
10,15|4|4|4|3|3|3|3|1,9,0,-1,a0,
10,15|4|4|4|3|3|3|2|2,9,0,-1,a0,
10,15|4|4|3|3|3|3|3|2,9,0,-1,a0,
10,15|4|3|3|3|3|3|3|3,9,0,-1,a0,
10,14|14|6|1|1|1|1|1|1,9,0,-1,a0,
10,14|14|5|2|1|1|1|1|1,9,0,-1,a0,
10,14|14|4|3|1|1|1|1|1,9,0,-1,a0,
10,14|14|4|2|2|1|1|1|1,9,1,27521,silent,27520
10,14|14|3|3|2|1|1|1|1,9,1,21602,silent,21601
10,14|14|3|2|2|2|1|1|1,9,1,14922,silent,14921
10,14|14|2|2|2|2|2|1|1,9,0,-1,a0,
10,14|13|7|1|1|1|1|1|1,9,0,-1,a0,
10,14|13|6|2|1|1|1|1|1,9,1,71409,silent,71408
10,14|13|5|3|1|1|1|1|1,9,3,120309,silent,120306
10,14|13|5|2|2|1|1|1|1,9,4,123716,silent,123712
10,14|13|4|4|1|1|1|1|1,9,1,65523,silent,65522
10,14|13|4|3|2|1|1|1|1,9,7,187131,silent,187124
10,14|13|4|2|2|2|1|1|1,9,6,100729,silent,100723
10,14|13|3|3|3|1|1|1|1,9,3,53765,silent,53762
10,14|13|3|3|2|2|1|1|1,9,7,87435,silent,87428
10,14|13|3|2|2|2|2|1|1,9,5,37889,silent,37884
10,14|13|2|2|2|2|2|2|1,9,2,5050,silent,5048
10,14|12|8|1|1|1|1|1|1,9,0,-1,a0,
10,14|12|7|2|1|1|1|1|1,9,3,135635,silent,135632
10,14|12|6|3|1|1|1|1|1,9,9,301984,silent,301975
10,14|12|6|2|2|1|1|1|1,9,13,299259,silent,299246
10,14|12|5|4|1|1|1|1|1,9,8,294108,silent,294100
10,14|12|5|3|2|1|1|1|1,9,27,662064,silent,662037
10,14|12|5|2|2|2|1|1|1,9,20,327562,silent,327542
10,14|12|4|4|2|1|1|1|1,9,12,389007,silent,388995
10,14|12|4|3|3|1|1|1|1,9,12,366148,silent,366136
10,14|12|4|3|2|2|1|1|1,9,27,547591,silent,547564
10,14|12|4|2|2|2|2|1|1,9,14,184241,silent,184227
10,14|12|3|3|3|2|1|1|1,9,9,204386,silent,204377
10,14|12|3|3|2|2|2|1|1,9,11,167471,silent,167460
10,14|12|3|2|2|2|2|2|1,9,7,48486,silent,48479
10,14|12|2|2|2|2|2|2|2,9,3,4177,silent,4174
10,14|11|9|1|1|1|1|1|1,9,1,22849,silent,22848
10,14|11|8|2|1|1|1|1|1,9,6,165787,silent,165781
10,14|11|7|3|1|1|1|1|1,9,16,474271,silent,474255
10,14|11|7|2|2|1|1|1|1,9,18,461961,silent,461943
10,14|11|6|4|1|1|1|1|1,9,22,664391,silent,664369
10,14|11|6|3|2|1|1|1|1,9,55,1373672,silent,1373617
10,14|11|6|2|2|2|1|1|1,9,34,652681,silent,652647
10,14|11|5|5|1|1|1|1|1,9,11,329560,silent,329549
10,14|11|5|4|2|1|1|1|1,9,50,1480171,silent,1480121
10,14|11|5|3|3|1|1|1|1,9,40,1121436,silent,1121396
10,14|11|5|3|2|2|1|1|1,9,72,1622701,silent,1622629
10,14|11|5|2|2|2|2|1|1,9,36,500127,silent,500091
10,14|11|4|4|3|1|1|1|1,9,19,828964,silent,828945
10,14|11|4|4|2|2|1|1|1,9,31,990629,silent,990598
10,14|11|4|3|3|2|1|1|1,9,34,1178573,silent,1178539
10,14|11|4|3|2|2|2|1|1,9,38,883138,silent,883100
10,14|11|4|2|2|2|2|2|1,9,18,198165,silent,198147
10,14|11|3|3|3|3|1|1|1,9,3,211188,silent,211185
10,14|11|3|3|3|2|2|1|1,9,6,364552,silent,364546
10,14|11|3|3|2|2|2|2|1,9,6,182701,silent,182695
10,14|11|3|2|2|2|2|2|2,9,3,31721,silent,31718
10,14|10|10|1|1|1|1|1|1,9,0,-1,a0,
10,14|10|9|2|1|1|1|1|1,9,4,117151,silent,117147
10,14|10|8|3|1|1|1|1|1,9,17,468417,silent,468400
10,14|10|8|2|2|1|1|1|1,9,22,451402,silent,451380
10,14|10|7|4|1|1|1|1|1,9,28,901378,silent,901350
10,14|10|7|3|2|1|1|1|1,9,68,1795750,silent,1795682
10,14|10|7|2|2|2|1|1|1,9,43,836693,silent,836650
10,14|10|6|5|1|1|1|1|1,9,29,817971,silent,817942
10,14|10|6|4|2|1|1|1|1,9,96,2850206,silent,2850110
10,14|10|6|3|3|1|1|1|1,9,62,2009295,silent,2009233
10,14|10|6|3|2|2|1|1|1,9,108,2853357,silent,2853249
10,14|10|6|2|2|2|2|1|1,9,43,842446,silent,842403
10,14|10|5|5|2|1|1|1|1,9,53,1490785,silent,1490732
10,14|10|5|4|3|1|1|1|1,9,75,2819283,silent,2819208
10,14|10|5|4|2|2|1|1|1,9,107,3268709,silent,3268602
10,14|10|5|3|3|2|1|1|1,9,79,3121088,silent,3121009
10,14|10|5|3|2|2|2|1|1,9,81,2250654,silent,2250573
10,14|10|5|2|2|2|2|2|1,9,27,459144,silent,459117
10,14|10|4|4|4|1|1|1|1,9,13,687647,silent,687634
10,14|10|4|4|3|2|1|1|1,9,47,2407539,silent,2407492
10,14|10|4|4|2|2|2|1|1,9,39,1414470,silent,1414431
10,14|10|4|3|3|3|1|1|1,9,13,1103974,silent,1103961
10,14|10|4|3|3|2|2|1|1,9,32,1832840,silent,1832808
10,14|10|4|3|2|2|2|2|1,9,24,841908,silent,841884
10,14|10|4|2|2|2|2|2|2,9,10,113084,silent,113074
10,14|10|3|3|3|3|2|1|1,9,1,432545,silent,432544
10,14|10|3|3|3|2|2|2|1,9,1,366306,silent,366305
10,14|10|3|3|2|2|2|2|2,9,0,-1,a0,
10,14|9|9|3|1|1|1|1|1,9,7,197626,silent,197619
10,14|9|9|2|2|1|1|1|1,9,6,190171,silent,190165
10,14|9|8|4|1|1|1|1|1,9,23,675549,silent,675526
10,14|9|8|3|2|1|1|1|1,9,50,1322392,silent,1322342
10,14|9|8|2|2|2|1|1|1,9,29,609888,silent,609859
10,14|9|7|5|1|1|1|1|1,9,29,974976,silent,974947
10,14|9|7|4|2|1|1|1|1,9,94,3126672,silent,3126578
10,14|9|7|3|3|1|1|1|1,9,64,2139067,silent,2139003
10,14|9|7|3|2|2|1|1|1,9,109,3013838,silent,3013729
10,14|9|7|2|2|2|2|1|1,9,47,873000,silent,872953
10,14|9|6|6|1|1|1|1|1,9,15,492207,silent,492192
10,14|9|6|5|2|1|1|1|1,9,97,3100770,silent,3100673
10,14|9|6|4|3|1|1|1|1,9,114,4627711,silent,4627597
10,14|9|6|4|2|2|1|1|1,9,150,5275282,silent,5275132
10,14|9|6|3|3|2|1|1|1,9,108,4693272,silent,4693164
10,14|9|6|3|2|2|2|1|1,9,99,3316167,silent,3316068
10,14|9|6|2|2|2|2|2|1,9,31,648645,silent,648614
10,14|9|5|5|3|1|1|1|1,9,75,2669522,silent,2669447
10,14|9|5|5|2|2|1|1|1,9,92,2884723,silent,2884631
10,14|9|5|4|4|1|1|1|1,9,42,2187113,silent,2187071
10,14|9|5|4|3|2|1|1|1,9,141,7062298,silent,7062157
10,14|9|5|4|2|2|2|1|1,9,106,4002496,silent,4002390
10,14|9|5|3|3|3|1|1|1,9,28,2549037,silent,2549009
10,14|9|5|3|3|2|2|1|1,9,58,4162838,silent,4162780
10,14|9|5|3|2|2|2|2|1,9,39,1834159,silent,1834120
10,14|9|5|2|2|2|2|2|2,9,7,221718,silent,221711
10,14|9|4|4|4|2|1|1|1,9,26,1911957,silent,1911931
10,14|9|4|4|3|3|1|1|1,9,23,2157163,silent,2157140
10,14|9|4|4|3|2|2|1|1,9,49,3319383,silent,3319334
10,14|9|4|4|2|2|2|2|1,9,30,1188661,silent,1188631
10,14|9|4|3|3|3|2|1|1,9,8,1972166,silent,1972158
10,14|9|4|3|3|2|2|2|1,9,10,1603994,silent,1603984
10,14|9|4|3|2|2|2|2|2,9,6,420664,silent,420658
10,14|9|3|3|3|3|3|1|1,9,0,-1,a0,
10,14|9|3|3|3|3|2|2|1,9,0,-1,a0,
10,14|9|3|3|3|2|2|2|2,9,0,-1,a0,
10,14|8|8|5|1|1|1|1|1,9,16,449296,silent,449280
10,14|8|8|4|2|1|1|1|1,9,47,1393230,silent,1393183
10,14|8|8|3|3|1|1|1|1,9,22,941767,silent,941745
10,14|8|8|3|2|2|1|1|1,9,43,1318734,silent,1318691
10,14|8|8|2|2|2|2|1|1,9,13,377636,silent,377623
10,14|8|7|6|1|1|1|1|1,9,14,549718,silent,549704
10,14|8|7|5|2|1|1|1|1,9,79,2742838,silent,2742759
10,14|8|7|4|3|1|1|1|1,9,88,3802812,silent,3802724
10,14|8|7|4|2|2|1|1|1,9,119,4303305,silent,4303186
10,14|8|7|3|3|2|1|1|1,9,77,3721596,silent,3721519
10,14|8|7|3|2|2|2|1|1,9,75,2605312,silent,2605237
10,14|8|7|2|2|2|2|2|1,9,20,499325,silent,499305
10,14|8|6|6|2|1|1|1|1,9,41,1521811,silent,1521770
10,14|8|6|5|3|1|1|1|1,9,108,4514458,silent,4514350
10,14|8|6|5|2|2|1|1|1,9,120,4791558,silent,4791438
10,14|8|6|4|4|1|1|1|1,9,61,2993082,silent,2993021
10,14|8|6|4|3|2|1|1|1,9,169,9322705,silent,9322536
10,14|8|6|4|2|2|2|1|1,9,109,5181276,silent,5181167
10,14|8|6|3|3|3|1|1|1,9,34,3114146,silent,3114112
10,14|8|6|3|3|2|2|1|1,9,71,5036231,silent,5036160
10,14|8|6|3|2|2|2|2|1,9,43,2175329,silent,2175286
10,14|8|6|2|2|2|2|2|2,9,11,253853,silent,253842
10,14|8|5|5|4|1|1|1|1,9,54,2238566,silent,2238512
10,14|8|5|5|3|2|1|1|1,9,112,5705653,silent,5705541
10,14|8|5|5|2|2|2|1|1,9,67,2981314,silent,2981247
10,14|8|5|4|4|2|1|1|1,9,82,5109747,silent,5109665
10,14|8|5|4|3|3|1|1|1,9,56,5362258,silent,5362202
10,14|8|5|4|3|2|2|1|1,9,105,8132624,silent,8132519
10,14|8|5|4|2|2|2|2|1,9,47,2793437,silent,2793390
10,14|8|5|3|3|3|2|1|1,9,14,3814104,silent,3814090
10,14|8|5|3|3|2|2|2|1,9,18,3043912,silent,3043894
10,14|8|5|3|2|2|2|2|2,9,6,763918,silent,763912
10,14|8|4|4|4|3|1|1|1,9,19,1910410,silent,1910391
10,14|8|4|4|4|2|2|1|1,9,28,2361899,silent,2361871
10,14|8|4|4|3|3|2|1|1,9,21,3361539,silent,3361518
10,14|8|4|4|3|2|2|2|1,9,25,2514720,silent,2514695
10,14|8|4|4|2|2|2|2|2,9,12,514177,silent,514165
10,14|8|4|3|3|3|3|1|1,9,0,-1,a0,
10,14|8|4|3|3|3|2|2|1,9,1,1657476,silent,1657475
10,14|8|4|3|3|2|2|2|2,9,0,-1,a0,
10,14|8|3|3|3|3|3|2|1,9,0,-1,a0,
10,14|8|3|3|3|3|2|2|2,9,0,-1,a0,
10,14|7|7|7|1|1|1|1|1,9,2,98707,silent,98705
10,14|7|7|6|2|1|1|1|1,9,20,966698,silent,966678
10,14|7|7|5|3|1|1|1|1,9,52,2326150,silent,2326098
10,14|7|7|5|2|2|1|1|1,9,66,2458960,silent,2458894
10,14|7|7|4|4|1|1|1|1,9,23,1457577,silent,1457554
10,14|7|7|4|3|2|1|1|1,9,80,4480572,silent,4480492
10,14|7|7|4|2|2|2|1|1,9,61,2475336,silent,2475275
10,14|7|7|3|3|3|1|1|1,9,15,1453043,silent,1453028
10,14|7|7|3|3|2|2|1|1,9,26,2344162,silent,2344136
10,14|7|7|3|2|2|2|2|1,9,16,1003276,silent,1003260
10,14|7|7|2|2|2|2|2|2,9,0,-1,a0,
10,14|7|6|6|3|1|1|1|1,9,30,1674584,silent,1674554
10,14|7|6|6|2|2|1|1|1,9,33,1721451,silent,1721418
10,14|7|6|5|4|1|1|1|1,9,56,2836423,silent,2836367
10,14|7|6|5|3|2|1|1|1,9,121,6990105,silent,6989984
10,14|7|6|5|2|2|2|1|1,9,66,3586903,silent,3586837
10,14|7|6|4|4|2|1|1|1,9,73,5109964,silent,5109891
10,14|7|6|4|3|3|1|1|1,9,54,5217248,silent,5217194
10,14|7|6|4|3|2|2|1|1,9,96,7848420,silent,7848324
10,14|7|6|4|2|2|2|2|1,9,41,2647228,silent,2647187
10,14|7|6|3|3|3|2|1|1,9,15,3421277,silent,3421262
10,14|7|6|3|3|2|2|2|1,9,15,2703986,silent,2703971
10,14|7|6|3|2|2|2|2|2,9,6,666715,silent,666709
10,14|7|5|5|5|1|1|1|1,9,22,727500,silent,727478
10,14|7|5|5|4|2|1|1|1,9,76,4225443,silent,4225367
10,14|7|5|5|3|3|1|1|1,9,37,3573063,silent,3573026
10,14|7|5|5|3|2|2|1|1,9,57,5261967,silent,5261910
10,14|7|5|5|2|2|2|2|1,9,15,1655766,silent,1655751
10,14|7|5|4|4|3|1|1|1,9,42,4092940,silent,4092898
10,14|7|5|4|4|2|2|1|1,9,63,4992823,silent,4992760
10,14|7|5|4|3|3|2|1|1,9,33,6619193,silent,6619160
10,14|7|5|4|3|2|2|2|1,9,34,4865980,silent,4865946
10,14|7|5|4|2|2|2|2|2,9,6,948417,silent,948411
10,14|7|5|3|3|3|3|1|1,9,1,1542768,silent,1542767
10,14|7|5|3|3|3|2|2|1,9,2,2547934,silent,2547932
10,14|7|5|3|3|2|2|2|2,9,2,1070938,silent,1070936
10,14|7|4|4|4|4|1|1|1,9,6,665454,silent,665448
10,14|7|4|4|4|3|2|1|1,9,21,2579612,silent,2579591
10,14|7|4|4|4|2|2|2|1,9,21,1521846,silent,1521825
10,14|7|4|4|3|3|3|1|1,9,2,1466608,silent,1466606
10,14|7|4|4|3|3|2|2|1,9,6,2356861,silent,2356855
10,14|7|4|4|3|2|2|2|2,9,5,928492,silent,928487
10,14|7|4|3|3|3|3|2|1,9,0,-1,a0,
10,14|7|4|3|3|3|2|2|2,9,0,-1,a0,
10,14|7|3|3|3|3|3|3|1,9,0,-1,a0,
10,14|7|3|3|3|3|3|2|2,9,0,-1,a0,
10,14|6|6|6|4|1|1|1|1,9,11,639506,silent,639495
10,14|6|6|6|3|2|1|1|1,9,20,1461083,silent,1461063
10,14|6|6|6|2|2|2|1|1,9,7,722939,silent,722932
10,14|6|6|5|5|1|1|1|1,9,11,549078,silent,549067
10,14|6|6|5|4|2|1|1|1,9,40,2969584,silent,2969544
10,14|6|6|5|3|3|1|1|1,9,29,2458548,silent,2458519
10,14|6|6|5|3|2|2|1|1,9,39,3588305,silent,3588266
10,14|6|6|5|2|2|2|2|1,9,14,1114182,silent,1114168
10,14|6|6|4|4|3|1|1|1,9,23,2331181,silent,2331158
10,14|6|6|4|4|2|2|1|1,9,24,2822751,silent,2822727
10,14|6|6|4|3|3|2|1|1,9,24,3662105,silent,3662081
10,14|6|6|4|3|2|2|2|1,9,20,2669491,silent,2669471
10,14|6|6|4|2|2|2|2|2,9,9,515771,silent,515762
10,14|6|6|3|3|3|3|1|1,9,0,-1,a0,
10,14|6|6|3|3|3|2|2|1,9,1,1309251,silent,1309250
10,14|6|6|3|3|2|2|2|2,9,0,-1,a0,
10,14|6|5|5|5|2|1|1|1,9,20,1023012,silent,1022992
10,14|6|5|5|4|3|1|1|1,9,29,2498545,silent,2498516
10,14|6|5|5|4|2|2|1|1,9,31,2962831,silent,2962800
10,14|6|5|5|3|3|2|1|1,9,13,3178672,silent,3178659
10,14|6|5|5|3|2|2|2|1,9,9,2257388,silent,2257379
10,14|6|5|5|2|2|2|2|2,9,0,-1,a0,
10,14|6|5|4|4|4|1|1|1,9,11,1046434,silent,1046423
10,14|6|5|4|4|3|2|1|1,9,29,3918869,silent,3918840
10,14|6|5|4|4|2|2|2|1,9,19,2272619,silent,2272600
10,14|6|5|4|3|3|3|1|1,9,3,2067293,silent,2067290
10,14|6|5|4|3|3|2|2|1,9,7,3303676,silent,3303669
10,14|6|5|4|3|2|2|2|2,9,4,1276084,silent,1276080
10,14|6|5|3|3|3|3|2|1,9,0,-1,a0,
10,14|6|5|3|3|3|2|2|2,9,0,-1,a0,
10,14|6|4|4|4|4|2|1|1,9,7,775964,silent,775957
10,14|6|4|4|4|3|3|1|1,9,5,967144,silent,967139
10,14|6|4|4|4|3|2|2|1,9,11,1447924,silent,1447913
10,14|6|4|4|4|2|2|2|2,9,8,447893,silent,447885
10,14|6|4|4|3|3|3|2|1,9,0,-1,a0,
10,14|6|4|4|3|3|2|2|2,9,0,-1,a0,
10,14|6|4|3|3|3|3|3|1,9,0,-1,a0,
10,14|6|4|3|3|3|3|2|2,9,0,-1,a0,
10,14|6|3|3|3|3|3|3|2,9,0,-1,a0,
10,14|5|5|5|5|3|1|1|1,9,4,357568,silent,357564
10,14|5|5|5|5|2|2|1|1,9,1,397323,silent,397322
10,14|5|5|5|4|4|1|1|1,9,8,375065,silent,375057
10,14|5|5|5|4|3|2|1|1,9,7,1301491,silent,1301484
10,14|5|5|5|4|2|2|2|1,9,1,730350,silent,730349
10,14|5|5|5|3|3|3|1|1,9,0,-1,a0,
10,14|5|5|5|3|3|2|2|1,9,1,868815,silent,868814
10,14|5|5|5|3|2|2|2|2,9,0,-1,a0,
10,14|5|5|4|4|4|2|1|1,9,10,654713,silent,654703
10,14|5|5|4|4|3|3|1|1,9,2,792093,silent,792091
10,14|5|5|4|4|3|2|2|1,9,5,1179950,silent,1179945
10,14|5|5|4|4|2|2|2|2,9,0,-1,a0,
10,14|5|5|4|3|3|3|2|1,9,0,-1,a0,
10,14|5|5|4|3|3|2|2|2,9,1,552233,silent,552232
10,14|5|5|3|3|3|3|3|1,9,0,-1,a0,
10,14|5|5|3|3|3|3|2|2,9,0,-1,a0,
10,14|5|4|4|4|4|3|1|1,9,3,264463,silent,264460
10,14|5|4|4|4|4|2|2|1,9,6,320834,silent,320828
10,14|5|4|4|4|3|3|2|1,9,1,504526,silent,504525
10,14|5|4|4|4|3|2|2|2,9,2,315228,silent,315226
10,14|5|4|4|3|3|3|3|1,9,0,-1,a0,
10,14|5|4|4|3|3|3|2|2,9,0,-1,a0,
10,14|5|4|3|3|3|3|3|2,9,0,-1,a0,
10,14|5|3|3|3|3|3|3|3,9,0,-1,a0,
10,14|4|4|4|4|4|4|1|1,9,0,-1,a0,
10,14|4|4|4|4|4|3|2|1,9,1,76376,silent,76375
10,14|4|4|4|4|4|2|2|2,9,3,38840,silent,38837
10,14|4|4|4|4|3|3|3|1,9,0,-1,a0,
10,14|4|4|4|4|3|3|2|2,9,0,-1,a0,
10,14|4|4|4|3|3|3|3|2,9,0,-1,a0,
10,14|4|4|3|3|3|3|3|3,9,0,-1,a0,
10,13|13|8|1|1|1|1|1|1,9,0,-1,a0,
10,13|13|7|2|1|1|1|1|1,9,1,50817,silent,50816
10,13|13|6|3|1|1|1|1|1,9,4,112745,silent,112741
10,13|13|6|2|2|1|1|1|1,9,4,111520,silent,111516
10,13|13|5|4|1|1|1|1|1,9,3,109369,silent,109366
10,13|13|5|3|2|1|1|1|1,9,11,246457,silent,246446
10,13|13|5|2|2|2|1|1|1,9,8,122071,silent,122063
10,13|13|4|4|2|1|1|1|1,9,3,144181,silent,144178
10,13|13|4|3|3|1|1|1|1,9,7,136082,silent,136075
10,13|13|4|3|2|2|1|1|1,9,9,203326,silent,203317
10,13|13|4|2|2|2|2|1|1,9,8,68734,silent,68726
10,13|13|3|3|3|2|1|1|1,9,3,75680,silent,75677
10,13|13|3|3|2|2|2|1|1,9,3,61814,silent,61811
10,13|13|3|2|2|2|2|2|1,9,2,17890,silent,17888
10,13|13|2|2|2|2|2|2|2,9,0,-1,a0,
10,13|12|9|1|1|1|1|1|1,9,0,-1,a0,
10,13|12|8|2|1|1|1|1|1,9,4,104227,silent,104223
10,13|12|7|3|1|1|1|1|1,9,10,291595,silent,291585
10,13|12|7|2|2|1|1|1|1,9,13,283602,silent,283589
10,13|12|6|4|1|1|1|1|1,9,15,403657,silent,403642
10,13|12|6|3|2|1|1|1|1,9,35,832789,silent,832754
10,13|12|6|2|2|2|1|1|1,9,21,395005,silent,394984
10,13|12|5|5|1|1|1|1|1,9,7,199230,silent,199223
10,13|12|5|4|2|1|1|1|1,9,33,891684,silent,891651
10,13|12|5|3|3|1|1|1|1,9,24,674656,silent,674632
10,13|12|5|3|2|2|1|1|1,9,44,975244,silent,975200
10,13|12|5|2|2|2|2|1|1,9,20,300012,silent,299992
10,13|12|4|4|3|1|1|1|1,9,13,497057,silent,497044
10,13|12|4|4|2|2|1|1|1,9,19,593517,silent,593498
10,13|12|4|3|3|2|1|1|1,9,21,705277,silent,705256
10,13|12|4|3|2|2|2|1|1,9,22,527839,silent,527817
10,13|12|4|2|2|2|2|2|1,9,10,118224,silent,118214
10,13|12|3|3|3|3|1|1|1,9,2,126070,silent,126068
10,13|12|3|3|3|2|2|1|1,9,4,217387,silent,217383
10,13|12|3|3|2|2|2|2|1,9,3,108774,silent,108771
10,13|12|3|2|2|2|2|2|2,9,2,18862,silent,18860
10,13|11|10|1|1|1|1|1|1,9,1,11643,silent,11642
10,13|11|9|2|1|1|1|1|1,9,4,110156,silent,110152
10,13|11|8|3|1|1|1|1|1,9,19,402324,silent,402305
10,13|11|8|2|2|1|1|1|1,9,17,387014,silent,386997
10,13|11|7|4|1|1|1|1|1,9,26,742203,silent,742177
10,13|11|7|3|2|1|1|1|1,9,61,1475293,silent,1475232
10,13|11|7|2|2|2|1|1|1,9,37,686503,silent,686466
10,13|11|6|5|1|1|1|1|1,9,26,660624,silent,660598
10,13|11|6|4|2|1|1|1|1,9,79,2290094,silent,2290015
10,13|11|6|3|3|1|1|1|1,9,57,1611630,silent,1611573
10,13|11|6|3|2|2|1|1|1,9,87,2286157,silent,2286070
10,13|11|6|2|2|2|2|1|1,9,38,674200,silent,674162
10,13|11|5|5|2|1|1|1|1,9,47,1187761,silent,1187714
10,13|11|5|4|3|1|1|1|1,9,63,2234989,silent,2234926
10,13|11|5|4|2|2|1|1|1,9,87,2589365,silent,2589278
10,13|11|5|3|3|2|1|1|1,9,63,2465942,silent,2465879
10,13|11|5|3|2|2|2|1|1,9,60,1775473,silent,1775413
10,13|11|5|2|2|2|2|2|1,9,19,360852,silent,360833
10,13|11|4|4|4|1|1|1|1,9,7,540792,silent,540785
10,13|11|4|4|3|2|1|1|1,9,39,1892043,silent,1892004
10,13|11|4|4|2|2|2|1|1,9,35,1111259,silent,1111224
10,13|11|4|3|3|3|1|1|1,9,13,865126,silent,865113
10,13|11|4|3|3|2|2|1|1,9,21,1434297,silent,1434276
10,13|11|4|3|2|2|2|2|1,9,18,657612,silent,657594
10,13|11|4|2|2|2|2|2|2,9,3,87227,silent,87224
10,13|11|3|3|3|3|2|1|1,9,1,337349,silent,337348
10,13|11|3|3|3|2|2|2|1,9,1,285111,silent,285110
10,13|11|3|3|2|2|2|2|2,9,1,81310,silent,81309
10,13|10|10|2|1|1|1|1|1,9,3,48201,silent,48198
10,13|10|9|3|1|1|1|1|1,9,13,300017,silent,300004
10,13|10|9|2|2|1|1|1|1,9,14,287334,silent,287320
10,13|10|8|4|1|1|1|1|1,9,33,790779,silent,790746
10,13|10|8|3|2|1|1|1|1,9,63,1539205,silent,1539142
10,13|10|8|2|2|2|1|1|1,9,33,706793,silent,706760
10,13|10|7|5|1|1|1|1|1,9,36,1044499,silent,1044463
10,13|10|7|4|2|1|1|1|1,9,113,3318483,silent,3318370
10,13|10|7|3|3|1|1|1|1,9,69,2261732,silent,2261663
10,13|10|7|3|2|2|1|1|1,9,114,3179119,silent,3179005
10,13|10|7|2|2|2|2|1|1,9,43,916734,silent,916691
10,13|10|6|6|1|1|1|1|1,9,20,510068,silent,510048
10,13|10|6|5|2|1|1|1|1,9,106,3166141,silent,3166035
10,13|10|6|4|3|1|1|1|1,9,126,4690085,silent,4689959
10,13|10|6|4|2|2|1|1|1,9,152,5336027,silent,5335875
10,13|10|6|3|3|2|1|1|1,9,110,4730607,silent,4730497
10,13|10|6|3|2|2|2|1|1,9,94,3333821,silent,3333727
10,13|10|6|2|2|2|2|2|1,9,28,649347,silent,649319
10,13|10|5|5|3|1|1|1|1,9,75,2660165,silent,2660090
10,13|10|5|5|2|2|1|1|1,9,90,2868435,silent,2868345
10,13|10|5|4|4|1|1|1|1,9,49,2166157,silent,2166108
10,13|10|5|4|3|2|1|1|1,9,142,6972948,silent,6972806
10,13|10|5|4|2|2|2|1|1,9,97,3941964,silent,3941867
10,13|10|5|3|3|3|1|1|1,9,28,2506225,silent,2506197
10,13|10|5|3|3|2|2|1|1,9,57,4086145,silent,4086088
10,13|10|5|3|2|2|2|2|1,9,35,1795053,silent,1795018
10,13|10|5|2|2|2|2|2|2,9,7,216127,silent,216120
10,13|10|4|4|4|2|1|1|1,9,28,1865392,silent,1865364
10,13|10|4|4|3|3|1|1|1,9,25,2099923,silent,2099898
10,13|10|4|4|3|2|2|1|1,9,46,3227153,silent,3227107
10,13|10|4|4|2|2|2|2|1,9,26,1152167,silent,1152141
10,13|10|4|3|3|3|2|1|1,9,8,1909350,silent,1909342
10,13|10|4|3|3|2|2|2|1,9,9,1549431,silent,1549422
10,13|10|4|3|2|2|2|2|2,9,5,404849,silent,404844
10,13|10|3|3|3|3|3|1|1,9,0,-1,a0,
10,13|10|3|3|3|3|2|2|1,9,0,-1,a0,
10,13|10|3|3|3|2|2|2|2,9,0,-1,a0,
10,13|9|9|4|1|1|1|1|1,9,10,344502,silent,344492
10,13|9|9|3|2|1|1|1|1,9,27,667546,silent,667519
10,13|9|9|2|2|2|1|1|1,9,16,306414,silent,306398
10,13|9|8|5|1|1|1|1|1,9,31,838282,silent,838251
10,13|9|8|4|2|1|1|1|1,9,85,2566770,silent,2566685
10,13|9|8|3|3|1|1|1|1,9,53,1725084,silent,1725031
10,13|9|8|3|2|2|1|1|1,9,80,2412021,silent,2411941
10,13|9|8|2|2|2|2|1|1,9,31,688202,silent,688171
10,13|9|7|6|1|1|1|1|1,9,23,808288,silent,808265
10,13|9|7|5|2|1|1|1|1,9,121,3935099,silent,3934978
10,13|9|7|4|3|1|1|1|1,9,131,5386918,silent,5386787
10,13|9|7|4|2|2|1|1|1,9,171,6082579,silent,6082408
10,13|9|7|3|3|2|1|1|1,9,109,5226049,silent,5225940
10,13|9|7|3|2|2|2|1|1,9,95,3646414,silent,3646319
10,13|9|7|2|2|2|2|2|1,9,24,693462,silent,693438
10,13|9|6|6|2|1|1|1|1,9,53,2027872,silent,2027819
10,13|9|6|5|3|1|1|1|1,9,145,5878682,silent,5878537
10,13|9|6|5|2|2|1|1|1,9,157,6225330,silent,6225173
10,13|9|6|4|4|1|1|1|1,9,75,3857414,silent,3857339
10,13|9|6|4|3|2|1|1|1,9,220,11961732,silent,11961512
10,13|9|6|4|2|2|2|1|1,9,142,6628940,silent,6628798
10,13|9|6|3|3|3|1|1|1,9,46,3965105,silent,3965059
10,13|9|6|3|3|2|2|1|1,9,79,6399783,silent,6399704
10,13|9|6|3|2|2|2|2|1,9,47,2752400,silent,2752353
10,13|9|6|2|2|2|2|2|2,9,7,316915,silent,316908
10,13|9|5|5|4|1|1|1|1,9,70,2792832,silent,2792762
10,13|9|5|5|3|2|1|1|1,9,136,7081547,silent,7081411
10,13|9|5|5|2|2|2|1|1,9,71,3686193,silent,3686122
10,13|9|5|4|4|2|1|1|1,9,104,6280553,silent,6280449
10,13|9|5|4|3|3|1|1|1,9,69,6565168,silent,6565099
10,13|9|5|4|3|2|2|1|1,9,124,9939799,silent,9939675
10,13|9|5|4|2|2|2|2|1,9,50,3399062,silent,3399012
10,13|9|5|3|3|3|2|1|1,9,18,4628410,silent,4628392
10,13|9|5|3|3|2|2|2|1,9,19,3683841,silent,3683822
10,13|9|5|3|2|2|2|2|2,9,7,919724,silent,919717
10,13|9|4|4|4|3|1|1|1,9,22,2290534,silent,2290512
10,13|9|4|4|4|2|2|1|1,9,40,2829541,silent,2829501
10,13|9|4|4|3|3|2|1|1,9,23,4007914,silent,4007891
10,13|9|4|4|3|2|2|2|1,9,26,2991137,silent,2991111
10,13|9|4|4|2|2|2|2|2,9,7,606012,silent,606005
10,13|9|4|3|3|3|3|1|1,9,1,1179362,silent,1179361
10,13|9|4|3|3|3|2|2|1,9,1,1958372,silent,1958371
10,13|9|4|3|3|2|2|2|2,9,1,836460,silent,836459
10,13|9|3|3|3|3|3|2|1,9,0,-1,a0,
10,13|9|3|3|3|3|2|2|2,9,0,-1,a0,
10,13|8|8|6|1|1|1|1|1,9,17,407353,silent,407336
10,13|8|8|5|2|1|1|1|1,9,56,1839512,silent,1839456
10,13|8|8|4|3|1|1|1|1,9,62,2448787,silent,2448725
10,13|8|8|4|2|2|1|1|1,9,66,2748424,silent,2748358
10,13|8|8|3|3|2|1|1|1,9,46,2337480,silent,2337434
10,13|8|8|3|2|2|2|1|1,9,39,1620631,silent,1620592
10,13|8|8|2|2|2|2|2|1,9,11,306460,silent,306449
10,13|8|7|7|1|1|1|1|1,9,6,264094,silent,264088
10,13|8|7|6|2|1|1|1|1,9,60,2330090,silent,2330030
10,13|8|7|5|3|1|1|1|1,9,119,5363822,silent,5363703
10,13|8|7|5|2|2|1|1|1,9,137,5638003,silent,5637866
10,13|8|7|4|4|1|1|1|1,9,67,3300417,silent,3300350
10,13|8|7|4|3|2|1|1|1,9,174,10061911,silent,10061737
10,13|8|7|4|2|2|2|1|1,9,109,5523703,silent,5523594
10,13|8|7|3|3|3|1|1|1,9,31,3226383,silent,3226352
10,13|8|7|3|3|2|2|1|1,9,62,5184939,silent,5184877
10,13|8|7|3|2|2|2|2|1,9,34,2206011,silent,2205977
10,13|8|7|2|2|2|2|2|2,9,5,248777,silent,248772
10,13|8|6|6|3|1|1|1|1,9,64,3098322,silent,3098258
10,13|8|6|6|2|2|1|1|1,9,58,3172444,silent,3172386
10,13|8|6|5|4|1|1|1|1,9,101,5042705,silent,5042604
10,13|8|6|5|3|2|1|1|1,9,204,12330480,silent,12330276
10,13|8|6|5|2|2|2|1|1,9,106,6293247,silent,6293141
10,13|8|6|4|4|2|1|1|1,9,126,8855131,silent,8855005
10,13|8|6|4|3|3|1|1|1,9,96,8988821,silent,8988725
10,13|8|6|4|3|2|2|1|1,9,152,13482529,silent,13482377
10,13|8|6|4|2|2|2|2|1,9,63,4520170,silent,4520107
10,13|8|6|3|3|3|2|1|1,9,25,5807549,silent,5807524
10,13|8|6|3|3|2|2|2|1,9,24,4571103,silent,4571079
10,13|8|6|3|2|2|2|2|2,9,9,1119578,silent,1119569
10,13|8|5|5|5|1|1|1|1,9,28,1188335,silent,1188307
10,13|8|5|5|4|2|1|1|1,9,114,6801603,silent,6801489
10,13|8|5|5|3|3|1|1|1,9,56,5720579,silent,5720523
10,13|8|5|5|3|2|2|1|1,9,88,8396601,silent,8396513
10,13|8|5|5|2|2|2|2|1,9,23,2627056,silent,2627033
10,13|8|5|4|4|3|1|1|1,9,70,6435466,silent,6435396
10,13|8|5|4|4|2|2|1|1,9,87,7828577,silent,7828490
10,13|8|5|4|3|3|2|1|1,9,53,10322056,silent,10322003
10,13|8|5|4|3|2|2|2|1,9,48,7558461,silent,7558413
10,13|8|5|4|2|2|2|2|2,9,10,1464278,silent,1464268
10,13|8|5|3|3|3|3|1|1,9,1,2374823,silent,2374822
10,13|8|5|3|3|3|2|2|1,9,3,3910534,silent,3910531
10,13|8|5|3|3|2|2|2|2,9,2,1635191,silent,1635189
10,13|8|4|4|4|4|1|1|1,9,9,1002265,silent,1002256
10,13|8|4|4|4|3|2|1|1,9,31,3866269,silent,3866238
10,13|8|4|4|4|2|2|2|1,9,26,2272712,silent,2272686
10,13|8|4|4|3|3|3|1|1,9,4,2182461,silent,2182457
10,13|8|4|4|3|3|2|2|1,9,8,3500303,silent,3500295
10,13|8|4|4|3|2|2|2|2,9,6,1372084,silent,1372078
10,13|8|4|3|3|3|3|2|1,9,0,-1,a0,
10,13|8|4|3|3|3|2|2|2,9,0,-1,a0,
10,13|8|3|3|3|3|3|3|1,9,0,-1,a0,
10,13|8|3|3|3|3|3|2|2,9,0,-1,a0,
10,13|7|7|7|2|1|1|1|1,9,11,433258,silent,433247
10,13|7|7|6|3|1|1|1|1,9,35,2009514,silent,2009479
10,13|7|7|6|2|2|1|1|1,9,46,2052194,silent,2052148
10,13|7|7|5|4|1|1|1|1,9,51,2673698,silent,2673647
10,13|7|7|5|3|2|1|1|1,9,103,6449175,silent,6449072
10,13|7|7|5|2|2|2|1|1,9,56,3269775,silent,3269719
10,13|7|7|4|4|2|1|1|1,9,68,4379888,silent,4379820
10,13|7|7|4|3|3|1|1|1,9,38,4386220,silent,4386182
10,13|7|7|4|3|2|2|1|1,9,73,6563512,silent,6563439
10,13|7|7|4|2|2|2|2|1,9,23,2178707,silent,2178684
10,13|7|7|3|3|3|2|1|1,9,10,2746230,silent,2746220
10,13|7|7|3|3|2|2|2|1,9,10,2154484,silent,2154474
10,13|7|7|3|2|2|2|2|2,9,2,520869,silent,520867
10,13|7|6|6|4|1|1|1|1,9,28,2084894,silent,2084866
10,13|7|6|6|3|2|1|1|1,9,64,4711919,silent,4711855
10,13|7|6|6|2|2|2|1|1,9,34,2319707,silent,2319673
10,13|7|6|5|5|1|1|1|1,9,32,1664215,silent,1664183
10,13|7|6|5|4|2|1|1|1,9,120,8793145,silent,8793025
10,13|7|6|5|3|3|1|1|1,9,71,7199497,silent,7199426
10,13|7|6|5|3|2|2|1|1,9,103,10474444,silent,10474341
10,13|7|6|5|2|2|2|2|1,9,31,3219871,silent,3219840
10,13|7|6|4|4|3|1|1|1,9,63,6606764,silent,6606701
10,13|7|6|4|4|2|2|1|1,9,84,7975431,silent,7975347
10,13|7|6|4|3|3|2|1|1,9,53,10227932,silent,10227879
10,13|7|6|4|3|2|2|2|1,9,45,7419071,silent,7419026
10,13|7|6|4|2|2|2|2|2,9,9,1410492,silent,1410483
10,13|7|6|3|3|3|3|1|1,9,2,2176946,silent,2176944
10,13|7|6|3|3|3|2|2|1,9,3,3565649,silent,3565646
10,13|7|6|3|3|2|2|2|2,9,2,1476756,silent,1476754
10,13|7|5|5|5|2|1|1|1,9,37,2376020,silent,2375983
10,13|7|5|5|4|3|1|1|1,9,62,5683020,silent,5682958
10,13|7|5|5|4|2|2|1|1,9,60,6708621,silent,6708561
10,13|7|5|5|3|3|2|1|1,9,32,7131394,silent,7131362
10,13|7|5|5|3|2|2|2|1,9,19,5036344,silent,5036325
10,13|7|5|5|2|2|2|2|2,9,2,889246,silent,889244
10,13|7|5|4|4|4|1|1|1,9,28,2288322,silent,2288294
10,13|7|5|4|4|3|2|1|1,9,59,8501203,silent,8501144
10,13|7|5|4|4|2|2|2|1,9,34,4902684,silent,4902650
10,13|7|5|4|3|3|3|1|1,9,6,4430369,silent,4430363
10,13|7|5|4|3|3|2|2|1,9,14,7060713,silent,7060699
10,13|7|5|4|3|2|2|2|2,9,6,2708378,silent,2708372
10,13|7|5|3|3|3|3|2|1,9,0,-1,a0,
10,13|7|5|3|3|3|2|2|2,9,0,-1,a0,
10,13|7|4|4|4|4|2|1|1,9,18,1539373,silent,1539355
10,13|7|4|4|4|3|3|1|1,9,7,1902668,silent,1902661
10,13|7|4|4|4|3|2|2|1,9,18,2842259,silent,2842241
10,13|7|4|4|4|2|2|2|2,9,7,869566,silent,869559
10,13|7|4|4|3|3|3|2|1,9,0,-1,a0,
10,13|7|4|4|3|3|2|2|2,9,1,1401365,silent,1401364
10,13|7|4|3|3|3|3|3|1,9,0,-1,a0,
10,13|7|4|3|3|3|3|2|2,9,0,-1,a0,
10,13|7|3|3|3|3|3|3|2,9,0,-1,a0,
10,13|6|6|6|5|1|1|1|1,9,6,483830,silent,483824
10,13|6|6|6|4|2|1|1|1,9,17,2023266,silent,2023249
10,13|6|6|6|3|3|1|1|1,9,18,1558310,silent,1558292
10,13|6|6|6|3|2|2|1|1,9,20,2228965,silent,2228945
10,13|6|6|6|2|2|2|2|1,9,9,663270,silent,663261
10,13|6|6|5|5|2|1|1|1,9,24,1815537,silent,1815513
10,13|6|6|5|4|3|1|1|1,9,37,4070117,silent,4070080
10,13|6|6|5|4|2|2|1|1,9,39,4769391,silent,4769352
10,13|6|6|5|3|3|2|1|1,9,27,4958423,silent,4958396
10,13|6|6|5|3|2|2|2|1,9,18,3471949,silent,3471931
10,13|6|6|5|2|2|2|2|2,9,4,606675,silent,606671
10,13|6|6|4|4|4|1|1|1,9,8,1334628,silent,1334620
10,13|6|6|4|4|3|2|1|1,9,32,4899344,silent,4899312
10,13|6|6|4|4|2|2|2|1,9,22,2806682,silent,2806660
10,13|6|6|4|3|3|3|1|1,9,6,2487030,silent,2487024
10,13|6|6|4|3|3|2|2|1,9,8,3942394,silent,3942386
10,13|6|6|4|3|2|2|2|2,9,5,1501664,silent,1501659
10,13|6|6|3|3|3|3|2|1,9,0,-1,a0,
10,13|6|6|3|3|3|2|2|2,9,0,-1,a0,
10,13|6|5|5|5|3|1|1|1,9,15,1540353,silent,1540338
10,13|6|5|5|5|2|2|1|1,9,11,1697429,silent,1697418
10,13|6|5|5|4|4|1|1|1,9,19,1555691,silent,1555672
10,13|6|5|5|4|3|2|1|1,9,29,5342895,silent,5342866
10,13|6|5|5|4|2|2|2|1,9,9,2975178,silent,2975169
10,13|6|5|5|3|3|3|1|1,9,3,2209897,silent,2209894
10,13|6|5|5|3|3|2|2|1,9,5,3474209,silent,3474204
10,13|6|5|5|3|2|2|2|2,9,1,1281437,silent,1281436
10,13|6|5|4|4|4|2|1|1,9,23,2464202,silent,2464179
10,13|6|5|4|4|3|3|1|1,9,12,2958400,silent,2958388
10,13|6|5|4|4|3|2|2|1,9,18,4388156,silent,4388138
10,13|6|5|4|4|2|2|2|2,9,5,1315893,silent,1315888
10,13|6|5|4|3|3|3|2|1,9,1,2989409,silent,2989408
10,13|6|5|4|3|3|2|2|2,9,1,1994959,silent,1994958
10,13|6|5|3|3|3|3|3|1,9,0,-1,a0,
10,13|6|5|3|3|3|3|2|2,9,0,-1,a0,
10,13|6|4|4|4|4|3|1|1,9,7,766901,silent,766894
10,13|6|4|4|4|4|2|2|1,9,13,926010,silent,925997
10,13|6|4|4|4|3|3|2|1,9,3,1442492,silent,1442489
10,13|6|4|4|4|3|2|2|2,9,4,896401,silent,896397
10,13|6|4|4|3|3|3|3|1,9,0,-1,a0,
10,13|6|4|4|3|3|3|2|2,9,0,-1,a0,
10,13|6|4|3|3|3|3|3|2,9,0,-1,a0,
10,13|6|3|3|3|3|3|3|3,9,0,-1,a0,
10,13|5|5|5|5|4|1|1|1,9,3,290907,silent,290904
10,13|5|5|5|5|3|2|1|1,9,2,795529,silent,795527
10,13|5|5|5|5|2|2|2|1,9,0,-1,a0,
10,13|5|5|5|4|4|2|1|1,9,7,902183,silent,902176
10,13|5|5|5|4|3|3|1|1,9,2,1012974,silent,1012972
10,13|5|5|5|4|3|2|2|1,9,2,1484288,silent,1484286
10,13|5|5|5|4|2|2|2|2,9,0,-1,a0,
10,13|5|5|5|3|3|3|2|1,9,0,-1,a0,
10,13|5|5|5|3|3|2|2|2,9,0,-1,a0,
10,13|5|5|4|4|4|3|1|1,9,7,657287,silent,657280
10,13|5|5|4|4|4|2|2|1,9,5,784479,silent,784474
10,13|5|5|4|4|3|3|2|1,9,2,1196885,silent,1196883
10,13|5|5|4|4|3|2|2|2,9,1,736668,silent,736667
10,13|5|5|4|3|3|3|3|1,9,0,-1,a0,
10,13|5|5|4|3|3|3|2|2,9,0,-1,a0,
10,13|5|5|3|3|3|3|3|2,9,0,-1,a0,
10,13|5|4|4|4|4|4|1|1,9,3,108646,silent,108643
10,13|5|4|4|4|4|3|2|1,9,5,425066,silent,425061
10,13|5|4|4|4|4|2|2|2,9,3,209366,silent,209363
10,13|5|4|4|4|3|3|3|1,9,0,-1,a0,
10,13|5|4|4|4|3|3|2|2,9,0,-1,a0,
10,13|5|4|4|3|3|3|3|2,9,0,-1,a0,
10,13|5|4|3|3|3|3|3|3,9,0,-1,a0,
10,13|4|4|4|4|4|4|2|1,9,2,35293,silent,35291
10,13|4|4|4|4|4|3|3|1,9,0,-1,a0,
10,13|4|4|4|4|4|3|2|2,9,1,56899,silent,56898
10,13|4|4|4|4|3|3|3|2,9,0,-1,a0,
10,13|4|4|4|3|3|3|3|3,9,0,-1,a0,
10,12|12|10|1|1|1|1|1|1,9,0,-1,a0,
10,12|12|9|2|1|1|1|1|1,9,2,45374,silent,45372
10,12|12|8|3|1|1|1|1|1,9,6,159506,silent,159500
10,12|12|8|2|2|1|1|1|1,9,10,153335,silent,153325
10,12|12|7|4|1|1|1|1|1,9,11,289265,silent,289254
10,12|12|7|3|2|1|1|1|1,9,24,573059,silent,573035
10,12|12|7|2|2|2|1|1|1,9,13,265823,silent,265810
10,12|12|6|5|1|1|1|1|1,9,10,255073,silent,255063
10,12|12|6|4|2|1|1|1|1,9,35,881862,silent,881827
10,12|12|6|3|3|1|1|1|1,9,19,619235,silent,619216
10,12|12|6|3|2|2|1|1|1,9,35,877728,silent,877693
10,12|12|6|2|2|2|2|1|1,9,10,257815,silent,257805
10,12|12|5|5|2|1|1|1|1,9,16,454835,silent,454819
10,12|12|5|4|3|1|1|1|1,9,25,854902,silent,854877
10,12|12|5|4|2|2|1|1|1,9,33,989052,silent,989019
10,12|12|5|3|3|2|1|1|1,9,25,941733,silent,941708
10,12|12|5|3|2|2|2|1|1,9,23,677355,silent,677332
10,12|12|5|2|2|2|2|2|1,9,8,137665,silent,137657
10,12|12|4|4|4|1|1|1|1,9,6,206565,silent,206559
10,12|12|4|4|3|2|1|1|1,9,15,720450,silent,720435
10,12|12|4|4|2|2|2|1|1,9,9,421858,silent,421849
10,12|12|4|3|3|3|1|1|1,9,3,329116,silent,329113
10,12|12|4|3|3|2|2|1|1,9,11,545796,silent,545785
10,12|12|4|3|2|2|2|2|1,9,6,249840,silent,249834
10,12|12|4|2|2|2|2|2|2,9,4,33627,silent,33623
10,12|12|3|3|3|3|2|1|1,9,0,-1,a0,
10,12|12|3|3|3|2|2|2|1,9,0,-1,a0,
10,12|12|3|3|2|2|2|2|2,9,0,-1,a0,
10,12|11|11|1|1|1|1|1|1,9,0,-1,a0,
10,12|11|10|2|1|1|1|1|1,9,3,45126,silent,45123
10,12|11|9|3|1|1|1|1|1,9,11,221378,silent,221367
10,12|11|9|2|2|1|1|1|1,9,10,211764,silent,211754
10,12|11|8|4|1|1|1|1|1,9,24,536285,silent,536261
10,12|11|8|3|2|1|1|1|1,9,45,1041705,silent,1041660
10,12|11|8|2|2|2|1|1|1,9,23,477832,silent,477809
10,12|11|7|5|1|1|1|1|1,9,26,683272,silent,683246
10,12|11|7|4|2|1|1|1|1,9,76,2161026,silent,2160950
10,12|11|7|3|3|1|1|1|1,9,49,1469975,silent,1469926
10,12|11|7|3|2|2|1|1|1,9,74,2064354,silent,2064280
10,12|11|7|2|2|2|2|1|1,9,29,594210,silent,594181
10,12|11|6|6|1|1|1|1|1,9,13,328642,silent,328629
10,12|11|6|5|2|1|1|1|1,9,70,2025722,silent,2025652
10,12|11|6|4|3|1|1|1|1,9,82,2988761,silent,2988679
10,12|11|6|4|2|2|1|1|1,9,99,3398072,silent,3397973
10,12|11|6|3|3|2|1|1|1,9,70,3005861,silent,3005791
10,12|11|6|3|2|2|2|1|1,9,58,2115972,silent,2115914
10,12|11|6|2|2|2|2|2|1,9,16,410928,silent,410912
10,12|11|5|5|3|1|1|1|1,9,50,1681530,silent,1681480
10,12|11|5|5|2|2|1|1|1,9,56,1811277,silent,1811221
10,12|11|5|4|4|1|1|1|1,9,31,1364772,silent,1364741
10,12|11|5|4|3|2|1|1|1,9,91,4386359,silent,4386268
10,12|11|5|4|2|2|2|1|1,9,60,2476916,silent,2476856
10,12|11|5|3|3|3|1|1|1,9,19,1572722,silent,1572703
10,12|11|5|3|3|2|2|1|1,9,33,2562104,silent,2562071
10,12|11|5|3|2|2|2|2|1,9,21,1123810,silent,1123789
10,12|11|5|2|2|2|2|2|2,9,4,134728,silent,134724
10,12|11|4|4|4|2|1|1|1,9,18,1166492,silent,1166474
10,12|11|4|4|3|3|1|1|1,9,15,1311108,silent,1311093
10,12|11|4|4|3|2|2|1|1,9,29,2014053,silent,2014024
10,12|11|4|4|2|2|2|2|1,9,15,717747,silent,717732
10,12|11|4|3|3|3|2|1|1,9,5,1188729,silent,1188724
10,12|11|4|3|3|2|2|2|1,9,5,963750,silent,963745
10,12|11|4|3|2|2|2|2|2,9,3,251198,silent,251195
10,12|11|3|3|3|3|3|1|1,9,0,-1,a0,
10,12|11|3|3|3|3|2|2|1,9,0,-1,a0,
10,12|11|3|3|3|2|2|2|2,9,0,-1,a0,
10,12|10|10|3|1|1|1|1|1,9,5,104813,silent,104808
10,12|10|10|2|2|1|1|1|1,9,7,99737,silent,99730
10,12|10|9|4|1|1|1|1|1,9,19,444210,silent,444191
10,12|10|9|3|2|1|1|1|1,9,37,854233,silent,854196
10,12|10|9|2|2|2|1|1|1,9,18,389415,silent,389397
10,12|10|8|5|1|1|1|1|1,9,34,841646,silent,841612
10,12|10|8|4|2|1|1|1|1,9,94,2554750,silent,2554656
10,12|10|8|3|3|1|1|1|1,9,49,1710269,silent,1710220
10,12|10|8|3|2|2|1|1|1,9,80,2386130,silent,2386050
10,12|10|8|2|2|2|2|1|1,9,23,677413,silent,677390
10,12|10|7|6|1|1|1|1|1,9,26,749749,silent,749723
10,12|10|7|5|2|1|1|1|1,9,114,3596004,silent,3595890
10,12|10|7|4|3|1|1|1|1,9,127,4889003,silent,4888876
10,12|10|7|4|2|2|1|1|1,9,152,5507963,silent,5507811
10,12|10|7|3|3|2|1|1|1,9,99,4718424,silent,4718325
10,12|10|7|3|2|2|2|1|1,9,81,3283761,silent,3283680
10,12|10|7|2|2|2|2|2|1,9,21,622687,silent,622666
10,12|10|6|6|2|1|1|1|1,9,54,1797419,silent,1797365
10,12|10|6|5|3|1|1|1|1,9,129,5142725,silent,5142596
10,12|10|6|5|2|2|1|1|1,9,135,5436016,silent,5435881
10,12|10|6|4|4|1|1|1|1,9,77,3356466,silent,3356389
10,12|10|6|4|3|2|1|1|1,9,192,10375330,silent,10375138
10,12|10|6|4|2|2|2|1|1,9,109,5735533,silent,5735424
10,12|10|6|3|3|3|1|1|1,9,37,3425384,silent,3425347
10,12|10|6|3|3|2|2|1|1,9,71,5522215,silent,5522144
10,12|10|6|3|2|2|2|2|1,9,38,2368878,silent,2368840
10,12|10|6|2|2|2|2|2|2,9,10,272728,silent,272718
10,12|10|5|5|4|1|1|1|1,9,55,2390378,silent,2390323
10,12|10|5|5|3|2|1|1|1,9,115,6045038,silent,6044923
10,12|10|5|5|2|2|2|1|1,9,63,3140668,silent,3140605
10,12|10|5|4|4|2|1|1|1,9,89,5330888,silent,5330799
10,12|10|5|4|3|3|1|1|1,9,61,5562645,silent,5562584
10,12|10|5|4|3|2|2|1|1,9,101,8410693,silent,8410592
10,12|10|5|4|2|2|2|2|1,9,40,2869839,silent,2869799
10,12|10|5|3|3|3|2|1|1,9,15,3901082,silent,3901067
10,12|10|5|3|3|2|2|2|1,9,15,3099303,silent,3099288
10,12|10|5|3|2|2|2|2|2,9,5,771616,silent,771611
10,12|10|4|4|4|3|1|1|1,9,23,1919096,silent,1919073
10,12|10|4|4|4|2|2|1|1,9,26,2366625,silent,2366599
10,12|10|4|4|3|3|2|1|1,9,21,3348565,silent,3348544
10,12|10|4|4|3|2|2|2|1,9,20,2494597,silent,2494577
10,12|10|4|4|2|2|2|2|2,9,9,505335,silent,505326
10,12|10|4|3|3|3|3|1|1,9,0,-1,a0,
10,12|10|4|3|3|3|2|2|1,9,1,1626792,silent,1626791
10,12|10|4|3|3|2|2|2|2,9,0,-1,a0,
10,12|10|3|3|3|3|3|2|1,9,0,-1,a0,
10,12|10|3|3|3|3|2|2|2,9,0,-1,a0,
10,12|9|9|5|1|1|1|1|1,9,14,388164,silent,388150
10,12|9|9|4|2|1|1|1|1,9,36,1162600,silent,1162564
10,12|9|9|3|3|1|1|1|1,9,27,773559,silent,773532
10,12|9|9|3|2|2|1|1|1,9,36,1078764,silent,1078728
10,12|9|9|2|2|2|2|1|1,9,15,305564,silent,305549
10,12|9|8|6|1|1|1|1|1,9,25,687170,silent,687145
10,12|9|8|5|2|1|1|1|1,9,94,3035753,silent,3035659
10,12|9|8|4|3|1|1|1|1,9,100,3992110,silent,3992010
10,12|9|8|4|2|2|1|1|1,9,115,4475510,silent,4475395
10,12|9|8|3|3|2|1|1|1,9,75,3779550,silent,3779475
10,12|9|8|3|2|2|2|1|1,9,59,2614445,silent,2614386
10,12|9|8|2|2|2|2|2|1,9,15,490082,silent,490067
10,12|9|7|7|1|1|1|1|1,9,10,360479,silent,360469
10,12|9|7|6|2|1|1|1|1,9,80,3035923,silent,3035843
10,12|9|7|5|3|1|1|1|1,9,157,6831116,silent,6830959
10,12|9|7|5|2|2|1|1|1,9,170,7163386,silent,7163216
10,12|9|7|4|4|1|1|1|1,9,81,4162105,silent,4162024
10,12|9|7|4|3|2|1|1|1,9,218,12631276,silent,12631058
10,12|9|7|4|2|2|2|1|1,9,133,6913645,silent,6913512
10,12|9|7|3|3|3|1|1|1,9,40,4020433,silent,4020393
10,12|9|7|3|3|2|2|1|1,9,69,6449831,silent,6449762
10,12|9|7|3|2|2|2|2|1,9,37,2733555,silent,2733518
10,12|9|7|2|2|2|2|2|2,9,4,305354,silent,305350
10,12|9|6|6|3|1|1|1|1,9,74,3672348,silent,3672274
10,12|9|6|6|2|2|1|1|1,9,73,3753979,silent,3753906
10,12|9|6|5|4|1|1|1|1,9,116,5857074,silent,5856958
10,12|9|6|5|3|2|1|1|1,9,231,14256144,silent,14255913
10,12|9|6|5|2|2|2|1|1,9,116,7254524,silent,7254408
10,12|9|6|4|4|2|1|1|1,9,149,10141875,silent,10141726
10,12|9|6|4|3|3|1|1|1,9,106,10254518,silent,10254412
10,12|9|6|4|3|2|2|1|1,9,167,15359225,silent,15359058
10,12|9|6|4|2|2|2|2|1,9,62,5128618,silent,5128556
10,12|9|6|3|3|3|2|1|1,9,27,6568410,silent,6568383
10,12|9|6|3|3|2|2|2|1,9,24,5159191,silent,5159167
10,12|9|6|3|2|2|2|2|2,9,9,1257051,silent,1257042
10,12|9|5|5|5|1|1|1|1,9,32,1328812,silent,1328780
10,12|9|5|5|4|2|1|1|1,9,120,7541187,silent,7541067
10,12|9|5|5|3|3|1|1|1,9,63,6321154,silent,6321091
10,12|9|5|5|3|2|2|1|1,9,91,9261000,silent,9260909
10,12|9|5|5|2|2|2|2|1,9,24,2887326,silent,2887302
10,12|9|5|4|4|3|1|1|1,9,76,7042883,silent,7042807
10,12|9|5|4|4|2|2|1|1,9,96,8554841,silent,8554745
10,12|9|5|4|3|3|2|1|1,9,56,11239218,silent,11239162
10,12|9|5|4|3|2|2|2|1,9,46,8211803,silent,8211757
10,12|9|5|4|2|2|2|2|2,9,9,1583092,silent,1583083
10,12|9|5|3|3|3|3|1|1,9,2,2566695,silent,2566693
10,12|9|5|3|3|3|2|2|1,9,3,4220273,silent,4220270
10,12|9|5|3|3|2|2|2|2,9,2,1760239,silent,1760237
10,12|9|4|4|4|4|1|1|1,9,11,1073328,silent,1073317
10,12|9|4|4|4|3|2|1|1,9,33,4126169,silent,4126136
10,12|9|4|4|4|2|2|2|1,9,24,2419521,silent,2419497
10,12|9|4|4|3|3|3|1|1,9,4,2318716,silent,2318712
10,12|9|4|4|3|3|2|2|1,9,8,3715738,silent,3715730
10,12|9|4|4|3|2|2|2|2,9,5,1451574,silent,1451569
10,12|9|4|3|3|3|3|2|1,9,0,-1,a0,
10,12|9|4|3|3|3|2|2|2,9,0,-1,a0,
10,12|9|3|3|3|3|3|3|1,9,0,-1,a0,
10,12|9|3|3|3|3|3|2|2,9,0,-1,a0,
10,12|8|8|7|1|1|1|1|1,9,8,232149,silent,232141
10,12|8|8|6|2|1|1|1|1,9,46,1564196,silent,1564150
10,12|8|8|5|3|1|1|1|1,9,71,3284462,silent,3284391
10,12|8|8|5|2|2|1|1|1,9,73,3424917,silent,3424844
10,12|8|8|4|4|1|1|1|1,9,46,1953469,silent,1953423
10,12|8|8|4|3|2|1|1|1,9,95,5877277,silent,5877182
10,12|8|8|4|2|2|2|1|1,9,48,3197290,silent,3197242
10,12|8|8|3|3|3|1|1|1,9,16,1846547,silent,1846531
10,12|8|8|3|3|2|2|1|1,9,37,2952457,silent,2952420
10,12|8|8|3|2|2|2|2|1,9,18,1245307,silent,1245289
10,12|8|8|2|2|2|2|2|2,9,6,139457,silent,139451
10,12|8|7|7|2|1|1|1|1,9,25,1041260,silent,1041235
10,12|8|7|6|3|1|1|1|1,9,84,4393652,silent,4393568
10,12|8|7|6|2|2|1|1|1,9,87,4461191,silent,4461104
10,12|8|7|5|4|1|1|1|1,9,105,5616774,silent,5616669
10,12|8|7|5|3|2|1|1|1,9,202,13441570,silent,13441368
10,12|8|7|5|2|2|2|1|1,9,104,6776182,silent,6776078
10,12|8|7|4|4|2|1|1|1,9,128,8966199,silent,8966071
10,12|8|7|4|3|3|1|1|1,9,84,8935719,silent,8935635
10,12|8|7|4|3|2|2|1|1,9,134,13325221,silent,13325087
10,12|8|7|4|2|2|2|2|1,9,48,4401476,silent,4401428
10,12|8|7|3|3|3|2|1|1,9,20,5512656,silent,5512636
10,12|8|7|3|3|2|2|2|1,9,20,4306118,silent,4306098
10,12|8|7|3|2|2|2|2|2,9,6,1036884,silent,1036878
10,12|8|6|6|4|1|1|1|1,9,57,3522243,silent,3522186
10,12|8|6|6|3|2|1|1|1,9,104,7898567,silent,7898463
10,12|8|6|6|2|2|2|1|1,9,46,3868008,silent,3867962
10,12|8|6|5|5|1|1|1|1,9,45,2719578,silent,2719533
10,12|8|6|5|4|2|1|1|1,9,184,14171732,silent,14171548
10,12|8|6|5|3|3|1|1|1,9,109,11537296,silent,11537187
10,12|8|6|5|3|2|2|1|1,9,155,16739558,silent,16739403
10,12|8|6|5|2|2|2|2|1,9,47,5117401,silent,5117354
10,12|8|6|4|4|3|1|1|1,9,103,10403940,silent,10403837
10,12|8|6|4|4|2|2|1|1,9,112,12524994,silent,12524882
10,12|8|6|4|3|3|2|1|1,9,83,15975904,silent,15975821
10,12|8|6|4|3|2|2|2|1,9,64,11548231,silent,11548167
10,12|8|6|4|2|2|2|2|2,9,18,2184301,silent,2184283
10,12|8|6|3|3|3|3|1|1,9,2,3355787,silent,3355785
10,12|8|6|3|3|3|2|2|1,9,5,5484697,silent,5484692
10,12|8|6|3|3|2|2|2|2,9,1,2260906,silent,2260905
10,12|8|5|5|5|2|1|1|1,9,49,3521876,silent,3521827
10,12|8|5|5|4|3|1|1|1,9,82,8321124,silent,8321042
10,12|8|5|5|4|2|2|1|1,9,87,9797832,silent,9797745
10,12|8|5|5|3|3|2|1|1,9,43,10356867,silent,10356824
10,12|8|5|5|3|2|2|2|1,9,28,7288936,silent,7288908
10,12|8|5|5|2|2|2|2|2,9,1,1279225,silent,1279224
10,12|8|5|4|4|4|1|1|1,9,37,3279836,silent,3279799
10,12|8|5|4|4|3|2|1|1,9,80,12134755,silent,12134675
10,12|8|5|4|4|2|2|2|1,9,44,6977039,silent,6976995
10,12|8|5|4|3|3|3|1|1,9,10,6281904,silent,6281894
10,12|8|5|4|3|3|2|2|1,9,18,9989836,silent,9989818
10,12|8|5|4|3|2|2|2|2,9,8,3817205,silent,3817197
10,12|8|5|3|3|3|3|2|1,9,0,-1,a0,
10,12|8|5|3|3|3|2|2|2,9,0,-1,a0,
10,12|8|4|4|4|4|2|1|1,9,20,2105259,silent,2105239
10,12|8|4|4|4|3|3|1|1,9,13,2594827,silent,2594814
10,12|8|4|4|4|3|2|2|1,9,20,3868964,silent,3868944
10,12|8|4|4|4|2|2|2|2,9,11,1180468,silent,1180457
10,12|8|4|4|3|3|3|2|1,9,1,2817032,silent,2817031
10,12|8|4|4|3|3|2|2|2,9,0,-1,a0,
10,12|8|4|3|3|3|3|3|1,9,0,-1,a0,
10,12|8|4|3|3|3|3|2|2,9,0,-1,a0,
10,12|8|3|3|3|3|3|3|2,9,0,-1,a0,
10,12|7|7|7|3|1|1|1|1,9,18,850816,silent,850798
10,12|7|7|7|2|2|1|1|1,9,18,855538,silent,855520
10,12|7|7|6|4|1|1|1|1,9,32,2360932,silent,2360900
10,12|7|7|6|3|2|1|1|1,9,69,5227139,silent,5227070
10,12|7|7|6|2|2|2|1|1,9,39,2545544,silent,2545505
10,12|7|7|5|5|1|1|1|1,9,28,1513472,silent,1513444
10,12|7|7|5|4|2|1|1|1,9,101,7658013,silent,7657912
10,12|7|7|5|3|3|1|1|1,9,52,6154730,silent,6154678
10,12|7|7|5|3|2|2|1|1,9,75,8905767,silent,8905692
10,12|7|7|5|2|2|2|2|1,9,19,2696986,silent,2696967
10,12|7|7|4|4|3|1|1|1,9,48,5249076,silent,5249028
10,12|7|7|4|4|2|2|1|1,9,67,6300896,silent,6300829
10,12|7|7|4|3|3|2|1|1,9,33,7931241,silent,7931208
10,12|7|7|4|3|2|2|2|1,9,27,5710031,silent,5710004
10,12|7|7|4|2|2|2|2|2,9,1,1065005,silent,1065004
10,12|7|7|3|3|3|3|1|1,9,2,1616049,silent,1616047
10,12|7|7|3|3|3|2|2|1,9,2,2638879,silent,2638877
10,12|7|7|3|3|2|2|2|2,9,2,1083835,silent,1083833
10,12|7|6|6|5|1|1|1|1,9,16,1484081,silent,1484065
10,12|7|6|6|4|2|1|1|1,9,60,6073590,silent,6073530
10,12|7|6|6|3|3|1|1|1,9,38,4621693,silent,4621655
10,12|7|6|6|3|2|2|1|1,9,57,6598519,silent,6598462
10,12|7|6|6|2|2|2|2|1,9,18,1942668,silent,1942650
10,12|7|6|5|5|2|1|1|1,9,56,5057275,silent,5057219
10,12|7|6|5|4|3|1|1|1,9,96,11103929,silent,11103833
10,12|7|6|5|4|2|2|1|1,9,102,12966264,silent,12966162
10,12|7|6|5|3|3|2|1|1,9,62,13340058,silent,13339996
10,12|7|6|5|3|2|2|2|1,9,40,9298125,silent,9298085
10,12|7|6|5|2|2|2|2|2,9,6,1605102,silent,1605096
10,12|7|6|4|4|4|1|1|1,9,33,3505467,silent,3505434
10,12|7|6|4|4|3|2|1|1,9,78,12755764,silent,12755686
10,12|7|6|4|4|2|2|2|1,9,44,7266515,silent,7266471
10,12|7|6|4|3|3|3|1|1,9,11,6392198,silent,6392187
10,12|7|6|4|3|3|2|2|1,9,19,10117375,silent,10117356
10,12|7|6|4|3|2|2|2|2,9,8,3827391,silent,3827383
10,12|7|6|3|3|3|3|2|1,9,0,-1,a0,
10,12|7|6|3|3|3|2|2|2,9,0,-1,a0,
10,12|7|5|5|5|3|1|1|1,9,30,3302257,silent,3302227
10,12|7|5|5|5|2|2|1|1,9,20,3622843,silent,3622823
10,12|7|5|5|4|4|1|1|1,9,35,3276052,silent,3276017
10,12|7|5|5|4|3|2|1|1,9,57,11172180,silent,11172123
10,12|7|5|5|4|2|2|2|1,9,19,6191536,silent,6191517
10,12|7|5|5|3|3|3|1|1,9,7,4568126,silent,4568119
10,12|7|5|5|3|3|2|2|1,9,10,7159784,silent,7159774
10,12|7|5|5|3|2|2|2|2,9,2,2626975,silent,2626973
10,12|7|5|4|4|4|2|1|1,9,45,4955515,silent,4955470
10,12|7|5|4|4|3|3|1|1,9,19,5912885,silent,5912866
10,12|7|5|4|4|3|2|2|1,9,32,8749191,silent,8749159
10,12|7|5|4|4|2|2|2|2,9,6,2606282,silent,2606276
10,12|7|5|4|3|3|3|2|1,9,2,5891870,silent,5891868
10,12|7|5|4|3|3|2|2|2,9,2,3919141,silent,3919139
10,12|7|5|3|3|3|3|3|1,9,0,-1,a0,
10,12|7|5|3|3|3|3|2|2,9,0,-1,a0,
10,12|7|4|4|4|4|3|1|1,9,13,1401607,silent,1401594
10,12|7|4|4|4|4|2|2|1,9,18,1685475,silent,1685457
10,12|7|4|4|4|3|3|2|1,9,5,2613513,silent,2613508
10,12|7|4|4|4|3|2|2|2,9,5,1617429,silent,1617424
10,12|7|4|4|3|3|3|3|1,9,0,-1,a0,
10,12|7|4|4|3|3|3|2|2,9,0,-1,a0,
10,12|7|4|3|3|3|3|3|2,9,0,-1,a0,
10,12|7|3|3|3|3|3|3|3,9,0,-1,a0,
10,12|6|6|6|6|1|1|1|1,9,1,171358,silent,171357
10,12|6|6|6|5|2|1|1|1,9,11,1505698,silent,1505687
10,12|6|6|6|4|3|1|1|1,9,18,2650740,silent,2650722
10,12|6|6|6|4|2|2|1|1,9,17,3047698,silent,3047681
10,12|6|6|6|3|3|2|1|1,9,18,2947665,silent,2947647
10,12|6|6|6|3|2|2|2|1,9,13,2018995,silent,2018982
10,12|6|6|6|2|2|2|2|2,9,6,339118,silent,339112
10,12|6|6|5|5|3|1|1|1,9,19,2576645,silent,2576626
10,12|6|6|5|5|2|2|1|1,9,20,2805674,silent,2805654
10,12|6|6|5|4|4|1|1|1,9,15,2409209,silent,2409194
10,12|6|6|5|4|3|2|1|1,9,41,8113042,silent,8113001
10,12|6|6|5|4|2|2|2|1,9,21,4463308,silent,4463287
10,12|6|6|5|3|3|3|1|1,9,7,3230932,silent,3230925
10,12|6|6|5|3|3|2|2|1,9,9,5035888,silent,5035879
10,12|6|6|5|3|2|2|2|2,9,3,1834084,silent,1834081
10,12|6|6|4|4|4|2|1|1,9,16,2933936,silent,2933920
10,12|6|6|4|4|3|3|1|1,9,15,3466315,silent,3466300
10,12|6|6|4|4|3|2|2|1,9,20,5109687,silent,5109667
10,12|6|6|4|4|2|2|2|2,9,10,1514630,silent,1514620
10,12|6|6|4|3|3|3|2|1,9,1,3346217,silent,3346216
10,12|6|6|4|3|3|2|2|2,9,0,-1,a0,
10,12|6|6|3|3|3|3|3|1,9,0,-1,a0,
10,12|6|6|3|3|3|3|2|2,9,0,-1,a0,
10,12|6|5|5|5|4|1|1|1,9,10,1176491,silent,1176481
10,12|6|5|5|5|3|2|1|1,9,10,3175174,silent,3175164
10,12|6|5|5|5|2|2|2|1,9,1,1624869,silent,1624868
10,12|6|5|5|4|4|2|1|1,9,23,3477360,silent,3477337
10,12|6|5|5|4|3|3|1|1,9,10,3871892,silent,3871882
10,12|6|5|5|4|3|2|2|1,9,10,5648217,silent,5648207
10,12|6|5|5|4|2|2|2|2,9,0,-1,a0,
10,12|6|5|5|3|3|3|2|1,9,1,3021764,silent,3021763
10,12|6|5|5|3|3|2|2|2,9,1,1976547,silent,1976546
10,12|6|5|4|4|4|3|1|1,9,17,2303976,silent,2303959
10,12|6|5|4|4|4|2|2|1,9,18,2745838,silent,2745820
10,12|6|5|4|4|3|3|2|1,9,7,4144385,silent,4144378
10,12|6|5|4|4|3|2|2|2,9,4,2540930,silent,2540926
10,12|6|5|4|3|3|3|3|1,9,0,-1,a0,
10,12|6|5|4|3|3|3|2|2,9,0,-1,a0,
10,12|6|5|3|3|3|3|3|2,9,0,-1,a0,
10,12|6|4|4|4|4|4|1|1,9,4,294293,silent,294289
10,12|6|4|4|4|4|3|2|1,9,10,1143630,silent,1143620
10,12|6|4|4|4|4|2|2|2,9,8,561207,silent,561199
10,12|6|4|4|4|3|3|3|1,9,0,-1,a0,
10,12|6|4|4|4|3|3|2|2,9,0,-1,a0,
10,12|6|4|4|3|3|3|3|2,9,0,-1,a0,
10,12|6|4|3|3|3|3|3|3,9,0,-1,a0,
10,12|5|5|5|5|5|1|1|1,9,0,-1,a0,
10,12|5|5|5|5|4|2|1|1,9,1,677412,silent,677411
10,12|5|5|5|5|3|3|1|1,9,1,611525,silent,611524
10,12|5|5|5|5|3|2|2|1,9,0,-1,a0,
10,12|5|5|5|5|2|2|2|2,9,0,-1,a0,
10,12|5|5|5|4|4|3|1|1,9,5,871769,silent,871764
10,12|5|5|5|4|4|2|2|1,9,1,1022525,silent,1022524
10,12|5|5|5|4|3|3|2|1,9,1,1449374,silent,1449373
10,12|5|5|5|4|3|2|2|2,9,0,-1,a0,
10,12|5|5|5|3|3|3|3|1,9,0,-1,a0,
10,12|5|5|5|3|3|3|2|2,9,0,-1,a0,
10,12|5|5|4|4|4|4|1|1,9,6,259949,silent,259943
10,12|5|5|4|4|4|3|2|1,9,5,989104,silent,989099
10,12|5|5|4|4|4|2|2|2,9,0,-1,a0,
10,12|5|5|4|4|3|3|3|1,9,0,-1,a0,
10,12|5|5|4|4|3|3|2|2,9,1,794517,silent,794516
10,12|5|5|4|3|3|3|3|2,9,0,-1,a0,
10,12|5|5|3|3|3|3|3|3,9,0,-1,a0,
10,12|5|4|4|4|4|4|2|1,9,6,185103,silent,185097
10,12|5|4|4|4|4|3|3|1,9,1,237335,silent,237334
10,12|5|4|4|4|4|3|2|2,9,2,294289,silent,294287
10,12|5|4|4|4|3|3|3|2,9,0,-1,a0,
10,12|5|4|4|3|3|3|3|3,9,0,-1,a0,
10,12|4|4|4|4|4|4|3|1,9,1,26112,silent,26111
10,12|4|4|4|4|4|4|2|2,9,3,26954,silent,26951
10,12|4|4|4|4|4|3|3|2,9,0,-1,a0,
10,12|4|4|4|4|3|3|3|3,9,0,-1,a0,
10,11|11|11|2|1|1|1|1|1,9,0,-1,a0,
10,11|11|10|3|1|1|1|1|1,9,5,58729,silent,58724
10,11|11|10|2|2|1|1|1|1,9,2,55909,silent,55907
10,11|11|9|4|1|1|1|1|1,9,9,200460,silent,200451
10,11|11|9|3|2|1|1|1|1,9,17,385774,silent,385757
10,11|11|9|2|2|2|1|1|1,9,9,176205,silent,176196
10,11|11|8|5|1|1|1|1|1,9,17,354188,silent,354171
10,11|11|8|4|2|1|1|1|1,9,36,1072090,silent,1072054
10,11|11|8|3|3|1|1|1|1,9,27,717201,silent,717174
10,11|11|8|3|2|2|1|1|1,9,32,1000522,silent,1000490
10,11|11|8|2|2|2|2|1|1,9,14,284404,silent,284390
10,11|11|7|6|1|1|1|1|1,9,11,306724,silent,306713
10,11|11|7|5|2|1|1|1|1,9,49,1464607,silent,1464558
10,11|11|7|4|3|1|1|1|1,9,52,1984278,silent,1984226
10,11|11|7|4|2|2|1|1|1,9,63,2235971,silent,2235908
10,11|11|7|3|3|2|1|1|1,9,39,1910775,silent,1910736
10,11|11|7|3|2|2|2|1|1,9,32,1329222,silent,1329190
10,11|11|7|2|2|2|2|2|1,9,7,251169,silent,251162
10,11|11|6|6|2|1|1|1|1,9,19,722397,silent,722378
10,11|11|6|5|3|1|1|1|1,9,54,2057573,silent,2057519
10,11|11|6|5|2|2|1|1|1,9,54,2174296,silent,2174242
10,11|11|6|4|4|1|1|1|1,9,24,1338675,silent,1338651
10,11|11|6|4|3|2|1|1|1,9,77,4135968,silent,4135891
10,11|11|6|4|2|2|2|1|1,9,50,2286589,silent,2286539
10,11|11|6|3|3|3|1|1|1,9,17,1362338,silent,1362321
10,11|11|6|3|3|2|2|1|1,9,23,2194754,silent,2194731
10,11|11|6|3|2|2|2|2|1,9,14,940606,silent,940592
10,11|11|6|2|2|2|2|2|2,9,0,-1,a0,
10,11|11|5|5|4|1|1|1|1,9,26,948208,silent,948182
10,11|11|5|5|3|2|1|1|1,9,44,2393308,silent,2393264
10,11|11|5|5|2|2|2|1|1,9,20,1241515,silent,1241495
10,11|11|5|4|4|2|1|1|1,9,36,2106256,silent,2106220
10,11|11|5|4|3|3|1|1|1,9,24,2194390,silent,2194366
10,11|11|5|4|3|2|2|1|1,9,40,3317498,silent,3317458
10,11|11|5|4|2|2|2|2|1,9,14,1130230,silent,1130216
10,11|11|5|3|3|3|2|1|1,9,6,1535743,silent,1535737
10,11|11|5|3|3|2|2|2|1,9,6,1219548,silent,1219542
10,11|11|5|3|2|2|2|2|2,9,2,303274,silent,303272
10,11|11|4|4|4|3|1|1|1,9,6,753405,silent,753399
10,11|11|4|4|4|2|2|1|1,9,16,930454,silent,930438
10,11|11|4|4|3|3|2|1|1,9,7,1312106,silent,1312099
10,11|11|4|4|3|2|2|2|1,9,7,977446,silent,977439
10,11|11|4|4|2|2|2|2|2,9,0,-1,a0,
10,11|11|4|3|3|3|3|1|1,9,1,384001,silent,384000
10,11|11|4|3|3|3|2|2|1,9,0,-1,a0,
10,11|11|4|3|3|2|2|2|2,9,1,271457,silent,271456
10,11|11|3|3|3|3|3|2|1,9,0,-1,a0,
10,11|11|3|3|3|3|2|2|2,9,0,-1,a0,
10,11|10|10|4|1|1|1|1|1,9,7,119840,silent,119833
10,11|10|10|3|2|1|1|1|1,9,10,228102,silent,228092
10,11|10|10|2|2|2|1|1|1,9,4,103087,silent,103083
10,11|10|9|5|1|1|1|1|1,9,16,385205,silent,385189
10,11|10|9|4|2|1|1|1|1,9,41,1143543,silent,1143502
10,11|10|9|3|3|1|1|1|1,9,24,758302,silent,758278
10,11|10|9|3|2|2|1|1|1,9,34,1054494,silent,1054460
10,11|10|9|2|2|2|2|1|1,9,11,297176,silent,297165
10,11|10|8|6|1|1|1|1|1,9,22,540132,silent,540110
10,11|10|8|5|2|1|1|1|1,9,75,2355398,silent,2355323
10,11|10|8|4|3|1|1|1|1,9,81,3078225,silent,3078144
10,11|10|8|4|2|2|1|1|1,9,86,3444666,silent,3444580
10,11|10|8|3|3|2|1|1|1,9,57,2900910,silent,2900853
10,11|10|8|3|2|2|2|1|1,9,43,2002309,silent,2002266
10,11|10|8|2|2|2|2|2|1,9,11,374335,silent,374324
10,11|10|7|7|1|1|1|1|1,9,8,265674,silent,265666
10,11|10|7|6|2|1|1|1|1,9,61,2187396,silent,2187335
10,11|10|7|5|3|1|1|1|1,9,113,4865807,silent,4865694
10,11|10|7|5|2|2|1|1|1,9,118,5093798,silent,5093680
10,11|10|7|4|4|1|1|1|1,9,63,2949806,silent,2949743
10,11|10|7|4|3|2|1|1|1,9,153,8928370,silent,8928217
10,11|10|7|4|2|2|2|1|1,9,87,4877083,silent,4876996
10,11|10|7|3|3|3|1|1|1,9,28,2831673,silent,2831645
10,11|10|7|3|3|2|2|1|1,9,49,4537451,silent,4537402
10,11|10|7|3|2|2|2|2|1,9,25,1919198,silent,1919173
10,11|10|7|2|2|2|2|2|2,9,4,214099,silent,214095
10,11|10|6|6|3|1|1|1|1,9,54,2542470,silent,2542416
10,11|10|6|6|2|2|1|1|1,9,49,2595144,silent,2595095
10,11|10|6|5|4|1|1|1|1,9,81,4014107,silent,4014026
10,11|10|6|5|3|2|1|1|1,9,156,9745509,silent,9745353
10,11|10|6|5|2|2|2|1|1,9,76,4950235,silent,4950159
10,11|10|6|4|4|2|1|1|1,9,101,6898529,silent,6898428
10,11|10|6|4|3|3|1|1|1,9,73,6962723,silent,6962650
10,11|10|6|4|3|2|2|1|1,9,109,10418259,silent,10418150
10,11|10|6|4|2|2|2|2|1,9,41,3472158,silent,3472117
10,11|10|6|3|3|3|2|1|1,9,18,4439397,silent,4439379
10,11|10|6|3|3|2|2|2|1,9,16,3482160,silent,3482144
10,11|10|6|3|2|2|2|2|2,9,6,846752,silent,846746
10,11|10|5|5|5|1|1|1|1,9,19,894861,silent,894842
10,11|10|5|5|4|2|1|1|1,9,79,5055782,silent,5055703
10,11|10|5|5|3|3|1|1|1,9,41,4230430,silent,4230389
10,11|10|5|5|3|2|2|1|1,9,60,6191515,silent,6191455
10,11|10|5|5|2|2|2|2|1,9,16,1926724,silent,1926708
10,11|10|5|4|4|3|1|1|1,9,52,4689873,silent,4689821
10,11|10|5|4|4|2|2|1|1,9,60,5691427,silent,5691367
10,11|10|5|4|3|3|2|1|1,9,37,7464728,silent,7464691
10,11|10|5|4|3|2|2|2|1,9,30,5447217,silent,5447187
10,11|10|5|4|2|2|2|2|2,9,6,1048233,silent,1048227
10,11|10|5|3|3|3|3|1|1,9,1,1697984,silent,1697983
10,11|10|5|3|3|3|2|2|1,9,2,2789378,silent,2789376
10,11|10|5|3|3|2|2|2|2,9,1,1161416,silent,1161415
10,11|10|4|4|4|4|1|1|1,9,8,706804,silent,706796
10,11|10|4|4|4|3|2|1|1,9,21,2713278,silent,2713257
10,11|10|4|4|4|2|2|2|1,9,15,1589342,silent,1589327
10,11|10|4|4|3|3|3|1|1,9,3,1521485,silent,1521482
10,11|10|4|4|3|3|2|2|1,9,5,2436468,silent,2436463
10,11|10|4|4|3|2|2|2|2,9,3,950446,silent,950443
10,11|10|4|3|3|3|3|2|1,9,0,-1,a0,
10,11|10|4|3|3|3|2|2|2,9,0,-1,a0,
10,11|10|3|3|3|3|3|3|1,9,0,-1,a0,
10,11|10|3|3|3|3|3|2|2,9,0,-1,a0,
10,11|9|9|6|1|1|1|1|1,9,8,278596,silent,278588
10,11|9|9|5|2|1|1|1|1,9,36,1181631,silent,1181595
10,11|9|9|4|3|1|1|1|1,9,36,1521826,silent,1521790
10,11|9|9|4|2|2|1|1|1,9,46,1702939,silent,1702893
10,11|9|9|3|3|2|1|1|1,9,27,1421927,silent,1421900
10,11|9|9|3|2|2|2|1|1,9,21,980207,silent,980186
10,11|9|9|2|2|2|2|2|1,9,4,181424,silent,181420
10,11|9|8|7|1|1|1|1|1,9,12,341439,silent,341427
10,11|9|8|6|2|1|1|1|1,9,58,2208085,silent,2208027
10,11|9|8|5|3|1|1|1|1,9,102,4539913,silent,4539811
10,11|9|8|5|2|2|1|1|1,9,101,4728512,silent,4728411
10,11|9|8|4|4|1|1|1|1,9,51,2675106,silent,2675055
10,11|9|8|4|3|2|1|1|1,9,130,8018557,silent,8018427
10,11|9|8|4|2|2|2|1|1,9,74,4354567,silent,4354493
10,11|9|8|3|3|3|1|1|1,9,25,2499873,silent,2499848
10,11|9|8|3|3|2|2|1|1,9,38,3992686,silent,3992648
10,11|9|8|3|2|2|2|2|1,9,21,1677986,silent,1677965
10,11|9|8|2|2|2|2|2|2,9,2,184651,silent,184649
10,11|9|7|7|2|1|1|1|1,9,32,1192131,silent,1192099
10,11|9|7|6|3|1|1|1|1,9,92,4819760,silent,4819668
10,11|9|7|6|2|2|1|1|1,9,96,4885284,silent,4885188
10,11|9|7|5|4|1|1|1|1,9,112,6044296,silent,6044184
10,11|9|7|5|3|2|1|1|1,9,211,14401192,silent,14400981
10,11|9|7|5|2|2|2|1|1,9,103,7239688,silent,7239585
10,11|9|7|4|4|2|1|1|1,9,136,9521427,silent,9521291
10,11|9|7|4|3|3|1|1|1,9,86,9452915,silent,9452829
10,11|9|7|4|3|2|2|1|1,9,137,14079274,silent,14079137
10,11|9|7|4|2|2|2|2|1,9,44,4633596,silent,4633552
10,11|9|7|3|3|3|2|1|1,9,21,5784639,silent,5784618
10,11|9|7|3|3|2|2|2|1,9,19,4510773,silent,4510754
10,11|9|7|3|2|2|2|2|2,9,5,1081371,silent,1081366
10,11|9|6|6|4|1|1|1|1,9,51,3535746,silent,3535695
10,11|9|6|6|3|2|1|1|1,9,103,7899134,silent,7899031
10,11|9|6|6|2|2|2|1|1,9,52,3860791,silent,3860739
10,11|9|6|5|5|1|1|1|1,9,47,2688355,silent,2688308
10,11|9|6|5|4|2|1|1|1,9,176,13901035,silent,13900859
10,11|9|6|5|3|3|1|1|1,9,103,11276400,silent,11276297
10,11|9|6|5|3|2|2|1|1,9,142,16339399,silent,16339257
10,11|9|6|5|2|2|2|2|1,9,41,4978131,silent,4978090
10,11|9|6|4|4|3|1|1|1,9,95,10078612,silent,10078517
10,11|9|6|4|4|2|2|1|1,9,118,12120985,silent,12120867
10,11|9|6|4|3|3|2|1|1,9,73,15400424,silent,15400351
10,11|9|6|4|3|2|2|2|1,9,56,11112964,silent,11112908
10,11|9|6|4|2|2|2|2|2,9,9,2090044,silent,2090035
10,11|9|6|3|3|3|3|1|1,9,3,3212068,silent,3212065
10,11|9|6|3|3|3|2|2|1,9,4,5244726,silent,5244722
10,11|9|6|3|3|2|2|2|2,9,3,2158776,silent,2158773
10,11|9|5|5|5|2|1|1|1,9,42,3330082,silent,3330040
10,11|9|5|5|4|3|1|1|1,9,77,7817438,silent,7817361
10,11|9|5|5|4|2|2|1|1,9,72,9189189,silent,9189117
10,11|9|5|5|3|3|2|1|1,9,42,9685288,silent,9685246
10,11|9|5|5|3|2|2|2|1,9,25,6803003,silent,6802978
10,11|9|5|5|2|2|2|2|2,9,3,1191273,silent,1191270
10,11|9|5|4|4|4|1|1|1,9,35,3048353,silent,3048318
10,11|9|5|4|4|3|2|1|1,9,73,11245515,silent,11245442
10,11|9|5|4|4|2|2|2|1,9,37,6452977,silent,6452940
10,11|9|5|4|3|3|3|1|1,9,9,5797786,silent,5797777
10,11|9|5|4|3|3|2|2|1,9,16,9212243,silent,9212227
10,11|9|5|4|3|2|2|2|2,9,6,3511478,silent,3511472
10,11|9|5|3|3|3|3|2|1,9,0,-1,a0,
10,11|9|5|3|3|3|2|2|2,9,0,-1,a0,
10,11|9|4|4|4|4|2|1|1,9,21,1912194,silent,1912173
10,11|9|4|4|4|3|3|1|1,9,8,2348608,silent,2348600
10,11|9|4|4|4|3|2|2|1,9,18,3500190,silent,3500172
10,11|9|4|4|4|2|2|2|2,9,4,1062647,silent,1062643
10,11|9|4|4|3|3|3|2|1,9,1,2539146,silent,2539145
10,11|9|4|4|3|3|2|2|2,9,1,1702208,silent,1702207
10,11|9|4|3|3|3|3|3|1,9,0,-1,a0,
10,11|9|4|3|3|3|3|2|2,9,0,-1,a0,
10,11|9|3|3|3|3|3|3|2,9,0,-1,a0,
10,11|8|8|8|1|1|1|1|1,9,4,65692,silent,65688
10,11|8|8|7|2|1|1|1|1,9,20,796169,silent,796149
10,11|8|8|6|3|1|1|1|1,9,52,2595618,silent,2595566
10,11|8|8|6|2|2|1|1|1,9,43,2614808,silent,2614765
10,11|8|8|5|4|1|1|1|1,9,55,3049578,silent,3049523
10,11|8|8|5|3|2|1|1|1,9,99,7205423,silent,7205324
10,11|8|8|5|2|2|2|1|1,9,47,3601823,silent,3601776
10,11|8|8|4|4|2|1|1|1,9,59,4648077,silent,4648018
10,11|8|8|4|3|3|1|1|1,9,45,4590962,silent,4590917
10,11|8|8|4|3|2|2|1|1,9,61,6814476,silent,6814415
10,11|8|8|4|2|2|2|2|1,9,24,2233335,silent,2233311
10,11|8|8|3|3|3|2|1|1,9,11,2762619,silent,2762608
10,11|8|8|3|3|2|2|2|1,9,10,2145771,silent,2145761
10,11|8|8|3|2|2|2|2|2,9,4,513277,silent,513273
10,11|8|7|7|3|1|1|1|1,9,31,1785895,silent,1785864
10,11|8|7|7|2|2|1|1|1,9,35,1784392,silent,1784357
10,11|8|7|6|4|1|1|1|1,9,69,4532753,silent,4532684
10,11|8|7|6|3|2|1|1|1,9,123,9956918,silent,9956795
10,11|8|7|6|2|2|2|1|1,9,58,4821529,silent,4821471
10,11|8|7|5|5|1|1|1|1,9,42,2813362,silent,2813320
10,11|8|7|5|4|2|1|1|1,9,170,14038263,silent,14038093
10,11|8|7|5|3|3|1|1|1,9,91,11225107,silent,11225016
10,11|8|7|5|3|2|2|1|1,9,132,16193340,silent,16193208
10,11|8|7|5|2|2|2|2|1,9,36,4880616,silent,4880580
10,11|8|7|4|4|3|1|1|1,9,87,9407670,silent,9407583
10,11|8|7|4|4|2|2|1|1,9,96,11261719,silent,11261623
10,11|8|7|4|3|3|2|1|1,9,62,14106592,silent,14106530
10,11|8|7|4|3|2|2|2|1,9,47,10122324,silent,10122277
10,11|8|7|4|2|2|2|2|2,9,9,1882419,silent,1882410
10,11|8|7|3|3|3|3|1|1,9,2,2837993,silent,2837991
10,11|8|7|3|3|3|2|2|1,9,4,4622423,silent,4622419
10,11|8|7|3|3|2|2|2|2,9,2,1890316,silent,1890314
10,11|8|6|6|5|1|1|1|1,9,27,2223317,silent,2223290
10,11|8|6|6|4|2|1|1|1,9,86,8978761,silent,8978675
10,11|8|6|6|3|3|1|1|1,9,57,6793368,silent,6793311
10,11|8|6|6|3|2|2|1|1,9,75,9676217,silent,9676142
10,11|8|6|6|2|2|2|2|1,9,26,2834153,silent,2834127
10,11|8|6|5|5|2|1|1|1,9,75,7240340,silent,7240265
10,11|8|6|5|4|3|1|1|1,9,129,15710522,silent,15710393
10,11|8|6|5|4|2|2|1|1,9,134,18301959,silent,18301825
10,11|8|6|5|3|3|2|1|1,9,82,18725576,silent,18725494
10,11|8|6|5|3|2|2|2|1,9,54,13012250,silent,13012196
10,11|8|6|5|2|2|2|2|2,9,9,2234509,silent,2234500
10,11|8|6|4|4|4|1|1|1,9,42,4858932,silent,4858890
10,11|8|6|4|4|3|2|1|1,9,101,17606815,silent,17606714
10,11|8|6|4|4|2|2|2|1,9,56,10001941,silent,10001885
10,11|8|6|4|3|3|3|1|1,9,16,8763841,silent,8763825
10,11|8|6|4|3|3|2|2|1,9,24,13847660,silent,13847636
10,11|8|6|4|3|2|2|2|2,9,11,5220931,silent,5220920
10,11|8|6|3|3|3|3|2|1,9,0,-1,a0,
10,11|8|6|3|3|3|2|2|2,9,0,-1,a0,
10,11|8|5|5|5|3|1|1|1,9,32,4304722,silent,4304690
10,11|8|5|5|5|2|2|1|1,9,28,4710776,silent,4710748
10,11|8|5|5|4|4|1|1|1,9,42,4227866,silent,4227824
10,11|8|5|5|4|3|2|1|1,9,69,14359443,silent,14359374
10,11|8|5|5|4|2|2|2|1,9,25,7935328,silent,7935303
10,11|8|5|5|3|3|3|1|1,9,8,5832904,silent,5832896
10,11|8|5|5|3|3|2|2|1,9,13,9124594,silent,9124581
10,11|8|5|5|3|2|2|2|2,9,3,3336752,silent,3336749
10,11|8|5|4|4|4|2|1|1,9,50,6240693,silent,6240643
10,11|8|5|4|4|3|3|1|1,9,26,7423572,silent,7423546
10,11|8|5|4|4|3|2|2|1,9,36,10968362,silent,10968326
10,11|8|5|4|4|2|2|2|2,9,9,3258298,silent,3258289
10,11|8|5|4|3|3|3|2|1,9,2,7337271,silent,7337269
10,11|8|5|4|3|3|2|2|2,9,2,4869173,silent,4869171
10,11|8|5|3|3|3|3|3|1,9,0,-1,a0,
10,11|8|5|3|3|3|3|2|2,9,0,-1,a0,
10,11|8|4|4|4|4|3|1|1,9,14,1688403,silent,1688389
10,11|8|4|4|4|4|2|2|1,9,19,2027537,silent,2027518
10,11|8|4|4|4|3|3|2|1,9,6,3133785,silent,3133779
10,11|8|4|4|4|3|2|2|2,9,5,1935916,silent,1935911
10,11|8|4|4|3|3|3|3|1,9,0,-1,a0,
10,11|8|4|4|3|3|3|2|2,9,0,-1,a0,
10,11|8|4|3|3|3|3|3|2,9,0,-1,a0,
10,11|8|3|3|3|3|3|3|3,9,0,-1,a0,
10,11|7|7|7|4|1|1|1|1,9,17,941151,silent,941134
10,11|7|7|7|3|2|1|1|1,9,25,2003051,silent,2003026
10,11|7|7|7|2|2|2|1|1,9,11,955612,silent,955601
10,11|7|7|6|5|1|1|1|1,9,18,1576459,silent,1576441
10,11|7|7|6|4|2|1|1|1,9,66,6188003,silent,6187937
10,11|7|7|6|3|3|1|1|1,9,31,4618966,silent,4618935
10,11|7|7|6|3|2|2|1|1,9,49,6566299,silent,6566250
10,11|7|7|6|2|2|2|2|1,9,11,1903756,silent,1903745
10,11|7|7|5|5|2|1|1|1,9,40,4135819,silent,4135779
10,11|7|7|5|4|3|1|1|1,9,71,8729823,silent,8729752
10,11|7|7|5|4|2|2|1|1,9,72,10136237,silent,10136165
10,11|7|7|5|3|3|2|1|1,9,39,10242710,silent,10242671
10,11|7|7|5|3|2|2|2|1,9,24,7088562,silent,7088538
10,11|7|7|5|2|2|2|2|2,9,2,1203238,silent,1203236
10,11|7|7|4|4|4|1|1|1,9,29,2535510,silent,2535481
10,11|7|7|4|4|3|2|1|1,9,50,9104018,silent,9103968
10,11|7|7|4|4|2|2|2|1,9,23,5145167,silent,5145144
10,11|7|7|4|3|3|3|1|1,9,5,4463640,silent,4463635
10,11|7|7|4|3|3|2|2|1,9,12,7045733,silent,7045721
10,11|7|7|4|3|2|2|2|2,9,3,2640929,silent,2640926
10,11|7|7|3|3|3|3|2|1,9,0,-1,a0,
10,11|7|7|3|3|3|2|2|2,9,0,-1,a0,
10,11|7|6|6|6|1|1|1|1,9,2,491194,silent,491192
10,11|7|6|6|5|2|1|1|1,9,30,4135578,silent,4135548
10,11|7|6|6|4|3|1|1|1,9,45,7127849,silent,7127804
10,11|7|6|6|4|2|2|1|1,9,56,8175718,silent,8175662
10,11|7|6|6|3|3|2|1|1,9,34,7815999,silent,7815965
10,11|7|6|6|3|2|2|2|1,9,25,5332687,silent,5332662
10,11|7|6|6|2|2|2|2|2,9,4,880930,silent,880926
10,11|7|6|5|5|3|1|1|1,9,43,6440005,silent,6439962
10,11|7|6|5|5|2|2|1|1,9,37,6987565,silent,6987528
10,11|7|6|5|4|4|1|1|1,9,43,5924939,silent,5924896
10,11|7|6|5|4|3|2|1|1,9,92,19798096,silent,19798004
10,11|7|6|5|4|2|2|2|1,9,41,10840925,silent,10840884
10,11|7|6|5|3|3|3|1|1,9,14,7787957,silent,7787943
10,11|7|6|5|3|3|2|2|1,9,20,12119663,silent,12119643
10,11|7|6|5|3|2|2|2|2,9,6,4390303,silent,4390297
10,11|7|6|4|4|4|2|1|1,9,50,6893817,silent,6893767
10,11|7|6|4|4|3|3|1|1,9,25,8086174,silent,8086149
10,11|7|6|4|4|3|2|2|1,9,38,11896106,silent,11896068
10,11|7|6|4|4|2|2|2|2,9,9,3497972,silent,3497963
10,11|7|6|4|3|3|3|2|1,9,3,7701596,silent,7701593
10,11|7|6|4|3|3|2|2|2,9,2,5083387,silent,5083385
10,11|7|6|3|3|3|3|3|1,9,0,-1,a0,
10,11|7|6|3|3|3|3|2|2,9,0,-1,a0,
10,11|7|5|5|5|4|1|1|1,9,15,2274874,silent,2274859
10,11|7|5|5|5|3|2|1|1,9,20,6098165,silent,6098145
10,11|7|5|5|5|2|2|2|1,9,4,3107266,silent,3107262
10,11|7|5|5|4|4|2|1|1,9,36,6562660,silent,6562624
10,11|7|5|5|4|3|3|1|1,9,20,7270163,silent,7270143
10,11|7|5|5|4|3|2|2|1,9,19,10579510,silent,10579491
10,11|7|5|5|4|2|2|2|2,9,2,3017093,silent,3017091
10,11|7|5|5|3|3|3|2|1,9,2,5594809,silent,5594807
10,11|7|5|5|3|3|2|2|2,9,1,3646963,silent,3646962
10,11|7|5|4|4|4|3|1|1,9,29,4161365,silent,4161336
10,11|7|5|4|4|4|2|2|1,9,26,4946517,silent,4946491
10,11|7|5|4|4|3|3|2|1,9,11,7427004,silent,7426993
10,11|7|5|4|4|3|2|2|2,9,6,4539753,silent,4539747
10,11|7|5|4|3|3|3|3|1,9,0,-1,a0,
10,11|7|5|4|3|3|3|2|2,9,0,-1,a0,
10,11|7|5|3|3|3|3|3|2,9,0,-1,a0,
10,11|7|4|4|4|4|4|1|1,9,10,485754,silent,485744
10,11|7|4|4|4|4|3|2|1,9,13,1873760,silent,1873747
10,11|7|4|4|4|4|2|2|2,9,6,913156,silent,913150
10,11|7|4|4|4|3|3|3|1,9,0,-1,a0,
10,11|7|4|4|4|3|3|2|2,9,1,1537709,silent,1537708
10,11|7|4|4|3|3|3|3|2,9,0,-1,a0,
10,11|7|4|3|3|3|3|3|3,9,0,-1,a0,
10,11|6|6|6|6|2|1|1|1,9,1,498463,silent,498462
10,11|6|6|6|5|3|1|1|1,9,10,1998793,silent,1998783
10,11|6|6|6|5|2|2|1|1,9,11,2135505,silent,2135494
10,11|6|6|6|4|4|1|1|1,9,4,1497647,silent,1497643
10,11|6|6|6|4|3|2|1|1,9,21,4852851,silent,4852830
10,11|6|6|6|4|2|2|2|1,9,16,2615345,silent,2615329
10,11|6|6|6|3|3|3|1|1,9,5,1777579,silent,1777574
10,11|6|6|6|3|3|2|2|1,9,6,2739228,silent,2739222
10,11|6|6|6|3|2|2|2|2,9,4,976641,silent,976637
10,11|6|6|5|5|4|1|1|1,9,10,1832378,silent,1832368
10,11|6|6|5|5|3|2|1|1,9,17,4841692,silent,4841675
10,11|6|6|5|5|2|2|2|1,9,6,2446026,silent,2446020
10,11|6|6|5|4|4|2|1|1,9,21,4918232,silent,4918211
10,11|6|6|5|4|3|3|1|1,9,15,5390895,silent,5390880
10,11|6|6|5|4|3|2|2|1,9,20,7813704,silent,7813684
10,11|6|6|5|4|2|2|2|2,9,5,2213044,silent,2213039
10,11|6|6|5|3|3|3|2|1,9,2,4019748,silent,4019746
10,11|6|6|5|3|3|2|2|2,9,1,2604882,silent,2604881
10,11|6|6|4|4|4|3|1|1,9,12,2515676,silent,2515664
10,11|6|6|4|4|4|2|2|1,9,18,2985226,silent,2985208
10,11|6|6|4|4|3|3|2|1,9,7,4425812,silent,4425805
10,11|6|6|4|4|3|2|2|2,9,5,2696074,silent,2696069
10,11|6|6|4|3|3|3|3|1,9,0,-1,a0,
10,11|6|6|4|3|3|3|2|2,9,0,-1,a0,
10,11|6|6|3|3|3|3|3|2,9,0,-1,a0,
10,11|6|5|5|5|5|1|1|1,9,1,380933,silent,380932
10,11|6|5|5|5|4|2|1|1,9,7,2485223,silent,2485216
10,11|6|5|5|5|3|3|1|1,9,3,2222315,silent,2222312
10,11|6|5|5|5|3|2|2|1,9,2,3138751,silent,3138749
10,11|6|5|5|5|2|2|2|2,9,0,-1,a0,
10,11|6|5|5|4|4|3|1|1,9,13,3059318,silent,3059305
10,11|6|5|5|4|4|2|2|1,9,8,3581065,silent,3581057
10,11|6|5|5|4|3|3|2|1,9,5,5024870,silent,5024865
10,11|6|5|5|4|3|2|2|2,9,1,3017731,silent,3017730
10,11|6|5|5|3|3|3|3|1,9,0,-1,a0,
10,11|6|5|5|3|3|3|2|2,9,0,-1,a0,
10,11|6|5|4|4|4|4|1|1,9,9,831806,silent,831797
10,11|6|5|4|4|4|3|2|1,9,15,3151862,silent,3151847
10,11|6|5|4|4|4|2|2|2,9,5,1520065,silent,1520060
10,11|6|5|4|4|3|3|3|1,9,1,1892783,silent,1892782
10,11|6|5|4|4|3|3|2|2,9,1,2494955,silent,2494954
10,11|6|5|4|3|3|3|3|2,9,0,-1,a0,
10,11|6|5|3|3|3|3|3|3,9,0,-1,a0,
10,11|6|4|4|4|4|4|2|1,9,10,455776,silent,455766
10,11|6|4|4|4|4|3|3|1,9,2,581358,silent,581356
10,11|6|4|4|4|4|3|2|2,9,4,719186,silent,719182
10,11|6|4|4|4|3|3|3|2,9,0,-1,a0,
10,11|6|4|4|3|3|3|3|3,9,0,-1,a0,
10,11|5|5|5|5|5|2|1|1,9,0,-1,a0,
10,11|5|5|5|5|4|3|1|1,9,1,634221,silent,634220
10,11|5|5|5|5|4|2|2|1,9,0,-1,a0,
10,11|5|5|5|5|3|3|2|1,9,0,-1,a0,
10,11|5|5|5|5|3|2|2|2,9,0,-1,a0,
10,11|5|5|5|4|4|4|1|1,9,3,332823,silent,332820
10,11|5|5|5|4|4|3|2|1,9,2,1217871,silent,1217869
10,11|5|5|5|4|4|2|2|2,9,0,-1,a0,
10,11|5|5|5|4|3|3|3|1,9,0,-1,a0,
10,11|5|5|5|4|3|3|2|2,9,0,-1,a0,
10,11|5|5|5|3|3|3|3|2,9,0,-1,a0,
10,11|5|5|4|4|4|4|2|1,9,4,404672,silent,404668
10,11|5|5|4|4|4|3|3|1,9,2,512786,silent,512784
10,11|5|5|4|4|4|3|2|2,9,1,628908,silent,628907
10,11|5|5|4|4|3|3|3|2,9,0,-1,a0,
10,11|5|5|4|3|3|3|3|3,9,0,-1,a0,
10,11|5|4|4|4|4|4|3|1,9,4,126831,silent,126827
10,11|5|4|4|4|4|4|2|2,9,3,126801,silent,126798
10,11|5|4|4|4|4|3|3|2,9,0,-1,a0,
10,11|5|4|4|4|3|3|3|3,9,0,-1,a0,
10,11|4|4|4|4|4|4|4|1,9,2,7678,silent,7676
10,11|4|4|4|4|4|4|3|2,9,1,24459,silent,24458
10,11|4|4|4|4|4|3|3|3,9,0,-1,a0,
10,10|10|10|5|1|1|1|1|1,9,2,62532,silent,62530
10,10|10|10|4|2|1|1|1|1,9,9,182693,silent,182684
10,10|10|10|3|3|1|1|1|1,9,2,120352,silent,120350
10,10|10|10|3|2|2|1|1|1,9,5,166404,silent,166399
10,10|10|10|2|2|2|2|1|1,9,0,-1,a0,
10,10|10|9|6|1|1|1|1|1,9,6,165405,silent,165399
10,10|10|9|5|2|1|1|1|1,9,21,691278,silent,691257
10,10|10|9|4|3|1|1|1|1,9,23,886191,silent,886168
10,10|10|9|4|2|2|1|1|1,9,24,987772,silent,987748
10,10|10|9|3|3|2|1|1|1,9,16,824595,silent,824579
10,10|10|9|3|2|2|2|1|1,9,11,566490,silent,566479
10,10|10|9|2|2|2|2|2|1,9,3,105090,silent,105087
10,10|10|8|7|1|1|1|1|1,9,5,164957,silent,164952
10,10|10|8|6|2|1|1|1|1,9,32,1046348,silent,1046316
10,10|10|8|5|3|1|1|1|1,9,45,2130065,silent,2130020
10,10|10|8|5|2|2|1|1|1,9,47,2214173,silent,2214126
10,10|10|8|4|4|1|1|1|1,9,32,1250638,silent,1250606
10,10|10|8|4|3|2|1|1|1,9,60,3737966,silent,3737906
10,10|10|8|4|2|2|2|1|1,9,27,2024654,silent,2024627
10,10|10|8|3|3|3|1|1|1,9,9,1162517,silent,1162508
10,10|10|8|3|3|2|2|1|1,9,22,1855045,silent,1855023
10,10|10|8|3|2|2|2|2|1,9,10,778338,silent,778328
10,10|10|8|2|2|2|2|2|2,9,4,86474,silent,86470
10,10|10|7|7|2|1|1|1|1,9,12,532935,silent,532923
10,10|10|7|6|3|1|1|1|1,9,42,2119868,silent,2119826
10,10|10|7|6|2|2|1|1|1,9,40,2144229,silent,2144189
10,10|10|7|5|4|1|1|1|1,9,47,2635525,silent,2635478
10,10|10|7|5|3|2|1|1|1,9,91,6266784,silent,6266693
10,10|10|7|5|2|2|2|1|1,9,45,3145461,silent,3145416
10,10|10|7|4|4|2|1|1|1,9,58,4125133,silent,4125075
10,10|10|7|4|3|3|1|1|1,9,39,4092148,silent,4092109
10,10|10|7|4|3|2|2|1|1,9,56,6087262,silent,6087206
10,10|10|7|4|2|2|2|2|1,9,20,2001436,silent,2001416
10,10|10|7|3|3|3|2|1|1,9,9,2494388,silent,2494379
10,10|10|7|3|3|2|2|2|1,9,8,1942292,silent,1942284
10,10|10|7|3|2|2|2|2|2,9,3,465379,silent,465376
10,10|10|6|6|4|1|1|1|1,9,28,1506122,silent,1506094
10,10|10|6|6|3|2|1|1|1,9,43,3355237,silent,3355194
10,10|10|6|6|2|2|2|1|1,9,15,1635638,silent,1635623
10,10|10|6|5|5|1|1|1|1,9,16,1136353,silent,1136337
10,10|10|6|5|4|2|1|1|1,9,73,5856259,silent,5856186
10,10|10|6|5|3|3|1|1|1,9,43,4744511,silent,4744468
10,10|10|6|5|3|2|2|1|1,9,60,6868840,silent,6868780
10,10|10|6|5|2|2|2|2|1,9,18,2089963,silent,2089945
10,10|10|6|4|4|3|1|1|1,9,44,4223084,silent,4223040
10,10|10|6|4|4|2|2|1|1,9,38,5072013,silent,5071975
10,10|10|6|4|3|3|2|1|1,9,33,6440667,silent,6440634
10,10|10|6|4|3|2|2|2|1,9,23,4642222,silent,4642199
10,10|10|6|4|2|2|2|2|2,9,9,874355,silent,874346
10,10|10|6|3|3|3|3|1|1,9,0,-1,a0,
10,10|10|6|3|3|3|2|2|1,9,2,2183993,silent,2183991
10,10|10|6|3|3|2|2|2|2,9,0,-1,a0,
10,10|10|5|5|5|2|1|1|1,9,17,1383276,silent,1383259
10,10|10|5|5|4|3|1|1|1,9,29,3236099,silent,3236070
10,10|10|5|5|4|2|2|1|1,9,35,3802864,silent,3802829
10,10|10|5|5|3|3|2|1|1,9,15,4000264,silent,4000249
10,10|10|5|5|3|2|2|2|1,9,10,2807566,silent,2807556
10,10|10|5|5|2|2|2|2|2,9,0,-1,a0,
10,10|10|5|4|4|4|1|1|1,9,14,1255069,silent,1255055
10,10|10|5|4|4|3|2|1|1,9,29,4627125,silent,4627096
10,10|10|5|4|4|2|2|2|1,9,15,2653669,silent,2653654
10,10|10|5|4|3|3|3|1|1,9,4,2381957,silent,2381953
10,10|10|5|4|3|3|2|2|1,9,6,3781583,silent,3781577
10,10|10|5|4|3|2|2|2|2,9,3,1440369,silent,1440366
10,10|10|5|3|3|3|3|2|1,9,0,-1,a0,
10,10|10|5|3|3|3|2|2|2,9,0,-1,a0,
10,10|10|4|4|4|4|2|1|1,9,5,778471,silent,778466
10,10|10|4|4|4|3|3|1|1,9,6,957711,silent,957705
10,10|10|4|4|4|3|2|2|1,9,6,1425526,silent,1425520
10,10|10|4|4|4|2|2|2|2,9,5,434305,silent,434300
10,10|10|4|4|3|3|3|2|1,9,0,-1,a0,
10,10|10|4|4|3|3|2|2|2,9,0,-1,a0,
10,10|10|4|3|3|3|3|3|1,9,0,-1,a0,
10,10|10|4|3|3|3|3|2|2,9,0,-1,a0,
10,10|10|3|3|3|3|3|3|2,9,0,-1,a0,
10,10|9|9|7|1|1|1|1|1,9,4,114653,silent,114649
10,10|9|9|6|2|1|1|1|1,9,16,679576,silent,679560
10,10|9|9|5|3|1|1|1|1,9,29,1343148,silent,1343119
10,10|9|9|5|2|2|1|1|1,9,30,1395964,silent,1395934
10,10|9|9|4|4|1|1|1|1,9,11,779002,silent,778991
10,10|9|9|4|3|2|1|1|1,9,37,2320220,silent,2320183
10,10|9|9|4|2|2|2|1|1,9,23,1255882,silent,1255859
10,10|9|9|3|3|3|1|1|1,9,7,714533,silent,714526
10,10|9|9|3|3|2|2|1|1,9,9,1139541,silent,1139532
10,10|9|9|3|2|2|2|2|1,9,4,476331,silent,476327
10,10|9|9|2|2|2|2|2|2,9,0,-1,a0,
10,10|9|8|8|1|1|1|1|1,9,3,78791,silent,78788
10,10|9|8|7|2|1|1|1|1,9,22,882319,silent,882297
10,10|9|8|6|3|1|1|1|1,9,52,2768027,silent,2767975
10,10|9|8|6|2|2|1|1|1,9,49,2786884,silent,2786835
10,10|9|8|5|4|1|1|1|1,9,55,3196906,silent,3196851
10,10|9|8|5|3|2|1|1|1,9,102,7525748,silent,7525646
10,10|9|8|5|2|2|2|1|1,9,48,3754631,silent,3754583
10,10|9|8|4|4|2|1|1|1,9,63,4817335,silent,4817272
10,10|9|8|4|3|3|1|1|1,9,42,4739230,silent,4739188
10,10|9|8|4|3|2|2|1|1,9,62,7030325,silent,7030263
10,10|9|8|4|2|2|2|2|1,9,21,2295902,silent,2295881
10,10|9|8|3|3|3|2|1|1,9,10,2831251,silent,2831241
10,10|9|8|3|3|2|2|2|1,9,9,2196973,silent,2196964
10,10|9|8|3|2|2|2|2|2,9,3,522740,silent,522737
10,10|9|7|7|3|1|1|1|1,9,28,1555565,silent,1555537
10,10|9|7|7|2|2|1|1|1,9,29,1551164,silent,1551135
10,10|9|7|6|4|1|1|1|1,9,56,3806055,silent,3805999
10,10|9|7|6|3|2|1|1|1,9,101,8329520,silent,8329419
10,10|9|7|6|2|2|2|1|1,9,48,4024496,silent,4024448
10,10|9|7|5|5|1|1|1|1,9,36,2328570,silent,2328534
10,10|9|7|5|4|2|1|1|1,9,135,11539790,silent,11539655
10,10|9|7|5|3|3|1|1|1,9,73,9198164,silent,9198091
10,10|9|7|5|3|2|2|1|1,9,103,13253737,silent,13253634
10,10|9|7|5|2|2|2|2|1,9,27,3983193,silent,3983166
10,10|9|7|4|4|3|1|1|1,9,69,7647071,silent,7647002
10,10|9|7|4|4|2|2|1|1,9,80,9144131,silent,9144051
10,10|9|7|4|3|3|2|1|1,9,47,11416939,silent,11416892
10,10|9|7|4|3|2|2|2|1,9,35,8179985,silent,8179950
10,10|9|7|4|2|2|2|2|2,9,5,1515277,silent,1515272
10,10|9|7|3|3|3|3|1|1,9,2,2281698,silent,2281696
10,10|9|7|3|3|3|2|2|1,9,3,3713739,silent,3713736
10,10|9|7|3|3|2|2|2|2,9,2,1516453,silent,1516451
10,10|9|6|6|5|1|1|1|1,9,19,1724365,silent,1724346
10,10|9|6|6|4|2|1|1|1,9,67,6918825,silent,6918758
10,10|9|6|6|3|3|1|1|1,9,41,5217097,silent,5217056
10,10|9|6|6|3|2|2|1|1,9,56,7424434,silent,7424378
10,10|9|6|6|2|2|2|2|1,9,17,2167866,silent,2167849
10,10|9|6|5|5|2|1|1|1,9,54,5497649,silent,5497595
10,10|9|6|5|4|3|1|1|1,9,94,11858304,silent,11858210
10,10|9|6|5|4|2|2|1|1,9,98,13798321,silent,13798223
10,10|9|6|5|3|3|2|1|1,9,59,14074360,silent,14074301
10,10|9|6|5|3|2|2|2|1,9,38,9765826,silent,9765788
10,10|9|6|5|2|2|2|2|2,9,6,1671317,silent,1671311
10,10|9|6|4|4|4|1|1|1,9,33,3632312,silent,3632279
10,10|9|6|4|4|3|2|1|1,9,74,13127706,silent,13127632
10,10|9|6|4|4|2|2|2|1,9,38,7445090,silent,7445052
10,10|9|6|4|3|3|3|1|1,9,11,6509441,silent,6509430
10,10|9|6|4|3|3|2|2|1,9,17,10279724,silent,10279707
10,10|9|6|4|3|2|2|2|2,9,7,3868049,silent,3868042
10,10|9|6|3|3|3|3|2|1,9,0,-1,a0,
10,10|9|6|3|3|3|2|2|2,9,0,-1,a0,
10,10|9|5|5|5|3|1|1|1,9,23,3142441,silent,3142418
10,10|9|5|5|5|2|2|1|1,9,18,3434114,silent,3434096
10,10|9|5|5|4|4|1|1|1,9,28,3071200,silent,3071172
10,10|9|5|5|4|3|2|1|1,9,49,10407647,silent,10407598
10,10|9|5|5|4|2|2|2|1,9,18,5743112,silent,5743094
10,10|9|5|5|3|3|3|1|1,9,6,4212842,silent,4212836
10,10|9|5|5|3|3|2|2|1,9,9,6584643,silent,6584634
10,10|9|5|5|3|2|2|2|2,9,2,2404216,silent,2404214
10,10|9|5|4|4|4|2|1|1,9,37,4479296,silent,4479259
10,10|9|5|4|4|3|3|1|1,9,18,5317814,silent,5317796
10,10|9|5|4|4|3|2|2|1,9,24,7851581,silent,7851557
10,10|9|5|4|4|2|2|2|2,9,5,2327546,silent,2327541
10,10|9|5|4|3|3|3|2|1,9,2,5234157,silent,5234155
10,10|9|5|4|3|3|2|2|2,9,1,3470472,silent,3470471
10,10|9|5|3|3|3|3|3|1,9,0,-1,a0,
10,10|9|5|3|3|3|3|2|2,9,0,-1,a0,
10,10|9|4|4|4|4|3|1|1,9,10,1186924,silent,1186914
10,10|9|4|4|4|4|2|2|1,9,12,1423599,silent,1423587
10,10|9|4|4|4|3|3|2|1,9,4,2197244,silent,2197240
10,10|9|4|4|4|3|2|2|2,9,3,1355764,silent,1355761
10,10|9|4|4|3|3|3|3|1,9,0,-1,a0,
10,10|9|4|4|3|3|3|2|2,9,0,-1,a0,
10,10|9|4|3|3|3|3|3|2,9,0,-1,a0,
10,10|9|3|3|3|3|3|3|3,9,0,-1,a0,
10,10|8|8|8|2|1|1|1|1,9,6,186304,silent,186298
10,10|8|8|7|3|1|1|1|1,9,18,1131528,silent,1131510
10,10|8|8|7|2|2|1|1|1,9,18,1120256,silent,1120238
10,10|8|8|6|4|1|1|1|1,9,38,2240514,silent,2240476
10,10|8|8|6|3|2|1|1|1,9,55,4859725,silent,4859670
10,10|8|8|6|2|2|2|1|1,9,20,2333164,silent,2333144
10,10|8|8|5|5|1|1|1|1,9,14,1294528,silent,1294514
10,10|8|8|5|4|2|1|1|1,9,68,6310561,silent,6310493
10,10|8|8|5|3|3|1|1|1,9,38,5002032,silent,5001994
10,10|8|8|5|3|2|2|1|1,9,56,7184317,silent,7184261
10,10|8|8|5|2|2|2|2|1,9,17,2149437,silent,2149420
10,10|8|8|4|4|3|1|1|1,9,38,4056702,silent,4056664
10,10|8|8|4|4|2|2|1|1,9,29,4835826,silent,4835797
10,10|8|8|4|3|3|2|1|1,9,28,6006676,silent,6006648
10,10|8|8|4|3|2|2|2|1,9,20,4289447,silent,4289427
10,10|8|8|4|2|2|2|2|2,9,8,794081,silent,794073
10,10|8|8|3|3|3|3|1|1,9,0,-1,a0,
10,10|8|8|3|3|3|2|2|1,9,2,1918597,silent,1918595
10,10|8|8|3|3|2|2|2|2,9,0,-1,a0,
10,10|8|7|7|4|1|1|1|1,9,23,1631405,silent,1631382
10,10|8|7|7|3|2|1|1|1,9,39,3447353,silent,3447314
10,10|8|7|7|2|2|2|1|1,9,19,1636326,silent,1636307
10,10|8|7|6|5|1|1|1|1,9,29,2524864,silent,2524835
10,10|8|7|6|4|2|1|1|1,9,94,9778854,silent,9778760
10,10|8|7|6|3|3|1|1|1,9,51,7266225,silent,7266174
10,10|8|7|6|3|2|2|1|1,9,70,10298511,silent,10298441
10,10|8|7|6|2|2|2|2|1,9,20,2974206,silent,2974186
10,10|8|7|5|5|2|1|1|1,9,58,6341960,silent,6341902
10,10|8|7|5|4|3|1|1|1,9,98,13234710,silent,13234612
10,10|8|7|5|4|2|2|1|1,9,102,15331152,silent,15331050
10,10|8|7|5|3|3|2|1|1,9,58,15414614,silent,15414556
10,10|8|7|5|3|2|2|2|1,9,38,10636881,silent,10636843
10,10|8|7|5|2|2|2|2|2,9,5,1799054,silent,1799049
10,10|8|7|4|4|4|1|1|1,9,34,3766322,silent,3766288
10,10|8|7|4|4|3|2|1|1,9,69,13480630,silent,13480561
10,10|8|7|4|4|2|2|2|1,9,34,7602431,silent,7602397
10,10|8|7|4|3|3|3|1|1,9,10,6570374,silent,6570364
10,10|8|7|4|3|3|2|2|1,9,16,10349508,silent,10349492
10,10|8|7|4|3|2|2|2|2,9,7,3870085,silent,3870078
10,10|8|7|3|3|3|3|2|1,9,0,-1,a0,
10,10|8|7|3|3|3|2|2|2,9,0,-1,a0,
10,10|8|6|6|6|1|1|1|1,9,6,624155,silent,624149
10,10|8|6|6|5|2|1|1|1,9,36,5133061,silent,5133025
10,10|8|6|6|4|3|1|1|1,9,57,8750156,silent,8750099
10,10|8|6|6|4|2|2|1|1,9,56,10012381,silent,10012325
10,10|8|6|6|3|3|2|1|1,9,42,9525278,silent,9525236
10,10|8|6|6|3|2|2|2|1,9,29,6481171,silent,6481142
10,10|8|6|6|2|2|2|2|2,9,9,1067661,silent,1067652
10,10|8|6|5|5|3|1|1|1,9,46,7667165,silent,7667119
10,10|8|6|5|5|2|2|1|1,9,47,8302415,silent,8302368
10,10|8|6|5|4|4|1|1|1,9,48,6988771,silent,6988723
10,10|8|6|5|4|3|2|1|1,9,101,23261743,silent,23261642
10,10|8|6|5|4|2|2|2|1,9,47,12705721,silent,12705674
10,10|8|6|5|3|3|3|1|1,9,15,9091796,silent,9091781
10,10|8|6|5|3|3|2|2|1,9,22,14128184,silent,14128162
10,10|8|6|5|3|2|2|2|2,9,7,5102942,silent,5102935
10,10|8|6|4|4|4|2|1|1,9,46,7942641,silent,7942595
10,10|8|6|4|4|3|3|1|1,9,32,9291791,silent,9291759
10,10|8|6|4|4|3|2|2|1,9,40,13650952,silent,13650912
10,10|8|6|4|4|2|2|2|2,9,15,4006900,silent,4006885
10,10|8|6|4|3|3|3|2|1,9,3,8780947,silent,8780944
10,10|8|6|4|3|3|2|2|2,9,1,5783662,silent,5783661
10,10|8|6|3|3|3|3|3|1,9,0,-1,a0,
10,10|8|6|3|3|3|3|2|2,9,0,-1,a0,
10,10|8|5|5|5|4|1|1|1,9,15,2480081,silent,2480066
10,10|8|5|5|5|3|2|1|1,9,20,6619734,silent,6619714
10,10|8|5|5|5|2|2|2|1,9,5,3363664,silent,3363659
10,10|8|5|5|4|4|2|1|1,9,39,7060386,silent,7060347
10,10|8|5|5|4|3|3|1|1,9,17,7795989,silent,7795972
10,10|8|5|5|4|3|2|2|1,9,21,11331067,silent,11331046
10,10|8|5|5|4|2|2|2|2,9,1,3221489,silent,3221488
10,10|8|5|5|3|3|3|2|1,9,2,5954555,silent,5954553
10,10|8|5|5|3|3|2|2|2,9,2,3875444,silent,3875442
10,10|8|5|4|4|4|3|1|1,9,27,4376753,silent,4376726
10,10|8|5|4|4|4|2|2|1,9,26,5198786,silent,5198760
10,10|8|5|4|4|3|3|2|1,9,11,7779655,silent,7779644
10,10|8|5|4|4|3|2|2|2,9,6,4749064,silent,4749058
10,10|8|5|4|3|3|3|3|1,9,0,-1,a0,
10,10|8|5|4|3|3|3|2|2,9,0,-1,a0,
10,10|8|5|3|3|3|3|3|2,9,0,-1,a0,
10,10|8|4|4|4|4|4|1|1,9,5,489503,silent,489498
10,10|8|4|4|4|4|3|2|1,9,12,1886883,silent,1886871
10,10|8|4|4|4|4|2|2|2,9,8,920193,silent,920185
10,10|8|4|4|4|3|3|3|1,9,1,1166306,silent,1166305
10,10|8|4|4|4|3|3|2|2,9,0,-1,a0,
10,10|8|4|4|3|3|3|3|2,9,0,-1,a0,
10,10|8|4|3|3|3|3|3|3,9,0,-1,a0,
10,10|7|7|7|5|1|1|1|1,9,10,598565,silent,598555
10,10|7|7|7|4|2|1|1|1,9,23,2148031,silent,2148008
10,10|7|7|7|3|3|1|1|1,9,11,1549282,silent,1549271
10,10|7|7|7|3|2|2|1|1,9,12,2183621,silent,2183609
10,10|7|7|7|2|2|2|2|1,9,2,618086,silent,618084
10,10|7|7|6|6|1|1|1|1,9,2,495127,silent,495125
10,10|7|7|6|5|2|1|1|1,9,29,3801178,silent,3801149
10,10|7|7|6|4|3|1|1|1,9,40,6299847,silent,6299807
10,10|7|7|6|4|2|2|1|1,9,47,7190207,silent,7190160
10,10|7|7|6|3|3|2|1|1,9,21,6749163,silent,6749142
10,10|7|7|6|3|2|2|2|1,9,14,4574772,silent,4574758
10,10|7|7|6|2|2|2|2|2,9,0,-1,a0,
10,10|7|7|5|5|3|1|1|1,9,29,4577634,silent,4577605
10,10|7|7|5|5|2|2|1|1,9,20,4939787,silent,4939767
10,10|7|7|5|4|4|1|1|1,9,32,4079071,silent,4079039
10,10|7|7|5|4|3|2|1|1,9,56,13463078,silent,13463022
10,10|7|7|5|4|2|2|2|1,9,21,7319803,silent,7319782
10,10|7|7|5|3|3|3|1|1,9,8,5185085,silent,5185077
10,10|7|7|5|3|3|2|2|1,9,11,8047440,silent,8047429
10,10|7|7|5|3|2|2|2|2,9,3,2891781,silent,2891778
10,10|7|7|4|4|4|2|1|1,9,33,4314784,silent,4314751
10,10|7|7|4|4|3|3|1|1,9,11,5007665,silent,5007654
10,10|7|7|4|4|3|2|2|1,9,19,7343380,silent,7343361
10,10|7|7|4|4|2|2|2|2,9,1,2138717,silent,2138716
10,10|7|7|4|3|3|3|2|1,9,1,4657892,silent,4657891
10,10|7|7|4|3|3|2|2|2,9,2,3064682,silent,3064680
10,10|7|7|3|3|3|3|3|1,9,0,-1,a0,
10,10|7|7|3|3|3|3|2|2,9,0,-1,a0,
10,10|7|6|6|6|2|1|1|1,9,6,1232221,silent,1232215
10,10|7|6|6|5|3|1|1|1,9,20,4730793,silent,4730773
10,10|7|6|6|5|2|2|1|1,9,25,5042043,silent,5042018
10,10|7|6|6|4|4|1|1|1,9,17,3491811,silent,3491794
10,10|7|6|6|4|3|2|1|1,9,45,11223845,silent,11223800
10,10|7|6|6|4|2|2|2|1,9,26,6021071,silent,6021045
10,10|7|6|6|3|3|3|1|1,9,7,4059289,silent,4059282
10,10|7|6|6|3|3|2|2|1,9,12,6252338,silent,6252326
10,10|7|6|6|3|2|2|2|2,9,5,2215693,silent,2215688
10,10|7|6|5|5|4|1|1|1,9,18,3970615,silent,3970597
10,10|7|6|5|5|3|2|1|1,9,33,10423370,silent,10423337
10,10|7|6|5|5|2|2|2|1,9,12,5247069,silent,5247057
10,10|7|6|5|4|4|2|1|1,9,47,10417874,silent,10417827
10,10|7|6|5|4|3|3|1|1,9,28,11351357,silent,11351329
10,10|7|6|5|4|3|2|2|1,9,35,16422620,silent,16422585
10,10|7|6|5|4|2|2|2|2,9,7,4627424,silent,4627417
10,10|7|6|5|3|3|3|2|1,9,4,8352637,silent,8352633
10,10|7|6|5|3|3|2|2|2,9,2,5403588,silent,5403586
10,10|7|6|4|4|4|3|1|1,9,27,5103746,silent,5103719
10,10|7|6|4|4|4|2|2|1,9,28,6037156,silent,6037128
10,10|7|6|4|4|3|3|2|1,9,12,8908178,silent,8908166
10,10|7|6|4|4|3|2|2|2,9,7,5410353,silent,5410346
10,10|7|6|4|3|3|3|3|1,9,0,-1,a0,
10,10|7|6|4|3|3|3|2|2,9,0,-1,a0,
10,10|7|6|3|3|3|3|3|2,9,0,-1,a0,
10,10|7|5|5|5|5|1|1|1,9,2,645005,silent,645003
10,10|7|5|5|5|4|2|1|1,9,10,4152618,silent,4152608
10,10|7|5|5|5|3|3|1|1,9,7,3694762,silent,3694755
10,10|7|5|5|5|3|2|2|1,9,4,5206929,silent,5206925
10,10|7|5|5|5|2|2|2|2,9,0,-1,a0,
10,10|7|5|5|4|4|3|1|1,9,20,5000280,silent,5000260
10,10|7|5|5|4|4|2|2|1,9,13,5843080,silent,5843067
10,10|7|5|5|4|3|3|2|1,9,8,8153905,silent,8153897
10,10|7|5|5|4|3|2|2|2,9,2,4885750,silent,4885748
10,10|7|5|5|3|3|3|3|1,9,0,-1,a0,
10,10|7|5|5|3|3|3|2|2,9,0,-1,a0,
10,10|7|5|4|4|4|4|1|1,9,16,1305296,silent,1305280
10,10|7|5|4|4|4|3|2|1,9,20,4924251,silent,4924231
10,10|7|5|4|4|4|2|2|2,9,5,2367635,silent,2367630
10,10|7|5|4|4|3|3|3|1,9,1,2938135,silent,2938134
10,10|7|5|4|4|3|3|2|2,9,2,3869883,silent,3869881
10,10|7|5|4|3|3|3|3|2,9,0,-1,a0,
10,10|7|5|3|3|3|3|3|3,9,0,-1,a0,
10,10|7|4|4|4|4|4|2|1,9,11,649511,silent,649500
10,10|7|4|4|4|4|3|3|1,9,3,827186,silent,827183
10,10|7|4|4|4|4|3|2|2,9,4,1020732,silent,1020728
10,10|7|4|4|4|3|3|3|2,9,0,-1,a0,
10,10|7|4|4|3|3|3|3|3,9,0,-1,a0,
10,10|6|6|6|6|3|1|1|1,9,2,616645,silent,616643
10,10|6|6|6|6|2|2|1|1,9,1,636611,silent,636610
10,10|6|6|6|5|4|1|1|1,9,3,1318049,silent,1318046
10,10|6|6|6|5|3|2|1|1,9,11,3351170,silent,3351159
10,10|6|6|6|5|2|2|2|1,9,8,1659154,silent,1659146
10,10|6|6|6|4|4|2|1|1,9,6,2730488,silent,2730482
10,10|6|6|6|4|3|3|1|1,9,8,2900179,silent,2900171
10,10|6|6|6|4|3|2|2|1,9,13,4161841,silent,4161828
10,10|6|6|6|4|2|2|2|2,9,8,1156038,silent,1156030
10,10|6|6|6|3|3|3|2|1,9,1,1967561,silent,1967560
10,10|6|6|6|3|3|2|2|2,9,0,-1,a0,
10,10|6|6|5|5|5|1|1|1,9,2,550748,silent,550746
10,10|6|6|5|5|4|2|1|1,9,10,3430702,silent,3430692
10,10|6|6|5|5|3|3|1|1,9,4,3017459,silent,3017455
10,10|6|6|5|5|3|2|2|1,9,6,4233202,silent,4233196
10,10|6|6|5|5|2|2|2|2,9,0,-1,a0,
10,10|6|6|5|4|4|3|1|1,9,11,3853979,silent,3853968
10,10|6|6|5|4|4|2|2|1,9,14,4492656,silent,4492642
10,10|6|6|5|4|3|3|2|1,9,7,6193847,silent,6193840
10,10|6|6|5|4|3|2|2|2,9,4,3696079,silent,3696075
10,10|6|6|5|3|3|3|3|1,9,0,-1,a0,
10,10|6|6|5|3|3|3|2|2,9,0,-1,a0,
10,10|6|6|4|4|4|4|1|1,9,3,813472,silent,813469
10,10|6|6|4|4|4|3|2|1,9,12,3053789,silent,3053777
10,10|6|6|4|4|4|2|2|2,9,9,1467642,silent,1467633
10,10|6|6|4|4|3|3|3|1,9,1,1796737,silent,1796736
10,10|6|6|4|4|3|3|2|2,9,0,-1,a0,
10,10|6|6|4|3|3|3|3|2,9,0,-1,a0,
10,10|6|6|3|3|3|3|3|3,9,0,-1,a0,
10,10|6|5|5|5|5|2|1|1,9,0,-1,a0,
10,10|6|5|5|5|4|3|1|1,9,3,2057529,silent,2057526
10,10|6|5|5|5|4|2|2|1,9,1,2333351,silent,2333350
10,10|6|5|5|5|3|3|2|1,9,1,2629089,silent,2629088
10,10|6|5|5|5|3|2|2|2,9,0,-1,a0,
10,10|6|5|5|4|4|4|1|1,9,6,1036735,silent,1036729
10,10|6|5|5|4|4|3|2|1,9,7,3773169,silent,3773162
10,10|6|5|5|4|4|2|2|2,9,0,-1,a0,
10,10|6|5|5|4|3|3|3|1,9,1,2082694,silent,2082693
10,10|6|5|5|4|3|3|2|2,9,1,2724282,silent,2724281
10,10|6|5|5|3|3|3|3|2,9,0,-1,a0,
10,10|6|5|4|4|4|4|2|1,9,11,1147268,silent,1147257
10,10|6|5|4|4|4|3|3|1,9,4,1442897,silent,1442893
10,10|6|5|4|4|4|3|2|2,9,4,1770689,silent,1770685
10,10|6|5|4|4|3|3|3|2,9,0,-1,a0,
10,10|6|5|4|3|3|3|3|3,9,0,-1,a0,
10,10|6|4|4|4|4|4|3|1,9,5,276476,silent,276471
10,10|6|4|4|4|4|4|2|2,9,7,276719,silent,276712
10,10|6|4|4|4|4|3|3|2,9,0,-1,a0,
10,10|6|4|4|4|3|3|3|3,9,0,-1,a0,
10,10|5|5|5|5|5|3|1|1,9,0,-1,a0,
10,10|5|5|5|5|5|2|2|1,9,0,-1,a0,
10,10|5|5|5|5|4|4|1|1,9,0,-1,a0,
10,10|5|5|5|5|4|3|2|1,9,0,-1,a0,
10,10|5|5|5|5|4|2|2|2,9,0,-1,a0,
10,10|5|5|5|5|3|3|3|1,9,0,-1,a0,
10,10|5|5|5|5|3|3|2|2,9,0,-1,a0,
10,10|5|5|5|4|4|4|2|1,9,1,469897,silent,469896
10,10|5|5|5|4|4|3|3|1,9,1,576258,silent,576257
10,10|5|5|5|4|4|3|2|2,9,0,-1,a0,
10,10|5|5|5|4|3|3|3|2,9,0,-1,a0,
10,10|5|5|5|3|3|3|3|3,9,0,-1,a0,
10,10|5|5|4|4|4|4|3|1,9,3,251384,silent,251381
10,10|5|5|4|4|4|4|2|2,9,0,-1,a0,
10,10|5|5|4|4|4|3|3|2,9,1,396947,silent,396946
10,10|5|5|4|4|3|3|3|3,9,0,-1,a0,
10,10|5|4|4|4|4|4|4|1,9,3,32890,silent,32887
10,10|5|4|4|4|4|4|3|2,9,2,105564,silent,105562
10,10|5|4|4|4|4|3|3|3,9,0,-1,a0,
10,10|4|4|4|4|4|4|4|2,9,3,7539,silent,7536
10,10|4|4|4|4|4|4|3|3,9,0,-1,a0,
10,31|1|1|1|1|1|1|1|1|1,10,0,-1,a0,
10,30|2|1|1|1|1|1|1|1|1,10,0,-1,a0,
10,29|3|1|1|1|1|1|1|1|1,10,0,-1,a0,
10,29|2|2|1|1|1|1|1|1|1,10,0,-1,a0,
10,28|4|1|1|1|1|1|1|1|1,10,0,-1,a0,
10,28|3|2|1|1|1|1|1|1|1,10,0,-1,a0,
10,28|2|2|2|1|1|1|1|1|1,10,0,-1,a0,
10,27|5|1|1|1|1|1|1|1|1,10,0,-1,a0,
10,27|4|2|1|1|1|1|1|1|1,10,0,-1,a0,
10,27|3|3|1|1|1|1|1|1|1,10,0,-1,a0,
10,27|3|2|2|1|1|1|1|1|1,10,0,-1,a0,
10,27|2|2|2|2|1|1|1|1|1,10,0,-1,a0,
10,26|6|1|1|1|1|1|1|1|1,10,0,-1,a0,
10,26|5|2|1|1|1|1|1|1|1,10,0,-1,a0,
10,26|4|3|1|1|1|1|1|1|1,10,0,-1,a0,
10,26|4|2|2|1|1|1|1|1|1,10,0,-1,a0,
10,26|3|3|2|1|1|1|1|1|1,10,0,-1,a0,
10,26|3|2|2|2|1|1|1|1|1,10,0,-1,a0,
10,26|2|2|2|2|2|1|1|1|1,10,0,-1,a0,
10,25|7|1|1|1|1|1|1|1|1,10,0,-1,a0,
10,25|6|2|1|1|1|1|1|1|1,10,0,-1,a0,
10,25|5|3|1|1|1|1|1|1|1,10,0,-1,a0,
10,25|5|2|2|1|1|1|1|1|1,10,0,-1,a0,
10,25|4|4|1|1|1|1|1|1|1,10,0,-1,a0,
10,25|4|3|2|1|1|1|1|1|1,10,0,-1,a0,
10,25|4|2|2|2|1|1|1|1|1,10,0,-1,a0,
10,25|3|3|3|1|1|1|1|1|1,10,0,-1,a0,
10,25|3|3|2|2|1|1|1|1|1,10,0,-1,a0,
10,25|3|2|2|2|2|1|1|1|1,10,0,-1,a0,
10,25|2|2|2|2|2|2|1|1|1,10,0,-1,a0,
10,24|8|1|1|1|1|1|1|1|1,10,0,-1,a0,
10,24|7|2|1|1|1|1|1|1|1,10,0,-1,a0,
10,24|6|3|1|1|1|1|1|1|1,10,0,-1,a0,
10,24|6|2|2|1|1|1|1|1|1,10,0,-1,a0,
10,24|5|4|1|1|1|1|1|1|1,10,0,-1,a0,
10,24|5|3|2|1|1|1|1|1|1,10,0,-1,a0,
10,24|5|2|2|2|1|1|1|1|1,10,0,-1,a0,
10,24|4|4|2|1|1|1|1|1|1,10,0,-1,a0,
10,24|4|3|3|1|1|1|1|1|1,10,0,-1,a0,
10,24|4|3|2|2|1|1|1|1|1,10,0,-1,a0,
10,24|4|2|2|2|2|1|1|1|1,10,0,-1,a0,
10,24|3|3|3|2|1|1|1|1|1,10,0,-1,a0,
10,24|3|3|2|2|2|1|1|1|1,10,0,-1,a0,
10,24|3|2|2|2|2|2|1|1|1,10,0,-1,a0,
10,24|2|2|2|2|2|2|2|1|1,10,0,-1,a0,
10,23|9|1|1|1|1|1|1|1|1,10,0,-1,a0,
10,23|8|2|1|1|1|1|1|1|1,10,0,-1,a0,
10,23|7|3|1|1|1|1|1|1|1,10,0,-1,a0,
10,23|7|2|2|1|1|1|1|1|1,10,0,-1,a0,
10,23|6|4|1|1|1|1|1|1|1,10,0,-1,a0,
10,23|6|3|2|1|1|1|1|1|1,10,0,-1,a0,
10,23|6|2|2|2|1|1|1|1|1,10,0,-1,a0,
10,23|5|5|1|1|1|1|1|1|1,10,0,-1,a0,
10,23|5|4|2|1|1|1|1|1|1,10,0,-1,a0,
10,23|5|3|3|1|1|1|1|1|1,10,0,-1,a0,
10,23|5|3|2|2|1|1|1|1|1,10,0,-1,a0,
10,23|5|2|2|2|2|1|1|1|1,10,0,-1,a0,
10,23|4|4|3|1|1|1|1|1|1,10,0,-1,a0,
10,23|4|4|2|2|1|1|1|1|1,10,0,-1,a0,
10,23|4|3|3|2|1|1|1|1|1,10,0,-1,a0,
10,23|4|3|2|2|2|1|1|1|1,10,0,-1,a0,
10,23|4|2|2|2|2|2|1|1|1,10,0,-1,a0,
10,23|3|3|3|3|1|1|1|1|1,10,0,-1,a0,
10,23|3|3|3|2|2|1|1|1|1,10,0,-1,a0,
10,23|3|3|2|2|2|2|1|1|1,10,0,-1,a0,
10,23|3|2|2|2|2|2|2|1|1,10,0,-1,a0,
10,23|2|2|2|2|2|2|2|2|1,10,0,-1,a0,
10,22|10|1|1|1|1|1|1|1|1,10,0,-1,a0,
10,22|9|2|1|1|1|1|1|1|1,10,0,-1,a0,
10,22|8|3|1|1|1|1|1|1|1,10,0,-1,a0,
10,22|8|2|2|1|1|1|1|1|1,10,0,-1,a0,
10,22|7|4|1|1|1|1|1|1|1,10,0,-1,a0,
10,22|7|3|2|1|1|1|1|1|1,10,0,-1,a0,
10,22|7|2|2|2|1|1|1|1|1,10,0,-1,a0,
10,22|6|5|1|1|1|1|1|1|1,10,0,-1,a0,
10,22|6|4|2|1|1|1|1|1|1,10,0,-1,a0,
10,22|6|3|3|1|1|1|1|1|1,10,0,-1,a0,
10,22|6|3|2|2|1|1|1|1|1,10,0,-1,a0,
10,22|6|2|2|2|2|1|1|1|1,10,0,-1,a0,
10,22|5|5|2|1|1|1|1|1|1,10,0,-1,a0,
10,22|5|4|3|1|1|1|1|1|1,10,0,-1,a0,
10,22|5|4|2|2|1|1|1|1|1,10,0,-1,a0,
10,22|5|3|3|2|1|1|1|1|1,10,0,-1,a0,
10,22|5|3|2|2|2|1|1|1|1,10,0,-1,a0,
10,22|5|2|2|2|2|2|1|1|1,10,0,-1,a0,
10,22|4|4|4|1|1|1|1|1|1,10,0,-1,a0,
10,22|4|4|3|2|1|1|1|1|1,10,0,-1,a0,
10,22|4|4|2|2|2|1|1|1|1,10,0,-1,a0,
10,22|4|3|3|3|1|1|1|1|1,10,0,-1,a0,
10,22|4|3|3|2|2|1|1|1|1,10,0,-1,a0,
10,22|4|3|2|2|2|2|1|1|1,10,0,-1,a0,
10,22|4|2|2|2|2|2|2|1|1,10,0,-1,a0,
10,22|3|3|3|3|2|1|1|1|1,10,0,-1,a0,
10,22|3|3|3|2|2|2|1|1|1,10,0,-1,a0,
10,22|3|3|2|2|2|2|2|1|1,10,0,-1,a0,
10,22|3|2|2|2|2|2|2|2|1,10,0,-1,a0,
10,22|2|2|2|2|2|2|2|2|2,10,1,18,silent,17
10,21|11|1|1|1|1|1|1|1|1,10,0,-1,a0,
10,21|10|2|1|1|1|1|1|1|1,10,0,-1,a0,
10,21|9|3|1|1|1|1|1|1|1,10,0,-1,a0,
10,21|9|2|2|1|1|1|1|1|1,10,0,-1,a0,
10,21|8|4|1|1|1|1|1|1|1,10,0,-1,a0,
10,21|8|3|2|1|1|1|1|1|1,10,0,-1,a0,
10,21|8|2|2|2|1|1|1|1|1,10,0,-1,a0,
10,21|7|5|1|1|1|1|1|1|1,10,0,-1,a0,
10,21|7|4|2|1|1|1|1|1|1,10,0,-1,a0,
10,21|7|3|3|1|1|1|1|1|1,10,0,-1,a0,
10,21|7|3|2|2|1|1|1|1|1,10,0,-1,a0,
10,21|7|2|2|2|2|1|1|1|1,10,0,-1,a0,
10,21|6|6|1|1|1|1|1|1|1,10,0,-1,a0,
10,21|6|5|2|1|1|1|1|1|1,10,0,-1,a0,
10,21|6|4|3|1|1|1|1|1|1,10,0,-1,a0,
10,21|6|4|2|2|1|1|1|1|1,10,0,-1,a0,
10,21|6|3|3|2|1|1|1|1|1,10,0,-1,a0,
10,21|6|3|2|2|2|1|1|1|1,10,0,-1,a0,
10,21|6|2|2|2|2|2|1|1|1,10,0,-1,a0,
10,21|5|5|3|1|1|1|1|1|1,10,0,-1,a0,
10,21|5|5|2|2|1|1|1|1|1,10,0,-1,a0,
10,21|5|4|4|1|1|1|1|1|1,10,0,-1,a0,
10,21|5|4|3|2|1|1|1|1|1,10,0,-1,a0,
10,21|5|4|2|2|2|1|1|1|1,10,0,-1,a0,
10,21|5|3|3|3|1|1|1|1|1,10,0,-1,a0,
10,21|5|3|3|2|2|1|1|1|1,10,0,-1,a0,
10,21|5|3|2|2|2|2|1|1|1,10,0,-1,a0,
10,21|5|2|2|2|2|2|2|1|1,10,0,-1,a0,
10,21|4|4|4|2|1|1|1|1|1,10,0,-1,a0,
10,21|4|4|3|3|1|1|1|1|1,10,0,-1,a0,
10,21|4|4|3|2|2|1|1|1|1,10,0,-1,a0,
10,21|4|4|2|2|2|2|1|1|1,10,0,-1,a0,
10,21|4|3|3|3|2|1|1|1|1,10,0,-1,a0,
10,21|4|3|3|2|2|2|1|1|1,10,0,-1,a0,
10,21|4|3|2|2|2|2|2|1|1,10,0,-1,a0,
10,21|4|2|2|2|2|2|2|2|1,10,1,317,silent,316
10,21|3|3|3|3|3|1|1|1|1,10,0,-1,a0,
10,21|3|3|3|3|2|2|1|1|1,10,0,-1,a0,
10,21|3|3|3|2|2|2|2|1|1,10,0,-1,a0,
10,21|3|3|2|2|2|2|2|2|1,10,0,-1,a0,
10,21|3|2|2|2|2|2|2|2|2,10,0,-1,a0,
10,20|12|1|1|1|1|1|1|1|1,10,0,-1,a0,
10,20|11|2|1|1|1|1|1|1|1,10,0,-1,a0,
10,20|10|3|1|1|1|1|1|1|1,10,0,-1,a0,
10,20|10|2|2|1|1|1|1|1|1,10,0,-1,a0,
10,20|9|4|1|1|1|1|1|1|1,10,0,-1,a0,
10,20|9|3|2|1|1|1|1|1|1,10,0,-1,a0,
10,20|9|2|2|2|1|1|1|1|1,10,0,-1,a0,
10,20|8|5|1|1|1|1|1|1|1,10,0,-1,a0,
10,20|8|4|2|1|1|1|1|1|1,10,0,-1,a0,
10,20|8|3|3|1|1|1|1|1|1,10,0,-1,a0,
10,20|8|3|2|2|1|1|1|1|1,10,0,-1,a0,
10,20|8|2|2|2|2|1|1|1|1,10,0,-1,a0,
10,20|7|6|1|1|1|1|1|1|1,10,0,-1,a0,
10,20|7|5|2|1|1|1|1|1|1,10,0,-1,a0,
10,20|7|4|3|1|1|1|1|1|1,10,0,-1,a0,
10,20|7|4|2|2|1|1|1|1|1,10,0,-1,a0,
10,20|7|3|3|2|1|1|1|1|1,10,0,-1,a0,
10,20|7|3|2|2|2|1|1|1|1,10,0,-1,a0,
10,20|7|2|2|2|2|2|1|1|1,10,0,-1,a0,
10,20|6|6|2|1|1|1|1|1|1,10,0,-1,a0,
10,20|6|5|3|1|1|1|1|1|1,10,0,-1,a0,
10,20|6|5|2|2|1|1|1|1|1,10,0,-1,a0,
10,20|6|4|4|1|1|1|1|1|1,10,0,-1,a0,
10,20|6|4|3|2|1|1|1|1|1,10,0,-1,a0,
10,20|6|4|2|2|2|1|1|1|1,10,0,-1,a0,
10,20|6|3|3|3|1|1|1|1|1,10,0,-1,a0,
10,20|6|3|3|2|2|1|1|1|1,10,0,-1,a0,
10,20|6|3|2|2|2|2|1|1|1,10,0,-1,a0,
10,20|6|2|2|2|2|2|2|1|1,10,0,-1,a0,
10,20|5|5|4|1|1|1|1|1|1,10,0,-1,a0,
10,20|5|5|3|2|1|1|1|1|1,10,0,-1,a0,
10,20|5|5|2|2|2|1|1|1|1,10,0,-1,a0,
10,20|5|4|4|2|1|1|1|1|1,10,0,-1,a0,
10,20|5|4|3|3|1|1|1|1|1,10,0,-1,a0,
10,20|5|4|3|2|2|1|1|1|1,10,0,-1,a0,
10,20|5|4|2|2|2|2|1|1|1,10,0,-1,a0,
10,20|5|3|3|3|2|1|1|1|1,10,0,-1,a0,
10,20|5|3|3|2|2|2|1|1|1,10,0,-1,a0,
10,20|5|3|2|2|2|2|2|1|1,10,1,6178,silent,6177
10,20|5|2|2|2|2|2|2|2|1,10,1,851,silent,850
10,20|4|4|4|3|1|1|1|1|1,10,0,-1,a0,
10,20|4|4|4|2|2|1|1|1|1,10,0,-1,a0,
10,20|4|4|3|3|2|1|1|1|1,10,0,-1,a0,
10,20|4|4|3|2|2|2|1|1|1,10,0,-1,a0,
10,20|4|4|2|2|2|2|2|1|1,10,0,-1,a0,
10,20|4|3|3|3|3|1|1|1|1,10,0,-1,a0,
10,20|4|3|3|3|2|2|1|1|1,10,0,-1,a0,
10,20|4|3|3|2|2|2|2|1|1,10,0,-1,a0,
10,20|4|3|2|2|2|2|2|2|1,10,0,-1,a0,
10,20|4|2|2|2|2|2|2|2|2,10,1,206,silent,205
10,20|3|3|3|3|3|2|1|1|1,10,0,-1,a0,
10,20|3|3|3|3|2|2|2|1|1,10,0,-1,a0,
10,20|3|3|3|2|2|2|2|2|1,10,0,-1,a0,
10,20|3|3|2|2|2|2|2|2|2,10,0,-1,a0,
10,19|13|1|1|1|1|1|1|1|1,10,0,-1,a0,
10,19|12|2|1|1|1|1|1|1|1,10,0,-1,a0,
10,19|11|3|1|1|1|1|1|1|1,10,0,-1,a0,
10,19|11|2|2|1|1|1|1|1|1,10,0,-1,a0,
10,19|10|4|1|1|1|1|1|1|1,10,0,-1,a0,
10,19|10|3|2|1|1|1|1|1|1,10,0,-1,a0,
10,19|10|2|2|2|1|1|1|1|1,10,0,-1,a0,
10,19|9|5|1|1|1|1|1|1|1,10,0,-1,a0,
10,19|9|4|2|1|1|1|1|1|1,10,0,-1,a0,
10,19|9|3|3|1|1|1|1|1|1,10,0,-1,a0,
10,19|9|3|2|2|1|1|1|1|1,10,0,-1,a0,
10,19|9|2|2|2|2|1|1|1|1,10,0,-1,a0,
10,19|8|6|1|1|1|1|1|1|1,10,0,-1,a0,
10,19|8|5|2|1|1|1|1|1|1,10,0,-1,a0,
10,19|8|4|3|1|1|1|1|1|1,10,0,-1,a0,
10,19|8|4|2|2|1|1|1|1|1,10,0,-1,a0,
10,19|8|3|3|2|1|1|1|1|1,10,0,-1,a0,
10,19|8|3|2|2|2|1|1|1|1,10,0,-1,a0,
10,19|8|2|2|2|2|2|1|1|1,10,0,-1,a0,
10,19|7|7|1|1|1|1|1|1|1,10,0,-1,a0,
10,19|7|6|2|1|1|1|1|1|1,10,0,-1,a0,
10,19|7|5|3|1|1|1|1|1|1,10,0,-1,a0,
10,19|7|5|2|2|1|1|1|1|1,10,0,-1,a0,
10,19|7|4|4|1|1|1|1|1|1,10,0,-1,a0,
10,19|7|4|3|2|1|1|1|1|1,10,0,-1,a0,
10,19|7|4|2|2|2|1|1|1|1,10,0,-1,a0,
10,19|7|3|3|3|1|1|1|1|1,10,0,-1,a0,
10,19|7|3|3|2|2|1|1|1|1,10,0,-1,a0,
10,19|7|3|2|2|2|2|1|1|1,10,0,-1,a0,
10,19|7|2|2|2|2|2|2|1|1,10,1,4287,silent,4286
10,19|6|6|3|1|1|1|1|1|1,10,0,-1,a0,
10,19|6|6|2|2|1|1|1|1|1,10,0,-1,a0,
10,19|6|5|4|1|1|1|1|1|1,10,0,-1,a0,
10,19|6|5|3|2|1|1|1|1|1,10,0,-1,a0,
10,19|6|5|2|2|2|1|1|1|1,10,0,-1,a0,
10,19|6|4|4|2|1|1|1|1|1,10,0,-1,a0,
10,19|6|4|3|3|1|1|1|1|1,10,0,-1,a0,
10,19|6|4|3|2|2|1|1|1|1,10,0,-1,a0,
10,19|6|4|2|2|2|2|1|1|1,10,0,-1,a0,
10,19|6|3|3|3|2|1|1|1|1,10,0,-1,a0,
10,19|6|3|3|2|2|2|1|1|1,10,1,41836,silent,41835
10,19|6|3|2|2|2|2|2|1|1,10,1,14717,silent,14716
10,19|6|2|2|2|2|2|2|2|1,10,1,1864,silent,1863
10,19|5|5|5|1|1|1|1|1|1,10,0,-1,a0,
10,19|5|5|4|2|1|1|1|1|1,10,0,-1,a0,
10,19|5|5|3|3|1|1|1|1|1,10,0,-1,a0,
10,19|5|5|3|2|2|1|1|1|1,10,0,-1,a0,
10,19|5|5|2|2|2|2|1|1|1,10,1,21956,silent,21955
10,19|5|4|4|3|1|1|1|1|1,10,0,-1,a0,
10,19|5|4|4|2|2|1|1|1|1,10,0,-1,a0,
10,19|5|4|3|3|2|1|1|1|1,10,0,-1,a0,
10,19|5|4|3|2|2|2|1|1|1,10,0,-1,a0,
10,19|5|4|2|2|2|2|2|1|1,10,1,16593,silent,16592
10,19|5|3|3|3|3|1|1|1|1,10,0,-1,a0,
10,19|5|3|3|3|2|2|1|1|1,10,0,-1,a0,
10,19|5|3|3|2|2|2|2|1|1,10,0,-1,a0,
10,19|5|3|2|2|2|2|2|2|1,10,1,4822,silent,4821
10,19|5|2|2|2|2|2|2|2|2,10,0,-1,a0,
10,19|4|4|4|4|1|1|1|1|1,10,0,-1,a0,
10,19|4|4|4|3|2|1|1|1|1,10,0,-1,a0,
10,19|4|4|4|2|2|2|1|1|1,10,0,-1,a0,
10,19|4|4|3|3|3|1|1|1|1,10,0,-1,a0,
10,19|4|4|3|3|2|2|1|1|1,10,0,-1,a0,
10,19|4|4|3|2|2|2|2|1|1,10,0,-1,a0,
10,19|4|4|2|2|2|2|2|2|1,10,1,3057,silent,3056
10,19|4|3|3|3|3|2|1|1|1,10,0,-1,a0,
10,19|4|3|3|3|2|2|2|1|1,10,0,-1,a0,
10,19|4|3|3|2|2|2|2|2|1,10,0,-1,a0,
10,19|4|3|2|2|2|2|2|2|2,10,0,-1,a0,
10,19|3|3|3|3|3|3|1|1|1,10,0,-1,a0,
10,19|3|3|3|3|3|2|2|1|1,10,0,-1,a0,
10,19|3|3|3|3|2|2|2|2|1,10,0,-1,a0,
10,19|3|3|3|2|2|2|2|2|2,10,0,-1,a0,
10,18|14|1|1|1|1|1|1|1|1,10,0,-1,a0,
10,18|13|2|1|1|1|1|1|1|1,10,0,-1,a0,
10,18|12|3|1|1|1|1|1|1|1,10,0,-1,a0,
10,18|12|2|2|1|1|1|1|1|1,10,0,-1,a0,
10,18|11|4|1|1|1|1|1|1|1,10,0,-1,a0,
10,18|11|3|2|1|1|1|1|1|1,10,0,-1,a0,
10,18|11|2|2|2|1|1|1|1|1,10,0,-1,a0,
10,18|10|5|1|1|1|1|1|1|1,10,0,-1,a0,
10,18|10|4|2|1|1|1|1|1|1,10,0,-1,a0,
10,18|10|3|3|1|1|1|1|1|1,10,0,-1,a0,
10,18|10|3|2|2|1|1|1|1|1,10,0,-1,a0,
10,18|10|2|2|2|2|1|1|1|1,10,0,-1,a0,
10,18|9|6|1|1|1|1|1|1|1,10,0,-1,a0,
10,18|9|5|2|1|1|1|1|1|1,10,0,-1,a0,
10,18|9|4|3|1|1|1|1|1|1,10,0,-1,a0,
10,18|9|4|2|2|1|1|1|1|1,10,0,-1,a0,
10,18|9|3|3|2|1|1|1|1|1,10,0,-1,a0,
10,18|9|3|2|2|2|1|1|1|1,10,0,-1,a0,
10,18|9|2|2|2|2|2|1|1|1,10,0,-1,a0,
10,18|8|7|1|1|1|1|1|1|1,10,0,-1,a0,
10,18|8|6|2|1|1|1|1|1|1,10,0,-1,a0,
10,18|8|5|3|1|1|1|1|1|1,10,0,-1,a0,
10,18|8|5|2|2|1|1|1|1|1,10,0,-1,a0,
10,18|8|4|4|1|1|1|1|1|1,10,0,-1,a0,
10,18|8|4|3|2|1|1|1|1|1,10,0,-1,a0,
10,18|8|4|2|2|2|1|1|1|1,10,0,-1,a0,
10,18|8|3|3|3|1|1|1|1|1,10,0,-1,a0,
10,18|8|3|3|2|2|1|1|1|1,10,0,-1,a0,
10,18|8|3|2|2|2|2|1|1|1,10,1,44342,silent,44341
10,18|8|2|2|2|2|2|2|1|1,10,0,-1,a0,
10,18|7|7|2|1|1|1|1|1|1,10,0,-1,a0,
10,18|7|6|3|1|1|1|1|1|1,10,0,-1,a0,
10,18|7|6|2|2|1|1|1|1|1,10,0,-1,a0,
10,18|7|5|4|1|1|1|1|1|1,10,0,-1,a0,
10,18|7|5|3|2|1|1|1|1|1,10,0,-1,a0,
10,18|7|5|2|2|2|1|1|1|1,10,0,-1,a0,
10,18|7|4|4|2|1|1|1|1|1,10,0,-1,a0,
10,18|7|4|3|3|1|1|1|1|1,10,0,-1,a0,
10,18|7|4|3|2|2|1|1|1|1,10,0,-1,a0,
10,18|7|4|2|2|2|2|1|1|1,10,1,88221,silent,88220
10,18|7|3|3|3|2|1|1|1|1,10,1,95115,silent,95114
10,18|7|3|3|2|2|2|1|1|1,10,1,84299,silent,84298
10,18|7|3|2|2|2|2|2|1|1,10,2,28847,silent,28845
10,18|7|2|2|2|2|2|2|2|1,10,1,3432,silent,3431
10,18|6|6|4|1|1|1|1|1|1,10,0,-1,a0,
10,18|6|6|3|2|1|1|1|1|1,10,0,-1,a0,
10,18|6|6|2|2|2|1|1|1|1,10,0,-1,a0,
10,18|6|5|5|1|1|1|1|1|1,10,0,-1,a0,
10,18|6|5|4|2|1|1|1|1|1,10,0,-1,a0,
10,18|6|5|3|3|1|1|1|1|1,10,0,-1,a0,
10,18|6|5|3|2|2|1|1|1|1,10,1,233978,silent,233977
10,18|6|5|2|2|2|2|1|1|1,10,1,80554,silent,80553
10,18|6|4|4|3|1|1|1|1|1,10,0,-1,a0,
10,18|6|4|4|2|2|1|1|1|1,10,0,-1,a0,
10,18|6|4|3|3|2|1|1|1|1,10,0,-1,a0,
10,18|6|4|3|2|2|2|1|1|1,10,1,171430,silent,171429
10,18|6|4|2|2|2|2|2|1|1,10,1,45496,silent,45495
10,18|6|3|3|3|3|1|1|1|1,10,0,-1,a0,
10,18|6|3|3|3|2|2|1|1|1,10,0,-1,a0,
10,18|6|3|3|2|2|2|2|1|1,10,1,46738,silent,46737
10,18|6|3|2|2|2|2|2|2|1,10,1,11640,silent,11639
10,18|6|2|2|2|2|2|2|2|2,10,1,1053,silent,1052
10,18|5|5|5|2|1|1|1|1|1,10,0,-1,a0,
10,18|5|5|4|3|1|1|1|1|1,10,0,-1,a0,
10,18|5|5|4|2|2|1|1|1|1,10,0,-1,a0,
10,18|5|5|3|3|2|1|1|1|1,10,0,-1,a0,
10,18|5|5|3|2|2|2|1|1|1,10,1,96471,silent,96470
10,18|5|5|2|2|2|2|2|1|1,10,2,24270,silent,24268
10,18|5|4|4|4|1|1|1|1|1,10,0,-1,a0,
10,18|5|4|4|3|2|1|1|1|1,10,0,-1,a0,
10,18|5|4|4|2|2|2|1|1|1,10,0,-1,a0,
10,18|5|4|3|3|3|1|1|1|1,10,0,-1,a0,
10,18|5|4|3|3|2|2|1|1|1,10,0,-1,a0,
10,18|5|4|3|2|2|2|2|1|1,10,1,67340,silent,67339
10,18|5|4|2|2|2|2|2|2|1,10,1,13323,silent,13322
10,18|5|3|3|3|3|2|1|1|1,10,0,-1,a0,
10,18|5|3|3|3|2|2|2|1|1,10,0,-1,a0,
10,18|5|3|3|2|2|2|2|2|1,10,0,-1,a0,
10,18|5|3|2|2|2|2|2|2|2,10,0,-1,a0,
10,18|4|4|4|4|2|1|1|1|1,10,0,-1,a0,
10,18|4|4|4|3|3|1|1|1|1,10,0,-1,a0,
10,18|4|4|4|3|2|2|1|1|1,10,0,-1,a0,
10,18|4|4|4|2|2|2|2|1|1,10,0,-1,a0,
10,18|4|4|3|3|3|2|1|1|1,10,0,-1,a0,
10,18|4|4|3|3|2|2|2|1|1,10,0,-1,a0,
10,18|4|4|3|2|2|2|2|2|1,10,0,-1,a0,
10,18|4|4|2|2|2|2|2|2|2,10,1,1691,silent,1690
10,18|4|3|3|3|3|3|1|1|1,10,0,-1,a0,
10,18|4|3|3|3|3|2|2|1|1,10,0,-1,a0,
10,18|4|3|3|3|2|2|2|2|1,10,0,-1,a0,
10,18|4|3|3|2|2|2|2|2|2,10,0,-1,a0,
10,18|3|3|3|3|3|3|2|1|1,10,0,-1,a0,
10,18|3|3|3|3|3|2|2|2|1,10,0,-1,a0,
10,18|3|3|3|3|2|2|2|2|2,10,0,-1,a0,
10,17|15|1|1|1|1|1|1|1|1,10,0,-1,a0,
10,17|14|2|1|1|1|1|1|1|1,10,0,-1,a0,
10,17|13|3|1|1|1|1|1|1|1,10,0,-1,a0,
10,17|13|2|2|1|1|1|1|1|1,10,0,-1,a0,
10,17|12|4|1|1|1|1|1|1|1,10,0,-1,a0,
10,17|12|3|2|1|1|1|1|1|1,10,0,-1,a0,
10,17|12|2|2|2|1|1|1|1|1,10,0,-1,a0,
10,17|11|5|1|1|1|1|1|1|1,10,0,-1,a0,
10,17|11|4|2|1|1|1|1|1|1,10,0,-1,a0,
10,17|11|3|3|1|1|1|1|1|1,10,0,-1,a0,
10,17|11|3|2|2|1|1|1|1|1,10,0,-1,a0,
10,17|11|2|2|2|2|1|1|1|1,10,0,-1,a0,
10,17|10|6|1|1|1|1|1|1|1,10,0,-1,a0,
10,17|10|5|2|1|1|1|1|1|1,10,0,-1,a0,
10,17|10|4|3|1|1|1|1|1|1,10,0,-1,a0,
10,17|10|4|2|2|1|1|1|1|1,10,0,-1,a0,
10,17|10|3|3|2|1|1|1|1|1,10,0,-1,a0,
10,17|10|3|2|2|2|1|1|1|1,10,0,-1,a0,
10,17|10|2|2|2|2|2|1|1|1,10,0,-1,a0,
10,17|9|7|1|1|1|1|1|1|1,10,0,-1,a0,
10,17|9|6|2|1|1|1|1|1|1,10,0,-1,a0,
10,17|9|5|3|1|1|1|1|1|1,10,0,-1,a0,
10,17|9|5|2|2|1|1|1|1|1,10,0,-1,a0,
10,17|9|4|4|1|1|1|1|1|1,10,0,-1,a0,
10,17|9|4|3|2|1|1|1|1|1,10,0,-1,a0,
10,17|9|4|2|2|2|1|1|1|1,10,0,-1,a0,
10,17|9|3|3|3|1|1|1|1|1,10,0,-1,a0,
10,17|9|3|3|2|2|1|1|1|1,10,1,131501,silent,131500
10,17|9|3|2|2|2|2|1|1|1,10,1,61980,silent,61979
10,17|9|2|2|2|2|2|2|1|1,10,1,9376,silent,9375
10,17|8|8|1|1|1|1|1|1|1,10,0,-1,a0,
10,17|8|7|2|1|1|1|1|1|1,10,0,-1,a0,
10,17|8|6|3|1|1|1|1|1|1,10,0,-1,a0,
10,17|8|6|2|2|1|1|1|1|1,10,0,-1,a0,
10,17|8|5|4|1|1|1|1|1|1,10,0,-1,a0,
10,17|8|5|3|2|1|1|1|1|1,10,0,-1,a0,
10,17|8|5|2|2|2|1|1|1|1,10,1,229781,silent,229780
10,17|8|4|4|2|1|1|1|1|1,10,0,-1,a0,
10,17|8|4|3|3|1|1|1|1|1,10,0,-1,a0,
10,17|8|4|3|2|2|1|1|1|1,10,1,408593,silent,408592
10,17|8|4|2|2|2|2|1|1|1,10,1,149553,silent,149552
10,17|8|3|3|3|2|1|1|1|1,10,1,159731,silent,159730
10,17|8|3|3|2|2|2|1|1|1,10,2,140005,silent,140003
10,17|8|3|2|2|2|2|2|1|1,10,2,46847,silent,46845
10,17|8|2|2|2|2|2|2|2|1,10,1,5378,silent,5377
10,17|7|7|3|1|1|1|1|1|1,10,0,-1,a0,
10,17|7|7|2|2|1|1|1|1|1,10,0,-1,a0,
10,17|7|6|4|1|1|1|1|1|1,10,0,-1,a0,
10,17|7|6|3|2|1|1|1|1|1,10,0,-1,a0,
10,17|7|6|2|2|2|1|1|1|1,10,0,-1,a0,
10,17|7|5|5|1|1|1|1|1|1,10,0,-1,a0,
10,17|7|5|4|2|1|1|1|1|1,10,0,-1,a0,
10,17|7|5|3|3|1|1|1|1|1,10,1,371968,silent,371967
10,17|7|5|3|2|2|1|1|1|1,10,2,558303,silent,558301
10,17|7|5|2|2|2|2|1|1|1,10,3,188338,silent,188335
10,17|7|4|4|3|1|1|1|1|1,10,0,-1,a0,
10,17|7|4|4|2|2|1|1|1|1,10,0,-1,a0,
10,17|7|4|3|3|2|1|1|1|1,10,1,455178,silent,455177
10,17|7|4|3|2|2|2|1|1|1,10,2,366635,silent,366633
10,17|7|4|2|2|2|2|2|1|1,10,3,95417,silent,95414
10,17|7|3|3|3|3|1|1|1|1,10,0,-1,a0,
10,17|7|3|3|3|2|2|1|1|1,10,1,161640,silent,161639
10,17|7|3|3|2|2|2|2|1|1,10,1,93442,silent,93441
10,17|7|3|2|2|2|2|2|2|1,10,1,22554,silent,22553
10,17|7|2|2|2|2|2|2|2|2,10,0,-1,a0,
10,17|6|6|5|1|1|1|1|1|1,10,0,-1,a0,
10,17|6|6|4|2|1|1|1|1|1,10,1,247798,silent,247797
10,17|6|6|3|3|1|1|1|1|1,10,0,-1,a0,
10,17|6|6|3|2|2|1|1|1|1,10,1,273375,silent,273374
10,17|6|6|2|2|2|2|1|1|1,10,0,-1,a0,
10,17|6|5|5|2|1|1|1|1|1,10,0,-1,a0,
10,17|6|5|4|3|1|1|1|1|1,10,0,-1,a0,
10,17|6|5|4|2|2|1|1|1|1,10,1,468868,silent,468867
10,17|6|5|3|3|2|1|1|1|1,10,1,471694,silent,471693
10,17|6|5|3|2|2|2|1|1|1,10,3,367659,silent,367656
10,17|6|5|2|2|2|2|2|1|1,10,2,88275,silent,88273
10,17|6|4|4|4|1|1|1|1|1,10,0,-1,a0,
10,17|6|4|4|3|2|1|1|1|1,10,0,-1,a0,
10,17|6|4|4|2|2|2|1|1|1,10,0,-1,a0,
10,17|6|4|3|3|3|1|1|1|1,10,0,-1,a0,
10,17|6|4|3|3|2|2|1|1|1,10,1,365397,silent,365396
10,17|6|4|3|2|2|2|2|1|1,10,2,193362,silent,193360
10,17|6|4|2|2|2|2|2|2|1,10,2,36579,silent,36577
10,17|6|3|3|3|3|2|1|1|1,10,0,-1,a0,
10,17|6|3|3|3|2|2|2|1|1,10,0,-1,a0,
10,17|6|3|3|2|2|2|2|2|1,10,0,-1,a0,
10,17|6|3|2|2|2|2|2|2|2,10,0,-1,a0,
10,17|5|5|5|3|1|1|1|1|1,10,0,-1,a0,
10,17|5|5|5|2|2|1|1|1|1,10,1,103711,silent,103710
10,17|5|5|4|4|1|1|1|1|1,10,0,-1,a0,
10,17|5|5|4|3|2|1|1|1|1,10,0,-1,a0,
10,17|5|5|4|2|2|2|1|1|1,10,2,189008,silent,189006
10,17|5|5|3|3|3|1|1|1|1,10,0,-1,a0,
10,17|5|5|3|3|2|2|1|1|1,10,0,-1,a0,
10,17|5|5|3|2|2|2|2|1|1,10,1,110006,silent,110005
10,17|5|5|2|2|2|2|2|2|1,10,0,-1,a0,
10,17|5|4|4|4|2|1|1|1|1,10,0,-1,a0,
10,17|5|4|4|3|3|1|1|1|1,10,0,-1,a0,
10,17|5|4|4|3|2|2|1|1|1,10,0,-1,a0,
10,17|5|4|4|2|2|2|2|1|1,10,1,101025,silent,101024
10,17|5|4|3|3|3|2|1|1|1,10,0,-1,a0,
10,17|5|4|3|3|2|2|2|1|1,10,0,-1,a0,
10,17|5|4|3|2|2|2|2|2|1,10,1,54840,silent,54839
10,17|5|4|2|2|2|2|2|2|2,10,0,-1,a0,
10,17|5|3|3|3|3|3|1|1|1,10,0,-1,a0,
10,17|5|3|3|3|3|2|2|1|1,10,0,-1,a0,
10,17|5|3|3|3|2|2|2|2|1,10,0,-1,a0,
10,17|5|3|3|2|2|2|2|2|2,10,0,-1,a0,
10,17|4|4|4|4|3|1|1|1|1,10,0,-1,a0,
10,17|4|4|4|4|2|2|1|1|1,10,0,-1,a0,
10,17|4|4|4|3|3|2|1|1|1,10,0,-1,a0,
10,17|4|4|4|3|2|2|2|1|1,10,0,-1,a0,
10,17|4|4|4|2|2|2|2|2|1,10,1,15673,silent,15672
10,17|4|4|3|3|3|3|1|1|1,10,0,-1,a0,
10,17|4|4|3|3|3|2|2|1|1,10,0,-1,a0,
10,17|4|4|3|3|2|2|2|2|1,10,0,-1,a0,
10,17|4|4|3|2|2|2|2|2|2,10,0,-1,a0,
10,17|4|3|3|3|3|3|2|1|1,10,0,-1,a0,
10,17|4|3|3|3|3|2|2|2|1,10,0,-1,a0,
10,17|4|3|3|3|2|2|2|2|2,10,0,-1,a0,
10,17|3|3|3|3|3|3|3|1|1,10,0,-1,a0,
10,17|3|3|3|3|3|3|2|2|1,10,0,-1,a0,
10,17|3|3|3|3|3|2|2|2|2,10,0,-1,a0,
10,16|16|1|1|1|1|1|1|1|1,10,0,-1,a0,
10,16|15|2|1|1|1|1|1|1|1,10,0,-1,a0,
10,16|14|3|1|1|1|1|1|1|1,10,0,-1,a0,
10,16|14|2|2|1|1|1|1|1|1,10,0,-1,a0,
10,16|13|4|1|1|1|1|1|1|1,10,0,-1,a0,
10,16|13|3|2|1|1|1|1|1|1,10,0,-1,a0,
10,16|13|2|2|2|1|1|1|1|1,10,0,-1,a0,
10,16|12|5|1|1|1|1|1|1|1,10,0,-1,a0,
10,16|12|4|2|1|1|1|1|1|1,10,0,-1,a0,
10,16|12|3|3|1|1|1|1|1|1,10,0,-1,a0,
10,16|12|3|2|2|1|1|1|1|1,10,0,-1,a0,
10,16|12|2|2|2|2|1|1|1|1,10,0,-1,a0,
10,16|11|6|1|1|1|1|1|1|1,10,0,-1,a0,
10,16|11|5|2|1|1|1|1|1|1,10,0,-1,a0,
10,16|11|4|3|1|1|1|1|1|1,10,0,-1,a0,
10,16|11|4|2|2|1|1|1|1|1,10,0,-1,a0,
10,16|11|3|3|2|1|1|1|1|1,10,0,-1,a0,
10,16|11|3|2|2|2|1|1|1|1,10,0,-1,a0,
10,16|11|2|2|2|2|2|1|1|1,10,0,-1,a0,
10,16|10|7|1|1|1|1|1|1|1,10,0,-1,a0,
10,16|10|6|2|1|1|1|1|1|1,10,0,-1,a0,
10,16|10|5|3|1|1|1|1|1|1,10,0,-1,a0,
10,16|10|5|2|2|1|1|1|1|1,10,0,-1,a0,
10,16|10|4|4|1|1|1|1|1|1,10,0,-1,a0,
10,16|10|4|3|2|1|1|1|1|1,10,0,-1,a0,
10,16|10|4|2|2|2|1|1|1|1,10,1,178703,silent,178702
10,16|10|3|3|3|1|1|1|1|1,10,1,94376,silent,94375
10,16|10|3|3|2|2|1|1|1|1,10,1,156375,silent,156374
10,16|10|3|2|2|2|2|1|1|1,10,1,73145,silent,73144
10,16|10|2|2|2|2|2|2|1|1,10,0,-1,a0,
10,16|9|8|1|1|1|1|1|1|1,10,0,-1,a0,
10,16|9|7|2|1|1|1|1|1|1,10,0,-1,a0,
10,16|9|6|3|1|1|1|1|1|1,10,0,-1,a0,
10,16|9|6|2|2|1|1|1|1|1,10,0,-1,a0,
10,16|9|5|4|1|1|1|1|1|1,10,0,-1,a0,
10,16|9|5|3|2|1|1|1|1|1,10,1,640117,silent,640116
10,16|9|5|2|2|2|1|1|1|1,10,1,330581,silent,330580
10,16|9|4|4|2|1|1|1|1|1,10,0,-1,a0,
10,16|9|4|3|3|1|1|1|1|1,10,1,372696,silent,372695
10,16|9|4|3|2|2|1|1|1|1,10,2,575009,silent,575007
10,16|9|4|2|2|2|2|1|1|1,10,2,208570,silent,208568
10,16|9|3|3|3|2|1|1|1|1,10,1,221822,silent,221821
10,16|9|3|3|2|2|2|1|1|1,10,3,192883,silent,192880
10,16|9|3|2|2|2|2|2|1|1,10,2,63774,silent,63772
10,16|9|2|2|2|2|2|2|2|1,10,1,7109,silent,7108
10,16|8|8|2|1|1|1|1|1|1,10,0,-1,a0,
10,16|8|7|3|1|1|1|1|1|1,10,0,-1,a0,
10,16|8|7|2|2|1|1|1|1|1,10,0,-1,a0,
10,16|8|6|4|1|1|1|1|1|1,10,0,-1,a0,
10,16|8|6|3|2|1|1|1|1|1,10,1,726080,silent,726079
10,16|8|6|2|2|2|1|1|1|1,10,2,362313,silent,362311
10,16|8|5|5|1|1|1|1|1|1,10,0,-1,a0,
10,16|8|5|4|2|1|1|1|1|1,10,1,853837,silent,853836
10,16|8|5|3|3|1|1|1|1|1,10,1,664905,silent,664904
10,16|8|5|3|2|2|1|1|1|1,10,4,992617,silent,992613
10,16|8|5|2|2|2|2|1|1|1,10,4,330433,silent,330429
10,16|8|4|4|3|1|1|1|1|1,10,0,-1,a0,
10,16|8|4|4|2|2|1|1|1|1,10,1,635363,silent,635362
10,16|8|4|3|3|2|1|1|1|1,10,2,772839,silent,772837
10,16|8|4|3|2|2|2|1|1|1,10,4,617423,silent,617419
10,16|8|4|2|2|2|2|2|1|1,10,2,157751,silent,157749
10,16|8|3|3|3|3|1|1|1|1,10,1,147681,silent,147680
10,16|8|3|3|3|2|2|1|1|1,10,1,265914,silent,265913
10,16|8|3|3|2|2|2|2|1|1,10,2,151984,silent,151982
10,16|8|3|2|2|2|2|2|2|1,10,1,35870,silent,35869
10,16|8|2|2|2|2|2|2|2|2,10,1,2778,silent,2777
10,16|7|7|4|1|1|1|1|1|1,10,0,-1,a0,
10,16|7|7|3|2|1|1|1|1|1,10,0,-1,a0,
10,16|7|7|2|2|2|1|1|1|1,10,0,-1,a0,
10,16|7|6|5|1|1|1|1|1|1,10,0,-1,a0,
10,16|7|6|4|2|1|1|1|1|1,10,1,782777,silent,782776
10,16|7|6|3|3|1|1|1|1|1,10,2,571266,silent,571264
10,16|7|6|3|2|2|1|1|1|1,10,3,841172,silent,841169
10,16|7|6|2|2|2|2|1|1|1,10,2,269940,silent,269938
10,16|7|5|5|2|1|1|1|1|1,10,1,468463,silent,468462
10,16|7|5|4|3|1|1|1|1|1,10,1,941688,silent,941687
10,16|7|5|4|2|2|1|1|1|1,10,3,1131168,silent,1131165
10,16|7|5|3|3|2|1|1|1|1,10,4,1117711,silent,1117707
10,16|7|5|3|2|2|2|1|1|1,10,6,861294,silent,861288
10,16|7|5|2|2|2|2|2|1|1,10,4,202802,silent,202798
10,16|7|4|4|4|1|1|1|1|1,10,0,-1,a0,
10,16|7|4|4|3|2|1|1|1|1,10,0,-1,a0,
10,16|7|4|4|2|2|2|1|1|1,10,2,581883,silent,581881
10,16|7|4|3|3|3|1|1|1|1,10,1,445951,silent,445950
10,16|7|4|3|3|2|2|1|1|1,10,2,778820,silent,778818
10,16|7|4|3|2|2|2|2|1|1,10,3,406488,silent,406485
10,16|7|4|2|2|2|2|2|2|1,10,2,74658,silent,74656
10,16|7|3|3|3|3|2|1|1|1,10,0,-1,a0,
10,16|7|3|3|3|2|2|2|1|1,10,0,-1,a0,
10,16|7|3|3|2|2|2|2|2|1,10,0,-1,a0,
10,16|7|3|2|2|2|2|2|2|2,10,0,-1,a0,
10,16|6|6|6|1|1|1|1|1|1,10,1,39529,silent,39528
10,16|6|6|5|2|1|1|1|1|1,10,1,308106,silent,308105
10,16|6|6|4|3|1|1|1|1|1,10,1,504552,silent,504551
10,16|6|6|4|2|2|1|1|1|1,10,2,600510,silent,600508
10,16|6|6|3|3|2|1|1|1|1,10,1,558720,silent,558719
10,16|6|6|3|2|2|2|1|1|1,10,2,424601,silent,424599
10,16|6|6|2|2|2|2|2|1|1,10,0,-1,a0,
10,16|6|5|5|3|1|1|1|1|1,10,1,408425,silent,408424
10,16|6|5|5|2|2|1|1|1|1,10,2,457840,silent,457838
10,16|6|5|4|4|1|1|1|1|1,10,0,-1,a0,
10,16|6|5|4|3|2|1|1|1|1,10,2,1233602,silent,1233600
10,16|6|5|4|2|2|2|1|1|1,10,3,750987,silent,750984
10,16|6|5|3|3|3|1|1|1|1,10,0,-1,a0,
10,16|6|5|3|3|2|2|1|1|1,10,2,819523,silent,819521
10,16|6|5|3|2|2|2|2|1|1,10,3,413222,silent,413219
10,16|6|5|2|2|2|2|2|2|1,10,1,69659,silent,69658
10,16|6|4|4|4|2|1|1|1|1,10,0,-1,a0,
10,16|6|4|4|3|3|1|1|1|1,10,0,-1,a0,
10,16|6|4|4|3|2|2|1|1|1,10,1,748389,silent,748388
10,16|6|4|4|2|2|2|2|1|1,10,1,304503,silent,304502
10,16|6|4|3|3|3|2|1|1|1,10,0,-1,a0,
10,16|6|4|3|3|2|2|2|1|1,10,1,434310,silent,434309
10,16|6|4|3|2|2|2|2|2|1,10,1,155598,silent,155597
10,16|6|4|2|2|2|2|2|2|2,10,1,18467,silent,18466
10,16|6|3|3|3|3|3|1|1|1,10,0,-1,a0,
10,16|6|3|3|3|3|2|2|1|1,10,0,-1,a0,
10,16|6|3|3|3|2|2|2|2|1,10,0,-1,a0,
10,16|6|3|3|2|2|2|2|2|2,10,0,-1,a0,
10,16|5|5|5|4|1|1|1|1|1,10,0,-1,a0,
10,16|5|5|5|3|2|1|1|1|1,10,1,300424,silent,300423
10,16|5|5|5|2|2|2|1|1|1,10,2,170381,silent,170379
10,16|5|5|4|4|2|1|1|1|1,10,0,-1,a0,
10,16|5|5|4|3|3|1|1|1|1,10,0,-1,a0,
10,16|5|5|4|3|2|2|1|1|1,10,1,548569,silent,548568
10,16|5|5|4|2|2|2|2|1|1,10,2,218143,silent,218141
10,16|5|5|3|3|3|2|1|1|1,10,0,-1,a0,
10,16|5|5|3|3|2|2|2|1|1,10,0,-1,a0,
10,16|5|5|3|2|2|2|2|2|1,10,0,-1,a0,
10,16|5|5|2|2|2|2|2|2|2,10,0,-1,a0,
10,16|5|4|4|4|3|1|1|1|1,10,0,-1,a0,
10,16|5|4|4|4|2|2|1|1|1,10,0,-1,a0,
10,16|5|4|4|3|3|2|1|1|1,10,0,-1,a0,
10,16|5|4|4|3|2|2|2|1|1,10,1,295999,silent,295998
10,16|5|4|4|2|2|2|2|2|1,10,1,83325,silent,83324
10,16|5|4|3|3|3|3|1|1|1,10,0,-1,a0,
10,16|5|4|3|3|3|2|2|1|1,10,0,-1,a0,
10,16|5|4|3|3|2|2|2|2|1,10,0,-1,a0,
10,16|5|4|3|2|2|2|2|2|2,10,0,-1,a0,
10,16|5|3|3|3|3|3|2|1|1,10,0,-1,a0,
10,16|5|3|3|3|3|2|2|2|1,10,0,-1,a0,
10,16|5|3|3|3|2|2|2|2|2,10,0,-1,a0,
10,16|4|4|4|4|4|1|1|1|1,10,0,-1,a0,
10,16|4|4|4|4|3|2|1|1|1,10,0,-1,a0,
10,16|4|4|4|4|2|2|2|1|1,10,0,-1,a0,
10,16|4|4|4|3|3|3|1|1|1,10,0,-1,a0,
10,16|4|4|4|3|3|2|2|1|1,10,0,-1,a0,
10,16|4|4|4|3|2|2|2|2|1,10,0,-1,a0,
10,16|4|4|4|2|2|2|2|2|2,10,1,8423,silent,8422
10,16|4|4|3|3|3|3|2|1|1,10,0,-1,a0,
10,16|4|4|3|3|3|2|2|2|1,10,0,-1,a0,
10,16|4|4|3|3|2|2|2|2|2,10,0,-1,a0,
10,16|4|3|3|3|3|3|3|1|1,10,0,-1,a0,
10,16|4|3|3|3|3|3|2|2|1,10,0,-1,a0,
10,16|4|3|3|3|3|2|2|2|2,10,0,-1,a0,
10,16|3|3|3|3|3|3|3|2|1,10,0,-1,a0,
10,16|3|3|3|3|3|3|2|2|2,10,0,-1,a0,
10,15|15|3|1|1|1|1|1|1|1,10,0,-1,a0,
10,15|15|2|2|1|1|1|1|1|1,10,0,-1,a0,
10,15|14|4|1|1|1|1|1|1|1,10,0,-1,a0,
10,15|14|3|2|1|1|1|1|1|1,10,0,-1,a0,
10,15|14|2|2|2|1|1|1|1|1,10,0,-1,a0,
10,15|13|5|1|1|1|1|1|1|1,10,0,-1,a0,
10,15|13|4|2|1|1|1|1|1|1,10,0,-1,a0,
10,15|13|3|3|1|1|1|1|1|1,10,0,-1,a0,
10,15|13|3|2|2|1|1|1|1|1,10,0,-1,a0,
10,15|13|2|2|2|2|1|1|1|1,10,0,-1,a0,
10,15|12|6|1|1|1|1|1|1|1,10,0,-1,a0,
10,15|12|5|2|1|1|1|1|1|1,10,0,-1,a0,
10,15|12|4|3|1|1|1|1|1|1,10,0,-1,a0,
10,15|12|4|2|2|1|1|1|1|1,10,0,-1,a0,
10,15|12|3|3|2|1|1|1|1|1,10,0,-1,a0,
10,15|12|3|2|2|2|1|1|1|1,10,0,-1,a0,
10,15|12|2|2|2|2|2|1|1|1,10,0,-1,a0,
10,15|11|7|1|1|1|1|1|1|1,10,0,-1,a0,
10,15|11|6|2|1|1|1|1|1|1,10,0,-1,a0,
10,15|11|5|3|1|1|1|1|1|1,10,0,-1,a0,
10,15|11|5|2|2|1|1|1|1|1,10,0,-1,a0,
10,15|11|4|4|1|1|1|1|1|1,10,0,-1,a0,
10,15|11|4|3|2|1|1|1|1|1,10,1,312499,silent,312498
10,15|11|4|2|2|2|1|1|1|1,10,0,-1,a0,
10,15|11|3|3|3|1|1|1|1|1,10,0,-1,a0,
10,15|11|3|3|2|2|1|1|1|1,10,2,153097,silent,153095
10,15|11|3|2|2|2|2|1|1|1,10,1,71126,silent,71125
10,15|11|2|2|2|2|2|2|1|1,10,1,10555,silent,10554
10,15|10|8|1|1|1|1|1|1|1,10,0,-1,a0,
10,15|10|7|2|1|1|1|1|1|1,10,0,-1,a0,
10,15|10|6|3|1|1|1|1|1|1,10,0,-1,a0,
10,15|10|6|2|2|1|1|1|1|1,10,1,323631,silent,323630
10,15|10|5|4|1|1|1|1|1|1,10,0,-1,a0,
10,15|10|5|3|2|1|1|1|1|1,10,2,746706,silent,746704
10,15|10|5|2|2|2|1|1|1|1,10,2,384053,silent,384051
10,15|10|4|4|2|1|1|1|1|1,10,1,446406,silent,446405
10,15|10|4|3|3|1|1|1|1|1,10,1,428347,silent,428346
10,15|10|4|3|2|2|1|1|1|1,10,3,659136,silent,659133
10,15|10|4|2|2|2|2|1|1|1,10,2,237598,silent,237596
10,15|10|3|3|3|2|1|1|1|1,10,2,252165,silent,252163
10,15|10|3|3|2|2|2|1|1|1,10,2,218287,silent,218285
10,15|10|3|2|2|2|2|2|1|1,10,2,71499,silent,71497
10,15|10|2|2|2|2|2|2|2|1,10,1,7850,silent,7849
10,15|9|9|1|1|1|1|1|1|1,10,0,-1,a0,
10,15|9|8|2|1|1|1|1|1|1,10,0,-1,a0,
10,15|9|7|3|1|1|1|1|1|1,10,0,-1,a0,
10,15|9|7|2|2|1|1|1|1|1,10,0,-1,a0,
10,15|9|6|4|1|1|1|1|1|1,10,1,496075,silent,496074
10,15|9|6|3|2|1|1|1|1|1,10,3,1060965,silent,1060962
10,15|9|6|2|2|2|1|1|1|1,10,2,525246,silent,525244
10,15|9|5|5|1|1|1|1|1|1,10,0,-1,a0,
10,15|9|5|4|2|1|1|1|1|1,10,2,1197842,silent,1197840
10,15|9|5|3|3|1|1|1|1|1,10,3,926994,silent,926991
10,15|9|5|3|2|2|1|1|1|1,10,7,1379132,silent,1379125
10,15|9|5|2|2|2|2|1|1|1,10,5,455620,silent,455615
10,15|9|4|4|3|1|1|1|1|1,10,1,701324,silent,701323
10,15|9|4|4|2|2|1|1|1|1,10,1,865634,silent,865633
10,15|9|4|3|3|2|1|1|1|1,10,4,1048266,silent,1048262
10,15|9|4|3|2|2|2|1|1|1,10,5,832742,silent,832737
10,15|9|4|2|2|2|2|2|1|1,10,4,211350,silent,211346
10,15|9|3|3|3|3|1|1|1|1,10,0,-1,a0,
10,15|9|3|3|3|2|2|1|1|1,10,2,354012,silent,354010
10,15|9|3|3|2|2|2|2|1|1,10,1,200342,silent,200341
10,15|9|3|2|2|2|2|2|2|1,10,1,46709,silent,46708
10,15|9|2|2|2|2|2|2|2|2,10,0,-1,a0,
10,15|8|8|3|1|1|1|1|1|1,10,0,-1,a0,
10,15|8|8|2|2|1|1|1|1|1,10,1,139584,silent,139583
10,15|8|7|4|1|1|1|1|1|1,10,0,-1,a0,
10,15|8|7|3|2|1|1|1|1|1,10,2,817086,silent,817084
10,15|8|7|2|2|2|1|1|1|1,10,2,397664,silent,397662
10,15|8|6|5|1|1|1|1|1|1,10,1,410803,silent,410802
10,15|8|6|4|2|1|1|1|1|1,10,4,1509743,silent,1509739
10,15|8|6|3|3|1|1|1|1|1,10,2,1089922,silent,1089920
10,15|8|6|3|2|2|1|1|1|1,10,7,1597740,silent,1597733
10,15|8|6|2|2|2|2|1|1|1,10,3,507067,silent,507064
10,15|8|5|5|2|1|1|1|1|1,10,2,838610,silent,838608
10,15|8|5|4|3|1|1|1|1|1,10,3,1648382,silent,1648379
10,15|8|5|4|2|2|1|1|1|1,10,7,1971703,silent,1971696
10,15|8|5|3|3|2|1|1|1|1,10,6,1926904,silent,1926898
10,15|8|5|3|2|2|2|1|1|1,10,9,1475052,silent,1475043
10,15|8|5|2|2|2|2|2|1|1,10,4,342331,silent,342327
10,15|8|4|4|4|1|1|1|1|1,10,0,-1,a0,
10,15|8|4|4|3|2|1|1|1|1,10,2,1543317,silent,1543315
10,15|8|4|4|2|2|2|1|1|1,10,2,963492,silent,963490
10,15|8|4|3|3|3|1|1|1|1,10,1,733595,silent,733594
10,15|8|4|3|3|2|2|1|1|1,10,4,1276140,silent,1276136
10,15|8|4|3|2|2|2|2|1|1,10,4,659939,silent,659935
10,15|8|4|2|2|2|2|2|2|1,10,2,119205,silent,119203
10,15|8|3|3|3|3|2|1|1|1,10,0,-1,a0,
10,15|8|3|3|3|2|2|2|1|1,10,0,-1,a0,
10,15|8|3|3|2|2|2|2|2|1,10,0,-1,a0,
10,15|8|3|2|2|2|2|2|2|2,10,0,-1,a0,
10,15|7|7|5|1|1|1|1|1|1,10,0,-1,a0,
10,15|7|7|4|2|1|1|1|1|1,10,0,-1,a0,
10,15|7|7|3|3|1|1|1|1|1,10,2,501678,silent,501676
10,15|7|7|3|2|2|1|1|1|1,10,3,729114,silent,729111
10,15|7|7|2|2|2|2|1|1|1,10,3,228481,silent,228478
10,15|7|6|6|1|1|1|1|1|1,10,0,-1,a0,
10,15|7|6|5|2|1|1|1|1|1,10,3,989668,silent,989665
10,15|7|6|4|3|1|1|1|1|1,10,4,1557494,silent,1557490
10,15|7|6|4|2|2|1|1|1|1,10,5,1836796,silent,1836791
10,15|7|6|3|3|2|1|1|1|1,10,6,1683050,silent,1683044
10,15|7|6|3|2|2|2|1|1|1,10,6,1266354,silent,1266348
10,15|7|6|2|2|2|2|2|1|1,10,3,283186,silent,283183
10,15|7|5|5|3|1|1|1|1|1,10,3,1010420,silent,1010417
10,15|7|5|5|2|2|1|1|1|1,10,6,1126064,silent,1126058
10,15|7|5|4|4|1|1|1|1|1,10,0,-1,a0,
10,15|7|5|4|3|2|1|1|1|1,10,6,2910769,silent,2910763
10,15|7|5|4|2|2|2|1|1|1,10,8,1756075,silent,1756067
10,15|7|5|3|3|3|1|1|1|1,10,2,1099624,silent,1099622
10,15|7|5|3|3|2|2|1|1|1,10,4,1881443,silent,1881439
10,15|7|5|3|2|2|2|2|1|1,10,4,937355,silent,937351
10,15|7|5|2|2|2|2|2|2|1,10,1,154515,silent,154514
10,15|7|4|4|4|2|1|1|1|1,10,0,-1,a0,
10,15|7|4|4|3|3|1|1|1|1,10,1,986542,silent,986541
10,15|7|4|4|3|2|2|1|1|1,10,2,1595140,silent,1595138
10,15|7|4|4|2|2|2|2|1|1,10,4,643359,silent,643355
10,15|7|4|3|3|3|2|1|1|1,10,1,990370,silent,990369
10,15|7|4|3|3|2|2|2|1|1,10,1,897288,silent,897287
10,15|7|4|3|2|2|2|2|2|1,10,1,316825,silent,316824
10,15|7|4|2|2|2|2|2|2|2,10,0,-1,a0,
10,15|7|3|3|3|3|3|1|1|1,10,0,-1,a0,
10,15|7|3|3|3|3|2|2|1|1,10,0,-1,a0,
10,15|7|3|3|3|2|2|2|2|1,10,0,-1,a0,
10,15|7|3|3|2|2|2|2|2|2,10,0,-1,a0,
10,15|6|6|6|2|1|1|1|1|1,10,2,195326,silent,195324
10,15|6|6|5|3|1|1|1|1|1,10,2,679057,silent,679055
10,15|6|6|5|2|2|1|1|1|1,10,2,748769,silent,748767
10,15|6|6|4|4|1|1|1|1|1,10,2,480229,silent,480227
10,15|6|6|4|3|2|1|1|1|1,10,3,1578591,silent,1578588
10,15|6|6|4|2|2|2|1|1|1,10,1,938070,silent,938069
10,15|6|6|3|3|3|1|1|1|1,10,1,558326,silent,558325
10,15|6|6|3|3|2|2|1|1|1,10,3,950876,silent,950873
10,15|6|6|3|2|2|2|2|1|1,10,2,465511,silent,465509
10,15|6|6|2|2|2|2|2|2|1,10,1,74603,silent,74602
10,15|6|5|5|4|1|1|1|1|1,10,1,485708,silent,485707
10,15|6|5|5|3|2|1|1|1|1,10,4,1307416,silent,1307412
10,15|6|5|5|2|2|2|1|1|1,10,4,730306,silent,730302
10,15|6|5|4|4|2|1|1|1|1,10,1,1247332,silent,1247331
10,15|6|5|4|3|3|1|1|1|1,10,1,1354645,silent,1354644
10,15|6|5|4|3|2|2|1|1|1,10,4,2160363,silent,2160359
10,15|6|5|4|2|2|2|2|1|1,10,3,841882,silent,841879
10,15|6|5|3|3|3|2|1|1|1,10,0,-1,a0,
10,15|6|5|3|3|2|2|2|1|1,10,1,957257,silent,957256
10,15|6|5|3|2|2|2|2|2|1,10,1,325623,silent,325622
10,15|6|5|2|2|2|2|2|2|2,10,0,-1,a0,
10,15|6|4|4|4|3|1|1|1|1,10,0,-1,a0,
10,15|6|4|4|4|2|2|1|1|1,10,0,-1,a0,
10,15|6|4|4|3|3|2|1|1|1,10,1,1064068,silent,1064067
10,15|6|4|4|3|2|2|2|1|1,10,2,888223,silent,888221
10,15|6|4|4|2|2|2|2|2|1,10,2,244794,silent,244792
10,15|6|4|3|3|3|3|1|1|1,10,0,-1,a0,
10,15|6|4|3|3|3|2|2|1|1,10,0,-1,a0,
10,15|6|4|3|3|2|2|2|2|1,10,0,-1,a0,
10,15|6|4|3|2|2|2|2|2|2,10,0,-1,a0,
10,15|6|3|3|3|3|3|2|1|1,10,0,-1,a0,
10,15|6|3|3|3|3|2|2|2|1,10,0,-1,a0,
10,15|6|3|3|3|2|2|2|2|2,10,0,-1,a0,
10,15|5|5|5|5|1|1|1|1|1,10,1,60503,silent,60502
10,15|5|5|5|4|2|1|1|1|1,10,2,390132,silent,390130
10,15|5|5|5|3|3|1|1|1|1,10,0,-1,a0,
10,15|5|5|5|3|2|2|1|1|1,10,1,537442,silent,537441
10,15|5|5|5|2|2|2|2|1|1,10,0,-1,a0,
10,15|5|5|4|4|3|1|1|1|1,10,0,-1,a0,
10,15|5|5|4|4|2|2|1|1|1,10,2,575018,silent,575016
10,15|5|5|4|3|3|2|1|1|1,10,0,-1,a0,
10,15|5|5|4|3|2|2|2|1|1,10,1,657717,silent,657716
10,15|5|5|4|2|2|2|2|2|1,10,0,-1,a0,
10,15|5|5|3|3|3|3|1|1|1,10,0,-1,a0,
10,15|5|5|3|3|3|2|2|1|1,10,0,-1,a0,
10,15|5|5|3|3|2|2|2|2|1,10,0,-1,a0,
10,15|5|5|3|2|2|2|2|2|2,10,0,-1,a0,
10,15|5|4|4|4|4|1|1|1|1,10,0,-1,a0,
10,15|5|4|4|4|3|2|1|1|1,10,0,-1,a0,
10,15|5|4|4|4|2|2|2|1|1,10,1,289370,silent,289369
10,15|5|4|4|3|3|3|1|1|1,10,0,-1,a0,
10,15|5|4|4|3|3|2|2|1|1,10,0,-1,a0,
10,15|5|4|4|3|2|2|2|2|1,10,1,247907,silent,247906
10,15|5|4|4|2|2|2|2|2|2,10,0,-1,a0,
10,15|5|4|3|3|3|3|2|1|1,10,0,-1,a0,
10,15|5|4|3|3|3|2|2|2|1,10,0,-1,a0,
10,15|5|4|3|3|2|2|2|2|2,10,0,-1,a0,
10,15|5|3|3|3|3|3|3|1|1,10,0,-1,a0,
10,15|5|3|3|3|3|3|2|2|1,10,0,-1,a0,
10,15|5|3|3|3|3|2|2|2|2,10,0,-1,a0,
10,15|4|4|4|4|4|2|1|1|1,10,0,-1,a0,
10,15|4|4|4|4|3|3|1|1|1,10,0,-1,a0,
10,15|4|4|4|4|3|2|2|1|1,10,0,-1,a0,
10,15|4|4|4|4|2|2|2|2|1,10,1,43637,silent,43636
10,15|4|4|4|3|3|3|2|1|1,10,0,-1,a0,
10,15|4|4|4|3|3|2|2|2|1,10,0,-1,a0,
10,15|4|4|4|3|2|2|2|2|2,10,0,-1,a0,
10,15|4|4|3|3|3|3|3|1|1,10,0,-1,a0,
10,15|4|4|3|3|3|3|2|2|1,10,0,-1,a0,
10,15|4|4|3|3|3|2|2|2|2,10,0,-1,a0,
10,15|4|3|3|3|3|3|3|2|1,10,0,-1,a0,
10,15|4|3|3|3|3|3|2|2|2,10,0,-1,a0,
10,15|3|3|3|3|3|3|3|3|1,10,0,-1,a0,
10,15|3|3|3|3|3|3|3|2|2,10,0,-1,a0,
10,14|14|5|1|1|1|1|1|1|1,10,0,-1,a0,
10,14|14|4|2|1|1|1|1|1|1,10,0,-1,a0,
10,14|14|3|3|1|1|1|1|1|1,10,0,-1,a0,
10,14|14|3|2|2|1|1|1|1|1,10,0,-1,a0,
10,14|14|2|2|2|2|1|1|1|1,10,0,-1,a0,
10,14|13|6|1|1|1|1|1|1|1,10,0,-1,a0,
10,14|13|5|2|1|1|1|1|1|1,10,0,-1,a0,
10,14|13|4|3|1|1|1|1|1|1,10,0,-1,a0,
10,14|13|4|2|2|1|1|1|1|1,10,0,-1,a0,
10,14|13|3|3|2|1|1|1|1|1,10,0,-1,a0,
10,14|13|3|2|2|2|1|1|1|1,10,0,-1,a0,
10,14|13|2|2|2|2|2|1|1|1,10,0,-1,a0,
10,14|12|7|1|1|1|1|1|1|1,10,0,-1,a0,
10,14|12|6|2|1|1|1|1|1|1,10,0,-1,a0,
10,14|12|5|3|1|1|1|1|1|1,10,0,-1,a0,
10,14|12|5|2|2|1|1|1|1|1,10,0,-1,a0,
10,14|12|4|4|1|1|1|1|1|1,10,0,-1,a0,
10,14|12|4|3|2|1|1|1|1|1,10,1,231653,silent,231652
10,14|12|4|2|2|2|1|1|1|1,10,1,129765,silent,129764
10,14|12|3|3|3|1|1|1|1|1,10,1,68350,silent,68349
10,14|12|3|3|2|2|1|1|1|1,10,0,-1,a0,
10,14|12|3|2|2|2|2|1|1|1,10,1,52345,silent,52344
10,14|12|2|2|2|2|2|2|1|1,10,0,-1,a0,
10,14|11|8|1|1|1|1|1|1|1,10,0,-1,a0,
10,14|11|7|2|1|1|1|1|1|1,10,0,-1,a0,
10,14|11|6|3|1|1|1|1|1|1,10,1,294274,silent,294273
10,14|11|6|2|2|1|1|1|1|1,10,1,297041,silent,297040
10,14|11|5|4|1|1|1|1|1|1,10,1,292499,silent,292498
10,14|11|5|3|2|1|1|1|1|1,10,2,676297,silent,676295
10,14|11|5|2|2|2|1|1|1|1,10,2,346755,silent,346753
10,14|11|4|4|2|1|1|1|1|1,10,1,401754,silent,401753
10,14|11|4|3|3|1|1|1|1|1,10,2,384750,silent,384748
10,14|11|4|3|2|2|1|1|1|1,10,3,590880,silent,590877
10,14|11|4|2|2|2|2|1|1|1,10,2,212350,silent,212348
10,14|11|3|3|3|2|1|1|1|1,10,2,225088,silent,225086
10,14|11|3|3|2|2|2|1|1|1,10,2,194264,silent,194262
10,14|11|3|2|2|2|2|2|1|1,10,1,63390,silent,63389
10,14|11|2|2|2|2|2|2|2|1,10,1,6885,silent,6884
10,14|10|9|1|1|1|1|1|1|1,10,0,-1,a0,
10,14|10|8|2|1|1|1|1|1|1,10,0,-1,a0,
10,14|10|7|3|1|1|1|1|1|1,10,1,381814,silent,381813
10,14|10|7|2|2|1|1|1|1|1,10,1,378667,silent,378666
10,14|10|6|4|1|1|1|1|1|1,10,1,554573,silent,554572
10,14|10|6|3|2|1|1|1|1|1,10,5,1181212,silent,1181207
10,14|10|6|2|2|2|1|1|1|1,10,4,583197,silent,583193
10,14|10|5|5|1|1|1|1|1|1,10,1,282125,silent,282124
10,14|10|5|4|2|1|1|1|1|1,10,4,1305330,silent,1305326
10,14|10|5|3|3|1|1|1|1|1,10,4,1006181,silent,1006177
10,14|10|5|3|2|2|1|1|1|1,10,8,1493560,silent,1493552
10,14|10|5|2|2|2|2|1|1|1,10,4,491059,silent,491055
10,14|10|4|4|3|1|1|1|1|1,10,1,753140,silent,753139
10,14|10|4|4|2|2|1|1|1|1,10,4,929121,silent,929117
10,14|10|4|3|3|2|1|1|1|1,10,4,1119387,silent,1119383
10,14|10|4|3|2|2|2|1|1|1,10,5,886754,silent,886749
10,14|10|4|2|2|2|2|2|1|1,10,2,223194,silent,223192
10,14|10|3|3|3|3|1|1|1|1,10,1,208969,silent,208968
10,14|10|3|3|3|2|2|1|1|1,10,1,374148,silent,374147
10,14|10|3|3|2|2|2|2|1|1,10,2,211098,silent,211096
10,14|10|3|2|2|2|2|2|2|1,10,1,48737,silent,48736
10,14|10|2|2|2|2|2|2|2|2,10,1,3554,silent,3553
10,14|9|9|2|1|1|1|1|1|1,10,0,-1,a0,
10,14|9|8|3|1|1|1|1|1|1,10,1,279890,silent,279889
10,14|9|8|2|2|1|1|1|1|1,10,1,275449,silent,275448
10,14|9|7|4|1|1|1|1|1|1,10,1,605188,silent,605187
10,14|9|7|3|2|1|1|1|1|1,10,4,1241395,silent,1241391
10,14|9|7|2|2|2|1|1|1|1,10,3,600342,silent,600339
10,14|9|6|5|1|1|1|1|1|1,10,2,577890,silent,577888
10,14|9|6|4|2|1|1|1|1|1,10,7,2091995,silent,2091988
10,14|9|6|3|3|1|1|1|1|1,10,6,1501879,silent,1501873
10,14|9|6|3|2|2|1|1|1|1,10,10,2193800,silent,2193790
10,14|9|6|2|2|2|2|1|1|1,10,5,692151,silent,692146
10,14|9|5|5|2|1|1|1|1|1,10,4,1123874,silent,1123870
10,14|9|5|4|3|1|1|1|1|1,10,6,2181234,silent,2181228
10,14|9|5|4|2|2|1|1|1|1,10,9,2601029,silent,2601020
10,14|9|5|3|3|2|1|1|1|1,10,9,2527455,silent,2527446
10,14|9|5|3|2|2|2|1|1|1,10,11,1926562,silent,1926551
10,14|9|5|2|2|2|2|2|1|1,10,5,444012,silent,444007
10,14|9|4|4|4|1|1|1|1|1,10,0,-1,a0,
10,14|9|4|4|3|2|1|1|1|1,10,4,1988397,silent,1988393
10,14|9|4|4|2|2|2|1|1|1,10,4,1236883,silent,1236879
10,14|9|4|3|3|3|1|1|1|1,10,2,938564,silent,938562
10,14|9|4|3|3|2|2|1|1|1,10,4,1627856,silent,1627852
10,14|9|4|3|2|2|2|2|1|1,10,4,837475,silent,837471
10,14|9|4|2|2|2|2|2|2|1,10,2,149636,silent,149634
10,14|9|3|3|3|3|2|1|1|1,10,0,-1,a0,
10,14|9|3|3|3|2|2|2|1|1,10,0,-1,a0,
10,14|9|3|3|2|2|2|2|2|1,10,0,-1,a0,
10,14|9|3|2|2|2|2|2|2|2,10,0,-1,a0,
10,14|8|8|4|1|1|1|1|1|1,10,1,267812,silent,267811
10,14|8|8|3|2|1|1|1|1|1,10,2,543111,silent,543109
10,14|8|8|2|2|2|1|1|1|1,10,3,261400,silent,261397
10,14|8|7|5|1|1|1|1|1|1,10,1,508186,silent,508185
10,14|8|7|4|2|1|1|1|1|1,10,5,1699477,silent,1699472
10,14|8|7|3|3|1|1|1|1|1,10,4,1186842,silent,1186838
10,14|8|7|3|2|2|1|1|1|1,10,7,1719427,silent,1719420
10,14|8|7|2|2|2|2|1|1|1,10,4,532662,silent,532658
10,14|8|6|6|1|1|1|1|1|1,10,1,276426,silent,276425
10,14|8|6|5|2|1|1|1|1|1,10,7,1857388,silent,1857381
10,14|8|6|4|3|1|1|1|1|1,10,7,2859434,silent,2859427
10,14|8|6|4|2|2|1|1|1|1,10,13,3360073,silent,3360060
10,14|8|6|3|3|2|1|1|1|1,10,9,3045716,silent,3045707
10,14|8|6|3|2|2|2|1|1|1,10,10,2278862,silent,2278852
10,14|8|6|2|2|2|2|2|1|1,10,2,503124,silent,503122
10,14|8|5|5|3|1|1|1|1|1,10,6,1722797,silent,1722791
10,14|8|5|5|2|2|1|1|1|1,10,8,1911192,silent,1911184
10,14|8|5|4|4|1|1|1|1|1,10,3,1439964,silent,1439961
10,14|8|5|4|3|2|1|1|1|1,10,11,4836544,silent,4836533
10,14|8|5|4|2|2|2|1|1|1,10,11,2901138,silent,2901127
10,14|8|5|3|3|3|1|1|1|1,10,3,1804679,silent,1804676
10,14|8|5|3|3|2|2|1|1|1,10,7,3078102,silent,3078095
10,14|8|5|3|2|2|2|2|1|1,10,6,1522191,silent,1522185
10,14|8|5|2|2|2|2|2|2|1,10,2,247779,silent,247777
10,14|8|4|4|4|2|1|1|1|1,10,1,1361211,silent,1361210
10,14|8|4|4|3|3|1|1|1|1,10,1,1564784,silent,1564783
10,14|8|4|4|3|2|2|1|1|1,10,5,2523664,silent,2523659
10,14|8|4|4|2|2|2|2|1|1,10,2,1009631,silent,1009629
10,14|8|4|3|3|3|2|1|1|1,10,1,1547996,silent,1547995
10,14|8|4|3|3|2|2|2|1|1,10,2,1396153,silent,1396151
10,14|8|4|3|2|2|2|2|2|1,10,1,488210,silent,488209
10,14|8|4|2|2|2|2|2|2|2,10,1,54654,silent,54653
10,14|8|3|3|3|3|3|1|1|1,10,0,-1,a0,
10,14|8|3|3|3|3|2|2|1|1,10,0,-1,a0,
10,14|8|3|3|3|2|2|2|2|1,10,0,-1,a0,
10,14|8|3|3|2|2|2|2|2|2,10,0,-1,a0,
10,14|7|7|6|1|1|1|1|1|1,10,0,-1,a0,
10,14|7|7|5|2|1|1|1|1|1,10,2,948673,silent,948671
10,14|7|7|4|3|1|1|1|1|1,10,3,1370528,silent,1370525
10,14|7|7|4|2|2|1|1|1|1,10,5,1597491,silent,1597486
10,14|7|7|3|3|2|1|1|1|1,10,6,1416959,silent,1416953
10,14|7|7|3|2|2|2|1|1|1,10,5,1051640,silent,1051635
10,14|7|7|2|2|2|2|2|1|1,10,3,229708,silent,229705
10,14|7|6|6|2|1|1|1|1|1,10,2,660575,silent,660573
10,14|7|6|5|3|1|1|1|1|1,10,7,2097845,silent,2097838
10,14|7|6|5|2|2|1|1|1|1,10,8,2296356,silent,2296348
10,14|7|6|4|4|1|1|1|1|1,10,2,1431673,silent,1431671
10,14|7|6|4|3|2|1|1|1|1,10,11,4652884,silent,4652873
10,14|7|6|4|2|2|2|1|1|1,10,8,2743891,silent,2743883
10,14|7|6|3|3|3|1|1|1|1,10,3,1612627,silent,1612624
10,14|7|6|3|3|2|2|1|1|1,10,6,2729976,silent,2729970
10,14|7|6|3|2|2|2|2|1|1,10,4,1324717,silent,1324713
10,14|7|6|2|2|2|2|2|2|1,10,1,207730,silent,207729
10,14|7|5|5|4|1|1|1|1|1,10,4,1163588,silent,1163584
10,14|7|5|5|3|2|1|1|1|1,10,10,3092111,silent,3092101
10,14|7|5|5|2|2|2|1|1|1,10,7,1712252,silent,1712245
10,14|7|5|4|4|2|1|1|1|1,10,4,2850928,silent,2850924
10,14|7|5|4|3|3|1|1|1|1,10,4,3067002,silent,3066998
10,14|7|5|4|3|2|2|1|1|1,10,9,4868486,silent,4868477
10,14|7|5|4|2|2|2|2|1|1,10,6,1879077,silent,1879071
10,14|7|5|3|3|3|2|1|1|1,10,1,2370378,silent,2370377
10,14|7|5|3|3|2|2|2|1|1,10,1,2097782,silent,2097781
10,14|7|5|3|2|2|2|2|2|1,10,1,705098,silent,705097
10,14|7|5|2|2|2|2|2|2|2,10,0,-1,a0,
10,14|7|4|4|4|3|1|1|1|1,10,0,-1,a0,
10,14|7|4|4|4|2|2|1|1|1,10,2,1496758,silent,1496756
10,14|7|4|4|3|3|2|1|1|1,10,2,2179919,silent,2179917
10,14|7|4|4|3|2|2|2|1|1,10,3,1809028,silent,1809025
10,14|7|4|4|2|2|2|2|2|1,10,2,491978,silent,491976
10,14|7|4|3|3|3|3|1|1|1,10,0,-1,a0,
10,14|7|4|3|3|3|2|2|1|1,10,0,-1,a0,
10,14|7|4|3|3|2|2|2|2|1,10,0,-1,a0,
10,14|7|4|3|2|2|2|2|2|2,10,0,-1,a0,
10,14|7|3|3|3|3|3|2|1|1,10,0,-1,a0,
10,14|7|3|3|3|3|2|2|2|1,10,0,-1,a0,
10,14|7|3|3|3|2|2|2|2|2,10,0,-1,a0,
10,14|6|6|6|3|1|1|1|1|1,10,2,433930,silent,433928
10,14|6|6|6|2|2|1|1|1|1,10,1,463226,silent,463225
10,14|6|6|5|4|1|1|1|1|1,10,3,814912,silent,814909
10,14|6|6|5|3|2|1|1|1|1,10,5,2104069,silent,2104064
10,14|6|6|5|2|2|2|1|1|1,10,2,1148010,silent,1148008
10,14|6|6|4|4|2|1|1|1|1,10,3,1611634,silent,1611631
10,14|6|6|4|3|3|1|1|1|1,10,2,1689601,silent,1689599
10,14|6|6|4|3|2|2|1|1|1,10,4,2667131,silent,2667127
10,14|6|6|4|2|2|2|2|1|1,10,1,1011254,silent,1011253
10,14|6|6|3|3|3|2|1|1|1,10,1,1218086,silent,1218085
10,14|6|6|3|3|2|2|2|1|1,10,2,1070682,silent,1070680
10,14|6|6|3|2|2|2|2|2|1,10,1,354025,silent,354024
10,14|6|6|2|2|2|2|2|2|2,10,1,35348,silent,35347
10,14|6|5|5|5|1|1|1|1|1,10,1,270401,silent,270400
10,14|6|5|5|4|2|1|1|1|1,10,4,1671357,silent,1671353
10,14|6|5|5|3|3|1|1|1|1,10,2,1458169,silent,1458167
10,14|6|5|5|3|2|2|1|1|1,10,4,2246549,silent,2246545
10,14|6|5|5|2|2|2|2|1|1,10,2,799012,silent,799010
10,14|6|5|4|4|3|1|1|1|1,10,2,1744303,silent,1744301
10,14|6|5|4|4|2|2|1|1|1,10,3,2230782,silent,2230779
10,14|6|5|4|3|3|2|1|1|1,10,2,3044533,silent,3044531
10,14|6|5|4|3|2|2|2|1|1,10,3,2486091,silent,2486088
10,14|6|5|4|2|2|2|2|2|1,10,1,651052,silent,651051
10,14|6|5|3|3|3|3|1|1|1,10,0,-1,a0,
10,14|6|5|3|3|3|2|2|1|1,10,0,-1,a0,
10,14|6|5|3|3|2|2|2|2|1,10,0,-1,a0,
10,14|6|5|3|2|2|2|2|2|2,10,0,-1,a0,
10,14|6|4|4|4|4|1|1|1|1,10,0,-1,a0,
10,14|6|4|4|4|3|2|1|1|1,10,1,1313049,silent,1313048
10,14|6|4|4|4|2|2|2|1|1,10,1,858078,silent,858077
10,14|6|4|4|3|3|3|1|1|1,10,0,-1,a0,
10,14|6|4|4|3|3|2|2|1|1,10,1,1374153,silent,1374152
10,14|6|4|4|3|2|2|2|2|1,10,1,714604,silent,714603
10,14|6|4|4|2|2|2|2|2|2,10,1,118809,silent,118808
10,14|6|4|3|3|3|3|2|1|1,10,0,-1,a0,
10,14|6|4|3|3|3|2|2|2|1,10,0,-1,a0,
10,14|6|4|3|3|2|2|2|2|2,10,0,-1,a0,
10,14|6|3|3|3|3|3|3|1|1,10,0,-1,a0,
10,14|6|3|3|3|3|3|2|2|1,10,0,-1,a0,
10,14|6|3|3|3|3|2|2|2|2,10,0,-1,a0,
10,14|5|5|5|5|2|1|1|1|1,10,2,220214,silent,220212
10,14|5|5|5|4|3|1|1|1|1,10,1,573358,silent,573357
10,14|5|5|5|4|2|2|1|1|1,10,2,714379,silent,714377
10,14|5|5|5|3|3|2|1|1|1,10,0,-1,a0,
10,14|5|5|5|3|2|2|2|1|1,10,0,-1,a0,
10,14|5|5|5|2|2|2|2|2|1,10,0,-1,a0,
10,14|5|5|4|4|4|1|1|1|1,10,0,-1,a0,
10,14|5|5|4|4|3|2|1|1|1,10,1,1067963,silent,1067962
10,14|5|5|4|4|2|2|2|1|1,10,2,690991,silent,690989
10,14|5|5|4|3|3|3|1|1|1,10,0,-1,a0,
10,14|5|5|4|3|3|2|2|1|1,10,0,-1,a0,
10,14|5|5|4|3|2|2|2|2|1,10,0,-1,a0,
10,14|5|5|4|2|2|2|2|2|2,10,0,-1,a0,
10,14|5|5|3|3|3|3|2|1|1,10,0,-1,a0,
10,14|5|5|3|3|3|2|2|2|1,10,0,-1,a0,
10,14|5|5|3|3|2|2|2|2|2,10,0,-1,a0,
10,14|5|4|4|4|4|2|1|1|1,10,0,-1,a0,
10,14|5|4|4|4|3|3|1|1|1,10,0,-1,a0,
10,14|5|4|4|4|3|2|2|1|1,10,1,590476,silent,590475
10,14|5|4|4|4|2|2|2|2|1,10,1,241071,silent,241070
10,14|5|4|4|3|3|3|2|1|1,10,0,-1,a0,
10,14|5|4|4|3|3|2|2|2|1,10,0,-1,a0,
10,14|5|4|4|3|2|2|2|2|2,10,0,-1,a0,
10,14|5|4|3|3|3|3|3|1|1,10,0,-1,a0,
10,14|5|4|3|3|3|3|2|2|1,10,0,-1,a0,
10,14|5|4|3|3|3|2|2|2|2,10,0,-1,a0,
10,14|5|3|3|3|3|3|3|2|1,10,0,-1,a0,
10,14|5|3|3|3|3|3|2|2|2,10,0,-1,a0,
10,14|4|4|4|4|4|3|1|1|1,10,0,-1,a0,
10,14|4|4|4|4|4|2|2|1|1,10,0,-1,a0,
10,14|4|4|4|4|3|3|2|1|1,10,0,-1,a0,
10,14|4|4|4|4|3|2|2|2|1,10,0,-1,a0,
10,14|4|4|4|4|2|2|2|2|2,10,1,22928,silent,22927
10,14|4|4|4|3|3|3|3|1|1,10,0,-1,a0,
10,14|4|4|4|3|3|3|2|2|1,10,0,-1,a0,
10,14|4|4|4|3|3|2|2|2|2,10,0,-1,a0,
10,14|4|4|3|3|3|3|3|2|1,10,0,-1,a0,
10,14|4|4|3|3|3|3|2|2|2,10,0,-1,a0,
10,14|4|3|3|3|3|3|3|3|1,10,0,-1,a0,
10,14|4|3|3|3|3|3|3|2|2,10,0,-1,a0,
10,14|3|3|3|3|3|3|3|3|2,10,0,-1,a0,
10,13|13|7|1|1|1|1|1|1|1,10,0,-1,a0,
10,13|13|6|2|1|1|1|1|1|1,10,0,-1,a0,
10,13|13|5|3|1|1|1|1|1|1,10,0,-1,a0,
10,13|13|5|2|2|1|1|1|1|1,10,0,-1,a0,
10,13|13|4|4|1|1|1|1|1|1,10,1,29355,silent,29354
10,13|13|4|3|2|1|1|1|1|1,10,0,-1,a0,
10,13|13|4|2|2|2|1|1|1|1,10,0,-1,a0,
10,13|13|3|3|3|1|1|1|1|1,10,0,-1,a0,
10,13|13|3|3|2|2|1|1|1|1,10,1,41908,silent,41907
10,13|13|3|2|2|2|2|1|1|1,10,0,-1,a0,
10,13|13|2|2|2|2|2|2|1|1,10,1,2927,silent,2926
10,13|12|8|1|1|1|1|1|1|1,10,0,-1,a0,
10,13|12|7|2|1|1|1|1|1|1,10,0,-1,a0,
10,13|12|6|3|1|1|1|1|1|1,10,1,177770,silent,177769
10,13|12|6|2|2|1|1|1|1|1,10,1,179317,silent,179316
10,13|12|5|4|1|1|1|1|1|1,10,0,-1,a0,
10,13|12|5|3|2|1|1|1|1|1,10,2,405274,silent,405272
10,13|12|5|2|2|2|1|1|1|1,10,1,207563,silent,207562
10,13|12|4|4|2|1|1|1|1|1,10,1,239983,silent,239982
10,13|12|4|3|3|1|1|1|1|1,10,1,229472,silent,229471
10,13|12|4|3|2|2|1|1|1|1,10,2,352211,silent,352209
10,13|12|4|2|2|2|2|1|1|1,10,1,126339,silent,126338
10,13|12|3|3|3|2|1|1|1|1,10,1,133791,silent,133790
10,13|12|3|3|2|2|2|1|1|1,10,1,115367,silent,115366
10,13|12|3|2|2|2|2|2|1|1,10,1,37531,silent,37530
10,13|12|2|2|2|2|2|2|2|1,10,0,-1,a0,
10,13|11|9|1|1|1|1|1|1|1,10,0,-1,a0,
10,13|11|8|2|1|1|1|1|1|1,10,1,105830,silent,105829
10,13|11|7|3|1|1|1|1|1|1,10,1,312388,silent,312387
10,13|11|7|2|2|1|1|1|1|1,10,1,309086,silent,309085
10,13|11|6|4|1|1|1|1|1|1,10,3,444568,silent,444565
10,13|11|6|3|2|1|1|1|1|1,10,5,942491,silent,942486
10,13|11|6|2|2|2|1|1|1|1,10,2,463535,silent,463533
10,13|11|5|5|1|1|1|1|1|1,10,0,-1,a0,
10,13|11|5|4|2|1|1|1|1|1,10,4,1029649,silent,1029645
10,13|11|5|3|3|1|1|1|1|1,10,4,791921,silent,791917
10,13|11|5|3|2|2|1|1|1|1,10,7,1174497,silent,1174490
10,13|11|5|2|2|2|2|1|1|1,10,4,385159,silent,385155
10,13|11|4|4|3|1|1|1|1|1,10,3,589918,silent,589915
10,13|11|4|4|2|2|1|1|1|1,10,1,725266,silent,725265
10,13|11|4|3|3|2|1|1|1|1,10,4,873799,silent,873795
10,13|11|4|3|2|2|2|1|1|1,10,4,690705,silent,690701
10,13|11|4|2|2|2|2|2|1|1,10,3,173926,silent,173923
10,13|11|3|3|3|3|1|1|1|1,10,0,-1,a0,
10,13|11|3|3|3|2|2|1|1|1,10,1,290275,silent,290274
10,13|11|3|3|2|2|2|2|1|1,10,0,-1,a0,
10,13|11|3|2|2|2|2|2|2|1,10,1,37531,silent,37530
10,13|11|2|2|2|2|2|2|2|2,10,0,-1,a0,
10,13|10|10|1|1|1|1|1|1|1,10,0,-1,a0,
10,13|10|9|2|1|1|1|1|1|1,10,0,-1,a0,
10,13|10|8|3|1|1|1|1|1|1,10,1,323861,silent,323860
10,13|10|8|2|2|1|1|1|1|1,10,3,318138,silent,318135
10,13|10|7|4|1|1|1|1|1|1,10,3,638489,silent,638486
10,13|10|7|3|2|1|1|1|1|1,10,6,1303934,silent,1303928
10,13|10|7|2|2|2|1|1|1|1,10,4,628836,silent,628832
10,13|10|6|5|1|1|1|1|1|1,10,2,586792,silent,586790
10,13|10|6|4|2|1|1|1|1|1,10,10,2106654,silent,2106644
10,13|10|6|3|3|1|1|1|1|1,10,6,1506550,silent,1506544
10,13|10|6|3|2|2|1|1|1|1,10,11,2197082,silent,2197071
10,13|10|6|2|2|2|2|1|1|1,10,4,690309,silent,690305
10,13|10|5|5|2|1|1|1|1|1,10,5,1112630,silent,1112625
10,13|10|5|4|3|1|1|1|1|1,10,7,2143478,silent,2143471
10,13|10|5|4|2|2|1|1|1|1,10,11,2552104,silent,2552093
10,13|10|5|3|3|2|1|1|1|1,10,9,2470526,silent,2470517
10,13|10|5|3|2|2|2|1|1|1,10,9,1878735,silent,1878726
10,13|10|5|2|2|2|2|2|1|1,10,4,430728,silent,430724
10,13|10|4|4|4|1|1|1|1|1,10,2,530697,silent,530695
10,13|10|4|4|3|2|1|1|1|1,10,4,1925227,silent,1925223
10,13|10|4|4|2|2|2|1|1|1,10,4,1194791,silent,1194787
10,13|10|4|3|3|3|1|1|1|1,10,2,904767,silent,904765
10,13|10|4|3|3|2|2|1|1|1,10,4,1567146,silent,1567142
10,13|10|4|3|2|2|2|2|1|1,10,3,803583,silent,803580
10,13|10|4|2|2|2|2|2|2|1,10,2,142765,silent,142763
10,13|10|3|3|3|3|2|1|1|1,10,0,-1,a0,
10,13|10|3|3|3|2|2|2|1|1,10,0,-1,a0,
10,13|10|3|3|2|2|2|2|2|1,10,0,-1,a0,
10,13|10|3|2|2|2|2|2|2|2,10,0,-1,a0,
10,13|9|9|3|1|1|1|1|1|1,10,1,140551,silent,140550
10,13|9|9|2|2|1|1|1|1|1,10,0,-1,a0,
10,13|9|8|4|1|1|1|1|1|1,10,2,491802,silent,491800
10,13|9|8|3|2|1|1|1|1|1,10,5,987022,silent,987017
10,13|9|8|2|2|2|1|1|1|1,10,2,471159,silent,471157
10,13|9|7|5|1|1|1|1|1|1,10,2,724280,silent,724278
10,13|9|7|4|2|1|1|1|1|1,10,8,2388137,silent,2388129
10,13|9|7|3|3|1|1|1|1|1,10,7,1658283,silent,1658276
10,13|9|7|3|2|2|1|1|1|1,10,12,2395279,silent,2395267
10,13|9|7|2|2|2|2|1|1|1,10,6,737909,silent,737903
10,13|9|6|6|1|1|1|1|1|1,10,3,367102,silent,367099
10,13|9|6|5|2|1|1|1|1|1,10,10,2399350,silent,2399340
10,13|9|6|4|3|1|1|1|1|1,10,13,3649651,silent,3649638
10,13|9|6|4|2|2|1|1|1|1,10,14,4274080,silent,4274066
10,13|9|6|3|3|2|1|1|1|1,10,13,3854949,silent,3854936
10,13|9|6|3|2|2|2|1|1|1,10,12,2873536,silent,2873524
10,13|9|6|2|2|2|2|2|1|1,10,5,631587,silent,631582
10,13|9|5|5|3|1|1|1|1|1,10,7,2126305,silent,2126298
10,13|9|5|5|2|2|1|1|1|1,10,12,2354523,silent,2354511
10,13|9|5|4|4|1|1|1|1|1,10,3,1759726,silent,1759723
10,13|9|5|4|3|2|1|1|1|1,10,16,5883846,silent,5883830
10,13|9|5|4|2|2|2|1|1|1,10,13,3517657,silent,3517644
10,13|9|5|3|3|3|1|1|1|1,10,3,2179671,silent,2179668
10,13|9|5|3|3|2|2|1|1|1,10,7,3710555,silent,3710548
10,13|9|5|3|2|2|2|2|1|1,10,6,1826707,silent,1826701
10,13|9|5|2|2|2|2|2|2|1,10,1,294967,silent,294966
10,13|9|4|4|4|2|1|1|1|1,10,1,1620207,silent,1620206
10,13|9|4|4|3|3|1|1|1|1,10,4,1859163,silent,1859159
10,13|9|4|4|3|2|2|1|1|1,10,5,2990343,silent,2990338
10,13|9|4|4|2|2|2|2|1|1,10,5,1193271,silent,1193266
10,13|9|4|3|3|3|2|1|1|1,10,1,1821764,silent,1821763
10,13|9|4|3|3|2|2|2|1|1,10,1,1637291,silent,1637290
10,13|9|4|3|2|2|2|2|2|1,10,1,569634,silent,569633
10,13|9|4|2|2|2|2|2|2|2,10,0,-1,a0,
10,13|9|3|3|3|3|3|1|1|1,10,0,-1,a0,
10,13|9|3|3|3|3|2|2|1|1,10,0,-1,a0,
10,13|9|3|3|3|2|2|2|2|1,10,0,-1,a0,
10,13|9|3|3|2|2|2|2|2|2,10,0,-1,a0,
10,13|8|8|5|1|1|1|1|1|1,10,2,336884,silent,336882
10,13|8|8|4|2|1|1|1|1|1,10,6,1079023,silent,1079017
10,13|8|8|3|3|1|1|1|1|1,10,1,739174,silent,739173
10,13|8|8|3|2|2|1|1|1|1,10,5,1065248,silent,1065243
10,13|8|8|2|2|2|2|1|1|1,10,1,324635,silent,324634
10,13|8|7|6|1|1|1|1|1|1,10,1,418972,silent,418971
10,13|8|7|5|2|1|1|1|1|1,10,8,2163900,silent,2163892
10,13|8|7|4|3|1|1|1|1|1,10,9,3057897,silent,3057888
10,13|8|7|4|2|2|1|1|1|1,10,13,3553445,silent,3553432
10,13|8|7|3|3|2|1|1|1|1,10,9,3116373,silent,3116364
10,13|8|7|3|2|2|2|1|1|1,10,9,2301114,silent,2301105
10,13|8|7|2|2|2|2|2|1|1,10,3,495859,silent,495856
10,13|8|6|6|2|1|1|1|1|1,10,5,1209641,silent,1209636
10,13|8|6|5|3|1|1|1|1|1,10,12,3676906,silent,3676894
10,13|8|6|5|2|2|1|1|1|1,10,14,4009374,silent,4009360
10,13|8|6|4|4|1|1|1|1|1,10,8,2465904,silent,2465896
10,13|8|6|4|3|2|1|1|1|1,10,19,7952496,silent,7952477
10,13|8|6|4|2|2|2|1|1|1,10,12,4665410,silent,4665398
10,13|8|6|3|3|3|1|1|1|1,10,4,2722636,silent,2722632
10,13|8|6|3|3|2|2|1|1|1,10,10,4596972,silent,4596962
10,13|8|6|3|2|2|2|2|1|1,10,6,2216227,silent,2216221
10,13|8|6|2|2|2|2|2|2|1,10,2,343754,silent,343752
10,13|8|5|5|4|1|1|1|1|1,10,6,1861554,silent,1861548
10,13|8|5|5|3|2|1|1|1|1,10,14,4909039,silent,4909025
10,13|8|5|5|2|2|2|1|1|1,10,10,2704400,silent,2704390
10,13|8|5|4|4|2|1|1|1|1,10,9,4449042,silent,4449033
10,13|8|5|4|3|3|1|1|1|1,10,6,4756970,silent,4756964
10,13|8|5|4|3|2|2|1|1|1,10,13,7531501,silent,7531488
10,13|8|5|4|2|2|2|2|1|1,10,7,2887974,silent,2887967
10,13|8|5|3|3|3|2|1|1|1,10,2,3624391,silent,3624389
10,13|8|5|3|3|2|2|2|1|1,10,2,3195583,silent,3195581
10,13|8|5|3|2|2|2|2|2|1,10,1,1065957,silent,1065956
10,13|8|5|2|2|2|2|2|2|2,10,0,-1,a0,
10,13|8|4|4|4|3|1|1|1|1,10,2,1722865,silent,1722863
10,13|8|4|4|4|2|2|1|1|1,10,2,2226055,silent,2226053
10,13|8|4|4|3|3|2|1|1|1,10,3,3224028,silent,3224025
10,13|8|4|4|3|2|2|2|1|1,10,4,2665214,silent,2665210
10,13|8|4|4|2|2|2|2|2|1,10,2,719457,silent,719455
10,13|8|4|3|3|3|3|1|1|1,10,0,-1,a0,
10,13|8|4|3|3|3|2|2|1|1,10,0,-1,a0,
10,13|8|4|3|3|2|2|2|2|1,10,0,-1,a0,
10,13|8|4|3|2|2|2|2|2|2,10,0,-1,a0,
10,13|8|3|3|3|3|3|2|1|1,10,0,-1,a0,
10,13|8|3|3|3|3|2|2|2|1,10,0,-1,a0,
10,13|8|3|3|3|2|2|2|2|2,10,0,-1,a0,
10,13|7|7|7|1|1|1|1|1|1,10,0,-1,a0,
10,13|7|7|6|2|1|1|1|1|1,10,1,777712,silent,777711
10,13|7|7|5|3|1|1|1|1|1,10,6,1917753,silent,1917747
10,13|7|7|5|2|2|1|1|1|1,10,8,2076497,silent,2076489
10,13|7|7|4|4|1|1|1|1|1,10,1,1213650,silent,1213649
10,13|7|7|4|3|2|1|1|1|1,10,9,3863219,silent,3863210
10,13|7|7|4|2|2|2|1|1|1,10,10,2250309,silent,2250299
10,13|7|7|3|3|3|1|1|1|1,10,3,1287435,silent,1287432
10,13|7|7|3|3|2|2|1|1|1,10,3,2163142,silent,2163139
10,13|7|7|3|2|2|2|2|1|1,10,2,1035286,silent,1035284
10,13|7|7|2|2|2|2|2|2|1,10,0,-1,a0,
10,13|7|6|6|3|1|1|1|1|1,10,4,1389328,silent,1389324
10,13|7|6|6|2|2|1|1|1|1,10,3,1469751,silent,1469748
10,13|7|6|5|4|1|1|1|1|1,10,6,2393428,silent,2393422
10,13|7|6|5|3|2|1|1|1|1,10,16,6106067,silent,6106051
10,13|7|6|5|2|2|2|1|1|1,10,8,3306063,silent,3306055
10,13|7|6|4|4|2|1|1|1|1,10,7,4517302,silent,4517295
10,13|7|6|4|3|3|1|1|1|1,10,8,4697561,silent,4697553
10,13|7|6|4|3|2|2|1|1|1,10,12,7379805,silent,7379793
10,13|7|6|4|2|2|2|2|1|1,10,6,2778013,silent,2778007
10,13|7|6|3|3|3|2|1|1|1,10,2,3300118,silent,3300116
10,13|7|6|3|3|2|2|2|1|1,10,2,2882145,silent,2882143
10,13|7|6|3|2|2|2|2|2|1,10,1,943401,silent,943400
10,13|7|6|2|2|2|2|2|2|2,10,0,-1,a0,
10,13|7|5|5|5|1|1|1|1|1,10,4,623646,silent,623642
10,13|7|5|5|4|2|1|1|1|1,10,11,3765216,silent,3765205
10,13|7|5|5|3|3|1|1|1|1,10,4,3250607,silent,3250603
10,13|7|5|5|3|2|2|1|1|1,10,8,4989417,silent,4989409
10,13|7|5|5|2|2|2|2|1|1,10,2,1756737,silent,1756735
10,13|7|5|4|4|3|1|1|1|1,10,4,3761599,silent,3761595
10,13|7|5|4|4|2|2|1|1|1,10,9,4792565,silent,4792556
10,13|7|5|4|3|3|2|1|1|1,10,4,6477338,silent,6477334
10,13|7|5|4|3|2|2|2|1|1,10,5,5260815,silent,5260810
10,13|7|5|4|2|2|2|2|2|1,10,1,1362970,silent,1362969
10,13|7|5|3|3|3|3|1|1|1,10,0,-1,a0,
10,13|7|5|3|3|3|2|2|1|1,10,0,-1,a0,
10,13|7|5|3|3|2|2|2|2|1,10,0,-1,a0,
10,13|7|5|3|2|2|2|2|2|2,10,0,-1,a0,
10,13|7|4|4|4|4|1|1|1|1,10,0,-1,a0,
10,13|7|4|4|4|3|2|1|1|1,10,2,2566463,silent,2566461
10,13|7|4|4|4|2|2|2|1|1,10,4,1671189,silent,1671185
10,13|7|4|4|3|3|3|1|1|1,10,1,1510320,silent,1510319
10,13|7|4|4|3|3|2|2|1|1,10,1,2644507,silent,2644506
10,13|7|4|4|3|2|2|2|2|1,10,1,1366831,silent,1366830
10,13|7|4|4|2|2|2|2|2|2,10,0,-1,a0,
10,13|7|4|3|3|3|3|2|1|1,10,0,-1,a0,
10,13|7|4|3|3|3|2|2|2|1,10,0,-1,a0,
10,13|7|4|3|3|2|2|2|2|2,10,0,-1,a0,
10,13|7|3|3|3|3|3|3|1|1,10,0,-1,a0,
10,13|7|3|3|3|3|3|2|2|1,10,0,-1,a0,
10,13|7|3|3|3|3|2|2|2|2,10,0,-1,a0,
10,13|6|6|6|4|1|1|1|1|1,10,3,546313,silent,546310
10,13|6|6|6|3|2|1|1|1|1,10,2,1293628,silent,1293626
10,13|6|6|6|2|2|2|1|1|1,10,0,-1,a0,
10,13|6|6|5|5|1|1|1|1|1,10,1,473465,silent,473464
10,13|6|6|5|4|2|1|1|1|1,10,5,2672402,silent,2672397
10,13|6|6|5|3|3|1|1|1|1,10,4,2251643,silent,2251639
10,13|6|6|5|3|2|2|1|1|1,10,5,3435170,silent,3435165
10,13|6|6|5|2|2|2|2|1|1,10,2,1189617,silent,1189615
10,13|6|6|4|4|3|1|1|1|1,10,3,2163687,silent,2163684
10,13|6|6|4|4|2|2|1|1|1,10,1,2736398,silent,2736397
10,13|6|6|4|3|3|2|1|1|1,10,4,3614218,silent,3614214
10,13|6|6|4|3|2|2|2|1|1,10,3,2912006,silent,2912003
10,13|6|6|4|2|2|2|2|2|1,10,2,743231,silent,743229
10,13|6|6|3|3|3|3|1|1|1,10,0,-1,a0,
10,13|6|6|3|3|3|2|2|1|1,10,0,-1,a0,
10,13|6|6|3|3|2|2|2|2|1,10,0,-1,a0,
10,13|6|6|3|2|2|2|2|2|2,10,0,-1,a0,
10,13|6|5|5|5|2|1|1|1|1,10,3,932846,silent,932843
10,13|6|5|5|4|3|1|1|1|1,10,4,2338288,silent,2338284
10,13|6|5|5|4|2|2|1|1|1,10,5,2893495,silent,2893490
10,13|6|5|5|3|3|2|1|1|1,10,1,3168037,silent,3168036
10,13|6|5|5|3|2|2|2|1|1,10,1,2485849,silent,2485848
10,13|6|5|5|2|2|2|2|2|1,10,0,-1,a0,
10,13|6|5|4|4|4|1|1|1|1,10,1,999334,silent,999333
10,13|6|5|4|4|3|2|1|1|1,10,4,3950858,silent,3950854
10,13|6|5|4|4|2|2|2|1|1,10,3,2531646,silent,2531643
10,13|6|5|4|3|3|3|1|1|1,10,0,-1,a0,
10,13|6|5|4|3|3|2|2|1|1,10,1,3754378,silent,3754377
10,13|6|5|4|3|2|2|2|2|1,10,1,1905971,silent,1905970
10,13|6|5|4|2|2|2|2|2|2,10,0,-1,a0,
10,13|6|5|3|3|3|3|2|1|1,10,0,-1,a0,
10,13|6|5|3|3|3|2|2|2|1,10,0,-1,a0,
10,13|6|5|3|3|2|2|2|2|2,10,0,-1,a0,
10,13|6|4|4|4|4|2|1|1|1,10,0,-1,a0,
10,13|6|4|4|4|3|3|1|1|1,10,1,1027021,silent,1027020
10,13|6|4|4|4|3|2|2|1|1,10,2,1672902,silent,1672900
10,13|6|4|4|4|2|2|2|2|1,10,2,676347,silent,676345
10,13|6|4|4|3|3|3|2|1|1,10,0,-1,a0,
10,13|6|4|4|3|3|2|2|2|1,10,0,-1,a0,
10,13|6|4|4|3|2|2|2|2|2,10,0,-1,a0,
10,13|6|4|3|3|3|3|3|1|1,10,0,-1,a0,
10,13|6|4|3|3|3|3|2|2|1,10,0,-1,a0,
10,13|6|4|3|3|3|2|2|2|2,10,0,-1,a0,
10,13|6|3|3|3|3|3|3|2|1,10,0,-1,a0,
10,13|6|3|3|3|3|3|2|2|2,10,0,-1,a0,
10,13|5|5|5|5|3|1|1|1|1,10,1,342086,silent,342085
10,13|5|5|5|5|2|2|1|1|1,10,0,-1,a0,
10,13|5|5|5|4|4|1|1|1|1,10,2,361316,silent,361314
10,13|5|5|5|4|3|2|1|1|1,10,1,1329372,silent,1329371
10,13|5|5|5|4|2|2|2|1|1,10,0,-1,a0,
10,13|5|5|5|3|3|3|1|1|1,10,0,-1,a0,
10,13|5|5|5|3|3|2|2|1|1,10,0,-1,a0,
10,13|5|5|5|3|2|2|2|2|1,10,0,-1,a0,
10,13|5|5|5|2|2|2|2|2|2,10,0,-1,a0,
10,13|5|5|4|4|4|2|1|1|1,10,2,681774,silent,681772
10,13|5|5|4|4|3|3|1|1|1,10,0,-1,a0,
10,13|5|5|4|4|3|2|2|1|1,10,1,1376445,silent,1376444
10,13|5|5|4|4|2|2|2|2|1,10,0,-1,a0,
10,13|5|5|4|3|3|3|2|1|1,10,0,-1,a0,
10,13|5|5|4|3|3|2|2|2|1,10,0,-1,a0,
10,13|5|5|4|3|2|2|2|2|2,10,0,-1,a0,
10,13|5|5|3|3|3|3|3|1|1,10,0,-1,a0,
10,13|5|5|3|3|3|3|2|2|1,10,0,-1,a0,
10,13|5|5|3|3|3|2|2|2|2,10,0,-1,a0,
10,13|5|4|4|4|4|3|1|1|1,10,0,-1,a0,
10,13|5|4|4|4|4|2|2|1|1,10,1,382654,silent,382653
10,13|5|4|4|4|3|3|2|1|1,10,0,-1,a0,
10,13|5|4|4|4|3|2|2|2|1,10,1,501486,silent,501485
10,13|5|4|4|4|2|2|2|2|2,10,0,-1,a0,
10,13|5|4|4|3|3|3|3|1|1,10,0,-1,a0,
10,13|5|4|4|3|3|3|2|2|1,10,0,-1,a0,
10,13|5|4|4|3|3|2|2|2|2,10,0,-1,a0,
10,13|5|4|3|3|3|3|3|2|1,10,0,-1,a0,
10,13|5|4|3|3|3|3|2|2|2,10,0,-1,a0,
10,13|5|3|3|3|3|3|3|3|1,10,0,-1,a0,
10,13|5|3|3|3|3|3|3|2|2,10,0,-1,a0,
10,13|4|4|4|4|4|4|1|1|1,10,0,-1,a0,
10,13|4|4|4|4|4|3|2|1|1,10,0,-1,a0,
10,13|4|4|4|4|4|2|2|2|1,10,1,62131,silent,62130
10,13|4|4|4|4|3|3|3|1|1,10,0,-1,a0,
10,13|4|4|4|4|3|3|2|2|1,10,0,-1,a0,
10,13|4|4|4|4|3|2|2|2|2,10,0,-1,a0,
10,13|4|4|4|3|3|3|3|2|1,10,0,-1,a0,
10,13|4|4|4|3|3|3|2|2|2,10,0,-1,a0,
10,13|4|4|3|3|3|3|3|3|1,10,0,-1,a0,
10,13|4|4|3|3|3|3|3|2|2,10,0,-1,a0,
10,13|4|3|3|3|3|3|3|3|2,10,0,-1,a0,
10,13|3|3|3|3|3|3|3|3|3,10,0,-1,a0,
10,12|12|9|1|1|1|1|1|1|1,10,0,-1,a0,
10,12|12|8|2|1|1|1|1|1|1,10,0,-1,a0,
10,12|12|7|3|1|1|1|1|1|1,10,1,121085,silent,121084
10,12|12|7|2|2|1|1|1|1|1,10,1,119810,silent,119809
10,12|12|6|4|1|1|1|1|1|1,10,0,-1,a0,
10,12|12|6|3|2|1|1|1|1|1,10,2,361415,silent,361413
10,12|12|6|2|2|2|1|1|1|1,10,2,178173,silent,178171
10,12|12|5|5|1|1|1|1|1|1,10,1,85764,silent,85763
10,12|12|5|4|2|1|1|1|1|1,10,2,392875,silent,392873
10,12|12|5|3|3|1|1|1|1|1,10,2,301886,silent,301884
10,12|12|5|3|2|2|1|1|1|1,10,2,447097,silent,447095
10,12|12|5|2|2|2|2|1|1|1,10,1,146468,silent,146467
10,12|12|4|4|3|1|1|1|1|1,10,0,-1,a0,
10,12|12|4|4|2|2|1|1|1|1,10,3,276466,silent,276463
10,12|12|4|3|3|2|1|1|1|1,10,1,331274,silent,331273
10,12|12|4|3|2|2|2|1|1|1,10,1,261937,silent,261936
10,12|12|4|2|2|2|2|2|1|1,10,0,-1,a0,
10,12|12|3|3|3|3|1|1|1|1,10,1,61629,silent,61628
10,12|12|3|3|3|2|2|1|1|1,10,0,-1,a0,
10,12|12|3|3|2|2|2|2|1|1,10,1,61941,silent,61940
10,12|12|3|2|2|2|2|2|2|1,10,0,-1,a0,
10,12|12|2|2|2|2|2|2|2|2,10,1,1079,silent,1078
10,12|11|10|1|1|1|1|1|1|1,10,0,-1,a0,
10,12|11|9|2|1|1|1|1|1|1,10,1,57602,silent,57601
10,12|11|8|3|1|1|1|1|1|1,10,2,218698,silent,218696
10,12|11|8|2|2|1|1|1|1|1,10,1,214262,silent,214261
10,12|11|7|4|1|1|1|1|1|1,10,2,414738,silent,414736
10,12|11|7|3|2|1|1|1|1|1,10,5,844487,silent,844482
10,12|11|7|2|2|2|1|1|1|1,10,2,406300,silent,406298
10,12|11|6|5|1|1|1|1|1|1,10,3,374444,silent,374441
10,12|11|6|4|2|1|1|1|1|1,10,7,1337769,silent,1337762
10,12|11|6|3|3|1|1|1|1|1,10,5,955065,silent,955060
10,12|11|6|3|2|2|1|1|1|1,10,7,1391092,silent,1391085
10,12|11|6|2|2|2|2|1|1|1,10,3,436307,silent,436304
10,12|11|5|5|2|1|1|1|1|1,10,3,700825,silent,700822
10,12|11|5|4|3|1|1|1|1|1,10,5,1344906,silent,1344901
10,12|11|5|4|2|2|1|1|1|1,10,7,1599599,silent,1599592
10,12|11|5|3|3|2|1|1|1|1,10,6,1545850,silent,1545844
10,12|11|5|3|2|2|2|1|1|1,10,6,1173975,silent,1173969
10,12|11|5|2|2|2|2|2|1|1,10,2,268659,silent,268657
10,12|11|4|4|4|1|1|1|1|1,10,0,-1,a0,
10,12|11|4|4|3|2|1|1|1|1,10,4,1198617,silent,1198613
10,12|11|4|4|2|2|2|1|1|1,10,2,743065,silent,743063
10,12|11|4|3|3|3|1|1|1|1,10,1,562112,silent,562111
10,12|11|4|3|3|2|2|1|1|1,10,2,972707,silent,972705
10,12|11|4|3|2|2|2|2|1|1,10,2,498069,silent,498067
10,12|11|4|2|2|2|2|2|2|1,10,1,88188,silent,88187
10,12|11|3|3|3|3|2|1|1|1,10,0,-1,a0,
10,12|11|3|3|3|2|2|2|1|1,10,0,-1,a0,
10,12|11|3|3|2|2|2|2|2|1,10,0,-1,a0,
10,12|11|3|2|2|2|2|2|2|2,10,0,-1,a0,
10,12|10|10|2|1|1|1|1|1|1,10,0,-1,a0,
10,12|10|9|3|1|1|1|1|1|1,10,1,178786,silent,178785
10,12|10|9|2|2|1|1|1|1|1,10,1,174263,silent,174262
10,12|10|8|4|1|1|1|1|1|1,10,2,486716,silent,486714
10,12|10|8|3|2|1|1|1|1|1,10,6,973737,silent,973731
10,12|10|8|2|2|2|1|1|1|1,10,4,464139,silent,464135
10,12|10|7|5|1|1|1|1|1|1,10,4,659336,silent,659332
10,12|10|7|4|2|1|1|1|1|1,10,10,2156632,silent,2156622
10,12|10|7|3|3|1|1|1|1|1,10,7,1491807,silent,1491800
10,12|10|7|3|2|2|1|1|1|1,10,10,2151761,silent,2151751
10,12|10|7|2|2|2|2|1|1|1,10,4,660279,silent,660275
10,12|10|6|6|1|1|1|1|1|1,10,1,323201,silent,323200
10,12|10|6|5|2|1|1|1|1|1,10,10,2088669,silent,2088659
10,12|10|6|4|3|1|1|1|1|1,10,11,3154479,silent,3154468
10,12|10|6|4|2|2|1|1|1|1,10,17,3691234,silent,3691217
10,12|10|6|3|3|2|1|1|1|1,10,10,3315460,silent,3315450
10,12|10|6|3|2|2|2|1|1|1,10,9,2466873,silent,2466864
10,12|10|6|2|2|2|2|2|1|1,10,2,539092,silent,539090
10,12|10|5|5|3|1|1|1|1|1,10,8,1809508,silent,1809500
10,12|10|5|5|2|2|1|1|1|1,10,7,1999025,silent,1999018
10,12|10|5|4|4|1|1|1|1|1,10,5,1489058,silent,1489053
10,12|10|5|4|3|2|1|1|1|1,10,14,4964847,silent,4964833
10,12|10|5|4|2|2|2|1|1|1,10,10,2962200,silent,2962190
10,12|10|5|3|3|3|1|1|1|1,10,3,1832071,silent,1832068
10,12|10|5|3|3|2|2|1|1|1,10,6,3114831,silent,3114825
10,12|10|5|3|2|2|2|2|1|1,10,5,1529859,silent,1529854
10,12|10|5|2|2|2|2|2|2|1,10,2,245978,silent,245976
10,12|10|4|4|4|2|1|1|1|1,10,4,1353225,silent,1353221
10,12|10|4|4|3|3|1|1|1|1,10,1,1547228,silent,1547227
10,12|10|4|4|3|2|2|1|1|1,10,5,2488172,silent,2488167
10,12|10|4|4|2|2|2|2|1|1,10,1,988969,silent,988968
10,12|10|4|3|3|3|2|1|1|1,10,1,1509917,silent,1509916
10,12|10|4|3|3|2|2|2|1|1,10,1,1355517,silent,1355516
10,12|10|4|3|2|2|2|2|2|1,10,1,469900,silent,469899
10,12|10|4|2|2|2|2|2|2|2,10,1,51713,silent,51712
10,12|10|3|3|3|3|3|1|1|1,10,0,-1,a0,
10,12|10|3|3|3|3|2|2|1|1,10,0,-1,a0,
10,12|10|3|3|3|2|2|2|2|1,10,0,-1,a0,
10,12|10|3|3|2|2|2|2|2|2,10,0,-1,a0,
10,12|9|9|4|1|1|1|1|1|1,10,2,221883,silent,221881
10,12|9|9|3|2|1|1|1|1|1,10,2,438862,silent,438860
10,12|9|9|2|2|2|1|1|1|1,10,1,207406,silent,207405
10,12|9|8|5|1|1|1|1|1|1,10,3,553802,silent,553799
10,12|9|8|4|2|1|1|1|1|1,10,8,1747801,silent,1747793
10,12|9|8|3|3|1|1|1|1|1,10,5,1191749,silent,1191744
10,12|9|8|3|2|2|1|1|1|1,10,8,1711022,silent,1711014
10,12|9|8|2|2|2|2|1|1|1,10,3,519259,silent,519256
10,12|9|7|6|1|1|1|1|1|1,10,2,543478,silent,543476
10,12|9|7|5|2|1|1|1|1|1,10,11,2737876,silent,2737865
10,12|9|7|4|3|1|1|1|1|1,10,13,3823417,silent,3823404
10,12|9|7|4|2|2|1|1|1|1,10,16,4430783,silent,4430767
10,12|9|7|3|3|2|1|1|1|1,10,12,3864914,silent,3864902
10,12|9|7|3|2|2|2|1|1|1,10,11,2844338,silent,2844327
10,12|9|7|2|2|2|2|2|1|1,10,4,609810,silent,609806
10,12|9|6|6|2|1|1|1|1|1,10,6,1424517,silent,1424511
10,12|9|6|5|3|1|1|1|1|1,10,15,4234208,silent,4234193
10,12|9|6|5|2|2|1|1|1|1,10,16,4605110,silent,4605094
10,12|9|6|4|4|1|1|1|1|1,10,7,2811383,silent,2811376
10,12|9|6|4|3|2|1|1|1|1,10,23,9028325,silent,9028302
10,12|9|6|4|2|2|2|1|1|1,10,15,5280997,silent,5280982
10,12|9|6|3|3|3|1|1|1|1,10,5,3070275,silent,3070270
10,12|9|6|3|3|2|2|1|1|1,10,9,5173353,silent,5173344
10,12|9|6|3|2|2|2|2|1|1,10,6,2485494,silent,2485488
10,12|9|6|2|2|2|2|2|2|1,10,2,382725,silent,382723
10,12|9|5|5|4|1|1|1|1|1,10,7,2055878,silent,2055871
10,12|9|5|5|3|2|1|1|1|1,10,15,5397057,silent,5397042
10,12|9|5|5|2|2|2|1|1|1,10,10,2963837,silent,2963827
10,12|9|5|4|4|2|1|1|1|1,10,10,4844154,silent,4844144
10,12|9|5|4|3|3|1|1|1|1,10,8,5162952,silent,5162944
10,12|9|5|4|3|2|2|1|1|1,10,14,8160311,silent,8160297
10,12|9|5|4|2|2|2|2|1|1,10,7,3118427,silent,3118420
10,12|9|5|3|3|3|2|1|1|1,10,1,3900799,silent,3900798
10,12|9|5|3|3|2|2|2|1|1,10,2,3430696,silent,3430694
10,12|9|5|3|2|2|2|2|2|1,10,1,1139550,silent,1139549
10,12|9|5|2|2|2|2|2|2|2,10,0,-1,a0,
10,12|9|4|4|4|3|1|1|1|1,10,2,1832048,silent,1832046
10,12|9|4|4|4|2|2|1|1|1,10,4,2364376,silent,2364372
10,12|9|4|4|3|3|2|1|1|1,10,3,3412527,silent,3412524
10,12|9|4|4|3|2|2|2|1|1,10,3,2815160,silent,2815157
10,12|9|4|4|2|2|2|2|2|1,10,2,756405,silent,756403
10,12|9|4|3|3|3|3|1|1|1,10,0,-1,a0,
10,12|9|4|3|3|3|2|2|1|1,10,0,-1,a0,
10,12|9|4|3|3|2|2|2|2|1,10,0,-1,a0,
10,12|9|4|3|2|2|2|2|2|2,10,0,-1,a0,
10,12|9|3|3|3|3|3|2|1|1,10,0,-1,a0,
10,12|9|3|3|3|3|2|2|2|1,10,0,-1,a0,
10,12|9|3|3|3|2|2|2|2|2,10,0,-1,a0,
10,12|8|8|6|1|1|1|1|1|1,10,1,278009,silent,278008
10,12|8|8|5|2|1|1|1|1|1,10,6,1308079,silent,1308073
10,12|8|8|4|3|1|1|1|1|1,10,6,1774966,silent,1774960
10,12|8|8|4|2|2|1|1|1|1,10,9,2051933,silent,2051924
10,12|8|8|3|3|2|1|1|1|1,10,3,1765606,silent,1765603
10,12|8|8|3|2|2|2|1|1|1,10,4,1293669,silent,1293665
10,12|8|8|2|2|2|2|2|1|1,10,0,-1,a0,
10,12|8|7|7|1|1|1|1|1|1,10,1,184416,silent,184415
10,12|8|7|6|2|1|1|1|1|1,10,6,1684722,silent,1684716
10,12|8|7|5|3|1|1|1|1|1,10,13,3976727,silent,3976714
10,12|8|7|5|2|2|1|1|1|1,10,14,4290207,silent,4290193
10,12|8|7|4|4|1|1|1|1|1,10,6,2475045,silent,2475039
10,12|8|7|4|3|2|1|1|1|1,10,19,7815056,silent,7815037
10,12|8|7|4|2|2|2|1|1|1,10,12,4528191,silent,4528179
10,12|8|7|3|3|3|1|1|1|1,10,4,2571908,silent,2571904
10,12|8|7|3|3|2|2|1|1|1,10,7,4312943,silent,4312936
10,12|8|7|3|2|2|2|2|1|1,10,5,2050835,silent,2050830
10,12|8|7|2|2|2|2|2|2|1,10,1,309317,silent,309316
10,12|8|6|6|3|1|1|1|1|1,10,6,2316574,silent,2316568
10,12|8|6|6|2|2|1|1|1|1,10,8,2443791,silent,2443783
10,12|8|6|5|4|1|1|1|1|1,10,12,3838658,silent,3838646
10,12|8|6|5|3|2|1|1|1|1,10,22,9720023,silent,9720001
10,12|8|6|5|2|2|2|1|1|1,10,12,5237563,silent,5237551
10,12|8|6|4|4|2|1|1|1|1,10,16,7070548,silent,7070532
10,12|8|6|4|3|3|1|1|1|1,10,9,7306481,silent,7306472
10,12|8|6|4|3|2|2|1|1|1,10,18,11452772,silent,11452754
10,12|8|6|4|2|2|2|2|1|1,10,6,4284675,silent,4284669
10,12|8|6|3|3|3|2|1|1|1,10,3,5062086,silent,5062083
10,12|8|6|3|3|2|2|2|1|1,10,4,4407224,silent,4407220
10,12|8|6|3|2|2|2|2|2|1,10,2,1432968,silent,1432966
10,12|8|6|2|2|2|2|2|2|2,10,1,136755,silent,136754
10,12|8|5|5|5|1|1|1|1|1,10,3,919567,silent,919564
10,12|8|5|5|4|2|1|1|1|1,10,13,5477032,silent,5477019
10,12|8|5|5|3|3|1|1|1|1,10,8,4703151,silent,4703143
10,12|8|5|5|3|2|2|1|1|1,10,11,7199284,silent,7199273
10,12|8|5|5|2|2|2|2|1|1,10,5,2521584,silent,2521579
10,12|8|5|4|4|3|1|1|1|1,10,8,5349347,silent,5349339
10,12|8|5|4|4|2|2|1|1|1,10,10,6798032,silent,6798022
10,12|8|5|4|3|3|2|1|1|1,10,6,9138215,silent,9138209
10,12|8|5|4|3|2|2|2|1|1,10,6,7397184,silent,7397178
10,12|8|5|4|2|2|2|2|2|1,10,2,1904722,silent,1904720
10,12|8|5|3|3|3|3|1|1|1,10,0,-1,a0,
10,12|8|5|3|3|3|2|2|1|1,10,0,-1,a0,
10,12|8|5|3|3|2|2|2|2|1,10,0,-1,a0,
10,12|8|5|3|2|2|2|2|2|2,10,0,-1,a0,
10,12|8|4|4|4|4|1|1|1|1,10,1,857868,silent,857867
10,12|8|4|4|4|3|2|1|1|1,10,4,3482974,silent,3482970
10,12|8|4|4|4|2|2|2|1|1,10,2,2259263,silent,2259261
10,12|8|4|4|3|3|3|1|1|1,10,0,-1,a0,
10,12|8|4|4|3|3|2|2|1|1,10,2,3559947,silent,3559945
10,12|8|4|4|3|2|2|2|2|1,10,1,1831693,silent,1831692
10,12|8|4|4|2|2|2|2|2|2,10,1,296841,silent,296840
10,12|8|4|3|3|3|3|2|1|1,10,0,-1,a0,
10,12|8|4|3|3|3|2|2|2|1,10,0,-1,a0,
10,12|8|4|3|3|2|2|2|2|2,10,0,-1,a0,
10,12|8|3|3|3|3|3|3|1|1,10,0,-1,a0,
10,12|8|3|3|3|3|3|2|2|1,10,0,-1,a0,
10,12|8|3|3|3|3|2|2|2|2,10,0,-1,a0,
10,12|7|7|7|2|1|1|1|1|1,10,1,320028,silent,320027
10,12|7|7|6|3|1|1|1|1|1,10,3,1528641,silent,1528638
10,12|7|7|6|2|2|1|1|1|1,10,4,1599308,silent,1599304
10,12|7|7|5|4|1|1|1|1|1,10,5,2066704,silent,2066699
10,12|7|7|5|3|2|1|1|1|1,10,13,5162029,silent,5162016
10,12|7|7|5|2|2|2|1|1|1,10,8,2760638,silent,2760630
10,12|7|7|4|4|2|1|1|1|1,10,6,3544546,silent,3544540
10,12|7|7|4|3|3|1|1|1|1,10,5,3625108,silent,3625103
10,12|7|7|4|3|2|2|1|1|1,10,9,5658080,silent,5658071
10,12|7|7|4|2|2|2|2|1|1,10,5,2102374,silent,2102369
10,12|7|7|3|3|3|2|1|1|1,10,1,2431517,silent,2431516
10,12|7|7|3|3|2|2|2|1|1,10,0,-1,a0,
10,12|7|7|3|2|2|2|2|2|1,10,0,-1,a0,
10,12|7|7|2|2|2|2|2|2|2,10,0,-1,a0,
10,12|7|6|6|4|1|1|1|1|1,10,3,1626832,silent,1626829
10,12|7|6|6|3|2|1|1|1|1,10,7,3808844,silent,3808837
10,12|7|6|6|2|2|2|1|1|1,10,3,1980412,silent,1980409
10,12|7|6|5|5|1|1|1|1|1,10,4,1312394,silent,1312390
10,12|7|6|5|4|2|1|1|1|1,10,14,7228914,silent,7228900
10,12|7|6|5|3|3|1|1|1|1,10,9,6033800,silent,6033791
10,12|7|6|5|3|2|2|1|1|1,10,13,9167228,silent,9167215
10,12|7|6|5|2|2|2|2|1|1,10,4,3149502,silent,3149498
10,12|7|6|4|4|3|1|1|1|1,10,7,5604597,silent,5604590
10,12|7|6|4|4|2|2|1|1|1,10,10,7066984,silent,7066974
10,12|7|6|4|3|3|2|1|1|1,10,7,9239810,silent,9239803
10,12|7|6|4|3|2|2|2|1|1,10,6,7409789,silent,7409783
10,12|7|6|4|2|2|2|2|2|1,10,2,1871882,silent,1871880
10,12|7|6|3|3|3|3|1|1|1,10,0,-1,a0,
10,12|7|6|3|3|3|2|2|1|1,10,0,-1,a0,
10,12|7|6|3|3|2|2|2|2|1,10,0,-1,a0,
10,12|7|6|3|2|2|2|2|2|2,10,0,-1,a0,
10,12|7|5|5|5|2|1|1|1|1,10,6,1983559,silent,1983553
10,12|7|5|5|4|3|1|1|1|1,10,8,4867928,silent,4867920
10,12|7|5|5|4|2|2|1|1|1,10,9,5999985,silent,5999976
10,12|7|5|5|3|3|2|1|1|1,10,3,6507727,silent,6507724
10,12|7|5|5|3|2|2|2|1|1,10,2,5080268,silent,5080266
10,12|7|5|5|2|2|2|2|2|1,10,0,-1,a0,
10,12|7|5|4|4|4|1|1|1|1,10,3,1999358,silent,1999355
10,12|7|5|4|4|3|2|1|1|1,10,8,7851296,silent,7851288
10,12|7|5|4|4|2|2|2|1|1,10,6,5008494,silent,5008488
10,12|7|5|4|3|3|3|1|1|1,10,1,4243835,silent,4243834
10,12|7|5|4|3|3|2|2|1|1,10,1,7355139,silent,7355138
10,12|7|5|4|3|2|2|2|2|1,10,1,3712476,silent,3712475
10,12|7|5|4|2|2|2|2|2|2,10,0,-1,a0,
10,12|7|5|3|3|3|3|2|1|1,10,0,-1,a0,
10,12|7|5|3|3|3|2|2|2|1,10,0,-1,a0,
10,12|7|5|3|3|2|2|2|2|2,10,0,-1,a0,
10,12|7|4|4|4|4|2|1|1|1,10,2,1459989,silent,1459987
10,12|7|4|4|4|3|3|1|1|1,10,1,1853615,silent,1853614
10,12|7|4|4|4|3|2|2|1|1,10,3,3013730,silent,3013727
10,12|7|4|4|4|2|2|2|2|1,10,2,1210753,silent,1210751
10,12|7|4|4|3|3|3|2|1|1,10,0,-1,a0,
10,12|7|4|4|3|3|2|2|2|1,10,0,-1,a0,
10,12|7|4|4|3|2|2|2|2|2,10,0,-1,a0,
10,12|7|4|3|3|3|3|3|1|1,10,0,-1,a0,
10,12|7|4|3|3|3|3|2|2|1,10,0,-1,a0,
10,12|7|4|3|3|3|2|2|2|2,10,0,-1,a0,
10,12|7|3|3|3|3|3|3|2|1,10,0,-1,a0,
10,12|7|3|3|3|3|3|2|2|2,10,0,-1,a0,
10,12|6|6|6|5|1|1|1|1|1,10,1,386864,silent,386863
10,12|6|6|6|4|2|1|1|1|1,10,3,1693570,silent,1693567
10,12|6|6|6|3|3|1|1|1|1,10,2,1323356,silent,1323354
10,12|6|6|6|3|2|2|1|1|1,10,2,1984423,silent,1984421
10,12|6|6|6|2|2|2|2|1|1,10,0,-1,a0,
10,12|6|6|5|5|2|1|1|1|1,10,2,1530811,silent,1530809
10,12|6|6|5|4|3|1|1|1|1,10,5,3526060,silent,3526055
10,12|6|6|5|4|2|2|1|1|1,10,4,4316667,silent,4316663
10,12|6|6|5|3|3|2|1|1|1,10,4,4574588,silent,4574584
10,12|6|6|5|3|2|2|2|1|1,10,3,3543595,silent,3543592
10,12|6|6|5|2|2|2|2|2|1,10,1,821697,silent,821696
10,12|6|6|4|4|4|1|1|1|1,10,2,1184325,silent,1184323
10,12|6|6|4|4|3|2|1|1|1,10,4,4577806,silent,4577802
10,12|6|6|4|4|2|2|2|1|1,10,1,2894324,silent,2894323
10,12|6|6|4|3|3|3|1|1|1,10,1,2406423,silent,2406422
10,12|6|6|4|3|3|2|2|1|1,10,2,4159339,silent,4159337
10,12|6|6|4|3|2|2|2|2|1,10,1,2080851,silent,2080850
10,12|6|6|4|2|2|2|2|2|2,10,1,318507,silent,318506
10,12|6|6|3|3|3|3|2|1|1,10,0,-1,a0,
10,12|6|6|3|3|3|2|2|2|1,10,0,-1,a0,
10,12|6|6|3|3|2|2|2|2|2,10,0,-1,a0,
10,12|6|5|5|5|3|1|1|1|1,10,2,1356106,silent,1356104
10,12|6|5|5|5|2|2|1|1|1,10,2,1558476,silent,1558474
10,12|6|5|5|4|4|1|1|1|1,10,2,1386366,silent,1386364
10,12|6|5|5|4|3|2|1|1|1,10,4,5039826,silent,5039822
10,12|6|5|5|4|2|2|2|1|1,10,2,3106591,silent,3106589
10,12|6|5|5|3|3|3|1|1|1,10,0,-1,a0,
10,12|6|5|5|3|3|2|2|1|1,10,0,-1,a0,
10,12|6|5|5|3|2|2|2|2|1,10,0,-1,a0,
10,12|6|5|5|2|2|2|2|2|2,10,0,-1,a0,
10,12|6|5|4|4|4|2|1|1|1,10,3,2373748,silent,2373745
10,12|6|5|4|4|3|3|1|1|1,10,2,2929499,silent,2929497
10,12|6|5|4|4|3|2|2|1|1,10,3,4729969,silent,4729966
10,12|6|5|4|4|2|2|2|2|1,10,1,1865497,silent,1865496
10,12|6|5|4|3|3|3|2|1|1,10,0,-1,a0,
10,12|6|5|4|3|3|2|2|2|1,10,0,-1,a0,
10,12|6|5|4|3|2|2|2|2|2,10,0,-1,a0,
10,12|6|5|3|3|3|3|3|1|1,10,0,-1,a0,
10,12|6|5|3|3|3|3|2|2|1,10,0,-1,a0,
10,12|6|5|3|3|3|2|2|2|2,10,0,-1,a0,
10,12|6|4|4|4|4|3|1|1|1,10,1,781523,silent,781522
10,12|6|4|4|4|4|2|2|1|1,10,1,1021103,silent,1021102
10,12|6|4|4|4|3|3|2|1|1,10,1,1643841,silent,1643840
10,12|6|4|4|4|3|2|2|2|1,10,1,1320568,silent,1320567
10,12|6|4|4|4|2|2|2|2|2,10,1,307230,silent,307229
10,12|6|4|4|3|3|3|3|1|1,10,0,-1,a0,
10,12|6|4|4|3|3|3|2|2|1,10,0,-1,a0,
10,12|6|4|4|3|3|2|2|2|2,10,0,-1,a0,
10,12|6|4|3|3|3|3|3|2|1,10,0,-1,a0,
10,12|6|4|3|3|3|3|2|2|2,10,0,-1,a0,
10,12|6|3|3|3|3|3|3|3|1,10,0,-1,a0,
10,12|6|3|3|3|3|3|3|2|2,10,0,-1,a0,
10,12|5|5|5|5|4|1|1|1|1,10,1,265721,silent,265720
10,12|5|5|5|5|3|2|1|1|1,10,0,-1,a0,
10,12|5|5|5|5|2|2|2|1|1,10,0,-1,a0,
10,12|5|5|5|4|4|2|1|1|1,10,2,880844,silent,880842
10,12|5|5|5|4|3|3|1|1|1,10,0,-1,a0,
10,12|5|5|5|4|3|2|2|1|1,10,0,-1,a0,
10,12|5|5|5|4|2|2|2|2|1,10,0,-1,a0,
10,12|5|5|5|3|3|3|2|1|1,10,0,-1,a0,
10,12|5|5|5|3|3|2|2|2|1,10,0,-1,a0,
10,12|5|5|5|3|2|2|2|2|2,10,0,-1,a0,
10,12|5|5|4|4|4|3|1|1|1,10,1,673692,silent,673691
10,12|5|5|4|4|4|2|2|1|1,10,2,878790,silent,878788
10,12|5|5|4|4|3|3|2|1|1,10,0,-1,a0,
10,12|5|5|4|4|3|2|2|2|1,10,0,-1,a0,
10,12|5|5|4|4|2|2|2|2|2,10,0,-1,a0,
10,12|5|5|4|3|3|3|3|1|1,10,0,-1,a0,
10,12|5|5|4|3|3|3|2|2|1,10,0,-1,a0,
10,12|5|5|4|3|3|2|2|2|2,10,0,-1,a0,
10,12|5|5|3|3|3|3|3|2|1,10,0,-1,a0,
10,12|5|5|3|3|3|3|2|2|2,10,0,-1,a0,
10,12|5|4|4|4|4|4|1|1|1,10,0,-1,a0,
10,12|5|4|4|4|4|3|2|1|1,10,1,501802,silent,501801
10,12|5|4|4|4|4|2|2|2|1,10,1,318924,silent,318923
10,12|5|4|4|4|3|3|3|1|1,10,0,-1,a0,
10,12|5|4|4|4|3|3|2|2|1,10,0,-1,a0,
10,12|5|4|4|4|3|2|2|2|2,10,0,-1,a0,
10,12|5|4|4|3|3|3|3|2|1,10,0,-1,a0,
10,12|5|4|4|3|3|3|2|2|2,10,0,-1,a0,
10,12|5|4|3|3|3|3|3|3|1,10,0,-1,a0,
10,12|5|4|3|3|3|3|3|2|2,10,0,-1,a0,
10,12|5|3|3|3|3|3|3|3|2,10,0,-1,a0,
10,12|4|4|4|4|4|4|2|1|1,10,0,-1,a0,
10,12|4|4|4|4|4|3|3|1|1,10,0,-1,a0,
10,12|4|4|4|4|4|3|2|2|1,10,0,-1,a0,
10,12|4|4|4|4|4|2|2|2|2,10,1,31699,silent,31698
10,12|4|4|4|4|3|3|3|2|1,10,0,-1,a0,
10,12|4|4|4|4|3|3|2|2|2,10,0,-1,a0,
10,12|4|4|4|3|3|3|3|3|1,10,0,-1,a0,
10,12|4|4|4|3|3|3|3|2|2,10,0,-1,a0,
10,12|4|4|3|3|3|3|3|3|2,10,0,-1,a0,
10,12|4|3|3|3|3|3|3|3|3,10,0,-1,a0,
10,11|11|11|1|1|1|1|1|1|1,10,1,891,silent,890
10,11|11|10|2|1|1|1|1|1|1,10,0,-1,a0,
10,11|11|9|3|1|1|1|1|1|1,10,1,80715,silent,80714
10,11|11|9|2|2|1|1|1|1|1,10,0,-1,a0,
10,11|11|8|4|1|1|1|1|1|1,10,3,204681,silent,204678
10,11|11|8|3|2|1|1|1|1|1,10,2,407327,silent,407325
10,11|11|8|2|2|2|1|1|1|1,10,1,193205,silent,193204
10,11|11|7|5|1|1|1|1|1|1,10,1,267868,silent,267867
10,11|11|7|4|2|1|1|1|1|1,10,4,873432,silent,873428
10,11|11|7|3|3|1|1|1|1|1,10,3,603478,silent,603475
10,11|11|7|3|2|2|1|1|1|1,10,5,869688,silent,869683
10,11|11|7|2|2|2|2|1|1|1,10,2,266584,silent,266582
10,11|11|6|6|1|1|1|1|1|1,10,2,130484,silent,130482
10,11|11|6|5|2|1|1|1|1|1,10,4,833799,silent,833795
10,11|11|6|4|3|1|1|1|1|1,10,7,1256127,silent,1256120
10,11|11|6|4|2|2|1|1|1|1,10,3,1466384,silent,1466381
10,11|11|6|3|3|2|1|1|1|1,10,5,1317470,silent,1317465
10,11|11|6|3|2|2|2|1|1|1,10,4,978843,silent,978839
10,11|11|6|2|2|2|2|2|1|1,10,3,214471,silent,214468
10,11|11|5|5|3|1|1|1|1|1,10,2,714861,silent,714859
10,11|11|5|5|2|2|1|1|1|1,10,6,790828,silent,790822
10,11|11|5|4|4|1|1|1|1|1,10,2,587168,silent,587166
10,11|11|5|4|3|2|1|1|1|1,10,5,1955500,silent,1955495
10,11|11|5|4|2|2|2|1|1|1,10,5,1165886,silent,1165881
10,11|11|5|3|3|3|1|1|1|1,10,1,719959,silent,719958
10,11|11|5|3|3|2|2|1|1|1,10,2,1223998,silent,1223996
10,11|11|5|3|2|2|2|2|1|1,10,1,600206,silent,600205
10,11|11|5|2|2|2|2|2|2|1,10,0,-1,a0,
10,11|11|4|4|4|2|1|1|1|1,10,0,-1,a0,
10,11|11|4|4|3|3|1|1|1|1,10,3,607021,silent,607018
10,11|11|4|4|3|2|2|1|1|1,10,1,973689,silent,973688
10,11|11|4|4|2|2|2|2|1|1,10,3,388059,silent,388056
10,11|11|4|3|3|3|2|1|1|1,10,0,-1,a0,
10,11|11|4|3|3|2|2|2|1|1,10,0,-1,a0,
10,11|11|4|3|2|2|2|2|2|1,10,0,-1,a0,
10,11|11|4|2|2|2|2|2|2|2,10,0,-1,a0,
10,11|11|3|3|3|3|3|1|1|1,10,0,-1,a0,
10,11|11|3|3|3|3|2|2|1|1,10,0,-1,a0,
10,11|11|3|3|3|2|2|2|2|1,10,0,-1,a0,
10,11|11|3|3|2|2|2|2|2|2,10,0,-1,a0,
10,11|10|10|3|1|1|1|1|1|1,10,0,-1,a0,
10,11|10|10|2|2|1|1|1|1|1,10,1,46256,silent,46255
10,11|10|9|4|1|1|1|1|1|1,10,1,217092,silent,217091
10,11|10|9|3|2|1|1|1|1|1,10,3,428524,silent,428521
10,11|10|9|2|2|2|1|1|1|1,10,1,202403,silent,202402
10,11|10|8|5|1|1|1|1|1|1,10,2,428346,silent,428344
10,11|10|8|4|2|1|1|1|1|1,10,8,1342796,silent,1342788
10,11|10|8|3|3|1|1|1|1|1,10,3,912396,silent,912393
10,11|10|8|3|2|2|1|1|1|1,10,6,1308570,silent,1308564
10,11|10|8|2|2|2|2|1|1|1,10,2,395730,silent,395728
10,11|10|7|6|1|1|1|1|1|1,10,2,390260,silent,390258
10,11|10|7|5|2|1|1|1|1|1,10,9,1943025,silent,1943016
10,11|10|7|4|3|1|1|1|1|1,10,10,2696464,silent,2696454
10,11|10|7|4|2|2|1|1|1|1,10,12,3121407,silent,3121395
10,11|10|7|3|3|2|1|1|1|1,10,8,2713575,silent,2713567
10,11|10|7|3|2|2|2|1|1|1,10,7,1993677,silent,1993670
10,11|10|7|2|2|2|2|2|1|1,10,2,425649,silent,425647
10,11|10|6|6|2|1|1|1|1|1,10,5,982726,silent,982721
10,11|10|6|5|3|1|1|1|1|1,10,10,2887928,silent,2887918
10,11|10|6|5|2|2|1|1|1|1,10,11,3137030,silent,3137019
10,11|10|6|4|4|1|1|1|1|1,10,7,1908382,silent,1908375
10,11|10|6|4|3|2|1|1|1|1,10,16,6112972,silent,6112956
10,11|10|6|4|2|2|2|1|1|1,10,9,3569560,silent,3569551
10,11|10|6|3|3|3|1|1|1|1,10,3,2070942,silent,2070939
10,11|10|6|3|3|2|2|1|1|1,10,6,3486833,silent,3486827
10,11|10|6|3|2|2|2|2|1|1,10,4,1671669,silent,1671665
10,11|10|6|2|2|2|2|2|2|1,10,1,256553,silent,256552
10,11|10|5|5|4|1|1|1|1|1,10,4,1375268,silent,1375264
10,11|10|5|5|3|2|1|1|1|1,10,10,3601521,silent,3601511
10,11|10|5|5|2|2|2|1|1|1,10,6,1974593,silent,1974587
10,11|10|5|4|4|2|1|1|1|1,10,8,3217423,silent,3217415
10,11|10|5|4|3|3|1|1|1|1,10,5,3422381,silent,3422376
10,11|10|5|4|3|2|2|1|1|1,10,9,5404913,silent,5404904
10,11|10|5|4|2|2|2|2|1|1,10,4,2061138,silent,2061134
10,11|10|5|3|3|3|2|1|1|1,10,1,2574623,silent,2574622
10,11|10|5|3|3|2|2|2|1|1,10,1,2261862,silent,2261861
10,11|10|5|3|2|2|2|2|2|1,10,1,749520,silent,749519
10,11|10|5|2|2|2|2|2|2|2,10,0,-1,a0,
10,11|10|4|4|4|3|1|1|1|1,10,2,1202606,silent,1202604
10,11|10|4|4|4|2|2|1|1|1,10,2,1550604,silent,1550602
10,11|10|4|4|3|3|2|1|1|1,10,2,2234286,silent,2234284
10,11|10|4|4|3|2|2|2|1|1,10,2,1840947,silent,1840945
10,11|10|4|4|2|2|2|2|2|1,10,1,493565,silent,493564
10,11|10|4|3|3|3|3|1|1|1,10,0,-1,a0,
10,11|10|4|3|3|3|2|2|1|1,10,0,-1,a0,
10,11|10|4|3|3|2|2|2|2|1,10,0,-1,a0,
10,11|10|4|3|2|2|2|2|2|2,10,0,-1,a0,
10,11|10|3|3|3|3|3|2|1|1,10,0,-1,a0,
10,11|10|3|3|3|3|2|2|2|1,10,0,-1,a0,
10,11|10|3|3|3|2|2|2|2|2,10,0,-1,a0,
10,11|9|9|5|1|1|1|1|1|1,10,1,214708,silent,214707
10,11|9|9|4|2|1|1|1|1|1,10,2,661431,silent,661429
10,11|9|9|3|3|1|1|1|1|1,10,3,447310,silent,447307
10,11|9|9|3|2|2|1|1|1|1,10,3,638871,silent,638868
10,11|9|9|2|2|2|2|1|1|1,10,2,192594,silent,192592
10,11|9|8|6|1|1|1|1|1|1,10,3,392386,silent,392383
10,11|9|8|5|2|1|1|1|1|1,10,8,1799109,silent,1799101
10,11|9|8|4|3|1|1|1|1|1,10,9,2415350,silent,2415341
10,11|9|8|4|2|2|1|1|1|1,10,9,2781886,silent,2781877
10,11|9|8|3|3|2|1|1|1|1,10,7,2384756,silent,2384749
10,11|9|8|3|2|2|2|1|1|1,10,6,1741491,silent,1741485
10,11|9|8|2|2|2|2|2|1|1,10,2,367791,silent,367789
10,11|9|7|7|1|1|1|1|1|1,10,0,-1,a0,
10,11|9|7|6|2|1|1|1|1|1,10,6,1838630,silent,1838624
10,11|9|7|5|3|1|1|1|1|1,10,13,4248203,silent,4248190
10,11|9|7|5|2|2|1|1|1|1,10,17,4573322,silent,4573305
10,11|9|7|4|4|1|1|1|1|1,10,6,2619559,silent,2619553
10,11|9|7|4|3|2|1|1|1|1,10,20,8237726,silent,8237706
10,11|9|7|4|2|2|2|1|1|1,10,14,4760226,silent,4760212
10,11|9|7|3|3|3|1|1|1|1,10,3,2693243,silent,2693240
10,11|9|7|3|3|2|2|1|1|1,10,6,4508894,silent,4508888
10,11|9|7|3|2|2|2|2|1|1,10,4,2137188,silent,2137184
10,11|9|7|2|2|2|2|2|2|1,10,1,320324,silent,320323
10,11|9|6|6|3|1|1|1|1|1,10,8,2310762,silent,2310754
10,11|9|6|6|2|2|1|1|1|1,10,4,2428802,silent,2428798
10,11|9|6|5|4|1|1|1|1|1,10,11,3753888,silent,3753877
10,11|9|6|5|3|2|1|1|1|1,10,22,9466454,silent,9466432
10,11|9|6|5|2|2|2|1|1|1,10,12,5086849,silent,5086837
10,11|9|6|4|4|2|1|1|1|1,10,12,6820913,silent,6820901
10,11|9|6|4|3|3|1|1|1|1,10,12,7030942,silent,7030930
10,11|9|6|4|3|2|2|1|1|1,10,16,11000951,silent,11000935
10,11|9|6|4|2|2|2|2|1|1,10,9,4106029,silent,4106020
10,11|9|6|3|3|3|2|1|1|1,10,2,4830953,silent,4830951
10,11|9|6|3|3|2|2|2|1|1,10,2,4196155,silent,4196153
10,11|9|6|3|2|2|2|2|2|1,10,1,1359834,silent,1359833
10,11|9|6|2|2|2|2|2|2|2,10,0,-1,a0,
10,11|9|5|5|5|1|1|1|1|1,10,3,867041,silent,867038
10,11|9|5|5|4|2|1|1|1|1,10,14,5127487,silent,5127473
10,11|9|5|5|3|3|1|1|1|1,10,4,4385952,silent,4385948
10,11|9|5|5|3|2|2|1|1|1,10,10,6706937,silent,6706927
10,11|9|5|5|2|2|2|2|1|1,10,2,2340041,silent,2340039
10,11|9|5|4|4|3|1|1|1|1,10,7,4945839,silent,4945832
10,11|9|5|4|4|2|2|1|1|1,10,11,6277097,silent,6277086
10,11|9|5|4|3|3|2|1|1|1,10,5,8410993,silent,8410988
10,11|9|5|4|3|2|2|2|1|1,10,5,6796203,silent,6796198
10,11|9|5|4|2|2|2|2|2|1,10,1,1743590,silent,1743589
10,11|9|5|3|3|3|3|1|1|1,10,0,-1,a0,
10,11|9|5|3|3|3|2|2|1|1,10,0,-1,a0,
10,11|9|5|3|3|2|2|2|2|1,10,0,-1,a0,
10,11|9|5|3|2|2|2|2|2|2,10,0,-1,a0,
10,11|9|4|4|4|4|1|1|1|1,10,0,-1,a0,
10,11|9|4|4|4|3|2|1|1|1,10,4,3145445,silent,3145441
10,11|9|4|4|4|2|2|2|1|1,10,4,2039128,silent,2039124
10,11|9|4|4|3|3|3|1|1|1,10,1,1832132,silent,1832131
10,11|9|4|4|3|3|2|2|1|1,10,0,-1,a0,
10,11|9|4|4|3|2|2|2|2|1,10,1,1642671,silent,1642670
10,11|9|4|4|2|2|2|2|2|2,10,0,-1,a0,
10,11|9|4|3|3|3|3|2|1|1,10,0,-1,a0,
10,11|9|4|3|3|3|2|2|2|1,10,0,-1,a0,
10,11|9|4|3|3|2|2|2|2|2,10,0,-1,a0,
10,11|9|3|3|3|3|3|3|1|1,10,0,-1,a0,
10,11|9|3|3|3|3|3|2|2|1,10,0,-1,a0,
10,11|9|3|3|3|3|2|2|2|2,10,0,-1,a0,
10,11|8|8|7|1|1|1|1|1|1,10,1,139497,silent,139496
10,11|8|8|6|2|1|1|1|1|1,10,5,983930,silent,983925
10,11|8|8|5|3|1|1|1|1|1,10,6,2120795,silent,2120789
10,11|8|8|5|2|2|1|1|1|1,10,7,2275285,silent,2275278
10,11|8|8|4|4|1|1|1|1|1,10,7,1278117,silent,1278110
10,11|8|8|4|3|2|1|1|1|1,10,8,3983960,silent,3983952
10,11|8|8|4|2|2|2|1|1|1,10,4,2290204,silent,2290200
10,11|8|8|3|3|3|1|1|1|1,10,1,1283118,silent,1283117
10,11|8|8|3|3|2|2|1|1|1,10,4,2145130,silent,2145126
10,11|8|8|3|2|2|2|2|1|1,10,2,1010445,silent,1010443
10,11|8|8|2|2|2|2|2|2|1,10,1,150324,silent,150323
10,11|8|7|7|2|1|1|1|1|1,10,2,666226,silent,666224
10,11|8|7|6|3|1|1|1|1|1,10,8,2900460,silent,2900452
10,11|8|7|6|2|2|1|1|1|1,10,8,3026022,silent,3026014
10,11|8|7|5|4|1|1|1|1|1,10,10,3775590,silent,3775580
10,11|8|7|5|3|2|1|1|1|1,10,20,9360352,silent,9360332
10,11|8|7|5|2|2|2|1|1|1,10,11,4982340,silent,4982329
10,11|8|7|4|4|2|1|1|1|1,10,13,6324090,silent,6324077
10,11|8|7|4|3|3|1|1|1|1,10,8,6425801,silent,6425793
10,11|8|7|4|3|2|2|1|1|1,10,14,10009390,silent,10009376
10,11|8|7|4|2|2|2|2|1|1,10,6,3696171,silent,3696165
10,11|8|7|3|3|3|2|1|1|1,10,2,4252736,silent,4252734
10,11|8|7|3|3|2|2|2|1|1,10,2,3673859,silent,3673857
10,11|8|7|3|2|2|2|2|2|1,10,1,1177243,silent,1177242
10,11|8|7|2|2|2|2|2|2|2,10,0,-1,a0,
10,11|8|6|6|4|1|1|1|1|1,10,6,2396179,silent,2396173
10,11|8|6|6|3|2|1|1|1|1,10,10,5569922,silent,5569912
10,11|8|6|6|2|2|2|1|1|1,10,4,2882871,silent,2882867
10,11|8|6|5|5|1|1|1|1|1,10,4,1871462,silent,1871458
10,11|8|6|5|4|2|1|1|1|1,10,19,10175839,silent,10175820
10,11|8|6|5|3|3|1|1|1|1,10,11,8445267,silent,8445256
10,11|8|6|5|3|2|2|1|1|1,10,17,12802422,silent,12802405
10,11|8|6|5|2|2|2|2|1|1,10,6,4375583,silent,4375577
10,11|8|6|4|4|3|1|1|1|1,10,12,7715472,silent,7715460
10,11|8|6|4|4|2|2|1|1|1,10,11,9705685,silent,9705674
10,11|8|6|4|3|3|2|1|1|1,10,9,12621104,silent,12621095
10,11|8|6|4|3|2|2|2|1|1,10,8,10091665,silent,10091657
10,11|8|6|4|2|2|2|2|2|1,10,3,2535361,silent,2535358
10,11|8|6|3|3|3|3|1|1|1,10,0,-1,a0,
10,11|8|6|3|3|3|2|2|1|1,10,0,-1,a0,
10,11|8|6|3|3|2|2|2|2|1,10,0,-1,a0,
10,11|8|6|3|2|2|2|2|2|2,10,0,-1,a0,
10,11|8|5|5|5|2|1|1|1|1,10,6,2571302,silent,2571296
10,11|8|5|5|4|3|1|1|1|1,10,9,6239486,silent,6239477
10,11|8|5|5|4|2|2|1|1|1,10,11,7673118,silent,7673107
10,11|8|5|5|3|3|2|1|1|1,10,4,8277760,silent,8277756
10,11|8|5|5|3|2|2|2|1|1,10,3,6443784,silent,6443781
10,11|8|5|5|2|2|2|2|2|1,10,0,-1,a0,
10,11|8|5|4|4|4|1|1|1|1,10,5,2512507,silent,2512502
10,11|8|5|4|4|3|2|1|1|1,10,9,9821955,silent,9821946
10,11|8|5|4|4|2|2|2|1|1,10,6,6246645,silent,6246639
10,11|8|5|4|3|3|3|1|1|1,10,1,5274098,silent,5274097
10,11|8|5|4|3|3|2|2|1|1,10,2,9128310,silent,9128308
10,11|8|5|4|3|2|2|2|2|1,10,1,4591420,silent,4591419
10,11|8|5|4|2|2|2|2|2|2,10,0,-1,a0,
10,11|8|5|3|3|3|3|2|1|1,10,0,-1,a0,
10,11|8|5|3|3|3|2|2|2|1,10,0,-1,a0,
10,11|8|5|3|3|2|2|2|2|2,10,0,-1,a0,
10,11|8|4|4|4|4|2|1|1|1,10,2,1752704,silent,1752702
10,11|8|4|4|4|3|3|1|1|1,10,2,2218374,silent,2218372
10,11|8|4|4|4|3|2|2|1|1,10,3,3601305,silent,3601302
10,11|8|4|4|4|2|2|2|2|1,10,2,1442175,silent,1442173
10,11|8|4|4|3|3|3|2|1|1,10,0,-1,a0,
10,11|8|4|4|3|3|2|2|2|1,10,0,-1,a0,
10,11|8|4|4|3|2|2|2|2|2,10,0,-1,a0,
10,11|8|4|3|3|3|3|3|1|1,10,0,-1,a0,
10,11|8|4|3|3|3|3|2|2|1,10,0,-1,a0,
10,11|8|4|3|3|3|2|2|2|2,10,0,-1,a0,
10,11|8|3|3|3|3|3|3|2|1,10,0,-1,a0,
10,11|8|3|3|3|3|3|2|2|2,10,0,-1,a0,
10,11|7|7|7|3|1|1|1|1|1,10,1,579682,silent,579681
10,11|7|7|7|2|2|1|1|1|1,10,3,596345,silent,596342
10,11|7|7|6|4|1|1|1|1|1,10,2,1644010,silent,1644008
10,11|7|7|6|3|2|1|1|1|1,10,7,3770794,silent,3770787
10,11|7|7|6|2|2|2|1|1|1,10,5,1938178,silent,1938173
10,11|7|7|5|5|1|1|1|1|1,10,4,1066821,silent,1066817
10,11|7|7|5|4|2|1|1|1|1,10,11,5623828,silent,5623817
10,11|7|7|5|3|3|1|1|1|1,10,5,4614168,silent,4614163
10,11|7|7|5|3|2|2|1|1|1,10,9,6967561,silent,6967552
10,11|7|7|5|2|2|2|2|1|1,10,2,2362513,silent,2362511
10,11|7|7|4|4|3|1|1|1|1,10,4,3980688,silent,3980684
10,11|7|7|4|4|2|2|1|1|1,10,10,4992718,silent,4992708
10,11|7|7|4|3|3|2|1|1|1,10,3,6413180,silent,6413177
10,11|7|7|4|3|2|2|2|1|1,10,3,5106310,silent,5106307
10,11|7|7|4|2|2|2|2|2|1,10,0,-1,a0,
10,11|7|7|3|3|3|3|1|1|1,10,0,-1,a0,
10,11|7|7|3|3|3|2|2|1|1,10,0,-1,a0,
10,11|7|7|3|3|2|2|2|2|1,10,0,-1,a0,
10,11|7|7|3|2|2|2|2|2|2,10,0,-1,a0,
10,11|7|6|6|5|1|1|1|1|1,10,1,1057297,silent,1057296
10,11|7|6|6|4|2|1|1|1|1,10,5,4518081,silent,4518076
10,11|7|6|6|3|3|1|1|1|1,10,5,3502978,silent,3502973
10,11|7|6|6|3|2|2|1|1|1,10,6,5228763,silent,5228757
10,11|7|6|6|2|2|2|2|1|1,10,3,1720086,silent,1720083
10,11|7|6|5|5|2|1|1|1|1,10,7,3803208,silent,3803201
10,11|7|6|5|4|3|1|1|1|1,10,11,8574830,silent,8574819
10,11|7|6|5|4|2|2|1|1|1,10,12,10461619,silent,10461607
10,11|7|6|5|3|3|2|1|1|1,10,7,10979011,silent,10979004
10,11|7|6|5|3|2|2|2|1|1,10,5,8465843,silent,8465838
10,11|7|6|5|2|2|2|2|2|1,10,1,1945534,silent,1945533
10,11|7|6|4|4|4|1|1|1|1,10,2,2765964,silent,2765962
10,11|7|6|4|4|3|2|1|1|1,10,10,10633960,silent,10633950
10,11|7|6|4|4|2|2|2|1|1,10,7,6701101,silent,6701094
10,11|7|6|4|3|3|3|1|1|1,10,1,5526845,silent,5526844
10,11|7|6|4|3|3|2|2|1|1,10,2,9523506,silent,9523504
10,11|7|6|4|3|2|2|2|2|1,10,1,4742275,silent,4742274
10,11|7|6|4|2|2|2|2|2|2,10,0,-1,a0,
10,11|7|6|3|3|3|3|2|1|1,10,0,-1,a0,
10,11|7|6|3|3|3|2|2|2|1,10,0,-1,a0,
10,11|7|6|3|3|2|2|2|2|2,10,0,-1,a0,
10,11|7|5|5|5|3|1|1|1|1,10,4,2595442,silent,2595438
10,11|7|5|5|5|2|2|1|1|1,10,2,2972140,silent,2972138
10,11|7|5|5|4|4|1|1|1|1,10,6,2610320,silent,2610314
10,11|7|5|5|4|3|2|1|1|1,10,7,9417506,silent,9417499
10,11|7|5|5|4|2|2|2|1|1,10,2,5777192,silent,5777190
10,11|7|5|5|3|3|3|1|1|1,10,0,-1,a0,
10,11|7|5|5|3|3|2|2|1|1,10,1,6811707,silent,6811706
10,11|7|5|5|3|2|2|2|2|1,10,0,-1,a0,
10,11|7|5|5|2|2|2|2|2|2,10,0,-1,a0,
10,11|7|5|4|4|4|2|1|1|1,10,7,4267549,silent,4267542
10,11|7|5|4|4|3|3|1|1|1,10,2,5237175,silent,5237173
10,11|7|5|4|4|3|2|2|1|1,10,5,8438248,silent,8438243
10,11|7|5|4|4|2|2|2|2|1,10,1,3311011,silent,3311010
10,11|7|5|4|3|3|3|2|1|1,10,0,-1,a0,
10,11|7|5|4|3|3|2|2|2|1,10,0,-1,a0,
10,11|7|5|4|3|2|2|2|2|2,10,0,-1,a0,
10,11|7|5|3|3|3|3|3|1|1,10,0,-1,a0,
10,11|7|5|3|3|3|3|2|2|1,10,0,-1,a0,
10,11|7|5|3|3|3|2|2|2|2,10,0,-1,a0,
10,11|7|4|4|4|4|3|1|1|1,10,1,1276900,silent,1276899
10,11|7|4|4|4|4|2|2|1|1,10,4,1668899,silent,1668895
10,11|7|4|4|4|3|3|2|1|1,10,1,2666320,silent,2666319
10,11|7|4|4|4|3|2|2|2|1,10,1,2137146,silent,2137145
10,11|7|4|4|4|2|2|2|2|2,10,0,-1,a0,
10,11|7|4|4|3|3|3|3|1|1,10,0,-1,a0,
10,11|7|4|4|3|3|3|2|2|1,10,0,-1,a0,
10,11|7|4|4|3|3|2|2|2|2,10,0,-1,a0,
10,11|7|4|3|3|3|3|3|2|1,10,0,-1,a0,
10,11|7|4|3|3|3|3|2|2|2,10,0,-1,a0,
10,11|7|3|3|3|3|3|3|3|1,10,0,-1,a0,
10,11|7|3|3|3|3|3|3|2|2,10,0,-1,a0,
10,11|6|6|6|6|1|1|1|1|1,10,1,125460,silent,125459
10,11|6|6|6|5|2|1|1|1|1,10,1,1156961,silent,1156960
10,11|6|6|6|4|3|1|1|1|1,10,2,2091039,silent,2091037
12,39|1|1|1|1|1|1|1|1|1,10,0,-1,a0,
12,38|2|1|1|1|1|1|1|1|1,10,0,-1,a0,
12,37|3|1|1|1|1|1|1|1|1,10,0,-1,a0,
12,37|2|2|1|1|1|1|1|1|1,10,0,-1,a0,
12,36|4|1|1|1|1|1|1|1|1,10,0,-1,a0,
12,36|3|2|1|1|1|1|1|1|1,10,0,-1,a0,
12,36|2|2|2|1|1|1|1|1|1,10,0,-1,a0,
12,35|5|1|1|1|1|1|1|1|1,10,0,-1,a0,
12,35|4|2|1|1|1|1|1|1|1,10,0,-1,a0,
12,35|3|3|1|1|1|1|1|1|1,10,0,-1,a0,
12,35|3|2|2|1|1|1|1|1|1,10,0,-1,a0,
12,35|2|2|2|2|1|1|1|1|1,10,0,-1,a0,
12,34|6|1|1|1|1|1|1|1|1,10,0,-1,a0,
12,34|5|2|1|1|1|1|1|1|1,10,0,-1,a0,
12,34|4|3|1|1|1|1|1|1|1,10,0,-1,a0,
12,34|4|2|2|1|1|1|1|1|1,10,0,-1,a0,
12,34|3|3|2|1|1|1|1|1|1,10,0,-1,a0,
12,34|3|2|2|2|1|1|1|1|1,10,0,-1,a0,
12,34|2|2|2|2|2|1|1|1|1,10,0,-1,a0,
12,33|7|1|1|1|1|1|1|1|1,10,0,-1,a0,
12,33|6|2|1|1|1|1|1|1|1,10,0,-1,a0,
12,33|5|3|1|1|1|1|1|1|1,10,0,-1,a0,
12,33|5|2|2|1|1|1|1|1|1,10,0,-1,a0,
12,33|4|4|1|1|1|1|1|1|1,10,0,-1,a0,
12,33|4|3|2|1|1|1|1|1|1,10,0,-1,a0,
12,33|4|2|2|2|1|1|1|1|1,10,0,-1,a0,
12,33|3|3|3|1|1|1|1|1|1,10,0,-1,a0,
12,33|3|3|2|2|1|1|1|1|1,10,0,-1,a0,
12,33|3|2|2|2|2|1|1|1|1,10,0,-1,a0,
12,33|2|2|2|2|2|2|1|1|1,10,0,-1,a0,
12,32|8|1|1|1|1|1|1|1|1,10,0,-1,a0,
12,32|7|2|1|1|1|1|1|1|1,10,0,-1,a0,
12,32|6|3|1|1|1|1|1|1|1,10,0,-1,a0,
12,32|6|2|2|1|1|1|1|1|1,10,0,-1,a0,
12,32|5|4|1|1|1|1|1|1|1,10,0,-1,a0,
12,32|5|3|2|1|1|1|1|1|1,10,0,-1,a0,
12,32|5|2|2|2|1|1|1|1|1,10,0,-1,a0,
12,32|4|4|2|1|1|1|1|1|1,10,0,-1,a0,
12,32|4|3|3|1|1|1|1|1|1,10,0,-1,a0,
12,32|4|3|2|2|1|1|1|1|1,10,0,-1,a0,
12,32|4|2|2|2|2|1|1|1|1,10,0,-1,a0,
12,32|3|3|3|2|1|1|1|1|1,10,0,-1,a0,
12,32|3|3|2|2|2|1|1|1|1,10,0,-1,a0,
12,32|3|2|2|2|2|2|1|1|1,10,0,-1,a0,
12,32|2|2|2|2|2|2|2|1|1,10,0,-1,a0,
12,31|9|1|1|1|1|1|1|1|1,10,0,-1,a0,
12,31|8|2|1|1|1|1|1|1|1,10,0,-1,a0,
12,31|7|3|1|1|1|1|1|1|1,10,0,-1,a0,
12,31|7|2|2|1|1|1|1|1|1,10,0,-1,a0,
12,31|6|4|1|1|1|1|1|1|1,10,0,-1,a0,
12,31|6|3|2|1|1|1|1|1|1,10,0,-1,a0,
12,31|6|2|2|2|1|1|1|1|1,10,0,-1,a0,
12,31|5|5|1|1|1|1|1|1|1,10,0,-1,a0,
12,31|5|4|2|1|1|1|1|1|1,10,0,-1,a0,
12,31|5|3|3|1|1|1|1|1|1,10,0,-1,a0,
12,31|5|3|2|2|1|1|1|1|1,10,0,-1,a0,
12,31|5|2|2|2|2|1|1|1|1,10,0,-1,a0,
12,31|4|4|3|1|1|1|1|1|1,10,0,-1,a0,
12,31|4|4|2|2|1|1|1|1|1,10,0,-1,a0,
12,31|4|3|3|2|1|1|1|1|1,10,0,-1,a0,
12,31|4|3|2|2|2|1|1|1|1,10,0,-1,a0,
12,31|4|2|2|2|2|2|1|1|1,10,0,-1,a0,
12,31|3|3|3|3|1|1|1|1|1,10,0,-1,a0,
12,31|3|3|3|2|2|1|1|1|1,10,0,-1,a0,
12,31|3|3|2|2|2|2|1|1|1,10,0,-1,a0,
12,31|3|2|2|2|2|2|2|1|1,10,0,-1,a0,
12,31|2|2|2|2|2|2|2|2|1,10,0,-1,a0,
12,30|10|1|1|1|1|1|1|1|1,10,0,-1,a0,
12,30|9|2|1|1|1|1|1|1|1,10,0,-1,a0,
12,30|8|3|1|1|1|1|1|1|1,10,0,-1,a0,
12,30|8|2|2|1|1|1|1|1|1,10,0,-1,a0,
12,30|7|4|1|1|1|1|1|1|1,10,0,-1,a0,
12,30|7|3|2|1|1|1|1|1|1,10,0,-1,a0,
12,30|7|2|2|2|1|1|1|1|1,10,0,-1,a0,
12,30|6|5|1|1|1|1|1|1|1,10,0,-1,a0,
12,30|6|4|2|1|1|1|1|1|1,10,0,-1,a0,
12,30|6|3|3|1|1|1|1|1|1,10,0,-1,a0,
12,30|6|3|2|2|1|1|1|1|1,10,0,-1,a0,
12,30|6|2|2|2|2|1|1|1|1,10,0,-1,a0,
12,30|5|5|2|1|1|1|1|1|1,10,0,-1,a0,
12,30|5|4|3|1|1|1|1|1|1,10,0,-1,a0,
12,30|5|4|2|2|1|1|1|1|1,10,0,-1,a0,
12,30|5|3|3|2|1|1|1|1|1,10,0,-1,a0,
12,30|5|3|2|2|2|1|1|1|1,10,0,-1,a0,
12,30|5|2|2|2|2|2|1|1|1,10,0,-1,a0,
12,30|4|4|4|1|1|1|1|1|1,10,0,-1,a0,
12,30|4|4|3|2|1|1|1|1|1,10,0,-1,a0,
12,30|4|4|2|2|2|1|1|1|1,10,0,-1,a0,
12,30|4|3|3|3|1|1|1|1|1,10,0,-1,a0,
12,30|4|3|3|2|2|1|1|1|1,10,0,-1,a0,
12,30|4|3|2|2|2|2|1|1|1,10,0,-1,a0,
12,30|4|2|2|2|2|2|2|1|1,10,0,-1,a0,
12,30|3|3|3|3|2|1|1|1|1,10,0,-1,a0,
12,30|3|3|3|2|2|2|1|1|1,10,0,-1,a0,
12,30|3|3|2|2|2|2|2|1|1,10,0,-1,a0,
12,30|3|2|2|2|2|2|2|2|1,10,0,-1,a0,
12,30|2|2|2|2|2|2|2|2|2,10,1,18,silent,17
12,29|11|1|1|1|1|1|1|1|1,10,0,-1,a0,
12,29|10|2|1|1|1|1|1|1|1,10,0,-1,a0,
12,29|9|3|1|1|1|1|1|1|1,10,0,-1,a0,
12,29|9|2|2|1|1|1|1|1|1,10,0,-1,a0,
12,29|8|4|1|1|1|1|1|1|1,10,0,-1,a0,
12,29|8|3|2|1|1|1|1|1|1,10,0,-1,a0,
12,29|8|2|2|2|1|1|1|1|1,10,0,-1,a0,
12,29|7|5|1|1|1|1|1|1|1,10,0,-1,a0,
12,29|7|4|2|1|1|1|1|1|1,10,0,-1,a0,
12,29|7|3|3|1|1|1|1|1|1,10,0,-1,a0,
12,29|7|3|2|2|1|1|1|1|1,10,0,-1,a0,
12,29|7|2|2|2|2|1|1|1|1,10,0,-1,a0,
12,29|6|6|1|1|1|1|1|1|1,10,0,-1,a0,
12,29|6|5|2|1|1|1|1|1|1,10,0,-1,a0,
12,29|6|4|3|1|1|1|1|1|1,10,0,-1,a0,
12,29|6|4|2|2|1|1|1|1|1,10,0,-1,a0,
12,29|6|3|3|2|1|1|1|1|1,10,0,-1,a0,
12,29|6|3|2|2|2|1|1|1|1,10,0,-1,a0,
12,29|6|2|2|2|2|2|1|1|1,10,0,-1,a0,
12,29|5|5|3|1|1|1|1|1|1,10,0,-1,a0,
12,29|5|5|2|2|1|1|1|1|1,10,0,-1,a0,
12,29|5|4|4|1|1|1|1|1|1,10,0,-1,a0,
12,29|5|4|3|2|1|1|1|1|1,10,0,-1,a0,
12,29|5|4|2|2|2|1|1|1|1,10,0,-1,a0,
12,29|5|3|3|3|1|1|1|1|1,10,0,-1,a0,
12,29|5|3|3|2|2|1|1|1|1,10,0,-1,a0,
12,29|5|3|2|2|2|2|1|1|1,10,0,-1,a0,
12,29|5|2|2|2|2|2|2|1|1,10,0,-1,a0,
12,29|4|4|4|2|1|1|1|1|1,10,0,-1,a0,
12,29|4|4|3|3|1|1|1|1|1,10,0,-1,a0,
12,29|4|4|3|2|2|1|1|1|1,10,0,-1,a0,
12,29|4|4|2|2|2|2|1|1|1,10,0,-1,a0,
12,29|4|3|3|3|2|1|1|1|1,10,0,-1,a0,
12,29|4|3|3|2|2|2|1|1|1,10,0,-1,a0,
12,29|4|3|2|2|2|2|2|1|1,10,0,-1,a0,
12,29|4|2|2|2|2|2|2|2|1,10,1,317,silent,316
12,29|3|3|3|3|3|1|1|1|1,10,0,-1,a0,
12,29|3|3|3|3|2|2|1|1|1,10,0,-1,a0,
12,29|3|3|3|2|2|2|2|1|1,10,0,-1,a0,
12,29|3|3|2|2|2|2|2|2|1,10,0,-1,a0,
12,29|3|2|2|2|2|2|2|2|2,10,1,52,silent,51
12,28|12|1|1|1|1|1|1|1|1,10,0,-1,a0,
12,28|11|2|1|1|1|1|1|1|1,10,0,-1,a0,
12,28|10|3|1|1|1|1|1|1|1,10,0,-1,a0,
12,28|10|2|2|1|1|1|1|1|1,10,0,-1,a0,
12,28|9|4|1|1|1|1|1|1|1,10,0,-1,a0,
12,28|9|3|2|1|1|1|1|1|1,10,0,-1,a0,
12,28|9|2|2|2|1|1|1|1|1,10,0,-1,a0,
12,28|8|5|1|1|1|1|1|1|1,10,0,-1,a0,
12,28|8|4|2|1|1|1|1|1|1,10,0,-1,a0,
12,28|8|3|3|1|1|1|1|1|1,10,0,-1,a0,
12,28|8|3|2|2|1|1|1|1|1,10,0,-1,a0,
12,28|8|2|2|2|2|1|1|1|1,10,0,-1,a0,
12,28|7|6|1|1|1|1|1|1|1,10,0,-1,a0,
12,28|7|5|2|1|1|1|1|1|1,10,0,-1,a0,
12,28|7|4|3|1|1|1|1|1|1,10,0,-1,a0,
12,28|7|4|2|2|1|1|1|1|1,10,0,-1,a0,
12,28|7|3|3|2|1|1|1|1|1,10,0,-1,a0,
12,28|7|3|2|2|2|1|1|1|1,10,0,-1,a0,
12,28|7|2|2|2|2|2|1|1|1,10,0,-1,a0,
12,28|6|6|2|1|1|1|1|1|1,10,0,-1,a0,
12,28|6|5|3|1|1|1|1|1|1,10,0,-1,a0,
12,28|6|5|2|2|1|1|1|1|1,10,0,-1,a0,
12,28|6|4|4|1|1|1|1|1|1,10,0,-1,a0,
12,28|6|4|3|2|1|1|1|1|1,10,0,-1,a0,
12,28|6|4|2|2|2|1|1|1|1,10,0,-1,a0,
12,28|6|3|3|3|1|1|1|1|1,10,0,-1,a0,
12,28|6|3|3|2|2|1|1|1|1,10,0,-1,a0,
12,28|6|3|2|2|2|2|1|1|1,10,0,-1,a0,
12,28|6|2|2|2|2|2|2|1|1,10,0,-1,a0,
12,28|5|5|4|1|1|1|1|1|1,10,0,-1,a0,
12,28|5|5|3|2|1|1|1|1|1,10,0,-1,a0,
12,28|5|5|2|2|2|1|1|1|1,10,0,-1,a0,
12,28|5|4|4|2|1|1|1|1|1,10,0,-1,a0,
12,28|5|4|3|3|1|1|1|1|1,10,0,-1,a0,
12,28|5|4|3|2|2|1|1|1|1,10,0,-1,a0,
12,28|5|4|2|2|2|2|1|1|1,10,0,-1,a0,
12,28|5|3|3|3|2|1|1|1|1,10,0,-1,a0,
12,28|5|3|3|2|2|2|1|1|1,10,0,-1,a0,
12,28|5|3|2|2|2|2|2|1|1,10,1,6183,silent,6182
12,28|5|2|2|2|2|2|2|2|1,10,2,851,silent,849
12,28|4|4|4|3|1|1|1|1|1,10,0,-1,a0,
12,28|4|4|4|2|2|1|1|1|1,10,0,-1,a0,
12,28|4|4|3|3|2|1|1|1|1,10,0,-1,a0,
12,28|4|4|3|2|2|2|1|1|1,10,0,-1,a0,
12,28|4|4|2|2|2|2|2|1|1,10,0,-1,a0,
12,28|4|3|3|3|3|1|1|1|1,10,0,-1,a0,
12,28|4|3|3|3|2|2|1|1|1,10,0,-1,a0,
12,28|4|3|3|2|2|2|2|1|1,10,0,-1,a0,
12,28|4|3|2|2|2|2|2|2|1,10,1,1510,silent,1509
12,28|4|2|2|2|2|2|2|2|2,10,3,206,silent,203
12,28|3|3|3|3|3|2|1|1|1,10,0,-1,a0,
12,28|3|3|3|3|2|2|2|1|1,10,0,-1,a0,
12,28|3|3|3|2|2|2|2|2|1,10,0,-1,a0,
12,28|3|3|2|2|2|2|2|2|2,10,0,-1,a0,
12,27|13|1|1|1|1|1|1|1|1,10,0,-1,a0,
12,27|12|2|1|1|1|1|1|1|1,10,0,-1,a0,
12,27|11|3|1|1|1|1|1|1|1,10,0,-1,a0,
12,27|11|2|2|1|1|1|1|1|1,10,0,-1,a0,
12,27|10|4|1|1|1|1|1|1|1,10,0,-1,a0,
12,27|10|3|2|1|1|1|1|1|1,10,0,-1,a0,
12,27|10|2|2|2|1|1|1|1|1,10,0,-1,a0,
12,27|9|5|1|1|1|1|1|1|1,10,0,-1,a0,
12,27|9|4|2|1|1|1|1|1|1,10,0,-1,a0,
12,27|9|3|3|1|1|1|1|1|1,10,0,-1,a0,
12,27|9|3|2|2|1|1|1|1|1,10,0,-1,a0,
12,27|9|2|2|2|2|1|1|1|1,10,0,-1,a0,
12,27|8|6|1|1|1|1|1|1|1,10,0,-1,a0,
12,27|8|5|2|1|1|1|1|1|1,10,0,-1,a0,
12,27|8|4|3|1|1|1|1|1|1,10,0,-1,a0,
12,27|8|4|2|2|1|1|1|1|1,10,0,-1,a0,
12,27|8|3|3|2|1|1|1|1|1,10,0,-1,a0,
12,27|8|3|2|2|2|1|1|1|1,10,0,-1,a0,
12,27|8|2|2|2|2|2|1|1|1,10,0,-1,a0,
12,27|7|7|1|1|1|1|1|1|1,10,0,-1,a0,
12,27|7|6|2|1|1|1|1|1|1,10,0,-1,a0,
12,27|7|5|3|1|1|1|1|1|1,10,0,-1,a0,
12,27|7|5|2|2|1|1|1|1|1,10,0,-1,a0,
12,27|7|4|4|1|1|1|1|1|1,10,0,-1,a0,
12,27|7|4|3|2|1|1|1|1|1,10,0,-1,a0,
12,27|7|4|2|2|2|1|1|1|1,10,0,-1,a0,
12,27|7|3|3|3|1|1|1|1|1,10,0,-1,a0,
12,27|7|3|3|2|2|1|1|1|1,10,0,-1,a0,
12,27|7|3|2|2|2|2|1|1|1,10,0,-1,a0,
12,27|7|2|2|2|2|2|2|1|1,10,1,4378,silent,4377
12,27|6|6|3|1|1|1|1|1|1,10,0,-1,a0,
12,27|6|6|2|2|1|1|1|1|1,10,0,-1,a0,
12,27|6|5|4|1|1|1|1|1|1,10,0,-1,a0,
12,27|6|5|3|2|1|1|1|1|1,10,0,-1,a0,
12,27|6|5|2|2|2|1|1|1|1,10,0,-1,a0,
12,27|6|4|4|2|1|1|1|1|1,10,0,-1,a0,
12,27|6|4|3|3|1|1|1|1|1,10,0,-1,a0,
12,27|6|4|3|2|2|1|1|1|1,10,0,-1,a0,
12,27|6|4|2|2|2|2|1|1|1,10,0,-1,a0,
12,27|6|3|3|3|2|1|1|1|1,10,0,-1,a0,
12,27|6|3|3|2|2|2|1|1|1,10,1,42403,silent,42402
12,27|6|3|2|2|2|2|2|1|1,10,2,14862,silent,14860
12,27|6|2|2|2|2|2|2|2|1,10,4,1877,silent,1873
12,27|5|5|5|1|1|1|1|1|1,10,0,-1,a0,
12,27|5|5|4|2|1|1|1|1|1,10,0,-1,a0,
12,27|5|5|3|3|1|1|1|1|1,10,0,-1,a0,
12,27|5|5|3|2|2|1|1|1|1,10,0,-1,a0,
12,27|5|5|2|2|2|2|1|1|1,10,1,22153,silent,22152
12,27|5|4|4|3|1|1|1|1|1,10,0,-1,a0,
12,27|5|4|4|2|2|1|1|1|1,10,0,-1,a0,
12,27|5|4|3|3|2|1|1|1|1,10,0,-1,a0,
12,27|5|4|3|2|2|2|1|1|1,10,0,-1,a0,
12,27|5|4|2|2|2|2|2|1|1,10,2,16655,silent,16653
12,27|5|3|3|3|3|1|1|1|1,10,0,-1,a0,
12,27|5|3|3|3|2|2|1|1|1,10,0,-1,a0,
12,27|5|3|3|2|2|2|2|1|1,10,1,18472,silent,18471
12,27|5|3|2|2|2|2|2|2|1,10,4,4831,silent,4827
12,27|5|2|2|2|2|2|2|2|2,10,3,471,silent,468
12,27|4|4|4|4|1|1|1|1|1,10,0,-1,a0,
12,27|4|4|4|3|2|1|1|1|1,10,0,-1,a0,
12,27|4|4|4|2|2|2|1|1|1,10,0,-1,a0,
12,27|4|4|3|3|3|1|1|1|1,10,0,-1,a0,
12,27|4|4|3|3|2|2|1|1|1,10,0,-1,a0,
12,27|4|4|3|2|2|2|2|1|1,10,0,-1,a0,
12,27|4|4|2|2|2|2|2|2|1,10,3,3059,silent,3056
12,27|4|3|3|3|3|2|1|1|1,10,0,-1,a0,
12,27|4|3|3|3|2|2|2|1|1,10,0,-1,a0,
12,27|4|3|3|2|2|2|2|2|1,10,0,-1,a0,
12,27|4|3|2|2|2|2|2|2|2,10,2,760,silent,758
12,27|3|3|3|3|3|3|1|1|1,10,0,-1,a0,
12,27|3|3|3|3|3|2|2|1|1,10,0,-1,a0,
12,27|3|3|3|3|2|2|2|2|1,10,0,-1,a0,
12,27|3|3|3|2|2|2|2|2|2,10,0,-1,a0,
12,26|14|1|1|1|1|1|1|1|1,10,0,-1,a0,
12,26|13|2|1|1|1|1|1|1|1,10,0,-1,a0,
12,26|12|3|1|1|1|1|1|1|1,10,0,-1,a0,
12,26|12|2|2|1|1|1|1|1|1,10,0,-1,a0,
12,26|11|4|1|1|1|1|1|1|1,10,0,-1,a0,
12,26|11|3|2|1|1|1|1|1|1,10,0,-1,a0,
12,26|11|2|2|2|1|1|1|1|1,10,0,-1,a0,
12,26|10|5|1|1|1|1|1|1|1,10,0,-1,a0,
12,26|10|4|2|1|1|1|1|1|1,10,0,-1,a0,
12,26|10|3|3|1|1|1|1|1|1,10,0,-1,a0,
12,26|10|3|2|2|1|1|1|1|1,10,0,-1,a0,
12,26|10|2|2|2|2|1|1|1|1,10,0,-1,a0,
12,26|9|6|1|1|1|1|1|1|1,10,0,-1,a0,
12,26|9|5|2|1|1|1|1|1|1,10,0,-1,a0,
12,26|9|4|3|1|1|1|1|1|1,10,0,-1,a0,
12,26|9|4|2|2|1|1|1|1|1,10,0,-1,a0,
12,26|9|3|3|2|1|1|1|1|1,10,0,-1,a0,
12,26|9|3|2|2|2|1|1|1|1,10,0,-1,a0,
12,26|9|2|2|2|2|2|1|1|1,10,0,-1,a0,
12,26|8|7|1|1|1|1|1|1|1,10,0,-1,a0,
12,26|8|6|2|1|1|1|1|1|1,10,0,-1,a0,
12,26|8|5|3|1|1|1|1|1|1,10,0,-1,a0,
12,26|8|5|2|2|1|1|1|1|1,10,0,-1,a0,
12,26|8|4|4|1|1|1|1|1|1,10,0,-1,a0,
12,26|8|4|3|2|1|1|1|1|1,10,0,-1,a0,
12,26|8|4|2|2|2|1|1|1|1,10,0,-1,a0,
12,26|8|3|3|3|1|1|1|1|1,10,0,-1,a0,
12,26|8|3|3|2|2|1|1|1|1,10,0,-1,a0,
12,26|8|3|2|2|2|2|1|1|1,10,1,48906,silent,48905
12,26|8|2|2|2|2|2|2|1|1,10,1,7325,silent,7324
12,26|7|7|2|1|1|1|1|1|1,10,0,-1,a0,
12,26|7|6|3|1|1|1|1|1|1,10,0,-1,a0,
12,26|7|6|2|2|1|1|1|1|1,10,0,-1,a0,
12,26|7|5|4|1|1|1|1|1|1,10,0,-1,a0,
12,26|7|5|3|2|1|1|1|1|1,10,0,-1,a0,
12,26|7|5|2|2|2|1|1|1|1,10,0,-1,a0,
12,26|7|4|4|2|1|1|1|1|1,10,0,-1,a0,
12,26|7|4|3|3|1|1|1|1|1,10,0,-1,a0,
12,26|7|4|3|2|2|1|1|1|1,10,0,-1,a0,
12,26|7|4|2|2|2|2|1|1|1,10,1,93868,silent,93867
12,26|7|3|3|3|2|1|1|1|1,10,1,101466,silent,101465
12,26|7|3|3|2|2|2|1|1|1,10,2,89330,silent,89328
12,26|7|3|2|2|2|2|2|1|1,10,6,30249,silent,30243
12,26|7|2|2|2|2|2|2|2|1,10,6,3565,silent,3559
12,26|6|6|4|1|1|1|1|1|1,10,0,-1,a0,
12,26|6|6|3|2|1|1|1|1|1,10,0,-1,a0,
12,26|6|6|2|2|2|1|1|1|1,10,0,-1,a0,
12,26|6|5|5|1|1|1|1|1|1,10,0,-1,a0,
12,26|6|5|4|2|1|1|1|1|1,10,0,-1,a0,
12,26|6|5|3|3|1|1|1|1|1,10,0,-1,a0,
12,26|6|5|3|2|2|1|1|1|1,10,1,246649,silent,246648
12,26|6|5|2|2|2|2|1|1|1,10,2,84117,silent,84115
12,26|6|4|4|3|1|1|1|1|1,10,0,-1,a0,
12,26|6|4|4|2|2|1|1|1|1,10,0,-1,a0,
12,26|6|4|3|3|2|1|1|1|1,10,0,-1,a0,
12,26|6|4|3|2|2|2|1|1|1,10,2,177781,silent,177779
12,26|6|4|2|2|2|2|2|1|1,10,5,46741,silent,46736
12,26|6|3|3|3|3|1|1|1|1,10,0,-1,a0,
12,26|6|3|3|3|2|2|1|1|1,10,1,81562,silent,81561
12,26|6|3|3|2|2|2|2|1|1,10,4,47929,silent,47925
12,26|6|3|2|2|2|2|2|2|1,10,8,11842,silent,11834
12,26|6|2|2|2|2|2|2|2|2,10,7,1070,silent,1063
12,26|5|5|5|2|1|1|1|1|1,10,0,-1,a0,
12,26|5|5|4|3|1|1|1|1|1,10,0,-1,a0,
12,26|5|5|4|2|2|1|1|1|1,10,0,-1,a0,
12,26|5|5|3|3|2|1|1|1|1,10,0,-1,a0,
12,26|5|5|3|2|2|2|1|1|1,10,2,99110,silent,99108
12,26|5|5|2|2|2|2|2|1|1,10,5,24737,silent,24732
12,26|5|4|4|4|1|1|1|1|1,10,0,-1,a0,
12,26|5|4|4|3|2|1|1|1|1,10,0,-1,a0,
12,26|5|4|4|2|2|2|1|1|1,10,0,-1,a0,
12,26|5|4|3|3|3|1|1|1|1,10,0,-1,a0,
12,26|5|4|3|3|2|2|1|1|1,10,0,-1,a0,
12,26|5|4|3|2|2|2|2|1|1,10,4,68319,silent,68315
12,26|5|4|2|2|2|2|2|2|1,10,8,13438,silent,13430
12,26|5|3|3|3|3|2|1|1|1,10,0,-1,a0,
12,26|5|3|3|3|2|2|2|1|1,10,0,-1,a0,
12,26|5|3|3|2|2|2|2|2|1,10,2,14726,silent,14724
12,26|5|3|2|2|2|2|2|2|2,10,3,2380,silent,2377
12,26|4|4|4|4|2|1|1|1|1,10,0,-1,a0,
12,26|4|4|4|3|3|1|1|1|1,10,0,-1,a0,
12,26|4|4|4|3|2|2|1|1|1,10,0,-1,a0,
12,26|4|4|4|2|2|2|2|1|1,10,0,-1,a0,
12,26|4|4|3|3|3|2|1|1|1,10,0,-1,a0,
12,26|4|4|3|3|2|2|2|1|1,10,0,-1,a0,
12,26|4|4|3|2|2|2|2|2|1,10,2,11578,silent,11576
12,26|4|4|2|2|2|2|2|2|2,10,5,1695,silent,1690
12,26|4|3|3|3|3|3|1|1|1,10,0,-1,a0,
12,26|4|3|3|3|3|2|2|1|1,10,0,-1,a0,
12,26|4|3|3|3|2|2|2|2|1,10,0,-1,a0,
12,26|4|3|3|2|2|2|2|2|2,10,0,-1,a0,
12,26|3|3|3|3|3|3|2|1|1,10,0,-1,a0,
12,26|3|3|3|3|3|2|2|2|1,10,0,-1,a0,
12,26|3|3|3|3|2|2|2|2|2,10,0,-1,a0,
12,25|15|1|1|1|1|1|1|1|1,10,0,-1,a0,
12,25|14|2|1|1|1|1|1|1|1,10,0,-1,a0,
12,25|13|3|1|1|1|1|1|1|1,10,0,-1,a0,
12,25|13|2|2|1|1|1|1|1|1,10,0,-1,a0,
12,25|12|4|1|1|1|1|1|1|1,10,0,-1,a0,
12,25|12|3|2|1|1|1|1|1|1,10,0,-1,a0,
12,25|12|2|2|2|1|1|1|1|1,10,0,-1,a0,
12,25|11|5|1|1|1|1|1|1|1,10,0,-1,a0,
12,25|11|4|2|1|1|1|1|1|1,10,0,-1,a0,
12,25|11|3|3|1|1|1|1|1|1,10,0,-1,a0,
12,25|11|3|2|2|1|1|1|1|1,10,0,-1,a0,
12,25|11|2|2|2|2|1|1|1|1,10,0,-1,a0,
12,25|10|6|1|1|1|1|1|1|1,10,0,-1,a0,
12,25|10|5|2|1|1|1|1|1|1,10,0,-1,a0,
12,25|10|4|3|1|1|1|1|1|1,10,0,-1,a0,
12,25|10|4|2|2|1|1|1|1|1,10,0,-1,a0,
12,25|10|3|3|2|1|1|1|1|1,10,0,-1,a0,
12,25|10|3|2|2|2|1|1|1|1,10,0,-1,a0,
12,25|10|2|2|2|2|2|1|1|1,10,0,-1,a0,
12,25|9|7|1|1|1|1|1|1|1,10,0,-1,a0,
12,25|9|6|2|1|1|1|1|1|1,10,0,-1,a0,
12,25|9|5|3|1|1|1|1|1|1,10,0,-1,a0,
12,25|9|5|2|2|1|1|1|1|1,10,0,-1,a0,
12,25|9|4|4|1|1|1|1|1|1,10,0,-1,a0,
12,25|9|4|3|2|1|1|1|1|1,10,0,-1,a0,
12,25|9|4|2|2|2|1|1|1|1,10,0,-1,a0,
12,25|9|3|3|3|1|1|1|1|1,10,0,-1,a0,
12,25|9|3|3|2|2|1|1|1|1,10,1,168190,silent,168189
12,25|9|3|2|2|2|2|1|1|1,10,2,77978,silent,77976
12,25|9|2|2|2|2|2|2|1|1,10,3,11489,silent,11486
12,25|8|8|1|1|1|1|1|1|1,10,0,-1,a0,
12,25|8|7|2|1|1|1|1|1|1,10,0,-1,a0,
12,25|8|6|3|1|1|1|1|1|1,10,0,-1,a0,
12,25|8|6|2|2|1|1|1|1|1,10,0,-1,a0,
12,25|8|5|4|1|1|1|1|1|1,10,0,-1,a0,
12,25|8|5|3|2|1|1|1|1|1,10,0,-1,a0,
12,25|8|5|2|2|2|1|1|1|1,10,1,281364,silent,281363
12,25|8|4|4|2|1|1|1|1|1,10,0,-1,a0,
12,25|8|4|3|3|1|1|1|1|1,10,0,-1,a0,
12,25|8|4|3|2|2|1|1|1|1,10,1,492197,silent,492196
12,25|8|4|2|2|2|2|1|1|1,10,3,176879,silent,176876
12,25|8|3|3|3|2|1|1|1|1,10,2,189653,silent,189651
12,25|8|3|3|2|2|2|1|1|1,10,6,164197,silent,164191
12,25|8|3|2|2|2|2|2|1|1,10,10,53884,silent,53874
12,25|8|2|2|2|2|2|2|2|1,10,9,6061,silent,6052
12,25|7|7|3|1|1|1|1|1|1,10,0,-1,a0,
12,25|7|7|2|2|1|1|1|1|1,10,0,-1,a0,
12,25|7|6|4|1|1|1|1|1|1,10,0,-1,a0,
12,25|7|6|3|2|1|1|1|1|1,10,0,-1,a0,
12,25|7|6|2|2|2|1|1|1|1,10,0,-1,a0,
12,25|7|5|5|1|1|1|1|1|1,10,0,-1,a0,
12,25|7|5|4|2|1|1|1|1|1,10,0,-1,a0,
12,25|7|5|3|3|1|1|1|1|1,10,1,435682,silent,435681
12,25|7|5|3|2|2|1|1|1|1,10,3,647474,silent,647471
12,25|7|5|2|2|2|2|1|1|1,10,7,214419,silent,214412
12,25|7|4|4|3|1|1|1|1|1,10,0,-1,a0,
12,25|7|4|4|2|2|1|1|1|1,10,0,-1,a0,
12,25|7|4|3|3|2|1|1|1|1,10,2,517640,silent,517638
12,25|7|4|3|2|2|2|1|1|1,10,7,411714,silent,411707
12,25|7|4|2|2|2|2|2|1|1,10,15,105034,silent,105019
12,25|7|3|3|3|3|1|1|1|1,10,1,99822,silent,99821
12,25|7|3|3|3|2|2|1|1|1,10,4,179408,silent,179404
12,25|7|3|3|2|2|2|2|1|1,10,9,102317,silent,102308
12,25|7|3|2|2|2|2|2|2|1,10,15,24241,silent,24226
12,25|7|2|2|2|2|2|2|2|2,10,7,1899,silent,1892
12,25|6|6|5|1|1|1|1|1|1,10,0,-1,a0,
12,25|6|6|4|2|1|1|1|1|1,10,1,288116,silent,288115
12,25|6|6|3|3|1|1|1|1|1,10,0,-1,a0,
12,25|6|6|3|2|2|1|1|1|1,10,2,311402,silent,311400
12,25|6|6|2|2|2|2|1|1|1,10,1,99518,silent,99517
12,25|6|5|5|2|1|1|1|1|1,10,0,-1,a0,
12,25|6|5|4|3|1|1|1|1|1,10,0,-1,a0,
12,25|6|5|4|2|2|1|1|1|1,10,2,525208,silent,525206
12,25|6|5|3|3|2|1|1|1|1,10,2,523673,silent,523671
12,25|6|5|3|2|2|2|1|1|1,10,10,403088,silent,403078
12,25|6|5|2|2|2|2|2|1|1,10,12,94969,silent,94957
12,25|6|4|4|4|1|1|1|1|1,10,0,-1,a0,
12,25|6|4|4|3|2|1|1|1|1,10,0,-1,a0,
12,25|6|4|4|2|2|2|1|1|1,10,1,290624,silent,290623
12,25|6|4|3|3|3|1|1|1|1,10,0,-1,a0,
12,25|6|4|3|3|2|2|1|1|1,10,4,394322,silent,394318
12,25|6|4|3|2|2|2|2|1|1,10,13,205823,silent,205810
12,25|6|4|2|2|2|2|2|2|1,10,19,38295,silent,38276
12,25|6|3|3|3|3|2|1|1|1,10,0,-1,a0,
12,25|6|3|3|3|2|2|2|1|1,10,2,98841,silent,98839
12,25|6|3|3|2|2|2|2|2|1,10,5,38727,silent,38722
12,25|6|3|2|2|2|2|2|2|2,10,8,5970,silent,5962
12,25|5|5|5|3|1|1|1|1|1,10,0,-1,a0,
12,25|5|5|5|2|2|1|1|1|1,10,1,113909,silent,113908
12,25|5|5|4|4|1|1|1|1|1,10,0,-1,a0,
12,25|5|5|4|3|2|1|1|1|1,10,0,-1,a0,
12,25|5|5|4|2|2|2|1|1|1,10,5,202694,silent,202689
12,25|5|5|3|3|3|1|1|1|1,10,0,-1,a0,
12,25|5|5|3|3|2|2|1|1|1,10,1,227167,silent,227166
12,25|5|5|3|2|2|2|2|1|1,10,9,115667,silent,115658
12,25|5|5|2|2|2|2|2|2|1,10,6,19824,silent,19818
12,25|5|4|4|4|2|1|1|1|1,10,0,-1,a0,
12,25|5|4|4|3|3|1|1|1|1,10,0,-1,a0,
12,25|5|4|4|3|2|2|1|1|1,10,0,-1,a0,
12,25|5|4|4|2|2|2|2|1|1,10,5,105412,silent,105407
12,25|5|4|3|3|3|2|1|1|1,10,0,-1,a0,
12,25|5|4|3|3|2|2|2|1|1,10,2,154968,silent,154966
12,25|5|4|3|2|2|2|2|2|1,10,10,56309,silent,56299
12,25|5|4|2|2|2|2|2|2|2,10,7,6872,silent,6865
12,25|5|3|3|3|3|3|1|1|1,10,0,-1,a0,
12,25|5|3|3|3|3|2|2|1|1,10,0,-1,a0,
12,25|5|3|3|3|2|2|2|2|1,10,0,-1,a0,
12,25|5|3|3|2|2|2|2|2|2,10,1,7251,silent,7250
12,25|4|4|4|4|3|1|1|1|1,10,0,-1,a0,
12,25|4|4|4|4|2|2|1|1|1,10,0,-1,a0,
12,25|4|4|4|3|3|2|1|1|1,10,0,-1,a0,
12,25|4|4|4|3|2|2|2|1|1,10,0,-1,a0,
12,25|4|4|4|2|2|2|2|2|1,10,4,15953,silent,15949
12,25|4|4|3|3|3|3|1|1|1,10,0,-1,a0,
12,25|4|4|3|3|3|2|2|1|1,10,0,-1,a0,
12,25|4|4|3|3|2|2|2|2|1,10,0,-1,a0,
12,25|4|4|3|2|2|2|2|2|2,10,3,5979,silent,5976
12,25|4|3|3|3|3|3|2|1|1,10,0,-1,a0,
12,25|4|3|3|3|3|2|2|2|1,10,0,-1,a0,
12,25|4|3|3|3|2|2|2|2|2,10,0,-1,a0,
12,25|3|3|3|3|3|3|3|1|1,10,0,-1,a0,
12,25|3|3|3|3|3|3|2|2|1,10,0,-1,a0,
12,25|3|3|3|3|3|2|2|2|2,10,0,-1,a0,
12,24|16|1|1|1|1|1|1|1|1,10,0,-1,a0,
12,24|15|2|1|1|1|1|1|1|1,10,0,-1,a0,
12,24|14|3|1|1|1|1|1|1|1,10,0,-1,a0,
12,24|14|2|2|1|1|1|1|1|1,10,0,-1,a0,
12,24|13|4|1|1|1|1|1|1|1,10,0,-1,a0,
12,24|13|3|2|1|1|1|1|1|1,10,0,-1,a0,
12,24|13|2|2|2|1|1|1|1|1,10,0,-1,a0,
12,24|12|5|1|1|1|1|1|1|1,10,0,-1,a0,
12,24|12|4|2|1|1|1|1|1|1,10,0,-1,a0,
12,24|12|3|3|1|1|1|1|1|1,10,0,-1,a0,
12,24|12|3|2|2|1|1|1|1|1,10,0,-1,a0,
12,24|12|2|2|2|2|1|1|1|1,10,0,-1,a0,
12,24|11|6|1|1|1|1|1|1|1,10,0,-1,a0,
12,24|11|5|2|1|1|1|1|1|1,10,0,-1,a0,
12,24|11|4|3|1|1|1|1|1|1,10,0,-1,a0,
12,24|11|4|2|2|1|1|1|1|1,10,0,-1,a0,
12,24|11|3|3|2|1|1|1|1|1,10,0,-1,a0,
12,24|11|3|2|2|2|1|1|1|1,10,0,-1,a0,
12,24|11|2|2|2|2|2|1|1|1,10,0,-1,a0,
12,24|10|7|1|1|1|1|1|1|1,10,0,-1,a0,
12,24|10|6|2|1|1|1|1|1|1,10,0,-1,a0,
12,24|10|5|3|1|1|1|1|1|1,10,0,-1,a0,
12,24|10|5|2|2|1|1|1|1|1,10,0,-1,a0,
12,24|10|4|4|1|1|1|1|1|1,10,0,-1,a0,
12,24|10|4|3|2|1|1|1|1|1,10,0,-1,a0,
12,24|10|4|2|2|2|1|1|1|1,10,1,287804,silent,287803
12,24|10|3|3|3|1|1|1|1|1,10,1,151660,silent,151659
12,24|10|3|3|2|2|1|1|1|1,10,2,248234,silent,248232
12,24|10|3|2|2|2|2|1|1|1,10,4,113378,silent,113374
12,24|10|2|2|2|2|2|2|1|1,10,3,16192,silent,16189
12,24|9|8|1|1|1|1|1|1|1,10,0,-1,a0,
12,24|9|7|2|1|1|1|1|1|1,10,0,-1,a0,
12,24|9|6|3|1|1|1|1|1|1,10,0,-1,a0,
12,24|9|6|2|2|1|1|1|1|1,10,0,-1,a0,
12,24|9|5|4|1|1|1|1|1|1,10,0,-1,a0,
12,24|9|5|3|2|1|1|1|1|1,10,1,974969,silent,974968
12,24|9|5|2|2|2|1|1|1|1,10,2,492641,silent,492639
12,24|9|4|4|2|1|1|1|1|1,10,0,-1,a0,
12,24|9|4|3|3|1|1|1|1|1,10,1,550158,silent,550157
12,24|9|4|3|2|2|1|1|1|1,10,4,837291,silent,837287
12,24|9|4|2|2|2|2|1|1|1,10,8,295706,silent,295698
12,24|9|3|3|3|2|1|1|1|1,10,5,316111,silent,316106
12,24|9|3|3|2|2|2|1|1|1,10,12,269882,silent,269870
12,24|9|3|2|2|2|2|2|1|1,10,17,86667,silent,86650
12,24|9|2|2|2|2|2|2|2|1,10,12,9361,silent,9349
12,24|8|8|2|1|1|1|1|1|1,10,0,-1,a0,
12,24|8|7|3|1|1|1|1|1|1,10,0,-1,a0,
12,24|8|7|2|2|1|1|1|1|1,10,0,-1,a0,
12,24|8|6|4|1|1|1|1|1|1,10,0,-1,a0,
12,24|8|6|3|2|1|1|1|1|1,10,1,1053666,silent,1053665
12,24|8|6|2|2|2|1|1|1|1,10,3,513741,silent,513738
12,24|8|5|5|1|1|1|1|1|1,10,0,-1,a0,
12,24|8|5|4|2|1|1|1|1|1,10,1,1208631,silent,1208630
12,24|8|5|3|3|1|1|1|1|1,10,2,926495,silent,926493
12,24|8|5|3|2|2|1|1|1|1,10,10,1363060,silent,1363050
12,24|8|5|2|2|2|2|1|1|1,10,16,441142,silent,441126
12,24|8|4|4|3|1|1|1|1|1,10,0,-1,a0,
12,24|8|4|4|2|2|1|1|1|1,10,2,859379,silent,859377
12,24|8|4|3|3|2|1|1|1|1,10,7,1030305,silent,1030298
12,24|8|4|3|2|2|2|1|1|1,10,20,806941,silent,806921
12,24|8|4|2|2|2|2|2|1|1,10,25,199855,silent,199830
12,24|8|3|3|3|3|1|1|1|1,10,3,191641,silent,191638
12,24|8|3|3|3|2|2|1|1|1,10,9,340818,silent,340809
12,24|8|3|3|2|2|2|2|1|1,10,20,190385,silent,190365
12,24|8|3|2|2|2|2|2|2|1,10,23,43570,silent,43547
12,24|8|2|2|2|2|2|2|2|2,10,12,3298,silent,3286
12,24|7|7|4|1|1|1|1|1|1,10,0,-1,a0,
12,24|7|7|3|2|1|1|1|1|1,10,0,-1,a0,
12,24|7|7|2|2|2|1|1|1|1,10,0,-1,a0,
12,24|7|6|5|1|1|1|1|1|1,10,0,-1,a0,
12,24|7|6|4|2|1|1|1|1|1,10,2,1071970,silent,1071968
12,24|7|6|3|3|1|1|1|1|1,10,3,769835,silent,769832
12,24|7|6|3|2|2|1|1|1|1,10,8,1116710,silent,1116702
12,24|7|6|2|2|2|2|1|1|1,10,10,348053,silent,348043
12,24|7|5|5|2|1|1|1|1|1,10,1,630854,silent,630853
12,24|7|5|4|3|1|1|1|1|1,10,2,1239009,silent,1239007
12,24|7|5|4|2|2|1|1|1|1,10,8,1466583,silent,1466575
12,24|7|5|3|3|2|1|1|1|1,10,12,1428187,silent,1428175
12,24|7|5|3|2|2|2|1|1|1,10,30,1078271,silent,1078241
12,24|7|5|2|2|2|2|2|1|1,10,33,245891,silent,245858
12,24|7|4|4|4|1|1|1|1|1,10,0,-1,a0,
12,24|7|4|4|3|2|1|1|1|1,10,1,1166246,silent,1166245
12,24|7|4|4|2|2|2|1|1|1,10,9,718232,silent,718223
12,24|7|4|3|3|3|1|1|1|1,10,4,550505,silent,550501
12,24|7|4|3|3|2|2|1|1|1,10,14,949352,silent,949338
12,24|7|4|3|2|2|2|2|1|1,10,34,483770,silent,483736
12,24|7|4|2|2|2|2|2|2|1,10,34,86118,silent,86084
12,24|7|3|3|3|3|2|1|1|1,10,2,236328,silent,236326
12,24|7|3|3|3|2|2|2|1|1,10,5,220365,silent,220360
12,24|7|3|3|2|2|2|2|2|1,10,12,83798,silent,83786
12,24|7|3|2|2|2|2|2|2|2,10,11,12154,silent,12143
12,24|6|6|6|1|1|1|1|1|1,10,1,54336,silent,54335
12,24|6|6|5|2|1|1|1|1|1,10,2,406624,silent,406622
12,24|6|6|4|3|1|1|1|1|1,10,2,650472,silent,650470
12,24|6|6|4|2|2|1|1|1|1,10,6,762824,silent,762818
12,24|6|6|3|3|2|1|1|1|1,10,5,699416,silent,699411
12,24|6|6|3|2|2|2|1|1|1,10,12,520615,silent,520603
12,24|6|6|2|2|2|2|2|1|1,10,8,114016,silent,114008
12,24|6|5|5|3|1|1|1|1|1,10,1,518181,silent,518180
12,24|6|5|5|2|2|1|1|1|1,10,6,572357,silent,572351
12,24|6|5|4|4|1|1|1|1|1,10,0,-1,a0,
12,24|6|5|4|3|2|1|1|1|1,10,6,1509956,silent,1509950
12,24|6|5|4|2|2|2|1|1|1,10,18,900887,silent,900869
12,24|6|5|3|3|3|1|1|1|1,10,1,571585,silent,571584
12,24|6|5|3|3|2|2|1|1|1,10,14,970779,silent,970765
12,24|6|5|3|2|2|2|2|1|1,10,32,477904,silent,477872
12,24|6|5|2|2|2|2|2|2|1,10,23,78046,silent,78023
12,24|6|4|4|4|2|1|1|1|1,10,0,-1,a0,
12,24|6|4|4|3|3|1|1|1|1,10,0,-1,a0,
12,24|6|4|4|3|2|2|1|1|1,10,5,875086,silent,875081
12,24|6|4|4|2|2|2|2|1|1,10,14,347743,silent,347729
12,24|6|4|3|3|3|2|1|1|1,10,2,546067,silent,546065
12,24|6|4|3|3|2|2|2|1|1,10,12,491065,silent,491053
12,24|6|4|3|2|2|2|2|2|1,10,25,171646,silent,171621
12,24|6|4|2|2|2|2|2|2|2,10,19,19861,silent,19842
12,24|6|3|3|3|3|3|1|1|1,10,0,-1,a0,
12,24|6|3|3|3|3|2|2|1|1,10,0,-1,a0,
12,24|6|3|3|3|2|2|2|2|1,10,1,84150,silent,84149
12,24|6|3|3|2|2|2|2|2|2,10,2,19226,silent,19224
12,24|5|5|5|4|1|1|1|1|1,10,0,-1,a0,
12,24|5|5|5|3|2|1|1|1|1,10,2,358856,silent,358854
12,24|5|5|5|2|2|2|1|1|1,10,8,199575,silent,199567
12,24|5|5|4|4|2|1|1|1|1,10,0,-1,a0,
12,24|5|5|4|3|3|1|1|1|1,10,0,-1,a0,
12,24|5|5|4|3|2|2|1|1|1,10,6,630763,silent,630757
12,24|5|5|4|2|2|2|2|1|1,10,16,245138,silent,245122
12,24|5|5|3|3|3|2|1|1|1,10,0,-1,a0,
12,24|5|5|3|3|2|2|2|1|1,10,5,284136,silent,284131
12,24|5|5|3|2|2|2|2|2|1,10,11,96373,silent,96362
12,24|5|5|2|2|2|2|2|2|2,10,2,9777,silent,9775
12,24|5|4|4|4|3|1|1|1|1,10,0,-1,a0,
12,24|5|4|4|4|2|2|1|1|1,10,0,-1,a0,
12,24|5|4|4|3|3|2|1|1|1,10,0,-1,a0,
12,24|5|4|4|3|2|2|2|1|1,10,6,325591,silent,325585
12,24|5|4|4|2|2|2|2|2|1,10,13,89591,silent,89578
12,24|5|4|3|3|3|3|1|1|1,10,0,-1,a0,
12,24|5|4|3|3|3|2|2|1|1,10,0,-1,a0,
12,24|5|4|3|3|2|2|2|2|1,10,4,133358,silent,133354
12,24|5|4|3|2|2|2|2|2|2,10,7,28812,silent,28805
12,24|5|3|3|3|3|3|2|1|1,10,0,-1,a0,
12,24|5|3|3|3|3|2|2|2|1,10,0,-1,a0,
12,24|5|3|3|3|2|2|2|2|2,10,0,-1,a0,
12,24|4|4|4|4|4|1|1|1|1,10,0,-1,a0,
12,24|4|4|4|4|3|2|1|1|1,10,0,-1,a0,
12,24|4|4|4|4|2|2|2|1|1,10,0,-1,a0,
12,24|4|4|4|3|3|3|1|1|1,10,0,-1,a0,
12,24|4|4|4|3|3|2|2|1|1,10,0,-1,a0,
12,24|4|4|4|3|2|2|2|2|1,10,2,47965,silent,47963
12,24|4|4|4|2|2|2|2|2|2,10,6,8712,silent,8706
12,24|4|4|3|3|3|3|2|1|1,10,0,-1,a0,
12,24|4|4|3|3|3|2|2|2|1,10,0,-1,a0,
12,24|4|4|3|3|2|2|2|2|2,10,0,-1,a0,
12,24|4|3|3|3|3|3|3|1|1,10,0,-1,a0,
12,24|4|3|3|3|3|3|2|2|1,10,0,-1,a0,
12,24|4|3|3|3|3|2|2|2|2,10,0,-1,a0,
12,24|3|3|3|3|3|3|3|2|1,10,0,-1,a0,
12,24|3|3|3|3|3|3|2|2|2,10,0,-1,a0,
12,23|17|1|1|1|1|1|1|1|1,10,0,-1,a0,
12,23|16|2|1|1|1|1|1|1|1,10,0,-1,a0,
12,23|15|3|1|1|1|1|1|1|1,10,0,-1,a0,
12,23|15|2|2|1|1|1|1|1|1,10,0,-1,a0,
12,23|14|4|1|1|1|1|1|1|1,10,0,-1,a0,
12,23|14|3|2|1|1|1|1|1|1,10,0,-1,a0,
12,23|14|2|2|2|1|1|1|1|1,10,0,-1,a0,
12,23|13|5|1|1|1|1|1|1|1,10,0,-1,a0,
12,23|13|4|2|1|1|1|1|1|1,10,0,-1,a0,
12,23|13|3|3|1|1|1|1|1|1,10,0,-1,a0,
12,23|13|3|2|2|1|1|1|1|1,10,0,-1,a0,
12,23|13|2|2|2|2|1|1|1|1,10,0,-1,a0,
12,23|12|6|1|1|1|1|1|1|1,10,0,-1,a0,
12,23|12|5|2|1|1|1|1|1|1,10,0,-1,a0,
12,23|12|4|3|1|1|1|1|1|1,10,0,-1,a0,
12,23|12|4|2|2|1|1|1|1|1,10,0,-1,a0,
12,23|12|3|3|2|1|1|1|1|1,10,0,-1,a0,
12,23|12|3|2|2|2|1|1|1|1,10,0,-1,a0,
12,23|12|2|2|2|2|2|1|1|1,10,0,-1,a0,
12,23|11|7|1|1|1|1|1|1|1,10,0,-1,a0,
12,23|11|6|2|1|1|1|1|1|1,10,0,-1,a0,
12,23|11|5|3|1|1|1|1|1|1,10,0,-1,a0,
12,23|11|5|2|2|1|1|1|1|1,10,0,-1,a0,
12,23|11|4|4|1|1|1|1|1|1,10,0,-1,a0,
12,23|11|4|3|2|1|1|1|1|1,10,1,712533,silent,712532
12,23|11|4|2|2|2|1|1|1|1,10,1,389026,silent,389025
12,23|11|3|3|3|1|1|1|1|1,10,1,204895,silent,204894
12,23|11|3|3|2|2|1|1|1|1,10,5,333880,silent,333875
12,23|11|3|2|2|2|2|1|1|1,10,6,150446,silent,150440
12,23|11|2|2|2|2|2|2|1|1,10,6,21279,silent,21273
12,23|10|8|1|1|1|1|1|1|1,10,0,-1,a0,
12,23|10|7|2|1|1|1|1|1|1,10,0,-1,a0,
12,23|10|6|3|1|1|1|1|1|1,10,0,-1,a0,
12,23|10|6|2|2|1|1|1|1|1,10,1,688213,silent,688212
12,23|10|5|4|1|1|1|1|1|1,10,0,-1,a0,
12,23|10|5|3|2|1|1|1|1|1,10,3,1525724,silent,1525721
12,23|10|5|2|2|2|1|1|1|1,10,6,763267,silent,763261
12,23|10|4|4|2|1|1|1|1|1,10,1,894593,silent,894592
12,23|10|4|3|3|1|1|1|1|1,10,3,841965,silent,841962
12,23|10|4|3|2|2|1|1|1|1,10,11,1272752,silent,1272741
12,23|10|4|2|2|2|2|1|1|1,10,14,443184,silent,443170
12,23|10|3|3|3|2|1|1|1|1,10,10,473527,silent,473517
12,23|10|3|3|2|2|2|1|1|1,10,20,400005,silent,399985
12,23|10|3|2|2|2|2|2|1|1,10,24,126041,silent,126017
12,23|10|2|2|2|2|2|2|2|1,10,15,13231,silent,13216
12,23|9|9|1|1|1|1|1|1|1,10,0,-1,a0,
12,23|9|8|2|1|1|1|1|1|1,10,0,-1,a0,
12,23|9|7|3|1|1|1|1|1|1,10,0,-1,a0,
12,23|9|7|2|2|1|1|1|1|1,10,0,-1,a0,
12,23|9|6|4|1|1|1|1|1|1,10,1,971966,silent,971965
12,23|9|6|3|2|1|1|1|1|1,10,5,2017055,silent,2017050
12,23|9|6|2|2|2|1|1|1|1,10,7,969964,silent,969957
12,23|9|5|5|1|1|1|1|1|1,10,0,-1,a0,
12,23|9|5|4|2|1|1|1|1|1,10,4,2209776,silent,2209772
12,23|9|5|3|3|1|1|1|1|1,10,8,1676163,silent,1676155
12,23|9|5|3|2|2|1|1|1|1,10,26,2446531,silent,2446505
12,23|9|5|2|2|2|2|1|1|1,10,32,778887,silent,778855
12,23|9|4|4|3|1|1|1|1|1,10,2,1243455,silent,1243453
12,23|9|4|4|2|2|1|1|1|1,10,6,1506806,silent,1506800
12,23|9|4|3|3|2|1|1|1|1,10,20,1789169,silent,1789149
12,23|9|4|3|2|2|2|1|1|1,10,42,1384109,silent,1384067
12,23|9|4|2|2|2|2|2|1|1,10,46,336522,silent,336476
12,23|9|3|3|3|3|1|1|1|1,10,5,324215,silent,324210
12,23|9|3|3|3|2|2|1|1|1,10,20,572616,silent,572596
12,23|9|3|3|2|2|2|2|1|1,10,31,314064,silent,314033
12,23|9|3|2|2|2|2|2|2|1,10,33,70063,silent,70030
12,23|9|2|2|2|2|2|2|2|2,10,11,4877,silent,4866
12,23|8|8|3|1|1|1|1|1|1,10,0,-1,a0,
12,23|8|8|2|2|1|1|1|1|1,10,1,271468,silent,271467
12,23|8|7|4|1|1|1|1|1|1,10,0,-1,a0,
12,23|8|7|3|2|1|1|1|1|1,10,3,1491013,silent,1491010
12,23|8|7|2|2|2|1|1|1|1,10,6,704006,silent,704000
12,23|8|6|5|1|1|1|1|1|1,10,1,749679,silent,749678
12,23|8|6|4|2|1|1|1|1|1,10,9,2643816,silent,2643807
12,23|8|6|3|3|1|1|1|1|1,10,8,1869781,silent,1869773
12,23|8|6|3|2|2|1|1|1|1,10,29,2687293,silent,2687264
12,23|8|6|2|2|2|2|1|1|1,10,26,820492,silent,820466
12,23|8|5|5|2|1|1|1|1|1,10,4,1439216,silent,1439212
12,23|8|5|4|3|1|1|1|1|1,10,8,2744676,silent,2744668
12,23|8|5|4|2|2|1|1|1|1,10,28,3219179,silent,3219151
12,23|8|5|3|3|2|1|1|1|1,10,33,3084593,silent,3084560
12,23|8|5|3|2|2|2|1|1|1,10,73,2296192,silent,2296119
12,23|8|5|2|2|2|2|2|1|1,10,59,509658,silent,509599
12,23|8|4|4|4|1|1|1|1|1,10,0,-1,a0,
12,23|8|4|4|3|2|1|1|1|1,10,10,2423899,silent,2423889
12,23|8|4|4|2|2|2|1|1|1,10,23,1471756,silent,1471733
12,23|8|4|3|3|3|1|1|1|1,10,10,1119897,silent,1119887
12,23|8|4|3|3|2|2|1|1|1,10,39,1913942,silent,1913903
12,23|8|4|3|2|2|2|2|1|1,10,68,956597,silent,956529
12,23|8|4|2|2|2|2|2|2|1,10,55,164923,silent,164868
12,23|8|3|3|3|3|2|1|1|1,10,5,459676,silent,459671
12,23|8|3|3|3|2|2|2|1|1,10,14,422690,silent,422676
12,23|8|3|3|2|2|2|2|2|1,10,21,156767,silent,156746
12,23|8|3|2|2|2|2|2|2|2,10,17,21964,silent,21947
12,23|7|7|5|1|1|1|1|1|1,10,0,-1,a0,
12,23|7|7|4|2|1|1|1|1|1,10,1,1212560,silent,1212559
12,23|7|7|3|3|1|1|1|1|1,10,6,839056,silent,839050
12,23|7|7|3|2|2|1|1|1|1,10,11,1195075,silent,1195064
12,23|7|7|2|2|2|2|1|1|1,10,15,359985,silent,359970
12,23|7|6|6|1|1|1|1|1|1,10,1,245389,silent,245388
12,23|7|6|5|2|1|1|1|1|1,10,8,1638644,silent,1638636
12,23|7|6|4|3|1|1|1|1|1,10,12,2500896,silent,2500884
12,23|7|6|4|2|2|1|1|1|1,10,25,2891167,silent,2891142
12,23|7|6|3|3|2|1|1|1|1,10,30,2596286,silent,2596256
12,23|7|6|3|2|2|2|1|1|1,10,52,1898232,silent,1898180
12,23|7|6|2|2|2|2|2|1|1,10,41,405286,silent,405245
12,23|7|5|5|3|1|1|1|1|1,10,8,1590724,silent,1590716
12,23|7|5|5|2|2|1|1|1|1,10,22,1737189,silent,1737167
12,23|7|5|4|4|1|1|1|1|1,10,1,1326865,silent,1326864
12,23|7|5|4|3|2|1|1|1|1,10,30,4361467,silent,4361437
12,23|7|5|4|2|2|2|1|1|1,10,61,2557484,silent,2557423
12,23|7|5|3|3|3|1|1|1|1,10,14,1601046,silent,1601032
12,23|7|5|3|3|2|2|1|1|1,10,48,2689415,silent,2689367
12,23|7|5|3|2|2|2|2|1|1,10,83,1293715,silent,1293632
12,23|7|5|2|2|2|2|2|2|1,10,48,203108,silent,203060
12,23|7|4|4|4|2|1|1|1|1,10,0,-1,a0,
12,23|7|4|4|3|3|1|1|1|1,10,5,1409776,silent,1409771
12,23|7|4|4|3|2|2|1|1|1,10,21,2238977,silent,2238956
12,23|7|4|4|2|2|2|2|1|1,10,43,871826,silent,871783
12,23|7|4|3|3|3|2|1|1|1,10,12,1353499,silent,1353487
12,23|7|4|3|3|2|2|2|1|1,10,31,1196295,silent,1196264
12,23|7|4|3|2|2|2|2|2|1,10,52,406313,silent,406261
12,23|7|4|2|2|2|2|2|2|2,10,24,43987,silent,43963
12,23|7|3|3|3|3|3|1|1|1,10,0,-1,a0,
12,23|7|3|3|3|3|2|2|1|1,10,1,328025,silent,328024
12,23|7|3|3|3|2|2|2|2|1,10,3,189440,silent,189437
12,23|7|3|3|2|2|2|2|2|2,10,6,42114,silent,42108
12,23|6|6|6|2|1|1|1|1|1,10,5,313077,silent,313072
12,23|6|6|5|3|1|1|1|1|1,10,7,1045118,silent,1045111
12,23|6|6|5|2|2|1|1|1|1,10,13,1129491,silent,1129478
12,23|6|6|4|4|1|1|1|1|1,10,5,724653,silent,724648
12,23|6|6|4|3|2|1|1|1|1,10,18,2311917,silent,2311899
12,23|6|6|4|2|2|2|1|1|1,10,21,1334858,silent,1334837
12,23|6|6|3|3|3|1|1|1|1,10,5,794288,silent,794283
12,23|6|6|3|3|2|2|1|1|1,10,26,1327952,silent,1327926
12,23|6|6|3|2|2|2|2|1|1,10,33,627252,silent,627219
12,23|6|6|2|2|2|2|2|2|1,10,23,95686,silent,95663
12,23|6|5|5|4|1|1|1|1|1,10,2,718678,silent,718676
12,23|6|5|5|3|2|1|1|1|1,10,18,1878032,silent,1878014
12,23|6|5|5|2|2|2|1|1|1,10,31,1019580,silent,1019549
12,23|6|5|4|4|2|1|1|1|1,10,6,1758377,silent,1758371
12,23|6|5|4|3|3|1|1|1|1,10,6,1873811,silent,1873805
12,23|6|5|4|3|2|2|1|1|1,10,37,2933917,silent,2933880
12,23|6|5|4|2|2|2|2|1|1,10,52,1103888,silent,1103836
12,23|6|5|3|3|3|2|1|1|1,10,7,1420428,silent,1420421
12,23|6|5|3|3|2|2|2|1|1,10,31,1234133,silent,1234102
12,23|6|5|3|2|2|2|2|2|1,10,41,403606,silent,403565
12,23|6|5|2|2|2|2|2|2|2,10,16,39813,silent,39797
12,23|6|4|4|4|3|1|1|1|1,10,0,-1,a0,
12,23|6|4|4|4|2|2|1|1|1,10,2,955948,silent,955946
12,23|6|4|4|3|3|2|1|1|1,10,6,1383024,silent,1383018
12,23|6|4|4|3|2|2|2|1|1,10,23,1125961,silent,1125938
12,23|6|4|4|2|2|2|2|2|1,10,35,298707,silent,298672
12,23|6|4|3|3|3|3|1|1|1,10,0,-1,a0,
12,23|6|4|3|3|3|2|2|1|1,10,4,769300,silent,769296
12,23|6|4|3|3|2|2|2|2|1,10,12,426699,silent,426687
12,23|6|4|3|2|2|2|2|2|2,10,17,88368,silent,88351
12,23|6|3|3|3|3|3|2|1|1,10,0,-1,a0,
12,23|6|3|3|3|3|2|2|2|1,10,0,-1,a0,
12,23|6|3|3|3|2|2|2|2|2,10,0,-1,a0,
12,23|5|5|5|5|1|1|1|1|1,10,1,86077,silent,86076
12,23|5|5|5|4|2|1|1|1|1,10,5,533806,silent,533801
12,23|5|5|5|3|3|1|1|1|1,10,1,465674,silent,465673
12,23|5|5|5|3|2|2|1|1|1,10,12,708737,silent,708725
12,23|5|5|5|2|2|2|2|1|1,10,13,247749,silent,247736
12,23|5|5|4|4|3|1|1|1|1,10,0,-1,a0,
12,23|5|5|4|4|2|2|1|1|1,10,9,745234,silent,745225
12,23|5|5|4|3|3|2|1|1|1,10,2,1016263,silent,1016261
12,23|5|5|4|3|2|2|2|1|1,10,19,817127,silent,817108
12,23|5|5|4|2|2|2|2|2|1,10,15,209380,silent,209365
12,23|5|5|3|3|3|3|1|1|1,10,0,-1,a0,
12,23|5|5|3|3|3|2|2|1|1,10,1,454463,silent,454462
12,23|5|5|3|3|2|2|2|2|1,10,8,249008,silent,249000
12,23|5|5|3|2|2|2|2|2|2,10,5,49269,silent,49264
12,23|5|4|4|4|4|1|1|1|1,10,0,-1,a0,
12,23|5|4|4|4|3|2|1|1|1,10,0,-1,a0,
12,23|5|4|4|4|2|2|2|1|1,10,6,350854,silent,350848
12,23|5|4|4|3|3|3|1|1|1,10,0,-1,a0,
12,23|5|4|4|3|3|2|2|1|1,10,2,562951,silent,562949
12,23|5|4|4|3|2|2|2|2|1,10,13,287869,silent,287856
12,23|5|4|4|2|2|2|2|2|2,10,10,47105,silent,47095
12,23|5|4|3|3|3|3|2|1|1,10,0,-1,a0,
12,23|5|4|3|3|3|2|2|2|1,10,0,-1,a0,
12,23|5|4|3|3|2|2|2|2|2,10,2,70024,silent,70022
12,23|5|3|3|3|3|3|3|1|1,10,0,-1,a0,
12,23|5|3|3|3|3|3|2|2|1,10,0,-1,a0,
12,23|5|3|3|3|3|2|2|2|2,10,0,-1,a0,
12,23|4|4|4|4|4|2|1|1|1,10,0,-1,a0,
12,23|4|4|4|4|3|3|1|1|1,10,0,-1,a0,
12,23|4|4|4|4|3|2|2|1|1,10,0,-1,a0,
12,23|4|4|4|4|2|2|2|2|1,10,4,49221,silent,49217
12,23|4|4|4|3|3|3|2|1|1,10,0,-1,a0,
12,23|4|4|4|3|3|2|2|2|1,10,0,-1,a0,
12,23|4|4|4|3|2|2|2|2|2,10,3,25684,silent,25681
12,23|4|4|3|3|3|3|3|1|1,10,0,-1,a0,
12,23|4|4|3|3|3|3|2|2|1,10,0,-1,a0,
12,23|4|4|3|3|3|2|2|2|2,10,0,-1,a0,
12,23|4|3|3|3|3|3|3|2|1,10,0,-1,a0,
12,23|4|3|3|3|3|3|2|2|2,10,0,-1,a0,
12,23|3|3|3|3|3|3|3|3|1,10,0,-1,a0,
12,23|3|3|3|3|3|3|3|2|2,10,0,-1,a0,
12,22|18|1|1|1|1|1|1|1|1,10,0,-1,a0,
12,22|17|2|1|1|1|1|1|1|1,10,0,-1,a0,
12,22|16|3|1|1|1|1|1|1|1,10,0,-1,a0,
12,22|16|2|2|1|1|1|1|1|1,10,0,-1,a0,
12,22|15|4|1|1|1|1|1|1|1,10,0,-1,a0,
12,22|15|3|2|1|1|1|1|1|1,10,0,-1,a0,
12,22|15|2|2|2|1|1|1|1|1,10,0,-1,a0,
12,22|14|5|1|1|1|1|1|1|1,10,0,-1,a0,
12,22|14|4|2|1|1|1|1|1|1,10,0,-1,a0,
12,22|14|3|3|1|1|1|1|1|1,10,0,-1,a0,
12,22|14|3|2|2|1|1|1|1|1,10,0,-1,a0,
12,22|14|2|2|2|2|1|1|1|1,10,0,-1,a0,
12,22|13|6|1|1|1|1|1|1|1,10,0,-1,a0,
12,22|13|5|2|1|1|1|1|1|1,10,0,-1,a0,
12,22|13|4|3|1|1|1|1|1|1,10,0,-1,a0,
12,22|13|4|2|2|1|1|1|1|1,10,0,-1,a0,
12,22|13|3|3|2|1|1|1|1|1,10,0,-1,a0,
12,22|13|3|2|2|2|1|1|1|1,10,0,-1,a0,
12,22|13|2|2|2|2|2|1|1|1,10,0,-1,a0,
12,22|12|7|1|1|1|1|1|1|1,10,0,-1,a0,
12,22|12|6|2|1|1|1|1|1|1,10,0,-1,a0,
12,22|12|5|3|1|1|1|1|1|1,10,0,-1,a0,
12,22|12|5|2|2|1|1|1|1|1,10,0,-1,a0,
12,22|12|4|4|1|1|1|1|1|1,10,0,-1,a0,
12,22|12|4|3|2|1|1|1|1|1,10,2,880564,silent,880562
12,22|12|4|2|2|2|1|1|1|1,10,3,477696,silent,477693
12,22|12|3|3|3|1|1|1|1|1,10,3,251368,silent,251365
12,22|12|3|3|2|2|1|1|1|1,10,6,407012,silent,407006
12,22|12|3|2|2|2|2|1|1|1,10,9,181595,silent,181586
12,22|12|2|2|2|2|2|2|1|1,10,5,25093,silent,25088
12,22|11|8|1|1|1|1|1|1|1,10,0,-1,a0,
12,22|11|7|2|1|1|1|1|1|1,10,0,-1,a0,
12,22|11|6|3|1|1|1|1|1|1,10,1,988073,silent,988072
12,22|11|6|2|2|1|1|1|1|1,10,2,975383,silent,975381
12,22|11|5|4|1|1|1|1|1|1,10,1,949240,silent,949239
12,22|11|5|3|2|1|1|1|1|1,10,7,2121862,silent,2121855
12,22|11|5|2|2|2|1|1|1|1,10,10,1052668,silent,1052658
12,22|11|4|4|2|1|1|1|1|1,10,3,1232668,silent,1232665
12,22|11|4|3|3|1|1|1|1|1,10,8,1153958,silent,1153950
12,22|11|4|3|2|2|1|1|1|1,10,21,1734366,silent,1734345
12,22|11|4|2|2|2|2|1|1|1,10,23,597444,silent,597421
12,22|11|3|3|3|2|1|1|1|1,10,17,638949,silent,638932
12,22|11|3|3|2|2|2|1|1|1,10,30,534915,silent,534885
12,22|11|3|2|2|2|2|2|1|1,10,32,166182,silent,166150
12,22|11|2|2|2|2|2|2|2|1,10,17,17002,silent,16985
12,22|10|9|1|1|1|1|1|1|1,10,0,-1,a0,
12,22|10|8|2|1|1|1|1|1|1,10,0,-1,a0,
12,22|10|7|3|1|1|1|1|1|1,10,1,1152360,silent,1152359
12,22|10|7|2|2|1|1|1|1|1,10,2,1116714,silent,1116712
12,22|10|6|4|1|1|1|1|1|1,10,2,1597849,silent,1597847
12,22|10|6|3|2|1|1|1|1|1,10,15,3284650,silent,3284635
12,22|10|6|2|2|2|1|1|1|1,10,19,1566100,silent,1566081
12,22|10|5|5|1|1|1|1|1|1,10,1,793901,silent,793900
12,22|10|5|4|2|1|1|1|1|1,10,13,3506911,silent,3506898
12,22|10|5|3|3|1|1|1|1|1,10,19,2640238,silent,2640219
12,22|10|5|3|2|2|1|1|1|1,10,54,3831022,silent,3830968
12,22|10|5|2|2|2|2|1|1|1,10,52,1204317,silent,1204265
12,22|10|4|4|3|1|1|1|1|1,10,6,1932230,silent,1932224
12,22|10|4|4|2|2|1|1|1|1,10,20,2329022,silent,2329002
12,22|10|4|3|3|2|1|1|1|1,10,40,2742497,silent,2742457
12,22|10|4|3|2|2|2|1|1|1,10,74,2102272,silent,2102198
12,22|10|4|2|2|2|2|2|1|1,10,62,502211,silent,502149
12,22|10|3|3|3|3|1|1|1|1,10,12,488984,silent,488972
12,22|10|3|3|3|2|2|1|1|1,10,32,857666,silent,857634
12,22|10|3|3|2|2|2|2|1|1,10,49,464503,silent,464454
12,22|10|3|2|2|2|2|2|2|1,10,42,101384,silent,101342
12,22|10|2|2|2|2|2|2|2|2,10,16,6925,silent,6909
12,22|9|9|2|1|1|1|1|1|1,10,0,-1,a0,
12,22|9|8|3|1|1|1|1|1|1,10,1,797664,silent,797663
12,22|9|8|2|2|1|1|1|1|1,10,2,766725,silent,766723
12,22|9|7|4|1|1|1|1|1|1,10,2,1623630,silent,1623628
12,22|9|7|3|2|1|1|1|1|1,10,13,3213118,silent,3213105
12,22|9|7|2|2|2|1|1|1|1,10,16,1499755,silent,1499739
12,22|9|6|5|1|1|1|1|1|1,10,4,1497005,silent,1497001
12,22|9|6|4|2|1|1|1|1|1,10,26,5166054,silent,5166028
12,22|9|6|3|3|1|1|1|1|1,10,28,3620129,silent,3620101
12,22|9|6|3|2|2|1|1|1|1,10,71,5164406,silent,5164335
12,22|9|6|2|2|2|2|1|1|1,10,59,1555024,silent,1554965
12,22|9|5|5|2|1|1|1|1|1,10,14,2712040,silent,2712026
12,22|9|5|4|3|1|1|1|1|1,10,27,5078697,silent,5078670
12,22|9|5|4|2|2|1|1|1|1,10,66,5914351,silent,5914285
12,22|9|5|3|3|2|1|1|1|1,10,81,5610833,silent,5610752
12,22|9|5|3|2|2|2|1|1|1,10,144,4132408,silent,4132264
12,22|9|5|2|2|2|2|2|1|1,10,102,900696,silent,900594
12,22|9|4|4|4|1|1|1|1|1,10,1,1228856,silent,1228855
12,22|9|4|4|3|2|1|1|1|1,10,31,4314575,silent,4314544
12,22|9|4|4|2|2|2|1|1|1,10,54,2593057,silent,2593003
12,22|9|4|3|3|3|1|1|1|1,10,26,1965582,silent,1965556
12,22|9|4|3|3|2|2|1|1|1,10,79,3334417,silent,3334338
12,22|9|4|3|2|2|2|2|1|1,10,117,1642800,silent,1642683
12,22|9|4|2|2|2|2|2|2|1,10,77,276201,silent,276124
12,22|9|3|3|3|3|2|1|1|1,10,12,782366,silent,782354
12,22|9|3|3|3|2|2|2|1|1,10,25,711028,silent,711003
12,22|9|3|3|2|2|2|2|2|1,10,32,258817,silent,258785
12,22|9|3|2|2|2|2|2|2|2,10,20,35004,silent,34984
12,22|8|8|4|1|1|1|1|1|1,10,1,695453,silent,695452
12,22|8|8|3|2|1|1|1|1|1,10,7,1359189,silent,1359182
12,22|8|8|2|2|2|1|1|1|1,10,11,630562,silent,630551
12,22|8|7|5|1|1|1|1|1|1,10,2,1256805,silent,1256803
12,22|8|7|4|2|1|1|1|1|1,10,18,4004063,silent,4004045
12,22|8|7|3|3|1|1|1|1|1,10,20,2728483,silent,2728463
12,22|8|7|3|2|2|1|1|1|1,10,51,3858520,silent,3858469
12,22|8|7|2|2|2|2|1|1|1,10,44,1139577,silent,1139533
12,22|8|6|6|1|1|1|1|1|1,10,4,668067,silent,668063
12,22|8|6|5|2|1|1|1|1|1,10,29,4224673,silent,4224644
12,22|8|6|4|3|1|1|1|1|1,10,40,6272139,silent,6272099
12,22|8|6|4|2|2|1|1|1|1,10,88,7192384,silent,7192296
12,22|8|6|3|3|2|1|1|1|1,10,86,6363182,silent,6363096
12,22|8|6|3|2|2|2|1|1|1,10,139,4595081,silent,4594942
12,22|8|6|2|2|2|2|2|1|1,10,81,957937,silent,957856
12,22|8|5|5|3|1|1|1|1|1,10,26,3692599,silent,3692573
12,22|8|5|5|2|2|1|1|1|1,10,58,3998179,silent,3998121
12,22|8|5|4|4|1|1|1|1|1,10,11,3014072,silent,3014061
12,22|8|5|4|3|2|1|1|1|1,10,94,9759934,silent,9759840
12,22|8|5|4|2|2|2|1|1|1,10,143,5650424,silent,5650281
12,22|8|5|3|3|3|1|1|1|1,10,38,3512097,silent,3512059
12,22|8|5|3|3|2|2|1|1|1,10,125,5853954,silent,5853829
12,22|8|5|3|2|2|2|2|1|1,10,171,2767496,silent,2767325
12,22|8|5|2|2|2|2|2|2|1,10,84,422484,silent,422400
12,22|8|4|4|4|2|1|1|1|1,10,7,2652656,silent,2652649
12,22|8|4|4|3|3|1|1|1|1,10,16,2976958,silent,2976942
12,22|8|4|4|3|2|2|1|1|1,10,63,4691556,silent,4691493
12,22|8|4|4|2|2|2|2|1|1,10,79,1794747,silent,1794668
12,22|8|4|3|3|3|2|1|1|1,10,31,2778305,silent,2778274
12,22|8|4|3|3|2|2|2|1|1,10,73,2425659,silent,2425586
12,22|8|4|3|2|2|2|2|2|1,10,88,805389,silent,805301
12,22|8|4|2|2|2|2|2|2|2,10,41,84445,silent,84404
12,22|8|3|3|3|3|3|1|1|1,10,1,356132,silent,356131
12,22|8|3|3|3|3|2|2|1|1,10,3,641904,silent,641901
12,22|8|3|3|3|2|2|2|2|1,10,8,364229,silent,364221
12,22|8|3|3|2|2|2|2|2|2,10,7,78695,silent,78688
12,22|7|7|6|1|1|1|1|1|1,10,0,-1,a0,
12,22|7|7|5|2|1|1|1|1|1,10,10,2097828,silent,2097818
12,22|7|7|4|3|1|1|1|1|1,10,18,2921545,silent,2921527
12,22|7|7|4|2|2|1|1|1|1,10,35,3323097,silent,3323062
12,22|7|7|3|3|2|1|1|1|1,10,44,2875183,silent,2875139
12,22|7|7|3|2|2|2|1|1|1,10,63,2058672,silent,2058609
12,22|7|7|2|2|2|2|2|1|1,10,45,423889,silent,423844
12,22|7|6|6|2|1|1|1|1|1,10,13,1426733,silent,1426720
12,22|7|6|5|3|1|1|1|1|1,10,38,4317731,silent,4317693
12,22|7|6|5|2|2|1|1|1|1,10,62,4610867,silent,4610805
12,22|7|6|4|4|1|1|1|1|1,10,15,2876969,silent,2876954
12,22|7|6|4|3|2|1|1|1|1,10,93,9009108,silent,9009015
12,22|7|6|4|2|2|2|1|1|1,10,114,5124349,silent,5124235
12,22|7|6|3|3|3|1|1|1|1,10,36,3009839,silent,3009803
12,22|7|6|3|3|2|2|1|1|1,10,100,4976840,silent,4976740
12,22|7|6|3|2|2|2|2|1|1,10,122,2306231,silent,2306109
12,22|7|6|2|2|2|2|2|2|1,10,59,338591,silent,338532
12,22|7|5|5|4|1|1|1|1|1,10,15,2285072,silent,2285057
12,22|7|5|5|3|2|1|1|1|1,10,74,5851095,silent,5851021
12,22|7|5|5|2|2|2|1|1|1,10,89,3125293,silent,3125204
12,22|7|5|4|4|2|1|1|1|1,10,30,5269169,silent,5269139
12,22|7|5|4|3|3|1|1|1|1,10,39,5530957,silent,5530918
12,22|7|5|4|3|2|2|1|1|1,10,130,8575533,silent,8575403
12,22|7|5|4|2|2|2|2|1|1,10,144,3161228,silent,3161084
12,22|7|5|3|3|3|2|1|1|1,10,37,4028904,silent,4028867
12,22|7|5|3|3|2|2|2|1|1,10,85,3448617,silent,3448532
12,22|7|5|3|2|2|2|2|2|1,10,94,1098671,silent,1098577
12,22|7|5|2|2|2|2|2|2|2,10,25,103172,silent,103147
12,22|7|4|4|4|3|1|1|1|1,10,2,2013173,silent,2013171
12,22|7|4|4|4|2|2|1|1|1,10,16,2547517,silent,2547501
12,22|7|4|4|3|3|2|1|1|1,10,25,3623692,silent,3623667
12,22|7|4|4|3|2|2|2|1|1,10,66,2908549,silent,2908483
12,22|7|4|4|2|2|2|2|2|1,10,67,750326,silent,750259
12,22|7|4|3|3|3|3|1|1|1,10,4,1084229,silent,1084225
12,22|7|4|3|3|3|2|2|1|1,10,13,1924909,silent,1924896
12,22|7|4|3|3|2|2|2|2|1,10,30,1047058,silent,1047028
12,22|7|4|3|2|2|2|2|2|2,10,29,209164,silent,209135
12,22|7|3|3|3|3|3|2|1|1,10,0,-1,a0,
12,22|7|3|3|3|3|2|2|2|1,10,0,-1,a0,
12,22|7|3|3|3|2|2|2|2|2,10,1,98818,silent,98817
12,22|6|6|6|3|1|1|1|1|1,10,12,861005,silent,860993
12,22|6|6|6|2|2|1|1|1|1,10,11,896205,silent,896194
12,22|6|6|5|4|1|1|1|1|1,10,16,1560388,silent,1560372
12,22|6|6|5|3|2|1|1|1|1,10,46,3881204,silent,3881158
12,22|6|6|5|2|2|2|1|1|1,10,41,2041839,silent,2041798
12,22|6|6|4|4|2|1|1|1|1,10,23,2902863,silent,2902840
12,22|6|6|4|3|3|1|1|1|1,10,21,2969552,silent,2969531
12,22|6|6|4|3|2|2|1|1|1,10,64,4577105,silent,4577041
12,22|6|6|4|2|2|2|2|1|1,10,55,1656829,silent,1656774
12,22|6|6|3|3|3|2|1|1|1,10,20,2016632,silent,2016612
12,22|6|6|3|3|2|2|2|1|1,10,46,1713451,silent,1713405
12,22|6|6|3|2|2|2|2|2|1,10,44,536669,silent,536625
12,22|6|6|2|2|2|2|2|2|2,10,21,49963,silent,49942
12,22|6|5|5|5|1|1|1|1|1,10,5,500150,silent,500145
12,22|6|5|5|4|2|1|1|1|1,10,30,2942993,silent,2942963
12,22|6|5|5|3|3|1|1|1|1,10,18,2505142,silent,2505124
12,22|6|5|5|3|2|2|1|1|1,10,65,3768874,silent,3768809
12,22|6|5|5|2|2|2|2|1|1,10,54,1279781,silent,1279727
12,22|6|5|4|4|3|1|1|1|1,10,11,2928149,silent,2928138
12,22|6|5|4|4|2|2|1|1|1,10,37,3657061,silent,3657024
12,22|6|5|4|3|3|2|1|1|1,10,31,4873502,silent,4873471
12,22|6|5|4|3|2|2|2|1|1,10,83,3847499,silent,3847416
12,22|6|5|4|2|2|2|2|2|1,10,64,954830,silent,954766
12,22|6|5|3|3|3|3|1|1|1,10,1,1158267,silent,1158266
12,22|6|5|3|3|3|2|2|1|1,10,13,2038411,silent,2038398
12,22|6|5|3|3|2|2|2|2|1,10,29,1088829,silent,1088800
12,22|6|5|3|2|2|2|2|2|2,10,20,208515,silent,208495
12,22|6|4|4|4|4|1|1|1|1,10,0,-1,a0,
12,22|6|4|4|4|3|2|1|1|1,10,6,2033037,silent,2033031
12,22|6|4|4|4|2|2|2|1|1,10,18,1284901,silent,1284883
12,22|6|4|4|3|3|3|1|1|1,10,2,1168864,silent,1168862
12,22|6|4|4|3|3|2|2|1|1,10,16,2012105,silent,2012089
12,22|6|4|4|3|2|2|2|2|1,10,36,1004206,silent,1004170
12,22|6|4|4|2|2|2|2|2|2,10,28,157857,silent,157829
12,22|6|4|3|3|3|3|2|1|1,10,0,-1,a0,
12,22|6|4|3|3|3|2|2|2|1,10,2,716730,silent,716728
12,22|6|4|3|3|2|2|2|2|2,10,4,224665,silent,224661
12,22|6|3|3|3|3|3|3|1|1,10,0,-1,a0,
12,22|6|3|3|3|3|3|2|2|1,10,0,-1,a0,
12,22|6|3|3|3|3|2|2|2|2,10,0,-1,a0,
12,22|5|5|5|5|2|1|1|1|1,10,8,370155,silent,370147
12,22|5|5|5|4|3|1|1|1|1,10,6,929753,silent,929747
12,22|5|5|5|4|2|2|1|1|1,10,21,1131270,silent,1131249
12,22|5|5|5|3|3|2|1|1|1,10,6,1229512,silent,1229506
12,22|5|5|5|3|2|2|2|1|1,10,19,940494,silent,940475
12,22|5|5|5|2|2|2|2|2|1,10,7,214902,silent,214895
12,22|5|5|4|4|4|1|1|1|1,10,0,-1,a0,
12,22|5|5|4|4|3|2|1|1|1,10,8,1615081,silent,1615073
12,22|5|5|4|4|2|2|2|1|1,10,23,1010421,silent,1010398
12,22|5|5|4|3|3|3|1|1|1,10,0,-1,a0,
12,22|5|5|4|3|3|2|2|1|1,10,8,1486636,silent,1486628
12,22|5|5|4|3|2|2|2|2|1,10,21,731823,silent,731802
12,22|5|5|4|2|2|2|2|2|2,10,5,108877,silent,108872
12,22|5|5|3|3|3|3|2|1|1,10,0,-1,a0,
12,22|5|5|3|3|3|2|2|2|1,10,2,426942,silent,426940
12,22|5|5|3|3|2|2|2|2|2,10,5,132586,silent,132581
12,22|5|4|4|4|4|2|1|1|1,10,0,-1,a0,
12,22|5|4|4|4|3|3|1|1|1,10,0,-1,a0,
12,22|5|4|4|4|3|2|2|1|1,10,6,818184,silent,818178
12,22|5|4|4|4|2|2|2|2|1,10,14,320827,silent,320813
12,22|5|4|4|3|3|3|2|1|1,10,0,-1,a0,
12,22|5|4|4|3|3|2|2|2|1,10,4,531707,silent,531703
12,22|5|4|4|3|2|2|2|2|2,10,8,154289,silent,154281
12,22|5|4|3|3|3|3|3|1|1,10,0,-1,a0,
12,22|5|4|3|3|3|3|2|2|1,10,0,-1,a0,
12,22|5|4|3|3|3|2|2|2|2,10,0,-1,a0,
12,22|5|3|3|3|3|3|3|2|1,10,0,-1,a0,
12,22|5|3|3|3|3|3|2|2|2,10,0,-1,a0,
12,22|4|4|4|4|4|3|1|1|1,10,0,-1,a0,
12,22|4|4|4|4|4|2|2|1|1,10,0,-1,a0,
12,22|4|4|4|4|3|3|2|1|1,10,0,-1,a0,
12,22|4|4|4|4|3|2|2|2|1,10,2,117280,silent,117278
12,22|4|4|4|4|2|2|2|2|2,10,6,27574,silent,27568
12,22|4|4|4|3|3|3|3|1|1,10,0,-1,a0,
12,22|4|4|4|3|3|3|2|2|1,10,0,-1,a0,
12,22|4|4|4|3|3|2|2|2|2,10,0,-1,a0,
12,22|4|4|3|3|3|3|3|2|1,10,0,-1,a0,
12,22|4|4|3|3|3|3|2|2|2,10,0,-1,a0,
12,22|4|3|3|3|3|3|3|3|1,10,0,-1,a0,
12,22|4|3|3|3|3|3|3|2|2,10,0,-1,a0,
12,22|3|3|3|3|3|3|3|3|2,10,0,-1,a0,
12,21|19|1|1|1|1|1|1|1|1,10,0,-1,a0,
12,21|18|2|1|1|1|1|1|1|1,10,0,-1,a0,
12,21|17|3|1|1|1|1|1|1|1,10,0,-1,a0,
12,21|17|2|2|1|1|1|1|1|1,10,0,-1,a0,
12,21|16|4|1|1|1|1|1|1|1,10,0,-1,a0,
12,21|16|3|2|1|1|1|1|1|1,10,0,-1,a0,
12,21|16|2|2|2|1|1|1|1|1,10,0,-1,a0,
12,21|15|5|1|1|1|1|1|1|1,10,0,-1,a0,
12,21|15|4|2|1|1|1|1|1|1,10,0,-1,a0,
12,21|15|3|3|1|1|1|1|1|1,10,0,-1,a0,
12,21|15|3|2|2|1|1|1|1|1,10,0,-1,a0,
12,21|15|2|2|2|2|1|1|1|1,10,0,-1,a0,
12,21|14|6|1|1|1|1|1|1|1,10,0,-1,a0,
12,21|14|5|2|1|1|1|1|1|1,10,0,-1,a0,
12,21|14|4|3|1|1|1|1|1|1,10,0,-1,a0,
12,21|14|4|2|2|1|1|1|1|1,10,0,-1,a0,
12,21|14|3|3|2|1|1|1|1|1,10,0,-1,a0,
12,21|14|3|2|2|2|1|1|1|1,10,0,-1,a0,
12,21|14|2|2|2|2|2|1|1|1,10,0,-1,a0,
12,21|13|7|1|1|1|1|1|1|1,10,0,-1,a0,
12,21|13|6|2|1|1|1|1|1|1,10,0,-1,a0,
12,21|13|5|3|1|1|1|1|1|1,10,0,-1,a0,
12,21|13|5|2|2|1|1|1|1|1,10,0,-1,a0,
12,21|13|4|4|1|1|1|1|1|1,10,1,345630,silent,345629
12,21|13|4|3|2|1|1|1|1|1,10,3,980663,silent,980660
12,21|13|4|2|2|2|1|1|1|1,10,3,528226,silent,528223
12,21|13|3|3|3|1|1|1|1|1,10,3,278219,silent,278216
12,21|13|3|3|2|2|1|1|1|1,10,10,449358,silent,449348
12,21|13|3|2|2|2|2|1|1|1,10,10,198613,silent,198603
12,21|13|2|2|2|2|2|2|1|1,10,8,27316,silent,27308
12,21|12|8|1|1|1|1|1|1|1,10,0,-1,a0,
12,21|12|7|2|1|1|1|1|1|1,10,0,-1,a0,
12,21|12|6|3|1|1|1|1|1|1,10,2,1244030,silent,1244028
12,21|12|6|2|2|1|1|1|1|1,10,4,1223451,silent,1223447
12,21|12|5|4|1|1|1|1|1|1,10,1,1182659,silent,1182658
12,21|12|5|3|2|1|1|1|1|1,10,13,2628206,silent,2628193
12,21|12|5|2|2|2|1|1|1|1,10,16,1296101,silent,1296085
12,21|12|4|4|2|1|1|1|1|1,10,7,1517720,silent,1517713
12,21|12|4|3|3|1|1|1|1|1,10,13,1414839,silent,1414826
12,21|12|4|3|2|2|1|1|1|1,10,33,2117517,silent,2117484
12,21|12|4|2|2|2|2|1|1|1,10,31,722943,silent,722912
12,21|12|3|3|3|2|1|1|1|1,10,24,774424,silent,774400
12,21|12|3|3|2|2|2|1|1|1,10,39,643819,silent,643780
12,21|12|3|2|2|2|2|2|1|1,10,37,197483,silent,197446
12,21|12|2|2|2|2|2|2|2|1,10,18,19808,silent,19790
12,21|11|9|1|1|1|1|1|1|1,10,0,-1,a0,
12,21|11|8|2|1|1|1|1|1|1,10,1,619527,silent,619526
12,21|11|7|3|1|1|1|1|1|1,10,3,1686272,silent,1686269
12,21|11|7|2|2|1|1|1|1|1,10,5,1626304,silent,1626299
12,21|11|6|4|1|1|1|1|1|1,10,8,2275433,silent,2275425
12,21|11|6|3|2|1|1|1|1|1,10,32,4641532,silent,4641500
12,21|11|6|2|2|2|1|1|1|1,10,30,2196557,silent,2196527
12,21|11|5|5|1|1|1|1|1|1,10,2,1115604,silent,1115602
12,21|11|5|4|2|1|1|1|1|1,10,28,4878870,silent,4878842
12,21|11|5|3|3|1|1|1|1|1,10,37,3654893,silent,3654856
12,21|11|5|3|2|2|1|1|1|1,10,93,5279635,silent,5279542
12,21|11|5|2|2|2|2|1|1|1,10,78,1644132,silent,1644054
12,21|11|4|4|3|1|1|1|1|1,10,18,2652914,silent,2652896
12,21|11|4|4|2|2|1|1|1|1,10,33,3180168,silent,3180135
12,21|11|4|3|3|2|1|1|1|1,10,71,3728237,silent,3728166
12,21|11|4|3|2|2|2|1|1|1,10,111,2836533,silent,2836422
12,21|11|4|2|2|2|2|2|1|1,10,87,670060,silent,669973
12,21|11|3|3|3|3|1|1|1|1,10,16,656342,silent,656326
12,21|11|3|3|3|2|2|1|1|1,10,49,1146252,silent,1146203
12,21|11|3|3|2|2|2|2|1|1,10,60,613474,silent,613414
12,21|11|3|2|2|2|2|2|2|1,10,49,131697,silent,131648
12,21|11|2|2|2|2|2|2|2|2,10,13,8512,silent,8499
12,21|10|10|1|1|1|1|1|1|1,10,0,-1,a0,
12,21|10|9|2|1|1|1|1|1|1,10,0,-1,a0,
12,21|10|8|3|1|1|1|1|1|1,10,3,1528010,silent,1528007
12,21|10|8|2|2|1|1|1|1|1,10,9,1461741,silent,1461732
12,21|10|7|4|1|1|1|1|1|1,10,8,2811927,silent,2811919
12,21|10|7|3|2|1|1|1|1|1,10,38,5518311,silent,5518273
12,21|10|7|2|2|2|1|1|1|1,10,39,2557021,silent,2556982
12,21|10|6|5|1|1|1|1|1|1,10,10,2483850,silent,2483840
12,21|10|6|4|2|1|1|1|1|1,10,66,8455007,silent,8454941
12,21|10|6|3|3|1|1|1|1|1,10,59,5886233,silent,5886174
12,21|10|6|3|2|2|1|1|1|1,10,145,8356058,silent,8355913
12,21|10|6|2|2|2|2|1|1|1,10,99,2489344,silent,2489245
12,21|10|5|5|2|1|1|1|1|1,10,33,4351722,silent,4351689
12,21|10|5|4|3|1|1|1|1|1,10,63,8054233,silent,8054170
12,21|10|5|4|2|2|1|1|1|1,10,137,9333561,silent,9333424
12,21|10|5|3|3|2|1|1|1|1,10,154,8792944,silent,8792790
12,21|10|5|3|2|2|2|1|1|1,10,238,6425465,silent,6425227
12,21|10|5|2|2|2|2|2|1|1,10,143,1380166,silent,1380023
12,21|10|4|4|4|1|1|1|1|1,10,8,1917088,silent,1917080
12,21|10|4|4|3|2|1|1|1|1,10,69,6676280,silent,6676211
12,21|10|4|4|2|2|2|1|1|1,10,96,3980969,silent,3980873
12,21|10|4|3|3|3|1|1|1|1,10,48,3011614,silent,3011566
12,21|10|4|3|3|2|2|1|1|1,10,138,5081739,silent,5081601
12,21|10|4|3|2|2|2|2|1|1,10,171,2475400,silent,2475229
12,21|10|4|2|2|2|2|2|2|1,10,100,408418,silent,408318
12,21|10|3|3|3|3|2|1|1|1,10,22,1173834,silent,1173812
12,21|10|3|3|3|2|2|2|1|1,10,40,1057564,silent,1057524
12,21|10|3|3|2|2|2|2|2|1,10,43,379047,silent,379004
12,21|10|3|2|2|2|2|2|2|2,10,25,50101,silent,50076
12,21|9|9|3|1|1|1|1|1|1,10,2,624738,silent,624736
12,21|9|9|2|2|1|1|1|1|1,10,1,593283,silent,593282
12,21|9|8|4|1|1|1|1|1|1,10,7,2002948,silent,2002941
12,21|9|8|3|2|1|1|1|1|1,10,29,3862194,silent,3862165
12,21|9|8|2|2|2|1|1|1|1,10,28,1771242,silent,1771214
12,21|9|7|5|1|1|1|1|1|1,10,10,2792012,silent,2792002
12,21|9|7|4|2|1|1|1|1|1,10,59,8723580,silent,8723521
12,21|9|7|3|3|1|1|1|1|1,10,62,5893683,silent,5893621
12,21|9|7|3|2|2|1|1|1|1,10,138,8284004,silent,8283866
12,21|9|7|2|2|2|2|1|1|1,10,101,2416912,silent,2416811
12,21|9|6|6|1|1|1|1|1|1,10,11,1376846,silent,1376835
12,21|9|6|5|2|1|1|1|1|1,10,77,8422017,silent,8421940
12,21|9|6|4|3|1|1|1|1|1,10,113,12299779,silent,12299666
12,21|9|6|4|2|2|1|1|1|1,10,202,14014214,silent,14014012
12,21|9|6|3|3|2|1|1|1|1,10,206,12292552,silent,12292346
12,21|9|6|3|2|2|2|1|1|1,10,286,8796911,silent,8796625
12,21|9|6|2|2|2|2|2|1|1,10,156,1807288,silent,1807132
12,21|9|5|5|3|1|1|1|1|1,10,67,6983281,silent,6983214
12,21|9|5|5|2|2|1|1|1|1,10,130,7519191,silent,7519061
12,21|9|5|4|4|1|1|1|1|1,10,31,5625894,silent,5625863
12,21|9|5|4|3|2|1|1|1|1,10,225,18037992,silent,18037767
12,21|9|5|4|2|2|2|1|1|1,10,284,10349744,silent,10349460
12,21|9|5|3|3|3|1|1|1|1,10,88,6408245,silent,6408157
12,21|9|5|3|3|2|2|1|1|1,10,250,10618183,silent,10617933
12,21|9|5|3|2|2|2|2|1|1,10,290,4956953,silent,4956663
12,21|9|5|2|2|2|2|2|2|1,10,122,740864,silent,740742
12,21|9|4|4|4|2|1|1|1|1,10,22,4773612,silent,4773590
12,21|9|4|4|3|3|1|1|1|1,10,49,5322716,silent,5322667
12,21|9|4|4|3|2|2|1|1|1,10,132,8334857,silent,8334725
12,21|9|4|4|2|2|2|2|1|1,10,148,3151970,silent,3151822
12,21|9|4|3|3|3|2|1|1|1,10,67,4869349,silent,4869282
12,21|9|4|3|3|2|2|2|1|1,10,125,4209595,silent,4209470
12,21|9|4|3|2|2|2|2|2|1,10,131,1374589,silent,1374458
12,21|9|4|2|2|2|2|2|2|2,10,44,139067,silent,139023
12,21|9|3|3|3|3|3|1|1|1,10,2,608337,silent,608335
12,21|9|3|3|3|3|2|2|1|1,10,9,1090379,silent,1090370
12,21|9|3|3|3|2|2|2|2|1,10,13,609899,silent,609886
12,21|9|3|3|2|2|2|2|2|2,10,13,129505,silent,129492
12,21|8|8|5|1|1|1|1|1|1,10,6,1244109,silent,1244103
12,21|8|8|4|2|1|1|1|1|1,10,34,3774258,silent,3774224
12,21|8|8|3|3|1|1|1|1|1,10,20,2516196,silent,2516176
12,21|8|8|3|2|2|1|1|1|1,10,61,3526837,silent,3526776
12,21|8|8|2|2|2|2|1|1|1,10,35,1017855,silent,1017820
12,21|8|7|6|1|1|1|1|1|1,10,6,1483407,silent,1483401
12,21|8|7|5|2|1|1|1|1|1,10,59,7162677,silent,7162618
12,21|8|7|4|3|1|1|1|1|1,10,84,9715380,silent,9715296
12,21|8|7|4|2|2|1|1|1|1,10,159,10978712,silent,10978553
12,21|8|7|3|3|2|1|1|1|1,10,149,9362610,silent,9362461
12,21|8|7|3|2|2|2|1|1|1,10,208,6632916,silent,6632708
12,21|8|7|2|2|2|2|2|1|1,10,106,1335089,silent,1334983
12,21|8|6|6|2|1|1|1|1|1,10,45,3897949,silent,3897904
12,21|8|6|5|3|1|1|1|1|1,10,118,11226279,silent,11226161
12,21|8|6|5|2|2|1|1|1|1,10,188,11901109,silent,11900921
12,21|8|6|4|4|1|1|1|1|1,10,61,7327057,silent,7326996
12,21|8|6|4|3|2|1|1|1|1,10,287,22646757,silent,22646470
12,21|8|6|4|2|2|2|1|1|1,10,302,12742174,silent,12741872
12,21|8|6|3|3|3|1|1|1|1,10,96,7430817,silent,7430721
12,21|8|6|3|3|2|2|1|1|1,10,270,12205401,silent,12205131
12,21|8|6|3|2|2|2|2|1|1,10,275,5573030,silent,5572755
12,21|8|6|2|2|2|2|2|2|1,10,114,798314,silent,798200
12,21|8|5|5|4|1|1|1|1|1,10,49,5389982,silent,5389933
12,21|8|5|5|3|2|1|1|1|1,10,194,13619214,silent,13619020
12,21|8|5|5|2|2|2|1|1|1,10,205,7194341,silent,7194136
12,21|8|5|4|4|2|1|1|1|1,10,103,12011126,silent,12011023
12,21|8|5|4|3|3|1|1|1|1,10,114,12478648,silent,12478534
12,21|8|5|4|3|2|2|1|1|1,10,328,19217525,silent,19217197
12,21|8|5|4|2|2|2|2|1|1,10,288,6977288,silent,6977000
12,21|8|5|3|3|3|2|1|1|1,10,101,8861948,silent,8861847
12,21|8|5|3|3|2|2|2|1|1,10,196,7506227,silent,7506031
12,21|8|5|3|2|2|2|2|2|1,10,170,2345298,silent,2345128
12,21|8|5|2|2|2|2|2|2|2,10,45,214334,silent,214289
12,21|8|4|4|4|3|1|1|1|1,10,16,4341127,silent,4341111
12,21|8|4|4|4|2|2|1|1|1,10,45,5455492,silent,5455447
12,21|8|4|4|3|3|2|1|1|1,10,71,7677720,silent,7677649
12,21|8|4|4|3|2|2|2|1|1,10,139,6096767,silent,6096628
12,21|8|4|4|2|2|2|2|2|1,10,115,1541809,silent,1541694
12,21|8|4|3|3|3|3|1|1|1,10,9,2244372,silent,2244363
12,21|8|4|3|3|3|2|2|1|1,10,35,3956381,silent,3956346
12,21|8|4|3|3|2|2|2|2|1,10,57,2119399,silent,2119342
12,21|8|4|3|2|2|2|2|2|2,10,44,412856,silent,412812
12,21|8|3|3|3|3|3|2|1|1,10,0,-1,a0,
12,21|8|3|3|3|3|2|2|2|1,10,1,592516,silent,592515
12,21|8|3|3|3|2|2|2|2|2,10,1,189083,silent,189082
12,21|7|7|7|1|1|1|1|1|1,10,0,-1,a0,
12,21|7|7|6|2|1|1|1|1|1,10,15,2422781,silent,2422766
12,21|7|7|5|3|1|1|1|1|1,10,57,5658179,silent,5658122
12,21|7|7|5|2|2|1|1|1|1,10,90,5954900,silent,5954810
12,21|7|7|4|4|1|1|1|1|1,10,18,3485053,silent,3485035
12,21|7|7|4|3|2|1|1|1|1,10,135,10626667,silent,10626532
12,21|7|7|4|2|2|2|1|1|1,10,155,5933866,silent,5933711
12,21|7|7|3|3|3|1|1|1|1,10,52,3392690,silent,3392638
12,21|7|7|3|3|2|2|1|1|1,10,112,5544671,silent,5544559
12,21|7|7|3|2|2|2|2|1|1,10,122,2511645,silent,2511523
12,21|7|7|2|2|2|2|2|2|1,10,41,352618,silent,352577
12,21|7|6|6|3|1|1|1|1|1,10,48,3990536,silent,3990488
12,21|7|6|6|2|2|1|1|1|1,10,56,4103957,silent,4103901
12,21|7|6|5|4|1|1|1|1|1,10,69,6604213,silent,6604144
12,21|7|6|5|3|2|1|1|1|1,10,226,16137210,silent,16136984
12,21|7|6|5|2|2|2|1|1|1,10,192,8374035,silent,8373843
12,21|7|6|4|4|2|1|1|1|1,10,105,11616216,silent,11616111
12,21|7|6|4|3|3|1|1|1|1,10,120,11732782,silent,11732662
12,21|7|6|4|3|2|2|1|1|1,10,288,17923286,silent,17922998
12,21|7|6|4|2|2|2|2|1|1,10,231,6382323,silent,6382092
12,21|7|6|3|3|3|2|1|1|1,10,90,7676846,silent,7676756
12,21|7|6|3|3|2|2|2|1|1,10,151,6436867,silent,6436716
12,21|7|6|3|2|2|2|2|2|1,10,128,1970953,silent,1970825
12,21|7|6|2|2|2|2|2|2|2,10,32,173137,silent,173105
12,21|7|5|5|5|1|1|1|1|1,10,25,1654548,silent,1654523
12,21|7|5|5|4|2|1|1|1|1,10,120,9431912,silent,9431792
12,21|7|5|5|3|3|1|1|1|1,10,81,7910634,silent,7910553
12,21|7|5|5|3|2|2|1|1|1,10,210,11803606,silent,11803396
12,21|7|5|5|2|2|2|2|1|1,10,140,3931950,silent,3931810
12,21|7|5|4|4|3|1|1|1|1,10,51,8905975,silent,8905924
12,21|7|5|4|4|2|2|1|1|1,10,137,11030660,silent,11030523
12,21|7|5|4|3|3|2|1|1|1,10,125,14481623,silent,14481498
12,21|7|5|4|3|2|2|2|1|1,10,237,11289264,silent,11289027
12,21|7|5|4|2|2|2|2|2|1,10,145,2735985,silent,2735840
12,21|7|5|3|3|3|3|1|1|1,10,13,3328362,silent,3328349
12,21|7|5|3|3|3|2|2|1|1,10,44,5809096,silent,5809052
12,21|7|5|3|3|2|2|2|2|1,10,74,3049313,silent,3049239
12,21|7|5|3|2|2|2|2|2|2,10,42,567093,silent,567051
12,21|7|4|4|4|4|1|1|1|1,10,0,-1,a0,
12,21|7|4|4|4|3|2|1|1|1,10,27,5511526,silent,5511499
12,21|7|4|4|4|2|2|2|1|1,10,60,3443728,silent,3443668
12,21|7|4|4|3|3|3|1|1|1,10,14,3105785,silent,3105771
12,21|7|4|4|3|3|2|2|1|1,10,45,5297174,silent,5297129
12,21|7|4|4|3|2|2|2|2|1,10,79,2598781,silent,2598702
12,21|7|4|4|2|2|2|2|2|2,10,38,393114,silent,393076
12,21|7|4|3|3|3|3|2|1|1,10,2,2058294,silent,2058292
12,21|7|4|3|3|3|2|2|2|1,10,6,1799348,silent,1799342
12,21|7|4|3|3|2|2|2|2|2,10,12,552400,silent,552388
12,21|7|3|3|3|3|3|3|1|1,10,0,-1,a0,
12,21|7|3|3|3|3|3|2|2|1,10,0,-1,a0,
12,21|7|3|3|3|3|2|2|2|2,10,0,-1,a0,
12,21|6|6|6|4|1|1|1|1|1,10,26,1444926,silent,1444900
12,21|6|6|6|3|2|1|1|1|1,10,43,3276633,silent,3276590
12,21|6|6|6|2|2|2|1|1|1,10,20,1643221,silent,1643201
12,21|6|6|5|5|1|1|1|1|1,10,15,1220079,silent,1220064
12,21|6|6|5|4|2|1|1|1|1,10,78,6500199,silent,6500121
12,21|6|6|5|3|3|1|1|1|1,10,57,5318861,silent,5318804
12,21|6|6|5|3|2|2|1|1|1,10,124,7887514,silent,7887390
12,21|6|6|5|2|2|2|2|1|1,10,75,2582499,silent,2582424
12,21|6|6|4|4|3|1|1|1|1,10,37,4972354,silent,4972317
12,21|6|6|4|4|2|2|1|1|1,10,57,6112519,silent,6112462
12,21|6|6|4|3|3|2|1|1|1,10,75,7840274,silent,7840199
12,21|6|6|4|3|2|2|2|1|1,10,115,6060953,silent,6060838
12,21|6|6|4|2|2|2|2|2|1,10,79,1445977,silent,1445898
12,21|6|6|3|3|3|3|1|1|1,10,5,1681024,silent,1681019
12,21|6|6|3|3|3|2|2|1|1,10,26,2927049,silent,2927023
12,21|6|6|3|3|2|2|2|2|1,10,33,1521056,silent,1521023
12,21|6|6|3|2|2|2|2|2|2,10,24,279785,silent,279761
12,21|6|5|5|5|2|1|1|1|1,10,37,2181311,silent,2181274
12,21|6|5|5|4|3|1|1|1|1,10,46,5235922,silent,5235876
12,21|6|5|5|4|2|2|1|1|1,10,98,6296551,silent,6296453
12,21|6|5|5|3|3|2|1|1|1,10,54,6695120,silent,6695066
12,21|6|5|5|3|2|2|2|1|1,10,96,5039807,silent,5039711
12,21|6|5|5|2|2|2|2|2|1,10,39,1118988,silent,1118949
12,21|6|5|4|4|4|1|1|1|1,10,8,2146034,silent,2146026
12,21|6|5|4|4|3|2|1|1|1,10,54,8124538,silent,8124484
12,21|6|5|4|4|2|2|2|1|1,10,83,4994215,silent,4994132
12,21|6|5|4|3|3|3|1|1|1,10,11,4252538,silent,4252527
12,21|6|5|4|3|3|2|2|1|1,10,57,7195026,silent,7194969
12,21|6|5|4|3|2|2|2|2|1,10,84,3464955,silent,3464871
12,21|6|5|4|2|2|2|2|2|2,10,32,501586,silent,501554
12,21|6|5|3|3|3|3|2|1|1,10,2,2220217,silent,2220215
12,21|6|5|3|3|3|2|2|2|1,10,10,1922626,silent,1922616
12,21|6|5|3|3|2|2|2|2|2,10,11,578861,silent,578850
12,21|6|4|4|4|4|2|1|1|1,10,2,1565607,silent,1565605
12,21|6|4|4|4|3|3|1|1|1,10,6,1942993,silent,1942987
12,21|6|4|4|4|3|2|2|1|1,10,25,3081140,silent,3081115
12,21|6|4|4|4|2|2|2|2|1,10,40,1181990,silent,1181950
12,21|6|4|4|3|3|3|2|1|1,10,4,2271926,silent,2271922
12,21|6|4|4|3|3|2|2|2|1,10,14,1912316,silent,1912302
12,21|6|4|4|3|2|2|2|2|2,10,21,539525,silent,539504
12,21|6|4|3|3|3|3|3|1|1,10,0,-1,a0,
12,21|6|4|3|3|3|3|2|2|1,10,0,-1,a0,
12,21|6|4|3|3|3|2|2|2|2,10,0,-1,a0,
12,21|6|3|3|3|3|3|3|2|1,10,0,-1,a0,
12,21|6|3|3|3|3|3|2|2|2,10,0,-1,a0,
12,21|5|5|5|5|3|1|1|1|1,10,11,726418,silent,726407
12,21|5|5|5|5|2|2|1|1|1,10,14,815289,silent,815275
12,21|5|5|5|4|4|1|1|1|1,10,9,745434,silent,745425
12,21|5|5|5|4|3|2|1|1|1,10,23,2626524,silent,2626501
12,21|5|5|5|4|2|2|2|1|1,10,27,1565167,silent,1565140
12,21|5|5|5|3|3|3|1|1|1,10,1,1102077,silent,1102076
12,21|5|5|5|3|3|2|2|1|1,10,12,1837231,silent,1837219
12,21|5|5|5|3|2|2|2|2|1,10,14,854922,silent,854908
12,21|5|5|5|2|2|2|2|2|2,10,1,112532,silent,112531
12,21|5|5|4|4|4|2|1|1|1,10,10,1292297,silent,1292287
12,21|5|5|4|4|3|3|1|1|1,10,2,1562258,silent,1562256
12,21|5|5|4|4|3|2|2|1|1,10,22,2466564,silent,2466542
12,21|5|5|4|4|2|2|2|2|1,10,19,930034,silent,930015
12,21|5|5|4|3|3|3|2|1|1,10,1,1703332,silent,1703331
12,21|5|5|4|3|3|2|2|2|1,10,11,1424487,silent,1424476
12,21|5|5|4|3|2|2|2|2|2,10,9,394222,silent,394213
12,21|5|5|3|3|3|3|3|1|1,10,0,-1,a0,
12,21|5|5|3|3|3|3|2|2|1,10,0,-1,a0,
12,21|5|5|3|3|3|2|2|2|2,10,1,237631,silent,237630
12,21|5|4|4|4|4|3|1|1|1,10,0,-1,a0,
12,21|5|4|4|4|4|2|2|1|1,10,6,649930,silent,649924
12,21|5|4|4|4|3|3|2|1|1,10,2,1025757,silent,1025755
12,21|5|4|4|4|3|2|2|2|1,10,13,797450,silent,797437
12,21|5|4|4|4|2|2|2|2|2,10,10,176203,silent,176193
12,21|5|4|4|3|3|3|3|1|1,10,0,-1,a0,
12,21|5|4|4|3|3|3|2|2|1,10,0,-1,a0,
12,21|5|4|4|3|3|2|2|2|2,10,2,296025,silent,296023
12,21|5|4|3|3|3|3|3|2|1,10,0,-1,a0,
12,21|5|4|3|3|3|3|2|2|2,10,0,-1,a0,
12,21|5|3|3|3|3|3|3|3|1,10,0,-1,a0,
12,21|5|3|3|3|3|3|3|2|2,10,0,-1,a0,
12,21|4|4|4|4|4|4|1|1|1,10,0,-1,a0,
12,21|4|4|4|4|4|3|2|1|1,10,0,-1,a0,
12,21|4|4|4|4|4|2|2|2|1,10,4,92704,silent,92700
12,21|4|4|4|4|3|3|3|1|1,10,0,-1,a0,
12,21|4|4|4|4|3|3|2|2|1,10,0,-1,a0,
12,21|4|4|4|4|3|2|2|2|2,10,3,66789,silent,66786
12,21|4|4|4|3|3|3|3|2|1,10,0,-1,a0,
12,21|4|4|4|3|3|3|2|2|2,10,0,-1,a0,
12,21|4|4|3|3|3|3|3|3|1,10,0,-1,a0,
12,21|4|4|3|3|3|3|3|2|2,10,0,-1,a0,
12,21|4|3|3|3|3|3|3|3|2,10,0,-1,a0,
12,21|3|3|3|3|3|3|3|3|3,10,0,-1,a0,
12,20|20|1|1|1|1|1|1|1|1,10,0,-1,a0,
12,20|19|2|1|1|1|1|1|1|1,10,0,-1,a0,
12,20|18|3|1|1|1|1|1|1|1,10,0,-1,a0,
12,20|18|2|2|1|1|1|1|1|1,10,0,-1,a0,
12,20|17|4|1|1|1|1|1|1|1,10,0,-1,a0,
12,20|17|3|2|1|1|1|1|1|1,10,0,-1,a0,
12,20|17|2|2|2|1|1|1|1|1,10,0,-1,a0,
12,20|16|5|1|1|1|1|1|1|1,10,0,-1,a0,
12,20|16|4|2|1|1|1|1|1|1,10,0,-1,a0,
12,20|16|3|3|1|1|1|1|1|1,10,0,-1,a0,
12,20|16|3|2|2|1|1|1|1|1,10,0,-1,a0,
12,20|16|2|2|2|2|1|1|1|1,10,0,-1,a0,
12,20|15|6|1|1|1|1|1|1|1,10,0,-1,a0,
12,20|15|5|2|1|1|1|1|1|1,10,0,-1,a0,
12,20|15|4|3|1|1|1|1|1|1,10,0,-1,a0,
12,20|15|4|2|2|1|1|1|1|1,10,0,-1,a0,
12,20|15|3|3|2|1|1|1|1|1,10,0,-1,a0,
12,20|15|3|2|2|2|1|1|1|1,10,0,-1,a0,
12,20|15|2|2|2|2|2|1|1|1,10,0,-1,a0,
12,20|14|7|1|1|1|1|1|1|1,10,0,-1,a0,
12,20|14|6|2|1|1|1|1|1|1,10,0,-1,a0,
12,20|14|5|3|1|1|1|1|1|1,10,0,-1,a0,
12,20|14|5|2|2|1|1|1|1|1,10,0,-1,a0,
12,20|14|4|4|1|1|1|1|1|1,10,0,-1,a0,
12,20|14|4|3|2|1|1|1|1|1,10,4,973080,silent,973076
12,20|14|4|2|2|2|1|1|1|1,10,5,522537,silent,522532
12,20|14|3|3|3|1|1|1|1|1,10,5,275160,silent,275155
12,20|14|3|3|2|2|1|1|1|1,10,9,442379,silent,442370
12,20|14|3|2|2|2|2|1|1|1,10,11,194468,silent,194457
12,20|14|2|2|2|2|2|2|1|1,10,5,26262,silent,26257
12,20|13|8|1|1|1|1|1|1|1,10,0,-1,a0,
12,20|13|7|2|1|1|1|1|1|1,10,0,-1,a0,
12,20|13|6|3|1|1|1|1|1|1,10,3,1381523,silent,1381520
12,20|13|6|2|2|1|1|1|1|1,10,5,1354210,silent,1354205
12,20|13|5|4|1|1|1|1|1|1,10,3,1304289,silent,1304286
12,20|13|5|3|2|1|1|1|1|1,10,18,2885557,silent,2885539
12,20|13|5|2|2|2|1|1|1|1,10,20,1416210,silent,1416190
12,20|13|4|4|2|1|1|1|1|1,10,10,1659506,silent,1659496
12,20|13|4|3|3|1|1|1|1|1,10,19,1542890,silent,1542871
12,20|13|4|3|2|2|1|1|1|1,10,43,2301248,silent,2301205
12,20|13|4|2|2|2|2|1|1|1,10,37,780557,silent,780520
12,20|13|3|3|3|2|1|1|1|1,10,30,837635,silent,837605
12,20|13|3|3|2|2|2|1|1|1,10,45,692397,silent,692352
12,20|13|3|2|2|2|2|2|1|1,10,39,210459,silent,210420
12,20|13|2|2|2|2|2|2|2|1,10,18,20761,silent,20743
12,20|12|9|1|1|1|1|1|1|1,10,0,-1,a0,
12,20|12|8|2|1|1|1|1|1|1,10,1,805249,silent,805248
12,20|12|7|3|1|1|1|1|1|1,10,7,2126851,silent,2126844
12,20|12|7|2|2|1|1|1|1|1,10,10,2045226,silent,2045216
12,20|12|6|4|1|1|1|1|1|1,10,12,2820939,silent,2820927
12,20|12|6|3|2|1|1|1|1|1,10,52,5728029,silent,5727977
12,20|12|6|2|2|2|1|1|1|1,10,49,2698548,silent,2698499
12,20|12|5|5|1|1|1|1|1|1,10,5,1373879,silent,1373874
12,20|12|5|4|2|1|1|1|1|1,10,48,5961963,silent,5961915
12,20|12|5|3|3|1|1|1|1|1,10,58,4450486,silent,4450428
12,20|12|5|3|2|2|1|1|1|1,10,131,6406804,silent,6406673
12,20|12|5|2|2|2|2|1|1|1,10,98,1980770,silent,1980672
12,20|12|4|4|3|1|1|1|1|1,10,27,3212073,silent,3212046
12,20|12|4|4|2|2|1|1|1|1,10,59,3839832,silent,3839773
12,20|12|4|3|3|2|1|1|1|1,10,99,4482312,silent,4482213
12,20|12|4|3|2|2|2|1|1|1,10,144,3391614,silent,3391470
12,20|12|4|2|2|2|2|2|1|1,10,94,792275,silent,792181
12,20|12|3|3|3|3|1|1|1|1,10,26,783334,silent,783308
12,20|12|3|3|3|2|2|1|1|1,10,60,1361587,silent,1361527
12,20|12|3|3|2|2|2|2|1|1,10,75,723052,silent,722977
12,20|12|3|2|2|2|2|2|2|1,10,51,152952,silent,152901
12,20|12|2|2|2|2|2|2|2|2,10,17,9821,silent,9804
12,20|11|10|1|1|1|1|1|1|1,10,0,-1,a0,
12,20|11|9|2|1|1|1|1|1|1,10,2,690837,silent,690835
12,20|11|8|3|1|1|1|1|1|1,10,11,2325786,silent,2325775
12,20|11|8|2|2|1|1|1|1|1,10,16,2214802,silent,2214786
12,20|11|7|4|1|1|1|1|1|1,10,21,4069835,silent,4069814
12,20|11|7|3|2|1|1|1|1|1,10,76,7937285,silent,7937209
12,20|11|7|2|2|2|1|1|1|1,10,65,3656509,silent,3656444
12,20|11|6|5|1|1|1|1|1|1,10,24,3510200,silent,3510176
12,20|11|6|4|2|1|1|1|1|1,10,122,11836136,silent,11836014
12,20|11|6|3|3|1|1|1|1|1,10,112,8206359,silent,8206247
12,20|11|6|3|2|2|1|1|1|1,10,236,11604575,silent,11604339
12,20|11|6|2|2|2|2|1|1|1,10,149,3431370,silent,3431221
12,20|11|5|5|2|1|1|1|1|1,10,61,6022173,silent,6022112
12,20|11|5|4|3|1|1|1|1|1,10,119,11060951,silent,11060832
12,20|11|5|4|2|2|1|1|1|1,10,222,12769671,silent,12769449
12,20|11|5|3|3|2|1|1|1|1,10,249,11977026,silent,11976777
12,20|11|5|3|2|2|2|1|1|1,10,343,8700222,silent,8699879
12,20|11|5|2|2|2|2|2|1|1,10,186,1849676,silent,1849490
12,20|11|4|4|4|1|1|1|1|1,10,15,2604894,silent,2604879
12,20|11|4|4|3|2|1|1|1|1,10,122,9021387,silent,9021265
12,20|11|4|4|2|2|2|1|1|1,10,146,5348378,silent,5348232
12,20|11|4|3|3|3|1|1|1|1,10,78,4043026,silent,4042948
12,20|11|4|3|3|2|2|1|1|1,10,199,6792599,silent,6792400
12,20|11|4|3|2|2|2|2|1|1,10,223,3280497,silent,3280274
12,20|11|4|2|2|2|2|2|2|1,10,114,533158,silent,533044
12,20|11|3|3|3|3|2|1|1|1,10,32,1552775,silent,1552743
12,20|11|3|3|3|2|2|2|1|1,10,53,1388772,silent,1388719
12,20|11|3|3|2|2|2|2|2|1,10,51,491822,silent,491771
12,20|11|3|2|2|2|2|2|2|2,10,26,63561,silent,63535
12,20|10|10|2|1|1|1|1|1|1,10,0,-1,a0,
12,20|10|9|3|1|1|1|1|1|1,10,7,1555241,silent,1555234
12,20|10|9|2|2|1|1|1|1|1,10,11,1473107,silent,1473096
12,20|10|8|4|1|1|1|1|1|1,10,21,3811334,silent,3811313
12,20|10|8|3|2|1|1|1|1|1,10,78,7295041,silent,7294963
12,20|10|8|2|2|2|1|1|1|1,10,70,3325160,silent,3325090
12,20|10|7|5|1|1|1|1|1|1,10,31,4831550,silent,4831519
12,20|10|7|4|2|1|1|1|1|1,10,151,14911269,silent,14911118
12,20|10|7|3|3|1|1|1|1|1,10,133,10014117,silent,10013984
12,20|10|7|3|2|2|1|1|1|1,10,278,14019977,silent,14019699
12,20|10|7|2|2|2|2|1|1|1,10,170,4053286,silent,4053116
12,20|10|6|6|1|1|1|1|1|1,10,21,2298426,silent,2298405
12,20|10|6|5|2|1|1|1|1|1,10,165,13794328,silent,13794163
12,20|10|6|4|3|1|1|1|1|1,10,233,19934057,silent,19933824
12,20|10|6|4|2|2|1|1|1|1,10,404,22623034,silent,22622630
12,20|10|6|3|3|2|1|1|1|1,10,377,19721989,silent,19721612
12,20|10|6|3|2|2|2|1|1|1,10,478,14023915,silent,14023437
12,20|10|6|2|2|2|2|2|1|1,10,219,2846013,silent,2845794
12,20|10|5|5|3|1|1|1|1|1,10,138,11101427,silent,11101289
12,20|10|5|5|2|2|1|1|1|1,10,228,11901698,silent,11901470
12,20|10|5|4|4|1|1|1|1|1,10,77,8871665,silent,8871588
12,20|10|5|4|3|2|1|1|1|1,10,427,28248902,silent,28248475
12,20|10|5|4|2|2|2|1|1|1,10,464,16102873,silent,16102409
12,20|10|5|3|3|3|1|1|1|1,10,162,9951832,silent,9951670
12,20|10|5|3|3|2|2|1|1|1,10,418,16418307,silent,16417889
12,20|10|5|3|2|2|2|2|1|1,10,424,7593374,silent,7592950
12,20|10|5|2|2|2|2|2|2|1,10,163,1117498,silent,1117335
12,20|10|4|4|4|2|1|1|1|1,10,60,7362309,silent,7362249
12,20|10|4|4|3|3|1|1|1|1,10,87,8164590,silent,8164503
12,20|10|4|4|3|2|2|1|1|1,10,235,12732096,silent,12731861
12,20|10|4|4|2|2|2|2|1|1,10,204,4767954,silent,4767750
12,20|10|4|3|3|3|2|1|1|1,10,115,7372014,silent,7371899
12,20|10|4|3|3|2|2|2|1|1,10,194,6328340,silent,6328146
12,20|10|4|3|2|2|2|2|2|1,10,171,2039415,silent,2039244
12,20|10|4|2|2|2|2|2|2|2,10,60,202602,silent,202542
12,20|10|3|3|3|3|3|1|1|1,10,6,906034,silent,906028
12,20|10|3|3|3|3|2|2|1|1,10,14,1614902,silent,1614888
12,20|10|3|3|3|2|2|2|2|1,10,20,893837,silent,893817
12,20|10|3|3|2|2|2|2|2|2,10,12,186302,silent,186290
12,20|9|9|4|1|1|1|1|1|1,10,10,1580623,silent,1580613
12,20|9|9|3|2|1|1|1|1|1,10,30,2996208,silent,2996178
12,20|9|9|2|2|2|1|1|1|1,10,22,1356651,silent,1356629
12,20|9|8|5|1|1|1|1|1|1,10,26,3606468,silent,3606442
12,20|9|8|4|2|1|1|1|1|1,10,115,10735152,silent,10735037
12,20|9|8|3|3|1|1|1|1|1,10,92,7105416,silent,7105324
12,20|9|8|3|2|2|1|1|1|1,10,195,9900154,silent,9899959
12,20|9|8|2|2|2|2|1|1|1,10,113,2829785,silent,2829672
12,20|9|7|6|1|1|1|1|1|1,10,23,3363639,silent,3363616
12,20|9|7|5|2|1|1|1|1|1,10,172,15753444,silent,15753272
12,20|9|7|4|3|1|1|1|1|1,10,241,21040048,silent,21039807
12,20|9|7|4|2|2|1|1|1|1,10,399,23653097,silent,23652698
12,20|9|7|3|3|2|1|1|1|1,10,372,20008914,silent,20008542
12,20|9|7|3|2|2|2|1|1|1,10,459,14068971,silent,14068512
12,20|9|7|2|2|2|2|2|1|1,10,211,2795217,silent,2795006
12,20|9|6|6|2|1|1|1|1|1,10,104,7943687,silent,7943583
12,20|9|6|5|3|1|1|1|1|1,10,289,22258984,silent,22258695
12,20|9|6|5|2|2|1|1|1|1,10,420,23475302,silent,23474882
12,20|9|6|4|4|1|1|1|1|1,10,143,14347278,silent,14347135
12,20|9|6|4|3|2|1|1|1|1,10,659,43977693,silent,43977034
12,20|9|6|4|2|2|2|1|1|1,10,630,24562282,silent,24561652
12,20|9|6|3|3|3|1|1|1|1,10,220,14271302,silent,14271082
12,20|9|6|3|3|2|2|1|1|1,10,535,23321263,silent,23320728
12,20|9|6|3|2|2|2|2|1|1,10,494,10541511,silent,10541017
12,20|9|6|2|2|2|2|2|2|1,10,173,1482845,silent,1482672
12,20|9|5|5|4|1|1|1|1|1,10,118,10189155,silent,10189037
12,20|9|5|5|3|2|1|1|1|1,10,416,25523035,silent,25522619
12,20|9|5|5|2|2|2|1|1|1,10,380,13379097,silent,13378717
12,20|9|5|4|4|2|1|1|1|1,10,237,22229924,silent,22229687
12,20|9|5|4|3|3|1|1|1|1,10,266,22949841,silent,22949575
12,20|9|5|4|3|2|2|1|1|1,10,652,35169505,silent,35168853
12,20|9|5|4|2|2|2|2|1|1,10,499,12637194,silent,12636695
12,20|9|5|3|3|3|2|1|1|1,10,208,16027752,silent,16027544
12,20|9|5|3|3|2|2|2|1|1,10,342,13468768,silent,13468426
12,20|9|5|3|2|2|2|2|2|1,10,258,4149759,silent,4149501
12,20|9|5|2|2|2|2|2|2|2,10,56,369787,silent,369731
12,20|9|4|4|4|3|1|1|1|1,10,44,7785148,silent,7785104
12,20|9|4|4|4|2|2|1|1|1,10,107,9738797,silent,9738690
12,20|9|4|4|3|3|2|1|1|1,10,147,13608500,silent,13608353
12,20|9|4|4|3|2|2|2|1|1,10,244,10723457,silent,10723213
12,20|9|4|4|2|2|2|2|2|1,10,167,2672083,silent,2671916
12,20|9|4|3|3|3|3|1|1|1,10,23,3919758,silent,3919735
12,20|9|4|3|3|3|2|2|1|1,10,66,6870079,silent,6870013
12,20|9|4|3|3|2|2|2|2|1,10,91,3639166,silent,3639075
12,20|9|4|3|2|2|2|2|2|2,10,57,694980,silent,694923
12,20|9|3|3|3|3|3|2|1|1,10,1,1125177,silent,1125176
12,20|9|3|3|3|3|2|2|2|1,10,2,995484,silent,995482
12,20|9|3|3|3|2|2|2|2|2,10,3,313173,silent,313170
12,20|8|8|6|1|1|1|1|1|1,10,14,1621008,silent,1620994
12,20|8|8|5|2|1|1|1|1|1,10,86,7080484,silent,7080398
12,20|8|8|4|3|1|1|1|1|1,10,105,9190085,silent,9189980
12,20|8|8|4|2|2|1|1|1|1,10,185,10298762,silent,10298577
12,20|8|8|3|3|2|1|1|1|1,10,142,8599780,silent,8599638
12,20|8|8|3|2|2|2|1|1|1,10,184,6017942,silent,6017758
12,20|8|8|2|2|2|2|2|1|1,10,67,1180837,silent,1180770
12,20|8|7|7|1|1|1|1|1|1,10,5,1035843,silent,1035838
12,20|8|7|6|2|1|1|1|1|1,10,96,8670218,silent,8670122
12,20|8|7|5|3|1|1|1|1|1,10,235,19288740,silent,19288505
12,20|8|7|5|2|2|1|1|1|1,10,346,20176633,silent,20176287
12,20|8|7|4|4|1|1|1|1|1,10,113,11653142,silent,11653029
12,20|8|7|4|3|2|1|1|1|1,10,513,35110105,silent,35109592
12,20|8|7|4|2|2|2|1|1|1,10,488,19418315,silent,19417827
12,20|8|7|3|3|3|1|1|1|1,10,163,11022295,silent,11022132
12,20|8|7|3|3|2|2|1|1|1,10,388,17921980,silent,17921592
12,20|8|7|3|2|2|2|2|1|1,10,350,8013099,silent,8012749
12,20|8|7|2|2|2|2|2|2|1,10,110,1102930,silent,1102820
12,20|8|6|6|3|1|1|1|1|1,10,147,10893367,silent,10893220
12,20|8|6|6|2|2|1|1|1|1,10,185,11134660,silent,11134475
12,20|8|6|5|4|1|1|1|1|1,10,216,17267550,silent,17267334
12,20|8|6|5|3|2|1|1|1|1,10,637,41707582,silent,41706945
12,20|8|6|5|2|2|2|1|1|1,10,503,21442438,silent,21441935
12,20|8|6|4|4|2|1|1|1|1,10,341,29429674,silent,29429333
12,20|8|6|4|3|3|1|1|1|1,10,337,29457255,silent,29456918
12,20|8|6|4|3|2|2|1|1|1,10,773,44746846,silent,44746073
12,20|8|6|4|2|2|2|2|1|1,10,512,15732772,silent,15732260
12,20|8|6|3|3|3|2|1|1|1,10,239,18845833,silent,18845594
12,20|8|6|3|3|2|2|2|1|1,10,370,15664710,silent,15664340
12,20|8|6|3|2|2|2|2|2|1,10,256,4718950,silent,4718694
12,20|8|6|2|2|2|2|2|2|2,10,65,404835,silent,404770
12,20|8|5|5|5|1|1|1|1|1,10,59,3958628,silent,3958569
12,20|8|5|5|4|2|1|1|1|1,10,308,22138821,silent,22138513
12,20|8|5|5|3|3|1|1|1|1,10,221,18403907,silent,18403686
12,20|8|5|5|3|2|2|1|1|1,10,499,27301599,silent,27301100
12,20|8|5|5|2|2|2|2|1|1,10,300,8979867,silent,8979567
12,20|8|5|4|4|3|1|1|1|1,10,163,20304503,silent,20304340
12,20|8|5|4|4|2|2|1|1|1,10,330,24998309,silent,24997979
12,20|8|5|4|3|3|2|1|1|1,10,331,32519552,silent,32519221
12,20|8|5|4|3|2|2|2|1|1,10,510,25124025,silent,25123515
12,20|8|5|4|2|2|2|2|2|1,10,269,5989881,silent,5989612
12,20|8|5|3|3|3|3|1|1|1,10,35,7320604,silent,7320569
12,20|8|5|3|3|3|2|2|1|1,10,110,12703769,silent,12703659
12,20|8|5|3|3|2|2|2|2|1,10,142,6583377,silent,6583235
12,20|8|5|3|2|2|2|2|2|2,10,67,1199613,silent,1199546
12,20|8|4|4|4|4|1|1|1|1,10,9,3060441,silent,3060432
12,20|8|4|4|4|3|2|1|1|1,10,81,11840446,silent,11840365
12,20|8|4|4|4|2|2|2|1|1,10,115,7329522,silent,7329407
12,20|8|4|4|3|3|3|1|1|1,10,32,6584889,silent,6584857
12,20|8|4|4|3|3|2|2|1|1,10,110,11166598,silent,11166488
12,20|8|4|4|3|2|2|2|2|1,10,139,5407420,silent,5407281
12,20|8|4|4|2|2|2|2|2|2,10,67,800797,silent,800730
12,20|8|4|3|3|3|3|2|1|1,10,6,4244034,silent,4244028
12,20|8|4|3|3|3|2|2|2|1,10,16,3674224,silent,3674208
12,20|8|4|3|3|2|2|2|2|2,10,16,1107753,silent,1107737
12,20|8|3|3|3|3|3|3|1|1,10,0,-1,a0,
12,20|8|3|3|3|3|3|2|2|1,10,0,-1,a0,
12,20|8|3|3|3|3|2|2|2|2,10,0,-1,a0,
12,20|7|7|7|2|1|1|1|1|1,10,10,1550555,silent,1550545
12,20|7|7|6|3|1|1|1|1|1,10,77,6874652,silent,6874575
12,20|7|7|6|2|2|1|1|1|1,10,106,6973665,silent,6973559
12,20|7|7|5|4|1|1|1|1|1,10,97,8893034,silent,8892937
12,20|7|7|5|3|2|1|1|1|1,10,324,21180764,silent,21180440
12,20|7|7|5|2|2|2|1|1|1,10,261,10804806,silent,10804545
12,20|7|7|4|4|2|1|1|1|1,10,150,14112330,silent,14112180
12,20|7|7|4|3|3|1|1|1|1,10,168,13970445,silent,13970277
12,20|7|7|4|3|2|2|1|1|1,10,364,21132397,silent,21132033
12,20|7|7|4|2|2|2|2|1|1,10,254,7372547,silent,7372293
12,20|7|7|3|3|3|2|1|1|1,10,106,8651637,silent,8651531
12,20|7|7|3|3|2|2|2|1|1,10,144,7153678,silent,7153534
12,20|7|7|3|2|2|2|2|2|1,10,102,2134855,silent,2134753
12,20|7|7|2|2|2|2|2|2|2,10,11,177295,silent,177284
12,20|7|6|6|4|1|1|1|1|1,10,88,6785918,silent,6785830
12,20|7|6|6|3|2|1|1|1|1,10,216,15148868,silent,15148652
12,20|7|6|6|2|2|2|1|1|1,10,139,7511653,silent,7511514
12,20|7|6|5|5|1|1|1|1|1,10,80,5317468,silent,5317388
12,20|7|6|5|4|2|1|1|1|1,10,365,27487816,silent,27487451
12,20|7|6|5|3|3|1|1|1|1,10,272,22210448,silent,22210176
12,20|7|6|5|3|2|2|1|1|1,10,538,32689799,silent,32689261
12,20|7|6|5|2|2|2|2|1|1,10,292,10542472,silent,10542180
12,20|7|6|4|4|3|1|1|1|1,10,170,20007232,silent,20007062
12,20|7|6|4|4|2|2|1|1|1,10,306,24433861,silent,24433555
12,20|7|6|4|3|3|2|1|1|1,10,319,30907399,silent,30907080
12,20|7|6|4|3|2|2|2|1|1,10,435,23644228,silent,23643793
12,20|7|6|4|2|2|2|2|2|1,10,222,5525318,silent,5525096
12,20|7|6|3|3|3|3|1|1|1,10,35,6429597,silent,6429562
12,20|7|6|3|3|3|2|2|1|1,10,95,11106763,silent,11106668
12,20|7|6|3|3|2|2|2|2|1,10,112,5692144,silent,5692032
12,20|7|6|3|2|2|2|2|2|2,10,55,1017287,silent,1017232
12,20|7|5|5|5|2|1|1|1|1,10,128,7214963,silent,7214835
12,20|7|5|5|4|3|1|1|1|1,10,179,16871994,silent,16871815
12,20|7|5|5|4|2|2|1|1|1,10,308,20136848,silent,20136540
12,20|7|5|5|3|3|2|1|1|1,10,206,21128607,silent,21128401
12,20|7|5|5|3|2|2|2|1|1,10,273,15730322,silent,15730049
12,20|7|5|5|2|2|2|2|2|1,10,102,3424169,silent,3424067
12,20|7|5|4|4|4|1|1|1|1,10,35,6611277,silent,6611242
12,20|7|5|4|4|3|2|1|1|1,10,198,24710487,silent,24710289
12,20|7|5|4|4|2|2|2|1|1,10,245,15027741,silent,15027496
12,20|7|5|4|3|3|3|1|1|1,10,57,12702139,silent,12702082
12,20|7|5|4|3|3|2|2|1|1,10,176,21340129,silent,21339953
12,20|7|5|4|3|2|2|2|2|1,10,204,10125074,silent,10124870
12,20|7|5|4|2|2|2|2|2|2,10,59,1426794,silent,1426735
12,20|7|5|3|3|3|3|2|1|1,10,12,6378002,silent,6377990
12,20|7|5|3|3|3|2|2|2|1,10,27,5461965,silent,5461938
12,20|7|5|3|3|2|2|2|2|2,10,28,1613736,silent,1613708
12,20|7|4|4|4|4|2|1|1|1,10,17,4316990,silent,4316973
12,20|7|4|4|4|3|3|1|1|1,10,21,5298460,silent,5298439
12,20|7|4|4|4|3|2|2|1|1,10,75,8348414,silent,8348339
12,20|7|4|4|4|2|2|2|2|1,10,80,3151777,silent,3151697
12,20|7|4|4|3|3|3|2|1|1,10,15,6035931,silent,6035916
12,20|7|4|4|3|3|2|2|2|1,10,37,5026502,silent,5026465
12,20|7|4|4|3|2|2|2|2|2,10,37,1388064,silent,1388027
12,20|7|4|3|3|3|3|3|1|1,10,0,-1,a0,
12,20|7|4|3|3|3|3|2|2|1,10,0,-1,a0,
12,20|7|4|3|3|3|2|2|2|2,10,1,987636,silent,987635
12,20|7|3|3|3|3|3|3|2|1,10,0,-1,a0,
12,20|7|3|3|3|3|3|2|2|2,10,0,-1,a0,
12,20|6|6|6|5|1|1|1|1|1,10,27,1490980,silent,1490953
12,20|6|6|6|4|2|1|1|1|1,10,81,6121078,silent,6120997
12,20|6|6|6|3|3|1|1|1|1,10,58,4632010,silent,4631952
12,20|6|6|6|3|2|2|1|1|1,10,89,6724801,silent,6724712
12,20|6|6|6|2|2|2|2|1|1,10,37,2088033,silent,2087996
12,20|6|6|5|5|2|1|1|1|1,10,78,5375082,silent,5375004
12,20|6|6|5|4|3|1|1|1|1,10,126,11791545,silent,11791419
12,20|6|6|5|4|2|2|1|1|1,10,176,13976188,silent,13976012
12,20|6|6|5|3|3|2|1|1|1,10,147,14325116,silent,14324969
12,20|6|6|5|3|2|2|2|1|1,10,172,10578579,silent,10578407
12,20|6|6|5|2|2|2|2|2|1,10,73,2266785,silent,2266712
12,20|6|6|4|4|4|1|1|1|1,10,27,3776118,silent,3776091
12,20|6|6|4|4|3|2|1|1|1,10,109,13896142,silent,13896033
12,20|6|6|4|4|2|2|2|1|1,10,104,8375971,silent,8375867
12,20|6|6|4|3|3|3|1|1|1,10,35,6945319,silent,6945284
12,20|6|6|4|3|3|2|2|1|1,10,104,11631294,silent,11631190
12,20|6|6|4|3|2|2|2|2|1,10,106,5467731,silent,5467625
12,20|6|6|4|2|2|2|2|2|2,10,47,762581,silent,762534
12,20|6|6|3|3|3|3|2|1|1,10,5,3243097,silent,3243092
12,20|6|6|3|3|3|2|2|2|1,10,13,2764160,silent,2764147
12,20|6|6|3|3|2|2|2|2|2,10,8,807270,silent,807262
12,20|6|5|5|5|3|1|1|1|1,10,57,4337871,silent,4337814
12,20|6|5|5|5|2|2|1|1|1,10,81,4825348,silent,4825267
12,20|6|5|5|4|4|1|1|1|1,10,41,4294798,silent,4294757
12,20|6|5|5|4|3|2|1|1|1,10,136,14851124,silent,14850988
12,20|6|5|5|4|2|2|2|1|1,10,130,8721712,silent,8721582
12,20|6|5|5|3|3|3|1|1|1,10,21,6062228,silent,6062207
12,20|6|5|5|3|3|2|2|1|1,10,73,10027985,silent,10027912
12,20|6|5|5|3|2|2|2|2|1,10,67,4578862,silent,4578795
12,20|6|5|5|2|2|2|2|2|2,10,10,587988,silent,587978
12,20|6|5|4|4|4|2|1|1|1,10,43,6668216,silent,6668173
12,20|6|5|4|4|3|3|1|1|1,10,34,7953206,silent,7953172
12,20|6|5|4|4|3|2|2|1|1,10,104,12439830,silent,12439726
12,20|6|5|4|4|2|2|2|2|1,10,86,4606945,silent,4606859
12,20|6|5|4|3|3|3|2|1|1,10,18,8353133,silent,8353115
12,20|6|5|4|3|3|2|2|2|1,10,47,6893005,silent,6892958
12,20|6|5|4|3|2|2|2|2|2,10,35,1864228,silent,1864193
12,20|6|5|3|3|3|3|3|1|1,10,0,-1,a0,
12,20|6|5|3|3|3|3|2|2|1,10,1,2354236,silent,2354235
12,20|6|5|3|3|3|2|2|2|2,10,3,1065079,silent,1065076
12,20|6|4|4|4|4|3|1|1|1,10,6,1992519,silent,1992513
12,20|6|4|4|4|4|2|2|1|1,10,18,2522359,silent,2522341
12,20|6|4|4|4|3|3|2|1|1,10,16,3921504,silent,3921488
12,20|6|4|4|4|3|2|2|2|1,10,37,3008449,silent,3008412
12,20|6|4|4|4|2|2|2|2|2,10,30,648730,silent,648700
12,20|6|4|4|3|3|3|3|1|1,10,0,-1,a0,
12,20|6|4|4|3|3|3|2|2|1,10,2,2430285,silent,2430283
12,20|6|4|4|3|3|2|2|2|2,10,4,1063917,silent,1063913
12,20|6|4|3|3|3|3|3|2|1,10,0,-1,a0,
12,20|6|4|3|3|3|3|2|2|2,10,0,-1,a0,
12,20|6|3|3|3|3|3|3|3|1,10,0,-1,a0,
12,20|6|3|3|3|3|3|3|2|2,10,0,-1,a0,
12,20|5|5|5|5|4|1|1|1|1,10,15,774371,silent,774356
12,20|5|5|5|5|3|2|1|1|1,10,21,2124476,silent,2124455
12,20|5|5|5|5|2|2|2|1|1,10,11,1153436,silent,1153425
12,20|5|5|5|4|4|2|1|1|1,10,28,2363220,silent,2363192
12,20|5|5|5|4|3|3|1|1|1,10,9,2640913,silent,2640904
12,20|5|5|5|4|3|2|2|1|1,10,31,4076317,silent,4076286
12,20|5|5|5|4|2|2|2|2|1,10,14,1456399,silent,1456385
12,20|5|5|5|3|3|3|2|1|1,10,3,2193245,silent,2193242
12,20|5|5|5|3|3|2|2|2|1,10,11,1781438,silent,1781427
12,20|5|5|5|3|2|2|2|2|2,10,5,463776,silent,463771
12,20|5|5|4|4|4|3|1|1|1,10,8,1664730,silent,1664722
12,20|5|5|4|4|4|2|2|1|1,10,24,2101781,silent,2101757
12,20|5|5|4|4|3|3|2|1|1,10,8,3178211,silent,3178203
12,20|5|5|4|4|3|2|2|2|1,10,22,2421606,silent,2421584
12,20|5|5|4|4|2|2|2|2|2,10,5,508522,silent,508517
12,20|5|5|4|3|3|3|3|1|1,10,0,-1,a0,
12,20|5|5|4|3|3|3|2|2|1,10,2,1835153,silent,1835151
12,20|5|5|4|3|3|2|2|2|2,10,6,800434,silent,800428
12,20|5|5|3|3|3|3|3|2|1,10,0,-1,a0,
12,20|5|5|3|3|3|3|2|2|2,10,0,-1,a0,
12,20|5|4|4|4|4|4|1|1|1,10,0,-1,a0,
12,20|5|4|4|4|4|3|2|1|1,10,6,1089137,silent,1089131
12,20|5|4|4|4|4|2|2|2|1,10,14,660724,silent,660710
12,20|5|4|4|4|3|3|3|1|1,10,0,-1,a0,
12,20|5|4|4|4|3|3|2|2|1,10,4,1124099,silent,1124095
12,20|5|4|4|4|3|2|2|2|2,10,8,453709,silent,453701
12,20|5|4|4|3|3|3|3|2|1,10,0,-1,a0,
12,20|5|4|4|3|3|3|2|2|2,10,0,-1,a0,
12,20|5|4|3|3|3|3|3|3|1,10,0,-1,a0,
12,20|5|4|3|3|3|3|3|2|2,10,0,-1,a0,
12,20|5|3|3|3|3|3|3|3|2,10,0,-1,a0,
12,20|4|4|4|4|4|4|2|1|1,10,0,-1,a0,
12,20|4|4|4|4|4|3|3|1|1,10,0,-1,a0,
12,20|4|4|4|4|4|3|2|2|1,10,2,170389,silent,170387
12,20|4|4|4|4|4|2|2|2|2,10,6,55360,silent,55354
12,20|4|4|4|4|3|3|3|2|1,10,0,-1,a0,
12,20|4|4|4|4|3|3|2|2|2,10,0,-1,a0,
12,20|4|4|4|3|3|3|3|3|1,10,0,-1,a0,
12,20|4|4|4|3|3|3|3|2|2,10,0,-1,a0,
12,20|4|4|3|3|3|3|3|3|2,10,0,-1,a0,
12,20|4|3|3|3|3|3|3|3|3,10,0,-1,a0,
12,19|19|3|1|1|1|1|1|1|1,10,0,-1,a0,
12,19|19|2|2|1|1|1|1|1|1,10,0,-1,a0,
12,19|18|4|1|1|1|1|1|1|1,10,0,-1,a0,
12,19|18|3|2|1|1|1|1|1|1,10,0,-1,a0,
12,19|18|2|2|2|1|1|1|1|1,10,0,-1,a0,
12,19|17|5|1|1|1|1|1|1|1,10,0,-1,a0,
12,19|17|4|2|1|1|1|1|1|1,10,0,-1,a0,
12,19|17|3|3|1|1|1|1|1|1,10,0,-1,a0,
12,19|17|3|2|2|1|1|1|1|1,10,0,-1,a0,
12,19|17|2|2|2|2|1|1|1|1,10,0,-1,a0,
12,19|16|6|1|1|1|1|1|1|1,10,0,-1,a0,
12,19|16|5|2|1|1|1|1|1|1,10,0,-1,a0,
12,19|16|4|3|1|1|1|1|1|1,10,0,-1,a0,
12,19|16|4|2|2|1|1|1|1|1,10,0,-1,a0,
12,19|16|3|3|2|1|1|1|1|1,10,0,-1,a0,
12,19|16|3|2|2|2|1|1|1|1,10,0,-1,a0,
12,19|16|2|2|2|2|2|1|1|1,10,0,-1,a0,
12,19|15|7|1|1|1|1|1|1|1,10,0,-1,a0,
12,19|15|6|2|1|1|1|1|1|1,10,0,-1,a0,
12,19|15|5|3|1|1|1|1|1|1,10,0,-1,a0,
12,19|15|5|2|2|1|1|1|1|1,10,0,-1,a0,
12,19|15|4|4|1|1|1|1|1|1,10,1,295959,silent,295958
12,19|15|4|3|2|1|1|1|1|1,10,4,834022,silent,834018
12,19|15|4|2|2|2|1|1|1|1,10,3,445949,silent,445946
12,19|15|3|3|3|1|1|1|1|1,10,3,235058,silent,235055
12,19|15|3|3|2|2|1|1|1|1,10,11,377986,silent,377975
12,19|15|3|2|2|2|2|1|1|1,10,9,165301,silent,165292
12,19|15|2|2|2|2|2|2|1|1,10,7,22434,silent,22427
12,19|14|8|1|1|1|1|1|1|1,10,0,-1,a0,
12,19|14|7|2|1|1|1|1|1|1,10,0,-1,a0,
12,19|14|6|3|1|1|1|1|1|1,10,3,1330803,silent,1330800
12,19|14|6|2|2|1|1|1|1|1,10,6,1302126,silent,1302120
12,19|14|5|4|1|1|1|1|1|1,10,3,1250605,silent,1250602
12,19|14|5|3|2|1|1|1|1|1,10,21,2758989,silent,2758968
12,19|14|5|2|2|2|1|1|1|1,10,22,1350041,silent,1350019
12,19|14|4|4|2|1|1|1|1|1,10,12,1582500,silent,1582488
12,19|14|4|3|3|1|1|1|1|1,10,21,1468341,silent,1468320
12,19|14|4|3|2|2|1|1|1|1,10,47,2185341,silent,2185294
12,19|14|4|2|2|2|2|1|1|1,10,36,737736,silent,737700
12,19|14|3|3|3|2|1|1|1|1,10,31,792744,silent,792713
12,19|14|3|3|2|2|2|1|1|1,10,44,652836,silent,652792
12,19|14|3|2|2|2|2|2|1|1,10,36,197025,silent,196989
12,19|14|2|2|2|2|2|2|2|1,10,15,19222,silent,19207
12,19|13|9|1|1|1|1|1|1|1,10,0,-1,a0,
12,19|13|8|2|1|1|1|1|1|1,10,2,892257,silent,892255
12,19|13|7|3|1|1|1|1|1|1,10,9,2310648,silent,2310639
12,19|13|7|2|2|1|1|1|1|1,10,13,2216392,silent,2216379
12,19|13|6|4|1|1|1|1|1|1,10,20,3033378,silent,3033358
12,19|13|6|3|2|1|1|1|1|1,10,68,6134680,silent,6134612
12,19|13|6|2|2|2|1|1|1|1,10,55,2878253,silent,2878198
12,19|13|5|5|1|1|1|1|1|1,10,5,1468448,silent,1468443
12,19|13|5|4|2|1|1|1|1|1,10,63,6344295,silent,6344232
12,19|13|5|3|3|1|1|1|1|1,10,73,4724808,silent,4724735
12,19|13|5|3|2|2|1|1|1|1,10,160,6785947,silent,6785787
12,19|13|5|2|2|2|2|1|1|1,10,109,2087309,silent,2087200
12,19|13|4|4|3|1|1|1|1|1,10,41,3398737,silent,3398696
12,19|13|4|4|2|2|1|1|1|1,10,65,4049734,silent,4049669
12,19|13|4|3|3|2|1|1|1|1,10,122,4719458,silent,4719336
12,19|13|4|3|2|2|2|1|1|1,10,161,3555863,silent,3555702
12,19|13|4|2|2|2|2|2|1|1,10,103,825766,silent,825663
12,19|13|3|3|3|3|1|1|1|1,10,25,819511,silent,819486
12,19|13|3|3|3|2|2|1|1|1,10,69,1421408,silent,1421339
12,19|13|3|3|2|2|2|2|1|1,10,70,749215,silent,749145
12,19|13|3|2|2|2|2|2|2|1,10,50,156949,silent,156899
12,19|13|2|2|2|2|2|2|2|2,10,10,9641,silent,9631
12,19|12|10|1|1|1|1|1|1|1,10,0,-1,a0,
12,19|12|9|2|1|1|1|1|1|1,10,3,919929,silent,919926
12,19|12|8|3|1|1|1|1|1|1,10,18,2938762,silent,2938744
12,19|12|8|2|2|1|1|1|1|1,10,28,2791751,silent,2791723
12,19|12|7|4|1|1|1|1|1|1,10,35,4998569,silent,4998534
12,19|12|7|3|2|1|1|1|1|1,10,119,9709341,silent,9709222
12,19|12|7|2|2|2|1|1|1|1,10,95,4456038,silent,4455943
12,19|12|6|5|1|1|1|1|1|1,10,37,4250555,silent,4250518
12,19|12|6|4|2|1|1|1|1|1,10,185,14243995,silent,14243810
12,19|12|6|3|3|1|1|1|1|1,10,158,9846371,silent,9846213
12,19|12|6|3|2|2|1|1|1|1,10,324,13888090,silent,13887766
12,19|12|6|2|2|2|2|1|1|1,10,183,4083524,silent,4083341
12,19|12|5|5|2|1|1|1|1|1,10,90,7195073,silent,7194983
12,19|12|5|4|3|1|1|1|1|1,10,175,13148138,silent,13147963
12,19|12|5|4|2|2|1|1|1|1,10,308,15140562,silent,15140254
12,19|12|5|3|3|2|1|1|1|1,10,331,14156413,silent,14156082
12,19|12|5|3|2|2|2|1|1|1,10,420,10239337,silent,10238917
12,19|12|5|2|2|2|2|2|1|1,10,206,2159366,silent,2159160
12,19|12|4|4|4|1|1|1|1|1,10,27,3076000,silent,3075973
12,19|12|4|4|3|2|1|1|1|1,10,173,10609937,silent,10609764
12,19|12|4|4|2|2|2|1|1|1,10,185,6263083,silent,6262898
12,19|12|4|3|3|3|1|1|1|1,10,102,4733476,silent,4733374
12,19|12|4|3|3|2|2|1|1|1,10,250,7928368,silent,7928118
12,19|12|4|3|2|2|2|2|1|1,10,252,3803834,silent,3803582
12,19|12|4|2|2|2|2|2|2|1,10,119,611363,silent,611244
12,19|12|3|3|3|3|2|1|1|1,10,41,1799869,silent,1799828
12,19|12|3|3|3|2|2|2|1|1,10,62,1601260,silent,1601198
12,19|12|3|3|2|2|2|2|2|1,10,55,561625,silent,561570
12,19|12|3|2|2|2|2|2|2|2,10,26,71522,silent,71496
12,19|11|11|1|1|1|1|1|1|1,10,1,47444,silent,47443
12,19|11|10|2|1|1|1|1|1|1,10,3,595026,silent,595023
12,19|11|9|3|1|1|1|1|1|1,10,20,2565709,silent,2565689
12,19|11|9|2|2|1|1|1|1|1,10,23,2420838,silent,2420815
12,19|11|8|4|1|1|1|1|1|1,10,52,5678636,silent,5678584
12,19|11|8|3|2|1|1|1|1|1,10,148,10805753,silent,10805605
12,19|11|8|2|2|2|1|1|1|1,10,109,4899454,silent,4899345
12,19|11|7|5|1|1|1|1|1|1,10,61,6867588,silent,6867527
12,19|11|7|4|2|1|1|1|1|1,10,272,21020761,silent,21020489
12,19|11|7|3|3|1|1|1|1|1,10,231,14065026,silent,14064795
12,19|11|7|3|2|2|1|1|1|1,10,448,19631812,silent,19631364
12,19|11|7|2|2|2|2|1|1|1,10,249,5641028,silent,5640779
12,19|11|6|6|1|1|1|1|1|1,10,42,3207583,silent,3207541
12,19|11|6|5|2|1|1|1|1|1,10,278,18996001,silent,18995723
12,19|11|6|4|3|1|1|1|1|1,10,402,27268006,silent,27267604
12,19|11|6|4|2|2|1|1|1|1,10,615,30847347,silent,30846732
12,19|11|6|3|3|2|1|1|1|1,10,586,26795836,silent,26795250
12,19|11|6|3|2|2|2|1|1|1,10,675,18964294,silent,18963619
12,19|11|6|2|2|2|2|2|1|1,10,295,3819438,silent,3819143
12,19|11|5|5|3|1|1|1|1|1,10,221,15012022,silent,15011801
12,19|11|5|5|2|2|1|1|1|1,10,353,16051273,silent,16050920
12,19|11|5|4|4|1|1|1|1|1,10,131,11935500,silent,11935369
12,19|11|5|4|3|2|1|1|1|1,10,664,37829199,silent,37828535
12,19|11|5|4|2|2|2|1|1|1,10,653,21464320,silent,21463667
12,19|11|5|3|3|3|1|1|1|1,10,243,13253181,silent,13252938
12,19|11|5|3|3|2|2|1|1|1,10,584,21794970,silent,21794386
12,19|11|5|3|2|2|2|2|1|1,10,533,10010559,silent,10010026
12,19|11|5|2|2|2|2|2|2|1,10,185,1456115,silent,1455930
12,19|11|4|4|4|2|1|1|1|1,10,96,9761597,silent,9761501
12,19|11|4|4|3|3|1|1|1|1,10,151,10796102,silent,10795951
12,19|11|4|4|3|2|2|1|1|1,10,335,16776308,silent,16775973
12,19|11|4|4|2|2|2|2|1|1,10,278,6243502,silent,6243224
12,19|11|4|3|3|3|2|1|1|1,10,164,9657026,silent,9656862
12,19|11|4|3|3|2|2|2|1|1,10,245,8242760,silent,8242515
12,19|11|4|3|2|2|2|2|2|1,10,198,2630754,silent,2630556
12,19|11|4|2|2|2|2|2|2|2,10,54,255793,silent,255739
12,19|11|3|3|3|3|3|1|1|1,10,7,1173702,silent,1173695
12,19|11|3|3|3|3|2|2|1|1,10,23,2085218,silent,2085195
12,19|11|3|3|3|2|2|2|2|1,10,24,1143965,silent,1143941
12,19|11|3|3|2|2|2|2|2|2,10,18,235895,silent,235877
12,19|10|10|3|1|1|1|1|1|1,10,6,1027363,silent,1027357
12,19|10|10|2|2|1|1|1|1|1,10,15,969305,silent,969290
12,19|10|9|4|1|1|1|1|1|1,10,34,3871330,silent,3871296
12,19|10|9|3|2|1|1|1|1|1,10,102,7293068,silent,7292966
12,19|10|9|2|2|2|1|1|1|1,10,75,3286765,silent,3286690
12,19|10|8|5|1|1|1|1|1|1,10,67,6787889,silent,6787822
12,19|10|8|4|2|1|1|1|1|1,10,284,19975926,silent,19975642
12,19|10|8|3|3|1|1|1|1|1,10,203,13150454,silent,13150251
12,19|10|8|3|2|2|1|1|1|1,10,415,18261667,silent,18261252
12,19|10|8|2|2|2|2|1|1|1,10,206,5180029,silent,5179823
12,19|10|7|6|1|1|1|1|1|1,10,59,5797822,silent,5797763
12,19|10|7|5|2|1|1|1|1|1,10,374,26662909,silent,26662535
12,19|10|7|4|3|1|1|1|1|1,10,501,35263900,silent,35263399
12,19|10|7|4|2|2|1|1|1|1,10,779,39512329,silent,39511550
12,19|10|7|3|3|2|1|1|1|1,10,683,33241782,silent,33241099
12,19|10|7|3|2|2|2|1|1|1,10,771,23251575,silent,23250804
12,19|10|7|2|2|2|2|2|1|1,10,308,4573059,silent,4572751
12,19|10|6|6|2|1|1|1|1|1,10,207,12978888,silent,12978681
12,19|10|6|5|3|1|1|1|1|1,10,545,35766574,silent,35766029
12,19|10|6|5|2|2|1|1|1|1,10,756,37592440,silent,37591684
12,19|10|6|4|4|1|1|1|1|1,10,295,22882612,silent,22882317
12,19|10|6|4|3|2|1|1|1|1,10,1193,69739309,silent,69738116
12,19|10|6|4|2|2|2|1|1|1,10,1031,38746107,silent,38745076
12,19|10|6|3|3|3|1|1|1|1,10,378,22467583,silent,22467205
12,19|10|6|3|3|2|2|1|1|1,10,880,36589320,silent,36588440
12,19|10|6|3|2|2|2|2|1|1,10,724,16415356,silent,16414632
12,19|10|6|2|2|2|2|2|2|1,10,232,2280277,silent,2280045
12,19|10|5|5|4|1|1|1|1|1,10,219,15944155,silent,15943936
12,19|10|5|5|3|2|1|1|1|1,10,716,39708429,silent,39707713
12,19|10|5|5|2|2|2|1|1|1,10,592,20704467,silent,20703875
12,19|10|5|4|4|2|1|1|1|1,10,447,34327857,silent,34327410
12,19|10|5|4|3|3|1|1|1|1,10,470,35288297,silent,35287827
12,19|10|5|4|3|2|2|1|1|1,10,1063,53890978,silent,53889915
12,19|10|5|4|2|2|2|2|1|1,10,711,19216946,silent,19216235
12,19|10|5|3|3|3|2|1|1|1,10,348,24376394,silent,24376046
12,19|10|5|3|3|2|2|2|1|1,10,511,20368711,silent,20368200
12,19|10|5|3|2|2|2|2|2|1,10,342,6210585,silent,6210243
12,19|10|5|2|2|2|2|2|2|2,10,72,544852,silent,544780
12,19|10|4|4|4|3|1|1|1|1,10,95,11796880,silent,11796785
12,19|10|4|4|4|2|2|1|1|1,10,183,14705487,silent,14705304
12,19|10|4|4|3|3|2|1|1|1,10,248,20456819,silent,20456571
12,19|10|4|4|3|2|2|2|1|1,10,359,16027560,silent,16027201
12,19|10|4|4|2|2|2|2|2|1,10,215,3951463,silent,3951248
12,19|10|4|3|3|3|3|1|1|1,10,39,5835496,silent,5835457
12,19|10|4|3|3|3|2|2|1|1,10,106,10186518,silent,10186412
12,19|10|4|3|3|2|2|2|2|1,10,121,5349375,silent,5349254
12,19|10|4|3|2|2|2|2|2|2,10,69,1006993,silent,1006924
12,19|10|3|3|3|3|3|2|1|1,10,2,1643166,silent,1643164
12,19|10|3|3|3|3|2|2|2|1,10,4,1443488,silent,1443484
12,19|10|3|3|3|2|2|2|2|2,10,3,448391,silent,448388
12,19|9|9|5|1|1|1|1|1|1,10,28,2876661,silent,2876633
12,19|9|9|4|2|1|1|1|1|1,10,106,8324947,silent,8324841
12,19|9|9|3|3|1|1|1|1|1,10,94,5449041,silent,5448947
12,19|9|9|3|2|2|1|1|1|1,10,165,7542069,silent,7541904
12,19|9|9|2|2|2|2|1|1|1,10,93,2130211,silent,2130118
12,19|9|8|6|1|1|1|1|1|1,10,54,4748914,silent,4748860
12,19|9|8|5|2|1|1|1|1|1,10,289,20123313,silent,20123024
12,19|9|8|4|3|1|1|1|1|1,10,368,25743711,silent,25743343
12,19|9|8|4|2|2|1|1|1|1,10,554,28706527,silent,28705973
12,19|9|8|3|3|2|1|1|1|1,10,469,23805673,silent,23805204
12,19|9|8|3|2|2|2|1|1|1,10,521,16551369,silent,16550848
12,19|9|8|2|2|2|2|2|1|1,10,199,3217227,silent,3217028
12,19|9|7|7|1|1|1|1|1|1,10,17,2427137,silent,2427120
12,19|9|7|6|2|1|1|1|1|1,10,260,19289462,silent,19289202
12,19|9|7|5|3|1|1|1|1|1,10,605,41782671,silent,41782066
12,19|9|7|5|2|2|1|1|1|1,10,834,43517801,silent,43516967
12,19|9|7|4|4|1|1|1|1|1,10,293,24947916,silent,24947623
12,19|9|7|4|3|2|1|1|1|1,10,1232,74615450,silent,74614218
12,19|9|7|4|2|2|2|1|1|1,10,1066,41010657,silent,41009591
12,19|9|7|3|3|3|1|1|1|1,10,375,23190327,silent,23189952
12,19|9|7|3|3|2|2|1|1|1,10,829,37552596,silent,37551767
12,19|9|7|3|2|2|2|2|1|1,10,672,16648528,silent,16647856
12,19|9|7|2|2|2|2|2|2|1,10,186,2257699,silent,2257513
12,19|9|6|6|3|1|1|1|1|1,10,338,21877707,silent,21877369
12,19|9|6|6|2|2|1|1|1|1,10,396,22255580,silent,22255184
12,19|9|6|5|4|1|1|1|1|1,10,480,33863599,silent,33863119
12,19|9|6|5|3|2|1|1|1|1,10,1366,81191068,silent,81189702
12,19|9|6|5|2|2|2|1|1|1,10,999,41479964,silent,41478965
12,19|9|6|4|4|2|1|1|1|1,10,739,56614711,silent,56613972
12,19|9|6|4|3|3|1|1|1|1,10,749,56370692,silent,56369943
12,19|9|6|4|3|2|2|1|1|1,10,1542,85276850,silent,85275308
12,19|9|6|4|2|2|2|2|1|1,10,945,29737626,silent,29736681
12,19|9|6|3|3|3|2|1|1|1,10,477,35544232,silent,35543755
12,19|9|6|3|3|2|2|2|1|1,10,648,29354375,silent,29353727
12,19|9|6|3|2|2|2|2|2|1,10,403,8743233,silent,8742830
12,19|9|6|2|2|2|2|2|2|2,10,75,732640,silent,732565
12,19|9|5|5|5|1|1|1|1|1,10,125,7442849,silent,7442724
12,19|9|5|5|4|2|1|1|1|1,10,634,41128296,silent,41127662
12,19|9|5|5|3|3|1|1|1|1,10,448,33991991,silent,33991543
12,19|9|5|5|3|2|2|1|1|1,10,939,50229344,silent,50228405
12,19|9|5|5|2|2|2|2|1|1,10,492,16373651,silent,16373159
12,19|9|5|4|4|3|1|1|1|1,10,357,37068414,silent,37068057
12,19|9|5|4|4|2|2|1|1|1,10,655,45456279,silent,45455624
12,19|9|5|4|3|3|2|1|1|1,10,658,58787303,silent,58786645
12,19|9|5|4|3|2|2|2|1|1,10,884,45132340,silent,45131456
12,19|9|5|4|2|2|2|2|2|1,10,406,10634812,silent,10634406
12,19|9|5|3|3|3|3|1|1|1,10,76,13065245,silent,13065169
12,19|9|5|3|3|3|2|2|1|1,10,206,22574951,silent,22574745
12,19|9|5|3|3|2|2|2|2|1,10,226,11591799,silent,11591573
12,19|9|5|3|2|2|2|2|2|2,10,94,2080215,silent,2080121
12,19|9|4|4|4|4|1|1|1|1,10,20,5433345,silent,5433325
12,19|9|4|4|4|3|2|1|1|1,10,171,20896319,silent,20896148
12,19|9|4|4|4|2|2|2|1|1,10,215,12859462,silent,12859247
12,19|9|4|4|3|3|3|1|1|1,10,73,11526436,silent,11526363
12,19|9|4|4|3|3|2|2|1|1,10,185,19453607,silent,19453422
12,19|9|4|4|3|2|2|2|2|1,10,212,9335285,silent,9335073
12,19|9|4|4|2|2|2|2|2|2,10,73,1356310,silent,1356237
12,19|9|4|3|3|3|3|2|1|1,10,16,7296522,silent,7296506
12,19|9|4|3|3|3|2|2|2|1,10,28,6270083,silent,6270055
12,19|9|4|3|3|2|2|2|2|2,10,27,1867912,silent,1867885
12,19|9|3|3|3|3|3|3|1|1,10,0,-1,a0,
12,19|9|3|3|3|3|3|2|2|1,10,0,-1,a0,
12,19|9|3|3|3|3|2|2|2|2,10,0,-1,a0,
12,19|8|8|7|1|1|1|1|1|1,10,16,1465797,silent,1465781
12,19|8|8|6|2|1|1|1|1|1,10,145,9382400,silent,9382255
12,19|8|8|5|3|1|1|1|1|1,10,269,18965695,silent,18965426
12,19|8|8|5|2|2|1|1|1|1,10,372,19683475,silent,19683103
12,19|8|8|4|4|1|1|1|1|1,10,154,11062521,silent,11062367
12,19|8|8|4|3|2|1|1|1|1,10,526,32806751,silent,32806225
12,19|8|8|4|2|2|2|1|1|1,10,425,17940376,silent,17939951
12,19|8|8|3|3|3|1|1|1|1,10,141,10046119,silent,10045978
12,19|8|8|3|3|2|2|1|1|1,10,355,16238526,silent,16238171
12,19|8|8|3|2|2|2|2|1|1,10,267,7155855,silent,7155588
12,19|8|8|2|2|2|2|2|2|1,10,79,962133,silent,962054
12,19|8|7|7|2|1|1|1|1|1,10,70,6067617,silent,6067547
12,19|8|7|6|3|1|1|1|1|1,10,336,24334570,silent,24334234
12,19|8|7|6|2|2|1|1|1|1,10,429,24557142,silent,24556713
12,19|8|7|5|4|1|1|1|1|1,10,402,30177204,silent,30176802
12,19|8|7|5|3|2|1|1|1|1,10,1142,71119935,silent,71118793
12,19|8|7|5|2|2|2|1|1|1,10,836,35983669,silent,35982833
12,19|8|7|4|4|2|1|1|1|1,10,605,46492781,silent,46492176
12,19|8|7|4|3|3|1|1|1|1,10,579,45636447,silent,45635868
12,19|8|7|4|3|2|2|1|1|1,10,1200,68712103,silent,68710903
12,19|8|7|4|2|2|2|2|1|1,10,700,23703856,silent,23703156
12,19|8|7|3|3|3|2|1|1|1,10,351,27703901,silent,27703550
12,19|8|7|3|3|2|2|2|1|1,10,470,22745873,silent,22745403
12,19|8|7|3|2|2|2|2|2|1,10,273,6696264,silent,6695991
12,19|8|7|2|2|2|2|2|2|2,10,46,548553,silent,548507
12,19|8|6|6|4|1|1|1|1|1,10,272,18442021,silent,18441749
12,19|8|6|6|3|2|1|1|1|1,10,627,40748484,silent,40747857
12,19|8|6|6|2|2|2|1|1|1,10,384,20044771,silent,20044387
12,19|8|6|5|5|1|1|1|1|1,10,213,13950158,silent,13949945
12,19|8|6|5|4|2|1|1|1|1,10,1014,70862972,silent,70861958
12,19|8|6|5|3|3|1|1|1|1,10,733,56802624,silent,56801891
12,19|8|6|5|3|2|2|1|1|1,10,1392,83200666,silent,83199274
12,19|8|6|5|2|2|2|2|1|1,10,678,26548485,silent,26547807
12,19|8|6|4|4|3|1|1|1|1,10,511,50185884,silent,50185373
12,19|8|6|4|4|2|2|1|1|1,10,801,60988350,silent,60987549
12,19|8|6|4|3|3|2|1|1|1,10,842,76520100,silent,76519258
12,19|8|6|4|3|2|2|2|1|1,10,1019,58108606,silent,58107587
12,19|8|6|4|2|2|2|2|2|1,10,452,13395486,silent,13395034
12,19|8|6|3|3|3|3|1|1|1,10,89,15627654,silent,15627565
12,19|8|6|3|3|3|2|2|1|1,10,241,26869166,silent,26868925
12,19|8|6|3|3|2|2|2|2|1,10,235,13628029,silent,13627794
12,19|8|6|3|2|2|2|2|2|2,10,99,2394337,silent,2394238
12,19|8|5|5|5|2|1|1|1|1,10,291,17031904,silent,17031613
12,19|8|5|5|4|3|1|1|1|1,10,454,39233300,silent,39232846
12,19|8|5|5|4|2|2|1|1|1,10,711,46591692,silent,46590981
12,19|8|5|5|3|3|2|1|1|1,10,509,48493088,silent,48492579
12,19|8|5|5|3|2|2|2|1|1,10,597,35836165,silent,35835568
12,19|8|5|5|2|2|2|2|2|1,10,197,7695893,silent,7695696
12,19|8|5|4|4|4|1|1|1|1,10,111,15008390,silent,15008279
12,19|8|5|4|4|3|2|1|1|1,10,496,55609523,silent,55609027
12,19|8|5|4|4|2|2|2|1|1,10,502,33561302,silent,33560800
12,19|8|5|4|3|3|3|1|1|1,10,150,28267025,silent,28266875
12,19|8|5|4|3|3|2|2|1|1,10,409,47264772,silent,47264363
12,19|8|5|4|3|2|2|2|2|1,10,386,22190184,silent,22189798
12,19|8|5|4|2|2|2|2|2|2,10,105,3074881,silent,3074776
12,19|8|5|3|3|3|3|2|1|1,10,30,13855183,silent,13855153
12,19|8|5|3|3|3|2|2|2|1,10,58,11772075,silent,11772017
12,19|8|5|3|3|2|2|2|2|2,10,43,3427391,silent,3427348
12,19|8|4|4|4|4|2|1|1|1,10,48,9262088,silent,9262040
12,19|8|4|4|4|3|3|1|1|1,10,60,11293239,silent,11293179
12,19|8|4|4|4|3|2|2|1|1,10,159,17706406,silent,17706247
12,19|8|4|4|4|2|2|2|2|1,10,141,6612888,silent,6612747
12,19|8|4|4|3|3|3|2|1|1,10,39,12650066,silent,12650027
12,19|8|4|4|3|3|2|2|2|1,10,72,10451584,silent,10451512
12,19|8|4|4|3|2|2|2|2|2,10,58,2844124,silent,2844066
12,19|8|4|3|3|3|3|3|1|1,10,0,-1,a0,
12,19|8|4|3|3|3|3|2|2|1,10,1,4405465,silent,4405464
12,19|8|4|3|3|3|2|2|2|2,10,2,1987455,silent,1987453
12,19|8|3|3|3|3|3|3|2|1,10,0,-1,a0,
12,19|8|3|3|3|3|3|2|2|2,10,0,-1,a0,
12,19|7|7|7|3|1|1|1|1|1,10,51,4477919,silent,4477868
12,19|7|7|7|2|2|1|1|1|1,10,75,4453480,silent,4453405
12,19|7|7|6|4|1|1|1|1|1,10,135,11890591,silent,11890456
12,19|7|7|6|3|2|1|1|1|1,10,387,25913564,silent,25913177
12,19|7|7|6|2|2|2|1|1|1,10,273,12653497,silent,12653224
12,19|7|7|5|5|1|1|1|1|1,10,117,7469236,silent,7469119
12,19|7|7|5|4|2|1|1|1|1,10,511,36788580,silent,36788069
12,19|7|7|5|3|3|1|1|1|1,10,374,29149144,silent,29148770
12,19|7|7|5|3|2|2|1|1|1,10,697,42525449,silent,42524752
12,19|7|7|5|2|2|2|2|1|1,10,337,13457136,silent,13456799
12,19|7|7|4|4|3|1|1|1|1,10,231,24323036,silent,24322805
12,19|7|7|4|4|2|2|1|1|1,10,418,29459632,silent,29459214
12,19|7|7|4|3|3|2|1|1|1,10,384,36512958,silent,36512574
12,19|7|7|4|3|2|2|2|1|1,10,465,27602235,silent,27601770
12,19|7|7|4|2|2|2|2|2|1,10,179,6300417,silent,6300238
12,19|7|7|3|3|3|3|1|1|1,10,48,7236261,silent,7236213
12,19|7|7|3|3|3|2|2|1|1,10,99,12402747,silent,12402648
12,19|7|7|3|3|2|2|2|2|1,10,103,6261246,silent,6261143
12,19|7|7|3|2|2|2|2|2|2,10,35,1086067,silent,1086032
12,19|7|6|6|5|1|1|1|1|1,10,103,7131600,silent,7131497
12,19|7|6|6|4|2|1|1|1|1,10,370,28468176,silent,28467806
12,19|7|6|6|3|3|1|1|1|1,10,272,21308902,silent,21308630
12,19|7|6|6|3|2|2|1|1|1,10,446,30728246,silent,30727800
12,19|7|6|6|2|2|2|2|1|1,10,200,9428668,silent,9428468
12,19|7|6|5|5|2|1|1|1|1,10,358,23193684,silent,23193326
12,19|7|6|5|4|3|1|1|1|1,10,558,49634326,silent,49633768
12,19|7|6|5|4|2|2|1|1|1,10,788,58466803,silent,58466015
12,19|7|6|5|3|3|2|1|1|1,10,621,59184356,silent,59183735
12,19|7|6|5|3|2|2|2|1|1,10,649,43308390,silent,43307741
12,19|7|6|5|2|2|2|2|2|1,10,225,9120834,silent,9120609
12,19|7|6|4|4|4|1|1|1|1,10,110,15211488,silent,15211378
12,19|7|6|4|4|3|2|1|1|1,10,487,55401501,silent,55401014
12,19|7|6|4|4|2|2|2|1|1,10,453,33112618,silent,33112165
12,19|7|6|4|3|3|3|1|1|1,10,158,27247058,silent,27246900
12,19|7|6|4|3|3|2|2|1|1,10,375,45347589,silent,45347214
12,19|7|6|4|3|2|2|2|2|1,10,331,21062113,silent,21061782
12,19|7|6|4|2|2|2|2|2|2,10,89,2860771,silent,2860682
12,19|7|6|3|3|3|3|2|1|1,10,30,12286810,silent,12286780
12,19|7|6|3|3|3|2|2|2|1,10,48,10377876,silent,10377828
12,19|7|6|3|3|2|2|2|2|2,10,36,2988179,silent,2988143
12,19|7|5|5|5|3|1|1|1|1,10,197,14289515,silent,14289318
12,19|7|5|5|5|2|2|1|1|1,10,237,15792086,silent,15791849
12,19|7|5|5|4|4|1|1|1|1,10,148,13875776,silent,13875628
12,19|7|5|5|4|3|2|1|1|1,10,456,47419861,silent,47419405
12,19|7|5|5|4|2|2|2|1|1,10,362,27583530,silent,27583168
12,19|7|5|5|3|3|3|1|1|1,10,92,19044621,silent,19044529
12,19|7|5|5|3|3|2|2|1|1,10,237,31328424,silent,31328187
12,19|7|5|5|3|2|2|2|2|1,10,178,14125787,silent,14125609
12,19|7|5|5|2|2|2|2|2|2,10,32,1779471,silent,1779439
12,19|7|5|4|4|4|2|1|1|1,10,155,20388842,silent,20388687
12,19|7|5|4|4|3|3|1|1|1,10,119,24099957,silent,24099838
12,19|7|5|4|4|3|2|2|1|1,10,313,37479792,silent,37479479
12,19|7|5|4|4|2|2|2|2|1,10,203,13703752,silent,13703549
12,19|7|5|4|3|3|3|2|1|1,10,68,24742585,silent,24742517
12,19|7|5|4|3|3|2|2|2|1,10,125,20234855,silent,20234730
12,19|7|5|4|3|2|2|2|2|2,10,74,5381416,silent,5381342
12,19|7|5|3|3|3|3|3|1|1,10,1,3974644,silent,3974643
12,19|7|5|3|3|3|3|2|2|1,10,4,6700750,silent,6700746
12,19|7|5|3|3|3|2|2|2|2,10,7,2992148,silent,2992141
12,19|7|4|4|4|4|3|1|1|1,10,21,5479610,silent,5479589
12,19|7|4|4|4|4|2|2|1|1,10,62,6906055,silent,6905993
12,19|7|4|4|4|3|3|2|1|1,10,44,10617971,silent,10617927
12,19|7|4|4|4|3|2|2|2|1,10,84,8073782,silent,8073698
12,19|7|4|4|4|2|2|2|2|2,10,41,1704247,silent,1704206
12,19|7|4|4|3|3|3|3|1|1,10,2,3843085,silent,3843083
12,19|7|4|4|3|3|3|2|2|1,10,6,6405243,silent,6405237
12,19|7|4|4|3|3|2|2|2|2,10,13,2772223,silent,2772210
12,19|7|4|3|3|3|3|3|2|1,10,0,-1,a0,
12,19|7|4|3|3|3|3|2|2|2,10,0,-1,a0,
12,19|7|3|3|3|3|3|3|3|1,10,0,-1,a0,
12,19|7|3|3|3|3|3|3|2|2,10,0,-1,a0,
12,19|6|6|6|6|1|1|1|1|1,10,18,781209,silent,781191
12,19|6|6|6|5|2|1|1|1|1,10,88,6624859,silent,6624771
12,19|6|6|6|4|3|1|1|1|1,10,131,11361504,silent,11361373
12,19|6|6|6|4|2|2|1|1|1,10,132,13188069,silent,13187937
12,19|6|6|6|3|3|2|1|1|1,10,137,12525548,silent,12525411
12,19|6|6|6|3|2|2|2|1|1,10,116,9007650,silent,9007534
12,19|6|6|6|2|2|2|2|2|1,10,49,1829803,silent,1829754
12,19|6|6|5|5|3|1|1|1|1,10,132,10801425,silent,10801293
12,19|6|6|5|5|2|2|1|1|1,10,164,11864409,silent,11864245
12,19|6|6|5|4|4|1|1|1|1,10,95,9917245,silent,9917150
12,19|6|6|5|4|3|2|1|1|1,10,303,33402199,silent,33401896
12,19|6|6|5|4|2|2|2|1|1,10,225,19270090,silent,19269865
12,19|6|6|5|3|3|3|1|1|1,10,74,13045333,silent,13045259
12,19|6|6|5|3|3|2|2|1|1,10,166,21386683,silent,21386517
12,19|6|6|5|3|2|2|2|2|1,10,123,9556776,silent,9556653
12,19|6|6|5|2|2|2|2|2|2,10,31,1189443,silent,1189412
12,19|6|6|4|4|4|2|1|1|1,10,71,11721621,silent,11721550
12,19|6|6|4|4|3|3|1|1|1,10,83,13700141,silent,13700058
12,19|6|6|4|4|3|2|2|1|1,10,163,21215668,silent,21215505
12,19|6|6|4|4|2|2|2|2|1,10,118,7693361,silent,7693243
12,19|6|6|4|3|3|3|2|1|1,10,43,13624137,silent,13624094
12,19|6|6|4|3|3|2|2|2|1,10,63,11087319,silent,11087256
12,19|6|6|4|3|2|2|2|2|2,10,43,2923761,silent,2923718
12,19|6|6|3|3|3|3|3|1|1,10,0,-1,a0,
12,19|6|6|3|3|3|3|2|2|1,10,3,3428788,silent,3428785
12,19|6|6|3|3|3|2|2|2|2,10,2,1519188,silent,1519186
12,19|6|5|5|5|4|1|1|1|1,10,64,4680065,silent,4680001
12,19|6|5|5|5|3|2|1|1|1,10,125,12642382,silent,12642257
12,19|6|5|5|5|2|2|2|1|1,10,75,6784769,silent,6784694
12,19|6|5|5|4|4|2|1|1|1,10,129,13556947,silent,13556818
12,19|6|5|5|4|3|3|1|1|1,10,75,14961839,silent,14961764
12,19|6|5|5|4|3|2|2|1|1,10,168,22919712,silent,22919544
12,19|6|5|5|4|2|2|2|2|1,10,77,8061658,silent,8061581
12,19|6|5|5|3|3|3|2|1|1,10,29,12014069,silent,12014040
12,19|6|5|5|3|3|2|2|2|1,10,52,9649069,silent,9649017
12,19|6|5|5|3|2|2|2|2|2,10,20,2462432,silent,2462412
12,19|6|5|4|4|4|3|1|1|1,10,48,8623886,silent,8623838
12,19|6|5|4|4|4|2|2|1|1,10,89,10790087,silent,10789998
12,19|6|5|4|4|3|3|2|1|1,10,61,16122014,silent,16121953
12,19|6|5|4|4|3|2|2|2|1,10,95,12145250,silent,12145155
12,19|6|5|4|4|2|2|2|2|2,10,38,2508600,silent,2508562
12,19|6|5|4|3|3|3|3|1|1,10,2,5396796,silent,5396794
12,19|6|5|4|3|3|3|2|2|1,10,12,8953883,silent,8953871
12,19|6|5|4|3|3|2|2|2|2,10,16,3838686,silent,3838670
12,19|6|5|3|3|3|3|3|2|1,10,0,-1,a0,
12,19|6|5|3|3|3|3|2|2|2,10,0,-1,a0,
12,19|6|4|4|4|4|4|1|1|1,10,2,1050642,silent,1050640
12,19|6|4|4|4|4|3|2|1|1,10,25,4257689,silent,4257664
12,19|6|4|4|4|4|2|2|2|1,10,40,2552881,silent,2552841
12,19|6|4|4|4|3|3|3|1|1,10,4,2654982,silent,2654978
12,19|6|4|4|4|3|3|2|2|1,10,14,4281801,silent,4281787
12,19|6|4|4|4|3|2|2|2|2,10,21,1701486,silent,1701465
12,19|6|4|4|3|3|3|3|2|1,10,0,-1,a0,
12,19|6|4|4|3|3|3|2|2|2,10,0,-1,a0,
12,19|6|4|3|3|3|3|3|3|1,10,0,-1,a0,
12,19|6|4|3|3|3|3|3|2|2,10,0,-1,a0,
12,19|6|3|3|3|3|3|3|3|2,10,0,-1,a0,
12,19|5|5|5|5|5|1|1|1|1,10,6,383186,silent,383180
12,19|5|5|5|5|4|2|1|1|1,10,26,2522202,silent,2522176
12,19|5|5|5|5|3|3|1|1|1,10,12,2257231,silent,2257219
12,19|5|5|5|5|3|2|2|1|1,10,19,3353816,silent,3353797
12,19|5|5|5|5|2|2|2|2|1,10,6,1086367,silent,1086361
12,19|5|5|5|4|4|3|1|1|1,10,24,3141464,silent,3141440
12,19|5|5|5|4|4|2|2|1|1,10,31,3880183,silent,3880152
12,19|5|5|5|4|3|3|2|1|1,10,15,5430872,silent,5430857
12,19|5|5|5|4|3|2|2|2|1,10,19,4025203,silent,4025184
12,19|5|5|5|4|2|2|2|2|2,10,2,798368,silent,798366
12,19|5|5|5|3|3|3|3|1|1,10,0,-1,a0,
12,19|5|5|5|3|3|3|2|2|1,10,3,2379259,silent,2379256
12,19|5|5|5|3|3|2|2|2|2,10,4,1004445,silent,1004441
12,19|5|5|4|4|4|4|1|1|1,10,10,900243,silent,900233
12,19|5|5|4|4|4|3|2|1|1,10,22,3590083,silent,3590061
12,19|5|5|4|4|4|2|2|2|1,10,19,2133537,silent,2133518
12,19|5|5|4|4|3|3|3|1|1,10,1,2174037,silent,2174036
12,19|5|5|4|4|3|3|2|2|1,10,11,3498967,silent,3498956
12,19|5|5|4|4|3|2|2|2|2,10,9,1375998,silent,1375989
12,19|5|5|4|3|3|3|3|2|1,10,0,-1,a0,
12,19|5|5|4|3|3|3|2|2|2,10,1,1095791,silent,1095790
12,19|5|5|3|3|3|3|3|3|1,10,0,-1,a0,
12,19|5|5|3|3|3|3|3|2|2,10,0,-1,a0,
12,19|5|4|4|4|4|4|2|1|1,10,6,636396,silent,636390
12,19|5|4|4|4|4|3|3|1|1,10,2,824872,silent,824870
12,19|5|4|4|4|4|3|2|2|1,10,13,1239588,silent,1239575
12,19|5|4|4|4|4|2|2|2|2,10,10,386197,silent,386187
12,19|5|4|4|4|3|3|3|2|1,10,0,-1,a0,
12,19|5|4|4|4|3|3|2|2|2,10,2,679667,silent,679665
12,19|5|4|4|3|3|3|3|3|1,10,0,-1,a0,
12,19|5|4|4|3|3|3|3|2|2,10,0,-1,a0,
12,19|5|4|3|3|3|3|3|3|2,10,0,-1,a0,
12,19|5|3|3|3|3|3|3|3|3,10,0,-1,a0,
12,19|4|4|4|4|4|4|3|1|1,10,0,-1,a0,
12,19|4|4|4|4|4|4|2|2|1,10,4,103872,silent,103868
12,19|4|4|4|4|4|3|3|2|1,10,0,-1,a0,
12,19|4|4|4|4|4|3|2|2|2,10,3,106365,silent,106362
12,19|4|4|4|4|3|3|3|3|1,10,0,-1,a0,
12,19|4|4|4|4|3|3|3|2|2,10,0,-1,a0,
12,19|4|4|4|3|3|3|3|3|2,10,0,-1,a0,
12,19|4|4|3|3|3|3|3|3|3,10,0,-1,a0,
12,18|18|5|1|1|1|1|1|1|1,10,0,-1,a0,
12,18|18|4|2|1|1|1|1|1|1,10,0,-1,a0,
12,18|18|3|3|1|1|1|1|1|1,10,0,-1,a0,
12,18|18|3|2|2|1|1|1|1|1,10,0,-1,a0,
12,18|18|2|2|2|2|1|1|1|1,10,0,-1,a0,
12,18|17|6|1|1|1|1|1|1|1,10,0,-1,a0,
12,18|17|5|2|1|1|1|1|1|1,10,0,-1,a0,
12,18|17|4|3|1|1|1|1|1|1,10,0,-1,a0,
12,18|17|4|2|2|1|1|1|1|1,10,0,-1,a0,
12,18|17|3|3|2|1|1|1|1|1,10,0,-1,a0,
12,18|17|3|2|2|2|1|1|1|1,10,0,-1,a0,
12,18|17|2|2|2|2|2|1|1|1,10,0,-1,a0,
12,18|16|7|1|1|1|1|1|1|1,10,0,-1,a0,
12,18|16|6|2|1|1|1|1|1|1,10,0,-1,a0,
12,18|16|5|3|1|1|1|1|1|1,10,0,-1,a0,
12,18|16|5|2|2|1|1|1|1|1,10,0,-1,a0,
12,18|16|4|4|1|1|1|1|1|1,10,0,-1,a0,
12,18|16|4|3|2|1|1|1|1|1,10,3,565559,silent,565556
12,18|16|4|2|2|2|1|1|1|1,10,4,302606,silent,302602
12,18|16|3|3|3|1|1|1|1|1,10,4,159367,silent,159363
12,18|16|3|3|2|2|1|1|1|1,10,5,255219,silent,255214
12,18|16|3|2|2|2|2|1|1|1,10,7,111569,silent,111562
12,18|16|2|2|2|2|2|2|1|1,10,2,14863,silent,14861
12,18|15|8|1|1|1|1|1|1|1,10,0,-1,a0,
12,18|15|7|2|1|1|1|1|1|1,10,0,-1,a0,
12,18|15|6|3|1|1|1|1|1|1,10,3,1059583,silent,1059580
12,18|15|6|2|2|1|1|1|1|1,10,5,1035187,silent,1035182
12,18|15|5|4|1|1|1|1|1|1,10,3,992725,silent,992722
12,18|15|5|3|2|1|1|1|1|1,10,19,2185927,silent,2185908
12,18|15|5|2|2|2|1|1|1|1,10,18,1067409,silent,1067391
12,18|15|4|4|2|1|1|1|1|1,10,11,1251566,silent,1251555
12,18|15|4|3|3|1|1|1|1|1,10,19,1160109,silent,1160090
12,18|15|4|3|2|2|1|1|1|1,10,40,1724057,silent,1724017
12,18|15|4|2|2|2|2|1|1|1,10,30,580470,silent,580440
12,18|15|3|3|3|2|1|1|1|1,10,26,624252,silent,624226
12,18|15|3|3|2|2|2|1|1|1,10,36,512829,silent,512793
12,18|15|3|2|2|2|2|2|1|1,10,28,154211,silent,154183
12,18|15|2|2|2|2|2|2|2|1,10,11,14932,silent,14921
12,18|14|9|1|1|1|1|1|1|1,10,0,-1,a0,
12,18|14|8|2|1|1|1|1|1|1,10,1,823407,silent,823406
12,18|14|7|3|1|1|1|1|1|1,10,11,2109099,silent,2109088
12,18|14|7|2|2|1|1|1|1|1,10,15,2020423,silent,2020408
12,18|14|6|4|1|1|1|1|1|1,10,17,2748426,silent,2748409
12,18|14|6|3|2|1|1|1|1|1,10,71,5548776,silent,5548705
12,18|14|6|2|2|2|1|1|1|1,10,59,2598932,silent,2598873
12,18|14|5|5|1|1|1|1|1|1,10,9,1327914,silent,1327905
12,18|14|5|4|2|1|1|1|1|1,10,67,5714616,silent,5714549
12,18|14|5|3|3|1|1|1|1|1,10,75,4249376,silent,4249301
12,18|14|5|3|2|2|1|1|1|1,10,154,6092809,silent,6092655
12,18|14|5|2|2|2|2|1|1|1,10,99,1867862,silent,1867763
12,18|14|4|4|3|1|1|1|1|1,10,38,3048622,silent,3048584
12,18|14|4|4|2|2|1|1|1|1,10,76,3630071,silent,3629995
12,18|14|4|3|3|2|1|1|1|1,10,117,4220427,silent,4220310
12,18|14|4|3|2|2|2|1|1|1,10,149,3171958,silent,3171809
12,18|14|4|2|2|2|2|2|1|1,10,82,731985,silent,731903
12,18|14|3|3|3|3|1|1|1|1,10,29,731156,silent,731127
12,18|14|3|3|3|2|2|1|1|1,10,61,1264396,silent,1264335
12,18|14|3|3|2|2|2|2|1|1,10,68,664382,silent,664314
12,18|14|3|2|2|2|2|2|2|1,10,40,138070,silent,138030
12,18|14|2|2|2|2|2|2|2|2,10,13,8603,silent,8590
12,18|13|10|1|1|1|1|1|1|1,10,0,-1,a0,
12,18|13|9|2|1|1|1|1|1|1,10,4,998295,silent,998291
12,18|13|8|3|1|1|1|1|1|1,10,24,3095119,silent,3095095
12,18|13|8|2|2|1|1|1|1|1,10,33,2933724,silent,2933691
12,18|13|7|4|1|1|1|1|1|1,10,46,5175197,silent,5175151
12,18|13|7|3|2|1|1|1|1|1,10,144,10022774,silent,10022630
12,18|13|7|2|2|2|1|1|1|1,10,107,4586760,silent,4586653
12,18|13|6|5|1|1|1|1|1|1,10,46,4361741,silent,4361695
12,18|13|6|4|2|1|1|1|1|1,10,219,14553812,silent,14553593
12,18|13|6|3|3|1|1|1|1|1,10,189,10042271,silent,10042082
12,18|13|6|3|2|2|1|1|1|1,10,362,14137488,silent,14137126
12,18|13|6|2|2|2|2|1|1|1,10,195,4141715,silent,4141520
12,18|13|5|5|2|1|1|1|1|1,10,107,7318295,silent,7318188
12,18|13|5|4|3|1|1|1|1|1,10,209,13328798,silent,13328589
12,18|13|5|4|2|2|1|1|1|1,10,343,15320611,silent,15320268
12,18|13|5|3|3|2|1|1|1|1,10,369,14297688,silent,14297319
12,18|13|5|3|2|2|2|1|1|1,10,439,10310681,silent,10310242
12,18|13|5|2|2|2|2|2|1|1,10,203,2163252,silent,2163049
12,18|13|4|4|4|1|1|1|1|1,10,33,3104357,silent,3104324
12,18|13|4|4|3|2|1|1|1|1,10,198,10680616,silent,10680418
12,18|13|4|4|2|2|2|1|1|1,10,199,6286796,silent,6286597
